rx_time,seq,timestamp_ms,state,lat,lon,gps_alt_m,gps_sats,gps_fix,baro_alt_m,vert_vel_ms,accel_x_g,accel_y_g,accel_z_g,accel_mag_g,quat_w,quat_x,quat_y,quat_z,voltage_v,current_ma,rssi
1782705621.176,18,15481,0,0.00000000,0.00000000,0.00,0,0,-51.90,-0.193,0.4900,1.3230,1.4210,2.0024,0.051636,0.140686,0.017883,0.988525,7.779,71.2,-1
1782705621.364,19,15692,0,0.00000000,0.00000000,0.00,0,0,-51.95,-0.490,-0.0490,0.6370,2.1560,2.2487,0.051636,0.140686,0.017883,0.988525,7.776,73.8,-1
1782705621.552,20,15908,0,0.00000000,0.00000000,0.00,0,0,-51.87,0.348,0.0490,0.1470,1.4700,1.4781,0.051636,0.140686,0.017883,0.988525,7.778,76.2,-1
1782705621.800,21,16128,0,0.00000000,0.00000000,0.00,0,0,-51.88,-0.048,-0.0980,0.0980,1.4210,1.4277,0.051636,0.140625,0.017883,0.988525,7.778,75.0,-1
1782705621.987,22,16345,0,0.00000000,0.00000000,0.00,0,0,-51.90,-0.125,-0.4900,1.5190,0.6860,1.7373,0.051636,0.140625,0.017883,0.988525,7.775,68.8,-1
1782705622.238,23,16553,0,0.00000000,0.00000000,0.00,0,0,-51.83,0.364,0.4410,1.0780,1.4210,1.8373,0.051636,0.140625,0.017883,0.988525,7.778,72.5,-1
1782705622.425,24,16774,0,0.00000000,0.00000000,0.00,0,0,-51.92,-0.547,0.9310,0.7840,2.4010,2.6919,0.051636,0.140625,0.017883,0.988525,7.778,72.5,-1
1782705622.674,25,16996,0,0.00000000,0.00000000,0.00,0,0,-51.84,-0.090,0.4410,1.1270,1.2250,1.7220,0.051636,0.140625,0.017822,0.988525,7.778,71.2,-1
1782705622.860,26,17215,0,0.00000000,0.00000000,0.00,0,0,-51.88,-0.672,1.3230,0.9310,2.4990,2.9769,0.051636,0.140625,0.017822,0.988525,7.778,71.2,-1
1782705623.108,27,17436,0,0.00000000,0.00000000,0.00,0,0,-51.81,0.357,1.8620,0.3430,1.8620,2.6555,0.051697,0.140686,0.017883,0.988525,7.778,72.5,-1
1782705623.293,28,17647,0,0.00000000,0.00000000,0.00,0,0,-51.84,-0.087,-0.1470,0.6370,0.8330,1.0589,0.051636,0.140686,0.017883,0.988525,7.780,66.2,-1
1782705623.542,29,17867,0,0.00000000,0.00000000,0.00,0,0,-51.89,-0.098,0.5880,0.8820,2.3030,2.5352,0.051636,0.140686,0.017883,0.988525,7.776,68.8,-1
1782705623.727,30,18087,0,0.00000000,0.00000000,0.00,0,0,-51.83,0.210,0.7350,0.2450,2.0580,2.1990,0.051636,0.140686,0.017883,0.988525,7.778,68.8,-1
1782705623.975,31,18308,0,0.00000000,0.00000000,0.00,0,0,-51.99,-0.706,0.3430,0.4410,1.5190,1.6185,0.051636,0.140686,0.017883,0.988525,7.779,68.8,-1
1782705624.226,32,18552,0,0.00000000,0.00000000,0.00,0,0,-51.78,0.669,1.0780,0.7350,3.4790,3.7156,0.051636,0.140625,0.017822,0.988525,7.778,72.5,-1
1782705624.415,33,18771,0,0.00000000,0.00000000,0.00,0,0,-51.89,-0.363,0.0980,0.4410,2.3520,2.3950,0.051636,0.140625,0.017822,0.988525,7.778,71.2,-1
1782705624.663,34,18988,0,0.00000000,0.00000000,0.00,0,0,-51.89,-0.176,0.5390,0.3920,1.4210,1.5695,0.051636,0.140625,0.017822,0.988525,7.776,68.8,-1
1782705624.852,35,19208,0,0.00000000,0.00000000,0.00,0,0,-51.93,-0.378,0.4410,0.1470,1.6660,1.7296,0.051636,0.140625,0.017822,0.988525,7.775,70.0,-1
1782705625.101,36,19430,0,0.00000000,0.00000000,0.00,0,0,-51.84,0.164,0.3920,0.2450,1.3230,1.4014,0.051697,0.140625,0.017822,0.988525,7.775,75.0,-1
1782705625.288,37,19641,0,0.00000000,0.00000000,0.00,0,0,-51.88,-0.061,0.2940,1.7640,1.1760,2.1404,0.051636,0.140686,0.017822,0.988525,7.776,71.2,-1
1782705625.538,38,19861,0,0.00000000,0.00000000,0.00,0,0,-51.99,-0.366,0.2450,0.5880,1.7640,1.8755,0.051697,0.140747,0.017761,0.988525,7.775,75.0,-1
1782705625.725,39,20082,0,0.00000000,0.00000000,0.00,0,0,-51.96,0.108,0.5390,1.1760,1.5680,2.0328,0.051636,0.140686,0.017761,0.988525,7.776,73.8,-1
1782705625.975,40,20299,0,0.00000000,0.00000000,0.00,0,0,-51.96,-0.051,-0.3920,1.1270,1.1270,1.6413,0.051697,0.140686,0.017639,0.988525,7.775,76.2,-1
1782705626.163,41,20522,0,0.00000000,0.00000000,0.00,0,0,-51.83,0.225,0.0980,0.9310,1.2740,1.5810,0.051636,0.140686,0.017639,0.988525,7.771,78.8,-1
1782705626.414,42,20735,0,0.00000000,0.00000000,0.00,0,0,-51.81,0.099,0.6860,0.8820,2.0580,2.3418,0.051636,0.140686,0.017700,0.988525,7.778,73.8,-1
1782705626.601,43,20949,0,0.00000000,0.00000000,0.00,0,0,-51.84,0.040,-0.4900,1.3720,1.9600,2.4421,0.051697,0.140747,0.017761,0.988525,7.776,76.2,-1
1782705626.848,44,21171,0,0.00000000,0.00000000,0.00,0,0,-51.74,0.750,0.3430,0.8330,1.8620,2.0685,0.051697,0.140747,0.017700,0.988525,7.778,71.2,-1
1782705627.033,45,21390,0,0.00000000,0.00000000,0.00,0,0,-51.89,-0.597,0.8820,0.5390,2.1070,2.3469,0.051697,0.140747,0.017700,0.988525,7.775,76.2,-1
1782705627.283,46,21606,0,0.00000000,0.00000000,0.00,0,0,-51.93,-0.394,0.5390,0.2940,1.0780,1.2406,0.051697,0.140686,0.017639,0.988525,7.775,75.0,-1
1782705627.472,47,21822,0,0.00000000,0.00000000,0.00,0,0,-51.85,0.341,0.2940,0.5880,2.6460,2.7264,0.051697,0.140686,0.017578,0.988525,7.774,77.5,-1
1782705627.721,48,22046,0,0.00000000,0.00000000,0.00,0,0,-51.86,0.187,0.0980,1.0290,1.5680,1.8780,0.051697,0.140686,0.017578,0.988525,7.771,73.8,-1
1782705627.908,49,22267,0,0.00000000,0.00000000,0.00,0,0,-51.79,0.225,-0.4410,1.3720,1.1760,1.8601,0.051697,0.140625,0.017517,0.988525,7.775,76.2,-1
1782705628.158,50,22485,0,0.00000000,0.00000000,0.00,0,0,-51.92,-0.798,0.2940,0.4900,1.3720,1.4862,0.051697,0.140625,0.017517,0.988586,7.774,75.0,-1
1782705628.345,51,22701,0,0.00000000,0.00000000,0.00,0,0,-51.95,-0.469,0.4410,0.2940,0.4410,0.6895,0.051697,0.140625,0.017639,0.988525,7.775,72.5,-1
1782705628.593,52,22916,0,0.00000000,0.00000000,0.00,0,0,-51.84,0.069,0.3430,0.6370,1.6170,1.7715,0.051697,0.140625,0.017639,0.988525,7.775,72.5,-1
1782705628.780,53,23137,0,0.00000000,0.00000000,0.00,0,0,-51.78,0.243,0.4410,0.1470,1.2740,1.3562,0.051697,0.140625,0.017700,0.988525,7.776,75.0,-1
1782705629.030,54,23357,0,0.00000000,0.00000000,0.00,0,0,-51.84,-0.462,0.3920,0.3430,1.5680,1.6523,0.051697,0.140625,0.017700,0.988525,7.775,75.0,-1
1782705629.216,55,23571,0,0.00000000,0.00000000,0.00,0,0,-51.85,0.026,0.2450,0.4900,1.6170,1.7073,0.051697,0.140625,0.017700,0.988525,7.774,75.0,-1
1782705629.466,56,23787,0,0.00000000,0.00000000,0.00,0,0,-51.87,-0.080,0.2450,0.9800,0.9310,1.3737,0.051697,0.140625,0.017700,0.988525,7.771,76.2,-1
1782705629.653,57,24010,0,0.00000000,0.00000000,0.00,0,0,-51.99,-0.823,0.1960,0.8330,1.4210,1.6588,0.051697,0.140625,0.017761,0.988525,7.775,73.8,-1
1782705629.904,58,24230,0,0.00000000,0.00000000,0.00,0,0,-51.99,-0.328,0.0490,0.9310,1.2250,1.5394,0.051697,0.140625,0.017761,0.988525,7.774,73.8,-1
1782705630.089,59,24448,0,0.00000000,0.00000000,0.00,0,0,-51.82,0.398,0.6370,0.9800,1.1760,1.6581,0.051697,0.140625,0.017761,0.988525,7.775,78.8,-1
1782705630.341,60,24668,0,0.00000000,0.00000000,0.00,0,0,-51.90,-0.022,0.3920,0.7350,1.7640,1.9508,0.051697,0.140686,0.017822,0.988525,7.774,77.5,-1
1782705630.590,61,24888,0,0.00000000,0.00000000,0.00,0,0,-51.84,0.117,0.3920,0.5390,1.7640,1.8857,0.051697,0.140686,0.017822,0.988525,7.774,77.5,-1
1782705630.777,62,25112,0,0.00000000,0.00000000,0.00,0,0,-51.82,0.243,0.1470,0.4410,1.4210,1.4951,0.051697,0.140686,0.017761,0.988525,7.778,77.5,-1
1782705631.025,63,25333,0,0.00000000,0.00000000,0.00,0,0,-51.91,-0.346,0.5390,-0.0490,1.9600,2.0334,0.051697,0.140686,0.017761,0.988525,7.776,68.8,-1
1782705631.273,64,25576,0,0.00000000,0.00000000,0.00,0,0,-51.93,0.086,0.8330,0.6860,1.5190,1.8633,0.051697,0.140686,0.017761,0.988525,7.778,71.2,-1
1782705631.457,65,25790,0,0.00000000,0.00000000,0.00,0,0,-51.87,0.202,0.0980,1.0780,-0.2450,1.1098,0.051697,0.140625,0.017700,0.988525,7.773,73.8,-1
1782705631.706,66,26011,0,0.00000000,0.00000000,0.00,0,0,-51.92,-0.033,0.2450,0.2940,1.0780,1.1439,0.051697,0.140625,0.017639,0.988525,7.773,76.2,-1
1782705631.893,67,26236,0,0.00000000,0.00000000,0.00,0,0,-51.86,0.251,0.5390,0.6860,1.5190,1.7517,0.051697,0.140625,0.017578,0.988525,7.775,72.5,-1
1782705632.142,68,26456,0,0.00000000,0.00000000,0.00,0,0,-51.82,0.416,0.0490,1.3230,1.5190,2.0150,0.051697,0.140625,0.017639,0.988525,7.776,72.5,-1
1782705632.326,69,26668,0,0.00000000,0.00000000,0.00,0,0,-51.95,-0.355,0.8330,0.7350,0.6860,1.3056,0.051697,0.140686,0.017700,0.988525,7.775,68.8,-1
1782705632.578,70,26887,0,0.00000000,0.00000000,0.00,0,0,-52.05,-0.831,0.3430,0.1470,1.0780,1.1408,0.051697,0.140686,0.017700,0.988525,7.778,70.0,-1
1782705632.766,71,27105,0,0.00000000,0.00000000,0.00,0,0,-51.87,0.480,0.6860,0.4410,2.0580,2.2137,0.051697,0.140686,0.017700,0.988525,7.776,73.8,-1
1782705633.017,72,27327,0,0.00000000,0.00000000,0.00,0,0,-51.88,0.150,0.9800,0.0980,2.7440,2.9154,0.051697,0.140625,0.017700,0.988525,7.776,68.8,-1
1782705633.265,73,27567,0,0.00000000,0.00000000,0.00,0,0,-51.89,0.283,0.7840,0.3920,1.2740,1.5464,0.051697,0.140686,0.017761,0.988525,7.775,70.0,-1
1782705633.452,74,27785,0,0.00000000,0.00000000,0.00,0,0,-51.86,0.057,0.0980,0.6370,0.9800,1.1729,0.051697,0.140686,0.017700,0.988525,7.773,71.2,-1
1782705633.699,75,28007,0,0.00000000,0.00000000,0.00,0,0,-51.88,-0.246,0.4900,0.4900,2.0090,2.1252,0.051697,0.140686,0.017639,0.988525,7.775,72.5,-1
1782705633.886,76,28230,0,0.00000000,0.00000000,0.00,0,0,-51.83,0.384,0.7350,0.0490,1.3720,1.5572,0.051697,0.140686,0.017639,0.988525,7.776,67.5,-1
1782705634.136,77,28450,0,0.00000000,0.00000000,0.00,0,0,-52.01,-0.656,0.8820,-0.3430,1.3720,1.6667,0.051697,0.140686,0.017700,0.988525,7.776,70.0,-1
1782705634.321,78,28660,0,0.00000000,0.00000000,0.00,0,0,-51.92,-0.043,0.2940,1.1270,0.5390,1.2834,0.051697,0.140686,0.017700,0.988525,7.776,75.0,-1
1782705634.571,79,28878,0,0.00000000,0.00000000,0.00,0,0,-51.82,0.536,-0.6860,2.0580,-0.9800,2.3804,0.051697,0.140686,0.017639,0.988525,7.775,73.8,-1
1782705634.757,80,29101,0,0.00000000,0.00000000,0.00,0,0,-51.91,-0.510,0.0980,1.2250,1.2250,1.7352,0.051697,0.140686,0.017639,0.988525,7.776,75.0,-1
1782705635.004,81,29322,0,0.00000000,0.00000000,0.00,0,0,-51.75,0.508,0.5880,0.4410,1.8130,1.9563,0.051697,0.140686,0.017639,0.988525,7.775,71.2,-1
1782705635.253,82,29565,0,0.00000000,0.00000000,0.00,0,0,-51.79,-0.092,0.1470,0.4410,1.5190,1.5885,0.051697,0.140686,0.017700,0.988525,7.775,71.2,-1
1782705635.440,83,29781,0,0.00000000,0.00000000,0.00,0,0,-51.85,-0.067,-0.1470,1.4700,0.5880,1.5900,0.051697,0.140686,0.017700,0.988525,7.775,72.5,-1
1782705635.690,84,30002,0,0.00000000,0.00000000,0.00,0,0,-51.91,-0.153,1.1760,1.0780,1.5190,2.2028,0.051697,0.140686,0.017639,0.988525,7.775,71.2,-1
1782705635.875,85,30225,0,0.00000000,0.00000000,0.00,0,0,-51.78,0.645,-0.1470,0.8820,1.4700,1.7206,0.051697,0.140686,0.017639,0.988525,7.774,72.5,-1
1782705636.124,86,30443,0,0.00000000,0.00000000,0.00,0,0,-51.84,0.217,0.4900,1.4210,0.3920,1.5534,0.051697,0.140686,0.017700,0.988525,7.775,71.2,-1
1782705636.312,87,30657,0,0.00000000,0.00000000,0.00,0,0,-51.90,-0.199,0.3920,0.1960,1.6170,1.6753,0.051697,0.140686,0.017761,0.988525,7.779,68.8,-1
1782705636.561,88,30873,0,0.00000000,0.00000000,0.00,0,0,-52.01,-0.562,0.2940,0.7350,1.0290,1.2983,0.051697,0.140686,0.017761,0.988525,7.775,71.2,-1
1782705636.748,89,31096,0,0.00000000,0.00000000,0.00,0,0,-51.88,0.284,-0.0490,1.6170,1.4210,2.1532,0.051697,0.140686,0.017700,0.988525,7.775,66.2,-1
1782705636.996,90,31315,0,0.00000000,0.00000000,0.00,0,0,-51.89,0.014,0.5390,0.7840,1.4700,1.7510,0.051697,0.140686,0.017700,0.988525,7.776,68.8,-1
1782705637.244,91,31557,0,0.00000000,0.00000000,0.00,0,0,-51.86,-0.287,0.2450,0.8330,1.6170,1.8354,0.051697,0.140686,0.017761,0.988525,7.779,67.5,-1
1782705637.431,92,31773,0,0.00000000,0.00000000,0.00,0,0,-51.87,0.270,0.4900,0.6370,1.6660,1.8497,0.051697,0.140686,0.017761,0.988525,7.776,72.5,-1
1782705637.682,93,31998,0,0.00000000,0.00000000,0.00,0,0,-51.90,-0.065,0.1470,1.6170,1.8130,2.4338,0.051697,0.140686,0.017822,0.988525,7.778,67.5,-1
1782705637.867,94,32217,0,0.00000000,0.00000000,0.00,0,0,-51.84,0.299,0.5390,0.2940,1.4700,1.5931,0.051697,0.140686,0.017761,0.988525,7.778,66.2,-1
1782705638.116,95,32435,0,0.00000000,0.00000000,0.00,0,0,-51.75,0.390,-0.6370,0.7350,-0.1960,0.9922,0.051697,0.140625,0.017761,0.988525,7.776,70.0,-1
1782705638.305,96,32655,0,0.00000000,0.00000000,0.00,0,0,-51.96,-0.680,0.2450,0.6860,1.2250,1.4252,0.051697,0.140625,0.017761,0.988525,7.775,70.0,-1
1782705638.555,97,32879,0,0.00000000,0.00000000,0.00,0,0,-51.84,0.220,0.0980,1.1760,0.5390,1.2973,0.051697,0.140625,0.017700,0.988525,7.776,72.5,-1
1782705638.742,98,33100,0,0.00000000,0.00000000,0.00,0,0,-51.91,-0.045,0.6860,0.7840,2.4500,2.6623,0.051697,0.140686,0.017761,0.988525,7.776,70.0,-1
1782705638.990,99,33320,0,0.00000000,0.00000000,0.00,0,0,-51.83,0.509,0.7350,0.5390,2.1560,2.3407,0.051697,0.140686,0.017761,0.988525,7.778,68.8,-1
1782705639.239,100,33565,0,0.00000000,0.00000000,0.00,0,0,-51.72,0.509,0.2450,0.1960,1.0780,1.1227,0.051697,0.140686,0.017761,0.988525,7.774,70.0,-1
1782705639.426,101,33781,0,0.00000000,0.00000000,0.00,0,0,-51.78,0.343,0.2940,0.3430,2.2540,2.2988,0.051697,0.140686,0.017700,0.988525,7.775,70.0,-1
1782705639.674,102,33998,0,0.00000000,0.00000000,0.00,0,0,-51.95,-0.396,0.0000,1.8130,0.6370,1.9216,0.051697,0.140686,0.017700,0.988525,7.776,72.5,-1
1782705639.922,103,34220,0,0.00000000,0.00000000,0.00,0,0,-51.86,-0.035,0.2940,0.6860,1.9110,2.0516,0.051697,0.140625,0.017761,0.988525,7.779,71.2,-1
1782705640.112,104,34442,0,0.00000000,0.00000000,0.00,0,0,-51.92,-0.349,0.1960,1.6170,1.6660,2.3299,0.051697,0.140686,0.017700,0.988525,7.778,70.0,-1
1782705640.300,105,34654,0,0.00000000,0.00000000,0.00,0,0,-51.81,0.127,1.0290,0.5880,1.8130,2.1660,0.051697,0.140686,0.017639,0.988525,7.778,70.0,-1
1782705640.547,106,34870,0,0.00000000,0.00000000,0.00,0,0,-51.84,-0.246,0.6860,0.4410,1.3230,1.5542,0.051697,0.140686,0.017639,0.988525,7.775,77.5,-1
1782705640.736,107,35090,0,0.00000000,0.00000000,0.00,0,0,-51.94,-0.664,0.0980,0.7840,0.9800,1.2588,0.051697,0.140686,0.017700,0.988525,7.776,82.5,-1
1782705640.984,108,35314,0,0.00000000,0.00000000,0.00,0,0,-51.87,0.382,0.4410,0.8820,2.2050,2.4155,0.051697,0.140686,0.017822,0.988525,7.780,70.0,-1
1782705641.233,109,35556,0,0.00000000,0.00000000,0.00,0,0,-51.78,0.631,0.0980,0.8820,1.7150,1.9310,0.051758,0.140686,0.017883,0.988525,7.778,71.2,-1
1782705641.421,110,35776,0,0.00000000,0.00000000,0.00,0,0,-51.92,-0.485,0.1470,1.1270,1.0290,1.5332,0.051697,0.140686,0.017761,0.988525,7.775,75.0,-1
1782705641.668,111,35995,0,0.00000000,0.00000000,0.00,0,0,-51.88,-0.110,-0.0980,1.4700,1.1760,1.8851,0.051697,0.140686,0.017700,0.988525,7.776,73.8,-1
1782705641.914,112,36217,0,0.00000000,0.00000000,0.00,0,0,-51.88,0.051,-0.0490,0.9310,0.8820,1.2834,0.051697,0.140686,0.017639,0.988525,7.778,71.2,-1
1782705642.101,113,36436,0,0.00000000,0.00000000,0.00,0,0,-51.95,-0.382,0.0980,1.2740,0.9310,1.5810,0.051697,0.140686,0.017578,0.988525,7.776,73.8,-1
1782705642.289,114,36648,0,0.00000000,0.00000000,0.00,0,0,-51.83,0.598,0.3430,0.5390,2.4010,2.4845,0.051697,0.140686,0.017578,0.988525,7.778,75.0,-1
1782705642.542,115,36867,0,0.00000000,0.00000000,0.00,0,0,-51.82,0.336,-0.0490,0.6860,1.4210,1.5787,0.051697,0.140686,0.017517,0.988525,7.778,75.0,-1
1782705642.791,116,37088,0,0.00000000,0.00000000,0.00,0,0,-51.81,0.064,0.8330,0.1470,2.2540,2.4075,0.051697,0.140625,0.017578,0.988525,7.778,73.8,-1
1782705642.979,117,37309,0,0.00000000,0.00000000,0.00,0,0,-51.95,-0.545,0.2940,0.6860,1.4700,1.6486,0.051697,0.140625,0.017639,0.988525,7.776,71.2,-1
1782705643.228,118,37552,0,0.00000000,0.00000000,0.00,0,0,-51.87,-0.229,0.3920,0.6860,1.7150,1.8882,0.051697,0.140625,0.017700,0.988525,7.776,72.5,-1
1782705643.416,119,37772,0,0.00000000,0.00000000,0.00,0,0,-51.86,-0.197,0.1470,0.5390,1.0290,1.1709,0.051697,0.140686,0.017761,0.988525,7.776,71.2,-1
1782705643.664,120,37989,0,0.00000000,0.00000000,0.00,0,0,-51.86,0.133,0.3430,0.6860,1.3230,1.5292,0.051697,0.140686,0.017761,0.988525,7.778,76.2,-1
1782705643.913,121,38212,0,0.00000000,0.00000000,0.00,0,0,-51.87,-0.094,0.4410,0.6370,1.4700,1.6617,0.051697,0.140686,0.017761,0.988525,7.776,71.2,-1
1782705644.102,122,38431,0,0.00000000,0.00000000,0.00,0,0,-51.87,0.172,0.1960,0.8330,1.3230,1.5756,0.051697,0.140686,0.017822,0.988525,7.778,75.0,-1
1782705644.290,123,38645,0,0.00000000,0.00000000,0.00,0,0,-51.92,-0.149,0.1470,1.7640,1.1760,2.1252,0.051697,0.140686,0.017761,0.988525,7.775,75.0,-1
1782705644.542,124,38860,0,0.00000000,0.00000000,0.00,0,0,-51.89,-0.203,0.4410,0.2940,0.9310,1.0713,0.051697,0.140686,0.017700,0.988525,7.775,77.5,-1
1782705644.730,125,39082,0,0.00000000,0.00000000,0.00,0,0,-51.93,-0.091,-0.0490,0.2450,0.3430,0.4244,0.051697,0.140686,0.017700,0.988525,7.776,72.5,-1
1782705644.978,126,39303,0,0.00000000,0.00000000,0.00,0,0,-51.85,0.329,-0.3430,1.2250,-0.0490,1.2731,0.051697,0.140686,0.017761,0.988525,7.775,76.2,-1
1782705645.165,127,39523,0,0.00000000,0.00000000,0.00,0,0,-51.85,0.058,0.2450,0.7350,1.0290,1.2881,0.051697,0.140686,0.017761,0.988525,7.776,80.0,-1
1782705645.414,128,39731,0,0.00000000,0.00000000,0.00,0,0,-51.80,0.232,0.3430,0.8330,1.5190,1.7660,0.051697,0.140686,0.017761,0.988525,7.776,76.2,-1
1782705645.603,129,39953,0,0.00000000,0.00000000,0.00,0,0,-51.88,0.059,0.1470,0.6370,2.2050,2.2999,0.051697,0.140686,0.017822,0.988525,7.776,73.8,-1
1782705645.852,130,40175,0,0.00000000,0.00000000,0.00,0,0,-51.85,0.109,0.3430,0.4410,1.5190,1.6185,0.051697,0.140625,0.017761,0.988525,7.776,73.8,-1
1782705646.039,131,40393,0,0.00000000,0.00000000,0.00,0,0,-51.88,0.039,0.1470,0.5390,1.7150,1.8037,0.051697,0.140686,0.017761,0.988525,7.776,73.8,-1
1782705646.287,132,40607,0,0.00000000,0.00000000,0.00,0,0,-51.92,-0.262,0.2450,0.5880,1.3230,1.4684,0.051697,0.140686,0.017822,0.988525,7.776,73.8,-1
1782705646.474,133,40827,0,0.00000000,0.00000000,0.00,0,0,-51.94,-0.062,-0.5880,1.9600,-1.5680,2.5780,0.051697,0.140686,0.017822,0.988525,7.776,73.8,-1
1782705646.722,134,41047,0,0.00000000,0.00000000,0.00,0,0,-51.78,0.585,0.0490,0.3920,1.8620,1.9034,0.051697,0.140686,0.017822,0.988525,7.778,76.2,-1
1782705646.909,135,41266,0,0.00000000,0.00000000,0.00,0,0,-51.92,-0.172,0.2940,1.1270,1.9110,2.2380,0.051697,0.140686,0.017822,0.988525,7.773,75.0,-1
1782705647.158,136,41488,0,0.00000000,0.00000000,0.00,0,0,-51.86,-0.080,0.4900,0.9800,0.5880,1.2435,0.051697,0.140686,0.017761,0.988525,7.776,73.8,-1
1782705647.344,137,41701,0,0.00000000,0.00000000,0.00,0,0,-51.86,-0.180,0.4410,0.2940,2.1070,2.1726,0.051697,0.140686,0.017700,0.988525,7.775,72.5,-1
1782705647.594,138,41918,0,0.00000000,0.00000000,0.00,0,0,-52.07,-0.999,0.1960,0.6370,1.6660,1.7944,0.051697,0.140686,0.017700,0.988525,7.779,67.5,-1
1782705647.781,139,42136,0,0.00000000,0.00000000,0.00,0,0,-51.94,-0.144,0.3430,0.3920,1.2250,1.3311,0.051697,0.140625,0.017700,0.988525,7.775,70.0,-1
1782705648.031,140,42358,0,0.00000000,0.00000000,0.00,0,0,-51.83,0.191,0.3430,0.3430,0.9800,1.0935,0.051697,0.140686,0.017700,0.988525,7.778,72.5,-1
1782705648.217,141,42573,0,0.00000000,0.00000000,0.00,0,0,-51.89,-0.016,0.6370,0.8820,1.8130,2.1144,0.051697,0.140747,0.017639,0.988525,7.775,73.8,-1
1782705648.468,142,42792,0,0.00000000,0.00000000,0.00,0,0,-51.89,-0.227,0.6860,0.6860,1.4700,1.7613,0.051697,0.140869,0.017700,0.988525,7.775,75.0,-1
1782705648.657,143,43012,0,0.00000000,0.00000000,0.00,0,0,-51.86,0.230,0.3920,0.2940,1.9110,1.9728,0.051697,0.140808,0.017761,0.988525,7.778,73.8,-1
1782705648.906,144,43232,0,0.00000000,0.00000000,0.00,0,0,-51.83,0.039,0.1470,0.6860,0.8820,1.1270,0.051697,0.140808,0.017700,0.988525,7.776,77.5,-1
1782705649.155,145,43452,0,0.00000000,0.00000000,0.00,0,0,-51.87,-0.067,0.6860,0.1960,1.8620,1.9940,0.051697,0.140869,0.017639,0.988525,7.776,75.0,-1
1782705649.341,146,43664,0,0.00000000,0.00000000,0.00,0,0,-51.75,0.241,1.0780,0.6860,3.1850,3.4317,0.051697,0.140808,0.017700,0.988525,7.776,72.5,-1
1782705649.529,147,43881,0,0.00000000,0.00000000,0.00,0,0,-51.93,-0.613,0.3920,0.5880,1.3230,1.4999,0.051697,0.140808,0.017700,0.988525,7.775,73.8,-1
1782705649.779,148,44104,0,0.00000000,0.00000000,0.00,0,0,-51.85,0.012,1.5680,0.5880,2.5480,3.0490,0.051697,0.140869,0.017700,0.988525,7.778,72.5,-1
1782705649.965,149,44322,0,0.00000000,0.00000000,0.00,0,0,-52.00,-0.172,0.1470,0.3920,2.0580,2.1002,0.051697,0.140808,0.017761,0.988525,7.774,73.8,-1
1782705650.215,150,44568,0,0.00000000,0.00000000,0.00,0,0,-51.90,0.105,0.7840,1.0780,2.3030,2.6609,0.051697,0.140747,0.017761,0.988525,7.775,72.5,-1
1782705650.464,151,44783,0,0.00000000,0.00000000,0.00,0,0,-51.98,-0.569,0.2940,0.5880,1.2740,1.4336,0.051697,0.140747,0.017761,0.988525,7.774,73.8,-1
1782705650.651,152,45005,0,0.00000000,0.00000000,0.00,0,0,-51.87,0.357,0.2940,0.4410,2.1560,2.2202,0.051697,0.140747,0.017761,0.988525,7.775,72.5,-1
1782705650.900,153,45226,0,0.00000000,0.00000000,0.00,0,0,-51.81,0.468,0.4410,1.7150,0.5880,1.8659,0.051697,0.140686,0.017761,0.988525,7.774,71.2,-1
1782705651.149,154,45447,0,0.00000000,0.00000000,0.00,0,0,-51.89,0.110,0.1470,0.8820,1.3720,1.6377,0.051697,0.140686,0.017700,0.988525,7.776,72.5,-1
1782705651.339,155,45659,0,0.00000000,0.00000000,0.00,0,0,-51.95,-0.124,0.2450,1.2250,2.4010,2.7066,0.051697,0.140686,0.017639,0.988525,7.776,75.0,-1
1782705651.527,156,45876,0,0.00000000,0.00000000,0.00,0,0,-51.81,0.424,0.8330,-0.4410,2.2540,2.4431,0.051697,0.140686,0.017700,0.988525,7.776,76.2,-1
1782705651.779,157,46097,0,0.00000000,0.00000000,0.00,0,0,-51.86,0.169,-0.0980,0.3920,0.3430,0.5300,0.051697,0.140686,0.017700,0.988525,7.775,70.0,-1
1782705651.965,158,46318,0,0.00000000,0.00000000,0.00,0,0,-51.89,0.066,1.9600,0.3430,3.5280,4.0504,0.051697,0.140686,0.017761,0.988525,7.778,71.2,-1
1782705652.216,159,46562,0,0.00000000,0.00000000,0.00,0,0,-51.93,-0.303,0.2940,0.8820,1.7150,1.9508,0.051697,0.140686,0.017761,0.988525,7.775,76.2,-1
1782705652.465,160,46778,0,0.00000000,0.00000000,0.00,0,0,-52.03,-0.592,-0.1960,1.0290,0.9310,1.4014,0.051697,0.140686,0.017822,0.988525,7.776,72.5,-1
1782705652.652,161,46998,0,0.00000000,0.00000000,0.00,0,0,-51.81,0.660,0.0490,1.4700,1.6660,2.2224,0.051697,0.140625,0.017700,0.988525,7.776,77.5,-1
1782705652.900,162,47221,0,0.00000000,0.00000000,0.00,0,0,-51.77,0.327,-0.0980,0.9800,1.9110,2.1499,0.051697,0.140625,0.017639,0.988525,7.775,76.2,-1
1782705653.087,163,47440,0,0.00000000,0.00000000,0.00,0,0,-51.84,0.024,0.2450,0.9800,2.1560,2.3809,0.051697,0.140686,0.017639,0.988525,7.775,75.0,-1
1782705653.336,164,47651,0,0.00000000,0.00000000,0.00,0,0,-51.99,-0.387,0.4410,0.7350,1.5680,1.7870,0.051697,0.140686,0.017578,0.988525,7.776,72.5,-1
1782705653.523,165,47871,0,0.00000000,0.00000000,0.00,0,0,-51.91,-0.072,0.2450,0.4900,1.4700,1.5688,0.051697,0.140686,0.017639,0.988525,7.776,76.2,-1
1782705653.774,166,48092,0,0.00000000,0.00000000,0.00,0,0,-51.88,-0.107,0.1960,0.6860,1.3720,1.5464,0.051697,0.140686,0.017700,0.988525,7.776,72.5,-1
1782705653.960,167,48313,0,0.00000000,0.00000000,0.00,0,0,-51.97,-0.418,0.4410,0.7840,1.4210,1.6818,0.051697,0.140625,0.017700,0.988525,7.773,71.2,-1
1782705654.206,168,48557,0,0.00000000,0.00000000,0.00,0,0,-52.03,-0.341,0.1470,0.4410,1.9600,2.0144,0.051697,0.140625,0.017761,0.988525,7.776,75.0,-1
1782705654.454,169,48772,0,0.00000000,0.00000000,0.00,0,0,-51.85,0.903,0.5390,0.3430,1.4210,1.5580,0.051697,0.140625,0.017822,0.988525,7.775,73.8,-1
1782705654.642,170,48994,0,0.00000000,0.00000000,0.00,0,0,-51.74,0.609,0.3920,0.3920,1.2250,1.3446,0.051758,0.140625,0.017883,0.988525,7.774,73.8,-1
1782705654.891,171,49215,0,0.00000000,0.00000000,0.00,0,0,-51.92,-0.590,0.4410,0.9310,3.2830,3.4408,0.051758,0.140625,0.017883,0.988525,7.775,71.2,-1
1782705655.079,172,49434,0,0.00000000,0.00000000,0.00,0,0,-51.91,-0.369,0.1960,0.3430,1.7150,1.7599,0.051758,0.140625,0.017883,0.988525,7.774,73.8,-1
1782705655.327,173,49646,0,0.00000000,0.00000000,0.00,0,0,-51.87,0.053,0.6370,0.6370,1.7640,1.9807,0.051697,0.140625,0.017822,0.988525,7.776,73.8,-1
1782705655.514,174,49866,0,0.00000000,0.00000000,0.00,0,0,-51.89,0.318,0.6860,0.4900,1.7150,1.9110,0.051697,0.140625,0.017822,0.988525,7.775,73.8,-1
1782705655.762,175,50085,0,0.00000000,0.00000000,0.00,0,0,-51.95,-0.020,0.0000,0.2940,1.6170,1.6435,0.051697,0.140625,0.017700,0.988525,7.776,73.8,-1
1782705655.948,176,50305,0,0.00000000,0.00000000,0.00,0,0,-51.96,-0.445,0.2450,-0.0980,0.5880,0.6445,0.051697,0.140625,0.017700,0.988525,7.775,73.8,-1
1782705656.197,177,50523,0,0.00000000,0.00000000,0.00,0,0,-51.98,-0.416,0.4900,0.3430,2.1070,2.1903,0.051697,0.140686,0.017761,0.988525,7.771,80.0,-1
1782705656.384,178,50737,0,0.00000000,0.00000000,0.00,0,0,-52.03,-0.243,0.0980,0.7840,1.2740,1.4991,0.051697,0.140747,0.017761,0.988525,7.774,73.8,-1
1782705656.631,179,50959,0,0.00000000,0.00000000,0.00,0,0,-51.94,0.584,0.2450,0.5880,1.4210,1.5572,0.051697,0.140686,0.017761,0.988525,7.774,72.5,-1
1782705656.881,180,51179,0,0.00000000,0.00000000,0.00,0,0,-52.00,0.181,0.4410,0.5390,1.1270,1.3248,0.051697,0.140686,0.017700,0.988525,7.775,76.2,-1
1782705657.068,181,51395,0,0.00000000,0.00000000,0.00,0,0,-51.91,0.571,0.6370,0.4410,1.9600,2.1076,0.051697,0.140686,0.017700,0.988525,7.775,76.2,-1
1782705657.256,182,51610,0,0.00000000,0.00000000,0.00,0,0,-51.94,0.139,0.3920,0.6370,1.2740,1.4773,0.051697,0.140686,0.017761,0.988525,7.775,75.0,-1
1782705657.506,183,51830,0,0.00000000,0.00000000,0.00,0,0,-52.07,-0.453,0.6370,0.9800,2.4500,2.7145,0.051697,0.140686,0.017761,0.988525,7.775,75.0,-1
1782705657.694,184,52051,0,0.00000000,0.00000000,0.00,0,0,-51.96,-0.258,0.4900,0.6370,2.2540,2.3930,0.051697,0.140686,0.017761,0.988525,7.774,75.0,-1
1782705657.944,185,52270,0,0.00000000,0.00000000,0.00,0,0,-52.01,-0.461,1.1760,-0.1960,3.1850,3.4008,0.051697,0.140686,0.017761,0.988525,7.774,77.5,-1
1782705658.193,186,52493,0,0.00000000,0.00000000,0.00,0,0,-52.01,-0.027,0.3430,1.1270,1.8130,2.1621,0.051697,0.140686,0.017761,0.988525,7.775,73.8,-1
1782705658.381,187,52704,0,0.00000000,0.00000000,0.00,0,0,-51.94,0.131,0.1960,0.6370,1.4700,1.6140,0.051697,0.140747,0.017822,0.988525,7.776,67.5,-1
1782705658.569,188,52921,0,0.00000000,0.00000000,0.00,0,0,-52.01,-0.213,0.1960,1.0290,1.3720,1.7262,0.051697,0.140747,0.017822,0.988525,7.774,75.0,-1
1782705658.818,189,53142,0,0.00000000,0.00000000,0.00,0,0,-51.87,0.279,0.3430,0.7840,1.7150,1.9166,0.051697,0.140747,0.017822,0.988525,7.774,68.8,-1
1782705659.066,190,53363,0,0.00000000,0.00000000,0.00,0,0,-51.95,-0.195,1.1760,0.6370,2.3520,2.7057,0.051697,0.140747,0.017822,0.988525,7.776,66.2,-1
1782705659.253,191,53574,0,0.00000000,0.00000000,0.00,0,0,-51.89,0.009,0.5390,0.5880,1.6660,1.8471,0.051697,0.140686,0.017761,0.988525,7.773,76.2,-1
1782705659.441,192,53795,0,0.00000000,0.00000000,0.00,0,0,-51.95,-0.503,0.4900,1.0290,1.6660,2.0185,0.051697,0.140686,0.017700,0.988525,7.774,78.8,-1
1782705659.689,193,54014,0,0.00000000,0.00000000,0.00,0,0,-51.99,-0.599,0.9310,0.1470,3.3810,3.5099,0.051697,0.140686,0.017639,0.988525,7.776,71.2,-1
1782705659.937,194,54235,0,0.00000000,0.00000000,0.00,0,0,-51.82,0.328,0.0980,0.7350,1.5680,1.7345,0.051697,0.140686,0.017639,0.988525,7.773,73.8,-1
1782705660.125,195,54457,0,0.00000000,0.00000000,0.00,0,0,-51.92,-0.140,1.0780,0.7350,2.9890,3.2614,0.051697,0.140747,0.017639,0.988525,7.776,71.2,-1
1782705660.311,196,54668,0,0.00000000,0.00000000,0.00,0,0,-51.95,-0.066,0.2940,0.4410,2.0090,2.0777,0.051697,0.140747,0.017639,0.988525,7.776,71.2,-1
1782705660.561,197,54887,0,0.00000000,0.00000000,0.00,0,0,-51.87,0.648,0.7350,0.7350,1.6660,1.9637,0.051697,0.140747,0.017700,0.988525,7.776,70.0,-1
1782705660.810,198,55108,0,0.00000000,0.00000000,0.00,0,0,-51.89,0.439,-0.0980,0.0490,1.9110,1.9141,0.051697,0.140686,0.017639,0.988525,7.775,71.2,-1
1782705660.996,199,55327,0,0.00000000,0.00000000,0.00,0,0,-51.98,-0.299,-0.0490,0.2940,1.3230,1.3562,0.051697,0.140686,0.017578,0.988525,7.775,72.5,-1
1782705661.246,200,55572,0,0.00000000,0.00000000,0.00,0,0,-51.91,-0.066,0.1470,0.8330,1.4210,1.6537,0.051697,0.140625,0.017578,0.988525,7.780,72.5,-1
1782705661.434,201,55787,0,0.00000000,0.00000000,0.00,0,0,-51.90,-0.168,-0.4900,1.7150,1.3230,2.2207,0.051697,0.140625,0.017517,0.988586,7.779,71.2,-1
1782705661.682,202,56010,0,0.00000000,0.00000000,0.00,0,0,-51.87,-0.174,-0.2450,0.8330,1.2250,1.5015,0.051697,0.140625,0.017517,0.988586,7.778,73.8,-1
1782705661.932,203,56230,0,0.00000000,0.00000000,0.00,0,0,-51.84,0.205,0.3920,0.6370,1.3230,1.5198,0.051697,0.140625,0.017639,0.988525,7.776,73.8,-1
1782705662.120,204,56452,0,0.00000000,0.00000000,0.00,0,0,-51.92,-0.497,0.4900,0.3430,1.6660,1.7701,0.051697,0.140625,0.017639,0.988525,7.778,73.8,-1
1782705662.307,205,56663,0,0.00000000,0.00000000,0.00,0,0,-51.99,-0.515,0.3920,0.6370,1.8130,1.9612,0.051697,0.140686,0.017639,0.988525,7.778,72.5,-1
1782705662.555,206,56883,0,0.00000000,0.00000000,0.00,0,0,-51.93,-0.110,0.3430,0.6860,1.9600,2.1047,0.051697,0.140625,0.017700,0.988525,7.776,72.5,-1
1782705662.803,207,57102,0,0.00000000,0.00000000,0.00,0,0,-51.90,0.016,0.3430,1.9110,1.9110,2.7242,0.051697,0.140625,0.017700,0.988525,7.778,70.0,-1
1782705662.990,208,57322,0,0.00000000,0.00000000,0.00,0,0,-51.81,0.148,0.7350,0.2450,1.7640,1.9266,0.051697,0.140625,0.017761,0.988525,7.778,71.2,-1
1782705663.238,209,57566,0,0.00000000,0.00000000,0.00,0,0,-51.95,-0.387,0.0000,0.7840,1.1760,1.4134,0.051697,0.140625,0.017700,0.988525,7.778,71.2,-1
1782705663.484,210,57781,0,0.00000000,0.00000000,0.00,0,0,-51.90,0.141,0.7840,0.1960,0.9310,1.2328,0.051697,0.140625,0.017639,0.988525,7.778,72.5,-1
1782705663.672,211,58005,0,0.00000000,0.00000000,0.00,0,0,-51.90,0.150,0.2450,0.5390,1.2740,1.4049,0.051697,0.140625,0.017578,0.988525,7.778,71.2,-1
1782705663.921,212,58225,0,0.00000000,0.00000000,0.00,0,0,-51.79,0.532,1.4210,0.2450,3.6260,3.9022,0.051697,0.140625,0.017578,0.988525,7.780,71.2,-1
1782705664.107,213,58445,0,0.00000000,0.00000000,0.00,0,0,-51.96,-0.572,-0.1960,-0.0490,2.3520,2.3607,0.051697,0.140625,0.017517,0.988525,7.778,71.2,-1
1782705664.357,214,58658,0,0.00000000,0.00000000,0.00,0,0,-51.98,-0.446,0.1470,0.2940,1.4210,1.4585,0.051697,0.140625,0.017578,0.988525,7.781,67.5,-1
1782705664.543,215,58876,0,0.00000000,0.00000000,0.00,0,0,-51.90,0.229,0.6860,0.5390,0.6370,1.0802,0.051697,0.140686,0.017639,0.988525,7.779,68.8,-1
1782705664.792,216,59095,0,0.00000000,0.00000000,0.00,0,0,-51.96,-0.484,0.2940,0.9310,3.0380,3.1910,0.051697,0.140686,0.017700,0.988525,7.778,70.0,-1
1782705664.979,217,59317,0,0.00000000,0.00000000,0.00,0,0,-51.75,1.109,0.3430,1.1270,0.9310,1.5015,0.051697,0.140686,0.017700,0.988525,7.779,67.5,-1
1782705665.226,218,59561,0,0.00000000,0.00000000,0.00,0,0,-51.91,-0.473,0.9310,1.5190,1.8620,2.5770,0.051697,0.140686,0.017761,0.988525,7.779,71.2,-1
1782705665.475,219,59774,0,0.00000000,0.00000000,0.00,0,0,-51.98,-0.448,1.3720,0.7350,0.7350,1.7213,0.051697,0.140686,0.017761,0.988525,7.778,73.8,-1
1782705665.661,220,59997,0,0.00000000,0.00000000,0.00,0,0,-51.95,-0.205,0.2450,0.0980,1.3720,1.3971,0.051697,0.140686,0.017822,0.988525,7.780,70.0,-1
1782705665.909,221,60219,0,0.00000000,0.00000000,0.00,0,0,-51.93,-0.132,0.3430,0.4900,1.5680,1.6782,0.051697,0.140686,0.017761,0.988525,7.780,73.8,-1
1782705666.095,222,60437,0,0.00000000,0.00000000,0.00,0,0,-51.90,0.055,0.4900,0.4900,1.4700,1.6251,0.051697,0.140686,0.017761,0.988525,7.779,72.5,-1
1782705666.346,223,60649,0,0.00000000,0.00000000,0.00,0,0,-51.86,0.342,-0.1470,0.3430,1.5680,1.6118,0.051697,0.140686,0.017761,0.988525,7.775,78.8,-1
1782705666.532,224,60870,0,0.00000000,0.00000000,0.00,0,0,-51.92,-0.022,0.8330,0.3920,2.4500,2.6173,0.051697,0.140686,0.017822,0.988525,7.775,76.2,-1
1782705666.782,225,61091,0,0.00000000,0.00000000,0.00,0,0,-51.94,0.276,1.7640,0.6370,2.4990,3.1245,0.051697,0.140686,0.017822,0.988525,7.775,76.2,-1
1782705666.969,226,61311,0,0.00000000,0.00000000,0.00,0,0,-51.91,0.400,0.0490,0.4410,1.6170,1.6768,0.051697,0.140686,0.017822,0.988525,7.775,76.2,-1
1782705667.219,227,61554,0,0.00000000,0.00000000,0.00,0,0,-51.82,0.507,0.2940,0.6370,1.5680,1.7178,0.051697,0.140686,0.017822,0.988525,7.775,78.8,-1
1782705667.465,228,61770,0,0.00000000,0.00000000,0.00,0,0,-51.94,-0.065,0.3430,1.0290,1.0290,1.4951,0.051697,0.140686,0.017761,0.988525,7.774,77.5,-1
1782705667.652,229,61993,0,0.00000000,0.00000000,0.00,0,0,-51.84,0.304,-0.0980,1.1270,1.2250,1.6674,0.051697,0.140686,0.017761,0.988525,7.775,73.8,-1
1782705667.901,230,62211,0,0.00000000,0.00000000,0.00,0,0,-51.98,-0.466,0.0980,1.3230,1.4700,1.9801,0.051697,0.140625,0.017700,0.988525,7.775,80.0,-1
1782705668.089,231,62433,0,0.00000000,0.00000000,0.00,0,0,-51.97,-0.449,0.7350,0.4900,2.4990,2.6505,0.051697,0.140686,0.017639,0.988525,7.775,72.5,-1
1782705668.339,232,62646,0,0.00000000,0.00000000,0.00,0,0,-52.00,-0.363,0.4900,0.8330,1.0780,1.4478,0.051697,0.140625,0.017700,0.988525,7.778,65.0,-1
1782705668.528,233,62861,0,0.00000000,0.00000000,0.00,0,0,-51.91,0.155,0.3430,1.0290,2.1560,2.4135,0.051697,0.140625,0.017700,0.988525,7.776,75.0,-1
1782705668.776,234,63086,0,0.00000000,0.00000000,0.00,0,0,-51.95,-0.329,0.2450,0.4900,1.4210,1.5229,0.051697,0.140686,0.017761,0.988525,7.779,66.2,-1
1782705668.961,235,63304,0,0.00000000,0.00000000,0.00,0,0,-51.83,0.701,0.4900,0.5390,1.6660,1.8183,0.051697,0.140686,0.017761,0.988525,7.776,73.8,-1
1782705669.208,236,63525,0,0.00000000,0.00000000,0.00,0,0,-52.02,-0.315,0.3430,0.6860,1.6170,1.7897,0.051697,0.140686,0.017822,0.988525,7.779,72.5,-1
1782705669.395,237,63736,0,0.00000000,0.00000000,0.00,0,0,-51.96,0.117,0.7840,0.2940,2.4500,2.5891,0.051697,0.140686,0.017822,0.988525,7.776,73.8,-1
1782705669.643,238,63954,0,0.00000000,0.00000000,0.00,0,0,-52.02,0.034,0.6370,1.0290,1.4210,1.8665,0.051697,0.140686,0.017822,0.988525,7.775,78.8,-1
1782705669.829,239,64175,0,0.00000000,0.00000000,0.00,0,0,-51.93,0.443,0.2940,0.7840,1.3230,1.5657,0.051697,0.140686,0.017822,0.988525,7.774,77.5,-1
1782705670.075,240,64397,0,0.00000000,0.00000000,0.00,0,0,-52.02,-0.239,0.5880,1.6660,2.5970,3.1410,0.051697,0.140686,0.017822,0.988525,7.778,73.8,-1
1782705670.262,241,64610,0,0.00000000,0.00000000,0.00,0,0,-52.02,-0.262,0.0980,0.7350,1.6170,1.7789,0.051697,0.140686,0.017822,0.988525,7.776,73.8,-1
1782705670.511,242,64826,0,0.00000000,0.00000000,0.00,0,0,-52.01,-0.023,0.6370,0.6370,1.6660,1.8940,0.051697,0.140686,0.017822,0.988525,7.775,71.2,-1
1782705670.698,243,65048,0,0.00000000,0.00000000,0.00,0,0,-52.00,0.146,0.2450,0.6370,0.7350,1.0030,0.051697,0.140686,0.017822,0.988525,7.776,71.2,-1
1782705670.945,244,65269,0,0.00000000,0.00000000,0.00,0,0,-51.93,0.191,0.3920,0.6370,2.1560,2.2821,0.051697,0.140686,0.017822,0.988525,7.776,73.8,-1
1782705671.193,245,65489,0,0.00000000,0.00000000,0.00,0,0,-52.06,-0.839,0.2450,0.4900,1.2250,1.3419,0.051758,0.140686,0.017883,0.988525,7.774,75.0,-1
1782705671.380,246,65699,0,0.00000000,0.00000000,0.00,0,0,-51.95,0.120,0.1960,0.5390,1.4210,1.5324,0.051758,0.140686,0.017883,0.988525,7.779,70.0,-1
1782705671.569,247,65920,0,0.00000000,0.00000000,0.00,0,0,-51.96,-0.073,0.7350,0.0490,0.5390,0.9128,0.051758,0.140686,0.017883,0.988525,7.778,76.2,-1
1782705671.818,248,66142,0,0.00000000,0.00000000,0.00,0,0,-52.00,-0.452,0.6860,0.3430,2.2050,2.3346,0.051758,0.140686,0.017883,0.988525,7.778,72.5,-1
1782705672.005,249,66359,0,0.00000000,0.00000000,0.00,0,0,-51.99,-0.021,0.2940,0.6370,1.7150,1.8530,0.051697,0.140686,0.017883,0.988525,7.774,80.0,-1
1782705672.256,250,66572,0,0.00000000,0.00000000,0.00,0,0,-51.92,0.020,0.4410,0.5390,1.9110,2.0339,0.051697,0.140686,0.017883,0.988525,7.775,71.2,-1
1782705672.443,251,66793,0,0.00000000,0.00000000,0.00,0,0,-51.94,-0.174,0.2450,0.3430,1.4210,1.4822,0.051697,0.140686,0.017883,0.988525,7.779,71.2,-1
1782705672.692,252,67013,0,0.00000000,0.00000000,0.00,0,0,-51.91,0.184,-0.2940,1.2250,0.2940,1.2936,0.051758,0.140625,0.017822,0.988525,7.778,68.8,-1
1782705672.880,253,67234,0,0.00000000,0.00000000,0.00,0,0,-51.88,0.414,0.3430,0.2450,0.9800,1.0668,0.051880,0.140564,0.017822,0.988525,7.780,72.5,-1
1782705673.129,254,67454,0,0.00000000,0.00000000,0.00,0,0,-51.95,-0.077,0.7840,0.5880,1.6170,1.8908,0.051819,0.140625,0.017822,0.988525,7.779,71.2,-1
1782705673.316,255,67665,0,0.00000000,0.00000000,0.00,0,0,-51.93,0.177,0.7840,0.1470,2.7930,2.9047,0.051880,0.140686,0.017883,0.988525,7.778,72.5,-1
1782705673.564,256,67885,0,0.00000000,0.00000000,0.00,0,0,-51.93,-0.043,0.5390,0.8330,1.3720,1.6932,0.051819,0.140808,0.017822,0.988525,7.778,70.0,-1
1782705673.751,257,68105,0,0.00000000,0.00000000,0.00,0,0,-51.88,0.078,-0.3430,1.6660,0.6860,1.8341,0.051819,0.140747,0.017822,0.988525,7.776,71.2,-1
1782705674.003,258,68327,0,0.00000000,0.00000000,0.00,0,0,-51.96,-0.124,0.0490,0.8330,1.4210,1.6479,0.051819,0.140747,0.017700,0.988525,7.776,71.2,-1
1782705674.250,259,68568,0,0.00000000,0.00000000,0.00,0,0,-51.92,0.032,-0.7350,1.2740,1.1760,1.8832,0.051819,0.140808,0.017639,0.988525,7.778,71.2,-1
1782705674.438,260,68788,0,0.00000000,0.00000000,0.00,0,0,-51.94,-0.321,2.5480,0.3430,1.9600,3.2329,0.051819,0.140808,0.017700,0.988525,7.776,68.8,-1
1782705674.688,261,69008,0,0.00000000,0.00000000,0.00,0,0,-51.95,-0.272,0.8820,0.6370,2.0090,2.2847,0.051819,0.140747,0.017700,0.988525,7.779,71.2,-1
1782705674.876,262,69226,0,0.00000000,0.00000000,0.00,0,0,-51.91,0.446,1.0290,-0.1470,2.7930,2.9802,0.051819,0.140747,0.017761,0.988525,7.773,75.0,-1
1782705675.126,263,69451,0,0.00000000,0.00000000,0.00,0,0,-51.87,0.494,0.5390,0.9800,1.4700,1.8471,0.051819,0.140747,0.017700,0.988525,7.776,72.5,-1
1782705675.315,264,69666,0,0.00000000,0.00000000,0.00,0,0,-51.96,-0.047,0.0490,0.6370,1.6660,1.7843,0.051819,0.140747,0.017639,0.988525,7.774,78.8,-1
1782705675.562,265,69887,0,0.00000000,0.00000000,0.00,0,0,-51.85,0.624,-0.2450,1.6170,2.3030,2.8246,0.051819,0.140808,0.017700,0.988525,7.775,77.5,-1
1782705675.812,266,70109,0,0.00000000,0.00000000,0.00,0,0,-51.91,-0.095,0.2450,0.5880,2.0090,2.1076,0.051819,0.140869,0.017700,0.988525,7.776,72.5,-1
1782705675.998,267,70330,0,0.00000000,0.00000000,0.00,0,0,-51.96,-0.162,0.2450,1.0290,0.8330,1.3464,0.051819,0.140808,0.017761,0.988525,7.775,71.2,-1
1782705676.247,268,70574,0,0.00000000,0.00000000,0.00,0,0,-51.89,0.159,0.2940,0.8820,1.9600,2.1693,0.051819,0.140747,0.017700,0.988525,7.776,72.5,-1
1782705676.435,269,70790,0,0.00000000,0.00000000,0.00,0,0,-51.95,0.086,-0.0980,1.2250,1.5680,1.9922,0.051819,0.140747,0.017761,0.988525,7.774,73.8,-1
1782705676.686,270,71009,0,0.00000000,0.00000000,0.00,0,0,-52.10,-0.676,0.7350,0.5390,1.7640,1.9856,0.051819,0.140747,0.017761,0.988525,7.774,75.0,-1
1782705676.935,271,71234,0,0.00000000,0.00000000,0.00,0,0,-51.98,-0.024,0.4410,0.5390,2.1070,2.2191,0.051819,0.140747,0.017761,0.988525,7.776,70.0,-1
1782705677.123,272,71454,0,0.00000000,0.00000000,0.00,0,0,-52.02,-0.160,0.5880,0.4900,1.9600,2.1041,0.051819,0.140747,0.017761,0.988525,7.778,72.5,-1
1782705677.311,273,71664,0,0.00000000,0.00000000,0.00,0,0,-51.86,0.776,0.3920,0.5880,1.2740,1.4569,0.051819,0.140686,0.017700,0.988525,7.776,70.0,-1
1782705677.557,274,71884,0,0.00000000,0.00000000,0.00,0,0,-52.01,-0.577,0.2940,0.4900,0.7350,0.9310,0.051819,0.140686,0.017700,0.988525,7.778,70.0,-1
1782705677.803,275,72103,0,0.00000000,0.00000000,0.00,0,0,-51.89,0.342,0.4410,0.9310,1.8620,2.1280,0.051819,0.140747,0.017700,0.988525,7.775,71.2,-1
1782705677.991,276,72323,0,0.00000000,0.00000000,0.00,0,0,-51.82,0.223,-0.0980,0.7840,1.0290,1.2973,0.051819,0.140808,0.017639,0.988525,7.776,72.5,-1
1782705678.242,277,72568,0,0.00000000,0.00000000,0.00,0,0,-51.89,-0.158,0.4410,0.8330,2.2050,2.3980,0.051819,0.140869,0.017578,0.988525,7.779,71.2,-1
1782705678.429,278,72785,0,0.00000000,0.00000000,0.00,0,0,-51.85,0.350,0.0980,0.4410,0.9800,1.0791,0.051819,0.140930,0.017639,0.988525,7.775,70.0,-1
1782705678.678,279,73006,0,0.00000000,0.00000000,0.00,0,0,-51.94,-0.473,0.1470,0.6370,1.0290,1.2191,0.051819,0.140869,0.017700,0.988525,7.778,70.0,-1
1782705678.929,280,73227,0,0.00000000,0.00000000,0.00,0,0,-51.97,-0.461,0.5390,0.1470,1.0290,1.1709,0.051819,0.140808,0.017761,0.988525,7.776,70.0,-1
1782705679.117,281,73448,0,0.00000000,0.00000000,0.00,0,0,-51.94,-0.139,0.0980,0.6370,1.6170,1.7407,0.051819,0.140747,0.017761,0.988525,7.778,70.0,-1
1782705679.304,282,73660,0,0.00000000,0.00000000,0.00,0,0,-51.97,0.032,0.3920,-0.2940,1.7150,1.7836,0.051819,0.140747,0.017761,0.988525,7.776,72.5,-1
1782705679.553,283,73880,0,0.00000000,0.00000000,0.00,0,0,-51.95,0.260,0.5390,0.5390,1.9600,2.1030,0.051819,0.140686,0.017700,0.988525,7.775,68.8,-1
1782705679.801,284,74099,0,0.00000000,0.00000000,0.00,0,0,-51.89,0.296,0.0980,0.6860,1.5190,1.6696,0.051819,0.140686,0.017700,0.988525,7.778,70.0,-1
1782705679.988,285,74320,0,0.00000000,0.00000000,0.00,0,0,-52.02,-0.398,1.4210,0.6370,2.4500,2.9030,0.051819,0.140625,0.017700,0.988525,7.778,70.0,-1
1782705680.239,286,74563,0,0.00000000,0.00000000,0.00,0,0,-51.93,0.314,0.6860,0.4410,1.3230,1.5542,0.051819,0.140625,0.017639,0.988525,7.778,71.2,-1
1782705680.425,287,74780,0,0.00000000,0.00000000,0.00,0,0,-52.02,-0.365,0.4900,1.3230,1.0780,1.7755,0.051819,0.140686,0.017578,0.988525,7.778,71.2,-1
1782705680.672,288,75001,0,0.00000000,0.00000000,0.00,0,0,-51.89,0.195,0.6860,0.6860,2.0580,2.2752,0.051819,0.140747,0.017639,0.988525,7.779,70.0,-1
1782705680.921,289,75220,0,0.00000000,0.00000000,0.00,0,0,-51.89,0.436,0.2450,0.6860,1.8130,1.9539,0.051819,0.140747,0.017700,0.988525,7.778,68.8,-1
1782705681.108,290,75442,0,0.00000000,0.00000000,0.00,0,0,-51.87,0.025,0.8330,0.4900,2.4010,2.5882,0.051819,0.140747,0.017639,0.988525,7.776,68.8,-1
1782705681.356,291,75653,0,0.00000000,0.00000000,0.00,0,0,-51.85,0.632,0.5390,0.5390,2.7440,2.8479,0.051819,0.140808,0.017578,0.988525,7.776,70.0,-1
1782705681.543,292,75873,0,0.00000000,0.00000000,0.00,0,0,-51.86,0.208,0.6860,1.1270,1.8620,2.2821,0.051819,0.140869,0.017578,0.988525,7.776,72.5,-1
1782705681.793,293,76092,0,0.00000000,0.00000000,0.00,0,0,-51.85,0.285,0.2940,0.4410,1.0780,1.2012,0.051819,0.140869,0.017639,0.988525,7.778,65.0,-1
1782705681.978,294,76314,0,0.00000000,0.00000000,0.00,0,0,-51.83,0.227,0.2940,0.4900,1.3720,1.4862,0.051819,0.140869,0.017639,0.988525,7.776,75.0,-1
1782705682.229,295,76557,0,0.00000000,0.00000000,0.00,0,0,-51.88,-0.126,0.1470,0.6370,1.7150,1.8354,0.051819,0.140808,0.017700,0.988525,7.775,72.5,-1
1782705682.477,296,76772,0,0.00000000,0.00000000,0.00,0,0,-51.92,0.039,-0.0490,0.7840,1.6170,1.7977,0.051819,0.140808,0.017700,0.988525,7.775,73.8,-1
1782705682.664,297,76995,0,0.00000000,0.00000000,0.00,0,0,-51.83,0.317,0.0490,0.9310,1.5680,1.8242,0.051819,0.140747,0.017700,0.988525,7.775,73.8,-1
1782705682.915,298,77214,0,0.00000000,0.00000000,0.00,0,0,-51.89,-0.220,0.3920,0.5880,1.3720,1.5433,0.051819,0.140747,0.017761,0.988525,7.775,73.8,-1
1782705683.102,299,77437,0,0.00000000,0.00000000,0.00,0,0,-51.88,0.152,0.2450,0.3920,1.5680,1.6347,0.051819,0.140747,0.017761,0.988525,7.776,75.0,-1
1782705683.291,300,77647,0,0.00000000,0.00000000,0.00,0,0,-51.76,0.387,0.3430,0.8820,1.8620,2.0887,0.051819,0.140747,0.017761,0.988525,7.778,73.8,-1
1782705683.541,301,77864,0,0.00000000,0.00000000,0.00,0,0,-51.97,-0.503,0.0490,0.6860,1.5680,1.7122,0.051819,0.140747,0.017761,0.988525,7.773,80.0,-1
1782705683.792,302,78087,0,0.00000000,0.00000000,0.00,0,0,-51.95,0.111,1.0290,-0.0980,2.5970,2.7951,0.051819,0.140747,0.017761,0.988525,7.775,76.2,-1
1782705683.981,303,78309,0,0.00000000,0.00000000,0.00,0,0,-51.97,-0.382,0.0490,0.4900,1.1760,1.2749,0.051819,0.140747,0.017822,0.988525,7.776,73.8,-1
1782705684.233,304,78550,0,0.00000000,0.00000000,0.00,0,0,-51.95,0.259,0.3430,0.7350,1.2250,1.4692,0.051819,0.140686,0.017822,0.988525,7.775,76.2,-1
1782705684.419,305,78769,0,0.00000000,0.00000000,0.00,0,0,-51.87,0.390,0.2940,1.3720,1.3230,1.9285,0.051819,0.140686,0.017822,0.988525,7.776,75.0,-1
1782705684.669,306,78990,0,0.00000000,0.00000000,0.00,0,0,-51.83,0.244,0.4900,0.0490,1.7640,1.8314,0.051819,0.140686,0.017822,0.988525,7.775,76.2,-1
1782705684.856,307,79210,0,0.00000000,0.00000000,0.00,0,0,-51.82,0.339,-0.9310,2.0090,-0.4900,2.2678,0.051819,0.140686,0.017761,0.988525,7.775,76.2,-1
1782705685.105,308,79431,0,0.00000000,0.00000000,0.00,0,0,-51.91,-0.365,0.4900,0.2940,1.3720,1.4862,0.051819,0.140686,0.017761,0.988525,7.776,72.5,-1
1782705685.292,309,79642,0,0.00000000,0.00000000,0.00,0,0,-51.91,-0.191,0.0980,0.4900,1.4210,1.5063,0.051819,0.140686,0.017700,0.988525,7.776,71.2,-1
1782705685.544,310,79863,0,0.00000000,0.00000000,0.00,0,0,-51.90,0.109,0.0000,0.7350,1.9110,2.0475,0.051819,0.140686,0.017639,0.988525,7.775,76.2,-1
1782705685.729,311,80079,0,0.00000000,0.00000000,0.00,0,0,-51.98,-0.256,0.3920,-0.1470,1.9600,2.0042,0.051819,0.140625,0.017578,0.988525,7.776,75.0,-1
1782705685.978,312,80297,0,0.00000000,0.00000000,0.00,0,0,-51.83,0.351,0.0000,0.8330,1.4700,1.6896,0.051819,0.140625,0.017578,0.988525,7.776,73.8,-1
1782705686.165,313,80517,0,0.00000000,0.00000000,0.00,0,0,-51.94,-0.648,0.0980,0.1470,1.5680,1.5779,0.051819,0.140625,0.017578,0.988525,7.773,80.0,-1
1782705686.414,314,80732,0,0.00000000,0.00000000,0.00,0,0,-51.92,-0.265,0.0000,0.6370,1.5190,1.6472,0.051819,0.140625,0.017578,0.988525,7.775,75.0,-1
1782705686.602,315,80954,0,0.00000000,0.00000000,0.00,0,0,-51.97,-0.042,0.9310,0.1470,2.0580,2.2636,0.051819,0.140625,0.017517,0.988525,7.775,76.2,-1
1782705686.850,316,81173,0,0.00000000,0.00000000,0.00,0,0,-51.89,0.182,0.0980,0.9310,1.2740,1.5810,0.051819,0.140625,0.017578,0.988525,7.774,75.0,-1
1782705687.096,317,81394,0,0.00000000,0.00000000,0.00,0,0,-51.93,-0.348,0.3920,1.1270,2.0090,2.3366,0.051819,0.140686,0.017578,0.988525,7.774,76.2,-1
1782705687.282,318,81607,0,0.00000000,0.00000000,0.00,0,0,-51.86,0.256,0.2450,0.8820,1.4700,1.7317,0.051819,0.140686,0.017578,0.988525,7.776,72.5,-1
1782705687.532,319,81827,0,0.00000000,0.00000000,0.00,0,0,-51.98,-0.579,0.7840,0.5390,1.7150,1.9612,0.051819,0.140686,0.017517,0.988525,7.775,71.2,-1
1782705687.721,320,82046,0,0.00000000,0.00000000,0.00,0,0,-51.85,0.390,0.4410,0.8330,2.1560,2.3530,0.051758,0.140686,0.017517,0.988525,7.771,72.5,-1
1782705687.971,321,82267,0,0.00000000,0.00000000,0.00,0,0,-51.86,0.195,0.6860,0.3430,1.4700,1.6581,0.051819,0.140686,0.017578,0.988525,7.776,72.5,-1
1782705688.157,322,82487,0,0.00000000,0.00000000,0.00,0,0,-51.94,-0.018,0.3430,0.0980,2.4500,2.4758,0.051819,0.140686,0.017639,0.988525,7.776,72.5,-1
1782705688.344,323,82700,0,0.00000000,0.00000000,0.00,0,0,-51.90,-0.055,0.3430,0.2450,2.1560,2.1968,0.051819,0.140686,0.017639,0.988525,7.775,75.0,-1
1782705688.593,324,82920,0,0.00000000,0.00000000,0.00,0,0,-51.99,-0.158,1.4700,0.5880,4.0670,4.3643,0.051819,0.140686,0.017700,0.988525,7.776,73.8,-1
1782705688.842,325,83139,0,0.00000000,0.00000000,0.00,0,0,-51.82,0.562,1.4210,0.3430,1.3230,1.9716,0.051819,0.140686,0.017639,0.988525,7.778,72.5,-1
1782705689.029,326,83358,0,0.00000000,0.00000000,0.00,0,0,-51.90,-0.105,0.4410,0.1960,1.7150,1.7816,0.051819,0.140686,0.017578,0.988525,7.773,73.8,-1
1782705689.279,327,83574,0,0.00000000,0.00000000,0.00,0,0,-51.93,-0.185,0.6370,0.4900,2.2050,2.3469,0.051819,0.140625,0.017639,0.988525,7.775,75.0,-1
1782705689.467,328,83792,0,0.00000000,0.00000000,0.00,0,0,-51.88,0.697,0.4900,0.4410,1.7150,1.8373,0.051819,0.140625,0.017578,0.988525,7.778,72.5,-1
1782705689.717,329,84011,0,0.00000000,0.00000000,0.00,0,0,-51.99,-0.240,0.7840,0.2940,1.4700,1.6917,0.051819,0.140625,0.017578,0.988525,7.775,73.8,-1
1782705689.904,330,84234,0,0.00000000,0.00000000,0.00,0,0,-51.88,0.383,0.0980,0.9310,1.3720,1.6609,0.051819,0.140625,0.017639,0.988525,7.775,72.5,-1
1782705690.152,331,84452,0,0.00000000,0.00000000,0.00,0,0,-51.95,-0.424,0.2450,0.9310,1.4210,1.7164,0.051819,0.140686,0.017700,0.988525,7.776,71.2,-1
1782705690.339,332,84668,0,0.00000000,0.00000000,0.00,0,0,-51.97,-0.234,0.1960,0.7840,0.5880,0.9994,0.051819,0.140686,0.017639,0.988525,7.774,75.0,-1
1782705690.587,333,84890,0,0.00000000,0.00000000,0.00,0,0,-51.92,0.224,-0.0490,1.0290,0.7350,1.2655,0.051819,0.140625,0.017639,0.988525,7.773,75.0,-1
1782705690.774,334,85110,0,0.00000000,0.00000000,0.00,0,0,-51.99,0.025,0.2940,0.3920,1.9600,2.0203,0.051819,0.140625,0.017700,0.988525,7.771,75.0,-1
1782705691.024,335,85330,0,0.00000000,0.00000000,0.00,0,0,-51.98,-0.320,0.5390,0.4410,1.0290,1.2425,0.051819,0.140686,0.017639,0.988525,7.774,76.2,-1
1782705691.273,336,85576,0,0.00000000,0.00000000,0.00,0,0,-51.86,0.543,0.0000,0.5390,1.9600,2.0328,0.051819,0.140686,0.017700,0.988525,7.775,73.8,-1
1782705691.460,337,85795,0,0.00000000,0.00000000,0.00,0,0,-51.94,-0.225,0.4410,0.8820,1.1760,1.5347,0.051819,0.140686,0.017761,0.988525,7.775,71.2,-1
1782705691.709,338,86015,0,0.00000000,0.00000000,0.00,0,0,-51.85,0.606,0.4410,0.6370,1.9600,2.1076,0.051819,0.140686,0.017761,0.988525,7.776,72.5,-1
1782705691.896,339,86237,0,0.00000000,0.00000000,0.00,0,0,-51.97,-0.078,0.4900,0.6370,1.6170,1.8057,0.051819,0.140686,0.017761,0.988525,7.779,71.2,-1
1782705692.146,340,86456,0,0.00000000,0.00000000,0.00,0,0,-51.95,0.116,0.1470,0.8330,1.9600,2.1347,0.051819,0.140686,0.017761,0.988525,7.779,72.5,-1
1782705692.333,341,86670,0,0.00000000,0.00000000,0.00,0,0,-51.85,0.079,0.0490,0.5880,1.1270,1.2721,0.051819,0.140625,0.017700,0.988525,7.778,70.0,-1
1782705692.584,342,86889,0,0.00000000,0.00000000,0.00,0,0,-52.01,-0.413,0.6860,0.0000,0.6860,0.9702,0.051819,0.140625,0.017639,0.988525,7.775,75.0,-1
1782705692.770,343,87104,0,0.00000000,0.00000000,0.00,0,0,-51.92,0.122,0.5390,0.3430,1.1270,1.2955,0.051819,0.140625,0.017578,0.988525,7.774,81.2,-1
1782705693.018,344,87328,0,0.00000000,0.00000000,0.00,0,0,-52.05,-0.241,0.2450,0.2940,1.3230,1.3772,0.051819,0.140625,0.017578,0.988525,7.778,73.8,-1
1782705693.265,345,87573,0,0.00000000,0.00000000,0.00,0,0,-52.00,0.105,0.4410,0.3430,1.4700,1.5726,0.051819,0.140625,0.017517,0.988525,7.776,76.2,-1
1782705693.451,346,87792,0,0.00000000,0.00000000,0.00,0,0,-51.94,0.271,0.6370,0.0980,2.1560,2.2503,0.051758,0.140625,0.017517,0.988525,7.778,73.8,-1
1782705693.700,347,88009,0,0.00000000,0.00000000,0.00,0,0,-51.95,0.466,1.1270,0.0000,1.8130,2.1347,0.051819,0.140625,0.017517,0.988525,7.774,76.2,-1
1782705693.888,348,88227,0,0.00000000,0.00000000,0.00,0,0,-52.01,-0.168,0.2450,0.8820,1.1270,1.4519,0.051758,0.140564,0.017517,0.988586,7.774,77.5,-1
1782705694.138,349,88452,0,0.00000000,0.00000000,0.00,0,0,-52.03,0.177,0.5880,0.1960,-0.1470,0.6370,0.051758,0.140503,0.017517,0.988586,7.775,73.8,-1
1782705694.324,350,88661,0,0.00000000,0.00000000,0.00,0,0,-51.97,0.595,0.6370,0.1960,2.0090,2.1167,0.051819,0.140564,0.017578,0.988586,7.779,70.0,-1
1782705694.573,351,88879,0,0.00000000,0.00000000,0.00,0,0,-52.03,-0.191,0.7840,0.8330,1.4700,1.8626,0.051819,0.140564,0.017639,0.988586,7.779,71.2,-1
1782705694.757,352,89101,0,0.00000000,0.00000000,0.00,0,0,-52.10,-0.318,0.2450,0.8330,1.2740,1.5417,0.051819,0.140564,0.017700,0.988525,7.780,71.2,-1
1782705695.005,353,89322,0,0.00000000,0.00000000,0.00,0,0,-52.01,0.133,0.5390,0.2450,1.3720,1.4943,0.051819,0.140625,0.017700,0.988525,7.776,72.5,-1
1782705695.255,354,89567,0,0.00000000,0.00000000,0.00,0,0,-52.00,0.146,0.3430,0.9800,2.1560,2.3930,0.051819,0.140625,0.017639,0.988525,7.778,73.8,-1
1782705695.442,355,89781,0,0.00000000,0.00000000,0.00,0,0,-51.93,0.534,0.2450,0.5390,1.7150,1.8143,0.051819,0.140625,0.017639,0.988525,7.776,71.2,-1
1782705695.695,356,90001,0,0.00000000,0.00000000,0.00,0,0,-52.05,-0.235,0.1960,1.1760,0.8820,1.4830,0.051819,0.140625,0.017700,0.988525,7.778,72.5,-1
1782705695.878,357,90221,0,0.00000000,0.00000000,0.00,0,0,-52.05,-0.063,0.2450,0.4900,0.9310,1.0802,0.051819,0.140625,0.017700,0.988525,7.779,72.5,-1
1782705696.126,358,90444,0,0.00000000,0.00000000,0.00,0,0,-51.99,0.164,0.0980,0.8820,0.9800,1.3221,0.051819,0.140625,0.017761,0.988525,7.775,71.2,-1
1782705696.316,359,90657,0,0.00000000,0.00000000,0.00,0,0,-52.06,-0.096,0.1470,0.9800,0.7840,1.2636,0.051819,0.140625,0.017761,0.988525,7.775,75.0,-1
1782705696.568,360,90872,0,0.00000000,0.00000000,0.00,0,0,-51.97,0.452,0.5880,0.1470,1.7150,1.8189,0.051819,0.140625,0.017761,0.988525,7.779,77.5,-1
1782705696.754,361,91095,0,0.00000000,0.00000000,0.00,0,0,-52.00,-0.154,0.7840,0.5880,1.5190,1.8077,0.051819,0.140625,0.017822,0.988525,7.775,75.0,-1
1782705697.003,362,91315,0,0.00000000,0.00000000,0.00,0,0,-52.11,-0.699,0.1470,0.5880,1.3720,1.4999,0.051819,0.140625,0.017822,0.988525,7.775,76.2,-1
1782705697.255,363,91561,0,0.00000000,0.00000000,0.00,0,0,-52.13,-0.177,0.4900,0.5390,1.2250,1.4252,0.051819,0.140625,0.017822,0.988525,7.778,73.8,-1
1782705697.442,364,91779,0,0.00000000,0.00000000,0.00,0,0,-52.17,-0.328,0.5390,0.4900,1.4700,1.6406,0.051819,0.140686,0.017822,0.988525,7.778,72.5,-1
1782705697.692,365,91998,0,0.00000000,0.00000000,0.00,0,0,-52.14,-0.202,0.0980,0.1960,0.1960,0.2940,0.051819,0.140625,0.017761,0.988525,7.775,70.0,-1
1782705697.880,366,92217,0,0.00000000,0.00000000,0.00,0,0,-52.13,-0.225,0.1960,0.8330,0.8330,1.1942,0.051819,0.140625,0.017761,0.988525,7.778,75.0,-1
1782705698.124,367,92439,0,0.00000000,0.00000000,0.00,0,0,-52.07,-0.116,0.4900,0.5880,1.5680,1.7448,0.051819,0.140625,0.017761,0.988525,7.776,68.8,-1
1782705698.311,368,92649,0,0.00000000,0.00000000,0.00,0,0,-52.08,-0.584,0.6860,-0.0490,0.9800,1.1972,0.051819,0.140625,0.017639,0.988525,7.778,71.2,-1
1782705698.558,369,92870,0,0.00000000,0.00000000,0.00,0,0,-52.11,-0.102,0.7840,0.8330,1.5680,1.9409,0.051819,0.140625,0.017639,0.988525,7.776,70.0,-1
1782705698.745,370,93091,0,0.00000000,0.00000000,0.00,0,0,-51.98,0.428,0.3920,1.0780,1.8620,2.1870,0.051819,0.140625,0.017639,0.988525,7.778,75.0,-1
1782705698.995,371,93311,0,0.00000000,0.00000000,0.00,0,0,-52.03,-0.119,0.3920,0.6860,1.6170,1.7997,0.051819,0.140625,0.017700,0.988525,7.778,68.8,-1
1782705699.246,372,93552,0,0.00000000,0.00000000,0.00,0,0,-51.97,0.109,0.0000,0.7350,1.9110,2.0475,0.051819,0.140625,0.017700,0.988525,7.776,71.2,-1
1782705699.433,373,93772,0,0.00000000,0.00000000,0.00,0,0,-52.05,-0.229,0.6370,0.0980,2.6460,2.7234,0.051819,0.140686,0.017761,0.988525,7.778,70.0,-1
1782705699.681,374,93993,0,0.00000000,0.00000000,0.00,0,0,-51.92,0.222,0.3920,0.4900,1.8130,1.9185,0.051819,0.140686,0.017761,0.988525,7.779,71.2,-1
1782705699.870,375,94213,0,0.00000000,0.00000000,0.00,0,0,-51.99,-0.238,1.2740,0.1470,2.4010,2.7220,0.051819,0.140686,0.017822,0.988525,7.779,70.0,-1
1782705700.119,376,94435,0,0.00000000,0.00000000,0.00,0,0,-52.03,-0.439,0.6370,1.0780,1.9600,2.3258,0.051819,0.140686,0.017822,0.988525,7.778,70.0,-1
1782705700.305,377,94644,0,0.00000000,0.00000000,0.00,0,0,-52.03,-0.120,0.7840,0.5880,2.3520,2.5480,0.051819,0.140625,0.017761,0.988525,7.775,71.2,-1
1782705700.555,378,94860,0,0.00000000,0.00000000,0.00,0,0,-52.04,0.241,0.5390,0.4410,2.0580,2.1726,0.051819,0.140686,0.017822,0.988525,7.776,75.0,-1
1782705700.743,379,95077,0,0.00000000,0.00000000,0.00,0,0,-52.05,-0.236,0.0490,0.7350,1.1270,1.3464,0.051819,0.140686,0.017761,0.988525,7.778,68.8,-1
1782705700.990,380,95296,0,0.00000000,0.00000000,0.00,0,0,-51.93,0.029,0.0980,1.1270,1.8620,2.1787,0.051819,0.140747,0.017700,0.988525,7.776,70.0,-1
1782705701.175,381,95516,0,0.00000000,0.00000000,0.00,0,0,-51.95,0.106,0.4410,0.2450,1.0780,1.1902,0.051819,0.140747,0.017639,0.988525,7.776,73.8,-1
1782705701.425,382,95725,0,0.00000000,0.00000000,0.00,0,0,-52.05,-0.233,-0.2450,0.8330,1.2740,1.5417,0.051819,0.140747,0.017639,0.988525,7.775,72.5,-1
1782705701.611,383,95947,0,0.00000000,0.00000000,0.00,0,0,-52.07,0.286,0.7350,0.8330,1.4210,1.8037,0.051819,0.140747,0.017700,0.988525,7.776,71.2,-1
1782705701.862,384,96168,0,0.00000000,0.00000000,0.00,0,0,-52.07,-0.211,0.3430,0.1470,1.6170,1.6595,0.051819,0.140686,0.017761,0.988525,7.778,68.8,-1
1782705702.050,385,96387,0,0.00000000,0.00000000,0.00,0,0,-51.96,0.287,-0.0980,0.9310,1.2740,1.5810,0.051819,0.140686,0.017761,0.988525,7.775,70.0,-1
1782705702.298,386,96598,0,0.00000000,0.00000000,0.00,0,0,-52.02,-0.159,0.4900,-0.0980,1.4210,1.5063,0.051819,0.140686,0.017700,0.988525,7.776,70.0,-1
1782705702.484,387,96819,0,0.00000000,0.00000000,0.00,0,0,-51.93,-0.047,0.3920,0.7840,0.5390,1.0290,0.051819,0.140686,0.017639,0.988525,7.776,72.5,-1
1782705702.734,388,97037,0,0.00000000,0.00000000,0.00,0,0,-51.95,-0.174,0.1960,0.7840,1.8130,1.9850,0.051819,0.140686,0.017639,0.988525,7.776,72.5,-1
1782705702.920,389,97260,0,0.00000000,0.00000000,0.00,0,0,-51.96,-0.105,-0.1470,0.8820,0.7840,1.1892,0.051819,0.140686,0.017700,0.988525,7.779,70.0,-1
1782705703.171,390,97481,0,0.00000000,0.00000000,0.00,0,0,-51.98,0.089,0.5880,0.4900,1.4210,1.6140,0.051819,0.140686,0.017700,0.988525,7.778,70.0,-1
1782705703.356,391,97692,0,0.00000000,0.00000000,0.00,0,0,-51.97,-0.072,0.0980,0.5390,1.5680,1.6609,0.051819,0.140564,0.017700,0.988525,7.778,70.0,-1
1782705703.605,392,97910,0,0.00000000,0.00000000,0.00,0,0,-51.94,0.290,0.5390,0.2450,1.5680,1.6761,0.051819,0.140625,0.017761,0.988525,7.778,70.0,-1
1782705703.791,393,98132,0,0.00000000,0.00000000,0.00,0,0,-51.97,-0.364,0.0980,0.5880,2.0090,2.0956,0.051819,0.140625,0.017761,0.988525,7.776,71.2,-1
1782705704.042,394,98352,0,0.00000000,0.00000000,0.00,0,0,-52.03,-0.258,-0.0490,1.3230,0.4900,1.4117,0.051819,0.140564,0.017761,0.988586,7.776,72.5,-1
1782705704.231,395,98565,0,0.00000000,0.00000000,0.00,0,0,-51.98,0.099,0.4410,1.0780,2.4990,2.7571,0.051819,0.140503,0.017700,0.988586,7.776,70.0,-1
1782705704.478,396,98779,0,0.00000000,0.00000000,0.00,0,0,-51.99,-0.063,0.3920,0.8820,1.4210,1.7178,0.051758,0.140503,0.017700,0.988586,7.775,73.8,-1
1782705704.664,397,99003,0,0.00000000,0.00000000,0.00,0,0,-51.95,0.137,0.1470,0.8820,1.6170,1.8478,0.051758,0.140503,0.017700,0.988586,7.778,71.2,-1
1782705704.912,398,99221,0,0.00000000,0.00000000,0.00,0,0,-52.04,-0.321,1.0780,0.3430,2.0580,2.3484,0.051636,0.140625,0.017761,0.988586,7.776,73.8,-1
1782705705.100,399,99442,0,0.00000000,0.00000000,0.00,0,0,-51.91,0.398,0.5880,0.4900,1.8130,1.9679,0.051758,0.140564,0.017761,0.988586,7.775,71.2,-1
1782705705.348,400,99655,0,0.00000000,0.00000000,0.00,0,0,-51.93,0.075,0.5880,0.5880,1.7640,1.9502,0.051819,0.140503,0.017761,0.988586,7.775,71.2,-1
1782705705.534,401,99876,0,0.00000000,0.00000000,0.00,0,0,-51.99,-0.189,0.3920,-0.1960,1.0290,1.1184,0.051819,0.140503,0.017761,0.988586,7.776,75.0,-1
1782705705.783,402,100095,0,0.00000000,0.00000000,0.00,0,0,-51.98,-0.084,0.5390,0.1470,2.3030,2.3698,0.051819,0.140564,0.017761,0.988525,7.775,72.5,-1
1782705705.970,403,100316,0,0.00000000,0.00000000,0.00,0,0,-51.99,0.108,0.3430,0.7840,1.2740,1.5347,0.051819,0.140564,0.017822,0.988525,7.776,72.5,-1
1782705706.219,404,100559,0,0.00000000,0.00000000,0.00,0,0,-51.99,0.037,-0.0980,0.9800,0.9310,1.3553,0.051819,0.140625,0.017822,0.988525,7.776,70.0,-1
1782705706.470,405,100774,0,0.00000000,0.00000000,0.00,0,0,-52.01,-0.198,1.3720,0.1960,2.5970,2.9437,0.051819,0.140625,0.017822,0.988525,7.774,76.2,-1
1782705706.658,406,100995,0,0.00000000,0.00000000,0.00,0,0,-52.01,0.052,0.6370,0.0000,0.7350,0.9726,0.051819,0.140625,0.017822,0.988525,7.775,80.0,-1
1782705706.908,407,101219,0,0.00000000,0.00000000,0.00,0,0,-52.05,-0.062,0.1960,0.4410,2.7440,2.7861,0.051819,0.140686,0.017822,0.988525,7.776,72.5,-1
1782705707.095,408,101439,0,0.00000000,0.00000000,0.00,0,0,-52.09,-0.374,0.6370,0.6370,1.7640,1.9807,0.051819,0.140686,0.017822,0.988525,7.776,72.5,-1
1782705707.343,409,101649,0,0.00000000,0.00000000,0.00,0,0,-51.93,0.546,0.2450,1.2740,1.5190,1.9976,0.051819,0.140686,0.017822,0.988525,7.779,68.8,-1
1782705707.533,410,101870,0,0.00000000,0.00000000,0.00,0,0,-51.96,-0.140,0.3920,0.4410,1.3720,1.4935,0.051819,0.140686,0.017822,0.988525,7.775,66.2,-1
1782705707.781,411,102091,0,0.00000000,0.00000000,0.00,0,0,-52.01,-0.410,0.7840,0.5390,1.9110,2.1347,0.051819,0.140686,0.017822,0.988525,7.775,71.2,-1
1782705707.970,412,102312,0,0.00000000,0.00000000,0.00,0,0,-51.98,0.037,0.9800,0.3430,1.8620,2.1319,0.051819,0.140686,0.017822,0.988525,7.776,71.2,-1
1782705708.222,413,102553,0,0.00000000,0.00000000,0.00,0,0,-52.05,-0.169,0.2940,0.6370,1.1270,1.3275,0.051819,0.140686,0.017822,0.988525,7.775,70.0,-1
1782705708.469,414,102771,0,0.00000000,0.00000000,0.00,0,0,-51.95,0.379,0.1960,0.4900,1.4210,1.5158,0.051819,0.140747,0.017822,0.988525,7.776,71.2,-1
1782705708.655,415,102994,0,0.00000000,0.00000000,0.00,0,0,-52.04,-0.597,0.0980,0.0490,0.7840,0.7916,0.051819,0.140686,0.017822,0.988525,7.775,71.2,-1
1782705708.903,416,103212,0,0.00000000,0.00000000,0.00,0,0,-52.03,-0.446,0.3920,0.3920,1.5190,1.6170,0.051819,0.140747,0.017822,0.988525,7.776,71.2,-1
1782705709.092,417,103433,0,0.00000000,0.00000000,0.00,0,0,-52.06,-0.063,0.3430,0.4410,1.6660,1.7572,0.051819,0.140747,0.017822,0.988525,7.778,75.0,-1
1782705709.341,418,103644,0,0.00000000,0.00000000,0.00,0,0,-51.99,0.218,0.0000,0.7350,1.3720,1.5565,0.051819,0.140747,0.017822,0.988525,7.775,73.8,-1
1782705709.528,419,103860,0,0.00000000,0.00000000,0.00,0,0,-51.98,0.130,0.5390,0.5390,1.4210,1.6125,0.051819,0.140747,0.017822,0.988525,7.774,78.8,-1
1782705709.776,420,104086,0,0.00000000,0.00000000,0.00,0,0,-51.93,0.294,0.1960,0.6860,1.9110,2.0398,0.051819,0.140686,0.017822,0.988525,7.774,75.0,-1
1782705709.961,421,104303,0,0.00000000,0.00000000,0.00,0,0,-51.95,0.236,0.8330,0.5880,1.6660,1.9533,0.051819,0.140686,0.017822,0.988525,7.774,76.2,-1
1782705710.209,422,104550,0,0.00000000,0.00000000,0.00,0,0,-51.96,0.383,0.6370,0.6860,1.4700,1.7428,0.051819,0.140686,0.017822,0.988525,7.774,72.5,-1
1782705710.460,423,104764,0,0.00000000,0.00000000,0.00,0,0,-51.92,0.259,0.3430,0.1470,1.6170,1.6595,0.051819,0.140686,0.017822,0.988525,7.776,68.8,-1
1782705710.649,424,104988,0,0.00000000,0.00000000,0.00,0,0,-52.02,-0.332,1.6170,1.4210,3.3810,4.0081,0.051819,0.140686,0.017822,0.988525,7.774,75.0,-1
1782705710.898,425,105209,0,0.00000000,0.00000000,0.00,0,0,-51.99,-0.101,0.3920,0.0980,1.2250,1.2899,0.051819,0.140686,0.017822,0.988525,7.773,73.8,-1
1782705711.087,426,105427,0,0.00000000,0.00000000,0.00,0,0,-51.91,0.487,0.4410,0.5880,2.0580,2.1853,0.051819,0.140747,0.017822,0.988525,7.774,75.0,-1
1782705711.337,427,105635,0,0.00000000,0.00000000,0.00,0,0,-52.01,0.099,0.3430,0.4900,1.9600,2.0492,0.051819,0.140686,0.017822,0.988525,7.774,77.5,-1
1782705711.523,428,105855,0,0.00000000,0.00000000,0.00,0,0,-52.03,-0.130,0.0490,1.1270,1.3720,1.7762,0.051819,0.140686,0.017822,0.988525,7.774,75.0,-1
1782705711.772,429,106076,0,0.00000000,0.00000000,0.00,0,0,-51.96,0.118,0.4900,0.2940,1.4700,1.5772,0.051819,0.140686,0.017761,0.988525,7.775,76.2,-1
1782705711.959,430,106299,0,0.00000000,0.00000000,0.00,0,0,-52.03,-0.372,0.0490,0.5880,-1.0290,1.1862,0.051819,0.140686,0.017822,0.988525,7.775,73.8,-1
1782705712.206,431,106519,0,0.00000000,0.00000000,0.00,0,0,-51.96,0.560,0.5880,0.9800,1.2740,1.7115,0.051819,0.140686,0.017822,0.988525,7.773,78.8,-1
1782705712.392,432,106733,0,0.00000000,0.00000000,0.00,0,0,-52.01,0.078,0.2450,0.2940,1.6170,1.6617,0.051819,0.140625,0.017822,0.988525,7.774,73.8,-1
1782705712.642,433,106949,0,0.00000000,0.00000000,0.00,0,0,-52.02,0.058,0.2940,0.5880,1.5190,1.6552,0.051819,0.140625,0.017822,0.988525,7.773,75.0,-1
1782705712.829,434,107168,0,0.00000000,0.00000000,0.00,0,0,-52.05,-0.006,0.5880,0.7350,2.1560,2.3525,0.051819,0.140625,0.017822,0.988525,7.773,81.2,-1
1782705713.078,435,107390,0,0.00000000,0.00000000,0.00,0,0,-52.07,0.190,0.4410,0.3920,1.4700,1.5840,0.051819,0.140625,0.017822,0.988525,7.771,71.2,-1
1782705713.265,436,107604,0,0.00000000,0.00000000,0.00,0,0,-52.01,0.310,0.5880,0.5880,1.3720,1.6043,0.051819,0.140686,0.017822,0.988525,7.775,72.5,-1
1782705713.514,437,107820,0,0.00000000,0.00000000,0.00,0,0,-52.11,-0.212,0.4900,0.5390,1.6170,1.7735,0.051819,0.140625,0.017822,0.988525,7.775,75.0,-1
1782705713.703,438,108036,0,0.00000000,0.00000000,0.00,0,0,-52.14,-0.639,0.3430,0.0980,1.7640,1.7997,0.051819,0.140625,0.017761,0.988525,7.775,77.5,-1
1782705713.951,439,108253,0,0.00000000,0.00000000,0.00,0,0,-51.95,0.818,1.0780,0.4410,3.1360,3.3453,0.051819,0.140625,0.017761,0.988525,7.773,77.5,-1
1782705714.138,440,108475,0,0.00000000,0.00000000,0.00,0,0,-51.97,0.079,0.3920,0.4410,1.6660,1.7674,0.051819,0.140625,0.017761,0.988525,7.775,75.0,-1
1782705714.388,441,108685,0,0.00000000,0.00000000,0.00,0,0,-52.08,-0.312,0.4900,0.5880,2.0580,2.1957,0.051819,0.140564,0.017822,0.988525,7.776,72.5,-1
1782705714.574,442,108902,0,0.00000000,0.00000000,0.00,0,0,-52.13,-0.054,0.1470,0.2940,1.8620,1.8908,0.051819,0.140564,0.017822,0.988525,7.775,75.0,-1
1782705714.824,443,109126,0,0.00000000,0.00000000,0.00,0,0,-52.11,0.257,0.3920,0.5880,1.1760,1.3720,0.051819,0.140564,0.017822,0.988525,7.776,72.5,-1
1782705715.010,444,109346,0,0.00000000,0.00000000,0.00,0,0,-51.90,0.761,0.4410,0.4900,1.6660,1.7917,0.051819,0.140625,0.017822,0.988525,7.776,72.5,-1
1782705715.259,445,109558,0,0.00000000,0.00000000,0.00,0,0,-52.10,-0.484,0.7350,0.1960,0.8330,1.1281,0.051819,0.140625,0.017761,0.988525,7.775,75.0,-1
1782705715.448,446,109774,0,0.00000000,0.00000000,0.00,0,0,-52.01,0.398,0.7350,0.3430,1.6660,1.8530,0.051819,0.140625,0.017700,0.988525,7.773,76.2,-1
1782705715.696,447,109996,0,0.00000000,0.00000000,0.00,0,0,-52.12,-0.415,1.2250,-0.1470,2.7440,3.0086,0.051819,0.140564,0.017700,0.988525,7.776,77.5,-1
1782705715.884,448,110218,0,0.00000000,0.00000000,0.00,0,0,-52.04,0.226,0.0490,1.4210,-0.2940,1.4519,0.051819,0.140564,0.017761,0.988525,7.775,73.8,-1
1782705716.135,449,110435,0,0.00000000,0.00000000,0.00,0,0,-52.14,-0.335,0.0000,0.7350,1.3720,1.5565,0.051819,0.140625,0.017761,0.988525,7.775,78.8,-1
1782705716.322,450,110646,0,0.00000000,0.00000000,0.00,0,0,-52.02,-0.052,0.4900,0.9310,1.1760,1.5779,0.051819,0.140625,0.017761,0.988525,7.778,75.0,-1
1782705716.573,451,110870,0,0.00000000,0.00000000,0.00,0,0,-51.96,0.256,0.6860,0.1960,1.1270,1.3338,0.051819,0.140625,0.017822,0.988525,7.776,70.0,-1
1782705716.760,452,111091,0,0.00000000,0.00000000,0.00,0,0,-52.09,-0.598,0.2940,0.2450,1.9600,1.9970,0.051819,0.140625,0.017822,0.988525,7.775,67.5,-1
1782705717.009,453,111311,0,0.00000000,0.00000000,0.00,0,0,-51.96,0.384,0.0980,0.6370,1.9600,2.0632,0.051819,0.140625,0.017822,0.988525,7.775,70.0,-1
1782705717.259,454,111553,0,0.00000000,0.00000000,0.00,0,0,-51.97,0.379,0.2450,0.5880,1.2740,1.4244,0.051880,0.140686,0.017944,0.988525,7.776,72.5,-1
1782705717.447,455,111767,0,0.00000000,0.00000000,0.00,0,0,-52.01,-0.078,0.5390,0.5880,2.4010,2.5300,0.051819,0.140686,0.017883,0.988525,7.774,76.2,-1
1782705717.695,456,111988,0,0.00000000,0.00000000,0.00,0,0,-51.97,-0.047,0.1960,0.8330,1.3230,1.5756,0.051819,0.140686,0.017883,0.988525,7.775,75.0,-1
1782705717.883,457,112210,0,0.00000000,0.00000000,0.00,0,0,-52.00,-0.362,0.2450,0.1960,1.3720,1.4074,0.051819,0.140686,0.017883,0.988525,7.773,71.2,-1
1782705718.133,458,112429,0,0.00000000,0.00000000,0.00,0,0,-52.01,-0.120,0.2940,1.0290,1.6660,1.9801,0.051819,0.140686,0.017883,0.988525,7.773,71.2,-1
1782705718.319,459,112644,0,0.00000000,0.00000000,0.00,0,0,-52.13,-0.645,0.1960,0.6860,0.0000,0.7135,0.051819,0.140686,0.017883,0.988525,7.775,76.2,-1
1782705718.570,460,112864,0,0.00000000,0.00000000,0.00,0,0,-51.98,0.214,0.4900,0.1470,1.9110,1.9783,0.051819,0.140686,0.017822,0.988525,7.776,76.2,-1
1782705718.758,461,113084,0,0.00000000,0.00000000,0.00,0,0,-52.03,-0.286,-0.9310,1.8620,-0.4900,2.1387,0.051819,0.140686,0.017822,0.988525,7.776,78.8,-1
1782705719.008,462,113305,0,0.00000000,0.00000000,0.00,0,0,-52.03,-0.135,0.6370,0.4900,2.0090,2.1638,0.051819,0.140686,0.017822,0.988525,7.775,73.8,-1
1782705719.193,463,113537,0,0.00000000,0.00000000,0.00,0,0,-51.93,0.437,0.2450,0.7840,1.7150,1.9016,0.051819,0.140686,0.017822,0.988525,7.776,73.8,-1
1782705719.441,464,113764,0,0.00000000,0.00000000,0.00,0,0,-52.06,-0.513,0.0000,1.0290,1.1270,1.5261,0.051819,0.140625,0.017822,0.988525,7.773,78.8,-1
1782705719.692,465,113986,0,0.00000000,0.00000000,0.00,0,0,-52.05,-0.190,0.2940,0.7350,1.6170,1.8004,0.051819,0.140686,0.017822,0.988525,7.775,72.5,-1
1782705719.879,466,114206,0,0.00000000,0.00000000,0.00,0,0,-51.98,-0.026,-0.2450,1.3720,1.1760,1.8236,0.051819,0.140625,0.017822,0.988525,7.774,75.0,-1
1782705720.130,467,114427,0,0.00000000,0.00000000,0.00,0,0,-52.02,-0.305,-0.1470,0.8330,1.1270,1.4091,0.051819,0.140686,0.017822,0.988525,7.776,78.8,-1
1782705720.318,468,114640,0,0.00000000,0.00000000,0.00,0,0,-51.92,0.694,0.2450,0.9310,2.4010,2.5868,0.051819,0.140686,0.017822,0.988525,7.781,67.5,-1
1782705720.505,469,114856,0,0.00000000,0.00000000,0.00,0,0,-52.06,0.026,0.2450,0.7840,1.4700,1.6839,0.051819,0.140747,0.017822,0.988525,7.776,72.5,-1
1782705720.752,470,115080,0,0.00000000,0.00000000,0.00,0,0,-52.03,0.054,0.4410,0.5390,1.1760,1.3667,0.051819,0.140686,0.017822,0.988525,7.775,71.2,-1
1782705721.001,471,115300,0,0.00000000,0.00000000,0.00,0,0,-52.02,-0.224,0.7350,-0.0980,2.2050,2.3263,0.051819,0.140686,0.017822,0.988525,7.776,73.8,-1
1782705721.187,472,115519,0,0.00000000,0.00000000,0.00,0,0,-52.03,-0.065,0.4410,0.3920,1.4210,1.5386,0.051819,0.140686,0.017883,0.988525,7.773,78.8,-1
1782705721.376,473,115728,0,0.00000000,0.00000000,0.00,0,0,-51.98,0.134,0.4410,0.3430,1.5680,1.6646,0.051819,0.140686,0.017883,0.988525,7.776,77.5,-1
1782705721.624,474,115951,0,0.00000000,0.00000000,0.00,0,0,-52.00,-0.101,0.8820,-0.0980,1.8130,2.0185,0.051819,0.140686,0.017883,0.988525,7.778,70.0,-1
1782705721.876,475,116172,0,0.00000000,0.00000000,0.00,0,0,-51.99,-0.099,0.2450,0.5390,1.6170,1.7220,0.051819,0.140625,0.017883,0.988525,7.776,72.5,-1
1782705722.062,476,116392,0,0.00000000,0.00000000,0.00,0,0,-52.03,-0.010,0.0000,0.6860,0.7350,1.0054,0.051819,0.140625,0.017883,0.988525,7.778,73.8,-1
1782705722.248,477,116602,0,0.00000000,0.00000000,0.00,0,0,-52.00,0.128,0.2940,0.3430,1.8130,1.8684,0.051819,0.140686,0.017883,0.988525,7.776,71.2,-1
1782705722.498,478,116823,0,0.00000000,0.00000000,0.00,0,0,-51.92,0.149,0.7350,0.8330,1.8620,2.1682,0.051819,0.140686,0.017883,0.988525,7.779,72.5,-1
1782705722.686,479,117041,0,0.00000000,0.00000000,0.00,0,0,-51.94,-0.037,0.7350,0.2940,1.1270,1.3772,0.051819,0.140686,0.017883,0.988525,7.778,71.2,-1
1782705722.935,480,117264,0,0.00000000,0.00000000,0.00,0,0,-51.92,-0.018,0.6860,0.6860,1.6170,1.8857,0.051819,0.140686,0.017822,0.988525,7.778,70.0,-1
1782705723.182,481,117484,0,0.00000000,0.00000000,0.00,0,0,-52.00,-0.041,0.2940,0.7840,2.1560,2.3129,0.051819,0.140686,0.017822,0.988525,7.776,72.5,-1
1782705723.369,482,117695,0,0.00000000,0.00000000,0.00,0,0,-52.05,0.054,0.5390,0.5880,1.5190,1.7157,0.051819,0.140686,0.017822,0.988525,7.776,71.2,-1
1782705723.617,483,117912,0,0.00000000,0.00000000,0.00,0,0,-52.04,0.160,0.2940,0.9800,1.0780,1.4862,0.051819,0.140564,0.017822,0.988525,7.773,75.0,-1
1782705723.804,484,118133,0,0.00000000,0.00000000,0.00,0,0,-52.00,0.091,0.3430,0.6860,0.7840,1.0968,0.051819,0.140564,0.017822,0.988525,7.776,75.0,-1
1782705724.052,485,118356,0,0.00000000,0.00000000,0.00,0,0,-52.12,-0.411,0.1960,0.8820,0.4410,1.0054,0.051819,0.140564,0.017822,0.988525,7.775,72.5,-1
1782705724.241,486,118569,0,0.00000000,0.00000000,0.00,0,0,-52.03,0.097,0.4900,0.8820,1.9600,2.2045,0.051819,0.140564,0.017761,0.988525,7.778,68.8,-1
1782705724.492,487,118784,0,0.00000000,0.00000000,0.00,0,0,-51.99,0.072,0.6860,1.0780,2.3030,2.6337,0.051819,0.140625,0.017761,0.988525,7.776,73.8,-1
1782705724.679,488,119005,0,0.00000000,0.00000000,0.00,0,0,-52.03,-0.370,0.3430,0.4900,2.0090,2.0961,0.051819,0.140625,0.017700,0.988525,7.776,70.0,-1
1782705724.930,489,119228,0,0.00000000,0.00000000,0.00,0,0,-52.07,-0.004,0.2940,0.8330,1.3720,1.6318,0.051819,0.140625,0.017761,0.988525,7.778,73.8,-1
1782705725.117,490,119447,0,0.00000000,0.00000000,0.00,0,0,-52.06,-0.066,0.2450,0.6860,1.5680,1.7289,0.051819,0.140686,0.017761,0.988525,7.775,70.0,-1
1782705725.365,491,119661,0,0.00000000,0.00000000,0.00,0,0,-52.01,0.492,0.4900,0.8330,1.2250,1.5603,0.051819,0.140747,0.017761,0.988525,7.778,68.8,-1
1782705725.552,492,119877,0,0.00000000,0.00000000,0.00,0,0,-52.08,0.038,0.4900,0.4410,1.9600,2.0679,0.051819,0.140808,0.017761,0.988525,7.774,73.8,-1
1782705725.802,493,120101,0,0.00000000,0.00000000,0.00,0,0,-52.08,-0.362,0.0000,-0.6860,2.7930,2.8760,0.051819,0.140747,0.017700,0.988525,7.776,70.0,-1
1782705725.989,494,120319,0,0.00000000,0.00000000,0.00,0,0,-52.01,0.575,-0.0490,0.3920,1.2250,1.2871,0.051819,0.140747,0.017761,0.988525,7.775,72.5,-1
1782705726.240,495,120565,0,0.00000000,0.00000000,0.00,0,0,-52.04,0.085,-0.3920,1.6170,1.2740,2.0956,0.051819,0.140747,0.017761,0.988525,7.776,76.2,-1
1782705726.427,496,120779,0,0.00000000,0.00000000,0.00,0,0,-52.02,0.370,0.1960,1.5190,1.5680,2.1919,0.051819,0.140869,0.017700,0.988525,7.775,73.8,-1
1782705726.677,497,121001,0,0.00000000,0.00000000,0.00,0,0,-52.02,-0.069,0.5880,0.5880,1.9600,2.1291,0.051819,0.140930,0.017761,0.988525,7.776,71.2,-1
1782705726.927,498,121220,0,0.00000000,0.00000000,0.00,0,0,-51.99,0.086,1.9110,0.0000,3.5280,4.0123,0.051819,0.140869,0.017761,0.988525,7.773,76.2,-1
1782705727.113,499,121442,0,0.00000000,0.00000000,0.00,0,0,-51.99,-0.003,0.3430,0.1960,1.0780,1.1481,0.051819,0.140808,0.017761,0.988525,7.775,70.0,-1
1782705727.363,500,121655,0,0.00000000,0.00000000,0.00,0,0,-51.96,0.417,0.2940,0.6860,1.6170,1.7809,0.051819,0.140808,0.017700,0.988525,7.778,68.8,-1
1782705727.552,501,121870,0,0.00000000,0.00000000,0.00,0,0,-52.06,-0.045,0.4410,0.3430,1.7150,1.8037,0.051819,0.140808,0.017639,0.988525,7.775,73.8,-1
1782705727.738,502,122090,0,0.00000000,0.00000000,0.00,0,0,-52.04,-0.136,0.2450,0.5880,2.0580,2.1543,0.051819,0.140808,0.017700,0.988525,7.775,72.5,-1
1782705727.990,503,122316,0,0.00000000,0.00000000,0.00,0,0,-52.00,-0.072,0.2450,0.6370,1.8620,1.9831,0.051819,0.140747,0.017700,0.988525,7.779,66.2,-1
1782705728.240,504,122557,0,0.00000000,0.00000000,0.00,0,0,-52.05,-0.047,0.0000,0.9310,1.6170,1.8659,0.051819,0.140747,0.017761,0.988525,7.776,68.8,-1
1782705728.426,505,122776,0,0.00000000,0.00000000,0.00,0,0,-52.06,-0.169,0.7350,0.8330,2.0580,2.3387,0.051819,0.140747,0.017761,0.988525,7.778,70.0,-1
1782705728.676,506,122996,0,0.00000000,0.00000000,0.00,0,0,-52.05,-0.110,0.0000,0.2940,2.1560,2.1760,0.051819,0.140747,0.017761,0.988525,7.779,75.0,-1
1782705728.863,507,123217,0,0.00000000,0.00000000,0.00,0,0,-51.92,0.695,0.2940,0.2450,1.3720,1.4244,0.051819,0.140808,0.017761,0.988525,7.778,71.2,-1
1782705729.113,508,123435,0,0.00000000,0.00000000,0.00,0,0,-51.97,0.106,0.1470,0.3920,1.4700,1.5285,0.051819,0.140869,0.017822,0.988525,7.776,72.5,-1
1782705729.299,509,123648,0,0.00000000,0.00000000,0.00,0,0,-51.99,0.206,0.2450,0.7840,2.4990,2.6305,0.051819,0.140869,0.017822,0.988525,7.775,76.2,-1
1782705729.549,510,123868,0,0.00000000,0.00000000,0.00,0,0,-52.14,-0.578,0.8330,-0.1470,2.1560,2.3160,0.051819,0.140869,0.017822,0.988525,7.774,75.0,-1
1782705729.796,511,124089,0,0.00000000,0.00000000,0.00,0,0,-51.97,0.370,1.0290,-0.0980,1.2250,1.6028,0.051819,0.140808,0.017822,0.988525,7.774,77.5,-1
1782705729.982,512,124310,0,0.00000000,0.00000000,0.00,0,0,-52.08,-0.075,0.3920,0.6370,0.6370,0.9824,0.051819,0.140808,0.017822,0.988525,7.773,73.8,-1
1782705730.232,513,124552,0,0.00000000,0.00000000,0.00,0,0,-52.12,-0.404,0.1470,0.6860,1.6170,1.7626,0.051819,0.140747,0.017822,0.988525,7.775,72.5,-1
1782705730.418,514,124770,0,0.00000000,0.00000000,0.00,0,0,-52.06,-0.156,-0.0490,0.8820,1.1760,1.4708,0.051819,0.140747,0.017822,0.988525,7.775,73.8,-1
1782705730.667,515,124990,0,0.00000000,0.00000000,0.00,0,0,-52.05,-0.142,-0.2940,0.9310,0.6860,1.1932,0.051819,0.140747,0.017822,0.988525,7.774,75.0,-1
1782705730.856,516,125208,0,0.00000000,0.00000000,0.00,0,0,-52.01,0.391,0.3430,0.6370,1.4700,1.6384,0.051819,0.140808,0.017822,0.988525,7.774,78.8,-1
1782705731.107,517,125432,0,0.00000000,0.00000000,0.00,0,0,-52.17,-0.327,0.7350,0.1960,2.1070,2.2401,0.051819,0.140808,0.017700,0.988525,7.774,73.8,-1
1782705731.292,518,125642,0,0.00000000,0.00000000,0.00,0,0,-52.14,-0.342,0.2450,0.4410,0.9800,1.1022,0.051819,0.140808,0.017700,0.988525,7.776,72.5,-1
1782705731.542,519,125861,0,0.00000000,0.00000000,0.00,0,0,-52.05,0.311,0.3430,0.7840,1.2740,1.5347,0.051819,0.140747,0.017700,0.988525,7.775,72.5,-1
1782705731.730,520,126083,0,0.00000000,0.00000000,0.00,0,0,-52.08,-0.226,0.0980,0.7840,1.4700,1.6689,0.051819,0.140686,0.017761,0.988525,7.776,73.8,-1
1782705731.980,521,126300,0,0.00000000,0.00000000,0.00,0,0,-52.10,-0.279,0.3920,0.8820,1.1270,1.4838,0.051819,0.140686,0.017761,0.988525,7.775,76.2,-1
1782705732.228,522,126524,0,0.00000000,0.00000000,0.00,0,0,-52.05,0.196,0.2940,0.3430,1.2250,1.3056,0.051819,0.140686,0.017761,0.988525,7.773,77.5,-1
1782705732.416,523,126734,0,0.00000000,0.00000000,0.00,0,0,-52.12,-0.339,0.6370,0.8330,1.6170,1.9273,0.051819,0.140686,0.017822,0.988525,7.776,73.8,-1
1782705732.665,524,126958,0,0.00000000,0.00000000,0.00,0,0,-52.00,0.592,0.4900,0.1960,1.9110,1.9825,0.051819,0.140747,0.017822,0.988525,7.775,75.0,-1
1782705732.852,525,127173,0,0.00000000,0.00000000,0.00,0,0,-52.07,0.123,0.5390,0.4410,1.2740,1.4519,0.051819,0.140808,0.017822,0.988525,7.778,76.2,-1
1782705733.101,526,127393,0,0.00000000,0.00000000,0.00,0,0,-52.08,-0.098,0.6370,0.4900,2.0580,2.2094,0.051819,0.140808,0.017883,0.988525,7.775,80.0,-1
1782705733.287,527,127609,0,0.00000000,0.00000000,0.00,0,0,-52.04,0.282,0.3430,0.8330,1.9600,2.1571,0.051819,0.140747,0.017944,0.988525,7.778,73.8,-1
1782705733.535,528,127829,0,0.00000000,0.00000000,0.00,0,0,-52.04,0.077,0.2940,0.7840,2.7440,2.8689,0.051819,0.140808,0.017883,0.988525,7.776,73.8,-1
1782705733.720,529,128046,0,0.00000000,0.00000000,0.00,0,0,-52.00,0.183,0.6370,0.5390,2.7440,2.8681,0.051819,0.140747,0.017883,0.988525,7.778,70.0,-1
1782705733.968,530,128266,0,0.00000000,0.00000000,0.00,0,0,-52.10,-0.184,0.3430,0.5390,1.3230,1.4692,0.051819,0.140747,0.017883,0.988525,7.781,68.8,-1
1782705734.155,531,128488,0,0.00000000,0.00000000,0.00,0,0,-52.09,0.029,0.0490,-0.0490,1.4210,1.4227,0.051819,0.140808,0.017883,0.988525,7.779,73.8,-1
1782705734.403,532,128698,0,0.00000000,0.00000000,0.00,0,0,-52.12,-0.075,0.4900,1.1760,1.9600,2.3377,0.051819,0.140747,0.017883,0.988525,7.778,72.5,-1
1782705734.589,533,128919,0,0.00000000,0.00000000,0.00,0,0,-52.21,-0.357,0.3430,0.9310,1.5190,1.8143,0.051819,0.140686,0.017822,0.988525,7.778,72.5,-1
1782705734.839,534,129139,0,0.00000000,0.00000000,0.00,0,0,-52.13,-0.041,0.6860,0.3920,1.7640,1.9329,0.051819,0.140686,0.017822,0.988525,7.779,72.5,-1
1782705735.027,535,129359,0,0.00000000,0.00000000,0.00,0,0,-52.18,-0.381,-0.2450,2.0090,0.7840,2.1704,0.051819,0.140686,0.017822,0.988525,7.776,71.2,-1
1782705735.276,536,129573,0,0.00000000,0.00000000,0.00,0,0,-52.17,-0.079,0.1960,0.1960,1.3720,1.3997,0.051819,0.140686,0.017822,0.988525,7.778,71.2,-1
1782705735.461,537,129788,0,0.00000000,0.00000000,0.00,0,0,-52.16,0.025,-0.0980,1.1760,0.9800,1.5339,0.051819,0.140686,0.017822,0.988525,7.778,76.2,-1
1782705735.709,538,130011,0,0.00000000,0.00000000,0.00,0,0,-52.12,0.085,-0.3430,1.9600,1.5680,2.5334,0.051819,0.140686,0.017822,0.988525,7.779,68.8,-1
1782705735.896,539,130232,0,0.00000000,0.00000000,0.00,0,0,-52.01,0.253,-0.0980,0.9310,1.2740,1.5810,0.051819,0.140686,0.017822,0.988525,7.778,70.0,-1
1782705736.144,540,130452,0,0.00000000,0.00000000,0.00,0,0,-52.03,0.367,0.5880,0.6860,1.3720,1.6428,0.051819,0.140686,0.017822,0.988525,7.778,68.8,-1
1782705736.331,541,130663,0,0.00000000,0.00000000,0.00,0,0,-52.08,0.079,0.6370,0.7840,2.0090,2.2487,0.051819,0.140686,0.017822,0.988525,7.778,72.5,-1
1782705736.578,542,130881,0,0.00000000,0.00000000,0.00,0,0,-52.14,-0.295,0.3920,0.5880,2.2050,2.3155,0.051819,0.140686,0.017761,0.988525,7.778,77.5,-1
1782705736.765,543,131105,0,0.00000000,0.00000000,0.00,0,0,-52.12,0.364,0.2450,0.6860,1.7640,1.9085,0.051819,0.140686,0.017761,0.988525,7.778,72.5,-1
1782705737.013,544,131324,0,0.00000000,0.00000000,0.00,0,0,-52.08,0.492,0.3430,0.6370,1.4700,1.6384,0.051819,0.140625,0.017822,0.988525,7.776,70.0,-1
1782705737.263,545,131566,0,0.00000000,0.00000000,0.00,0,0,-52.20,-0.430,0.3920,1.4210,1.4700,2.0818,0.051819,0.140625,0.017822,0.988525,7.780,70.0,-1
1782705737.449,546,131785,0,0.00000000,0.00000000,0.00,0,0,-52.19,-0.236,0.1470,0.7350,0.7840,1.0847,0.051819,0.140625,0.017822,0.988525,7.779,72.5,-1
1782705737.699,547,132006,0,0.00000000,0.00000000,0.00,0,0,-52.24,-0.582,0.2940,0.7350,1.2740,1.4999,0.051819,0.140625,0.017822,0.988525,7.776,70.0,-1
1782705737.886,548,132224,0,0.00000000,0.00000000,0.00,0,0,-52.13,0.241,0.3430,0.2940,1.7640,1.8209,0.051819,0.140686,0.017822,0.988525,7.778,75.0,-1
1782705738.133,549,132445,0,0.00000000,0.00000000,0.00,0,0,-52.21,0.101,0.9800,0.5390,2.1070,2.3854,0.051819,0.140747,0.017822,0.988525,7.778,75.0,-1
1782705738.320,550,132658,0,0.00000000,0.00000000,0.00,0,0,-52.21,-0.227,0.7840,0.8820,2.1070,2.4150,0.051819,0.140747,0.017822,0.988525,7.779,68.8,-1
1782705738.569,551,132874,0,0.00000000,0.00000000,0.00,0,0,-52.23,-0.443,0.9310,0.6860,3.2340,3.4345,0.051819,0.140686,0.017822,0.988525,7.778,72.5,-1
1782705738.755,552,133098,0,0.00000000,0.00000000,0.00,0,0,-52.15,0.326,0.5880,0.3430,2.2540,2.3546,0.051819,0.140686,0.017822,0.988525,7.776,68.8,-1
1782705739.006,553,133319,0,0.00000000,0.00000000,0.00,0,0,-52.22,0.202,0.2450,1.1270,1.4700,1.8684,0.051819,0.140808,0.017822,0.988525,7.776,70.0,-1
1782705739.256,554,133560,0,0.00000000,0.00000000,0.00,0,0,-52.17,0.022,0.3920,1.6170,0.6860,1.7997,0.051819,0.140808,0.017822,0.988525,7.778,68.8,-1
1782705739.446,555,133781,0,0.00000000,0.00000000,0.00,0,0,-52.23,-0.173,0.0490,0.7840,1.5190,1.7101,0.051819,0.140808,0.017822,0.988525,7.779,70.0,-1
1782705739.698,556,134000,0,0.00000000,0.00000000,0.00,0,0,-52.17,0.466,0.8330,0.7350,1.3720,1.7654,0.051819,0.140808,0.017822,0.988525,7.779,72.5,-1
1782705739.883,557,134221,0,0.00000000,0.00000000,0.00,0,0,-52.28,-0.583,0.5390,0.4410,1.2250,1.4091,0.051819,0.140808,0.017822,0.988525,7.780,68.8,-1
1782705740.134,558,134442,0,0.00000000,0.00000000,0.00,0,0,-52.16,0.474,-0.3430,0.9800,0.3430,1.0935,0.051819,0.140808,0.017822,0.988525,7.780,68.8,-1
1782705740.319,559,134655,0,0.00000000,0.00000000,0.00,0,0,-52.28,-0.292,0.5880,1.0780,1.2740,1.7694,0.051819,0.140808,0.017822,0.988525,7.778,71.2,-1
1782705740.570,560,134870,0,0.00000000,0.00000000,0.00,0,0,-52.14,0.272,0.2450,0.9310,2.0580,2.2720,0.051819,0.140747,0.017822,0.988525,7.776,71.2,-1
1782705740.755,561,135093,0,0.00000000,0.00000000,0.00,0,0,-52.21,-0.148,-0.5880,-0.0490,2.1070,2.1881,0.051819,0.140747,0.017822,0.988525,7.778,70.0,-1
1782705741.004,562,135313,0,0.00000000,0.00000000,0.00,0,0,-52.26,-0.151,0.9310,0.8330,1.5190,1.9667,0.051819,0.140686,0.017761,0.988525,7.778,71.2,-1
1782705741.254,563,135555,0,0.00000000,0.00000000,0.00,0,0,-52.24,-0.143,0.8820,0.3920,2.2540,2.4520,0.051819,0.140686,0.017761,0.988525,7.775,72.5,-1
1782705741.441,564,135774,0,0.00000000,0.00000000,0.00,0,0,-52.14,0.280,0.6370,0.5880,1.2250,1.5007,0.051819,0.140686,0.017761,0.988525,7.775,73.8,-1
1782705741.689,565,135995,0,0.00000000,0.00000000,0.00,0,0,-52.25,-0.094,0.7350,0.6370,2.1070,2.3207,0.051819,0.140625,0.017761,0.988525,7.776,73.8,-1
1782705741.877,566,136215,0,0.00000000,0.00000000,0.00,0,0,-52.19,0.098,0.4900,0.2940,1.4700,1.5772,0.051819,0.140625,0.017639,0.988525,7.776,73.8,-1
1782705742.125,567,136436,0,0.00000000,0.00000000,0.00,0,0,-52.26,-0.404,0.6370,0.1470,2.1070,2.2061,0.051819,0.140625,0.017700,0.988525,7.778,73.8,-1
1782705742.313,568,136645,0,0.00000000,0.00000000,0.00,0,0,-52.21,0.155,0.4900,0.3430,1.6170,1.7241,0.051819,0.140564,0.017761,0.988586,7.778,72.5,-1
1782705742.563,569,136868,0,0.00000000,0.00000000,0.00,0,0,-52.12,0.353,0.4410,0.6370,1.5190,1.7052,0.051819,0.140503,0.017700,0.988586,7.778,73.8,-1
1782705742.751,570,137086,0,0.00000000,0.00000000,0.00,0,0,-52.14,0.003,0.3430,0.8330,1.8620,2.0685,0.051819,0.140564,0.017761,0.988525,7.778,68.8,-1
1782705743.000,571,137308,0,0.00000000,0.00000000,0.00,0,0,-52.19,-0.229,0.1960,1.0780,1.6170,1.9533,0.051819,0.140625,0.017761,0.988525,7.778,73.8,-1
1782705743.251,572,137549,0,0.00000000,0.00000000,0.00,0,0,-52.19,-0.367,0.2450,0.4900,1.8620,1.9409,0.051819,0.140625,0.017822,0.988525,7.775,72.5,-1
1782705743.438,573,137765,0,0.00000000,0.00000000,0.00,0,0,-52.16,-0.086,0.3920,0.9310,1.5190,1.8242,0.051819,0.140625,0.017761,0.988525,7.778,72.5,-1
1782705743.686,574,137989,0,0.00000000,0.00000000,0.00,0,0,-52.19,-0.326,0.2940,0.7350,1.3720,1.5840,0.051819,0.140564,0.017700,0.988525,7.775,73.8,-1
1782705743.872,575,138209,0,0.00000000,0.00000000,0.00,0,0,-52.21,-0.382,0.1470,0.5880,1.3720,1.4999,0.051819,0.140564,0.017761,0.988525,7.775,73.8,-1
1782705744.123,576,138426,0,0.00000000,0.00000000,0.00,0,0,-52.16,0.359,0.2450,0.8820,1.1270,1.4519,0.051819,0.140564,0.017761,0.988525,7.776,71.2,-1
1782705744.312,577,138640,0,0.00000000,0.00000000,0.00,0,0,-52.14,0.090,0.5390,0.8330,1.4700,1.7735,0.051819,0.140564,0.017761,0.988525,7.775,76.2,-1
1782705744.561,578,138861,0,0.00000000,0.00000000,0.00,0,0,-52.15,0.114,1.1270,0.0490,3.2830,3.4714,0.051819,0.140564,0.017822,0.988525,7.778,75.0,-1
1782705744.747,579,139081,0,0.00000000,0.00000000,0.00,0,0,-52.11,0.023,0.0490,0.4410,1.5680,1.6296,0.051819,0.140564,0.017822,0.988525,7.778,72.5,-1
1782705744.996,580,139302,0,0.00000000,0.00000000,0.00,0,0,-52.17,-0.122,0.0490,1.0290,1.5190,1.8354,0.051819,0.140564,0.017822,0.988525,7.778,73.8,-1
1782705745.185,581,139521,0,0.00000000,0.00000000,0.00,0,0,-52.11,0.384,0.4410,0.7350,0.9310,1.2655,0.051819,0.140564,0.017761,0.988525,7.770,82.5,-1
1782705745.435,582,139732,0,0.00000000,0.00000000,0.00,0,0,-52.16,-0.182,0.2450,0.4900,2.0580,2.1297,0.051819,0.140625,0.017761,0.988525,7.775,75.0,-1
1782705745.621,583,139951,0,0.00000000,0.00000000,0.00,0,0,-52.10,0.318,0.3920,0.5390,1.8620,1.9777,0.051819,0.140625,0.017761,0.988525,7.778,76.2,-1
1782705745.870,584,140174,0,0.00000000,0.00000000,0.00,0,0,-52.19,-0.432,0.0980,0.8820,1.8130,2.0185,0.051819,0.140625,0.017822,0.988525,7.778,75.0,-1
1782705746.057,585,140395,0,0.00000000,0.00000000,0.00,0,0,-52.02,0.652,0.3920,0.5880,1.2250,1.4142,0.051819,0.140686,0.017761,0.988525,7.776,72.5,-1
1782705746.306,586,140607,0,0.00000000,0.00000000,0.00,0,0,-52.08,0.143,0.1470,0.2940,1.9600,1.9874,0.051819,0.140686,0.017822,0.988525,7.778,71.2,-1
1782705746.493,587,140822,0,0.00000000,0.00000000,0.00,0,0,-52.09,-0.214,0.7350,0.6370,1.6170,1.8870,0.051819,0.140686,0.017822,0.988525,7.775,80.0,-1
1782705746.740,588,141045,0,0.00000000,0.00000000,0.00,0,0,-52.15,-0.117,0.0490,1.0780,1.5680,1.9034,0.051819,0.140686,0.017883,0.988525,7.779,78.8,-1
1782705746.928,589,141267,0,0.00000000,0.00000000,0.00,0,0,-52.14,0.180,-0.3430,1.1760,0.9800,1.5688,0.051819,0.140686,0.017883,0.988525,7.776,77.5,-1
1782705747.178,590,141485,0,0.00000000,0.00000000,0.00,0,0,-52.08,0.569,0.0490,1.0290,0.3430,1.0858,0.051819,0.140686,0.017822,0.988525,7.776,81.2,-1
1782705747.367,591,141701,0,0.00000000,0.00000000,0.00,0,0,-52.19,-0.054,0.0490,0.5880,1.2250,1.3597,0.051819,0.140686,0.017822,0.988525,7.776,75.0,-1
1782705747.616,592,141920,0,0.00000000,0.00000000,0.00,0,0,-52.11,0.459,0.0490,0.7840,1.1270,1.3737,0.051819,0.140686,0.017822,0.988525,7.775,71.2,-1
1782705747.802,593,142135,0,0.00000000,0.00000000,0.00,0,0,-52.23,-0.339,0.5880,-0.0980,1.8130,1.9085,0.051819,0.140625,0.017822,0.988525,7.775,75.0,-1
1782705748.050,594,142357,0,0.00000000,0.00000000,0.00,0,0,-52.18,-0.145,0.1470,0.6370,2.0090,2.1127,0.051819,0.140625,0.017822,0.988525,7.775,72.5,-1
1782705748.237,595,142571,0,0.00000000,0.00000000,0.00,0,0,-52.17,-0.181,2.1070,-0.1470,3.7730,4.3240,0.051819,0.140747,0.017822,0.988525,7.774,75.0,-1
1782705748.485,596,142790,0,0.00000000,0.00000000,0.00,0,0,-52.16,-0.086,0.4410,0.4900,1.5190,1.6559,0.051819,0.140808,0.017822,0.988525,7.775,76.2,-1
1782705748.672,597,143008,0,0.00000000,0.00000000,0.00,0,0,-52.15,-0.016,1.9600,-0.1960,2.8420,3.4579,0.051819,0.140869,0.017822,0.988525,7.775,76.2,-1
1782705748.922,598,143231,0,0.00000000,0.00000000,0.00,0,0,-52.10,0.238,0.0490,0.8330,1.7150,1.9072,0.051819,0.140869,0.017761,0.988525,7.778,76.2,-1
1782705749.109,599,143449,0,0.00000000,0.00000000,0.00,0,0,-52.14,0.186,0.0490,-0.0980,0.2450,0.2684,0.051819,0.140808,0.017700,0.988525,7.776,81.2,-1
1782705749.358,600,143661,0,0.00000000,0.00000000,0.00,0,0,-52.18,-0.083,0.6860,-0.0490,2.6460,2.7339,0.051819,0.140808,0.017700,0.988525,7.779,66.2,-1
1782705749.545,601,143878,0,0.00000000,0.00000000,0.00,0,0,-52.13,-0.105,0.1960,0.5390,0.6860,0.8942,0.051819,0.140747,0.017761,0.988525,7.775,76.2,-1
1782705749.797,602,144103,0,0.00000000,0.00000000,0.00,0,0,-52.06,0.477,0.0980,0.7350,1.5680,1.7345,0.051819,0.140747,0.017761,0.988525,7.778,72.5,-1
1782705749.985,603,144323,0,0.00000000,0.00000000,0.00,0,0,-52.11,0.423,0.6370,0.5880,2.3520,2.5067,0.051819,0.140747,0.017761,0.988525,7.775,72.5,-1
1782705750.234,604,144562,0,0.00000000,0.00000000,0.00,0,0,-52.18,0.390,0.3430,0.5390,1.8620,1.9686,0.051819,0.140686,0.017822,0.988525,7.774,75.0,-1
1782705750.483,605,144785,0,0.00000000,0.00000000,0.00,0,0,-52.25,-0.178,0.0980,0.7840,1.2250,1.4577,0.051819,0.140686,0.017822,0.988525,7.778,68.8,-1
1782705750.669,606,145003,0,0.00000000,0.00000000,0.00,0,0,-52.16,0.189,0.4410,0.6370,1.4210,1.6185,0.051819,0.140686,0.017822,0.988525,7.775,72.5,-1
1782705750.915,607,145225,0,0.00000000,0.00000000,0.00,0,0,-52.16,0.044,-0.0490,0.7350,1.3720,1.5572,0.051819,0.140625,0.017822,0.988525,7.778,70.0,-1
1782705751.104,608,145443,0,0.00000000,0.00000000,0.00,0,0,-52.30,-0.317,0.0980,0.8820,1.2740,1.5526,0.051819,0.140625,0.017822,0.988525,7.774,75.0,-1
1782705751.355,609,145657,0,0.00000000,0.00000000,0.00,0,0,-52.21,0.267,0.3920,0.5880,1.7150,1.8549,0.051819,0.140686,0.017822,0.988525,7.774,73.8,-1
1782705751.543,610,145874,0,0.00000000,0.00000000,0.00,0,0,-52.17,0.146,0.9310,1.0290,1.9110,2.3617,0.051819,0.140686,0.017822,0.988525,7.773,80.0,-1
1782705751.793,611,146096,0,0.00000000,0.00000000,0.00,0,0,-52.28,-0.203,0.3920,0.3430,1.7640,1.8393,0.051819,0.140686,0.017822,0.988525,7.774,72.5,-1
1782705751.981,612,146317,0,0.00000000,0.00000000,0.00,0,0,-52.31,0.074,0.6370,0.0980,1.7150,1.8321,0.051819,0.140686,0.017822,0.988525,7.775,75.0,-1
1782705752.232,613,146561,0,0.00000000,0.00000000,0.00,0,0,-52.23,0.345,0.2940,0.4410,1.1270,1.2454,0.051819,0.140686,0.017822,0.988525,7.775,73.8,-1
1782705752.481,614,146776,0,0.00000000,0.00000000,0.00,0,0,-52.23,-0.153,0.1960,0.5880,1.7640,1.8697,0.051819,0.140747,0.017822,0.988525,7.774,78.8,-1
1782705752.669,615,146996,0,0.00000000,0.00000000,0.00,0,0,-52.16,0.001,0.0980,0.2940,0.9310,0.9812,0.051819,0.140808,0.017700,0.988525,7.774,80.0,-1
1782705752.919,616,147219,0,0.00000000,0.00000000,0.00,0,0,-52.21,-0.159,0.4900,0.1470,1.7640,1.8367,0.051819,0.140747,0.017761,0.988525,7.775,75.0,-1
1782705753.106,617,147440,0,0.00000000,0.00000000,0.00,0,0,-52.21,0.101,0.6860,0.6860,3.1850,3.3295,0.051819,0.140747,0.017761,0.988525,7.774,75.0,-1
1782705753.355,618,147648,0,0.00000000,0.00000000,0.00,0,0,-52.28,-0.241,-0.0980,0.8820,0.9800,1.3221,0.051819,0.140747,0.017761,0.988525,7.775,75.0,-1
1782705753.542,619,147872,0,0.00000000,0.00000000,0.00,0,0,-52.24,0.321,0.4410,0.3430,1.0780,1.2142,0.051819,0.140686,0.017700,0.988525,7.774,76.2,-1
1782705753.791,620,148092,0,0.00000000,0.00000000,0.00,0,0,-52.23,0.198,0.1470,0.7840,-0.0980,0.8037,0.051819,0.140747,0.017700,0.988525,7.774,73.8,-1
1782705753.978,621,148311,0,0.00000000,0.00000000,0.00,0,0,-52.17,0.224,0.3430,0.6860,1.5190,1.7016,0.051819,0.140747,0.017761,0.988525,7.773,75.0,-1
1782705754.227,622,148555,0,0.00000000,0.00000000,0.00,0,0,-52.21,-0.187,0.5390,0.5390,1.7150,1.8768,0.051819,0.140747,0.017761,0.988525,7.778,66.2,-1
1782705754.477,623,148769,0,0.00000000,0.00000000,0.00,0,0,-52.21,-0.177,0.1960,0.7350,1.7640,1.9210,0.051819,0.140747,0.017761,0.988525,7.775,77.5,-1
1782705754.664,624,148991,0,0.00000000,0.00000000,0.00,0,0,-52.25,-0.286,0.0980,0.6370,1.8130,1.9241,0.051819,0.140686,0.017822,0.988525,7.775,76.2,-1
1782705754.913,625,149214,0,0.00000000,0.00000000,0.00,0,0,-52.28,-0.124,0.3920,1.2740,1.4210,1.9483,0.051819,0.140686,0.017700,0.988525,7.774,73.8,-1
1782705755.101,626,149435,0,0.00000000,0.00000000,0.00,0,0,-52.21,0.050,0.0490,0.7350,2.1070,2.2321,0.051819,0.140686,0.017761,0.988525,7.774,72.5,-1
1782705755.351,627,149644,0,0.00000000,0.00000000,0.00,0,0,-52.14,0.408,0.3430,0.4900,1.8620,1.9557,0.051819,0.140686,0.017761,0.988525,7.779,71.2,-1
1782705755.537,628,149865,0,0.00000000,0.00000000,0.00,0,0,-52.27,-0.242,0.3920,0.7350,1.9110,2.0847,0.051819,0.140686,0.017761,0.988525,7.780,76.2,-1
1782705755.788,629,150084,0,0.00000000,0.00000000,0.00,0,0,-52.17,0.320,0.5390,0.9310,1.8130,2.1081,0.051819,0.140625,0.017761,0.988525,7.774,77.5,-1
1782705755.975,630,150305,0,0.00000000,0.00000000,0.00,0,0,-52.23,-0.030,-0.2450,0.6860,0.1470,0.7431,0.051819,0.140686,0.017822,0.988525,7.778,72.5,-1
1782705756.224,631,150541,0,0.00000000,0.00000000,0.00,0,0,-52.23,0.233,0.1960,0.6370,1.7640,1.8857,0.051819,0.140686,0.017822,0.988525,7.776,75.0,-1
1782705756.475,632,150766,0,0.00000000,0.00000000,0.00,0,0,-52.24,0.226,0.8330,0.7840,2.1070,2.3975,0.051819,0.140686,0.017822,0.988525,7.778,71.2,-1
1782705756.659,633,150988,0,0.00000000,0.00000000,0.00,0,0,-52.35,-0.583,0.3430,0.9800,1.5190,1.8399,0.051819,0.140808,0.017822,0.988525,7.775,76.2,-1
1782705756.910,634,151208,0,0.00000000,0.00000000,0.00,0,0,-52.29,0.154,-0.0490,0.6370,1.7640,1.8761,0.051819,0.140869,0.017822,0.988525,7.776,76.2,-1
1782705757.096,635,151429,0,0.00000000,0.00000000,0.00,0,0,-52.21,0.207,0.8330,0.8330,1.7150,2.0806,0.051819,0.140808,0.017822,0.988525,7.776,77.5,-1
1782705757.347,636,151641,0,0.00000000,0.00000000,0.00,0,0,-52.20,0.187,0.4900,0.9310,1.4700,1.8077,0.051819,0.140747,0.017822,0.988525,7.776,71.2,-1
1782705757.533,637,151858,0,0.00000000,0.00000000,0.00,0,0,-52.23,0.041,-0.0490,0.8820,1.9110,2.1053,0.051819,0.140686,0.017822,0.988525,7.778,76.2,-1
1782705757.782,638,152080,0,0.00000000,0.00000000,0.00,0,0,-52.20,0.264,0.0980,0.9800,1.6170,1.8933,0.051819,0.140686,0.017822,0.988525,7.779,71.2,-1
1782705757.970,639,152299,0,0.00000000,0.00000000,0.00,0,0,-52.30,-0.214,0.3920,0.6370,1.7150,1.8710,0.051819,0.140686,0.017822,0.988525,7.775,76.2,-1
1782705758.219,640,152520,0,0.00000000,0.00000000,0.00,0,0,-52.31,0.101,0.3920,0.4900,2.3030,2.3870,0.051819,0.140686,0.017822,0.988525,7.775,80.0,-1
1782705758.405,641,152731,0,0.00000000,0.00000000,0.00,0,0,-52.15,0.781,0.5390,1.0780,1.1760,1.6839,0.051819,0.140686,0.017822,0.988525,7.775,75.0,-1
1782705758.655,642,152952,0,0.00000000,0.00000000,0.00,0,0,-52.31,-0.563,0.4900,0.0490,1.1270,1.2299,0.051819,0.140686,0.017822,0.988525,7.775,75.0,-1
1782705758.840,643,153173,0,0.00000000,0.00000000,0.00,0,0,-52.20,0.047,0.3920,1.1270,1.9600,2.2946,0.051819,0.140686,0.017822,0.988525,7.778,73.8,-1
1782705759.089,644,153393,0,0.00000000,0.00000000,0.00,0,0,-52.28,-0.347,1.2250,0.9310,1.9110,2.4534,0.051819,0.140625,0.017822,0.988525,7.778,71.2,-1
1782705759.276,645,153605,0,0.00000000,0.00000000,0.00,0,0,-52.19,0.036,0.2940,0.4410,1.7640,1.8419,0.051819,0.140686,0.017822,0.988525,7.780,68.8,-1
1782705759.527,646,153821,0,0.00000000,0.00000000,0.00,0,0,-52.20,0.117,0.4410,0.6370,1.5190,1.7052,0.051819,0.140686,0.017822,0.988525,7.776,72.5,-1
1782705759.713,647,154044,0,0.00000000,0.00000000,0.00,0,0,-52.30,-0.325,-0.7350,2.0090,-0.2450,2.1532,0.051819,0.140625,0.017822,0.988525,7.776,68.8,-1
1782705759.964,648,154265,0,0.00000000,0.00000000,0.00,0,0,-52.23,0.018,0.4900,0.4900,1.0290,1.2406,0.051819,0.140625,0.017822,0.988525,7.778,72.5,-1
1782705760.152,649,154485,0,0.00000000,0.00000000,0.00,0,0,-52.35,-0.513,0.0000,0.3430,1.2740,1.3194,0.051819,0.140625,0.017761,0.988525,7.778,71.2,-1
1782705760.400,650,154697,0,0.00000000,0.00000000,0.00,0,0,-52.22,0.103,0.4900,0.8330,2.1560,2.3627,0.051819,0.140625,0.017761,0.988525,7.778,72.5,-1
1782705760.587,651,154916,0,0.00000000,0.00000000,0.00,0,0,-52.27,-0.215,0.8330,1.0290,2.1070,2.4884,0.051819,0.140625,0.017761,0.988525,7.778,68.8,-1
1782705760.837,652,155137,0,0.00000000,0.00000000,0.00,0,0,-52.14,0.456,0.3920,1.0780,1.7640,2.1041,0.051819,0.140625,0.017639,0.988525,7.776,71.2,-1
1782705761.025,653,155358,0,0.00000000,0.00000000,0.00,0,0,-52.17,-0.039,0.1960,0.7840,1.4700,1.6775,0.051819,0.140747,0.017700,0.988525,7.779,72.5,-1
1782705761.274,654,155571,0,0.00000000,0.00000000,0.00,0,0,-52.12,0.330,-0.8820,2.1560,0.0490,2.3299,0.051819,0.140808,0.017700,0.988525,7.779,70.0,-1
1782705761.460,655,155784,0,0.00000000,0.00000000,0.00,0,0,-52.17,0.085,0.0490,0.6860,1.4210,1.5787,0.051819,0.140808,0.017761,0.988525,7.778,70.0,-1
1782705761.707,656,156004,0,0.00000000,0.00000000,0.00,0,0,-52.20,-0.043,0.4900,0.1960,2.1070,2.1721,0.051819,0.140808,0.017761,0.988525,7.778,72.5,-1
1782705761.894,657,156226,0,0.00000000,0.00000000,0.00,0,0,-52.24,-0.147,0.1470,1.0290,1.5680,1.8812,0.051819,0.140808,0.017761,0.988525,7.779,70.0,-1
1782705762.146,658,156445,0,0.00000000,0.00000000,0.00,0,0,-52.25,-0.290,0.6860,0.7350,1.5190,1.8216,0.051819,0.140747,0.017822,0.988525,7.778,70.0,-1
1782705762.334,659,156662,0,0.00000000,0.00000000,0.00,0,0,-52.21,0.035,0.6860,1.2250,1.9110,2.3713,0.051819,0.140747,0.017822,0.988525,7.778,68.8,-1
1782705762.583,660,156881,0,0.00000000,0.00000000,0.00,0,0,-52.16,-0.003,0.5390,0.8330,1.0780,1.4651,0.051819,0.140747,0.017822,0.988525,7.778,68.8,-1
1782705762.770,661,157099,0,0.00000000,0.00000000,0.00,0,0,-52.22,0.090,0.8820,0.8330,2.2540,2.5598,0.051819,0.140747,0.017761,0.988525,7.775,70.0,-1
1782705763.023,662,157322,0,0.00000000,0.00000000,0.00,0,0,-52.12,0.191,1.4210,0.6860,3.1360,3.5106,0.051819,0.140686,0.017761,0.988525,7.778,70.0,-1
1782705763.210,663,157559,0,0.00000000,0.00000000,0.00,0,0,-52.22,-0.113,0.4410,0.6370,1.0780,1.3275,0.051819,0.140686,0.017761,0.988525,7.774,72.5,-1
1782705763.461,664,157783,0,0.00000000,0.00000000,0.00,0,0,-52.33,-0.481,0.8330,1.2740,1.7150,2.2931,0.051819,0.140686,0.017700,0.988525,7.778,70.0,-1
1782705763.709,665,158003,0,0.00000000,0.00000000,0.00,0,0,-52.21,0.251,0.0000,0.6860,0.8330,1.0791,0.051819,0.140686,0.017700,0.988525,7.779,70.0,-1
1782705763.893,666,158223,0,0.00000000,0.00000000,0.00,0,0,-52.13,0.472,0.5390,0.0980,1.6170,1.7073,0.051819,0.140686,0.017761,0.988525,7.778,70.0,-1
1782705764.142,667,158444,0,0.00000000,0.00000000,0.00,0,0,-52.24,-0.082,0.6370,2.4500,1.6660,3.0305,0.051819,0.140686,0.017761,0.988525,7.776,71.2,-1
1782705764.332,668,158655,0,0.00000000,0.00000000,0.00,0,0,-52.33,-0.115,0.3430,1.0290,1.3230,1.7108,0.051819,0.140686,0.017761,0.988525,7.781,66.2,-1
1782705764.580,669,158874,0,0.00000000,0.00000000,0.00,0,0,-52.21,0.487,0.6860,0.6370,1.0290,1.3911,0.051819,0.140686,0.017822,0.988525,7.779,65.0,-1
1782705764.765,670,159092,0,0.00000000,0.00000000,0.00,0,0,-52.26,0.013,1.4210,-0.0490,3.3810,3.6678,0.051819,0.140625,0.017822,0.988525,7.779,68.8,-1
1782705765.015,671,159315,0,0.00000000,0.00000000,0.00,0,0,-52.22,0.763,0.7840,0.6370,1.3720,1.7038,0.051880,0.140503,0.017761,0.988525,7.776,71.2,-1
1782705765.265,672,159560,0,0.00000000,0.00000000,0.00,0,0,-52.26,0.013,0.4410,0.6860,0.3920,0.9048,0.051758,0.140625,0.017761,0.988525,7.776,71.2,-1
1782705765.453,673,159777,0,0.00000000,0.00000000,0.00,0,0,-52.25,-0.288,0.6860,0.4410,1.5680,1.7674,0.051758,0.140625,0.017761,0.988525,7.776,70.0,-1
1782705765.702,674,160000,0,0.00000000,0.00000000,0.00,0,0,-52.27,-0.007,0.6860,0.4410,1.5190,1.7241,0.051819,0.140564,0.017761,0.988525,7.776,71.2,-1
1782705765.889,675,160217,0,0.00000000,0.00000000,0.00,0,0,-52.21,0.355,0.3430,0.8330,1.1760,1.4814,0.051819,0.140564,0.017639,0.988586,7.778,70.0,-1
1782705766.138,676,160438,0,0.00000000,0.00000000,0.00,0,0,-52.23,-0.093,0.4410,0.6860,2.1070,2.2593,0.051819,0.140625,0.017639,0.988525,7.779,72.5,-1
1782705766.324,677,160649,0,0.00000000,0.00000000,0.00,0,0,-52.20,-0.057,0.8820,0.9800,0.8820,1.5863,0.051819,0.140686,0.017700,0.988525,7.776,75.0,-1
1782705766.574,678,160869,0,0.00000000,0.00000000,0.00,0,0,-52.17,0.160,0.4410,0.4900,2.0090,2.1144,0.051819,0.140747,0.017578,0.988525,7.776,73.8,-1
1782705766.762,679,161086,0,0.00000000,0.00000000,0.00,0,0,-52.22,-0.471,0.2450,0.3920,1.8130,1.8710,0.051819,0.140686,0.017639,0.988525,7.774,81.2,-1
1782705767.009,680,161306,0,0.00000000,0.00000000,0.00,0,0,-52.27,-0.506,0.0980,1.0290,0.9310,1.3911,0.051636,0.140747,0.017639,0.988525,7.775,80.0,-1
1782705767.259,681,161552,0,0.00000000,0.00000000,0.00,0,0,-52.31,-0.219,0.3920,0.6860,1.4210,1.6259,0.051697,0.140686,0.017578,0.988525,7.775,73.8,-1
1782705767.446,682,161771,0,0.00000000,0.00000000,0.00,0,0,-52.23,-0.091,-0.0490,0.3430,1.1270,1.1791,0.051636,0.140686,0.017578,0.988525,7.773,76.2,-1
1782705767.693,683,161991,0,0.00000000,0.00000000,0.00,0,0,-52.27,-0.083,0.0490,0.7350,0.8820,1.1492,0.051636,0.140686,0.017578,0.988525,7.775,75.0,-1
1782705767.882,684,162212,0,0.00000000,0.00000000,0.00,0,0,-52.19,0.278,0.3920,0.2940,1.8620,1.9254,0.051575,0.140686,0.017700,0.988525,7.776,77.5,-1
1782705768.128,685,162433,0,0.00000000,0.00000000,0.00,0,0,-52.16,0.708,0.0000,0.9310,1.4700,1.7400,0.051575,0.140747,0.017822,0.988525,7.774,75.0,-1
1782705768.315,686,162643,0,0.00000000,0.00000000,0.00,0,0,-52.18,0.073,1.1270,0.5880,2.1560,2.5028,0.051514,0.140747,0.017700,0.988525,7.778,71.2,-1
1782705768.564,687,162863,0,0.00000000,0.00000000,0.00,0,0,-52.18,-0.010,0.3430,0.4900,1.4210,1.5417,0.051514,0.140747,0.017700,0.988525,7.775,75.0,-1
1782705768.751,688,163084,0,0.00000000,0.00000000,0.00,0,0,-52.14,0.605,0.4900,0.5880,1.7150,1.8780,0.051514,0.140747,0.017700,0.988525,7.778,73.8,-1
1782705769.001,689,163304,0,0.00000000,0.00000000,0.00,0,0,-52.19,-0.143,0.5390,0.0980,1.5680,1.6609,0.051514,0.140747,0.017761,0.988525,7.774,75.0,-1
1782705769.188,690,163523,0,0.00000000,0.00000000,0.00,0,0,-52.28,-0.536,0.2940,0.7350,1.5190,1.7129,0.051575,0.140747,0.017761,0.988525,7.774,78.8,-1
1782705769.437,691,163734,0,0.00000000,0.00000000,0.00,0,0,-52.26,-0.073,0.6860,0.8330,2.4990,2.7220,0.051575,0.140747,0.017761,0.988525,7.774,72.5,-1
1782705769.625,692,163955,0,0.00000000,0.00000000,0.00,0,0,-52.23,0.160,0.2450,0.5880,1.0290,1.2102,0.051575,0.140686,0.017822,0.988525,7.775,75.0,-1
1782705769.875,693,164175,0,0.00000000,0.00000000,0.00,0,0,-52.32,-0.365,0.1960,0.9310,1.2740,1.5900,0.051575,0.140686,0.017822,0.988525,7.776,73.8,-1
1782705770.059,694,164397,0,0.00000000,0.00000000,0.00,0,0,-52.25,-0.080,1.0780,-0.8330,1.7150,2.1903,0.051575,0.140686,0.017822,0.988525,7.776,72.5,-1
1782705770.307,695,164610,0,0.00000000,0.00000000,0.00,0,0,-52.23,-0.053,0.5880,0.4410,1.5680,1.7317,0.051575,0.140686,0.017822,0.988525,7.778,73.8,-1
1782705770.493,696,164825,0,0.00000000,0.00000000,0.00,0,0,-52.25,-0.090,-0.0490,0.3430,1.8130,1.8458,0.051575,0.140625,0.017822,0.988586,7.778,75.0,-1
1782705770.743,697,165049,0,0.00000000,0.00000000,0.00,0,0,-52.33,-0.592,0.5880,-0.0980,1.8130,1.9085,0.051575,0.140625,0.017761,0.988586,7.778,71.2,-1
1782705770.932,698,165268,0,0.00000000,0.00000000,0.00,0,0,-52.23,0.234,0.5880,0.2940,1.2740,1.4336,0.051575,0.140625,0.017761,0.988586,7.778,73.8,-1
1782705771.182,699,165489,0,0.00000000,0.00000000,0.00,0,0,-52.23,-0.286,0.8820,0.3430,2.3030,2.4899,0.051575,0.140686,0.017822,0.988525,7.775,72.5,-1
1782705771.370,700,165699,0,0.00000000,0.00000000,0.00,0,0,-52.25,-0.309,0.1470,0.6370,1.2740,1.4319,0.051575,0.140686,0.017822,0.988525,7.778,73.8,-1
1782705771.622,701,165920,0,0.00000000,0.00000000,0.00,0,0,-52.27,-0.113,-1.0780,2.3030,-1.2740,2.8441,0.051575,0.140625,0.017822,0.988525,7.775,73.8,-1
1782705771.808,702,166140,0,0.00000000,0.00000000,0.00,0,0,-52.24,0.357,0.0980,-0.1470,1.4210,1.4319,0.051575,0.140686,0.017822,0.988525,7.774,76.2,-1
1782705772.060,703,166362,0,0.00000000,0.00000000,0.00,0,0,-52.18,0.192,-0.0490,0.6370,0.8330,1.0498,0.051575,0.140747,0.017822,0.988525,7.774,72.5,-1
1782705772.245,704,166573,0,0.00000000,0.00000000,0.00,0,0,-52.30,-0.607,0.5390,0.1960,1.5680,1.6696,0.051575,0.140747,0.017822,0.988525,7.775,73.8,-1
1782705772.497,705,166790,0,0.00000000,0.00000000,0.00,0,0,-52.30,-0.070,-0.4410,1.1760,1.3230,1.8242,0.051575,0.140747,0.017822,0.988525,7.775,73.8,-1
1782705772.683,706,167009,0,0.00000000,0.00000000,0.00,0,0,-52.29,0.089,0.4900,0.5390,1.0780,1.3010,0.051575,0.140686,0.017822,0.988525,7.775,75.0,-1
1782705772.933,707,167232,0,0.00000000,0.00000000,0.00,0,0,-52.37,-0.221,0.6860,0.3920,1.2740,1.4991,0.051514,0.140686,0.017761,0.988525,7.776,72.5,-1
1782705773.120,708,167453,0,0.00000000,0.00000000,0.00,0,0,-52.39,-0.058,0.2450,0.5390,1.6170,1.7220,0.051514,0.140625,0.017700,0.988586,7.775,71.2,-1
1782705773.370,709,167664,0,0.00000000,0.00000000,0.00,0,0,-52.32,0.078,1.2250,0.6860,2.1560,2.5728,0.051514,0.140625,0.017639,0.988586,7.776,75.0,-1
1782705773.558,710,167883,0,0.00000000,0.00000000,0.00,0,0,-52.36,-0.146,0.5880,0.5390,1.6660,1.8471,0.051514,0.140686,0.017700,0.988586,7.775,73.8,-1
1782705773.807,711,168106,0,0.00000000,0.00000000,0.00,0,0,-52.36,-0.062,0.9800,-0.7350,1.9110,2.2699,0.051514,0.140686,0.017761,0.988525,7.778,77.5,-1
1782705773.992,712,168325,0,0.00000000,0.00000000,0.00,0,0,-52.37,-0.177,0.0000,0.8820,0.8820,1.2473,0.051514,0.140686,0.017761,0.988525,7.776,73.8,-1
1782705774.243,713,168570,0,0.00000000,0.00000000,0.00,0,0,-52.36,-0.020,0.2940,1.0780,2.1560,2.4283,0.051514,0.140686,0.017761,0.988525,7.774,75.0,-1
1782705774.493,714,168784,0,0.00000000,0.00000000,0.00,0,0,-52.32,0.159,0.3430,0.8330,1.6170,1.8510,0.051575,0.140686,0.017822,0.988525,7.773,73.8,-1
1782705774.679,715,169006,0,0.00000000,0.00000000,0.00,0,0,-52.27,0.281,0.3920,0.7840,1.4210,1.6696,0.051514,0.140686,0.017761,0.988525,7.775,71.2,-1
1782705774.929,716,169226,0,0.00000000,0.00000000,0.00,0,0,-52.32,-0.217,0.6860,0.2450,1.6660,1.8183,0.051514,0.140686,0.017700,0.988586,7.775,72.5,-1
1782705775.116,717,169449,0,0.00000000,0.00000000,0.00,0,0,-52.31,0.047,0.5390,1.0290,1.4700,1.8736,0.051514,0.140625,0.017639,0.988586,7.776,78.8,-1
1782705775.368,718,169658,0,0.00000000,0.00000000,0.00,0,0,-52.29,0.290,0.0980,0.6860,2.1070,2.2180,0.051514,0.140625,0.017578,0.988586,7.775,72.5,-1
1782705775.553,719,169876,0,0.00000000,0.00000000,0.00,0,0,-52.38,-0.219,0.3430,0.3920,1.5680,1.6523,0.051514,0.140625,0.017639,0.988586,7.776,71.2,-1
1782705775.803,720,170099,0,0.00000000,0.00000000,0.00,0,0,-52.46,-0.262,0.6370,0.1470,0.8820,1.0979,0.051514,0.140625,0.017700,0.988586,7.775,72.5,-1
1782705775.990,721,170319,0,0.00000000,0.00000000,0.00,0,0,-52.39,-0.105,0.2450,0.6370,1.6170,1.7551,0.051514,0.140625,0.017700,0.988586,7.775,73.8,-1
1782705776.238,722,170562,0,0.00000000,0.00000000,0.00,0,0,-52.39,0.121,0.3920,0.6370,0.8330,1.1195,0.051514,0.140625,0.017639,0.988586,7.776,71.2,-1
1782705776.487,723,170779,0,0.00000000,0.00000000,0.00,0,0,-52.32,0.220,0.2940,0.4900,1.7640,1.8542,0.051514,0.140625,0.017578,0.988586,7.775,75.0,-1
1782705776.674,724,171001,0,0.00000000,0.00000000,0.00,0,0,-52.28,0.183,0.3920,0.4410,1.4210,1.5386,0.051514,0.140625,0.017578,0.988586,7.775,73.8,-1
1782705776.920,725,171223,0,0.00000000,0.00000000,0.00,0,0,-52.20,0.503,0.5390,0.4900,1.4210,1.5968,0.051514,0.140625,0.017639,0.988586,7.773,72.5,-1
1782705777.106,726,171439,0,0.00000000,0.00000000,0.00,0,0,-52.41,-0.584,0.5390,0.3430,1.7150,1.8301,0.051514,0.140625,0.017700,0.988586,7.773,76.2,-1
1782705777.359,727,171653,0,0.00000000,0.00000000,0.00,0,0,-52.35,0.008,0.3430,0.1470,1.1270,1.1872,0.051514,0.140625,0.017700,0.988586,7.775,75.0,-1
1782705777.546,728,171873,0,0.00000000,0.00000000,0.00,0,0,-52.36,-0.074,0.0000,0.9800,0.8330,1.2862,0.051514,0.140625,0.017639,0.988586,7.776,73.8,-1
1782705777.797,729,172092,0,0.00000000,0.00000000,0.00,0,0,-52.27,0.297,0.7350,0.9310,3.0870,3.3070,0.051514,0.140625,0.017639,0.988586,7.776,75.0,-1
1782705777.985,730,172314,0,0.00000000,0.00000000,0.00,0,0,-52.32,-0.299,0.0980,0.7840,1.3720,1.5832,0.051514,0.140625,0.017578,0.988586,7.776,71.2,-1
1782705778.234,731,172558,0,0.00000000,0.00000000,0.00,0,0,-52.31,0.248,1.2740,0.7840,3.4300,3.7420,0.051514,0.140564,0.017578,0.988586,7.776,73.8,-1
1782705778.484,732,172774,0,0.00000000,0.00000000,0.00,0,0,-52.32,0.211,0.4900,0.6860,0.7350,1.1184,0.051514,0.140686,0.017700,0.988586,7.775,71.2,-1
1782705778.671,733,172996,0,0.00000000,0.00000000,0.00,0,0,-52.32,0.206,-0.2940,0.4410,0.3920,0.6592,0.051514,0.140747,0.017700,0.988525,7.779,75.0,-1
1782705778.921,734,173213,0,0.00000000,0.00000000,0.00,0,0,-52.40,-0.447,0.1470,-0.1470,1.6170,1.6303,0.051514,0.140808,0.017761,0.988525,7.775,80.0,-1
1782705779.105,735,173432,0,0.00000000,0.00000000,0.00,0,0,-52.27,0.163,0.6860,0.4410,2.0580,2.2137,0.051514,0.140747,0.017761,0.988525,7.778,82.5,-1
1782705779.352,736,173646,0,0.00000000,0.00000000,0.00,0,0,-52.32,0.059,0.3920,0.4410,1.6170,1.7213,0.051514,0.140686,0.017761,0.988525,7.775,76.2,-1
1782705779.539,737,173866,0,0.00000000,0.00000000,0.00,0,0,-52.34,0.036,0.3430,0.2940,2.1070,2.1549,0.051575,0.140686,0.017761,0.988525,7.778,73.8,-1
1782705779.788,738,174088,0,0.00000000,0.00000000,0.00,0,0,-52.31,0.205,0.2940,0.0490,1.9600,1.9825,0.051575,0.140686,0.017822,0.988525,7.776,77.5,-1
1782705779.974,739,174308,0,0.00000000,0.00000000,0.00,0,0,-52.30,0.172,-0.2940,1.5680,0.9800,1.8723,0.051575,0.140686,0.017822,0.988525,7.776,72.5,-1
1782705780.222,740,174553,0,0.00000000,0.00000000,0.00,0,0,-52.24,0.272,0.2450,0.6860,1.3720,1.5534,0.051575,0.140686,0.017822,0.988525,7.779,72.5,-1
1782705780.471,741,174768,0,0.00000000,0.00000000,0.00,0,0,-52.31,-0.198,0.2940,0.7350,1.4700,1.6696,0.051514,0.140686,0.017761,0.988525,7.778,78.8,-1
1782705780.656,742,174990,0,0.00000000,0.00000000,0.00,0,0,-52.24,0.389,0.8820,1.1270,2.2540,2.6699,0.051514,0.140686,0.017761,0.988525,7.779,67.5,-1
1782705780.904,743,175209,0,0.00000000,0.00000000,0.00,0,0,-52.28,-0.394,0.1960,0.7840,1.0290,1.3084,0.051514,0.140686,0.017700,0.988525,7.778,68.8,-1
1782705781.090,744,175431,0,0.00000000,0.00000000,0.00,0,0,-52.31,-0.095,0.4900,0.4900,1.6660,1.8044,0.051514,0.140686,0.017700,0.988525,7.778,66.2,-1
1782705781.340,745,175642,0,0.00000000,0.00000000,0.00,0,0,-52.26,-0.236,0.5880,0.6370,1.9110,2.0984,0.051514,0.140686,0.017761,0.988525,7.778,75.0,-1
1782705781.527,746,175859,0,0.00000000,0.00000000,0.00,0,0,-52.27,-0.106,0.5390,0.9310,1.6170,1.9422,0.051514,0.140686,0.017761,0.988525,7.773,78.8,-1
1782705781.779,747,176081,0,0.00000000,0.00000000,0.00,0,0,-52.15,0.753,0.0000,1.8130,2.1560,2.8170,0.051575,0.140686,0.017822,0.988525,7.779,68.8,-1
1782705781.966,748,176303,0,0.00000000,0.00000000,0.00,0,0,-52.21,0.027,0.5390,1.1270,1.4700,1.9291,0.051575,0.140625,0.017822,0.988586,7.778,75.0,-1
1782705782.215,749,176524,0,0.00000000,0.00000000,0.00,0,0,-52.36,-0.658,0.1960,0.8330,2.0580,2.2288,0.051575,0.140564,0.017822,0.988586,7.776,76.2,-1
1782705782.402,750,176732,0,0.00000000,0.00000000,0.00,0,0,-52.35,-0.268,0.2940,-0.1470,1.1760,1.2211,0.051575,0.140564,0.017822,0.988586,7.778,70.0,-1
1782705782.651,751,176955,0,0.00000000,0.00000000,0.00,0,0,-52.28,0.244,0.1960,0.8820,1.5190,1.7674,0.051575,0.140564,0.017761,0.988586,7.778,67.5,-1
1782705782.837,752,177175,0,0.00000000,0.00000000,0.00,0,0,-52.21,0.334,0.4900,0.6860,2.0090,2.1787,0.051514,0.140686,0.017761,0.988525,7.779,70.0,-1
1782705783.089,753,177395,0,0.00000000,0.00000000,0.00,0,0,-52.30,-0.279,0.6370,0.6860,2.0580,2.2609,0.051514,0.140747,0.017761,0.988525,7.776,70.0,-1
1782705783.276,754,177608,0,0.00000000,0.00000000,0.00,0,0,-52.25,-0.056,0.2450,0.5390,1.9110,2.0006,0.051514,0.140747,0.017761,0.988525,7.778,70.0,-1
1782705783.524,755,177826,0,0.00000000,0.00000000,0.00,0,0,-52.27,-0.346,0.7350,0.6860,1.7640,2.0304,0.051514,0.140808,0.017700,0.988525,7.776,75.0,-1
1782705783.712,756,178047,0,0.00000000,0.00000000,0.00,0,0,-52.15,0.524,-0.3430,0.9310,0.6370,1.1791,0.051514,0.140747,0.017700,0.988525,7.776,72.5,-1
1782705783.962,757,178267,0,0.00000000,0.00000000,0.00,0,0,-52.16,0.235,0.4900,0.3430,1.3230,1.4519,0.051514,0.140747,0.017761,0.988525,7.776,73.8,-1
1782705784.147,758,178488,0,0.00000000,0.00000000,0.00,0,0,-52.23,-0.113,0.3430,0.4410,1.4700,1.5726,0.051514,0.140747,0.017761,0.988525,7.776,71.2,-1
1782705784.397,759,178697,0,0.00000000,0.00000000,0.00,0,0,-52.24,-0.352,0.4900,0.8820,1.4210,1.7428,0.051514,0.140747,0.017761,0.988525,7.778,70.0,-1
1782705784.581,760,178917,0,0.00000000,0.00000000,0.00,0,0,-52.19,0.227,0.1470,0.7840,1.7150,1.8914,0.051514,0.140686,0.017700,0.988525,7.776,70.0,-1
1782705784.829,761,179135,0,0.00000000,0.00000000,0.00,0,0,-52.12,0.153,0.0490,0.9800,1.2250,1.5695,0.051514,0.140686,0.017700,0.988525,7.778,71.2,-1
1782705785.017,762,179358,0,0.00000000,0.00000000,0.00,0,0,-52.20,-0.280,0.0980,0.6860,0.7350,1.0102,0.051514,0.140686,0.017700,0.988525,7.779,72.5,-1
1782705785.267,763,179571,0,0.00000000,0.00000000,0.00,0,0,-52.20,-0.253,0.2940,0.2450,1.4210,1.4716,0.051514,0.140686,0.017639,0.988586,7.779,68.8,-1
1782705785.454,764,179788,0,0.00000000,0.00000000,0.00,0,0,-52.35,-0.528,0.6370,1.0290,1.9600,2.3035,0.051514,0.140686,0.017639,0.988586,7.776,71.2,-1
1782705785.703,765,180011,0,0.00000000,0.00000000,0.00,0,0,-52.25,-0.046,0.7840,0.4900,1.6660,1.9053,0.051514,0.140686,0.017700,0.988525,7.779,70.0,-1
1782705785.891,766,180232,0,0.00000000,0.00000000,0.00,0,0,-52.22,0.047,0.8330,0.9310,1.8130,2.2017,0.051514,0.140686,0.017700,0.988525,7.776,72.5,-1
1782705786.140,767,180452,0,0.00000000,0.00000000,0.00,0,0,-52.27,-0.130,0.0000,0.8820,1.2250,1.5095,0.051514,0.140686,0.017639,0.988586,7.776,72.5,-1
1782705786.328,768,180664,0,0.00000000,0.00000000,0.00,0,0,-52.31,-0.217,0.8330,-0.2450,1.8620,2.0545,0.051514,0.140747,0.017700,0.988525,7.776,68.8,-1
1782705786.578,769,180879,0,0.00000000,0.00000000,0.00,0,0,-52.21,0.532,0.1960,1.5190,1.2740,1.9922,0.051514,0.140747,0.017700,0.988525,7.776,73.8,-1
1782705786.766,770,181100,0,0.00000000,0.00000000,0.00,0,0,-52.20,0.271,0.2450,0.8330,2.0580,2.2337,0.051514,0.140747,0.017761,0.988525,7.776,72.5,-1
1782705787.017,771,181325,0,0.00000000,0.00000000,0.00,0,0,-52.28,-0.222,0.3920,0.1470,1.5680,1.6229,0.051575,0.140686,0.017822,0.988525,7.776,70.0,-1
1782705787.268,772,181566,0,0.00000000,0.00000000,0.00,0,0,-52.20,0.421,-0.0490,1.2740,0.4900,1.3659,0.051575,0.140686,0.017822,0.988525,7.776,68.8,-1
1782705787.455,773,181785,0,0.00000000,0.00000000,0.00,0,0,-52.22,0.424,0.3430,0.5880,1.0290,1.2338,0.051575,0.140686,0.017822,0.988525,7.776,71.2,-1
1782705787.702,774,182003,0,0.00000000,0.00000000,0.00,0,0,-52.16,0.067,0.7350,0.8820,3.1850,3.3856,0.051575,0.140686,0.017883,0.988525,7.776,71.2,-1
1782705787.888,775,182226,0,0.00000000,0.00000000,0.00,0,0,-52.18,0.148,0.6370,0.7840,1.2740,1.6259,0.051575,0.140686,0.017883,0.988525,7.779,70.0,-1
1782705788.135,776,182446,0,0.00000000,0.00000000,0.00,0,0,-52.22,0.219,0.4900,1.7150,1.9110,2.6140,0.051575,0.140686,0.017883,0.988525,7.780,67.5,-1
1782705788.323,777,182660,0,0.00000000,0.00000000,0.00,0,0,-52.20,-0.056,-0.2450,0.9800,1.7640,2.0328,0.051575,0.140686,0.017883,0.988525,7.776,70.0,-1
1782705788.571,778,182875,0,0.00000000,0.00000000,0.00,0,0,-52.23,0.381,0.0000,1.2250,1.0780,1.6318,0.051575,0.140686,0.017883,0.988525,7.775,75.0,-1
1782705788.758,779,183096,0,0.00000000,0.00000000,0.00,0,0,-52.17,0.602,0.9310,-0.6860,1.8620,2.1919,0.051575,0.140686,0.017883,0.988525,7.776,75.0,-1
1782705789.008,780,183319,0,0.00000000,0.00000000,0.00,0,0,-52.19,0.205,0.5390,0.8330,1.4210,1.7331,0.051575,0.140686,0.017883,0.988525,7.775,72.5,-1
1782705789.259,781,183560,0,0.00000000,0.00000000,0.00,0,0,-52.24,-0.020,0.5880,0.6370,2.0090,2.1881,0.051575,0.140686,0.017883,0.988525,7.776,71.2,-1
1782705789.445,782,183779,0,0.00000000,0.00000000,0.00,0,0,-52.34,-0.385,0.3920,0.6370,1.6170,1.7816,0.051575,0.140686,0.017883,0.988525,7.776,73.8,-1
1782705789.697,783,183997,0,0.00000000,0.00000000,0.00,0,0,-52.23,0.451,0.2940,0.3430,1.3720,1.4445,0.051575,0.140686,0.017883,0.988525,7.773,77.5,-1
1782705789.885,784,184218,0,0.00000000,0.00000000,0.00,0,0,-52.25,-0.316,0.1470,-0.1960,2.2050,2.2186,0.051575,0.140686,0.017883,0.988525,7.774,80.0,-1
1782705790.133,785,184441,0,0.00000000,0.00000000,0.00,0,0,-52.21,0.254,0.1470,0.7350,1.0780,1.3130,0.051575,0.140686,0.017883,0.988525,7.775,75.0,-1
1782705790.321,786,184652,0,0.00000000,0.00000000,0.00,0,0,-52.28,-0.549,0.0980,0.7840,1.0780,1.3365,0.051575,0.140686,0.017883,0.988525,7.778,73.8,-1
1782705790.568,787,184871,0,0.00000000,0.00000000,0.00,0,0,-52.21,0.340,0.0980,0.9310,1.6170,1.8684,0.051575,0.140686,0.017883,0.988525,7.778,68.8,-1
1782705790.756,788,185092,0,0.00000000,0.00000000,0.00,0,0,-52.26,0.210,0.0980,0.5390,1.9600,2.0351,0.051575,0.140686,0.017883,0.988525,7.779,75.0,-1
1782705791.007,789,185312,0,0.00000000,0.00000000,0.00,0,0,-52.34,-0.332,0.4900,0.3430,1.8130,1.9091,0.051575,0.140686,0.017883,0.988525,7.778,72.5,-1
1782705791.257,790,185555,0,0.00000000,0.00000000,0.00,0,0,-52.33,0.115,0.2450,0.4410,2.0090,2.0714,0.051575,0.140686,0.017883,0.988525,7.775,73.8,-1
1782705791.446,791,185774,0,0.00000000,0.00000000,0.00,0,0,-52.17,0.840,0.5880,0.2450,0.6370,0.9009,0.051575,0.140686,0.017883,0.988525,7.774,75.0,-1
1782705791.695,792,185995,0,0.00000000,0.00000000,0.00,0,0,-52.25,0.109,0.1960,0.6860,1.4700,1.6340,0.051575,0.140686,0.017822,0.988525,7.774,71.2,-1
1782705791.882,793,186214,0,0.00000000,0.00000000,0.00,0,0,-52.25,0.086,-0.1470,0.6370,1.5680,1.6988,0.051514,0.140686,0.017761,0.988525,7.776,72.5,-1
1782705792.131,794,186434,0,0.00000000,0.00000000,0.00,0,0,-52.28,0.220,0.3430,0.2450,1.5190,1.5764,0.051514,0.140625,0.017700,0.988586,7.774,73.8,-1
1782705792.317,795,186647,0,0.00000000,0.00000000,0.00,0,0,-52.33,-0.114,1.2740,0.4900,2.6950,3.0210,0.051514,0.140625,0.017761,0.988586,7.775,77.5,-1
1782705792.566,796,186864,0,0.00000000,0.00000000,0.00,0,0,-52.38,-0.468,0.5880,0.2450,1.3720,1.5127,0.051575,0.140625,0.017761,0.988586,7.771,76.2,-1
1782705792.753,797,187086,0,0.00000000,0.00000000,0.00,0,0,-52.40,-0.292,1.3230,0.5880,3.4790,3.7682,0.051514,0.140625,0.017761,0.988586,7.779,71.2,-1
1782705793.001,798,187306,0,0.00000000,0.00000000,0.00,0,0,-52.25,0.373,0.6860,0.2940,1.9110,2.0516,0.051514,0.140625,0.017700,0.988586,7.774,76.2,-1
1782705793.250,799,187551,0,0.00000000,0.00000000,0.00,0,0,-52.36,-0.147,0.1960,0.2940,1.6170,1.6552,0.051514,0.140625,0.017639,0.988586,7.775,70.0,-1
1782705793.438,800,187766,0,0.00000000,0.00000000,0.00,0,0,-52.39,-0.224,0.4410,0.4900,0.9800,1.1811,0.051514,0.140625,0.017578,0.988586,7.774,78.8,-1
1782705793.688,801,187986,0,0.00000000,0.00000000,0.00,0,0,-52.31,-0.085,0.2940,1.2740,1.0290,1.6638,0.051514,0.140625,0.017700,0.988586,7.771,76.2,-1
1782705793.876,802,188210,0,0.00000000,0.00000000,0.00,0,0,-52.31,0.019,0.1960,0.9310,1.7640,2.0042,0.051514,0.140625,0.017700,0.988586,7.775,68.8,-1
1782705794.124,803,188429,0,0.00000000,0.00000000,0.00,0,0,-52.35,0.069,-0.1960,1.1270,1.6660,2.0209,0.051514,0.140625,0.017700,0.988586,7.773,75.0,-1
1782705794.309,804,188640,0,0.00000000,0.00000000,0.00,0,0,-52.30,-0.006,0.8330,0.3920,0.9310,1.3093,0.051514,0.140625,0.017639,0.988586,7.775,72.5,-1
1782705794.556,805,188857,0,0.00000000,0.00000000,0.00,0,0,-52.27,-0.023,0.3920,0.5390,1.8130,1.9316,0.051392,0.140686,0.017761,0.988586,7.774,76.2,-1
1782705794.745,806,189080,0,0.00000000,0.00000000,0.00,0,0,-52.28,0.133,0.8330,0.2940,2.9400,3.0698,0.051453,0.140686,0.017883,0.988525,7.776,72.5,-1
1782705794.997,807,189300,0,0.00000000,0.00000000,0.00,0,0,-52.33,0.174,0.0490,0.7350,1.5190,1.6882,0.051514,0.140686,0.018005,0.988525,7.774,73.8,-1
1782705795.184,808,189521,0,0.00000000,0.00000000,0.00,0,0,-52.41,-0.243,0.4900,0.8330,0.9310,1.3419,0.051514,0.140686,0.018005,0.988525,7.774,77.5,-1
1782705795.434,809,189733,0,0.00000000,0.00000000,0.00,0,0,-52.38,-0.041,0.4410,0.6860,1.4210,1.6384,0.051514,0.140625,0.017944,0.988525,7.775,75.0,-1
1782705795.620,810,189950,0,0.00000000,0.00000000,0.00,0,0,-52.35,0.343,0.5390,0.6370,1.5190,1.7331,0.051575,0.140564,0.017944,0.988586,7.774,72.5,-1
1782705795.870,811,190173,0,0.00000000,0.00000000,0.00,0,0,-52.35,-0.406,-1.4210,1.7640,-2.0090,3.0277,0.051575,0.140564,0.017944,0.988586,7.776,76.2,-1
1782705796.057,812,190393,0,0.00000000,0.00000000,0.00,0,0,-52.34,-0.453,-0.3430,0.9800,0.5390,1.1699,0.051575,0.140564,0.017822,0.988586,7.775,76.2,-1
1782705796.308,813,190606,0,0.00000000,0.00000000,0.00,0,0,-52.39,-0.555,0.3920,0.1470,2.2540,2.2926,0.051514,0.140625,0.017761,0.988586,7.776,73.8,-1
1782705796.494,814,190822,0,0.00000000,0.00000000,0.00,0,0,-52.41,-0.228,0.0000,0.6370,1.2250,1.3807,0.051514,0.140625,0.017700,0.988586,7.773,75.0,-1
1782705796.742,815,191045,0,0.00000000,0.00000000,0.00,0,0,-52.26,0.351,0.3920,0.1960,1.3230,1.3937,0.051514,0.140564,0.017639,0.988586,7.775,73.8,-1
1782705796.928,816,191266,0,0.00000000,0.00000000,0.00,0,0,-52.32,-0.234,0.0490,0.4900,1.6660,1.7373,0.051514,0.140564,0.017639,0.988586,7.776,72.5,-1
1782705797.175,817,191486,0,0.00000000,0.00000000,0.00,0,0,-52.43,-0.303,0.1470,0.4900,1.8620,1.9310,0.051514,0.140564,0.017700,0.988586,7.775,73.8,-1
1782705797.361,818,191694,0,0.00000000,0.00000000,0.00,0,0,-52.42,-0.405,-0.1470,1.0290,-0.2940,1.0802,0.051514,0.140564,0.017761,0.988586,7.773,81.2,-1
1782705797.610,819,191918,0,0.00000000,0.00000000,0.00,0,0,-52.43,-0.018,0.1960,0.5390,0.7840,0.9714,0.051514,0.140686,0.017700,0.988586,7.774,76.2,-1
1782705797.795,820,192137,0,0.00000000,0.00000000,0.00,0,0,-52.41,0.054,0.1470,0.0490,2.0580,2.0638,0.051514,0.140686,0.017700,0.988525,7.774,76.2,-1
1782705798.047,821,192358,0,0.00000000,0.00000000,0.00,0,0,-52.31,0.620,1.0780,-0.0490,2.2540,2.4990,0.051514,0.140686,0.017761,0.988525,7.774,76.2,-1
1782705798.234,822,192572,0,0.00000000,0.00000000,0.00,0,0,-52.42,-0.580,0.1960,0.7350,1.4700,1.6552,0.051514,0.140686,0.017761,0.988525,7.774,76.2,-1
1782705798.484,823,192787,0,0.00000000,0.00000000,0.00,0,0,-52.38,-0.053,0.5390,0.9800,2.1560,2.4288,0.051575,0.140686,0.017822,0.988525,7.776,68.8,-1
1782705798.671,824,193008,0,0.00000000,0.00000000,0.00,0,0,-52.37,-0.098,0.4900,0.6370,1.7640,1.9384,0.051575,0.140686,0.017822,0.988525,7.774,73.8,-1
1782705798.918,825,193229,0,0.00000000,0.00000000,0.00,0,0,-52.39,-0.171,0.2940,0.4410,1.6660,1.7483,0.051514,0.140686,0.017761,0.988525,7.776,75.0,-1
1782705799.104,826,193450,0,0.00000000,0.00000000,0.00,0,0,-52.42,-0.199,0.1470,0.4410,1.7640,1.8242,0.051514,0.140747,0.017700,0.988525,7.776,68.8,-1
1782705799.354,827,193659,0,0.00000000,0.00000000,0.00,0,0,-52.52,-0.468,0.1470,0.8330,1.8130,2.0006,0.051514,0.140686,0.017700,0.988525,7.773,75.0,-1
1782705799.542,828,193882,0,0.00000000,0.00000000,0.00,0,0,-52.39,0.392,0.4900,0.9800,1.3720,1.7558,0.051514,0.140686,0.017761,0.988525,7.778,70.0,-1
1782705799.793,829,194098,0,0.00000000,0.00000000,0.00,0,0,-52.38,-0.197,0.1470,0.8820,0.9800,1.3266,0.051514,0.140686,0.017761,0.988525,7.773,77.5,-1
1782705799.980,830,194320,0,0.00000000,0.00000000,0.00,0,0,-52.40,0.184,0.0490,0.4410,1.3720,1.4420,0.051575,0.140686,0.017822,0.988525,7.774,78.8,-1
1782705800.229,831,194566,0,0.00000000,0.00000000,0.00,0,0,-52.41,0.083,0.0980,0.7840,1.0780,1.3365,0.051575,0.140686,0.017822,0.988525,7.779,73.8,-1
1782705800.477,832,194786,0,0.00000000,0.00000000,0.00,0,0,-52.34,0.266,0.0490,0.6370,1.6170,1.7386,0.051575,0.140625,0.017822,0.988586,7.778,75.0,-1
1782705800.666,833,195001,0,0.00000000,0.00000000,0.00,0,0,-52.44,-0.377,0.2940,0.3920,1.7640,1.8308,0.051514,0.140625,0.017761,0.988586,7.776,68.8,-1
1782705800.915,834,195225,0,0.00000000,0.00000000,0.00,0,0,-52.47,-0.069,0.2940,0.6370,1.5190,1.6732,0.051575,0.140625,0.017822,0.988586,7.775,73.8,-1
1782705801.102,835,195446,0,0.00000000,0.00000000,0.00,0,0,-52.47,-0.155,0.5390,0.8330,1.6660,1.9391,0.051575,0.140686,0.017822,0.988525,7.776,76.2,-1
1782705801.352,836,195657,0,0.00000000,0.00000000,0.00,0,0,-52.39,0.186,0.5390,1.0780,0.7350,1.4117,0.051514,0.140747,0.017700,0.988525,7.776,75.0,-1
1782705801.538,837,195878,0,0.00000000,0.00000000,0.00,0,0,-52.41,0.263,-0.2450,0.7350,1.4700,1.6617,0.051514,0.140747,0.017639,0.988525,7.778,72.5,-1
1782705801.787,838,196095,0,0.00000000,0.00000000,0.00,0,0,-52.42,0.202,0.8330,0.2450,1.0290,1.3464,0.051514,0.140747,0.017639,0.988525,7.776,72.5,-1
1782705801.973,839,196317,0,0.00000000,0.00000000,0.00,0,0,-52.41,-0.278,0.0490,0.6370,1.5190,1.6479,0.051514,0.140747,0.017639,0.988525,7.775,72.5,-1
1782705802.222,840,196558,0,0.00000000,0.00000000,0.00,0,0,-52.33,0.158,0.3920,0.7350,2.3030,2.4490,0.051514,0.140686,0.017700,0.988525,7.778,72.5,-1
1782705802.472,841,196777,0,0.00000000,0.00000000,0.00,0,0,-52.43,-0.424,0.5390,1.8620,0.9310,2.1504,0.051514,0.140686,0.017639,0.988525,7.778,72.5,-1
1782705802.659,842,196999,0,0.00000000,0.00000000,0.00,0,0,-52.49,-0.345,0.4900,0.5880,2.0090,2.1499,0.051514,0.140686,0.017700,0.988525,7.778,71.2,-1
1782705802.908,843,197218,0,0.00000000,0.00000000,0.00,0,0,-52.38,0.516,0.4900,0.8330,1.9600,2.1853,0.051514,0.140686,0.017761,0.988525,7.776,75.0,-1
1782705803.097,844,197437,0,0.00000000,0.00000000,0.00,0,0,-52.42,-0.164,0.3430,0.7840,1.5680,1.7863,0.051514,0.140686,0.017761,0.988525,7.774,77.5,-1
1782705803.344,845,197650,0,0.00000000,0.00000000,0.00,0,0,-52.42,-0.051,0.0980,0.6860,0.9310,1.1606,0.051514,0.140686,0.017761,0.988525,7.776,70.0,-1
1782705803.528,846,197870,0,0.00000000,0.00000000,0.00,0,0,-52.57,-0.653,0.3430,0.0980,1.1270,1.1821,0.051514,0.140686,0.017761,0.988525,7.778,70.0,-1
1782705803.779,847,198092,0,0.00000000,0.00000000,0.00,0,0,-52.42,0.702,0.3920,0.8820,1.9600,2.1848,0.051514,0.140686,0.017761,0.988525,7.775,76.2,-1
1782705803.966,848,198310,0,0.00000000,0.00000000,0.00,0,0,-52.52,-0.176,1.5190,-0.1960,2.7440,3.1425,0.051514,0.140686,0.017761,0.988525,7.778,71.2,-1
1782705804.215,849,198553,0,0.00000000,0.00000000,0.00,0,0,-52.52,-0.336,0.3430,0.2450,1.4210,1.4822,0.051514,0.140625,0.017700,0.988586,7.778,73.8,-1
1782705804.464,850,198772,0,0.00000000,0.00000000,0.00,0,0,-52.40,0.359,0.3920,0.9800,1.4700,1.8097,0.051514,0.140747,0.017700,0.988525,7.776,71.2,-1
1782705804.651,851,198991,0,0.00000000,0.00000000,0.00,0,0,-52.49,0.260,0.4410,1.3720,1.5190,2.0939,0.051514,0.140747,0.017700,0.988525,7.776,72.5,-1
1782705804.900,852,199214,0,0.00000000,0.00000000,0.00,0,0,-52.39,0.358,0.6370,0.4410,2.1560,2.2910,0.051514,0.140747,0.017761,0.988525,7.778,72.5,-1
1782705805.087,853,199433,0,0.00000000,0.00000000,0.00,0,0,-52.35,0.430,0.5880,1.3230,2.7930,3.1459,0.051514,0.140747,0.017700,0.988525,7.778,71.2,-1
1782705805.336,854,199644,0,0.00000000,0.00000000,0.00,0,0,-52.44,-0.401,1.0290,0.2450,1.9110,2.1842,0.051514,0.140686,0.017639,0.988525,7.775,71.2,-1
1782705805.521,855,199857,0,0.00000000,0.00000000,0.00,0,0,-52.44,0.051,0.3430,0.3920,1.0780,1.1972,0.051514,0.140686,0.017700,0.988525,7.775,75.0,-1
1782705805.771,856,200072,0,0.00000000,0.00000000,0.00,0,0,-52.25,0.789,0.1470,0.5880,1.6660,1.7728,0.051514,0.140686,0.017700,0.988525,7.776,77.5,-1
1782705805.958,857,200294,0,0.00000000,0.00000000,0.00,0,0,-52.31,0.012,0.0490,0.6370,0.9800,1.1699,0.051575,0.140686,0.017822,0.988525,7.776,75.0,-1
1782705806.208,858,200515,0,0.00000000,0.00000000,0.00,0,0,-52.41,-0.700,1.0780,-0.1960,1.9110,2.2028,0.051575,0.140686,0.017944,0.988525,7.774,80.0,-1
1782705806.395,859,200727,0,0.00000000,0.00000000,0.00,0,0,-52.30,0.278,0.0980,0.2450,2.0580,2.0748,0.051575,0.140625,0.017944,0.988525,7.776,71.2,-1
1782705806.643,860,200946,0,0.00000000,0.00000000,0.00,0,0,-52.38,-0.132,0.2940,0.5390,1.2740,1.4142,0.051575,0.140625,0.017944,0.988525,7.776,75.0,-1
1782705806.827,861,201168,0,0.00000000,0.00000000,0.00,0,0,-52.33,0.131,0.0490,0.7840,2.3520,2.4797,0.051575,0.140686,0.017883,0.988525,7.775,76.2,-1
1782705807.077,862,201389,0,0.00000000,0.00000000,0.00,0,0,-52.44,-0.289,0.3920,0.7350,1.6660,1.8626,0.051575,0.140686,0.017883,0.988525,7.775,78.8,-1
1782705807.265,863,201600,0,0.00000000,0.00000000,0.00,0,0,-52.42,-0.165,0.0490,-0.1470,1.2250,1.2348,0.051575,0.140747,0.017883,0.988525,7.773,75.0,-1
1782705807.515,864,201818,0,0.00000000,0.00000000,0.00,0,0,-52.36,0.008,-0.7350,1.0780,1.2740,1.8236,0.051636,0.140747,0.017883,0.988525,7.774,71.2,-1
1782705807.703,865,202040,0,0.00000000,0.00000000,0.00,0,0,-52.48,-0.365,0.5880,1.1270,1.0780,1.6667,0.051636,0.140808,0.018005,0.988525,7.778,71.2,-1
1782705807.953,866,202260,0,0.00000000,0.00000000,0.00,0,0,-52.39,0.325,0.1960,0.3920,1.8620,1.9129,0.051575,0.140869,0.018127,0.988525,7.778,72.5,-1
1782705808.139,867,202479,0,0.00000000,0.00000000,0.00,0,0,-52.43,0.258,0.2450,0.5390,0.8330,1.0220,0.051697,0.140808,0.017944,0.988525,7.776,78.8,-1
1782705808.388,868,202692,0,0.00000000,0.00000000,0.00,0,0,-52.44,-0.205,1.8620,1.0780,3.0870,3.7628,0.051697,0.140808,0.018005,0.988525,7.779,70.0,-1
1782705808.574,869,202912,0,0.00000000,0.00000000,0.00,0,0,-52.34,0.671,0.6860,0.6370,1.7150,1.9539,0.051697,0.140747,0.018066,0.988525,7.778,68.8,-1
1782705808.824,870,203131,0,0.00000000,0.00000000,0.00,0,0,-52.41,0.021,0.2940,0.1470,1.6660,1.6981,0.051697,0.140686,0.018005,0.988525,7.778,70.0,-1
1782705809.012,871,203352,0,0.00000000,0.00000000,0.00,0,0,-52.46,-0.035,0.4900,0.0490,1.2740,1.3659,0.051697,0.140686,0.018005,0.988525,7.778,70.0,-1
1782705809.261,872,203565,0,0.00000000,0.00000000,0.00,0,0,-52.50,-0.022,0.3430,0.5390,1.3720,1.5135,0.051697,0.140686,0.018005,0.988525,7.779,72.5,-1
1782705809.448,873,203787,0,0.00000000,0.00000000,0.00,0,0,-52.39,0.208,0.1960,0.2940,2.1070,2.1364,0.051697,0.140686,0.017944,0.988525,7.775,72.5,-1
1782705809.697,874,204006,0,0.00000000,0.00000000,0.00,0,0,-52.35,0.246,0.5880,0.3430,2.0090,2.1212,0.051697,0.140625,0.017944,0.988525,7.778,72.5,-1
1782705809.886,875,204222,0,0.00000000,0.00000000,0.00,0,0,-52.47,-0.167,0.2940,0.7350,1.1270,1.3772,0.051697,0.140625,0.018005,0.988525,7.778,71.2,-1
1782705810.137,876,204443,0,0.00000000,0.00000000,0.00,0,0,-52.42,0.402,0.5390,0.0000,1.0780,1.2052,0.051697,0.140686,0.018066,0.988525,7.778,72.5,-1
1782705810.322,877,204655,0,0.00000000,0.00000000,0.00,0,0,-52.46,-0.067,-0.0980,0.9310,1.4700,1.7428,0.051697,0.140686,0.018127,0.988525,7.778,70.0,-1
1782705810.572,878,204875,0,0.00000000,0.00000000,0.00,0,0,-52.43,0.109,0.9800,0.2940,2.4500,2.6551,0.051697,0.140686,0.018127,0.988525,7.776,70.0,-1
1782705810.759,879,205096,0,0.00000000,0.00000000,0.00,0,0,-52.47,-0.110,0.4900,0.2450,1.5680,1.6609,0.051697,0.140625,0.018127,0.988525,7.776,70.0,-1
1782705811.010,880,205314,0,0.00000000,0.00000000,0.00,0,0,-52.51,0.108,0.1960,1.1760,1.3720,1.8176,0.051697,0.140625,0.018066,0.988525,7.776,73.8,-1
1782705811.259,881,205559,0,0.00000000,0.00000000,0.00,0,0,-52.50,-0.129,0.4900,0.4900,1.2250,1.4074,0.051697,0.140625,0.018066,0.988525,7.778,68.8,-1
1782705811.446,882,205777,0,0.00000000,0.00000000,0.00,0,0,-52.37,0.329,0.0980,0.7840,1.3720,1.5832,0.051697,0.140625,0.018127,0.988525,7.778,70.0,-1
1782705811.695,883,205997,0,0.00000000,0.00000000,0.00,0,0,-52.53,-0.395,1.0290,1.1760,2.1070,2.6232,0.051697,0.140625,0.018127,0.988525,7.776,70.0,-1
1782705811.882,884,206217,0,0.00000000,0.00000000,0.00,0,0,-52.51,-0.028,0.2940,0.4900,0.9310,1.0924,0.051697,0.140625,0.018066,0.988525,7.778,71.2,-1
1782705812.129,885,206437,0,0.00000000,0.00000000,0.00,0,0,-52.36,0.671,0.2450,0.2940,0.7840,0.8724,0.051697,0.140625,0.018066,0.988525,7.779,75.0,-1
1782705812.318,886,206650,0,0.00000000,0.00000000,0.00,0,0,-52.36,0.388,0.2450,1.0780,0.7840,1.3553,0.051697,0.140625,0.018066,0.988525,7.778,71.2,-1
1782705812.565,887,206870,0,0.00000000,0.00000000,0.00,0,0,-52.53,-0.388,0.5880,0.7350,1.6170,1.8710,0.051697,0.140625,0.018005,0.988525,7.778,73.8,-1
1782705812.750,888,207090,0,0.00000000,0.00000000,0.00,0,0,-52.47,-0.285,-0.1960,1.0780,1.7150,2.0351,0.051697,0.140625,0.018005,0.988525,7.778,72.5,-1
1782705813.002,889,207311,0,0.00000000,0.00000000,0.00,0,0,-52.60,-0.462,0.4410,0.7840,1.9600,2.1566,0.051697,0.140625,0.017944,0.988525,7.776,75.0,-1
1782705813.250,890,207554,0,0.00000000,0.00000000,0.00,0,0,-52.45,0.173,0.1960,0.9310,2.3030,2.4918,0.051697,0.140564,0.017944,0.988586,7.776,72.5,-1
1782705813.436,891,207771,0,0.00000000,0.00000000,0.00,0,0,-52.41,0.057,0.5390,0.8330,2.4500,2.6433,0.051697,0.140564,0.017944,0.988586,7.775,71.2,-1
1782705813.684,892,207992,0,0.00000000,0.00000000,0.00,0,0,-52.48,-0.283,0.2940,0.8330,1.3720,1.6318,0.051697,0.140564,0.017883,0.988586,7.775,71.2,-1
1782705813.870,893,208210,0,0.00000000,0.00000000,0.00,0,0,-52.54,-0.172,0.2940,0.8820,1.2250,1.5379,0.051697,0.140564,0.017944,0.988586,7.775,75.0,-1
1782705814.121,894,208432,0,0.00000000,0.00000000,0.00,0,0,-52.50,0.292,-0.9800,1.0290,1.5190,2.0800,0.051697,0.140564,0.018066,0.988525,7.776,73.8,-1
1782705814.306,895,208647,0,0.00000000,0.00000000,0.00,0,0,-52.40,0.590,1.0780,-0.5880,1.4210,1.8780,0.051697,0.140564,0.018066,0.988525,7.775,70.0,-1
1782705814.554,896,208862,0,0.00000000,0.00000000,0.00,0,0,-52.59,-0.601,1.9600,0.5880,3.4300,3.9940,0.051697,0.140625,0.018127,0.988525,7.779,71.2,-1
1782705814.738,897,209086,0,0.00000000,0.00000000,0.00,0,0,-52.64,-0.572,0.3430,1.0780,2.9400,3.1501,0.051697,0.140625,0.018127,0.988525,7.778,68.8,-1
1782705814.990,898,209304,0,0.00000000,0.00000000,0.00,0,0,-52.52,0.045,0.9310,0.0490,2.1070,2.3040,0.051697,0.140625,0.018066,0.988525,7.778,66.2,-1
1782705815.240,899,209549,0,0.00000000,0.00000000,0.00,0,0,-52.50,-0.134,0.0000,0.5880,1.6170,1.7206,0.051697,0.140625,0.018066,0.988525,7.778,70.0,-1
1782705815.428,900,209764,0,0.00000000,0.00000000,0.00,0,0,-52.44,0.007,-0.0980,0.8330,2.0580,2.2224,0.051697,0.140625,0.017944,0.988525,7.775,70.0,-1
1782705815.678,901,209985,0,0.00000000,0.00000000,0.00,0,0,-52.48,0.178,0.2450,0.7840,1.5190,1.7269,0.051697,0.140625,0.017944,0.988525,7.775,70.0,-1
1782705815.865,902,210205,0,0.00000000,0.00000000,0.00,0,0,-52.43,0.212,0.9310,0.4410,2.0090,2.2577,0.051697,0.140625,0.017944,0.988525,7.775,73.8,-1
1782705816.114,903,210428,0,0.00000000,0.00000000,0.00,0,0,-52.64,-0.825,0.2450,0.7350,1.2250,1.4494,0.051697,0.140686,0.017944,0.988525,7.774,73.8,-1
1782705816.301,904,210639,0,0.00000000,0.00000000,0.00,0,0,-52.54,0.091,-0.1960,0.7350,1.1760,1.4006,0.051697,0.140686,0.018005,0.988525,7.775,73.8,-1
1782705816.549,905,210852,0,0.00000000,0.00000000,0.00,0,0,-52.51,0.099,0.5390,0.1960,0.5880,0.8214,0.051697,0.140686,0.018066,0.988525,7.775,71.2,-1
1782705816.739,906,211069,0,0.00000000,0.00000000,0.00,0,0,-52.47,0.208,-0.0490,0.8820,1.2740,1.5503,0.051697,0.140686,0.018005,0.988525,7.775,75.0,-1
1782705816.988,907,211287,0,0.00000000,0.00000000,0.00,0,0,-52.52,-0.342,0.6370,-0.0490,0.8820,1.0891,0.051697,0.140686,0.018066,0.988525,7.773,73.8,-1
1782705817.176,908,211509,0,0.00000000,0.00000000,0.00,0,0,-52.46,0.402,0.4900,0.1960,1.8130,1.8882,0.051697,0.140686,0.018127,0.988525,7.776,71.2,-1
1782705817.428,909,211720,0,0.00000000,0.00000000,0.00,0,0,-52.51,0.078,0.4410,0.6860,1.9110,2.0777,0.051697,0.140686,0.018127,0.988525,7.774,75.0,-1
1782705817.615,910,211942,0,0.00000000,0.00000000,0.00,0,0,-52.46,0.193,0.1960,1.3230,1.3720,1.9160,0.051697,0.140686,0.018127,0.988525,7.778,77.5,-1
1782705817.866,911,212158,0,0.00000000,0.00000000,0.00,0,0,-52.57,-0.456,0.1960,0.4410,1.5190,1.5938,0.051697,0.140686,0.018066,0.988525,7.775,80.0,-1
1782705818.052,912,212379,0,0.00000000,0.00000000,0.00,0,0,-52.54,0.085,0.0490,0.6860,1.9600,2.0772,0.051697,0.140686,0.018127,0.988525,7.774,77.5,-1
1782705818.299,913,212594,0,0.00000000,0.00000000,0.00,0,0,-52.48,0.227,0.2940,0.2940,2.4010,2.4367,0.051697,0.140686,0.018127,0.988525,7.776,75.0,-1
1782705818.486,914,212814,0,0.00000000,0.00000000,0.00,0,0,-52.50,-0.093,0.1960,0.7840,2.1560,2.3025,0.051697,0.140686,0.018188,0.988525,7.775,71.2,-1
1782705818.734,915,213033,0,0.00000000,0.00000000,0.00,0,0,-52.54,-0.330,0.0980,1.0290,1.1760,1.5657,0.051697,0.140686,0.018127,0.988525,7.776,71.2,-1
1782705818.921,916,213254,0,0.00000000,0.00000000,0.00,0,0,-52.62,-0.611,0.6860,1.0780,1.8130,2.2180,0.051697,0.140686,0.018066,0.988525,7.778,66.2,-1
1782705819.170,917,213474,0,0.00000000,0.00000000,0.00,0,0,-52.55,-0.313,0.2450,0.4410,1.9110,1.9765,0.051697,0.140686,0.018005,0.988525,7.776,71.2,-1
1782705819.359,918,213684,0,0.00000000,0.00000000,0.00,0,0,-52.54,0.077,-0.2450,0.6860,0.0000,0.7284,0.051697,0.140686,0.018005,0.988525,7.778,71.2,-1
1782705819.609,919,213899,0,0.00000000,0.00000000,0.00,0,0,-52.53,-0.040,0.0980,0.6370,1.7640,1.8780,0.051697,0.140686,0.018005,0.988525,7.776,73.8,-1
1782705819.798,920,214113,0,0.00000000,0.00000000,0.00,0,0,-52.48,-0.003,0.3920,0.8820,1.3230,1.6377,0.051697,0.140686,0.017944,0.988525,7.774,75.0,-1
1782705820.048,921,214336,0,0.00000000,0.00000000,0.00,0,0,-52.45,-0.040,0.2940,0.2450,1.8130,1.8530,0.051697,0.140625,0.017944,0.988525,7.775,71.2,-1
1782705820.236,922,214550,0,0.00000000,0.00000000,0.00,0,0,-52.53,-0.322,0.2450,0.6370,1.8130,1.9372,0.051697,0.140625,0.017944,0.988525,7.775,75.0,-1
1782705820.423,923,214764,0,0.00000000,0.00000000,0.00,0,0,-52.55,-0.002,1.3720,0.1470,2.4500,2.8118,0.051697,0.140625,0.018005,0.988525,7.774,72.5,-1
1782705820.672,924,214985,0,0.00000000,0.00000000,0.00,0,0,-52.50,0.191,0.2940,0.3430,0.9800,1.0791,0.051697,0.140625,0.018005,0.988525,7.774,75.0,-1
1782705820.857,925,215205,0,0.00000000,0.00000000,0.00,0,0,-52.47,0.306,0.3430,1.1760,1.6660,2.0679,0.051697,0.140625,0.018005,0.988525,7.774,77.5,-1
1782705821.109,926,215427,0,0.00000000,0.00000000,0.00,0,0,-52.49,0.132,0.4410,0.3920,1.0780,1.2289,0.051697,0.140625,0.017944,0.988525,7.771,77.5,-1
1782705821.296,927,215639,0,0.00000000,0.00000000,0.00,0,0,-52.56,-0.098,0.2940,0.7350,1.6170,1.8004,0.051697,0.140625,0.017944,0.988525,7.775,75.0,-1
1782705821.546,928,215860,0,0.00000000,0.00000000,0.00,0,0,-52.52,0.219,0.0980,0.2940,1.9110,1.9360,0.051697,0.140625,0.017944,0.988525,7.775,72.5,-1
1782705821.735,929,216080,0,0.00000000,0.00000000,0.00,0,0,-52.47,0.219,0.5880,0.5390,1.4210,1.6296,0.051697,0.140625,0.017883,0.988525,7.779,65.0,-1
1782705821.985,930,216299,0,0.00000000,0.00000000,0.00,0,0,-52.44,0.209,0.4900,0.2940,1.5190,1.6229,0.051697,0.140686,0.018005,0.988525,7.779,73.8,-1
1782705822.234,931,216522,0,0.00000000,0.00000000,0.00,0,0,-52.54,-0.271,0.3430,0.5880,1.4700,1.6200,0.051697,0.140686,0.018066,0.988525,7.776,77.5,-1
1782705822.421,932,216732,0,0.00000000,0.00000000,0.00,0,0,-52.45,0.211,0.6860,0.8330,2.5480,2.7671,0.051697,0.140686,0.018127,0.988525,7.779,73.8,-1
1782705822.606,933,216951,0,0.00000000,0.00000000,0.00,0,0,-52.57,-0.458,0.2450,1.2740,2.4990,2.8157,0.051697,0.140625,0.018127,0.988525,7.776,73.8,-1
1782705822.856,934,217169,0,0.00000000,0.00000000,0.00,0,0,-52.63,-0.514,0.9310,0.9800,1.8130,2.2614,0.051697,0.140564,0.018188,0.988525,7.778,80.0,-1
1782705823.107,935,217393,0,0.00000000,0.00000000,0.00,0,0,-52.70,-0.421,0.1960,0.5880,0.6370,0.8888,0.051697,0.140564,0.018127,0.988525,7.775,75.0,-1
1782705823.292,936,217604,0,0.00000000,0.00000000,0.00,0,0,-52.57,0.259,0.0980,0.2450,1.4210,1.4453,0.051697,0.140503,0.018066,0.988586,7.780,68.8,-1
1782705823.479,937,217824,0,0.00000000,0.00000000,0.00,0,0,-52.55,0.133,0.0980,0.4900,2.0090,2.0702,0.051697,0.140564,0.018005,0.988586,7.778,70.0,-1
1782705823.728,938,218044,0,0.00000000,0.00000000,0.00,0,0,-52.52,0.424,-0.0490,0.6860,0.1470,0.7033,0.051697,0.140625,0.018005,0.988525,7.779,72.5,-1
1782705823.975,939,218267,0,0.00000000,0.00000000,0.00,0,0,-52.48,0.234,-0.0980,0.6370,1.7640,1.8780,0.051697,0.140625,0.017944,0.988525,7.778,75.0,-1
1782705824.164,940,218483,0,0.00000000,0.00000000,0.00,0,0,-52.47,0.253,0.1960,0.8330,1.8130,2.0048,0.051697,0.140686,0.018005,0.988525,7.779,76.2,-1
1782705824.350,941,218692,0,0.00000000,0.00000000,0.00,0,0,-52.60,-0.722,0.3430,0.6370,1.7150,1.8614,0.051697,0.140686,0.018066,0.988525,7.774,80.0,-1
1782705824.598,942,218916,0,0.00000000,0.00000000,0.00,0,0,-52.58,-0.261,0.2450,0.5880,2.0090,2.1076,0.051697,0.140686,0.018066,0.988525,7.776,73.8,-1
1782705824.850,943,219138,0,0.00000000,0.00000000,0.00,0,0,-52.57,-0.132,0.2940,0.3430,1.9110,1.9637,0.051697,0.140686,0.018066,0.988525,7.776,75.0,-1
1782705825.036,944,219359,0,0.00000000,0.00000000,0.00,0,0,-52.54,0.152,0.3430,0.9800,2.2050,2.4372,0.051697,0.140686,0.018005,0.988525,7.778,70.0,-1
1782705825.225,945,219570,0,0.00000000,0.00000000,0.00,0,0,-52.58,0.407,0.3920,0.5880,1.6170,1.7647,0.051697,0.140686,0.018005,0.988525,7.778,73.8,-1
1782705825.473,946,219785,0,0.00000000,0.00000000,0.00,0,0,-52.67,-0.299,0.1470,0.7840,1.5190,1.7157,0.051697,0.140625,0.017944,0.988525,7.776,73.8,-1
1782705825.660,947,220001,0,0.00000000,0.00000000,0.00,0,0,-52.47,0.692,0.4410,0.9800,2.0580,2.3217,0.051697,0.140625,0.017944,0.988525,7.778,73.8,-1
1782705825.909,948,220220,0,0.00000000,0.00000000,0.00,0,0,-52.48,0.081,-0.0490,0.5390,1.3720,1.4749,0.051697,0.140564,0.017944,0.988586,7.776,72.5,-1
1782705826.096,949,220439,0,0.00000000,0.00000000,0.00,0,0,-52.53,-0.265,0.3430,0.3430,1.5190,1.5946,0.051697,0.140625,0.018005,0.988525,7.776,76.2,-1
1782705826.345,950,220651,0,0.00000000,0.00000000,0.00,0,0,-52.65,-0.551,0.0000,0.1470,2.9890,2.9926,0.051697,0.140625,0.017944,0.988525,7.776,75.0,-1
1782705826.532,951,220871,0,0.00000000,0.00000000,0.00,0,0,-52.68,-0.223,0.4900,0.5390,1.2740,1.4675,0.051697,0.140625,0.018005,0.988525,7.776,73.8,-1
1782705826.779,952,221090,0,0.00000000,0.00000000,0.00,0,0,-52.51,0.560,0.3430,0.8330,1.5680,1.8084,0.051697,0.140686,0.018066,0.988525,7.776,71.2,-1
1782705826.969,953,221311,0,0.00000000,0.00000000,0.00,0,0,-52.60,0.116,0.1470,1.0290,1.2740,1.6442,0.051697,0.140686,0.018005,0.988525,7.778,73.8,-1
1782705827.218,954,221555,0,0.00000000,0.00000000,0.00,0,0,-52.56,-0.054,0.3920,0.6370,1.0290,1.2721,0.051697,0.140686,0.018005,0.988525,7.776,75.0,-1
1782705827.466,955,221772,0,0.00000000,0.00000000,0.00,0,0,-52.54,0.245,0.1470,0.0000,1.2250,1.2338,0.051697,0.140686,0.017944,0.988525,7.779,73.8,-1
1782705827.652,956,221992,0,0.00000000,0.00000000,0.00,0,0,-52.59,-0.249,0.3430,0.7350,2.2050,2.3494,0.051697,0.140686,0.017944,0.988525,7.776,73.8,-1
1782705827.902,957,222210,0,0.00000000,0.00000000,0.00,0,0,-52.53,0.665,0.3920,0.6370,1.4210,1.6058,0.051697,0.140686,0.017944,0.988525,7.775,75.0,-1
1782705828.091,958,222433,0,0.00000000,0.00000000,0.00,0,0,-52.57,0.110,0.4410,0.6370,2.3030,2.4298,0.051697,0.140686,0.017883,0.988525,7.776,71.2,-1
1782705828.340,959,222645,0,0.00000000,0.00000000,0.00,0,0,-52.61,-0.182,-0.1960,0.2940,0.4900,0.6041,0.051697,0.140686,0.017944,0.988525,7.776,73.8,-1
1782705828.527,960,222865,0,0.00000000,0.00000000,0.00,0,0,-52.51,0.436,-0.3430,1.2250,0.6860,1.4453,0.051697,0.140625,0.018005,0.988525,7.776,76.2,-1
1782705828.777,961,223085,0,0.00000000,0.00000000,0.00,0,0,-52.53,0.283,0.1960,0.7840,1.7640,1.9403,0.051697,0.140625,0.018066,0.988525,7.779,75.0,-1
1782705828.963,962,223306,0,0.00000000,0.00000000,0.00,0,0,-52.52,0.309,-0.5390,1.3230,0.0490,1.4294,0.051697,0.140625,0.018127,0.988525,7.778,81.2,-1
1782705829.211,963,223550,0,0.00000000,0.00000000,0.00,0,0,-52.56,0.058,0.5880,0.7350,0.9310,1.3239,0.051697,0.140625,0.018066,0.988525,7.776,75.0,-1
1782705829.458,964,223765,0,0.00000000,0.00000000,0.00,0,0,-52.55,-0.073,0.5390,0.3430,2.0580,2.1549,0.051697,0.140625,0.018066,0.988525,7.774,73.8,-1
1782705829.646,965,223988,0,0.00000000,0.00000000,0.00,0,0,-52.65,-0.487,0.2450,1.0290,2.4010,2.6237,0.051697,0.140625,0.018066,0.988525,7.775,76.2,-1
1782705829.894,966,224208,0,0.00000000,0.00000000,0.00,0,0,-52.71,-0.459,0.2940,0.4900,1.0780,1.2201,0.051697,0.140625,0.018005,0.988525,7.773,77.5,-1
1782705830.081,967,224428,0,0.00000000,0.00000000,0.00,0,0,-52.57,0.149,0.5390,0.0000,1.9600,2.0328,0.051697,0.140625,0.017944,0.988525,7.773,77.5,-1
1782705830.332,968,224640,0,0.00000000,0.00000000,0.00,0,0,-52.58,-0.270,0.5390,0.4900,2.1070,2.2294,0.051697,0.140625,0.017944,0.988525,7.774,71.2,-1
1782705830.516,969,224858,0,0.00000000,0.00000000,0.00,0,0,-52.69,-0.449,0.5880,0.5880,2.1070,2.2652,0.051758,0.140686,0.017883,0.988525,7.773,68.8,-1
1782705830.763,970,225079,0,0.00000000,0.00000000,0.00,0,0,-52.65,0.253,0.2940,0.8330,2.4500,2.6044,0.051758,0.140625,0.017883,0.988525,7.778,70.0,-1
1782705831.011,971,225301,0,0.00000000,0.00000000,0.00,0,0,-52.59,0.121,0.5880,0.0980,1.3230,1.4511,0.051758,0.140625,0.017883,0.988525,7.776,70.0,-1
1782705831.200,972,225521,0,0.00000000,0.00000000,0.00,0,0,-52.52,0.767,-0.0980,2.0580,0.5390,2.1297,0.051819,0.140625,0.017883,0.988525,7.773,76.2,-1
1782705831.388,973,225735,0,0.00000000,0.00000000,0.00,0,0,-52.68,-0.641,0.2450,0.9800,1.3230,1.6646,0.051819,0.140564,0.017883,0.988525,7.775,72.5,-1
1782705831.638,974,225949,0,0.00000000,0.00000000,0.00,0,0,-52.65,0.300,0.3430,0.8330,1.6660,1.8940,0.051819,0.140564,0.017883,0.988525,7.773,73.8,-1
1782705831.824,975,226172,0,0.00000000,0.00000000,0.00,0,0,-52.59,0.457,0.3430,1.0290,1.5190,1.8665,0.051819,0.140564,0.017883,0.988525,7.775,73.8,-1
1782705832.072,976,226392,0,0.00000000,0.00000000,0.00,0,0,-52.50,0.571,0.0000,0.7840,1.4210,1.6229,0.051819,0.140625,0.017883,0.988525,7.775,72.5,-1
1782705832.260,977,226605,0,0.00000000,0.00000000,0.00,0,0,-52.70,-0.542,0.4900,1.1270,1.8620,2.2310,0.051819,0.140625,0.017883,0.988525,7.776,71.2,-1
1782705832.510,978,226819,0,0.00000000,0.00000000,0.00,0,0,-52.58,0.702,0.0490,1.0290,1.0290,1.4561,0.051819,0.140625,0.017822,0.988525,7.775,75.0,-1
1782705832.698,979,227039,0,0.00000000,0.00000000,0.00,0,0,-52.57,0.148,0.4900,0.7350,2.2050,2.3754,0.051819,0.140625,0.017822,0.988525,7.774,72.5,-1
1782705832.945,980,227257,0,0.00000000,0.00000000,0.00,0,0,-52.61,-0.229,0.4410,0.1960,2.4500,2.4971,0.051819,0.140564,0.017883,0.988525,7.775,71.2,-1
1782705833.134,981,227475,0,0.00000000,0.00000000,0.00,0,0,-52.55,-0.254,0.5880,0.1470,1.9110,2.0048,0.051758,0.140564,0.017883,0.988525,7.776,67.5,-1
1782705833.385,982,227687,0,0.00000000,0.00000000,0.00,0,0,-52.81,-0.825,0.5390,0.5390,1.6660,1.8321,0.051697,0.140625,0.017822,0.988525,7.774,72.5,-1
1782705833.572,983,227907,0,0.00000000,0.00000000,0.00,0,0,-52.64,0.440,0.2450,0.6860,1.6660,1.8183,0.051697,0.140564,0.017883,0.988586,7.773,73.8,-1
1782705833.820,984,228124,0,0.00000000,0.00000000,0.00,0,0,-52.73,-0.266,0.4410,0.3920,1.4700,1.5840,0.051758,0.140503,0.018066,0.988586,7.773,76.2,-1
1782705834.006,985,228338,0,0.00000000,0.00000000,0.00,0,0,-52.64,0.048,0.0000,0.0980,1.6660,1.6689,0.051819,0.140381,0.018066,0.988586,7.774,75.0,-1
1782705834.254,986,228549,0,0.00000000,0.00000000,0.00,0,0,-52.71,-0.097,0.0000,0.4410,1.6170,1.6761,0.051819,0.140442,0.018127,0.988586,7.775,67.5,-1
1782705834.441,987,228767,0,0.00000000,0.00000000,0.00,0,0,-52.69,0.278,-0.0980,0.5390,2.2050,2.2720,0.051819,0.140442,0.018066,0.988586,7.773,75.0,-1
1782705834.693,988,228987,0,0.00000000,0.00000000,0.00,0,0,-52.77,-0.092,0.2940,0.8820,2.3030,2.4836,0.051819,0.140503,0.018005,0.988586,7.773,75.0,-1
1782705834.881,989,229209,0,0.00000000,0.00000000,0.00,0,0,-52.61,0.400,0.0000,0.7350,1.9600,2.0933,0.051819,0.140503,0.018005,0.988525,7.775,72.5,-1
1782705835.130,990,229429,0,0.00000000,0.00000000,0.00,0,0,-52.57,0.276,0.5390,1.3720,1.6660,2.2245,0.051819,0.140564,0.017944,0.988525,7.776,67.5,-1
1782705835.316,991,229640,0,0.00000000,0.00000000,0.00,0,0,-52.60,-0.191,0.3430,0.9310,2.0090,2.2406,0.051819,0.140625,0.017944,0.988525,7.773,73.8,-1
1782705835.564,992,229858,0,0.00000000,0.00000000,0.00,0,0,-52.61,0.229,0.6370,0.8330,0.9800,1.4353,0.051819,0.140625,0.017944,0.988525,7.774,71.2,-1
1782705835.753,993,230081,0,0.00000000,0.00000000,0.00,0,0,-52.70,-0.397,0.4410,0.7350,2.0580,2.2294,0.051819,0.140625,0.017883,0.988525,7.773,73.8,-1
1782705836.000,994,230301,0,0.00000000,0.00000000,0.00,0,0,-52.61,0.344,-0.0490,0.1470,0.0490,0.1625,0.051819,0.140625,0.017883,0.988525,7.773,75.0,-1
1782705836.187,995,230523,0,0.00000000,0.00000000,0.00,0,0,-52.56,0.388,0.3430,0.3920,1.7640,1.8393,0.051819,0.140686,0.017883,0.988525,7.770,78.8,-1
1782705836.435,996,230728,0,0.00000000,0.00000000,0.00,0,0,-52.73,-0.240,0.9310,0.8330,1.7150,2.1218,0.051819,0.140686,0.017883,0.988525,7.770,73.8,-1
1782705836.622,997,230951,0,0.00000000,0.00000000,0.00,0,0,-52.76,-0.163,0.3920,0.4410,1.3230,1.4486,0.051819,0.140686,0.017883,0.988525,7.774,73.8,-1
1782705836.871,998,231173,0,0.00000000,0.00000000,0.00,0,0,-52.56,0.732,0.0490,0.8820,1.6660,1.8857,0.051819,0.140686,0.017883,0.988525,7.774,73.8,-1
1782705837.059,999,231393,0,0.00000000,0.00000000,0.00,0,0,-52.59,0.293,0.1960,0.3430,1.9600,1.9994,0.051819,0.140625,0.017883,0.988525,7.776,75.0,-1
1782705837.308,1000,231607,0,0.00000000,0.00000000,0.00,0,0,-52.55,0.390,0.4900,0.4900,1.8620,1.9868,0.051819,0.140625,0.017883,0.988525,7.773,73.8,-1
1782705837.494,1001,231823,0,0.00000000,0.00000000,0.00,0,0,-52.59,0.083,-0.0980,1.0290,1.9110,2.1726,0.051819,0.140625,0.017883,0.988525,7.773,75.0,-1
1782705837.743,1002,232044,0,0.00000000,0.00000000,0.00,0,0,-52.59,-0.054,0.7350,-0.7840,1.1760,1.5931,0.051819,0.140686,0.017822,0.988525,7.770,73.8,-1
1782705837.929,1003,232266,0,0.00000000,0.00000000,0.00,0,0,-52.59,-0.264,0.3920,0.5390,1.8620,1.9777,0.051819,0.140686,0.017822,0.988525,7.771,75.0,-1
1782705838.179,1004,232485,0,0.00000000,0.00000000,0.00,0,0,-52.61,-0.390,-0.5880,2.5480,1.7150,3.1272,0.051819,0.140686,0.017822,0.988525,7.774,68.8,-1
1782705838.367,1005,232694,0,0.00000000,0.00000000,0.00,0,0,-52.58,0.326,0.3430,0.1470,1.8130,1.8510,0.051819,0.140686,0.017822,0.988525,7.773,73.8,-1
1782705838.614,1006,232916,0,0.00000000,0.00000000,0.00,0,0,-52.56,0.305,0.4410,0.2940,1.8130,1.8889,0.051819,0.140686,0.017822,0.988525,7.774,73.8,-1
1782705838.802,1007,233136,0,0.00000000,0.00000000,0.00,0,0,-52.57,0.350,0.5880,1.0780,2.4500,2.7405,0.051819,0.140686,0.017822,0.988525,7.775,70.0,-1
1782705839.053,1008,233356,0,0.00000000,0.00000000,0.00,0,0,-52.57,0.268,0.6370,0.5880,2.1560,2.3238,0.051819,0.140686,0.017822,0.988525,7.775,71.2,-1
1782705839.240,1009,233571,0,0.00000000,0.00000000,0.00,0,0,-52.65,-0.467,-0.0980,0.6860,1.6660,1.8044,0.051819,0.140625,0.017822,0.988525,7.773,72.5,-1
1782705839.488,1010,233786,0,0.00000000,0.00000000,0.00,0,0,-52.57,0.081,0.2940,0.3920,1.6660,1.7366,0.051819,0.140686,0.017822,0.988525,7.771,73.8,-1
1782705839.674,1011,234008,0,0.00000000,0.00000000,0.00,0,0,-52.64,-0.012,1.0290,0.0980,2.2540,2.4797,0.051819,0.140686,0.017822,0.988525,7.773,70.0,-1
1782705839.924,1012,234232,0,0.00000000,0.00000000,0.00,0,0,-52.54,0.400,0.0000,1.4700,1.3230,1.9777,0.051819,0.140686,0.017822,0.988525,7.774,71.2,-1
1782705840.108,1013,234450,0,0.00000000,0.00000000,0.00,0,0,-52.58,0.034,0.1960,0.9310,0.8820,1.2973,0.051819,0.140686,0.017822,0.988525,7.775,71.2,-1
1782705840.357,1014,234662,0,0.00000000,0.00000000,0.00,0,0,-52.60,-0.074,0.3920,0.1960,1.0780,1.1637,0.051819,0.140686,0.017822,0.988525,7.776,73.8,-1
1782705840.544,1015,234881,0,0.00000000,0.00000000,0.00,0,0,-52.55,0.409,0.2940,0.1960,1.5680,1.6073,0.051819,0.140686,0.017822,0.988525,7.775,71.2,-1
1782705840.794,1016,235102,0,0.00000000,0.00000000,0.00,0,0,-52.44,0.384,0.9310,1.0780,1.5190,2.0824,0.051819,0.140686,0.017822,0.988525,7.775,72.5,-1
1782705840.981,1017,235318,0,0.00000000,0.00000000,0.00,0,0,-52.48,0.133,0.4410,0.9800,2.3030,2.5414,0.051819,0.140686,0.017822,0.988525,7.775,72.5,-1
1782705841.229,1018,235563,0,0.00000000,0.00000000,0.00,0,0,-52.48,-0.033,0.0980,1.0780,1.6660,1.9868,0.051819,0.140686,0.017822,0.988525,7.775,68.8,-1
1782705841.481,1019,235783,0,0.00000000,0.00000000,0.00,0,0,-52.51,0.245,0.1960,1.8620,1.0290,2.1364,0.051819,0.140686,0.017822,0.988525,7.775,72.5,-1
1782705841.667,1020,236004,0,0.00000000,0.00000000,0.00,0,0,-52.60,-0.113,0.3920,0.5880,1.9600,2.0835,0.051819,0.140686,0.017944,0.988525,7.773,70.0,-1
1782705841.918,1021,236222,0,0.00000000,0.00000000,0.00,0,0,-52.67,-0.748,0.1470,1.0290,0.6370,1.2191,0.051819,0.140686,0.017944,0.988525,7.774,72.5,-1
1782705842.102,1022,236443,0,0.00000000,0.00000000,0.00,0,0,-52.54,0.024,0.4900,0.6860,1.6660,1.8672,0.051819,0.140686,0.018005,0.988525,7.773,71.2,-1
1782705842.351,1023,236657,0,0.00000000,0.00000000,0.00,0,0,-52.64,-0.531,0.7840,0.3430,2.1070,2.2741,0.051819,0.140625,0.018005,0.988525,7.775,71.2,-1
1782705842.541,1024,236872,0,0.00000000,0.00000000,0.00,0,0,-52.56,0.265,0.4900,0.4900,1.5190,1.6696,0.051819,0.140686,0.018005,0.988525,7.770,77.5,-1
1782705842.790,1025,237095,0,0.00000000,0.00000000,0.00,0,0,-52.52,0.164,0.0490,0.8330,1.7150,1.9072,0.051819,0.140686,0.017944,0.988525,7.771,76.2,-1
1782705842.975,1026,237316,0,0.00000000,0.00000000,0.00,0,0,-52.45,0.274,0.4410,0.1960,2.3030,2.3530,0.051819,0.140686,0.017944,0.988525,7.774,71.2,-1
1782705843.222,1027,237562,0,0.00000000,0.00000000,0.00,0,0,-52.52,-0.117,1.1270,1.2740,0.5390,1.7843,0.051819,0.140686,0.017883,0.988525,7.774,76.2,-1
1782705843.473,1028,237777,0,0.00000000,0.00000000,0.00,0,0,-52.50,0.105,0.3920,0.7840,1.9600,2.1471,0.051819,0.140686,0.017883,0.988525,7.774,73.8,-1
1782705843.659,1029,237998,0,0.00000000,0.00000000,0.00,0,0,-52.58,-0.524,-0.5390,0.6370,0.1470,0.8473,0.051819,0.140686,0.017883,0.988525,7.778,71.2,-1
1782705843.908,1030,238218,0,0.00000000,0.00000000,0.00,0,0,-52.49,0.137,0.2940,0.6370,1.3230,1.4975,0.051819,0.140686,0.017822,0.988525,7.776,72.5,-1
1782705844.096,1031,238437,0,0.00000000,0.00000000,0.00,0,0,-52.61,-0.495,-0.0490,0.4900,1.3720,1.4577,0.051819,0.140686,0.017822,0.988525,7.776,71.2,-1
1782705844.345,1032,238648,0,0.00000000,0.00000000,0.00,0,0,-52.55,-0.334,-0.3920,1.1270,1.5190,1.9316,0.051819,0.140686,0.017822,0.988525,7.775,70.0,-1
1782705844.532,1033,238870,0,0.00000000,0.00000000,0.00,0,0,-52.66,-0.562,0.5880,0.4900,2.2050,2.3341,0.051819,0.140686,0.017822,0.988525,7.775,71.2,-1
1782705844.782,1034,239091,0,0.00000000,0.00000000,0.00,0,0,-52.63,0.029,0.0000,0.7840,1.0290,1.2936,0.051819,0.140686,0.017822,0.988525,7.775,72.5,-1
1782705844.967,1035,239310,0,0.00000000,0.00000000,0.00,0,0,-52.49,0.484,0.4410,0.5880,1.6660,1.8209,0.051758,0.140686,0.017822,0.988525,7.775,72.5,-1
1782705845.215,1036,239554,0,0.00000000,0.00000000,0.00,0,0,-52.48,0.233,0.1470,0.5390,1.1760,1.3020,0.051758,0.140686,0.017761,0.988525,7.775,76.2,-1
1782705845.467,1037,239773,0,0.00000000,0.00000000,0.00,0,0,-52.46,0.219,0.4900,0.8820,3.3320,3.4814,0.051758,0.140686,0.017822,0.988525,7.776,71.2,-1
1782705845.654,1038,239991,0,0.00000000,0.00000000,0.00,0,0,-52.51,-0.103,0.5880,0.5880,1.4700,1.6889,0.051758,0.140686,0.017822,0.988525,7.775,75.0,-1
1782705845.904,1039,240212,0,0.00000000,0.00000000,0.00,0,0,-52.49,0.096,-0.0980,0.8330,1.9110,2.0870,0.051758,0.140686,0.017822,0.988525,7.775,72.5,-1
1782705846.090,1040,240432,0,0.00000000,0.00000000,0.00,0,0,-52.52,0.003,0.4900,0.6860,1.5190,1.7373,0.051819,0.140686,0.017822,0.988525,7.776,72.5,-1
1782705846.340,1041,240643,0,0.00000000,0.00000000,0.00,0,0,-52.54,0.021,-0.1470,0.8330,1.5190,1.7386,0.051819,0.140686,0.017883,0.988525,7.775,76.2,-1
1782705846.525,1042,240862,0,0.00000000,0.00000000,0.00,0,0,-52.49,0.240,-0.5880,0.8820,-0.6370,1.2367,0.051819,0.140747,0.017883,0.988525,7.776,75.0,-1
1782705846.775,1043,241085,0,0.00000000,0.00000000,0.00,0,0,-52.52,0.176,-0.2450,0.8820,1.5680,1.8156,0.051819,0.140747,0.017944,0.988525,7.775,76.2,-1
1782705846.962,1044,241302,0,0.00000000,0.00000000,0.00,0,0,-52.59,-0.233,0.7840,0.6370,2.3030,2.5148,0.051819,0.140747,0.018005,0.988525,7.775,77.5,-1
1782705847.213,1045,241549,0,0.00000000,0.00000000,0.00,0,0,-52.59,-0.015,0.5390,0.8330,1.7150,1.9813,0.051880,0.140747,0.017944,0.988525,7.775,75.0,-1
1782705847.464,1046,241763,0,0.00000000,0.00000000,0.00,0,0,-52.60,0.014,0.4900,0.7350,1.3720,1.6318,0.051880,0.140686,0.017944,0.988525,7.774,77.5,-1
1782705847.650,1047,241980,0,0.00000000,0.00000000,0.00,0,0,-52.51,0.170,0.3920,0.3920,1.6170,1.7094,0.051819,0.140686,0.018005,0.988525,7.775,71.2,-1
1782705847.898,1048,242198,0,0.00000000,0.00000000,0.00,0,0,-52.54,0.019,0.3430,0.6370,1.7640,1.9066,0.051819,0.140808,0.018066,0.988525,7.776,72.5,-1
1782705848.085,1049,242416,0,0.00000000,0.00000000,0.00,0,0,-52.57,0.400,0.2450,0.6860,1.6660,1.8183,0.051697,0.140869,0.018127,0.988525,7.775,72.5,-1
1782705848.335,1050,242632,0,0.00000000,0.00000000,0.00,0,0,-52.60,0.088,0.3430,0.6370,1.8620,1.9976,0.051697,0.140869,0.018066,0.988525,7.776,75.0,-1
1782705848.524,1051,242848,0,0.00000000,0.00000000,0.00,0,0,-52.53,0.353,-0.9310,2.0090,0.2450,2.2277,0.051819,0.140808,0.018127,0.988525,7.774,77.5,-1
1782705848.773,1052,243066,0,0.00000000,0.00000000,0.00,0,0,-52.63,-0.404,0.8820,-0.6860,2.1560,2.4283,0.051819,0.140747,0.018188,0.988525,7.774,78.8,-1
1782705848.960,1053,243289,0,0.00000000,0.00000000,0.00,0,0,-52.55,0.094,0.2940,0.5880,1.0780,1.2626,0.051819,0.140747,0.018127,0.988525,7.774,76.2,-1
1782705849.210,1054,243508,0,0.00000000,0.00000000,0.00,0,0,-52.56,0.144,-0.5880,1.4700,0.2450,1.6021,0.051819,0.140747,0.018066,0.988525,7.771,77.5,-1
1782705849.398,1055,243717,0,0.00000000,0.00000000,0.00,0,0,-52.60,-0.196,0.2450,0.8820,0.9800,1.3410,0.051819,0.140747,0.018066,0.988525,7.775,75.0,-1
1782705849.647,1056,243937,0,0.00000000,0.00000000,0.00,0,0,-52.59,0.117,0.4410,0.6860,1.7150,1.8990,0.051819,0.140747,0.018005,0.988525,7.775,75.0,-1
1782705849.834,1057,244158,0,0.00000000,0.00000000,0.00,0,0,-52.43,0.733,0.2450,1.1760,1.4700,1.8984,0.051819,0.140747,0.018066,0.988525,7.779,68.8,-1
1782705850.084,1058,244375,0,0.00000000,0.00000000,0.00,0,0,-52.47,0.454,0.2940,1.4700,1.4210,2.0656,0.051819,0.140747,0.018066,0.988525,7.775,72.5,-1
1782705850.271,1059,244583,0,0.00000000,0.00000000,0.00,0,0,-52.58,-0.321,0.6370,0.7350,1.1760,1.5261,0.051819,0.140747,0.018066,0.988525,7.778,68.8,-1
1782705850.459,1060,244803,0,0.00000000,0.00000000,0.00,0,0,-52.59,-0.019,0.5390,0.2450,1.2740,1.4049,0.051819,0.140747,0.018005,0.988525,7.778,70.0,-1
1782705850.711,1061,245022,0,0.00000000,0.00000000,0.00,0,0,-52.60,0.053,-0.1960,1.0290,1.3720,1.7262,0.051819,0.140686,0.017944,0.988525,7.775,75.0,-1
1782705850.897,1062,245244,0,0.00000000,0.00000000,0.00,0,0,-52.46,0.867,0.4410,0.6370,1.5680,1.7490,0.051819,0.140686,0.017944,0.988525,7.776,70.0,-1
1782705851.146,1063,245463,0,0.00000000,0.00000000,0.00,0,0,-52.52,0.238,0.1960,0.4900,1.5680,1.6544,0.051819,0.140686,0.017883,0.988525,7.776,73.8,-1
1782705851.333,1064,245672,0,0.00000000,0.00000000,0.00,0,0,-52.58,-0.456,-0.1470,1.5680,1.4210,2.1212,0.051819,0.140686,0.017883,0.988525,7.773,70.0,-1
1782705851.582,1065,245892,0,0.00000000,0.00000000,0.00,0,0,-52.70,-0.701,0.2450,0.5390,1.2250,1.3606,0.051819,0.140686,0.017944,0.988525,7.773,75.0,-1
1782705851.770,1066,246114,0,0.00000000,0.00000000,0.00,0,0,-52.55,0.885,0.8820,0.5390,1.6170,1.9191,0.051819,0.140686,0.018005,0.988525,7.776,75.0,-1
1782705852.020,1067,246337,0,0.00000000,0.00000000,0.00,0,0,-52.55,0.094,0.2450,0.7350,1.3720,1.5756,0.051819,0.140686,0.018005,0.988525,7.776,71.2,-1
1782705852.207,1068,246547,0,0.00000000,0.00000000,0.00,0,0,-52.54,0.339,0.2450,0.4900,1.7640,1.8471,0.051819,0.140686,0.018005,0.988525,7.775,71.2,-1
1782705852.455,1069,246766,0,0.00000000,0.00000000,0.00,0,0,-52.67,-0.535,0.5880,0.3430,1.5680,1.7094,0.051819,0.140686,0.018005,0.988525,7.775,71.2,-1
1782705852.643,1070,246990,0,0.00000000,0.00000000,0.00,0,0,-52.60,0.138,0.1470,0.7350,1.6660,1.8269,0.051819,0.140686,0.017944,0.988525,7.776,71.2,-1
1782705852.892,1071,247209,0,0.00000000,0.00000000,0.00,0,0,-52.58,0.354,0.9800,0.2940,2.1560,2.3865,0.051819,0.140625,0.017944,0.988525,7.776,68.8,-1
1782705853.140,1072,247427,0,0.00000000,0.00000000,0.00,0,0,-52.68,-0.506,0.7840,0.6860,2.2540,2.4831,0.051819,0.140625,0.017883,0.988525,7.775,73.8,-1
1782705853.328,1073,247638,0,0.00000000,0.00000000,0.00,0,0,-52.68,-0.322,0.8330,0.9800,2.3520,2.6807,0.051819,0.140625,0.017883,0.988525,7.776,68.8,-1
1782705853.517,1074,247856,0,0.00000000,0.00000000,0.00,0,0,-52.68,-0.027,0.0980,1.3230,2.0580,2.4485,0.051819,0.140625,0.017883,0.988525,7.775,73.8,-1
1782705853.767,1075,248078,0,0.00000000,0.00000000,0.00,0,0,-52.48,0.932,0.2450,0.2450,2.0580,2.0870,0.051819,0.140625,0.017944,0.988525,7.773,73.8,-1
1782705854.017,1076,248302,0,0.00000000,0.00000000,0.00,0,0,-52.58,-0.305,0.6370,-0.0490,1.3230,1.4692,0.051819,0.140686,0.018005,0.988525,7.778,71.2,-1
1782705854.202,1077,248521,0,0.00000000,0.00000000,0.00,0,0,-52.58,-0.080,0.3430,0.3920,1.2740,1.3764,0.051819,0.140686,0.018005,0.988525,7.773,75.0,-1
1782705854.389,1078,248732,0,0.00000000,0.00000000,0.00,0,0,-52.49,0.734,0.7350,0.6860,1.7150,1.9880,0.051819,0.140686,0.017944,0.988525,7.776,68.8,-1
1782705854.639,1079,248951,0,0.00000000,0.00000000,0.00,0,0,-52.63,-0.283,0.1960,-0.5880,1.7150,1.8236,0.051819,0.140686,0.018005,0.988525,7.776,70.0,-1
1782705854.825,1080,249171,0,0.00000000,0.00000000,0.00,0,0,-52.65,-0.511,0.4900,0.1470,1.6660,1.7428,0.051819,0.140686,0.018005,0.988525,7.775,72.5,-1
1782705855.076,1081,249392,0,0.00000000,0.00000000,0.00,0,0,-52.63,0.395,0.0980,0.7840,2.0090,2.1588,0.051819,0.140625,0.017944,0.988525,7.776,72.5,-1
1782705855.264,1082,249604,0,0.00000000,0.00000000,0.00,0,0,-52.67,0.117,0.1960,0.6860,1.6170,1.7674,0.051819,0.140625,0.017944,0.988525,7.774,73.8,-1
1782705855.513,1083,249823,0,0.00000000,0.00000000,0.00,0,0,-52.49,0.410,0.5390,0.7840,1.0780,1.4378,0.051819,0.140625,0.017883,0.988525,7.775,72.5,-1
1782705855.700,1084,250044,0,0.00000000,0.00000000,0.00,0,0,-52.60,-0.201,-0.0980,0.7350,0.4900,0.8888,0.051819,0.140625,0.017883,0.988525,7.775,72.5,-1
1782705855.949,1085,250264,0,0.00000000,0.00000000,0.00,0,0,-52.52,0.343,0.2450,0.5390,1.7640,1.8607,0.051819,0.140625,0.017944,0.988525,7.775,72.5,-1
1782705856.199,1086,250484,0,0.00000000,0.00000000,0.00,0,0,-52.60,0.032,1.0780,0.1960,1.2250,1.6435,0.051819,0.140686,0.018005,0.988525,7.774,72.5,-1
1782705856.385,1087,250697,0,0.00000000,0.00000000,0.00,0,0,-52.68,-0.486,0.1960,0.9310,2.1560,2.3566,0.051819,0.140686,0.018066,0.988525,7.776,71.2,-1
1782705856.572,1088,250917,0,0.00000000,0.00000000,0.00,0,0,-52.60,0.193,0.0490,1.2740,0.4900,1.3659,0.051819,0.140686,0.018127,0.988525,7.778,67.5,-1
1782705856.824,1089,251133,0,0.00000000,0.00000000,0.00,0,0,-52.59,0.066,0.6370,0.6860,1.7150,1.9539,0.051819,0.140686,0.018127,0.988525,7.774,73.8,-1
1782705857.013,1090,251358,0,0.00000000,0.00000000,0.00,0,0,-52.61,-0.085,0.4900,0.1960,1.2250,1.3338,0.051819,0.140686,0.018127,0.988525,7.776,76.2,-1
1782705857.262,1091,251571,0,0.00000000,0.00000000,0.00,0,0,-52.69,-0.608,0.1470,0.6860,1.3720,1.5410,0.051819,0.140686,0.018066,0.988525,7.774,76.2,-1
1782705857.449,1092,251788,0,0.00000000,0.00000000,0.00,0,0,-52.62,0.357,0.0490,1.2250,2.3520,2.6523,0.051819,0.140686,0.018005,0.988525,7.775,75.0,-1
1782705857.698,1093,252005,0,0.00000000,0.00000000,0.00,0,0,-52.59,-0.218,0.2450,0.9310,1.5190,1.7984,0.051819,0.140686,0.017944,0.988525,7.773,80.0,-1
1782705857.884,1094,252229,0,0.00000000,0.00000000,0.00,0,0,-52.58,-0.329,0.3920,0.5880,1.8620,1.9916,0.051819,0.140686,0.017944,0.988525,7.775,73.8,-1
1782705858.135,1095,252450,0,0.00000000,0.00000000,0.00,0,0,-52.68,-0.377,0.4410,0.4900,1.1270,1.3056,0.051819,0.140686,0.017944,0.988525,7.774,75.0,-1
1782705858.322,1096,252661,0,0.00000000,0.00000000,0.00,0,0,-52.71,-0.589,0.2450,0.1470,0.4900,0.5672,0.051819,0.140686,0.017883,0.988525,7.776,73.8,-1
1782705858.570,1097,252880,0,0.00000000,0.00000000,0.00,0,0,-52.63,0.134,0.1960,0.6370,1.5680,1.7038,0.051819,0.140625,0.017883,0.988525,7.773,72.5,-1
1782705858.756,1098,253101,0,0.00000000,0.00000000,0.00,0,0,-52.69,-0.373,0.2940,0.5880,1.5680,1.7002,0.051819,0.140564,0.017883,0.988525,7.776,72.5,-1
1782705859.006,1099,253321,0,0.00000000,0.00000000,0.00,0,0,-52.78,-0.472,0.2450,0.4900,1.6660,1.7538,0.051819,0.140564,0.017883,0.988525,7.776,71.2,-1
1782705859.255,1100,253565,0,0.00000000,0.00000000,0.00,0,0,-52.65,0.472,0.2450,0.6860,1.2740,1.4675,0.051819,0.140625,0.017883,0.988525,7.775,73.8,-1
1782705859.442,1101,253780,0,0.00000000,0.00000000,0.00,0,0,-52.72,-0.012,0.1470,0.8330,1.6660,1.8684,0.051819,0.140625,0.017883,0.988525,7.774,76.2,-1
1782705859.692,1102,254003,0,0.00000000,0.00000000,0.00,0,0,-52.71,0.192,0.2940,0.5390,1.4700,1.5931,0.051819,0.140686,0.017883,0.988525,7.774,70.0,-1
1782705859.880,1103,254220,0,0.00000000,0.00000000,0.00,0,0,-52.61,-0.030,0.1960,0.4410,1.3720,1.4544,0.051819,0.140686,0.017883,0.988525,7.774,75.0,-1
1782705860.129,1104,254441,0,0.00000000,0.00000000,0.00,0,0,-52.68,-0.255,0.6370,0.5880,0.7350,1.1365,0.051819,0.140625,0.017883,0.988525,7.775,72.5,-1
1782705860.318,1105,254652,0,0.00000000,0.00000000,0.00,0,0,-52.66,-0.190,0.1470,1.0290,0.8820,1.3632,0.051819,0.140686,0.017944,0.988525,7.774,80.0,-1
1782705860.567,1106,254875,0,0.00000000,0.00000000,0.00,0,0,-52.65,0.120,-0.1470,0.7840,1.4210,1.6296,0.051819,0.140686,0.017944,0.988525,7.775,75.0,-1
1782705860.754,1107,255095,0,0.00000000,0.00000000,0.00,0,0,-52.61,-0.191,0.3920,0.8330,2.4500,2.6173,0.051819,0.140686,0.018005,0.988525,7.775,75.0,-1
1782705861.003,1108,255316,0,0.00000000,0.00000000,0.00,0,0,-52.65,-0.285,-0.6860,1.8620,0.2450,1.9994,0.051819,0.140686,0.018005,0.988525,7.774,73.8,-1
1782705861.254,1109,255560,0,0.00000000,0.00000000,0.00,0,0,-52.76,-0.568,0.0980,0.7350,1.6170,1.7789,0.051819,0.140686,0.017944,0.988525,7.773,73.8,-1
1782705861.443,1110,255774,0,0.00000000,0.00000000,0.00,0,0,-52.70,0.088,0.2450,0.7840,1.6660,1.8575,0.051819,0.140686,0.017883,0.988525,7.773,80.0,-1
1782705861.692,1111,255996,0,0.00000000,0.00000000,0.00,0,0,-52.67,0.071,-0.6370,1.8130,0.2450,1.9372,0.051819,0.140686,0.017822,0.988525,7.773,77.5,-1
1782705861.878,1112,256215,0,0.00000000,0.00000000,0.00,0,0,-52.67,-0.018,0.3920,0.4900,1.6660,1.7803,0.051819,0.140686,0.017822,0.988525,7.770,76.2,-1
1782705862.128,1113,256434,0,0.00000000,0.00000000,0.00,0,0,-52.72,-0.318,0.0490,0.9310,1.8130,2.0387,0.051819,0.140686,0.017822,0.988525,7.771,75.0,-1
1782705862.314,1114,256648,0,0.00000000,0.00000000,0.00,0,0,-52.73,-0.297,-0.0490,0.6370,1.5680,1.6932,0.051819,0.140686,0.017883,0.988525,7.774,73.8,-1
1782705862.563,1115,256870,0,0.00000000,0.00000000,0.00,0,0,-52.66,0.186,-0.0980,0.8820,1.5680,1.8017,0.051819,0.140686,0.017883,0.988525,7.775,72.5,-1
1782705862.749,1116,257089,0,0.00000000,0.00000000,0.00,0,0,-52.64,-0.130,0.1960,0.8330,2.2050,2.3652,0.051819,0.140686,0.017883,0.988525,7.776,72.5,-1
1782705862.998,1117,257309,0,0.00000000,0.00000000,0.00,0,0,-52.67,-0.092,0.6370,0.2940,2.0090,2.1280,0.051819,0.140625,0.017883,0.988525,7.775,75.0,-1
1782705863.248,1118,257554,0,0.00000000,0.00000000,0.00,0,0,-52.61,0.612,0.4410,0.5390,1.7640,1.8965,0.051819,0.140625,0.017883,0.988525,7.774,72.5,-1
1782705863.435,1119,257768,0,0.00000000,0.00000000,0.00,0,0,-52.68,-0.112,1.0290,-0.4410,2.5970,2.8280,0.051819,0.140625,0.017822,0.988525,7.771,75.0,-1
1782705863.683,1120,257989,0,0.00000000,0.00000000,0.00,0,0,-52.64,0.249,0.5390,0.7350,1.5680,1.8137,0.051819,0.140564,0.017883,0.988586,7.773,75.0,-1
1782705863.871,1121,258211,0,0.00000000,0.00000000,0.00,0,0,-52.70,-0.330,0.2940,0.9800,1.4210,1.7510,0.051819,0.140564,0.017822,0.988525,7.775,72.5,-1
1782705864.122,1122,258433,0,0.00000000,0.00000000,0.00,0,0,-52.64,0.258,0.1470,0.3430,1.4210,1.4692,0.051819,0.140564,0.017883,0.988525,7.773,73.8,-1
1782705864.310,1123,258646,0,0.00000000,0.00000000,0.00,0,0,-52.70,-0.192,0.5880,0.7840,1.1270,1.4935,0.051819,0.140625,0.017944,0.988525,7.774,77.5,-1
1782705864.561,1124,258861,0,0.00000000,0.00000000,0.00,0,0,-52.66,0.144,0.0490,0.8330,2.0580,2.2207,0.051758,0.140625,0.017944,0.988525,7.774,73.8,-1
1782705864.750,1125,259081,0,0.00000000,0.00000000,0.00,0,0,-52.61,0.241,0.2940,0.7840,2.1560,2.3129,0.051758,0.140625,0.017944,0.988525,7.773,77.5,-1
1782705864.998,1126,259305,0,0.00000000,0.00000000,0.00,0,0,-52.56,0.424,0.1960,0.3920,1.4210,1.4871,0.051758,0.140625,0.018005,0.988525,7.775,73.8,-1
1782705865.247,1127,259547,0,0.00000000,0.00000000,0.00,0,0,-52.58,0.412,0.2940,0.5390,1.7640,1.8678,0.051819,0.140625,0.017944,0.988525,7.773,77.5,-1
1782705865.434,1128,259764,0,0.00000000,0.00000000,0.00,0,0,-52.48,0.809,-0.2450,0.7350,-0.3430,0.8473,0.051819,0.140686,0.017944,0.988525,7.773,75.0,-1
1782705865.683,1129,259986,0,0.00000000,0.00000000,0.00,0,0,-52.52,0.359,0.4900,0.5880,1.1760,1.4031,0.051819,0.140686,0.017944,0.988525,7.774,76.2,-1
1782705865.870,1130,260206,0,0.00000000,0.00000000,0.00,0,0,-52.54,-0.009,0.8330,0.1960,2.1560,2.3196,0.051819,0.140686,0.017883,0.988525,7.774,75.0,-1
1782705866.117,1131,260425,0,0.00000000,0.00000000,0.00,0,0,-52.64,-0.385,0.5390,-0.4410,1.8130,1.9422,0.051819,0.140686,0.017883,0.988525,7.773,78.8,-1
1782705866.303,1132,260634,0,0.00000000,0.00000000,0.00,0,0,-52.54,0.333,0.3920,0.3430,2.2540,2.3134,0.051819,0.140686,0.017883,0.988525,7.773,76.2,-1
1782705866.555,1133,260854,0,0.00000000,0.00000000,0.00,0,0,-52.68,-0.401,0.2940,0.8330,1.7150,1.9291,0.051819,0.140686,0.018005,0.988525,7.773,76.2,-1
1782705866.742,1134,261078,0,0.00000000,0.00000000,0.00,0,0,-52.69,-0.264,0.2940,0.6370,1.4700,1.6288,0.051819,0.140686,0.018066,0.988525,7.773,72.5,-1
1782705866.992,1135,261298,0,0.00000000,0.00000000,0.00,0,0,-52.73,-0.476,0.5390,0.8330,1.6660,1.9391,0.051819,0.140686,0.018005,0.988525,7.774,73.8,-1
1782705867.176,1136,261519,0,0.00000000,0.00000000,0.00,0,0,-52.69,-0.171,-0.0490,0.6860,1.1270,1.3203,0.051819,0.140625,0.018005,0.988525,7.773,78.8,-1
1782705867.425,1137,261727,0,0.00000000,0.00000000,0.00,0,0,-52.72,-0.499,0.2940,0.3920,1.1760,1.2740,0.051819,0.140564,0.018005,0.988525,7.773,81.2,-1
1782705867.610,1138,261950,0,0.00000000,0.00000000,0.00,0,0,-52.63,0.092,0.0490,1.2740,0.5390,1.3842,0.051819,0.140503,0.017944,0.988525,7.775,75.0,-1
1782705867.861,1139,262171,0,0.00000000,0.00000000,0.00,0,0,-52.62,0.373,0.1470,0.9800,1.0780,1.4643,0.051819,0.140564,0.017944,0.988525,7.774,75.0,-1
1782705868.047,1140,262391,0,0.00000000,0.00000000,0.00,0,0,-52.64,-0.018,0.6370,0.4900,2.3520,2.4855,0.051819,0.140564,0.017883,0.988525,7.774,73.8,-1
1782705868.297,1141,262604,0,0.00000000,0.00000000,0.00,0,0,-52.58,0.366,0.0490,0.7350,1.4210,1.6006,0.051819,0.140564,0.017944,0.988525,7.773,72.5,-1
1782705868.485,1142,262820,0,0.00000000,0.00000000,0.00,0,0,-52.64,0.132,0.4900,0.5880,1.8620,2.0132,0.051819,0.140564,0.017883,0.988525,7.774,75.0,-1
1782705868.734,1143,263042,0,0.00000000,0.00000000,0.00,0,0,-52.59,0.167,-0.1960,0.6370,1.0780,1.2674,0.051819,0.140625,0.017883,0.988525,7.776,71.2,-1
1782705868.922,1144,263263,0,0.00000000,0.00000000,0.00,0,0,-52.72,-0.477,0.6860,0.7350,1.1270,1.5103,0.051819,0.140625,0.017883,0.988525,7.775,72.5,-1
1782705869.169,1145,263483,0,0.00000000,0.00000000,0.00,0,0,-52.55,0.896,0.4900,0.6860,2.4990,2.6374,0.051819,0.140625,0.017944,0.988525,7.775,75.0,-1
1782705869.356,1146,263694,0,0.00000000,0.00000000,0.00,0,0,-52.65,0.003,0.5880,0.3920,1.8130,1.9459,0.051819,0.140625,0.018005,0.988525,7.775,76.2,-1
1782705869.606,1147,263915,0,0.00000000,0.00000000,0.00,0,0,-52.69,-0.087,0.1470,0.6860,2.0090,2.1280,0.051819,0.140625,0.018066,0.988525,7.771,75.0,-1
1782705869.792,1148,264135,0,0.00000000,0.00000000,0.00,0,0,-52.75,-0.186,0.4410,0.5390,0.9800,1.2022,0.051819,0.140625,0.018127,0.988525,7.774,73.8,-1
1782705870.041,1149,264356,0,0.00000000,0.00000000,0.00,0,0,-52.64,0.517,0.3430,0.9310,1.6170,1.8971,0.051880,0.140625,0.018127,0.988525,7.773,75.0,-1
1782705870.229,1150,264569,0,0.00000000,0.00000000,0.00,0,0,-52.68,0.223,0.0490,0.9310,1.3720,1.6588,0.051880,0.140686,0.018188,0.988525,7.774,72.5,-1
1782705870.481,1151,264786,0,0.00000000,0.00000000,0.00,0,0,-52.78,-0.868,0.1470,0.6860,1.1760,1.3694,0.051819,0.140686,0.018066,0.988525,7.774,75.0,-1
1782705870.667,1152,265007,0,0.00000000,0.00000000,0.00,0,0,-52.61,0.494,0.1960,0.9800,1.5680,1.8594,0.051819,0.140625,0.018066,0.988525,7.771,75.0,-1
1782705870.915,1153,265228,0,0.00000000,0.00000000,0.00,0,0,-52.73,-0.089,0.3920,0.4900,1.3720,1.5087,0.051819,0.140686,0.017944,0.988525,7.773,72.5,-1
1782705871.162,1154,265447,0,0.00000000,0.00000000,0.00,0,0,-52.71,-0.127,0.9310,0.0490,1.9110,2.1263,0.051819,0.140686,0.017883,0.988525,7.774,70.0,-1
1782705871.348,1155,265659,0,0.00000000,0.00000000,0.00,0,0,-52.73,-0.013,0.3430,0.8330,1.9110,2.1127,0.051819,0.140686,0.017883,0.988525,7.773,71.2,-1
1782705871.535,1156,265878,0,0.00000000,0.00000000,0.00,0,0,-52.75,0.130,0.0980,0.8820,1.6170,1.8445,0.051819,0.140686,0.017883,0.988525,7.773,71.2,-1
1782705871.785,1157,266100,0,0.00000000,0.00000000,0.00,0,0,-52.75,-0.255,2.1560,0.3920,2.4990,3.3237,0.051819,0.140686,0.017944,0.988525,7.776,68.8,-1
1782705872.034,1158,266320,0,0.00000000,0.00000000,0.00,0,0,-52.67,0.445,0.1470,0.9800,1.0780,1.4643,0.051819,0.140686,0.018005,0.988525,7.776,68.8,-1
1782705872.223,1159,266562,0,0.00000000,0.00000000,0.00,0,0,-52.71,0.128,0.6370,0.4410,2.1070,2.2449,0.051819,0.140686,0.018066,0.988525,7.775,76.2,-1
1782705872.471,1160,266781,0,0.00000000,0.00000000,0.00,0,0,-52.80,-0.639,0.2940,1.2250,1.3230,1.8269,0.051819,0.140625,0.018005,0.988525,7.775,71.2,-1
1782705872.658,1161,267002,0,0.00000000,0.00000000,0.00,0,0,-52.77,0.127,0.4900,0.4900,1.6170,1.7592,0.051819,0.140625,0.017944,0.988525,7.774,73.8,-1
1782705872.908,1162,267221,0,0.00000000,0.00000000,0.00,0,0,-52.70,0.316,0.2450,1.2250,0.2450,1.2731,0.051819,0.140625,0.017944,0.988525,7.773,72.5,-1
1782705873.157,1163,267442,0,0.00000000,0.00000000,0.00,0,0,-52.75,-0.338,-0.1960,0.7350,1.5190,1.6988,0.051819,0.140625,0.017883,0.988525,7.775,72.5,-1
1782705873.344,1164,267653,0,0.00000000,0.00000000,0.00,0,0,-52.75,0.103,-0.1470,1.3230,0.6860,1.4975,0.051819,0.140747,0.017883,0.988525,7.775,71.2,-1
1782705873.531,1165,267871,0,0.00000000,0.00000000,0.00,0,0,-52.76,0.292,0.6860,0.3920,1.7640,1.9329,0.051880,0.140869,0.017822,0.988525,7.775,70.0,-1
1782705873.781,1166,268094,0,0.00000000,0.00000000,0.00,0,0,-52.67,0.507,0.7350,0.2450,1.3230,1.5332,0.051819,0.140869,0.017700,0.988525,7.771,71.2,-1
1782705874.029,1167,268314,0,0.00000000,0.00000000,0.00,0,0,-52.80,-0.571,0.0980,0.3430,1.5190,1.5603,0.051758,0.140808,0.017639,0.988525,7.775,68.8,-1
1782705874.218,1168,268558,0,0.00000000,0.00000000,0.00,0,0,-52.82,-0.589,-0.7840,1.0780,0.0000,1.3329,0.051819,0.140747,0.017700,0.988525,7.775,68.8,-1
1782705874.466,1169,268772,0,0.00000000,0.00000000,0.00,0,0,-52.68,0.426,1.0780,0.5390,1.6170,2.0168,0.051819,0.140686,0.017700,0.988525,7.776,71.2,-1
1782705874.653,1170,268997,0,0.00000000,0.00000000,0.00,0,0,-52.76,-0.137,1.0290,-0.0490,1.7640,2.0428,0.051819,0.140686,0.017761,0.988525,7.776,67.5,-1
1782705874.903,1171,269216,0,0.00000000,0.00000000,0.00,0,0,-52.69,0.017,0.0490,1.0290,1.7640,2.0428,0.051819,0.140625,0.017700,0.988525,7.776,70.0,-1
1782705875.088,1172,269433,0,0.00000000,0.00000000,0.00,0,0,-52.81,-0.340,0.0490,0.8330,1.3720,1.6058,0.051819,0.140625,0.017700,0.988525,7.775,72.5,-1
1782705875.340,1173,269647,0,0.00000000,0.00000000,0.00,0,0,-52.79,-0.211,0.1470,0.7840,1.5190,1.7157,0.051819,0.140625,0.017761,0.988525,7.776,75.0,-1
1782705875.527,1174,269869,0,0.00000000,0.00000000,0.00,0,0,-52.83,-0.099,0.7350,1.4210,1.0780,1.9291,0.051819,0.140625,0.017761,0.988525,7.776,71.2,-1
1782705875.777,1175,270088,0,0.00000000,0.00000000,0.00,0,0,-52.88,-0.254,0.0000,1.0290,1.8620,2.1274,0.051819,0.140625,0.017761,0.988525,7.775,71.2,-1
1782705875.967,1176,270308,0,0.00000000,0.00000000,0.00,0,0,-52.83,0.189,0.6860,0.7350,2.3520,2.5579,0.051819,0.140625,0.017822,0.988525,7.774,70.0,-1
1782705876.217,1177,270552,0,0.00000000,0.00000000,0.00,0,0,-52.85,-0.280,0.1960,0.3430,1.5680,1.6170,0.051819,0.140625,0.017822,0.988525,7.774,73.8,-1
1782705876.469,1178,270766,0,0.00000000,0.00000000,0.00,0,0,-52.82,-0.062,0.9310,0.9310,3.8710,4.0888,0.051819,0.140747,0.017822,0.988525,7.774,81.2,-1
1782705876.655,1179,270989,0,0.00000000,0.00000000,0.00,0,0,-52.74,0.491,0.8330,0.8330,1.9600,2.2868,0.051819,0.140747,0.017822,0.988525,7.778,72.5,-1
1782705876.904,1180,271211,0,0.00000000,0.00000000,0.00,0,0,-52.87,-0.313,-0.0980,1.1760,1.8620,2.2045,0.051819,0.140686,0.017822,0.988525,7.778,70.0,-1
1782705877.090,1181,271431,0,0.00000000,0.00000000,0.00,0,0,-52.81,0.588,0.2450,0.8330,1.2250,1.5015,0.051819,0.140686,0.017822,0.988525,7.778,70.0,-1
1782705877.341,1182,271643,0,0.00000000,0.00000000,0.00,0,0,-52.79,0.372,0.4410,0.5390,1.4700,1.6266,0.051819,0.140686,0.017761,0.988525,7.776,72.5,-1
1782705877.527,1183,271862,0,0.00000000,0.00000000,0.00,0,0,-52.90,-0.507,0.2450,1.0290,1.5190,1.8510,0.051819,0.140686,0.017700,0.988525,7.775,71.2,-1
1782705877.778,1184,272080,0,0.00000000,0.00000000,0.00,0,0,-52.84,0.005,0.5390,0.6860,1.5680,1.7944,0.051819,0.140686,0.017761,0.988525,7.775,76.2,-1
1782705877.965,1185,272302,0,0.00000000,0.00000000,0.00,0,0,-52.80,0.001,0.6370,0.9310,1.7640,2.0939,0.051819,0.140686,0.017761,0.988525,7.775,71.2,-1
1782705878.212,1186,272547,0,0.00000000,0.00000000,0.00,0,0,-52.73,0.484,0.3920,0.8330,1.2740,1.5718,0.051819,0.140686,0.017822,0.988525,7.774,75.0,-1
1782705878.463,1187,272766,0,0.00000000,0.00000000,0.00,0,0,-52.77,-0.255,0.3430,0.6370,1.9600,2.0893,0.051819,0.140686,0.017761,0.988525,7.774,73.8,-1
1782705878.648,1188,272984,0,0.00000000,0.00000000,0.00,0,0,-52.70,0.419,0.2940,0.3920,1.4210,1.5031,0.051819,0.140686,0.017761,0.988525,7.775,71.2,-1
1782705878.897,1189,273206,0,0.00000000,0.00000000,0.00,0,0,-52.82,-0.539,0.3430,0.3920,1.2250,1.3311,0.051819,0.140686,0.017761,0.988525,7.775,75.0,-1
1782705879.085,1190,273426,0,0.00000000,0.00000000,0.00,0,0,-52.91,-0.631,0.1470,0.6370,1.6660,1.7897,0.051819,0.140686,0.017822,0.988525,7.774,72.5,-1
1782705879.337,1191,273637,0,0.00000000,0.00000000,0.00,0,0,-52.69,0.534,0.8330,1.0780,2.3520,2.7181,0.051819,0.140686,0.017761,0.988525,7.774,72.5,-1
1782705879.526,1192,273855,0,0.00000000,0.00000000,0.00,0,0,-52.87,-0.422,0.4410,1.0780,1.1760,1.6552,0.051819,0.140686,0.017700,0.988525,7.774,77.5,-1
1782705879.775,1193,274078,0,0.00000000,0.00000000,0.00,0,0,-52.80,0.123,0.2450,0.5390,1.8130,1.9072,0.051819,0.140625,0.017700,0.988525,7.775,73.8,-1
1782705879.964,1194,274297,0,0.00000000,0.00000000,0.00,0,0,-52.73,0.215,0.0000,1.1270,1.6660,2.0114,0.051819,0.140625,0.017700,0.988525,7.775,76.2,-1
1782705880.213,1195,274518,0,0.00000000,0.00000000,0.00,0,0,-52.76,-0.059,0.3920,0.3920,1.5190,1.6170,0.051819,0.140686,0.017761,0.988525,7.771,80.0,-1
1782705880.400,1196,274725,0,0.00000000,0.00000000,0.00,0,0,-52.84,-0.369,0.3430,0.4900,1.9110,2.0024,0.051819,0.140686,0.017761,0.988525,7.775,75.0,-1
1782705880.650,1197,274949,0,0.00000000,0.00000000,0.00,0,0,-52.79,0.232,0.6370,0.8330,1.6170,1.9273,0.051819,0.140747,0.017822,0.988525,7.775,72.5,-1
1782705880.837,1198,275168,0,0.00000000,0.00000000,0.00,0,0,-52.68,0.484,0.4410,0.6860,1.6660,1.8549,0.051819,0.140686,0.017822,0.988525,7.775,72.5,-1
1782705881.085,1199,275387,0,0.00000000,0.00000000,0.00,0,0,-52.68,0.260,0.1470,0.7840,1.5680,1.7592,0.051819,0.140686,0.017822,0.988525,7.775,76.2,-1
1782705881.273,1200,275601,0,0.00000000,0.00000000,0.00,0,0,-52.72,-0.070,0.2450,1.0290,1.7150,2.0150,0.051819,0.140686,0.017822,0.988525,7.775,75.0,-1
1782705881.525,1201,275818,0,0.00000000,0.00000000,0.00,0,0,-52.74,-0.129,0.4410,0.8820,2.1070,2.3263,0.051819,0.140686,0.017822,0.988525,7.773,80.0,-1
1782705881.713,1202,276038,0,0.00000000,0.00000000,0.00,0,0,-52.74,0.008,0.2940,0.7350,2.2540,2.3890,0.051819,0.140686,0.017822,0.988525,7.771,78.8,-1
1782705881.963,1203,276255,0,0.00000000,0.00000000,0.00,0,0,-52.72,0.137,0.3430,0.7840,1.1760,1.4544,0.051819,0.140686,0.017822,0.988525,7.774,72.5,-1
1782705882.149,1204,276472,0,0.00000000,0.00000000,0.00,0,0,-52.70,0.037,0.1960,0.6370,1.1760,1.3517,0.051819,0.140686,0.017822,0.988525,7.774,72.5,-1
1782705882.395,1205,276683,0,0.00000000,0.00000000,0.00,0,0,-52.72,-0.206,0.4410,0.2940,1.5680,1.6552,0.051819,0.140686,0.017822,0.988525,7.774,75.0,-1
1782705882.582,1206,276899,0,0.00000000,0.00000000,0.00,0,0,-52.70,0.172,0.1960,0.7350,1.6170,1.7870,0.051819,0.140625,0.017822,0.988525,7.774,81.2,-1
1782705882.830,1207,277119,0,0.00000000,0.00000000,0.00,0,0,-52.78,-0.190,0.1960,0.6860,2.1070,2.2245,0.051819,0.140625,0.017822,0.988525,7.775,76.2,-1
1782705883.016,1208,277339,0,0.00000000,0.00000000,0.00,0,0,-52.75,0.042,0.4410,0.9800,1.4700,1.8209,0.051880,0.140564,0.017883,0.988525,7.773,78.8,-1
1782705883.266,1209,277553,0,0.00000000,0.00000000,0.00,0,0,-52.81,-0.290,0.4410,0.9310,1.5680,1.8761,0.051819,0.140686,0.017822,0.988525,7.774,75.0,-1
1782705883.453,1210,277775,0,0.00000000,0.00000000,0.00,0,0,-52.75,-0.094,0.1960,0.4900,1.5680,1.6544,0.051819,0.140747,0.017700,0.988525,7.775,72.5,-1
1782705883.702,1211,277996,0,0.00000000,0.00000000,0.00,0,0,-52.72,0.380,0.4900,0.3920,1.7150,1.8262,0.051819,0.140686,0.017639,0.988525,7.775,75.0,-1
1782705883.892,1212,278216,0,0.00000000,0.00000000,0.00,0,0,-52.77,-0.108,0.3430,0.4410,1.1270,1.2579,0.051819,0.140747,0.017700,0.988525,7.775,70.0,-1
1782705884.140,1213,278437,0,0.00000000,0.00000000,0.00,0,0,-52.70,0.449,0.2450,0.8820,1.2740,1.5688,0.051819,0.140808,0.017822,0.988525,7.774,71.2,-1
1782705884.329,1214,278647,0,0.00000000,0.00000000,0.00,0,0,-52.85,-0.523,0.7350,0.0000,0.6370,0.9726,0.051941,0.140808,0.017700,0.988525,7.775,72.5,-1
1782705884.577,1215,278867,0,0.00000000,0.00000000,0.00,0,0,-52.78,-0.067,0.6860,0.6370,1.8620,2.0841,0.051941,0.140808,0.017761,0.988525,7.774,77.5,-1
1782705884.763,1216,279088,0,0.00000000,0.00000000,0.00,0,0,-52.78,0.065,0.1960,1.4700,1.8620,2.3804,0.051941,0.140808,0.017822,0.988525,7.774,70.0,-1
1782705885.013,1217,279308,0,0.00000000,0.00000000,0.00,0,0,-52.75,-0.168,0.1960,0.6860,2.1070,2.2245,0.051819,0.140747,0.018005,0.988525,7.773,76.2,-1
1782705885.262,1218,279551,0,0.00000000,0.00000000,0.00,0,0,-52.70,0.182,-0.0490,1.1760,1.6660,2.0398,0.051819,0.140747,0.018005,0.988525,7.775,75.0,-1
1782705885.450,1219,279768,0,0.00000000,0.00000000,0.00,0,0,-52.76,0.001,0.8330,0.7840,2.1560,2.4407,0.051880,0.140747,0.018005,0.988525,7.776,70.0,-1
1782705885.700,1220,279988,0,0.00000000,0.00000000,0.00,0,0,-52.77,-0.277,-0.0490,0.8330,1.3230,1.5642,0.051941,0.140747,0.018005,0.988525,7.773,70.0,-1
1782705885.885,1221,280210,0,0.00000000,0.00000000,0.00,0,0,-52.86,-0.597,0.8330,0.2450,1.3720,1.6237,0.051941,0.140686,0.018005,0.988525,7.776,73.8,-1
1782705886.134,1222,280427,0,0.00000000,0.00000000,0.00,0,0,-52.75,0.222,0.6860,0.3430,1.6660,1.8341,0.051941,0.140625,0.018005,0.988525,7.773,73.8,-1
1782705886.318,1223,280641,0,0.00000000,0.00000000,0.00,0,0,-52.66,0.611,0.2940,0.4900,1.0290,1.1770,0.051819,0.140686,0.018005,0.988525,7.773,73.8,-1
1782705886.567,1224,280862,0,0.00000000,0.00000000,0.00,0,0,-52.85,-0.654,0.3430,0.8330,1.8130,2.0245,0.051819,0.140686,0.017944,0.988525,7.773,71.2,-1
1782705886.753,1225,281082,0,0.00000000,0.00000000,0.00,0,0,-52.83,-0.261,0.0980,0.4410,1.8620,1.9160,0.051819,0.140625,0.017944,0.988525,7.775,71.2,-1
1782705887.002,1226,281302,0,0.00000000,0.00000000,0.00,0,0,-52.78,-0.177,0.2940,0.7840,1.6660,1.8646,0.051819,0.140686,0.017944,0.988525,7.774,72.5,-1
1782705887.252,1227,281542,0,0.00000000,0.00000000,0.00,0,0,-52.94,-0.732,-0.1470,0.8330,1.3230,1.5703,0.051819,0.140686,0.017944,0.988525,7.774,73.8,-1
1782705887.439,1228,281764,0,0.00000000,0.00000000,0.00,0,0,-52.82,0.026,0.0490,0.5880,1.6660,1.7674,0.051819,0.140686,0.017883,0.988525,7.775,72.5,-1
1782705887.688,1229,281985,0,0.00000000,0.00000000,0.00,0,0,-52.87,-0.358,0.1960,1.0290,0.9800,1.4345,0.051819,0.140686,0.017883,0.988525,7.774,71.2,-1
1782705887.875,1230,282205,0,0.00000000,0.00000000,0.00,0,0,-52.81,-0.102,0.0980,0.4900,1.2250,1.3230,0.051819,0.140686,0.017822,0.988525,7.773,72.5,-1
1782705888.128,1231,282424,0,0.00000000,0.00000000,0.00,0,0,-52.74,0.725,0.2940,0.5390,1.5680,1.6839,0.051758,0.140625,0.017700,0.988525,7.773,71.2,-1
1782705888.316,1232,282638,0,0.00000000,0.00000000,0.00,0,0,-52.83,-0.120,0.1470,0.2940,1.6170,1.6501,0.051758,0.140686,0.017639,0.988525,7.773,75.0,-1
1782705888.566,1233,282855,0,0.00000000,0.00000000,0.00,0,0,-52.72,0.460,0.2940,0.4410,1.1270,1.2454,0.051758,0.140686,0.017639,0.988525,7.775,75.0,-1
1782705888.753,1234,283076,0,0.00000000,0.00000000,0.00,0,0,-52.80,-0.141,0.7840,-0.0490,1.4210,1.6237,0.051758,0.140686,0.017578,0.988525,7.775,73.8,-1
1782705889.000,1235,283297,0,0.00000000,0.00000000,0.00,0,0,-52.72,0.096,0.0490,0.6860,1.3230,1.4911,0.051758,0.140686,0.017639,0.988525,7.775,73.8,-1
1782705889.186,1236,283518,0,0.00000000,0.00000000,0.00,0,0,-52.74,-0.288,0.5390,0.9310,0.5390,1.2032,0.051758,0.140686,0.017700,0.988525,7.769,80.0,-1
1782705889.435,1237,283730,0,0.00000000,0.00000000,0.00,0,0,-52.82,-0.671,0.3920,0.4900,1.8130,1.9185,0.051758,0.140686,0.017700,0.988525,7.774,71.2,-1
1782705889.625,1238,283949,0,0.00000000,0.00000000,0.00,0,0,-52.82,-0.349,0.1960,0.5390,1.1760,1.3084,0.051758,0.140686,0.017700,0.988525,7.775,72.5,-1
1782705889.874,1239,284168,0,0.00000000,0.00000000,0.00,0,0,-52.73,0.161,0.3920,0.7840,1.2740,1.5464,0.051819,0.140686,0.017761,0.988525,7.775,72.5,-1
1782705890.060,1240,284389,0,0.00000000,0.00000000,0.00,0,0,-52.81,-0.241,0.2450,0.7840,0.8820,1.2052,0.051758,0.140686,0.017761,0.988525,7.774,75.0,-1
1782705890.311,1241,284601,0,0.00000000,0.00000000,0.00,0,0,-52.72,0.674,-0.2450,1.5190,-0.1960,1.5511,0.051758,0.140686,0.017761,0.988525,7.774,68.8,-1
1782705890.498,1242,284819,0,0.00000000,0.00000000,0.00,0,0,-52.90,-0.733,0.9310,1.0290,1.9110,2.3617,0.051758,0.140686,0.017761,0.988525,7.775,72.5,-1
1782705890.744,1243,285041,0,0.00000000,0.00000000,0.00,0,0,-52.74,0.009,-0.1960,1.6170,1.5680,2.2609,0.051758,0.140686,0.017761,0.988525,7.773,70.0,-1
1782705890.930,1244,285261,0,0.00000000,0.00000000,0.00,0,0,-52.69,0.487,-0.2940,0.1470,1.7640,1.7944,0.051758,0.140686,0.017700,0.988525,7.774,73.8,-1
1782705891.177,1245,285482,0,0.00000000,0.00000000,0.00,0,0,-52.83,-0.433,0.5390,0.6370,1.7640,1.9514,0.051758,0.140686,0.017761,0.988525,7.773,72.5,-1
1782705891.364,1246,285695,0,0.00000000,0.00000000,0.00,0,0,-52.77,0.170,0.1960,0.7840,1.5190,1.7206,0.051758,0.140686,0.017700,0.988525,7.775,71.2,-1
1782705891.612,1247,285911,0,0.00000000,0.00000000,0.00,0,0,-52.77,0.392,0.4900,0.2940,1.2250,1.3517,0.051758,0.140686,0.017639,0.988525,7.774,72.5,-1
1782705891.800,1248,286134,0,0.00000000,0.00000000,0.00,0,0,-52.71,0.479,0.6370,0.4410,2.1070,2.2449,0.051758,0.140686,0.017700,0.988525,7.775,70.0,-1
1782705892.048,1249,286354,0,0.00000000,0.00000000,0.00,0,0,-52.89,-0.711,0.9310,0.6370,1.0780,1.5603,0.051758,0.140686,0.017700,0.988525,7.776,68.8,-1
1782705892.236,1250,286564,0,0.00000000,0.00000000,0.00,0,0,-52.81,-0.092,0.0980,0.5880,1.2740,1.4066,0.051758,0.140686,0.017639,0.988525,7.775,70.0,-1
1782705892.487,1251,286781,0,0.00000000,0.00000000,0.00,0,0,-52.83,-0.257,0.7350,0.9310,0.6860,1.3702,0.051758,0.140686,0.017700,0.988525,7.771,71.2,-1
1782705892.674,1252,287003,0,0.00000000,0.00000000,0.00,0,0,-52.78,-0.087,1.4210,0.9310,1.5190,2.2789,0.051758,0.140686,0.017700,0.988525,7.775,71.2,-1
1782705892.924,1253,287224,0,0.00000000,0.00000000,0.00,0,0,-52.81,0.033,1.2250,0.9310,1.8620,2.4155,0.051758,0.140686,0.017761,0.988525,7.773,71.2,-1
1782705893.114,1254,287446,0,0.00000000,0.00000000,0.00,0,0,-52.75,0.620,1.1270,0.6370,1.6170,2.0714,0.051758,0.140686,0.017700,0.988525,7.774,72.5,-1
1782705893.365,1255,287656,0,0.00000000,0.00000000,0.00,0,0,-52.85,-0.370,0.4900,0.1960,2.2050,2.2673,0.051758,0.140625,0.017639,0.988525,7.776,68.8,-1
1782705893.552,1256,287874,0,0.00000000,0.00000000,0.00,0,0,-52.89,-0.258,0.1960,0.4410,1.5190,1.5938,0.051758,0.140625,0.017639,0.988525,7.775,73.8,-1
1782705893.803,1257,288095,0,0.00000000,0.00000000,0.00,0,0,-52.87,-0.034,0.2450,0.2940,2.0090,2.0451,0.051758,0.140625,0.017700,0.988525,7.774,72.5,-1
1782705893.990,1258,288317,0,0.00000000,0.00000000,0.00,0,0,-52.81,0.047,-0.5880,1.3230,0.5390,1.5449,0.051758,0.140625,0.017639,0.988525,7.776,71.2,-1
1782705894.239,1259,288561,0,0.00000000,0.00000000,0.00,0,0,-52.71,0.547,-0.6860,0.8330,2.2540,2.4990,0.051758,0.140625,0.017700,0.988525,7.775,68.8,-1
1782705894.491,1260,288778,0,0.00000000,0.00000000,0.00,0,0,-52.80,-0.087,0.4410,0.6860,2.3030,2.4431,0.051819,0.140625,0.017761,0.988525,7.775,70.0,-1
1782705894.676,1261,288997,0,0.00000000,0.00000000,0.00,0,0,-52.71,0.531,0.5390,-0.1960,2.3520,2.4209,0.051758,0.140625,0.017761,0.988525,7.773,71.2,-1
1782705894.923,1262,289219,0,0.00000000,0.00000000,0.00,0,0,-52.71,0.080,0.8820,0.2940,2.3520,2.5291,0.051758,0.140625,0.017700,0.988525,7.775,73.8,-1
1782705895.112,1263,289440,0,0.00000000,0.00000000,0.00,0,0,-52.72,-0.092,0.0490,1.0780,1.5190,1.8633,0.051819,0.140625,0.017761,0.988525,7.778,67.5,-1
1782705895.365,1264,289651,0,0.00000000,0.00000000,0.00,0,0,-52.72,-0.095,0.2450,0.2450,1.5680,1.6058,0.051819,0.140625,0.017761,0.988525,7.774,72.5,-1
1782705895.550,1265,289869,0,0.00000000,0.00000000,0.00,0,0,-52.74,-0.067,0.0490,1.2740,1.6660,2.0979,0.051819,0.140625,0.017822,0.988525,7.773,73.8,-1
1782705895.799,1266,290091,0,0.00000000,0.00000000,0.00,0,0,-52.64,0.468,0.5390,0.8820,2.2050,2.4353,0.051819,0.140625,0.017761,0.988525,7.775,72.5,-1
1782705895.986,1267,290312,0,0.00000000,0.00000000,0.00,0,0,-52.76,-0.132,0.6860,0.4900,2.2050,2.3607,0.051758,0.140625,0.017639,0.988525,7.776,73.8,-1
1782705896.234,1268,290556,0,0.00000000,0.00000000,0.00,0,0,-52.74,-0.148,0.3920,1.5190,1.3230,2.0522,0.051758,0.140625,0.017700,0.988525,7.778,72.5,-1
1782705896.482,1269,290774,0,0.00000000,0.00000000,0.00,0,0,-52.73,0.142,0.1470,0.0490,1.4210,1.4294,0.051758,0.140625,0.017700,0.988525,7.778,72.5,-1
1782705896.668,1270,290994,0,0.00000000,0.00000000,0.00,0,0,-52.67,0.258,0.5880,0.8330,0.9800,1.4142,0.051819,0.140686,0.017761,0.988525,7.775,72.5,-1
1782705896.919,1271,291212,0,0.00000000,0.00000000,0.00,0,0,-52.74,-0.054,0.7350,0.1470,1.5680,1.7379,0.051819,0.140686,0.017761,0.988525,7.775,76.2,-1
1782705897.104,1272,291435,0,0.00000000,0.00000000,0.00,0,0,-52.79,0.028,0.3920,0.9800,1.7640,2.0557,0.051819,0.140686,0.017822,0.988525,7.775,73.8,-1
1782705897.353,1273,291642,0,0.00000000,0.00000000,0.00,0,0,-52.80,-0.215,0.1470,0.7840,2.1560,2.2988,0.051819,0.140686,0.017822,0.988525,7.774,70.0,-1
1782705897.542,1274,291865,0,0.00000000,0.00000000,0.00,0,0,-52.82,-0.062,0.8820,0.7840,2.0580,2.3723,0.051819,0.140686,0.017822,0.988525,7.775,68.8,-1
1782705897.790,1275,292085,0,0.00000000,0.00000000,0.00,0,0,-52.73,0.877,0.4410,0.2940,1.7150,1.7950,0.051819,0.140686,0.017822,0.988525,7.776,70.0,-1
1782705897.977,1276,292307,0,0.00000000,0.00000000,0.00,0,0,-52.79,-0.007,-0.0490,1.0290,1.2740,1.6384,0.051819,0.140686,0.017822,0.988525,7.776,71.2,-1
1782705898.229,1277,292548,0,0.00000000,0.00000000,0.00,0,0,-52.69,0.346,0.3920,0.8820,1.2740,1.5983,0.051819,0.140686,0.017822,0.988525,7.775,70.0,-1
1782705898.475,1278,292767,0,0.00000000,0.00000000,0.00,0,0,-52.85,-0.903,0.7350,0.6860,2.3520,2.5579,0.051819,0.140686,0.017822,0.988525,7.775,71.2,-1
1782705898.665,1279,292988,0,0.00000000,0.00000000,0.00,0,0,-52.76,0.098,0.3430,1.3720,1.2250,1.8710,0.051758,0.140686,0.017761,0.988525,7.775,71.2,-1
1782705898.915,1280,293209,0,0.00000000,0.00000000,0.00,0,0,-52.87,-0.557,0.2940,0.3430,1.2250,1.3056,0.051819,0.140686,0.017761,0.988525,7.775,73.8,-1
1782705899.103,1281,293429,0,0.00000000,0.00000000,0.00,0,0,-52.77,0.099,0.1960,0.3430,1.6170,1.6646,0.051819,0.140686,0.017761,0.988525,7.775,73.8,-1
1782705899.353,1282,293641,0,0.00000000,0.00000000,0.00,0,0,-52.79,0.010,0.4410,0.5880,2.3030,2.4174,0.051819,0.140686,0.017822,0.988525,7.773,75.0,-1
1782705899.541,1283,293858,0,0.00000000,0.00000000,0.00,0,0,-52.82,-0.116,0.0980,0.3920,1.4700,1.5245,0.051819,0.140686,0.017822,0.988525,7.771,75.0,-1
1782705899.792,1284,294081,0,0.00000000,0.00000000,0.00,0,0,-52.82,0.006,-0.1960,1.0780,1.6170,1.9533,0.051819,0.140686,0.017944,0.988525,7.773,73.8,-1
1782705899.978,1285,294301,0,0.00000000,0.00000000,0.00,0,0,-52.74,0.323,0.6860,0.9310,1.4700,1.8704,0.051819,0.140625,0.017883,0.988525,7.771,73.8,-1
1782705900.226,1286,294521,0,0.00000000,0.00000000,0.00,0,0,-52.79,-0.306,1.5190,-0.2940,2.5970,3.0229,0.051758,0.140686,0.017883,0.988525,7.774,80.0,-1
1782705900.412,1287,294733,0,0.00000000,0.00000000,0.00,0,0,-52.83,-0.515,0.0000,1.1760,1.3720,1.8070,0.051697,0.140686,0.017822,0.988525,7.774,71.2,-1
1782705900.660,1288,294951,0,0.00000000,0.00000000,0.00,0,0,-52.68,0.580,0.6370,0.4900,1.6170,1.8057,0.051697,0.140686,0.017761,0.988525,7.773,75.0,-1
1782705900.849,1289,295171,0,0.00000000,0.00000000,0.00,0,0,-52.80,-0.391,0.1470,0.5880,1.7150,1.8189,0.051697,0.140686,0.017761,0.988525,7.773,75.0,-1
1782705901.097,1290,295394,0,0.00000000,0.00000000,0.00,0,0,-52.69,0.650,-0.1470,0.8330,0.9310,1.2579,0.051697,0.140686,0.017761,0.988525,7.773,71.2,-1
1782705901.284,1291,295604,0,0.00000000,0.00000000,0.00,0,0,-52.78,-0.013,-0.2940,0.3920,1.2740,1.3650,0.051697,0.140686,0.017822,0.988525,7.775,68.8,-1
1782705901.536,1292,295824,0,0.00000000,0.00000000,0.00,0,0,-52.79,-0.156,0.1960,0.6860,0.4900,0.8655,0.051697,0.140747,0.017822,0.988525,7.778,70.0,-1
1782705901.726,1293,296041,0,0.00000000,0.00000000,0.00,0,0,-52.80,-0.197,0.3920,0.6370,2.8910,2.9862,0.051636,0.140747,0.018005,0.988525,7.770,78.8,-1
1782705901.975,1294,296266,0,0.00000000,0.00000000,0.00,0,0,-52.79,0.132,0.3430,0.2940,0.9310,1.0348,0.051575,0.140747,0.018066,0.988525,7.774,76.2,-1
1782705902.162,1295,296485,0,0.00000000,0.00000000,0.00,0,0,-52.70,-0.052,0.4410,0.6860,1.4210,1.6384,0.051575,0.140747,0.018127,0.988525,7.778,73.8,-1
1782705902.349,1296,296694,0,0.00000000,0.00000000,0.00,0,0,-52.71,0.013,0.0490,0.4410,2.0090,2.0574,0.051575,0.140747,0.018127,0.988525,7.775,75.0,-1
1782705902.598,1297,296917,0,0.00000000,0.00000000,0.00,0,0,-52.72,-0.032,-0.0980,0.9310,1.4210,1.7016,0.051636,0.140808,0.018005,0.988525,7.775,72.5,-1
1782705902.848,1298,297137,0,0.00000000,0.00000000,0.00,0,0,-52.63,0.648,0.6370,0.2940,0.7840,1.0521,0.051636,0.140747,0.017944,0.988525,7.775,71.2,-1
1782705903.037,1299,297356,0,0.00000000,0.00000000,0.00,0,0,-52.77,-0.422,0.4900,0.4900,1.3720,1.5371,0.051697,0.140625,0.017883,0.988525,7.775,75.0,-1
1782705903.227,1300,297569,0,0.00000000,0.00000000,0.00,0,0,-52.77,-0.297,1.0780,0.2450,2.0090,2.2931,0.051575,0.140686,0.017944,0.988525,7.774,73.8,-1
1782705903.476,1301,297789,0,0.00000000,0.00000000,0.00,0,0,-52.81,0.285,0.1960,0.8820,1.3720,1.6428,0.051575,0.140686,0.017883,0.988525,7.774,76.2,-1
1782705903.665,1302,298009,0,0.00000000,0.00000000,0.00,0,0,-52.87,-0.108,0.8330,-0.3920,1.8620,2.0772,0.051575,0.140686,0.017822,0.988525,7.773,76.2,-1
1782705903.914,1303,298229,0,0.00000000,0.00000000,0.00,0,0,-52.74,0.181,-0.1470,0.0980,0.1960,0.2639,0.051575,0.140686,0.017822,0.988525,7.775,75.0,-1
1782705904.163,1304,298451,0,0.00000000,0.00000000,0.00,0,0,-52.67,0.307,0.0490,1.0290,1.1760,1.5634,0.051575,0.140686,0.017822,0.988525,7.774,75.0,-1
1782705904.351,1305,298663,0,0.00000000,0.00000000,0.00,0,0,-52.73,-0.153,0.3430,0.4410,1.7640,1.8504,0.051575,0.140686,0.017883,0.988525,7.774,71.2,-1
1782705904.540,1306,298879,0,0.00000000,0.00000000,0.00,0,0,-52.71,0.055,0.2450,0.6370,1.3720,1.5324,0.051575,0.140686,0.017883,0.988525,7.775,73.8,-1
1782705904.789,1307,299101,0,0.00000000,0.00000000,0.00,0,0,-52.76,-0.157,0.2940,0.1470,1.9110,1.9391,0.051575,0.140686,0.017822,0.988525,7.774,73.8,-1
1782705904.977,1308,299320,0,0.00000000,0.00000000,0.00,0,0,-52.72,0.153,0.4410,0.4900,1.0780,1.2636,0.051514,0.140686,0.017761,0.988525,7.773,75.0,-1
1782705905.227,1309,299565,0,0.00000000,0.00000000,0.00,0,0,-52.68,0.529,0.3430,0.5390,1.9600,2.0615,0.051514,0.140686,0.017700,0.988525,7.773,68.8,-1
1782705905.475,1310,299784,0,0.00000000,0.00000000,0.00,0,0,-52.74,0.195,0.4900,1.1760,1.9600,2.3377,0.051514,0.140686,0.017700,0.988586,7.778,68.8,-1
1782705905.660,1311,300002,0,0.00000000,0.00000000,0.00,0,0,-52.85,-0.517,0.1470,0.8820,1.8130,2.0215,0.051514,0.140625,0.017700,0.988586,7.774,75.0,-1
1782705905.910,1312,300223,0,0.00000000,0.00000000,0.00,0,0,-52.87,-0.385,0.2940,0.7350,1.9110,2.0685,0.051514,0.140625,0.017700,0.988586,7.778,73.8,-1
1782705906.161,1313,300443,0,0.00000000,0.00000000,0.00,0,0,-52.86,-0.502,0.4900,0.7350,1.2250,1.5103,0.051514,0.140686,0.017761,0.988586,7.776,73.8,-1
1782705906.349,1314,300655,0,0.00000000,0.00000000,0.00,0,0,-52.71,0.384,0.2450,0.8330,1.8130,2.0102,0.051514,0.140686,0.017761,0.988525,7.774,75.0,-1
1782705906.535,1315,300875,0,0.00000000,0.00000000,0.00,0,0,-52.69,0.293,-0.0490,0.8820,1.5190,1.7572,0.051514,0.140686,0.017822,0.988525,7.776,75.0,-1
1782705906.784,1316,301094,0,0.00000000,0.00000000,0.00,0,0,-52.81,-0.641,1.0290,0.2940,2.8910,3.0827,0.051514,0.140686,0.017761,0.988525,7.771,76.2,-1
1782705906.971,1317,301309,0,0.00000000,0.00000000,0.00,0,0,-52.85,-0.494,0.4410,0.3920,1.8130,1.9066,0.051514,0.140686,0.017761,0.988525,7.775,73.8,-1
1782705907.220,1318,301549,0,0.00000000,0.00000000,0.00,0,0,-52.79,0.274,0.0980,0.4410,1.1760,1.2598,0.051575,0.140686,0.017822,0.988525,7.773,73.8,-1
1782705907.469,1319,301766,0,0.00000000,0.00000000,0.00,0,0,-52.83,0.012,0.1470,1.1270,1.3720,1.7816,0.051575,0.140686,0.017822,0.988525,7.771,75.0,-1
1782705907.656,1320,301986,0,0.00000000,0.00000000,0.00,0,0,-52.74,0.418,0.4410,0.7350,1.5190,1.7442,0.051575,0.140686,0.017822,0.988525,7.771,75.0,-1
1782705907.906,1321,302208,0,0.00000000,0.00000000,0.00,0,0,-52.80,-0.317,0.4900,0.1470,1.6660,1.7428,0.051575,0.140686,0.017822,0.988525,7.774,77.5,-1
1782705908.094,1322,302429,0,0.00000000,0.00000000,0.00,0,0,-52.66,0.398,0.0000,0.7840,1.4700,1.6660,0.051514,0.140686,0.017761,0.988525,7.774,73.8,-1
1782705908.345,1323,302638,0,0.00000000,0.00000000,0.00,0,0,-52.77,-0.148,0.8820,0.2450,1.4210,1.6903,0.051514,0.140686,0.017761,0.988525,7.773,72.5,-1
1782705908.532,1324,302857,0,0.00000000,0.00000000,0.00,0,0,-52.81,-0.037,0.4900,0.6860,1.7150,1.9110,0.051575,0.140686,0.017822,0.988525,7.774,76.2,-1
1782705908.784,1325,303080,0,0.00000000,0.00000000,0.00,0,0,-52.81,-0.213,0.3430,0.7350,0.9310,1.2348,0.051575,0.140686,0.017822,0.988525,7.775,75.0,-1
1782705908.973,1326,303302,0,0.00000000,0.00000000,0.00,0,0,-52.66,0.494,0.3920,0.5390,1.4700,1.6140,0.051575,0.140625,0.017822,0.988525,7.775,67.5,-1
1782705909.223,1327,303521,0,0.00000000,0.00000000,0.00,0,0,-52.71,0.351,-0.1470,1.2250,1.6660,2.0731,0.051514,0.140625,0.017761,0.988586,7.771,83.8,-1
1782705909.412,1328,303729,0,0.00000000,0.00000000,0.00,0,0,-52.75,0.063,0.2940,0.7840,1.5680,1.7776,0.051514,0.140625,0.017700,0.988586,7.775,75.0,-1
1782705909.662,1329,303952,0,0.00000000,0.00000000,0.00,0,0,-52.87,-0.184,0.4900,0.3430,1.4700,1.5870,0.051514,0.140625,0.017700,0.988586,7.774,75.0,-1
1782705909.849,1330,304171,0,0.00000000,0.00000000,0.00,0,0,-52.76,0.637,0.0000,0.5880,1.5190,1.6288,0.051514,0.140625,0.017761,0.988586,7.773,72.5,-1
1782705910.098,1331,304393,0,0.00000000,0.00000000,0.00,0,0,-52.70,0.545,0.7350,0.5880,1.0780,1.4311,0.051514,0.140625,0.017761,0.988586,7.774,75.0,-1
1782705910.285,1332,304605,0,0.00000000,0.00000000,0.00,0,0,-52.85,-0.570,1.4700,-0.8330,3.2340,3.6488,0.051514,0.140625,0.017761,0.988586,7.770,70.0,-1
1782705910.534,1333,304823,0,0.00000000,0.00000000,0.00,0,0,-52.78,0.145,0.9800,0.6370,2.7440,2.9826,0.051514,0.140564,0.017700,0.988586,7.771,73.8,-1
1782705910.721,1334,305043,0,0.00000000,0.00000000,0.00,0,0,-52.72,0.148,0.1470,0.7840,1.2250,1.4618,0.051514,0.140625,0.017700,0.988586,7.771,73.8,-1
1782705910.970,1335,305266,0,0.00000000,0.00000000,0.00,0,0,-52.70,0.114,0.9800,0.0490,2.5480,2.7304,0.051514,0.140686,0.017700,0.988586,7.773,73.8,-1
1782705911.156,1336,305486,0,0.00000000,0.00000000,0.00,0,0,-52.85,-0.515,0.7350,0.7350,1.8130,2.0898,0.051514,0.140686,0.017761,0.988586,7.771,75.0,-1
1782705911.402,1337,305694,0,0.00000000,0.00000000,0.00,0,0,-52.79,0.170,0.2450,0.8820,1.8130,2.0310,0.051514,0.140625,0.017761,0.988586,7.771,73.8,-1
1782705911.591,1338,305916,0,0.00000000,0.00000000,0.00,0,0,-52.66,0.672,-0.4410,1.1270,0.7350,1.4159,0.051514,0.140625,0.017761,0.988586,7.775,73.8,-1
1782705911.841,1339,306136,0,0.00000000,0.00000000,0.00,0,0,-52.82,-0.145,0.1960,0.6860,1.7150,1.8575,0.051514,0.140625,0.017761,0.988586,7.774,73.8,-1
1782705912.029,1340,306357,0,0.00000000,0.00000000,0.00,0,0,-52.68,0.690,0.0490,0.5880,0.7350,0.9425,0.051575,0.140625,0.017822,0.988586,7.776,72.5,-1
1782705912.277,1341,306571,0,0.00000000,0.00000000,0.00,0,0,-52.69,0.257,0.0490,0.9310,0.7840,1.2181,0.051575,0.140625,0.017822,0.988586,7.775,75.0,-1
1782705912.465,1342,306785,0,0.00000000,0.00000000,0.00,0,0,-52.80,-0.495,-0.1960,1.3720,1.9600,2.4005,0.051514,0.140625,0.017761,0.988586,7.771,80.0,-1
1782705912.714,1343,307008,0,0.00000000,0.00000000,0.00,0,0,-52.72,0.067,0.2940,0.8330,1.2250,1.5103,0.051514,0.140625,0.017761,0.988586,7.775,73.8,-1
1782705912.900,1344,307230,0,0.00000000,0.00000000,0.00,0,0,-52.72,0.353,0.0000,1.2250,2.0580,2.3950,0.051514,0.140625,0.017761,0.988586,7.776,75.0,-1
1782705913.150,1345,307448,0,0.00000000,0.00000000,0.00,0,0,-52.69,0.328,2.0580,0.5880,3.9200,4.4663,0.051575,0.140625,0.017822,0.988586,7.773,76.2,-1
1782705913.337,1346,307662,0,0.00000000,0.00000000,0.00,0,0,-52.73,-0.317,0.6370,0.5390,1.5680,1.7762,0.051575,0.140625,0.017822,0.988586,7.774,70.0,-1
1782705913.587,1347,307879,0,0.00000000,0.00000000,0.00,0,0,-52.88,-0.830,0.4900,0.6370,1.1270,1.3842,0.051575,0.140686,0.017822,0.988525,7.775,75.0,-1
1782705913.775,1348,308102,0,0.00000000,0.00000000,0.00,0,0,-52.80,0.002,0.3920,0.2940,1.9110,1.9728,0.051575,0.140686,0.017822,0.988525,7.773,68.8,-1
1782705914.026,1349,308321,0,0.00000000,0.00000000,0.00,0,0,-52.67,0.789,0.2450,0.4900,1.4700,1.5688,0.051575,0.140625,0.017822,0.988525,7.771,77.5,-1
1782705914.275,1350,308566,0,0.00000000,0.00000000,0.00,0,0,-52.81,-0.368,0.5390,0.5390,2.1070,2.2406,0.051575,0.140625,0.017822,0.988586,7.771,72.5,-1
1782705914.463,1351,308780,0,0.00000000,0.00000000,0.00,0,0,-52.78,0.236,0.2450,0.4410,1.5680,1.6472,0.051575,0.140625,0.017822,0.988586,7.774,78.8,-1
1782705914.708,1352,309004,0,0.00000000,0.00000000,0.00,0,0,-52.78,0.103,0.3920,0.4900,0.7840,1.0042,0.051514,0.140625,0.017761,0.988586,7.774,71.2,-1
1782705914.894,1353,309222,0,0.00000000,0.00000000,0.00,0,0,-52.85,-0.115,0.2940,0.7350,1.0780,1.3374,0.051514,0.140625,0.017700,0.988586,7.774,72.5,-1
1782705915.143,1354,309442,0,0.00000000,0.00000000,0.00,0,0,-52.83,0.427,0.8330,0.2940,1.2250,1.5103,0.051514,0.140625,0.017639,0.988586,7.774,68.8,-1
1782705915.328,1355,309658,0,0.00000000,0.00000000,0.00,0,0,-52.87,-0.087,0.4900,0.5880,1.6660,1.8334,0.051514,0.140625,0.017639,0.988586,7.773,71.2,-1
1782705915.579,1356,309876,0,0.00000000,0.00000000,0.00,0,0,-52.78,0.493,0.0980,0.5880,1.1760,1.3185,0.051514,0.140625,0.017578,0.988586,7.774,76.2,-1
1782705915.766,1357,310096,0,0.00000000,0.00000000,0.00,0,0,-52.78,0.082,0.6860,1.1760,1.4210,1.9679,0.051514,0.140625,0.017639,0.988586,7.776,70.0,-1
1782705916.017,1358,310317,0,0.00000000,0.00000000,0.00,0,0,-52.82,0.015,0.2940,1.0780,1.3230,1.7317,0.051514,0.140625,0.017578,0.988586,7.775,71.2,-1
1782705916.266,1359,310560,0,0.00000000,0.00000000,0.00,0,0,-52.71,0.709,0.3920,0.7840,1.6660,1.8825,0.051514,0.140625,0.017578,0.988586,7.774,76.2,-1
1782705916.453,1360,310777,0,0.00000000,0.00000000,0.00,0,0,-52.78,0.268,0.4410,0.8330,1.4700,1.7462,0.051514,0.140625,0.017578,0.988586,7.775,71.2,-1
1782705916.701,1361,310998,0,0.00000000,0.00000000,0.00,0,0,-52.79,0.184,0.0000,0.9800,1.7640,2.0179,0.051514,0.140625,0.017639,0.988586,7.775,71.2,-1
1782705916.889,1362,311214,0,0.00000000,0.00000000,0.00,0,0,-52.78,0.634,-0.2450,1.3230,0.9310,1.6362,0.051514,0.140625,0.017639,0.988586,7.771,78.8,-1
1782705917.141,1363,311436,0,0.00000000,0.00000000,0.00,0,0,-52.86,-0.306,0.4410,1.4210,2.3030,2.7418,0.051514,0.140625,0.017578,0.988586,7.773,81.2,-1
1782705917.329,1364,311648,0,0.00000000,0.00000000,0.00,0,0,-52.86,-0.099,0.3430,1.2740,1.6170,2.0870,0.051514,0.140625,0.017639,0.988586,7.776,71.2,-1
1782705917.579,1365,311866,0,0.00000000,0.00000000,0.00,0,0,-52.79,0.137,0.2940,1.4210,2.3520,2.7636,0.051514,0.140625,0.017700,0.988586,7.773,71.2,-1
1782705917.769,1366,312090,0,0.00000000,0.00000000,0.00,0,0,-52.76,0.266,0.7350,0.4410,2.2050,2.3657,0.051514,0.140625,0.017700,0.988586,7.776,70.0,-1
1782705918.016,1367,312310,0,0.00000000,0.00000000,0.00,0,0,-52.81,-0.010,-0.2450,1.7150,0.2940,1.7572,0.051514,0.140625,0.017700,0.988586,7.775,68.8,-1
1782705918.265,1368,312554,0,0.00000000,0.00000000,0.00,0,0,-52.83,0.196,0.5390,1.0290,1.1270,1.6185,0.051514,0.140625,0.017700,0.988586,7.776,71.2,-1
1782705918.451,1369,312771,0,0.00000000,0.00000000,0.00,0,0,-52.87,-0.043,0.1470,0.3920,1.2740,1.3410,0.051514,0.140686,0.017639,0.988586,7.776,68.8,-1
1782705918.701,1370,312992,0,0.00000000,0.00000000,0.00,0,0,-52.76,0.128,-0.0980,0.6860,1.3230,1.4935,0.051514,0.140686,0.017700,0.988525,7.774,70.0,-1
1782705918.887,1371,313212,0,0.00000000,0.00000000,0.00,0,0,-52.75,0.163,0.2450,0.7840,1.4210,1.6413,0.051514,0.140686,0.017700,0.988525,7.776,72.5,-1
1782705919.139,1372,313431,0,0.00000000,0.00000000,0.00,0,0,-52.74,-0.308,0.4900,0.3920,2.0090,2.1047,0.051514,0.140686,0.017761,0.988525,7.774,71.2,-1
1782705919.327,1373,313641,0,0.00000000,0.00000000,0.00,0,0,-52.87,-0.682,-0.3430,1.7150,1.3720,2.2229,0.051514,0.140686,0.017822,0.988525,7.774,78.8,-1
1782705919.574,1374,313862,0,0.00000000,0.00000000,0.00,0,0,-52.91,-0.322,0.8330,0.6860,1.7640,2.0679,0.051575,0.140686,0.017822,0.988525,7.774,71.2,-1
1782705919.762,1375,314085,0,0.00000000,0.00000000,0.00,0,0,-52.85,0.504,0.9310,0.4410,2.7930,2.9769,0.051575,0.140686,0.017822,0.988525,7.775,72.5,-1
1782705920.011,1376,314301,0,0.00000000,0.00000000,0.00,0,0,-52.89,-0.002,-0.2450,1.8130,0.7840,1.9904,0.051575,0.140686,0.017883,0.988525,7.774,75.0,-1
1782705920.259,1377,314546,0,0.00000000,0.00000000,0.00,0,0,-52.95,-0.121,0.1960,0.7840,1.6170,1.8077,0.051514,0.140625,0.017822,0.988586,7.775,72.5,-1
1782705920.445,1378,314763,0,0.00000000,0.00000000,0.00,0,0,-52.90,0.590,0.3920,0.5390,2.3030,2.3975,0.051514,0.140747,0.017761,0.988525,7.774,81.2,-1
1782705920.696,1379,314984,0,0.00000000,0.00000000,0.00,0,0,-52.92,-0.026,0.8330,0.7840,2.3030,2.5714,0.051514,0.140686,0.017822,0.988525,7.773,75.0,-1
1782705920.883,1380,315206,0,0.00000000,0.00000000,0.00,0,0,-52.71,0.788,0.0490,1.6660,1.1270,2.0120,0.051514,0.140686,0.017700,0.988586,7.774,75.0,-1
1782705921.132,1381,315427,0,0.00000000,0.00000000,0.00,0,0,-52.84,0.021,0.0490,0.5880,1.6660,1.7674,0.051514,0.140686,0.017639,0.988586,7.775,73.8,-1
1782705921.319,1382,315637,0,0.00000000,0.00000000,0.00,0,0,-52.91,-0.345,0.5390,1.3720,2.0090,2.4918,0.051514,0.140686,0.017639,0.988586,7.775,70.0,-1
1782705921.567,1383,315857,0,0.00000000,0.00000000,0.00,0,0,-52.85,0.192,0.1470,0.7840,1.9600,2.1161,0.051514,0.140686,0.017700,0.988525,7.774,71.2,-1
1782705921.756,1384,316078,0,0.00000000,0.00000000,0.00,0,0,-52.80,0.379,0.3920,0.6370,1.3720,1.5626,0.051514,0.140686,0.017761,0.988525,7.776,71.2,-1
1782705922.008,1385,316299,0,0.00000000,0.00000000,0.00,0,0,-52.91,-0.483,0.5390,1.5680,1.1270,2.0048,0.051575,0.140686,0.017822,0.988525,7.776,73.8,-1
1782705922.195,1386,316519,0,0.00000000,0.00000000,0.00,0,0,-52.88,0.156,0.5390,0.4410,1.2250,1.4091,0.051575,0.140686,0.017822,0.988525,7.775,77.5,-1
1782705922.443,1387,316729,0,0.00000000,0.00000000,0.00,0,0,-52.87,0.232,0.6860,0.0490,1.9110,2.0310,0.051575,0.140686,0.017822,0.988525,7.774,70.0,-1
1782705922.631,1388,316949,0,0.00000000,0.00000000,0.00,0,0,-52.98,-0.548,0.8820,0.9310,0.7350,1.4781,0.051575,0.140686,0.017761,0.988525,7.774,71.2,-1
1782705922.879,1389,317171,0,0.00000000,0.00000000,0.00,0,0,-52.91,0.099,0.7840,0.6860,2.0580,2.3066,0.051575,0.140625,0.017700,0.988586,7.774,73.8,-1
1782705923.067,1390,317391,0,0.00000000,0.00000000,0.00,0,0,-52.89,0.130,0.2940,0.5390,1.9110,2.0072,0.051575,0.140686,0.017639,0.988586,7.774,76.2,-1
1782705923.315,1391,317605,0,0.00000000,0.00000000,0.00,0,0,-53.05,-0.583,0.3920,0.5390,2.3030,2.3975,0.051575,0.140625,0.017639,0.988586,7.774,72.5,-1
1782705923.503,1392,317820,0,0.00000000,0.00000000,0.00,0,0,-53.03,-0.098,0.4410,0.9310,1.6170,1.9173,0.051514,0.140686,0.017639,0.988586,7.776,77.5,-1
1782705923.756,1393,318040,0,0.00000000,0.00000000,0.00,0,0,-52.95,-0.081,0.3920,0.4900,1.9600,2.0580,0.051636,0.140625,0.017578,0.988586,7.776,77.5,-1
1782705923.946,1394,318263,0,0.00000000,0.00000000,0.00,0,0,-52.86,0.174,0.4900,0.7350,0.7840,1.1811,0.051636,0.140625,0.017578,0.988586,7.773,72.5,-1
1782705924.193,1395,318482,0,0.00000000,0.00000000,0.00,0,0,-52.91,0.100,0.4410,0.6860,2.0580,2.2137,0.051636,0.140625,0.017639,0.988525,7.774,72.5,-1
1782705924.380,1396,318699,0,0.00000000,0.00000000,0.00,0,0,-52.88,0.089,0.8330,0.4900,2.6950,2.8630,0.051697,0.140686,0.017700,0.988525,7.778,70.0,-1
1782705924.629,1397,318918,0,0.00000000,0.00000000,0.00,0,0,-52.92,0.274,0.1470,1.5680,1.5680,2.2224,0.051697,0.140625,0.017700,0.988525,7.778,68.8,-1
1782705924.816,1398,319133,0,0.00000000,0.00000000,0.00,0,0,-52.98,-0.010,-0.1470,0.6860,1.6170,1.7626,0.051636,0.140625,0.017639,0.988586,7.774,72.5,-1
1782705925.065,1399,319355,0,0.00000000,0.00000000,0.00,0,0,-52.93,0.133,-0.0980,0.7350,0.6370,0.9775,0.051636,0.140625,0.017639,0.988586,7.773,73.8,-1
1782705925.251,1400,319568,0,0.00000000,0.00000000,0.00,0,0,-52.85,0.056,1.0290,0.1470,1.9110,2.1754,0.051697,0.140625,0.017700,0.988586,7.778,68.8,-1
1782705925.501,1401,319789,0,0.00000000,0.00000000,0.00,0,0,-52.94,-0.145,0.0980,0.8820,2.3520,2.5138,0.051697,0.140625,0.017700,0.988586,7.775,67.5,-1
1782705925.689,1402,320008,0,0.00000000,0.00000000,0.00,0,0,-52.84,0.255,0.1960,0.4900,1.1270,1.2444,0.051697,0.140625,0.017639,0.988586,7.776,67.5,-1
1782705925.935,1403,320228,0,0.00000000,0.00000000,0.00,0,0,-52.95,-0.608,0.3430,0.2940,1.5680,1.6318,0.051636,0.140625,0.017578,0.988586,7.776,67.5,-1
1782705926.122,1404,320448,0,0.00000000,0.00000000,0.00,0,0,-52.85,0.117,0.3430,0.5880,2.4010,2.4956,0.051697,0.140625,0.017639,0.988525,7.776,70.0,-1
1782705926.369,1405,320660,0,0.00000000,0.00000000,0.00,0,0,-52.85,-0.028,0.6370,0.6370,1.7150,1.9372,0.051697,0.140625,0.017700,0.988525,7.775,77.5,-1
1782705926.556,1406,320879,0,0.00000000,0.00000000,0.00,0,0,-52.75,0.590,0.0980,1.3230,0.9800,1.6493,0.051697,0.140686,0.017761,0.988525,7.773,71.2,-1
1782705926.806,1407,321100,0,0.00000000,0.00000000,0.00,0,0,-52.74,0.067,0.1960,0.7350,2.4500,2.5654,0.051697,0.140625,0.017761,0.988525,7.775,73.8,-1
1782705926.993,1408,321319,0,0.00000000,0.00000000,0.00,0,0,-52.84,-0.294,0.1960,0.5390,1.5680,1.6696,0.051697,0.140625,0.017761,0.988525,7.775,75.0,-1
1782705927.242,1409,321562,0,0.00000000,0.00000000,0.00,0,0,-52.71,0.656,0.9800,0.0490,1.7150,1.9759,0.051697,0.140625,0.017822,0.988525,7.775,73.8,-1
1782705927.489,1410,321782,0,0.00000000,0.00000000,0.00,0,0,-52.95,-0.584,0.2940,0.3920,2.1560,2.2110,0.051697,0.140625,0.017761,0.988525,7.776,71.2,-1
1782705927.674,1411,322001,0,0.00000000,0.00000000,0.00,0,0,-52.90,-0.134,0.6860,0.7840,1.8620,2.1336,0.051697,0.140625,0.017700,0.988525,7.774,73.8,-1
1782705927.925,1412,322222,0,0.00000000,0.00000000,0.00,0,0,-52.83,-0.296,0.3920,-0.4900,2.3030,2.3870,0.051636,0.140625,0.017639,0.988586,7.773,71.2,-1
1782705928.108,1413,322442,0,0.00000000,0.00000000,0.00,0,0,-52.85,-0.378,0.6370,0.5880,1.3230,1.5817,0.051697,0.140625,0.017639,0.988525,7.775,72.5,-1
1782705928.357,1414,322654,0,0.00000000,0.00000000,0.00,0,0,-52.93,-0.628,0.2940,-0.1470,0.8820,0.9413,0.051697,0.140625,0.017700,0.988525,7.775,71.2,-1
1782705928.545,1415,322872,0,0.00000000,0.00000000,0.00,0,0,-52.80,0.645,0.2450,0.7350,0.6370,1.0030,0.051697,0.140686,0.017761,0.988525,7.775,71.2,-1
1782705928.794,1416,323094,0,0.00000000,0.00000000,0.00,0,0,-52.80,0.226,0.9310,0.8820,2.2050,2.5508,0.051697,0.140686,0.017761,0.988525,7.774,70.0,-1
1782705928.981,1417,323312,0,0.00000000,0.00000000,0.00,0,0,-52.77,0.201,1.0780,0.9310,2.8910,3.2228,0.051697,0.140686,0.017761,0.988525,7.774,72.5,-1
1782705929.230,1418,323557,0,0.00000000,0.00000000,0.00,0,0,-52.76,0.126,0.0000,1.0780,1.2250,1.6318,0.051697,0.140686,0.017700,0.988525,7.775,70.0,-1
1782705929.479,1419,323773,0,0.00000000,0.00000000,0.00,0,0,-52.89,-0.148,0.0490,0.6860,0.6370,0.9374,0.051697,0.140808,0.017761,0.988525,7.775,71.2,-1
1782705929.668,1420,323993,0,0.00000000,0.00000000,0.00,0,0,-52.82,0.333,0.1470,1.5680,1.9600,2.5143,0.051697,0.140747,0.017761,0.988525,7.776,71.2,-1
1782705929.919,1421,324215,0,0.00000000,0.00000000,0.00,0,0,-52.76,0.137,0.8820,0.7840,1.3720,1.8097,0.051697,0.140747,0.017761,0.988525,7.776,68.8,-1
1782705930.106,1422,324435,0,0.00000000,0.00000000,0.00,0,0,-52.65,0.728,0.0980,0.1960,1.1760,1.1962,0.051697,0.140747,0.017822,0.988525,7.776,70.0,-1
1782705930.354,1423,324648,0,0.00000000,0.00000000,0.00,0,0,-52.74,-0.376,0.6370,0.5880,2.1560,2.3238,0.051697,0.140686,0.017822,0.988525,7.778,67.5,-1
1782705930.544,1424,324866,0,0.00000000,0.00000000,0.00,0,0,-52.65,0.523,0.0980,2.3030,1.2250,2.6104,0.051697,0.140686,0.017822,0.988525,7.774,70.0,-1
1782705930.791,1425,325089,0,0.00000000,0.00000000,0.00,0,0,-52.77,0.240,0.5880,0.7840,2.0090,2.2353,0.051697,0.140686,0.017822,0.988525,7.775,68.8,-1
1782705930.979,1426,325308,0,0.00000000,0.00000000,0.00,0,0,-52.70,0.437,0.4900,0.2940,1.5680,1.6689,0.051697,0.140686,0.017822,0.988525,7.775,70.0,-1
1782705931.228,1427,325551,0,0.00000000,0.00000000,0.00,0,0,-52.74,-0.063,0.4900,0.6370,1.8130,1.9831,0.051697,0.140686,0.017822,0.988525,7.775,71.2,-1
1782705931.478,1428,325767,0,0.00000000,0.00000000,0.00,0,0,-52.79,-0.264,-0.1960,1.2740,1.6170,2.0679,0.051697,0.140686,0.017822,0.988525,7.771,72.5,-1
1782705931.666,1429,325989,0,0.00000000,0.00000000,0.00,0,0,-52.71,0.147,0.1960,0.0980,1.2740,1.2927,0.051697,0.140686,0.017761,0.988525,7.775,68.8,-1
1782705931.917,1430,326209,0,0.00000000,0.00000000,0.00,0,0,-52.75,0.204,-0.1470,0.5390,1.6170,1.7108,0.051697,0.140686,0.017761,0.988525,7.775,71.2,-1
1782705932.106,1431,326432,0,0.00000000,0.00000000,0.00,0,0,-52.76,0.099,-0.2450,1.3720,0.7350,1.5756,0.051697,0.140686,0.017761,0.988525,7.775,71.2,-1
1782705932.354,1432,326641,0,0.00000000,0.00000000,0.00,0,0,-52.80,-0.299,-0.2940,1.2740,0.0980,1.3112,0.051697,0.140625,0.017700,0.988525,7.775,73.8,-1
1782705932.542,1433,326860,0,0.00000000,0.00000000,0.00,0,0,-52.76,0.157,1.0290,0.4900,2.1560,2.4387,0.051697,0.140625,0.017639,0.988525,7.774,75.0,-1
1782705932.792,1434,327083,0,0.00000000,0.00000000,0.00,0,0,-52.86,-0.280,1.2250,0.2450,2.2050,2.5343,0.051636,0.140625,0.017639,0.988586,7.776,68.8,-1
1782705932.977,1435,327301,0,0.00000000,0.00000000,0.00,0,0,-52.76,0.411,0.1960,0.6860,1.3720,1.5464,0.051636,0.140625,0.017578,0.988586,7.773,75.0,-1
1782705933.225,1436,327546,0,0.00000000,0.00000000,0.00,0,0,-52.74,0.073,0.0980,0.6370,1.6660,1.7863,0.051697,0.140625,0.017639,0.988586,7.773,76.2,-1
1782705933.474,1437,327762,0,0.00000000,0.00000000,0.00,0,0,-52.83,0.023,0.1470,0.6860,1.6170,1.7626,0.051697,0.140564,0.017639,0.988586,7.773,72.5,-1
1782705933.661,1438,327985,0,0.00000000,0.00000000,0.00,0,0,-52.72,0.388,0.1470,0.6860,1.2740,1.4544,0.051636,0.140625,0.017578,0.988586,7.773,72.5,-1
1782705933.910,1439,328202,0,0.00000000,0.00000000,0.00,0,0,-52.71,0.149,0.4410,0.4900,1.4700,1.6110,0.051636,0.140625,0.017578,0.988586,7.771,76.2,-1
1782705934.097,1440,328426,0,0.00000000,0.00000000,0.00,0,0,-52.85,-0.657,0.2940,0.3430,1.6660,1.7262,0.051636,0.140625,0.017517,0.988586,7.773,72.5,-1
1782705934.349,1441,328636,0,0.00000000,0.00000000,0.00,0,0,-52.88,-0.392,0.1960,0.8820,1.8130,2.0257,0.051636,0.140625,0.017639,0.988525,7.773,73.8,-1
1782705934.535,1442,328855,0,0.00000000,0.00000000,0.00,0,0,-52.91,-0.192,-0.0490,0.9310,0.8820,1.2834,0.051697,0.140686,0.017700,0.988525,7.773,77.5,-1
1782705934.783,1443,329074,0,0.00000000,0.00000000,0.00,0,0,-52.80,0.098,0.2940,0.5880,2.0090,2.1138,0.051697,0.140686,0.017700,0.988525,7.774,80.0,-1
1782705934.968,1444,329297,0,0.00000000,0.00000000,0.00,0,0,-52.77,0.419,0.3920,1.3720,1.7640,2.2689,0.051697,0.140686,0.017761,0.988525,7.774,75.0,-1
1782705935.216,1445,329518,0,0.00000000,0.00000000,0.00,0,0,-52.81,0.085,0.1470,0.6370,1.4700,1.6088,0.051697,0.140625,0.017761,0.988525,7.770,78.8,-1
1782705935.403,1446,329729,0,0.00000000,0.00000000,0.00,0,0,-52.79,-0.158,0.1470,0.7840,1.4700,1.6725,0.051697,0.140625,0.017822,0.988525,7.775,66.2,-1
1782705935.652,1447,329947,0,0.00000000,0.00000000,0.00,0,0,-52.76,0.235,0.3430,0.4900,1.0780,1.2328,0.051697,0.140625,0.017822,0.988525,7.771,73.8,-1
1782705935.840,1448,330168,0,0.00000000,0.00000000,0.00,0,0,-52.76,-0.049,0.4900,0.3430,1.8620,1.9557,0.051697,0.140625,0.017761,0.988525,7.775,66.2,-1
1782705936.092,1449,330391,0,0.00000000,0.00000000,0.00,0,0,-52.75,-0.339,0.4410,0.4410,1.8620,1.9637,0.051697,0.140625,0.017700,0.988586,7.775,72.5,-1
1782705936.282,1450,330602,0,0.00000000,0.00000000,0.00,0,0,-52.65,0.487,-0.0980,0.9800,0.8820,1.3221,0.051697,0.140625,0.017700,0.988525,7.771,73.8,-1
1782705936.535,1451,330819,0,0.00000000,0.00000000,0.00,0,0,-52.81,-0.421,0.0980,0.8330,0.8330,1.1821,0.051697,0.140625,0.017700,0.988525,7.773,77.5,-1
1782705936.724,1452,331040,0,0.00000000,0.00000000,0.00,0,0,-52.74,0.294,0.6860,0.5880,2.3030,2.4739,0.051697,0.140625,0.017700,0.988525,7.773,76.2,-1
1782705936.973,1453,331261,0,0.00000000,0.00000000,0.00,0,0,-52.77,-0.172,0.6860,0.3430,2.4990,2.6140,0.051697,0.140686,0.017700,0.988525,7.771,75.0,-1
1782705937.161,1454,331482,0,0.00000000,0.00000000,0.00,0,0,-52.81,-0.099,-1.2250,1.8620,-0.0980,2.2310,0.051697,0.140686,0.017700,0.988525,7.775,72.5,-1
1782705937.349,1455,331689,0,0.00000000,0.00000000,0.00,0,0,-52.87,-0.237,0.1960,0.7350,2.3030,2.4254,0.051697,0.140686,0.017700,0.988525,7.774,70.0,-1
1782705937.598,1456,331910,0,0.00000000,0.00000000,0.00,0,0,-52.72,0.586,0.2450,0.6370,1.6170,1.7551,0.051697,0.140625,0.017700,0.988525,7.773,73.8,-1
1782705937.847,1457,332130,0,0.00000000,0.00000000,0.00,0,0,-52.79,-0.219,0.4410,0.5390,1.0780,1.2834,0.051697,0.140625,0.017700,0.988525,7.771,71.2,-1
1782705938.036,1458,332355,0,0.00000000,0.00000000,0.00,0,0,-52.79,-0.044,0.4410,0.5880,1.4700,1.6435,0.051636,0.140625,0.017639,0.988525,7.774,75.0,-1
1782705938.284,1459,332567,0,0.00000000,0.00000000,0.00,0,0,-52.81,-0.113,0.9800,-0.0490,3.2340,3.3796,0.051697,0.140686,0.017700,0.988525,7.774,75.0,-1
1782705938.470,1460,332782,0,0.00000000,0.00000000,0.00,0,0,-52.85,-0.401,0.3430,0.8330,1.3720,1.6413,0.051697,0.140747,0.017700,0.988525,7.771,76.2,-1
1782705938.718,1461,333006,0,0.00000000,0.00000000,0.00,0,0,-52.74,0.236,1.3230,-0.9310,2.9400,3.3557,0.051697,0.140747,0.017761,0.988525,7.774,73.8,-1
1782705938.907,1462,333227,0,0.00000000,0.00000000,0.00,0,0,-52.78,-0.222,0.4900,0.3430,2.0580,2.1432,0.051697,0.140686,0.017761,0.988525,7.773,67.5,-1
1782705939.162,1463,333447,0,0.00000000,0.00000000,0.00,0,0,-52.82,-0.495,0.3430,0.2450,1.1270,1.2032,0.051697,0.140686,0.017761,0.988525,7.771,73.8,-1
1782705939.352,1464,333657,0,0.00000000,0.00000000,0.00,0,0,-52.71,0.530,0.0980,0.7840,-0.2940,0.8430,0.051697,0.140686,0.017761,0.988525,7.774,72.5,-1
1782705939.541,1465,333873,0,0.00000000,0.00000000,0.00,0,0,-52.80,-0.186,-0.0490,0.5390,1.4700,1.5665,0.051697,0.140686,0.017700,0.988525,7.773,75.0,-1
1782705939.791,1466,334095,0,0.00000000,0.00000000,0.00,0,0,-52.83,-0.066,0.2940,0.8820,1.0290,1.3868,0.051697,0.140625,0.017639,0.988586,7.773,76.2,-1
1782705939.977,1467,334318,0,0.00000000,0.00000000,0.00,0,0,-52.65,0.781,0.2450,0.3920,1.5680,1.6347,0.051697,0.140564,0.017700,0.988586,7.774,73.8,-1
1782705940.226,1468,334563,0,0.00000000,0.00000000,0.00,0,0,-52.75,-0.288,0.6860,0.5390,1.8620,2.0562,0.051697,0.140625,0.017761,0.988586,7.776,72.5,-1
1782705940.477,1469,334780,0,0.00000000,0.00000000,0.00,0,0,-52.71,0.056,-0.2450,0.0980,1.2740,1.3010,0.051697,0.140625,0.017761,0.988525,7.775,75.0,-1
1782705940.665,1470,334998,0,0.00000000,0.00000000,0.00,0,0,-52.70,0.095,0.4410,0.6370,1.2740,1.4911,0.051697,0.140625,0.017700,0.988525,7.774,75.0,-1
1782705940.914,1471,335220,0,0.00000000,0.00000000,0.00,0,0,-52.75,-0.024,0.6370,0.5880,2.4500,2.5988,0.051636,0.140625,0.017639,0.988525,7.776,73.8,-1
1782705941.102,1472,335441,0,0.00000000,0.00000000,0.00,0,0,-52.81,-0.446,0.2940,0.5880,1.8130,1.9285,0.051636,0.140686,0.017639,0.988525,7.776,72.5,-1
1782705941.352,1473,335654,0,0.00000000,0.00000000,0.00,0,0,-52.66,0.441,1.1760,-0.0490,2.4010,2.6740,0.051636,0.140686,0.017639,0.988525,7.773,73.8,-1
1782705941.538,1474,335871,0,0.00000000,0.00000000,0.00,0,0,-52.58,0.394,0.7840,0.0000,2.5970,2.7128,0.051636,0.140686,0.017639,0.988525,7.775,78.8,-1
1782705941.789,1475,336092,0,0.00000000,0.00000000,0.00,0,0,-52.75,-0.569,0.4410,0.6370,2.0090,2.1532,0.051697,0.140686,0.017700,0.988525,7.774,73.8,-1
1782705941.975,1476,336313,0,0.00000000,0.00000000,0.00,0,0,-52.70,0.088,0.5880,0.2450,0.5390,0.8344,0.051636,0.140625,0.017639,0.988586,7.776,76.2,-1
1782705942.225,1477,336553,0,0.00000000,0.00000000,0.00,0,0,-52.75,-0.025,0.1470,0.5880,1.8130,1.9116,0.051697,0.140625,0.017639,0.988586,7.774,73.8,-1
1782705942.475,1478,336773,0,0.00000000,0.00000000,0.00,0,0,-52.82,-0.328,0.7350,-0.1960,1.1270,1.3597,0.051697,0.140625,0.017700,0.988525,7.773,75.0,-1
1782705942.662,1479,336994,0,0.00000000,0.00000000,0.00,0,0,-52.74,-0.003,-0.1960,1.0780,0.1470,1.1055,0.051697,0.140686,0.017761,0.988525,7.774,75.0,-1
1782705942.912,1480,337214,0,0.00000000,0.00000000,0.00,0,0,-52.72,0.234,0.6860,0.2940,1.7150,1.8704,0.051697,0.140686,0.017761,0.988525,7.774,73.8,-1
1782705943.100,1481,337435,0,0.00000000,0.00000000,0.00,0,0,-52.71,0.169,0.4900,0.8330,1.9110,2.1415,0.051697,0.140686,0.017761,0.988525,7.774,77.5,-1
1782705943.348,1482,337648,0,0.00000000,0.00000000,0.00,0,0,-52.80,-0.197,0.2940,0.5880,1.3720,1.5214,0.051697,0.140686,0.017761,0.988525,7.775,72.5,-1
1782705943.535,1483,337868,0,0.00000000,0.00000000,0.00,0,0,-52.74,0.352,-0.4410,0.6370,1.7150,1.8819,0.051697,0.140686,0.017700,0.988525,7.778,67.5,-1
1782705943.786,1484,338086,0,0.00000000,0.00000000,0.00,0,0,-52.75,-0.112,0.1470,0.6860,1.3230,1.4975,0.051697,0.140686,0.017700,0.988525,7.775,73.8,-1
1782705943.974,1485,338306,0,0.00000000,0.00000000,0.00,0,0,-52.87,-0.334,0.3920,0.8330,1.5680,1.8183,0.051697,0.140625,0.017761,0.988525,7.774,71.2,-1
1782705944.224,1486,338552,0,0.00000000,0.00000000,0.00,0,0,-52.85,0.108,0.1960,0.4900,1.0290,1.1564,0.051697,0.140625,0.017761,0.988525,7.774,72.5,-1
1782705944.476,1487,338765,0,0.00000000,0.00000000,0.00,0,0,-52.78,0.239,0.6370,0.5880,2.2050,2.3693,0.051697,0.140625,0.017761,0.988525,7.774,75.0,-1
1782705944.664,1488,338988,0,0.00000000,0.00000000,0.00,0,0,-52.69,0.496,0.0000,0.9310,1.7150,1.9514,0.051697,0.140625,0.017761,0.988525,7.776,66.2,-1
1782705944.915,1489,339208,0,0.00000000,0.00000000,0.00,0,0,-52.85,-0.300,0.0490,0.5390,1.3230,1.4294,0.051697,0.140625,0.017761,0.988525,7.775,66.2,-1
1782705945.101,1490,339430,0,0.00000000,0.00000000,0.00,0,0,-52.79,-0.209,0.2940,0.3920,1.7640,1.8308,0.051697,0.140625,0.017822,0.988525,7.776,67.5,-1
1782705945.350,1491,339641,0,0.00000000,0.00000000,0.00,0,0,-52.73,-0.063,1.4700,-0.0980,2.3520,2.7753,0.051697,0.140625,0.017822,0.988525,7.773,76.2,-1
1782705945.537,1492,339858,0,0.00000000,0.00000000,0.00,0,0,-52.85,-0.504,0.4410,0.3430,1.2250,1.3464,0.051697,0.140686,0.017822,0.988525,7.770,75.0,-1
1782705945.787,1493,340082,0,0.00000000,0.00000000,0.00,0,0,-52.85,-0.203,0.6370,1.3230,3.0870,3.4184,0.051697,0.140625,0.017822,0.988525,7.774,75.0,-1
1782705945.974,1494,340302,0,0.00000000,0.00000000,0.00,0,0,-52.82,0.199,0.2450,0.8820,2.2540,2.4328,0.051697,0.140625,0.017761,0.988525,7.778,70.0,-1
1782705946.223,1495,340541,0,0.00000000,0.00000000,0.00,0,0,-52.78,0.233,0.4410,0.5390,2.0090,2.1263,0.051697,0.140625,0.017822,0.988525,7.774,77.5,-1
1782705946.474,1496,340765,0,0.00000000,0.00000000,0.00,0,0,-52.81,-0.008,0.0980,1.7150,1.6660,2.3930,0.051697,0.140625,0.017822,0.988525,7.774,73.8,-1
1782705946.659,1497,340983,0,0.00000000,0.00000000,0.00,0,0,-52.77,-0.006,0.1470,0.4900,1.5190,1.6028,0.051697,0.140625,0.017822,0.988525,7.774,72.5,-1
1782705946.911,1498,341202,0,0.00000000,0.00000000,0.00,0,0,-52.76,-0.011,-0.1960,0.4900,0.0980,0.5368,0.051575,0.140686,0.017883,0.988525,7.773,75.0,-1
1782705947.099,1499,341425,0,0.00000000,0.00000000,0.00,0,0,-52.78,-0.036,1.1270,0.4410,1.0780,1.6207,0.051636,0.140625,0.017761,0.988525,7.771,73.8,-1
1782705947.350,1500,341632,0,0.00000000,0.00000000,0.00,0,0,-52.80,-0.305,0.4410,0.5880,1.5190,1.6875,0.051575,0.140686,0.017761,0.988525,7.773,75.0,-1
1782705947.537,1501,341855,0,0.00000000,0.00000000,0.00,0,0,-52.66,0.386,1.1270,0.2940,3.8710,4.0424,0.051575,0.140625,0.017883,0.988586,7.776,70.0,-1
1782705947.789,1502,342076,0,0.00000000,0.00000000,0.00,0,0,-52.86,-0.696,0.3430,0.5390,1.3720,1.5135,0.051514,0.140564,0.017883,0.988586,7.774,71.2,-1
1782705947.976,1503,342296,0,0.00000000,0.00000000,0.00,0,0,-52.72,0.315,0.3430,0.7840,0.6370,1.0668,0.051453,0.140625,0.017822,0.988586,7.775,72.5,-1
1782705948.226,1504,342516,0,0.00000000,0.00000000,0.00,0,0,-52.77,-0.086,0.2450,0.8820,1.8620,2.0748,0.051392,0.140564,0.017700,0.988586,7.773,73.8,-1
1782705948.412,1505,342723,0,0.00000000,0.00000000,0.00,0,0,-52.81,-0.196,0.4410,0.4410,1.0290,1.2032,0.051453,0.140564,0.017761,0.988586,7.771,73.8,-1
1782705948.664,1506,342946,0,0.00000000,0.00000000,0.00,0,0,-52.83,-0.028,0.2940,1.2250,1.4210,1.8990,0.051453,0.140564,0.017761,0.988586,7.774,71.2,-1
1782705948.851,1507,343166,0,0.00000000,0.00000000,0.00,0,0,-52.78,0.164,0.0490,0.9800,2.3030,2.5033,0.051453,0.140503,0.017822,0.988586,7.774,71.2,-1
1782705949.099,1508,343387,0,0.00000000,0.00000000,0.00,0,0,-52.65,0.505,0.0000,0.9310,1.4210,1.6988,0.051453,0.140503,0.017822,0.988586,7.771,73.8,-1
1782705949.283,1509,343600,0,0.00000000,0.00000000,0.00,0,0,-52.77,-0.221,0.0980,0.1960,1.3720,1.3894,0.051453,0.140503,0.017761,0.988586,7.775,75.0,-1
1782705949.535,1510,343820,0,0.00000000,0.00000000,0.00,0,0,-52.85,-0.093,0.5880,0.4900,1.7150,1.8780,0.051453,0.140564,0.017761,0.988586,7.776,72.5,-1
1782705949.721,1511,344039,0,0.00000000,0.00000000,0.00,0,0,-52.84,0.477,1.3230,-0.3920,3.0870,3.3814,0.051453,0.140564,0.017761,0.988586,7.776,71.2,-1
1782705949.966,1512,344260,0,0.00000000,0.00000000,0.00,0,0,-52.87,-0.093,0.2940,0.7350,1.7150,1.8889,0.051453,0.140564,0.017700,0.988586,7.775,72.5,-1
1782705950.154,1513,344480,0,0.00000000,0.00000000,0.00,0,0,-52.72,0.676,-0.5880,1.0290,0.7350,1.3946,0.051392,0.140564,0.017700,0.988586,7.778,72.5,-1
1782705950.403,1514,344689,0,0.00000000,0.00000000,0.00,0,0,-52.75,-0.022,0.0000,1.0290,1.5190,1.8347,0.051392,0.140564,0.017639,0.988586,7.773,76.2,-1
1782705950.590,1515,344910,0,0.00000000,0.00000000,0.00,0,0,-52.83,-0.448,0.6370,0.3920,2.0580,2.1897,0.051392,0.140442,0.017639,0.988586,7.775,77.5,-1
1782705950.838,1516,345132,0,0.00000000,0.00000000,0.00,0,0,-52.79,-0.130,1.3230,0.5390,2.9400,3.2687,0.051392,0.140442,0.017700,0.988586,7.774,73.8,-1
1782705951.026,1517,345353,0,0.00000000,0.00000000,0.00,0,0,-52.91,-0.436,0.1470,0.5390,1.7640,1.8504,0.051453,0.140442,0.017761,0.988586,7.776,76.2,-1
1782705951.275,1518,345567,0,0.00000000,0.00000000,0.00,0,0,-52.80,0.181,0.1960,0.9310,1.6170,1.8761,0.051453,0.140503,0.017761,0.988586,7.778,73.8,-1
1782705951.463,1519,345782,0,0.00000000,0.00000000,0.00,0,0,-52.75,0.342,0.1470,0.2940,1.7640,1.7944,0.051453,0.140503,0.017761,0.988586,7.774,75.0,-1
1782705951.712,1520,346003,0,0.00000000,0.00000000,0.00,0,0,-52.88,-0.430,0.3430,0.3920,1.5680,1.6523,0.051453,0.140503,0.017761,0.988586,7.774,72.5,-1
1782705951.900,1521,346223,0,0.00000000,0.00000000,0.00,0,0,-52.87,-0.251,0.3920,0.4900,1.3230,1.4643,0.051392,0.140503,0.017700,0.988586,7.774,73.8,-1
1782705952.151,1522,346445,0,0.00000000,0.00000000,0.00,0,0,-52.71,0.420,0.2450,0.4410,1.7150,1.7877,0.051392,0.140564,0.017639,0.988586,7.775,73.8,-1
1782705952.338,1523,346653,0,0.00000000,0.00000000,0.00,0,0,-52.66,0.507,1.1270,-0.2450,2.2050,2.4884,0.051392,0.140564,0.017639,0.988586,7.771,75.0,-1
1782705952.588,1524,346876,0,0.00000000,0.00000000,0.00,0,0,-52.84,-0.105,0.5880,0.5390,1.5680,1.7592,0.051392,0.140564,0.017578,0.988586,7.774,68.8,-1
1782705952.776,1525,347097,0,0.00000000,0.00000000,0.00,0,0,-52.85,-0.171,1.1270,0.4900,1.4700,1.9160,0.051392,0.140564,0.017700,0.988586,7.773,75.0,-1
1782705953.024,1526,347316,0,0.00000000,0.00000000,0.00,0,0,-52.71,0.748,0.1960,0.4410,1.3720,1.4544,0.051392,0.140564,0.017700,0.988586,7.774,72.5,-1
1782705953.274,1527,347560,0,0.00000000,0.00000000,0.00,0,0,-52.87,-0.270,0.2450,0.9800,1.3230,1.6646,0.051453,0.140564,0.017761,0.988586,7.775,77.5,-1
1782705953.460,1528,347780,0,0.00000000,0.00000000,0.00,0,0,-52.85,0.125,0.9310,-0.2450,1.3230,1.6362,0.051453,0.140564,0.017761,0.988586,7.775,78.8,-1
1782705953.709,1529,347999,0,0.00000000,0.00000000,0.00,0,0,-52.91,-0.718,-0.0490,0.7350,1.5190,1.6882,0.051453,0.140564,0.017822,0.988586,7.776,71.2,-1
1782705953.895,1530,348217,0,0.00000000,0.00000000,0.00,0,0,-52.87,-0.144,0.0980,0.4410,1.6170,1.6789,0.051453,0.140564,0.017822,0.988586,7.773,78.8,-1
1782705954.148,1531,348436,0,0.00000000,0.00000000,0.00,0,0,-52.71,0.677,0.6860,0.6370,1.1270,1.4651,0.051453,0.140564,0.017822,0.988586,7.771,81.2,-1
1782705954.335,1532,348650,0,0.00000000,0.00000000,0.00,0,0,-52.72,0.459,0.5390,0.0980,2.0090,2.0824,0.051453,0.140564,0.017761,0.988586,7.775,71.2,-1
1782705954.583,1533,348871,0,0.00000000,0.00000000,0.00,0,0,-52.82,-0.264,0.4410,0.4410,2.0090,2.1036,0.051453,0.140625,0.017822,0.988586,7.773,73.8,-1
1782705954.771,1534,349090,0,0.00000000,0.00000000,0.00,0,0,-52.78,0.127,0.1470,0.8820,1.6660,1.8908,0.051453,0.140625,0.017822,0.988586,7.774,72.5,-1
1782705955.020,1535,349311,0,0.00000000,0.00000000,0.00,0,0,-52.91,-0.507,0.3430,0.7350,1.5190,1.7220,0.051453,0.140625,0.017822,0.988586,7.773,72.5,-1
1782705955.270,1536,349555,0,0.00000000,0.00000000,0.00,0,0,-52.91,-0.281,0.0490,0.4900,1.4700,1.5503,0.051453,0.140564,0.017761,0.988586,7.774,72.5,-1
1782705955.456,1537,349770,0,0.00000000,0.00000000,0.00,0,0,-52.76,0.654,0.3430,0.7840,1.4210,1.6588,0.051453,0.140625,0.017822,0.988586,7.773,72.5,-1
1782705955.702,1538,349993,0,0.00000000,0.00000000,0.00,0,0,-52.82,-0.007,0.4410,0.6860,0.7350,1.0979,0.051392,0.140625,0.017761,0.988586,7.773,71.2,-1
1782705955.889,1539,350212,0,0.00000000,0.00000000,0.00,0,0,-52.79,0.093,0.7840,0.2940,1.5190,1.7345,0.051392,0.140625,0.017700,0.988586,7.775,73.8,-1
1782705956.139,1540,350434,0,0.00000000,0.00000000,0.00,0,0,-52.85,-0.275,0.5880,0.4410,1.5190,1.6875,0.051392,0.140564,0.017639,0.988586,7.774,72.5,-1
1782705956.325,1541,350645,0,0.00000000,0.00000000,0.00,0,0,-52.90,-0.144,0.9310,0.2940,1.5190,1.8057,0.051392,0.140625,0.017639,0.988586,7.776,75.0,-1
1782705956.575,1542,350859,0,0.00000000,0.00000000,0.00,0,0,-52.88,0.045,0.0490,0.9310,1.9600,2.1704,0.051392,0.140625,0.017700,0.988586,7.775,70.0,-1
1782705956.761,1543,351070,0,0.00000000,0.00000000,0.00,0,0,-52.76,0.682,-0.2940,1.3230,1.5680,2.0725,0.051392,0.140564,0.017700,0.988586,7.775,76.2,-1
1782705957.012,1544,351293,0,0.00000000,0.00000000,0.00,0,0,-52.74,0.067,0.2940,0.5880,1.7640,1.8825,0.051392,0.140564,0.017700,0.988586,7.773,76.2,-1
1782705957.199,1545,351515,0,0.00000000,0.00000000,0.00,0,0,-52.87,-0.428,0.1470,0.6370,1.4700,1.6088,0.051392,0.140564,0.017639,0.988586,7.773,72.5,-1
1782705957.448,1546,351728,0,0.00000000,0.00000000,0.00,0,0,-52.88,0.059,-0.1960,1.1270,1.5680,1.9409,0.051392,0.140564,0.017639,0.988586,7.775,73.8,-1
1782705957.634,1547,351946,0,0.00000000,0.00000000,0.00,0,0,-52.77,0.463,0.3920,0.8330,2.3030,2.4802,0.051392,0.140564,0.017700,0.988586,7.775,68.8,-1
1782705957.885,1548,352168,0,0.00000000,0.00000000,0.00,0,0,-52.86,0.009,1.1270,-0.4410,2.2050,2.5153,0.051392,0.140564,0.017761,0.988586,7.774,70.0,-1
1782705958.073,1549,352385,0,0.00000000,0.00000000,0.00,0,0,-52.80,0.025,0.1470,0.5390,0.2940,0.6313,0.051453,0.140564,0.017761,0.988586,7.773,78.8,-1
1782705958.261,1550,352599,0,0.00000000,0.00000000,0.00,0,0,-52.92,-0.329,0.7840,0.9310,1.5190,1.9465,0.051453,0.140564,0.017822,0.988586,7.775,67.5,-1
1782705958.510,1551,352818,0,0.00000000,0.00000000,0.00,0,0,-52.79,0.661,-0.3920,-0.0980,1.2250,1.2899,0.051453,0.140564,0.017822,0.988586,7.775,67.5,-1
1782705958.756,1552,353040,0,0.00000000,0.00000000,0.00,0,0,-52.85,-0.345,0.4900,0.8820,1.9110,2.1610,0.051453,0.140564,0.017822,0.988586,7.775,72.5,-1
1782705958.944,1553,353258,0,0.00000000,0.00000000,0.00,0,0,-52.82,0.070,0.0000,1.4210,0.4900,1.5031,0.051453,0.140564,0.017822,0.988586,7.774,71.2,-1
1782705959.198,1554,353480,0,0.00000000,0.00000000,0.00,0,0,-52.84,0.242,1.2250,0.4900,2.1070,2.4860,0.051453,0.140564,0.017883,0.988586,7.774,73.8,-1
1782705959.386,1555,353691,0,0.00000000,0.00000000,0.00,0,0,-52.91,-0.287,-0.4900,0.5880,1.3230,1.5285,0.051453,0.140564,0.017883,0.988586,7.773,72.5,-1
1782705959.573,1556,353911,0,0.00000000,0.00000000,0.00,0,0,-52.84,0.439,0.1960,0.9310,1.8620,2.0910,0.051453,0.140564,0.017883,0.988586,7.773,73.8,-1
1782705959.824,1557,354131,0,0.00000000,0.00000000,0.00,0,0,-52.77,0.659,0.1470,0.3430,0.7350,0.8243,0.051453,0.140564,0.017883,0.988586,7.773,72.5,-1
1782705960.013,1558,354352,0,0.00000000,0.00000000,0.00,0,0,-52.77,0.084,0.8820,0.7350,1.6170,1.9831,0.051453,0.140564,0.017822,0.988586,7.774,72.5,-1
1782705960.259,1559,354566,0,0.00000000,0.00000000,0.00,0,0,-52.76,0.400,0.5880,0.5880,2.0090,2.1743,0.051453,0.140564,0.017761,0.988586,7.775,72.5,-1
1782705960.446,1560,354783,0,0.00000000,0.00000000,0.00,0,0,-52.82,-0.111,1.1760,0.2940,2.8910,3.1349,0.051453,0.140564,0.017822,0.988586,7.778,70.0,-1
1782705960.696,1561,355003,0,0.00000000,0.00000000,0.00,0,0,-52.83,-0.019,-0.1470,0.2940,1.1270,1.1740,0.051453,0.140564,0.017822,0.988586,7.775,67.5,-1
1782705960.886,1562,355225,0,0.00000000,0.00000000,0.00,0,0,-52.85,-0.319,0.5390,1.0290,1.3720,1.7977,0.051453,0.140564,0.017822,0.988586,7.775,71.2,-1
1782705961.137,1563,355445,0,0.00000000,0.00000000,0.00,0,0,-52.81,0.154,0.1960,0.7350,1.7150,1.8761,0.051453,0.140564,0.017761,0.988586,7.774,73.8,-1
1782705961.325,1564,355655,0,0.00000000,0.00000000,0.00,0,0,-52.96,-0.895,-0.2450,0.7840,0.8820,1.2052,0.051392,0.140564,0.017700,0.988586,7.771,71.2,-1
1782705961.573,1565,355872,0,0.00000000,0.00000000,0.00,0,0,-52.74,0.773,0.4900,0.4900,1.1270,1.3230,0.051453,0.140503,0.017761,0.988586,7.771,78.8,-1
1782705961.760,1566,356097,0,0.00000000,0.00000000,0.00,0,0,-52.81,-0.134,0.4410,0.4410,1.7640,1.8710,0.051453,0.140442,0.017761,0.988586,7.776,72.5,-1
1782705962.009,1567,356317,0,0.00000000,0.00000000,0.00,0,0,-52.79,0.020,0.0000,1.2250,1.6660,2.0679,0.051453,0.140381,0.017822,0.988586,7.776,73.8,-1
1782705962.260,1568,356562,0,0.00000000,0.00000000,0.00,0,0,-52.79,0.171,0.5390,0.1960,0.8820,1.0521,0.051453,0.140320,0.017822,0.988586,7.774,76.2,-1
1782705962.446,1569,356774,0,0.00000000,0.00000000,0.00,0,0,-52.81,-0.087,0.3430,0.6370,1.8620,1.9976,0.051453,0.140381,0.017822,0.988586,7.775,81.2,-1
1782705962.693,1570,356995,0,0.00000000,0.00000000,0.00,0,0,-52.80,-0.099,1.4700,-0.3430,3.0870,3.4363,0.051453,0.140442,0.017883,0.988586,7.775,72.5,-1
1782705962.880,1571,357213,0,0.00000000,0.00000000,0.00,0,0,-52.72,0.566,0.5880,0.3430,1.6170,1.7544,0.051453,0.140381,0.017883,0.988586,7.775,76.2,-1
1782705963.132,1572,357426,0,0.00000000,0.00000000,0.00,0,0,-52.83,-0.431,0.1960,0.3430,1.4700,1.5222,0.051453,0.140381,0.017883,0.988586,7.774,80.0,-1
1782705963.320,1573,357638,0,0.00000000,0.00000000,0.00,0,0,-52.87,-0.447,0.4410,-0.3920,0.9800,1.1439,0.051453,0.140442,0.017883,0.988586,7.778,73.8,-1
1782705963.568,1574,357860,0,0.00000000,0.00000000,0.00,0,0,-52.81,0.162,0.4410,0.3920,1.9110,2.0000,0.051453,0.140503,0.017883,0.988586,7.773,75.0,-1
1782705963.757,1575,358080,0,0.00000000,0.00000000,0.00,0,0,-52.91,-0.523,0.0000,1.1760,1.6170,1.9994,0.051453,0.140503,0.017883,0.988586,7.776,76.2,-1
1782705964.008,1576,358301,0,0.00000000,0.00000000,0.00,0,0,-52.91,0.019,0.5390,0.4410,1.2250,1.4091,0.051453,0.140503,0.017883,0.988586,7.774,75.0,-1
1782705964.196,1577,358521,0,0.00000000,0.00000000,0.00,0,0,-52.78,0.347,0.0000,0.9310,1.8130,2.0381,0.051453,0.140564,0.017883,0.988586,7.771,82.5,-1
1782705964.448,1578,358733,0,0.00000000,0.00000000,0.00,0,0,-52.90,-0.584,0.3430,0.5390,0.8330,1.0498,0.051453,0.140503,0.017883,0.988586,7.776,72.5,-1
1782705964.635,1579,358950,0,0.00000000,0.00000000,0.00,0,0,-52.76,0.250,0.2450,0.4410,2.1560,2.2142,0.051453,0.140503,0.017883,0.988586,7.774,75.0,-1
1782705964.884,1580,359172,0,0.00000000,0.00000000,0.00,0,0,-52.66,0.721,0.6860,0.1470,1.3720,1.5410,0.051453,0.140564,0.017883,0.988586,7.774,72.5,-1
1782705965.070,1581,359393,0,0.00000000,0.00000000,0.00,0,0,-52.77,0.020,0.1470,0.7350,1.0780,1.3130,0.051453,0.140564,0.017761,0.988586,7.775,73.8,-1
1782705965.317,1582,359607,0,0.00000000,0.00000000,0.00,0,0,-52.80,-0.050,0.5880,0.7840,2.4500,2.6387,0.051392,0.140564,0.017761,0.988586,7.775,75.0,-1
1782705965.505,1583,359822,0,0.00000000,0.00000000,0.00,0,0,-52.84,-0.208,0.0490,0.8330,1.5680,1.7762,0.051392,0.140564,0.017761,0.988586,7.774,75.0,-1
1782705965.754,1584,360045,0,0.00000000,0.00000000,0.00,0,0,-52.75,0.281,0.7840,0.9800,1.4210,1.8959,0.051453,0.140564,0.017761,0.988586,7.775,75.0,-1
1782705965.941,1585,360264,0,0.00000000,0.00000000,0.00,0,0,-52.88,-0.431,0.2450,-0.0980,2.0580,2.0748,0.051453,0.140564,0.017822,0.988586,7.773,77.5,-1
1782705966.190,1586,360485,0,0.00000000,0.00000000,0.00,0,0,-52.72,0.055,0.1470,0.4900,1.9110,1.9783,0.051453,0.140503,0.017822,0.988586,7.773,80.0,-1
1782705966.377,1587,360696,0,0.00000000,0.00000000,0.00,0,0,-52.88,-1.264,0.1960,0.4900,1.9110,1.9825,0.051453,0.140442,0.017822,0.988586,7.775,66.2,-1
1782705966.628,1588,360917,0,0.00000000,0.00000000,0.00,0,0,-52.71,0.501,-0.3920,0.9310,1.2250,1.5878,0.051453,0.140442,0.017883,0.988586,7.774,67.5,-1
1782705966.816,1589,361137,0,0.00000000,0.00000000,0.00,0,0,-52.76,-0.187,0.4900,0.6370,1.3720,1.5900,0.051453,0.140503,0.017883,0.988586,7.774,70.0,-1
1782705967.065,1590,361357,0,0.00000000,0.00000000,0.00,0,0,-52.77,-0.004,0.3920,0.3920,1.3230,1.4345,0.051453,0.140503,0.017883,0.988586,7.779,68.8,-1
1782705967.250,1591,361571,0,0.00000000,0.00000000,0.00,0,0,-52.78,-0.002,0.2450,0.6860,1.5680,1.7289,0.051453,0.140442,0.017822,0.988586,7.775,70.0,-1
1782705967.499,1592,361786,0,0.00000000,0.00000000,0.00,0,0,-52.90,-0.423,0.7350,-0.0490,1.8130,1.9569,0.051453,0.140381,0.017700,0.988586,7.775,78.8,-1
1782705967.688,1593,362008,0,0.00000000,0.00000000,0.00,0,0,-52.78,0.385,-1.5190,0.2450,2.7440,3.1459,0.051453,0.140320,0.017700,0.988586,7.776,70.0,-1
1782705967.937,1594,362233,0,0.00000000,0.00000000,0.00,0,0,-52.77,0.110,0.0490,1.1760,1.8620,2.2028,0.051453,0.140320,0.017761,0.988586,7.778,71.2,-1
1782705968.125,1595,362450,0,0.00000000,0.00000000,0.00,0,0,-52.78,-0.192,0.2940,0.5390,1.7640,1.8678,0.051453,0.140381,0.017822,0.988586,7.776,70.0,-1
1782705968.375,1596,362663,0,0.00000000,0.00000000,0.00,0,0,-52.82,-0.340,-0.0490,0.8330,1.1760,1.4420,0.051453,0.140442,0.017822,0.988586,7.775,68.8,-1
1782705968.560,1597,362880,0,0.00000000,0.00000000,0.00,0,0,-52.78,0.361,1.1270,-0.1960,2.2540,2.5277,0.051453,0.140381,0.017822,0.988586,7.774,70.0,-1
1782705968.812,1598,363101,0,0.00000000,0.00000000,0.00,0,0,-52.72,0.599,0.6860,0.6860,0.9800,1.3790,0.051453,0.140442,0.017761,0.988586,7.775,70.0,-1
1782705968.999,1599,363321,0,0.00000000,0.00000000,0.00,0,0,-52.78,-0.050,0.4410,0.7840,2.1070,2.2910,0.051392,0.140442,0.017700,0.988586,7.774,71.2,-1
1782705969.249,1600,363567,0,0.00000000,0.00000000,0.00,0,0,-52.91,-0.728,0.0000,0.4410,1.9110,1.9612,0.051392,0.140503,0.017700,0.988586,7.776,75.0,-1
1782705969.497,1601,363784,0,0.00000000,0.00000000,0.00,0,0,-52.87,-0.018,-0.1470,1.0290,1.8130,2.0898,0.051392,0.140503,0.017639,0.988586,7.775,71.2,-1
1782705969.683,1602,364002,0,0.00000000,0.00000000,0.00,0,0,-52.83,0.080,1.2740,0.4900,2.2050,2.5933,0.051392,0.140442,0.017700,0.988586,7.776,72.5,-1
1782705969.930,1603,364224,0,0.00000000,0.00000000,0.00,0,0,-52.78,0.201,0.3920,0.0000,1.4210,1.4741,0.051453,0.140442,0.017761,0.988586,7.776,71.2,-1
1782705970.118,1604,364443,0,0.00000000,0.00000000,0.00,0,0,-52.77,-0.080,0.3920,0.9800,2.4010,2.6228,0.051453,0.140503,0.017761,0.988586,7.775,71.2,-1
1782705970.366,1605,364654,0,0.00000000,0.00000000,0.00,0,0,-52.76,0.251,-0.7840,1.7640,-0.7840,2.0835,0.051453,0.140503,0.017822,0.988586,7.775,73.8,-1
1782705970.553,1606,364873,0,0.00000000,0.00000000,0.00,0,0,-52.80,-0.287,0.6860,0.5880,2.0090,2.2028,0.051453,0.140503,0.017822,0.988586,7.774,71.2,-1
1782705970.800,1607,365095,0,0.00000000,0.00000000,0.00,0,0,-52.82,-0.279,0.7350,0.6370,2.3030,2.5000,0.051453,0.140564,0.017822,0.988586,7.775,73.8,-1
1782705970.989,1608,365316,0,0.00000000,0.00000000,0.00,0,0,-52.76,0.026,0.3920,0.4410,1.5680,1.6753,0.051453,0.140503,0.017822,0.988586,7.775,71.2,-1
1782705971.239,1609,365556,0,0.00000000,0.00000000,0.00,0,0,-52.80,-0.109,-0.0980,1.2250,2.0580,2.3970,0.051453,0.140564,0.017883,0.988586,7.774,72.5,-1
1782705971.486,1610,365776,0,0.00000000,0.00000000,0.00,0,0,-52.67,0.646,1.5680,0.8820,2.3520,2.9612,0.051453,0.140564,0.017822,0.988586,7.775,73.8,-1
1782705971.675,1611,365998,0,0.00000000,0.00000000,0.00,0,0,-52.69,0.224,0.7350,0.9310,2.1070,2.4179,0.051392,0.140564,0.017761,0.988586,7.775,72.5,-1
1782705971.923,1612,366219,0,0.00000000,0.00000000,0.00,0,0,-52.83,-0.486,0.4410,0.8330,2.0090,2.2191,0.051392,0.140564,0.017700,0.988586,7.773,70.0,-1
1782705972.110,1613,366439,0,0.00000000,0.00000000,0.00,0,0,-52.70,0.234,0.3430,0.5880,1.3230,1.4879,0.051392,0.140564,0.017700,0.988586,7.773,72.5,-1
1782705972.359,1614,366648,0,0.00000000,0.00000000,0.00,0,0,-52.81,-0.121,0.7840,0.2450,2.3030,2.4451,0.051392,0.140564,0.017700,0.988586,7.776,71.2,-1
1782705972.546,1615,366870,0,0.00000000,0.00000000,0.00,0,0,-52.80,0.082,-0.1960,0.9800,0.2940,1.0418,0.051453,0.140564,0.017761,0.988586,7.776,68.8,-1
1782705972.796,1616,367090,0,0.00000000,0.00000000,0.00,0,0,-52.71,0.637,-0.0980,1.0290,1.6660,1.9606,0.051453,0.140564,0.017822,0.988586,7.776,71.2,-1
1782705972.984,1617,367310,0,0.00000000,0.00000000,0.00,0,0,-52.88,-0.853,0.9800,2.4500,2.0580,3.3464,0.051453,0.140564,0.017822,0.988586,7.775,70.0,-1
1782705973.231,1618,367551,0,0.00000000,0.00000000,0.00,0,0,-52.75,0.271,0.2940,0.4900,1.3230,1.4411,0.051453,0.140564,0.017822,0.988586,7.775,68.8,-1
1782705973.480,1619,367771,0,0.00000000,0.00000000,0.00,0,0,-52.84,-0.440,0.1470,0.7840,0.7350,1.0847,0.051453,0.140564,0.017822,0.988586,7.776,71.2,-1
1782705973.670,1620,367992,0,0.00000000,0.00000000,0.00,0,0,-52.86,-0.465,1.2740,-0.3430,2.5480,2.8693,0.051392,0.140564,0.017761,0.988586,7.775,70.0,-1
1782705973.918,1621,368213,0,0.00000000,0.00000000,0.00,0,0,-52.75,0.368,0.3430,0.5880,0.6860,0.9664,0.051392,0.140442,0.017700,0.988586,7.776,72.5,-1
1782705974.104,1622,368430,0,0.00000000,0.00000000,0.00,0,0,-52.82,-0.478,0.3430,0.4410,0.8330,1.0030,0.051392,0.140503,0.017700,0.988586,7.775,71.2,-1
1782705974.354,1623,368643,0,0.00000000,0.00000000,0.00,0,0,-52.82,-0.511,-0.9800,0.0490,1.1760,1.5316,0.051453,0.140503,0.017822,0.988586,7.775,71.2,-1
1782705974.541,1624,368862,0,0.00000000,0.00000000,0.00,0,0,-52.74,0.357,0.2940,0.5880,0.9800,1.1801,0.051453,0.140503,0.017822,0.988586,7.775,75.0,-1
1782705974.791,1625,369085,0,0.00000000,0.00000000,0.00,0,0,-52.76,-0.026,-0.0980,0.9800,2.0580,2.2815,0.051453,0.140564,0.017822,0.988586,7.775,71.2,-1
1782705974.979,1626,369306,0,0.00000000,0.00000000,0.00,0,0,-52.77,0.104,0.5880,0.7840,1.4700,1.7667,0.051453,0.140564,0.017822,0.988586,7.776,72.5,-1
1782705975.229,1627,369548,0,0.00000000,0.00000000,0.00,0,0,-52.79,0.197,0.1470,0.7350,1.8620,2.0072,0.051453,0.140564,0.017883,0.988586,7.775,70.0,-1
1782705975.477,1628,369764,0,0.00000000,0.00000000,0.00,0,0,-52.75,0.705,0.0980,0.6860,0.8820,1.1217,0.051453,0.140564,0.017883,0.988586,7.773,75.0,-1
1782705975.663,1629,369985,0,0.00000000,0.00000000,0.00,0,0,-52.61,0.660,0.4900,0.5880,1.1760,1.4031,0.051453,0.140564,0.017883,0.988586,7.774,75.0,-1
1782705975.913,1630,370206,0,0.00000000,0.00000000,0.00,0,0,-52.64,0.320,0.8820,0.7840,2.4990,2.7636,0.051453,0.140564,0.017883,0.988586,7.776,67.5,-1
1782705976.101,1631,370428,0,0.00000000,0.00000000,0.00,0,0,-52.72,-0.040,0.4410,0.0980,2.1070,2.1549,0.051453,0.140564,0.017883,0.988586,7.774,68.8,-1
1782705976.348,1632,370639,0,0.00000000,0.00000000,0.00,0,0,-52.82,-0.385,1.4700,0.3920,2.6950,3.0948,0.051453,0.140564,0.017883,0.988586,7.775,72.5,-1
1782705976.538,1633,370859,0,0.00000000,0.00000000,0.00,0,0,-52.82,-0.314,0.8820,0.1960,2.5480,2.7035,0.051453,0.140564,0.017883,0.988586,7.773,72.5,-1
1782705976.787,1634,371079,0,0.00000000,0.00000000,0.00,0,0,-52.79,0.074,0.0980,0.8330,1.8620,2.0422,0.051453,0.140564,0.017883,0.988586,7.774,71.2,-1
1782705976.972,1635,371299,0,0.00000000,0.00000000,0.00,0,0,-52.75,0.226,0.2450,1.1270,1.3720,1.7924,0.051453,0.140442,0.017883,0.988586,7.774,73.8,-1
1782705977.220,1636,371519,0,0.00000000,0.00000000,0.00,0,0,-52.79,-0.110,0.3920,0.4900,1.7640,1.8723,0.051453,0.140381,0.017883,0.988586,7.773,80.0,-1
1782705977.405,1637,371728,0,0.00000000,0.00000000,0.00,0,0,-52.77,-0.215,0.1960,0.7840,1.6170,1.8077,0.051453,0.140381,0.017883,0.988586,7.774,77.5,-1
1782705977.657,1638,371952,0,0.00000000,0.00000000,0.00,0,0,-52.73,0.043,0.3920,0.7840,1.8130,2.0138,0.051453,0.140320,0.017883,0.988586,7.773,75.0,-1
1782705977.845,1639,372171,0,0.00000000,0.00000000,0.00,0,0,-52.75,-0.274,-0.3430,1.0780,0.4410,1.2142,0.051453,0.140259,0.017883,0.988586,7.773,73.8,-1
1782705978.093,1640,372392,0,0.00000000,0.00000000,0.00,0,0,-52.63,0.613,1.1270,0.5880,2.8910,3.1581,0.051453,0.140259,0.017883,0.988586,7.773,75.0,-1
1782705978.280,1641,372603,0,0.00000000,0.00000000,0.00,0,0,-52.70,0.121,0.3920,0.5880,1.6170,1.7647,0.051453,0.140320,0.017883,0.988586,7.775,72.5,-1
1782705978.530,1642,372822,0,0.00000000,0.00000000,0.00,0,0,-52.72,0.096,0.3920,0.2450,2.1560,2.2050,0.051453,0.140381,0.017883,0.988586,7.775,72.5,-1
1782705978.717,1643,373040,0,0.00000000,0.00000000,0.00,0,0,-52.73,-0.263,0.8330,0.6860,2.4010,2.6324,0.051453,0.140442,0.017883,0.988586,7.773,75.0,-1
1782705978.965,1644,373264,0,0.00000000,0.00000000,0.00,0,0,-52.81,-0.428,0.3430,0.4900,1.1760,1.3194,0.051453,0.140442,0.017761,0.988586,7.774,71.2,-1
1782705979.151,1645,373482,0,0.00000000,0.00000000,0.00,0,0,-52.72,0.201,0.1960,0.6370,1.4210,1.5695,0.051453,0.140503,0.017761,0.988586,7.773,73.8,-1
1782705979.402,1646,373694,0,0.00000000,0.00000000,0.00,0,0,-52.79,-0.302,0.5880,0.4900,2.2540,2.3804,0.051453,0.140503,0.017761,0.988586,7.774,76.2,-1
1782705979.590,1647,373913,0,0.00000000,0.00000000,0.00,0,0,-52.77,-0.100,0.9800,1.1270,3.0870,3.4293,0.051453,0.140503,0.017822,0.988586,7.773,75.0,-1
1782705979.839,1648,374136,0,0.00000000,0.00000000,0.00,0,0,-52.78,-0.010,0.3430,0.3430,1.3720,1.4552,0.051453,0.140503,0.017822,0.988586,7.774,73.8,-1
1782705980.025,1649,374357,0,0.00000000,0.00000000,0.00,0,0,-52.73,0.188,0.0490,1.3230,1.3230,1.8716,0.051453,0.140503,0.017822,0.988586,7.774,72.5,-1
1782705980.275,1650,374568,0,0.00000000,0.00000000,0.00,0,0,-52.83,-0.376,0.2940,0.6370,1.7640,1.8984,0.051453,0.140564,0.017883,0.988586,7.776,68.8,-1
1782705980.464,1651,374784,0,0.00000000,0.00000000,0.00,0,0,-52.70,0.508,0.0980,0.5390,1.9600,2.0351,0.051453,0.140564,0.017761,0.988586,7.771,73.8,-1
1782705980.713,1652,375008,0,0.00000000,0.00000000,0.00,0,0,-52.78,0.064,0.3920,0.2940,0.5880,0.7654,0.051453,0.140564,0.017822,0.988586,7.773,70.0,-1
1782705980.901,1653,375228,0,0.00000000,0.00000000,0.00,0,0,-52.72,-0.008,0.4900,0.3920,1.9110,2.0114,0.051453,0.140564,0.017822,0.988586,7.773,68.8,-1
1782705981.149,1654,375448,0,0.00000000,0.00000000,0.00,0,0,-52.65,0.125,0.3430,0.3920,2.1560,2.2180,0.051453,0.140564,0.017761,0.988586,7.773,68.8,-1
1782705981.336,1655,375660,0,0.00000000,0.00000000,0.00,0,0,-52.72,-0.130,0.0000,1.3720,1.4700,2.0108,0.051392,0.140564,0.017700,0.988586,7.771,75.0,-1
1782705981.585,1656,375886,0,0.00000000,0.00000000,0.00,0,0,-52.76,-0.351,0.6370,0.6370,1.4700,1.7241,0.051392,0.140564,0.017639,0.988586,7.773,76.2,-1
1782705981.771,1657,376110,0,0.00000000,0.00000000,0.00,0,0,-52.86,-0.834,0.3430,0.7350,1.3230,1.5518,0.051392,0.140564,0.017700,0.988586,7.774,71.2,-1
1782705982.019,1658,376330,0,0.00000000,0.00000000,0.00,0,0,-52.78,0.306,0.1960,1.1270,1.0780,1.5718,0.051392,0.140564,0.017639,0.988586,7.775,72.5,-1
1782705982.205,1659,376545,0,0.00000000,0.00000000,0.00,0,0,-52.76,0.356,0.1470,0.7840,1.1760,1.4210,0.051392,0.140564,0.017700,0.988586,7.773,77.5,-1
1782705982.451,1660,376759,0,0.00000000,0.00000000,0.00,0,0,-52.79,-0.125,0.5390,0.7350,1.7150,1.9422,0.051392,0.140564,0.017700,0.988586,7.770,76.2,-1
1782705982.700,1661,376980,0,0.00000000,0.00000000,0.00,0,0,-52.82,-0.238,0.6370,0.2450,2.1070,2.2148,0.051392,0.140564,0.017700,0.988586,7.774,73.8,-1
1782705982.884,1662,377203,0,0.00000000,0.00000000,0.00,0,0,-52.78,-0.101,1.4210,0.2450,3.0380,3.3628,0.051392,0.140564,0.017639,0.988586,7.773,73.8,-1
1782705983.133,1663,377423,0,0.00000000,0.00000000,0.00,0,0,-52.76,-0.005,0.5880,0.4410,1.6170,1.7762,0.051392,0.140564,0.017578,0.988586,7.771,73.8,-1
1782705983.318,1664,377633,0,0.00000000,0.00000000,0.00,0,0,-52.64,0.232,0.2450,0.8820,1.8620,2.0748,0.051392,0.140564,0.017639,0.988586,7.774,71.2,-1
1782705983.570,1665,377852,0,0.00000000,0.00000000,0.00,0,0,-52.71,0.062,0.6860,0.3920,1.7640,1.9329,0.051392,0.140564,0.017700,0.988586,7.773,72.5,-1
1782705983.756,1666,378074,0,0.00000000,0.00000000,0.00,0,0,-52.63,0.695,0.3920,1.0780,1.7640,2.1041,0.051392,0.140564,0.017761,0.988586,7.773,73.8,-1
1782705984.007,1667,378294,0,0.00000000,0.00000000,0.00,0,0,-52.68,-0.099,-0.2450,1.5190,1.8620,2.4155,0.051392,0.140625,0.017700,0.988586,7.775,73.8,-1
1782705984.194,1668,378514,0,0.00000000,0.00000000,0.00,0,0,-52.60,0.608,0.2940,0.5880,1.8620,1.9746,0.051392,0.140564,0.017761,0.988586,7.774,77.5,-1
1782705984.444,1669,378726,0,0.00000000,0.00000000,0.00,0,0,-52.70,0.067,0.6860,0.9310,2.3520,2.6209,0.051453,0.140564,0.017761,0.988586,7.773,70.0,-1
1782705984.629,1670,378945,0,0.00000000,0.00000000,0.00,0,0,-52.75,-0.047,0.7840,0.5880,1.5680,1.8491,0.051453,0.140503,0.017822,0.988586,7.773,72.5,-1
1782705984.879,1671,379166,0,0.00000000,0.00000000,0.00,0,0,-52.71,0.274,0.3920,1.1270,1.6660,2.0492,0.051453,0.140503,0.017822,0.988586,7.773,75.0,-1
1782705985.067,1672,379387,0,0.00000000,0.00000000,0.00,0,0,-52.63,0.544,0.0980,0.5390,0.6370,0.8402,0.051453,0.140625,0.017822,0.988586,7.778,70.0,-1
1782705985.318,1673,379599,0,0.00000000,0.00000000,0.00,0,0,-52.79,-0.442,0.3920,0.5880,1.6660,1.8097,0.051453,0.140686,0.017822,0.988586,7.773,72.5,-1
1782705985.504,1674,379815,0,0.00000000,0.00000000,0.00,0,0,-52.69,0.261,0.5390,0.7840,1.5190,1.7924,0.051392,0.140747,0.017761,0.988525,7.775,76.2,-1
1782705985.753,1675,380039,0,0.00000000,0.00000000,0.00,0,0,-52.87,-0.739,0.2450,0.5880,1.9600,2.0609,0.051392,0.140808,0.017761,0.988525,7.775,73.8,-1
1782705985.941,1676,380259,0,0.00000000,0.00000000,0.00,0,0,-52.63,0.720,0.5390,0.3430,1.3720,1.5135,0.051392,0.140808,0.017761,0.988525,7.776,72.5,-1
1782705986.191,1677,380479,0,0.00000000,0.00000000,0.00,0,0,-52.76,-0.349,0.3430,0.6370,1.9110,2.0434,0.051392,0.140747,0.017822,0.988525,7.778,67.5,-1
1782705986.378,1678,380687,0,0.00000000,0.00000000,0.00,0,0,-52.66,0.381,0.1470,1.9110,0.8820,2.1098,0.051392,0.140747,0.017761,0.988525,7.776,72.5,-1
1782705986.626,1679,380908,0,0.00000000,0.00000000,0.00,0,0,-52.75,-0.278,0.1960,0.8330,1.1270,1.4151,0.051392,0.140686,0.017761,0.988586,7.775,71.2,-1
1782705986.812,1680,381130,0,0.00000000,0.00000000,0.00,0,0,-52.81,-0.418,0.7840,0.4410,1.2250,1.5198,0.051392,0.140686,0.017700,0.988586,7.776,75.0,-1
1782705987.064,1681,381350,0,0.00000000,0.00000000,0.00,0,0,-52.75,0.135,-0.2450,0.3430,0.9310,1.0220,0.051392,0.140625,0.017639,0.988586,7.775,75.0,-1
1782705987.252,1682,381564,0,0.00000000,0.00000000,0.00,0,0,-52.69,0.396,0.0980,1.0780,1.4700,1.8255,0.051392,0.140625,0.017639,0.988586,7.774,72.5,-1
1782705987.441,1683,381779,0,0.00000000,0.00000000,0.00,0,0,-52.71,-0.135,0.3920,0.5880,2.0580,2.1760,0.051392,0.140625,0.017578,0.988586,7.774,77.5,-1
1782705987.690,1684,382003,0,0.00000000,0.00000000,0.00,0,0,-52.56,0.422,0.4410,0.8330,1.8130,2.0434,0.051392,0.140625,0.017578,0.988586,7.775,70.0,-1
1782705987.940,1685,382224,0,0.00000000,0.00000000,0.00,0,0,-52.68,-0.087,0.0490,0.9310,1.7150,1.9520,0.051392,0.140564,0.017517,0.988586,7.773,72.5,-1
1782705988.126,1686,382440,0,0.00000000,0.00000000,0.00,0,0,-52.73,-0.057,0.2940,0.6370,1.6170,1.7626,0.051392,0.140564,0.017517,0.988586,7.774,73.8,-1
1782705988.376,1687,382654,0,0.00000000,0.00000000,0.00,0,0,-52.67,0.181,0.1470,0.8820,1.9600,2.1543,0.051392,0.140564,0.017517,0.988586,7.774,73.8,-1
1782705988.562,1688,382874,0,0.00000000,0.00000000,0.00,0,0,-52.79,-0.242,0.7840,0.0000,1.7640,1.9304,0.051392,0.140625,0.017639,0.988586,7.773,76.2,-1
1782705988.811,1689,383096,0,0.00000000,0.00000000,0.00,0,0,-52.73,-0.034,1.5190,0.0980,0.8820,1.7592,0.051392,0.140625,0.017700,0.988586,7.775,75.0,-1
1782705988.999,1690,383315,0,0.00000000,0.00000000,0.00,0,0,-52.73,-0.145,0.1960,0.6860,1.9600,2.0858,0.051392,0.140625,0.017700,0.988586,7.773,73.8,-1
1782705989.246,1691,383557,0,0.00000000,0.00000000,0.00,0,0,-52.71,-0.229,1.0290,0.4410,2.5480,2.7831,0.051392,0.140625,0.017761,0.988586,7.774,77.5,-1
1782705989.495,1692,383775,0,0.00000000,0.00000000,0.00,0,0,-52.67,0.115,0.1470,0.6370,1.2250,1.3885,0.051453,0.140625,0.017761,0.988586,7.775,73.8,-1
1782705989.682,1693,383997,0,0.00000000,0.00000000,0.00,0,0,-52.74,-0.233,0.0000,1.1270,1.6170,1.9710,0.051453,0.140564,0.017822,0.988586,7.776,73.8,-1
1782705989.927,1694,384217,0,0.00000000,0.00000000,0.00,0,0,-52.73,-0.083,0.5390,1.6170,0.4900,1.7735,0.051453,0.140564,0.017822,0.988586,7.774,72.5,-1
1782705990.113,1695,384437,0,0.00000000,0.00000000,0.00,0,0,-52.66,0.108,0.4900,0.9310,1.6170,1.9291,0.051453,0.140564,0.017822,0.988586,7.776,73.8,-1
1782705990.366,1696,384647,0,0.00000000,0.00000000,0.00,0,0,-52.68,0.112,0.5390,0.1470,2.0090,2.0852,0.051453,0.140503,0.017883,0.988586,7.774,72.5,-1
1782705990.552,1697,384868,0,0.00000000,0.00000000,0.00,0,0,-52.75,-0.469,0.4900,0.3920,1.8130,1.9185,0.051453,0.140503,0.017883,0.988586,7.775,73.8,-1
1782705990.798,1698,385090,0,0.00000000,0.00000000,0.00,0,0,-52.68,0.190,0.3430,0.1470,1.5190,1.5642,0.051453,0.140503,0.017883,0.988586,7.775,73.8,-1
1782705990.982,1699,385310,0,0.00000000,0.00000000,0.00,0,0,-52.80,-0.178,0.0980,1.0290,1.7150,2.0024,0.051453,0.140503,0.017883,0.988586,7.775,72.5,-1
1782705991.230,1700,385553,0,0.00000000,0.00000000,0.00,0,0,-52.69,0.012,0.0980,0.3430,1.8130,1.8478,0.051453,0.140564,0.017883,0.988586,7.775,71.2,-1
1782705991.481,1701,385770,0,0.00000000,0.00000000,0.00,0,0,-52.71,-0.282,0.4410,0.7840,1.3720,1.6406,0.051453,0.140564,0.017822,0.988586,7.774,72.5,-1
1782705991.668,1702,385991,0,0.00000000,0.00000000,0.00,0,0,-52.74,-0.249,0.2940,0.4900,2.8910,2.9469,0.051453,0.140564,0.017822,0.988586,7.774,73.8,-1
1782705991.917,1703,386212,0,0.00000000,0.00000000,0.00,0,0,-52.76,-0.489,0.2940,0.5880,1.5190,1.6552,0.051453,0.140564,0.017822,0.988586,7.775,75.0,-1
1782705992.104,1704,386433,0,0.00000000,0.00000000,0.00,0,0,-52.68,0.038,0.2450,0.2940,1.6170,1.6617,0.051331,0.140564,0.017700,0.988586,7.774,77.5,-1
1782705992.354,1705,386643,0,0.00000000,0.00000000,0.00,0,0,-52.71,-0.164,0.1470,0.7350,1.2250,1.4361,0.051270,0.140625,0.017578,0.988586,7.774,72.5,-1
1782705992.541,1706,386865,0,0.00000000,0.00000000,0.00,0,0,-52.78,-0.442,1.3230,-0.2450,3.0380,3.3226,0.051147,0.140625,0.017395,0.988586,7.773,75.0,-1
1782705992.792,1707,387080,0,0.00000000,0.00000000,0.00,0,0,-52.69,0.059,0.1960,0.4410,2.1560,2.2094,0.051086,0.140686,0.017395,0.988586,7.773,77.5,-1
1782705992.979,1708,387304,0,0.00000000,0.00000000,0.00,0,0,-52.74,-0.031,-0.0980,1.5190,1.1270,1.8940,0.051147,0.140503,0.017578,0.988586,7.774,75.0,-1
1782705993.229,1709,387546,0,0.00000000,0.00000000,0.00,0,0,-52.66,0.472,0.2940,0.4900,1.9600,2.0416,0.051208,0.140503,0.017639,0.988586,7.774,75.0,-1
1782705993.478,1710,387763,0,0.00000000,0.00000000,0.00,0,0,-52.73,0.124,0.0980,1.3230,1.4700,1.9801,0.051147,0.140503,0.017639,0.988586,7.773,77.5,-1
1782705993.666,1711,387983,0,0.00000000,0.00000000,0.00,0,0,-52.76,-0.088,0.3920,0.1470,2.2540,2.2926,0.050964,0.140625,0.017456,0.988586,7.773,78.8,-1
1782705993.915,1712,388206,0,0.00000000,0.00000000,0.00,0,0,-52.88,-0.944,0.2450,0.8820,1.9600,2.1632,0.050964,0.140686,0.017273,0.988586,7.773,75.0,-1
1782705994.101,1713,388425,0,0.00000000,0.00000000,0.00,0,0,-52.79,0.211,0.1470,0.8330,0.9310,1.2579,0.050964,0.140625,0.017395,0.988586,7.773,75.0,-1
1782705994.353,1714,388636,0,0.00000000,0.00000000,0.00,0,0,-52.78,0.352,0.1470,0.6370,1.3230,1.4757,0.050903,0.140686,0.017334,0.988586,7.774,72.5,-1
1782705994.540,1715,388859,0,0.00000000,0.00000000,0.00,0,0,-52.78,0.331,0.3430,0.3920,1.0780,1.1972,0.050903,0.140625,0.017273,0.988586,7.775,75.0,-1
1782705994.789,1716,389079,0,0.00000000,0.00000000,0.00,0,0,-52.71,0.422,-0.0490,0.5880,1.6170,1.7213,0.050903,0.140625,0.017151,0.988586,7.778,68.8,-1
1782705994.976,1717,389299,0,0.00000000,0.00000000,0.00,0,0,-52.74,0.175,0.7350,0.3430,1.2740,1.5103,0.050903,0.140625,0.017090,0.988586,7.776,73.8,-1
1782705995.226,1718,389519,0,0.00000000,0.00000000,0.00,0,0,-52.69,0.219,0.1470,0.6370,2.1560,2.2529,0.050903,0.140564,0.017090,0.988586,7.774,77.5,-1
1782705995.414,1719,389730,0,0.00000000,0.00000000,0.00,0,0,-52.79,-0.179,0.5880,0.0490,1.2740,1.4040,0.050903,0.140564,0.017151,0.988586,7.774,73.8,-1
1782705995.662,1720,389946,0,0.00000000,0.00000000,0.00,0,0,-52.78,0.113,0.2450,0.6860,1.2250,1.4252,0.050903,0.140564,0.017151,0.988586,7.773,77.5,-1
1782705995.848,1721,390164,0,0.00000000,0.00000000,0.00,0,0,-52.76,0.119,0.7840,0.4410,1.8130,2.0239,0.050903,0.140564,0.017273,0.988586,7.776,66.2,-1
1782705996.095,1722,390379,0,0.00000000,0.00000000,0.00,0,0,-52.66,0.602,0.1470,0.3920,1.2740,1.3410,0.050964,0.140564,0.017334,0.988586,7.775,77.5,-1
1782705996.284,1723,390593,0,0.00000000,0.00000000,0.00,0,0,-52.64,0.249,0.6860,0.4900,1.7150,1.9110,0.050964,0.140564,0.017395,0.988586,7.774,73.8,-1
1782705996.532,1724,390812,0,0.00000000,0.00000000,0.00,0,0,-52.88,-0.687,0.2450,0.3430,1.3720,1.4353,0.050964,0.140625,0.017456,0.988586,7.774,73.8,-1
1782705996.718,1725,391032,0,0.00000000,0.00000000,0.00,0,0,-52.76,0.459,0.3920,0.7840,1.3230,1.5870,0.050964,0.140686,0.017517,0.988586,7.773,76.2,-1
1782705996.968,1726,391252,0,0.00000000,0.00000000,0.00,0,0,-52.73,0.341,0.9310,-0.1470,2.0580,2.2636,0.051025,0.140747,0.017517,0.988586,7.773,76.2,-1
1782705997.156,1727,391474,0,0.00000000,0.00000000,0.00,0,0,-52.65,0.938,0.2450,0.1960,1.5680,1.5991,0.050964,0.140747,0.017517,0.988586,7.776,71.2,-1
1782705997.404,1728,391684,0,0.00000000,0.00000000,0.00,0,0,-52.78,0.100,1.1270,0.5880,1.5190,1.9807,0.050964,0.140747,0.017578,0.988586,7.775,67.5,-1
1782705997.591,1729,391904,0,0.00000000,0.00000000,0.00,0,0,-52.74,0.617,1.0290,0.3430,1.7640,2.0708,0.050903,0.140747,0.017517,0.988586,7.774,68.8,-1
1782705997.838,1730,392124,0,0.00000000,0.00000000,0.00,0,0,-52.69,0.349,0.1960,0.5390,1.7640,1.8549,0.050903,0.140686,0.017517,0.988586,7.774,67.5,-1
1782705998.024,1731,392346,0,0.00000000,0.00000000,0.00,0,0,-52.68,0.288,0.5390,-0.0490,1.6660,1.7517,0.050964,0.140686,0.017517,0.988586,7.775,67.5,-1
1782705998.272,1732,392557,0,0.00000000,0.00000000,0.00,0,0,-52.65,0.334,0.1960,0.4900,1.1270,1.2444,0.050964,0.140686,0.017517,0.988586,7.775,72.5,-1
1782705998.457,1733,392774,0,0.00000000,0.00000000,0.00,0,0,-52.76,0.022,0.1960,0.4900,2.0580,2.1246,0.050964,0.140625,0.017517,0.988586,7.774,68.8,-1
1782705998.705,1734,392994,0,0.00000000,0.00000000,0.00,0,0,-52.72,-0.037,1.0290,0.6860,2.0580,2.4010,0.050964,0.140625,0.017517,0.988586,7.774,71.2,-1
1782705998.891,1735,393216,0,0.00000000,0.00000000,0.00,0,0,-52.77,0.042,0.7840,0.6370,0.8330,1.3093,0.050964,0.140625,0.017517,0.988586,7.775,72.5,-1
1782705999.138,1736,393435,0,0.00000000,0.00000000,0.00,0,0,-52.81,-0.106,-0.2940,1.2740,0.7840,1.5245,0.050964,0.140686,0.017517,0.988586,7.773,75.0,-1
1782705999.326,1737,393648,0,0.00000000,0.00000000,0.00,0,0,-52.78,-0.014,0.4900,0.7840,1.3230,1.6140,0.050964,0.140686,0.017578,0.988586,7.775,68.8,-1
1782705999.577,1738,393868,0,0.00000000,0.00000000,0.00,0,0,-52.78,0.030,0.4410,0.4410,1.7150,1.8249,0.050964,0.140747,0.017639,0.988586,7.776,72.5,-1
1782705999.763,1739,394091,0,0.00000000,0.00000000,0.00,0,0,-52.81,-0.145,0.3430,0.4900,1.3720,1.4967,0.050964,0.140686,0.017578,0.988586,7.775,70.0,-1
1782706000.014,1740,394310,0,0.00000000,0.00000000,0.00,0,0,-52.76,0.195,0.4410,0.6370,2.1070,2.2449,0.050964,0.140686,0.017700,0.988586,7.775,71.2,-1
1782706000.263,1741,394554,0,0.00000000,0.00000000,0.00,0,0,-52.78,-0.044,0.0980,0.5880,1.6170,1.7234,0.050964,0.140686,0.017700,0.988586,7.775,72.5,-1
1782706000.452,1742,394771,0,0.00000000,0.00000000,0.00,0,0,-52.80,0.018,0.5390,0.4900,1.8130,1.9539,0.050964,0.140686,0.017700,0.988586,7.774,68.8,-1
1782706000.702,1743,394991,0,0.00000000,0.00000000,0.00,0,0,-52.82,-0.018,0.3920,1.1270,1.9600,2.2946,0.050964,0.140686,0.017639,0.988586,7.775,72.5,-1
1782706000.888,1744,395212,0,0.00000000,0.00000000,0.00,0,0,-52.78,-0.014,0.5880,0.3430,1.2250,1.4014,0.050964,0.140686,0.017639,0.988586,7.773,68.8,-1
1782706001.136,1745,395432,0,0.00000000,0.00000000,0.00,0,0,-52.81,0.084,-0.2450,1.0780,0.9800,1.4773,0.050964,0.140625,0.017639,0.988586,7.775,73.8,-1
1782706001.322,1746,395640,0,0.00000000,0.00000000,0.00,0,0,-52.69,0.736,0.0490,1.0290,1.0290,1.4561,0.050964,0.140625,0.017578,0.988586,7.771,77.5,-1
1782706001.570,1747,395860,0,0.00000000,0.00000000,0.00,0,0,-52.80,-0.408,-0.0490,0.7350,1.6170,1.7769,0.050964,0.140564,0.017578,0.988586,7.775,81.2,-1
1782706001.759,1748,396082,0,0.00000000,0.00000000,0.00,0,0,-52.87,-0.359,0.4410,0.3430,1.4700,1.5726,0.050964,0.140564,0.017578,0.988586,7.773,76.2,-1
1782706002.009,1749,396303,0,0.00000000,0.00000000,0.00,0,0,-52.78,-0.262,0.1960,0.5880,0.9310,1.1184,0.050964,0.140503,0.017578,0.988586,7.774,77.5,-1
1782706002.260,1750,396547,0,0.00000000,0.00000000,0.00,0,0,-52.78,-0.607,0.2940,0.4410,1.5190,1.6088,0.050964,0.140442,0.017578,0.988647,7.774,73.8,-1
1782706002.448,1751,396764,0,0.00000000,0.00000000,0.00,0,0,-52.81,-0.337,1.0290,0.1960,2.4500,2.6645,0.050964,0.140381,0.017578,0.988647,7.773,73.8,-1
1782706002.694,1752,396986,0,0.00000000,0.00000000,0.00,0,0,-52.70,0.138,0.2940,0.4410,1.3720,1.4708,0.050964,0.140381,0.017578,0.988647,7.773,68.8,-1
1782706002.881,1753,397207,0,0.00000000,0.00000000,0.00,0,0,-52.63,0.563,0.4900,0.4900,2.7440,2.8301,0.050964,0.140442,0.017578,0.988647,7.773,70.0,-1
1782706003.131,1754,397425,0,0.00000000,0.00000000,0.00,0,0,-52.68,-0.345,0.9800,0.5390,1.7150,2.0475,0.050964,0.140442,0.017639,0.988647,7.773,77.5,-1
1782706003.317,1755,397634,0,0.00000000,0.00000000,0.00,0,0,-52.76,-0.729,0.2450,0.7840,1.6660,1.8575,0.050964,0.140442,0.017700,0.988647,7.771,73.8,-1
1782706003.567,1756,397859,0,0.00000000,0.00000000,0.00,0,0,-52.76,-0.320,0.1960,0.9310,2.0090,2.2229,0.050964,0.140381,0.017700,0.988647,7.773,76.2,-1
1782706003.756,1757,398077,0,0.00000000,0.00000000,0.00,0,0,-52.85,-0.290,0.1470,0.6860,1.8130,1.9440,0.050964,0.140381,0.017700,0.988647,7.774,70.0,-1
1782706004.007,1758,398299,0,0.00000000,0.00000000,0.00,0,0,-52.85,-0.374,-0.1960,0.8330,1.2740,1.5347,0.050964,0.140381,0.017700,0.988647,7.775,76.2,-1
1782706004.192,1759,398516,0,0.00000000,0.00000000,0.00,0,0,-52.80,-0.027,1.2250,0.8330,2.7930,3.1615,0.050964,0.140442,0.017639,0.988647,7.774,76.2,-1
1782706004.440,1760,398729,0,0.00000000,0.00000000,0.00,0,0,-52.74,-0.054,0.6860,0.1960,1.8130,1.9483,0.050964,0.140503,0.017639,0.988586,7.774,75.0,-1
1782706004.624,1761,398950,0,0.00000000,0.00000000,0.00,0,0,-52.70,0.378,1.0290,0.8820,1.8620,2.3030,0.050964,0.140564,0.017639,0.988586,7.771,75.0,-1
1782706004.872,1762,399170,0,0.00000000,0.00000000,0.00,0,0,-52.86,-0.598,0.2940,0.4900,0.9310,1.0924,0.050964,0.140564,0.017639,0.988586,7.771,76.2,-1
1782706005.060,1763,399390,0,0.00000000,0.00000000,0.00,0,0,-52.75,0.289,-0.0980,1.2250,1.5680,1.9922,0.050964,0.140564,0.017700,0.988586,7.774,73.8,-1
1782706005.308,1764,399604,0,0.00000000,0.00000000,0.00,0,0,-52.84,-0.235,0.5390,0.3430,2.1070,2.2017,0.050964,0.140564,0.017639,0.988586,7.775,70.0,-1
1782706005.496,1765,399824,0,0.00000000,0.00000000,0.00,0,0,-52.81,-0.081,-0.2940,0.9310,1.1270,1.4911,0.050964,0.140564,0.017700,0.988586,7.778,75.0,-1
1782706005.748,1766,400044,0,0.00000000,0.00000000,0.00,0,0,-52.78,0.052,0.4900,0.3920,1.2250,1.3764,0.050964,0.140564,0.017700,0.988586,7.776,75.0,-1
1782706005.937,1767,400264,0,0.00000000,0.00000000,0.00,0,0,-52.70,0.269,0.7350,0.7840,1.7150,2.0239,0.050964,0.140564,0.017700,0.988586,7.778,73.8,-1
1782706006.186,1768,400483,0,0.00000000,0.00000000,0.00,0,0,-52.73,-0.053,0.5390,0.3920,2.1560,2.2567,0.050964,0.140625,0.017639,0.988586,7.775,75.0,-1
1782706006.373,1769,400695,0,0.00000000,0.00000000,0.00,0,0,-52.80,-0.376,0.8330,0.9800,1.8620,2.2630,0.050964,0.140625,0.017639,0.988586,7.775,75.0,-1
1782706006.622,1770,400911,0,0.00000000,0.00000000,0.00,0,0,-52.72,-0.181,-0.0490,0.8330,1.2250,1.4822,0.050964,0.140625,0.017639,0.988586,7.773,78.8,-1
1782706006.808,1771,401135,0,0.00000000,0.00000000,0.00,0,0,-52.79,-0.126,0.4410,0.4900,1.7150,1.8373,0.050964,0.140625,0.017639,0.988586,7.775,70.0,-1
1782706007.057,1772,401353,0,0.00000000,0.00000000,0.00,0,0,-52.84,-0.433,0.1960,0.5390,1.6660,1.7620,0.050964,0.140625,0.017578,0.988586,7.774,77.5,-1
1782706007.243,1773,401567,0,0.00000000,0.00000000,0.00,0,0,-52.72,0.492,0.0000,0.2450,2.0580,2.0725,0.050964,0.140625,0.017578,0.988586,7.775,73.8,-1
1782706007.493,1774,401784,0,0.00000000,0.00000000,0.00,0,0,-52.74,-0.024,0.1960,0.6860,1.6660,1.8123,0.050964,0.140625,0.017578,0.988586,7.775,76.2,-1
1782706007.680,1775,402007,0,0.00000000,0.00000000,0.00,0,0,-52.77,-0.027,0.1470,0.6860,1.2740,1.4544,0.050964,0.140625,0.017578,0.988586,7.774,71.2,-1
1782706007.928,1776,402226,0,0.00000000,0.00000000,0.00,0,0,-52.75,0.291,0.5390,0.8330,1.4210,1.7331,0.050964,0.140625,0.017578,0.988586,7.773,73.8,-1
1782706008.114,1777,402447,0,0.00000000,0.00000000,0.00,0,0,-52.71,0.001,0.1470,0.8820,1.7640,1.9777,0.050964,0.140625,0.017578,0.988586,7.776,70.0,-1
1782706008.362,1778,402659,0,0.00000000,0.00000000,0.00,0,0,-52.86,-0.286,-0.1470,1.2250,0.3920,1.2946,0.050964,0.140625,0.017578,0.988586,7.776,73.8,-1
1782706008.548,1779,402874,0,0.00000000,0.00000000,0.00,0,0,-52.87,-0.140,0.1960,0.0490,1.6660,1.6782,0.050964,0.140625,0.017578,0.988586,7.774,72.5,-1
1782706008.796,1780,403096,0,0.00000000,0.00000000,0.00,0,0,-52.77,0.262,0.3920,0.7840,2.0090,2.1919,0.050964,0.140625,0.017578,0.988586,7.775,77.5,-1
1782706008.983,1781,403319,0,0.00000000,0.00000000,0.00,0,0,-52.81,-0.243,0.7840,0.8820,1.5190,1.9235,0.050964,0.140564,0.017578,0.988586,7.775,73.8,-1
1782706009.231,1782,403564,0,0.00000000,0.00000000,0.00,0,0,-52.74,0.002,1.2740,-0.1960,3.1850,3.4359,0.050964,0.140564,0.017639,0.988586,7.775,75.0,-1
1782706009.480,1783,403782,0,0.00000000,0.00000000,0.00,0,0,-52.69,0.252,0.5390,0.7350,0.1960,0.9323,0.050964,0.140625,0.017761,0.988586,7.775,72.5,-1
1782706009.667,1784,403999,0,0.00000000,0.00000000,0.00,0,0,-52.74,-0.052,0.8330,0.3920,1.0780,1.4176,0.050964,0.140686,0.017700,0.988586,7.773,75.0,-1
1782706009.915,1785,404220,0,0.00000000,0.00000000,0.00,0,0,-52.66,0.526,-0.9310,0.5880,0.9310,1.4420,0.050964,0.140686,0.017700,0.988586,7.775,75.0,-1
1782706010.163,1786,404442,0,0.00000000,0.00000000,0.00,0,0,-52.68,0.209,0.4410,0.5390,0.9800,1.2022,0.050964,0.140686,0.017639,0.988586,7.774,71.2,-1
1782706010.353,1787,404651,0,0.00000000,0.00000000,0.00,0,0,-52.73,-0.346,0.3430,0.4900,1.4210,1.5417,0.050964,0.140686,0.017639,0.988586,7.775,70.0,-1
1782706010.538,1788,404874,0,0.00000000,0.00000000,0.00,0,0,-52.74,0.230,0.2450,0.9800,1.2250,1.5878,0.050964,0.140686,0.017639,0.988586,7.776,67.5,-1
1782706010.789,1789,405095,0,0.00000000,0.00000000,0.00,0,0,-52.84,-0.678,0.0980,1.1270,0.3920,1.1972,0.050964,0.140686,0.017700,0.988586,7.775,67.5,-1
1782706010.977,1790,405314,0,0.00000000,0.00000000,0.00,0,0,-52.79,0.010,0.9800,0.2450,1.8130,2.0754,0.050964,0.140686,0.017700,0.988586,7.776,67.5,-1
1782706011.224,1791,405556,0,0.00000000,0.00000000,0.00,0,0,-52.71,0.294,-0.4410,2.0090,0.0980,2.0592,0.050964,0.140686,0.017700,0.988586,7.778,68.8,-1
1782706011.474,1792,405775,0,0.00000000,0.00000000,0.00,0,0,-52.73,0.360,-0.3430,1.1270,0.2450,1.2032,0.050964,0.140686,0.017761,0.988586,7.776,67.5,-1
1782706011.659,1793,405995,0,0.00000000,0.00000000,0.00,0,0,-52.73,-0.005,0.0000,1.6170,0.3430,1.6530,0.050964,0.140625,0.017822,0.988586,7.778,65.0,-1
1782706011.910,1794,406216,0,0.00000000,0.00000000,0.00,0,0,-52.84,-0.579,0.6860,0.4410,1.7150,1.8990,0.050964,0.140625,0.017822,0.988586,7.778,67.5,-1
1782706012.097,1795,406435,0,0.00000000,0.00000000,0.00,0,0,-52.81,-0.339,0.8820,0.1470,2.0090,2.1990,0.050964,0.140686,0.017883,0.988586,7.775,68.8,-1
1782706012.343,1796,406648,0,0.00000000,0.00000000,0.00,0,0,-52.78,-0.008,0.3920,0.8330,1.0780,1.4176,0.050964,0.140686,0.017822,0.988586,7.775,73.8,-1
1782706012.530,1797,406867,0,0.00000000,0.00000000,0.00,0,0,-52.71,0.395,-0.0980,0.9800,1.2250,1.5718,0.050964,0.140625,0.017761,0.988586,7.775,72.5,-1
1782706012.781,1798,407088,0,0.00000000,0.00000000,0.00,0,0,-52.69,0.370,0.4410,0.3920,1.5190,1.6296,0.050964,0.140625,0.017700,0.988586,7.775,72.5,-1
1782706013.029,1799,407308,0,0.00000000,0.00000000,0.00,0,0,-52.66,0.343,0.5880,0.3430,1.3720,1.5316,0.050964,0.140625,0.017639,0.988586,7.775,72.5,-1
1782706013.215,1800,407552,0,0.00000000,0.00000000,0.00,0,0,-52.64,0.399,0.2940,0.3920,1.4700,1.5495,0.050964,0.140625,0.017639,0.988586,7.776,71.2,-1
1782706013.464,1801,407767,0,0.00000000,0.00000000,0.00,0,0,-52.74,0.004,-0.5390,2.2540,0.2940,2.3361,0.050964,0.140686,0.017639,0.988586,7.775,68.8,-1
1782706013.713,1802,407991,0,0.00000000,0.00000000,0.00,0,0,-52.69,0.202,-0.3920,1.3230,0.4410,1.4486,0.050964,0.140686,0.017578,0.988586,7.775,71.2,-1
1782706013.899,1803,408210,0,0.00000000,0.00000000,0.00,0,0,-52.86,-0.625,0.6370,-0.0490,2.1070,2.2017,0.050964,0.140686,0.017578,0.988586,7.774,72.5,-1
1782706014.148,1804,408431,0,0.00000000,0.00000000,0.00,0,0,-52.75,0.156,0.2450,0.3920,1.3230,1.4014,0.050964,0.140625,0.017578,0.988586,7.771,70.0,-1
1782706014.337,1805,408643,0,0.00000000,0.00000000,0.00,0,0,-52.75,-0.170,0.1960,0.6860,1.6170,1.7674,0.050964,0.140564,0.017639,0.988586,7.778,73.8,-1
1782706014.525,1806,408859,0,0.00000000,0.00000000,0.00,0,0,-52.85,-0.331,-0.0980,1.2250,1.0780,1.6347,0.050964,0.140503,0.017700,0.988586,7.775,75.0,-1
1782706014.774,1807,409082,0,0.00000000,0.00000000,0.00,0,0,-52.77,0.239,-0.0980,1.2740,1.4700,1.9477,0.050964,0.140564,0.017761,0.988586,7.775,70.0,-1
1782706015.023,1808,409301,0,0.00000000,0.00000000,0.00,0,0,-52.74,0.119,0.9800,0.1960,2.5480,2.7370,0.050964,0.140564,0.017700,0.988586,7.775,70.0,-1
1782706015.210,1809,409546,0,0.00000000,0.00000000,0.00,0,0,-52.72,0.418,0.1960,0.2450,1.7640,1.7917,0.050964,0.140625,0.017700,0.988586,7.778,71.2,-1
1782706015.460,1810,409766,0,0.00000000,0.00000000,0.00,0,0,-52.73,0.134,0.8820,1.0290,1.8130,2.2636,0.050964,0.140625,0.017639,0.988586,7.776,68.8,-1
1782706015.648,1811,409984,0,0.00000000,0.00000000,0.00,0,0,-52.80,-0.337,-0.2940,0.6860,0.9310,1.1932,0.050964,0.140625,0.017639,0.988586,7.775,70.0,-1
1782706015.896,1812,410204,0,0.00000000,0.00000000,0.00,0,0,-52.72,-0.087,0.0980,0.9800,1.7150,1.9777,0.050964,0.140625,0.017578,0.988586,7.775,70.0,-1
1782706016.146,1813,410426,0,0.00000000,0.00000000,0.00,0,0,-52.71,0.045,0.9310,0.2940,1.4700,1.7647,0.050964,0.140564,0.017578,0.988586,7.776,70.0,-1
1782706016.333,1814,410635,0,0.00000000,0.00000000,0.00,0,0,-52.73,0.233,0.3920,0.2450,1.3230,1.4014,0.050964,0.140564,0.017578,0.988586,7.776,70.0,-1
1782706016.519,1815,410856,0,0.00000000,0.00000000,0.00,0,0,-52.68,0.072,-0.1470,0.8330,1.2250,1.4887,0.050964,0.140564,0.017578,0.988586,7.778,72.5,-1
1782706016.770,1816,411077,0,0.00000000,0.00000000,0.00,0,0,-52.75,0.010,-0.0490,0.9310,1.1760,1.5007,0.050964,0.140625,0.017578,0.988586,7.776,70.0,-1
1782706017.019,1817,411297,0,0.00000000,0.00000000,0.00,0,0,-52.68,0.306,0.9800,0.0980,1.7640,2.0203,0.050964,0.140625,0.017639,0.988586,7.775,70.0,-1
1782706017.205,1818,411518,0,0.00000000,0.00000000,0.00,0,0,-52.80,-0.413,0.2450,0.1470,1.7640,1.7870,0.050964,0.140625,0.017639,0.988586,7.773,78.8,-1
1782706017.455,1819,411731,0,0.00000000,0.00000000,0.00,0,0,-52.72,0.291,0.1960,0.9310,1.6660,1.9185,0.050964,0.140625,0.017700,0.988586,7.776,70.0,-1
1782706017.641,1820,411945,0,0.00000000,0.00000000,0.00,0,0,-52.70,0.176,0.0980,0.3430,1.8130,1.8478,0.050964,0.140686,0.017700,0.988586,7.773,73.8,-1
1782706017.888,1821,412169,0,0.00000000,0.00000000,0.00,0,0,-52.71,-0.188,0.4410,0.6370,1.6660,1.8373,0.050964,0.140686,0.017639,0.988586,7.774,73.8,-1
1782706018.075,1822,412390,0,0.00000000,0.00000000,0.00,0,0,-52.74,-0.088,0.1470,0.5390,1.4700,1.5726,0.050964,0.140686,0.017639,0.988586,7.775,73.8,-1
1782706018.322,1823,412602,0,0.00000000,0.00000000,0.00,0,0,-52.83,-0.315,0.0980,1.1270,1.3230,1.7407,0.050964,0.140686,0.017639,0.988586,7.775,75.0,-1
1782706018.509,1824,412820,0,0.00000000,0.00000000,0.00,0,0,-52.73,0.657,0.0490,1.3720,1.3230,1.9066,0.050964,0.140686,0.017639,0.988586,7.773,77.5,-1
1782706018.760,1825,413041,0,0.00000000,0.00000000,0.00,0,0,-52.74,-0.211,-0.5390,1.4700,0.9800,1.8471,0.050964,0.140686,0.017578,0.988586,7.773,72.5,-1
1782706018.946,1826,413262,0,0.00000000,0.00000000,0.00,0,0,-52.61,0.654,0.4410,0.4410,1.9110,2.0102,0.050964,0.140686,0.017578,0.988586,7.773,73.8,-1
1782706019.195,1827,413481,0,0.00000000,0.00000000,0.00,0,0,-52.56,0.676,0.7350,1.1760,2.1560,2.5635,0.050964,0.140686,0.017639,0.988586,7.773,76.2,-1
1782706019.383,1828,413690,0,0.00000000,0.00000000,0.00,0,0,-52.69,0.164,0.2450,0.4900,1.4700,1.5688,0.050903,0.140625,0.017700,0.988586,7.771,72.5,-1
1782706019.632,1829,413913,0,0.00000000,0.00000000,0.00,0,0,-52.68,0.041,0.0980,0.0980,1.9600,1.9649,0.050964,0.140686,0.017822,0.988586,7.776,73.8,-1
1782706019.822,1830,414134,0,0.00000000,0.00000000,0.00,0,0,-52.69,0.181,0.3430,0.0000,1.6660,1.7009,0.050842,0.140808,0.017761,0.988586,7.775,72.5,-1
1782706020.069,1831,414351,0,0.00000000,0.00000000,0.00,0,0,-52.78,-0.534,0.1470,0.6860,0.6860,0.9812,0.050842,0.140747,0.017761,0.988586,7.774,75.0,-1
1782706020.257,1832,414566,0,0.00000000,0.00000000,0.00,0,0,-52.64,0.709,0.4900,-0.3920,2.1560,2.2455,0.050842,0.140747,0.017700,0.988586,7.775,70.0,-1
1782706020.505,1833,414784,0,0.00000000,0.00000000,0.00,0,0,-52.74,-0.210,0.2940,0.6860,1.5680,1.7366,0.050842,0.140747,0.017761,0.988586,7.774,77.5,-1
1782706020.692,1834,415005,0,0.00000000,0.00000000,0.00,0,0,-52.73,-0.043,0.4900,1.1760,2.3030,2.6319,0.050842,0.140747,0.017700,0.988586,7.775,76.2,-1
1782706020.940,1835,415224,0,0.00000000,0.00000000,0.00,0,0,-52.69,0.123,-0.2450,0.6370,0.8820,1.1152,0.050842,0.140686,0.017639,0.988586,7.775,78.8,-1
1782706021.127,1836,415447,0,0.00000000,0.00000000,0.00,0,0,-52.77,-0.229,0.1470,0.5390,1.9600,2.0381,0.050842,0.140686,0.017639,0.988586,7.771,75.0,-1
1782706021.378,1837,415657,0,0.00000000,0.00000000,0.00,0,0,-52.83,-0.317,0.2450,0.4900,2.1070,2.1771,0.050842,0.140625,0.017639,0.988586,7.778,72.5,-1
1782706021.565,1838,415876,0,0.00000000,0.00000000,0.00,0,0,-52.83,-0.104,0.3920,0.6860,1.4210,1.6259,0.050842,0.140625,0.017639,0.988586,7.775,71.2,-1
1782706021.813,1839,416097,0,0.00000000,0.00000000,0.00,0,0,-52.81,-0.244,0.0980,1.1270,0.9800,1.4967,0.050842,0.140625,0.017578,0.988586,7.775,72.5,-1
1782706021.997,1840,416318,0,0.00000000,0.00000000,0.00,0,0,-52.60,0.617,0.3920,-0.4410,2.3520,2.4249,0.050842,0.140625,0.017578,0.988586,7.773,73.8,-1
1782706022.250,1841,416562,0,0.00000000,0.00000000,0.00,0,0,-52.74,-0.507,0.1470,0.5880,1.1760,1.3230,0.050842,0.140625,0.017578,0.988586,7.774,72.5,-1
1782706022.500,1842,416776,0,0.00000000,0.00000000,0.00,0,0,-52.88,-0.367,0.4410,0.7350,1.3720,1.6177,0.050842,0.140503,0.017578,0.988647,7.775,72.5,-1
1782706022.688,1843,417000,0,0.00000000,0.00000000,0.00,0,0,-52.70,0.334,0.0980,0.9800,2.5970,2.7775,0.050842,0.140442,0.017578,0.988647,7.774,73.8,-1
1782706022.936,1844,417219,0,0.00000000,0.00000000,0.00,0,0,-52.73,0.058,0.8330,0.3920,1.7150,1.9465,0.050842,0.140442,0.017578,0.988647,7.771,76.2,-1
1782706023.124,1845,417437,0,0.00000000,0.00000000,0.00,0,0,-52.77,-0.537,-0.0490,0.5880,1.6170,1.7213,0.050842,0.140503,0.017578,0.988647,7.775,80.0,-1
1782706023.370,1846,417650,0,0.00000000,0.00000000,0.00,0,0,-52.86,-0.722,0.5390,0.8330,1.2250,1.5764,0.050842,0.140503,0.017578,0.988647,7.775,75.0,-1
1782706023.560,1847,417870,0,0.00000000,0.00000000,0.00,0,0,-52.70,0.494,0.4900,-0.5390,1.1270,1.3419,0.050842,0.140564,0.017578,0.988586,7.771,75.0,-1
1782706023.810,1848,418091,0,0.00000000,0.00000000,0.00,0,0,-52.77,-0.322,0.1470,0.4410,1.3230,1.4023,0.050842,0.140564,0.017578,0.988586,7.775,71.2,-1
1782706023.997,1849,418312,0,0.00000000,0.00000000,0.00,0,0,-52.78,-0.199,0.5880,0.4900,1.6170,1.7890,0.050842,0.140564,0.017578,0.988586,7.775,75.0,-1
1782706024.246,1850,418554,0,0.00000000,0.00000000,0.00,0,0,-52.82,0.189,0.2940,0.4900,1.4700,1.5772,0.050842,0.140564,0.017578,0.988586,7.771,73.8,-1
1782706024.496,1851,418774,0,0.00000000,0.00000000,0.00,0,0,-52.79,0.263,0.7350,0.4900,2.6950,2.8361,0.050842,0.140564,0.017578,0.988586,7.774,70.0,-1
1782706024.682,1852,418994,0,0.00000000,0.00000000,0.00,0,0,-52.67,0.697,0.0980,0.7350,2.1070,2.2337,0.050842,0.140564,0.017578,0.988586,7.773,71.2,-1
1782706024.928,1853,419213,0,0.00000000,0.00000000,0.00,0,0,-52.82,-0.346,0.3430,0.4410,1.4210,1.5269,0.050842,0.140564,0.017578,0.988586,7.771,73.8,-1
1782706025.116,1854,419430,0,0.00000000,0.00000000,0.00,0,0,-52.74,0.365,0.3920,0.5390,1.2250,1.3946,0.050842,0.140564,0.017578,0.988586,7.774,73.8,-1
1782706025.365,1855,419644,0,0.00000000,0.00000000,0.00,0,0,-52.72,0.155,0.0490,0.7840,2.0580,2.2028,0.050842,0.140625,0.017578,0.988586,7.773,76.2,-1
1782706025.551,1856,419865,0,0.00000000,0.00000000,0.00,0,0,-52.86,-0.864,0.0980,0.0490,1.8620,1.8652,0.050842,0.140625,0.017578,0.988586,7.775,73.8,-1
1782706025.802,1857,420087,0,0.00000000,0.00000000,0.00,0,0,-52.80,0.083,0.3920,1.0290,1.6660,1.9970,0.050842,0.140625,0.017578,0.988586,7.773,70.0,-1
1782706025.988,1858,420305,0,0.00000000,0.00000000,0.00,0,0,-52.82,-0.103,0.2940,0.2450,1.7640,1.8050,0.050842,0.140625,0.017578,0.988586,7.774,72.5,-1
1782706026.238,1859,420550,0,0.00000000,0.00000000,0.00,0,0,-52.77,0.041,0.2450,0.1960,1.8620,1.8882,0.050842,0.140625,0.017578,0.988586,7.773,73.8,-1
1782706026.487,1860,420771,0,0.00000000,0.00000000,0.00,0,0,-52.69,0.504,0.1470,0.7840,2.0090,2.1616,0.050842,0.140625,0.017578,0.988586,7.773,72.5,-1
1782706026.676,1861,420985,0,0.00000000,0.00000000,0.00,0,0,-52.82,0.144,0.3920,0.2940,1.3720,1.4569,0.050842,0.140625,0.017578,0.988586,7.771,75.0,-1
1782706026.926,1862,421205,0,0.00000000,0.00000000,0.00,0,0,-52.78,0.094,0.5390,0.0490,1.9600,2.0334,0.050842,0.140686,0.017578,0.988586,7.775,75.0,-1
1782706027.115,1863,421428,0,0.00000000,0.00000000,0.00,0,0,-52.82,-0.505,0.1470,0.7350,1.4700,1.6501,0.050842,0.140686,0.017578,0.988586,7.774,73.8,-1
1782706027.305,1864,421639,0,0.00000000,0.00000000,0.00,0,0,-52.85,-0.283,0.9800,-0.3920,2.2540,2.4889,0.050842,0.140686,0.017517,0.988586,7.775,77.5,-1
1782706027.553,1865,421860,0,0.00000000,0.00000000,0.00,0,0,-52.77,0.660,0.0980,0.9800,1.2250,1.5718,0.050842,0.140686,0.017517,0.988586,7.775,77.5,-1
1782706027.802,1866,422080,0,0.00000000,0.00000000,0.00,0,0,-52.84,-0.172,-0.3430,0.5390,1.2250,1.3816,0.050842,0.140686,0.017517,0.988586,7.775,78.8,-1
1782706027.989,1867,422299,0,0.00000000,0.00000000,0.00,0,0,-52.75,0.457,1.0780,1.3720,2.8420,3.3349,0.050842,0.140625,0.017517,0.988586,7.773,78.8,-1
1782706028.237,1868,422519,0,0.00000000,0.00000000,0.00,0,0,-52.78,0.137,0.0980,0.5390,1.5680,1.6609,0.050842,0.140625,0.017517,0.988586,7.769,83.8,-1
1782706028.425,1869,422731,0,0.00000000,0.00000000,0.00,0,0,-52.86,-0.390,0.6860,0.5390,1.7150,1.9241,0.050842,0.140625,0.017578,0.988586,7.778,72.5,-1
1782706028.673,1870,422952,0,0.00000000,0.00000000,0.00,0,0,-52.82,0.256,0.1960,0.3430,1.3720,1.4277,0.050842,0.140625,0.017578,0.988586,7.775,72.5,-1
1782706028.860,1871,423173,0,0.00000000,0.00000000,0.00,0,0,-52.77,0.144,0.1960,0.7840,1.6170,1.8077,0.050842,0.140625,0.017578,0.988586,7.776,72.5,-1
1782706029.113,1872,423393,0,0.00000000,0.00000000,0.00,0,0,-52.83,-0.317,0.0980,0.8820,2.1070,2.2863,0.050842,0.140625,0.017578,0.988586,7.774,72.5,-1
1782706029.299,1873,423605,0,0.00000000,0.00000000,0.00,0,0,-52.80,0.070,0.1960,0.8330,0.5390,1.0113,0.050842,0.140625,0.017578,0.988586,7.775,75.0,-1
1782706029.487,1874,423823,0,0.00000000,0.00000000,0.00,0,0,-52.81,0.254,-0.3430,1.6170,0.7840,1.8295,0.050842,0.140625,0.017578,0.988586,7.774,77.5,-1
1782706029.737,1875,424045,0,0.00000000,0.00000000,0.00,0,0,-52.85,-0.503,0.0980,0.4900,1.0780,1.1882,0.050842,0.140625,0.017517,0.988586,7.776,73.8,-1
1782706029.990,1876,424265,0,0.00000000,0.00000000,0.00,0,0,-52.79,-0.026,0.7840,-0.3430,1.0290,1.3383,0.050842,0.140625,0.017578,0.988586,7.776,76.2,-1
1782706030.176,1877,424486,0,0.00000000,0.00000000,0.00,0,0,-52.82,-0.019,0.4900,0.5390,2.4010,2.5091,0.050842,0.140625,0.017578,0.988586,7.775,75.0,-1
1782706030.363,1878,424695,0,0.00000000,0.00000000,0.00,0,0,-52.83,0.202,0.1470,0.6860,1.3720,1.5410,0.050842,0.140625,0.017578,0.988586,7.774,70.0,-1
1782706030.614,1879,424917,0,0.00000000,0.00000000,0.00,0,0,-52.86,0.414,0.6860,0.3430,1.2740,1.4871,0.050842,0.140625,0.017578,0.988586,7.776,73.8,-1
1782706030.800,1880,425132,0,0.00000000,0.00000000,0.00,0,0,-52.77,0.678,0.0490,0.4900,0.8820,1.0102,0.050842,0.140625,0.017578,0.988586,7.773,76.2,-1
1782706031.049,1881,425346,0,0.00000000,0.00000000,0.00,0,0,-52.71,0.222,1.9110,-0.1960,3.2340,3.7615,0.050842,0.140625,0.017578,0.988586,7.773,75.0,-1
1782706031.234,1882,425562,0,0.00000000,0.00000000,0.00,0,0,-52.89,-0.833,0.3920,0.2940,1.1760,1.2740,0.050842,0.140625,0.017578,0.988586,7.773,75.0,-1
1782706031.484,1883,425776,0,0.00000000,0.00000000,0.00,0,0,-52.88,-0.446,0.2940,0.9800,2.0580,2.2983,0.050842,0.140625,0.017578,0.988586,7.774,70.0,-1
1782706031.670,1884,425996,0,0.00000000,0.00000000,0.00,0,0,-52.77,0.296,0.4410,0.3920,1.8130,1.9066,0.050842,0.140625,0.017578,0.988586,7.775,72.5,-1
1782706031.920,1885,426219,0,0.00000000,0.00000000,0.00,0,0,-52.79,-0.180,0.1960,0.6860,1.5190,1.6782,0.050842,0.140625,0.017578,0.988586,7.774,76.2,-1
1782706032.108,1886,426439,0,0.00000000,0.00000000,0.00,0,0,-52.83,-0.080,0.2940,0.5880,1.8620,1.9746,0.050842,0.140625,0.017578,0.988586,7.773,75.0,-1
1782706032.357,1887,426653,0,0.00000000,0.00000000,0.00,0,0,-52.78,0.018,-0.1960,0.7350,1.2250,1.4420,0.050842,0.140625,0.017639,0.988586,7.775,75.0,-1
1782706032.544,1888,426872,0,0.00000000,0.00000000,0.00,0,0,-52.78,0.044,1.4700,0.0490,2.4500,2.8576,0.050842,0.140625,0.017639,0.988586,7.775,71.2,-1
1782706032.795,1889,427090,0,0.00000000,0.00000000,0.00,0,0,-52.70,0.336,0.8820,-0.1470,2.4500,2.6081,0.050842,0.140564,0.017639,0.988586,7.775,73.8,-1
1782706032.983,1890,427311,0,0.00000000,0.00000000,0.00,0,0,-52.73,-0.083,0.5880,0.4410,1.7150,1.8659,0.050842,0.140564,0.017578,0.988586,7.775,75.0,-1
1782706033.231,1891,427554,0,0.00000000,0.00000000,0.00,0,0,-52.75,0.104,0.5880,0.1470,2.0580,2.1454,0.050842,0.140564,0.017578,0.988586,7.774,73.8,-1
1782706033.479,1892,427769,0,0.00000000,0.00000000,0.00,0,0,-52.81,-0.395,0.3920,0.4410,1.4700,1.5840,0.050842,0.140564,0.017578,0.988586,7.773,76.2,-1
1782706033.668,1893,427993,0,0.00000000,0.00000000,0.00,0,0,-52.87,-0.748,0.5880,0.0000,2.1070,2.1875,0.050842,0.140564,0.017578,0.988586,7.773,73.8,-1
1782706033.919,1894,428214,0,0.00000000,0.00000000,0.00,0,0,-52.71,0.437,-0.5880,1.9110,1.2740,2.3708,0.050842,0.140625,0.017578,0.988586,7.775,71.2,-1
1782706034.105,1895,428434,0,0.00000000,0.00000000,0.00,0,0,-52.80,-0.529,0.2940,0.2940,1.4210,1.4806,0.050842,0.140625,0.017578,0.988586,7.774,71.2,-1
1782706034.356,1896,428648,0,0.00000000,0.00000000,0.00,0,0,-52.81,-0.316,0.3430,0.3430,1.4210,1.5015,0.050842,0.140625,0.017578,0.988586,7.778,72.5,-1
1782706034.544,1897,428866,0,0.00000000,0.00000000,0.00,0,0,-52.74,0.354,0.5880,0.5390,2.2540,2.3910,0.050842,0.140625,0.017578,0.988586,7.776,70.0,-1
1782706034.795,1898,429086,0,0.00000000,0.00000000,0.00,0,0,-52.78,-0.274,0.2940,0.8330,2.0580,2.2396,0.050842,0.140625,0.017578,0.988586,7.776,70.0,-1
1782706034.980,1899,429304,0,0.00000000,0.00000000,0.00,0,0,-52.74,0.030,0.7840,0.4900,1.5680,1.8203,0.050842,0.140625,0.017578,0.988586,7.775,73.8,-1
1782706035.229,1900,429544,0,0.00000000,0.00000000,0.00,0,0,-52.81,-0.245,0.1960,0.8330,2.1070,2.2741,0.050842,0.140625,0.017578,0.988586,7.773,77.5,-1
1782706035.478,1901,429764,0,0.00000000,0.00000000,0.00,0,0,-52.80,0.087,-0.2450,0.6860,1.0290,1.2607,0.050842,0.140625,0.017578,0.988586,7.776,76.2,-1
1782706035.666,1902,429986,0,0.00000000,0.00000000,0.00,0,0,-52.67,0.834,0.0000,0.6370,1.2740,1.4244,0.050842,0.140625,0.017578,0.988586,7.775,70.0,-1
1782706035.916,1903,430208,0,0.00000000,0.00000000,0.00,0,0,-52.78,-0.058,-0.1470,0.7350,1.4210,1.6066,0.050842,0.140625,0.017578,0.988586,7.775,70.0,-1
1782706036.101,1904,430428,0,0.00000000,0.00000000,0.00,0,0,-52.72,-0.078,0.2450,0.3430,1.1270,1.2032,0.050842,0.140564,0.017578,0.988586,7.775,72.5,-1
1782706036.351,1905,430639,0,0.00000000,0.00000000,0.00,0,0,-52.86,-1.128,0.2450,0.8330,2.4990,2.6455,0.050842,0.140564,0.017578,0.988586,7.774,72.5,-1
1782706036.539,1906,430858,0,0.00000000,0.00000000,0.00,0,0,-52.82,-0.338,-0.2940,1.9600,0.8820,2.1693,0.050842,0.140564,0.017578,0.988586,7.774,73.8,-1
1782706036.789,1907,431079,0,0.00000000,0.00000000,0.00,0,0,-52.71,0.455,0.2450,0.5390,1.9600,2.0475,0.050842,0.140625,0.017578,0.988586,7.774,72.5,-1
1782706036.977,1908,431301,0,0.00000000,0.00000000,0.00,0,0,-52.71,0.059,-0.5880,1.2740,-0.0980,1.4066,0.050842,0.140625,0.017578,0.988586,7.775,71.2,-1
1782706037.226,1909,431545,0,0.00000000,0.00000000,0.00,0,0,-52.72,-0.114,0.2450,0.6370,1.0780,1.2759,0.050842,0.140625,0.017578,0.988586,7.775,72.5,-1
1782706037.477,1910,431760,0,0.00000000,0.00000000,0.00,0,0,-52.82,-0.203,0.4410,0.3920,0.8820,1.0612,0.050842,0.140625,0.017578,0.988586,7.775,75.0,-1
1782706037.663,1911,431980,0,0.00000000,0.00000000,0.00,0,0,-52.69,0.574,-0.0980,1.7640,0.8330,1.9533,0.050842,0.140625,0.017639,0.988586,7.774,77.5,-1
1782706037.911,1912,432202,0,0.00000000,0.00000000,0.00,0,0,-52.80,-0.123,0.4410,0.6860,1.6170,1.8110,0.050842,0.140625,0.017578,0.988586,7.775,71.2,-1
1782706038.099,1913,432423,0,0.00000000,0.00000000,0.00,0,0,-52.89,-0.178,-0.5390,2.2540,0.2450,2.3305,0.050842,0.140625,0.017578,0.988586,7.776,75.0,-1
1782706038.348,1914,432631,0,0.00000000,0.00000000,0.00,0,0,-52.91,-0.276,1.0780,0.6370,2.7440,3.0162,0.050842,0.140625,0.017578,0.988586,7.775,72.5,-1
1782706038.533,1915,432851,0,0.00000000,0.00000000,0.00,0,0,-52.87,-0.178,0.2940,0.9310,1.3720,1.6839,0.050842,0.140625,0.017578,0.988586,7.775,73.8,-1
1782706038.784,1916,433074,0,0.00000000,0.00000000,0.00,0,0,-52.72,0.883,0.0000,0.7840,1.3230,1.5379,0.050842,0.140625,0.017578,0.988586,7.776,72.5,-1
1782706038.971,1917,433293,0,0.00000000,0.00000000,0.00,0,0,-52.79,0.019,-0.0980,1.0290,1.3230,1.6789,0.050842,0.140564,0.017578,0.988586,7.776,72.5,-1
1782706039.220,1918,433514,0,0.00000000,0.00000000,0.00,0,0,-52.77,0.318,0.4410,0.7840,1.0290,1.3667,0.050842,0.140564,0.017578,0.988586,7.771,78.8,-1
1782706039.409,1919,433727,0,0.00000000,0.00000000,0.00,0,0,-52.76,0.019,0.1960,0.6860,2.0090,2.1319,0.050842,0.140564,0.017578,0.988586,7.775,73.8,-1
1782706039.658,1920,433944,0,0.00000000,0.00000000,0.00,0,0,-52.78,-0.261,0.4900,0.9800,1.3720,1.7558,0.050842,0.140564,0.017578,0.988586,7.773,73.8,-1
1782706039.846,1921,434167,0,0.00000000,0.00000000,0.00,0,0,-52.83,-0.186,0.3430,0.3430,1.7150,1.7823,0.050842,0.140625,0.017578,0.988586,7.775,72.5,-1
1782706040.094,1922,434388,0,0.00000000,0.00000000,0.00,0,0,-52.68,0.138,0.2450,0.7840,1.6170,1.8137,0.050842,0.140564,0.017578,0.988586,7.774,72.5,-1
1782706040.280,1923,434600,0,0.00000000,0.00000000,0.00,0,0,-52.69,0.149,0.9310,0.5390,1.5190,1.8614,0.050842,0.140564,0.017578,0.988586,7.776,66.2,-1
1782706040.530,1924,434816,0,0.00000000,0.00000000,0.00,0,0,-52.82,-0.416,1.2740,0.5390,2.3520,2.7286,0.050842,0.140564,0.017578,0.988586,7.773,72.5,-1
1782706040.717,1925,435040,0,0.00000000,0.00000000,0.00,0,0,-52.71,0.318,0.6860,0.6860,2.4010,2.5896,0.050842,0.140564,0.017578,0.988586,7.774,68.8,-1
1782706040.968,1926,435260,0,0.00000000,0.00000000,0.00,0,0,-52.67,0.558,0.8820,1.2250,1.0290,1.8269,0.050842,0.140564,0.017578,0.988586,7.776,70.0,-1
1782706041.155,1927,435478,0,0.00000000,0.00000000,0.00,0,0,-52.76,0.190,-0.0490,0.4410,1.6660,1.7241,0.050842,0.140625,0.017578,0.988586,7.775,72.5,-1
1782706041.405,1928,435691,0,0.00000000,0.00000000,0.00,0,0,-52.76,0.153,0.6860,0.5880,1.2740,1.5619,0.050842,0.140625,0.017578,0.988586,7.775,72.5,-1
1782706041.589,1929,435910,0,0.00000000,0.00000000,0.00,0,0,-52.76,0.057,0.3430,0.2940,1.1270,1.2142,0.050842,0.140625,0.017578,0.988586,7.775,75.0,-1
1782706041.839,1930,436131,0,0.00000000,0.00000000,0.00,0,0,-52.66,0.318,0.1470,1.3230,2.1070,2.4923,0.050842,0.140625,0.017578,0.988586,7.776,72.5,-1
1782706042.025,1931,436349,0,0.00000000,0.00000000,0.00,0,0,-52.70,0.196,0.4410,1.4700,2.3520,2.8084,0.050842,0.140625,0.017578,0.988586,7.774,77.5,-1
1782706042.274,1932,436568,0,0.00000000,0.00000000,0.00,0,0,-52.63,0.898,1.0290,0.7840,2.1070,2.4724,0.050842,0.140625,0.017578,0.988586,7.774,78.8,-1
1782706042.461,1933,436786,0,0.00000000,0.00000000,0.00,0,0,-52.73,-0.072,1.0290,0.2450,2.8420,3.0325,0.050842,0.140625,0.017517,0.988586,7.775,70.0,-1
1782706042.711,1934,436999,0,0.00000000,0.00000000,0.00,0,0,-52.75,-0.084,1.2740,1.3720,3.0380,3.5686,0.050842,0.140625,0.017517,0.988586,7.773,71.2,-1
1782706042.896,1935,437220,0,0.00000000,0.00000000,0.00,0,0,-52.84,-0.443,0.4900,0.4900,1.5680,1.7143,0.050842,0.140564,0.017517,0.988586,7.774,71.2,-1
1782706043.148,1936,437441,0,0.00000000,0.00000000,0.00,0,0,-52.67,0.557,-0.6370,1.3720,0.6370,1.6413,0.050842,0.140564,0.017517,0.988586,7.776,72.5,-1
1782706043.332,1937,437652,0,0.00000000,0.00000000,0.00,0,0,-52.83,-0.306,0.7350,1.1760,2.0090,2.4412,0.050842,0.140564,0.017517,0.988586,7.775,73.8,-1
1782706043.583,1938,437871,0,0.00000000,0.00000000,0.00,0,0,-52.84,0.006,0.0980,1.6170,1.6660,2.3238,0.050842,0.140564,0.017517,0.988586,7.775,75.0,-1
1782706043.770,1939,438093,0,0.00000000,0.00000000,0.00,0,0,-52.80,-0.371,-0.0490,1.1270,1.5680,1.9316,0.050842,0.140564,0.017578,0.988586,7.769,75.0,-1
1782706044.018,1940,438316,0,0.00000000,0.00000000,0.00,0,0,-52.70,0.489,1.6170,0.2940,1.4210,2.1726,0.050842,0.140564,0.017578,0.988586,7.774,75.0,-1
1782706044.269,1941,438560,0,0.00000000,0.00000000,0.00,0,0,-52.67,0.722,0.1960,0.9800,1.2250,1.5810,0.050842,0.140564,0.017578,0.988586,7.773,73.8,-1
1782706044.457,1942,438775,0,0.00000000,0.00000000,0.00,0,0,-52.62,0.325,0.0980,0.6370,1.3230,1.4716,0.050842,0.140564,0.017578,0.988586,7.773,76.2,-1
1782706044.706,1943,438997,0,0.00000000,0.00000000,0.00,0,0,-52.71,-0.338,0.8330,0.6860,2.4010,2.6324,0.050842,0.140625,0.017578,0.988586,7.775,77.5,-1
1782706044.892,1944,439217,0,0.00000000,0.00000000,0.00,0,0,-52.81,-0.439,0.4410,0.5390,2.1070,2.2191,0.050842,0.140625,0.017517,0.988586,7.775,73.8,-1
1782706045.138,1945,439439,0,0.00000000,0.00000000,0.00,0,0,-52.74,0.027,0.5880,0.5880,1.2740,1.5214,0.050842,0.140625,0.017456,0.988586,7.773,77.5,-1
1782706045.325,1946,439646,0,0.00000000,0.00000000,0.00,0,0,-52.91,-0.741,0.3920,0.4410,1.6660,1.7674,0.050781,0.140625,0.017395,0.988586,7.773,73.8,-1
1782706045.573,1947,439870,0,0.00000000,0.00000000,0.00,0,0,-52.82,-0.046,0.1960,1.3230,1.7640,2.2137,0.050781,0.140564,0.017395,0.988586,7.774,73.8,-1
1782706045.759,1948,440091,0,0.00000000,0.00000000,0.00,0,0,-52.75,0.309,0.2450,0.0490,1.8620,1.8787,0.050781,0.140625,0.017456,0.988586,7.775,72.5,-1
1782706046.008,1949,440309,0,0.00000000,0.00000000,0.00,0,0,-52.75,-0.426,0.1960,0.4410,1.0780,1.1811,0.050842,0.140686,0.017456,0.988586,7.773,77.5,-1
1782706046.258,1950,440553,0,0.00000000,0.00000000,0.00,0,0,-52.76,-0.271,0.3920,0.5880,1.5190,1.6753,0.050842,0.140625,0.017517,0.988586,7.775,73.8,-1
1782706046.445,1951,440770,0,0.00000000,0.00000000,0.00,0,0,-52.82,-0.373,0.5390,0.7350,1.6170,1.8562,0.050842,0.140625,0.017517,0.988586,7.771,72.5,-1
1782706046.692,1952,440991,0,0.00000000,0.00000000,0.00,0,0,-52.79,-0.132,0.0980,0.7840,0.9310,1.2211,0.050842,0.140625,0.017517,0.988586,7.774,73.8,-1
1782706046.880,1953,441213,0,0.00000000,0.00000000,0.00,0,0,-52.85,-0.409,0.2450,0.8330,3.1850,3.3012,0.050842,0.140625,0.017517,0.988586,7.775,72.5,-1
1782706047.132,1954,441432,0,0.00000000,0.00000000,0.00,0,0,-52.77,-0.048,0.5390,0.5880,1.3720,1.5870,0.050842,0.140625,0.017517,0.988586,7.774,72.5,-1
1782706047.318,1955,441645,0,0.00000000,0.00000000,0.00,0,0,-52.78,-0.190,0.0980,1.9600,1.0780,2.2390,0.050842,0.140625,0.017517,0.988586,7.773,75.0,-1
1782706047.567,1956,441863,0,0.00000000,0.00000000,0.00,0,0,-52.88,-0.290,0.2450,1.2740,1.6170,2.0731,0.050842,0.140564,0.017517,0.988586,7.776,73.8,-1
1782706047.754,1957,442084,0,0.00000000,0.00000000,0.00,0,0,-52.72,0.787,0.7350,-0.1960,0.9800,1.2406,0.050842,0.140564,0.017578,0.988586,7.776,73.8,-1
1782706048.002,1958,442305,0,0.00000000,0.00000000,0.00,0,0,-52.85,-0.123,0.4410,1.2740,1.5680,2.0679,0.050781,0.140625,0.017578,0.988586,7.773,71.2,-1
1782706048.253,1959,442548,0,0.00000000,0.00000000,0.00,0,0,-52.86,-0.382,0.0980,0.4410,1.7150,1.7735,0.050720,0.140625,0.017578,0.988586,7.773,73.8,-1
1782706048.439,1960,442765,0,0.00000000,0.00000000,0.00,0,0,-52.85,-0.090,0.0490,0.5390,0.7350,0.9128,0.050659,0.140747,0.017578,0.988586,7.773,73.8,-1
1782706048.690,1961,442985,0,0.00000000,0.00000000,0.00,0,0,-52.77,0.260,0.7350,0.5880,1.2250,1.5449,0.050720,0.140686,0.017578,0.988586,7.773,73.8,-1
1782706048.874,1962,443203,0,0.00000000,0.00000000,0.00,0,0,-52.71,0.361,0.3920,0.4410,1.5190,1.6296,0.050659,0.140686,0.017578,0.988586,7.773,75.0,-1
1782706049.124,1963,443421,0,0.00000000,0.00000000,0.00,0,0,-52.73,0.257,0.1960,0.7840,1.9110,2.0748,0.050720,0.140686,0.017639,0.988586,7.774,75.0,-1
1782706049.311,1964,443631,0,0.00000000,0.00000000,0.00,0,0,-52.82,-0.102,-0.0490,0.8330,1.2740,1.5229,0.050720,0.140686,0.017639,0.988586,7.773,75.0,-1
1782706049.560,1965,443846,0,0.00000000,0.00000000,0.00,0,0,-52.85,-0.310,0.8820,0.9310,1.7150,2.1415,0.050720,0.140625,0.017639,0.988586,7.770,75.0,-1
1782706049.747,1966,444068,0,0.00000000,0.00000000,0.00,0,0,-52.66,0.881,0.3920,0.4900,1.9110,2.0114,0.050659,0.140625,0.017639,0.988586,7.774,75.0,-1
1782706049.999,1967,444289,0,0.00000000,0.00000000,0.00,0,0,-52.78,-0.228,0.1470,0.7840,1.5680,1.7592,0.050659,0.140625,0.017639,0.988586,7.774,76.2,-1
1782706050.186,1968,444507,0,0.00000000,0.00000000,0.00,0,0,-52.70,0.234,-0.0490,0.5390,1.3720,1.4749,0.050659,0.140564,0.017639,0.988586,7.775,78.8,-1
1782706050.438,1969,444720,0,0.00000000,0.00000000,0.00,0,0,-52.77,-0.158,0.5880,0.3920,1.4210,1.5870,0.050659,0.140564,0.017578,0.988586,7.773,73.8,-1
1782706050.627,1970,444941,0,0.00000000,0.00000000,0.00,0,0,-52.63,0.411,0.6370,0.4410,1.5190,1.7052,0.050659,0.140564,0.017578,0.988586,7.775,71.2,-1
1782706050.877,1971,445161,0,0.00000000,0.00000000,0.00,0,0,-52.79,-0.485,0.3430,0.1470,0.8820,0.9577,0.050659,0.140564,0.017578,0.988586,7.778,67.5,-1
1782706051.063,1972,445381,0,0.00000000,0.00000000,0.00,0,0,-52.78,-0.400,0.0000,0.4410,1.1760,1.2560,0.050659,0.140564,0.017578,0.988586,7.775,72.5,-1
1782706051.312,1973,445593,0,0.00000000,0.00000000,0.00,0,0,-52.79,-0.202,0.0000,0.9800,1.5190,1.8077,0.050659,0.140564,0.017578,0.988586,7.774,73.8,-1
1782706051.500,1974,445813,0,0.00000000,0.00000000,0.00,0,0,-52.75,0.132,0.8820,-0.0490,2.7440,2.8827,0.050659,0.140564,0.017578,0.988586,7.776,73.8,-1
1782706051.747,1975,446032,0,0.00000000,0.00000000,0.00,0,0,-52.66,0.444,0.5390,0.8330,1.6660,1.9391,0.050720,0.140564,0.017639,0.988586,7.774,75.0,-1
1782706051.937,1976,446251,0,0.00000000,0.00000000,0.00,0,0,-52.73,-0.392,0.2940,0.4900,1.1270,1.2636,0.050659,0.140564,0.017639,0.988586,7.774,75.0,-1
1782706052.184,1977,446473,0,0.00000000,0.00000000,0.00,0,0,-52.78,-0.202,0.6370,0.0980,2.4990,2.5808,0.050659,0.140564,0.017639,0.988586,7.774,77.5,-1
1782706052.372,1978,446681,0,0.00000000,0.00000000,0.00,0,0,-52.83,-0.424,0.7350,0.4410,2.2540,2.4115,0.050659,0.140564,0.017639,0.988586,7.776,71.2,-1
1782706052.619,1979,446905,0,0.00000000,0.00000000,0.00,0,0,-52.81,-0.211,0.0000,1.1270,0.9310,1.4618,0.050659,0.140625,0.017578,0.988586,7.775,70.0,-1
1782706052.806,1980,447123,0,0.00000000,0.00000000,0.00,0,0,-52.74,-0.071,0.3430,0.4900,1.6660,1.7701,0.050659,0.140625,0.017578,0.988586,7.775,72.5,-1
1782706053.056,1981,447344,0,0.00000000,0.00000000,0.00,0,0,-52.69,0.333,0.1470,0.3920,1.5190,1.5756,0.050659,0.140625,0.017578,0.988586,7.774,71.2,-1
1782706053.243,1982,447560,0,0.00000000,0.00000000,0.00,0,0,-52.68,0.063,0.0490,0.4900,1.2250,1.3203,0.050659,0.140625,0.017578,0.988586,7.773,75.0,-1
1782706053.494,1983,447773,0,0.00000000,0.00000000,0.00,0,0,-52.69,0.182,0.1470,0.2450,2.6460,2.6614,0.050659,0.140564,0.017578,0.988586,7.771,80.0,-1
1782706053.680,1984,447994,0,0.00000000,0.00000000,0.00,0,0,-52.59,0.263,0.1470,1.0780,0.5390,1.2142,0.050659,0.140564,0.017578,0.988586,7.773,80.0,-1
1782706053.929,1985,448214,0,0.00000000,0.00000000,0.00,0,0,-52.81,-0.621,0.2940,0.9800,2.0580,2.2983,0.050659,0.140564,0.017578,0.988586,7.771,77.5,-1
1782706054.117,1986,448433,0,0.00000000,0.00000000,0.00,0,0,-52.68,0.396,0.0980,0.9800,0.8330,1.2899,0.050659,0.140564,0.017578,0.988586,7.774,76.2,-1
1782706054.369,1987,448647,0,0.00000000,0.00000000,0.00,0,0,-52.85,-0.558,0.4410,0.4900,0.6860,0.9514,0.050659,0.140564,0.017578,0.988586,7.775,75.0,-1
1782706054.556,1988,448868,0,0.00000000,0.00000000,0.00,0,0,-52.73,-0.221,0.5390,0.8820,1.8620,2.1297,0.050659,0.140564,0.017578,0.988586,7.775,76.2,-1
1782706054.804,1989,449089,0,0.00000000,0.00000000,0.00,0,0,-52.76,0.029,0.2940,0.4900,1.0780,1.2201,0.050659,0.140564,0.017578,0.988586,7.775,72.5,-1
1782706054.991,1990,449309,0,0.00000000,0.00000000,0.00,0,0,-52.70,0.169,0.1470,0.5880,0.5880,0.8445,0.050659,0.140564,0.017578,0.988647,7.773,71.2,-1
1782706055.241,1991,449553,0,0.00000000,0.00000000,0.00,0,0,-52.61,0.686,0.0490,0.5390,1.4210,1.5206,0.050659,0.140564,0.017578,0.988647,7.774,76.2,-1
1782706055.493,1992,449769,0,0.00000000,0.00000000,0.00,0,0,-52.69,0.145,0.0980,0.8820,1.4700,1.7171,0.050659,0.140564,0.017578,0.988586,7.773,75.0,-1
1782706055.679,1993,449989,0,0.00000000,0.00000000,0.00,0,0,-52.78,-0.224,0.7840,0.4410,1.3720,1.6406,0.050659,0.140625,0.017578,0.988586,7.773,75.0,-1
1782706055.927,1994,450209,0,0.00000000,0.00000000,0.00,0,0,-52.71,0.259,0.1470,0.9800,1.4210,1.7324,0.050659,0.140625,0.017578,0.988586,7.773,76.2,-1
1782706056.114,1995,450431,0,0.00000000,0.00000000,0.00,0,0,-52.69,-0.094,0.3920,0.3920,1.4210,1.5253,0.050659,0.140625,0.017578,0.988586,7.773,72.5,-1
1782706056.361,1996,450643,0,0.00000000,0.00000000,0.00,0,0,-52.80,-0.193,0.5390,0.1960,1.4210,1.5324,0.050659,0.140564,0.017517,0.988647,7.773,75.0,-1
1782706056.549,1997,450861,0,0.00000000,0.00000000,0.00,0,0,-52.68,0.264,0.9800,0.3920,2.9400,3.1237,0.050659,0.140564,0.017517,0.988586,7.774,71.2,-1
1782706056.798,1998,451084,0,0.00000000,0.00000000,0.00,0,0,-52.69,0.081,0.5880,0.6860,1.4210,1.6839,0.050659,0.140503,0.017578,0.988647,7.775,72.5,-1
1782706056.984,1999,451305,0,0.00000000,0.00000000,0.00,0,0,-52.70,0.186,0.9310,-0.5390,1.5680,1.9016,0.050659,0.140503,0.017578,0.988647,7.775,72.5,-1
1782706057.233,2000,451547,0,0.00000000,0.00000000,0.00,0,0,-52.73,-0.339,0.2450,0.6860,1.7640,1.9085,0.050659,0.140503,0.017578,0.988647,7.774,76.2,-1
1782706057.481,2001,451765,0,0.00000000,0.00000000,0.00,0,0,-52.75,0.263,0.4410,0.5390,1.8130,1.9422,0.050659,0.140564,0.017578,0.988647,7.773,72.5,-1
1782706057.668,2002,451986,0,0.00000000,0.00000000,0.00,0,0,-52.79,-0.225,1.8620,0.2450,3.4790,3.9535,0.050659,0.140564,0.017578,0.988586,7.774,78.8,-1
1782706057.916,2003,452207,0,0.00000000,0.00000000,0.00,0,0,-52.76,0.186,0.3430,0.5880,1.5680,1.7094,0.050659,0.140625,0.017578,0.988586,7.773,75.0,-1
1782706058.102,2004,452427,0,0.00000000,0.00000000,0.00,0,0,-52.73,0.185,0.4900,0.9310,1.6660,1.9704,0.050659,0.140564,0.017578,0.988586,7.775,71.2,-1
1782706058.352,2005,452637,0,0.00000000,0.00000000,0.00,0,0,-52.88,-0.545,0.0980,0.2940,2.7930,2.8101,0.050659,0.140564,0.017578,0.988586,7.776,70.0,-1
1782706058.536,2006,452856,0,0.00000000,0.00000000,0.00,0,0,-52.85,0.078,0.2450,0.7840,1.6170,1.8137,0.050659,0.140564,0.017578,0.988586,7.775,73.8,-1
1782706058.787,2007,453079,0,0.00000000,0.00000000,0.00,0,0,-52.88,0.012,0.3920,0.2940,1.0780,1.1841,0.050659,0.140625,0.017578,0.988586,7.774,70.0,-1
1782706058.976,2008,453298,0,0.00000000,0.00000000,0.00,0,0,-52.71,0.766,0.1470,1.2740,2.0580,2.4249,0.050659,0.140564,0.017517,0.988586,7.775,71.2,-1
1782706059.223,2009,453518,0,0.00000000,0.00000000,0.00,0,0,-52.64,0.680,0.3920,0.6860,1.3720,1.5832,0.050659,0.140625,0.017517,0.988586,7.773,77.5,-1
1782706059.411,2010,453726,0,0.00000000,0.00000000,0.00,0,0,-52.82,-0.097,0.2940,0.8820,1.1270,1.4610,0.050659,0.140625,0.017517,0.988586,7.773,76.2,-1
1782706059.660,2011,453948,0,0.00000000,0.00000000,0.00,0,0,-52.73,0.151,0.1470,0.6370,1.6660,1.7897,0.050659,0.140747,0.017578,0.988586,7.773,78.8,-1
1782706059.848,2012,454171,0,0.00000000,0.00000000,0.00,0,0,-52.74,0.020,0.6370,0.6370,2.2050,2.3819,0.050659,0.140747,0.017578,0.988586,7.775,71.2,-1
1782706060.092,2013,454389,0,0.00000000,0.00000000,0.00,0,0,-52.73,0.311,0.2450,0.3920,1.5190,1.5878,0.050659,0.140747,0.017578,0.988586,7.773,73.8,-1
1782706060.278,2014,454601,0,0.00000000,0.00000000,0.00,0,0,-52.66,0.409,0.6370,-0.8330,2.0090,2.2662,0.050659,0.140686,0.017578,0.988586,7.778,71.2,-1
1782706060.527,2015,454821,0,0.00000000,0.00000000,0.00,0,0,-52.68,0.297,0.7840,1.7640,0.5880,2.0179,0.050659,0.140686,0.017578,0.988586,7.778,65.0,-1
1782706060.713,2016,455042,0,0.00000000,0.00000000,0.00,0,0,-52.78,-0.428,0.6370,0.7350,1.3720,1.6818,0.050659,0.140686,0.017578,0.988586,7.776,67.5,-1
1782706060.963,2017,455263,0,0.00000000,0.00000000,0.00,0,0,-52.79,-0.087,0.2450,1.3720,1.8620,2.3258,0.050659,0.140686,0.017578,0.988586,7.778,65.0,-1
1782706061.150,2018,455484,0,0.00000000,0.00000000,0.00,0,0,-52.69,0.372,0.1960,0.5390,0.8820,1.0521,0.050659,0.140686,0.017578,0.988586,7.776,67.5,-1
1782706061.399,2019,455694,0,0.00000000,0.00000000,0.00,0,0,-52.82,-0.486,0.9310,1.0780,0.3920,1.4773,0.050659,0.140625,0.017578,0.988586,7.773,71.2,-1
1782706061.586,2020,455914,0,0.00000000,0.00000000,0.00,0,0,-52.77,0.281,1.5680,0.0000,3.1850,3.5500,0.050659,0.140625,0.017517,0.988586,7.775,71.2,-1
1782706061.831,2021,456135,0,0.00000000,0.00000000,0.00,0,0,-52.68,0.099,0.7350,0.1470,1.7640,1.9166,0.050659,0.140686,0.017517,0.988586,7.775,70.0,-1
1782706062.020,2022,456354,0,0.00000000,0.00000000,0.00,0,0,-52.73,-0.012,0.0980,0.8820,2.2050,2.3769,0.050659,0.140686,0.017517,0.988586,7.776,70.0,-1
1782706062.271,2023,456569,0,0.00000000,0.00000000,0.00,0,0,-52.73,-0.139,0.5390,1.1760,2.0090,2.3895,0.050659,0.140686,0.017578,0.988586,7.776,67.5,-1
1782706062.457,2024,456784,0,0.00000000,0.00000000,0.00,0,0,-52.80,-0.428,-0.6370,1.4700,0.2940,1.6288,0.050659,0.140625,0.017578,0.988586,7.774,70.0,-1
1782706062.705,2025,457006,0,0.00000000,0.00000000,0.00,0,0,-52.80,-0.206,0.6860,0.5390,1.9110,2.1007,0.050659,0.140625,0.017578,0.988586,7.776,68.8,-1
1782706062.892,2026,457226,0,0.00000000,0.00000000,0.00,0,0,-52.77,0.011,0.3920,-0.0490,1.3230,1.3807,0.050659,0.140625,0.017578,0.988586,7.775,70.0,-1
1782706063.143,2027,457445,0,0.00000000,0.00000000,0.00,0,0,-52.76,-0.262,0.1960,1.5190,1.5190,2.1571,0.050659,0.140625,0.017578,0.988586,7.774,70.0,-1
1782706063.330,2028,457659,0,0.00000000,0.00000000,0.00,0,0,-52.75,-0.159,0.0980,1.5680,1.0290,1.8780,0.050659,0.140625,0.017578,0.988586,7.776,70.0,-1
1782706063.577,2029,457876,0,0.00000000,0.00000000,0.00,0,0,-52.67,-0.138,0.8330,0.6370,2.8910,3.0753,0.050659,0.140625,0.017578,0.988586,7.774,73.8,-1
1782706063.766,2030,458099,0,0.00000000,0.00000000,0.00,0,0,-52.63,0.189,0.5390,0.6860,1.8620,2.0562,0.050659,0.140625,0.017578,0.988586,7.776,68.8,-1
1782706064.015,2031,458319,0,0.00000000,0.00000000,0.00,0,0,-52.77,-0.745,0.6370,0.5390,1.8130,1.9958,0.050659,0.140625,0.017578,0.988586,7.776,71.2,-1
1782706064.265,2032,458563,0,0.00000000,0.00000000,0.00,0,0,-52.79,-0.289,-0.1960,1.0290,1.3230,1.6875,0.050659,0.140625,0.017578,0.988586,7.773,73.8,-1
1782706064.452,2033,458783,0,0.00000000,0.00000000,0.00,0,0,-52.74,0.332,-0.1470,1.2740,1.3720,1.8780,0.050659,0.140625,0.017578,0.988586,7.770,76.2,-1
1782706064.702,2034,459002,0,0.00000000,0.00000000,0.00,0,0,-52.76,-0.015,0.8330,-0.6860,1.9600,2.2374,0.050659,0.140625,0.017578,0.988586,7.774,75.0,-1
1782706064.889,2035,459220,0,0.00000000,0.00000000,0.00,0,0,-52.82,-0.475,0.0000,0.4900,1.2250,1.3194,0.050659,0.140625,0.017578,0.988586,7.769,70.0,-1
1782706065.138,2036,459443,0,0.00000000,0.00000000,0.00,0,0,-52.79,-0.005,-0.3920,0.4410,1.7640,1.8601,0.050659,0.140625,0.017578,0.988586,7.770,73.8,-1
1782706065.324,2037,459655,0,0.00000000,0.00000000,0.00,0,0,-52.74,0.091,0.1470,1.0290,1.2740,1.6442,0.050659,0.140625,0.017578,0.988586,7.773,72.5,-1
1782706065.572,2038,459874,0,0.00000000,0.00000000,0.00,0,0,-52.79,0.022,0.0000,0.4900,1.6660,1.7366,0.050659,0.140625,0.017578,0.988586,7.774,76.2,-1
1782706065.760,2039,460095,0,0.00000000,0.00000000,0.00,0,0,-52.74,0.245,0.3920,1.1760,1.5190,1.9606,0.050659,0.140625,0.017578,0.988586,7.773,71.2,-1
1782706066.009,2040,460314,0,0.00000000,0.00000000,0.00,0,0,-52.71,0.321,0.4900,0.5390,1.5190,1.6846,0.050659,0.140625,0.017578,0.988586,7.775,72.5,-1
1782706066.258,2041,460558,0,0.00000000,0.00000000,0.00,0,0,-52.71,0.054,-0.1470,0.9800,0.9310,1.3597,0.050659,0.140625,0.017578,0.988586,7.776,73.8,-1
1782706066.443,2042,460774,0,0.00000000,0.00000000,0.00,0,0,-52.86,-0.646,0.3920,0.6370,1.3720,1.5626,0.050659,0.140625,0.017578,0.988586,7.776,76.2,-1
1782706066.694,2043,460995,0,0.00000000,0.00000000,0.00,0,0,-52.74,0.237,0.0980,0.7840,1.4210,1.6259,0.050659,0.140564,0.017578,0.988586,7.776,73.8,-1
1782706066.881,2044,461217,0,0.00000000,0.00000000,0.00,0,0,-52.77,0.185,0.4410,0.3920,0.9310,1.1022,0.050659,0.140564,0.017578,0.988586,7.775,72.5,-1
1782706067.130,2045,461435,0,0.00000000,0.00000000,0.00,0,0,-52.77,0.013,0.5880,-0.0980,1.5190,1.6318,0.050659,0.140564,0.017517,0.988647,7.775,68.8,-1
1782706067.318,2046,461648,0,0.00000000,0.00000000,0.00,0,0,-52.82,-0.185,0.8820,0.0980,2.6950,2.8373,0.050659,0.140564,0.017517,0.988586,7.773,73.8,-1
1782706067.566,2047,461865,0,0.00000000,0.00000000,0.00,0,0,-52.84,-0.376,0.0490,1.2740,1.0780,1.6696,0.050659,0.140625,0.017517,0.988586,7.773,80.0,-1
1782706067.753,2048,462088,0,0.00000000,0.00000000,0.00,0,0,-52.83,-0.420,0.4900,0.8820,1.9600,2.2045,0.050659,0.140625,0.017517,0.988586,7.778,67.5,-1
1782706068.001,2049,462307,0,0.00000000,0.00000000,0.00,0,0,-52.79,0.099,0.3920,0.8820,1.4210,1.7178,0.050659,0.140564,0.017578,0.988586,7.773,75.0,-1
1782706068.249,2050,462554,0,0.00000000,0.00000000,0.00,0,0,-52.76,0.338,0.1470,0.5880,0.7840,0.9910,0.050659,0.140564,0.017578,0.988586,7.775,76.2,-1
1782706068.439,2051,462768,0,0.00000000,0.00000000,0.00,0,0,-52.76,-0.035,0.2450,0.6860,1.3720,1.5534,0.050659,0.140625,0.017578,0.988586,7.774,75.0,-1
1782706068.690,2052,462990,0,0.00000000,0.00000000,0.00,0,0,-52.69,0.400,0.0490,1.5190,0.9310,1.7823,0.050659,0.140625,0.017578,0.988586,7.776,75.0,-1
1782706068.878,2053,463210,0,0.00000000,0.00000000,0.00,0,0,-52.70,0.256,0.0490,0.8330,0.7350,1.1120,0.050659,0.140625,0.017578,0.988586,7.776,71.2,-1
1782706069.130,2054,463430,0,0.00000000,0.00000000,0.00,0,0,-52.78,-0.212,0.7840,0.6860,2.7440,2.9351,0.050659,0.140625,0.017578,0.988586,7.775,70.0,-1
1782706069.317,2055,463642,0,0.00000000,0.00000000,0.00,0,0,-52.75,0.050,0.1470,0.4410,1.8130,1.8716,0.050659,0.140625,0.017578,0.988586,7.778,73.8,-1
1782706069.565,2056,463863,0,0.00000000,0.00000000,0.00,0,0,-52.78,-0.110,-0.4410,1.2250,0.6370,1.4494,0.050659,0.140625,0.017578,0.988586,7.773,71.2,-1
1782706069.752,2057,464080,0,0.00000000,0.00000000,0.00,0,0,-52.83,-0.699,1.2250,0.4410,1.9600,2.3530,0.050659,0.140625,0.017578,0.988586,7.776,70.0,-1
1782706070.000,2058,464303,0,0.00000000,0.00000000,0.00,0,0,-52.82,-0.481,0.1960,0.7840,1.3720,1.5923,0.050659,0.140625,0.017578,0.988586,7.775,71.2,-1
1782706070.249,2059,464546,0,0.00000000,0.00000000,0.00,0,0,-52.74,-0.020,0.1470,0.1470,2.0090,2.0197,0.050659,0.140625,0.017578,0.988586,7.775,71.2,-1
1782706070.436,2060,464762,0,0.00000000,0.00000000,0.00,0,0,-52.69,0.448,1.0290,1.1270,2.4010,2.8450,0.050659,0.140564,0.017578,0.988586,7.775,71.2,-1
1782706070.687,2061,464984,0,0.00000000,0.00000000,0.00,0,0,-52.84,-0.633,1.0290,0.7350,2.5480,2.8445,0.050659,0.140503,0.017456,0.988647,7.774,68.8,-1
1782706070.875,2062,465205,0,0.00000000,0.00000000,0.00,0,0,-52.91,-0.584,0.4900,-0.0980,1.6170,1.6925,0.050781,0.140442,0.017456,0.988647,7.778,68.8,-1
1782706071.123,2063,465426,0,0.00000000,0.00000000,0.00,0,0,-52.78,0.313,0.3430,0.2940,0.3430,0.5672,0.050903,0.140442,0.017456,0.988647,7.778,68.8,-1
1782706071.309,2064,465637,0,0.00000000,0.00000000,0.00,0,0,-52.80,-0.040,-1.7150,2.2540,-1.4700,3.1910,0.050964,0.140564,0.017395,0.988586,7.775,70.0,-1
1782706071.557,2065,465858,0,0.00000000,0.00000000,0.00,0,0,-52.71,0.314,0.2940,0.6860,1.3720,1.5619,0.051025,0.140442,0.017395,0.988647,7.776,72.5,-1
1782706071.744,2066,466075,0,0.00000000,0.00000000,0.00,0,0,-52.87,-0.677,0.5390,-0.4900,0.5390,0.9062,0.051025,0.140442,0.017395,0.988586,7.774,75.0,-1
1782706071.992,2067,466297,0,0.00000000,0.00000000,0.00,0,0,-52.87,-0.354,-0.4410,1.8130,0.7350,2.0054,0.051025,0.140503,0.017456,0.988586,7.776,72.5,-1
1782706072.241,2068,466515,0,0.00000000,0.00000000,0.00,0,0,-52.79,0.062,0.2450,0.3920,1.5190,1.5878,0.051086,0.140503,0.017456,0.988586,7.773,80.0,-1
1782706072.428,2069,466729,0,0.00000000,0.00000000,0.00,0,0,-52.81,0.228,-0.3920,0.5390,1.5680,1.7038,0.051086,0.140503,0.017456,0.988586,7.776,67.5,-1
1782706072.616,2070,466949,0,0.00000000,0.00000000,0.00,0,0,-52.77,0.505,0.6860,0.5880,1.2740,1.5619,0.051086,0.140564,0.017517,0.988586,7.776,66.2,-1
1782706072.863,2071,467169,0,0.00000000,0.00000000,0.00,0,0,-52.84,-0.198,0.5880,0.2940,1.2740,1.4336,0.051086,0.140564,0.017517,0.988586,7.778,67.5,-1
1782706073.111,2072,467389,0,0.00000000,0.00000000,0.00,0,0,-52.87,-0.106,0.2940,0.9310,2.4990,2.6829,0.051086,0.140625,0.017517,0.988586,7.775,67.5,-1
1782706073.299,2073,467603,0,0.00000000,0.00000000,0.00,0,0,-52.80,-0.030,1.3230,0.0980,1.9600,2.3668,0.051086,0.140625,0.017517,0.988586,7.773,72.5,-1
1782706073.487,2074,467818,0,0.00000000,0.00000000,0.00,0,0,-52.76,0.462,0.3920,2.1560,0.9310,2.3809,0.051086,0.140625,0.017517,0.988586,7.773,77.5,-1
1782706073.737,2075,468041,0,0.00000000,0.00000000,0.00,0,0,-52.84,-0.108,0.3920,0.9800,1.9110,2.1831,0.051025,0.140625,0.017456,0.988586,7.774,70.0,-1
1782706073.986,2076,468263,0,0.00000000,0.00000000,0.00,0,0,-52.81,0.174,0.8330,-0.0490,1.8620,2.0404,0.051025,0.140625,0.017456,0.988586,7.775,75.0,-1
1782706074.172,2077,468480,0,0.00000000,0.00000000,0.00,0,0,-52.76,0.101,0.3920,0.3430,0.8820,1.0243,0.051025,0.140625,0.017395,0.988586,7.773,77.5,-1
1782706074.358,2078,468694,0,0.00000000,0.00000000,0.00,0,0,-52.78,-0.275,0.0490,0.4900,1.0780,1.1852,0.051025,0.140625,0.017395,0.988586,7.775,73.8,-1
1782706074.609,2079,468913,0,0.00000000,0.00000000,0.00,0,0,-52.91,-0.202,0.2940,0.2940,2.7930,2.8238,0.051025,0.140625,0.017456,0.988586,7.774,73.8,-1
1782706074.798,2080,469132,0,0.00000000,0.00000000,0.00,0,0,-52.80,0.190,0.3920,0.6370,1.5680,1.7373,0.051025,0.140625,0.017456,0.988586,7.775,76.2,-1
1782706075.045,2081,469355,0,0.00000000,0.00000000,0.00,0,0,-52.73,0.473,1.2740,0.4900,1.9600,2.3885,0.051086,0.140564,0.017456,0.988586,7.775,72.5,-1
1782706075.230,2082,469565,0,0.00000000,0.00000000,0.00,0,0,-52.81,-0.424,0.2940,0.7350,2.0090,2.1593,0.051086,0.140564,0.017517,0.988586,7.776,71.2,-1
1782706075.479,2083,469783,0,0.00000000,0.00000000,0.00,0,0,-52.86,-0.647,0.3430,0.8330,1.7150,1.9372,0.051086,0.140564,0.017517,0.988586,7.775,78.8,-1
1782706075.727,2084,470005,0,0.00000000,0.00000000,0.00,0,0,-52.73,0.367,0.9800,0.1470,2.3030,2.5072,0.051086,0.140625,0.017517,0.988586,7.775,71.2,-1
1782706075.912,2085,470224,0,0.00000000,0.00000000,0.00,0,0,-52.73,0.309,0.5390,0.2940,1.2250,1.3702,0.051086,0.140686,0.017517,0.988586,7.775,72.5,-1
1782706076.160,2086,470443,0,0.00000000,0.00000000,0.00,0,0,-52.73,0.052,0.6860,1.0780,1.2740,1.8044,0.051086,0.140625,0.017517,0.988586,7.774,71.2,-1
1782706076.348,2087,470657,0,0.00000000,0.00000000,0.00,0,0,-52.82,-0.491,-0.3430,0.7350,1.9600,2.1212,0.051086,0.140625,0.017517,0.988586,7.778,71.2,-1
1782706076.595,2088,470877,0,0.00000000,0.00000000,0.00,0,0,-52.85,-0.396,0.2940,0.3920,1.1270,1.2289,0.051086,0.140625,0.017517,0.988586,7.775,72.5,-1
1782706076.780,2089,471097,0,0.00000000,0.00000000,0.00,0,0,-52.91,-0.497,0.8330,0.5390,2.6460,2.8259,0.051086,0.140625,0.017517,0.988586,7.774,76.2,-1
1782706077.033,2090,471318,0,0.00000000,0.00000000,0.00,0,0,-52.85,0.134,0.0490,0.6860,1.3720,1.5347,0.051086,0.140625,0.017517,0.988586,7.773,75.0,-1
1782706077.282,2091,471561,0,0.00000000,0.00000000,0.00,0,0,-52.85,-0.209,0.2940,0.5390,1.9600,2.0539,0.051086,0.140747,0.017517,0.988586,7.776,67.5,-1
1782706077.470,2092,471780,0,0.00000000,0.00000000,0.00,0,0,-52.89,-0.193,0.8330,0.2450,1.9110,2.0990,0.051086,0.140747,0.017517,0.988586,7.775,72.5,-1
1782706077.721,2093,471999,0,0.00000000,0.00000000,0.00,0,0,-52.84,0.243,0.4410,0.7350,1.2250,1.4951,0.051086,0.140808,0.017517,0.988586,7.775,76.2,-1
1782706077.908,2094,472221,0,0.00000000,0.00000000,0.00,0,0,-52.80,0.222,0.0490,0.7350,2.7440,2.8412,0.051025,0.140808,0.017456,0.988586,7.774,73.8,-1
1782706078.156,2095,472439,0,0.00000000,0.00000000,0.00,0,0,-52.80,0.111,0.0980,0.4410,1.6170,1.6789,0.051025,0.140747,0.017395,0.988586,7.774,71.2,-1
1782706078.342,2096,472652,0,0.00000000,0.00000000,0.00,0,0,-52.87,-0.166,1.3230,0.4900,2.9400,3.2610,0.051025,0.140686,0.017456,0.988586,7.775,75.0,-1
1782706078.590,2097,472872,0,0.00000000,0.00000000,0.00,0,0,-52.92,-0.059,0.0980,0.6370,1.4210,1.5603,0.051025,0.140625,0.017456,0.988586,7.775,77.5,-1
1782706078.777,2098,473091,0,0.00000000,0.00000000,0.00,0,0,-52.82,0.274,0.7350,0.1960,1.8130,1.9661,0.051025,0.140625,0.017456,0.988586,7.775,78.8,-1
1782706079.025,2099,473313,0,0.00000000,0.00000000,0.00,0,0,-52.90,-0.464,1.4210,0.6860,1.9110,2.4783,0.051086,0.140625,0.017456,0.988586,7.774,77.5,-1
1782706079.272,2100,473553,0,0.00000000,0.00000000,0.00,0,0,-52.94,-0.602,0.4900,0.9310,1.8620,2.1387,0.051086,0.140625,0.017517,0.988586,7.773,75.0,-1
1782706079.460,2101,473772,0,0.00000000,0.00000000,0.00,0,0,-52.93,-0.176,-0.0980,1.6660,1.4210,2.1919,0.051086,0.140564,0.017517,0.988586,7.775,78.8,-1
1782706079.710,2102,473992,0,0.00000000,0.00000000,0.00,0,0,-52.86,-0.046,0.3430,0.6370,1.6170,1.7715,0.051086,0.140564,0.017517,0.988586,7.773,78.8,-1
1782706079.897,2103,474215,0,0.00000000,0.00000000,0.00,0,0,-52.71,0.704,-0.1960,0.5880,0.8330,1.0383,0.051086,0.140686,0.017517,0.988586,7.773,75.0,-1
1782706080.147,2104,474436,0,0.00000000,0.00000000,0.00,0,0,-52.79,-0.099,0.4900,0.8820,1.8620,2.1178,0.051086,0.140686,0.017517,0.988586,7.774,76.2,-1
1782706080.335,2105,474647,0,0.00000000,0.00000000,0.00,0,0,-52.75,0.188,0.3430,0.6370,0.9310,1.1791,0.051086,0.140686,0.017517,0.988586,7.775,72.5,-1
1782706080.583,2106,474865,0,0.00000000,0.00000000,0.00,0,0,-52.69,0.148,0.1960,0.2940,2.2050,2.2331,0.051086,0.140686,0.017578,0.988586,7.775,70.0,-1
1782706080.772,2107,475086,0,0.00000000,0.00000000,0.00,0,0,-52.76,-0.120,0.6860,0.2940,2.2050,2.3279,0.051086,0.140686,0.017517,0.988586,7.776,72.5,-1
1782706081.022,2108,475308,0,0.00000000,0.00000000,0.00,0,0,-52.74,-0.146,0.3430,0.9310,1.3230,1.6537,0.051086,0.140686,0.017517,0.988586,7.775,71.2,-1
1782706081.270,2109,475549,0,0.00000000,0.00000000,0.00,0,0,-52.81,-0.325,0.3430,0.6860,2.0580,2.1963,0.051086,0.140686,0.017517,0.988586,7.773,73.8,-1
1782706081.457,2110,475769,0,0.00000000,0.00000000,0.00,0,0,-52.77,0.131,0.3920,0.3430,1.5680,1.6523,0.051086,0.140625,0.017517,0.988586,7.773,72.5,-1
1782706081.708,2111,475988,0,0.00000000,0.00000000,0.00,0,0,-52.89,-0.641,0.1470,0.3430,2.0090,2.0434,0.051086,0.140686,0.017517,0.988586,7.771,71.2,-1
1782706081.896,2112,476209,0,0.00000000,0.00000000,0.00,0,0,-52.91,-0.167,0.3430,0.4410,1.5680,1.6646,0.051025,0.140625,0.017456,0.988586,7.773,72.5,-1
1782706082.146,2113,476429,0,0.00000000,0.00000000,0.00,0,0,-52.83,0.120,0.1470,0.6860,1.5190,1.6732,0.051025,0.140625,0.017395,0.988586,7.773,71.2,-1
1782706082.333,2114,476639,0,0.00000000,0.00000000,0.00,0,0,-52.88,-0.147,1.2250,-0.3920,2.8420,3.1195,0.051025,0.140686,0.017456,0.988586,7.773,76.2,-1
1782706082.582,2115,476859,0,0.00000000,0.00000000,0.00,0,0,-52.84,0.203,-0.0490,0.7350,0.9310,1.1872,0.051025,0.140686,0.017456,0.988586,7.774,75.0,-1
1782706082.769,2116,477080,0,0.00000000,0.00000000,0.00,0,0,-52.83,0.007,-0.6860,1.6660,-0.1470,1.8077,0.051025,0.140625,0.017456,0.988586,7.774,75.0,-1
1782706083.020,2117,477300,0,0.00000000,0.00000000,0.00,0,0,-52.78,-0.030,0.3920,0.6860,1.0290,1.2973,0.051086,0.140625,0.017517,0.988586,7.773,75.0,-1
1782706083.268,2118,477545,0,0.00000000,0.00000000,0.00,0,0,-52.76,0.375,0.5390,0.4900,1.5190,1.6846,0.051086,0.140625,0.017517,0.988586,7.774,70.0,-1
1782706083.456,2119,477760,0,0.00000000,0.00000000,0.00,0,0,-52.88,-0.479,1.6170,0.6860,3.0870,3.5517,0.051086,0.140625,0.017517,0.988586,7.770,77.5,-1
1782706083.709,2120,477984,0,0.00000000,0.00000000,0.00,0,0,-52.78,-0.173,0.5880,0.3920,1.8620,1.9916,0.051086,0.140625,0.017517,0.988586,7.771,72.5,-1
1782706083.896,2121,478203,0,0.00000000,0.00000000,0.00,0,0,-52.72,0.403,0.2450,0.7350,0.0980,0.7809,0.051086,0.140625,0.017517,0.988586,7.773,71.2,-1
1782706084.145,2122,478424,0,0.00000000,0.00000000,0.00,0,0,-52.76,-0.190,0.8330,0.6370,1.6660,1.9686,0.051086,0.140564,0.017517,0.988586,7.773,71.2,-1
1782706084.331,2123,478638,0,0.00000000,0.00000000,0.00,0,0,-52.77,0.003,0.4410,0.5390,1.1760,1.3667,0.051025,0.140625,0.017456,0.988586,7.773,71.2,-1
1782706084.580,2124,478853,0,0.00000000,0.00000000,0.00,0,0,-52.76,0.014,0.0000,1.6660,0.9310,1.9085,0.051025,0.140625,0.017456,0.988586,7.773,75.0,-1
1782706084.766,2125,479074,0,0.00000000,0.00000000,0.00,0,0,-52.82,-0.097,0.2940,0.8820,1.2250,1.5379,0.051086,0.140625,0.017517,0.988586,7.775,76.2,-1
1782706085.015,2126,479295,0,0.00000000,0.00000000,0.00,0,0,-52.77,0.119,0.5390,0.5880,1.7150,1.8914,0.051086,0.140686,0.017517,0.988586,7.773,73.8,-1
1782706085.203,2127,479516,0,0.00000000,0.00000000,0.00,0,0,-52.78,-0.033,0.2940,0.6860,1.6170,1.7809,0.051025,0.140747,0.017517,0.988586,7.773,73.8,-1
1782706085.452,2128,479730,0,0.00000000,0.00000000,0.00,0,0,-52.79,-0.310,0.0000,0.7350,1.5680,1.7317,0.051025,0.140808,0.017517,0.988586,7.771,76.2,-1
1782706085.638,2129,479947,0,0.00000000,0.00000000,0.00,0,0,-52.77,-0.141,0.0980,1.2250,1.0290,1.6028,0.051025,0.140747,0.017456,0.988586,7.771,75.0,-1
1782706085.887,2130,480168,0,0.00000000,0.00000000,0.00,0,0,-52.69,0.432,0.1960,0.5390,2.2540,2.3258,0.051025,0.140808,0.017456,0.988586,7.774,75.0,-1
1782706086.074,2131,480389,0,0.00000000,0.00000000,0.00,0,0,-52.80,-0.116,0.2940,0.0490,1.8620,1.8857,0.051025,0.140808,0.017517,0.988586,7.774,75.0,-1
1782706086.322,2132,480601,0,0.00000000,0.00000000,0.00,0,0,-52.81,-0.203,0.0000,0.9310,1.5190,1.7816,0.051025,0.140747,0.017517,0.988586,7.774,73.8,-1
1782706086.508,2133,480816,0,0.00000000,0.00000000,0.00,0,0,-52.89,-0.381,0.3430,0.5390,1.7640,1.8761,0.051086,0.140686,0.017517,0.988586,7.773,75.0,-1
1782706086.757,2134,481038,0,0.00000000,0.00000000,0.00,0,0,-52.78,0.459,0.3430,0.4900,1.8620,1.9557,0.051086,0.140686,0.017517,0.988586,7.774,73.8,-1
1782706086.945,2135,481261,0,0.00000000,0.00000000,0.00,0,0,-52.82,0.172,0.4900,0.4900,1.3720,1.5371,0.051086,0.140625,0.017517,0.988586,7.775,72.5,-1
1782706087.196,2136,481478,0,0.00000000,0.00000000,0.00,0,0,-52.73,0.197,0.5880,0.4410,0.7840,1.0747,0.051086,0.140747,0.017517,0.988586,7.773,77.5,-1
1782706087.385,2137,481688,0,0.00000000,0.00000000,0.00,0,0,-52.89,-0.296,0.1470,0.8820,1.5190,1.7626,0.051086,0.140747,0.017517,0.988586,7.770,78.8,-1
1782706087.574,2138,481908,0,0.00000000,0.00000000,0.00,0,0,-52.74,0.636,0.2450,0.3430,2.7440,2.7762,0.051086,0.140686,0.017517,0.988586,7.769,76.2,-1
1782706087.821,2139,482130,0,0.00000000,0.00000000,0.00,0,0,-52.74,0.371,0.3430,0.9310,2.0580,2.2847,0.051086,0.140686,0.017517,0.988586,7.773,77.5,-1
1782706088.068,2140,482351,0,0.00000000,0.00000000,0.00,0,0,-52.83,-0.184,0.5880,0.2940,2.2540,2.3479,0.051086,0.140625,0.017578,0.988586,7.773,75.0,-1
1782706088.255,2141,482565,0,0.00000000,0.00000000,0.00,0,0,-52.79,-0.170,-0.0980,0.3920,1.0780,1.1512,0.051086,0.140625,0.017517,0.988586,7.774,68.8,-1
1782706088.507,2142,482784,0,0.00000000,0.00000000,0.00,0,0,-52.77,-0.357,0.1470,0.3920,1.1270,1.2022,0.051025,0.140625,0.017456,0.988586,7.776,70.0,-1
1782706088.695,2143,483001,0,0.00000000,0.00000000,0.00,0,0,-52.79,-0.221,0.5390,0.5390,1.5190,1.6995,0.051086,0.140625,0.017517,0.988586,7.775,73.8,-1
1782706088.943,2144,483225,0,0.00000000,0.00000000,0.00,0,0,-52.89,-0.446,-0.0980,0.9310,1.4210,1.7016,0.051086,0.140625,0.017517,0.988586,7.776,66.2,-1
1782706089.130,2145,483444,0,0.00000000,0.00000000,0.00,0,0,-52.88,-0.449,0.3920,0.3920,0.8330,1.0006,0.051086,0.140625,0.017517,0.988586,7.774,70.0,-1
1782706089.377,2146,483656,0,0.00000000,0.00000000,0.00,0,0,-52.74,-0.032,0.9800,0.0490,0.4900,1.0968,0.051086,0.140686,0.017517,0.988586,7.775,72.5,-1
1782706089.562,2147,483875,0,0.00000000,0.00000000,0.00,0,0,-52.79,-0.169,0.3430,0.8820,1.9600,2.1765,0.051086,0.140686,0.017517,0.988586,7.776,71.2,-1
1782706089.812,2148,484096,0,0.00000000,0.00000000,0.00,0,0,-52.80,0.070,0.2940,1.1270,2.2050,2.4937,0.051025,0.140747,0.017517,0.988586,7.778,71.2,-1
1782706089.999,2149,484315,0,0.00000000,0.00000000,0.00,0,0,-52.74,0.149,0.4900,0.1960,1.1760,1.2890,0.051025,0.140747,0.017517,0.988586,7.776,71.2,-1
1782706090.249,2150,484560,0,0.00000000,0.00000000,0.00,0,0,-52.77,0.063,0.0980,1.0290,1.7150,2.0024,0.051025,0.140808,0.017517,0.988586,7.776,72.5,-1
1782706090.496,2151,484776,0,0.00000000,0.00000000,0.00,0,0,-52.83,-0.047,0.4410,1.5190,2.6460,3.0827,0.051086,0.140747,0.017517,0.988586,7.773,72.5,-1
1782706090.684,2152,484998,0,0.00000000,0.00000000,0.00,0,0,-52.80,-0.000,-0.1470,0.9800,1.3230,1.6530,0.051086,0.140686,0.017517,0.988586,7.775,75.0,-1
1782706090.935,2153,485219,0,0.00000000,0.00000000,0.00,0,0,-52.82,0.207,0.7840,-0.0490,3.1360,3.2329,0.051086,0.140686,0.017517,0.988586,7.775,72.5,-1
1782706091.122,2154,485438,0,0.00000000,0.00000000,0.00,0,0,-52.71,0.389,0.3430,0.8330,1.2250,1.5206,0.051086,0.140686,0.017517,0.988586,7.775,75.0,-1
1782706091.372,2155,485649,0,0.00000000,0.00000000,0.00,0,0,-52.91,-0.961,1.0780,0.4410,2.0090,2.3222,0.051086,0.140686,0.017517,0.988586,7.775,68.8,-1
1782706091.557,2156,485869,0,0.00000000,0.00000000,0.00,0,0,-52.77,0.378,-0.7840,1.4210,-0.0980,1.6259,0.051025,0.140747,0.017395,0.988586,7.776,71.2,-1
1782706091.805,2157,486091,0,0.00000000,0.00000000,0.00,0,0,-52.79,0.475,0.3920,0.9800,1.1760,1.5802,0.051025,0.140808,0.017273,0.988586,7.776,66.2,-1
1782706091.991,2158,486309,0,0.00000000,0.00000000,0.00,0,0,-52.90,-0.252,0.6370,0.0980,1.8130,1.9241,0.051025,0.140747,0.017273,0.988586,7.774,73.8,-1
1782706092.238,2159,486553,0,0.00000000,0.00000000,0.00,0,0,-52.77,0.683,0.1960,0.3430,2.2540,2.2884,0.051025,0.140747,0.017334,0.988586,7.778,70.0,-1
1782706092.489,2160,486773,0,0.00000000,0.00000000,0.00,0,0,-52.90,-0.628,-0.4900,0.7840,0.5390,1.0702,0.051086,0.140747,0.017395,0.988586,7.778,68.8,-1
1782706092.676,2161,486992,0,0.00000000,0.00000000,0.00,0,0,-52.82,0.145,0.7840,0.2450,1.4700,1.6839,0.051086,0.140747,0.017456,0.988586,7.779,67.5,-1
1782706092.924,2162,487214,0,0.00000000,0.00000000,0.00,0,0,-52.95,-0.294,0.2940,0.8820,2.0580,2.2583,0.051086,0.140747,0.017456,0.988586,7.778,67.5,-1
1782706093.113,2163,487432,0,0.00000000,0.00000000,0.00,0,0,-52.87,0.277,-0.1960,0.8820,0.7840,1.1962,0.051086,0.140686,0.017456,0.988586,7.776,71.2,-1
1782706093.361,2164,487643,0,0.00000000,0.00000000,0.00,0,0,-52.90,-0.358,1.2250,0.3430,0.7350,1.4692,0.051086,0.140686,0.017578,0.988586,7.775,72.5,-1
1782706093.548,2165,487866,0,0.00000000,0.00000000,0.00,0,0,-52.97,-0.120,0.1960,0.8330,1.4210,1.6588,0.051086,0.140686,0.017578,0.988586,7.775,72.5,-1
1782706093.796,2166,488084,0,0.00000000,0.00000000,0.00,0,0,-52.90,0.215,0.2450,0.5880,2.8420,2.9125,0.051086,0.140686,0.017578,0.988586,7.774,72.5,-1
1782706093.982,2167,488305,0,0.00000000,0.00000000,0.00,0,0,-52.85,0.498,-0.0490,0.5390,1.9110,1.9862,0.051086,0.140686,0.017578,0.988586,7.773,70.0,-1
1782706094.231,2168,488549,0,0.00000000,0.00000000,0.00,0,0,-52.97,-0.432,0.0980,0.6860,1.9600,2.0789,0.051086,0.140625,0.017517,0.988586,7.776,70.0,-1
1782706094.481,2169,488763,0,0.00000000,0.00000000,0.00,0,0,-52.93,0.381,-0.3920,1.6170,1.2250,2.0662,0.051086,0.140625,0.017517,0.988586,7.771,72.5,-1
1782706094.668,2170,488982,0,0.00000000,0.00000000,0.00,0,0,-53.06,-0.453,0.2940,0.9800,1.3720,1.7115,0.051086,0.140625,0.017517,0.988586,7.775,73.8,-1
1782706094.918,2171,489205,0,0.00000000,0.00000000,0.00,0,0,-53.03,-0.071,0.7350,1.6170,1.9600,2.6451,0.051086,0.140564,0.017517,0.988586,7.775,70.0,-1
1782706095.106,2172,489426,0,0.00000000,0.00000000,0.00,0,0,-52.99,-0.258,0.6370,0.0980,1.4210,1.5603,0.051086,0.140625,0.017517,0.988586,7.775,71.2,-1
1782706095.354,2173,489639,0,0.00000000,0.00000000,0.00,0,0,-52.93,0.231,0.4900,0.2940,2.0580,2.1359,0.051086,0.140625,0.017517,0.988586,7.778,75.0,-1
1782706095.542,2174,489860,0,0.00000000,0.00000000,0.00,0,0,-52.97,-0.125,0.7350,0.6860,1.4700,1.7809,0.051086,0.140625,0.017517,0.988586,7.775,68.8,-1
1782706095.790,2175,490079,0,0.00000000,0.00000000,0.00,0,0,-52.95,-0.141,0.5880,0.2450,1.3720,1.5127,0.051086,0.140564,0.017517,0.988586,7.776,71.2,-1
1782706095.977,2176,490299,0,0.00000000,0.00000000,0.00,0,0,-53.02,0.025,0.4410,1.4700,1.2740,1.9946,0.051086,0.140564,0.017517,0.988586,7.778,70.0,-1
1782706096.225,2177,490543,0,0.00000000,0.00000000,0.00,0,0,-52.96,-0.046,0.5390,0.9800,1.8620,2.1721,0.051086,0.140564,0.017456,0.988586,7.773,75.0,-1
1782706096.475,2178,490757,0,0.00000000,0.00000000,0.00,0,0,-52.96,0.127,0.5390,0.9310,1.3720,1.7435,0.051086,0.140686,0.017456,0.988586,7.774,73.8,-1
1782706096.660,2179,490981,0,0.00000000,0.00000000,0.00,0,0,-53.11,-0.845,0.3920,0.2940,2.4500,2.4985,0.051086,0.140747,0.017456,0.988586,7.773,71.2,-1
1782706096.908,2180,491201,0,0.00000000,0.00000000,0.00,0,0,-52.95,0.385,0.1470,0.8820,1.3230,1.5968,0.051086,0.140808,0.017456,0.988586,7.775,75.0,-1
1782706097.094,2181,491423,0,0.00000000,0.00000000,0.00,0,0,-52.91,-0.079,-0.0980,1.1270,1.2250,1.6674,0.051086,0.140747,0.017517,0.988586,7.773,76.2,-1
1782706097.342,2182,491636,0,0.00000000,0.00000000,0.00,0,0,-53.01,-0.502,0.4410,0.2940,2.4990,2.5546,0.051086,0.140747,0.017517,0.988586,7.776,75.0,-1
1782706097.527,2183,491854,0,0.00000000,0.00000000,0.00,0,0,-52.95,0.066,0.0980,1.4700,1.6170,2.1875,0.051086,0.140686,0.017517,0.988586,7.775,75.0,-1
1782706097.774,2184,492072,0,0.00000000,0.00000000,0.00,0,0,-53.03,-0.496,0.2940,0.3430,1.5190,1.5848,0.051086,0.140686,0.017517,0.988586,7.774,70.0,-1
1782706097.961,2185,492293,0,0.00000000,0.00000000,0.00,0,0,-52.87,0.282,0.6370,0.6370,1.6660,1.8940,0.051086,0.140686,0.017517,0.988586,7.774,72.5,-1
1782706098.212,2186,492515,0,0.00000000,0.00000000,0.00,0,0,-53.00,-0.545,0.7840,0.4900,2.1560,2.3459,0.051086,0.140686,0.017517,0.988586,7.776,78.8,-1
1782706098.397,2187,492728,0,0.00000000,0.00000000,0.00,0,0,-52.95,-0.216,0.4900,0.4410,1.6660,1.7917,0.051086,0.140686,0.017517,0.988586,7.774,72.5,-1
1782706098.645,2188,492944,0,0.00000000,0.00000000,0.00,0,0,-52.95,0.221,0.3920,0.5390,1.4700,1.6140,0.051086,0.140625,0.017517,0.988586,7.774,72.5,-1
1782706098.893,2189,493166,0,0.00000000,0.00000000,0.00,0,0,-52.96,0.174,0.0000,0.9800,0.9310,1.3517,0.051086,0.140625,0.017517,0.988586,7.774,71.2,-1
1782706099.080,2190,493385,0,0.00000000,0.00000000,0.00,0,0,-52.95,-0.173,-0.0490,0.9800,1.3230,1.6472,0.051086,0.140625,0.017517,0.988586,7.774,72.5,-1
1782706099.267,2191,493599,0,0.00000000,0.00000000,0.00,0,0,-53.00,-0.074,0.4410,0.6370,1.8130,1.9716,0.051086,0.140625,0.017517,0.988586,7.774,75.0,-1
1782706099.518,2192,493815,0,0.00000000,0.00000000,0.00,0,0,-52.93,0.273,0.7350,0.0980,2.0090,2.1415,0.051086,0.140625,0.017517,0.988586,7.773,76.2,-1
1782706099.704,2193,494037,0,0.00000000,0.00000000,0.00,0,0,-52.97,-0.251,1.1270,1.6660,2.7440,3.4022,0.051086,0.140625,0.017456,0.988586,7.774,80.0,-1
1782706099.950,2194,494258,0,0.00000000,0.00000000,0.00,0,0,-52.94,0.093,0.1960,0.4410,1.2250,1.3166,0.051086,0.140625,0.017456,0.988586,7.774,75.0,-1
1782706100.201,2195,494479,0,0.00000000,0.00000000,0.00,0,0,-52.95,0.026,0.0980,1.3720,1.6660,2.1604,0.051086,0.140625,0.017395,0.988586,7.773,76.2,-1
1782706100.387,2196,494691,0,0.00000000,0.00000000,0.00,0,0,-52.85,0.636,0.1960,1.4210,1.4700,2.0539,0.051086,0.140625,0.017456,0.988586,7.775,70.0,-1
1782706100.635,2197,494910,0,0.00000000,0.00000000,0.00,0,0,-52.99,-0.207,0.2450,0.5880,1.0290,1.2102,0.051086,0.140625,0.017456,0.988586,7.774,72.5,-1
1782706100.823,2198,495129,0,0.00000000,0.00000000,0.00,0,0,-53.03,-0.091,0.0980,0.7840,1.2740,1.4991,0.051086,0.140625,0.017456,0.988586,7.773,75.0,-1
1782706101.072,2199,495351,0,0.00000000,0.00000000,0.00,0,0,-52.93,0.308,0.3920,0.3430,1.9600,2.0280,0.051086,0.140625,0.017517,0.988586,7.775,67.5,-1
1782706101.256,2200,495562,0,0.00000000,0.00000000,0.00,0,0,-52.97,0.306,0.7840,0.4900,1.8130,2.0351,0.051086,0.140564,0.017517,0.988586,7.775,75.0,-1
1782706101.506,2201,495778,0,0.00000000,0.00000000,0.00,0,0,-53.04,-0.349,0.6860,0.4410,2.6950,2.8157,0.051086,0.140625,0.017456,0.988586,7.771,81.2,-1
1782706101.693,2202,495999,0,0.00000000,0.00000000,0.00,0,0,-52.98,0.007,0.6370,0.7840,1.2250,1.5878,0.051086,0.140625,0.017395,0.988586,7.771,78.8,-1
1782706101.943,2203,496223,0,0.00000000,0.00000000,0.00,0,0,-52.98,0.052,1.0290,0.1960,2.3030,2.5300,0.051086,0.140625,0.017395,0.988586,7.776,72.5,-1
1782706102.130,2204,496443,0,0.00000000,0.00000000,0.00,0,0,-52.82,0.721,0.1960,0.6860,1.7150,1.8575,0.051086,0.140564,0.017456,0.988586,7.775,73.8,-1
1782706102.379,2205,496654,0,0.00000000,0.00000000,0.00,0,0,-52.89,0.320,0.2940,0.4410,1.9600,2.0304,0.051086,0.140564,0.017456,0.988586,7.775,72.5,-1
1782706102.569,2206,496874,0,0.00000000,0.00000000,0.00,0,0,-53.07,-0.855,0.4410,0.5390,1.4210,1.5825,0.051086,0.140625,0.017456,0.988586,7.775,71.2,-1
1782706102.817,2207,497095,0,0.00000000,0.00000000,0.00,0,0,-52.99,-0.010,0.1960,0.5390,1.1270,1.2645,0.051086,0.140625,0.017456,0.988586,7.774,73.8,-1
1782706103.001,2208,497313,0,0.00000000,0.00000000,0.00,0,0,-53.12,-0.441,0.2940,0.0000,1.3720,1.4031,0.051086,0.140625,0.017456,0.988586,7.774,72.5,-1
1782706103.248,2209,497558,0,0.00000000,0.00000000,0.00,0,0,-53.00,0.177,0.2450,0.2450,1.5680,1.6058,0.051086,0.140625,0.017517,0.988586,7.773,75.0,-1
1782706103.496,2210,497774,0,0.00000000,0.00000000,0.00,0,0,-53.07,0.098,0.5880,0.5880,1.7150,1.9060,0.051086,0.140625,0.017517,0.988586,7.773,73.8,-1
1782706103.684,2211,497993,0,0.00000000,0.00000000,0.00,0,0,-53.01,0.206,0.1960,0.7840,1.7640,1.9403,0.051086,0.140625,0.017517,0.988586,7.774,76.2,-1
1782706103.931,2212,498214,0,0.00000000,0.00000000,0.00,0,0,-52.96,0.371,0.5390,0.7840,1.0780,1.4378,0.051086,0.140625,0.017517,0.988586,7.774,73.8,-1
1782706104.119,2213,498433,0,0.00000000,0.00000000,0.00,0,0,-53.00,0.081,0.2940,0.4900,1.3720,1.4862,0.051086,0.140686,0.017517,0.988586,7.774,76.2,-1
1782706104.371,2214,498644,0,0.00000000,0.00000000,0.00,0,0,-53.02,0.069,0.3920,0.7350,1.3720,1.6051,0.051086,0.140625,0.017517,0.988586,7.773,78.8,-1
1782706104.558,2215,498861,0,0.00000000,0.00000000,0.00,0,0,-52.87,0.628,0.4900,0.5390,1.1270,1.3419,0.051086,0.140625,0.017517,0.988586,7.776,71.2,-1
1782706104.745,2216,499076,0,0.00000000,0.00000000,0.00,0,0,-52.93,0.026,0.1470,0.6370,1.5680,1.6988,0.051086,0.140625,0.017517,0.988586,7.773,75.0,-1
1782706104.992,2217,499301,0,0.00000000,0.00000000,0.00,0,0,-52.81,0.432,0.7350,0.2940,2.2540,2.3890,0.051086,0.140625,0.017517,0.988586,7.776,73.8,-1
1782706105.241,2218,499543,0,0.00000000,0.00000000,0.00,0,0,-52.89,-0.077,0.3430,0.6370,1.6170,1.7715,0.051086,0.140625,0.017517,0.988586,7.774,70.0,-1
1782706105.430,2219,499760,0,0.00000000,0.00000000,0.00,0,0,-53.01,-0.310,0.4410,0.3920,1.8130,1.9066,0.051086,0.140625,0.017517,0.988586,7.773,72.5,-1
1782706105.678,2220,499981,0,0.00000000,0.00000000,0.00,0,0,-52.77,0.484,-0.2940,1.0290,1.0290,1.4846,0.051086,0.140625,0.017639,0.988586,7.776,67.5,-1
1782706105.927,2221,500202,0,0.00000000,0.00000000,0.00,0,0,-52.66,0.602,0.5390,0.6370,1.9110,2.0852,0.051086,0.140625,0.017639,0.988586,7.775,70.0,-1
1782706106.113,2222,500422,0,0.00000000,0.00000000,0.00,0,0,-52.82,0.047,0.3430,0.8330,1.4210,1.6825,0.051086,0.140686,0.017639,0.988586,7.774,71.2,-1
1782706106.363,2223,500634,0,0.00000000,0.00000000,0.00,0,0,-52.98,-0.532,0.4410,0.6370,1.2250,1.4494,0.051086,0.140747,0.017639,0.988586,7.773,75.0,-1
1782706106.549,2224,500859,0,0.00000000,0.00000000,0.00,0,0,-52.91,0.202,1.1270,0.3430,1.6170,2.0006,0.051086,0.140808,0.017578,0.988586,7.773,75.0,-1
1782706106.798,2225,501082,0,0.00000000,0.00000000,0.00,0,0,-52.92,-0.129,0.3430,0.3920,2.4010,2.4569,0.051086,0.140747,0.017578,0.988586,7.775,72.5,-1
1782706106.986,2226,501304,0,0.00000000,0.00000000,0.00,0,0,-52.89,0.265,0.5880,0.2940,2.2540,2.3479,0.051086,0.140808,0.017578,0.988586,7.775,72.5,-1
1782706107.233,2227,501548,0,0.00000000,0.00000000,0.00,0,0,-52.77,0.560,0.1960,0.6860,1.2740,1.4602,0.051086,0.140808,0.017517,0.988586,7.774,73.8,-1
1782706107.483,2228,501764,0,0.00000000,0.00000000,0.00,0,0,-52.91,-0.280,0.4410,0.1960,2.4010,2.4490,0.051086,0.140808,0.017517,0.988586,7.773,73.8,-1
1782706107.669,2229,501986,0,0.00000000,0.00000000,0.00,0,0,-52.91,0.191,0.0490,0.5390,1.0780,1.2062,0.051086,0.140869,0.017456,0.988586,7.773,73.8,-1
1782706107.917,2230,502203,0,0.00000000,0.00000000,0.00,0,0,-52.91,0.099,0.1470,0.5390,2.1070,2.1798,0.051086,0.140930,0.017395,0.988525,7.771,71.2,-1
1782706108.106,2231,502427,0,0.00000000,0.00000000,0.00,0,0,-52.82,0.489,0.5390,0.8820,1.3720,1.7178,0.051086,0.140930,0.017395,0.988525,7.774,75.0,-1
1782706108.355,2232,502637,0,0.00000000,0.00000000,0.00,0,0,-52.78,0.558,0.2940,0.3920,2.0580,2.1155,0.051086,0.140930,0.017456,0.988525,7.773,76.2,-1
1782706108.540,2233,502854,0,0.00000000,0.00000000,0.00,0,0,-52.83,-0.077,0.0980,0.6860,1.5680,1.7143,0.051086,0.140930,0.017456,0.988525,7.770,76.2,-1
1782706108.792,2234,503077,0,0.00000000,0.00000000,0.00,0,0,-52.76,0.284,0.4410,0.6860,2.1070,2.2593,0.051086,0.140869,0.017456,0.988525,7.771,75.0,-1
1782706108.980,2235,503298,0,0.00000000,0.00000000,0.00,0,0,-52.88,-0.287,0.1960,0.0000,2.4010,2.4090,0.051086,0.140808,0.017517,0.988586,7.775,77.5,-1
1782706109.230,2236,503539,0,0.00000000,0.00000000,0.00,0,0,-52.93,-0.308,0.0980,0.5880,1.5680,1.6775,0.051086,0.140747,0.017517,0.988586,7.776,68.8,-1
1782706109.479,2237,503756,0,0.00000000,0.00000000,0.00,0,0,-52.92,-0.064,0.4900,0.5880,0.7840,1.0957,0.051086,0.140747,0.017517,0.988586,7.771,80.0,-1
1782706109.668,2238,503978,0,0.00000000,0.00000000,0.00,0,0,-52.91,0.024,0.1470,0.9310,1.9110,2.1308,0.051086,0.140808,0.017517,0.988586,7.776,80.0,-1
1782706109.918,2239,504200,0,0.00000000,0.00000000,0.00,0,0,-52.92,-0.241,0.6860,0.2940,1.6660,1.8255,0.051086,0.140869,0.017517,0.988586,7.778,70.0,-1
1782706110.106,2240,504419,0,0.00000000,0.00000000,0.00,0,0,-52.85,-0.147,0.2450,0.6860,1.6660,1.8183,0.051086,0.140869,0.017517,0.988525,7.776,72.5,-1
1782706110.355,2241,504634,0,0.00000000,0.00000000,0.00,0,0,-53.00,-1.083,0.5390,0.7350,2.2050,2.3860,0.051086,0.140930,0.017517,0.988525,7.779,70.0,-1
1782706110.542,2242,504848,0,0.00000000,0.00000000,0.00,0,0,-53.01,-0.386,0.2940,0.3430,1.0290,1.1238,0.051086,0.140869,0.017517,0.988586,7.776,72.5,-1
1782706110.792,2243,505069,0,0.00000000,0.00000000,0.00,0,0,-53.00,-0.291,0.2450,0.2450,1.6660,1.7016,0.051086,0.140747,0.017517,0.988586,7.776,67.5,-1
1782706110.978,2244,505293,0,0.00000000,0.00000000,0.00,0,0,-52.97,-0.203,0.4900,0.4410,1.5190,1.6559,0.051086,0.140747,0.017517,0.988586,7.778,70.0,-1
1782706111.229,2245,505512,0,0.00000000,0.00000000,0.00,0,0,-52.98,-0.205,-0.2450,0.6370,1.4700,1.6207,0.051086,0.140747,0.017517,0.988586,7.775,75.0,-1
1782706111.415,2246,505721,0,0.00000000,0.00000000,0.00,0,0,-52.97,0.098,0.6860,0.7350,2.2050,2.4234,0.051086,0.140747,0.017517,0.988586,7.776,72.5,-1
1782706111.666,2247,505943,0,0.00000000,0.00000000,0.00,0,0,-52.88,0.240,0.8330,1.2250,2.1070,2.5756,0.051086,0.140686,0.017578,0.988586,7.776,71.2,-1
1782706111.853,2248,506164,0,0.00000000,0.00000000,0.00,0,0,-52.86,0.018,0.1470,0.9310,1.3230,1.6244,0.051086,0.140686,0.017578,0.988586,7.775,67.5,-1
1782706112.100,2249,506385,0,0.00000000,0.00000000,0.00,0,0,-52.82,0.025,0.0980,0.4900,1.5190,1.5991,0.051086,0.140625,0.017578,0.988586,7.778,71.2,-1
1782706112.287,2250,506597,0,0.00000000,0.00000000,0.00,0,0,-52.83,-0.114,0.3430,0.9800,0.7350,1.2721,0.051086,0.140625,0.017578,0.988586,7.779,70.0,-1
1782706112.536,2251,506814,0,0.00000000,0.00000000,0.00,0,0,-52.85,0.045,0.5880,0.6860,1.7640,1.9819,0.051086,0.140625,0.017578,0.988586,7.778,72.5,-1
1782706112.723,2252,507036,0,0.00000000,0.00000000,0.00,0,0,-52.89,-0.149,0.6370,1.1760,0.8330,1.5756,0.051086,0.140625,0.017517,0.988586,7.779,67.5,-1
1782706112.972,2253,507257,0,0.00000000,0.00000000,0.00,0,0,-52.83,0.401,0.6860,0.5390,2.1560,2.3258,0.051086,0.140625,0.017456,0.988586,7.778,66.2,-1
1782706113.159,2254,507477,0,0.00000000,0.00000000,0.00,0,0,-52.92,-0.367,0.5390,1.0290,2.1070,2.4060,0.051086,0.140625,0.017456,0.988586,7.779,68.8,-1
1782706113.410,2255,507687,0,0.00000000,0.00000000,0.00,0,0,-52.85,-0.228,0.4410,0.6370,0.8820,1.1740,0.051086,0.140625,0.017456,0.988586,7.778,67.5,-1
1782706113.600,2256,507906,0,0.00000000,0.00000000,0.00,0,0,-52.80,0.239,0.2450,0.7350,1.8620,2.0168,0.051086,0.140564,0.017517,0.988586,7.774,73.8,-1
1782706113.851,2257,508128,0,0.00000000,0.00000000,0.00,0,0,-52.84,0.076,1.1270,1.0290,3.0380,3.3998,0.051086,0.140564,0.017517,0.988586,7.774,70.0,-1
1782706114.038,2258,508350,0,0.00000000,0.00000000,0.00,0,0,-52.86,-0.139,0.4900,0.5390,1.3230,1.5103,0.051086,0.140625,0.017517,0.988586,7.776,76.2,-1
1782706114.289,2259,508561,0,0.00000000,0.00000000,0.00,0,0,-52.81,0.210,0.0490,0.9310,1.5190,1.7823,0.051086,0.140625,0.017517,0.988586,7.775,72.5,-1
1782706114.475,2260,508779,0,0.00000000,0.00000000,0.00,0,0,-52.82,0.026,0.2450,0.2940,1.3720,1.4244,0.051086,0.140686,0.017517,0.988586,7.775,72.5,-1
1782706114.723,2261,508999,0,0.00000000,0.00000000,0.00,0,0,-52.91,-0.345,0.2450,0.4410,1.9110,1.9765,0.051086,0.140686,0.017517,0.988586,7.774,72.5,-1
1782706114.911,2262,509221,0,0.00000000,0.00000000,0.00,0,0,-52.95,-0.269,0.6860,0.5880,1.2740,1.5619,0.051086,0.140686,0.017517,0.988586,7.775,72.5,-1
1782706115.160,2263,509442,0,0.00000000,0.00000000,0.00,0,0,-52.86,-0.184,-0.3920,1.2250,1.1760,1.7428,0.051086,0.140625,0.017517,0.988586,7.775,75.0,-1
1782706115.346,2264,509653,0,0.00000000,0.00000000,0.00,0,0,-52.92,-0.222,0.0490,0.6860,0.0980,0.6947,0.051086,0.140686,0.017517,0.988586,7.774,73.8,-1
1782706115.596,2265,509870,0,0.00000000,0.00000000,0.00,0,0,-52.86,0.049,1.2250,-0.1470,2.1560,2.4841,0.051086,0.140686,0.017517,0.988586,7.774,76.2,-1
1782706115.783,2266,510092,0,0.00000000,0.00000000,0.00,0,0,-52.80,0.571,0.4900,1.0290,1.6170,1.9783,0.051086,0.140625,0.017517,0.988586,7.774,76.2,-1
1782706116.032,2267,510311,0,0.00000000,0.00000000,0.00,0,0,-52.85,0.097,0.2450,0.6370,1.5190,1.6653,0.051086,0.140625,0.017517,0.988586,7.774,75.0,-1
1782706116.280,2268,510555,0,0.00000000,0.00000000,0.00,0,0,-52.93,-0.123,1.5190,0.7840,1.6660,2.3870,0.051086,0.140625,0.017517,0.988586,7.778,71.2,-1
1782706116.470,2269,510773,0,0.00000000,0.00000000,0.00,0,0,-52.77,0.805,0.3430,0.7840,1.7150,1.9166,0.051086,0.140625,0.017639,0.988586,7.773,75.0,-1
1782706116.718,2270,510993,0,0.00000000,0.00000000,0.00,0,0,-52.78,0.119,0.4900,0.6370,1.6660,1.8497,0.051086,0.140625,0.017639,0.988586,7.773,77.5,-1
1782706116.905,2271,511215,0,0.00000000,0.00000000,0.00,0,0,-52.77,0.167,0.8330,0.4900,1.4700,1.7592,0.051086,0.140564,0.017578,0.988586,7.774,73.8,-1
1782706117.155,2272,511435,0,0.00000000,0.00000000,0.00,0,0,-52.81,-0.163,-1.0780,1.6170,-1.0780,2.2224,0.051086,0.140625,0.017578,0.988586,7.775,76.2,-1
1782706117.343,2273,511648,0,0.00000000,0.00000000,0.00,0,0,-52.78,0.451,0.2450,0.7350,2.0090,2.1532,0.051086,0.140625,0.017578,0.988586,7.775,71.2,-1
1782706117.592,2274,511868,0,0.00000000,0.00000000,0.00,0,0,-52.84,0.042,0.3430,0.6860,0.9800,1.2444,0.051086,0.140625,0.017578,0.988586,7.775,70.0,-1
1782706117.778,2275,512088,0,0.00000000,0.00000000,0.00,0,0,-52.81,-0.047,0.0980,0.8330,1.9600,2.1319,0.051086,0.140625,0.017578,0.988586,7.776,73.8,-1
1782706118.027,2276,512308,0,0.00000000,0.00000000,0.00,0,0,-52.80,0.041,0.3430,0.7350,1.3720,1.5938,0.051086,0.140625,0.017578,0.988586,7.774,67.5,-1
1782706118.276,2277,512551,0,0.00000000,0.00000000,0.00,0,0,-52.87,-0.316,0.3920,0.5390,1.7150,1.8399,0.051086,0.140625,0.017517,0.988586,7.774,72.5,-1
1782706118.463,2278,512769,0,0.00000000,0.00000000,0.00,0,0,-52.96,-0.624,0.5880,-0.3920,2.3030,2.4090,0.051086,0.140625,0.017517,0.988586,7.775,70.0,-1
1782706118.710,2279,512989,0,0.00000000,0.00000000,0.00,0,0,-52.76,0.409,0.1960,0.9310,1.7640,2.0042,0.051086,0.140625,0.017517,0.988586,7.775,67.5,-1
1782706118.896,2280,513209,0,0.00000000,0.00000000,0.00,0,0,-52.97,-0.895,0.3430,0.6860,1.8130,1.9686,0.051086,0.140625,0.017517,0.988586,7.775,73.8,-1
1782706119.146,2281,513431,0,0.00000000,0.00000000,0.00,0,0,-52.81,0.118,0.6370,0.3920,1.5680,1.7373,0.051086,0.140686,0.017517,0.988586,7.776,67.5,-1
1782706119.335,2282,513642,0,0.00000000,0.00000000,0.00,0,0,-52.72,0.190,-0.0490,1.9600,1.2250,2.3118,0.051086,0.140747,0.017517,0.988586,7.776,77.5,-1
1782706119.585,2283,513859,0,0.00000000,0.00000000,0.00,0,0,-52.77,0.011,0.0490,0.6370,1.4210,1.5580,0.051086,0.140686,0.017517,0.988586,7.774,73.8,-1
1782706119.773,2284,514080,0,0.00000000,0.00000000,0.00,0,0,-52.76,0.187,0.5880,0.3430,1.6170,1.7544,0.051086,0.140686,0.017517,0.988586,7.771,73.8,-1
1782706120.020,2285,514303,0,0.00000000,0.00000000,0.00,0,0,-52.84,-0.276,0.0980,2.1560,1.3720,2.5574,0.051086,0.140625,0.017517,0.988586,7.773,76.2,-1
1782706120.270,2286,514546,0,0.00000000,0.00000000,0.00,0,0,-52.84,0.011,0.0980,0.5390,1.6170,1.7073,0.051086,0.140625,0.017517,0.988586,7.774,75.0,-1
1782706120.456,2287,514763,0,0.00000000,0.00000000,0.00,0,0,-52.83,0.242,1.2740,-0.3430,3.1850,3.4475,0.051086,0.140625,0.017517,0.988586,7.773,75.0,-1
1782706120.707,2288,514984,0,0.00000000,0.00000000,0.00,0,0,-52.71,0.472,0.4900,0.6860,2.5480,2.6838,0.051086,0.140625,0.017517,0.988586,7.774,76.2,-1
1782706120.895,2289,515203,0,0.00000000,0.00000000,0.00,0,0,-52.76,-0.020,0.7350,0.5880,1.7640,1.9994,0.051086,0.140625,0.017517,0.988586,7.774,76.2,-1
1782706121.144,2290,515423,0,0.00000000,0.00000000,0.00,0,0,-52.87,-0.523,0.3920,0.6370,1.5680,1.7373,0.051086,0.140625,0.017517,0.988586,7.774,80.0,-1
1782706121.330,2291,515632,0,0.00000000,0.00000000,0.00,0,0,-52.84,-0.435,0.0000,0.1470,2.5480,2.5522,0.051086,0.140625,0.017517,0.988586,7.775,76.2,-1
1782706121.578,2292,515853,0,0.00000000,0.00000000,0.00,0,0,-52.77,0.192,0.3920,0.4900,1.0780,1.2473,0.051086,0.140564,0.017517,0.988586,7.775,75.0,-1
1782706121.765,2293,516076,0,0.00000000,0.00000000,0.00,0,0,-52.76,0.106,0.2940,0.5880,1.7640,1.8825,0.051086,0.140564,0.017517,0.988586,7.776,72.5,-1
1782706122.013,2294,516295,0,0.00000000,0.00000000,0.00,0,0,-52.83,-0.046,-0.0980,1.0780,1.8130,2.1116,0.051086,0.140564,0.017456,0.988586,7.774,72.5,-1
1782706122.200,2295,516518,0,0.00000000,0.00000000,0.00,0,0,-52.82,-0.280,0.3920,0.9800,1.5190,1.8497,0.051086,0.140564,0.017395,0.988586,7.773,76.2,-1
1782706122.448,2296,516726,0,0.00000000,0.00000000,0.00,0,0,-52.76,0.103,0.1960,0.5390,1.7640,1.8549,0.051086,0.140564,0.017395,0.988586,7.773,75.0,-1
1782706122.635,2297,516948,0,0.00000000,0.00000000,0.00,0,0,-52.84,-0.297,0.6370,-0.0490,2.6950,2.7697,0.051086,0.140564,0.017456,0.988586,7.778,70.0,-1
1782706122.883,2298,517166,0,0.00000000,0.00000000,0.00,0,0,-52.90,-0.257,0.7350,0.2940,1.3230,1.5417,0.051086,0.140564,0.017456,0.988586,7.771,78.8,-1
1782706123.069,2299,517390,0,0.00000000,0.00000000,0.00,0,0,-52.78,0.098,-0.1960,0.6370,1.8130,1.9316,0.051086,0.140564,0.017456,0.988586,7.774,68.8,-1
1782706123.321,2300,517602,0,0.00000000,0.00000000,0.00,0,0,-52.78,-0.079,0.5390,0.4410,1.6660,1.8057,0.051086,0.140564,0.017456,0.988586,7.775,72.5,-1
1782706123.506,2301,517818,0,0.00000000,0.00000000,0.00,0,0,-52.87,-0.340,0.6860,0.3430,1.0780,1.3230,0.051086,0.140564,0.017456,0.988586,7.774,75.0,-1
1782706123.754,2302,518040,0,0.00000000,0.00000000,0.00,0,0,-52.85,-0.124,0.2940,1.7150,1.4700,2.2778,0.051086,0.140625,0.017517,0.988586,7.774,72.5,-1
1782706123.940,2303,518260,0,0.00000000,0.00000000,0.00,0,0,-52.71,0.457,-0.0980,1.5680,0.4410,1.6318,0.051086,0.140625,0.017517,0.988586,7.773,70.0,-1
1782706124.191,2304,518481,0,0.00000000,0.00000000,0.00,0,0,-52.75,0.118,0.6860,0.5880,1.8620,2.0696,0.051086,0.140625,0.017456,0.988586,7.776,71.2,-1
1782706124.380,2305,518688,0,0.00000000,0.00000000,0.00,0,0,-52.84,-0.259,-0.3430,1.2250,0.2450,1.2955,0.051086,0.140625,0.017456,0.988586,7.773,75.0,-1
1782706124.629,2306,518913,0,0.00000000,0.00000000,0.00,0,0,-52.82,-0.013,0.3430,0.6370,1.5190,1.6825,0.051086,0.140625,0.017578,0.988586,7.775,72.5,-1
1782706124.816,2307,519133,0,0.00000000,0.00000000,0.00,0,0,-52.82,-0.024,0.4410,0.6860,0.3920,0.9048,0.051086,0.140625,0.017578,0.988586,7.775,72.5,-1
1782706125.065,2308,519353,0,0.00000000,0.00000000,0.00,0,0,-52.76,0.090,0.3920,0.3920,1.5190,1.6170,0.051086,0.140625,0.017578,0.988586,7.774,72.5,-1
1782706125.252,2309,519566,0,0.00000000,0.00000000,0.00,0,0,-52.82,-0.195,0.3430,0.7350,1.6170,1.8090,0.051086,0.140625,0.017456,0.988586,7.774,73.8,-1
1782706125.500,2310,519785,0,0.00000000,0.00000000,0.00,0,0,-52.83,0.022,-0.0490,0.9800,1.3720,1.6868,0.051086,0.140625,0.017456,0.988586,7.775,72.5,-1
1782706125.684,2311,520003,0,0.00000000,0.00000000,0.00,0,0,-52.70,0.414,0.3430,0.6860,1.7640,1.9235,0.051086,0.140625,0.017456,0.988586,7.774,77.5,-1
1782706125.935,2312,520222,0,0.00000000,0.00000000,0.00,0,0,-52.81,-0.163,0.4900,0.0490,1.9600,2.0209,0.051086,0.140625,0.017456,0.988586,7.773,77.5,-1
1782706126.121,2313,520443,0,0.00000000,0.00000000,0.00,0,0,-52.76,-0.229,0.2450,1.0780,1.9110,2.2077,0.051086,0.140625,0.017517,0.988586,7.771,80.0,-1
1782706126.373,2314,520657,0,0.00000000,0.00000000,0.00,0,0,-52.77,-0.400,0.4900,0.3430,2.1070,2.1903,0.051086,0.140625,0.017517,0.988586,7.773,72.5,-1
1782706126.559,2315,520877,0,0.00000000,0.00000000,0.00,0,0,-52.77,-0.135,0.5880,0.2450,2.0580,2.1543,0.051086,0.140625,0.017517,0.988586,7.771,72.5,-1
1782706126.809,2316,521097,0,0.00000000,0.00000000,0.00,0,0,-52.79,-0.197,1.6170,0.8820,3.3810,3.8502,0.051086,0.140625,0.017517,0.988586,7.773,76.2,-1
1782706126.996,2317,521318,0,0.00000000,0.00000000,0.00,0,0,-52.80,-0.303,0.4900,0.3430,1.9110,2.0024,0.051086,0.140625,0.017517,0.988586,7.774,68.8,-1
1782706127.245,2318,521559,0,0.00000000,0.00000000,0.00,0,0,-52.90,-0.535,0.3920,0.4900,1.5680,1.6889,0.051086,0.140625,0.017517,0.988586,7.776,71.2,-1
1782706127.496,2319,521779,0,0.00000000,0.00000000,0.00,0,0,-52.85,0.314,0.0980,-0.1960,1.0290,1.0521,0.051086,0.140686,0.017517,0.988586,7.775,77.5,-1
1782706127.682,2320,521999,0,0.00000000,0.00000000,0.00,0,0,-52.87,0.104,0.2450,0.7350,1.2250,1.4494,0.051086,0.140686,0.017517,0.988586,7.775,71.2,-1
1782706127.932,2321,522220,0,0.00000000,0.00000000,0.00,0,0,-52.75,0.467,0.2940,0.5390,1.1270,1.2834,0.051086,0.140686,0.017517,0.988586,7.776,73.8,-1
1782706128.120,2322,522440,0,0.00000000,0.00000000,0.00,0,0,-52.91,-0.382,0.4410,0.1960,1.7150,1.7816,0.051086,0.140686,0.017456,0.988586,7.778,72.5,-1
1782706128.371,2323,522651,0,0.00000000,0.00000000,0.00,0,0,-52.88,0.075,0.3430,0.3430,1.5680,1.6413,0.051086,0.140747,0.017456,0.988586,7.774,73.8,-1
1782706128.559,2324,522869,0,0.00000000,0.00000000,0.00,0,0,-52.72,1.055,0.4410,0.7350,1.4700,1.7016,0.051086,0.140808,0.017517,0.988586,7.775,75.0,-1
1782706128.808,2325,523092,0,0.00000000,0.00000000,0.00,0,0,-52.69,0.653,0.1470,0.4900,1.6660,1.7428,0.051086,0.140747,0.017517,0.988586,7.774,72.5,-1
1782706128.995,2326,523308,0,0.00000000,0.00000000,0.00,0,0,-52.84,-0.498,0.2450,0.4900,1.5190,1.6148,0.051086,0.140686,0.017456,0.988586,7.773,75.0,-1
1782706129.246,2327,523555,0,0.00000000,0.00000000,0.00,0,0,-52.87,-0.500,0.1470,0.4410,0.9310,1.0406,0.051025,0.140686,0.017395,0.988586,7.775,73.8,-1
1782706129.494,2328,523772,0,0.00000000,0.00000000,0.00,0,0,-52.94,-0.552,0.2940,0.2450,1.3720,1.4244,0.051025,0.140625,0.017334,0.988586,7.773,76.2,-1
1782706129.682,2329,523993,0,0.00000000,0.00000000,0.00,0,0,-52.88,0.251,0.0490,0.5390,1.5190,1.6125,0.051086,0.140625,0.017395,0.988586,7.771,72.5,-1
1782706129.932,2330,524214,0,0.00000000,0.00000000,0.00,0,0,-52.92,-0.087,0.0490,0.5880,1.8620,1.9533,0.051086,0.140625,0.017395,0.988586,7.774,71.2,-1
1782706130.119,2331,524434,0,0.00000000,0.00000000,0.00,0,0,-52.92,-0.393,0.4900,0.4900,1.5680,1.7143,0.051086,0.140625,0.017456,0.988586,7.773,72.5,-1
1782706130.367,2332,524648,0,0.00000000,0.00000000,0.00,0,0,-52.76,0.181,0.2450,0.3920,1.8130,1.8710,0.051086,0.140625,0.017456,0.988586,7.773,75.0,-1
1782706130.554,2333,524865,0,0.00000000,0.00000000,0.00,0,0,-52.81,0.095,0.6860,0.0980,1.6660,1.8044,0.051086,0.140625,0.017456,0.988586,7.775,72.5,-1
1782706130.802,2334,525084,0,0.00000000,0.00000000,0.00,0,0,-52.78,-0.122,0.1960,1.2250,2.2540,2.5728,0.051086,0.140625,0.017517,0.988586,7.773,72.5,-1
1782706130.989,2335,525304,0,0.00000000,0.00000000,0.00,0,0,-52.85,-0.248,0.2450,0.8330,0.6860,1.1066,0.051086,0.140625,0.017517,0.988586,7.770,75.0,-1
1782706131.240,2336,525549,0,0.00000000,0.00000000,0.00,0,0,-52.95,-0.449,0.7840,0.0490,1.4700,1.6667,0.051086,0.140625,0.017517,0.988586,7.775,75.0,-1
1782706131.489,2337,525766,0,0.00000000,0.00000000,0.00,0,0,-52.89,-0.053,0.4900,0.8330,0.8820,1.3084,0.051086,0.140625,0.017517,0.988586,7.771,75.0,-1
1782706131.674,2338,525987,0,0.00000000,0.00000000,0.00,0,0,-52.88,-0.180,0.1470,0.5390,0.9310,1.0858,0.051086,0.140625,0.017395,0.988586,7.774,75.0,-1
1782706131.925,2339,526209,0,0.00000000,0.00000000,0.00,0,0,-52.88,-0.097,-0.5390,0.7840,1.0780,1.4378,0.051086,0.140625,0.017456,0.988586,7.771,72.5,-1
1782706132.111,2340,526430,0,0.00000000,0.00000000,0.00,0,0,-52.84,-0.117,0.4900,0.6370,2.1560,2.3009,0.051086,0.140625,0.017456,0.988586,7.773,76.2,-1
1782706132.359,2341,526640,0,0.00000000,0.00000000,0.00,0,0,-52.86,-0.272,0.1960,0.5880,1.4210,1.5503,0.051086,0.140625,0.017395,0.988586,7.778,68.8,-1
1782706132.548,2342,526860,0,0.00000000,0.00000000,0.00,0,0,-52.92,-0.188,0.3430,0.9800,1.3230,1.6818,0.051025,0.140625,0.017334,0.988586,7.779,68.8,-1
1782706132.797,2343,527078,0,0.00000000,0.00000000,0.00,0,0,-52.82,0.284,0.3920,0.3920,1.4700,1.5711,0.051025,0.140625,0.017395,0.988586,7.778,73.8,-1
1782706132.984,2344,527300,0,0.00000000,0.00000000,0.00,0,0,-52.82,0.114,1.1270,0.3920,1.9600,2.2946,0.051086,0.140625,0.017395,0.988586,7.776,68.8,-1
1782706133.234,2345,527544,0,0.00000000,0.00000000,0.00,0,0,-52.88,-0.301,0.3430,0.5390,1.9600,2.0615,0.051086,0.140625,0.017456,0.988586,7.776,70.0,-1
1782706133.482,2346,527763,0,0.00000000,0.00000000,0.00,0,0,-52.84,0.097,1.5190,-0.5390,3.3810,3.7455,0.051086,0.140625,0.017456,0.988586,7.776,71.2,-1
1782706133.669,2347,527982,0,0.00000000,0.00000000,0.00,0,0,-52.92,-0.593,-0.3430,1.4700,1.0780,1.8549,0.051086,0.140625,0.017456,0.988586,7.776,72.5,-1
1782706133.919,2348,528202,0,0.00000000,0.00000000,0.00,0,0,-52.88,-0.254,0.2450,0.5390,1.8620,1.9539,0.051086,0.140625,0.017517,0.988586,7.775,70.0,-1
1782706134.105,2349,528423,0,0.00000000,0.00000000,0.00,0,0,-52.99,-0.691,0.9310,0.7350,3.0870,3.3070,0.051086,0.140625,0.017517,0.988586,7.775,68.8,-1
1782706134.356,2350,528634,0,0.00000000,0.00000000,0.00,0,0,-52.92,0.253,0.3430,0.7840,1.9600,2.1387,0.051086,0.140625,0.017517,0.988586,7.776,72.5,-1
1782706134.543,2351,528854,0,0.00000000,0.00000000,0.00,0,0,-52.94,-0.218,0.1960,0.9310,1.4700,1.7510,0.051086,0.140686,0.017517,0.988586,7.776,71.2,-1
1782706134.792,2352,529071,0,0.00000000,0.00000000,0.00,0,0,-52.73,0.903,-1.2250,2.6950,0.5390,3.0090,0.051086,0.140625,0.017517,0.988586,7.773,75.0,-1
1782706134.978,2353,529292,0,0.00000000,0.00000000,0.00,0,0,-52.86,-0.063,-0.0980,1.0290,0.4410,1.1238,0.051086,0.140625,0.017456,0.988586,7.773,75.0,-1
1782706135.228,2354,529512,0,0.00000000,0.00000000,0.00,0,0,-52.91,-0.210,0.8820,-0.1470,2.4500,2.6081,0.051086,0.140625,0.017456,0.988586,7.773,78.8,-1
1782706135.415,2355,529726,0,0.00000000,0.00000000,0.00,0,0,-52.90,0.082,0.2450,0.4410,1.8620,1.9291,0.051086,0.140564,0.017395,0.988586,7.776,71.2,-1
1782706135.661,2356,529947,0,0.00000000,0.00000000,0.00,0,0,-52.95,-0.292,0.6370,0.9800,2.4500,2.7145,0.051086,0.140564,0.017395,0.988586,7.775,72.5,-1
1782706135.846,2357,530167,0,0.00000000,0.00000000,0.00,0,0,-52.91,0.094,0.3430,0.4900,0.0490,0.6001,0.051086,0.140625,0.017456,0.988586,7.774,68.8,-1
1782706136.097,2358,530387,0,0.00000000,0.00000000,0.00,0,0,-52.96,-0.279,0.4410,0.9800,0.9800,1.4544,0.051086,0.140625,0.017456,0.988586,7.776,68.8,-1
1782706136.284,2359,530599,0,0.00000000,0.00000000,0.00,0,0,-52.85,0.187,0.2450,0.0490,1.5190,1.5394,0.051086,0.140564,0.017456,0.988586,7.775,70.0,-1
1782706136.534,2360,530818,0,0.00000000,0.00000000,0.00,0,0,-52.89,0.242,0.7350,0.4410,1.4700,1.7016,0.051086,0.140625,0.017456,0.988586,7.776,71.2,-1
1782706136.720,2361,531039,0,0.00000000,0.00000000,0.00,0,0,-52.80,0.403,0.3920,1.7150,0.3920,1.8024,0.051086,0.140564,0.017517,0.988586,7.776,70.0,-1
1782706136.970,2362,531257,0,0.00000000,0.00000000,0.00,0,0,-53.00,-1.034,1.0780,0.1960,2.8420,3.0459,0.051086,0.140564,0.017517,0.988586,7.776,72.5,-1
1782706137.158,2363,531480,0,0.00000000,0.00000000,0.00,0,0,-52.96,-0.145,0.1960,0.8820,1.3720,1.6428,0.051086,0.140625,0.017517,0.988586,7.776,72.5,-1
1782706137.406,2364,531693,0,0.00000000,0.00000000,0.00,0,0,-52.88,-0.094,0.2450,0.1470,0.6370,0.6981,0.051086,0.140625,0.017517,0.988586,7.776,70.0,-1
1782706137.593,2365,531908,0,0.00000000,0.00000000,0.00,0,0,-52.94,0.077,0.1960,0.4410,1.3230,1.4083,0.051086,0.140625,0.017517,0.988586,7.776,72.5,-1
1782706137.843,2366,532131,0,0.00000000,0.00000000,0.00,0,0,-52.92,0.113,0.9310,0.6860,2.6950,2.9326,0.051086,0.140686,0.017517,0.988586,7.776,67.5,-1
1782706138.030,2367,532352,0,0.00000000,0.00000000,0.00,0,0,-52.90,0.076,0.2940,0.8330,1.8130,2.0168,0.051086,0.140686,0.017517,0.988586,7.776,70.0,-1
1782706138.279,2368,532565,0,0.00000000,0.00000000,0.00,0,0,-52.93,0.088,-0.9800,1.5680,0.4410,1.9009,0.051086,0.140625,0.017517,0.988586,7.775,70.0,-1
1782706138.464,2369,532780,0,0.00000000,0.00000000,0.00,0,0,-52.97,-0.063,1.4210,-0.0980,3.1850,3.4890,0.051086,0.140625,0.017517,0.988586,7.775,73.8,-1
1782706138.713,2370,533004,0,0.00000000,0.00000000,0.00,0,0,-52.97,0.035,0.8330,0.2940,1.5680,1.7997,0.051086,0.140625,0.017517,0.988586,7.774,72.5,-1
1782706138.900,2371,533223,0,0.00000000,0.00000000,0.00,0,0,-52.98,0.213,-0.0490,0.2450,1.1760,1.2022,0.051086,0.140625,0.017517,0.988586,7.776,73.8,-1
1782706139.151,2372,533445,0,0.00000000,0.00000000,0.00,0,0,-53.05,-0.565,0.0980,0.3920,1.5190,1.5718,0.050110,0.140503,0.020142,0.988586,7.775,72.5,-1
1782706139.337,2373,533662,0,0.00000000,0.00000000,0.00,0,0,-52.92,0.353,-0.6370,1.4210,0.9310,1.8143,0.046509,0.136047,0.025635,0.989258,7.773,78.8,-1
1782706139.586,2374,533883,0,0.00000000,0.00000000,0.00,0,0,-52.93,0.125,0.9310,1.0780,1.8620,2.3443,0.033936,0.174744,0.047729,0.982849,7.773,78.8,-1
1782706139.834,2375,534105,0,0.00000000,0.00000000,0.00,0,0,-52.92,-0.085,0.8820,1.4700,2.2050,2.7930,0.026123,0.182983,0.063354,0.980713,7.774,72.5,-1
1782706140.022,2376,534324,0,0.00000000,0.00000000,0.00,0,0,-52.90,0.096,0.5390,0.7350,2.0580,2.2508,0.039490,0.194092,0.068970,0.977783,7.770,73.8,-1
1782706140.273,2377,534566,0,0.00000000,0.00000000,0.00,0,0,-52.88,0.030,0.2940,0.3920,1.0780,1.1841,0.036682,0.214294,0.099854,0.970947,7.774,75.0,-1
1782706140.459,2378,534787,0,0.00000000,0.00000000,0.00,0,0,-52.89,0.080,0.8820,0.6860,1.7640,2.0881,0.004028,0.215454,0.101685,0.971191,7.775,73.8,-1
1782706140.711,2379,535007,0,0.00000000,0.00000000,0.00,0,0,-52.93,-0.415,0.0980,-0.0980,1.4210,1.4277,0.004456,0.210327,0.081177,0.974243,7.773,75.0,-1
1782706140.898,2380,535228,0,0.00000000,0.00000000,0.00,0,0,-52.94,-0.371,0.7350,0.7350,1.9600,2.2186,0.012146,0.206299,0.112122,0.971985,7.775,76.2,-1
1782706141.148,2381,535447,0,0.00000000,0.00000000,0.00,0,0,-52.88,0.170,1.2250,0.9800,1.3720,2.0841,0.005615,0.201355,0.089905,0.975403,7.773,77.5,-1
1782706141.336,2382,535658,0,0.00000000,0.00000000,0.00,0,0,-52.88,0.074,0.3920,-0.1470,0.9310,1.0208,0.010986,0.203064,0.090088,0.974976,7.778,73.8,-1
1782706141.586,2383,535879,0,0.00000000,0.00000000,0.00,0,0,-52.82,0.225,0.7840,1.1270,1.8130,2.2741,0.000977,0.204651,0.107544,0.972900,7.779,72.5,-1
1782706141.772,2384,536100,0,0.00000000,0.00000000,0.00,0,0,-52.84,0.010,0.5390,0.1960,0.8820,1.0521,0.013977,0.203247,0.092712,0.974609,7.773,72.5,-1
1782706142.022,2385,536320,0,0.00000000,0.00000000,0.00,0,0,-52.89,-0.376,0.2940,0.2450,0.7840,0.8724,0.007141,-0.210632,-0.105713,-0.971802,7.775,70.0,-1
1782706142.271,2386,536564,0,0.00000000,0.00000000,0.00,0,0,-52.92,-0.497,0.1960,0.9800,0.7350,1.2406,0.014526,0.200867,0.098145,0.974609,7.776,72.5,-1
1782706142.457,2387,536779,0,0.00000000,0.00000000,0.00,0,0,-52.83,-0.116,0.6370,1.6170,2.1560,2.7693,0.021179,0.201477,0.105286,0.973572,7.776,72.5,-1
1782706142.706,2388,537002,0,0.00000000,0.00000000,0.00,0,0,-52.77,0.493,0.6370,-0.9310,1.5190,1.8921,0.012756,0.215881,0.090942,0.972107,7.773,76.2,-1
1782706142.894,2389,537223,0,0.00000000,0.00000000,0.00,0,0,-52.85,0.054,0.4410,-0.0490,1.8130,1.8665,0.003906,-0.222229,-0.093506,-0.970520,7.774,77.5,-1
1782706143.144,2390,537443,0,0.00000000,0.00000000,0.00,0,0,-52.93,-0.302,0.3920,0.8820,1.1270,1.4838,0.004150,0.222961,0.097839,0.969910,7.774,75.0,-1
1782706143.330,2391,537656,0,0.00000000,0.00000000,0.00,0,0,-52.82,0.364,0.0980,0.2940,1.1270,1.1688,0.002869,0.226013,0.096619,0.969299,7.773,72.5,-1
1782706143.579,2392,537876,0,0.00000000,0.00000000,0.00,0,0,-52.86,0.081,1.2250,2.3030,2.2540,3.4475,0.015808,-0.219238,-0.101685,-0.970215,7.778,73.8,-1
1782706143.768,2393,538092,0,0.00000000,0.00000000,0.00,0,0,-52.83,-0.047,-0.2450,0.0000,0.3430,0.4215,0.011414,-0.216125,-0.094604,-0.971680,7.775,76.2,-1
1782706144.017,2394,538314,0,0.00000000,0.00000000,0.00,0,0,-52.93,-0.385,0.4410,0.8820,1.7150,1.9783,0.005981,-0.216980,-0.097229,-0.971313,7.776,73.8,-1
1782706144.265,2395,538559,0,0.00000000,0.00000000,0.00,0,0,-52.83,0.473,0.2450,2.1560,0.2450,2.1837,0.005676,-0.218506,-0.097595,-0.970947,7.779,71.2,-1
1782706144.452,2396,538778,0,0.00000000,0.00000000,0.00,0,0,-52.80,0.483,-0.0490,1.1270,1.1760,1.6296,0.002808,-0.218323,-0.102356,-0.970459,7.778,76.2,-1
1782706144.700,2397,538995,0,0.00000000,0.00000000,0.00,0,0,-52.93,-0.212,0.1470,2.0090,1.1760,2.3325,0.010254,-0.222900,-0.103333,-0.969299,7.776,75.0,-1
1782706144.888,2398,539217,0,0.00000000,0.00000000,0.00,0,0,-52.85,0.435,-0.2450,1.1760,1.4700,1.8984,0.005310,-0.208313,-0.085266,-0.974304,7.778,75.0,-1
1782706145.138,2399,539434,0,0.00000000,0.00000000,0.00,0,0,-52.86,0.232,0.1470,1.0290,0.7350,1.2731,0.015198,-0.220459,-0.071045,-0.972656,7.775,77.5,-1
1782706145.325,2400,539646,0,0.00000000,0.00000000,0.00,0,0,-52.87,-0.064,0.4410,0.8820,1.5680,1.8523,0.024719,-0.207214,-0.050415,-0.976685,7.778,75.0,-1
1782706145.575,2401,539868,0,0.00000000,0.00000000,0.00,0,0,-52.91,0.007,0.3430,0.4900,1.4700,1.5870,0.022888,-0.225342,-0.050049,-0.972717,7.778,75.0,-1
1782706145.763,2402,540087,0,0.00000000,0.00000000,0.00,0,0,-52.90,-0.077,1.1270,0.5880,1.5190,1.9807,0.021179,-0.260864,-0.061523,-0.963196,7.776,76.2,-1
1782706146.012,2403,540310,0,0.00000000,0.00000000,0.00,0,0,-52.87,0.003,-0.0980,1.1270,1.0290,1.5292,0.017944,-0.267700,-0.062622,-0.961304,7.778,72.5,-1
1782706146.260,2404,540552,0,0.00000000,0.00000000,0.00,0,0,-52.94,-0.298,0.1470,0.8330,1.2250,1.4887,0.014709,-0.265625,-0.056580,-0.962280,7.778,65.0,-1
1782706146.449,2405,540769,0,0.00000000,0.00000000,0.00,0,0,-52.92,-0.293,0.3430,1.0290,1.6660,1.9880,0.016663,-0.267456,-0.057007,-0.961731,7.776,73.8,-1
1782706146.698,2406,540991,0,0.00000000,0.00000000,0.00,0,0,-52.84,0.518,0.2450,0.7350,1.2740,1.4911,0.018616,-0.268127,-0.057007,-0.961548,7.778,72.5,-1
1782706146.886,2407,541210,0,0.00000000,0.00000000,0.00,0,0,-52.88,-0.009,0.6370,0.6370,1.4700,1.7241,0.018616,-0.263062,-0.055603,-0.963013,7.778,71.2,-1
1782706147.135,2408,541431,0,0.00000000,0.00000000,0.00,0,0,-52.89,-0.092,-0.1960,1.6170,1.7150,2.3652,0.015137,-0.261169,-0.056152,-0.963562,7.778,71.2,-1
1782706147.322,2409,541642,0,0.00000000,0.00000000,0.00,0,0,-52.91,0.043,0.6370,0.5880,1.6170,1.8347,0.016296,-0.260376,-0.055603,-0.963745,7.779,76.2,-1
1782706147.570,2410,541858,0,0.00000000,0.00000000,0.00,0,0,-52.87,0.687,1.0780,0.4410,2.2050,2.4937,0.014771,-0.256226,-0.052856,-0.965027,7.775,77.5,-1
1782706147.757,2411,542081,0,0.00000000,0.00000000,0.00,0,0,-52.90,-0.091,0.5880,0.7350,1.5680,1.8288,0.011536,-0.254028,-0.052917,-0.965698,7.776,80.0,-1
1782706148.009,2412,542303,0,0.00000000,0.00000000,0.00,0,0,-52.88,-0.015,0.3430,0.7350,1.7640,1.9415,0.011475,-0.251770,-0.051941,-0.966309,7.776,71.2,-1
1782706148.258,2413,542548,0,0.00000000,0.00000000,0.00,0,0,-52.94,-0.212,0.3920,0.7840,1.7150,1.9260,0.010864,-0.243591,-0.049255,-0.968567,7.776,75.0,-1
1782706148.444,2414,542766,0,0.00000000,0.00000000,0.00,0,0,-52.93,0.227,0.7350,0.6860,2.0090,2.2465,0.012695,-0.248474,-0.050171,-0.967285,7.776,73.8,-1
1782706148.691,2415,542984,0,0.00000000,0.00000000,0.00,0,0,-53.07,-0.557,0.6370,0.8330,1.6170,1.9273,0.012085,-0.249878,-0.051025,-0.966858,7.778,70.0,-1
1782706148.879,2416,543204,0,0.00000000,0.00000000,0.00,0,0,-52.98,0.079,1.3230,0.1960,1.5680,2.0609,0.016235,-0.243408,-0.046814,-0.968689,7.775,70.0,-1
1782706149.129,2417,543423,0,0.00000000,0.00000000,0.00,0,0,-52.94,0.368,1.1270,0.7350,1.8130,2.2577,0.014160,-0.233337,-0.051331,-0.970947,7.773,72.5,-1
1782706149.319,2418,543640,0,0.00000000,0.00000000,0.00,0,0,-52.99,-0.155,0.3920,0.7840,1.3720,1.6281,0.016296,-0.263123,-0.069153,-0.962158,7.776,72.5,-1
1782706149.568,2419,543854,0,0.00000000,0.00000000,0.00,0,0,-52.95,-0.117,0.9310,0.2940,1.1760,1.5285,0.019836,-0.262451,-0.062378,-0.962708,7.775,73.8,-1
1782706149.756,2420,544077,0,0.00000000,0.00000000,0.00,0,0,-53.01,-0.019,0.2450,0.5880,1.6660,1.7836,0.024658,-0.151794,-0.033936,-0.987549,7.776,75.0,-1
1782706150.006,2421,544298,0,0.00000000,0.00000000,0.00,0,0,-52.95,-0.111,0.5880,0.4900,1.9110,2.0586,0.024231,-0.146179,-0.032593,-0.988403,7.775,73.8,-1
1782706150.193,2422,544517,0,0.00000000,0.00000000,0.00,0,0,-52.90,0.225,0.2450,0.6370,1.3720,1.5324,0.024231,-0.145935,-0.032410,-0.988464,7.774,78.8,-1
1782706150.441,2423,544728,0,0.00000000,0.00000000,0.00,0,0,-52.88,0.068,0.0490,0.3920,-0.5390,0.6683,0.024170,-0.145203,-0.032043,-0.988586,7.774,77.5,-1
1782706150.628,2424,544948,0,0.00000000,0.00000000,0.00,0,0,-52.97,-0.630,0.6370,0.6370,1.7640,1.9807,0.024048,-0.140381,-0.040466,-0.988953,7.775,76.2,-1
1782706150.879,2425,545171,0,0.00000000,0.00000000,0.00,0,0,-52.92,0.126,-0.8330,1.9110,1.2250,2.4179,0.023254,-0.130249,-0.043640,-0.990234,7.775,77.5,-1
1782706151.067,2426,545391,0,0.00000000,0.00000000,0.00,0,0,-52.99,-0.272,0.0980,1.0290,1.6170,1.9191,0.008850,-0.137634,-0.039307,-0.989685,7.776,70.0,-1
1782706151.317,2427,545603,0,0.00000000,0.00000000,0.00,0,0,-53.03,-0.506,1.3720,0.6860,2.5480,2.9741,0.005615,-0.141113,-0.038330,-0.989258,7.780,70.0,-1
1782706151.502,2428,545820,0,0.00000000,0.00000000,0.00,0,0,-52.92,0.344,0.1960,1.1760,2.0090,2.3361,0.000183,0.138977,0.042114,0.989380,7.779,73.8,-1
1782706151.748,2429,546041,0,0.00000000,0.00000000,0.00,0,0,-52.99,0.200,0.3430,0.8330,1.8620,2.0685,0.021729,-0.113831,-0.043579,-0.992310,7.779,70.0,-1
1782706151.935,2430,546262,0,0.00000000,0.00000000,0.00,0,0,-52.86,0.463,-0.3430,1.2250,0.8330,1.5206,0.023682,-0.103455,-0.050110,-0.993103,7.779,66.2,-1
1782706152.182,2431,546483,0,0.00000000,0.00000000,0.00,0,0,-52.78,0.444,0.1470,0.2940,1.5680,1.6021,0.026611,-0.126282,-0.051392,-0.990295,7.778,68.8,-1
1782706152.368,2432,546691,0,0.00000000,0.00000000,0.00,0,0,-53.03,-0.831,-0.7840,1.5190,0.2940,1.7345,0.026855,-0.130737,-0.054382,-0.989563,7.775,71.2,-1
1782706152.616,2433,546915,0,0.00000000,0.00000000,0.00,0,0,-52.87,0.330,0.5880,0.5390,1.1270,1.3807,0.026917,-0.132812,-0.053223,-0.989319,7.776,70.0,-1
1782706152.805,2434,547133,0,0.00000000,0.00000000,0.00,0,0,-52.83,0.240,1.0290,0.4410,2.4990,2.7383,0.026978,-0.132812,-0.052429,-0.989380,7.775,70.0,-1
1782706153.057,2435,547354,0,0.00000000,0.00000000,0.00,0,0,-52.81,0.298,1.0780,0.3430,3.1360,3.3338,0.026611,-0.131409,-0.050964,-0.989685,7.779,71.2,-1
1782706153.244,2436,547567,0,0.00000000,0.00000000,0.00,0,0,-52.89,-0.140,-0.1470,0.6370,0.9800,1.1780,0.026917,-0.131592,-0.050232,-0.989685,7.778,68.8,-1
1782706153.493,2437,547783,0,0.00000000,0.00000000,0.00,0,0,-52.91,0.187,-0.0980,0.3920,1.4210,1.4773,0.026550,-0.131958,-0.050110,-0.989624,7.780,75.0,-1
1782706153.679,2438,548006,0,0.00000000,0.00000000,0.00,0,0,-52.91,0.115,0.7840,0.3430,2.3030,2.4569,0.026306,-0.132141,-0.049988,-0.989624,7.781,71.2,-1
1782706153.929,2439,548227,0,0.00000000,0.00000000,0.00,0,0,-52.90,-0.172,0.2940,0.6860,1.3720,1.5619,0.026184,-0.131958,-0.049866,-0.989685,7.778,71.2,-1
1782706154.115,2440,548444,0,0.00000000,0.00000000,0.00,0,0,-52.83,0.398,0.3430,0.5390,0.5880,0.8683,0.026367,-0.132141,-0.049805,-0.989624,7.779,71.2,-1
1782706154.366,2441,548656,0,0.00000000,0.00000000,0.00,0,0,-52.97,-0.357,0.3430,0.2940,1.9110,1.9637,0.026367,-0.132385,-0.050110,-0.989563,7.779,73.8,-1
1782706154.552,2442,548877,0,0.00000000,0.00000000,0.00,0,0,-52.99,0.007,0.7840,1.2740,1.7640,2.3129,0.026245,-0.132446,-0.050049,-0.989563,7.779,71.2,-1
1782706154.801,2443,549097,0,0.00000000,0.00000000,0.00,0,0,-52.92,0.216,0.1960,0.7840,1.4210,1.6347,0.027039,-0.133484,-0.048889,-0.989502,7.779,70.0,-1
1782706154.989,2444,549318,0,0.00000000,0.00000000,0.00,0,0,-52.84,0.458,-0.5880,0.7350,0.1960,0.9614,0.025818,-0.140747,-0.041504,-0.988831,7.780,75.0,-1
1782706155.240,2445,549564,0,0.00000000,0.00000000,0.00,0,0,-52.86,-0.292,-0.0980,1.5680,1.0290,1.8780,0.025757,-0.140930,-0.041382,-0.988831,7.779,71.2,-1
1782706155.489,2446,549778,0,0.00000000,0.00000000,0.00,0,0,-52.97,-0.557,0.3430,0.5390,0.3920,0.7496,0.025757,-0.140991,-0.041260,-0.988831,7.774,76.2,-1
1782706155.673,2447,549998,0,0.00000000,0.00000000,0.00,0,0,-53.02,-0.520,0.5880,1.1270,1.6660,2.0956,0.025818,-0.141113,-0.041077,-0.988831,7.775,80.0,-1
1782706155.919,2448,550217,0,0.00000000,0.00000000,0.00,0,0,-52.85,0.253,0.5880,0.6860,1.4700,1.7255,0.025879,-0.141113,-0.041016,-0.988831,7.776,80.0,-1
1782706156.170,2449,550439,0,0.00000000,0.00000000,0.00,0,0,-52.83,0.285,-0.1470,1.4700,0.1470,1.4846,0.025818,-0.141113,-0.040955,-0.988831,7.776,75.0,-1
1782706156.356,2450,550650,0,0.00000000,0.00000000,0.00,0,0,-52.83,-0.147,0.1960,0.4410,1.9600,2.0185,0.025757,-0.141113,-0.040833,-0.988831,7.778,71.2,-1
1782706156.544,2451,550870,0,0.00000000,0.00000000,0.00,0,0,-52.85,0.017,0.2940,0.6860,1.5190,1.6925,0.025879,-0.141113,-0.040894,-0.988831,7.779,73.8,-1
1782706156.792,2452,551094,0,0.00000000,0.00000000,0.00,0,0,-52.85,-0.057,-0.1960,0.4410,0.9310,1.0486,0.025818,-0.141052,-0.041016,-0.988831,7.781,66.2,-1
1782706157.041,2453,551312,0,0.00000000,0.00000000,0.00,0,0,-52.89,-0.084,1.1760,0.5880,2.4500,2.7805,0.025696,-0.140991,-0.040955,-0.988831,7.779,67.5,-1
1782706157.229,2454,551556,0,0.00000000,0.00000000,0.00,0,0,-52.93,-0.446,0.5880,0.7350,1.7640,1.9994,0.025757,-0.141052,-0.040955,-0.988831,7.779,73.8,-1
1782706157.479,2455,551774,0,0.00000000,0.00000000,0.00,0,0,-52.85,0.223,0.2450,0.6370,1.1270,1.3175,0.025757,-0.141052,-0.040955,-0.988831,7.779,72.5,-1
1782706157.666,2456,551993,0,0.00000000,0.00000000,0.00,0,0,-52.76,0.714,0.1960,0.8330,2.0580,2.2288,0.025818,-0.141113,-0.040955,-0.988831,7.778,67.5,-1
1782706157.917,2457,552215,0,0.00000000,0.00000000,0.00,0,0,-52.85,-0.045,-0.0490,0.7350,2.4500,2.5583,0.025818,-0.141113,-0.040894,-0.988831,7.780,71.2,-1
1782706158.167,2458,552436,0,0.00000000,0.00000000,0.00,0,0,-52.83,-0.003,0.2940,0.8330,1.4700,1.7150,0.025818,-0.141174,-0.040894,-0.988831,7.778,75.0,-1
1782706158.355,2459,552645,0,0.00000000,0.00000000,0.00,0,0,-52.78,0.214,0.5390,0.1470,0.6860,0.8847,0.025818,-0.141174,-0.040894,-0.988831,7.778,76.2,-1
1782706158.541,2460,552863,0,0.00000000,0.00000000,0.00,0,0,-52.73,0.382,-0.2940,1.3720,0.7840,1.6073,0.025818,-0.141174,-0.040894,-0.988831,7.774,76.2,-1
1782706158.790,2461,553087,0,0.00000000,0.00000000,0.00,0,0,-52.76,-0.079,0.6370,0.6370,2.3030,2.4729,0.025818,-0.141174,-0.040894,-0.988831,7.778,76.2,-1
1782706158.977,2462,553306,0,0.00000000,0.00000000,0.00,0,0,-52.88,-0.425,1.1270,0.5390,2.6460,2.9261,0.025818,-0.141174,-0.040894,-0.988831,7.775,75.0,-1
1782706159.226,2463,553550,0,0.00000000,0.00000000,0.00,0,0,-52.86,-0.007,0.3430,0.4410,1.1760,1.3020,0.025818,-0.141113,-0.040833,-0.988831,7.778,73.8,-1
1782706159.477,2464,553769,0,0.00000000,0.00000000,0.00,0,0,-52.89,-0.129,0.3920,0.1470,1.1270,1.2022,0.025818,-0.141113,-0.040833,-0.988831,7.779,67.5,-1
1782706159.663,2465,553985,0,0.00000000,0.00000000,0.00,0,0,-52.94,-0.169,0.3920,0.2940,1.6170,1.6896,0.025818,-0.141113,-0.040833,-0.988831,7.775,81.2,-1
1782706159.910,2466,554206,0,0.00000000,0.00000000,0.00,0,0,-52.81,0.296,0.0490,1.1760,1.7150,2.0800,0.025818,-0.141113,-0.040833,-0.988831,7.779,82.5,-1
1782706160.096,2467,554421,0,0.00000000,0.00000000,0.00,0,0,-52.89,-0.085,0.0490,0.1960,2.5480,2.5560,0.025818,-0.141113,-0.040833,-0.988831,7.779,76.2,-1
1782706160.346,2468,554631,0,0.00000000,0.00000000,0.00,0,0,-52.87,0.289,0.1470,0.5390,1.1760,1.3020,0.025818,-0.141113,-0.040833,-0.988831,7.779,72.5,-1
1782706160.533,2469,554844,0,0.00000000,0.00000000,0.00,0,0,-52.88,0.364,-0.4900,1.7150,1.8620,2.5784,0.025818,-0.141113,-0.040833,-0.988831,7.778,72.5,-1
1782706160.784,2470,555058,0,0.00000000,0.00000000,0.00,0,0,-52.75,0.742,1.5190,0.7840,2.2540,2.8289,0.025818,-0.141113,-0.040833,-0.988831,7.778,76.2,-1
1782706160.971,2471,555281,0,0.00000000,0.00000000,0.00,0,0,-52.90,-0.536,0.0490,0.5880,2.1070,2.1881,0.025818,-0.141113,-0.040833,-0.988831,7.779,78.8,-1
1782706161.222,2472,555503,0,0.00000000,0.00000000,0.00,0,0,-52.86,0.364,0.0000,0.6370,1.9110,2.0144,0.025818,-0.141113,-0.040833,-0.988831,7.778,75.0,-1
1782706161.408,2473,555711,0,0.00000000,0.00000000,0.00,0,0,-52.89,0.123,0.3920,0.6370,2.0580,2.1897,0.025818,-0.141174,-0.040833,-0.988831,7.775,75.0,-1
1782706161.660,2474,555934,0,0.00000000,0.00000000,0.00,0,0,-52.91,-0.131,0.8330,0.7350,3.5770,3.7455,0.025818,-0.141174,-0.040894,-0.988831,7.776,73.8,-1
1782706161.845,2475,556152,0,0.00000000,0.00000000,0.00,0,0,-52.86,0.359,0.0000,0.5880,2.1070,2.1875,0.025818,-0.141174,-0.040894,-0.988831,7.776,78.8,-1
1782706162.094,2476,556374,0,0.00000000,0.00000000,0.00,0,0,-52.82,-0.004,-0.4410,1.2740,0.4410,1.4185,0.025818,-0.141235,-0.040894,-0.988770,7.776,75.0,-1
1782706162.284,2477,556587,0,0.00000000,0.00000000,0.00,0,0,-52.98,-0.639,0.2450,0.1960,1.2740,1.3121,0.025818,-0.141235,-0.040894,-0.988770,7.779,72.5,-1
1782706162.532,2478,556804,0,0.00000000,0.00000000,0.00,0,0,-52.93,-0.065,0.0000,0.5390,1.6170,1.7045,0.025818,-0.141235,-0.040894,-0.988770,7.778,71.2,-1
1782706162.718,2479,557025,0,0.00000000,0.00000000,0.00,0,0,-52.97,-0.397,0.0490,0.5390,1.4700,1.5665,0.025818,-0.141174,-0.040894,-0.988770,7.780,68.8,-1
1782706162.969,2480,557245,0,0.00000000,0.00000000,0.00,0,0,-52.83,0.445,0.2450,0.7350,1.5680,1.7490,0.025818,-0.141235,-0.040894,-0.988770,7.778,72.5,-1
1782706163.156,2481,557463,0,0.00000000,0.00000000,0.00,0,0,-52.95,-0.601,0.4410,0.3430,1.8130,1.8971,0.025818,-0.141235,-0.040894,-0.988770,7.778,75.0,-1
1782706163.405,2482,557677,0,0.00000000,0.00000000,0.00,0,0,-52.84,0.529,0.7840,0.7350,2.5970,2.8106,0.025818,-0.141235,-0.040894,-0.988770,7.776,72.5,-1
1782706163.593,2483,557898,0,0.00000000,0.00000000,0.00,0,0,-52.80,0.459,1.1270,0.7840,1.5680,2.0841,0.025818,-0.141235,-0.040894,-0.988770,7.778,72.5,-1
1782706163.842,2484,558118,0,0.00000000,0.00000000,0.00,0,0,-52.88,-0.231,-0.7350,0.8820,2.0580,2.3566,0.025818,-0.141235,-0.040894,-0.988770,7.779,73.8,-1
1782706164.029,2485,558339,0,0.00000000,0.00000000,0.00,0,0,-52.78,0.778,0.8820,0.6370,1.5190,1.8684,0.025818,-0.141235,-0.040894,-0.988770,7.778,75.0,-1
1782706164.278,2486,558551,0,0.00000000,0.00000000,0.00,0,0,-52.78,0.272,0.0490,1.2740,1.9110,2.2973,0.025818,-0.141235,-0.040894,-0.988770,7.780,70.0,-1
1782706164.467,2487,558766,0,0.00000000,0.00000000,0.00,0,0,-52.94,-0.573,0.7840,0.1470,2.6460,2.7636,0.025818,-0.141235,-0.040894,-0.988770,7.779,75.0,-1
1782706164.715,2488,558987,0,0.00000000,0.00000000,0.00,0,0,-52.87,0.068,-0.1960,1.0780,1.6660,1.9940,0.025818,-0.141235,-0.040894,-0.988770,7.779,72.5,-1
1782706164.901,2489,559206,0,0.00000000,0.00000000,0.00,0,0,-52.87,0.132,1.1270,0.6370,1.7640,2.1881,0.025818,-0.141235,-0.040955,-0.988770,7.778,73.8,-1
1782706165.150,2490,559427,0,0.00000000,0.00000000,0.00,0,0,-52.82,0.041,-0.1960,0.3920,1.0290,1.1184,0.025818,-0.141174,-0.040955,-0.988770,7.776,73.8,-1
1782706165.337,2491,559642,0,0.00000000,0.00000000,0.00,0,0,-52.85,0.047,0.1470,0.9310,1.7640,2.0000,0.025818,-0.141174,-0.040894,-0.988770,7.779,72.5,-1
1782706165.587,2492,559862,0,0.00000000,0.00000000,0.00,0,0,-52.88,0.006,0.1470,1.2740,1.4700,1.9508,0.025818,-0.141174,-0.040894,-0.988770,7.778,70.0,-1
1782706165.775,2493,560083,0,0.00000000,0.00000000,0.00,0,0,-52.88,0.106,0.6370,1.9110,1.0780,2.2847,0.025818,-0.141174,-0.040894,-0.988831,7.779,70.0,-1
1782706166.024,2494,560303,0,0.00000000,0.00000000,0.00,0,0,-52.81,0.356,-0.0980,1.2250,1.9600,2.3134,0.025818,-0.141174,-0.040894,-0.988770,7.778,70.0,-1
1782706166.272,2495,560545,0,0.00000000,0.00000000,0.00,0,0,-52.84,0.003,0.2450,0.7840,1.1270,1.3946,0.025818,-0.141174,-0.040894,-0.988770,7.778,73.8,-1
1782706166.460,2496,560763,0,0.00000000,0.00000000,0.00,0,0,-52.94,-0.760,1.6170,0.9800,3.0870,3.6200,0.025818,-0.141174,-0.040894,-0.988831,7.778,71.2,-1
1782706166.709,2497,560985,0,0.00000000,0.00000000,0.00,0,0,-52.70,1.104,0.0980,0.8820,2.3030,2.4681,0.025757,-0.141174,-0.040894,-0.988831,7.779,71.2,-1
1782706166.894,2498,561203,0,0.00000000,0.00000000,0.00,0,0,-52.79,0.259,0.4410,0.4900,1.1760,1.3482,0.025818,-0.141113,-0.040894,-0.988831,7.781,76.2,-1
1782706167.144,2499,561422,0,0.00000000,0.00000000,0.00,0,0,-52.87,-0.381,0.1960,0.9800,1.8130,2.0702,0.025757,-0.140991,-0.040894,-0.988831,7.778,76.2,-1
1782706167.330,2500,561635,0,0.00000000,0.00000000,0.00,0,0,-52.83,0.295,0.1470,0.5390,1.4700,1.5726,0.025879,-0.140991,-0.041016,-0.988831,7.779,68.8,-1
1782706167.576,2501,561855,0,0.00000000,0.00000000,0.00,0,0,-52.87,0.395,0.9310,0.7840,2.2540,2.5616,0.025818,-0.140930,-0.040955,-0.988831,7.779,71.2,-1
1782706167.763,2502,562076,0,0.00000000,0.00000000,0.00,0,0,-52.88,-0.055,0.5880,0.4410,1.8620,2.0018,0.025818,-0.140930,-0.040894,-0.988831,7.778,68.8,-1
1782706168.012,2503,562298,0,0.00000000,0.00000000,0.00,0,0,-52.79,0.302,-0.2940,0.3920,0.9310,1.0521,0.025818,-0.140930,-0.040894,-0.988831,7.776,72.5,-1
1782706168.261,2504,562543,0,0.00000000,0.00000000,0.00,0,0,-52.87,-0.501,0.1470,0.9310,1.3230,1.6244,0.025818,-0.140930,-0.040894,-0.988831,7.778,72.5,-1
1782706168.448,2505,562762,0,0.00000000,0.00000000,0.00,0,0,-52.81,0.054,0.4410,0.9310,1.7640,2.0428,0.025818,-0.140869,-0.040894,-0.988831,7.779,72.5,-1
1782706168.697,2506,562982,0,0.00000000,0.00000000,0.00,0,0,-52.84,-0.348,1.0290,-0.1470,2.3030,2.5267,0.025818,-0.140869,-0.040894,-0.988831,7.779,70.0,-1
1782706168.885,2507,563196,0,0.00000000,0.00000000,0.00,0,0,-52.85,-0.223,0.3430,0.0490,2.0580,2.0870,0.025818,-0.140808,-0.040894,-0.988831,7.779,70.0,-1
1782706169.136,2508,563410,0,0.00000000,0.00000000,0.00,0,0,-52.85,0.273,0.8330,1.3720,1.3230,2.0800,0.025818,-0.140808,-0.040894,-0.988831,7.778,72.5,-1
1782706169.323,2509,563617,0,0.00000000,0.00000000,0.00,0,0,-52.87,0.007,1.0290,0.4410,3.0380,3.2377,0.025818,-0.140808,-0.040894,-0.988831,7.775,71.2,-1
1782706169.512,2510,563840,0,0.00000000,0.00000000,0.00,0,0,-52.85,0.354,0.5880,0.8330,1.4210,1.7490,0.025818,-0.140808,-0.040894,-0.988831,7.779,66.2,-1
1782706169.761,2511,564062,0,0.00000000,0.00000000,0.00,0,0,-52.96,-0.469,-0.4900,1.5680,0.7350,1.7997,0.025818,-0.140808,-0.040894,-0.988831,7.778,68.8,-1
1782706170.011,2512,564281,0,0.00000000,0.00000000,0.00,0,0,-52.91,0.061,0.0980,0.5390,0.8330,0.9970,0.025818,-0.140808,-0.040894,-0.988831,7.778,72.5,-1
1782706170.198,2513,564499,0,0.00000000,0.00000000,0.00,0,0,-52.84,0.500,0.6370,0.5390,2.1560,2.3118,0.025879,-0.140808,-0.040833,-0.988831,7.779,72.5,-1
1782706170.384,2514,564713,0,0.00000000,0.00000000,0.00,0,0,-52.92,-0.156,0.6860,0.5880,1.8130,2.0257,0.025879,-0.140808,-0.040771,-0.988831,7.778,71.2,-1
1782706170.633,2515,564933,0,0.00000000,0.00000000,0.00,0,0,-52.91,0.152,0.2940,0.8820,2.2050,2.3930,0.025879,-0.140808,-0.040771,-0.988831,7.778,71.2,-1
1782706170.883,2516,565151,0,0.00000000,0.00000000,0.00,0,0,-52.82,0.484,0.5880,1.8130,2.8420,3.4219,0.025879,-0.140747,-0.040771,-0.988892,7.775,76.2,-1
1782706171.070,2517,565374,0,0.00000000,0.00000000,0.00,0,0,-52.97,-0.557,-0.1470,1.1760,1.1760,1.6696,0.025879,-0.140747,-0.040833,-0.988892,7.778,72.5,-1
1782706171.319,2518,565588,0,0.00000000,0.00000000,0.00,0,0,-52.91,-0.099,0.2940,0.5880,1.7150,1.8367,0.025879,-0.140747,-0.040833,-0.988892,7.778,71.2,-1
1782706171.505,2519,565803,0,0.00000000,0.00000000,0.00,0,0,-52.84,0.567,0.5390,0.1960,1.8620,1.9483,0.025879,-0.140747,-0.040833,-0.988892,7.778,72.5,-1
