rx_time,seq,timestamp_ms,state,lat,lon,gps_alt_m,gps_sats,gps_fix,baro_alt_m,vert_vel_ms,accel_x_g,accel_y_g,accel_z_g,accel_mag_g,quat_w,quat_x,quat_y,quat_z,voltage_v,current_ma,rssi
1785794538.975,2356,531013,0,0.00000000,0.00000000,0.00,0,0,-39.91,-0.043,0.6370,0.1960,0.0980,0.6736,0.154785,-0.467957,0.855408,-0.159241,8.004,77.5,-1
1785794539.229,2357,531237,0,0.00000000,0.00000000,0.00,0,0,-39.87,-0.038,0.0000,-0.0980,-1.4210,1.4244,0.154846,-0.468018,0.855347,-0.159302,8.004,75.0,-1
1785794539.419,2358,531457,0,0.00000000,0.00000000,0.00,0,0,-39.88,-0.031,0.3920,0.1470,0.2450,0.4851,0.154968,-0.468018,0.855286,-0.159363,8.004,77.5,-1
1785794539.671,2359,531684,0,0.00000000,0.00000000,0.00,0,0,-39.87,-0.025,-0.2940,0.0490,0.2450,0.3858,0.155090,-0.467957,0.855286,-0.159424,8.001,81.2,-1
1785794539.858,2360,531902,0,0.00000000,0.00000000,0.00,0,0,-39.92,-0.064,0.0980,-0.0980,-0.6860,0.6999,0.154968,-0.468079,0.855286,-0.159363,8.002,76.2,-1
1785794540.107,2361,532130,0,0.00000000,0.00000000,0.00,0,0,-39.99,-0.097,-0.0490,0.0490,-0.0490,0.0849,0.155029,-0.467957,0.855286,-0.159546,8.001,73.8,-1
1785794540.355,2362,532355,0,0.00000000,0.00000000,0.00,0,0,-39.90,-0.024,-0.0490,0.5390,-0.1470,0.5608,0.154846,-0.468018,0.855347,-0.159424,8.001,80.0,-1
1785794540.542,2363,532578,0,0.00000000,0.00000000,0.00,0,0,-39.97,-0.047,0.0000,0.5880,-0.4900,0.7654,0.154907,-0.468018,0.855286,-0.159424,8.002,76.2,-1
1785794540.795,2364,532797,0,0.00000000,0.00000000,0.00,0,0,-39.89,0.021,0.1470,-0.1960,0.2940,0.3827,0.154907,-0.468018,0.855286,-0.159363,8.001,78.8,-1
1785794540.984,2365,533013,0,0.00000000,0.00000000,0.00,0,0,-39.95,-0.027,0.1960,-0.1960,-0.6860,0.7399,0.154846,-0.468018,0.855347,-0.159302,8.002,78.8,-1
1785794541.235,2366,533239,0,0.00000000,0.00000000,0.00,0,0,-39.83,0.052,-0.0490,0.0980,-0.5880,0.5981,0.154785,-0.468018,0.855347,-0.159241,8.001,76.2,-1
1785794541.422,2367,533461,0,0.00000000,0.00000000,0.00,0,0,-39.87,0.003,0.2450,0.6370,-0.5880,0.9009,0.154663,-0.468079,0.855347,-0.159241,8.001,75.0,-1
1785794541.673,2368,533678,0,0.00000000,0.00000000,0.00,0,0,-39.92,-0.013,-0.2940,0.1960,-0.8820,0.9501,0.154907,-0.468018,0.855347,-0.159302,8.004,78.8,-1
1785794541.861,2369,533894,0,0.00000000,0.00000000,0.00,0,0,-40.00,-0.053,0.0980,-0.5390,0.2940,0.6217,0.154907,-0.468018,0.855347,-0.159302,8.004,81.2,-1
1785794542.109,2370,534121,0,0.00000000,0.00000000,0.00,0,0,-40.05,-0.068,-0.4410,0.2450,-0.9310,1.0589,0.154846,-0.468018,0.855347,-0.159302,8.004,78.8,-1
1785794542.300,2371,534342,0,0.00000000,0.00000000,0.00,0,0,-39.99,-0.036,0.0980,0.4410,0.2450,0.5139,0.154846,-0.468018,0.855347,-0.159302,8.004,72.5,-1
1785794542.551,2372,534561,0,0.00000000,0.00000000,0.00,0,0,-40.04,-0.064,0.3920,0.0000,-0.5880,0.7067,0.154846,-0.468018,0.855347,-0.159363,8.005,80.0,-1
1785794542.738,2373,534783,0,0.00000000,0.00000000,0.00,0,0,-39.99,-0.036,0.1470,-0.0490,0.1470,0.2136,0.154785,-0.468079,0.855347,-0.159302,8.004,76.2,-1
1785794542.988,2374,534997,0,0.00000000,0.00000000,0.00,0,0,-40.01,-0.050,0.0000,0.0980,-0.1960,0.2191,0.154846,-0.468201,0.855225,-0.159363,8.001,81.2,-1
1785794543.176,2375,535226,0,0.00000000,0.00000000,0.00,0,0,-40.02,-0.071,0.2450,0.5390,0.0000,0.5921,0.154602,-0.468750,0.854919,-0.159485,8.004,78.8,-1
1785794543.427,2376,535444,0,0.00000000,0.00000000,0.00,0,0,-40.01,-0.075,-0.0490,-0.2940,-0.0490,0.3021,0.154724,-0.468628,0.855042,-0.159363,8.002,77.5,-1
1785794543.676,2377,535666,0,0.00000000,0.00000000,0.00,0,0,-39.94,-0.014,-0.3430,0.0490,-1.2250,1.2731,0.154846,-0.468567,0.855042,-0.159241,8.001,80.0,-1
1785794543.867,2378,535904,0,0.00000000,0.00000000,0.00,0,0,-40.01,-0.065,0.0980,0.4900,0.5390,0.7350,0.154724,-0.468445,0.855164,-0.159180,8.002,77.5,-1
1785794544.120,2379,536125,0,0.00000000,0.00000000,0.00,0,0,-39.98,-0.032,-0.0490,-0.0980,-0.9310,0.9374,0.154846,-0.468323,0.855225,-0.159058,8.002,82.5,-1
1785794544.308,2380,536346,0,0.00000000,0.00000000,0.00,0,0,-40.13,-0.114,0.1960,-0.3920,-1.1760,1.2550,0.155029,-0.468262,0.855225,-0.159119,8.002,81.2,-1
1785794544.561,2381,536565,0,0.00000000,0.00000000,0.00,0,0,-39.87,0.045,0.0000,0.1470,-0.0490,0.1550,0.155029,-0.468262,0.855225,-0.159058,8.002,81.2,-1
1785794544.750,2382,536788,0,0.00000000,0.00000000,0.00,0,0,-40.01,-0.057,-0.2940,0.4900,-0.4900,0.7528,0.154968,-0.468384,0.855164,-0.159058,8.001,76.2,-1
1785794545.002,2383,537005,0,0.00000000,0.00000000,0.00,0,0,-40.05,-0.048,-0.2450,0.0980,-0.0980,0.2815,0.155029,-0.468262,0.855164,-0.159241,8.005,83.8,-1
1785794545.191,2384,537229,0,0.00000000,0.00000000,0.00,0,0,-40.03,-0.018,0.1960,0.2450,0.1960,0.3699,0.155151,-0.468201,0.855225,-0.159180,8.001,72.5,-1
1785794545.442,2385,537447,0,0.00000000,0.00000000,0.00,0,0,-40.04,-0.026,-0.0980,0.3430,-0.1470,0.3858,0.155273,-0.468323,0.855103,-0.159119,8.000,78.8,-1
1785794548.776,2386,540807,0,0.00000000,0.00000000,0.00,0,0,-40.07,-0.440,-0.7840,1.2740,-1.1760,1.9028,0.155273,-0.468140,0.855225,-0.159058,7.991,301.2,-1
1785794549.026,2387,541025,0,0.00000000,0.00000000,0.00,0,0,-40.16,-0.130,-0.8820,0.6370,-1.3720,1.7510,0.154846,-0.468018,0.855347,-0.159119,8.004,293.8,-1
1785794549.214,2388,541246,0,0.00000000,0.00000000,0.00,0,0,-39.91,0.043,-0.0980,0.1960,-0.7350,0.7670,0.154907,-0.468018,0.855347,-0.159058,7.986,295.0,-1
1785794549.467,2389,541467,0,0.00000000,0.00000000,0.00,0,0,-39.96,0.018,-0.1470,0.5390,-1.4210,1.5269,0.154846,-0.468079,0.855347,-0.159119,7.999,231.2,-1
1785794549.657,2390,541690,0,0.00000000,0.00000000,0.00,0,0,-39.97,0.007,0.3430,0.0490,-0.2450,0.4244,0.154907,-0.468018,0.855408,-0.159119,7.986,233.8,-1
1785794549.910,2391,541908,0,0.00000000,0.00000000,0.00,0,0,-39.99,-0.016,0.2450,0.0980,-0.7350,0.7809,0.154968,-0.467957,0.855347,-0.159119,7.994,288.8,-1
1785794550.099,2392,542127,0,0.00000000,0.00000000,0.00,0,0,-40.15,-0.087,-0.0490,0.3430,-0.5880,0.6825,0.154907,-0.468079,0.855286,-0.159241,8.001,276.2,-1
1785794550.349,2393,542347,0,0.00000000,0.00000000,0.00,0,0,-40.03,-0.001,-0.6860,0.9310,-0.3430,1.2062,0.154785,-0.468079,0.855286,-0.159241,7.991,221.2,-1
1785794550.538,2394,542568,0,0.00000000,0.00000000,0.00,0,0,-40.03,-0.003,-0.0490,0.1960,0.2940,0.3567,0.154785,-0.468018,0.855347,-0.159180,7.991,222.5,-1
1785794550.786,2395,542790,0,0.00000000,0.00000000,0.00,0,0,-40.06,-0.026,-0.0980,-0.2940,-0.3920,0.4997,0.154846,-0.468018,0.855347,-0.159119,7.994,191.2,-1
1785794550.972,2396,543005,0,0.00000000,0.00000000,0.00,0,0,-40.00,0.028,0.0980,0.0980,0.1960,0.2400,0.154968,-0.468018,0.855347,-0.159119,7.999,252.5,-1
1785794551.222,2397,543231,0,0.00000000,0.00000000,0.00,0,0,-40.04,-0.013,-0.0980,0.6370,-0.4410,0.7809,0.155151,-0.467957,0.855347,-0.159180,8.000,195.0,-1
1785794551.411,2398,543452,0,0.00000000,0.00000000,0.00,0,0,-40.03,-0.002,0.0000,0.1470,0.0980,0.1767,0.155151,-0.468018,0.855286,-0.159241,7.990,203.8,-1
1785794551.662,2399,543672,0,0.00000000,0.00000000,0.00,0,0,-40.01,0.002,0.3430,0.6860,0.2940,0.8214,0.155090,-0.467957,0.855347,-0.159302,7.986,312.5,-1
1785794551.908,2400,543916,0,0.00000000,0.00000000,0.00,0,0,-40.12,-0.086,0.0490,0.0000,-1.0780,1.0791,0.155029,-0.468018,0.855286,-0.159241,7.994,218.8,-1
1785794552.096,2401,544141,0,0.00000000,0.00000000,0.00,0,0,-40.15,-0.087,0.0490,0.0000,0.4410,0.4437,0.155029,-0.468323,0.855103,-0.159302,7.991,276.2,-1
1785794552.348,2402,544363,0,0.00000000,0.00000000,0.00,0,0,-40.18,-0.089,0.0980,0.1960,-0.4410,0.4924,0.154907,-0.469177,0.854675,-0.159302,7.990,233.8,-1
1785794552.536,2403,544584,0,0.00000000,0.00000000,0.00,0,0,-40.17,-0.094,-0.1960,0.0980,0.0980,0.2400,0.154968,-0.469177,0.854736,-0.159180,7.986,247.5,-1
1785794552.785,2404,544814,0,0.00000000,0.00000000,0.00,0,0,-40.07,-0.025,0.5880,0.0980,-0.3920,0.7135,0.154968,-0.469238,0.854614,-0.159424,7.999,197.5,-1
1785794553.038,2405,545027,0,0.00000000,0.00000000,0.00,0,0,-40.18,-0.084,-0.0980,0.2450,-1.5190,1.5417,0.154846,-0.469177,0.854736,-0.159302,7.995,202.5,-1
1785794553.226,2406,545248,0,0.00000000,0.00000000,0.00,0,0,-40.15,-0.060,0.4900,0.2940,0.0000,0.5714,0.154663,-0.469299,0.854675,-0.159241,7.990,247.5,-1
1785794553.478,2407,545476,0,0.00000000,0.00000000,0.00,0,0,-40.08,-0.023,0.0490,0.2450,0.0980,0.2684,0.154724,-0.469238,0.854675,-0.159302,7.989,226.2,-1
1785794553.666,2408,545696,0,0.00000000,0.00000000,0.00,0,0,-40.06,-0.026,0.2450,0.7840,-0.8820,1.2052,0.154663,-0.469238,0.854736,-0.159241,7.989,298.8,-1
1785794553.916,2409,545908,0,0.00000000,0.00000000,0.00,0,0,-40.15,-0.075,-0.1470,0.3430,-0.5390,0.6556,0.154602,-0.469238,0.854736,-0.159241,7.991,235.0,-1
1785794554.101,2410,546136,0,0.00000000,0.00000000,0.00,0,0,-40.15,-0.081,-0.0490,-0.0490,-0.6370,0.6408,0.153809,-0.470215,0.854492,-0.158142,8.016,188.8,-1
1785794554.352,2411,546357,0,0.00000000,0.00000000,0.00,0,0,-40.21,-0.122,0.2450,0.9800,-0.1960,1.0290,0.153870,-0.464478,0.857910,-0.156799,7.988,276.2,-1
1785794554.543,2412,546580,0,0.00000000,0.00000000,0.00,0,0,-40.19,-0.098,-0.6860,0.5880,-1.1270,1.4445,0.153442,-0.465149,0.857788,-0.156067,7.988,217.5,-1
1785794554.796,2413,546806,0,0.00000000,0.00000000,0.00,0,0,-40.08,-0.016,0.2940,-0.0980,-0.2940,0.4272,0.153809,-0.464783,0.857849,-0.156433,7.997,193.8,-1
1785794554.987,2414,547020,0,0.00000000,0.00000000,0.00,0,0,-40.21,-0.098,0.0000,0.1470,-0.7350,0.7496,0.153809,-0.464722,0.857849,-0.156433,7.995,255.0,-1
1785794558.266,2415,550265,0,0.00000000,0.00000000,0.00,0,0,-40.19,-0.284,1.1760,0.8330,1.3230,1.9563,0.153809,-0.464722,0.857849,-0.156433,7.991,266.2,-1
1785794558.451,2416,550484,0,0.00000000,0.00000000,0.00,0,0,-40.23,-0.109,0.0980,0.3430,-0.7350,0.8170,0.153809,-0.464355,0.858276,-0.155273,7.985,333.8,-1
1785794558.701,2417,550707,0,0.00000000,0.00000000,0.00,0,0,-40.17,-0.073,0.5390,-0.0980,-0.8330,0.9970,0.153992,-0.464294,0.858215,-0.155396,7.988,305.0,-1
1785794558.892,2418,550923,0,0.00000000,0.00000000,0.00,0,0,-40.01,0.053,-0.4900,0.6860,-0.9800,1.2927,0.154053,-0.464233,0.858276,-0.155334,7.975,388.8,-1
1785794559.143,2419,551149,0,0.00000000,0.00000000,0.00,0,0,-40.08,0.006,0.1960,0.4900,-0.3920,0.6574,0.153992,-0.464233,0.858276,-0.155273,7.988,241.2,-1
1785794559.331,2420,551365,0,0.00000000,0.00000000,0.00,0,0,-40.08,0.032,-0.0490,-0.2940,-0.5880,0.6592,0.153870,-0.464233,0.858337,-0.155212,7.991,226.2,-1
1785794562.594,2421,554610,0,0.00000000,0.00000000,0.00,0,0,-40.12,0.278,-0.2450,0.6370,-0.4410,0.8126,0.153870,-0.464233,0.858337,-0.155212,7.981,281.2,-1
1785794562.843,2422,554836,0,0.00000000,0.00000000,0.00,0,0,-40.00,0.095,-0.1470,0.5880,-0.7840,0.9910,0.153992,-0.464233,0.858276,-0.155212,7.995,257.5,-1
1785794563.028,2423,555056,0,0.00000000,0.00000000,0.00,0,0,-39.96,0.140,-0.0980,-0.0490,-0.9800,0.9861,0.153992,-0.464233,0.858276,-0.155151,7.991,233.8,-1
1785794563.277,2424,555276,0,0.00000000,0.00000000,0.00,0,0,-39.88,0.169,-0.4900,0.4900,-1.1270,1.3230,0.154053,-0.464355,0.858276,-0.155029,7.984,325.0,-1
1785794563.466,2425,555497,0,0.00000000,0.00000000,0.00,0,0,-39.83,0.176,0.8330,0.2940,-0.4410,0.9873,0.154114,-0.464294,0.858276,-0.155029,8.004,171.2,-1
1785794563.718,2426,555720,0,0.00000000,0.00000000,0.00,0,0,-39.82,0.152,-0.0490,0.9800,-0.2940,1.0243,0.154236,-0.464233,0.858276,-0.155151,7.997,177.5,-1
1785794563.908,2427,555937,0,0.00000000,0.00000000,0.00,0,0,-39.85,0.139,0.8330,1.1270,-0.4410,1.4692,0.154236,-0.464294,0.858276,-0.155151,7.979,227.5,-1
1785794564.158,2428,556158,0,0.00000000,0.00000000,0.00,0,0,-39.81,0.147,0.1960,0.2940,-0.3920,0.5277,0.154236,-0.464294,0.858215,-0.155273,7.988,237.5,-1
1785794564.346,2429,556379,0,0.00000000,0.00000000,0.00,0,0,-39.81,0.099,-1.6170,0.4410,-1.4700,2.2294,0.154358,-0.464355,0.858154,-0.155273,8.001,191.2,-1
1785794564.597,2430,556596,0,0.00000000,0.00000000,0.00,0,0,-39.79,0.081,0.1470,-0.2940,1.1270,1.1740,0.154419,-0.464233,0.858215,-0.155334,7.991,255.0,-1
1785794564.787,2431,556819,0,0.00000000,0.00000000,0.00,0,0,-39.67,0.133,-0.0980,0.6860,-0.5390,0.8779,0.154419,-0.464172,0.858215,-0.155334,8.000,205.0,-1
1785794565.039,2432,557037,0,0.00000000,0.00000000,0.00,0,0,-39.68,0.115,0.0490,1.0780,-0.6860,1.2787,0.154480,-0.464172,0.858215,-0.155334,7.990,265.0,-1
1785794565.227,2433,557261,0,0.00000000,0.00000000,0.00,0,0,-39.78,0.037,0.2940,-0.0980,-0.3920,0.4997,0.154480,-0.464172,0.858215,-0.155396,7.992,233.8,-1
1785794565.480,2434,557488,0,0.00000000,0.00000000,0.00,0,0,-39.82,-0.016,0.0000,0.2940,-0.1470,0.3287,0.154358,-0.464050,0.858276,-0.155457,7.988,260.0,-1
1785794565.667,2435,557709,0,0.00000000,0.00000000,0.00,0,0,-39.56,0.153,0.0980,0.1960,0.0980,0.2400,0.154480,-0.464172,0.858215,-0.155457,7.995,225.0,-1
1785794565.921,2436,557923,0,0.00000000,0.00000000,0.00,0,0,-39.66,0.074,1.4700,-0.3920,1.7640,2.3294,0.154480,-0.464050,0.858276,-0.155273,7.992,228.8,-1
1785794566.108,2437,558151,0,0.00000000,0.00000000,0.00,0,0,-39.64,0.081,0.0000,0.1470,-0.5390,0.5587,0.154236,-0.464233,0.858337,-0.154907,7.994,202.5,-1
1785794566.362,2438,558373,0,0.00000000,0.00000000,0.00,0,0,-39.78,-0.025,0.0490,0.0490,-0.4410,0.4464,0.154053,-0.464233,0.858398,-0.154846,7.996,196.2,-1
1785794566.551,2439,558594,0,0.00000000,0.00000000,0.00,0,0,-39.73,0.018,0.1960,0.0000,0.0980,0.2191,0.153992,-0.464233,0.858337,-0.154907,7.980,241.2,-1
1785794566.802,2440,558821,0,0.00000000,0.00000000,0.00,0,0,-39.71,0.035,0.0000,0.3920,0.3430,0.5209,0.153992,-0.464172,0.858398,-0.154907,8.001,136.2,-1
1785794567.049,2441,559037,0,0.00000000,0.00000000,0.00,0,0,-39.68,0.054,-0.0490,-0.2450,-0.9310,0.9639,0.153992,-0.464172,0.858398,-0.154968,8.001,151.2,-1
1785794567.238,2442,559263,0,0.00000000,0.00000000,0.00,0,0,-39.72,0.014,0.0980,0.0980,-0.6860,0.6999,0.154053,-0.464172,0.858337,-0.154968,7.991,165.0,-1
1785794567.485,2443,559485,0,0.00000000,0.00000000,0.00,0,0,-39.76,-0.027,1.0290,-0.1470,1.3720,1.7213,0.154175,-0.464050,0.858398,-0.154907,7.996,148.8,-1
1785794567.673,2444,559703,0,0.00000000,0.00000000,0.00,0,0,-39.61,0.073,-0.5880,0.3920,0.0490,0.7084,0.154175,-0.464111,0.858398,-0.155090,7.996,170.0,-1
1785794567.926,2445,559919,0,0.00000000,0.00000000,0.00,0,0,-39.64,0.053,0.0000,0.0000,-0.7840,0.7840,0.154114,-0.463989,0.858459,-0.155090,8.004,111.2,-1
1785794568.115,2446,560147,0,0.00000000,0.00000000,0.00,0,0,-39.71,0.009,-0.3920,0.3430,-2.0580,2.1229,0.154053,-0.463928,0.858459,-0.155151,7.997,185.0,-1
1785794568.367,2447,560369,0,0.00000000,0.00000000,0.00,0,0,-39.75,-0.022,0.0490,0.1960,-1.0290,1.0486,0.154053,-0.463867,0.858521,-0.155029,7.999,162.5,-1
1785794568.554,2448,560595,0,0.00000000,0.00000000,0.00,0,0,-39.71,-0.019,0.2450,0.1960,-0.2940,0.4300,0.154175,-0.463867,0.858521,-0.155029,8.001,115.0,-1
1785794568.767,2449,560817,0,0.00000000,0.00000000,0.00,0,0,-39.63,0.028,0.6370,-0.2450,0.2450,0.7251,0.154236,-0.463867,0.858521,-0.154968,7.997,151.2,-1
1785794569.003,2450,561030,0,0.00000000,0.00000000,0.00,0,0,-39.63,0.053,-0.2940,0.4900,-1.1270,1.2636,0.154297,-0.463867,0.858521,-0.154968,7.994,152.5,-1
1785794569.254,2451,561250,0,0.00000000,0.00000000,0.00,0,0,-39.67,0.007,-0.2450,0.3430,-0.1470,0.4464,0.154297,-0.463867,0.858521,-0.154907,7.991,170.0,-1
1785794569.444,2452,561477,0,0.00000000,0.00000000,0.00,0,0,-39.77,-0.049,0.0000,0.2450,-0.1470,0.2857,0.154236,-0.463867,0.858521,-0.154785,7.997,152.5,-1
1785794569.696,2453,561697,0,0.00000000,0.00000000,0.00,0,0,-39.63,0.057,-0.1470,0.1960,-0.4410,0.5045,0.154236,-0.463867,0.858521,-0.154846,8.000,123.8,-1
1785794569.883,2454,561912,0,0.00000000,0.00000000,0.00,0,0,-39.62,0.036,-0.3430,0.3430,-0.8820,1.0066,0.154236,-0.463867,0.858521,-0.154846,8.004,113.8,-1
1785794570.133,2455,562133,0,0.00000000,0.00000000,0.00,0,0,-39.55,0.059,0.0000,0.5880,-0.0490,0.5900,0.154175,-0.463867,0.858521,-0.154907,8.001,126.2,-1
1785794570.322,2456,562360,0,0.00000000,0.00000000,0.00,0,0,-39.75,-0.053,0.1470,0.1470,-0.0490,0.2136,0.154053,-0.463867,0.858521,-0.154907,8.001,126.2,-1
1785794570.571,2457,562582,0,0.00000000,0.00000000,0.00,0,0,-39.63,0.014,0.2450,-0.2940,-0.1960,0.4300,0.154114,-0.463867,0.858521,-0.154907,7.999,156.2,-1
1785794570.759,2458,562799,0,0.00000000,0.00000000,0.00,0,0,-39.65,0.018,0.0980,0.2450,-0.1470,0.3021,0.154236,-0.463806,0.858521,-0.155029,8.002,125.0,-1
1785794571.008,2459,563013,0,0.00000000,0.00000000,0.00,0,0,-39.63,0.028,-0.1960,-0.1470,0.0000,0.2450,0.154236,-0.463806,0.858521,-0.155029,7.997,145.0,-1
1785794571.197,2460,563230,0,0.00000000,0.00000000,0.00,0,0,-39.62,0.034,0.5880,-0.2940,-0.2940,0.7201,0.154236,-0.463806,0.858521,-0.155029,7.994,151.2,-1
1785794571.445,2461,563451,0,0.00000000,0.00000000,0.00,0,0,-39.75,-0.050,0.0980,0.1960,-0.1960,0.2940,0.154358,-0.463867,0.858459,-0.155212,7.992,152.5,-1
1785794571.633,2462,563672,0,0.00000000,0.00000000,0.00,0,0,-39.63,0.009,0.0000,0.3920,0.4410,0.5900,0.154480,-0.463928,0.858337,-0.155457,7.995,135.0,-1
1785794571.885,2463,563885,0,0.00000000,0.00000000,0.00,0,0,-39.75,-0.061,-0.2450,0.0980,-0.4900,0.5565,0.154480,-0.463867,0.858337,-0.155579,8.001,110.0,-1
1785794572.071,2464,564085,0,0.00000000,0.00000000,0.00,0,0,-39.73,-0.050,0.0490,0.2450,-0.4900,0.5500,0.154419,-0.463745,0.858459,-0.155334,7.997,140.0,-1
1785794572.321,2465,564308,0,0.00000000,0.00000000,0.00,0,0,-39.68,-0.015,-0.4900,0.5390,0.4900,0.8779,0.154297,-0.463745,0.858582,-0.154968,7.997,157.5,-1
1785794572.511,2466,564533,0,0.00000000,0.00000000,0.00,0,0,-39.70,-0.035,0.0490,0.1470,-0.1960,0.2499,0.154236,-0.463623,0.858643,-0.154907,7.997,152.5,-1
1785794572.767,2467,564755,0,0.00000000,0.00000000,0.00,0,0,-39.62,0.007,0.2940,-0.1960,-0.7840,0.8599,0.154236,-0.463684,0.858582,-0.154968,7.997,162.5,-1
1785794572.955,2468,564971,0,0.00000000,0.00000000,0.00,0,0,-39.69,-0.053,0.2450,0.3920,-0.6860,0.8272,0.154053,-0.463745,0.858582,-0.155090,8.001,128.8,-1
1785794573.204,2469,565197,0,0.00000000,0.00000000,0.00,0,0,-39.71,-0.055,-0.1470,0.3430,-1.6660,1.7073,0.154053,-0.463684,0.858582,-0.155212,7.999,121.2,-1
1785794573.393,2470,565416,0,0.00000000,0.00000000,0.00,0,0,-39.63,0.009,0.0980,0.2940,-0.3430,0.4623,0.153931,-0.463562,0.858643,-0.155273,8.001,141.2,-1
1785794573.643,2471,565639,0,0.00000000,0.00000000,0.00,0,0,-39.79,-0.078,-0.5390,0.7840,-0.8330,1.2645,0.153992,-0.463562,0.858643,-0.155334,8.001,121.2,-1
1785794573.817,2472,565866,0,0.00000000,0.00000000,0.00,0,0,-39.76,-0.049,-0.1960,0.1470,-0.3920,0.4623,0.154053,-0.463684,0.858582,-0.155212,7.999,128.8,-1
1785794574.070,2473,566081,0,0.00000000,0.00000000,0.00,0,0,-39.78,-0.046,-0.3430,0.5390,-0.5880,0.8683,0.154053,-0.463623,0.858643,-0.155151,8.002,126.2,-1
1785794574.321,2474,566309,0,0.00000000,0.00000000,0.00,0,0,-39.73,-0.028,0.1960,-0.1470,-0.2450,0.3465,0.154053,-0.463562,0.858643,-0.155090,7.997,147.5,-1
1785794574.509,2475,566530,0,0.00000000,0.00000000,0.00,0,0,-39.77,-0.045,-0.4900,0.4900,-1.4700,1.6251,0.154114,-0.463562,0.858704,-0.155029,8.001,131.2,-1
1785794574.763,2476,566750,0,0.00000000,0.00000000,0.00,0,0,-39.72,0.006,0.0490,0.2450,-0.4900,0.5500,0.154114,-0.463562,0.858704,-0.154968,8.001,122.5,-1
1785794574.953,2477,566964,0,0.00000000,0.00000000,0.00,0,0,-39.64,0.060,0.0000,0.1960,-0.2450,0.3138,0.154175,-0.463562,0.858704,-0.154968,7.995,163.8,-1
1785794575.142,2478,567189,0,0.00000000,0.00000000,0.00,0,0,-39.70,0.008,-0.0980,-0.1470,0.2940,0.3430,0.154175,-0.463562,0.858643,-0.155029,7.999,175.0,-1
1785794575.395,2479,567412,0,0.00000000,0.00000000,0.00,0,0,-39.83,-0.085,-0.2940,0.2940,-1.5190,1.5749,0.154175,-0.463562,0.858643,-0.155090,8.000,118.8,-1
1785794575.582,2480,567630,0,0.00000000,0.00000000,0.00,0,0,-39.83,-0.077,0.0980,0.2940,-0.0980,0.3250,0.154236,-0.463562,0.858643,-0.155090,8.001,140.0,-1
1785794575.833,2481,567850,0,0.00000000,0.00000000,0.00,0,0,-39.75,-0.020,-0.0490,-0.0490,-0.1470,0.1625,0.154236,-0.463562,0.858643,-0.155029,8.000,173.8,-1
1785794576.022,2482,568062,0,0.00000000,0.00000000,0.00,0,0,-39.80,-0.049,-0.2940,0.3430,-0.4900,0.6665,0.154236,-0.463562,0.858704,-0.154968,8.001,123.8,-1
1785794576.273,2483,568286,0,0.00000000,0.00000000,0.00,0,0,-39.99,-0.167,-0.1470,0.4410,-0.7350,0.8697,0.154175,-0.463562,0.858643,-0.155029,8.000,168.8,-1
1785794576.521,2484,568511,0,0.00000000,0.00000000,0.00,0,0,-39.96,-0.129,0.0000,0.1960,-0.7350,0.7607,0.154114,-0.463562,0.858643,-0.155090,7.999,176.2,-1
1785794576.708,2485,568735,0,0.00000000,0.00000000,0.00,0,0,-40.04,-0.181,-0.0980,-0.0490,-0.3430,0.3601,0.154114,-0.463562,0.858643,-0.155151,7.997,171.2,-1
1785794576.961,2486,568950,0,0.00000000,0.00000000,0.00,0,0,-39.96,-0.102,0.0980,-0.1470,0.3920,0.4300,0.154053,-0.463623,0.858643,-0.155090,8.000,130.0,-1
1785794577.151,2487,569173,0,0.00000000,0.00000000,0.00,0,0,-39.87,-0.047,0.0490,0.0980,0.0490,0.1200,0.153992,-0.463623,0.858704,-0.155029,7.994,168.8,-1
1785794577.402,2488,569396,0,0.00000000,0.00000000,0.00,0,0,-39.90,-0.048,-0.0490,0.1960,-0.1960,0.2815,0.154053,-0.463440,0.858765,-0.155029,7.994,170.0,-1
1785794577.590,2489,569615,0,0.00000000,0.00000000,0.00,0,0,-39.82,-0.001,-0.4410,0.7350,-0.4900,0.9873,0.154053,-0.463379,0.858765,-0.154968,7.994,102.5,-1
1785794577.841,2490,569836,0,0.00000000,0.00000000,0.00,0,0,-39.81,0.006,0.0490,0.0980,-0.1470,0.1833,0.154114,-0.463379,0.858826,-0.154968,8.002,111.2,-1
1785794578.028,2491,570048,0,0.00000000,0.00000000,0.00,0,0,-39.87,-0.025,-0.4410,0.3920,-0.8820,1.0612,0.154297,-0.463379,0.858765,-0.154968,8.000,125.0,-1
1785794578.278,2492,570265,0,0.00000000,0.00000000,0.00,0,0,-39.88,-0.019,-0.1960,0.3920,-1.0780,1.1637,0.154419,-0.463257,0.858765,-0.155090,7.988,177.5,-1
1785794578.465,2493,570486,0,0.00000000,0.00000000,0.00,0,0,-39.81,0.011,-0.1470,0.2450,-0.2450,0.3764,0.154175,-0.463318,0.858765,-0.155090,8.001,132.5,-1
1785794578.716,2494,570709,0,0.00000000,0.00000000,0.00,0,0,-39.97,-0.076,0.2450,-0.0490,-1.1760,1.2022,0.154297,-0.463257,0.858826,-0.155029,8.002,96.2,-1
1785794578.902,2495,570926,0,0.00000000,0.00000000,0.00,0,0,-39.94,-0.026,-0.3920,0.5880,-0.5880,0.9193,0.154297,-0.463135,0.858887,-0.155029,8.001,123.8,-1
1785794579.151,2496,571149,0,0.00000000,0.00000000,0.00,0,0,-39.98,-0.036,0.2450,0.4410,-0.6370,0.8126,0.154175,-0.463257,0.858826,-0.154968,8.001,105.0,-1
1785794579.335,2497,571368,0,0.00000000,0.00000000,0.00,0,0,-39.97,-0.042,-0.0490,0.0000,-0.4410,0.4437,0.154114,-0.463379,0.858765,-0.155029,7.995,185.0,-1
1785794579.586,2498,571589,0,0.00000000,0.00000000,0.00,0,0,-40.01,-0.066,0.0000,1.1270,-0.0980,1.1313,0.153992,-0.463318,0.858826,-0.155090,8.001,170.0,-1
1785794579.771,2499,571807,0,0.00000000,0.00000000,0.00,0,0,-39.91,0.015,-0.0980,0.2940,-0.4900,0.5798,0.153992,-0.463379,0.858826,-0.155029,7.992,177.5,-1
1785794580.026,2500,572022,0,0.00000000,0.00000000,0.00,0,0,-40.09,-0.094,0.3430,0.0490,-0.4410,0.5608,0.154053,-0.463318,0.858826,-0.154907,8.004,121.2,-1
1785794580.215,2501,572245,0,0.00000000,0.00000000,0.00,0,0,-39.96,-0.026,-0.0980,0.4410,-0.2940,0.5390,0.154053,-0.463318,0.858887,-0.154907,7.996,166.2,-1
1785794580.469,2502,572466,0,0.00000000,0.00000000,0.00,0,0,-39.99,-0.018,-0.2450,0.2940,-0.0980,0.3951,0.154114,-0.463196,0.858887,-0.154785,7.999,165.0,-1
1785794580.656,2503,572691,0,0.00000000,0.00000000,0.00,0,0,-39.98,-0.012,-0.1960,0.6370,-0.8820,1.1055,0.153992,-0.463257,0.858948,-0.154663,7.994,178.8,-1
1785794580.908,2504,572905,0,0.00000000,0.00000000,0.00,0,0,-39.97,0.009,-0.2940,0.3430,-0.1960,0.4924,0.154053,-0.463257,0.858887,-0.154846,7.989,172.5,-1
1785794581.095,2505,573135,0,0.00000000,0.00000000,0.00,0,0,-40.00,0.004,-0.3920,0.3430,-1.0290,1.1533,0.153931,-0.463318,0.858887,-0.154785,8.004,142.5,-1
1785794581.346,2506,573361,0,0.00000000,0.00000000,0.00,0,0,-40.00,0.035,-0.0490,0.0490,-0.1960,0.2079,0.153931,-0.463379,0.858826,-0.154785,8.002,137.5,-1
1785794581.597,2507,573585,0,0.00000000,0.00000000,0.00,0,0,-40.04,0.006,-0.0980,0.6370,-0.4410,0.7809,0.153809,-0.463440,0.858887,-0.154785,8.004,110.0,-1
1785794581.785,2508,573806,0,0.00000000,0.00000000,0.00,0,0,-40.08,-0.007,0.1470,0.6370,-1.4700,1.6088,0.153931,-0.463440,0.858826,-0.154846,8.004,103.8,-1
1785794582.032,2509,574020,0,0.00000000,0.00000000,0.00,0,0,-40.15,-0.025,-0.6370,0.2940,-0.9800,1.2052,0.153931,-0.463440,0.858826,-0.154846,8.009,83.8,-1
1785794582.220,2510,574246,0,0.00000000,0.00000000,0.00,0,0,-40.17,-0.021,0.3430,0.7350,0.5880,1.0018,0.153931,-0.463379,0.858887,-0.154785,8.009,108.8,-1
1785794582.469,2511,574467,0,0.00000000,0.00000000,0.00,0,0,-40.11,0.020,-0.1960,0.5390,-0.0490,0.5756,0.153931,-0.463379,0.858887,-0.154785,8.002,158.8,-1
1785794582.653,2512,574687,0,0.00000000,0.00000000,0.00,0,0,-40.13,0.012,0.0000,0.2940,0.0000,0.2940,0.153931,-0.463379,0.858887,-0.154785,7.995,171.2,-1
1785794582.903,2513,574898,0,0.00000000,0.00000000,0.00,0,0,-40.22,-0.051,-0.6370,0.2940,-1.1270,1.3275,0.153931,-0.463379,0.858887,-0.154724,8.001,135.0,-1
1785794583.094,2514,575115,0,0.00000000,0.00000000,0.00,0,0,-40.13,-0.008,0.6370,0.2450,1.4700,1.6207,0.153931,-0.463318,0.858887,-0.154663,7.999,146.2,-1
1785794583.346,2515,575339,0,0.00000000,0.00000000,0.00,0,0,-40.22,-0.072,0.3920,0.1470,-0.0490,0.4215,0.153992,-0.463318,0.858887,-0.154663,8.002,163.8,-1
1785794583.535,2516,575540,0,0.00000000,0.00000000,0.00,0,0,-40.23,-0.064,0.1470,0.2940,-0.8820,0.9413,0.154053,-0.463318,0.858887,-0.154663,8.000,125.0,-1
1785794583.720,2517,575757,0,0.00000000,0.00000000,0.00,0,0,-40.13,-0.021,0.4410,0.0980,-0.3920,0.5981,0.154053,-0.463318,0.858887,-0.154785,8.002,121.2,-1
1785794583.968,2518,575970,0,0.00000000,0.00000000,0.00,0,0,-40.09,-0.009,0.4410,-0.0980,-0.0490,0.4544,0.154053,-0.463318,0.858887,-0.154724,8.001,101.2,-1
1785794584.155,2519,576198,0,0.00000000,0.00000000,0.00,0,0,-40.19,-0.035,-0.1960,0.0490,-0.3920,0.4410,0.153992,-0.463318,0.858887,-0.154663,8.001,118.8,-1
1785794584.406,2520,576417,0,0.00000000,0.00000000,0.00,0,0,-40.10,0.044,-0.2940,-0.1470,0.0980,0.3430,0.154053,-0.463379,0.858887,-0.154663,7.988,175.0,-1
1785794584.595,2521,576639,0,0.00000000,0.00000000,0.00,0,0,-40.24,-0.057,-0.4900,0.8820,-0.4410,1.1011,0.154053,-0.463379,0.858826,-0.154785,8.001,165.0,-1
1785794584.846,2522,576860,0,0.00000000,0.00000000,0.00,0,0,-40.19,-0.024,0.0490,0.0980,0.3920,0.4070,0.154053,-0.463257,0.858887,-0.154846,8.000,143.8,-1
1785794585.033,2523,577074,0,0.00000000,0.00000000,0.00,0,0,-40.25,-0.053,-0.3920,0.4410,-0.2940,0.6592,0.153992,-0.463196,0.858948,-0.154907,7.992,150.0,-1
1785794585.283,2524,577302,0,0.00000000,0.00000000,0.00,0,0,-40.19,-0.004,-0.3430,0.9310,-0.2940,1.0348,0.154053,-0.463257,0.858887,-0.154846,7.996,180.0,-1
1785794585.474,2525,577521,0,0.00000000,0.00000000,0.00,0,0,-40.24,-0.040,0.2940,-0.0980,0.7350,0.7977,0.154053,-0.463196,0.858948,-0.154846,8.000,170.0,-1
1785794585.727,2526,577745,0,0.00000000,0.00000000,0.00,0,0,-40.18,-0.006,-0.1470,-0.2940,-0.1960,0.3827,0.153992,-0.463196,0.858887,-0.154907,8.001,160.0,-1
1785794585.916,2527,577958,0,0.00000000,0.00000000,0.00,0,0,-40.24,-0.036,-0.2450,0.1960,-0.3920,0.5021,0.153931,-0.463196,0.858887,-0.154907,8.001,132.5,-1
1785794586.169,2528,578185,0,0.00000000,0.00000000,0.00,0,0,-40.18,0.001,0.0490,0.1960,-0.4410,0.4851,0.153870,-0.463257,0.858887,-0.155029,8.004,132.5,-1
1785794586.359,2529,578402,0,0.00000000,0.00000000,0.00,0,0,-40.22,-0.025,-0.0490,-0.2450,-0.5880,0.6389,0.153870,-0.463257,0.858887,-0.155090,8.000,137.5,-1
1785794586.609,2530,578624,0,0.00000000,0.00000000,0.00,0,0,-40.27,-0.046,-0.5390,0.6860,-0.1960,0.8942,0.153870,-0.463257,0.858887,-0.155090,8.001,131.2,-1
1785794586.859,2531,578848,0,0.00000000,0.00000000,0.00,0,0,-40.18,0.010,0.0000,-0.9310,-0.1960,0.9514,0.153931,-0.463257,0.858887,-0.155029,7.991,161.2,-1
1785794587.047,2532,579066,0,0.00000000,0.00000000,0.00,0,0,-40.27,-0.038,0.1470,0.7840,-1.2740,1.5031,0.154053,-0.463196,0.858887,-0.154907,8.001,130.0,-1
1785794587.298,2533,579289,0,0.00000000,0.00000000,0.00,0,0,-40.23,-0.014,1.0290,-0.4410,1.3720,1.7708,0.154114,-0.463196,0.858948,-0.154785,7.992,180.0,-1
1785794587.488,2534,579514,0,0.00000000,0.00000000,0.00,0,0,-40.23,-0.006,0.2450,-0.0980,-0.0980,0.2815,0.154114,-0.463196,0.858948,-0.154785,8.000,125.0,-1
1785794587.739,2535,579738,0,0.00000000,0.00000000,0.00,0,0,-40.19,0.017,0.1470,0.2940,-0.3430,0.4751,0.154053,-0.463196,0.858948,-0.154846,7.990,160.0,-1
1785794587.925,2536,579951,0,0.00000000,0.00000000,0.00,0,0,-40.20,-0.001,-1.3230,1.6660,-0.3430,2.1549,0.153992,-0.463196,0.858887,-0.154907,7.999,158.8,-1
1785794588.177,2537,580174,0,0.00000000,0.00000000,0.00,0,0,-40.28,-0.037,0.2450,-0.9800,0.0490,1.0113,0.154053,-0.463196,0.858887,-0.154907,8.006,81.2,-1
1785794588.367,2538,580400,0,0.00000000,0.00000000,0.00,0,0,-40.20,0.023,0.7840,0.1470,0.0980,0.8037,0.153992,-0.463196,0.858887,-0.154968,8.001,112.5,-1
1785794588.616,2539,580623,0,0.00000000,0.00000000,0.00,0,0,-40.33,-0.039,-0.0980,0.1470,-0.1960,0.2639,0.153931,-0.463257,0.858887,-0.154968,7.999,160.0,-1
1785794588.795,2540,580844,0,0.00000000,0.00000000,0.00,0,0,-40.33,-0.040,0.1960,1.5190,-1.1760,1.9310,0.153870,-0.463257,0.858887,-0.155029,8.001,125.0,-1
1785794589.040,2541,581058,0,0.00000000,0.00000000,0.00,0,0,-40.20,0.040,-0.0490,0.3430,0.0000,0.3465,0.153870,-0.463257,0.858887,-0.155029,8.000,163.8,-1
1785794589.294,2542,581280,0,0.00000000,0.00000000,0.00,0,0,-40.18,0.063,0.0490,0.0980,-1.5190,1.5229,0.153870,-0.463257,0.858887,-0.155029,7.995,155.0,-1
1785794589.483,2543,581502,0,0.00000000,0.00000000,0.00,0,0,-40.23,0.010,0.0000,-0.1470,-0.5880,0.6061,0.153931,-0.463196,0.858887,-0.154968,7.997,142.5,-1
1785794589.733,2544,581722,0,0.00000000,0.00000000,0.00,0,0,-40.31,-0.031,0.3430,-0.4410,0.5880,0.8111,0.154114,-0.463196,0.858948,-0.154785,8.002,110.0,-1
1785794589.921,2545,581938,0,0.00000000,0.00000000,0.00,0,0,-40.28,-0.020,-0.0980,0.6370,-0.1470,0.6610,0.154114,-0.463196,0.858948,-0.154724,7.996,150.0,-1
1785794590.167,2546,582164,0,0.00000000,0.00000000,0.00,0,0,-40.29,-0.018,0.3430,0.7840,-1.5190,1.7435,0.154114,-0.463196,0.858887,-0.154907,7.992,162.5,-1
1785794590.356,2547,582386,0,0.00000000,0.00000000,0.00,0,0,-40.20,0.045,0.3920,0.4410,0.8330,1.0208,0.154114,-0.463196,0.858887,-0.154968,8.000,125.0,-1
1785794590.611,2548,582614,0,0.00000000,0.00000000,0.00,0,0,-40.22,0.030,-0.4900,0.2940,0.5390,0.7855,0.154114,-0.463196,0.858887,-0.155029,7.997,155.0,-1
1785794590.799,2549,582835,0,0.00000000,0.00000000,0.00,0,0,-40.23,0.038,0.0980,0.7840,-0.0490,0.7916,0.154114,-0.463196,0.858887,-0.154968,8.000,155.0,-1
1785794591.048,2550,583053,0,0.00000000,0.00000000,0.00,0,0,-40.33,-0.015,-0.1960,0.3920,-1.4700,1.5339,0.154358,-0.462952,0.858948,-0.155029,8.001,150.0,-1
1785794591.234,2551,583275,0,0.00000000,0.00000000,0.00,0,0,-40.24,0.055,-0.1470,1.1270,-0.4900,1.2377,0.154419,-0.462952,0.858948,-0.154968,8.001,118.8,-1
1785794591.482,2552,583499,0,0.00000000,0.00000000,0.00,0,0,-40.16,0.095,0.1960,1.2740,-0.6860,1.4602,0.154358,-0.462952,0.859009,-0.154785,7.997,158.8,-1
1785794591.732,2553,583720,0,0.00000000,0.00000000,0.00,0,0,-40.04,0.181,0.0490,0.1960,-0.1470,0.2499,0.154114,-0.463074,0.859009,-0.154846,8.000,125.0,-1
1785794591.922,2554,583937,0,0.00000000,0.00000000,0.00,0,0,-40.24,0.057,0.0490,0.2450,-0.3920,0.4649,0.154114,-0.463074,0.858948,-0.154907,8.001,112.5,-1
1785794592.113,2555,584154,0,0.00000000,0.00000000,0.00,0,0,-40.25,0.055,0.3430,0.5390,0.4900,0.8052,0.154114,-0.463074,0.858948,-0.154846,7.994,176.2,-1
1785794592.367,2556,584377,0,0.00000000,0.00000000,0.00,0,0,-40.28,0.037,-0.3430,0.0980,-0.4900,0.6061,0.154053,-0.463135,0.858948,-0.154907,8.001,126.2,-1
1785794592.555,2557,584598,0,0.00000000,0.00000000,0.00,0,0,-40.26,0.055,0.0000,-0.0490,-0.0980,0.1096,0.153992,-0.463196,0.858887,-0.154968,7.996,166.2,-1
1785794592.805,2558,584816,0,0.00000000,0.00000000,0.00,0,0,-40.30,0.037,-0.0490,0.2450,-0.0490,0.2546,0.153992,-0.463318,0.858826,-0.154968,7.997,126.2,-1
1785794592.995,2559,585032,0,0.00000000,0.00000000,0.00,0,0,-40.32,-0.010,0.3430,0.1960,0.0000,0.3951,0.153931,-0.463318,0.858826,-0.154968,8.004,78.8,-1
1785794593.244,2560,585257,0,0.00000000,0.00000000,0.00,0,0,-40.16,0.094,-0.7350,0.4900,-1.8130,2.0168,0.153992,-0.463440,0.858765,-0.155090,8.001,86.2,-1
1785794593.433,2561,585480,0,0.00000000,0.00000000,0.00,0,0,-40.28,0.013,0.0980,-0.1470,-0.2450,0.3021,0.153870,-0.463379,0.858826,-0.154907,8.004,77.5,-1
1785794593.685,2562,585707,0,0.00000000,0.00000000,0.00,0,0,-40.17,0.057,0.1960,0.2940,-0.0980,0.3667,0.154114,-0.463440,0.858765,-0.154846,8.005,80.0,-1
1785794593.935,2563,585924,0,0.00000000,0.00000000,0.00,0,0,-40.19,0.041,-0.1470,0.5390,-0.4410,0.7118,0.154114,-0.463379,0.858826,-0.154724,8.002,78.8,-1
1785794594.123,2564,586149,0,0.00000000,0.00000000,0.00,0,0,-40.24,-0.013,0.4410,0.0980,0.2450,0.5139,0.154297,-0.463257,0.858826,-0.155029,8.002,81.2,-1
1785794594.377,2565,586371,0,0.00000000,0.00000000,0.00,0,0,-40.13,0.048,-0.4410,0.1960,-1.3230,1.4083,0.154053,-0.463318,0.858887,-0.154724,8.001,73.8,-1
1785794594.568,2566,586593,0,0.00000000,0.00000000,0.00,0,0,-40.13,0.043,0.0980,0.1960,-0.2940,0.3667,0.154236,-0.463257,0.858826,-0.154968,8.000,76.2,-1
1785794594.821,2567,586812,0,0.00000000,0.00000000,0.00,0,0,-40.25,-0.030,0.2940,0.0980,-0.2450,0.3951,0.154175,-0.463257,0.858826,-0.154968,8.001,77.5,-1
1785794595.006,2568,587027,0,0.00000000,0.00000000,0.00,0,0,-40.25,-0.024,-0.0980,0.1960,-0.5880,0.6275,0.154175,-0.463257,0.858826,-0.154968,8.002,82.5,-1
1785794595.257,2569,587252,0,0.00000000,0.00000000,0.00,0,0,-40.18,0.005,0.0490,0.1960,0.3430,0.3981,0.153992,-0.463318,0.858826,-0.154907,8.001,76.2,-1
1785794595.446,2570,587473,0,0.00000000,0.00000000,0.00,0,0,-40.14,0.031,0.4900,-0.2940,0.1960,0.6041,0.153931,-0.463257,0.858887,-0.154907,8.001,78.8,-1
1785794595.696,2571,587693,0,0.00000000,0.00000000,0.00,0,0,-40.22,-0.034,0.1470,-0.0980,-0.5390,0.5672,0.153992,-0.463257,0.858887,-0.155029,8.002,81.2,-1
1785794595.884,2572,587907,0,0.00000000,0.00000000,0.00,0,0,-40.27,-0.053,-0.1470,0.8820,-0.5390,1.0441,0.153992,-0.463318,0.858826,-0.155029,8.004,81.2,-1
1785794596.132,2573,588127,0,0.00000000,0.00000000,0.00,0,0,-40.14,0.018,-0.2450,0.3920,-0.3920,0.6061,0.153931,-0.463379,0.858826,-0.154968,8.004,77.5,-1
1785794596.320,2574,588349,0,0.00000000,0.00000000,0.00,0,0,-40.23,-0.031,-0.5390,1.0290,-0.0980,1.1657,0.153992,-0.463379,0.858826,-0.154846,8.004,73.8,-1
1785794596.569,2575,588576,0,0.00000000,0.00000000,0.00,0,0,-40.35,-0.106,0.3430,0.9310,-0.3920,1.0668,0.154053,-0.463379,0.858826,-0.154846,8.005,81.2,-1
1785794596.759,2576,588796,0,0.00000000,0.00000000,0.00,0,0,-40.27,-0.069,0.0490,0.4900,0.0980,0.5021,0.154053,-0.463379,0.858826,-0.154846,8.005,77.5,-1
1785794597.007,2577,589013,0,0.00000000,0.00000000,0.00,0,0,-40.31,-0.105,-0.1470,0.4900,-0.4410,0.6754,0.154114,-0.463318,0.858826,-0.154846,8.004,80.0,-1
1785794597.194,2578,589235,0,0.00000000,0.00000000,0.00,0,0,-40.33,-0.118,0.1960,0.0000,0.0490,0.2020,0.154053,-0.463501,0.858765,-0.154846,8.004,80.0,-1
1785794597.444,2579,589460,0,0.00000000,0.00000000,0.00,0,0,-40.30,-0.087,-0.3430,0.6860,-1.1270,1.3632,0.154114,-0.463501,0.858765,-0.154724,8.005,77.5,-1
1785794597.692,2580,589688,0,0.00000000,0.00000000,0.00,0,0,-40.31,-0.082,0.1960,-0.0490,-0.3920,0.4410,0.153931,-0.463562,0.858765,-0.154724,8.002,75.0,-1
1785794597.879,2581,589900,0,0.00000000,0.00000000,0.00,0,0,-40.36,-0.101,0.1470,0.2940,-0.3430,0.4751,0.153992,-0.463684,0.858704,-0.154785,8.004,80.0,-1
1785794598.131,2582,590120,0,0.00000000,0.00000000,0.00,0,0,-40.27,-0.026,0.4410,0.4900,-1.4700,1.6110,0.154175,-0.463501,0.858765,-0.154724,8.005,77.5,-1
1785794598.320,2583,590342,0,0.00000000,0.00000000,0.00,0,0,-40.28,-0.030,0.0490,0.0000,-0.3920,0.3951,0.154114,-0.463562,0.858765,-0.154724,8.004,77.5,-1
1785794598.571,2584,590571,0,0.00000000,0.00000000,0.00,0,0,-40.32,-0.033,0.6370,0.0000,0.4410,0.7748,0.154175,-0.463501,0.858765,-0.154663,8.002,78.8,-1
1785794598.760,2585,590789,0,0.00000000,0.00000000,0.00,0,0,-40.30,-0.033,0.0980,0.0980,-0.6370,0.6519,0.154297,-0.463501,0.858765,-0.154663,8.002,78.8,-1
1785794599.012,2586,591004,0,0.00000000,0.00000000,0.00,0,0,-40.36,-0.054,0.1960,0.1470,0.5390,0.5921,0.154297,-0.463440,0.858765,-0.154602,8.004,78.8,-1
1785794599.198,2587,591232,0,0.00000000,0.00000000,0.00,0,0,-40.38,-0.052,0.0980,-0.1470,-0.3430,0.3858,0.154175,-0.463562,0.858765,-0.154480,8.006,81.2,-1
1785794599.448,2588,591450,0,0.00000000,0.00000000,0.00,0,0,-40.31,0.003,-0.1960,-0.1470,0.1470,0.2857,0.154175,-0.463501,0.858765,-0.154663,8.001,80.0,-1
1785794599.637,2589,591672,0,0.00000000,0.00000000,0.00,0,0,-40.28,0.017,-0.0980,0.8330,-0.7840,1.1481,0.154175,-0.463501,0.858765,-0.154663,8.004,77.5,-1
1785794599.886,2590,591920,0,0.00000000,0.00000000,0.00,0,0,-40.32,0.009,0.0000,0.4900,-0.5880,0.7654,0.154175,-0.463501,0.858765,-0.154663,8.002,81.2,-1
1785794600.138,2591,592144,0,0.00000000,0.00000000,0.00,0,0,-40.31,0.012,0.2940,0.1960,-1.5680,1.6073,0.154114,-0.463501,0.858765,-0.154663,8.004,76.2,-1
1785794600.325,2592,592361,0,0.00000000,0.00000000,0.00,0,0,-40.27,0.032,0.2940,-0.1470,-0.1960,0.3827,0.154114,-0.463501,0.858765,-0.154663,8.002,86.2,-1
1785794600.575,2593,592583,0,0.00000000,0.00000000,0.00,0,0,-40.39,-0.048,-0.0490,-0.1470,-0.3430,0.3764,0.154114,-0.463501,0.858765,-0.154663,8.004,80.0,-1
1785794600.764,2594,592804,0,0.00000000,0.00000000,0.00,0,0,-40.36,-0.030,-0.2940,0.5880,0.1470,0.6736,0.154053,-0.463501,0.858765,-0.154602,8.006,80.0,-1
1785794601.017,2595,593012,0,0.00000000,0.00000000,0.00,0,0,-40.40,-0.051,0.0000,0.1960,0.0000,0.1960,0.154053,-0.463501,0.858765,-0.154602,8.001,82.5,-1
1785794601.208,2596,593236,0,0.00000000,0.00000000,0.00,0,0,-40.55,-0.153,0.8330,-0.5880,0.8330,1.3166,0.154053,-0.463501,0.858765,-0.154602,8.005,82.5,-1
1785794601.460,2597,593456,0,0.00000000,0.00000000,0.00,0,0,-40.47,-0.085,0.0000,0.2940,-0.2940,0.4158,0.153992,-0.463501,0.858765,-0.154602,8.006,81.2,-1
1785794601.647,2598,593677,0,0.00000000,0.00000000,0.00,0,0,-40.47,-0.063,-0.5390,0.0490,-0.6370,0.8359,0.153992,-0.463501,0.858826,-0.154541,8.007,80.0,-1
1785794601.898,2599,593918,0,0.00000000,0.00000000,0.00,0,0,-40.48,-0.058,0.5390,0.2940,0.2450,0.6610,0.153992,-0.463501,0.858826,-0.154480,8.004,75.0,-1
1785794602.146,2600,594140,0,0.00000000,0.00000000,0.00,0,0,-40.50,-0.083,-0.1960,0.5390,-0.1470,0.5921,0.153992,-0.463501,0.858826,-0.154480,8.005,77.5,-1
1785794602.333,2601,594367,0,0.00000000,0.00000000,0.00,0,0,-40.56,-0.122,0.0490,0.0980,-0.2940,0.3138,0.153992,-0.463501,0.858826,-0.154480,8.004,80.0,-1
1785794602.582,2602,594586,0,0.00000000,0.00000000,0.00,0,0,-40.54,-0.090,-0.0980,0.1960,0.1960,0.2940,0.153992,-0.463501,0.858826,-0.154480,8.002,76.2,-1
1785794602.769,2603,594809,0,0.00000000,0.00000000,0.00,0,0,-40.40,0.008,-0.0980,0.7350,-1.0780,1.3084,0.153992,-0.463501,0.858826,-0.154419,8.002,72.5,-1
1785794603.022,2604,595025,0,0.00000000,0.00000000,0.00,0,0,-40.51,-0.079,-0.3920,0.1960,0.5390,0.6947,0.153992,-0.463501,0.858826,-0.154419,8.002,80.0,-1
1785794603.209,2605,595251,0,0.00000000,0.00000000,0.00,0,0,-40.54,-0.096,-0.0980,0.2450,-0.1470,0.3021,0.153992,-0.463501,0.858826,-0.154480,8.004,76.2,-1
1785794603.457,2606,595473,0,0.00000000,0.00000000,0.00,0,0,-40.21,0.108,0.4410,-0.0490,-0.3920,0.5921,0.153992,-0.463501,0.858826,-0.154480,8.002,78.8,-1
1785794603.706,2607,595700,0,0.00000000,0.00000000,0.00,0,0,-40.37,0.011,-0.1960,-0.1470,-0.3920,0.4623,0.153992,-0.463501,0.858826,-0.154419,8.004,77.5,-1
1785794603.864,2608,595912,0,0.00000000,0.00000000,0.00,0,0,-40.45,-0.066,0.1470,0.2450,0.1470,0.3213,0.153931,-0.463501,0.858826,-0.154419,8.002,75.0,-1
1785794604.115,2609,596134,0,0.00000000,0.00000000,0.00,0,0,-40.33,0.024,-0.2450,0.2940,-0.4900,0.6217,0.153870,-0.463562,0.858826,-0.154541,8.002,72.5,-1
1785794604.367,2610,596354,0,0.00000000,0.00000000,0.00,0,0,-40.27,0.046,-0.7840,0.9310,-1.5190,1.9465,0.153870,-0.463562,0.858826,-0.154419,8.001,73.8,-1
1785794604.556,2611,596580,0,0.00000000,0.00000000,0.00,0,0,-40.10,0.146,-0.1960,0.1960,0.7350,0.7855,0.153870,-0.463562,0.858826,-0.154419,8.001,81.2,-1
1785794604.809,2612,596807,0,0.00000000,0.00000000,0.00,0,0,-40.06,0.155,-0.0980,0.5880,-0.3920,0.7135,0.153748,-0.463562,0.858826,-0.154419,8.001,75.0,-1
1785794605.001,2613,597025,0,0.00000000,0.00000000,0.00,0,0,-40.13,0.103,-0.1960,0.9310,-0.8820,1.2973,0.153748,-0.463562,0.858826,-0.154419,8.002,80.0,-1
1785794605.250,2614,597242,0,0.00000000,0.00000000,0.00,0,0,-40.10,0.093,-0.2450,0.4900,-0.2940,0.6217,0.153809,-0.463562,0.858826,-0.154419,8.000,82.5,-1
1785794605.439,2615,597462,0,0.00000000,0.00000000,0.00,0,0,-40.00,0.146,-0.2450,0.1470,-0.6370,0.6981,0.153809,-0.463562,0.858826,-0.154480,8.004,82.5,-1
1785794605.691,2616,597684,0,0.00000000,0.00000000,0.00,0,0,-40.00,0.129,0.0490,0.0490,-0.7840,0.7871,0.153870,-0.463562,0.858826,-0.154480,8.004,80.0,-1
1785794605.879,2617,597898,0,0.00000000,0.00000000,0.00,0,0,-39.89,0.160,0.0980,-0.0490,-0.4410,0.4544,0.153931,-0.463562,0.858826,-0.154480,8.001,75.0,-1
1785794606.125,2618,598119,0,0.00000000,0.00000000,0.00,0,0,-39.81,0.188,0.1960,-0.1960,-0.0490,0.2815,0.153931,-0.463562,0.858826,-0.154541,8.002,73.8,-1
1785794606.314,2619,598346,0,0.00000000,0.00000000,0.00,0,0,-39.90,0.109,-0.1470,0.3920,-0.4410,0.6081,0.153992,-0.463501,0.858826,-0.154541,8.005,73.8,-1
1785794606.562,2620,598564,0,0.00000000,0.00000000,0.00,0,0,-39.89,0.108,0.3920,-0.0490,0.1960,0.4410,0.153992,-0.463501,0.858826,-0.154541,8.002,86.2,-1
1785794606.748,2621,598789,0,0.00000000,0.00000000,0.00,0,0,-39.77,0.198,0.0000,0.1470,-0.6370,0.6537,0.153931,-0.463562,0.858826,-0.154602,8.002,82.5,-1
1785794607.001,2622,599000,0,0.00000000,0.00000000,0.00,0,0,-39.85,0.115,-0.2450,0.0980,-1.0290,1.0623,0.153931,-0.463562,0.858765,-0.154602,8.004,75.0,-1
1785794607.188,2623,599226,0,0.00000000,0.00000000,0.00,0,0,-39.81,0.139,0.2940,0.0490,0.2940,0.4187,0.153931,-0.463562,0.858765,-0.154602,8.001,80.0,-1
1785794607.440,2624,599449,0,0.00000000,0.00000000,0.00,0,0,-39.80,0.131,0.0980,0.2450,-0.0490,0.2684,0.153931,-0.463562,0.858826,-0.154602,8.005,82.5,-1
1785794607.626,2625,599666,0,0.00000000,0.00000000,0.00,0,0,-39.90,0.047,-0.2450,0.3430,-0.7840,0.8901,0.153870,-0.463562,0.858826,-0.154541,8.002,80.0,-1
1785794607.876,2626,599912,0,0.00000000,0.00000000,0.00,0,0,-39.88,0.076,0.5880,-0.0980,0.0000,0.5961,0.153870,-0.463562,0.858826,-0.154480,8.001,77.5,-1
1785794608.124,2627,600138,0,0.00000000,0.00000000,0.00,0,0,-39.76,0.133,0.0980,0.0490,-0.5880,0.5981,0.153931,-0.463562,0.858826,-0.154480,8.001,80.0,-1
1785794608.372,2628,600357,0,0.00000000,0.00000000,0.00,0,0,-39.90,0.008,0.0980,-0.1960,-0.5390,0.5818,0.153931,-0.463562,0.858826,-0.154480,8.002,85.0,-1
1785794608.562,2629,600580,0,0.00000000,0.00000000,0.00,0,0,-39.87,0.036,0.2940,0.0980,0.0980,0.3250,0.153992,-0.463501,0.858826,-0.154541,8.002,78.8,-1
1785794608.813,2630,600798,0,0.00000000,0.00000000,0.00,0,0,-39.95,-0.029,0.0000,0.2940,-0.7840,0.8373,0.153931,-0.463562,0.858826,-0.154541,8.002,81.2,-1
1785794609.001,2631,601010,0,0.00000000,0.00000000,0.00,0,0,-39.96,-0.043,-0.0980,0.4410,-0.2450,0.5139,0.153870,-0.463562,0.858826,-0.154541,8.000,82.5,-1
1785794609.190,2632,601232,0,0.00000000,0.00000000,0.00,0,0,-39.99,-0.049,0.0980,-0.5390,-0.7350,0.9167,0.153809,-0.463562,0.858826,-0.154602,8.002,81.2,-1
1785794609.439,2633,601452,0,0.00000000,0.00000000,0.00,0,0,-39.88,0.022,0.4900,0.0000,0.0490,0.4924,0.153748,-0.463562,0.858826,-0.154602,8.002,81.2,-1
1785794609.627,2634,601673,0,0.00000000,0.00000000,0.00,0,0,-39.94,-0.029,0.8330,-0.4410,0.8330,1.2579,0.153809,-0.463562,0.858826,-0.154602,8.002,77.5,-1
1785794609.875,2635,601915,0,0.00000000,0.00000000,0.00,0,0,-39.87,0.060,0.0980,-0.0980,-0.6370,0.6519,0.153809,-0.463562,0.858826,-0.154663,8.000,78.8,-1
1785794610.125,2636,602136,0,0.00000000,0.00000000,0.00,0,0,-39.97,-0.014,0.1470,0.5390,-0.2450,0.6100,0.153870,-0.463562,0.858826,-0.154602,8.001,80.0,-1
1785794610.314,2637,602357,0,0.00000000,0.00000000,0.00,0,0,-39.96,-0.018,-0.0490,0.1960,-0.2450,0.3176,0.153931,-0.463562,0.858826,-0.154602,7.999,85.0,-1
1785794610.566,2638,602585,0,0.00000000,0.00000000,0.00,0,0,-39.94,-0.000,0.3920,-0.4900,0.3430,0.7151,0.153931,-0.463562,0.858826,-0.154602,8.002,77.5,-1
1785794610.813,2639,602805,0,0.00000000,0.00000000,0.00,0,0,-39.97,-0.024,-0.0490,0.1960,-0.8820,0.9048,0.153870,-0.463562,0.858826,-0.154602,8.002,82.5,-1
1785794611.002,2640,603019,0,0.00000000,0.00000000,0.00,0,0,-40.02,-0.071,-0.0980,0.1470,-0.3430,0.3858,0.153931,-0.463562,0.858765,-0.154602,8.002,82.5,-1
1785794611.252,2641,603245,0,0.00000000,0.00000000,0.00,0,0,-40.10,-0.103,-0.0980,0.3920,-0.1960,0.4491,0.153931,-0.463562,0.858765,-0.154602,8.002,82.5,-1
1785794611.440,2642,603467,0,0.00000000,0.00000000,0.00,0,0,-40.09,-0.084,0.0980,0.5880,0.6370,0.8724,0.153931,-0.463562,0.858765,-0.154663,8.004,73.8,-1
1785794611.691,2643,603686,0,0.00000000,0.00000000,0.00,0,0,-40.01,-0.031,0.1960,0.0000,-0.3430,0.3951,0.153870,-0.463562,0.858826,-0.154602,8.005,80.0,-1
1785794611.882,2644,603899,0,0.00000000,0.00000000,0.00,0,0,-40.08,-0.065,0.0490,-0.3920,-0.0490,0.3981,0.153809,-0.463562,0.858826,-0.154602,8.004,77.5,-1
1785794612.133,2645,604126,0,0.00000000,0.00000000,0.00,0,0,-40.13,-0.110,0.5390,-0.3920,0.0000,0.6665,0.153809,-0.463562,0.858826,-0.154541,8.002,77.5,-1
1785794612.321,2646,604349,0,0.00000000,0.00000000,0.00,0,0,-40.10,-0.067,0.0000,0.1470,-0.1470,0.2079,0.153870,-0.463562,0.858826,-0.154602,8.004,77.5,-1
1785794612.571,2647,604574,0,0.00000000,0.00000000,0.00,0,0,-40.01,0.003,0.0490,0.1470,0.2450,0.2899,0.153931,-0.463562,0.858826,-0.154602,8.004,76.2,-1
1785794612.756,2648,604800,0,0.00000000,0.00000000,0.00,0,0,-40.15,-0.087,0.3920,0.2450,-0.4900,0.6736,0.153931,-0.463562,0.858826,-0.154602,8.005,76.2,-1
1785794613.006,2649,605021,0,0.00000000,0.00000000,0.00,0,0,-40.08,-0.046,-0.7350,0.3430,-0.7350,1.0946,0.153992,-0.463562,0.858826,-0.154602,8.004,81.2,-1
1785794613.196,2650,605240,0,0.00000000,0.00000000,0.00,0,0,-40.14,-0.073,-0.0490,0.3920,-0.6370,0.7496,0.153992,-0.463501,0.858826,-0.154602,8.002,77.5,-1
1785794613.444,2651,605463,0,0.00000000,0.00000000,0.00,0,0,-40.04,-0.016,0.7840,-0.3430,0.3430,0.9219,0.153931,-0.463562,0.858826,-0.154602,8.004,80.0,-1
1785794613.695,2652,605689,0,0.00000000,0.00000000,0.00,0,0,-39.98,0.029,-0.0490,1.2250,0.0980,1.2299,0.153870,-0.463562,0.858826,-0.154541,8.004,80.0,-1
1785794613.884,2653,605905,0,0.00000000,0.00000000,0.00,0,0,-39.98,0.053,-0.0980,0.4410,0.0980,0.4623,0.153870,-0.463562,0.858826,-0.154541,8.002,80.0,-1
1785794614.135,2654,606129,0,0.00000000,0.00000000,0.00,0,0,-40.17,-0.063,0.0490,0.0980,-0.1470,0.1833,0.153931,-0.463562,0.858826,-0.154541,8.004,72.5,-1
1785794614.318,2655,606352,0,0.00000000,0.00000000,0.00,0,0,-39.98,0.068,0.1470,0.1960,0.5390,0.5921,0.153931,-0.463562,0.858826,-0.154541,8.002,77.5,-1
1785794614.569,2656,606572,0,0.00000000,0.00000000,0.00,0,0,-40.11,-0.020,0.1960,-0.0980,-0.0980,0.2400,0.153931,-0.463562,0.858826,-0.154480,8.002,75.0,-1
1785794614.757,2657,606795,0,0.00000000,0.00000000,0.00,0,0,-40.11,-0.023,0.0490,0.6860,-0.3920,0.7916,0.153931,-0.463562,0.858826,-0.154480,8.001,73.8,-1
1785794615.009,2658,607015,0,0.00000000,0.00000000,0.00,0,0,-39.98,0.072,0.5880,0.0490,0.9800,1.1439,0.153870,-0.463562,0.858826,-0.154419,8.002,76.2,-1
1785794615.197,2659,607237,0,0.00000000,0.00000000,0.00,0,0,-40.02,0.043,0.0000,0.1470,0.1470,0.2079,0.153870,-0.463562,0.858826,-0.154480,8.004,73.8,-1
1785794615.447,2660,607466,0,0.00000000,0.00000000,0.00,0,0,-39.85,0.139,0.0980,0.6370,-0.7840,1.0149,0.153870,-0.463562,0.858826,-0.154541,8.007,78.8,-1
1785794615.697,2661,607688,0,0.00000000,0.00000000,0.00,0,0,-40.03,0.032,0.8330,0.0490,0.5880,1.0208,0.153870,-0.463562,0.858826,-0.154541,8.005,76.2,-1
1785794615.885,2662,607906,0,0.00000000,0.00000000,0.00,0,0,-39.97,0.067,0.4900,-0.1960,0.0000,0.5277,0.153870,-0.463562,0.858826,-0.154480,8.005,76.2,-1
1785794616.133,2663,608127,0,0.00000000,0.00000000,0.00,0,0,-39.95,0.068,-0.5390,-0.1960,-0.4900,0.7543,0.153931,-0.463562,0.858826,-0.154541,8.005,73.8,-1
1785794616.321,2664,608346,0,0.00000000,0.00000000,0.00,0,0,-39.90,0.080,-0.9800,0.3920,-1.1760,1.5802,0.153931,-0.463562,0.858826,-0.154541,8.004,82.5,-1
1785794616.573,2665,608566,0,0.00000000,0.00000000,0.00,0,0,-39.92,0.040,-0.0980,0.0490,-0.6860,0.6947,0.153931,-0.463562,0.858826,-0.154480,8.004,76.2,-1
1785794616.762,2666,608791,0,0.00000000,0.00000000,0.00,0,0,-39.82,0.093,0.0000,-0.0490,0.1960,0.2020,0.153931,-0.463562,0.858826,-0.154480,8.002,75.0,-1
1785794617.012,2667,609009,0,0.00000000,0.00000000,0.00,0,0,-39.72,0.117,-0.1960,0.1960,-0.1470,0.3138,0.153931,-0.463501,0.858826,-0.154480,8.004,76.2,-1
1785794617.202,2668,609230,0,0.00000000,0.00000000,0.00,0,0,-39.82,0.053,-0.5390,-0.3920,-1.0780,1.2674,0.153992,-0.463501,0.858826,-0.154541,8.002,76.2,-1
1785794617.451,2669,609451,0,0.00000000,0.00000000,0.00,0,0,-39.92,-0.006,0.2940,0.2450,-0.0490,0.3858,0.153992,-0.463501,0.858826,-0.154480,8.005,75.0,-1
1785794617.641,2670,609669,0,0.00000000,0.00000000,0.00,0,0,-39.86,0.040,0.2450,-0.2450,-0.1960,0.3981,0.153992,-0.463501,0.858826,-0.154480,8.004,76.2,-1
1785794617.892,2671,609913,0,0.00000000,0.00000000,0.00,0,0,-39.80,0.090,0.0490,0.4410,0.1960,0.4851,0.153992,-0.463501,0.858826,-0.154480,8.002,78.8,-1
1785794618.143,2672,610140,0,0.00000000,0.00000000,0.00,0,0,-39.76,0.120,0.3430,-0.1960,-0.2940,0.4924,0.154053,-0.463501,0.858826,-0.154480,8.002,77.5,-1
1785794618.332,2673,610362,0,0.00000000,0.00000000,0.00,0,0,-39.88,0.030,0.2450,0.4900,-0.2940,0.6217,0.154114,-0.463501,0.858826,-0.154480,8.005,81.2,-1
1785794618.584,2674,610579,0,0.00000000,0.00000000,0.00,0,0,-39.88,0.028,-0.4410,0.5880,-0.9310,1.1862,0.154053,-0.463501,0.858826,-0.154419,8.002,78.8,-1
1785794618.768,2675,610803,0,0.00000000,0.00000000,0.00,0,0,-39.89,0.018,0.3430,-0.1470,-0.2450,0.4464,0.154053,-0.463501,0.858826,-0.154419,8.002,73.8,-1
1785794619.017,2676,611020,0,0.00000000,0.00000000,0.00,0,0,-39.90,0.000,-0.2450,0.4900,-0.1470,0.5672,0.153992,-0.463501,0.858826,-0.154419,8.002,73.8,-1
1785794619.205,2677,611244,0,0.00000000,0.00000000,0.00,0,0,-39.87,0.017,0.4900,-0.1960,-1.2740,1.3790,0.153992,-0.463501,0.858826,-0.154358,8.001,73.8,-1
1785794619.455,2678,611470,0,0.00000000,0.00000000,0.00,0,0,-39.71,0.108,-0.4900,0.8820,-2.1070,2.3361,0.153931,-0.463501,0.858826,-0.154358,8.001,83.8,-1
1785794619.705,2679,611694,0,0.00000000,0.00000000,0.00,0,0,-39.80,0.052,-0.1470,0.0000,-0.0490,0.1550,0.153992,-0.463501,0.858826,-0.154419,8.002,77.5,-1
1785794619.891,2680,611910,0,0.00000000,0.00000000,0.00,0,0,-39.79,0.037,-0.4900,0.5880,-0.1470,0.7794,0.153992,-0.463501,0.858826,-0.154480,8.002,81.2,-1
1785794620.141,2681,612134,0,0.00000000,0.00000000,0.00,0,0,-39.85,-0.011,0.2940,0.4900,-0.3430,0.6665,0.153931,-0.463562,0.858826,-0.154480,8.001,81.2,-1
1785794620.328,2682,612355,0,0.00000000,0.00000000,0.00,0,0,-39.92,-0.058,-0.2940,0.3430,-0.3920,0.5981,0.153870,-0.463562,0.858826,-0.154602,8.006,81.2,-1
1785794620.577,2683,612576,0,0.00000000,0.00000000,0.00,0,0,-39.85,0.000,-0.5880,0.2940,-1.0780,1.2626,0.153809,-0.463562,0.858826,-0.154602,8.005,73.8,-1
1785794620.767,2684,612795,0,0.00000000,0.00000000,0.00,0,0,-39.80,0.023,-0.0980,0.3920,0.0980,0.4158,0.153748,-0.463562,0.858826,-0.154541,8.002,73.8,-1
1785794621.022,2685,613007,0,0.00000000,0.00000000,0.00,0,0,-39.86,-0.017,0.6860,0.2940,-0.1960,0.7717,0.153687,-0.463623,0.858826,-0.154541,8.006,78.8,-1
1785794621.212,2686,613224,0,0.00000000,0.00000000,0.00,0,0,-39.75,0.050,0.2940,0.5880,0.1960,0.6860,0.153687,-0.463623,0.858826,-0.154541,8.002,76.2,-1
1785794621.462,2687,613449,0,0.00000000,0.00000000,0.00,0,0,-39.78,0.042,0.0980,0.2940,-1.1760,1.2161,0.153687,-0.463562,0.858826,-0.154480,8.002,81.2,-1
1785794621.650,2688,613667,0,0.00000000,0.00000000,0.00,0,0,-39.83,-0.011,0.0980,-0.0980,0.5390,0.5565,0.153748,-0.463562,0.858826,-0.154480,8.004,78.8,-1
1785794621.903,2689,613912,0,0.00000000,0.00000000,0.00,0,0,-39.76,0.024,0.4900,-0.0490,0.0980,0.5021,0.153748,-0.463562,0.858826,-0.154419,8.001,78.8,-1
1785794622.091,2690,614131,0,0.00000000,0.00000000,0.00,0,0,-39.94,-0.102,0.1470,0.0490,0.0000,0.1550,0.153931,-0.463440,0.858887,-0.154480,8.002,77.5,-1
1785794622.343,2691,614353,0,0.00000000,0.00000000,0.00,0,0,-39.92,-0.093,0.0490,0.1960,-0.6860,0.7151,0.153931,-0.463501,0.858826,-0.154602,8.002,77.5,-1
1785794622.594,2692,614582,0,0.00000000,0.00000000,0.00,0,0,-39.91,-0.071,0.4900,0.0490,0.1960,0.5300,0.153809,-0.463501,0.858826,-0.154663,8.002,78.8,-1
1785794622.784,2693,614808,0,0.00000000,0.00000000,0.00,0,0,-39.94,-0.071,-0.0490,0.0980,-0.2450,0.2684,0.153870,-0.463440,0.858826,-0.154785,8.004,82.5,-1
1785794623.035,2694,615028,0,0.00000000,0.00000000,0.00,0,0,-39.96,-0.085,-0.0490,0.1470,-0.1960,0.2499,0.153931,-0.463440,0.858826,-0.154785,8.001,82.5,-1
1785794623.220,2695,615252,0,0.00000000,0.00000000,0.00,0,0,-40.11,-0.171,-0.1960,0.1960,-0.3920,0.4801,0.153992,-0.463440,0.858826,-0.154724,8.005,77.5,-1
1785794623.471,2696,615469,0,0.00000000,0.00000000,0.00,0,0,-39.96,-0.054,0.3920,0.1960,0.2940,0.5277,0.154053,-0.463440,0.858826,-0.154785,8.004,81.2,-1
1785794623.662,2697,615694,0,0.00000000,0.00000000,0.00,0,0,-40.08,-0.131,0.3920,0.4410,-0.5880,0.8330,0.154053,-0.463440,0.858826,-0.154785,8.004,75.0,-1
1785794623.915,2698,615915,0,0.00000000,0.00000000,0.00,0,0,-39.94,-0.034,0.0980,0.3430,-0.6370,0.7301,0.154114,-0.463379,0.858765,-0.154907,8.002,73.8,-1
1785794624.103,2699,616143,0,0.00000000,0.00000000,0.00,0,0,-40.09,-0.103,0.0000,0.5880,-0.8330,1.0196,0.154175,-0.463379,0.858765,-0.154968,8.001,80.0,-1
1785794624.351,2700,616368,0,0.00000000,0.00000000,0.00,0,0,-39.98,-0.037,0.2450,0.2940,-0.7350,0.8287,0.154175,-0.463379,0.858765,-0.154968,8.002,82.5,-1
1785794624.601,2701,616592,0,0.00000000,0.00000000,0.00,0,0,-40.02,-0.040,0.4410,-0.0980,-0.3430,0.5672,0.154175,-0.463379,0.858765,-0.154907,8.001,80.0,-1
1785794624.790,2702,616814,0,0.00000000,0.00000000,0.00,0,0,-40.10,-0.068,0.0980,-0.0980,-1.0780,1.0869,0.154175,-0.463379,0.858765,-0.154846,8.004,78.8,-1
1785794625.042,2703,617030,0,0.00000000,0.00000000,0.00,0,0,-40.16,-0.097,-0.2450,0.2450,0.2450,0.4244,0.154175,-0.463379,0.858765,-0.154846,8.001,81.2,-1
1785794625.232,2704,617256,0,0.00000000,0.00000000,0.00,0,0,-40.09,-0.037,-0.0490,0.1960,-0.1470,0.2499,0.154114,-0.463440,0.858765,-0.154907,8.005,72.5,-1
1785794625.484,2705,617485,0,0.00000000,0.00000000,0.00,0,0,-40.07,-0.027,0.9800,0.2450,-0.3430,1.0668,0.154053,-0.463440,0.858765,-0.154846,7.999,81.2,-1
1785794625.674,2706,617709,0,0.00000000,0.00000000,0.00,0,0,-40.15,-0.048,0.0980,0.6860,-0.5880,0.9088,0.154053,-0.463440,0.858765,-0.154846,8.001,80.0,-1
1785794625.925,2707,617921,0,0.00000000,0.00000000,0.00,0,0,-40.12,-0.016,0.0490,-0.0490,-0.1470,0.1625,0.154053,-0.463440,0.858765,-0.154907,8.001,77.5,-1
1785794626.111,2708,618149,0,0.00000000,0.00000000,0.00,0,0,-40.13,-0.015,0.1470,0.0980,0.2450,0.3021,0.154053,-0.463440,0.858765,-0.154907,8.001,81.2,-1
1785794626.361,2709,618366,0,0.00000000,0.00000000,0.00,0,0,-40.14,-0.008,0.0000,0.0490,-0.2940,0.2981,0.153992,-0.463440,0.858765,-0.154907,8.001,88.8,-1
1785794626.550,2710,618588,0,0.00000000,0.00000000,0.00,0,0,-40.16,-0.016,0.5880,-0.2450,-0.3430,0.7235,0.154053,-0.463440,0.858826,-0.154846,8.001,80.0,-1
1785794626.804,2711,618807,0,0.00000000,0.00000000,0.00,0,0,-40.13,0.018,0.4410,-0.1960,0.0980,0.4924,0.154053,-0.463440,0.858826,-0.154846,8.001,80.0,-1
1785794626.993,2712,619029,0,0.00000000,0.00000000,0.00,0,0,-40.25,-0.055,0.9800,-1.0290,0.8330,1.6472,0.154053,-0.463440,0.858765,-0.154846,8.002,81.2,-1
1785794627.241,2713,619251,0,0.00000000,0.00000000,0.00,0,0,-40.27,-0.065,-0.1470,0.3430,-0.8820,0.9577,0.154114,-0.463379,0.858765,-0.154846,8.002,80.0,-1
1785794627.489,2714,619473,0,0.00000000,0.00000000,0.00,0,0,-40.13,0.017,-0.4900,0.4410,-0.2450,0.7033,0.154175,-0.463379,0.858765,-0.154846,8.001,75.0,-1
1785794627.673,2715,619698,0,0.00000000,0.00000000,0.00,0,0,-40.32,-0.107,0.0000,0.2450,-0.4410,0.5045,0.154175,-0.463379,0.858765,-0.154907,8.001,82.5,-1
1785794627.922,2716,619916,0,0.00000000,0.00000000,0.00,0,0,-40.23,-0.053,0.3920,0.3920,1.2740,1.3894,0.154175,-0.463379,0.858765,-0.154968,8.004,76.2,-1
1785794628.109,2717,620142,0,0.00000000,0.00000000,0.00,0,0,-40.23,-0.053,0.0490,0.6370,-0.6370,0.9022,0.154175,-0.463379,0.858765,-0.154846,8.004,73.8,-1
1785794628.364,2718,620361,0,0.00000000,0.00000000,0.00,0,0,-40.24,-0.043,0.0000,0.2450,-0.1960,0.3138,0.154175,-0.463379,0.858826,-0.154846,8.002,85.0,-1
1785794628.551,2719,620581,0,0.00000000,0.00000000,0.00,0,0,-40.31,-0.082,0.3430,-0.2940,-0.3920,0.5981,0.154175,-0.463379,0.858765,-0.154846,8.004,76.2,-1
1785794628.803,2720,620803,0,0.00000000,0.00000000,0.00,0,0,-40.20,-0.017,0.0980,0.4900,0.2940,0.5798,0.154175,-0.463379,0.858826,-0.154785,8.006,73.8,-1
1785794628.975,2721,621021,0,0.00000000,0.00000000,0.00,0,0,-40.22,-0.042,0.0980,0.0490,-0.6370,0.6464,0.154114,-0.463379,0.858826,-0.154785,8.002,78.8,-1
1785794629.225,2722,621242,0,0.00000000,0.00000000,0.00,0,0,-40.23,-0.029,0.3430,0.5880,-0.2940,0.7415,0.154114,-0.463379,0.858826,-0.154785,8.002,80.0,-1
1785794629.476,2723,621463,0,0.00000000,0.00000000,0.00,0,0,-40.26,-0.052,-0.0980,0.1470,-0.0980,0.2020,0.154114,-0.463379,0.858826,-0.154785,8.006,75.0,-1
1785794629.667,2724,621685,0,0.00000000,0.00000000,0.00,0,0,-40.33,-0.084,-0.3920,-0.5390,0.0490,0.6683,0.154114,-0.463379,0.858826,-0.154785,8.004,73.8,-1
1785794629.858,2725,621897,0,0.00000000,0.00000000,0.00,0,0,-40.33,-0.088,0.0980,0.1960,-0.0490,0.2245,0.154114,-0.463379,0.858826,-0.154724,8.004,80.0,-1
1785794630.109,2726,622117,0,0.00000000,0.00000000,0.00,0,0,-40.29,-0.046,-0.4900,0.5390,-0.3430,0.8052,0.154175,-0.463379,0.858826,-0.154785,8.002,77.5,-1
1785794630.296,2727,622335,0,0.00000000,0.00000000,0.00,0,0,-40.21,0.010,0.8820,0.0490,0.4410,0.9873,0.154175,-0.463379,0.858765,-0.154846,8.004,78.8,-1
1785794630.545,2728,622557,0,0.00000000,0.00000000,0.00,0,0,-40.22,-0.024,-0.1960,0.2450,-0.6370,0.7101,0.154236,-0.463379,0.858765,-0.154907,8.006,80.0,-1
1785794630.731,2729,622775,0,0.00000000,0.00000000,0.00,0,0,-40.15,0.029,0.2940,0.9800,-1.0290,1.4511,0.154236,-0.463379,0.858765,-0.154907,8.004,76.2,-1
1785794630.980,2730,622996,0,0.00000000,0.00000000,0.00,0,0,-40.33,-0.073,-0.0490,0.5390,-0.9310,1.0769,0.154236,-0.463379,0.858765,-0.154907,8.004,80.0,-1
1785794631.231,2731,623217,0,0.00000000,0.00000000,0.00,0,0,-40.36,-0.085,-0.3920,0.6370,-0.7840,1.0836,0.154236,-0.463379,0.858765,-0.154846,8.004,76.2,-1
1785794631.421,2732,623440,0,0.00000000,0.00000000,0.00,0,0,-40.33,-0.073,0.3920,0.0000,0.0980,0.4041,0.154175,-0.463379,0.858765,-0.154846,8.004,78.8,-1
1785794631.671,2733,623660,0,0.00000000,0.00000000,0.00,0,0,-40.39,-0.112,-0.0490,0.8820,-0.8820,1.2483,0.154236,-0.463379,0.858765,-0.154846,8.002,81.2,-1
1785794631.859,2734,623900,0,0.00000000,0.00000000,0.00,0,0,-40.38,-0.067,1.4700,0.0980,2.4500,2.8588,0.154236,-0.463379,0.858765,-0.154846,8.002,76.2,-1
1785794632.109,2735,624101,0,0.00000000,0.00000000,0.00,0,0,-40.47,-0.100,-0.4410,0.0000,0.0000,0.4410,0.154236,-0.463379,0.858765,-0.154846,8.004,77.5,-1
1785794632.295,2736,624323,0,0.00000000,0.00000000,0.00,0,0,-40.40,-0.034,0.3920,0.6370,0.7350,1.0486,0.154236,-0.463379,0.858765,-0.154907,8.002,77.5,-1
1785794632.545,2737,624549,0,0.00000000,0.00000000,0.00,0,0,-40.36,-0.003,0.0490,0.0000,-0.4410,0.4437,0.154114,-0.463440,0.858765,-0.154968,8.004,80.0,-1
1785794632.731,2738,624772,0,0.00000000,0.00000000,0.00,0,0,-40.33,0.009,-0.0980,0.3920,-1.4700,1.5245,0.154114,-0.463440,0.858765,-0.154968,8.004,72.5,-1
1785794632.979,2739,624988,0,0.00000000,0.00000000,0.00,0,0,-40.31,0.025,0.3430,0.0000,-0.1470,0.3732,0.154053,-0.463440,0.858765,-0.155029,8.004,78.8,-1
1785794633.168,2740,625213,0,0.00000000,0.00000000,0.00,0,0,-40.32,0.015,-0.3920,0.6370,-0.6860,1.0149,0.154053,-0.463440,0.858765,-0.155090,8.004,72.5,-1
1785794633.420,2741,625439,0,0.00000000,0.00000000,0.00,0,0,-40.32,-0.002,1.0780,-0.0980,0.4410,1.1688,0.154114,-0.463440,0.858765,-0.155090,8.004,80.0,-1
1785794633.669,2742,625663,0,0.00000000,0.00000000,0.00,0,0,-40.41,-0.070,-0.2450,0.1960,0.3430,0.4649,0.154175,-0.463440,0.858765,-0.155029,8.004,78.8,-1
1785794633.917,2743,625904,0,0.00000000,0.00000000,0.00,0,0,-40.39,-0.057,-0.0490,0.2450,-0.3920,0.4649,0.154175,-0.463440,0.858765,-0.155029,8.002,80.0,-1
1785794634.106,2744,626125,0,0.00000000,0.00000000,0.00,0,0,-40.35,-0.009,0.0980,-0.1960,-0.1960,0.2940,0.154053,-0.463440,0.858765,-0.154968,8.004,77.5,-1
1785794634.360,2745,626347,0,0.00000000,0.00000000,0.00,0,0,-40.42,-0.049,0.0980,1.0290,0.0000,1.0337,0.154053,-0.463440,0.858765,-0.154907,8.001,80.0,-1
1785794634.549,2746,626567,0,0.00000000,0.00000000,0.00,0,0,-40.26,0.049,0.2450,1.5680,-1.1760,1.9753,0.154114,-0.463440,0.858765,-0.154846,8.004,81.2,-1
1785794634.801,2747,626796,0,0.00000000,0.00000000,0.00,0,0,-40.37,-0.032,-0.1960,0.3920,-0.5390,0.6947,0.154114,-0.463379,0.858765,-0.154907,8.002,76.2,-1
1785794634.991,2748,627017,0,0.00000000,0.00000000,0.00,0,0,-40.36,-0.038,0.1960,-0.2450,0.0000,0.3138,0.154175,-0.463379,0.858765,-0.154907,8.004,76.2,-1
1785794635.241,2749,627243,0,0.00000000,0.00000000,0.00,0,0,-40.42,-0.074,0.1470,-0.2940,-0.6860,0.7607,0.154175,-0.463379,0.858765,-0.154968,8.001,83.8,-1
1785794635.429,2750,627471,0,0.00000000,0.00000000,0.00,0,0,-40.38,-0.054,0.0490,0.1960,-0.7350,0.7623,0.154236,-0.463379,0.858765,-0.154968,8.002,76.2,-1
1785794635.684,2751,627693,0,0.00000000,0.00000000,0.00,0,0,-40.23,0.046,0.0490,0.4410,0.0980,0.4544,0.154236,-0.463379,0.858765,-0.154968,8.002,75.0,-1
1785794635.873,2752,627913,0,0.00000000,0.00000000,0.00,0,0,-40.27,0.028,0.2940,0.4900,-0.2940,0.6426,0.154236,-0.463379,0.858765,-0.155029,8.001,76.2,-1
1785794636.120,2753,628139,0,0.00000000,0.00000000,0.00,0,0,-40.25,0.044,-0.1960,-0.0980,0.3920,0.4491,0.154236,-0.463379,0.858765,-0.154968,8.001,76.2,-1
1785794636.370,2754,628357,0,0.00000000,0.00000000,0.00,0,0,-40.16,0.106,0.2450,0.3430,-0.2940,0.5139,0.154236,-0.463379,0.858765,-0.154907,8.000,83.8,-1
1785794636.558,2755,628580,0,0.00000000,0.00000000,0.00,0,0,-40.26,0.015,0.2450,0.2940,-0.1960,0.4300,0.154236,-0.463379,0.858765,-0.154846,8.001,75.0,-1
1785794636.805,2756,628800,0,0.00000000,0.00000000,0.00,0,0,-40.16,0.073,1.0290,-1.2250,1.5190,2.2061,0.154236,-0.463379,0.858765,-0.154907,8.002,73.8,-1
1785794636.990,2757,629017,0,0.00000000,0.00000000,0.00,0,0,-40.38,-0.062,0.5880,0.2940,-0.7840,1.0232,0.154236,-0.463379,0.858765,-0.154846,8.002,77.5,-1
1785794637.243,2758,629241,0,0.00000000,0.00000000,0.00,0,0,-40.26,0.001,0.6370,0.0490,0.4410,0.7763,0.154175,-0.463379,0.858765,-0.154785,8.004,77.5,-1
1785794637.433,2759,629464,0,0.00000000,0.00000000,0.00,0,0,-40.33,-0.054,0.3430,0.4410,-0.6860,0.8847,0.154175,-0.463379,0.858765,-0.154846,8.001,80.0,-1
1785794637.686,2760,629688,0,0.00000000,0.00000000,0.00,0,0,-40.16,0.054,-0.0490,0.0490,-0.4900,0.4949,0.154175,-0.463379,0.858826,-0.154785,8.002,77.5,-1
1785794637.875,2761,629906,0,0.00000000,0.00000000,0.00,0,0,-40.14,0.065,-0.0980,0.1470,-0.1470,0.2298,0.154175,-0.463379,0.858826,-0.154785,8.002,75.0,-1
1785794638.127,2762,630134,0,0.00000000,0.00000000,0.00,0,0,-40.23,0.007,-0.3920,0.2940,-0.8330,0.9664,0.154175,-0.463379,0.858826,-0.154785,8.002,75.0,-1
1785794638.374,2763,630359,0,0.00000000,0.00000000,0.00,0,0,-40.19,0.030,-0.2450,0.1960,-0.8820,0.9361,0.154175,-0.463379,0.858826,-0.154785,8.001,83.8,-1
1785794638.562,2764,630583,0,0.00000000,0.00000000,0.00,0,0,-40.25,-0.012,0.0980,-0.1960,-0.4410,0.4924,0.154236,-0.463379,0.858765,-0.154846,8.002,80.0,-1
1785794638.812,2765,630805,0,0.00000000,0.00000000,0.00,0,0,-40.19,0.026,0.2450,0.3920,0.1470,0.4851,0.154236,-0.463379,0.858765,-0.154907,8.002,78.8,-1
1785794638.977,2766,631023,0,0.00000000,0.00000000,0.00,0,0,-40.17,0.041,-0.6370,0.6370,-1.3230,1.6006,0.154236,-0.463379,0.858765,-0.154907,8.002,80.0,-1
1785794639.220,2767,631247,0,0.00000000,0.00000000,0.00,0,0,-40.19,0.025,-0.1960,0.4410,-0.6860,0.8387,0.154175,-0.463379,0.858765,-0.154846,8.001,82.5,-1
1785794639.470,2768,631475,0,0.00000000,0.00000000,0.00,0,0,-40.25,-0.004,0.0490,-1.0290,0.1470,1.0406,0.154114,-0.463379,0.858765,-0.154907,8.004,78.8,-1
1785794639.657,2769,631697,0,0.00000000,0.00000000,0.00,0,0,-40.21,0.028,-0.0490,0.3920,-0.8330,0.9219,0.154175,-0.463379,0.858765,-0.154907,8.004,78.8,-1
1785794639.907,2770,631911,0,0.00000000,0.00000000,0.00,0,0,-40.14,0.026,0.3920,0.0000,-0.0980,0.4041,0.154236,-0.463379,0.858765,-0.154907,8.002,76.2,-1
1785794640.095,2771,632138,0,0.00000000,0.00000000,0.00,0,0,-40.34,-0.089,-0.0490,0.2940,-0.4410,0.5323,0.154236,-0.463379,0.858765,-0.154968,8.002,80.0,-1
1785794640.348,2772,632359,0,0.00000000,0.00000000,0.00,0,0,-40.26,-0.038,-0.4900,0.4410,-1.1270,1.3056,0.154236,-0.463379,0.858765,-0.154907,8.001,86.2,-1
1785794640.538,2773,632582,0,0.00000000,0.00000000,0.00,0,0,-40.27,-0.031,0.1470,0.4410,0.0000,0.4649,0.154236,-0.463379,0.858765,-0.154968,8.004,78.8,-1
1785794640.791,2774,632809,0,0.00000000,0.00000000,0.00,0,0,-40.28,-0.006,-0.2450,0.7840,-0.4410,0.9323,0.154236,-0.463379,0.858765,-0.154907,8.001,76.2,-1
1785794641.038,2775,633024,0,0.00000000,0.00000000,0.00,0,0,-40.35,-0.045,-0.2940,0.1960,-0.5880,0.6860,0.154236,-0.463379,0.858765,-0.154907,8.004,82.5,-1
1785794641.229,2776,633249,0,0.00000000,0.00000000,0.00,0,0,-40.38,-0.060,0.1960,0.0490,0.0000,0.2020,0.154175,-0.463379,0.858765,-0.154907,8.002,81.2,-1
1785794641.477,2777,633468,0,0.00000000,0.00000000,0.00,0,0,-40.37,-0.040,0.0980,0.4410,-0.3920,0.5981,0.154175,-0.463379,0.858765,-0.154907,8.002,81.2,-1
1785794641.663,2778,633690,0,0.00000000,0.00000000,0.00,0,0,-40.19,0.077,-0.5390,-0.5390,0.4410,0.8806,0.154175,-0.463379,0.858826,-0.154846,8.000,73.8,-1
1785794641.913,2779,633901,0,0.00000000,0.00000000,0.00,0,0,-40.28,-0.006,0.0490,0.4410,-0.9800,1.0758,0.154175,-0.463379,0.858826,-0.154785,8.004,80.0,-1
1785794642.101,2780,634120,0,0.00000000,0.00000000,0.00,0,0,-40.32,-0.028,0.3430,0.5390,-0.9310,1.1291,0.154175,-0.463318,0.858826,-0.154724,7.999,81.2,-1
1785794642.353,2781,634339,0,0.00000000,0.00000000,0.00,0,0,-40.29,-0.012,0.0000,0.0490,-0.4410,0.4437,0.154053,-0.463379,0.858887,-0.154541,8.001,83.8,-1
1785794642.540,2782,634564,0,0.00000000,0.00000000,0.00,0,0,-40.31,-0.011,0.5390,0.1960,-0.2450,0.6237,0.154053,-0.463379,0.858887,-0.154480,8.004,81.2,-1
1785794642.789,2783,634785,0,0.00000000,0.00000000,0.00,0,0,-40.39,-0.068,-0.0490,-0.1470,-0.2940,0.3323,0.154053,-0.463379,0.858887,-0.154480,8.002,78.8,-1
1785794642.974,2784,635004,0,0.00000000,0.00000000,0.00,0,0,-40.47,-0.089,-0.3430,0.6370,-1.1270,1.3392,0.154053,-0.463379,0.858887,-0.154419,8.004,81.2,-1
1785794643.223,2785,635221,0,0.00000000,0.00000000,0.00,0,0,-40.43,-0.052,0.2450,-0.9800,0.2940,1.0521,0.154053,-0.463318,0.858948,-0.154358,8.001,81.2,-1
1785794643.413,2786,635446,0,0.00000000,0.00000000,0.00,0,0,-40.34,-0.008,0.4900,-0.3430,-0.1470,0.6159,0.154114,-0.463318,0.858948,-0.154297,8.004,78.8,-1
1785794643.663,2787,635668,0,0.00000000,0.00000000,0.00,0,0,-40.28,0.026,0.3430,0.0980,0.2450,0.4328,0.154053,-0.463318,0.858948,-0.154236,8.001,82.5,-1
1785794643.914,2788,635917,0,0.00000000,0.00000000,0.00,0,0,-40.29,0.021,-0.1470,-0.0490,-0.1470,0.2136,0.153992,-0.463318,0.858948,-0.154236,8.002,78.8,-1
1785794644.098,2789,636142,0,0.00000000,0.00000000,0.00,0,0,-40.55,-0.135,-0.0490,0.1470,-0.5880,0.6081,0.153992,-0.463379,0.858948,-0.154297,8.005,81.2,-1
1785794644.347,2790,636366,0,0.00000000,0.00000000,0.00,0,0,-40.47,-0.078,-0.7840,0.6860,-0.6860,1.2473,0.153992,-0.463318,0.858948,-0.154297,8.004,78.8,-1
1785794644.595,2791,636584,0,0.00000000,0.00000000,0.00,0,0,-40.37,-0.009,0.1960,0.5880,-0.8330,1.0383,0.154053,-0.463318,0.858948,-0.154236,8.004,86.2,-1
1785794644.784,2792,636809,0,0.00000000,0.00000000,0.00,0,0,-40.36,-0.016,0.1960,0.0980,-0.6860,0.7201,0.154053,-0.463318,0.858948,-0.154236,8.006,81.2,-1
1785794645.034,2793,637028,0,0.00000000,0.00000000,0.00,0,0,-40.32,-0.001,0.0980,-0.3430,-0.3920,0.5300,0.154053,-0.463318,0.858948,-0.154236,8.005,82.5,-1
1785794645.222,2794,637251,0,0.00000000,0.00000000,0.00,0,0,-40.43,-0.069,0.1960,0.0490,0.2940,0.3567,0.153992,-0.463379,0.858948,-0.154236,8.004,80.0,-1
1785794645.473,2795,637474,0,0.00000000,0.00000000,0.00,0,0,-40.54,-0.132,0.0980,0.1470,0.0000,0.1767,0.153931,-0.463379,0.858948,-0.154236,8.004,81.2,-1
1785794645.663,2796,637695,0,0.00000000,0.00000000,0.00,0,0,-40.44,-0.071,-0.0490,0.1960,0.1960,0.2815,0.153870,-0.463379,0.858948,-0.154236,8.002,82.5,-1
1785794645.916,2797,637912,0,0.00000000,0.00000000,0.00,0,0,-40.43,-0.047,-0.3920,0.5880,-0.8820,1.1302,0.153870,-0.463379,0.858948,-0.154236,8.004,73.8,-1
1785794646.104,2798,638140,0,0.00000000,0.00000000,0.00,0,0,-40.54,-0.107,0.0980,0.1960,-0.2450,0.3287,0.153870,-0.463379,0.858948,-0.154236,8.006,76.2,-1
1785794646.357,2799,638360,0,0.00000000,0.00000000,0.00,0,0,-40.57,-0.096,0.5880,-0.9800,0.7350,1.3588,0.153870,-0.463379,0.858948,-0.154297,8.004,86.2,-1
1785794646.547,2800,638582,0,0.00000000,0.00000000,0.00,0,0,-40.62,-0.124,0.0980,-0.0490,-0.3430,0.3601,0.153870,-0.463379,0.858948,-0.154358,8.004,78.8,-1
1785794646.799,2801,638810,0,0.00000000,0.00000000,0.00,0,0,-40.52,-0.044,-0.1960,0.5390,-0.5880,0.8214,0.153870,-0.463440,0.858887,-0.154358,8.004,80.0,-1
1785794646.987,2802,639025,0,0.00000000,0.00000000,0.00,0,0,-40.60,-0.080,0.0490,0.2940,-0.2450,0.3858,0.153931,-0.463379,0.858948,-0.154297,8.004,78.8,-1
1785794647.238,2803,639252,0,0.00000000,0.00000000,0.00,0,0,-40.42,0.050,0.2940,0.4900,-0.0490,0.5735,0.153992,-0.463379,0.858887,-0.154358,8.004,75.0,-1
1785794647.486,2804,639471,0,0.00000000,0.00000000,0.00,0,0,-40.47,0.026,0.3430,-0.3430,-0.3920,0.6237,0.153992,-0.463440,0.858887,-0.154419,8.001,80.0,-1
1785794647.672,2805,639694,0,0.00000000,0.00000000,0.00,0,0,-40.40,0.064,-0.0980,0.3430,-0.3920,0.5300,0.153992,-0.463440,0.858887,-0.154419,8.004,82.5,-1
1785794647.860,2806,639904,0,0.00000000,0.00000000,0.00,0,0,-40.36,0.091,-0.2450,0.6860,-0.7840,1.0702,0.153992,-0.463440,0.858887,-0.154480,8.002,76.2,-1
1785794648.114,2807,640124,0,0.00000000,0.00000000,0.00,0,0,-40.46,-0.002,0.0490,0.4410,0.5390,0.6981,0.153992,-0.463440,0.858887,-0.154541,8.004,78.8,-1
1785794648.303,2808,640344,0,0.00000000,0.00000000,0.00,0,0,-40.48,-0.042,0.2450,0.0490,-0.0980,0.2684,0.153931,-0.463440,0.858887,-0.154541,8.001,73.8,-1
1785794648.551,2809,640564,0,0.00000000,0.00000000,0.00,0,0,-40.36,0.035,0.1960,0.1470,-0.0980,0.2639,0.153931,-0.463440,0.858826,-0.154602,8.004,77.5,-1
1785794648.799,2810,640784,0,0.00000000,0.00000000,0.00,0,0,-40.33,0.045,-0.0490,0.1960,-0.0490,0.2079,0.153931,-0.463440,0.858826,-0.154663,8.004,77.5,-1
1785794648.983,2811,641003,0,0.00000000,0.00000000,0.00,0,0,-40.36,0.022,-0.0980,0.1470,-0.4410,0.4751,0.153931,-0.463440,0.858826,-0.154663,8.002,81.2,-1
1785794649.233,2812,641227,0,0.00000000,0.00000000,0.00,0,0,-40.45,-0.034,0.0980,-0.0490,0.2450,0.2684,0.153931,-0.463440,0.858826,-0.154663,8.005,78.8,-1
1785794649.420,2813,641445,0,0.00000000,0.00000000,0.00,0,0,-40.24,0.116,0.1960,0.4410,-0.1470,0.5045,0.153931,-0.463440,0.858826,-0.154663,8.006,82.5,-1
1785794649.671,2814,641665,0,0.00000000,0.00000000,0.00,0,0,-40.34,0.035,0.3430,0.0980,-0.4410,0.5672,0.153992,-0.463440,0.858826,-0.154663,8.005,80.0,-1
1785794649.920,2815,641910,0,0.00000000,0.00000000,0.00,0,0,-40.29,0.049,-0.0980,0.6860,0.0980,0.6999,0.153931,-0.463440,0.858826,-0.154724,8.004,77.5,-1
1785794650.108,2816,642139,0,0.00000000,0.00000000,0.00,0,0,-40.38,0.011,0.4900,0.0980,-0.2940,0.5798,0.153931,-0.463440,0.858826,-0.154785,8.004,82.5,-1
1785794650.355,2817,642360,0,0.00000000,0.00000000,0.00,0,0,-40.27,0.078,-0.1470,0.4900,-0.3430,0.6159,0.153870,-0.463440,0.858826,-0.154846,8.002,86.2,-1
1785794650.541,2818,642582,0,0.00000000,0.00000000,0.00,0,0,-40.28,0.076,0.2450,-0.0980,-0.1470,0.3021,0.153870,-0.463440,0.858826,-0.154846,8.002,77.5,-1
1785794650.794,2819,642810,0,0.00000000,0.00000000,0.00,0,0,-40.29,0.059,0.1470,0.0000,-0.0980,0.1767,0.153870,-0.463440,0.858826,-0.154785,8.001,81.2,-1
1785794650.984,2820,643028,0,0.00000000,0.00000000,0.00,0,0,-40.37,0.007,-0.2940,0.1960,-0.4410,0.5651,0.153931,-0.463440,0.858826,-0.154724,8.001,82.5,-1
1785794651.230,2821,643248,0,0.00000000,0.00000000,0.00,0,0,-40.21,0.097,0.3430,-0.3430,-0.0980,0.4949,0.153931,-0.463440,0.858826,-0.154724,8.004,82.5,-1
1785794651.481,2822,643472,0,0.00000000,0.00000000,0.00,0,0,-40.30,0.043,0.0980,0.3430,-0.5880,0.6877,0.153870,-0.463440,0.858826,-0.154785,8.005,81.2,-1
1785794651.669,2823,643700,0,0.00000000,0.00000000,0.00,0,0,-40.31,0.027,-0.0490,0.9800,-0.2450,1.0113,0.153870,-0.463440,0.858826,-0.154724,8.001,80.0,-1
1785794651.920,2824,643914,0,0.00000000,0.00000000,0.00,0,0,-40.38,0.005,0.0000,-0.2450,-0.3920,0.4623,0.153870,-0.463440,0.858826,-0.154663,8.004,75.0,-1
1785794652.106,2825,644135,0,0.00000000,0.00000000,0.00,0,0,-40.38,0.004,0.1960,0.0490,-0.1470,0.2499,0.153870,-0.463440,0.858826,-0.154663,8.002,76.2,-1
1785794652.357,2826,644356,0,0.00000000,0.00000000,0.00,0,0,-40.44,-0.034,-0.1960,0.4900,-0.8820,1.0278,0.153870,-0.463440,0.858826,-0.154663,8.002,83.8,-1
1785794652.547,2827,644581,0,0.00000000,0.00000000,0.00,0,0,-40.56,-0.118,0.0490,0.0000,0.0490,0.0693,0.153870,-0.463440,0.858887,-0.154602,8.000,86.2,-1
1785794652.797,2828,644801,0,0.00000000,0.00000000,0.00,0,0,-40.36,0.013,0.0980,0.2940,-0.2940,0.4272,0.153809,-0.463440,0.858887,-0.154602,8.000,83.8,-1
1785794652.984,2829,645015,0,0.00000000,0.00000000,0.00,0,0,-40.54,-0.108,0.1470,0.0490,-0.3920,0.4215,0.153870,-0.463440,0.858826,-0.154602,8.002,78.8,-1
1785794653.233,2830,645235,0,0.00000000,0.00000000,0.00,0,0,-40.44,-0.039,0.0980,0.3430,-0.9800,1.0429,0.153870,-0.463440,0.858826,-0.154663,8.002,81.2,-1
1785794653.423,2831,645454,0,0.00000000,0.00000000,0.00,0,0,-40.46,-0.039,0.0980,0.1470,0.0490,0.1833,0.153870,-0.463440,0.858826,-0.154663,8.002,80.0,-1
1785794653.673,2832,645673,0,0.00000000,0.00000000,0.00,0,0,-40.47,-0.034,-0.0980,0.0490,-0.2450,0.2684,0.153931,-0.463440,0.858826,-0.154663,8.005,81.2,-1
1785794653.865,2833,645890,0,0.00000000,0.00000000,0.00,0,0,-40.48,-0.030,0.5880,-0.0490,0.0980,0.5981,0.153931,-0.463440,0.858826,-0.154663,8.001,77.5,-1
1785794654.118,2834,646116,0,0.00000000,0.00000000,0.00,0,0,-40.32,0.070,0.3430,-0.1470,0.0980,0.3858,0.153931,-0.463440,0.858826,-0.154663,8.005,73.8,-1
1785794654.308,2835,646335,0,0.00000000,0.00000000,0.00,0,0,-40.43,-0.003,-0.0490,0.2450,0.0980,0.2684,0.153992,-0.463440,0.858826,-0.154602,8.002,72.5,-1
1785794654.558,2836,646558,0,0.00000000,0.00000000,0.00,0,0,-40.54,-0.071,-0.4410,0.3430,-2.1070,2.1798,0.153931,-0.463440,0.858826,-0.154663,8.005,75.0,-1
1785794654.746,2837,646776,0,0.00000000,0.00000000,0.00,0,0,-40.50,-0.042,-0.1960,0.2450,-0.6370,0.7101,0.153931,-0.463440,0.858826,-0.154724,8.004,77.5,-1
1785794654.997,2838,646986,0,0.00000000,0.00000000,0.00,0,0,-40.52,-0.042,0.4900,0.7840,-0.3920,1.0042,0.153931,-0.463440,0.858826,-0.154724,8.002,76.2,-1
1785794655.186,2839,647208,0,0.00000000,0.00000000,0.00,0,0,-40.42,0.006,0.3430,0.1470,-0.1470,0.4011,0.153931,-0.463440,0.858826,-0.154724,8.001,77.5,-1
1785794655.440,2840,647431,0,0.00000000,0.00000000,0.00,0,0,-40.40,0.009,-0.7350,0.4900,-0.3430,0.9476,0.153931,-0.463440,0.858826,-0.154724,8.002,77.5,-1
1785794655.631,2841,647655,0,0.00000000,0.00000000,0.00,0,0,-40.37,0.002,-0.2450,0.2450,-0.6860,0.7685,0.153992,-0.463440,0.858826,-0.154663,8.004,80.0,-1
1785794655.881,2842,647903,0,0.00000000,0.00000000,0.00,0,0,-40.42,-0.016,1.2250,-0.0980,1.1270,1.6674,0.153931,-0.463440,0.858826,-0.154724,8.001,77.5,-1
1785794656.130,2843,648130,0,0.00000000,0.00000000,0.00,0,0,-40.47,-0.059,0.5880,-0.2940,-0.0980,0.6647,0.153931,-0.463440,0.858826,-0.154663,8.004,81.2,-1
1785794656.318,2844,648353,0,0.00000000,0.00000000,0.00,0,0,-40.54,-0.094,0.3920,0.4900,-0.3430,0.7151,0.153931,-0.463440,0.858826,-0.154602,8.002,80.0,-1
1785794656.567,2845,648579,0,0.00000000,0.00000000,0.00,0,0,-40.43,-0.022,-0.0980,0.0980,-0.4900,0.5092,0.153931,-0.463440,0.858826,-0.154663,8.002,82.5,-1
1785794656.757,2846,648800,0,0.00000000,0.00000000,0.00,0,0,-40.40,0.010,0.0980,0.1960,0.0490,0.2245,0.153931,-0.463440,0.858826,-0.154663,8.005,81.2,-1
1785794657.008,2847,649011,0,0.00000000,0.00000000,0.00,0,0,-40.47,-0.025,-0.3430,0.7350,-0.3920,0.9009,0.153931,-0.463440,0.858826,-0.154663,8.001,78.8,-1
1785794657.194,2848,649234,0,0.00000000,0.00000000,0.00,0,0,-40.46,-0.001,-0.0490,0.3920,0.1960,0.4410,0.153870,-0.463440,0.858826,-0.154724,8.004,78.8,-1
1785794657.442,2849,649455,0,0.00000000,0.00000000,0.00,0,0,-40.35,0.052,0.1470,0.8330,-0.3430,0.9128,0.153809,-0.463440,0.858826,-0.154724,8.002,77.5,-1
1785794657.629,2850,649671,0,0.00000000,0.00000000,0.00,0,0,-40.48,-0.044,-0.0980,-0.1470,-0.3920,0.4300,0.153870,-0.463440,0.858826,-0.154663,8.001,83.8,-1
1785794657.880,2851,649888,0,0.00000000,0.00000000,0.00,0,0,-40.54,-0.072,0.0980,0.2450,-0.5390,0.6001,0.153870,-0.463440,0.858826,-0.154663,8.001,81.2,-1
1785794658.130,2852,650115,0,0.00000000,0.00000000,0.00,0,0,-40.52,-0.067,-0.3920,0.1960,-1.5680,1.6281,0.153931,-0.463440,0.858826,-0.154602,8.004,77.5,-1
1785794658.320,2853,650334,0,0.00000000,0.00000000,0.00,0,0,-40.42,-0.007,-0.7840,0.6860,-1.1760,1.5711,0.153931,-0.463440,0.858826,-0.154602,8.000,82.5,-1
1785794658.569,2854,650558,0,0.00000000,0.00000000,0.00,0,0,-40.38,0.012,0.0980,-0.5880,-0.9310,1.1055,0.153931,-0.463440,0.858887,-0.154541,8.001,77.5,-1
1785794658.759,2855,650788,0,0.00000000,0.00000000,0.00,0,0,-40.45,-0.015,-0.1470,0.3430,0.3430,0.5069,0.153870,-0.463440,0.858887,-0.154480,8.001,76.2,-1
1785794659.009,2856,651007,0,0.00000000,0.00000000,0.00,0,0,-40.49,-0.007,-0.1960,0.2940,-0.6370,0.7284,0.153870,-0.463440,0.858887,-0.154419,8.004,78.8,-1
1785794659.196,2857,651225,0,0.00000000,0.00000000,0.00,0,0,-40.32,0.120,0.0000,0.1960,-0.2940,0.3533,0.153931,-0.463440,0.858887,-0.154480,8.000,78.8,-1
1785794659.445,2858,651447,0,0.00000000,0.00000000,0.00,0,0,-40.40,0.039,-0.0980,-0.0490,-0.2450,0.2684,0.153931,-0.463440,0.858887,-0.154480,8.005,75.0,-1
1785794659.632,2859,651670,0,0.00000000,0.00000000,0.00,0,0,-40.44,0.017,-0.5390,0.3920,-1.0780,1.2674,0.153992,-0.463440,0.858887,-0.154541,8.001,80.0,-1
1785794659.884,2860,651910,0,0.00000000,0.00000000,0.00,0,0,-40.39,0.035,0.5880,-0.3920,0.1960,0.7334,0.153992,-0.463440,0.858887,-0.154541,8.000,77.5,-1
1785794660.138,2861,652137,0,0.00000000,0.00000000,0.00,0,0,-40.40,0.023,0.0490,0.0000,-0.3920,0.3951,0.153992,-0.463440,0.858887,-0.154541,8.000,80.0,-1
1785794660.327,2862,652361,0,0.00000000,0.00000000,0.00,0,0,-40.32,0.067,-0.6860,1.3720,-0.1470,1.5410,0.153992,-0.463440,0.858887,-0.154541,8.005,81.2,-1
1785794660.578,2863,652583,0,0.00000000,0.00000000,0.00,0,0,-40.40,-0.005,-0.1960,0.7350,-0.6370,0.9922,0.153992,-0.463440,0.858887,-0.154541,8.005,80.0,-1
1785794660.767,2864,652811,0,0.00000000,0.00000000,0.00,0,0,-40.28,0.047,-0.3920,0.4410,-0.2940,0.6592,0.153992,-0.463440,0.858887,-0.154541,8.005,77.5,-1
1785794661.017,2865,653022,0,0.00000000,0.00000000,0.00,0,0,-40.34,0.007,0.2940,-0.7350,0.1960,0.8155,0.153992,-0.463440,0.858826,-0.154541,8.004,82.5,-1
1785794661.205,2866,653240,0,0.00000000,0.00000000,0.00,0,0,-40.32,0.018,-0.3920,-0.0980,-0.9800,1.0600,0.153992,-0.463440,0.858826,-0.154602,8.006,73.8,-1
1785794661.459,2867,653461,0,0.00000000,0.00000000,0.00,0,0,-40.27,0.059,0.9310,0.3430,1.3230,1.6537,0.153992,-0.463440,0.858826,-0.154602,8.004,75.0,-1
1785794661.648,2868,653683,0,0.00000000,0.00000000,0.00,0,0,-40.20,0.118,0.1470,-0.0980,0.1960,0.2639,0.153931,-0.463440,0.858887,-0.154480,8.005,82.5,-1
1785794661.899,2869,653897,0,0.00000000,0.00000000,0.00,0,0,-40.19,0.125,0.1960,-0.1960,-0.3920,0.4801,0.153931,-0.463440,0.858887,-0.154480,8.004,78.8,-1
1785794662.086,2870,654123,0,0.00000000,0.00000000,0.00,0,0,-40.25,0.063,0.4410,-0.2940,0.2940,0.6061,0.153931,-0.463440,0.858887,-0.154419,8.005,80.0,-1
1785794662.336,2871,654342,0,0.00000000,0.00000000,0.00,0,0,-40.11,0.157,0.0490,0.0490,-0.0490,0.0849,0.153992,-0.463440,0.858887,-0.154358,8.005,81.2,-1
1785794662.524,2872,654562,0,0.00000000,0.00000000,0.00,0,0,-40.25,0.054,0.7350,0.0490,0.8820,1.1492,0.154053,-0.463379,0.858887,-0.154297,8.004,78.8,-1
1785794662.772,2873,654780,0,0.00000000,0.00000000,0.00,0,0,-40.20,0.071,0.0980,0.1960,-0.6370,0.6736,0.154053,-0.463379,0.858887,-0.154358,8.004,78.8,-1
1785794662.960,2874,654994,0,0.00000000,0.00000000,0.00,0,0,-40.31,-0.008,0.1960,-0.5880,-0.9800,1.1596,0.154053,-0.463379,0.858887,-0.154419,8.004,73.8,-1
1785794663.210,2875,655214,0,0.00000000,0.00000000,0.00,0,0,-40.37,-0.038,0.1470,-0.0490,-0.4410,0.4674,0.153992,-0.463440,0.858887,-0.154358,8.004,78.8,-1
1785794663.398,2876,655436,0,0.00000000,0.00000000,0.00,0,0,-40.31,0.004,0.1960,-0.0490,0.0980,0.2245,0.153992,-0.463440,0.858887,-0.154419,8.004,78.8,-1
1785794663.647,2877,655656,0,0.00000000,0.00000000,0.00,0,0,-40.40,-0.062,0.1470,0.0980,-0.6860,0.7084,0.153992,-0.463440,0.858887,-0.154480,8.004,77.5,-1
1785794663.895,2878,655903,0,0.00000000,0.00000000,0.00,0,0,-40.32,-0.011,0.0980,-0.0490,-0.3920,0.4070,0.153992,-0.463440,0.858887,-0.154480,8.004,85.0,-1
1785794664.084,2879,656128,0,0.00000000,0.00000000,0.00,0,0,-40.34,-0.004,0.1960,0.9800,-0.0490,1.0006,0.153992,-0.463440,0.858887,-0.154541,8.002,81.2,-1
1785794664.330,2880,656356,0,0.00000000,0.00000000,0.00,0,0,-40.53,-0.110,0.4410,0.0980,-0.3920,0.5981,0.153992,-0.463440,0.858887,-0.154541,8.002,81.2,-1
1785794664.585,2881,656578,0,0.00000000,0.00000000,0.00,0,0,-40.50,-0.096,0.1960,0.0980,0.4410,0.4924,0.153992,-0.463440,0.858826,-0.154541,8.004,76.2,-1
1785794664.774,2882,656799,0,0.00000000,0.00000000,0.00,0,0,-40.41,-0.033,0.0000,0.5390,-0.1960,0.5735,0.153992,-0.463440,0.858887,-0.154480,8.002,70.0,-1
1785794665.026,2883,657020,0,0.00000000,0.00000000,0.00,0,0,-40.48,-0.076,0.4410,-0.0490,0.4900,0.6610,0.154053,-0.463440,0.858887,-0.154480,8.002,76.2,-1
1785794665.214,2884,657237,0,0.00000000,0.00000000,0.00,0,0,-40.51,-0.069,0.1470,0.4410,0.4410,0.6408,0.154053,-0.463440,0.858887,-0.154480,8.001,76.2,-1
1785794665.469,2885,657459,0,0.00000000,0.00000000,0.00,0,0,-40.31,0.053,0.0000,-0.1470,0.0980,0.1767,0.154053,-0.463379,0.858887,-0.154419,8.004,78.8,-1
1785794665.659,2886,657678,0,0.00000000,0.00000000,0.00,0,0,-40.50,-0.066,0.0980,0.5880,-0.2450,0.6445,0.154053,-0.463379,0.858887,-0.154297,8.002,78.8,-1
1785794665.849,2887,657891,0,0.00000000,0.00000000,0.00,0,0,-40.48,-0.044,-0.2450,0.0980,-0.4410,0.5139,0.154053,-0.463379,0.858948,-0.154236,8.002,78.8,-1
1785794666.099,2888,658113,0,0.00000000,0.00000000,0.00,0,0,-40.56,-0.068,-0.4410,0.0980,-0.3920,0.5981,0.153992,-0.463379,0.858948,-0.154175,8.002,77.5,-1
1785794666.348,2889,658339,0,0.00000000,0.00000000,0.00,0,0,-40.43,0.003,0.6370,0.1960,-0.1470,0.6825,0.154053,-0.463379,0.858948,-0.154175,8.001,78.8,-1
1785794666.536,2890,658559,0,0.00000000,0.00000000,0.00,0,0,-40.51,-0.055,0.2450,0.4900,0.3430,0.6464,0.154114,-0.463379,0.858948,-0.154175,8.004,80.0,-1
1785794666.785,2891,658784,0,0.00000000,0.00000000,0.00,0,0,-40.52,-0.051,-0.0980,0.4410,-0.2940,0.5390,0.154053,-0.463379,0.858887,-0.154236,8.004,81.2,-1
1785794666.971,2892,659003,0,0.00000000,0.00000000,0.00,0,0,-40.50,-0.029,-0.0980,0.3430,0.1470,0.3858,0.154053,-0.463379,0.858887,-0.154358,8.004,80.0,-1
1785794667.220,2893,659226,0,0.00000000,0.00000000,0.00,0,0,-40.56,-0.068,-0.2940,0.9310,-0.2450,1.0066,0.154053,-0.463379,0.858887,-0.154419,8.004,77.5,-1
1785794667.471,2894,659455,0,0.00000000,0.00000000,0.00,0,0,-40.42,0.031,0.3430,-0.1470,-0.6370,0.7383,0.154053,-0.463379,0.858887,-0.154419,8.004,78.8,-1
1785794667.662,2895,659673,0,0.00000000,0.00000000,0.00,0,0,-40.47,-0.004,0.0980,0.3920,-0.3430,0.5300,0.154053,-0.463379,0.858887,-0.154419,8.002,82.5,-1
1785794667.915,2896,659915,0,0.00000000,0.00000000,0.00,0,0,-40.44,0.027,-0.0980,0.2940,-0.8330,0.8888,0.154114,-0.463379,0.858887,-0.154358,8.005,80.0,-1
1785794668.101,2897,660135,0,0.00000000,0.00000000,0.00,0,0,-40.42,0.017,-0.2940,-0.0980,0.2940,0.4272,0.154114,-0.463379,0.858887,-0.154358,8.005,81.2,-1
1785794668.348,2898,660356,0,0.00000000,0.00000000,0.00,0,0,-40.35,0.071,0.4410,0.2450,-0.5880,0.7748,0.154053,-0.463379,0.858887,-0.154419,8.002,81.2,-1
1785794668.535,2899,660576,0,0.00000000,0.00000000,0.00,0,0,-40.58,-0.080,-0.0490,-0.0980,0.7350,0.7431,0.154053,-0.463379,0.858887,-0.154480,8.005,73.8,-1
1785794668.788,2900,660797,0,0.00000000,0.00000000,0.00,0,0,-40.46,0.004,0.2450,0.3920,-0.2450,0.5232,0.154053,-0.463379,0.858887,-0.154480,8.002,73.8,-1
1785794668.975,2901,661014,0,0.00000000,0.00000000,0.00,0,0,-40.43,0.014,0.1960,0.0490,-0.4410,0.4851,0.154053,-0.463440,0.858887,-0.154541,8.002,81.2,-1
1785794669.228,2902,661239,0,0.00000000,0.00000000,0.00,0,0,-40.42,0.014,0.2450,0.2450,-0.8330,0.9022,0.154053,-0.463440,0.858887,-0.154541,8.004,82.5,-1
1785794669.479,2903,661460,0,0.00000000,0.00000000,0.00,0,0,-40.31,0.085,0.9800,0.1960,0.5390,1.1355,0.154053,-0.463440,0.858826,-0.154541,8.004,80.0,-1
1785794669.665,2904,661685,0,0.00000000,0.00000000,0.00,0,0,-40.36,0.054,0.1960,0.0000,-0.8330,0.8557,0.154053,-0.463440,0.858826,-0.154541,8.004,80.0,-1
1785794669.912,2905,661901,0,0.00000000,0.00000000,0.00,0,0,-40.42,0.030,0.2940,0.0000,-0.0490,0.2981,0.154053,-0.463440,0.858826,-0.154541,8.001,80.0,-1
1785794670.100,2906,662101,0,0.00000000,0.00000000,0.00,0,0,-40.46,0.012,0.7840,-0.0490,-0.7840,1.1098,0.154053,-0.463440,0.858826,-0.154602,8.002,75.0,-1
1785794670.288,2907,662319,0,0.00000000,0.00000000,0.00,0,0,-40.33,0.092,-0.7350,0.7840,-0.6860,1.2749,0.154053,-0.463440,0.858826,-0.154602,8.002,77.5,-1
1785794670.538,2908,662539,0,0.00000000,0.00000000,0.00,0,0,-40.34,0.087,0.7350,0.0000,-0.3430,0.8111,0.154053,-0.463440,0.858826,-0.154602,8.001,75.0,-1
1785794670.724,2909,662758,0,0.00000000,0.00000000,0.00,0,0,-40.36,0.075,0.0000,0.0490,0.1960,0.2020,0.153992,-0.463440,0.858826,-0.154602,8.001,77.5,-1
1785794670.973,2910,662972,0,0.00000000,0.00000000,0.00,0,0,-40.44,0.013,-0.1960,-0.0490,-0.3920,0.4410,0.153992,-0.463440,0.858826,-0.154602,8.001,77.5,-1
1785794671.162,2911,663193,0,0.00000000,0.00000000,0.00,0,0,-40.40,0.027,-0.4900,0.4410,-0.2450,0.7033,0.153992,-0.463440,0.858887,-0.154541,8.002,76.2,-1
1785794671.411,2912,663411,0,0.00000000,0.00000000,0.00,0,0,-40.48,-0.018,0.0980,0.1960,0.0980,0.2400,0.153992,-0.463440,0.858887,-0.154541,8.004,75.0,-1
1785794671.598,2913,663633,0,0.00000000,0.00000000,0.00,0,0,-40.49,-0.019,0.4900,0.3920,-0.5390,0.8272,0.153992,-0.463440,0.858826,-0.154541,8.004,76.2,-1
1785794671.846,2914,663849,0,0.00000000,0.00000000,0.00,0,0,-40.29,0.099,0.8330,-0.5390,0.1960,1.0113,0.153992,-0.463440,0.858826,-0.154602,8.002,81.2,-1
1785794672.034,2915,664062,0,0.00000000,0.00000000,0.00,0,0,-40.41,-0.024,-0.1960,0.4900,-0.3430,0.6294,0.153992,-0.463440,0.858826,-0.154602,8.001,77.5,-1
1785794672.287,2916,664285,0,0.00000000,0.00000000,0.00,0,0,-40.43,-0.021,0.0000,0.0000,-0.5390,0.5390,0.153992,-0.463440,0.858826,-0.154602,8.002,80.0,-1
1785794672.474,2917,664507,0,0.00000000,0.00000000,0.00,0,0,-40.36,0.013,-0.3920,0.8330,-0.7350,1.1780,0.153992,-0.463440,0.858826,-0.154602,8.004,77.5,-1
1785794672.722,2918,664735,0,0.00000000,0.00000000,0.00,0,0,-40.36,-0.001,0.4410,0.3920,0.3430,0.6825,0.153992,-0.463440,0.858826,-0.154541,8.004,75.0,-1
1785794672.911,2919,664946,0,0.00000000,0.00000000,0.00,0,0,-40.40,-0.023,-0.2940,0.4410,-0.0490,0.5323,0.154053,-0.463379,0.858826,-0.154602,8.005,78.8,-1
1785794673.160,2920,665170,0,0.00000000,0.00000000,0.00,0,0,-40.31,0.041,0.0980,0.2450,-0.2940,0.3951,0.154053,-0.463440,0.858826,-0.154541,8.000,76.2,-1
1785794673.410,2921,665395,0,0.00000000,0.00000000,0.00,0,0,-40.34,0.007,0.0490,-0.4410,0.9310,1.0313,0.154053,-0.463379,0.858887,-0.154419,8.002,75.0,-1
1785794673.599,2922,665614,0,0.00000000,0.00000000,0.00,0,0,-40.44,-0.064,-0.3920,0.2940,-0.6370,0.8037,0.154175,-0.463318,0.858887,-0.154541,8.001,76.2,-1
1785794673.849,2923,665835,0,0.00000000,0.00000000,0.00,0,0,-40.21,0.076,0.0000,-0.3430,0.2450,0.4215,0.154175,-0.463379,0.858887,-0.154480,8.001,77.5,-1
1785794674.038,2924,666046,0,0.00000000,0.00000000,0.00,0,0,-40.28,0.030,0.2450,0.2940,0.6370,0.7431,0.154114,-0.463440,0.858887,-0.154419,8.001,80.0,-1
1785794674.286,2925,666268,0,0.00000000,0.00000000,0.00,0,0,-40.23,0.045,0.7350,0.6860,-0.5880,1.1647,0.154053,-0.463379,0.858887,-0.154419,8.001,81.2,-1
1785794674.475,2926,666492,0,0.00000000,0.00000000,0.00,0,0,-40.19,0.055,0.0980,0.1470,-0.5390,0.5672,0.153992,-0.463440,0.858887,-0.154358,8.004,77.5,-1
1785794674.723,2927,666718,0,0.00000000,0.00000000,0.00,0,0,-40.27,0.016,0.0490,0.3920,0.4900,0.6294,0.153992,-0.463501,0.858887,-0.154358,8.004,76.2,-1
1785794674.907,2928,666935,0,0.00000000,0.00000000,0.00,0,0,-40.17,0.054,0.1470,0.4900,-0.0980,0.5209,0.153931,-0.463501,0.858826,-0.154358,8.002,77.5,-1
1785794675.155,2929,667160,0,0.00000000,0.00000000,0.00,0,0,-40.21,0.032,0.0980,0.5880,-0.6370,0.8724,0.153931,-0.463501,0.858887,-0.154297,8.001,73.8,-1
1785794675.346,2930,667382,0,0.00000000,0.00000000,0.00,0,0,-40.19,0.052,0.3430,-0.2940,-0.0980,0.4623,0.153931,-0.463501,0.858887,-0.154358,8.002,78.8,-1
1785794675.601,2931,667600,0,0.00000000,0.00000000,0.00,0,0,-40.28,-0.040,0.7350,0.0980,-0.3920,0.8387,0.153931,-0.463501,0.858826,-0.154358,8.001,72.5,-1
1785794675.791,2932,667822,0,0.00000000,0.00000000,0.00,0,0,-40.16,0.045,-0.2940,0.6860,-0.8820,1.1554,0.153931,-0.463501,0.858826,-0.154358,8.001,75.0,-1
1785794676.043,2933,668039,0,0.00000000,0.00000000,0.00,0,0,-40.12,0.054,-0.0490,0.4410,-0.7350,0.8585,0.153931,-0.463501,0.858826,-0.154358,8.002,77.5,-1
1785794676.233,2934,668263,0,0.00000000,0.00000000,0.00,0,0,-39.91,0.166,-0.3430,0.4410,-1.6170,1.7108,0.153931,-0.463501,0.858826,-0.154419,8.001,73.8,-1
1785794676.482,2935,668482,0,0.00000000,0.00000000,0.00,0,0,-40.08,0.029,-0.1960,0.3920,-0.1470,0.4623,0.153931,-0.463501,0.858826,-0.154419,8.001,76.2,-1
1785794676.671,2936,668704,0,0.00000000,0.00000000,0.00,0,0,-40.06,0.024,0.5880,0.0980,-0.8820,1.0646,0.153931,-0.463501,0.858826,-0.154419,8.005,75.0,-1
1785794676.918,2937,668915,0,0.00000000,0.00000000,0.00,0,0,-40.03,0.055,-0.0490,1.1760,0.2450,1.2022,0.153931,-0.463501,0.858826,-0.154358,8.004,77.5,-1
1785794677.103,2938,669135,0,0.00000000,0.00000000,0.00,0,0,-40.11,-0.002,0.0980,0.1960,-0.1470,0.2639,0.153931,-0.463501,0.858826,-0.154358,8.004,78.8,-1
1785794677.352,2939,669353,0,0.00000000,0.00000000,0.00,0,0,-40.12,-0.015,0.0490,0.1960,-1.1270,1.1450,0.153931,-0.463501,0.858887,-0.154358,8.002,78.8,-1
1785794677.539,2940,669577,0,0.00000000,0.00000000,0.00,0,0,-40.10,-0.008,-0.3430,0.5390,-0.4410,0.7763,0.153931,-0.463501,0.858887,-0.154297,8.004,78.8,-1
1785794677.787,2941,669803,0,0.00000000,0.00000000,0.00,0,0,-40.03,0.017,-0.2450,-0.1960,-0.5390,0.6237,0.153931,-0.463501,0.858887,-0.154297,8.004,80.0,-1
1785794677.976,2942,670015,0,0.00000000,0.00000000,0.00,0,0,-40.01,0.015,0.1960,0.0490,-0.2450,0.3176,0.153931,-0.463501,0.858887,-0.154297,8.005,77.5,-1
1785794678.226,2943,670242,0,0.00000000,0.00000000,0.00,0,0,-40.04,0.001,-0.0980,-0.1960,-1.0780,1.1000,0.153931,-0.463501,0.858887,-0.154297,8.005,83.8,-1
1785794678.476,2944,670467,0,0.00000000,0.00000000,0.00,0,0,-40.11,-0.054,0.1960,0.0000,-0.2940,0.3533,0.153931,-0.463501,0.858887,-0.154297,8.005,77.5,-1
1785794678.660,2945,670685,0,0.00000000,0.00000000,0.00,0,0,-40.13,-0.093,0.0980,0.2940,-0.7840,0.8430,0.153931,-0.463501,0.858887,-0.154297,8.002,78.8,-1
1785794678.911,2946,670903,0,0.00000000,0.00000000,0.00,0,0,-40.08,-0.076,-0.7840,1.0780,-2.0090,2.4110,0.153931,-0.463501,0.858887,-0.154358,8.002,81.2,-1
1785794679.097,2947,671129,0,0.00000000,0.00000000,0.00,0,0,-39.99,-0.025,0.0000,0.2940,-0.7840,0.8373,0.153992,-0.463501,0.858826,-0.154358,8.005,77.5,-1
1785794679.347,2948,671348,0,0.00000000,0.00000000,0.00,0,0,-40.03,-0.038,0.1470,0.2450,-0.0490,0.2899,0.153992,-0.463501,0.858826,-0.154358,8.002,82.5,-1
1785794679.534,2949,671573,0,0.00000000,0.00000000,0.00,0,0,-39.90,0.054,0.1960,-0.4900,0.2450,0.5818,0.153931,-0.463501,0.858887,-0.154297,8.001,80.0,-1
1785794679.786,2950,671798,0,0.00000000,0.00000000,0.00,0,0,-39.90,0.044,0.2450,-0.0980,-0.3920,0.4725,0.153931,-0.463501,0.858887,-0.154297,8.001,81.2,-1
1785794679.975,2951,672010,0,0.00000000,0.00000000,0.00,0,0,-40.01,-0.015,0.1470,0.0490,-0.6370,0.6556,0.153931,-0.463501,0.858887,-0.154358,8.004,78.8,-1
1785794680.227,2952,672232,0,0.00000000,0.00000000,0.00,0,0,-39.94,0.043,0.0490,-0.1960,-0.2450,0.3176,0.153992,-0.463501,0.858826,-0.154419,8.005,76.2,-1
1785794680.416,2953,672451,0,0.00000000,0.00000000,0.00,0,0,-39.98,0.026,-0.5390,0.7840,-0.5880,1.1184,0.153931,-0.463501,0.858826,-0.154419,8.005,77.5,-1
1785794680.666,2954,672669,0,0.00000000,0.00000000,0.00,0,0,-40.12,-0.065,0.3920,0.0490,-0.0980,0.4070,0.153931,-0.463501,0.858826,-0.154358,8.004,78.8,-1
1785794680.913,2955,672914,0,0.00000000,0.00000000,0.00,0,0,-39.98,-0.007,0.0000,0.2450,-0.2940,0.3827,0.153931,-0.463501,0.858887,-0.154358,8.004,75.0,-1
1785794681.103,2956,673140,0,0.00000000,0.00000000,0.00,0,0,-39.96,0.005,0.0980,0.2450,-0.2940,0.3951,0.153870,-0.463562,0.858887,-0.154358,8.002,78.8,-1
1785794681.356,2957,673362,0,0.00000000,0.00000000,0.00,0,0,-39.96,0.000,-0.3920,0.0000,-0.2940,0.4900,0.153748,-0.463562,0.858887,-0.154358,8.000,83.8,-1
1785794681.547,2958,673584,0,0.00000000,0.00000000,0.00,0,0,-40.07,-0.083,-0.1470,0.0000,-0.9800,0.9910,0.153748,-0.463562,0.858887,-0.154419,8.002,83.8,-1
1785794681.798,2959,673809,0,0.00000000,0.00000000,0.00,0,0,-40.09,-0.111,0.0000,0.3430,-0.0490,0.3465,0.153748,-0.463562,0.858887,-0.154358,8.002,81.2,-1
1785794681.988,2960,674028,0,0.00000000,0.00000000,0.00,0,0,-40.11,-0.131,0.6860,0.1470,0.4410,0.8287,0.153809,-0.463562,0.858887,-0.154358,8.001,80.0,-1
1785794682.239,2961,674252,0,0.00000000,0.00000000,0.00,0,0,-39.98,-0.045,0.0490,0.1470,0.0490,0.1625,0.153809,-0.463562,0.858887,-0.154358,8.004,77.5,-1
1785794682.490,2962,674476,0,0.00000000,0.00000000,0.00,0,0,-40.02,-0.069,-0.2940,0.5390,-0.2450,0.6610,0.153809,-0.463562,0.858887,-0.154358,8.005,78.8,-1
1785794682.677,2963,674693,0,0.00000000,0.00000000,0.00,0,0,-39.98,-0.048,0.0980,0.1960,-0.2940,0.3667,0.153809,-0.463562,0.858887,-0.154358,8.004,81.2,-1
1785794682.928,2964,674911,0,0.00000000,0.00000000,0.00,0,0,-40.09,-0.111,-0.2940,0.0980,0.0980,0.3250,0.153748,-0.463562,0.858826,-0.154419,8.004,78.8,-1
1785794683.115,2965,675137,0,0.00000000,0.00000000,0.00,0,0,-40.17,-0.140,-0.1470,0.0490,-0.4900,0.5139,0.153809,-0.463562,0.858826,-0.154419,8.005,78.8,-1
1785794683.366,2966,675358,0,0.00000000,0.00000000,0.00,0,0,-40.04,-0.047,0.1960,0.1960,-0.2450,0.3699,0.153809,-0.463562,0.858887,-0.154358,8.002,83.8,-1
1785794683.554,2967,675576,0,0.00000000,0.00000000,0.00,0,0,-40.01,-0.032,-0.2940,0.2450,-0.3430,0.5139,0.153809,-0.463562,0.858887,-0.154358,8.005,77.5,-1
1785794683.806,2968,675798,0,0.00000000,0.00000000,0.00,0,0,-39.99,-0.012,-0.0490,0.3430,0.1960,0.3981,0.153748,-0.463562,0.858887,-0.154358,8.004,76.2,-1
1785794683.993,2969,676015,0,0.00000000,0.00000000,0.00,0,0,-40.02,-0.005,-0.0490,0.0980,-0.0490,0.1200,0.153748,-0.463562,0.858887,-0.154358,8.002,80.0,-1
1785794684.244,2970,676240,0,0.00000000,0.00000000,0.00,0,0,-40.16,-0.082,0.1960,0.1960,-0.8820,0.9245,0.153809,-0.463562,0.858887,-0.154358,8.004,72.5,-1
1785794684.429,2971,676462,0,0.00000000,0.00000000,0.00,0,0,-40.09,-0.002,0.8330,-0.3430,-0.3920,0.9824,0.153870,-0.463562,0.858887,-0.154358,8.002,82.5,-1
1785794684.678,2972,676692,0,0.00000000,0.00000000,0.00,0,0,-40.17,-0.040,0.2450,-0.0980,0.3920,0.4725,0.153870,-0.463562,0.858887,-0.154358,8.006,82.5,-1
1785794684.866,2973,676905,0,0.00000000,0.00000000,0.00,0,0,-40.06,0.051,-0.2450,0.4900,-1.0290,1.1657,0.153870,-0.463501,0.858887,-0.154358,8.002,81.2,-1
1785794685.114,2974,677128,0,0.00000000,0.00000000,0.00,0,0,-40.12,0.017,0.4410,0.3430,-0.1960,0.5921,0.153931,-0.463501,0.858826,-0.154358,7.999,83.8,-1
1785794685.366,2975,677350,0,0.00000000,0.00000000,0.00,0,0,-40.19,0.002,-0.1960,0.2940,-0.2940,0.4597,0.153870,-0.463562,0.858826,-0.154419,8.001,85.0,-1
1785794685.555,2976,677571,0,0.00000000,0.00000000,0.00,0,0,-40.17,-0.006,0.3920,0.3920,-0.4410,0.7084,0.153931,-0.463501,0.858826,-0.154419,8.005,83.8,-1
1785794685.808,2977,677791,0,0.00000000,0.00000000,0.00,0,0,-40.22,-0.033,0.1470,0.0980,-0.2450,0.3021,0.153931,-0.463501,0.858826,-0.154480,8.002,85.0,-1
1785794685.996,2978,678007,0,0.00000000,0.00000000,0.00,0,0,-40.29,-0.073,-0.3430,0.6370,-0.8330,1.1033,0.153931,-0.463501,0.858826,-0.154419,8.004,82.5,-1
1785794686.248,2979,678233,0,0.00000000,0.00000000,0.00,0,0,-40.21,-0.010,-0.1960,0.3430,-0.3430,0.5232,0.153870,-0.463562,0.858826,-0.154419,8.004,81.2,-1
1785794686.437,2980,678452,0,0.00000000,0.00000000,0.00,0,0,-40.32,-0.070,0.1960,-0.3920,-0.0490,0.4410,0.153931,-0.463501,0.858826,-0.154419,8.001,82.5,-1
1785794686.687,2981,678674,0,0.00000000,0.00000000,0.00,0,0,-40.33,-0.063,0.6370,0.0980,0.5390,0.8402,0.153931,-0.463501,0.858826,-0.154419,8.005,80.0,-1
1785794686.873,2982,678889,0,0.00000000,0.00000000,0.00,0,0,-40.21,0.025,0.1470,-0.0490,-0.6370,0.6556,0.153931,-0.463501,0.858826,-0.154419,8.002,81.2,-1
1785794687.124,2983,679114,0,0.00000000,0.00000000,0.00,0,0,-40.27,-0.019,-0.1470,-0.3430,0.2450,0.4464,0.153931,-0.463501,0.858826,-0.154419,8.001,81.2,-1
1785794687.313,2984,679337,0,0.00000000,0.00000000,0.00,0,0,-40.31,-0.015,-0.0980,-0.1960,-0.1470,0.2639,0.153931,-0.463501,0.858826,-0.154358,8.004,78.8,-1
1785794687.567,2985,679554,0,0.00000000,0.00000000,0.00,0,0,-40.33,-0.009,0.0000,0.1960,-0.3430,0.3951,0.153931,-0.463501,0.858887,-0.154358,8.002,82.5,-1
1785794687.756,2986,679777,0,0.00000000,0.00000000,0.00,0,0,-40.38,-0.043,0.5390,-0.3920,0.0980,0.6736,0.153992,-0.463501,0.858887,-0.154297,8.004,77.5,-1
1785794688.007,2987,679995,0,0.00000000,0.00000000,0.00,0,0,-40.41,-0.086,0.0000,0.1470,-0.3920,0.4187,0.153992,-0.463501,0.858826,-0.154358,8.001,85.0,-1
1785794688.194,2988,680218,0,0.00000000,0.00000000,0.00,0,0,-40.45,-0.108,-0.2940,-0.4900,-0.4900,0.7528,0.153992,-0.463501,0.858826,-0.154358,8.002,77.5,-1
1785794688.444,2989,680441,0,0.00000000,0.00000000,0.00,0,0,-40.40,-0.070,0.0490,0.3430,0.0000,0.3465,0.153992,-0.463501,0.858826,-0.154358,8.005,76.2,-1
1785794688.633,2990,680666,0,0.00000000,0.00000000,0.00,0,0,-40.43,-0.077,-0.1470,0.5390,-0.2940,0.6313,0.153992,-0.463501,0.858826,-0.154358,8.004,81.2,-1
1785794688.887,2991,680913,0,0.00000000,0.00000000,0.00,0,0,-40.56,-0.153,0.2940,0.3430,0.2940,0.5390,0.153992,-0.463501,0.858826,-0.154358,8.001,78.8,-1
1785794689.123,2992,681137,0,0.00000000,0.00000000,0.00,0,0,-40.55,-0.139,0.5880,0.3430,-0.6370,0.9323,0.154053,-0.463501,0.858826,-0.154358,8.001,81.2,-1
1785794689.376,2993,681361,0,0.00000000,0.00000000,0.00,0,0,-40.47,-0.069,0.2450,0.3920,0.0490,0.4649,0.154053,-0.463501,0.858887,-0.154297,8.002,82.5,-1
1785794689.565,2994,681584,0,0.00000000,0.00000000,0.00,0,0,-40.37,0.010,-0.1960,0.4900,-0.8330,0.9861,0.154114,-0.463501,0.858887,-0.154236,8.001,80.0,-1
1785794689.815,2995,681808,0,0.00000000,0.00000000,0.00,0,0,-40.51,-0.075,0.5390,0.2450,-0.4900,0.7685,0.154053,-0.463501,0.858887,-0.154297,8.001,82.5,-1
1785794690.001,2996,682019,0,0.00000000,0.00000000,0.00,0,0,-40.46,-0.034,-0.2940,0.2450,-0.6370,0.7431,0.154053,-0.463501,0.858887,-0.154297,8.001,83.8,-1
1785794690.255,2997,682242,0,0.00000000,0.00000000,0.00,0,0,-40.60,-0.110,0.5390,0.1960,-0.0490,0.5756,0.154053,-0.463501,0.858887,-0.154236,8.002,82.5,-1
1785794690.442,2998,682464,0,0.00000000,0.00000000,0.00,0,0,-40.63,-0.118,-0.1470,0.1470,-0.4410,0.4875,0.154114,-0.463440,0.858887,-0.154175,8.004,80.0,-1
1785794690.692,2999,682694,0,0.00000000,0.00000000,0.00,0,0,-40.55,-0.073,0.0000,0.0000,-0.3430,0.3430,0.154175,-0.463440,0.858887,-0.154175,8.004,78.8,-1
1785794690.880,3000,682910,0,0.00000000,0.00000000,0.00,0,0,-40.45,-0.001,0.1470,0.0980,0.0490,0.1833,0.154114,-0.463440,0.858887,-0.154175,8.001,80.0,-1
1785794691.128,3001,683134,0,0.00000000,0.00000000,0.00,0,0,-40.63,-0.096,0.2940,0.2450,0.1470,0.4100,0.154114,-0.463440,0.858887,-0.154236,8.005,76.2,-1
1785794691.314,3002,683356,0,0.00000000,0.00000000,0.00,0,0,-40.54,-0.032,0.1470,-0.2450,-0.0490,0.2899,0.154175,-0.463440,0.858887,-0.154236,8.001,82.5,-1
1785794691.565,3003,683585,0,0.00000000,0.00000000,0.00,0,0,-40.50,0.005,-0.0980,-0.5880,0.1470,0.6140,0.154175,-0.463440,0.858887,-0.154236,8.001,77.5,-1
1785794691.818,3004,683808,0,0.00000000,0.00000000,0.00,0,0,-40.56,-0.023,0.0980,0.6860,-0.2450,0.7350,0.154175,-0.463440,0.858887,-0.154236,8.002,82.5,-1
1785794692.005,3005,684027,0,0.00000000,0.00000000,0.00,0,0,-40.66,-0.074,-0.1960,0.4410,-1.0290,1.1365,0.154114,-0.463501,0.858887,-0.154236,8.004,80.0,-1
1785794692.255,3006,684254,0,0.00000000,0.00000000,0.00,0,0,-40.59,-0.008,-1.1270,0.7350,-1.9110,2.3372,0.154053,-0.463501,0.858887,-0.154236,8.004,73.8,-1
1785794692.442,3007,684475,0,0.00000000,0.00000000,0.00,0,0,-40.54,0.025,0.2450,0.0000,-0.3430,0.4215,0.153992,-0.463501,0.858887,-0.154236,8.002,81.2,-1
1785794692.692,3008,684696,0,0.00000000,0.00000000,0.00,0,0,-40.58,0.006,0.1470,-0.1960,-0.9800,1.0102,0.153992,-0.463501,0.858887,-0.154236,8.004,68.8,-1
1785794692.879,3009,684911,0,0.00000000,0.00000000,0.00,0,0,-40.62,-0.016,0.0490,0.2450,-0.6370,0.6842,0.153992,-0.463501,0.858887,-0.154236,8.004,76.2,-1
1785794693.129,3010,685138,0,0.00000000,0.00000000,0.00,0,0,-40.61,-0.016,-0.5390,0.1470,0.1960,0.5921,0.153992,-0.463501,0.858887,-0.154236,8.004,78.8,-1
1785794693.317,3011,685356,0,0.00000000,0.00000000,0.00,0,0,-40.57,0.019,0.1960,0.3920,-0.1470,0.4623,0.153992,-0.463501,0.858887,-0.154236,8.001,86.2,-1
1785794693.569,3012,685578,0,0.00000000,0.00000000,0.00,0,0,-40.60,-0.009,-0.1960,-0.0490,0.5390,0.5756,0.153931,-0.463501,0.858887,-0.154236,8.004,80.0,-1
1785794693.759,3013,685799,0,0.00000000,0.00000000,0.00,0,0,-40.60,-0.004,0.0000,0.1960,-0.8330,0.8557,0.153931,-0.463501,0.858887,-0.154297,8.004,72.5,-1
1785794694.007,3014,686015,0,0.00000000,0.00000000,0.00,0,0,-40.63,-0.011,0.2450,0.0490,-0.2940,0.3858,0.153931,-0.463501,0.858887,-0.154297,8.002,77.5,-1
1785794694.258,3015,686238,0,0.00000000,0.00000000,0.00,0,0,-40.55,0.036,0.1960,0.6370,-1.1760,1.3517,0.153992,-0.463501,0.858887,-0.154297,8.004,76.2,-1
1785794694.445,3016,686460,0,0.00000000,0.00000000,0.00,0,0,-40.54,0.043,0.0000,0.0000,-0.5390,0.5390,0.154053,-0.463501,0.858887,-0.154236,8.002,75.0,-1
1785794694.696,3017,686681,0,0.00000000,0.00000000,0.00,0,0,-40.48,0.067,0.1470,0.7350,0.1960,0.7748,0.154114,-0.463501,0.858887,-0.154175,8.005,76.2,-1
1785794694.885,3018,686898,0,0.00000000,0.00000000,0.00,0,0,-40.59,0.023,0.0490,0.0000,0.2940,0.2981,0.154114,-0.463440,0.858887,-0.154175,8.002,81.2,-1
1785794695.138,3019,687123,0,0.00000000,0.00000000,0.00,0,0,-40.61,-0.004,0.4410,-0.0490,-0.6370,0.7763,0.154114,-0.463440,0.858887,-0.154175,8.004,76.2,-1
1785794695.328,3020,687353,0,0.00000000,0.00000000,0.00,0,0,-40.59,0.008,-0.1470,0.2450,-0.7840,0.8344,0.154175,-0.463440,0.858887,-0.154114,8.004,80.0,-1
1785794695.581,3021,687576,0,0.00000000,0.00000000,0.00,0,0,-40.49,0.058,-0.2450,1.2740,-0.1470,1.3056,0.154114,-0.463440,0.858887,-0.154236,8.004,80.0,-1
1785794695.770,3022,687801,0,0.00000000,0.00000000,0.00,0,0,-40.60,-0.016,0.0490,0.1470,-0.3920,0.4215,0.154114,-0.463501,0.858887,-0.154236,8.004,80.0,-1
1785794696.017,3023,688018,0,0.00000000,0.00000000,0.00,0,0,-40.68,-0.063,-0.1960,0.0980,0.0980,0.2400,0.154053,-0.463501,0.858887,-0.154236,8.004,75.0,-1
1785794696.206,3024,688243,0,0.00000000,0.00000000,0.00,0,0,-40.58,-0.005,0.3920,-0.0490,-0.2940,0.4924,0.153992,-0.463501,0.858887,-0.154297,8.001,73.8,-1
1785794696.460,3025,688463,0,0.00000000,0.00000000,0.00,0,0,-40.60,0.003,0.2450,0.4410,-0.0490,0.5069,0.153992,-0.463562,0.858826,-0.154236,8.001,80.0,-1
1785794696.650,3026,688685,0,0.00000000,0.00000000,0.00,0,0,-40.63,-0.021,-0.0980,0.5880,-0.8820,1.0646,0.153992,-0.463440,0.858887,-0.154297,8.004,77.5,-1
1785794696.900,3027,688901,0,0.00000000,0.00000000,0.00,0,0,-40.59,0.005,0.3920,-0.2940,-0.0490,0.4924,0.154053,-0.463379,0.858887,-0.154297,8.004,78.8,-1
1785794697.087,3028,689127,0,0.00000000,0.00000000,0.00,0,0,-40.62,-0.017,0.2450,-0.2450,0.0000,0.3465,0.154053,-0.463379,0.858948,-0.154236,8.002,72.5,-1
1785794697.337,3029,689347,0,0.00000000,0.00000000,0.00,0,0,-40.45,0.086,-0.3430,0.0000,-0.4900,0.5981,0.154053,-0.463318,0.858948,-0.154297,8.002,75.0,-1
1785794697.525,3030,689565,0,0.00000000,0.00000000,0.00,0,0,-40.47,0.056,-0.3430,0.0490,-1.1270,1.1791,0.153931,-0.463318,0.858948,-0.154358,8.004,77.5,-1
1785794697.775,3031,689792,0,0.00000000,0.00000000,0.00,0,0,-40.48,0.046,-0.7350,0.4900,-0.5880,1.0612,0.153870,-0.463318,0.858948,-0.154358,8.004,77.5,-1
1785794698.025,3032,690009,0,0.00000000,0.00000000,0.00,0,0,-40.58,-0.025,0.4900,0.3920,0.2940,0.6930,0.153870,-0.463318,0.858948,-0.154358,8.004,71.2,-1
1785794698.214,3033,690227,0,0.00000000,0.00000000,0.00,0,0,-40.51,0.009,0.0490,0.5880,-1.0780,1.2289,0.153870,-0.463318,0.858948,-0.154358,8.002,77.5,-1
1785794698.465,3034,690452,0,0.00000000,0.00000000,0.00,0,0,-40.50,0.019,-0.0980,0.3430,-0.5390,0.6464,0.153870,-0.463318,0.858948,-0.154358,8.004,77.5,-1
1785794698.654,3035,690681,0,0.00000000,0.00000000,0.00,0,0,-40.52,-0.009,-0.0490,0.4410,-0.7350,0.8585,0.153870,-0.463318,0.858948,-0.154358,8.002,80.0,-1
1785794698.901,3036,690898,0,0.00000000,0.00000000,0.00,0,0,-40.47,0.020,0.0000,0.6370,-1.1270,1.2946,0.153870,-0.463318,0.858948,-0.154297,8.001,80.0,-1
1785794699.088,3037,691123,0,0.00000000,0.00000000,0.00,0,0,-40.51,0.014,0.2940,0.1470,-0.3430,0.4751,0.153870,-0.463318,0.858948,-0.154297,8.002,77.5,-1
1785794699.338,3038,691349,0,0.00000000,0.00000000,0.00,0,0,-40.57,-0.023,0.0490,0.4900,-0.9800,1.0968,0.153870,-0.463318,0.858948,-0.154297,8.002,73.8,-1
1785794699.590,3039,691575,0,0.00000000,0.00000000,0.00,0,0,-40.59,-0.026,0.4900,-0.0490,-0.0980,0.5021,0.153870,-0.463318,0.858948,-0.154297,8.004,78.8,-1
1785794699.776,3040,691803,0,0.00000000,0.00000000,0.00,0,0,-40.60,-0.029,-0.3430,0.6370,-0.3430,0.8007,0.153870,-0.463318,0.858948,-0.154297,8.002,77.5,-1
1785794700.025,3041,692017,0,0.00000000,0.00000000,0.00,0,0,-40.52,-0.005,-0.0490,-0.1960,0.1960,0.2815,0.153870,-0.463318,0.858948,-0.154297,8.004,76.2,-1
1785794700.211,3042,692243,0,0.00000000,0.00000000,0.00,0,0,-40.42,0.069,0.4900,0.0490,0.1960,0.5300,0.153870,-0.463318,0.858948,-0.154297,8.004,78.8,-1
1785794700.462,3043,692464,0,0.00000000,0.00000000,0.00,0,0,-40.49,0.012,0.1960,0.5390,-0.0980,0.5818,0.153870,-0.463318,0.858948,-0.154297,8.005,80.0,-1
1785794700.650,3044,692682,0,0.00000000,0.00000000,0.00,0,0,-40.29,0.150,-0.4410,0.0490,-1.2740,1.3491,0.153870,-0.463318,0.858948,-0.154297,8.001,82.5,-1
1785794700.900,3045,692897,0,0.00000000,0.00000000,0.00,0,0,-40.36,0.092,0.0980,0.3430,-0.0490,0.3601,0.153931,-0.463318,0.859009,-0.154236,8.002,78.8,-1
1785794701.089,3046,693125,0,0.00000000,0.00000000,0.00,0,0,-40.53,-0.005,0.8820,-0.8330,1.1760,1.6896,0.153931,-0.463318,0.859009,-0.154236,8.004,83.8,-1
1785794701.338,3047,693342,0,0.00000000,0.00000000,0.00,0,0,-40.48,0.008,-0.1470,0.4410,0.0980,0.4751,0.153931,-0.463318,0.858948,-0.154297,7.999,82.5,-1
1785794701.588,3048,693568,0,0.00000000,0.00000000,0.00,0,0,-40.45,0.036,0.0490,0.4410,-1.8130,1.8665,0.153931,-0.463318,0.858948,-0.154358,8.002,78.8,-1
1785794701.774,3049,693794,0,0.00000000,0.00000000,0.00,0,0,-40.39,0.061,-0.2940,0.7840,-0.3430,0.9048,0.153931,-0.463318,0.858948,-0.154358,8.004,77.5,-1
1785794702.023,3050,694008,0,0.00000000,0.00000000,0.00,0,0,-40.43,0.020,0.5880,0.2940,0.5880,0.8820,0.153931,-0.463318,0.858948,-0.154358,8.002,81.2,-1
1785794702.210,3051,694229,0,0.00000000,0.00000000,0.00,0,0,-40.54,-0.064,0.4900,0.5880,-0.2940,0.8199,0.153931,-0.463318,0.858948,-0.154297,8.004,78.8,-1
1785794702.462,3052,694445,0,0.00000000,0.00000000,0.00,0,0,-40.45,-0.019,0.3430,0.2940,0.3430,0.5672,0.153992,-0.463318,0.858948,-0.154236,8.001,86.2,-1
1785794702.648,3053,694668,0,0.00000000,0.00000000,0.00,0,0,-40.47,-0.041,-0.8330,0.3430,-0.3920,0.9824,0.153992,-0.463318,0.858948,-0.154236,8.004,78.8,-1
1785794702.897,3054,694910,0,0.00000000,0.00000000,0.00,0,0,-40.46,-0.037,0.1470,0.3920,-0.0490,0.4215,0.153931,-0.463318,0.858948,-0.154236,8.004,81.2,-1
1785794703.144,3055,695134,0,0.00000000,0.00000000,0.00,0,0,-40.51,-0.072,0.6370,0.0980,-0.2450,0.6895,0.153992,-0.463318,0.858948,-0.154297,8.001,77.5,-1
1785794703.332,3056,695361,0,0.00000000,0.00000000,0.00,0,0,-40.37,0.020,-0.0980,0.0000,-0.0490,0.1096,0.154053,-0.463318,0.858948,-0.154236,8.004,82.5,-1
1785794703.585,3057,695588,0,0.00000000,0.00000000,0.00,0,0,-40.34,0.045,-0.3920,-0.5880,-0.7350,1.0196,0.153992,-0.463318,0.858948,-0.154236,8.000,82.5,-1
1785794703.774,3058,695811,0,0.00000000,0.00000000,0.00,0,0,-40.35,0.045,-0.6370,0.8330,-1.1270,1.5394,0.153931,-0.463318,0.858948,-0.154297,8.004,77.5,-1
1785794704.028,3059,696028,0,0.00000000,0.00000000,0.00,0,0,-40.35,0.064,0.0980,0.6860,-0.3430,0.7732,0.153931,-0.463318,0.858948,-0.154297,8.001,85.0,-1
1785794704.211,3060,696253,0,0.00000000,0.00000000,0.00,0,0,-40.43,0.006,0.3920,0.1470,0.3920,0.5735,0.153931,-0.463318,0.858948,-0.154297,8.004,80.0,-1
1785794704.453,3061,696478,0,0.00000000,0.00000000,0.00,0,0,-40.35,0.043,-0.0980,0.4900,-0.1960,0.5368,0.153931,-0.463318,0.858948,-0.154297,8.002,80.0,-1
1785794704.707,3062,696703,0,0.00000000,0.00000000,0.00,0,0,-40.28,0.057,-0.0490,0.5880,-0.2940,0.6592,0.153931,-0.463318,0.858948,-0.154297,8.004,77.5,-1
1785794704.896,3063,696920,0,0.00000000,0.00000000,0.00,0,0,-40.31,0.052,0.0000,0.1470,-0.2450,0.2857,0.153870,-0.463318,0.858948,-0.154297,8.004,80.0,-1
1785794705.148,3064,697145,0,0.00000000,0.00000000,0.00,0,0,-40.35,0.025,-0.1470,0.3430,-0.4410,0.5777,0.153809,-0.463318,0.858948,-0.154297,8.002,72.5,-1
1785794705.333,3065,697367,0,0.00000000,0.00000000,0.00,0,0,-40.29,0.036,-0.0980,0.3430,0.0980,0.3699,0.153870,-0.463379,0.858948,-0.154419,8.001,81.2,-1
1785794705.585,3066,697595,0,0.00000000,0.00000000,0.00,0,0,-40.28,0.036,0.0980,0.5880,-1.3230,1.4511,0.153931,-0.463318,0.858948,-0.154480,8.004,78.8,-1
1785794705.777,3067,697817,0,0.00000000,0.00000000,0.00,0,0,-40.18,0.076,-0.1960,0.1960,-0.2450,0.3699,0.153687,-0.463318,0.859070,-0.154114,8.002,81.2,-1
1785794706.031,3068,698040,0,0.00000000,0.00000000,0.00,0,0,-40.25,0.070,0.4900,-0.0490,-0.1470,0.5139,0.153687,-0.463318,0.859070,-0.154114,8.002,76.2,-1
1785794706.281,3069,698262,0,0.00000000,0.00000000,0.00,0,0,-40.31,0.037,-1.0290,0.6370,-0.7840,1.4420,0.153442,-0.461426,0.860229,-0.153503,8.002,78.8,-1
1785794706.469,3070,698487,0,0.00000000,0.00000000,0.00,0,0,-40.32,0.056,-0.2940,-0.2940,-0.3430,0.5390,0.153503,-0.461304,0.860291,-0.153320,8.002,71.2,-1
1785794706.722,3071,698709,0,0.00000000,0.00000000,0.00,0,0,-40.29,0.078,0.1470,0.0000,-0.6860,0.7016,0.153687,-0.461121,0.860352,-0.153381,8.002,72.5,-1
1785794706.912,3072,698927,0,0.00000000,0.00000000,0.00,0,0,-40.32,0.029,0.2940,0.4410,-0.1960,0.5651,0.153564,-0.460999,0.860474,-0.153015,8.005,77.5,-1
1785794707.166,3073,699151,0,0.00000000,0.00000000,0.00,0,0,-40.36,0.003,0.7350,1.1760,-1.0290,1.7269,0.153564,-0.461060,0.860474,-0.153076,8.002,73.8,-1
1785794707.354,3074,699378,0,0.00000000,0.00000000,0.00,0,0,-40.30,0.069,-0.2940,0.8820,-0.1960,0.9501,0.153503,-0.461182,0.860413,-0.153137,8.002,77.5,-1
1785794707.606,3075,699597,0,0.00000000,0.00000000,0.00,0,0,-40.29,0.062,0.4410,0.0000,0.6860,0.8155,0.153503,-0.460938,0.860535,-0.153015,8.001,77.5,-1
1785794707.793,3076,699819,0,0.00000000,0.00000000,0.00,0,0,-40.26,0.080,0.8820,-0.3430,1.0780,1.4345,0.153381,-0.461060,0.860535,-0.153015,8.002,76.2,-1
1785794708.043,3077,700032,0,0.00000000,0.00000000,0.00,0,0,-40.43,-0.057,1.2250,-0.6370,0.6860,1.5417,0.153381,-0.461060,0.860474,-0.153076,8.001,73.8,-1
1785794708.233,3078,700258,0,0.00000000,0.00000000,0.00,0,0,-40.31,0.032,0.5390,-0.6370,0.6370,1.0498,0.153381,-0.461060,0.860474,-0.153137,8.001,81.2,-1
1785794708.486,3079,700478,0,0.00000000,0.00000000,0.00,0,0,-40.31,0.032,-0.2450,0.6860,-0.2940,0.7855,0.153442,-0.460999,0.860535,-0.153198,8.001,82.5,-1
1785794708.675,3080,700699,0,0.00000000,0.00000000,0.00,0,0,-40.25,0.071,0.0490,0.0000,-0.1470,0.1550,0.153564,-0.460876,0.860535,-0.153137,8.001,76.2,-1
1785794708.926,3081,700912,0,0.00000000,0.00000000,0.00,0,0,-40.18,0.117,-0.1960,0.1960,-0.5390,0.6061,0.153564,-0.460876,0.860535,-0.153076,8.001,76.2,-1
1785794709.116,3082,701135,0,0.00000000,0.00000000,0.00,0,0,-40.36,-0.002,0.3430,0.8330,-0.7350,1.1627,0.153503,-0.460938,0.860596,-0.153076,8.001,76.2,-1
1785794709.365,3083,701363,0,0.00000000,0.00000000,0.00,0,0,-40.36,-0.017,-0.1470,-0.1960,-0.1470,0.2857,0.153442,-0.460938,0.860596,-0.153076,8.005,78.8,-1
1785794709.552,3084,701590,0,0.00000000,0.00000000,0.00,0,0,-40.27,0.051,-0.1960,0.4410,-0.6370,0.7992,0.153442,-0.460938,0.860596,-0.153076,8.004,76.2,-1
1785794709.804,3085,701813,0,0.00000000,0.00000000,0.00,0,0,-40.38,-0.024,1.2250,-0.2940,0.9800,1.5961,0.153442,-0.460938,0.860596,-0.153015,8.004,71.2,-1
1785794709.994,3086,702030,0,0.00000000,0.00000000,0.00,0,0,-40.47,-0.073,0.0490,0.1960,0.3430,0.3981,0.153381,-0.460938,0.860596,-0.153015,8.002,80.0,-1
1785794710.248,3087,702254,0,0.00000000,0.00000000,0.00,0,0,-40.42,-0.027,0.2940,0.5880,0.1960,0.6860,0.153381,-0.460938,0.860596,-0.153015,8.002,75.0,-1
1785794710.497,3088,702477,0,0.00000000,0.00000000,0.00,0,0,-40.42,-0.038,-0.1470,0.6370,-0.1470,0.6701,0.153442,-0.460938,0.860596,-0.153076,8.002,76.2,-1
1785794710.688,3089,702704,0,0.00000000,0.00000000,0.00,0,0,-40.37,-0.023,0.3430,0.0980,-0.1470,0.3858,0.153381,-0.460938,0.860596,-0.153076,8.002,76.2,-1
1785794710.876,3090,702916,0,0.00000000,0.00000000,0.00,0,0,-40.27,0.033,0.1960,0.1960,-0.5880,0.6501,0.153381,-0.460938,0.860596,-0.153076,8.002,73.8,-1
1785794711.126,3091,703137,0,0.00000000,0.00000000,0.00,0,0,-40.41,-0.049,-0.5880,0.7840,-0.3920,1.0555,0.153381,-0.460693,0.860718,-0.152954,8.002,76.2,-1
1785794711.314,3092,703354,0,0.00000000,0.00000000,0.00,0,0,-40.45,-0.093,-0.0980,-0.1960,-0.5880,0.6275,0.153442,-0.460876,0.860596,-0.153015,8.002,76.2,-1
1785794711.565,3093,703577,0,0.00000000,0.00000000,0.00,0,0,-40.42,-0.060,1.5190,-0.7350,1.0780,2.0024,0.153625,-0.460754,0.860596,-0.153137,8.004,76.2,-1
1785794711.755,3094,703796,0,0.00000000,0.00000000,0.00,0,0,-40.55,-0.136,0.4410,0.0000,-0.6370,0.7748,0.153564,-0.460999,0.860474,-0.153198,8.005,76.2,-1
1785794712.006,3095,704019,0,0.00000000,0.00000000,0.00,0,0,-40.60,-0.154,-0.1470,1.1270,-1.3230,1.7442,0.153503,-0.460938,0.860535,-0.153259,8.004,73.8,-1
1785794712.254,3096,704236,0,0.00000000,0.00000000,0.00,0,0,-40.60,-0.148,0.6370,-0.2940,0.5390,0.8847,0.153442,-0.460815,0.860657,-0.153076,8.002,80.0,-1
1785794712.440,3097,704458,0,0.00000000,0.00000000,0.00,0,0,-40.49,-0.081,0.1960,0.0980,-0.7350,0.7670,0.153503,-0.460754,0.860596,-0.153259,8.004,76.2,-1
1785794712.690,3098,704676,0,0.00000000,0.00000000,0.00,0,0,-40.43,-0.045,0.6860,-0.1960,0.1960,0.7399,0.153625,-0.460938,0.860474,-0.153442,8.004,77.5,-1
1785794712.880,3099,704893,0,0.00000000,0.00000000,0.00,0,0,-40.45,-0.041,0.2940,0.1470,0.5880,0.6736,0.153687,-0.460754,0.860596,-0.153320,8.002,77.5,-1
1785794713.133,3100,705112,0,0.00000000,0.00000000,0.00,0,0,-40.41,0.001,-0.6860,-0.1470,-0.1470,0.7168,0.153625,-0.460632,0.860657,-0.153198,8.004,77.5,-1
1785794713.321,3101,705340,0,0.00000000,0.00000000,0.00,0,0,-40.51,-0.048,-0.1470,0.2940,-0.3920,0.5116,0.153687,-0.460693,0.860657,-0.153198,8.005,77.5,-1
1785794713.569,3102,705562,0,0.00000000,0.00000000,0.00,0,0,-40.46,-0.034,-1.0290,1.1270,-1.6660,2.2593,0.153503,-0.460754,0.860596,-0.153137,8.002,78.8,-1
1785794713.759,3103,705785,0,0.00000000,0.00000000,0.00,0,0,-40.48,-0.043,0.2940,-0.2940,-0.0980,0.4272,0.153564,-0.460938,0.860535,-0.153137,8.004,77.5,-1
1785794714.011,3104,706002,0,0.00000000,0.00000000,0.00,0,0,-40.51,-0.047,-0.2450,0.6370,-1.2740,1.4453,0.153503,-0.460938,0.860535,-0.153015,8.004,75.0,-1
1785794714.199,3105,706220,0,0.00000000,0.00000000,0.00,0,0,-40.60,-0.095,-0.0980,0.3430,-1.0780,1.1355,0.153503,-0.460938,0.860596,-0.152954,8.005,80.0,-1
1785794714.448,3106,706443,0,0.00000000,0.00000000,0.00,0,0,-40.60,-0.070,-0.0490,0.1960,-0.0980,0.2245,0.153503,-0.461060,0.860535,-0.152954,8.004,80.0,-1
1785794714.634,3107,706663,0,0.00000000,0.00000000,0.00,0,0,-40.57,-0.065,0.0000,0.2450,-0.5390,0.5921,0.153503,-0.460999,0.860535,-0.152954,8.005,78.8,-1
1785794714.887,3108,706906,0,0.00000000,0.00000000,0.00,0,0,-40.54,-0.028,0.0000,0.2450,-0.2940,0.3827,0.153442,-0.460938,0.860596,-0.153015,8.004,78.8,-1
1785794715.139,3109,707135,0,0.00000000,0.00000000,0.00,0,0,-40.51,-0.010,0.1960,-0.0490,0.0490,0.2079,0.153503,-0.460938,0.860535,-0.153015,8.005,81.2,-1
1785794715.329,3110,707353,0,0.00000000,0.00000000,0.00,0,0,-40.56,-0.042,-0.1960,0.0490,-0.0980,0.2245,0.153564,-0.460938,0.860596,-0.152954,8.000,83.8,-1
1785794715.581,3111,707572,0,0.00000000,0.00000000,0.00,0,0,-40.64,-0.100,0.2450,0.3430,-1.8130,1.8614,0.153564,-0.460876,0.860596,-0.152893,8.002,85.0,-1
1785794715.771,3112,707795,0,0.00000000,0.00000000,0.00,0,0,-40.60,-0.070,-0.0980,-0.6370,-0.2940,0.7084,0.153564,-0.460876,0.860596,-0.152832,8.005,78.8,-1
1785794716.023,3113,708010,0,0.00000000,0.00000000,0.00,0,0,-40.60,-0.058,-0.1960,0.4410,-0.4900,0.6877,0.153564,-0.460876,0.860596,-0.152832,8.006,72.5,-1
1785794716.212,3114,708237,0,0.00000000,0.00000000,0.00,0,0,-40.62,-0.064,0.3430,-0.3920,-0.2940,0.5981,0.153503,-0.460938,0.860596,-0.152893,8.004,82.5,-1
1785794716.464,3115,708455,0,0.00000000,0.00000000,0.00,0,0,-40.54,-0.029,-0.8330,0.3430,-0.4900,1.0255,0.153503,-0.460938,0.860596,-0.152954,8.001,82.5,-1
1785794716.655,3116,708679,0,0.00000000,0.00000000,0.00,0,0,-40.64,-0.078,-0.5390,0.1470,-0.7350,0.9232,0.153503,-0.460938,0.860535,-0.153015,8.005,77.5,-1
1785794716.908,3117,708892,0,0.00000000,0.00000000,0.00,0,0,-40.65,-0.077,0.2450,0.0490,0.2450,0.3499,0.153503,-0.460938,0.860596,-0.153015,8.002,80.0,-1
1785794717.098,3118,709118,0,0.00000000,0.00000000,0.00,0,0,-40.63,-0.067,0.3430,0.0490,-0.1470,0.3764,0.153564,-0.460938,0.860596,-0.152954,8.005,80.0,-1
1785794717.352,3119,709342,0,0.00000000,0.00000000,0.00,0,0,-40.65,-0.064,1.4210,-0.1960,0.0000,1.4345,0.153625,-0.460876,0.860596,-0.152954,8.004,81.2,-1
1785794717.541,3120,709567,0,0.00000000,0.00000000,0.00,0,0,-40.66,-0.076,0.4410,-0.0980,-0.2450,0.5139,0.153625,-0.460876,0.860535,-0.153076,8.004,81.2,-1
1785794717.794,3121,709790,0,0.00000000,0.00000000,0.00,0,0,-40.60,-0.014,0.0000,0.1960,-0.4900,0.5277,0.153625,-0.460938,0.860535,-0.153076,8.002,71.2,-1
1785794717.983,3122,710005,0,0.00000000,0.00000000,0.00,0,0,-40.66,-0.058,0.0000,0.1470,-0.1960,0.2450,0.153564,-0.460938,0.860535,-0.153076,8.002,80.0,-1
1785794718.236,3123,710231,0,0.00000000,0.00000000,0.00,0,0,-40.58,0.011,0.2940,0.2450,-0.2940,0.4826,0.153564,-0.460938,0.860535,-0.153137,8.002,80.0,-1
1785794718.427,3124,710449,0,0.00000000,0.00000000,0.00,0,0,-40.65,-0.015,0.1960,0.0000,-0.5880,0.6198,0.153564,-0.460938,0.860535,-0.153198,8.004,77.5,-1
1785794718.679,3125,710670,0,0.00000000,0.00000000,0.00,0,0,-40.68,-0.025,0.0000,0.0490,-0.1960,0.2020,0.153564,-0.460938,0.860535,-0.153198,8.004,72.5,-1
1785794718.933,3126,710916,0,0.00000000,0.00000000,0.00,0,0,-40.61,-0.005,0.3430,0.1470,0.4900,0.6159,0.153564,-0.460938,0.860535,-0.153137,8.004,77.5,-1
1785794719.123,3127,711142,0,0.00000000,0.00000000,0.00,0,0,-40.73,-0.060,-0.4410,0.0980,-0.1960,0.4924,0.153503,-0.460938,0.860535,-0.153137,8.006,81.2,-1
1785794719.374,3128,711361,0,0.00000000,0.00000000,0.00,0,0,-40.74,-0.037,0.1470,-0.1470,-0.4900,0.5323,0.153503,-0.460938,0.860535,-0.153137,8.000,90.0,-1
1785794719.561,3129,711583,0,0.00000000,0.00000000,0.00,0,0,-40.73,-0.038,0.2940,0.1470,-0.3430,0.4751,0.153442,-0.460938,0.860535,-0.153076,8.001,80.0,-1
1785794719.810,3130,711807,0,0.00000000,0.00000000,0.00,0,0,-40.68,-0.004,-0.3430,0.0980,-0.5390,0.6464,0.153442,-0.460938,0.860535,-0.153076,8.000,85.0,-1
1785794719.998,3131,712026,0,0.00000000,0.00000000,0.00,0,0,-40.74,-0.035,-0.0490,-0.4410,0.4900,0.6610,0.153503,-0.460938,0.860596,-0.152954,8.001,81.2,-1
1785794720.250,3132,712251,0,0.00000000,0.00000000,0.00,0,0,-40.66,0.009,0.3920,0.3430,-0.2450,0.5756,0.153564,-0.460938,0.860596,-0.152954,8.002,81.2,-1
1785794720.439,3133,712476,0,0.00000000,0.00000000,0.00,0,0,-40.69,-0.015,-0.0980,0.4410,-0.0490,0.4544,0.153564,-0.460876,0.860596,-0.152954,8.004,77.5,-1
1785794720.690,3134,712693,0,0.00000000,0.00000000,0.00,0,0,-40.71,-0.023,-0.3920,0.0490,-0.5880,0.7084,0.153625,-0.460876,0.860596,-0.152954,8.001,81.2,-1
1785794720.878,3135,712910,0,0.00000000,0.00000000,0.00,0,0,-40.83,-0.088,0.0980,0.0490,-0.0490,0.1200,0.153625,-0.460876,0.860596,-0.152954,8.001,73.8,-1
1785794721.129,3136,713138,0,0.00000000,0.00000000,0.00,0,0,-40.80,-0.065,0.1960,0.0000,-0.0490,0.2020,0.153625,-0.460876,0.860596,-0.152832,8.002,76.2,-1
1785794721.380,3137,713358,0,0.00000000,0.00000000,0.00,0,0,-40.67,0.007,-0.0980,0.1470,-0.1960,0.2639,0.153625,-0.460876,0.860596,-0.152832,8.001,83.8,-1
1785794721.566,3138,713578,0,0.00000000,0.00000000,0.00,0,0,-40.69,-0.026,-0.1470,0.4410,-0.5880,0.7496,0.153625,-0.460876,0.860596,-0.152832,8.004,75.0,-1
1785794721.814,3139,713797,0,0.00000000,0.00000000,0.00,0,0,-40.66,-0.010,-0.2450,0.2450,-0.4900,0.6001,0.153687,-0.460876,0.860596,-0.152832,8.002,81.2,-1
1785794722.003,3140,714012,0,0.00000000,0.00000000,0.00,0,0,-40.67,-0.019,-0.4900,0.2940,-0.9310,1.0924,0.153687,-0.460876,0.860596,-0.152893,8.002,81.2,-1
1785794722.254,3141,714240,0,0.00000000,0.00000000,0.00,0,0,-40.63,0.003,0.3920,0.2940,-0.8820,1.0090,0.153687,-0.460876,0.860535,-0.153015,8.001,78.8,-1
1785794722.441,3142,714460,0,0.00000000,0.00000000,0.00,0,0,-40.68,-0.023,0.1960,0.4900,0.2940,0.6041,0.153625,-0.460876,0.860535,-0.153076,8.002,77.5,-1
1785794722.691,3143,714680,0,0.00000000,0.00000000,0.00,0,0,-40.61,0.039,0.0000,0.3920,-0.1470,0.4187,0.153625,-0.460876,0.860535,-0.153137,8.004,76.2,-1
1785794722.879,3144,714890,0,0.00000000,0.00000000,0.00,0,0,-40.70,-0.012,0.0980,0.2450,-0.1470,0.3021,0.153625,-0.460938,0.860535,-0.153137,8.001,78.8,-1
1785794723.124,3145,715108,0,0.00000000,0.00000000,0.00,0,0,-40.82,-0.096,-0.2450,0.5390,0.2450,0.6408,0.153625,-0.460938,0.860535,-0.153198,8.002,85.0,-1
1785794723.315,3146,715332,0,0.00000000,0.00000000,0.00,0,0,-40.64,0.008,-0.2450,1.0290,-0.8330,1.3464,0.153564,-0.460938,0.860535,-0.153137,8.002,83.8,-1
1785794723.567,3147,715560,0,0.00000000,0.00000000,0.00,0,0,-40.65,-0.009,-0.0980,-0.4410,-0.0980,0.4623,0.153564,-0.460938,0.860535,-0.153137,8.004,78.8,-1
1785794723.753,3148,715783,0,0.00000000,0.00000000,0.00,0,0,-40.67,0.005,0.5390,-0.5880,-0.3430,0.8683,0.153564,-0.460938,0.860535,-0.153198,8.005,76.2,-1
1785794724.001,3149,716000,0,0.00000000,0.00000000,0.00,0,0,-40.60,0.073,-0.3920,1.1760,-0.5880,1.3720,0.153564,-0.460938,0.860535,-0.153198,8.005,81.2,-1
1785794724.189,3150,716225,0,0.00000000,0.00000000,0.00,0,0,-40.63,0.041,-0.2940,0.0980,-0.3920,0.4997,0.153564,-0.460938,0.860535,-0.153259,8.004,78.8,-1
1785794724.441,3151,716446,0,0.00000000,0.00000000,0.00,0,0,-40.65,0.034,-0.1960,0.1960,-1.5680,1.5923,0.153564,-0.460938,0.860535,-0.153259,8.005,80.0,-1
1785794724.628,3152,716669,0,0.00000000,0.00000000,0.00,0,0,-40.56,0.077,-0.1470,0.5880,0.4410,0.7496,0.153564,-0.460938,0.860535,-0.153259,8.002,81.2,-1
1785794724.881,3153,716917,0,0.00000000,0.00000000,0.00,0,0,-40.57,0.073,0.0980,-0.0980,-0.2940,0.3250,0.153564,-0.460938,0.860535,-0.153259,8.001,80.0,-1
1785794725.134,3154,717144,0,0.00000000,0.00000000,0.00,0,0,-40.65,0.020,-0.1960,0.5390,-0.4410,0.7235,0.153564,-0.460938,0.860535,-0.153198,8.004,78.8,-1
1785794725.389,3155,717370,0,0.00000000,0.00000000,0.00,0,0,-40.41,0.162,0.0000,0.1960,-0.1470,0.2450,0.153564,-0.460938,0.860535,-0.153137,8.002,72.5,-1
1785794725.577,3156,717593,0,0.00000000,0.00000000,0.00,0,0,-40.61,0.024,0.1960,0.2940,-0.3430,0.4924,0.153564,-0.460938,0.860535,-0.153137,8.002,82.5,-1
1785794725.829,3157,717819,0,0.00000000,0.00000000,0.00,0,0,-40.50,0.098,-0.1960,0.5880,-0.4900,0.7901,0.153503,-0.460938,0.860535,-0.153076,8.006,80.0,-1
1785794726.017,3158,718039,0,0.00000000,0.00000000,0.00,0,0,-40.49,0.112,-0.3430,-0.0980,0.5880,0.6877,0.153503,-0.460938,0.860535,-0.153076,8.006,78.8,-1
1785794726.269,3159,718263,0,0.00000000,0.00000000,0.00,0,0,-40.45,0.118,0.0490,0.4900,0.1960,0.5300,0.153564,-0.460938,0.860535,-0.153137,8.006,81.2,-1
1785794726.460,3160,718488,0,0.00000000,0.00000000,0.00,0,0,-40.51,0.062,-0.2450,0.5390,-0.5880,0.8344,0.153564,-0.460938,0.860535,-0.153137,8.004,81.2,-1
1785794726.714,3161,718711,0,0.00000000,0.00000000,0.00,0,0,-40.47,0.055,0.1470,-0.0980,-0.4410,0.4751,0.153564,-0.460938,0.860535,-0.153015,8.004,80.0,-1
1785794726.902,3162,718927,0,0.00000000,0.00000000,0.00,0,0,-40.46,0.055,-0.2450,0.2450,-0.1960,0.3981,0.153564,-0.460876,0.860596,-0.152954,8.004,76.2,-1
1785794727.155,3163,719147,0,0.00000000,0.00000000,0.00,0,0,-40.46,0.050,0.1960,0.5390,-0.5390,0.7871,0.153564,-0.460938,0.860535,-0.153015,8.005,82.5,-1
1785794727.344,3164,719368,0,0.00000000,0.00000000,0.00,0,0,-40.37,0.109,-0.1470,0.0980,-0.4900,0.5209,0.153564,-0.460876,0.860535,-0.153015,8.005,85.0,-1
1785794727.592,3165,719591,0,0.00000000,0.00000000,0.00,0,0,-40.42,0.060,0.2450,0.2450,0.1960,0.3981,0.153625,-0.460876,0.860535,-0.153015,8.004,82.5,-1
1785794727.780,3166,719813,0,0.00000000,0.00000000,0.00,0,0,-40.42,0.055,0.0980,-0.2450,0.0490,0.2684,0.153625,-0.460876,0.860535,-0.153076,8.004,80.0,-1
1785794728.033,3167,720032,0,0.00000000,0.00000000,0.00,0,0,-40.51,-0.015,0.1960,0.1470,-0.3430,0.4215,0.153625,-0.460876,0.860535,-0.152954,8.005,77.5,-1
1785794728.223,3168,720249,0,0.00000000,0.00000000,0.00,0,0,-40.41,0.057,-0.2450,0.3920,-0.6370,0.7871,0.153625,-0.460876,0.860596,-0.152954,8.005,76.2,-1
1785794728.476,3169,720472,0,0.00000000,0.00000000,0.00,0,0,-40.34,0.096,0.2450,0.6370,-0.3430,0.7638,0.153625,-0.460876,0.860535,-0.153015,8.005,75.0,-1
1785794728.664,3170,720693,0,0.00000000,0.00000000,0.00,0,0,-40.32,0.113,0.0490,0.5390,-0.2450,0.5941,0.153625,-0.460938,0.860535,-0.153076,8.004,76.2,-1
1785794728.914,3171,720911,0,0.00000000,0.00000000,0.00,0,0,-40.47,0.008,-0.1960,0.0490,-0.4900,0.5300,0.153564,-0.460938,0.860535,-0.153076,8.004,75.0,-1
1785794729.099,3172,721133,0,0.00000000,0.00000000,0.00,0,0,-40.52,-0.024,0.2450,0.1960,-0.0490,0.3176,0.153564,-0.460938,0.860535,-0.153076,8.004,76.2,-1
1785794729.314,3173,721355,0,0.00000000,0.00000000,0.00,0,0,-40.33,0.115,-0.0490,0.5390,0.4900,0.7301,0.153625,-0.460876,0.860535,-0.153076,8.004,78.8,-1
1785794729.557,3174,721573,0,0.00000000,0.00000000,0.00,0,0,-40.26,0.157,0.1960,-0.3430,0.0980,0.4070,0.153564,-0.460938,0.860535,-0.153076,8.002,81.2,-1
1785794729.808,3175,721796,0,0.00000000,0.00000000,0.00,0,0,-40.31,0.119,0.0980,0.3920,0.2450,0.4725,0.153564,-0.460938,0.860535,-0.153137,8.001,78.8,-1
1785794729.996,3176,722016,0,0.00000000,0.00000000,0.00,0,0,-40.35,0.071,0.2450,0.2450,0.3920,0.5232,0.153625,-0.460938,0.860535,-0.153137,8.004,71.2,-1
1785794730.247,3177,722234,0,0.00000000,0.00000000,0.00,0,0,-40.26,0.109,-0.1470,0.3430,-0.4410,0.5777,0.153687,-0.460876,0.860535,-0.153137,8.002,81.2,-1
1785794730.434,3178,722456,0,0.00000000,0.00000000,0.00,0,0,-40.29,0.071,-0.0490,0.1960,-0.0490,0.2079,0.153687,-0.460876,0.860535,-0.153015,8.004,76.2,-1
1785794730.687,3179,722675,0,0.00000000,0.00000000,0.00,0,0,-40.36,0.020,0.3920,0.0490,0.0980,0.4070,0.153625,-0.460876,0.860535,-0.153015,8.004,75.0,-1
1785794730.878,3180,722887,0,0.00000000,0.00000000,0.00,0,0,-40.26,0.072,-0.0490,0.4410,-0.1470,0.4674,0.153625,-0.460876,0.860535,-0.153015,8.002,76.2,-1
1785794731.068,3181,723108,0,0.00000000,0.00000000,0.00,0,0,-40.22,0.086,0.4900,0.0490,-0.6370,0.8052,0.153687,-0.460876,0.860535,-0.153076,8.004,76.2,-1
1785794731.319,3182,723327,0,0.00000000,0.00000000,0.00,0,0,-40.33,-0.000,0.2450,-0.1470,-0.7840,0.8344,0.153625,-0.460876,0.860535,-0.153137,8.004,80.0,-1
1785794731.569,3183,723547,0,0.00000000,0.00000000,0.00,0,0,-40.22,0.064,0.6370,-0.6860,0.6860,1.1606,0.153564,-0.460938,0.860535,-0.153076,8.002,81.2,-1
1785794731.756,3184,723769,0,0.00000000,0.00000000,0.00,0,0,-40.24,0.063,-0.2450,0.5390,-0.7840,0.9824,0.153564,-0.460938,0.860535,-0.153015,8.004,76.2,-1
1785794732.006,3185,723986,0,0.00000000,0.00000000,0.00,0,0,-40.27,0.032,-1.8620,1.7150,-1.4210,2.9030,0.153564,-0.460938,0.860596,-0.152954,8.002,81.2,-1
1785794732.193,3186,724210,0,0.00000000,0.00000000,0.00,0,0,-40.27,0.029,0.2450,0.0000,-0.4410,0.5045,0.153564,-0.460938,0.860596,-0.152893,8.004,76.2,-1
1785794732.444,3187,724428,0,0.00000000,0.00000000,0.00,0,0,-40.20,0.061,0.1470,0.3430,-0.4410,0.5777,0.153503,-0.460938,0.860596,-0.152893,8.001,80.0,-1
1785794732.630,3188,724651,0,0.00000000,0.00000000,0.00,0,0,-40.25,0.032,-0.4410,0.0490,-0.2450,0.5069,0.153442,-0.460938,0.860596,-0.152893,8.004,76.2,-1
1785794732.877,3189,724897,0,0.00000000,0.00000000,0.00,0,0,-40.07,0.139,-0.5880,0.5390,-0.6860,1.0521,0.153442,-0.460938,0.860596,-0.152893,8.001,80.0,-1
1785794733.126,3190,725123,0,0.00000000,0.00000000,0.00,0,0,-40.26,0.008,-0.6370,0.1470,-0.2940,0.7168,0.153442,-0.460938,0.860596,-0.152893,8.002,77.5,-1
1785794733.313,3191,725349,0,0.00000000,0.00000000,0.00,0,0,-40.24,0.012,0.0000,0.9800,-0.6370,1.1688,0.153503,-0.460876,0.860596,-0.152832,8.004,77.5,-1
1785794733.562,3192,725573,0,0.00000000,0.00000000,0.00,0,0,-40.29,-0.006,-0.2940,0.4410,-1.3230,1.4252,0.153564,-0.460876,0.860596,-0.152771,8.005,77.5,-1
1785794733.811,3193,725794,0,0.00000000,0.00000000,0.00,0,0,-40.24,0.026,-0.1960,0.0000,-0.9800,0.9994,0.153564,-0.460876,0.860596,-0.152771,8.002,75.0,-1
1785794734.001,3194,726008,0,0.00000000,0.00000000,0.00,0,0,-40.23,0.025,0.0490,-0.0490,-0.4410,0.4464,0.153564,-0.460876,0.860596,-0.152771,8.002,76.2,-1
1785794734.253,3195,726233,0,0.00000000,0.00000000,0.00,0,0,-40.24,0.027,-0.2940,0.6860,-1.2740,1.4765,0.153564,-0.460876,0.860657,-0.152710,8.002,80.0,-1
1785794734.443,3196,726453,0,0.00000000,0.00000000,0.00,0,0,-40.16,0.061,-0.0980,0.1960,0.6860,0.7201,0.153564,-0.460876,0.860657,-0.152710,8.001,82.5,-1
1785794734.693,3197,726675,0,0.00000000,0.00000000,0.00,0,0,-40.26,0.008,-0.0980,0.0490,-0.7840,0.7916,0.153625,-0.460876,0.860657,-0.152710,8.000,78.8,-1
1785794734.881,3198,726889,0,0.00000000,0.00000000,0.00,0,0,-40.25,0.007,0.2940,0.3430,-0.4900,0.6665,0.153625,-0.460876,0.860596,-0.152710,8.002,77.5,-1
1785794735.135,3199,727116,0,0.00000000,0.00000000,0.00,0,0,-40.24,0.012,0.2940,0.2940,-0.5880,0.7201,0.153625,-0.460876,0.860596,-0.152710,8.004,82.5,-1
1785794735.324,3200,727335,0,0.00000000,0.00000000,0.00,0,0,-40.31,-0.040,-0.2940,0.3920,-0.2450,0.5478,0.153625,-0.460876,0.860596,-0.152710,8.000,82.5,-1
1785794735.575,3201,727558,0,0.00000000,0.00000000,0.00,0,0,-40.14,0.075,0.1470,0.1960,0.0000,0.2450,0.153625,-0.460876,0.860596,-0.152710,8.002,80.0,-1
1785794735.767,3202,727775,0,0.00000000,0.00000000,0.00,0,0,-40.23,-0.005,0.0980,0.0980,-0.5880,0.6041,0.153625,-0.460876,0.860596,-0.152710,8.001,83.8,-1
1785794735.956,3203,727991,0,0.00000000,0.00000000,0.00,0,0,-40.38,-0.089,-0.0490,0.3920,-0.4900,0.6294,0.153625,-0.460876,0.860596,-0.152710,8.006,73.8,-1
1785794736.205,3204,728219,0,0.00000000,0.00000000,0.00,0,0,-40.31,-0.045,-0.1960,-0.2450,-0.3920,0.5021,0.153687,-0.460876,0.860596,-0.152710,8.005,78.8,-1
1785794736.458,3205,728445,0,0.00000000,0.00000000,0.00,0,0,-40.24,-0.014,0.0490,0.3430,-0.5880,0.6825,0.153687,-0.460876,0.860596,-0.152710,8.004,81.2,-1
1785794736.645,3206,728669,0,0.00000000,0.00000000,0.00,0,0,-40.19,-0.001,0.0490,-0.0490,-0.4900,0.4949,0.153687,-0.460876,0.860596,-0.152710,8.004,78.8,-1
1785794736.896,3207,728913,0,0.00000000,0.00000000,0.00,0,0,-40.27,-0.046,0.3430,-0.5880,-0.2450,0.7235,0.153625,-0.460876,0.860596,-0.152771,8.001,76.2,-1
1785794737.149,3208,729138,0,0.00000000,0.00000000,0.00,0,0,-40.23,-0.007,0.1960,0.5880,-0.1470,0.6370,0.153625,-0.460876,0.860596,-0.152771,8.001,86.2,-1
1785794737.340,3209,729359,0,0.00000000,0.00000000,0.00,0,0,-40.24,-0.009,-0.2450,0.1960,-0.8330,0.8901,0.153687,-0.460876,0.860596,-0.152771,7.999,85.0,-1
1785794737.589,3210,729581,0,0.00000000,0.00000000,0.00,0,0,-40.30,-0.053,0.1960,0.4410,-0.5880,0.7607,0.153748,-0.460876,0.860596,-0.152710,8.005,77.5,-1
1785794737.776,3211,729800,0,0.00000000,0.00000000,0.00,0,0,-40.24,-0.035,0.1960,0.3430,-0.0980,0.4070,0.153748,-0.460876,0.860596,-0.152710,8.005,82.5,-1
1785794738.025,3212,730014,0,0.00000000,0.00000000,0.00,0,0,-40.26,-0.064,0.4410,0.0490,-0.1470,0.4674,0.153625,-0.460876,0.860596,-0.152771,8.002,76.2,-1
1785794738.211,3213,730242,0,0.00000000,0.00000000,0.00,0,0,-40.26,-0.066,0.1470,0.2450,-0.0980,0.3021,0.153564,-0.460876,0.860596,-0.152832,8.004,80.0,-1
1785794738.462,3214,730461,0,0.00000000,0.00000000,0.00,0,0,-40.17,0.008,0.2940,0.6860,-0.5880,0.9501,0.153625,-0.460876,0.860596,-0.152832,8.004,80.0,-1
1785794738.648,3215,730680,0,0.00000000,0.00000000,0.00,0,0,-40.13,0.035,0.1960,-0.3920,0.2940,0.5277,0.153687,-0.460876,0.860596,-0.152893,8.002,81.2,-1
1785794738.901,3216,730895,0,0.00000000,0.00000000,0.00,0,0,-40.15,0.036,-0.0980,0.1470,-0.4410,0.4751,0.153687,-0.460876,0.860596,-0.153015,8.001,77.5,-1
1785794739.089,3217,731122,0,0.00000000,0.00000000,0.00,0,0,-40.16,0.035,-0.5390,0.4900,-0.5880,0.9361,0.153625,-0.460754,0.860596,-0.153015,8.001,86.2,-1
1785794739.337,3218,731346,0,0.00000000,0.00000000,0.00,0,0,-40.23,-0.015,1.0290,-0.2450,0.6860,1.2607,0.153564,-0.460815,0.860596,-0.152954,8.004,80.0,-1
1785794739.586,3219,731567,0,0.00000000,0.00000000,0.00,0,0,-40.15,0.043,0.3920,0.0000,-0.8820,0.9652,0.153687,-0.460815,0.860596,-0.152954,8.002,77.5,-1
1785794739.772,3220,731793,0,0.00000000,0.00000000,0.00,0,0,-40.18,0.019,0.1470,0.0490,-0.1960,0.2499,0.153625,-0.460815,0.860596,-0.153015,8.005,80.0,-1
1785794740.024,3221,732002,0,0.00000000,0.00000000,0.00,0,0,-40.26,-0.028,0.2450,0.0000,-0.2940,0.3827,0.153625,-0.460815,0.860596,-0.152954,7.999,82.5,-1
1785794740.211,3222,732225,0,0.00000000,0.00000000,0.00,0,0,-40.18,0.027,-1.0290,0.9310,-1.9110,2.3617,0.153687,-0.460754,0.860657,-0.152893,8.000,81.2,-1
1785794740.462,3223,732448,0,0.00000000,0.00000000,0.00,0,0,-40.28,-0.050,-0.2450,0.4410,-0.8820,1.0161,0.153687,-0.460754,0.860657,-0.152832,8.004,77.5,-1
1785794740.650,3224,732670,0,0.00000000,0.00000000,0.00,0,0,-40.19,0.008,0.0980,-0.1470,-0.0490,0.1833,0.153687,-0.460754,0.860657,-0.152832,8.002,77.5,-1
1785794740.900,3225,732913,0,0.00000000,0.00000000,0.00,0,0,-40.23,-0.043,-0.4410,0.2450,-0.7840,0.9323,0.153687,-0.460754,0.860657,-0.152832,8.001,78.8,-1
1785794741.148,3226,733136,0,0.00000000,0.00000000,0.00,0,0,-40.25,-0.058,0.4900,0.0980,-0.2450,0.5565,0.153748,-0.460754,0.860657,-0.152832,8.000,77.5,-1
1785794741.335,3227,733360,0,0.00000000,0.00000000,0.00,0,0,-40.16,0.005,-0.0980,0.0490,-0.5390,0.5500,0.153748,-0.460754,0.860657,-0.152832,8.000,82.5,-1
1785794741.586,3228,733578,0,0.00000000,0.00000000,0.00,0,0,-40.24,-0.060,-0.1960,0.2450,-0.3430,0.4649,0.153748,-0.460754,0.860657,-0.152832,8.001,82.5,-1
1785794741.776,3229,733798,0,0.00000000,0.00000000,0.00,0,0,-40.30,-0.092,-0.0490,0.4410,-0.1470,0.4674,0.153809,-0.460754,0.860596,-0.152893,8.001,82.5,-1
1785794742.025,3230,734007,0,0.00000000,0.00000000,0.00,0,0,-40.20,-0.028,-0.2940,0.7840,-0.6860,1.0824,0.153809,-0.460754,0.860596,-0.152954,7.999,85.0,-1
1785794742.210,3231,734232,0,0.00000000,0.00000000,0.00,0,0,-40.10,0.045,0.0980,1.1270,-0.7350,1.3491,0.153809,-0.460754,0.860596,-0.153015,8.005,78.8,-1
1785794742.459,3232,734450,0,0.00000000,0.00000000,0.00,0,0,-40.29,-0.067,0.0000,0.2940,-0.3920,0.4900,0.153809,-0.460754,0.860596,-0.153015,8.004,82.5,-1
1785794742.646,3233,734673,0,0.00000000,0.00000000,0.00,0,0,-40.28,-0.053,-0.3430,-0.1470,-0.6860,0.7809,0.153748,-0.460754,0.860596,-0.152954,8.004,81.2,-1
1785794742.895,3234,734888,0,0.00000000,0.00000000,0.00,0,0,-40.27,-0.033,-0.0980,-0.1470,-0.1960,0.2639,0.153687,-0.460754,0.860596,-0.153015,8.004,83.8,-1
1785794743.085,3235,735114,0,0.00000000,0.00000000,0.00,0,0,-40.28,-0.026,0.3430,-0.1470,-0.1960,0.4215,0.153625,-0.460815,0.860596,-0.152954,8.002,78.8,-1
1785794743.337,3236,735340,0,0.00000000,0.00000000,0.00,0,0,-40.31,-0.023,0.1470,0.1960,-0.3430,0.4215,0.153564,-0.460815,0.860657,-0.152954,8.004,80.0,-1
1785794743.587,3237,735564,0,0.00000000,0.00000000,0.00,0,0,-40.27,-0.002,-0.0490,0.2940,-0.1960,0.3567,0.153687,-0.460754,0.860657,-0.152893,8.004,77.5,-1
1785794743.776,3238,735782,0,0.00000000,0.00000000,0.00,0,0,-40.18,0.079,-0.0980,0.5390,0.5390,0.7685,0.153687,-0.460754,0.860657,-0.152832,8.007,80.0,-1
1785794743.965,3239,735997,0,0.00000000,0.00000000,0.00,0,0,-40.31,-0.014,-0.0980,-0.0490,-0.7840,0.7916,0.153687,-0.460754,0.860657,-0.152832,8.004,78.8,-1
1785794744.215,3240,736217,0,0.00000000,0.00000000,0.00,0,0,-40.27,0.015,-0.3430,-0.1470,-1.0780,1.1408,0.153748,-0.460754,0.860657,-0.152771,8.004,80.0,-1
1785794744.403,3241,736442,0,0.00000000,0.00000000,0.00,0,0,-40.36,-0.044,0.0000,-0.1960,-1.4700,1.4830,0.153748,-0.460754,0.860657,-0.152771,8.005,81.2,-1
1785794744.659,3242,736666,0,0.00000000,0.00000000,0.00,0,0,-40.17,0.089,0.2450,0.0490,0.0490,0.2546,0.153748,-0.460754,0.860657,-0.152771,8.004,80.0,-1
1785794744.911,3243,736909,0,0.00000000,0.00000000,0.00,0,0,-40.33,-0.031,0.0490,0.0490,-0.5390,0.5434,0.153748,-0.460754,0.860657,-0.152832,8.004,78.8,-1
1785794745.102,3244,737136,0,0.00000000,0.00000000,0.00,0,0,-40.45,-0.108,-0.1470,0.3920,-0.4410,0.6081,0.153625,-0.460876,0.860596,-0.152832,8.000,82.5,-1
1785794745.354,3245,737355,0,0.00000000,0.00000000,0.00,0,0,-40.41,-0.076,0.2450,0.0000,-0.1470,0.2857,0.153687,-0.460876,0.860596,-0.152832,7.999,91.2,-1
1785794745.543,3246,737576,0,0.00000000,0.00000000,0.00,0,0,-40.34,-0.041,-0.2940,0.4900,0.8820,1.0509,0.153748,-0.460938,0.860535,-0.152832,8.004,83.8,-1
1785794745.798,3247,737797,0,0.00000000,0.00000000,0.00,0,0,-40.24,0.019,-0.0980,-0.1470,-0.6860,0.7084,0.153748,-0.460938,0.860535,-0.152893,8.002,80.0,-1
1785794745.987,3248,738013,0,0.00000000,0.00000000,0.00,0,0,-40.37,-0.051,0.0980,0.2450,0.0980,0.2815,0.153748,-0.460938,0.860535,-0.152832,8.004,80.0,-1
1785794746.241,3249,738239,0,0.00000000,0.00000000,0.00,0,0,-40.38,-0.058,0.0000,0.0490,-0.2940,0.2981,0.153748,-0.460938,0.860596,-0.152771,8.005,83.8,-1
1785794746.430,3250,738463,0,0.00000000,0.00000000,0.00,0,0,-40.32,-0.006,0.0980,-0.4410,-0.6860,0.8214,0.153748,-0.460938,0.860596,-0.152771,8.002,77.5,-1
1785794746.681,3251,738689,0,0.00000000,0.00000000,0.00,0,0,-40.36,-0.022,0.1470,0.4410,-0.8330,0.9539,0.153748,-0.460938,0.860596,-0.152710,8.004,80.0,-1
1785794746.869,3252,738904,0,0.00000000,0.00000000,0.00,0,0,-40.38,-0.046,-0.4410,0.9800,-0.1470,1.0847,0.153809,-0.460876,0.860596,-0.152710,8.002,80.0,-1
1785794747.118,3253,739132,0,0.00000000,0.00000000,0.00,0,0,-40.34,-0.018,0.3430,0.2940,-0.2940,0.5390,0.153809,-0.460876,0.860535,-0.152832,8.002,76.2,-1
1785794747.368,3254,739359,0,0.00000000,0.00000000,0.00,0,0,-40.31,0.011,0.2450,0.0980,-0.0490,0.2684,0.153809,-0.460938,0.860535,-0.152832,8.002,82.5,-1
1785794747.558,3255,739581,0,0.00000000,0.00000000,0.00,0,0,-40.36,-0.013,0.1470,0.0980,0.1960,0.2639,0.153809,-0.460938,0.860535,-0.152832,8.005,76.2,-1
1785794747.810,3256,739803,0,0.00000000,0.00000000,0.00,0,0,-40.46,-0.074,-0.4410,0.3430,-0.6860,0.8847,0.153809,-0.460938,0.860535,-0.152832,8.004,80.0,-1
1785794747.996,3257,740016,0,0.00000000,0.00000000,0.00,0,0,-40.40,-0.063,0.3920,-0.0490,0.2450,0.4649,0.153748,-0.460938,0.860535,-0.152771,8.006,80.0,-1
1785794748.244,3258,740243,0,0.00000000,0.00000000,0.00,0,0,-40.50,-0.105,0.1470,-0.6370,0.8330,1.0589,0.153687,-0.460938,0.860596,-0.152710,8.004,76.2,-1
1785794748.433,3259,740462,0,0.00000000,0.00000000,0.00,0,0,-40.42,-0.044,0.0490,-0.0490,-1.6170,1.6185,0.153687,-0.460938,0.860596,-0.152710,8.001,76.2,-1
1785794748.680,3260,740682,0,0.00000000,0.00000000,0.00,0,0,-40.41,-0.027,-0.4410,0.9800,-0.4900,1.1811,0.153687,-0.460938,0.860596,-0.152649,8.001,81.2,-1
1785794748.868,3261,740895,0,0.00000000,0.00000000,0.00,0,0,-40.38,-0.034,-0.2450,0.2450,-1.4700,1.5103,0.153748,-0.460938,0.860596,-0.152588,8.001,78.8,-1
1785794749.121,3262,741116,0,0.00000000,0.00000000,0.00,0,0,-40.36,0.007,0.0000,-0.5880,0.1960,0.6198,0.153809,-0.460876,0.860596,-0.152588,8.004,73.8,-1
1785794749.309,3263,741338,0,0.00000000,0.00000000,0.00,0,0,-40.52,-0.087,0.0000,0.1470,-0.0980,0.1767,0.153870,-0.460876,0.860596,-0.152649,8.004,72.5,-1
1785794749.560,3264,741568,0,0.00000000,0.00000000,0.00,0,0,-40.51,-0.084,-0.6370,-0.1960,-0.1960,0.6947,0.153870,-0.460876,0.860596,-0.152710,8.002,76.2,-1
1785794749.811,3265,741790,0,0.00000000,0.00000000,0.00,0,0,-40.38,0.005,0.0980,0.4900,-0.3430,0.6061,0.153870,-0.460876,0.860596,-0.152771,8.002,76.2,-1
1785794749.998,3266,742007,0,0.00000000,0.00000000,0.00,0,0,-40.55,-0.118,0.1960,0.2450,0.3430,0.4649,0.153809,-0.460876,0.860596,-0.152710,8.004,82.5,-1
1785794750.248,3267,742227,0,0.00000000,0.00000000,0.00,0,0,-40.57,-0.132,0.6370,0.2450,0.3920,0.7871,0.153748,-0.460938,0.860596,-0.152710,8.004,78.8,-1
1785794750.436,3268,742447,0,0.00000000,0.00000000,0.00,0,0,-40.48,-0.063,0.3430,0.0000,-0.3430,0.4851,0.153748,-0.460938,0.860596,-0.152649,8.002,80.0,-1
1785794750.690,3269,742666,0,0.00000000,0.00000000,0.00,0,0,-40.45,-0.020,-0.9310,0.5390,-0.6370,1.2502,0.153687,-0.460938,0.860596,-0.152649,8.001,82.5,-1
1785794750.878,3270,742912,0,0.00000000,0.00000000,0.00,0,0,-40.43,-0.020,0.8330,-0.7840,-0.3430,1.1942,0.153687,-0.460938,0.860596,-0.152710,8.004,81.2,-1
1785794751.129,3271,743139,0,0.00000000,0.00000000,0.00,0,0,-40.48,-0.054,0.0980,0.2450,-0.3920,0.4725,0.153687,-0.460938,0.860596,-0.152710,8.002,75.0,-1
1785794751.378,3272,743363,0,0.00000000,0.00000000,0.00,0,0,-40.40,-0.005,0.7350,0.0000,0.7840,1.0747,0.153687,-0.460938,0.860596,-0.152710,8.002,78.8,-1
1785794751.566,3273,743592,0,0.00000000,0.00000000,0.00,0,0,-40.36,0.019,-0.2450,-0.1470,0.0490,0.2899,0.153687,-0.460938,0.860596,-0.152710,8.002,76.2,-1
1785794751.816,3274,743819,0,0.00000000,0.00000000,0.00,0,0,-40.59,-0.097,0.2940,-0.0490,0.0490,0.3021,0.153687,-0.460938,0.860596,-0.152710,8.004,77.5,-1
1785794752.004,3275,744033,0,0.00000000,0.00000000,0.00,0,0,-40.43,0.006,-0.4410,0.5390,0.0000,0.6964,0.153748,-0.460876,0.860596,-0.152649,8.004,77.5,-1
1785794752.257,3276,744261,0,0.00000000,0.00000000,0.00,0,0,-40.45,-0.005,0.2450,0.1960,-0.5880,0.6665,0.153809,-0.460876,0.860596,-0.152588,8.004,80.0,-1
1785794752.508,3277,744486,0,0.00000000,0.00000000,0.00,0,0,-40.38,0.035,-0.2940,0.1470,-0.5880,0.6736,0.153809,-0.460876,0.860596,-0.152588,8.002,78.8,-1
1785794752.695,3278,744712,0,0.00000000,0.00000000,0.00,0,0,-40.36,0.053,0.3920,0.5390,0.2450,0.7101,0.153809,-0.460876,0.860596,-0.152649,8.002,78.8,-1
1785794752.943,3279,744924,0,0.00000000,0.00000000,0.00,0,0,-40.28,0.094,-0.3920,0.0980,-0.6860,0.7962,0.153809,-0.460876,0.860596,-0.152710,8.002,75.0,-1
1785794753.128,3280,745142,0,0.00000000,0.00000000,0.00,0,0,-40.36,0.033,0.3430,0.0000,-0.2450,0.4215,0.153870,-0.460876,0.860535,-0.152771,8.002,76.2,-1
1785794753.378,3281,745364,0,0.00000000,0.00000000,0.00,0,0,-40.26,0.089,0.0000,0.0000,-0.5880,0.5880,0.153931,-0.460876,0.860596,-0.152710,8.002,76.2,-1
1785794753.568,3282,745583,0,0.00000000,0.00000000,0.00,0,0,-40.29,0.076,-1.5190,1.8620,-2.6460,3.5743,0.153870,-0.460876,0.860596,-0.152710,8.000,77.5,-1
1785794753.820,3283,745803,0,0.00000000,0.00000000,0.00,0,0,-40.34,0.039,0.4900,0.2450,-0.7350,0.9167,0.153870,-0.460876,0.860596,-0.152649,8.002,77.5,-1
1785794754.008,3284,746022,0,0.00000000,0.00000000,0.00,0,0,-40.45,-0.020,0.4410,0.1470,-0.2940,0.5500,0.153809,-0.460876,0.860596,-0.152649,8.002,75.0,-1
1785794754.259,3285,746246,0,0.00000000,0.00000000,0.00,0,0,-40.48,-0.063,0.1960,-0.1470,-0.2450,0.3465,0.153809,-0.460876,0.860596,-0.152649,8.002,78.8,-1
1785794754.428,3286,746467,0,0.00000000,0.00000000,0.00,0,0,-40.27,0.060,-0.1960,0.7840,-0.8820,1.1962,0.153748,-0.460938,0.860596,-0.152649,8.002,77.5,-1
1785794754.682,3287,746695,0,0.00000000,0.00000000,0.00,0,0,-40.36,-0.008,0.1470,-0.1470,0.0980,0.2298,0.153687,-0.460938,0.860596,-0.152649,8.001,77.5,-1
1785794754.936,3288,746911,0,0.00000000,0.00000000,0.00,0,0,-40.48,-0.084,-0.4900,0.2940,-0.2450,0.6217,0.153687,-0.460938,0.860596,-0.152649,8.001,77.5,-1
1785794755.126,3289,747139,0,0.00000000,0.00000000,0.00,0,0,-40.23,0.059,-0.1470,0.6370,-1.6170,1.7442,0.153687,-0.460938,0.860596,-0.152649,8.002,73.8,-1
1785794755.377,3290,747359,0,0.00000000,0.00000000,0.00,0,0,-40.44,-0.073,0.0980,0.0000,-0.0980,0.1386,0.153809,-0.460876,0.860596,-0.152649,8.004,80.0,-1
1785794755.568,3291,747582,0,0.00000000,0.00000000,0.00,0,0,-40.38,-0.039,-0.7840,0.7350,0.0000,1.0747,0.153870,-0.460876,0.860596,-0.152588,8.002,78.8,-1
1785794755.822,3292,747809,0,0.00000000,0.00000000,0.00,0,0,-40.48,-0.098,-0.2450,0.3920,-0.2450,0.5232,0.153809,-0.460876,0.860596,-0.152527,8.005,76.2,-1
1785794756.012,3293,748028,0,0.00000000,0.00000000,0.00,0,0,-40.35,-0.004,0.0490,0.0490,-0.4410,0.4464,0.153809,-0.460876,0.860596,-0.152527,8.002,85.0,-1
1785794756.260,3294,748249,0,0.00000000,0.00000000,0.00,0,0,-40.43,-0.053,-0.3920,0.3920,-0.7840,0.9602,0.153748,-0.460938,0.860596,-0.152527,8.001,78.8,-1
1785794756.447,3295,748474,0,0.00000000,0.00000000,0.00,0,0,-40.39,-0.036,-0.0980,-0.1960,-0.3920,0.4491,0.153687,-0.460938,0.860596,-0.152588,8.002,76.2,-1
1785794756.700,3296,748701,0,0.00000000,0.00000000,0.00,0,0,-40.35,-0.010,-0.6370,0.2450,-0.8820,1.1152,0.153748,-0.460876,0.860596,-0.152588,8.004,77.5,-1
1785794756.890,3297,748917,0,0.00000000,0.00000000,0.00,0,0,-40.45,-0.096,0.1470,-0.0980,0.0980,0.2020,0.153809,-0.460876,0.860596,-0.152588,8.001,80.0,-1
1785794757.139,3298,749143,0,0.00000000,0.00000000,0.00,0,0,-40.40,-0.057,-0.3430,-0.0980,-0.4900,0.6061,0.153748,-0.460876,0.860596,-0.152588,8.005,80.0,-1
1785794757.393,3299,749372,0,0.00000000,0.00000000,0.00,0,0,-40.40,-0.058,-0.1960,0.2940,-0.2450,0.4300,0.153809,-0.460876,0.860596,-0.152710,8.002,80.0,-1
1785794757.582,3300,749594,0,0.00000000,0.00000000,0.00,0,0,-40.43,-0.074,0.2450,0.1470,0.0000,0.2857,0.153809,-0.460876,0.860596,-0.152771,8.002,76.2,-1
1785794757.832,3301,749814,0,0.00000000,0.00000000,0.00,0,0,-40.41,-0.057,0.3920,0.0000,0.3430,0.5209,0.153931,-0.460876,0.860535,-0.152710,8.004,77.5,-1
1785794758.023,3302,750024,0,0.00000000,0.00000000,0.00,0,0,-40.43,-0.082,-0.0490,0.0490,-0.3430,0.3499,0.153931,-0.460876,0.860596,-0.152710,8.002,81.2,-1
1785794758.275,3303,750255,0,0.00000000,0.00000000,0.00,0,0,-40.51,-0.140,-0.1470,0.6860,0.1470,0.7168,0.153870,-0.460876,0.860596,-0.152710,8.001,78.8,-1
1785794758.462,3304,750476,0,0.00000000,0.00000000,0.00,0,0,-40.44,-0.078,-0.0490,0.0980,-0.3920,0.4070,0.153809,-0.460876,0.860596,-0.152710,8.005,78.8,-1
1785794758.648,3305,750676,0,0.00000000,0.00000000,0.00,0,0,-40.38,-0.034,0.1960,0.0980,0.2450,0.3287,0.153809,-0.460876,0.860596,-0.152710,8.002,81.2,-1
1785794758.897,3306,750887,0,0.00000000,0.00000000,0.00,0,0,-40.42,-0.063,0.0980,0.2450,-0.2940,0.3951,0.153809,-0.460876,0.860596,-0.152710,8.004,81.2,-1
1785794759.084,3307,751116,0,0.00000000,0.00000000,0.00,0,0,-40.44,-0.070,-0.1960,0.0980,-0.5390,0.5818,0.153870,-0.460876,0.860596,-0.152649,8.004,76.2,-1
1785794759.332,3308,751334,0,0.00000000,0.00000000,0.00,0,0,-40.42,-0.046,0.1470,0.3430,-0.4900,0.6159,0.153870,-0.460876,0.860596,-0.152710,8.004,80.0,-1
1785794759.520,3309,751557,0,0.00000000,0.00000000,0.00,0,0,-40.41,-0.026,-0.2450,0.3430,-0.3920,0.5756,0.153870,-0.460876,0.860535,-0.152771,8.004,78.8,-1
1785794759.773,3310,751780,0,0.00000000,0.00000000,0.00,0,0,-40.43,-0.022,-0.0980,0.1470,-0.3430,0.3858,0.153809,-0.460876,0.860535,-0.152771,8.005,76.2,-1
1785794759.963,3311,751997,0,0.00000000,0.00000000,0.00,0,0,-40.50,-0.069,-0.0490,0.4410,-0.2940,0.5323,0.153870,-0.460876,0.860596,-0.152710,8.005,77.5,-1
1785794760.212,3312,752218,0,0.00000000,0.00000000,0.00,0,0,-40.38,0.013,0.0490,0.0980,-0.0980,0.1470,0.153870,-0.460876,0.860596,-0.152649,8.005,78.8,-1
1785794760.461,3313,752439,0,0.00000000,0.00000000,0.00,0,0,-40.41,-0.008,-0.1470,-0.1960,0.1470,0.2857,0.153870,-0.460876,0.860596,-0.152649,8.005,77.5,-1
1785794760.650,3314,752661,0,0.00000000,0.00000000,0.00,0,0,-40.44,-0.016,0.0980,0.3920,-0.1960,0.4491,0.153809,-0.460876,0.860596,-0.152649,8.004,77.5,-1
1785794760.899,3315,752901,0,0.00000000,0.00000000,0.00,0,0,-40.48,-0.042,-0.0980,0.3920,-0.5390,0.6736,0.153748,-0.460938,0.860596,-0.152588,8.001,73.8,-1
1785794761.087,3316,753121,0,0.00000000,0.00000000,0.00,0,0,-40.56,-0.081,-0.1470,0.3430,-0.5390,0.6556,0.153748,-0.460938,0.860596,-0.152649,8.006,77.5,-1
1785794761.339,3317,753339,0,0.00000000,0.00000000,0.00,0,0,-40.46,-0.016,0.1470,0.2450,-0.5390,0.6100,0.153809,-0.460876,0.860596,-0.152588,8.002,78.8,-1
1785794761.530,3318,753562,0,0.00000000,0.00000000,0.00,0,0,-40.45,0.013,-0.0980,0.1960,0.1960,0.2940,0.153870,-0.460876,0.860596,-0.152588,8.002,77.5,-1
1785794761.779,3319,753790,0,0.00000000,0.00000000,0.00,0,0,-40.52,-0.023,0.4410,0.1960,0.2940,0.5651,0.153870,-0.460876,0.860596,-0.152588,8.005,81.2,-1
1785794762.028,3320,754006,0,0.00000000,0.00000000,0.00,0,0,-40.51,-0.008,0.3430,-0.6860,-0.0490,0.7685,0.153931,-0.460876,0.860596,-0.152527,8.001,77.5,-1
1785794762.217,3321,754232,0,0.00000000,0.00000000,0.00,0,0,-40.44,0.033,0.2940,0.2450,-0.3920,0.5478,0.153870,-0.460876,0.860596,-0.152588,8.004,80.0,-1
1785794762.466,3322,754455,0,0.00000000,0.00000000,0.00,0,0,-40.40,0.066,0.4900,0.4900,0.3920,0.7962,0.153809,-0.460876,0.860596,-0.152588,8.004,80.0,-1
1785794762.657,3323,754675,0,0.00000000,0.00000000,0.00,0,0,-40.41,0.045,-0.2940,-0.1470,-0.7350,0.8052,0.153870,-0.460876,0.860596,-0.152527,8.004,77.5,-1
1785794762.910,3324,754890,0,0.00000000,0.00000000,0.00,0,0,-40.45,0.008,0.0980,0.3430,-0.2940,0.4623,0.153870,-0.460876,0.860596,-0.152527,8.001,81.2,-1
1785794763.100,3325,755114,0,0.00000000,0.00000000,0.00,0,0,-40.42,0.021,0.0980,0.8820,-0.3430,0.9514,0.153870,-0.460876,0.860596,-0.152466,8.004,82.5,-1
1785794763.351,3326,755331,0,0.00000000,0.00000000,0.00,0,0,-40.51,-0.046,-0.1960,-0.2940,-0.6860,0.7717,0.153809,-0.460876,0.860596,-0.152527,8.001,81.2,-1
1785794763.541,3327,755556,0,0.00000000,0.00000000,0.00,0,0,-40.51,-0.043,0.0000,0.8820,-0.4410,0.9861,0.153809,-0.460876,0.860596,-0.152588,8.004,81.2,-1
1785794763.789,3328,755776,0,0.00000000,0.00000000,0.00,0,0,-40.47,-0.033,-0.1470,0.8820,-0.1470,0.9062,0.153748,-0.460938,0.860596,-0.152588,8.002,78.8,-1
1785794763.977,3329,755993,0,0.00000000,0.00000000,0.00,0,0,-40.51,-0.053,-0.1470,0.2940,-0.9310,0.9873,0.153687,-0.460999,0.860596,-0.152588,8.004,82.5,-1
1785794764.227,3330,756216,0,0.00000000,0.00000000,0.00,0,0,-40.51,-0.057,0.3920,0.1960,0.1470,0.4623,0.153564,-0.460999,0.860596,-0.152649,8.004,81.2,-1
1785794764.416,3331,756437,0,0.00000000,0.00000000,0.00,0,0,-40.50,-0.053,-0.0490,0.1960,-0.1960,0.2815,0.153442,-0.460999,0.860596,-0.152588,8.005,80.0,-1
1785794764.667,3332,756657,0,0.00000000,0.00000000,0.00,0,0,-40.52,-0.064,-0.0980,-0.6860,0.4410,0.8214,0.153320,-0.461060,0.860596,-0.152527,8.002,77.5,-1
1785794764.922,3333,756900,0,0.00000000,0.00000000,0.00,0,0,-40.49,-0.024,-0.1960,0.0000,-0.4900,0.5277,0.153320,-0.461060,0.860596,-0.152588,8.004,80.0,-1
1785794765.109,3334,757125,0,0.00000000,0.00000000,0.00,0,0,-40.51,-0.029,0.0490,0.4410,-0.4900,0.6610,0.153381,-0.461060,0.860596,-0.152649,8.004,78.8,-1
1785794765.363,3335,757350,0,0.00000000,0.00000000,0.00,0,0,-40.59,-0.084,-0.0980,0.9800,-0.9310,1.3553,0.153442,-0.461060,0.860596,-0.152649,8.006,76.2,-1
1785794765.551,3336,757566,0,0.00000000,0.00000000,0.00,0,0,-40.53,-0.051,0.0490,0.4900,-0.4410,0.6610,0.153625,-0.460999,0.860596,-0.152588,8.001,82.5,-1
1785794765.804,3337,757793,0,0.00000000,0.00000000,0.00,0,0,-40.46,-0.008,-0.1470,-0.1960,-0.2450,0.3465,0.153748,-0.460999,0.860596,-0.152588,8.004,75.0,-1
1785794765.994,3338,758011,0,0.00000000,0.00000000,0.00,0,0,-40.53,-0.043,0.0000,0.1470,-0.1960,0.2450,0.153809,-0.460999,0.860596,-0.152527,8.004,78.8,-1
1785794766.244,3339,758228,0,0.00000000,0.00000000,0.00,0,0,-40.65,-0.138,0.2940,0.1470,-0.0980,0.3430,0.153870,-0.460938,0.860596,-0.152527,8.001,78.8,-1
1785794766.429,3340,758450,0,0.00000000,0.00000000,0.00,0,0,-40.56,-0.065,0.1960,-0.0980,-0.3430,0.4070,0.153870,-0.460938,0.860535,-0.152527,8.004,76.2,-1
1785794766.679,3341,758673,0,0.00000000,0.00000000,0.00,0,0,-40.57,-0.066,0.1960,-0.2450,-0.4410,0.5412,0.153870,-0.460938,0.860535,-0.152649,8.005,72.5,-1
1785794766.927,3342,758914,0,0.00000000,0.00000000,0.00,0,0,-40.60,-0.080,-0.0980,0.4900,-0.7840,0.9297,0.153870,-0.460999,0.860535,-0.152649,8.002,77.5,-1
1785794767.117,3343,759141,0,0.00000000,0.00000000,0.00,0,0,-40.46,0.018,-0.0980,0.6370,-0.0490,0.6464,0.153809,-0.460999,0.860535,-0.152649,8.000,85.0,-1
1785794767.369,3344,759361,0,0.00000000,0.00000000,0.00,0,0,-40.48,0.008,-0.2450,0.4900,-0.3920,0.6736,0.153809,-0.460999,0.860535,-0.152710,8.001,85.0,-1
1785794767.558,3345,759584,0,0.00000000,0.00000000,0.00,0,0,-40.52,-0.014,-0.0980,-0.3430,0.2940,0.4623,0.153870,-0.460999,0.860535,-0.152649,8.002,75.0,-1
1785794767.809,3346,759807,0,0.00000000,0.00000000,0.00,0,0,-40.50,0.013,0.3430,0.0000,-0.4410,0.5587,0.153931,-0.460938,0.860535,-0.152710,8.001,80.0,-1
1785794767.997,3347,760026,0,0.00000000,0.00000000,0.00,0,0,-40.58,-0.054,0.3430,0.3430,-0.1470,0.5069,0.153931,-0.460938,0.860535,-0.152771,8.002,80.0,-1
1785794768.248,3348,760247,0,0.00000000,0.00000000,0.00,0,0,-40.46,0.027,0.0980,0.1960,0.2940,0.3667,0.153931,-0.460938,0.860535,-0.152771,8.001,78.8,-1
1785794768.437,3349,760464,0,0.00000000,0.00000000,0.00,0,0,-40.54,-0.018,-0.0490,0.5880,-1.2740,1.4040,0.153809,-0.460999,0.860535,-0.152771,8.002,80.0,-1
1785794768.689,3350,760687,0,0.00000000,0.00000000,0.00,0,0,-40.54,-0.026,-0.3430,0.2940,-0.4900,0.6665,0.153748,-0.460999,0.860535,-0.152710,8.005,80.0,-1
1785794768.880,3351,760900,0,0.00000000,0.00000000,0.00,0,0,-40.48,0.006,-0.4900,0.4410,-0.9800,1.1811,0.153748,-0.460999,0.860535,-0.152710,8.002,76.2,-1
1785794769.132,3352,761124,0,0.00000000,0.00000000,0.00,0,0,-40.50,0.007,0.3430,0.3920,-0.1960,0.5565,0.153870,-0.460999,0.860535,-0.152710,8.000,82.5,-1
1785794769.318,3353,761347,0,0.00000000,0.00000000,0.00,0,0,-40.64,-0.079,0.2940,-0.0980,-0.1470,0.3430,0.153931,-0.460938,0.860535,-0.152649,8.001,83.8,-1
1785794769.570,3354,761569,0,0.00000000,0.00000000,0.00,0,0,-40.61,-0.080,0.7350,0.7840,0.3920,1.1439,0.153931,-0.460938,0.860535,-0.152649,8.002,81.2,-1
1785794769.755,3355,761786,0,0.00000000,0.00000000,0.00,0,0,-40.45,0.035,0.3920,0.2450,0.1960,0.5021,0.153870,-0.460999,0.860535,-0.152649,8.001,85.0,-1
1785794770.003,3356,761997,0,0.00000000,0.00000000,0.00,0,0,-40.52,-0.021,0.0000,-0.0490,0.3920,0.3951,0.153748,-0.460999,0.860535,-0.152710,8.002,80.0,-1
1785794770.193,3357,762220,0,0.00000000,0.00000000,0.00,0,0,-40.50,0.009,0.2450,0.4900,0.0000,0.5478,0.153687,-0.460999,0.860535,-0.152710,8.002,73.8,-1
1785794770.442,3358,762443,0,0.00000000,0.00000000,0.00,0,0,-40.46,0.043,-0.6370,0.5390,-0.4900,0.9677,0.153625,-0.460999,0.860535,-0.152710,8.001,72.5,-1
1785794770.690,3359,762669,0,0.00000000,0.00000000,0.00,0,0,-40.61,-0.057,0.6860,0.4900,0.8820,1.2201,0.153687,-0.460999,0.860535,-0.152649,8.002,81.2,-1
1785794770.878,3360,762913,0,0.00000000,0.00000000,0.00,0,0,-40.60,-0.056,-0.1470,0.3920,-0.1470,0.4437,0.153748,-0.460999,0.860535,-0.152649,8.001,77.5,-1
1785794771.129,3361,763141,0,0.00000000,0.00000000,0.00,0,0,-40.57,-0.027,0.2450,-0.0980,-0.3430,0.4328,0.153870,-0.460938,0.860535,-0.152588,8.002,78.8,-1
1785794771.378,3362,763361,0,0.00000000,0.00000000,0.00,0,0,-40.51,0.027,0.2450,-0.1470,-0.3430,0.4464,0.153870,-0.460999,0.860535,-0.152649,8.002,81.2,-1
1785794771.565,3363,763586,0,0.00000000,0.00000000,0.00,0,0,-40.63,-0.043,-0.6860,0.4900,-0.5880,1.0278,0.153809,-0.460999,0.860535,-0.152649,8.002,76.2,-1
1785794771.819,3364,763811,0,0.00000000,0.00000000,0.00,0,0,-40.62,-0.031,1.0290,-1.0290,-0.1470,1.4626,0.153809,-0.460999,0.860535,-0.152649,8.001,80.0,-1
1785794772.010,3365,764021,0,0.00000000,0.00000000,0.00,0,0,-40.63,-0.055,1.2740,-0.3920,1.1760,1.7776,0.153748,-0.460999,0.860535,-0.152649,8.002,80.0,-1
1785794772.263,3366,764243,0,0.00000000,0.00000000,0.00,0,0,-40.65,-0.067,0.3430,-0.0980,0.8330,0.9062,0.153870,-0.460999,0.860535,-0.152649,8.002,76.2,-1
1785794772.451,3367,764461,0,0.00000000,0.00000000,0.00,0,0,-40.57,-0.027,0.1470,-0.2450,-1.2740,1.3056,0.153931,-0.460938,0.860535,-0.152710,8.001,77.5,-1
1785794772.701,3368,764682,0,0.00000000,0.00000000,0.00,0,0,-40.52,0.024,0.2940,0.0000,-0.2940,0.4158,0.153809,-0.460999,0.860535,-0.152710,8.001,75.0,-1
1785794772.889,3369,764896,0,0.00000000,0.00000000,0.00,0,0,-40.52,0.006,-0.1470,0.3920,0.3430,0.5412,0.153748,-0.460938,0.860535,-0.152710,8.001,76.2,-1
1785794773.079,3370,765115,0,0.00000000,0.00000000,0.00,0,0,-40.52,0.006,0.0000,-0.0490,-0.4410,0.4437,0.153870,-0.460876,0.860596,-0.152710,8.002,78.8,-1
1785794773.332,3371,765334,0,0.00000000,0.00000000,0.00,0,0,-40.47,0.024,-0.3430,0.0000,-0.3430,0.4851,0.153809,-0.460876,0.860596,-0.152771,8.000,78.8,-1
1785794773.522,3372,765557,0,0.00000000,0.00000000,0.00,0,0,-40.70,-0.109,0.3920,0.2450,-0.3430,0.5756,0.153748,-0.460876,0.860596,-0.152710,8.001,75.0,-1
1785794773.774,3373,765779,0,0.00000000,0.00000000,0.00,0,0,-40.70,-0.104,-0.3920,0.4410,0.0490,0.5921,0.153687,-0.460876,0.860596,-0.152710,8.002,78.8,-1
1785794773.958,3374,765994,0,0.00000000,0.00000000,0.00,0,0,-40.69,-0.091,-0.4900,0.0490,-0.1470,0.5139,0.153625,-0.460876,0.860657,-0.152649,8.000,83.8,-1
1785794774.210,3375,766217,0,0.00000000,0.00000000,0.00,0,0,-40.65,-0.067,-0.1960,0.5880,0.0490,0.6217,0.153564,-0.460876,0.860657,-0.152588,8.000,81.2,-1
1785794774.462,3376,766437,0,0.00000000,0.00000000,0.00,0,0,-40.69,-0.069,0.5390,-0.0490,-0.5390,0.7638,0.153564,-0.460876,0.860657,-0.152588,8.000,80.0,-1
1785794774.652,3377,766659,0,0.00000000,0.00000000,0.00,0,0,-40.65,-0.036,-0.0490,0.0980,0.1470,0.1833,0.153564,-0.460876,0.860657,-0.152649,8.004,81.2,-1
1785794774.905,3378,766903,0,0.00000000,0.00000000,0.00,0,0,-40.66,-0.044,-0.2940,0.6860,-1.4210,1.6051,0.153564,-0.460876,0.860657,-0.152710,8.005,81.2,-1
1785794775.096,3379,767128,0,0.00000000,0.00000000,0.00,0,0,-40.64,-0.024,0.1960,0.3920,-0.6370,0.7732,0.153564,-0.460876,0.860657,-0.152710,8.001,76.2,-1
1785794775.351,3380,767349,0,0.00000000,0.00000000,0.00,0,0,-40.76,-0.094,-0.0490,0.4900,0.0490,0.4949,0.153503,-0.460876,0.860657,-0.152649,8.004,80.0,-1
1785794775.541,3381,767569,0,0.00000000,0.00000000,0.00,0,0,-40.63,-0.011,0.0980,0.2450,-0.1960,0.3287,0.153503,-0.460876,0.860657,-0.152588,8.004,82.5,-1
1785794775.793,3382,767794,0,0.00000000,0.00000000,0.00,0,0,-40.65,-0.018,0.1960,-0.1470,-0.3430,0.4215,0.153564,-0.460876,0.860657,-0.152588,8.005,77.5,-1
1785794775.983,3383,768012,0,0.00000000,0.00000000,0.00,0,0,-40.61,0.022,-1.0290,0.5880,-0.8820,1.4773,0.153564,-0.460876,0.860657,-0.152649,8.004,75.0,-1
1785794776.237,3384,768233,0,0.00000000,0.00000000,0.00,0,0,-40.69,-0.028,0.1960,0.1470,-0.5390,0.5921,0.153564,-0.460876,0.860657,-0.152649,8.004,71.2,-1
1785794776.428,3385,768456,0,0.00000000,0.00000000,0.00,0,0,-40.59,0.032,-0.0490,0.3920,-1.1760,1.2406,0.153625,-0.460876,0.860657,-0.152649,8.005,80.0,-1
1785794776.680,3386,768685,0,0.00000000,0.00000000,0.00,0,0,-40.69,-0.026,0.3920,0.3430,-0.2450,0.5756,0.153564,-0.460876,0.860657,-0.152588,8.002,72.5,-1
1785794776.930,3387,768907,0,0.00000000,0.00000000,0.00,0,0,-40.70,-0.017,0.0980,0.4410,-0.1470,0.4751,0.153625,-0.460876,0.860657,-0.152588,8.004,81.2,-1
1785794777.117,3388,769134,0,0.00000000,0.00000000,0.00,0,0,-40.78,-0.079,0.2450,0.3920,0.3920,0.6061,0.153625,-0.460876,0.860657,-0.152649,8.004,76.2,-1
1785794777.367,3389,769355,0,0.00000000,0.00000000,0.00,0,0,-40.77,-0.044,0.0490,0.0000,-0.4410,0.4437,0.153625,-0.460876,0.860657,-0.152649,8.001,83.8,-1
1785794777.556,3390,769579,0,0.00000000,0.00000000,0.00,0,0,-40.72,-0.008,0.5390,0.0490,-0.0490,0.5434,0.153625,-0.460876,0.860657,-0.152649,8.004,73.8,-1
1785794777.806,3391,769805,0,0.00000000,0.00000000,0.00,0,0,-40.74,-0.027,0.4900,0.3920,0.0000,0.6275,0.153625,-0.460876,0.860657,-0.152649,8.002,75.0,-1
1785794777.993,3392,770018,0,0.00000000,0.00000000,0.00,0,0,-40.79,-0.062,0.0980,0.1960,-1.0780,1.1000,0.153625,-0.460876,0.860657,-0.152649,8.002,77.5,-1
1785794778.243,3393,770240,0,0.00000000,0.00000000,0.00,0,0,-40.80,-0.068,-0.0490,0.1960,-0.2450,0.3176,0.153625,-0.460876,0.860657,-0.152649,8.004,77.5,-1
1785794778.432,3394,770468,0,0.00000000,0.00000000,0.00,0,0,-40.78,-0.058,0.1470,0.0490,-0.8330,0.8473,0.153625,-0.460876,0.860657,-0.152649,8.005,80.0,-1
1785794778.682,3395,770688,0,0.00000000,0.00000000,0.00,0,0,-40.73,-0.010,0.1470,-0.4410,-0.0980,0.4751,0.153625,-0.460876,0.860657,-0.152588,8.005,82.5,-1
1785794778.870,3396,770899,0,0.00000000,0.00000000,0.00,0,0,-40.75,-0.048,0.0490,0.0490,-0.6860,0.6895,0.153564,-0.460876,0.860657,-0.152527,8.004,75.0,-1
1785794779.120,3397,771121,0,0.00000000,0.00000000,0.00,0,0,-40.56,0.088,0.1960,0.9800,-0.8820,1.3329,0.153503,-0.460876,0.860657,-0.152527,8.004,76.2,-1
1785794779.311,3398,771348,0,0.00000000,0.00000000,0.00,0,0,-40.72,-0.027,0.0490,0.1470,-0.2940,0.3323,0.153503,-0.460876,0.860657,-0.152527,8.002,80.0,-1
1785794779.529,3399,771567,0,0.00000000,0.00000000,0.00,0,0,-40.79,-0.057,0.4410,-0.0490,0.0000,0.4437,0.153503,-0.460876,0.860657,-0.152466,8.000,86.2,-1
1785794779.768,3400,771792,0,0.00000000,0.00000000,0.00,0,0,-40.78,-0.052,0.1960,0.0490,-0.4900,0.5300,0.153503,-0.460876,0.860657,-0.152466,8.004,81.2,-1
1785794780.021,3401,772009,0,0.00000000,0.00000000,0.00,0,0,-40.76,-0.020,0.3430,0.1470,0.3430,0.5069,0.153503,-0.460876,0.860718,-0.152466,8.005,81.2,-1
1785794780.210,3402,772229,0,0.00000000,0.00000000,0.00,0,0,-40.87,-0.068,-0.6370,0.0490,-1.1270,1.2955,0.153503,-0.460876,0.860718,-0.152466,8.000,82.5,-1
1785794780.461,3403,772452,0,0.00000000,0.00000000,0.00,0,0,-40.81,-0.015,0.2940,0.0980,0.0490,0.3138,0.153503,-0.460876,0.860718,-0.152466,8.002,80.0,-1
1785794780.652,3404,772680,0,0.00000000,0.00000000,0.00,0,0,-40.82,-0.031,0.3920,0.3430,-0.2450,0.5756,0.153503,-0.460876,0.860718,-0.152405,8.005,81.2,-1
1785794780.907,3405,772890,0,0.00000000,0.00000000,0.00,0,0,-40.76,0.016,0.1470,0.1960,-0.1470,0.2857,0.153503,-0.460876,0.860718,-0.152405,8.000,80.0,-1
1785794781.096,3406,773113,0,0.00000000,0.00000000,0.00,0,0,-40.85,-0.046,0.6370,0.2450,0.1960,0.7101,0.153381,-0.460876,0.860718,-0.152466,8.005,77.5,-1
1785794781.347,3407,773336,0,0.00000000,0.00000000,0.00,0,0,-40.75,0.037,0.3430,0.1960,-0.2450,0.4649,0.153381,-0.460876,0.860718,-0.152527,8.004,78.8,-1
1785794781.535,3408,773561,0,0.00000000,0.00000000,0.00,0,0,-40.94,-0.087,0.0490,0.0490,-0.0980,0.1200,0.153381,-0.460876,0.860718,-0.152527,8.004,81.2,-1
1785794781.785,3409,773784,0,0.00000000,0.00000000,0.00,0,0,-40.91,-0.061,0.0980,0.2940,-0.8820,0.9349,0.153381,-0.460876,0.860718,-0.152466,8.004,75.0,-1
1785794781.973,3410,773997,0,0.00000000,0.00000000,0.00,0,0,-40.87,-0.026,0.0490,0.4900,-0.5390,0.7301,0.153442,-0.460876,0.860718,-0.152466,8.002,80.0,-1
1785794782.226,3411,774222,0,0.00000000,0.00000000,0.00,0,0,-41.00,-0.109,-0.0490,0.2940,-0.2940,0.4187,0.153503,-0.460876,0.860657,-0.152527,8.002,78.8,-1
1785794782.417,3412,774446,0,0.00000000,0.00000000,0.00,0,0,-40.87,-0.020,0.0000,0.0000,0.0490,0.0490,0.153503,-0.460876,0.860657,-0.152588,8.002,81.2,-1
1785794782.671,3413,774668,0,0.00000000,0.00000000,0.00,0,0,-40.90,-0.012,-0.0980,0.2940,-0.0980,0.3250,0.153503,-0.460876,0.860657,-0.152710,8.002,78.8,-1
1785794782.857,3414,774889,0,0.00000000,0.00000000,0.00,0,0,-40.96,-0.074,0.0980,0.2450,-0.2940,0.3951,0.153564,-0.460876,0.860657,-0.152710,8.002,77.5,-1
1785794783.109,3415,775117,0,0.00000000,0.00000000,0.00,0,0,-40.96,-0.054,0.0000,0.3430,-0.2940,0.4518,0.153564,-0.460876,0.860596,-0.152710,8.004,76.2,-1
1785794783.358,3416,775339,0,0.00000000,0.00000000,0.00,0,0,-40.98,-0.043,0.3920,0.8330,0.3430,0.9824,0.153564,-0.460815,0.860657,-0.152771,8.002,78.8,-1
1785794783.548,3417,775568,0,0.00000000,0.00000000,0.00,0,0,-40.88,0.006,0.0490,0.0980,-0.0980,0.1470,0.153442,-0.460876,0.860657,-0.152710,8.005,77.5,-1
1785794783.801,3418,775786,0,0.00000000,0.00000000,0.00,0,0,-40.87,0.009,0.1960,-0.2940,-0.4900,0.6041,0.153381,-0.460815,0.860718,-0.152771,8.002,81.2,-1
1785794783.992,3419,776000,0,0.00000000,0.00000000,0.00,0,0,-40.96,-0.041,-0.6860,0.3920,-0.6860,1.0464,0.153320,-0.460876,0.860657,-0.152771,8.004,80.0,-1
1785794784.245,3420,776227,0,0.00000000,0.00000000,0.00,0,0,-40.96,-0.022,0.0980,0.3920,0.0980,0.4158,0.153442,-0.460876,0.860657,-0.152771,8.001,81.2,-1
1785794784.434,3421,776448,0,0.00000000,0.00000000,0.00,0,0,-41.01,-0.048,0.2940,0.1470,-0.2940,0.4410,0.153564,-0.460815,0.860657,-0.152893,8.002,81.2,-1
1785794784.689,3422,776672,0,0.00000000,0.00000000,0.00,0,0,-40.93,0.023,-0.0490,0.4410,-0.0490,0.4464,0.153503,-0.460815,0.860657,-0.152893,8.001,77.5,-1
1785794784.878,3423,776891,0,0.00000000,0.00000000,0.00,0,0,-41.07,-0.044,0.0000,0.0490,-0.5390,0.5412,0.153442,-0.460876,0.860657,-0.152771,8.001,77.5,-1
1785794785.132,3424,777113,0,0.00000000,0.00000000,0.00,0,0,-41.03,-0.025,0.0490,0.1960,-0.3920,0.4410,0.153564,-0.460938,0.860596,-0.152832,8.002,76.2,-1
1785794785.322,3425,777340,0,0.00000000,0.00000000,0.00,0,0,-40.94,0.034,-0.0490,0.2940,-0.2450,0.3858,0.153687,-0.460999,0.860535,-0.152893,8.000,78.8,-1
1785794785.575,3426,777562,0,0.00000000,0.00000000,0.00,0,0,-40.90,0.069,-0.1960,0.7840,-0.9310,1.2328,0.153625,-0.460876,0.860596,-0.152649,8.004,76.2,-1
1785794785.766,3427,777781,0,0.00000000,0.00000000,0.00,0,0,-40.85,0.101,0.0490,0.2450,-0.9800,1.0113,0.153442,-0.460938,0.860657,-0.152588,8.005,75.0,-1
1785794786.018,3428,777996,0,0.00000000,0.00000000,0.00,0,0,-41.00,0.015,0.3920,-0.2450,-1.1270,1.2181,0.153503,-0.460999,0.860596,-0.152649,8.004,76.2,-1
1785794786.206,3429,778224,0,0.00000000,0.00000000,0.00,0,0,-41.01,0.022,0.5880,-0.0980,0.1470,0.6140,0.153625,-0.460999,0.860596,-0.152649,8.002,80.0,-1
1785794786.457,3430,778444,0,0.00000000,0.00000000,0.00,0,0,-41.03,0.015,-0.0490,0.5880,-0.6370,0.8683,0.153564,-0.460938,0.860596,-0.152649,8.002,80.0,-1
1785794786.644,3431,778662,0,0.00000000,0.00000000,0.00,0,0,-41.06,-0.018,0.4410,-0.3920,-0.0490,0.5921,0.153442,-0.460999,0.860596,-0.152649,8.004,77.5,-1
1785794790.035,3432,782051,0,0.00000000,0.00000000,0.00,0,0,-40.98,-0.176,0.2940,0.1470,-0.0490,0.3323,0.153503,-0.461060,0.860535,-0.152771,7.989,278.8,-1
1785794790.289,3433,782271,0,0.00000000,0.00000000,0.00,0,0,-41.27,-0.203,-0.1960,0.3430,-0.0490,0.3981,0.153687,-0.460999,0.860535,-0.152832,7.988,322.5,-1
1785794790.475,3434,782490,0,0.00000000,0.00000000,0.00,0,0,-41.25,-0.200,-0.5880,1.0290,-0.6370,1.3455,0.153503,-0.460876,0.860657,-0.152710,7.990,277.5,-1
1785794790.728,3435,782711,0,0.00000000,0.00000000,0.00,0,0,-41.16,-0.101,0.2940,0.4410,-0.2450,0.5839,0.153564,-0.460876,0.860657,-0.152649,7.988,262.5,-1
1785794790.912,3436,782922,0,0.00000000,0.00000000,0.00,0,0,-41.17,-0.096,-0.2940,0.0980,0.3430,0.4623,0.153625,-0.460876,0.860657,-0.152710,7.992,245.0,-1
1785794791.160,3437,783141,0,0.00000000,0.00000000,0.00,0,0,-41.16,-0.089,0.0980,0.7350,0.1960,0.7670,0.153503,-0.460876,0.860596,-0.152710,7.986,245.0,-1
1785794791.350,3438,783362,0,0.00000000,0.00000000,0.00,0,0,-41.33,-0.204,0.1960,0.1960,-0.4410,0.5209,0.153381,-0.460876,0.860657,-0.152649,7.994,207.5,-1
1785794791.603,3439,783584,0,0.00000000,0.00000000,0.00,0,0,-41.22,-0.114,-0.8330,0.5390,-0.4900,1.1066,0.153381,-0.460876,0.860718,-0.152649,8.001,192.5,-1
1785794791.789,3440,783804,0,0.00000000,0.00000000,0.00,0,0,-41.18,-0.053,-0.0490,0.2940,-0.0490,0.3021,0.153259,-0.460938,0.860657,-0.152649,7.988,195.0,-1
1785794792.037,3441,784013,0,0.00000000,0.00000000,0.00,0,0,-41.26,-0.090,0.6370,0.5390,0.1470,0.8473,0.153198,-0.460938,0.860718,-0.152588,7.988,260.0,-1
1785794792.223,3442,784236,0,0.00000000,0.00000000,0.00,0,0,-41.16,0.003,0.4410,0.0980,-0.5880,0.7415,0.153137,-0.460999,0.860718,-0.152466,8.010,205.0,-1
1785794792.472,3443,784457,0,0.00000000,0.00000000,0.00,0,0,-41.17,-0.023,-0.2450,0.7350,-0.8820,1.1740,0.153137,-0.460999,0.860718,-0.152344,8.004,171.2,-1
1785794792.660,3444,784685,0,0.00000000,0.00000000,0.00,0,0,-41.18,-0.028,-0.1470,-0.4900,-1.3720,1.4643,0.153320,-0.460938,0.860657,-0.152466,7.986,273.8,-1
1785794792.914,3445,784897,0,0.00000000,0.00000000,0.00,0,0,-41.22,-0.049,-0.4900,0.5880,0.0000,0.7654,0.153320,-0.460938,0.860657,-0.152527,7.995,272.5,-1
1785794793.104,3446,785119,0,0.00000000,0.00000000,0.00,0,0,-41.30,-0.081,-0.2940,-0.4410,-0.4410,0.6895,0.153381,-0.460999,0.860657,-0.152649,7.997,263.8,-1
1785794793.356,3447,785348,0,0.00000000,0.00000000,0.00,0,0,-41.22,-0.017,0.0980,0.3920,-0.6860,0.7962,0.153442,-0.460938,0.860657,-0.152649,7.984,267.5,-1
1785794793.547,3448,785571,0,0.00000000,0.00000000,0.00,0,0,-41.24,-0.017,-0.8330,0.9310,0.2450,1.2731,0.153442,-0.460938,0.860657,-0.152588,8.001,193.8,-1
1785794793.799,3449,785797,0,0.00000000,0.00000000,0.00,0,0,-41.38,-0.107,-1.0780,1.8620,-1.4210,2.5784,0.153442,-0.460938,0.860657,-0.152649,7.994,247.5,-1
1785794793.988,3450,786010,0,0.00000000,0.00000000,0.00,0,0,-41.22,-0.012,0.3430,0.3920,0.3430,0.6237,0.153381,-0.460999,0.860596,-0.152710,7.988,215.0,-1
1785794794.240,3451,786234,0,0.00000000,0.00000000,0.00,0,0,-41.34,-0.073,-0.6370,0.6860,-1.1760,1.5031,0.153381,-0.460999,0.860596,-0.152710,7.996,195.0,-1
1785794794.429,3452,786458,0,0.00000000,0.00000000,0.00,0,0,-41.27,-0.008,-0.0980,0.0980,-0.2450,0.2815,0.153320,-0.460999,0.860596,-0.152710,7.989,211.2,-1
1785794794.684,3453,786681,0,0.00000000,0.00000000,0.00,0,0,-41.21,0.033,0.6860,-0.9800,0.4900,1.2927,0.153320,-0.461060,0.860596,-0.152710,7.995,166.2,-1
1785794794.874,3454,786898,0,0.00000000,0.00000000,0.00,0,0,-41.29,-0.024,0.2940,-0.0490,-0.3430,0.4544,0.153259,-0.461060,0.860596,-0.152710,7.991,225.0,-1
1785794795.129,3455,787122,0,0.00000000,0.00000000,0.00,0,0,-41.38,-0.059,-0.0490,0.7840,-1.0290,1.2946,0.153259,-0.461060,0.860596,-0.152710,7.995,230.0,-1
1785794795.319,3456,787340,0,0.00000000,0.00000000,0.00,0,0,-41.41,-0.072,0.2450,0.2940,0.4410,0.5839,0.153259,-0.461060,0.860596,-0.152710,8.011,141.2,-1
1785794795.574,3457,787560,0,0.00000000,0.00000000,0.00,0,0,-41.42,-0.077,-0.4410,-0.3430,-1.7640,1.8504,0.153198,-0.461060,0.860596,-0.152710,7.988,238.8,-1
1785794795.761,3458,787783,0,0.00000000,0.00000000,0.00,0,0,-41.42,-0.049,-0.0490,0.3430,-0.7350,0.8126,0.153198,-0.461060,0.860596,-0.152710,7.983,253.8,-1
1785794796.015,3459,788000,0,0.00000000,0.00000000,0.00,0,0,-41.43,-0.033,-0.1470,0.2450,-1.7640,1.7870,0.153137,-0.461060,0.860596,-0.152649,7.983,237.5,-1
1785794796.205,3460,788226,0,0.00000000,0.00000000,0.00,0,0,-41.37,-0.022,0.3430,0.3430,0.3920,0.6237,0.153198,-0.461060,0.860596,-0.152649,7.994,251.2,-1
1785794796.391,3461,788426,0,0.00000000,0.00000000,0.00,0,0,-41.39,-0.031,0.3430,0.2450,-0.0490,0.4244,0.153320,-0.460999,0.860596,-0.152649,8.001,108.8,-1
1785794796.644,3462,788654,0,0.00000000,0.00000000,0.00,0,0,-41.35,-0.016,0.1470,0.0000,-0.2450,0.2857,0.153320,-0.460999,0.860596,-0.152710,8.002,72.5,-1
1785794796.895,3463,788899,0,0.00000000,0.00000000,0.00,0,0,-41.36,-0.034,0.3430,0.0490,0.1470,0.3764,0.153320,-0.461060,0.860596,-0.152710,8.009,77.5,-1
1785794797.147,3464,789123,0,0.00000000,0.00000000,0.00,0,0,-41.49,-0.117,-0.0980,0.3430,-0.5390,0.6464,0.153320,-0.461060,0.860596,-0.152771,8.001,86.2,-1
1785794797.336,3465,789346,0,0.00000000,0.00000000,0.00,0,0,-41.48,-0.086,-0.3430,1.2740,-1.0780,1.7038,0.153320,-0.461060,0.860596,-0.152771,8.002,82.5,-1
1785794797.590,3466,789566,0,0.00000000,0.00000000,0.00,0,0,-41.43,-0.035,0.0000,0.1960,-0.3920,0.4383,0.153320,-0.460999,0.860596,-0.152771,8.002,85.0,-1
1785794797.780,3467,789787,0,0.00000000,0.00000000,0.00,0,0,-41.40,-0.014,-0.3430,0.6860,-0.6860,1.0290,0.153259,-0.461060,0.860596,-0.152832,8.005,80.0,-1
1785794798.029,3468,790005,0,0.00000000,0.00000000,0.00,0,0,-41.52,-0.076,0.4410,0.2940,-0.8330,0.9873,0.153320,-0.461060,0.860535,-0.152893,8.002,85.0,-1
1785794798.216,3469,790229,0,0.00000000,0.00000000,0.00,0,0,-41.47,-0.018,0.1470,-0.3430,-0.7350,0.8243,0.153381,-0.460999,0.860535,-0.152893,8.004,80.0,-1
1785794798.468,3470,790447,0,0.00000000,0.00000000,0.00,0,0,-41.55,-0.073,-1.5190,0.8330,-1.9600,2.6159,0.153381,-0.461060,0.860535,-0.152832,8.001,82.5,-1
1785794798.657,3471,790669,0,0.00000000,0.00000000,0.00,0,0,-41.58,-0.076,0.4410,0.0490,0.3430,0.5608,0.153259,-0.461060,0.860596,-0.152649,8.004,82.5,-1
1785794798.910,3472,790886,0,0.00000000,0.00000000,0.00,0,0,-41.44,0.005,0.0000,0.2450,-0.0490,0.2499,0.153320,-0.461060,0.860596,-0.152588,8.001,83.8,-1
1785794799.097,3473,791109,0,0.00000000,0.00000000,0.00,0,0,-41.58,-0.081,0.0980,0.0490,-0.2940,0.3138,0.153381,-0.461060,0.860596,-0.152710,8.004,78.8,-1
1785794799.349,3474,791328,0,0.00000000,0.00000000,0.00,0,0,-41.57,-0.038,-0.0980,0.5390,-0.0490,0.5500,0.153320,-0.461121,0.860535,-0.152771,8.001,83.8,-1
1785794799.539,3475,791551,0,0.00000000,0.00000000,0.00,0,0,-41.49,0.007,-0.1470,0.2940,0.0490,0.3323,0.153320,-0.461060,0.860596,-0.152710,8.002,82.5,-1
1785794799.788,3476,791770,0,0.00000000,0.00000000,0.00,0,0,-41.57,-0.047,0.0980,0.1470,-0.1470,0.2298,0.153259,-0.461060,0.860596,-0.152710,8.002,81.2,-1
1785794799.974,3477,791984,0,0.00000000,0.00000000,0.00,0,0,-41.50,-0.002,-0.2940,-0.5880,-0.1470,0.6736,0.153381,-0.461060,0.860596,-0.152710,8.002,76.2,-1
1785794800.225,3478,792210,0,0.00000000,0.00000000,0.00,0,0,-41.42,0.059,1.0780,0.2940,-0.2940,1.1554,0.153381,-0.461060,0.860535,-0.152771,8.001,83.8,-1
1785794800.411,3479,792432,0,0.00000000,0.00000000,0.00,0,0,-41.51,-0.014,0.8820,-0.7350,0.3430,1.1982,0.153442,-0.461060,0.860535,-0.152771,8.001,77.5,-1
1785794800.662,3480,792655,0,0.00000000,0.00000000,0.00,0,0,-41.45,0.038,0.1470,0.2450,-0.1470,0.3213,0.153503,-0.461060,0.860535,-0.152710,8.004,78.8,-1
1785794800.911,3481,792907,0,0.00000000,0.00000000,0.00,0,0,-41.45,0.031,0.2450,0.0980,-0.3920,0.4725,0.153503,-0.460999,0.860535,-0.152710,8.002,81.2,-1
1785794801.098,3482,793132,0,0.00000000,0.00000000,0.00,0,0,-41.52,-0.022,0.3430,0.0000,0.7840,0.8557,0.153503,-0.461060,0.860596,-0.152710,8.001,82.5,-1
1785794801.348,3483,793356,0,0.00000000,0.00000000,0.00,0,0,-41.44,0.030,-0.3430,-0.0490,-0.7350,0.8126,0.153442,-0.460999,0.860596,-0.152771,8.005,82.5,-1
1785794801.596,3484,793577,0,0.00000000,0.00000000,0.00,0,0,-41.28,0.126,0.5390,0.1960,0.0000,0.5735,0.153442,-0.460999,0.860596,-0.152710,8.001,78.8,-1
1785794801.785,3485,793799,0,0.00000000,0.00000000,0.00,0,0,-41.22,0.155,0.0490,0.5880,-0.3920,0.7084,0.153625,-0.460938,0.860596,-0.152710,8.002,80.0,-1
1785794802.034,3486,794017,0,0.00000000,0.00000000,0.00,0,0,-41.24,0.089,-0.9800,1.2740,-1.9110,2.4971,0.153625,-0.460876,0.860596,-0.152710,8.006,78.8,-1
1785794802.224,3487,794235,0,0.00000000,0.00000000,0.00,0,0,-41.08,0.162,-0.0980,0.1960,-0.1960,0.2940,0.153687,-0.460938,0.860596,-0.152649,8.004,81.2,-1
1785794802.472,3488,794455,0,0.00000000,0.00000000,0.00,0,0,-41.04,0.172,0.2940,-0.0980,0.0000,0.3099,0.153625,-0.460938,0.860596,-0.152710,8.004,82.5,-1
1785794802.657,3489,794676,0,0.00000000,0.00000000,0.00,0,0,-40.98,0.203,0.9800,0.1470,1.2740,1.6140,0.153625,-0.460938,0.860596,-0.152649,8.005,80.0,-1
1785794802.908,3490,794888,0,0.00000000,0.00000000,0.00,0,0,-41.13,0.122,0.3430,0.0980,-0.4900,0.6061,0.153564,-0.460999,0.860596,-0.152710,8.001,75.0,-1
1785794803.097,3491,795107,0,0.00000000,0.00000000,0.00,0,0,-41.10,0.110,-0.0980,0.4410,-0.1960,0.4924,0.153503,-0.460999,0.860596,-0.152710,8.005,77.5,-1
1785794803.351,3492,795329,0,0.00000000,0.00000000,0.00,0,0,-40.98,0.150,0.0980,0.0980,0.1470,0.2020,0.153442,-0.460999,0.860596,-0.152710,8.001,80.0,-1
1785794803.542,3493,795550,0,0.00000000,0.00000000,0.00,0,0,-40.92,0.177,-0.2450,0.3920,-0.1470,0.4851,0.153442,-0.460999,0.860596,-0.152710,8.004,80.0,-1
1785794803.793,3494,795769,0,0.00000000,0.00000000,0.00,0,0,-40.87,0.180,-0.0980,0.5880,0.2940,0.6647,0.153442,-0.460999,0.860596,-0.152710,8.002,77.5,-1
1785794803.981,3495,795979,0,0.00000000,0.00000000,0.00,0,0,-40.73,0.245,-0.1470,0.2940,-0.3920,0.5116,0.153442,-0.460999,0.860596,-0.152710,8.000,82.5,-1
1785794804.229,3496,796206,0,0.00000000,0.00000000,0.00,0,0,-40.78,0.167,-0.0980,0.0000,0.0000,0.0980,0.153503,-0.460999,0.860596,-0.152710,8.004,83.8,-1
1785794804.415,3497,796431,0,0.00000000,0.00000000,0.00,0,0,-40.64,0.224,-0.0980,0.4410,-0.6370,0.7809,0.153564,-0.460999,0.860596,-0.152710,8.001,80.0,-1
1785794804.665,3498,796653,0,0.00000000,0.00000000,0.00,0,0,-40.57,0.220,0.3920,0.0000,-0.2940,0.4900,0.153564,-0.460999,0.860596,-0.152710,8.002,77.5,-1
1785794804.912,3499,796904,0,0.00000000,0.00000000,0.00,0,0,-40.43,0.268,-0.0490,0.1960,0.0980,0.2245,0.153625,-0.460999,0.860596,-0.152710,8.002,80.0,-1
1785794805.103,3500,797130,0,0.00000000,0.00000000,0.00,0,0,-40.43,0.225,-0.0980,0.1960,-1.0290,1.0521,0.153625,-0.460999,0.860596,-0.152649,8.002,81.2,-1
1785794805.357,3501,797350,0,0.00000000,0.00000000,0.00,0,0,-40.38,0.229,-0.1960,0.2940,-0.1960,0.4041,0.153625,-0.460938,0.860596,-0.152649,8.002,80.0,-1
1785794805.548,3502,797573,0,0.00000000,0.00000000,0.00,0,0,-40.38,0.200,0.1470,-0.2940,-0.2450,0.4100,0.153625,-0.460938,0.860596,-0.152649,8.004,77.5,-1
1785794805.802,3503,797794,0,0.00000000,0.00000000,0.00,0,0,-40.27,0.231,0.1470,-0.2940,-0.5880,0.6736,0.153625,-0.460938,0.860596,-0.152649,8.002,72.5,-1
1785794805.993,3504,798014,0,0.00000000,0.00000000,0.00,0,0,-40.29,0.181,0.3920,-0.0490,-0.9310,1.0113,0.153625,-0.460938,0.860596,-0.152649,8.002,72.5,-1
1785794806.239,3505,798236,0,0.00000000,0.00000000,0.00,0,0,-40.28,0.166,-0.2940,0.1960,-0.7350,0.8155,0.153564,-0.460999,0.860596,-0.152649,8.002,75.0,-1
1785794806.428,3506,798456,0,0.00000000,0.00000000,0.00,0,0,-40.35,0.112,-0.2450,0.6370,-0.5390,0.8697,0.153503,-0.460999,0.860596,-0.152649,8.002,77.5,-1
1785794806.681,3507,798676,0,0.00000000,0.00000000,0.00,0,0,-40.31,0.097,-0.0490,0.3920,-0.2450,0.4649,0.153503,-0.460999,0.860596,-0.152649,8.002,81.2,-1
1785794806.871,3508,798888,0,0.00000000,0.00000000,0.00,0,0,-40.33,0.087,0.6370,0.0000,0.2450,0.6825,0.153503,-0.460999,0.860596,-0.152588,8.001,72.5,-1
1785794807.125,3509,799105,0,0.00000000,0.00000000,0.00,0,0,-40.34,0.072,0.6370,0.6370,-0.3430,0.9639,0.153503,-0.460999,0.860596,-0.152527,8.002,82.5,-1
1785794807.314,3510,799326,0,0.00000000,0.00000000,0.00,0,0,-40.27,0.119,-0.2450,0.2450,-0.2940,0.4544,0.153503,-0.460999,0.860596,-0.152527,8.002,82.5,-1
1785794807.564,3511,799547,0,0.00000000,0.00000000,0.00,0,0,-40.30,0.073,0.1960,0.6860,-0.4410,0.8387,0.153442,-0.460999,0.860596,-0.152588,8.005,83.8,-1
1785794807.752,3512,799768,0,0.00000000,0.00000000,0.00,0,0,-40.25,0.110,-0.1470,0.3430,-0.0490,0.3764,0.153442,-0.460999,0.860596,-0.152588,8.007,77.5,-1
1785794808.001,3513,799981,0,0.00000000,0.00000000,0.00,0,0,-40.22,0.111,0.0980,-0.0980,0.0490,0.1470,0.153503,-0.460999,0.860596,-0.152527,8.005,77.5,-1
1785794808.191,3514,800210,0,0.00000000,0.00000000,0.00,0,0,-40.22,0.092,-0.2450,0.0980,-0.0490,0.2684,0.153503,-0.460999,0.860596,-0.152527,8.006,83.8,-1
1785794808.441,3515,800430,0,0.00000000,0.00000000,0.00,0,0,-40.24,0.059,-0.3920,0.2940,0.0490,0.4924,0.153442,-0.460999,0.860596,-0.152588,8.006,82.5,-1
1785794808.628,3516,800654,0,0.00000000,0.00000000,0.00,0,0,-40.31,0.020,0.1470,0.0980,0.3920,0.4300,0.153442,-0.460999,0.860596,-0.152588,8.004,80.0,-1
1785794808.878,3517,800900,0,0.00000000,0.00000000,0.00,0,0,-40.26,0.037,-0.0980,0.3920,-0.3920,0.5630,0.153442,-0.460999,0.860657,-0.152527,8.004,77.5,-1
1785794809.129,3518,801123,0,0.00000000,0.00000000,0.00,0,0,-40.23,0.057,0.0000,1.6660,-2.1070,2.6861,0.153503,-0.460999,0.860596,-0.152527,8.005,78.8,-1
1785794809.318,3519,801350,0,0.00000000,0.00000000,0.00,0,0,-40.13,0.111,-0.3920,0.2450,-0.0980,0.4725,0.153503,-0.460999,0.860596,-0.152527,8.004,81.2,-1
1785794809.569,3520,801569,0,0.00000000,0.00000000,0.00,0,0,-40.14,0.087,0.0490,-0.0980,-0.4900,0.5021,0.153503,-0.460999,0.860596,-0.152649,8.004,83.8,-1
1785794809.760,3521,801790,0,0.00000000,0.00000000,0.00,0,0,-40.22,0.021,0.1470,0.0000,-0.2940,0.3287,0.153442,-0.460999,0.860596,-0.152649,8.005,83.8,-1
1785794810.012,3522,802007,0,0.00000000,0.00000000,0.00,0,0,-40.23,0.026,0.5880,0.3430,-0.2450,0.7235,0.153503,-0.460999,0.860596,-0.152649,8.005,76.2,-1
1785794810.201,3523,802231,0,0.00000000,0.00000000,0.00,0,0,-40.29,0.001,0.1960,-0.7840,-0.5880,0.9994,0.153564,-0.460999,0.860596,-0.152649,8.004,82.5,-1
1785794810.449,3524,802453,0,0.00000000,0.00000000,0.00,0,0,-40.16,0.055,0.2940,0.0980,0.0490,0.3138,0.153503,-0.460999,0.860596,-0.152649,8.001,78.8,-1
1785794810.696,3525,802675,0,0.00000000,0.00000000,0.00,0,0,-40.19,0.025,-0.2450,0.3920,-0.5390,0.7101,0.153503,-0.460999,0.860596,-0.152649,8.006,78.8,-1
1785794810.885,3526,802886,0,0.00000000,0.00000000,0.00,0,0,-40.24,-0.026,-0.3920,0.3430,-0.1470,0.5412,0.153442,-0.460999,0.860596,-0.152710,8.004,80.0,-1
1785794811.075,3527,803107,0,0.00000000,0.00000000,0.00,0,0,-40.26,-0.028,-0.0980,0.1960,-0.8820,0.9088,0.153442,-0.460999,0.860596,-0.152710,8.004,78.8,-1
1785794811.328,3528,803333,0,0.00000000,0.00000000,0.00,0,0,-40.21,0.015,0.1470,0.2450,0.1960,0.3465,0.153381,-0.460999,0.860596,-0.152771,8.002,85.0,-1
1785794811.578,3529,803557,0,0.00000000,0.00000000,0.00,0,0,-40.27,-0.018,0.3920,0.5390,0.0000,0.6665,0.153381,-0.460999,0.860596,-0.152771,8.005,80.0,-1
1785794811.767,3530,803780,0,0.00000000,0.00000000,0.00,0,0,-40.22,0.005,-0.2450,0.0490,-0.6370,0.6842,0.153381,-0.460999,0.860596,-0.152771,8.006,77.5,-1
1785794812.018,3531,804000,0,0.00000000,0.00000000,0.00,0,0,-40.20,0.045,-0.5390,0.5880,-0.3430,0.8683,0.153381,-0.460999,0.860596,-0.152710,8.002,77.5,-1
1785794812.206,3532,804225,0,0.00000000,0.00000000,0.00,0,0,-40.23,0.036,-0.3920,-0.0490,-0.6370,0.7496,0.153381,-0.460938,0.860657,-0.152649,8.002,77.5,-1
1785794812.461,3533,804446,0,0.00000000,0.00000000,0.00,0,0,-40.36,-0.056,0.2450,-0.1960,-0.2450,0.3981,0.153442,-0.460938,0.860596,-0.152710,8.004,80.0,-1
1785794812.651,3534,804670,0,0.00000000,0.00000000,0.00,0,0,-40.26,-0.007,-0.1470,0.4900,0.2450,0.5672,0.153442,-0.460938,0.860596,-0.152649,8.004,73.8,-1
1785794812.903,3535,804912,0,0.00000000,0.00000000,0.00,0,0,-40.28,-0.047,-0.2940,0.7350,0.2450,0.8287,0.153442,-0.460938,0.860657,-0.152649,8.002,77.5,-1
1785794813.153,3536,805132,0,0.00000000,0.00000000,0.00,0,0,-40.39,-0.088,-0.3920,0.6370,-0.5880,0.9514,0.153442,-0.460876,0.860657,-0.152649,8.004,78.8,-1
1785794813.338,3537,805358,0,0.00000000,0.00000000,0.00,0,0,-40.26,0.016,-0.0980,0.1470,-0.4900,0.5209,0.153381,-0.460938,0.860657,-0.152649,8.001,88.8,-1
1785794813.586,3538,805582,0,0.00000000,0.00000000,0.00,0,0,-40.34,-0.025,-0.2450,0.2940,0.0980,0.3951,0.153503,-0.460938,0.860596,-0.152649,8.004,75.0,-1
1785794816.849,3539,808885,0,0.00000000,0.00000000,0.00,0,0,-40.23,0.491,-0.6370,0.9310,-0.4900,1.2299,0.153503,-0.460938,0.860596,-0.152649,7.988,218.8,-1
1785794817.104,3540,809108,0,0.00000000,0.00000000,0.00,0,0,-40.52,-0.115,0.0000,-0.1470,-0.7350,0.7496,0.153625,-0.460571,0.860718,-0.152954,7.994,251.2,-1
1785794817.292,3541,809326,0,0.00000000,0.00000000,0.00,0,0,-40.37,-0.014,0.2940,0.2450,-1.1270,1.1902,0.153442,-0.460632,0.860779,-0.152893,7.986,280.0,-1
1785794817.543,3542,809552,0,0.00000000,0.00000000,0.00,0,0,-40.32,0.025,-0.4410,0.9310,-0.2940,1.0713,0.153320,-0.460632,0.860840,-0.152710,7.994,236.2,-1
1785794817.791,3543,809780,0,0.00000000,0.00000000,0.00,0,0,-40.24,0.084,-0.3430,-0.0490,0.5390,0.6408,0.153198,-0.460693,0.860779,-0.152710,7.989,261.2,-1
1785794817.978,3544,810000,0,0.00000000,0.00000000,0.00,0,0,-40.19,0.098,0.6860,0.1470,-0.2450,0.7431,0.153259,-0.460754,0.860779,-0.152649,7.996,226.2,-1
1785794818.229,3545,810221,0,0.00000000,0.00000000,0.00,0,0,-40.26,0.040,0.1470,-0.7350,-0.5390,0.9232,0.153259,-0.460815,0.860779,-0.152588,8.001,202.5,-1
1785794818.416,3546,810438,0,0.00000000,0.00000000,0.00,0,0,-40.25,0.033,0.0980,0.6860,-2.0090,2.1252,0.153320,-0.460815,0.860718,-0.152527,7.995,217.5,-1
1785794818.665,3547,810661,0,0.00000000,0.00000000,0.00,0,0,-40.29,-0.005,0.0490,0.2450,-0.2450,0.3499,0.153381,-0.460815,0.860718,-0.152466,7.996,195.0,-1
1785794818.914,3548,810903,0,0.00000000,0.00000000,0.00,0,0,-40.17,0.061,0.4410,0.1470,0.0980,0.4751,0.153198,-0.460815,0.860779,-0.152466,7.985,295.0,-1
1785794819.101,3549,811128,0,0.00000000,0.00000000,0.00,0,0,-40.26,-0.021,0.2940,-0.3430,-0.4410,0.6313,0.153320,-0.460815,0.860779,-0.152466,8.000,218.8,-1
1785794819.354,3550,811351,0,0.00000000,0.00000000,0.00,0,0,-40.34,-0.061,-0.3430,-0.4900,0.2450,0.6464,0.153381,-0.460754,0.860779,-0.152527,7.991,268.8,-1
1785794819.540,3551,811571,0,0.00000000,0.00000000,0.00,0,0,-40.38,-0.074,-0.1470,0.0490,-0.7840,0.7992,0.153381,-0.460754,0.860779,-0.152466,8.004,168.8,-1
1785794819.790,3552,811790,0,0.00000000,0.00000000,0.00,0,0,-40.41,-0.097,-0.2940,0.0980,-0.4410,0.5390,0.153442,-0.460754,0.860779,-0.152466,7.980,213.8,-1
1785794819.977,3553,812006,0,0.00000000,0.00000000,0.00,0,0,-40.36,-0.061,-0.0980,0.4410,-0.1470,0.4751,0.153503,-0.460754,0.860779,-0.152405,8.002,168.8,-1
1785794820.230,3554,812234,0,0.00000000,0.00000000,0.00,0,0,-40.39,-0.082,0.8820,0.9800,-1.0290,1.6725,0.153503,-0.460754,0.860779,-0.152405,7.984,321.2,-1
1785794820.480,3555,812457,0,0.00000000,0.00000000,0.00,0,0,-40.33,-0.039,-0.4900,1.0780,-0.6370,1.3446,0.153381,-0.460754,0.860779,-0.152405,7.988,261.2,-1
1785794820.670,3556,812683,0,0.00000000,0.00000000,0.00,0,0,-40.33,-0.037,-0.0490,0.1960,0.3920,0.4410,0.153442,-0.460754,0.860779,-0.152344,8.001,223.8,-1
1785794820.921,3557,812896,0,0.00000000,0.00000000,0.00,0,0,-40.40,-0.078,-0.8330,0.8330,-0.2450,1.2032,0.153503,-0.460754,0.860779,-0.152344,8.004,226.2,-1
1785794821.105,3558,813117,0,0.00000000,0.00000000,0.00,0,0,-40.32,-0.013,0.0490,0.0490,0.1470,0.1625,0.153442,-0.460754,0.860779,-0.152344,7.981,301.2,-1
1785794821.355,3559,813340,0,0.00000000,0.00000000,0.00,0,0,-40.31,-0.002,0.4900,-0.3920,-0.4900,0.7962,0.153381,-0.460754,0.860779,-0.152344,7.989,253.8,-1
1785794821.543,3560,813567,0,0.00000000,0.00000000,0.00,0,0,-40.31,-0.007,-0.7350,-0.8820,1.1270,1.6088,0.153381,-0.460754,0.860779,-0.152283,7.984,250.0,-1
1785794821.796,3561,813790,0,0.00000000,0.00000000,0.00,0,0,-40.37,-0.043,0.0980,0.1470,-0.2450,0.3021,0.153381,-0.460754,0.860779,-0.152283,7.997,157.5,-1
1785794821.983,3562,814007,0,0.00000000,0.00000000,0.00,0,0,-40.29,-0.020,-0.0980,0.2940,-1.3230,1.3588,0.153320,-0.460693,0.860840,-0.152161,7.989,318.8,-1
1785794822.232,3563,814231,0,0.00000000,0.00000000,0.00,0,0,-40.35,-0.037,0.4410,-0.1470,0.8820,0.9970,0.153442,-0.460693,0.860840,-0.152283,8.002,228.8,-1
1785794822.419,3564,814454,0,0.00000000,0.00000000,0.00,0,0,-40.44,-0.055,-0.2940,0.6860,-0.6370,0.9812,0.153259,-0.460876,0.860779,-0.152283,7.996,191.2,-1
1785794822.669,3565,814681,0,0.00000000,0.00000000,0.00,0,0,-40.40,-0.034,0.2940,0.3430,0.1470,0.4751,0.153259,-0.460754,0.860840,-0.152405,7.996,173.8,-1
1785794822.920,3566,814895,0,0.00000000,0.00000000,0.00,0,0,-40.32,0.015,-0.2450,0.6860,0.7350,1.0348,0.153259,-0.460815,0.860779,-0.152344,7.997,122.5,-1
1785794823.110,3567,815121,0,0.00000000,0.00000000,0.00,0,0,-40.45,-0.080,0.3430,0.4900,-0.7350,0.9476,0.153259,-0.460815,0.860779,-0.152222,8.002,75.0,-1
1785794823.361,3568,815342,0,0.00000000,0.00000000,0.00,0,0,-40.41,-0.035,0.0980,-0.2940,-0.0980,0.3250,0.153564,-0.460693,0.860779,-0.152405,8.005,82.5,-1
1785794823.550,3569,815559,0,0.00000000,0.00000000,0.00,0,0,-40.41,-0.016,-0.0980,0.5390,-0.4410,0.7033,0.153442,-0.460693,0.860840,-0.152344,8.002,82.5,-1
1785794823.801,3570,815782,0,0.00000000,0.00000000,0.00,0,0,-40.42,-0.014,0.2450,0.1960,0.0000,0.3138,0.153625,-0.460754,0.860718,-0.152466,8.005,80.0,-1
1785794823.986,3571,815996,0,0.00000000,0.00000000,0.00,0,0,-40.42,-0.016,0.1960,0.3920,-1.4700,1.5339,0.153625,-0.460815,0.860718,-0.152466,8.004,76.2,-1
1785794824.236,3572,816220,0,0.00000000,0.00000000,0.00,0,0,-40.44,-0.006,-0.2940,0.8330,-0.6860,1.1184,0.153503,-0.460876,0.860718,-0.152466,8.002,81.2,-1
1785794824.425,3573,816444,0,0.00000000,0.00000000,0.00,0,0,-40.60,-0.091,-0.3430,0.4410,-0.5390,0.7763,0.153503,-0.460876,0.860718,-0.152466,8.002,83.8,-1
1785794824.678,3574,816666,0,0.00000000,0.00000000,0.00,0,0,-40.50,-0.041,0.6860,-0.0490,-0.2940,0.7480,0.153503,-0.460938,0.860657,-0.152527,8.002,81.2,-1
1785794824.932,3575,816906,0,0.00000000,0.00000000,0.00,0,0,-40.51,-0.036,-0.2940,0.4410,0.2940,0.6061,0.153503,-0.460938,0.860657,-0.152588,7.999,81.2,-1
1785794825.123,3576,817135,0,0.00000000,0.00000000,0.00,0,0,-40.61,-0.070,0.0980,0.2940,0.2450,0.3951,0.153625,-0.460938,0.860657,-0.152588,8.002,78.8,-1
1785794825.372,3577,817353,0,0.00000000,0.00000000,0.00,0,0,-40.56,-0.044,0.0980,0.0980,-0.3430,0.3699,0.153503,-0.460876,0.860657,-0.152527,8.001,85.0,-1
1785794825.560,3578,817576,0,0.00000000,0.00000000,0.00,0,0,-40.60,-0.057,0.0980,0.1470,-0.0980,0.2020,0.153503,-0.460938,0.860657,-0.152466,8.002,77.5,-1
1785794825.814,3579,817793,0,0.00000000,0.00000000,0.00,0,0,-40.63,-0.077,-0.0490,-0.0980,0.0000,0.1096,0.153442,-0.460876,0.860718,-0.152466,8.002,81.2,-1
1785794826.004,3580,818004,0,0.00000000,0.00000000,0.00,0,0,-40.54,-0.016,0.1470,0.3920,-0.6370,0.7623,0.153442,-0.460815,0.860718,-0.152527,7.997,81.2,-1
1785794826.194,3581,818227,0,0.00000000,0.00000000,0.00,0,0,-40.51,0.018,-0.5390,-0.0980,-2.5480,2.6062,0.153381,-0.460754,0.860718,-0.152588,8.004,77.5,-1
1785794826.446,3582,818445,0,0.00000000,0.00000000,0.00,0,0,-40.60,-0.034,0.0490,0.0980,-0.8820,0.8888,0.153381,-0.460815,0.860718,-0.152649,8.001,87.5,-1
1785794826.637,3583,818670,0,0.00000000,0.00000000,0.00,0,0,-40.65,-0.059,-0.4900,0.4900,0.0000,0.6930,0.153442,-0.460815,0.860718,-0.152710,8.005,80.0,-1
1785794826.854,3584,818889,0,0.00000000,0.00000000,0.00,0,0,-40.52,0.037,0.0490,0.1470,-0.2450,0.2899,0.153442,-0.460815,0.860657,-0.152771,8.001,81.2,-1
1785794827.104,3585,819110,0,0.00000000,0.00000000,0.00,0,0,-40.68,-0.064,0.0490,-0.0980,-0.2450,0.2684,0.153442,-0.460815,0.860657,-0.152832,8.004,81.2,-1
1785794827.353,3586,819328,0,0.00000000,0.00000000,0.00,0,0,-40.65,-0.042,1.1270,0.4900,-0.7350,1.4319,0.153442,-0.460815,0.860657,-0.152832,8.000,83.8,-1
1785794827.541,3587,819549,0,0.00000000,0.00000000,0.00,0,0,-40.67,-0.048,-0.0980,0.0490,-0.3920,0.4070,0.153442,-0.460815,0.860657,-0.152893,8.002,80.0,-1
1785794827.792,3588,819773,0,0.00000000,0.00000000,0.00,0,0,-40.69,-0.063,-0.8330,0.0000,-1.3720,1.6051,0.153442,-0.460815,0.860657,-0.152954,8.004,80.0,-1
1785794827.977,3589,819990,0,0.00000000,0.00000000,0.00,0,0,-40.68,-0.076,0.0980,0.1470,-0.0980,0.2020,0.153442,-0.460815,0.860657,-0.152954,8.004,80.0,-1
1785794828.226,3590,820214,0,0.00000000,0.00000000,0.00,0,0,-40.68,-0.072,-0.0980,0.4900,-0.7840,0.9297,0.153442,-0.460815,0.860657,-0.152954,8.001,82.5,-1
1785794828.414,3591,820442,0,0.00000000,0.00000000,0.00,0,0,-40.69,-0.062,-0.0980,0.5880,-0.3920,0.7135,0.153442,-0.460815,0.860657,-0.152893,8.001,77.5,-1
1785794828.663,3592,820660,0,0.00000000,0.00000000,0.00,0,0,-40.75,-0.092,0.2940,-0.1470,-0.7840,0.8501,0.153442,-0.460815,0.860657,-0.152832,8.002,78.8,-1
1785794828.913,3593,820905,0,0.00000000,0.00000000,0.00,0,0,-40.64,-0.031,-0.3430,0.1960,-1.5680,1.6170,0.153503,-0.460815,0.860657,-0.152771,8.002,82.5,-1
1785794829.104,3594,821134,0,0.00000000,0.00000000,0.00,0,0,-40.71,-0.060,-0.2940,0.0490,-0.7840,0.8387,0.153381,-0.460815,0.860657,-0.152771,8.004,77.5,-1
1785794829.352,3595,821361,0,0.00000000,0.00000000,0.00,0,0,-40.82,-0.106,0.1470,0.2450,-0.4410,0.5255,0.153381,-0.460815,0.860718,-0.152771,8.004,82.5,-1
1785794829.604,3596,821585,0,0.00000000,0.00000000,0.00,0,0,-40.72,-0.033,-0.0490,0.1470,-0.1960,0.2499,0.153381,-0.460815,0.860718,-0.152710,8.004,80.0,-1
1785794829.790,3597,821803,0,0.00000000,0.00000000,0.00,0,0,-40.67,0.002,-0.3430,-0.4410,-0.6860,0.8847,0.153503,-0.460754,0.860718,-0.152710,8.002,80.0,-1
1785794830.039,3598,822017,0,0.00000000,0.00000000,0.00,0,0,-40.73,-0.018,0.3430,0.1470,0.8330,0.9128,0.153503,-0.460693,0.860718,-0.152710,8.002,78.8,-1
1785794830.224,3599,822243,0,0.00000000,0.00000000,0.00,0,0,-40.79,-0.042,0.0000,0.4900,-0.1960,0.5277,0.153320,-0.460815,0.860718,-0.152710,8.005,80.0,-1
1785794830.476,3600,822463,0,0.00000000,0.00000000,0.00,0,0,-40.72,0.010,0.1960,0.0980,-0.0980,0.2400,0.153320,-0.460815,0.860718,-0.152771,8.005,80.0,-1
1785794830.664,3601,822684,0,0.00000000,0.00000000,0.00,0,0,-40.75,0.016,0.3430,0.0490,0.1470,0.3764,0.153320,-0.460815,0.860718,-0.152771,8.002,81.2,-1
1785794830.917,3602,822901,0,0.00000000,0.00000000,0.00,0,0,-40.74,0.021,0.6370,0.3430,0.1470,0.7383,0.153320,-0.460815,0.860718,-0.152771,8.004,77.5,-1
1785794831.102,3603,823126,0,0.00000000,0.00000000,0.00,0,0,-40.71,0.040,-0.0490,0.5390,-0.6860,0.8738,0.153381,-0.460815,0.860718,-0.152710,8.004,77.5,-1
1785794831.351,3604,823345,0,0.00000000,0.00000000,0.00,0,0,-40.65,0.080,0.0980,0.0980,0.1470,0.2020,0.153442,-0.460815,0.860718,-0.152649,8.004,83.8,-1
1785794831.536,3605,823568,0,0.00000000,0.00000000,0.00,0,0,-40.75,0.005,0.2450,-0.2940,0.4900,0.6217,0.153442,-0.460754,0.860718,-0.152588,8.004,77.5,-1
1785794831.790,3606,823791,0,0.00000000,0.00000000,0.00,0,0,-40.79,-0.019,0.0000,0.0490,-0.1960,0.2020,0.153442,-0.460754,0.860718,-0.152527,8.004,76.2,-1
1785794831.979,3607,824010,0,0.00000000,0.00000000,0.00,0,0,-40.71,0.016,0.2940,-0.0490,0.1960,0.3567,0.153442,-0.460754,0.860779,-0.152466,8.005,82.5,-1
1785794832.229,3608,824228,0,0.00000000,0.00000000,0.00,0,0,-40.78,-0.020,0.0490,0.2940,-0.1470,0.3323,0.153442,-0.460754,0.860779,-0.152527,8.002,80.0,-1
1785794832.419,3609,824446,0,0.00000000,0.00000000,0.00,0,0,-40.84,-0.068,0.3920,0.1960,0.3920,0.5880,0.153381,-0.460815,0.860718,-0.152588,8.002,81.2,-1
1785794832.670,3610,824670,0,0.00000000,0.00000000,0.00,0,0,-40.80,-0.054,0.0000,0.3430,-0.1470,0.3732,0.153442,-0.460754,0.860718,-0.152588,8.004,77.5,-1
1785794832.860,3611,824887,0,0.00000000,0.00000000,0.00,0,0,-40.70,-0.015,0.1960,-0.2940,-0.1470,0.3827,0.153442,-0.460754,0.860718,-0.152527,8.002,82.5,-1
1785794833.110,3612,825111,0,0.00000000,0.00000000,0.00,0,0,-40.70,-0.000,0.0490,0.0980,-0.3430,0.3601,0.153442,-0.460754,0.860779,-0.152466,8.004,78.8,-1
1785794833.298,3613,825332,0,0.00000000,0.00000000,0.00,0,0,-40.70,-0.000,0.6860,0.0490,-0.2940,0.7480,0.153442,-0.460754,0.860779,-0.152466,8.005,76.2,-1
1785794833.548,3614,825553,0,0.00000000,0.00000000,0.00,0,0,-40.66,0.031,0.0980,0.2940,-0.2940,0.4272,0.153442,-0.460754,0.860779,-0.152466,8.005,77.5,-1
1785794833.739,3615,825773,0,0.00000000,0.00000000,0.00,0,0,-40.75,-0.040,0.0490,0.5880,-0.5880,0.8330,0.153320,-0.460815,0.860779,-0.152466,8.004,81.2,-1
1785794833.990,3616,825988,0,0.00000000,0.00000000,0.00,0,0,-40.68,0.014,-0.1960,0.2450,-0.3920,0.5021,0.153259,-0.460815,0.860718,-0.152588,8.004,80.0,-1
1785794834.180,3617,826214,0,0.00000000,0.00000000,0.00,0,0,-40.75,-0.038,0.0000,-0.1470,-0.4410,0.4649,0.153381,-0.460815,0.860718,-0.152588,8.004,76.2,-1
1785794834.431,3618,826435,0,0.00000000,0.00000000,0.00,0,0,-40.72,-0.011,0.0000,0.0490,-0.1470,0.1550,0.153503,-0.460815,0.860718,-0.152649,8.004,76.2,-1
1785794834.679,3619,826653,0,0.00000000,0.00000000,0.00,0,0,-40.72,-0.012,0.1470,0.2450,-0.7350,0.7886,0.153625,-0.460754,0.860718,-0.152649,8.002,81.2,-1
1785794834.867,3620,826895,0,0.00000000,0.00000000,0.00,0,0,-40.70,-0.011,-0.1960,0.3430,0.0000,0.3951,0.153503,-0.460815,0.860657,-0.152710,8.001,78.8,-1
1785794835.119,3621,827115,0,0.00000000,0.00000000,0.00,0,0,-40.79,-0.075,0.3430,-0.0490,-0.2450,0.4244,0.153564,-0.460754,0.860718,-0.152649,8.001,80.0,-1
1785794835.309,3622,827335,0,0.00000000,0.00000000,0.00,0,0,-40.70,-0.003,0.0980,-0.1960,-0.5390,0.5818,0.153564,-0.460754,0.860718,-0.152710,8.004,81.2,-1
1785794835.562,3623,827557,0,0.00000000,0.00000000,0.00,0,0,-40.58,0.072,-0.0490,0.1470,-0.2940,0.3323,0.153381,-0.460815,0.860718,-0.152588,8.004,77.5,-1
1785794835.752,3624,827779,0,0.00000000,0.00000000,0.00,0,0,-40.51,0.099,0.0490,0.2940,-0.0490,0.3021,0.153259,-0.460815,0.860718,-0.152649,8.006,78.8,-1
1785794836.004,3625,827995,0,0.00000000,0.00000000,0.00,0,0,-40.54,0.063,0.1960,-0.0980,0.3920,0.4491,0.153259,-0.460754,0.860718,-0.152710,8.002,82.5,-1
1785794836.193,3626,828219,0,0.00000000,0.00000000,0.00,0,0,-40.74,-0.066,-0.0980,0.3920,-0.3920,0.5630,0.153259,-0.460815,0.860718,-0.152588,8.002,77.5,-1
1785794836.444,3627,828449,0,0.00000000,0.00000000,0.00,0,0,-40.72,-0.050,0.0490,0.7350,-0.3430,0.8126,0.153137,-0.460815,0.860779,-0.152588,8.002,77.5,-1
1785794836.698,3628,828680,0,0.00000000,0.00000000,0.00,0,0,-40.66,-0.021,0.0490,0.1470,-0.1470,0.2136,0.153137,-0.460815,0.860779,-0.152649,8.004,76.2,-1
1785794836.887,3629,828896,0,0.00000000,0.00000000,0.00,0,0,-40.65,-0.023,-0.1960,0.3430,0.3430,0.5232,0.153076,-0.460815,0.860779,-0.152588,8.001,80.0,-1
1785794837.136,3630,829121,0,0.00000000,0.00000000,0.00,0,0,-40.60,0.018,-0.5390,0.4900,-0.2450,0.7685,0.153076,-0.460815,0.860779,-0.152588,8.002,70.0,-1
1785794837.324,3631,829349,0,0.00000000,0.00000000,0.00,0,0,-40.66,-0.018,-0.1470,-0.2940,-0.6370,0.7168,0.153076,-0.460815,0.860779,-0.152527,8.005,82.5,-1
1785794837.572,3632,829571,0,0.00000000,0.00000000,0.00,0,0,-40.59,0.036,-0.2450,0.7840,0.8820,1.2052,0.153076,-0.460815,0.860779,-0.152527,8.004,81.2,-1
1785794837.760,3633,829790,0,0.00000000,0.00000000,0.00,0,0,-40.63,-0.006,-0.0980,0.2450,-0.2450,0.3601,0.153076,-0.460815,0.860779,-0.152527,8.001,82.5,-1
1785794838.010,3634,830005,0,0.00000000,0.00000000,0.00,0,0,-40.55,0.057,-0.3920,0.8820,-0.3920,1.0418,0.153076,-0.460815,0.860779,-0.152527,8.002,81.2,-1
1785794838.200,3635,830232,0,0.00000000,0.00000000,0.00,0,0,-40.59,0.037,-0.3430,1.3720,-0.5390,1.5135,0.153076,-0.460815,0.860779,-0.152527,8.004,78.8,-1
1785794838.454,3636,830453,0,0.00000000,0.00000000,0.00,0,0,-40.61,0.015,-0.0490,0.4410,-0.4900,0.6610,0.153076,-0.460815,0.860779,-0.152466,8.002,73.8,-1
1785794838.642,3637,830670,0,0.00000000,0.00000000,0.00,0,0,-40.49,0.089,-0.7350,1.3230,-0.4900,1.5908,0.153198,-0.460754,0.860779,-0.152466,8.005,80.0,-1
1785794838.891,3638,830888,0,0.00000000,0.00000000,0.00,0,0,-40.56,0.039,0.1470,0.2940,-0.2940,0.4410,0.153259,-0.460754,0.860779,-0.152527,8.002,76.2,-1
1785794839.140,3639,831114,0,0.00000000,0.00000000,0.00,0,0,-40.56,0.035,-0.1470,-0.1960,0.0980,0.2639,0.153259,-0.460754,0.860779,-0.152588,8.002,78.8,-1
1785794839.327,3640,831335,0,0.00000000,0.00000000,0.00,0,0,-40.62,-0.016,-0.0490,0.3920,0.1470,0.4215,0.153198,-0.460754,0.860779,-0.152527,8.004,77.5,-1
1785794839.578,3641,831556,0,0.00000000,0.00000000,0.00,0,0,-40.57,0.026,-0.0490,-0.1470,-0.4410,0.4674,0.153198,-0.460754,0.860779,-0.152588,8.001,76.2,-1
1785794839.767,3642,831780,0,0.00000000,0.00000000,0.00,0,0,-40.52,0.056,-0.1960,0.7840,-0.4900,0.9451,0.153198,-0.460754,0.860779,-0.152588,8.001,78.8,-1
1785794843.159,3643,835168,0,0.00000000,0.00000000,0.00,0,0,-40.45,0.024,0.1470,0.1470,-0.0490,0.2136,0.153198,-0.460815,0.860718,-0.152710,7.997,220.0,-1
1785794843.408,3644,835394,0,0.00000000,0.00000000,0.00,0,0,-40.68,-0.012,0.3920,0.1470,-0.7840,0.8888,0.153259,-0.460876,0.860657,-0.152710,7.994,231.2,-1
1785794843.597,3645,835615,0,0.00000000,0.00000000,0.00,0,0,-40.60,0.046,0.4410,-0.1960,0.4410,0.6537,0.153259,-0.460815,0.860718,-0.152649,7.986,331.2,-1
1785794843.851,3646,835842,0,0.00000000,0.00000000,0.00,0,0,-40.65,0.022,-0.0490,0.2450,-0.2450,0.3499,0.153198,-0.460938,0.860718,-0.152527,8.001,236.2,-1
1785794844.039,3647,836053,0,0.00000000,0.00000000,0.00,0,0,-40.69,0.026,-0.0490,0.0980,0.0000,0.1096,0.153198,-0.460999,0.860657,-0.152466,7.989,240.0,-1
1785794844.291,3648,836274,0,0.00000000,0.00000000,0.00,0,0,-40.59,0.068,-0.0980,0.6860,-0.6370,0.9413,0.153198,-0.460999,0.860657,-0.152588,7.989,296.2,-1
1785794844.480,3649,836493,0,0.00000000,0.00000000,0.00,0,0,-40.65,0.028,0.0980,0.0980,0.0980,0.1697,0.153137,-0.461060,0.860657,-0.152527,7.974,351.2,-1
1785794844.730,3650,836714,0,0.00000000,0.00000000,0.00,0,0,-40.70,-0.001,-0.0980,0.5390,-0.0490,0.5500,0.153076,-0.461060,0.860657,-0.152466,7.986,268.8,-1
1785794844.921,3651,836927,0,0.00000000,0.00000000,0.00,0,0,-40.68,0.026,-0.2940,-0.0980,-0.9310,0.9812,0.153198,-0.461060,0.860657,-0.152527,7.988,286.2,-1
1785794845.174,3652,837145,0,0.00000000,0.00000000,0.00,0,0,-40.68,0.017,0.3430,0.0980,-0.2940,0.4623,0.153198,-0.461060,0.860657,-0.152466,7.988,300.0,-1
1785794845.365,3653,837365,0,0.00000000,0.00000000,0.00,0,0,-40.64,0.024,-0.2450,0.0490,-0.5390,0.5941,0.153259,-0.461121,0.860596,-0.152527,7.997,212.5,-1
1785794845.556,3654,837587,0,0.00000000,0.00000000,0.00,0,0,-40.71,-0.007,0.9800,0.2450,0.3430,1.0668,0.153198,-0.461243,0.860535,-0.152344,8.002,297.5,-1
1785794845.808,3655,837807,0,0.00000000,0.00000000,0.00,0,0,-40.79,-0.059,-0.5880,-0.1470,1.0780,1.2367,0.153259,-0.461182,0.860596,-0.152405,8.009,163.8,-1
1785794845.998,3656,838028,0,0.00000000,0.00000000,0.00,0,0,-40.78,-0.065,0.3920,0.1960,0.2450,0.5021,0.153503,-0.461304,0.860596,-0.151672,7.999,143.8,-1
1785794846.252,3657,838249,0,0.00000000,0.00000000,0.00,0,0,-40.71,-0.010,-0.3430,0.6860,-1.1270,1.3632,0.153992,-0.461304,0.860535,-0.151489,8.004,78.8,-1
1785794846.440,3658,838473,0,0.00000000,0.00000000,0.00,0,0,-40.75,-0.029,0.1470,0.0490,0.3430,0.3764,0.154053,-0.461304,0.860535,-0.151367,8.005,78.8,-1
1785794846.693,3659,838700,0,0.00000000,0.00000000,0.00,0,0,-40.74,-0.013,0.0980,0.6370,-0.1960,0.6736,0.154175,-0.461182,0.860596,-0.151428,8.002,76.2,-1
1785794846.943,3660,838917,0,0.00000000,0.00000000,0.00,0,0,-40.66,0.033,-0.0980,0.6860,-0.3920,0.7962,0.154480,-0.461121,0.860535,-0.151672,8.005,81.2,-1
1785794847.133,3661,839142,0,0.00000000,0.00000000,0.00,0,0,-40.77,-0.025,-0.0980,-0.0980,0.2450,0.2815,0.154419,-0.461121,0.860535,-0.151550,8.004,75.0,-1
1785794847.324,3662,839358,0,0.00000000,0.00000000,0.00,0,0,-40.74,0.002,-0.1470,0.2940,-0.2450,0.4100,0.154602,-0.461121,0.860474,-0.151794,8.002,83.8,-1
1785794847.576,3663,839582,0,0.00000000,0.00000000,0.00,0,0,-40.75,-0.013,-0.0490,0.0000,-0.1470,0.1550,0.154419,-0.461060,0.860535,-0.151794,8.004,73.8,-1
1785794847.828,3664,839805,0,0.00000000,0.00000000,0.00,0,0,-40.62,0.030,-0.3430,0.0980,-0.9800,1.0429,0.154480,-0.460999,0.860596,-0.151733,8.004,75.0,-1
1785794848.015,3665,840023,0,0.00000000,0.00000000,0.00,0,0,-40.75,-0.039,0.0980,0.2450,-0.1470,0.3021,0.154663,-0.460876,0.860535,-0.151978,8.006,76.2,-1
1785794848.267,3666,840244,0,0.00000000,0.00000000,0.00,0,0,-40.82,-0.092,-0.2940,0.6860,-0.0490,0.7480,0.154541,-0.460815,0.860657,-0.151855,8.006,78.8,-1
1785794848.455,3667,840461,0,0.00000000,0.00000000,0.00,0,0,-40.69,-0.016,-0.1470,0.2450,-0.6370,0.6981,0.154480,-0.460815,0.860657,-0.151794,8.002,77.5,-1
1785794848.710,3668,840685,0,0.00000000,0.00000000,0.00,0,0,-40.66,0.021,0.6860,0.1960,0.0490,0.7151,0.154419,-0.460938,0.860596,-0.151978,8.002,73.8,-1
1785794848.896,3669,840896,0,0.00000000,0.00000000,0.00,0,0,-40.78,-0.056,0.3430,0.2940,1.2250,1.3056,0.154419,-0.460876,0.860596,-0.151855,8.002,78.8,-1
1785794849.085,3670,841114,0,0.00000000,0.00000000,0.00,0,0,-40.71,0.014,-0.2450,0.4900,-0.1470,0.5672,0.154419,-0.460999,0.860535,-0.152039,8.004,78.8,-1
1785794849.336,3671,841340,0,0.00000000,0.00000000,0.00,0,0,-40.70,0.025,0.2940,0.0000,0.0490,0.2981,0.154419,-0.460938,0.860596,-0.151978,8.002,80.0,-1
1785794849.586,3672,841563,0,0.00000000,0.00000000,0.00,0,0,-40.70,0.023,0.5880,0.3430,-0.2450,0.7235,0.154358,-0.461060,0.860474,-0.152222,8.002,77.5,-1
1785794849.773,3673,841787,0,0.00000000,0.00000000,0.00,0,0,-40.75,-0.006,-0.5390,-0.3430,-0.3430,0.7251,0.154297,-0.461060,0.860474,-0.152222,8.002,75.0,-1
1785794850.023,3674,842002,0,0.00000000,0.00000000,0.00,0,0,-40.72,0.006,-0.3430,0.7840,-0.6860,1.0968,0.154297,-0.460999,0.860535,-0.152161,8.004,76.2,-1
1785794850.211,3675,842224,0,0.00000000,0.00000000,0.00,0,0,-40.74,-0.032,0.0980,-0.0980,-0.6370,0.6519,0.154236,-0.460999,0.860535,-0.152161,8.004,77.5,-1
1785794850.464,3676,842448,0,0.00000000,0.00000000,0.00,0,0,-40.69,-0.009,1.0290,1.2740,-0.2940,1.6638,0.154236,-0.460999,0.860596,-0.152039,8.004,76.2,-1
1785794850.654,3677,842668,0,0.00000000,0.00000000,0.00,0,0,-40.72,-0.020,0.0490,0.2450,-0.1470,0.2899,0.154236,-0.460999,0.860596,-0.152039,8.006,73.8,-1
1785794850.904,3678,842885,0,0.00000000,0.00000000,0.00,0,0,-40.61,0.043,-0.0980,0.3920,-0.2940,0.4997,0.154297,-0.460999,0.860596,-0.151978,8.004,82.5,-1
1785794851.092,3679,843109,0,0.00000000,0.00000000,0.00,0,0,-40.72,-0.048,-0.2940,0.4410,0.0000,0.5300,0.154236,-0.460999,0.860596,-0.151978,8.004,75.0,-1
1785794851.344,3680,843328,0,0.00000000,0.00000000,0.00,0,0,-40.65,-0.007,0.3920,0.3430,-0.2450,0.5756,0.154297,-0.460999,0.860596,-0.151917,8.005,73.8,-1
1785794851.532,3681,843551,0,0.00000000,0.00000000,0.00,0,0,-40.59,0.038,0.1470,0.0000,0.0980,0.1767,0.154297,-0.460938,0.860596,-0.151855,8.004,76.2,-1
1785794851.787,3682,843768,0,0.00000000,0.00000000,0.00,0,0,-40.61,0.025,0.2940,-0.0490,-0.5880,0.6592,0.154419,-0.460938,0.860596,-0.151855,8.006,78.8,-1
1785794851.977,3683,843982,0,0.00000000,0.00000000,0.00,0,0,-40.64,-0.010,-0.0980,0.6860,-0.0490,0.6947,0.154419,-0.460938,0.860596,-0.151794,8.005,80.0,-1
1785794852.228,3684,844203,0,0.00000000,0.00000000,0.00,0,0,-40.59,0.051,0.1470,-0.3920,0.4410,0.6081,0.154419,-0.460938,0.860596,-0.151794,8.001,83.8,-1
1785794852.418,3685,844429,0,0.00000000,0.00000000,0.00,0,0,-40.64,0.027,0.0980,0.3430,-0.5390,0.6464,0.154419,-0.460938,0.860596,-0.151733,8.004,73.8,-1
1785794852.669,3686,844652,0,0.00000000,0.00000000,0.00,0,0,-40.62,0.033,0.4410,1.0780,-0.2450,1.1902,0.154419,-0.460938,0.860657,-0.151733,8.002,80.0,-1
1785794852.918,3687,844894,0,0.00000000,0.00000000,0.00,0,0,-40.66,-0.008,0.1470,0.2940,-0.5880,0.6736,0.154358,-0.460938,0.860596,-0.151794,8.004,77.5,-1
1785794853.106,3688,845114,0,0.00000000,0.00000000,0.00,0,0,-40.57,0.053,0.3430,-0.0980,-0.3920,0.5300,0.154358,-0.460938,0.860596,-0.151855,8.002,77.5,-1
1785794853.356,3689,845334,0,0.00000000,0.00000000,0.00,0,0,-40.62,0.010,-0.2450,0.0000,-0.7350,0.7748,0.154358,-0.460938,0.860596,-0.151917,8.001,78.8,-1
1785794853.547,3690,845555,0,0.00000000,0.00000000,0.00,0,0,-40.61,-0.004,-0.1470,0.0980,-0.1470,0.2298,0.154358,-0.460938,0.860596,-0.151855,8.002,77.5,-1
1785794853.799,3691,845774,0,0.00000000,0.00000000,0.00,0,0,-40.62,-0.008,-0.2450,-0.0980,-1.4210,1.4453,0.154419,-0.460815,0.860657,-0.151917,8.002,80.0,-1
1785794853.988,3692,845994,0,0.00000000,0.00000000,0.00,0,0,-40.41,0.120,0.0490,0.2940,-0.4410,0.5323,0.154358,-0.460999,0.860535,-0.151978,8.002,78.8,-1
1785794854.242,3693,846215,0,0.00000000,0.00000000,0.00,0,0,-40.45,0.093,0.0000,0.1470,-0.2450,0.2857,0.154358,-0.460999,0.860596,-0.151794,8.004,77.5,-1
1785794854.432,3694,846434,0,0.00000000,0.00000000,0.00,0,0,-40.64,-0.018,0.0980,0.0490,0.0490,0.1200,0.154480,-0.460938,0.860596,-0.151855,8.000,80.0,-1
1785794854.622,3695,846655,0,0.00000000,0.00000000,0.00,0,0,-40.50,0.069,-0.3920,0.6860,0.1470,0.8037,0.154480,-0.460938,0.860596,-0.151855,8.002,80.0,-1
1785794854.875,3696,846897,0,0.00000000,0.00000000,0.00,0,0,-40.42,0.109,-0.0980,0.2940,-0.5880,0.6647,0.154419,-0.460876,0.860596,-0.151855,8.002,81.2,-1
1785794855.129,3697,847116,0,0.00000000,0.00000000,0.00,0,0,-40.55,0.018,0.1470,0.1960,-0.4900,0.5478,0.154419,-0.460938,0.860596,-0.151917,8.004,78.8,-1
1785794855.318,3698,847336,0,0.00000000,0.00000000,0.00,0,0,-40.59,0.006,-0.3920,0.1960,-0.0490,0.4410,0.154541,-0.460999,0.860535,-0.151917,8.002,78.8,-1
1785794855.572,3699,847557,0,0.00000000,0.00000000,0.00,0,0,-40.57,0.017,-0.2450,0.0980,-0.1960,0.3287,0.154602,-0.460938,0.860535,-0.151917,8.005,77.5,-1
1785794855.762,3700,847779,0,0.00000000,0.00000000,0.00,0,0,-40.52,0.041,0.3920,-0.4410,1.0780,1.2289,0.154663,-0.460938,0.860535,-0.151855,8.004,75.0,-1
1785794856.015,3701,847991,0,0.00000000,0.00000000,0.00,0,0,-40.44,0.068,0.1960,0.0980,0.1470,0.2639,0.154663,-0.460938,0.860535,-0.151855,8.005,82.5,-1
1785794856.203,3702,848219,0,0.00000000,0.00000000,0.00,0,0,-40.69,-0.089,0.2450,0.4410,-0.6860,0.8515,0.154602,-0.460938,0.860535,-0.151794,8.004,81.2,-1
1785794856.454,3703,848441,0,0.00000000,0.00000000,0.00,0,0,-40.61,-0.019,0.0000,0.1960,-0.7840,0.8081,0.154602,-0.460938,0.860596,-0.151794,8.002,78.8,-1
1785794856.641,3704,848664,0,0.00000000,0.00000000,0.00,0,0,-40.65,-0.043,0.0980,-0.2940,-0.6370,0.7084,0.154663,-0.460938,0.860596,-0.151733,8.002,82.5,-1
1785794856.893,3705,848911,0,0.00000000,0.00000000,0.00,0,0,-40.46,0.057,-0.2940,0.5880,-0.5390,0.8501,0.154724,-0.460938,0.860596,-0.151672,8.002,81.2,-1
1785794857.145,3706,849130,0,0.00000000,0.00000000,0.00,0,0,-40.46,0.051,0.2940,0.3430,0.0980,0.4623,0.154724,-0.460938,0.860596,-0.151672,7.999,133.8,-1
1785794857.332,3707,849350,0,0.00000000,0.00000000,0.00,0,0,-40.57,-0.028,0.4410,-0.2450,-0.0980,0.5139,0.154663,-0.460938,0.860596,-0.151672,7.992,137.5,-1
1785794857.584,3708,849574,0,0.00000000,0.00000000,0.00,0,0,-40.57,-0.015,0.0980,0.3920,-0.2450,0.4725,0.154724,-0.460938,0.860596,-0.151672,8.004,76.2,-1
1785794857.774,3709,849799,0,0.00000000,0.00000000,0.00,0,0,-40.50,0.033,-0.3920,0.3920,-0.8820,1.0418,0.154724,-0.460938,0.860596,-0.151611,8.002,82.5,-1
1785794858.027,3710,850014,0,0.00000000,0.00000000,0.00,0,0,-40.60,-0.047,0.4900,1.5680,-0.7350,1.7997,0.154724,-0.460938,0.860596,-0.151672,8.001,72.5,-1
1785794858.216,3711,850242,0,0.00000000,0.00000000,0.00,0,0,-40.59,-0.020,0.0490,0.1960,-0.0490,0.2079,0.154724,-0.460938,0.860596,-0.151733,8.001,81.2,-1
1785794858.467,3712,850464,0,0.00000000,0.00000000,0.00,0,0,-40.42,0.091,-0.6860,0.8820,-1.2740,1.6946,0.154724,-0.460938,0.860596,-0.151733,8.002,78.8,-1
1785794858.656,3713,850682,0,0.00000000,0.00000000,0.00,0,0,-40.59,-0.016,1.2740,0.3920,0.8820,1.5983,0.154663,-0.460938,0.860596,-0.151672,8.002,78.8,-1
1785794858.908,3714,850898,0,0.00000000,0.00000000,0.00,0,0,-40.52,0.032,0.4900,0.0000,0.8820,1.0090,0.154663,-0.460938,0.860596,-0.151672,8.001,80.0,-1
1785794859.095,3715,851125,0,0.00000000,0.00000000,0.00,0,0,-40.57,-0.006,0.5880,-0.0490,0.1960,0.6217,0.154724,-0.460938,0.860596,-0.151611,8.001,77.5,-1
1785794859.351,3716,851348,0,0.00000000,0.00000000,0.00,0,0,-40.63,-0.042,0.6860,-0.0490,0.7840,1.0429,0.154785,-0.460876,0.860596,-0.151550,8.001,76.2,-1
1785794859.602,3717,851574,0,0.00000000,0.00000000,0.00,0,0,-40.60,-0.035,0.3430,0.2450,0.5390,0.6842,0.154602,-0.460876,0.860657,-0.151367,8.001,80.0,-1
1785794859.790,3718,851797,0,0.00000000,0.00000000,0.00,0,0,-40.70,-0.066,0.5880,-0.0490,0.5880,0.8330,0.154541,-0.460876,0.860657,-0.151611,8.001,77.5,-1
1785794860.040,3719,852013,0,0.00000000,0.00000000,0.00,0,0,-40.68,-0.061,-0.1470,0.6370,-1.6170,1.7442,0.154602,-0.461060,0.860535,-0.151672,8.004,76.2,-1
1785794860.227,3720,852238,0,0.00000000,0.00000000,0.00,0,0,-40.53,0.054,-0.5880,0.7350,-1.2740,1.5840,0.154602,-0.460999,0.860596,-0.151611,8.004,77.5,-1
1785794860.475,3721,852458,0,0.00000000,0.00000000,0.00,0,0,-40.58,0.039,0.2940,0.1470,0.4900,0.5900,0.154541,-0.461060,0.860596,-0.151550,8.002,75.0,-1
1785794860.665,3722,852677,0,0.00000000,0.00000000,0.00,0,0,-40.71,-0.067,-0.7840,0.2940,-0.9800,1.2890,0.154541,-0.460938,0.860657,-0.151550,8.000,76.2,-1
1785794860.917,3723,852891,0,0.00000000,0.00000000,0.00,0,0,-40.66,-0.066,-0.5880,0.6860,-0.5390,1.0521,0.154419,-0.460938,0.860657,-0.151428,8.004,72.5,-1
1785794861.107,3724,853113,0,0.00000000,0.00000000,0.00,0,0,-40.70,-0.075,0.4410,-0.3920,-0.7350,0.9425,0.154419,-0.461060,0.860596,-0.151489,8.004,75.0,-1
1785794861.357,3725,853341,0,0.00000000,0.00000000,0.00,0,0,-40.64,-0.021,-0.1960,0.4900,-0.3920,0.6574,0.154358,-0.461243,0.860474,-0.151672,8.004,78.8,-1
1785794861.546,3726,853561,0,0.00000000,0.00000000,0.00,0,0,-40.78,-0.109,-0.4410,0.2940,0.0490,0.5323,0.154175,-0.461060,0.860657,-0.151428,8.004,78.8,-1
1785794861.797,3727,853781,0,0.00000000,0.00000000,0.00,0,0,-40.67,-0.033,0.5390,-0.0980,0.0490,0.5500,0.154175,-0.461060,0.860657,-0.151428,8.004,81.2,-1
1785794861.988,3728,853992,0,0.00000000,0.00000000,0.00,0,0,-40.60,0.006,-0.1960,0.1960,-0.6370,0.6947,0.154297,-0.461243,0.860474,-0.151733,8.002,71.2,-1
1785794862.241,3729,854212,0,0.00000000,0.00000000,0.00,0,0,-40.64,-0.013,-0.0490,1.1760,-0.2450,1.2022,0.154480,-0.461182,0.860474,-0.151855,8.004,72.5,-1
1785794862.432,3730,854430,0,0.00000000,0.00000000,0.00,0,0,-40.62,-0.010,0.0980,-0.0490,-0.6860,0.6947,0.154663,-0.461121,0.860474,-0.151794,8.005,78.8,-1
1785794862.623,3731,854654,0,0.00000000,0.00000000,0.00,0,0,-40.69,-0.054,0.4900,1.3230,-0.4900,1.4935,0.154663,-0.461060,0.860535,-0.151672,8.005,73.8,-1
1785794862.874,3732,854904,0,0.00000000,0.00000000,0.00,0,0,-40.68,-0.049,-0.3430,0.6860,-0.2940,0.8214,0.154724,-0.461060,0.860535,-0.151672,8.002,82.5,-1
1785794863.126,3733,855122,0,0.00000000,0.00000000,0.00,0,0,-40.66,-0.042,0.2450,0.0490,-0.4410,0.5069,0.154724,-0.461121,0.860474,-0.151672,8.001,77.5,-1
1785794863.315,3734,855344,0,0.00000000,0.00000000,0.00,0,0,-40.52,0.055,-0.2940,0.8330,-0.6860,1.1184,0.154724,-0.461121,0.860474,-0.151550,8.004,81.2,-1
1785794863.565,3735,855566,0,0.00000000,0.00000000,0.00,0,0,-40.60,0.011,0.1960,-0.0980,0.0490,0.2245,0.154785,-0.461121,0.860474,-0.151550,8.002,76.2,-1
1785794863.754,3736,855783,0,0.00000000,0.00000000,0.00,0,0,-40.61,0.011,0.3430,0.0980,-0.3430,0.4949,0.154785,-0.461121,0.860474,-0.151550,8.002,82.5,-1
1785794864.005,3737,855999,0,0.00000000,0.00000000,0.00,0,0,-40.73,-0.068,0.0000,0.2450,-0.4900,0.5478,0.154785,-0.461121,0.860474,-0.151550,8.002,75.0,-1
1785794864.194,3738,856225,0,0.00000000,0.00000000,0.00,0,0,-40.67,-0.040,-0.3430,0.1960,-0.1470,0.4215,0.154663,-0.461121,0.860474,-0.151550,8.002,82.5,-1
1785794864.443,3739,856446,0,0.00000000,0.00000000,0.00,0,0,-40.67,-0.039,-0.1470,-0.3430,-0.3920,0.5412,0.154724,-0.461121,0.860474,-0.151611,8.004,82.5,-1
1785794864.693,3740,856667,0,0.00000000,0.00000000,0.00,0,0,-40.65,-0.025,0.3430,0.1960,0.0000,0.3951,0.154724,-0.461182,0.860474,-0.151611,8.005,75.0,-1
1785794864.882,3741,856885,0,0.00000000,0.00000000,0.00,0,0,-40.56,0.013,0.0490,0.2450,-0.1960,0.3176,0.154602,-0.461121,0.860535,-0.151672,8.004,83.8,-1
1785794865.134,3742,857109,0,0.00000000,0.00000000,0.00,0,0,-40.55,0.014,-0.1960,0.3430,-0.9310,1.0113,0.154602,-0.461182,0.860474,-0.151733,8.004,75.0,-1
1785794865.324,3743,857332,0,0.00000000,0.00000000,0.00,0,0,-40.61,-0.026,0.2450,0.4410,0.4410,0.6701,0.154602,-0.461121,0.860474,-0.151733,8.004,73.8,-1
1785794865.578,3744,857557,0,0.00000000,0.00000000,0.00,0,0,-40.59,-0.008,0.2450,-0.1470,-0.7840,0.8344,0.154602,-0.461121,0.860474,-0.151733,8.004,78.8,-1
1785794865.766,3745,857778,0,0.00000000,0.00000000,0.00,0,0,-40.61,-0.016,0.0000,0.2940,-0.1960,0.3533,0.154602,-0.461121,0.860474,-0.151672,8.004,78.8,-1
1785794866.019,3746,857994,0,0.00000000,0.00000000,0.00,0,0,-40.60,-0.007,-0.0490,0.0490,-0.1470,0.1625,0.154602,-0.461121,0.860474,-0.151733,8.005,80.0,-1
1785794866.209,3747,858218,0,0.00000000,0.00000000,0.00,0,0,-40.62,-0.010,-0.0980,0.1470,-0.6860,0.7084,0.154602,-0.461121,0.860474,-0.151733,8.002,78.8,-1
1785794866.463,3748,858440,0,0.00000000,0.00000000,0.00,0,0,-40.68,-0.050,-0.4900,0.2940,-0.2940,0.6426,0.154602,-0.461121,0.860474,-0.151672,8.002,77.5,-1
1785794866.651,3749,858664,0,0.00000000,0.00000000,0.00,0,0,-40.67,-0.062,0.0980,0.2450,-0.0490,0.2684,0.154602,-0.461121,0.860474,-0.151672,8.002,75.0,-1
1785794866.906,3750,858912,0,0.00000000,0.00000000,0.00,0,0,-40.66,-0.049,0.0490,0.2450,-0.3430,0.4244,0.154724,-0.461060,0.860474,-0.151672,8.004,80.0,-1
1785794867.158,3751,859132,0,0.00000000,0.00000000,0.00,0,0,-40.48,0.071,0.4900,0.1960,-0.2450,0.5818,0.154602,-0.461121,0.860474,-0.151672,8.002,83.8,-1
1785794867.345,3752,859352,0,0.00000000,0.00000000,0.00,0,0,-40.54,0.033,-0.1960,-0.0490,-1.0290,1.0486,0.154724,-0.461060,0.860474,-0.151794,8.001,86.2,-1
1785794867.593,3753,859572,0,0.00000000,0.00000000,0.00,0,0,-40.62,-0.025,-0.3920,0.3920,-0.9310,1.0836,0.154785,-0.461121,0.860413,-0.151855,8.000,81.2,-1
1785794867.782,3754,859795,0,0.00000000,0.00000000,0.00,0,0,-40.52,0.027,-0.1470,0.6860,-0.0490,0.7033,0.154846,-0.460938,0.860535,-0.151855,8.001,73.8,-1
1785794868.030,3755,860011,0,0.00000000,0.00000000,0.00,0,0,-40.57,-0.014,-0.0490,0.0980,-0.1960,0.2245,0.154785,-0.460754,0.860657,-0.151733,8.002,83.8,-1
1785794868.202,3756,860236,0,0.00000000,0.00000000,0.00,0,0,-40.56,0.010,-0.0490,0.2940,-0.8820,0.9310,0.154785,-0.460815,0.860596,-0.151855,8.004,80.0,-1
1785794868.454,3757,860459,0,0.00000000,0.00000000,0.00,0,0,-40.57,-0.006,-0.0980,0.4900,-0.6860,0.8487,0.154724,-0.460876,0.860596,-0.151794,7.999,77.5,-1
1785794868.703,3758,860685,0,0.00000000,0.00000000,0.00,0,0,-40.50,0.038,0.3430,0.4410,-0.4410,0.7118,0.154602,-0.460876,0.860596,-0.151733,8.005,81.2,-1
1785794868.890,3759,860895,0,0.00000000,0.00000000,0.00,0,0,-40.38,0.084,-0.2450,0.2940,-0.3920,0.5478,0.154602,-0.460938,0.860535,-0.151794,8.002,80.0,-1
1785794869.138,3760,861117,0,0.00000000,0.00000000,0.00,0,0,-40.62,-0.040,0.0490,-0.1470,-0.9800,0.9922,0.154968,-0.461121,0.860352,-0.152344,8.002,78.8,-1
1785794869.324,3761,861338,0,0.00000000,0.00000000,0.00,0,0,-40.60,-0.007,0.7350,0.0980,-0.4900,0.8888,0.154846,-0.461060,0.860413,-0.152039,8.002,77.5,-1
1785794869.575,3762,861556,0,0.00000000,0.00000000,0.00,0,0,-40.60,-0.009,0.0980,0.1960,-0.5390,0.5818,0.154663,-0.460876,0.860596,-0.151794,8.002,81.2,-1
1785794869.764,3763,861777,0,0.00000000,0.00000000,0.00,0,0,-40.57,0.012,0.0000,0.7840,-0.9310,1.2171,0.154846,-0.460999,0.860474,-0.151917,8.004,82.5,-1
1785794870.013,3764,861995,0,0.00000000,0.00000000,0.00,0,0,-40.62,-0.009,0.3920,0.0980,-0.3920,0.5630,0.154724,-0.460693,0.860718,-0.151733,8.005,81.2,-1
1785794870.200,3765,862220,0,0.00000000,0.00000000,0.00,0,0,-40.72,-0.075,0.9800,0.1470,1.3720,1.6925,0.154724,-0.460815,0.860596,-0.151855,8.004,78.8,-1
1785794870.449,3766,862437,0,0.00000000,0.00000000,0.00,0,0,-40.59,-0.003,-0.0490,0.2450,-0.8820,0.9167,0.154480,-0.460510,0.860901,-0.151550,8.002,85.0,-1
1785794870.638,3767,862659,0,0.00000000,0.00000000,0.00,0,0,-40.64,-0.015,0.3430,0.2450,0.5390,0.6842,0.154602,-0.460632,0.860779,-0.151611,8.005,83.8,-1
1785794870.886,3768,862902,0,0.00000000,0.00000000,0.00,0,0,-40.62,0.001,0.0000,0.3430,0.7840,0.8557,0.154419,-0.460632,0.860901,-0.151245,8.002,78.8,-1
1785794871.138,3769,863119,0,0.00000000,0.00000000,0.00,0,0,-40.59,0.021,-0.0490,0.2940,0.0000,0.2981,0.154358,-0.460815,0.860779,-0.151306,8.000,82.5,-1
