rx_time,seq,timestamp_ms,state,lat,lon,gps_alt_m,gps_sats,gps_fix,baro_alt_m,vert_vel_ms,accel_x_g,accel_y_g,accel_z_g,accel_mag_g,quat_w,quat_x,quat_y,quat_z,voltage_v,current_ma,rssi
1785793796.765,0,3530,0,0.00000000,0.00000000,0.00,0,0,-38.70,0.000,-0.0490,-0.0490,-0.0490,0.0849,0.000000,0.000000,0.000000,0.000000,8.004,85.0,-1
1785793797.011,1,3754,0,0.00000000,0.00000000,0.00,0,0,-38.59,0.049,0.0000,0.0000,0.0000,0.0000,0.677612,0.107361,0.643860,-0.338684,8.001,76.2,-1
1785793797.198,2,3975,0,0.00000000,0.00000000,0.00,0,0,-38.50,0.107,0.0000,0.0000,0.0000,0.0000,0.677612,0.107422,0.643921,-0.338623,8.002,76.2,-1
1785793797.451,3,4189,0,0.00000000,0.00000000,0.00,0,0,-38.67,-0.019,0.0000,0.0000,0.0000,0.0000,0.677612,0.107422,0.643860,-0.338684,8.004,76.2,-1
1785793797.641,4,4406,0,0.00000000,0.00000000,0.00,0,0,-38.58,0.055,0.0000,0.0000,0.0000,0.0000,0.677673,0.107483,0.643860,-0.338501,8.001,73.8,-1
1785793797.893,5,4625,0,0.00000000,0.00000000,0.00,0,0,-38.53,0.060,0.0000,0.0000,0.0000,0.0000,0.677734,0.107422,0.643860,-0.338501,8.001,76.2,-1
1785793798.079,6,4849,0,0.00000000,0.00000000,0.00,0,0,-38.53,0.059,0.0000,0.0000,0.0000,0.0000,0.677734,0.107483,0.643860,-0.338501,8.001,78.8,-1
1785793798.255,7,5049,0,0.00000000,0.00000000,0.00,0,0,-38.56,0.008,0.0000,0.0000,0.0000,0.0000,0.677673,0.107483,0.643921,-0.338501,8.001,76.2,-1
1785793798.501,8,5265,0,0.00000000,0.00000000,0.00,0,0,-38.42,0.073,0.0000,0.0000,0.0000,0.0000,0.677673,0.107483,0.643921,-0.338562,8.001,72.5,-1
1785793798.751,9,5489,0,0.00000000,0.00000000,0.00,0,0,-38.55,-0.011,0.0000,0.0000,0.0000,0.0000,0.677612,0.107483,0.643921,-0.338501,8.001,80.0,-1
1785793798.938,10,5708,0,0.00000000,0.00000000,0.00,0,0,-38.40,0.064,0.0000,0.0000,0.0000,0.0000,0.677673,0.107422,0.643921,-0.338562,8.001,81.2,-1
1785793799.188,11,5931,0,0.00000000,0.00000000,0.00,0,0,-38.36,0.072,0.0000,0.0000,0.0000,0.0000,0.677734,0.107422,0.643860,-0.338562,8.001,75.0,-1
1785793799.377,12,6144,0,0.00000000,0.00000000,0.00,0,0,-38.40,0.029,0.0000,0.0000,0.0000,0.0000,0.677673,0.107239,0.643799,-0.338806,8.001,70.0,-1
1785793799.630,13,6370,0,0.00000000,0.00000000,0.00,0,0,-38.49,-0.037,0.0000,0.0000,0.0000,0.0000,0.677673,0.107239,0.643799,-0.338867,8.002,73.8,-1
1785793799.816,14,6592,0,0.00000000,0.00000000,0.00,0,0,-38.42,0.004,0.0000,0.0000,0.0000,0.0000,0.678894,0.106812,0.642578,-0.338745,8.002,76.2,-1
1785793800.067,15,6810,0,0.00000000,0.00000000,0.00,0,0,-38.38,0.036,0.0000,0.0000,0.0000,0.0000,0.682373,0.105530,0.639160,-0.338623,8.002,75.0,-1
1785793800.254,16,7034,0,0.00000000,0.00000000,0.00,0,0,-38.35,0.065,0.0000,0.0000,0.0000,0.0000,0.681702,0.105896,0.639832,-0.338684,8.005,75.0,-1
1785793800.508,17,7257,0,0.00000000,0.00000000,0.00,0,0,-38.40,0.037,0.0000,0.0000,0.0000,0.0000,0.681641,0.105957,0.639893,-0.338684,8.002,78.8,-1
1785793800.698,18,7485,0,0.00000000,0.00000000,0.00,0,0,-38.37,0.047,0.0000,0.0000,0.0000,0.0000,0.681946,0.106140,0.639343,-0.338989,8.002,70.0,-1
1785793800.952,19,7709,0,0.00000000,0.00000000,0.00,0,0,-38.41,0.013,0.0000,0.0000,0.0000,0.0000,0.682190,0.105896,0.639099,-0.338989,8.002,78.8,-1
1785793801.203,20,7936,0,0.00000000,0.00000000,0.00,0,0,-38.31,0.053,0.0000,0.0000,0.0000,0.0000,0.682312,0.105896,0.638977,-0.338989,8.001,75.0,-1
1785793801.392,21,8149,0,0.00000000,0.00000000,0.00,0,0,-38.33,0.031,0.0000,0.0000,0.0000,0.0000,0.682556,0.105835,0.638794,-0.338928,8.001,76.2,-1
1785793801.640,22,8372,0,0.00000000,0.00000000,0.00,0,0,-38.29,0.031,0.0000,0.0000,0.0000,0.0000,0.683533,0.105591,0.637939,-0.338623,8.001,83.8,-1
1785793801.829,23,8597,0,0.00000000,0.00000000,0.00,0,0,-38.27,0.036,0.0000,0.0000,0.0000,0.0000,0.683289,0.105530,0.638123,-0.338684,8.005,72.5,-1
1785793802.083,24,8818,0,0.00000000,0.00000000,0.00,0,0,-38.35,-0.017,0.0000,0.0000,0.0000,0.0000,0.683533,0.105347,0.637878,-0.338745,8.004,71.2,-1
1785793802.271,25,9035,0,0.00000000,0.00000000,0.00,0,0,-38.42,-0.058,0.0000,0.0000,0.0000,0.0000,0.683716,0.105286,0.637695,-0.338867,8.001,81.2,-1
1785793802.461,26,9249,0,0.00000000,0.00000000,0.00,0,0,-38.34,-0.020,0.0000,0.0000,0.0000,0.0000,0.683655,0.105225,0.637695,-0.338806,8.002,78.8,-1
1785793802.710,27,9470,0,0.00000000,0.00000000,0.00,0,0,-38.31,-0.006,0.0000,0.0000,0.0000,0.0000,0.683716,0.105164,0.637634,-0.338867,8.002,77.5,-1
1785793802.960,28,9694,0,0.00000000,0.00000000,0.00,0,0,-38.34,-0.019,0.0000,0.0000,0.0000,0.0000,0.683716,0.105225,0.637634,-0.338928,8.002,76.2,-1
1785793803.147,29,9919,0,0.00000000,0.00000000,0.00,0,0,-38.27,0.022,0.0000,0.0000,0.0000,0.0000,0.683777,0.105286,0.637634,-0.338867,8.001,73.8,-1
1785793803.396,30,10129,0,0.00000000,0.00000000,0.00,0,0,-38.28,0.017,0.0000,0.0000,0.0000,0.0000,0.683777,0.105286,0.637634,-0.338806,8.002,77.5,-1
1785793803.582,31,10329,0,0.00000000,0.00000000,0.00,0,0,-38.30,0.006,0.0000,0.0000,0.0000,0.0000,0.683777,0.105225,0.637573,-0.338867,8.004,76.2,-1
1785793803.769,32,10549,0,0.00000000,0.00000000,0.00,0,0,-38.30,-0.001,0.0000,0.0000,0.0000,0.0000,0.683960,0.105103,0.637390,-0.338928,8.002,80.0,-1
1785793804.020,33,10770,0,0.00000000,0.00000000,0.00,0,0,-38.27,0.015,0.0000,0.0000,0.0000,0.0000,0.684692,0.104858,0.636902,-0.338501,8.001,73.8,-1
1785793804.208,34,10991,0,0.00000000,0.00000000,0.00,0,0,-38.34,-0.027,0.0000,0.0000,0.0000,0.0000,0.684692,0.105042,0.636780,-0.338562,8.000,72.5,-1
1785793804.458,35,11203,0,0.00000000,0.00000000,0.00,0,0,-38.30,-0.007,0.0000,0.0000,0.0000,0.0000,0.684753,0.105103,0.636780,-0.338562,8.002,76.2,-1
1785793804.645,36,11430,0,0.00000000,0.00000000,0.00,0,0,-38.31,-0.016,0.0000,0.0000,0.0000,0.0000,0.684814,0.105103,0.636658,-0.338623,8.000,81.2,-1
1785793804.894,37,11649,0,0.00000000,0.00000000,0.00,0,0,-38.14,0.104,0.0000,0.0000,0.0000,0.0000,0.684875,0.105042,0.636536,-0.338623,8.001,78.8,-1
1785793805.084,38,11875,0,0.00000000,0.00000000,0.00,0,0,-38.09,0.122,0.0000,0.0000,0.0000,0.0000,0.684875,0.105042,0.636536,-0.338684,8.001,78.8,-1
1785793805.337,39,12093,0,0.00000000,0.00000000,0.00,0,0,-38.40,-0.088,0.0000,0.0000,0.0000,0.0000,0.684937,0.105164,0.636414,-0.338745,8.001,76.2,-1
1785793805.525,40,12310,0,0.00000000,0.00000000,0.00,0,0,-38.27,0.005,0.0000,0.0000,0.0000,0.0000,0.684937,0.105225,0.636414,-0.338745,8.001,81.2,-1
1785793805.775,41,12536,0,0.00000000,0.00000000,0.00,0,0,-38.24,0.020,0.0000,0.0000,0.0000,0.0000,0.684814,0.105164,0.636536,-0.338806,8.002,75.0,-1
1785793806.026,42,12761,0,0.00000000,0.00000000,0.00,0,0,-38.26,-0.016,0.0000,0.0000,0.0000,0.0000,0.684814,0.105225,0.636475,-0.338928,8.001,73.8,-1
1785793806.215,43,12987,0,0.00000000,0.00000000,0.00,0,0,-38.22,0.015,0.0000,0.0000,0.0000,0.0000,0.684814,0.105164,0.636414,-0.339050,8.004,72.5,-1
1785793806.467,44,13206,0,0.00000000,0.00000000,0.00,0,0,-38.14,0.066,0.0000,0.0000,0.0000,0.0000,0.684875,0.105286,0.636353,-0.339050,8.001,73.8,-1
1785793806.658,45,13430,0,0.00000000,0.00000000,0.00,0,0,-38.17,0.053,0.0000,0.0000,0.0000,0.0000,0.684875,0.105347,0.636292,-0.339050,8.001,76.2,-1
1785793806.909,46,13658,0,0.00000000,0.00000000,0.00,0,0,-38.15,0.046,0.0000,0.0000,0.0000,0.0000,0.684875,0.105347,0.636353,-0.338989,8.001,71.2,-1
1785793807.096,47,13887,0,0.00000000,0.00000000,0.00,0,0,-38.30,-0.053,0.0000,0.0000,0.0000,0.0000,0.684814,0.106567,0.636719,-0.337952,8.001,71.2,-1
1785793807.350,48,14105,0,0.00000000,0.00000000,0.00,0,0,-38.22,0.013,0.0000,0.0000,0.0000,0.0000,0.683716,0.098938,0.637878,-0.340515,8.000,81.2,-1
1785793807.535,49,14318,0,0.00000000,0.00000000,0.00,0,0,-38.10,0.069,0.0000,0.0000,0.0000,0.0000,0.653870,0.092468,0.668884,-0.341309,8.001,75.0,-1
1785793807.781,50,14539,0,0.00000000,0.00000000,0.00,0,0,-38.19,0.113,0.0000,0.0000,0.0000,0.0000,0.648499,0.087219,0.674072,-0.342651,8.002,76.2,-1
1785793807.971,51,14757,0,0.00000000,0.00000000,0.00,0,0,-38.25,0.030,0.0000,0.0000,0.0000,0.0000,0.622559,0.074585,0.701599,-0.338562,8.002,73.8,-1
1785793808.216,52,14978,0,0.00000000,0.00000000,0.00,0,0,-38.24,0.012,0.0000,0.0000,0.0000,0.0000,0.588623,0.082642,0.736755,-0.322388,8.006,76.2,-1
1785793808.459,53,15197,0,0.00000000,0.00000000,0.00,0,0,-38.28,-0.056,0.0000,0.0000,0.0000,0.0000,0.560486,0.102844,0.759094,-0.314819,8.004,76.2,-1
1785793808.646,54,15421,0,0.00000000,0.00000000,0.00,0,0,-38.28,-0.045,0.0000,0.0000,0.0000,0.0000,0.589783,0.086365,0.736877,-0.318848,8.004,76.2,-1
1785793808.896,55,15643,0,0.00000000,0.00000000,0.00,0,0,-38.18,0.031,0.0000,0.0000,0.0000,0.0000,0.627258,0.076172,0.705750,-0.320435,8.004,73.8,-1
1785793809.082,56,15862,0,0.00000000,0.00000000,0.00,0,0,-38.15,0.043,0.0000,0.0000,0.0000,0.0000,0.517761,0.129395,0.783447,-0.318481,8.002,70.0,-1
1785793809.329,57,16079,0,0.00000000,0.00000000,0.00,0,0,-38.29,-0.032,0.0000,0.0000,0.0000,0.0000,0.491089,0.145874,0.794495,-0.326172,8.004,77.5,-1
1785793809.519,58,16294,0,0.00000000,0.00000000,0.00,0,0,-38.34,-0.080,0.0000,0.0000,0.0000,0.0000,0.472107,0.140808,0.807251,-0.325012,8.004,78.8,-1
1785793809.769,59,16511,0,0.00000000,0.00000000,0.00,0,0,-38.23,0.000,0.0000,0.0000,0.0000,0.0000,0.459656,0.138245,0.813416,-0.328491,8.002,73.8,-1
1785793809.957,60,16731,0,0.00000000,0.00000000,0.00,0,0,-38.22,-0.007,0.0000,0.0000,0.0000,0.0000,0.457153,0.132385,0.814880,-0.330933,8.001,77.5,-1
1785793810.206,61,16952,0,0.00000000,0.00000000,0.00,0,0,-38.28,-0.026,0.0000,0.0000,0.0000,0.0000,0.459961,0.124390,0.812317,-0.336304,8.002,78.8,-1
1785793810.393,62,17167,0,0.00000000,0.00000000,0.00,0,0,-38.23,-0.017,0.0000,0.0000,0.0000,0.0000,0.474121,0.111938,0.803589,-0.341980,8.002,72.5,-1
1785793810.644,63,17392,0,0.00000000,0.00000000,0.00,0,0,-38.31,-0.050,0.0000,0.0000,0.0000,0.0000,0.475952,0.107239,0.802368,-0.343811,8.001,82.5,-1
1785793810.830,64,17616,0,0.00000000,0.00000000,0.00,0,0,-38.25,-0.022,0.0000,0.0000,0.0000,0.0000,0.489258,0.101868,0.794983,-0.343872,8.005,77.5,-1
1785793811.080,65,17835,0,0.00000000,0.00000000,0.00,0,0,-38.32,-0.087,0.0000,0.0000,0.0000,0.0000,0.486511,0.085449,0.794495,-0.353271,8.004,77.5,-1
1785793811.268,66,18054,0,0.00000000,0.00000000,0.00,0,0,-38.33,-0.113,0.0000,0.0000,0.0000,0.0000,0.488464,0.058777,0.786621,-0.373047,8.002,83.8,-1
1785793811.521,67,18264,0,0.00000000,0.00000000,0.00,0,0,-38.30,-0.217,0.0000,0.0000,0.0000,0.0000,0.489380,0.056213,0.786133,-0.373291,8.002,77.5,-1
1785793811.708,68,18484,0,0.00000000,0.00000000,0.00,0,0,-38.25,-0.179,0.0000,0.0000,0.0000,0.0000,0.485901,0.047302,0.780762,-0.389893,8.001,76.2,-1
1785793811.959,69,18709,0,0.00000000,0.00000000,0.00,0,0,-38.20,-0.114,0.0000,0.0000,0.0000,0.0000,0.469604,0.049194,0.788879,-0.393372,8.002,75.0,-1
1785793812.146,70,18935,0,0.00000000,0.00000000,0.00,0,0,-38.22,-0.108,0.0000,0.0000,0.0000,0.0000,0.461975,0.049500,0.791077,-0.397888,8.000,81.2,-1
1785793812.395,71,19155,0,0.00000000,0.00000000,0.00,0,0,-38.28,-0.131,0.0000,0.0000,0.0000,0.0000,0.464050,0.052063,0.790833,-0.395691,8.001,82.5,-1
1785793812.585,72,19376,0,0.00000000,0.00000000,0.00,0,0,-38.33,-0.169,0.0000,0.0000,0.0000,0.0000,0.449646,0.065308,0.803894,-0.383850,8.000,86.2,-1
1785793812.839,73,19599,0,0.00000000,0.00000000,0.00,0,0,-38.19,-0.052,0.0000,0.0000,0.0000,0.0000,0.453369,0.069336,0.807739,-0.370422,8.005,81.2,-1
1785793813.028,74,19817,0,0.00000000,0.00000000,0.00,0,0,-38.21,-0.057,0.0000,0.0000,0.0000,0.0000,0.446533,0.075623,0.817505,-0.355774,8.001,80.0,-1
1785793813.248,75,20040,0,0.00000000,0.00000000,0.00,0,0,-38.17,-0.070,0.0000,0.0000,0.0000,0.0000,0.432678,0.094727,0.829834,-0.339355,8.002,76.2,-1
1785793813.495,76,20259,0,0.00000000,0.00000000,0.00,0,0,-38.30,-0.154,0.0000,0.0000,0.0000,0.0000,0.401428,0.113403,0.848938,-0.324402,8.004,83.8,-1
1785793813.745,77,20481,0,0.00000000,0.00000000,0.00,0,0,-38.31,-0.155,0.0000,0.0000,0.0000,0.0000,0.399170,0.117065,0.848450,-0.327209,8.002,78.8,-1
1785793813.930,78,20699,0,0.00000000,0.00000000,0.00,0,0,-38.22,-0.089,0.0000,0.0000,0.0000,0.0000,0.387085,0.123657,0.852478,-0.328857,8.002,82.5,-1
1785793814.182,79,20923,0,0.00000000,0.00000000,0.00,0,0,-38.24,-0.073,0.0000,0.0000,0.0000,0.0000,0.387146,0.125305,0.850220,-0.333984,8.005,77.5,-1
1785793814.369,80,21134,0,0.00000000,0.00000000,0.00,0,0,-38.15,-0.015,0.0000,0.0000,0.0000,0.0000,0.389221,0.126099,0.847473,-0.338196,8.002,78.8,-1
1785793814.620,81,21351,0,0.00000000,0.00000000,0.00,0,0,-38.25,-0.050,0.0000,0.0000,0.0000,0.0000,0.392944,0.118713,0.845154,-0.342407,8.002,80.0,-1
1785793814.808,82,21574,0,0.00000000,0.00000000,0.00,0,0,-38.16,-0.035,0.0000,0.0000,0.0000,0.0000,0.385498,0.113586,0.851196,-0.337524,8.005,77.5,-1
1785793815.061,83,21794,0,0.00000000,0.00000000,0.00,0,0,-38.14,-0.022,0.0000,0.0000,0.0000,0.0000,0.371826,0.114075,0.856934,-0.338196,8.004,80.0,-1
1785793815.252,84,22013,0,0.00000000,0.00000000,0.00,0,0,-38.31,-0.099,0.0000,0.0000,0.0000,0.0000,0.388916,0.106384,0.849060,-0.341370,8.002,80.0,-1
1785793815.439,85,22223,0,0.00000000,0.00000000,0.00,0,0,-38.22,-0.070,0.0000,0.0000,0.0000,0.0000,0.400452,0.103455,0.843079,-0.343689,8.001,77.5,-1
1785793815.689,86,22442,0,0.00000000,0.00000000,0.00,0,0,-38.18,-0.021,0.0000,0.0000,0.0000,0.0000,0.440125,0.085266,0.824280,-0.345764,8.001,82.5,-1
1785793815.878,87,22664,0,0.00000000,0.00000000,0.00,0,0,-38.36,-0.148,0.0000,0.0000,0.0000,0.0000,0.502258,0.067993,0.791748,-0.340942,8.001,75.0,-1
1785793816.128,88,22889,0,0.00000000,0.00000000,0.00,0,0,-38.31,-0.119,0.0000,0.0000,0.0000,0.0000,0.559692,0.049011,0.751465,-0.345886,8.001,77.5,-1
1785793816.381,89,23140,0,0.00000000,0.00000000,0.00,0,0,-38.23,-0.069,0.0000,0.0000,0.0000,0.0000,0.587341,0.030212,0.725220,-0.358032,8.002,76.2,-1
1785793816.634,90,23364,0,0.00000000,0.00000000,0.00,0,0,-38.27,-0.109,0.0000,0.0000,0.0000,0.0000,0.611938,0.031738,0.703369,-0.360229,8.000,82.5,-1
1785793816.822,91,23588,0,0.00000000,0.00000000,0.00,0,0,-38.23,-0.070,0.0000,0.0000,0.0000,0.0000,0.607788,0.033813,0.711853,-0.350342,8.002,81.2,-1
1785793817.011,92,23788,0,0.00000000,0.00000000,0.00,0,0,-38.23,-0.089,0.0000,0.0000,0.0000,0.0000,0.580688,0.056396,0.736145,-0.343018,8.001,80.0,-1
1785793817.264,93,24006,0,0.00000000,0.00000000,0.00,0,0,-38.21,-0.028,0.0000,0.0000,0.0000,0.0000,0.447693,0.101135,0.815552,-0.352478,8.001,81.2,-1
1785793817.453,94,24221,0,0.00000000,0.00000000,0.00,0,0,-38.29,-0.106,0.0000,0.0000,0.0000,0.0000,0.401672,0.093079,0.841797,-0.348328,8.002,75.0,-1
1785793817.704,95,24450,0,0.00000000,0.00000000,0.00,0,0,-38.32,-0.149,0.0000,0.0000,0.0000,0.0000,0.388306,0.097229,0.851990,-0.337463,8.002,75.0,-1
1785793817.893,96,24668,0,0.00000000,0.00000000,0.00,0,0,-38.29,-0.100,0.0000,0.0000,0.0000,0.0000,0.385132,0.101746,0.853943,-0.334717,8.004,81.2,-1
1785793818.144,97,24891,0,0.00000000,0.00000000,0.00,0,0,-38.24,-0.043,0.0000,0.0000,0.0000,0.0000,0.599121,0.073669,0.721375,-0.339478,8.004,73.8,-1
1785793818.396,98,25136,0,0.00000000,0.00000000,0.00,0,0,-38.32,-0.087,0.0000,0.0000,0.0000,0.0000,0.631470,0.077148,0.692444,-0.340332,7.999,78.8,-1
1785793818.585,99,25361,0,0.00000000,0.00000000,0.00,0,0,-38.30,-0.075,0.0000,0.0000,0.0000,0.0000,0.631897,0.077209,0.692017,-0.340454,8.001,78.8,-1
1785793818.836,100,25581,0,0.00000000,0.00000000,0.00,0,0,-38.27,-0.056,0.0000,0.0000,0.0000,0.0000,0.632812,0.077393,0.691101,-0.340576,8.002,77.5,-1
1785793819.024,101,25800,0,0.00000000,0.00000000,0.00,0,0,-38.14,0.032,0.0000,0.0000,0.0000,0.0000,0.634399,0.077698,0.689392,-0.340942,8.004,78.8,-1
1785793819.275,102,26021,0,0.00000000,0.00000000,0.00,0,0,-38.27,-0.051,0.0000,0.0000,0.0000,0.0000,0.635315,0.077881,0.688477,-0.341064,8.002,80.0,-1
1785793819.463,103,26233,0,0.00000000,0.00000000,0.00,0,0,-38.27,-0.040,0.0000,0.0000,0.0000,0.0000,0.635620,0.077881,0.688171,-0.341125,8.001,81.2,-1
1785793819.710,104,26451,0,0.00000000,0.00000000,0.00,0,0,-38.19,0.009,0.0000,0.0000,0.0000,0.0000,0.636292,0.078186,0.687439,-0.341248,8.000,75.0,-1
1785793819.896,105,26675,0,0.00000000,0.00000000,0.00,0,0,-38.19,0.009,0.0000,0.0000,0.0000,0.0000,0.636597,0.078369,0.687134,-0.341309,8.002,77.5,-1
1785793820.146,106,26892,0,0.00000000,0.00000000,0.00,0,0,-38.20,-0.004,0.0000,0.0000,0.0000,0.0000,0.636841,0.078430,0.686829,-0.341370,8.002,81.2,-1
1785793820.400,107,27138,0,0.00000000,0.00000000,0.00,0,0,-38.19,-0.006,0.0000,0.0000,0.0000,0.0000,0.637024,0.078491,0.686646,-0.341431,8.000,81.2,-1
1785793820.588,108,27364,0,0.00000000,0.00000000,0.00,0,0,-38.18,0.001,0.0000,0.0000,0.0000,0.0000,0.637268,0.078735,0.686340,-0.341492,8.001,71.2,-1
1785793820.837,109,27584,0,0.00000000,0.00000000,0.00,0,0,-38.20,-0.013,0.0000,0.0000,0.0000,0.0000,0.637451,0.078796,0.686218,-0.341492,8.002,78.8,-1
1785793821.025,110,27806,0,0.00000000,0.00000000,0.00,0,0,-38.20,-0.014,0.0000,0.0000,0.0000,0.0000,0.637512,0.078796,0.686096,-0.341614,8.002,77.5,-1
1785793821.275,111,28030,0,0.00000000,0.00000000,0.00,0,0,-38.14,0.026,0.0000,0.0000,0.0000,0.0000,0.637512,0.078796,0.685974,-0.341675,8.002,78.8,-1
1785793821.461,112,28247,0,0.00000000,0.00000000,0.00,0,0,-38.23,-0.019,0.0000,0.0000,0.0000,0.0000,0.637573,0.078796,0.685974,-0.341675,8.004,75.0,-1
1785793821.714,113,28466,0,0.00000000,0.00000000,0.00,0,0,-38.04,0.104,0.0000,0.0000,0.0000,0.0000,0.637573,0.078796,0.685974,-0.341675,8.002,72.5,-1
1785793821.905,114,28688,0,0.00000000,0.00000000,0.00,0,0,-38.08,0.064,0.0000,0.0000,0.0000,0.0000,0.637634,0.078796,0.685852,-0.341736,8.005,78.8,-1
1785793822.158,115,28906,0,0.00000000,0.00000000,0.00,0,0,-38.13,0.026,0.0000,0.0000,0.0000,0.0000,0.637695,0.078857,0.685791,-0.341736,8.004,80.0,-1
1785793822.410,116,29152,0,0.00000000,0.00000000,0.00,0,0,-38.06,0.058,0.0000,0.0000,0.0000,0.0000,0.637695,0.078857,0.685791,-0.341736,8.002,70.0,-1
1785793822.599,117,29380,0,0.00000000,0.00000000,0.00,0,0,-38.15,-0.017,0.0000,0.0000,0.0000,0.0000,0.637817,0.078857,0.685608,-0.341858,8.005,75.0,-1
1785793822.847,118,29600,0,0.00000000,0.00000000,0.00,0,0,-38.06,0.036,0.0000,0.0000,0.0000,0.0000,0.637878,0.078857,0.685608,-0.341858,8.004,78.8,-1
1785793823.035,119,29822,0,0.00000000,0.00000000,0.00,0,0,-38.08,0.022,0.0000,0.0000,0.0000,0.0000,0.637878,0.078918,0.685547,-0.341858,8.005,78.8,-1
1785793823.287,120,30048,0,0.00000000,0.00000000,0.00,0,0,-38.03,0.036,0.0000,0.0000,0.0000,0.0000,0.637939,0.078918,0.685547,-0.341858,8.002,81.2,-1
1785793823.478,121,30259,0,0.00000000,0.00000000,0.00,0,0,-38.12,-0.034,0.0000,0.0000,0.0000,0.0000,0.638000,0.078918,0.685486,-0.341858,8.000,80.0,-1
1785793823.730,122,30482,0,0.00000000,0.00000000,0.00,0,0,-38.04,0.011,0.0000,0.0000,0.0000,0.0000,0.638062,0.078918,0.685364,-0.341919,8.007,77.5,-1
1785793823.918,123,30701,0,0.00000000,0.00000000,0.00,0,0,-38.10,-0.019,0.0000,0.0000,0.0000,0.0000,0.638123,0.078918,0.685364,-0.341797,8.005,80.0,-1
1785793824.173,124,30922,0,0.00000000,0.00000000,0.00,0,0,-38.15,-0.060,0.0000,0.0000,0.0000,0.0000,0.638184,0.078979,0.685303,-0.341797,8.005,76.2,-1
1785793824.364,125,31136,0,0.00000000,0.00000000,0.00,0,0,-38.04,0.032,0.0000,0.0000,0.0000,0.0000,0.638245,0.079041,0.685242,-0.341736,8.005,72.5,-1
1785793824.617,126,31356,0,0.00000000,0.00000000,0.00,0,0,-38.10,0.001,0.0000,0.0000,0.0000,0.0000,0.638245,0.078918,0.685303,-0.341797,8.004,67.5,-1
1785793824.805,127,31581,0,0.00000000,0.00000000,0.00,0,0,-38.05,0.026,0.0000,0.0000,0.0000,0.0000,0.638367,0.078918,0.685181,-0.341736,8.001,80.0,-1
1785793825.058,128,31805,0,0.00000000,0.00000000,0.00,0,0,-38.06,0.002,0.0000,0.0000,0.0000,0.0000,0.638428,0.078918,0.685120,-0.341736,8.004,76.2,-1
1785793825.248,129,32027,0,0.00000000,0.00000000,0.00,0,0,-38.00,0.053,0.0000,0.0000,0.0000,0.0000,0.638428,0.078979,0.685120,-0.341736,8.004,78.8,-1
1785793825.498,130,32243,0,0.00000000,0.00000000,0.00,0,0,-38.03,-0.001,0.0000,0.0000,0.0000,0.0000,0.638367,0.078979,0.685181,-0.341675,8.001,82.5,-1
1785793825.687,131,32463,0,0.00000000,0.00000000,0.00,0,0,-38.04,-0.010,0.0000,0.0000,0.0000,0.0000,0.638367,0.079041,0.685242,-0.341614,8.001,80.0,-1
1785793825.938,132,32684,0,0.00000000,0.00000000,0.00,0,0,-38.02,0.017,0.0000,0.0000,0.0000,0.0000,0.638367,0.079041,0.685242,-0.341614,8.002,80.0,-1
1785793826.127,133,32904,0,0.00000000,0.00000000,0.00,0,0,-38.05,-0.006,0.0000,0.0000,0.0000,0.0000,0.638367,0.079102,0.685242,-0.341614,8.001,81.2,-1
1785793826.380,134,33151,0,0.00000000,0.00000000,0.00,0,0,-38.02,0.019,0.0000,0.0000,0.0000,0.0000,0.638428,0.079102,0.685181,-0.341553,8.004,77.5,-1
1785793826.629,135,33375,0,0.00000000,0.00000000,0.00,0,0,-38.01,0.019,0.0000,0.0000,0.0000,0.0000,0.638489,0.079102,0.685120,-0.341614,8.002,73.8,-1
1785793826.818,136,33598,0,0.00000000,0.00000000,0.00,0,0,-38.03,0.010,0.0000,0.0000,0.0000,0.0000,0.638489,0.079163,0.685120,-0.341553,8.001,77.5,-1
1785793827.068,137,33817,0,0.00000000,0.00000000,0.00,0,0,-38.04,-0.012,0.0000,0.0000,0.0000,0.0000,0.638550,0.079224,0.685059,-0.341553,8.002,76.2,-1
1785793827.254,138,34040,0,0.00000000,0.00000000,0.00,0,0,-38.00,0.024,0.0000,0.0000,0.0000,0.0000,0.638611,0.079224,0.684998,-0.341492,8.002,73.8,-1
1785793827.504,139,34256,0,0.00000000,0.00000000,0.00,0,0,-37.93,0.042,0.0000,0.0000,0.0000,0.0000,0.638611,0.079224,0.684998,-0.341553,8.001,81.2,-1
1785793827.694,140,34480,0,0.00000000,0.00000000,0.00,0,0,-38.00,-0.000,0.0000,0.0000,0.0000,0.0000,0.638733,0.079224,0.684937,-0.341553,8.002,76.2,-1
1785793827.949,141,34704,0,0.00000000,0.00000000,0.00,0,0,-37.90,0.064,0.0000,0.0000,0.0000,0.0000,0.638611,0.079224,0.684998,-0.341492,8.002,68.8,-1
1785793828.138,142,34928,0,0.00000000,0.00000000,0.00,0,0,-37.86,0.090,0.0000,0.0000,0.0000,0.0000,0.638611,0.079285,0.685059,-0.341370,8.001,82.5,-1
1785793828.353,143,35144,0,0.00000000,0.00000000,0.00,0,0,-37.98,-0.015,0.0000,0.0000,0.0000,0.0000,0.638672,0.079224,0.685059,-0.341431,8.001,72.5,-1
1785793828.608,144,35369,0,0.00000000,0.00000000,0.00,0,0,-38.01,-0.024,0.0000,0.0000,0.0000,0.0000,0.638733,0.079163,0.684998,-0.341370,8.002,82.5,-1
1785793828.858,145,35592,0,0.00000000,0.00000000,0.00,0,0,-37.88,0.058,0.0000,0.0000,0.0000,0.0000,0.638733,0.079224,0.684998,-0.341248,8.004,76.2,-1
1785793829.046,146,35813,0,0.00000000,0.00000000,0.00,0,0,-37.83,0.096,0.0000,0.0000,0.0000,0.0000,0.638794,0.079163,0.684998,-0.341309,8.005,77.5,-1
1785793829.300,147,36031,0,0.00000000,0.00000000,0.00,0,0,-37.86,0.071,0.0000,0.0000,0.0000,0.0000,0.638794,0.079102,0.684998,-0.341309,8.001,77.5,-1
1785793829.487,148,36245,0,0.00000000,0.00000000,0.00,0,0,-37.93,0.015,0.0000,0.0000,0.0000,0.0000,0.638855,0.079102,0.684937,-0.341248,8.004,70.0,-1
1785793829.676,149,36463,0,0.00000000,0.00000000,0.00,0,0,-37.96,-0.011,0.0000,0.0000,0.0000,0.0000,0.638977,0.079102,0.684875,-0.341187,8.001,76.2,-1
1785793829.925,150,36685,0,0.00000000,0.00000000,0.00,0,0,-37.88,0.040,0.0000,0.0000,0.0000,0.0000,0.638977,0.079102,0.684937,-0.341125,8.001,71.2,-1
1785793830.174,151,36905,0,0.00000000,0.00000000,0.00,0,0,-37.80,0.090,0.0000,0.0000,0.0000,0.0000,0.639038,0.079102,0.684875,-0.341125,8.001,68.8,-1
1785793830.361,152,37147,0,0.00000000,0.00000000,0.00,0,0,-37.81,0.054,0.0000,0.0000,0.0000,0.0000,0.639099,0.079102,0.684753,-0.341187,8.004,72.5,-1
1785793830.611,153,37368,0,0.00000000,0.00000000,0.00,0,0,-38.04,-0.108,0.0000,0.0000,0.0000,0.0000,0.639038,0.079041,0.684814,-0.341187,8.001,77.5,-1
1785793830.864,154,37595,0,0.00000000,0.00000000,0.00,0,0,-38.01,-0.073,0.0000,0.0000,0.0000,0.0000,0.639038,0.079041,0.684814,-0.341309,8.000,73.8,-1
1785793831.055,155,37818,0,0.00000000,0.00000000,0.00,0,0,-37.80,0.067,0.0000,0.0000,0.0000,0.0000,0.638977,0.079041,0.684814,-0.341309,8.002,73.8,-1
1785793831.304,156,38036,0,0.00000000,0.00000000,0.00,0,0,-37.90,-0.004,0.0000,0.0000,0.0000,0.0000,0.638977,0.079041,0.684753,-0.341370,8.002,80.0,-1
1785793831.492,157,38248,0,0.00000000,0.00000000,0.00,0,0,-37.94,-0.028,0.0000,0.0000,0.0000,0.0000,0.639038,0.079041,0.684753,-0.341370,8.004,76.2,-1
1785793831.678,158,38465,0,0.00000000,0.00000000,0.00,0,0,-37.89,0.009,0.0000,0.0000,0.0000,0.0000,0.639099,0.079102,0.684692,-0.341370,8.004,78.8,-1
1785793831.925,159,38689,0,0.00000000,0.00000000,0.00,0,0,-37.79,0.045,0.0000,0.0000,0.0000,0.0000,0.639038,0.079102,0.684753,-0.341370,8.001,77.5,-1
1785793832.176,160,38910,0,0.00000000,0.00000000,0.00,0,0,-37.92,-0.035,0.0000,0.0000,0.0000,0.0000,0.639038,0.079163,0.684692,-0.341370,8.002,75.0,-1
1785793832.429,161,39161,0,0.00000000,0.00000000,0.00,0,0,-37.83,0.019,0.0000,0.0000,0.0000,0.0000,0.639099,0.079163,0.684631,-0.341370,8.001,81.2,-1
1785793832.619,162,39381,0,0.00000000,0.00000000,0.00,0,0,-37.92,-0.038,0.0000,0.0000,0.0000,0.0000,0.639160,0.079224,0.684631,-0.341370,8.002,73.8,-1
1785793832.869,163,39600,0,0.00000000,0.00000000,0.00,0,0,-37.85,0.017,0.0000,0.0000,0.0000,0.0000,0.639160,0.079224,0.684570,-0.341370,8.002,81.2,-1
1785793833.058,164,39822,0,0.00000000,0.00000000,0.00,0,0,-37.90,-0.000,0.0000,0.0000,0.0000,0.0000,0.639221,0.079224,0.684570,-0.341370,8.004,76.2,-1
1785793833.305,165,40044,0,0.00000000,0.00000000,0.00,0,0,-37.97,-0.047,0.0000,0.0000,0.0000,0.0000,0.639221,0.079224,0.684570,-0.341370,8.004,73.8,-1
1785793833.493,166,40264,0,0.00000000,0.00000000,0.00,0,0,-37.85,0.026,0.0000,0.0000,0.0000,0.0000,0.639221,0.079163,0.684509,-0.341431,8.004,80.0,-1
1785793833.746,167,40487,0,0.00000000,0.00000000,0.00,0,0,-37.85,0.057,0.0000,0.0000,0.0000,0.0000,0.639221,0.079163,0.684509,-0.341431,8.004,73.8,-1
1785793833.933,168,40714,0,0.00000000,0.00000000,0.00,0,0,-37.80,0.080,0.0000,0.0000,0.0000,0.0000,0.639221,0.079163,0.684509,-0.341431,8.001,75.0,-1
1785793834.185,169,40941,0,0.00000000,0.00000000,0.00,0,0,-37.93,0.001,0.0000,0.0000,0.0000,0.0000,0.639221,0.079224,0.684509,-0.341370,8.002,77.5,-1
1785793834.376,170,41156,0,0.00000000,0.00000000,0.00,0,0,-37.96,-0.013,0.0000,0.0000,0.0000,0.0000,0.639221,0.079224,0.684509,-0.341370,8.001,77.5,-1
1785793834.630,171,41382,0,0.00000000,0.00000000,0.00,0,0,-37.97,-0.029,0.0000,0.0000,0.0000,0.0000,0.639282,0.079224,0.684509,-0.341370,8.001,83.8,-1
1785793834.819,172,41605,0,0.00000000,0.00000000,0.00,0,0,-37.90,0.029,0.0000,0.0000,0.0000,0.0000,0.639282,0.079224,0.684509,-0.341370,8.004,78.8,-1
1785793835.074,173,41824,0,0.00000000,0.00000000,0.00,0,0,-37.96,-0.014,0.0000,0.0000,0.0000,0.0000,0.639282,0.079285,0.684509,-0.341370,8.001,81.2,-1
1785793835.262,174,42045,0,0.00000000,0.00000000,0.00,0,0,-37.95,-0.018,0.0000,0.0000,0.0000,0.0000,0.639282,0.079285,0.684509,-0.341309,8.001,71.2,-1
1785793835.514,175,42265,0,0.00000000,0.00000000,0.00,0,0,-37.88,0.032,0.0000,0.0000,0.0000,0.0000,0.639282,0.079285,0.684509,-0.341309,8.004,85.0,-1
1785793835.704,176,42486,0,0.00000000,0.00000000,0.00,0,0,-37.93,-0.004,0.0000,0.0000,0.0000,0.0000,0.639282,0.079285,0.684509,-0.341309,8.002,73.8,-1
1785793835.954,177,42705,0,0.00000000,0.00000000,0.00,0,0,-37.99,-0.058,0.0000,0.0000,0.0000,0.0000,0.639343,0.079346,0.684448,-0.341309,8.002,73.8,-1
1785793836.143,178,42926,0,0.00000000,0.00000000,0.00,0,0,-37.93,-0.027,0.0000,0.0000,0.0000,0.0000,0.639343,0.079346,0.684448,-0.341309,8.001,72.5,-1
1785793836.393,179,43140,0,0.00000000,0.00000000,0.00,0,0,-37.85,0.004,0.0000,0.0000,0.0000,0.0000,0.639343,0.079346,0.684448,-0.341309,8.002,75.0,-1
1785793836.580,180,43367,0,0.00000000,0.00000000,0.00,0,0,-37.90,-0.012,0.0000,0.0000,0.0000,0.0000,0.639160,0.079285,0.684753,-0.341003,8.001,78.8,-1
1785793836.830,181,43567,0,0.00000000,0.00000000,0.00,0,0,-37.86,0.012,0.0000,0.0000,0.0000,0.0000,0.638916,0.079285,0.684998,-0.341003,8.002,77.5,-1
1785793837.017,182,43790,0,0.00000000,0.00000000,0.00,0,0,-37.95,-0.037,0.0000,0.0000,0.0000,0.0000,0.639221,0.079834,0.684631,-0.341003,8.002,78.8,-1
1785793837.266,183,44011,0,0.00000000,0.00000000,0.00,0,0,-37.99,-0.038,0.0000,0.0000,0.0000,0.0000,0.639771,0.080139,0.684265,-0.340698,8.000,78.8,-1
1785793837.454,184,44229,0,0.00000000,0.00000000,0.00,0,0,-37.99,-0.037,0.0000,0.0000,0.0000,0.0000,0.650696,0.077393,0.674561,-0.340027,8.001,82.5,-1
1785793837.703,185,44450,0,0.00000000,0.00000000,0.00,0,0,-37.96,-0.028,0.0000,0.0000,0.0000,0.0000,0.650330,0.077026,0.674866,-0.340149,8.001,77.5,-1
1785793837.890,186,44668,0,0.00000000,0.00000000,0.00,0,0,-37.97,-0.019,0.0000,0.0000,0.0000,0.0000,0.649536,0.077148,0.675781,-0.339844,8.001,85.0,-1
1785793838.140,187,44893,0,0.00000000,0.00000000,0.00,0,0,-38.10,-0.084,0.0000,0.0000,0.0000,0.0000,0.650146,0.078796,0.674133,-0.341492,8.004,75.0,-1
1785793838.374,188,45135,0,0.00000000,0.00000000,0.00,0,0,-38.04,-0.068,0.0000,0.0000,0.0000,0.0000,0.650574,0.077454,0.674866,-0.339600,8.001,76.2,-1
1785793838.614,189,45358,0,0.00000000,0.00000000,0.00,0,0,-37.99,-0.022,0.0000,0.0000,0.0000,0.0000,0.649780,0.077576,0.676025,-0.338806,8.001,76.2,-1
1785793838.802,190,45584,0,0.00000000,0.00000000,0.00,0,0,-37.96,-0.001,0.0000,0.0000,0.0000,0.0000,0.649414,0.077576,0.676453,-0.338623,8.004,72.5,-1
1785793839.053,191,45806,0,0.00000000,0.00000000,0.00,0,0,-37.97,0.004,0.0000,0.0000,0.0000,0.0000,0.649170,0.077637,0.676758,-0.338440,8.004,70.0,-1
1785793839.300,192,46033,0,0.00000000,0.00000000,0.00,0,0,-38.04,-0.039,0.0000,0.0000,0.0000,0.0000,0.649048,0.077698,0.676941,-0.338318,8.001,78.8,-1
1785793839.487,193,46248,0,0.00000000,0.00000000,0.00,0,0,-38.00,-0.019,0.0000,0.0000,0.0000,0.0000,0.648865,0.077637,0.677185,-0.338196,8.002,73.8,-1
1785793839.738,194,46475,0,0.00000000,0.00000000,0.00,0,0,-37.98,-0.010,0.0000,0.0000,0.0000,0.0000,0.648804,0.077698,0.677246,-0.338196,8.002,73.8,-1
1785793839.926,195,46693,0,0.00000000,0.00000000,0.00,0,0,-37.94,0.027,0.0000,0.0000,0.0000,0.0000,0.648865,0.077698,0.677185,-0.338135,8.001,83.8,-1
1785793840.176,196,46916,0,0.00000000,0.00000000,0.00,0,0,-38.11,-0.092,0.0000,0.0000,0.0000,0.0000,0.650879,0.077393,0.675293,-0.338135,8.002,78.8,-1
1785793840.424,197,47160,0,0.00000000,0.00000000,0.00,0,0,-38.16,-0.080,0.0000,0.0000,0.0000,0.0000,0.651001,0.077393,0.675110,-0.338257,8.004,78.8,-1
1785793840.610,198,47388,0,0.00000000,0.00000000,0.00,0,0,-38.21,-0.110,0.0000,0.0000,0.0000,0.0000,0.651184,0.077148,0.674866,-0.338379,8.004,72.5,-1
1785793840.861,199,47606,0,0.00000000,0.00000000,0.00,0,0,-38.08,-0.006,0.0000,0.0000,0.0000,0.0000,0.651367,0.077209,0.674744,-0.338318,8.004,80.0,-1
1785793841.048,200,47828,0,0.00000000,0.00000000,0.00,0,0,-38.15,-0.062,0.0000,0.0000,0.0000,0.0000,0.658875,0.074951,0.667664,-0.338379,8.004,72.5,-1
1785793841.299,201,48047,0,0.00000000,0.00000000,0.00,0,0,-38.11,0.016,0.0000,0.0000,0.0000,0.0000,0.665710,0.085876,0.659851,-0.337769,8.002,75.0,-1
1785793841.488,202,48257,0,0.00000000,0.00000000,0.00,0,0,-38.13,-0.015,0.0000,0.0000,0.0000,0.0000,0.665527,0.085693,0.660156,-0.337524,8.004,76.2,-1
1785793841.740,203,48480,0,0.00000000,0.00000000,0.00,0,0,-38.21,-0.071,0.0000,0.0000,0.0000,0.0000,0.664978,0.085449,0.661011,-0.337036,8.002,76.2,-1
1785793841.930,204,48701,0,0.00000000,0.00000000,0.00,0,0,-38.15,-0.036,0.0000,0.0000,0.0000,0.0000,0.665222,0.085327,0.660583,-0.337280,8.004,76.2,-1
1785793842.118,205,48902,0,0.00000000,0.00000000,0.00,0,0,-38.21,-0.062,0.0000,0.0000,0.0000,0.0000,0.665466,0.085327,0.660339,-0.337402,8.005,73.8,-1
1785793842.366,206,49146,0,0.00000000,0.00000000,0.00,0,0,-38.19,-0.054,0.0000,0.0000,0.0000,0.0000,0.665710,0.085327,0.659973,-0.337524,8.004,75.0,-1
1785793842.617,207,49371,0,0.00000000,0.00000000,0.00,0,0,-38.18,-0.048,0.0000,0.0000,0.0000,0.0000,0.665894,0.085266,0.659790,-0.337646,8.004,75.0,-1
1785793842.804,208,49593,0,0.00000000,0.00000000,0.00,0,0,-38.27,-0.107,0.0000,0.0000,0.0000,0.0000,0.669373,0.079590,0.651917,-0.347229,8.002,72.5,-1
1785793843.058,209,49815,0,0.00000000,0.00000000,0.00,0,0,-38.20,0.019,0.0000,0.0000,0.0000,0.0000,0.680237,0.069275,0.602051,-0.412354,8.001,73.8,-1
1785793843.310,210,50044,0,0.00000000,0.00000000,0.00,0,0,-38.19,-0.071,0.0000,0.0000,0.0000,0.0000,0.724609,0.083862,0.501526,-0.465149,8.006,77.5,-1
1785793843.497,211,50260,0,0.00000000,0.00000000,0.00,0,0,-38.36,-0.266,0.0000,0.0000,0.0000,0.0000,0.740906,0.121765,0.497559,-0.434387,8.001,75.0,-1
1785793843.744,212,50484,0,0.00000000,0.00000000,0.00,0,0,-38.38,-0.206,0.0000,0.0000,0.0000,0.0000,0.739075,0.108643,0.507080,-0.429871,8.004,76.2,-1
1785793843.931,213,50706,0,0.00000000,0.00000000,0.00,0,0,-38.28,-0.122,0.0000,0.0000,0.0000,0.0000,0.707886,0.101501,0.580322,-0.389587,8.001,73.8,-1
1785793844.179,214,50926,0,0.00000000,0.00000000,0.00,0,0,-38.16,-0.004,0.0000,0.0000,0.0000,0.0000,0.706482,0.101379,0.582581,-0.388916,8.002,71.2,-1
1785793844.368,215,51144,0,0.00000000,0.00000000,0.00,0,0,-38.19,-0.007,0.0000,0.0000,0.0000,0.0000,0.706726,0.101624,0.582458,-0.388550,8.001,81.2,-1
1785793844.621,216,51364,0,0.00000000,0.00000000,0.00,0,0,-38.18,0.017,0.0000,0.0000,0.0000,0.0000,0.707642,0.101807,0.581360,-0.388428,8.001,80.0,-1
1785793844.811,217,51585,0,0.00000000,0.00000000,0.00,0,0,-38.16,0.008,0.0000,0.0000,0.0000,0.0000,0.708435,0.102112,0.580505,-0.388245,8.002,72.5,-1
1785793845.066,218,51805,0,0.00000000,0.00000000,0.00,0,0,-38.23,-0.051,0.0000,0.0000,0.0000,0.0000,0.707336,0.102966,0.581543,-0.388428,8.001,75.0,-1
1785793845.255,219,52026,0,0.00000000,0.00000000,0.00,0,0,-38.18,-0.010,0.0000,0.0000,0.0000,0.0000,0.703125,0.103455,0.584961,-0.390869,8.002,72.5,-1
1785793845.505,220,52240,0,0.00000000,0.00000000,0.00,0,0,-38.41,-0.098,0.0000,0.0000,0.0000,0.0000,0.713867,0.100647,0.572815,-0.390015,8.001,75.0,-1
1785793845.691,221,52465,0,0.00000000,0.00000000,0.00,0,0,-38.33,-0.038,0.0000,0.0000,0.0000,0.0000,0.713379,0.102844,0.573792,-0.388916,8.001,73.8,-1
1785793845.943,222,52689,0,0.00000000,0.00000000,0.00,0,0,-38.29,0.012,0.0000,0.0000,0.0000,0.0000,0.713440,0.102966,0.574158,-0.388245,8.002,80.0,-1
1785793846.134,223,52908,0,0.00000000,0.00000000,0.00,0,0,-38.31,-0.013,0.0000,0.0000,0.0000,0.0000,0.713684,0.103210,0.573975,-0.388062,8.002,73.8,-1
1785793846.388,224,53151,0,0.00000000,0.00000000,0.00,0,0,-38.27,0.025,0.0000,0.0000,0.0000,0.0000,0.713623,0.103699,0.574036,-0.387878,8.002,82.5,-1
1785793846.640,225,53380,0,0.00000000,0.00000000,0.00,0,0,-38.31,-0.012,0.0000,0.0000,0.0000,0.0000,0.713867,0.103638,0.573792,-0.387939,8.001,76.2,-1
1785793846.828,226,53602,0,0.00000000,0.00000000,0.00,0,0,-38.39,-0.067,0.0000,0.0000,0.0000,0.0000,0.714050,0.102905,0.573425,-0.388184,8.002,81.2,-1
1785793847.015,227,53802,0,0.00000000,0.00000000,0.00,0,0,-38.30,-0.021,0.0000,0.0000,0.0000,0.0000,0.714233,0.102905,0.573730,-0.387390,8.001,76.2,-1
1785793847.265,228,54019,0,0.00000000,0.00000000,0.00,0,0,-38.31,-0.047,0.0000,0.0000,0.0000,0.0000,0.714294,0.102966,0.573669,-0.387390,8.001,77.5,-1
1785793847.454,229,54233,0,0.00000000,0.00000000,0.00,0,0,-38.37,-0.101,0.0000,0.0000,0.0000,0.0000,0.714355,0.102905,0.573608,-0.387390,8.004,78.8,-1
1785793847.708,230,54450,0,0.00000000,0.00000000,0.00,0,0,-38.32,-0.053,0.0000,0.0000,0.0000,0.0000,0.714539,0.105774,0.571960,-0.388733,8.000,83.8,-1
1785793847.897,231,54673,0,0.00000000,0.00000000,0.00,0,0,-38.28,-0.024,0.0000,0.0000,0.0000,0.0000,0.713989,0.106384,0.573303,-0.387634,8.001,78.8,-1
1785793848.149,232,54899,0,0.00000000,0.00000000,0.00,0,0,-38.33,-0.072,0.0000,0.0000,0.0000,0.0000,0.713196,0.105896,0.575623,-0.385803,8.004,78.8,-1
1785793848.395,233,55145,0,0.00000000,0.00000000,0.00,0,0,-38.37,-0.088,0.0000,0.0000,0.0000,0.0000,0.712463,0.106445,0.576782,-0.385193,8.002,76.2,-1
1785793848.584,234,55372,0,0.00000000,0.00000000,0.00,0,0,-38.35,-0.094,0.0000,0.0000,0.0000,0.0000,0.712830,0.102295,0.579041,-0.382263,8.001,83.8,-1
1785793848.836,235,55595,0,0.00000000,0.00000000,0.00,0,0,-38.31,-0.081,0.0000,0.0000,0.0000,0.0000,0.711243,0.104553,0.580627,-0.382141,8.001,80.0,-1
1785793849.025,236,55813,0,0.00000000,0.00000000,0.00,0,0,-38.24,-0.015,0.0000,0.0000,0.0000,0.0000,0.709167,0.108582,0.580933,-0.384399,8.001,82.5,-1
1785793849.275,237,56036,0,0.00000000,0.00000000,0.00,0,0,-38.34,-0.074,0.0000,0.0000,0.0000,0.0000,0.708191,0.108276,0.581726,-0.385193,8.002,72.5,-1
1785793849.526,238,56256,0,0.00000000,0.00000000,0.00,0,0,-38.36,-0.070,0.0000,0.0000,0.0000,0.0000,0.708923,0.104980,0.581116,-0.385620,8.004,78.8,-1
1785793849.715,239,56477,0,0.00000000,0.00000000,0.00,0,0,-38.18,0.097,0.0000,0.0000,0.0000,0.0000,0.713196,0.100281,0.578796,-0.382507,8.001,78.8,-1
1785793849.967,240,56697,0,0.00000000,0.00000000,0.00,0,0,-38.21,0.095,0.0000,0.0000,0.0000,0.0000,0.710632,0.101074,0.581421,-0.383118,8.002,78.8,-1
1785793850.155,241,56927,0,0.00000000,0.00000000,0.00,0,0,-38.35,-0.007,0.0000,0.0000,0.0000,0.0000,0.711731,0.099792,0.581604,-0.381104,8.002,75.0,-1
1785793850.410,242,57139,0,0.00000000,0.00000000,0.00,0,0,-38.32,0.024,0.0000,0.0000,0.0000,0.0000,0.711121,0.101013,0.583618,-0.378845,8.002,76.2,-1
1785793850.600,243,57360,0,0.00000000,0.00000000,0.00,0,0,-38.37,-0.031,0.0000,0.0000,0.0000,0.0000,0.710693,0.101929,0.583862,-0.378967,8.004,77.5,-1
1785793850.852,244,57582,0,0.00000000,0.00000000,0.00,0,0,-38.45,-0.063,0.0000,0.0000,0.0000,0.0000,0.709106,0.102966,0.584106,-0.381226,8.002,76.2,-1
1785793851.038,245,57808,0,0.00000000,0.00000000,0.00,0,0,-38.40,-0.058,0.0000,0.0000,0.0000,0.0000,0.706909,0.103699,0.584900,-0.383972,8.002,73.8,-1
1785793851.289,246,58029,0,0.00000000,0.00000000,0.00,0,0,-38.49,-0.112,0.0000,0.0000,0.0000,0.0000,0.707581,0.102478,0.584595,-0.383484,8.001,77.5,-1
1785793851.479,247,58250,0,0.00000000,0.00000000,0.00,0,0,-38.53,-0.118,0.0000,0.0000,0.0000,0.0000,0.707520,0.103271,0.584473,-0.383545,8.000,76.2,-1
1785793851.731,248,58473,0,0.00000000,0.00000000,0.00,0,0,-38.64,-0.169,0.0000,0.0000,0.0000,0.0000,0.707642,0.103455,0.584412,-0.383423,8.001,75.0,-1
1785793851.920,249,58697,0,0.00000000,0.00000000,0.00,0,0,-38.51,-0.086,0.0000,0.0000,0.0000,0.0000,0.707886,0.114319,0.584595,-0.379578,8.001,83.8,-1
1785793852.174,250,58922,0,0.00000000,0.00000000,0.00,0,0,-38.56,-0.076,0.0000,0.0000,0.0000,0.0000,0.709412,0.126282,0.583984,-0.373840,8.001,78.8,-1
1785793852.364,251,59142,0,0.00000000,0.00000000,0.00,0,0,-38.53,-0.071,0.0000,0.0000,0.0000,0.0000,0.709534,0.125977,0.583801,-0.374084,8.000,80.0,-1
1785793852.615,252,59362,0,0.00000000,0.00000000,0.00,0,0,-38.53,-0.041,0.0000,0.0000,0.0000,0.0000,0.709412,0.125183,0.584717,-0.373047,8.006,80.0,-1
1785793852.804,253,59581,0,0.00000000,0.00000000,0.00,0,0,-38.40,0.037,0.0000,0.0000,0.0000,0.0000,0.709351,0.124756,0.585083,-0.372742,8.001,81.2,-1
1785793853.051,254,59801,0,0.00000000,0.00000000,0.00,0,0,-38.44,0.010,0.0000,0.0000,0.0000,0.0000,0.709534,0.125427,0.584717,-0.372803,8.002,82.5,-1
1785793853.240,255,60026,0,0.00000000,0.00000000,0.00,0,0,-38.35,0.060,0.0000,0.0000,0.0000,0.0000,0.709717,0.127502,0.583801,-0.373108,8.001,77.5,-1
1785793853.455,256,60245,0,0.00000000,0.00000000,0.00,0,0,-38.37,0.032,0.0000,0.0000,0.0000,0.0000,0.709656,0.127686,0.584534,-0.372070,8.004,78.8,-1
1785793853.699,257,60463,0,0.00000000,0.00000000,0.00,0,0,-38.31,0.062,0.0000,0.0000,0.0000,0.0000,0.710022,0.130432,0.583130,-0.372559,8.001,72.5,-1
1785793853.948,258,60682,0,0.00000000,0.00000000,0.00,0,0,-38.31,0.046,0.0000,0.0000,0.0000,0.0000,0.710754,0.136719,0.579773,-0.374084,8.000,80.0,-1
1785793854.138,259,60904,0,0.00000000,0.00000000,0.00,0,0,-38.25,0.078,0.0000,0.0000,0.0000,0.0000,0.711487,0.147522,0.575623,-0.375061,8.001,85.0,-1
1785793854.392,260,61146,0,0.00000000,0.00000000,0.00,0,0,-38.33,0.009,0.0000,0.0000,0.0000,0.0000,0.711853,0.154053,0.573486,-0.375000,8.001,77.5,-1
1785793854.582,261,61365,0,0.00000000,0.00000000,0.00,0,0,-38.37,-0.015,0.0000,0.0000,0.0000,0.0000,0.711853,0.157898,0.572327,-0.375244,8.002,80.0,-1
1785793854.836,262,61589,0,0.00000000,0.00000000,0.00,0,0,-38.28,0.034,0.0000,0.0000,0.0000,0.0000,0.712158,0.159668,0.571167,-0.375610,8.002,77.5,-1
1785793855.026,263,61809,0,0.00000000,0.00000000,0.00,0,0,-38.20,0.105,0.0000,0.0000,0.0000,0.0000,0.712341,0.163879,0.569702,-0.375732,8.004,81.2,-1
1785793855.278,264,62039,0,0.00000000,0.00000000,0.00,0,0,-38.23,0.086,0.0000,0.0000,0.0000,0.0000,0.712280,0.159973,0.571350,-0.375061,8.006,78.8,-1
1785793855.528,265,62259,0,0.00000000,0.00000000,0.00,0,0,-38.40,-0.032,0.0000,0.0000,0.0000,0.0000,0.710693,0.131409,0.579712,-0.376343,8.005,76.2,-1
1785793855.715,266,62480,0,0.00000000,0.00000000,0.00,0,0,-38.33,0.032,0.0000,0.0000,0.0000,0.0000,0.710754,0.131348,0.579651,-0.376221,8.004,76.2,-1
1785793855.965,267,62696,0,0.00000000,0.00000000,0.00,0,0,-38.36,-0.010,0.0000,0.0000,0.0000,0.0000,0.710693,0.131042,0.579895,-0.376099,8.004,81.2,-1
1785793856.151,268,62920,0,0.00000000,0.00000000,0.00,0,0,-38.34,0.007,0.0000,0.0000,0.0000,0.0000,0.710693,0.130859,0.580078,-0.375977,8.005,75.0,-1
1785793856.403,269,63135,0,0.00000000,0.00000000,0.00,0,0,-38.30,0.025,0.0000,0.0000,0.0000,0.0000,0.710693,0.130676,0.580139,-0.375854,8.001,77.5,-1
1785793856.593,270,63358,0,0.00000000,0.00000000,0.00,0,0,-38.37,-0.018,0.0000,0.0000,0.0000,0.0000,0.710693,0.130615,0.580139,-0.375854,8.002,78.8,-1
1785793856.843,271,63577,0,0.00000000,0.00000000,0.00,0,0,-38.39,-0.027,0.0000,0.0000,0.0000,0.0000,0.710632,0.130432,0.580261,-0.375854,8.004,80.0,-1
1785793857.030,272,63798,0,0.00000000,0.00000000,0.00,0,0,-38.42,-0.041,0.0000,0.0000,0.0000,0.0000,0.710632,0.130371,0.580383,-0.375793,8.002,78.8,-1
1785793857.280,273,64023,0,0.00000000,0.00000000,0.00,0,0,-38.56,-0.130,0.0000,0.0000,0.0000,0.0000,0.710632,0.130493,0.580383,-0.375671,8.004,77.5,-1
1785793857.466,274,64242,0,0.00000000,0.00000000,0.00,0,0,-38.61,-0.168,0.0000,0.0000,0.0000,0.0000,0.710693,0.130432,0.580322,-0.375610,8.002,76.2,-1
1785793857.714,275,64461,0,0.00000000,0.00000000,0.00,0,0,-38.52,-0.079,0.0000,0.0000,0.0000,0.0000,0.710754,0.130432,0.580322,-0.375549,8.005,78.8,-1
1785793857.901,276,64684,0,0.00000000,0.00000000,0.00,0,0,-38.51,-0.065,0.0000,0.0000,0.0000,0.0000,0.710815,0.130371,0.580261,-0.375549,8.004,77.5,-1
1785793858.152,277,64902,0,0.00000000,0.00000000,0.00,0,0,-38.68,-0.158,0.0000,0.0000,0.0000,0.0000,0.710815,0.130371,0.580261,-0.375549,8.004,78.8,-1
1785793858.398,278,65146,0,0.00000000,0.00000000,0.00,0,0,-38.60,-0.105,0.0000,0.0000,0.0000,0.0000,0.710815,0.130371,0.580261,-0.375610,8.002,75.0,-1
1785793858.585,279,65372,0,0.00000000,0.00000000,0.00,0,0,-38.54,-0.080,0.0000,0.0000,0.0000,0.0000,0.710876,0.130310,0.580200,-0.375610,7.999,82.5,-1
1785793858.834,280,65596,0,0.00000000,0.00000000,0.00,0,0,-38.54,-0.080,0.0000,0.0000,0.0000,0.0000,0.710815,0.130371,0.580261,-0.375549,8.005,81.2,-1
1785793859.084,281,65813,0,0.00000000,0.00000000,0.00,0,0,-38.59,-0.093,0.0000,0.0000,0.0000,0.0000,0.710815,0.130432,0.580261,-0.375488,8.001,85.0,-1
1785793859.272,282,66037,0,0.00000000,0.00000000,0.00,0,0,-38.50,-0.026,0.0000,0.0000,0.0000,0.0000,0.710754,0.130432,0.580322,-0.375610,8.002,78.8,-1
1785793859.526,283,66254,0,0.00000000,0.00000000,0.00,0,0,-38.57,-0.059,0.0000,0.0000,0.0000,0.0000,0.710693,0.130310,0.580383,-0.375549,8.001,83.8,-1
1785793859.717,284,66473,0,0.00000000,0.00000000,0.00,0,0,-38.57,-0.071,0.0000,0.0000,0.0000,0.0000,0.710693,0.130371,0.580383,-0.375610,8.001,85.0,-1
1785793859.966,285,66697,0,0.00000000,0.00000000,0.00,0,0,-38.51,-0.060,0.0000,0.0000,0.0000,0.0000,0.710754,0.130249,0.580322,-0.375610,8.004,83.8,-1
1785793860.155,286,66919,0,0.00000000,0.00000000,0.00,0,0,-38.49,-0.012,0.0000,0.0000,0.0000,0.0000,0.710632,0.130188,0.580444,-0.375610,8.002,81.2,-1
1785793860.407,287,67160,0,0.00000000,0.00000000,0.00,0,0,-38.50,-0.013,0.0000,0.0000,0.0000,0.0000,0.710571,0.130127,0.580505,-0.375671,8.002,73.8,-1
1785793860.658,288,67386,0,0.00000000,0.00000000,0.00,0,0,-38.55,-0.039,0.0000,0.0000,0.0000,0.0000,0.710693,0.130188,0.580383,-0.375732,8.002,75.0,-1
1785793860.848,289,67610,0,0.00000000,0.00000000,0.00,0,0,-38.48,0.002,0.0000,0.0000,0.0000,0.0000,0.710754,0.130249,0.580322,-0.375610,8.004,70.0,-1
1785793861.039,290,67827,0,0.00000000,0.00000000,0.00,0,0,-38.34,0.094,0.0000,0.0000,0.0000,0.0000,0.710754,0.130249,0.580322,-0.375549,8.000,73.8,-1
1785793861.293,291,68050,0,0.00000000,0.00000000,0.00,0,0,-38.43,0.038,0.0000,0.0000,0.0000,0.0000,0.710754,0.130188,0.580383,-0.375488,8.002,75.0,-1
1785793861.481,292,68268,0,0.00000000,0.00000000,0.00,0,0,-38.43,0.022,0.0000,0.0000,0.0000,0.0000,0.710693,0.129700,0.580872,-0.375122,8.002,76.2,-1
1785793861.730,293,68491,0,0.00000000,0.00000000,0.00,0,0,-38.28,0.116,0.0000,0.0000,0.0000,0.0000,0.710632,0.129517,0.580933,-0.375183,8.004,73.8,-1
1785793861.980,294,68708,0,0.00000000,0.00000000,0.00,0,0,-38.39,0.029,0.0000,0.0000,0.0000,0.0000,0.710510,0.129395,0.581177,-0.375122,8.001,78.8,-1
1785793862.168,295,68933,0,0.00000000,0.00000000,0.00,0,0,-38.38,0.017,0.0000,0.0000,0.0000,0.0000,0.710510,0.129333,0.581177,-0.375183,8.001,75.0,-1
1785793862.421,296,69149,0,0.00000000,0.00000000,0.00,0,0,-38.35,0.051,0.0000,0.0000,0.0000,0.0000,0.710571,0.129089,0.581177,-0.375122,8.002,77.5,-1
1785793862.609,297,69371,0,0.00000000,0.00000000,0.00,0,0,-38.41,-0.004,0.0000,0.0000,0.0000,0.0000,0.710510,0.129028,0.581238,-0.375061,8.002,78.8,-1
1785793862.862,298,69590,0,0.00000000,0.00000000,0.00,0,0,-38.41,-0.003,0.0000,0.0000,0.0000,0.0000,0.710510,0.129028,0.581299,-0.375061,8.002,73.8,-1
1785793863.050,299,69815,0,0.00000000,0.00000000,0.00,0,0,-38.52,-0.086,0.0000,0.0000,0.0000,0.0000,0.710571,0.129150,0.581299,-0.374878,8.001,72.5,-1
1785793863.299,300,70031,0,0.00000000,0.00000000,0.00,0,0,-38.42,-0.015,0.0000,0.0000,0.0000,0.0000,0.710510,0.129028,0.581360,-0.374817,8.002,75.0,-1
1785793863.487,301,70247,0,0.00000000,0.00000000,0.00,0,0,-38.47,-0.055,0.0000,0.0000,0.0000,0.0000,0.710571,0.129089,0.581299,-0.374878,8.001,72.5,-1
1785793863.742,302,70473,0,0.00000000,0.00000000,0.00,0,0,-38.38,0.011,0.0000,0.0000,0.0000,0.0000,0.710571,0.129150,0.581299,-0.374817,8.001,77.5,-1
1785793863.931,303,70695,0,0.00000000,0.00000000,0.00,0,0,-38.46,-0.026,0.0000,0.0000,0.0000,0.0000,0.710571,0.129150,0.581299,-0.374817,8.002,73.8,-1
1785793864.181,304,70918,0,0.00000000,0.00000000,0.00,0,0,-38.38,0.018,0.0000,0.0000,0.0000,0.0000,0.710632,0.129150,0.581238,-0.374817,8.001,75.0,-1
1785793864.373,305,71134,0,0.00000000,0.00000000,0.00,0,0,-38.33,0.028,0.0000,0.0000,0.0000,0.0000,0.710693,0.129150,0.581177,-0.374817,8.001,78.8,-1
1785793864.625,306,71358,0,0.00000000,0.00000000,0.00,0,0,-38.48,-0.072,0.0000,0.0000,0.0000,0.0000,0.710693,0.129150,0.581116,-0.374878,8.002,75.0,-1
1785793864.815,307,71576,0,0.00000000,0.00000000,0.00,0,0,-38.56,-0.111,0.0000,0.0000,0.0000,0.0000,0.710693,0.129150,0.581116,-0.374878,8.004,73.8,-1
1785793865.065,308,71796,0,0.00000000,0.00000000,0.00,0,0,-38.45,-0.044,0.0000,0.0000,0.0000,0.0000,0.710754,0.129089,0.581055,-0.374878,8.002,73.8,-1
1785793865.253,309,72016,0,0.00000000,0.00000000,0.00,0,0,-38.45,-0.042,0.0000,0.0000,0.0000,0.0000,0.710693,0.129089,0.581116,-0.374878,8.002,72.5,-1
1785793865.506,310,72233,0,0.00000000,0.00000000,0.00,0,0,-38.47,-0.079,0.0000,0.0000,0.0000,0.0000,0.710693,0.129028,0.581116,-0.374939,8.001,75.0,-1
1785793865.696,311,72460,0,0.00000000,0.00000000,0.00,0,0,-38.39,-0.014,0.0000,0.0000,0.0000,0.0000,0.710632,0.128967,0.581177,-0.374939,8.002,75.0,-1
1785793865.947,312,72678,0,0.00000000,0.00000000,0.00,0,0,-38.43,-0.045,0.0000,0.0000,0.0000,0.0000,0.710571,0.128967,0.581238,-0.374939,8.001,81.2,-1
1785793866.137,313,72897,0,0.00000000,0.00000000,0.00,0,0,-38.37,0.006,0.0000,0.0000,0.0000,0.0000,0.710571,0.128845,0.581299,-0.374939,8.001,78.8,-1
1785793866.387,314,73144,0,0.00000000,0.00000000,0.00,0,0,-38.38,-0.012,0.0000,0.0000,0.0000,0.0000,0.710632,0.128784,0.581238,-0.374939,8.001,75.0,-1
1785793866.636,315,73369,0,0.00000000,0.00000000,0.00,0,0,-38.49,-0.100,0.0000,0.0000,0.0000,0.0000,0.710632,0.128784,0.581238,-0.374939,8.000,83.8,-1
1785793866.824,316,73593,0,0.00000000,0.00000000,0.00,0,0,-38.44,-0.067,0.0000,0.0000,0.0000,0.0000,0.710632,0.128723,0.581299,-0.374878,8.004,81.2,-1
1785793867.079,317,73814,0,0.00000000,0.00000000,0.00,0,0,-38.52,-0.090,0.0000,0.0000,0.0000,0.0000,0.710632,0.128662,0.581299,-0.374878,8.002,78.8,-1
1785793867.270,318,74040,0,0.00000000,0.00000000,0.00,0,0,-38.44,-0.029,0.0000,0.0000,0.0000,0.0000,0.710693,0.128540,0.581238,-0.374939,8.002,80.0,-1
1785793867.520,319,74261,0,0.00000000,0.00000000,0.00,0,0,-38.33,0.020,0.0000,0.0000,0.0000,0.0000,0.710815,0.128601,0.581116,-0.374878,8.001,81.2,-1
1785793867.709,320,74483,0,0.00000000,0.00000000,0.00,0,0,-38.40,-0.026,0.0000,0.0000,0.0000,0.0000,0.710876,0.128601,0.580994,-0.374939,8.001,80.0,-1
1785793867.957,321,74704,0,0.00000000,0.00000000,0.00,0,0,-38.45,-0.035,0.0000,0.0000,0.0000,0.0000,0.710815,0.128601,0.581055,-0.374878,8.004,76.2,-1
1785793868.144,322,74923,0,0.00000000,0.00000000,0.00,0,0,-38.34,0.031,0.0000,0.0000,0.0000,0.0000,0.710815,0.128601,0.581177,-0.374756,8.001,77.5,-1
1785793868.398,323,75141,0,0.00000000,0.00000000,0.00,0,0,-38.40,-0.007,0.0000,0.0000,0.0000,0.0000,0.710693,0.128601,0.581360,-0.374695,8.001,78.8,-1
1785793868.590,324,75365,0,0.00000000,0.00000000,0.00,0,0,-38.34,0.021,0.0000,0.0000,0.0000,0.0000,0.710693,0.128601,0.581421,-0.374634,8.001,75.0,-1
1785793868.841,325,75584,0,0.00000000,0.00000000,0.00,0,0,-38.37,-0.002,0.0000,0.0000,0.0000,0.0000,0.710693,0.128601,0.581421,-0.374634,8.001,80.0,-1
1785793869.029,326,75805,0,0.00000000,0.00000000,0.00,0,0,-38.34,0.005,0.0000,0.0000,0.0000,0.0000,0.710693,0.128540,0.581360,-0.374634,8.001,78.8,-1
1785793869.281,327,76029,0,0.00000000,0.00000000,0.00,0,0,-38.33,0.025,0.0000,0.0000,0.0000,0.0000,0.710754,0.128479,0.581360,-0.374756,8.002,77.5,-1
1785793869.467,328,76248,0,0.00000000,0.00000000,0.00,0,0,-38.26,0.057,0.0000,0.0000,0.0000,0.0000,0.710754,0.128418,0.581299,-0.374756,8.002,76.2,-1
1785793869.719,329,76470,0,0.00000000,0.00000000,0.00,0,0,-38.29,0.043,0.0000,0.0000,0.0000,0.0000,0.710754,0.128418,0.581299,-0.374817,8.001,73.8,-1
1785793869.970,330,76700,0,0.00000000,0.00000000,0.00,0,0,-38.33,0.008,0.0000,0.0000,0.0000,0.0000,0.710754,0.128418,0.581299,-0.374756,8.005,77.5,-1
1785793870.160,331,76928,0,0.00000000,0.00000000,0.00,0,0,-38.24,0.074,0.0000,0.0000,0.0000,0.0000,0.710754,0.128357,0.581299,-0.374817,8.004,72.5,-1
1785793870.414,332,77146,0,0.00000000,0.00000000,0.00,0,0,-38.25,0.066,0.0000,0.0000,0.0000,0.0000,0.710754,0.128418,0.581299,-0.374817,8.002,76.2,-1
1785793870.604,333,77371,0,0.00000000,0.00000000,0.00,0,0,-38.28,0.036,0.0000,0.0000,0.0000,0.0000,0.710693,0.128357,0.581299,-0.374817,8.004,70.0,-1
1785793870.854,334,77593,0,0.00000000,0.00000000,0.00,0,0,-38.35,-0.016,0.0000,0.0000,0.0000,0.0000,0.710693,0.128357,0.581360,-0.374817,8.002,78.8,-1
1785793871.041,335,77819,0,0.00000000,0.00000000,0.00,0,0,-38.27,0.038,0.0000,0.0000,0.0000,0.0000,0.710693,0.128296,0.581360,-0.374817,8.001,83.8,-1
1785793871.290,336,78042,0,0.00000000,0.00000000,0.00,0,0,-38.34,-0.027,0.0000,0.0000,0.0000,0.0000,0.710632,0.128296,0.581360,-0.374878,8.004,72.5,-1
1785793871.479,337,78258,0,0.00000000,0.00000000,0.00,0,0,-38.34,-0.029,0.0000,0.0000,0.0000,0.0000,0.710632,0.128296,0.581360,-0.374817,8.004,80.0,-1
1785793871.731,338,78483,0,0.00000000,0.00000000,0.00,0,0,-38.19,0.078,0.0000,0.0000,0.0000,0.0000,0.710632,0.128296,0.581360,-0.374817,8.002,75.0,-1
1785793871.978,339,78709,0,0.00000000,0.00000000,0.00,0,0,-38.30,-0.018,0.0000,0.0000,0.0000,0.0000,0.710693,0.128296,0.581299,-0.374878,8.004,76.2,-1
1785793872.164,340,78933,0,0.00000000,0.00000000,0.00,0,0,-38.17,0.090,0.0000,0.0000,0.0000,0.0000,0.710693,0.128235,0.581299,-0.374878,8.004,77.5,-1
1785793872.415,341,79144,0,0.00000000,0.00000000,0.00,0,0,-38.18,0.069,0.0000,0.0000,0.0000,0.0000,0.710693,0.128235,0.581299,-0.374878,8.004,75.0,-1
1785793872.602,342,79365,0,0.00000000,0.00000000,0.00,0,0,-38.19,0.053,0.0000,0.0000,0.0000,0.0000,0.710693,0.128235,0.581299,-0.374878,8.004,76.2,-1
1785793872.855,343,79585,0,0.00000000,0.00000000,0.00,0,0,-38.22,0.031,0.0000,0.0000,0.0000,0.0000,0.710754,0.128235,0.581238,-0.374878,8.002,75.0,-1
1785793873.044,344,79805,0,0.00000000,0.00000000,0.00,0,0,-38.22,0.024,0.0000,0.0000,0.0000,0.0000,0.710693,0.128235,0.581299,-0.374878,8.001,76.2,-1
1785793873.299,345,80027,0,0.00000000,0.00000000,0.00,0,0,-38.13,0.080,0.0000,0.0000,0.0000,0.0000,0.710693,0.128235,0.581299,-0.374878,8.001,76.2,-1
1785793873.486,346,80248,0,0.00000000,0.00000000,0.00,0,0,-38.16,0.059,0.0000,0.0000,0.0000,0.0000,0.710693,0.128235,0.581299,-0.374878,8.001,78.8,-1
1785793873.737,347,80473,0,0.00000000,0.00000000,0.00,0,0,-38.08,0.131,0.0000,0.0000,0.0000,0.0000,0.710693,0.128235,0.581299,-0.374878,8.002,80.0,-1
1785793873.922,348,80700,0,0.00000000,0.00000000,0.00,0,0,-38.03,0.125,0.0000,0.0000,0.0000,0.0000,0.710693,0.128235,0.581299,-0.374878,8.004,72.5,-1
1785793874.172,349,80922,0,0.00000000,0.00000000,0.00,0,0,-38.25,-0.026,0.0000,0.0000,0.0000,0.0000,0.710693,0.128235,0.581299,-0.374878,8.004,75.0,-1
1785793874.362,350,81141,0,0.00000000,0.00000000,0.00,0,0,-38.21,0.003,0.0000,0.0000,0.0000,0.0000,0.710693,0.128296,0.581299,-0.374817,8.004,72.5,-1
1785793874.616,351,81366,0,0.00000000,0.00000000,0.00,0,0,-38.13,0.035,0.0000,0.0000,0.0000,0.0000,0.710693,0.128296,0.581299,-0.374878,8.002,78.8,-1
1785793874.805,352,81589,0,0.00000000,0.00000000,0.00,0,0,-38.06,0.061,0.0000,0.0000,0.0000,0.0000,0.710693,0.128296,0.581299,-0.374878,8.004,75.0,-1
1785793875.057,353,81814,0,0.00000000,0.00000000,0.00,0,0,-38.11,0.010,0.0000,0.0000,0.0000,0.0000,0.710693,0.128296,0.581299,-0.374878,8.004,80.0,-1
1785793875.312,354,82038,0,0.00000000,0.00000000,0.00,0,0,-38.03,0.047,0.0000,0.0000,0.0000,0.0000,0.710754,0.128296,0.581238,-0.374878,8.002,76.2,-1
1785793875.499,355,82251,0,0.00000000,0.00000000,0.00,0,0,-38.00,0.059,0.0000,0.0000,0.0000,0.0000,0.710754,0.128357,0.581299,-0.374817,8.005,76.2,-1
1785793875.686,356,82474,0,0.00000000,0.00000000,0.00,0,0,-37.98,0.063,0.0000,0.0000,0.0000,0.0000,0.710754,0.128357,0.581299,-0.374817,8.002,78.8,-1
1785793875.938,357,82702,0,0.00000000,0.00000000,0.00,0,0,-37.97,0.062,0.0000,0.0000,0.0000,0.0000,0.710754,0.128357,0.581299,-0.374817,8.001,72.5,-1
1785793876.190,358,82922,0,0.00000000,0.00000000,0.00,0,0,-37.99,0.042,0.0000,0.0000,0.0000,0.0000,0.710754,0.128235,0.581238,-0.374878,8.002,71.2,-1
1785793876.380,359,83133,0,0.00000000,0.00000000,0.00,0,0,-37.97,0.041,0.0000,0.0000,0.0000,0.0000,0.710754,0.128296,0.581238,-0.374817,8.004,77.5,-1
1785793876.568,360,83351,0,0.00000000,0.00000000,0.00,0,0,-38.04,-0.028,0.0000,0.0000,0.0000,0.0000,0.710632,0.128174,0.581360,-0.374939,8.004,76.2,-1
1785793876.819,361,83571,0,0.00000000,0.00000000,0.00,0,0,-37.95,0.033,0.0000,0.0000,0.0000,0.0000,0.710571,0.128113,0.581421,-0.374939,8.002,78.8,-1
1785793877.008,362,83790,0,0.00000000,0.00000000,0.00,0,0,-37.96,0.032,0.0000,0.0000,0.0000,0.0000,0.710632,0.128052,0.581421,-0.374817,8.001,78.8,-1
1785793877.257,363,84015,0,0.00000000,0.00000000,0.00,0,0,-38.08,-0.031,0.0000,0.0000,0.0000,0.0000,0.710632,0.128052,0.581482,-0.374817,8.004,77.5,-1
1785793877.446,364,84230,0,0.00000000,0.00000000,0.00,0,0,-38.09,-0.029,0.0000,0.0000,0.0000,0.0000,0.710632,0.128052,0.581482,-0.374817,8.004,85.0,-1
1785793877.700,365,84451,0,0.00000000,0.00000000,0.00,0,0,-37.91,0.083,0.0000,0.0000,0.0000,0.0000,0.710632,0.128052,0.581482,-0.374817,8.001,77.5,-1
1785793877.891,366,84674,0,0.00000000,0.00000000,0.00,0,0,-37.94,0.067,0.0000,0.0000,0.0000,0.0000,0.710632,0.128113,0.581482,-0.374817,8.002,78.8,-1
1785793878.140,367,84896,0,0.00000000,0.00000000,0.00,0,0,-37.94,0.059,0.0000,0.0000,0.0000,0.0000,0.710632,0.128113,0.581482,-0.374756,8.002,72.5,-1
1785793878.389,368,85143,0,0.00000000,0.00000000,0.00,0,0,-37.85,0.102,0.0000,0.0000,0.0000,0.0000,0.710693,0.128113,0.581421,-0.374756,8.002,78.8,-1
1785793878.575,369,85364,0,0.00000000,0.00000000,0.00,0,0,-38.02,-0.024,0.0000,0.0000,0.0000,0.0000,0.710693,0.127991,0.581421,-0.374878,8.002,76.2,-1
1785793878.826,370,85586,0,0.00000000,0.00000000,0.00,0,0,-38.01,-0.034,0.0000,0.0000,0.0000,0.0000,0.710693,0.127991,0.581360,-0.374817,8.002,76.2,-1
1785793879.080,371,85807,0,0.00000000,0.00000000,0.00,0,0,-38.02,-0.058,0.0000,0.0000,0.0000,0.0000,0.710754,0.128052,0.581299,-0.374939,8.002,76.2,-1
1785793879.269,372,86029,0,0.00000000,0.00000000,0.00,0,0,-37.98,-0.055,0.0000,0.0000,0.0000,0.0000,0.710754,0.128113,0.581238,-0.374939,8.002,75.0,-1
1785793879.520,373,86247,0,0.00000000,0.00000000,0.00,0,0,-37.92,-0.040,0.0000,0.0000,0.0000,0.0000,0.710754,0.128113,0.581238,-0.374939,8.002,78.8,-1
1785793879.707,374,86467,0,0.00000000,0.00000000,0.00,0,0,-37.98,-0.079,0.0000,0.0000,0.0000,0.0000,0.710754,0.128052,0.581238,-0.374939,8.001,77.5,-1
1785793879.957,375,86688,0,0.00000000,0.00000000,0.00,0,0,-37.91,-0.042,0.0000,0.0000,0.0000,0.0000,0.710754,0.128113,0.581238,-0.374939,8.001,76.2,-1
1785793880.145,376,86907,0,0.00000000,0.00000000,0.00,0,0,-37.93,-0.044,0.0000,0.0000,0.0000,0.0000,0.710754,0.128113,0.581238,-0.374939,8.002,78.8,-1
1785793880.396,377,87150,0,0.00000000,0.00000000,0.00,0,0,-37.99,-0.073,0.0000,0.0000,0.0000,0.0000,0.710815,0.128113,0.581177,-0.374939,8.001,77.5,-1
1785793880.586,378,87370,0,0.00000000,0.00000000,0.00,0,0,-37.92,-0.016,0.0000,0.0000,0.0000,0.0000,0.710815,0.128113,0.581177,-0.374939,8.002,77.5,-1
1785793880.836,379,87590,0,0.00000000,0.00000000,0.00,0,0,-37.94,-0.016,0.0000,0.0000,0.0000,0.0000,0.710815,0.128113,0.581116,-0.374939,8.002,78.8,-1
1785793881.085,380,87811,0,0.00000000,0.00000000,0.00,0,0,-37.96,-0.042,0.0000,0.0000,0.0000,0.0000,0.710876,0.128174,0.581116,-0.374939,8.002,73.8,-1
1785793881.273,381,88034,0,0.00000000,0.00000000,0.00,0,0,-38.00,-0.069,0.0000,0.0000,0.0000,0.0000,0.710876,0.128174,0.581116,-0.374939,8.002,78.8,-1
1785793881.524,382,88253,0,0.00000000,0.00000000,0.00,0,0,-38.00,-0.085,0.0000,0.0000,0.0000,0.0000,0.710876,0.128174,0.581116,-0.374939,8.002,76.2,-1
1785793881.712,383,88477,0,0.00000000,0.00000000,0.00,0,0,-38.03,-0.089,0.0000,0.0000,0.0000,0.0000,0.710876,0.128174,0.581116,-0.374939,8.004,77.5,-1
1785793881.964,384,88704,0,0.00000000,0.00000000,0.00,0,0,-38.01,-0.087,0.0000,0.0000,0.0000,0.0000,0.710938,0.128174,0.580994,-0.374939,8.004,77.5,-1
1785793882.153,385,88923,0,0.00000000,0.00000000,0.00,0,0,-38.02,-0.089,0.0000,0.0000,0.0000,0.0000,0.710938,0.128235,0.580994,-0.374878,8.002,78.8,-1
1785793882.405,386,89137,0,0.00000000,0.00000000,0.00,0,0,-38.01,-0.062,0.0000,0.0000,0.0000,0.0000,0.710938,0.128174,0.581055,-0.374939,8.002,78.8,-1
1785793882.595,387,89363,0,0.00000000,0.00000000,0.00,0,0,-38.09,-0.110,0.0000,0.0000,0.0000,0.0000,0.710876,0.128174,0.581055,-0.374939,8.000,81.2,-1
1785793882.847,388,89584,0,0.00000000,0.00000000,0.00,0,0,-38.03,-0.076,0.0000,0.0000,0.0000,0.0000,0.710876,0.128174,0.581116,-0.374939,8.002,80.0,-1
1785793883.034,389,89805,0,0.00000000,0.00000000,0.00,0,0,-37.96,-0.019,0.0000,0.0000,0.0000,0.0000,0.710815,0.128174,0.581116,-0.374939,8.002,82.5,-1
1785793883.284,390,90031,0,0.00000000,0.00000000,0.00,0,0,-37.99,-0.026,0.0000,0.0000,0.0000,0.0000,0.710815,0.128174,0.581116,-0.374939,8.004,76.2,-1
1785793883.474,391,90249,0,0.00000000,0.00000000,0.00,0,0,-38.06,-0.068,0.0000,0.0000,0.0000,0.0000,0.710815,0.128174,0.581177,-0.374878,8.004,81.2,-1
1785793883.726,392,90478,0,0.00000000,0.00000000,0.00,0,0,-38.08,-0.066,0.0000,0.0000,0.0000,0.0000,0.710815,0.128174,0.581177,-0.374878,8.004,77.5,-1
1785793883.977,393,90703,0,0.00000000,0.00000000,0.00,0,0,-37.98,-0.004,0.0000,0.0000,0.0000,0.0000,0.710815,0.128174,0.581177,-0.374878,8.002,81.2,-1
1785793884.165,394,90925,0,0.00000000,0.00000000,0.00,0,0,-37.99,-0.012,0.0000,0.0000,0.0000,0.0000,0.710815,0.128235,0.581177,-0.374878,8.001,83.8,-1
1785793884.355,395,91140,0,0.00000000,0.00000000,0.00,0,0,-37.99,-0.003,0.0000,0.0000,0.0000,0.0000,0.710815,0.128235,0.581177,-0.374878,8.002,71.2,-1
1785793884.604,396,91357,0,0.00000000,0.00000000,0.00,0,0,-38.08,-0.065,0.0000,0.0000,0.0000,0.0000,0.710754,0.128235,0.581238,-0.374878,8.002,80.0,-1
1785793884.791,397,91577,0,0.00000000,0.00000000,0.00,0,0,-38.04,-0.032,0.0000,0.0000,0.0000,0.0000,0.710754,0.128174,0.581238,-0.374878,8.004,80.0,-1
1785793885.040,398,91799,0,0.00000000,0.00000000,0.00,0,0,-38.05,-0.030,0.0000,0.0000,0.0000,0.0000,0.710754,0.128174,0.581238,-0.374878,8.001,76.2,-1
1785793885.289,399,92016,0,0.00000000,0.00000000,0.00,0,0,-38.11,-0.062,0.0000,0.0000,0.0000,0.0000,0.710754,0.128174,0.581238,-0.374878,8.001,81.2,-1
1785793885.475,400,92233,0,0.00000000,0.00000000,0.00,0,0,-38.20,-0.094,0.0000,0.0000,0.0000,0.0000,0.710754,0.128174,0.581299,-0.374878,8.002,82.5,-1
1785793885.726,401,92461,0,0.00000000,0.00000000,0.00,0,0,-38.17,-0.055,0.0000,0.0000,0.0000,0.0000,0.710693,0.128235,0.581360,-0.374817,8.002,71.2,-1
1785793885.915,402,92683,0,0.00000000,0.00000000,0.00,0,0,-38.10,-0.001,0.0000,0.0000,0.0000,0.0000,0.710632,0.128235,0.581421,-0.374817,8.001,70.0,-1
1785793886.165,403,92904,0,0.00000000,0.00000000,0.00,0,0,-38.12,-0.002,0.0000,0.0000,0.0000,0.0000,0.710632,0.128235,0.581421,-0.374817,8.000,77.5,-1
1785793886.416,404,93155,0,0.00000000,0.00000000,0.00,0,0,-38.15,-0.027,0.0000,0.0000,0.0000,0.0000,0.710632,0.128235,0.581421,-0.374817,8.004,77.5,-1
1785793886.605,405,93380,0,0.00000000,0.00000000,0.00,0,0,-38.17,-0.041,0.0000,0.0000,0.0000,0.0000,0.710754,0.128235,0.581299,-0.374817,8.004,73.8,-1
1785793886.860,406,93602,0,0.00000000,0.00000000,0.00,0,0,-38.26,-0.093,0.0000,0.0000,0.0000,0.0000,0.710754,0.128235,0.581299,-0.374817,8.001,76.2,-1
1785793887.048,407,93823,0,0.00000000,0.00000000,0.00,0,0,-38.28,-0.086,0.0000,0.0000,0.0000,0.0000,0.710754,0.128235,0.581238,-0.374817,8.004,77.5,-1
1785793887.298,408,94045,0,0.00000000,0.00000000,0.00,0,0,-38.31,-0.105,0.0000,0.0000,0.0000,0.0000,0.710754,0.128235,0.581238,-0.374878,8.004,77.5,-1
1785793887.486,409,94262,0,0.00000000,0.00000000,0.00,0,0,-38.33,-0.113,0.0000,0.0000,0.0000,0.0000,0.710815,0.128235,0.581238,-0.374878,8.001,72.5,-1
1785793887.735,410,94485,0,0.00000000,0.00000000,0.00,0,0,-38.32,-0.107,0.0000,0.0000,0.0000,0.0000,0.710754,0.128235,0.581238,-0.374878,8.002,77.5,-1
1785793887.925,411,94709,0,0.00000000,0.00000000,0.00,0,0,-38.30,-0.091,0.0000,0.0000,0.0000,0.0000,0.710754,0.128235,0.581299,-0.374817,8.004,78.8,-1
1785793888.179,412,94930,0,0.00000000,0.00000000,0.00,0,0,-38.25,-0.047,0.0000,0.0000,0.0000,0.0000,0.710754,0.128174,0.581299,-0.374878,8.004,76.2,-1
1785793888.369,413,95151,0,0.00000000,0.00000000,0.00,0,0,-38.35,-0.115,0.0000,0.0000,0.0000,0.0000,0.710754,0.128174,0.581238,-0.374878,8.004,76.2,-1
1785793888.590,414,95378,0,0.00000000,0.00000000,0.00,0,0,-38.33,-0.086,0.0000,0.0000,0.0000,0.0000,0.710754,0.128235,0.581299,-0.374878,8.004,80.0,-1
1785793888.840,415,95599,0,0.00000000,0.00000000,0.00,0,0,-38.16,0.037,0.0000,0.0000,0.0000,0.0000,0.710693,0.128235,0.581360,-0.374817,8.004,81.2,-1
1785793889.089,416,95821,0,0.00000000,0.00000000,0.00,0,0,-38.20,0.012,0.0000,0.0000,0.0000,0.0000,0.710693,0.128235,0.581360,-0.374817,8.002,72.5,-1
1785793889.279,417,96041,0,0.00000000,0.00000000,0.00,0,0,-38.42,-0.121,0.0000,0.0000,0.0000,0.0000,0.710693,0.128235,0.581360,-0.374817,8.004,76.2,-1
1785793889.532,418,96259,0,0.00000000,0.00000000,0.00,0,0,-38.42,-0.101,0.0000,0.0000,0.0000,0.0000,0.710693,0.128235,0.581360,-0.374817,8.004,73.8,-1
1785793889.721,419,96481,0,0.00000000,0.00000000,0.00,0,0,-38.41,-0.090,0.0000,0.0000,0.0000,0.0000,0.710693,0.128235,0.581360,-0.374817,8.004,73.8,-1
1785793889.972,420,96697,0,0.00000000,0.00000000,0.00,0,0,-38.39,-0.077,0.0000,0.0000,0.0000,0.0000,0.710632,0.128235,0.581421,-0.374817,8.002,82.5,-1
1785793890.160,421,96917,0,0.00000000,0.00000000,0.00,0,0,-38.33,-0.042,0.0000,0.0000,0.0000,0.0000,0.710632,0.128235,0.581421,-0.374817,8.001,82.5,-1
1785793890.348,422,97135,0,0.00000000,0.00000000,0.00,0,0,-38.41,-0.091,0.0000,0.0000,0.0000,0.0000,0.710632,0.128235,0.581421,-0.374817,8.002,77.5,-1
1785793890.596,423,97362,0,0.00000000,0.00000000,0.00,0,0,-38.39,-0.052,0.0000,0.0000,0.0000,0.0000,0.710693,0.128235,0.581360,-0.374817,8.004,76.2,-1
1785793890.846,424,97581,0,0.00000000,0.00000000,0.00,0,0,-38.37,-0.046,0.0000,0.0000,0.0000,0.0000,0.710693,0.128113,0.581299,-0.374939,8.002,75.0,-1
1785793891.036,425,97803,0,0.00000000,0.00000000,0.00,0,0,-38.41,-0.062,0.0000,0.0000,0.0000,0.0000,0.710693,0.128052,0.581299,-0.375000,8.004,81.2,-1
1785793891.290,426,98024,0,0.00000000,0.00000000,0.00,0,0,-38.50,-0.113,0.0000,0.0000,0.0000,0.0000,0.710754,0.128052,0.581238,-0.375000,8.006,78.8,-1
1785793891.477,427,98242,0,0.00000000,0.00000000,0.00,0,0,-38.53,-0.109,0.0000,0.0000,0.0000,0.0000,0.710754,0.127991,0.581238,-0.375000,8.001,76.2,-1
1785793891.724,428,98461,0,0.00000000,0.00000000,0.00,0,0,-38.53,-0.096,0.0000,0.0000,0.0000,0.0000,0.710754,0.128052,0.581238,-0.375000,8.005,80.0,-1
1785793891.912,429,98685,0,0.00000000,0.00000000,0.00,0,0,-38.36,0.023,0.0000,0.0000,0.0000,0.0000,0.710754,0.128052,0.581177,-0.374939,8.002,76.2,-1
1785793892.162,430,98908,0,0.00000000,0.00000000,0.00,0,0,-38.43,-0.024,0.0000,0.0000,0.0000,0.0000,0.710754,0.128113,0.581177,-0.374939,8.001,80.0,-1
1785793892.411,431,99158,0,0.00000000,0.00000000,0.00,0,0,-38.47,-0.054,0.0000,0.0000,0.0000,0.0000,0.710754,0.128113,0.581238,-0.374939,8.002,76.2,-1
1785793892.601,432,99384,0,0.00000000,0.00000000,0.00,0,0,-38.43,-0.012,0.0000,0.0000,0.0000,0.0000,0.710754,0.128113,0.581177,-0.374939,8.001,82.5,-1
1785793892.854,433,99608,0,0.00000000,0.00000000,0.00,0,0,-38.46,-0.046,0.0000,0.0000,0.0000,0.0000,0.710754,0.128113,0.581177,-0.374939,8.002,78.8,-1
1785793893.041,434,99827,0,0.00000000,0.00000000,0.00,0,0,-38.34,0.022,0.0000,0.0000,0.0000,0.0000,0.710815,0.128113,0.581116,-0.374939,8.004,80.0,-1
1785793893.291,435,100048,0,0.00000000,0.00000000,0.00,0,0,-38.40,-0.014,0.0000,0.0000,0.0000,0.0000,0.710876,0.128174,0.581055,-0.374939,8.004,78.8,-1
1785793893.479,436,100265,0,0.00000000,0.00000000,0.00,0,0,-38.37,-0.007,0.0000,0.0000,0.0000,0.0000,0.710938,0.128174,0.581055,-0.374939,8.004,78.8,-1
1785793893.731,437,100489,0,0.00000000,0.00000000,0.00,0,0,-38.29,0.036,0.0000,0.0000,0.0000,0.0000,0.710876,0.128174,0.581055,-0.374939,8.002,75.0,-1
1785793893.920,438,100707,0,0.00000000,0.00000000,0.00,0,0,-38.34,-0.012,0.0000,0.0000,0.0000,0.0000,0.710876,0.128174,0.581055,-0.374939,8.004,76.2,-1
1785793894.174,439,100926,0,0.00000000,0.00000000,0.00,0,0,-38.31,0.019,0.0000,0.0000,0.0000,0.0000,0.710876,0.128113,0.581116,-0.374939,8.001,77.5,-1
1785793894.365,440,101143,0,0.00000000,0.00000000,0.00,0,0,-38.32,-0.004,0.0000,0.0000,0.0000,0.0000,0.710876,0.128113,0.581116,-0.374939,8.001,75.0,-1
1785793894.616,441,101370,0,0.00000000,0.00000000,0.00,0,0,-38.25,0.045,0.0000,0.0000,0.0000,0.0000,0.710876,0.128113,0.581116,-0.374939,8.001,72.5,-1
1785793894.867,442,101594,0,0.00000000,0.00000000,0.00,0,0,-38.26,0.026,0.0000,0.0000,0.0000,0.0000,0.710815,0.128113,0.581116,-0.374939,8.002,78.8,-1
1785793895.057,443,101816,0,0.00000000,0.00000000,0.00,0,0,-38.31,-0.006,0.0000,0.0000,0.0000,0.0000,0.710815,0.128113,0.581116,-0.374939,8.002,75.0,-1
1785793895.308,444,102042,0,0.00000000,0.00000000,0.00,0,0,-38.22,0.043,0.0000,0.0000,0.0000,0.0000,0.710815,0.128113,0.581116,-0.374939,8.002,76.2,-1
1785793895.498,445,102256,0,0.00000000,0.00000000,0.00,0,0,-38.32,-0.000,0.0000,0.0000,0.0000,0.0000,0.710815,0.128113,0.581116,-0.374939,8.004,73.8,-1
1785793895.753,446,102483,0,0.00000000,0.00000000,0.00,0,0,-38.12,0.118,0.0000,0.0000,0.0000,0.0000,0.710815,0.128174,0.581116,-0.374939,8.005,76.2,-1
1785793895.942,447,102706,0,0.00000000,0.00000000,0.00,0,0,-38.14,0.089,0.0000,0.0000,0.0000,0.0000,0.710815,0.128174,0.581177,-0.374939,8.005,75.0,-1
1785793896.190,448,102934,0,0.00000000,0.00000000,0.00,0,0,-37.96,0.179,0.0000,0.0000,0.0000,0.0000,0.710815,0.128174,0.581177,-0.374878,8.005,77.5,-1
1785793896.378,449,103149,0,0.00000000,0.00000000,0.00,0,0,-37.98,0.144,0.0000,0.0000,0.0000,0.0000,0.710815,0.128174,0.581177,-0.374878,8.001,81.2,-1
1785793896.628,450,103375,0,0.00000000,0.00000000,0.00,0,0,-37.95,0.148,0.0000,0.0000,0.0000,0.0000,0.710815,0.128174,0.581177,-0.374878,8.002,80.0,-1
1785793896.817,451,103593,0,0.00000000,0.00000000,0.00,0,0,-38.07,0.048,0.0000,0.0000,0.0000,0.0000,0.710815,0.128174,0.581238,-0.374878,8.001,78.8,-1
1785793897.071,452,103815,0,0.00000000,0.00000000,0.00,0,0,-37.97,0.093,0.0000,0.0000,0.0000,0.0000,0.710754,0.128235,0.581299,-0.374878,8.002,78.8,-1
1785793897.263,453,104034,0,0.00000000,0.00000000,0.00,0,0,-37.90,0.127,0.0000,0.0000,0.0000,0.0000,0.710754,0.128235,0.581299,-0.374817,7.999,77.5,-1
1785793897.514,454,104249,0,0.00000000,0.00000000,0.00,0,0,-37.96,0.051,0.0000,0.0000,0.0000,0.0000,0.710815,0.128296,0.581238,-0.374756,8.002,72.5,-1
1785793897.702,455,104477,0,0.00000000,0.00000000,0.00,0,0,-37.74,0.184,0.0000,0.0000,0.0000,0.0000,0.710815,0.128357,0.581238,-0.374756,8.004,76.2,-1
1785793897.953,456,104696,0,0.00000000,0.00000000,0.00,0,0,-37.71,0.177,0.0000,0.0000,0.0000,0.0000,0.710815,0.128296,0.581238,-0.374817,8.002,72.5,-1
1785793898.141,457,104915,0,0.00000000,0.00000000,0.00,0,0,-37.77,0.113,0.0000,0.0000,0.0000,0.0000,0.710815,0.128296,0.581238,-0.374817,8.004,82.5,-1
1785793898.391,458,105161,0,0.00000000,0.00000000,0.00,0,0,-37.76,0.091,0.0000,0.0000,0.0000,0.0000,0.710815,0.128235,0.581177,-0.374878,8.004,80.0,-1
1785793898.598,459,105385,0,0.00000000,0.00000000,0.00,0,0,-37.76,0.074,0.0000,0.0000,0.0000,0.0000,0.710815,0.128235,0.581177,-0.374878,8.002,77.5,-1
1785793898.847,460,105610,0,0.00000000,0.00000000,0.00,0,0,-37.76,0.063,0.0000,0.0000,0.0000,0.0000,0.710815,0.128174,0.581177,-0.374878,8.002,72.5,-1
1785793899.101,461,105833,0,0.00000000,0.00000000,0.00,0,0,-37.76,0.043,0.0000,0.0000,0.0000,0.0000,0.710876,0.128174,0.581116,-0.374878,8.002,80.0,-1
1785793899.290,462,106060,0,0.00000000,0.00000000,0.00,0,0,-37.68,0.102,0.0000,0.0000,0.0000,0.0000,0.710876,0.128174,0.581116,-0.374939,8.004,77.5,-1
1785793899.542,463,106278,0,0.00000000,0.00000000,0.00,0,0,-37.75,0.047,0.0000,0.0000,0.0000,0.0000,0.710815,0.128113,0.581177,-0.374939,8.001,80.0,-1
1785793899.734,464,106501,0,0.00000000,0.00000000,0.00,0,0,-37.72,0.080,0.0000,0.0000,0.0000,0.0000,0.710876,0.128174,0.581055,-0.374939,8.005,77.5,-1
1785793899.986,465,106722,0,0.00000000,0.00000000,0.00,0,0,-37.77,0.037,0.0000,0.0000,0.0000,0.0000,0.710876,0.128174,0.581055,-0.374939,8.001,78.8,-1
1785793900.176,466,106939,0,0.00000000,0.00000000,0.00,0,0,-37.70,0.080,0.0000,0.0000,0.0000,0.0000,0.710815,0.128174,0.581116,-0.374939,8.001,77.5,-1
1785793900.430,467,107155,0,0.00000000,0.00000000,0.00,0,0,-37.75,0.039,0.0000,0.0000,0.0000,0.0000,0.710815,0.128174,0.581177,-0.374878,8.002,75.0,-1
1785793900.617,468,107381,0,0.00000000,0.00000000,0.00,0,0,-37.86,-0.024,0.0000,0.0000,0.0000,0.0000,0.710815,0.128174,0.581238,-0.374878,8.001,80.0,-1
1785793900.868,469,107603,0,0.00000000,0.00000000,0.00,0,0,-37.72,0.076,0.0000,0.0000,0.0000,0.0000,0.710754,0.128174,0.581299,-0.374817,8.000,87.5,-1
1785793901.058,470,107822,0,0.00000000,0.00000000,0.00,0,0,-37.73,0.053,0.0000,0.0000,0.0000,0.0000,0.710693,0.128235,0.581299,-0.374817,8.001,76.2,-1
1785793901.312,471,108041,0,0.00000000,0.00000000,0.00,0,0,-37.77,0.016,0.0000,0.0000,0.0000,0.0000,0.710693,0.128235,0.581360,-0.374817,8.001,85.0,-1
1785793901.503,472,108255,0,0.00000000,0.00000000,0.00,0,0,-37.76,0.002,0.0000,0.0000,0.0000,0.0000,0.710754,0.128235,0.581299,-0.374817,8.001,76.2,-1
1785793901.756,473,108482,0,0.00000000,0.00000000,0.00,0,0,-37.68,0.048,0.0000,0.0000,0.0000,0.0000,0.710815,0.128174,0.581238,-0.374878,8.000,77.5,-1
1785793901.946,474,108706,0,0.00000000,0.00000000,0.00,0,0,-37.67,0.051,0.0000,0.0000,0.0000,0.0000,0.710815,0.128174,0.581238,-0.374878,8.001,75.0,-1
1785793902.137,475,108923,0,0.00000000,0.00000000,0.00,0,0,-37.76,-0.019,0.0000,0.0000,0.0000,0.0000,0.710815,0.128174,0.581238,-0.374878,8.001,78.8,-1
1785793902.386,476,109137,0,0.00000000,0.00000000,0.00,0,0,-37.73,0.006,0.0000,0.0000,0.0000,0.0000,0.710815,0.128174,0.581238,-0.374878,8.001,73.8,-1
1785793902.635,477,109360,0,0.00000000,0.00000000,0.00,0,0,-37.71,0.009,0.0000,0.0000,0.0000,0.0000,0.710815,0.128174,0.581238,-0.374878,8.001,72.5,-1
1785793902.824,478,109588,0,0.00000000,0.00000000,0.00,0,0,-37.73,0.001,0.0000,0.0000,0.0000,0.0000,0.710815,0.128235,0.581238,-0.374817,8.002,77.5,-1
1785793903.076,479,109813,0,0.00000000,0.00000000,0.00,0,0,-37.67,0.024,0.0000,0.0000,0.0000,0.0000,0.710754,0.128235,0.581238,-0.374817,8.001,75.0,-1
1785793903.266,480,110039,0,0.00000000,0.00000000,0.00,0,0,-37.72,-0.008,0.0000,0.0000,0.0000,0.0000,0.710754,0.128235,0.581238,-0.374817,8.001,72.5,-1
1785793903.518,481,110255,0,0.00000000,0.00000000,0.00,0,0,-37.79,-0.045,0.0000,0.0000,0.0000,0.0000,0.710815,0.128235,0.581238,-0.374817,8.000,76.2,-1
1785793903.706,482,110477,0,0.00000000,0.00000000,0.00,0,0,-37.69,0.013,0.0000,0.0000,0.0000,0.0000,0.710815,0.128235,0.581238,-0.374817,8.001,77.5,-1
1785793903.954,483,110697,0,0.00000000,0.00000000,0.00,0,0,-37.68,0.032,0.0000,0.0000,0.0000,0.0000,0.710815,0.128174,0.581238,-0.374878,8.005,77.5,-1
1785793904.143,484,110914,0,0.00000000,0.00000000,0.00,0,0,-37.73,-0.009,0.0000,0.0000,0.0000,0.0000,0.710815,0.128174,0.581238,-0.374878,8.004,77.5,-1
1785793904.392,485,111134,0,0.00000000,0.00000000,0.00,0,0,-37.73,0.017,0.0000,0.0000,0.0000,0.0000,0.710815,0.128235,0.581177,-0.374817,8.004,77.5,-1
1785793904.580,486,111359,0,0.00000000,0.00000000,0.00,0,0,-37.73,0.019,0.0000,0.0000,0.0000,0.0000,0.710815,0.128235,0.581238,-0.374817,8.002,73.8,-1
1785793904.830,487,111579,0,0.00000000,0.00000000,0.00,0,0,-37.76,-0.011,0.0000,0.0000,0.0000,0.0000,0.710815,0.128235,0.581238,-0.374817,8.002,76.2,-1
1785793905.016,488,111802,0,0.00000000,0.00000000,0.00,0,0,-37.80,-0.032,0.0000,0.0000,0.0000,0.0000,0.710754,0.128235,0.581299,-0.374817,8.002,77.5,-1
1785793905.269,489,112020,0,0.00000000,0.00000000,0.00,0,0,-37.69,0.029,0.0000,0.0000,0.0000,0.0000,0.710754,0.128235,0.581360,-0.374817,8.002,80.0,-1
1785793905.460,490,112230,0,0.00000000,0.00000000,0.00,0,0,-37.61,0.086,0.0000,0.0000,0.0000,0.0000,0.710693,0.128235,0.581360,-0.374756,8.004,80.0,-1
1785793905.708,491,112455,0,0.00000000,0.00000000,0.00,0,0,-37.67,0.040,0.0000,0.0000,0.0000,0.0000,0.710693,0.128235,0.581421,-0.374756,8.004,78.8,-1
1785793905.957,492,112683,0,0.00000000,0.00000000,0.00,0,0,-37.65,0.058,0.0000,0.0000,0.0000,0.0000,0.710632,0.128235,0.581421,-0.374756,8.005,76.2,-1
1785793906.145,493,112903,0,0.00000000,0.00000000,0.00,0,0,-37.69,0.017,0.0000,0.0000,0.0000,0.0000,0.710632,0.128296,0.581421,-0.374756,8.002,78.8,-1
1785793906.394,494,113144,0,0.00000000,0.00000000,0.00,0,0,-37.75,-0.024,0.0000,0.0000,0.0000,0.0000,0.710632,0.128296,0.581482,-0.374756,8.002,75.0,-1
1785793906.639,495,113366,0,0.00000000,0.00000000,0.00,0,0,-37.66,0.038,0.0000,0.0000,0.0000,0.0000,0.710632,0.128235,0.581482,-0.374756,8.001,77.5,-1
1785793906.823,496,113593,0,0.00000000,0.00000000,0.00,0,0,-37.56,0.094,0.0000,0.0000,0.0000,0.0000,0.710632,0.128235,0.581482,-0.374756,7.999,82.5,-1
1785793907.072,497,113814,0,0.00000000,0.00000000,0.00,0,0,-37.72,-0.017,0.0000,0.0000,0.0000,0.0000,0.710632,0.128296,0.581482,-0.374756,8.000,81.2,-1
1785793907.263,498,114036,0,0.00000000,0.00000000,0.00,0,0,-37.75,-0.040,0.0000,0.0000,0.0000,0.0000,0.710632,0.128296,0.581482,-0.374756,8.005,77.5,-1
1785793907.515,499,114255,0,0.00000000,0.00000000,0.00,0,0,-37.69,0.003,0.0000,0.0000,0.0000,0.0000,0.710632,0.128296,0.581482,-0.374756,8.002,72.5,-1
1785793907.705,500,114475,0,0.00000000,0.00000000,0.00,0,0,-37.75,-0.025,0.0000,0.0000,0.0000,0.0000,0.710632,0.128235,0.581421,-0.374756,8.004,77.5,-1
1785793907.953,501,114698,0,0.00000000,0.00000000,0.00,0,0,-37.81,-0.065,0.0000,0.0000,0.0000,0.0000,0.710693,0.128235,0.581360,-0.374817,8.004,75.0,-1
1785793908.142,502,114917,0,0.00000000,0.00000000,0.00,0,0,-37.66,0.037,0.0000,0.0000,0.0000,0.0000,0.710693,0.128235,0.581360,-0.374817,8.002,71.2,-1
1785793908.390,503,115160,0,0.00000000,0.00000000,0.00,0,0,-37.80,-0.060,0.0000,0.0000,0.0000,0.0000,0.710693,0.128235,0.581360,-0.374817,8.004,73.8,-1
1785793908.621,504,115379,0,0.00000000,0.00000000,0.00,0,0,-37.73,-0.018,0.0000,0.0000,0.0000,0.0000,0.710693,0.128235,0.581360,-0.374817,8.002,76.2,-1
1785793908.859,505,115596,0,0.00000000,0.00000000,0.00,0,0,-37.92,-0.122,0.0000,0.0000,0.0000,0.0000,0.710693,0.128235,0.581421,-0.374756,8.002,76.2,-1
1785793909.048,506,115821,0,0.00000000,0.00000000,0.00,0,0,-37.81,-0.060,0.0000,0.0000,0.0000,0.0000,0.710632,0.128235,0.581421,-0.374756,8.001,73.8,-1
1785793909.297,507,116048,0,0.00000000,0.00000000,0.00,0,0,-37.84,-0.067,0.0000,0.0000,0.0000,0.0000,0.710632,0.128235,0.581421,-0.374756,8.004,80.0,-1
1785793909.483,508,116256,0,0.00000000,0.00000000,0.00,0,0,-37.93,-0.108,0.0000,0.0000,0.0000,0.0000,0.710632,0.128235,0.581482,-0.374756,8.002,71.2,-1
1785793909.736,509,116482,0,0.00000000,0.00000000,0.00,0,0,-37.84,-0.035,0.0000,0.0000,0.0000,0.0000,0.710693,0.128235,0.581421,-0.374817,8.002,75.0,-1
1785793909.984,510,116710,0,0.00000000,0.00000000,0.00,0,0,-37.86,-0.049,0.0000,0.0000,0.0000,0.0000,0.710693,0.128235,0.581360,-0.374817,8.002,73.8,-1
1785793910.172,511,116933,0,0.00000000,0.00000000,0.00,0,0,-37.93,-0.091,0.0000,0.0000,0.0000,0.0000,0.710693,0.128235,0.581360,-0.374817,8.004,75.0,-1
1785793910.421,512,117149,0,0.00000000,0.00000000,0.00,0,0,-38.02,-0.125,0.0000,0.0000,0.0000,0.0000,0.710693,0.128235,0.581421,-0.374817,8.004,77.5,-1
1785793910.610,513,117374,0,0.00000000,0.00000000,0.00,0,0,-37.88,-0.027,0.0000,0.0000,0.0000,0.0000,0.710693,0.128174,0.581360,-0.374817,8.001,72.5,-1
1785793910.860,514,117595,0,0.00000000,0.00000000,0.00,0,0,-37.83,0.012,0.0000,0.0000,0.0000,0.0000,0.710693,0.128174,0.581421,-0.374878,8.004,75.0,-1
1785793911.049,515,117817,0,0.00000000,0.00000000,0.00,0,0,-37.97,-0.078,0.0000,0.0000,0.0000,0.0000,0.710632,0.127502,0.581482,-0.374939,8.002,71.2,-1
1785793911.302,516,118043,0,0.00000000,0.00000000,0.00,0,0,-37.91,-0.002,0.0000,0.0000,0.0000,0.0000,0.710754,0.127197,0.581421,-0.375000,8.001,78.8,-1
1785793911.491,517,118252,0,0.00000000,0.00000000,0.00,0,0,-38.01,-0.046,0.0000,0.0000,0.0000,0.0000,0.710632,0.126709,0.581726,-0.374878,8.002,76.2,-1
1785793911.743,518,118476,0,0.00000000,0.00000000,0.00,0,0,-38.01,-0.043,0.0000,0.0000,0.0000,0.0000,0.710510,0.125916,0.581909,-0.375122,8.002,70.0,-1
1785793911.929,519,118699,0,0.00000000,0.00000000,0.00,0,0,-38.05,-0.038,0.0000,0.0000,0.0000,0.0000,0.710510,0.126038,0.581848,-0.375122,8.002,78.8,-1
1785793912.178,520,118925,0,0.00000000,0.00000000,0.00,0,0,-38.15,-0.085,0.0000,0.0000,0.0000,0.0000,0.710510,0.126282,0.581848,-0.375000,8.002,76.2,-1
1785793912.366,521,119140,0,0.00000000,0.00000000,0.00,0,0,-38.17,-0.110,0.0000,0.0000,0.0000,0.0000,0.710571,0.126343,0.581970,-0.374817,8.002,76.2,-1
1785793912.618,522,119360,0,0.00000000,0.00000000,0.00,0,0,-38.19,-0.126,0.0000,0.0000,0.0000,0.0000,0.710449,0.126953,0.581970,-0.374817,8.004,72.5,-1
1785793912.808,523,119585,0,0.00000000,0.00000000,0.00,0,0,-38.11,-0.050,0.0000,0.0000,0.0000,0.0000,0.710266,0.126770,0.582214,-0.374756,8.002,81.2,-1
1785793913.062,524,119809,0,0.00000000,0.00000000,0.00,0,0,-38.19,-0.088,0.0000,0.0000,0.0000,0.0000,0.710144,0.127075,0.582336,-0.374695,8.002,76.2,-1
1785793913.250,525,120028,0,0.00000000,0.00000000,0.00,0,0,-38.27,-0.140,0.0000,0.0000,0.0000,0.0000,0.710205,0.126892,0.582275,-0.374756,8.002,73.8,-1
1785793913.503,526,120243,0,0.00000000,0.00000000,0.00,0,0,-38.23,-0.094,0.0000,0.0000,0.0000,0.0000,0.710388,0.126831,0.581970,-0.375000,8.002,70.0,-1
1785793913.683,527,120469,0,0.00000000,0.00000000,0.00,0,0,-38.17,-0.091,0.0000,0.0000,0.0000,0.0000,0.710388,0.126831,0.581909,-0.375061,8.002,72.5,-1
1785793913.927,528,120691,0,0.00000000,0.00000000,0.00,0,0,-38.15,-0.054,0.0000,0.0000,0.0000,0.0000,0.710388,0.126343,0.581909,-0.375183,8.001,75.0,-1
1785793914.175,529,120910,0,0.00000000,0.00000000,0.00,0,0,-38.22,-0.065,0.0000,0.0000,0.0000,0.0000,0.710388,0.125671,0.582031,-0.375183,8.002,80.0,-1
1785793914.428,530,121154,0,0.00000000,0.00000000,0.00,0,0,-38.19,-0.069,0.0000,0.0000,0.0000,0.0000,0.710388,0.126587,0.581909,-0.375000,8.001,77.5,-1
1785793914.616,531,121379,0,0.00000000,0.00000000,0.00,0,0,-38.31,-0.128,0.0000,0.0000,0.0000,0.0000,0.710510,0.126648,0.581848,-0.375000,8.002,80.0,-1
1785793914.871,532,121603,0,0.00000000,0.00000000,0.00,0,0,-38.29,-0.106,0.0000,0.0000,0.0000,0.0000,0.710449,0.126892,0.581970,-0.374817,8.005,80.0,-1
1785793915.062,533,121823,0,0.00000000,0.00000000,0.00,0,0,-38.37,-0.159,0.0000,0.0000,0.0000,0.0000,0.710510,0.126404,0.581848,-0.375000,8.004,76.2,-1
1785793915.313,534,122040,0,0.00000000,0.00000000,0.00,0,0,-38.35,-0.166,0.0000,0.0000,0.0000,0.0000,0.710266,0.125427,0.582458,-0.374878,8.004,77.5,-1
1785793915.502,535,122258,0,0.00000000,0.00000000,0.00,0,0,-38.36,-0.147,0.0000,0.0000,0.0000,0.0000,0.710266,0.125977,0.582275,-0.374939,8.004,78.8,-1
1785793915.749,536,122481,0,0.00000000,0.00000000,0.00,0,0,-38.37,-0.103,0.0000,0.0000,0.0000,0.0000,0.710266,0.125854,0.582275,-0.375000,8.000,81.2,-1
1785793915.937,537,122702,0,0.00000000,0.00000000,0.00,0,0,-38.40,-0.100,0.0000,0.0000,0.0000,0.0000,0.710388,0.125793,0.581970,-0.375305,8.002,80.0,-1
1785793916.187,538,122926,0,0.00000000,0.00000000,0.00,0,0,-38.31,-0.055,0.0000,0.0000,0.0000,0.0000,0.710510,0.125732,0.581848,-0.375305,8.002,82.5,-1
1785793916.376,539,123138,0,0.00000000,0.00000000,0.00,0,0,-38.39,-0.060,0.0000,0.0000,0.0000,0.0000,0.710693,0.125977,0.581543,-0.375305,7.999,78.8,-1
1785793916.628,540,123362,0,0.00000000,0.00000000,0.00,0,0,-38.30,-0.001,0.0000,0.0000,0.0000,0.0000,0.710632,0.125916,0.581726,-0.375122,8.002,81.2,-1
1785793916.817,541,123587,0,0.00000000,0.00000000,0.00,0,0,-38.42,-0.089,0.0000,0.0000,0.0000,0.0000,0.710510,0.125671,0.582031,-0.375000,8.004,76.2,-1
1785793917.069,542,123812,0,0.00000000,0.00000000,0.00,0,0,-38.42,-0.096,0.0000,0.0000,0.0000,0.0000,0.710632,0.125732,0.581848,-0.375061,8.004,72.5,-1
1785793917.256,543,124038,0,0.00000000,0.00000000,0.00,0,0,-38.46,-0.095,0.0000,0.0000,0.0000,0.0000,0.710632,0.125305,0.581909,-0.375183,8.004,78.8,-1
1785793917.505,544,124255,0,0.00000000,0.00000000,0.00,0,0,-38.45,-0.093,0.0000,0.0000,0.0000,0.0000,0.710571,0.125427,0.582031,-0.375000,8.001,81.2,-1
1785793917.755,545,124478,0,0.00000000,0.00000000,0.00,0,0,-38.50,-0.120,0.0000,0.0000,0.0000,0.0000,0.710632,0.125671,0.581848,-0.375000,8.002,76.2,-1
1785793917.941,546,124697,0,0.00000000,0.00000000,0.00,0,0,-38.49,-0.090,0.0000,0.0000,0.0000,0.0000,0.710693,0.125366,0.581726,-0.375183,7.999,80.0,-1
1785793918.191,547,124919,0,0.00000000,0.00000000,0.00,0,0,-38.48,-0.069,0.0000,0.0000,0.0000,0.0000,0.710693,0.125488,0.581787,-0.375122,8.004,78.8,-1
1785793918.379,548,125127,0,0.00000000,0.00000000,0.00,0,0,-38.51,-0.083,0.0000,0.0000,0.0000,0.0000,0.710571,0.125549,0.581909,-0.375122,8.001,81.2,-1
1785793918.567,549,125352,0,0.00000000,0.00000000,0.00,0,0,-38.60,-0.132,0.0000,0.0000,0.0000,0.0000,0.710449,0.125427,0.582092,-0.375061,8.002,70.0,-1
1785793918.816,550,125570,0,0.00000000,0.00000000,0.00,0,0,-38.55,-0.082,0.0000,0.0000,0.0000,0.0000,0.710510,0.125427,0.582092,-0.375061,8.001,80.0,-1
1785793919.074,551,125790,0,0.00000000,0.00000000,0.00,0,0,-38.55,-0.080,0.0000,0.0000,0.0000,0.0000,0.710571,0.125488,0.581909,-0.375061,8.001,80.0,-1
1785793919.254,552,126012,0,0.00000000,0.00000000,0.00,0,0,-38.46,-0.054,0.0000,0.0000,0.0000,0.0000,0.710632,0.125549,0.581665,-0.375366,8.001,71.2,-1
1785793919.441,553,126220,0,0.00000000,0.00000000,0.00,0,0,-38.47,-0.070,0.0000,0.0000,0.0000,0.0000,0.709656,0.131836,0.585144,-0.369629,7.999,78.8,-1
1785793919.693,554,126439,0,0.00000000,0.00000000,0.00,0,0,-38.45,-0.050,0.0000,0.0000,0.0000,0.0000,0.714905,0.128784,0.574158,-0.377686,8.000,78.8,-1
1785793919.882,555,126664,0,0.00000000,0.00000000,0.00,0,0,-38.43,-0.016,0.0000,0.0000,0.0000,0.0000,0.705811,0.118408,0.591980,-0.370605,8.002,77.5,-1
1785793920.135,556,126886,0,0.00000000,0.00000000,0.00,0,0,-38.44,-0.030,0.0000,0.0000,0.0000,0.0000,0.628235,0.134583,0.663940,-0.382568,8.001,81.2,-1
1785793920.383,557,127136,0,0.00000000,0.00000000,0.00,0,0,-38.54,-0.075,0.0000,0.0000,0.0000,0.0000,0.525513,0.151306,0.750671,-0.370789,8.001,73.8,-1
1785793920.633,558,127361,0,0.00000000,0.00000000,0.00,0,0,-38.50,-0.048,0.0000,0.0000,0.0000,0.0000,0.497253,0.155701,0.772034,-0.363892,8.002,78.8,-1
1785793920.822,559,127587,0,0.00000000,0.00000000,0.00,0,0,-38.51,-0.048,0.0000,0.0000,0.0000,0.0000,0.479126,0.167480,0.785583,-0.354004,8.004,80.0,-1
1785793921.073,560,127814,0,0.00000000,0.00000000,0.00,0,0,-38.37,0.057,0.0000,0.0000,0.0000,0.0000,0.469360,0.175720,0.792908,-0.346558,8.002,78.8,-1
1785793921.262,561,128034,0,0.00000000,0.00000000,0.00,0,0,-38.55,-0.067,0.0000,0.0000,0.0000,0.0000,0.458008,0.171631,0.797729,-0.352661,8.001,77.5,-1
1785793921.517,562,128255,0,0.00000000,0.00000000,0.00,0,0,-38.52,-0.107,0.0000,0.0000,0.0000,0.0000,0.460205,0.148315,0.795044,-0.366211,8.004,77.5,-1
1785793921.703,563,128476,0,0.00000000,0.00000000,0.00,0,0,-38.49,-0.057,0.0000,0.0000,0.0000,0.0000,0.460510,0.137634,0.795044,-0.369934,8.002,77.5,-1
1785793921.952,564,128694,0,0.00000000,0.00000000,0.00,0,0,-38.49,0.024,0.0000,0.0000,0.0000,0.0000,0.466980,0.132996,0.792053,-0.369995,8.005,80.0,-1
1785793922.140,565,128918,0,0.00000000,0.00000000,0.00,0,0,-38.42,0.043,0.0000,0.0000,0.0000,0.0000,0.468262,0.135864,0.790710,-0.370178,8.004,76.2,-1
1785793922.390,566,129132,0,0.00000000,0.00000000,0.00,0,0,-38.57,-0.065,0.0000,0.0000,0.0000,0.0000,0.475220,0.132751,0.786804,-0.370789,8.002,78.8,-1
1785793922.578,567,129355,0,0.00000000,0.00000000,0.00,0,0,-38.53,-0.039,0.0000,0.0000,0.0000,0.0000,0.504395,0.120178,0.763855,-0.384338,8.001,78.8,-1
1785793922.832,568,129579,0,0.00000000,0.00000000,0.00,0,0,-38.50,-0.040,0.0000,0.0000,0.0000,0.0000,0.530701,0.112671,0.747864,-0.382568,8.004,75.0,-1
1785793923.023,569,129800,0,0.00000000,0.00000000,0.00,0,0,-38.35,0.065,0.0000,0.0000,0.0000,0.0000,0.544189,0.108521,0.743164,-0.373840,8.002,72.5,-1
1785793923.273,570,130023,0,0.00000000,0.00000000,0.00,0,0,-38.42,0.005,0.0000,0.0000,0.0000,0.0000,0.562744,0.120422,0.735352,-0.357849,8.001,75.0,-1
1785793923.462,571,130241,0,0.00000000,0.00000000,0.00,0,0,-38.40,0.019,0.0000,0.0000,0.0000,0.0000,0.584534,0.120911,0.720520,-0.352905,8.002,78.8,-1
1785793923.679,572,130465,0,0.00000000,0.00000000,0.00,0,0,-38.38,0.027,0.0000,0.0000,0.0000,0.0000,0.605957,0.111633,0.704712,-0.351807,8.001,76.2,-1
1785793923.930,573,130690,0,0.00000000,0.00000000,0.00,0,0,-38.42,-0.010,0.0000,0.0000,0.0000,0.0000,0.621826,0.124390,0.689392,-0.350098,8.002,71.2,-1
1785793924.180,574,130909,0,0.00000000,0.00000000,0.00,0,0,-38.37,0.026,0.0000,0.0000,0.0000,0.0000,0.602722,0.147827,0.704102,-0.345154,8.002,85.0,-1
1785793924.371,575,131155,0,0.00000000,0.00000000,0.00,0,0,-38.34,0.049,0.0000,0.0000,0.0000,0.0000,0.572754,0.162720,0.729431,-0.336853,8.004,82.5,-1
1785793924.623,576,131383,0,0.00000000,0.00000000,0.00,0,0,-38.37,0.037,0.0000,0.0000,0.0000,0.0000,0.567444,0.173096,0.735168,-0.327881,8.004,75.0,-1
1785793924.877,577,131606,0,0.00000000,0.00000000,0.00,0,0,-38.29,0.108,0.0000,0.0000,0.0000,0.0000,0.550354,0.173035,0.746155,-0.332336,8.004,81.2,-1
1785793925.064,578,131834,0,0.00000000,0.00000000,0.00,0,0,-38.24,0.135,0.0000,0.0000,0.0000,0.0000,0.537720,0.171326,0.756165,-0.331299,8.002,77.5,-1
1785793925.319,579,132057,0,0.00000000,0.00000000,0.00,0,0,-38.33,0.083,0.0000,0.0000,0.0000,0.0000,0.549011,0.163513,0.745300,-0.341248,8.004,78.8,-1
1785793925.507,580,132275,0,0.00000000,0.00000000,0.00,0,0,-38.28,0.114,0.0000,0.0000,0.0000,0.0000,0.551636,0.163513,0.744141,-0.339539,8.004,80.0,-1
1785793925.757,581,132500,0,0.00000000,0.00000000,0.00,0,0,-38.30,0.025,0.0000,0.0000,0.0000,0.0000,0.558350,0.087708,0.733826,-0.376953,8.001,78.8,-1
1785793925.946,582,132725,0,0.00000000,0.00000000,0.00,0,0,-38.33,-0.071,0.0000,0.0000,0.0000,0.0000,0.498657,0.077332,0.733582,-0.455200,8.004,76.2,-1
1785793926.199,583,132948,0,0.00000000,0.00000000,0.00,0,0,-38.31,-0.126,0.0000,0.0000,0.0000,0.0000,0.536926,0.034363,0.710571,-0.453430,8.002,78.8,-1
1785793926.387,584,133163,0,0.00000000,0.00000000,0.00,0,0,-38.39,-0.195,0.0000,0.0000,0.0000,0.0000,0.542053,0.039185,0.695923,-0.469421,8.004,78.8,-1
1785793926.636,585,133387,0,0.00000000,0.00000000,0.00,0,0,-38.37,-0.120,0.0000,0.0000,0.0000,0.0000,0.429077,-0.020142,0.764771,-0.480286,8.004,77.5,-1
1785793926.824,586,133606,0,0.00000000,0.00000000,0.00,0,0,-38.34,0.022,0.0000,0.0000,0.0000,0.0000,0.425232,-0.143982,0.769958,-0.453369,8.001,83.8,-1
1785793927.076,587,133827,0,0.00000000,0.00000000,0.00,0,0,-38.29,0.067,0.0000,0.0000,0.0000,0.0000,0.442993,-0.231934,0.745300,-0.441040,8.005,76.2,-1
1785793927.265,588,134047,0,0.00000000,0.00000000,0.00,0,0,-38.21,0.066,0.0000,0.0000,0.0000,0.0000,0.423584,-0.267517,0.754700,-0.423584,8.001,75.0,-1
1785793927.521,589,134262,0,0.00000000,0.00000000,0.00,0,0,-38.17,0.076,0.0000,0.0000,0.0000,0.0000,0.402649,-0.300354,0.761841,-0.408936,8.001,77.5,-1
1785793927.708,590,134487,0,0.00000000,0.00000000,0.00,0,0,-38.22,0.000,0.0000,0.0000,0.0000,0.0000,0.325195,-0.310486,0.801025,-0.395264,8.002,78.8,-1
1785793927.958,591,134710,0,0.00000000,0.00000000,0.00,0,0,-38.17,-0.029,0.0000,0.0000,0.0000,0.0000,0.280029,-0.289124,0.830383,-0.385254,8.005,77.5,-1
1785793928.147,592,134930,0,0.00000000,0.00000000,0.00,0,0,-38.14,-0.037,0.0000,0.0000,0.0000,0.0000,0.199158,-0.251770,0.868225,-0.378357,8.004,76.2,-1
1785793928.396,593,135144,0,0.00000000,0.00000000,0.00,0,0,-38.15,0.001,0.0000,0.0000,0.0000,0.0000,0.152710,-0.226929,0.886658,-0.372925,8.001,78.8,-1
1785793928.584,594,135363,0,0.00000000,0.00000000,0.00,0,0,-38.05,0.058,0.0000,0.0000,0.0000,0.0000,0.181824,-0.223755,0.879395,-0.378845,8.002,76.2,-1
1785793928.834,595,135589,0,0.00000000,0.00000000,0.00,0,0,-38.25,-0.107,0.0000,0.0000,0.0000,0.0000,0.183105,-0.226624,0.879028,-0.377441,8.001,78.8,-1
1785793929.024,596,135809,0,0.00000000,0.00000000,0.00,0,0,-38.09,0.015,0.0000,0.0000,0.0000,0.0000,0.170593,-0.238342,0.875671,-0.383728,8.001,78.8,-1
1785793929.275,597,136033,0,0.00000000,0.00000000,0.00,0,0,-38.06,0.035,0.0000,0.0000,0.0000,0.0000,0.153625,-0.236755,0.882507,-0.376160,8.002,75.0,-1
1785793929.525,598,136247,0,0.00000000,0.00000000,0.00,0,0,-38.08,0.035,0.0000,0.0000,0.0000,0.0000,0.144897,-0.235657,0.885986,-0.372131,8.002,78.8,-1
1785793929.711,599,136473,0,0.00000000,0.00000000,0.00,0,0,-38.03,0.064,0.0000,0.0000,0.0000,0.0000,0.147827,-0.238586,0.883057,-0.375977,8.002,76.2,-1
1785793929.961,600,136695,0,0.00000000,0.00000000,0.00,0,0,-38.07,0.032,0.0000,0.0000,0.0000,0.0000,0.150208,-0.239990,0.882080,-0.376465,8.002,78.8,-1
1785793930.147,601,136912,0,0.00000000,0.00000000,0.00,0,0,-38.04,0.027,0.0000,0.0000,0.0000,0.0000,0.157166,-0.235901,0.881470,-0.377686,8.001,77.5,-1
1785793930.399,602,137154,0,0.00000000,0.00000000,0.00,0,0,-38.08,0.007,0.0000,0.0000,0.0000,0.0000,0.153320,-0.234619,0.882812,-0.377014,8.001,77.5,-1
1785793930.649,603,137376,0,0.00000000,0.00000000,0.00,0,0,-37.99,0.007,0.0000,0.0000,0.0000,0.0000,0.175781,-0.242493,0.874817,-0.380737,8.001,77.5,-1
1785793930.834,604,137598,0,0.00000000,0.00000000,0.00,0,0,-38.12,-0.077,0.0000,0.0000,0.0000,0.0000,0.178589,-0.256592,0.868347,-0.384949,8.001,83.8,-1
1785793931.085,605,137819,0,0.00000000,0.00000000,0.00,0,0,-38.05,-0.060,0.0000,0.0000,0.0000,0.0000,0.179382,-0.260742,0.867310,-0.384216,8.001,75.0,-1
1785793931.272,606,138043,0,0.00000000,0.00000000,0.00,0,0,-38.01,-0.020,0.0000,0.0000,0.0000,0.0000,0.186401,-0.263672,0.864075,-0.386169,8.001,83.8,-1
1785793931.520,607,138257,0,0.00000000,0.00000000,0.00,0,0,-38.08,-0.033,0.0000,0.0000,0.0000,0.0000,0.207092,-0.268250,0.856567,-0.389099,8.002,75.0,-1
1785793931.710,608,138476,0,0.00000000,0.00000000,0.00,0,0,-38.06,-0.026,0.0000,0.0000,0.0000,0.0000,0.215820,-0.280457,0.850525,-0.389038,8.001,73.8,-1
1785793931.965,609,138697,0,0.00000000,0.00000000,0.00,0,0,-38.12,-0.066,0.0000,0.0000,0.0000,0.0000,0.153015,-0.268738,0.870667,-0.382507,8.001,73.8,-1
1785793932.155,610,138920,0,0.00000000,0.00000000,0.00,0,0,-38.02,-0.020,0.0000,0.0000,0.0000,0.0000,0.138855,-0.250549,0.877136,-0.385437,8.002,70.0,-1
1785793932.401,611,139142,0,0.00000000,0.00000000,0.00,0,0,-37.96,0.066,0.0000,0.0000,0.0000,0.0000,0.114258,-0.234009,0.886963,-0.381470,8.001,72.5,-1
1785793932.590,612,139369,0,0.00000000,0.00000000,0.00,0,0,-37.99,0.075,0.0000,0.0000,0.0000,0.0000,0.115967,-0.189209,0.896362,-0.383728,7.999,77.5,-1
1785793932.841,613,139589,0,0.00000000,0.00000000,0.00,0,0,-37.95,0.076,0.0000,0.0000,0.0000,0.0000,0.116943,-0.181091,0.895752,-0.388794,8.002,77.5,-1
1785793933.027,614,139807,0,0.00000000,0.00000000,0.00,0,0,-38.01,0.063,0.0000,0.0000,0.0000,0.0000,0.093323,-0.146545,0.907288,-0.382996,8.000,78.8,-1
1785793933.278,615,140032,0,0.00000000,0.00000000,0.00,0,0,-37.93,0.109,0.0000,0.0000,0.0000,0.0000,0.216309,-0.177063,0.880859,-0.382080,8.001,75.0,-1
1785793933.467,616,140250,0,0.00000000,0.00000000,0.00,0,0,-38.09,-0.084,0.0000,0.0000,0.0000,0.0000,0.322327,-0.142029,0.859558,-0.370239,8.004,77.5,-1
1785793933.718,617,140474,0,0.00000000,0.00000000,0.00,0,0,-37.91,0.058,0.0000,0.0000,0.0000,0.0000,0.295654,-0.109619,0.869141,-0.381042,8.002,75.0,-1
1785793933.971,618,140700,0,0.00000000,0.00000000,0.00,0,0,-37.94,0.079,0.0000,0.0000,0.0000,0.0000,0.217407,-0.052429,0.876770,-0.425720,8.001,77.5,-1
1785793934.178,619,140923,0,0.00000000,0.00000000,0.00,0,0,-37.83,0.248,0.0000,0.0000,0.0000,0.0000,0.321228,-0.119446,0.852722,-0.394287,8.001,78.8,-1
1785793934.368,620,141137,0,0.00000000,0.00000000,0.00,0,0,-37.91,-0.002,0.0000,0.0000,0.0000,0.0000,0.614746,-0.006897,0.686951,-0.387512,8.001,80.0,-1
1785793934.619,621,141364,0,0.00000000,0.00000000,0.00,0,0,-38.03,-0.066,0.0000,0.0000,0.0000,0.0000,0.624634,0.003784,0.681152,-0.381897,8.002,75.0,-1
1785793934.805,622,141581,0,0.00000000,0.00000000,0.00,0,0,-38.01,-0.037,0.0000,0.0000,0.0000,0.0000,0.630005,0.013062,0.675781,-0.382385,8.002,80.0,-1
1785793935.053,623,141804,0,0.00000000,0.00000000,0.00,0,0,-37.94,0.048,0.0000,0.0000,0.0000,0.0000,0.659180,0.053772,0.649658,-0.374878,8.001,76.2,-1
1785793935.245,624,142022,0,0.00000000,0.00000000,0.00,0,0,-37.91,0.008,0.0000,0.0000,0.0000,0.0000,0.587769,-0.051086,0.742188,-0.317871,8.002,78.8,-1
1785793935.499,625,142240,0,0.00000000,0.00000000,0.00,0,0,-38.04,-0.023,0.0000,0.0000,0.0000,0.0000,0.655029,-0.072388,0.686707,-0.306763,8.002,73.8,-1
1785793935.689,626,142466,0,0.00000000,0.00000000,0.00,0,0,-37.89,0.053,0.0000,0.0000,0.0000,0.0000,0.702148,-0.091492,0.642212,-0.293579,8.002,68.8,-1
1785793935.936,627,142687,0,0.00000000,0.00000000,0.00,0,0,-37.87,-0.155,0.0000,0.0000,0.0000,0.0000,0.623413,-0.100647,0.700989,-0.331482,7.999,78.8,-1
1785793936.124,628,142905,0,0.00000000,0.00000000,0.00,0,0,-37.73,-0.046,0.0000,0.0000,0.0000,0.0000,0.392700,-0.163025,0.842834,-0.329956,8.002,80.0,-1
1785793936.378,629,143149,0,0.00000000,0.00000000,0.00,0,0,-37.87,0.024,0.0000,0.0000,0.0000,0.0000,0.188049,-0.234924,0.895386,-0.328247,8.002,76.2,-1
1785793936.632,630,143378,0,0.00000000,0.00000000,0.00,0,0,-37.92,0.044,0.0000,0.0000,0.0000,0.0000,0.081848,-0.265503,0.914551,-0.293884,8.002,71.2,-1
1785793936.822,631,143599,0,0.00000000,0.00000000,0.00,0,0,-37.87,0.052,0.0000,0.0000,0.0000,0.0000,0.093994,-0.265076,0.911011,-0.301636,8.004,83.8,-1
1785793937.072,632,143820,0,0.00000000,0.00000000,0.00,0,0,-37.82,0.123,0.0000,0.0000,0.0000,0.0000,0.136658,-0.269043,0.901367,-0.310608,8.000,76.2,-1
1785793937.260,633,144042,0,0.00000000,0.00000000,0.00,0,0,-37.78,0.065,0.0000,0.0000,0.0000,0.0000,0.119324,-0.269104,0.905212,-0.306580,8.002,80.0,-1
1785793937.507,634,144259,0,0.00000000,0.00000000,0.00,0,0,-37.86,0.073,0.0000,0.0000,0.0000,0.0000,0.067200,-0.251221,0.922180,-0.286316,8.001,78.8,-1
1785793937.698,635,144478,0,0.00000000,0.00000000,0.00,0,0,-37.90,-0.015,0.0000,0.0000,0.0000,0.0000,0.092651,-0.246521,0.915100,-0.305298,8.004,85.0,-1
1785793937.946,636,144699,0,0.00000000,0.00000000,0.00,0,0,-37.83,0.016,0.0000,0.0000,0.0000,0.0000,0.120972,-0.177246,0.930786,-0.296021,8.002,80.0,-1
1785793938.137,637,144919,0,0.00000000,0.00000000,0.00,0,0,-37.80,0.201,0.0000,0.0000,0.0000,0.0000,0.256897,-0.215149,0.899780,-0.279480,8.002,78.8,-1
1785793938.387,638,145133,0,0.00000000,0.00000000,0.00,0,0,-37.77,0.164,0.0000,0.0000,0.0000,0.0000,0.279175,-0.200867,0.895142,-0.283569,8.004,73.8,-1
1785793938.577,639,145357,0,0.00000000,0.00000000,0.00,0,0,-37.84,0.117,0.0000,0.0000,0.0000,0.0000,0.246521,-0.186035,0.913879,-0.263489,8.002,78.8,-1
1785793938.828,640,145583,0,0.00000000,0.00000000,0.00,0,0,-37.80,0.186,0.0000,0.0000,0.0000,0.0000,0.196045,-0.217651,0.928894,-0.226685,8.005,77.5,-1
1785793939.015,641,145800,0,0.00000000,0.00000000,0.00,0,0,-37.82,0.168,0.0000,0.0000,0.0000,0.0000,0.236389,-0.206055,0.925415,-0.212646,8.002,80.0,-1
1785793939.266,642,146020,0,0.00000000,0.00000000,0.00,0,0,-37.73,0.187,0.0000,0.0000,0.0000,0.0000,0.250549,-0.176819,0.926819,-0.216858,8.004,80.0,-1
1785793939.456,643,146237,0,0.00000000,0.00000000,0.00,0,0,-37.72,0.244,0.0000,0.0000,0.0000,0.0000,0.389343,-0.195740,0.873291,-0.217834,8.005,76.2,-1
1785793939.708,644,146462,0,0.00000000,0.00000000,0.00,0,0,-37.73,0.089,0.0000,0.0000,0.0000,0.0000,0.369812,-0.186157,0.883484,-0.219177,8.001,82.5,-1
1785793939.955,645,146683,0,0.00000000,0.00000000,0.00,0,0,-37.60,0.170,0.0000,0.0000,0.0000,0.0000,0.363037,-0.180847,0.888977,-0.212769,8.002,80.0,-1
1785793940.142,646,146905,0,0.00000000,0.00000000,0.00,0,0,-37.82,0.054,0.0000,0.0000,0.0000,0.0000,0.364685,-0.213745,0.879944,-0.216858,8.005,81.2,-1
1785793940.393,647,147147,0,0.00000000,0.00000000,0.00,0,0,-37.68,0.098,0.0000,0.0000,0.0000,0.0000,0.302917,-0.328308,0.875183,-0.185669,8.001,72.5,-1
1785793940.641,648,147375,0,0.00000000,0.00000000,0.00,0,0,-37.80,0.078,0.0000,0.0000,0.0000,0.0000,0.048462,-0.348572,0.919617,-0.174561,8.002,78.8,-1
1785793940.830,649,147599,0,0.00000000,0.00000000,0.00,0,0,-37.76,0.159,0.0000,0.0000,0.0000,0.0000,0.093750,-0.709961,0.690369,-0.102600,8.002,83.8,-1
1785793941.083,650,147823,0,0.00000000,0.00000000,0.00,0,0,-37.84,0.274,0.0000,0.0000,0.0000,0.0000,0.027527,0.704041,-0.702820,0.098145,8.002,78.8,-1
1785793941.273,651,148047,0,0.00000000,0.00000000,0.00,0,0,-37.78,0.324,0.0000,0.0000,0.0000,0.0000,0.037415,0.736328,-0.669922,0.087280,8.002,77.5,-1
1785793941.524,652,148266,0,0.00000000,0.00000000,0.00,0,0,-37.78,0.254,0.0000,0.0000,0.0000,0.0000,0.028259,0.730164,-0.675964,0.095459,8.002,81.2,-1
1785793941.711,653,148487,0,0.00000000,0.00000000,0.00,0,0,-37.83,0.314,0.0000,0.0000,0.0000,0.0000,0.011108,-0.712158,0.691528,-0.120239,8.004,76.2,-1
1785793941.957,654,148709,0,0.00000000,0.00000000,0.00,0,0,-37.82,0.388,0.0000,0.0000,0.0000,0.0000,0.085388,-0.662415,0.732483,-0.131897,8.004,81.2,-1
1785793942.144,655,148928,0,0.00000000,0.00000000,0.00,0,0,-37.71,0.367,0.0000,0.0000,0.0000,0.0000,0.088562,-0.656860,0.737061,-0.132141,8.001,80.0,-1
1785793942.397,656,149143,0,0.00000000,0.00000000,0.00,0,0,-37.77,0.269,0.0000,0.0000,0.0000,0.0000,0.088684,-0.651611,0.741516,-0.133301,8.002,72.5,-1
1785793942.586,657,149370,0,0.00000000,0.00000000,0.00,0,0,-37.84,0.195,0.0000,0.0000,0.0000,0.0000,0.088928,-0.641052,0.750366,-0.134644,8.004,73.8,-1
1785793942.837,658,149589,0,0.00000000,0.00000000,0.00,0,0,-37.73,0.229,0.0000,0.0000,0.0000,0.0000,0.087830,-0.629517,0.759888,-0.136414,8.002,77.5,-1
1785793943.026,659,149809,0,0.00000000,0.00000000,0.00,0,0,-37.83,0.118,0.0000,0.0000,0.0000,0.0000,0.085571,-0.623108,0.765381,-0.136169,8.002,78.8,-1
1785793943.275,660,150032,0,0.00000000,0.00000000,0.00,0,0,-37.83,0.039,0.0000,0.0000,0.0000,0.0000,0.075073,-0.616943,0.771912,-0.133789,8.004,76.2,-1
1785793943.524,661,150250,0,0.00000000,0.00000000,0.00,0,0,-37.78,0.171,0.0000,0.0000,0.0000,0.0000,0.097046,-0.606689,0.777527,-0.134094,8.002,78.8,-1
1785793943.711,662,150472,0,0.00000000,0.00000000,0.00,0,0,-37.72,0.262,0.0000,0.0000,0.0000,0.0000,0.095947,-0.598022,0.784302,-0.134155,8.002,75.0,-1
1785793943.961,663,150691,0,0.00000000,0.00000000,0.00,0,0,-37.85,0.157,0.0000,0.0000,0.0000,0.0000,0.132446,-0.589783,0.787170,-0.122559,8.002,77.5,-1
1785793944.148,664,150917,0,0.00000000,0.00000000,0.00,0,0,-37.78,0.201,0.0000,0.0000,0.0000,0.0000,0.133057,-0.586731,0.789307,-0.122925,8.005,73.8,-1
1785793944.398,665,151138,0,0.00000000,0.00000000,0.00,0,0,-37.91,0.125,0.0000,0.0000,0.0000,0.0000,0.132507,-0.580750,0.793640,-0.123596,8.002,75.0,-1
1785793944.586,666,151366,0,0.00000000,0.00000000,0.00,0,0,-37.91,0.110,0.0000,0.0000,0.0000,0.0000,0.131958,-0.574402,0.798279,-0.124329,8.002,71.2,-1
1785793944.839,667,151592,0,0.00000000,0.00000000,0.00,0,0,-37.80,0.161,0.0000,0.0000,0.0000,0.0000,0.131287,-0.568115,0.802979,-0.123535,8.001,82.5,-1
1785793945.091,668,151818,0,0.00000000,0.00000000,0.00,0,0,-37.75,0.176,0.0000,0.0000,0.0000,0.0000,0.128845,-0.564148,0.806335,-0.122131,8.001,76.2,-1
1785793945.280,669,152040,0,0.00000000,0.00000000,0.00,0,0,-37.85,0.079,0.0000,0.0000,0.0000,0.0000,0.120850,-0.560120,0.810120,-0.124084,8.002,80.0,-1
1785793945.533,670,152256,0,0.00000000,0.00000000,0.00,0,0,-37.78,0.126,0.0000,0.0000,0.0000,0.0000,0.112915,-0.559753,0.811218,-0.125854,8.004,78.8,-1
1785793945.722,671,152477,0,0.00000000,0.00000000,0.00,0,0,-37.80,0.097,0.0000,0.0000,0.0000,0.0000,0.073303,-0.550781,0.819153,-0.142273,8.004,76.2,-1
1785793945.974,672,152698,0,0.00000000,0.00000000,0.00,0,0,-37.98,-0.019,0.0000,0.0000,0.0000,0.0000,0.042358,-0.541931,0.824463,-0.157288,8.004,81.2,-1
1785793946.163,673,152919,0,0.00000000,0.00000000,0.00,0,0,-37.92,0.030,0.0000,0.0000,0.0000,0.0000,0.035034,-0.543152,0.824158,-0.156738,8.005,77.5,-1
1785793946.352,674,153135,0,0.00000000,0.00000000,0.00,0,0,-37.84,0.106,0.0000,0.0000,0.0000,0.0000,0.026184,-0.541809,0.824768,-0.159668,8.001,83.8,-1
1785793946.602,675,153359,0,0.00000000,0.00000000,0.00,0,0,-37.99,0.025,0.0000,0.0000,0.0000,0.0000,0.024902,-0.541443,0.825195,-0.159058,8.005,77.5,-1
1785793946.855,676,153579,0,0.00000000,0.00000000,0.00,0,0,-37.95,0.023,0.0000,0.0000,0.0000,0.0000,0.024780,-0.541382,0.825134,-0.159485,8.002,76.2,-1
1785793947.044,677,153801,0,0.00000000,0.00000000,0.00,0,0,-37.88,0.052,0.0000,0.0000,0.0000,0.0000,0.023926,-0.541565,0.825073,-0.159241,8.002,81.2,-1
1785793947.297,678,154021,0,0.00000000,0.00000000,0.00,0,0,-37.89,0.014,0.0000,0.0000,0.0000,0.0000,0.023621,-0.541626,0.825073,-0.159241,8.005,77.5,-1
1785793947.484,679,154243,0,0.00000000,0.00000000,0.00,0,0,-37.92,0.020,0.0000,0.0000,0.0000,0.0000,0.023254,-0.541626,0.825073,-0.159180,8.004,76.2,-1
1785793947.732,680,154468,0,0.00000000,0.00000000,0.00,0,0,-37.90,0.028,0.0000,0.0000,0.0000,0.0000,0.020874,-0.542114,0.825134,-0.157715,8.002,80.0,-1
1785793947.922,681,154689,0,0.00000000,0.00000000,0.00,0,0,-37.95,-0.007,0.0000,0.0000,0.0000,0.0000,0.018433,-0.542603,0.825134,-0.156067,8.001,80.0,-1
1785793948.172,682,154911,0,0.00000000,0.00000000,0.00,0,0,-37.83,0.058,0.0000,0.0000,0.0000,0.0000,0.015808,-0.543030,0.825256,-0.154175,8.002,82.5,-1
1785793948.425,683,155154,0,0.00000000,0.00000000,0.00,0,0,-37.76,0.082,0.0000,0.0000,0.0000,0.0000,0.014343,-0.543396,0.825317,-0.152954,8.002,76.2,-1
1785793948.616,684,155374,0,0.00000000,0.00000000,0.00,0,0,-37.93,-0.044,0.0000,0.0000,0.0000,0.0000,0.012573,-0.543823,0.825317,-0.151306,8.004,77.5,-1
1785793948.869,685,155591,0,0.00000000,0.00000000,0.00,0,0,-37.85,0.011,0.0000,0.0000,0.0000,0.0000,0.011780,-0.544067,0.825378,-0.150452,8.002,80.0,-1
1785793949.056,686,155812,0,0.00000000,0.00000000,0.00,0,0,-37.88,-0.022,0.0000,0.0000,0.0000,0.0000,0.011902,-0.544128,0.825317,-0.150391,8.004,80.0,-1
1785793949.309,687,156035,0,0.00000000,0.00000000,0.00,0,0,-38.04,-0.127,0.0000,0.0000,0.0000,0.0000,0.011841,-0.544128,0.825378,-0.150085,8.001,76.2,-1
1785793949.494,688,156250,0,0.00000000,0.00000000,0.00,0,0,-37.88,0.007,0.0000,0.0000,0.0000,0.0000,0.011719,-0.544189,0.825378,-0.149902,8.002,77.5,-1
1785793949.746,689,156475,0,0.00000000,0.00000000,0.00,0,0,-37.82,0.066,0.0000,0.0000,0.0000,0.0000,0.010803,-0.544373,0.825439,-0.148987,8.001,75.0,-1
1785793949.937,690,156696,0,0.00000000,0.00000000,0.00,0,0,-37.99,-0.047,0.0000,0.0000,0.0000,0.0000,0.010193,-0.544495,0.825500,-0.148315,8.001,71.2,-1
1785793950.191,691,156914,0,0.00000000,0.00000000,0.00,0,0,-37.86,0.035,0.0000,0.0000,0.0000,0.0000,0.009583,-0.544678,0.825500,-0.147644,8.002,80.0,-1
1785793950.382,692,157160,0,0.00000000,0.00000000,0.00,0,0,-37.99,-0.039,0.0000,0.0000,0.0000,0.0000,0.009827,-0.544678,0.825500,-0.147705,8.002,76.2,-1
1785793950.636,693,157384,0,0.00000000,0.00000000,0.00,0,0,-37.97,-0.053,0.0000,0.0000,0.0000,0.0000,0.016418,-0.543518,0.825317,-0.152222,8.002,73.8,-1
1785793950.824,694,157607,0,0.00000000,0.00000000,0.00,0,0,-37.94,-0.039,0.0000,0.0000,0.0000,0.0000,0.017151,-0.543335,0.825317,-0.152710,8.002,82.5,-1
1785793951.076,695,157827,0,0.00000000,0.00000000,0.00,0,0,-37.94,-0.026,0.0000,0.0000,0.0000,0.0000,0.017639,-0.543274,0.825317,-0.153137,8.002,76.2,-1
1785793951.266,696,158047,0,0.00000000,0.00000000,0.00,0,0,-37.90,0.021,0.0000,0.0000,0.0000,0.0000,0.018372,-0.543091,0.825195,-0.154236,8.001,76.2,-1
1785793951.520,697,158263,0,0.00000000,0.00000000,0.00,0,0,-38.01,-0.049,0.0000,0.0000,0.0000,0.0000,0.023376,-0.540222,0.826294,-0.157715,8.001,76.2,-1
1785793951.710,698,158490,0,0.00000000,0.00000000,0.00,0,0,-37.95,-0.041,0.0000,0.0000,0.0000,0.0000,0.036987,-0.541931,0.825623,-0.152649,8.001,72.5,-1
1785793951.959,699,158708,0,0.00000000,0.00000000,0.00,0,0,-37.97,-0.045,0.0000,0.0000,0.0000,0.0000,0.019775,-0.541870,0.825623,-0.156006,8.002,78.8,-1
1785793952.210,700,158931,0,0.00000000,0.00000000,0.00,0,0,-37.98,-0.074,0.0000,0.0000,0.0000,0.0000,0.026306,-0.544495,0.824585,-0.151367,8.002,80.0,-1
1785793952.395,701,159149,0,0.00000000,0.00000000,0.00,0,0,-37.96,-0.083,0.0000,0.0000,0.0000,0.0000,0.029053,-0.545776,0.824036,-0.149109,8.001,77.5,-1
1785793952.646,702,159368,0,0.00000000,0.00000000,0.00,0,0,-38.11,-0.169,0.0000,0.0000,0.0000,0.0000,0.026917,-0.544922,0.824402,-0.150696,8.000,81.2,-1
1785793952.836,703,159591,0,0.00000000,0.00000000,0.00,0,0,-38.01,-0.093,0.0000,0.0000,0.0000,0.0000,0.026550,-0.545288,0.824341,-0.149841,8.002,77.5,-1
1785793953.088,704,159810,0,0.00000000,0.00000000,0.00,0,0,-37.90,0.010,0.0000,0.0000,0.0000,0.0000,0.016968,-0.544067,0.824524,-0.154419,8.002,81.2,-1
1785793953.277,705,160033,0,0.00000000,0.00000000,0.00,0,0,-37.99,-0.010,0.0000,0.0000,0.0000,0.0000,0.025024,-0.545898,0.823792,-0.150879,8.002,76.2,-1
1785793953.466,706,160246,0,0.00000000,0.00000000,0.00,0,0,-38.16,-0.176,0.0000,0.0000,0.0000,0.0000,0.016541,-0.544250,0.824463,-0.154175,8.002,71.2,-1
1785793953.717,707,160474,0,0.00000000,0.00000000,0.00,0,0,-38.09,-0.112,0.0000,0.0000,0.0000,0.0000,0.016724,-0.543823,0.824707,-0.154480,8.004,73.8,-1
1785793953.965,708,160692,0,0.00000000,0.00000000,0.00,0,0,-37.99,-0.069,0.0000,0.0000,0.0000,0.0000,0.026123,-0.545959,0.824219,-0.147888,8.002,81.2,-1
1785793954.155,709,160914,0,0.00000000,0.00000000,0.00,0,0,-38.10,-0.142,0.0000,0.0000,0.0000,0.0000,0.022583,-0.545349,0.824158,-0.151184,8.004,75.0,-1
1785793954.407,710,161156,0,0.00000000,0.00000000,0.00,0,0,-38.07,-0.138,0.0000,0.0000,0.0000,0.0000,0.015320,-0.545410,0.823975,-0.153015,8.001,77.5,-1
1785793954.596,711,161376,0,0.00000000,0.00000000,0.00,0,0,-37.97,-0.073,0.0000,0.0000,0.0000,0.0000,0.013428,-0.545776,0.823914,-0.151917,8.005,76.2,-1
1785793954.848,712,161594,0,0.00000000,0.00000000,0.00,0,0,-38.05,-0.093,0.0000,0.0000,0.0000,0.0000,0.013550,-0.545776,0.823914,-0.152100,8.004,77.5,-1
1785793955.040,713,161814,0,0.00000000,0.00000000,0.00,0,0,-38.05,-0.088,0.0000,0.0000,0.0000,0.0000,0.012512,-0.546021,0.823914,-0.151184,8.002,78.8,-1
1785793955.292,714,162038,0,0.00000000,0.00000000,0.00,0,0,-37.91,-0.004,0.0000,0.0000,0.0000,0.0000,0.013245,-0.545837,0.823975,-0.151367,8.004,75.0,-1
1785793955.483,715,162253,0,0.00000000,0.00000000,0.00,0,0,-37.88,0.033,0.0000,0.0000,0.0000,0.0000,0.013000,-0.545898,0.824036,-0.150940,8.004,81.2,-1
1785793955.735,716,162477,0,0.00000000,0.00000000,0.00,0,0,-37.99,-0.022,0.0000,0.0000,0.0000,0.0000,0.011414,-0.546204,0.824097,-0.149597,8.004,75.0,-1
1785793955.924,717,162698,0,0.00000000,0.00000000,0.00,0,0,-37.89,0.057,0.0000,0.0000,0.0000,0.0000,0.010254,-0.546448,0.824158,-0.148682,8.005,76.2,-1
1785793956.175,718,162922,0,0.00000000,0.00000000,0.00,0,0,-38.01,-0.018,0.0000,0.0000,0.0000,0.0000,0.009705,-0.546570,0.824219,-0.147888,8.005,76.2,-1
1785793956.367,719,163140,0,0.00000000,0.00000000,0.00,0,0,-37.92,0.036,0.0000,0.0000,0.0000,0.0000,0.010254,-0.546509,0.824158,-0.148132,8.004,73.8,-1
1785793956.616,720,163362,0,0.00000000,0.00000000,0.00,0,0,-37.97,-0.004,0.0000,0.0000,0.0000,0.0000,0.010803,-0.546387,0.824219,-0.148254,8.004,75.0,-1
1785793956.806,721,163588,0,0.00000000,0.00000000,0.00,0,0,-37.97,-0.005,0.0000,0.0000,0.0000,0.0000,0.012207,-0.546204,0.824158,-0.149170,8.002,76.2,-1
1785793957.059,722,163812,0,0.00000000,0.00000000,0.00,0,0,-37.86,0.090,0.0000,0.0000,0.0000,0.0000,0.013306,-0.545959,0.824158,-0.149963,8.002,76.2,-1
1785793957.309,723,164033,0,0.00000000,0.00000000,0.00,0,0,-37.99,0.031,0.0000,0.0000,0.0000,0.0000,0.012451,-0.546082,0.824219,-0.149414,8.002,73.8,-1
1785793957.497,724,164253,0,0.00000000,0.00000000,0.00,0,0,-38.02,0.050,0.0000,0.0000,0.0000,0.0000,0.011719,-0.546265,0.824219,-0.148865,8.004,76.2,-1
1785793957.751,725,164473,0,0.00000000,0.00000000,0.00,0,0,-37.88,0.157,0.0000,0.0000,0.0000,0.0000,0.010803,-0.546387,0.824219,-0.148254,8.004,75.0,-1
1785793957.940,726,164700,0,0.00000000,0.00000000,0.00,0,0,-38.02,0.061,0.0000,0.0000,0.0000,0.0000,0.010925,-0.546387,0.824280,-0.148193,8.004,76.2,-1
1785793958.193,727,164924,0,0.00000000,0.00000000,0.00,0,0,-37.91,0.131,0.0000,0.0000,0.0000,0.0000,0.012573,-0.546143,0.824158,-0.149353,8.004,76.2,-1
1785793958.381,728,165138,0,0.00000000,0.00000000,0.00,0,0,-37.96,0.113,0.0000,0.0000,0.0000,0.0000,0.015991,-0.545532,0.824036,-0.151917,8.005,76.2,-1
1785793958.632,729,165364,0,0.00000000,0.00000000,0.00,0,0,-38.11,0.023,0.0000,0.0000,0.0000,0.0000,0.016846,-0.545288,0.824097,-0.152527,8.004,75.0,-1
1785793958.801,730,165586,0,0.00000000,0.00000000,0.00,0,0,-38.04,0.069,0.0000,0.0000,0.0000,0.0000,0.011230,-0.546265,0.824280,-0.148315,8.001,72.5,-1
1785793959.054,731,165816,0,0.00000000,0.00000000,0.00,0,0,-37.95,0.106,0.0000,0.0000,0.0000,0.0000,0.013184,-0.546021,0.824158,-0.149963,8.002,76.2,-1
1785793959.305,732,166036,0,0.00000000,0.00000000,0.00,0,0,-37.97,0.056,0.0000,0.0000,0.0000,0.0000,0.015137,-0.545654,0.824036,-0.151489,8.004,73.8,-1
1785793959.494,733,166250,0,0.00000000,0.00000000,0.00,0,0,-38.13,-0.038,0.0000,0.0000,0.0000,0.0000,0.015137,-0.545654,0.824036,-0.151489,8.002,73.8,-1
1785793959.745,734,166476,0,0.00000000,0.00000000,0.00,0,0,-38.15,-0.047,0.0000,0.0000,0.0000,0.0000,0.016418,-0.545410,0.823975,-0.152527,8.001,76.2,-1
1785793959.933,735,166700,0,0.00000000,0.00000000,0.00,0,0,-38.05,0.039,0.0000,0.0000,0.0000,0.0000,0.015015,-0.545593,0.824036,-0.151672,8.004,70.0,-1
1785793960.181,736,166923,0,0.00000000,0.00000000,0.00,0,0,-38.03,0.063,0.0000,0.0000,0.0000,0.0000,0.015686,-0.545471,0.824036,-0.152222,8.001,78.8,-1
1785793960.370,737,167142,0,0.00000000,0.00000000,0.00,0,0,-38.14,0.002,0.0000,0.0000,0.0000,0.0000,0.015625,-0.545532,0.823975,-0.152222,8.002,80.0,-1
1785793960.623,738,167368,0,0.00000000,0.00000000,0.00,0,0,-38.09,0.012,0.0000,0.0000,0.0000,0.0000,0.014282,-0.545715,0.824036,-0.151367,8.005,76.2,-1
1785793960.812,739,167587,0,0.00000000,0.00000000,0.00,0,0,-38.22,-0.037,0.0000,0.0000,0.0000,0.0000,0.013855,-0.545776,0.824097,-0.150940,8.001,80.0,-1
1785793961.065,740,167808,0,0.00000000,0.00000000,0.00,0,0,-38.15,0.039,0.0000,0.0000,0.0000,0.0000,0.006653,-0.547119,0.824341,-0.145203,8.004,80.0,-1
1785793961.251,741,168029,0,0.00000000,0.00000000,0.00,0,0,-38.05,0.076,0.0000,0.0000,0.0000,0.0000,0.011414,-0.546265,0.824219,-0.148804,8.005,77.5,-1
1785793961.499,742,168240,0,0.00000000,0.00000000,0.00,0,0,-38.08,0.074,0.0000,0.0000,0.0000,0.0000,0.012817,-0.545959,0.824219,-0.149780,8.002,73.8,-1
1785793961.688,743,168457,0,0.00000000,0.00000000,0.00,0,0,-38.07,0.075,0.0000,0.0000,0.0000,0.0000,0.013123,-0.545898,0.824158,-0.150208,8.001,80.0,-1
1785793961.938,744,168681,0,0.00000000,0.00000000,0.00,0,0,-38.11,0.034,0.0000,0.0000,0.0000,0.0000,0.013062,-0.545959,0.824097,-0.150330,8.001,77.5,-1
1785793962.127,745,168898,0,0.00000000,0.00000000,0.00,0,0,-38.16,0.007,0.0000,0.0000,0.0000,0.0000,0.013306,-0.545837,0.824097,-0.150696,8.002,77.5,-1
1785793962.382,746,169142,0,0.00000000,0.00000000,0.00,0,0,-38.19,-0.012,0.0000,0.0000,0.0000,0.0000,0.012451,-0.546021,0.824158,-0.150024,8.002,76.2,-1
1785793962.635,747,169366,0,0.00000000,0.00000000,0.00,0,0,-38.13,0.013,0.0000,0.0000,0.0000,0.0000,0.012085,-0.546021,0.824158,-0.149719,8.004,75.0,-1
1785793962.824,748,169593,0,0.00000000,0.00000000,0.00,0,0,-38.20,-0.035,0.0000,0.0000,0.0000,0.0000,0.011841,-0.546021,0.824219,-0.149475,8.005,80.0,-1
1785793963.072,749,169815,0,0.00000000,0.00000000,0.00,0,0,-38.15,0.008,0.0000,0.0000,0.0000,0.0000,0.011780,-0.546082,0.824219,-0.149414,8.002,78.8,-1
1785793963.260,750,170032,0,0.00000000,0.00000000,0.00,0,0,-38.18,0.008,0.0000,0.0000,0.0000,0.0000,0.011841,-0.546082,0.824219,-0.149353,8.002,85.0,-1
1785793963.512,751,170243,0,0.00000000,0.00000000,0.00,0,0,-38.12,0.028,0.0000,0.0000,0.0000,0.0000,0.011963,-0.546082,0.824219,-0.149475,8.004,77.5,-1
1785793963.702,752,170461,0,0.00000000,0.00000000,0.00,0,0,-38.25,-0.053,0.0000,0.0000,0.0000,0.0000,0.012573,-0.546021,0.824219,-0.149780,8.004,77.5,-1
1785793963.954,753,170686,0,0.00000000,0.00000000,0.00,0,0,-38.20,-0.000,0.0000,0.0000,0.0000,0.0000,0.011780,-0.546082,0.824280,-0.149170,8.001,75.0,-1
1785793964.146,754,170907,0,0.00000000,0.00000000,0.00,0,0,-38.19,0.009,0.0000,0.0000,0.0000,0.0000,0.011230,-0.546204,0.824280,-0.148682,8.001,71.2,-1
1785793964.391,755,171156,0,0.00000000,0.00000000,0.00,0,0,-38.38,-0.116,0.0000,0.0000,0.0000,0.0000,0.011230,-0.546265,0.824219,-0.148804,8.002,78.8,-1
1785793964.644,756,171377,0,0.00000000,0.00000000,0.00,0,0,-38.21,-0.005,0.0000,0.0000,0.0000,0.0000,0.009827,-0.546509,0.824280,-0.147522,8.004,78.8,-1
1785793964.833,757,171596,0,0.00000000,0.00000000,0.00,0,0,-38.25,-0.010,0.0000,0.0000,0.0000,0.0000,0.009644,-0.546570,0.824280,-0.147278,8.002,82.5,-1
1785793965.086,758,171816,0,0.00000000,0.00000000,0.00,0,0,-38.25,-0.002,0.0000,0.0000,0.0000,0.0000,0.009888,-0.546570,0.824280,-0.147400,8.001,81.2,-1
1785793965.275,759,172037,0,0.00000000,0.00000000,0.00,0,0,-38.25,-0.017,0.0000,0.0000,0.0000,0.0000,0.010010,-0.546631,0.824280,-0.147217,8.005,81.2,-1
1785793965.526,760,172251,0,0.00000000,0.00000000,0.00,0,0,-38.34,-0.058,0.0000,0.0000,0.0000,0.0000,0.009827,-0.546631,0.824280,-0.147034,8.004,82.5,-1
1785793965.715,761,172477,0,0.00000000,0.00000000,0.00,0,0,-38.38,-0.100,0.0000,0.0000,0.0000,0.0000,0.009827,-0.546631,0.824341,-0.146790,8.002,76.2,-1
1785793965.966,762,172697,0,0.00000000,0.00000000,0.00,0,0,-38.26,0.003,0.0000,0.0000,0.0000,0.0000,0.011658,-0.546387,0.824219,-0.148132,8.002,73.8,-1
1785793966.151,763,172922,0,0.00000000,0.00000000,0.00,0,0,-38.31,0.071,0.0000,0.0000,0.0000,0.0000,0.054382,-0.543640,0.824890,-0.144958,8.002,75.0,-1
1785793966.401,764,173139,0,0.00000000,0.00000000,0.00,0,0,-38.20,0.168,0.0000,0.0000,0.0000,0.0000,0.060913,-0.543335,0.824829,-0.144165,8.001,78.8,-1
1785793966.590,765,173360,0,0.00000000,0.00000000,0.00,0,0,-38.30,0.067,0.0000,0.0000,0.0000,0.0000,0.063477,-0.543762,0.824707,-0.142029,8.004,75.0,-1
1785793966.844,766,173579,0,0.00000000,0.00000000,0.00,0,0,-38.28,0.069,0.0000,0.0000,0.0000,0.0000,0.064087,-0.535034,0.830261,-0.142456,8.001,83.8,-1
1785793967.032,767,173798,0,0.00000000,0.00000000,0.00,0,0,-38.27,0.060,0.0000,0.0000,0.0000,0.0000,0.060791,-0.518982,0.840454,-0.143311,8.002,83.8,-1
1785793967.284,768,174021,0,0.00000000,0.00000000,0.00,0,0,-38.31,0.024,0.0000,0.0000,0.0000,0.0000,0.060974,-0.519165,0.840393,-0.143066,8.001,73.8,-1
1785793967.474,769,174233,0,0.00000000,0.00000000,0.00,0,0,-38.37,-0.043,0.0000,0.0000,0.0000,0.0000,0.073425,-0.513062,0.843567,-0.140503,8.004,76.2,-1
1785793967.724,770,174455,0,0.00000000,0.00000000,0.00,0,0,-38.25,0.031,0.0000,0.0000,0.0000,0.0000,0.081299,-0.513672,0.842834,-0.138428,8.002,78.8,-1
1785793967.913,771,174682,0,0.00000000,0.00000000,0.00,0,0,-38.31,-0.012,0.0000,0.0000,0.0000,0.0000,0.113464,-0.508240,0.843933,-0.128723,8.002,76.2,-1
1785793968.167,772,174903,0,0.00000000,0.00000000,0.00,0,0,-38.30,-0.060,0.0000,0.0000,0.0000,0.0000,0.112732,-0.502808,0.847107,-0.130127,8.004,80.0,-1
1785793968.418,773,175151,0,0.00000000,0.00000000,0.00,0,0,-38.30,-0.054,0.0000,0.0000,0.0000,0.0000,0.112732,-0.500000,0.848633,-0.130676,8.001,78.8,-1
1785793968.606,774,175373,0,0.00000000,0.00000000,0.00,0,0,-38.47,-0.147,0.0000,0.0000,0.0000,0.0000,0.090515,-0.501160,0.851562,-0.124573,8.002,77.5,-1
1785793968.837,775,175592,0,0.00000000,0.00000000,0.00,0,0,-38.37,-0.116,0.0000,0.0000,0.0000,0.0000,0.108154,-0.496582,0.851440,-0.129333,8.002,80.0,-1
1785793969.089,776,175816,0,0.00000000,0.00000000,0.00,0,0,-38.36,-0.070,0.0000,0.0000,0.0000,0.0000,0.106873,-0.494080,0.852905,-0.130493,8.002,80.0,-1
1785793969.277,777,176035,0,0.00000000,0.00000000,0.00,0,0,-38.35,-0.062,0.0000,0.0000,0.0000,0.0000,0.108459,-0.493103,0.853271,-0.130432,8.001,76.2,-1
1785793969.467,778,176247,0,0.00000000,0.00000000,0.00,0,0,-38.45,-0.101,0.0000,0.0000,0.0000,0.0000,0.108643,-0.492310,0.853699,-0.130371,8.001,76.2,-1
1785793969.722,779,176468,0,0.00000000,0.00000000,0.00,0,0,-38.39,-0.072,0.0000,0.0000,0.0000,0.0000,0.109009,-0.490662,0.854553,-0.130554,8.002,75.0,-1
1785793969.912,780,176691,0,0.00000000,0.00000000,0.00,0,0,-38.41,-0.067,0.0000,0.0000,0.0000,0.0000,0.109314,-0.489746,0.855103,-0.130676,8.001,81.2,-1
1785793970.163,781,176912,0,0.00000000,0.00000000,0.00,0,0,-38.43,-0.083,0.0000,0.0000,0.0000,0.0000,0.108948,-0.489014,0.855530,-0.130676,8.002,82.5,-1
1785793970.351,782,177124,0,0.00000000,0.00000000,0.00,0,0,-38.40,-0.055,0.0000,0.0000,0.0000,0.0000,0.108704,-0.487549,0.856323,-0.131042,8.004,82.5,-1
1785793970.600,783,177326,0,0.00000000,0.00000000,0.00,0,0,-38.39,-0.046,0.0000,0.0000,0.0000,0.0000,0.109619,-0.486877,0.856567,-0.131165,8.000,80.0,-1
1785793970.786,784,177548,0,0.00000000,0.00000000,0.00,0,0,-38.25,0.050,0.0000,0.0000,0.0000,0.0000,0.108765,-0.484924,0.857727,-0.131470,8.006,80.0,-1
1785793971.041,785,177772,0,0.00000000,0.00000000,0.00,0,0,-38.43,-0.080,0.0000,0.0000,0.0000,0.0000,0.108704,-0.484253,0.858032,-0.132080,8.002,80.0,-1
1785793971.230,786,177998,0,0.00000000,0.00000000,0.00,0,0,-38.44,-0.092,0.0000,0.0000,0.0000,0.0000,0.108398,-0.483337,0.858521,-0.132446,8.005,80.0,-1
1785793971.483,787,178214,0,0.00000000,0.00000000,0.00,0,0,-38.39,-0.033,0.0000,0.0000,0.0000,0.0000,0.108337,-0.482849,0.858826,-0.132568,8.002,76.2,-1
1785793971.672,788,178441,0,0.00000000,0.00000000,0.00,0,0,-38.13,0.115,0.0000,0.0000,0.0000,0.0000,0.108643,-0.482178,0.859131,-0.132629,8.005,76.2,-1
1785793971.922,789,178660,0,0.00000000,0.00000000,0.00,0,0,-38.12,0.132,0.0000,0.0000,0.0000,0.0000,0.108398,-0.481506,0.859558,-0.132629,8.002,78.8,-1
1785793972.109,790,178881,0,0.00000000,0.00000000,0.00,0,0,-38.23,0.053,0.0000,0.0000,0.0000,0.0000,0.108337,-0.480347,0.860168,-0.132874,8.001,73.8,-1
1785793972.359,791,179102,0,0.00000000,0.00000000,0.00,0,0,-38.22,0.048,0.0000,0.0000,0.0000,0.0000,0.108154,-0.478943,0.860962,-0.133118,8.002,83.8,-1
1785793972.550,792,179322,0,0.00000000,0.00000000,0.00,0,0,-38.22,0.028,0.0000,0.0000,0.0000,0.0000,0.108032,-0.478210,0.861328,-0.133240,8.002,76.2,-1
1785793972.802,793,179545,0,0.00000000,0.00000000,0.00,0,0,-38.14,0.091,0.0000,0.0000,0.0000,0.0000,0.108032,-0.478027,0.861450,-0.133179,8.006,76.2,-1
1785793972.989,794,179762,0,0.00000000,0.00000000,0.00,0,0,-38.19,0.060,0.0000,0.0000,0.0000,0.0000,0.107849,-0.476318,0.862366,-0.133362,8.005,78.8,-1
1785793973.240,795,179985,0,0.00000000,0.00000000,0.00,0,0,-38.13,0.083,0.0000,0.0000,0.0000,0.0000,0.107727,-0.475586,0.862793,-0.133484,8.004,75.0,-1
1785793973.429,796,180198,0,0.00000000,0.00000000,0.00,0,0,-38.19,0.057,0.0000,0.0000,0.0000,0.0000,0.107666,-0.474609,0.863281,-0.133545,8.006,76.2,-1
1785793973.679,797,180425,0,0.00000000,0.00000000,0.00,0,0,-38.35,-0.050,0.0000,0.0000,0.0000,0.0000,0.107544,-0.473694,0.863831,-0.133606,8.005,76.2,-1
1785793973.865,798,180648,0,0.00000000,0.00000000,0.00,0,0,-38.23,0.012,0.0000,0.0000,0.0000,0.0000,0.107483,-0.473145,0.864136,-0.133667,8.002,75.0,-1
1785793974.116,799,180873,0,0.00000000,0.00000000,0.00,0,0,-38.09,0.097,0.0000,0.0000,0.0000,0.0000,0.107300,-0.472046,0.864746,-0.133667,8.002,83.8,-1
1785793974.368,800,181097,0,0.00000000,0.00000000,0.00,0,0,-38.18,0.019,0.0000,0.0000,0.0000,0.0000,0.107361,-0.471802,0.864868,-0.133667,8.005,83.8,-1
1785793974.557,801,181318,0,0.00000000,0.00000000,0.00,0,0,-38.30,-0.088,0.0000,0.0000,0.0000,0.0000,0.107361,-0.471497,0.865051,-0.133667,8.006,75.0,-1
1785793974.812,802,181538,0,0.00000000,0.00000000,0.00,0,0,-38.25,-0.051,0.0000,0.0000,0.0000,0.0000,0.107544,-0.471375,0.865112,-0.133728,8.004,78.8,-1
1785793975.003,803,181758,0,0.00000000,0.00000000,0.00,0,0,-38.23,-0.036,0.0000,0.0000,0.0000,0.0000,0.107483,-0.471252,0.865173,-0.133850,8.005,77.5,-1
1785793975.254,804,181977,0,0.00000000,0.00000000,0.00,0,0,-38.23,-0.022,0.0000,0.0000,0.0000,0.0000,0.107544,-0.471130,0.865234,-0.133789,8.004,80.0,-1
1785793975.444,805,182192,0,0.00000000,0.00000000,0.00,0,0,-38.25,-0.041,0.0000,0.0000,0.0000,0.0000,0.107605,-0.470703,0.865417,-0.133972,8.004,76.2,-1
1785793975.635,806,182416,0,0.00000000,0.00000000,0.00,0,0,-38.22,0.000,0.0000,0.0000,0.0000,0.0000,0.107605,-0.470642,0.865479,-0.133911,8.004,81.2,-1
1785793975.887,807,182641,0,0.00000000,0.00000000,0.00,0,0,-38.16,0.054,0.0000,0.0000,0.0000,0.0000,0.107605,-0.470459,0.865540,-0.133911,8.005,75.0,-1
1785793976.140,808,182871,0,0.00000000,0.00000000,0.00,0,0,-38.30,-0.039,0.0000,0.0000,0.0000,0.0000,0.107605,-0.470032,0.865723,-0.134033,8.005,76.2,-1
1785793976.328,809,183089,0,0.00000000,0.00000000,0.00,0,0,-38.27,-0.019,0.0000,0.0000,0.0000,0.0000,0.108704,-0.470703,0.865295,-0.133972,8.005,77.5,-1
1785793976.576,810,183303,0,0.00000000,0.00000000,0.00,0,0,-38.32,-0.061,0.0000,0.0000,0.0000,0.0000,0.109131,-0.470337,0.865417,-0.133911,8.002,73.8,-1
1785793976.765,811,183531,0,0.00000000,0.00000000,0.00,0,0,-38.37,-0.089,0.0000,0.0000,0.0000,0.0000,0.109192,-0.469421,0.865906,-0.133972,8.002,77.5,-1
1785793977.017,812,183752,0,0.00000000,0.00000000,0.00,0,0,-38.26,-0.015,0.0000,0.0000,0.0000,0.0000,0.109375,-0.469177,0.866028,-0.133911,8.004,76.2,-1
1785793977.205,813,183969,0,0.00000000,0.00000000,0.00,0,0,-38.25,-0.007,0.0000,0.0000,0.0000,0.0000,0.109253,-0.468811,0.866211,-0.133911,8.001,76.2,-1
1785793977.456,814,184184,0,0.00000000,0.00000000,0.00,0,0,-38.21,0.015,0.0000,0.0000,0.0000,0.0000,0.109192,-0.468384,0.866455,-0.134033,8.001,78.8,-1
1785793977.646,815,184401,0,0.00000000,0.00000000,0.00,0,0,-38.33,-0.037,0.0000,0.0000,0.0000,0.0000,0.109009,-0.467224,0.867065,-0.134216,8.001,82.5,-1
1785793977.898,816,184620,0,0.00000000,0.00000000,0.00,0,0,-38.40,-0.086,0.0000,0.0000,0.0000,0.0000,0.108154,-0.466187,0.867737,-0.134277,8.002,80.0,-1
1785793978.086,817,184846,0,0.00000000,0.00000000,0.00,0,0,-38.33,-0.053,0.0000,0.0000,0.0000,0.0000,0.108154,-0.466064,0.867798,-0.134277,8.001,77.5,-1
1785793978.336,818,185068,0,0.00000000,0.00000000,0.00,0,0,-38.30,-0.031,0.0000,0.0000,0.0000,0.0000,0.108093,-0.465881,0.867859,-0.134216,8.004,76.2,-1
1785793978.524,819,185286,0,0.00000000,0.00000000,0.00,0,0,-38.33,-0.056,0.0000,0.0000,0.0000,0.0000,0.107971,-0.465637,0.868042,-0.134155,8.004,82.5,-1
1785793978.778,820,185509,0,0.00000000,0.00000000,0.00,0,0,-38.28,-0.009,0.0000,0.0000,0.0000,0.0000,0.108032,-0.465454,0.868103,-0.134216,8.002,78.8,-1
1785793978.969,821,185734,0,0.00000000,0.00000000,0.00,0,0,-38.32,-0.030,0.0000,0.0000,0.0000,0.0000,0.107971,-0.465027,0.868408,-0.134094,8.002,77.5,-1
1785793979.220,822,185958,0,0.00000000,0.00000000,0.00,0,0,-38.29,-0.009,0.0000,0.0000,0.0000,0.0000,0.107849,-0.464905,0.868469,-0.134033,8.004,75.0,-1
1785793979.409,823,186172,0,0.00000000,0.00000000,0.00,0,0,-38.36,-0.033,0.0000,0.0000,0.0000,0.0000,0.107910,-0.464844,0.868530,-0.134094,8.002,78.8,-1
1785793979.662,824,186399,0,0.00000000,0.00000000,0.00,0,0,-38.44,-0.100,0.0000,0.0000,0.0000,0.0000,0.108093,-0.464600,0.868591,-0.134155,8.004,77.5,-1
1785793979.849,825,186620,0,0.00000000,0.00000000,0.00,0,0,-38.45,-0.105,0.0000,0.0000,0.0000,0.0000,0.108032,-0.464539,0.868591,-0.134216,8.002,80.0,-1
1785793980.103,826,186846,0,0.00000000,0.00000000,0.00,0,0,-38.28,0.020,0.0000,0.0000,0.0000,0.0000,0.108215,-0.464294,0.868713,-0.134277,7.999,82.5,-1
1785793980.287,827,187069,0,0.00000000,0.00000000,0.00,0,0,-38.37,-0.030,0.0000,0.0000,0.0000,0.0000,0.108093,-0.464172,0.868835,-0.134094,8.002,73.8,-1
1785793980.535,828,187287,0,0.00000000,0.00000000,0.00,0,0,-38.36,-0.021,0.0000,0.0000,0.0000,0.0000,0.107971,-0.464111,0.868896,-0.133972,8.001,83.8,-1
1785793980.784,829,187508,0,0.00000000,0.00000000,0.00,0,0,-38.30,0.022,0.0000,0.0000,0.0000,0.0000,0.108032,-0.463623,0.869080,-0.134460,8.004,82.5,-1
1785793980.975,830,187730,0,0.00000000,0.00000000,0.00,0,0,-38.39,-0.052,0.0000,0.0000,0.0000,0.0000,0.108032,-0.463684,0.869080,-0.134277,8.000,71.2,-1
1785793981.226,831,187949,0,0.00000000,0.00000000,0.00,0,0,-38.43,-0.068,0.0000,0.0000,0.0000,0.0000,0.108093,-0.463440,0.869202,-0.134277,8.002,72.5,-1
1785793981.414,832,188163,0,0.00000000,0.00000000,0.00,0,0,-38.32,0.002,0.0000,0.0000,0.0000,0.0000,0.108276,-0.463196,0.869263,-0.134583,8.005,76.2,-1
1785793981.664,833,188384,0,0.00000000,0.00000000,0.00,0,0,-38.37,-0.025,0.0000,0.0000,0.0000,0.0000,0.108093,-0.462341,0.869751,-0.134521,8.002,73.8,-1
1785793981.854,834,188610,0,0.00000000,0.00000000,0.00,0,0,-38.39,-0.037,0.0000,0.0000,0.0000,0.0000,0.107910,-0.461975,0.869934,-0.134583,8.002,82.5,-1
1785793982.104,835,188835,0,0.00000000,0.00000000,0.00,0,0,-38.34,0.129,0.0000,0.0000,0.0000,0.0000,0.122742,-0.449951,0.875061,-0.129456,8.001,78.8,-1
1785793982.294,836,189063,0,0.00000000,0.00000000,0.00,0,0,-38.39,0.190,0.0000,0.0000,0.0000,0.0000,0.184387,-0.449280,0.865662,-0.121704,8.001,75.0,-1
1785793982.548,837,189281,0,0.00000000,0.00000000,0.00,0,0,-38.38,0.147,0.0000,0.0000,0.0000,0.0000,0.184570,-0.447083,0.866943,-0.120056,8.001,80.0,-1
