rx_time,seq,timestamp_ms,state,lat,lon,gps_alt_m,gps_sats,gps_fix,baro_alt_m,vert_vel_ms,accel_x_g,accel_y_g,accel_z_g,accel_mag_g,quat_w,quat_x,quat_y,quat_z,voltage_v,current_ma,rssi
1785792845.016,0,4657,0,0.00000000,0.00000000,0.00,0,0,-38.56,0.000,-0.1960,0.3430,0.9310,1.0113,0.000000,0.000000,0.000000,0.000000,8.002,83.8,-1
1785792845.206,1,4865,0,0.00000000,0.00000000,0.00,0,0,-38.45,0.081,-0.3430,0.0490,1.2250,1.2731,0.584534,0.249084,0.517151,-0.573425,8.001,82.5,-1
1785792845.459,2,5086,0,0.00000000,0.00000000,0.00,0,0,-38.40,0.098,-0.3430,0.0490,1.3720,1.4151,0.584595,0.249084,0.517090,-0.573425,8.000,77.5,-1
1785792845.647,3,5298,0,0.00000000,0.00000000,0.00,0,0,-38.35,0.132,-0.1960,0.6370,1.6660,1.7944,0.584656,0.249023,0.516968,-0.573486,8.002,78.8,-1
1785792845.900,4,5517,0,0.00000000,0.00000000,0.00,0,0,-38.38,0.107,-0.8330,0.2450,0.0490,0.8697,0.584778,0.248901,0.516907,-0.573486,8.001,80.0,-1
1785792846.089,5,5740,0,0.00000000,0.00000000,0.00,0,0,-38.41,0.071,-0.1960,-0.0490,1.5680,1.5810,0.584839,0.248840,0.516907,-0.573486,8.004,76.2,-1
1785792846.342,6,5959,0,0.00000000,0.00000000,0.00,0,0,-38.34,0.095,-1.4700,0.4410,-0.9310,1.7950,0.584839,0.248901,0.516785,-0.573547,8.001,78.8,-1
1785792846.529,7,6171,0,0.00000000,0.00000000,0.00,0,0,-38.32,0.102,-0.9800,0.5880,0.5880,1.2853,0.584839,0.248840,0.516785,-0.573547,8.004,80.0,-1
1785792846.782,8,6391,0,0.00000000,0.00000000,0.00,0,0,-38.32,0.103,-0.6860,1.4210,0.6860,1.7206,0.584778,0.248718,0.516846,-0.573608,8.004,78.8,-1
1785792846.973,9,6610,0,0.00000000,0.00000000,0.00,0,0,-38.30,0.081,-0.4900,0.2940,0.4410,0.7218,0.584778,0.248657,0.516846,-0.573669,8.001,86.2,-1
1785792847.225,10,6833,0,0.00000000,0.00000000,0.00,0,0,-38.25,0.105,-1.2740,0.4410,0.2450,1.3702,0.584778,0.248657,0.516846,-0.573669,8.001,76.2,-1
1785792847.416,11,7051,0,0.00000000,0.00000000,0.00,0,0,-38.27,0.075,-0.5880,0.3430,1.7150,1.8452,0.584839,0.248657,0.516846,-0.573608,8.002,78.8,-1
1785792847.605,12,7264,0,0.00000000,0.00000000,0.00,0,0,-38.37,0.034,-0.4410,0.3920,1.4700,1.5840,0.584778,0.248657,0.516968,-0.573608,8.002,75.0,-1
1785792847.854,13,7483,0,0.00000000,0.00000000,0.00,0,0,-38.33,0.040,-1.9110,0.8820,-0.0980,2.1070,0.584717,0.248718,0.516907,-0.573608,8.002,76.2,-1
1785792848.040,14,7701,0,0.00000000,0.00000000,0.00,0,0,-38.23,0.110,-0.9800,0.2940,0.1960,1.0418,0.584778,0.248779,0.516907,-0.573547,8.001,78.8,-1
1785792848.290,15,7925,0,0.00000000,0.00000000,0.00,0,0,-38.32,0.037,-1.2740,0.0490,0.7350,1.4716,0.584778,0.248779,0.516907,-0.573547,8.002,76.2,-1
1785792848.480,16,8136,0,0.00000000,0.00000000,0.00,0,0,-38.27,0.056,-0.8330,0.3430,0.4900,1.0255,0.584778,0.248779,0.516907,-0.573547,8.000,78.8,-1
1785792848.729,17,8356,0,0.00000000,0.00000000,0.00,0,0,-38.22,0.067,-0.3920,0.7350,0.4900,0.9664,0.584778,0.248779,0.516907,-0.573547,8.002,80.0,-1
1785792848.919,18,8579,0,0.00000000,0.00000000,0.00,0,0,-38.24,0.026,-0.7350,0.1470,1.4210,1.6066,0.584778,0.248779,0.516907,-0.573547,8.001,77.5,-1
1785792849.172,19,8803,0,0.00000000,0.00000000,0.00,0,0,-38.25,-0.002,-0.5880,-0.0980,0.5390,0.8037,0.584778,0.248779,0.516907,-0.573547,8.004,78.8,-1
1785792849.421,20,9028,0,0.00000000,0.00000000,0.00,0,0,-38.30,-0.041,-0.3920,0.3920,1.2740,1.3894,0.584778,0.248779,0.516907,-0.573547,8.004,75.0,-1
1785792849.610,21,9239,0,0.00000000,0.00000000,0.00,0,0,-38.33,-0.064,-0.2940,0.7350,1.0290,1.2983,0.584778,0.248779,0.516907,-0.573547,8.004,77.5,-1
1785792849.796,22,9459,0,0.00000000,0.00000000,0.00,0,0,-38.23,0.000,-0.6860,0.3430,0.3920,0.8613,0.584778,0.248779,0.516907,-0.573547,8.002,78.8,-1
1785792850.046,23,9686,0,0.00000000,0.00000000,0.00,0,0,-38.29,-0.037,-0.7350,0.5390,-1.2250,1.5269,0.584778,0.248779,0.516907,-0.573547,8.001,78.8,-1
1785792850.296,24,9910,0,0.00000000,0.00000000,0.00,0,0,-38.28,-0.044,-1.7640,0.5880,-1.4210,2.3402,0.584778,0.248779,0.516907,-0.573547,8.002,75.0,-1
1785792850.546,25,10153,0,0.00000000,0.00000000,0.00,0,0,-38.25,-0.046,0.4410,-0.0490,1.5190,1.5825,0.584778,0.248779,0.516907,-0.573547,8.001,77.5,-1
1785792850.735,26,10379,0,0.00000000,0.00000000,0.00,0,0,-38.28,-0.057,-0.8330,0.6860,1.0780,1.5253,0.584778,0.248779,0.516907,-0.573547,7.999,82.5,-1
1785792850.987,27,10601,0,0.00000000,0.00000000,0.00,0,0,-38.19,-0.004,0.0490,0.2450,2.2050,2.2191,0.584778,0.248779,0.516907,-0.573547,8.004,82.5,-1
1785792851.176,28,10820,0,0.00000000,0.00000000,0.00,0,0,-38.24,-0.058,-0.4900,0.0000,0.9310,1.0521,0.584778,0.248779,0.516907,-0.573547,8.004,86.2,-1
1785792851.430,29,11043,0,0.00000000,0.00000000,0.00,0,0,-38.12,0.003,-0.8330,0.7840,1.6170,1.9807,0.584778,0.248779,0.516907,-0.573547,8.000,80.0,-1
1785792851.620,30,11263,0,0.00000000,0.00000000,0.00,0,0,-38.17,-0.007,-0.7350,0.4900,0.8820,1.2483,0.584778,0.248840,0.516846,-0.573547,8.002,80.0,-1
1785792851.870,31,11492,0,0.00000000,0.00000000,0.00,0,0,-38.39,-0.138,-0.6860,0.6860,0.4900,1.0869,0.584778,0.248718,0.516846,-0.573608,8.004,75.0,-1
1785792852.057,32,11711,0,0.00000000,0.00000000,0.00,0,0,-38.29,-0.060,-0.2940,-0.2940,2.3520,2.3885,0.584778,0.248657,0.516785,-0.573669,8.001,73.8,-1
1785792852.311,33,11931,0,0.00000000,0.00000000,0.00,0,0,-38.15,0.032,-0.0980,0.5880,-0.0980,0.6041,0.584778,0.248657,0.516785,-0.573730,8.002,78.8,-1
1785792852.498,34,12143,0,0.00000000,0.00000000,0.00,0,0,-38.17,0.013,-0.5390,0.3430,1.2740,1.4252,0.584778,0.248718,0.516724,-0.573730,8.002,78.8,-1
1785792852.748,35,12362,0,0.00000000,0.00000000,0.00,0,0,-38.20,0.003,-0.4900,0.9800,1.0780,1.5371,0.584717,0.248657,0.516846,-0.573730,8.001,81.2,-1
1785792852.935,36,12584,0,0.00000000,0.00000000,0.00,0,0,-38.10,0.053,-0.9800,0.0980,0.8820,1.3221,0.584717,0.248718,0.516846,-0.573669,8.004,80.0,-1
1785792853.184,37,12806,0,0.00000000,0.00000000,0.00,0,0,-38.20,-0.023,-0.7840,0.6860,0.0980,1.0464,0.584717,0.248718,0.516846,-0.573669,8.004,78.8,-1
1785792853.372,38,13028,0,0.00000000,0.00000000,0.00,0,0,-38.18,-0.007,-0.8820,0.1470,1.1270,1.4386,0.584717,0.248779,0.516968,-0.573608,8.002,78.8,-1
1785792853.626,39,13245,0,0.00000000,0.00000000,0.00,0,0,-38.10,0.041,-0.5880,0.0980,0.7840,0.9849,0.584778,0.249146,0.516785,-0.573486,8.004,78.8,-1
1785792853.815,40,13463,0,0.00000000,0.00000000,0.00,0,0,-38.25,-0.058,-0.4900,0.0980,1.4210,1.5063,0.584839,0.249634,0.516724,-0.573303,8.001,83.8,-1
1785792854.068,41,13687,0,0.00000000,0.00000000,0.00,0,0,-38.13,0.023,-0.3920,-0.2450,2.0580,2.1093,0.584778,0.249573,0.516724,-0.573364,8.005,78.8,-1
1785792854.258,42,13911,0,0.00000000,0.00000000,0.00,0,0,-38.21,-0.017,-1.0290,0.7840,0.9800,1.6229,0.584900,0.249634,0.516602,-0.573303,8.004,80.0,-1
1785792854.510,43,14161,0,0.00000000,0.00000000,0.00,0,0,-38.30,-0.071,-1.0290,0.1470,1.1760,1.5695,0.584900,0.249573,0.516663,-0.573303,8.002,78.8,-1
1785792854.761,44,14385,0,0.00000000,0.00000000,0.00,0,0,-38.17,0.000,-0.4410,-0.1470,0.8330,0.9539,0.584778,0.249512,0.516785,-0.573303,8.002,86.2,-1
1785792854.949,45,14609,0,0.00000000,0.00000000,0.00,0,0,-38.17,0.021,-0.7350,0.1960,0.8330,1.1281,0.584778,0.249451,0.516724,-0.573425,8.001,82.5,-1
1785792855.200,46,14827,0,0.00000000,0.00000000,0.00,0,0,-38.23,-0.030,-0.5880,0.2940,0.2940,0.7201,0.584839,0.249329,0.516724,-0.573425,8.001,82.5,-1
1785792855.385,47,15051,0,0.00000000,0.00000000,0.00,0,0,-38.25,-0.027,-0.9310,0.3430,0.2940,1.0348,0.584900,0.249329,0.516663,-0.573425,8.002,76.2,-1
1785792855.636,48,15270,0,0.00000000,0.00000000,0.00,0,0,-38.24,-0.035,-0.5880,0.3430,1.5190,1.6646,0.584839,0.249329,0.516663,-0.573486,8.002,76.2,-1
1785792855.885,49,15491,0,0.00000000,0.00000000,0.00,0,0,-38.19,0.008,-0.3920,0.2450,-0.6370,0.7871,0.584839,0.249268,0.516663,-0.573486,8.005,77.5,-1
1785792856.072,50,15710,0,0.00000000,0.00000000,0.00,0,0,-38.10,0.064,-0.7350,0.4410,0.6860,1.0979,0.584839,0.249268,0.516663,-0.573547,8.000,80.0,-1
1785792856.324,51,15932,0,0.00000000,0.00000000,0.00,0,0,-38.18,-0.007,-0.3430,0.2450,2.2540,2.2931,0.584778,0.249207,0.516663,-0.573547,8.002,75.0,-1
1785792856.515,52,16146,0,0.00000000,0.00000000,0.00,0,0,-38.09,0.032,-0.6370,0.1960,0.4410,0.7992,0.584839,0.249207,0.516663,-0.573547,8.002,77.5,-1
1785792856.705,53,16365,0,0.00000000,0.00000000,0.00,0,0,-38.16,-0.011,0.2940,-0.0980,2.9400,2.9563,0.584839,0.249207,0.516663,-0.573547,8.002,77.5,-1
1785792856.960,54,16590,0,0.00000000,0.00000000,0.00,0,0,-38.16,-0.020,-0.5880,0.4410,0.9800,1.2250,0.584839,0.249268,0.516602,-0.573486,8.002,82.5,-1
1785792857.210,55,16813,0,0.00000000,0.00000000,0.00,0,0,-38.29,-0.086,-0.3430,0.4410,0.8330,1.0030,0.584900,0.249329,0.516602,-0.573486,8.004,82.5,-1
1785792857.398,56,17031,0,0.00000000,0.00000000,0.00,0,0,-38.13,0.022,-0.6370,0.1960,0.7350,0.9922,0.584900,0.249329,0.516602,-0.573486,8.001,80.0,-1
1785792857.585,57,17246,0,0.00000000,0.00000000,0.00,0,0,-38.22,-0.032,-0.4900,0.1470,0.3430,0.6159,0.584900,0.249329,0.516541,-0.573486,8.004,77.5,-1
1785792857.838,58,17472,0,0.00000000,0.00000000,0.00,0,0,-38.15,0.034,-0.7840,0.4410,0.3430,0.9627,0.584900,0.249390,0.516541,-0.573486,8.001,82.5,-1
1785792858.091,59,17695,0,0.00000000,0.00000000,0.00,0,0,-38.15,0.030,-1.0780,0.7350,0.2450,1.3275,0.584900,0.249268,0.516663,-0.573425,8.002,83.8,-1
1785792858.279,60,17916,0,0.00000000,0.00000000,0.00,0,0,-38.15,0.012,-0.8820,0.5390,0.3920,1.1055,0.584900,0.249207,0.516663,-0.573425,8.002,83.8,-1
1785792858.530,61,18157,0,0.00000000,0.00000000,0.00,0,0,-38.22,-0.034,-1.7150,1.0290,-0.5880,2.0847,0.584900,0.249207,0.516663,-0.573425,8.005,81.2,-1
1785792858.781,62,18384,0,0.00000000,0.00000000,0.00,0,0,-38.21,-0.038,-0.6370,0.4900,1.1270,1.3842,0.584900,0.249084,0.516785,-0.573364,8.004,82.5,-1
1785792858.968,63,18608,0,0.00000000,0.00000000,0.00,0,0,-38.21,-0.035,-0.7840,0.4410,1.1270,1.4420,0.584900,0.249146,0.516724,-0.573364,8.002,85.0,-1
1785792859.217,64,18826,0,0.00000000,0.00000000,0.00,0,0,-38.11,0.034,-0.4410,0.2450,0.9310,1.0589,0.584900,0.249146,0.516785,-0.573364,8.004,83.8,-1
1785792859.407,65,19049,0,0.00000000,0.00000000,0.00,0,0,-38.08,0.046,-0.5880,0.7350,0.5390,1.0847,0.584900,0.249084,0.516724,-0.573425,8.005,82.5,-1
1785792859.661,66,19266,0,0.00000000,0.00000000,0.00,0,0,-38.22,-0.068,-0.5390,0.1960,0.8330,1.0113,0.584900,0.249084,0.516724,-0.573486,8.004,82.5,-1
1785792859.850,67,19489,0,0.00000000,0.00000000,0.00,0,0,-38.06,0.028,-0.3430,0.0490,1.5190,1.5580,0.584839,0.249146,0.516663,-0.573486,8.002,75.0,-1
1785792860.099,68,19708,0,0.00000000,0.00000000,0.00,0,0,-38.05,0.026,-1.1270,0.1960,0.6370,1.3093,0.584839,0.249207,0.516724,-0.573486,8.001,82.5,-1
1785792860.287,69,19928,0,0.00000000,0.00000000,0.00,0,0,-38.10,-0.003,-1.0780,0.3920,0.4410,1.2289,0.584839,0.249207,0.516724,-0.573425,8.001,77.5,-1
1785792860.537,70,20142,0,0.00000000,0.00000000,0.00,0,0,-38.10,-0.023,-0.8820,0.1960,0.5880,1.0780,0.584839,0.249146,0.516785,-0.573425,8.004,81.2,-1
1785792860.725,71,20369,0,0.00000000,0.00000000,0.00,0,0,-38.01,0.033,-0.6860,0.3430,0.8330,1.1323,0.584717,0.247742,0.517334,-0.573669,8.004,83.8,-1
1785792860.978,72,20592,0,0.00000000,0.00000000,0.00,0,0,-38.01,0.030,-0.5880,0.3920,1.1760,1.3720,0.584595,0.247559,0.517456,-0.573730,8.001,75.0,-1
1785792861.168,73,20812,0,0.00000000,0.00000000,0.00,0,0,-37.97,0.036,-0.5390,0.4900,1.1270,1.3419,0.584839,0.248535,0.517029,-0.573486,8.006,73.8,-1
1785792861.422,74,21031,0,0.00000000,0.00000000,0.00,0,0,-37.89,0.074,-0.5880,0.1960,0.3430,0.7084,0.584961,0.248962,0.516663,-0.573425,8.005,75.0,-1
1785792861.610,75,21245,0,0.00000000,0.00000000,0.00,0,0,-37.99,0.033,-0.9310,0.3430,0.2450,1.0220,0.584900,0.248840,0.516785,-0.573486,8.004,81.2,-1
1785792861.858,76,21470,0,0.00000000,0.00000000,0.00,0,0,-37.90,0.090,-0.5880,0.1960,0.7350,0.9614,0.584839,0.248291,0.517090,-0.573486,8.004,83.8,-1
1785792862.044,77,21693,0,0.00000000,0.00000000,0.00,0,0,-37.84,0.129,-1.0290,0.0000,0.6860,1.2367,0.584717,0.247742,0.517273,-0.573730,8.004,82.5,-1
1785792862.296,78,21915,0,0.00000000,0.00000000,0.00,0,0,-37.94,0.105,-0.5880,0.1470,-0.1470,0.6237,0.584595,0.246643,0.517761,-0.573914,8.002,82.5,-1
1785792862.549,79,22154,0,0.00000000,0.00000000,0.00,0,0,-37.81,0.176,-0.4410,0.2940,0.6370,0.8287,0.584778,0.247620,0.517090,-0.573914,8.001,81.2,-1
1785792862.739,80,22378,0,0.00000000,0.00000000,0.00,0,0,-38.13,-0.032,-0.5390,0.1960,0.6370,0.8571,0.584717,0.247009,0.517273,-0.573975,8.004,78.8,-1
1785792862.992,81,22605,0,0.00000000,0.00000000,0.00,0,0,-37.94,0.066,-0.7840,0.2450,0.6860,1.0702,0.584839,0.246948,0.517395,-0.573792,8.000,87.5,-1
1785792863.181,82,22825,0,0.00000000,0.00000000,0.00,0,0,-37.92,0.078,-0.7840,0.0490,0.7840,1.1098,0.584900,0.247192,0.517273,-0.573792,8.004,82.5,-1
1785792863.434,83,23045,0,0.00000000,0.00000000,0.00,0,0,-37.99,0.029,-0.9800,0.2450,0.0980,1.0149,0.584961,0.247253,0.517151,-0.573792,8.000,83.8,-1
1785792863.624,84,23258,0,0.00000000,0.00000000,0.00,0,0,-37.86,0.061,-0.4410,0.0490,0.8820,0.9873,0.584961,0.247070,0.517212,-0.573792,8.005,81.2,-1
1785792863.878,85,23481,0,0.00000000,0.00000000,0.00,0,0,-37.89,0.051,-1.1270,-0.2940,1.1270,1.6207,0.585022,0.247314,0.517151,-0.573730,8.002,78.8,-1
1785792864.065,86,23710,0,0.00000000,0.00000000,0.00,0,0,-38.00,-0.024,-0.4900,0.2940,1.0780,1.2201,0.584900,0.247070,0.517334,-0.573730,8.001,81.2,-1
1785792864.319,87,23930,0,0.00000000,0.00000000,0.00,0,0,-37.85,0.059,-1.1760,0.2940,0.0490,1.2132,0.585022,0.247131,0.517273,-0.573669,8.001,80.0,-1
1785792864.507,88,24149,0,0.00000000,0.00000000,0.00,0,0,-37.85,0.052,-0.2450,0.1960,1.6660,1.6953,0.584961,0.246765,0.517395,-0.573792,8.002,82.5,-1
1785792864.754,89,24367,0,0.00000000,0.00000000,0.00,0,0,-37.84,0.065,-0.9800,0.3430,1.1270,1.5324,0.584961,0.247070,0.517273,-0.573730,8.000,85.0,-1
1785792864.941,90,24589,0,0.00000000,0.00000000,0.00,0,0,-37.83,0.068,-1.0780,0.3920,1.0780,1.5741,0.584961,0.247559,0.517151,-0.573669,8.001,82.5,-1
1785792865.191,91,24810,0,0.00000000,0.00000000,0.00,0,0,-37.76,0.100,0.0000,0.4900,1.4700,1.5495,0.584961,0.247925,0.517151,-0.573547,7.997,86.2,-1
1785792865.363,92,25029,0,0.00000000,0.00000000,0.00,0,0,-37.78,0.097,-0.5880,0.5880,0.7840,1.1429,0.584839,0.247375,0.517334,-0.573730,8.000,85.0,-1
1785792865.615,93,25247,0,0.00000000,0.00000000,0.00,0,0,-37.86,0.057,-0.7840,0.6370,0.6370,1.1942,0.584778,0.247070,0.517517,-0.573730,8.002,83.8,-1
1785792865.864,94,25469,0,0.00000000,0.00000000,0.00,0,0,-37.91,0.035,-0.4900,0.2450,0.5390,0.7685,0.584656,0.246948,0.517639,-0.573792,8.001,87.5,-1
1785792866.051,95,25694,0,0.00000000,0.00000000,0.00,0,0,-37.88,0.055,-0.5880,0.5880,1.8620,2.0392,0.584656,0.246948,0.517700,-0.573730,8.004,83.8,-1
1785792866.297,96,25914,0,0.00000000,0.00000000,0.00,0,0,-37.76,0.111,-0.5880,0.4410,0.8820,1.1481,0.584656,0.247009,0.517700,-0.573669,8.001,83.8,-1
1785792866.484,97,26137,0,0.00000000,0.00000000,0.00,0,0,-37.79,0.045,-0.3920,0.0490,0.9310,1.0113,0.584656,0.246826,0.517761,-0.573730,8.002,78.8,-1
1785792866.733,98,26364,0,0.00000000,0.00000000,0.00,0,0,-37.73,0.081,-0.6860,0.5390,1.2250,1.5039,0.584717,0.246826,0.517700,-0.573730,8.004,77.5,-1
1785792866.980,99,26585,0,0.00000000,0.00000000,0.00,0,0,-37.74,0.086,-0.7350,0.0490,0.9800,1.2260,0.584656,0.246643,0.517761,-0.573853,8.004,76.2,-1
1785792867.169,100,26801,0,0.00000000,0.00000000,0.00,0,0,-37.69,0.107,-0.5390,0.1470,0.6860,0.8847,0.584717,0.246643,0.517639,-0.573853,8.001,82.5,-1
1785792867.420,101,27025,0,0.00000000,0.00000000,0.00,0,0,-37.82,0.033,-0.8820,0.3430,1.0290,1.3980,0.584717,0.246643,0.517578,-0.573914,8.001,80.0,-1
1785792867.608,102,27245,0,0.00000000,0.00000000,0.00,0,0,-37.86,-0.014,-0.8330,0.1960,0.6860,1.0968,0.584717,0.246521,0.517700,-0.573914,8.004,80.0,-1
1785792867.857,103,27463,0,0.00000000,0.00000000,0.00,0,0,-37.85,-0.021,-0.1960,0.1470,0.1960,0.3138,0.584717,0.246582,0.517700,-0.573853,8.000,82.5,-1
1785792868.043,104,27685,0,0.00000000,0.00000000,0.00,0,0,-37.74,0.070,-0.7350,0.2450,0.7350,1.0679,0.584717,0.246582,0.517639,-0.573853,8.002,80.0,-1
1785792868.294,105,27904,0,0.00000000,0.00000000,0.00,0,0,-37.68,0.112,-0.2450,0.2450,0.6860,0.7685,0.584778,0.246643,0.517578,-0.573853,8.004,86.2,-1
1785792868.548,106,28151,0,0.00000000,0.00000000,0.00,0,0,-37.66,0.119,-1.2250,0.5390,0.5880,1.4618,0.584778,0.246643,0.517578,-0.573853,8.004,80.0,-1
1785792868.738,107,28378,0,0.00000000,0.00000000,0.00,0,0,-37.75,0.050,-0.8820,0.1960,0.5880,1.0780,0.584778,0.246643,0.517578,-0.573853,8.005,80.0,-1
1785792868.988,108,28602,0,0.00000000,0.00000000,0.00,0,0,-37.80,0.016,-0.9310,0.3920,0.5880,1.1688,0.584778,0.246643,0.517578,-0.573853,8.000,88.8,-1
1785792869.177,109,28829,0,0.00000000,0.00000000,0.00,0,0,-37.78,0.019,-0.3920,-0.0490,1.0780,1.1481,0.584778,0.246582,0.517578,-0.573914,8.002,77.5,-1
1785792869.426,110,29046,0,0.00000000,0.00000000,0.00,0,0,-37.77,-0.001,-0.6370,0.0000,0.6370,0.9009,0.584839,0.247131,0.517395,-0.573730,8.004,82.5,-1
1785792869.610,111,29263,0,0.00000000,0.00000000,0.00,0,0,-37.76,0.007,-0.4900,0.0000,0.3920,0.6275,0.584778,0.247070,0.517456,-0.573792,8.001,81.2,-1
1785792869.861,112,29486,0,0.00000000,0.00000000,0.00,0,0,-37.73,0.034,-1.3720,0.6370,0.7350,1.6818,0.584595,0.247070,0.517639,-0.573792,8.001,83.8,-1
1785792870.048,113,29710,0,0.00000000,0.00000000,0.00,0,0,-37.73,0.032,-0.2940,0.2450,0.8330,0.9167,0.584778,0.247498,0.517395,-0.573669,8.004,80.0,-1
1785792870.300,114,29932,0,0.00000000,0.00000000,0.00,0,0,-37.76,0.010,-0.7350,0.2450,0.3920,0.8683,0.584778,0.248108,0.517029,-0.573730,8.002,78.8,-1
1785792870.487,115,30145,0,0.00000000,0.00000000,0.00,0,0,-37.73,0.023,-0.5880,0.5880,0.5390,0.9910,0.584839,0.248230,0.516968,-0.573669,8.004,81.2,-1
1785792870.737,116,30372,0,0.00000000,0.00000000,0.00,0,0,-37.63,0.078,-0.6370,0.1470,0.8330,1.0589,0.584778,0.248169,0.517090,-0.573669,8.005,78.8,-1
1785792870.986,117,30593,0,0.00000000,0.00000000,0.00,0,0,-37.77,0.004,-0.4410,0.0980,1.2250,1.3056,0.584717,0.248047,0.517090,-0.573730,8.006,81.2,-1
1785792871.174,118,30816,0,0.00000000,0.00000000,0.00,0,0,-37.80,0.004,-0.6860,0.3920,0.6860,1.0464,0.584595,0.247375,0.517395,-0.573853,8.002,80.0,-1
1785792871.424,119,31042,0,0.00000000,0.00000000,0.00,0,0,-37.74,0.051,-0.8330,0.2940,0.4900,1.0102,0.584717,0.248108,0.516968,-0.573853,8.006,80.0,-1
1785792871.614,120,31256,0,0.00000000,0.00000000,0.00,0,0,-37.90,-0.044,-0.7350,0.1960,0.8820,1.1647,0.584839,0.248291,0.516846,-0.573730,8.004,78.8,-1
1785792871.865,121,31483,0,0.00000000,0.00000000,0.00,0,0,-37.72,0.088,-0.4900,0.0490,1.0290,1.1408,0.584839,0.248230,0.516907,-0.573730,8.005,81.2,-1
1785792872.053,122,31708,0,0.00000000,0.00000000,0.00,0,0,-37.76,0.069,-0.5390,0.3920,2.1560,2.2567,0.584839,0.248169,0.516907,-0.573730,8.004,85.0,-1
1785792872.305,123,31936,0,0.00000000,0.00000000,0.00,0,0,-37.76,0.071,0.8330,-0.0980,2.3030,2.4510,0.584717,0.247925,0.517151,-0.573730,8.002,81.2,-1
1785792872.490,124,32147,0,0.00000000,0.00000000,0.00,0,0,-37.69,0.097,-0.3920,0.3920,1.2250,1.3446,0.584717,0.248230,0.517090,-0.573669,8.002,82.5,-1
1785792872.741,125,32374,0,0.00000000,0.00000000,0.00,0,0,-37.82,0.015,-0.6860,0.4410,0.7350,1.0979,0.584839,0.248230,0.516968,-0.573669,7.999,83.8,-1
1785792872.992,126,32598,0,0.00000000,0.00000000,0.00,0,0,-37.74,0.057,-0.2450,0.5390,1.3720,1.4943,0.585022,0.248413,0.516846,-0.573547,8.006,77.5,-1
1785792873.180,127,32817,0,0.00000000,0.00000000,0.00,0,0,-37.84,-0.019,-0.5390,0.0980,0.5880,0.8037,0.584961,0.248352,0.516907,-0.573547,8.005,78.8,-1
1785792873.432,128,33036,0,0.00000000,0.00000000,0.00,0,0,-37.81,0.018,-0.7350,0.3920,0.9310,1.2493,0.585022,0.248291,0.516907,-0.573486,8.002,83.8,-1
1785792873.622,129,33251,0,0.00000000,0.00000000,0.00,0,0,-37.82,-0.009,-1.1760,0.9310,-0.2940,1.5285,0.585083,0.248474,0.516724,-0.573486,8.005,77.5,-1
1785792873.811,130,33476,0,0.00000000,0.00000000,0.00,0,0,-37.89,-0.056,-0.9310,0.3920,-0.2450,1.0394,0.585205,0.249023,0.516724,-0.573181,8.005,83.8,-1
1785792874.066,131,33697,0,0.00000000,0.00000000,0.00,0,0,-37.81,0.010,-0.7840,0.3430,0.3920,0.9413,0.585083,0.248962,0.517273,-0.572876,8.004,81.2,-1
1785792874.255,132,33919,0,0.00000000,0.00000000,0.00,0,0,-37.81,0.019,-0.0980,0.7840,0.7350,1.0791,0.585022,0.248718,0.517456,-0.572876,8.004,83.8,-1
1785792874.507,133,34163,0,0.00000000,0.00000000,0.00,0,0,-37.96,-0.064,-1.1760,0.4410,0.4900,1.3482,0.584900,0.248169,0.517639,-0.573059,8.001,80.0,-1
1785792874.761,134,34388,0,0.00000000,0.00000000,0.00,0,0,-37.91,-0.036,-0.3920,0.3920,0.7350,0.9206,0.584900,0.248413,0.517578,-0.572998,8.000,86.2,-1
1785792874.950,135,34609,0,0.00000000,0.00000000,0.00,0,0,-37.93,-0.053,-0.2940,0.0980,0.8330,0.8888,0.584900,0.248535,0.517517,-0.572998,8.001,87.5,-1
1785792875.201,136,34829,0,0.00000000,0.00000000,0.00,0,0,-37.98,-0.086,-0.7350,0.4900,0.5880,1.0612,0.584900,0.248352,0.517456,-0.573059,8.005,82.5,-1
1785792875.386,137,35051,0,0.00000000,0.00000000,0.00,0,0,-37.97,-0.070,-1.3230,0.4900,0.6860,1.5688,0.584900,0.248352,0.517456,-0.573120,8.001,81.2,-1
1785792875.626,138,35263,0,0.00000000,0.00000000,0.00,0,0,-37.88,-0.018,-0.6860,0.4410,-0.1960,0.8387,0.584900,0.248291,0.517334,-0.573181,8.004,77.5,-1
1785792875.876,139,35483,0,0.00000000,0.00000000,0.00,0,0,-37.95,-0.057,-0.7840,0.1960,-0.5880,0.9994,0.584900,0.248230,0.517334,-0.573242,8.004,76.2,-1
1785792876.065,140,35704,0,0.00000000,0.00000000,0.00,0,0,-37.97,-0.054,-0.3920,0.6370,0.9310,1.1942,0.584900,0.248230,0.517273,-0.573303,8.004,76.2,-1
1785792876.319,141,35930,0,0.00000000,0.00000000,0.00,0,0,-38.00,-0.055,-0.0490,1.0290,1.1760,1.5634,0.584900,0.248291,0.517273,-0.573303,8.002,80.0,-1
1785792876.508,142,36148,0,0.00000000,0.00000000,0.00,0,0,-37.95,-0.024,-0.3920,-0.5390,0.9310,1.1450,0.584839,0.248352,0.517273,-0.573364,8.002,81.2,-1
1785792876.758,143,36375,0,0.00000000,0.00000000,0.00,0,0,-38.12,-0.106,-0.4900,0.1470,1.0290,1.1492,0.584778,0.248169,0.517395,-0.573364,8.002,77.5,-1
1785792876.943,144,36593,0,0.00000000,0.00000000,0.00,0,0,-38.12,-0.077,-0.2450,0.0980,0.5880,0.6445,0.584839,0.248413,0.517212,-0.573364,8.001,82.5,-1
1785792877.194,145,36815,0,0.00000000,0.00000000,0.00,0,0,-38.07,-0.024,-0.5880,-0.8330,0.7840,1.2862,0.584839,0.248291,0.517273,-0.573364,8.001,81.2,-1
1785792877.384,146,37036,0,0.00000000,0.00000000,0.00,0,0,-38.16,-0.070,-0.5390,-0.0490,0.6370,0.8359,0.584839,0.248230,0.517273,-0.573364,8.002,80.0,-1
1785792877.638,147,37255,0,0.00000000,0.00000000,0.00,0,0,-38.12,-0.020,-0.7840,0.0980,1.0290,1.2973,0.584717,0.247375,0.517700,-0.573486,7.999,83.8,-1
1785792877.828,148,37475,0,0.00000000,0.00000000,0.00,0,0,-38.09,0.015,-0.5880,-0.1470,0.7350,0.9527,0.584778,0.247437,0.517700,-0.573425,8.000,81.2,-1
1785792878.081,149,37694,0,0.00000000,0.00000000,0.00,0,0,-38.30,-0.118,0.1470,0.1470,1.3230,1.3392,0.584778,0.247131,0.517822,-0.573425,8.000,80.0,-1
1785792878.268,150,37913,0,0.00000000,0.00000000,0.00,0,0,-38.20,-0.047,-1.0780,0.9800,0.6370,1.5900,0.584839,0.247437,0.517700,-0.573364,8.002,82.5,-1
1785792878.517,151,38160,0,0.00000000,0.00000000,0.00,0,0,-38.21,-0.056,-1.2740,0.8330,0.4900,1.5991,0.584900,0.247864,0.517334,-0.573425,8.001,76.2,-1
1785792878.766,152,38386,0,0.00000000,0.00000000,0.00,0,0,-38.30,-0.117,-0.3920,0.6860,1.5190,1.7122,0.584778,0.246887,0.517700,-0.573669,8.002,80.0,-1
1785792878.954,153,38609,0,0.00000000,0.00000000,0.00,0,0,-38.27,-0.092,-0.5390,0.2940,0.5880,0.8501,0.584839,0.247070,0.517639,-0.573608,8.001,86.2,-1
1785792879.205,154,38837,0,0.00000000,0.00000000,0.00,0,0,-38.24,-0.069,-0.4900,-0.2450,0.4900,0.7350,0.584900,0.246826,0.517761,-0.573486,7.999,85.0,-1
1785792879.454,155,39061,0,0.00000000,0.00000000,0.00,0,0,-38.28,-0.079,-0.9310,0.3430,0.3430,1.0498,0.584961,0.247131,0.517639,-0.573425,8.006,81.2,-1
1785792879.642,156,39281,0,0.00000000,0.00000000,0.00,0,0,-38.37,-0.151,-0.8330,0.8330,0.9800,1.5324,0.585144,0.248169,0.517273,-0.573120,8.005,82.5,-1
1785792879.895,157,39502,0,0.00000000,0.00000000,0.00,0,0,-38.39,-0.128,-1.2740,0.3920,0.6370,1.4773,0.585144,0.248047,0.517273,-0.573181,8.004,80.0,-1
1785792880.082,158,39731,0,0.00000000,0.00000000,0.00,0,0,-38.45,-0.149,-0.8820,0.5880,0.6370,1.2367,0.585083,0.248047,0.517334,-0.573181,8.002,77.5,-1
1785792880.330,159,39948,0,0.00000000,0.00000000,0.00,0,0,-38.41,-0.116,-0.5880,0.1960,1.2250,1.3729,0.585083,0.248047,0.517395,-0.573120,8.005,83.8,-1
1785792880.519,160,40166,0,0.00000000,0.00000000,0.00,0,0,-38.37,-0.068,-0.2940,0.3430,0.8820,0.9910,0.585022,0.247681,0.517517,-0.573181,8.001,81.2,-1
1785792880.707,161,40366,0,0.00000000,0.00000000,0.00,0,0,-38.36,-0.053,-0.5880,0.7840,0.5390,1.1184,0.585083,0.247986,0.517395,-0.573120,8.001,76.2,-1
1785792880.956,162,40591,0,0.00000000,0.00000000,0.00,0,0,-38.42,-0.068,-0.1960,0.0490,1.3720,1.3868,0.585022,0.248047,0.517334,-0.573242,8.002,83.8,-1
1785792881.206,163,40814,0,0.00000000,0.00000000,0.00,0,0,-38.32,-0.007,-0.4410,0.2450,0.8330,0.9739,0.585022,0.248291,0.517212,-0.573181,8.001,77.5,-1
1785792881.392,164,41035,0,0.00000000,0.00000000,0.00,0,0,-38.48,-0.098,-0.5390,-0.2450,0.7350,0.9438,0.585022,0.248230,0.517273,-0.573242,8.002,80.0,-1
1785792881.642,165,41252,0,0.00000000,0.00000000,0.00,0,0,-38.52,-0.126,-0.5880,0.2450,0.6860,0.9361,0.585083,0.248291,0.517151,-0.573242,8.004,80.0,-1
1785792881.831,166,41476,0,0.00000000,0.00000000,0.00,0,0,-38.59,-0.130,-0.5880,0.2450,0.7350,0.9726,0.585083,0.248596,0.516968,-0.573242,8.001,81.2,-1
1785792882.082,167,41694,0,0.00000000,0.00000000,0.00,0,0,-38.52,-0.065,-0.5880,0.0980,0.8820,1.0646,0.585083,0.248535,0.517090,-0.573181,8.001,80.0,-1
1785792882.273,168,41917,0,0.00000000,0.00000000,0.00,0,0,-38.53,-0.065,-0.3920,0.0980,0.4900,0.6351,0.585083,0.248657,0.517029,-0.573181,8.002,83.8,-1
1785792882.522,169,42160,0,0.00000000,0.00000000,0.00,0,0,-38.55,-0.069,-0.6370,0.3920,1.5680,1.7373,0.585205,0.248596,0.516907,-0.573181,8.004,81.2,-1
1785792882.773,170,42379,0,0.00000000,0.00000000,0.00,0,0,-38.59,-0.089,-0.7350,0.2940,0.1960,0.8155,0.585144,0.248474,0.516968,-0.573242,8.004,80.0,-1
1785792882.961,171,42605,0,0.00000000,0.00000000,0.00,0,0,-38.66,-0.115,-0.6370,0.0490,0.9310,1.1291,0.585144,0.248474,0.517029,-0.573181,8.000,88.8,-1
1785792883.207,172,42829,0,0.00000000,0.00000000,0.00,0,0,-38.46,0.007,-1.4700,0.5390,0.5880,1.6725,0.585083,0.248413,0.517151,-0.573181,8.004,83.8,-1
1785792883.399,173,43054,0,0.00000000,0.00000000,0.00,0,0,-38.64,-0.095,-0.6860,0.2450,0.4410,0.8515,0.585022,0.247375,0.517456,-0.573364,8.000,82.5,-1
1785792883.651,174,43268,0,0.00000000,0.00000000,0.00,0,0,-38.75,-0.143,-0.2450,0.4410,1.7150,1.7877,0.585205,0.248413,0.517029,-0.573120,8.000,83.8,-1
1785792883.839,175,43489,0,0.00000000,0.00000000,0.00,0,0,-38.70,-0.114,-0.7350,0.4900,0.5390,1.0348,0.585205,0.247803,0.517273,-0.573242,8.004,85.0,-1
1785792884.094,176,43707,0,0.00000000,0.00000000,0.00,0,0,-38.64,-0.081,-0.6370,0.0980,0.5390,0.8402,0.585205,0.247742,0.517212,-0.573303,7.999,83.8,-1
1785792884.286,177,43930,0,0.00000000,0.00000000,0.00,0,0,-38.66,-0.108,-0.7840,0.1960,0.8330,1.1606,0.585205,0.247803,0.517273,-0.573181,8.002,81.2,-1
1785792884.538,178,44147,0,0.00000000,0.00000000,0.00,0,0,-38.64,-0.087,-0.8820,-0.0980,1.3720,1.6340,0.585266,0.247803,0.517273,-0.573120,7.999,83.8,-1
1785792884.725,179,44370,0,0.00000000,0.00000000,0.00,0,0,-38.67,-0.096,-0.1960,0.5880,1.6170,1.7317,0.585205,0.247803,0.517334,-0.573181,8.001,78.8,-1
1785792884.978,180,44590,0,0.00000000,0.00000000,0.00,0,0,-38.67,-0.089,-0.7840,0.1470,0.4410,0.9115,0.585144,0.247925,0.517273,-0.573242,8.000,82.5,-1
1785792885.169,181,44811,0,0.00000000,0.00000000,0.00,0,0,-38.71,-0.078,-0.5390,0.9800,0.5880,1.2636,0.585205,0.247864,0.517273,-0.573181,7.999,82.5,-1
1785792885.422,182,45030,0,0.00000000,0.00000000,0.00,0,0,-38.67,-0.043,-0.6370,0.0000,1.9110,2.0144,0.585205,0.247864,0.517273,-0.573181,8.000,83.8,-1
1785792885.609,183,45243,0,0.00000000,0.00000000,0.00,0,0,-38.62,-0.018,-0.4410,0.8330,1.2740,1.5848,0.585205,0.247925,0.517334,-0.573181,8.005,77.5,-1
1785792885.860,184,45462,0,0.00000000,0.00000000,0.00,0,0,-38.70,-0.050,0.1960,0.8820,1.3230,1.6021,0.585144,0.248230,0.517273,-0.573059,8.004,77.5,-1
1785792886.044,185,45681,0,0.00000000,0.00000000,0.00,0,0,-38.59,0.030,-0.0980,0.5880,1.0290,1.1892,0.585083,0.248413,0.517334,-0.572998,8.004,77.5,-1
1785792886.293,186,45905,0,0.00000000,0.00000000,0.00,0,0,-38.55,0.053,-0.8330,-0.0490,0.7840,1.1450,0.585083,0.248108,0.517517,-0.572998,8.004,78.8,-1
1785792886.484,187,46145,0,0.00000000,0.00000000,0.00,0,0,-38.64,-0.001,-0.5390,0.1960,0.6860,0.8942,0.585144,0.248352,0.517334,-0.572937,8.004,78.8,-1
1785792886.735,188,46365,0,0.00000000,0.00000000,0.00,0,0,-38.61,0.037,-0.0980,-0.2940,1.5190,1.5503,0.585083,0.248230,0.517395,-0.572998,8.004,78.8,-1
1785792886.925,189,46583,0,0.00000000,0.00000000,0.00,0,0,-38.60,0.047,-0.3430,-0.0490,0.9310,0.9934,0.585083,0.248291,0.517456,-0.572937,8.002,80.0,-1
1785792887.175,190,46803,0,0.00000000,0.00000000,0.00,0,0,-38.57,0.071,-0.9310,0.0490,0.2450,0.9639,0.585083,0.248291,0.517334,-0.573059,8.001,80.0,-1
1785792887.362,191,47023,0,0.00000000,0.00000000,0.00,0,0,-38.68,-0.011,-0.6370,0.6370,1.0290,1.3676,0.585083,0.248230,0.517456,-0.572998,8.002,81.2,-1
1785792887.610,192,47238,0,0.00000000,0.00000000,0.00,0,0,-38.66,-0.001,-1.0780,0.5390,1.1760,1.6839,0.585083,0.248108,0.517456,-0.573059,8.004,77.5,-1
1785792887.798,193,47455,0,0.00000000,0.00000000,0.00,0,0,-38.58,0.047,-0.5390,0.3920,1.1270,1.3093,0.585022,0.247925,0.517456,-0.573181,8.002,82.5,-1
1785792888.050,194,47677,0,0.00000000,0.00000000,0.00,0,0,-38.59,0.010,-1.1760,0.2940,1.5190,1.9434,0.585022,0.247925,0.517456,-0.573181,8.005,78.8,-1
1785792888.239,195,47898,0,0.00000000,0.00000000,0.00,0,0,-38.66,-0.035,-0.5390,0.0000,1.5680,1.6581,0.585022,0.247864,0.517456,-0.573181,8.002,80.0,-1
1785792888.489,196,48137,0,0.00000000,0.00000000,0.00,0,0,-38.65,-0.024,-0.6370,0.5390,0.8330,1.1791,0.584961,0.247559,0.517639,-0.573242,8.001,82.5,-1
1785792888.738,197,48358,0,0.00000000,0.00000000,0.00,0,0,-38.50,0.076,0.0000,-0.0490,0.8820,0.8834,0.585022,0.247559,0.517578,-0.573242,8.004,83.8,-1
1785792888.927,198,48582,0,0.00000000,0.00000000,0.00,0,0,-38.55,0.040,-0.6860,-0.4900,1.6170,1.8236,0.585083,0.247498,0.517578,-0.573181,8.004,76.2,-1
1785792889.178,199,48811,0,0.00000000,0.00000000,0.00,0,0,-38.54,0.022,-0.5880,0.3920,0.3920,0.8081,0.585022,0.247253,0.517761,-0.573181,8.004,76.2,-1
1785792889.429,200,49032,0,0.00000000,0.00000000,0.00,0,0,-38.52,0.028,-0.6860,0.5880,0.8330,1.2289,0.585083,0.247253,0.517700,-0.573120,8.002,78.8,-1
1785792889.618,201,49251,0,0.00000000,0.00000000,0.00,0,0,-38.54,0.032,-0.2940,0.3920,0.1960,0.5277,0.585144,0.247375,0.517639,-0.573120,8.004,80.0,-1
1785792889.806,202,49469,0,0.00000000,0.00000000,0.00,0,0,-38.57,0.008,-1.3230,0.5880,0.0000,1.4478,0.585205,0.247314,0.517639,-0.573059,8.002,80.0,-1
1785792890.055,203,49692,0,0.00000000,0.00000000,0.00,0,0,-38.48,0.077,-0.9800,0.7350,0.1960,1.2406,0.585205,0.247253,0.517639,-0.573120,8.004,76.2,-1
1785792890.308,204,49913,0,0.00000000,0.00000000,0.00,0,0,-38.45,0.082,-1.0780,0.5880,1.3230,1.8050,0.585144,0.247253,0.517639,-0.573181,8.005,76.2,-1
1785792890.494,205,50156,0,0.00000000,0.00000000,0.00,0,0,-38.55,-0.007,-0.0980,-0.1470,2.0090,2.0168,0.585205,0.247314,0.517517,-0.573181,8.002,78.8,-1
1785792890.742,206,50382,0,0.00000000,0.00000000,0.00,0,0,-38.48,0.047,-0.8330,1.8620,-0.2940,2.0609,0.585205,0.247314,0.517517,-0.573181,8.004,78.8,-1
1785792890.993,207,50603,0,0.00000000,0.00000000,0.00,0,0,-38.58,-0.030,-0.6370,0.2450,0.3430,0.7638,0.585205,0.247314,0.517517,-0.573181,7.999,83.8,-1
1785792891.181,208,50826,0,0.00000000,0.00000000,0.00,0,0,-38.62,-0.055,-0.6860,1.7150,0.3430,1.8787,0.585205,0.247314,0.517578,-0.573120,8.002,78.8,-1
1785792891.431,209,51054,0,0.00000000,0.00000000,0.00,0,0,-38.53,0.009,-1.0290,1.3720,0.2450,1.7324,0.585205,0.247375,0.517578,-0.573120,8.001,78.8,-1
1785792891.617,210,51268,0,0.00000000,0.00000000,0.00,0,0,-38.52,0.031,-0.4900,0.7350,0.6860,1.1184,0.585205,0.247437,0.517639,-0.573059,8.002,81.2,-1
1785792893.813,211,53432,0,0.00000000,0.00000000,0.00,0,0,-38.62,-0.246,-0.2940,-0.1470,1.1760,1.2211,0.585266,0.247314,0.517517,-0.573120,8.006,83.8,-1
1785792894.003,212,53659,0,0.00000000,0.00000000,0.00,0,0,-38.51,0.078,-0.5390,0.2450,1.3230,1.4494,0.585266,0.247009,0.517761,-0.573059,8.002,80.0,-1
1785792894.256,213,53881,0,0.00000000,0.00000000,0.00,0,0,-38.45,0.113,-0.3920,0.0490,0.7840,0.8779,0.585205,0.247009,0.517761,-0.573059,8.004,76.2,-1
1785792894.446,214,54102,0,0.00000000,0.00000000,0.00,0,0,-38.46,0.097,-0.7840,0.4410,0.4900,1.0243,0.585205,0.247009,0.517761,-0.573059,8.004,80.0,-1
1785792894.696,215,54311,0,0.00000000,0.00000000,0.00,0,0,-38.42,0.106,-0.7350,0.7840,0.6860,1.2749,0.585205,0.247009,0.517761,-0.573059,8.000,82.5,-1
1785792894.885,216,54530,0,0.00000000,0.00000000,0.00,0,0,-38.42,0.100,-1.1270,0.5390,-0.0980,1.2531,0.585205,0.246948,0.517761,-0.573059,7.997,86.2,-1
1785792895.135,217,54752,0,0.00000000,0.00000000,0.00,0,0,-38.37,0.106,-0.5880,0.0980,0.4410,0.7415,0.585205,0.246948,0.517761,-0.573120,8.002,86.2,-1
1785792895.321,218,54973,0,0.00000000,0.00000000,0.00,0,0,-38.35,0.110,-0.4410,0.7840,1.4700,1.7234,0.585205,0.246948,0.517761,-0.573120,8.001,85.0,-1
1785792895.575,219,55187,0,0.00000000,0.00000000,0.00,0,0,-38.39,0.091,-0.5390,0.0000,1.0290,1.1616,0.585205,0.246948,0.517761,-0.573120,8.002,86.2,-1
1785792895.764,220,55415,0,0.00000000,0.00000000,0.00,0,0,-38.40,0.067,-0.3920,-0.3920,1.4700,1.5711,0.585205,0.246948,0.517761,-0.573120,8.002,83.8,-1
1785792896.016,221,55635,0,0.00000000,0.00000000,0.00,0,0,-38.42,0.032,-0.1470,0.5880,1.5680,1.6811,0.585205,0.246948,0.517761,-0.573120,8.004,82.5,-1
1785792896.204,222,55853,0,0.00000000,0.00000000,0.00,0,0,-38.25,0.112,-0.2940,0.0000,0.0980,0.3099,0.585205,0.246948,0.517761,-0.573120,8.004,80.0,-1
1785792896.457,223,56073,0,0.00000000,0.00000000,0.00,0,0,-38.20,0.136,-1.2740,-0.0490,0.2450,1.2983,0.585205,0.246948,0.517761,-0.573120,8.002,86.2,-1
1785792896.647,224,56289,0,0.00000000,0.00000000,0.00,0,0,-38.29,0.061,-0.9800,0.7350,0.5880,1.3588,0.585266,0.247192,0.517700,-0.572998,8.005,82.5,-1
1785792896.898,225,56513,0,0.00000000,0.00000000,0.00,0,0,-38.26,0.089,-1.0290,0.2940,1.0780,1.5190,0.585327,0.247192,0.517700,-0.572937,8.005,88.8,-1
1785792897.087,226,56738,0,0.00000000,0.00000000,0.00,0,0,-38.41,-0.023,-0.8820,-0.1960,1.2740,1.5619,0.585327,0.246887,0.517883,-0.572937,8.004,81.2,-1
1785792897.338,227,56955,0,0.00000000,0.00000000,0.00,0,0,-38.31,0.045,-0.4410,0.2940,0.4900,0.7218,0.585266,0.246582,0.517944,-0.572998,8.000,82.5,-1
1785792897.529,228,57168,0,0.00000000,0.00000000,0.00,0,0,-38.38,-0.009,-0.5390,0.1960,0.8820,1.0521,0.585205,0.246338,0.518066,-0.573059,8.004,85.0,-1
1785792897.777,229,57385,0,0.00000000,0.00000000,0.00,0,0,-38.38,-0.012,-0.2450,0.4900,0.8330,0.9970,0.585205,0.246399,0.518005,-0.573120,8.001,81.2,-1
1785792897.965,230,57610,0,0.00000000,0.00000000,0.00,0,0,-38.29,0.045,-0.4410,0.2450,0.0000,0.5045,0.585205,0.246399,0.518005,-0.573120,8.004,85.0,-1
1785792900.214,231,59874,0,0.00000000,0.00000000,0.00,0,0,-38.25,0.148,-0.3920,0.0490,1.0290,1.1022,0.585266,0.246582,0.517944,-0.573059,8.001,81.2,-1
1785792900.431,232,60095,0,0.00000000,0.00000000,0.00,0,0,-38.82,-0.287,-0.8820,0.0980,0.6860,1.1217,0.585632,0.246338,0.517944,-0.572815,8.002,78.8,-1
1785792900.669,233,60314,0,0.00000000,0.00000000,0.00,0,0,-38.72,-0.209,-0.5390,0.4410,0.7840,1.0486,0.585632,0.246338,0.518005,-0.572815,8.004,80.0,-1
1785792900.918,234,60536,0,0.00000000,0.00000000,0.00,0,0,-38.62,-0.133,-0.8330,0.2940,0.6860,1.1184,0.585571,0.246338,0.518005,-0.572815,8.004,81.2,-1
1785792901.104,235,60758,0,0.00000000,0.00000000,0.00,0,0,-38.64,-0.108,-0.1470,0.0000,0.9800,0.9910,0.585632,0.246338,0.517944,-0.572815,8.004,81.2,-1
1785792901.353,236,60985,0,0.00000000,0.00000000,0.00,0,0,-38.60,-0.079,0.3920,0.5880,1.0290,1.2483,0.585693,0.246338,0.517883,-0.572815,8.001,86.2,-1
1785792903.479,237,63119,0,0.00000000,0.00000000,0.00,0,0,-38.58,0.142,-0.5390,0.2450,0.8820,1.0623,0.585571,0.245972,0.518127,-0.572815,8.004,78.8,-1
1785792903.733,238,63339,0,0.00000000,0.00000000,0.00,0,0,-38.66,-0.063,-0.4410,0.1960,0.4900,0.6877,0.585632,0.246582,0.518066,-0.572632,8.005,77.5,-1
1785792903.924,239,63561,0,0.00000000,0.00000000,0.00,0,0,-38.65,-0.058,-0.8330,0.4410,0.4900,1.0623,0.585693,0.246643,0.517944,-0.572571,8.004,75.0,-1
1785792904.177,240,63783,0,0.00000000,0.00000000,0.00,0,0,-38.51,0.033,-0.7840,0.4410,0.9310,1.2946,0.585693,0.246582,0.517944,-0.572632,8.004,73.8,-1
1785792906.441,241,66046,0,0.00000000,0.00000000,0.00,0,0,-38.27,0.758,-0.3920,-0.0980,0.6370,0.7543,0.585693,0.246216,0.518005,-0.572754,8.002,81.2,-1
1785792906.629,242,66264,0,0.00000000,0.00000000,0.00,0,0,-38.41,0.081,-0.5390,0.0980,0.7840,0.9564,0.586121,0.246765,0.517700,-0.572266,8.004,81.2,-1
1785792906.879,243,66484,0,0.00000000,0.00000000,0.00,0,0,-38.22,0.199,-0.1960,0.3430,1.3230,1.3807,0.586182,0.246948,0.517578,-0.572266,8.001,82.5,-1
1785792907.068,244,66708,0,0.00000000,0.00000000,0.00,0,0,-38.14,0.241,-0.6860,0.3430,0.6860,1.0290,0.586121,0.246887,0.517700,-0.572266,8.002,82.5,-1
1785792907.317,245,66930,0,0.00000000,0.00000000,0.00,0,0,-38.24,0.164,0.1960,0.0980,1.6170,1.6318,0.586121,0.246765,0.517761,-0.572266,8.005,76.2,-1
1785792907.502,246,67148,0,0.00000000,0.00000000,0.00,0,0,-38.13,0.199,0.1960,0.0490,2.0580,2.0679,0.586060,0.246765,0.517822,-0.572266,8.004,80.0,-1
1785792907.756,247,67368,0,0.00000000,0.00000000,0.00,0,0,-38.27,0.092,-0.7350,0.6860,0.4410,1.0979,0.585999,0.246765,0.517883,-0.572327,8.002,78.8,-1
1785792907.944,248,67587,0,0.00000000,0.00000000,0.00,0,0,-38.25,0.109,-1.2250,0.9310,-0.3430,1.5764,0.585938,0.246460,0.518005,-0.572388,8.002,78.8,-1
1785792908.196,249,67809,0,0.00000000,0.00000000,0.00,0,0,-38.14,0.157,-0.5390,-0.1960,1.2250,1.3526,0.585938,0.246399,0.518005,-0.572388,8.001,78.8,-1
1785792908.383,250,68031,0,0.00000000,0.00000000,0.00,0,0,-38.22,0.070,-0.7350,0.4410,1.4700,1.7016,0.585876,0.246582,0.518005,-0.572327,8.002,77.5,-1
1785792908.635,251,68243,0,0.00000000,0.00000000,0.00,0,0,-38.16,0.092,-0.5390,0.0980,0.8820,1.0383,0.585876,0.246460,0.518127,-0.572327,8.002,75.0,-1
1785792908.822,252,68469,0,0.00000000,0.00000000,0.00,0,0,-38.15,0.095,-0.1960,-0.0490,0.0980,0.2245,0.585876,0.246155,0.518188,-0.572327,8.001,83.8,-1
1785792909.076,253,68693,0,0.00000000,0.00000000,0.00,0,0,-38.17,0.061,-0.4900,0.3920,0.6860,0.9297,0.585876,0.246155,0.518250,-0.572327,8.005,77.5,-1
1785792909.266,254,68922,0,0.00000000,0.00000000,0.00,0,0,-38.07,0.112,-0.0980,0.3920,1.2740,1.3365,0.585938,0.246216,0.518250,-0.572266,8.002,77.5,-1
1785792909.518,255,69136,0,0.00000000,0.00000000,0.00,0,0,-38.09,0.087,-0.7350,0.5880,0.4410,1.0394,0.585938,0.246155,0.518188,-0.572327,8.002,76.2,-1
1785792909.708,256,69363,0,0.00000000,0.00000000,0.00,0,0,-38.26,-0.028,-0.7350,-0.0490,1.0780,1.3056,0.585999,0.246155,0.518127,-0.572266,8.004,80.0,-1
1785792909.959,257,69588,0,0.00000000,0.00000000,0.00,0,0,-38.21,0.014,-0.4410,1.0780,0.8330,1.4319,0.585999,0.246155,0.518127,-0.572327,8.001,81.2,-1
1785792910.207,258,69813,0,0.00000000,0.00000000,0.00,0,0,-38.19,0.014,-0.9800,0.8330,0.3920,1.3446,0.585999,0.246155,0.518127,-0.572327,8.004,80.0,-1
1785792910.394,259,70033,0,0.00000000,0.00000000,0.00,0,0,-38.21,0.007,-0.8820,0.3430,0.4900,1.0657,0.585938,0.246094,0.518188,-0.572327,8.004,81.2,-1
1785792912.469,260,72124,0,0.00000000,0.00000000,0.00,0,0,-38.19,0.052,-0.2940,0.0490,1.7150,1.7407,0.585938,0.246094,0.518188,-0.572327,8.004,81.2,-1
1785792912.721,261,72341,0,0.00000000,0.00000000,0.00,0,0,-38.37,-0.112,-0.9310,0.7840,0.3920,1.2787,0.586182,0.246033,0.517883,-0.572449,8.002,77.5,-1
1785792912.906,262,72568,0,0.00000000,0.00000000,0.00,0,0,-38.28,-0.041,-0.4900,0.8820,1.9600,2.2045,0.586121,0.245911,0.517944,-0.572449,8.001,88.8,-1
1785792913.155,263,72792,0,0.00000000,0.00000000,0.00,0,0,-38.31,-0.063,-0.9310,0.2940,0.6860,1.1932,0.586060,0.245911,0.518005,-0.572449,8.001,81.2,-1
1785792913.407,264,73015,0,0.00000000,0.00000000,0.00,0,0,-38.28,-0.049,-0.2450,-0.0980,1.1760,1.2052,0.586060,0.245972,0.518066,-0.572388,8.005,82.5,-1
1785792913.593,265,73232,0,0.00000000,0.00000000,0.00,0,0,-38.18,0.009,-0.9800,0.2450,0.6860,1.2211,0.585999,0.245972,0.518127,-0.572388,8.001,81.2,-1
1785792913.844,266,73451,0,0.00000000,0.00000000,0.00,0,0,-38.23,-0.025,-0.3920,0.2940,1.0290,1.1397,0.585999,0.245972,0.518188,-0.572388,8.004,82.5,-1
1785792914.031,267,73673,0,0.00000000,0.00000000,0.00,0,0,-38.18,0.029,-0.6370,-0.4900,0.2940,0.8557,0.585876,0.245911,0.518250,-0.572449,8.002,78.8,-1
1785792914.282,268,73895,0,0.00000000,0.00000000,0.00,0,0,-38.10,0.090,-0.7840,0.2940,0.6370,1.0521,0.585876,0.245972,0.518188,-0.572449,8.004,81.2,-1
1785792914.534,269,74143,0,0.00000000,0.00000000,0.00,0,0,-38.13,0.064,-0.7840,0.1960,0.7350,1.0924,0.585876,0.245972,0.518250,-0.572449,8.001,77.5,-1
1785792916.728,270,76361,0,0.00000000,0.00000000,0.00,0,0,-38.18,-0.246,-0.3430,0.9310,1.3230,1.6537,0.585754,0.245911,0.518250,-0.572571,8.002,82.5,-1
1785792916.978,271,76589,0,0.00000000,0.00000000,0.00,0,0,-38.31,-0.066,-0.4900,0.0000,1.3720,1.4569,0.585999,0.245605,0.518188,-0.572449,8.004,72.5,-1
1785792917.166,272,76808,0,0.00000000,0.00000000,0.00,0,0,-38.16,0.018,-0.4410,-0.0490,0.8330,0.9438,0.585999,0.245728,0.518188,-0.572449,8.001,81.2,-1
1785792917.398,273,77031,0,0.00000000,0.00000000,0.00,0,0,-38.17,-0.005,-0.9310,-0.6860,2.4010,2.6650,0.585999,0.245728,0.518250,-0.572388,8.004,78.8,-1
1785792917.635,274,77251,0,0.00000000,0.00000000,0.00,0,0,-38.22,-0.023,-0.9800,-0.0490,1.1270,1.4943,0.585999,0.245789,0.518250,-0.572388,8.002,80.0,-1
1785792917.822,275,77479,0,0.00000000,0.00000000,0.00,0,0,-38.15,0.011,-0.5390,-0.4410,1.0780,1.2834,0.585999,0.245789,0.518250,-0.572388,8.000,86.2,-1
1785792920.026,276,79639,0,0.00000000,0.00000000,0.00,0,0,-38.18,0.029,-0.8820,-0.3430,0.0000,0.9463,0.585938,0.245483,0.518372,-0.572449,8.004,76.2,-1
1785792920.215,277,79861,0,0.00000000,0.00000000,0.00,0,0,-38.41,-0.122,-1.4700,0.7350,-0.4900,1.7150,0.585815,0.246155,0.518188,-0.572510,8.004,78.8,-1
1785792920.465,278,80087,0,0.00000000,0.00000000,0.00,0,0,-38.20,0.025,-0.8330,0.2450,1.7640,1.9661,0.585938,0.245972,0.518127,-0.572510,8.004,82.5,-1
1785792920.654,279,80308,0,0.00000000,0.00000000,0.00,0,0,-38.17,0.040,-0.6860,0.2450,0.9800,1.2211,0.585999,0.246033,0.518066,-0.572449,8.005,82.5,-1
1785792920.905,280,80534,0,0.00000000,0.00000000,0.00,0,0,-38.23,-0.006,-0.6860,0.2940,0.7350,1.0475,0.585999,0.246033,0.518005,-0.572449,8.001,77.5,-1
1785792921.096,281,80758,0,0.00000000,0.00000000,0.00,0,0,-38.21,0.025,-1.2740,1.3230,1.2740,2.2353,0.585999,0.246033,0.518005,-0.572449,8.002,78.8,-1
1785792921.351,282,80981,0,0.00000000,0.00000000,0.00,0,0,-38.21,0.004,-0.9310,0.5390,0.6860,1.2759,0.585999,0.246033,0.518066,-0.572449,8.002,76.2,-1
1785792921.542,283,81200,0,0.00000000,0.00000000,0.00,0,0,-38.20,0.005,-0.8820,1.2250,0.4900,1.5870,0.585938,0.246033,0.518127,-0.572449,8.004,80.0,-1
1785792921.790,284,81429,0,0.00000000,0.00000000,0.00,0,0,-38.19,0.017,-0.4410,0.4900,0.6860,0.9514,0.585938,0.245972,0.518127,-0.572449,8.004,81.2,-1
1785792922.040,285,81648,0,0.00000000,0.00000000,0.00,0,0,-38.18,0.025,-0.4410,0.4410,0.8330,1.0406,0.585938,0.246094,0.518127,-0.572510,8.001,82.5,-1
1785792922.227,286,81867,0,0.00000000,0.00000000,0.00,0,0,-38.31,-0.066,-1.1760,0.8820,0.5390,1.5657,0.585876,0.245667,0.518311,-0.572449,8.001,85.0,-1
1785792922.427,287,82089,0,0.00000000,0.00000000,0.00,0,0,-38.29,-0.052,-0.1960,0.0980,0.7840,0.8140,0.585876,0.245483,0.518311,-0.572510,8.001,78.8,-1
1785792922.683,288,82303,0,0.00000000,0.00000000,0.00,0,0,-38.24,-0.023,0.1470,0.9310,1.6660,1.9141,0.585938,0.245483,0.518311,-0.572449,8.004,76.2,-1
1785792922.871,289,82528,0,0.00000000,0.00000000,0.00,0,0,-38.27,-0.039,-0.2940,-0.6370,1.8620,1.9898,0.585999,0.245483,0.518372,-0.572388,8.000,86.2,-1
1785792923.125,290,82755,0,0.00000000,0.00000000,0.00,0,0,-38.25,-0.025,-0.7840,0.0980,1.7150,1.8882,0.585999,0.245667,0.518372,-0.572327,8.004,75.0,-1
1785792923.377,291,82982,0,0.00000000,0.00000000,0.00,0,0,-38.23,-0.019,-0.8820,0.4900,0.8330,1.3084,0.586121,0.246887,0.517944,-0.572083,8.002,76.2,-1
1785792923.566,292,83195,0,0.00000000,0.00000000,0.00,0,0,-38.28,-0.026,-0.8820,0.1960,0.7350,1.1647,0.586182,0.246948,0.517822,-0.572144,8.004,78.8,-1
1785792923.755,293,83415,0,0.00000000,0.00000000,0.00,0,0,-38.35,-0.080,-0.2940,-0.0980,2.0580,2.0812,0.586121,0.246399,0.517944,-0.572266,8.002,76.2,-1
1785792924.003,294,83643,0,0.00000000,0.00000000,0.00,0,0,-38.20,0.022,-0.6370,0.0980,1.2250,1.3842,0.586243,0.246887,0.517761,-0.572021,8.004,78.8,-1
1785792924.257,295,83864,0,0.00000000,0.00000000,0.00,0,0,-38.24,-0.004,-1.4210,0.3430,-0.0490,1.4626,0.586182,0.246338,0.518066,-0.572083,8.002,75.0,-1
1785792924.449,296,84088,0,0.00000000,0.00000000,0.00,0,0,-38.25,-0.009,-0.2450,-0.0490,1.6170,1.6362,0.586121,0.246277,0.518250,-0.572083,8.004,77.5,-1
1785792924.700,297,84304,0,0.00000000,0.00000000,0.00,0,0,-38.31,-0.030,-0.4900,0.0980,0.9310,1.0566,0.586121,0.246155,0.518372,-0.571960,8.002,78.8,-1
1785792924.887,298,84526,0,0.00000000,0.00000000,0.00,0,0,-38.16,0.086,-0.9800,0.1470,1.1270,1.5007,0.586365,0.247314,0.517822,-0.571716,8.002,75.0,-1
1785792925.140,299,84743,0,0.00000000,0.00000000,0.00,0,0,-38.30,0.003,-0.4900,-0.0980,0.5390,0.7350,0.586487,0.247437,0.517517,-0.571899,8.004,81.2,-1
1785792925.330,300,84965,0,0.00000000,0.00000000,0.00,0,0,-38.24,0.022,-0.5390,0.2940,1.7640,1.8678,0.586609,0.247498,0.517334,-0.571838,8.004,81.2,-1
1785792925.521,301,85177,0,0.00000000,0.00000000,0.00,0,0,-38.27,0.010,-0.3920,0.1470,0.8330,0.9323,0.586548,0.247498,0.517395,-0.571838,8.005,80.0,-1
1785792925.773,302,85397,0,0.00000000,0.00000000,0.00,0,0,-38.26,0.030,-0.6860,0.5880,0.6860,1.1344,0.586487,0.247437,0.517456,-0.571838,8.001,78.8,-1
1785792925.961,303,85615,0,0.00000000,0.00000000,0.00,0,0,-38.26,0.023,-0.5880,0.0980,0.5390,0.8037,0.586487,0.247375,0.517578,-0.571777,8.004,80.0,-1
1785792926.210,304,85838,0,0.00000000,0.00000000,0.00,0,0,-38.34,-0.039,-0.8330,0.4410,0.1960,0.9627,0.586487,0.247375,0.517639,-0.571777,8.002,82.5,-1
1785792926.459,305,86059,0,0.00000000,0.00000000,0.00,0,0,-38.30,-0.007,-0.1960,0.0000,1.5680,1.5802,0.586426,0.247192,0.517761,-0.571777,8.002,81.2,-1
1785792926.647,306,86273,0,0.00000000,0.00000000,0.00,0,0,-38.29,-0.025,-0.5880,0.0980,0.5390,0.8037,0.586426,0.247192,0.517761,-0.571777,8.004,81.2,-1
1785792926.895,307,86498,0,0.00000000,0.00000000,0.00,0,0,-38.29,-0.011,-0.2450,0.1470,1.3230,1.3535,0.586487,0.247437,0.517700,-0.571655,8.001,83.8,-1
1785792927.083,308,86718,0,0.00000000,0.00000000,0.00,0,0,-38.27,-0.003,-0.0490,-0.2940,0.4410,0.5323,0.586609,0.247375,0.517578,-0.571716,8.001,83.8,-1
1785792927.336,309,86940,0,0.00000000,0.00000000,0.00,0,0,-38.38,-0.067,-0.4900,0.3920,1.4700,1.5983,0.586609,0.247314,0.517578,-0.571716,8.004,83.8,-1
1785792927.487,310,87150,0,0.00000000,0.00000000,0.00,0,0,-38.37,-0.034,-1.1270,0.6370,0.3920,1.3526,0.586548,0.247192,0.517700,-0.571716,8.001,81.2,-1
1785792927.741,311,87375,0,0.00000000,0.00000000,0.00,0,0,-38.26,0.025,-0.7350,0.4900,1.0290,1.3562,0.586609,0.247192,0.517700,-0.571655,8.000,77.5,-1
1785792927.990,312,87602,0,0.00000000,0.00000000,0.00,0,0,-38.32,-0.012,-0.1960,0.3430,1.7150,1.7599,0.586609,0.247192,0.517639,-0.571655,8.000,86.2,-1
1785792928.178,313,87820,0,0.00000000,0.00000000,0.00,0,0,-38.40,-0.049,-0.6370,0.5880,0.2450,0.9009,0.586609,0.247253,0.517639,-0.571716,8.001,87.5,-1
1785792928.425,314,88041,0,0.00000000,0.00000000,0.00,0,0,-38.41,-0.050,-0.0980,0.0490,2.2540,2.2567,0.586548,0.247009,0.517761,-0.571716,8.001,82.5,-1
1785792928.612,315,88254,0,0.00000000,0.00000000,0.00,0,0,-38.28,0.022,-0.4900,0.3430,1.0780,1.2328,0.586548,0.247192,0.517700,-0.571716,8.006,76.2,-1
1785792928.801,316,88455,0,0.00000000,0.00000000,0.00,0,0,-38.33,0.003,-0.4410,0.0980,1.6660,1.7262,0.586548,0.247192,0.517700,-0.571716,8.005,75.0,-1
1785792929.053,317,88683,0,0.00000000,0.00000000,0.00,0,0,-38.36,-0.022,-0.8330,-0.1960,0.8820,1.2289,0.586670,0.247314,0.517517,-0.571716,8.005,81.2,-1
1785792929.303,318,88905,0,0.00000000,0.00000000,0.00,0,0,-38.36,-0.010,-0.4900,0.3920,0.7350,0.9664,0.586670,0.247192,0.517639,-0.571655,8.004,82.5,-1
1785792929.490,319,89150,0,0.00000000,0.00000000,0.00,0,0,-38.32,0.001,-0.7840,-0.4410,0.4410,1.0018,0.586609,0.247314,0.517639,-0.571655,8.000,82.5,-1
1785792929.739,320,89376,0,0.00000000,0.00000000,0.00,0,0,-38.42,-0.056,-0.6860,0.2450,1.4700,1.6406,0.586487,0.247314,0.517700,-0.571716,8.004,78.8,-1
1785792929.989,321,89592,0,0.00000000,0.00000000,0.00,0,0,-38.37,-0.021,-0.3430,0.4900,0.4900,0.7732,0.586487,0.247314,0.517639,-0.571716,8.001,83.8,-1
1785792930.178,322,89817,0,0.00000000,0.00000000,0.00,0,0,-38.36,-0.020,0.2450,-0.5880,2.1560,2.2481,0.586609,0.247437,0.517517,-0.571716,8.004,75.0,-1
1785792930.427,323,90045,0,0.00000000,0.00000000,0.00,0,0,-38.27,0.020,-0.0980,0.3920,1.0290,1.1055,0.586670,0.247375,0.517395,-0.571777,8.002,83.8,-1
1785792930.615,324,90265,0,0.00000000,0.00000000,0.00,0,0,-38.31,-0.008,-0.6370,0.5390,1.2740,1.5229,0.586670,0.247437,0.517456,-0.571716,8.001,83.8,-1
1785792930.860,325,90487,0,0.00000000,0.00000000,0.00,0,0,-38.33,-0.036,-0.9310,0.7840,0.0980,1.2211,0.586548,0.247437,0.517578,-0.571716,8.004,83.8,-1
1785792931.046,326,90707,0,0.00000000,0.00000000,0.00,0,0,-38.36,-0.036,-0.9310,0.2450,0.6860,1.1821,0.586487,0.247437,0.517639,-0.571716,8.002,83.8,-1
1785792931.296,327,90925,0,0.00000000,0.00000000,0.00,0,0,-38.33,-0.024,-0.9310,-0.1470,1.5680,1.8295,0.586426,0.247375,0.517761,-0.571716,8.004,82.5,-1
1785792931.481,328,91141,0,0.00000000,0.00000000,0.00,0,0,-38.23,0.032,-0.9310,0.2940,0.7350,1.2221,0.586426,0.247314,0.517761,-0.571716,8.002,80.0,-1
1785792931.733,329,91367,0,0.00000000,0.00000000,0.00,0,0,-38.25,0.008,-0.6860,0.1960,0.6370,0.9564,0.586426,0.247314,0.517700,-0.571777,8.000,87.5,-1
1785792931.983,330,91587,0,0.00000000,0.00000000,0.00,0,0,-38.49,-0.117,-0.5390,0.2450,0.8330,1.0220,0.586426,0.247314,0.517700,-0.571777,8.000,87.5,-1
1785792932.171,331,91808,0,0.00000000,0.00000000,0.00,0,0,-38.31,-0.007,-0.6370,0.4900,0.8820,1.1932,0.586426,0.247314,0.517700,-0.571777,8.000,87.5,-1
1785792932.418,332,92031,0,0.00000000,0.00000000,0.00,0,0,-38.25,0.015,-0.5880,0.2940,0.6370,0.9154,0.586426,0.247620,0.517395,-0.571899,8.002,82.5,-1
1785792932.606,333,92248,0,0.00000000,0.00000000,0.00,0,0,-38.33,-0.049,-0.7350,0.2450,0.8330,1.1376,0.586304,0.246643,0.517822,-0.572083,8.002,90.0,-1
1785792932.853,334,92473,0,0.00000000,0.00000000,0.00,0,0,-38.41,-0.074,-0.6860,0.0980,0.0000,0.6930,0.586182,0.245789,0.518066,-0.572388,8.002,82.5,-1
1785792933.042,335,92699,0,0.00000000,0.00000000,0.00,0,0,-38.21,0.046,0.0490,-0.0490,0.6860,0.6895,0.586243,0.245911,0.517944,-0.572327,8.001,82.5,-1
1785792933.297,336,92922,0,0.00000000,0.00000000,0.00,0,0,-38.30,0.007,-0.7840,0.3920,1.1270,1.4277,0.586182,0.245850,0.518005,-0.572388,8.002,82.5,-1
1785792933.486,337,93138,0,0.00000000,0.00000000,0.00,0,0,-38.30,-0.000,-0.8330,0.2450,0.6860,1.1066,0.586243,0.246277,0.517944,-0.572205,8.001,80.0,-1
1785792933.738,338,93364,0,0.00000000,0.00000000,0.00,0,0,-38.27,0.010,-0.7350,0.3430,1.3720,1.5938,0.586365,0.246765,0.517639,-0.572144,8.002,80.0,-1
1785792933.929,339,93585,0,0.00000000,0.00000000,0.00,0,0,-38.20,0.050,-0.4410,0.5880,1.3230,1.5135,0.586304,0.246094,0.518005,-0.572205,8.004,81.2,-1
1785792934.183,340,93803,0,0.00000000,0.00000000,0.00,0,0,-38.34,-0.041,-1.2740,0.9310,1.0290,1.8838,0.586365,0.246643,0.517761,-0.572083,8.002,80.0,-1
1785792934.371,341,94027,0,0.00000000,0.00000000,0.00,0,0,-38.39,-0.075,-0.5880,0.0980,1.2250,1.3623,0.586487,0.247375,0.517334,-0.572021,8.002,83.8,-1
1785792934.624,342,94247,0,0.00000000,0.00000000,0.00,0,0,-38.29,-0.020,0.0000,-0.2450,2.5480,2.5598,0.586365,0.247070,0.517761,-0.571899,8.001,82.5,-1
1785792934.814,343,94469,0,0.00000000,0.00000000,0.00,0,0,-38.28,-0.004,-0.7840,0.3430,1.3230,1.5756,0.586304,0.247070,0.517761,-0.571899,8.002,81.2,-1
1785792935.067,344,94693,0,0.00000000,0.00000000,0.00,0,0,-38.43,-0.072,-0.5390,-0.0490,0.9800,1.1195,0.586243,0.247009,0.517822,-0.572021,7.997,85.0,-1
1785792935.316,345,94917,0,0.00000000,0.00000000,0.00,0,0,-38.37,-0.027,-0.6860,0.1960,0.6860,0.9898,0.586182,0.246826,0.517944,-0.572021,8.004,78.8,-1
1785792935.503,346,95158,0,0.00000000,0.00000000,0.00,0,0,-38.33,0.005,-0.7350,0.1470,0.7840,1.0847,0.586121,0.246338,0.518188,-0.572083,8.004,83.8,-1
1785792935.753,347,95380,0,0.00000000,0.00000000,0.00,0,0,-38.31,0.025,-0.7840,0.0980,1.0290,1.2973,0.586243,0.247620,0.517700,-0.571777,8.004,81.2,-1
1785792936.001,348,95606,0,0.00000000,0.00000000,0.00,0,0,-38.33,-0.011,-0.7840,0.0490,0.4900,0.9258,0.586304,0.247498,0.517700,-0.571838,8.001,87.5,-1
1785792936.189,349,95829,0,0.00000000,0.00000000,0.00,0,0,-38.34,-0.027,-0.8330,0.8820,1.5680,1.9825,0.586487,0.247986,0.517151,-0.571960,8.005,81.2,-1
1785792936.439,350,96047,0,0.00000000,0.00000000,0.00,0,0,-38.27,-0.001,-0.4900,0.6860,0.4410,0.9514,0.586487,0.247192,0.517456,-0.572021,8.004,83.8,-1
1785792936.628,351,96261,0,0.00000000,0.00000000,0.00,0,0,-38.36,-0.067,0.2450,0.0980,2.0580,2.0748,0.586426,0.246582,0.517578,-0.572205,8.005,80.0,-1
1785792936.817,352,96461,0,0.00000000,0.00000000,0.00,0,0,-38.36,-0.048,-0.7350,0.3920,1.0290,1.3239,0.586365,0.246399,0.517761,-0.572205,8.005,81.2,-1
1785792937.067,353,96679,0,0.00000000,0.00000000,0.00,0,0,-38.40,-0.051,-1.4700,0.4410,0.0000,1.5347,0.586304,0.246399,0.517822,-0.572144,8.001,83.8,-1
1785792937.255,354,96901,0,0.00000000,0.00000000,0.00,0,0,-38.32,-0.008,-0.0490,0.5390,1.5190,1.6125,0.586243,0.245483,0.518188,-0.572327,8.004,80.0,-1
1785792937.503,355,97146,0,0.00000000,0.00000000,0.00,0,0,-38.32,-0.007,-0.7350,0.4900,1.2250,1.5103,0.586182,0.245300,0.518372,-0.572266,8.002,81.2,-1
1785792937.757,356,97372,0,0.00000000,0.00000000,0.00,0,0,-38.27,0.036,-0.4410,0.0490,0.5390,0.6981,0.586243,0.245667,0.518188,-0.572266,8.004,80.0,-1
1785792937.944,357,97590,0,0.00000000,0.00000000,0.00,0,0,-38.29,0.013,-0.5390,0.1470,0.6370,0.8473,0.586243,0.245667,0.518188,-0.572266,8.004,76.2,-1
1785792938.194,358,97813,0,0.00000000,0.00000000,0.00,0,0,-38.25,0.051,-0.5390,0.0490,1.0780,1.2062,0.586243,0.245605,0.518127,-0.572266,8.004,80.0,-1
1785792938.382,359,98037,0,0.00000000,0.00000000,0.00,0,0,-38.25,0.063,-0.5390,0.1470,1.2250,1.3464,0.586182,0.245667,0.518188,-0.572266,8.004,77.5,-1
1785792938.630,360,98256,0,0.00000000,0.00000000,0.00,0,0,-38.30,0.020,-0.1470,0.3920,0.9310,1.0208,0.586182,0.245789,0.518188,-0.572205,8.004,80.0,-1
1785792938.882,361,98484,0,0.00000000,0.00000000,0.00,0,0,-38.43,-0.056,-0.9310,0.3920,0.7840,1.2787,0.586243,0.245911,0.518066,-0.572205,8.005,82.5,-1
1785792939.068,362,98703,0,0.00000000,0.00000000,0.00,0,0,-38.37,-0.035,-0.7350,0.5880,0.7840,1.2250,0.586304,0.245483,0.518372,-0.572083,8.002,82.5,-1
1785792939.320,363,98923,0,0.00000000,0.00000000,0.00,0,0,-38.34,-0.012,-0.8820,0.2450,1.0290,1.3772,0.586243,0.245117,0.518494,-0.572144,8.001,83.8,-1
1785792939.508,364,99139,0,0.00000000,0.00000000,0.00,0,0,-38.37,-0.050,-1.4210,0.5390,0.6860,1.6674,0.586182,0.245117,0.518555,-0.572205,8.002,80.0,-1
1785792939.697,365,99358,0,0.00000000,0.00000000,0.00,0,0,-38.20,0.043,-0.8330,-0.4900,0.6860,1.1852,0.586304,0.245239,0.518433,-0.572144,8.002,76.2,-1
1785792939.944,366,99580,0,0.00000000,0.00000000,0.00,0,0,-38.39,-0.081,-1.1760,-0.2940,1.5190,1.9434,0.586243,0.245300,0.518311,-0.572266,8.001,76.2,-1
1785792940.193,367,99804,0,0.00000000,0.00000000,0.00,0,0,-38.23,0.051,-0.1470,-0.5880,1.4700,1.5900,0.586182,0.244873,0.518555,-0.572266,8.001,81.2,-1
1785792940.379,368,100028,0,0.00000000,0.00000000,0.00,0,0,-38.42,-0.066,-0.3430,-0.7350,1.5190,1.7220,0.586304,0.245605,0.518127,-0.572266,8.002,78.8,-1
1785792940.630,369,100241,0,0.00000000,0.00000000,0.00,0,0,-38.33,-0.016,-0.4900,-0.1470,1.4700,1.5565,0.586182,0.245605,0.518372,-0.572144,8.002,78.8,-1
1785792940.819,370,100462,0,0.00000000,0.00000000,0.00,0,0,-38.31,0.009,-0.6860,0.8820,0.5390,1.2406,0.586121,0.245300,0.518555,-0.572144,8.002,80.0,-1
1785792941.072,371,100677,0,0.00000000,0.00000000,0.00,0,0,-38.43,-0.065,-0.8820,1.0780,0.5880,1.5119,0.586060,0.245056,0.518677,-0.572266,8.005,78.8,-1
1785792941.262,372,100896,0,0.00000000,0.00000000,0.00,0,0,-38.34,-0.020,-1.1760,0.9800,0.0000,1.5308,0.586121,0.245422,0.518555,-0.572144,8.005,81.2,-1
1785792941.515,373,101140,0,0.00000000,0.00000000,0.00,0,0,-38.45,-0.095,-0.3920,0.2450,0.5390,0.7101,0.586121,0.245667,0.518433,-0.572144,8.004,81.2,-1
1785792941.700,374,101361,0,0.00000000,0.00000000,0.00,0,0,-38.34,-0.019,-0.3920,0.0490,0.0000,0.3951,0.586121,0.245605,0.518433,-0.572205,8.004,78.8,-1
1785792941.951,375,101579,0,0.00000000,0.00000000,0.00,0,0,-38.43,-0.073,-0.6370,0.5390,0.6860,1.0802,0.586182,0.245300,0.518433,-0.572266,8.002,82.5,-1
1785792942.140,376,101800,0,0.00000000,0.00000000,0.00,0,0,-38.31,0.022,-0.6860,0.0490,0.1960,0.7151,0.586182,0.245178,0.518433,-0.572266,8.004,78.8,-1
1785792942.391,377,102020,0,0.00000000,0.00000000,0.00,0,0,-38.27,0.064,-0.9800,0.2940,0.8330,1.3194,0.586182,0.245667,0.518372,-0.572144,8.002,81.2,-1
1785792942.572,378,102233,0,0.00000000,0.00000000,0.00,0,0,-38.36,-0.000,0.3430,-0.2450,2.3520,2.3895,0.586182,0.245300,0.518494,-0.572205,8.002,81.2,-1
1785792942.816,379,102451,0,0.00000000,0.00000000,0.00,0,0,-38.35,-0.002,0.0490,0.1960,1.2250,1.2415,0.586182,0.245239,0.518433,-0.572266,8.004,86.2,-1
1785792943.067,380,102674,0,0.00000000,0.00000000,0.00,0,0,-38.39,-0.038,-0.2450,-0.1960,2.6950,2.7132,0.586182,0.245239,0.518494,-0.572205,8.001,83.8,-1
1785792943.255,381,102875,0,0.00000000,0.00000000,0.00,0,0,-38.47,-0.068,-0.5390,0.2940,0.5390,0.8170,0.586304,0.245361,0.518372,-0.572144,8.004,82.5,-1
1785792943.446,382,103093,0,0.00000000,0.00000000,0.00,0,0,-38.40,-0.010,-0.4900,0.1960,1.1760,1.2890,0.586365,0.245422,0.518188,-0.572205,8.001,83.8,-1
1785792943.698,383,103303,0,0.00000000,0.00000000,0.00,0,0,-38.39,-0.005,-0.7840,0.3920,1.2250,1.5063,0.586426,0.245605,0.518188,-0.572083,8.004,80.0,-1
1785792943.888,384,103522,0,0.00000000,0.00000000,0.00,0,0,-38.49,-0.070,-0.5390,0.2450,1.5680,1.6761,0.586426,0.246094,0.517944,-0.572083,8.004,81.2,-1
1785792944.139,385,103746,0,0.00000000,0.00000000,0.00,0,0,-38.39,-0.020,-0.6860,0.7840,0.6370,1.2211,0.586365,0.245544,0.518250,-0.572021,8.004,73.8,-1
1785792944.327,386,103967,0,0.00000000,0.00000000,0.00,0,0,-38.39,-0.028,0.0000,-0.2940,1.4210,1.4511,0.586487,0.245361,0.518250,-0.572021,8.002,80.0,-1
1785792944.580,387,104185,0,0.00000000,0.00000000,0.00,0,0,-38.40,-0.029,-0.7350,0.2450,0.1960,0.7992,0.586487,0.245544,0.518250,-0.571960,8.005,76.2,-1
1785792944.769,388,104404,0,0.00000000,0.00000000,0.00,0,0,-38.42,-0.023,-0.3430,0.3920,0.9310,1.0668,0.586304,0.245239,0.518433,-0.572144,8.004,80.0,-1
1785792945.019,389,104628,0,0.00000000,0.00000000,0.00,0,0,-38.43,-0.050,-0.8820,0.2450,0.3920,0.9958,0.586365,0.245789,0.518250,-0.572021,8.004,78.8,-1
1785792945.208,390,104851,0,0.00000000,0.00000000,0.00,0,0,-38.46,-0.056,0.5390,-0.0980,1.5680,1.6609,0.586304,0.246033,0.518188,-0.572021,8.002,77.5,-1
1785792945.462,391,105077,0,0.00000000,0.00000000,0.00,0,0,-38.36,0.006,-0.7840,0.0980,0.8330,1.1481,0.586243,0.245422,0.518555,-0.572021,8.004,83.8,-1
1785792945.651,392,105296,0,0.00000000,0.00000000,0.00,0,0,-38.52,-0.082,-0.8820,0.1960,0.2940,0.9501,0.586304,0.245483,0.518372,-0.572083,7.999,83.8,-1
1785792945.901,393,105518,0,0.00000000,0.00000000,0.00,0,0,-38.46,-0.054,-1.9110,1.0780,-0.6860,2.2988,0.586304,0.245605,0.518372,-0.572021,8.001,81.2,-1
1785792946.090,394,105739,0,0.00000000,0.00000000,0.00,0,0,-38.51,-0.084,-0.5880,0.2450,1.1760,1.3374,0.586243,0.245667,0.518372,-0.572083,8.000,83.8,-1
1785792946.337,395,105962,0,0.00000000,0.00000000,0.00,0,0,-38.47,-0.044,-0.2450,0.5390,1.7150,1.8143,0.586182,0.245728,0.518433,-0.572083,8.001,77.5,-1
1785792946.525,396,106182,0,0.00000000,0.00000000,0.00,0,0,-38.40,0.028,-0.7840,0.1470,0.6860,1.0521,0.586182,0.245911,0.518311,-0.572083,8.001,78.8,-1
1785792946.775,397,106410,0,0.00000000,0.00000000,0.00,0,0,-38.41,0.019,-0.7350,0.0980,0.9800,1.2289,0.586121,0.245605,0.518555,-0.572021,8.005,77.5,-1
1785792947.026,398,106630,0,0.00000000,0.00000000,0.00,0,0,-38.40,0.040,-0.5390,0.0980,0.6860,0.8779,0.585999,0.245911,0.518494,-0.572083,8.004,82.5,-1
1785792947.215,399,106850,0,0.00000000,0.00000000,0.00,0,0,-38.43,0.027,-0.8330,0.5880,1.0290,1.4486,0.586121,0.245972,0.518433,-0.572021,8.001,82.5,-1
1785792947.467,400,107071,0,0.00000000,0.00000000,0.00,0,0,-38.38,0.058,-0.7840,-0.2940,1.0780,1.3650,0.586060,0.245789,0.518555,-0.572021,8.004,82.5,-1
1785792947.658,401,107285,0,0.00000000,0.00000000,0.00,0,0,-38.43,0.033,-0.3430,0.4410,1.2250,1.3464,0.586060,0.245911,0.518433,-0.572083,8.002,81.2,-1
1785792947.907,402,107510,0,0.00000000,0.00000000,0.00,0,0,-38.42,0.052,-0.2450,0.0000,0.5390,0.5921,0.585999,0.245605,0.518616,-0.572144,8.004,78.8,-1
1785792948.096,403,107733,0,0.00000000,0.00000000,0.00,0,0,-38.34,0.098,-1.2740,0.5390,0.2450,1.4049,0.586060,0.245667,0.518494,-0.572083,8.002,81.2,-1
1785792948.349,404,107953,0,0.00000000,0.00000000,0.00,0,0,-38.31,0.104,-0.5880,0.4410,0.0000,0.7350,0.586121,0.245483,0.518616,-0.572021,8.001,80.0,-1
1785792948.537,405,108166,0,0.00000000,0.00000000,0.00,0,0,-38.41,0.033,-0.6370,0.0980,0.2450,0.6895,0.586121,0.245483,0.518616,-0.572083,8.002,81.2,-1
1785792948.789,406,108392,0,0.00000000,0.00000000,0.00,0,0,-38.44,0.002,-0.2450,0.5390,1.3720,1.4943,0.586243,0.245544,0.518494,-0.572021,8.002,81.2,-1
1785792948.974,407,108615,0,0.00000000,0.00000000,0.00,0,0,-38.35,0.068,-1.0290,0.1470,0.6370,1.2191,0.586304,0.245544,0.518555,-0.571960,8.004,78.8,-1
1785792949.226,408,108833,0,0.00000000,0.00000000,0.00,0,0,-38.39,0.023,-0.2940,0.3920,1.2250,1.3194,0.586304,0.245605,0.518372,-0.572021,8.002,81.2,-1
1785792949.411,409,109056,0,0.00000000,0.00000000,0.00,0,0,-38.39,0.014,-0.8330,0.3920,0.3920,1.0006,0.586426,0.245239,0.518311,-0.572144,8.004,80.0,-1
1785792949.660,410,109276,0,0.00000000,0.00000000,0.00,0,0,-38.45,-0.029,-0.8820,1.0290,0.5880,1.4773,0.586487,0.245178,0.518311,-0.572083,8.002,80.0,-1
1785792949.850,411,109495,0,0.00000000,0.00000000,0.00,0,0,-38.35,0.035,-0.5880,0.2450,0.0980,0.6445,0.586487,0.245056,0.518372,-0.572083,8.002,78.8,-1
1785792950.101,412,109719,0,0.00000000,0.00000000,0.00,0,0,-38.30,0.062,-1.1270,1.4210,0.3920,1.8555,0.586487,0.245239,0.518311,-0.572083,8.004,77.5,-1
1785792950.290,413,109937,0,0.00000000,0.00000000,0.00,0,0,-38.36,0.017,-0.4900,0.0490,2.1560,2.2115,0.586487,0.245300,0.518188,-0.572083,8.004,81.2,-1
1785792950.536,414,110154,0,0.00000000,0.00000000,0.00,0,0,-38.29,0.040,-1.3230,0.3430,0.4410,1.4361,0.586609,0.245300,0.518188,-0.572021,8.001,82.5,-1
1785792950.721,415,110381,0,0.00000000,0.00000000,0.00,0,0,-38.28,0.039,-1.0290,0.1470,1.1760,1.5695,0.586487,0.245300,0.518250,-0.572083,8.001,75.0,-1
1785792950.968,416,110607,0,0.00000000,0.00000000,0.00,0,0,-38.30,0.035,-1.0780,0.0000,0.3430,1.1313,0.586487,0.245300,0.518188,-0.572144,7.997,86.2,-1
1785792951.220,417,110830,0,0.00000000,0.00000000,0.00,0,0,-38.41,-0.046,-0.7350,0.8330,1.3230,1.7276,0.586487,0.245239,0.518188,-0.572144,8.001,80.0,-1
1785792951.411,418,111055,0,0.00000000,0.00000000,0.00,0,0,-38.40,-0.041,-0.1470,0.2450,1.4210,1.4494,0.586487,0.245239,0.518250,-0.572144,8.001,78.8,-1
1785792951.662,419,111272,0,0.00000000,0.00000000,0.00,0,0,-38.46,-0.056,-1.1270,0.0490,-0.3920,1.1942,0.586670,0.246521,0.517639,-0.571899,8.004,80.0,-1
1785792951.848,420,111497,0,0.00000000,0.00000000,0.00,0,0,-38.43,-0.024,-0.5880,0.3430,0.9800,1.1932,0.586731,0.246521,0.517700,-0.571838,8.004,81.2,-1
1785792952.098,421,111722,0,0.00000000,0.00000000,0.00,0,0,-38.40,-0.001,-1.2250,0.1470,0.2940,1.2683,0.586792,0.246643,0.517639,-0.571777,8.004,72.5,-1
1785792952.287,422,111943,0,0.00000000,0.00000000,0.00,0,0,-38.30,0.064,-0.7350,0.0980,1.0290,1.2683,0.586792,0.246643,0.517578,-0.571777,8.007,78.8,-1
1785792952.536,423,112156,0,0.00000000,0.00000000,0.00,0,0,-38.43,-0.024,-0.7350,0.0490,1.2250,1.4294,0.586731,0.246765,0.517578,-0.571838,8.004,78.8,-1
1785792952.724,424,112382,0,0.00000000,0.00000000,0.00,0,0,-38.49,-0.049,-0.8330,0.2940,-0.0980,0.8888,0.586792,0.246704,0.517639,-0.571716,8.004,80.0,-1
1785792952.973,425,112603,0,0.00000000,0.00000000,0.00,0,0,-38.44,-0.018,-0.5880,0.3920,0.6370,0.9514,0.586792,0.246826,0.517639,-0.571716,8.006,83.8,-1
1785792953.162,426,112822,0,0.00000000,0.00000000,0.00,0,0,-38.45,-0.065,-0.8330,0.0980,1.4210,1.6501,0.586731,0.246826,0.517578,-0.571777,8.004,80.0,-1
1785792953.414,427,113044,0,0.00000000,0.00000000,0.00,0,0,-38.29,0.044,-0.6370,0.3920,0.7350,1.0486,0.586792,0.246643,0.517639,-0.571777,8.004,81.2,-1
1785792953.603,428,113254,0,0.00000000,0.00000000,0.00,0,0,-38.43,-0.035,-0.9800,0.3920,0.8330,1.3446,0.586853,0.246094,0.517822,-0.571777,8.004,80.0,-1
1785792953.856,429,113474,0,0.00000000,0.00000000,0.00,0,0,-38.43,-0.020,-0.5390,0.0980,0.1470,0.5672,0.586853,0.246399,0.517700,-0.571716,8.001,81.2,-1
1785792954.043,430,113694,0,0.00000000,0.00000000,0.00,0,0,-38.49,-0.053,-0.3920,0.2940,1.3230,1.4108,0.586853,0.246399,0.517700,-0.571716,8.002,83.8,-1
1785792954.296,431,113917,0,0.00000000,0.00000000,0.00,0,0,-38.39,0.024,-1.2740,0.5880,-0.2450,1.4244,0.586792,0.246460,0.517761,-0.571716,8.005,81.2,-1
1785792954.545,432,114158,0,0.00000000,0.00000000,0.00,0,0,-38.50,-0.049,-0.6860,0.6860,0.1470,0.9812,0.586853,0.246521,0.517761,-0.571655,8.004,83.8,-1
1785792954.736,433,114384,0,0.00000000,0.00000000,0.00,0,0,-38.48,-0.025,-0.5880,0.7350,0.2450,0.9726,0.586792,0.246582,0.517761,-0.571594,8.004,82.5,-1
1785792954.986,434,114609,0,0.00000000,0.00000000,0.00,0,0,-38.51,-0.050,-0.8820,0.1960,0.9800,1.3329,0.586792,0.246399,0.517822,-0.571655,8.004,72.5,-1
1785792955.176,435,114830,0,0.00000000,0.00000000,0.00,0,0,-38.45,-0.009,-0.4410,0.0000,1.1760,1.2560,0.586914,0.246338,0.517822,-0.571594,8.004,81.2,-1
1785792955.424,436,115059,0,0.00000000,0.00000000,0.00,0,0,-38.41,0.021,0.1470,0.1960,1.8620,1.8780,0.586853,0.246338,0.517822,-0.571655,8.004,82.5,-1
1785792955.675,437,115277,0,0.00000000,0.00000000,0.00,0,0,-38.46,-0.023,-1.5190,0.9310,-0.0980,1.7843,0.586853,0.246338,0.517822,-0.571655,8.002,81.2,-1
1785792955.864,438,115500,0,0.00000000,0.00000000,0.00,0,0,-38.43,0.001,-0.6370,0.5390,1.2740,1.5229,0.586853,0.246338,0.517822,-0.571655,8.005,80.0,-1
1785792956.117,439,115718,0,0.00000000,0.00000000,0.00,0,0,-38.41,0.007,-0.8330,0.9310,0.2940,1.2834,0.586853,0.246399,0.517822,-0.571655,7.999,83.8,-1
1785792956.307,440,115944,0,0.00000000,0.00000000,0.00,0,0,-38.47,-0.028,-0.5880,0.1960,0.9310,1.1184,0.586853,0.246338,0.517822,-0.571655,8.004,77.5,-1
1785792956.556,441,116160,0,0.00000000,0.00000000,0.00,0,0,-38.39,0.020,-0.2450,0.1960,1.4210,1.4552,0.586853,0.246338,0.517761,-0.571655,8.001,85.0,-1
1785792956.745,442,116383,0,0.00000000,0.00000000,0.00,0,0,-38.47,-0.017,-1.4700,0.3430,0.5390,1.6028,0.586853,0.246338,0.517822,-0.571655,8.005,77.5,-1
1785792956.995,443,116611,0,0.00000000,0.00000000,0.00,0,0,-38.47,-0.004,-0.5390,0.1960,0.3430,0.6683,0.586853,0.246399,0.517883,-0.571594,8.005,85.0,-1
1785792957.183,444,116830,0,0.00000000,0.00000000,0.00,0,0,-38.41,0.034,-0.7350,0.2450,0.4900,0.9167,0.586853,0.246338,0.517822,-0.571655,8.004,83.8,-1
1785792957.435,445,117054,0,0.00000000,0.00000000,0.00,0,0,-38.56,-0.071,-0.4900,0.5390,0.9800,1.2211,0.586853,0.246338,0.517883,-0.571655,8.005,78.8,-1
1785792957.611,446,117272,0,0.00000000,0.00000000,0.00,0,0,-38.48,-0.026,-1.0780,0.3430,0.1960,1.1481,0.586792,0.246399,0.517883,-0.571594,8.004,83.8,-1
1785792957.856,447,117494,0,0.00000000,0.00000000,0.00,0,0,-38.39,0.017,-1.0780,-0.1470,-0.3430,1.1408,0.586792,0.246277,0.517883,-0.571655,8.004,80.0,-1
1785792958.104,448,117713,0,0.00000000,0.00000000,0.00,0,0,-38.46,-0.022,-0.6860,0.5880,0.4410,1.0054,0.586853,0.246399,0.517883,-0.571594,8.001,83.8,-1
1785792958.291,449,117934,0,0.00000000,0.00000000,0.00,0,0,-38.38,0.037,-0.8820,0.6370,0.6370,1.2607,0.586914,0.246399,0.517883,-0.571533,8.001,80.0,-1
1785792958.541,450,118153,0,0.00000000,0.00000000,0.00,0,0,-38.50,-0.046,-0.7350,0.4900,-0.2940,0.9310,0.586853,0.246460,0.517883,-0.571533,8.001,86.2,-1
1785792958.728,451,118376,0,0.00000000,0.00000000,0.00,0,0,-38.52,-0.050,-0.4410,0.4410,1.0290,1.2032,0.586914,0.246399,0.517944,-0.571472,8.004,80.0,-1
1785792958.982,452,118594,0,0.00000000,0.00000000,0.00,0,0,-38.52,-0.046,-0.8820,0.6370,0.4900,1.1932,0.586853,0.246582,0.517944,-0.571411,8.004,78.8,-1
1785792959.173,453,118814,0,0.00000000,0.00000000,0.00,0,0,-38.55,-0.068,-0.3430,0.1960,0.9800,1.0566,0.587036,0.246704,0.517761,-0.571350,8.004,80.0,-1
1785792959.424,454,119037,0,0.00000000,0.00000000,0.00,0,0,-38.41,0.017,-0.5390,0.0980,0.3920,0.6736,0.587036,0.246521,0.517761,-0.571472,8.005,78.8,-1
1785792959.610,455,119252,0,0.00000000,0.00000000,0.00,0,0,-38.53,-0.046,0.0000,0.0000,1.4700,1.4700,0.587097,0.246399,0.517761,-0.571411,8.002,83.8,-1
1785792959.862,456,119472,0,0.00000000,0.00000000,0.00,0,0,-38.50,-0.023,-0.9800,-0.0490,1.5190,1.8084,0.587036,0.246338,0.517883,-0.571411,8.005,82.5,-1
1785792960.049,457,119698,0,0.00000000,0.00000000,0.00,0,0,-38.58,-0.078,-0.8330,0.1960,0.8820,1.2289,0.587036,0.246277,0.517944,-0.571411,8.002,80.0,-1
1785792960.297,458,119919,0,0.00000000,0.00000000,0.00,0,0,-38.40,0.036,-0.4900,0.1960,0.5880,0.7901,0.587036,0.246460,0.517883,-0.571350,8.004,80.0,-1
1785792960.488,459,120133,0,0.00000000,0.00000000,0.00,0,0,-38.47,-0.005,-0.9310,0.4900,0.9310,1.4049,0.587036,0.246643,0.517822,-0.571289,8.004,85.0,-1
1785792960.735,460,120359,0,0.00000000,0.00000000,0.00,0,0,-38.55,-0.051,-0.8820,0.4410,1.4210,1.7296,0.587036,0.246582,0.517822,-0.571350,8.004,76.2,-1
1785792960.925,461,120581,0,0.00000000,0.00000000,0.00,0,0,-38.53,-0.036,-0.2940,0.3920,0.0490,0.4924,0.587036,0.246582,0.517883,-0.571350,8.004,76.2,-1
1785792961.169,462,120799,0,0.00000000,0.00000000,0.00,0,0,-38.50,0.000,-0.7840,0.1960,0.5880,0.9994,0.587036,0.246582,0.517883,-0.571350,8.002,78.8,-1
1785792961.418,463,121019,0,0.00000000,0.00000000,0.00,0,0,-38.55,-0.029,-0.3920,0.2450,0.8820,0.9958,0.587036,0.246643,0.517883,-0.571289,8.001,81.2,-1
1785792961.605,464,121232,0,0.00000000,0.00000000,0.00,0,0,-38.53,-0.021,-1.0780,0.3920,0.4410,1.2289,0.586975,0.246582,0.517883,-0.571350,8.004,81.2,-1
1785792961.793,465,121453,0,0.00000000,0.00000000,0.00,0,0,-38.60,-0.061,-1.1760,0.4410,0.4900,1.3482,0.586975,0.246460,0.517883,-0.571411,8.002,78.8,-1
1785792962.047,466,121672,0,0.00000000,0.00000000,0.00,0,0,-38.57,-0.027,-1.4210,1.0780,-0.5390,1.8633,0.586975,0.246399,0.517944,-0.571411,8.002,82.5,-1
1785792962.238,467,121890,0,0.00000000,0.00000000,0.00,0,0,-38.55,0.009,-0.3920,0.0000,0.8330,0.9206,0.586975,0.246338,0.517883,-0.571472,8.002,85.0,-1
1785792962.490,468,122137,0,0.00000000,0.00000000,0.00,0,0,-38.50,0.065,-0.6860,0.2940,0.7840,1.0824,0.587036,0.246582,0.517822,-0.571350,8.004,81.2,-1
1785792962.742,469,122364,0,0.00000000,0.00000000,0.00,0,0,-38.57,0.006,-0.6370,0.5390,1.1760,1.4420,0.586975,0.246826,0.517944,-0.571228,8.002,80.0,-1
1785792962.929,470,122582,0,0.00000000,0.00000000,0.00,0,0,-38.69,-0.087,-0.6860,0.0980,1.1270,1.3230,0.586914,0.246765,0.518127,-0.571106,8.002,81.2,-1
1785792963.179,471,122805,0,0.00000000,0.00000000,0.00,0,0,-38.60,-0.041,-0.6370,0.4900,0.6370,1.0255,0.586914,0.247070,0.518066,-0.571106,8.002,77.5,-1
1785792963.367,472,123024,0,0.00000000,0.00000000,0.00,0,0,-38.52,0.008,-0.5880,0.2450,0.7840,1.0102,0.586914,0.247131,0.518005,-0.571045,7.999,81.2,-1
1785792963.619,473,123236,0,0.00000000,0.00000000,0.00,0,0,-38.60,-0.032,-0.8820,1.0780,1.2250,1.8549,0.586914,0.247253,0.518005,-0.571045,8.004,81.2,-1
1785792963.806,474,123454,0,0.00000000,0.00000000,0.00,0,0,-38.59,-0.018,-0.7350,0.2450,1.0780,1.3275,0.587036,0.247009,0.517883,-0.571167,8.000,82.5,-1
1785792964.056,475,123674,0,0.00000000,0.00000000,0.00,0,0,-38.55,0.009,-0.0980,0.1470,1.3230,1.3347,0.587036,0.246948,0.517761,-0.571228,8.000,82.5,-1
1785792964.243,476,123897,0,0.00000000,0.00000000,0.00,0,0,-38.48,0.040,-0.2940,-0.1470,1.3720,1.4108,0.587036,0.246826,0.517761,-0.571350,8.001,77.5,-1
1785792964.493,477,124139,0,0.00000000,0.00000000,0.00,0,0,-38.54,0.014,-0.7840,0.2450,1.1760,1.4345,0.586975,0.246948,0.517700,-0.571350,8.004,78.8,-1
1785792964.743,478,124361,0,0.00000000,0.00000000,0.00,0,0,-38.68,-0.062,-0.4900,0.8330,1.0780,1.4478,0.586975,0.246948,0.517639,-0.571411,8.002,80.0,-1
1785792964.932,479,124584,0,0.00000000,0.00000000,0.00,0,0,-38.58,-0.003,-0.5880,0.2450,0.5880,0.8669,0.586975,0.246887,0.517639,-0.571411,8.001,80.0,-1
1785792965.183,480,124809,0,0.00000000,0.00000000,0.00,0,0,-38.66,-0.062,-0.1470,0.1470,1.2740,1.2909,0.587036,0.246643,0.517761,-0.571350,8.001,76.2,-1
1785792965.373,481,125030,0,0.00000000,0.00000000,0.00,0,0,-38.70,-0.075,-1.0290,-0.4410,0.9310,1.4561,0.587097,0.246704,0.517700,-0.571350,8.001,73.8,-1
1785792965.625,482,125240,0,0.00000000,0.00000000,0.00,0,0,-38.72,-0.106,-0.5880,0.2450,1.1760,1.3374,0.587097,0.246765,0.517700,-0.571289,8.002,75.0,-1
1785792965.812,483,125459,0,0.00000000,0.00000000,0.00,0,0,-38.65,-0.050,-0.2940,0.1470,0.1960,0.3827,0.587219,0.246826,0.517639,-0.571228,8.000,76.2,-1
1785792966.064,484,125680,0,0.00000000,0.00000000,0.00,0,0,-38.58,-0.006,-0.2450,0.1470,0.6370,0.6981,0.587158,0.246643,0.517700,-0.571289,8.002,77.5,-1
1785792966.250,485,125900,0,0.00000000,0.00000000,0.00,0,0,-38.65,-0.040,-0.9800,0.7350,0.7350,1.4286,0.587036,0.246643,0.517822,-0.571289,7.999,105.0,-1
1785792966.504,486,126144,0,0.00000000,0.00000000,0.00,0,0,-38.58,-0.014,-0.9800,0.1470,0.2450,1.0208,0.587036,0.246643,0.517822,-0.571350,8.001,78.8,-1
1785792966.756,487,126365,0,0.00000000,0.00000000,0.00,0,0,-38.71,-0.106,-0.9310,0.2450,0.6370,1.1544,0.587036,0.246643,0.517822,-0.571350,8.002,73.8,-1
1785792966.945,488,126590,0,0.00000000,0.00000000,0.00,0,0,-38.86,-0.178,-0.4900,0.5390,0.8820,1.1439,0.586975,0.246582,0.517883,-0.571350,8.002,77.5,-1
1785792967.195,489,126814,0,0.00000000,0.00000000,0.00,0,0,-38.69,-0.041,-0.1960,0.2940,1.6170,1.6552,0.586975,0.246582,0.517883,-0.571350,8.002,73.8,-1
1785792967.445,490,127043,0,0.00000000,0.00000000,0.00,0,0,-38.71,-0.053,-1.1760,0.0980,0.4410,1.2598,0.586975,0.246521,0.517944,-0.571350,8.002,77.5,-1
1785792967.598,491,127258,0,0.00000000,0.00000000,0.00,0,0,-38.68,-0.015,-1.1270,1.0290,0.5390,1.6185,0.586975,0.246460,0.518005,-0.571350,8.001,73.8,-1
1785792967.835,492,127483,0,0.00000000,0.00000000,0.00,0,0,-38.77,-0.072,-0.7350,0.2940,0.8330,1.1492,0.586914,0.246399,0.518066,-0.571350,7.999,80.0,-1
1785792968.086,493,127705,0,0.00000000,0.00000000,0.00,0,0,-38.67,0.005,-0.3430,-0.2450,1.9110,1.9569,0.586975,0.246399,0.518066,-0.571289,8.001,75.0,-1
1785792968.273,494,127924,0,0.00000000,0.00000000,0.00,0,0,-38.69,-0.012,-0.3920,0.5880,1.3230,1.4999,0.586975,0.246399,0.518005,-0.571350,8.002,80.0,-1
1785792968.525,495,128140,0,0.00000000,0.00000000,0.00,0,0,-38.70,-0.030,-0.8330,-0.3430,1.3720,1.6413,0.586975,0.246399,0.518005,-0.571350,8.002,76.2,-1
1785792968.713,496,128368,0,0.00000000,0.00000000,0.00,0,0,-38.67,-0.002,-1.1760,-0.4410,0.6860,1.4311,0.586975,0.246338,0.518005,-0.571411,8.005,78.8,-1
1785792968.961,497,128590,0,0.00000000,0.00000000,0.00,0,0,-38.67,-0.007,-0.6370,0.7840,1.0290,1.4420,0.587036,0.246338,0.517883,-0.571411,8.005,76.2,-1
1785792969.211,498,128813,0,0.00000000,0.00000000,0.00,0,0,-38.68,-0.024,-1.0780,0.4410,0.2940,1.2012,0.587036,0.246521,0.517883,-0.571350,8.005,80.0,-1
1785792969.398,499,129038,0,0.00000000,0.00000000,0.00,0,0,-38.62,0.017,-1.0290,0.2940,0.5390,1.1982,0.586975,0.246521,0.518066,-0.571289,8.004,73.8,-1
1785792969.652,500,129250,0,0.00000000,0.00000000,0.00,0,0,-38.78,-0.072,0.0980,-0.1960,1.7640,1.7776,0.587097,0.247009,0.517578,-0.571289,8.005,73.8,-1
1785792969.842,501,129450,0,0.00000000,0.00000000,0.00,0,0,-38.74,-0.037,-0.7840,-0.1960,0.8330,1.1606,0.587219,0.246887,0.517578,-0.571289,8.002,81.2,-1
1785792970.030,502,129677,0,0.00000000,0.00000000,0.00,0,0,-38.65,0.003,-0.5390,0.0490,1.4700,1.5665,0.587341,0.246399,0.517456,-0.571472,8.002,78.8,-1
1785792970.278,503,129899,0,0.00000000,0.00000000,0.00,0,0,-38.70,-0.036,-0.3920,0.0000,1.7150,1.7592,0.587402,0.246765,0.517273,-0.571350,8.004,77.5,-1
1785792970.527,504,130144,0,0.00000000,0.00000000,0.00,0,0,-38.71,-0.036,-0.6860,0.3430,0.9310,1.2062,0.587402,0.247314,0.517151,-0.571228,8.002,75.0,-1
1785792970.716,505,130368,0,0.00000000,0.00000000,0.00,0,0,-38.73,-0.039,-0.4410,-0.2450,0.6860,0.8515,0.587280,0.247253,0.517517,-0.571106,8.002,80.0,-1
1785792970.968,506,130592,0,0.00000000,0.00000000,0.00,0,0,-38.59,0.044,-0.0980,0.2450,-0.3920,0.4725,0.587280,0.247192,0.517517,-0.571167,8.005,80.0,-1
1785792971.157,507,130815,0,0.00000000,0.00000000,0.00,0,0,-38.71,-0.025,-0.8330,0.7350,0.7840,1.3597,0.587219,0.247131,0.517517,-0.571228,8.002,76.2,-1
1785792971.410,508,131039,0,0.00000000,0.00000000,0.00,0,0,-38.71,-0.044,-1.0780,0.1960,0.5880,1.2435,0.587219,0.247131,0.517578,-0.571106,8.004,77.5,-1
1785792971.597,509,131253,0,0.00000000,0.00000000,0.00,0,0,-38.74,-0.078,-0.4900,-0.1960,0.9310,1.0702,0.587219,0.247131,0.517578,-0.571167,8.002,80.0,-1
1785792971.851,510,131477,0,0.00000000,0.00000000,0.00,0,0,-38.65,-0.017,-1.0290,-0.1960,1.2250,1.6118,0.587158,0.247070,0.517639,-0.571167,8.004,78.8,-1
1785792972.103,511,131699,0,0.00000000,0.00000000,0.00,0,0,-38.62,0.030,-0.6370,0.1960,0.7350,0.9922,0.587097,0.247131,0.517761,-0.571106,8.006,80.0,-1
1785792972.292,512,131923,0,0.00000000,0.00000000,0.00,0,0,-38.62,0.013,-1.1760,0.2450,0.4900,1.2973,0.587158,0.247314,0.517700,-0.571045,8.004,73.8,-1
1785792972.483,513,132139,0,0.00000000,0.00000000,0.00,0,0,-38.65,-0.007,-0.1470,0.4900,0.3430,0.6159,0.587097,0.247009,0.517822,-0.571106,8.002,80.0,-1
1785792972.736,514,132365,0,0.00000000,0.00000000,0.00,0,0,-38.77,-0.073,-0.6370,0.3920,0.8820,1.1564,0.587036,0.247192,0.517883,-0.571045,8.005,75.0,-1
1785792972.925,515,132583,0,0.00000000,0.00000000,0.00,0,0,-38.65,-0.005,-0.8820,0.0490,1.0290,1.3562,0.586975,0.247070,0.517944,-0.571106,8.004,77.5,-1
1785792973.179,516,132807,0,0.00000000,0.00000000,0.00,0,0,-38.69,-0.016,-0.8330,-0.0980,1.1760,1.4445,0.586975,0.247009,0.517944,-0.571106,8.004,77.5,-1
1785792973.369,517,133028,0,0.00000000,0.00000000,0.00,0,0,-38.70,-0.014,-0.2450,-0.4900,1.2740,1.3868,0.586975,0.247009,0.517944,-0.571167,8.004,75.0,-1
1785792973.624,518,133239,0,0.00000000,0.00000000,0.00,0,0,-38.62,0.050,-0.1960,0.2450,1.3720,1.4074,0.587036,0.247070,0.517761,-0.571167,8.004,76.2,-1
1785792973.812,519,133467,0,0.00000000,0.00000000,0.00,0,0,-38.62,0.039,-0.5880,0.2940,0.8330,1.0612,0.587036,0.247070,0.517761,-0.571167,8.004,76.2,-1
1785792974.067,520,133688,0,0.00000000,0.00000000,0.00,0,0,-38.75,-0.054,-0.6860,0.3920,-0.1960,0.8140,0.587036,0.247009,0.517761,-0.571228,8.004,76.2,-1
1785792974.259,521,133908,0,0.00000000,0.00000000,0.00,0,0,-38.65,0.016,-1.2740,0.8330,0.5880,1.6318,0.587036,0.247070,0.517761,-0.571228,8.004,77.5,-1
1785792974.510,522,134150,0,0.00000000,0.00000000,0.00,0,0,-38.69,-0.008,-0.5390,0.0490,0.7840,0.9527,0.587036,0.247070,0.517761,-0.571167,8.004,75.0,-1
1785792974.761,523,134372,0,0.00000000,0.00000000,0.00,0,0,-38.64,0.020,-1.6170,0.7350,0.6370,1.8870,0.587036,0.247009,0.517822,-0.571167,8.002,80.0,-1
1785792974.948,524,134601,0,0.00000000,0.00000000,0.00,0,0,-38.66,-0.005,-0.7840,0.3920,0.4900,1.0042,0.586975,0.246826,0.517822,-0.571228,8.000,85.0,-1
1785792975.196,525,134822,0,0.00000000,0.00000000,0.00,0,0,-38.64,-0.002,-0.9310,-0.0490,2.2050,2.3940,0.587036,0.246765,0.517822,-0.571289,8.002,81.2,-1
1785792975.386,526,135039,0,0.00000000,0.00000000,0.00,0,0,-38.61,0.005,-0.3430,0.0980,1.0780,1.1355,0.587036,0.246826,0.517822,-0.571228,8.001,86.2,-1
1785792975.634,527,135259,0,0.00000000,0.00000000,0.00,0,0,-38.58,0.001,-1.1270,0.1960,0.5390,1.2645,0.587036,0.246826,0.517761,-0.571289,8.001,86.2,-1
1785792975.823,528,135479,0,0.00000000,0.00000000,0.00,0,0,-38.61,-0.036,-1.5190,0.8820,-1.1760,2.1138,0.586975,0.246765,0.517822,-0.571350,8.000,86.2,-1
1785792976.069,529,135702,0,0.00000000,0.00000000,0.00,0,0,-38.50,0.028,-0.3920,0.2450,1.3230,1.4014,0.586975,0.246765,0.517822,-0.571350,8.002,80.0,-1
1785792976.317,530,135921,0,0.00000000,0.00000000,0.00,0,0,-38.46,0.060,-1.3720,1.2740,-0.4900,1.9353,0.586975,0.246765,0.517822,-0.571350,8.004,83.8,-1
1785792976.505,531,136134,0,0.00000000,0.00000000,0.00,0,0,-38.50,0.023,-0.3430,-0.5390,1.3230,1.4692,0.586975,0.246765,0.517822,-0.571289,8.001,80.0,-1
1785792976.754,532,136358,0,0.00000000,0.00000000,0.00,0,0,-38.48,0.047,-0.7840,0.6860,0.5390,1.1729,0.586975,0.246765,0.517883,-0.571289,8.005,81.2,-1
1785792976.941,533,136581,0,0.00000000,0.00000000,0.00,0,0,-38.57,0.002,-0.2940,0.3430,1.3720,1.4445,0.586975,0.246826,0.517822,-0.571289,8.001,85.0,-1
1785792977.193,534,136804,0,0.00000000,0.00000000,0.00,0,0,-38.56,-0.013,-0.2450,0.0490,0.6860,0.7301,0.586975,0.246826,0.517883,-0.571228,8.005,81.2,-1
1785792977.379,535,137030,0,0.00000000,0.00000000,0.00,0,0,-38.50,0.002,-0.5880,0.3430,0.4900,0.8387,0.586975,0.246826,0.517883,-0.571228,8.001,78.8,-1
1785792977.615,536,137246,0,0.00000000,0.00000000,0.00,0,0,-38.46,0.016,-0.3430,-0.0490,1.0290,1.0858,0.587036,0.246948,0.517822,-0.571228,8.002,83.8,-1
1785792977.805,537,137464,0,0.00000000,0.00000000,0.00,0,0,-38.44,0.037,-1.0290,0.0980,0.6860,1.2406,0.587036,0.247009,0.517822,-0.571167,8.000,82.5,-1
1785792978.056,538,137686,0,0.00000000,0.00000000,0.00,0,0,-38.36,0.084,-0.4900,0.0490,0.9800,1.0968,0.587097,0.247009,0.517822,-0.571167,8.000,83.8,-1
1785792978.307,539,137904,0,0.00000000,0.00000000,0.00,0,0,-38.40,0.046,-0.2940,0.2940,1.0780,1.1554,0.587097,0.247070,0.517822,-0.571106,8.002,78.8,-1
1785792978.496,540,138152,0,0.00000000,0.00000000,0.00,0,0,-38.37,0.050,-0.8330,-0.1470,0.8820,1.2221,0.587036,0.247009,0.517822,-0.571106,8.004,85.0,-1
1785792978.749,541,138375,0,0.00000000,0.00000000,0.00,0,0,-38.48,-0.010,-0.1470,0.3920,1.7150,1.7654,0.587036,0.247009,0.517822,-0.571167,8.005,82.5,-1
1785792979.002,542,138598,0,0.00000000,0.00000000,0.00,0,0,-38.43,0.019,-0.3920,0.7350,1.3230,1.5634,0.587036,0.246948,0.517883,-0.571167,8.001,80.0,-1
1785792979.190,543,138819,0,0.00000000,0.00000000,0.00,0,0,-38.44,-0.000,-0.1960,0.2940,2.1070,2.1364,0.586975,0.246948,0.517883,-0.571167,8.004,78.8,-1
1785792979.442,544,139039,0,0.00000000,0.00000000,0.00,0,0,-38.46,0.001,-0.6860,-0.0490,1.3230,1.4911,0.586975,0.246948,0.517883,-0.571167,8.000,82.5,-1
1785792979.630,545,139252,0,0.00000000,0.00000000,0.00,0,0,-38.48,-0.035,-0.6370,0.2450,0.8330,1.0769,0.586975,0.246887,0.517883,-0.571228,8.000,83.8,-1
1785792979.821,546,139478,0,0.00000000,0.00000000,0.00,0,0,-38.34,0.047,-1.1270,0.5880,0.5880,1.4006,0.586975,0.246887,0.517883,-0.571228,8.000,83.8,-1
1785792980.072,547,139699,0,0.00000000,0.00000000,0.00,0,0,-38.37,0.037,-0.8820,0.5880,0.5390,1.1892,0.586975,0.246826,0.517883,-0.571228,8.004,80.0,-1
1785792980.261,548,139919,0,0.00000000,0.00000000,0.00,0,0,-38.36,0.045,-0.5390,-0.6370,1.2740,1.5229,0.586975,0.246704,0.517944,-0.571289,8.001,83.8,-1
1785792980.514,549,140134,0,0.00000000,0.00000000,0.00,0,0,-38.41,0.023,-0.4900,0.1470,1.0290,1.1492,0.586975,0.246826,0.517944,-0.571167,8.001,81.2,-1
1785792980.702,550,140359,0,0.00000000,0.00000000,0.00,0,0,-38.37,0.054,-0.6860,0.5390,1.0290,1.3491,0.586975,0.246765,0.517944,-0.571228,8.002,83.8,-1
1785792980.955,551,140581,0,0.00000000,0.00000000,0.00,0,0,-38.50,-0.050,-0.6860,-0.0980,0.7840,1.0464,0.586975,0.246460,0.518005,-0.571289,8.002,81.2,-1
1785792981.206,552,140802,0,0.00000000,0.00000000,0.00,0,0,-38.38,0.030,-0.7840,0.1470,1.1270,1.3807,0.586914,0.246582,0.518005,-0.571289,8.002,78.8,-1
1785792981.395,553,141024,0,0.00000000,0.00000000,0.00,0,0,-38.50,-0.044,-0.5880,0.2940,0.9800,1.1801,0.586975,0.246521,0.518005,-0.571289,8.002,80.0,-1
1785792981.583,554,141237,0,0.00000000,0.00000000,0.00,0,0,-38.49,-0.029,-0.8330,0.6860,0.7840,1.3338,0.587036,0.246521,0.517883,-0.571350,8.002,82.5,-1
1785792981.838,555,141465,0,0.00000000,0.00000000,0.00,0,0,-38.49,-0.030,0.1960,0.3920,1.0290,1.1184,0.587097,0.246460,0.517822,-0.571350,8.002,75.0,-1
1785792982.088,556,141688,0,0.00000000,0.00000000,0.00,0,0,-38.43,0.012,-0.0490,-0.0490,0.3920,0.3981,0.587097,0.246399,0.517883,-0.571289,8.002,82.5,-1
1785792982.275,557,141912,0,0.00000000,0.00000000,0.00,0,0,-38.45,-0.015,-0.6860,0.0980,0.2450,0.7350,0.587158,0.246704,0.517761,-0.571289,7.997,88.8,-1
1785792982.526,558,142160,0,0.00000000,0.00000000,0.00,0,0,-38.52,-0.075,-0.5390,0.1960,0.5880,0.8214,0.587097,0.246643,0.517883,-0.571228,7.999,82.5,-1
1785792982.775,559,142387,0,0.00000000,0.00000000,0.00,0,0,-38.40,0.019,-0.5880,0.5880,0.6370,1.0475,0.587036,0.246643,0.517883,-0.571228,8.004,80.0,-1
1785792982.965,560,142610,0,0.00000000,0.00000000,0.00,0,0,-38.51,-0.049,-0.7350,0.2450,1.0290,1.2881,0.587036,0.246887,0.517639,-0.571411,8.006,82.5,-1
1785792983.213,561,142834,0,0.00000000,0.00000000,0.00,0,0,-38.52,-0.054,-0.6370,0.0980,0.9310,1.1323,0.587036,0.247437,0.517212,-0.571472,7.997,87.5,-1
1785792983.402,562,143056,0,0.00000000,0.00000000,0.00,0,0,-38.43,0.018,-0.9310,1.2250,0.0000,1.5386,0.587158,0.248474,0.516602,-0.571533,8.005,85.0,-1
1785792983.655,563,143272,0,0.00000000,0.00000000,0.00,0,0,-38.46,0.009,-0.5390,0.2450,0.7350,0.9438,0.587036,0.248108,0.517029,-0.571350,8.002,81.2,-1
1785792983.844,564,143498,0,0.00000000,0.00000000,0.00,0,0,-38.57,-0.054,-1.0290,0.7840,0.0980,1.2973,0.587036,0.247925,0.517090,-0.571472,8.005,77.5,-1
1785792984.097,565,143721,0,0.00000000,0.00000000,0.00,0,0,-38.75,-0.142,-0.8330,0.2940,0.6370,1.0891,0.587036,0.248291,0.516907,-0.571472,8.004,81.2,-1
1785792984.288,566,143945,0,0.00000000,0.00000000,0.00,0,0,-38.52,0.027,-0.7350,0.3430,0.8330,1.1627,0.586975,0.248108,0.516968,-0.571533,8.004,82.5,-1
1785792984.538,567,144163,0,0.00000000,0.00000000,0.00,0,0,-38.59,0.017,-0.5880,0.2450,0.5390,0.8344,0.586975,0.248108,0.516907,-0.571594,8.004,81.2,-1
1785792984.792,568,144388,0,0.00000000,0.00000000,0.00,0,0,-38.55,0.046,-0.9310,0.5390,0.0000,1.0758,0.586975,0.247864,0.516907,-0.571655,8.004,80.0,-1
1785792984.981,569,144610,0,0.00000000,0.00000000,0.00,0,0,-38.58,0.028,-0.2940,0.1960,0.4410,0.5651,0.586792,0.247009,0.517273,-0.571960,8.005,80.0,-1
1785792985.232,570,144830,0,0.00000000,0.00000000,0.00,0,0,-38.59,0.008,-0.4410,-0.0980,0.8330,0.9476,0.586853,0.246521,0.517456,-0.571899,8.005,80.0,-1
1785792985.419,571,145049,0,0.00000000,0.00000000,0.00,0,0,-38.60,0.007,-0.5880,0.2450,0.2450,0.6825,0.586914,0.246582,0.517456,-0.571838,8.004,81.2,-1
1785792985.607,572,145263,0,0.00000000,0.00000000,0.00,0,0,-38.65,-0.010,-0.1960,0.2450,2.3030,2.3243,0.586853,0.246582,0.517517,-0.571838,8.002,81.2,-1
1785792985.856,573,145492,0,0.00000000,0.00000000,0.00,0,0,-38.64,0.018,-1.0290,0.6860,0.7350,1.4386,0.586792,0.246399,0.517517,-0.571960,8.002,81.2,-1
1785792986.110,574,145712,0,0.00000000,0.00000000,0.00,0,0,-38.67,0.006,-0.4900,0.4900,1.2250,1.4074,0.586731,0.246338,0.517517,-0.572021,8.002,82.5,-1
1785792988.241,575,147900,0,0.00000000,0.00000000,0.00,0,0,-38.68,0.161,-0.6860,0.5880,0.1470,0.9154,0.586853,0.246399,0.517578,-0.571838,8.005,78.8,-1
1785792990.438,576,150070,0,0.00000000,0.00000000,0.00,0,0,-38.88,-0.511,-0.3920,0.6370,0.6860,1.0149,0.586670,0.246033,0.517883,-0.571899,8.002,83.8,-1
1785792992.517,577,152115,0,0.00000000,0.00000000,0.00,0,0,-38.99,-0.420,-0.5880,0.7840,0.9800,1.3859,0.586792,0.246826,0.517517,-0.571838,8.001,87.5,-1
1785792992.705,578,152334,0,0.00000000,0.00000000,0.00,0,0,-38.88,0.020,-0.4900,0.4410,0.9800,1.1811,0.586731,0.246399,0.517761,-0.571777,7.999,86.2,-1
1785792994.835,579,154494,0,0.00000000,0.00000000,0.00,0,0,-38.88,0.224,-0.2450,0.4410,0.3920,0.6389,0.586853,0.246887,0.517578,-0.571655,8.002,80.0,-1
1785792995.089,580,154722,0,0.00000000,0.00000000,0.00,0,0,-39.04,-0.039,-1.0290,0.1960,0.2940,1.0880,0.586792,0.246643,0.517700,-0.571655,8.004,81.2,-1
1785792995.343,581,154941,0,0.00000000,0.00000000,0.00,0,0,-38.94,0.017,-0.2450,0.4900,0.1960,0.5818,0.586792,0.246521,0.517700,-0.571777,8.002,77.5,-1
1785792995.533,582,155157,0,0.00000000,0.00000000,0.00,0,0,-38.90,0.043,-0.8330,0.0490,1.0290,1.3248,0.586853,0.246582,0.517639,-0.571716,8.002,77.5,-1
1785792995.781,583,155381,0,0.00000000,0.00000000,0.00,0,0,-38.87,0.046,-0.7840,0.8820,1.0290,1.5657,0.586792,0.246521,0.517700,-0.571716,8.001,82.5,-1
1785792995.969,584,155601,0,0.00000000,0.00000000,0.00,0,0,-38.83,0.055,-0.2450,0.6860,1.0780,1.3010,0.586914,0.246521,0.517639,-0.571655,8.001,87.5,-1
1785792996.220,585,155825,0,0.00000000,0.00000000,0.00,0,0,-38.80,0.068,-0.2450,0.4410,0.4900,0.7033,0.586853,0.246399,0.517761,-0.571716,8.004,77.5,-1
1785792996.410,586,156043,0,0.00000000,0.00000000,0.00,0,0,-38.82,0.059,-1.0780,0.1960,1.1760,1.6073,0.586792,0.246277,0.517883,-0.571716,8.001,81.2,-1
1785792996.662,587,156257,0,0.00000000,0.00000000,0.00,0,0,-38.78,0.066,-1.8130,1.6170,0.1470,2.4338,0.586731,0.246277,0.517883,-0.571716,8.000,80.0,-1
1785792996.853,588,156486,0,0.00000000,0.00000000,0.00,0,0,-38.89,-0.017,-0.0490,-0.6370,2.2050,2.2957,0.586731,0.246216,0.517883,-0.571777,8.001,83.8,-1
1785792997.104,589,156704,0,0.00000000,0.00000000,0.00,0,0,-38.90,-0.033,-0.9310,0.4410,0.7350,1.2655,0.586731,0.246155,0.517883,-0.571777,7.999,86.2,-1
1785792997.293,590,156931,0,0.00000000,0.00000000,0.00,0,0,-38.90,-0.039,-0.7840,1.1270,0.4410,1.4420,0.586731,0.246155,0.517883,-0.571838,8.001,86.2,-1
1785792997.545,591,157152,0,0.00000000,0.00000000,0.00,0,0,-38.91,-0.030,-0.3430,0.2450,1.2250,1.2955,0.586731,0.246094,0.517883,-0.571838,8.002,85.0,-1
1785792997.732,592,157379,0,0.00000000,0.00000000,0.00,0,0,-38.95,-0.049,-1.8620,1.7640,-0.5390,2.6209,0.586731,0.246094,0.517883,-0.571838,8.002,75.0,-1
1785792997.982,593,157606,0,0.00000000,0.00000000,0.00,0,0,-38.88,-0.027,-0.6370,0.2940,0.5880,0.9154,0.586731,0.246155,0.517883,-0.571838,7.997,92.5,-1
1785792998.173,594,157828,0,0.00000000,0.00000000,0.00,0,0,-38.85,-0.011,-0.5880,0.2940,0.9800,1.1801,0.586792,0.246765,0.517700,-0.571655,8.005,78.8,-1
1785792998.427,595,158048,0,0.00000000,0.00000000,0.00,0,0,-38.78,0.052,-0.4900,-0.5390,1.2250,1.4252,0.586792,0.246887,0.517639,-0.571655,8.002,80.0,-1
1785792998.615,596,158267,0,0.00000000,0.00000000,0.00,0,0,-38.89,-0.039,-0.4410,0.0490,0.9310,1.0313,0.586914,0.247498,0.517273,-0.571594,7.999,86.2,-1
1785792998.866,597,158493,0,0.00000000,0.00000000,0.00,0,0,-38.80,0.015,-0.3920,-0.0980,1.3230,1.3833,0.587036,0.247314,0.517212,-0.571594,8.001,83.8,-1
1785792999.115,598,158721,0,0.00000000,0.00000000,0.00,0,0,-38.79,0.017,-0.5390,0.5880,1.5190,1.7157,0.587158,0.247192,0.517212,-0.571594,8.004,76.2,-1
1785792999.302,599,158939,0,0.00000000,0.00000000,0.00,0,0,-38.88,-0.045,-0.4410,-0.1960,0.4900,0.6877,0.587158,0.247559,0.517151,-0.571472,8.004,83.8,-1
1785792999.554,600,159154,0,0.00000000,0.00000000,0.00,0,0,-38.94,-0.062,-0.5390,0.1470,1.4210,1.5269,0.587097,0.247681,0.517212,-0.571350,8.001,76.2,-1
1785792999.743,601,159383,0,0.00000000,0.00000000,0.00,0,0,-38.95,-0.046,-0.7350,0.2450,1.2250,1.4494,0.587036,0.247437,0.517395,-0.571350,8.005,78.8,-1
1785792999.995,602,159602,0,0.00000000,0.00000000,0.00,0,0,-38.79,0.064,-0.0980,-0.1470,0.4410,0.4751,0.587097,0.247681,0.517334,-0.571289,8.005,83.8,-1
1785793000.184,603,159823,0,0.00000000,0.00000000,0.00,0,0,-38.86,-0.001,-0.4410,0.2450,0.8820,1.0161,0.587097,0.247620,0.517334,-0.571289,8.005,77.5,-1
1785793000.436,604,160041,0,0.00000000,0.00000000,0.00,0,0,-38.78,0.043,-0.6370,0.7350,0.5390,1.1120,0.587036,0.247620,0.517334,-0.571411,8.005,77.5,-1
1785793000.624,605,160254,0,0.00000000,0.00000000,0.00,0,0,-38.81,0.033,-0.2450,-0.1960,1.2250,1.2645,0.586975,0.247559,0.517395,-0.571350,8.005,80.0,-1
1785793000.872,606,160476,0,0.00000000,0.00000000,0.00,0,0,-38.84,0.021,-0.1960,0.2940,0.8330,0.9048,0.586975,0.247559,0.517517,-0.571289,8.007,81.2,-1
1785793001.062,607,160698,0,0.00000000,0.00000000,0.00,0,0,-38.90,-0.012,-0.9800,-0.4900,0.9310,1.4378,0.586914,0.247498,0.517578,-0.571350,8.006,77.5,-1
1785793001.314,608,160926,0,0.00000000,0.00000000,0.00,0,0,-38.75,0.073,-0.6370,0.5390,1.5680,1.7762,0.586975,0.247437,0.517578,-0.571350,8.005,81.2,-1
1785793001.505,609,161138,0,0.00000000,0.00000000,0.00,0,0,-38.80,0.037,-0.7350,0.1470,0.8330,1.1206,0.586975,0.247437,0.517517,-0.571350,8.004,81.2,-1
1785793001.756,610,161364,0,0.00000000,0.00000000,0.00,0,0,-38.83,0.016,-0.4900,0.1470,1.0780,1.1932,0.586975,0.247375,0.517456,-0.571411,8.004,81.2,-1
1785793001.944,611,161585,0,0.00000000,0.00000000,0.00,0,0,-38.82,0.037,-0.8820,0.2450,0.8820,1.2712,0.587036,0.246887,0.517639,-0.571411,8.004,82.5,-1
1785793002.195,612,161805,0,0.00000000,0.00000000,0.00,0,0,-38.90,-0.020,-0.2450,0.0490,0.2940,0.3858,0.587097,0.247253,0.517456,-0.571350,8.004,81.2,-1
1785793002.383,613,162027,0,0.00000000,0.00000000,0.00,0,0,-38.88,-0.003,-0.0980,-0.0980,0.6370,0.6519,0.587158,0.247620,0.517334,-0.571228,8.002,81.2,-1
1785793002.634,614,162240,0,0.00000000,0.00000000,0.00,0,0,-38.84,0.047,-1.2250,0.5390,0.0490,1.3392,0.587158,0.247437,0.517456,-0.571228,8.004,76.2,-1
1785793002.821,615,162466,0,0.00000000,0.00000000,0.00,0,0,-38.68,0.130,0.0980,-0.2450,1.4700,1.4935,0.587097,0.247620,0.517456,-0.571228,8.004,83.8,-1
1785793003.069,616,162688,0,0.00000000,0.00000000,0.00,0,0,-38.80,0.050,-0.8820,0.7840,0.4900,1.2778,0.587097,0.247314,0.517578,-0.571167,8.004,77.5,-1
1785793003.256,617,162906,0,0.00000000,0.00000000,0.00,0,0,-38.83,0.027,-1.0290,0.0980,0.4900,1.1439,0.587280,0.247314,0.517334,-0.571228,8.002,80.0,-1
1785793003.506,618,163150,0,0.00000000,0.00000000,0.00,0,0,-38.69,0.096,-1.0780,0.4410,0.3430,1.2142,0.587341,0.247437,0.517212,-0.571167,8.004,76.2,-1
1785793003.757,619,163368,0,0.00000000,0.00000000,0.00,0,0,-38.88,-0.053,-0.6370,0.2940,0.7840,1.0521,0.587341,0.247437,0.517334,-0.571106,8.004,80.0,-1
1785793003.946,620,163591,0,0.00000000,0.00000000,0.00,0,0,-38.61,0.124,-0.8330,1.2740,0.5390,1.6148,0.587280,0.247314,0.517395,-0.571167,8.004,80.0,-1
1785793004.200,621,163808,0,0.00000000,0.00000000,0.00,0,0,-38.69,0.062,-0.3920,-0.4900,0.3430,0.7151,0.587280,0.247314,0.517395,-0.571228,8.002,80.0,-1
1785793004.390,622,164031,0,0.00000000,0.00000000,0.00,0,0,-38.68,0.031,-1.5680,0.6370,-0.9310,1.9316,0.587280,0.247253,0.517395,-0.571228,8.004,80.0,-1
1785793004.641,623,164249,0,0.00000000,0.00000000,0.00,0,0,-38.59,0.063,-0.9310,0.1960,-0.4410,1.0486,0.587219,0.247253,0.517334,-0.571289,8.002,80.0,-1
1785793004.814,624,164473,0,0.00000000,0.00000000,0.00,0,0,-38.58,0.086,-0.4410,0.6370,1.0780,1.3275,0.587219,0.246765,0.517578,-0.571350,8.004,77.5,-1
1785793005.062,625,164691,0,0.00000000,0.00000000,0.00,0,0,-38.69,0.020,-1.0290,1.0290,0.1470,1.4626,0.587341,0.247742,0.517029,-0.571289,8.004,82.5,-1
1785793005.313,626,164911,0,0.00000000,0.00000000,0.00,0,0,-38.47,0.160,-0.5390,0.3430,0.5880,0.8683,0.587219,0.247131,0.517517,-0.571228,8.004,81.2,-1
1785793005.504,627,165155,0,0.00000000,0.00000000,0.00,0,0,-38.56,0.118,-0.6370,0.2940,0.4410,0.8287,0.587219,0.247009,0.517395,-0.571350,8.004,80.0,-1
1785793005.756,628,165376,0,0.00000000,0.00000000,0.00,0,0,-38.57,0.113,-0.9800,0.5390,1.0780,1.5534,0.587280,0.247131,0.517273,-0.571350,8.004,81.2,-1
1785793005.945,629,165602,0,0.00000000,0.00000000,0.00,0,0,-38.60,0.093,-0.6370,0.2940,0.6370,0.9476,0.587280,0.247131,0.517273,-0.571350,8.000,91.2,-1
1785793006.196,630,165826,0,0.00000000,0.00000000,0.00,0,0,-38.61,0.062,-0.6370,-0.0490,1.2740,1.4252,0.587219,0.246948,0.517456,-0.571289,8.002,83.8,-1
1785793006.386,631,166043,0,0.00000000,0.00000000,0.00,0,0,-38.57,0.077,-0.7840,-0.0980,0.6860,1.0464,0.587219,0.247314,0.517517,-0.571106,8.001,85.0,-1
1785793006.634,632,166259,0,0.00000000,0.00000000,0.00,0,0,-38.67,0.008,-0.5390,1.4210,0.6860,1.6674,0.587158,0.247009,0.517639,-0.571228,8.002,77.5,-1
1785793006.882,633,166484,0,0.00000000,0.00000000,0.00,0,0,-38.57,0.078,-0.8820,0.3920,1.0290,1.4108,0.587341,0.247498,0.517273,-0.571167,8.000,83.8,-1
1785793007.071,634,166707,0,0.00000000,0.00000000,0.00,0,0,-38.40,0.174,-0.7350,0.2450,0.4900,0.9167,0.587280,0.247375,0.517395,-0.571167,8.002,81.2,-1
1785793007.321,635,166929,0,0.00000000,0.00000000,0.00,0,0,-38.60,0.031,-0.9310,0.3920,0.4410,1.1022,0.587341,0.247620,0.517334,-0.571045,8.006,81.2,-1
1785793007.509,636,167146,0,0.00000000,0.00000000,0.00,0,0,-38.55,0.068,-0.1960,-0.3920,0.8330,0.9413,0.587341,0.247620,0.517334,-0.570984,7.999,83.8,-1
1785793007.758,637,167371,0,0.00000000,0.00000000,0.00,0,0,-38.48,0.087,-1.5190,0.1960,1.0780,1.8729,0.587280,0.247620,0.517456,-0.570984,8.006,81.2,-1
1785793007.947,638,167597,0,0.00000000,0.00000000,0.00,0,0,-38.58,0.012,-0.7840,0.0000,0.1960,0.8081,0.587341,0.247620,0.517456,-0.570923,8.005,85.0,-1
1785793008.196,639,167820,0,0.00000000,0.00000000,0.00,0,0,-38.53,0.016,-0.6860,0.2450,1.0290,1.2607,0.587402,0.247681,0.517273,-0.570984,8.005,78.8,-1
1785793008.447,640,168043,0,0.00000000,0.00000000,0.00,0,0,-38.51,0.002,-0.6370,0.2450,0.7350,1.0030,0.587402,0.247620,0.517273,-0.571045,8.004,77.5,-1
1785793008.638,641,168258,0,0.00000000,0.00000000,0.00,0,0,-38.56,-0.030,-0.4900,-0.0490,0.2450,0.5500,0.587341,0.247559,0.517334,-0.571045,8.002,82.5,-1
1785793008.829,642,168477,0,0.00000000,0.00000000,0.00,0,0,-38.48,0.025,-0.4410,0.3920,1.0290,1.1862,0.587402,0.247620,0.517212,-0.571045,8.000,81.2,-1
1785793009.084,643,168703,0,0.00000000,0.00000000,0.00,0,0,-38.49,0.032,-0.8820,0.2450,0.3920,0.9958,0.587463,0.247559,0.517273,-0.570984,8.001,76.2,-1
1785793009.274,644,168931,0,0.00000000,0.00000000,0.00,0,0,-38.59,-0.039,-1.3230,1.1760,0.2940,1.7944,0.587402,0.247437,0.517395,-0.571045,8.004,81.2,-1
1785793009.526,645,169146,0,0.00000000,0.00000000,0.00,0,0,-38.56,-0.006,-0.6370,0.2450,0.5390,0.8697,0.587341,0.247314,0.517456,-0.571045,8.002,83.8,-1
1785793009.774,646,169373,0,0.00000000,0.00000000,0.00,0,0,-38.52,0.031,-0.9800,0.5390,0.6860,1.3121,0.587280,0.247253,0.517517,-0.571106,8.005,81.2,-1
1785793009.961,647,169591,0,0.00000000,0.00000000,0.00,0,0,-38.60,-0.046,-0.9800,1.9600,-0.6370,2.2821,0.587219,0.247253,0.517639,-0.571045,8.000,85.0,-1
1785793010.212,648,169818,0,0.00000000,0.00000000,0.00,0,0,-38.56,-0.009,-0.2450,0.1470,1.5190,1.5456,0.587158,0.247192,0.517700,-0.571106,8.005,81.2,-1
1785793010.400,649,170043,0,0.00000000,0.00000000,0.00,0,0,-38.66,-0.079,-0.6860,0.0000,0.4410,0.8155,0.587219,0.247375,0.517517,-0.571045,8.002,81.2,-1
1785793010.647,650,170265,0,0.00000000,0.00000000,0.00,0,0,-38.61,-0.041,-0.1960,0.0000,0.4410,0.4826,0.587158,0.246704,0.517883,-0.571106,8.005,77.5,-1
1785793010.836,651,170484,0,0.00000000,0.00000000,0.00,0,0,-38.58,-0.026,-0.3430,0.1960,0.7840,0.8779,0.587280,0.247375,0.517456,-0.571106,8.002,78.8,-1
1785793011.085,652,170704,0,0.00000000,0.00000000,0.00,0,0,-38.60,-0.016,-0.2940,-0.1470,0.4900,0.5900,0.587341,0.247681,0.517334,-0.571045,8.002,78.8,-1
1785793011.273,653,170926,0,0.00000000,0.00000000,0.00,0,0,-38.64,-0.036,-0.3920,0.2450,0.8330,0.9527,0.587280,0.247620,0.517395,-0.570984,8.004,81.2,-1
1785793011.525,654,171138,0,0.00000000,0.00000000,0.00,0,0,-38.63,-0.029,-0.5390,0.3430,0.6860,0.9374,0.587341,0.247742,0.517395,-0.570923,8.001,82.5,-1
1785793011.714,655,171355,0,0.00000000,0.00000000,0.00,0,0,-38.61,0.002,-1.0290,0.4410,0.8820,1.4252,0.587280,0.247803,0.517517,-0.570923,8.000,85.0,-1
1785793011.967,656,171574,0,0.00000000,0.00000000,0.00,0,0,-38.76,-0.104,-0.7350,0.3430,1.1270,1.3885,0.587280,0.247620,0.517517,-0.570923,8.000,85.0,-1
1785793012.157,657,171801,0,0.00000000,0.00000000,0.00,0,0,-38.93,-0.191,-0.4900,0.2940,1.5190,1.6229,0.587280,0.247620,0.517456,-0.570923,8.002,80.0,-1
1785793012.407,658,172026,0,0.00000000,0.00000000,0.00,0,0,-38.72,-0.042,-0.8330,0.6370,0.3430,1.1033,0.587280,0.247620,0.517456,-0.570984,8.002,80.0,-1
1785793012.593,659,172239,0,0.00000000,0.00000000,0.00,0,0,-38.77,-0.057,-1.3230,-0.1470,1.4210,1.9471,0.587280,0.247620,0.517456,-0.570984,8.002,80.0,-1
1785793012.842,660,172459,0,0.00000000,0.00000000,0.00,0,0,-38.83,-0.094,-0.6370,0.3920,0.8330,1.1195,0.587341,0.247437,0.517456,-0.571045,8.002,78.8,-1
1785793013.033,661,172677,0,0.00000000,0.00000000,0.00,0,0,-38.66,0.021,-0.6370,0.1960,0.8820,1.1055,0.587402,0.247559,0.517395,-0.570984,8.001,83.8,-1
1785793013.288,662,172902,0,0.00000000,0.00000000,0.00,0,0,-38.65,0.014,-0.5390,0.4900,1.1760,1.3833,0.587463,0.247559,0.517334,-0.570984,8.002,78.8,-1
1785793013.540,663,173147,0,0.00000000,0.00000000,0.00,0,0,-38.79,-0.084,-1.0290,0.7840,1.3720,1.8857,0.587463,0.247559,0.517334,-0.570984,8.002,82.5,-1
1785793013.731,664,173368,0,0.00000000,0.00000000,0.00,0,0,-38.76,-0.036,-0.9800,0.5390,0.5880,1.2636,0.587463,0.247375,0.517334,-0.570984,8.001,76.2,-1
1785793013.984,665,173592,0,0.00000000,0.00000000,0.00,0,0,-38.79,-0.037,-0.6370,0.2450,1.0780,1.2759,0.587463,0.247070,0.517395,-0.571106,8.001,76.2,-1
1785793014.174,666,173821,0,0.00000000,0.00000000,0.00,0,0,-38.90,-0.099,-1.6170,0.3430,0.1470,1.6595,0.587402,0.247009,0.517395,-0.571167,8.001,82.5,-1
1785793014.427,667,174043,0,0.00000000,0.00000000,0.00,0,0,-38.89,-0.074,-0.3920,0.0000,0.9310,1.0102,0.587402,0.246887,0.517517,-0.571167,8.001,76.2,-1
1785793014.616,668,174256,0,0.00000000,0.00000000,0.00,0,0,-38.85,-0.047,-0.5390,0.0980,0.7350,0.9167,0.587341,0.246765,0.517578,-0.571167,8.001,78.8,-1
1785793014.853,669,174481,0,0.00000000,0.00000000,0.00,0,0,-38.79,-0.016,-0.6860,-0.0490,1.6170,1.7572,0.587341,0.246704,0.517578,-0.571167,8.001,83.8,-1
1785793015.105,670,174706,0,0.00000000,0.00000000,0.00,0,0,-38.79,-0.002,-0.6860,0.4900,1.1270,1.4074,0.587341,0.246826,0.517517,-0.571167,8.001,77.5,-1
1785793015.292,671,174932,0,0.00000000,0.00000000,0.00,0,0,-38.83,-0.044,-0.5880,0.4410,0.5880,0.9413,0.587341,0.247192,0.517456,-0.571045,8.001,80.0,-1
1785793015.541,672,175149,0,0.00000000,0.00000000,0.00,0,0,-38.86,-0.064,-0.7840,0.5880,1.2250,1.5688,0.587341,0.247192,0.517578,-0.571045,8.001,77.5,-1
1785793015.729,673,175376,0,0.00000000,0.00000000,0.00,0,0,-38.81,-0.025,-0.7350,0.3920,0.9800,1.2862,0.587280,0.246704,0.517761,-0.571106,8.002,77.5,-1
1785793015.979,674,175595,0,0.00000000,0.00000000,0.00,0,0,-38.75,0.009,-1.0780,0.5390,0.8330,1.4651,0.587219,0.246582,0.517883,-0.571106,8.000,80.0,-1
1785793016.169,675,175821,0,0.00000000,0.00000000,0.00,0,0,-38.87,-0.070,-0.2940,-0.4410,0.5880,0.7916,0.587219,0.246521,0.517822,-0.571167,8.001,75.0,-1
1785793016.423,676,176046,0,0.00000000,0.00000000,0.00,0,0,-38.89,-0.075,-1.1760,0.3920,-0.0490,1.2406,0.587280,0.246460,0.517822,-0.571167,8.004,80.0,-1
1785793016.612,677,176261,0,0.00000000,0.00000000,0.00,0,0,-38.79,-0.027,-0.9310,0.0000,0.6370,1.1281,0.587341,0.246704,0.517700,-0.571106,8.002,77.5,-1
1785793016.863,678,176488,0,0.00000000,0.00000000,0.00,0,0,-38.90,-0.089,-0.6370,0.9310,1.1270,1.5946,0.587341,0.246521,0.517822,-0.571106,8.006,78.8,-1
1785793017.051,679,176708,0,0.00000000,0.00000000,0.00,0,0,-38.87,-0.060,-0.6370,0.4900,0.0000,0.8037,0.587341,0.246521,0.517761,-0.571106,8.005,76.2,-1
1785793017.301,680,176931,0,0.00000000,0.00000000,0.00,0,0,-38.93,-0.092,-1.2250,0.3430,1.1760,1.7324,0.587341,0.246155,0.517883,-0.571167,8.004,81.2,-1
1785793017.488,681,177144,0,0.00000000,0.00000000,0.00,0,0,-38.89,-0.072,-1.1270,-0.0980,1.8130,2.1370,0.587341,0.246216,0.517883,-0.571167,8.004,77.5,-1
1785793017.738,682,177371,0,0.00000000,0.00000000,0.00,0,0,-38.87,-0.053,-0.8330,-0.0490,0.3920,0.9219,0.587341,0.245605,0.518066,-0.571228,8.005,81.2,-1
1785793017.929,683,177571,0,0.00000000,0.00000000,0.00,0,0,-38.93,-0.064,-0.2450,0.5390,1.8130,1.9072,0.587402,0.245850,0.517944,-0.571167,8.006,82.5,-1
1785793018.180,684,177789,0,0.00000000,0.00000000,0.00,0,0,-38.94,-0.061,-0.4410,0.2450,0.9800,1.1022,0.587402,0.245605,0.518127,-0.571106,8.004,76.2,-1
1785793018.369,685,178009,0,0.00000000,0.00000000,0.00,0,0,-38.93,-0.043,-0.7840,0.2940,1.0290,1.3266,0.587463,0.245605,0.518066,-0.571106,8.001,77.5,-1
1785793018.619,686,178222,0,0.00000000,0.00000000,0.00,0,0,-38.89,-0.002,-0.9800,0.9310,0.6370,1.4943,0.587463,0.245605,0.518066,-0.571106,8.005,77.5,-1
1785793018.806,687,178440,0,0.00000000,0.00000000,0.00,0,0,-38.86,0.020,0.0980,0.5390,0.0980,0.5565,0.587402,0.245605,0.518127,-0.571045,8.004,81.2,-1
1785793019.055,688,178663,0,0.00000000,0.00000000,0.00,0,0,-38.94,-0.033,-0.6370,0.0490,0.3430,0.7251,0.587341,0.245544,0.518250,-0.571106,8.004,76.2,-1
1785793019.245,689,178882,0,0.00000000,0.00000000,0.00,0,0,-38.93,-0.030,-0.8330,1.1760,0.1960,1.4544,0.587402,0.245544,0.518250,-0.571045,8.004,80.0,-1
1785793019.496,690,179104,0,0.00000000,0.00000000,0.00,0,0,-38.90,-0.013,-0.8330,0.1960,0.1960,0.8779,0.587524,0.245605,0.518066,-0.571045,8.002,86.2,-1
1785793019.685,691,179321,0,0.00000000,0.00000000,0.00,0,0,-39.05,-0.105,-0.4900,0.0490,0.8820,1.0102,0.587524,0.245178,0.518311,-0.571045,8.004,83.8,-1
1785793019.887,692,179545,0,0.00000000,0.00000000,0.00,0,0,-39.00,-0.085,-0.6860,0.3920,0.4410,0.9048,0.587524,0.244873,0.518250,-0.571228,8.005,78.8,-1
1785793020.139,693,179762,0,0.00000000,0.00000000,0.00,0,0,-38.97,-0.038,-0.7350,0.4410,0.7840,1.1616,0.587585,0.245056,0.518311,-0.571045,8.002,81.2,-1
1785793020.387,694,179988,0,0.00000000,0.00000000,0.00,0,0,-38.95,-0.011,-0.4410,0.2450,1.2250,1.3248,0.587524,0.245056,0.518433,-0.570984,8.005,80.0,-1
1785793020.576,695,180206,0,0.00000000,0.00000000,0.00,0,0,-39.03,-0.042,-0.3430,0.1960,1.2250,1.2871,0.587646,0.245850,0.518127,-0.570740,8.005,80.0,-1
1785793020.830,696,180426,0,0.00000000,0.00000000,0.00,0,0,-39.07,-0.058,-0.8330,0.8820,2.1560,2.4739,0.587646,0.246094,0.518066,-0.570740,8.004,81.2,-1
1785793021.018,697,180644,0,0.00000000,0.00000000,0.00,0,0,-38.94,0.019,-0.7840,0.3920,1.1270,1.4277,0.587646,0.245850,0.518188,-0.570679,8.004,82.5,-1
1785793021.266,698,180863,0,0.00000000,0.00000000,0.00,0,0,-38.95,0.017,-0.5390,0.0490,0.6860,0.8738,0.587646,0.245789,0.518188,-0.570740,8.005,83.8,-1
1785793021.454,699,181087,0,0.00000000,0.00000000,0.00,0,0,-38.97,-0.012,-0.9310,0.4410,0.7840,1.2946,0.587708,0.246033,0.518005,-0.570740,8.002,81.2,-1
1785793021.705,700,181306,0,0.00000000,0.00000000,0.00,0,0,-39.04,-0.055,-0.5390,0.1960,0.5880,0.8214,0.587646,0.245789,0.518066,-0.570801,8.004,80.0,-1
1785793021.892,701,181526,0,0.00000000,0.00000000,0.00,0,0,-38.99,-0.033,-0.5880,0.3430,1.3720,1.5316,0.587646,0.246094,0.517944,-0.570862,8.002,82.5,-1
1785793022.146,702,181746,0,0.00000000,0.00000000,0.00,0,0,-38.98,-0.015,-0.9800,0.5880,0.8330,1.4142,0.587585,0.245728,0.518066,-0.570984,8.002,82.5,-1
1785793022.336,703,181970,0,0.00000000,0.00000000,0.00,0,0,-38.91,0.021,-0.4410,0.0980,0.2940,0.5390,0.587585,0.245544,0.518188,-0.570923,8.002,80.0,-1
1785793022.589,704,182186,0,0.00000000,0.00000000,0.00,0,0,-38.95,-0.006,-1.2740,0.4410,1.1270,1.7572,0.587646,0.245911,0.517944,-0.570923,8.000,81.2,-1
1785793022.779,705,182411,0,0.00000000,0.00000000,0.00,0,0,-39.00,-0.020,-0.5390,0.3920,1.3720,1.5253,0.587646,0.245728,0.518005,-0.570923,8.004,78.8,-1
1785793023.033,706,182641,0,0.00000000,0.00000000,0.00,0,0,-39.03,-0.031,-0.5390,0.3430,0.9310,1.1291,0.587585,0.245728,0.518127,-0.570862,8.005,81.2,-1
1785793023.222,707,182859,0,0.00000000,0.00000000,0.00,0,0,-38.92,0.051,-0.8330,0.5390,0.7840,1.2645,0.587585,0.245667,0.518188,-0.570862,8.002,86.2,-1
1785793023.470,708,183081,0,0.00000000,0.00000000,0.00,0,0,-38.93,0.043,-0.8820,0.9310,0.3920,1.3410,0.587585,0.245544,0.518250,-0.570801,8.004,83.8,-1
1785793023.660,709,183300,0,0.00000000,0.00000000,0.00,0,0,-39.04,-0.055,-0.8330,0.3430,0.3430,0.9639,0.587646,0.245605,0.518188,-0.570862,8.001,85.0,-1
1785793023.911,710,183524,0,0.00000000,0.00000000,0.00,0,0,-38.99,-0.032,-1.5680,0.5880,-0.6860,1.8097,0.587708,0.245544,0.518066,-0.570862,8.006,78.8,-1
1785793024.101,711,183740,0,0.00000000,0.00000000,0.00,0,0,-38.93,0.022,-0.7350,0.3430,0.8330,1.1627,0.587769,0.245544,0.518005,-0.570862,8.002,86.2,-1
1785793024.353,712,183963,0,0.00000000,0.00000000,0.00,0,0,-38.84,0.075,-0.7840,0.4410,1.7150,1.9366,0.587769,0.245667,0.517944,-0.570862,8.002,81.2,-1
1785793024.542,713,184174,0,0.00000000,0.00000000,0.00,0,0,-39.02,-0.026,-0.5880,-0.3920,2.2050,2.3155,0.587769,0.245544,0.518066,-0.570862,8.005,80.0,-1
1785793024.791,714,184396,0,0.00000000,0.00000000,0.00,0,0,-38.98,-0.000,-0.7350,0.4900,1.3230,1.5908,0.587708,0.245789,0.518005,-0.570801,8.002,82.5,-1
1785793024.980,715,184626,0,0.00000000,0.00000000,0.00,0,0,-38.94,0.029,-1.3720,1.2250,-0.4900,1.9034,0.587646,0.245605,0.518066,-0.570862,8.002,78.8,-1
1785793025.231,716,184847,0,0.00000000,0.00000000,0.00,0,0,-38.96,0.032,-0.7840,0.6860,0.7350,1.2749,0.587708,0.245544,0.518066,-0.570923,8.004,80.0,-1
1785793025.419,717,185073,0,0.00000000,0.00000000,0.00,0,0,-39.04,-0.014,-0.5880,-0.0490,0.6860,0.9048,0.587646,0.245605,0.518066,-0.570862,8.004,82.5,-1
1785793025.669,718,185284,0,0.00000000,0.00000000,0.00,0,0,-39.06,-0.032,0.2940,-0.5390,0.9310,1.1152,0.587646,0.245544,0.518188,-0.570862,8.000,82.5,-1
1785793025.855,719,185507,0,0.00000000,0.00000000,0.00,0,0,-38.99,0.020,-0.5880,0.5880,0.4900,0.9652,0.587585,0.245544,0.518127,-0.570923,8.005,77.5,-1
1785793026.107,720,185724,0,0.00000000,0.00000000,0.00,0,0,-38.92,0.052,-1.0290,0.2450,0.1470,1.0679,0.587646,0.246094,0.517944,-0.570862,8.000,82.5,-1
1785793026.295,721,185949,0,0.00000000,0.00000000,0.00,0,0,-38.97,0.031,-0.4410,0.1960,0.5390,0.7235,0.587524,0.245667,0.518066,-0.571045,8.004,80.0,-1
1785793026.545,722,186164,0,0.00000000,0.00000000,0.00,0,0,-38.99,0.019,-0.4900,0.0000,0.1470,0.5116,0.587463,0.245483,0.518250,-0.570984,8.004,85.0,-1
1785793026.735,723,186388,0,0.00000000,0.00000000,0.00,0,0,-38.88,0.070,-0.9800,0.5390,0.6370,1.2871,0.587402,0.245422,0.518250,-0.571106,8.005,85.0,-1
1785793026.989,724,186610,0,0.00000000,0.00000000,0.00,0,0,-38.93,0.019,-0.3430,0.3430,0.9310,1.0498,0.587402,0.245483,0.518250,-0.571045,8.002,80.0,-1
1785793027.178,725,186827,0,0.00000000,0.00000000,0.00,0,0,-38.99,-0.029,-1.2740,0.6370,-0.5880,1.5410,0.587463,0.245544,0.518188,-0.571045,7.997,85.0,-1
1785793027.430,726,187047,0,0.00000000,0.00000000,0.00,0,0,-38.99,-0.015,-0.6370,0.1470,0.5390,0.8473,0.587402,0.245483,0.518127,-0.571167,8.000,86.2,-1
1785793027.619,727,187256,0,0.00000000,0.00000000,0.00,0,0,-38.94,-0.008,-1.4700,0.6370,0.6370,1.7241,0.587402,0.245544,0.518066,-0.571167,8.004,83.8,-1
1785793027.867,728,187481,0,0.00000000,0.00000000,0.00,0,0,-38.99,-0.044,-0.6370,0.1470,0.5390,0.8473,0.587463,0.245361,0.518066,-0.571228,8.002,80.0,-1
1785793028.056,729,187697,0,0.00000000,0.00000000,0.00,0,0,-38.97,-0.017,-0.3920,0.3430,0.3920,0.6519,0.587463,0.245361,0.518066,-0.571228,8.001,83.8,-1
1785793028.307,730,187920,0,0.00000000,0.00000000,0.00,0,0,-39.01,-0.045,-0.6860,0.7350,0.1470,1.0161,0.587402,0.245361,0.518066,-0.571228,8.005,81.2,-1
1785793028.497,731,188137,0,0.00000000,0.00000000,0.00,0,0,-39.03,-0.031,-0.7350,0.1470,0.6370,0.9837,0.587402,0.245544,0.518005,-0.571228,8.001,82.5,-1
1785793028.747,732,188363,0,0.00000000,0.00000000,0.00,0,0,-38.98,0.013,-0.5390,0.4410,0.8820,1.1238,0.587463,0.245667,0.517944,-0.571167,8.005,78.8,-1
1785793028.934,733,188583,0,0.00000000,0.00000000,0.00,0,0,-38.87,0.080,-0.3920,0.0980,0.7840,0.8820,0.587585,0.245422,0.518005,-0.571167,8.004,77.5,-1
1785793029.184,734,188801,0,0.00000000,0.00000000,0.00,0,0,-38.97,-0.007,-0.7350,0.2450,0.3920,0.8683,0.587646,0.245728,0.517822,-0.571106,8.002,83.8,-1
1785793029.372,735,189023,0,0.00000000,0.00000000,0.00,0,0,-38.93,0.005,-1.2740,0.8820,1.4700,2.1359,0.587646,0.245544,0.517944,-0.571045,8.002,78.8,-1
1785793029.621,736,189238,0,0.00000000,0.00000000,0.00,0,0,-39.00,-0.032,-0.7350,0.3920,1.9600,2.1297,0.587646,0.245605,0.518005,-0.570984,8.004,81.2,-1
1785793029.811,737,189462,0,0.00000000,0.00000000,0.00,0,0,-38.99,-0.027,-0.5880,0.4410,0.6370,0.9726,0.587708,0.246277,0.517761,-0.570862,8.002,81.2,-1
1785793030.064,738,189684,0,0.00000000,0.00000000,0.00,0,0,-38.93,-0.000,-0.8820,0.4900,0.7840,1.2778,0.587769,0.246399,0.517761,-0.570740,8.002,82.5,-1
1785793030.250,739,189904,0,0.00000000,0.00000000,0.00,0,0,-38.98,-0.035,-0.9800,0.4900,0.9310,1.4378,0.587708,0.246521,0.517761,-0.570740,8.002,80.0,-1
1785793030.504,740,190147,0,0.00000000,0.00000000,0.00,0,0,-38.88,0.039,-0.7840,0.3430,0.4410,0.9627,0.587769,0.246521,0.517822,-0.570679,8.000,78.8,-1
1785793030.753,741,190371,0,0.00000000,0.00000000,0.00,0,0,-38.91,0.026,-0.7350,0.0490,1.2740,1.4716,0.587708,0.246155,0.518005,-0.570679,8.001,76.2,-1
1785793031.001,742,190596,0,0.00000000,0.00000000,0.00,0,0,-38.96,-0.007,-0.5390,0.7350,0.8820,1.2683,0.587708,0.246155,0.518005,-0.570679,8.001,82.5,-1
1785793031.189,743,190818,0,0.00000000,0.00000000,0.00,0,0,-38.84,0.069,-0.3430,0.0000,0.8330,0.9009,0.587708,0.246155,0.518005,-0.570740,8.002,80.0,-1
1785793031.440,744,191046,0,0.00000000,0.00000000,0.00,0,0,-38.98,-0.026,-0.3430,0.3920,1.7150,1.7924,0.587646,0.245422,0.518250,-0.570862,8.001,82.5,-1
1785793031.629,745,191261,0,0.00000000,0.00000000,0.00,0,0,-38.93,-0.021,-0.7350,0.5390,0.6860,1.1408,0.587646,0.245544,0.518188,-0.570801,8.002,82.5,-1
1785793031.877,746,191486,0,0.00000000,0.00000000,0.00,0,0,-38.80,0.076,-0.8820,0.2940,0.6860,1.1554,0.587708,0.245850,0.518005,-0.570862,8.002,81.2,-1
1785793032.065,747,191710,0,0.00000000,0.00000000,0.00,0,0,-38.94,-0.022,-0.3430,-0.0490,0.1470,0.3764,0.587708,0.245789,0.518005,-0.570801,8.004,78.8,-1
1785793032.316,748,191930,0,0.00000000,0.00000000,0.00,0,0,-38.86,0.008,-0.4900,0.3430,0.6370,0.8738,0.587646,0.245544,0.518127,-0.570862,8.002,76.2,-1
1785793032.503,749,192143,0,0.00000000,0.00000000,0.00,0,0,-38.83,0.043,-0.8820,0.6860,0.5880,1.2626,0.587585,0.245667,0.518188,-0.570801,8.002,76.2,-1
1785793032.757,750,192369,0,0.00000000,0.00000000,0.00,0,0,-38.93,0.006,-0.8820,0.7350,0.4900,1.2483,0.587524,0.245789,0.518250,-0.570801,8.001,78.8,-1
1785793032.945,751,192588,0,0.00000000,0.00000000,0.00,0,0,-38.87,0.049,-0.4410,0.2450,0.8330,0.9739,0.587524,0.245667,0.518311,-0.570801,8.004,82.5,-1
1785793033.196,752,192813,0,0.00000000,0.00000000,0.00,0,0,-38.90,0.039,-0.4900,0.2450,0.7840,0.9564,0.587585,0.245850,0.518127,-0.570801,8.005,81.2,-1
1785793033.447,753,193041,0,0.00000000,0.00000000,0.00,0,0,-39.00,-0.033,-0.4900,0.7840,0.8330,1.2444,0.587585,0.245911,0.518188,-0.570801,8.006,83.8,-1
1785793033.638,754,193255,0,0.00000000,0.00000000,0.00,0,0,-39.01,-0.038,-0.6860,0.3430,0.6370,0.9970,0.587585,0.246094,0.518127,-0.570740,8.004,81.2,-1
1785793033.827,755,193481,0,0.00000000,0.00000000,0.00,0,0,-38.95,0.011,-0.0980,0.2940,1.4210,1.4544,0.587585,0.245850,0.518188,-0.570801,8.004,83.8,-1
1785793034.079,756,193704,0,0.00000000,0.00000000,0.00,0,0,-38.87,0.041,-0.2450,0.0980,1.0290,1.0623,0.587524,0.246094,0.518311,-0.570618,8.006,80.0,-1
1785793034.269,757,193924,0,0.00000000,0.00000000,0.00,0,0,-38.93,0.011,-0.8330,-0.8820,0.4410,1.2909,0.587463,0.245544,0.518616,-0.570679,8.005,80.0,-1
1785793034.521,758,194136,0,0.00000000,0.00000000,0.00,0,0,-38.98,0.001,-0.2450,0.0980,0.8330,0.8738,0.587463,0.245605,0.518555,-0.570679,8.002,80.0,-1
1785793034.709,759,194363,0,0.00000000,0.00000000,0.00,0,0,-38.90,0.038,-0.5880,0.4410,1.1270,1.3455,0.587585,0.245972,0.518311,-0.570618,8.004,80.0,-1
1785793034.926,760,194583,0,0.00000000,0.00000000,0.00,0,0,-38.96,-0.017,-1.2250,0.9310,0.3430,1.5764,0.587708,0.245850,0.518311,-0.570557,8.004,81.2,-1
1785793035.178,761,194807,0,0.00000000,0.00000000,0.00,0,0,-38.87,0.048,-1.4210,1.0290,0.4410,1.8090,0.587708,0.245789,0.518188,-0.570679,8.002,80.0,-1
1785793035.429,762,195027,0,0.00000000,0.00000000,0.00,0,0,-38.76,0.112,-0.3920,0.9310,1.2250,1.5878,0.587769,0.246094,0.518005,-0.570618,8.004,80.0,-1
1785793035.617,763,195239,0,0.00000000,0.00000000,0.00,0,0,-39.05,-0.045,0.5880,-0.6370,3.0870,3.2064,0.587708,0.245850,0.518066,-0.570740,8.004,76.2,-1
1785793035.806,764,195458,0,0.00000000,0.00000000,0.00,0,0,-38.92,0.068,0.1470,-0.2940,1.2250,1.2683,0.587646,0.245911,0.517944,-0.570923,8.004,76.2,-1
1785793036.059,765,195676,0,0.00000000,0.00000000,0.00,0,0,-38.99,-0.009,-0.1470,0.0000,1.3230,1.3311,0.587585,0.245422,0.518311,-0.570862,8.004,81.2,-1
1785793036.247,766,195897,0,0.00000000,0.00000000,0.00,0,0,-39.02,-0.037,-0.7350,0.3430,0.1960,0.8344,0.587646,0.245544,0.518188,-0.570862,8.002,80.0,-1
1785793036.500,767,196138,0,0.00000000,0.00000000,0.00,0,0,-38.93,0.027,-0.3920,0.3920,0.5390,0.7732,0.587708,0.245483,0.518066,-0.570862,8.002,81.2,-1
1785793036.753,768,196360,0,0.00000000,0.00000000,0.00,0,0,-38.93,0.034,-0.5880,0.2450,1.2250,1.3807,0.587769,0.245605,0.518005,-0.570923,8.006,81.2,-1
1785793036.940,769,196578,0,0.00000000,0.00000000,0.00,0,0,-38.88,0.058,-0.4410,0.1470,1.6170,1.6825,0.587769,0.245483,0.518005,-0.570862,8.004,82.5,-1
1785793037.191,770,196799,0,0.00000000,0.00000000,0.00,0,0,-38.92,0.035,-0.2940,0.2940,0.8820,0.9751,0.587769,0.245850,0.517883,-0.570801,8.006,82.5,-1
1785793037.381,771,197019,0,0.00000000,0.00000000,0.00,0,0,-38.91,0.028,-0.7350,0.3920,1.0780,1.3623,0.587769,0.246033,0.517761,-0.570862,8.007,83.8,-1
1785793037.634,772,197235,0,0.00000000,0.00000000,0.00,0,0,-38.88,0.039,-0.3430,-0.0980,0.9310,0.9970,0.587708,0.245544,0.518005,-0.570923,8.004,81.2,-1
1785793037.821,773,197462,0,0.00000000,0.00000000,0.00,0,0,-38.84,0.053,-0.4900,0.2450,1.5680,1.6609,0.587585,0.245728,0.517944,-0.571045,8.004,80.0,-1
1785793038.073,774,197683,0,0.00000000,0.00000000,0.00,0,0,-38.80,0.101,-0.9800,0.0490,-0.1470,0.9922,0.587524,0.245422,0.518188,-0.571045,8.005,75.0,-1
1785793038.258,775,197900,0,0.00000000,0.00000000,0.00,0,0,-39.02,-0.084,-0.9310,0.3920,0.8820,1.3410,0.587463,0.245422,0.518127,-0.571106,8.002,82.5,-1
1785793038.509,776,198143,0,0.00000000,0.00000000,0.00,0,0,-38.92,-0.012,-0.7350,0.3920,0.3920,0.9206,0.587524,0.245361,0.518250,-0.571045,8.002,76.2,-1
1785793038.759,777,198362,0,0.00000000,0.00000000,0.00,0,0,-38.94,-0.022,-0.4410,0.0980,0.8330,0.9476,0.587463,0.245544,0.518066,-0.571106,8.005,76.2,-1
1785793038.947,778,198585,0,0.00000000,0.00000000,0.00,0,0,-38.96,-0.033,-0.1960,0.0490,1.3230,1.3383,0.587463,0.245361,0.518188,-0.571045,8.005,81.2,-1
1785793039.201,779,198802,0,0.00000000,0.00000000,0.00,0,0,-38.86,0.002,-0.8330,0.3920,0.6370,1.1195,0.587402,0.245239,0.518250,-0.571106,8.006,76.2,-1
1785793039.390,780,199026,0,0.00000000,0.00000000,0.00,0,0,-38.90,-0.039,-0.3430,0.2940,1.2740,1.3517,0.587463,0.245483,0.518250,-0.571045,8.002,83.8,-1
1785793039.642,781,199237,0,0.00000000,0.00000000,0.00,0,0,-38.96,-0.063,-1.0780,-0.0980,0.6860,1.2815,0.587585,0.245728,0.518005,-0.570923,8.004,81.2,-1
1785793039.829,782,199458,0,0.00000000,0.00000000,0.00,0,0,-38.90,-0.010,-0.6860,0.0980,0.3920,0.7962,0.587646,0.245422,0.518127,-0.570984,8.004,81.2,-1
1785793040.080,783,199685,0,0.00000000,0.00000000,0.00,0,0,-38.83,0.036,-0.6860,0.4410,0.9800,1.2749,0.587769,0.246033,0.517822,-0.570862,8.005,82.5,-1
1785793040.271,784,199905,0,0.00000000,0.00000000,0.00,0,0,-38.98,-0.059,-0.3920,-0.1960,0.7840,0.8982,0.587708,0.245361,0.518066,-0.570923,8.004,82.5,-1
1785793040.523,785,200148,0,0.00000000,0.00000000,0.00,0,0,-38.96,-0.023,-0.4410,0.0980,1.0290,1.1238,0.587708,0.245361,0.518127,-0.570923,8.002,82.5,-1
1785793040.713,786,200365,0,0.00000000,0.00000000,0.00,0,0,-38.96,-0.011,-0.8820,0.4410,-0.3920,1.0612,0.587769,0.245239,0.518127,-0.570862,8.001,82.5,-1
1785793040.961,787,200587,0,0.00000000,0.00000000,0.00,0,0,-38.88,0.036,-0.5390,0.3920,0.8330,1.0668,0.587708,0.245300,0.518127,-0.570923,8.000,82.5,-1
1785793041.152,788,200807,0,0.00000000,0.00000000,0.00,0,0,-39.02,-0.060,-0.7350,0.6370,0.6370,1.1627,0.587830,0.245422,0.518005,-0.570862,8.002,82.5,-1
1785793041.403,789,201027,0,0.00000000,0.00000000,0.00,0,0,-39.02,-0.064,-0.2940,0.1470,0.7350,0.8052,0.587830,0.245544,0.518066,-0.570740,8.001,85.0,-1
1785793041.590,790,201240,0,0.00000000,0.00000000,0.00,0,0,-38.98,-0.047,-0.1960,0.5880,1.3720,1.5055,0.587830,0.245789,0.518005,-0.570679,8.004,82.5,-1
1785793041.843,791,201458,0,0.00000000,0.00000000,0.00,0,0,-38.93,0.005,-0.3430,-0.7840,1.3720,1.6170,0.587830,0.245728,0.517944,-0.570740,8.001,82.5,-1
1785793042.032,792,201681,0,0.00000000,0.00000000,0.00,0,0,-38.96,-0.033,-0.3430,0.1470,0.4410,0.5777,0.587891,0.245789,0.517883,-0.570740,8.004,81.2,-1
1785793042.282,793,201899,0,0.00000000,0.00000000,0.00,0,0,-38.94,-0.025,-0.6370,0.6860,0.7840,1.2211,0.587830,0.245728,0.517944,-0.570801,8.001,86.2,-1
1785793042.534,794,202142,0,0.00000000,0.00000000,0.00,0,0,-38.98,-0.038,-0.5880,-0.0980,0.0000,0.5961,0.587952,0.246582,0.517517,-0.570679,8.002,77.5,-1
1785793042.721,795,202360,0,0.00000000,0.00000000,0.00,0,0,-39.09,-0.102,-0.4900,0.3430,0.9310,1.1066,0.587830,0.245850,0.517883,-0.570801,8.002,77.5,-1
1785793042.973,796,202582,0,0.00000000,0.00000000,0.00,0,0,-39.02,-0.033,-0.6860,-0.0980,1.1270,1.3230,0.587769,0.245911,0.517883,-0.570862,8.005,76.2,-1
1785793043.159,797,202800,0,0.00000000,0.00000000,0.00,0,0,-39.05,-0.063,-0.4410,0.3430,0.9310,1.0858,0.587769,0.246216,0.517761,-0.570801,8.002,85.0,-1
1785793043.413,798,203022,0,0.00000000,0.00000000,0.00,0,0,-38.98,-0.011,-0.4900,0.4410,1.2250,1.3911,0.587646,0.245728,0.518066,-0.570862,8.005,75.0,-1
1785793043.603,799,203237,0,0.00000000,0.00000000,0.00,0,0,-38.95,0.015,-0.4410,0.3430,1.4210,1.5269,0.587830,0.246643,0.517517,-0.570801,8.004,80.0,-1
1785793043.857,800,203463,0,0.00000000,0.00000000,0.00,0,0,-38.98,0.001,-0.6370,0.5880,1.0290,1.3455,0.587708,0.245483,0.517944,-0.571045,8.001,77.5,-1
1785793044.046,801,203682,0,0.00000000,0.00000000,0.00,0,0,-39.13,-0.106,-0.2450,0.1960,-0.2940,0.4300,0.587769,0.245667,0.517700,-0.571045,8.002,78.8,-1
1785793044.298,802,203902,0,0.00000000,0.00000000,0.00,0,0,-39.13,-0.091,-0.1960,-0.0980,1.3720,1.3894,0.587830,0.246338,0.517517,-0.570984,8.002,81.2,-1
1785793044.552,803,204146,0,0.00000000,0.00000000,0.00,0,0,-39.19,-0.114,-1.0780,0.4410,0.0490,1.1657,0.587830,0.246460,0.517395,-0.570984,8.002,77.5,-1
1785793044.742,804,204364,0,0.00000000,0.00000000,0.00,0,0,-39.06,-0.026,-1.0290,0.6860,0.4900,1.3302,0.587646,0.245483,0.517944,-0.571106,8.000,81.2,-1
1785793044.931,805,204587,0,0.00000000,0.00000000,0.00,0,0,-39.05,-0.014,0.1960,0.3920,1.7150,1.7701,0.587769,0.245911,0.517639,-0.570984,8.001,80.0,-1
1785793045.185,806,204807,0,0.00000000,0.00000000,0.00,0,0,-39.14,-0.059,0.6370,-0.2940,0.2450,0.7431,0.587708,0.245117,0.518005,-0.571106,8.000,78.8,-1
1785793045.372,807,205026,0,0.00000000,0.00000000,0.00,0,0,-39.20,-0.094,0.2450,0.0490,1.5680,1.5878,0.587769,0.245117,0.518066,-0.570984,7.999,81.2,-1
1785793045.622,808,205245,0,0.00000000,0.00000000,0.00,0,0,-39.25,-0.133,-1.3230,0.2940,0.3430,1.3980,0.587769,0.244995,0.518250,-0.570923,7.999,83.8,-1
1785793045.871,809,205468,0,0.00000000,0.00000000,0.00,0,0,-39.23,-0.080,-0.2450,0.5880,1.2740,1.4244,0.587769,0.245117,0.518188,-0.570923,8.004,81.2,-1
1785793046.059,810,205691,0,0.00000000,0.00000000,0.00,0,0,-39.19,-0.038,-1.9600,0.5390,1.5190,2.5376,0.587891,0.245422,0.518127,-0.570679,8.002,80.0,-1
1785793046.311,811,205917,0,0.00000000,0.00000000,0.00,0,0,-39.20,-0.032,-0.4900,0.3430,0.5880,0.8387,0.587891,0.245056,0.518127,-0.570801,8.004,82.5,-1
1785793046.501,812,206131,0,0.00000000,0.00000000,0.00,0,0,-39.24,-0.068,-0.5880,0.3920,0.9310,1.1688,0.587891,0.245117,0.518250,-0.570740,8.004,82.5,-1
1785793046.754,813,206358,0,0.00000000,0.00000000,0.00,0,0,-39.31,-0.105,-1.7640,1.1270,-0.8820,2.2715,0.587891,0.245422,0.518066,-0.570740,8.004,78.8,-1
1785793046.940,814,206581,0,0.00000000,0.00000000,0.00,0,0,-39.06,0.059,-0.3920,0.0980,1.1760,1.2435,0.587891,0.245422,0.518127,-0.570679,8.002,72.5,-1
1785793047.191,815,206802,0,0.00000000,0.00000000,0.00,0,0,-39.29,-0.078,-1.1270,0.2940,1.2740,1.7262,0.587952,0.245056,0.518250,-0.570740,8.001,77.5,-1
1785793047.376,816,207021,0,0.00000000,0.00000000,0.00,0,0,-39.25,-0.038,-0.6370,0.2450,2.2540,2.3551,0.587891,0.245728,0.517883,-0.570801,8.002,73.8,-1
1785793047.625,817,207236,0,0.00000000,0.00000000,0.00,0,0,-39.27,-0.084,-1.1760,0.2940,0.8330,1.4708,0.587830,0.245422,0.518127,-0.570801,8.001,80.0,-1
1785793047.814,818,207463,0,0.00000000,0.00000000,0.00,0,0,-39.26,-0.068,-0.6860,0.4900,0.0000,0.8430,0.587830,0.245667,0.517944,-0.570801,8.001,72.5,-1
1785793048.066,819,207684,0,0.00000000,0.00000000,0.00,0,0,-39.30,-0.083,0.0000,-0.0980,0.8330,0.8387,0.587769,0.245239,0.518188,-0.570862,8.001,78.8,-1
1785793048.254,820,207901,0,0.00000000,0.00000000,0.00,0,0,-39.28,-0.069,-0.4410,0.1960,0.8330,0.9627,0.587708,0.245300,0.518127,-0.570923,8.000,76.2,-1
1785793048.505,821,208148,0,0.00000000,0.00000000,0.00,0,0,-39.34,-0.114,-0.8330,0.4410,0.5880,1.1109,0.587830,0.246521,0.517761,-0.570557,8.002,80.0,-1
1785793048.754,822,208376,0,0.00000000,0.00000000,0.00,0,0,-39.31,-0.087,0.1960,0.6860,1.0290,1.2521,0.587769,0.246277,0.517883,-0.570618,8.002,82.5,-1
1785793048.945,823,208598,0,0.00000000,0.00000000,0.00,0,0,-39.24,-0.058,-0.4410,0.1960,1.2250,1.3166,0.587891,0.247009,0.517578,-0.570496,8.001,82.5,-1
1785793049.192,824,208827,0,0.00000000,0.00000000,0.00,0,0,-39.16,0.001,-1.0290,0.4900,0.2940,1.1770,0.587891,0.246887,0.517639,-0.570496,8.001,77.5,-1
1785793049.444,825,209043,0,0.00000000,0.00000000,0.00,0,0,-39.04,0.087,-0.8820,0.1960,0.6860,1.1344,0.587891,0.246704,0.517700,-0.570496,8.004,80.0,-1
1785793049.634,826,209258,0,0.00000000,0.00000000,0.00,0,0,-39.15,0.045,-0.4900,0.3430,1.3720,1.4967,0.587891,0.247131,0.517517,-0.570557,8.005,77.5,-1
1785793049.884,827,209483,0,0.00000000,0.00000000,0.00,0,0,-39.25,-0.012,-0.9800,-0.2450,0.0490,1.0113,0.587769,0.246094,0.517944,-0.570679,8.004,80.0,-1
1785793050.073,828,209708,0,0.00000000,0.00000000,0.00,0,0,-39.16,0.041,0.0980,0.0000,1.9110,1.9135,0.587646,0.245117,0.518188,-0.570984,8.004,75.0,-1
1785793050.323,829,209929,0,0.00000000,0.00000000,0.00,0,0,-39.12,0.051,-0.7840,0.4410,0.5880,1.0747,0.587646,0.245422,0.518311,-0.570740,8.006,77.5,-1
1785793050.509,830,210136,0,0.00000000,0.00000000,0.00,0,0,-39.14,0.034,-0.7840,0.5880,0.6370,1.1688,0.587708,0.245422,0.518372,-0.570679,8.004,81.2,-1
1785793050.762,831,210359,0,0.00000000,0.00000000,0.00,0,0,-39.10,0.053,-0.8820,0.2450,0.3920,0.9958,0.587769,0.245789,0.518127,-0.570679,8.005,81.2,-1
1785793050.952,832,210578,0,0.00000000,0.00000000,0.00,0,0,-39.07,0.068,-0.6860,0.1470,1.3230,1.4975,0.587830,0.246155,0.518005,-0.570557,8.002,85.0,-1
1785793051.204,833,210800,0,0.00000000,0.00000000,0.00,0,0,-39.17,0.005,-0.5390,0.2940,1.2250,1.3702,0.587891,0.246399,0.517761,-0.570618,8.005,80.0,-1
1785793051.390,834,211021,0,0.00000000,0.00000000,0.00,0,0,-39.04,0.104,-0.6370,0.7350,0.3920,1.0486,0.588135,0.246277,0.517700,-0.570496,8.002,81.2,-1
1785793051.639,835,211232,0,0.00000000,0.00000000,0.00,0,0,-38.99,0.105,-0.5390,0.4900,0.6860,1.0006,0.588135,0.246094,0.517517,-0.570679,8.005,82.5,-1
1785793051.827,836,211458,0,0.00000000,0.00000000,0.00,0,0,-39.03,0.063,-0.8820,0.3430,0.6860,1.1688,0.588135,0.246094,0.517639,-0.570618,8.002,87.5,-1
1785793052.076,837,211678,0,0.00000000,0.00000000,0.00,0,0,-38.99,0.077,-0.5390,0.2450,0.1470,0.6100,0.588135,0.245422,0.517822,-0.570740,8.004,83.8,-1
1785793052.267,838,211902,0,0.00000000,0.00000000,0.00,0,0,-38.97,0.080,-0.5390,0.3430,0.5880,0.8683,0.588074,0.245300,0.517944,-0.570740,8.004,75.0,-1
1785793052.518,839,212148,0,0.00000000,0.00000000,0.00,0,0,-39.02,0.009,-0.3430,0.3430,1.3720,1.4552,0.588013,0.245361,0.518005,-0.570679,8.001,83.8,-1
1785793052.767,840,212374,0,0.00000000,0.00000000,0.00,0,0,-38.90,0.085,-0.1960,0.0980,1.5680,1.5832,0.587830,0.244995,0.518311,-0.570740,8.002,80.0,-1
1785793052.954,841,212596,0,0.00000000,0.00000000,0.00,0,0,-38.92,0.067,-0.5390,0.1470,0.5880,0.8111,0.587891,0.245483,0.518188,-0.570618,8.004,80.0,-1
1785793053.205,842,212823,0,0.00000000,0.00000000,0.00,0,0,-38.85,0.078,-1.1760,0.8330,0.7840,1.6406,0.588074,0.245850,0.518005,-0.570496,8.005,77.5,-1
1785793053.393,843,213044,0,0.00000000,0.00000000,0.00,0,0,-38.84,0.080,-1.0290,0.7350,0.7840,1.4879,0.588013,0.245667,0.518005,-0.570557,8.006,77.5,-1
1785793053.646,844,213259,0,0.00000000,0.00000000,0.00,0,0,-38.81,0.093,-0.5390,0.5390,0.2450,0.8007,0.588013,0.245728,0.518005,-0.570557,8.004,82.5,-1
1785793053.834,845,213486,0,0.00000000,0.00000000,0.00,0,0,-38.82,0.085,-1.2740,-0.2450,0.2450,1.3203,0.587891,0.245483,0.518188,-0.570679,8.002,82.5,-1
1785793054.087,846,213708,0,0.00000000,0.00000000,0.00,0,0,-38.88,0.012,-1.2740,0.2450,0.6370,1.4453,0.587830,0.245422,0.518250,-0.570679,8.004,82.5,-1
1785793054.340,847,213936,0,0.00000000,0.00000000,0.00,0,0,-38.74,0.099,-0.1470,-0.3430,1.0780,1.1408,0.587891,0.245605,0.518127,-0.570679,8.002,78.8,-1
1785793054.530,848,214153,0,0.00000000,0.00000000,0.00,0,0,-38.73,0.080,-1.0290,0.4900,0.8820,1.4411,0.587708,0.245422,0.518311,-0.570679,8.000,81.2,-1
1785793054.783,849,214377,0,0.00000000,0.00000000,0.00,0,0,-38.59,0.138,-1.0780,0.6860,0.9800,1.6103,0.587646,0.245361,0.518433,-0.570679,8.002,80.0,-1
1785793054.973,850,214594,0,0.00000000,0.00000000,0.00,0,0,-38.57,0.130,-0.4900,0.6860,0.7350,1.1184,0.587646,0.245361,0.518494,-0.570679,8.004,83.8,-1
1785793055.226,851,214818,0,0.00000000,0.00000000,0.00,0,0,-38.53,0.148,-0.2940,0.2450,0.8330,0.9167,0.587646,0.245300,0.518433,-0.570740,8.004,80.0,-1
1785793055.415,852,215037,0,0.00000000,0.00000000,0.00,0,0,-38.53,0.102,-0.4900,0.1470,0.7840,0.9361,0.587708,0.244995,0.518555,-0.570679,8.004,80.0,-1
1785793055.605,853,215250,0,0.00000000,0.00000000,0.00,0,0,-38.37,0.187,-0.6370,0.2450,0.6370,0.9336,0.587708,0.245361,0.518311,-0.570740,8.004,83.8,-1
1785793055.855,854,215450,0,0.00000000,0.00000000,0.00,0,0,-38.32,0.202,-0.3430,0.5880,1.5680,1.7094,0.587585,0.245117,0.518372,-0.570923,8.002,81.2,-1
1785793056.044,855,215679,0,0.00000000,0.00000000,0.00,0,0,-38.31,0.207,-0.9310,0.2450,0.1960,0.9824,0.587646,0.245056,0.518372,-0.570923,8.004,77.5,-1
1785793056.295,856,215898,0,0.00000000,0.00000000,0.00,0,0,-38.41,0.108,-0.6370,0.6370,1.2250,1.5206,0.587646,0.245178,0.518311,-0.570862,8.001,76.2,-1
1785793056.549,857,216142,0,0.00000000,0.00000000,0.00,0,0,-38.39,0.103,-0.2940,0.0000,1.4210,1.4511,0.587769,0.245544,0.518311,-0.570618,8.002,73.8,-1
1785793056.737,858,216360,0,0.00000000,0.00000000,0.00,0,0,-38.46,0.073,-0.2940,0.5390,1.1760,1.3266,0.587830,0.245667,0.518066,-0.570740,8.004,82.5,-1
1785793056.928,859,216580,0,0.00000000,0.00000000,0.00,0,0,-38.43,0.077,-0.4410,0.0980,0.5390,0.7033,0.588013,0.245850,0.517944,-0.570618,8.002,82.5,-1
1785793057.180,860,216805,0,0.00000000,0.00000000,0.00,0,0,-38.45,0.033,-0.3920,0.4900,0.7350,0.9664,0.588013,0.245605,0.518005,-0.570557,8.002,76.2,-1
1785793057.432,861,217027,0,0.00000000,0.00000000,0.00,0,0,-38.40,0.046,-0.4410,-0.1470,0.4900,0.6754,0.588013,0.245361,0.518127,-0.570618,8.001,80.0,-1
1785793057.622,862,217244,0,0.00000000,0.00000000,0.00,0,0,-38.56,-0.046,-0.3430,0.1960,1.7640,1.8077,0.588013,0.245178,0.518188,-0.570618,8.005,78.8,-1
1785793057.812,863,217461,0,0.00000000,0.00000000,0.00,0,0,-38.51,0.022,-0.2450,-0.0980,0.7350,0.7809,0.588013,0.245117,0.518127,-0.570740,8.002,80.0,-1
1785793058.063,864,217684,0,0.00000000,0.00000000,0.00,0,0,-38.53,0.021,-0.7350,0.4900,1.5190,1.7572,0.588013,0.245239,0.518066,-0.570679,8.005,80.0,-1
1785793058.252,865,217904,0,0.00000000,0.00000000,0.00,0,0,-38.60,-0.026,-0.8330,0.1470,1.2250,1.4887,0.587952,0.244568,0.518250,-0.570862,8.004,76.2,-1
1785793058.507,866,218148,0,0.00000000,0.00000000,0.00,0,0,-38.60,-0.008,-0.7840,0.4410,0.7350,1.1616,0.588013,0.244751,0.518188,-0.570801,8.004,75.0,-1
1785793058.761,867,218375,0,0.00000000,0.00000000,0.00,0,0,-38.68,-0.057,-0.8330,0.6370,0.4410,1.1376,0.588013,0.244812,0.518127,-0.570801,8.005,81.2,-1
1785793058.951,868,218600,0,0.00000000,0.00000000,0.00,0,0,-38.73,-0.072,-0.2450,0.0490,1.0780,1.1066,0.588013,0.244995,0.518127,-0.570740,7.999,87.5,-1
1785793059.201,869,218827,0,0.00000000,0.00000000,0.00,0,0,-38.74,-0.060,-0.7350,0.3430,0.9310,1.2348,0.588074,0.244873,0.518250,-0.570618,8.000,83.8,-1
1785793059.453,870,219047,0,0.00000000,0.00000000,0.00,0,0,-38.74,-0.053,-0.6860,0.3430,1.0780,1.3230,0.588074,0.245117,0.518127,-0.570618,8.004,81.2,-1
1785793059.639,871,219265,0,0.00000000,0.00000000,0.00,0,0,-38.74,-0.055,-0.8820,0.4410,1.1270,1.4975,0.588013,0.245056,0.518188,-0.570679,8.001,78.8,-1
1785793059.890,872,219486,0,0.00000000,0.00000000,0.00,0,0,-38.85,-0.122,-0.8330,0.5880,0.6860,1.2289,0.588013,0.245056,0.518127,-0.570740,8.001,78.8,-1
1785793060.082,873,219706,0,0.00000000,0.00000000,0.00,0,0,-38.96,-0.197,-0.7350,0.2450,-0.3920,0.8683,0.588013,0.244751,0.518127,-0.570862,8.001,83.8,-1
1785793060.273,874,219927,0,0.00000000,0.00000000,0.00,0,0,-38.93,-0.151,-0.3430,-0.1470,0.8820,0.9577,0.587952,0.244568,0.518250,-0.570923,8.002,78.8,-1
1785793060.525,875,220139,0,0.00000000,0.00000000,0.00,0,0,-38.97,-0.158,-0.5390,0.3920,1.1760,1.3517,0.587952,0.244385,0.518433,-0.570801,8.004,78.8,-1
1785793060.712,876,220358,0,0.00000000,0.00000000,0.00,0,0,-39.17,-0.255,-0.8820,-0.1960,0.5390,1.0521,0.588013,0.244385,0.518433,-0.570740,8.000,83.8,-1
1785793060.963,877,220576,0,0.00000000,0.00000000,0.00,0,0,-39.21,-0.255,-0.0490,-0.0490,1.8620,1.8633,0.588074,0.244568,0.518372,-0.570679,8.001,81.2,-1
1785793061.153,878,220801,0,0.00000000,0.00000000,0.00,0,0,-39.30,-0.278,-0.6860,0.1960,0.4900,0.8655,0.588196,0.244568,0.518311,-0.570618,8.004,75.0,-1
1785793061.404,879,221018,0,0.00000000,0.00000000,0.00,0,0,-39.27,-0.247,-1.6170,0.4900,-0.4410,1.7462,0.588196,0.244446,0.518372,-0.570618,8.001,83.8,-1
1785793061.593,880,221239,0,0.00000000,0.00000000,0.00,0,0,-39.26,-0.219,-0.3430,0.5390,1.0290,1.2112,0.588135,0.244385,0.518433,-0.570618,7.999,82.5,-1
1785793061.846,881,221462,0,0.00000000,0.00000000,0.00,0,0,-39.28,-0.206,-1.8130,1.0780,-0.3920,2.1454,0.588196,0.244446,0.518372,-0.570618,8.004,75.0,-1
1785793062.035,882,221683,0,0.00000000,0.00000000,0.00,0,0,-39.24,-0.151,-1.4210,0.4410,0.9800,1.7816,0.588196,0.244446,0.518311,-0.570679,8.001,75.0,-1
1785793062.286,883,221905,0,0.00000000,0.00000000,0.00,0,0,-39.34,-0.187,0.0000,0.0980,2.0090,2.0114,0.588196,0.244507,0.518311,-0.570557,8.001,80.0,-1
1785793062.538,884,222156,0,0.00000000,0.00000000,0.00,0,0,-39.40,-0.205,-1.2740,0.9800,0.4410,1.6667,0.588318,0.245239,0.517944,-0.570496,8.002,77.5,-1
1785793062.789,885,222382,0,0.00000000,0.00000000,0.00,0,0,-39.54,-0.276,-0.3430,0.4900,1.8130,1.9091,0.588318,0.245178,0.518005,-0.570435,8.002,77.5,-1
1785793062.979,886,222602,0,0.00000000,0.00000000,0.00,0,0,-39.50,-0.213,-0.2940,0.1470,2.1560,2.1809,0.588379,0.245667,0.517883,-0.570312,8.000,85.0,-1
1785793063.229,887,222822,0,0.00000000,0.00000000,0.00,0,0,-39.41,-0.148,-0.6370,0.5880,0.7350,1.1365,0.588257,0.245117,0.518188,-0.570435,8.002,81.2,-1
1785793063.418,888,223045,0,0.00000000,0.00000000,0.00,0,0,-39.27,-0.050,-0.9310,0.1470,-0.0490,0.9438,0.588196,0.245300,0.518127,-0.570435,8.004,81.2,-1
1785793063.608,889,223258,0,0.00000000,0.00000000,0.00,0,0,-39.40,-0.116,-0.8330,0.3920,1.2250,1.5324,0.588196,0.244812,0.518311,-0.570435,8.004,80.0,-1
1785793063.860,890,223483,0,0.00000000,0.00000000,0.00,0,0,-39.44,-0.115,-0.5390,0.6370,0.8820,1.2142,0.588196,0.245422,0.518066,-0.570435,7.999,85.0,-1
1785793064.113,891,223707,0,0.00000000,0.00000000,0.00,0,0,-39.35,-0.058,-1.3720,1.2250,-0.7350,1.9807,0.588196,0.244812,0.518372,-0.570435,8.002,82.5,-1
1785793064.304,892,223925,0,0.00000000,0.00000000,0.00,0,0,-39.29,-0.016,-0.5390,-0.1960,0.7350,0.9323,0.588196,0.244873,0.518311,-0.570435,8.000,83.8,-1
1785793064.495,893,224142,0,0.00000000,0.00000000,0.00,0,0,-39.36,-0.063,-0.2450,0.0490,0.4410,0.5069,0.588257,0.244873,0.518311,-0.570374,8.000,80.0,-1
1785793064.748,894,224369,0,0.00000000,0.00000000,0.00,0,0,-39.39,-0.066,-0.6860,0.2450,0.7350,1.0348,0.588257,0.245300,0.518127,-0.570374,8.005,76.2,-1
1785793064.934,895,224586,0,0.00000000,0.00000000,0.00,0,0,-39.40,-0.071,-0.7350,0.3920,1.2250,1.4814,0.588257,0.244873,0.518494,-0.570251,8.000,83.8,-1
1785793065.186,896,224810,0,0.00000000,0.00000000,0.00,0,0,-39.42,-0.069,-1.1270,1.7640,-0.0980,2.0956,0.588257,0.244446,0.518494,-0.570435,8.002,85.0,-1
1785793065.436,897,225037,0,0.00000000,0.00000000,0.00,0,0,-39.43,-0.053,-0.7840,0.0980,0.8330,1.1481,0.588318,0.245117,0.518250,-0.570312,8.002,82.5,-1
1785793065.627,898,225248,0,0.00000000,0.00000000,0.00,0,0,-39.40,-0.021,-1.2740,0.6860,0.4900,1.5277,0.588318,0.245117,0.518311,-0.570190,8.001,78.8,-1
1785793065.816,899,225465,0,0.00000000,0.00000000,0.00,0,0,-39.39,-0.000,-0.4410,0.0000,0.6860,0.8155,0.588318,0.244812,0.518372,-0.570251,8.002,80.0,-1
1785793066.071,900,225692,0,0.00000000,0.00000000,0.00,0,0,-39.60,-0.131,-0.8330,0.2450,0.9800,1.3093,0.588440,0.244568,0.518372,-0.570251,8.002,82.5,-1
1785793066.263,901,225912,0,0.00000000,0.00000000,0.00,0,0,-39.41,-0.014,-1.3230,0.6370,-0.3920,1.5198,0.588440,0.244568,0.518372,-0.570312,8.004,82.5,-1
1785793066.513,902,226155,0,0.00000000,0.00000000,0.00,0,0,-39.37,0.016,-0.8330,0.4900,-0.0490,0.9677,0.588440,0.244629,0.518372,-0.570312,8.001,85.0,-1
1785793066.767,903,226375,0,0.00000000,0.00000000,0.00,0,0,-39.57,-0.109,0.2450,0.0980,1.2740,1.3010,0.588379,0.244446,0.518433,-0.570312,8.005,80.0,-1
1785793066.954,904,226604,0,0.00000000,0.00000000,0.00,0,0,-39.44,-0.020,-0.6860,0.6860,1.1270,1.4871,0.588440,0.244385,0.518555,-0.570251,8.004,86.2,-1
1785793067.206,905,226821,0,0.00000000,0.00000000,0.00,0,0,-39.37,0.014,-0.7840,0.3430,0.4410,0.9627,0.588440,0.244385,0.518494,-0.570251,8.005,82.5,-1
1785793067.393,906,227047,0,0.00000000,0.00000000,0.00,0,0,-39.38,0.007,-0.7350,0.2940,0.9310,1.2221,0.588379,0.244385,0.518555,-0.570251,8.005,77.5,-1
1785793067.646,907,227266,0,0.00000000,0.00000000,0.00,0,0,-39.36,0.014,-0.4900,0.3430,0.7350,0.9476,0.588440,0.244385,0.518494,-0.570251,8.006,80.0,-1
1785793067.897,908,227495,0,0.00000000,0.00000000,0.00,0,0,-39.22,0.090,0.0000,-0.1960,1.6170,1.6288,0.588501,0.244446,0.518433,-0.570190,8.006,82.5,-1
1785793068.085,909,227712,0,0.00000000,0.00000000,0.00,0,0,-39.30,0.041,-0.1960,0.0000,1.3230,1.3374,0.588501,0.244568,0.518433,-0.570129,8.000,86.2,-1
1785793068.334,910,227935,0,0.00000000,0.00000000,0.00,0,0,-39.24,0.059,-1.2740,0.0490,-0.0980,1.2787,0.588562,0.244568,0.518433,-0.570129,8.002,82.5,-1
1785793068.521,911,228150,0,0.00000000,0.00000000,0.00,0,0,-39.21,0.051,-0.5880,0.1470,2.2540,2.3341,0.588562,0.244568,0.518433,-0.570129,8.004,85.0,-1
1785793068.770,912,228377,0,0.00000000,0.00000000,0.00,0,0,-39.24,0.025,-0.6370,0.2940,0.3920,0.8037,0.588501,0.244141,0.518616,-0.570190,8.001,81.2,-1
1785793068.959,913,228604,0,0.00000000,0.00000000,0.00,0,0,-39.30,0.014,-0.7350,0.3430,0.6860,1.0623,0.588440,0.244202,0.518799,-0.570068,8.001,88.8,-1
1785793069.211,914,228826,0,0.00000000,0.00000000,0.00,0,0,-39.25,0.030,-0.7350,0.2450,0.7350,1.0679,0.588440,0.244324,0.518677,-0.570129,8.004,80.0,-1
1785793069.400,915,229050,0,0.00000000,0.00000000,0.00,0,0,-39.29,0.028,-0.3920,-0.0490,0.2940,0.4924,0.588562,0.244446,0.518494,-0.570068,8.005,82.5,-1
1785793069.652,916,229266,0,0.00000000,0.00000000,0.00,0,0,-39.39,-0.028,-0.6860,0.4410,0.6860,1.0657,0.588623,0.244568,0.518494,-0.570007,8.005,81.2,-1
1785793069.840,917,229490,0,0.00000000,0.00000000,0.00,0,0,-39.34,0.010,-0.7840,0.0980,0.3430,0.8613,0.588623,0.244446,0.518616,-0.569946,8.005,85.0,-1
1785793070.061,918,229716,0,0.00000000,0.00000000,0.00,0,0,-39.48,-0.100,-0.4410,0.1960,0.3920,0.6217,0.588623,0.244324,0.518616,-0.569946,8.001,85.0,-1
1785793070.314,919,229936,0,0.00000000,0.00000000,0.00,0,0,-39.39,-0.033,-1.6660,0.0000,0.8330,1.8626,0.588623,0.244324,0.518616,-0.570007,8.002,83.8,-1
1785793070.504,920,230153,0,0.00000000,0.00000000,0.00,0,0,-39.35,-0.008,-1.1270,0.3430,0.7840,1.4151,0.588623,0.244324,0.518555,-0.570007,8.004,78.8,-1
1785793070.755,921,230380,0,0.00000000,0.00000000,0.00,0,0,-39.28,0.034,-1.5190,1.1270,-0.9800,2.1302,0.588623,0.244324,0.518616,-0.570007,8.005,82.5,-1
1785793071.007,922,230601,0,0.00000000,0.00000000,0.00,0,0,-39.32,0.004,-0.6860,0.2940,1.2250,1.4345,0.588562,0.244324,0.518677,-0.570007,8.001,85.0,-1
1785793071.194,923,230818,0,0.00000000,0.00000000,0.00,0,0,-39.27,0.026,-1.0290,0.6860,0.0980,1.2406,0.588562,0.243713,0.518860,-0.570068,8.001,82.5,-1
1785793071.444,924,231040,0,0.00000000,0.00000000,0.00,0,0,-39.32,-0.012,-0.5880,0.3430,0.6860,0.9664,0.588501,0.243591,0.519104,-0.569946,8.001,85.0,-1
1785793071.631,925,231254,0,0.00000000,0.00000000,0.00,0,0,-39.22,0.054,0.0490,0.7350,0.8820,1.1492,0.588501,0.244080,0.518860,-0.570007,8.005,81.2,-1
1785793071.881,926,231476,0,0.00000000,0.00000000,0.00,0,0,-39.21,0.048,-0.7350,0.0490,0.8330,1.1120,0.588501,0.244202,0.518799,-0.569946,8.002,78.8,-1
1785793072.069,927,231700,0,0.00000000,0.00000000,0.00,0,0,-39.27,-0.008,-0.4410,0.6860,1.6660,1.8549,0.588562,0.244141,0.518799,-0.569946,8.000,82.5,-1
1785793072.324,928,231922,0,0.00000000,0.00000000,0.00,0,0,-39.22,0.028,-2.1560,1.8620,-0.6860,2.9302,0.588562,0.244385,0.518738,-0.569885,8.005,86.2,-1
1785793072.513,929,232135,0,0.00000000,0.00000000,0.00,0,0,-39.33,-0.032,-0.8820,0.4900,0.7840,1.2778,0.588562,0.244080,0.518921,-0.569885,8.005,81.2,-1
1785793072.764,930,232362,0,0.00000000,0.00000000,0.00,0,0,-39.43,-0.092,-0.9800,0.9310,0.3920,1.4074,0.588501,0.244141,0.518860,-0.569946,8.004,82.5,-1
1785793072.954,931,232586,0,0.00000000,0.00000000,0.00,0,0,-39.34,-0.013,-0.8330,0.0000,1.6170,1.8189,0.588562,0.244019,0.518982,-0.569824,8.005,78.8,-1
1785793073.203,932,232804,0,0.00000000,0.00000000,0.00,0,0,-39.38,-0.033,-0.9800,0.5880,1.4210,1.8236,0.588562,0.243958,0.519043,-0.569824,8.001,85.0,-1
1785793073.392,933,233028,0,0.00000000,0.00000000,0.00,0,0,-39.35,0.001,-0.8820,0.4900,0.7840,1.2778,0.588745,0.244629,0.518677,-0.569641,8.006,81.2,-1
1785793073.643,934,233247,0,0.00000000,0.00000000,0.00,0,0,-39.51,-0.102,-0.2940,-0.0490,0.6860,0.7480,0.588806,0.244507,0.518677,-0.569641,8.005,81.2,-1
1785793073.833,935,233468,0,0.00000000,0.00000000,0.00,0,0,-39.52,-0.082,-1.6170,-0.1470,1.7150,2.3617,0.588867,0.244568,0.518616,-0.569641,8.004,80.0,-1
1785793074.081,936,233696,0,0.00000000,0.00000000,0.00,0,0,-39.45,-0.021,-0.7350,0.0980,0.4410,0.8627,0.588745,0.244202,0.518921,-0.569580,8.005,80.0,-1
1785793074.269,937,233916,0,0.00000000,0.00000000,0.00,0,0,-39.50,-0.038,-0.5390,0.4410,0.0000,0.6964,0.588867,0.244446,0.518738,-0.569519,8.002,81.2,-1
1785793074.520,938,234158,0,0.00000000,0.00000000,0.00,0,0,-39.35,0.045,-0.2450,0.9310,1.2740,1.5968,0.588989,0.244690,0.518677,-0.569458,8.004,78.8,-1
1785793074.771,939,234377,0,0.00000000,0.00000000,0.00,0,0,-39.40,0.009,-0.8820,0.3920,0.7840,1.2435,0.589111,0.245544,0.518188,-0.569336,8.004,82.5,-1
1785793074.959,940,234600,0,0.00000000,0.00000000,0.00,0,0,-39.30,0.064,-0.8820,0.6370,0.1960,1.1055,0.588989,0.244690,0.518555,-0.569458,8.002,86.2,-1
1785793075.208,941,234817,0,0.00000000,0.00000000,0.00,0,0,-39.33,0.035,-0.6860,0.6860,0.8820,1.3112,0.588867,0.244507,0.518738,-0.569519,8.004,85.0,-1
1785793075.396,942,235041,0,0.00000000,0.00000000,0.00,0,0,-39.41,-0.014,-0.5880,0.0000,0.6370,0.8669,0.588867,0.244385,0.518738,-0.569580,8.004,77.5,-1
1785793075.644,943,235260,0,0.00000000,0.00000000,0.00,0,0,-39.32,0.008,-1.1760,0.1960,0.1470,1.2012,0.588745,0.244507,0.518677,-0.569702,8.005,81.2,-1
1785793075.830,944,235481,0,0.00000000,0.00000000,0.00,0,0,-39.31,0.012,-0.7840,0.0980,0.8820,1.1841,0.588806,0.245178,0.518311,-0.569641,8.002,77.5,-1
1785793076.079,945,235704,0,0.00000000,0.00000000,0.00,0,0,-39.22,0.065,-0.8330,0.8330,0.5880,1.3166,0.588684,0.244812,0.518677,-0.569641,8.002,77.5,-1
1785793076.331,946,235931,0,0.00000000,0.00000000,0.00,0,0,-39.18,0.062,-0.6860,0.2940,0.4410,0.8669,0.588623,0.244141,0.518921,-0.569824,8.001,88.8,-1
1785793076.521,947,236144,0,0.00000000,0.00000000,0.00,0,0,-39.15,0.067,-0.8820,0.4410,1.0780,1.4610,0.588623,0.244629,0.518555,-0.569885,8.002,81.2,-1
1785793076.776,948,236370,0,0.00000000,0.00000000,0.00,0,0,-39.14,0.063,-0.6370,0.2450,1.1270,1.3175,0.588623,0.244263,0.518738,-0.569885,8.001,88.8,-1
1785793076.966,949,236594,0,0.00000000,0.00000000,0.00,0,0,-39.21,0.002,-0.4900,1.1270,1.4210,1.8787,0.588745,0.244690,0.518494,-0.569763,8.005,83.8,-1
1785793077.217,950,236813,0,0.00000000,0.00000000,0.00,0,0,-39.20,0.011,-0.0490,-0.5390,1.8130,1.8921,0.588684,0.244812,0.518677,-0.569641,8.006,83.8,-1
1785793077.404,951,237033,0,0.00000000,0.00000000,0.00,0,0,-39.13,0.052,-0.4900,0.5390,0.6370,0.9677,0.588806,0.245544,0.518188,-0.569641,8.005,85.0,-1
1785793077.657,952,237248,0,0.00000000,0.00000000,0.00,0,0,-39.26,-0.050,-0.7840,0.3430,0.5880,1.0383,0.588745,0.244690,0.518616,-0.569702,8.005,78.8,-1
1785793077.845,953,237471,0,0.00000000,0.00000000,0.00,0,0,-39.15,-0.000,-0.7350,0.5390,0.7840,1.2022,0.588745,0.244507,0.518738,-0.569702,7.999,83.8,-1
1785793078.097,954,237694,0,0.00000000,0.00000000,0.00,0,0,-39.03,0.089,-0.7840,-0.3920,0.0490,0.8779,0.588745,0.244263,0.518799,-0.569702,8.000,82.5,-1
1785793078.285,955,237916,0,0.00000000,0.00000000,0.00,0,0,-39.10,0.066,-1.1760,-0.0980,1.0780,1.5983,0.588928,0.245178,0.518555,-0.569336,8.002,85.0,-1
1785793078.532,956,238160,0,0.00000000,0.00000000,0.00,0,0,-39.11,0.055,-0.6370,0.0980,0.8330,1.0532,0.588989,0.245728,0.518250,-0.569336,8.000,81.2,-1
1785793078.783,957,238385,0,0.00000000,0.00000000,0.00,0,0,-39.20,-0.016,-0.4410,0.3430,0.7840,0.9627,0.588867,0.245728,0.518250,-0.569458,8.004,82.5,-1
1785793078.970,958,238608,0,0.00000000,0.00000000,0.00,0,0,-39.06,0.058,-0.5390,0.1960,0.8820,1.0521,0.588928,0.245850,0.518188,-0.569397,8.005,76.2,-1
1785793079.221,959,238830,0,0.00000000,0.00000000,0.00,0,0,-39.12,0.012,-0.3920,-0.0490,0.0490,0.3981,0.588928,0.245850,0.518188,-0.569397,8.004,83.8,-1
1785793079.408,960,239056,0,0.00000000,0.00000000,0.00,0,0,-39.02,0.062,-1.0290,-0.1470,0.3920,1.1109,0.589050,0.246033,0.518066,-0.569336,8.001,85.0,-1
1785793079.660,961,239273,0,0.00000000,0.00000000,0.00,0,0,-38.97,0.096,-0.7840,0.6860,0.8330,1.3338,0.589050,0.246094,0.518005,-0.569336,8.001,76.2,-1
1785793079.849,962,239497,0,0.00000000,0.00000000,0.00,0,0,-39.11,0.014,-0.9310,0.3430,0.8820,1.3275,0.589111,0.246033,0.517944,-0.569336,8.000,86.2,-1
1785793080.063,963,239717,0,0.00000000,0.00000000,0.00,0,0,-39.00,0.071,-0.3920,-0.2450,1.8620,1.9185,0.589111,0.246155,0.518005,-0.569214,7.999,86.2,-1
1785793080.308,964,239941,0,0.00000000,0.00000000,0.00,0,0,-38.96,0.077,-0.9800,1.4210,0.0490,1.7269,0.589172,0.246277,0.517883,-0.569214,8.002,76.2,-1
1785793080.558,965,240156,0,0.00000000,0.00000000,0.00,0,0,-38.95,0.077,-0.3430,0.2940,1.3720,1.4445,0.589172,0.246338,0.517883,-0.569214,8.000,82.5,-1
1785793080.746,966,240382,0,0.00000000,0.00000000,0.00,0,0,-39.03,0.004,-0.4900,0.2450,0.9800,1.1227,0.589111,0.246277,0.518005,-0.569153,8.002,82.5,-1
1785793080.996,967,240601,0,0.00000000,0.00000000,0.00,0,0,-38.95,0.046,-1.1760,-0.1470,0.6860,1.3694,0.589111,0.246277,0.518005,-0.569214,8.000,87.5,-1
1785793081.186,968,240824,0,0.00000000,0.00000000,0.00,0,0,-38.89,0.095,-0.5880,0.1470,0.8820,1.0702,0.589050,0.246277,0.518005,-0.569214,8.000,81.2,-1
1785793081.440,969,241051,0,0.00000000,0.00000000,0.00,0,0,-39.05,-0.008,-0.3430,-0.1960,0.8330,0.9219,0.588989,0.246216,0.518127,-0.569214,8.001,78.8,-1
1785793081.629,970,241265,0,0.00000000,0.00000000,0.00,0,0,-39.02,-0.007,-0.1470,0.0000,0.9800,0.9910,0.588989,0.246216,0.518127,-0.569214,8.002,82.5,-1
1785793081.880,971,241491,0,0.00000000,0.00000000,0.00,0,0,-39.05,-0.032,-0.0980,0.4900,1.5680,1.6457,0.588989,0.246216,0.518127,-0.569214,8.004,77.5,-1
1785793082.065,972,241716,0,0.00000000,0.00000000,0.00,0,0,-39.08,-0.048,-0.1960,0.6370,1.3720,1.5253,0.588989,0.246277,0.518127,-0.569214,8.002,76.2,-1
1785793082.313,973,241933,0,0.00000000,0.00000000,0.00,0,0,-39.05,-0.016,-0.5880,0.2450,1.7150,1.8295,0.589050,0.246277,0.518127,-0.569214,8.002,78.8,-1
1785793082.501,974,242151,0,0.00000000,0.00000000,0.00,0,0,-39.03,0.004,-1.1270,0.1960,0.5880,1.2862,0.589050,0.246277,0.518127,-0.569153,8.001,78.8,-1
1785793082.751,975,242373,0,0.00000000,0.00000000,0.00,0,0,-39.21,-0.117,-0.7840,0.9800,0.0000,1.2550,0.589050,0.246277,0.518127,-0.569153,8.004,82.5,-1
1785793083.000,976,242597,0,0.00000000,0.00000000,0.00,0,0,-39.02,0.020,-0.6370,0.6860,0.9310,1.3203,0.589050,0.246277,0.518066,-0.569153,8.004,78.8,-1
1785793083.184,977,242820,0,0.00000000,0.00000000,0.00,0,0,-38.96,0.056,-0.7350,0.8330,0.8820,1.4185,0.589050,0.246216,0.518066,-0.569214,8.004,78.8,-1
1785793083.436,978,243045,0,0.00000000,0.00000000,0.00,0,0,-38.93,0.071,-0.3920,-0.0980,1.4700,1.5245,0.589050,0.246277,0.518066,-0.569214,8.000,87.5,-1
1785793083.625,979,243261,0,0.00000000,0.00000000,0.00,0,0,-39.03,-0.001,-1.8620,-0.0490,0.7350,2.0024,0.589050,0.246277,0.518066,-0.569214,8.004,72.5,-1
1785793083.875,980,243485,0,0.00000000,0.00000000,0.00,0,0,-39.11,-0.056,-0.6860,0.7350,1.2250,1.5848,0.589050,0.246277,0.518066,-0.569214,8.004,83.8,-1
1785793084.062,981,243708,0,0.00000000,0.00000000,0.00,0,0,-39.04,0.010,-0.2450,0.2450,2.2050,2.2321,0.589050,0.246277,0.518127,-0.569214,8.001,80.0,-1
1785793084.313,982,243930,0,0.00000000,0.00000000,0.00,0,0,-39.10,-0.042,-1.2740,0.5390,0.9310,1.6674,0.588989,0.246216,0.518127,-0.569214,8.004,83.8,-1
1785793084.502,983,244140,0,0.00000000,0.00000000,0.00,0,0,-39.13,-0.056,-0.4900,0.2450,1.1270,1.2531,0.588989,0.246216,0.518188,-0.569214,8.004,73.8,-1
1785793084.755,984,244362,0,0.00000000,0.00000000,0.00,0,0,-39.12,-0.038,-0.4900,-0.1960,2.0090,2.0772,0.588989,0.246216,0.518127,-0.569214,8.004,73.8,-1
1785793084.942,985,244590,0,0.00000000,0.00000000,0.00,0,0,-39.17,-0.057,-0.5880,0.1960,0.5880,0.8543,0.588989,0.246277,0.518188,-0.569153,8.005,80.0,-1
1785793085.191,986,244810,0,0.00000000,0.00000000,0.00,0,0,-39.04,0.028,-1.4700,0.6860,1.7640,2.3965,0.588928,0.246338,0.518250,-0.569092,8.004,82.5,-1
1785793085.378,987,245029,0,0.00000000,0.00000000,0.00,0,0,-39.13,-0.038,0.0980,0.0000,1.4700,1.4733,0.588928,0.246399,0.518250,-0.569092,8.002,85.0,-1
1785793085.630,988,245249,0,0.00000000,0.00000000,0.00,0,0,-39.11,0.001,-1.1270,0.4410,0.6370,1.3676,0.588928,0.246338,0.518250,-0.569092,8.001,81.2,-1
1785793085.877,989,245473,0,0.00000000,0.00000000,0.00,0,0,-39.14,-0.006,0.5390,0.6860,1.6660,1.8806,0.588989,0.246338,0.518188,-0.569092,8.004,81.2,-1
1785793086.064,990,245692,0,0.00000000,0.00000000,0.00,0,0,-39.04,0.059,-0.3920,0.2450,1.2740,1.3553,0.588989,0.246338,0.518188,-0.569153,8.001,78.8,-1
1785793086.313,991,245912,0,0.00000000,0.00000000,0.00,0,0,-39.15,-0.028,-1.4700,0.3920,0.6860,1.6689,0.588989,0.246338,0.518127,-0.569153,8.001,82.5,-1
1785793086.564,992,246157,0,0.00000000,0.00000000,0.00,0,0,-39.30,-0.108,-0.5880,0.3920,1.1270,1.3302,0.588989,0.246338,0.518127,-0.569153,8.002,81.2,-1
1785793086.753,993,246383,0,0.00000000,0.00000000,0.00,0,0,-39.20,-0.043,-0.9800,0.3430,0.3430,1.0935,0.589050,0.246338,0.518066,-0.569153,8.002,77.5,-1
1785793087.006,994,246604,0,0.00000000,0.00000000,0.00,0,0,-39.17,-0.015,-1.3720,0.7350,0.0000,1.5565,0.589050,0.246338,0.518066,-0.569153,8.005,83.8,-1
1785793087.197,995,246826,0,0.00000000,0.00000000,0.00,0,0,-39.23,-0.042,-0.2450,-0.0980,0.2940,0.3951,0.589050,0.246338,0.518066,-0.569153,8.002,77.5,-1
1785793087.452,996,247049,0,0.00000000,0.00000000,0.00,0,0,-39.17,-0.006,-1.3230,1.2740,-0.5390,1.9141,0.589050,0.246338,0.518066,-0.569153,8.002,80.0,-1
1785793087.641,997,247266,0,0.00000000,0.00000000,0.00,0,0,-39.29,-0.073,-0.2450,0.3920,1.8130,1.8710,0.589050,0.246277,0.518066,-0.569153,8.002,80.0,-1
1785793087.894,998,247487,0,0.00000000,0.00000000,0.00,0,0,-39.24,-0.029,-0.7840,0.8330,0.8820,1.4445,0.589050,0.246277,0.518066,-0.569153,8.004,76.2,-1
1785793088.082,999,247708,0,0.00000000,0.00000000,0.00,0,0,-39.33,-0.088,-0.2940,-0.0490,0.2940,0.4187,0.589050,0.246277,0.518066,-0.569153,8.004,77.5,-1
1785793088.332,1000,247926,0,0.00000000,0.00000000,0.00,0,0,-39.21,-0.004,-0.3920,0.3430,0.6860,0.8613,0.589050,0.246338,0.518127,-0.569153,8.004,81.2,-1
1785793088.523,1001,248141,0,0.00000000,0.00000000,0.00,0,0,-39.24,-0.023,0.0000,0.4410,0.9310,1.0302,0.589050,0.246338,0.518127,-0.569153,8.002,77.5,-1
1785793088.775,1002,248368,0,0.00000000,0.00000000,0.00,0,0,-39.25,-0.022,-0.5880,-0.2940,1.3720,1.5214,0.588989,0.246338,0.518188,-0.569092,8.004,76.2,-1
1785793088.964,1003,248587,0,0.00000000,0.00000000,0.00,0,0,-39.32,-0.089,0.0000,-0.1470,1.3720,1.3799,0.588989,0.246338,0.518127,-0.569153,8.004,76.2,-1
1785793089.213,1004,248811,0,0.00000000,0.00000000,0.00,0,0,-39.25,-0.035,-1.0780,0.4410,0.5880,1.3047,0.588989,0.246338,0.518188,-0.569092,8.004,81.2,-1
1785793089.403,1005,249040,0,0.00000000,0.00000000,0.00,0,0,-39.16,0.022,-0.7350,0.8820,0.7840,1.3903,0.588928,0.246399,0.518250,-0.569092,8.004,78.8,-1
1785793089.652,1006,249256,0,0.00000000,0.00000000,0.00,0,0,-39.34,-0.083,-0.9310,0.1470,0.1470,0.9539,0.588989,0.246338,0.518188,-0.569092,8.002,83.8,-1
1785793089.841,1007,249480,0,0.00000000,0.00000000,0.00,0,0,-39.29,-0.032,-0.7840,0.4900,1.2250,1.5347,0.588989,0.246399,0.518188,-0.569092,8.004,77.5,-1
1785793090.093,1008,249698,0,0.00000000,0.00000000,0.00,0,0,-39.18,0.033,-0.1470,0.1470,0.4410,0.4875,0.588989,0.246338,0.518188,-0.569092,8.001,81.2,-1
1785793090.282,1009,249922,0,0.00000000,0.00000000,0.00,0,0,-39.29,-0.022,-1.3720,0.7350,0.3430,1.5938,0.588989,0.246399,0.518188,-0.569092,8.002,78.8,-1
1785793090.533,1010,250135,0,0.00000000,0.00000000,0.00,0,0,-39.31,-0.015,-0.6370,0.0490,0.1960,0.6683,0.588989,0.246399,0.518188,-0.569092,8.002,77.5,-1
1785793090.723,1011,250361,0,0.00000000,0.00000000,0.00,0,0,-39.24,0.023,-0.4410,0.9310,0.9800,1.4218,0.588989,0.246338,0.518127,-0.569092,8.001,76.2,-1
1785793090.973,1012,250581,0,0.00000000,0.00000000,0.00,0,0,-39.24,0.020,-0.7350,0.5880,0.7350,1.1942,0.588989,0.246399,0.518127,-0.569092,8.000,80.0,-1
1785793091.158,1013,250801,0,0.00000000,0.00000000,0.00,0,0,-39.20,0.050,-0.8330,0.1960,0.6860,1.0968,0.588989,0.246399,0.518127,-0.569092,8.001,82.5,-1
1785793091.408,1014,251025,0,0.00000000,0.00000000,0.00,0,0,-39.34,-0.049,-0.3430,0.2940,0.1470,0.4751,0.588989,0.246338,0.518188,-0.569092,8.002,85.0,-1
1785793091.598,1015,251246,0,0.00000000,0.00000000,0.00,0,0,-39.31,-0.031,-0.9310,-0.0980,0.3430,0.9970,0.588989,0.246338,0.518127,-0.569092,8.001,83.8,-1
1785793091.851,1016,251473,0,0.00000000,0.00000000,0.00,0,0,-39.26,-0.008,-0.9800,0.0490,-0.0490,0.9824,0.588989,0.246338,0.518127,-0.569153,8.004,82.5,-1
1785793092.102,1017,251695,0,0.00000000,0.00000000,0.00,0,0,-39.21,0.022,-0.5390,0.2940,0.5390,0.8170,0.588989,0.246338,0.518127,-0.569153,8.002,85.0,-1
1785793092.289,1018,251913,0,0.00000000,0.00000000,0.00,0,0,-39.26,-0.018,-0.8330,0.6370,0.5390,1.1791,0.589050,0.246338,0.518127,-0.569153,8.004,83.8,-1
1785793092.537,1019,252158,0,0.00000000,0.00000000,0.00,0,0,-39.26,-0.016,-0.8820,0.7350,1.1760,1.6435,0.589050,0.246338,0.518066,-0.569153,8.002,78.8,-1
1785793092.786,1020,252383,0,0.00000000,0.00000000,0.00,0,0,-39.15,0.063,-0.8820,0.0490,0.7350,1.1492,0.589111,0.246277,0.518005,-0.569153,8.000,82.5,-1
1785793092.974,1021,252605,0,0.00000000,0.00000000,0.00,0,0,-39.10,0.092,-0.8820,0.0490,-0.4900,1.0102,0.589111,0.246277,0.518005,-0.569214,7.997,92.5,-1
1785793093.225,1022,252827,0,0.00000000,0.00000000,0.00,0,0,-39.29,-0.021,-0.5880,0.0980,0.6370,0.8724,0.589050,0.246277,0.518005,-0.569214,8.002,83.8,-1
1785793093.412,1023,253047,0,0.00000000,0.00000000,0.00,0,0,-39.09,0.101,-0.4410,-0.3430,0.8330,1.0030,0.589050,0.246277,0.518066,-0.569214,8.001,81.2,-1
1785793093.661,1024,253266,0,0.00000000,0.00000000,0.00,0,0,-39.25,0.000,-0.8330,0.2450,0.5880,1.0486,0.588989,0.246216,0.518127,-0.569214,7.999,88.8,-1
1785793093.848,1025,253490,0,0.00000000,0.00000000,0.00,0,0,-39.30,-0.037,-0.2450,-0.0980,1.3230,1.3491,0.589050,0.246216,0.518127,-0.569214,8.005,85.0,-1
1785793094.098,1026,253707,0,0.00000000,0.00000000,0.00,0,0,-39.35,-0.066,-0.3430,0.6370,1.6170,1.7715,0.589050,0.246338,0.518066,-0.569153,8.000,86.2,-1
1785793094.284,1027,253930,0,0.00000000,0.00000000,0.00,0,0,-39.19,0.029,-0.7350,0.3920,0.2940,0.8834,0.589050,0.246338,0.518066,-0.569153,8.002,83.8,-1
1785793094.537,1028,254141,0,0.00000000,0.00000000,0.00,0,0,-39.21,0.040,-0.7840,0.0980,-0.2450,0.8272,0.589050,0.246338,0.518066,-0.569153,8.004,73.8,-1
1785793094.728,1029,254361,0,0.00000000,0.00000000,0.00,0,0,-39.25,-0.002,-0.7840,0.2450,1.2250,1.4749,0.589050,0.246338,0.518066,-0.569153,8.002,77.5,-1
1785793094.982,1030,254582,0,0.00000000,0.00000000,0.00,0,0,-39.20,0.038,-0.2450,-0.0980,-0.2940,0.3951,0.589050,0.246338,0.518066,-0.569153,8.004,77.5,-1
1785793095.157,1031,254810,0,0.00000000,0.00000000,0.00,0,0,-39.25,-0.021,-0.4410,0.5880,0.0490,0.7366,0.589050,0.246399,0.518127,-0.569092,7.999,86.2,-1
1785793095.409,1032,255033,0,0.00000000,0.00000000,0.00,0,0,-39.15,0.043,-0.7840,0.5390,0.8330,1.2645,0.589050,0.246399,0.518127,-0.569092,8.004,83.8,-1
1785793095.660,1033,255250,0,0.00000000,0.00000000,0.00,0,0,-39.14,0.031,-0.9800,0.5880,0.0490,1.1439,0.589050,0.246399,0.518127,-0.569092,7.999,90.0,-1
1785793095.847,1034,255474,0,0.00000000,0.00000000,0.00,0,0,-39.34,-0.090,-0.4410,0.0490,1.1270,1.2112,0.588989,0.246399,0.518188,-0.569092,8.004,82.5,-1
1785793096.100,1035,255694,0,0.00000000,0.00000000,0.00,0,0,-39.15,0.041,-1.6660,1.3720,-1.2250,2.4816,0.588989,0.246399,0.518250,-0.569092,8.005,81.2,-1
1785793096.288,1036,255916,0,0.00000000,0.00000000,0.00,0,0,-39.13,0.066,-0.6860,0.2940,1.5190,1.6925,0.588928,0.246338,0.518250,-0.569092,8.005,81.2,-1
1785793096.537,1037,256155,0,0.00000000,0.00000000,0.00,0,0,-39.10,0.069,-0.3920,0.8820,0.6860,1.1841,0.588928,0.246338,0.518311,-0.569092,8.002,85.0,-1
1785793096.722,1038,256373,0,0.00000000,0.00000000,0.00,0,0,-39.14,0.029,-1.0780,-0.2940,0.1960,1.1344,0.588928,0.246277,0.518188,-0.569214,8.001,82.5,-1
1785793096.973,1039,256596,0,0.00000000,0.00000000,0.00,0,0,-39.15,0.029,-1.0290,0.1960,-0.1470,1.0578,0.583618,0.248779,0.529602,-0.563110,8.002,83.8,-1
1785793097.222,1040,256819,0,0.00000000,0.00000000,0.00,0,0,-39.21,-0.031,-0.9800,0.4900,0.9800,1.4700,0.575378,0.256042,0.533142,-0.564941,8.002,85.0,-1
1785793097.409,1041,257047,0,0.00000000,0.00000000,0.00,0,0,-39.16,-0.013,-0.5390,0.3920,1.1760,1.3517,0.576538,0.255676,0.531616,-0.565308,8.001,81.2,-1
1785793097.660,1042,257268,0,0.00000000,0.00000000,0.00,0,0,-39.25,-0.071,-0.7840,0.7840,0.6370,1.2787,0.576599,0.255493,0.531433,-0.565552,8.001,71.2,-1
1785793097.849,1043,257487,0,0.00000000,0.00000000,0.00,0,0,-39.29,-0.099,-0.4410,0.1470,0.8330,0.9539,0.576599,0.255493,0.531372,-0.565613,8.001,78.8,-1
1785793098.100,1044,257705,0,0.00000000,0.00000000,0.00,0,0,-39.13,0.016,-0.5880,0.1960,-0.0490,0.6217,0.576599,0.255554,0.531372,-0.565552,8.001,83.8,-1
1785793098.287,1045,257929,0,0.00000000,0.00000000,0.00,0,0,-39.20,-0.011,-0.7840,0.6860,0.4410,1.1313,0.576721,0.255676,0.531433,-0.565308,8.004,80.0,-1
1785793098.537,1046,258148,0,0.00000000,0.00000000,0.00,0,0,-39.07,0.055,-0.9310,0.3920,0.1960,1.0290,0.576782,0.255676,0.531555,-0.565186,8.002,82.5,-1
1785793098.724,1047,258368,0,0.00000000,0.00000000,0.00,0,0,-39.17,-0.014,-0.4900,-0.1960,-0.0980,0.5368,0.576660,0.255737,0.531677,-0.565125,8.002,83.8,-1
1785793098.973,1048,258586,0,0.00000000,0.00000000,0.00,0,0,-39.18,-0.029,-1.0780,0.5390,1.2250,1.7185,0.576660,0.255859,0.531738,-0.565063,8.002,82.5,-1
1785793099.164,1049,258807,0,0.00000000,0.00000000,0.00,0,0,-39.23,-0.059,-0.4900,0.1960,0.4410,0.6877,0.576660,0.255920,0.531738,-0.565002,8.002,82.5,-1
1785793099.417,1050,259028,0,0.00000000,0.00000000,0.00,0,0,-39.35,-0.138,-0.8330,0.1960,0.3920,0.9413,0.576660,0.255920,0.531738,-0.565002,8.004,82.5,-1
1785793099.607,1051,259239,0,0.00000000,0.00000000,0.00,0,0,-39.26,-0.081,-0.6370,0.3430,1.0780,1.2983,0.576599,0.255920,0.531799,-0.565002,8.002,85.0,-1
1785793099.859,1052,259461,0,0.00000000,0.00000000,0.00,0,0,-39.31,-0.100,-0.3920,0.9310,1.8130,2.0754,0.576599,0.255920,0.531799,-0.564941,8.002,82.5,-1
1785793100.049,1053,259681,0,0.00000000,0.00000000,0.00,0,0,-39.17,-0.004,-0.5880,0.5880,0.7840,1.1429,0.576599,0.255920,0.531860,-0.564941,8.006,82.5,-1
1785793100.299,1054,259900,0,0.00000000,0.00000000,0.00,0,0,-39.08,0.064,-0.5390,0.2450,1.2740,1.4049,0.576599,0.255920,0.531799,-0.565002,8.000,83.8,-1
1785793100.552,1055,260147,0,0.00000000,0.00000000,0.00,0,0,-39.06,0.088,-0.6370,1.0780,0.0490,1.2531,0.576660,0.255981,0.531738,-0.564941,8.004,75.0,-1
1785793100.741,1056,260373,0,0.00000000,0.00000000,0.00,0,0,-39.16,-0.001,-0.9310,0.0980,0.6370,1.1323,0.576660,0.255981,0.531738,-0.564941,8.005,80.0,-1
1785793100.993,1057,260592,0,0.00000000,0.00000000,0.00,0,0,-39.08,0.051,-0.8820,0.2450,0.2940,0.9614,0.576660,0.255981,0.531738,-0.564941,8.002,78.8,-1
1785793101.179,1058,260814,0,0.00000000,0.00000000,0.00,0,0,-39.22,-0.039,-0.2940,0.0490,0.8330,0.8847,0.576721,0.256042,0.531677,-0.564941,8.004,80.0,-1
1785793101.432,1059,261032,0,0.00000000,0.00000000,0.00,0,0,-39.23,-0.055,-0.3920,-0.0490,1.1270,1.1942,0.576721,0.256042,0.531738,-0.564941,8.002,78.8,-1
1785793101.620,1060,261248,0,0.00000000,0.00000000,0.00,0,0,-39.21,-0.064,-0.6370,0.5880,0.8330,1.2022,0.576660,0.255981,0.531738,-0.564941,8.005,81.2,-1
1785793101.870,1061,261475,0,0.00000000,0.00000000,0.00,0,0,-39.18,-0.048,-1.2250,0.7840,1.2740,1.9335,0.576660,0.255981,0.531799,-0.564941,8.002,80.0,-1
1785793102.060,1062,261696,0,0.00000000,0.00000000,0.00,0,0,-39.21,-0.053,-0.9800,0.3430,0.6370,1.2181,0.576599,0.255981,0.531860,-0.564941,8.002,80.0,-1
1785793102.315,1063,261918,0,0.00000000,0.00000000,0.00,0,0,-39.17,-0.026,-0.8330,0.3920,1.1270,1.4552,0.576660,0.255981,0.531799,-0.564941,8.004,76.2,-1
1785793102.504,1064,262139,0,0.00000000,0.00000000,0.00,0,0,-39.14,-0.001,-0.6860,0.7840,0.4410,1.1313,0.576660,0.255981,0.531799,-0.564941,8.002,77.5,-1
1785793102.753,1065,262368,0,0.00000000,0.00000000,0.00,0,0,-39.22,-0.045,-1.2740,0.0490,1.6660,2.0979,0.576660,0.255981,0.531738,-0.564941,8.004,81.2,-1
1785793102.941,1066,262590,0,0.00000000,0.00000000,0.00,0,0,-39.39,-0.149,-0.4410,0.3920,1.4700,1.5840,0.576660,0.255920,0.531738,-0.565002,8.004,81.2,-1
1785793103.191,1067,262816,0,0.00000000,0.00000000,0.00,0,0,-39.20,-0.029,-0.2940,0.3430,1.1760,1.2598,0.576599,0.255859,0.531799,-0.565002,8.005,80.0,-1
1785793103.441,1068,263037,0,0.00000000,0.00000000,0.00,0,0,-39.16,0.005,-0.6860,0.2450,0.1470,0.7431,0.576599,0.255920,0.531799,-0.565002,8.004,81.2,-1
1785793103.628,1069,263259,0,0.00000000,0.00000000,0.00,0,0,-39.29,-0.058,-1.0780,0.5880,-0.3430,1.2749,0.576599,0.255920,0.531860,-0.564941,8.002,78.8,-1
1785793103.877,1070,263478,0,0.00000000,0.00000000,0.00,0,0,-39.20,0.014,-2.1070,0.5390,0.3430,2.2017,0.576660,0.255981,0.531738,-0.564941,8.005,81.2,-1
1785793104.065,1071,263700,0,0.00000000,0.00000000,0.00,0,0,-39.11,0.068,-0.9800,0.1470,0.8820,1.3266,0.576660,0.255981,0.531799,-0.564941,8.005,72.5,-1
1785793104.314,1072,263921,0,0.00000000,0.00000000,0.00,0,0,-39.13,0.041,-1.2740,-0.0980,1.0780,1.6718,0.576599,0.255981,0.531860,-0.564941,8.002,72.5,-1
1785793104.503,1073,264141,0,0.00000000,0.00000000,0.00,0,0,-39.07,0.053,-0.7350,0.3430,0.7350,1.0946,0.576538,0.255981,0.531921,-0.564941,8.002,75.0,-1
1785793104.754,1074,264360,0,0.00000000,0.00000000,0.00,0,0,-39.12,0.032,-0.8330,1.0290,0.6860,1.4911,0.576599,0.255981,0.531860,-0.564941,8.004,73.8,-1
1785793104.944,1075,264583,0,0.00000000,0.00000000,0.00,0,0,-39.20,0.003,-1.3230,-0.0980,1.2740,1.8393,0.576599,0.255981,0.531799,-0.564941,8.004,75.0,-1
1785793105.149,1076,264802,0,0.00000000,0.00000000,0.00,0,0,-39.28,-0.042,-0.4900,0.0980,0.5390,0.7350,0.576660,0.255981,0.531799,-0.564941,8.002,76.2,-1
1785793105.398,1077,265023,0,0.00000000,0.00000000,0.00,0,0,-39.25,-0.023,-0.6370,0.0000,0.5390,0.8344,0.576599,0.255920,0.531799,-0.565002,8.002,75.0,-1
1785793105.586,1078,265236,0,0.00000000,0.00000000,0.00,0,0,-39.27,-0.042,-0.6370,0.4410,0.8330,1.1376,0.576599,0.255920,0.531799,-0.565002,8.004,81.2,-1
1785793105.836,1079,265436,0,0.00000000,0.00000000,0.00,0,0,-39.14,0.048,-1.3720,0.5390,-0.6370,1.6058,0.576599,0.255920,0.531799,-0.565002,8.002,78.8,-1
1785793106.022,1080,265660,0,0.00000000,0.00000000,0.00,0,0,-39.17,0.025,-0.5880,-0.0490,1.2250,1.3597,0.576660,0.255981,0.531799,-0.564941,8.002,81.2,-1
1785793106.272,1081,265881,0,0.00000000,0.00000000,0.00,0,0,-39.21,0.003,-0.5880,0.1960,0.5880,0.8543,0.576660,0.256042,0.531738,-0.564941,8.005,80.0,-1
1785793106.460,1082,266105,0,0.00000000,0.00000000,0.00,0,0,-39.21,-0.002,-0.3920,0.1470,0.9800,1.0657,0.576660,0.256042,0.531738,-0.564880,8.002,86.2,-1
1785793106.712,1083,266325,0,0.00000000,0.00000000,0.00,0,0,-39.23,-0.041,-0.7350,0.3920,0.5390,0.9922,0.576660,0.256042,0.531799,-0.564880,8.002,82.5,-1
1785793106.903,1084,266544,0,0.00000000,0.00000000,0.00,0,0,-39.14,0.024,-0.6860,0.5880,1.0290,1.3694,0.576660,0.256042,0.531738,-0.564941,8.002,81.2,-1
1785793107.154,1085,266768,0,0.00000000,0.00000000,0.00,0,0,-39.05,0.060,-0.6370,0.0000,0.5390,0.8344,0.576660,0.256042,0.531799,-0.564941,8.002,78.8,-1
1785793107.343,1086,266985,0,0.00000000,0.00000000,0.00,0,0,-39.06,0.039,-1.1760,0.0980,1.0290,1.5657,0.576599,0.255981,0.531799,-0.564941,8.005,83.8,-1
1785793107.593,1087,267198,0,0.00000000,0.00000000,0.00,0,0,-39.15,-0.021,-0.5880,0.2450,1.2740,1.4244,0.576599,0.255981,0.531860,-0.564941,8.004,78.8,-1
1785793107.780,1088,267416,0,0.00000000,0.00000000,0.00,0,0,-39.15,-0.026,-1.0290,0.6370,0.3920,1.2721,0.576599,0.255920,0.531799,-0.565002,8.000,86.2,-1
1785793108.033,1089,267635,0,0.00000000,0.00000000,0.00,0,0,-39.11,0.009,-0.5390,0.0980,0.2940,0.6217,0.576599,0.255920,0.531860,-0.565002,8.000,83.8,-1
1785793108.224,1090,267859,0,0.00000000,0.00000000,0.00,0,0,-39.04,0.058,-0.5390,-0.0980,1.1270,1.2531,0.576599,0.255920,0.531860,-0.564941,8.002,82.5,-1
1785793108.475,1091,268079,0,0.00000000,0.00000000,0.00,0,0,-38.99,0.088,0.0000,-0.3430,2.3030,2.3284,0.576599,0.255920,0.531860,-0.564941,8.001,78.8,-1
1785793108.662,1092,268298,0,0.00000000,0.00000000,0.00,0,0,-39.11,-0.008,-0.2450,-0.1470,1.2740,1.3056,0.576599,0.255981,0.531799,-0.564941,8.001,77.5,-1
1785793108.914,1093,268522,0,0.00000000,0.00000000,0.00,0,0,-39.03,0.025,-1.2250,0.9310,0.4900,1.6148,0.576599,0.256042,0.531860,-0.564880,8.002,75.0,-1
1785793109.101,1094,268739,0,0.00000000,0.00000000,0.00,0,0,-39.07,0.007,0.1470,0.1960,0.6860,0.7284,0.576599,0.256042,0.531860,-0.564880,8.002,82.5,-1
1785793109.353,1095,268960,0,0.00000000,0.00000000,0.00,0,0,-39.06,-0.005,-0.7350,0.1470,0.1960,0.7748,0.576599,0.256104,0.531860,-0.564880,8.004,76.2,-1
1785793109.542,1096,269172,0,0.00000000,0.00000000,0.00,0,0,-39.06,-0.006,-1.0780,0.6370,-0.5880,1.3833,0.576599,0.256042,0.531860,-0.564880,8.002,76.2,-1
1785793109.795,1097,269390,0,0.00000000,0.00000000,0.00,0,0,-39.06,-0.017,-0.4900,-0.4900,1.1270,1.3230,0.576599,0.255981,0.531799,-0.564941,8.004,83.8,-1
1785793109.986,1098,269612,0,0.00000000,0.00000000,0.00,0,0,-39.09,-0.026,-0.3920,0.1470,1.1760,1.2483,0.576599,0.255981,0.531799,-0.564941,8.004,76.2,-1
1785793110.181,1099,269834,0,0.00000000,0.00000000,0.00,0,0,-39.08,-0.023,-0.7350,-0.2450,1.1760,1.4083,0.576599,0.255920,0.531799,-0.565002,8.002,78.8,-1
1785793110.428,1100,270052,0,0.00000000,0.00000000,0.00,0,0,-39.07,-0.012,-0.4410,0.1960,0.3920,0.6217,0.576660,0.255920,0.531799,-0.565002,8.004,77.5,-1
1785793110.616,1101,270264,0,0.00000000,0.00000000,0.00,0,0,-39.04,0.014,-0.1960,0.6370,1.4210,1.5695,0.576599,0.255920,0.531799,-0.565002,8.001,77.5,-1
1785793110.866,1102,270481,0,0.00000000,0.00000000,0.00,0,0,-39.10,-0.043,-0.9310,0.3920,0.0000,1.0102,0.576599,0.255920,0.531799,-0.565002,8.001,80.0,-1
1785793111.054,1103,270705,0,0.00000000,0.00000000,0.00,0,0,-39.14,-0.069,0.0980,0.2450,1.4700,1.4935,0.576599,0.255920,0.531860,-0.565002,8.001,77.5,-1
1785793111.302,1104,270928,0,0.00000000,0.00000000,0.00,0,0,-39.21,-0.089,-0.2450,0.0000,1.5190,1.5386,0.576599,0.255981,0.531860,-0.564941,8.002,77.5,-1
1785793111.551,1105,271147,0,0.00000000,0.00000000,0.00,0,0,-39.16,-0.040,-0.9800,0.9800,0.4900,1.4700,0.576599,0.256042,0.531860,-0.564880,8.001,77.5,-1
1785793111.740,1106,271373,0,0.00000000,0.00000000,0.00,0,0,-39.24,-0.083,-1.1270,0.8330,1.0290,1.7386,0.576660,0.256042,0.531799,-0.564880,8.002,80.0,-1
1785793111.991,1107,271595,0,0.00000000,0.00000000,0.00,0,0,-39.23,-0.073,-0.3430,-0.1960,1.9110,1.9514,0.576660,0.256042,0.531799,-0.564880,8.004,81.2,-1
1785793112.178,1108,271817,0,0.00000000,0.00000000,0.00,0,0,-39.29,-0.093,-1.4700,0.9310,-0.4410,1.7950,0.576599,0.256042,0.531860,-0.564880,8.000,75.0,-1
1785793112.426,1109,272036,0,0.00000000,0.00000000,0.00,0,0,-39.23,-0.060,0.4410,-0.2940,0.1470,0.5500,0.576538,0.256042,0.531921,-0.564880,8.004,78.8,-1
1785793112.612,1110,272246,0,0.00000000,0.00000000,0.00,0,0,-39.29,-0.124,-0.6370,1.0290,1.7150,2.0990,0.576538,0.255981,0.531921,-0.564880,8.001,82.5,-1
1785793112.866,1111,272466,0,0.00000000,0.00000000,0.00,0,0,-39.26,-0.095,-0.2450,0.4900,1.0780,1.2092,0.576538,0.255981,0.531921,-0.564941,8.001,83.8,-1
1785793113.055,1112,272690,0,0.00000000,0.00000000,0.00,0,0,-39.17,-0.020,-0.9800,-0.2450,0.6370,1.1942,0.576538,0.255920,0.531921,-0.564941,8.004,81.2,-1
1785793113.305,1113,272912,0,0.00000000,0.00000000,0.00,0,0,-39.32,-0.125,-1.2250,0.3430,1.0780,1.6674,0.576538,0.255920,0.531860,-0.564941,8.005,77.5,-1
1785793113.493,1114,273129,0,0.00000000,0.00000000,0.00,0,0,-39.36,-0.140,-1.1760,0.9310,0.0000,1.4999,0.576599,0.255920,0.531860,-0.564941,8.001,82.5,-1
1785793113.748,1115,273347,0,0.00000000,0.00000000,0.00,0,0,-39.18,-0.005,-0.1960,-0.7840,0.8330,1.1606,0.576599,0.255920,0.531860,-0.565002,8.001,83.8,-1
1785793113.937,1116,273571,0,0.00000000,0.00000000,0.00,0,0,-39.29,-0.074,-0.4900,0.1960,1.2740,1.3790,0.576599,0.255920,0.531860,-0.565002,8.005,81.2,-1
1785793114.190,1117,273794,0,0.00000000,0.00000000,0.00,0,0,-39.33,-0.090,-0.5880,0.0000,1.7150,1.8130,0.576599,0.255920,0.531860,-0.565002,8.001,80.0,-1
1785793114.376,1118,274021,0,0.00000000,0.00000000,0.00,0,0,-39.35,-0.083,0.2940,-0.9310,1.9110,2.1460,0.576538,0.255920,0.531921,-0.564941,8.002,75.0,-1
1785793114.626,1119,274236,0,0.00000000,0.00000000,0.00,0,0,-39.42,-0.091,-1.2740,1.0290,0.1470,1.6442,0.576538,0.255920,0.531860,-0.564941,8.001,81.2,-1
1785793114.815,1120,274463,0,0.00000000,0.00000000,0.00,0,0,-39.43,-0.080,-1.1270,1.1760,0.7350,1.7870,0.576599,0.255981,0.531799,-0.564941,8.000,75.0,-1
1785793115.067,1121,274683,0,0.00000000,0.00000000,0.00,0,0,-39.53,-0.143,-0.9800,0.3920,0.7350,1.2862,0.576599,0.256042,0.531799,-0.564941,8.001,76.2,-1
1785793115.252,1122,274904,0,0.00000000,0.00000000,0.00,0,0,-39.44,-0.070,-0.8820,0.2940,0.6370,1.1270,0.576599,0.255981,0.531860,-0.564941,8.002,75.0,-1
1785793115.506,1123,275145,0,0.00000000,0.00000000,0.00,0,0,-39.57,-0.117,-0.4900,0.5390,1.9110,2.0451,0.576599,0.255981,0.531860,-0.564941,8.004,83.8,-1
1785793115.760,1124,275367,0,0.00000000,0.00000000,0.00,0,0,-39.63,-0.150,-0.4900,0.2450,0.6370,0.8402,0.576599,0.255981,0.531799,-0.564941,8.005,80.0,-1
1785793115.947,1125,275589,0,0.00000000,0.00000000,0.00,0,0,-39.56,-0.086,-0.6370,0.2940,0.0000,0.7016,0.576660,0.255981,0.531799,-0.564941,8.004,85.0,-1
1785793116.200,1126,275812,0,0.00000000,0.00000000,0.00,0,0,-39.59,-0.100,-0.3430,0.5880,0.1470,0.6964,0.576660,0.256042,0.531738,-0.564941,8.002,85.0,-1
1785793116.386,1127,276035,0,0.00000000,0.00000000,0.00,0,0,-39.65,-0.106,-0.2450,0.5880,0.2450,0.6825,0.576660,0.255981,0.531799,-0.564941,8.001,85.0,-1
1785793116.636,1128,276250,0,0.00000000,0.00000000,0.00,0,0,-39.66,-0.110,-0.7840,0.2940,0.7350,1.1141,0.576660,0.255981,0.531799,-0.564941,8.005,81.2,-1
1785793116.883,1129,276476,0,0.00000000,0.00000000,0.00,0,0,-39.57,-0.030,-0.6860,0.3430,0.6860,1.0290,0.576660,0.255981,0.531799,-0.564941,8.001,82.5,-1
1785793117.065,1130,276696,0,0.00000000,0.00000000,0.00,0,0,-39.75,-0.134,-1.4210,0.9310,-0.3430,1.7331,0.576660,0.256104,0.531799,-0.564880,8.002,83.8,-1
1785793117.318,1131,276914,0,0.00000000,0.00000000,0.00,0,0,-39.79,-0.140,-0.2940,-0.0980,0.6860,0.7528,0.576660,0.256104,0.531860,-0.564880,8.004,85.0,-1
1785793117.510,1132,277131,0,0.00000000,0.00000000,0.00,0,0,-39.72,-0.104,-0.5880,0.0490,0.9800,1.1439,0.576599,0.256042,0.531860,-0.564880,8.004,82.5,-1
1785793117.761,1133,277355,0,0.00000000,0.00000000,0.00,0,0,-39.71,-0.086,-0.6860,0.1470,1.0780,1.2862,0.576599,0.256042,0.531860,-0.564880,8.006,82.5,-1
1785793117.949,1134,277579,0,0.00000000,0.00000000,0.00,0,0,-39.64,-0.035,-0.9800,0.1960,0.4410,1.0924,0.576599,0.255981,0.531860,-0.564941,8.004,82.5,-1
1785793118.203,1135,277797,0,0.00000000,0.00000000,0.00,0,0,-39.63,-0.031,-1.1760,0.0980,0.5880,1.3185,0.576660,0.256042,0.531799,-0.564941,8.001,86.2,-1
1785793118.392,1136,278019,0,0.00000000,0.00000000,0.00,0,0,-39.65,-0.042,-0.6860,0.3430,0.7840,1.0968,0.576660,0.256042,0.531738,-0.564941,8.002,81.2,-1
1785793118.582,1137,278232,0,0.00000000,0.00000000,0.00,0,0,-39.42,0.097,-0.3920,0.0000,1.3230,1.3799,0.576660,0.256042,0.531799,-0.564941,8.006,78.8,-1
1785793118.833,1138,278455,0,0.00000000,0.00000000,0.00,0,0,-39.49,0.047,-0.6860,0.0980,0.1470,0.7084,0.576660,0.256104,0.531799,-0.564880,8.004,75.0,-1
1785793119.086,1139,278682,0,0.00000000,0.00000000,0.00,0,0,-39.42,0.081,-1.2740,0.3430,0.0000,1.3194,0.576660,0.256104,0.531799,-0.564880,8.006,81.2,-1
1785793119.274,1140,278901,0,0.00000000,0.00000000,0.00,0,0,-39.33,0.119,-1.0290,0.6370,0.0490,1.2112,0.576660,0.256104,0.531799,-0.564880,8.001,82.5,-1
1785793119.526,1141,279150,0,0.00000000,0.00000000,0.00,0,0,-39.35,0.102,-0.5880,-0.0490,0.3920,0.7084,0.576660,0.256104,0.531738,-0.564880,8.000,83.8,-1
1785793119.773,1142,279374,0,0.00000000,0.00000000,0.00,0,0,-39.30,0.116,-0.4410,0.1960,0.5390,0.7235,0.576660,0.256104,0.531738,-0.564880,8.006,81.2,-1
1785793119.959,1143,279596,0,0.00000000,0.00000000,0.00,0,0,-39.25,0.129,-0.1470,0.2940,1.2250,1.2683,0.576721,0.256104,0.531738,-0.564880,8.004,85.0,-1
1785793120.208,1144,279817,0,0.00000000,0.00000000,0.00,0,0,-39.26,0.101,-0.0490,-0.4410,0.9310,1.0313,0.576721,0.256104,0.531677,-0.564880,8.005,80.0,-1
1785793120.396,1145,280045,0,0.00000000,0.00000000,0.00,0,0,-39.20,0.102,-0.0980,0.5390,1.1760,1.2973,0.576721,0.256104,0.531677,-0.564880,8.004,81.2,-1
1785793120.648,1146,280264,0,0.00000000,0.00000000,0.00,0,0,-39.26,0.081,-0.8820,0.1960,0.3430,0.9664,0.576721,0.256165,0.531738,-0.564819,8.004,83.8,-1
1785793120.835,1147,280483,0,0.00000000,0.00000000,0.00,0,0,-39.30,0.081,-0.7840,0.3430,0.8820,1.2289,0.576660,0.256104,0.531738,-0.564880,8.005,81.2,-1
1785793121.085,1148,280707,0,0.00000000,0.00000000,0.00,0,0,-39.27,0.078,-0.5390,0.3430,0.5880,0.8683,0.576660,0.256042,0.531738,-0.564941,8.004,81.2,-1
1785793121.331,1149,280924,0,0.00000000,0.00000000,0.00,0,0,-39.51,-0.079,-0.3920,0.1960,1.0780,1.1637,0.576660,0.256042,0.531799,-0.564941,8.000,83.8,-1
1785793121.518,1150,281138,0,0.00000000,0.00000000,0.00,0,0,-39.38,-0.026,-0.7350,0.1960,0.6370,0.9922,0.576660,0.256042,0.531799,-0.564880,8.002,75.0,-1
1785793121.707,1151,281358,0,0.00000000,0.00000000,0.00,0,0,-39.44,-0.070,-0.4410,0.4900,0.6370,0.9167,0.576599,0.255981,0.531860,-0.564880,8.001,81.2,-1
1785793121.958,1152,281581,0,0.00000000,0.00000000,0.00,0,0,-39.45,-0.087,-0.6860,0.7350,0.6370,1.1902,0.576599,0.255981,0.531860,-0.564941,8.004,77.5,-1
1785793122.208,1153,281809,0,0.00000000,0.00000000,0.00,0,0,-39.35,-0.031,-0.3430,0.1960,0.5390,0.6683,0.576599,0.255920,0.531860,-0.564941,8.004,83.8,-1
1785793122.392,1154,282031,0,0.00000000,0.00000000,0.00,0,0,-39.32,0.005,-1.1270,1.1270,0.4900,1.6674,0.576599,0.255920,0.531799,-0.565002,8.002,82.5,-1
1785793122.641,1155,282249,0,0.00000000,0.00000000,0.00,0,0,-39.31,0.004,-1.7150,0.9800,0.1960,1.9850,0.576599,0.255859,0.531799,-0.565002,8.005,85.0,-1
1785793122.829,1156,282467,0,0.00000000,0.00000000,0.00,0,0,-39.38,-0.052,-0.3430,-0.0980,0.6370,0.7301,0.576599,0.255859,0.531738,-0.565063,8.000,85.0,-1
1785793123.076,1157,282691,0,0.00000000,0.00000000,0.00,0,0,-39.32,-0.022,-0.9800,1.2740,1.0290,1.9085,0.576660,0.255859,0.531738,-0.565002,8.005,81.2,-1
1785793123.265,1158,282912,0,0.00000000,0.00000000,0.00,0,0,-39.29,-0.001,-0.8330,0.0490,1.2740,1.5229,0.576599,0.255920,0.531799,-0.565002,8.004,82.5,-1
1785793123.517,1159,283132,0,0.00000000,0.00000000,0.00,0,0,-39.32,-0.022,-0.6370,0.4900,0.9310,1.2299,0.576599,0.255920,0.531860,-0.564941,8.004,81.2,-1
1785793123.706,1160,283349,0,0.00000000,0.00000000,0.00,0,0,-39.53,-0.171,-1.0780,0.6370,-0.0490,1.2531,0.576599,0.256042,0.531860,-0.564880,8.001,86.2,-1
1785793123.960,1161,283573,0,0.00000000,0.00000000,0.00,0,0,-39.29,0.001,-0.6860,0.0000,-0.1470,0.7016,0.576538,0.255981,0.531921,-0.564880,8.004,81.2,-1
1785793124.148,1162,283791,0,0.00000000,0.00000000,0.00,0,0,-39.27,0.001,0.1470,-0.0980,1.9600,1.9679,0.576599,0.256042,0.531921,-0.564880,8.001,81.2,-1
1785793124.399,1163,284017,0,0.00000000,0.00000000,0.00,0,0,-39.34,-0.051,-0.4900,0.2940,0.4410,0.7218,0.576599,0.255981,0.531860,-0.564941,8.002,81.2,-1
1785793124.589,1164,284235,0,0.00000000,0.00000000,0.00,0,0,-39.21,0.034,-0.3430,0.0490,1.2250,1.2731,0.576599,0.255981,0.531860,-0.564941,8.001,83.8,-1
1785793124.842,1165,284456,0,0.00000000,0.00000000,0.00,0,0,-39.19,0.057,-0.2940,0.0980,0.9800,1.0278,0.576599,0.255920,0.531799,-0.565002,8.004,82.5,-1
1785793125.096,1166,284684,0,0.00000000,0.00000000,0.00,0,0,-39.33,-0.033,-0.4900,0.3920,0.6860,0.9297,0.576599,0.255920,0.531860,-0.564941,8.002,77.5,-1
1785793125.253,1167,284904,0,0.00000000,0.00000000,0.00,0,0,-39.27,0.011,-0.3430,0.1960,-0.1960,0.4410,0.576599,0.255920,0.531860,-0.565002,8.005,78.8,-1
1785793125.501,1168,285148,0,0.00000000,0.00000000,0.00,0,0,-39.39,-0.055,-0.1470,0.6370,1.0780,1.2607,0.576599,0.255920,0.531860,-0.565002,8.004,81.2,-1
1785793125.752,1169,285374,0,0.00000000,0.00000000,0.00,0,0,-39.44,-0.100,-0.2940,-0.2940,1.2740,1.3401,0.576599,0.255981,0.531860,-0.564941,8.000,85.0,-1
1785793126.001,1170,285595,0,0.00000000,0.00000000,0.00,0,0,-39.29,0.007,-0.4900,0.2940,0.7350,0.9310,0.576538,0.255981,0.531921,-0.564941,8.001,86.2,-1
1785793126.185,1171,285815,0,0.00000000,0.00000000,0.00,0,0,-39.34,-0.026,-0.5880,0.2450,0.9800,1.1688,0.576538,0.255981,0.531921,-0.564941,8.001,81.2,-1
1785793126.440,1172,286034,0,0.00000000,0.00000000,0.00,0,0,-39.29,0.018,-0.6860,0.2450,1.2250,1.4252,0.576538,0.255920,0.531921,-0.564941,8.001,86.2,-1
1785793126.630,1173,286251,0,0.00000000,0.00000000,0.00,0,0,-39.35,-0.027,-0.9800,-0.0980,0.9800,1.3894,0.576538,0.255920,0.531921,-0.564941,8.002,81.2,-1
1785793126.879,1174,286478,0,0.00000000,0.00000000,0.00,0,0,-39.28,0.030,-0.9800,0.0000,-0.5880,1.1429,0.576599,0.255981,0.531799,-0.564941,8.005,81.2,-1
1785793127.066,1175,286700,0,0.00000000,0.00000000,0.00,0,0,-39.26,0.024,-0.6370,0.0490,1.2250,1.3816,0.576660,0.255981,0.531799,-0.564941,8.002,82.5,-1
1785793127.316,1176,286922,0,0.00000000,0.00000000,0.00,0,0,-39.35,-0.030,-1.2740,0.1470,0.3920,1.3410,0.576660,0.255981,0.531738,-0.564941,8.004,77.5,-1
1785793127.505,1177,287142,0,0.00000000,0.00000000,0.00,0,0,-39.27,0.015,-1.0780,0.4410,-0.7350,1.3772,0.576660,0.256042,0.531799,-0.564880,8.004,80.0,-1
1785793127.759,1178,287368,0,0.00000000,0.00000000,0.00,0,0,-39.42,-0.088,-0.3430,0.3430,0.2450,0.5434,0.576660,0.256104,0.531799,-0.564880,8.002,82.5,-1
1785793127.950,1179,287589,0,0.00000000,0.00000000,0.00,0,0,-39.34,-0.039,-0.6370,0.0980,1.1760,1.3410,0.576599,0.256104,0.531860,-0.564880,8.002,82.5,-1
1785793128.202,1180,287812,0,0.00000000,0.00000000,0.00,0,0,-39.41,-0.072,-0.3920,-0.0490,1.0780,1.1481,0.576599,0.256104,0.531921,-0.564819,8.004,78.8,-1
1785793128.451,1181,288041,0,0.00000000,0.00000000,0.00,0,0,-39.41,-0.063,-0.9800,0.0490,0.4900,1.0968,0.576538,0.256042,0.531921,-0.564880,8.002,82.5,-1
1785793128.641,1182,288261,0,0.00000000,0.00000000,0.00,0,0,-39.45,-0.082,-0.4900,-1.1760,1.9110,2.2967,0.576538,0.256042,0.531982,-0.564819,8.004,83.8,-1
1785793128.890,1183,288484,0,0.00000000,0.00000000,0.00,0,0,-39.34,-0.003,-1.2740,0.1960,0.0000,1.2890,0.576538,0.256042,0.531982,-0.564880,8.002,76.2,-1
1785793129.077,1184,288705,0,0.00000000,0.00000000,0.00,0,0,-39.32,0.010,-0.6860,0.6860,-0.2940,1.0137,0.576477,0.256042,0.531982,-0.564880,8.002,82.5,-1
1785793129.329,1185,288925,0,0.00000000,0.00000000,0.00,0,0,-39.32,0.018,-0.7350,0.5880,0.5390,1.0847,0.576477,0.256042,0.532043,-0.564880,8.004,82.5,-1
1785793129.517,1186,289136,0,0.00000000,0.00000000,0.00,0,0,-39.35,0.005,-0.8820,0.3920,0.9800,1.3755,0.576477,0.256042,0.532043,-0.564880,8.001,80.0,-1
1785793129.765,1187,289361,0,0.00000000,0.00000000,0.00,0,0,-39.40,-0.021,-0.3430,0.3920,1.8130,1.8863,0.576477,0.255981,0.531982,-0.564941,8.002,85.0,-1
1785793129.955,1188,289583,0,0.00000000,0.00000000,0.00,0,0,-39.33,0.035,-0.7350,0.0980,0.4900,0.8888,0.576538,0.256042,0.531921,-0.564880,8.004,77.5,-1
1785793130.206,1189,289806,0,0.00000000,0.00000000,0.00,0,0,-39.33,0.025,-0.5880,0.2940,1.3230,1.4773,0.576538,0.256104,0.531921,-0.564880,8.001,78.8,-1
1785793130.393,1190,290024,0,0.00000000,0.00000000,0.00,0,0,-39.39,-0.013,0.1470,0.8330,2.0580,2.2251,0.576599,0.256104,0.531921,-0.564819,8.002,78.8,-1
1785793130.642,1191,290244,0,0.00000000,0.00000000,0.00,0,0,-39.43,-0.062,-0.2450,0.6370,0.5880,0.9009,0.576599,0.256104,0.531921,-0.564819,8.000,82.5,-1
1785793130.832,1192,290465,0,0.00000000,0.00000000,0.00,0,0,-39.38,-0.023,0.3920,0.8820,1.3720,1.6775,0.576599,0.256165,0.531860,-0.564819,8.000,81.2,-1
1785793131.085,1193,290684,0,0.00000000,0.00000000,0.00,0,0,-39.31,0.044,-1.4700,0.6370,0.3430,1.6384,0.576599,0.256104,0.531860,-0.564819,7.999,81.2,-1
1785793131.274,1194,290906,0,0.00000000,0.00000000,0.00,0,0,-39.38,0.004,-0.5880,0.0490,1.2740,1.4040,0.576538,0.256104,0.531921,-0.564819,8.001,83.8,-1
1785793131.527,1195,291154,0,0.00000000,0.00000000,0.00,0,0,-39.37,0.012,-0.3920,0.3430,1.3230,1.4218,0.576538,0.256104,0.531921,-0.564819,8.001,81.2,-1
1785793131.775,1196,291377,0,0.00000000,0.00000000,0.00,0,0,-39.40,-0.011,-0.7350,0.2940,1.0290,1.2983,0.576599,0.256104,0.531921,-0.564819,8.002,77.5,-1
1785793131.962,1197,291598,0,0.00000000,0.00000000,0.00,0,0,-39.40,-0.024,-1.1270,0.0000,0.6370,1.2946,0.576599,0.256104,0.531921,-0.564819,8.002,80.0,-1
1785793132.210,1198,291817,0,0.00000000,0.00000000,0.00,0,0,-39.33,0.021,-0.8820,0.7350,1.5190,1.9041,0.576599,0.256165,0.531921,-0.564819,8.005,81.2,-1
1785793132.400,1199,292041,0,0.00000000,0.00000000,0.00,0,0,-39.48,-0.064,-1.6170,0.8330,1.6660,2.4666,0.576538,0.256104,0.531921,-0.564819,8.004,73.8,-1
1785793132.654,1200,292254,0,0.00000000,0.00000000,0.00,0,0,-39.41,0.008,-0.7840,0.1960,0.8820,1.1962,0.576538,0.256042,0.531921,-0.564880,8.005,77.5,-1
1785793132.841,1201,292481,0,0.00000000,0.00000000,0.00,0,0,-39.44,-0.015,-0.2940,0.0980,0.3920,0.4997,0.576538,0.256042,0.531982,-0.564880,8.001,78.8,-1
1785793133.095,1202,292703,0,0.00000000,0.00000000,0.00,0,0,-39.37,0.027,-0.4410,0.2940,0.7840,0.9463,0.576477,0.255981,0.531982,-0.564880,8.006,78.8,-1
1785793133.282,1203,292920,0,0.00000000,0.00000000,0.00,0,0,-39.43,-0.031,-0.8820,0.3430,1.0290,1.3980,0.576477,0.255981,0.531982,-0.564880,8.004,81.2,-1
1785793133.531,1204,293133,0,0.00000000,0.00000000,0.00,0,0,-39.54,-0.074,-1.1270,0.1960,0.0490,1.1450,0.576477,0.255981,0.531982,-0.564941,8.002,83.8,-1
1785793133.720,1205,293353,0,0.00000000,0.00000000,0.00,0,0,-39.48,-0.025,-0.4410,0.5880,0.5880,0.9413,0.576538,0.255920,0.531921,-0.564941,8.004,82.5,-1
1785793133.968,1206,293576,0,0.00000000,0.00000000,0.00,0,0,-39.33,0.068,-1.6170,0.5880,0.8330,1.9116,0.576538,0.255920,0.531921,-0.564941,8.004,81.2,-1
1785793134.157,1207,293803,0,0.00000000,0.00000000,0.00,0,0,-39.45,-0.002,-0.5390,0.3430,0.5880,0.8683,0.576599,0.256042,0.531860,-0.564880,8.004,77.5,-1
1785793134.410,1208,294025,0,0.00000000,0.00000000,0.00,0,0,-39.48,-0.012,0.0490,-0.2450,0.7840,0.8228,0.576599,0.256104,0.531860,-0.564880,8.006,78.8,-1
1785793134.599,1209,294243,0,0.00000000,0.00000000,0.00,0,0,-39.39,0.040,-0.3430,-0.2450,0.7350,0.8473,0.576599,0.256104,0.531860,-0.564880,8.004,83.8,-1
1785793134.848,1210,294464,0,0.00000000,0.00000000,0.00,0,0,-39.41,0.026,-0.7840,0.1470,0.4410,0.9115,0.576599,0.256042,0.531860,-0.564880,8.005,82.5,-1
1785793135.095,1211,294685,0,0.00000000,0.00000000,0.00,0,0,-39.41,0.021,-0.5880,0.0000,0.7840,0.9800,0.576599,0.255981,0.531860,-0.564941,8.002,78.8,-1
1785793135.284,1212,294905,0,0.00000000,0.00000000,0.00,0,0,-39.51,-0.043,-0.6860,0.1960,0.7840,1.0600,0.576599,0.255981,0.531799,-0.564941,8.004,80.0,-1
1785793135.538,1213,295150,0,0.00000000,0.00000000,0.00,0,0,-39.53,-0.057,-0.8820,-0.5880,0.3920,1.1302,0.576660,0.256042,0.531738,-0.564941,8.002,82.5,-1
1785793135.727,1214,295374,0,0.00000000,0.00000000,0.00,0,0,-39.62,-0.112,-0.2940,0.0980,1.5190,1.5503,0.576721,0.256042,0.531738,-0.564941,8.001,86.2,-1
1785793135.978,1215,295598,0,0.00000000,0.00000000,0.00,0,0,-39.47,-0.014,-0.4900,0.3920,0.7350,0.9664,0.576660,0.256104,0.531738,-0.564880,8.002,82.5,-1
1785793136.227,1216,295819,0,0.00000000,0.00000000,0.00,0,0,-39.54,-0.082,-0.4900,0.0000,1.1270,1.2289,0.576660,0.256104,0.531799,-0.564819,8.002,76.2,-1
1785793136.414,1217,296041,0,0.00000000,0.00000000,0.00,0,0,-39.52,-0.049,-0.4410,0.5880,0.8820,1.1481,0.576599,0.256104,0.531860,-0.564819,8.004,80.0,-1
1785793136.663,1218,296256,0,0.00000000,0.00000000,0.00,0,0,-39.47,-0.033,-0.7350,0.0980,1.1760,1.3903,0.576599,0.256104,0.531860,-0.564819,8.004,87.5,-1
1785793136.849,1219,296477,0,0.00000000,0.00000000,0.00,0,0,-39.57,-0.086,-0.5390,0.6370,0.2450,0.8697,0.576538,0.256104,0.531921,-0.564880,8.001,78.8,-1
1785793137.098,1220,296699,0,0.00000000,0.00000000,0.00,0,0,-39.43,-0.001,-0.7840,-0.1470,0.4900,0.9361,0.576538,0.256042,0.531921,-0.564880,8.005,80.0,-1
1785793137.288,1221,296919,0,0.00000000,0.00000000,0.00,0,0,-39.54,-0.074,-1.1270,0.8820,-0.0490,1.4319,0.576538,0.255981,0.531921,-0.564880,8.004,81.2,-1
1785793137.540,1222,297136,0,0.00000000,0.00000000,0.00,0,0,-39.36,0.024,-1.0290,0.2940,0.8330,1.3562,0.576538,0.255981,0.531982,-0.564880,8.002,82.5,-1
1785793137.731,1223,297362,0,0.00000000,0.00000000,0.00,0,0,-39.51,-0.072,-0.7350,0.3430,0.8820,1.1982,0.576477,0.255981,0.531982,-0.564880,8.004,81.2,-1
1785793137.978,1224,297581,0,0.00000000,0.00000000,0.00,0,0,-39.41,0.005,-1.3720,-0.4900,0.0980,1.4602,0.576477,0.255981,0.531982,-0.564880,8.005,82.5,-1
1785793138.165,1225,297800,0,0.00000000,0.00000000,0.00,0,0,-39.37,0.030,-0.7840,0.0490,1.2250,1.4552,0.576538,0.255981,0.531982,-0.564941,8.001,82.5,-1
1785793138.420,1226,298022,0,0.00000000,0.00000000,0.00,0,0,-39.45,-0.018,0.0000,-0.5880,2.3030,2.3769,0.576538,0.255920,0.531921,-0.564941,8.004,82.5,-1
1785793138.608,1227,298240,0,0.00000000,0.00000000,0.00,0,0,-39.41,0.011,-0.3430,-0.0490,2.1560,2.1837,0.576477,0.255920,0.531982,-0.564941,8.000,85.0,-1
1785793138.860,1228,298463,0,0.00000000,0.00000000,0.00,0,0,-39.36,0.061,-0.4410,0.5390,0.6370,0.9438,0.576538,0.256042,0.531982,-0.564880,8.004,80.0,-1
1785793139.046,1229,298685,0,0.00000000,0.00000000,0.00,0,0,-39.38,0.043,-0.4900,0.1470,1.4210,1.5103,0.576538,0.256042,0.531921,-0.564880,8.004,73.8,-1
1785793139.299,1230,298907,0,0.00000000,0.00000000,0.00,0,0,-39.34,0.047,-0.2450,0.1470,0.4900,0.5672,0.576538,0.256042,0.531982,-0.564880,8.005,75.0,-1
1785793139.548,1231,299156,0,0.00000000,0.00000000,0.00,0,0,-39.43,0.005,0.5880,0.1960,1.7640,1.8697,0.576538,0.256042,0.531921,-0.564819,8.002,80.0,-1
1785793139.739,1232,299373,0,0.00000000,0.00000000,0.00,0,0,-39.51,-0.048,-1.4210,1.4700,-0.1470,2.0498,0.576599,0.256104,0.531921,-0.564880,8.004,77.5,-1
1785793139.993,1233,299596,0,0.00000000,0.00000000,0.00,0,0,-39.36,0.042,-0.8820,-0.0490,1.1270,1.4319,0.576599,0.256104,0.531860,-0.564880,8.002,78.8,-1
1785793140.182,1234,299817,0,0.00000000,0.00000000,0.00,0,0,-39.26,0.096,-0.8820,0.2940,0.4900,1.0509,0.576599,0.256104,0.531860,-0.564819,8.001,75.0,-1
1785793140.429,1235,300038,0,0.00000000,0.00000000,0.00,0,0,-39.30,0.065,-0.5390,0.3430,0.4410,0.7763,0.576599,0.256104,0.531921,-0.564819,8.004,75.0,-1
1785793140.614,1236,300255,0,0.00000000,0.00000000,0.00,0,0,-39.27,0.087,-0.3920,0.0980,1.0290,1.1055,0.576599,0.256104,0.531921,-0.564819,8.002,78.8,-1
1785793140.865,1237,300477,0,0.00000000,0.00000000,0.00,0,0,-39.23,0.118,-0.5880,0.4900,0.6370,0.9958,0.576599,0.256042,0.531921,-0.564880,8.002,75.0,-1
1785793141.050,1238,300696,0,0.00000000,0.00000000,0.00,0,0,-39.36,0.020,-1.3230,0.4410,0.9800,1.7045,0.576599,0.255981,0.531860,-0.564941,8.002,81.2,-1
1785793141.300,1239,300919,0,0.00000000,0.00000000,0.00,0,0,-39.26,0.076,-0.7840,-0.4410,1.3230,1.5998,0.576599,0.255920,0.531860,-0.564941,8.002,76.2,-1
1785793141.489,1240,301135,0,0.00000000,0.00000000,0.00,0,0,-39.35,0.015,-0.1960,0.1960,0.5390,0.6061,0.576599,0.255920,0.531860,-0.564941,8.001,80.0,-1
1785793141.741,1241,301359,0,0.00000000,0.00000000,0.00,0,0,-39.32,0.028,-0.4410,-0.6860,1.3720,1.5961,0.576599,0.255920,0.531860,-0.565002,8.001,73.8,-1
1785793141.929,1242,301577,0,0.00000000,0.00000000,0.00,0,0,-39.27,0.040,-0.9800,1.0290,0.0490,1.4218,0.576599,0.255920,0.531860,-0.565002,8.004,81.2,-1
1785793142.176,1243,301801,0,0.00000000,0.00000000,0.00,0,0,-39.11,0.133,-1.3720,0.9310,0.0980,1.6609,0.576599,0.255920,0.531860,-0.565002,8.002,75.0,-1
1785793142.423,1244,302029,0,0.00000000,0.00000000,0.00,0,0,-39.26,0.039,-0.7840,1.0290,0.4900,1.3833,0.576538,0.255920,0.531860,-0.565002,8.002,81.2,-1
1785793142.610,1245,302244,0,0.00000000,0.00000000,0.00,0,0,-39.18,0.077,0.1960,-0.9310,1.7640,2.0042,0.576599,0.255920,0.531860,-0.564941,8.001,77.5,-1
1785793142.860,1246,302472,0,0.00000000,0.00000000,0.00,0,0,-39.25,0.034,-0.8330,1.0290,1.8620,2.2847,0.576660,0.255981,0.531799,-0.564941,8.004,78.8,-1
1785793143.049,1247,302699,0,0.00000000,0.00000000,0.00,0,0,-39.23,0.030,-0.3430,0.4900,0.7840,0.9861,0.576660,0.255981,0.531738,-0.564941,8.000,81.2,-1
1785793143.299,1248,302923,0,0.00000000,0.00000000,0.00,0,0,-39.09,0.110,-1.1270,0.7350,0.2940,1.3772,0.576599,0.255981,0.531860,-0.564941,8.002,71.2,-1
1785793143.487,1249,303134,0,0.00000000,0.00000000,0.00,0,0,-39.12,0.075,-0.4900,0.2940,0.5390,0.7855,0.576599,0.256042,0.531860,-0.564880,8.004,78.8,-1
1785793143.743,1250,303352,0,0.00000000,0.00000000,0.00,0,0,-39.39,-0.107,-0.3430,0.0000,0.7840,0.8557,0.576538,0.256042,0.531921,-0.564880,8.005,86.2,-1
1785793143.930,1251,303573,0,0.00000000,0.00000000,0.00,0,0,-39.15,0.038,-0.3430,0.2450,1.9600,2.0048,0.576538,0.256042,0.531982,-0.564880,8.005,80.0,-1
1785793144.184,1252,303794,0,0.00000000,0.00000000,0.00,0,0,-39.20,-0.003,-1.0290,0.8330,1.4210,1.9422,0.576538,0.256042,0.531921,-0.564880,8.004,77.5,-1
1785793144.374,1253,304015,0,0.00000000,0.00000000,0.00,0,0,-39.15,-0.006,-0.5880,0.7350,1.0780,1.4311,0.576538,0.256104,0.531921,-0.564819,8.005,83.8,-1
1785793144.627,1254,304230,0,0.00000000,0.00000000,0.00,0,0,-39.15,0.000,-0.3920,-0.0980,0.7840,0.8820,0.576538,0.256042,0.531982,-0.564880,8.004,78.8,-1
1785793144.816,1255,304456,0,0.00000000,0.00000000,0.00,0,0,-39.20,-0.029,-1.2740,1.1270,-0.5880,1.7997,0.576538,0.256042,0.531982,-0.564880,8.002,80.0,-1
1785793145.066,1256,304679,0,0.00000000,0.00000000,0.00,0,0,-39.18,-0.006,-0.7840,0.5390,0.3430,1.0113,0.576538,0.256042,0.531921,-0.564880,8.002,83.8,-1
1785793145.285,1257,304907,0,0.00000000,0.00000000,0.00,0,0,-39.21,-0.011,-0.5390,0.1960,0.5880,0.8214,0.576538,0.255981,0.531982,-0.564880,8.002,78.8,-1
1785793145.535,1258,305154,0,0.00000000,0.00000000,0.00,0,0,-39.25,-0.015,-0.5390,0.3430,-0.1960,0.6683,0.576477,0.255981,0.531982,-0.564880,8.001,82.5,-1
1785793145.785,1259,305378,0,0.00000000,0.00000000,0.00,0,0,-39.18,0.030,-0.2940,-0.1960,1.1270,1.1811,0.576477,0.255981,0.531982,-0.564880,8.001,82.5,-1
1785793145.972,1260,305604,0,0.00000000,0.00000000,0.00,0,0,-39.18,0.024,-0.9310,0.0980,0.6370,1.1323,0.576477,0.255981,0.532043,-0.564880,8.001,87.5,-1
1785793146.160,1261,305805,0,0.00000000,0.00000000,0.00,0,0,-39.26,-0.029,-0.4410,0.0490,0.9800,1.0758,0.576477,0.255981,0.532043,-0.564880,8.004,82.5,-1
1785793146.408,1262,306030,0,0.00000000,0.00000000,0.00,0,0,-39.18,0.031,-0.8820,0.2450,1.0290,1.3772,0.576477,0.255981,0.532043,-0.564880,8.004,81.2,-1
1785793146.658,1263,306247,0,0.00000000,0.00000000,0.00,0,0,-39.42,-0.107,-0.6370,0.1470,0.4410,0.7886,0.576477,0.255981,0.531982,-0.564880,8.004,81.2,-1
1785793146.846,1264,306470,0,0.00000000,0.00000000,0.00,0,0,-39.33,-0.042,-0.5390,0.1470,0.7350,0.9232,0.576538,0.255920,0.531921,-0.564941,8.004,78.8,-1
1785793147.095,1265,306689,0,0.00000000,0.00000000,0.00,0,0,-39.27,-0.016,-0.7350,0.3430,0.5390,0.9739,0.576538,0.255920,0.531921,-0.564941,8.002,85.0,-1
1785793147.282,1266,306911,0,0.00000000,0.00000000,0.00,0,0,-39.30,-0.042,-0.5880,0.0000,0.0980,0.5961,0.576538,0.255920,0.531921,-0.564941,8.002,78.8,-1
1785793147.533,1267,307151,0,0.00000000,0.00000000,0.00,0,0,-39.33,-0.051,-0.6370,0.2450,0.8820,1.1152,0.576538,0.255981,0.531921,-0.564880,7.999,81.2,-1
1785793147.722,1268,307370,0,0.00000000,0.00000000,0.00,0,0,-39.28,-0.019,-0.5880,0.4410,0.5880,0.9413,0.576538,0.256042,0.531982,-0.564880,8.002,80.0,-1
1785793147.970,1269,307592,0,0.00000000,0.00000000,0.00,0,0,-39.36,-0.063,-0.5880,-0.0490,0.9800,1.1439,0.576477,0.256042,0.531982,-0.564819,8.004,87.5,-1
1785793148.221,1270,307812,0,0.00000000,0.00000000,0.00,0,0,-39.36,-0.063,-0.1960,0.0980,0.5880,0.6275,0.576477,0.256042,0.532043,-0.564880,8.005,75.0,-1
1785793148.405,1271,308033,0,0.00000000,0.00000000,0.00,0,0,-39.24,0.029,-1.0780,0.4410,0.5880,1.3047,0.576477,0.256042,0.532043,-0.564880,8.006,75.0,-1
1785793148.655,1272,308246,0,0.00000000,0.00000000,0.00,0,0,-39.29,-0.021,-1.2250,0.7350,0.3430,1.4692,0.576477,0.256042,0.532043,-0.564880,8.005,81.2,-1
1785793148.840,1273,308464,0,0.00000000,0.00000000,0.00,0,0,-39.43,-0.097,-0.7350,-0.4410,1.5190,1.7442,0.576477,0.256104,0.532043,-0.564819,8.007,76.2,-1
1785793149.090,1274,308682,0,0.00000000,0.00000000,0.00,0,0,-39.40,-0.086,-0.4410,0.0000,0.8820,0.9861,0.576538,0.256165,0.531982,-0.564758,8.002,85.0,-1
1785793149.279,1275,308902,0,0.00000000,0.00000000,0.00,0,0,-39.39,-0.063,-0.9310,0.3430,0.7350,1.2348,0.576477,0.256104,0.532043,-0.564819,8.005,86.2,-1
1785793149.530,1276,309149,0,0.00000000,0.00000000,0.00,0,0,-39.40,-0.067,-1.2740,0.2450,0.0490,1.2983,0.576538,0.256104,0.531982,-0.564819,8.004,80.0,-1
1785793149.783,1277,309376,0,0.00000000,0.00000000,0.00,0,0,-39.25,0.027,-0.8330,-0.0490,0.4410,0.9438,0.576538,0.256165,0.531982,-0.564758,8.001,80.0,-1
1785793149.971,1278,309593,0,0.00000000,0.00000000,0.00,0,0,-39.38,-0.072,-0.6370,0.0490,0.8330,1.0498,0.576538,0.256104,0.531982,-0.564819,8.006,80.0,-1
1785793150.221,1279,309815,0,0.00000000,0.00000000,0.00,0,0,-39.37,-0.050,-0.2940,0.2450,0.9310,1.0066,0.576538,0.255981,0.531921,-0.564880,8.002,80.0,-1
1785793150.411,1280,310037,0,0.00000000,0.00000000,0.00,0,0,-39.34,-0.024,-0.4900,-0.2450,1.7640,1.8471,0.576538,0.255920,0.531860,-0.564941,8.002,77.5,-1
1785793150.663,1281,310250,0,0.00000000,0.00000000,0.00,0,0,-39.32,-0.010,-0.7840,0.3430,0.8820,1.2289,0.576599,0.255920,0.531860,-0.564941,8.002,78.8,-1
1785793150.851,1282,310468,0,0.00000000,0.00000000,0.00,0,0,-39.43,-0.081,-0.8820,0.0980,-0.0490,0.8888,0.576538,0.255981,0.531921,-0.564941,8.006,82.5,-1
1785793151.040,1283,310687,0,0.00000000,0.00000000,0.00,0,0,-39.22,0.046,-0.4410,0.6860,0.5880,1.0054,0.576599,0.256042,0.531921,-0.564880,8.004,85.0,-1
1785793151.290,1284,310906,0,0.00000000,0.00000000,0.00,0,0,-39.39,-0.065,0.1960,0.1960,1.5190,1.5441,0.576599,0.256042,0.531921,-0.564880,8.004,83.8,-1
1785793151.540,1285,311152,0,0.00000000,0.00000000,0.00,0,0,-39.42,-0.060,-0.6860,1.1760,-0.1470,1.3694,0.576599,0.256042,0.531921,-0.564880,8.001,82.5,-1
1785793151.730,1286,311379,0,0.00000000,0.00000000,0.00,0,0,-39.33,0.003,-0.9800,0.5390,-1.0290,1.5198,0.576538,0.256042,0.531982,-0.564880,8.002,77.5,-1
1785793151.982,1287,311602,0,0.00000000,0.00000000,0.00,0,0,-39.39,-0.006,0.1470,-0.1960,1.6170,1.6355,0.576538,0.256042,0.531982,-0.564880,8.000,81.2,-1
1785793152.235,1288,311828,0,0.00000000,0.00000000,0.00,0,0,-39.38,0.007,-0.9800,1.0780,0.4900,1.5371,0.576538,0.256042,0.531921,-0.564880,8.001,85.0,-1
1785793152.426,1289,312053,0,0.00000000,0.00000000,0.00,0,0,-39.41,-0.032,-1.1760,0.1960,1.5190,1.9310,0.576599,0.255981,0.531860,-0.564941,8.005,78.8,-1
1785793152.676,1290,312267,0,0.00000000,0.00000000,0.00,0,0,-39.40,-0.031,-0.5390,0.2450,0.6370,0.8697,0.576599,0.255981,0.531860,-0.564941,8.001,73.8,-1
1785793152.863,1291,312493,0,0.00000000,0.00000000,0.00,0,0,-39.40,-0.027,-0.4410,0.5880,0.7350,1.0394,0.576599,0.255920,0.531860,-0.564941,8.002,82.5,-1
1785793153.111,1292,312714,0,0.00000000,0.00000000,0.00,0,0,-39.47,-0.065,-1.1270,0.7840,1.0290,1.7157,0.576599,0.255981,0.531799,-0.564941,8.004,82.5,-1
1785793153.299,1293,312932,0,0.00000000,0.00000000,0.00,0,0,-39.44,-0.037,-0.5390,-0.1470,0.6860,0.8847,0.576599,0.255920,0.531860,-0.564941,8.001,86.2,-1
1785793153.549,1294,313150,0,0.00000000,0.00000000,0.00,0,0,-39.36,0.009,-0.1470,-0.4410,1.4210,1.4951,0.576599,0.255920,0.531799,-0.565002,8.000,87.5,-1
1785793153.737,1295,313375,0,0.00000000,0.00000000,0.00,0,0,-39.48,-0.066,-0.8330,0.0000,2.2050,2.3571,0.576599,0.255920,0.531799,-0.565002,8.002,80.0,-1
1785793153.987,1296,313594,0,0.00000000,0.00000000,0.00,0,0,-39.50,-0.064,-0.9800,0.2450,1.0780,1.4773,0.576599,0.255859,0.531799,-0.565002,8.002,86.2,-1
1785793154.177,1297,313817,0,0.00000000,0.00000000,0.00,0,0,-39.46,-0.043,-1.3230,0.5390,0.2450,1.4494,0.576599,0.255920,0.531860,-0.565002,8.002,81.2,-1
1785793154.428,1298,314017,0,0.00000000,0.00000000,0.00,0,0,-39.54,-0.087,-0.8330,0.0000,0.7350,1.1109,0.576538,0.255920,0.531860,-0.565002,8.004,80.0,-1
1785793154.618,1299,314232,0,0.00000000,0.00000000,0.00,0,0,-39.39,0.015,-0.6370,-0.2450,1.5680,1.7101,0.576538,0.255920,0.531921,-0.564941,8.002,82.5,-1
1785793154.808,1300,314456,0,0.00000000,0.00000000,0.00,0,0,-39.62,-0.131,-0.9800,0.9800,2.2540,2.6460,0.576538,0.255981,0.531921,-0.564941,8.002,82.5,-1
1785793155.059,1301,314676,0,0.00000000,0.00000000,0.00,0,0,-39.44,0.001,-0.6860,0.1470,0.6860,0.9812,0.576599,0.255920,0.531860,-0.564941,7.999,83.8,-1
1785793155.249,1302,314898,0,0.00000000,0.00000000,0.00,0,0,-39.43,0.003,-2.5970,1.8620,-1.5680,3.5595,0.576538,0.255981,0.531921,-0.564941,8.001,82.5,-1
1785793155.503,1303,315142,0,0.00000000,0.00000000,0.00,0,0,-39.54,-0.050,-0.5390,0.0980,0.9800,1.1227,0.576538,0.255981,0.531921,-0.564941,8.002,81.2,-1
1785793155.753,1304,315362,0,0.00000000,0.00000000,0.00,0,0,-39.54,-0.043,0.4900,0.1470,2.1070,2.1682,0.576538,0.255981,0.531982,-0.564941,8.005,80.0,-1
1785793155.941,1305,315590,0,0.00000000,0.00000000,0.00,0,0,-39.52,-0.047,-0.8330,0.3430,0.0490,0.9022,0.576538,0.256042,0.531982,-0.564880,8.002,78.8,-1
1785793156.190,1306,315806,0,0.00000000,0.00000000,0.00,0,0,-39.36,0.062,-0.5390,0.3430,1.0290,1.2112,0.576538,0.256104,0.531921,-0.564819,8.006,78.8,-1
1785793156.440,1307,316029,0,0.00000000,0.00000000,0.00,0,0,-39.42,0.036,-0.6370,0.3920,0.6860,1.0149,0.576538,0.256104,0.531921,-0.564819,8.004,83.8,-1
1785793156.629,1308,316241,0,0.00000000,0.00000000,0.00,0,0,-39.46,0.008,-0.7350,-0.0980,1.2740,1.4741,0.576538,0.256104,0.531982,-0.564819,8.005,82.5,-1
1785793156.816,1309,316459,0,0.00000000,0.00000000,0.00,0,0,-39.62,-0.077,-0.3920,0.5880,1.1270,1.3302,0.576538,0.256042,0.531982,-0.564880,8.001,82.5,-1
1785793157.063,1310,316681,0,0.00000000,0.00000000,0.00,0,0,-39.51,-0.001,-1.1270,0.2450,0.9800,1.5135,0.576538,0.256042,0.531921,-0.564880,8.005,82.5,-1
1785793157.315,1311,316905,0,0.00000000,0.00000000,0.00,0,0,-39.57,-0.040,-0.2940,0.2940,1.6660,1.7171,0.576538,0.255981,0.531921,-0.564941,8.004,81.2,-1
1785793157.503,1312,317152,0,0.00000000,0.00000000,0.00,0,0,-39.50,-0.011,-0.4900,0.3430,0.8820,1.0657,0.576538,0.255920,0.531982,-0.564880,8.002,83.8,-1
1785793157.753,1313,317371,0,0.00000000,0.00000000,0.00,0,0,-39.60,-0.068,-0.7840,0.4410,0.5390,1.0486,0.576538,0.255798,0.532104,-0.564880,8.004,83.8,-1
1785793158.003,1314,317592,0,0.00000000,0.00000000,0.00,0,0,-39.36,0.069,-0.5390,0.1470,1.3720,1.4814,0.576477,0.255737,0.532227,-0.564819,8.004,83.8,-1
1785793158.191,1315,317814,0,0.00000000,0.00000000,0.00,0,0,-39.45,-0.003,-0.6860,0.0490,1.2250,1.4049,0.576538,0.255737,0.532166,-0.564819,8.002,82.5,-1
1785793158.445,1316,318035,0,0.00000000,0.00000000,0.00,0,0,-39.56,-0.071,-0.3430,0.2940,1.5190,1.5848,0.576538,0.255737,0.532104,-0.564880,8.005,77.5,-1
1785793158.630,1317,318249,0,0.00000000,0.00000000,0.00,0,0,-39.64,-0.114,-0.8330,0.1470,0.4410,0.9539,0.576538,0.255737,0.532104,-0.564880,8.002,83.8,-1
1785793158.881,1318,318474,0,0.00000000,0.00000000,0.00,0,0,-39.54,-0.026,-0.6370,0.2450,0.5880,0.9009,0.576599,0.255676,0.531982,-0.564941,8.002,78.8,-1
1785793159.069,1319,318696,0,0.00000000,0.00000000,0.00,0,0,-39.53,-0.030,-0.4410,0.2940,1.0290,1.1575,0.576599,0.255737,0.531921,-0.564941,8.002,81.2,-1
1785793159.319,1320,318914,0,0.00000000,0.00000000,0.00,0,0,-39.63,-0.083,-0.7350,1.1760,0.6370,1.5261,0.576660,0.255737,0.531921,-0.564941,8.001,83.8,-1
1785793159.509,1321,319122,0,0.00000000,0.00000000,0.00,0,0,-39.53,-0.001,-0.3920,0.2450,0.9800,1.0836,0.576660,0.255798,0.531921,-0.564880,8.002,83.8,-1
1785793159.698,1322,319345,0,0.00000000,0.00000000,0.00,0,0,-39.49,0.011,-1.1760,1.6170,0.3920,2.0375,0.576599,0.255798,0.531982,-0.564880,8.002,77.5,-1
1785793159.945,1323,319566,0,0.00000000,0.00000000,0.00,0,0,-39.59,-0.033,-0.5880,-0.0980,1.0780,1.2318,0.576599,0.255859,0.531982,-0.564819,8.001,78.8,-1
1785793160.194,1324,319787,0,0.00000000,0.00000000,0.00,0,0,-39.59,-0.024,0.1960,0.6860,1.1270,1.3338,0.576599,0.255859,0.532043,-0.564819,8.002,81.2,-1
1785793160.357,1325,320006,0,0.00000000,0.00000000,0.00,0,0,-39.65,-0.079,0.1470,0.3430,2.1560,2.1881,0.576599,0.255920,0.532043,-0.564758,8.000,80.0,-1
1785793160.603,1326,320220,0,0.00000000,0.00000000,0.00,0,0,-39.53,-0.030,-0.2940,0.2940,1.0780,1.1554,0.576599,0.255920,0.532043,-0.564758,8.001,73.8,-1
1785793160.856,1327,320446,0,0.00000000,0.00000000,0.00,0,0,-39.47,0.001,0.0000,0.0000,1.3230,1.3230,0.576599,0.255920,0.532043,-0.564758,8.001,83.8,-1
1785793161.045,1328,320666,0,0.00000000,0.00000000,0.00,0,0,-39.46,0.006,-0.5390,-0.1470,1.5680,1.6646,0.576599,0.255920,0.532043,-0.564758,8.001,83.8,-1
1785793161.301,1329,320891,0,0.00000000,0.00000000,0.00,0,0,-39.45,0.012,0.0980,0.0000,0.7840,0.7901,0.576599,0.255859,0.531982,-0.564819,8.004,78.8,-1
1785793161.550,1330,321142,0,0.00000000,0.00000000,0.00,0,0,-39.37,0.049,-1.5190,0.8330,-1.2740,2.1504,0.576660,0.255859,0.531982,-0.564819,8.002,75.0,-1
1785793161.739,1331,321364,0,0.00000000,0.00000000,0.00,0,0,-39.51,-0.037,-0.4410,0.1960,0.9800,1.0924,0.576660,0.255859,0.531921,-0.564819,8.002,77.5,-1
1785793161.991,1332,321590,0,0.00000000,0.00000000,0.00,0,0,-39.50,-0.033,-0.7350,0.7350,1.4700,1.8004,0.576660,0.255859,0.531982,-0.564819,7.999,80.0,-1
1785793162.182,1333,321812,0,0.00000000,0.00000000,0.00,0,0,-39.47,0.000,-0.5880,0.4410,1.0780,1.3047,0.576599,0.255859,0.532043,-0.564819,8.005,80.0,-1
1785793162.432,1334,322031,0,0.00000000,0.00000000,0.00,0,0,-39.44,0.020,-0.3920,-0.0980,1.5680,1.6192,0.576660,0.255920,0.531982,-0.564758,8.002,83.8,-1
1785793162.622,1335,322252,0,0.00000000,0.00000000,0.00,0,0,-39.48,-0.001,-0.9310,-0.0490,-1.3230,1.6185,0.576599,0.255920,0.531982,-0.564758,8.005,85.0,-1
1785793162.874,1336,322471,0,0.00000000,0.00000000,0.00,0,0,-39.41,0.040,-0.9310,0.1960,0.6860,1.1729,0.576599,0.255920,0.532043,-0.564758,8.001,85.0,-1
1785793163.063,1337,322691,0,0.00000000,0.00000000,0.00,0,0,-39.51,-0.022,-1.1270,-0.3430,1.5680,1.9612,0.576599,0.255920,0.532043,-0.564758,8.001,85.0,-1
1785793163.313,1338,322915,0,0.00000000,0.00000000,0.00,0,0,-39.38,0.058,-0.6370,-0.2940,1.4700,1.6288,0.576599,0.255981,0.532043,-0.564758,8.004,78.8,-1
1785793163.503,1339,323131,0,0.00000000,0.00000000,0.00,0,0,-39.37,0.053,-1.2740,0.4410,-0.3430,1.3911,0.576599,0.255981,0.532043,-0.564758,8.004,82.5,-1
1785793163.752,1340,323356,0,0.00000000,0.00000000,0.00,0,0,-39.37,0.046,-0.3920,0.3920,1.0780,1.2122,0.576599,0.255920,0.532043,-0.564758,8.005,81.2,-1
1785793163.940,1341,323576,0,0.00000000,0.00000000,0.00,0,0,-39.48,-0.022,-0.4410,0.2940,1.5680,1.6552,0.576599,0.255920,0.532043,-0.564758,8.005,80.0,-1
1785793164.193,1342,323793,0,0.00000000,0.00000000,0.00,0,0,-39.33,0.061,-0.1470,-0.7840,2.0090,2.1616,0.576599,0.255920,0.532104,-0.564758,8.004,83.8,-1
1785793164.381,1343,324021,0,0.00000000,0.00000000,0.00,0,0,-39.45,-0.009,-0.0980,0.1960,2.5480,2.5574,0.576599,0.255920,0.532104,-0.564758,8.004,80.0,-1
1785793164.626,1344,324238,0,0.00000000,0.00000000,0.00,0,0,-39.42,0.013,-1.2740,0.7350,0.3430,1.5103,0.576660,0.255920,0.531982,-0.564819,8.004,78.8,-1
1785793164.812,1345,324455,0,0.00000000,0.00000000,0.00,0,0,-39.44,-0.006,-1.0290,-0.2940,1.5680,1.8984,0.576660,0.255859,0.531921,-0.564819,8.001,85.0,-1
1785793165.061,1346,324676,0,0.00000000,0.00000000,0.00,0,0,-39.35,0.048,-0.9310,0.1470,0.9310,1.3248,0.576660,0.255859,0.531921,-0.564819,8.002,77.5,-1
1785793165.308,1347,324896,0,0.00000000,0.00000000,0.00,0,0,-39.26,0.082,-0.5390,0.4410,0.5880,0.9115,0.576660,0.255798,0.531921,-0.564880,8.000,82.5,-1
1785793165.497,1348,325143,0,0.00000000,0.00000000,0.00,0,0,-39.41,-0.010,-0.0980,-0.2940,1.6660,1.6946,0.576660,0.255859,0.531982,-0.564819,8.004,80.0,-1
1785793165.749,1349,325370,0,0.00000000,0.00000000,0.00,0,0,-39.35,0.001,-0.5390,0.1960,1.9600,2.0422,0.576660,0.255798,0.531921,-0.564880,8.004,80.0,-1
1785793165.999,1350,325589,0,0.00000000,0.00000000,0.00,0,0,-39.31,0.036,-0.4410,-0.3920,0.2450,0.6389,0.576660,0.255798,0.531921,-0.564880,8.002,76.2,-1
1785793166.184,1351,325808,0,0.00000000,0.00000000,0.00,0,0,-39.42,-0.040,-0.9800,0.7840,0.9800,1.5923,0.576660,0.255798,0.531921,-0.564880,8.004,82.5,-1
1785793166.437,1352,326032,0,0.00000000,0.00000000,0.00,0,0,-39.25,0.054,-0.4410,0.2940,0.9310,1.0713,0.576721,0.255798,0.531860,-0.564880,8.005,77.5,-1
1785793166.627,1353,326253,0,0.00000000,0.00000000,0.00,0,0,-39.36,-0.022,-0.4900,0.5390,0.7840,1.0702,0.576721,0.255859,0.531860,-0.564819,8.004,75.0,-1
1785793166.877,1354,326474,0,0.00000000,0.00000000,0.00,0,0,-39.25,0.043,-0.7840,0.3430,1.2250,1.4943,0.576782,0.255920,0.531799,-0.564819,8.002,78.8,-1
1785793167.065,1355,326702,0,0.00000000,0.00000000,0.00,0,0,-39.17,0.089,-0.6370,0.2940,0.5880,0.9154,0.576782,0.255981,0.531799,-0.564819,8.002,81.2,-1
1785793167.317,1356,326921,0,0.00000000,0.00000000,0.00,0,0,-39.31,-0.022,-0.7350,0.7350,0.3430,1.0946,0.576721,0.255981,0.531860,-0.564758,8.000,83.8,-1
1785793167.504,1357,327133,0,0.00000000,0.00000000,0.00,0,0,-39.28,0.006,-0.5880,0.3430,0.6370,0.9323,0.576721,0.255981,0.531921,-0.564758,8.002,82.5,-1
1785793167.755,1358,327352,0,0.00000000,0.00000000,0.00,0,0,-39.24,0.007,-0.5880,0.5390,0.8820,1.1892,0.576660,0.255981,0.531982,-0.564758,8.002,80.0,-1
1785793167.942,1359,327572,0,0.00000000,0.00000000,0.00,0,0,-39.31,-0.035,-1.0780,0.6370,1.0780,1.6523,0.576599,0.255920,0.532043,-0.564758,8.005,81.2,-1
1785793168.191,1360,327795,0,0.00000000,0.00000000,0.00,0,0,-39.27,-0.013,-0.3920,0.2940,0.6860,0.8430,0.576599,0.255920,0.531982,-0.564819,8.006,78.8,-1
1785793168.381,1361,328016,0,0.00000000,0.00000000,0.00,0,0,-39.28,-0.038,-0.3920,0.2940,0.9310,1.0521,0.576599,0.255920,0.532043,-0.564758,8.006,80.0,-1
1785793168.628,1362,328233,0,0.00000000,0.00000000,0.00,0,0,-39.23,0.003,-0.4900,0.5880,0.9310,1.2052,0.576599,0.255920,0.532043,-0.564758,8.004,82.5,-1
1785793168.818,1363,328457,0,0.00000000,0.00000000,0.00,0,0,-39.15,0.053,-0.0980,-0.0980,0.5390,0.5565,0.576599,0.255920,0.532043,-0.564758,8.005,77.5,-1
1785793169.068,1364,328674,0,0.00000000,0.00000000,0.00,0,0,-39.21,0.003,-0.8330,-0.2940,0.2450,0.9167,0.576599,0.255859,0.532043,-0.564819,8.004,82.5,-1
1785793169.254,1365,328898,0,0.00000000,0.00000000,0.00,0,0,-39.29,-0.054,-0.6370,0.0980,1.1270,1.2983,0.576660,0.255920,0.531982,-0.564819,8.004,78.8,-1
1785793169.500,1366,329149,0,0.00000000,0.00000000,0.00,0,0,-39.20,0.010,-0.1960,-0.0490,0.5390,0.5756,0.576660,0.255981,0.531921,-0.564758,7.999,86.2,-1
1785793169.752,1367,329375,0,0.00000000,0.00000000,0.00,0,0,-39.19,0.002,-0.6370,0.3430,0.6860,0.9970,0.576721,0.255981,0.531921,-0.564758,8.004,82.5,-1
1785793170.003,1368,329598,0,0.00000000,0.00000000,0.00,0,0,-39.12,0.040,-0.8330,0.3430,0.6860,1.1323,0.576660,0.255981,0.531982,-0.564758,8.002,86.2,-1
1785793170.191,1369,329823,0,0.00000000,0.00000000,0.00,0,0,-39.27,-0.050,-0.6370,0.3430,0.4900,0.8738,0.576660,0.255981,0.531982,-0.564758,8.005,83.8,-1
1785793170.399,1370,330048,0,0.00000000,0.00000000,0.00,0,0,-39.22,-0.007,-0.7350,0.2450,0.5390,0.9438,0.576660,0.255981,0.531982,-0.564758,8.001,85.0,-1
1785793170.643,1371,330264,0,0.00000000,0.00000000,0.00,0,0,-39.24,-0.019,-0.5880,0.8330,0.2940,1.0612,0.576660,0.255920,0.531982,-0.564758,8.002,73.8,-1
1785793170.891,1372,330491,0,0.00000000,0.00000000,0.00,0,0,-39.16,0.036,-0.8330,0.5390,0.4410,1.0858,0.576599,0.255920,0.531982,-0.564758,8.002,82.5,-1
1785793171.079,1373,330713,0,0.00000000,0.00000000,0.00,0,0,-39.25,-0.013,-0.6860,0.1470,0.5880,0.9154,0.576660,0.255920,0.531982,-0.564819,8.001,82.5,-1
1785793171.328,1374,330938,0,0.00000000,0.00000000,0.00,0,0,-39.33,-0.047,-0.6860,0.0490,0.7840,1.0429,0.576660,0.255859,0.531921,-0.564819,8.002,81.2,-1
1785793171.518,1375,331155,0,0.00000000,0.00000000,0.00,0,0,-39.29,-0.010,-0.5390,0.5390,1.3720,1.5695,0.576660,0.255859,0.531921,-0.564819,8.004,82.5,-1
1785793171.768,1376,331380,0,0.00000000,0.00000000,0.00,0,0,-39.30,-0.015,-0.6370,0.2940,0.6860,0.9812,0.576660,0.255859,0.531921,-0.564819,8.002,82.5,-1
1785793171.959,1377,331603,0,0.00000000,0.00000000,0.00,0,0,-39.24,0.038,-0.8820,0.5390,0.6860,1.2406,0.576660,0.255859,0.531982,-0.564819,8.002,82.5,-1
1785793172.210,1378,331830,0,0.00000000,0.00000000,0.00,0,0,-39.39,-0.056,-0.3430,0.1470,0.9310,1.0030,0.576599,0.255859,0.531982,-0.564819,8.001,88.8,-1
1785793172.462,1379,332054,0,0.00000000,0.00000000,0.00,0,0,-39.33,-0.009,-1.2250,-0.3430,0.9310,1.5764,0.576599,0.255859,0.531982,-0.564819,8.004,80.0,-1
1785793172.650,1380,332269,0,0.00000000,0.00000000,0.00,0,0,-39.24,0.059,-0.7840,0.4900,0.9800,1.3473,0.576599,0.255859,0.532043,-0.564819,8.001,85.0,-1
1785793172.898,1381,332496,0,0.00000000,0.00000000,0.00,0,0,-39.26,0.071,-1.1270,0.7840,0.6370,1.5135,0.576599,0.255859,0.531982,-0.564819,8.004,81.2,-1
1785793173.084,1382,332716,0,0.00000000,0.00000000,0.00,0,0,-39.22,0.086,-0.5880,0.5880,0.3920,0.9193,0.576599,0.255798,0.531982,-0.564880,8.004,82.5,-1
1785793173.335,1383,332937,0,0.00000000,0.00000000,0.00,0,0,-39.23,0.066,-0.9800,0.4900,0.3920,1.1637,0.576660,0.255798,0.531921,-0.564880,8.001,81.2,-1
1785793173.524,1384,333159,0,0.00000000,0.00000000,0.00,0,0,-39.33,0.016,-0.2940,-0.4900,0.9800,1.1344,0.576660,0.255798,0.531860,-0.564941,8.001,80.0,-1
1785793173.776,1385,333383,0,0.00000000,0.00000000,0.00,0,0,-39.26,0.057,-1.0290,-0.0490,-0.1470,1.0406,0.576599,0.255859,0.531921,-0.564941,8.002,82.5,-1
1785793173.965,1386,333607,0,0.00000000,0.00000000,0.00,0,0,-39.24,0.068,-0.4900,0.5390,0.4900,0.8779,0.576538,0.255798,0.531982,-0.564941,8.006,80.0,-1
1785793174.216,1387,333825,0,0.00000000,0.00000000,0.00,0,0,-39.38,-0.036,-0.3430,0.1470,1.1270,1.1872,0.576477,0.255798,0.532104,-0.564880,8.001,83.8,-1
1785793174.407,1388,334048,0,0.00000000,0.00000000,0.00,0,0,-39.40,-0.026,-1.1270,0.6860,0.1470,1.3275,0.576416,0.255737,0.532166,-0.564941,8.002,82.5,-1
1785793174.660,1389,334263,0,0.00000000,0.00000000,0.00,0,0,-39.45,-0.078,-0.3430,0.1960,0.4900,0.6294,0.576416,0.255798,0.532166,-0.564880,8.002,82.5,-1
1785793174.850,1390,334489,0,0.00000000,0.00000000,0.00,0,0,-39.33,0.014,-0.5390,0.2940,0.5390,0.8170,0.576416,0.255737,0.532104,-0.564941,8.002,81.2,-1
1785793175.098,1391,334710,0,0.00000000,0.00000000,0.00,0,0,-39.55,-0.130,-0.9800,0.3920,0.5390,1.1852,0.576416,0.255737,0.532104,-0.564941,8.002,78.8,-1
1785793175.349,1392,334940,0,0.00000000,0.00000000,0.00,0,0,-39.46,-0.066,-0.2940,-0.1470,0.6370,0.7168,0.576477,0.255798,0.532104,-0.564880,8.004,82.5,-1
1785793175.531,1393,335156,0,0.00000000,0.00000000,0.00,0,0,-39.50,-0.073,-1.1270,0.9310,0.8330,1.6825,0.576477,0.255859,0.532104,-0.564880,8.001,86.2,-1
1785793175.778,1394,335383,0,0.00000000,0.00000000,0.00,0,0,-39.45,-0.039,-0.4900,0.0980,0.9800,1.1000,0.576416,0.255798,0.532166,-0.564880,8.002,82.5,-1
1785793175.965,1395,335610,0,0.00000000,0.00000000,0.00,0,0,-39.39,-0.009,-0.4900,0.1960,0.7840,0.9451,0.576416,0.255798,0.532166,-0.564880,8.001,83.8,-1
1785793176.217,1396,335831,0,0.00000000,0.00000000,0.00,0,0,-39.51,-0.095,-0.8820,-0.7840,1.5680,1.9624,0.576477,0.255798,0.532043,-0.564941,8.004,78.8,-1
1785793176.408,1397,336050,0,0.00000000,0.00000000,0.00,0,0,-39.46,-0.053,-0.6370,-0.0980,0.9800,1.1729,0.576477,0.255737,0.532043,-0.564941,8.001,81.2,-1
1785793176.657,1398,336264,0,0.00000000,0.00000000,0.00,0,0,-39.45,-0.053,-0.7350,1.1270,0.4410,1.4159,0.576477,0.255676,0.532043,-0.565002,8.001,81.2,-1
1785793176.844,1399,336485,0,0.00000000,0.00000000,0.00,0,0,-39.42,-0.026,-0.3430,0.0980,1.1760,1.2289,0.576477,0.255615,0.531982,-0.565002,8.002,81.2,-1
1785793177.097,1400,336706,0,0.00000000,0.00000000,0.00,0,0,-39.50,-0.076,-0.2450,-0.5390,1.9600,2.0475,0.576538,0.255676,0.531982,-0.565002,8.001,82.5,-1
1785793177.286,1401,336931,0,0.00000000,0.00000000,0.00,0,0,-39.40,-0.018,-1.5190,0.6370,-0.7350,1.8037,0.576538,0.255676,0.531982,-0.565002,8.002,77.5,-1
1785793177.538,1402,337146,0,0.00000000,0.00000000,0.00,0,0,-39.42,-0.047,-0.6370,0.2940,0.5880,0.9154,0.576477,0.255737,0.532043,-0.564941,8.002,85.0,-1
1785793177.724,1403,337372,0,0.00000000,0.00000000,0.00,0,0,-39.38,-0.014,-0.6860,0.2450,1.0780,1.3010,0.576416,0.255676,0.532104,-0.564941,8.004,83.8,-1
1785793177.976,1404,337596,0,0.00000000,0.00000000,0.00,0,0,-39.46,-0.045,-0.7350,0.0980,0.8330,1.1152,0.576416,0.255676,0.532166,-0.564941,8.001,86.2,-1
1785793178.223,1405,337814,0,0.00000000,0.00000000,0.00,0,0,-39.39,0.027,-0.3920,0.1470,1.2250,1.2946,0.576416,0.255676,0.532166,-0.565002,8.001,81.2,-1
1785793178.409,1406,338037,0,0.00000000,0.00000000,0.00,0,0,-39.56,-0.085,-0.6370,1.2250,0.2940,1.4117,0.576416,0.255676,0.532166,-0.565002,8.006,78.8,-1
1785793178.658,1407,338253,0,0.00000000,0.00000000,0.00,0,0,-39.44,-0.002,-0.6860,0.1960,1.0290,1.2521,0.576355,0.255676,0.532166,-0.565002,8.004,82.5,-1
1785793178.846,1408,338477,0,0.00000000,0.00000000,0.00,0,0,-39.42,0.030,-0.4410,0.1470,1.4210,1.4951,0.576355,0.255676,0.532227,-0.564941,8.005,81.2,-1
1785793179.099,1409,338694,0,0.00000000,0.00000000,0.00,0,0,-39.42,0.050,-0.6370,0.1960,0.6860,0.9564,0.576355,0.255615,0.532166,-0.565002,8.002,83.8,-1
1785793179.287,1410,338919,0,0.00000000,0.00000000,0.00,0,0,-39.41,0.042,-0.4410,0.5390,0.5880,0.9115,0.576355,0.255615,0.532166,-0.565002,8.005,80.0,-1
1785793179.540,1411,339134,0,0.00000000,0.00000000,0.00,0,0,-39.45,-0.012,-0.5390,0.1470,0.7840,0.9627,0.576416,0.255615,0.532166,-0.565002,8.001,83.8,-1
1785793179.729,1412,339357,0,0.00000000,0.00000000,0.00,0,0,-39.42,0.012,-0.7350,0.7350,1.1270,1.5332,0.576416,0.255615,0.532104,-0.565002,8.004,83.8,-1
1785793179.981,1413,339579,0,0.00000000,0.00000000,0.00,0,0,-39.48,-0.040,-1.3230,1.1270,0.2450,1.7551,0.576416,0.255615,0.532166,-0.565002,8.005,77.5,-1
1785793180.169,1414,339801,0,0.00000000,0.00000000,0.00,0,0,-39.51,-0.059,-0.7350,0.4410,0.9310,1.2655,0.576355,0.255615,0.532166,-0.565002,8.009,81.2,-1
1785793180.417,1415,340023,0,0.00000000,0.00000000,0.00,0,0,-39.44,0.005,-0.8330,0.7840,1.1270,1.6058,0.576355,0.255615,0.532227,-0.565002,8.006,81.2,-1
1785793180.602,1416,340241,0,0.00000000,0.00000000,0.00,0,0,-39.50,-0.037,-0.5390,1.0290,0.4900,1.2607,0.576355,0.255615,0.532227,-0.565002,8.006,77.5,-1
1785793180.854,1417,340463,0,0.00000000,0.00000000,0.00,0,0,-39.54,-0.054,-0.9310,0.2940,1.2740,1.6051,0.576355,0.255615,0.532227,-0.565002,8.006,81.2,-1
1785793181.040,1418,340687,0,0.00000000,0.00000000,0.00,0,0,-39.48,-0.002,-0.7840,0.0490,-0.0980,0.7916,0.576355,0.255615,0.532227,-0.565002,8.005,85.0,-1
1785793181.289,1419,340913,0,0.00000000,0.00000000,0.00,0,0,-39.49,-0.017,-0.7350,0.0980,1.2250,1.4319,0.576355,0.255615,0.532227,-0.565002,8.005,77.5,-1
1785793181.538,1420,341129,0,0.00000000,0.00000000,0.00,0,0,-39.59,-0.060,-0.9800,0.3430,0.6860,1.2444,0.576355,0.255615,0.532227,-0.565002,8.001,85.0,-1
1785793181.724,1421,341353,0,0.00000000,0.00000000,0.00,0,0,-39.44,0.048,-1.2740,1.0290,0.3920,1.6839,0.576355,0.255615,0.532166,-0.565002,8.005,77.5,-1
1785793181.978,1422,341571,0,0.00000000,0.00000000,0.00,0,0,-39.45,0.036,-1.2250,0.4900,-0.1960,1.3338,0.576416,0.255615,0.532166,-0.565002,8.002,81.2,-1
1785793182.166,1423,341794,0,0.00000000,0.00000000,0.00,0,0,-39.65,-0.095,-0.9310,1.0290,0.0000,1.3877,0.576416,0.255554,0.532104,-0.565063,8.002,77.5,-1
1785793182.420,1424,342014,0,0.00000000,0.00000000,0.00,0,0,-39.52,-0.017,-0.5390,0.2940,0.4900,0.7855,0.576416,0.255554,0.532104,-0.565063,8.004,78.8,-1
1785793182.607,1425,342228,0,0.00000000,0.00000000,0.00,0,0,-39.55,-0.045,-1.0290,0.2940,0.9310,1.4185,0.576416,0.255554,0.532043,-0.565063,8.004,80.0,-1
1785793182.858,1426,342450,0,0.00000000,0.00000000,0.00,0,0,-39.66,-0.100,-0.8820,0.1470,0.0490,0.8955,0.576416,0.255554,0.532104,-0.565063,8.004,78.8,-1
1785793183.043,1427,342677,0,0.00000000,0.00000000,0.00,0,0,-39.47,0.024,-0.9800,0.7840,1.4210,1.8959,0.576477,0.255615,0.532043,-0.565063,8.005,77.5,-1
1785793183.291,1428,342894,0,0.00000000,0.00000000,0.00,0,0,-39.54,-0.012,-0.4410,0.7350,0.2450,0.8915,0.576416,0.255615,0.532104,-0.565002,8.002,80.0,-1
1785793183.541,1429,343140,0,0.00000000,0.00000000,0.00,0,0,-39.59,-0.049,-0.6860,0.1470,0.9800,1.2052,0.576416,0.255615,0.532166,-0.565002,8.004,76.2,-1
1785793183.730,1430,343364,0,0.00000000,0.00000000,0.00,0,0,-39.63,-0.069,-0.8820,0.2940,0.8820,1.2815,0.576416,0.255676,0.532166,-0.564941,8.002,80.0,-1
1785793183.982,1431,343588,0,0.00000000,0.00000000,0.00,0,0,-39.57,-0.032,0.0000,0.0000,2.4010,2.4010,0.576355,0.255676,0.532227,-0.564941,8.004,76.2,-1
1785793184.172,1432,343811,0,0.00000000,0.00000000,0.00,0,0,-39.58,-0.024,-1.5680,0.5390,0.5390,1.7435,0.576355,0.255676,0.532227,-0.564941,8.004,76.2,-1
1785793184.424,1433,344035,0,0.00000000,0.00000000,0.00,0,0,-39.59,-0.023,-1.1760,0.6860,0.0490,1.3623,0.576416,0.255676,0.532166,-0.564941,8.001,81.2,-1
1785793184.612,1434,344253,0,0.00000000,0.00000000,0.00,0,0,-39.60,-0.033,-0.9800,-0.4900,0.6860,1.2927,0.576416,0.255676,0.532166,-0.565002,8.002,76.2,-1
1785793184.864,1435,344479,0,0.00000000,0.00000000,0.00,0,0,-39.54,0.023,-0.9800,0.2940,0.4900,1.1344,0.576416,0.255676,0.532166,-0.565002,8.004,77.5,-1
1785793185.055,1436,344698,0,0.00000000,0.00000000,0.00,0,0,-39.63,-0.022,-0.0490,-0.0490,0.8330,0.8359,0.576416,0.255676,0.532166,-0.564941,8.004,81.2,-1
1785793185.303,1437,344923,0,0.00000000,0.00000000,0.00,0,0,-39.58,0.002,-1.4700,0.0980,-0.0490,1.4741,0.576355,0.255676,0.532227,-0.564941,8.005,80.0,-1
1785793185.495,1438,345143,0,0.00000000,0.00000000,0.00,0,0,-39.58,-0.016,-0.5880,-0.1470,0.5390,0.8111,0.576355,0.255737,0.532227,-0.564941,8.004,82.5,-1
1785793185.742,1439,345369,0,0.00000000,0.00000000,0.00,0,0,-39.59,-0.012,-0.6860,0.4410,0.5880,1.0054,0.576355,0.255737,0.532227,-0.564941,8.002,81.2,-1
1785793185.994,1440,345593,0,0.00000000,0.00000000,0.00,0,0,-39.69,-0.074,-0.7350,0.7840,0.1960,1.0924,0.576355,0.255798,0.532227,-0.564880,8.002,77.5,-1
1785793186.181,1441,345811,0,0.00000000,0.00000000,0.00,0,0,-39.66,-0.047,0.2940,-0.4900,2.0090,2.0887,0.576416,0.255859,0.532227,-0.564819,8.005,78.8,-1
1785793186.432,1442,346033,0,0.00000000,0.00000000,0.00,0,0,-39.58,0.026,-0.6370,0.6370,1.2250,1.5206,0.576477,0.255920,0.532104,-0.564819,8.004,77.5,-1
1785793186.623,1443,346250,0,0.00000000,0.00000000,0.00,0,0,-39.67,-0.017,-0.6370,0.4410,2.1070,2.2449,0.576477,0.255920,0.532043,-0.564880,8.004,81.2,-1
1785793186.876,1444,346473,0,0.00000000,0.00000000,0.00,0,0,-39.58,0.046,-0.5390,0.0000,0.8820,1.0337,0.576477,0.255798,0.532104,-0.564941,8.004,78.8,-1
1785793187.064,1445,346693,0,0.00000000,0.00000000,0.00,0,0,-39.50,0.109,-0.8820,0.3430,-0.5390,1.0891,0.576538,0.255737,0.532043,-0.564941,8.004,77.5,-1
1785793187.314,1446,346914,0,0.00000000,0.00000000,0.00,0,0,-39.61,0.039,-0.9800,1.0290,0.3430,1.4618,0.576538,0.255859,0.531921,-0.564941,8.005,77.5,-1
1785793187.502,1447,347130,0,0.00000000,0.00000000,0.00,0,0,-39.57,0.048,-0.6860,0.4900,0.4410,0.9514,0.576538,0.255859,0.531982,-0.564880,8.004,80.0,-1
1785793187.752,1448,347356,0,0.00000000,0.00000000,0.00,0,0,-39.68,-0.011,-0.6860,-0.7350,2.6460,2.8306,0.576538,0.255920,0.531982,-0.564880,8.005,76.2,-1
1785793187.941,1449,347575,0,0.00000000,0.00000000,0.00,0,0,-39.58,0.051,-0.4900,0.1470,1.0290,1.1492,0.576538,0.255920,0.532043,-0.564880,8.004,80.0,-1
1785793188.191,1450,347795,0,0.00000000,0.00000000,0.00,0,0,-39.64,-0.006,-1.9110,1.1270,-2.1070,3.0597,0.576538,0.255981,0.532043,-0.564819,8.004,76.2,-1
1785793188.379,1451,348017,0,0.00000000,0.00000000,0.00,0,0,-39.53,0.066,-1.3720,0.8820,-0.0980,1.6340,0.576538,0.255981,0.532043,-0.564819,8.004,76.2,-1
1785793188.629,1452,348234,0,0.00000000,0.00000000,0.00,0,0,-39.61,-0.001,-0.3920,0.1470,1.1760,1.2483,0.576538,0.255920,0.532043,-0.564819,8.001,80.0,-1
1785793188.818,1453,348457,0,0.00000000,0.00000000,0.00,0,0,-39.57,0.050,-0.6860,0.7350,1.3230,1.6617,0.576538,0.255920,0.531982,-0.564880,8.004,78.8,-1
1785793189.068,1454,348678,0,0.00000000,0.00000000,0.00,0,0,-39.56,0.036,-0.0490,0.2450,0.6860,0.7301,0.576599,0.255859,0.531921,-0.564880,8.004,76.2,-1
1785793189.254,1455,348900,0,0.00000000,0.00000000,0.00,0,0,-39.52,0.066,-0.6370,0.3920,1.2250,1.4353,0.576538,0.255859,0.531982,-0.564880,8.002,77.5,-1
1785793189.506,1456,349141,0,0.00000000,0.00000000,0.00,0,0,-39.58,0.002,-0.7840,-0.2450,0.7350,1.1022,0.576538,0.255920,0.531982,-0.564880,8.002,75.0,-1
1785793189.760,1457,349369,0,0.00000000,0.00000000,0.00,0,0,-39.60,-0.011,-0.7350,0.6370,0.5390,1.1120,0.576538,0.255920,0.531982,-0.564880,8.002,80.0,-1
1785793189.951,1458,349594,0,0.00000000,0.00000000,0.00,0,0,-39.71,-0.087,-0.8330,0.6370,0.6860,1.2531,0.576538,0.255920,0.532043,-0.564880,8.004,77.5,-1
1785793190.203,1459,349820,0,0.00000000,0.00000000,0.00,0,0,-39.62,-0.035,-0.5880,0.0000,0.2450,0.6370,0.576538,0.255920,0.532043,-0.564880,8.002,78.8,-1
1785793190.454,1460,350039,0,0.00000000,0.00000000,0.00,0,0,-39.52,0.035,-1.1760,0.7840,0.0490,1.4142,0.576538,0.255920,0.532043,-0.564880,8.002,77.5,-1
1785793190.642,1461,350260,0,0.00000000,0.00000000,0.00,0,0,-39.61,-0.018,-1.0290,0.6860,0.4900,1.3302,0.576538,0.255920,0.532043,-0.564880,8.004,81.2,-1
1785793190.892,1462,350480,0,0.00000000,0.00000000,0.00,0,0,-39.49,0.074,-0.5880,0.0490,0.5880,0.8330,0.576538,0.255920,0.532043,-0.564880,8.004,76.2,-1
1785793191.080,1463,350701,0,0.00000000,0.00000000,0.00,0,0,-39.59,0.015,-0.4900,0.0490,0.4900,0.6947,0.576538,0.255920,0.532043,-0.564880,8.001,82.5,-1
1785793191.335,1464,350924,0,0.00000000,0.00000000,0.00,0,0,-39.62,-0.024,-0.2940,0.1960,0.7350,0.8155,0.576538,0.255920,0.532043,-0.564880,8.002,78.8,-1
1785793191.525,1465,351137,0,0.00000000,0.00000000,0.00,0,0,-39.62,-0.017,-0.6860,0.8330,0.8330,1.3632,0.576538,0.255920,0.532043,-0.564880,8.002,83.8,-1
1785793191.778,1466,351363,0,0.00000000,0.00000000,0.00,0,0,-39.58,0.008,-0.7350,0.0980,0.8820,1.1523,0.576538,0.255920,0.532043,-0.564880,8.004,82.5,-1
1785793191.965,1467,351584,0,0.00000000,0.00000000,0.00,0,0,-39.54,0.030,-0.0980,-0.5880,1.1270,1.2749,0.576538,0.255981,0.532043,-0.564819,8.002,80.0,-1
1785793192.215,1468,351804,0,0.00000000,0.00000000,0.00,0,0,-39.55,0.041,-0.4410,0.0980,1.3230,1.3980,0.576477,0.255981,0.532043,-0.564819,8.002,82.5,-1
1785793192.403,1469,352023,0,0.00000000,0.00000000,0.00,0,0,-39.45,0.091,-0.8330,0.3430,0.4410,1.0030,0.576477,0.255981,0.532043,-0.564819,8.001,81.2,-1
1785793192.592,1470,352237,0,0.00000000,0.00000000,0.00,0,0,-39.58,0.009,-1.2740,0.0980,0.9310,1.5810,0.576538,0.255981,0.532043,-0.564819,8.004,82.5,-1
1785793192.845,1471,352463,0,0.00000000,0.00000000,0.00,0,0,-39.50,0.054,-1.0290,0.2940,0.5390,1.1982,0.576599,0.255981,0.531982,-0.564819,8.005,80.0,-1
1785793193.099,1472,352688,0,0.00000000,0.00000000,0.00,0,0,-39.57,0.007,-0.8330,0.3430,0.7840,1.1942,0.576599,0.255920,0.531921,-0.564880,8.002,78.8,-1
1785793193.288,1473,352915,0,0.00000000,0.00000000,0.00,0,0,-39.57,0.033,-0.2450,0.5880,1.1760,1.3374,0.576660,0.255981,0.531860,-0.564880,8.001,86.2,-1
1785793193.537,1474,353131,0,0.00000000,0.00000000,0.00,0,0,-39.60,0.009,-0.8820,-0.0490,0.4410,0.9873,0.576660,0.256042,0.531921,-0.564819,8.001,80.0,-1
1785793193.727,1475,353359,0,0.00000000,0.00000000,0.00,0,0,-39.69,-0.053,-0.7840,-0.2940,0.1960,0.8599,0.576660,0.256104,0.531921,-0.564758,8.002,83.8,-1
1785793193.977,1476,353581,0,0.00000000,0.00000000,0.00,0,0,-39.60,-0.008,-1.0780,0.6860,1.3230,1.8393,0.576599,0.256104,0.531921,-0.564758,8.002,78.8,-1
1785793194.168,1477,353808,0,0.00000000,0.00000000,0.00,0,0,-39.58,-0.006,-0.5880,0.2940,1.3720,1.5214,0.576599,0.256042,0.531921,-0.564819,8.004,83.8,-1
1785793194.422,1478,354027,0,0.00000000,0.00000000,0.00,0,0,-39.64,-0.044,-0.1470,0.1960,0.9310,0.9627,0.576599,0.255981,0.531921,-0.564819,8.002,82.5,-1
1785793194.609,1479,354244,0,0.00000000,0.00000000,0.00,0,0,-39.62,-0.040,-0.4900,0.0000,0.4900,0.6930,0.576599,0.255981,0.531921,-0.564880,8.001,81.2,-1
1785793194.864,1480,354470,0,0.00000000,0.00000000,0.00,0,0,-39.60,-0.027,-0.5880,0.0490,-0.0980,0.5981,0.576599,0.255981,0.531921,-0.564880,8.004,85.0,-1
1785793195.054,1481,354690,0,0.00000000,0.00000000,0.00,0,0,-39.59,-0.021,-0.8330,0.2940,0.4410,0.9873,0.576599,0.255981,0.531921,-0.564819,8.006,83.8,-1
1785793195.305,1482,354912,0,0.00000000,0.00000000,0.00,0,0,-39.56,-0.007,-0.6860,-0.7350,0.7350,1.2454,0.576538,0.255981,0.531982,-0.564819,8.002,78.8,-1
1785793195.506,1483,355154,0,0.00000000,0.00000000,0.00,0,0,-39.64,-0.045,-0.5880,0.2940,0.6860,0.9501,0.576538,0.255981,0.531982,-0.564819,8.004,77.5,-1
1785793195.749,1484,355383,0,0.00000000,0.00000000,0.00,0,0,-39.55,0.020,-0.5390,0.2450,1.3720,1.4943,0.576538,0.255981,0.531982,-0.564819,8.002,78.8,-1
1785793196.002,1485,355605,0,0.00000000,0.00000000,0.00,0,0,-39.53,0.047,-0.6370,0.1470,0.6860,0.9476,0.576538,0.255981,0.532043,-0.564819,8.001,86.2,-1
1785793196.191,1486,355831,0,0.00000000,0.00000000,0.00,0,0,-39.68,-0.046,-0.4410,0.1960,0.6860,0.8387,0.576538,0.255920,0.531982,-0.564880,8.001,81.2,-1
1785793196.443,1487,356054,0,0.00000000,0.00000000,0.00,0,0,-39.67,-0.039,-0.6860,0.3920,1.0780,1.3365,0.576538,0.255920,0.531982,-0.564880,8.001,78.8,-1
1785793196.631,1488,356272,0,0.00000000,0.00000000,0.00,0,0,-39.58,-0.003,0.1960,0.0490,1.0780,1.0968,0.576538,0.255920,0.531982,-0.564880,8.001,82.5,-1
1785793196.883,1489,356495,0,0.00000000,0.00000000,0.00,0,0,-39.61,0.005,-0.3920,0.3920,0.5880,0.8081,0.576599,0.255920,0.531921,-0.564880,8.006,80.0,-1
1785793197.073,1490,356715,0,0.00000000,0.00000000,0.00,0,0,-39.57,0.023,-0.4900,0.5880,0.6860,1.0278,0.576599,0.255920,0.531921,-0.564880,8.005,77.5,-1
1785793197.325,1491,356934,0,0.00000000,0.00000000,0.00,0,0,-39.55,0.039,-0.2940,0.0490,0.7350,0.7931,0.576538,0.255920,0.531982,-0.564880,8.002,83.8,-1
1785793197.515,1492,357146,0,0.00000000,0.00000000,0.00,0,0,-39.54,0.053,-0.1470,0.0980,0.5880,0.6140,0.576538,0.255920,0.531982,-0.564880,8.001,83.8,-1
1785793197.767,1493,357366,0,0.00000000,0.00000000,0.00,0,0,-39.61,-0.002,-1.0780,0.5880,0.6860,1.4066,0.576538,0.255920,0.531982,-0.564880,8.002,82.5,-1
1785793197.956,1494,357586,0,0.00000000,0.00000000,0.00,0,0,-39.72,-0.071,-0.1960,0.2450,1.1270,1.1699,0.576599,0.255981,0.531982,-0.564880,8.002,82.5,-1
1785793198.203,1495,357804,0,0.00000000,0.00000000,0.00,0,0,-39.57,0.024,-0.5880,0.2450,0.8820,1.0880,0.576599,0.255981,0.531921,-0.564819,8.000,87.5,-1
1785793198.392,1496,358029,0,0.00000000,0.00000000,0.00,0,0,-39.47,0.097,-0.7840,0.7350,0.2450,1.1022,0.576660,0.256042,0.531860,-0.564819,8.002,83.8,-1
1785793198.647,1497,358244,0,0.00000000,0.00000000,0.00,0,0,-39.58,0.017,-0.3430,0.2940,0.7350,0.8627,0.576660,0.256042,0.531860,-0.564819,8.000,85.0,-1
1785793198.836,1498,358470,0,0.00000000,0.00000000,0.00,0,0,-39.55,0.034,-1.1760,0.2940,0.2450,1.2367,0.576721,0.256042,0.531799,-0.564819,8.004,83.8,-1
1785793199.089,1499,358689,0,0.00000000,0.00000000,0.00,0,0,-39.55,0.023,-0.5390,0.1470,0.9310,1.0858,0.576721,0.256104,0.531860,-0.564758,8.001,85.0,-1
1785793199.277,1500,358908,0,0.00000000,0.00000000,0.00,0,0,-39.63,-0.028,-0.4410,0.2450,1.0780,1.1902,0.576660,0.256104,0.531860,-0.564758,7.999,88.8,-1
1785793199.529,1501,359154,0,0.00000000,0.00000000,0.00,0,0,-39.62,-0.023,-0.5390,0.1470,1.4700,1.5726,0.576721,0.256104,0.531921,-0.564697,7.999,82.5,-1
1785793199.779,1502,359380,0,0.00000000,0.00000000,0.00,0,0,-39.66,-0.029,-0.3430,0.1960,0.7350,0.8344,0.576660,0.256042,0.532043,-0.564697,8.002,80.0,-1
1785793199.968,1503,359603,0,0.00000000,0.00000000,0.00,0,0,-39.51,0.050,-0.9310,0.4410,0.6370,1.2112,0.576477,0.256042,0.532288,-0.564636,8.004,80.0,-1
1785793200.214,1504,359821,0,0.00000000,0.00000000,0.00,0,0,-39.59,-0.004,-0.4900,0.3920,0.5880,0.8599,0.576416,0.256042,0.532288,-0.564697,8.004,76.2,-1
1785793200.397,1505,360040,0,0.00000000,0.00000000,0.00,0,0,-39.56,0.020,-0.2450,0.0000,0.8820,0.9154,0.576355,0.255981,0.532227,-0.564758,8.002,82.5,-1
1785793200.641,1506,360250,0,0.00000000,0.00000000,0.00,0,0,-39.59,0.000,-0.8330,0.1470,0.8820,1.2221,0.576416,0.255859,0.532227,-0.564819,8.001,86.2,-1
1785793200.826,1507,360473,0,0.00000000,0.00000000,0.00,0,0,-39.50,0.044,0.0000,0.1960,1.6170,1.6288,0.576538,0.255737,0.532104,-0.564880,8.005,86.2,-1
1785793201.076,1508,360692,0,0.00000000,0.00000000,0.00,0,0,-39.59,-0.005,-0.7350,0.4900,0.8330,1.2142,0.576477,0.255676,0.532227,-0.564819,8.004,82.5,-1
1785793201.267,1509,360913,0,0.00000000,0.00000000,0.00,0,0,-39.61,-0.038,-1.0290,0.1960,0.8330,1.3383,0.576477,0.254883,0.532471,-0.565002,8.004,81.2,-1
1785793201.518,1510,361153,0,0.00000000,0.00000000,0.00,0,0,-39.53,0.019,-0.3920,-0.0980,0.4900,0.6351,0.576538,0.254944,0.532410,-0.564941,8.000,83.8,-1
1785793201.772,1511,361375,0,0.00000000,0.00000000,0.00,0,0,-39.58,-0.030,-0.5390,0.1470,1.0290,1.1709,0.576599,0.255249,0.532410,-0.564758,8.005,82.5,-1
1785793201.962,1512,361598,0,0.00000000,0.00000000,0.00,0,0,-39.46,0.057,-0.4900,0.2450,0.7350,0.9167,0.576782,0.256653,0.531799,-0.564514,8.001,87.5,-1
1785793202.215,1513,361825,0,0.00000000,0.00000000,0.00,0,0,-39.45,0.056,-0.7350,0.6860,1.2250,1.5848,0.576721,0.257080,0.530701,-0.565369,8.004,81.2,-1
1785793202.405,1514,362050,0,0.00000000,0.00000000,0.00,0,0,-39.52,0.014,-0.9800,0.5880,1.1760,1.6399,0.576660,0.255798,0.530823,-0.565918,8.004,81.2,-1
1785793202.659,1515,362268,0,0.00000000,0.00000000,0.00,0,0,-39.61,-0.053,-0.4410,0.5390,0.6370,0.9438,0.576538,0.255920,0.531372,-0.565491,8.004,80.0,-1
1785793202.846,1516,362486,0,0.00000000,0.00000000,0.00,0,0,-39.54,0.008,-0.3920,0.2450,0.0490,0.4649,0.576416,0.256165,0.531494,-0.565369,8.004,82.5,-1
1785793203.099,1517,362709,0,0.00000000,0.00000000,0.00,0,0,-39.59,-0.003,-0.2940,-0.6370,0.7350,1.0161,0.576599,0.256836,0.531250,-0.565063,8.005,80.0,-1
1785793203.290,1518,362924,0,0.00000000,0.00000000,0.00,0,0,-39.62,-0.026,-0.2940,0.6860,1.1270,1.3517,0.576477,0.256409,0.531372,-0.565308,8.004,80.0,-1
1785793203.542,1519,363144,0,0.00000000,0.00000000,0.00,0,0,-39.52,0.015,-0.8330,0.3920,0.4900,1.0429,0.576416,0.256226,0.531311,-0.565491,8.002,82.5,-1
1785793203.730,1520,363370,0,0.00000000,0.00000000,0.00,0,0,-39.52,0.013,-0.5390,0.0000,0.7350,0.9115,0.576416,0.256104,0.531250,-0.565613,8.005,80.0,-1
1785793203.981,1521,363590,0,0.00000000,0.00000000,0.00,0,0,-39.51,0.016,-0.5390,0.7840,1.0290,1.4014,0.576416,0.256104,0.531311,-0.565613,8.006,80.0,-1
1785793204.171,1522,363818,0,0.00000000,0.00000000,0.00,0,0,-39.43,0.052,-0.4410,0.1960,1.4210,1.5007,0.576477,0.256042,0.531189,-0.565613,8.005,81.2,-1
1785793204.422,1523,364041,0,0.00000000,0.00000000,0.00,0,0,-39.56,-0.047,-0.3920,0.4410,1.5680,1.6753,0.576477,0.255676,0.531250,-0.565796,8.004,76.2,-1
1785793204.612,1524,364258,0,0.00000000,0.00000000,0.00,0,0,-39.54,-0.036,-0.3920,0.8330,1.5680,1.8183,0.576538,0.255859,0.531067,-0.565796,8.000,86.2,-1
1785793204.862,1525,364483,0,0.00000000,0.00000000,0.00,0,0,-39.53,-0.018,-0.6370,0.3430,1.1270,1.3392,0.576599,0.255859,0.530945,-0.565857,8.002,77.5,-1
1785793205.116,1526,364708,0,0.00000000,0.00000000,0.00,0,0,-39.58,-0.046,-0.7840,0.3430,0.5880,1.0383,0.576477,0.255920,0.530945,-0.565918,8.004,82.5,-1
1785793205.304,1527,364933,0,0.00000000,0.00000000,0.00,0,0,-39.47,0.018,-0.2940,0.0000,0.3920,0.4900,0.576416,0.255737,0.531006,-0.566040,8.005,80.0,-1
1785793205.557,1528,365148,0,0.00000000,0.00000000,0.00,0,0,-39.42,0.035,-0.6860,0.5880,0.1960,0.9245,0.576355,0.255798,0.531067,-0.565979,8.002,83.8,-1
1785793205.742,1529,365374,0,0.00000000,0.00000000,0.00,0,0,-39.55,-0.059,-0.6370,0.6860,0.4410,1.0348,0.576233,0.255798,0.531128,-0.566040,8.002,80.0,-1
1785793205.993,1530,365593,0,0.00000000,0.00000000,0.00,0,0,-39.51,-0.028,-0.7840,0.3920,0.5880,1.0555,0.576233,0.255798,0.531189,-0.565979,8.004,81.2,-1
1785793206.182,1531,365815,0,0.00000000,0.00000000,0.00,0,0,-39.51,-0.009,-0.8330,0.3920,-0.3920,1.0006,0.576233,0.255859,0.531250,-0.565918,8.005,80.0,-1
1785793206.433,1532,366043,0,0.00000000,0.00000000,0.00,0,0,-39.55,-0.049,-0.4410,0.6370,1.1270,1.3676,0.576172,0.255981,0.531250,-0.565918,8.004,83.8,-1
1785793206.623,1533,366253,0,0.00000000,0.00000000,0.00,0,0,-39.54,-0.044,-0.4900,0.3430,0.4900,0.7732,0.576111,0.255676,0.531372,-0.565979,8.005,82.5,-1
1785793206.873,1534,366474,0,0.00000000,0.00000000,0.00,0,0,-39.69,-0.132,-0.3920,0.2450,0.5880,0.7480,0.576233,0.255676,0.531372,-0.565857,8.004,83.8,-1
