rx_time,seq,timestamp_ms,state,lat,lon,gps_alt_m,gps_sats,gps_fix,baro_alt_m,vert_vel_ms,accel_x_g,accel_y_g,accel_z_g,accel_mag_g,quat_w,quat_x,quat_y,quat_z,voltage_v,current_ma,rssi
1785813045.138,0,4837,0,0.00000000,0.00000000,0.00,0,0,-39.35,0.000,-0.3920,-0.0490,1.2740,1.3338,0.000000,0.000000,0.000000,0.000000,8.004,83.8,-1
1785813045.325,1,5038,0,0.00000000,0.00000000,0.00,0,0,-39.23,0.093,-0.6370,0.2940,1.1760,1.3694,0.465881,-0.419861,0.029297,0.778381,7.996,143.8,-1
1785813045.512,2,5248,0,0.00000000,0.00000000,0.00,0,0,-39.03,0.181,-0.3430,0.1470,1.0290,1.0946,0.465820,-0.419861,0.029358,0.778381,7.997,142.5,-1
1785813045.763,3,5471,0,0.00000000,0.00000000,0.00,0,0,-38.90,0.226,-0.5390,0.2940,0.9310,1.1152,0.465820,-0.419861,0.029419,0.778381,7.996,147.5,-1
1785813045.949,4,5694,0,0.00000000,0.00000000,0.00,0,0,-38.97,0.152,-0.3920,0.0490,1.1760,1.2406,0.465759,-0.419922,0.029297,0.778381,7.999,143.8,-1
1785813046.200,5,5912,0,0.00000000,0.00000000,0.00,0,0,-38.93,0.168,-0.2450,0.0000,0.7840,0.8214,0.465759,-0.419983,0.029236,0.778381,7.995,143.8,-1
1785813046.449,6,6157,0,0.00000000,0.00000000,0.00,0,0,-38.94,0.151,-0.3920,0.1470,0.8330,0.9323,0.465759,-0.419983,0.029236,0.778320,7.997,140.0,-1
1785813046.638,7,6384,0,0.00000000,0.00000000,0.00,0,0,-38.86,0.178,-0.8330,-0.0490,0.7840,1.1450,0.465759,-0.419922,0.029236,0.778381,8.000,140.0,-1
1785813046.888,8,6607,0,0.00000000,0.00000000,0.00,0,0,-38.89,0.149,-0.5390,0.1960,1.3230,1.4420,0.465698,-0.419861,0.029297,0.778503,8.000,143.8,-1
1785813053.028,9,12737,0,0.00000000,0.00000000,0.00,0,0,-38.97,0.008,-0.1960,0.8330,0.8820,1.2289,0.465637,-0.419861,0.029358,0.778503,8.012,81.2,-1
1785813053.215,10,12959,0,0.00000000,0.00000000,0.00,0,0,-38.99,0.135,-0.3920,-0.0980,1.0780,1.1512,0.465576,-0.419800,0.029114,0.778564,7.999,138.8,-1
1785813053.466,11,13174,0,0.00000000,0.00000000,0.00,0,0,-38.84,0.205,-0.6370,0.2940,1.0290,1.2454,0.465637,-0.419739,0.029114,0.778564,7.996,141.2,-1
1785813053.714,12,13401,0,0.00000000,0.00000000,0.00,0,0,-38.85,0.171,-0.4410,0.0980,1.0290,1.1238,0.465637,-0.419800,0.029114,0.778503,7.997,138.8,-1
1785813053.901,13,13621,0,0.00000000,0.00000000,0.00,0,0,-38.90,0.118,-0.5390,0.2450,1.2740,1.4049,0.465637,-0.419800,0.029114,0.778564,7.997,142.5,-1
1785813054.152,14,13844,0,0.00000000,0.00000000,0.00,0,0,-39.00,0.038,-0.5390,0.0980,0.8330,0.9970,0.465576,-0.419800,0.029236,0.778564,7.996,136.2,-1
1785813054.341,15,14072,0,0.00000000,0.00000000,0.00,0,0,-39.03,0.004,-0.2940,0.2940,1.1760,1.2473,0.465515,-0.419800,0.029175,0.778564,7.999,141.2,-1
1785813054.588,16,14291,0,0.00000000,0.00000000,0.00,0,0,-39.00,0.037,-0.4410,0.4410,1.2250,1.3746,0.465576,-0.419922,0.029053,0.778503,8.000,140.0,-1
1785813054.775,17,14509,0,0.00000000,0.00000000,0.00,0,0,-39.04,0.001,-0.2450,0.3430,1.0780,1.1575,0.465515,-0.419922,0.029175,0.778564,7.999,146.2,-1
1785813060.943,18,20643,0,0.00000000,0.00000000,0.00,0,0,-39.02,0.072,-0.6370,0.0490,0.9800,1.1699,0.465454,-0.419922,0.029175,0.778564,8.011,88.8,-1
1785813061.132,19,20862,0,0.00000000,0.00000000,0.00,0,0,-38.98,0.070,-0.3920,0.0490,0.8820,0.9664,0.463806,-0.414246,0.025146,0.782715,7.992,201.2,-1
1785813061.385,20,21084,0,0.00000000,0.00000000,0.00,0,0,-38.79,0.180,-0.5390,0.3920,1.1760,1.3517,0.464233,-0.416260,0.026489,0.781372,7.994,211.2,-1
1785813061.574,21,21303,0,0.00000000,0.00000000,0.00,0,0,-38.86,0.152,-0.7350,0.1960,0.9800,1.2406,0.464417,-0.417114,0.027344,0.780762,7.992,235.0,-1
1785813061.825,22,21525,0,0.00000000,0.00000000,0.00,0,0,-38.83,0.147,-0.4410,0.0980,1.0780,1.1688,0.464417,-0.417114,0.027588,0.780762,7.996,201.2,-1
1785813062.014,23,21747,0,0.00000000,0.00000000,0.00,0,0,-38.79,0.154,-0.6860,0.4410,0.9800,1.2749,0.464417,-0.417114,0.027527,0.780762,7.989,237.5,-1
1785813062.264,24,21965,0,0.00000000,0.00000000,0.00,0,0,-38.81,0.120,-0.3430,0.0980,0.7840,0.8613,0.464417,-0.417114,0.027527,0.780762,7.989,237.5,-1
1785813062.449,25,22179,0,0.00000000,0.00000000,0.00,0,0,-38.65,0.194,-0.4900,0.3430,1.1760,1.3194,0.464355,-0.417114,0.027588,0.780762,7.999,178.8,-1
1785813062.701,26,22403,0,0.00000000,0.00000000,0.00,0,0,-38.88,0.047,-0.4410,0.1470,0.9310,1.0406,0.464417,-0.417236,0.027588,0.780701,7.994,185.0,-1
1785813062.888,27,22628,0,0.00000000,0.00000000,0.00,0,0,-38.76,0.098,-0.2940,-0.1470,0.9800,1.0337,0.464417,-0.417236,0.027405,0.780701,7.992,238.8,-1
1785813063.140,28,22848,0,0.00000000,0.00000000,0.00,0,0,-38.75,0.072,-0.6370,0.4900,1.2740,1.5063,0.464417,-0.417297,0.027405,0.780640,7.997,225.0,-1
1785813063.329,29,23070,0,0.00000000,0.00000000,0.00,0,0,-38.72,0.088,-0.7840,0.5390,1.0780,1.4378,0.464417,-0.417297,0.027344,0.780640,7.995,187.5,-1
1785813063.580,30,23290,0,0.00000000,0.00000000,0.00,0,0,-38.82,0.008,-0.3920,0.0980,1.3230,1.3833,0.464417,-0.417297,0.027344,0.780640,7.995,211.2,-1
1785813063.767,31,23511,0,0.00000000,0.00000000,0.00,0,0,-38.89,-0.024,-0.1960,0.0490,1.0290,1.0486,0.464417,-0.417358,0.027405,0.780640,8.002,171.2,-1
1785813064.019,32,23728,0,0.00000000,0.00000000,0.00,0,0,-38.60,0.140,-0.3430,0.2940,0.7350,0.8627,0.464417,-0.417358,0.027344,0.780640,7.991,215.0,-1
1785813064.211,33,23950,0,0.00000000,0.00000000,0.00,0,0,-38.61,0.122,-0.4900,0.1470,1.1760,1.2825,0.464417,-0.417358,0.027344,0.780640,7.988,230.0,-1
1785813064.462,34,24163,0,0.00000000,0.00000000,0.00,0,0,-38.65,0.088,-0.5880,0.1470,1.0290,1.1942,0.464417,-0.417358,0.027405,0.780640,7.997,136.2,-1
1785813064.651,35,24386,0,0.00000000,0.00000000,0.00,0,0,-38.48,0.200,-0.3920,0.0980,1.0290,1.1055,0.464417,-0.417358,0.027405,0.780640,8.000,138.8,-1
1785813064.903,36,24614,0,0.00000000,0.00000000,0.00,0,0,-38.61,0.108,-0.4900,0.0980,1.3230,1.4142,0.464355,-0.417419,0.027466,0.780640,8.000,146.2,-1
1785813065.153,37,24840,0,0.00000000,0.00000000,0.00,0,0,-38.60,0.107,-0.7350,0.5390,1.4210,1.6882,0.464355,-0.417419,0.027466,0.780640,7.997,146.2,-1
1785813065.343,38,25064,0,0.00000000,0.00000000,0.00,0,0,-38.67,0.054,-0.7350,0.1470,0.9800,1.2338,0.464355,-0.417419,0.027466,0.780640,8.000,141.2,-1
1785813065.593,39,25282,0,0.00000000,0.00000000,0.00,0,0,-38.78,-0.015,-0.5390,0.4410,0.8820,1.1238,0.464355,-0.417358,0.027466,0.780640,8.000,145.0,-1
1785813065.782,40,25501,0,0.00000000,0.00000000,0.00,0,0,-38.67,0.049,-0.7840,0.2940,0.7840,1.1471,0.464355,-0.417358,0.027466,0.780640,7.997,140.0,-1
1785813066.031,41,25726,0,0.00000000,0.00000000,0.00,0,0,-38.77,-0.005,-0.5880,0.1960,0.9310,1.1184,0.464355,-0.417419,0.027466,0.780640,7.997,143.8,-1
1785813066.219,42,25947,0,0.00000000,0.00000000,0.00,0,0,-38.71,0.011,-0.5880,0.5390,0.8820,1.1892,0.464355,-0.417480,0.027527,0.780640,7.996,143.8,-1
1785813066.471,43,26167,0,0.00000000,0.00000000,0.00,0,0,-38.70,0.005,-0.4410,0.2940,0.9800,1.1141,0.464355,-0.417419,0.027527,0.780640,7.996,141.2,-1
1785813066.660,44,26390,0,0.00000000,0.00000000,0.00,0,0,-38.69,-0.010,-0.5880,0.1960,0.9800,1.1596,0.464355,-0.417419,0.027405,0.780640,7.996,138.8,-1
1785813066.913,45,26617,0,0.00000000,0.00000000,0.00,0,0,-38.57,0.091,-0.3920,0.3430,0.9800,1.1098,0.464233,-0.417419,0.027527,0.780701,7.996,146.2,-1
1785813067.100,46,26835,0,0.00000000,0.00000000,0.00,0,0,-38.74,-0.011,-0.1960,0.2450,0.9310,0.9824,0.464294,-0.417480,0.027588,0.780640,7.995,143.8,-1
1785813067.351,47,27059,0,0.00000000,0.00000000,0.00,0,0,-38.75,-0.035,-0.7350,0.3430,1.2250,1.4692,0.464233,-0.417542,0.027466,0.780640,7.995,143.8,-1
1785813067.540,48,27275,0,0.00000000,0.00000000,0.00,0,0,-38.88,-0.075,-0.4410,0.0980,0.9310,1.0348,0.464294,-0.417603,0.027466,0.780579,7.995,148.8,-1
1785813067.791,49,27499,0,0.00000000,0.00000000,0.00,0,0,-38.85,-0.039,-0.4900,-0.0490,0.9310,1.0532,0.464294,-0.417542,0.027527,0.780579,7.996,145.0,-1
1785813067.980,50,27721,0,0.00000000,0.00000000,0.00,0,0,-38.80,0.002,-1.0290,0.8330,0.8330,1.5642,0.464294,-0.417419,0.027466,0.780640,7.999,140.0,-1
1785813068.231,51,27942,0,0.00000000,0.00000000,0.00,0,0,-38.80,0.003,-0.4900,0.2940,0.6860,0.8928,0.464355,-0.417358,0.027405,0.780640,7.997,143.8,-1
1785813068.419,52,28159,0,0.00000000,0.00000000,0.00,0,0,-38.72,0.058,-0.6860,0.1470,0.8330,1.0891,0.464355,-0.417297,0.027405,0.780701,7.997,147.5,-1
1785813068.672,53,28380,0,0.00000000,0.00000000,0.00,0,0,-38.76,0.022,-0.8330,0.2940,1.5680,1.7997,0.464417,-0.417236,0.027344,0.780701,7.996,142.5,-1
1785813068.857,54,28600,0,0.00000000,0.00000000,0.00,0,0,-38.71,0.070,-0.5880,0.4410,1.0780,1.3047,0.464355,-0.417236,0.027344,0.780762,7.997,143.8,-1
1785813069.106,55,28820,0,0.00000000,0.00000000,0.00,0,0,-38.75,0.045,-0.4900,0.3430,0.8820,1.0657,0.464355,-0.417297,0.027405,0.780701,7.996,137.5,-1
1785813069.356,56,29040,0,0.00000000,0.00000000,0.00,0,0,-38.95,-0.103,-0.5390,0.1470,1.3720,1.4814,0.464355,-0.417236,0.027466,0.780701,7.995,147.5,-1
1785813069.544,57,29255,0,0.00000000,0.00000000,0.00,0,0,-39.04,-0.152,-0.4410,0.4410,1.4210,1.5518,0.464355,-0.417236,0.027527,0.780762,7.999,141.2,-1
1785813069.795,58,29481,0,0.00000000,0.00000000,0.00,0,0,-38.86,-0.030,-0.5390,0.0490,0.8820,1.0348,0.464355,-0.417175,0.027527,0.780762,7.999,146.2,-1
1785813069.985,59,29700,0,0.00000000,0.00000000,0.00,0,0,-38.90,-0.032,-0.5880,0.2450,1.0780,1.2521,0.464600,-0.416809,0.027100,0.780823,7.997,150.0,-1
1785813070.238,60,29923,0,0.00000000,0.00000000,0.00,0,0,-38.70,0.075,-0.6860,0.2450,1.0290,1.2607,0.464539,-0.417114,0.027649,0.780640,8.001,138.8,-1
1785813070.424,61,30135,0,0.00000000,0.00000000,0.00,0,0,-38.85,-0.023,-0.6370,0.3430,1.2250,1.4227,0.464600,-0.417114,0.027466,0.780640,7.999,145.0,-1
1785813070.615,62,30352,0,0.00000000,0.00000000,0.00,0,0,-38.77,0.037,-0.6370,0.0980,0.8820,1.0924,0.464539,-0.417053,0.027344,0.780701,7.999,141.2,-1
1785813070.866,63,30577,0,0.00000000,0.00000000,0.00,0,0,-38.73,0.074,-0.4900,0.2450,1.0290,1.1657,0.464539,-0.417053,0.027466,0.780701,7.999,145.0,-1
1785813071.116,64,30803,0,0.00000000,0.00000000,0.00,0,0,-38.93,-0.059,-0.5880,0.3430,0.6370,0.9323,0.464478,-0.417114,0.027405,0.780701,7.999,146.2,-1
1785813071.304,65,31022,0,0.00000000,0.00000000,0.00,0,0,-39.00,-0.110,-0.4900,0.0000,0.9800,1.0957,0.464417,-0.417175,0.027588,0.780762,8.000,145.0,-1
1785813071.553,66,31237,0,0.00000000,0.00000000,0.00,0,0,-38.98,-0.132,-0.3920,0.2450,0.8820,0.9958,0.464355,-0.417297,0.027466,0.780701,7.997,143.8,-1
1785813071.740,67,31454,0,0.00000000,0.00000000,0.00,0,0,-39.04,-0.158,-0.2450,0.2450,0.9800,1.0394,0.464417,-0.417297,0.027405,0.780701,7.999,146.2,-1
1785813071.990,68,31674,0,0.00000000,0.00000000,0.00,0,0,-38.98,-0.140,-0.3920,0.0980,1.1760,1.2435,0.464355,-0.417358,0.027344,0.780701,7.999,146.2,-1
1785813072.178,69,31897,0,0.00000000,0.00000000,0.00,0,0,-38.99,-0.125,-0.5880,0.2450,0.8820,1.0880,0.464355,-0.417358,0.027283,0.780640,7.997,145.0,-1
1785813072.427,70,32138,0,0.00000000,0.00000000,0.00,0,0,-38.96,-0.085,-0.5880,0.2940,0.9800,1.1801,0.464355,-0.417419,0.027344,0.780640,7.997,145.0,-1
1785813072.676,71,32359,0,0.00000000,0.00000000,0.00,0,0,-38.96,-0.083,-0.3430,0.0980,1.0290,1.0891,0.464294,-0.417358,0.027283,0.780701,7.999,142.5,-1
1785813072.864,72,32577,0,0.00000000,0.00000000,0.00,0,0,-38.83,-0.005,-0.3430,-0.0980,0.9800,1.0429,0.464233,-0.417358,0.027222,0.780701,7.999,147.5,-1
1785813073.115,73,32799,0,0.00000000,0.00000000,0.00,0,0,-38.96,-0.079,-0.4410,0.0980,0.8330,0.9476,0.464172,-0.417419,0.027344,0.780762,7.999,143.8,-1
1785813073.301,74,33018,0,0.00000000,0.00000000,0.00,0,0,-38.88,-0.016,-0.5880,0.3920,1.3230,1.4999,0.464172,-0.417419,0.027344,0.780762,7.999,146.2,-1
1785813073.488,75,33232,0,0.00000000,0.00000000,0.00,0,0,-38.96,-0.035,-0.6370,-0.0490,0.9310,1.1291,0.464172,-0.417542,0.027161,0.780701,7.999,138.8,-1
1785813073.739,76,33459,0,0.00000000,0.00000000,0.00,0,0,-38.87,0.031,-0.3430,-0.0490,1.0780,1.1323,0.464172,-0.417542,0.027161,0.780701,7.999,147.5,-1
1785813073.989,77,33683,0,0.00000000,0.00000000,0.00,0,0,-38.82,0.078,-0.2450,0.3430,0.9310,1.0220,0.464172,-0.417542,0.027161,0.780701,7.997,136.2,-1
1785813074.175,78,33900,0,0.00000000,0.00000000,0.00,0,0,-38.85,0.059,-0.5390,0.0980,0.7350,0.9167,0.464111,-0.417480,0.027161,0.780762,7.997,146.2,-1
1785813074.427,79,34145,0,0.00000000,0.00000000,0.00,0,0,-38.80,0.081,-0.4900,0.3430,0.9310,1.1066,0.464172,-0.417358,0.027283,0.780762,7.999,141.2,-1
1785813074.678,80,34371,0,0.00000000,0.00000000,0.00,0,0,-38.95,-0.016,-0.3430,0.3430,1.1760,1.2721,0.464172,-0.417358,0.027222,0.780762,7.997,146.2,-1
1785813074.868,81,34593,0,0.00000000,0.00000000,0.00,0,0,-38.83,0.077,-0.4410,0.2940,1.0780,1.2012,0.464050,-0.417358,0.027283,0.780823,8.000,148.8,-1
1785813075.119,82,34812,0,0.00000000,0.00000000,0.00,0,0,-38.84,0.067,-0.7350,0.0000,0.9800,1.2250,0.464050,-0.417297,0.027466,0.780884,7.999,143.8,-1
1785813075.306,83,35033,0,0.00000000,0.00000000,0.00,0,0,-38.79,0.090,-0.4410,0.1470,1.0780,1.1740,0.464050,-0.417236,0.027405,0.780884,8.000,142.5,-1
1785813075.557,84,35248,0,0.00000000,0.00000000,0.00,0,0,-38.92,-0.003,-0.4900,0.1960,1.1760,1.2890,0.464172,-0.417236,0.027344,0.780823,8.000,142.5,-1
1785813075.743,85,35475,0,0.00000000,0.00000000,0.00,0,0,-38.76,0.070,-0.4900,0.1960,0.7840,0.9451,0.464233,-0.417358,0.027222,0.780701,7.997,141.2,-1
1785813075.994,86,35699,0,0.00000000,0.00000000,0.00,0,0,-38.78,0.048,-0.4900,0.2450,1.0290,1.1657,0.464233,-0.417480,0.027222,0.780701,7.996,141.2,-1
1785813076.186,87,35925,0,0.00000000,0.00000000,0.00,0,0,-38.69,0.110,-0.4900,0.2450,1.2250,1.3419,0.464233,-0.417480,0.027283,0.780701,8.000,141.2,-1
1785813076.436,88,36137,0,0.00000000,0.00000000,0.00,0,0,-38.87,-0.015,-0.5880,0.1470,0.7840,0.9910,0.464111,-0.417419,0.027222,0.780762,7.996,143.8,-1
1785813076.622,89,36337,0,0.00000000,0.00000000,0.00,0,0,-38.92,-0.018,-0.5390,0.2450,1.0780,1.2299,0.464050,-0.417419,0.027222,0.780823,7.999,143.8,-1
1785813076.871,90,36557,0,0.00000000,0.00000000,0.00,0,0,-38.94,-0.025,-0.5880,0.1960,1.1270,1.2862,0.464050,-0.417480,0.027100,0.780823,7.997,142.5,-1
1785813077.060,91,36777,0,0.00000000,0.00000000,0.00,0,0,-38.85,-0.001,-0.7840,0.1960,1.0780,1.3473,0.463989,-0.417419,0.027161,0.780823,7.997,142.5,-1
1785813077.310,92,36996,0,0.00000000,0.00000000,0.00,0,0,-38.68,0.086,-0.7350,0.3430,1.3230,1.5518,0.464050,-0.417358,0.027100,0.780823,7.997,146.2,-1
1785813077.496,93,37209,0,0.00000000,0.00000000,0.00,0,0,-38.74,0.030,-0.5880,-0.0490,1.0780,1.2289,0.463989,-0.417480,0.027100,0.780823,7.997,142.5,-1
1785813077.686,94,37427,0,0.00000000,0.00000000,0.00,0,0,-38.88,-0.078,-0.5390,0.0980,0.9310,1.0802,0.463989,-0.417542,0.027039,0.780823,7.997,142.5,-1
1785813077.937,95,37650,0,0.00000000,0.00000000,0.00,0,0,-38.87,-0.047,-0.5880,-0.0980,0.9310,1.1055,0.463989,-0.417419,0.027039,0.780823,8.000,140.0,-1
1785813078.185,96,37867,0,0.00000000,0.00000000,0.00,0,0,-38.79,0.019,-0.7350,0.1470,0.8820,1.1575,0.463989,-0.417358,0.027039,0.780945,7.999,143.8,-1
1785813078.371,97,38087,0,0.00000000,0.00000000,0.00,0,0,-38.74,0.072,-0.6860,0.2450,1.3720,1.5534,0.463928,-0.417358,0.027100,0.780945,7.999,143.8,-1
1785813078.560,98,38302,0,0.00000000,0.00000000,0.00,0,0,-38.78,0.060,-0.4410,0.2940,0.7350,0.9062,0.463928,-0.417419,0.027161,0.780884,8.000,140.0,-1
1785813078.810,99,38525,0,0.00000000,0.00000000,0.00,0,0,-38.79,0.044,0.1960,0.5880,0.8820,1.0780,0.463867,-0.417419,0.027222,0.780945,7.999,143.8,-1
1785813079.060,100,38750,0,0.00000000,0.00000000,0.00,0,0,-38.80,0.021,-0.5390,0.3430,0.9310,1.1291,0.463867,-0.417480,0.027161,0.780884,7.997,143.8,-1
1785813079.248,101,38970,0,0.00000000,0.00000000,0.00,0,0,-38.76,0.017,-0.3920,0.4410,1.0780,1.2289,0.463928,-0.417480,0.027222,0.780884,7.997,142.5,-1
1785813079.496,102,39184,0,0.00000000,0.00000000,0.00,0,0,-38.86,-0.023,-0.6370,0.7840,0.7840,1.2787,0.463989,-0.417358,0.027222,0.780884,7.997,141.2,-1
1785813079.686,103,39404,0,0.00000000,0.00000000,0.00,0,0,-38.85,-0.016,-0.5390,0.0980,1.1270,1.2531,0.463989,-0.417419,0.027100,0.780823,7.997,146.2,-1
1785813079.938,104,39622,0,0.00000000,0.00000000,0.00,0,0,-38.87,-0.030,-0.4410,0.0980,0.7840,0.9048,0.463989,-0.417419,0.027161,0.780823,7.997,146.2,-1
1785813080.129,105,39843,0,0.00000000,0.00000000,0.00,0,0,-38.89,-0.012,-0.2940,0.3430,1.0780,1.1688,0.463928,-0.417358,0.027161,0.780884,7.997,141.2,-1
1785813080.383,106,40064,0,0.00000000,0.00000000,0.00,0,0,-38.79,0.087,-0.4900,0.2450,0.7840,0.9564,0.464233,-0.417480,0.028259,0.780640,7.995,140.0,-1
1785813080.574,107,40279,0,0.00000000,0.00000000,0.00,0,0,-38.82,0.034,-0.5390,0.1470,0.8820,1.0441,0.464233,-0.417419,0.028137,0.780640,7.999,141.2,-1
1785813080.763,108,40504,0,0.00000000,0.00000000,0.00,0,0,-38.65,0.131,-0.2450,0.4900,1.1760,1.2973,0.464233,-0.417542,0.028076,0.780579,7.997,145.0,-1
1785813081.015,109,40725,0,0.00000000,0.00000000,0.00,0,0,-38.74,0.048,-0.2940,-0.0490,1.0290,1.0713,0.464355,-0.417480,0.028137,0.780579,7.997,143.8,-1
1785813081.204,110,40943,0,0.00000000,0.00000000,0.00,0,0,-38.84,-0.037,-0.4900,0.1960,0.9310,1.0702,0.464355,-0.417358,0.027954,0.780640,7.999,148.8,-1
1785813081.454,111,41160,0,0.00000000,0.00000000,0.00,0,0,-38.73,0.030,-0.2940,0.2450,1.0780,1.1439,0.464355,-0.417358,0.027832,0.780640,7.999,143.8,-1
1785813081.702,112,41386,0,0.00000000,0.00000000,0.00,0,0,-38.77,0.001,-0.6370,0.0490,0.6860,0.9374,0.464478,-0.417358,0.027832,0.780579,7.997,148.8,-1
1785813081.892,113,41611,0,0.00000000,0.00000000,0.00,0,0,-38.79,-0.016,-0.3920,-0.3920,1.8620,1.9428,0.464355,-0.417358,0.027710,0.780640,7.996,147.5,-1
1785813082.143,114,41835,0,0.00000000,0.00000000,0.00,0,0,-38.89,-0.076,-0.3920,0.5880,1.5680,1.7199,0.464355,-0.417358,0.027771,0.780640,7.997,140.0,-1
1785813082.333,115,42059,0,0.00000000,0.00000000,0.00,0,0,-38.82,-0.029,-0.3920,0.1960,1.1760,1.2550,0.464417,-0.417358,0.027771,0.780579,8.000,141.2,-1
1785813082.581,116,42276,0,0.00000000,0.00000000,0.00,0,0,-38.88,-0.037,-0.5390,0.2940,1.1760,1.3266,0.464355,-0.417480,0.027893,0.780579,7.999,140.0,-1
1785813082.767,117,42496,0,0.00000000,0.00000000,0.00,0,0,-38.89,-0.038,-0.4900,0.4410,1.0290,1.2221,0.464355,-0.417480,0.027771,0.780579,7.997,140.0,-1
1785813083.020,118,42717,0,0.00000000,0.00000000,0.00,0,0,-38.84,-0.009,-0.3430,0.3920,1.2250,1.3311,0.464294,-0.417603,0.027649,0.780579,7.996,140.0,-1
1785813083.207,119,42938,0,0.00000000,0.00000000,0.00,0,0,-38.79,0.035,-0.5390,0.0980,1.0780,1.2092,0.464294,-0.417603,0.027710,0.780579,7.997,145.0,-1
1785813083.459,120,43151,0,0.00000000,0.00000000,0.00,0,0,-38.75,0.050,-0.3430,0.1470,0.6370,0.7383,0.464355,-0.417480,0.027771,0.780579,7.997,145.0,-1
1785813083.649,121,43370,0,0.00000000,0.00000000,0.00,0,0,-38.84,0.014,-0.5880,0.2450,1.3230,1.4684,0.464233,-0.417419,0.027710,0.780701,7.995,145.0,-1
1785813083.901,122,43594,0,0.00000000,0.00000000,0.00,0,0,-38.68,0.112,-0.4410,0.0980,0.7840,0.9048,0.464233,-0.417236,0.027710,0.780762,7.999,147.5,-1
1785813084.090,123,43821,0,0.00000000,0.00000000,0.00,0,0,-38.76,0.047,-0.3920,0.2450,0.9310,1.0394,0.464294,-0.417053,0.027710,0.780823,7.997,145.0,-1
1785813084.342,124,44043,0,0.00000000,0.00000000,0.00,0,0,-38.92,-0.061,-0.5390,0.1470,1.1270,1.2579,0.464355,-0.416992,0.027466,0.780823,7.999,205.0,-1
1785813084.529,125,44256,0,0.00000000,0.00000000,0.00,0,0,-38.86,-0.034,-0.6860,0.4900,1.3230,1.5688,0.464417,-0.417053,0.027527,0.780762,7.999,140.0,-1
1785813084.778,126,44480,0,0.00000000,0.00000000,0.00,0,0,-38.67,0.091,-0.4900,0.2940,1.1760,1.3075,0.464417,-0.417114,0.027588,0.780762,7.997,146.2,-1
1785813084.966,127,44704,0,0.00000000,0.00000000,0.00,0,0,-38.79,-0.001,-0.3430,0.0980,0.7350,0.8170,0.464355,-0.417175,0.027527,0.780762,7.997,138.8,-1
1785813085.216,128,44923,0,0.00000000,0.00000000,0.00,0,0,-38.86,-0.029,-0.4410,0.0980,1.2740,1.3517,0.464355,-0.417236,0.027649,0.780762,7.996,142.5,-1
1785813085.401,129,45138,0,0.00000000,0.00000000,0.00,0,0,-38.87,-0.031,-0.6370,0.1960,1.0290,1.2260,0.464294,-0.417297,0.027649,0.780701,7.997,143.8,-1
1785813085.650,130,45366,0,0.00000000,0.00000000,0.00,0,0,-38.87,-0.017,-0.3430,0.3920,1.0780,1.1972,0.464294,-0.417358,0.027710,0.780701,7.997,141.2,-1
1785813085.900,131,45582,0,0.00000000,0.00000000,0.00,0,0,-38.80,0.021,-0.3920,0.2940,1.3720,1.4569,0.464294,-0.417480,0.027649,0.780579,7.997,141.2,-1
1785813086.089,132,45808,0,0.00000000,0.00000000,0.00,0,0,-38.83,-0.022,-0.3920,-0.0490,0.8820,0.9664,0.464294,-0.417480,0.027649,0.780579,7.996,137.5,-1
1785813086.341,133,46033,0,0.00000000,0.00000000,0.00,0,0,-38.80,-0.017,-0.2940,0.1960,1.1760,1.2279,0.464294,-0.417542,0.027710,0.780579,7.995,151.2,-1
1785813086.529,134,46248,0,0.00000000,0.00000000,0.00,0,0,-38.87,-0.060,-0.4410,0.0980,0.8330,0.9476,0.464355,-0.417480,0.027588,0.780579,7.995,137.5,-1
1785813086.776,135,46466,0,0.00000000,0.00000000,0.00,0,0,-38.80,-0.013,-0.3920,0.0000,1.3720,1.4269,0.464355,-0.417419,0.027527,0.780640,7.996,141.2,-1
1785813086.965,136,46687,0,0.00000000,0.00000000,0.00,0,0,-38.77,0.007,-0.7350,0.3430,1.1270,1.3885,0.464355,-0.417358,0.027588,0.780640,7.995,141.2,-1
1785813087.213,137,46908,0,0.00000000,0.00000000,0.00,0,0,-38.70,0.046,-0.4410,0.0980,1.0290,1.1238,0.464417,-0.417297,0.027527,0.780640,7.995,141.2,-1
1785813087.466,138,47152,0,0.00000000,0.00000000,0.00,0,0,-38.83,-0.021,-0.3920,0.3920,0.9800,1.1259,0.464417,-0.417236,0.027527,0.780701,7.997,140.0,-1
1785813087.654,139,47378,0,0.00000000,0.00000000,0.00,0,0,-38.82,-0.005,-0.6370,0.0490,1.1760,1.3383,0.464478,-0.417175,0.027649,0.780701,7.996,145.0,-1
1785813087.906,140,47597,0,0.00000000,0.00000000,0.00,0,0,-38.88,-0.037,-0.4410,0.1470,1.0290,1.1291,0.464417,-0.417114,0.027649,0.780762,7.996,146.2,-1
1785813088.092,141,47821,0,0.00000000,0.00000000,0.00,0,0,-38.84,-0.006,-0.7350,0.3920,1.2250,1.4814,0.464294,-0.417297,0.027710,0.780762,7.996,140.0,-1
1785813088.343,142,48048,0,0.00000000,0.00000000,0.00,0,0,-38.84,-0.001,-0.4900,0.4410,0.7840,1.0243,0.464294,-0.417358,0.027771,0.780701,7.996,143.8,-1
1785813088.531,143,48263,0,0.00000000,0.00000000,0.00,0,0,-38.84,0.002,-0.3430,0.0490,1.1760,1.2260,0.464233,-0.417358,0.027771,0.780701,8.000,140.0,-1
1785813088.781,144,48480,0,0.00000000,0.00000000,0.00,0,0,-38.90,-0.045,-0.4900,0.1470,1.2250,1.3275,0.464233,-0.417297,0.027710,0.780762,7.996,141.2,-1
1785813088.967,145,48700,0,0.00000000,0.00000000,0.00,0,0,-38.79,0.032,-0.3430,0.0000,0.5390,0.6389,0.464111,-0.417236,0.027771,0.780884,7.996,147.5,-1
1785813089.216,146,48924,0,0.00000000,0.00000000,0.00,0,0,-38.80,0.007,-0.6370,0.1960,1.4210,1.5695,0.464050,-0.417175,0.027893,0.780945,7.999,138.8,-1
1785813089.403,147,49139,0,0.00000000,0.00000000,0.00,0,0,-38.92,-0.045,-0.8330,0.5880,0.8820,1.3482,0.464050,-0.417175,0.027893,0.780945,7.997,143.8,-1
1785813089.653,148,49364,0,0.00000000,0.00000000,0.00,0,0,-38.95,-0.067,-0.4900,0.1470,0.7840,0.9361,0.464050,-0.417236,0.027832,0.780884,7.999,136.2,-1
1785813089.844,149,49585,0,0.00000000,0.00000000,0.00,0,0,-38.87,0.016,-0.3430,-0.2450,0.4900,0.6464,0.464172,-0.417175,0.027832,0.780884,7.997,138.8,-1
1785813090.096,150,49801,0,0.00000000,0.00000000,0.00,0,0,-38.75,0.102,-0.4900,0.2940,0.9800,1.1344,0.464172,-0.417053,0.027893,0.780884,7.996,145.0,-1
1785813090.285,151,50026,0,0.00000000,0.00000000,0.00,0,0,-38.87,-0.000,-0.6370,0.4410,0.8330,1.1376,0.464111,-0.417053,0.027893,0.780945,7.995,141.2,-1
1785813090.535,152,50245,0,0.00000000,0.00000000,0.00,0,0,-38.83,0.059,-0.5880,0.1960,1.3230,1.4610,0.464233,-0.417114,0.027771,0.780884,7.997,138.8,-1
1785813090.724,153,50465,0,0.00000000,0.00000000,0.00,0,0,-38.81,0.059,-0.3920,0.2450,1.1270,1.2181,0.464233,-0.417175,0.027771,0.780823,7.996,138.8,-1
1785813090.970,154,50684,0,0.00000000,0.00000000,0.00,0,0,-38.76,0.069,-0.5390,0.1470,0.6860,0.8847,0.464294,-0.417297,0.027649,0.780701,7.996,141.2,-1
1785813091.226,155,50906,0,0.00000000,0.00000000,0.00,0,0,-38.87,-0.023,-0.5880,0.0490,1.0290,1.1862,0.464294,-0.417358,0.027649,0.780701,7.996,146.2,-1
1785813091.414,156,51149,0,0.00000000,0.00000000,0.00,0,0,-38.74,0.048,-0.5880,0.1960,1.1270,1.2862,0.464172,-0.417297,0.027649,0.780762,7.997,143.8,-1
1785813091.667,157,51366,0,0.00000000,0.00000000,0.00,0,0,-38.74,0.041,-0.8330,0.1960,1.3230,1.5756,0.464294,-0.417236,0.027527,0.780762,7.995,141.2,-1
1785813091.854,158,51586,0,0.00000000,0.00000000,0.00,0,0,-38.79,-0.017,-0.5390,0.2940,0.8330,1.0348,0.464233,-0.417236,0.027710,0.780823,7.995,145.0,-1
1785813092.106,159,51808,0,0.00000000,0.00000000,0.00,0,0,-38.81,-0.027,-0.1470,0.1470,1.0780,1.0979,0.464233,-0.417175,0.027771,0.780823,7.996,143.8,-1
1785813092.296,160,52027,0,0.00000000,0.00000000,0.00,0,0,-38.74,0.012,-0.4410,0.3430,1.2740,1.3911,0.464233,-0.417236,0.027649,0.780762,7.997,143.8,-1
1785813092.547,161,52243,0,0.00000000,0.00000000,0.00,0,0,-38.79,-0.017,-0.4410,0.2450,0.9310,1.0589,0.464294,-0.417236,0.027466,0.780762,7.999,138.8,-1
1785813092.734,162,52469,0,0.00000000,0.00000000,0.00,0,0,-38.74,0.020,-0.5390,0.3430,1.1760,1.3383,0.464355,-0.417419,0.027283,0.780640,7.997,143.8,-1
1785813092.984,163,52688,0,0.00000000,0.00000000,0.00,0,0,-38.73,0.042,-0.4900,0.3430,0.8330,1.0255,0.464294,-0.417480,0.027283,0.780640,7.996,150.0,-1
1785813093.173,164,52913,0,0.00000000,0.00000000,0.00,0,0,-38.77,0.028,-0.2940,0.5880,0.7840,1.0232,0.464355,-0.417419,0.027344,0.780640,7.999,147.5,-1
1785813093.425,165,53156,0,0.00000000,0.00000000,0.00,0,0,-38.86,0.002,-0.4900,0.1470,0.8330,0.9775,0.464294,-0.417480,0.027405,0.780640,7.999,146.2,-1
1785813093.673,166,53382,0,0.00000000,0.00000000,0.00,0,0,-38.89,-0.021,-0.4410,0.4410,1.4700,1.5968,0.464233,-0.417419,0.027466,0.780701,8.000,140.0,-1
1785813093.860,167,53603,0,0.00000000,0.00000000,0.00,0,0,-38.86,0.005,-0.6370,0.2450,1.2740,1.4453,0.464172,-0.417419,0.027527,0.780701,8.000,148.8,-1
1785813094.113,168,53821,0,0.00000000,0.00000000,0.00,0,0,-38.84,0.028,-0.4900,0.2450,1.2740,1.3868,0.464172,-0.417358,0.027588,0.780762,8.001,145.0,-1
1785813094.301,169,54042,0,0.00000000,0.00000000,0.00,0,0,-38.83,0.016,-0.5390,0.2450,1.0290,1.1872,0.464233,-0.417358,0.027588,0.780762,7.997,142.5,-1
1785813094.553,170,54257,0,0.00000000,0.00000000,0.00,0,0,-38.90,-0.002,-0.8820,0.3430,1.0290,1.3980,0.464233,-0.417358,0.027527,0.780762,7.999,147.5,-1
1785813094.743,171,54485,0,0.00000000,0.00000000,0.00,0,0,-38.97,-0.054,-0.6860,0.2940,1.1760,1.3928,0.464233,-0.417236,0.027588,0.780762,8.000,142.5,-1
1785813094.993,172,54704,0,0.00000000,0.00000000,0.00,0,0,-38.77,0.077,-0.4410,0.1960,0.7840,0.9206,0.464233,-0.417114,0.027649,0.780823,7.997,142.5,-1
1785813095.245,173,54928,0,0.00000000,0.00000000,0.00,0,0,-38.92,-0.023,-0.3920,0.0000,0.7840,0.8765,0.464294,-0.417175,0.027649,0.780823,7.996,137.5,-1
1785813095.435,174,55148,0,0.00000000,0.00000000,0.00,0,0,-38.93,-0.025,-0.5390,0.1960,1.1270,1.2645,0.464294,-0.417114,0.027649,0.780823,7.997,147.5,-1
1785813095.688,175,55373,0,0.00000000,0.00000000,0.00,0,0,-38.98,-0.056,-0.5880,0.2940,0.7350,0.9861,0.464355,-0.417114,0.027649,0.780823,7.997,153.8,-1
1785813095.877,176,55597,0,0.00000000,0.00000000,0.00,0,0,-38.93,0.005,-0.6370,0.4410,0.4410,0.8915,0.464294,-0.417114,0.027649,0.780762,7.997,145.0,-1
1785813096.132,177,55825,0,0.00000000,0.00000000,0.00,0,0,-38.85,0.067,-0.2940,0.0980,0.8820,0.9349,0.464355,-0.417236,0.027649,0.780762,8.000,145.0,-1
1785813096.322,178,56048,0,0.00000000,0.00000000,0.00,0,0,-39.01,-0.015,-0.5880,0.2940,1.0290,1.2211,0.464355,-0.417236,0.027710,0.780762,7.999,146.2,-1
1785813096.573,179,56268,0,0.00000000,0.00000000,0.00,0,0,-38.99,-0.017,-0.4410,0.2940,1.2740,1.3799,0.464294,-0.417297,0.027649,0.780701,7.999,146.2,-1
1785813096.760,180,56487,0,0.00000000,0.00000000,0.00,0,0,-39.00,-0.020,-0.4900,0.0980,1.0290,1.1439,0.464294,-0.417358,0.027588,0.780701,8.001,145.0,-1
1785813097.011,181,56709,0,0.00000000,0.00000000,0.00,0,0,-38.96,0.006,-0.5880,0.3430,1.2740,1.4445,0.464294,-0.417297,0.027710,0.780701,7.999,145.0,-1
1785813097.199,182,56931,0,0.00000000,0.00000000,0.00,0,0,-38.98,-0.015,-0.2940,0.0490,1.2740,1.3084,0.464294,-0.417297,0.027710,0.780762,7.999,142.5,-1
1785813097.450,183,57151,0,0.00000000,0.00000000,0.00,0,0,-38.90,0.022,-0.3430,0.0000,0.9310,0.9922,0.464233,-0.417297,0.027710,0.780762,8.001,145.0,-1
1785813097.639,184,57369,0,0.00000000,0.00000000,0.00,0,0,-39.07,-0.110,-0.3430,0.2450,1.0780,1.1575,0.464233,-0.417297,0.027710,0.780762,7.999,147.5,-1
1785813097.887,185,57590,0,0.00000000,0.00000000,0.00,0,0,-38.93,0.005,-0.3920,0.2940,0.8820,1.0090,0.464233,-0.417358,0.027893,0.780701,7.997,143.8,-1
1785813098.077,186,57811,0,0.00000000,0.00000000,0.00,0,0,-38.97,-0.011,-0.5390,0.0980,1.1760,1.2973,0.464233,-0.417358,0.027710,0.780762,7.999,142.5,-1
1785813098.328,187,58032,0,0.00000000,0.00000000,0.00,0,0,-38.91,0.032,-0.4410,0.3920,1.1760,1.3157,0.464233,-0.417358,0.027527,0.780701,8.000,143.8,-1
1785813098.515,188,58244,0,0.00000000,0.00000000,0.00,0,0,-38.93,0.009,-0.4410,0.0000,0.6860,0.8155,0.464294,-0.417419,0.027527,0.780701,7.999,143.8,-1
1785813098.765,189,58466,0,0.00000000,0.00000000,0.00,0,0,-38.87,0.034,0.4900,-0.0490,0.7840,0.9258,0.464233,-0.417419,0.027527,0.780701,7.999,140.0,-1
1785813098.951,190,58693,0,0.00000000,0.00000000,0.00,0,0,-38.83,0.075,-0.3920,0.2940,1.1270,1.2289,0.464172,-0.417419,0.027466,0.780762,8.000,145.0,-1
1785813099.208,191,58914,0,0.00000000,0.00000000,0.00,0,0,-38.88,0.038,-0.5880,0.2450,1.0290,1.2102,0.464172,-0.417480,0.027344,0.780701,8.000,147.5,-1
1785813099.450,192,59156,0,0.00000000,0.00000000,0.00,0,0,-38.83,0.066,-0.5390,0.1470,1.2250,1.3464,0.464111,-0.417419,0.027405,0.780762,7.999,142.5,-1
1785813099.699,193,59382,0,0.00000000,0.00000000,0.00,0,0,-39.04,-0.056,-0.5390,0.2450,0.8330,1.0220,0.464233,-0.417419,0.027344,0.780701,7.996,145.0,-1
1785813099.886,194,59605,0,0.00000000,0.00000000,0.00,0,0,-38.91,0.071,-0.3920,-0.1470,1.0290,1.1109,0.464172,-0.417542,0.027405,0.780701,7.999,143.8,-1
1785813100.138,195,59825,0,0.00000000,0.00000000,0.00,0,0,-38.87,0.104,-0.6370,0.4410,0.8330,1.1376,0.464111,-0.417419,0.027466,0.780762,8.001,140.0,-1
1785813100.325,196,60043,0,0.00000000,0.00000000,0.00,0,0,-38.87,0.085,-0.4410,0.2940,1.3230,1.4252,0.463989,-0.417236,0.027527,0.780945,7.996,147.5,-1
1785813100.577,197,60260,0,0.00000000,0.00000000,0.00,0,0,-38.81,0.120,-0.5390,0.4410,1.2740,1.4519,0.464050,-0.417236,0.027527,0.780884,7.997,141.2,-1
1785813100.765,198,60483,0,0.00000000,0.00000000,0.00,0,0,-38.82,0.093,-0.5390,0.1960,0.8820,1.0521,0.463989,-0.417053,0.027771,0.781006,7.999,146.2,-1
1785813100.991,199,60708,0,0.00000000,0.00000000,0.00,0,0,-38.94,-0.022,-0.4410,0.2450,0.8330,0.9739,0.464111,-0.417114,0.027710,0.780945,7.996,148.8,-1
1785813101.235,200,60926,0,0.00000000,0.00000000,0.00,0,0,-38.92,-0.003,-0.5390,0.0490,0.5390,0.7638,0.464050,-0.417114,0.027710,0.780945,8.000,140.0,-1
1785813101.425,201,61138,0,0.00000000,0.00000000,0.00,0,0,-39.02,-0.104,-0.3920,0.0490,0.3430,0.5232,0.464050,-0.417175,0.027710,0.780945,8.000,143.8,-1
1785813101.678,202,61361,0,0.00000000,0.00000000,0.00,0,0,-39.05,-0.119,-0.3920,0.0980,1.0780,1.1512,0.464111,-0.417297,0.027710,0.780823,7.997,141.2,-1
1785813101.865,203,61585,0,0.00000000,0.00000000,0.00,0,0,-38.96,-0.036,-0.4410,0.1960,1.2740,1.3623,0.464111,-0.417236,0.027710,0.780823,7.999,145.0,-1
1785813102.117,204,61810,0,0.00000000,0.00000000,0.00,0,0,-38.95,-0.014,-0.3430,0.0980,0.7840,0.8613,0.464172,-0.417236,0.027649,0.780823,7.999,147.5,-1
1785813102.305,205,62032,0,0.00000000,0.00000000,0.00,0,0,-39.01,-0.058,-0.8330,0.8330,1.2740,1.7352,0.464172,-0.417297,0.027649,0.780762,7.997,145.0,-1
1785813102.555,206,62252,0,0.00000000,0.00000000,0.00,0,0,-38.94,-0.033,-0.6370,0.2940,0.8330,1.0891,0.464172,-0.417236,0.027649,0.780823,7.996,145.0,-1
1785813102.742,207,62471,0,0.00000000,0.00000000,0.00,0,0,-39.11,-0.156,-0.5390,0.3920,0.9800,1.1852,0.464172,-0.417175,0.027710,0.780884,7.997,143.8,-1
1785813102.995,208,62690,0,0.00000000,0.00000000,0.00,0,0,-38.94,-0.039,-0.4900,0.0000,0.7840,0.9245,0.464294,-0.417175,0.027588,0.780762,7.997,147.5,-1
1785813103.181,209,62909,0,0.00000000,0.00000000,0.00,0,0,-39.01,-0.062,-0.4410,0.1960,0.6860,0.8387,0.464294,-0.417236,0.027527,0.780762,7.997,153.8,-1
1785813103.430,210,63156,0,0.00000000,0.00000000,0.00,0,0,-38.97,-0.037,-0.3920,0.0980,0.6860,0.7962,0.464294,-0.417175,0.027466,0.780823,7.997,145.0,-1
1785813103.681,211,63378,0,0.00000000,0.00000000,0.00,0,0,-39.14,-0.139,-0.6370,-0.0980,0.8330,1.0532,0.464233,-0.417358,0.027527,0.780762,7.996,146.2,-1
1785813103.870,212,63603,0,0.00000000,0.00000000,0.00,0,0,-38.91,0.035,-0.7350,0.2940,1.3230,1.5417,0.464172,-0.417358,0.027588,0.780762,7.996,151.2,-1
1785813104.121,213,63821,0,0.00000000,0.00000000,0.00,0,0,-39.03,-0.039,-0.5390,0.1960,1.0290,1.1780,0.464111,-0.417297,0.027649,0.780823,7.997,145.0,-1
1785813104.308,214,64044,0,0.00000000,0.00000000,0.00,0,0,-38.90,0.041,-0.5880,0.1960,1.1270,1.2862,0.464111,-0.417297,0.027588,0.780823,7.999,142.5,-1
1785813104.557,215,64262,0,0.00000000,0.00000000,0.00,0,0,-38.96,0.007,-0.4900,0.2450,1.1760,1.2973,0.464111,-0.417297,0.027527,0.780823,7.995,143.8,-1
1785813104.746,216,64483,0,0.00000000,0.00000000,0.00,0,0,-38.98,0.004,-0.4900,0.1470,1.2740,1.3729,0.464111,-0.417297,0.027588,0.780823,7.995,145.0,-1
1785813104.996,217,64706,0,0.00000000,0.00000000,0.00,0,0,-38.97,0.010,-0.2940,0.2450,1.1760,1.2367,0.464111,-0.417175,0.027588,0.780884,8.009,108.8,-1
1785813105.246,218,64929,0,0.00000000,0.00000000,0.00,0,0,-38.98,0.019,-0.7840,0.0980,1.3720,1.5832,0.464111,-0.417236,0.027527,0.780823,7.997,147.5,-1
1785813105.433,219,65146,0,0.00000000,0.00000000,0.00,0,0,-38.97,-0.011,-0.4410,0.4410,0.7840,1.0018,0.464111,-0.417297,0.027527,0.780823,7.997,138.8,-1
1785813105.684,220,65365,0,0.00000000,0.00000000,0.00,0,0,-38.92,0.018,-0.4410,0.2450,0.7840,0.9323,0.464050,-0.417175,0.027649,0.780945,7.997,143.8,-1
1785813105.873,221,65587,0,0.00000000,0.00000000,0.00,0,0,-38.92,0.006,-0.2450,0.2940,1.0780,1.1439,0.464050,-0.417175,0.027588,0.780945,7.996,146.2,-1
1785813106.122,222,65810,0,0.00000000,0.00000000,0.00,0,0,-39.10,-0.111,-0.4900,0.1470,0.9310,1.0623,0.463989,-0.417114,0.027649,0.781006,7.999,142.5,-1
1785813106.308,223,66039,0,0.00000000,0.00000000,0.00,0,0,-39.06,-0.086,-0.2940,0.1470,1.0290,1.0802,0.464050,-0.417175,0.027588,0.780945,7.997,143.8,-1
1785813106.556,224,66256,0,0.00000000,0.00000000,0.00,0,0,-38.98,-0.039,-0.4900,0.0980,1.1270,1.2328,0.463989,-0.417175,0.027466,0.780945,7.996,147.5,-1
1785813106.743,225,66479,0,0.00000000,0.00000000,0.00,0,0,-38.87,0.041,-0.3430,0.2450,0.8820,0.9775,0.464050,-0.417297,0.027527,0.780884,7.997,145.0,-1
1785813106.994,226,66699,0,0.00000000,0.00000000,0.00,0,0,-38.94,-0.010,-0.4900,0.1470,0.8330,0.9775,0.464050,-0.417297,0.027588,0.780884,7.997,143.8,-1
1785813107.181,227,66923,0,0.00000000,0.00000000,0.00,0,0,-38.88,0.033,-0.3920,0.1960,0.9800,1.0735,0.464050,-0.417358,0.027649,0.780823,7.996,143.8,-1
1785813107.431,228,67140,0,0.00000000,0.00000000,0.00,0,0,-38.83,0.065,-0.4900,0.1470,0.6370,0.8170,0.464172,-0.417419,0.027527,0.780762,7.996,143.8,-1
1785813107.617,229,67358,0,0.00000000,0.00000000,0.00,0,0,-39.00,-0.056,-0.3920,0.1470,1.0290,1.1109,0.464172,-0.417358,0.027466,0.780762,7.996,145.0,-1
1785813107.867,230,67582,0,0.00000000,0.00000000,0.00,0,0,-38.90,0.015,-0.4410,0.0980,0.8330,0.9476,0.464233,-0.417297,0.027588,0.780762,7.997,138.8,-1
1785813108.120,231,67803,0,0.00000000,0.00000000,0.00,0,0,-38.88,0.024,-0.3430,0.0980,1.3230,1.3702,0.464172,-0.417419,0.027649,0.780762,7.999,141.2,-1
1785813108.310,232,68021,0,0.00000000,0.00000000,0.00,0,0,-38.97,-0.035,-0.2940,0.1960,1.0780,1.1344,0.464111,-0.417358,0.027710,0.780823,7.997,143.8,-1
1785813108.500,233,68232,0,0.00000000,0.00000000,0.00,0,0,-38.93,-0.047,-0.6370,0.2450,1.1270,1.3175,0.464111,-0.417480,0.027893,0.780701,7.996,143.8,-1
1785813108.751,234,68451,0,0.00000000,0.00000000,0.00,0,0,-39.00,-0.071,-0.6370,0.4410,1.2250,1.4494,0.464050,-0.417542,0.027893,0.780762,7.997,145.0,-1
1785813108.938,235,68671,0,0.00000000,0.00000000,0.00,0,0,-38.85,0.052,-0.4900,0.2940,1.2740,1.3963,0.464050,-0.417603,0.027710,0.780701,7.997,145.0,-1
1785813109.188,236,68895,0,0.00000000,0.00000000,0.00,0,0,-38.98,-0.024,-0.6370,0.1470,1.1760,1.3455,0.464172,-0.417603,0.027771,0.780640,7.999,141.2,-1
1785813109.436,237,69141,0,0.00000000,0.00000000,0.00,0,0,-38.87,0.021,-0.3920,0.1960,0.9310,1.0290,0.464172,-0.417603,0.027710,0.780640,7.996,147.5,-1
1785813109.623,238,69365,0,0.00000000,0.00000000,0.00,0,0,-38.94,-0.031,-0.2940,0.1960,1.2250,1.2749,0.464111,-0.417480,0.027710,0.780762,7.995,142.5,-1
1785813109.873,239,69585,0,0.00000000,0.00000000,0.00,0,0,-38.97,-0.023,-0.5880,0.2450,1.2250,1.3807,0.463989,-0.417542,0.027710,0.780762,7.997,143.8,-1
1785813110.125,240,69809,0,0.00000000,0.00000000,0.00,0,0,-38.88,0.020,-0.5880,0.0980,1.2250,1.3623,0.463928,-0.417419,0.027771,0.780884,7.997,143.8,-1
1785813110.311,241,70036,0,0.00000000,0.00000000,0.00,0,0,-38.84,0.047,-0.6860,0.4410,0.9800,1.2749,0.463989,-0.417358,0.027649,0.780823,7.997,140.0,-1
1785813110.560,242,70255,0,0.00000000,0.00000000,0.00,0,0,-38.81,0.054,-0.5880,0.2940,0.8330,1.0612,0.464050,-0.417358,0.027588,0.780823,7.997,143.8,-1
1785813110.747,243,70478,0,0.00000000,0.00000000,0.00,0,0,-39.05,-0.076,-0.5880,0.2450,0.8820,1.0880,0.464111,-0.417358,0.027649,0.780823,7.999,138.8,-1
1785813110.996,244,70700,0,0.00000000,0.00000000,0.00,0,0,-38.93,-0.025,-0.5390,0.1470,1.2250,1.3464,0.464111,-0.417236,0.027649,0.780884,7.999,138.8,-1
1785813111.184,245,70925,0,0.00000000,0.00000000,0.00,0,0,-38.97,-0.054,-0.4410,0.1470,1.0290,1.1291,0.463989,-0.417236,0.027649,0.780945,7.996,142.5,-1
1785813111.434,246,71143,0,0.00000000,0.00000000,0.00,0,0,-38.96,-0.049,-0.7840,0.1960,0.8820,1.1962,0.463989,-0.417297,0.027588,0.780884,8.007,81.2,-1
1785813111.684,247,71369,0,0.00000000,0.00000000,0.00,0,0,-38.90,-0.022,-0.3920,0.3430,0.8820,1.0243,0.463989,-0.417358,0.027771,0.780823,7.996,143.8,-1
1785813111.872,248,71591,0,0.00000000,0.00000000,0.00,0,0,-38.93,-0.052,-0.6370,0.2450,1.1270,1.3175,0.464050,-0.417297,0.027771,0.780884,7.996,143.8,-1
1785813112.121,249,71818,0,0.00000000,0.00000000,0.00,0,0,-38.89,-0.006,-0.3430,0.2450,0.9310,1.0220,0.464050,-0.417114,0.027649,0.780945,7.995,142.5,-1
1785813112.310,250,72039,0,0.00000000,0.00000000,0.00,0,0,-38.86,0.022,-0.4900,0.5880,0.8820,1.1678,0.464111,-0.417114,0.027588,0.780945,7.996,142.5,-1
1785813112.556,251,72258,0,0.00000000,0.00000000,0.00,0,0,-38.92,-0.019,-0.4410,0.0980,0.8330,0.9476,0.464111,-0.416992,0.027588,0.781006,7.996,148.8,-1
1785813112.745,252,72482,0,0.00000000,0.00000000,0.00,0,0,-38.91,-0.002,-0.4900,0.5390,0.9800,1.2211,0.464111,-0.417053,0.027588,0.780945,7.997,142.5,-1
1785813112.995,253,72699,0,0.00000000,0.00000000,0.00,0,0,-38.83,0.069,-0.6370,-0.0490,1.0290,1.2112,0.463989,-0.417175,0.027649,0.780945,7.999,141.2,-1
1785813113.181,254,72923,0,0.00000000,0.00000000,0.00,0,0,-38.88,0.041,-0.3920,0.3430,0.9800,1.1098,0.464050,-0.417175,0.027649,0.780945,8.000,143.8,-1
1785813113.433,255,73135,0,0.00000000,0.00000000,0.00,0,0,-38.80,0.106,-0.5390,0.1960,1.2250,1.3526,0.464050,-0.417175,0.027588,0.780945,7.999,145.0,-1
1785813113.621,256,73362,0,0.00000000,0.00000000,0.00,0,0,-38.93,-0.010,-0.0980,-0.0980,1.1270,1.1355,0.464050,-0.417297,0.027466,0.780884,7.995,143.8,-1
1785813113.871,257,73582,0,0.00000000,0.00000000,0.00,0,0,-39.00,-0.056,-0.3430,0.3920,1.4700,1.5596,0.464050,-0.417419,0.027405,0.780823,7.997,148.8,-1
1785813114.122,258,73804,0,0.00000000,0.00000000,0.00,0,0,-38.89,0.015,-0.3430,0.1960,0.7350,0.8344,0.464050,-0.417419,0.027344,0.780823,7.997,143.8,-1
1785813114.306,259,74028,0,0.00000000,0.00000000,0.00,0,0,-38.79,0.085,-0.6370,0.2450,1.3230,1.4887,0.464050,-0.417358,0.027466,0.780823,7.997,143.8,-1
1785813114.558,260,74247,0,0.00000000,0.00000000,0.00,0,0,-38.85,0.028,-0.3920,0.1470,1.1760,1.2483,0.464111,-0.417419,0.027344,0.780762,7.997,145.0,-1
1785813114.745,261,74473,0,0.00000000,0.00000000,0.00,0,0,-38.83,0.032,-0.6370,0.3430,1.1760,1.3807,0.464050,-0.417480,0.027283,0.780762,7.994,151.2,-1
1785813114.995,262,74696,0,0.00000000,0.00000000,0.00,0,0,-38.87,0.023,-0.4410,0.2450,1.1270,1.2348,0.463928,-0.417480,0.027344,0.780823,7.997,142.5,-1
1785813115.181,263,74916,0,0.00000000,0.00000000,0.00,0,0,-38.88,0.013,-0.4410,0.0490,0.7840,0.9009,0.463928,-0.417419,0.027344,0.780884,7.999,141.2,-1
1785813115.431,264,75158,0,0.00000000,0.00000000,0.00,0,0,-38.91,0.046,-0.5390,0.5880,1.5190,1.7157,0.463928,-0.417358,0.027161,0.780945,7.996,140.0,-1
1785813115.680,265,75387,0,0.00000000,0.00000000,0.00,0,0,-38.83,0.117,-0.7840,0.2940,1.0290,1.3266,0.463989,-0.417236,0.027283,0.780945,7.997,142.5,-1
1785813115.868,266,75608,0,0.00000000,0.00000000,0.00,0,0,-38.72,0.144,-0.6860,0.2450,1.3720,1.5534,0.464050,-0.417297,0.027222,0.780884,7.997,145.0,-1
1785813116.122,267,75828,0,0.00000000,0.00000000,0.00,0,0,-38.86,0.041,-0.7350,0.1470,1.1760,1.3946,0.463928,-0.417419,0.027161,0.780884,7.997,141.2,-1
1785813116.371,268,76052,0,0.00000000,0.00000000,0.00,0,0,-38.88,0.037,-0.6370,0.0980,0.7350,0.9775,0.463928,-0.417419,0.027222,0.780884,7.995,143.8,-1
1785813116.557,269,76269,0,0.00000000,0.00000000,0.00,0,0,-38.84,0.055,-0.5880,0.0000,0.7840,0.9800,0.463928,-0.417297,0.027222,0.780945,7.999,143.8,-1
1785813116.805,270,76487,0,0.00000000,0.00000000,0.00,0,0,-38.87,0.019,-0.6370,0.1470,0.7840,1.0208,0.463867,-0.417236,0.027222,0.781006,8.000,145.0,-1
1785813116.991,271,76711,0,0.00000000,0.00000000,0.00,0,0,-38.86,0.033,-0.2450,0.1470,0.9800,1.0208,0.463867,-0.417175,0.027283,0.781067,8.000,146.2,-1
1785813117.241,272,76928,0,0.00000000,0.00000000,0.00,0,0,-38.77,0.079,-0.5880,0.1470,1.2740,1.4108,0.463806,-0.417236,0.027344,0.781067,8.001,146.2,-1
1785813117.429,273,77145,0,0.00000000,0.00000000,0.00,0,0,-38.73,0.086,-0.2450,0.6860,0.5390,0.9062,0.463806,-0.417236,0.027283,0.781006,7.999,138.8,-1
1785813117.680,274,77368,0,0.00000000,0.00000000,0.00,0,0,-38.89,-0.023,-0.2940,0.0490,0.8820,0.9310,0.463928,-0.416504,0.026123,0.781372,8.002,148.8,-1
1785813117.867,275,77592,0,0.00000000,0.00000000,0.00,0,0,-39.00,-0.097,-0.5880,0.0980,1.0780,1.2318,0.463745,-0.417236,0.027161,0.781067,7.999,145.0,-1
1785813118.120,276,77811,0,0.00000000,0.00000000,0.00,0,0,-38.89,-0.025,-0.3430,0.0980,0.7840,0.8613,0.463867,-0.417114,0.027161,0.781128,8.000,146.2,-1
1785813118.309,277,78033,0,0.00000000,0.00000000,0.00,0,0,-38.79,0.048,-0.5390,0.3920,1.3230,1.4814,0.463928,-0.417053,0.026978,0.781067,7.999,140.0,-1
1785813118.562,278,78251,0,0.00000000,0.00000000,0.00,0,0,-38.94,-0.059,-0.4410,0.0980,0.5880,0.7415,0.463989,-0.417114,0.026917,0.781006,7.999,142.5,-1
1785813118.750,279,78472,0,0.00000000,0.00000000,0.00,0,0,-38.92,-0.034,-0.3920,-0.0980,1.1760,1.2435,0.463989,-0.417053,0.026978,0.781067,8.000,146.2,-1
1785813119.000,280,78694,0,0.00000000,0.00000000,0.00,0,0,-38.84,0.027,-0.6860,0.1960,0.9310,1.1729,0.463989,-0.417053,0.026978,0.781067,7.999,138.8,-1
1785813119.191,281,78916,0,0.00000000,0.00000000,0.00,0,0,-38.82,0.025,-0.5390,0.2940,1.1270,1.2834,0.463928,-0.417053,0.026978,0.781067,7.999,143.8,-1
1785813119.444,282,79157,0,0.00000000,0.00000000,0.00,0,0,-38.77,0.057,-0.3920,0.1960,0.8330,0.9413,0.463867,-0.417114,0.027222,0.781067,7.997,141.2,-1
1785813119.696,283,79384,0,0.00000000,0.00000000,0.00,0,0,-38.79,0.051,-0.4900,0.0980,1.2740,1.3685,0.463989,-0.416931,0.027405,0.781128,8.000,141.2,-1
1785813119.886,284,79605,0,0.00000000,0.00000000,0.00,0,0,-38.79,0.057,-0.5390,0.2940,1.0780,1.2406,0.463989,-0.416992,0.027649,0.781067,8.000,147.5,-1
1785813120.137,285,79828,0,0.00000000,0.00000000,0.00,0,0,-38.68,0.120,-0.3920,-0.0490,0.9310,1.0113,0.463989,-0.417053,0.027649,0.781067,8.001,145.0,-1
1785813120.325,286,80056,0,0.00000000,0.00000000,0.00,0,0,-38.73,0.062,-0.6370,0.2940,1.1270,1.3275,0.463928,-0.417175,0.027710,0.781006,7.999,141.2,-1
1785813120.577,287,80272,0,0.00000000,0.00000000,0.00,0,0,-38.74,0.030,-0.6860,0.1960,1.1270,1.3338,0.463928,-0.417175,0.027771,0.781006,8.001,145.0,-1
1785813120.767,288,80497,0,0.00000000,0.00000000,0.00,0,0,-38.78,0.016,-0.3920,0.0000,1.1270,1.1932,0.463806,-0.417175,0.027771,0.781067,7.999,146.2,-1
1785813121.019,289,80716,0,0.00000000,0.00000000,0.00,0,0,-38.73,0.048,-0.5390,0.2940,1.1760,1.3266,0.463806,-0.417175,0.027832,0.781067,7.999,145.0,-1
1785813121.206,290,80940,0,0.00000000,0.00000000,0.00,0,0,-38.73,0.048,-0.6860,0.2940,1.0290,1.2712,0.463867,-0.417175,0.027710,0.781006,7.997,141.2,-1
1785813121.455,291,81154,0,0.00000000,0.00000000,0.00,0,0,-38.71,0.045,-0.4410,0.1960,1.0780,1.1811,0.463928,-0.417236,0.027710,0.781006,7.999,147.5,-1
1785813121.644,292,81377,0,0.00000000,0.00000000,0.00,0,0,-38.81,-0.022,-0.5880,0.4900,1.2250,1.4445,0.463867,-0.417114,0.027710,0.781067,7.999,146.2,-1
1785813121.895,293,81601,0,0.00000000,0.00000000,0.00,0,0,-38.81,0.006,-0.4410,0.1960,1.1270,1.2260,0.463867,-0.417114,0.027649,0.781067,8.000,147.5,-1
1785813122.144,294,81826,0,0.00000000,0.00000000,0.00,0,0,-38.74,0.027,-0.3920,0.0980,0.8820,0.9702,0.463867,-0.417175,0.027588,0.781067,7.995,143.8,-1
1785813122.331,295,82052,0,0.00000000,0.00000000,0.00,0,0,-38.62,0.112,-0.5880,-0.0980,0.8820,1.0646,0.463806,-0.417236,0.027649,0.781006,7.999,141.2,-1
1785813122.581,296,82269,0,0.00000000,0.00000000,0.00,0,0,-38.71,0.065,-0.8330,0.1470,0.9800,1.2946,0.463806,-0.417297,0.027710,0.781006,7.999,147.5,-1
1785813122.768,297,82493,0,0.00000000,0.00000000,0.00,0,0,-38.69,0.095,-0.9310,0.3920,1.0290,1.4420,0.463806,-0.417297,0.027649,0.781006,7.999,141.2,-1
1785813123.020,298,82712,0,0.00000000,0.00000000,0.00,0,0,-38.69,0.103,-0.5390,0.1960,1.0780,1.2211,0.463867,-0.417358,0.027710,0.780945,7.999,140.0,-1
1785813123.208,299,82932,0,0.00000000,0.00000000,0.00,0,0,-38.69,0.101,-0.4900,0.0490,0.5390,0.7301,0.463806,-0.417480,0.027588,0.780884,8.000,142.5,-1
1785813123.455,300,83145,0,0.00000000,0.00000000,0.00,0,0,-38.73,0.052,-0.5390,0.2940,0.7840,0.9958,0.463806,-0.417480,0.027527,0.780884,8.000,143.8,-1
1785813123.642,301,83374,0,0.00000000,0.00000000,0.00,0,0,-38.84,-0.025,-0.4410,0.0490,0.9310,1.0313,0.464050,-0.417358,0.027466,0.780823,7.999,147.5,-1
1785813123.893,302,83591,0,0.00000000,0.00000000,0.00,0,0,-38.72,0.061,-0.4410,0.3430,1.1270,1.2579,0.464111,-0.417297,0.027405,0.780823,7.996,145.0,-1
1785813124.081,303,83816,0,0.00000000,0.00000000,0.00,0,0,-38.79,0.008,-0.3920,0.0980,1.0780,1.1512,0.464050,-0.417236,0.027466,0.780884,8.000,146.2,-1
1785813124.331,304,84038,0,0.00000000,0.00000000,0.00,0,0,-38.79,-0.010,-0.3430,0.1470,0.9800,1.0486,0.464050,-0.417297,0.027466,0.780884,7.997,145.0,-1
1785813124.519,305,84256,0,0.00000000,0.00000000,0.00,0,0,-38.75,0.017,-0.6860,0.2450,1.0290,1.2607,0.463989,-0.417419,0.027466,0.780884,7.999,145.0,-1
1785813124.770,306,84473,0,0.00000000,0.00000000,0.00,0,0,-38.87,-0.048,-0.4410,0.3920,0.9310,1.1022,0.464111,-0.417542,0.027466,0.780701,7.996,142.5,-1
1785813124.955,307,84694,0,0.00000000,0.00000000,0.00,0,0,-38.71,0.076,-0.4900,0.3430,0.7840,0.9861,0.464111,-0.417664,0.027344,0.780701,7.997,151.2,-1
1785813125.207,308,84919,0,0.00000000,0.00000000,0.00,0,0,-38.66,0.106,-0.3430,0.2450,0.9800,1.0668,0.464050,-0.417603,0.027344,0.780701,8.001,145.0,-1
1785813125.394,309,85134,0,0.00000000,0.00000000,0.00,0,0,-38.64,0.090,-0.5880,0.2450,0.8820,1.0880,0.464111,-0.417480,0.027405,0.780701,7.999,150.0,-1
1785813125.644,310,85358,0,0.00000000,0.00000000,0.00,0,0,-38.74,0.009,-0.3920,0.0980,0.8820,0.9702,0.464050,-0.417542,0.027405,0.780762,7.999,147.5,-1
1785813125.891,311,85578,0,0.00000000,0.00000000,0.00,0,0,-38.70,0.016,-0.5390,0.1470,1.1270,1.2579,0.464050,-0.417419,0.027527,0.780823,7.999,146.2,-1
1785813126.081,312,85797,0,0.00000000,0.00000000,0.00,0,0,-38.76,-0.032,-0.2450,0.1960,0.8330,0.8901,0.463989,-0.417419,0.027588,0.780823,7.997,148.8,-1
1785813126.332,313,86016,0,0.00000000,0.00000000,0.00,0,0,-38.65,0.041,-0.4900,0.0490,0.7350,0.8847,0.463989,-0.417236,0.027588,0.780945,7.999,150.0,-1
1785813126.520,314,86232,0,0.00000000,0.00000000,0.00,0,0,-38.71,0.018,-0.4900,0.0000,0.7840,0.9245,0.463989,-0.417175,0.027588,0.781006,8.000,137.5,-1
1785813126.771,315,86461,0,0.00000000,0.00000000,0.00,0,0,-38.82,-0.046,-0.3920,0.1960,0.9310,1.0290,0.464050,-0.417114,0.027527,0.780945,7.999,145.0,-1
1785813126.959,316,86685,0,0.00000000,0.00000000,0.00,0,0,-38.85,-0.068,-0.4900,0.2940,0.8820,1.0509,0.464050,-0.417053,0.027527,0.781006,7.999,145.0,-1
1785813127.207,317,86908,0,0.00000000,0.00000000,0.00,0,0,-38.83,-0.075,-0.7350,0.0490,1.1270,1.3464,0.464050,-0.416931,0.027527,0.781067,7.997,147.5,-1
1785813127.456,318,87151,0,0.00000000,0.00000000,0.00,0,0,-38.91,-0.092,-0.4900,0.2940,1.0290,1.1770,0.463989,-0.417053,0.027527,0.781067,7.999,145.0,-1
1785813127.646,319,87372,0,0.00000000,0.00000000,0.00,0,0,-38.92,-0.068,-0.4900,0.2940,1.2250,1.3517,0.464050,-0.417053,0.027527,0.781006,7.999,138.8,-1
1785813127.893,320,87592,0,0.00000000,0.00000000,0.00,0,0,-39.04,-0.109,-0.4900,0.5390,1.1760,1.3833,0.463928,-0.417053,0.027588,0.781067,7.997,136.2,-1
1785813128.077,321,87815,0,0.00000000,0.00000000,0.00,0,0,-38.76,0.082,-0.6860,0.3430,1.3720,1.5718,0.463989,-0.417053,0.027649,0.781006,7.997,140.0,-1
1785813128.325,322,88040,0,0.00000000,0.00000000,0.00,0,0,-38.82,0.052,-0.2940,0.3920,1.0780,1.1841,0.463867,-0.417114,0.027771,0.781067,7.999,146.2,-1
1785813128.575,323,88255,0,0.00000000,0.00000000,0.00,0,0,-38.99,-0.034,-0.4900,0.3920,1.2250,1.3764,0.463928,-0.417175,0.027832,0.781006,7.999,138.8,-1
1785813128.764,324,88472,0,0.00000000,0.00000000,0.00,0,0,-38.93,0.004,-0.3430,0.5390,1.0780,1.2531,0.463928,-0.417114,0.027954,0.781006,7.997,140.0,-1
1785813128.954,325,88696,0,0.00000000,0.00000000,0.00,0,0,-38.85,0.058,-0.5880,0.1960,1.1270,1.2862,0.463867,-0.417297,0.027954,0.780945,8.000,140.0,-1
1785813129.206,326,88917,0,0.00000000,0.00000000,0.00,0,0,-38.82,0.086,-0.5880,0.3920,0.8820,1.1302,0.463867,-0.417297,0.028015,0.780945,7.997,140.0,-1
1785813129.456,327,89136,0,0.00000000,0.00000000,0.00,0,0,-38.79,0.095,-0.3920,0.1960,0.7840,0.8982,0.463928,-0.417236,0.028015,0.781006,7.999,142.5,-1
1785813129.644,328,89356,0,0.00000000,0.00000000,0.00,0,0,-38.82,0.075,-0.4410,0.0490,0.9310,1.0313,0.463989,-0.417053,0.027893,0.781006,7.999,138.8,-1
1785813129.896,329,89580,0,0.00000000,0.00000000,0.00,0,0,-38.76,0.104,-0.4900,0.2940,1.1270,1.2636,0.463989,-0.416992,0.027893,0.781067,8.001,141.2,-1
1785813130.084,330,89807,0,0.00000000,0.00000000,0.00,0,0,-38.90,0.014,-0.7350,0.2450,1.2250,1.4494,0.464050,-0.417053,0.027893,0.781006,8.000,147.5,-1
1785813130.333,331,90028,0,0.00000000,0.00000000,0.00,0,0,-38.78,0.085,-0.5880,0.1470,1.0290,1.1942,0.464050,-0.417114,0.027832,0.780945,7.999,142.5,-1
1785813130.522,332,90248,0,0.00000000,0.00000000,0.00,0,0,-38.77,0.109,-0.4900,0.0000,0.9310,1.0521,0.464050,-0.417175,0.027832,0.780945,8.000,142.5,-1
1785813130.776,333,90466,0,0.00000000,0.00000000,0.00,0,0,-38.75,0.109,-0.5880,0.3920,0.9800,1.2082,0.464111,-0.417175,0.027832,0.780884,7.995,135.0,-1
1785813130.964,334,90689,0,0.00000000,0.00000000,0.00,0,0,-38.75,0.111,-0.5390,0.1470,0.9310,1.0858,0.464111,-0.417114,0.027771,0.780945,8.000,138.8,-1
1785813131.213,335,90908,0,0.00000000,0.00000000,0.00,0,0,-38.74,0.103,-0.3430,0.1960,1.0780,1.1481,0.464172,-0.417114,0.027710,0.780884,7.996,147.5,-1
1785813131.459,336,91155,0,0.00000000,0.00000000,0.00,0,0,-38.85,0.023,-0.4900,0.0980,0.9800,1.1000,0.464172,-0.417236,0.027649,0.780823,7.997,145.0,-1
1785813131.647,337,91379,0,0.00000000,0.00000000,0.00,0,0,-38.85,0.024,-0.2940,0.0000,0.9800,1.0232,0.464111,-0.417175,0.027649,0.780884,7.997,142.5,-1
1785813131.897,338,91601,0,0.00000000,0.00000000,0.00,0,0,-38.89,-0.021,-0.6370,0.0490,0.9800,1.1699,0.464111,-0.417175,0.027649,0.780884,7.999,146.2,-1
1785813132.085,339,91822,0,0.00000000,0.00000000,0.00,0,0,-38.84,0.012,-0.7350,0.3920,0.8330,1.1780,0.464111,-0.417175,0.027649,0.780884,7.999,140.0,-1
1785813132.336,340,92044,0,0.00000000,0.00000000,0.00,0,0,-38.95,-0.069,-0.4900,-0.0980,0.9800,1.1000,0.464172,-0.417114,0.027649,0.780884,8.000,142.5,-1
1785813132.525,341,92264,0,0.00000000,0.00000000,0.00,0,0,-38.91,-0.039,-0.6860,0.1960,1.3230,1.5031,0.464111,-0.417114,0.027649,0.780884,7.997,145.0,-1
1785813132.774,342,92466,0,0.00000000,0.00000000,0.00,0,0,-38.75,0.063,-0.5880,0.2450,0.8820,1.0880,0.464111,-0.417175,0.027710,0.780884,7.999,138.8,-1
1785813132.963,343,92687,0,0.00000000,0.00000000,0.00,0,0,-38.85,-0.002,-0.5880,0.2940,1.1760,1.3473,0.464111,-0.417175,0.027710,0.780884,7.999,143.8,-1
1785813133.215,344,92915,0,0.00000000,0.00000000,0.00,0,0,-38.87,-0.005,-0.6370,0.0490,0.7350,0.9739,0.464111,-0.417236,0.027710,0.780884,7.997,143.8,-1
1785813133.402,345,93137,0,0.00000000,0.00000000,0.00,0,0,-38.76,0.058,-0.5880,-0.0980,0.9310,1.1055,0.464111,-0.417297,0.027710,0.780823,7.995,142.5,-1
1785813133.654,346,93362,0,0.00000000,0.00000000,0.00,0,0,-38.89,-0.030,-0.5390,0.1960,1.0290,1.1780,0.464111,-0.417236,0.027710,0.780884,7.999,142.5,-1
1785813133.903,347,93584,0,0.00000000,0.00000000,0.00,0,0,-38.94,-0.057,-0.3920,-0.1960,1.0290,1.1184,0.464111,-0.417236,0.027710,0.780884,7.999,142.5,-1
1785813134.087,348,93802,0,0.00000000,0.00000000,0.00,0,0,-38.95,-0.059,-0.5390,0.1470,0.8820,1.0441,0.464111,-0.417297,0.027710,0.780884,8.000,143.8,-1
1785813134.338,349,94028,0,0.00000000,0.00000000,0.00,0,0,-38.89,-0.013,-0.3430,0.2940,1.4210,1.4911,0.464111,-0.417297,0.027710,0.780884,8.000,142.5,-1
1785813134.525,350,94248,0,0.00000000,0.00000000,0.00,0,0,-38.91,-0.031,-0.5880,0.2450,1.1270,1.2946,0.464111,-0.417236,0.027710,0.780884,8.001,138.8,-1
1785813134.777,351,94476,0,0.00000000,0.00000000,0.00,0,0,-38.91,-0.006,-0.5390,0.1960,1.0780,1.2211,0.464111,-0.417175,0.027710,0.780884,8.000,143.8,-1
1785813134.966,352,94695,0,0.00000000,0.00000000,0.00,0,0,-38.81,0.063,-0.5390,0.3430,1.0780,1.2531,0.464111,-0.417175,0.027649,0.780884,7.999,146.2,-1
1785813135.217,353,94917,0,0.00000000,0.00000000,0.00,0,0,-38.85,0.033,-0.6860,0.1960,0.5880,0.9245,0.464172,-0.417175,0.027588,0.780884,7.997,147.5,-1
1785813135.465,354,95160,0,0.00000000,0.00000000,0.00,0,0,-38.85,0.037,-0.3430,0.0000,1.5190,1.5572,0.464172,-0.417175,0.027649,0.780884,7.997,145.0,-1
1785813135.653,355,95382,0,0.00000000,0.00000000,0.00,0,0,-38.97,-0.050,-0.6860,0.2940,1.0780,1.3112,0.464172,-0.417114,0.027649,0.780884,7.997,146.2,-1
1785813135.901,356,95607,0,0.00000000,0.00000000,0.00,0,0,-38.90,0.002,-0.4410,0.1470,0.9310,1.0406,0.464172,-0.417114,0.027649,0.780884,7.997,151.2,-1
1785813136.088,357,95828,0,0.00000000,0.00000000,0.00,0,0,-38.97,-0.046,-0.6860,0.1960,0.8330,1.0968,0.464172,-0.417114,0.027649,0.780884,7.997,145.0,-1
1785813136.338,358,96051,0,0.00000000,0.00000000,0.00,0,0,-39.03,-0.080,-0.5880,0.2940,1.1270,1.3047,0.464111,-0.417175,0.027649,0.780884,7.997,142.5,-1
1785813136.527,359,96269,0,0.00000000,0.00000000,0.00,0,0,-38.93,-0.016,-0.3920,0.2940,0.9800,1.0957,0.464111,-0.417236,0.027710,0.780884,7.999,146.2,-1
1785813136.776,360,96490,0,0.00000000,0.00000000,0.00,0,0,-38.94,-0.018,-0.5390,0.2940,1.2250,1.3702,0.464111,-0.417297,0.027710,0.780823,7.999,135.0,-1
1785813137.025,361,96710,0,0.00000000,0.00000000,0.00,0,0,-38.89,0.031,-0.3920,0.3920,0.8330,1.0006,0.464111,-0.417236,0.027649,0.780884,7.999,145.0,-1
1785813137.214,362,96933,0,0.00000000,0.00000000,0.00,0,0,-38.85,0.067,-0.6860,0.2450,1.1760,1.3833,0.464172,-0.417114,0.027649,0.780884,7.999,143.8,-1
1785813137.467,363,97154,0,0.00000000,0.00000000,0.00,0,0,-38.92,0.031,-0.3920,0.4900,1.3720,1.5087,0.464172,-0.417114,0.027588,0.780884,7.997,141.2,-1
1785813137.656,364,97376,0,0.00000000,0.00000000,0.00,0,0,-38.95,0.009,-0.7840,0.2450,0.8820,1.2052,0.464172,-0.417053,0.027649,0.780945,7.997,143.8,-1
1785813137.908,365,97604,0,0.00000000,0.00000000,0.00,0,0,-38.92,0.031,-0.5880,0.2450,1.4700,1.6021,0.464172,-0.417114,0.027649,0.780884,7.996,150.0,-1
1785813138.095,366,97826,0,0.00000000,0.00000000,0.00,0,0,-38.91,0.020,-0.6860,0.3920,1.2250,1.4577,0.464172,-0.417175,0.027588,0.780884,7.997,146.2,-1
1785813138.342,367,98047,0,0.00000000,0.00000000,0.00,0,0,-38.93,0.002,-0.4410,0.2940,1.1270,1.2454,0.464172,-0.417236,0.027527,0.780823,7.999,146.2,-1
1785813138.529,368,98265,0,0.00000000,0.00000000,0.00,0,0,-38.98,-0.042,-0.2450,0.0000,1.0290,1.0578,0.464172,-0.417236,0.027588,0.780823,8.001,145.0,-1
1785813138.777,369,98488,0,0.00000000,0.00000000,0.00,0,0,-38.87,0.020,-1.0780,0.9800,0.4410,1.5222,0.464172,-0.417236,0.027649,0.780884,7.997,145.0,-1
1785813139.028,370,98715,0,0.00000000,0.00000000,0.00,0,0,-38.98,-0.025,-0.4900,0.0000,0.9310,1.0521,0.464172,-0.417175,0.027649,0.780884,7.997,146.2,-1
1785813139.217,371,98934,0,0.00000000,0.00000000,0.00,0,0,-38.90,0.038,-0.3920,0.0000,1.2740,1.3329,0.464172,-0.417175,0.027649,0.780884,8.000,145.0,-1
1785813139.467,372,99150,0,0.00000000,0.00000000,0.00,0,0,-38.88,0.047,-0.5390,0.1470,1.1270,1.2579,0.464111,-0.417175,0.027649,0.780884,7.997,141.2,-1
1785813139.653,373,99374,0,0.00000000,0.00000000,0.00,0,0,-38.97,0.001,-0.4900,0.3430,0.9800,1.1481,0.464111,-0.417175,0.027710,0.780884,7.997,142.5,-1
1785813139.905,374,99599,0,0.00000000,0.00000000,0.00,0,0,-38.92,0.038,-0.2450,0.1470,0.7350,0.7886,0.464111,-0.417236,0.027710,0.780884,7.995,142.5,-1
1785813140.091,375,99822,0,0.00000000,0.00000000,0.00,0,0,-38.82,0.106,-0.3920,0.1960,0.9310,1.0290,0.464111,-0.417236,0.027710,0.780884,7.995,145.0,-1
1785813140.341,376,100048,0,0.00000000,0.00000000,0.00,0,0,-38.97,-0.001,-0.5390,0.3920,1.4210,1.5695,0.464111,-0.417236,0.027710,0.780884,7.996,142.5,-1
1785813140.529,377,100260,0,0.00000000,0.00000000,0.00,0,0,-39.04,-0.033,-0.4900,0.0490,0.9800,1.0968,0.464111,-0.417236,0.027710,0.780884,7.996,142.5,-1
1785813140.779,378,100479,0,0.00000000,0.00000000,0.00,0,0,-39.01,-0.022,-0.4410,0.3430,1.5190,1.6185,0.464111,-0.417236,0.027710,0.780884,7.997,145.0,-1
1785813140.965,379,100697,0,0.00000000,0.00000000,0.00,0,0,-38.89,0.029,-0.5880,0.0980,0.9310,1.1055,0.464111,-0.417236,0.027710,0.780884,7.997,147.5,-1
1785813141.214,380,100920,0,0.00000000,0.00000000,0.00,0,0,-39.00,-0.036,-0.4900,0.4900,0.9800,1.2002,0.464111,-0.417175,0.027710,0.780884,7.997,145.0,-1
1785813141.403,381,101134,0,0.00000000,0.00000000,0.00,0,0,-38.87,0.058,-0.5880,0.3430,0.8820,1.1141,0.464111,-0.417175,0.027649,0.780884,7.997,147.5,-1
1785813141.656,382,101362,0,0.00000000,0.00000000,0.00,0,0,-39.06,-0.064,-0.5390,0.2450,0.9310,1.1033,0.464172,-0.417114,0.027649,0.780884,7.999,143.8,-1
1785813141.903,383,101582,0,0.00000000,0.00000000,0.00,0,0,-38.93,0.025,-0.5880,0.0490,1.1270,1.2721,0.464172,-0.417114,0.027649,0.780884,8.000,142.5,-1
1785813142.090,384,101805,0,0.00000000,0.00000000,0.00,0,0,-38.92,0.032,-0.4900,0.4900,0.9800,1.2002,0.464172,-0.417114,0.027649,0.780884,7.996,141.2,-1
1785813142.341,385,102027,0,0.00000000,0.00000000,0.00,0,0,-38.95,0.021,-0.2940,0.1960,1.0780,1.1344,0.464111,-0.417175,0.027710,0.780884,7.999,146.2,-1
1785813142.527,386,102240,0,0.00000000,0.00000000,0.00,0,0,-39.00,-0.012,-0.5880,0.1470,0.7350,0.9527,0.464111,-0.417236,0.027649,0.780884,7.999,145.0,-1
1785813142.778,387,102463,0,0.00000000,0.00000000,0.00,0,0,-38.94,0.025,-0.4900,0.2450,1.2740,1.3868,0.464111,-0.417419,0.027588,0.780762,8.001,142.5,-1
1785813142.963,388,102687,0,0.00000000,0.00000000,0.00,0,0,-38.92,0.027,-0.5390,0.5390,0.9800,1.2415,0.464111,-0.417480,0.027588,0.780762,7.999,142.5,-1
1785813143.214,389,102912,0,0.00000000,0.00000000,0.00,0,0,-38.88,0.063,-0.7350,0.2450,1.1270,1.3676,0.464050,-0.417358,0.027649,0.780823,7.997,146.2,-1
1785813143.467,390,103156,0,0.00000000,0.00000000,0.00,0,0,-38.92,0.042,-0.4410,0.3430,0.9310,1.0858,0.464050,-0.417297,0.027649,0.780884,7.997,146.2,-1
1785813143.655,391,103374,0,0.00000000,0.00000000,0.00,0,0,-38.99,-0.010,-0.3920,0.2940,0.9310,1.0521,0.464111,-0.417236,0.027710,0.780884,7.997,147.5,-1
1785813143.908,392,103594,0,0.00000000,0.00000000,0.00,0,0,-39.03,-0.018,-0.3920,0.1470,1.2250,1.2946,0.464111,-0.417236,0.027710,0.780884,7.997,150.0,-1
1785813144.093,393,103817,0,0.00000000,0.00000000,0.00,0,0,-38.94,0.037,-0.2940,0.1960,0.8820,0.9501,0.464050,-0.417236,0.027710,0.780884,7.999,146.2,-1
1785813144.343,394,104045,0,0.00000000,0.00000000,0.00,0,0,-39.01,-0.011,-0.4410,0.0490,1.1270,1.2112,0.464111,-0.417236,0.027649,0.780884,7.997,143.8,-1
1785813144.531,395,104257,0,0.00000000,0.00000000,0.00,0,0,-39.06,-0.085,-0.5880,0.3430,0.7350,1.0018,0.464111,-0.417236,0.027649,0.780884,7.997,145.0,-1
1785813144.779,396,104481,0,0.00000000,0.00000000,0.00,0,0,-38.92,0.016,-0.5880,0.1960,1.3230,1.4610,0.464111,-0.417175,0.027649,0.780884,7.996,143.8,-1
1785813145.029,397,104708,0,0.00000000,0.00000000,0.00,0,0,-38.88,0.040,-0.6370,0.3430,0.9800,1.2181,0.464111,-0.417175,0.027649,0.780884,7.997,140.0,-1
1785813145.214,398,104927,0,0.00000000,0.00000000,0.00,0,0,-38.93,0.003,-0.3920,0.0490,1.2740,1.3338,0.464111,-0.417236,0.027588,0.780823,7.997,146.2,-1
1785813145.402,399,105139,0,0.00000000,0.00000000,0.00,0,0,-39.01,-0.031,-0.5390,0.0980,0.9800,1.1227,0.464111,-0.417297,0.027527,0.780823,7.996,145.0,-1
1785813145.653,400,105360,0,0.00000000,0.00000000,0.00,0,0,-38.93,0.013,-0.9310,0.1470,1.0290,1.3954,0.464111,-0.417297,0.027527,0.780823,7.999,145.0,-1
1785813145.840,401,105578,0,0.00000000,0.00000000,0.00,0,0,-38.86,0.027,-0.6860,0.3430,1.0290,1.2834,0.464111,-0.417358,0.027527,0.780823,7.997,148.8,-1
1785813146.089,402,105799,0,0.00000000,0.00000000,0.00,0,0,-38.95,-0.023,-0.4900,0.3920,1.1270,1.2899,0.464111,-0.417358,0.027588,0.780823,7.997,148.8,-1
1785813146.339,403,106020,0,0.00000000,0.00000000,0.00,0,0,-38.89,0.021,-0.4410,0.1470,0.8330,0.9539,0.464111,-0.417297,0.027588,0.780823,8.000,143.8,-1
1785813146.527,404,106230,0,0.00000000,0.00000000,0.00,0,0,-39.04,-0.087,-0.6370,0.4900,1.4210,1.6325,0.464111,-0.417297,0.027588,0.780823,7.996,145.0,-1
1785813146.715,405,106450,0,0.00000000,0.00000000,0.00,0,0,-38.98,-0.035,-0.5390,0.1960,0.8330,1.0113,0.464050,-0.417297,0.027649,0.780823,7.999,143.8,-1
1785813146.965,406,106673,0,0.00000000,0.00000000,0.00,0,0,-38.97,-0.013,-0.2940,0.1470,0.9800,1.0337,0.464050,-0.417297,0.027710,0.780884,7.999,140.0,-1
1785813147.215,407,106896,0,0.00000000,0.00000000,0.00,0,0,-38.99,-0.029,-0.3430,0.2450,1.2740,1.3419,0.464111,-0.417297,0.027649,0.780884,7.999,142.5,-1
1785813147.462,408,107148,0,0.00000000,0.00000000,0.00,0,0,-38.94,0.011,-0.4900,0.2450,0.7840,0.9564,0.464111,-0.417297,0.027588,0.780823,7.996,147.5,-1
1785813147.651,409,107372,0,0.00000000,0.00000000,0.00,0,0,-39.02,-0.035,-0.3430,0.1470,0.9310,1.0030,0.464111,-0.417358,0.027588,0.780823,7.996,141.2,-1
1785813147.901,410,107596,0,0.00000000,0.00000000,0.00,0,0,-39.20,-0.151,0.0000,0.1470,1.0780,1.0880,0.464111,-0.417358,0.027588,0.780823,7.996,142.5,-1
1785813148.089,411,107824,0,0.00000000,0.00000000,0.00,0,0,-38.99,-0.020,-0.3920,-0.0980,0.5880,0.7135,0.464111,-0.417419,0.027527,0.780762,7.997,143.8,-1
1785813148.338,412,108046,0,0.00000000,0.00000000,0.00,0,0,-39.01,-0.027,-0.6860,0.6370,0.6370,1.1323,0.464111,-0.417419,0.027527,0.780762,7.997,145.0,-1
1785813148.527,413,108263,0,0.00000000,0.00000000,0.00,0,0,-38.99,-0.024,-0.4900,0.3430,1.1270,1.2759,0.464172,-0.417297,0.027466,0.780823,7.996,146.2,-1
1785813148.776,414,108489,0,0.00000000,0.00000000,0.00,0,0,-38.96,0.014,-0.5390,0.1470,1.1760,1.3020,0.464172,-0.417297,0.027466,0.780823,7.997,147.5,-1
1785813149.025,415,108713,0,0.00000000,0.00000000,0.00,0,0,-39.07,-0.051,-0.6860,0.0490,1.2740,1.4478,0.464172,-0.417297,0.027466,0.780823,7.996,142.5,-1
1785813149.212,416,108936,0,0.00000000,0.00000000,0.00,0,0,-39.04,-0.033,-0.5390,0.2450,0.6860,0.9062,0.464172,-0.417236,0.027466,0.780823,7.999,143.8,-1
1785813149.461,417,109149,0,0.00000000,0.00000000,0.00,0,0,-38.94,0.034,-0.2450,0.1960,1.1760,1.2171,0.464172,-0.417236,0.027527,0.780823,7.995,147.5,-1
1785813149.650,418,109372,0,0.00000000,0.00000000,0.00,0,0,-39.07,-0.056,-0.3430,0.1470,1.0780,1.1408,0.464111,-0.417236,0.027588,0.780884,7.996,145.0,-1
1785813149.902,419,109598,0,0.00000000,0.00000000,0.00,0,0,-39.09,-0.061,-0.4410,0.4410,1.2250,1.3746,0.464111,-0.417175,0.027588,0.780884,7.996,143.8,-1
1785813150.092,420,109822,0,0.00000000,0.00000000,0.00,0,0,-39.17,-0.119,-0.6860,0.2940,1.5190,1.6925,0.464111,-0.417175,0.027649,0.780884,7.997,143.8,-1
1785813150.345,421,110048,0,0.00000000,0.00000000,0.00,0,0,-39.14,-0.100,-0.2940,0.0980,1.0290,1.0747,0.464111,-0.417236,0.027710,0.780884,7.997,146.2,-1
1785813150.534,422,110261,0,0.00000000,0.00000000,0.00,0,0,-39.03,-0.049,-0.8330,0.2940,1.2250,1.5103,0.464050,-0.417175,0.027710,0.780884,7.996,140.0,-1
1785813150.784,423,110478,0,0.00000000,0.00000000,0.00,0,0,-39.00,-0.030,-0.4900,0.2940,0.8820,1.0509,0.464050,-0.417236,0.027710,0.780884,7.999,140.0,-1
1785813150.972,424,110700,0,0.00000000,0.00000000,0.00,0,0,-39.10,-0.098,-0.5390,0.5390,0.9800,1.2415,0.464050,-0.417236,0.027710,0.780884,7.996,141.2,-1
1785813151.180,425,110920,0,0.00000000,0.00000000,0.00,0,0,-39.00,-0.029,-0.4900,0.1960,1.1760,1.2890,0.464050,-0.417297,0.027649,0.780823,7.996,140.0,-1
1785813151.424,426,111138,0,0.00000000,0.00000000,0.00,0,0,-39.03,-0.048,-1.0780,0.0980,1.6170,1.9459,0.464050,-0.417358,0.027710,0.780823,8.000,146.2,-1
1785813151.674,427,111363,0,0.00000000,0.00000000,0.00,0,0,-38.95,0.006,-0.5390,0.0980,0.8330,0.9970,0.464050,-0.417297,0.027710,0.780884,7.999,143.8,-1
1785813151.861,428,111590,0,0.00000000,0.00000000,0.00,0,0,-39.08,-0.078,-0.5880,0.2940,1.2740,1.4336,0.464050,-0.417236,0.027710,0.780884,7.996,148.8,-1
1785813152.112,429,111812,0,0.00000000,0.00000000,0.00,0,0,-38.94,0.018,-0.5390,0.1960,1.3230,1.4420,0.464050,-0.417236,0.027710,0.780884,7.997,147.5,-1
1785813152.297,430,112030,0,0.00000000,0.00000000,0.00,0,0,-38.95,0.021,-0.3920,0.1470,0.9800,1.0657,0.464111,-0.417297,0.027588,0.780823,7.999,145.0,-1
1785813152.547,431,112243,0,0.00000000,0.00000000,0.00,0,0,-39.12,-0.075,-0.5880,0.1470,1.1270,1.2796,0.464111,-0.417297,0.027588,0.780823,7.999,145.0,-1
1785813152.734,432,112462,0,0.00000000,0.00000000,0.00,0,0,-39.05,-0.029,-0.6370,0.2940,0.9800,1.2052,0.464111,-0.417358,0.027527,0.780762,7.999,146.2,-1
1785813152.984,433,112685,0,0.00000000,0.00000000,0.00,0,0,-39.01,0.003,-0.6860,0.1470,0.9310,1.1657,0.464111,-0.417419,0.027527,0.780762,8.000,140.0,-1
1785813153.172,434,112905,0,0.00000000,0.00000000,0.00,0,0,-39.02,-0.006,-0.4900,0.3430,1.0780,1.2328,0.464111,-0.417419,0.027466,0.780762,7.999,145.0,-1
1785813153.422,435,113150,0,0.00000000,0.00000000,0.00,0,0,-38.96,0.018,-0.4900,0.1470,1.0780,1.1932,0.464111,-0.417419,0.027466,0.780762,8.000,146.2,-1
1785813153.672,436,113376,0,0.00000000,0.00000000,0.00,0,0,-39.08,-0.075,-0.3920,0.1470,0.5880,0.7218,0.464111,-0.417358,0.027527,0.780823,7.997,142.5,-1
1785813153.859,437,113595,0,0.00000000,0.00000000,0.00,0,0,-39.02,-0.035,-0.5390,0.0980,1.0290,1.1657,0.464111,-0.417358,0.027527,0.780823,7.997,140.0,-1
1785813154.106,438,113818,0,0.00000000,0.00000000,0.00,0,0,-39.08,-0.083,-0.2940,-0.0490,0.9310,0.9775,0.464111,-0.417358,0.027527,0.780823,7.997,146.2,-1
1785813154.357,439,114036,0,0.00000000,0.00000000,0.00,0,0,-39.06,-0.037,-0.4900,0.2940,1.1760,1.3075,0.464111,-0.417358,0.027527,0.780823,7.999,150.0,-1
1785813154.543,440,114250,0,0.00000000,0.00000000,0.00,0,0,-39.01,0.020,-0.3920,0.1960,1.2250,1.3010,0.464111,-0.417297,0.027588,0.780823,7.996,142.5,-1
1785813154.731,441,114469,0,0.00000000,0.00000000,0.00,0,0,-38.98,0.026,-0.5880,0.3430,1.0780,1.2749,0.464111,-0.417297,0.027649,0.780823,7.997,143.8,-1
1785813154.981,442,114692,0,0.00000000,0.00000000,0.00,0,0,-39.08,-0.041,-0.5880,0.1960,0.8330,1.0383,0.464050,-0.417297,0.027649,0.780823,7.996,142.5,-1
1785813155.233,443,114918,0,0.00000000,0.00000000,0.00,0,0,-39.06,-0.032,-0.5390,0.3430,0.8820,1.0891,0.464111,-0.417297,0.027649,0.780884,7.996,148.8,-1
1785813155.421,444,115133,0,0.00000000,0.00000000,0.00,0,0,-39.08,-0.010,-0.5390,0.3430,1.0780,1.2531,0.464111,-0.417236,0.027649,0.780884,7.999,145.0,-1
1785813155.671,445,115357,0,0.00000000,0.00000000,0.00,0,0,-39.09,-0.018,-0.5880,0.1960,0.9800,1.1596,0.464111,-0.417236,0.027649,0.780884,7.997,151.2,-1
1785813155.859,446,115581,0,0.00000000,0.00000000,0.00,0,0,-39.06,0.025,-0.3430,0.0000,1.2250,1.2721,0.464111,-0.417236,0.027588,0.780884,7.999,147.5,-1
1785813156.107,447,115803,0,0.00000000,0.00000000,0.00,0,0,-39.03,0.049,-0.4410,0.1960,1.1270,1.2260,0.464111,-0.417175,0.027588,0.780884,8.000,140.0,-1
1785813156.294,448,116032,0,0.00000000,0.00000000,0.00,0,0,-38.97,0.059,-0.4410,0.1470,1.1760,1.2645,0.464111,-0.417175,0.027649,0.780884,7.999,140.0,-1
1785813156.545,449,116247,0,0.00000000,0.00000000,0.00,0,0,-39.04,0.017,-0.6860,0.3430,1.1270,1.3632,0.464111,-0.417175,0.027649,0.780884,7.997,142.5,-1
1785813156.735,450,116474,0,0.00000000,0.00000000,0.00,0,0,-39.01,0.037,-0.4900,0.0980,1.2250,1.3230,0.464111,-0.417175,0.027649,0.780884,8.001,138.8,-1
1785813156.986,451,116696,0,0.00000000,0.00000000,0.00,0,0,-39.03,0.007,-0.2940,0.0980,0.9310,0.9812,0.464111,-0.417175,0.027710,0.780945,7.997,140.0,-1
1785813157.238,452,116920,0,0.00000000,0.00000000,0.00,0,0,-39.03,0.003,-0.5390,0.1960,0.8330,1.0113,0.464111,-0.417175,0.027710,0.780884,7.996,145.0,-1
1785813157.426,453,117135,0,0.00000000,0.00000000,0.00,0,0,-39.14,-0.062,-0.5880,0.2940,0.8820,1.1000,0.464111,-0.417175,0.027649,0.780884,8.000,137.5,-1
1785813157.675,454,117355,0,0.00000000,0.00000000,0.00,0,0,-39.05,-0.015,-0.7840,0.1960,1.0780,1.3473,0.464111,-0.417175,0.027588,0.780884,8.001,140.0,-1
1785813157.863,455,117572,0,0.00000000,0.00000000,0.00,0,0,-39.08,-0.046,-0.5390,0.1470,1.4700,1.5726,0.464111,-0.417175,0.027588,0.780884,7.997,143.8,-1
1785813158.115,456,117792,0,0.00000000,0.00000000,0.00,0,0,-39.05,-0.032,-0.2450,0.2940,0.9800,1.0521,0.464111,-0.417175,0.027649,0.780884,7.997,143.8,-1
1785813158.303,457,118016,0,0.00000000,0.00000000,0.00,0,0,-39.04,-0.019,-0.5390,0.3430,1.0780,1.2531,0.464111,-0.417236,0.027649,0.780884,7.997,141.2,-1
1785813158.554,458,118232,0,0.00000000,0.00000000,0.00,0,0,-38.96,0.039,-0.5390,0.3430,0.9800,1.1699,0.464111,-0.417236,0.027649,0.780884,7.997,142.5,-1
1785813158.742,459,118456,0,0.00000000,0.00000000,0.00,0,0,-38.98,0.044,-0.4900,0.1470,1.0290,1.1492,0.464050,-0.417236,0.027710,0.780884,7.997,141.2,-1
1785813158.995,460,118675,0,0.00000000,0.00000000,0.00,0,0,-39.04,-0.005,-0.5390,0.2450,0.9310,1.1033,0.464050,-0.417297,0.027710,0.780884,8.000,142.5,-1
1785813159.180,461,118896,0,0.00000000,0.00000000,0.00,0,0,-38.89,0.086,-0.3920,0.4900,0.8820,1.0824,0.464050,-0.417358,0.027710,0.780823,7.997,141.2,-1
1785813159.431,462,119139,0,0.00000000,0.00000000,0.00,0,0,-39.01,-0.008,-0.2450,0.1470,0.7840,0.8344,0.464050,-0.417358,0.027710,0.780823,8.000,138.8,-1
1785813159.620,463,119356,0,0.00000000,0.00000000,0.00,0,0,-38.98,0.011,-0.5390,0.2450,1.0290,1.1872,0.464050,-0.417297,0.027710,0.780884,7.999,143.8,-1
1785813159.869,464,119578,0,0.00000000,0.00000000,0.00,0,0,-38.90,0.047,-0.4410,0.3920,1.3230,1.4486,0.464050,-0.417297,0.027649,0.780823,7.997,142.5,-1
1785813160.060,465,119798,0,0.00000000,0.00000000,0.00,0,0,-39.08,-0.075,-0.5880,-0.0980,0.7840,0.9849,0.464111,-0.417358,0.027588,0.780823,8.000,143.8,-1
1785813160.310,466,120020,0,0.00000000,0.00000000,0.00,0,0,-39.04,-0.036,-0.5390,0.2940,1.0780,1.2406,0.464050,-0.417358,0.027649,0.780823,8.000,140.0,-1
1785813160.499,467,120233,0,0.00000000,0.00000000,0.00,0,0,-38.91,0.044,-0.7840,0.1470,1.1760,1.4210,0.464111,-0.417358,0.027588,0.780823,7.999,142.5,-1
1785813160.753,468,120459,0,0.00000000,0.00000000,0.00,0,0,-38.92,0.016,-0.6370,0.4900,0.9310,1.2299,0.464111,-0.417358,0.027588,0.780823,7.999,142.5,-1
1785813160.943,469,120680,0,0.00000000,0.00000000,0.00,0,0,-38.94,0.015,-0.4900,0.3920,0.7840,1.0042,0.464050,-0.417358,0.027649,0.780823,8.000,141.2,-1
1785813161.196,470,120899,0,0.00000000,0.00000000,0.00,0,0,-39.00,-0.020,-0.3920,0.3430,0.7350,0.9009,0.464050,-0.417358,0.027649,0.780823,7.997,143.8,-1
1785813161.448,471,121145,0,0.00000000,0.00000000,0.00,0,0,-38.92,0.041,-0.5390,0.1960,1.0780,1.2211,0.464050,-0.417358,0.027649,0.780823,7.997,135.0,-1
1785813161.638,472,121368,0,0.00000000,0.00000000,0.00,0,0,-39.01,-0.007,-0.4900,0.2450,1.2250,1.3419,0.464050,-0.417358,0.027649,0.780823,7.996,145.0,-1
1785813161.889,473,121594,0,0.00000000,0.00000000,0.00,0,0,-39.04,-0.016,-0.6860,0.3920,1.0290,1.2973,0.464111,-0.417297,0.027649,0.780823,7.995,143.8,-1
1785813162.139,474,121816,0,0.00000000,0.00000000,0.00,0,0,-38.90,0.052,-0.4410,0.2450,0.9800,1.1022,0.464050,-0.417358,0.027649,0.780823,7.997,145.0,-1
1785813162.325,475,122042,0,0.00000000,0.00000000,0.00,0,0,-38.96,0.010,-0.7350,0.2940,0.8820,1.1852,0.464050,-0.417358,0.027588,0.780823,8.000,142.5,-1
1785813162.576,476,122256,0,0.00000000,0.00000000,0.00,0,0,-38.88,0.063,-0.4410,0.1470,1.2250,1.3102,0.464050,-0.417419,0.027649,0.780823,7.997,142.5,-1
1785813162.765,477,122484,0,0.00000000,0.00000000,0.00,0,0,-39.02,-0.022,-0.6860,0.0490,0.7840,1.0429,0.464111,-0.417358,0.027588,0.780823,7.999,138.8,-1
1785813163.013,478,122703,0,0.00000000,0.00000000,0.00,0,0,-38.98,-0.003,-0.5880,0.2450,0.9800,1.1688,0.464111,-0.417297,0.027588,0.780823,7.999,142.5,-1
1785813163.199,479,122927,0,0.00000000,0.00000000,0.00,0,0,-38.87,0.057,-0.5880,0.3920,1.1760,1.3720,0.464111,-0.417297,0.027649,0.780823,7.997,136.2,-1
1785813163.451,480,123138,0,0.00000000,0.00000000,0.00,0,0,-38.90,0.049,-0.4410,0.2450,1.0780,1.1902,0.464111,-0.417236,0.027649,0.780884,7.999,141.2,-1
1785813163.638,481,123359,0,0.00000000,0.00000000,0.00,0,0,-38.99,-0.001,-0.4900,0.2940,1.4210,1.5316,0.464111,-0.417236,0.027649,0.780884,7.997,143.8,-1
1785813163.889,482,123587,0,0.00000000,0.00000000,0.00,0,0,-39.06,-0.032,-0.6370,0.0000,1.1270,1.2946,0.464111,-0.417236,0.027649,0.780884,7.996,142.5,-1
1785813164.078,483,123809,0,0.00000000,0.00000000,0.00,0,0,-39.07,-0.041,-0.4900,0.2450,1.0780,1.2092,0.464111,-0.417175,0.027649,0.780884,7.995,140.0,-1
1785813164.330,484,124026,0,0.00000000,0.00000000,0.00,0,0,-39.01,-0.001,-0.5390,0.4410,1.3720,1.5386,0.464111,-0.417175,0.027649,0.780884,7.996,140.0,-1
1785813164.520,485,124240,0,0.00000000,0.00000000,0.00,0,0,-38.95,0.043,-0.7350,0.4900,0.9310,1.2834,0.464111,-0.417236,0.027588,0.780884,7.996,142.5,-1
1785813164.769,486,124461,0,0.00000000,0.00000000,0.00,0,0,-38.85,0.107,-0.2450,0.0490,1.1760,1.2022,0.464111,-0.417236,0.027527,0.780823,7.999,142.5,-1
1785813164.958,487,124687,0,0.00000000,0.00000000,0.00,0,0,-38.87,0.090,-0.4900,0.0490,0.9800,1.0968,0.464172,-0.417236,0.027527,0.780823,7.996,141.2,-1
1785813165.209,488,124910,0,0.00000000,0.00000000,0.00,0,0,-38.98,0.010,-0.6370,0.1470,0.9310,1.1376,0.464172,-0.417236,0.027466,0.780823,7.997,138.8,-1
1785813165.458,489,125152,0,0.00000000,0.00000000,0.00,0,0,-38.92,0.045,-0.7840,0.3430,1.2740,1.5347,0.464172,-0.417236,0.027466,0.780823,7.997,145.0,-1
1785813165.645,490,125352,0,0.00000000,0.00000000,0.00,0,0,-38.90,0.070,-0.5880,0.2940,1.1270,1.3047,0.464172,-0.417236,0.027466,0.780823,7.999,141.2,-1
1785813165.834,491,125569,0,0.00000000,0.00000000,0.00,0,0,-38.95,0.010,-0.2450,0.1960,0.8820,0.9361,0.464172,-0.417236,0.027466,0.780823,7.997,148.8,-1
1785813166.086,492,125792,0,0.00000000,0.00000000,0.00,0,0,-38.88,0.032,-0.6370,0.1960,1.0780,1.2674,0.464172,-0.417175,0.027527,0.780884,7.997,146.2,-1
1785813166.336,493,126017,0,0.00000000,0.00000000,0.00,0,0,-38.80,0.085,-0.7350,0.2940,0.8330,1.1492,0.464111,-0.417175,0.027588,0.780884,7.999,147.5,-1
1785813166.527,494,126232,0,0.00000000,0.00000000,0.00,0,0,-38.96,-0.001,-0.6860,0.0980,0.8820,1.1217,0.464111,-0.417236,0.027588,0.780884,7.997,145.0,-1
1785813166.715,495,126452,0,0.00000000,0.00000000,0.00,0,0,-38.84,0.079,-0.1470,-0.1470,0.6860,0.7168,0.464111,-0.417236,0.027649,0.780884,7.996,146.2,-1
1785813166.966,496,126674,0,0.00000000,0.00000000,0.00,0,0,-38.86,0.062,-0.4410,0.0490,0.8820,0.9873,0.464050,-0.417297,0.027649,0.780823,7.997,142.5,-1
1785813167.215,497,126896,0,0.00000000,0.00000000,0.00,0,0,-38.78,0.120,-0.4410,0.1960,0.7840,0.9206,0.464050,-0.417236,0.027649,0.780884,7.995,142.5,-1
1785813167.465,498,127147,0,0.00000000,0.00000000,0.00,0,0,-38.94,0.008,-0.4900,0.1960,1.2250,1.3338,0.464111,-0.417236,0.027649,0.780884,7.996,146.2,-1
1785813167.653,499,127374,0,0.00000000,0.00000000,0.00,0,0,-38.93,0.024,-0.4410,0.2940,1.0290,1.1575,0.464111,-0.417236,0.027649,0.780884,7.997,142.5,-1
1785813167.903,500,127592,0,0.00000000,0.00000000,0.00,0,0,-38.94,0.003,-0.4410,0.1470,1.4210,1.4951,0.464050,-0.417358,0.027710,0.780823,7.997,148.8,-1
1785813168.090,501,127817,0,0.00000000,0.00000000,0.00,0,0,-38.95,-0.015,-0.4410,0.2450,1.0290,1.1460,0.464050,-0.417358,0.027710,0.780823,7.996,146.2,-1
1785813168.339,502,128036,0,0.00000000,0.00000000,0.00,0,0,-38.97,-0.034,-0.7840,0.4900,1.0290,1.3833,0.464050,-0.417297,0.027710,0.780884,7.997,147.5,-1
1785813168.526,503,128252,0,0.00000000,0.00000000,0.00,0,0,-38.93,-0.009,-0.3920,0.2450,0.8330,0.9527,0.464050,-0.417297,0.027710,0.780884,7.997,150.0,-1
1785813168.776,504,128477,0,0.00000000,0.00000000,0.00,0,0,-38.92,-0.000,-0.3920,0.0000,0.7350,0.8330,0.464050,-0.417297,0.027710,0.780884,7.999,142.5,-1
1785813168.964,505,128696,0,0.00000000,0.00000000,0.00,0,0,-38.83,0.063,-0.5390,0.4900,1.2740,1.4675,0.464050,-0.417297,0.027710,0.780884,7.997,146.2,-1
1785813169.215,506,128918,0,0.00000000,0.00000000,0.00,0,0,-38.89,0.010,-0.2940,0.3430,1.1760,1.2598,0.464050,-0.417297,0.027710,0.780823,7.997,136.2,-1
1785813169.464,507,129161,0,0.00000000,0.00000000,0.00,0,0,-38.88,0.019,-0.5880,0.4900,1.0780,1.3221,0.464050,-0.417297,0.027710,0.780884,7.997,141.2,-1
1785813169.650,508,129389,0,0.00000000,0.00000000,0.00,0,0,-38.96,-0.048,-0.0490,-0.0490,1.2740,1.2759,0.464050,-0.417297,0.027710,0.780884,7.997,143.8,-1
1785813169.903,509,129610,0,0.00000000,0.00000000,0.00,0,0,-38.95,-0.045,-0.4410,0.0980,1.1270,1.2142,0.464050,-0.417297,0.027771,0.780884,8.000,147.5,-1
1785813170.152,510,129832,0,0.00000000,0.00000000,0.00,0,0,-38.98,-0.047,-0.5880,0.5880,1.1760,1.4403,0.464050,-0.417236,0.027710,0.780884,7.996,150.0,-1
1785813170.340,511,130058,0,0.00000000,0.00000000,0.00,0,0,-38.89,0.015,-0.5880,0.3430,1.1760,1.3588,0.464050,-0.417297,0.027710,0.780884,7.997,143.8,-1
1785813170.528,512,130267,0,0.00000000,0.00000000,0.00,0,0,-38.96,-0.028,-0.6370,0.1960,1.1760,1.3517,0.464050,-0.417297,0.027710,0.780884,7.997,151.2,-1
1785813170.780,513,130490,0,0.00000000,0.00000000,0.00,0,0,-38.87,0.031,-0.3920,0.1470,1.1270,1.2022,0.464050,-0.417297,0.027710,0.780884,7.996,147.5,-1
1785813171.033,514,130712,0,0.00000000,0.00000000,0.00,0,0,-38.80,0.074,-0.2940,0.0980,0.8820,0.9349,0.464050,-0.417297,0.027710,0.780884,7.997,147.5,-1
1785813171.221,515,130930,0,0.00000000,0.00000000,0.00,0,0,-38.82,0.050,-0.3920,0.1470,0.7350,0.8459,0.464050,-0.417236,0.027710,0.780884,7.997,151.2,-1
1785813171.408,516,131144,0,0.00000000,0.00000000,0.00,0,0,-38.82,0.068,-0.4410,0.2940,0.8820,1.0290,0.464050,-0.417236,0.027710,0.780884,7.997,145.0,-1
1785813171.657,517,131364,0,0.00000000,0.00000000,0.00,0,0,-38.95,-0.026,-0.7350,0.1960,0.8820,1.1647,0.464050,-0.417236,0.027710,0.780884,7.996,136.2,-1
1785813171.906,518,131592,0,0.00000000,0.00000000,0.00,0,0,-38.94,-0.006,-0.5390,0.2450,0.9800,1.1450,0.464050,-0.417236,0.027710,0.780884,7.996,150.0,-1
1785813172.094,519,131816,0,0.00000000,0.00000000,0.00,0,0,-38.89,0.022,-0.2450,0.0000,0.8330,0.8683,0.464050,-0.417236,0.027710,0.780884,7.996,146.2,-1
1785813172.344,520,132041,0,0.00000000,0.00000000,0.00,0,0,-38.87,0.034,-0.5390,0.3920,1.3230,1.4814,0.464050,-0.417175,0.027710,0.780884,7.997,145.0,-1
1785813172.532,521,132250,0,0.00000000,0.00000000,0.00,0,0,-38.88,0.049,-0.6860,0.0490,0.9310,1.1575,0.464050,-0.417175,0.027710,0.780884,7.997,146.2,-1
1785813172.781,522,132479,0,0.00000000,0.00000000,0.00,0,0,-38.90,0.035,-0.0980,-0.1960,1.2250,1.2444,0.464050,-0.417175,0.027710,0.780945,7.997,146.2,-1
1785813172.966,523,132704,0,0.00000000,0.00000000,0.00,0,0,-39.02,-0.046,-0.4410,-0.0490,1.1760,1.2569,0.464111,-0.417175,0.027710,0.780945,7.997,143.8,-1
1785813173.218,524,132924,0,0.00000000,0.00000000,0.00,0,0,-38.95,-0.014,-0.4410,0.1960,1.0780,1.1811,0.464111,-0.417175,0.027710,0.780945,7.996,143.8,-1
1785813173.406,525,133140,0,0.00000000,0.00000000,0.00,0,0,-38.92,0.013,-0.6370,0.0980,0.7350,0.9775,0.464050,-0.417175,0.027710,0.780945,7.996,145.0,-1
1785813173.656,526,133365,0,0.00000000,0.00000000,0.00,0,0,-38.82,0.090,-0.5390,0.1470,1.1270,1.2579,0.464050,-0.417236,0.027771,0.780884,7.999,140.0,-1
1785813173.906,527,133586,0,0.00000000,0.00000000,0.00,0,0,-38.84,0.060,-0.7350,0.5390,1.3720,1.6472,0.464050,-0.417236,0.027832,0.780884,7.996,140.0,-1
1785813174.092,528,133808,0,0.00000000,0.00000000,0.00,0,0,-38.85,0.045,-0.4900,0.0490,0.6370,0.8052,0.463989,-0.417236,0.027832,0.780884,7.996,145.0,-1
1785813174.340,529,134028,0,0.00000000,0.00000000,0.00,0,0,-38.79,0.069,-0.6860,0.5390,1.3230,1.5848,0.463989,-0.417297,0.027832,0.780884,7.996,147.5,-1
1785813174.529,530,134240,0,0.00000000,0.00000000,0.00,0,0,-39.01,-0.047,-0.4410,0.4900,0.9800,1.1811,0.463989,-0.417358,0.027832,0.780884,7.995,145.0,-1
1785813174.778,531,134458,0,0.00000000,0.00000000,0.00,0,0,-38.86,0.075,-0.4410,0.0980,0.8330,0.9476,0.463989,-0.417419,0.027771,0.780823,7.996,145.0,-1
1785813174.964,532,134680,0,0.00000000,0.00000000,0.00,0,0,-38.86,0.050,-0.0490,0.2450,0.8820,0.9167,0.464050,-0.417358,0.027710,0.780823,8.000,145.0,-1
1785813175.215,533,134900,0,0.00000000,0.00000000,0.00,0,0,-38.84,0.069,-0.5390,0.2450,0.7840,0.9824,0.464050,-0.417297,0.027710,0.780884,7.999,146.2,-1
1785813175.405,534,135143,0,0.00000000,0.00000000,0.00,0,0,-38.96,-0.015,-0.4900,0.2450,1.1270,1.2531,0.464050,-0.417236,0.027710,0.780884,7.999,145.0,-1
1785813175.659,535,135364,0,0.00000000,0.00000000,0.00,0,0,-38.90,0.021,-0.4900,0.2940,1.2740,1.3963,0.464050,-0.417236,0.027710,0.780884,7.999,145.0,-1
1785813175.911,536,135591,0,0.00000000,0.00000000,0.00,0,0,-38.86,0.051,-0.5390,0.1960,1.1760,1.3084,0.464050,-0.417175,0.027710,0.780884,7.999,147.5,-1
1785813176.099,537,135813,0,0.00000000,0.00000000,0.00,0,0,-38.85,0.057,-0.6370,0.0000,0.8820,1.0880,0.464050,-0.417175,0.027710,0.780884,8.000,143.8,-1
1785813176.291,538,136031,0,0.00000000,0.00000000,0.00,0,0,-38.86,0.039,-0.6860,0.4410,1.2250,1.4716,0.464050,-0.417236,0.027710,0.780884,7.999,147.5,-1
1785813176.538,539,136247,0,0.00000000,0.00000000,0.00,0,0,-38.80,0.074,-0.6860,0.7840,0.9310,1.3971,0.464050,-0.417297,0.027710,0.780884,7.999,147.5,-1
1785813176.787,540,136471,0,0.00000000,0.00000000,0.00,0,0,-38.93,0.012,-0.4900,0.0490,0.9800,1.0968,0.464050,-0.417297,0.027710,0.780884,7.999,150.0,-1
1785813176.975,541,136693,0,0.00000000,0.00000000,0.00,0,0,-38.84,0.070,-0.4410,0.2450,1.1760,1.2796,0.464050,-0.417358,0.027710,0.780823,7.999,151.2,-1
1785813177.223,542,136912,0,0.00000000,0.00000000,0.00,0,0,-39.02,-0.064,-0.4900,0.2450,1.1760,1.2973,0.464050,-0.417358,0.027710,0.780823,8.001,148.8,-1
1785813177.473,543,137159,0,0.00000000,0.00000000,0.00,0,0,-38.90,0.008,-0.4900,0.1470,1.4210,1.5103,0.464050,-0.417297,0.027710,0.780884,7.999,145.0,-1
1785813177.661,544,137383,0,0.00000000,0.00000000,0.00,0,0,-38.92,0.008,-0.4410,0.0980,0.7840,0.9048,0.463989,-0.417358,0.027771,0.780823,7.997,150.0,-1
1785813177.914,545,137604,0,0.00000000,0.00000000,0.00,0,0,-38.89,0.012,-0.3920,0.2940,0.7840,0.9245,0.464050,-0.417297,0.027771,0.780884,7.997,155.0,-1
1785813178.102,546,137826,0,0.00000000,0.00000000,0.00,0,0,-38.94,-0.020,-0.4900,0.2940,0.9800,1.1344,0.464050,-0.417297,0.027771,0.780884,7.999,145.0,-1
1785813178.353,547,138045,0,0.00000000,0.00000000,0.00,0,0,-39.01,-0.042,-0.3430,0.2940,0.9800,1.0791,0.464050,-0.417297,0.027771,0.780884,7.995,142.5,-1
1785813178.540,548,138261,0,0.00000000,0.00000000,0.00,0,0,-38.98,-0.022,-0.6370,0.1960,1.1270,1.3093,0.464050,-0.417236,0.027710,0.780884,7.997,140.0,-1
1785813178.788,549,138487,0,0.00000000,0.00000000,0.00,0,0,-38.92,0.019,-0.5880,0.4410,1.3230,1.5135,0.464050,-0.417236,0.027710,0.780884,7.999,148.8,-1
1785813178.976,550,138709,0,0.00000000,0.00000000,0.00,0,0,-38.90,0.025,-0.5880,0.0000,1.2250,1.3588,0.464050,-0.417297,0.027771,0.780884,8.000,145.0,-1
1785813179.226,551,138932,0,0.00000000,0.00000000,0.00,0,0,-38.91,0.022,-0.3430,0.2940,1.8130,1.8684,0.464050,-0.417297,0.027710,0.780884,8.000,147.5,-1
1785813179.414,552,139149,0,0.00000000,0.00000000,0.00,0,0,-38.92,0.023,-0.6370,0.2450,0.9310,1.1544,0.464050,-0.417297,0.027710,0.780884,7.999,147.5,-1
1785813179.663,553,139368,0,0.00000000,0.00000000,0.00,0,0,-39.07,-0.092,-0.6370,0.1470,0.8820,1.0979,0.464050,-0.417297,0.027710,0.780884,7.997,152.5,-1
1785813179.849,554,139587,0,0.00000000,0.00000000,0.00,0,0,-39.01,-0.028,-0.4900,0.1470,1.4700,1.5565,0.464050,-0.417297,0.027771,0.780884,7.996,152.5,-1
1785813180.101,555,139809,0,0.00000000,0.00000000,0.00,0,0,-39.01,-0.033,-0.3430,0.1960,1.1270,1.1942,0.464050,-0.417297,0.027710,0.780884,7.999,145.0,-1
1785813180.351,556,140033,0,0.00000000,0.00000000,0.00,0,0,-38.95,-0.004,0.0490,0.2940,0.9800,1.0243,0.464050,-0.417236,0.027710,0.780884,7.999,145.0,-1
1785813180.537,557,140248,0,0.00000000,0.00000000,0.00,0,0,-38.92,0.001,-0.6860,0.1960,1.2250,1.4176,0.464111,-0.417175,0.027710,0.780884,7.997,148.8,-1
1785813180.790,558,140472,0,0.00000000,0.00000000,0.00,0,0,-38.95,-0.009,-0.4410,0.1470,0.9310,1.0406,0.464111,-0.417175,0.027710,0.780945,7.997,145.0,-1
1785813180.976,559,140694,0,0.00000000,0.00000000,0.00,0,0,-38.94,-0.002,-0.2940,0.3920,1.4210,1.5031,0.464111,-0.417175,0.027710,0.780945,8.001,132.5,-1
1785813181.224,560,140916,0,0.00000000,0.00000000,0.00,0,0,-38.83,0.063,-0.5390,0.3430,1.3230,1.4692,0.464050,-0.417175,0.027710,0.780945,8.000,140.0,-1
1785813181.410,561,141133,0,0.00000000,0.00000000,0.00,0,0,-38.92,0.002,-0.3430,-0.0980,0.5880,0.6877,0.464050,-0.417175,0.027710,0.780945,8.001,146.2,-1
1785813181.661,562,141355,0,0.00000000,0.00000000,0.00,0,0,-38.83,0.076,-0.7840,0.4900,1.1270,1.4577,0.464111,-0.417175,0.027710,0.780945,7.997,146.2,-1
1785813181.849,563,141575,0,0.00000000,0.00000000,0.00,0,0,-38.85,0.038,-1.2250,0.6370,1.2740,1.8787,0.464111,-0.417175,0.027710,0.780945,8.000,141.2,-1
1785813182.100,564,141798,0,0.00000000,0.00000000,0.00,0,0,-38.84,0.045,-0.5880,0.2940,0.9800,1.1801,0.464111,-0.417175,0.027649,0.780884,7.997,141.2,-1
1785813182.288,565,142026,0,0.00000000,0.00000000,0.00,0,0,-39.03,-0.079,-0.3430,0.0490,1.2740,1.3203,0.464111,-0.417175,0.027649,0.780884,7.997,142.5,-1
1785813182.540,566,142239,0,0.00000000,0.00000000,0.00,0,0,-38.93,-0.007,-0.5390,0.3430,0.8820,1.0891,0.464111,-0.417175,0.027588,0.780884,7.999,138.8,-1
1785813182.728,567,142463,0,0.00000000,0.00000000,0.00,0,0,-38.98,-0.039,-0.4900,0.1960,1.2740,1.3790,0.464111,-0.417175,0.027588,0.780884,7.997,146.2,-1
1785813182.979,568,142688,0,0.00000000,0.00000000,0.00,0,0,-38.94,-0.018,-0.3920,0.0000,0.7840,0.8765,0.464111,-0.417175,0.027649,0.780884,8.000,142.5,-1
1785813183.226,569,142915,0,0.00000000,0.00000000,0.00,0,0,-38.97,-0.033,-0.5390,0.3920,1.3720,1.5253,0.464111,-0.417175,0.027649,0.780884,7.996,147.5,-1
1785813183.477,570,143160,0,0.00000000,0.00000000,0.00,0,0,-38.81,0.071,-0.7350,0.1470,1.1270,1.3535,0.464111,-0.417175,0.027649,0.780884,8.000,142.5,-1
1785813183.666,571,143386,0,0.00000000,0.00000000,0.00,0,0,-38.96,-0.029,-0.2940,0.0980,1.0290,1.0747,0.464111,-0.417175,0.027710,0.780945,7.996,148.8,-1
1785813183.919,572,143607,0,0.00000000,0.00000000,0.00,0,0,-38.89,0.021,-0.8330,0.4900,1.3720,1.6782,0.464111,-0.417175,0.027649,0.780884,7.999,150.0,-1
1785813184.108,573,143827,0,0.00000000,0.00000000,0.00,0,0,-38.89,0.026,-0.2940,-0.0980,0.9800,1.0278,0.464111,-0.417297,0.027588,0.780823,7.999,145.0,-1
1785813184.355,574,144047,0,0.00000000,0.00000000,0.00,0,0,-38.95,-0.009,-0.6860,0.2450,0.8330,1.1066,0.464111,-0.417358,0.027527,0.780823,7.999,143.8,-1
1785813184.542,575,144263,0,0.00000000,0.00000000,0.00,0,0,-38.98,-0.014,-0.4900,0.3430,1.1270,1.2759,0.464111,-0.417358,0.027527,0.780823,7.999,141.2,-1
1785813184.794,576,144487,0,0.00000000,0.00000000,0.00,0,0,-39.02,-0.035,-0.6860,0.1960,1.0290,1.2521,0.464111,-0.417358,0.027466,0.780823,8.000,146.2,-1
1785813184.981,577,144710,0,0.00000000,0.00000000,0.00,0,0,-39.01,-0.012,-0.3920,-0.1470,0.5880,0.7218,0.464111,-0.417358,0.027588,0.780823,7.997,141.2,-1
1785813185.231,578,144929,0,0.00000000,0.00000000,0.00,0,0,-38.96,0.026,-0.5880,0.3430,0.8820,1.1141,0.464111,-0.417358,0.027588,0.780823,7.996,142.5,-1
1785813185.417,579,145145,0,0.00000000,0.00000000,0.00,0,0,-38.89,0.067,-0.4900,0.0490,0.6860,0.8445,0.464050,-0.417358,0.027649,0.780823,7.999,141.2,-1
1785813185.668,580,145371,0,0.00000000,0.00000000,0.00,0,0,-39.01,-0.011,-0.3430,0.0490,0.8820,0.9476,0.464050,-0.417297,0.027649,0.780823,7.997,145.0,-1
1785813185.857,581,145592,0,0.00000000,0.00000000,0.00,0,0,-38.92,0.045,-1.0290,0.0980,0.9310,1.3911,0.464111,-0.417297,0.027649,0.780823,8.000,147.5,-1
1785813186.106,582,145813,0,0.00000000,0.00000000,0.00,0,0,-38.98,-0.011,-0.2940,-0.0490,1.1270,1.1657,0.464111,-0.417236,0.027649,0.780884,7.999,145.0,-1
1785813186.326,583,146036,0,0.00000000,0.00000000,0.00,0,0,-38.93,0.019,-0.4410,0.3430,1.1760,1.3020,0.464111,-0.417236,0.027649,0.780884,7.999,147.5,-1
1785813186.571,584,146256,0,0.00000000,0.00000000,0.00,0,0,-39.01,-0.007,-0.8330,0.1470,0.8330,1.1872,0.464050,-0.417236,0.027649,0.780884,7.999,146.2,-1
1785813186.758,585,146478,0,0.00000000,0.00000000,0.00,0,0,-39.01,-0.038,-0.5390,0.1960,1.2250,1.3526,0.464050,-0.417297,0.027710,0.780884,7.999,142.5,-1
1785813187.009,586,146704,0,0.00000000,0.00000000,0.00,0,0,-38.87,0.047,-0.5390,0.4410,1.1760,1.3667,0.464050,-0.417297,0.027710,0.780884,7.997,148.8,-1
1785813187.196,587,146924,0,0.00000000,0.00000000,0.00,0,0,-38.97,-0.007,-0.3430,0.2450,0.8820,0.9775,0.464050,-0.417358,0.027649,0.780823,7.997,143.8,-1
1785813187.445,588,147137,0,0.00000000,0.00000000,0.00,0,0,-39.08,-0.062,-0.5880,-0.0490,0.6860,0.9048,0.464050,-0.417358,0.027710,0.780823,7.997,143.8,-1
1785813187.631,589,147363,0,0.00000000,0.00000000,0.00,0,0,-38.98,0.009,-0.6860,0.1470,0.8330,1.0891,0.464050,-0.417297,0.027710,0.780884,7.999,146.2,-1
1785813187.879,590,147588,0,0.00000000,0.00000000,0.00,0,0,-38.88,0.070,-0.4410,0.2940,1.4210,1.5166,0.464050,-0.417358,0.027771,0.780823,7.997,146.2,-1
1785813188.131,591,147811,0,0.00000000,0.00000000,0.00,0,0,-38.86,0.064,-0.7840,0.1960,0.9800,1.2702,0.463989,-0.417358,0.027771,0.780823,7.997,145.0,-1
1785813188.319,592,148036,0,0.00000000,0.00000000,0.00,0,0,-38.85,0.053,-0.5390,0.4410,1.2740,1.4519,0.464050,-0.417297,0.027771,0.780884,7.997,145.0,-1
1785813188.571,593,148256,0,0.00000000,0.00000000,0.00,0,0,-38.87,0.036,-0.6860,0.1470,1.3720,1.5410,0.464050,-0.417297,0.027771,0.780884,7.999,147.5,-1
1785813188.757,594,148478,0,0.00000000,0.00000000,0.00,0,0,-38.95,-0.022,-0.4900,0.3430,0.9800,1.1481,0.464050,-0.417236,0.027710,0.780884,7.999,142.5,-1
1785813189.007,595,148701,0,0.00000000,0.00000000,0.00,0,0,-38.97,-0.043,-0.5390,0.2940,1.0780,1.2406,0.464050,-0.417236,0.027649,0.780884,7.999,140.0,-1
1785813189.193,596,148927,0,0.00000000,0.00000000,0.00,0,0,-38.98,-0.041,-0.3430,0.3920,1.1760,1.2862,0.464111,-0.417236,0.027649,0.780884,7.997,153.8,-1
1785813189.441,597,149142,0,0.00000000,0.00000000,0.00,0,0,-38.95,-0.021,-0.6370,0.1470,0.9800,1.1780,0.464111,-0.417236,0.027588,0.780884,7.999,135.0,-1
1785813189.630,598,149368,0,0.00000000,0.00000000,0.00,0,0,-38.89,0.034,-0.4410,0.1960,0.9310,1.0486,0.464111,-0.417297,0.027527,0.780823,7.997,145.0,-1
1785813189.881,599,149588,0,0.00000000,0.00000000,0.00,0,0,-38.95,-0.009,-0.3920,0.2450,0.7840,0.9101,0.464111,-0.417236,0.027588,0.780884,7.995,147.5,-1
1785813190.133,600,149813,0,0.00000000,0.00000000,0.00,0,0,-39.00,-0.045,-0.6370,0.3920,1.1270,1.3526,0.464111,-0.417236,0.027588,0.780884,7.995,147.5,-1
1785813190.324,601,150013,0,0.00000000,0.00000000,0.00,0,0,-38.89,0.022,-0.4410,0.1470,1.0290,1.1291,0.464050,-0.417236,0.027649,0.780884,7.997,146.2,-1
1785813190.511,602,150231,0,0.00000000,0.00000000,0.00,0,0,-39.02,-0.041,-0.5390,-0.1470,0.9800,1.1281,0.464050,-0.417175,0.027588,0.780945,8.000,151.2,-1
1785813190.761,603,150452,0,0.00000000,0.00000000,0.00,0,0,-38.82,0.080,-0.6860,0.0000,0.4900,0.8430,0.464111,-0.417175,0.027588,0.780884,7.996,147.5,-1
1785813190.947,604,150672,0,0.00000000,0.00000000,0.00,0,0,-39.01,-0.046,-0.4900,0.4410,0.6860,0.9514,0.464111,-0.417175,0.027588,0.780884,7.997,148.8,-1
1785813191.196,605,150890,0,0.00000000,0.00000000,0.00,0,0,-38.98,-0.033,-0.5880,0.1470,1.0780,1.2367,0.464111,-0.417175,0.027527,0.780884,7.997,141.2,-1
1785813191.444,606,151138,0,0.00000000,0.00000000,0.00,0,0,-38.98,-0.026,-0.5880,0.2940,1.4210,1.5657,0.464111,-0.417236,0.027466,0.780884,7.997,145.0,-1
1785813191.633,607,151364,0,0.00000000,0.00000000,0.00,0,0,-38.98,-0.028,-0.5880,0.3920,0.9800,1.2082,0.464172,-0.417236,0.027466,0.780884,7.997,142.5,-1
1785813191.886,608,151584,0,0.00000000,0.00000000,0.00,0,0,-38.88,0.032,-0.5390,0.2450,0.9800,1.1450,0.464172,-0.417236,0.027466,0.780823,8.000,137.5,-1
1785813192.074,609,151808,0,0.00000000,0.00000000,0.00,0,0,-38.92,0.005,-0.3920,-0.0980,0.8330,0.9258,0.464172,-0.417236,0.027405,0.780823,7.996,140.0,-1
1785813192.325,610,152035,0,0.00000000,0.00000000,0.00,0,0,-38.98,-0.011,-0.5880,0.0490,0.9800,1.1439,0.464111,-0.417236,0.027466,0.780884,7.997,143.8,-1
1785813192.512,611,152249,0,0.00000000,0.00000000,0.00,0,0,-39.03,-0.033,-0.5390,0.1960,1.0780,1.2211,0.464111,-0.417175,0.027527,0.780884,8.001,140.0,-1
1785813192.762,612,152474,0,0.00000000,0.00000000,0.00,0,0,-38.96,0.012,-0.4900,0.2450,0.9800,1.1227,0.464111,-0.417175,0.027588,0.780884,7.995,150.0,-1
1785813193.013,613,152695,0,0.00000000,0.00000000,0.00,0,0,-38.94,0.022,-0.8330,0.4900,1.1760,1.5222,0.464111,-0.417175,0.027588,0.780884,7.996,145.0,-1
1785813193.201,614,152918,0,0.00000000,0.00000000,0.00,0,0,-39.14,-0.092,-0.5390,0.4900,0.9800,1.2211,0.464111,-0.417175,0.027649,0.780945,7.997,142.5,-1
1785813193.453,615,153134,0,0.00000000,0.00000000,0.00,0,0,-39.10,-0.062,-0.3920,0.1960,1.0780,1.1637,0.464111,-0.417175,0.027649,0.780945,7.996,145.0,-1
1785813193.638,616,153360,0,0.00000000,0.00000000,0.00,0,0,-39.04,-0.017,-0.6370,0.1960,1.2250,1.3946,0.464050,-0.417175,0.027649,0.780945,7.997,142.5,-1
1785813193.888,617,153581,0,0.00000000,0.00000000,0.00,0,0,-39.09,-0.041,-0.7840,-0.1470,0.8820,1.1892,0.464111,-0.417175,0.027649,0.780945,7.997,142.5,-1
1785813194.077,618,153781,0,0.00000000,0.00000000,0.00,0,0,-39.02,0.014,-0.6860,0.0980,0.9800,1.2002,0.464111,-0.417175,0.027649,0.780945,7.999,145.0,-1
1785813194.266,619,154003,0,0.00000000,0.00000000,0.00,0,0,-38.98,0.032,-0.3920,0.1960,1.2250,1.3010,0.464050,-0.417236,0.027710,0.780884,7.997,140.0,-1
1785813194.517,620,154220,0,0.00000000,0.00000000,0.00,0,0,-39.02,-0.002,-0.5390,0.2450,1.0780,1.2299,0.463989,-0.417297,0.027710,0.780884,7.997,142.5,-1
1785813194.705,621,154441,0,0.00000000,0.00000000,0.00,0,0,-38.98,0.008,-0.3430,0.0980,0.7350,0.8170,0.463989,-0.417358,0.027771,0.780884,7.997,140.0,-1
1785813194.955,622,154660,0,0.00000000,0.00000000,0.00,0,0,-38.94,0.035,-0.7350,0.1960,1.1270,1.3597,0.463989,-0.417297,0.027710,0.780884,7.997,141.2,-1
1785813195.141,623,154879,0,0.00000000,0.00000000,0.00,0,0,-39.07,-0.058,-0.5880,0.2940,0.9800,1.1801,0.464050,-0.417236,0.027710,0.780884,7.995,145.0,-1
1785813195.393,624,155103,0,0.00000000,0.00000000,0.00,0,0,-39.08,-0.069,-0.5880,0.0000,1.0780,1.2279,0.464050,-0.417236,0.027710,0.780884,7.999,147.5,-1
1785813195.642,625,155321,0,0.00000000,0.00000000,0.00,0,0,-38.94,0.035,-0.4410,0.2940,1.2250,1.3347,0.463989,-0.417236,0.027771,0.780884,7.996,147.5,-1
1785813195.829,626,155540,0,0.00000000,0.00000000,0.00,0,0,-38.98,0.021,-0.6860,0.2450,1.0290,1.2607,0.464050,-0.417236,0.027710,0.780884,7.996,146.2,-1
1785813196.081,627,155763,0,0.00000000,0.00000000,0.00,0,0,-38.98,0.030,-0.5390,0.0980,1.1270,1.2531,0.464050,-0.417236,0.027710,0.780884,7.996,141.2,-1
1785813196.269,628,155982,0,0.00000000,0.00000000,0.00,0,0,-38.93,0.072,-0.4900,0.2450,0.6860,0.8779,0.464050,-0.417175,0.027710,0.780945,7.995,142.5,-1
1785813196.458,629,156196,0,0.00000000,0.00000000,0.00,0,0,-38.96,0.068,-0.5880,0.0490,0.9310,1.1022,0.464111,-0.417236,0.027588,0.780884,7.999,141.2,-1
1785813196.711,630,156422,0,0.00000000,0.00000000,0.00,0,0,-38.96,0.062,-0.3920,0.1960,1.0290,1.1184,0.464111,-0.417297,0.027588,0.780884,7.996,146.2,-1
1785813196.964,631,156646,0,0.00000000,0.00000000,0.00,0,0,-39.03,0.033,-0.2940,0.5880,1.1760,1.3473,0.464050,-0.417297,0.027588,0.780884,7.996,141.2,-1
1785813197.153,632,156864,0,0.00000000,0.00000000,0.00,0,0,-38.94,0.071,-0.2940,0.3430,0.7840,0.9048,0.464050,-0.417236,0.027649,0.780884,7.996,146.2,-1
1785813197.403,633,157086,0,0.00000000,0.00000000,0.00,0,0,-39.02,0.002,-0.4410,0.2940,1.1760,1.2899,0.464050,-0.417236,0.027649,0.780884,7.997,142.5,-1
1785813197.591,634,157304,0,0.00000000,0.00000000,0.00,0,0,-39.10,-0.025,-0.5880,0.1960,1.1270,1.2862,0.464050,-0.417175,0.027649,0.780884,7.997,143.8,-1
1785813197.840,635,157529,0,0.00000000,0.00000000,0.00,0,0,-39.08,-0.022,-0.4900,0.2450,1.2250,1.3419,0.464050,-0.417175,0.027649,0.780945,7.997,140.0,-1
1785813198.027,636,157755,0,0.00000000,0.00000000,0.00,0,0,-39.07,-0.002,-0.1960,0.5390,0.9310,1.0935,0.464050,-0.417236,0.027710,0.780884,7.996,145.0,-1
1785813198.277,637,157979,0,0.00000000,0.00000000,0.00,0,0,-39.01,0.032,-0.7840,0.3920,0.9800,1.3148,0.464050,-0.417236,0.027710,0.780884,8.000,140.0,-1
1785813198.465,638,158193,0,0.00000000,0.00000000,0.00,0,0,-39.15,-0.020,-0.4900,0.3920,1.1760,1.3329,0.464050,-0.417236,0.027710,0.780884,7.999,143.8,-1
1785813198.715,639,158420,0,0.00000000,0.00000000,0.00,0,0,-39.02,0.066,-0.5390,0.0490,0.9800,1.1195,0.464050,-0.417358,0.027649,0.780823,7.999,141.2,-1
1785813198.965,640,158643,0,0.00000000,0.00000000,0.00,0,0,-38.84,0.179,-0.7350,0.1960,0.9310,1.2022,0.464050,-0.417358,0.027649,0.780823,8.000,138.8,-1
1785813199.154,641,158870,0,0.00000000,0.00000000,0.00,0,0,-38.86,0.138,-0.5390,0.3430,0.9310,1.1291,0.464050,-0.417419,0.027649,0.780823,8.001,140.0,-1
1785813199.406,642,159090,0,0.00000000,0.00000000,0.00,0,0,-39.07,-0.020,-0.5390,0.0980,1.1270,1.2531,0.464050,-0.417419,0.027588,0.780823,8.000,141.2,-1
1785813199.593,643,159311,0,0.00000000,0.00000000,0.00,0,0,-39.08,-0.019,-0.5390,0.3430,1.0780,1.2531,0.464050,-0.417419,0.027649,0.780823,7.999,145.0,-1
1785813199.843,644,159530,0,0.00000000,0.00000000,0.00,0,0,-38.88,0.104,-0.6860,0.1470,0.9800,1.2052,0.464050,-0.417358,0.027649,0.780823,7.999,142.5,-1
1785813200.032,645,159754,0,0.00000000,0.00000000,0.00,0,0,-38.98,0.026,-0.4410,0.2450,0.9800,1.1022,0.463989,-0.417358,0.027710,0.780884,8.000,147.5,-1
1785813200.286,646,159971,0,0.00000000,0.00000000,0.00,0,0,-39.11,-0.054,-0.4900,0.1960,1.0290,1.1564,0.464050,-0.417358,0.027710,0.780884,7.999,145.0,-1
1785813200.478,647,160184,0,0.00000000,0.00000000,0.00,0,0,-39.03,0.009,-0.5880,0.4410,1.0780,1.3047,0.464050,-0.417297,0.027588,0.780823,7.999,142.5,-1
1785813200.668,648,160403,0,0.00000000,0.00000000,0.00,0,0,-39.10,-0.034,-0.6860,0.4410,1.1270,1.3911,0.464050,-0.417297,0.027588,0.780884,7.999,141.2,-1
1785813200.916,649,160622,0,0.00000000,0.00000000,0.00,0,0,-39.20,-0.109,-0.5880,0.2940,1.1270,1.3047,0.464050,-0.417297,0.027710,0.780884,7.997,143.8,-1
1785813201.106,650,160843,0,0.00000000,0.00000000,0.00,0,0,-39.10,-0.058,-0.6370,0.0980,0.6370,0.9062,0.463989,-0.417297,0.027710,0.780884,7.997,143.8,-1
1785813201.355,651,161065,0,0.00000000,0.00000000,0.00,0,0,-39.02,-0.009,-0.6860,0.1470,0.9800,1.2052,0.464050,-0.417236,0.027710,0.780884,8.002,142.5,-1
1785813201.545,652,161282,0,0.00000000,0.00000000,0.00,0,0,-38.97,-0.010,-0.6370,0.3430,0.8330,1.1033,0.464050,-0.417236,0.027710,0.780884,7.999,145.0,-1
1785813201.793,653,161506,0,0.00000000,0.00000000,0.00,0,0,-39.08,-0.088,-0.4410,0.1960,1.3720,1.4544,0.464050,-0.417297,0.027710,0.780884,7.997,142.5,-1
1785813202.044,654,161727,0,0.00000000,0.00000000,0.00,0,0,-39.10,-0.082,-0.3920,0.2940,0.8820,1.0090,0.463989,-0.417297,0.027710,0.780884,7.999,143.8,-1
1785813202.234,655,161954,0,0.00000000,0.00000000,0.00,0,0,-39.13,-0.098,-0.5390,0.0980,1.0780,1.2092,0.463989,-0.417358,0.027771,0.780884,7.999,150.0,-1
1785813202.485,656,162168,0,0.00000000,0.00000000,0.00,0,0,-39.10,-0.059,-0.4900,0.2450,1.0290,1.1657,0.463989,-0.417419,0.027771,0.780823,8.000,143.8,-1
1785813202.671,657,162399,0,0.00000000,0.00000000,0.00,0,0,-39.10,-0.042,-0.4410,0.2450,1.0290,1.1460,0.463989,-0.417358,0.027771,0.780884,7.999,145.0,-1
1785813202.920,658,162620,0,0.00000000,0.00000000,0.00,0,0,-39.06,-0.004,-0.3430,0.0490,1.5680,1.6058,0.463989,-0.417358,0.027832,0.780884,7.997,145.0,-1
1785813203.107,659,162841,0,0.00000000,0.00000000,0.00,0,0,-39.10,-0.021,-0.6860,0.0490,1.4210,1.5787,0.463989,-0.417297,0.027771,0.780884,7.997,143.8,-1
1785813203.357,660,163070,0,0.00000000,0.00000000,0.00,0,0,-39.07,-0.008,-0.4410,0.3430,1.1270,1.2579,0.463989,-0.417297,0.027771,0.780884,7.999,138.8,-1
1785813203.606,661,163283,0,0.00000000,0.00000000,0.00,0,0,-39.09,-0.025,-0.6860,-0.4900,2.0090,2.1787,0.464050,-0.417236,0.027710,0.780884,7.997,142.5,-1
1785813203.793,662,163511,0,0.00000000,0.00000000,0.00,0,0,-39.02,0.023,-0.6370,0.3430,1.1760,1.3807,0.464050,-0.417236,0.027710,0.780884,7.997,146.2,-1
1785813204.043,663,163733,0,0.00000000,0.00000000,0.00,0,0,-39.03,0.035,-0.3920,0.3920,0.9800,1.1259,0.464050,-0.417236,0.027710,0.780884,7.999,146.2,-1
1785813204.230,664,163961,0,0.00000000,0.00000000,0.00,0,0,-38.97,0.058,-0.7840,0.0980,1.1760,1.4168,0.464050,-0.417175,0.027710,0.780945,8.000,146.2,-1
1785813204.481,665,164172,0,0.00000000,0.00000000,0.00,0,0,-39.04,0.029,-0.3920,0.1470,1.1270,1.2022,0.464050,-0.417236,0.027710,0.780884,8.001,143.8,-1
1785813204.667,666,164394,0,0.00000000,0.00000000,0.00,0,0,-39.11,-0.005,-0.4900,0.1470,0.9310,1.0623,0.464050,-0.417236,0.027649,0.780884,7.999,142.5,-1
1785813204.918,667,164619,0,0.00000000,0.00000000,0.00,0,0,-39.15,-0.032,-0.4900,0.0980,0.8820,1.0137,0.464050,-0.417236,0.027649,0.780884,7.997,147.5,-1
1785813205.107,668,164844,0,0.00000000,0.00000000,0.00,0,0,-39.13,-0.004,-0.7350,0.2940,0.8330,1.1492,0.464050,-0.417236,0.027649,0.780884,7.999,145.0,-1
1785813205.355,669,165059,0,0.00000000,0.00000000,0.00,0,0,-39.06,0.031,-0.6860,0.2940,1.2250,1.4345,0.464050,-0.417175,0.027649,0.780884,7.999,150.0,-1
1785813205.542,670,165271,0,0.00000000,0.00000000,0.00,0,0,-39.13,-0.010,-0.3920,0.3430,0.9310,1.0668,0.464050,-0.417175,0.027649,0.780945,8.000,148.8,-1
1785813205.793,671,165493,0,0.00000000,0.00000000,0.00,0,0,-39.06,0.025,-0.5880,0.1960,1.0780,1.2435,0.464050,-0.417114,0.027649,0.780945,7.999,145.0,-1
1785813205.982,672,165711,0,0.00000000,0.00000000,0.00,0,0,-39.10,-0.001,-0.4410,0.1470,1.0290,1.1291,0.464050,-0.417114,0.027649,0.780945,7.996,148.8,-1
1785813206.232,673,165936,0,0.00000000,0.00000000,0.00,0,0,-39.20,-0.062,-0.5880,0.1960,1.2740,1.4168,0.464050,-0.417114,0.027710,0.780945,7.997,142.5,-1
1785813206.413,674,166150,0,0.00000000,0.00000000,0.00,0,0,-39.11,-0.028,-0.4410,0.2450,0.7840,0.9323,0.464050,-0.417175,0.027710,0.780945,7.996,147.5,-1
1785813206.656,675,166374,0,0.00000000,0.00000000,0.00,0,0,-39.20,-0.091,-0.2940,0.0980,1.0290,1.0747,0.464050,-0.417114,0.027710,0.780945,7.997,145.0,-1
1785813206.908,676,166595,0,0.00000000,0.00000000,0.00,0,0,-39.13,-0.029,-0.3430,0.0490,0.8330,0.9022,0.464050,-0.417114,0.027710,0.780945,8.000,143.8,-1
1785813207.098,677,166817,0,0.00000000,0.00000000,0.00,0,0,-39.18,-0.072,-0.5390,0.0000,0.9800,1.1184,0.464050,-0.417175,0.027649,0.780945,7.999,141.2,-1
1785813207.350,678,167040,0,0.00000000,0.00000000,0.00,0,0,-39.12,-0.030,-0.4410,0.3920,1.0780,1.2289,0.464050,-0.417175,0.027710,0.780945,7.997,143.8,-1
1785813207.539,679,167256,0,0.00000000,0.00000000,0.00,0,0,-39.24,-0.119,-0.3920,0.1470,0.9310,1.0208,0.464050,-0.417114,0.027710,0.780945,7.999,147.5,-1
1785813207.790,680,167478,0,0.00000000,0.00000000,0.00,0,0,-39.15,-0.053,-0.5390,0.4410,1.3720,1.5386,0.464050,-0.417175,0.027710,0.780945,7.999,145.0,-1
1785813207.978,681,167697,0,0.00000000,0.00000000,0.00,0,0,-39.19,-0.070,-0.4410,0.1470,0.9800,1.0847,0.464050,-0.417236,0.027771,0.780945,7.997,146.2,-1
1785813208.226,682,167917,0,0.00000000,0.00000000,0.00,0,0,-39.04,0.047,-0.5880,0.2450,1.1760,1.3374,0.464050,-0.417236,0.027710,0.780884,7.997,146.2,-1
1785813208.415,683,168131,0,0.00000000,0.00000000,0.00,0,0,-39.06,0.024,-0.3430,0.0000,0.6860,0.7670,0.464050,-0.417236,0.027710,0.780945,7.997,147.5,-1
1785813208.662,684,168360,0,0.00000000,0.00000000,0.00,0,0,-39.12,-0.021,-0.2940,0.1470,0.9800,1.0337,0.464050,-0.417175,0.027710,0.780945,7.996,142.5,-1
1785813208.848,685,168578,0,0.00000000,0.00000000,0.00,0,0,-39.17,-0.067,-0.6860,0.3920,0.9800,1.2588,0.464050,-0.417175,0.027710,0.780945,7.997,145.0,-1
1785813209.100,686,168800,0,0.00000000,0.00000000,0.00,0,0,-39.08,-0.011,-0.5880,0.0490,0.9800,1.1439,0.464050,-0.417175,0.027710,0.780945,7.997,143.8,-1
1785813209.288,687,169019,0,0.00000000,0.00000000,0.00,0,0,-39.29,-0.144,-0.3920,0.2940,1.0290,1.1397,0.464050,-0.417236,0.027710,0.780945,7.996,145.0,-1
1785813209.537,688,169232,0,0.00000000,0.00000000,0.00,0,0,-39.16,-0.057,-0.5390,0.1470,0.9310,1.0858,0.464050,-0.417236,0.027649,0.780884,7.999,147.5,-1
1785813209.726,689,169460,0,0.00000000,0.00000000,0.00,0,0,-39.10,-0.006,-0.4410,0.0000,1.1760,1.2560,0.464050,-0.417175,0.027649,0.780945,7.997,146.2,-1
1785813209.977,690,169684,0,0.00000000,0.00000000,0.00,0,0,-39.06,0.028,-0.4900,0.0490,1.3720,1.4577,0.464050,-0.417175,0.027710,0.780945,7.999,141.2,-1
1785813210.232,691,169906,0,0.00000000,0.00000000,0.00,0,0,-39.04,0.043,-0.4410,0.1470,0.9800,1.0847,0.464050,-0.417175,0.027710,0.780945,7.997,145.0,-1
1785813210.423,692,170154,0,0.00000000,0.00000000,0.00,0,0,-39.15,-0.019,-0.6370,0.5390,1.5680,1.7762,0.464050,-0.417236,0.027710,0.780945,7.999,146.2,-1
1785813210.677,693,170372,0,0.00000000,0.00000000,0.00,0,0,-39.15,0.004,-0.6370,0.0490,1.0290,1.2112,0.463989,-0.417236,0.027771,0.780945,7.997,150.0,-1
1785813210.868,694,170593,0,0.00000000,0.00000000,0.00,0,0,-39.10,0.031,-0.4410,-0.0490,1.1270,1.2112,0.464050,-0.417236,0.027771,0.780945,7.999,142.5,-1
1785813211.118,695,170813,0,0.00000000,0.00000000,0.00,0,0,-39.23,-0.052,-0.3430,0.2940,1.4210,1.4911,0.464050,-0.417175,0.027771,0.780945,7.997,145.0,-1
1785813211.307,696,171036,0,0.00000000,0.00000000,0.00,0,0,-39.11,0.030,-0.4900,0.2450,0.8820,1.0383,0.464050,-0.417175,0.027710,0.780945,7.996,143.8,-1
1785813211.559,697,171255,0,0.00000000,0.00000000,0.00,0,0,-39.17,-0.020,-0.3920,0.1960,1.0290,1.1184,0.464050,-0.417236,0.027710,0.780884,7.997,147.5,-1
1785813211.747,698,171476,0,0.00000000,0.00000000,0.00,0,0,-39.09,0.045,-0.4900,-0.0490,0.9310,1.0532,0.464050,-0.417297,0.027710,0.780884,7.997,145.0,-1
1785813211.997,699,171696,0,0.00000000,0.00000000,0.00,0,0,-39.18,-0.041,-0.5880,0.2940,0.6860,0.9501,0.464050,-0.417297,0.027710,0.780884,7.996,143.8,-1
1785813212.186,700,171915,0,0.00000000,0.00000000,0.00,0,0,-39.13,-0.023,-0.4900,0.0980,0.7840,0.9297,0.464050,-0.417297,0.027588,0.780884,7.997,148.8,-1
1785813212.434,701,172124,0,0.00000000,0.00000000,0.00,0,0,-39.14,-0.046,-0.4900,0.0000,0.6370,0.8037,0.464050,-0.417297,0.027649,0.780884,7.999,145.0,-1
1785813212.623,702,172324,0,0.00000000,0.00000000,0.00,0,0,-39.00,0.015,-0.3920,0.1470,0.9310,1.0208,0.464050,-0.417297,0.027710,0.780884,8.000,146.2,-1
1785813212.871,703,172549,0,0.00000000,0.00000000,0.00,0,0,-39.20,-0.105,-0.1960,0.0490,1.0290,1.0486,0.464050,-0.417297,0.027710,0.780884,7.997,145.0,-1
1785813213.060,704,172770,0,0.00000000,0.00000000,0.00,0,0,-39.15,-0.080,-0.4900,0.1470,0.9800,1.1055,0.464050,-0.417236,0.027710,0.780884,7.997,146.2,-1
1785813213.312,705,172989,0,0.00000000,0.00000000,0.00,0,0,-39.15,-0.046,-0.4900,0.3920,1.0290,1.2052,0.464050,-0.417297,0.027710,0.780884,7.997,143.8,-1
1785813213.501,706,173204,0,0.00000000,0.00000000,0.00,0,0,-39.18,-0.075,-0.7350,0.0980,1.7640,1.9135,0.464050,-0.417236,0.027710,0.780884,7.997,141.2,-1
1785813213.753,707,173431,0,0.00000000,0.00000000,0.00,0,0,-39.17,-0.065,-0.5390,0.2940,0.7840,0.9958,0.464050,-0.417236,0.027710,0.780884,7.996,140.0,-1
1785813213.942,708,173652,0,0.00000000,0.00000000,0.00,0,0,-39.08,0.007,-0.4410,0.1470,0.7840,0.9115,0.464050,-0.417175,0.027710,0.780945,7.997,145.0,-1
1785813214.194,709,173871,0,0.00000000,0.00000000,0.00,0,0,-39.14,-0.028,-0.4410,0.1960,1.2740,1.3623,0.464050,-0.417175,0.027710,0.780945,7.996,145.0,-1
1785813214.378,710,174089,0,0.00000000,0.00000000,0.00,0,0,-39.15,-0.025,-0.4410,0.2450,1.3230,1.4159,0.464050,-0.417175,0.027710,0.780945,7.999,141.2,-1
1785813214.566,711,174300,0,0.00000000,0.00000000,0.00,0,0,-39.16,-0.027,-0.4900,0.4900,1.0780,1.2815,0.464050,-0.417236,0.027710,0.780945,7.996,143.8,-1
1785813214.816,712,174522,0,0.00000000,0.00000000,0.00,0,0,-39.18,-0.036,-0.4410,0.1960,1.3230,1.4083,0.464050,-0.417297,0.027649,0.780884,7.999,141.2,-1
1785813215.004,713,174741,0,0.00000000,0.00000000,0.00,0,0,-39.05,0.062,-0.5390,0.2450,1.1270,1.2731,0.464050,-0.417297,0.027588,0.780884,7.995,147.5,-1
1785813215.255,714,174963,0,0.00000000,0.00000000,0.00,0,0,-39.05,0.054,-0.6370,0.2450,0.8820,1.1152,0.464050,-0.417297,0.027588,0.780823,7.999,143.8,-1
1785813215.444,715,175175,0,0.00000000,0.00000000,0.00,0,0,-39.13,0.005,-0.5880,0.3430,0.9310,1.1533,0.464050,-0.417358,0.027649,0.780823,7.997,137.5,-1
1785813215.695,716,175393,0,0.00000000,0.00000000,0.00,0,0,-39.05,0.047,-0.5880,0.3920,0.7840,1.0555,0.464050,-0.417297,0.027649,0.780884,7.996,145.0,-1
1785813215.884,717,175614,0,0.00000000,0.00000000,0.00,0,0,-39.12,0.012,-0.4900,0.2450,0.9310,1.0802,0.464050,-0.417297,0.027710,0.780884,7.999,141.2,-1
1785813216.134,718,175837,0,0.00000000,0.00000000,0.00,0,0,-39.04,0.061,-0.5390,0.1960,1.0780,1.2211,0.464050,-0.417297,0.027710,0.780884,7.999,136.2,-1
1785813216.383,719,176063,0,0.00000000,0.00000000,0.00,0,0,-39.02,0.065,-0.7350,-0.1960,0.9310,1.2022,0.464050,-0.417236,0.027710,0.780884,7.997,148.8,-1
1785813216.571,720,176274,0,0.00000000,0.00000000,0.00,0,0,-39.02,0.063,-0.5880,0.0980,0.7840,0.9849,0.464050,-0.417236,0.027710,0.780884,7.999,143.8,-1
1785813216.760,721,176497,0,0.00000000,0.00000000,0.00,0,0,-39.08,0.009,-0.3920,0.0980,1.0290,1.1055,0.464050,-0.417236,0.027710,0.780945,7.997,138.8,-1
1785813217.012,722,176717,0,0.00000000,0.00000000,0.00,0,0,-39.07,0.022,-0.6370,0.4410,1.1760,1.4083,0.464050,-0.417175,0.027710,0.780945,7.997,136.2,-1
1785813217.263,723,176941,0,0.00000000,0.00000000,0.00,0,0,-39.09,0.006,-0.5390,0.4410,0.8330,1.0858,0.464050,-0.417175,0.027710,0.780945,8.000,140.0,-1
1785813217.453,724,177160,0,0.00000000,0.00000000,0.00,0,0,-39.17,-0.009,-0.7350,0.0980,0.9800,1.2289,0.464050,-0.417114,0.027710,0.780945,7.995,140.0,-1
1785813217.703,725,177380,0,0.00000000,0.00000000,0.00,0,0,-39.16,-0.001,-0.4410,-0.0490,0.9310,1.0313,0.464050,-0.417114,0.027710,0.780945,7.997,137.5,-1
1785813217.889,726,177598,0,0.00000000,0.00000000,0.00,0,0,-39.13,0.019,-0.4410,0.2450,0.5880,0.7748,0.464050,-0.417114,0.027710,0.780945,7.997,145.0,-1
1785813218.138,727,177822,0,0.00000000,0.00000000,0.00,0,0,-39.11,0.016,-0.4410,0.0980,1.1270,1.2142,0.464050,-0.417114,0.027710,0.780945,7.996,140.0,-1
1785813218.328,728,178052,0,0.00000000,0.00000000,0.00,0,0,-39.08,0.026,-0.2940,0.0490,1.1270,1.1657,0.464050,-0.417114,0.027710,0.780945,7.995,142.5,-1
1785813218.576,729,178268,0,0.00000000,0.00000000,0.00,0,0,-39.11,0.010,-0.6860,0.1960,1.3230,1.5031,0.464050,-0.417114,0.027710,0.780945,7.996,147.5,-1
1785813218.763,730,178491,0,0.00000000,0.00000000,0.00,0,0,-39.06,0.027,-0.5880,0.1960,0.7840,0.9994,0.464050,-0.417236,0.027649,0.780884,7.997,142.5,-1
1785813219.015,731,178711,0,0.00000000,0.00000000,0.00,0,0,-39.10,0.001,-0.6860,0.3430,0.8820,1.1688,0.464111,-0.417236,0.027588,0.780884,7.997,145.0,-1
1785813219.202,732,178935,0,0.00000000,0.00000000,0.00,0,0,-39.05,0.036,-0.5880,0.0980,1.1270,1.2749,0.464111,-0.417236,0.027527,0.780884,7.999,143.8,-1
1785813219.452,733,179155,0,0.00000000,0.00000000,0.00,0,0,-39.07,0.015,-0.4900,0.1470,0.9310,1.0623,0.464111,-0.417236,0.027466,0.780823,7.997,140.0,-1
1785813219.701,734,179376,0,0.00000000,0.00000000,0.00,0,0,-39.06,0.019,-0.7840,-0.0490,0.7350,1.0758,0.464111,-0.417175,0.027527,0.780884,7.997,140.0,-1
1785813219.889,735,179604,0,0.00000000,0.00000000,0.00,0,0,-39.10,-0.027,-0.6370,0.1960,1.1270,1.3093,0.464111,-0.417175,0.027588,0.780884,7.996,142.5,-1
1785813220.142,736,179826,0,0.00000000,0.00000000,0.00,0,0,-39.13,-0.066,-0.7350,0.3920,1.2250,1.4814,0.464111,-0.417236,0.027588,0.780884,7.995,140.0,-1
1785813220.332,737,180054,0,0.00000000,0.00000000,0.00,0,0,-39.10,-0.023,-0.3920,0.4410,1.2250,1.3597,0.464050,-0.417236,0.027649,0.780884,7.996,142.5,-1
1785813220.585,738,180274,0,0.00000000,0.00000000,0.00,0,0,-39.05,0.012,-0.4410,0.1470,0.7840,0.9115,0.464050,-0.417297,0.027649,0.780884,8.000,142.5,-1
1785813220.774,739,180492,0,0.00000000,0.00000000,0.00,0,0,-38.99,0.033,-0.4410,0.3920,0.8330,1.0208,0.464050,-0.417297,0.027649,0.780884,7.996,148.8,-1
1785813221.025,740,180715,0,0.00000000,0.00000000,0.00,0,0,-39.01,0.047,-0.6370,0.2450,1.1270,1.3175,0.464050,-0.417236,0.027649,0.780884,7.996,140.0,-1
1785813221.212,741,180936,0,0.00000000,0.00000000,0.00,0,0,-39.03,0.038,-0.3920,-0.0490,0.9310,1.0113,0.464050,-0.417236,0.027649,0.780884,7.997,140.0,-1
1785813221.465,742,181148,0,0.00000000,0.00000000,0.00,0,0,-39.08,0.008,-0.7350,0.6370,1.3230,1.6420,0.464050,-0.417236,0.027649,0.780884,7.999,140.0,-1
1785813221.654,743,181376,0,0.00000000,0.00000000,0.00,0,0,-39.14,-0.031,-0.5390,-0.0490,1.1270,1.2502,0.464050,-0.417236,0.027710,0.780884,8.001,138.8,-1
1785813221.901,744,181595,0,0.00000000,0.00000000,0.00,0,0,-38.96,0.100,-0.7350,0.4410,1.2740,1.5355,0.464050,-0.417236,0.027710,0.780884,7.999,147.5,-1
1785813222.086,745,181817,0,0.00000000,0.00000000,0.00,0,0,-39.02,0.042,-0.4410,0.1470,1.0290,1.1291,0.464050,-0.417236,0.027710,0.780884,7.999,140.0,-1
1785813222.338,746,182038,0,0.00000000,0.00000000,0.00,0,0,-39.13,-0.032,-0.4410,0.2940,1.0780,1.2012,0.464050,-0.417175,0.027710,0.780945,8.000,140.0,-1
1785813222.527,747,182253,0,0.00000000,0.00000000,0.00,0,0,-39.07,-0.000,-0.4410,0.0490,0.7840,0.9009,0.464050,-0.417236,0.027710,0.780884,8.000,140.0,-1
1785813222.778,748,182477,0,0.00000000,0.00000000,0.00,0,0,-38.98,0.042,-0.3920,0.0980,0.8820,0.9702,0.464050,-0.417236,0.027710,0.780884,7.995,142.5,-1
1785813222.965,749,182700,0,0.00000000,0.00000000,0.00,0,0,-38.94,0.068,-0.6860,0.2940,1.1270,1.3517,0.464050,-0.417236,0.027649,0.780884,7.996,146.2,-1
1785813223.216,750,182923,0,0.00000000,0.00000000,0.00,0,0,-38.83,0.137,-0.4410,0.0490,0.9310,1.0313,0.464050,-0.417297,0.027649,0.780884,7.997,143.8,-1
1785813223.415,751,183141,0,0.00000000,0.00000000,0.00,0,0,-39.00,0.032,-0.6860,0.3430,1.2740,1.4871,0.464050,-0.417358,0.027588,0.780823,7.999,146.2,-1
1785813223.666,752,183361,0,0.00000000,0.00000000,0.00,0,0,-39.08,-0.033,-0.8330,0.1960,0.9310,1.2645,0.464050,-0.417358,0.027649,0.780823,7.996,145.0,-1
1785813223.855,753,183581,0,0.00000000,0.00000000,0.00,0,0,-39.00,0.022,-0.2450,0.0000,0.8820,0.9154,0.464050,-0.417358,0.027588,0.780823,7.999,145.0,-1
1785813224.105,754,183800,0,0.00000000,0.00000000,0.00,0,0,-38.98,0.006,-0.8820,0.2940,1.2250,1.5379,0.464050,-0.417358,0.027527,0.780823,7.999,146.2,-1
1785813224.292,755,184021,0,0.00000000,0.00000000,0.00,0,0,-38.98,-0.009,-0.3430,0.2940,0.9800,1.0791,0.464050,-0.417358,0.027588,0.780823,7.999,147.5,-1
1785813224.541,756,184240,0,0.00000000,0.00000000,0.00,0,0,-39.04,-0.064,-0.4410,0.1960,1.1270,1.2260,0.464050,-0.417297,0.027588,0.780884,7.997,141.2,-1
1785813224.728,757,184461,0,0.00000000,0.00000000,0.00,0,0,-39.04,-0.031,-0.2940,0.2940,0.9800,1.0646,0.464050,-0.417358,0.027588,0.780823,7.997,150.0,-1
1785813224.978,758,184684,0,0.00000000,0.00000000,0.00,0,0,-39.05,-0.033,-0.5390,0.1470,0.9310,1.0858,0.464050,-0.417358,0.027588,0.780823,7.997,145.0,-1
1785813225.230,759,184905,0,0.00000000,0.00000000,0.00,0,0,-38.92,0.060,-0.5880,0.0000,1.1270,1.2712,0.464111,-0.417358,0.027527,0.780823,7.997,148.8,-1
1785813225.417,760,185145,0,0.00000000,0.00000000,0.00,0,0,-38.94,0.051,-0.4900,0.1470,1.0780,1.1932,0.464111,-0.417297,0.027588,0.780823,7.997,145.0,-1
1785813225.668,761,185364,0,0.00000000,0.00000000,0.00,0,0,-38.93,0.035,-0.5880,0.2450,1.4700,1.6021,0.464111,-0.417297,0.027649,0.780823,7.997,147.5,-1
1785813225.856,762,185586,0,0.00000000,0.00000000,0.00,0,0,-38.97,0.019,-0.2450,0.2450,0.8820,0.9476,0.464050,-0.417236,0.027710,0.780884,7.997,147.5,-1
1785813226.107,763,185808,0,0.00000000,0.00000000,0.00,0,0,-38.96,0.024,0.0490,-0.0490,1.2740,1.2759,0.464111,-0.417236,0.027710,0.780884,7.997,146.2,-1
1785813226.294,764,186029,0,0.00000000,0.00000000,0.00,0,0,-38.90,0.037,-0.4900,0.6370,1.0290,1.3056,0.464111,-0.417175,0.027710,0.780884,7.996,146.2,-1
1785813226.511,765,186247,0,0.00000000,0.00000000,0.00,0,0,-38.92,0.028,-0.6860,0.3430,1.2740,1.4871,0.464111,-0.417175,0.027710,0.780884,7.996,143.8,-1
1785813226.749,766,186466,0,0.00000000,0.00000000,0.00,0,0,-38.92,0.004,-0.3920,0.0980,1.1760,1.2435,0.464111,-0.417175,0.027710,0.780884,7.999,152.5,-1
1785813226.999,767,186686,0,0.00000000,0.00000000,0.00,0,0,-38.86,0.041,-0.3430,0.0980,1.0290,1.0891,0.464111,-0.417175,0.027649,0.780884,7.999,151.2,-1
1785813227.190,768,186907,0,0.00000000,0.00000000,0.00,0,0,-38.88,0.021,-0.2450,0.0980,0.8820,0.9206,0.464111,-0.417236,0.027649,0.780884,7.997,145.0,-1
1785813227.440,769,187151,0,0.00000000,0.00000000,0.00,0,0,-38.78,0.073,-0.6370,0.1470,0.7840,1.0208,0.464050,-0.417236,0.027710,0.780884,7.997,145.0,-1
1785813227.691,770,187377,0,0.00000000,0.00000000,0.00,0,0,-38.89,0.004,-0.4900,0.3920,0.8820,1.0824,0.464050,-0.417297,0.027710,0.780884,7.996,140.0,-1
1785813227.879,771,187600,0,0.00000000,0.00000000,0.00,0,0,-38.89,0.003,-0.4410,0.2450,1.2250,1.3248,0.464050,-0.417297,0.027771,0.780884,7.997,152.5,-1
1785813228.131,772,187817,0,0.00000000,0.00000000,0.00,0,0,-38.97,-0.066,-0.4410,0.1960,0.9800,1.0924,0.464050,-0.417297,0.027771,0.780884,7.997,145.0,-1
1785813228.321,773,188041,0,0.00000000,0.00000000,0.00,0,0,-38.93,-0.044,-0.3430,0.0980,1.0290,1.0891,0.464050,-0.417297,0.027771,0.780884,7.997,142.5,-1
1785813228.571,774,188255,0,0.00000000,0.00000000,0.00,0,0,-38.85,-0.004,-0.3920,0.0000,0.9310,1.0102,0.464050,-0.417236,0.027771,0.780884,7.997,145.0,-1
1785813228.757,775,188479,0,0.00000000,0.00000000,0.00,0,0,-38.87,-0.017,-0.5390,0.3920,1.0290,1.2260,0.464050,-0.417236,0.027771,0.780884,7.999,140.0,-1
1785813229.010,776,188702,0,0.00000000,0.00000000,0.00,0,0,-38.86,0.000,-0.6860,0.2940,1.0780,1.3112,0.464050,-0.417297,0.027771,0.780884,7.999,142.5,-1
1785813229.199,777,188923,0,0.00000000,0.00000000,0.00,0,0,-38.84,0.026,-0.6860,0.3430,1.0780,1.3230,0.464050,-0.417297,0.027771,0.780884,8.000,141.2,-1
1785813229.451,778,189135,0,0.00000000,0.00000000,0.00,0,0,-38.88,0.005,-0.1960,-0.1470,0.6860,0.7284,0.464050,-0.417297,0.027771,0.780884,7.997,146.2,-1
1785813229.640,779,189365,0,0.00000000,0.00000000,0.00,0,0,-38.83,0.043,-0.2450,0.1470,1.0290,1.0679,0.464050,-0.417236,0.027710,0.780884,7.999,142.5,-1
1785813229.892,780,189582,0,0.00000000,0.00000000,0.00,0,0,-38.85,0.032,-0.3920,0.0490,0.4900,0.6294,0.464050,-0.417236,0.027710,0.780884,7.996,145.0,-1
1785813230.082,781,189805,0,0.00000000,0.00000000,0.00,0,0,-38.80,0.041,-0.2450,0.1470,0.9800,1.0208,0.464050,-0.417236,0.027710,0.780884,7.996,142.5,-1
1785813230.337,782,190028,0,0.00000000,0.00000000,0.00,0,0,-38.87,0.002,-0.4900,0.1470,1.0290,1.1492,0.464050,-0.417297,0.027771,0.780884,7.996,142.5,-1
1785813230.528,783,190246,0,0.00000000,0.00000000,0.00,0,0,-38.96,-0.056,-0.3430,0.1470,1.2250,1.2806,0.464050,-0.417297,0.027771,0.780884,7.997,142.5,-1
1785813230.781,784,190464,0,0.00000000,0.00000000,0.00,0,0,-38.85,0.023,-0.2940,0.2940,1.0290,1.1098,0.464050,-0.417358,0.027771,0.780823,7.997,147.5,-1
1785813230.970,785,190686,0,0.00000000,0.00000000,0.00,0,0,-38.87,0.009,-0.5880,0.0980,0.9800,1.1471,0.464050,-0.417297,0.027771,0.780884,7.997,146.2,-1
1785813231.223,786,190905,0,0.00000000,0.00000000,0.00,0,0,-38.89,-0.020,-0.3920,0.4410,1.2740,1.4040,0.464050,-0.417297,0.027771,0.780884,7.997,147.5,-1
1785813231.473,787,191149,0,0.00000000,0.00000000,0.00,0,0,-38.77,0.058,-0.6370,0.1960,1.0780,1.2674,0.464050,-0.417358,0.027710,0.780823,7.997,145.0,-1
1785813231.660,788,191377,0,0.00000000,0.00000000,0.00,0,0,-38.76,0.060,-0.6370,0.1960,0.9800,1.1852,0.463989,-0.417297,0.027710,0.780884,7.997,145.0,-1
1785813231.911,789,191602,0,0.00000000,0.00000000,0.00,0,0,-38.87,-0.007,-0.2450,0.6370,0.9310,1.1544,0.464050,-0.417297,0.027771,0.780884,7.996,148.8,-1
1785813232.099,790,191829,0,0.00000000,0.00000000,0.00,0,0,-38.82,0.024,-0.3430,0.0000,1.2250,1.2721,0.464050,-0.417297,0.027832,0.780884,7.999,140.0,-1
1785813232.349,791,192050,0,0.00000000,0.00000000,0.00,0,0,-38.75,0.069,-0.2450,0.1960,1.2250,1.2645,0.464050,-0.417236,0.027832,0.780884,7.995,141.2,-1
1785813232.538,792,192270,0,0.00000000,0.00000000,0.00,0,0,-38.80,0.043,-0.5880,0.4410,0.8820,1.1481,0.464050,-0.417297,0.027893,0.780823,7.996,145.0,-1
1785813232.786,793,192493,0,0.00000000,0.00000000,0.00,0,0,-38.84,0.014,-0.4900,0.3920,1.0780,1.2473,0.464111,-0.417297,0.027893,0.780823,7.996,143.8,-1
1785813233.036,794,192717,0,0.00000000,0.00000000,0.00,0,0,-38.81,0.034,-0.3920,0.0490,0.7840,0.8779,0.464111,-0.417358,0.027832,0.780823,7.997,146.2,-1
1785813233.224,795,192942,0,0.00000000,0.00000000,0.00,0,0,-38.87,0.011,-0.4900,0.2450,1.1270,1.2531,0.464111,-0.417358,0.027893,0.780823,7.997,142.5,-1
1785813233.474,796,193158,0,0.00000000,0.00000000,0.00,0,0,-38.83,0.031,-0.4900,0.1960,0.9800,1.1131,0.464111,-0.417358,0.027832,0.780823,7.999,143.8,-1
1785813233.663,797,193381,0,0.00000000,0.00000000,0.00,0,0,-38.94,-0.047,-0.3430,0.0980,0.9800,1.0429,0.464111,-0.417358,0.027832,0.780823,7.997,146.2,-1
1785813233.911,798,193602,0,0.00000000,0.00000000,0.00,0,0,-38.94,-0.042,-0.2940,-0.0490,0.9310,0.9775,0.464111,-0.417358,0.027832,0.780762,7.996,151.2,-1
1785813234.097,799,193821,0,0.00000000,0.00000000,0.00,0,0,-38.88,-0.001,-0.5390,0.2450,1.1760,1.3166,0.464111,-0.417358,0.027832,0.780823,7.996,148.8,-1
1785813234.348,800,194044,0,0.00000000,0.00000000,0.00,0,0,-38.82,0.011,-0.4410,0.2450,1.0290,1.1460,0.464111,-0.417358,0.027893,0.780823,7.997,141.2,-1
1785813234.534,801,194261,0,0.00000000,0.00000000,0.00,0,0,-38.95,-0.060,-0.5880,0.2450,1.0780,1.2521,0.464111,-0.417297,0.027893,0.780823,7.996,148.8,-1
1785813234.785,802,194485,0,0.00000000,0.00000000,0.00,0,0,-38.81,0.009,-0.3430,0.0980,0.8820,0.9514,0.464111,-0.417297,0.027832,0.780823,7.997,142.5,-1
1785813234.973,803,194706,0,0.00000000,0.00000000,0.00,0,0,-38.81,0.000,-0.4900,0.1960,1.0290,1.1564,0.464111,-0.417358,0.027832,0.780823,7.994,140.0,-1
1785813235.225,804,194925,0,0.00000000,0.00000000,0.00,0,0,-38.78,0.026,-0.4410,0.1470,1.2250,1.3102,0.464111,-0.417419,0.027832,0.780762,7.999,140.0,-1
1785813235.415,805,195141,0,0.00000000,0.00000000,0.00,0,0,-38.76,0.042,-0.7350,0.4410,0.6860,1.0979,0.464111,-0.417419,0.027832,0.780762,7.996,146.2,-1
1785813235.665,806,195367,0,0.00000000,0.00000000,0.00,0,0,-38.73,0.059,-0.4410,-0.1960,0.8820,1.0054,0.464111,-0.417419,0.027710,0.780762,7.996,146.2,-1
1785813235.914,807,195594,0,0.00000000,0.00000000,0.00,0,0,-38.82,0.017,-0.6370,0.0980,1.2250,1.3842,0.464111,-0.417419,0.027710,0.780762,8.000,141.2,-1
1785813236.104,808,195818,0,0.00000000,0.00000000,0.00,0,0,-38.87,-0.008,-0.5880,0.0980,1.1760,1.3185,0.464111,-0.417419,0.027710,0.780762,7.997,140.0,-1
1785813236.353,809,196035,0,0.00000000,0.00000000,0.00,0,0,-38.81,0.023,-0.5390,0.3920,1.0780,1.2674,0.464111,-0.417419,0.027771,0.780762,7.997,147.5,-1
1785813236.540,810,196245,0,0.00000000,0.00000000,0.00,0,0,-38.83,0.016,-0.7350,0.0000,1.2250,1.4286,0.464111,-0.417419,0.027771,0.780762,7.999,146.2,-1
1785813236.791,811,196469,0,0.00000000,0.00000000,0.00,0,0,-38.81,0.025,-0.4900,0.1960,1.0290,1.1564,0.464111,-0.417358,0.027832,0.780762,7.997,143.8,-1
1785813236.977,812,196691,0,0.00000000,0.00000000,0.00,0,0,-38.86,-0.015,-0.3920,0.3920,1.1760,1.3001,0.464111,-0.417358,0.027832,0.780762,7.995,140.0,-1
1785813237.230,813,196908,0,0.00000000,0.00000000,0.00,0,0,-38.86,0.011,-0.4410,0.0490,1.1760,1.2569,0.464111,-0.417419,0.027832,0.780762,7.995,146.2,-1
1785813237.477,814,197153,0,0.00000000,0.00000000,0.00,0,0,-38.77,0.031,-0.4900,0.3920,0.8330,1.0429,0.464050,-0.417480,0.027832,0.780762,7.997,138.8,-1
1785813237.666,815,197378,0,0.00000000,0.00000000,0.00,0,0,-38.85,-0.019,-0.3920,0.2450,1.1760,1.2636,0.464050,-0.417542,0.027832,0.780762,7.997,142.5,-1
1785813237.915,816,197600,0,0.00000000,0.00000000,0.00,0,0,-38.93,-0.045,-0.3920,0.0490,0.8820,0.9664,0.464050,-0.417542,0.027832,0.780701,7.997,145.0,-1
1785813238.105,817,197820,0,0.00000000,0.00000000,0.00,0,0,-38.86,-0.001,-0.3920,0.1960,1.0290,1.1184,0.464111,-0.417542,0.027771,0.780701,7.996,142.5,-1
1785813238.358,818,198044,0,0.00000000,0.00000000,0.00,0,0,-38.93,-0.046,-0.6860,-0.1470,0.6860,0.9812,0.464111,-0.417480,0.027710,0.780701,7.997,138.8,-1
1785813238.548,819,198262,0,0.00000000,0.00000000,0.00,0,0,-38.84,0.013,-0.3920,0.2940,0.8820,1.0090,0.464111,-0.417542,0.027649,0.780701,7.999,137.5,-1
1785813238.799,820,198485,0,0.00000000,0.00000000,0.00,0,0,-38.74,0.067,-0.6860,0.0000,0.9800,1.1962,0.464111,-0.417480,0.027649,0.780701,7.995,137.5,-1
1785813238.984,821,198715,0,0.00000000,0.00000000,0.00,0,0,-38.90,-0.031,-0.4900,0.1470,0.8820,1.0196,0.464111,-0.417542,0.027649,0.780701,7.996,141.2,-1
1785813239.235,822,198940,0,0.00000000,0.00000000,0.00,0,0,-38.83,0.014,-0.5390,0.2450,1.3720,1.4943,0.464172,-0.417603,0.027588,0.780640,7.995,140.0,-1
1785813239.426,823,199160,0,0.00000000,0.00000000,0.00,0,0,-38.75,0.049,-0.2940,0.3920,1.0780,1.1841,0.464111,-0.417603,0.027649,0.780640,7.996,143.8,-1
1785813239.678,824,199385,0,0.00000000,0.00000000,0.00,0,0,-38.83,-0.008,-0.4410,0.3920,0.9800,1.1439,0.464111,-0.417603,0.027649,0.780640,7.996,133.8,-1
1785813239.933,825,199608,0,0.00000000,0.00000000,0.00,0,0,-38.82,-0.000,-0.2940,0.2940,1.0780,1.1554,0.464111,-0.417542,0.027710,0.780701,7.999,147.5,-1
1785813240.122,826,199833,0,0.00000000,0.00000000,0.00,0,0,-38.87,-0.030,-0.5880,0.1470,1.1270,1.2796,0.464111,-0.417542,0.027649,0.780701,7.999,142.5,-1
1785813240.376,827,200051,0,0.00000000,0.00000000,0.00,0,0,-38.80,0.032,-0.5390,0.3430,1.1270,1.2955,0.464172,-0.417542,0.027588,0.780701,8.001,145.0,-1
1785813240.565,828,200264,0,0.00000000,0.00000000,0.00,0,0,-38.94,-0.046,-0.4900,0.0980,1.0290,1.1439,0.464111,-0.417603,0.027649,0.780701,7.999,140.0,-1
1785813240.756,829,200487,0,0.00000000,0.00000000,0.00,0,0,-38.71,0.085,-0.7840,0.3430,1.1760,1.4544,0.464111,-0.417542,0.027771,0.780701,8.000,141.2,-1
1785813241.008,830,200707,0,0.00000000,0.00000000,0.00,0,0,-38.87,-0.023,-0.4410,0.5880,0.8330,1.1109,0.464111,-0.417480,0.027771,0.780762,7.999,140.0,-1
1785813241.197,831,200927,0,0.00000000,0.00000000,0.00,0,0,-38.84,-0.005,-0.3920,0.1960,0.8330,0.9413,0.464111,-0.417480,0.027771,0.780762,7.997,145.0,-1
1785813241.449,832,201139,0,0.00000000,0.00000000,0.00,0,0,-38.87,0.001,-0.6370,0.1960,1.4210,1.5695,0.464111,-0.417480,0.027710,0.780762,7.999,143.8,-1
1785813241.637,833,201357,0,0.00000000,0.00000000,0.00,0,0,-38.85,0.013,-0.7350,0.1960,1.1270,1.3597,0.464111,-0.417480,0.027771,0.780762,7.999,151.2,-1
1785813241.889,834,201581,0,0.00000000,0.00000000,0.00,0,0,-38.87,-0.002,-0.4900,0.2450,1.2740,1.3868,0.464111,-0.417480,0.027771,0.780701,7.999,143.8,-1
1785813242.077,835,201806,0,0.00000000,0.00000000,0.00,0,0,-38.74,0.065,-0.4410,0.2940,1.0290,1.1575,0.464111,-0.417542,0.027832,0.780701,7.996,145.0,-1
1785813242.327,836,202030,0,0.00000000,0.00000000,0.00,0,0,-38.87,-0.028,-0.4900,0.0000,0.8820,1.0090,0.464050,-0.417542,0.027832,0.780701,7.999,145.0,-1
1785813242.514,837,202243,0,0.00000000,0.00000000,0.00,0,0,-38.94,-0.091,-0.3430,0.0000,1.1760,1.2250,0.464050,-0.417419,0.027832,0.780762,7.999,143.8,-1
1785813242.765,838,202467,0,0.00000000,0.00000000,0.00,0,0,-38.93,-0.058,-0.3430,0.1960,1.3720,1.4277,0.464050,-0.417419,0.027893,0.780823,7.997,146.2,-1
1785813243.016,839,202690,0,0.00000000,0.00000000,0.00,0,0,-38.82,0.005,-0.6370,0.2940,0.7840,1.0521,0.464050,-0.417419,0.027832,0.780823,7.999,138.8,-1
1785813243.205,840,202913,0,0.00000000,0.00000000,0.00,0,0,-38.86,-0.014,-0.6860,0.0490,0.9310,1.1575,0.464050,-0.417419,0.027832,0.780762,8.001,136.2,-1
1785813243.452,841,203157,0,0.00000000,0.00000000,0.00,0,0,-38.83,-0.003,-0.3920,0.2450,1.0290,1.1281,0.464050,-0.417419,0.027832,0.780762,7.997,147.5,-1
1785813243.704,842,203384,0,0.00000000,0.00000000,0.00,0,0,-38.80,0.011,0.0980,-0.1470,1.3720,1.3833,0.464050,-0.417419,0.027771,0.780762,7.999,141.2,-1
1785813243.895,843,203613,0,0.00000000,0.00000000,0.00,0,0,-38.88,-0.027,-0.4900,0.2450,0.9310,1.0802,0.464050,-0.417419,0.027771,0.780762,8.000,141.2,-1
1785813244.147,844,203838,0,0.00000000,0.00000000,0.00,0,0,-38.90,-0.043,-0.5390,0.0980,0.8820,1.0383,0.464111,-0.417542,0.027710,0.780701,7.997,141.2,-1
1785813244.334,845,204064,0,0.00000000,0.00000000,0.00,0,0,-38.88,-0.023,-0.1960,-0.0980,1.3230,1.3410,0.464111,-0.417542,0.027649,0.780701,8.000,140.0,-1
1785813244.588,846,204282,0,0.00000000,0.00000000,0.00,0,0,-38.71,0.081,-0.4410,0.2940,0.9800,1.1141,0.464111,-0.417480,0.027710,0.780701,7.997,150.0,-1
1785813244.778,847,204506,0,0.00000000,0.00000000,0.00,0,0,-38.82,0.006,-1.2250,0.8820,0.4410,1.5726,0.464111,-0.417542,0.027649,0.780701,7.999,143.8,-1
1785813245.029,848,204734,0,0.00000000,0.00000000,0.00,0,0,-38.77,0.040,-0.4410,0.1960,1.3230,1.4083,0.464111,-0.417603,0.027649,0.780701,8.000,140.0,-1
1785813245.280,849,204956,0,0.00000000,0.00000000,0.00,0,0,-38.89,-0.025,-0.5880,0.0000,0.9800,1.1429,0.464111,-0.417542,0.027649,0.780701,7.997,138.8,-1
1785813245.468,850,205167,0,0.00000000,0.00000000,0.00,0,0,-38.81,0.038,-0.5390,0.2450,0.9800,1.1450,0.464111,-0.417542,0.027710,0.780701,7.999,145.0,-1
1785813245.720,851,205395,0,0.00000000,0.00000000,0.00,0,0,-38.87,0.007,-0.7840,0.2450,1.3720,1.5991,0.464050,-0.417603,0.027710,0.780701,7.999,146.2,-1
1785813245.911,852,205616,0,0.00000000,0.00000000,0.00,0,0,-38.83,0.015,-0.4410,0.0490,0.9800,1.0758,0.464111,-0.417542,0.027710,0.780701,7.997,141.2,-1
1785813246.162,853,205841,0,0.00000000,0.00000000,0.00,0,0,-38.86,-0.029,-0.5880,0.2450,1.0780,1.2521,0.464111,-0.417542,0.027710,0.780701,7.996,142.5,-1
1785813246.350,854,206066,0,0.00000000,0.00000000,0.00,0,0,-38.88,-0.048,-0.4410,0.2940,1.1270,1.2454,0.464111,-0.417480,0.027710,0.780762,7.995,148.8,-1
1785813246.570,855,206279,0,0.00000000,0.00000000,0.00,0,0,-38.73,0.044,-0.3430,0.1470,0.9800,1.0486,0.464111,-0.417480,0.027710,0.780762,7.999,140.0,-1
1785813246.821,856,206497,0,0.00000000,0.00000000,0.00,0,0,-38.78,0.005,-0.3430,0.2450,1.1760,1.2493,0.464111,-0.417480,0.027710,0.780762,7.999,142.5,-1
1785813247.009,857,206720,0,0.00000000,0.00000000,0.00,0,0,-38.78,0.010,-0.6860,0.2450,1.0290,1.2607,0.464050,-0.417480,0.027771,0.780762,7.999,141.2,-1
1785813247.257,858,206937,0,0.00000000,0.00000000,0.00,0,0,-38.80,0.001,-0.4410,0.3430,1.0290,1.1709,0.464050,-0.417480,0.027832,0.780762,7.999,142.5,-1
1785813247.446,859,207155,0,0.00000000,0.00000000,0.00,0,0,-38.82,-0.011,-0.4410,0.3430,0.7350,0.9232,0.464111,-0.417480,0.027710,0.780762,8.000,143.8,-1
1785813247.698,860,207382,0,0.00000000,0.00000000,0.00,0,0,-38.76,0.022,-0.4410,0.2940,1.0780,1.2012,0.464111,-0.417542,0.027649,0.780701,8.000,137.5,-1
1785813247.888,861,207599,0,0.00000000,0.00000000,0.00,0,0,-38.83,-0.023,-0.7350,0.3920,1.1270,1.4014,0.464111,-0.417542,0.027588,0.780701,7.996,150.0,-1
1785813248.139,862,207822,0,0.00000000,0.00000000,0.00,0,0,-38.81,-0.003,-0.2450,0.2940,1.0780,1.1439,0.464111,-0.417480,0.027649,0.780701,8.000,138.8,-1
1785813248.326,863,208043,0,0.00000000,0.00000000,0.00,0,0,-38.82,-0.017,-0.5390,0.1960,1.1270,1.2645,0.464111,-0.417480,0.027588,0.780701,7.999,138.8,-1
1785813248.578,864,208255,0,0.00000000,0.00000000,0.00,0,0,-38.88,-0.056,-0.4900,0.0980,1.0780,1.1882,0.464111,-0.417480,0.027588,0.780701,7.997,143.8,-1
1785813248.765,865,208476,0,0.00000000,0.00000000,0.00,0,0,-38.87,-0.043,-0.5880,0.7840,1.0290,1.4210,0.464172,-0.417480,0.027588,0.780701,7.997,143.8,-1
1785813249.013,866,208701,0,0.00000000,0.00000000,0.00,0,0,-38.78,0.018,-0.5390,0.2940,1.1760,1.3266,0.464172,-0.417480,0.027527,0.780701,7.996,141.2,-1
1785813249.200,867,208921,0,0.00000000,0.00000000,0.00,0,0,-38.83,-0.011,-0.3920,0.1470,1.1270,1.2022,0.464172,-0.417480,0.027588,0.780701,7.996,141.2,-1
1785813249.453,868,209135,0,0.00000000,0.00000000,0.00,0,0,-38.71,0.075,-0.6370,0.3920,1.0780,1.3121,0.464111,-0.417480,0.027588,0.780762,7.999,141.2,-1
1785813249.643,869,209351,0,0.00000000,0.00000000,0.00,0,0,-38.77,0.041,-0.4410,-0.0980,1.0780,1.1688,0.464050,-0.417480,0.027588,0.780762,7.996,143.8,-1
1785813249.897,870,209577,0,0.00000000,0.00000000,0.00,0,0,-38.67,0.088,-0.5880,0.4410,0.9310,1.1862,0.464050,-0.417419,0.027588,0.780823,7.997,143.8,-1
1785813250.087,871,209803,0,0.00000000,0.00000000,0.00,0,0,-38.86,-0.031,-0.2940,0.1960,1.3230,1.3694,0.464050,-0.417419,0.027588,0.780823,7.999,143.8,-1
1785813250.339,872,210027,0,0.00000000,0.00000000,0.00,0,0,-38.75,0.052,-0.8330,0.5390,1.0290,1.4294,0.464050,-0.417358,0.027588,0.780884,7.999,141.2,-1
1785813250.529,873,210244,0,0.00000000,0.00000000,0.00,0,0,-38.80,0.028,-0.5880,0.1470,1.4210,1.5449,0.463989,-0.417297,0.027649,0.780884,7.996,141.2,-1
1785813250.785,874,210465,0,0.00000000,0.00000000,0.00,0,0,-38.74,0.092,-0.4900,0.3430,1.2250,1.3632,0.463989,-0.417236,0.027649,0.780945,8.000,141.2,-1
1785813250.975,875,210687,0,0.00000000,0.00000000,0.00,0,0,-38.81,0.043,-0.2940,0.2940,1.3230,1.3868,0.463989,-0.417236,0.027649,0.780945,7.997,143.8,-1
1785813251.224,876,210909,0,0.00000000,0.00000000,0.00,0,0,-38.75,0.073,-0.6370,0.0490,1.1270,1.2955,0.463989,-0.417236,0.027649,0.780884,7.997,141.2,-1
1785813251.475,877,211152,0,0.00000000,0.00000000,0.00,0,0,-38.75,0.079,-0.4410,0.3430,1.4700,1.5726,0.463989,-0.417236,0.027649,0.780884,7.999,142.5,-1
1785813251.662,878,211377,0,0.00000000,0.00000000,0.00,0,0,-38.85,-0.004,-0.5390,0.3920,1.3720,1.5253,0.463989,-0.417297,0.027649,0.780884,7.995,146.2,-1
1785813251.915,879,211597,0,0.00000000,0.00000000,0.00,0,0,-38.84,-0.009,-0.5880,0.1470,1.1760,1.3230,0.463989,-0.417297,0.027649,0.780884,7.996,153.8,-1
1785813252.104,880,211818,0,0.00000000,0.00000000,0.00,0,0,-38.77,0.024,-0.4900,0.3920,1.1760,1.3329,0.463989,-0.417297,0.027710,0.780884,7.997,150.0,-1
1785813252.356,881,212039,0,0.00000000,0.00000000,0.00,0,0,-38.83,-0.033,-0.5390,0.1470,1.1270,1.2579,0.463989,-0.417297,0.027710,0.780884,7.997,145.0,-1
1785813252.544,882,212256,0,0.00000000,0.00000000,0.00,0,0,-38.85,-0.040,-0.3430,0.2450,0.8330,0.9336,0.463989,-0.417297,0.027710,0.780884,7.996,140.0,-1
1785813252.794,883,212482,0,0.00000000,0.00000000,0.00,0,0,-38.76,0.026,-0.4900,0.0490,1.1760,1.2749,0.463989,-0.417236,0.027710,0.780945,8.000,136.2,-1
1785813252.980,884,212703,0,0.00000000,0.00000000,0.00,0,0,-38.81,-0.019,-0.3920,0.2450,1.2740,1.3553,0.463989,-0.417236,0.027710,0.780945,8.000,141.2,-1
1785813253.231,885,212919,0,0.00000000,0.00000000,0.00,0,0,-38.80,-0.030,-0.5880,0.2450,0.9310,1.1281,0.463989,-0.417236,0.027710,0.780945,7.996,151.2,-1
1785813253.420,886,213137,0,0.00000000,0.00000000,0.00,0,0,-38.71,0.017,-0.8820,0.5390,1.2250,1.6028,0.463989,-0.417175,0.027710,0.780945,7.997,145.0,-1
1785813253.670,887,213362,0,0.00000000,0.00000000,0.00,0,0,-38.79,-0.022,-0.6370,0.0980,1.2740,1.4277,0.463989,-0.417175,0.027710,0.780945,7.997,143.8,-1
1785813253.855,888,213585,0,0.00000000,0.00000000,0.00,0,0,-38.80,-0.015,-0.4900,0.2940,0.8820,1.0509,0.463989,-0.417175,0.027710,0.780945,7.997,142.5,-1
1785813254.106,889,213814,0,0.00000000,0.00000000,0.00,0,0,-38.77,0.001,-0.7350,0.3430,1.2250,1.4692,0.463989,-0.417175,0.027710,0.780945,7.997,142.5,-1
1785813254.355,890,214034,0,0.00000000,0.00000000,0.00,0,0,-38.77,0.011,-0.5390,0.0490,1.1760,1.2946,0.463989,-0.417236,0.027710,0.780945,7.996,142.5,-1
1785813254.543,891,214252,0,0.00000000,0.00000000,0.00,0,0,-38.86,-0.052,-0.6370,0.2940,1.0290,1.2454,0.463989,-0.417236,0.027771,0.780945,7.999,150.0,-1
1785813254.794,892,214472,0,0.00000000,0.00000000,0.00,0,0,-38.80,-0.006,-0.3430,0.2450,1.3720,1.4353,0.463989,-0.417236,0.027771,0.780945,7.999,141.2,-1
1785813254.979,893,214696,0,0.00000000,0.00000000,0.00,0,0,-38.89,-0.065,-0.5880,0.1960,0.9800,1.1596,0.463989,-0.417236,0.027771,0.780945,7.997,143.8,-1
1785813255.230,894,214918,0,0.00000000,0.00000000,0.00,0,0,-38.72,0.031,-0.5390,0.0980,1.0780,1.2092,0.463989,-0.417236,0.027710,0.780945,8.000,143.8,-1
1785813255.479,895,215158,0,0.00000000,0.00000000,0.00,0,0,-38.78,-0.005,-0.4900,0.3920,0.9800,1.1637,0.463989,-0.417236,0.027710,0.780945,7.997,141.2,-1
1785813255.667,896,215376,0,0.00000000,0.00000000,0.00,0,0,-38.80,-0.014,-0.5880,0.1470,0.9310,1.1109,0.463989,-0.417175,0.027710,0.780945,7.997,145.0,-1
1785813255.918,897,215597,0,0.00000000,0.00000000,0.00,0,0,-38.70,0.060,-0.5880,0.3430,1.2250,1.4014,0.463989,-0.417175,0.027710,0.780945,7.996,148.8,-1
1785813256.104,898,215817,0,0.00000000,0.00000000,0.00,0,0,-38.90,-0.068,-0.5880,0.0490,1.2250,1.3597,0.463989,-0.417175,0.027710,0.780945,8.000,141.2,-1
1785813256.355,899,216037,0,0.00000000,0.00000000,0.00,0,0,-38.71,0.053,-0.6370,0.2450,1.1270,1.3175,0.463989,-0.417175,0.027710,0.780945,7.997,142.5,-1
1785813256.544,900,216254,0,0.00000000,0.00000000,0.00,0,0,-38.77,-0.002,-0.5390,0.1960,1.0290,1.1780,0.463989,-0.417175,0.027710,0.780945,7.995,140.0,-1
1785813256.795,901,216476,0,0.00000000,0.00000000,0.00,0,0,-38.77,0.001,-0.7350,0.2940,1.3230,1.5417,0.463989,-0.417175,0.027710,0.780945,7.997,143.8,-1
1785813256.984,902,216701,0,0.00000000,0.00000000,0.00,0,0,-38.79,-0.006,-0.3430,0.0980,1.2740,1.3230,0.463989,-0.417175,0.027710,0.780945,7.999,136.2,-1
1785813257.238,903,216919,0,0.00000000,0.00000000,0.00,0,0,-38.86,-0.038,-0.5880,0.5390,1.3230,1.5449,0.463989,-0.417175,0.027710,0.780945,7.999,142.5,-1
1785813257.424,904,217135,0,0.00000000,0.00000000,0.00,0,0,-38.77,-0.007,-0.2940,0.0000,0.8330,0.8834,0.463989,-0.417175,0.027710,0.780945,7.999,142.5,-1
1785813257.673,905,217362,0,0.00000000,0.00000000,0.00,0,0,-38.82,-0.044,-0.4410,0.3430,1.3230,1.4361,0.463989,-0.417175,0.027710,0.780945,7.999,135.0,-1
1785813257.864,906,217582,0,0.00000000,0.00000000,0.00,0,0,-38.75,0.017,-0.6860,0.1960,1.1760,1.3755,0.463989,-0.417175,0.027710,0.780945,7.999,140.0,-1
1785813258.118,907,217805,0,0.00000000,0.00000000,0.00,0,0,-38.76,0.027,-0.5880,0.3430,0.9310,1.1533,0.463989,-0.417175,0.027710,0.780945,7.996,140.0,-1
1785813258.308,908,218031,0,0.00000000,0.00000000,0.00,0,0,-38.85,-0.031,-0.6370,0.0490,1.2250,1.3816,0.463989,-0.417175,0.027710,0.780945,7.996,147.5,-1
1785813258.558,909,218246,0,0.00000000,0.00000000,0.00,0,0,-38.81,0.012,-0.3920,0.2450,1.1270,1.2181,0.463989,-0.417175,0.027710,0.780945,7.997,141.2,-1
1785813258.747,910,218473,0,0.00000000,0.00000000,0.00,0,0,-38.75,0.035,-0.6370,0.1960,1.2740,1.4378,0.463989,-0.417175,0.027710,0.780945,7.999,140.0,-1
1785813258.997,911,218693,0,0.00000000,0.00000000,0.00,0,0,-38.79,0.018,-0.4410,0.0490,0.8820,0.9873,0.463989,-0.417175,0.027710,0.780945,7.999,140.0,-1
1785813259.187,912,218912,0,0.00000000,0.00000000,0.00,0,0,-38.85,-0.012,-0.3430,0.2450,1.0780,1.1575,0.463989,-0.417175,0.027710,0.780945,7.997,145.0,-1
1785813259.439,913,219131,0,0.00000000,0.00000000,0.00,0,0,-38.77,0.029,-0.2940,0.1470,1.0780,1.1270,0.463989,-0.417175,0.027710,0.780945,7.996,143.8,-1
1785813259.628,914,219354,0,0.00000000,0.00000000,0.00,0,0,-38.75,0.038,-0.5880,0.1960,0.8330,1.0383,0.463989,-0.417236,0.027649,0.780945,7.996,147.5,-1
1785813259.880,915,219575,0,0.00000000,0.00000000,0.00,0,0,-38.64,0.087,-0.3430,0.0000,1.1270,1.1780,0.463989,-0.417297,0.027588,0.780884,7.996,147.5,-1
1785813260.069,916,219794,0,0.00000000,0.00000000,0.00,0,0,-38.78,0.012,-0.3920,0.2450,1.3230,1.4014,0.463989,-0.417358,0.027649,0.780884,7.995,146.2,-1
1785813260.324,917,220016,0,0.00000000,0.00000000,0.00,0,0,-38.73,0.036,-0.4410,0.3920,0.9800,1.1439,0.463989,-0.417297,0.027649,0.780884,7.997,147.5,-1
1785813260.512,918,220228,0,0.00000000,0.00000000,0.00,0,0,-38.80,0.016,-0.4900,0.2940,0.9800,1.1344,0.464050,-0.417297,0.027588,0.780884,7.997,143.8,-1
1785813260.764,919,220446,0,0.00000000,0.00000000,0.00,0,0,-38.72,0.055,-0.5390,0.1470,0.9800,1.1281,0.464050,-0.417236,0.027588,0.780884,7.997,146.2,-1
1785813260.953,920,220668,0,0.00000000,0.00000000,0.00,0,0,-38.79,0.014,-0.5880,0.0490,1.0290,1.1862,0.463989,-0.417297,0.027588,0.780884,7.997,141.2,-1
1785813261.204,921,220892,0,0.00000000,0.00000000,0.00,0,0,-38.76,0.035,-0.2940,0.0000,1.0290,1.0702,0.463989,-0.417297,0.027588,0.780884,7.999,145.0,-1
1785813261.457,922,221142,0,0.00000000,0.00000000,0.00,0,0,-38.85,-0.020,-0.5390,0.0490,1.1760,1.2946,0.464050,-0.417297,0.027588,0.780884,7.999,141.2,-1
1785813261.633,923,221368,0,0.00000000,0.00000000,0.00,0,0,-38.88,-0.042,-0.5880,0.3430,1.0290,1.2338,0.463989,-0.417358,0.027649,0.780884,7.996,145.0,-1
1785813261.883,924,221587,0,0.00000000,0.00000000,0.00,0,0,-38.82,0.020,-0.5390,0.1960,1.1760,1.3084,0.463928,-0.417419,0.027710,0.780823,7.997,146.2,-1
1785813262.132,925,221811,0,0.00000000,0.00000000,0.00,0,0,-38.94,-0.070,-0.5880,0.2450,0.9310,1.1281,0.463989,-0.417358,0.027710,0.780884,8.000,141.2,-1
1785813262.320,926,222031,0,0.00000000,0.00000000,0.00,0,0,-38.74,0.053,-0.4410,0.3920,1.2740,1.4040,0.463989,-0.417297,0.027710,0.780884,8.001,141.2,-1
1785813262.509,927,222243,0,0.00000000,0.00000000,0.00,0,0,-38.81,-0.018,-0.5390,0.3430,1.3720,1.5135,0.463989,-0.417297,0.027710,0.780884,8.000,145.0,-1
1785813262.762,928,222465,0,0.00000000,0.00000000,0.00,0,0,-38.80,-0.024,-0.4900,0.1960,1.1270,1.2444,0.463928,-0.417358,0.027771,0.780884,7.999,143.8,-1
1785813263.013,929,222690,0,0.00000000,0.00000000,0.00,0,0,-38.78,0.004,-0.5390,0.1960,1.2250,1.3526,0.463928,-0.417419,0.027771,0.780884,7.999,146.2,-1
1785813263.200,930,222912,0,0.00000000,0.00000000,0.00,0,0,-38.87,-0.048,-0.3430,0.1960,1.0290,1.1022,0.463928,-0.417419,0.027710,0.780884,7.999,138.8,-1
1785813263.452,931,223153,0,0.00000000,0.00000000,0.00,0,0,-38.83,-0.008,-0.5390,0.1470,0.8820,1.0441,0.463989,-0.417358,0.027649,0.780884,7.996,142.5,-1
1785813263.638,932,223371,0,0.00000000,0.00000000,0.00,0,0,-38.81,0.005,-0.4900,0.2940,0.9800,1.1344,0.463989,-0.417419,0.027649,0.780884,8.001,147.5,-1
1785813263.890,933,223594,0,0.00000000,0.00000000,0.00,0,0,-38.77,0.042,-0.6860,0.2450,0.9800,1.2211,0.463989,-0.417419,0.027588,0.780823,7.999,145.0,-1
1785813264.140,934,223815,0,0.00000000,0.00000000,0.00,0,0,-38.65,0.103,-0.5880,0.4900,1.3230,1.5285,0.463989,-0.417419,0.027588,0.780823,7.999,143.8,-1
1785813264.326,935,224036,0,0.00000000,0.00000000,0.00,0,0,-38.94,-0.089,-0.5880,0.4410,1.2740,1.4708,0.463989,-0.417419,0.027649,0.780823,8.001,143.8,-1
1785813264.576,936,224253,0,0.00000000,0.00000000,0.00,0,0,-38.87,-0.064,-0.2940,0.2940,0.7350,0.8445,0.463928,-0.417480,0.027710,0.780823,7.999,140.0,-1
1785813264.764,937,224475,0,0.00000000,0.00000000,0.00,0,0,-38.98,-0.116,-0.6370,0.3920,1.2250,1.4353,0.463989,-0.417480,0.027649,0.780823,7.999,147.5,-1
1785813265.015,938,224696,0,0.00000000,0.00000000,0.00,0,0,-38.93,-0.081,-0.4410,0.1960,0.8330,0.9627,0.463989,-0.417480,0.027649,0.780823,8.000,146.2,-1
1785813265.201,939,224916,0,0.00000000,0.00000000,0.00,0,0,-38.82,-0.004,-0.4410,0.1960,0.8820,1.0054,0.463989,-0.417419,0.027649,0.780823,7.997,146.2,-1
1785813265.451,940,225158,0,0.00000000,0.00000000,0.00,0,0,-38.89,-0.050,-0.7840,0.1470,1.2250,1.4618,0.463989,-0.417358,0.027649,0.780884,8.000,142.5,-1
1785813265.703,941,225379,0,0.00000000,0.00000000,0.00,0,0,-38.87,-0.008,-0.5390,0.3430,1.0780,1.2531,0.463989,-0.417297,0.027649,0.780884,7.999,140.0,-1
1785813265.893,942,225606,0,0.00000000,0.00000000,0.00,0,0,-38.96,-0.055,-0.5390,0.1960,1.0290,1.1780,0.463989,-0.417236,0.027649,0.780945,7.997,156.2,-1
1785813266.142,943,225829,0,0.00000000,0.00000000,0.00,0,0,-38.90,0.002,-0.6860,0.1960,0.7840,1.0600,0.463989,-0.417236,0.027649,0.780945,8.000,145.0,-1
1785813266.327,944,226050,0,0.00000000,0.00000000,0.00,0,0,-38.76,0.094,-0.6860,0.0490,0.7840,1.0429,0.464050,-0.417236,0.027588,0.780884,7.999,146.2,-1
1785813266.576,945,226265,0,0.00000000,0.00000000,0.00,0,0,-38.91,0.006,-0.8330,0.5880,1.4210,1.7490,0.464050,-0.417236,0.027527,0.780884,8.000,145.0,-1
1785813266.764,946,226492,0,0.00000000,0.00000000,0.00,0,0,-38.77,0.089,-0.4900,0.2940,0.7350,0.9310,0.464050,-0.417236,0.027527,0.780884,7.999,142.5,-1
1785813267.016,947,226710,0,0.00000000,0.00000000,0.00,0,0,-38.75,0.096,-0.5880,0.1960,1.2250,1.3729,0.464050,-0.417236,0.027588,0.780884,7.999,148.8,-1
1785813267.203,948,226935,0,0.00000000,0.00000000,0.00,0,0,-38.89,-0.013,-0.3920,0.0000,0.7840,0.8765,0.464050,-0.417297,0.027588,0.780884,7.999,146.2,-1
1785813267.453,949,227153,0,0.00000000,0.00000000,0.00,0,0,-38.88,-0.034,-0.4410,0.2940,1.1760,1.2899,0.463989,-0.417236,0.027649,0.780884,7.996,141.2,-1
1785813267.702,950,227375,0,0.00000000,0.00000000,0.00,0,0,-38.95,-0.065,-0.4900,0.2450,0.9800,1.1227,0.463989,-0.417297,0.027710,0.780884,7.996,146.2,-1
1785813267.890,951,227600,0,0.00000000,0.00000000,0.00,0,0,-38.92,-0.040,-0.4900,0.1960,0.9800,1.1131,0.463928,-0.417358,0.027710,0.780884,8.000,152.5,-1
1785813268.141,952,227821,0,0.00000000,0.00000000,0.00,0,0,-38.92,-0.053,-0.4410,0.1470,0.6860,0.8287,0.463928,-0.417358,0.027710,0.780884,7.997,142.5,-1
1785813268.330,953,228043,0,0.00000000,0.00000000,0.00,0,0,-38.96,-0.073,-0.4410,0.1470,0.9310,1.0406,0.463928,-0.417358,0.027771,0.780884,7.999,146.2,-1
1785813268.580,954,228258,0,0.00000000,0.00000000,0.00,0,0,-38.92,-0.050,-0.5880,-0.1960,1.3230,1.4610,0.463928,-0.417358,0.027771,0.780884,7.999,146.2,-1
1785813268.769,955,228486,0,0.00000000,0.00000000,0.00,0,0,-38.93,-0.054,-0.5880,0.1960,1.0780,1.2435,0.463928,-0.417358,0.027771,0.780884,8.001,140.0,-1
1785813269.019,956,228704,0,0.00000000,0.00000000,0.00,0,0,-38.90,-0.023,-0.2940,0.1470,0.5880,0.6736,0.463928,-0.417297,0.027771,0.780945,7.999,145.0,-1
1785813269.206,957,228926,0,0.00000000,0.00000000,0.00,0,0,-38.90,-0.017,-0.5880,0.1960,1.1270,1.2862,0.463989,-0.417236,0.027710,0.780945,8.001,142.5,-1
1785813269.458,958,229138,0,0.00000000,0.00000000,0.00,0,0,-38.91,-0.012,-0.8820,0.4410,1.2250,1.5726,0.463989,-0.417236,0.027710,0.780945,7.999,147.5,-1
1785813269.649,959,229355,0,0.00000000,0.00000000,0.00,0,0,-38.90,0.006,-0.6860,0.1960,1.0290,1.2521,0.463989,-0.417236,0.027710,0.780945,7.999,148.8,-1
1785813269.899,960,229577,0,0.00000000,0.00000000,0.00,0,0,-38.85,0.034,-0.4900,0.3430,1.0780,1.2328,0.463989,-0.417236,0.027710,0.780945,7.999,143.8,-1
1785813270.090,961,229798,0,0.00000000,0.00000000,0.00,0,0,-38.95,-0.034,-0.5880,0.0980,0.9310,1.1055,0.463989,-0.417236,0.027771,0.780945,7.997,141.2,-1
1785813270.341,962,230014,0,0.00000000,0.00000000,0.00,0,0,-38.83,0.053,-0.3920,0.2940,0.8820,1.0090,0.463928,-0.417297,0.027771,0.780945,7.996,147.5,-1
1785813270.530,963,230227,0,0.00000000,0.00000000,0.00,0,0,-38.84,0.028,-0.5390,0.0490,1.0290,1.1627,0.463928,-0.417297,0.027771,0.780945,7.997,138.8,-1
1785813270.720,964,230452,0,0.00000000,0.00000000,0.00,0,0,-38.84,0.011,-0.7350,0.3430,1.1760,1.4286,0.463989,-0.417297,0.027710,0.780945,7.996,140.0,-1
1785813270.969,965,230679,0,0.00000000,0.00000000,0.00,0,0,-38.88,-0.021,-0.4410,0.0000,0.9310,1.0302,0.463989,-0.417297,0.027649,0.780884,7.997,142.5,-1
1785813271.218,966,230899,0,0.00000000,0.00000000,0.00,0,0,-38.86,0.000,-0.5390,0.1960,1.0290,1.1780,0.463989,-0.417297,0.027649,0.780884,8.000,141.2,-1
1785813271.465,967,231146,0,0.00000000,0.00000000,0.00,0,0,-38.94,-0.068,-0.3920,0.1960,0.7840,0.8982,0.463989,-0.417236,0.027649,0.780945,7.997,143.8,-1
1785813271.652,968,231371,0,0.00000000,0.00000000,0.00,0,0,-38.84,-0.018,-0.6370,0.0980,0.9310,1.1323,0.463989,-0.417236,0.027649,0.780945,8.000,141.2,-1
1785813271.902,969,231591,0,0.00000000,0.00000000,0.00,0,0,-38.86,-0.046,-0.5390,0.1960,1.3720,1.4871,0.463989,-0.417236,0.027649,0.780945,7.999,138.8,-1
1785813272.088,970,231810,0,0.00000000,0.00000000,0.00,0,0,-38.87,-0.043,-0.7840,0.2450,0.9310,1.2415,0.463989,-0.417236,0.027710,0.780945,7.997,145.0,-1
1785813272.337,971,232035,0,0.00000000,0.00000000,0.00,0,0,-38.77,0.019,-0.5880,0.1470,0.9800,1.1523,0.463989,-0.417236,0.027710,0.780945,7.999,137.5,-1
1785813272.523,972,232254,0,0.00000000,0.00000000,0.00,0,0,-38.92,-0.084,-0.4410,0.0980,0.9310,1.0348,0.463989,-0.417297,0.027710,0.780884,7.996,145.0,-1
1785813272.774,973,232476,0,0.00000000,0.00000000,0.00,0,0,-38.85,-0.020,-0.7840,0.2940,0.7840,1.1471,0.463928,-0.417358,0.027771,0.780884,8.000,137.5,-1
1785813273.027,974,232702,0,0.00000000,0.00000000,0.00,0,0,-38.92,-0.049,-0.5880,-0.0980,0.9800,1.1471,0.463989,-0.417297,0.027710,0.780945,8.000,148.8,-1
1785813273.215,975,232922,0,0.00000000,0.00000000,0.00,0,0,-38.86,0.001,-0.4900,0.0490,0.6370,0.8052,0.463989,-0.417236,0.027710,0.780945,7.999,140.0,-1
1785813273.465,976,233137,0,0.00000000,0.00000000,0.00,0,0,-38.82,0.056,-0.6370,0.2940,0.9310,1.1657,0.463989,-0.417236,0.027710,0.780945,7.999,136.2,-1
1785813273.654,977,233361,0,0.00000000,0.00000000,0.00,0,0,-38.88,0.011,-0.3920,0.2450,0.9800,1.0836,0.463989,-0.417175,0.027710,0.780945,7.999,143.8,-1
1785813273.903,978,233586,0,0.00000000,0.00000000,0.00,0,0,-38.95,-0.034,-0.4410,-0.0490,0.9800,1.0758,0.463989,-0.417175,0.027710,0.780945,7.999,143.8,-1
1785813274.091,979,233805,0,0.00000000,0.00000000,0.00,0,0,-38.82,0.043,-0.4900,0.1470,1.3720,1.4643,0.463989,-0.417175,0.027710,0.780945,7.996,143.8,-1
1785813274.338,980,234025,0,0.00000000,0.00000000,0.00,0,0,-38.88,-0.008,-0.4410,0.2450,0.8820,1.0161,0.463989,-0.417175,0.027710,0.780945,7.997,140.0,-1
1785813274.526,981,234244,0,0.00000000,0.00000000,0.00,0,0,-38.80,0.052,-0.3430,0.3430,0.8820,1.0066,0.463989,-0.417175,0.027710,0.780945,8.001,146.2,-1
1785813274.778,982,234465,0,0.00000000,0.00000000,0.00,0,0,-38.86,0.008,-0.5390,0.3920,1.3720,1.5253,0.464050,-0.417236,0.027649,0.780945,7.996,145.0,-1
1785813274.967,983,234685,0,0.00000000,0.00000000,0.00,0,0,-38.96,-0.077,-0.5390,0.2450,0.9800,1.1450,0.464050,-0.417297,0.027588,0.780884,7.996,146.2,-1
1785813275.216,984,234910,0,0.00000000,0.00000000,0.00,0,0,-38.80,0.035,-0.6370,0.1470,0.6860,0.9476,0.463989,-0.417297,0.027588,0.780884,7.997,145.0,-1
1785813275.404,985,235130,0,0.00000000,0.00000000,0.00,0,0,-38.83,0.025,-0.4900,0.3920,0.7350,0.9664,0.463989,-0.417297,0.027649,0.780884,7.997,143.8,-1
1785813275.656,986,235350,0,0.00000000,0.00000000,0.00,0,0,-38.86,0.002,-0.5390,0.0490,0.9310,1.0769,0.463989,-0.417236,0.027649,0.780884,7.997,141.2,-1
1785813275.844,987,235571,0,0.00000000,0.00000000,0.00,0,0,-38.93,-0.048,-0.6370,0.2940,1.3230,1.4975,0.463989,-0.417297,0.027649,0.780884,7.997,143.8,-1
1785813276.092,988,235798,0,0.00000000,0.00000000,0.00,0,0,-38.91,-0.032,-0.7840,0.2940,1.0780,1.3650,0.463989,-0.417297,0.027649,0.780884,8.000,140.0,-1
1785813276.341,989,236022,0,0.00000000,0.00000000,0.00,0,0,-38.74,0.049,-0.6370,0.2940,0.8330,1.0891,0.463989,-0.417236,0.027649,0.780884,7.997,138.8,-1
1785813276.528,990,236240,0,0.00000000,0.00000000,0.00,0,0,-38.84,0.010,-0.1960,0.3920,0.7350,0.8557,0.463989,-0.417236,0.027649,0.780945,7.996,138.8,-1
1785813276.778,991,236460,0,0.00000000,0.00000000,0.00,0,0,-38.92,-0.040,-0.6370,0.1470,0.8820,1.0979,0.463989,-0.417236,0.027649,0.780945,7.997,138.8,-1
1785813276.964,992,236684,0,0.00000000,0.00000000,0.00,0,0,-38.82,0.026,-0.4900,0.2940,0.9800,1.1344,0.463989,-0.417236,0.027649,0.780945,7.996,138.8,-1
1785813277.217,993,236906,0,0.00000000,0.00000000,0.00,0,0,-38.86,0.020,-0.4900,0.0980,0.9310,1.0566,0.463989,-0.417175,0.027649,0.780945,7.996,141.2,-1
1785813277.466,994,237154,0,0.00000000,0.00000000,0.00,0,0,-38.84,0.038,-0.5880,0.5390,1.3720,1.5870,0.463989,-0.417175,0.027649,0.780945,7.996,141.2,-1
1785813277.651,995,237373,0,0.00000000,0.00000000,0.00,0,0,-38.96,-0.048,-0.3920,0.0490,1.0290,1.1022,0.463989,-0.417175,0.027649,0.780945,7.997,141.2,-1
1785813277.903,996,237592,0,0.00000000,0.00000000,0.00,0,0,-38.80,0.053,-0.5880,0.0980,1.1760,1.3185,0.463989,-0.417175,0.027649,0.780945,7.997,145.0,-1
1785813278.089,997,237811,0,0.00000000,0.00000000,0.00,0,0,-38.80,0.044,-0.5390,0.2450,1.3230,1.4494,0.463989,-0.417175,0.027710,0.780945,7.995,147.5,-1
1785813278.338,998,238035,0,0.00000000,0.00000000,0.00,0,0,-38.82,0.024,-0.3920,0.1960,0.9310,1.0290,0.463989,-0.417297,0.027649,0.780884,7.999,137.5,-1
1785813278.527,999,238249,0,0.00000000,0.00000000,0.00,0,0,-38.84,-0.003,-0.3430,0.1470,0.9800,1.0486,0.463989,-0.417236,0.027649,0.780945,7.999,145.0,-1
1785813278.777,1000,238475,0,0.00000000,0.00000000,0.00,0,0,-38.89,-0.024,-0.5880,0.2450,1.1760,1.3374,0.463989,-0.417297,0.027649,0.780884,7.997,140.0,-1
1785813278.965,1001,238693,0,0.00000000,0.00000000,0.00,0,0,-38.98,-0.075,-0.5390,0.4900,0.9310,1.1821,0.463989,-0.417297,0.027649,0.780884,7.997,143.8,-1
1785813279.217,1002,238917,0,0.00000000,0.00000000,0.00,0,0,-38.94,-0.036,-0.7840,0.2450,0.9310,1.2415,0.463989,-0.417297,0.027710,0.780884,8.000,138.8,-1
1785813279.467,1003,239156,0,0.00000000,0.00000000,0.00,0,0,-38.92,-0.005,-0.4900,0.0000,0.9310,1.0521,0.463928,-0.417358,0.027771,0.780884,7.997,140.0,-1
1785813279.657,1004,239381,0,0.00000000,0.00000000,0.00,0,0,-39.02,-0.074,-0.9310,-0.1960,1.6170,1.8761,0.463928,-0.417358,0.027771,0.780884,7.997,145.0,-1
1785813279.910,1005,239605,0,0.00000000,0.00000000,0.00,0,0,-38.75,0.098,-0.4410,0.0490,0.8330,0.9438,0.463928,-0.417358,0.027771,0.780945,7.996,152.5,-1
1785813280.101,1006,239830,0,0.00000000,0.00000000,0.00,0,0,-38.78,0.051,-0.5390,0.3430,1.0780,1.2531,0.463928,-0.417358,0.027832,0.780945,7.999,145.0,-1
1785813280.355,1007,240050,0,0.00000000,0.00000000,0.00,0,0,-38.88,-0.047,-0.5390,0.0980,0.9310,1.0802,0.463928,-0.417236,0.028015,0.780945,7.999,142.5,-1
1785813280.546,1008,240267,0,0.00000000,0.00000000,0.00,0,0,-38.78,0.015,-0.6370,0.1960,1.1270,1.3093,0.463928,-0.417236,0.028015,0.780945,7.999,146.2,-1
1785813280.796,1009,240492,0,0.00000000,0.00000000,0.00,0,0,-38.78,0.013,-0.5880,0.6370,0.9310,1.2721,0.463867,-0.417114,0.028320,0.781067,7.997,142.5,-1
1785813280.986,1010,240714,0,0.00000000,0.00000000,0.00,0,0,-38.88,-0.063,-0.5880,0.0490,0.8820,1.0612,0.463867,-0.417114,0.028381,0.781067,8.000,142.5,-1
1785813281.240,1011,240941,0,0.00000000,0.00000000,0.00,0,0,-38.82,-0.019,-0.3430,0.0980,1.0290,1.0891,0.464050,-0.417114,0.028137,0.780945,7.999,145.0,-1
1785813281.430,1012,241153,0,0.00000000,0.00000000,0.00,0,0,-38.85,-0.031,-0.4900,0.2450,0.8820,1.0383,0.463989,-0.417236,0.027954,0.780945,7.996,128.8,-1
1785813281.680,1013,241374,0,0.00000000,0.00000000,0.00,0,0,-38.95,-0.082,-0.6370,0.0000,0.9310,1.1281,0.463989,-0.417175,0.028015,0.780945,7.999,143.8,-1
1785813281.869,1014,241600,0,0.00000000,0.00000000,0.00,0,0,-38.82,-0.004,-0.5390,0.5390,1.2740,1.4846,0.463989,-0.417175,0.028015,0.780945,7.995,151.2,-1
1785813282.122,1015,241821,0,0.00000000,0.00000000,0.00,0,0,-38.85,-0.000,-0.2940,0.0980,0.8330,0.8888,0.463989,-0.417114,0.028015,0.781006,7.995,148.8,-1
1785813282.310,1016,242042,0,0.00000000,0.00000000,0.00,0,0,-38.99,-0.094,-0.5880,0.4410,1.1270,1.3455,0.463928,-0.417114,0.027893,0.781006,7.999,143.8,-1
1785813282.562,1017,242255,0,0.00000000,0.00000000,0.00,0,0,-39.08,-0.118,-0.7840,0.3430,0.8330,1.1942,0.463867,-0.417053,0.027832,0.781128,7.997,143.8,-1
1785813282.812,1018,242485,0,0.00000000,0.00000000,0.00,0,0,-39.12,-0.133,-0.3920,0.0980,0.9310,1.0149,0.463867,-0.417114,0.027710,0.781067,7.997,146.2,-1
1785813282.997,1019,242712,0,0.00000000,0.00000000,0.00,0,0,-39.20,-0.152,-0.3920,0.1960,0.8820,0.9849,0.463867,-0.417175,0.027466,0.781006,7.997,146.2,-1
1785813283.248,1020,242934,0,0.00000000,0.00000000,0.00,0,0,-39.30,-0.187,-0.6860,0.3920,1.1270,1.3764,0.463867,-0.417175,0.027527,0.781067,7.997,143.8,-1
1785813283.435,1021,243145,0,0.00000000,0.00000000,0.00,0,0,-39.22,-0.099,-0.4900,0.1470,1.2740,1.3729,0.463867,-0.417175,0.027466,0.781067,7.999,145.0,-1
1785813283.685,1022,243370,0,0.00000000,0.00000000,0.00,0,0,-39.25,-0.114,-0.4900,0.2450,1.1760,1.2973,0.463867,-0.417175,0.027466,0.781006,7.997,145.0,-1
1785813283.872,1023,243596,0,0.00000000,0.00000000,0.00,0,0,-39.18,-0.076,-0.0490,-0.1470,0.7350,0.7512,0.463867,-0.417175,0.027466,0.781067,7.996,141.2,-1
1785813284.121,1024,243817,0,0.00000000,0.00000000,0.00,0,0,-39.24,-0.100,-0.3430,0.1960,0.8330,0.9219,0.463867,-0.417175,0.027527,0.781067,8.000,143.8,-1
1785813284.308,1025,244039,0,0.00000000,0.00000000,0.00,0,0,-39.09,0.008,-0.6860,0.2940,1.0780,1.3112,0.463867,-0.417175,0.027527,0.781067,7.997,137.5,-1
1785813284.556,1026,244258,0,0.00000000,0.00000000,0.00,0,0,-39.14,-0.044,-0.6370,0.2450,0.9310,1.1544,0.463867,-0.417175,0.027466,0.781067,8.001,136.2,-1
1785813284.745,1027,244477,0,0.00000000,0.00000000,0.00,0,0,-39.15,-0.044,-0.7350,0.4410,1.2250,1.4951,0.463867,-0.417236,0.027466,0.781006,7.999,138.8,-1
1785813284.996,1028,244697,0,0.00000000,0.00000000,0.00,0,0,-39.10,-0.023,-0.4900,0.3920,1.2250,1.3764,0.463867,-0.417236,0.027405,0.781006,8.001,137.5,-1
1785813285.244,1029,244919,0,0.00000000,0.00000000,0.00,0,0,-39.19,-0.077,-0.4410,0.1960,0.9310,1.0486,0.463928,-0.417236,0.027344,0.781006,7.999,137.5,-1
1785813285.433,1030,245134,0,0.00000000,0.00000000,0.00,0,0,-39.18,-0.057,-0.3920,-0.3920,1.1760,1.3001,0.463928,-0.417175,0.027344,0.781006,7.999,146.2,-1
1785813285.684,1031,245359,0,0.00000000,0.00000000,0.00,0,0,-39.24,-0.109,-0.2940,0.2940,1.0290,1.1098,0.463928,-0.417175,0.027344,0.781006,7.997,145.0,-1
1785813285.873,1032,245579,0,0.00000000,0.00000000,0.00,0,0,-39.06,0.017,-0.3920,0.3430,1.0290,1.1533,0.463928,-0.417175,0.027283,0.781006,7.999,141.2,-1
1785813286.121,1033,245801,0,0.00000000,0.00000000,0.00,0,0,-39.08,-0.000,-0.7350,0.0000,0.8330,1.1109,0.463928,-0.417175,0.027283,0.781006,8.000,143.8,-1
1785813286.309,1034,246022,0,0.00000000,0.00000000,0.00,0,0,-39.15,-0.044,-0.7840,0.3430,1.2740,1.5347,0.463928,-0.417175,0.027283,0.781006,8.001,142.5,-1
1785813286.557,1035,246240,0,0.00000000,0.00000000,0.00,0,0,-39.15,-0.040,-0.7350,0.3920,1.1760,1.4411,0.463928,-0.417236,0.027283,0.781006,7.997,146.2,-1
1785813286.728,1036,246461,0,0.00000000,0.00000000,0.00,0,0,-39.10,0.004,-0.4410,0.1960,1.2740,1.3623,0.463928,-0.417236,0.027283,0.781006,8.000,146.2,-1
1785813286.974,1037,246680,0,0.00000000,0.00000000,0.00,0,0,-39.02,0.051,-0.6370,0.1470,0.9800,1.1780,0.463928,-0.417236,0.027283,0.781006,7.997,148.8,-1
1785813287.226,1038,246900,0,0.00000000,0.00000000,0.00,0,0,-39.11,-0.016,-0.6370,0.1470,1.0780,1.2607,0.463928,-0.417236,0.027283,0.781006,7.997,145.0,-1
1785813287.412,1039,247144,0,0.00000000,0.00000000,0.00,0,0,-38.92,0.090,-0.6860,0.3430,0.8330,1.1323,0.463928,-0.417175,0.027283,0.781006,8.000,145.0,-1
1785813287.663,1040,247361,0,0.00000000,0.00000000,0.00,0,0,-38.99,0.051,-0.8820,0.5390,1.0290,1.4585,0.463928,-0.417236,0.027283,0.781006,7.999,145.0,-1
1785813287.913,1041,247584,0,0.00000000,0.00000000,0.00,0,0,-39.06,0.005,-0.3430,0.1960,1.0780,1.1481,0.463928,-0.417175,0.027283,0.781006,8.001,143.8,-1
1785813288.101,1042,247809,0,0.00000000,0.00000000,0.00,0,0,-39.04,0.010,-0.5880,0.2450,1.0780,1.2521,0.463928,-0.417175,0.027283,0.781006,8.000,143.8,-1
1785813288.353,1043,248035,0,0.00000000,0.00000000,0.00,0,0,-38.92,0.089,-0.6370,0.1470,0.8820,1.0979,0.463989,-0.417114,0.027222,0.781006,8.000,146.2,-1
1785813288.542,1044,248251,0,0.00000000,0.00000000,0.00,0,0,-39.04,0.011,-0.4900,0.0000,0.6860,0.8430,0.463989,-0.417114,0.027283,0.781006,7.997,146.2,-1
1785813288.793,1045,248474,0,0.00000000,0.00000000,0.00,0,0,-39.00,0.049,-0.4900,0.3430,1.3230,1.4519,0.463867,-0.417053,0.027405,0.781128,8.000,150.0,-1
1785813288.980,1046,248699,0,0.00000000,0.00000000,0.00,0,0,-38.99,0.047,-0.5880,0.1470,0.9800,1.1523,0.463867,-0.417114,0.027344,0.781067,7.996,140.0,-1
1785813289.230,1047,248920,0,0.00000000,0.00000000,0.00,0,0,-38.93,0.083,-0.3430,0.6370,1.1760,1.3807,0.463867,-0.417114,0.027283,0.781067,7.999,147.5,-1
1785813289.418,1048,249138,0,0.00000000,0.00000000,0.00,0,0,-38.94,0.059,-0.5390,0.2940,1.1270,1.2834,0.463867,-0.417236,0.027283,0.781006,8.000,141.2,-1
1785813289.669,1049,249361,0,0.00000000,0.00000000,0.00,0,0,-38.99,0.013,-0.4410,-0.5390,0.8820,1.1238,0.463867,-0.417236,0.027283,0.781006,7.999,146.2,-1
1785813289.857,1050,249587,0,0.00000000,0.00000000,0.00,0,0,-38.94,0.050,-0.4900,0.5390,1.1760,1.3833,0.463928,-0.417175,0.027283,0.781006,7.999,145.0,-1
1785813290.110,1051,249805,0,0.00000000,0.00000000,0.00,0,0,-38.95,0.038,-0.6370,0.2940,1.1270,1.3275,0.463928,-0.417175,0.027283,0.781006,7.999,147.5,-1
1785813290.300,1052,250031,0,0.00000000,0.00000000,0.00,0,0,-38.94,0.040,-0.4900,0.4410,0.8820,1.1011,0.463867,-0.417236,0.027344,0.781006,7.999,143.8,-1
1785813290.553,1053,250247,0,0.00000000,0.00000000,0.00,0,0,-39.07,-0.073,-0.4900,0.2940,0.8330,1.0102,0.463867,-0.417236,0.027283,0.781006,8.000,143.8,-1
1785813290.741,1054,250470,0,0.00000000,0.00000000,0.00,0,0,-39.13,-0.112,-0.3920,0.2940,0.8820,1.0090,0.463867,-0.417236,0.027283,0.781006,8.000,143.8,-1
1785813290.995,1055,250692,0,0.00000000,0.00000000,0.00,0,0,-38.96,0.007,-0.2940,0.2450,0.9800,1.0521,0.463867,-0.417236,0.027283,0.781006,7.999,133.8,-1
1785813291.182,1056,250912,0,0.00000000,0.00000000,0.00,0,0,-39.02,-0.016,-0.2940,0.1470,0.9800,1.0337,0.463867,-0.417236,0.027283,0.781006,7.999,142.5,-1
1785813291.434,1057,251152,0,0.00000000,0.00000000,0.00,0,0,-39.01,-0.039,-0.4900,0.0490,1.3230,1.4117,0.463928,-0.417175,0.027283,0.781006,8.000,143.8,-1
1785813291.685,1058,251373,0,0.00000000,0.00000000,0.00,0,0,-38.95,-0.004,-0.3430,0.2450,0.9800,1.0668,0.463928,-0.417175,0.027283,0.781006,8.000,141.2,-1
1785813291.876,1059,251595,0,0.00000000,0.00000000,0.00,0,0,-38.87,0.031,-0.5390,0.0000,0.9310,1.0758,0.463928,-0.417236,0.027222,0.781006,7.997,142.5,-1
1785813292.127,1060,251818,0,0.00000000,0.00000000,0.00,0,0,-38.90,0.009,-0.3430,0.1470,1.0780,1.1408,0.463928,-0.417236,0.027222,0.781006,8.001,140.0,-1
1785813292.316,1061,252040,0,0.00000000,0.00000000,0.00,0,0,-38.94,-0.010,-0.5880,0.2450,1.3230,1.4684,0.463928,-0.417236,0.027283,0.781006,7.997,150.0,-1
1785813292.566,1062,252252,0,0.00000000,0.00000000,0.00,0,0,-38.97,-0.001,-0.4900,0.2940,0.8820,1.0509,0.463867,-0.417236,0.027344,0.781006,7.999,146.2,-1
1785813292.755,1063,252474,0,0.00000000,0.00000000,0.00,0,0,-39.05,-0.052,-0.6370,0.4900,1.4700,1.6753,0.463867,-0.417236,0.027344,0.781006,8.000,137.5,-1
1785813293.007,1064,252694,0,0.00000000,0.00000000,0.00,0,0,-39.03,-0.042,-0.7350,0.0490,1.1760,1.3877,0.463867,-0.417236,0.027344,0.781006,7.999,143.8,-1
1785813293.196,1065,252917,0,0.00000000,0.00000000,0.00,0,0,-39.02,-0.060,-0.5390,0.1960,1.1270,1.2645,0.463867,-0.417236,0.027283,0.781006,8.001,143.8,-1
1785813293.448,1066,253130,0,0.00000000,0.00000000,0.00,0,0,-39.12,-0.117,-0.2450,0.2450,1.1270,1.1791,0.463867,-0.417236,0.027283,0.781006,7.997,146.2,-1
1785813293.636,1067,253353,0,0.00000000,0.00000000,0.00,0,0,-38.97,-0.001,-0.4410,0.1960,1.3230,1.4083,0.463867,-0.417236,0.027283,0.781006,7.997,146.2,-1
1785813293.888,1068,253577,0,0.00000000,0.00000000,0.00,0,0,-39.02,-0.044,-0.5880,-0.0490,1.1270,1.2721,0.463867,-0.417175,0.027283,0.781006,8.000,138.8,-1
1785813294.077,1069,253800,0,0.00000000,0.00000000,0.00,0,0,-38.98,-0.017,-0.5880,0.3430,0.8820,1.1141,0.463928,-0.417114,0.027283,0.781067,7.999,141.2,-1
1785813294.325,1070,254026,0,0.00000000,0.00000000,0.00,0,0,-39.07,-0.072,-0.7350,0.4410,1.2250,1.4951,0.463928,-0.417114,0.027344,0.781067,8.001,97.5,-1
1785813294.514,1071,254241,0,0.00000000,0.00000000,0.00,0,0,-38.94,0.011,-0.5390,0.3430,0.9310,1.1291,0.463867,-0.417114,0.027405,0.781067,7.999,141.2,-1
1785813294.763,1072,254467,0,0.00000000,0.00000000,0.00,0,0,-38.99,-0.012,-0.3920,0.0490,1.0780,1.1481,0.463867,-0.417114,0.027405,0.781067,7.996,150.0,-1
1785813295.013,1073,254686,0,0.00000000,0.00000000,0.00,0,0,-39.00,-0.003,-0.4900,0.2940,0.9800,1.1344,0.463867,-0.417175,0.027405,0.781067,7.996,148.8,-1
1785813295.201,1074,254908,0,0.00000000,0.00000000,0.00,0,0,-38.98,-0.001,-0.4410,0.1470,1.3230,1.4023,0.463867,-0.417114,0.027466,0.781067,7.997,148.8,-1
1785813295.451,1075,255151,0,0.00000000,0.00000000,0.00,0,0,-38.99,0.002,-0.6370,0.4410,1.3230,1.5332,0.463867,-0.417114,0.027405,0.781067,7.996,147.5,-1
1785813295.703,1076,255381,0,0.00000000,0.00000000,0.00,0,0,-39.05,-0.042,-0.7840,0.1960,0.9800,1.2702,0.463867,-0.417175,0.027344,0.781067,7.997,145.0,-1
1785813295.891,1077,255600,0,0.00000000,0.00000000,0.00,0,0,-38.99,0.011,-0.4900,0.0980,1.0290,1.1439,0.463867,-0.417175,0.027344,0.781067,7.997,147.5,-1
1785813296.144,1078,255822,0,0.00000000,0.00000000,0.00,0,0,-39.13,-0.080,-0.6860,0.1960,0.9310,1.1729,0.463867,-0.417175,0.027283,0.781006,7.999,137.5,-1
1785813296.331,1079,256040,0,0.00000000,0.00000000,0.00,0,0,-39.01,-0.002,-0.4410,0.0980,1.1270,1.2142,0.463867,-0.417236,0.027283,0.781006,7.996,141.2,-1
1785813296.582,1080,256255,0,0.00000000,0.00000000,0.00,0,0,-39.06,-0.012,-0.4410,0.0490,0.9310,1.0313,0.463867,-0.417236,0.027283,0.781006,7.996,143.8,-1
1785813296.750,1081,256483,0,0.00000000,0.00000000,0.00,0,0,-38.98,0.035,-0.6370,0.0490,1.1270,1.2955,0.463928,-0.417175,0.027283,0.781006,7.997,137.5,-1
1785813297.005,1082,256701,0,0.00000000,0.00000000,0.00,0,0,-38.99,0.005,-0.3430,0.1960,0.8820,0.9664,0.463928,-0.417114,0.027283,0.781067,8.000,138.8,-1
1785813297.195,1083,256923,0,0.00000000,0.00000000,0.00,0,0,-39.16,-0.096,-0.5880,0.3920,1.1760,1.3720,0.463867,-0.417114,0.027344,0.781067,7.999,145.0,-1
1785813297.446,1084,257135,0,0.00000000,0.00000000,0.00,0,0,-39.10,-0.070,-0.5390,0.2450,0.8820,1.0623,0.463867,-0.417175,0.027344,0.781067,7.996,146.2,-1
1785813297.634,1085,257355,0,0.00000000,0.00000000,0.00,0,0,-39.08,-0.056,-0.4410,0.0490,1.0780,1.1657,0.463867,-0.417175,0.027405,0.781067,7.997,142.5,-1
1785813297.887,1086,257573,0,0.00000000,0.00000000,0.00,0,0,-39.11,-0.074,-0.5880,0.1470,1.1270,1.2796,0.463867,-0.417175,0.027344,0.781067,7.997,145.0,-1
1785813298.077,1087,257796,0,0.00000000,0.00000000,0.00,0,0,-39.11,-0.062,-0.4900,0.3920,1.4210,1.5534,0.463867,-0.417175,0.027344,0.781067,7.997,142.5,-1
1785813298.329,1088,258014,0,0.00000000,0.00000000,0.00,0,0,-39.08,-0.046,-0.5880,0.0490,0.7350,0.9425,0.463867,-0.417114,0.027344,0.781067,7.999,146.2,-1
1785813298.517,1089,258227,0,0.00000000,0.00000000,0.00,0,0,-39.04,-0.033,-0.5880,0.1960,1.0290,1.2012,0.463867,-0.417114,0.027344,0.781067,7.999,138.8,-1
1785813298.768,1090,258445,0,0.00000000,0.00000000,0.00,0,0,-39.08,-0.068,-0.5390,0.5880,1.1270,1.3807,0.463867,-0.417175,0.027344,0.781067,7.999,146.2,-1
1785813298.957,1091,258668,0,0.00000000,0.00000000,0.00,0,0,-39.12,-0.076,-0.4900,0.3430,1.0780,1.2328,0.463867,-0.417175,0.027344,0.781006,7.996,141.2,-1
1785813299.209,1092,258890,0,0.00000000,0.00000000,0.00,0,0,-39.10,-0.059,-0.6860,0.0980,1.2250,1.4074,0.463867,-0.417236,0.027283,0.781006,7.996,140.0,-1
1785813299.459,1093,259140,0,0.00000000,0.00000000,0.00,0,0,-38.96,0.010,-0.4900,0.2450,1.0290,1.1657,0.463867,-0.417236,0.027283,0.781006,7.997,143.8,-1
1785813299.648,1094,259366,0,0.00000000,0.00000000,0.00,0,0,-39.06,-0.039,-0.3920,0.3430,1.1270,1.2415,0.463867,-0.417236,0.027283,0.781006,7.999,143.8,-1
1785813299.900,1095,259587,0,0.00000000,0.00000000,0.00,0,0,-39.12,-0.081,-0.5880,0.2940,1.0780,1.2626,0.463928,-0.417236,0.027283,0.781006,7.997,142.5,-1
1785813300.091,1096,259809,0,0.00000000,0.00000000,0.00,0,0,-39.12,-0.075,-0.5880,0.2940,0.9800,1.1801,0.463928,-0.417236,0.027283,0.781006,7.999,142.5,-1
1785813300.345,1097,260030,0,0.00000000,0.00000000,0.00,0,0,-39.21,-0.113,-0.4410,0.3430,1.2250,1.3464,0.463867,-0.417236,0.027283,0.781006,7.997,140.0,-1
1785813300.536,1098,260244,0,0.00000000,0.00000000,0.00,0,0,-39.30,-0.149,-0.4410,0.0980,0.9800,1.0791,0.463928,-0.417236,0.027283,0.781006,7.999,145.0,-1
1785813300.790,1099,260472,0,0.00000000,0.00000000,0.00,0,0,-39.31,-0.139,-0.4410,0.2450,1.1760,1.2796,0.463867,-0.417236,0.027344,0.781006,7.996,130.0,-1
1785813300.980,1100,260692,0,0.00000000,0.00000000,0.00,0,0,-39.12,-0.002,-0.6860,0.2450,0.7840,1.0702,0.463867,-0.417175,0.027344,0.781006,7.997,140.0,-1
1785813301.230,1101,260912,0,0.00000000,0.00000000,0.00,0,0,-39.14,-0.013,-0.7350,0.5880,1.3720,1.6638,0.463867,-0.417236,0.027344,0.781006,7.997,145.0,-1
1785813301.482,1102,261154,0,0.00000000,0.00000000,0.00,0,0,-39.18,-0.043,-0.4410,0.3430,1.0780,1.2142,0.463867,-0.417236,0.027283,0.781006,7.996,143.8,-1
1785813301.671,1103,261379,0,0.00000000,0.00000000,0.00,0,0,-39.05,0.031,-0.6370,0.0490,1.1270,1.2955,0.463867,-0.417236,0.027405,0.781067,7.997,147.5,-1
1785813301.922,1104,261604,0,0.00000000,0.00000000,0.00,0,0,-39.06,0.036,-0.2450,0.0980,1.0780,1.1098,0.463867,-0.417236,0.027344,0.781067,7.999,151.2,-1
1785813302.110,1105,261822,0,0.00000000,0.00000000,0.00,0,0,-39.12,-0.005,-0.3920,0.0980,1.1760,1.2435,0.463867,-0.417175,0.027344,0.781067,7.997,147.5,-1
1785813302.363,1106,262041,0,0.00000000,0.00000000,0.00,0,0,-39.13,0.001,-0.7840,0.0000,0.8330,1.1439,0.463867,-0.417114,0.027344,0.781067,7.997,145.0,-1
1785813302.550,1107,262257,0,0.00000000,0.00000000,0.00,0,0,-39.20,-0.053,-0.5390,0.3430,1.1760,1.3383,0.463928,-0.417114,0.027283,0.781067,7.997,142.5,-1
1785813302.796,1108,262480,0,0.00000000,0.00000000,0.00,0,0,-39.14,0.007,-0.5390,0.1960,0.8820,1.0521,0.463928,-0.417053,0.027283,0.781067,7.996,145.0,-1
1785813302.983,1109,262705,0,0.00000000,0.00000000,0.00,0,0,-39.21,-0.054,-0.4410,0.1960,0.5880,0.7607,0.463928,-0.417053,0.027222,0.781067,7.997,142.5,-1
1785813303.236,1110,262926,0,0.00000000,0.00000000,0.00,0,0,-39.28,-0.095,-0.2940,-0.0490,0.9800,1.0243,0.463989,-0.417053,0.027222,0.781067,7.997,145.0,-1
1785813303.422,1111,263140,0,0.00000000,0.00000000,0.00,0,0,-39.23,-0.063,-0.2940,0.0000,1.1760,1.2122,0.463928,-0.417053,0.027222,0.781067,7.996,143.8,-1
1785813303.673,1112,263365,0,0.00000000,0.00000000,0.00,0,0,-39.22,-0.055,-0.3920,0.0980,1.3230,1.3833,0.463928,-0.417053,0.027283,0.781067,7.996,151.2,-1
1785813303.859,1113,263584,0,0.00000000,0.00000000,0.00,0,0,-39.18,-0.041,-0.5880,0.0490,0.7840,0.9812,0.463928,-0.417053,0.027283,0.781067,7.997,150.0,-1
1785813304.109,1114,263807,0,0.00000000,0.00000000,0.00,0,0,-39.29,-0.112,-0.4900,0.3920,1.0290,1.2052,0.463928,-0.417114,0.027283,0.781067,7.996,147.5,-1
1785813304.297,1115,264027,0,0.00000000,0.00000000,0.00,0,0,-39.30,-0.106,-0.3430,0.2450,0.7350,0.8473,0.463928,-0.417175,0.027283,0.781006,7.996,147.5,-1
1785813304.545,1116,264242,0,0.00000000,0.00000000,0.00,0,0,-39.30,-0.080,-0.4410,0.3430,1.0290,1.1709,0.463928,-0.417175,0.027283,0.781006,7.997,138.8,-1
1785813304.792,1117,264470,0,0.00000000,0.00000000,0.00,0,0,-39.38,-0.123,-0.5390,0.5390,0.9800,1.2415,0.463928,-0.417236,0.027283,0.781006,7.996,143.8,-1
1785813304.981,1118,264689,0,0.00000000,0.00000000,0.00,0,0,-39.17,0.013,-0.7840,0.5390,0.9800,1.3659,0.463928,-0.417236,0.027222,0.781006,7.996,147.5,-1
1785813305.232,1119,264915,0,0.00000000,0.00000000,0.00,0,0,-39.31,-0.059,-0.6860,0.2940,1.3720,1.5619,0.463928,-0.417236,0.027222,0.781006,7.995,146.2,-1
1785813305.419,1120,265134,0,0.00000000,0.00000000,0.00,0,0,-39.25,-0.023,-0.3920,0.0980,0.9310,1.0149,0.463928,-0.417236,0.027222,0.781006,7.995,143.8,-1
1785813305.669,1121,265358,0,0.00000000,0.00000000,0.00,0,0,-39.15,0.047,-0.4410,0.2450,1.3230,1.4159,0.463928,-0.417297,0.027222,0.781006,7.999,142.5,-1
1785813305.854,1122,265582,0,0.00000000,0.00000000,0.00,0,0,-39.15,0.058,-0.5880,0.1960,1.1760,1.3293,0.463928,-0.417297,0.027222,0.781006,7.996,142.5,-1
1785813306.106,1123,265801,0,0.00000000,0.00000000,0.00,0,0,-39.17,0.030,-0.3920,0.2940,0.8820,1.0090,0.463928,-0.417297,0.027222,0.781006,7.999,146.2,-1
1785813306.292,1124,266024,0,0.00000000,0.00000000,0.00,0,0,-39.20,0.011,-0.6370,0.0490,0.8820,1.0891,0.463928,-0.417297,0.027222,0.781006,7.999,145.0,-1
1785813306.543,1125,266243,0,0.00000000,0.00000000,0.00,0,0,-39.17,0.009,-0.5390,0.4900,0.8820,1.1439,0.463928,-0.417297,0.027222,0.781006,7.999,146.2,-1
1785813306.790,1126,266464,0,0.00000000,0.00000000,0.00,0,0,-39.17,0.017,-0.4900,0.2940,0.9310,1.0924,0.463867,-0.417236,0.027344,0.781006,8.001,145.0,-1
1785813306.979,1127,266685,0,0.00000000,0.00000000,0.00,0,0,-39.20,0.009,-0.4410,0.3920,1.0780,1.2289,0.463867,-0.417236,0.027283,0.781006,7.997,138.8,-1
1785813307.230,1128,266907,0,0.00000000,0.00000000,0.00,0,0,-39.17,0.016,-0.4410,0.1470,1.1760,1.2645,0.463928,-0.417175,0.027283,0.781067,8.012,86.2,-1
1785813307.480,1129,267157,0,0.00000000,0.00000000,0.00,0,0,-39.11,0.023,-0.5390,0.2450,1.1270,1.2731,0.463928,-0.417175,0.027283,0.781006,8.000,141.2,-1
1785813307.666,1130,267378,0,0.00000000,0.00000000,0.00,0,0,-39.10,0.009,-0.4410,0.0980,1.1760,1.2598,0.463928,-0.417236,0.027283,0.781006,7.999,143.8,-1
1785813307.916,1131,267600,0,0.00000000,0.00000000,0.00,0,0,-39.04,0.054,-0.5390,0.1470,1.0780,1.2142,0.463928,-0.417175,0.027283,0.781006,7.997,147.5,-1
1785813308.104,1132,267826,0,0.00000000,0.00000000,0.00,0,0,-39.05,0.023,-0.4410,0.0980,1.0780,1.1688,0.463928,-0.417175,0.027283,0.781006,7.997,141.2,-1
1785813308.353,1133,268047,0,0.00000000,0.00000000,0.00,0,0,-39.10,-0.015,-0.5390,-0.0980,0.8820,1.0383,0.463928,-0.417114,0.027283,0.781067,7.997,141.2,-1
1785813308.541,1134,268265,0,0.00000000,0.00000000,0.00,0,0,-39.06,-0.002,-0.5880,0.0490,0.9800,1.1439,0.463928,-0.417114,0.027283,0.781067,7.996,142.5,-1
1785813308.790,1135,268489,0,0.00000000,0.00000000,0.00,0,0,-39.25,-0.111,-0.7840,0.1960,1.0290,1.3084,0.463928,-0.417114,0.027222,0.781067,7.997,138.8,-1
1785813309.041,1136,268711,0,0.00000000,0.00000000,0.00,0,0,-39.14,-0.026,-0.4900,0.1470,0.8820,1.0196,0.463928,-0.417175,0.027283,0.781006,8.000,142.5,-1
1785813309.230,1137,268937,0,0.00000000,0.00000000,0.00,0,0,-39.13,-0.019,-0.5390,0.1960,0.8820,1.0521,0.463867,-0.417236,0.027344,0.781006,7.997,148.8,-1
1785813309.418,1138,269150,0,0.00000000,0.00000000,0.00,0,0,-39.11,-0.006,-0.5390,0.1960,0.9800,1.1355,0.463867,-0.417236,0.027405,0.781067,7.999,146.2,-1
1785813309.668,1139,269371,0,0.00000000,0.00000000,0.00,0,0,-39.08,-0.004,-0.4410,0.0000,0.8820,0.9861,0.463867,-0.417175,0.027405,0.781067,7.999,142.5,-1
1785813309.920,1140,269592,0,0.00000000,0.00000000,0.00,0,0,-39.06,0.003,-0.5880,0.1470,1.3230,1.4552,0.463806,-0.417175,0.027466,0.781067,8.000,143.8,-1
1785813310.109,1141,269818,0,0.00000000,0.00000000,0.00,0,0,-39.15,-0.052,-0.5880,0.0000,0.7350,0.9413,0.463867,-0.417175,0.027405,0.781067,7.996,148.8,-1
1785813310.363,1142,270041,0,0.00000000,0.00000000,0.00,0,0,-39.17,-0.070,-0.5390,0.2940,1.1760,1.3266,0.463867,-0.417114,0.027344,0.781067,7.999,145.0,-1
1785813310.554,1143,270257,0,0.00000000,0.00000000,0.00,0,0,-39.13,-0.052,-0.1960,0.0000,0.8330,0.8557,0.463867,-0.417175,0.027344,0.781067,8.000,145.0,-1
1785813310.807,1144,270483,0,0.00000000,0.00000000,0.00,0,0,-39.19,-0.077,-0.5390,0.3920,0.7840,1.0290,0.463867,-0.417175,0.027283,0.781006,7.999,140.0,-1
1785813310.995,1145,270700,0,0.00000000,0.00000000,0.00,0,0,-39.13,-0.029,-0.8820,0.4410,1.0290,1.4252,0.463867,-0.417236,0.027283,0.781006,7.999,151.2,-1
1785813311.241,1146,270922,0,0.00000000,0.00000000,0.00,0,0,-39.11,-0.015,-0.6370,0.0490,0.6860,0.9374,0.463867,-0.417236,0.027283,0.781006,7.999,138.8,-1
1785813311.431,1147,271136,0,0.00000000,0.00000000,0.00,0,0,-38.92,0.085,-0.6370,0.3920,1.1270,1.3526,0.463928,-0.417175,0.027283,0.781006,7.999,143.8,-1
1785813311.683,1148,271362,0,0.00000000,0.00000000,0.00,0,0,-39.12,-0.043,-0.3430,0.1960,0.7350,0.8344,0.463867,-0.417175,0.027344,0.781006,7.999,147.5,-1
1785813311.871,1149,271582,0,0.00000000,0.00000000,0.00,0,0,-39.11,-0.030,-0.4410,0.0000,0.9310,1.0302,0.463867,-0.417175,0.027405,0.781067,8.001,148.8,-1
1785813312.122,1150,271804,0,0.00000000,0.00000000,0.00,0,0,-39.15,-0.043,-0.5880,0.4900,1.7150,1.8780,0.463867,-0.417236,0.027344,0.781006,7.999,140.0,-1
1785813312.311,1151,272025,0,0.00000000,0.00000000,0.00,0,0,-39.21,-0.080,-0.6860,0.2450,1.1270,1.3419,0.463867,-0.417236,0.027344,0.781006,7.997,143.8,-1
1785813312.561,1152,272244,0,0.00000000,0.00000000,0.00,0,0,-39.05,0.054,-0.5390,0.3430,0.7840,1.0113,0.463867,-0.417236,0.027344,0.781006,7.999,142.5,-1
1785813312.749,1153,272464,0,0.00000000,0.00000000,0.00,0,0,-39.13,0.006,-0.4900,0.1470,1.1270,1.2377,0.463867,-0.417236,0.027344,0.781067,7.997,145.0,-1
1785813312.998,1154,272687,0,0.00000000,0.00000000,0.00,0,0,-39.10,0.035,-0.2940,0.0980,1.0290,1.0747,0.463867,-0.417114,0.027405,0.781067,7.996,142.5,-1
1785813313.186,1155,272907,0,0.00000000,0.00000000,0.00,0,0,-39.20,-0.038,-0.3920,0.2450,0.7840,0.9101,0.463867,-0.417175,0.027344,0.781067,7.997,142.5,-1
1785813313.434,1156,273153,0,0.00000000,0.00000000,0.00,0,0,-39.09,0.025,-0.8330,0.4410,1.4700,1.7462,0.463867,-0.417175,0.027405,0.781067,7.999,146.2,-1
1785813313.686,1157,273379,0,0.00000000,0.00000000,0.00,0,0,-39.18,-0.039,-0.3920,0.1960,1.2740,1.3473,0.463867,-0.417114,0.027405,0.781067,8.000,143.8,-1
1785813313.872,1158,273596,0,0.00000000,0.00000000,0.00,0,0,-39.06,0.034,-0.6370,0.4410,1.3230,1.5332,0.463867,-0.417053,0.027405,0.781128,7.997,152.5,-1
1785813314.121,1159,273822,0,0.00000000,0.00000000,0.00,0,0,-39.25,-0.069,-0.3920,0.3920,0.8330,1.0006,0.463867,-0.417114,0.027405,0.781067,8.000,142.5,-1
1785813314.371,1160,274047,0,0.00000000,0.00000000,0.00,0,0,-39.17,-0.032,-0.4410,0.3430,1.0780,1.2142,0.463867,-0.417053,0.027405,0.781128,7.997,147.5,-1
1785813314.560,1161,274260,0,0.00000000,0.00000000,0.00,0,0,-39.22,-0.068,-0.6370,0.4900,1.2250,1.4651,0.463867,-0.417053,0.027466,0.781128,7.999,142.5,-1
1785813314.811,1162,274481,0,0.00000000,0.00000000,0.00,0,0,-39.20,-0.050,-0.4900,0.2450,1.2740,1.3868,0.463867,-0.417114,0.027405,0.781067,8.000,143.8,-1
1785813314.996,1163,274681,0,0.00000000,0.00000000,0.00,0,0,-39.14,-0.021,-0.2940,-0.0490,0.9800,1.0243,0.463867,-0.417114,0.027344,0.781067,7.999,143.8,-1
1785813315.183,1164,274900,0,0.00000000,0.00000000,0.00,0,0,-39.07,0.040,-0.4410,-0.0490,0.8330,0.9438,0.463867,-0.417175,0.027344,0.781067,7.999,147.5,-1
1785813315.432,1165,275144,0,0.00000000,0.00000000,0.00,0,0,-39.08,0.005,-0.4900,0.2940,0.9800,1.1344,0.463867,-0.417175,0.027344,0.781006,7.997,136.2,-1
1785813315.685,1166,275370,0,0.00000000,0.00000000,0.00,0,0,-39.20,-0.059,-0.5880,0.2450,1.2250,1.3807,0.463867,-0.417175,0.027344,0.781067,7.997,146.2,-1
1785813315.871,1167,275594,0,0.00000000,0.00000000,0.00,0,0,-39.07,0.028,-0.2450,0.4900,0.7840,0.9564,0.463867,-0.417175,0.027405,0.781067,7.997,145.0,-1
1785813316.122,1168,275817,0,0.00000000,0.00000000,0.00,0,0,-39.14,-0.005,-0.5390,0.0490,0.8820,1.0348,0.463867,-0.417175,0.027405,0.781067,8.000,148.8,-1
1785813316.372,1169,276044,0,0.00000000,0.00000000,0.00,0,0,-39.08,0.027,-0.6370,0.1960,0.6860,0.9564,0.463867,-0.417175,0.027405,0.781067,7.999,138.8,-1
1785813316.560,1170,276261,0,0.00000000,0.00000000,0.00,0,0,-39.08,0.013,-0.4410,0.3430,0.9310,1.0858,0.463867,-0.417175,0.027344,0.781067,7.999,141.2,-1
1785813316.810,1171,276482,0,0.00000000,0.00000000,0.00,0,0,-39.08,0.006,-0.4410,0.2450,0.7840,0.9323,0.463867,-0.417175,0.027344,0.781067,8.000,140.0,-1
1785813316.997,1172,276705,0,0.00000000,0.00000000,0.00,0,0,-39.00,0.052,-0.6860,0.4410,0.8330,1.1657,0.463928,-0.417114,0.027283,0.781067,7.999,138.8,-1
1785813317.247,1173,276924,0,0.00000000,0.00000000,0.00,0,0,-39.03,0.020,-0.7350,0.1470,0.9310,1.1952,0.463928,-0.417114,0.027283,0.781067,7.997,140.0,-1
1785813317.434,1174,277138,0,0.00000000,0.00000000,0.00,0,0,-39.05,0.013,-0.4900,0.0980,0.7350,0.8888,0.463928,-0.417053,0.027283,0.781067,7.999,143.8,-1
1785813317.684,1175,277365,0,0.00000000,0.00000000,0.00,0,0,-39.12,-0.042,-0.6370,0.0000,0.6860,0.9361,0.463928,-0.417114,0.027283,0.781067,7.997,138.8,-1
1785813317.873,1176,277587,0,0.00000000,0.00000000,0.00,0,0,-39.10,-0.034,-0.7350,0.0980,0.7840,1.0791,0.463928,-0.417114,0.027283,0.781067,7.996,141.2,-1
1785813318.125,1177,277807,0,0.00000000,0.00000000,0.00,0,0,-38.97,0.043,-0.5880,0.4900,0.6860,1.0278,0.463928,-0.417175,0.027222,0.781006,7.997,141.2,-1
1785813318.314,1178,278026,0,0.00000000,0.00000000,0.00,0,0,-39.08,-0.017,-0.6860,0.0980,1.1760,1.3650,0.463928,-0.417175,0.027222,0.781006,7.997,142.5,-1
1785813318.565,1179,278245,0,0.00000000,0.00000000,0.00,0,0,-39.06,0.015,-0.4900,0.2450,1.1270,1.2531,0.463928,-0.417175,0.027283,0.781006,7.997,142.5,-1
1785813318.752,1180,278470,0,0.00000000,0.00000000,0.00,0,0,-39.07,0.020,-0.4410,0.0980,0.9310,1.0348,0.463867,-0.417114,0.027344,0.781067,7.999,140.0,-1
1785813318.940,1181,278670,0,0.00000000,0.00000000,0.00,0,0,-39.02,0.055,-0.1960,0.1960,1.1760,1.2082,0.463867,-0.417053,0.027405,0.781128,7.999,142.5,-1
1785813319.191,1182,278891,0,0.00000000,0.00000000,0.00,0,0,-38.92,0.107,-0.5880,0.0980,0.8330,1.0243,0.463867,-0.417053,0.027405,0.781128,7.999,140.0,-1
1785813319.441,1183,279135,0,0.00000000,0.00000000,0.00,0,0,-38.92,0.085,-0.6370,0.3920,0.6860,1.0149,0.463928,-0.417053,0.027344,0.781067,7.997,142.5,-1
1785813319.690,1184,279362,0,0.00000000,0.00000000,0.00,0,0,-38.97,0.040,-0.4900,0.2940,1.0290,1.1770,0.463867,-0.417053,0.027344,0.781128,7.997,138.8,-1
1785813319.877,1185,279587,0,0.00000000,0.00000000,0.00,0,0,-38.95,0.044,-0.6370,0.0980,0.8820,1.0924,0.463806,-0.417114,0.027283,0.781128,7.996,143.8,-1
1785813320.129,1186,279813,0,0.00000000,0.00000000,0.00,0,0,-38.92,0.056,-0.6370,0.0980,1.2250,1.3842,0.463867,-0.417236,0.027161,0.781006,7.996,142.5,-1
1785813320.320,1187,280041,0,0.00000000,0.00000000,0.00,0,0,-38.96,0.007,-0.4410,0.1960,0.9310,1.0486,0.463867,-0.417175,0.027222,0.781006,7.997,138.8,-1
1785813320.571,1188,280253,0,0.00000000,0.00000000,0.00,0,0,-38.92,0.038,-0.2940,0.0000,1.1760,1.2122,0.463867,-0.417236,0.027222,0.781006,7.997,141.2,-1
1785813320.760,1189,280471,0,0.00000000,0.00000000,0.00,0,0,-38.93,0.037,-0.6860,0.0000,1.0780,1.2778,0.463867,-0.417175,0.027222,0.781006,7.996,143.8,-1
1785813321.013,1190,280694,0,0.00000000,0.00000000,0.00,0,0,-38.83,0.103,-0.4900,0.2450,1.0780,1.2092,0.463867,-0.417175,0.027222,0.781006,8.000,143.8,-1
1785813321.202,1191,280912,0,0.00000000,0.00000000,0.00,0,0,-38.82,0.109,-0.2940,0.0980,0.9800,1.0278,0.463867,-0.417175,0.027283,0.781067,7.997,141.2,-1
1785813321.453,1192,281158,0,0.00000000,0.00000000,0.00,0,0,-38.95,0.031,-0.2940,0.0490,1.0780,1.1184,0.463867,-0.417114,0.027283,0.781067,7.999,142.5,-1
1785813321.701,1193,281384,0,0.00000000,0.00000000,0.00,0,0,-38.77,0.121,-0.3920,0.0980,0.8330,0.9258,0.463867,-0.417175,0.027283,0.781067,7.997,140.0,-1
1785813321.876,1194,281608,0,0.00000000,0.00000000,0.00,0,0,-38.89,0.049,-0.4900,0.1470,1.2250,1.3275,0.463867,-0.417175,0.027283,0.781067,7.997,142.5,-1
1785813322.124,1195,281834,0,0.00000000,0.00000000,0.00,0,0,-38.81,0.069,-0.6370,0.2940,1.0780,1.2862,0.463867,-0.417175,0.027283,0.781067,7.997,143.8,-1
1785813322.376,1196,282056,0,0.00000000,0.00000000,0.00,0,0,-38.72,0.113,-0.6860,0.1470,1.3230,1.4975,0.463867,-0.417175,0.027283,0.781067,7.997,140.0,-1
1785813322.564,1197,282269,0,0.00000000,0.00000000,0.00,0,0,-38.91,-0.009,-0.6860,0.1470,0.9800,1.2052,0.463867,-0.417175,0.027283,0.781067,7.997,145.0,-1
1785813322.812,1198,282489,0,0.00000000,0.00000000,0.00,0,0,-38.96,-0.030,-0.1960,0.3430,1.0290,1.1022,0.463867,-0.417175,0.027283,0.781067,7.996,147.5,-1
1785813322.999,1199,282705,0,0.00000000,0.00000000,0.00,0,0,-38.89,0.006,-0.4900,-0.0980,1.3230,1.4142,0.463867,-0.417175,0.027283,0.781067,7.995,145.0,-1
1785813323.248,1200,282926,0,0.00000000,0.00000000,0.00,0,0,-38.87,0.014,-0.4410,0.2450,1.0780,1.1902,0.463867,-0.417114,0.027344,0.781067,7.997,146.2,-1
1785813323.436,1201,283139,0,0.00000000,0.00000000,0.00,0,0,-38.96,-0.045,-0.2940,0.4410,1.0290,1.1575,0.463867,-0.417114,0.027344,0.781067,7.999,136.2,-1
1785813323.689,1202,283362,0,0.00000000,0.00000000,0.00,0,0,-38.79,0.056,-0.4410,0.1470,0.6860,0.8287,0.463867,-0.417175,0.027283,0.781067,7.996,142.5,-1
1785813323.877,1203,283589,0,0.00000000,0.00000000,0.00,0,0,-38.78,0.061,-0.4410,0.1470,0.6370,0.7886,0.463867,-0.417175,0.027344,0.781067,7.996,146.2,-1
1785813324.129,1204,283808,0,0.00000000,0.00000000,0.00,0,0,-38.94,-0.031,-0.7350,0.1470,0.9310,1.1952,0.463867,-0.417114,0.027344,0.781067,7.995,148.8,-1
1785813324.319,1205,284032,0,0.00000000,0.00000000,0.00,0,0,-38.87,0.018,-0.5390,-0.4900,1.3230,1.5103,0.463867,-0.417175,0.027344,0.781067,7.996,145.0,-1
1785813324.569,1206,284249,0,0.00000000,0.00000000,0.00,0,0,-38.89,0.019,-0.6370,0.0490,0.7350,0.9739,0.463867,-0.417175,0.027344,0.781067,7.996,145.0,-1
1785813324.758,1207,284467,0,0.00000000,0.00000000,0.00,0,0,-38.85,0.041,-0.3430,0.1960,0.9800,1.0566,0.463806,-0.417114,0.027405,0.781067,7.996,150.0,-1
1785813325.008,1208,284691,0,0.00000000,0.00000000,0.00,0,0,-38.92,-0.008,-0.5880,0.2940,0.8330,1.0612,0.463867,-0.417114,0.027344,0.781067,7.996,146.2,-1
1785813325.195,1209,284911,0,0.00000000,0.00000000,0.00,0,0,-38.85,0.015,-0.3430,0.2940,0.8820,0.9910,0.463806,-0.417114,0.027405,0.781128,7.996,150.0,-1
1785813325.447,1210,285152,0,0.00000000,0.00000000,0.00,0,0,-38.82,0.026,-0.1960,0.1470,0.7840,0.8214,0.463806,-0.417114,0.027405,0.781128,7.997,145.0,-1
1785813325.697,1211,285373,0,0.00000000,0.00000000,0.00,0,0,-38.84,0.020,-0.6370,0.4410,0.8820,1.1740,0.463806,-0.417053,0.027466,0.781128,7.996,150.0,-1
