rx_time,seq,timestamp_ms,state,lat,lon,gps_alt_m,gps_sats,gps_fix,baro_alt_m,vert_vel_ms,accel_x_g,accel_y_g,accel_z_g,accel_mag_g,quat_w,quat_x,quat_y,quat_z,voltage_v,current_ma,rssi
1785797263.799,29,15603,0,0.00000000,0.00000000,0.00,0,0,-38.79,0.034,0.0000,0.0000,0.0000,0.0000,0.545044,-0.451477,0.700867,0.088684,8.002,80.0,-1
1785797263.986,30,15829,0,0.00000000,0.00000000,0.00,0,0,-38.86,0.008,0.0000,0.0000,0.0000,0.0000,0.544983,-0.451477,0.700928,0.088745,8.001,76.2,-1
1785797264.235,31,16056,0,0.00000000,0.00000000,0.00,0,0,-38.71,0.093,0.0000,0.0000,0.0000,0.0000,0.544922,-0.451477,0.700989,0.088745,8.004,75.0,-1
1785797264.422,32,16272,0,0.00000000,0.00000000,0.00,0,0,-38.80,0.033,0.0000,0.0000,0.0000,0.0000,0.544983,-0.451477,0.700928,0.088806,8.004,75.0,-1
1785797264.675,33,16496,0,0.00000000,0.00000000,0.00,0,0,-38.79,0.061,0.0000,0.0000,0.0000,0.0000,0.545105,-0.451355,0.700867,0.088806,8.001,72.5,-1
1785797266.759,34,18570,0,0.00000000,0.00000000,0.00,0,0,-38.79,0.288,0.0000,0.0000,0.0000,0.0000,0.545166,-0.451294,0.700928,0.088806,8.004,77.5,-1
1785797268.779,35,20615,0,0.00000000,0.00000000,0.00,0,0,-38.87,0.222,0.0000,0.0000,0.0000,0.0000,0.545166,-0.451294,0.700928,0.088806,8.005,78.8,-1
1785797270.854,36,22658,0,0.00000000,0.00000000,0.00,0,0,-38.92,0.174,0.0000,0.0000,0.0000,0.0000,0.545349,-0.451416,0.700623,0.088684,8.002,72.5,-1
1785797272.869,37,24703,0,0.00000000,0.00000000,0.00,0,0,-38.90,0.140,0.0000,0.0000,0.0000,0.0000,0.545349,-0.451416,0.700623,0.088684,8.002,75.0,-1
1785797274.936,38,26747,0,0.00000000,0.00000000,0.00,0,0,-38.95,0.107,0.0000,0.0000,0.0000,0.0000,0.545593,-0.451355,0.700439,0.089233,8.005,76.2,-1
1785797275.124,39,26974,0,0.00000000,0.00000000,0.00,0,0,-38.94,0.076,0.0000,0.0000,0.0000,0.0000,0.545959,-0.451294,0.700195,0.089478,8.004,77.5,-1
1785797275.376,40,27186,0,0.00000000,0.00000000,0.00,0,0,-38.94,0.090,0.0000,0.0000,0.0000,0.0000,0.546021,-0.451294,0.700134,0.089478,8.004,78.8,-1
1785797275.564,41,27411,0,0.00000000,0.00000000,0.00,0,0,-38.75,0.193,0.0000,0.0000,0.0000,0.0000,0.546021,-0.451294,0.700134,0.089478,8.002,82.5,-1
1785797277.768,42,29575,0,0.00000000,0.00000000,0.00,0,0,-38.84,0.160,0.0000,0.0000,0.0000,0.0000,0.546021,-0.451294,0.700134,0.089478,8.004,82.5,-1
1785797277.957,43,29799,0,0.00000000,0.00000000,0.00,0,0,-38.96,0.072,0.0000,0.0000,0.0000,0.0000,0.546082,-0.451233,0.700134,0.089600,8.004,81.2,-1
1785797278.209,44,30018,0,0.00000000,0.00000000,0.00,0,0,-38.86,0.120,0.0000,0.0000,0.0000,0.0000,0.546082,-0.451233,0.700134,0.089600,8.002,82.5,-1
1785797278.398,45,30231,0,0.00000000,0.00000000,0.00,0,0,-38.83,0.143,0.0000,0.0000,0.0000,0.0000,0.546082,-0.451172,0.700134,0.089600,8.004,78.8,-1
1785797278.648,46,30450,0,0.00000000,0.00000000,0.00,0,0,-38.79,0.136,0.0000,0.0000,0.0000,0.0000,0.546082,-0.451172,0.700134,0.089661,8.002,75.0,-1
1785797280.843,47,32692,0,0.00000000,0.00000000,0.00,0,0,-38.66,0.155,0.0000,0.0000,0.0000,0.0000,0.546082,-0.451233,0.700134,0.089600,8.002,81.2,-1
1785797283.100,48,34903,0,0.00000000,0.00000000,0.00,0,0,-38.74,-0.219,0.0000,0.0000,0.0000,0.0000,0.546387,-0.451294,0.699890,0.089111,8.002,75.0,-1
1785797285.175,49,36995,0,0.00000000,0.00000000,0.00,0,0,-38.75,-0.176,0.0000,0.0000,0.0000,0.0000,0.546387,-0.451294,0.699890,0.089111,8.002,78.8,-1
1785797287.178,50,39039,0,0.00000000,0.00000000,0.00,0,0,-38.79,-0.145,0.0000,0.0000,0.0000,0.0000,0.546753,-0.451294,0.699524,0.089539,8.002,76.2,-1
1785797287.432,51,39259,0,0.00000000,0.00000000,0.00,0,0,-38.90,0.014,0.0000,0.0000,0.0000,0.0000,0.546936,-0.450623,0.699829,0.089600,8.004,77.5,-1
1785797287.680,52,39481,0,0.00000000,0.00000000,0.00,0,0,-38.89,0.026,0.0000,0.0000,0.0000,0.0000,0.546875,-0.450562,0.699890,0.089539,8.004,80.0,-1
1785797287.867,53,39700,0,0.00000000,0.00000000,0.00,0,0,-38.86,0.014,0.0000,0.0000,0.0000,0.0000,0.546936,-0.450562,0.699890,0.089661,8.004,77.5,-1
1785797288.118,54,39919,0,0.00000000,0.00000000,0.00,0,0,-38.79,0.055,0.0000,0.0000,0.0000,0.0000,0.546936,-0.450500,0.699890,0.089661,8.001,78.8,-1
1785797288.308,55,40136,0,0.00000000,0.00000000,0.00,0,0,-38.82,0.023,0.0000,0.0000,0.0000,0.0000,0.546936,-0.450500,0.699890,0.089722,8.001,73.8,-1
1785797288.561,56,40360,0,0.00000000,0.00000000,0.00,0,0,-38.87,-0.013,0.0000,0.0000,0.0000,0.0000,0.546936,-0.450378,0.700012,0.089783,8.002,73.8,-1
1785797288.748,57,40580,0,0.00000000,0.00000000,0.00,0,0,-38.89,-0.020,0.0000,0.0000,0.0000,0.0000,0.546875,-0.450439,0.700012,0.089783,8.001,82.5,-1
1785797288.997,58,40804,0,0.00000000,0.00000000,0.00,0,0,-38.80,0.032,0.0000,0.0000,0.0000,0.0000,0.546936,-0.450500,0.699890,0.089844,8.001,80.0,-1
1785797289.185,59,41026,0,0.00000000,0.00000000,0.00,0,0,-38.93,-0.063,0.0000,0.0000,0.0000,0.0000,0.547119,-0.450562,0.699768,0.089661,8.002,78.8,-1
1785797289.439,60,41243,0,0.00000000,0.00000000,0.00,0,0,-38.95,-0.062,0.0000,0.0000,0.0000,0.0000,0.547180,-0.450623,0.699707,0.089539,8.001,73.8,-1
1785797289.628,61,41462,0,0.00000000,0.00000000,0.00,0,0,-38.89,-0.001,0.0000,0.0000,0.0000,0.0000,0.547119,-0.450623,0.699707,0.089600,8.002,73.8,-1
1785797289.879,62,41680,0,0.00000000,0.00000000,0.00,0,0,-38.79,0.092,0.0000,0.0000,0.0000,0.0000,0.547180,-0.450623,0.699646,0.089600,8.001,80.0,-1
1785797290.069,63,41905,0,0.00000000,0.00000000,0.00,0,0,-38.92,0.000,0.0000,0.0000,0.0000,0.0000,0.547241,-0.450562,0.699646,0.089661,8.002,80.0,-1
1785797290.321,64,42151,0,0.00000000,0.00000000,0.00,0,0,-39.03,-0.092,0.0000,0.0000,0.0000,0.0000,0.547180,-0.450562,0.699707,0.089600,8.001,78.8,-1
1785797290.569,65,42375,0,0.00000000,0.00000000,0.00,0,0,-38.89,0.010,0.0000,0.0000,0.0000,0.0000,0.547119,-0.450684,0.699646,0.089600,8.004,77.5,-1
1785797290.757,66,42601,0,0.00000000,0.00000000,0.00,0,0,-38.85,0.047,0.0000,0.0000,0.0000,0.0000,0.547180,-0.450562,0.699646,0.089661,8.001,78.8,-1
1785797291.005,67,42826,0,0.00000000,0.00000000,0.00,0,0,-39.00,-0.053,0.0000,0.0000,0.0000,0.0000,0.547302,-0.450378,0.699707,0.089600,8.002,77.5,-1
1785797291.193,68,43048,0,0.00000000,0.00000000,0.00,0,0,-39.03,-0.082,0.0000,0.0000,0.0000,0.0000,0.547302,-0.450439,0.699707,0.089600,8.002,81.2,-1
1785797291.442,69,43265,0,0.00000000,0.00000000,0.00,0,0,-39.04,-0.096,0.0000,0.0000,0.0000,0.0000,0.547302,-0.450500,0.699646,0.089539,8.000,85.0,-1
1785797291.633,70,43483,0,0.00000000,0.00000000,0.00,0,0,-39.00,-0.052,0.0000,0.0000,0.0000,0.0000,0.547424,-0.450439,0.699646,0.089417,8.001,73.8,-1
1785797291.880,71,43710,0,0.00000000,0.00000000,0.00,0,0,-38.99,-0.037,0.0000,0.0000,0.0000,0.0000,0.547485,-0.450439,0.699585,0.089478,8.002,83.8,-1
1785797292.130,72,43930,0,0.00000000,0.00000000,0.00,0,0,-38.96,-0.029,0.0000,0.0000,0.0000,0.0000,0.547424,-0.450439,0.699585,0.089478,8.001,81.2,-1
1785797292.316,73,44138,0,0.00000000,0.00000000,0.00,0,0,-38.98,-0.032,0.0000,0.0000,0.0000,0.0000,0.547363,-0.450378,0.699646,0.089478,8.002,80.0,-1
1785797292.505,74,44360,0,0.00000000,0.00000000,0.00,0,0,-39.09,-0.090,0.0000,0.0000,0.0000,0.0000,0.547363,-0.450378,0.699707,0.089539,8.004,75.0,-1
1785797292.756,75,44579,0,0.00000000,0.00000000,0.00,0,0,-39.03,-0.054,0.0000,0.0000,0.0000,0.0000,0.547363,-0.450317,0.699707,0.089600,8.004,76.2,-1
1785797292.943,76,44799,0,0.00000000,0.00000000,0.00,0,0,-39.02,-0.051,0.0000,0.0000,0.0000,0.0000,0.547302,-0.450317,0.699707,0.089600,8.004,78.8,-1
1785797293.190,77,45023,0,0.00000000,0.00000000,0.00,0,0,-39.07,-0.077,0.0000,0.0000,0.0000,0.0000,0.547241,-0.450439,0.699768,0.089600,8.006,73.8,-1
1785797293.439,78,45239,0,0.00000000,0.00000000,0.00,0,0,-39.17,-0.111,0.0000,0.0000,0.0000,0.0000,0.547302,-0.450378,0.699707,0.089722,8.004,77.5,-1
1785797293.628,79,45463,0,0.00000000,0.00000000,0.00,0,0,-39.17,-0.098,0.0000,0.0000,0.0000,0.0000,0.547424,-0.450439,0.699585,0.089600,8.004,72.5,-1
1785797293.880,80,45684,0,0.00000000,0.00000000,0.00,0,0,-39.08,-0.021,0.0000,0.0000,0.0000,0.0000,0.547424,-0.450500,0.699524,0.089539,8.004,73.8,-1
1785797294.069,81,45913,0,0.00000000,0.00000000,0.00,0,0,-39.11,-0.032,0.0000,0.0000,0.0000,0.0000,0.547485,-0.450500,0.699463,0.089600,8.004,78.8,-1
1785797294.320,82,46154,0,0.00000000,0.00000000,0.00,0,0,-39.21,-0.081,0.0000,0.0000,0.0000,0.0000,0.547546,-0.450439,0.699463,0.089661,8.004,76.2,-1
1785797294.568,83,46381,0,0.00000000,0.00000000,0.00,0,0,-39.20,-0.051,0.0000,0.0000,0.0000,0.0000,0.547546,-0.450439,0.699463,0.089722,8.004,76.2,-1
1785797294.756,84,46605,0,0.00000000,0.00000000,0.00,0,0,-39.18,-0.016,0.0000,0.0000,0.0000,0.0000,0.547485,-0.450439,0.699524,0.089722,8.001,80.0,-1
1785797295.005,85,46823,0,0.00000000,0.00000000,0.00,0,0,-39.15,-0.005,0.0000,0.0000,0.0000,0.0000,0.547485,-0.450439,0.699524,0.089722,8.004,73.8,-1
1785797295.193,86,47043,0,0.00000000,0.00000000,0.00,0,0,-39.18,-0.027,0.0000,0.0000,0.0000,0.0000,0.547546,-0.450500,0.699402,0.089539,8.004,77.5,-1
1785797295.443,87,47257,0,0.00000000,0.00000000,0.00,0,0,-39.16,-0.026,0.0000,0.0000,0.0000,0.0000,0.547607,-0.450562,0.699341,0.089478,8.004,76.2,-1
1785797295.631,88,47479,0,0.00000000,0.00000000,0.00,0,0,-39.16,-0.007,0.0000,0.0000,0.0000,0.0000,0.547607,-0.450562,0.699341,0.089417,8.004,78.8,-1
1785797295.881,89,47704,0,0.00000000,0.00000000,0.00,0,0,-39.13,0.017,0.0000,0.0000,0.0000,0.0000,0.547668,-0.450562,0.699341,0.089417,8.004,76.2,-1
1785797296.069,90,47925,0,0.00000000,0.00000000,0.00,0,0,-39.16,-0.007,0.0000,0.0000,0.0000,0.0000,0.547668,-0.450500,0.699341,0.089478,8.002,76.2,-1
1785797296.319,91,48140,0,0.00000000,0.00000000,0.00,0,0,-39.19,-0.031,0.0000,0.0000,0.0000,0.0000,0.547668,-0.450439,0.699402,0.089600,8.001,73.8,-1
1785797296.507,92,48359,0,0.00000000,0.00000000,0.00,0,0,-39.30,-0.099,0.0000,0.0000,0.0000,0.0000,0.547668,-0.450439,0.699341,0.089600,8.002,80.0,-1
1785797296.756,93,48559,0,0.00000000,0.00000000,0.00,0,0,-39.32,-0.112,0.0000,0.0000,0.0000,0.0000,0.547729,-0.450439,0.699341,0.089600,8.002,75.0,-1
1785797296.943,94,48786,0,0.00000000,0.00000000,0.00,0,0,-39.26,-0.074,0.0000,0.0000,0.0000,0.0000,0.547729,-0.450439,0.699341,0.089600,8.002,80.0,-1
1785797297.178,95,49010,0,0.00000000,0.00000000,0.00,0,0,-39.20,-0.038,0.0000,0.0000,0.0000,0.0000,0.547668,-0.450500,0.699341,0.089539,8.002,76.2,-1
1785797297.423,96,49226,0,0.00000000,0.00000000,0.00,0,0,-39.14,0.001,0.0000,0.0000,0.0000,0.0000,0.547607,-0.450623,0.699341,0.089539,8.001,75.0,-1
1785797297.609,97,49450,0,0.00000000,0.00000000,0.00,0,0,-39.23,-0.036,0.0000,0.0000,0.0000,0.0000,0.547668,-0.450623,0.699280,0.089600,8.002,71.2,-1
1785797297.859,98,49669,0,0.00000000,0.00000000,0.00,0,0,-39.34,-0.120,0.0000,0.0000,0.0000,0.0000,0.547668,-0.450623,0.699280,0.089600,8.002,77.5,-1
1785797298.049,99,49891,0,0.00000000,0.00000000,0.00,0,0,-39.18,-0.004,0.0000,0.0000,0.0000,0.0000,0.547607,-0.450684,0.699280,0.089661,8.002,72.5,-1
1785797298.300,100,50134,0,0.00000000,0.00000000,0.00,0,0,-39.15,0.038,0.0000,0.0000,0.0000,0.0000,0.547668,-0.450623,0.699280,0.089722,8.004,73.8,-1
1785797298.549,101,50361,0,0.00000000,0.00000000,0.00,0,0,-39.05,0.102,0.0000,0.0000,0.0000,0.0000,0.547668,-0.450562,0.699280,0.089722,8.004,75.0,-1
1785797298.738,102,50582,0,0.00000000,0.00000000,0.00,0,0,-39.15,0.035,0.0000,0.0000,0.0000,0.0000,0.547729,-0.450562,0.699219,0.089844,8.005,76.2,-1
1785797298.988,103,50804,0,0.00000000,0.00000000,0.00,0,0,-39.07,0.088,0.0000,0.0000,0.0000,0.0000,0.547668,-0.450562,0.699280,0.089844,8.004,76.2,-1
1785797299.176,104,51021,0,0.00000000,0.00000000,0.00,0,0,-39.15,0.023,0.0000,0.0000,0.0000,0.0000,0.547607,-0.450623,0.699280,0.089905,8.002,77.5,-1
1785797299.424,105,51235,0,0.00000000,0.00000000,0.00,0,0,-39.14,0.034,0.0000,0.0000,0.0000,0.0000,0.547668,-0.450500,0.699280,0.089966,8.002,73.8,-1
1785797299.611,106,51452,0,0.00000000,0.00000000,0.00,0,0,-39.12,0.053,0.0000,0.0000,0.0000,0.0000,0.547668,-0.450500,0.699280,0.089966,8.002,77.5,-1
1785797299.864,107,51676,0,0.00000000,0.00000000,0.00,0,0,-39.23,-0.044,0.0000,0.0000,0.0000,0.0000,0.547729,-0.450500,0.699280,0.089966,8.004,75.0,-1
1785797300.051,108,51893,0,0.00000000,0.00000000,0.00,0,0,-39.14,0.009,0.0000,0.0000,0.0000,0.0000,0.547729,-0.450500,0.699280,0.090027,8.004,76.2,-1
1785797300.298,109,52139,0,0.00000000,0.00000000,0.00,0,0,-39.10,0.060,0.0000,0.0000,0.0000,0.0000,0.547668,-0.450500,0.699280,0.090027,8.002,73.8,-1
1785797300.547,110,52365,0,0.00000000,0.00000000,0.00,0,0,-38.98,0.119,0.0000,0.0000,0.0000,0.0000,0.547607,-0.450500,0.699341,0.089966,8.004,80.0,-1
1785797300.738,111,52587,0,0.00000000,0.00000000,0.00,0,0,-39.02,0.089,0.0000,0.0000,0.0000,0.0000,0.547668,-0.450500,0.699280,0.089966,8.002,78.8,-1
1785797300.984,112,52806,0,0.00000000,0.00000000,0.00,0,0,-39.12,0.024,0.0000,0.0000,0.0000,0.0000,0.547668,-0.450500,0.699280,0.090027,8.002,71.2,-1
1785797301.174,113,53027,0,0.00000000,0.00000000,0.00,0,0,-39.02,0.079,0.0000,0.0000,0.0000,0.0000,0.547729,-0.450439,0.699280,0.090027,8.001,81.2,-1
1785797301.425,114,53242,0,0.00000000,0.00000000,0.00,0,0,-39.10,0.016,0.0000,0.0000,0.0000,0.0000,0.547668,-0.450439,0.699280,0.090027,8.002,75.0,-1
1785797301.615,115,53469,0,0.00000000,0.00000000,0.00,0,0,-39.11,0.003,0.0000,0.0000,0.0000,0.0000,0.547607,-0.450500,0.699341,0.090027,8.004,80.0,-1
1785797301.864,116,53693,0,0.00000000,0.00000000,0.00,0,0,-38.86,0.162,0.0000,0.0000,0.0000,0.0000,0.547607,-0.450500,0.699341,0.090027,8.002,76.2,-1
1785797302.115,117,53920,0,0.00000000,0.00000000,0.00,0,0,-38.86,0.153,0.0000,0.0000,0.0000,0.0000,0.547668,-0.450500,0.699280,0.089966,8.002,75.0,-1
1785797302.304,118,54161,0,0.00000000,0.00000000,0.00,0,0,-38.93,0.094,0.0000,0.0000,0.0000,0.0000,0.547729,-0.450500,0.699280,0.089966,8.001,77.5,-1
1785797302.554,119,54378,0,0.00000000,0.00000000,0.00,0,0,-39.02,0.037,0.0000,0.0000,0.0000,0.0000,0.547729,-0.450500,0.699219,0.089905,8.002,77.5,-1
1785797302.743,120,54602,0,0.00000000,0.00000000,0.00,0,0,-38.89,0.105,0.0000,0.0000,0.0000,0.0000,0.547729,-0.450500,0.699280,0.089905,8.001,83.8,-1
1785797302.990,121,54820,0,0.00000000,0.00000000,0.00,0,0,-39.06,-0.010,0.0000,0.0000,0.0000,0.0000,0.547668,-0.450562,0.699280,0.089905,8.005,77.5,-1
1785797303.241,122,55042,0,0.00000000,0.00000000,0.00,0,0,-38.94,0.052,0.0000,0.0000,0.0000,0.0000,0.547668,-0.450500,0.699280,0.089966,8.005,73.8,-1
1785797303.429,123,55259,0,0.00000000,0.00000000,0.00,0,0,-38.93,0.032,0.0000,0.0000,0.0000,0.0000,0.547729,-0.450500,0.699280,0.089966,8.002,77.5,-1
1785797303.679,124,55479,0,0.00000000,0.00000000,0.00,0,0,-38.92,0.040,0.0000,0.0000,0.0000,0.0000,0.547729,-0.450500,0.699280,0.089966,8.004,78.8,-1
1785797303.867,125,55703,0,0.00000000,0.00000000,0.00,0,0,-38.86,0.065,0.0000,0.0000,0.0000,0.0000,0.547729,-0.450500,0.699219,0.089905,8.002,76.2,-1
1785797304.116,126,55924,0,0.00000000,0.00000000,0.00,0,0,-38.89,0.054,0.0000,0.0000,0.0000,0.0000,0.547791,-0.450500,0.699219,0.089905,8.004,75.0,-1
1785797304.302,127,56139,0,0.00000000,0.00000000,0.00,0,0,-38.91,0.036,0.0000,0.0000,0.0000,0.0000,0.547791,-0.450500,0.699158,0.089905,8.002,81.2,-1
1785797304.554,128,56362,0,0.00000000,0.00000000,0.00,0,0,-38.79,0.093,0.0000,0.0000,0.0000,0.0000,0.547791,-0.450500,0.699219,0.089966,8.002,77.5,-1
1785797304.744,129,56584,0,0.00000000,0.00000000,0.00,0,0,-38.83,0.055,0.0000,0.0000,0.0000,0.0000,0.547791,-0.450500,0.699219,0.089966,8.002,77.5,-1
1785797304.992,130,56803,0,0.00000000,0.00000000,0.00,0,0,-38.96,-0.029,0.0000,0.0000,0.0000,0.0000,0.547791,-0.450439,0.699219,0.089966,8.005,81.2,-1
1785797305.179,131,57025,0,0.00000000,0.00000000,0.00,0,0,-38.88,0.028,0.0000,0.0000,0.0000,0.0000,0.547791,-0.450500,0.699219,0.089966,8.002,78.8,-1
1785797305.428,132,57239,0,0.00000000,0.00000000,0.00,0,0,-38.90,0.013,0.0000,0.0000,0.0000,0.0000,0.547729,-0.450500,0.699219,0.089966,8.004,78.8,-1
1785797305.614,133,57466,0,0.00000000,0.00000000,0.00,0,0,-38.79,0.084,0.0000,0.0000,0.0000,0.0000,0.547791,-0.450439,0.699219,0.089966,8.004,76.2,-1
1785797305.866,134,57687,0,0.00000000,0.00000000,0.00,0,0,-39.02,-0.068,0.0000,0.0000,0.0000,0.0000,0.547791,-0.450439,0.699219,0.089966,8.001,77.5,-1
1785797306.052,135,57906,0,0.00000000,0.00000000,0.00,0,0,-38.86,0.041,0.0000,0.0000,0.0000,0.0000,0.547791,-0.450500,0.699219,0.089966,8.004,80.0,-1
1785797306.301,136,58151,0,0.00000000,0.00000000,0.00,0,0,-38.92,-0.008,0.0000,0.0000,0.0000,0.0000,0.547791,-0.450500,0.699219,0.089966,8.001,78.8,-1
1785797306.551,137,58379,0,0.00000000,0.00000000,0.00,0,0,-38.93,-0.009,0.0000,0.0000,0.0000,0.0000,0.547729,-0.450500,0.699219,0.089966,8.004,77.5,-1
1785797306.800,138,58602,0,0.00000000,0.00000000,0.00,0,0,-38.89,0.026,0.0000,0.0000,0.0000,0.0000,0.547729,-0.450500,0.699219,0.089966,8.001,81.2,-1
1785797306.990,139,58825,0,0.00000000,0.00000000,0.00,0,0,-38.93,0.002,0.0000,0.0000,0.0000,0.0000,0.547729,-0.450500,0.699219,0.089966,8.004,80.0,-1
1785797307.220,140,59051,0,0.00000000,0.00000000,0.00,0,0,-38.98,-0.012,0.0000,0.0000,0.0000,0.0000,0.547729,-0.450500,0.699219,0.089966,8.002,73.8,-1
1785797307.461,141,59263,0,0.00000000,0.00000000,0.00,0,0,-38.99,-0.019,0.0000,0.0000,0.0000,0.0000,0.547729,-0.450500,0.699219,0.089966,8.005,80.0,-1
1785797307.649,142,59489,0,0.00000000,0.00000000,0.00,0,0,-39.01,-0.022,0.0000,0.0000,0.0000,0.0000,0.547729,-0.450439,0.699219,0.090027,8.001,81.2,-1
1785797307.903,143,59708,0,0.00000000,0.00000000,0.00,0,0,-39.01,-0.021,0.0000,0.0000,0.0000,0.0000,0.547791,-0.450439,0.699219,0.090027,8.000,75.0,-1
1785797308.092,144,59931,0,0.00000000,0.00000000,0.00,0,0,-38.98,0.002,0.0000,0.0000,0.0000,0.0000,0.547791,-0.450439,0.699219,0.090027,8.002,71.2,-1
1785797308.344,145,60147,0,0.00000000,0.00000000,0.00,0,0,-39.06,-0.055,0.0000,0.0000,0.0000,0.0000,0.547791,-0.450439,0.699219,0.090027,8.001,81.2,-1
1785797308.531,146,60373,0,0.00000000,0.00000000,0.00,0,0,-39.05,-0.033,0.0000,0.0000,0.0000,0.0000,0.547791,-0.450439,0.699219,0.090088,8.001,72.5,-1
1785797308.782,147,60591,0,0.00000000,0.00000000,0.00,0,0,-39.08,-0.045,0.0000,0.0000,0.0000,0.0000,0.547791,-0.450439,0.699219,0.090088,8.002,78.8,-1
1785797308.972,148,60811,0,0.00000000,0.00000000,0.00,0,0,-39.02,0.002,0.0000,0.0000,0.0000,0.0000,0.547791,-0.450439,0.699219,0.090088,8.004,72.5,-1
1785797309.223,149,61036,0,0.00000000,0.00000000,0.00,0,0,-38.99,0.007,0.0000,0.0000,0.0000,0.0000,0.547852,-0.450378,0.699219,0.090088,8.004,76.2,-1
1785797309.411,150,61255,0,0.00000000,0.00000000,0.00,0,0,-38.99,0.002,0.0000,0.0000,0.0000,0.0000,0.547852,-0.450378,0.699219,0.090088,8.004,76.2,-1
1785797309.659,151,61473,0,0.00000000,0.00000000,0.00,0,0,-39.14,-0.083,0.0000,0.0000,0.0000,0.0000,0.547852,-0.450378,0.699219,0.090088,8.004,71.2,-1
1785797309.847,152,61693,0,0.00000000,0.00000000,0.00,0,0,-39.15,-0.062,0.0000,0.0000,0.0000,0.0000,0.547852,-0.450378,0.699219,0.090088,8.004,73.8,-1
1785797310.095,153,61916,0,0.00000000,0.00000000,0.00,0,0,-39.06,-0.014,0.0000,0.0000,0.0000,0.0000,0.547852,-0.450378,0.699219,0.090088,8.004,77.5,-1
1785797310.348,154,62159,0,0.00000000,0.00000000,0.00,0,0,-39.05,-0.035,0.0000,0.0000,0.0000,0.0000,0.547913,-0.450378,0.699219,0.090088,8.001,80.0,-1
1785797310.536,155,62379,0,0.00000000,0.00000000,0.00,0,0,-39.24,-0.135,0.0000,0.0000,0.0000,0.0000,0.547913,-0.450378,0.699158,0.090088,8.005,77.5,-1
1785797310.790,156,62599,0,0.00000000,0.00000000,0.00,0,0,-39.21,-0.093,0.0000,0.0000,0.0000,0.0000,0.547913,-0.450378,0.699158,0.090088,8.004,77.5,-1
1785797310.981,157,62826,0,0.00000000,0.00000000,0.00,0,0,-39.18,-0.061,0.0000,0.0000,0.0000,0.0000,0.547974,-0.450378,0.699158,0.090088,8.001,82.5,-1
1785797311.233,158,63050,0,0.00000000,0.00000000,0.00,0,0,-39.27,-0.101,0.0000,0.0000,0.0000,0.0000,0.547974,-0.450378,0.699097,0.090088,8.006,76.2,-1
1785797311.420,159,63270,0,0.00000000,0.00000000,0.00,0,0,-39.23,-0.039,0.0000,0.0000,0.0000,0.0000,0.547974,-0.450378,0.699158,0.090088,8.006,77.5,-1
1785797311.668,160,63491,0,0.00000000,0.00000000,0.00,0,0,-39.15,0.015,0.0000,0.0000,0.0000,0.0000,0.547913,-0.450378,0.699158,0.090027,8.005,75.0,-1
1785797311.918,161,63720,0,0.00000000,0.00000000,0.00,0,0,-39.25,-0.032,0.0000,0.0000,0.0000,0.0000,0.547974,-0.450439,0.699097,0.089966,8.004,78.8,-1
1785797312.107,162,63941,0,0.00000000,0.00000000,0.00,0,0,-39.18,0.016,0.0000,0.0000,0.0000,0.0000,0.547974,-0.450439,0.699097,0.089966,8.005,73.8,-1
1785797312.295,163,64151,0,0.00000000,0.00000000,0.00,0,0,-39.20,-0.003,0.0000,0.0000,0.0000,0.0000,0.547974,-0.450439,0.699158,0.090027,8.004,76.2,-1
1785797312.546,164,64372,0,0.00000000,0.00000000,0.00,0,0,-39.26,-0.031,0.0000,0.0000,0.0000,0.0000,0.547913,-0.450378,0.699158,0.090027,8.004,77.5,-1
1785797312.796,165,64596,0,0.00000000,0.00000000,0.00,0,0,-39.29,-0.036,0.0000,0.0000,0.0000,0.0000,0.547974,-0.450378,0.699158,0.090027,8.004,78.8,-1
1785797312.982,166,64826,0,0.00000000,0.00000000,0.00,0,0,-39.29,-0.037,0.0000,0.0000,0.0000,0.0000,0.547974,-0.450378,0.699097,0.090088,8.002,75.0,-1
1785797313.228,167,65052,0,0.00000000,0.00000000,0.00,0,0,-39.36,-0.079,0.0000,0.0000,0.0000,0.0000,0.548035,-0.450317,0.699097,0.090088,8.002,75.0,-1
1785797313.419,168,65269,0,0.00000000,0.00000000,0.00,0,0,-39.33,-0.050,0.0000,0.0000,0.0000,0.0000,0.548035,-0.450317,0.699097,0.090088,8.004,80.0,-1
1785797313.669,169,65494,0,0.00000000,0.00000000,0.00,0,0,-39.24,0.018,0.0000,0.0000,0.0000,0.0000,0.548035,-0.450317,0.699097,0.090088,8.002,81.2,-1
1785797313.857,170,65717,0,0.00000000,0.00000000,0.00,0,0,-39.24,0.018,0.0000,0.0000,0.0000,0.0000,0.548096,-0.450378,0.699036,0.090027,8.005,78.8,-1
1785797314.106,171,65939,0,0.00000000,0.00000000,0.00,0,0,-39.26,0.018,0.0000,0.0000,0.0000,0.0000,0.548096,-0.450378,0.699036,0.090027,8.002,80.0,-1
1785797314.353,172,66159,0,0.00000000,0.00000000,0.00,0,0,-39.37,-0.040,0.0000,0.0000,0.0000,0.0000,0.548096,-0.450317,0.699036,0.090027,8.005,81.2,-1
1785797314.540,173,66385,0,0.00000000,0.00000000,0.00,0,0,-39.34,-0.009,0.0000,0.0000,0.0000,0.0000,0.548096,-0.450317,0.699036,0.090088,8.005,70.0,-1
1785797314.789,174,66608,0,0.00000000,0.00000000,0.00,0,0,-39.30,0.027,0.0000,0.0000,0.0000,0.0000,0.548096,-0.450317,0.699036,0.090088,8.001,82.5,-1
1785797314.979,175,66836,0,0.00000000,0.00000000,0.00,0,0,-39.35,-0.019,0.0000,0.0000,0.0000,0.0000,0.548096,-0.450317,0.699036,0.090088,8.002,77.5,-1
1785797315.230,176,67060,0,0.00000000,0.00000000,0.00,0,0,-39.31,0.004,0.0000,0.0000,0.0000,0.0000,0.548157,-0.450256,0.699036,0.090149,8.002,75.0,-1
1785797315.417,177,67275,0,0.00000000,0.00000000,0.00,0,0,-39.39,-0.033,0.0000,0.0000,0.0000,0.0000,0.548218,-0.450256,0.698975,0.090149,8.002,76.2,-1
1785797315.668,178,67499,0,0.00000000,0.00000000,0.00,0,0,-39.27,0.046,0.0000,0.0000,0.0000,0.0000,0.548218,-0.450256,0.698975,0.090149,8.004,75.0,-1
1785797315.857,179,67715,0,0.00000000,0.00000000,0.00,0,0,-39.40,-0.026,0.0000,0.0000,0.0000,0.0000,0.548218,-0.450256,0.699036,0.090149,8.001,77.5,-1
1785797316.106,180,67938,0,0.00000000,0.00000000,0.00,0,0,-39.42,-0.024,0.0000,0.0000,0.0000,0.0000,0.548218,-0.450256,0.699036,0.090149,8.004,72.5,-1
1785797316.292,181,68151,0,0.00000000,0.00000000,0.00,0,0,-39.39,0.001,0.0000,0.0000,0.0000,0.0000,0.548218,-0.450256,0.698975,0.090149,8.004,75.0,-1
1785797316.542,182,68378,0,0.00000000,0.00000000,0.00,0,0,-39.41,-0.020,0.0000,0.0000,0.0000,0.0000,0.548279,-0.450195,0.698975,0.090149,8.004,76.2,-1
1785797316.792,183,68598,0,0.00000000,0.00000000,0.00,0,0,-39.40,-0.004,0.0000,0.0000,0.0000,0.0000,0.548279,-0.450256,0.698975,0.090149,8.006,75.0,-1
1785797316.980,184,68820,0,0.00000000,0.00000000,0.00,0,0,-39.27,0.075,0.0000,0.0000,0.0000,0.0000,0.548218,-0.450256,0.698975,0.090149,8.005,75.0,-1
1785797317.232,185,69049,0,0.00000000,0.00000000,0.00,0,0,-39.45,-0.038,0.0000,0.0000,0.0000,0.0000,0.548218,-0.450256,0.699036,0.090149,8.002,72.5,-1
1785797317.420,186,69258,0,0.00000000,0.00000000,0.00,0,0,-39.32,0.063,0.0000,0.0000,0.0000,0.0000,0.548157,-0.450256,0.699036,0.090149,8.002,81.2,-1
1785797317.672,187,69483,0,0.00000000,0.00000000,0.00,0,0,-39.45,-0.029,0.0000,0.0000,0.0000,0.0000,0.548157,-0.450317,0.699036,0.090088,8.002,75.0,-1
1785797317.861,188,69700,0,0.00000000,0.00000000,0.00,0,0,-39.37,-0.002,0.0000,0.0000,0.0000,0.0000,0.548157,-0.450317,0.699036,0.090088,8.001,77.5,-1
1785797318.111,189,69920,0,0.00000000,0.00000000,0.00,0,0,-39.43,-0.044,0.0000,0.0000,0.0000,0.0000,0.548096,-0.450317,0.699036,0.090149,8.001,77.5,-1
1785797318.298,190,70137,0,0.00000000,0.00000000,0.00,0,0,-39.37,-0.013,0.0000,0.0000,0.0000,0.0000,0.548157,-0.450256,0.699036,0.090149,8.001,73.8,-1
1785797318.546,191,70357,0,0.00000000,0.00000000,0.00,0,0,-39.41,-0.030,0.0000,0.0000,0.0000,0.0000,0.548218,-0.450256,0.698975,0.090088,8.002,77.5,-1
1785797318.734,192,70585,0,0.00000000,0.00000000,0.00,0,0,-39.33,0.013,0.0000,0.0000,0.0000,0.0000,0.548279,-0.450256,0.698975,0.090088,8.004,76.2,-1
1785797318.983,193,70803,0,0.00000000,0.00000000,0.00,0,0,-39.22,0.073,0.0000,0.0000,0.0000,0.0000,0.548279,-0.450256,0.698975,0.090088,8.002,77.5,-1
1785797319.169,194,71023,0,0.00000000,0.00000000,0.00,0,0,-39.27,0.040,0.0000,0.0000,0.0000,0.0000,0.548218,-0.450256,0.698975,0.090088,8.001,80.0,-1
1785797319.422,195,71238,0,0.00000000,0.00000000,0.00,0,0,-39.30,0.039,0.0000,0.0000,0.0000,0.0000,0.548218,-0.450256,0.698975,0.090088,8.002,72.5,-1
1785797319.607,196,71457,0,0.00000000,0.00000000,0.00,0,0,-39.30,0.041,0.0000,0.0000,0.0000,0.0000,0.548279,-0.450256,0.698975,0.090149,8.004,72.5,-1
1785797319.857,197,71677,0,0.00000000,0.00000000,0.00,0,0,-39.40,-0.053,0.0000,0.0000,0.0000,0.0000,0.548279,-0.450256,0.698975,0.090149,8.002,72.5,-1
1785797320.042,198,71895,0,0.00000000,0.00000000,0.00,0,0,-39.30,0.013,0.0000,0.0000,0.0000,0.0000,0.548279,-0.450256,0.698975,0.090149,8.002,78.8,-1
1785797320.293,199,72141,0,0.00000000,0.00000000,0.00,0,0,-39.22,0.049,0.0000,0.0000,0.0000,0.0000,0.548218,-0.450256,0.698975,0.090149,8.001,73.8,-1
1785797320.540,200,72341,0,0.00000000,0.00000000,0.00,0,0,-39.26,0.016,0.0000,0.0000,0.0000,0.0000,0.548218,-0.450256,0.698975,0.090149,8.001,71.2,-1
1785797320.726,201,72565,0,0.00000000,0.00000000,0.00,0,0,-39.23,0.039,0.0000,0.0000,0.0000,0.0000,0.548279,-0.450256,0.698975,0.090149,8.001,83.8,-1
1785797320.980,202,72790,0,0.00000000,0.00000000,0.00,0,0,-39.20,0.072,0.0000,0.0000,0.0000,0.0000,0.548279,-0.450195,0.698975,0.090149,8.004,77.5,-1
1785797321.170,203,73016,0,0.00000000,0.00000000,0.00,0,0,-39.19,0.086,0.0000,0.0000,0.0000,0.0000,0.548340,-0.450195,0.698914,0.090149,8.002,78.8,-1
1785797321.422,204,73228,0,0.00000000,0.00000000,0.00,0,0,-39.12,0.103,0.0000,0.0000,0.0000,0.0000,0.548279,-0.450256,0.698975,0.090149,8.001,81.2,-1
1785797321.609,205,73450,0,0.00000000,0.00000000,0.00,0,0,-39.06,0.132,0.0000,0.0000,0.0000,0.0000,0.548279,-0.450256,0.698975,0.090149,8.002,76.2,-1
1785797321.859,206,73673,0,0.00000000,0.00000000,0.00,0,0,-39.07,0.124,0.0000,0.0000,0.0000,0.0000,0.548218,-0.450256,0.698975,0.090149,8.004,76.2,-1
1785797322.046,207,73896,0,0.00000000,0.00000000,0.00,0,0,-39.13,0.080,0.0000,0.0000,0.0000,0.0000,0.548218,-0.450256,0.699036,0.090149,8.004,78.8,-1
1785797322.283,208,74142,0,0.00000000,0.00000000,0.00,0,0,-39.06,0.110,0.0000,0.0000,0.0000,0.0000,0.548218,-0.450256,0.699036,0.090149,8.002,75.0,-1
1785797322.531,209,74360,0,0.00000000,0.00000000,0.00,0,0,-39.12,0.068,0.0000,0.0000,0.0000,0.0000,0.548157,-0.450256,0.699036,0.090149,8.005,75.0,-1
1785797322.781,210,74583,0,0.00000000,0.00000000,0.00,0,0,-39.03,0.127,0.0000,0.0000,0.0000,0.0000,0.548218,-0.450256,0.699036,0.090149,8.001,77.5,-1
1785797322.969,211,74802,0,0.00000000,0.00000000,0.00,0,0,-39.12,0.053,0.0000,0.0000,0.0000,0.0000,0.548218,-0.450256,0.698975,0.090149,8.002,76.2,-1
1785797323.221,212,75021,0,0.00000000,0.00000000,0.00,0,0,-39.08,0.079,0.0000,0.0000,0.0000,0.0000,0.548279,-0.450256,0.698975,0.090149,8.000,73.8,-1
1785797323.407,213,75234,0,0.00000000,0.00000000,0.00,0,0,-39.07,0.081,0.0000,0.0000,0.0000,0.0000,0.548340,-0.450195,0.698975,0.090149,8.001,78.8,-1
1785797323.597,214,75451,0,0.00000000,0.00000000,0.00,0,0,-39.05,0.079,0.0000,0.0000,0.0000,0.0000,0.548340,-0.450195,0.698914,0.090149,8.002,82.5,-1
1785797323.844,215,75673,0,0.00000000,0.00000000,0.00,0,0,-39.09,0.048,0.0000,0.0000,0.0000,0.0000,0.548340,-0.450195,0.698914,0.090149,8.001,81.2,-1
1785797324.097,216,75896,0,0.00000000,0.00000000,0.00,0,0,-39.01,0.069,0.0000,0.0000,0.0000,0.0000,0.548401,-0.450195,0.698914,0.090149,8.004,77.5,-1
1785797324.285,217,76142,0,0.00000000,0.00000000,0.00,0,0,-39.00,0.059,0.0000,0.0000,0.0000,0.0000,0.548401,-0.450195,0.698914,0.090149,8.002,77.5,-1
1785797324.535,218,76370,0,0.00000000,0.00000000,0.00,0,0,-39.12,-0.005,0.0000,0.0000,0.0000,0.0000,0.548401,-0.450195,0.698914,0.090149,8.001,78.8,-1
1785797324.786,219,76598,0,0.00000000,0.00000000,0.00,0,0,-38.87,0.130,0.0000,0.0000,0.0000,0.0000,0.548401,-0.450195,0.698914,0.090149,8.004,80.0,-1
1785797324.974,220,76823,0,0.00000000,0.00000000,0.00,0,0,-38.86,0.140,0.0000,0.0000,0.0000,0.0000,0.548401,-0.450195,0.698853,0.090149,8.001,80.0,-1
1785797325.223,221,77048,0,0.00000000,0.00000000,0.00,0,0,-39.04,0.009,0.0000,0.0000,0.0000,0.0000,0.548401,-0.450195,0.698853,0.090149,8.002,77.5,-1
1785797325.411,222,77263,0,0.00000000,0.00000000,0.00,0,0,-39.00,0.041,0.0000,0.0000,0.0000,0.0000,0.548340,-0.450256,0.698914,0.090149,8.002,77.5,-1
1785797325.659,223,77490,0,0.00000000,0.00000000,0.00,0,0,-38.85,0.119,0.0000,0.0000,0.0000,0.0000,0.548340,-0.450256,0.698914,0.090149,8.001,77.5,-1
1785797325.907,224,77717,0,0.00000000,0.00000000,0.00,0,0,-38.95,0.047,0.0000,0.0000,0.0000,0.0000,0.548279,-0.450256,0.698975,0.090149,8.001,75.0,-1
1785797326.095,225,77940,0,0.00000000,0.00000000,0.00,0,0,-38.98,0.041,0.0000,0.0000,0.0000,0.0000,0.548340,-0.450256,0.698914,0.090149,8.002,73.8,-1
1785797326.346,226,78151,0,0.00000000,0.00000000,0.00,0,0,-38.92,0.061,0.0000,0.0000,0.0000,0.0000,0.548340,-0.450195,0.698914,0.090149,8.000,73.8,-1
1785797326.533,227,78378,0,0.00000000,0.00000000,0.00,0,0,-38.92,0.049,0.0000,0.0000,0.0000,0.0000,0.548340,-0.450195,0.698914,0.090210,8.002,81.2,-1
1785797326.782,228,78599,0,0.00000000,0.00000000,0.00,0,0,-38.86,0.098,0.0000,0.0000,0.0000,0.0000,0.548401,-0.450134,0.698914,0.090210,8.004,81.2,-1
1785797326.970,229,78820,0,0.00000000,0.00000000,0.00,0,0,-38.81,0.115,0.0000,0.0000,0.0000,0.0000,0.548401,-0.450195,0.698914,0.090210,8.002,78.8,-1
1785797327.221,230,79041,0,0.00000000,0.00000000,0.00,0,0,-38.79,0.121,0.0000,0.0000,0.0000,0.0000,0.548340,-0.450195,0.698914,0.090210,8.002,76.2,-1
1785797327.408,231,79253,0,0.00000000,0.00000000,0.00,0,0,-38.75,0.118,0.0000,0.0000,0.0000,0.0000,0.548401,-0.450195,0.698914,0.090210,8.005,76.2,-1
1785797327.659,232,79480,0,0.00000000,0.00000000,0.00,0,0,-38.84,0.072,0.0000,0.0000,0.0000,0.0000,0.548401,-0.450195,0.698914,0.090210,8.001,81.2,-1
1785797327.848,233,79703,0,0.00000000,0.00000000,0.00,0,0,-38.90,0.019,0.0000,0.0000,0.0000,0.0000,0.548401,-0.450195,0.698914,0.090210,8.001,75.0,-1
1785797328.100,234,79921,0,0.00000000,0.00000000,0.00,0,0,-38.79,0.083,0.0000,0.0000,0.0000,0.0000,0.548401,-0.450195,0.698914,0.090210,8.002,76.2,-1
1785797328.287,235,80135,0,0.00000000,0.00000000,0.00,0,0,-38.85,0.042,0.0000,0.0000,0.0000,0.0000,0.548401,-0.450195,0.698914,0.090210,8.004,72.5,-1
1785797328.536,236,80358,0,0.00000000,0.00000000,0.00,0,0,-38.79,0.075,0.0000,0.0000,0.0000,0.0000,0.548401,-0.450195,0.698914,0.090210,8.004,73.8,-1
1785797328.727,237,80585,0,0.00000000,0.00000000,0.00,0,0,-38.70,0.131,0.0000,0.0000,0.0000,0.0000,0.548401,-0.450195,0.698914,0.090210,8.004,72.5,-1
1785797328.975,238,80814,0,0.00000000,0.00000000,0.00,0,0,-38.82,0.047,0.0000,0.0000,0.0000,0.0000,0.548401,-0.450195,0.698914,0.090210,8.002,80.0,-1
1785797329.224,239,81035,0,0.00000000,0.00000000,0.00,0,0,-38.71,0.111,0.0000,0.0000,0.0000,0.0000,0.548401,-0.450195,0.698914,0.090210,8.004,70.0,-1
1785797329.411,240,81248,0,0.00000000,0.00000000,0.00,0,0,-38.74,0.079,0.0000,0.0000,0.0000,0.0000,0.548401,-0.450195,0.698914,0.090210,8.002,76.2,-1
1785797329.659,241,81467,0,0.00000000,0.00000000,0.00,0,0,-38.71,0.095,0.0000,0.0000,0.0000,0.0000,0.548401,-0.450195,0.698914,0.090149,8.002,75.0,-1
1785797329.846,242,81688,0,0.00000000,0.00000000,0.00,0,0,-38.78,0.048,0.0000,0.0000,0.0000,0.0000,0.548462,-0.450256,0.698853,0.090088,8.004,78.8,-1
1785797330.096,243,81905,0,0.00000000,0.00000000,0.00,0,0,-38.73,0.084,0.0000,0.0000,0.0000,0.0000,0.548462,-0.450256,0.698853,0.090088,8.002,82.5,-1
1785797330.347,244,82152,0,0.00000000,0.00000000,0.00,0,0,-38.83,0.019,0.0000,0.0000,0.0000,0.0000,0.548462,-0.450195,0.698853,0.090088,8.002,76.2,-1
1785797330.535,245,82378,0,0.00000000,0.00000000,0.00,0,0,-38.74,0.075,0.0000,0.0000,0.0000,0.0000,0.548462,-0.450195,0.698853,0.090149,8.004,73.8,-1
1785797330.786,246,82596,0,0.00000000,0.00000000,0.00,0,0,-38.61,0.140,0.0000,0.0000,0.0000,0.0000,0.548462,-0.450195,0.698853,0.090210,8.004,75.0,-1
1785797330.971,247,82819,0,0.00000000,0.00000000,0.00,0,0,-38.70,0.068,0.0000,0.0000,0.0000,0.0000,0.548462,-0.450134,0.698853,0.090210,8.004,75.0,-1
1785797331.219,248,83042,0,0.00000000,0.00000000,0.00,0,0,-38.70,0.058,0.0000,0.0000,0.0000,0.0000,0.548462,-0.450195,0.698853,0.090149,8.004,73.8,-1
1785797331.407,249,83260,0,0.00000000,0.00000000,0.00,0,0,-38.65,0.084,0.0000,0.0000,0.0000,0.0000,0.548462,-0.450134,0.698853,0.090210,8.002,72.5,-1
1785797331.658,250,83479,0,0.00000000,0.00000000,0.00,0,0,-38.69,0.078,0.0000,0.0000,0.0000,0.0000,0.548462,-0.450134,0.698853,0.090210,8.002,75.0,-1
1785797331.845,251,83699,0,0.00000000,0.00000000,0.00,0,0,-38.76,0.010,0.0000,0.0000,0.0000,0.0000,0.548462,-0.450195,0.698853,0.090210,8.002,77.5,-1
1785797332.095,252,83920,0,0.00000000,0.00000000,0.00,0,0,-38.67,0.069,0.0000,0.0000,0.0000,0.0000,0.548523,-0.450134,0.698853,0.090210,8.002,77.5,-1
1785797332.281,253,84137,0,0.00000000,0.00000000,0.00,0,0,-38.64,0.081,0.0000,0.0000,0.0000,0.0000,0.548523,-0.450134,0.698853,0.090210,8.001,77.5,-1
1785797332.529,254,84362,0,0.00000000,0.00000000,0.00,0,0,-38.66,0.059,0.0000,0.0000,0.0000,0.0000,0.548584,-0.450134,0.698792,0.090149,8.002,73.8,-1
1785797332.780,255,84585,0,0.00000000,0.00000000,0.00,0,0,-38.70,0.028,0.0000,0.0000,0.0000,0.0000,0.548645,-0.450073,0.698792,0.090149,8.001,71.2,-1
1785797332.970,256,84811,0,0.00000000,0.00000000,0.00,0,0,-38.68,0.046,0.0000,0.0000,0.0000,0.0000,0.548584,-0.450012,0.698853,0.090149,8.004,82.5,-1
1785797333.220,257,85034,0,0.00000000,0.00000000,0.00,0,0,-38.64,0.067,0.0000,0.0000,0.0000,0.0000,0.548523,-0.449951,0.698914,0.090210,8.002,73.8,-1
1785797333.404,258,85246,0,0.00000000,0.00000000,0.00,0,0,-38.64,0.076,0.0000,0.0000,0.0000,0.0000,0.548584,-0.449890,0.698914,0.090210,8.004,76.2,-1
1785797333.653,259,85468,0,0.00000000,0.00000000,0.00,0,0,-38.82,-0.041,0.0000,0.0000,0.0000,0.0000,0.548584,-0.449890,0.698914,0.090271,8.004,80.0,-1
1785797333.842,260,85693,0,0.00000000,0.00000000,0.00,0,0,-38.72,0.012,0.0000,0.0000,0.0000,0.0000,0.548523,-0.449951,0.698914,0.090271,8.004,85.0,-1
1785797334.093,261,85917,0,0.00000000,0.00000000,0.00,0,0,-38.60,0.078,0.0000,0.0000,0.0000,0.0000,0.548523,-0.450012,0.698914,0.090210,8.004,75.0,-1
1785797334.345,262,86157,0,0.00000000,0.00000000,0.00,0,0,-38.70,0.020,0.0000,0.0000,0.0000,0.0000,0.548523,-0.450012,0.698914,0.090149,8.004,73.8,-1
1785797334.535,263,86375,0,0.00000000,0.00000000,0.00,0,0,-38.82,-0.047,0.0000,0.0000,0.0000,0.0000,0.548523,-0.450073,0.698914,0.090027,7.997,81.2,-1
1785797334.787,264,86596,0,0.00000000,0.00000000,0.00,0,0,-38.71,0.038,0.0000,0.0000,0.0000,0.0000,0.548584,-0.450073,0.698853,0.090027,8.004,76.2,-1
1785797334.976,265,86814,0,0.00000000,0.00000000,0.00,0,0,-38.80,-0.015,0.0000,0.0000,0.0000,0.0000,0.548645,-0.450012,0.698853,0.090088,8.001,83.8,-1
1785797335.227,266,87037,0,0.00000000,0.00000000,0.00,0,0,-38.76,0.016,0.0000,0.0000,0.0000,0.0000,0.548645,-0.449951,0.698853,0.090088,8.004,73.8,-1
1785797335.416,267,87251,0,0.00000000,0.00000000,0.00,0,0,-38.75,0.014,0.0000,0.0000,0.0000,0.0000,0.548706,-0.449951,0.698853,0.090149,8.004,75.0,-1
1785797335.672,268,87479,0,0.00000000,0.00000000,0.00,0,0,-38.77,0.005,0.0000,0.0000,0.0000,0.0000,0.548706,-0.449951,0.698853,0.090027,8.001,77.5,-1
1785797335.859,269,87702,0,0.00000000,0.00000000,0.00,0,0,-38.73,0.007,0.0000,0.0000,0.0000,0.0000,0.548584,-0.450012,0.698914,0.090088,8.005,78.8,-1
1785797336.111,270,87924,0,0.00000000,0.00000000,0.00,0,0,-38.71,-0.018,0.0000,0.0000,0.0000,0.0000,0.548523,-0.450012,0.698914,0.090149,8.004,78.8,-1
1785797336.297,271,88142,0,0.00000000,0.00000000,0.00,0,0,-38.80,-0.041,0.0000,0.0000,0.0000,0.0000,0.548462,-0.450195,0.698792,0.090088,8.001,78.8,-1
1785797336.543,272,88366,0,0.00000000,0.00000000,0.00,0,0,-38.75,0.014,0.0000,0.0000,0.0000,0.0000,0.548462,-0.450317,0.698792,0.090088,8.002,81.2,-1
1785797336.733,273,88591,0,0.00000000,0.00000000,0.00,0,0,-38.73,0.028,0.0000,0.0000,0.0000,0.0000,0.548523,-0.450317,0.698730,0.089966,8.002,72.5,-1
1785797336.983,274,88812,0,0.00000000,0.00000000,0.00,0,0,-38.74,0.024,0.0000,0.0000,0.0000,0.0000,0.548584,-0.450378,0.698669,0.089966,8.001,78.8,-1
1785797337.235,275,89040,0,0.00000000,0.00000000,0.00,0,0,-38.65,0.078,0.0000,0.0000,0.0000,0.0000,0.548584,-0.450378,0.698669,0.089966,8.001,83.8,-1
1785797337.424,276,89256,0,0.00000000,0.00000000,0.00,0,0,-38.76,0.020,0.0000,0.0000,0.0000,0.0000,0.548645,-0.450317,0.698608,0.090088,8.001,73.8,-1
1785797337.677,277,89479,0,0.00000000,0.00000000,0.00,0,0,-38.77,0.012,0.0000,0.0000,0.0000,0.0000,0.548706,-0.450317,0.698547,0.090210,8.002,81.2,-1
1785797337.864,278,89705,0,0.00000000,0.00000000,0.00,0,0,-38.75,0.005,0.0000,0.0000,0.0000,0.0000,0.548706,-0.450317,0.698547,0.090210,8.004,78.8,-1
1785797338.118,279,89930,0,0.00000000,0.00000000,0.00,0,0,-38.73,0.011,0.0000,0.0000,0.0000,0.0000,0.548706,-0.450317,0.698547,0.090210,8.004,80.0,-1
1785797338.309,280,90149,0,0.00000000,0.00000000,0.00,0,0,-38.73,0.000,0.0000,0.0000,0.0000,0.0000,0.548706,-0.450378,0.698547,0.090210,8.001,80.0,-1
1785797338.558,281,90375,0,0.00000000,0.00000000,0.00,0,0,-38.77,-0.013,0.0000,0.0000,0.0000,0.0000,0.548706,-0.450378,0.698547,0.090149,8.002,78.8,-1
1785797338.746,282,90593,0,0.00000000,0.00000000,0.00,0,0,-38.77,0.009,0.0000,0.0000,0.0000,0.0000,0.548706,-0.450378,0.698486,0.090088,8.000,80.0,-1
1785797338.998,283,90814,0,0.00000000,0.00000000,0.00,0,0,-38.77,0.019,0.0000,0.0000,0.0000,0.0000,0.548767,-0.450378,0.698486,0.090088,8.001,78.8,-1
1785797339.186,284,91036,0,0.00000000,0.00000000,0.00,0,0,-38.83,-0.018,0.0000,0.0000,0.0000,0.0000,0.548767,-0.450317,0.698547,0.090149,8.002,70.0,-1
1785797339.435,285,91254,0,0.00000000,0.00000000,0.00,0,0,-38.83,-0.011,0.0000,0.0000,0.0000,0.0000,0.548828,-0.450317,0.698486,0.090088,8.000,78.8,-1
1785797339.623,286,91478,0,0.00000000,0.00000000,0.00,0,0,-38.88,-0.059,0.0000,0.0000,0.0000,0.0000,0.548767,-0.450317,0.698547,0.090027,8.002,71.2,-1
1785797339.875,287,91695,0,0.00000000,0.00000000,0.00,0,0,-38.83,-0.002,0.0000,0.0000,0.0000,0.0000,0.548767,-0.450256,0.698547,0.090088,8.001,80.0,-1
1785797340.062,288,91918,0,0.00000000,0.00000000,0.00,0,0,-38.80,0.041,0.0000,0.0000,0.0000,0.0000,0.548706,-0.450317,0.698608,0.090027,8.002,73.8,-1
1785797340.311,289,92160,0,0.00000000,0.00000000,0.00,0,0,-38.86,-0.010,0.0000,0.0000,0.0000,0.0000,0.548645,-0.450317,0.698608,0.089966,8.002,77.5,-1
1785797340.564,290,92386,0,0.00000000,0.00000000,0.00,0,0,-38.88,-0.035,0.0000,0.0000,0.0000,0.0000,0.548645,-0.450378,0.698608,0.090027,8.000,80.0,-1
1785797340.816,291,92610,0,0.00000000,0.00000000,0.00,0,0,-38.85,-0.009,0.0000,0.0000,0.0000,0.0000,0.548645,-0.450439,0.698547,0.089966,8.004,83.8,-1
1785797341.005,292,92830,0,0.00000000,0.00000000,0.00,0,0,-39.03,-0.108,0.0000,0.0000,0.0000,0.0000,0.548584,-0.450378,0.698608,0.090088,8.000,76.2,-1
1785797341.192,293,93049,0,0.00000000,0.00000000,0.00,0,0,-39.07,-0.103,0.0000,0.0000,0.0000,0.0000,0.548523,-0.450378,0.698669,0.090149,8.000,78.8,-1
1785797341.443,294,93259,0,0.00000000,0.00000000,0.00,0,0,-39.05,-0.092,0.0000,0.0000,0.0000,0.0000,0.548584,-0.450378,0.698669,0.090210,8.001,78.8,-1
1785797341.629,295,93482,0,0.00000000,0.00000000,0.00,0,0,-39.00,-0.046,0.0000,0.0000,0.0000,0.0000,0.548584,-0.450317,0.698669,0.090210,8.002,78.8,-1
1785797341.878,296,93707,0,0.00000000,0.00000000,0.00,0,0,-38.97,-0.019,0.0000,0.0000,0.0000,0.0000,0.548645,-0.450378,0.698608,0.090149,8.004,82.5,-1
1785797342.129,297,93931,0,0.00000000,0.00000000,0.00,0,0,-38.90,0.039,0.0000,0.0000,0.0000,0.0000,0.548645,-0.450378,0.698547,0.090210,8.004,80.0,-1
1785797342.319,298,94142,0,0.00000000,0.00000000,0.00,0,0,-38.96,0.024,0.0000,0.0000,0.0000,0.0000,0.548645,-0.450439,0.698547,0.090210,8.004,76.2,-1
1785797342.507,299,94363,0,0.00000000,0.00000000,0.00,0,0,-38.97,0.016,0.0000,0.0000,0.0000,0.0000,0.548584,-0.450378,0.698608,0.090332,8.005,75.0,-1
1785797342.757,300,94585,0,0.00000000,0.00000000,0.00,0,0,-38.95,0.030,0.0000,0.0000,0.0000,0.0000,0.548584,-0.450378,0.698608,0.090332,8.005,77.5,-1
1785797342.942,301,94798,0,0.00000000,0.00000000,0.00,0,0,-39.10,-0.080,0.0000,0.0000,0.0000,0.0000,0.548584,-0.450378,0.698608,0.090332,8.004,80.0,-1
1785797343.190,302,95023,0,0.00000000,0.00000000,0.00,0,0,-39.05,-0.039,0.0000,0.0000,0.0000,0.0000,0.548645,-0.450378,0.698547,0.090271,8.006,78.8,-1
1785797343.441,303,95239,0,0.00000000,0.00000000,0.00,0,0,-39.01,0.001,0.0000,0.0000,0.0000,0.0000,0.548645,-0.450378,0.698547,0.090332,8.002,77.5,-1
1785797343.630,304,95465,0,0.00000000,0.00000000,0.00,0,0,-39.06,-0.036,0.0000,0.0000,0.0000,0.0000,0.548645,-0.450317,0.698547,0.090332,8.006,76.2,-1
1785797343.881,305,95687,0,0.00000000,0.00000000,0.00,0,0,-39.00,0.008,0.0000,0.0000,0.0000,0.0000,0.548706,-0.450317,0.698547,0.090332,8.004,78.8,-1
1785797344.071,306,95902,0,0.00000000,0.00000000,0.00,0,0,-39.11,-0.065,0.0000,0.0000,0.0000,0.0000,0.548645,-0.450378,0.698547,0.090271,8.004,82.5,-1
1785797344.321,307,96150,0,0.00000000,0.00000000,0.00,0,0,-39.06,-0.028,0.0000,0.0000,0.0000,0.0000,0.548645,-0.450378,0.698547,0.090271,8.004,76.2,-1
1785797344.569,308,96375,0,0.00000000,0.00000000,0.00,0,0,-38.98,0.008,0.0000,0.0000,0.0000,0.0000,0.548706,-0.450317,0.698547,0.090332,8.002,85.0,-1
1785797344.754,309,96597,0,0.00000000,0.00000000,0.00,0,0,-39.03,-0.024,0.0000,0.0000,0.0000,0.0000,0.548706,-0.450317,0.698547,0.090393,8.004,76.2,-1
1785797345.007,310,96817,0,0.00000000,0.00000000,0.00,0,0,-39.08,-0.060,0.0000,0.0000,0.0000,0.0000,0.548706,-0.450256,0.698547,0.090454,8.004,78.8,-1
1785797345.197,311,97041,0,0.00000000,0.00000000,0.00,0,0,-39.16,-0.097,0.0000,0.0000,0.0000,0.0000,0.548767,-0.450256,0.698547,0.090393,8.005,76.2,-1
1785797345.448,312,97257,0,0.00000000,0.00000000,0.00,0,0,-39.15,-0.113,0.0000,0.0000,0.0000,0.0000,0.548767,-0.450256,0.698547,0.090393,8.005,77.5,-1
1785797345.635,313,97480,0,0.00000000,0.00000000,0.00,0,0,-39.07,-0.059,0.0000,0.0000,0.0000,0.0000,0.548706,-0.450195,0.698669,0.090332,8.006,78.8,-1
1785797345.885,314,97701,0,0.00000000,0.00000000,0.00,0,0,-39.01,0.006,0.0000,0.0000,0.0000,0.0000,0.548645,-0.450195,0.698669,0.090393,8.005,77.5,-1
1785797346.071,315,97919,0,0.00000000,0.00000000,0.00,0,0,-38.96,0.047,0.0000,0.0000,0.0000,0.0000,0.548706,-0.450256,0.698547,0.090393,8.002,80.0,-1
1785797346.318,316,98161,0,0.00000000,0.00000000,0.00,0,0,-39.06,-0.025,0.0000,0.0000,0.0000,0.0000,0.548706,-0.450256,0.698547,0.090332,8.001,80.0,-1
1785797346.566,317,98377,0,0.00000000,0.00000000,0.00,0,0,-39.00,0.015,0.0000,0.0000,0.0000,0.0000,0.548767,-0.450317,0.698547,0.090271,8.004,72.5,-1
1785797346.754,318,98603,0,0.00000000,0.00000000,0.00,0,0,-38.96,0.041,0.0000,0.0000,0.0000,0.0000,0.548767,-0.450256,0.698547,0.090332,8.002,85.0,-1
1785797347.001,319,98825,0,0.00000000,0.00000000,0.00,0,0,-39.08,-0.032,0.0000,0.0000,0.0000,0.0000,0.548828,-0.450256,0.698486,0.090332,8.002,78.8,-1
1785797347.253,320,99053,0,0.00000000,0.00000000,0.00,0,0,-39.08,-0.022,0.0000,0.0000,0.0000,0.0000,0.548767,-0.450256,0.698486,0.090271,8.004,77.5,-1
1785797347.439,321,99270,0,0.00000000,0.00000000,0.00,0,0,-39.04,0.013,0.0000,0.0000,0.0000,0.0000,0.548767,-0.450317,0.698486,0.090271,8.004,75.0,-1
1785797347.691,322,99493,0,0.00000000,0.00000000,0.00,0,0,-39.04,0.020,0.0000,0.0000,0.0000,0.0000,0.548767,-0.450317,0.698547,0.090271,8.001,75.0,-1
1785797347.881,323,99713,0,0.00000000,0.00000000,0.00,0,0,-38.98,0.066,0.0000,0.0000,0.0000,0.0000,0.548767,-0.450256,0.698547,0.090332,8.002,73.8,-1
1785797348.134,324,99933,0,0.00000000,0.00000000,0.00,0,0,-39.02,0.031,0.0000,0.0000,0.0000,0.0000,0.548767,-0.450256,0.698547,0.090332,8.004,76.2,-1
1785797348.322,325,100148,0,0.00000000,0.00000000,0.00,0,0,-39.05,0.003,0.0000,0.0000,0.0000,0.0000,0.548767,-0.450317,0.698547,0.090271,8.002,75.0,-1
1785797348.571,326,100373,0,0.00000000,0.00000000,0.00,0,0,-39.01,0.029,0.0000,0.0000,0.0000,0.0000,0.548828,-0.450256,0.698486,0.090271,8.001,75.0,-1
1785797348.758,327,100596,0,0.00000000,0.00000000,0.00,0,0,-38.98,0.033,0.0000,0.0000,0.0000,0.0000,0.548889,-0.450256,0.698486,0.090271,8.004,75.0,-1
1785797349.005,328,100817,0,0.00000000,0.00000000,0.00,0,0,-38.98,0.042,0.0000,0.0000,0.0000,0.0000,0.548889,-0.450256,0.698486,0.090332,8.001,77.5,-1
1785797349.192,329,101037,0,0.00000000,0.00000000,0.00,0,0,-39.01,0.004,0.0000,0.0000,0.0000,0.0000,0.548889,-0.450195,0.698425,0.090332,8.004,75.0,-1
1785797349.440,330,101249,0,0.00000000,0.00000000,0.00,0,0,-39.05,-0.042,0.0000,0.0000,0.0000,0.0000,0.548889,-0.450195,0.698486,0.090332,8.001,80.0,-1
1785797349.630,331,101467,0,0.00000000,0.00000000,0.00,0,0,-39.07,-0.034,0.0000,0.0000,0.0000,0.0000,0.548828,-0.450256,0.698486,0.090393,8.004,75.0,-1
1785797349.882,332,101689,0,0.00000000,0.00000000,0.00,0,0,-39.05,-0.012,0.0000,0.0000,0.0000,0.0000,0.548828,-0.450256,0.698547,0.090393,8.002,78.8,-1
1785797350.068,333,101913,0,0.00000000,0.00000000,0.00,0,0,-38.93,0.073,0.0000,0.0000,0.0000,0.0000,0.548889,-0.450256,0.698486,0.090332,8.004,78.8,-1
1785797350.317,334,102159,0,0.00000000,0.00000000,0.00,0,0,-38.90,0.082,0.0000,0.0000,0.0000,0.0000,0.548889,-0.450256,0.698486,0.090332,8.002,76.2,-1
1785797350.567,335,102381,0,0.00000000,0.00000000,0.00,0,0,-38.90,0.083,0.0000,0.0000,0.0000,0.0000,0.548828,-0.450256,0.698486,0.090332,8.004,76.2,-1
1785797350.751,336,102609,0,0.00000000,0.00000000,0.00,0,0,-38.95,0.061,0.0000,0.0000,0.0000,0.0000,0.548767,-0.450317,0.698486,0.090271,8.001,83.8,-1
1785797351.003,337,102830,0,0.00000000,0.00000000,0.00,0,0,-38.83,0.138,0.0000,0.0000,0.0000,0.0000,0.548767,-0.450317,0.698547,0.090271,8.002,81.2,-1
1785797351.191,338,103048,0,0.00000000,0.00000000,0.00,0,0,-38.96,0.030,0.0000,0.0000,0.0000,0.0000,0.548828,-0.450317,0.698486,0.090271,7.997,81.2,-1
1785797351.442,339,103263,0,0.00000000,0.00000000,0.00,0,0,-39.08,-0.050,0.0000,0.0000,0.0000,0.0000,0.548828,-0.450256,0.698486,0.090271,8.005,76.2,-1
1785797351.628,340,103481,0,0.00000000,0.00000000,0.00,0,0,-39.00,0.013,0.0000,0.0000,0.0000,0.0000,0.548828,-0.450256,0.698486,0.090332,8.004,78.8,-1
1785797351.874,341,103703,0,0.00000000,0.00000000,0.00,0,0,-39.08,-0.027,0.0000,0.0000,0.0000,0.0000,0.548889,-0.450256,0.698486,0.090332,8.002,76.2,-1
1785797352.125,342,103923,0,0.00000000,0.00000000,0.00,0,0,-38.96,0.068,0.0000,0.0000,0.0000,0.0000,0.548950,-0.450256,0.698425,0.090271,8.004,75.0,-1
1785797352.313,343,104135,0,0.00000000,0.00000000,0.00,0,0,-38.95,0.085,0.0000,0.0000,0.0000,0.0000,0.548950,-0.450256,0.698425,0.090271,8.002,75.0,-1
1785797352.564,344,104362,0,0.00000000,0.00000000,0.00,0,0,-38.95,0.081,0.0000,0.0000,0.0000,0.0000,0.549011,-0.450256,0.698364,0.090271,8.004,76.2,-1
1785797352.752,345,104585,0,0.00000000,0.00000000,0.00,0,0,-38.99,0.053,0.0000,0.0000,0.0000,0.0000,0.549011,-0.450256,0.698364,0.090210,8.002,77.5,-1
1785797353.005,346,104807,0,0.00000000,0.00000000,0.00,0,0,-38.97,0.041,0.0000,0.0000,0.0000,0.0000,0.549011,-0.450195,0.698364,0.090271,8.004,73.8,-1
1785797353.191,347,105034,0,0.00000000,0.00000000,0.00,0,0,-39.09,-0.039,0.0000,0.0000,0.0000,0.0000,0.548950,-0.450195,0.698425,0.090332,7.999,80.0,-1
1785797353.438,348,105248,0,0.00000000,0.00000000,0.00,0,0,-38.99,0.017,0.0000,0.0000,0.0000,0.0000,0.548950,-0.450256,0.698425,0.090271,8.004,78.8,-1
1785797353.627,349,105477,0,0.00000000,0.00000000,0.00,0,0,-39.03,-0.010,0.0000,0.0000,0.0000,0.0000,0.548950,-0.450256,0.698425,0.090271,8.001,77.5,-1
1785797353.876,350,105699,0,0.00000000,0.00000000,0.00,0,0,-39.05,-0.012,0.0000,0.0000,0.0000,0.0000,0.548889,-0.450256,0.698425,0.090332,8.001,77.5,-1
1785797354.129,351,105924,0,0.00000000,0.00000000,0.00,0,0,-39.01,0.023,0.0000,0.0000,0.0000,0.0000,0.548950,-0.450195,0.698425,0.090332,8.002,75.0,-1
1785797354.320,352,106138,0,0.00000000,0.00000000,0.00,0,0,-39.05,-0.008,0.0000,0.0000,0.0000,0.0000,0.548889,-0.450195,0.698486,0.090332,8.002,78.8,-1
1785797354.509,353,106360,0,0.00000000,0.00000000,0.00,0,0,-39.19,-0.111,0.0000,0.0000,0.0000,0.0000,0.548828,-0.450195,0.698486,0.090393,8.004,80.0,-1
1785797354.758,354,106560,0,0.00000000,0.00000000,0.00,0,0,-39.13,-0.072,0.0000,0.0000,0.0000,0.0000,0.548828,-0.450195,0.698547,0.090393,8.004,77.5,-1
1785797354.946,355,106777,0,0.00000000,0.00000000,0.00,0,0,-38.92,0.076,0.0000,0.0000,0.0000,0.0000,0.548828,-0.450195,0.698486,0.090393,8.001,83.8,-1
1785797355.193,356,106997,0,0.00000000,0.00000000,0.00,0,0,-39.04,-0.028,0.0000,0.0000,0.0000,0.0000,0.548950,-0.450195,0.698425,0.090393,8.000,80.0,-1
1785797355.380,357,107212,0,0.00000000,0.00000000,0.00,0,0,-39.04,-0.027,0.0000,0.0000,0.0000,0.0000,0.548889,-0.450195,0.698486,0.090393,8.001,76.2,-1
1785797355.632,358,107438,0,0.00000000,0.00000000,0.00,0,0,-38.97,0.026,0.0000,0.0000,0.0000,0.0000,0.548889,-0.450195,0.698486,0.090393,8.000,82.5,-1
1785797355.819,359,107664,0,0.00000000,0.00000000,0.00,0,0,-39.04,-0.011,0.0000,0.0000,0.0000,0.0000,0.548889,-0.450195,0.698486,0.090454,8.002,76.2,-1
1785797356.071,360,107885,0,0.00000000,0.00000000,0.00,0,0,-39.04,-0.027,0.0000,0.0000,0.0000,0.0000,0.548889,-0.450134,0.698486,0.090454,8.002,75.0,-1
1785797356.257,361,108105,0,0.00000000,0.00000000,0.00,0,0,-38.94,0.045,0.0000,0.0000,0.0000,0.0000,0.548950,-0.450134,0.698486,0.090515,8.002,82.5,-1
1785797356.508,362,108324,0,0.00000000,0.00000000,0.00,0,0,-38.92,0.064,0.0000,0.0000,0.0000,0.0000,0.548950,-0.450073,0.698486,0.090515,8.002,72.5,-1
1785797356.692,363,108544,0,0.00000000,0.00000000,0.00,0,0,-38.94,0.061,0.0000,0.0000,0.0000,0.0000,0.548950,-0.450134,0.698486,0.090454,8.001,72.5,-1
1785797356.941,364,108763,0,0.00000000,0.00000000,0.00,0,0,-38.95,0.048,0.0000,0.0000,0.0000,0.0000,0.548889,-0.450195,0.698486,0.090393,8.004,78.8,-1
1785797357.130,365,108985,0,0.00000000,0.00000000,0.00,0,0,-38.98,0.025,0.0000,0.0000,0.0000,0.0000,0.548889,-0.450256,0.698486,0.090271,8.002,72.5,-1
1785797357.378,366,109206,0,0.00000000,0.00000000,0.00,0,0,-39.05,-0.010,0.0000,0.0000,0.0000,0.0000,0.548828,-0.450256,0.698486,0.090271,8.001,72.5,-1
1785797357.633,367,109431,0,0.00000000,0.00000000,0.00,0,0,-39.05,-0.027,0.0000,0.0000,0.0000,0.0000,0.548767,-0.450256,0.698486,0.090332,8.001,77.5,-1
1785797357.823,368,109652,0,0.00000000,0.00000000,0.00,0,0,-39.05,-0.023,0.0000,0.0000,0.0000,0.0000,0.548767,-0.450256,0.698547,0.090332,8.001,76.2,-1
1785797358.073,369,109871,0,0.00000000,0.00000000,0.00,0,0,-38.97,0.030,0.0000,0.0000,0.0000,0.0000,0.548828,-0.450317,0.698486,0.090271,8.001,77.5,-1
1785797358.264,370,110097,0,0.00000000,0.00000000,0.00,0,0,-39.09,-0.053,0.0000,0.0000,0.0000,0.0000,0.548828,-0.450256,0.698486,0.090271,8.002,76.2,-1
1785797358.515,371,110311,0,0.00000000,0.00000000,0.00,0,0,-39.10,-0.055,0.0000,0.0000,0.0000,0.0000,0.548828,-0.450256,0.698486,0.090332,8.002,77.5,-1
1785797358.703,372,110538,0,0.00000000,0.00000000,0.00,0,0,-39.05,-0.030,0.0000,0.0000,0.0000,0.0000,0.548828,-0.450256,0.698486,0.090271,8.002,76.2,-1
1785797358.958,373,110757,0,0.00000000,0.00000000,0.00,0,0,-39.05,-0.044,0.0000,0.0000,0.0000,0.0000,0.548828,-0.450256,0.698486,0.090271,8.005,77.5,-1
1785797359.145,374,110976,0,0.00000000,0.00000000,0.00,0,0,-39.04,-0.021,0.0000,0.0000,0.0000,0.0000,0.548889,-0.450256,0.698425,0.090271,8.004,76.2,-1
1785797359.394,375,111195,0,0.00000000,0.00000000,0.00,0,0,-38.98,0.004,0.0000,0.0000,0.0000,0.0000,0.548828,-0.450256,0.698486,0.090332,8.004,75.0,-1
1785797359.582,376,111418,0,0.00000000,0.00000000,0.00,0,0,-39.01,0.007,0.0000,0.0000,0.0000,0.0000,0.548828,-0.450256,0.698486,0.090332,8.004,73.8,-1
1785797359.828,377,111641,0,0.00000000,0.00000000,0.00,0,0,-39.14,-0.078,0.0000,0.0000,0.0000,0.0000,0.548767,-0.450256,0.698547,0.090393,8.004,71.2,-1
1785797360.016,378,111867,0,0.00000000,0.00000000,0.00,0,0,-39.11,-0.073,0.0000,0.0000,0.0000,0.0000,0.548828,-0.450256,0.698547,0.090393,8.002,81.2,-1
1785797360.266,379,112088,0,0.00000000,0.00000000,0.00,0,0,-38.97,0.014,0.0000,0.0000,0.0000,0.0000,0.548828,-0.450195,0.698486,0.090393,8.000,78.8,-1
1785797360.457,380,112308,0,0.00000000,0.00000000,0.00,0,0,-39.04,-0.034,0.0000,0.0000,0.0000,0.0000,0.548828,-0.450195,0.698486,0.090454,7.999,82.5,-1
1785797360.709,381,112530,0,0.00000000,0.00000000,0.00,0,0,-38.97,0.017,0.0000,0.0000,0.0000,0.0000,0.548828,-0.450195,0.698547,0.090393,8.005,81.2,-1
1785797360.896,382,112748,0,0.00000000,0.00000000,0.00,0,0,-38.97,0.019,0.0000,0.0000,0.0000,0.0000,0.548767,-0.450195,0.698547,0.090393,8.002,82.5,-1
1785797361.146,383,112973,0,0.00000000,0.00000000,0.00,0,0,-38.96,0.006,0.0000,0.0000,0.0000,0.0000,0.548767,-0.450256,0.698547,0.090393,8.004,76.2,-1
1785797361.334,384,113186,0,0.00000000,0.00000000,0.00,0,0,-38.99,0.001,0.0000,0.0000,0.0000,0.0000,0.548828,-0.450195,0.698547,0.090393,8.002,73.8,-1
1785797361.585,385,113414,0,0.00000000,0.00000000,0.00,0,0,-38.97,0.008,0.0000,0.0000,0.0000,0.0000,0.548828,-0.450256,0.698547,0.090393,8.004,76.2,-1
1785797361.839,386,113636,0,0.00000000,0.00000000,0.00,0,0,-38.99,-0.011,0.0000,0.0000,0.0000,0.0000,0.548767,-0.450256,0.698547,0.090393,8.004,80.0,-1
1785797362.025,387,113859,0,0.00000000,0.00000000,0.00,0,0,-38.96,0.019,0.0000,0.0000,0.0000,0.0000,0.548828,-0.450195,0.698547,0.090393,8.004,81.2,-1
1785797362.275,388,114086,0,0.00000000,0.00000000,0.00,0,0,-39.07,-0.043,0.0000,0.0000,0.0000,0.0000,0.548828,-0.450195,0.698486,0.090393,8.002,82.5,-1
1785797362.449,389,114306,0,0.00000000,0.00000000,0.00,0,0,-39.02,-0.008,0.0000,0.0000,0.0000,0.0000,0.548950,-0.450195,0.698425,0.090332,8.002,77.5,-1
1785797362.694,390,114524,0,0.00000000,0.00000000,0.00,0,0,-38.97,0.029,0.0000,0.0000,0.0000,0.0000,0.548950,-0.450195,0.698425,0.090393,8.002,72.5,-1
1785797362.943,391,114746,0,0.00000000,0.00000000,0.00,0,0,-38.95,0.040,0.0000,0.0000,0.0000,0.0000,0.548950,-0.450134,0.698425,0.090393,8.002,75.0,-1
1785797363.131,392,114964,0,0.00000000,0.00000000,0.00,0,0,-38.92,0.057,0.0000,0.0000,0.0000,0.0000,0.549011,-0.450195,0.698425,0.090332,8.004,80.0,-1
1785797363.380,393,115178,0,0.00000000,0.00000000,0.00,0,0,-38.97,0.022,0.0000,0.0000,0.0000,0.0000,0.549011,-0.450134,0.698425,0.090393,8.004,78.8,-1
1785797363.568,394,115399,0,0.00000000,0.00000000,0.00,0,0,-38.86,0.085,0.0000,0.0000,0.0000,0.0000,0.549011,-0.450134,0.698425,0.090454,8.004,75.0,-1
1785797363.819,395,115622,0,0.00000000,0.00000000,0.00,0,0,-38.95,0.017,0.0000,0.0000,0.0000,0.0000,0.549011,-0.450134,0.698425,0.090454,8.005,81.2,-1
1785797364.008,396,115849,0,0.00000000,0.00000000,0.00,0,0,-38.90,0.043,0.0000,0.0000,0.0000,0.0000,0.549011,-0.450134,0.698425,0.090454,8.005,77.5,-1
1785797364.258,397,116072,0,0.00000000,0.00000000,0.00,0,0,-38.94,0.028,0.0000,0.0000,0.0000,0.0000,0.549011,-0.450073,0.698425,0.090515,8.002,76.2,-1
1785797364.444,398,116290,0,0.00000000,0.00000000,0.00,0,0,-38.89,0.048,0.0000,0.0000,0.0000,0.0000,0.549072,-0.450073,0.698425,0.090515,8.002,77.5,-1
1785797364.693,399,116517,0,0.00000000,0.00000000,0.00,0,0,-38.90,0.051,0.0000,0.0000,0.0000,0.0000,0.549072,-0.450073,0.698425,0.090515,8.001,80.0,-1
1785797364.941,400,116741,0,0.00000000,0.00000000,0.00,0,0,-38.87,0.058,0.0000,0.0000,0.0000,0.0000,0.549072,-0.450073,0.698425,0.090515,8.005,75.0,-1
1785797365.130,401,116964,0,0.00000000,0.00000000,0.00,0,0,-38.99,-0.030,0.0000,0.0000,0.0000,0.0000,0.549072,-0.450073,0.698364,0.090454,8.002,77.5,-1
1785797365.380,402,117182,0,0.00000000,0.00000000,0.00,0,0,-38.89,0.015,0.0000,0.0000,0.0000,0.0000,0.549072,-0.450073,0.698364,0.090454,8.004,80.0,-1
1785797365.567,403,117400,0,0.00000000,0.00000000,0.00,0,0,-38.87,0.023,0.0000,0.0000,0.0000,0.0000,0.549133,-0.450073,0.698364,0.090454,8.002,81.2,-1
1785797365.817,404,117621,0,0.00000000,0.00000000,0.00,0,0,-38.89,0.017,0.0000,0.0000,0.0000,0.0000,0.549194,-0.450073,0.698303,0.090454,8.004,80.0,-1
1785797366.005,405,117841,0,0.00000000,0.00000000,0.00,0,0,-38.85,0.056,0.0000,0.0000,0.0000,0.0000,0.549133,-0.450073,0.698364,0.090454,8.001,81.2,-1
1785797366.258,406,118060,0,0.00000000,0.00000000,0.00,0,0,-38.83,0.050,0.0000,0.0000,0.0000,0.0000,0.549133,-0.450073,0.698303,0.090454,8.001,82.5,-1
1785797366.445,407,118271,0,0.00000000,0.00000000,0.00,0,0,-38.85,0.023,0.0000,0.0000,0.0000,0.0000,0.549194,-0.450134,0.698303,0.090393,8.004,78.8,-1
1785797366.698,408,118494,0,0.00000000,0.00000000,0.00,0,0,-38.74,0.081,0.0000,0.0000,0.0000,0.0000,0.549133,-0.450134,0.698303,0.090332,8.002,73.8,-1
1785797366.884,409,118711,0,0.00000000,0.00000000,0.00,0,0,-38.83,0.022,0.0000,0.0000,0.0000,0.0000,0.549133,-0.450195,0.698303,0.090271,8.002,80.0,-1
1785797367.137,410,118935,0,0.00000000,0.00000000,0.00,0,0,-38.85,-0.004,0.0000,0.0000,0.0000,0.0000,0.549133,-0.450134,0.698303,0.090332,8.002,76.2,-1
1785797367.325,411,119151,0,0.00000000,0.00000000,0.00,0,0,-38.75,0.037,0.0000,0.0000,0.0000,0.0000,0.549133,-0.450134,0.698364,0.090393,8.004,78.8,-1
1785797367.577,412,119374,0,0.00000000,0.00000000,0.00,0,0,-38.85,-0.024,0.0000,0.0000,0.0000,0.0000,0.549072,-0.450134,0.698364,0.090454,8.002,80.0,-1
1785797367.766,413,119600,0,0.00000000,0.00000000,0.00,0,0,-38.76,0.044,0.0000,0.0000,0.0000,0.0000,0.549133,-0.450134,0.698364,0.090454,8.001,85.0,-1
1785797368.016,414,119827,0,0.00000000,0.00000000,0.00,0,0,-38.87,-0.022,0.0000,0.0000,0.0000,0.0000,0.549133,-0.450134,0.698364,0.090393,8.004,81.2,-1
1785797368.206,415,120050,0,0.00000000,0.00000000,0.00,0,0,-38.86,-0.007,0.0000,0.0000,0.0000,0.0000,0.549133,-0.450134,0.698364,0.090332,8.004,75.0,-1
1785797368.457,416,120269,0,0.00000000,0.00000000,0.00,0,0,-38.83,-0.014,0.0000,0.0000,0.0000,0.0000,0.549194,-0.450134,0.698303,0.090332,8.002,80.0,-1
1785797368.643,417,120485,0,0.00000000,0.00000000,0.00,0,0,-38.77,0.011,0.0000,0.0000,0.0000,0.0000,0.549255,-0.450134,0.698242,0.090332,8.002,85.0,-1
1785797368.887,418,120707,0,0.00000000,0.00000000,0.00,0,0,-38.85,-0.034,0.0000,0.0000,0.0000,0.0000,0.549255,-0.450073,0.698242,0.090393,8.001,82.5,-1
1785797369.075,419,120927,0,0.00000000,0.00000000,0.00,0,0,-38.68,0.063,0.0000,0.0000,0.0000,0.0000,0.549255,-0.450073,0.698303,0.090454,8.001,80.0,-1
1785797369.330,420,121139,0,0.00000000,0.00000000,0.00,0,0,-38.69,0.066,0.0000,0.0000,0.0000,0.0000,0.549194,-0.450073,0.698303,0.090454,8.002,72.5,-1
1785797369.516,421,121360,0,0.00000000,0.00000000,0.00,0,0,-38.71,0.047,0.0000,0.0000,0.0000,0.0000,0.549194,-0.450073,0.698303,0.090393,8.004,72.5,-1
1785797369.768,422,121580,0,0.00000000,0.00000000,0.00,0,0,-38.77,0.024,0.0000,0.0000,0.0000,0.0000,0.549133,-0.450134,0.698303,0.090332,8.001,76.2,-1
1785797369.957,423,121805,0,0.00000000,0.00000000,0.00,0,0,-38.78,0.017,0.0000,0.0000,0.0000,0.0000,0.549133,-0.450134,0.698303,0.090393,8.004,75.0,-1
1785797370.208,424,122030,0,0.00000000,0.00000000,0.00,0,0,-38.78,0.013,0.0000,0.0000,0.0000,0.0000,0.549133,-0.450134,0.698364,0.090454,8.004,78.8,-1
1785797370.393,425,122249,0,0.00000000,0.00000000,0.00,0,0,-38.81,-0.005,0.0000,0.0000,0.0000,0.0000,0.549133,-0.450073,0.698364,0.090454,8.001,82.5,-1
1785797370.645,426,122472,0,0.00000000,0.00000000,0.00,0,0,-38.75,0.016,0.0000,0.0000,0.0000,0.0000,0.549133,-0.450073,0.698364,0.090515,8.001,78.8,-1
1785797370.837,427,122691,0,0.00000000,0.00000000,0.00,0,0,-38.70,0.038,0.0000,0.0000,0.0000,0.0000,0.549194,-0.450073,0.698303,0.090454,8.002,78.8,-1
1785797371.086,428,122909,0,0.00000000,0.00000000,0.00,0,0,-38.78,-0.015,0.0000,0.0000,0.0000,0.0000,0.549255,-0.450012,0.698303,0.090515,8.000,83.8,-1
1785797371.336,429,123156,0,0.00000000,0.00000000,0.00,0,0,-38.79,-0.040,0.0000,0.0000,0.0000,0.0000,0.549255,-0.450012,0.698242,0.090515,8.002,78.8,-1
1785797371.585,430,123385,0,0.00000000,0.00000000,0.00,0,0,-38.77,-0.021,0.0000,0.0000,0.0000,0.0000,0.549255,-0.450012,0.698303,0.090515,8.004,73.8,-1
1785797371.772,431,123602,0,0.00000000,0.00000000,0.00,0,0,-38.77,-0.016,0.0000,0.0000,0.0000,0.0000,0.549255,-0.450012,0.698303,0.090576,7.999,83.8,-1
1785797372.022,432,123824,0,0.00000000,0.00000000,0.00,0,0,-38.71,0.012,0.0000,0.0000,0.0000,0.0000,0.549194,-0.450012,0.698303,0.090576,8.001,72.5,-1
1785797372.207,433,124045,0,0.00000000,0.00000000,0.00,0,0,-38.67,0.015,0.0000,0.0000,0.0000,0.0000,0.549255,-0.450012,0.698303,0.090576,8.002,72.5,-1
1785797372.432,434,124258,0,0.00000000,0.00000000,0.00,0,0,-38.77,-0.045,0.0000,0.0000,0.0000,0.0000,0.549255,-0.450012,0.698303,0.090515,8.002,80.0,-1
1785797372.679,435,124485,0,0.00000000,0.00000000,0.00,0,0,-38.68,0.015,0.0000,0.0000,0.0000,0.0000,0.549255,-0.450073,0.698303,0.090454,8.002,75.0,-1
1785797372.863,436,124705,0,0.00000000,0.00000000,0.00,0,0,-38.78,-0.048,0.0000,0.0000,0.0000,0.0000,0.549194,-0.450073,0.698303,0.090393,8.004,73.8,-1
1785797373.112,437,124926,0,0.00000000,0.00000000,0.00,0,0,-38.69,0.009,0.0000,0.0000,0.0000,0.0000,0.549194,-0.450134,0.698303,0.090393,8.001,77.5,-1
1785797373.298,438,125140,0,0.00000000,0.00000000,0.00,0,0,-38.84,-0.090,0.0000,0.0000,0.0000,0.0000,0.549194,-0.450073,0.698303,0.090454,8.000,78.8,-1
1785797373.549,439,125368,0,0.00000000,0.00000000,0.00,0,0,-38.75,-0.027,0.0000,0.0000,0.0000,0.0000,0.549133,-0.450073,0.698364,0.090454,8.002,77.5,-1
1785797373.736,440,125585,0,0.00000000,0.00000000,0.00,0,0,-38.56,0.084,0.0000,0.0000,0.0000,0.0000,0.549133,-0.450073,0.698303,0.090454,8.004,75.0,-1
1785797373.986,441,125807,0,0.00000000,0.00000000,0.00,0,0,-38.68,0.014,0.0000,0.0000,0.0000,0.0000,0.549133,-0.450073,0.698364,0.090454,8.002,82.5,-1
1785797374.173,442,126029,0,0.00000000,0.00000000,0.00,0,0,-38.72,-0.002,0.0000,0.0000,0.0000,0.0000,0.549133,-0.450073,0.698364,0.090515,8.002,77.5,-1
1785797374.425,443,126246,0,0.00000000,0.00000000,0.00,0,0,-38.78,-0.024,0.0000,0.0000,0.0000,0.0000,0.549133,-0.450073,0.698364,0.090515,8.001,76.2,-1
1785797374.613,444,126469,0,0.00000000,0.00000000,0.00,0,0,-38.71,0.016,0.0000,0.0000,0.0000,0.0000,0.549194,-0.450012,0.698303,0.090576,8.002,76.2,-1
1785797374.862,445,126692,0,0.00000000,0.00000000,0.00,0,0,-38.75,0.001,0.0000,0.0000,0.0000,0.0000,0.549255,-0.450012,0.698303,0.090576,8.001,76.2,-1
1785797375.050,446,126892,0,0.00000000,0.00000000,0.00,0,0,-38.76,-0.006,0.0000,0.0000,0.0000,0.0000,0.549255,-0.449951,0.698303,0.090576,8.004,75.0,-1
1785797375.304,447,127138,0,0.00000000,0.00000000,0.00,0,0,-38.82,-0.044,0.0000,0.0000,0.0000,0.0000,0.549316,-0.449951,0.698242,0.090576,8.002,75.0,-1
1785797375.557,448,127364,0,0.00000000,0.00000000,0.00,0,0,-38.77,-0.006,0.0000,0.0000,0.0000,0.0000,0.549316,-0.450012,0.698242,0.090515,8.001,75.0,-1
1785797375.746,449,127581,0,0.00000000,0.00000000,0.00,0,0,-38.89,-0.083,0.0000,0.0000,0.0000,0.0000,0.549316,-0.450073,0.698242,0.090454,8.001,80.0,-1
1785797375.995,450,127802,0,0.00000000,0.00000000,0.00,0,0,-38.79,-0.032,0.0000,0.0000,0.0000,0.0000,0.549255,-0.450073,0.698242,0.090454,8.002,77.5,-1
1785797376.181,451,128021,0,0.00000000,0.00000000,0.00,0,0,-38.71,0.026,0.0000,0.0000,0.0000,0.0000,0.549255,-0.450073,0.698242,0.090454,8.004,77.5,-1
1785797376.428,452,128237,0,0.00000000,0.00000000,0.00,0,0,-38.89,-0.077,0.0000,0.0000,0.0000,0.0000,0.549316,-0.450073,0.698242,0.090454,8.004,72.5,-1
1785797376.617,453,128463,0,0.00000000,0.00000000,0.00,0,0,-38.83,-0.018,0.0000,0.0000,0.0000,0.0000,0.549255,-0.450012,0.698303,0.090515,8.004,81.2,-1
1785797376.871,454,128684,0,0.00000000,0.00000000,0.00,0,0,-38.83,-0.006,0.0000,0.0000,0.0000,0.0000,0.549194,-0.450073,0.698303,0.090454,8.005,78.8,-1
1785797377.060,455,128904,0,0.00000000,0.00000000,0.00,0,0,-38.83,-0.010,0.0000,0.0000,0.0000,0.0000,0.549255,-0.450073,0.698303,0.090393,8.004,73.8,-1
1785797377.313,456,129150,0,0.00000000,0.00000000,0.00,0,0,-38.79,0.019,0.0000,0.0000,0.0000,0.0000,0.549255,-0.450134,0.698242,0.090393,8.004,71.2,-1
1785797377.566,457,129377,0,0.00000000,0.00000000,0.00,0,0,-38.79,0.010,0.0000,0.0000,0.0000,0.0000,0.549316,-0.450073,0.698242,0.090393,8.004,75.0,-1
1785797377.755,458,129594,0,0.00000000,0.00000000,0.00,0,0,-38.76,0.044,0.0000,0.0000,0.0000,0.0000,0.549377,-0.450073,0.698181,0.090393,8.004,76.2,-1
1785797378.006,459,129812,0,0.00000000,0.00000000,0.00,0,0,-38.89,-0.066,0.0000,0.0000,0.0000,0.0000,0.549377,-0.450012,0.698181,0.090454,8.002,80.0,-1
1785797378.193,460,130036,0,0.00000000,0.00000000,0.00,0,0,-38.97,-0.094,0.0000,0.0000,0.0000,0.0000,0.549377,-0.450012,0.698181,0.090454,8.002,76.2,-1
1785797378.443,461,130246,0,0.00000000,0.00000000,0.00,0,0,-38.96,-0.089,0.0000,0.0000,0.0000,0.0000,0.549438,-0.450012,0.698181,0.090454,8.000,78.8,-1
1785797378.635,462,130467,0,0.00000000,0.00000000,0.00,0,0,-38.97,-0.083,0.0000,0.0000,0.0000,0.0000,0.549377,-0.450012,0.698181,0.090515,8.005,76.2,-1
1785797378.882,463,130692,0,0.00000000,0.00000000,0.00,0,0,-38.93,-0.044,0.0000,0.0000,0.0000,0.0000,0.549377,-0.450012,0.698181,0.090515,8.004,73.8,-1
1785797379.070,464,130916,0,0.00000000,0.00000000,0.00,0,0,-39.01,-0.089,0.0000,0.0000,0.0000,0.0000,0.549438,-0.450012,0.698181,0.090454,8.004,75.0,-1
1785797379.319,465,131128,0,0.00000000,0.00000000,0.00,0,0,-38.91,-0.023,0.0000,0.0000,0.0000,0.0000,0.549377,-0.450012,0.698181,0.090454,8.004,82.5,-1
1785797379.504,466,131355,0,0.00000000,0.00000000,0.00,0,0,-38.97,-0.077,0.0000,0.0000,0.0000,0.0000,0.549377,-0.450012,0.698242,0.090454,8.004,77.5,-1
1785797379.755,467,131577,0,0.00000000,0.00000000,0.00,0,0,-39.02,-0.098,0.0000,0.0000,0.0000,0.0000,0.549316,-0.450073,0.698242,0.090454,8.001,75.0,-1
1785797379.943,468,131799,0,0.00000000,0.00000000,0.00,0,0,-39.04,-0.104,0.0000,0.0000,0.0000,0.0000,0.549255,-0.450195,0.698181,0.090393,8.004,76.2,-1
1785797380.193,469,132018,0,0.00000000,0.00000000,0.00,0,0,-39.14,-0.139,0.0000,0.0000,0.0000,0.0000,0.549133,-0.450195,0.698242,0.090515,8.001,77.5,-1
1785797380.381,470,132234,0,0.00000000,0.00000000,0.00,0,0,-39.05,-0.068,0.0000,0.0000,0.0000,0.0000,0.549194,-0.450134,0.698242,0.090576,8.002,76.2,-1
1785797380.632,471,132459,0,0.00000000,0.00000000,0.00,0,0,-39.15,-0.120,0.0000,0.0000,0.0000,0.0000,0.549255,-0.450134,0.698242,0.090515,8.002,75.0,-1
1785797380.880,472,132680,0,0.00000000,0.00000000,0.00,0,0,-39.10,-0.085,0.0000,0.0000,0.0000,0.0000,0.549255,-0.450134,0.698181,0.090454,8.001,75.0,-1
1785797381.067,473,132904,0,0.00000000,0.00000000,0.00,0,0,-39.06,-0.060,0.0000,0.0000,0.0000,0.0000,0.549316,-0.450134,0.698181,0.090454,8.004,75.0,-1
1785797381.318,474,133145,0,0.00000000,0.00000000,0.00,0,0,-39.20,-0.116,0.0000,0.0000,0.0000,0.0000,0.549377,-0.450134,0.698120,0.090454,8.004,76.2,-1
1785797381.568,475,133362,0,0.00000000,0.00000000,0.00,0,0,-39.19,-0.103,0.0000,0.0000,0.0000,0.0000,0.549377,-0.450134,0.698120,0.090454,8.004,77.5,-1
1785797381.756,476,133582,0,0.00000000,0.00000000,0.00,0,0,-39.13,-0.042,0.0000,0.0000,0.0000,0.0000,0.549377,-0.450134,0.698120,0.090515,8.002,78.8,-1
1785797382.002,477,133806,0,0.00000000,0.00000000,0.00,0,0,-39.19,-0.071,0.0000,0.0000,0.0000,0.0000,0.549377,-0.450134,0.698120,0.090454,8.002,76.2,-1
1785797382.190,478,134025,0,0.00000000,0.00000000,0.00,0,0,-39.31,-0.146,0.0000,0.0000,0.0000,0.0000,0.549316,-0.450134,0.698181,0.090393,8.002,80.0,-1
1785797382.440,479,134238,0,0.00000000,0.00000000,0.00,0,0,-39.19,-0.070,0.0000,0.0000,0.0000,0.0000,0.549255,-0.450195,0.698181,0.090393,8.002,77.5,-1
1785797382.626,480,134464,0,0.00000000,0.00000000,0.00,0,0,-39.22,-0.062,0.0000,0.0000,0.0000,0.0000,0.549255,-0.450073,0.698242,0.090454,8.002,76.2,-1
1785797382.876,481,134688,0,0.00000000,0.00000000,0.00,0,0,-39.19,-0.035,0.0000,0.0000,0.0000,0.0000,0.549194,-0.450134,0.698303,0.090515,8.002,71.2,-1
1785797383.062,482,134907,0,0.00000000,0.00000000,0.00,0,0,-39.22,-0.052,0.0000,0.0000,0.0000,0.0000,0.549194,-0.450073,0.698303,0.090515,8.001,70.0,-1
1785797383.312,483,135148,0,0.00000000,0.00000000,0.00,0,0,-39.22,-0.058,0.0000,0.0000,0.0000,0.0000,0.549255,-0.450073,0.698242,0.090515,8.002,70.0,-1
1785797383.562,484,135370,0,0.00000000,0.00000000,0.00,0,0,-39.31,-0.112,0.0000,0.0000,0.0000,0.0000,0.549255,-0.450012,0.698242,0.090576,8.006,76.2,-1
1785797383.753,485,135587,0,0.00000000,0.00000000,0.00,0,0,-39.24,-0.070,0.0000,0.0000,0.0000,0.0000,0.549255,-0.450073,0.698242,0.090576,8.006,80.0,-1
1785797384.001,486,135809,0,0.00000000,0.00000000,0.00,0,0,-39.16,-0.004,0.0000,0.0000,0.0000,0.0000,0.549255,-0.450012,0.698303,0.090515,8.005,71.2,-1
1785797384.189,487,136031,0,0.00000000,0.00000000,0.00,0,0,-39.24,-0.053,0.0000,0.0000,0.0000,0.0000,0.549377,-0.450012,0.698181,0.090515,8.005,71.2,-1
1785797384.441,488,136243,0,0.00000000,0.00000000,0.00,0,0,-39.38,-0.086,0.0000,0.0000,0.0000,0.0000,0.549377,-0.450012,0.698181,0.090576,8.002,78.8,-1
1785797384.629,489,136470,0,0.00000000,0.00000000,0.00,0,0,-39.29,-0.021,0.0000,0.0000,0.0000,0.0000,0.549377,-0.450012,0.698242,0.090515,8.002,73.8,-1
1785797384.873,490,136692,0,0.00000000,0.00000000,0.00,0,0,-39.25,0.021,0.0000,0.0000,0.0000,0.0000,0.549377,-0.450073,0.698181,0.090515,8.004,73.8,-1
1785797385.060,491,136909,0,0.00000000,0.00000000,0.00,0,0,-39.22,0.032,0.0000,0.0000,0.0000,0.0000,0.549377,-0.450073,0.698120,0.090454,8.004,78.8,-1
1785797385.310,492,137154,0,0.00000000,0.00000000,0.00,0,0,-39.32,-0.035,0.0000,0.0000,0.0000,0.0000,0.549438,-0.450073,0.698120,0.090454,8.002,76.2,-1
1785797385.559,493,137381,0,0.00000000,0.00000000,0.00,0,0,-39.31,-0.033,0.0000,0.0000,0.0000,0.0000,0.549438,-0.450073,0.698120,0.090454,8.002,81.2,-1
1785797385.747,494,137600,0,0.00000000,0.00000000,0.00,0,0,-39.22,0.034,0.0000,0.0000,0.0000,0.0000,0.549438,-0.450073,0.698120,0.090454,7.999,87.5,-1
1785797385.999,495,137824,0,0.00000000,0.00000000,0.00,0,0,-39.21,0.034,0.0000,0.0000,0.0000,0.0000,0.549438,-0.450012,0.698120,0.090515,8.001,76.2,-1
1785797386.249,496,138045,0,0.00000000,0.00000000,0.00,0,0,-39.18,0.049,0.0000,0.0000,0.0000,0.0000,0.549438,-0.450012,0.698181,0.090576,8.004,80.0,-1
1785797386.438,497,138263,0,0.00000000,0.00000000,0.00,0,0,-39.25,-0.006,0.0000,0.0000,0.0000,0.0000,0.549438,-0.450073,0.698120,0.090515,8.000,83.8,-1
1785797386.690,498,138487,0,0.00000000,0.00000000,0.00,0,0,-39.26,-0.013,0.0000,0.0000,0.0000,0.0000,0.549438,-0.450012,0.698120,0.090576,8.001,78.8,-1
1785797386.877,499,138712,0,0.00000000,0.00000000,0.00,0,0,-39.16,0.047,0.0000,0.0000,0.0000,0.0000,0.549438,-0.449951,0.698181,0.090637,8.000,81.2,-1
1785797387.128,500,138936,0,0.00000000,0.00000000,0.00,0,0,-39.21,-0.001,0.0000,0.0000,0.0000,0.0000,0.549438,-0.449951,0.698181,0.090698,8.002,81.2,-1
1785797387.314,501,139145,0,0.00000000,0.00000000,0.00,0,0,-39.15,0.001,0.0000,0.0000,0.0000,0.0000,0.549438,-0.449951,0.698181,0.090637,8.004,76.2,-1
1785797387.508,502,139365,0,0.00000000,0.00000000,0.00,0,0,-39.13,0.016,0.0000,0.0000,0.0000,0.0000,0.549500,-0.449951,0.698120,0.090637,8.001,80.0,-1
1785797387.754,503,139587,0,0.00000000,0.00000000,0.00,0,0,-39.07,0.061,0.0000,0.0000,0.0000,0.0000,0.549500,-0.450012,0.698120,0.090576,8.004,82.5,-1
1785797388.010,504,139807,0,0.00000000,0.00000000,0.00,0,0,-39.09,0.032,0.0000,0.0000,0.0000,0.0000,0.549438,-0.450012,0.698120,0.090576,8.004,81.2,-1
1785797388.199,505,140027,0,0.00000000,0.00000000,0.00,0,0,-39.04,0.060,0.0000,0.0000,0.0000,0.0000,0.549438,-0.449951,0.698181,0.090637,8.001,80.0,-1
1785797388.387,506,140241,0,0.00000000,0.00000000,0.00,0,0,-39.10,0.030,0.0000,0.0000,0.0000,0.0000,0.549438,-0.449951,0.698181,0.090637,8.001,76.2,-1
1785797388.640,507,140469,0,0.00000000,0.00000000,0.00,0,0,-39.02,0.048,0.0000,0.0000,0.0000,0.0000,0.549438,-0.449890,0.698181,0.090698,8.004,73.8,-1
1785797388.894,508,140694,0,0.00000000,0.00000000,0.00,0,0,-38.94,0.083,0.0000,0.0000,0.0000,0.0000,0.549438,-0.449829,0.698242,0.090698,8.004,80.0,-1
1785797389.082,509,140920,0,0.00000000,0.00000000,0.00,0,0,-38.96,0.061,0.0000,0.0000,0.0000,0.0000,0.549438,-0.449829,0.698242,0.090576,8.004,76.2,-1
1785797389.333,510,141133,0,0.00000000,0.00000000,0.00,0,0,-38.90,0.102,0.0000,0.0000,0.0000,0.0000,0.549377,-0.449951,0.698242,0.090454,8.002,83.8,-1
1785797389.519,511,141360,0,0.00000000,0.00000000,0.00,0,0,-38.84,0.122,0.0000,0.0000,0.0000,0.0000,0.549377,-0.449890,0.698242,0.090393,8.002,77.5,-1
1785797389.770,512,141582,0,0.00000000,0.00000000,0.00,0,0,-38.85,0.110,0.0000,0.0000,0.0000,0.0000,0.549438,-0.449890,0.698242,0.090393,8.001,77.5,-1
1785797389.957,513,141800,0,0.00000000,0.00000000,0.00,0,0,-38.79,0.130,0.0000,0.0000,0.0000,0.0000,0.549438,-0.449890,0.698242,0.090393,8.001,78.8,-1
1785797390.207,514,142021,0,0.00000000,0.00000000,0.00,0,0,-38.79,0.107,0.0000,0.0000,0.0000,0.0000,0.549438,-0.449890,0.698242,0.090393,8.002,77.5,-1
1785797390.395,515,142236,0,0.00000000,0.00000000,0.00,0,0,-38.77,0.114,0.0000,0.0000,0.0000,0.0000,0.549500,-0.449890,0.698242,0.090332,8.002,80.0,-1
1785797390.648,516,142464,0,0.00000000,0.00000000,0.00,0,0,-38.84,0.050,0.0000,0.0000,0.0000,0.0000,0.549500,-0.449951,0.698181,0.090332,8.004,77.5,-1
1785797390.898,517,142692,0,0.00000000,0.00000000,0.00,0,0,-38.61,0.181,0.0000,0.0000,0.0000,0.0000,0.549438,-0.449951,0.698242,0.090271,8.002,83.8,-1
1785797391.086,518,142912,0,0.00000000,0.00000000,0.00,0,0,-38.67,0.136,0.0000,0.0000,0.0000,0.0000,0.549438,-0.449951,0.698242,0.090271,8.001,83.8,-1
1785797391.336,519,143157,0,0.00000000,0.00000000,0.00,0,0,-38.62,0.117,0.0000,0.0000,0.0000,0.0000,0.549438,-0.449951,0.698242,0.090332,8.002,80.0,-1
1785797391.588,520,143383,0,0.00000000,0.00000000,0.00,0,0,-38.61,0.100,0.0000,0.0000,0.0000,0.0000,0.549438,-0.449890,0.698242,0.090393,8.002,78.8,-1
1785797391.773,521,143606,0,0.00000000,0.00000000,0.00,0,0,-38.68,0.029,0.0000,0.0000,0.0000,0.0000,0.549438,-0.449890,0.698242,0.090454,8.000,82.5,-1
1785797392.024,522,143825,0,0.00000000,0.00000000,0.00,0,0,-38.49,0.147,0.0000,0.0000,0.0000,0.0000,0.549438,-0.449829,0.698242,0.090454,8.002,77.5,-1
1785797392.212,523,144048,0,0.00000000,0.00000000,0.00,0,0,-38.55,0.091,0.0000,0.0000,0.0000,0.0000,0.549438,-0.449829,0.698303,0.090515,8.001,76.2,-1
1785797392.459,524,144269,0,0.00000000,0.00000000,0.00,0,0,-38.50,0.128,0.0000,0.0000,0.0000,0.0000,0.549438,-0.449768,0.698242,0.090576,8.000,77.5,-1
1785797392.646,525,144494,0,0.00000000,0.00000000,0.00,0,0,-38.42,0.162,0.0000,0.0000,0.0000,0.0000,0.549500,-0.449768,0.698242,0.090515,8.000,82.5,-1
1785797392.893,526,144719,0,0.00000000,0.00000000,0.00,0,0,-38.50,0.078,0.0000,0.0000,0.0000,0.0000,0.549500,-0.449829,0.698242,0.090454,8.004,77.5,-1
1785797393.082,527,144937,0,0.00000000,0.00000000,0.00,0,0,-38.46,0.099,0.0000,0.0000,0.0000,0.0000,0.549500,-0.449829,0.698181,0.090454,8.004,83.8,-1
1785797393.331,528,145153,0,0.00000000,0.00000000,0.00,0,0,-38.38,0.110,0.0000,0.0000,0.0000,0.0000,0.549500,-0.449829,0.698242,0.090454,8.001,80.0,-1
1785797393.581,529,145380,0,0.00000000,0.00000000,0.00,0,0,-38.42,0.082,0.0000,0.0000,0.0000,0.0000,0.549438,-0.449829,0.698242,0.090454,8.005,80.0,-1
1785797393.771,530,145599,0,0.00000000,0.00000000,0.00,0,0,-38.51,0.005,0.0000,0.0000,0.0000,0.0000,0.549438,-0.449829,0.698242,0.090515,8.001,82.5,-1
1785797394.023,531,145821,0,0.00000000,0.00000000,0.00,0,0,-38.54,-0.022,0.0000,0.0000,0.0000,0.0000,0.549500,-0.449768,0.698242,0.090576,8.004,77.5,-1
1785797394.209,532,146039,0,0.00000000,0.00000000,0.00,0,0,-38.48,0.024,0.0000,0.0000,0.0000,0.0000,0.549500,-0.449829,0.698242,0.090515,8.002,81.2,-1
1785797394.401,533,146251,0,0.00000000,0.00000000,0.00,0,0,-38.63,-0.072,0.0000,0.0000,0.0000,0.0000,0.549561,-0.449829,0.698181,0.090454,8.005,80.0,-1
1785797394.648,534,146470,0,0.00000000,0.00000000,0.00,0,0,-38.59,-0.035,0.0000,0.0000,0.0000,0.0000,0.549500,-0.449829,0.698181,0.090454,8.004,73.8,-1
1785797394.900,535,146693,0,0.00000000,0.00000000,0.00,0,0,-38.50,0.033,0.0000,0.0000,0.0000,0.0000,0.549500,-0.449829,0.698242,0.090454,8.004,77.5,-1
1785797395.089,536,146910,0,0.00000000,0.00000000,0.00,0,0,-38.47,0.052,0.0000,0.0000,0.0000,0.0000,0.549500,-0.449829,0.698242,0.090454,8.004,76.2,-1
1785797395.341,537,147156,0,0.00000000,0.00000000,0.00,0,0,-38.44,0.070,0.0000,0.0000,0.0000,0.0000,0.549500,-0.449890,0.698242,0.090393,8.002,78.8,-1
1785797395.530,538,147384,0,0.00000000,0.00000000,0.00,0,0,-38.47,0.046,0.0000,0.0000,0.0000,0.0000,0.549500,-0.449829,0.698242,0.090454,8.004,78.8,-1
1785797395.782,539,147603,0,0.00000000,0.00000000,0.00,0,0,-38.52,0.009,0.0000,0.0000,0.0000,0.0000,0.549500,-0.449890,0.698242,0.090393,8.002,86.2,-1
1785797396.030,540,147825,0,0.00000000,0.00000000,0.00,0,0,-38.52,0.010,0.0000,0.0000,0.0000,0.0000,0.549500,-0.449890,0.698242,0.090393,8.007,78.8,-1
1785797396.220,541,148049,0,0.00000000,0.00000000,0.00,0,0,-38.50,0.006,0.0000,0.0000,0.0000,0.0000,0.549438,-0.449829,0.698242,0.090454,8.005,76.2,-1
1785797396.472,542,148268,0,0.00000000,0.00000000,0.00,0,0,-38.57,-0.042,0.0000,0.0000,0.0000,0.0000,0.549438,-0.449829,0.698242,0.090515,8.004,76.2,-1
1785797396.661,543,148493,0,0.00000000,0.00000000,0.00,0,0,-38.57,-0.054,0.0000,0.0000,0.0000,0.0000,0.549438,-0.449829,0.698242,0.090515,8.004,78.8,-1
1785797396.911,544,148714,0,0.00000000,0.00000000,0.00,0,0,-38.51,-0.015,0.0000,0.0000,0.0000,0.0000,0.549438,-0.449829,0.698303,0.090515,8.002,77.5,-1
1785797397.098,545,148935,0,0.00000000,0.00000000,0.00,0,0,-38.58,-0.046,0.0000,0.0000,0.0000,0.0000,0.549438,-0.449829,0.698303,0.090515,8.002,80.0,-1
1785797397.347,546,149148,0,0.00000000,0.00000000,0.00,0,0,-38.49,0.014,0.0000,0.0000,0.0000,0.0000,0.549438,-0.449768,0.698303,0.090576,8.004,81.2,-1
1785797397.532,547,149369,0,0.00000000,0.00000000,0.00,0,0,-38.53,-0.012,0.0000,0.0000,0.0000,0.0000,0.549438,-0.449768,0.698303,0.090576,8.002,83.8,-1
1785797397.780,548,149591,0,0.00000000,0.00000000,0.00,0,0,-38.62,-0.074,0.0000,0.0000,0.0000,0.0000,0.549500,-0.449768,0.698303,0.090637,8.004,78.8,-1
1785797397.968,549,149818,0,0.00000000,0.00000000,0.00,0,0,-38.59,-0.044,0.0000,0.0000,0.0000,0.0000,0.549561,-0.449707,0.698242,0.090637,8.004,76.2,-1
1785797398.221,550,150041,0,0.00000000,0.00000000,0.00,0,0,-38.67,-0.089,0.0000,0.0000,0.0000,0.0000,0.549561,-0.449707,0.698242,0.090637,8.005,77.5,-1
1785797398.411,551,150260,0,0.00000000,0.00000000,0.00,0,0,-38.63,-0.063,0.0000,0.0000,0.0000,0.0000,0.549561,-0.449707,0.698242,0.090637,8.002,77.5,-1
1785797398.663,552,150477,0,0.00000000,0.00000000,0.00,0,0,-38.67,-0.069,0.0000,0.0000,0.0000,0.0000,0.549500,-0.449707,0.698242,0.090637,8.004,76.2,-1
1785797398.851,553,150701,0,0.00000000,0.00000000,0.00,0,0,-38.75,-0.090,0.0000,0.0000,0.0000,0.0000,0.549500,-0.449768,0.698242,0.090515,8.002,75.0,-1
1785797399.101,554,150922,0,0.00000000,0.00000000,0.00,0,0,-38.68,-0.019,0.0000,0.0000,0.0000,0.0000,0.549500,-0.449768,0.698242,0.090576,8.002,75.0,-1
1785797399.289,555,151135,0,0.00000000,0.00000000,0.00,0,0,-38.75,-0.042,0.0000,0.0000,0.0000,0.0000,0.549500,-0.449768,0.698242,0.090576,8.004,78.8,-1
1785797399.544,556,151359,0,0.00000000,0.00000000,0.00,0,0,-38.67,0.010,0.0000,0.0000,0.0000,0.0000,0.549500,-0.449768,0.698242,0.090576,8.002,77.5,-1
1785797399.734,557,151581,0,0.00000000,0.00000000,0.00,0,0,-38.82,-0.095,0.0000,0.0000,0.0000,0.0000,0.549500,-0.449829,0.698242,0.090515,8.002,72.5,-1
1785797399.983,558,151803,0,0.00000000,0.00000000,0.00,0,0,-38.60,0.047,0.0000,0.0000,0.0000,0.0000,0.549500,-0.449829,0.698242,0.090515,8.004,77.5,-1
1785797400.172,559,152026,0,0.00000000,0.00000000,0.00,0,0,-38.77,-0.041,0.0000,0.0000,0.0000,0.0000,0.549500,-0.449829,0.698242,0.090454,8.004,70.0,-1
1785797400.422,560,152245,0,0.00000000,0.00000000,0.00,0,0,-38.82,-0.070,0.0000,0.0000,0.0000,0.0000,0.549500,-0.449890,0.698242,0.090393,8.005,73.8,-1
1785797400.671,561,152463,0,0.00000000,0.00000000,0.00,0,0,-38.74,-0.023,0.0000,0.0000,0.0000,0.0000,0.549561,-0.449829,0.698181,0.090393,8.004,71.2,-1
1785797400.861,562,152688,0,0.00000000,0.00000000,0.00,0,0,-38.81,-0.070,0.0000,0.0000,0.0000,0.0000,0.549500,-0.449829,0.698181,0.090454,8.002,80.0,-1
1785797401.112,563,152912,0,0.00000000,0.00000000,0.00,0,0,-38.77,-0.035,0.0000,0.0000,0.0000,0.0000,0.549500,-0.449829,0.698242,0.090454,8.001,81.2,-1
1785797401.364,564,153160,0,0.00000000,0.00000000,0.00,0,0,-38.83,-0.045,0.0000,0.0000,0.0000,0.0000,0.549500,-0.449829,0.698242,0.090515,8.002,76.2,-1
1785797401.553,565,153386,0,0.00000000,0.00000000,0.00,0,0,-38.83,-0.037,0.0000,0.0000,0.0000,0.0000,0.549500,-0.449829,0.698242,0.090515,8.002,75.0,-1
1785797401.804,566,153605,0,0.00000000,0.00000000,0.00,0,0,-38.90,-0.062,0.0000,0.0000,0.0000,0.0000,0.549438,-0.449829,0.698242,0.090515,8.004,81.2,-1
1785797401.992,567,153825,0,0.00000000,0.00000000,0.00,0,0,-39.02,-0.137,0.0000,0.0000,0.0000,0.0000,0.549438,-0.449829,0.698242,0.090454,8.002,72.5,-1
1785797402.239,568,154047,0,0.00000000,0.00000000,0.00,0,0,-38.96,-0.082,0.0000,0.0000,0.0000,0.0000,0.549438,-0.449829,0.698242,0.090454,8.004,81.2,-1
1785797402.430,569,154255,0,0.00000000,0.00000000,0.00,0,0,-39.08,-0.153,0.0000,0.0000,0.0000,0.0000,0.549561,-0.449829,0.698181,0.090454,8.004,77.5,-1
1785797402.680,570,154480,0,0.00000000,0.00000000,0.00,0,0,-38.91,-0.026,0.0000,0.0000,0.0000,0.0000,0.549561,-0.449829,0.698181,0.090454,8.004,76.2,-1
1785797402.871,571,154698,0,0.00000000,0.00000000,0.00,0,0,-38.91,-0.029,0.0000,0.0000,0.0000,0.0000,0.549561,-0.449768,0.698181,0.090515,8.002,75.0,-1
1785797403.120,572,154918,0,0.00000000,0.00000000,0.00,0,0,-39.04,-0.121,0.0000,0.0000,0.0000,0.0000,0.549500,-0.449768,0.698242,0.090515,8.001,77.5,-1
1785797403.309,573,155162,0,0.00000000,0.00000000,0.00,0,0,-38.97,-0.074,0.0000,0.0000,0.0000,0.0000,0.549500,-0.449768,0.698242,0.090515,8.002,76.2,-1
1785797403.555,574,155378,0,0.00000000,0.00000000,0.00,0,0,-39.10,-0.157,0.0000,0.0000,0.0000,0.0000,0.549500,-0.449829,0.698242,0.090454,8.001,78.8,-1
1785797403.804,575,155599,0,0.00000000,0.00000000,0.00,0,0,-39.04,-0.097,0.0000,0.0000,0.0000,0.0000,0.549500,-0.449829,0.698242,0.090393,8.000,81.2,-1
1785797403.993,576,155821,0,0.00000000,0.00000000,0.00,0,0,-39.04,-0.074,0.0000,0.0000,0.0000,0.0000,0.549500,-0.449890,0.698181,0.090393,8.001,77.5,-1
1785797404.239,577,156043,0,0.00000000,0.00000000,0.00,0,0,-38.97,-0.024,0.0000,0.0000,0.0000,0.0000,0.549561,-0.449829,0.698181,0.090454,8.001,75.0,-1
1785797404.425,578,156265,0,0.00000000,0.00000000,0.00,0,0,-39.12,-0.089,0.0000,0.0000,0.0000,0.0000,0.549561,-0.449829,0.698181,0.090454,8.002,73.8,-1
1785797404.674,579,156493,0,0.00000000,0.00000000,0.00,0,0,-39.08,-0.055,0.0000,0.0000,0.0000,0.0000,0.549500,-0.449768,0.698242,0.090576,8.004,76.2,-1
1785797404.862,580,156713,0,0.00000000,0.00000000,0.00,0,0,-38.98,0.010,0.0000,0.0000,0.0000,0.0000,0.549500,-0.449768,0.698242,0.090576,8.005,76.2,-1
1785797405.109,581,156932,0,0.00000000,0.00000000,0.00,0,0,-39.03,-0.020,0.0000,0.0000,0.0000,0.0000,0.549500,-0.449768,0.698242,0.090576,8.004,81.2,-1
1785797405.297,582,157149,0,0.00000000,0.00000000,0.00,0,0,-39.08,-0.042,0.0000,0.0000,0.0000,0.0000,0.549500,-0.449768,0.698242,0.090576,8.004,80.0,-1
1785797405.545,583,157375,0,0.00000000,0.00000000,0.00,0,0,-39.12,-0.074,0.0000,0.0000,0.0000,0.0000,0.549561,-0.449768,0.698242,0.090515,8.002,72.5,-1
1785797405.796,584,157594,0,0.00000000,0.00000000,0.00,0,0,-39.05,-0.015,0.0000,0.0000,0.0000,0.0000,0.549561,-0.449829,0.698181,0.090454,8.001,80.0,-1
1785797405.983,585,157819,0,0.00000000,0.00000000,0.00,0,0,-39.04,-0.017,0.0000,0.0000,0.0000,0.0000,0.549500,-0.449829,0.698242,0.090454,8.001,75.0,-1
1785797406.233,586,158042,0,0.00000000,0.00000000,0.00,0,0,-39.02,0.015,0.0000,0.0000,0.0000,0.0000,0.549500,-0.449829,0.698242,0.090515,8.001,81.2,-1
1785797406.422,587,158255,0,0.00000000,0.00000000,0.00,0,0,-39.06,0.001,0.0000,0.0000,0.0000,0.0000,0.549500,-0.449829,0.698242,0.090515,8.001,72.5,-1
1785797406.667,588,158474,0,0.00000000,0.00000000,0.00,0,0,-39.07,-0.002,0.0000,0.0000,0.0000,0.0000,0.549561,-0.449768,0.698181,0.090576,8.002,78.8,-1
1785797406.855,589,158697,0,0.00000000,0.00000000,0.00,0,0,-39.01,0.034,0.0000,0.0000,0.0000,0.0000,0.549561,-0.449768,0.698181,0.090515,8.001,76.2,-1
1785797407.107,590,158918,0,0.00000000,0.00000000,0.00,0,0,-39.04,0.002,0.0000,0.0000,0.0000,0.0000,0.549622,-0.449768,0.698181,0.090515,8.001,76.2,-1
1785797407.294,591,159134,0,0.00000000,0.00000000,0.00,0,0,-39.08,-0.022,0.0000,0.0000,0.0000,0.0000,0.549622,-0.449768,0.698120,0.090454,8.001,80.0,-1
1785797407.544,592,159358,0,0.00000000,0.00000000,0.00,0,0,-39.15,-0.074,0.0000,0.0000,0.0000,0.0000,0.549683,-0.449768,0.698120,0.090454,8.004,78.8,-1
1785797407.733,593,159576,0,0.00000000,0.00000000,0.00,0,0,-39.15,-0.071,0.0000,0.0000,0.0000,0.0000,0.549744,-0.449768,0.698059,0.090454,8.002,80.0,-1
1785797407.985,594,159799,0,0.00000000,0.00000000,0.00,0,0,-39.02,0.039,0.0000,0.0000,0.0000,0.0000,0.549744,-0.449768,0.698120,0.090515,8.005,77.5,-1
1785797408.172,595,160017,0,0.00000000,0.00000000,0.00,0,0,-39.04,0.015,0.0000,0.0000,0.0000,0.0000,0.549744,-0.449707,0.698120,0.090576,8.005,78.8,-1
1785797408.423,596,160234,0,0.00000000,0.00000000,0.00,0,0,-38.99,0.066,0.0000,0.0000,0.0000,0.0000,0.549744,-0.449707,0.698120,0.090576,8.002,78.8,-1
1785797408.610,597,160462,0,0.00000000,0.00000000,0.00,0,0,-39.01,0.057,0.0000,0.0000,0.0000,0.0000,0.549744,-0.449646,0.698120,0.090637,8.002,77.5,-1
1785797408.861,598,160679,0,0.00000000,0.00000000,0.00,0,0,-39.01,0.048,0.0000,0.0000,0.0000,0.0000,0.549744,-0.449646,0.698120,0.090637,8.002,78.8,-1
1785797409.047,599,160899,0,0.00000000,0.00000000,0.00,0,0,-39.01,0.051,0.0000,0.0000,0.0000,0.0000,0.549805,-0.449646,0.698120,0.090698,8.001,80.0,-1
1785797409.298,600,161146,0,0.00000000,0.00000000,0.00,0,0,-39.07,0.006,0.0000,0.0000,0.0000,0.0000,0.549805,-0.449646,0.698120,0.090637,8.001,80.0,-1
1785797409.547,601,161374,0,0.00000000,0.00000000,0.00,0,0,-39.10,-0.018,0.0000,0.0000,0.0000,0.0000,0.549805,-0.449646,0.698059,0.090576,8.004,80.0,-1
1785797409.794,602,161593,0,0.00000000,0.00000000,0.00,0,0,-39.07,0.004,0.0000,0.0000,0.0000,0.0000,0.549805,-0.449585,0.698120,0.090698,8.004,78.8,-1
1785797409.984,603,161814,0,0.00000000,0.00000000,0.00,0,0,-39.06,0.012,0.0000,0.0000,0.0000,0.0000,0.549805,-0.449524,0.698181,0.090637,8.004,78.8,-1
1785797410.235,604,162039,0,0.00000000,0.00000000,0.00,0,0,-39.06,-0.013,0.0000,0.0000,0.0000,0.0000,0.549805,-0.449463,0.698181,0.090637,8.002,80.0,-1
1785797410.424,605,162256,0,0.00000000,0.00000000,0.00,0,0,-38.86,0.083,0.0000,0.0000,0.0000,0.0000,0.549866,-0.449463,0.698120,0.090454,8.001,75.0,-1
1785797410.673,606,162477,0,0.00000000,0.00000000,0.00,0,0,-39.05,-0.032,0.0000,0.0000,0.0000,0.0000,0.549866,-0.449402,0.698181,0.090515,8.004,75.0,-1
1785797410.859,607,162702,0,0.00000000,0.00000000,0.00,0,0,-38.99,0.006,0.0000,0.0000,0.0000,0.0000,0.549866,-0.449402,0.698181,0.090515,8.002,77.5,-1
1785797411.110,608,162927,0,0.00000000,0.00000000,0.00,0,0,-38.92,0.032,0.0000,0.0000,0.0000,0.0000,0.549866,-0.449402,0.698242,0.090515,8.002,75.0,-1
1785797411.296,609,163143,0,0.00000000,0.00000000,0.00,0,0,-38.91,0.038,0.0000,0.0000,0.0000,0.0000,0.549805,-0.449463,0.698242,0.090454,8.002,76.2,-1
1785797411.549,610,163367,0,0.00000000,0.00000000,0.00,0,0,-38.95,0.018,0.0000,0.0000,0.0000,0.0000,0.549805,-0.449402,0.698242,0.090515,8.004,76.2,-1
1785797411.736,611,163588,0,0.00000000,0.00000000,0.00,0,0,-38.99,-0.018,0.0000,0.0000,0.0000,0.0000,0.549805,-0.449463,0.698242,0.090454,8.004,72.5,-1
1785797411.985,612,163810,0,0.00000000,0.00000000,0.00,0,0,-38.88,0.065,0.0000,0.0000,0.0000,0.0000,0.549744,-0.449463,0.698242,0.090454,8.004,71.2,-1
1785797412.236,613,164035,0,0.00000000,0.00000000,0.00,0,0,-39.01,-0.012,0.0000,0.0000,0.0000,0.0000,0.549744,-0.449463,0.698242,0.090393,8.004,81.2,-1
1785797412.424,614,164253,0,0.00000000,0.00000000,0.00,0,0,-38.99,-0.028,0.0000,0.0000,0.0000,0.0000,0.549805,-0.449524,0.698242,0.090332,8.004,75.0,-1
1785797412.673,615,164479,0,0.00000000,0.00000000,0.00,0,0,-39.02,-0.055,0.0000,0.0000,0.0000,0.0000,0.549805,-0.449524,0.698242,0.090393,8.006,80.0,-1
1785797412.859,616,164699,0,0.00000000,0.00000000,0.00,0,0,-38.89,0.025,0.0000,0.0000,0.0000,0.0000,0.549744,-0.449524,0.698242,0.090393,8.004,75.0,-1
1785797413.109,617,164919,0,0.00000000,0.00000000,0.00,0,0,-38.97,-0.027,0.0000,0.0000,0.0000,0.0000,0.549805,-0.449524,0.698242,0.090332,8.005,72.5,-1
1785797413.297,618,165131,0,0.00000000,0.00000000,0.00,0,0,-38.94,-0.010,0.0000,0.0000,0.0000,0.0000,0.549805,-0.449585,0.698181,0.090271,8.002,73.8,-1
1785797413.546,619,165355,0,0.00000000,0.00000000,0.00,0,0,-38.92,-0.007,0.0000,0.0000,0.0000,0.0000,0.549805,-0.449585,0.698181,0.090271,8.004,75.0,-1
1785797413.732,620,165580,0,0.00000000,0.00000000,0.00,0,0,-38.86,0.027,0.0000,0.0000,0.0000,0.0000,0.549805,-0.449524,0.698242,0.090271,8.002,78.8,-1
1785797413.983,621,165799,0,0.00000000,0.00000000,0.00,0,0,-38.98,-0.052,0.0000,0.0000,0.0000,0.0000,0.549744,-0.449524,0.698242,0.090332,8.001,80.0,-1
1785797414.170,622,166022,0,0.00000000,0.00000000,0.00,0,0,-38.83,0.051,0.0000,0.0000,0.0000,0.0000,0.549744,-0.449585,0.698242,0.090332,8.005,73.8,-1
1785797414.420,623,166236,0,0.00000000,0.00000000,0.00,0,0,-38.91,-0.010,0.0000,0.0000,0.0000,0.0000,0.549744,-0.449524,0.698242,0.090271,8.004,75.0,-1
1785797414.672,624,166464,0,0.00000000,0.00000000,0.00,0,0,-38.97,-0.056,0.0000,0.0000,0.0000,0.0000,0.549744,-0.449524,0.698303,0.090210,8.004,76.2,-1
1785797414.860,625,166686,0,0.00000000,0.00000000,0.00,0,0,-38.96,-0.030,0.0000,0.0000,0.0000,0.0000,0.549744,-0.449524,0.698242,0.090210,8.005,81.2,-1
1785797415.109,626,166912,0,0.00000000,0.00000000,0.00,0,0,-38.92,-0.003,0.0000,0.0000,0.0000,0.0000,0.549744,-0.449524,0.698242,0.090210,8.004,75.0,-1
1785797415.358,627,167154,0,0.00000000,0.00000000,0.00,0,0,-38.94,-0.008,0.0000,0.0000,0.0000,0.0000,0.549683,-0.449524,0.698303,0.090210,8.004,73.8,-1
1785797415.544,628,167377,0,0.00000000,0.00000000,0.00,0,0,-38.89,0.014,0.0000,0.0000,0.0000,0.0000,0.549622,-0.449524,0.698364,0.090271,8.002,73.8,-1
1785797415.796,629,167598,0,0.00000000,0.00000000,0.00,0,0,-38.88,0.030,0.0000,0.0000,0.0000,0.0000,0.549622,-0.449524,0.698303,0.090210,8.001,78.8,-1
1785797415.984,630,167827,0,0.00000000,0.00000000,0.00,0,0,-38.71,0.111,0.0000,0.0000,0.0000,0.0000,0.549622,-0.449585,0.698303,0.090210,8.002,76.2,-1
1785797416.236,631,168046,0,0.00000000,0.00000000,0.00,0,0,-38.78,0.059,0.0000,0.0000,0.0000,0.0000,0.549622,-0.449524,0.698364,0.090271,8.001,78.8,-1
1785797416.426,632,168264,0,0.00000000,0.00000000,0.00,0,0,-38.80,0.026,0.0000,0.0000,0.0000,0.0000,0.549683,-0.449463,0.698364,0.090271,8.002,80.0,-1
1785797416.676,633,168488,0,0.00000000,0.00000000,0.00,0,0,-38.76,0.036,0.0000,0.0000,0.0000,0.0000,0.549683,-0.449463,0.698303,0.090332,8.001,75.0,-1
1785797416.861,634,168706,0,0.00000000,0.00000000,0.00,0,0,-38.76,0.015,0.0000,0.0000,0.0000,0.0000,0.549683,-0.449463,0.698303,0.090332,8.002,80.0,-1
1785797417.111,635,168927,0,0.00000000,0.00000000,0.00,0,0,-38.69,0.084,0.0000,0.0000,0.0000,0.0000,0.549744,-0.449463,0.698303,0.090332,8.004,82.5,-1
1785797417.302,636,169140,0,0.00000000,0.00000000,0.00,0,0,-38.66,0.094,0.0000,0.0000,0.0000,0.0000,0.549744,-0.449402,0.698303,0.090332,8.002,75.0,-1
1785797417.553,637,169357,0,0.00000000,0.00000000,0.00,0,0,-38.80,-0.018,0.0000,0.0000,0.0000,0.0000,0.549744,-0.449402,0.698303,0.090332,8.002,77.5,-1
1785797417.742,638,169582,0,0.00000000,0.00000000,0.00,0,0,-38.77,-0.017,0.0000,0.0000,0.0000,0.0000,0.549744,-0.449402,0.698303,0.090332,8.005,72.5,-1
1785797417.997,639,169803,0,0.00000000,0.00000000,0.00,0,0,-38.83,-0.039,0.0000,0.0000,0.0000,0.0000,0.549744,-0.449402,0.698303,0.090393,8.004,71.2,-1
1785797418.186,640,170032,0,0.00000000,0.00000000,0.00,0,0,-38.73,0.009,0.0000,0.0000,0.0000,0.0000,0.549744,-0.449402,0.698303,0.090393,8.001,76.2,-1
1785797418.437,641,170246,0,0.00000000,0.00000000,0.00,0,0,-38.85,-0.043,0.0000,0.0000,0.0000,0.0000,0.549683,-0.449463,0.698364,0.090332,8.004,78.8,-1
1785797418.624,642,170474,0,0.00000000,0.00000000,0.00,0,0,-38.69,0.052,0.0000,0.0000,0.0000,0.0000,0.549683,-0.449463,0.698364,0.090332,8.002,75.0,-1
1785797418.872,643,170693,0,0.00000000,0.00000000,0.00,0,0,-38.84,-0.045,0.0000,0.0000,0.0000,0.0000,0.549683,-0.449463,0.698364,0.090332,8.002,78.8,-1
1785797419.061,644,170911,0,0.00000000,0.00000000,0.00,0,0,-38.70,0.053,0.0000,0.0000,0.0000,0.0000,0.549683,-0.449463,0.698364,0.090332,8.002,78.8,-1
1785797419.312,645,171155,0,0.00000000,0.00000000,0.00,0,0,-38.82,-0.039,0.0000,0.0000,0.0000,0.0000,0.549683,-0.449463,0.698364,0.090332,8.002,77.5,-1
1785797419.563,646,171383,0,0.00000000,0.00000000,0.00,0,0,-38.93,-0.099,0.0000,0.0000,0.0000,0.0000,0.549683,-0.449463,0.698364,0.090332,8.002,72.5,-1
1785797419.750,647,171602,0,0.00000000,0.00000000,0.00,0,0,-38.84,-0.016,0.0000,0.0000,0.0000,0.0000,0.549744,-0.449524,0.698303,0.090393,8.004,78.8,-1
1785797420.000,648,171824,0,0.00000000,0.00000000,0.00,0,0,-38.85,-0.017,0.0000,0.0000,0.0000,0.0000,0.549805,-0.449463,0.698242,0.090332,8.002,73.8,-1
1785797420.250,649,172046,0,0.00000000,0.00000000,0.00,0,0,-38.86,-0.012,0.0000,0.0000,0.0000,0.0000,0.549805,-0.449402,0.698303,0.090271,8.002,76.2,-1
1785797420.438,650,172262,0,0.00000000,0.00000000,0.00,0,0,-38.96,-0.062,0.0000,0.0000,0.0000,0.0000,0.549805,-0.449402,0.698303,0.090271,8.002,80.0,-1
1785797420.694,651,172487,0,0.00000000,0.00000000,0.00,0,0,-38.86,0.009,0.0000,0.0000,0.0000,0.0000,0.549744,-0.449463,0.698303,0.090271,8.002,77.5,-1
1785797420.883,652,172709,0,0.00000000,0.00000000,0.00,0,0,-38.91,-0.027,0.0000,0.0000,0.0000,0.0000,0.549927,-0.449402,0.698181,0.090149,8.002,80.0,-1
1785797421.132,653,172936,0,0.00000000,0.00000000,0.00,0,0,-38.92,-0.035,0.0000,0.0000,0.0000,0.0000,0.549866,-0.449341,0.698303,0.090210,8.002,80.0,-1
1785797421.318,654,173149,0,0.00000000,0.00000000,0.00,0,0,-38.86,-0.009,0.0000,0.0000,0.0000,0.0000,0.549805,-0.449402,0.698303,0.090210,8.001,80.0,-1
1785797421.571,655,173369,0,0.00000000,0.00000000,0.00,0,0,-38.95,-0.074,0.0000,0.0000,0.0000,0.0000,0.549683,-0.449463,0.698364,0.090210,8.002,77.5,-1
1785797421.756,656,173589,0,0.00000000,0.00000000,0.00,0,0,-39.02,-0.117,0.0000,0.0000,0.0000,0.0000,0.549744,-0.449463,0.698303,0.090149,8.004,78.8,-1
1785797422.007,657,173811,0,0.00000000,0.00000000,0.00,0,0,-38.92,-0.028,0.0000,0.0000,0.0000,0.0000,0.549683,-0.449463,0.698364,0.090210,8.002,76.2,-1
1785797422.194,658,174036,0,0.00000000,0.00000000,0.00,0,0,-38.85,0.023,0.0000,0.0000,0.0000,0.0000,0.549683,-0.449463,0.698364,0.090210,8.000,78.8,-1
1785797422.444,659,174246,0,0.00000000,0.00000000,0.00,0,0,-39.01,-0.074,0.0000,0.0000,0.0000,0.0000,0.549622,-0.449463,0.698364,0.090210,8.002,80.0,-1
1785797422.617,660,174471,0,0.00000000,0.00000000,0.00,0,0,-39.05,-0.085,0.0000,0.0000,0.0000,0.0000,0.549683,-0.449463,0.698364,0.090210,8.002,78.8,-1
1785797422.866,661,174689,0,0.00000000,0.00000000,0.00,0,0,-38.97,-0.015,0.0000,0.0000,0.0000,0.0000,0.549744,-0.449463,0.698364,0.090210,8.002,80.0,-1
1785797423.115,662,174911,0,0.00000000,0.00000000,0.00,0,0,-39.12,-0.112,0.0000,0.0000,0.0000,0.0000,0.549744,-0.449463,0.698303,0.090210,8.001,76.2,-1
1785797423.302,663,175154,0,0.00000000,0.00000000,0.00,0,0,-39.12,-0.077,0.0000,0.0000,0.0000,0.0000,0.549744,-0.449402,0.698303,0.090210,8.000,81.2,-1
1785797423.553,664,175378,0,0.00000000,0.00000000,0.00,0,0,-39.04,-0.023,0.0000,0.0000,0.0000,0.0000,0.549744,-0.449402,0.698364,0.090271,8.001,82.5,-1
1785797423.806,665,175603,0,0.00000000,0.00000000,0.00,0,0,-39.04,-0.010,0.0000,0.0000,0.0000,0.0000,0.549744,-0.449402,0.698364,0.090271,8.004,81.2,-1
1785797423.996,666,175823,0,0.00000000,0.00000000,0.00,0,0,-39.03,0.010,0.0000,0.0000,0.0000,0.0000,0.549744,-0.449402,0.698303,0.090271,8.005,72.5,-1
1785797424.246,667,176040,0,0.00000000,0.00000000,0.00,0,0,-39.13,-0.042,0.0000,0.0000,0.0000,0.0000,0.549805,-0.449402,0.698303,0.090210,8.002,73.8,-1
1785797424.437,668,176257,0,0.00000000,0.00000000,0.00,0,0,-39.12,-0.023,0.0000,0.0000,0.0000,0.0000,0.549805,-0.449402,0.698303,0.090210,8.001,77.5,-1
1785797424.687,669,176483,0,0.00000000,0.00000000,0.00,0,0,-39.06,0.013,0.0000,0.0000,0.0000,0.0000,0.549866,-0.449341,0.698242,0.090271,8.002,75.0,-1
1785797424.874,670,176703,0,0.00000000,0.00000000,0.00,0,0,-39.07,0.018,0.0000,0.0000,0.0000,0.0000,0.549866,-0.449341,0.698242,0.090332,8.001,73.8,-1
1785797425.125,671,176926,0,0.00000000,0.00000000,0.00,0,0,-39.09,0.005,0.0000,0.0000,0.0000,0.0000,0.549866,-0.449341,0.698303,0.090332,8.001,78.8,-1
1785797425.315,672,177139,0,0.00000000,0.00000000,0.00,0,0,-39.05,0.031,0.0000,0.0000,0.0000,0.0000,0.549866,-0.449341,0.698303,0.090332,8.002,70.0,-1
1785797425.566,673,177367,0,0.00000000,0.00000000,0.00,0,0,-39.30,-0.109,0.0000,0.0000,0.0000,0.0000,0.549805,-0.449341,0.698303,0.090332,8.001,78.8,-1
1785797425.751,674,177589,0,0.00000000,0.00000000,0.00,0,0,-39.12,0.012,0.0000,0.0000,0.0000,0.0000,0.549805,-0.449341,0.698303,0.090332,8.002,80.0,-1
1785797426.001,675,177818,0,0.00000000,0.00000000,0.00,0,0,-39.16,-0.012,0.0000,0.0000,0.0000,0.0000,0.549805,-0.449341,0.698303,0.090332,8.002,76.2,-1
1785797426.191,676,178037,0,0.00000000,0.00000000,0.00,0,0,-39.13,0.003,0.0000,0.0000,0.0000,0.0000,0.549805,-0.449341,0.698303,0.090332,8.004,78.8,-1
1785797426.444,677,178249,0,0.00000000,0.00000000,0.00,0,0,-39.18,-0.036,0.0000,0.0000,0.0000,0.0000,0.549805,-0.449341,0.698364,0.090332,8.002,78.8,-1
1785797426.631,678,178449,0,0.00000000,0.00000000,0.00,0,0,-39.17,-0.019,0.0000,0.0000,0.0000,0.0000,0.549744,-0.449341,0.698364,0.090332,8.002,78.8,-1
1785797426.821,679,178667,0,0.00000000,0.00000000,0.00,0,0,-39.11,0.013,0.0000,0.0000,0.0000,0.0000,0.549805,-0.449341,0.698364,0.090332,7.999,85.0,-1
1785797427.071,680,178888,0,0.00000000,0.00000000,0.00,0,0,-38.96,0.105,0.0000,0.0000,0.0000,0.0000,0.549805,-0.449280,0.698364,0.090393,8.000,81.2,-1
1785797427.326,681,179136,0,0.00000000,0.00000000,0.00,0,0,-39.01,0.073,0.0000,0.0000,0.0000,0.0000,0.549805,-0.449341,0.698364,0.090393,8.001,80.0,-1
1785797427.517,682,179360,0,0.00000000,0.00000000,0.00,0,0,-39.07,0.022,0.0000,0.0000,0.0000,0.0000,0.549805,-0.449280,0.698364,0.090393,8.004,77.5,-1
1785797427.771,683,179579,0,0.00000000,0.00000000,0.00,0,0,-38.99,0.060,0.0000,0.0000,0.0000,0.0000,0.549805,-0.449280,0.698364,0.090393,8.002,78.8,-1
1785797427.960,684,179798,0,0.00000000,0.00000000,0.00,0,0,-39.01,0.038,0.0000,0.0000,0.0000,0.0000,0.549805,-0.449280,0.698364,0.090393,8.001,80.0,-1
1785797428.214,685,180021,0,0.00000000,0.00000000,0.00,0,0,-39.07,-0.011,0.0000,0.0000,0.0000,0.0000,0.549866,-0.449341,0.698303,0.090332,8.002,77.5,-1
1785797428.402,686,180235,0,0.00000000,0.00000000,0.00,0,0,-39.00,0.042,0.0000,0.0000,0.0000,0.0000,0.549866,-0.449341,0.698303,0.090271,8.001,76.2,-1
1785797428.653,687,180463,0,0.00000000,0.00000000,0.00,0,0,-39.06,0.007,0.0000,0.0000,0.0000,0.0000,0.549866,-0.449402,0.698303,0.090271,8.002,72.5,-1
1785797428.839,688,180686,0,0.00000000,0.00000000,0.00,0,0,-39.09,-0.008,0.0000,0.0000,0.0000,0.0000,0.549805,-0.449402,0.698303,0.090210,8.004,76.2,-1
1785797429.087,689,180914,0,0.00000000,0.00000000,0.00,0,0,-39.13,-0.030,0.0000,0.0000,0.0000,0.0000,0.549805,-0.449341,0.698303,0.090271,8.006,77.5,-1
1785797429.339,690,181160,0,0.00000000,0.00000000,0.00,0,0,-39.15,-0.033,0.0000,0.0000,0.0000,0.0000,0.549927,-0.449341,0.698242,0.090332,8.005,80.0,-1
1785797429.590,691,181386,0,0.00000000,0.00000000,0.00,0,0,-39.14,-0.040,0.0000,0.0000,0.0000,0.0000,0.549866,-0.449280,0.698242,0.090332,8.002,77.5,-1
1785797429.781,692,181606,0,0.00000000,0.00000000,0.00,0,0,-39.05,0.022,0.0000,0.0000,0.0000,0.0000,0.549866,-0.449341,0.698303,0.090332,8.002,82.5,-1
1785797430.032,693,181833,0,0.00000000,0.00000000,0.00,0,0,-39.05,0.015,0.0000,0.0000,0.0000,0.0000,0.549866,-0.449280,0.698303,0.090393,8.002,81.2,-1
1785797430.220,694,182057,0,0.00000000,0.00000000,0.00,0,0,-39.14,-0.053,0.0000,0.0000,0.0000,0.0000,0.549866,-0.449280,0.698303,0.090393,8.004,76.2,-1
1785797430.466,695,182272,0,0.00000000,0.00000000,0.00,0,0,-39.11,-0.047,0.0000,0.0000,0.0000,0.0000,0.549805,-0.449341,0.698364,0.090393,8.004,77.5,-1
1785797430.654,696,182497,0,0.00000000,0.00000000,0.00,0,0,-39.03,0.018,0.0000,0.0000,0.0000,0.0000,0.549744,-0.449341,0.698364,0.090393,8.004,78.8,-1
1785797430.903,697,182720,0,0.00000000,0.00000000,0.00,0,0,-39.02,0.019,0.0000,0.0000,0.0000,0.0000,0.549744,-0.449280,0.698364,0.090393,8.004,81.2,-1
1785797431.154,698,182946,0,0.00000000,0.00000000,0.00,0,0,-39.04,0.009,0.0000,0.0000,0.0000,0.0000,0.549805,-0.449280,0.698364,0.090454,8.004,80.0,-1
1785797431.340,699,183166,0,0.00000000,0.00000000,0.00,0,0,-39.12,-0.037,0.0000,0.0000,0.0000,0.0000,0.549805,-0.449280,0.698364,0.090454,8.002,80.0,-1
1785797431.591,700,183388,0,0.00000000,0.00000000,0.00,0,0,-39.12,-0.035,0.0000,0.0000,0.0000,0.0000,0.549866,-0.449280,0.698303,0.090454,8.004,80.0,-1
1785797431.779,701,183607,0,0.00000000,0.00000000,0.00,0,0,-39.02,0.027,0.0000,0.0000,0.0000,0.0000,0.549927,-0.449280,0.698242,0.090393,8.001,85.0,-1
1785797432.030,702,183834,0,0.00000000,0.00000000,0.00,0,0,-38.97,0.047,0.0000,0.0000,0.0000,0.0000,0.549927,-0.449280,0.698242,0.090393,8.004,76.2,-1
1785797432.215,703,184062,0,0.00000000,0.00000000,0.00,0,0,-39.06,-0.028,0.0000,0.0000,0.0000,0.0000,0.549927,-0.449280,0.698242,0.090393,8.002,75.0,-1
1785797432.467,704,184278,0,0.00000000,0.00000000,0.00,0,0,-38.95,0.027,0.0000,0.0000,0.0000,0.0000,0.549927,-0.449341,0.698242,0.090332,8.004,82.5,-1
1785797432.646,705,184500,0,0.00000000,0.00000000,0.00,0,0,-38.86,0.084,0.0000,0.0000,0.0000,0.0000,0.549927,-0.449280,0.698242,0.090332,8.002,76.2,-1
1785797432.893,706,184723,0,0.00000000,0.00000000,0.00,0,0,-38.99,-0.003,0.0000,0.0000,0.0000,0.0000,0.549927,-0.449280,0.698303,0.090393,8.006,73.8,-1
1785797433.143,707,184949,0,0.00000000,0.00000000,0.00,0,0,-39.00,-0.005,0.0000,0.0000,0.0000,0.0000,0.549866,-0.449280,0.698303,0.090393,8.005,80.0,-1
1785797433.331,708,185164,0,0.00000000,0.00000000,0.00,0,0,-39.00,-0.004,0.0000,0.0000,0.0000,0.0000,0.549927,-0.449280,0.698242,0.090332,8.004,76.2,-1
1785797433.583,709,185384,0,0.00000000,0.00000000,0.00,0,0,-38.89,0.049,0.0000,0.0000,0.0000,0.0000,0.549927,-0.449341,0.698242,0.090271,8.004,78.8,-1
1785797433.770,710,185603,0,0.00000000,0.00000000,0.00,0,0,-38.93,0.018,0.0000,0.0000,0.0000,0.0000,0.549927,-0.449280,0.698242,0.090332,8.005,75.0,-1
1785797434.019,711,185831,0,0.00000000,0.00000000,0.00,0,0,-39.04,-0.060,0.0000,0.0000,0.0000,0.0000,0.549866,-0.449280,0.698303,0.090393,8.002,77.5,-1
1785797434.208,712,186054,0,0.00000000,0.00000000,0.00,0,0,-39.05,-0.062,0.0000,0.0000,0.0000,0.0000,0.549866,-0.449280,0.698303,0.090393,8.002,75.0,-1
1785797434.459,713,186272,0,0.00000000,0.00000000,0.00,0,0,-39.20,-0.143,0.0000,0.0000,0.0000,0.0000,0.549866,-0.449280,0.698303,0.090393,8.002,80.0,-1
1785797434.648,714,186496,0,0.00000000,0.00000000,0.00,0,0,-39.03,-0.016,0.0000,0.0000,0.0000,0.0000,0.549866,-0.449280,0.698303,0.090393,8.004,73.8,-1
1785797434.895,715,186718,0,0.00000000,0.00000000,0.00,0,0,-39.05,-0.031,0.0000,0.0000,0.0000,0.0000,0.549866,-0.449280,0.698303,0.090393,8.002,73.8,-1
1785797435.146,716,186948,0,0.00000000,0.00000000,0.00,0,0,-39.01,-0.004,0.0000,0.0000,0.0000,0.0000,0.549866,-0.449280,0.698303,0.090393,8.002,75.0,-1
1785797435.334,717,187164,0,0.00000000,0.00000000,0.00,0,0,-39.05,-0.028,0.0000,0.0000,0.0000,0.0000,0.549805,-0.449280,0.698303,0.090393,8.001,78.8,-1
1785797435.582,718,187387,0,0.00000000,0.00000000,0.00,0,0,-39.06,-0.018,0.0000,0.0000,0.0000,0.0000,0.549866,-0.449219,0.698364,0.090393,8.002,76.2,-1
1785797435.771,719,187610,0,0.00000000,0.00000000,0.00,0,0,-39.05,-0.010,0.0000,0.0000,0.0000,0.0000,0.549866,-0.449219,0.698364,0.090332,8.004,77.5,-1
1785797436.022,720,187831,0,0.00000000,0.00000000,0.00,0,0,-39.08,-0.014,0.0000,0.0000,0.0000,0.0000,0.549866,-0.449219,0.698303,0.090393,8.005,81.2,-1
1785797436.209,721,188046,0,0.00000000,0.00000000,0.00,0,0,-38.98,0.059,0.0000,0.0000,0.0000,0.0000,0.549927,-0.449280,0.698242,0.090393,8.001,81.2,-1
1785797436.459,722,188260,0,0.00000000,0.00000000,0.00,0,0,-38.96,0.102,0.0000,0.0000,0.0000,0.0000,0.549927,-0.449280,0.698242,0.090332,8.002,73.8,-1
1785797436.646,723,188477,0,0.00000000,0.00000000,0.00,0,0,-39.03,0.050,0.0000,0.0000,0.0000,0.0000,0.549988,-0.449280,0.698242,0.090393,8.004,75.0,-1
1785797436.893,724,188702,0,0.00000000,0.00000000,0.00,0,0,-39.14,-0.022,0.0000,0.0000,0.0000,0.0000,0.549927,-0.449280,0.698242,0.090393,8.002,76.2,-1
1785797437.078,725,188929,0,0.00000000,0.00000000,0.00,0,0,-39.06,0.021,0.0000,0.0000,0.0000,0.0000,0.549927,-0.449280,0.698303,0.090393,8.001,75.0,-1
1785797437.330,726,189146,0,0.00000000,0.00000000,0.00,0,0,-39.06,0.023,0.0000,0.0000,0.0000,0.0000,0.549866,-0.449280,0.698303,0.090393,8.001,80.0,-1
1785797437.519,727,189371,0,0.00000000,0.00000000,0.00,0,0,-38.98,0.079,0.0000,0.0000,0.0000,0.0000,0.549866,-0.449280,0.698303,0.090393,8.004,80.0,-1
1785797437.773,728,189589,0,0.00000000,0.00000000,0.00,0,0,-38.98,0.076,0.0000,0.0000,0.0000,0.0000,0.549866,-0.449280,0.698303,0.090454,8.001,80.0,-1
1785797437.964,729,189811,0,0.00000000,0.00000000,0.00,0,0,-39.06,0.027,0.0000,0.0000,0.0000,0.0000,0.549866,-0.449219,0.698303,0.090454,8.001,76.2,-1
1785797438.212,730,190032,0,0.00000000,0.00000000,0.00,0,0,-38.95,0.098,0.0000,0.0000,0.0000,0.0000,0.549866,-0.449219,0.698303,0.090454,8.002,82.5,-1
1785797438.400,731,190251,0,0.00000000,0.00000000,0.00,0,0,-39.00,0.050,0.0000,0.0000,0.0000,0.0000,0.549866,-0.449219,0.698303,0.090454,8.002,81.2,-1
1785797438.650,732,190472,0,0.00000000,0.00000000,0.00,0,0,-39.00,0.060,0.0000,0.0000,0.0000,0.0000,0.549988,-0.449219,0.698242,0.090454,8.002,81.2,-1
1785797438.901,733,190694,0,0.00000000,0.00000000,0.00,0,0,-39.06,0.026,0.0000,0.0000,0.0000,0.0000,0.549927,-0.449219,0.698303,0.090454,8.002,76.2,-1
1785797439.088,734,190916,0,0.00000000,0.00000000,0.00,0,0,-38.91,0.124,0.0000,0.0000,0.0000,0.0000,0.549927,-0.449219,0.698303,0.090454,8.005,77.5,-1
1785797439.337,735,191153,0,0.00000000,0.00000000,0.00,0,0,-38.83,0.166,0.0000,0.0000,0.0000,0.0000,0.549927,-0.449219,0.698303,0.090454,8.000,78.8,-1
1785797439.525,736,191374,0,0.00000000,0.00000000,0.00,0,0,-39.04,0.020,0.0000,0.0000,0.0000,0.0000,0.549866,-0.449219,0.698303,0.090454,8.002,80.0,-1
1785797439.773,737,191598,0,0.00000000,0.00000000,0.00,0,0,-39.08,0.001,0.0000,0.0000,0.0000,0.0000,0.549927,-0.449219,0.698303,0.090454,8.005,78.8,-1
1785797440.023,738,191821,0,0.00000000,0.00000000,0.00,0,0,-39.01,0.051,0.0000,0.0000,0.0000,0.0000,0.549927,-0.449219,0.698303,0.090515,8.004,72.5,-1
1785797440.210,739,192048,0,0.00000000,0.00000000,0.00,0,0,-38.92,0.104,0.0000,0.0000,0.0000,0.0000,0.549927,-0.449219,0.698303,0.090515,8.002,75.0,-1
1785797440.458,740,192267,0,0.00000000,0.00000000,0.00,0,0,-39.12,-0.011,0.0000,0.0000,0.0000,0.0000,0.549927,-0.449219,0.698303,0.090454,8.004,77.5,-1
1785797440.644,741,192485,0,0.00000000,0.00000000,0.00,0,0,-38.94,0.099,0.0000,0.0000,0.0000,0.0000,0.549927,-0.449219,0.698303,0.090454,8.002,76.2,-1
1785797440.891,742,192708,0,0.00000000,0.00000000,0.00,0,0,-38.95,0.089,0.0000,0.0000,0.0000,0.0000,0.549927,-0.449219,0.698303,0.090454,8.002,75.0,-1
1785797441.079,743,192930,0,0.00000000,0.00000000,0.00,0,0,-39.06,0.013,0.0000,0.0000,0.0000,0.0000,0.549927,-0.449219,0.698303,0.090515,8.002,71.2,-1
1785797441.330,744,193141,0,0.00000000,0.00000000,0.00,0,0,-39.05,0.018,0.0000,0.0000,0.0000,0.0000,0.549927,-0.449219,0.698303,0.090515,8.002,73.8,-1
1785797441.577,745,193368,0,0.00000000,0.00000000,0.00,0,0,-39.11,-0.014,0.0000,0.0000,0.0000,0.0000,0.549927,-0.449219,0.698303,0.090454,8.001,76.2,-1
1785797441.767,746,193587,0,0.00000000,0.00000000,0.00,0,0,-39.07,0.025,0.0000,0.0000,0.0000,0.0000,0.549866,-0.449219,0.698303,0.090454,8.002,78.8,-1
1785797442.019,747,193810,0,0.00000000,0.00000000,0.00,0,0,-39.06,0.014,0.0000,0.0000,0.0000,0.0000,0.549866,-0.449280,0.698303,0.090393,8.001,76.2,-1
1785797442.204,748,194030,0,0.00000000,0.00000000,0.00,0,0,-39.03,0.030,0.0000,0.0000,0.0000,0.0000,0.549805,-0.449280,0.698303,0.090393,8.002,77.5,-1
1785797442.455,749,194246,0,0.00000000,0.00000000,0.00,0,0,-38.99,0.044,0.0000,0.0000,0.0000,0.0000,0.549805,-0.449280,0.698364,0.090393,8.001,77.5,-1
1785797442.644,750,194473,0,0.00000000,0.00000000,0.00,0,0,-39.03,0.005,0.0000,0.0000,0.0000,0.0000,0.549805,-0.449280,0.698364,0.090393,8.002,72.5,-1
1785797442.893,751,194692,0,0.00000000,0.00000000,0.00,0,0,-38.98,0.021,0.0000,0.0000,0.0000,0.0000,0.549805,-0.449280,0.698364,0.090454,8.001,76.2,-1
1785797443.082,752,194911,0,0.00000000,0.00000000,0.00,0,0,-39.11,-0.071,0.0000,0.0000,0.0000,0.0000,0.549805,-0.449280,0.698364,0.090454,8.001,81.2,-1
1785797443.330,753,195155,0,0.00000000,0.00000000,0.00,0,0,-39.09,-0.065,0.0000,0.0000,0.0000,0.0000,0.549927,-0.449219,0.698303,0.090454,8.002,73.8,-1
1785797443.583,754,195380,0,0.00000000,0.00000000,0.00,0,0,-39.03,-0.013,0.0000,0.0000,0.0000,0.0000,0.549927,-0.449219,0.698242,0.090454,8.002,78.8,-1
1785797443.770,755,195603,0,0.00000000,0.00000000,0.00,0,0,-39.06,-0.007,0.0000,0.0000,0.0000,0.0000,0.549927,-0.449219,0.698303,0.090454,8.002,82.5,-1
1785797444.019,756,195822,0,0.00000000,0.00000000,0.00,0,0,-39.05,0.016,0.0000,0.0000,0.0000,0.0000,0.549866,-0.449280,0.698303,0.090393,8.001,81.2,-1
1785797444.206,757,196046,0,0.00000000,0.00000000,0.00,0,0,-39.09,0.012,0.0000,0.0000,0.0000,0.0000,0.549866,-0.449280,0.698303,0.090393,8.002,82.5,-1
1785797444.455,758,196266,0,0.00000000,0.00000000,0.00,0,0,-39.04,0.045,0.0000,0.0000,0.0000,0.0000,0.549866,-0.449280,0.698303,0.090393,8.001,82.5,-1
1785797444.645,759,196485,0,0.00000000,0.00000000,0.00,0,0,-39.22,-0.056,0.0000,0.0000,0.0000,0.0000,0.549927,-0.449280,0.698242,0.090393,8.001,80.0,-1
1785797444.895,760,196707,0,0.00000000,0.00000000,0.00,0,0,-39.10,0.019,0.0000,0.0000,0.0000,0.0000,0.549988,-0.449219,0.698242,0.090393,8.002,78.8,-1
1785797445.085,761,196928,0,0.00000000,0.00000000,0.00,0,0,-39.26,-0.084,0.0000,0.0000,0.0000,0.0000,0.549988,-0.449219,0.698242,0.090393,8.002,82.5,-1
1785797445.334,762,197143,0,0.00000000,0.00000000,0.00,0,0,-39.17,-0.035,0.0000,0.0000,0.0000,0.0000,0.550049,-0.449219,0.698181,0.090454,8.000,76.2,-1
1785797445.521,763,197369,0,0.00000000,0.00000000,0.00,0,0,-39.20,-0.044,0.0000,0.0000,0.0000,0.0000,0.550049,-0.449158,0.698181,0.090454,8.006,77.5,-1
1785797445.769,764,197587,0,0.00000000,0.00000000,0.00,0,0,-38.99,0.072,0.0000,0.0000,0.0000,0.0000,0.550110,-0.449219,0.698181,0.090393,8.002,83.8,-1
1785797446.020,765,197815,0,0.00000000,0.00000000,0.00,0,0,-39.08,0.001,0.0000,0.0000,0.0000,0.0000,0.550110,-0.449280,0.698120,0.090332,8.004,80.0,-1
1785797446.210,766,198040,0,0.00000000,0.00000000,0.00,0,0,-39.06,0.008,0.0000,0.0000,0.0000,0.0000,0.550049,-0.449280,0.698181,0.090332,8.004,71.2,-1
1785797446.465,767,198257,0,0.00000000,0.00000000,0.00,0,0,-39.16,-0.082,0.0000,0.0000,0.0000,0.0000,0.549988,-0.449280,0.698242,0.090332,8.004,80.0,-1
1785797446.654,768,198480,0,0.00000000,0.00000000,0.00,0,0,-39.18,-0.084,0.0000,0.0000,0.0000,0.0000,0.549988,-0.449280,0.698242,0.090332,8.005,77.5,-1
1785797446.906,769,198705,0,0.00000000,0.00000000,0.00,0,0,-39.07,0.017,0.0000,0.0000,0.0000,0.0000,0.549927,-0.449280,0.698242,0.090332,8.002,75.0,-1
1785797447.096,770,198929,0,0.00000000,0.00000000,0.00,0,0,-39.04,0.042,0.0000,0.0000,0.0000,0.0000,0.549866,-0.449341,0.698303,0.090332,8.002,83.8,-1
1785797447.348,771,199144,0,0.00000000,0.00000000,0.00,0,0,-39.08,0.035,0.0000,0.0000,0.0000,0.0000,0.549866,-0.449341,0.698303,0.090332,8.002,75.0,-1
1785797447.538,772,199366,0,0.00000000,0.00000000,0.00,0,0,-39.11,0.002,0.0000,0.0000,0.0000,0.0000,0.549805,-0.449341,0.698303,0.090332,8.002,80.0,-1
1785797447.790,773,199591,0,0.00000000,0.00000000,0.00,0,0,-39.04,0.058,0.0000,0.0000,0.0000,0.0000,0.549805,-0.449280,0.698303,0.090393,8.002,83.8,-1
1785797447.975,774,199812,0,0.00000000,0.00000000,0.00,0,0,-39.07,0.031,0.0000,0.0000,0.0000,0.0000,0.549866,-0.449280,0.698303,0.090393,8.004,81.2,-1
1785797448.226,775,200032,0,0.00000000,0.00000000,0.00,0,0,-39.17,-0.038,0.0000,0.0000,0.0000,0.0000,0.549927,-0.449280,0.698242,0.090393,8.004,86.2,-1
1785797448.412,776,200247,0,0.00000000,0.00000000,0.00,0,0,-39.10,-0.012,0.0000,0.0000,0.0000,0.0000,0.549927,-0.449280,0.698242,0.090393,8.005,76.2,-1
1785797448.662,777,200474,0,0.00000000,0.00000000,0.00,0,0,-39.13,-0.035,0.0000,0.0000,0.0000,0.0000,0.549988,-0.449219,0.698242,0.090393,8.005,81.2,-1
1785797448.851,778,200698,0,0.00000000,0.00000000,0.00,0,0,-39.19,-0.055,0.0000,0.0000,0.0000,0.0000,0.550049,-0.449219,0.698242,0.090393,8.002,77.5,-1
1785797449.099,779,200920,0,0.00000000,0.00000000,0.00,0,0,-39.18,-0.043,0.0000,0.0000,0.0000,0.0000,0.549988,-0.449219,0.698242,0.090454,8.002,77.5,-1
1785797449.290,780,201136,0,0.00000000,0.00000000,0.00,0,0,-39.09,0.005,0.0000,0.0000,0.0000,0.0000,0.549988,-0.449219,0.698242,0.090393,8.004,80.0,-1
1785797449.542,781,201358,0,0.00000000,0.00000000,0.00,0,0,-39.26,-0.111,0.0000,0.0000,0.0000,0.0000,0.550049,-0.449219,0.698181,0.090393,8.001,76.2,-1
1785797449.729,782,201580,0,0.00000000,0.00000000,0.00,0,0,-39.15,-0.027,0.0000,0.0000,0.0000,0.0000,0.550049,-0.449219,0.698181,0.090393,8.004,78.8,-1
1785797449.981,783,201807,0,0.00000000,0.00000000,0.00,0,0,-39.21,-0.070,0.0000,0.0000,0.0000,0.0000,0.550049,-0.449219,0.698181,0.090393,8.002,80.0,-1
1785797450.230,784,202029,0,0.00000000,0.00000000,0.00,0,0,-39.22,-0.081,0.0000,0.0000,0.0000,0.0000,0.550049,-0.449219,0.698181,0.090393,8.004,76.2,-1
1785797450.420,785,202239,0,0.00000000,0.00000000,0.00,0,0,-39.26,-0.114,0.0000,0.0000,0.0000,0.0000,0.550049,-0.449219,0.698181,0.090393,8.004,77.5,-1
1785797450.608,786,202458,0,0.00000000,0.00000000,0.00,0,0,-39.19,-0.056,0.0000,0.0000,0.0000,0.0000,0.549988,-0.449219,0.698181,0.090393,8.004,72.5,-1
1785797450.859,787,202677,0,0.00000000,0.00000000,0.00,0,0,-39.21,-0.053,0.0000,0.0000,0.0000,0.0000,0.549927,-0.449280,0.698242,0.090393,8.001,80.0,-1
1785797451.046,788,202898,0,0.00000000,0.00000000,0.00,0,0,-39.22,-0.061,0.0000,0.0000,0.0000,0.0000,0.549927,-0.449280,0.698242,0.090393,8.002,82.5,-1
1785797451.298,789,203149,0,0.00000000,0.00000000,0.00,0,0,-39.18,-0.048,0.0000,0.0000,0.0000,0.0000,0.549988,-0.449280,0.698242,0.090393,8.001,80.0,-1
1785797451.548,790,203371,0,0.00000000,0.00000000,0.00,0,0,-39.26,-0.073,0.0000,0.0000,0.0000,0.0000,0.549988,-0.449219,0.698242,0.090393,8.002,77.5,-1
1785797451.798,791,203595,0,0.00000000,0.00000000,0.00,0,0,-39.19,-0.026,0.0000,0.0000,0.0000,0.0000,0.550049,-0.449219,0.698181,0.090393,8.001,77.5,-1
1785797451.986,792,203823,0,0.00000000,0.00000000,0.00,0,0,-39.13,0.019,0.0000,0.0000,0.0000,0.0000,0.550049,-0.449219,0.698181,0.090393,8.004,77.5,-1
1785797452.235,793,204044,0,0.00000000,0.00000000,0.00,0,0,-39.17,-0.021,0.0000,0.0000,0.0000,0.0000,0.550049,-0.449219,0.698181,0.090393,8.005,77.5,-1
1785797452.420,794,204261,0,0.00000000,0.00000000,0.00,0,0,-39.21,-0.053,0.0000,0.0000,0.0000,0.0000,0.550049,-0.449280,0.698181,0.090332,8.002,78.8,-1
1785797452.667,795,204481,0,0.00000000,0.00000000,0.00,0,0,-39.22,-0.053,0.0000,0.0000,0.0000,0.0000,0.550049,-0.449280,0.698181,0.090332,8.001,77.5,-1
1785797452.854,796,204705,0,0.00000000,0.00000000,0.00,0,0,-39.24,-0.067,0.0000,0.0000,0.0000,0.0000,0.550049,-0.449280,0.698181,0.090332,8.001,76.2,-1
1785797453.100,797,204926,0,0.00000000,0.00000000,0.00,0,0,-39.27,-0.076,0.0000,0.0000,0.0000,0.0000,0.550049,-0.449280,0.698181,0.090332,8.002,82.5,-1
1785797453.350,798,205148,0,0.00000000,0.00000000,0.00,0,0,-39.24,-0.035,0.0000,0.0000,0.0000,0.0000,0.550049,-0.449280,0.698181,0.090332,8.001,78.8,-1
1785797453.537,799,205372,0,0.00000000,0.00000000,0.00,0,0,-39.19,0.005,0.0000,0.0000,0.0000,0.0000,0.549988,-0.449280,0.698181,0.090332,8.002,80.0,-1
1785797453.788,800,205596,0,0.00000000,0.00000000,0.00,0,0,-39.22,-0.022,0.0000,0.0000,0.0000,0.0000,0.549927,-0.449280,0.698242,0.090393,8.002,78.8,-1
1785797453.976,801,205821,0,0.00000000,0.00000000,0.00,0,0,-39.26,-0.037,0.0000,0.0000,0.0000,0.0000,0.549927,-0.449280,0.698242,0.090393,8.002,77.5,-1
1785797454.227,802,206047,0,0.00000000,0.00000000,0.00,0,0,-39.30,-0.045,0.0000,0.0000,0.0000,0.0000,0.549988,-0.449219,0.698242,0.090454,8.000,81.2,-1
1785797454.414,803,206263,0,0.00000000,0.00000000,0.00,0,0,-39.25,-0.014,0.0000,0.0000,0.0000,0.0000,0.550049,-0.449219,0.698242,0.090454,8.004,82.5,-1
1785797454.662,804,206488,0,0.00000000,0.00000000,0.00,0,0,-39.12,0.052,0.0000,0.0000,0.0000,0.0000,0.550049,-0.449158,0.698181,0.090454,8.002,78.8,-1
1785797454.910,805,206710,0,0.00000000,0.00000000,0.00,0,0,-39.16,0.015,0.0000,0.0000,0.0000,0.0000,0.550110,-0.449158,0.698181,0.090515,8.002,80.0,-1
1785797455.096,806,206931,0,0.00000000,0.00000000,0.00,0,0,-39.10,0.054,0.0000,0.0000,0.0000,0.0000,0.550049,-0.449158,0.698242,0.090515,8.004,78.8,-1
1785797455.348,807,207152,0,0.00000000,0.00000000,0.00,0,0,-39.16,0.009,0.0000,0.0000,0.0000,0.0000,0.550049,-0.449158,0.698242,0.090454,8.001,78.8,-1
1785797455.537,808,207378,0,0.00000000,0.00000000,0.00,0,0,-39.37,-0.110,0.0000,0.0000,0.0000,0.0000,0.550049,-0.449158,0.698181,0.090515,8.001,80.0,-1
1785797455.786,809,207600,0,0.00000000,0.00000000,0.00,0,0,-39.29,-0.059,0.0000,0.0000,0.0000,0.0000,0.550110,-0.449158,0.698181,0.090515,8.004,75.0,-1
1785797455.975,810,207818,0,0.00000000,0.00000000,0.00,0,0,-39.23,-0.024,0.0000,0.0000,0.0000,0.0000,0.550049,-0.449158,0.698242,0.090515,8.000,78.8,-1
1785797456.226,811,208038,0,0.00000000,0.00000000,0.00,0,0,-39.18,0.017,0.0000,0.0000,0.0000,0.0000,0.549988,-0.449219,0.698242,0.090454,8.002,78.8,-1
1785797456.411,812,208255,0,0.00000000,0.00000000,0.00,0,0,-39.32,-0.062,0.0000,0.0000,0.0000,0.0000,0.549927,-0.449219,0.698242,0.090454,8.002,77.5,-1
1785797456.662,813,208482,0,0.00000000,0.00000000,0.00,0,0,-39.28,-0.030,0.0000,0.0000,0.0000,0.0000,0.549927,-0.449219,0.698242,0.090454,8.001,73.8,-1
1785797456.911,814,208706,0,0.00000000,0.00000000,0.00,0,0,-39.27,-0.014,0.0000,0.0000,0.0000,0.0000,0.549927,-0.449219,0.698303,0.090454,8.001,80.0,-1
1785797457.100,815,208932,0,0.00000000,0.00000000,0.00,0,0,-39.31,-0.051,0.0000,0.0000,0.0000,0.0000,0.549927,-0.449219,0.698303,0.090454,8.002,81.2,-1
1785797457.350,816,209146,0,0.00000000,0.00000000,0.00,0,0,-39.26,-0.033,0.0000,0.0000,0.0000,0.0000,0.549866,-0.449219,0.698303,0.090454,8.001,81.2,-1
1785797457.540,817,209373,0,0.00000000,0.00000000,0.00,0,0,-39.37,-0.098,0.0000,0.0000,0.0000,0.0000,0.549866,-0.449219,0.698303,0.090454,8.002,76.2,-1
1785797457.740,818,209592,0,0.00000000,0.00000000,0.00,0,0,-39.42,-0.105,0.0000,0.0000,0.0000,0.0000,0.549866,-0.449219,0.698303,0.090454,8.000,80.0,-1
1785797457.982,819,209813,0,0.00000000,0.00000000,0.00,0,0,-39.41,-0.075,0.0000,0.0000,0.0000,0.0000,0.549927,-0.449219,0.698242,0.090454,8.001,80.0,-1
1785797458.235,820,210038,0,0.00000000,0.00000000,0.00,0,0,-39.33,-0.026,0.0000,0.0000,0.0000,0.0000,0.549988,-0.449219,0.698242,0.090454,8.002,76.2,-1
1785797458.424,821,210256,0,0.00000000,0.00000000,0.00,0,0,-39.39,-0.062,0.0000,0.0000,0.0000,0.0000,0.549988,-0.449219,0.698242,0.090454,8.001,78.8,-1
1785797458.676,822,210478,0,0.00000000,0.00000000,0.00,0,0,-39.42,-0.053,0.0000,0.0000,0.0000,0.0000,0.549988,-0.449219,0.698242,0.090393,8.001,82.5,-1
1785797458.864,823,210707,0,0.00000000,0.00000000,0.00,0,0,-39.27,0.037,0.0000,0.0000,0.0000,0.0000,0.550049,-0.449219,0.698181,0.090393,8.005,72.5,-1
1785797459.110,824,210929,0,0.00000000,0.00000000,0.00,0,0,-39.31,0.007,0.0000,0.0000,0.0000,0.0000,0.550049,-0.449219,0.698181,0.090393,8.004,77.5,-1
1785797459.355,825,211147,0,0.00000000,0.00000000,0.00,0,0,-39.31,0.031,0.0000,0.0000,0.0000,0.0000,0.550049,-0.449219,0.698181,0.090393,8.005,71.2,-1
1785797459.538,826,211367,0,0.00000000,0.00000000,0.00,0,0,-39.38,-0.017,0.0000,0.0000,0.0000,0.0000,0.550049,-0.449219,0.698181,0.090393,8.005,73.8,-1
1785797459.790,827,211591,0,0.00000000,0.00000000,0.00,0,0,-39.42,-0.046,0.0000,0.0000,0.0000,0.0000,0.550049,-0.449219,0.698181,0.090393,8.005,77.5,-1
1785797459.981,828,211816,0,0.00000000,0.00000000,0.00,0,0,-39.40,-0.016,0.0000,0.0000,0.0000,0.0000,0.550049,-0.449219,0.698181,0.090393,8.002,81.2,-1
1785797460.232,829,212037,0,0.00000000,0.00000000,0.00,0,0,-39.40,-0.007,0.0000,0.0000,0.0000,0.0000,0.550049,-0.449219,0.698181,0.090393,8.005,82.5,-1
1785797460.417,830,212252,0,0.00000000,0.00000000,0.00,0,0,-39.49,-0.066,0.0000,0.0000,0.0000,0.0000,0.550049,-0.449219,0.698181,0.090393,8.004,77.5,-1
1785797460.669,831,212476,0,0.00000000,0.00000000,0.00,0,0,-39.48,-0.069,0.0000,0.0000,0.0000,0.0000,0.550049,-0.449219,0.698181,0.090393,8.004,83.8,-1
1785797460.857,832,212699,0,0.00000000,0.00000000,0.00,0,0,-39.53,-0.060,0.0000,0.0000,0.0000,0.0000,0.550110,-0.449219,0.698181,0.090393,8.002,78.8,-1
1785797461.109,833,212918,0,0.00000000,0.00000000,0.00,0,0,-39.48,-0.018,0.0000,0.0000,0.0000,0.0000,0.550110,-0.449219,0.698181,0.090393,8.004,81.2,-1
1785797461.296,834,213133,0,0.00000000,0.00000000,0.00,0,0,-39.50,-0.020,0.0000,0.0000,0.0000,0.0000,0.550110,-0.449219,0.698181,0.090454,8.004,73.8,-1
1785797461.544,835,213362,0,0.00000000,0.00000000,0.00,0,0,-39.41,0.034,0.0000,0.0000,0.0000,0.0000,0.550049,-0.449219,0.698181,0.090454,8.004,71.2,-1
1785797461.729,836,213580,0,0.00000000,0.00000000,0.00,0,0,-39.40,0.058,0.0000,0.0000,0.0000,0.0000,0.549988,-0.449219,0.698242,0.090454,8.000,81.2,-1
1785797461.977,837,213803,0,0.00000000,0.00000000,0.00,0,0,-39.42,0.031,0.0000,0.0000,0.0000,0.0000,0.549988,-0.449219,0.698242,0.090393,8.006,77.5,-1
1785797462.227,838,214025,0,0.00000000,0.00000000,0.00,0,0,-39.35,0.075,0.0000,0.0000,0.0000,0.0000,0.549988,-0.449219,0.698242,0.090393,8.004,77.5,-1
1785797462.413,839,214244,0,0.00000000,0.00000000,0.00,0,0,-39.52,-0.021,0.0000,0.0000,0.0000,0.0000,0.550049,-0.449219,0.698181,0.090393,8.002,76.2,-1
1785797462.664,840,214471,0,0.00000000,0.00000000,0.00,0,0,-39.35,0.093,0.0000,0.0000,0.0000,0.0000,0.550049,-0.449219,0.698181,0.090393,8.002,77.5,-1
1785797462.852,841,214694,0,0.00000000,0.00000000,0.00,0,0,-39.39,0.071,0.0000,0.0000,0.0000,0.0000,0.550049,-0.449219,0.698181,0.090393,8.006,75.0,-1
1785797463.105,842,214916,0,0.00000000,0.00000000,0.00,0,0,-39.54,-0.023,0.0000,0.0000,0.0000,0.0000,0.550110,-0.449219,0.698181,0.090454,8.004,70.0,-1
1785797463.294,843,215138,0,0.00000000,0.00000000,0.00,0,0,-39.54,-0.018,0.0000,0.0000,0.0000,0.0000,0.550110,-0.449219,0.698181,0.090393,8.004,75.0,-1
1785797463.544,844,215368,0,0.00000000,0.00000000,0.00,0,0,-39.56,-0.031,0.0000,0.0000,0.0000,0.0000,0.550110,-0.449219,0.698181,0.090454,8.004,73.8,-1
1785797463.791,845,215592,0,0.00000000,0.00000000,0.00,0,0,-39.57,-0.045,0.0000,0.0000,0.0000,0.0000,0.550110,-0.449219,0.698181,0.090393,8.002,76.2,-1
1785797463.976,846,215817,0,0.00000000,0.00000000,0.00,0,0,-39.50,0.008,0.0000,0.0000,0.0000,0.0000,0.550110,-0.449219,0.698181,0.090454,8.004,72.5,-1
1785797464.229,847,216040,0,0.00000000,0.00000000,0.00,0,0,-39.46,0.045,0.0000,0.0000,0.0000,0.0000,0.550110,-0.449219,0.698120,0.090393,8.004,75.0,-1
1785797464.418,848,216258,0,0.00000000,0.00000000,0.00,0,0,-39.54,-0.029,0.0000,0.0000,0.0000,0.0000,0.550110,-0.449219,0.698120,0.090393,8.004,75.0,-1
1785797464.666,849,216478,0,0.00000000,0.00000000,0.00,0,0,-39.47,0.005,0.0000,0.0000,0.0000,0.0000,0.550110,-0.449158,0.698120,0.090454,8.004,72.5,-1
1785797464.851,850,216695,0,0.00000000,0.00000000,0.00,0,0,-39.51,-0.021,0.0000,0.0000,0.0000,0.0000,0.550110,-0.449219,0.698181,0.090454,8.002,77.5,-1
1785797465.100,851,216920,0,0.00000000,0.00000000,0.00,0,0,-39.48,-0.007,0.0000,0.0000,0.0000,0.0000,0.550049,-0.449219,0.698242,0.090454,8.004,75.0,-1
1785797465.286,852,217134,0,0.00000000,0.00000000,0.00,0,0,-39.54,-0.031,0.0000,0.0000,0.0000,0.0000,0.549988,-0.449219,0.698242,0.090454,8.002,77.5,-1
1785797465.532,853,217357,0,0.00000000,0.00000000,0.00,0,0,-39.41,0.048,0.0000,0.0000,0.0000,0.0000,0.550049,-0.449158,0.698242,0.090454,8.001,75.0,-1
1785797465.785,854,217581,0,0.00000000,0.00000000,0.00,0,0,-39.45,0.026,0.0000,0.0000,0.0000,0.0000,0.550049,-0.449158,0.698181,0.090515,8.002,73.8,-1
1785797465.973,855,217803,0,0.00000000,0.00000000,0.00,0,0,-39.52,-0.028,0.0000,0.0000,0.0000,0.0000,0.550171,-0.449097,0.698181,0.090576,8.002,73.8,-1
1785797466.222,856,218025,0,0.00000000,0.00000000,0.00,0,0,-39.45,0.033,0.0000,0.0000,0.0000,0.0000,0.550171,-0.449158,0.698120,0.090576,8.004,80.0,-1
1785797466.408,857,218244,0,0.00000000,0.00000000,0.00,0,0,-39.46,0.034,0.0000,0.0000,0.0000,0.0000,0.550171,-0.449158,0.698120,0.090576,8.002,75.0,-1
1785797466.658,858,218464,0,0.00000000,0.00000000,0.00,0,0,-39.49,0.019,0.0000,0.0000,0.0000,0.0000,0.550171,-0.449219,0.698120,0.090637,8.002,75.0,-1
1785797466.844,859,218694,0,0.00000000,0.00000000,0.00,0,0,-39.47,0.034,0.0000,0.0000,0.0000,0.0000,0.550171,-0.449280,0.697998,0.090637,8.005,76.2,-1
1785797467.097,860,218918,0,0.00000000,0.00000000,0.00,0,0,-39.61,-0.051,0.0000,0.0000,0.0000,0.0000,0.550171,-0.449280,0.698059,0.090637,8.002,78.8,-1
1785797467.285,861,219136,0,0.00000000,0.00000000,0.00,0,0,-39.54,-0.004,0.0000,0.0000,0.0000,0.0000,0.550171,-0.449280,0.698059,0.090637,8.002,77.5,-1
1785797467.535,862,219364,0,0.00000000,0.00000000,0.00,0,0,-39.55,-0.008,0.0000,0.0000,0.0000,0.0000,0.550110,-0.449280,0.698059,0.090637,8.002,78.8,-1
1785797467.786,863,219585,0,0.00000000,0.00000000,0.00,0,0,-39.44,0.057,0.0000,0.0000,0.0000,0.0000,0.550110,-0.449341,0.698059,0.090576,8.005,81.2,-1
1785797467.977,864,219807,0,0.00000000,0.00000000,0.00,0,0,-39.47,0.034,0.0000,0.0000,0.0000,0.0000,0.550110,-0.449341,0.698059,0.090576,8.002,71.2,-1
1785797468.229,865,220036,0,0.00000000,0.00000000,0.00,0,0,-39.33,0.124,0.0000,0.0000,0.0000,0.0000,0.550110,-0.449341,0.698059,0.090576,8.004,78.8,-1
1785797468.417,866,220254,0,0.00000000,0.00000000,0.00,0,0,-39.47,0.017,0.0000,0.0000,0.0000,0.0000,0.550110,-0.449341,0.698059,0.090576,8.002,82.5,-1
1785797468.664,867,220475,0,0.00000000,0.00000000,0.00,0,0,-39.53,-0.025,0.0000,0.0000,0.0000,0.0000,0.550110,-0.449341,0.698059,0.090576,8.004,78.8,-1
1785797468.855,868,220692,0,0.00000000,0.00000000,0.00,0,0,-39.52,-0.028,0.0000,0.0000,0.0000,0.0000,0.550110,-0.449341,0.698059,0.090637,8.002,80.0,-1
1785797469.108,869,220918,0,0.00000000,0.00000000,0.00,0,0,-39.59,-0.076,0.0000,0.0000,0.0000,0.0000,0.550110,-0.449280,0.698059,0.090637,8.005,77.5,-1
1785797469.357,870,221160,0,0.00000000,0.00000000,0.00,0,0,-39.49,0.007,0.0000,0.0000,0.0000,0.0000,0.550110,-0.449280,0.698059,0.090637,8.002,77.5,-1
1785797469.546,871,221386,0,0.00000000,0.00000000,0.00,0,0,-39.51,-0.011,0.0000,0.0000,0.0000,0.0000,0.550110,-0.449280,0.698059,0.090637,8.002,76.2,-1
1785797469.795,872,221606,0,0.00000000,0.00000000,0.00,0,0,-39.50,0.006,0.0000,0.0000,0.0000,0.0000,0.550110,-0.449280,0.698059,0.090637,8.002,82.5,-1
1785797469.984,873,221829,0,0.00000000,0.00000000,0.00,0,0,-39.47,0.016,0.0000,0.0000,0.0000,0.0000,0.550110,-0.449280,0.698059,0.090637,8.005,77.5,-1
1785797470.232,874,222049,0,0.00000000,0.00000000,0.00,0,0,-39.43,0.030,0.0000,0.0000,0.0000,0.0000,0.550110,-0.449280,0.698059,0.090637,8.005,75.0,-1
1785797470.419,875,222264,0,0.00000000,0.00000000,0.00,0,0,-39.64,-0.100,0.0000,0.0000,0.0000,0.0000,0.550171,-0.449280,0.697998,0.090637,8.002,76.2,-1
1785797470.668,876,222483,0,0.00000000,0.00000000,0.00,0,0,-39.54,-0.033,0.0000,0.0000,0.0000,0.0000,0.550232,-0.449280,0.697998,0.090637,8.002,77.5,-1
1785797470.920,877,222709,0,0.00000000,0.00000000,0.00,0,0,-39.59,-0.074,0.0000,0.0000,0.0000,0.0000,0.550232,-0.449280,0.697998,0.090637,8.002,77.5,-1
1785797471.106,878,222932,0,0.00000000,0.00000000,0.00,0,0,-39.51,-0.017,0.0000,0.0000,0.0000,0.0000,0.550171,-0.449280,0.697998,0.090637,8.001,76.2,-1
1785797471.292,879,223141,0,0.00000000,0.00000000,0.00,0,0,-39.42,0.040,0.0000,0.0000,0.0000,0.0000,0.550171,-0.449280,0.698059,0.090576,8.000,81.2,-1
1785797471.544,880,223361,0,0.00000000,0.00000000,0.00,0,0,-39.54,-0.046,0.0000,0.0000,0.0000,0.0000,0.550171,-0.449280,0.698059,0.090576,8.004,80.0,-1
1785797471.793,881,223583,0,0.00000000,0.00000000,0.00,0,0,-39.57,-0.054,0.0000,0.0000,0.0000,0.0000,0.550110,-0.449341,0.698059,0.090637,8.001,75.0,-1
1785797471.982,882,223801,0,0.00000000,0.00000000,0.00,0,0,-39.58,-0.059,0.0000,0.0000,0.0000,0.0000,0.550110,-0.449280,0.698059,0.090698,8.002,85.0,-1
1785797472.172,883,224021,0,0.00000000,0.00000000,0.00,0,0,-39.51,-0.009,0.0000,0.0000,0.0000,0.0000,0.550171,-0.449280,0.697998,0.090637,7.999,83.8,-1
1785797472.427,884,224235,0,0.00000000,0.00000000,0.00,0,0,-39.50,-0.002,0.0000,0.0000,0.0000,0.0000,0.550232,-0.449280,0.697998,0.090637,8.004,77.5,-1
1785797472.615,885,224453,0,0.00000000,0.00000000,0.00,0,0,-39.50,-0.020,0.0000,0.0000,0.0000,0.0000,0.550293,-0.449280,0.697937,0.090576,8.004,76.2,-1
1785797472.825,886,224676,0,0.00000000,0.00000000,0.00,0,0,-39.42,0.033,0.0000,0.0000,0.0000,0.0000,0.550293,-0.449280,0.697937,0.090637,8.005,76.2,-1
1785797473.403,887,224897,0,0.00000000,0.00000000,0.00,0,0,-39.57,-0.046,0.0000,0.0000,0.0000,0.0000,0.550293,-0.449219,0.697998,0.090637,8.001,76.2,-1
1785797473.403,888,225136,0,0.00000000,0.00000000,0.00,0,0,-39.53,0.003,0.0000,0.0000,0.0000,0.0000,0.550232,-0.449219,0.697998,0.090637,8.002,77.5,-1
1785797473.516,889,225354,0,0.00000000,0.00000000,0.00,0,0,-39.65,-0.068,0.0000,0.0000,0.0000,0.0000,0.550232,-0.449219,0.697998,0.090637,8.002,80.0,-1
1785797473.768,890,225577,0,0.00000000,0.00000000,0.00,0,0,-39.54,-0.001,0.0000,0.0000,0.0000,0.0000,0.550232,-0.449219,0.697998,0.090637,8.002,77.5,-1
1785797473.956,891,225799,0,0.00000000,0.00000000,0.00,0,0,-39.35,0.131,0.0000,0.0000,0.0000,0.0000,0.550171,-0.449280,0.698059,0.090637,8.004,75.0,-1
1785797474.205,892,226016,0,0.00000000,0.00000000,0.00,0,0,-39.46,0.039,0.0000,0.0000,0.0000,0.0000,0.550171,-0.449280,0.697998,0.090637,8.004,78.8,-1
1785797474.392,893,226229,0,0.00000000,0.00000000,0.00,0,0,-39.50,-0.000,0.0000,0.0000,0.0000,0.0000,0.550171,-0.449280,0.697998,0.090576,8.002,77.5,-1
1785797474.643,894,226449,0,0.00000000,0.00000000,0.00,0,0,-39.51,-0.015,0.0000,0.0000,0.0000,0.0000,0.550171,-0.449280,0.698059,0.090576,8.005,78.8,-1
1785797474.834,895,226668,0,0.00000000,0.00000000,0.00,0,0,-39.52,-0.010,0.0000,0.0000,0.0000,0.0000,0.550171,-0.449280,0.698059,0.090576,8.004,81.2,-1
1785797475.087,896,226888,0,0.00000000,0.00000000,0.00,0,0,-39.53,-0.011,0.0000,0.0000,0.0000,0.0000,0.550171,-0.449280,0.698059,0.090576,8.002,82.5,-1
1785797475.342,897,227133,0,0.00000000,0.00000000,0.00,0,0,-39.44,0.041,0.0000,0.0000,0.0000,0.0000,0.550171,-0.449280,0.698059,0.090637,8.002,80.0,-1
1785797475.532,898,227359,0,0.00000000,0.00000000,0.00,0,0,-39.54,-0.014,0.0000,0.0000,0.0000,0.0000,0.550171,-0.449280,0.698059,0.090637,8.001,78.8,-1
1785797475.784,899,227582,0,0.00000000,0.00000000,0.00,0,0,-39.44,0.060,0.0000,0.0000,0.0000,0.0000,0.550110,-0.449280,0.698059,0.090637,8.002,77.5,-1
1785797475.973,900,227800,0,0.00000000,0.00000000,0.00,0,0,-39.59,-0.047,0.0000,0.0000,0.0000,0.0000,0.550171,-0.449280,0.698059,0.090637,8.001,80.0,-1
1785797476.223,901,228019,0,0.00000000,0.00000000,0.00,0,0,-39.50,0.004,0.0000,0.0000,0.0000,0.0000,0.550232,-0.449280,0.697998,0.090637,8.000,78.8,-1
1785797476.414,902,228233,0,0.00000000,0.00000000,0.00,0,0,-39.51,-0.012,0.0000,0.0000,0.0000,0.0000,0.550293,-0.449280,0.697998,0.090576,8.005,80.0,-1
1785797476.603,903,228452,0,0.00000000,0.00000000,0.00,0,0,-39.60,-0.051,0.0000,0.0000,0.0000,0.0000,0.550293,-0.449280,0.697998,0.090576,8.001,82.5,-1
1785797476.854,904,228672,0,0.00000000,0.00000000,0.00,0,0,-39.35,0.100,0.0000,0.0000,0.0000,0.0000,0.550232,-0.449280,0.697998,0.090576,8.006,82.5,-1
1785797477.107,905,228895,0,0.00000000,0.00000000,0.00,0,0,-39.46,0.040,0.0000,0.0000,0.0000,0.0000,0.550232,-0.449280,0.697998,0.090576,8.004,73.8,-1
1785797477.296,906,229139,0,0.00000000,0.00000000,0.00,0,0,-39.48,0.011,0.0000,0.0000,0.0000,0.0000,0.550171,-0.449280,0.697998,0.090637,8.004,76.2,-1
1785797477.549,907,229358,0,0.00000000,0.00000000,0.00,0,0,-39.52,-0.007,0.0000,0.0000,0.0000,0.0000,0.550171,-0.449280,0.697998,0.090637,8.005,75.0,-1
1785797477.736,908,229578,0,0.00000000,0.00000000,0.00,0,0,-39.42,0.035,0.0000,0.0000,0.0000,0.0000,0.550171,-0.449280,0.698059,0.090637,8.005,73.8,-1
1785797478.271,909,229805,0,0.00000000,0.00000000,0.00,0,0,-39.57,-0.078,0.0000,0.0000,0.0000,0.0000,0.550171,-0.449280,0.698059,0.090637,8.002,78.8,-1
1785797478.322,910,230025,0,0.00000000,0.00000000,0.00,0,0,-39.57,-0.067,0.0000,0.0000,0.0000,0.0000,0.550171,-0.449280,0.698059,0.090576,8.005,81.2,-1
1785797478.446,911,230238,0,0.00000000,0.00000000,0.00,0,0,-39.42,-0.004,0.0000,0.0000,0.0000,0.0000,0.550110,-0.449280,0.698059,0.090576,8.004,76.2,-1
1785797478.637,912,230460,0,0.00000000,0.00000000,0.00,0,0,-39.55,-0.089,0.0000,0.0000,0.0000,0.0000,0.550171,-0.449280,0.698059,0.090637,8.002,78.8,-1
1785797478.890,913,230685,0,0.00000000,0.00000000,0.00,0,0,-39.55,-0.089,0.0000,0.0000,0.0000,0.0000,0.550232,-0.449219,0.697998,0.090637,8.004,73.8,-1
1785797479.080,914,230907,0,0.00000000,0.00000000,0.00,0,0,-39.46,-0.027,0.0000,0.0000,0.0000,0.0000,0.550293,-0.449280,0.697998,0.090576,8.004,75.0,-1
1785797479.332,915,231154,0,0.00000000,0.00000000,0.00,0,0,-39.39,0.013,0.0000,0.0000,0.0000,0.0000,0.550293,-0.449219,0.697937,0.090637,8.002,76.2,-1
1785797479.587,916,231380,0,0.00000000,0.00000000,0.00,0,0,-39.51,-0.038,0.0000,0.0000,0.0000,0.0000,0.550354,-0.449219,0.697937,0.090637,8.006,73.8,-1
1785797479.778,917,231601,0,0.00000000,0.00000000,0.00,0,0,-39.53,-0.032,0.0000,0.0000,0.0000,0.0000,0.550354,-0.449219,0.697937,0.090637,8.002,80.0,-1
1785797480.028,918,231818,0,0.00000000,0.00000000,0.00,0,0,-39.43,0.046,0.0000,0.0000,0.0000,0.0000,0.550415,-0.449158,0.697937,0.090637,8.002,78.8,-1
1785797480.214,919,232041,0,0.00000000,0.00000000,0.00,0,0,-39.54,-0.024,0.0000,0.0000,0.0000,0.0000,0.550415,-0.449158,0.697937,0.090698,8.004,73.8,-1
1785797480.466,920,232258,0,0.00000000,0.00000000,0.00,0,0,-39.44,0.036,0.0000,0.0000,0.0000,0.0000,0.550415,-0.449158,0.697937,0.090637,8.002,81.2,-1
1785797480.655,921,232482,0,0.00000000,0.00000000,0.00,0,0,-39.49,0.006,0.0000,0.0000,0.0000,0.0000,0.550415,-0.449158,0.697937,0.090637,8.005,76.2,-1
1785797480.909,922,232702,0,0.00000000,0.00000000,0.00,0,0,-39.59,-0.050,0.0000,0.0000,0.0000,0.0000,0.550293,-0.449219,0.697937,0.090637,8.002,75.0,-1
1785797481.098,923,232922,0,0.00000000,0.00000000,0.00,0,0,-39.55,-0.033,0.0000,0.0000,0.0000,0.0000,0.550293,-0.449219,0.697998,0.090637,8.004,73.8,-1
1785797481.288,924,233134,0,0.00000000,0.00000000,0.00,0,0,-39.36,0.079,0.0000,0.0000,0.0000,0.0000,0.550293,-0.449280,0.697937,0.090576,8.004,75.0,-1
1785797481.538,925,233351,0,0.00000000,0.00000000,0.00,0,0,-39.45,0.002,0.0000,0.0000,0.0000,0.0000,0.550232,-0.449280,0.697998,0.090576,8.002,77.5,-1
1785797481.728,926,233575,0,0.00000000,0.00000000,0.00,0,0,-39.47,-0.001,0.0000,0.0000,0.0000,0.0000,0.550232,-0.449280,0.697998,0.090576,8.005,77.5,-1
1785797481.979,927,233801,0,0.00000000,0.00000000,0.00,0,0,-39.50,-0.027,0.0000,0.0000,0.0000,0.0000,0.550171,-0.449280,0.697998,0.090637,8.002,75.0,-1
1785797482.231,928,234023,0,0.00000000,0.00000000,0.00,0,0,-39.45,0.006,0.0000,0.0000,0.0000,0.0000,0.550171,-0.449280,0.698059,0.090576,8.002,76.2,-1
1785797482.420,929,234236,0,0.00000000,0.00000000,0.00,0,0,-39.62,-0.113,0.0000,0.0000,0.0000,0.0000,0.550171,-0.449280,0.697998,0.090576,8.004,75.0,-1
1785797482.609,930,234459,0,0.00000000,0.00000000,0.00,0,0,-39.53,-0.034,0.0000,0.0000,0.0000,0.0000,0.550232,-0.449280,0.697998,0.090637,8.002,73.8,-1
1785797482.861,931,234686,0,0.00000000,0.00000000,0.00,0,0,-39.57,-0.061,0.0000,0.0000,0.0000,0.0000,0.550232,-0.449280,0.697998,0.090576,8.002,78.8,-1
1785797483.110,932,234908,0,0.00000000,0.00000000,0.00,0,0,-39.47,0.012,0.0000,0.0000,0.0000,0.0000,0.550293,-0.449280,0.697937,0.090515,8.004,77.5,-1
1785797483.300,933,235146,0,0.00000000,0.00000000,0.00,0,0,-39.55,-0.047,0.0000,0.0000,0.0000,0.0000,0.550293,-0.449280,0.697937,0.090515,8.004,77.5,-1
1785797483.551,934,235364,0,0.00000000,0.00000000,0.00,0,0,-39.57,-0.051,0.0000,0.0000,0.0000,0.0000,0.550293,-0.449280,0.697937,0.090515,8.001,81.2,-1
1785797483.740,935,235588,0,0.00000000,0.00000000,0.00,0,0,-39.41,0.042,0.0000,0.0000,0.0000,0.0000,0.550232,-0.449280,0.697998,0.090576,8.005,75.0,-1
1785797483.994,936,235809,0,0.00000000,0.00000000,0.00,0,0,-39.57,-0.057,0.0000,0.0000,0.0000,0.0000,0.550232,-0.449280,0.697998,0.090576,8.005,75.0,-1
1785797484.185,937,236026,0,0.00000000,0.00000000,0.00,0,0,-39.67,-0.124,0.0000,0.0000,0.0000,0.0000,0.550171,-0.449280,0.697998,0.090576,8.001,81.2,-1
1785797484.434,938,236247,0,0.00000000,0.00000000,0.00,0,0,-39.61,-0.096,0.0000,0.0000,0.0000,0.0000,0.550232,-0.449280,0.697998,0.090576,8.002,82.5,-1
1785797484.624,939,236470,0,0.00000000,0.00000000,0.00,0,0,-39.45,0.003,0.0000,0.0000,0.0000,0.0000,0.550293,-0.449219,0.697937,0.090637,8.002,80.0,-1
1785797484.877,940,236691,0,0.00000000,0.00000000,0.00,0,0,-39.40,0.034,0.0000,0.0000,0.0000,0.0000,0.550293,-0.449219,0.697998,0.090637,8.004,75.0,-1
1785797485.066,941,236908,0,0.00000000,0.00000000,0.00,0,0,-39.40,0.030,0.0000,0.0000,0.0000,0.0000,0.550232,-0.449280,0.697998,0.090576,8.000,82.5,-1
1785797485.315,942,237154,0,0.00000000,0.00000000,0.00,0,0,-39.47,-0.018,0.0000,0.0000,0.0000,0.0000,0.550232,-0.449341,0.697998,0.090515,8.002,75.0,-1
1785797485.569,943,237375,0,0.00000000,0.00000000,0.00,0,0,-39.34,0.066,0.0000,0.0000,0.0000,0.0000,0.550171,-0.449341,0.697998,0.090515,8.004,77.5,-1
1785797485.757,944,237602,0,0.00000000,0.00000000,0.00,0,0,-39.40,0.023,0.0000,0.0000,0.0000,0.0000,0.550171,-0.449341,0.697998,0.090515,8.002,77.5,-1
1785797486.008,945,237822,0,0.00000000,0.00000000,0.00,0,0,-39.37,0.017,0.0000,0.0000,0.0000,0.0000,0.550110,-0.449341,0.698059,0.090515,8.002,72.5,-1
1785797486.192,946,238042,0,0.00000000,0.00000000,0.00,0,0,-39.36,0.033,0.0000,0.0000,0.0000,0.0000,0.550171,-0.449341,0.697998,0.090515,8.004,75.0,-1
1785797486.439,947,238250,0,0.00000000,0.00000000,0.00,0,0,-39.44,-0.028,0.0000,0.0000,0.0000,0.0000,0.550232,-0.449341,0.697998,0.090515,8.002,85.0,-1
1785797486.686,948,238475,0,0.00000000,0.00000000,0.00,0,0,-39.48,-0.053,0.0000,0.0000,0.0000,0.0000,0.550171,-0.449341,0.697998,0.090515,8.006,78.8,-1
1785797486.874,949,238697,0,0.00000000,0.00000000,0.00,0,0,-39.47,-0.067,0.0000,0.0000,0.0000,0.0000,0.550232,-0.449280,0.697998,0.090576,8.004,77.5,-1
1785797487.126,950,238924,0,0.00000000,0.00000000,0.00,0,0,-39.50,-0.083,0.0000,0.0000,0.0000,0.0000,0.550232,-0.449280,0.697998,0.090576,8.002,80.0,-1
1785797487.316,951,239142,0,0.00000000,0.00000000,0.00,0,0,-39.42,-0.023,0.0000,0.0000,0.0000,0.0000,0.550171,-0.449341,0.697998,0.090515,8.001,76.2,-1
1785797487.561,952,239367,0,0.00000000,0.00000000,0.00,0,0,-39.50,-0.081,0.0000,0.0000,0.0000,0.0000,0.550171,-0.449280,0.697998,0.090576,8.004,77.5,-1
1785797487.750,953,239585,0,0.00000000,0.00000000,0.00,0,0,-39.44,-0.051,0.0000,0.0000,0.0000,0.0000,0.550110,-0.449341,0.698059,0.090515,8.001,76.2,-1
1785797488.004,954,239807,0,0.00000000,0.00000000,0.00,0,0,-39.39,-0.017,0.0000,0.0000,0.0000,0.0000,0.550171,-0.449341,0.697998,0.090515,8.002,77.5,-1
1785797488.191,955,240025,0,0.00000000,0.00000000,0.00,0,0,-39.42,-0.036,0.0000,0.0000,0.0000,0.0000,0.550232,-0.449341,0.697998,0.090515,8.001,80.0,-1
1785797488.442,956,240242,0,0.00000000,0.00000000,0.00,0,0,-39.41,-0.009,0.0000,0.0000,0.0000,0.0000,0.550171,-0.449341,0.697998,0.090515,8.004,76.2,-1
1785797488.631,957,240470,0,0.00000000,0.00000000,0.00,0,0,-39.37,0.017,0.0000,0.0000,0.0000,0.0000,0.550171,-0.449341,0.697998,0.090515,8.002,81.2,-1
1785797488.883,958,240692,0,0.00000000,0.00000000,0.00,0,0,-39.39,0.012,0.0000,0.0000,0.0000,0.0000,0.550232,-0.449280,0.697998,0.090576,8.002,77.5,-1
1785797489.074,959,240918,0,0.00000000,0.00000000,0.00,0,0,-39.41,0.007,0.0000,0.0000,0.0000,0.0000,0.550171,-0.449280,0.697998,0.090576,8.001,83.8,-1
1785797489.324,960,241132,0,0.00000000,0.00000000,0.00,0,0,-39.36,0.015,0.0000,0.0000,0.0000,0.0000,0.550232,-0.449280,0.697998,0.090576,8.004,76.2,-1
1785797489.573,961,241361,0,0.00000000,0.00000000,0.00,0,0,-39.40,-0.011,0.0000,0.0000,0.0000,0.0000,0.550171,-0.449341,0.697998,0.090515,8.004,76.2,-1
1785797489.761,962,241579,0,0.00000000,0.00000000,0.00,0,0,-39.45,-0.051,0.0000,0.0000,0.0000,0.0000,0.550171,-0.449341,0.697998,0.090515,8.001,80.0,-1
1785797489.950,963,241800,0,0.00000000,0.00000000,0.00,0,0,-39.46,-0.060,0.0000,0.0000,0.0000,0.0000,0.550171,-0.449280,0.697998,0.090576,7.999,80.0,-1
1785797490.203,964,242021,0,0.00000000,0.00000000,0.00,0,0,-39.23,0.097,0.0000,0.0000,0.0000,0.0000,0.550171,-0.449341,0.697998,0.090515,8.001,73.8,-1
1785797490.392,965,242234,0,0.00000000,0.00000000,0.00,0,0,-39.26,0.068,0.0000,0.0000,0.0000,0.0000,0.550171,-0.449280,0.697998,0.090576,8.002,77.5,-1
1785797490.643,966,242460,0,0.00000000,0.00000000,0.00,0,0,-39.52,-0.091,0.0000,0.0000,0.0000,0.0000,0.550171,-0.449280,0.698059,0.090576,8.000,77.5,-1
1785797490.833,967,242682,0,0.00000000,0.00000000,0.00,0,0,-39.41,-0.007,0.0000,0.0000,0.0000,0.0000,0.550110,-0.449280,0.698059,0.090576,7.997,75.0,-1
1785797491.085,968,242905,0,0.00000000,0.00000000,0.00,0,0,-39.42,-0.024,0.0000,0.0000,0.0000,0.0000,0.550110,-0.449341,0.698059,0.090576,8.004,81.2,-1
1785797491.339,969,243155,0,0.00000000,0.00000000,0.00,0,0,-39.31,0.045,0.0000,0.0000,0.0000,0.0000,0.550110,-0.449341,0.698059,0.090515,8.002,77.5,-1
1785797491.529,970,243377,0,0.00000000,0.00000000,0.00,0,0,-39.46,-0.044,0.0000,0.0000,0.0000,0.0000,0.550171,-0.449280,0.698059,0.090576,8.004,75.0,-1
1785797491.781,971,243601,0,0.00000000,0.00000000,0.00,0,0,-39.36,0.011,0.0000,0.0000,0.0000,0.0000,0.550171,-0.449280,0.697998,0.090576,8.000,82.5,-1
1785797492.033,972,243827,0,0.00000000,0.00000000,0.00,0,0,-39.45,-0.044,0.0000,0.0000,0.0000,0.0000,0.550171,-0.449280,0.698059,0.090576,8.004,78.8,-1
1785797492.221,973,244048,0,0.00000000,0.00000000,0.00,0,0,-39.45,-0.037,0.0000,0.0000,0.0000,0.0000,0.550171,-0.449280,0.697998,0.090576,8.004,78.8,-1
1785797492.469,974,244266,0,0.00000000,0.00000000,0.00,0,0,-39.47,-0.045,0.0000,0.0000,0.0000,0.0000,0.550171,-0.449341,0.697998,0.090515,8.002,82.5,-1
1785797492.655,975,244484,0,0.00000000,0.00000000,0.00,0,0,-39.44,-0.015,0.0000,0.0000,0.0000,0.0000,0.550171,-0.449341,0.697998,0.090515,8.001,82.5,-1
1785797492.886,976,244707,0,0.00000000,0.00000000,0.00,0,0,-39.44,-0.013,0.0000,0.0000,0.0000,0.0000,0.550171,-0.449341,0.698059,0.090515,8.004,78.8,-1
1785797493.079,977,244927,0,0.00000000,0.00000000,0.00,0,0,-39.47,-0.036,0.0000,0.0000,0.0000,0.0000,0.550171,-0.449341,0.698059,0.090576,8.005,78.8,-1
1785797493.332,978,245142,0,0.00000000,0.00000000,0.00,0,0,-39.34,0.036,0.0000,0.0000,0.0000,0.0000,0.550171,-0.449280,0.697998,0.090576,8.002,72.5,-1
1785797493.520,979,245369,0,0.00000000,0.00000000,0.00,0,0,-39.50,-0.054,0.0000,0.0000,0.0000,0.0000,0.550232,-0.449280,0.697998,0.090576,8.002,78.8,-1
1785797493.773,980,245587,0,0.00000000,0.00000000,0.00,0,0,-39.39,0.021,0.0000,0.0000,0.0000,0.0000,0.550232,-0.449280,0.697998,0.090576,8.001,80.0,-1
1785797493.962,981,245810,0,0.00000000,0.00000000,0.00,0,0,-39.37,0.028,0.0000,0.0000,0.0000,0.0000,0.550232,-0.449219,0.697998,0.090637,8.006,83.8,-1
1785797494.215,982,246034,0,0.00000000,0.00000000,0.00,0,0,-39.37,0.030,0.0000,0.0000,0.0000,0.0000,0.550232,-0.449280,0.697998,0.090637,8.002,75.0,-1
1785797494.406,983,246252,0,0.00000000,0.00000000,0.00,0,0,-39.34,0.034,0.0000,0.0000,0.0000,0.0000,0.550232,-0.449219,0.697998,0.090637,8.004,80.0,-1
1785797494.657,984,246472,0,0.00000000,0.00000000,0.00,0,0,-39.29,0.066,0.0000,0.0000,0.0000,0.0000,0.550293,-0.449219,0.697998,0.090637,8.005,78.8,-1
1785797494.844,985,246691,0,0.00000000,0.00000000,0.00,0,0,-39.35,0.025,0.0000,0.0000,0.0000,0.0000,0.550232,-0.449280,0.697998,0.090637,8.005,80.0,-1
1785797495.095,986,246910,0,0.00000000,0.00000000,0.00,0,0,-39.39,-0.005,0.0000,0.0000,0.0000,0.0000,0.550171,-0.449280,0.697998,0.090576,8.001,82.5,-1
1785797495.345,987,247155,0,0.00000000,0.00000000,0.00,0,0,-39.29,0.080,0.0000,0.0000,0.0000,0.0000,0.550232,-0.449219,0.697998,0.090637,8.004,77.5,-1
1785797495.535,988,247380,0,0.00000000,0.00000000,0.00,0,0,-39.40,0.002,0.0000,0.0000,0.0000,0.0000,0.550293,-0.449219,0.697998,0.090637,8.004,77.5,-1
1785797495.784,989,247602,0,0.00000000,0.00000000,0.00,0,0,-39.40,0.002,0.0000,0.0000,0.0000,0.0000,0.550354,-0.449219,0.697937,0.090637,8.007,82.5,-1
1785797496.037,990,247823,0,0.00000000,0.00000000,0.00,0,0,-39.32,0.052,0.0000,0.0000,0.0000,0.0000,0.550354,-0.449219,0.697937,0.090637,8.005,76.2,-1
1785797496.224,991,248044,0,0.00000000,0.00000000,0.00,0,0,-39.39,-0.012,0.0000,0.0000,0.0000,0.0000,0.550354,-0.449219,0.697937,0.090637,8.006,77.5,-1
1785797496.412,992,248258,0,0.00000000,0.00000000,0.00,0,0,-39.32,0.026,0.0000,0.0000,0.0000,0.0000,0.550354,-0.449219,0.697937,0.090637,8.002,77.5,-1
1785797496.662,993,248481,0,0.00000000,0.00000000,0.00,0,0,-39.38,-0.004,0.0000,0.0000,0.0000,0.0000,0.550415,-0.449219,0.697876,0.090576,8.005,76.2,-1
1785797496.912,994,248707,0,0.00000000,0.00000000,0.00,0,0,-39.35,0.027,0.0000,0.0000,0.0000,0.0000,0.550415,-0.449219,0.697876,0.090515,8.004,77.5,-1
1785797497.101,995,248928,0,0.00000000,0.00000000,0.00,0,0,-39.31,0.050,0.0000,0.0000,0.0000,0.0000,0.550415,-0.449219,0.697876,0.090576,8.004,76.2,-1
1785797497.355,996,249148,0,0.00000000,0.00000000,0.00,0,0,-39.48,-0.040,0.0000,0.0000,0.0000,0.0000,0.550415,-0.449219,0.697876,0.090576,8.002,80.0,-1
1785797497.542,997,249375,0,0.00000000,0.00000000,0.00,0,0,-39.41,0.002,0.0000,0.0000,0.0000,0.0000,0.550415,-0.449219,0.697876,0.090637,8.006,83.8,-1
1785797497.792,998,249598,0,0.00000000,0.00000000,0.00,0,0,-39.44,-0.008,0.0000,0.0000,0.0000,0.0000,0.550415,-0.449158,0.697876,0.090637,8.004,83.8,-1
1785797497.982,999,249819,0,0.00000000,0.00000000,0.00,0,0,-39.47,-0.023,0.0000,0.0000,0.0000,0.0000,0.550415,-0.449158,0.697876,0.090637,8.006,75.0,-1
1785797498.234,1000,250049,0,0.00000000,0.00000000,0.00,0,0,-39.36,0.044,0.0000,0.0000,0.0000,0.0000,0.550415,-0.449158,0.697876,0.090637,8.002,78.8,-1
1785797498.423,1001,250261,0,0.00000000,0.00000000,0.00,0,0,-39.40,0.029,0.0000,0.0000,0.0000,0.0000,0.550415,-0.449158,0.697876,0.090637,8.005,73.8,-1
1785797498.675,1002,250490,0,0.00000000,0.00000000,0.00,0,0,-39.40,0.022,0.0000,0.0000,0.0000,0.0000,0.550415,-0.449158,0.697876,0.090637,8.005,78.8,-1
1785797498.865,1003,250710,0,0.00000000,0.00000000,0.00,0,0,-39.38,0.036,0.0000,0.0000,0.0000,0.0000,0.550415,-0.449158,0.697876,0.090637,8.004,77.5,-1
1785797499.120,1004,250927,0,0.00000000,0.00000000,0.00,0,0,-39.40,0.010,0.0000,0.0000,0.0000,0.0000,0.550415,-0.449158,0.697876,0.090637,8.000,80.0,-1
1785797499.310,1005,251144,0,0.00000000,0.00000000,0.00,0,0,-39.33,0.063,0.0000,0.0000,0.0000,0.0000,0.550354,-0.449219,0.697937,0.090637,8.004,80.0,-1
1785797499.561,1006,251372,0,0.00000000,0.00000000,0.00,0,0,-39.51,-0.040,0.0000,0.0000,0.0000,0.0000,0.550293,-0.449219,0.697998,0.090637,8.005,75.0,-1
1785797499.749,1007,251597,0,0.00000000,0.00000000,0.00,0,0,-39.45,-0.013,0.0000,0.0000,0.0000,0.0000,0.550293,-0.449219,0.697937,0.090637,8.000,81.2,-1
1785797500.003,1008,251823,0,0.00000000,0.00000000,0.00,0,0,-39.46,-0.021,0.0000,0.0000,0.0000,0.0000,0.550354,-0.449219,0.697937,0.090637,8.006,77.5,-1
1785797500.192,1009,252040,0,0.00000000,0.00000000,0.00,0,0,-39.40,0.017,0.0000,0.0000,0.0000,0.0000,0.550354,-0.449158,0.697937,0.090637,8.002,81.2,-1
1785797500.446,1010,252255,0,0.00000000,0.00000000,0.00,0,0,-39.55,-0.065,0.0000,0.0000,0.0000,0.0000,0.550354,-0.449219,0.697937,0.090576,8.004,76.2,-1
1785797500.636,1011,252472,0,0.00000000,0.00000000,0.00,0,0,-39.50,-0.041,0.0000,0.0000,0.0000,0.0000,0.550354,-0.449280,0.697937,0.090515,8.004,78.8,-1
1785797500.890,1012,252691,0,0.00000000,0.00000000,0.00,0,0,-39.41,0.045,0.0000,0.0000,0.0000,0.0000,0.550415,-0.449097,0.697937,0.090515,8.002,82.5,-1
1785797501.080,1013,252915,0,0.00000000,0.00000000,0.00,0,0,-39.53,-0.036,0.0000,0.0000,0.0000,0.0000,0.550415,-0.449158,0.697937,0.090515,8.002,73.8,-1
1785797501.330,1014,253131,0,0.00000000,0.00000000,0.00,0,0,-39.51,-0.012,0.0000,0.0000,0.0000,0.0000,0.550415,-0.449158,0.697937,0.090454,8.002,75.0,-1
1785797501.516,1015,253355,0,0.00000000,0.00000000,0.00,0,0,-39.58,-0.062,0.0000,0.0000,0.0000,0.0000,0.550354,-0.449097,0.697998,0.090515,8.004,72.5,-1
1785797501.765,1016,253574,0,0.00000000,0.00000000,0.00,0,0,-39.44,0.027,0.0000,0.0000,0.0000,0.0000,0.550354,-0.449097,0.697998,0.090515,8.004,77.5,-1
1785797501.955,1017,253796,0,0.00000000,0.00000000,0.00,0,0,-39.43,0.019,0.0000,0.0000,0.0000,0.0000,0.550293,-0.449097,0.698059,0.090515,8.004,76.2,-1
1785797502.208,1018,254015,0,0.00000000,0.00000000,0.00,0,0,-39.46,0.001,0.0000,0.0000,0.0000,0.0000,0.550293,-0.449097,0.698059,0.090515,8.001,77.5,-1
1785797502.399,1019,254235,0,0.00000000,0.00000000,0.00,0,0,-39.60,-0.081,0.0000,0.0000,0.0000,0.0000,0.550354,-0.449097,0.698059,0.090515,8.004,78.8,-1
1785797502.651,1020,254455,0,0.00000000,0.00000000,0.00,0,0,-39.66,-0.101,0.0000,0.0000,0.0000,0.0000,0.550354,-0.449097,0.697998,0.090576,8.001,78.8,-1
1785797502.837,1021,254679,0,0.00000000,0.00000000,0.00,0,0,-39.58,-0.055,0.0000,0.0000,0.0000,0.0000,0.550354,-0.449097,0.698059,0.090515,8.005,72.5,-1
1785797503.086,1022,254897,0,0.00000000,0.00000000,0.00,0,0,-39.41,0.065,0.0000,0.0000,0.0000,0.0000,0.550354,-0.449097,0.697998,0.090576,8.002,78.8,-1
1785797503.337,1023,255140,0,0.00000000,0.00000000,0.00,0,0,-39.51,-0.003,0.0000,0.0000,0.0000,0.0000,0.550354,-0.449097,0.698059,0.090576,8.002,77.5,-1
1785797503.528,1024,255340,0,0.00000000,0.00000000,0.00,0,0,-39.55,-0.012,0.0000,0.0000,0.0000,0.0000,0.550354,-0.449097,0.698059,0.090576,8.004,77.5,-1
1785797503.719,1025,255558,0,0.00000000,0.00000000,0.00,0,0,-39.57,-0.000,0.0000,0.0000,0.0000,0.0000,0.550354,-0.449097,0.697998,0.090515,8.004,75.0,-1
1785797503.971,1026,255779,0,0.00000000,0.00000000,0.00,0,0,-39.55,-0.010,0.0000,0.0000,0.0000,0.0000,0.550415,-0.449097,0.697998,0.090515,8.004,75.0,-1
1785797504.159,1027,256001,0,0.00000000,0.00000000,0.00,0,0,-39.69,-0.109,0.0000,0.0000,0.0000,0.0000,0.550415,-0.449036,0.697998,0.090515,8.004,72.5,-1
1785797504.408,1028,256216,0,0.00000000,0.00000000,0.00,0,0,-39.59,-0.020,0.0000,0.0000,0.0000,0.0000,0.550415,-0.449036,0.697998,0.090576,8.001,75.0,-1
1785797504.596,1029,256443,0,0.00000000,0.00000000,0.00,0,0,-39.59,0.004,0.0000,0.0000,0.0000,0.0000,0.550354,-0.449097,0.697998,0.090576,8.002,77.5,-1
1785797504.849,1030,256661,0,0.00000000,0.00000000,0.00,0,0,-39.73,-0.099,0.0000,0.0000,0.0000,0.0000,0.550415,-0.449036,0.697998,0.090576,8.002,71.2,-1
1785797505.040,1031,256881,0,0.00000000,0.00000000,0.00,0,0,-39.64,-0.032,0.0000,0.0000,0.0000,0.0000,0.550415,-0.449036,0.697998,0.090576,8.002,75.0,-1
1785797505.293,1032,257105,0,0.00000000,0.00000000,0.00,0,0,-39.51,0.031,0.0000,0.0000,0.0000,0.0000,0.550415,-0.449036,0.697998,0.090576,8.001,85.0,-1
1785797505.482,1033,257325,0,0.00000000,0.00000000,0.00,0,0,-39.66,-0.039,0.0000,0.0000,0.0000,0.0000,0.550415,-0.449036,0.697998,0.090576,8.001,78.8,-1
1785797505.732,1034,257554,0,0.00000000,0.00000000,0.00,0,0,-39.49,0.069,0.0000,0.0000,0.0000,0.0000,0.550415,-0.449036,0.697998,0.090576,8.000,77.5,-1
1785797505.984,1035,257772,0,0.00000000,0.00000000,0.00,0,0,-39.65,-0.057,0.0000,0.0000,0.0000,0.0000,0.550415,-0.449036,0.697998,0.090576,8.002,78.8,-1
1785797506.173,1036,257991,0,0.00000000,0.00000000,0.00,0,0,-39.60,-0.010,0.0000,0.0000,0.0000,0.0000,0.550415,-0.449036,0.697998,0.090576,8.004,85.0,-1
1785797506.361,1037,258208,0,0.00000000,0.00000000,0.00,0,0,-39.52,0.066,0.0000,0.0000,0.0000,0.0000,0.550354,-0.449036,0.697998,0.090576,8.004,75.0,-1
1785797506.612,1038,258436,0,0.00000000,0.00000000,0.00,0,0,-39.57,0.038,0.0000,0.0000,0.0000,0.0000,0.550415,-0.449036,0.697998,0.090576,8.002,77.5,-1
1785797506.863,1039,258660,0,0.00000000,0.00000000,0.00,0,0,-39.70,-0.049,0.0000,0.0000,0.0000,0.0000,0.550415,-0.449036,0.697998,0.090576,8.001,73.8,-1
1785797507.052,1040,258884,0,0.00000000,0.00000000,0.00,0,0,-39.61,0.008,0.0000,0.0000,0.0000,0.0000,0.550415,-0.449036,0.697998,0.090576,8.001,76.2,-1
1785797507.306,1041,259131,0,0.00000000,0.00000000,0.00,0,0,-39.61,0.005,0.0000,0.0000,0.0000,0.0000,0.550415,-0.449036,0.697998,0.090576,8.002,73.8,-1
1785797507.559,1042,259359,0,0.00000000,0.00000000,0.00,0,0,-39.47,0.082,0.0000,0.0000,0.0000,0.0000,0.550415,-0.449036,0.697998,0.090576,8.002,75.0,-1
1785797507.747,1043,259585,0,0.00000000,0.00000000,0.00,0,0,-39.58,0.002,0.0000,0.0000,0.0000,0.0000,0.550415,-0.449036,0.697998,0.090576,8.001,78.8,-1
1785797507.957,1044,259807,0,0.00000000,0.00000000,0.00,0,0,-39.67,-0.062,0.0000,0.0000,0.0000,0.0000,0.550415,-0.449036,0.697998,0.090576,8.004,76.2,-1
1785797508.205,1045,260028,0,0.00000000,0.00000000,0.00,0,0,-39.68,-0.059,0.0000,0.0000,0.0000,0.0000,0.550415,-0.449036,0.697998,0.090576,8.004,76.2,-1
1785797508.458,1046,260246,0,0.00000000,0.00000000,0.00,0,0,-39.71,-0.090,0.0000,0.0000,0.0000,0.0000,0.550415,-0.449036,0.697998,0.090576,8.001,80.0,-1
1785797508.646,1047,260470,0,0.00000000,0.00000000,0.00,0,0,-39.58,0.017,0.0000,0.0000,0.0000,0.0000,0.550415,-0.449036,0.697998,0.090576,8.004,73.8,-1
1785797508.899,1048,260691,0,0.00000000,0.00000000,0.00,0,0,-39.57,0.043,0.0000,0.0000,0.0000,0.0000,0.550415,-0.449036,0.697998,0.090576,8.001,70.0,-1
1785797509.087,1049,260914,0,0.00000000,0.00000000,0.00,0,0,-39.65,-0.031,0.0000,0.0000,0.0000,0.0000,0.550415,-0.449097,0.697998,0.090515,8.002,75.0,-1
1785797509.336,1050,261135,0,0.00000000,0.00000000,0.00,0,0,-39.69,-0.061,0.0000,0.0000,0.0000,0.0000,0.550415,-0.449097,0.697998,0.090515,8.001,76.2,-1
1785797509.524,1051,261364,0,0.00000000,0.00000000,0.00,0,0,-39.73,-0.080,0.0000,0.0000,0.0000,0.0000,0.550415,-0.449097,0.697998,0.090515,8.000,75.0,-1
1785797509.776,1052,261582,0,0.00000000,0.00000000,0.00,0,0,-39.75,-0.073,0.0000,0.0000,0.0000,0.0000,0.550415,-0.449097,0.697998,0.090515,8.004,76.2,-1
1785797509.965,1053,261801,0,0.00000000,0.00000000,0.00,0,0,-39.73,-0.060,0.0000,0.0000,0.0000,0.0000,0.550476,-0.449036,0.697937,0.090515,8.002,83.8,-1
1785797510.214,1054,262024,0,0.00000000,0.00000000,0.00,0,0,-39.80,-0.096,0.0000,0.0000,0.0000,0.0000,0.550537,-0.449036,0.697937,0.090576,8.004,75.0,-1
1785797510.401,1055,262236,0,0.00000000,0.00000000,0.00,0,0,-39.84,-0.103,0.0000,0.0000,0.0000,0.0000,0.550476,-0.449036,0.697937,0.090576,8.000,76.2,-1
1785797510.653,1056,262464,0,0.00000000,0.00000000,0.00,0,0,-39.72,-0.010,0.0000,0.0000,0.0000,0.0000,0.550415,-0.449036,0.697998,0.090576,8.001,82.5,-1
1785797510.840,1057,262684,0,0.00000000,0.00000000,0.00,0,0,-39.71,-0.008,0.0000,0.0000,0.0000,0.0000,0.550415,-0.449036,0.697998,0.090576,8.002,81.2,-1
1785797511.095,1058,262905,0,0.00000000,0.00000000,0.00,0,0,-39.78,-0.049,0.0000,0.0000,0.0000,0.0000,0.550415,-0.449036,0.697998,0.090576,8.002,80.0,-1
1785797511.348,1059,263149,0,0.00000000,0.00000000,0.00,0,0,-39.81,-0.051,0.0000,0.0000,0.0000,0.0000,0.550476,-0.449036,0.697937,0.090576,8.004,77.5,-1
1785797511.537,1060,263375,0,0.00000000,0.00000000,0.00,0,0,-39.76,-0.037,0.0000,0.0000,0.0000,0.0000,0.550537,-0.449036,0.697937,0.090576,8.002,76.2,-1
1785797511.786,1061,263597,0,0.00000000,0.00000000,0.00,0,0,-39.70,0.002,0.0000,0.0000,0.0000,0.0000,0.550537,-0.449036,0.697937,0.090576,8.002,82.5,-1
1785797511.975,1062,263818,0,0.00000000,0.00000000,0.00,0,0,-39.74,-0.027,0.0000,0.0000,0.0000,0.0000,0.550476,-0.449036,0.697937,0.090576,8.005,75.0,-1
1785797512.226,1063,264042,0,0.00000000,0.00000000,0.00,0,0,-39.87,-0.092,0.0000,0.0000,0.0000,0.0000,0.550476,-0.449036,0.697937,0.090576,8.005,75.0,-1
1785797512.416,1064,264256,0,0.00000000,0.00000000,0.00,0,0,-39.68,0.035,0.0000,0.0000,0.0000,0.0000,0.550476,-0.449036,0.697937,0.090576,8.001,81.2,-1
1785797512.672,1065,264478,0,0.00000000,0.00000000,0.00,0,0,-39.80,-0.042,0.0000,0.0000,0.0000,0.0000,0.550476,-0.449036,0.697937,0.090576,8.006,76.2,-1
1785797512.862,1066,264698,0,0.00000000,0.00000000,0.00,0,0,-39.79,-0.035,0.0000,0.0000,0.0000,0.0000,0.550476,-0.449036,0.697937,0.090515,8.004,77.5,-1
1785797513.112,1067,264917,0,0.00000000,0.00000000,0.00,0,0,-39.77,-0.011,0.0000,0.0000,0.0000,0.0000,0.550476,-0.449036,0.697937,0.090576,8.004,76.2,-1
1785797513.300,1068,265137,0,0.00000000,0.00000000,0.00,0,0,-39.78,-0.003,0.0000,0.0000,0.0000,0.0000,0.550476,-0.449036,0.697937,0.090576,8.005,78.8,-1
1785797513.548,1069,265361,0,0.00000000,0.00000000,0.00,0,0,-39.70,0.057,0.0000,0.0000,0.0000,0.0000,0.550476,-0.449036,0.697937,0.090576,8.004,76.2,-1
1785797513.737,1070,265582,0,0.00000000,0.00000000,0.00,0,0,-39.77,0.025,0.0000,0.0000,0.0000,0.0000,0.550476,-0.449036,0.697998,0.090576,8.004,72.5,-1
1785797513.987,1071,265782,0,0.00000000,0.00000000,0.00,0,0,-39.68,0.073,0.0000,0.0000,0.0000,0.0000,0.550476,-0.449036,0.697937,0.090576,8.004,76.2,-1
1785797514.178,1072,266005,0,0.00000000,0.00000000,0.00,0,0,-39.64,0.101,0.0000,0.0000,0.0000,0.0000,0.550476,-0.449036,0.697937,0.090576,8.004,81.2,-1
1785797514.431,1073,266223,0,0.00000000,0.00000000,0.00,0,0,-39.85,-0.005,0.0000,0.0000,0.0000,0.0000,0.550476,-0.449036,0.697937,0.090576,8.005,75.0,-1
1785797514.619,1074,266440,0,0.00000000,0.00000000,0.00,0,0,-39.72,0.064,0.0000,0.0000,0.0000,0.0000,0.550476,-0.449036,0.697937,0.090576,8.004,80.0,-1
1785797514.872,1075,266663,0,0.00000000,0.00000000,0.00,0,0,-39.76,0.026,0.0000,0.0000,0.0000,0.0000,0.550476,-0.449036,0.697998,0.090637,8.001,73.8,-1
1785797515.059,1076,266882,0,0.00000000,0.00000000,0.00,0,0,-39.72,0.045,0.0000,0.0000,0.0000,0.0000,0.550476,-0.448975,0.697998,0.090637,8.005,75.0,-1
1785797515.310,1077,267104,0,0.00000000,0.00000000,0.00,0,0,-39.66,0.081,0.0000,0.0000,0.0000,0.0000,0.550476,-0.448975,0.697998,0.090637,8.004,77.5,-1
1785797515.499,1078,267324,0,0.00000000,0.00000000,0.00,0,0,-39.72,0.030,0.0000,0.0000,0.0000,0.0000,0.550415,-0.449036,0.697998,0.090576,8.004,73.8,-1
1785797515.750,1079,267546,0,0.00000000,0.00000000,0.00,0,0,-39.71,0.039,0.0000,0.0000,0.0000,0.0000,0.550415,-0.449036,0.697998,0.090576,8.004,72.5,-1
1785797515.940,1080,267776,0,0.00000000,0.00000000,0.00,0,0,-39.70,0.046,0.0000,0.0000,0.0000,0.0000,0.550415,-0.449036,0.697998,0.090576,8.005,76.2,-1
1785797516.190,1081,267992,0,0.00000000,0.00000000,0.00,0,0,-39.64,0.084,0.0000,0.0000,0.0000,0.0000,0.550415,-0.449036,0.697998,0.090576,8.002,77.5,-1
1785797516.380,1082,268208,0,0.00000000,0.00000000,0.00,0,0,-39.71,0.038,0.0000,0.0000,0.0000,0.0000,0.550415,-0.448914,0.698059,0.090576,8.004,78.8,-1
1785797516.630,1083,268430,0,0.00000000,0.00000000,0.00,0,0,-39.69,0.048,0.0000,0.0000,0.0000,0.0000,0.550537,-0.448730,0.698120,0.090637,8.002,75.0,-1
1785797516.818,1084,268655,0,0.00000000,0.00000000,0.00,0,0,-39.66,0.061,0.0000,0.0000,0.0000,0.0000,0.550415,-0.448853,0.698120,0.090576,8.002,82.5,-1
1785797517.071,1085,268879,0,0.00000000,0.00000000,0.00,0,0,-39.62,0.061,0.0000,0.0000,0.0000,0.0000,0.550415,-0.448914,0.698059,0.090515,8.004,75.0,-1
1785797517.259,1086,269098,0,0.00000000,0.00000000,0.00,0,0,-39.53,0.120,0.0000,0.0000,0.0000,0.0000,0.550415,-0.448853,0.698120,0.090454,8.004,82.5,-1
1785797517.513,1087,269307,0,0.00000000,0.00000000,0.00,0,0,-39.59,0.082,0.0000,0.0000,0.0000,0.0000,0.550415,-0.448853,0.698120,0.090454,8.002,73.8,-1
1785797517.703,1088,269529,0,0.00000000,0.00000000,0.00,0,0,-39.57,0.086,0.0000,0.0000,0.0000,0.0000,0.550415,-0.448853,0.698120,0.090454,8.001,78.8,-1
1785797517.957,1089,269746,0,0.00000000,0.00000000,0.00,0,0,-39.57,0.054,0.0000,0.0000,0.0000,0.0000,0.550354,-0.448914,0.698120,0.090454,8.002,76.2,-1
1785797518.146,1090,269971,0,0.00000000,0.00000000,0.00,0,0,-39.45,0.112,0.0000,0.0000,0.0000,0.0000,0.550293,-0.448914,0.698181,0.090454,8.001,80.0,-1
1785797518.394,1091,270185,0,0.00000000,0.00000000,0.00,0,0,-39.45,0.079,0.0000,0.0000,0.0000,0.0000,0.550354,-0.448914,0.698120,0.090454,8.002,78.8,-1
1785797518.583,1092,270411,0,0.00000000,0.00000000,0.00,0,0,-39.51,0.019,0.0000,0.0000,0.0000,0.0000,0.550415,-0.448914,0.698120,0.090454,8.002,75.0,-1
1785797518.831,1093,270631,0,0.00000000,0.00000000,0.00,0,0,-39.38,0.099,0.0000,0.0000,0.0000,0.0000,0.550415,-0.448914,0.698120,0.090454,8.005,73.8,-1
1785797519.016,1094,270851,0,0.00000000,0.00000000,0.00,0,0,-39.41,0.065,0.0000,0.0000,0.0000,0.0000,0.550415,-0.448914,0.698120,0.090393,8.004,73.8,-1
1785797519.268,1095,271072,0,0.00000000,0.00000000,0.00,0,0,-39.35,0.088,0.0000,0.0000,0.0000,0.0000,0.550415,-0.448914,0.698059,0.090393,8.005,75.0,-1
1785797519.452,1096,271286,0,0.00000000,0.00000000,0.00,0,0,-39.34,0.080,0.0000,0.0000,0.0000,0.0000,0.550476,-0.448914,0.698059,0.090393,8.004,75.0,-1
1785797519.703,1097,271512,0,0.00000000,0.00000000,0.00,0,0,-39.29,0.119,0.0000,0.0000,0.0000,0.0000,0.550537,-0.448914,0.697998,0.090332,8.002,77.5,-1
1785797519.891,1098,271729,0,0.00000000,0.00000000,0.00,0,0,-39.29,0.110,0.0000,0.0000,0.0000,0.0000,0.550598,-0.448914,0.697937,0.090332,8.001,77.5,-1
1785797520.144,1099,271955,0,0.00000000,0.00000000,0.00,0,0,-39.22,0.119,0.0000,0.0000,0.0000,0.0000,0.550598,-0.448914,0.697998,0.090393,8.001,73.8,-1
1785797520.335,1100,272171,0,0.00000000,0.00000000,0.00,0,0,-39.18,0.147,0.0000,0.0000,0.0000,0.0000,0.550537,-0.448914,0.697998,0.090393,8.001,78.8,-1
1785797520.586,1101,272397,0,0.00000000,0.00000000,0.00,0,0,-39.04,0.208,0.0000,0.0000,0.0000,0.0000,0.550537,-0.448853,0.697998,0.090393,8.002,73.8,-1
1785797520.837,1102,272624,0,0.00000000,0.00000000,0.00,0,0,-38.97,0.227,0.0000,0.0000,0.0000,0.0000,0.550537,-0.448914,0.698059,0.090393,8.004,76.2,-1
1785797521.027,1103,272845,0,0.00000000,0.00000000,0.00,0,0,-39.09,0.130,0.0000,0.0000,0.0000,0.0000,0.550476,-0.448914,0.698059,0.090393,8.005,75.0,-1
1785797521.277,1104,273065,0,0.00000000,0.00000000,0.00,0,0,-39.06,0.121,0.0000,0.0000,0.0000,0.0000,0.550415,-0.448914,0.698120,0.090393,8.002,73.8,-1
1785797521.466,1105,273286,0,0.00000000,0.00000000,0.00,0,0,-38.95,0.160,0.0000,0.0000,0.0000,0.0000,0.550354,-0.448914,0.698120,0.090393,8.004,78.8,-1
1785797521.718,1106,273506,0,0.00000000,0.00000000,0.00,0,0,-38.95,0.135,0.0000,0.0000,0.0000,0.0000,0.550354,-0.448914,0.698120,0.090393,8.002,72.5,-1
1785797521.908,1107,273727,0,0.00000000,0.00000000,0.00,0,0,-39.00,0.075,0.0000,0.0000,0.0000,0.0000,0.550354,-0.448914,0.698181,0.090393,8.002,75.0,-1
1785797522.159,1108,273949,0,0.00000000,0.00000000,0.00,0,0,-38.99,0.078,0.0000,0.0000,0.0000,0.0000,0.550232,-0.448975,0.698242,0.090393,8.001,78.8,-1
1785797522.346,1109,274169,0,0.00000000,0.00000000,0.00,0,0,-38.97,0.064,0.0000,0.0000,0.0000,0.0000,0.550232,-0.448975,0.698181,0.090332,8.001,80.0,-1
1785797522.597,1110,274387,0,0.00000000,0.00000000,0.00,0,0,-39.12,-0.028,0.0000,0.0000,0.0000,0.0000,0.550232,-0.449036,0.698181,0.090332,8.002,78.8,-1
1785797522.783,1111,274611,0,0.00000000,0.00000000,0.00,0,0,-38.99,0.062,0.0000,0.0000,0.0000,0.0000,0.550354,-0.448975,0.698059,0.090454,8.002,80.0,-1
1785797522.987,1112,274837,0,0.00000000,0.00000000,0.00,0,0,-39.12,-0.025,0.0000,0.0000,0.0000,0.0000,0.550354,-0.449097,0.698059,0.090393,8.002,78.8,-1
1785797523.243,1113,275061,0,0.00000000,0.00000000,0.00,0,0,-38.99,0.044,0.0000,0.0000,0.0000,0.0000,0.550232,-0.449158,0.698059,0.090332,8.002,77.5,-1
1785797523.496,1114,275281,0,0.00000000,0.00000000,0.00,0,0,-39.17,-0.059,0.0000,0.0000,0.0000,0.0000,0.550293,-0.449158,0.698059,0.090332,8.001,75.0,-1
1785797523.682,1115,275501,0,0.00000000,0.00000000,0.00,0,0,-39.20,-0.069,0.0000,0.0000,0.0000,0.0000,0.550293,-0.449097,0.698059,0.090393,8.006,80.0,-1
1785797523.872,1116,275720,0,0.00000000,0.00000000,0.00,0,0,-39.20,-0.062,0.0000,0.0000,0.0000,0.0000,0.550354,-0.449097,0.698059,0.090393,8.002,82.5,-1
1785797524.123,1117,275943,0,0.00000000,0.00000000,0.00,0,0,-39.23,-0.090,0.0000,0.0000,0.0000,0.0000,0.550354,-0.449097,0.697998,0.090454,8.005,76.2,-1
1785797524.371,1118,276160,0,0.00000000,0.00000000,0.00,0,0,-39.21,-0.062,0.0000,0.0000,0.0000,0.0000,0.550293,-0.449097,0.698059,0.090393,8.004,80.0,-1
1785797524.561,1119,276384,0,0.00000000,0.00000000,0.00,0,0,-39.26,-0.074,0.0000,0.0000,0.0000,0.0000,0.550354,-0.449097,0.698059,0.090454,8.004,80.0,-1
1785797524.814,1120,276604,0,0.00000000,0.00000000,0.00,0,0,-39.21,-0.028,0.0000,0.0000,0.0000,0.0000,0.550354,-0.449036,0.698059,0.090454,8.002,80.0,-1
1785797525.005,1121,276822,0,0.00000000,0.00000000,0.00,0,0,-39.36,-0.140,0.0000,0.0000,0.0000,0.0000,0.550354,-0.449036,0.698059,0.090515,8.001,78.8,-1
1785797525.255,1122,277045,0,0.00000000,0.00000000,0.00,0,0,-39.27,-0.074,0.0000,0.0000,0.0000,0.0000,0.550415,-0.449036,0.697998,0.090515,8.004,78.8,-1
1785797525.443,1123,277263,0,0.00000000,0.00000000,0.00,0,0,-39.39,-0.119,0.0000,0.0000,0.0000,0.0000,0.550415,-0.449036,0.697998,0.090515,8.002,78.8,-1
1785797525.690,1124,277487,0,0.00000000,0.00000000,0.00,0,0,-39.42,-0.133,0.0000,0.0000,0.0000,0.0000,0.550415,-0.449036,0.697998,0.090515,8.004,76.2,-1
1785797525.876,1125,277709,0,0.00000000,0.00000000,0.00,0,0,-39.53,-0.207,0.0000,0.0000,0.0000,0.0000,0.550415,-0.449036,0.697998,0.090515,8.002,77.5,-1
1785797526.129,1126,277937,0,0.00000000,0.00000000,0.00,0,0,-39.36,-0.086,0.0000,0.0000,0.0000,0.0000,0.550415,-0.448975,0.697998,0.090515,8.004,80.0,-1
1785797526.316,1127,278151,0,0.00000000,0.00000000,0.00,0,0,-39.33,-0.048,0.0000,0.0000,0.0000,0.0000,0.550354,-0.449036,0.698059,0.090515,8.001,80.0,-1
1785797526.569,1128,278379,0,0.00000000,0.00000000,0.00,0,0,-39.49,-0.129,0.0000,0.0000,0.0000,0.0000,0.550415,-0.449036,0.698059,0.090515,8.002,77.5,-1
1785797526.757,1129,278605,0,0.00000000,0.00000000,0.00,0,0,-39.35,-0.024,0.0000,0.0000,0.0000,0.0000,0.550354,-0.449036,0.698059,0.090515,8.001,83.8,-1
1785797527.008,1130,278830,0,0.00000000,0.00000000,0.00,0,0,-39.48,-0.081,0.0000,0.0000,0.0000,0.0000,0.550354,-0.449036,0.698059,0.090515,8.002,77.5,-1
1785797527.261,1131,279058,0,0.00000000,0.00000000,0.00,0,0,-39.44,-0.042,0.0000,0.0000,0.0000,0.0000,0.550293,-0.449036,0.698059,0.090515,8.001,80.0,-1
1785797527.448,1132,279279,0,0.00000000,0.00000000,0.00,0,0,-39.50,-0.078,0.0000,0.0000,0.0000,0.0000,0.550293,-0.449036,0.698120,0.090515,8.002,82.5,-1
1785797527.701,1133,279498,0,0.00000000,0.00000000,0.00,0,0,-39.38,-0.000,0.0000,0.0000,0.0000,0.0000,0.550293,-0.449036,0.698120,0.090515,8.001,81.2,-1
1785797527.892,1134,279722,0,0.00000000,0.00000000,0.00,0,0,-39.43,-0.016,0.0000,0.0000,0.0000,0.0000,0.550354,-0.449036,0.698059,0.090515,8.000,77.5,-1
1785797528.145,1135,279940,0,0.00000000,0.00000000,0.00,0,0,-39.45,-0.034,0.0000,0.0000,0.0000,0.0000,0.550415,-0.449036,0.697998,0.090454,8.000,78.8,-1
1785797528.333,1136,280154,0,0.00000000,0.00000000,0.00,0,0,-39.46,-0.032,0.0000,0.0000,0.0000,0.0000,0.550415,-0.449036,0.697998,0.090515,8.001,77.5,-1
1785797528.585,1137,280383,0,0.00000000,0.00000000,0.00,0,0,-39.58,-0.102,0.0000,0.0000,0.0000,0.0000,0.550415,-0.449036,0.697998,0.090515,8.005,76.2,-1
1785797528.773,1138,280609,0,0.00000000,0.00000000,0.00,0,0,-39.51,-0.051,0.0000,0.0000,0.0000,0.0000,0.550415,-0.449036,0.697998,0.090515,8.004,80.0,-1
1785797529.025,1139,280832,0,0.00000000,0.00000000,0.00,0,0,-39.54,-0.066,0.0000,0.0000,0.0000,0.0000,0.550415,-0.449036,0.697998,0.090515,8.002,80.0,-1
1785797529.212,1140,281057,0,0.00000000,0.00000000,0.00,0,0,-39.44,0.002,0.0000,0.0000,0.0000,0.0000,0.550415,-0.448975,0.697998,0.090515,8.005,77.5,-1
1785797529.467,1141,281272,0,0.00000000,0.00000000,0.00,0,0,-39.48,-0.036,0.0000,0.0000,0.0000,0.0000,0.550476,-0.448975,0.697998,0.090515,8.005,80.0,-1
1785797529.657,1142,281493,0,0.00000000,0.00000000,0.00,0,0,-39.55,-0.083,0.0000,0.0000,0.0000,0.0000,0.550476,-0.448975,0.697998,0.090515,8.005,80.0,-1
1785797529.905,1143,281715,0,0.00000000,0.00000000,0.00,0,0,-39.51,-0.050,0.0000,0.0000,0.0000,0.0000,0.550415,-0.449036,0.697998,0.090515,8.004,78.8,-1
1785797530.094,1144,281936,0,0.00000000,0.00000000,0.00,0,0,-39.54,-0.072,0.0000,0.0000,0.0000,0.0000,0.550354,-0.449036,0.698059,0.090454,8.005,72.5,-1
1785797530.345,1145,282149,0,0.00000000,0.00000000,0.00,0,0,-39.49,-0.050,0.0000,0.0000,0.0000,0.0000,0.550354,-0.449036,0.698059,0.090454,8.002,81.2,-1
1785797530.535,1146,282373,0,0.00000000,0.00000000,0.00,0,0,-39.65,-0.130,0.0000,0.0000,0.0000,0.0000,0.550354,-0.449097,0.698059,0.090454,8.005,80.0,-1
1785797530.787,1147,282597,0,0.00000000,0.00000000,0.00,0,0,-39.70,-0.152,0.0000,0.0000,0.0000,0.0000,0.550354,-0.449036,0.697998,0.090454,8.002,76.2,-1
1785797530.978,1148,282815,0,0.00000000,0.00000000,0.00,0,0,-39.55,-0.045,0.0000,0.0000,0.0000,0.0000,0.550415,-0.449036,0.697998,0.090454,8.005,80.0,-1
1785797531.231,1149,283036,0,0.00000000,0.00000000,0.00,0,0,-39.59,-0.056,0.0000,0.0000,0.0000,0.0000,0.550415,-0.449036,0.697998,0.090515,8.005,75.0,-1
1785797531.419,1150,283256,0,0.00000000,0.00000000,0.00,0,0,-39.67,-0.104,0.0000,0.0000,0.0000,0.0000,0.550415,-0.449036,0.697998,0.090515,8.005,77.5,-1
1785797531.667,1151,283478,0,0.00000000,0.00000000,0.00,0,0,-39.63,-0.083,0.0000,0.0000,0.0000,0.0000,0.550415,-0.449036,0.697998,0.090515,8.005,77.5,-1
1785797531.919,1152,283706,0,0.00000000,0.00000000,0.00,0,0,-39.63,-0.072,0.0000,0.0000,0.0000,0.0000,0.550476,-0.448975,0.697998,0.090515,8.005,77.5,-1
1785797532.109,1153,283930,0,0.00000000,0.00000000,0.00,0,0,-39.64,-0.066,0.0000,0.0000,0.0000,0.0000,0.550537,-0.448914,0.697998,0.090515,8.004,77.5,-1
1785797532.300,1154,284148,0,0.00000000,0.00000000,0.00,0,0,-39.61,-0.080,0.0000,0.0000,0.0000,0.0000,0.550598,-0.448914,0.697937,0.090576,8.002,78.8,-1
1785797532.551,1155,284371,0,0.00000000,0.00000000,0.00,0,0,-39.58,-0.052,0.0000,0.0000,0.0000,0.0000,0.550598,-0.448914,0.697937,0.090515,8.005,80.0,-1
1785797532.800,1156,284593,0,0.00000000,0.00000000,0.00,0,0,-39.47,0.043,0.0000,0.0000,0.0000,0.0000,0.550598,-0.449097,0.697876,0.090454,8.004,80.0,-1
1785797532.990,1157,284822,0,0.00000000,0.00000000,0.00,0,0,-39.55,-0.004,0.0000,0.0000,0.0000,0.0000,0.550720,-0.449097,0.697754,0.090332,8.002,76.2,-1
1785797533.240,1158,285041,0,0.00000000,0.00000000,0.00,0,0,-39.67,-0.088,0.0000,0.0000,0.0000,0.0000,0.550659,-0.449097,0.697815,0.090393,8.004,77.5,-1
1785797533.427,1159,285256,0,0.00000000,0.00000000,0.00,0,0,-39.67,-0.075,0.0000,0.0000,0.0000,0.0000,0.550659,-0.449097,0.697815,0.090393,8.004,81.2,-1
1785797533.680,1160,285479,0,0.00000000,0.00000000,0.00,0,0,-39.60,-0.015,0.0000,0.0000,0.0000,0.0000,0.550659,-0.449158,0.697815,0.090271,8.004,78.8,-1
1785797533.869,1161,285701,0,0.00000000,0.00000000,0.00,0,0,-39.60,-0.020,0.0000,0.0000,0.0000,0.0000,0.550720,-0.449097,0.697754,0.090332,8.004,78.8,-1
1785797534.123,1162,285922,0,0.00000000,0.00000000,0.00,0,0,-39.64,-0.057,0.0000,0.0000,0.0000,0.0000,0.550720,-0.449097,0.697754,0.090393,8.006,78.8,-1
1785797534.312,1163,286135,0,0.00000000,0.00000000,0.00,0,0,-39.64,-0.072,0.0000,0.0000,0.0000,0.0000,0.550781,-0.449097,0.697693,0.090393,8.002,77.5,-1
1785797534.563,1164,286358,0,0.00000000,0.00000000,0.00,0,0,-39.55,-0.004,0.0000,0.0000,0.0000,0.0000,0.550720,-0.449097,0.697754,0.090454,8.005,76.2,-1
1785797534.752,1165,286582,0,0.00000000,0.00000000,0.00,0,0,-39.59,-0.017,0.0000,0.0000,0.0000,0.0000,0.550659,-0.449158,0.697754,0.090393,8.005,78.8,-1
1785797535.005,1166,286804,0,0.00000000,0.00000000,0.00,0,0,-39.68,-0.054,0.0000,0.0000,0.0000,0.0000,0.550720,-0.449036,0.697815,0.090454,8.002,82.5,-1
1785797535.196,1167,287024,0,0.00000000,0.00000000,0.00,0,0,-39.71,-0.063,0.0000,0.0000,0.0000,0.0000,0.550537,-0.448975,0.697937,0.090515,8.002,81.2,-1
1785797535.450,1168,287235,0,0.00000000,0.00000000,0.00,0,0,-39.55,0.027,0.0000,0.0000,0.0000,0.0000,0.550659,-0.448975,0.697876,0.090637,8.002,85.0,-1
1785797535.638,1169,287456,0,0.00000000,0.00000000,0.00,0,0,-39.60,0.007,0.0000,0.0000,0.0000,0.0000,0.550598,-0.448853,0.697998,0.090576,8.000,80.0,-1
1785797535.888,1170,287677,0,0.00000000,0.00000000,0.00,0,0,-39.67,-0.034,0.0000,0.0000,0.0000,0.0000,0.550476,-0.448914,0.697998,0.090698,8.004,81.2,-1
1785797536.077,1171,287902,0,0.00000000,0.00000000,0.00,0,0,-39.75,-0.076,0.0000,0.0000,0.0000,0.0000,0.550415,-0.448914,0.698059,0.090698,8.001,81.2,-1
1785797536.326,1172,288148,0,0.00000000,0.00000000,0.00,0,0,-39.67,-0.043,0.0000,0.0000,0.0000,0.0000,0.550476,-0.448914,0.697998,0.090637,8.004,75.0,-1
1785797536.576,1173,288369,0,0.00000000,0.00000000,0.00,0,0,-39.61,-0.012,0.0000,0.0000,0.0000,0.0000,0.550476,-0.448975,0.697937,0.090698,8.006,73.8,-1
1785797536.766,1174,288589,0,0.00000000,0.00000000,0.00,0,0,-39.68,-0.059,0.0000,0.0000,0.0000,0.0000,0.550415,-0.448975,0.697998,0.090698,8.004,75.0,-1
1785797537.020,1175,288811,0,0.00000000,0.00000000,0.00,0,0,-39.72,-0.087,0.0000,0.0000,0.0000,0.0000,0.550415,-0.449036,0.697998,0.090637,8.002,72.5,-1
1785797537.210,1176,289032,0,0.00000000,0.00000000,0.00,0,0,-39.67,-0.047,0.0000,0.0000,0.0000,0.0000,0.550415,-0.449097,0.697998,0.090576,8.002,73.8,-1
1785797537.463,1177,289250,0,0.00000000,0.00000000,0.00,0,0,-39.69,-0.037,0.0000,0.0000,0.0000,0.0000,0.550476,-0.449036,0.697937,0.090576,8.002,73.8,-1
1785797537.653,1178,289471,0,0.00000000,0.00000000,0.00,0,0,-39.68,-0.007,0.0000,0.0000,0.0000,0.0000,0.550537,-0.449036,0.697876,0.090576,8.001,72.5,-1
1785797537.903,1179,289692,0,0.00000000,0.00000000,0.00,0,0,-39.64,0.023,0.0000,0.0000,0.0000,0.0000,0.550598,-0.449036,0.697876,0.090576,8.002,72.5,-1
1785797538.093,1180,289909,0,0.00000000,0.00000000,0.00,0,0,-39.59,0.048,0.0000,0.0000,0.0000,0.0000,0.550659,-0.449036,0.697815,0.090515,8.001,78.8,-1
1785797538.346,1181,290154,0,0.00000000,0.00000000,0.00,0,0,-39.70,0.009,0.0000,0.0000,0.0000,0.0000,0.550659,-0.449097,0.697815,0.090454,8.002,73.8,-1
1785797538.536,1182,290383,0,0.00000000,0.00000000,0.00,0,0,-39.74,-0.033,0.0000,0.0000,0.0000,0.0000,0.550598,-0.449158,0.697815,0.090393,8.002,77.5,-1
1785797538.786,1183,290601,0,0.00000000,0.00000000,0.00,0,0,-39.62,0.039,0.0000,0.0000,0.0000,0.0000,0.550537,-0.449158,0.697815,0.090332,8.002,80.0,-1
1785797539.038,1184,290824,0,0.00000000,0.00000000,0.00,0,0,-39.73,-0.025,0.0000,0.0000,0.0000,0.0000,0.550537,-0.449158,0.697876,0.090393,8.002,78.8,-1
1785797539.223,1185,291046,0,0.00000000,0.00000000,0.00,0,0,-39.66,0.011,0.0000,0.0000,0.0000,0.0000,0.550537,-0.449097,0.697876,0.090454,8.004,73.8,-1
1785797539.474,1186,291262,0,0.00000000,0.00000000,0.00,0,0,-39.69,0.000,0.0000,0.0000,0.0000,0.0000,0.550537,-0.449097,0.697876,0.090454,8.004,81.2,-1
1785797539.661,1187,291485,0,0.00000000,0.00000000,0.00,0,0,-39.61,0.064,0.0000,0.0000,0.0000,0.0000,0.550476,-0.449097,0.697937,0.090454,8.000,83.8,-1
1785797539.911,1188,291702,0,0.00000000,0.00000000,0.00,0,0,-39.61,0.048,0.0000,0.0000,0.0000,0.0000,0.550476,-0.449097,0.697937,0.090454,8.001,78.8,-1
1785797540.098,1189,291925,0,0.00000000,0.00000000,0.00,0,0,-39.75,-0.042,0.0000,0.0000,0.0000,0.0000,0.550476,-0.449097,0.697937,0.090515,8.004,76.2,-1
1785797540.347,1190,292137,0,0.00000000,0.00000000,0.00,0,0,-39.78,-0.053,0.0000,0.0000,0.0000,0.0000,0.550476,-0.449097,0.697937,0.090454,8.001,77.5,-1
1785797540.533,1191,292356,0,0.00000000,0.00000000,0.00,0,0,-39.73,-0.010,0.0000,0.0000,0.0000,0.0000,0.550415,-0.449097,0.697937,0.090515,8.004,78.8,-1
1785797540.783,1192,292577,0,0.00000000,0.00000000,0.00,0,0,-39.58,0.063,0.0000,0.0000,0.0000,0.0000,0.550415,-0.449097,0.697937,0.090515,8.002,76.2,-1
1785797540.971,1193,292798,0,0.00000000,0.00000000,0.00,0,0,-39.67,0.000,0.0000,0.0000,0.0000,0.0000,0.550476,-0.449097,0.697937,0.090515,8.004,72.5,-1
1785797541.223,1194,293019,0,0.00000000,0.00000000,0.00,0,0,-39.73,-0.022,0.0000,0.0000,0.0000,0.0000,0.550476,-0.449036,0.697937,0.090576,8.004,78.8,-1
1785797541.414,1195,293239,0,0.00000000,0.00000000,0.00,0,0,-39.67,0.028,0.0000,0.0000,0.0000,0.0000,0.550476,-0.449036,0.697937,0.090576,8.004,76.2,-1
1785797541.665,1196,293456,0,0.00000000,0.00000000,0.00,0,0,-39.69,0.009,0.0000,0.0000,0.0000,0.0000,0.550476,-0.449036,0.697937,0.090576,8.001,78.8,-1
1785797541.852,1197,293681,0,0.00000000,0.00000000,0.00,0,0,-39.68,0.007,0.0000,0.0000,0.0000,0.0000,0.550476,-0.449036,0.697937,0.090576,8.002,73.8,-1
1785797542.102,1198,293904,0,0.00000000,0.00000000,0.00,0,0,-39.64,0.024,0.0000,0.0000,0.0000,0.0000,0.550476,-0.449036,0.697937,0.090576,8.004,76.2,-1
1785797542.352,1199,294153,0,0.00000000,0.00000000,0.00,0,0,-39.64,0.024,0.0000,0.0000,0.0000,0.0000,0.550476,-0.449036,0.697937,0.090576,8.002,76.2,-1
1785797542.539,1200,294373,0,0.00000000,0.00000000,0.00,0,0,-39.61,0.028,0.0000,0.0000,0.0000,0.0000,0.550476,-0.449036,0.697937,0.090515,8.005,73.8,-1
1785797542.726,1201,294574,0,0.00000000,0.00000000,0.00,0,0,-39.53,0.085,0.0000,0.0000,0.0000,0.0000,0.550476,-0.449036,0.697937,0.090576,8.002,73.8,-1
1785797542.977,1202,294797,0,0.00000000,0.00000000,0.00,0,0,-39.58,0.052,0.0000,0.0000,0.0000,0.0000,0.550476,-0.449036,0.697937,0.090515,8.001,80.0,-1
1785797543.227,1203,295024,0,0.00000000,0.00000000,0.00,0,0,-39.60,0.049,0.0000,0.0000,0.0000,0.0000,0.550476,-0.449036,0.697937,0.090576,8.002,78.8,-1
1785797543.414,1204,295235,0,0.00000000,0.00000000,0.00,0,0,-39.73,-0.040,0.0000,0.0000,0.0000,0.0000,0.550476,-0.449036,0.697937,0.090576,8.002,78.8,-1
1785797543.664,1205,295461,0,0.00000000,0.00000000,0.00,0,0,-39.70,-0.024,0.0000,0.0000,0.0000,0.0000,0.550476,-0.449097,0.697937,0.090515,8.002,80.0,-1
1785797543.850,1206,295684,0,0.00000000,0.00000000,0.00,0,0,-39.60,0.027,0.0000,0.0000,0.0000,0.0000,0.550476,-0.449097,0.697937,0.090454,8.004,78.8,-1
1785797544.101,1207,295905,0,0.00000000,0.00000000,0.00,0,0,-39.65,-0.015,0.0000,0.0000,0.0000,0.0000,0.550476,-0.449158,0.697876,0.090393,8.002,73.8,-1
1785797544.355,1208,296148,0,0.00000000,0.00000000,0.00,0,0,-39.54,0.049,0.0000,0.0000,0.0000,0.0000,0.550537,-0.449158,0.697876,0.090393,8.001,76.2,-1
1785797544.547,1209,296375,0,0.00000000,0.00000000,0.00,0,0,-39.60,0.007,0.0000,0.0000,0.0000,0.0000,0.550415,-0.449097,0.697998,0.090515,8.005,77.5,-1
1785797544.799,1210,296600,0,0.00000000,0.00000000,0.00,0,0,-39.66,-0.054,0.0000,0.0000,0.0000,0.0000,0.550476,-0.449036,0.697937,0.090576,7.999,83.8,-1
1785797544.986,1211,296825,0,0.00000000,0.00000000,0.00,0,0,-39.63,-0.030,0.0000,0.0000,0.0000,0.0000,0.550537,-0.448975,0.697937,0.090515,8.001,76.2,-1
1785797545.237,1212,297044,0,0.00000000,0.00000000,0.00,0,0,-39.52,0.020,0.0000,0.0000,0.0000,0.0000,0.550476,-0.449097,0.697937,0.090576,8.001,76.2,-1
1785797545.423,1213,297258,0,0.00000000,0.00000000,0.00,0,0,-39.72,-0.114,0.0000,0.0000,0.0000,0.0000,0.550537,-0.449097,0.697876,0.090454,8.002,78.8,-1
1785797545.675,1214,297480,0,0.00000000,0.00000000,0.00,0,0,-39.62,-0.035,0.0000,0.0000,0.0000,0.0000,0.550537,-0.449158,0.697876,0.090454,8.004,77.5,-1
1785797545.864,1215,297701,0,0.00000000,0.00000000,0.00,0,0,-39.71,-0.097,0.0000,0.0000,0.0000,0.0000,0.550537,-0.449158,0.697876,0.090393,8.001,72.5,-1
1785797546.117,1216,297928,0,0.00000000,0.00000000,0.00,0,0,-39.62,-0.025,0.0000,0.0000,0.0000,0.0000,0.550537,-0.449219,0.697876,0.090332,8.004,73.8,-1
1785797546.306,1217,298140,0,0.00000000,0.00000000,0.00,0,0,-39.61,-0.015,0.0000,0.0000,0.0000,0.0000,0.550537,-0.449219,0.697815,0.090332,8.004,78.8,-1
1785797546.554,1218,298367,0,0.00000000,0.00000000,0.00,0,0,-39.64,-0.042,0.0000,0.0000,0.0000,0.0000,0.550537,-0.449219,0.697815,0.090332,8.001,76.2,-1
1785797546.805,1219,298590,0,0.00000000,0.00000000,0.00,0,0,-39.72,-0.079,0.0000,0.0000,0.0000,0.0000,0.550537,-0.449219,0.697815,0.090332,8.002,73.8,-1
1785797546.995,1220,298809,0,0.00000000,0.00000000,0.00,0,0,-39.69,-0.076,0.0000,0.0000,0.0000,0.0000,0.550537,-0.449219,0.697815,0.090332,8.004,76.2,-1
1785797547.246,1221,299032,0,0.00000000,0.00000000,0.00,0,0,-39.63,-0.021,0.0000,0.0000,0.0000,0.0000,0.550537,-0.449219,0.697815,0.090332,8.004,71.2,-1
1785797547.436,1222,299252,0,0.00000000,0.00000000,0.00,0,0,-39.64,-0.038,0.0000,0.0000,0.0000,0.0000,0.550537,-0.449219,0.697815,0.090332,8.004,73.8,-1
1785797547.625,1223,299470,0,0.00000000,0.00000000,0.00,0,0,-39.60,0.017,0.0000,0.0000,0.0000,0.0000,0.550537,-0.449219,0.697815,0.090332,8.002,76.2,-1
1785797547.876,1224,299693,0,0.00000000,0.00000000,0.00,0,0,-39.62,-0.000,0.0000,0.0000,0.0000,0.0000,0.550537,-0.449219,0.697815,0.090332,8.004,71.2,-1
1785797548.063,1225,299911,0,0.00000000,0.00000000,0.00,0,0,-39.57,0.031,0.0000,0.0000,0.0000,0.0000,0.550598,-0.449158,0.697754,0.090332,8.004,77.5,-1
1785797548.316,1226,300155,0,0.00000000,0.00000000,0.00,0,0,-39.61,0.015,0.0000,0.0000,0.0000,0.0000,0.550659,-0.449158,0.697754,0.090332,8.004,75.0,-1
1785797548.568,1227,300381,0,0.00000000,0.00000000,0.00,0,0,-39.66,-0.034,0.0000,0.0000,0.0000,0.0000,0.550720,-0.449219,0.697693,0.090271,8.004,81.2,-1
1785797548.757,1228,300604,0,0.00000000,0.00000000,0.00,0,0,-39.73,-0.085,0.0000,0.0000,0.0000,0.0000,0.550781,-0.449158,0.697693,0.090271,8.002,78.8,-1
1785797549.012,1229,300821,0,0.00000000,0.00000000,0.00,0,0,-39.64,-0.035,0.0000,0.0000,0.0000,0.0000,0.550781,-0.449158,0.697693,0.090271,8.001,81.2,-1
1785797549.201,1230,301046,0,0.00000000,0.00000000,0.00,0,0,-39.70,-0.070,0.0000,0.0000,0.0000,0.0000,0.550781,-0.449158,0.697632,0.090332,8.004,76.2,-1
1785797549.451,1231,301262,0,0.00000000,0.00000000,0.00,0,0,-39.60,0.005,0.0000,0.0000,0.0000,0.0000,0.550781,-0.449158,0.697693,0.090332,8.001,73.8,-1
1785797549.642,1232,301487,0,0.00000000,0.00000000,0.00,0,0,-39.69,-0.052,0.0000,0.0000,0.0000,0.0000,0.550781,-0.449158,0.697693,0.090332,8.002,75.0,-1
1785797549.892,1233,301706,0,0.00000000,0.00000000,0.00,0,0,-39.70,-0.073,0.0000,0.0000,0.0000,0.0000,0.550781,-0.449097,0.697693,0.090332,8.002,78.8,-1
1785797550.145,1234,301934,0,0.00000000,0.00000000,0.00,0,0,-39.54,0.021,0.0000,0.0000,0.0000,0.0000,0.550842,-0.449097,0.697693,0.090332,8.005,80.0,-1
1785797550.332,1235,302150,0,0.00000000,0.00000000,0.00,0,0,-39.68,-0.076,0.0000,0.0000,0.0000,0.0000,0.550842,-0.449097,0.697693,0.090332,8.001,78.8,-1
1785797550.584,1236,302378,0,0.00000000,0.00000000,0.00,0,0,-39.64,-0.040,0.0000,0.0000,0.0000,0.0000,0.550720,-0.449158,0.697693,0.090332,8.004,76.2,-1
1785797550.772,1237,302596,0,0.00000000,0.00000000,0.00,0,0,-39.61,-0.027,0.0000,0.0000,0.0000,0.0000,0.550720,-0.449158,0.697754,0.090332,8.004,85.0,-1
1785797551.023,1238,302818,0,0.00000000,0.00000000,0.00,0,0,-39.50,0.038,0.0000,0.0000,0.0000,0.0000,0.550659,-0.449158,0.697754,0.090332,8.002,76.2,-1
1785797551.214,1239,303038,0,0.00000000,0.00000000,0.00,0,0,-39.60,-0.011,0.0000,0.0000,0.0000,0.0000,0.550720,-0.449158,0.697693,0.090271,8.002,78.8,-1
1785797551.463,1240,303255,0,0.00000000,0.00000000,0.00,0,0,-39.43,0.104,0.0000,0.0000,0.0000,0.0000,0.550720,-0.449158,0.697693,0.090271,8.004,77.5,-1
1785797551.652,1241,303481,0,0.00000000,0.00000000,0.00,0,0,-39.42,0.114,0.0000,0.0000,0.0000,0.0000,0.550781,-0.449158,0.697632,0.090271,8.005,72.5,-1
1785797551.906,1242,303703,0,0.00000000,0.00000000,0.00,0,0,-39.56,0.050,0.0000,0.0000,0.0000,0.0000,0.550781,-0.449158,0.697693,0.090271,8.002,77.5,-1
1785797552.096,1243,303931,0,0.00000000,0.00000000,0.00,0,0,-39.73,-0.063,0.0000,0.0000,0.0000,0.0000,0.550720,-0.449158,0.697693,0.090332,8.006,81.2,-1
1785797552.347,1244,304147,0,0.00000000,0.00000000,0.00,0,0,-39.51,0.074,0.0000,0.0000,0.0000,0.0000,0.550720,-0.449158,0.697754,0.090332,8.002,83.8,-1
1785797552.533,1245,304374,0,0.00000000,0.00000000,0.00,0,0,-39.47,0.086,0.0000,0.0000,0.0000,0.0000,0.550659,-0.449158,0.697754,0.090332,8.004,80.0,-1
1785797552.783,1246,304596,0,0.00000000,0.00000000,0.00,0,0,-39.53,0.037,0.0000,0.0000,0.0000,0.0000,0.550659,-0.449158,0.697754,0.090332,8.005,86.2,-1
