rx_time,seq,timestamp_ms,state,lat,lon,gps_alt_m,gps_sats,gps_fix,baro_alt_m,vert_vel_ms,accel_x_g,accel_y_g,accel_z_g,accel_mag_g,quat_w,quat_x,quat_y,quat_z,voltage_v,current_ma,rssi
1785814120.898,4762,1073905,0,0.00000000,0.00000000,0.00,0,0,-39.70,-0.085,-0.6860,0.4900,1.9110,2.0887,0.464050,-0.391296,0.091064,0.789490,7.997,150.0,-1
1785814120.898,4763,1074123,0,0.00000000,0.00000000,0.00,0,0,-39.60,-0.022,-0.5880,0.3430,0.9800,1.1932,0.463989,-0.391357,0.091125,0.789429,7.997,151.2,-1
1785814122.183,4768,1075219,0,0.00000000,0.00000000,0.00,0,0,-39.66,-0.048,-0.5390,0.3430,0.7840,1.0113,0.464050,-0.391296,0.091003,0.789429,7.997,148.8,-1
1785814122.183,4769,1075448,0,0.00000000,0.00000000,0.00,0,0,-39.53,0.036,-0.5390,0.2940,0.8820,1.0747,0.464111,-0.391296,0.090942,0.789429,7.999,151.2,-1
1785814123.461,4774,1076575,0,0.00000000,0.00000000,0.00,0,0,-39.62,-0.010,-0.4900,0.2940,1.0290,1.1770,0.464050,-0.391296,0.091064,0.789490,7.997,151.2,-1
1785814124.748,4775,1076800,0,0.00000000,0.00000000,0.00,0,0,-39.55,0.052,-0.5390,0.2940,1.0290,1.1982,0.464050,-0.391296,0.091064,0.789490,8.000,148.8,-1
1785814124.748,4780,1077914,0,0.00000000,0.00000000,0.00,0,0,-39.60,0.044,-0.6860,-0.1960,1.8620,1.9940,0.464111,-0.391296,0.090942,0.789429,7.997,153.8,-1
1785814126.042,4781,1078128,0,0.00000000,0.00000000,0.00,0,0,-39.56,0.068,-0.6370,0.6860,1.1270,1.4651,0.464111,-0.391357,0.090881,0.789429,7.997,151.2,-1
1785814126.042,4785,1079028,0,0.00000000,0.00000000,0.00,0,0,-39.47,0.109,-0.5390,0.4410,1.2250,1.4091,0.464111,-0.391296,0.090820,0.789429,8.000,145.0,-1
1785814126.042,4786,1079244,0,0.00000000,0.00000000,0.00,0,0,-39.57,0.039,-0.6370,0.3430,1.4210,1.5946,0.464111,-0.391296,0.090881,0.789490,7.999,148.8,-1
1785814128.614,4797,1081688,0,0.00000000,0.00000000,0.00,0,0,-39.59,-0.048,-0.4410,0.2940,0.7350,0.9062,0.463989,-0.391602,0.091125,0.789368,7.997,146.2,-1
1785814128.614,4798,1081908,0,0.00000000,0.00000000,0.00,0,0,-39.60,-0.036,-0.6860,0.4900,1.4210,1.6523,0.463989,-0.391541,0.091125,0.789368,7.999,147.5,-1
1785814129.913,4803,1083023,0,0.00000000,0.00000000,0.00,0,0,-39.56,-0.011,0.0490,0.0000,0.6860,0.6877,0.464050,-0.391357,0.091125,0.789429,7.997,146.2,-1
1785814131.195,4804,1083242,0,0.00000000,0.00000000,0.00,0,0,-39.48,0.044,-0.4410,0.0980,1.1760,1.2598,0.464050,-0.391357,0.091125,0.789429,7.997,148.8,-1
1785814131.195,4809,1084345,0,0.00000000,0.00000000,0.00,0,0,-39.50,0.029,-0.5880,0.1960,1.1760,1.3293,0.463989,-0.391479,0.091187,0.789368,7.997,143.8,-1
1785814132.477,4810,1084568,0,0.00000000,0.00000000,0.00,0,0,-39.55,-0.021,-0.5880,0.0980,2.2540,2.3315,0.463989,-0.391479,0.091248,0.789429,7.997,148.8,-1
1785814132.477,4814,1085448,0,0.00000000,0.00000000,0.00,0,0,-39.63,-0.071,-0.3920,0.2450,1.3230,1.4014,0.463989,-0.391541,0.091187,0.789368,7.999,150.0,-1
1785814132.480,4815,1085666,0,0.00000000,0.00000000,0.00,0,0,-39.57,-0.017,-0.4410,0.4410,1.1270,1.2881,0.464050,-0.391479,0.091125,0.789368,7.997,152.5,-1
1785814133.771,4820,1086790,0,0.00000000,0.00000000,0.00,0,0,-39.57,-0.015,-0.9800,0.8330,1.2740,1.8103,0.463989,-0.391418,0.091125,0.789429,7.999,152.5,-1
1785814133.771,4821,1087013,0,0.00000000,0.00000000,0.00,0,0,-39.65,-0.050,-0.5390,0.7840,0.9310,1.3311,0.464050,-0.391418,0.091125,0.789429,7.997,152.5,-1
1785814135.050,4826,1088108,0,0.00000000,0.00000000,0.00,0,0,-39.65,-0.057,-0.8330,0.3430,1.0290,1.3676,0.464050,-0.391357,0.091125,0.789429,7.997,150.0,-1
1785814135.050,4827,1088332,0,0.00000000,0.00000000,0.00,0,0,-39.66,-0.069,-0.3920,0.3430,1.0290,1.1533,0.464050,-0.391357,0.091125,0.789429,7.997,152.5,-1
1785814136.344,4832,1089436,0,0.00000000,0.00000000,0.00,0,0,-39.79,-0.050,-0.5880,0.3920,0.8820,1.1302,0.463989,-0.391602,0.091125,0.789307,8.000,151.2,-1
1785814136.344,4833,1089658,0,0.00000000,0.00000000,0.00,0,0,-39.76,0.003,-0.3430,0.6860,0.7840,1.0968,0.463989,-0.391602,0.091125,0.789307,8.000,145.0,-1
1785814137.627,4838,1090798,0,0.00000000,0.00000000,0.00,0,0,-39.69,0.062,-0.4900,0.4410,1.1760,1.3482,0.464050,-0.391418,0.091125,0.789368,7.999,148.8,-1
1785814138.923,4839,1091017,0,0.00000000,0.00000000,0.00,0,0,-39.67,0.075,-0.1470,0.1470,1.0290,1.0498,0.464050,-0.391479,0.091125,0.789368,8.000,148.8,-1
1785814138.923,4843,1091891,0,0.00000000,0.00000000,0.00,0,0,-39.70,0.065,-0.3430,0.0980,1.0780,1.1355,0.464050,-0.391357,0.091125,0.789429,7.999,150.0,-1
1785814138.928,4844,1092132,0,0.00000000,0.00000000,0.00,0,0,-39.79,0.003,-0.5390,0.1960,1.2250,1.3526,0.464050,-0.391418,0.091125,0.789429,8.000,143.8,-1
1785814140.209,4849,1093228,0,0.00000000,0.00000000,0.00,0,0,-39.77,0.043,-0.5390,0.5880,1.1270,1.3807,0.463989,-0.391663,0.091187,0.789307,8.000,143.8,-1
1785814140.209,4850,1093456,0,0.00000000,0.00000000,0.00,0,0,-39.83,0.001,-0.5390,0.4410,1.3720,1.5386,0.463989,-0.391602,0.091187,0.789307,7.999,147.5,-1
1785814141.506,4855,1094556,0,0.00000000,0.00000000,0.00,0,0,-39.77,0.039,-0.7840,0.5880,1.0290,1.4210,0.463989,-0.391479,0.091125,0.789368,7.999,146.2,-1
1785814141.506,4856,1094776,0,0.00000000,0.00000000,0.00,0,0,-39.73,0.062,-0.5390,0.3430,1.1270,1.2955,0.463989,-0.391418,0.091187,0.789429,7.999,146.2,-1
1785814142.787,4861,1095878,0,0.00000000,0.00000000,0.00,0,0,-39.72,0.047,-0.2450,0.2450,0.8820,0.9476,0.463989,-0.391479,0.091187,0.789368,7.999,147.5,-1
1785814142.791,4862,1096132,0,0.00000000,0.00000000,0.00,0,0,-39.68,0.073,-0.4410,0.3920,0.8330,1.0208,0.463989,-0.391479,0.091187,0.789368,7.999,148.8,-1
1785814144.072,4867,1097230,0,0.00000000,0.00000000,0.00,0,0,-39.91,-0.085,-0.3920,0.0980,1.1760,1.2435,0.463989,-0.391418,0.091187,0.789429,7.997,152.5,-1
1785814145.360,4868,1097455,0,0.00000000,0.00000000,0.00,0,0,-39.81,-0.012,-0.5390,0.1960,0.9800,1.1355,0.464050,-0.391357,0.091125,0.789429,7.997,151.2,-1
1785814145.360,4872,1098339,0,0.00000000,0.00000000,0.00,0,0,-39.94,-0.086,-0.5880,0.2940,0.9310,1.1397,0.464050,-0.391357,0.091125,0.789429,7.999,148.8,-1
1785814145.360,4873,1098565,0,0.00000000,0.00000000,0.00,0,0,-39.89,-0.045,-0.6370,0.4900,1.3720,1.5900,0.464050,-0.391418,0.091125,0.789429,7.999,142.5,-1
1785814150.514,4896,1103679,0,0.00000000,0.00000000,0.00,0,0,-39.60,0.132,-0.5880,0.8820,1.3720,1.7338,0.464050,-0.391541,0.091431,0.789307,7.999,146.2,-1
1785814151.809,4897,1103907,0,0.00000000,0.00000000,0.00,0,0,-39.67,0.085,-0.2450,0.0980,1.1270,1.1575,0.463989,-0.391541,0.091431,0.789307,7.997,148.8,-1
1785814151.809,4901,1104791,0,0.00000000,0.00000000,0.00,0,0,-39.65,0.047,-0.5390,0.3430,0.7350,0.9739,0.463989,-0.391663,0.091492,0.789246,7.997,148.8,-1
1785814151.809,4902,1105020,0,0.00000000,0.00000000,0.00,0,0,-39.70,0.000,-0.1960,0.4900,0.6860,0.8655,0.463928,-0.391724,0.091553,0.789246,7.997,147.5,-1
1785814153.094,4907,1106115,0,0.00000000,0.00000000,0.00,0,0,-39.58,0.037,-0.8330,0.3920,0.9310,1.3093,0.463928,-0.391418,0.091980,0.789307,7.997,148.8,-1
1785814153.094,4908,1106340,0,0.00000000,0.00000000,0.00,0,0,-39.50,0.073,-0.6860,0.3430,0.9310,1.2062,0.464050,-0.391296,0.091919,0.789368,7.996,142.5,-1
1785814154.379,4913,1107443,0,0.00000000,0.00000000,0.00,0,0,-39.70,-0.061,-0.6860,0.7350,0.5390,1.1408,0.464172,-0.391357,0.091736,0.789307,7.996,148.8,-1
1785814154.379,4914,1107667,0,0.00000000,0.00000000,0.00,0,0,-39.47,0.092,-0.5390,0.5880,1.3230,1.5449,0.464172,-0.391357,0.091736,0.789307,8.000,145.0,-1
1785814155.674,4919,1108779,0,0.00000000,0.00000000,0.00,0,0,-39.67,-0.089,-0.4900,0.2940,1.0290,1.1770,0.464111,-0.391479,0.091797,0.789246,7.995,151.2,-1
1785814156.947,4920,1109005,0,0.00000000,0.00000000,0.00,0,0,-39.53,0.005,-0.3920,0.3920,0.7840,0.9602,0.464111,-0.391479,0.091797,0.789246,7.996,148.8,-1
1785814156.947,4925,1110090,0,0.00000000,0.00000000,0.00,0,0,-39.51,0.008,-1.3230,0.1470,1.4700,1.9831,0.464111,-0.391541,0.091797,0.789246,7.999,153.8,-1
1785814158.242,4926,1110310,0,0.00000000,0.00000000,0.00,0,0,-39.58,-0.007,-0.2940,0.2940,0.6860,0.8022,0.464111,-0.391541,0.091797,0.789246,7.999,150.0,-1
1785814158.242,4930,1111192,0,0.00000000,0.00000000,0.00,0,0,-39.60,-0.009,-0.6860,1.1760,0.4410,1.4311,0.464050,-0.391602,0.091858,0.789185,8.010,81.2,-1
1785814158.242,4931,1111413,0,0.00000000,0.00000000,0.00,0,0,-39.71,-0.080,-0.6370,0.5880,1.3230,1.5817,0.464050,-0.391663,0.091919,0.789185,7.997,148.8,-1
1785814159.535,4936,1112502,0,0.00000000,0.00000000,0.00,0,0,-39.55,0.013,-0.6860,0.5880,1.1760,1.4830,0.464050,-0.391541,0.091797,0.789246,8.000,152.5,-1
1785814159.539,4937,1112726,0,0.00000000,0.00000000,0.00,0,0,-39.56,0.022,-0.6370,0.4410,0.5880,0.9726,0.464172,-0.391602,0.091797,0.789185,7.999,150.0,-1
1785814160.821,4942,1113827,0,0.00000000,0.00000000,0.00,0,0,-39.66,0.004,-0.4900,0.1470,0.8330,0.9775,0.464111,-0.391602,0.091858,0.789185,7.999,152.5,-1
1785814160.821,4943,1114049,0,0.00000000,0.00000000,0.00,0,0,-39.64,0.023,-0.3920,0.2940,0.6860,0.8430,0.462219,-0.388428,0.089478,0.792114,7.999,143.8,-1
1785814162.107,4948,1115148,0,0.00000000,0.00000000,0.00,0,0,-39.52,0.021,0.0490,0.2450,1.0290,1.0589,0.458557,-0.382874,0.085449,0.797424,7.996,155.0,-1
1785814162.107,4949,1115371,0,0.00000000,0.00000000,0.00,0,0,-39.44,0.067,-0.4410,0.3920,1.4700,1.5840,0.458435,-0.382690,0.085510,0.797546,7.999,151.2,-1
1785814163.390,4954,1116471,0,0.00000000,0.00000000,0.00,0,0,-39.57,0.012,-0.5390,0.5390,1.0290,1.2806,0.456787,-0.383850,0.083740,0.798096,7.999,152.5,-1
1785814163.390,4955,1116692,0,0.00000000,0.00000000,0.00,0,0,-39.62,-0.029,-0.5390,0.3920,0.9800,1.1852,0.456909,-0.383484,0.083801,0.798218,7.997,151.2,-1
1785814164.683,4960,1117805,0,0.00000000,0.00000000,0.00,0,0,-39.77,-0.082,-0.2450,0.3920,0.8330,0.9527,0.456848,-0.383728,0.084167,0.798096,7.996,148.8,-1
1785814165.973,4961,1118027,0,0.00000000,0.00000000,0.00,0,0,-39.60,0.015,-0.8330,1.0290,0.6370,1.4692,0.456909,-0.383484,0.084290,0.798218,7.997,147.5,-1
1785814165.973,4966,1119120,0,0.00000000,0.00000000,0.00,0,0,-39.65,-0.026,-0.1960,0.1960,1.8620,1.8825,0.456909,-0.383179,0.084595,0.798279,7.997,146.2,-1
1785814167.257,4967,1119341,0,0.00000000,0.00000000,0.00,0,0,-39.52,0.067,-0.3430,0.4410,0.7840,0.9627,0.456848,-0.383301,0.084473,0.798279,7.997,150.0,-1
1785814167.257,4971,1120224,0,0.00000000,0.00000000,0.00,0,0,-39.12,0.216,-0.2940,0.3430,1.3720,1.4445,0.439758,-0.371582,0.085388,0.813171,8.000,146.2,-1
1785814167.257,4972,1120449,0,0.00000000,0.00000000,0.00,0,0,-39.08,0.216,-0.6370,0.4410,1.1270,1.3676,0.440002,-0.372620,0.085449,0.812561,7.996,150.0,-1
1785814168.546,4977,1121582,0,0.00000000,0.00000000,0.00,0,0,-39.22,-0.008,-0.4900,0.3920,0.6370,0.8942,0.440002,-0.372925,0.085754,0.812378,7.997,152.5,-1
1785814168.546,4978,1121804,0,0.00000000,0.00000000,0.00,0,0,-39.19,-0.008,-0.6370,0.3920,1.4700,1.6493,0.439880,-0.372986,0.085876,0.812439,7.995,146.2,-1
1785814169.841,4983,1122905,0,0.00000000,0.00000000,0.00,0,0,-38.96,0.108,-0.4900,0.2940,1.1270,1.2636,0.439636,-0.373108,0.085999,0.812500,7.996,147.5,-1
1785814169.842,4984,1123117,0,0.00000000,0.00000000,0.00,0,0,-38.98,0.067,-1.2740,1.1270,1.1270,2.0404,0.439697,-0.373047,0.085938,0.812500,7.997,145.0,-1
1785814171.114,4989,1124214,0,0.00000000,0.00000000,0.00,0,0,-39.51,-0.227,-0.4410,0.3920,1.1760,1.3157,0.439941,-0.373413,0.085510,0.812256,7.997,146.2,-1
1785814171.114,4990,1124441,0,0.00000000,0.00000000,0.00,0,0,-39.58,-0.239,-0.2940,0.1470,0.9800,1.0337,0.440247,-0.374512,0.085266,0.811584,7.997,143.8,-1
1785814172.413,4995,1125570,0,0.00000000,0.00000000,0.00,0,0,-39.40,-0.058,-0.6370,0.5880,1.3230,1.5817,0.441528,-0.376343,0.083984,0.810181,7.996,152.5,-1
1785814173.693,4996,1125794,0,0.00000000,0.00000000,0.00,0,0,-39.40,-0.024,-1.1760,0.6860,0.9310,1.6493,0.440613,-0.375122,0.085388,0.811096,7.997,152.5,-1
1785814173.693,5000,1126662,0,0.00000000,0.00000000,0.00,0,0,-39.40,0.098,-0.3920,-0.1470,0.7840,0.8888,0.418518,-0.456543,-0.044373,0.783875,7.999,146.2,-1
1785814173.693,5001,1126885,0,0.00000000,0.00000000,0.00,0,0,-39.35,0.069,-0.8330,0.1960,0.4900,0.9861,0.405151,-0.472351,-0.053467,0.780945,7.999,143.8,-1
1785814174.990,5006,1128016,0,0.00000000,0.00000000,0.00,0,0,-39.40,-0.095,-0.4900,-0.0490,1.0780,1.1852,0.399475,-0.531799,-0.073120,0.743103,7.999,155.0,-1
1785814174.990,5007,1128231,0,0.00000000,0.00000000,0.00,0,0,-39.47,-0.161,-0.6370,0.1470,0.7350,0.9837,0.400146,-0.530090,-0.070801,0.744202,7.997,142.5,-1
1785814176.271,5012,1129338,0,0.00000000,0.00000000,0.00,0,0,-39.55,-0.124,-0.5880,-0.0490,0.8330,1.0208,0.405640,-0.522888,-0.071350,0.746277,7.996,150.0,-1
1785814176.271,5013,1129561,0,0.00000000,0.00000000,0.00,0,0,-39.49,-0.088,-0.3920,-0.0490,0.5390,0.6683,0.406067,-0.522522,-0.070984,0.746338,7.997,146.2,-1
1785814177.567,5018,1130665,0,0.00000000,0.00000000,0.00,0,0,-39.51,-0.070,-0.4410,0.0980,1.3230,1.3980,0.404541,-0.521790,-0.076294,0.747131,7.996,145.0,-1
1785814178.846,5019,1130885,0,0.00000000,0.00000000,0.00,0,0,-39.60,-0.137,-0.6370,-0.3920,1.6170,1.7816,0.407043,-0.520813,-0.073608,0.746765,8.000,146.2,-1
1785814178.846,5024,1132014,0,0.00000000,0.00000000,0.00,0,0,-39.61,-0.149,-0.2940,0.0490,1.1270,1.1657,0.407532,-0.514771,-0.036987,0.753357,7.997,146.2,-1
1785814180.141,5029,1133122,0,0.00000000,0.00000000,0.00,0,0,-39.57,-0.100,-0.6860,0.2450,1.1270,1.3419,0.442932,-0.505493,0.111267,0.732056,7.999,138.8,-1
1785814180.141,5030,1133350,0,0.00000000,0.00000000,0.00,0,0,-39.38,-0.039,-0.6370,0.4900,0.4900,0.9413,0.487854,-0.494629,0.137146,0.706055,7.999,140.0,-1
1785814181.423,5035,1134460,0,0.00000000,0.00000000,0.00,0,0,-39.40,-0.023,-0.7840,0.1960,0.6860,1.0600,0.527344,-0.490540,0.150574,0.677185,7.996,145.0,-1
1785814181.423,5036,1134679,0,0.00000000,0.00000000,0.00,0,0,-39.38,-0.010,-0.5880,-0.1470,0.7840,0.9910,0.529053,-0.490234,0.151123,0.675964,7.999,143.8,-1
1785814182.706,5041,1135784,0,0.00000000,0.00000000,0.00,0,0,-39.45,-0.027,-0.5390,0.2450,0.7840,0.9824,0.531982,-0.489319,0.148254,0.674988,7.999,141.2,-1
1785814182.706,5042,1136008,0,0.00000000,0.00000000,0.00,0,0,-39.32,0.074,-0.5880,0.1470,0.8330,1.0302,0.533020,-0.488342,0.148132,0.674866,7.996,141.2,-1
1785814183.998,5047,1137138,0,0.00000000,0.00000000,0.00,0,0,-39.50,-0.010,-0.7350,0.4410,0.9800,1.3020,0.536560,-0.484375,0.145081,0.675598,7.997,147.5,-1
1785814185.295,5048,1137361,0,0.00000000,0.00000000,0.00,0,0,-39.59,-0.063,-0.7350,0.4900,0.7840,1.1811,0.536987,-0.483459,0.144531,0.676025,7.999,142.5,-1
1785814185.303,5052,1138249,0,0.00000000,0.00000000,0.00,0,0,-39.36,0.029,-0.9310,0.0490,-0.1470,0.9438,0.539185,-0.481750,0.141846,0.676086,7.999,142.5,-1
1785814185.303,5053,1138467,0,0.00000000,0.00000000,0.00,0,0,-39.44,-0.029,-0.4900,0.1470,0.9310,1.0623,0.539124,-0.481812,0.141296,0.676208,7.999,142.5,-1
1785814186.576,5058,1139571,0,0.00000000,0.00000000,0.00,0,0,-39.36,0.021,-0.6860,0.1470,0.6370,0.9476,0.544922,-0.476807,0.128113,0.677673,7.997,145.0,-1
1785814186.576,5059,1139790,0,0.00000000,0.00000000,0.00,0,0,-39.41,-0.014,-0.6370,0.0490,0.8330,1.0498,0.546631,-0.475159,0.123596,0.678345,7.996,145.0,-1
1785814187.873,5064,1140876,0,0.00000000,0.00000000,0.00,0,0,-39.41,-0.027,-0.4410,0.0980,0.8820,0.9910,0.531128,-0.462097,0.046875,0.708679,7.999,137.5,-1
1785814187.873,5065,1141118,0,0.00000000,0.00000000,0.00,0,0,-39.30,0.036,-0.4900,0.0490,1.0780,1.1852,0.525513,-0.454407,0.024841,0.718811,7.999,140.0,-1
1785814189.150,5070,1142220,0,0.00000000,0.00000000,0.00,0,0,-39.34,-0.059,-0.5880,0.0490,1.0290,1.1862,0.403564,-0.404053,-0.111389,0.813293,7.997,143.8,-1
1785814189.150,5071,1142441,0,0.00000000,0.00000000,0.00,0,0,-39.19,0.045,-0.3430,-0.0490,1.0780,1.1323,0.393738,-0.401184,-0.114868,0.819031,7.997,146.2,-1
1785814190.436,5076,1143578,0,0.00000000,0.00000000,0.00,0,0,-39.31,-0.027,-0.2450,0.0000,0.9800,1.0102,0.375122,-0.385986,-0.135803,0.831787,7.997,147.5,-1
1785814191.732,5077,1143801,0,0.00000000,0.00000000,0.00,0,0,-39.19,0.046,-0.4410,0.0000,1.1760,1.2560,0.372925,-0.387878,-0.135803,0.831909,7.997,143.8,-1
1785814191.732,5081,1144679,0,0.00000000,0.00000000,0.00,0,0,-39.39,-0.086,-0.2450,-0.1470,0.8820,0.9271,0.369873,-0.391296,-0.136047,0.831604,8.000,86.2,-1
1785814191.732,5082,1144904,0,0.00000000,0.00000000,0.00,0,0,-39.28,-0.004,-0.3920,-0.0490,0.7840,0.8779,0.365845,-0.391846,-0.137390,0.832886,8.000,142.5,-1
1785814193.012,5087,1146006,0,0.00000000,0.00000000,0.00,0,0,-39.47,-0.084,-0.2940,0.0980,1.1270,1.1688,0.363892,-0.394470,-0.138062,0.832397,7.999,142.5,-1
1785814193.013,5088,1146224,0,0.00000000,0.00000000,0.00,0,0,-39.26,0.047,-0.5390,0.0000,0.5880,0.7977,0.363831,-0.393738,-0.140869,0.832275,7.997,147.5,-1
1785814194.307,5093,1147360,0,0.00000000,0.00000000,0.00,0,0,-39.43,-0.078,-0.3920,0.0980,1.1760,1.2435,0.362122,-0.396729,-0.142029,0.831482,7.999,145.0,-1
1785814194.307,5094,1147586,0,0.00000000,0.00000000,0.00,0,0,-39.41,-0.088,-0.5880,0.2940,1.2250,1.3903,0.362305,-0.397949,-0.143066,0.830566,7.997,151.2,-1
1785814195.602,5099,1148682,0,0.00000000,0.00000000,0.00,0,0,-39.40,-0.030,-0.7840,-0.1960,1.3230,1.5503,0.364990,-0.398315,-0.141418,0.829529,7.996,147.5,-1
1785814195.602,5100,1148906,0,0.00000000,0.00000000,0.00,0,0,-39.33,0.010,-0.6860,-0.3430,1.6660,1.8341,0.366577,-0.395447,-0.138306,0.830688,7.996,146.2,-1
1785814196.884,5105,1150003,0,0.00000000,0.00000000,0.00,0,0,-39.48,-0.116,-0.5390,0.0490,1.0290,1.1627,0.386414,-0.358704,-0.103394,0.843384,7.999,148.8,-1
1785814198.163,5106,1150218,0,0.00000000,0.00000000,0.00,0,0,-39.53,-0.114,-0.4410,0.0980,0.7840,0.9048,0.382996,-0.348633,-0.064209,0.853027,7.996,145.0,-1
1785814198.170,5110,1151140,0,0.00000000,0.00000000,0.00,0,0,-39.75,-0.536,-0.0490,-0.1960,1.1270,1.1450,0.385193,-0.385681,0.044250,0.837219,7.997,151.2,-1
1785814198.170,5111,1151367,0,0.00000000,0.00000000,0.00,0,0,-39.63,-0.383,-0.6860,0.5390,1.0780,1.3868,0.385071,-0.387573,0.042297,0.836487,7.996,150.0,-1
1785814199.460,5116,1152479,0,0.00000000,0.00000000,0.00,0,0,-39.43,-0.118,-0.4900,0.5390,1.5680,1.7289,0.372803,-0.387207,0.065491,0.840698,7.996,151.2,-1
1785814199.460,5117,1152705,0,0.00000000,0.00000000,0.00,0,0,-39.49,-0.145,-0.5880,0.1470,0.8330,1.0302,0.372559,-0.388245,0.065735,0.840332,7.996,147.5,-1
1785814200.748,5122,1153810,0,0.00000000,0.00000000,0.00,0,0,-39.46,-0.103,-0.4410,0.4900,1.3230,1.4781,0.371887,-0.390320,0.066711,0.839600,7.996,153.8,-1
1785814200.748,5123,1154033,0,0.00000000,0.00000000,0.00,0,0,-39.40,-0.042,-0.5880,0.3430,0.7840,1.0383,0.371887,-0.390442,0.066711,0.839539,7.996,153.8,-1
1785814202.027,5128,1155126,0,0.00000000,0.00000000,0.00,0,0,-39.36,-0.028,-0.6370,0.5880,1.3230,1.5817,0.371765,-0.390991,0.067139,0.839294,7.995,146.2,-1
1785814203.314,5129,1155346,0,0.00000000,0.00000000,0.00,0,0,-39.39,-0.028,-0.6370,0.3920,1.0290,1.2721,0.371765,-0.391052,0.067139,0.839294,7.997,146.2,-1
1785814203.314,5134,1156459,0,0.00000000,0.00000000,0.00,0,0,-39.36,-0.011,-0.0490,0.0980,1.2250,1.2299,0.371704,-0.391174,0.067261,0.839233,7.995,150.0,-1
1785814204.614,5135,1156681,0,0.00000000,0.00000000,0.00,0,0,-39.39,-0.022,-0.4410,0.0490,0.4900,0.6610,0.371704,-0.391174,0.067261,0.839233,7.999,148.8,-1
1785814204.614,5139,1157567,0,0.00000000,0.00000000,0.00,0,0,-39.31,0.007,-0.4900,0.2940,1.5190,1.6229,0.371704,-0.391113,0.067261,0.839233,7.996,148.8,-1
1785814204.614,5140,1157786,0,0.00000000,0.00000000,0.00,0,0,-39.41,-0.042,-0.4410,0.2940,1.2250,1.3347,0.371765,-0.391174,0.067200,0.839172,7.997,147.5,-1
1785814205.893,5145,1158898,0,0.00000000,0.00000000,0.00,0,0,-39.37,0.012,-0.4410,0.2940,1.0780,1.2012,0.371948,-0.391052,0.066711,0.839233,7.995,148.8,-1
1785814205.893,5146,1159116,0,0.00000000,0.00000000,0.00,0,0,-39.45,-0.026,-0.6370,0.2940,0.7350,1.0161,0.371948,-0.390930,0.066711,0.839233,7.995,145.0,-1
1785814207.190,5151,1160219,0,0.00000000,0.00000000,0.00,0,0,-39.39,0.007,-0.6370,0.6370,1.3230,1.6006,0.372009,-0.390930,0.066650,0.839233,7.997,143.8,-1
1785814207.190,5152,1160447,0,0.00000000,0.00000000,0.00,0,0,-39.47,-0.027,-0.2450,0.1470,1.6170,1.6420,0.372009,-0.390869,0.066650,0.839294,7.995,145.0,-1
1785814208.468,5157,1161586,0,0.00000000,0.00000000,0.00,0,0,-39.44,-0.003,-0.3920,0.2940,0.8820,1.0090,0.372131,-0.390869,0.066406,0.839233,7.992,153.8,-1
1785814209.767,5158,1161807,0,0.00000000,0.00000000,0.00,0,0,-39.31,0.078,-0.3430,0.1470,0.9800,1.0486,0.372131,-0.390808,0.066406,0.839294,7.996,150.0,-1
1785814209.767,5163,1162927,0,0.00000000,0.00000000,0.00,0,0,-39.46,-0.003,-0.6860,0.5390,1.2740,1.5441,0.372192,-0.390808,0.066162,0.839233,7.996,148.8,-1
1785814211.055,5168,1164044,0,0.00000000,0.00000000,0.00,0,0,-39.45,0.006,-0.8330,0.2450,1.0290,1.3464,0.372131,-0.390869,0.066162,0.839233,7.994,142.5,-1
1785814211.055,5169,1164257,0,0.00000000,0.00000000,0.00,0,0,-39.51,-0.023,-0.5390,0.4900,1.0290,1.2607,0.372131,-0.390869,0.066162,0.839233,7.994,145.0,-1
1785814212.333,5174,1165357,0,0.00000000,0.00000000,0.00,0,0,-39.53,-0.085,-0.5390,0.2940,0.9800,1.1564,0.372009,-0.390991,0.066284,0.839233,7.994,142.5,-1
1785814212.333,5175,1165585,0,0.00000000,0.00000000,0.00,0,0,-39.50,-0.047,-0.6860,0.1470,0.8820,1.1270,0.372009,-0.390930,0.066284,0.839294,7.996,152.5,-1
1785814213.626,5180,1166688,0,0.00000000,0.00000000,0.00,0,0,-39.38,0.037,-0.5390,0.5880,1.1760,1.4210,0.372314,-0.390991,0.066040,0.839172,7.995,145.0,-1
1785814213.626,5181,1166909,0,0.00000000,0.00000000,0.00,0,0,-39.44,0.011,-0.9310,0.7840,1.3720,1.8341,0.372375,-0.390930,0.065979,0.839172,7.994,143.8,-1
1785814214.907,5186,1168016,0,0.00000000,0.00000000,0.00,0,0,-39.60,-0.065,-0.3430,0.3430,1.1760,1.2721,0.372375,-0.390869,0.065857,0.839172,7.992,147.5,-1
1785814216.205,5187,1168230,0,0.00000000,0.00000000,0.00,0,0,-39.61,-0.037,-0.6370,0.3920,1.2740,1.4773,0.372437,-0.390869,0.065796,0.839172,7.995,148.8,-1
1785814216.205,5192,1169356,0,0.00000000,0.00000000,0.00,0,0,-39.61,0.025,-0.4410,0.2940,1.1270,1.2454,0.372437,-0.390808,0.065735,0.839172,7.996,146.2,-1
1785814217.485,5193,1169578,0,0.00000000,0.00000000,0.00,0,0,-39.54,0.050,-0.5880,0.7350,1.5680,1.8288,0.372437,-0.390869,0.065796,0.839172,7.994,141.2,-1
1785814217.485,5197,1170453,0,0.00000000,0.00000000,0.00,0,0,-39.54,0.032,-0.5390,0.4410,1.1760,1.3667,0.372498,-0.390747,0.065613,0.839172,7.992,151.2,-1
1785814217.485,5198,1170678,0,0.00000000,0.00000000,0.00,0,0,-39.47,0.074,-0.7350,0.6370,1.3720,1.6818,0.372559,-0.390686,0.065613,0.839172,7.995,141.2,-1
1785814218.780,5203,1171821,0,0.00000000,0.00000000,0.00,0,0,-39.46,0.015,-0.3430,0.2450,1.3720,1.4353,0.372559,-0.390808,0.065552,0.839111,7.995,147.5,-1
1785814218.781,5204,1172039,0,0.00000000,0.00000000,0.00,0,0,-39.50,0.002,-0.6370,0.4410,1.1270,1.3676,0.372559,-0.390808,0.065552,0.839111,7.995,145.0,-1
1785814220.062,5209,1173139,0,0.00000000,0.00000000,0.00,0,0,-39.47,0.001,-0.2450,0.1470,0.9800,1.0208,0.372559,-0.390930,0.065674,0.839111,7.996,147.5,-1
1785814220.063,5210,1173365,0,0.00000000,0.00000000,0.00,0,0,-39.42,0.031,-0.7840,0.8820,1.5190,1.9235,0.372559,-0.390869,0.065674,0.839111,7.997,142.5,-1
1785814221.360,5215,1174473,0,0.00000000,0.00000000,0.00,0,0,-39.30,0.050,-0.6860,0.3430,1.2250,1.4453,0.372559,-0.390930,0.065613,0.839111,7.995,156.2,-1
1785814222.641,5216,1174695,0,0.00000000,0.00000000,0.00,0,0,-39.39,-0.036,-0.4900,0.1470,1.3720,1.4643,0.372559,-0.390930,0.065613,0.839111,7.997,147.5,-1
1785814222.641,5221,1175800,0,0.00000000,0.00000000,0.00,0,0,-39.34,-0.032,-0.5880,0.5880,1.1760,1.4403,0.372559,-0.390930,0.065613,0.839111,7.996,150.0,-1
1785814223.934,5222,1176017,0,0.00000000,0.00000000,0.00,0,0,-39.38,-0.064,-0.6370,0.4410,1.2250,1.4494,0.372559,-0.390930,0.065613,0.839111,7.996,145.0,-1
1785814223.934,5226,1176902,0,0.00000000,0.00000000,0.00,0,0,-39.31,-0.003,-0.9310,0.7350,1.3230,1.7769,0.372559,-0.390869,0.065552,0.839111,7.995,151.2,-1
1785814223.934,5227,1177122,0,0.00000000,0.00000000,0.00,0,0,-39.16,0.073,-0.5880,0.4410,1.1270,1.3455,0.372559,-0.390869,0.065552,0.839111,7.995,147.5,-1
1785814225.214,5232,1178231,0,0.00000000,0.00000000,0.00,0,0,-39.49,-0.147,-0.6370,0.4410,1.0290,1.2881,0.372620,-0.390747,0.065491,0.839172,7.996,147.5,-1
1785814225.214,5233,1178455,0,0.00000000,0.00000000,0.00,0,0,-39.37,-0.052,-0.4410,0.2940,1.0290,1.1575,0.372620,-0.390747,0.065491,0.839172,7.997,146.2,-1
1785814226.508,5238,1179584,0,0.00000000,0.00000000,0.00,0,0,-39.25,0.010,-0.4900,0.3430,1.0780,1.2328,0.372620,-0.390747,0.065552,0.839172,7.994,157.5,-1
1785814226.508,5239,1179808,0,0.00000000,0.00000000,0.00,0,0,-39.31,-0.027,-1.0780,0.5880,0.7840,1.4569,0.372620,-0.390747,0.065552,0.839172,7.994,150.0,-1
1785814227.788,5244,1180919,0,0.00000000,0.00000000,0.00,0,0,-39.21,0.016,-0.6370,0.3430,0.9310,1.1791,0.372559,-0.390564,0.065430,0.839233,7.995,145.0,-1
1785814229.080,5245,1181136,0,0.00000000,0.00000000,0.00,0,0,-39.20,0.018,-0.4410,0.2450,0.8820,1.0161,0.372559,-0.390625,0.065491,0.839294,7.995,150.0,-1
1785814229.080,5250,1182233,0,0.00000000,0.00000000,0.00,0,0,-39.49,-0.185,-0.6860,0.2450,0.9310,1.1821,0.372498,-0.390747,0.065491,0.839233,7.995,148.8,-1
1785814230.377,5251,1182451,0,0.00000000,0.00000000,0.00,0,0,-39.41,-0.099,-0.3920,0.5390,1.4700,1.6140,0.372498,-0.390747,0.065552,0.839233,7.995,145.0,-1
1785814230.377,5255,1183358,0,0.00000000,0.00000000,0.00,0,0,-39.43,-0.106,-0.4410,0.2940,0.7350,0.9062,0.372437,-0.390747,0.065613,0.839233,7.999,146.2,-1
1785814230.377,5256,1183585,0,0.00000000,0.00000000,0.00,0,0,-39.33,-0.035,-0.2940,0.1470,0.8820,0.9413,0.372437,-0.390747,0.065613,0.839233,7.995,147.5,-1
1785814231.652,5261,1184684,0,0.00000000,0.00000000,0.00,0,0,-39.49,-0.074,-0.3430,0.3430,1.0780,1.1821,0.372437,-0.390869,0.065674,0.839172,7.996,146.2,-1
1785814231.652,5262,1184905,0,0.00000000,0.00000000,0.00,0,0,-39.49,-0.039,-0.5880,0.2450,0.8330,1.0486,0.372437,-0.390869,0.065613,0.839172,7.996,145.0,-1
1785814232.951,5267,1186007,0,0.00000000,0.00000000,0.00,0,0,-39.56,-0.108,-0.3920,0.0490,1.0780,1.1481,0.372620,-0.390747,0.065247,0.839172,7.996,146.2,-1
1785814232.951,5268,1186220,0,0.00000000,0.00000000,0.00,0,0,-39.72,-0.186,-0.7350,0.5390,1.2250,1.5269,0.372620,-0.390747,0.065186,0.839172,7.997,145.0,-1
1785814234.234,5273,1187354,0,0.00000000,0.00000000,0.00,0,0,-39.63,-0.089,-0.6860,0.6370,1.1270,1.4651,0.372681,-0.390747,0.065125,0.839172,7.995,146.2,-1
1785814235.513,5274,1187579,0,0.00000000,0.00000000,0.00,0,0,-39.64,-0.090,-0.5880,0.2940,1.2740,1.4336,0.372620,-0.390747,0.065125,0.839172,7.996,152.5,-1
1785814235.513,5278,1188464,0,0.00000000,0.00000000,0.00,0,0,-39.76,-0.094,-0.4900,0.4410,0.9800,1.1811,0.372803,-0.390686,0.065002,0.839111,7.994,142.5,-1
1785814235.516,5279,1188686,0,0.00000000,0.00000000,0.00,0,0,-39.68,-0.027,-0.4410,0.3430,1.0780,1.2142,0.372803,-0.390625,0.065002,0.839172,7.992,145.0,-1
1785814236.807,5284,1189788,0,0.00000000,0.00000000,0.00,0,0,-39.79,-0.074,-0.2450,0.2940,0.8330,0.9167,0.372925,-0.390564,0.064697,0.839172,7.997,151.2,-1
1785814236.807,5285,1190017,0,0.00000000,0.00000000,0.00,0,0,-39.62,0.039,-0.5390,0.2450,1.1270,1.2731,0.372925,-0.390564,0.064697,0.839172,7.996,142.5,-1
1785814238.100,5290,1191141,0,0.00000000,0.00000000,0.00,0,0,-39.62,0.006,-0.3920,0.4900,1.4210,1.5534,0.372925,-0.390503,0.064697,0.839172,7.995,147.5,-1
1785814238.100,5291,1191365,0,0.00000000,0.00000000,0.00,0,0,-39.71,-0.062,-0.6370,0.3430,0.5390,0.9022,0.372925,-0.390503,0.064697,0.839172,7.995,147.5,-1
1785814239.390,5296,1192476,0,0.00000000,0.00000000,0.00,0,0,-39.70,-0.042,-0.4900,0.3920,1.2250,1.3764,0.373047,-0.390381,0.064697,0.839172,7.997,148.8,-1
1785814239.390,5297,1192702,0,0.00000000,0.00000000,0.00,0,0,-39.66,-0.010,-0.4900,0.3920,1.3720,1.5087,0.373047,-0.390503,0.064758,0.839172,7.999,148.8,-1
1785814240.679,5302,1193808,0,0.00000000,0.00000000,0.00,0,0,-39.79,-0.098,-0.7840,0.7350,0.9310,1.4218,0.373108,-0.390503,0.064758,0.839111,7.999,147.5,-1
1785814241.959,5303,1194034,0,0.00000000,0.00000000,0.00,0,0,-39.76,-0.062,-1.0290,0.9310,1.8620,2.3222,0.373108,-0.390564,0.064697,0.839050,7.995,150.0,-1
1785814241.959,5307,1194907,0,0.00000000,0.00000000,0.00,0,0,-39.71,-0.067,-0.2940,0.3920,0.9800,1.0957,0.373108,-0.390686,0.064758,0.839050,8.012,81.2,-1
1785814241.959,5308,1195120,0,0.00000000,0.00000000,0.00,0,0,-39.71,-0.047,-0.6370,0.0490,0.8330,1.0498,0.373108,-0.390686,0.064758,0.838989,7.997,146.2,-1
1785814243.251,5313,1196233,0,0.00000000,0.00000000,0.00,0,0,-39.76,-0.065,-0.5390,0.3920,1.2250,1.3946,0.373108,-0.390686,0.064758,0.839050,7.995,146.2,-1
1785814243.251,5314,1196450,0,0.00000000,0.00000000,0.00,0,0,-39.75,-0.052,-0.3920,0.4410,0.8820,1.0612,0.373108,-0.390686,0.064758,0.839050,7.996,143.8,-1
1785814244.536,5319,1197571,0,0.00000000,0.00000000,0.00,0,0,-39.67,0.000,-0.7840,0.2450,1.1760,1.4345,0.373047,-0.390747,0.064819,0.838989,7.999,146.2,-1
1785814244.536,5320,1197796,0,0.00000000,0.00000000,0.00,0,0,-39.71,-0.014,-0.5390,0.3920,1.0780,1.2674,0.373047,-0.390747,0.064819,0.839050,7.997,142.5,-1
1785814245.825,5325,1198902,0,0.00000000,0.00000000,0.00,0,0,-39.71,-0.037,-0.4410,0.5390,1.4210,1.5825,0.373108,-0.390747,0.064697,0.838989,7.997,146.2,-1
1785814245.825,5326,1199121,0,0.00000000,0.00000000,0.00,0,0,-39.63,0.008,-0.5390,0.4410,0.9800,1.2022,0.373108,-0.390747,0.064697,0.838989,7.997,143.8,-1
1785814247.112,5331,1200227,0,0.00000000,0.00000000,0.00,0,0,-39.63,0.037,-0.5880,0.4410,1.2740,1.4708,0.373169,-0.390747,0.064636,0.838989,7.996,146.2,-1
1785814248.406,5332,1200450,0,0.00000000,0.00000000,0.00,0,0,-39.62,0.055,-0.6370,0.4900,1.2250,1.4651,0.373108,-0.390747,0.064636,0.838989,7.999,145.0,-1
1785814248.406,5336,1201360,0,0.00000000,0.00000000,0.00,0,0,-39.53,0.085,0.0000,0.4410,1.1760,1.2560,0.373169,-0.390625,0.064636,0.839050,7.997,148.8,-1
1785814248.407,5337,1201583,0,0.00000000,0.00000000,0.00,0,0,-39.60,0.033,-0.3920,0.2450,0.7840,0.9101,0.373169,-0.390625,0.064697,0.839050,7.996,151.2,-1
1785814249.684,5342,1202696,0,0.00000000,0.00000000,0.00,0,0,-39.49,0.033,-0.5880,0.3920,1.1760,1.3720,0.373413,-0.390869,0.063782,0.838867,7.995,148.8,-1
1785814249.684,5343,1202914,0,0.00000000,0.00000000,0.00,0,0,-39.55,-0.019,-0.3920,0.2940,0.6860,0.8430,0.373352,-0.390869,0.063904,0.838867,7.997,147.5,-1
1785814250.982,5348,1204006,0,0.00000000,0.00000000,0.00,0,0,-39.44,0.078,-0.6370,0.6370,1.5190,1.7660,0.373352,-0.390564,0.063843,0.839050,7.997,147.5,-1
1785814250.982,5349,1204221,0,0.00000000,0.00000000,0.00,0,0,-39.55,0.001,-0.6860,0.4410,1.1760,1.4311,0.373474,-0.390625,0.063721,0.838989,7.997,150.0,-1
1785814252.267,5354,1205361,0,0.00000000,0.00000000,0.00,0,0,-39.54,0.055,-0.6370,0.2940,2.0580,2.1743,0.373413,-0.390808,0.063721,0.838928,7.997,147.5,-1
1785814252.267,5355,1205581,0,0.00000000,0.00000000,0.00,0,0,-39.42,0.111,-0.4900,0.3920,1.2250,1.3764,0.373413,-0.390747,0.063721,0.838928,7.995,155.0,-1
1785814253.547,5360,1206691,0,0.00000000,0.00000000,0.00,0,0,-39.57,-0.006,-0.7350,0.4410,0.9310,1.2655,0.373413,-0.390808,0.063721,0.838867,7.995,145.0,-1
1785814254.838,5361,1206914,0,0.00000000,0.00000000,0.00,0,0,-39.62,-0.032,-0.3920,0.5390,1.0290,1.2260,0.373413,-0.390808,0.063660,0.838928,7.997,145.0,-1
1785814254.838,5365,1207796,0,0.00000000,0.00000000,0.00,0,0,-39.46,0.096,-0.8330,0.5390,1.2740,1.6148,0.373413,-0.390869,0.063660,0.838867,7.995,148.8,-1
1785814254.842,5366,1208016,0,0.00000000,0.00000000,0.00,0,0,-39.59,0.021,-0.4900,0.3920,0.1960,0.6574,0.373413,-0.390869,0.063660,0.838867,7.995,146.2,-1
1785814256.131,5371,1209119,0,0.00000000,0.00000000,0.00,0,0,-39.69,-0.023,-0.4900,0.2940,1.0780,1.2201,0.373413,-0.390930,0.063660,0.838867,7.996,145.0,-1
1785814256.131,5372,1209342,0,0.00000000,0.00000000,0.00,0,0,-39.61,0.014,-0.4410,0.1470,0.8330,0.9539,0.373474,-0.390869,0.063599,0.838867,7.997,143.8,-1
1785814257.422,5377,1210451,0,0.00000000,0.00000000,0.00,0,0,-39.54,0.011,-0.6370,0.4900,1.2250,1.4651,0.373474,-0.390625,0.063660,0.838989,7.997,146.2,-1
1785814257.422,5378,1210671,0,0.00000000,0.00000000,0.00,0,0,-39.65,-0.052,-0.5880,0.3430,1.2250,1.4014,0.373474,-0.390564,0.063660,0.838989,7.995,151.2,-1
1785814258.704,5383,1211802,0,0.00000000,0.00000000,0.00,0,0,-39.57,-0.031,-0.5390,0.1960,0.7840,0.9714,0.373413,-0.390625,0.063782,0.838989,7.996,148.8,-1
1785814259.999,5384,1212024,0,0.00000000,0.00000000,0.00,0,0,-39.63,-0.085,-0.7350,0.5880,0.9800,1.3588,0.373413,-0.390686,0.063843,0.838989,7.995,147.5,-1
1785814259.999,5389,1213130,0,0.00000000,0.00000000,0.00,0,0,-39.64,-0.071,-0.1960,0.2940,1.1270,1.1811,0.373474,-0.390564,0.063599,0.838989,8.000,143.8,-1
1785814262.223,5422,1220457,0,0.00000000,0.00000000,0.00,0,0,-39.49,0.020,-0.6860,0.4410,1.0780,1.3517,0.373962,-0.389893,0.063721,0.839111,7.997,147.5,-1
1785814262.223,5423,1220684,0,0.00000000,0.00000000,0.00,0,0,-39.31,0.134,-0.5880,0.3920,1.0290,1.2483,0.374084,-0.389832,0.063477,0.839050,7.997,145.0,-1
1785814263.591,5424,1220884,0,0.00000000,0.00000000,0.00,0,0,-39.45,0.037,-0.7350,0.5880,1.4700,1.7455,0.374023,-0.389771,0.063721,0.839111,7.996,141.2,-1
1785814263.591,5425,1221128,0,0.00000000,0.00000000,0.00,0,0,-39.42,0.058,-0.5390,0.5390,0.9800,1.2415,0.374023,-0.389709,0.063904,0.839172,7.996,143.8,-1
1785814264.884,5426,1221351,0,0.00000000,0.00000000,0.00,0,0,-39.29,0.122,-0.4410,0.3920,1.2250,1.3597,0.374084,-0.389771,0.063843,0.839111,7.996,147.5,-1
1785814264.884,5427,1221575,0,0.00000000,0.00000000,0.00,0,0,-39.29,0.120,-0.3920,0.1470,0.7840,0.8888,0.374023,-0.389709,0.063782,0.839111,7.995,147.5,-1
1785814264.884,5428,1221793,0,0.00000000,0.00000000,0.00,0,0,-39.43,0.010,-0.3430,0.3430,0.6860,0.8402,0.374146,-0.389648,0.063721,0.839111,7.995,156.2,-1
1785814266.166,5429,1222016,0,0.00000000,0.00000000,0.00,0,0,-39.35,0.034,-0.7350,0.4900,0.7350,1.1492,0.374207,-0.389709,0.063721,0.839111,7.995,146.2,-1
1785814266.166,5430,1222233,0,0.00000000,0.00000000,0.00,0,0,-39.41,-0.009,-0.4900,0.4900,0.9310,1.1606,0.374207,-0.389648,0.063721,0.839111,7.995,153.8,-1
1785814266.166,5431,1222457,0,0.00000000,0.00000000,0.00,0,0,-39.34,0.046,-0.7350,0.4900,0.9310,1.2834,0.374084,-0.389709,0.063721,0.839111,7.996,143.8,-1
1785814267.463,5432,1222680,0,0.00000000,0.00000000,0.00,0,0,-39.38,0.030,0.0000,0.1960,0.7350,0.7607,0.374084,-0.389771,0.063721,0.839111,7.996,147.5,-1
1785814267.463,5433,1222908,0,0.00000000,0.00000000,0.00,0,0,-39.36,0.035,-0.2940,0.6860,0.4410,0.8669,0.374084,-0.389832,0.063660,0.839111,7.997,143.8,-1
1785814267.463,5434,1223123,0,0.00000000,0.00000000,0.00,0,0,-39.48,-0.014,-0.5880,0.0000,1.8130,1.9060,0.374084,-0.389771,0.063538,0.839111,7.995,150.0,-1
1785814268.753,5435,1223349,0,0.00000000,0.00000000,0.00,0,0,-39.39,0.035,-0.1470,0.0980,0.6860,0.7084,0.374084,-0.389771,0.063599,0.839111,7.996,147.5,-1
1785814268.753,5436,1223568,0,0.00000000,0.00000000,0.00,0,0,-39.57,-0.080,-0.5880,0.6370,1.1760,1.4610,0.374084,-0.389771,0.063538,0.839111,7.999,148.8,-1
1785814268.753,5437,1223792,0,0.00000000,0.00000000,0.00,0,0,-39.57,-0.094,-0.6860,0.5390,1.0290,1.3491,0.374084,-0.389709,0.063538,0.839111,7.997,147.5,-1
1785814270.045,5438,1224018,0,0.00000000,0.00000000,0.00,0,0,-39.35,0.049,-0.7840,0.6860,1.5190,1.8419,0.374084,-0.389832,0.063416,0.839111,7.995,150.0,-1
1785814270.045,5439,1224238,0,0.00000000,0.00000000,0.00,0,0,-39.53,-0.022,-0.7350,0.5880,1.4210,1.7045,0.374084,-0.389832,0.063416,0.839111,7.994,146.2,-1
1785814270.045,5440,1224462,0,0.00000000,0.00000000,0.00,0,0,-39.54,-0.018,-0.7350,0.3430,1.2740,1.5103,0.374146,-0.389771,0.063354,0.839111,7.996,147.5,-1
1785814271.318,5441,1224689,0,0.00000000,0.00000000,0.00,0,0,-39.60,-0.041,-0.6370,0.4410,1.1270,1.3676,0.374146,-0.389832,0.063354,0.839050,7.996,148.8,-1
1785814271.318,5442,1224910,0,0.00000000,0.00000000,0.00,0,0,-39.57,-0.029,-0.4410,0.2940,1.3720,1.4708,0.374146,-0.389832,0.063416,0.839050,7.996,146.2,-1
1785814271.318,5443,1225122,0,0.00000000,0.00000000,0.00,0,0,-39.61,-0.040,-0.5390,0.4410,0.6370,0.9438,0.374084,-0.389893,0.063477,0.839050,7.996,146.2,-1
1785814272.621,5444,1225339,0,0.00000000,0.00000000,0.00,0,0,-39.65,-0.075,-0.5390,0.4900,1.3230,1.5103,0.374146,-0.390015,0.063538,0.838989,7.996,150.0,-1
1785814272.621,5445,1225564,0,0.00000000,0.00000000,0.00,0,0,-39.52,0.011,-0.5390,0.2450,1.4700,1.5848,0.374084,-0.390015,0.063660,0.838989,7.996,145.0,-1
1785814272.621,5446,1225790,0,0.00000000,0.00000000,0.00,0,0,-39.64,-0.035,-0.6370,0.0490,0.9800,1.1699,0.374146,-0.390015,0.063660,0.838928,7.997,147.5,-1
1785814273.904,5447,1226014,0,0.00000000,0.00000000,0.00,0,0,-39.64,-0.012,-0.4900,0.3920,0.8330,1.0429,0.374146,-0.390015,0.063660,0.838928,7.995,143.8,-1
1785814273.904,5451,1226894,0,0.00000000,0.00000000,0.00,0,0,-39.51,0.087,-0.6370,0.2940,0.9800,1.2052,0.374207,-0.389893,0.063782,0.838989,7.996,145.0,-1
1785814273.904,5452,1227140,0,0.00000000,0.00000000,0.00,0,0,-39.52,0.078,-0.6370,0.3920,1.1270,1.3526,0.374268,-0.389832,0.063782,0.838989,7.995,146.2,-1
1785814275.185,5457,1228237,0,0.00000000,0.00000000,0.00,0,0,-39.54,0.024,-0.4410,0.3430,0.8820,1.0441,0.374268,-0.389954,0.063477,0.838928,7.995,147.5,-1
1785814275.188,5458,1228459,0,0.00000000,0.00000000,0.00,0,0,-39.50,0.053,-0.7840,0.3920,1.5190,1.7538,0.374207,-0.390015,0.063416,0.838928,7.997,146.2,-1
1785814276.485,5463,1229562,0,0.00000000,0.00000000,0.00,0,0,-39.40,0.049,-0.8820,0.3920,1.3230,1.6377,0.374207,-0.389954,0.063416,0.838989,7.992,146.2,-1
1785814276.485,5464,1229782,0,0.00000000,0.00000000,0.00,0,0,-39.40,0.048,-0.3920,0.4900,0.9800,1.1637,0.374207,-0.389954,0.063538,0.838989,7.994,147.5,-1
1785814277.763,5469,1230885,0,0.00000000,0.00000000,0.00,0,0,-39.48,-0.018,-0.3430,0.3920,0.8330,0.9824,0.374268,-0.389832,0.063721,0.838989,7.999,140.0,-1
1785814279.047,5470,1231129,0,0.00000000,0.00000000,0.00,0,0,-39.55,-0.061,-0.3920,0.2940,1.0290,1.1397,0.374268,-0.389832,0.063660,0.838989,7.992,142.5,-1
1785814279.051,5474,1232020,0,0.00000000,0.00000000,0.00,0,0,-39.40,0.035,-0.4900,0.0980,0.9800,1.1000,0.374207,-0.390137,0.063538,0.838867,7.995,145.0,-1
1785814279.051,5475,1232238,0,0.00000000,0.00000000,0.00,0,0,-39.48,-0.024,-0.6860,0.5390,1.1270,1.4252,0.374207,-0.390198,0.063599,0.838867,7.994,148.8,-1
1785814280.342,5480,1233347,0,0.00000000,0.00000000,0.00,0,0,-39.45,-0.024,-0.7350,0.4410,1.2250,1.4951,0.374146,-0.389954,0.063599,0.838989,7.994,150.0,-1
1785814280.342,5481,1233567,0,0.00000000,0.00000000,0.00,0,0,-39.46,-0.006,-0.5880,0.3920,0.9800,1.2082,0.374207,-0.390015,0.063599,0.838928,7.996,147.5,-1
1785814281.624,5486,1234663,0,0.00000000,0.00000000,0.00,0,0,-39.51,-0.006,-0.4900,0.3920,1.5680,1.6889,0.374084,-0.390198,0.063416,0.838928,7.994,148.8,-1
1785814281.624,5487,1234880,0,0.00000000,0.00000000,0.00,0,0,-39.59,-0.053,-0.3920,0.3920,1.0780,1.2122,0.374023,-0.390137,0.063354,0.838989,7.995,150.0,-1
1785814282.917,5492,1236024,0,0.00000000,0.00000000,0.00,0,0,-39.44,0.024,-0.7840,0.3920,0.9800,1.3148,0.374023,-0.390137,0.063416,0.838989,7.997,152.5,-1
1785814284.208,5493,1236237,0,0.00000000,0.00000000,0.00,0,0,-39.49,0.010,0.4410,0.5390,0.7840,1.0486,0.374023,-0.390015,0.063538,0.839050,7.996,147.5,-1
1785814284.208,5498,1237339,0,0.00000000,0.00000000,0.00,0,0,-39.54,-0.034,-0.6860,0.5390,1.2250,1.5039,0.374023,-0.390015,0.063599,0.839050,7.997,145.0,-1
1785814285.488,5499,1237561,0,0.00000000,0.00000000,0.00,0,0,-39.66,-0.106,-0.4410,0.3920,1.0290,1.1862,0.374023,-0.390015,0.063599,0.838989,7.999,146.2,-1
1785814285.488,5503,1238451,0,0.00000000,0.00000000,0.00,0,0,-39.49,0.008,-1.0290,0.5880,0.6860,1.3694,0.373901,-0.390198,0.063416,0.838989,7.994,150.0,-1
1785814285.492,5504,1238670,0,0.00000000,0.00000000,0.00,0,0,-39.51,-0.011,-0.5390,0.4900,1.4210,1.5968,0.373962,-0.390198,0.063477,0.838989,7.997,146.2,-1
1785814286.778,5509,1239802,0,0.00000000,0.00000000,0.00,0,0,-39.51,0.028,-0.5390,0.5880,1.0780,1.3410,0.373840,-0.390015,0.063416,0.839111,7.997,143.8,-1
1785814286.778,5510,1240023,0,0.00000000,0.00000000,0.00,0,0,-39.52,0.009,-0.4410,0.3430,1.1270,1.2579,0.373840,-0.389954,0.063416,0.839172,7.997,148.8,-1
1785814288.076,5515,1241127,0,0.00000000,0.00000000,0.00,0,0,-39.54,-0.020,-0.2940,0.3430,0.8820,0.9910,0.373657,-0.389954,0.063599,0.839233,7.995,146.2,-1
1785814288.076,5516,1241356,0,0.00000000,0.00000000,0.00,0,0,-39.59,-0.033,-0.2450,0.0490,1.4700,1.4911,0.373718,-0.390076,0.063538,0.839172,7.997,147.5,-1
1785814289.356,5521,1242460,0,0.00000000,0.00000000,0.00,0,0,-39.59,-0.025,0.0490,0.1470,1.1270,1.1376,0.373779,-0.390076,0.063721,0.839111,7.996,148.8,-1
1785814290.641,5522,1242688,0,0.00000000,0.00000000,0.00,0,0,-39.61,-0.033,-0.3430,0.1470,1.0290,1.0946,0.373718,-0.390137,0.063721,0.839111,7.997,148.8,-1
1785814290.641,5527,1243803,0,0.00000000,0.00000000,0.00,0,0,-39.77,-0.089,-0.3920,0.2450,0.7350,0.8683,0.373718,-0.390015,0.063599,0.839172,7.996,142.5,-1
1785814291.934,5528,1244020,0,0.00000000,0.00000000,0.00,0,0,-39.71,-0.049,-0.3920,0.0980,0.7840,0.8820,0.373657,-0.390015,0.063660,0.839172,7.994,151.2,-1
1785814291.934,5532,1244908,0,0.00000000,0.00000000,0.00,0,0,-39.72,-0.027,-0.4900,0.5390,1.0780,1.3010,0.373474,-0.390015,0.063477,0.839294,7.996,148.8,-1
1785814291.934,5533,1245129,0,0.00000000,0.00000000,0.00,0,0,-39.64,0.004,-0.6370,0.4900,1.0780,1.3446,0.373474,-0.390015,0.063293,0.839294,7.996,150.0,-1
1785814293.224,5538,1246249,0,0.00000000,0.00000000,0.00,0,0,-39.72,-0.059,-0.5880,0.7840,1.3230,1.6464,0.373291,-0.390015,0.063477,0.839355,7.996,146.2,-1
1785814293.224,5539,1246466,0,0.00000000,0.00000000,0.00,0,0,-39.80,-0.099,-0.3430,0.4900,1.2250,1.3632,0.373352,-0.389954,0.063477,0.839355,7.996,151.2,-1
1785814294.506,5544,1247573,0,0.00000000,0.00000000,0.00,0,0,-39.67,-0.012,-0.6370,0.5390,1.3230,1.5642,0.373291,-0.390137,0.063416,0.839294,7.994,146.2,-1
1785814294.510,5545,1247798,0,0.00000000,0.00000000,0.00,0,0,-39.73,-0.044,-0.5880,0.5390,0.7840,1.1184,0.373230,-0.390137,0.063416,0.839294,7.995,146.2,-1
1785814295.800,5550,1248907,0,0.00000000,0.00000000,0.00,0,0,-39.66,0.005,-0.4900,0.2450,1.1760,1.2973,0.373230,-0.390320,0.063293,0.839233,7.997,145.0,-1
1785814297.093,5551,1249127,0,0.00000000,0.00000000,0.00,0,0,-39.58,0.054,-0.5880,0.4410,1.1270,1.3455,0.373291,-0.390320,0.063232,0.839233,7.996,146.2,-1
1785814297.093,5555,1250025,0,0.00000000,0.00000000,0.00,0,0,-39.60,0.044,-0.2450,0.2940,0.8820,0.9614,0.373291,-0.390137,0.063232,0.839294,8.002,136.2,-1
1785814297.093,5556,1250240,0,0.00000000,0.00000000,0.00,0,0,-39.68,0.002,-0.5880,0.0490,0.7350,0.9425,0.373291,-0.390198,0.063171,0.839294,7.994,142.5,-1
1785814298.376,5561,1251356,0,0.00000000,0.00000000,0.00,0,0,-39.73,-0.050,-0.7840,0.5880,1.2740,1.6073,0.373291,-0.390015,0.063354,0.839355,7.995,151.2,-1
1785814298.376,5562,1251576,0,0.00000000,0.00000000,0.00,0,0,-39.56,0.070,-0.4410,0.3920,1.3720,1.4935,0.373291,-0.390015,0.063354,0.839355,7.996,150.0,-1
1785814299.665,5567,1252682,0,0.00000000,0.00000000,0.00,0,0,-39.66,0.003,-0.6860,0.6370,1.0290,1.3911,0.373352,-0.390076,0.063416,0.839294,7.995,151.2,-1
1785814299.665,5568,1252899,0,0.00000000,0.00000000,0.00,0,0,-39.67,-0.005,-0.3920,0.4900,1.0780,1.2473,0.373413,-0.390137,0.063416,0.839233,7.994,155.0,-1
1785814300.954,5573,1254003,0,0.00000000,0.00000000,0.00,0,0,-39.66,0.008,-0.7840,0.4410,1.1270,1.4420,0.373291,-0.390137,0.063232,0.839294,7.996,143.8,-1
1785814300.957,5574,1254217,0,0.00000000,0.00000000,0.00,0,0,-39.69,-0.014,-0.8820,0.3920,1.1760,1.5214,0.373291,-0.390198,0.063171,0.839294,7.995,150.0,-1
1785814302.233,5579,1255368,0,0.00000000,0.00000000,0.00,0,0,-39.65,0.030,-0.6860,0.3920,0.9800,1.2588,0.373230,-0.390137,0.063293,0.839294,7.995,147.5,-1
1785814303.528,5580,1255593,0,0.00000000,0.00000000,0.00,0,0,-39.68,0.007,-0.2940,0.0490,0.7840,0.8387,0.373230,-0.390259,0.063293,0.839294,7.994,148.8,-1
1785814303.528,5584,1256472,0,0.00000000,0.00000000,0.00,0,0,-39.58,0.076,-0.5880,0.1470,0.9800,1.1523,0.373230,-0.390137,0.063171,0.839355,8.000,147.5,-1
1785814303.528,5585,1256700,0,0.00000000,0.00000000,0.00,0,0,-39.66,0.009,-0.7350,0.4900,1.2740,1.5503,0.373230,-0.390137,0.063171,0.839355,7.997,148.8,-1
1785814304.807,5590,1257773,0,0.00000000,0.00000000,0.00,0,0,-39.65,0.019,-0.4410,0.0980,1.2740,1.3517,0.373291,-0.390198,0.062988,0.839294,7.995,148.8,-1
1785814304.807,5591,1257989,0,0.00000000,0.00000000,0.00,0,0,-39.72,-0.030,-0.5390,0.0980,1.3230,1.4319,0.373291,-0.390259,0.062988,0.839294,7.996,151.2,-1
1785814306.102,5596,1259114,0,0.00000000,0.00000000,0.00,0,0,-39.67,0.013,-0.5390,0.3430,0.8330,1.0498,0.373474,-0.390259,0.063049,0.839233,7.996,146.2,-1
1785814306.102,5597,1259335,0,0.00000000,0.00000000,0.00,0,0,-39.54,0.092,-0.5390,0.8330,1.0780,1.4651,0.373413,-0.390259,0.063049,0.839233,7.996,145.0,-1
1785814307.396,5602,1260443,0,0.00000000,0.00000000,0.00,0,0,-39.73,-0.018,-0.4410,0.3430,1.1270,1.2579,0.373291,-0.390198,0.063232,0.839294,7.997,146.2,-1
1785814307.396,5603,1260668,0,0.00000000,0.00000000,0.00,0,0,-39.75,-0.026,-0.4900,0.2450,0.9310,1.0802,0.373291,-0.390137,0.063293,0.839294,7.997,145.0,-1
1785814308.672,5608,1261780,0,0.00000000,0.00000000,0.00,0,0,-39.53,0.095,-0.6860,0.6370,1.0780,1.4277,0.373291,-0.389893,0.063416,0.839417,7.996,145.0,-1
1785814309.970,5609,1261999,0,0.00000000,0.00000000,0.00,0,0,-39.66,0.013,-0.5880,0.3920,0.7840,1.0555,0.373291,-0.389893,0.063416,0.839417,7.996,146.2,-1
1785814309.970,5614,1263113,0,0.00000000,0.00000000,0.00,0,0,-39.61,0.068,-0.1960,0.0000,0.9310,0.9514,0.373291,-0.389954,0.063660,0.839355,7.995,146.2,-1
1785814311.252,5615,1263331,0,0.00000000,0.00000000,0.00,0,0,-39.67,0.012,-0.5880,0.3430,1.1270,1.3166,0.373291,-0.389954,0.063660,0.839355,7.995,147.5,-1
1785814311.252,5619,1264221,0,0.00000000,0.00000000,0.00,0,0,-39.82,-0.068,-0.6370,0.2450,1.3230,1.4887,0.373413,-0.389954,0.063660,0.839355,7.992,150.0,-1
1785814311.252,5620,1264446,0,0.00000000,0.00000000,0.00,0,0,-39.69,0.020,-0.7840,0.5880,1.0780,1.4569,0.373413,-0.389893,0.063660,0.839355,7.995,147.5,-1
1785814312.538,5625,1265587,0,0.00000000,0.00000000,0.00,0,0,-39.70,0.018,-0.3430,0.0490,1.0780,1.1323,0.373413,-0.390015,0.063538,0.839294,7.994,148.8,-1
1785814312.538,5626,1265808,0,0.00000000,0.00000000,0.00,0,0,-39.75,-0.017,-0.3430,0.5880,1.1760,1.3588,0.373352,-0.390015,0.063477,0.839294,7.996,150.0,-1
1785814313.836,5631,1266911,0,0.00000000,0.00000000,0.00,0,0,-39.70,0.009,-0.4410,0.4410,1.1760,1.3311,0.373474,-0.390137,0.063293,0.839233,7.996,150.0,-1
1785814313.836,5632,1267123,0,0.00000000,0.00000000,0.00,0,0,-39.66,0.027,-0.5880,0.4410,1.0290,1.2645,0.373413,-0.390076,0.063354,0.839294,7.996,146.2,-1
1785814315.115,5637,1268237,0,0.00000000,0.00000000,0.00,0,0,-39.71,0.002,-0.4900,0.5390,1.5680,1.7289,0.373474,-0.389954,0.063293,0.839294,7.995,150.0,-1
1785814316.411,5638,1268461,0,0.00000000,0.00000000,0.00,0,0,-39.76,-0.033,-0.8820,0.9310,1.6660,2.1024,0.373474,-0.389954,0.063416,0.839294,7.996,148.8,-1
1785814316.411,5642,1269347,0,0.00000000,0.00000000,0.00,0,0,-39.73,-0.004,-0.2450,0.0980,0.4900,0.5565,0.373413,-0.390076,0.063477,0.839294,8.006,80.0,-1
1785814316.411,5643,1269573,0,0.00000000,0.00000000,0.00,0,0,-39.73,-0.013,-0.3430,0.3920,1.1760,1.2862,0.373352,-0.390137,0.063538,0.839233,7.994,155.0,-1
1785814317.700,5648,1270678,0,0.00000000,0.00000000,0.00,0,0,-39.66,0.042,-0.4900,0.2450,0.7350,0.9167,0.373474,-0.390198,0.063232,0.839172,7.996,151.2,-1
1785814317.700,5649,1270900,0,0.00000000,0.00000000,0.00,0,0,-39.74,-0.027,-0.3920,0.2450,1.1270,1.2181,0.373535,-0.390137,0.063171,0.839172,7.996,148.8,-1
1785814318.982,5654,1272012,0,0.00000000,0.00000000,0.00,0,0,-39.62,0.007,-0.8820,0.8820,0.5390,1.3588,0.373352,-0.389832,0.063232,0.839417,7.994,148.8,-1
1785814318.982,5655,1272228,0,0.00000000,0.00000000,0.00,0,0,-39.66,-0.003,-0.6370,0.2450,1.2250,1.4023,0.373413,-0.389954,0.063171,0.839355,7.994,150.0,-1
1785814320.277,5660,1273352,0,0.00000000,0.00000000,0.00,0,0,-39.72,-0.046,-0.4900,0.4900,0.9310,1.1606,0.373352,-0.390076,0.063293,0.839294,7.991,152.5,-1
1785814320.278,5661,1273572,0,0.00000000,0.00000000,0.00,0,0,-39.64,-0.003,-0.2940,0.3430,1.3720,1.4445,0.373291,-0.390137,0.063354,0.839294,7.995,151.2,-1
1785814321.551,5666,1274690,0,0.00000000,0.00000000,0.00,0,0,-39.72,-0.069,-0.6860,0.5880,1.0780,1.4066,0.373535,-0.390015,0.063416,0.839294,7.996,147.5,-1
1785814322.843,5667,1274917,0,0.00000000,0.00000000,0.00,0,0,-39.66,-0.041,-0.5880,0.4900,1.1760,1.4031,0.373535,-0.390015,0.063416,0.839233,7.995,146.2,-1
1785814322.843,5671,1275809,0,0.00000000,0.00000000,0.00,0,0,-39.53,0.053,-0.5880,0.3920,1.5190,1.6753,0.373596,-0.389771,0.063293,0.839355,7.994,150.0,-1
1785814322.844,5672,1276029,0,0.00000000,0.00000000,0.00,0,0,-39.72,-0.060,-0.6860,0.2450,1.4210,1.5968,0.373657,-0.389771,0.063293,0.839294,7.994,150.0,-1
1785814324.133,5677,1277134,0,0.00000000,0.00000000,0.00,0,0,-39.70,-0.049,-0.7350,0.7840,1.0780,1.5222,0.373535,-0.389893,0.063171,0.839294,7.995,147.5,-1
1785814324.133,5678,1277355,0,0.00000000,0.00000000,0.00,0,0,-39.71,-0.056,-0.4410,0.4900,0.9310,1.1408,0.373474,-0.390015,0.063110,0.839294,7.997,151.2,-1
1785814325.427,5683,1278472,0,0.00000000,0.00000000,0.00,0,0,-39.62,0.017,-0.7350,0.2940,1.0780,1.3374,0.373413,-0.390015,0.063477,0.839294,7.994,151.2,-1
1785814325.427,5684,1278696,0,0.00000000,0.00000000,0.00,0,0,-39.62,0.034,-0.5880,0.3430,0.7840,1.0383,0.373474,-0.390137,0.063354,0.839233,7.997,145.0,-1
1785814326.706,5689,1279801,0,0.00000000,0.00000000,0.00,0,0,-39.65,0.005,-0.8330,0.9310,0.7840,1.4749,0.373718,-0.390076,0.063293,0.839172,7.997,148.8,-1
1785814326.706,5690,1280028,0,0.00000000,0.00000000,0.00,0,0,-39.74,-0.021,-0.5880,0.4900,1.0290,1.2825,0.373657,-0.390076,0.063354,0.839172,7.996,148.8,-1
1785814328.000,5695,1281125,0,0.00000000,0.00000000,0.00,0,0,-39.67,0.006,-0.7840,0.7840,1.1270,1.5810,0.373657,-0.389893,0.063293,0.839294,7.995,143.8,-1
1785814329.282,5696,1281351,0,0.00000000,0.00000000,0.00,0,0,-39.68,-0.010,-0.5390,0.5880,1.0290,1.3020,0.373657,-0.390015,0.063293,0.839233,7.997,145.0,-1
1785814329.287,5700,1282230,0,0.00000000,0.00000000,0.00,0,0,-39.50,0.084,-0.5390,0.3430,0.7350,0.9739,0.373657,-0.390015,0.063171,0.839172,7.995,130.0,-1
1785814329.287,5701,1282449,0,0.00000000,0.00000000,0.00,0,0,-39.67,-0.027,-0.5390,1.1760,1.0290,1.6530,0.373718,-0.390015,0.063171,0.839172,7.996,148.8,-1
1785814330.579,5706,1283586,0,0.00000000,0.00000000,0.00,0,0,-39.68,-0.043,-0.5880,0.4410,0.8820,1.1481,0.373596,-0.389954,0.063293,0.839294,7.995,155.0,-1
1785814330.579,5707,1283803,0,0.00000000,0.00000000,0.00,0,0,-39.56,0.028,-0.4900,0.4410,0.6370,0.9167,0.373596,-0.390015,0.063416,0.839233,7.995,150.0,-1
1785814331.858,5712,1284908,0,0.00000000,0.00000000,0.00,0,0,-39.51,0.048,-0.5390,0.3430,1.0780,1.2531,0.373596,-0.389954,0.063354,0.839233,7.997,146.2,-1
1785814331.858,5713,1285118,0,0.00000000,0.00000000,0.00,0,0,-39.55,0.021,-0.5390,0.4410,1.1270,1.3248,0.373596,-0.389954,0.063354,0.839294,7.997,146.2,-1
1785814333.156,5718,1286214,0,0.00000000,0.00000000,0.00,0,0,-39.53,-0.001,-0.5880,0.4900,1.0780,1.3221,0.373474,-0.390015,0.063538,0.839294,7.995,145.0,-1
1785814333.156,5719,1286437,0,0.00000000,0.00000000,0.00,0,0,-39.67,-0.086,-0.3430,0.4410,0.8820,1.0441,0.373535,-0.389954,0.063477,0.839294,7.995,146.2,-1
1785814334.436,5724,1287583,0,0.00000000,0.00000000,0.00,0,0,-39.55,-0.001,-0.5880,0.4410,1.1270,1.3455,0.373596,-0.389893,0.063416,0.839294,7.995,148.8,-1
1785814335.731,5725,1287803,0,0.00000000,0.00000000,0.00,0,0,-39.58,-0.022,-0.3430,0.1470,0.9310,1.0030,0.373596,-0.390015,0.063354,0.839233,7.996,142.5,-1
1785814335.731,5729,1288676,0,0.00000000,0.00000000,0.00,0,0,-39.67,-0.116,-0.5390,0.2450,1.0780,1.2299,0.373535,-0.389771,0.063293,0.839355,7.994,147.5,-1
1785814335.731,5730,1288899,0,0.00000000,0.00000000,0.00,0,0,-39.52,0.006,-0.4410,0.6860,0.9310,1.2377,0.373535,-0.389832,0.063171,0.839355,7.995,147.5,-1
1785814337.010,5735,1289999,0,0.00000000,0.00000000,0.00,0,0,-39.59,-0.029,-0.4900,0.3430,1.1760,1.3194,0.373474,-0.389648,0.063416,0.839417,7.996,147.5,-1
1785814337.010,5736,1290218,0,0.00000000,0.00000000,0.00,0,0,-39.67,-0.055,-0.5390,0.2450,0.9310,1.1033,0.373474,-0.389709,0.063477,0.839417,7.996,148.8,-1
1785814338.302,5741,1291352,0,0.00000000,0.00000000,0.00,0,0,-39.63,-0.031,-0.5880,0.1470,1.0290,1.1942,0.373535,-0.389771,0.063538,0.839355,7.995,141.2,-1
1785814338.302,5742,1291572,0,0.00000000,0.00000000,0.00,0,0,-39.58,-0.007,-0.7840,0.5880,1.0780,1.4569,0.373535,-0.389771,0.063477,0.839355,7.996,143.8,-1
1785814339.596,5747,1292676,0,0.00000000,0.00000000,0.00,0,0,-39.55,0.021,-0.3920,0.2940,1.1760,1.2740,0.373474,-0.389832,0.063416,0.839355,7.995,142.5,-1
1785814339.596,5748,1292901,0,0.00000000,0.00000000,0.00,0,0,-39.51,0.040,-0.7350,0.4900,1.1760,1.4708,0.373596,-0.390015,0.063293,0.839233,7.995,150.0,-1
1785814340.879,5753,1294014,0,0.00000000,0.00000000,0.00,0,0,-39.43,0.042,-0.7840,0.5880,0.9310,1.3517,0.373474,-0.389709,0.063110,0.839417,7.995,150.0,-1
1785814342.168,5754,1294231,0,0.00000000,0.00000000,0.00,0,0,-39.51,-0.004,-0.5880,0.0490,1.3230,1.4486,0.373474,-0.389648,0.063110,0.839478,7.996,150.0,-1
1785814342.168,5758,1295112,0,0.00000000,0.00000000,0.00,0,0,-39.52,0.010,-0.4900,0.3430,0.6370,0.8738,0.373413,-0.389771,0.063416,0.839417,7.995,147.5,-1
1785814342.168,5759,1295337,0,0.00000000,0.00000000,0.00,0,0,-39.63,-0.074,-0.3920,0.2940,1.2740,1.3650,0.373413,-0.389832,0.063477,0.839417,7.996,150.0,-1
1785814343.453,5764,1296442,0,0.00000000,0.00000000,0.00,0,0,-39.65,-0.072,-0.6860,0.4900,1.0290,1.3302,0.373413,-0.389893,0.063354,0.839355,7.995,148.8,-1
1785814343.453,5765,1296664,0,0.00000000,0.00000000,0.00,0,0,-39.64,-0.045,-0.2940,0.1960,1.4210,1.4643,0.373474,-0.389893,0.063293,0.839355,7.997,145.0,-1
1785814344.747,5770,1297805,0,0.00000000,0.00000000,0.00,0,0,-39.72,-0.081,-0.8820,0.3920,1.2740,1.5983,0.373657,-0.389832,0.063110,0.839294,7.995,147.5,-1
1785814344.747,5771,1298024,0,0.00000000,0.00000000,0.00,0,0,-39.70,-0.064,-0.6860,0.2450,0.7350,1.0348,0.373657,-0.389832,0.063049,0.839294,7.996,148.8,-1
1785814346.033,5776,1299123,0,0.00000000,0.00000000,0.00,0,0,-39.59,-0.005,-1.0780,0.9800,0.7840,1.6544,0.373596,-0.389771,0.063354,0.839355,7.996,148.8,-1
1785814347.313,5777,1299350,0,0.00000000,0.00000000,0.00,0,0,-39.64,-0.029,-0.5390,0.3430,1.0780,1.2531,0.373596,-0.389709,0.063416,0.839355,7.995,148.8,-1
1785814347.313,5782,1300448,0,0.00000000,0.00000000,0.00,0,0,-39.56,0.017,-0.3920,0.1470,0.6370,0.7623,0.373474,-0.389893,0.063477,0.839355,7.996,148.8,-1
1785814348.605,5783,1300670,0,0.00000000,0.00000000,0.00,0,0,-39.61,-0.014,-0.5880,0.4900,1.0780,1.3221,0.373474,-0.389954,0.063477,0.839294,7.996,145.0,-1
1785814348.611,5787,1301584,0,0.00000000,0.00000000,0.00,0,0,-39.75,-0.124,-0.5880,0.2450,1.1270,1.2946,0.373474,-0.389893,0.063477,0.839294,7.995,152.5,-1
1785814348.611,5788,1301804,0,0.00000000,0.00000000,0.00,0,0,-39.68,-0.066,-0.3920,0.2940,1.4210,1.5031,0.373535,-0.389893,0.063477,0.839294,7.995,147.5,-1
1785814349.893,5793,1302904,0,0.00000000,0.00000000,0.00,0,0,-39.65,-0.057,-0.4410,0.0980,1.0780,1.1688,0.373535,-0.390076,0.063293,0.839233,7.997,151.2,-1
1785814349.893,5794,1303120,0,0.00000000,0.00000000,0.00,0,0,-39.61,-0.027,-0.5390,0.3430,0.8330,1.0498,0.373535,-0.390076,0.063354,0.839233,7.996,147.5,-1
1785814351.179,5799,1304227,0,0.00000000,0.00000000,0.00,0,0,-39.57,0.025,-0.6860,0.5390,1.3230,1.5848,0.373474,-0.390015,0.063538,0.839294,7.996,151.2,-1
1785814351.179,5800,1304429,0,0.00000000,0.00000000,0.00,0,0,-39.62,-0.005,-0.3920,0.3430,1.1270,1.2415,0.373474,-0.390015,0.063477,0.839233,7.995,147.5,-1
1785814352.473,5805,1305532,0,0.00000000,0.00000000,0.00,0,0,-39.57,0.029,-0.6860,0.3430,0.7350,1.0623,0.373535,-0.389893,0.063354,0.839294,7.994,150.0,-1
1785814352.473,5806,1305752,0,0.00000000,0.00000000,0.00,0,0,-39.61,-0.005,-0.8330,0.6860,1.3720,1.7455,0.373596,-0.389893,0.063354,0.839294,7.996,151.2,-1
1785814353.755,5811,1306843,0,0.00000000,0.00000000,0.00,0,0,-39.65,-0.059,-0.7840,0.1470,0.8330,1.1533,0.373840,-0.389771,0.063171,0.839233,7.995,147.5,-1
1785814353.761,5812,1307065,0,0.00000000,0.00000000,0.00,0,0,-39.63,-0.035,-0.3920,0.2940,1.2740,1.3650,0.373779,-0.389771,0.063293,0.839294,7.996,147.5,-1
1785814355.048,5817,1308159,0,0.00000000,0.00000000,0.00,0,0,-39.69,-0.039,-1.3230,-0.1470,0.6370,1.4757,0.373718,-0.389771,0.063416,0.839294,7.996,146.2,-1
1785814356.331,5818,1308390,0,0.00000000,0.00000000,0.00,0,0,-39.72,-0.055,-0.6370,0.7350,1.3720,1.6818,0.373718,-0.389771,0.063354,0.839294,7.995,141.2,-1
1785814356.335,5822,1309280,0,0.00000000,0.00000000,0.00,0,0,-39.71,-0.067,-0.4410,0.3430,1.2250,1.3464,0.373657,-0.389832,0.063477,0.839233,7.996,145.0,-1
1785814356.335,5823,1309502,0,0.00000000,0.00000000,0.00,0,0,-39.64,0.019,-0.4900,0.2940,0.8820,1.0509,0.373718,-0.389832,0.063477,0.839294,7.997,146.2,-1
1785814357.626,5828,1310613,0,0.00000000,0.00000000,0.00,0,0,-39.56,0.051,-0.3430,0.4410,1.2250,1.3464,0.373840,-0.389832,0.063416,0.839233,7.996,142.5,-1
1785814357.626,5829,1310833,0,0.00000000,0.00000000,0.00,0,0,-39.78,-0.083,-0.7350,0.4900,1.1270,1.4319,0.373901,-0.389771,0.063477,0.839233,7.995,145.0,-1
1785814358.906,5834,1311944,0,0.00000000,0.00000000,0.00,0,0,-39.54,0.065,-0.7350,0.9310,1.1760,1.6703,0.373901,-0.389709,0.063843,0.839233,7.996,142.5,-1
1785814358.910,5835,1312157,0,0.00000000,0.00000000,0.00,0,0,-39.46,-0.078,-0.7350,0.5390,1.3230,1.6066,0.374573,-0.389099,0.062134,0.839294,7.996,146.2,-1
1785814360.199,5840,1313276,0,0.00000000,0.00000000,0.00,0,0,-39.67,-0.073,-0.5390,0.5880,1.4700,1.6725,0.375244,-0.389221,0.060974,0.839050,7.994,147.5,-1
1785814360.199,5841,1313497,0,0.00000000,0.00000000,0.00,0,0,-39.55,0.009,-0.3920,0.2450,0.9310,1.0394,0.374939,-0.389221,0.061584,0.839111,7.994,145.0,-1
1785814361.488,5846,1314603,0,0.00000000,0.00000000,0.00,0,0,-39.64,-0.007,-0.6370,0.4900,1.1270,1.3842,0.374207,-0.389343,0.063293,0.839294,7.996,143.8,-1
1785814362.777,5847,1314829,0,0.00000000,0.00000000,0.00,0,0,-39.63,-0.002,-0.4900,0.2940,1.2250,1.3517,0.374146,-0.389282,0.063599,0.839294,7.995,147.5,-1
1785814362.777,5851,1315713,0,0.00000000,0.00000000,0.00,0,0,-39.61,0.022,-0.6860,0.3920,0.7350,1.0791,0.374146,-0.389099,0.063782,0.839355,7.996,82.5,-1
1785814362.777,5852,1315933,0,0.00000000,0.00000000,0.00,0,0,-39.68,-0.014,-0.3920,0.5390,1.1760,1.3517,0.374146,-0.389160,0.063843,0.839355,7.994,146.2,-1
1785814364.057,5857,1317035,0,0.00000000,0.00000000,0.00,0,0,-39.63,0.006,-0.3430,0.4410,1.2740,1.3911,0.374084,-0.389160,0.063904,0.839355,7.996,150.0,-1
1785814364.057,5858,1317255,0,0.00000000,0.00000000,0.00,0,0,-39.69,-0.021,-0.4900,0.5880,1.2250,1.4445,0.374084,-0.389099,0.063904,0.839355,7.994,148.8,-1
1785814365.349,5863,1318351,0,0.00000000,0.00000000,0.00,0,0,-39.85,-0.118,0.0000,-0.0980,0.6370,0.6445,0.374084,-0.389404,0.063843,0.839233,7.995,147.5,-1
1785814365.349,5864,1318578,0,0.00000000,0.00000000,0.00,0,0,-39.73,-0.024,-0.3920,0.6370,0.8330,1.1195,0.374084,-0.389404,0.063904,0.839233,7.996,156.2,-1
1785814366.642,5869,1319680,0,0.00000000,0.00000000,0.00,0,0,-39.69,0.001,-0.4900,0.0000,1.0780,1.1841,0.374023,-0.389465,0.063965,0.839233,7.996,150.0,-1
1785814366.642,5870,1319903,0,0.00000000,0.00000000,0.00,0,0,-39.60,0.040,-0.5390,0.2940,1.0290,1.1982,0.374023,-0.389404,0.063965,0.839294,7.997,146.2,-1
1785814367.922,5875,1321013,0,0.00000000,0.00000000,0.00,0,0,-39.61,0.015,-0.5390,0.3430,1.0780,1.2531,0.374023,-0.389465,0.064026,0.839233,7.997,150.0,-1
1785814367.922,5876,1321229,0,0.00000000,0.00000000,0.00,0,0,-39.77,-0.089,-0.6370,0.3430,1.6660,1.8163,0.374023,-0.389465,0.064026,0.839233,7.996,143.8,-1
1785814369.218,5881,1322359,0,0.00000000,0.00000000,0.00,0,0,-39.71,0.003,-0.5880,0.5390,1.1760,1.4210,0.374084,-0.389404,0.063782,0.839233,7.996,148.8,-1
1785814370.498,5882,1322587,0,0.00000000,0.00000000,0.00,0,0,-39.70,0.017,-0.8330,0.2450,1.6660,1.8787,0.374084,-0.389343,0.063843,0.839294,7.995,145.0,-1
1785814370.498,5886,1323469,0,0.00000000,0.00000000,0.00,0,0,-39.69,0.003,-0.4900,0.4410,1.1760,1.3482,0.374146,-0.389221,0.063721,0.839294,7.995,146.2,-1
1785814370.498,5887,1323689,0,0.00000000,0.00000000,0.00,0,0,-39.70,0.008,-0.1960,0.0980,0.7840,0.8140,0.374146,-0.389160,0.063782,0.839355,7.995,146.2,-1
1785814375.655,5910,1328778,0,0.00000000,0.00000000,0.00,0,0,-39.99,-0.096,-0.4410,0.2450,1.0780,1.1902,0.374023,-0.389221,0.064026,0.839355,7.995,153.8,-1
1785814376.935,5911,1329000,0,0.00000000,0.00000000,0.00,0,0,-39.94,-0.051,-0.5880,0.3430,1.0290,1.2338,0.374084,-0.389160,0.063965,0.839355,7.996,148.8,-1
1785814376.935,5915,1329883,0,0.00000000,0.00000000,0.00,0,0,-39.81,0.006,0.0000,0.3430,0.9310,0.9922,0.374084,-0.389160,0.063965,0.839355,7.994,136.2,-1
1785814376.935,5916,1330130,0,0.00000000,0.00000000,0.00,0,0,-39.95,-0.051,-0.3920,0.0000,0.6860,0.7901,0.374084,-0.389221,0.063965,0.839355,7.996,151.2,-1
1785814378.233,5921,1331234,0,0.00000000,0.00000000,0.00,0,0,-40.09,-0.172,-0.6370,0.6860,1.0780,1.4277,0.374084,-0.389221,0.063843,0.839355,7.996,150.0,-1
1785814378.239,5922,1331456,0,0.00000000,0.00000000,0.00,0,0,-39.97,-0.083,-0.6860,0.4410,1.0780,1.3517,0.374146,-0.389221,0.063843,0.839355,7.995,145.0,-1
1785814379.515,5927,1332560,0,0.00000000,0.00000000,0.00,0,0,-39.77,0.073,-0.4410,0.2940,1.1760,1.2899,0.374023,-0.389221,0.064026,0.839355,7.996,146.2,-1
1785814379.515,5928,1332786,0,0.00000000,0.00000000,0.00,0,0,-39.87,0.010,-0.5390,0.4900,1.2740,1.4675,0.374023,-0.389221,0.064026,0.839355,7.996,153.8,-1
1785814380.812,5933,1333881,0,0.00000000,0.00000000,0.00,0,0,-39.88,-0.024,-0.3430,0.6860,1.3230,1.5292,0.374023,-0.389160,0.064026,0.839355,7.995,148.8,-1
1785814380.812,5934,1334127,0,0.00000000,0.00000000,0.00,0,0,-39.82,-0.003,-0.7840,0.8330,1.3230,1.7490,0.374084,-0.389038,0.063965,0.839417,7.996,147.5,-1
1785814382.100,5939,1335235,0,0.00000000,0.00000000,0.00,0,0,-40.04,-0.082,-0.6370,0.5390,0.9800,1.2871,0.374084,-0.389099,0.064026,0.839355,7.994,150.0,-1
1785814383.385,5940,1335453,0,0.00000000,0.00000000,0.00,0,0,-39.95,-0.033,-0.5390,0.5880,1.3230,1.5449,0.374023,-0.389099,0.063965,0.839417,7.994,150.0,-1
1785814383.385,5944,1336335,0,0.00000000,0.00000000,0.00,0,0,-39.90,0.008,-0.2940,0.1960,1.0780,1.1344,0.374146,-0.389099,0.063904,0.839355,7.992,148.8,-1
1785814383.385,5945,1336557,0,0.00000000,0.00000000,0.00,0,0,-39.82,0.074,-1.0290,0.6860,1.1760,1.7066,0.374146,-0.389038,0.063782,0.839417,7.996,145.0,-1
1785814384.673,5950,1337667,0,0.00000000,0.00000000,0.00,0,0,-39.94,-0.062,-0.2940,0.1470,1.0780,1.1270,0.374146,-0.389099,0.063843,0.839355,7.994,146.2,-1
1785814384.673,5951,1337891,0,0.00000000,0.00000000,0.00,0,0,-39.91,-0.037,-0.4410,0.4410,1.0780,1.2454,0.374146,-0.389099,0.063843,0.839355,7.995,143.8,-1
1785814385.953,5956,1339023,0,0.00000000,0.00000000,0.00,0,0,-40.01,-0.090,-0.3430,0.2450,1.1270,1.2032,0.374084,-0.389160,0.063904,0.839355,7.999,147.5,-1
1785814385.953,5957,1339236,0,0.00000000,0.00000000,0.00,0,0,-39.84,0.046,-0.4410,0.1470,0.9310,1.0406,0.374084,-0.389160,0.063965,0.839355,7.999,147.5,-1
1785814387.251,5962,1340350,0,0.00000000,0.00000000,0.00,0,0,-39.83,-0.018,-0.6370,0.5390,1.1270,1.4023,0.374084,-0.389221,0.063965,0.839355,7.997,150.0,-1
1785814388.529,5963,1340576,0,0.00000000,0.00000000,0.00,0,0,-39.78,0.010,-0.3920,0.3430,1.0780,1.1972,0.374084,-0.389221,0.063965,0.839355,7.997,148.8,-1
1785814388.529,5968,1341687,0,0.00000000,0.00000000,0.00,0,0,-39.79,0.026,-0.5880,0.4900,1.2250,1.4445,0.374084,-0.389099,0.063904,0.839417,7.997,151.2,-1
1785814389.821,5969,1341911,0,0.00000000,0.00000000,0.00,0,0,-39.79,0.037,-0.9800,0.6370,1.4210,1.8399,0.374084,-0.389099,0.063904,0.839417,7.997,150.0,-1
1785814389.821,5973,1342798,0,0.00000000,0.00000000,0.00,0,0,-39.91,-0.085,-0.5390,0.4900,1.4700,1.6406,0.374084,-0.389099,0.063904,0.839417,7.996,143.8,-1
1785814389.825,5974,1343020,0,0.00000000,0.00000000,0.00,0,0,-39.77,0.021,-0.2940,0.0490,1.0290,1.0713,0.374084,-0.389099,0.063904,0.839417,7.999,146.2,-1
1785814391.107,5979,1344123,0,0.00000000,0.00000000,0.00,0,0,-39.73,0.002,-0.5880,0.2940,1.1270,1.3047,0.374023,-0.389160,0.063904,0.839355,7.997,140.0,-1
1785814391.107,5980,1344343,0,0.00000000,0.00000000,0.00,0,0,-39.69,0.020,-0.3920,0.3920,1.0290,1.1688,0.374023,-0.389160,0.063904,0.839417,7.999,141.2,-1
1785814392.401,5985,1345443,0,0.00000000,0.00000000,0.00,0,0,-39.58,0.122,-0.5390,0.5390,0.9800,1.2415,0.374023,-0.389099,0.063904,0.839417,7.996,148.8,-1
1785814392.401,5986,1345666,0,0.00000000,0.00000000,0.00,0,0,-39.81,-0.039,-0.6370,0.3920,1.2740,1.4773,0.374084,-0.389099,0.063904,0.839417,7.995,148.8,-1
1785814393.686,5991,1346754,0,0.00000000,0.00000000,0.00,0,0,-39.70,0.029,-0.5880,0.3920,1.0780,1.2890,0.374084,-0.388916,0.063843,0.839478,7.995,156.2,-1
1785814393.686,5992,1346980,0,0.00000000,0.00000000,0.00,0,0,-39.63,0.073,-0.5880,0.7350,0.6860,1.1647,0.374084,-0.388977,0.063843,0.839478,7.996,150.0,-1
1785814394.981,5997,1348113,0,0.00000000,0.00000000,0.00,0,0,-39.66,0.058,-0.3430,0.0490,1.2250,1.2731,0.374084,-0.389282,0.063782,0.839355,7.995,141.2,-1
1785814396.261,5998,1348330,0,0.00000000,0.00000000,0.00,0,0,-39.68,0.030,-0.4410,0.1960,1.0290,1.1365,0.374084,-0.389282,0.063782,0.839294,7.996,152.5,-1
1785814396.261,6002,1349206,0,0.00000000,0.00000000,0.00,0,0,-39.69,-0.007,-0.5880,0.0490,0.8330,1.0208,0.374084,-0.389282,0.063782,0.839294,7.996,148.8,-1
1785814396.261,6003,1349432,0,0.00000000,0.00000000,0.00,0,0,-39.60,0.070,-0.4900,0.2450,1.4700,1.5688,0.374084,-0.389282,0.063782,0.839294,7.995,147.5,-1
1785814397.556,6008,1350555,0,0.00000000,0.00000000,0.00,0,0,-39.66,-0.006,-0.5390,0.3920,1.3230,1.4814,0.374084,-0.389099,0.063843,0.839417,7.997,151.2,-1
1785814397.556,6009,1350776,0,0.00000000,0.00000000,0.00,0,0,-39.63,-0.004,-0.5390,0.3430,1.1270,1.2955,0.374084,-0.389038,0.063843,0.839417,7.996,142.5,-1
1785814398.837,6014,1351891,0,0.00000000,0.00000000,0.00,0,0,-39.56,0.025,-0.1960,0.0980,0.7840,0.8140,0.374084,-0.389282,0.063843,0.839355,7.997,152.5,-1
1785814398.837,6015,1352113,0,0.00000000,0.00000000,0.00,0,0,-39.68,-0.045,-0.5390,0.3920,1.5680,1.7038,0.374084,-0.389282,0.063843,0.839355,7.995,145.0,-1
1785814400.122,6020,1353216,0,0.00000000,0.00000000,0.00,0,0,-39.49,0.074,-0.4410,0.1470,1.4210,1.4951,0.374084,-0.389221,0.063904,0.839355,7.995,148.8,-1
1785814401.414,6021,1353440,0,0.00000000,0.00000000,0.00,0,0,-39.60,0.007,-0.6860,0.4410,1.1760,1.4311,0.374023,-0.389221,0.063904,0.839355,7.996,151.2,-1
1785814401.414,6025,1354352,0,0.00000000,0.00000000,0.00,0,0,-39.55,-0.005,-0.4410,0.3430,1.1270,1.2579,0.374084,-0.389099,0.063904,0.839417,8.001,138.8,-1
1785814401.416,6026,1354575,0,0.00000000,0.00000000,0.00,0,0,-39.52,0.023,-0.5880,0.5390,0.5880,0.9910,0.374084,-0.389038,0.063904,0.839417,7.995,147.5,-1
1785814402.696,6031,1355676,0,0.00000000,0.00000000,0.00,0,0,-39.64,-0.071,-0.5390,0.5390,1.1270,1.3606,0.374084,-0.389038,0.063904,0.839417,7.995,146.2,-1
1785814402.696,6032,1355896,0,0.00000000,0.00000000,0.00,0,0,-39.52,-0.009,-0.4900,0.2450,0.9310,1.0802,0.374084,-0.389038,0.063904,0.839417,7.996,145.0,-1
1785814403.994,6037,1357021,0,0.00000000,0.00000000,0.00,0,0,-39.49,0.024,-0.1960,0.3430,1.1760,1.2406,0.374023,-0.389160,0.063904,0.839355,7.996,147.5,-1
1785814403.994,6038,1357238,0,0.00000000,0.00000000,0.00,0,0,-39.47,0.014,-0.6860,0.3430,1.4700,1.6581,0.374023,-0.389221,0.063965,0.839355,7.994,143.8,-1
1785814405.280,6043,1358340,0,0.00000000,0.00000000,0.00,0,0,-39.57,-0.048,-0.3920,0.3920,0.8330,1.0006,0.374084,-0.389038,0.063904,0.839417,7.994,150.0,-1
1785814405.280,6044,1358566,0,0.00000000,0.00000000,0.00,0,0,-39.43,0.030,-0.3920,-0.2450,1.5680,1.6347,0.374084,-0.388977,0.063904,0.839417,7.996,147.5,-1
1785814406.566,6049,1359674,0,0.00000000,0.00000000,0.00,0,0,-39.47,-0.010,-0.4900,0.3920,1.0780,1.2473,0.374084,-0.388977,0.063904,0.839478,7.995,148.8,-1
1785814407.846,6050,1359894,0,0.00000000,0.00000000,0.00,0,0,-39.53,-0.041,-0.3920,0.2940,0.9800,1.0957,0.374084,-0.389038,0.063904,0.839417,7.996,150.0,-1
1785814407.846,6054,1360816,0,0.00000000,0.00000000,0.00,0,0,-39.56,-0.050,-0.4900,0.4410,1.0780,1.2636,0.374023,-0.389099,0.063904,0.839417,7.995,145.0,-1
1785814407.850,6055,1361039,0,0.00000000,0.00000000,0.00,0,0,-39.63,-0.095,-0.4410,0.2940,1.0780,1.2012,0.374023,-0.389099,0.063904,0.839417,7.995,147.5,-1
1785814409.134,6060,1362131,0,0.00000000,0.00000000,0.00,0,0,-39.59,-0.034,-0.5880,0.4410,1.4210,1.5998,0.374084,-0.389038,0.063904,0.839417,7.994,152.5,-1
1785814409.134,6061,1362353,0,0.00000000,0.00000000,0.00,0,0,-39.67,-0.094,-0.3920,0.3430,1.2250,1.3311,0.374084,-0.389038,0.063904,0.839417,7.997,148.8,-1
1785814410.435,6066,1363460,0,0.00000000,0.00000000,0.00,0,0,-39.70,-0.077,-0.4900,0.4410,1.2740,1.4345,0.374084,-0.389160,0.063904,0.839355,7.996,145.0,-1
1785814410.435,6067,1363685,0,0.00000000,0.00000000,0.00,0,0,-39.69,-0.072,-0.7840,0.4410,1.4210,1.6818,0.374084,-0.389160,0.063904,0.839417,7.995,146.2,-1
1785814411.713,6072,1364777,0,0.00000000,0.00000000,0.00,0,0,-39.59,-0.011,-0.5390,0.2450,1.0290,1.1872,0.374084,-0.389160,0.063782,0.839355,7.996,146.2,-1
1785814411.713,6073,1364997,0,0.00000000,0.00000000,0.00,0,0,-39.62,-0.030,-0.3430,0.4900,1.2740,1.4074,0.374084,-0.389099,0.063782,0.839355,7.995,145.0,-1
1785814413.010,6078,1366133,0,0.00000000,0.00000000,0.00,0,0,-39.63,-0.034,-0.4410,0.3430,0.8330,1.0030,0.374084,-0.389038,0.063843,0.839417,7.996,146.2,-1
1785814414.299,6079,1366361,0,0.00000000,0.00000000,0.00,0,0,-39.67,-0.058,-0.2450,0.0490,0.9800,1.0113,0.374084,-0.389099,0.063904,0.839417,7.996,150.0,-1
1785814414.299,6083,1367241,0,0.00000000,0.00000000,0.00,0,0,-39.68,-0.071,-0.4900,0.4900,1.0290,1.2406,0.374084,-0.388916,0.063904,0.839478,7.996,150.0,-1
1785814414.303,6084,1367463,0,0.00000000,0.00000000,0.00,0,0,-39.58,0.019,-0.6860,0.4900,0.8330,1.1852,0.374084,-0.388916,0.063904,0.839478,7.999,147.5,-1
1785814415.582,6089,1368575,0,0.00000000,0.00000000,0.00,0,0,-39.51,0.059,-0.5880,0.3430,0.8330,1.0758,0.374084,-0.388916,0.063904,0.839478,7.996,146.2,-1
1785814415.582,6090,1368797,0,0.00000000,0.00000000,0.00,0,0,-39.51,0.049,-0.3430,0.1470,0.9310,1.0030,0.374084,-0.388916,0.063904,0.839478,7.996,145.0,-1
1785814416.870,6095,1369914,0,0.00000000,0.00000000,0.00,0,0,-39.67,-0.044,-0.3920,0.5390,0.8330,1.0668,0.374084,-0.388977,0.063843,0.839478,7.997,147.5,-1
1785814416.870,6096,1370132,0,0.00000000,0.00000000,0.00,0,0,-39.60,-0.043,-0.7350,0.5880,1.2250,1.5449,0.374084,-0.389038,0.063843,0.839417,7.995,148.8,-1
1785814418.153,6101,1371236,0,0.00000000,0.00000000,0.00,0,0,-39.54,0.029,-0.2940,0.0980,0.6370,0.7084,0.374084,-0.389038,0.063843,0.839417,7.995,151.2,-1
1785814419.450,6102,1371461,0,0.00000000,0.00000000,0.00,0,0,-39.54,0.025,-0.4410,0.4900,1.2250,1.3911,0.374084,-0.388977,0.063843,0.839417,7.997,143.8,-1
1785814419.453,6107,1372561,0,0.00000000,0.00000000,0.00,0,0,-39.58,0.004,-0.3430,0.6370,1.1760,1.3807,0.374084,-0.389099,0.063843,0.839417,7.997,148.8,-1
1785814420.733,6108,1372782,0,0.00000000,0.00000000,0.00,0,0,-39.57,0.030,-0.5880,0.4900,1.2740,1.4862,0.374084,-0.389038,0.063843,0.839417,7.997,150.0,-1
1785814420.736,6112,1373665,0,0.00000000,0.00000000,0.00,0,0,-39.54,0.015,-0.6860,0.4410,1.2740,1.5127,0.374084,-0.388855,0.063843,0.839478,7.995,132.5,-1
1785814420.736,6113,1373884,0,0.00000000,0.00000000,0.00,0,0,-39.57,0.004,-0.2450,0.2940,1.1760,1.2367,0.374084,-0.388855,0.063843,0.839478,7.996,146.2,-1
1785814422.014,6118,1375006,0,0.00000000,0.00000000,0.00,0,0,-39.58,0.010,-0.5390,0.2940,0.8820,1.0747,0.374084,-0.388855,0.063843,0.839478,7.997,146.2,-1
1785814422.014,6119,1375221,0,0.00000000,0.00000000,0.00,0,0,-39.45,0.120,-0.5390,0.3430,1.2740,1.4252,0.374084,-0.388916,0.063843,0.839478,7.996,145.0,-1
1785814423.311,6124,1376359,0,0.00000000,0.00000000,0.00,0,0,-39.56,0.003,-0.5390,0.4900,0.7350,1.0348,0.374084,-0.389038,0.063904,0.839417,7.996,150.0,-1
1785814423.311,6125,1376581,0,0.00000000,0.00000000,0.00,0,0,-39.60,-0.024,-0.5880,0.2450,0.9800,1.1688,0.374084,-0.389038,0.063904,0.839417,7.996,151.2,-1
1785814424.604,6130,1377685,0,0.00000000,0.00000000,0.00,0,0,-39.58,-0.014,-0.3920,0.1960,1.1760,1.2550,0.374023,-0.389038,0.063965,0.839478,7.996,145.0,-1
1785814425.886,6131,1377907,0,0.00000000,0.00000000,0.00,0,0,-39.55,0.008,-0.3430,0.5390,1.2740,1.4252,0.374023,-0.389038,0.063965,0.839417,7.996,145.0,-1
1785814425.886,6136,1379015,0,0.00000000,0.00000000,0.00,0,0,-39.56,0.049,-0.4900,0.2450,1.0290,1.1657,0.374023,-0.389099,0.063904,0.839417,7.995,143.8,-1
1785814427.174,6137,1379234,0,0.00000000,0.00000000,0.00,0,0,-39.51,0.067,-0.5880,0.3920,1.0290,1.2483,0.374084,-0.389099,0.063904,0.839417,7.995,150.0,-1
1785814427.174,6141,1380111,0,0.00000000,0.00000000,0.00,0,0,-39.63,-0.043,-0.9310,0.7840,1.2740,1.7620,0.374084,-0.389221,0.063904,0.839355,7.992,108.8,-1
1785814427.175,6142,1380331,0,0.00000000,0.00000000,0.00,0,0,-39.52,0.028,-0.6370,0.2940,0.7350,1.0161,0.374023,-0.389343,0.063904,0.839294,7.995,147.5,-1
1785814428.460,6147,1381433,0,0.00000000,0.00000000,0.00,0,0,-39.61,-0.024,-0.5880,0.4410,1.1760,1.3868,0.374023,-0.389160,0.063904,0.839355,7.996,148.8,-1
1785814428.460,6148,1381652,0,0.00000000,0.00000000,0.00,0,0,-39.61,-0.016,-0.7350,0.4900,0.8820,1.2483,0.374023,-0.389160,0.063904,0.839417,7.999,148.8,-1
1785814429.757,6153,1382784,0,0.00000000,0.00000000,0.00,0,0,-39.63,-0.040,-0.3430,0.5880,1.0290,1.2338,0.374023,-0.389221,0.063904,0.839355,7.995,150.0,-1
1785814429.760,6154,1383006,0,0.00000000,0.00000000,0.00,0,0,-39.52,0.030,-0.4900,0.5390,1.0780,1.3010,0.374023,-0.389160,0.063904,0.839355,7.995,146.2,-1
1785814431.029,6159,1384134,0,0.00000000,0.00000000,0.00,0,0,-39.60,-0.010,-0.4410,0.3920,1.0780,1.2289,0.374023,-0.389160,0.063904,0.839417,7.992,153.8,-1
1785814431.038,6160,1384358,0,0.00000000,0.00000000,0.00,0,0,-39.61,-0.004,-0.9310,0.4900,1.2250,1.6148,0.374023,-0.389099,0.063904,0.839417,7.995,147.5,-1
1785814432.321,6165,1385461,0,0.00000000,0.00000000,0.00,0,0,-39.64,0.010,-0.4410,0.5390,1.0780,1.2834,0.374084,-0.388977,0.063904,0.839478,7.994,146.2,-1
1785814433.615,6166,1385682,0,0.00000000,0.00000000,0.00,0,0,-39.71,-0.031,-0.8330,0.3430,1.3230,1.6006,0.374084,-0.388977,0.063904,0.839478,7.995,150.0,-1
1785814433.621,6170,1386562,0,0.00000000,0.00000000,0.00,0,0,-39.60,0.015,-0.4410,0.3920,0.8820,1.0612,0.374084,-0.389099,0.063904,0.839417,7.995,150.0,-1
1785814433.621,6171,1386784,0,0.00000000,0.00000000,0.00,0,0,-39.68,-0.033,-0.5390,0.3920,1.1270,1.3093,0.374084,-0.389038,0.063904,0.839417,7.994,147.5,-1
1785814434.895,6176,1387868,0,0.00000000,0.00000000,0.00,0,0,-39.83,-0.130,-0.5390,0.5390,1.0290,1.2806,0.374084,-0.388855,0.063843,0.839478,7.995,145.0,-1
1785814434.895,6177,1388116,0,0.00000000,0.00000000,0.00,0,0,-39.69,-0.048,-0.5880,0.2450,0.9310,1.1281,0.374084,-0.388855,0.063843,0.839478,7.995,143.8,-1
1785814436.197,6182,1389232,0,0.00000000,0.00000000,0.00,0,0,-39.69,-0.023,-0.7350,0.6370,1.5190,1.8037,0.374084,-0.388977,0.063904,0.839478,7.997,148.8,-1
1785814436.197,6183,1389453,0,0.00000000,0.00000000,0.00,0,0,-39.69,-0.005,-0.4900,0.3920,1.3720,1.5087,0.374023,-0.388977,0.063965,0.839417,7.995,147.5,-1
1785814437.484,6188,1390553,0,0.00000000,0.00000000,0.00,0,0,-39.64,0.022,-0.3920,0.6370,1.3720,1.5626,0.374023,-0.389099,0.063965,0.839417,7.996,150.0,-1
1785814437.484,6189,1390775,0,0.00000000,0.00000000,0.00,0,0,-39.67,0.001,-0.4410,0.2940,0.4410,0.6895,0.374023,-0.389038,0.063965,0.839417,7.999,150.0,-1
1785814438.768,6194,1391872,0,0.00000000,0.00000000,0.00,0,0,-39.63,0.046,-0.5390,0.6370,1.1760,1.4420,0.374084,-0.388916,0.063965,0.839478,7.996,152.5,-1
1785814440.048,6195,1392112,0,0.00000000,0.00000000,0.00,0,0,-39.62,0.043,-0.0490,0.0000,1.3230,1.3239,0.374023,-0.388916,0.063965,0.839478,7.997,153.8,-1
1785814440.048,6199,1393004,0,0.00000000,0.00000000,0.00,0,0,-39.63,0.010,-0.4900,0.5390,1.5190,1.6846,0.374023,-0.389038,0.063965,0.839417,7.996,147.5,-1
1785814440.048,6200,1393218,0,0.00000000,0.00000000,0.00,0,0,-39.67,-0.012,0.1960,0.2450,0.9310,0.9824,0.374023,-0.388977,0.063965,0.839478,7.996,147.5,-1
1785814441.338,6205,1394350,0,0.00000000,0.00000000,0.00,0,0,-39.63,0.014,-0.3430,0.2450,0.7840,0.8901,0.374084,-0.388916,0.063965,0.839478,7.996,148.8,-1
1785814441.338,6206,1394572,0,0.00000000,0.00000000,0.00,0,0,-39.59,0.038,-0.6370,0.1960,0.7840,1.0290,0.374084,-0.388916,0.063904,0.839478,7.997,143.8,-1
1785814442.629,6211,1395684,0,0.00000000,0.00000000,0.00,0,0,-39.69,0.001,-0.6370,0.3430,1.1760,1.3807,0.374023,-0.388977,0.063965,0.839478,7.996,145.0,-1
1785814442.629,6212,1395909,0,0.00000000,0.00000000,0.00,0,0,-39.66,0.013,-0.5390,0.5880,0.9310,1.2260,0.374023,-0.388977,0.063965,0.839478,7.997,150.0,-1
1785814443.925,6217,1397013,0,0.00000000,0.00000000,0.00,0,0,-39.76,-0.034,-0.7350,0.5880,1.4210,1.7045,0.374023,-0.388977,0.063965,0.839478,7.995,147.5,-1
1785814445.204,6218,1397230,0,0.00000000,0.00000000,0.00,0,0,-39.65,0.046,-0.5390,0.1960,1.2250,1.3526,0.374084,-0.388977,0.063904,0.839478,7.995,148.8,-1
1785814445.208,6223,1398340,0,0.00000000,0.00000000,0.00,0,0,-39.67,0.011,-0.4410,0.1960,0.9800,1.0924,0.374084,-0.389038,0.063904,0.839417,7.996,145.0,-1
1785814446.487,6224,1398560,0,0.00000000,0.00000000,0.00,0,0,-39.63,0.047,-0.4900,0.2940,0.8820,1.0509,0.374023,-0.389099,0.063904,0.839417,7.996,142.5,-1
1785814446.487,6228,1399451,0,0.00000000,0.00000000,0.00,0,0,-39.58,0.088,-0.6370,0.4900,0.9800,1.2674,0.374023,-0.389221,0.064026,0.839355,7.997,145.0,-1
1785814446.491,6229,1399669,0,0.00000000,0.00000000,0.00,0,0,-39.66,0.033,-0.5880,0.3430,0.8820,1.1141,0.373962,-0.389221,0.064026,0.839355,7.995,150.0,-1
1785814447.782,6234,1400780,0,0.00000000,0.00000000,0.00,0,0,-39.85,-0.094,-0.4410,0.1470,1.1270,1.2191,0.374023,-0.389099,0.063965,0.839417,7.996,143.8,-1
1785814447.782,6235,1401002,0,0.00000000,0.00000000,0.00,0,0,-39.70,-0.013,-0.7350,0.3430,1.5680,1.7654,0.374023,-0.389038,0.063965,0.839478,7.995,148.8,-1
1785814449.063,6240,1402117,0,0.00000000,0.00000000,0.00,0,0,-39.61,0.016,-0.7350,0.2940,0.7840,1.1141,0.374023,-0.388977,0.064026,0.839478,7.994,148.8,-1
1785814449.063,6241,1402339,0,0.00000000,0.00000000,0.00,0,0,-39.62,-0.012,-0.2450,0.0980,0.8820,0.9206,0.374023,-0.388977,0.063965,0.839478,7.994,150.0,-1
1785814450.357,6246,1403437,0,0.00000000,0.00000000,0.00,0,0,-39.62,0.030,-0.4900,0.3920,0.9800,1.1637,0.374023,-0.388977,0.063965,0.839478,7.996,148.8,-1
1785814450.358,6247,1403661,0,0.00000000,0.00000000,0.00,0,0,-39.54,0.072,-0.4410,0.6860,0.8330,1.1657,0.374023,-0.388916,0.064026,0.839478,7.997,143.8,-1
1785814451.650,6251,1404581,0,0.00000000,0.00000000,0.00,0,0,-39.59,0.025,-0.4410,0.4410,1.2740,1.4185,0.374023,-0.388977,0.064026,0.839478,7.995,105.0,-1
1785814451.650,6252,1404800,0,0.00000000,0.00000000,0.00,0,0,-39.59,0.029,-0.3920,0.3430,0.6860,0.8613,0.374023,-0.388977,0.063965,0.839478,7.996,145.0,-1
1785814452.937,6257,1405903,0,0.00000000,0.00000000,0.00,0,0,-39.77,-0.092,-0.5880,0.5390,1.2740,1.5031,0.374023,-0.389099,0.064026,0.839417,7.995,148.8,-1
1785814452.937,6258,1406115,0,0.00000000,0.00000000,0.00,0,0,-39.62,0.008,-0.3920,0.2940,0.9800,1.0957,0.374023,-0.389038,0.064026,0.839478,7.994,147.5,-1
1785814454.224,6263,1407213,0,0.00000000,0.00000000,0.00,0,0,-39.57,0.023,-0.5880,0.4900,1.0780,1.3221,0.374023,-0.389160,0.064026,0.839417,7.994,150.0,-1
1785814454.224,6264,1407436,0,0.00000000,0.00000000,0.00,0,0,-39.67,-0.053,-0.5880,0.3920,1.3720,1.5433,0.374023,-0.389099,0.064026,0.839417,7.995,148.8,-1
1785814455.507,6269,1408570,0,0.00000000,0.00000000,0.00,0,0,-39.69,-0.066,-0.5880,0.1470,0.8820,1.0702,0.374023,-0.388916,0.063965,0.839478,7.996,150.0,-1
1785814455.507,6270,1408788,0,0.00000000,0.00000000,0.00,0,0,-39.51,0.055,-0.4410,0.1470,1.1760,1.2645,0.374084,-0.388916,0.063965,0.839478,7.996,153.8,-1
1785814456.792,6275,1409893,0,0.00000000,0.00000000,0.00,0,0,-39.55,-0.002,-0.3920,-0.0490,1.4700,1.5222,0.374023,-0.388916,0.064026,0.839478,7.997,151.2,-1
1785814458.091,6276,1410134,0,0.00000000,0.00000000,0.00,0,0,-39.69,-0.093,-0.4900,0.4410,1.0780,1.2636,0.374023,-0.388977,0.064026,0.839478,7.995,150.0,-1
1785814458.091,6280,1411024,0,0.00000000,0.00000000,0.00,0,0,-39.51,0.035,-0.3430,0.3430,1.0780,1.1821,0.374023,-0.389038,0.063965,0.839417,7.995,147.5,-1
1785814458.091,6281,1411239,0,0.00000000,0.00000000,0.00,0,0,-39.59,-0.005,-0.4900,0.2450,0.7840,0.9564,0.374023,-0.388977,0.063965,0.839478,7.997,150.0,-1
1785814459.372,6286,1412355,0,0.00000000,0.00000000,0.00,0,0,-39.78,-0.117,-0.4410,0.3920,0.6860,0.9048,0.374084,-0.388977,0.063965,0.839478,7.996,152.5,-1
1785814459.372,6287,1412574,0,0.00000000,0.00000000,0.00,0,0,-39.61,0.015,-0.5880,0.4410,1.2250,1.4286,0.374023,-0.388977,0.063965,0.839478,7.996,150.0,-1
1785814460.656,6292,1413682,0,0.00000000,0.00000000,0.00,0,0,-39.55,0.050,-0.4900,0.2940,1.0780,1.2201,0.373962,-0.388977,0.064148,0.839478,7.997,148.8,-1
1785814460.656,6293,1413898,0,0.00000000,0.00000000,0.00,0,0,-39.63,0.008,-0.6370,0.3430,1.0780,1.2983,0.373962,-0.388977,0.064148,0.839478,7.996,153.8,-1
1785814461.948,6298,1415002,0,0.00000000,0.00000000,0.00,0,0,-39.61,0.001,-0.5880,0.6370,1.4700,1.7066,0.373901,-0.388977,0.064270,0.839478,7.996,148.8,-1
1785814461.948,6299,1415215,0,0.00000000,0.00000000,0.00,0,0,-39.55,0.041,-1.1760,0.4410,1.4210,1.8965,0.373901,-0.388916,0.064270,0.839539,7.997,146.2,-1
1785814463.230,6304,1416349,0,0.00000000,0.00000000,0.00,0,0,-39.67,-0.041,-0.1470,0.2940,1.3230,1.3632,0.373962,-0.388855,0.064087,0.839539,7.996,152.5,-1
1785814464.524,6305,1416575,0,0.00000000,0.00000000,0.00,0,0,-39.58,0.013,-0.5880,0.4410,1.1760,1.3868,0.374023,-0.388794,0.064087,0.839539,7.997,148.8,-1
1785814464.524,6309,1417459,0,0.00000000,0.00000000,0.00,0,0,-39.54,-0.002,-0.5390,0.2940,0.8330,1.0348,0.374084,-0.388733,0.063965,0.839539,8.007,82.5,-1
1785814464.524,6310,1417682,0,0.00000000,0.00000000,0.00,0,0,-39.67,-0.089,-0.5390,0.2940,0.8820,1.0747,0.374023,-0.388794,0.064026,0.839539,7.996,145.0,-1
1785814465.806,6315,1418788,0,0.00000000,0.00000000,0.00,0,0,-39.61,-0.055,-0.5390,0.5390,0.9310,1.2032,0.373962,-0.388855,0.064209,0.839539,7.994,150.0,-1
1785814465.810,6316,1419011,0,0.00000000,0.00000000,0.00,0,0,-39.62,-0.047,-0.5390,0.3920,1.2250,1.3946,0.373962,-0.388916,0.064148,0.839539,7.996,143.8,-1
1785814467.108,6321,1420111,0,0.00000000,0.00000000,0.00,0,0,-39.47,0.065,-0.7840,0.5880,1.4210,1.7262,0.373962,-0.388916,0.064209,0.839539,7.996,150.0,-1
1785814467.108,6322,1420335,0,0.00000000,0.00000000,0.00,0,0,-39.63,-0.042,-0.5390,0.1960,1.6170,1.7157,0.373962,-0.388855,0.064209,0.839539,7.996,146.2,-1
1785814468.396,6327,1421449,0,0.00000000,0.00000000,0.00,0,0,-39.66,-0.063,-0.2450,0.3430,1.3230,1.3885,0.374084,-0.388794,0.064087,0.839539,7.997,146.2,-1
1785814468.396,6328,1421674,0,0.00000000,0.00000000,0.00,0,0,-39.58,0.005,-0.2940,0.3430,0.8820,0.9910,0.374146,-0.388794,0.063965,0.839539,7.996,147.5,-1
1785814469.678,6333,1422781,0,0.00000000,0.00000000,0.00,0,0,-39.51,0.019,-0.7840,0.6860,1.3720,1.7227,0.374023,-0.388977,0.063782,0.839478,7.996,143.8,-1
1785814470.957,6334,1423003,0,0.00000000,0.00000000,0.00,0,0,-39.55,-0.031,-0.3430,0.2450,0.7350,0.8473,0.374023,-0.389038,0.063843,0.839478,7.996,146.2,-1
1785814470.957,6339,1424134,0,0.00000000,0.00000000,0.00,0,0,-39.51,0.017,-0.5880,0.5880,1.1270,1.4006,0.373962,-0.389160,0.063904,0.839417,7.996,148.8,-1
1785814472.257,6340,1424362,0,0.00000000,0.00000000,0.00,0,0,-39.55,-0.014,-0.6860,0.4900,1.0780,1.3685,0.373962,-0.389160,0.063904,0.839417,7.995,150.0,-1
1785814472.257,6344,1425238,0,0.00000000,0.00000000,0.00,0,0,-39.45,0.011,-0.9800,0.3920,1.2250,1.6170,0.374084,-0.389038,0.063904,0.839417,7.995,145.0,-1
1785814472.257,6345,1425464,0,0.00000000,0.00000000,0.00,0,0,-39.53,-0.040,-0.4410,0.2450,0.6370,0.8126,0.374084,-0.389099,0.063904,0.839417,7.992,151.2,-1
1785814473.542,6350,1426567,0,0.00000000,0.00000000,0.00,0,0,-39.58,-0.024,-0.5880,0.4410,1.5680,1.7317,0.374023,-0.389160,0.064148,0.839355,7.995,146.2,-1
1785814473.542,6351,1426788,0,0.00000000,0.00000000,0.00,0,0,-39.47,0.059,-0.4410,0.1960,1.0290,1.1365,0.373962,-0.389160,0.064148,0.839355,7.996,147.5,-1
1785814474.831,6356,1427898,0,0.00000000,0.00000000,0.00,0,0,-39.54,0.021,-0.4410,0.3430,1.1760,1.3020,0.374023,-0.388855,0.064148,0.839478,7.995,146.2,-1
1785814474.831,6357,1428111,0,0.00000000,0.00000000,0.00,0,0,-39.51,0.045,-0.3920,0.1960,0.9310,1.0290,0.374023,-0.388794,0.064148,0.839539,7.995,143.8,-1
1785814476.111,6362,1429222,0,0.00000000,0.00000000,0.00,0,0,-39.53,0.002,-0.6860,0.4410,1.1270,1.3911,0.374084,-0.388855,0.064087,0.839478,7.996,145.0,-1
1785814477.405,6363,1429445,0,0.00000000,0.00000000,0.00,0,0,-39.50,0.010,-0.5390,0.4410,0.8820,1.1238,0.374084,-0.388855,0.064026,0.839478,7.996,143.8,-1
1785814477.405,6367,1430353,0,0.00000000,0.00000000,0.00,0,0,-39.47,0.020,-0.4900,0.2450,0.8820,1.0383,0.374023,-0.388733,0.064148,0.839539,7.996,151.2,-1
1785814477.405,6368,1430578,0,0.00000000,0.00000000,0.00,0,0,-39.57,-0.034,-0.0490,0.0980,1.2740,1.2787,0.374023,-0.388794,0.064148,0.839539,7.996,152.5,-1
1785814478.699,6373,1431692,0,0.00000000,0.00000000,0.00,0,0,-39.56,-0.014,-0.6860,0.4410,0.8330,1.1657,0.374023,-0.388672,0.064148,0.839600,7.995,146.2,-1
1785814478.699,6374,1431917,0,0.00000000,0.00000000,0.00,0,0,-39.51,0.013,-0.4900,0.1960,1.0290,1.1564,0.374023,-0.388733,0.064148,0.839600,7.995,151.2,-1
1785814479.980,6379,1433025,0,0.00000000,0.00000000,0.00,0,0,-39.61,0.010,-0.5390,0.7840,0.8820,1.2973,0.374023,-0.388733,0.064270,0.839539,7.997,147.5,-1
1785814479.980,6380,1433243,0,0.00000000,0.00000000,0.00,0,0,-39.67,-0.020,-0.3920,0.3920,0.7840,0.9602,0.373962,-0.388794,0.064270,0.839539,7.997,155.0,-1
1785814481.266,6385,1434355,0,0.00000000,0.00000000,0.00,0,0,-39.68,-0.063,-0.4900,0.2940,1.2250,1.3517,0.374023,-0.389038,0.064148,0.839417,7.997,146.2,-1
1785814481.266,6386,1434572,0,0.00000000,0.00000000,0.00,0,0,-39.63,-0.028,-0.5880,0.3430,1.0290,1.2338,0.374023,-0.388977,0.064209,0.839478,7.995,146.2,-1
1785814482.558,6391,1435674,0,0.00000000,0.00000000,0.00,0,0,-39.66,-0.054,-0.5880,0.1960,1.0290,1.2012,0.373962,-0.389038,0.064270,0.839417,7.995,150.0,-1
1785814483.839,6392,1435898,0,0.00000000,0.00000000,0.00,0,0,-39.62,-0.029,-0.5880,0.4900,1.1760,1.4031,0.373962,-0.389099,0.064270,0.839417,7.996,146.2,-1
1785814483.839,6396,1436775,0,0.00000000,0.00000000,0.00,0,0,-39.57,0.003,-1.1270,0.6370,1.0780,1.6846,0.373962,-0.388916,0.064270,0.839478,8.002,93.8,-1
1785814483.839,6397,1437000,0,0.00000000,0.00000000,0.00,0,0,-39.51,0.043,-0.4410,0.2450,0.7840,0.9323,0.373962,-0.388916,0.064270,0.839478,7.997,150.0,-1
1785814485.135,6402,1438125,0,0.00000000,0.00000000,0.00,0,0,-39.82,-0.111,-0.2450,0.1960,0.9800,1.0290,0.373962,-0.388916,0.064270,0.839478,7.997,147.5,-1
1785814485.135,6403,1438348,0,0.00000000,0.00000000,0.00,0,0,-39.66,-0.031,-0.4410,0.2940,1.4210,1.5166,0.373962,-0.388855,0.064270,0.839539,7.999,155.0,-1
1785814486.414,6408,1439454,0,0.00000000,0.00000000,0.00,0,0,-39.62,-0.038,-0.6860,0.3920,1.0290,1.2973,0.373962,-0.388794,0.064270,0.839539,7.995,151.2,-1
1785814486.414,6409,1439674,0,0.00000000,0.00000000,0.00,0,0,-39.61,-0.018,-0.8330,0.5390,1.1760,1.5386,0.373962,-0.388794,0.064270,0.839539,7.995,148.8,-1
1785814487.715,6414,1440784,0,0.00000000,0.00000000,0.00,0,0,-39.80,-0.135,-0.3920,0.1470,0.8820,0.9763,0.373962,-0.388916,0.064270,0.839539,7.996,151.2,-1
1785814487.715,6415,1441009,0,0.00000000,0.00000000,0.00,0,0,-39.59,-0.004,-0.6370,0.2940,1.1270,1.3275,0.373962,-0.388855,0.064270,0.839539,7.996,150.0,-1
1785814489.003,6420,1442133,0,0.00000000,0.00000000,0.00,0,0,-39.56,0.036,-0.0980,0.1470,0.9310,0.9476,0.374023,-0.388794,0.064270,0.839539,7.994,148.8,-1
1785814490.284,6421,1442361,0,0.00000000,0.00000000,0.00,0,0,-39.60,0.013,-0.3430,0.1960,1.0290,1.1022,0.373962,-0.388855,0.064270,0.839539,7.996,148.8,-1
1785814490.284,6425,1443244,0,0.00000000,0.00000000,0.00,0,0,-39.58,0.033,-0.3430,-0.0490,1.5190,1.5580,0.373962,-0.388794,0.064270,0.839539,7.995,150.0,-1
1785814490.285,6426,1443467,0,0.00000000,0.00000000,0.00,0,0,-39.69,-0.031,-0.5880,0.2940,1.1760,1.3473,0.374023,-0.388794,0.064270,0.839539,7.996,146.2,-1
1785814491.568,6431,1444575,0,0.00000000,0.00000000,0.00,0,0,-39.65,-0.033,-0.7350,0.5390,1.7640,1.9856,0.374023,-0.388916,0.064148,0.839478,7.995,150.0,-1
1785814491.568,6432,1444799,0,0.00000000,0.00000000,0.00,0,0,-39.57,0.018,-0.6370,0.5880,0.8820,1.2367,0.374084,-0.388794,0.064087,0.839539,7.996,146.2,-1
1785814492.863,6437,1445918,0,0.00000000,0.00000000,0.00,0,0,-39.53,0.061,-0.7840,0.3920,0.9800,1.3148,0.374023,-0.388794,0.064270,0.839539,7.995,148.8,-1
1785814492.863,6438,1446131,0,0.00000000,0.00000000,0.00,0,0,-39.50,0.074,-0.3430,0.0980,0.7350,0.8170,0.374023,-0.388794,0.064270,0.839539,7.995,143.8,-1
1785814494.145,6443,1447237,0,0.00000000,0.00000000,0.00,0,0,-39.60,0.008,-0.5880,0.2940,0.6860,0.9501,0.373962,-0.388916,0.064331,0.839478,7.996,150.0,-1
1785814495.444,6444,1447462,0,0.00000000,0.00000000,0.00,0,0,-39.57,0.033,-0.6370,0.4900,1.1270,1.3842,0.373962,-0.388855,0.064270,0.839539,7.996,146.2,-1
1785814495.444,6449,1448563,0,0.00000000,0.00000000,0.00,0,0,-39.54,0.036,-1.2740,0.0980,1.4700,1.9477,0.374023,-0.388672,0.064148,0.839600,7.994,147.5,-1
1785814496.732,6450,1448785,0,0.00000000,0.00000000,0.00,0,0,-39.57,0.007,-0.6860,0.4900,0.7840,1.1512,0.374084,-0.388611,0.064148,0.839600,7.995,145.0,-1
1785814496.732,6454,1449665,0,0.00000000,0.00000000,0.00,0,0,-39.48,0.077,-0.6860,0.2450,1.6170,1.7735,0.374023,-0.388611,0.064270,0.839600,7.995,146.2,-1
1785814496.732,6455,1449885,0,0.00000000,0.00000000,0.00,0,0,-39.46,0.104,-0.4410,0.3430,1.0290,1.1709,0.374023,-0.388611,0.064270,0.839600,7.995,141.2,-1
1785814498.014,6460,1451026,0,0.00000000,0.00000000,0.00,0,0,-39.48,0.101,-0.5390,0.3920,1.0290,1.2260,0.374023,-0.388916,0.064209,0.839478,7.996,147.5,-1
1785814498.014,6461,1451237,0,0.00000000,0.00000000,0.00,0,0,-39.53,0.057,-0.4900,0.4410,1.2740,1.4345,0.374023,-0.388977,0.064209,0.839478,7.996,152.5,-1
1785814499.295,6466,1452340,0,0.00000000,0.00000000,0.00,0,0,-39.62,-0.001,-0.3920,0.3430,1.0780,1.1972,0.374084,-0.388672,0.064087,0.839600,7.996,153.8,-1
1785814499.295,6467,1452564,0,0.00000000,0.00000000,0.00,0,0,-39.51,0.065,-0.5390,0.5880,1.1270,1.3807,0.374084,-0.388733,0.064087,0.839539,7.997,148.8,-1
1785814500.582,6472,1453666,0,0.00000000,0.00000000,0.00,0,0,-39.52,0.060,-0.3920,0.6370,1.1760,1.3937,0.374023,-0.388855,0.064087,0.839478,7.996,143.8,-1
1785814500.582,6473,1453866,0,0.00000000,0.00000000,0.00,0,0,-39.53,0.045,-0.2940,0.2940,1.0290,1.1098,0.374023,-0.388855,0.064087,0.839478,7.997,142.5,-1
1785814501.871,6478,1454957,0,0.00000000,0.00000000,0.00,0,0,-39.55,0.042,-0.7840,0.5880,1.4210,1.7262,0.373962,-0.388916,0.064270,0.839478,7.996,147.5,-1
1785814503.170,6479,1455169,0,0.00000000,0.00000000,0.00,0,0,-39.61,-0.010,-0.0490,1.0780,0.9800,1.4577,0.373962,-0.388916,0.064331,0.839478,7.995,150.0,-1
1785814503.170,6484,1456259,0,0.00000000,0.00000000,0.00,0,0,-39.58,0.001,-0.5880,0.1960,0.6860,0.9245,0.374023,-0.388855,0.064209,0.839539,7.996,147.5,-1
1785814504.447,6485,1456478,0,0.00000000,0.00000000,0.00,0,0,-39.58,-0.013,-0.2940,0.8330,1.1270,1.4319,0.374023,-0.388855,0.064209,0.839539,7.997,150.0,-1
1785814504.447,6490,1457587,0,0.00000000,0.00000000,0.00,0,0,-39.65,-0.047,-0.6860,0.4410,0.9310,1.2377,0.374023,-0.388733,0.064209,0.839539,7.999,143.8,-1
1785814505.748,6491,1457813,0,0.00000000,0.00000000,0.00,0,0,-39.45,0.082,-0.6370,0.3920,0.9800,1.2328,0.374023,-0.388794,0.064270,0.839539,7.995,150.0,-1
1785814505.748,6495,1458697,0,0.00000000,0.00000000,0.00,0,0,-39.54,0.044,-0.4900,0.1470,0.9310,1.0623,0.374023,-0.388794,0.064270,0.839539,7.996,148.8,-1
1785814505.749,6496,1458897,0,0.00000000,0.00000000,0.00,0,0,-39.59,0.007,-0.3920,0.2940,0.8330,0.9664,0.374023,-0.388794,0.064270,0.839539,7.995,146.2,-1
1785814507.028,6501,1459999,0,0.00000000,0.00000000,0.00,0,0,-39.67,-0.048,-0.2940,0.1470,0.7350,0.8052,0.374023,-0.388794,0.064270,0.839539,7.995,148.8,-1
1785814507.028,6502,1460217,0,0.00000000,0.00000000,0.00,0,0,-39.60,0.018,-0.4900,0.4900,1.1270,1.3230,0.374023,-0.388794,0.064270,0.839539,7.995,153.8,-1
1785814508.323,6507,1461352,0,0.00000000,0.00000000,0.00,0,0,-39.64,-0.044,-0.5880,0.3430,1.1270,1.3166,0.374023,-0.388672,0.064270,0.839600,7.996,146.2,-1
1785814508.323,6508,1461580,0,0.00000000,0.00000000,0.00,0,0,-39.51,0.042,-0.6370,0.1470,1.5190,1.6537,0.374023,-0.388672,0.064270,0.839600,7.995,156.2,-1
1785814509.603,6513,1462694,0,0.00000000,0.00000000,0.00,0,0,-39.56,-0.031,-0.6370,0.4900,1.0780,1.3446,0.373901,-0.389099,0.064331,0.839478,7.996,148.8,-1
1785814510.889,6514,1462917,0,0.00000000,0.00000000,0.00,0,0,-39.55,-0.021,-0.5880,0.2940,0.6370,0.9154,0.373962,-0.389099,0.064331,0.839417,7.994,145.0,-1
1785814510.889,6519,1464017,0,0.00000000,0.00000000,0.00,0,0,-39.60,-0.020,-0.4900,0.4900,1.1760,1.3650,0.374023,-0.388977,0.064331,0.839417,7.996,143.8,-1
1785814512.184,6520,1464235,0,0.00000000,0.00000000,0.00,0,0,-39.63,-0.058,-0.3430,0.1470,0.8820,0.9577,0.374084,-0.389038,0.064209,0.839417,7.995,148.8,-1
1785814512.184,6524,1465112,0,0.00000000,0.00000000,0.00,0,0,-39.81,-0.115,-0.7840,0.7840,1.2250,1.6523,0.374023,-0.388855,0.064026,0.839539,7.999,88.8,-1
1785814512.184,6525,1465340,0,0.00000000,0.00000000,0.00,0,0,-39.86,-0.123,-0.4900,0.2450,0.9800,1.1227,0.374023,-0.388855,0.063965,0.839539,7.996,146.2,-1
1785814513.465,6530,1466444,0,0.00000000,0.00000000,0.00,0,0,-39.85,-0.028,-0.6370,0.6860,0.7350,1.1902,0.373901,-0.388733,0.064087,0.839661,7.996,140.0,-1
1785814513.465,6531,1466669,0,0.00000000,0.00000000,0.00,0,0,-39.98,-0.113,-0.4410,0.3920,0.7840,0.9812,0.373901,-0.388733,0.064087,0.839661,7.995,150.0,-1
1785814514.761,6536,1467784,0,0.00000000,0.00000000,0.00,0,0,-39.94,-0.094,-0.4410,0.4900,1.2250,1.3911,0.373840,-0.388672,0.064148,0.839722,7.994,143.8,-1
1785814514.761,6537,1468005,0,0.00000000,0.00000000,0.00,0,0,-39.80,-0.012,-0.2450,0.2450,0.9800,1.0394,0.373901,-0.388672,0.064087,0.839661,7.996,142.5,-1
1785814516.041,6542,1469108,0,0.00000000,0.00000000,0.00,0,0,-39.80,-0.004,-0.3920,0.1960,0.7350,0.8557,0.373901,-0.388794,0.064087,0.839600,7.994,146.2,-1
1785814516.041,6543,1469328,0,0.00000000,0.00000000,0.00,0,0,-39.76,0.019,-0.3430,0.3920,1.0780,1.1972,0.373901,-0.388855,0.064209,0.839600,7.995,146.2,-1
1785814517.330,6548,1470426,0,0.00000000,0.00000000,0.00,0,0,-39.76,0.018,-0.3430,0.3430,1.1270,1.2270,0.373901,-0.388611,0.064026,0.839722,7.995,147.5,-1
1785814518.626,6549,1470652,0,0.00000000,0.00000000,0.00,0,0,-39.69,0.053,-0.6860,0.4900,0.9800,1.2927,0.373840,-0.388672,0.064026,0.839661,7.995,147.5,-1
1785814518.626,6553,1471550,0,0.00000000,0.00000000,0.00,0,0,-39.85,-0.085,-0.5390,0.2940,1.1760,1.3266,0.373901,-0.388611,0.064087,0.839661,8.009,87.5,-1
1785814518.626,6554,1471768,0,0.00000000,0.00000000,0.00,0,0,-39.66,0.040,-0.3430,0.3920,1.8130,1.8863,0.373779,-0.388611,0.064148,0.839722,7.995,151.2,-1
1785814519.915,6559,1472878,0,0.00000000,0.00000000,0.00,0,0,-39.63,0.063,-0.4900,0.3920,1.3230,1.4643,0.373779,-0.388550,0.064087,0.839783,7.996,147.5,-1
1785814519.915,6560,1473124,0,0.00000000,0.00000000,0.00,0,0,-39.50,0.138,-0.6370,0.3430,0.8330,1.1033,0.373779,-0.388550,0.064148,0.839783,7.996,151.2,-1
1785814521.203,6565,1474220,0,0.00000000,0.00000000,0.00,0,0,-39.62,0.030,-0.3430,0.3430,1.0780,1.1821,0.373657,-0.388672,0.064209,0.839722,8.000,143.8,-1
1785814521.203,6566,1474445,0,0.00000000,0.00000000,0.00,0,0,-39.55,0.077,-0.4410,0.5390,1.1270,1.3248,0.373657,-0.388672,0.064087,0.839783,7.996,150.0,-1
1785814522.480,6571,1475582,0,0.00000000,0.00000000,0.00,0,0,-39.58,0.068,-0.2940,0.0000,1.1270,1.1647,0.373779,-0.388428,0.064026,0.839844,7.997,152.5,-1
1785814523.767,6572,1475809,0,0.00000000,0.00000000,0.00,0,0,-39.53,0.083,-0.7350,0.4900,0.7350,1.1492,0.373718,-0.388428,0.064087,0.839844,7.997,148.8,-1
1785814523.767,6576,1476701,0,0.00000000,0.00000000,0.00,0,0,-39.61,0.015,-0.5390,0.5390,1.1760,1.4014,0.373535,-0.388489,0.063904,0.839905,8.007,122.5,-1
1785814523.768,6577,1476925,0,0.00000000,0.00000000,0.00,0,0,-39.60,0.016,-0.5880,0.4900,1.0780,1.3221,0.373474,-0.388550,0.063843,0.839905,7.996,141.2,-1
1785814525.062,6582,1478024,0,0.00000000,0.00000000,0.00,0,0,-39.67,-0.029,-0.5880,0.3430,0.9800,1.1932,0.373474,-0.388733,0.063843,0.839844,7.997,151.2,-1
1785814525.066,6583,1478234,0,0.00000000,0.00000000,0.00,0,0,-39.60,0.018,-0.3920,0.3430,1.1270,1.2415,0.373474,-0.388733,0.063843,0.839844,7.996,150.0,-1
1785814526.354,6588,1479358,0,0.00000000,0.00000000,0.00,0,0,-39.66,0.005,-0.3430,0.4410,1.3230,1.4361,0.373535,-0.388611,0.063721,0.839844,7.997,146.2,-1
1785814526.354,6589,1479581,0,0.00000000,0.00000000,0.00,0,0,-39.54,0.074,-0.5390,0.3920,1.3720,1.5253,0.373535,-0.388672,0.063660,0.839844,7.995,151.2,-1
1785814527.639,6594,1480675,0,0.00000000,0.00000000,0.00,0,0,-39.64,-0.033,-0.4900,0.2450,1.0780,1.2092,0.373596,-0.388733,0.063599,0.839844,8.000,140.0,-1
1785814527.639,6595,1480898,0,0.00000000,0.00000000,0.00,0,0,-39.56,0.001,-0.5880,0.4410,0.7840,1.0747,0.373535,-0.388794,0.063599,0.839783,7.996,145.0,-1
1785814528.923,6600,1482013,0,0.00000000,0.00000000,0.00,0,0,-39.54,0.006,-0.5880,0.2450,0.9310,1.1281,0.373535,-0.388855,0.063721,0.839783,7.997,146.2,-1
1785814530.220,6601,1482233,0,0.00000000,0.00000000,0.00,0,0,-39.54,-0.001,-0.6860,0.7350,1.2740,1.6229,0.373535,-0.388855,0.063721,0.839783,7.996,146.2,-1
1785814530.220,6606,1483339,0,0.00000000,0.00000000,0.00,0,0,-39.60,-0.003,-0.4410,0.3920,0.9310,1.1022,0.373535,-0.388794,0.063904,0.839783,7.996,142.5,-1
1785814531.496,6607,1483539,0,0.00000000,0.00000000,0.00,0,0,-39.57,0.024,-0.5880,0.2450,0.9800,1.1688,0.373474,-0.388794,0.063904,0.839783,7.997,143.8,-1
1785814531.496,6611,1484428,0,0.00000000,0.00000000,0.00,0,0,-39.55,0.019,-0.3920,0.4900,1.2250,1.3764,0.373474,-0.388733,0.063965,0.839844,8.004,137.5,-1
1785814531.496,6612,1484647,0,0.00000000,0.00000000,0.00,0,0,-39.59,0.014,-0.7840,0.2940,1.2250,1.4838,0.373474,-0.388672,0.063965,0.839844,7.996,146.2,-1
1785814532.785,6617,1485792,0,0.00000000,0.00000000,0.00,0,0,-39.57,-0.006,-0.4410,0.5390,0.9800,1.2022,0.373474,-0.388794,0.063965,0.839783,7.996,153.8,-1
1785814532.791,6618,1486015,0,0.00000000,0.00000000,0.00,0,0,-39.54,0.009,-0.4410,0.2940,1.1270,1.2454,0.373413,-0.388733,0.064087,0.839844,7.996,142.5,-1
1785814534.082,6623,1487119,0,0.00000000,0.00000000,0.00,0,0,-39.55,-0.017,-0.4410,0.2940,1.3720,1.4708,0.373535,-0.388733,0.063904,0.839844,7.995,148.8,-1
1785814534.082,6624,1487344,0,0.00000000,0.00000000,0.00,0,0,-39.55,-0.003,-0.3920,0.4410,0.8330,1.0208,0.373535,-0.388672,0.063843,0.839844,7.996,150.0,-1
1785814535.370,6629,1488436,0,0.00000000,0.00000000,0.00,0,0,-39.55,0.022,-0.5880,0.5390,1.0290,1.3020,0.373596,-0.388611,0.063660,0.839844,7.997,150.0,-1
1785814535.370,6630,1488659,0,0.00000000,0.00000000,0.00,0,0,-39.45,0.087,-0.3920,0.3920,1.2250,1.3446,0.373596,-0.388611,0.063721,0.839844,7.996,148.8,-1
1785814536.652,6635,1489790,0,0.00000000,0.00000000,0.00,0,0,-39.47,0.056,-0.6370,0.2940,0.8330,1.0891,0.373535,-0.388611,0.063782,0.839844,7.997,148.8,-1
1785814537.946,6636,1490014,0,0.00000000,0.00000000,0.00,0,0,-39.49,0.055,-0.5390,0.4410,1.3230,1.4951,0.373535,-0.388611,0.063843,0.839844,7.996,145.0,-1
1785814537.946,6640,1490894,0,0.00000000,0.00000000,0.00,0,0,-39.62,-0.051,-1.3230,0.5880,0.5880,1.5626,0.373596,-0.388611,0.063721,0.839844,7.996,148.8,-1
1785814537.946,6641,1491107,0,0.00000000,0.00000000,0.00,0,0,-39.62,-0.042,-0.6370,0.5390,1.1270,1.4023,0.373596,-0.388672,0.063721,0.839844,7.995,150.0,-1
1785814539.228,6646,1492187,0,0.00000000,0.00000000,0.00,0,0,-39.42,0.105,-0.3430,0.2450,1.1270,1.2032,0.373596,-0.388672,0.063660,0.839844,7.995,146.2,-1
1785814539.228,6647,1492404,0,0.00000000,0.00000000,0.00,0,0,-39.53,0.034,-0.5390,0.0980,0.8820,1.0383,0.373596,-0.388611,0.063660,0.839844,7.994,152.5,-1
1785814540.512,6652,1493521,0,0.00000000,0.00000000,0.00,0,0,-39.42,0.112,-0.9310,0.6370,1.1270,1.5946,0.373413,-0.388733,0.063782,0.839844,7.996,143.8,-1
1785814540.512,6653,1493747,0,0.00000000,0.00000000,0.00,0,0,-39.41,0.098,-0.6370,0.3920,1.1760,1.3937,0.373291,-0.388794,0.064026,0.839844,7.996,152.5,-1
1785814541.798,6658,1494853,0,0.00000000,0.00000000,0.00,0,0,-39.47,0.061,-0.9800,-0.0490,1.6170,1.8914,0.373474,-0.388794,0.063843,0.839783,7.994,148.8,-1
1785814541.798,6659,1495070,0,0.00000000,0.00000000,0.00,0,0,-39.48,0.053,-0.3430,0.4410,1.6170,1.7108,0.373413,-0.388733,0.064026,0.839844,7.994,150.0,-1
1785814543.097,6664,1496158,0,0.00000000,0.00000000,0.00,0,0,-39.44,0.020,-0.4410,0.1470,0.9800,1.0847,0.373474,-0.388855,0.063904,0.839783,7.996,150.0,-1
1785814543.097,6665,1496386,0,0.00000000,0.00000000,0.00,0,0,-39.44,0.034,-0.6370,0.4900,1.0780,1.3446,0.373474,-0.388916,0.063965,0.839722,7.996,148.8,-1
1785814544.372,6670,1497488,0,0.00000000,0.00000000,0.00,0,0,-39.52,-0.029,-0.6860,0.3920,1.4210,1.6259,0.373352,-0.388733,0.064148,0.839844,7.994,142.5,-1
1785814545.666,6671,1497709,0,0.00000000,0.00000000,0.00,0,0,-39.46,0.002,-0.5390,0.2940,0.8330,1.0348,0.373352,-0.388672,0.064148,0.839905,7.995,147.5,-1
1785814545.666,6675,1498598,0,0.00000000,0.00000000,0.00,0,0,-39.45,0.005,-0.4410,0.5390,1.1270,1.3248,0.373230,-0.388794,0.063965,0.839905,7.994,96.2,-1
1785814545.670,6676,1498822,0,0.00000000,0.00000000,0.00,0,0,-39.53,-0.047,-0.7840,0.0980,1.3720,1.5832,0.373169,-0.388733,0.064026,0.839966,7.996,145.0,-1
1785814546.950,6681,1499932,0,0.00000000,0.00000000,0.00,0,0,-39.45,0.015,-0.6370,0.4410,0.8820,1.1740,0.373535,-0.388611,0.063904,0.839844,7.994,150.0,-1
1785814546.950,6682,1500143,0,0.00000000,0.00000000,0.00,0,0,-39.47,-0.012,-0.4900,0.2940,0.8820,1.0509,0.373474,-0.388672,0.063965,0.839844,7.992,145.0,-1
1785814548.251,6687,1501247,0,0.00000000,0.00000000,0.00,0,0,-39.52,-0.026,-0.6860,0.1470,0.7350,1.0161,0.373535,-0.388855,0.063904,0.839783,7.994,152.5,-1
1785814548.251,6688,1501465,0,0.00000000,0.00000000,0.00,0,0,-39.44,0.041,-0.4900,0.6370,1.7150,1.8940,0.373474,-0.388855,0.064026,0.839783,7.995,150.0,-1
1785814549.536,6693,1502558,0,0.00000000,0.00000000,0.00,0,0,-39.42,0.056,-0.5880,0.1960,1.0780,1.2435,0.373535,-0.388977,0.063843,0.839722,7.995,146.2,-1
1785814549.536,6694,1502779,0,0.00000000,0.00000000,0.00,0,0,-39.39,0.094,-0.3920,0.4410,1.0780,1.2289,0.373535,-0.388977,0.063782,0.839722,7.996,145.0,-1
1785814550.824,6699,1503882,0,0.00000000,0.00000000,0.00,0,0,-39.44,0.028,-0.5880,0.3430,1.1270,1.3166,0.373474,-0.388916,0.063965,0.839783,7.997,146.2,-1
1785814550.824,6700,1504121,0,0.00000000,0.00000000,0.00,0,0,-39.59,-0.067,-0.5390,0.1960,0.9310,1.0935,0.373474,-0.388855,0.063965,0.839783,7.997,146.2,-1
1785814552.115,6705,1505214,0,0.00000000,0.00000000,0.00,0,0,-39.44,-0.020,-0.5880,0.3430,1.0780,1.2749,0.373535,-0.388855,0.063904,0.839783,7.997,142.5,-1
1785814553.393,6706,1505435,0,0.00000000,0.00000000,0.00,0,0,-39.50,-0.057,-0.7840,0.5880,1.1270,1.4935,0.373535,-0.388855,0.063843,0.839783,7.995,145.0,-1
1785814553.393,6710,1506345,0,0.00000000,0.00000000,0.00,0,0,-39.54,-0.101,-0.6370,0.1470,0.7350,0.9837,0.373535,-0.388916,0.063843,0.839722,7.997,146.2,-1
1785814553.394,6711,1506567,0,0.00000000,0.00000000,0.00,0,0,-39.44,-0.036,-0.3430,0.2450,1.0780,1.1575,0.373535,-0.388916,0.063782,0.839722,7.996,147.5,-1
1785814554.689,6716,1507666,0,0.00000000,0.00000000,0.00,0,0,-39.57,-0.118,-0.4900,0.2450,1.1270,1.2531,0.373474,-0.388855,0.063904,0.839783,7.996,148.8,-1
1785814554.689,6717,1507889,0,0.00000000,0.00000000,0.00,0,0,-39.57,-0.110,-0.5880,0.3920,0.8820,1.1302,0.373474,-0.388855,0.063904,0.839783,7.996,143.8,-1
1785814555.968,6722,1509026,0,0.00000000,0.00000000,0.00,0,0,-39.53,-0.031,-0.8330,0.3920,0.8330,1.2415,0.373535,-0.388916,0.063843,0.839722,7.996,147.5,-1
1785814555.968,6723,1509243,0,0.00000000,0.00000000,0.00,0,0,-39.47,0.008,-0.6370,0.4900,0.8330,1.1575,0.373474,-0.388916,0.063904,0.839722,7.995,148.8,-1
1785814557.264,6728,1510352,0,0.00000000,0.00000000,0.00,0,0,-39.55,-0.019,-0.6860,0.5390,0.9800,1.3121,0.373474,-0.388977,0.063965,0.839722,7.996,143.8,-1
1785814558.547,6729,1510573,0,0.00000000,0.00000000,0.00,0,0,-39.48,0.025,-0.6370,0.4900,0.8820,1.1932,0.373474,-0.388977,0.063965,0.839722,7.996,145.0,-1
1785814558.547,6734,1511690,0,0.00000000,0.00000000,0.00,0,0,-39.33,0.144,-0.6370,0.3430,0.8820,1.1408,0.373413,-0.388916,0.064026,0.839722,7.996,143.8,-1
1785814559.828,6735,1511916,0,0.00000000,0.00000000,0.00,0,0,-39.55,-0.024,-0.6370,0.4410,1.0780,1.3275,0.373474,-0.388916,0.063904,0.839722,7.995,148.8,-1
1785814559.831,6739,1512800,0,0.00000000,0.00000000,0.00,0,0,-39.58,-0.043,-0.1960,0.0980,0.5880,0.6275,0.373413,-0.388916,0.064148,0.839783,7.995,146.2,-1
1785814559.831,6740,1513019,0,0.00000000,0.00000000,0.00,0,0,-39.60,-0.059,-0.3430,0.0490,1.0780,1.1323,0.373352,-0.388916,0.064209,0.839783,7.995,151.2,-1
1785814562.252,6773,1520363,0,0.00000000,0.00000000,0.00,0,0,-39.61,-0.066,-0.6860,0.3430,0.8820,1.1688,0.373474,-0.388855,0.063904,0.839783,7.995,151.2,-1
1785814562.252,6774,1520587,0,0.00000000,0.00000000,0.00,0,0,-39.50,0.011,-0.7350,0.2940,1.0290,1.2983,0.373535,-0.388916,0.063843,0.839722,7.994,147.5,-1
1785814563.611,6775,1520814,0,0.00000000,0.00000000,0.00,0,0,-39.51,-0.007,-0.6860,0.6860,1.0780,1.4503,0.373535,-0.388916,0.063843,0.839722,7.997,150.0,-1
1785814563.611,6776,1521035,0,0.00000000,0.00000000,0.00,0,0,-39.39,0.076,-0.6370,0.5390,1.1270,1.4023,0.373535,-0.388916,0.063782,0.839722,7.995,148.8,-1
1785814564.906,6777,1521250,0,0.00000000,0.00000000,0.00,0,0,-39.36,0.117,-0.4410,0.8820,0.7840,1.2598,0.373535,-0.388916,0.063782,0.839722,7.995,147.5,-1
1785814564.906,6778,1521450,0,0.00000000,0.00000000,0.00,0,0,-39.35,0.121,-0.5880,0.2940,1.3720,1.5214,0.373535,-0.388916,0.063782,0.839722,7.994,147.5,-1
1785814564.906,6779,1521667,0,0.00000000,0.00000000,0.00,0,0,-39.44,0.039,-0.6860,0.5390,0.8820,1.2406,0.373535,-0.388916,0.063782,0.839722,7.995,156.2,-1
1785814566.202,6780,1521890,0,0.00000000,0.00000000,0.00,0,0,-39.51,0.004,-1.1760,1.0780,0.1960,1.6073,0.373535,-0.388916,0.063843,0.839722,7.994,147.5,-1
1785814566.202,6781,1522134,0,0.00000000,0.00000000,0.00,0,0,-39.44,0.024,-0.7840,0.7840,1.2250,1.6523,0.373474,-0.388916,0.063904,0.839722,7.995,150.0,-1
1785814566.209,6782,1522358,0,0.00000000,0.00000000,0.00,0,0,-39.52,-0.021,-0.5390,0.2450,0.9310,1.1033,0.373474,-0.388977,0.063904,0.839722,7.996,150.0,-1
1785814567.485,6783,1522582,0,0.00000000,0.00000000,0.00,0,0,-39.53,-0.023,-0.5390,0.3430,0.9310,1.1291,0.373535,-0.388916,0.063843,0.839722,7.996,155.0,-1
1785814567.485,6784,1522804,0,0.00000000,0.00000000,0.00,0,0,-39.51,-0.006,-0.6860,0.2450,1.3230,1.5103,0.373535,-0.388916,0.063782,0.839722,7.997,146.2,-1
1785814567.485,6785,1523024,0,0.00000000,0.00000000,0.00,0,0,-39.53,-0.012,-0.4900,0.4900,1.0780,1.2815,0.373535,-0.388916,0.063782,0.839722,7.997,147.5,-1
1785814568.778,6786,1523244,0,0.00000000,0.00000000,0.00,0,0,-39.54,-0.009,-0.8820,0.6370,0.8820,1.4006,0.373535,-0.388916,0.063721,0.839722,7.996,145.0,-1
1785814568.778,6787,1523462,0,0.00000000,0.00000000,0.00,0,0,-39.56,-0.028,-0.7840,0.3430,1.0780,1.3764,0.373596,-0.388855,0.063721,0.839722,7.996,150.0,-1
1785814568.778,6788,1523684,0,0.00000000,0.00000000,0.00,0,0,-39.59,-0.053,-0.3920,0.2940,0.7350,0.8834,0.373596,-0.388916,0.063721,0.839722,7.997,145.0,-1
1785814570.058,6789,1523902,0,0.00000000,0.00000000,0.00,0,0,-39.39,0.080,-0.5880,0.3430,1.0290,1.2338,0.373596,-0.388916,0.063721,0.839722,7.995,151.2,-1
1785814570.058,6790,1524117,0,0.00000000,0.00000000,0.00,0,0,-39.35,0.084,-0.6860,0.5390,1.0780,1.3868,0.373596,-0.388916,0.063660,0.839722,7.996,148.8,-1
1785814570.058,6791,1524344,0,0.00000000,0.00000000,0.00,0,0,-39.56,-0.051,-0.1470,0.0490,0.7840,0.7992,0.373596,-0.388916,0.063660,0.839722,7.996,146.2,-1
1785814571.348,6792,1524563,0,0.00000000,0.00000000,0.00,0,0,-39.40,0.048,-0.4900,0.1960,0.9310,1.0702,0.373596,-0.388916,0.063660,0.839722,7.996,152.5,-1
1785814571.348,6793,1524786,0,0.00000000,0.00000000,0.00,0,0,-39.51,-0.024,-0.3920,0.3920,1.1760,1.3001,0.373596,-0.388916,0.063721,0.839722,7.999,145.0,-1
1785814571.348,6794,1525007,0,0.00000000,0.00000000,0.00,0,0,-39.50,-0.024,-0.4900,0.4900,1.1270,1.3230,0.373535,-0.388916,0.063782,0.839722,7.996,142.5,-1
1785814572.637,6795,1525219,0,0.00000000,0.00000000,0.00,0,0,-39.40,0.030,-0.3920,0.2450,0.9310,1.0394,0.373474,-0.388916,0.063965,0.839722,7.995,145.0,-1
1785814572.637,6797,1525665,0,0.00000000,0.00000000,0.00,0,0,-39.52,-0.034,-0.8330,0.5390,1.3230,1.6537,0.373413,-0.388977,0.064087,0.839722,7.995,146.2,-1
1785814572.637,6798,1525887,0,0.00000000,0.00000000,0.00,0,0,-39.35,0.059,-0.5880,0.3920,0.6370,0.9514,0.373413,-0.388977,0.064087,0.839722,7.997,146.2,-1
1785814573.924,6803,1527002,0,0.00000000,0.00000000,0.00,0,0,-39.60,-0.080,-0.5390,0.3920,1.3230,1.4814,0.373413,-0.388916,0.064087,0.839783,7.996,150.0,-1
1785814575.204,6804,1527222,0,0.00000000,0.00000000,0.00,0,0,-39.53,-0.023,-0.5390,0.4900,1.1760,1.3833,0.373413,-0.388916,0.064026,0.839783,7.996,151.2,-1
1785814575.204,6808,1528135,0,0.00000000,0.00000000,0.00,0,0,-39.52,-0.027,-0.4900,0.3920,0.9310,1.1227,0.373535,-0.388916,0.063843,0.839722,8.001,101.2,-1
1785814575.204,6809,1528355,0,0.00000000,0.00000000,0.00,0,0,-39.45,0.007,-0.5880,0.2450,1.0780,1.2521,0.373535,-0.388977,0.063843,0.839722,7.996,142.5,-1
1785814576.502,6814,1529462,0,0.00000000,0.00000000,0.00,0,0,-39.67,-0.140,-0.6370,0.6370,1.3230,1.6006,0.373474,-0.388977,0.063965,0.839722,7.995,151.2,-1
1785814576.502,6815,1529688,0,0.00000000,0.00000000,0.00,0,0,-39.47,-0.006,-0.6370,0.3430,1.2740,1.4651,0.373413,-0.388977,0.064026,0.839722,7.994,143.8,-1
1785814577.781,6820,1530799,0,0.00000000,0.00000000,0.00,0,0,-39.46,0.012,-0.4410,0.5390,1.1760,1.3667,0.373413,-0.388916,0.064087,0.839722,7.996,142.5,-1
1785814577.781,6821,1531021,0,0.00000000,0.00000000,0.00,0,0,-39.43,0.050,-0.8330,0.7840,1.3720,1.7863,0.373352,-0.388916,0.064148,0.839783,7.996,146.2,-1
1785814579.076,6826,1532125,0,0.00000000,0.00000000,0.00,0,0,-39.55,-0.026,-0.3430,0.3920,1.1270,1.2415,0.373413,-0.388977,0.064087,0.839722,7.996,148.8,-1
1785814579.076,6827,1532351,0,0.00000000,0.00000000,0.00,0,0,-39.57,-0.037,-0.5390,-0.1470,1.5680,1.6646,0.373474,-0.388977,0.063965,0.839722,7.995,146.2,-1
1785814580.355,6832,1533454,0,0.00000000,0.00000000,0.00,0,0,-39.50,0.013,-0.3920,0.3920,0.8330,1.0006,0.373474,-0.388916,0.063965,0.839722,7.994,151.2,-1
1785814581.647,6833,1533674,0,0.00000000,0.00000000,0.00,0,0,-39.38,0.086,-0.5880,0.3920,0.9800,1.2082,0.373413,-0.388916,0.064087,0.839783,7.995,150.0,-1
1785814581.647,6838,1534774,0,0.00000000,0.00000000,0.00,0,0,-39.43,0.039,-0.5390,0.2450,1.3230,1.4494,0.373291,-0.388977,0.063843,0.839783,7.994,150.0,-1
1785814582.937,6839,1534998,0,0.00000000,0.00000000,0.00,0,0,-39.47,0.005,-0.4410,0.2450,1.2740,1.3702,0.373291,-0.388977,0.063782,0.839844,7.996,151.2,-1
1785814582.937,6843,1535879,0,0.00000000,0.00000000,0.00,0,0,-39.50,-0.049,-0.5880,0.3430,1.5190,1.6646,0.373108,-0.388855,0.063721,0.839966,7.996,148.8,-1
1785814582.937,6844,1536120,0,0.00000000,0.00000000,0.00,0,0,-39.56,-0.086,-0.4900,0.3430,1.3230,1.4519,0.373047,-0.388916,0.063721,0.839966,7.995,148.8,-1
1785814584.228,6849,1537195,0,0.00000000,0.00000000,0.00,0,0,-39.56,-0.115,-0.5880,0.3920,1.0780,1.2890,0.372986,-0.388794,0.063904,0.840027,7.995,147.5,-1
1785814584.228,6850,1537424,0,0.00000000,0.00000000,0.00,0,0,-39.57,-0.111,-1.1270,0.6370,0.6860,1.4651,0.372925,-0.388794,0.063965,0.840027,7.996,142.5,-1
1785814585.513,6855,1538564,0,0.00000000,0.00000000,0.00,0,0,-39.48,-0.014,-0.3430,0.3430,0.9310,1.0498,0.372925,-0.388916,0.064026,0.840027,7.996,143.8,-1
1785814585.513,6856,1538787,0,0.00000000,0.00000000,0.00,0,0,-39.50,-0.025,-0.3920,0.0490,1.8130,1.8555,0.372925,-0.388855,0.064026,0.840027,7.994,146.2,-1
1785814586.810,6861,1539908,0,0.00000000,0.00000000,0.00,0,0,-39.46,-0.006,-0.9800,-0.2450,1.1760,1.5503,0.372864,-0.388794,0.064087,0.840027,7.994,148.8,-1
1785814588.091,6862,1540122,0,0.00000000,0.00000000,0.00,0,0,-39.42,0.032,-0.7350,0.6370,1.0290,1.4159,0.372925,-0.388855,0.064087,0.840027,7.996,146.2,-1
1785814588.091,6867,1541229,0,0.00000000,0.00000000,0.00,0,0,-39.50,-0.014,-0.5880,0.3430,1.0780,1.2749,0.372925,-0.388794,0.064087,0.840027,7.994,151.2,-1
1785814589.373,6872,1542334,0,0.00000000,0.00000000,0.00,0,0,-39.56,-0.016,-0.2450,0.1470,0.6860,0.7431,0.372986,-0.388977,0.063843,0.839966,7.994,150.0,-1
1785814589.373,6873,1542552,0,0.00000000,0.00000000,0.00,0,0,-39.50,0.037,-0.6370,0.6370,1.3230,1.6006,0.372986,-0.388916,0.063843,0.839966,7.994,146.2,-1
1785814590.670,6878,1543645,0,0.00000000,0.00000000,0.00,0,0,-39.49,0.045,-0.6860,0.4900,1.0780,1.3685,0.372925,-0.388916,0.063965,0.839966,7.996,150.0,-1
1785814590.670,6879,1543864,0,0.00000000,0.00000000,0.00,0,0,-39.53,0.010,-0.5880,0.3430,0.8820,1.1141,0.372986,-0.388855,0.063843,0.840027,7.997,148.8,-1
1785814591.961,6884,1545007,0,0.00000000,0.00000000,0.00,0,0,-39.62,-0.036,-0.6370,0.4410,1.2740,1.4911,0.372925,-0.388794,0.063965,0.840027,7.995,151.2,-1
1785814591.961,6885,1545221,0,0.00000000,0.00000000,0.00,0,0,-39.40,0.092,-0.2940,0.3920,1.2250,1.3194,0.372986,-0.388794,0.063904,0.840027,7.997,150.0,-1
1785814593.247,6890,1546353,0,0.00000000,0.00000000,0.00,0,0,-39.59,-0.039,-0.6370,0.3430,1.5680,1.7269,0.372986,-0.388916,0.063904,0.839966,7.996,146.2,-1
1785814595.822,6901,1548797,0,0.00000000,0.00000000,0.00,0,0,-39.59,-0.016,-0.4900,0.1960,0.8330,0.9861,0.372925,-0.388916,0.063965,0.839966,7.997,143.8,-1
1785814595.822,6902,1549019,0,0.00000000,0.00000000,0.00,0,0,-39.46,0.085,-0.4900,0.5880,0.9310,1.2052,0.372986,-0.388916,0.063904,0.839966,7.999,143.8,-1
1785814597.103,6907,1550113,0,0.00000000,0.00000000,0.00,0,0,-39.50,0.011,-0.5880,0.1470,1.0290,1.1942,0.372925,-0.388794,0.064026,0.840027,7.996,148.8,-1
1785814597.103,6908,1550336,0,0.00000000,0.00000000,0.00,0,0,-39.50,0.016,-0.2940,0.3430,0.8820,0.9910,0.372925,-0.388794,0.064026,0.840027,7.996,148.8,-1
1785814598.387,6913,1551434,0,0.00000000,0.00000000,0.00,0,0,-39.69,-0.098,-0.5880,0.8820,0.9310,1.4108,0.372925,-0.388733,0.063965,0.840027,7.995,146.2,-1
1785814598.387,6914,1551650,0,0.00000000,0.00000000,0.00,0,0,-39.51,0.021,-0.3430,0.3920,0.6860,0.8613,0.372925,-0.388794,0.064026,0.840027,7.996,150.0,-1
1785814599.687,6919,1552784,0,0.00000000,0.00000000,0.00,0,0,-39.49,0.045,-0.5880,0.4900,1.1760,1.4031,0.372864,-0.388733,0.064087,0.840088,7.996,142.5,-1
1785814600.967,6920,1553003,0,0.00000000,0.00000000,0.00,0,0,-39.47,0.074,-0.8820,0.4900,1.0780,1.4765,0.372864,-0.388794,0.064087,0.840027,7.997,142.5,-1
1785814600.971,6925,1554128,0,0.00000000,0.00000000,0.00,0,0,-39.58,-0.009,-0.6860,0.3920,1.0290,1.2973,0.372864,-0.388794,0.064087,0.840027,7.995,146.2,-1
1785814602.265,6926,1554350,0,0.00000000,0.00000000,0.00,0,0,-39.51,0.036,-0.5880,0.4900,0.9800,1.2435,0.372864,-0.388855,0.064087,0.840027,7.996,143.8,-1
1785814602.265,6930,1555213,0,0.00000000,0.00000000,0.00,0,0,-39.54,0.030,-0.4900,0.3430,1.0290,1.1902,0.372925,-0.388855,0.063965,0.840027,7.995,146.2,-1
1785814602.269,6931,1555439,0,0.00000000,0.00000000,0.00,0,0,-39.50,0.051,-0.6370,0.3920,1.1760,1.3937,0.372925,-0.388855,0.063965,0.840027,7.995,152.5,-1
1785814603.545,6936,1556573,0,0.00000000,0.00000000,0.00,0,0,-39.50,0.049,-0.6370,0.3920,0.6860,1.0149,0.372925,-0.388916,0.063965,0.839966,7.994,148.8,-1
1785814603.545,6937,1556798,0,0.00000000,0.00000000,0.00,0,0,-39.56,0.017,-0.5880,0.3430,0.8330,1.0758,0.372925,-0.388977,0.063965,0.839966,7.995,150.0,-1
1785814604.828,6942,1557906,0,0.00000000,0.00000000,0.00,0,0,-39.61,-0.039,-0.6860,0.4410,1.8130,1.9880,0.372925,-0.388794,0.064026,0.840027,7.994,145.0,-1
1785814604.828,6943,1558125,0,0.00000000,0.00000000,0.00,0,0,-39.52,0.026,-0.6860,0.4410,1.0780,1.3517,0.372925,-0.388794,0.063965,0.840027,7.996,142.5,-1
1785814606.116,6948,1559234,0,0.00000000,0.00000000,0.00,0,0,-39.54,0.041,-0.3430,0.1470,1.2740,1.3275,0.372986,-0.388794,0.063782,0.840027,7.995,148.8,-1
1785814607.411,6949,1559461,0,0.00000000,0.00000000,0.00,0,0,-39.52,0.058,-0.4410,0.4410,1.1760,1.3311,0.372986,-0.388855,0.063904,0.840027,7.995,148.8,-1
1785814607.411,6953,1560351,0,0.00000000,0.00000000,0.00,0,0,-39.55,0.063,-0.7840,0.4410,0.9800,1.3302,0.373108,-0.388794,0.063660,0.840027,7.995,147.5,-1
1785814607.411,6954,1560574,0,0.00000000,0.00000000,0.00,0,0,-39.49,0.092,-0.4410,-0.0490,0.9310,1.0313,0.373047,-0.388733,0.063721,0.840027,7.995,148.8,-1
1785814608.691,6959,1561674,0,0.00000000,0.00000000,0.00,0,0,-39.40,0.108,-0.5390,0.3430,0.9800,1.1699,0.372925,-0.388733,0.063965,0.840088,7.995,151.2,-1
1785814608.691,6960,1561895,0,0.00000000,0.00000000,0.00,0,0,-39.53,0.016,-0.7840,1.1760,0.2940,1.4436,0.372925,-0.388733,0.064026,0.840088,7.996,147.5,-1
1785814609.990,6965,1562997,0,0.00000000,0.00000000,0.00,0,0,-39.47,0.071,-0.1470,0.4900,0.7840,0.9361,0.372925,-0.388855,0.063965,0.840027,7.995,147.5,-1
1785814609.994,6966,1563214,0,0.00000000,0.00000000,0.00,0,0,-39.40,0.099,-0.6370,0.4900,0.9310,1.2299,0.372925,-0.388855,0.064026,0.840027,7.991,153.8,-1
1785814611.268,6971,1564333,0,0.00000000,0.00000000,0.00,0,0,-39.48,0.019,-0.2940,0.2450,1.0290,1.0979,0.372925,-0.388855,0.063965,0.840027,7.995,145.0,-1
1785814611.268,6972,1564560,0,0.00000000,0.00000000,0.00,0,0,-39.45,0.028,-0.4410,0.4410,1.3230,1.4626,0.372925,-0.388855,0.063904,0.840027,7.996,150.0,-1
1785814612.569,6977,1565663,0,0.00000000,0.00000000,0.00,0,0,-39.51,0.029,-0.4410,0.3920,1.2250,1.3597,0.372864,-0.388855,0.064087,0.840027,7.997,146.2,-1
1785814613.857,6978,1565885,0,0.00000000,0.00000000,0.00,0,0,-39.60,-0.012,-1.3230,0.1960,1.5680,2.0609,0.372864,-0.388794,0.064087,0.840027,7.997,147.5,-1
1785814613.857,6982,1566796,0,0.00000000,0.00000000,0.00,0,0,-39.58,-0.009,-0.6370,0.5880,1.3720,1.6229,0.373108,-0.388367,0.063660,0.840210,7.997,143.8,-1
1785814613.857,6983,1567014,0,0.00000000,0.00000000,0.00,0,0,-39.55,0.008,-0.3920,0.0980,0.8330,0.9258,0.373169,-0.388367,0.063660,0.840149,7.996,145.0,-1
1785814615.135,6988,1568110,0,0.00000000,0.00000000,0.00,0,0,-39.58,-0.048,-0.6370,0.5390,1.0290,1.3248,0.373047,-0.388794,0.063660,0.840027,7.996,145.0,-1
1785814615.135,6989,1568336,0,0.00000000,0.00000000,0.00,0,0,-39.51,0.011,-0.3920,0.2940,0.9800,1.0957,0.372986,-0.388916,0.063599,0.840027,7.996,146.2,-1
1785814616.429,6994,1569452,0,0.00000000,0.00000000,0.00,0,0,-39.69,-0.063,-0.6370,0.4410,1.1760,1.4083,0.372925,-0.388977,0.063599,0.840027,7.995,147.5,-1
1785814616.434,6995,1569678,0,0.00000000,0.00000000,0.00,0,0,-39.68,-0.054,-0.3920,0.2450,0.9800,1.0836,0.372864,-0.388916,0.063660,0.840027,7.996,145.0,-1
1785814617.721,7000,1570781,0,0.00000000,0.00000000,0.00,0,0,-39.58,0.013,-0.5390,0.4900,1.3230,1.5103,0.372925,-0.388855,0.063660,0.840088,7.996,151.2,-1
1785814617.721,7001,1571003,0,0.00000000,0.00000000,0.00,0,0,-39.68,-0.063,-0.4900,0.3430,1.0780,1.2328,0.372864,-0.388855,0.063660,0.840088,7.997,148.8,-1
1785814619.002,7006,1572117,0,0.00000000,0.00000000,0.00,0,0,-39.63,0.013,-0.3920,0.2940,1.0780,1.1841,0.372925,-0.388855,0.063599,0.840027,7.996,143.8,-1
1785814620.285,7007,1572344,0,0.00000000,0.00000000,0.00,0,0,-39.57,0.036,-0.4410,0.0980,0.7840,0.9048,0.372925,-0.388916,0.063538,0.840027,7.995,147.5,-1
1785814620.289,7011,1573231,0,0.00000000,0.00000000,0.00,0,0,-39.68,-0.005,-0.6860,0.6370,1.4210,1.7016,0.372864,-0.388855,0.063660,0.840027,7.995,143.8,-1
1785814620.289,7012,1573458,0,0.00000000,0.00000000,0.00,0,0,-39.58,0.068,-0.7840,0.3430,1.0290,1.3383,0.372864,-0.388855,0.063660,0.840088,7.997,147.5,-1
1785814621.581,7017,1574570,0,0.00000000,0.00000000,0.00,0,0,-39.62,-0.013,-0.3430,0.3920,0.8820,1.0243,0.372986,-0.388794,0.063538,0.840027,7.996,147.5,-1
1785814621.581,7018,1574791,0,0.00000000,0.00000000,0.00,0,0,-39.59,0.000,-0.5390,0.6370,1.5190,1.7331,0.372986,-0.388916,0.063538,0.839966,7.996,142.5,-1
1785814622.857,7023,1575898,0,0.00000000,0.00000000,0.00,0,0,-39.49,0.057,-0.2450,0.0980,0.6370,0.6895,0.373047,-0.388733,0.063538,0.840088,7.997,143.8,-1
1785814622.857,7024,1576114,0,0.00000000,0.00000000,0.00,0,0,-39.66,-0.043,-0.4410,0.4900,1.3230,1.4781,0.372986,-0.388672,0.063660,0.840088,7.996,145.0,-1
1785814624.151,7029,1577223,0,0.00000000,0.00000000,0.00,0,0,-39.78,-0.091,-0.4900,0.3920,0.8820,1.0824,0.372986,-0.388611,0.063782,0.840149,7.996,143.8,-1
1785814625.434,7030,1577447,0,0.00000000,0.00000000,0.00,0,0,-39.72,-0.051,-0.6860,0.4900,0.4900,0.9751,0.372986,-0.388550,0.063782,0.840149,7.996,147.5,-1
1785814625.434,7035,1578579,0,0.00000000,0.00000000,0.00,0,0,-39.73,-0.032,-0.4410,0.2940,0.8820,1.0290,0.372986,-0.388672,0.063538,0.840088,7.995,146.2,-1
1785814626.731,7036,1578798,0,0.00000000,0.00000000,0.00,0,0,-39.60,0.059,-0.4410,0.2940,0.7840,0.9463,0.373047,-0.388672,0.063477,0.840088,7.992,142.5,-1
1785814626.731,7040,1579691,0,0.00000000,0.00000000,0.00,0,0,-39.82,-0.127,-0.6370,0.5880,1.0290,1.3455,0.372925,-0.388794,0.063477,0.840088,7.996,151.2,-1
1785814626.733,7041,1579915,0,0.00000000,0.00000000,0.00,0,0,-39.58,0.020,-0.4900,0.3920,1.3720,1.5087,0.372864,-0.388855,0.063477,0.840027,7.996,150.0,-1
1785814628.012,7046,1581017,0,0.00000000,0.00000000,0.00,0,0,-39.62,-0.027,-0.6860,0.8820,1.1270,1.5870,0.372925,-0.388855,0.063477,0.840027,7.995,151.2,-1
1785814628.016,7047,1581231,0,0.00000000,0.00000000,0.00,0,0,-39.58,-0.012,-0.5880,0.2940,1.1270,1.3047,0.372925,-0.388855,0.063477,0.840027,7.994,152.5,-1
1785814629.310,7052,1582346,0,0.00000000,0.00000000,0.00,0,0,-39.69,-0.041,-0.7350,0.4900,1.1760,1.4708,0.372681,-0.388916,0.063538,0.840149,7.995,148.8,-1
1785814629.314,7053,1582566,0,0.00000000,0.00000000,0.00,0,0,-39.60,0.017,-0.6370,0.2940,0.8820,1.1270,0.372742,-0.388794,0.063599,0.840149,7.996,148.8,-1
1785814630.590,7058,1583663,0,0.00000000,0.00000000,0.00,0,0,-39.61,0.027,-0.9310,0.3920,1.1270,1.5135,0.372620,-0.388916,0.063660,0.840149,7.994,147.5,-1
1785814630.590,7059,1583863,0,0.00000000,0.00000000,0.00,0,0,-39.65,-0.007,-0.4900,0.3920,1.2740,1.4202,0.372559,-0.388916,0.063660,0.840149,7.995,147.5,-1
1785814631.881,7064,1585010,0,0.00000000,0.00000000,0.00,0,0,-39.58,0.033,-0.6370,0.0000,0.8330,1.0486,0.372681,-0.388977,0.063477,0.840149,7.995,145.0,-1
1785814633.167,7065,1585222,0,0.00000000,0.00000000,0.00,0,0,-39.70,-0.032,-0.7840,0.4900,1.3720,1.6544,0.372681,-0.388977,0.063477,0.840149,7.995,148.8,-1
1785814633.167,7069,1586110,0,0.00000000,0.00000000,0.00,0,0,-39.64,0.018,-0.2450,0.5390,1.0290,1.1872,0.372620,-0.388977,0.063599,0.840149,7.996,146.2,-1
1785814633.168,7070,1586336,0,0.00000000,0.00000000,0.00,0,0,-39.61,0.038,-0.5880,0.4410,0.9310,1.1862,0.372681,-0.388977,0.063599,0.840149,7.997,148.8,-1
1785814634.453,7075,1587436,0,0.00000000,0.00000000,0.00,0,0,-39.71,-0.003,-0.3920,0.1470,1.0780,1.1564,0.372864,-0.388794,0.063782,0.840088,7.995,148.8,-1
1785814634.453,7076,1587659,0,0.00000000,0.00000000,0.00,0,0,-39.68,0.015,-0.6860,0.4410,1.1760,1.4311,0.372864,-0.388794,0.063721,0.840088,8.000,146.2,-1
1785814635.742,7081,1588791,0,0.00000000,0.00000000,0.00,0,0,-39.66,0.008,-0.2940,0.1960,0.8330,0.9048,0.372986,-0.389282,0.063782,0.839844,7.997,150.0,-1
1785814635.746,7082,1589011,0,0.00000000,0.00000000,0.00,0,0,-39.65,0.003,-0.4410,0.6370,0.7840,1.1022,0.373047,-0.388977,0.063721,0.839905,7.997,146.2,-1
1785814637.038,7087,1590108,0,0.00000000,0.00000000,0.00,0,0,-39.67,-0.084,-0.7840,0.6370,0.9310,1.3737,0.372803,-0.388977,0.063782,0.840027,7.996,146.2,-1
1785814638.322,7088,1590332,0,0.00000000,0.00000000,0.00,0,0,-39.62,-0.041,-0.6370,0.5390,0.9800,1.2871,0.372864,-0.388916,0.063721,0.840027,7.995,152.5,-1
1785814638.322,7093,1591434,0,0.00000000,0.00000000,0.00,0,0,-39.60,0.023,-0.6860,0.6370,1.4210,1.7016,0.372620,-0.388794,0.064087,0.840210,7.995,148.8,-1
1785814639.609,7094,1591657,0,0.00000000,0.00000000,0.00,0,0,-39.57,0.041,-0.6370,0.1960,1.0290,1.2260,0.372620,-0.388855,0.064026,0.840149,7.997,145.0,-1
1785814639.609,7098,1592572,0,0.00000000,0.00000000,0.00,0,0,-39.77,-0.073,-0.5880,0.4900,1.1760,1.4031,0.372803,-0.388733,0.063904,0.840149,7.996,145.0,-1
1785814639.614,7099,1592801,0,0.00000000,0.00000000,0.00,0,0,-39.72,-0.038,-0.4410,0.5390,1.0290,1.2425,0.372742,-0.388855,0.063843,0.840088,7.994,148.8,-1
1785814640.891,7104,1593910,0,0.00000000,0.00000000,0.00,0,0,-39.63,0.058,-0.5390,0.4900,1.1270,1.3419,0.372925,-0.388611,0.063721,0.840149,7.996,145.0,-1
1785814640.891,7105,1594125,0,0.00000000,0.00000000,0.00,0,0,-39.64,0.047,-0.3920,0.6860,0.7350,1.0791,0.372925,-0.388611,0.063660,0.840149,7.997,143.8,-1
1785814642.190,7110,1595240,0,0.00000000,0.00000000,0.00,0,0,-39.62,0.052,-0.6370,0.6370,1.1270,1.4428,0.372925,-0.388550,0.063660,0.840149,7.996,151.2,-1
1785814642.190,7111,1595465,0,0.00000000,0.00000000,0.00,0,0,-39.75,-0.018,-0.5390,0.3430,0.9800,1.1699,0.372925,-0.388550,0.063660,0.840149,7.994,147.5,-1
1785814643.472,7116,1596579,0,0.00000000,0.00000000,0.00,0,0,-39.67,0.002,-1.0290,0.6370,1.2740,1.7572,0.372864,-0.388611,0.063904,0.840149,7.995,153.8,-1
1785814644.755,7117,1596800,0,0.00000000,0.00000000,0.00,0,0,-39.64,0.016,-0.5880,0.4900,1.1270,1.3623,0.372803,-0.388611,0.064026,0.840149,7.996,148.8,-1
1785814644.755,7121,1597691,0,0.00000000,0.00000000,0.00,0,0,-39.73,-0.014,-0.3430,0.3920,1.2250,1.3311,0.372864,-0.388611,0.063965,0.840149,7.995,147.5,-1
1785814644.755,7122,1597915,0,0.00000000,0.00000000,0.00,0,0,-39.70,0.008,-0.5880,0.5390,1.0290,1.3020,0.372864,-0.388611,0.063843,0.840149,7.996,152.5,-1
1785814646.052,7127,1599020,0,0.00000000,0.00000000,0.00,0,0,-39.48,0.133,-0.4900,0.2940,1.0290,1.1770,0.372803,-0.388611,0.064026,0.840149,7.996,148.8,-1
1785814646.054,7128,1599231,0,0.00000000,0.00000000,0.00,0,0,-39.61,0.067,-0.6860,0.5880,1.1270,1.4445,0.372803,-0.388611,0.064087,0.840210,7.994,153.8,-1
1785814647.342,7133,1600326,0,0.00000000,0.00000000,0.00,0,0,-39.72,-0.082,-0.5880,0.2450,1.1270,1.2946,0.372803,-0.388550,0.064026,0.840210,7.995,145.0,-1
1785814647.342,7134,1600546,0,0.00000000,0.00000000,0.00,0,0,-39.66,-0.054,-0.9800,0.2450,1.1760,1.5503,0.372803,-0.388550,0.064026,0.840210,7.995,148.8,-1
1785814648.627,7139,1601647,0,0.00000000,0.00000000,0.00,0,0,-39.55,0.017,-0.6370,0.1470,1.1760,1.3455,0.372803,-0.388672,0.064026,0.840149,7.995,148.8,-1
1785814648.627,7140,1601868,0,0.00000000,0.00000000,0.00,0,0,-39.59,-0.020,-0.3430,0.0000,1.0780,1.1313,0.372803,-0.388611,0.064026,0.840210,7.996,147.5,-1
1785814649.912,7145,1603009,0,0.00000000,0.00000000,0.00,0,0,-39.64,-0.048,-0.4410,0.4410,1.0290,1.2032,0.372864,-0.389038,0.061218,0.840149,7.995,147.5,-1
1785814651.203,7146,1603225,0,0.00000000,0.00000000,0.00,0,0,-39.57,-0.006,-0.4900,0.3920,1.2250,1.3764,0.372803,-0.388855,0.061340,0.840271,7.995,145.0,-1
1785814651.203,7151,1604330,0,0.00000000,0.00000000,0.00,0,0,-39.61,-0.031,-0.4900,0.2450,1.2250,1.3419,0.373047,-0.388672,0.061340,0.840210,7.995,148.8,-1
1785814652.491,7152,1604557,0,0.00000000,0.00000000,0.00,0,0,-39.61,-0.019,-0.4410,0.4410,1.3230,1.4626,0.373108,-0.388733,0.061218,0.840210,7.995,142.5,-1
1785814652.491,7156,1605448,0,0.00000000,0.00000000,0.00,0,0,-39.66,-0.009,-0.2940,0.8330,1.3720,1.6318,0.373047,-0.388855,0.060974,0.840149,7.995,147.5,-1
1785814652.496,7157,1605669,0,0.00000000,0.00000000,0.00,0,0,-39.49,0.076,-0.2940,0.4900,0.7840,0.9702,0.373047,-0.388916,0.060974,0.840149,7.995,146.2,-1
1785814653.775,7162,1606791,0,0.00000000,0.00000000,0.00,0,0,-39.53,0.033,-0.2450,0.4410,1.0290,1.1460,0.372864,-0.388916,0.061340,0.840210,7.996,145.0,-1
1785814653.775,7163,1607015,0,0.00000000,0.00000000,0.00,0,0,-39.70,-0.071,-0.2940,0.1960,0.8330,0.9048,0.372742,-0.388916,0.061401,0.840271,7.995,146.2,-1
1785814655.061,7168,1608122,0,0.00000000,0.00000000,0.00,0,0,-39.55,0.003,-0.4410,0.3430,0.9800,1.1281,0.372864,-0.388855,0.061340,0.840210,7.996,145.0,-1
1785814655.061,7169,1608342,0,0.00000000,0.00000000,0.00,0,0,-39.55,0.002,-0.4410,0.2450,1.3720,1.4618,0.372864,-0.388916,0.061340,0.840210,7.996,146.2,-1
1785814656.356,7174,1609446,0,0.00000000,0.00000000,0.00,0,0,-39.61,-0.047,-0.4410,0.1960,0.9800,1.0924,0.372925,-0.388855,0.061340,0.840210,7.999,143.8,-1
1785814657.640,7175,1609664,0,0.00000000,0.00000000,0.00,0,0,-39.50,0.033,-0.3920,0.4900,1.3230,1.4643,0.372986,-0.388916,0.061218,0.840210,7.996,146.2,-1
1785814657.640,7179,1610565,0,0.00000000,0.00000000,0.00,0,0,-39.51,0.063,-0.6370,0.4900,1.4210,1.6325,0.372925,-0.388916,0.061096,0.840210,8.000,85.0,-1
1785814657.640,7180,1610788,0,0.00000000,0.00000000,0.00,0,0,-39.57,0.019,-0.4900,0.4900,1.2250,1.4074,0.372925,-0.388977,0.061157,0.840149,7.999,145.0,-1
1785814658.926,7185,1611889,0,0.00000000,0.00000000,0.00,0,0,-39.49,0.057,-0.1960,0.1470,1.5190,1.5386,0.372864,-0.388916,0.061340,0.840210,7.996,150.0,-1
1785814658.926,7186,1612133,0,0.00000000,0.00000000,0.00,0,0,-39.55,0.026,-0.5390,0.4900,1.2250,1.4252,0.372864,-0.388916,0.061340,0.840210,7.995,147.5,-1
1785814660.222,7191,1613254,0,0.00000000,0.00000000,0.00,0,0,-39.48,0.070,-0.4410,0.4410,0.8330,1.0406,0.372803,-0.389160,0.061462,0.840149,7.997,145.0,-1
1785814660.226,7192,1613475,0,0.00000000,0.00000000,0.00,0,0,-39.52,0.013,-0.5390,0.4410,1.0780,1.2834,0.372803,-0.389160,0.061462,0.840149,7.996,146.2,-1
1785814661.506,7197,1614577,0,0.00000000,0.00000000,0.00,0,0,-39.56,-0.010,-0.6860,0.3920,0.8820,1.1841,0.372925,-0.388855,0.061279,0.840210,7.994,153.8,-1
1785814661.506,7198,1614796,0,0.00000000,0.00000000,0.00,0,0,-39.64,-0.041,-0.7840,0.6370,1.1270,1.5135,0.373047,-0.388794,0.061340,0.840149,7.996,147.5,-1
1785814662.796,7203,1615896,0,0.00000000,0.00000000,0.00,0,0,-39.49,0.055,-0.4900,0.4900,1.1270,1.3230,0.372986,-0.389099,0.061279,0.840088,7.997,151.2,-1
1785814664.074,7204,1616112,0,0.00000000,0.00000000,0.00,0,0,-39.51,0.031,-0.3920,0.2940,1.3720,1.4569,0.372925,-0.389099,0.061279,0.840088,7.996,148.8,-1
1785814664.074,7209,1617212,0,0.00000000,0.00000000,0.00,0,0,-39.45,0.031,-0.6370,0.4410,1.2250,1.4494,0.372925,-0.389160,0.061340,0.840088,7.995,150.0,-1
1785814665.374,7214,1618355,0,0.00000000,0.00000000,0.00,0,0,-39.58,-0.049,-0.7350,0.8820,1.1760,1.6435,0.372925,-0.389038,0.061279,0.840149,7.996,148.8,-1
1785814665.374,7215,1618578,0,0.00000000,0.00000000,0.00,0,0,-39.59,-0.040,-0.5390,0.3430,1.0290,1.2112,0.372925,-0.388977,0.061340,0.840149,7.995,150.0,-1
1785814666.655,7220,1619685,0,0.00000000,0.00000000,0.00,0,0,-39.58,-0.026,-0.7350,0.1960,0.9800,1.2406,0.372864,-0.389099,0.061462,0.840088,7.995,142.5,-1
1785814666.655,7221,1619906,0,0.00000000,0.00000000,0.00,0,0,-39.51,0.019,-0.4900,0.3430,1.1270,1.2759,0.372864,-0.389099,0.061401,0.840149,7.995,148.8,-1
1785814667.949,7226,1621011,0,0.00000000,0.00000000,0.00,0,0,-39.52,0.012,-0.7350,0.4410,1.0780,1.3772,0.372864,-0.389038,0.061401,0.840149,7.995,146.2,-1
1785814667.949,7227,1621223,0,0.00000000,0.00000000,0.00,0,0,-39.54,-0.006,-0.3430,0.2940,0.6860,0.8214,0.372925,-0.389038,0.061401,0.840149,7.995,150.0,-1
1785814669.238,7232,1622350,0,0.00000000,0.00000000,0.00,0,0,-39.46,0.006,-0.5390,0.6860,1.1270,1.4252,0.372864,-0.389160,0.061401,0.840088,7.996,150.0,-1
1785814670.522,7233,1622573,0,0.00000000,0.00000000,0.00,0,0,-39.46,0.031,-0.5880,0.7840,1.5680,1.8491,0.372925,-0.389160,0.061340,0.840088,7.996,152.5,-1
1785814670.526,7237,1623455,0,0.00000000,0.00000000,0.00,0,0,-39.55,0.012,-0.8820,0.5390,1.4700,1.7970,0.372925,-0.389343,0.061218,0.839966,7.995,147.5,-1
1785814670.526,7238,1623677,0,0.00000000,0.00000000,0.00,0,0,-39.60,-0.026,-0.2940,0.0490,0.7840,0.8387,0.372925,-0.389404,0.061218,0.839966,7.996,147.5,-1
1785814671.815,7243,1624790,0,0.00000000,0.00000000,0.00,0,0,-39.59,-0.039,-0.3920,0.3920,0.9310,1.0836,0.372986,-0.389221,0.061218,0.840027,7.996,146.2,-1
1785814671.815,7244,1625011,0,0.00000000,0.00000000,0.00,0,0,-39.52,0.005,-0.5390,0.2940,0.7840,0.9958,0.372925,-0.389221,0.061279,0.840027,7.996,145.0,-1
1785814673.096,7249,1626115,0,0.00000000,0.00000000,0.00,0,0,-39.47,0.027,-0.6370,0.3920,1.0780,1.3121,0.372925,-0.389221,0.061218,0.840027,7.995,150.0,-1
1785814673.096,7250,1626342,0,0.00000000,0.00000000,0.00,0,0,-39.49,0.020,-0.3920,0.4410,1.1270,1.2721,0.372986,-0.389221,0.061157,0.840027,7.995,145.0,-1
1785814674.384,7255,1627462,0,0.00000000,0.00000000,0.00,0,0,-39.49,0.022,-0.4900,0.0980,0.5390,0.7350,0.372925,-0.389221,0.061340,0.840088,7.995,147.5,-1
1785814675.681,7256,1627687,0,0.00000000,0.00000000,0.00,0,0,-39.43,0.068,-0.4900,0.3430,0.6370,0.8738,0.372925,-0.389221,0.061340,0.840027,7.996,146.2,-1
1785814675.681,7261,1628795,0,0.00000000,0.00000000,0.00,0,0,-39.42,0.041,-0.6370,0.4900,0.8330,1.1575,0.372925,-0.389221,0.061279,0.840027,7.996,141.2,-1
1785814676.965,7262,1629017,0,0.00000000,0.00000000,0.00,0,0,-39.45,0.014,-0.4900,0.2450,1.2250,1.3419,0.372925,-0.389343,0.061279,0.840027,7.997,145.0,-1
1785814676.965,7266,1629901,0,0.00000000,0.00000000,0.00,0,0,-39.36,0.052,-0.4900,0.2940,1.3720,1.4862,0.372986,-0.389282,0.061157,0.840027,7.996,145.0,-1
1785814676.965,7267,1630116,0,0.00000000,0.00000000,0.00,0,0,-39.36,0.033,-0.5880,0.1470,1.2250,1.3667,0.372986,-0.389282,0.061096,0.840027,7.995,147.5,-1
1785814678.247,7272,1631214,0,0.00000000,0.00000000,0.00,0,0,-39.37,-0.011,-0.3920,0.6370,0.9800,1.2328,0.372925,-0.389282,0.061279,0.840027,7.996,143.8,-1
1785814678.247,7273,1631443,0,0.00000000,0.00000000,0.00,0,0,-39.32,0.033,-0.3920,0.2940,0.8820,1.0090,0.372925,-0.389221,0.061279,0.840027,7.997,146.2,-1
1785814679.542,7278,1632553,0,0.00000000,0.00000000,0.00,0,0,-39.40,-0.045,-0.3430,0.2450,0.9800,1.0668,0.372925,-0.389343,0.061279,0.840027,7.996,145.0,-1
1785814679.542,7279,1632772,0,0.00000000,0.00000000,0.00,0,0,-39.25,0.052,-0.4900,0.2940,1.3720,1.4862,0.372925,-0.389343,0.061340,0.840027,7.996,146.2,-1
1785814680.830,7284,1633880,0,0.00000000,0.00000000,0.00,0,0,-39.38,-0.074,-0.5880,0.3430,0.9800,1.1932,0.372925,-0.389160,0.061340,0.840088,7.996,146.2,-1
1785814680.830,7285,1634126,0,0.00000000,0.00000000,0.00,0,0,-39.36,-0.061,-0.4410,0.3920,1.2740,1.4040,0.372925,-0.389038,0.061340,0.840088,7.995,146.2,-1
1785814682.111,7290,1635232,0,0.00000000,0.00000000,0.00,0,0,-39.49,-0.122,-0.5390,0.2940,0.9800,1.1564,0.372925,-0.389404,0.061157,0.839966,7.996,143.8,-1
1785814683.407,7291,1635457,0,0.00000000,0.00000000,0.00,0,0,-39.38,-0.032,-0.4410,0.3430,1.0290,1.1709,0.372986,-0.389404,0.061157,0.839966,7.996,143.8,-1
1785814683.407,7295,1636342,0,0.00000000,0.00000000,0.00,0,0,-39.47,-0.107,-0.5880,0.1960,1.3230,1.4610,0.372925,-0.389465,0.061157,0.839905,7.996,146.2,-1
1785814683.411,7296,1636561,0,0.00000000,0.00000000,0.00,0,0,-39.40,-0.047,-0.2450,0.1470,1.1760,1.2102,0.372986,-0.389404,0.061157,0.839966,7.995,146.2,-1
1785814684.688,7301,1637667,0,0.00000000,0.00000000,0.00,0,0,-39.48,-0.039,-0.1470,0.1960,1.1270,1.1533,0.372925,-0.389465,0.061218,0.839966,7.996,146.2,-1
1785814684.688,7302,1637892,0,0.00000000,0.00000000,0.00,0,0,-39.35,0.028,-0.5390,0.4900,0.9800,1.2211,0.372925,-0.389465,0.061279,0.839966,7.995,152.5,-1
1785814685.980,7307,1639008,0,0.00000000,0.00000000,0.00,0,0,-39.39,0.046,-0.6370,1.0290,0.7350,1.4159,0.372925,-0.389404,0.061279,0.839966,7.997,146.2,-1
1785814685.980,7308,1639225,0,0.00000000,0.00000000,0.00,0,0,-39.50,-0.030,-0.4900,0.0980,0.6370,0.8096,0.372925,-0.389343,0.061279,0.840027,7.995,150.0,-1
1785814687.268,7313,1640354,0,0.00000000,0.00000000,0.00,0,0,-39.55,-0.081,-0.5880,0.3920,1.0290,1.2483,0.372925,-0.389282,0.061340,0.840027,7.996,148.8,-1
1785814688.553,7314,1640581,0,0.00000000,0.00000000,0.00,0,0,-39.52,-0.055,-0.3430,0.0490,0.6860,0.7685,0.372925,-0.389221,0.061340,0.840088,7.996,153.8,-1
1785814688.553,7319,1641680,0,0.00000000,0.00000000,0.00,0,0,-39.51,-0.033,-0.6370,0.5390,1.2740,1.5229,0.372864,-0.389282,0.061401,0.840027,7.992,151.2,-1
1785814689.846,7320,1641903,0,0.00000000,0.00000000,0.00,0,0,-39.55,-0.058,-0.2450,0.2450,0.8330,0.9022,0.372864,-0.389343,0.061340,0.840027,7.997,148.8,-1
1785814689.846,7324,1642785,0,0.00000000,0.00000000,0.00,0,0,-39.58,-0.049,-0.3920,0.1960,0.8820,0.9849,0.372864,-0.389404,0.061340,0.839966,7.994,148.8,-1
1785814689.846,7325,1643007,0,0.00000000,0.00000000,0.00,0,0,-39.58,-0.049,-0.5390,0.2450,1.8130,1.9072,0.372864,-0.389404,0.061340,0.839966,7.994,147.5,-1
1785814691.137,7330,1644111,0,0.00000000,0.00000000,0.00,0,0,-39.78,-0.111,-0.7350,0.4410,0.8330,1.1952,0.372925,-0.389221,0.061218,0.840027,7.996,147.5,-1
1785814691.137,7331,1644339,0,0.00000000,0.00000000,0.00,0,0,-39.54,0.038,-0.5880,0.1470,1.0290,1.1942,0.372925,-0.389160,0.061218,0.840088,7.995,147.5,-1
1785814692.413,7336,1645453,0,0.00000000,0.00000000,0.00,0,0,-39.57,0.008,-0.6370,0.4410,0.6860,1.0348,0.372925,-0.389099,0.061340,0.840088,7.996,147.5,-1
1785814692.413,7337,1645673,0,0.00000000,0.00000000,0.00,0,0,-39.63,-0.023,-0.1960,-0.0490,0.8330,0.8571,0.372925,-0.389099,0.061340,0.840088,7.995,145.0,-1
1785814693.707,7342,1646774,0,0.00000000,0.00000000,0.00,0,0,-39.57,0.029,-0.4410,0.2450,1.0290,1.1460,0.372986,-0.389099,0.061218,0.840088,7.995,148.8,-1
1785814695.000,7343,1646993,0,0.00000000,0.00000000,0.00,0,0,-39.63,-0.010,-0.3920,0.0490,1.2740,1.3338,0.372986,-0.389160,0.061218,0.840088,7.997,150.0,-1
1785814695.000,7348,1648110,0,0.00000000,0.00000000,0.00,0,0,-39.66,-0.023,-0.5880,0.2450,0.5390,0.8344,0.372864,-0.389282,0.061279,0.840027,7.992,147.5,-1
1785814696.282,7349,1648339,0,0.00000000,0.00000000,0.00,0,0,-39.68,-0.046,-0.7350,0.9310,0.7840,1.4218,0.372864,-0.389221,0.061218,0.840088,7.992,147.5,-1
1785814696.282,7353,1649222,0,0.00000000,0.00000000,0.00,0,0,-39.70,-0.033,-0.5390,0.3430,1.4210,1.5580,0.372864,-0.389099,0.061096,0.840149,7.995,147.5,-1
1785814696.282,7354,1649446,0,0.00000000,0.00000000,0.00,0,0,-39.71,-0.020,-0.6370,0.7350,0.5880,1.1365,0.372864,-0.389099,0.061035,0.840149,7.996,148.8,-1
1785814697.569,7359,1650543,0,0.00000000,0.00000000,0.00,0,0,-39.71,-0.006,-0.1470,0.5880,0.7840,0.9910,0.372803,-0.389099,0.061279,0.840149,7.996,146.2,-1
1785814697.569,7360,1650764,0,0.00000000,0.00000000,0.00,0,0,-39.67,0.014,-0.6370,0.4900,1.0780,1.3446,0.372803,-0.389038,0.061340,0.840149,7.996,147.5,-1
1785814698.854,7365,1651846,0,0.00000000,0.00000000,0.00,0,0,-39.71,-0.009,-0.5390,0.6860,1.0290,1.3491,0.372803,-0.389221,0.061279,0.840088,7.996,146.2,-1
1785814698.854,7366,1652075,0,0.00000000,0.00000000,0.00,0,0,-39.86,-0.116,-0.4900,0.5390,1.1760,1.3833,0.372803,-0.389282,0.061279,0.840088,7.997,148.8,-1
1785814700.139,7371,1653174,0,0.00000000,0.00000000,0.00,0,0,-39.61,0.026,-0.4900,0.3430,0.9310,1.1066,0.372925,-0.389465,0.061157,0.839966,7.995,150.0,-1
1785814700.139,7372,1653399,0,0.00000000,0.00000000,0.00,0,0,-39.54,0.057,-0.5880,0.2940,0.9800,1.1801,0.372925,-0.389465,0.061096,0.839966,7.997,147.5,-1
1785814701.432,7377,1654511,0,0.00000000,0.00000000,0.00,0,0,-39.67,-0.027,-0.4410,0.1470,0.7840,0.9115,0.373230,-0.389282,0.060974,0.839905,7.996,143.8,-1
1785814702.726,7378,1654730,0,0.00000000,0.00000000,0.00,0,0,-39.62,-0.007,-0.5880,0.2940,0.8330,1.0612,0.373169,-0.389282,0.061157,0.839905,7.997,143.8,-1
1785814702.726,7383,1655843,0,0.00000000,0.00000000,0.00,0,0,-39.63,-0.003,-0.5390,0.4410,1.0780,1.2834,0.373047,-0.389038,0.061340,0.840088,7.995,142.5,-1
1785814704.009,7384,1656064,0,0.00000000,0.00000000,0.00,0,0,-39.59,0.015,-0.4900,0.1960,0.8330,0.9861,0.373047,-0.388977,0.061462,0.840088,7.995,142.5,-1
1785814704.010,7388,1656944,0,0.00000000,0.00000000,0.00,0,0,-39.72,-0.034,-0.5390,0.3430,1.3720,1.5135,0.372925,-0.389038,0.061829,0.840088,7.996,146.2,-1
1785814704.010,7389,1657155,0,0.00000000,0.00000000,0.00,0,0,-39.66,0.006,-0.5390,0.3430,1.0780,1.2531,0.372925,-0.389038,0.061951,0.840088,7.996,147.5,-1
1785814705.293,7394,1658269,0,0.00000000,0.00000000,0.00,0,0,-39.89,-0.083,-0.6370,0.0980,1.0290,1.2142,0.377625,-0.388611,0.063354,0.838074,7.995,140.0,-1
1785814705.293,7395,1658490,0,0.00000000,0.00000000,0.00,0,0,-39.97,-0.106,-0.4900,0.4410,1.3720,1.5222,0.377808,-0.388306,0.062805,0.838135,7.997,140.0,-1
1785814706.593,7400,1659599,0,0.00000000,0.00000000,0.00,0,0,-39.97,-0.060,-0.8330,0.5390,1.2250,1.5764,0.378601,-0.387573,0.061157,0.838257,7.995,153.8,-1
1785814706.593,7401,1659822,0,0.00000000,0.00000000,0.00,0,0,-39.91,-0.017,-0.5880,0.4900,1.1270,1.3623,0.378662,-0.387512,0.060974,0.838318,7.999,145.0,-1
1785814707.867,7406,1660924,0,0.00000000,0.00000000,0.00,0,0,-39.70,0.085,-0.4410,0.1470,1.0780,1.1740,0.378845,-0.387390,0.060486,0.838318,7.996,147.5,-1
1785814707.867,7407,1661139,0,0.00000000,0.00000000,0.00,0,0,-39.69,0.074,-0.5390,0.1960,0.7840,0.9714,0.378784,-0.387390,0.060486,0.838318,7.996,153.8,-1
1785814709.158,7412,1662259,0,0.00000000,0.00000000,0.00,0,0,-39.76,0.011,-0.3430,0.2940,1.7150,1.7735,0.378723,-0.387512,0.060425,0.838318,7.995,148.8,-1
1785814710.445,7413,1662480,0,0.00000000,0.00000000,0.00,0,0,-39.52,0.163,-0.7350,0.7350,1.5190,1.8406,0.378723,-0.387451,0.060486,0.838318,7.996,151.2,-1
1785814710.445,7418,1663573,0,0.00000000,0.00000000,0.00,0,0,-39.68,0.018,-0.5880,0.5390,1.1760,1.4210,0.378723,-0.387329,0.060425,0.838379,7.995,150.0,-1
1785814711.737,7419,1663800,0,0.00000000,0.00000000,0.00,0,0,-39.63,0.036,-0.6860,0.6370,1.3720,1.6609,0.378723,-0.387329,0.060486,0.838379,7.995,147.5,-1
1785814711.737,7423,1664680,0,0.00000000,0.00000000,0.00,0,0,-39.59,0.022,-0.5880,0.4410,1.1270,1.3455,0.378662,-0.387390,0.060547,0.838379,7.995,152.5,-1
1785814711.737,7424,1664904,0,0.00000000,0.00000000,0.00,0,0,-39.67,-0.028,-0.6370,0.5880,1.7640,1.9655,0.378784,-0.387329,0.060486,0.838379,7.997,146.2,-1
1785814713.024,7429,1666022,0,0.00000000,0.00000000,0.00,0,0,-39.55,0.023,-0.6370,0.2940,1.2740,1.4544,0.378784,-0.387512,0.060364,0.838318,7.995,147.5,-1
1785814713.024,7430,1666236,0,0.00000000,0.00000000,0.00,0,0,-39.60,-0.002,-0.0490,0.8330,0.9800,1.2871,0.378723,-0.387512,0.060425,0.838318,7.991,148.8,-1
1785814714.308,7435,1667334,0,0.00000000,0.00000000,0.00,0,0,-39.55,0.039,-0.5880,0.3920,1.0780,1.2890,0.378723,-0.387207,0.060425,0.838440,7.995,153.8,-1
1785814714.308,7436,1667559,0,0.00000000,0.00000000,0.00,0,0,-39.61,0.001,-0.4410,0.3430,0.9800,1.1281,0.378723,-0.387329,0.060425,0.838379,7.996,152.5,-1
1785814715.606,7441,1668671,0,0.00000000,0.00000000,0.00,0,0,-39.50,0.062,-0.4900,0.4900,0.9800,1.2002,0.378723,-0.387329,0.060303,0.838379,7.995,148.8,-1
1785814716.887,7442,1668893,0,0.00000000,0.00000000,0.00,0,0,-39.48,0.062,-0.5390,0.7840,1.1760,1.5127,0.378784,-0.387329,0.060242,0.838379,7.995,140.0,-1
1785814716.887,7447,1669993,0,0.00000000,0.00000000,0.00,0,0,-39.56,0.021,-0.7840,0.4900,0.8330,1.2444,0.378723,-0.387512,0.060242,0.838318,7.995,142.5,-1
1785814718.170,7448,1670206,0,0.00000000,0.00000000,0.00,0,0,-39.60,0.011,-0.9310,0.8330,0.7350,1.4494,0.378723,-0.387451,0.060242,0.838318,7.995,147.5,-1
1785814718.177,7452,1671130,0,0.00000000,0.00000000,0.00,0,0,-39.57,0.010,-0.2940,0.3430,0.9310,1.0348,0.378601,-0.387390,0.060242,0.838440,7.999,145.0,-1
1785814718.177,7453,1671356,0,0.00000000,0.00000000,0.00,0,0,-39.56,0.026,-0.6370,0.4900,1.0290,1.3056,0.378601,-0.387329,0.060242,0.838440,7.997,148.8,-1
1785814719.458,7458,1672455,0,0.00000000,0.00000000,0.00,0,0,-39.56,0.025,-0.3430,0.0980,0.9310,0.9970,0.378662,-0.387329,0.060120,0.838440,7.999,150.0,-1
1785814719.458,7459,1672676,0,0.00000000,0.00000000,0.00,0,0,-39.54,0.030,-0.4410,0.1960,0.9800,1.0924,0.378662,-0.387268,0.060120,0.838440,7.997,146.2,-1
1785814720.753,7464,1673779,0,0.00000000,0.00000000,0.00,0,0,-39.67,-0.036,-0.3920,0.1960,0.5390,0.6947,0.378601,-0.387329,0.060181,0.838440,7.995,152.5,-1
1785814720.753,7465,1674003,0,0.00000000,0.00000000,0.00,0,0,-39.63,-0.008,-0.6370,0.1470,0.9310,1.1376,0.378601,-0.387268,0.060303,0.838501,7.997,147.5,-1
1785814722.047,7470,1675107,0,0.00000000,0.00000000,0.00,0,0,-39.47,0.039,-0.6370,0.5880,1.5190,1.7490,0.378601,-0.387329,0.060242,0.838440,7.996,143.8,-1
1785814723.326,7471,1675327,0,0.00000000,0.00000000,0.00,0,0,-39.57,-0.014,-0.4900,0.2940,1.0290,1.1770,0.378601,-0.387329,0.060303,0.838440,7.996,137.5,-1
1785814723.326,7476,1676425,0,0.00000000,0.00000000,0.00,0,0,-39.59,0.010,-0.5390,0.1470,0.7840,0.9627,0.378601,-0.387268,0.060364,0.838501,7.996,150.0,-1
1785814724.623,7477,1676647,0,0.00000000,0.00000000,0.00,0,0,-39.48,0.079,-0.5880,0.5390,1.2250,1.4618,0.378601,-0.387268,0.060303,0.838501,7.996,142.5,-1
1785814724.623,7481,1677566,0,0.00000000,0.00000000,0.00,0,0,-39.50,0.027,-0.3430,0.4410,1.1270,1.2579,0.378601,-0.387268,0.060242,0.838501,7.995,143.8,-1
1785814724.627,7482,1677789,0,0.00000000,0.00000000,0.00,0,0,-39.48,0.043,-0.2940,0.2450,1.0290,1.0979,0.378662,-0.387268,0.060181,0.838501,7.996,146.2,-1
1785814725.902,7487,1678894,0,0.00000000,0.00000000,0.00,0,0,-39.59,-0.033,-0.4900,0.3920,0.9310,1.1227,0.378601,-0.387207,0.060242,0.838501,7.997,147.5,-1
1785814725.902,7488,1679113,0,0.00000000,0.00000000,0.00,0,0,-39.55,-0.002,-0.4900,0.2940,0.6860,0.8928,0.378601,-0.387207,0.060303,0.838501,7.996,147.5,-1
1785814727.192,7493,1680225,0,0.00000000,0.00000000,0.00,0,0,-39.57,-0.042,-0.6370,0.3430,1.0780,1.2983,0.378601,-0.387451,0.060425,0.838379,7.995,147.5,-1
1785814727.192,7494,1680445,0,0.00000000,0.00000000,0.00,0,0,-39.61,-0.070,-0.4900,0.4410,1.1760,1.3482,0.378601,-0.387451,0.060425,0.838379,7.995,147.5,-1
1785814728.481,7499,1681546,0,0.00000000,0.00000000,0.00,0,0,-39.60,-0.049,-0.5390,0.4900,1.3230,1.5103,0.378601,-0.387268,0.060425,0.838501,7.997,143.8,-1
1785814729.767,7500,1681771,0,0.00000000,0.00000000,0.00,0,0,-39.55,-0.015,-0.9310,0.7840,0.8820,1.5031,0.378601,-0.387268,0.060486,0.838440,7.995,146.2,-1
1785814729.767,7505,1682888,0,0.00000000,0.00000000,0.00,0,0,-39.53,0.002,-0.7840,0.2940,0.6370,1.0521,0.378540,-0.387268,0.060547,0.838501,7.997,153.8,-1
1785814731.050,7506,1683104,0,0.00000000,0.00000000,0.00,0,0,-39.55,-0.007,-0.4410,0.4410,1.0290,1.2032,0.378540,-0.387390,0.060547,0.838440,7.994,146.2,-1
1785814731.050,7510,1683995,0,0.00000000,0.00000000,0.00,0,0,-39.57,0.045,-0.7350,0.3920,1.2740,1.5222,0.378540,-0.387451,0.060425,0.838379,7.997,147.5,-1
1785814731.054,7511,1684214,0,0.00000000,0.00000000,0.00,0,0,-39.63,0.026,-0.9800,0.2940,1.9110,2.1677,0.378540,-0.387390,0.060425,0.838440,7.996,148.8,-1
1785814732.338,7516,1685353,0,0.00000000,0.00000000,0.00,0,0,-39.65,-0.000,-0.3920,0.2940,1.3720,1.4569,0.378540,-0.387329,0.060425,0.838440,7.994,152.5,-1
1785814732.338,7517,1685578,0,0.00000000,0.00000000,0.00,0,0,-39.59,0.048,-0.4410,0.3430,1.3230,1.4361,0.378540,-0.387390,0.060425,0.838440,7.995,155.0,-1
1785814733.639,7522,1686679,0,0.00000000,0.00000000,0.00,0,0,-39.66,0.022,-0.2450,0.2450,2.0090,2.0387,0.378540,-0.387268,0.060547,0.838501,7.995,152.5,-1
1785814733.639,7523,1686903,0,0.00000000,0.00000000,0.00,0,0,-39.53,0.100,-0.4900,0.5880,1.1270,1.3623,0.378540,-0.387268,0.060547,0.838501,7.996,142.5,-1
1785814734.920,7528,1688014,0,0.00000000,0.00000000,0.00,0,0,-39.63,0.021,-0.4900,0.3430,1.1270,1.2759,0.378540,-0.387268,0.060547,0.838501,7.997,148.8,-1
1785814736.215,7529,1688233,0,0.00000000,0.00000000,0.00,0,0,-39.60,0.021,-0.7840,0.4410,1.2250,1.5198,0.378479,-0.387207,0.060547,0.838562,7.995,145.0,-1
1785814736.215,7533,1689127,0,0.00000000,0.00000000,0.00,0,0,-39.67,-0.031,-0.5390,0.5880,1.2740,1.5031,0.378601,-0.387329,0.060364,0.838440,8.010,87.5,-1
1785814736.215,7534,1689352,0,0.00000000,0.00000000,0.00,0,0,-39.61,0.020,-0.3430,0.3430,1.2740,1.3632,0.378601,-0.387390,0.060303,0.838440,7.996,145.0,-1
1785814737.503,7539,1690455,0,0.00000000,0.00000000,0.00,0,0,-39.65,0.002,-0.5390,0.5880,1.3720,1.5870,0.378662,-0.387512,0.060181,0.838379,7.995,143.8,-1
1785814737.503,7540,1690678,0,0.00000000,0.00000000,0.00,0,0,-39.60,0.037,-0.4410,0.1470,1.3230,1.4023,0.378723,-0.387512,0.060120,0.838318,7.996,148.8,-1
1785814738.784,7545,1691770,0,0.00000000,0.00000000,0.00,0,0,-39.55,0.035,-0.8330,0.6370,1.7150,2.0102,0.271179,-0.392090,0.011414,0.878967,7.996,147.5,-1
1785814738.784,7546,1691992,0,0.00000000,0.00000000,0.00,0,0,-39.46,0.086,-0.6370,0.2940,1.2250,1.4117,0.271179,-0.391968,0.011353,0.879028,7.995,147.5,-1
1785814740.080,7551,1693114,0,0.00000000,0.00000000,0.00,0,0,-39.51,0.023,-0.4410,0.1960,0.8330,0.9627,0.270935,-0.391785,0.011719,0.879150,7.994,146.2,-1
1785814740.080,7552,1693339,0,0.00000000,0.00000000,0.00,0,0,-39.48,0.024,-0.6370,0.5390,1.1270,1.4023,0.270935,-0.391785,0.011780,0.879211,7.996,150.0,-1
1785814741.354,7557,1694452,0,0.00000000,0.00000000,0.00,0,0,-39.55,-0.055,-0.5880,0.4410,1.3720,1.5565,0.271057,-0.391968,0.011841,0.879028,7.995,151.2,-1
1785814742.647,7558,1694677,0,0.00000000,0.00000000,0.00,0,0,-39.46,-0.008,-0.5390,0.3920,0.9800,1.1852,0.271057,-0.391968,0.011841,0.879028,7.995,143.8,-1
1785814742.647,7562,1695568,0,0.00000000,0.00000000,0.00,0,0,-39.53,-0.045,-0.4900,0.1960,1.1760,1.2890,0.271057,-0.392090,0.011841,0.879028,7.994,87.5,-1
1785814742.647,7563,1695790,0,0.00000000,0.00000000,0.00,0,0,-39.62,-0.084,-0.7350,0.2450,0.7350,1.0679,0.271057,-0.392029,0.011841,0.879028,7.996,145.0,-1
1785814743.932,7568,1696899,0,0.00000000,0.00000000,0.00,0,0,-39.44,0.098,-0.4900,0.1960,0.8330,0.9861,0.271118,-0.391968,0.011780,0.879028,7.994,150.0,-1
1785814743.939,7569,1697112,0,0.00000000,0.00000000,0.00,0,0,-39.52,0.019,-0.5390,0.1960,1.1760,1.3084,0.271118,-0.391968,0.011780,0.879028,7.994,145.0,-1
1785814745.230,7574,1698221,0,0.00000000,0.00000000,0.00,0,0,-39.50,0.063,-0.7840,0.3920,0.9800,1.3148,0.271118,-0.391968,0.011841,0.879028,7.994,148.8,-1
1785814745.230,7575,1698441,0,0.00000000,0.00000000,0.00,0,0,-39.49,0.065,-0.4410,0.6370,1.4210,1.6185,0.271118,-0.391968,0.011719,0.879028,7.994,150.0,-1
1785814746.518,7580,1699574,0,0.00000000,0.00000000,0.00,0,0,-39.57,-0.005,-0.3430,0.2450,0.9800,1.0668,0.271179,-0.391907,0.011597,0.879089,7.996,148.8,-1
1785814746.518,7581,1699796,0,0.00000000,0.00000000,0.00,0,0,-39.58,-0.017,-0.2940,0.2450,0.8820,0.9614,0.271179,-0.391907,0.011658,0.879089,7.997,142.5,-1
1785814747.802,7586,1700896,0,0.00000000,0.00000000,0.00,0,0,-39.66,-0.081,-0.3920,0.6370,1.0290,1.2721,0.271118,-0.392029,0.011719,0.879028,7.996,143.8,-1
1785814749.093,7587,1701110,0,0.00000000,0.00000000,0.00,0,0,-39.53,-0.019,-0.5880,0.3920,1.0290,1.2483,0.271179,-0.392090,0.011658,0.878967,7.995,146.2,-1
1785814749.101,7591,1702004,0,0.00000000,0.00000000,0.00,0,0,-39.47,0.022,-0.5390,0.2450,0.9310,1.1033,0.271118,-0.392029,0.011719,0.879028,8.004,85.0,-1
1785814749.101,7592,1702222,0,0.00000000,0.00000000,0.00,0,0,-39.54,-0.019,-0.7350,0.9800,0.5390,1.3383,0.271118,-0.391968,0.011780,0.879028,7.994,147.5,-1
1785814750.373,7597,1703351,0,0.00000000,0.00000000,0.00,0,0,-39.60,-0.054,-0.3920,0.3430,1.3230,1.4218,0.271179,-0.391968,0.011658,0.879028,7.994,148.8,-1
1785814750.373,7598,1703576,0,0.00000000,0.00000000,0.00,0,0,-39.33,0.107,-0.5880,0.5880,1.7640,1.9502,0.271179,-0.391907,0.011658,0.879089,7.996,150.0,-1
1785814751.669,7603,1704677,0,0.00000000,0.00000000,0.00,0,0,-39.53,-0.022,-0.6860,0.5880,1.4700,1.7255,0.271240,-0.391968,0.011658,0.879028,7.995,145.0,-1
1785814751.669,7604,1704895,0,0.00000000,0.00000000,0.00,0,0,-39.46,0.044,-0.5390,0.5390,1.2250,1.4428,0.271240,-0.392029,0.011597,0.878967,7.996,152.5,-1
1785814752.956,7609,1706010,0,0.00000000,0.00000000,0.00,0,0,-39.48,0.010,-0.6370,0.3920,1.1760,1.3937,0.271179,-0.392029,0.011780,0.879028,7.995,147.5,-1
1785814752.956,7610,1706230,0,0.00000000,0.00000000,0.00,0,0,-39.52,-0.023,-0.5880,0.3430,1.3720,1.5316,0.271240,-0.391968,0.011719,0.879028,7.995,147.5,-1
1785814754.238,7615,1707329,0,0.00000000,0.00000000,0.00,0,0,-39.62,-0.070,-0.5390,0.6860,1.2250,1.5039,0.271240,-0.391968,0.011719,0.879028,7.994,150.0,-1
1785814755.534,7616,1707553,0,0.00000000,0.00000000,0.00,0,0,-39.52,-0.007,-0.6860,0.3920,1.1270,1.3764,0.271179,-0.391968,0.011719,0.879028,7.995,146.2,-1
1785814755.534,7620,1708445,0,0.00000000,0.00000000,0.00,0,0,-39.50,0.019,-0.7350,0.1960,1.0780,1.3194,0.271240,-0.391907,0.011719,0.879028,8.005,83.8,-1
1785814755.535,7621,1708665,0,0.00000000,0.00000000,0.00,0,0,-39.47,0.033,-0.8820,0.1960,1.3230,1.6021,0.271240,-0.391846,0.011719,0.879028,7.995,147.5,-1
1785814756.812,7626,1709785,0,0.00000000,0.00000000,0.00,0,0,-39.47,0.066,-0.3920,0.4900,0.8820,1.0824,0.271179,-0.391907,0.011841,0.879028,7.994,153.8,-1
1785814756.812,7627,1710008,0,0.00000000,0.00000000,0.00,0,0,-39.47,0.049,-0.6370,0.5390,1.1760,1.4420,0.271179,-0.391968,0.011841,0.879028,7.996,142.5,-1
1785814758.107,7632,1711112,0,0.00000000,0.00000000,0.00,0,0,-39.56,-0.034,-0.4900,0.3430,0.8820,1.0657,0.271179,-0.391907,0.011780,0.879028,7.996,146.2,-1
1785814758.107,7633,1711338,0,0.00000000,0.00000000,0.00,0,0,-39.44,0.048,-0.7840,0.4900,1.1270,1.4577,0.271179,-0.391907,0.011780,0.879028,7.995,153.8,-1
1785814759.389,7638,1712451,0,0.00000000,0.00000000,0.00,0,0,-39.60,-0.023,-0.5390,0.3430,1.0290,1.2112,0.271240,-0.392029,0.011597,0.878967,7.994,151.2,-1
1785814759.389,7639,1712676,0,0.00000000,0.00000000,0.00,0,0,-39.51,0.048,-1.0780,0.5880,1.2250,1.7345,0.271301,-0.391968,0.011536,0.878967,7.995,147.5,-1
1785814760.688,7644,1713786,0,0.00000000,0.00000000,0.00,0,0,-39.53,0.019,-0.1960,0.0490,0.9310,0.9527,0.271240,-0.391785,0.011658,0.879089,7.995,146.2,-1
1785814761.965,7645,1714008,0,0.00000000,0.00000000,0.00,0,0,-39.55,0.021,-0.5390,-0.2450,1.5190,1.6303,0.271240,-0.391785,0.011658,0.879089,7.994,145.0,-1
1785814761.965,7649,1714889,0,0.00000000,0.00000000,0.00,0,0,-39.62,-0.042,-0.6370,0.3430,1.3230,1.5079,0.271179,-0.391785,0.011780,0.879089,7.991,141.2,-1
1785814761.969,7650,1715130,0,0.00000000,0.00000000,0.00,0,0,-39.57,-0.003,-0.7840,0.5390,1.2250,1.5511,0.271179,-0.391724,0.011841,0.879089,7.995,146.2,-1
1785814763.263,7655,1716232,0,0.00000000,0.00000000,0.00,0,0,-39.62,-0.018,-0.5390,0.4900,1.0780,1.3010,0.271179,-0.391724,0.011780,0.879150,7.995,143.8,-1
1785814763.263,7656,1716451,0,0.00000000,0.00000000,0.00,0,0,-39.55,0.025,-0.5880,0.5390,1.0780,1.3410,0.271240,-0.391663,0.011780,0.879150,7.996,140.0,-1
1785814764.541,7661,1717553,0,0.00000000,0.00000000,0.00,0,0,-39.67,-0.078,-0.5880,0.4410,0.7840,1.0747,0.271240,-0.391724,0.011780,0.879089,7.995,148.8,-1
1785814764.541,7662,1717775,0,0.00000000,0.00000000,0.00,0,0,-39.63,-0.049,-0.7840,0.6860,1.0780,1.4991,0.271240,-0.391724,0.011780,0.879089,7.996,146.2,-1
1785814765.830,7667,1718887,0,0.00000000,0.00000000,0.00,0,0,-39.92,-0.148,-0.2450,0.0000,0.8330,0.8683,0.271240,-0.391724,0.011658,0.879089,7.997,150.0,-1
1785814765.832,7668,1719130,0,0.00000000,0.00000000,0.00,0,0,-40.06,-0.200,-0.5880,0.0980,1.2740,1.4066,0.271240,-0.391724,0.011658,0.879089,7.997,145.0,-1
1785814767.118,7673,1720247,0,0.00000000,0.00000000,0.00,0,0,-39.90,-0.018,-0.5880,0.3920,0.6860,0.9849,0.271240,-0.391785,0.011780,0.879089,7.995,151.2,-1
1785814768.416,7674,1720472,0,0.00000000,0.00000000,0.00,0,0,-39.82,0.047,-0.4410,0.2450,1.0290,1.1460,0.271240,-0.391785,0.011780,0.879089,7.995,145.0,-1
1785814768.416,7678,1721363,0,0.00000000,0.00000000,0.00,0,0,-40.05,-0.060,-0.6860,0.4410,0.8820,1.2012,0.271118,-0.391907,0.011841,0.879089,7.996,142.5,-1
1785814768.418,7679,1721583,0,0.00000000,0.00000000,0.00,0,0,-39.97,0.019,-0.5880,0.4900,0.7840,1.0957,0.271240,-0.391907,0.011780,0.879028,7.999,141.2,-1
1785814769.700,7684,1722694,0,0.00000000,0.00000000,0.00,0,0,-39.90,0.043,-0.6370,0.4410,1.0780,1.3275,0.271362,-0.391907,0.011658,0.878967,7.995,148.8,-1
1785814769.700,7685,1722916,0,0.00000000,0.00000000,0.00,0,0,-39.96,-0.015,-0.4410,0.4900,0.9800,1.1811,0.271362,-0.391907,0.011597,0.878967,7.995,146.2,-1
1785814770.984,7690,1724029,0,0.00000000,0.00000000,0.00,0,0,-39.85,0.053,-0.4410,0.2450,0.8820,1.0161,0.271484,-0.391846,0.011597,0.878967,7.997,147.5,-1
1785814770.984,7691,1724248,0,0.00000000,0.00000000,0.00,0,0,-39.99,-0.024,-0.3430,0.2450,0.9800,1.0668,0.271423,-0.391907,0.011658,0.878967,7.995,142.5,-1
1785814772.278,7696,1725328,0,0.00000000,0.00000000,0.00,0,0,-39.87,0.035,-0.5880,0.4900,0.8820,1.1678,0.271484,-0.391907,0.011597,0.878967,7.994,145.0,-1
1785814772.278,7697,1725552,0,0.00000000,0.00000000,0.00,0,0,-39.92,-0.007,-0.4410,0.4900,1.1270,1.3056,0.271423,-0.391968,0.011658,0.878967,7.997,146.2,-1
1785814773.566,7702,1726661,0,0.00000000,0.00000000,0.00,0,0,-39.91,0.031,-0.5390,0.2450,1.0290,1.1872,0.271362,-0.392090,0.011719,0.878906,7.995,153.8,-1
1785814774.848,7703,1726884,0,0.00000000,0.00000000,0.00,0,0,-39.83,0.084,-0.4900,0.5390,1.0290,1.2607,0.271362,-0.392151,0.011780,0.878906,7.996,150.0,-1
1785814774.848,7707,1727804,0,0.00000000,0.00000000,0.00,0,0,-39.87,-0.005,-0.4900,0.3430,0.8820,1.0657,0.271362,-0.392090,0.011780,0.878906,7.992,148.8,-1
1785814774.850,7708,1728025,0,0.00000000,0.00000000,0.00,0,0,-39.70,0.098,-0.3920,0.1960,1.2250,1.3010,0.271362,-0.392029,0.011780,0.878906,7.995,152.5,-1
1785814776.144,7713,1729133,0,0.00000000,0.00000000,0.00,0,0,-39.78,0.093,-0.3920,0.3920,1.1270,1.2560,0.271423,-0.391968,0.011719,0.878967,7.995,150.0,-1
1785814776.144,7714,1729360,0,0.00000000,0.00000000,0.00,0,0,-39.90,-0.008,-0.4410,0.1960,0.9800,1.0924,0.271362,-0.392029,0.011780,0.878967,7.995,141.2,-1
1785814777.430,7719,1730468,0,0.00000000,0.00000000,0.00,0,0,-39.77,0.019,-0.4410,0.2450,0.6860,0.8515,0.271423,-0.391968,0.011719,0.878967,7.996,151.2,-1
1785814777.430,7720,1730693,0,0.00000000,0.00000000,0.00,0,0,-39.71,0.048,-0.6860,0.4410,1.1270,1.3911,0.271423,-0.391968,0.011719,0.878967,7.996,148.8,-1
1785814778.717,7725,1731805,0,0.00000000,0.00000000,0.00,0,0,-39.65,0.032,-0.8330,0.1960,0.7350,1.1281,0.271362,-0.392090,0.011780,0.878906,7.995,147.5,-1
1785814780.002,7726,1732033,0,0.00000000,0.00000000,0.00,0,0,-39.68,0.004,-0.8820,0.5880,1.2740,1.6573,0.271362,-0.392090,0.011719,0.878906,7.992,151.2,-1
1785814780.018,7730,1732913,0,0.00000000,0.00000000,0.00,0,0,-39.73,-0.047,-0.5390,0.4410,1.0780,1.2834,0.271362,-0.391968,0.011719,0.878967,7.996,142.5,-1
1785814780.030,7731,1733131,0,0.00000000,0.00000000,0.00,0,0,-39.66,-0.011,-0.6370,0.4900,1.1270,1.3842,0.271423,-0.391968,0.011719,0.878967,7.996,146.2,-1
1785814781.286,7736,1734241,0,0.00000000,0.00000000,0.00,0,0,-39.66,-0.008,-0.3920,0.4900,1.1270,1.2899,0.271362,-0.391968,0.011841,0.878967,7.992,148.8,-1
1785814781.286,7737,1734468,0,0.00000000,0.00000000,0.00,0,0,-39.69,-0.019,-0.9800,1.1270,0.7350,1.6646,0.271362,-0.392029,0.011780,0.878967,7.995,147.5,-1
1785814782.578,7742,1735583,0,0.00000000,0.00000000,0.00,0,0,-39.63,0.042,-0.5390,0.4410,1.1760,1.3667,0.271362,-0.392029,0.011780,0.878906,7.994,146.2,-1
1785814782.578,7743,1735804,0,0.00000000,0.00000000,0.00,0,0,-39.54,0.107,-0.4410,0.2450,1.4210,1.5079,0.271362,-0.391968,0.011780,0.878967,7.994,150.0,-1
1785814783.858,7748,1736903,0,0.00000000,0.00000000,0.00,0,0,-39.54,0.063,-0.5880,0.4900,0.8820,1.1678,0.271362,-0.392090,0.011841,0.878906,7.992,150.0,-1
1785814783.858,7749,1737119,0,0.00000000,0.00000000,0.00,0,0,-39.50,0.038,-0.6370,0.2450,1.3230,1.4887,0.271362,-0.392090,0.011780,0.878906,7.995,146.2,-1
1785814785.147,7754,1738226,0,0.00000000,0.00000000,0.00,0,0,-39.52,0.010,-0.5880,0.8330,0.9310,1.3807,0.271484,-0.392029,0.011536,0.878906,7.994,148.8,-1
1785814786.443,7755,1738449,0,0.00000000,0.00000000,0.00,0,0,-39.60,-0.043,-0.5390,0.4900,1.5190,1.6846,0.271423,-0.391968,0.011658,0.878967,7.996,148.8,-1
1785814786.443,7760,1739558,0,0.00000000,0.00000000,0.00,0,0,-39.48,0.079,-0.4900,0.5390,1.0780,1.3010,0.271362,-0.391968,0.011780,0.878967,7.996,146.2,-1
1785814787.734,7761,1739781,0,0.00000000,0.00000000,0.00,0,0,-39.53,0.060,-0.2450,0.1960,0.9800,1.0290,0.271362,-0.392029,0.011841,0.878967,7.997,145.0,-1
1785814787.739,7765,1740674,0,0.00000000,0.00000000,0.00,0,0,-39.55,0.028,-0.5880,0.4900,1.3720,1.5711,0.271362,-0.392029,0.011780,0.878906,7.996,142.5,-1
1785814787.739,7766,1740898,0,0.00000000,0.00000000,0.00,0,0,-39.42,0.089,0.4900,-0.6370,1.9110,2.0731,0.271362,-0.392029,0.011841,0.878967,7.997,146.2,-1
1785814789.015,7771,1742016,0,0.00000000,0.00000000,0.00,0,0,-39.61,-0.066,-0.3430,0.1470,0.7350,0.8243,0.271362,-0.391968,0.011780,0.878967,7.995,142.5,-1
1785814789.015,7772,1742234,0,0.00000000,0.00000000,0.00,0,0,-39.66,-0.081,-0.5390,0.1960,0.9800,1.1355,0.271362,-0.391968,0.011902,0.878967,7.995,146.2,-1
1785814790.299,7777,1743340,0,0.00000000,0.00000000,0.00,0,0,-39.47,0.027,-0.5880,0.3920,1.1760,1.3720,0.271301,-0.391968,0.011902,0.878967,7.996,145.0,-1
1785814790.299,7778,1743563,0,0.00000000,0.00000000,0.00,0,0,-39.48,0.021,-0.5390,0.5880,1.0780,1.3410,0.271362,-0.392029,0.011841,0.878967,7.994,146.2,-1
1785814791.598,7783,1744672,0,0.00000000,0.00000000,0.00,0,0,-39.62,-0.053,-0.2450,0.2450,0.9310,0.9934,0.271362,-0.392029,0.011902,0.878967,7.996,143.8,-1
1785814792.874,7784,1744889,0,0.00000000,0.00000000,0.00,0,0,-39.44,0.060,-0.3430,0.2450,1.0290,1.1120,0.271362,-0.392029,0.011841,0.878967,7.996,147.5,-1
1785814792.874,7789,1745998,0,0.00000000,0.00000000,0.00,0,0,-39.53,-0.051,-0.5880,0.4410,0.9800,1.2250,0.271362,-0.392090,0.011841,0.878906,7.997,146.2,-1
1785814794.163,7790,1746212,0,0.00000000,0.00000000,0.00,0,0,-39.55,-0.065,-0.6370,0.3920,1.0290,1.2721,0.271301,-0.392090,0.011902,0.878906,7.995,150.0,-1
1785814794.163,7794,1747131,0,0.00000000,0.00000000,0.00,0,0,-39.53,-0.044,-0.7350,0.4900,1.2740,1.5503,0.271362,-0.392029,0.011841,0.878967,7.996,148.8,-1
1785814794.163,7795,1747356,0,0.00000000,0.00000000,0.00,0,0,-39.52,-0.044,-0.1960,0.1960,0.7350,0.7855,0.271423,-0.391968,0.011963,0.878967,7.997,147.5,-1
1785814795.463,7800,1748463,0,0.00000000,0.00000000,0.00,0,0,-39.55,-0.041,-0.1960,0.1960,0.9310,0.9714,0.271423,-0.391785,0.011902,0.879028,7.995,145.0,-1
1785814795.463,7801,1748687,0,0.00000000,0.00000000,0.00,0,0,-39.34,0.092,-0.2450,0.0000,0.7840,0.8214,0.271484,-0.391785,0.011902,0.879028,7.994,146.2,-1
1785814796.747,7806,1749792,0,0.00000000,0.00000000,0.00,0,0,-39.48,0.020,-0.5390,0.2940,0.7350,0.9577,0.271484,-0.391785,0.011902,0.879028,7.996,147.5,-1
1785814796.747,7807,1750012,0,0.00000000,0.00000000,0.00,0,0,-39.58,-0.051,-0.1470,0.3920,1.2740,1.3410,0.271484,-0.391785,0.011841,0.879028,7.996,151.2,-1
1785814798.025,7812,1751108,0,0.00000000,0.00000000,0.00,0,0,-39.63,-0.040,-1.1760,0.1470,1.2250,1.7045,0.271423,-0.391846,0.011719,0.879028,7.995,146.2,-1
1785814799.314,7813,1751327,0,0.00000000,0.00000000,0.00,0,0,-39.59,-0.005,-0.5880,0.3920,0.9800,1.2082,0.271423,-0.391907,0.011597,0.878967,7.996,146.2,-1
1785814799.316,7818,1752423,0,0.00000000,0.00000000,0.00,0,0,-39.52,0.016,-0.8820,1.3720,1.4210,2.1632,0.271362,-0.391968,0.011780,0.878967,7.995,150.0,-1
1785814800.606,7819,1752649,0,0.00000000,0.00000000,0.00,0,0,-39.64,-0.074,-0.6860,0.4410,1.1760,1.4311,0.271362,-0.391968,0.011780,0.878967,7.995,147.5,-1
1785814800.606,7823,1753560,0,0.00000000,0.00000000,0.00,0,0,-39.76,-0.103,-0.6860,0.6370,0.9310,1.3203,0.271301,-0.392029,0.011780,0.878967,7.994,148.8,-1
1785814800.606,7824,1753779,0,0.00000000,0.00000000,0.00,0,0,-39.69,-0.065,-0.5880,0.3920,1.3230,1.4999,0.271301,-0.391968,0.011658,0.878967,7.995,147.5,-1
1785814801.896,7829,1754884,0,0.00000000,0.00000000,0.00,0,0,-39.64,-0.019,-0.5390,0.4900,1.4210,1.5968,0.271301,-0.391907,0.011719,0.879028,7.995,146.2,-1
1785814801.901,7830,1755128,0,0.00000000,0.00000000,0.00,0,0,-39.65,-0.030,-0.8330,0.4900,1.4210,1.7185,0.271240,-0.391846,0.011719,0.879028,7.995,151.2,-1
1785814803.191,7835,1756243,0,0.00000000,0.00000000,0.00,0,0,-39.70,-0.016,-0.5390,0.2450,0.7840,0.9824,0.271301,-0.391846,0.011719,0.879028,7.991,155.0,-1
1785814803.191,7836,1756468,0,0.00000000,0.00000000,0.00,0,0,-39.68,-0.008,-0.3920,0.1960,0.8820,0.9849,0.271301,-0.391846,0.011658,0.879028,7.996,151.2,-1
1785814804.470,7841,1757580,0,0.00000000,0.00000000,0.00,0,0,-39.64,0.012,-0.8330,0.4410,0.8330,1.2579,0.271301,-0.391785,0.011719,0.879089,7.995,151.2,-1
1785814805.754,7842,1757797,0,0.00000000,0.00000000,0.00,0,0,-39.60,0.005,-0.2450,0.1470,1.3230,1.3535,0.271301,-0.391785,0.011719,0.879089,7.995,151.2,-1
1785814805.754,7846,1758692,0,0.00000000,0.00000000,0.00,0,0,-39.69,-0.014,-0.8820,0.1960,1.1270,1.4445,0.271240,-0.391785,0.011780,0.879089,7.995,151.2,-1
1785814805.754,7847,1758908,0,0.00000000,0.00000000,0.00,0,0,-39.70,-0.023,-0.4900,0.6370,1.2740,1.5063,0.271301,-0.391785,0.011719,0.879089,7.995,150.0,-1
1785814807.052,7852,1760015,0,0.00000000,0.00000000,0.00,0,0,-39.61,0.041,-0.2450,0.2940,1.4210,1.4716,0.271240,-0.391785,0.011719,0.879089,7.996,147.5,-1
1785814807.052,7853,1760233,0,0.00000000,0.00000000,0.00,0,0,-39.69,0.021,-0.6860,0.5880,1.3230,1.6021,0.271240,-0.391785,0.011719,0.879089,7.995,152.5,-1
1785814808.335,7858,1761348,0,0.00000000,0.00000000,0.00,0,0,-39.73,-0.007,-0.7350,0.7350,1.3230,1.6825,0.271301,-0.391785,0.011658,0.879089,7.996,142.5,-1
1785814808.335,7859,1761570,0,0.00000000,0.00000000,0.00,0,0,-39.68,0.020,-0.6370,0.2940,0.7840,1.0521,0.271301,-0.391846,0.011719,0.879089,7.997,150.0,-1
1785814809.632,7864,1762678,0,0.00000000,0.00000000,0.00,0,0,-39.67,0.037,-0.5880,0.4410,0.7840,1.0747,0.271301,-0.391724,0.011658,0.879089,7.994,147.5,-1
1785814809.632,7865,1762902,0,0.00000000,0.00000000,0.00,0,0,-39.42,0.187,-0.1470,0.1470,1.3230,1.3392,0.271301,-0.391785,0.011719,0.879089,7.995,145.0,-1
1785814810.913,7870,1764020,0,0.00000000,0.00000000,0.00,0,0,-39.70,0.009,-0.3920,0.1470,1.0780,1.1564,0.271301,-0.391785,0.011658,0.879089,7.996,151.2,-1
1785814812.192,7871,1764232,0,0.00000000,0.00000000,0.00,0,0,-39.76,-0.006,-0.0980,-0.0490,0.6370,0.6464,0.271301,-0.391785,0.011658,0.879089,7.996,145.0,-1
1785814812.192,7876,1765327,0,0.00000000,0.00000000,0.00,0,0,-39.70,-0.006,-0.6860,0.5390,1.1270,1.4252,0.271362,-0.391785,0.011536,0.879028,7.995,146.2,-1
1785814813.492,7881,1766442,0,0.00000000,0.00000000,0.00,0,0,-39.77,-0.040,-0.6370,0.2450,1.1760,1.3597,0.271240,-0.391785,0.011780,0.879089,7.996,141.2,-1
1785814813.492,7882,1766668,0,0.00000000,0.00000000,0.00,0,0,-39.61,0.072,-0.5390,0.8330,1.1760,1.5386,0.271240,-0.391846,0.011780,0.879089,7.997,143.8,-1
1785814814.770,7887,1767781,0,0.00000000,0.00000000,0.00,0,0,-39.56,0.089,-0.6860,0.5390,0.8330,1.2062,0.271301,-0.391846,0.011719,0.879089,7.996,142.5,-1
1785814814.770,7888,1768002,0,0.00000000,0.00000000,0.00,0,0,-39.71,-0.012,-0.6370,0.3430,1.3230,1.5079,0.271301,-0.391846,0.011658,0.879028,7.996,141.2,-1
1785814816.065,7893,1769104,0,0.00000000,0.00000000,0.00,0,0,-39.70,0.009,-0.4410,0.1470,1.8130,1.8716,0.271240,-0.391846,0.011719,0.879028,7.995,143.8,-1
1785814816.065,7894,1769322,0,0.00000000,0.00000000,0.00,0,0,-39.57,0.092,-0.2450,0.2940,1.1760,1.2367,0.271240,-0.391846,0.011780,0.879028,7.997,145.0,-1
1785814817.358,7899,1770423,0,0.00000000,0.00000000,0.00,0,0,-39.78,-0.045,-0.4900,0.4410,0.8820,1.1011,0.271301,-0.391663,0.011719,0.879150,7.992,148.8,-1
1785814818.633,7900,1770646,0,0.00000000,0.00000000,0.00,0,0,-39.75,-0.008,-0.1960,0.0980,1.1270,1.1481,0.271301,-0.391724,0.011719,0.879089,7.997,147.5,-1
1785814818.636,7904,1771568,0,0.00000000,0.00000000,0.00,0,0,-39.67,0.011,0.2940,0.0000,1.8620,1.8851,0.271240,-0.391785,0.011780,0.879089,7.995,147.5,-1
1785814818.636,7905,1771790,0,0.00000000,0.00000000,0.00,0,0,-39.76,-0.049,-0.5880,0.1960,0.8820,1.0780,0.271240,-0.391846,0.011780,0.879089,7.995,141.2,-1
1785814819.922,7910,1772901,0,0.00000000,0.00000000,0.00,0,0,-39.73,-0.003,-0.4410,0.3920,0.9800,1.1439,0.271240,-0.391907,0.011719,0.879028,7.996,147.5,-1
1785814819.922,7911,1773112,0,0.00000000,0.00000000,0.00,0,0,-39.69,0.041,-0.3430,0.1960,0.8330,0.9219,0.271240,-0.391846,0.011719,0.879028,7.994,148.8,-1
1785814821.216,7916,1774208,0,0.00000000,0.00000000,0.00,0,0,-39.78,-0.028,-0.2940,0.4900,1.1270,1.2636,0.271301,-0.391846,0.011658,0.879028,7.992,148.8,-1
1785814821.216,7917,1774434,0,0.00000000,0.00000000,0.00,0,0,-39.85,-0.084,-0.6370,0.2450,1.0290,1.2348,0.271301,-0.391846,0.011658,0.879028,7.994,147.5,-1
1785814822.498,7922,1775578,0,0.00000000,0.00000000,0.00,0,0,-39.73,-0.015,-0.7350,0.6860,1.2740,1.6229,0.271240,-0.391846,0.011780,0.879028,7.995,152.5,-1
1785814823.795,7923,1775800,0,0.00000000,0.00000000,0.00,0,0,-39.68,0.022,-0.5390,0.3920,0.5880,0.8888,0.271240,-0.391846,0.011780,0.879028,7.995,146.2,-1
1785814823.795,7928,1776902,0,0.00000000,0.00000000,0.00,0,0,-39.54,0.082,-0.8820,0.5880,1.1270,1.5472,0.271240,-0.391785,0.011780,0.879089,7.995,148.8,-1
1785814825.075,7929,1777116,0,0.00000000,0.00000000,0.00,0,0,-39.55,0.054,-0.7840,0.9800,0.1960,1.2702,0.271240,-0.391785,0.011841,0.879089,7.995,151.2,-1
1785814825.080,7933,1778014,0,0.00000000,0.00000000,0.00,0,0,-39.73,-0.024,-0.4410,0.2940,0.9310,1.0713,0.271240,-0.391724,0.011780,0.879089,7.995,150.0,-1
1785814825.080,7934,1778227,0,0.00000000,0.00000000,0.00,0,0,-39.66,-0.009,-0.6370,0.5880,1.0290,1.3455,0.271240,-0.391724,0.011780,0.879089,7.996,143.8,-1
1785814826.378,7939,1779333,0,0.00000000,0.00000000,0.00,0,0,-39.65,-0.031,-0.2450,0.2450,1.0780,1.1323,0.271240,-0.391907,0.011780,0.879028,7.995,153.8,-1
1785814826.378,7940,1779553,0,0.00000000,0.00000000,0.00,0,0,-39.63,-0.029,-0.4900,0.6370,0.8820,1.1932,0.271240,-0.391846,0.011780,0.879028,7.994,147.5,-1
1785814827.652,7945,1780657,0,0.00000000,0.00000000,0.00,0,0,-39.44,0.077,-0.7840,0.3430,0.7350,1.1281,0.271240,-0.391724,0.011780,0.879089,7.999,148.8,-1
1785814827.652,7946,1780877,0,0.00000000,0.00000000,0.00,0,0,-39.56,-0.004,-0.4410,0.4900,1.0780,1.2636,0.271301,-0.391785,0.011719,0.879089,7.999,153.8,-1
1785814828.951,7951,1782009,0,0.00000000,0.00000000,0.00,0,0,-39.57,-0.036,-0.5390,0.1960,1.1760,1.3084,0.271240,-0.391785,0.011719,0.879089,7.996,148.8,-1
1785814830.237,7952,1782222,0,0.00000000,0.00000000,0.00,0,0,-39.47,0.014,-0.5880,0.3430,0.8820,1.1141,0.271240,-0.391785,0.011719,0.879089,7.997,146.2,-1
1785814830.237,7957,1783334,0,0.00000000,0.00000000,0.00,0,0,-39.58,-0.056,-0.7350,0.3920,1.1760,1.4411,0.271301,-0.391846,0.011597,0.879028,7.999,141.2,-1
1785814831.513,7958,1783552,0,0.00000000,0.00000000,0.00,0,0,-39.53,-0.031,-0.2940,0.1470,0.8330,0.8955,0.271362,-0.391846,0.011536,0.879028,7.997,148.8,-1
1785814831.513,7962,1784447,0,0.00000000,0.00000000,0.00,0,0,-39.57,-0.064,-0.4410,0.2940,1.0780,1.2012,0.271301,-0.391785,0.011597,0.879028,7.995,148.8,-1
1785814831.513,7963,1784668,0,0.00000000,0.00000000,0.00,0,0,-39.47,0.007,-0.2940,-0.2450,1.3720,1.4244,0.271301,-0.391785,0.011719,0.879089,7.996,146.2,-1
1785814832.808,7968,1785780,0,0.00000000,0.00000000,0.00,0,0,-39.48,0.003,-0.5390,0.3430,1.1270,1.2955,0.271240,-0.391846,0.011780,0.879028,7.996,143.8,-1
1785814832.809,7969,1786002,0,0.00000000,0.00000000,0.00,0,0,-39.51,-0.029,-0.5880,0.3430,1.0780,1.2749,0.271240,-0.391846,0.011780,0.879089,7.996,142.5,-1
1785814834.104,7974,1787126,0,0.00000000,0.00000000,0.00,0,0,-39.59,-0.032,-0.4410,0.3430,1.1270,1.2579,0.271240,-0.391846,0.011780,0.879089,7.997,142.5,-1
1785814834.104,7975,1787352,0,0.00000000,0.00000000,0.00,0,0,-39.52,0.013,-0.4900,0.2450,1.1760,1.2973,0.271240,-0.391785,0.011780,0.879089,7.997,150.0,-1
1785814835.385,7980,1788454,0,0.00000000,0.00000000,0.00,0,0,-39.53,0.036,-0.3430,0.4410,1.3230,1.4361,0.271240,-0.391785,0.011780,0.879089,7.996,150.0,-1
1785814836.679,7981,1788676,0,0.00000000,0.00000000,0.00,0,0,-39.45,0.075,-0.5390,0.1960,0.9310,1.0935,0.271240,-0.391785,0.011780,0.879089,7.997,150.0,-1
1785814836.679,7986,1789785,0,0.00000000,0.00000000,0.00,0,0,-39.61,-0.030,-0.3920,0.5390,1.3230,1.4814,0.271301,-0.391785,0.011658,0.879089,7.997,151.2,-1
1785814837.960,7987,1790009,0,0.00000000,0.00000000,0.00,0,0,-39.55,0.024,-0.5390,0.1470,1.2250,1.3464,0.271301,-0.391846,0.011597,0.879028,7.996,146.2,-1
1785814837.960,7991,1790898,0,0.00000000,0.00000000,0.00,0,0,-39.52,0.024,-0.6370,0.4900,0.9310,1.2299,0.271301,-0.391846,0.011597,0.879028,7.996,147.5,-1
1785814837.962,7992,1791112,0,0.00000000,0.00000000,0.00,0,0,-39.41,0.074,-0.7350,-0.1470,2.0580,2.1903,0.271301,-0.391846,0.011658,0.879028,7.995,147.5,-1
1785814839.244,7997,1792222,0,0.00000000,0.00000000,0.00,0,0,-39.54,0.010,-0.4410,0.5880,0.7840,1.0747,0.271301,-0.391846,0.011719,0.879028,7.997,150.0,-1
1785814839.244,7998,1792441,0,0.00000000,0.00000000,0.00,0,0,-39.57,-0.002,-0.6370,0.4900,1.1270,1.3842,0.271240,-0.391785,0.011719,0.879089,7.995,148.8,-1
1785814840.540,8003,1793575,0,0.00000000,0.00000000,0.00,0,0,-39.58,-0.003,-0.2450,0.2940,0.7840,0.8724,0.271240,-0.391785,0.011780,0.879089,7.994,150.0,-1
1785814840.540,8004,1793799,0,0.00000000,0.00000000,0.00,0,0,-39.38,0.127,-0.6860,0.5880,0.9800,1.3329,0.271240,-0.391785,0.011780,0.879089,7.996,145.0,-1
1785814841.823,8009,1794918,0,0.00000000,0.00000000,0.00,0,0,-39.84,-0.126,-0.4410,0.1960,0.7840,0.9206,0.271301,-0.391846,0.011597,0.879028,7.985,300.0,-1
1785814843.108,8010,1795128,0,0.00000000,0.00000000,0.00,0,0,-39.83,-0.105,-0.3430,0.2450,0.9310,1.0220,0.271362,-0.391846,0.011353,0.879028,8.000,148.8,-1
1785814843.108,8014,1796027,0,0.00000000,0.00000000,0.00,0,0,-39.77,-0.047,-0.5880,0.4900,0.9800,1.2435,0.270874,-0.391907,0.012207,0.879150,7.999,208.8,-1
1785814843.108,8015,1796238,0,0.00000000,0.00000000,0.00,0,0,-39.71,-0.011,-0.6860,0.3430,0.8820,1.1688,0.270935,-0.392029,0.012207,0.879089,8.002,180.0,-1
1785814844.393,8020,1797334,0,0.00000000,0.00000000,0.00,0,0,-39.84,-0.002,-0.8330,0.4410,1.0290,1.3954,0.272949,-0.396423,0.014954,0.876404,7.999,143.8,-1
1785814844.393,8021,1797535,0,0.00000000,0.00000000,0.00,0,0,-39.75,0.061,-0.4410,0.2450,0.6860,0.8515,0.272888,-0.396362,0.014954,0.876465,7.997,147.5,-1
1785814845.686,8026,1798650,0,0.00000000,0.00000000,0.00,0,0,-39.65,0.067,-0.4900,0.2450,1.0290,1.1657,0.272827,-0.396118,0.015076,0.876587,7.997,145.0,-1
1785814845.686,8027,1798877,0,0.00000000,0.00000000,0.00,0,0,-39.59,0.112,-0.6370,0.1960,1.0290,1.2260,0.272827,-0.396057,0.015076,0.876587,7.997,151.2,-1
1785814846.984,8032,1800011,0,0.00000000,0.00000000,0.00,0,0,-39.67,0.050,-0.5390,0.3920,1.2740,1.4378,0.272766,-0.396057,0.015259,0.876648,7.997,146.2,-1
1785814846.984,8033,1800228,0,0.00000000,0.00000000,0.00,0,0,-39.59,0.108,-0.4900,0.1960,1.1760,1.2890,0.272705,-0.396118,0.015320,0.876648,7.997,147.5,-1
1785814848.263,8038,1801339,0,0.00000000,0.00000000,0.00,0,0,-39.51,0.054,-0.6370,0.3430,0.7840,1.0668,0.272705,-0.396118,0.015320,0.876648,7.995,152.5,-1
1785814849.545,8039,1801561,0,0.00000000,0.00000000,0.00,0,0,-39.49,0.061,-0.5390,0.3920,0.9800,1.1852,0.272705,-0.396118,0.015320,0.876648,7.996,148.8,-1
1785814849.545,8044,1802662,0,0.00000000,0.00000000,0.00,0,0,-39.59,0.051,-0.6370,0.4900,1.1760,1.4244,0.272705,-0.396118,0.015259,0.876648,7.994,148.8,-1
1785814850.842,8045,1802888,0,0.00000000,0.00000000,0.00,0,0,-39.72,-0.021,-0.8330,0.2450,0.9800,1.3093,0.272705,-0.396118,0.015259,0.876648,7.996,143.8,-1
1785814850.842,8049,1803768,0,0.00000000,0.00000000,0.00,0,0,-39.81,-0.079,-0.5880,0.4410,1.1760,1.3868,0.272766,-0.395935,0.015320,0.876709,7.995,146.2,-1
1785814850.842,8050,1803985,0,0.00000000,0.00000000,0.00,0,0,-39.63,0.026,-0.5880,0.3430,0.9310,1.1533,0.272766,-0.395874,0.015320,0.876709,7.994,148.8,-1
1785814852.129,8055,1805120,0,0.00000000,0.00000000,0.00,0,0,-39.71,-0.014,-0.7350,0.3920,0.9310,1.2493,0.272522,-0.395996,0.015808,0.876709,7.996,146.2,-1
1785814852.129,8056,1805340,0,0.00000000,0.00000000,0.00,0,0,-39.68,0.024,-0.4410,0.4410,1.4700,1.5968,0.272583,-0.395996,0.015686,0.876709,7.996,146.2,-1
1785814853.415,8061,1806431,0,0.00000000,0.00000000,0.00,0,0,-39.79,-0.067,-0.3920,0.2940,0.8820,1.0090,0.272705,-0.395996,0.015381,0.876709,7.995,153.8,-1
1785814853.415,8062,1806654,0,0.00000000,0.00000000,0.00,0,0,-39.68,0.016,-0.4900,0.3920,0.9800,1.1637,0.272705,-0.395935,0.015442,0.876709,7.996,150.0,-1
1785814854.709,8067,1807757,0,0.00000000,0.00000000,0.00,0,0,-39.70,-0.040,-0.8820,0.3430,1.3230,1.6266,0.272644,-0.395935,0.015503,0.876709,7.996,151.2,-1
1785814854.709,8068,1807981,0,0.00000000,0.00000000,0.00,0,0,-39.76,-0.095,-0.3920,0.2940,0.7840,0.9245,0.272705,-0.395996,0.015442,0.876709,7.992,151.2,-1
1785814855.988,8073,1809111,0,0.00000000,0.00000000,0.00,0,0,-39.60,0.037,-0.4900,0.5880,1.1760,1.4031,0.272705,-0.396118,0.015320,0.876648,7.996,148.8,-1
1785814857.286,8074,1809338,0,0.00000000,0.00000000,0.00,0,0,-39.46,0.139,-0.4900,0.5390,0.8820,1.1439,0.272705,-0.396179,0.015320,0.876587,7.995,148.8,-1
1785814857.286,8078,1810225,0,0.00000000,0.00000000,0.00,0,0,-39.60,0.012,-0.6370,0.5390,1.2250,1.4822,0.272644,-0.396179,0.015442,0.876587,7.995,152.5,-1
1785814857.286,8079,1810451,0,0.00000000,0.00000000,0.00,0,0,-39.63,-0.017,-0.3920,0.4410,1.4210,1.5386,0.272644,-0.396179,0.015503,0.876648,7.995,148.8,-1
1785814858.567,8084,1811571,0,0.00000000,0.00000000,0.00,0,0,-39.79,-0.128,-0.5880,0.3430,0.9800,1.1932,0.272705,-0.396179,0.015320,0.876587,7.994,156.2,-1
1785814858.567,8085,1811795,0,0.00000000,0.00000000,0.00,0,0,-39.51,0.068,-0.7840,0.3920,1.0780,1.3894,0.272705,-0.396240,0.015442,0.876587,7.994,148.8,-1
1785814859.860,8090,1812893,0,0.00000000,0.00000000,0.00,0,0,-39.21,0.189,-0.6860,0.5390,0.9800,1.3121,0.272888,-0.396118,0.015625,0.876587,7.995,151.2,-1
1785814859.860,8091,1813111,0,0.00000000,0.00000000,0.00,0,0,-39.30,0.129,-0.1960,0.4410,0.9310,1.0486,0.273193,-0.396057,0.014893,0.876526,7.996,152.5,-1
1785814862.298,8124,1820392,0,0.00000000,0.00000000,0.00,0,0,-40.13,-0.038,-0.4900,0.4900,1.2740,1.4503,0.272888,-0.395874,0.015564,0.876709,7.997,147.5,-1
1785814862.298,8125,1820611,0,0.00000000,0.00000000,0.00,0,0,-39.97,0.060,-0.2450,0.3430,1.1760,1.2493,0.272888,-0.395813,0.015503,0.876709,7.995,150.0,-1
1785814863.673,8126,1820832,0,0.00000000,0.00000000,0.00,0,0,-39.83,0.135,-0.5390,0.4410,1.0780,1.2834,0.272888,-0.395813,0.015625,0.876709,7.995,151.2,-1
1785814863.673,8127,1821052,0,0.00000000,0.00000000,0.00,0,0,-39.94,0.066,-0.6860,0.7350,0.9310,1.3702,0.272949,-0.395813,0.015503,0.876709,7.995,151.2,-1
1785814864.951,8128,1821266,0,0.00000000,0.00000000,0.00,0,0,-39.92,0.070,-0.5390,0.4900,1.2250,1.4252,0.272888,-0.395813,0.015442,0.876709,7.996,146.2,-1
1785814864.951,8129,1821487,0,0.00000000,0.00000000,0.00,0,0,-39.92,0.065,-0.6860,0.3430,1.4700,1.6581,0.272888,-0.395874,0.015442,0.876709,7.995,150.0,-1
1785814864.951,8130,1821712,0,0.00000000,0.00000000,0.00,0,0,-39.91,0.053,-0.7840,0.4410,1.4700,1.7234,0.272888,-0.395874,0.015381,0.876709,7.996,151.2,-1
1785814866.250,8131,1821933,0,0.00000000,0.00000000,0.00,0,0,-39.98,0.021,-0.0490,0.7350,0.4900,0.8847,0.272888,-0.395935,0.015442,0.876648,7.996,150.0,-1
1785814866.250,8132,1822147,0,0.00000000,0.00000000,0.00,0,0,-39.92,0.053,-0.1470,0.3920,0.3920,0.5735,0.272888,-0.395935,0.015381,0.876648,7.997,152.5,-1
1785814866.250,8133,1822369,0,0.00000000,0.00000000,0.00,0,0,-40.01,-0.015,-0.4900,0.1470,1.3720,1.4643,0.272888,-0.396057,0.015381,0.876587,7.996,150.0,-1
1785814867.527,8134,1822585,0,0.00000000,0.00000000,0.00,0,0,-39.85,0.082,-0.7840,0.6860,1.3720,1.7227,0.272888,-0.396057,0.015381,0.876587,7.995,148.8,-1
1785814867.530,8135,1822808,0,0.00000000,0.00000000,0.00,0,0,-39.80,0.096,-0.7350,-0.0490,1.0290,1.2655,0.272888,-0.396057,0.015442,0.876587,7.997,150.0,-1
1785814867.530,8136,1823029,0,0.00000000,0.00000000,0.00,0,0,-39.86,0.058,-0.3920,0.5880,0.8330,1.0924,0.272827,-0.396118,0.015503,0.876587,7.996,143.8,-1
1785814868.823,8137,1823250,0,0.00000000,0.00000000,0.00,0,0,-39.75,0.130,-0.8330,0.4900,1.2250,1.5603,0.267883,-0.397339,0.029907,0.877197,7.996,142.5,-1
1785814868.823,8138,1823451,0,0.00000000,0.00000000,0.00,0,0,-39.91,0.040,-0.5390,0.2450,1.3720,1.4943,0.270813,-0.396484,0.021423,0.876892,7.997,143.8,-1
1785814868.823,8139,1823668,0,0.00000000,0.00000000,0.00,0,0,-39.94,0.027,-0.4900,0.3920,1.2250,1.3764,0.272949,-0.396057,0.017212,0.876587,7.995,150.0,-1
1785814870.104,8140,1823893,0,0.00000000,0.00000000,0.00,0,0,-39.86,0.080,-0.0980,0.0980,0.6370,0.6519,0.273438,-0.395996,0.015808,0.876404,7.997,143.8,-1
1785814870.104,8141,1824114,0,0.00000000,0.00000000,0.00,0,0,-40.05,-0.034,-0.5880,0.6370,0.9310,1.2721,0.273499,-0.395996,0.015686,0.876465,7.995,147.5,-1
1785814870.104,8142,1824338,0,0.00000000,0.00000000,0.00,0,0,-40.03,-0.024,-0.7350,0.2940,0.9800,1.2598,0.273376,-0.396057,0.016113,0.876404,7.996,147.5,-1
1785814871.402,8143,1824561,0,0.00000000,0.00000000,0.00,0,0,-39.94,0.049,-0.5390,0.4900,1.1270,1.3419,0.273254,-0.395996,0.016296,0.876465,7.995,145.0,-1
1785814871.406,8144,1824782,0,0.00000000,0.00000000,0.00,0,0,-39.99,0.023,-0.5390,0.3920,1.0780,1.2674,0.273193,-0.395935,0.016418,0.876526,7.997,145.0,-1
1785814871.406,8145,1824999,0,0.00000000,0.00000000,0.00,0,0,-40.00,0.015,-0.6860,0.4410,1.3720,1.5961,0.273193,-0.395935,0.016479,0.876526,7.997,147.5,-1
1785814872.680,8146,1825214,0,0.00000000,0.00000000,0.00,0,0,-40.00,-0.004,-0.6370,0.0490,0.8330,1.0498,0.273071,-0.395996,0.016541,0.876526,7.994,150.0,-1
1785814872.680,8148,1825663,0,0.00000000,0.00000000,0.00,0,0,-40.00,0.001,-0.4410,0.4900,1.1760,1.3482,0.273010,-0.395996,0.016724,0.876587,7.996,143.8,-1
1785814872.680,8149,1825886,0,0.00000000,0.00000000,0.00,0,0,-40.17,-0.107,-0.4900,0.3430,1.2250,1.3632,0.273010,-0.395935,0.016724,0.876587,7.996,147.5,-1
1785814873.974,8154,1826984,0,0.00000000,0.00000000,0.00,0,0,-39.79,0.074,-0.5390,0.4410,1.0290,1.2425,0.272949,-0.395874,0.016968,0.876648,7.996,147.5,-1
1785814873.974,8155,1827197,0,0.00000000,0.00000000,0.00,0,0,-39.85,0.031,-0.3920,0.1470,0.6370,0.7623,0.272949,-0.395874,0.016968,0.876648,7.997,147.5,-1
1785814875.254,8160,1828340,0,0.00000000,0.00000000,0.00,0,0,-39.89,0.047,-0.5390,0.3920,1.0780,1.2674,0.272949,-0.395935,0.016907,0.876648,7.999,150.0,-1
1785814876.543,8161,1828558,0,0.00000000,0.00000000,0.00,0,0,-40.02,-0.016,-0.6370,0.4900,0.8820,1.1932,0.272949,-0.395935,0.016846,0.876587,7.996,156.2,-1
1785814876.543,8166,1829648,0,0.00000000,0.00000000,0.00,0,0,-39.90,0.036,-0.4900,0.1960,1.2250,1.3338,0.273010,-0.395935,0.016785,0.876587,7.995,151.2,-1
1785814877.839,8167,1829874,0,0.00000000,0.00000000,0.00,0,0,-40.05,-0.053,-0.4900,0.3920,0.8820,1.0824,0.273010,-0.395996,0.016785,0.876587,7.995,150.0,-1
1785814877.839,8171,1830772,0,0.00000000,0.00000000,0.00,0,0,-39.87,0.064,-0.3920,0.2450,0.7840,0.9101,0.273010,-0.395874,0.016846,0.876648,7.995,145.0,-1
1785814877.844,8172,1830997,0,0.00000000,0.00000000,0.00,0,0,-39.92,0.023,0.0980,0.3430,1.7150,1.7517,0.272949,-0.395935,0.016846,0.876587,7.995,150.0,-1
1785814879.120,8177,1832118,0,0.00000000,0.00000000,0.00,0,0,-39.95,0.043,-0.6370,0.4900,0.8820,1.1932,0.273071,-0.395874,0.016724,0.876587,7.996,148.8,-1
1785814879.120,8178,1832339,0,0.00000000,0.00000000,0.00,0,0,-39.91,0.054,-0.4410,0.4900,1.0780,1.2636,0.273071,-0.395874,0.016663,0.876648,7.997,147.5,-1
1785814880.405,8183,1833416,0,0.00000000,0.00000000,0.00,0,0,-39.83,0.083,-0.6860,0.7840,1.4700,1.8017,0.273010,-0.395996,0.016785,0.876587,7.996,146.2,-1
1785814880.405,8184,1833638,0,0.00000000,0.00000000,0.00,0,0,-39.91,0.023,-0.4410,0.1960,0.7840,0.9206,0.273010,-0.395996,0.016785,0.876587,8.000,151.2,-1
1785814881.701,8189,1834765,0,0.00000000,0.00000000,0.00,0,0,-40.01,-0.068,-0.4410,0.3430,0.8820,1.0441,0.273071,-0.395935,0.016785,0.876587,7.999,147.5,-1
1785814882.996,8190,1834991,0,0.00000000,0.00000000,0.00,0,0,-39.87,0.031,-0.3430,0.4410,1.4210,1.5269,0.273071,-0.395935,0.016785,0.876587,7.999,148.8,-1
1785814882.996,8195,1836111,0,0.00000000,0.00000000,0.00,0,0,-39.81,0.097,-0.6370,0.4410,1.4210,1.6185,0.272949,-0.396118,0.017761,0.876526,7.997,145.0,-1
1785814884.276,8196,1836336,0,0.00000000,0.00000000,0.00,0,0,-40.00,-0.023,0.0490,0.9800,0.4900,1.0968,0.273010,-0.396118,0.017578,0.876526,8.000,150.0,-1
1785814884.276,8200,1837222,0,0.00000000,0.00000000,0.00,0,0,-39.89,-0.017,-0.3430,0.0980,1.0780,1.1355,0.273071,-0.395874,0.017090,0.876587,7.997,150.0,-1
1785814884.276,8201,1837446,0,0.00000000,0.00000000,0.00,0,0,-39.93,-0.030,-0.5880,0.3430,1.2250,1.4014,0.273071,-0.395874,0.017090,0.876587,7.999,147.5,-1
1785814885.572,8206,1838549,0,0.00000000,0.00000000,0.00,0,0,-39.92,-0.033,-0.4410,0.0490,0.5390,0.6981,0.273071,-0.395935,0.016968,0.876587,7.999,145.0,-1
1785814885.572,8207,1838771,0,0.00000000,0.00000000,0.00,0,0,-39.91,-0.022,-0.4900,0.0490,0.9800,1.0968,0.273071,-0.395935,0.016846,0.876587,7.997,145.0,-1
1785814886.855,8212,1839881,0,0.00000000,0.00000000,0.00,0,0,-39.75,0.114,-0.4900,0.4410,1.1270,1.3056,0.272888,-0.396118,0.017029,0.876587,7.999,151.2,-1
1785814886.855,8213,1840123,0,0.00000000,0.00000000,0.00,0,0,-39.70,0.106,-0.4410,0.2940,1.3230,1.4252,0.272949,-0.396118,0.016907,0.876526,7.999,151.2,-1
1785814888.133,8218,1841224,0,0.00000000,0.00000000,0.00,0,0,-39.91,-0.062,-0.5880,0.3430,1.0780,1.2749,0.273071,-0.395996,0.017090,0.876526,7.997,155.0,-1
1785814889.432,8219,1841443,0,0.00000000,0.00000000,0.00,0,0,-39.96,-0.097,-0.7350,0.4900,1.0780,1.3937,0.273071,-0.395996,0.017090,0.876526,7.997,150.0,-1
1785814889.432,8224,1842549,0,0.00000000,0.00000000,0.00,0,0,-39.62,0.120,-0.8820,0.5390,1.1270,1.5292,0.273071,-0.395996,0.017151,0.876526,7.996,147.5,-1
1785814890.713,8225,1842768,0,0.00000000,0.00000000,0.00,0,0,-39.66,0.087,-0.3430,0.2450,0.9800,1.0668,0.273071,-0.396057,0.017090,0.876526,7.997,151.2,-1
1785814890.713,8229,1843656,0,0.00000000,0.00000000,0.00,0,0,-39.71,0.041,0.1470,0.2450,0.9800,1.0208,0.273193,-0.396057,0.017212,0.876465,7.995,153.8,-1
1785814890.714,8230,1843883,0,0.00000000,0.00000000,0.00,0,0,-39.68,0.056,-0.0490,0.4410,1.0780,1.1657,0.273193,-0.396118,0.017151,0.876465,7.997,147.5,-1
1785814891.997,8235,1845031,0,0.00000000,0.00000000,0.00,0,0,-39.77,-0.021,-0.6860,0.2450,0.8330,1.1066,0.273132,-0.396057,0.017212,0.876465,7.996,152.5,-1
1785814891.997,8236,1845243,0,0.00000000,0.00000000,0.00,0,0,-39.85,-0.051,0.4410,0.3430,0.7840,0.9627,0.273132,-0.396057,0.017212,0.876465,7.997,150.0,-1
1785814893.292,8241,1846345,0,0.00000000,0.00000000,0.00,0,0,-39.91,-0.073,-0.4410,0.4900,0.6370,0.9167,0.273132,-0.395935,0.017151,0.876526,7.996,148.8,-1
1785814893.294,8242,1846569,0,0.00000000,0.00000000,0.00,0,0,-39.74,0.046,-0.6370,0.4410,1.1270,1.3676,0.273193,-0.395996,0.017151,0.876526,7.997,148.8,-1
1785814894.586,8247,1847682,0,0.00000000,0.00000000,0.00,0,0,-39.87,0.003,-0.7350,0.6860,1.2740,1.6229,0.273193,-0.395996,0.017090,0.876526,7.995,148.8,-1
1785814895.868,8248,1847903,0,0.00000000,0.00000000,0.00,0,0,-39.74,0.086,-0.0980,0.7350,0.7350,1.0441,0.273193,-0.395996,0.017090,0.876526,7.999,147.5,-1
1785814895.868,8252,1848793,0,0.00000000,0.00000000,0.00,0,0,-40.01,-0.063,-0.1470,0.3430,0.4410,0.5777,0.273193,-0.396057,0.017090,0.876465,7.997,147.5,-1
1785814895.869,8253,1849016,0,0.00000000,0.00000000,0.00,0,0,-40.03,-0.065,-0.5880,0.4900,1.0290,1.2825,0.273132,-0.395996,0.017151,0.876526,7.997,151.2,-1
1785814897.161,8258,1850109,0,0.00000000,0.00000000,0.00,0,0,-40.03,-0.060,-0.3430,0.1470,1.3720,1.4218,0.273132,-0.396057,0.017151,0.876526,7.996,148.8,-1
1785814897.161,8259,1850327,0,0.00000000,0.00000000,0.00,0,0,-39.93,-0.003,-1.1270,0.5880,1.6170,2.0568,0.273132,-0.395935,0.017151,0.876526,7.996,151.2,-1
1785814898.440,8264,1851437,0,0.00000000,0.00000000,0.00,0,0,-39.92,-0.033,-0.7350,0.5880,0.8820,1.2899,0.273132,-0.395996,0.017212,0.876526,7.999,153.8,-1
1785814898.440,8265,1851662,0,0.00000000,0.00000000,0.00,0,0,-39.94,-0.038,-0.4900,0.3430,1.0780,1.2328,0.273132,-0.396057,0.017212,0.876526,7.997,148.8,-1
1785814899.734,8270,1852780,0,0.00000000,0.00000000,0.00,0,0,-39.82,0.045,-0.6370,0.5390,1.7640,1.9514,0.273010,-0.396118,0.017334,0.876465,7.996,151.2,-1
1785814899.734,8271,1853001,0,0.00000000,0.00000000,0.00,0,0,-39.85,0.017,-0.8330,0.6370,1.1270,1.5394,0.273010,-0.396179,0.017334,0.876465,7.999,151.2,-1
1785814901.012,8276,1854108,0,0.00000000,0.00000000,0.00,0,0,-39.88,0.027,-0.3920,0.3430,1.5190,1.6058,0.273132,-0.396057,0.017212,0.876526,7.997,146.2,-1
1785814902.309,8277,1854332,0,0.00000000,0.00000000,0.00,0,0,-39.95,-0.021,-0.7840,0.6860,1.1760,1.5711,0.273071,-0.396057,0.017273,0.876526,7.997,151.2,-1
1785814902.309,8281,1855223,0,0.00000000,0.00000000,0.00,0,0,-39.97,-0.034,-0.2940,0.0980,0.4900,0.5798,0.273071,-0.396118,0.017212,0.876465,7.996,147.5,-1
1785814902.309,8282,1855448,0,0.00000000,0.00000000,0.00,0,0,-40.00,-0.049,-0.4900,0.1960,1.1270,1.2444,0.273071,-0.396118,0.017212,0.876465,7.997,145.0,-1
1785814903.591,8287,1856550,0,0.00000000,0.00000000,0.00,0,0,-39.87,-0.004,-0.7350,0.6370,1.2740,1.6028,0.273193,-0.396057,0.016968,0.876465,7.999,143.8,-1
1785814903.591,8288,1856770,0,0.00000000,0.00000000,0.00,0,0,-39.91,-0.014,-0.6370,0.3430,1.2740,1.4651,0.273193,-0.395996,0.017029,0.876526,7.997,143.8,-1
1785814904.888,8293,1857871,0,0.00000000,0.00000000,0.00,0,0,-39.88,-0.046,-0.6370,0.3430,0.9310,1.1791,0.273132,-0.395935,0.017151,0.876526,7.995,151.2,-1
1785814904.888,8294,1858118,0,0.00000000,0.00000000,0.00,0,0,-39.93,-0.068,-0.5390,0.4410,1.1270,1.3248,0.273132,-0.395935,0.017212,0.876587,7.994,151.2,-1
1785814906.168,8299,1859217,0,0.00000000,0.00000000,0.00,0,0,-39.97,-0.010,-0.5880,0.2940,1.1760,1.3473,0.273010,-0.395935,0.017090,0.876587,7.997,150.0,-1
1785814906.168,8300,1859444,0,0.00000000,0.00000000,0.00,0,0,-40.05,-0.042,-0.4900,0.4900,1.0780,1.2815,0.273071,-0.395935,0.016968,0.876587,7.996,153.8,-1
1785814907.462,8305,1860548,0,0.00000000,0.00000000,0.00,0,0,-39.98,0.021,-0.4900,0.2940,1.0780,1.2201,0.273010,-0.395996,0.017090,0.876587,7.996,150.0,-1
1785814908.743,8306,1860767,0,0.00000000,0.00000000,0.00,0,0,-39.94,0.054,-0.7350,0.5390,0.8330,1.2348,0.273010,-0.395996,0.017090,0.876587,7.996,150.0,-1
1785814908.743,8311,1861878,0,0.00000000,0.00000000,0.00,0,0,-39.86,0.068,-0.4900,0.3430,0.9800,1.1481,0.273071,-0.395996,0.016968,0.876587,7.995,151.2,-1
1785814910.036,8316,1863020,0,0.00000000,0.00000000,0.00,0,0,-39.86,0.083,-0.2940,0.1470,1.3230,1.3632,0.273010,-0.395935,0.017029,0.876587,7.996,148.8,-1
1785814910.036,8317,1863234,0,0.00000000,0.00000000,0.00,0,0,-39.88,0.047,-0.9800,0.8820,0.9310,1.6140,0.273010,-0.395935,0.017029,0.876587,7.999,151.2,-1
1785814911.331,8322,1864335,0,0.00000000,0.00000000,0.00,0,0,-39.97,-0.003,-0.3920,0.1470,0.9310,1.0208,0.273010,-0.395996,0.016968,0.876587,7.996,150.0,-1
1785814911.331,8323,1864556,0,0.00000000,0.00000000,0.00,0,0,-39.97,0.001,-0.5390,0.4410,1.1760,1.3667,0.272949,-0.396057,0.017029,0.876526,7.997,151.2,-1
1785814912.610,8328,1865669,0,0.00000000,0.00000000,0.00,0,0,-40.13,-0.125,-0.4410,0.3920,1.1270,1.2721,0.272827,-0.396057,0.017090,0.876587,8.000,142.5,-1
1785814912.610,8329,1865899,0,0.00000000,0.00000000,0.00,0,0,-40.08,-0.087,-0.3430,0.2450,0.9800,1.0668,0.272827,-0.396118,0.017090,0.876587,7.999,145.0,-1
1785814913.895,8334,1867008,0,0.00000000,0.00000000,0.00,0,0,-39.98,0.008,-0.5880,0.2450,0.9800,1.1688,0.272888,-0.396057,0.017029,0.876587,7.997,147.5,-1
1785814915.190,8335,1867222,0,0.00000000,0.00000000,0.00,0,0,-39.96,0.009,-0.7840,0.7840,1.3720,1.7640,0.272888,-0.396057,0.017029,0.876587,7.996,146.2,-1
1785814915.190,8339,1868102,0,0.00000000,0.00000000,0.00,0,0,-40.07,-0.064,-0.5880,0.0000,1.2740,1.4031,0.272827,-0.396179,0.017029,0.876526,7.995,151.2,-1
1785814915.190,8340,1868326,0,0.00000000,0.00000000,0.00,0,0,-40.04,-0.025,0.0000,0.4410,0.7350,0.8571,0.272827,-0.396179,0.017090,0.876526,7.995,151.2,-1
1785814916.475,8345,1869436,0,0.00000000,0.00000000,0.00,0,0,-39.89,0.066,-0.4410,0.1960,1.3230,1.4083,0.272888,-0.396057,0.017029,0.876587,7.999,141.2,-1
1785814916.479,8346,1869654,0,0.00000000,0.00000000,0.00,0,0,-40.03,-0.037,-0.4410,0.3430,0.9310,1.0858,0.272827,-0.395996,0.016968,0.876648,7.997,152.5,-1
1785814917.768,8351,1870780,0,0.00000000,0.00000000,0.00,0,0,-39.76,0.124,-0.1470,0.7840,1.3720,1.5870,0.272766,-0.396118,0.017029,0.876587,7.999,150.0,-1
1785814917.768,8352,1870997,0,0.00000000,0.00000000,0.00,0,0,-39.81,0.077,-0.5880,0.4410,1.1270,1.3455,0.272766,-0.396057,0.017090,0.876587,7.996,151.2,-1
1785814919.047,8357,1872126,0,0.00000000,0.00000000,0.00,0,0,-39.96,0.005,0.0000,0.0490,2.1560,2.1566,0.272705,-0.395996,0.017151,0.876648,7.997,147.5,-1
1785814919.048,8358,1872353,0,0.00000000,0.00000000,0.00,0,0,-39.84,0.062,-0.4900,0.3430,1.0780,1.2328,0.272705,-0.395935,0.017212,0.876648,7.997,151.2,-1
1785814920.348,8363,1873445,0,0.00000000,0.00000000,0.00,0,0,-39.81,0.019,-0.5390,0.1470,1.2740,1.3911,0.272583,-0.395996,0.017395,0.876648,7.996,146.2,-1
1785814921.628,8364,1873664,0,0.00000000,0.00000000,0.00,0,0,-39.83,0.009,-0.4410,0.3430,1.1760,1.3020,0.272583,-0.396057,0.017395,0.876648,7.997,147.5,-1
1785814921.628,8368,1874578,0,0.00000000,0.00000000,0.00,0,0,-39.78,0.049,-0.6370,0.5880,1.0780,1.3833,0.272583,-0.396118,0.017395,0.876648,7.997,148.8,-1
1785814921.628,8369,1874802,0,0.00000000,0.00000000,0.00,0,0,-39.84,0.013,-0.8820,0.3920,1.1760,1.5214,0.272644,-0.396057,0.017334,0.876648,8.000,143.8,-1
1785814922.920,8374,1875911,0,0.00000000,0.00000000,0.00,0,0,-38.85,0.811,-0.5390,0.4410,1.6660,1.8057,0.256042,-0.392944,0.010803,0.883118,8.000,175.0,-1
1785814922.920,8375,1876125,0,0.00000000,0.00000000,0.00,0,0,-38.91,0.611,-0.5880,0.3430,0.9800,1.1932,0.255188,-0.391602,0.014404,0.883911,7.995,143.8,-1
1785814924.204,8380,1877226,0,0.00000000,0.00000000,0.00,0,0,-39.34,0.072,-0.5390,0.4410,1.0290,1.2425,0.255310,-0.390564,0.015137,0.884338,7.996,145.0,-1
1785814924.204,8381,1877450,0,0.00000000,0.00000000,0.00,0,0,-39.32,0.111,-0.5880,0.2940,0.9310,1.1397,0.255249,-0.390930,0.015137,0.884216,7.996,146.2,-1
1785814925.499,8386,1878555,0,0.00000000,0.00000000,0.00,0,0,-39.54,-0.041,-0.3430,0.4410,1.0780,1.2142,0.255310,-0.391357,0.014893,0.883972,7.992,142.5,-1
1785814926.781,8387,1878782,0,0.00000000,0.00000000,0.00,0,0,-39.39,0.065,-0.7840,0.0000,1.1760,1.4134,0.255310,-0.391357,0.014893,0.883972,7.995,147.5,-1
1785814926.781,8392,1879892,0,0.00000000,0.00000000,0.00,0,0,-39.57,-0.049,-0.1470,0.0490,1.7640,1.7708,0.255188,-0.391479,0.014771,0.883972,7.996,142.5,-1
1785814928.076,8393,1880109,0,0.00000000,0.00000000,0.00,0,0,-39.54,-0.027,-0.5390,0.1960,1.0290,1.1780,0.255127,-0.391479,0.014709,0.883972,7.996,147.5,-1
1785814928.076,8397,1880992,0,0.00000000,0.00000000,0.00,0,0,-39.59,-0.065,-0.4410,0.0000,0.9310,1.0302,0.255249,-0.391174,0.014832,0.884094,7.995,142.5,-1
1785814928.076,8398,1881204,0,0.00000000,0.00000000,0.00,0,0,-39.44,0.077,-0.6860,0.3430,1.0780,1.3230,0.255249,-0.390747,0.015869,0.884277,7.995,142.5,-1
1785814929.356,8403,1882345,0,0.00000000,0.00000000,0.00,0,0,-39.49,0.038,-0.3430,0.3430,1.2740,1.3632,0.255188,-0.390808,0.015991,0.884216,7.997,141.2,-1
1785814929.356,8404,1882564,0,0.00000000,0.00000000,0.00,0,0,-39.47,0.031,-0.7840,0.3920,1.2250,1.5063,0.255249,-0.390808,0.015930,0.884277,7.995,141.2,-1
1785814930.649,8409,1883678,0,0.00000000,0.00000000,0.00,0,0,-39.45,0.005,-0.7840,0.3920,1.7640,1.9698,0.255310,-0.390869,0.015991,0.884155,7.995,146.2,-1
1785814930.649,8410,1883900,0,0.00000000,0.00000000,0.00,0,0,-39.44,0.001,-0.5390,0.2940,1.0780,1.2406,0.255310,-0.390930,0.015991,0.884155,7.995,145.0,-1
1785814931.937,8415,1885008,0,0.00000000,0.00000000,0.00,0,0,-39.53,-0.113,-0.3430,0.0980,0.8820,0.9514,0.255249,-0.390808,0.016052,0.884216,7.996,146.2,-1
1785814933.222,8416,1885216,0,0.00000000,0.00000000,0.00,0,0,-39.52,-0.108,-0.1960,0.0980,0.8330,0.8613,0.255249,-0.390808,0.016113,0.884216,7.997,152.5,-1
1785814933.222,8421,1886326,0,0.00000000,0.00000000,0.00,0,0,-39.43,-0.003,-1.1270,0.9800,1.2740,1.9631,0.255188,-0.390747,0.016296,0.884277,7.995,148.8,-1
1785814934.501,8422,1886552,0,0.00000000,0.00000000,0.00,0,0,-39.49,-0.045,-0.5390,0.2940,0.8820,1.0747,0.255188,-0.390747,0.016235,0.884277,7.996,148.8,-1
1785814934.501,8426,1887442,0,0.00000000,0.00000000,0.00,0,0,-39.49,-0.063,-0.6370,0.7350,1.1760,1.5261,0.255310,-0.390686,0.016052,0.884277,7.996,150.0,-1
1785814934.501,8427,1887664,0,0.00000000,0.00000000,0.00,0,0,-39.53,-0.072,-0.7350,0.4410,1.0290,1.3392,0.255310,-0.390686,0.015991,0.884277,7.997,150.0,-1
1785814935.794,8432,1888777,0,0.00000000,0.00000000,0.00,0,0,-39.39,0.013,-0.5390,0.4900,0.9310,1.1821,0.255310,-0.390747,0.015991,0.884216,7.997,138.8,-1
1785814935.794,8433,1888999,0,0.00000000,0.00000000,0.00,0,0,-39.35,0.042,-0.5880,0.4900,1.0290,1.2825,0.255310,-0.390747,0.015991,0.884216,7.997,143.8,-1
1785814937.076,8438,1890121,0,0.00000000,0.00000000,0.00,0,0,-39.50,-0.021,-0.2450,0.2450,1.0290,1.0858,0.255310,-0.390686,0.015991,0.884277,7.995,141.2,-1
1785814937.076,8439,1890342,0,0.00000000,0.00000000,0.00,0,0,-39.47,-0.008,-0.5390,0.5880,1.5680,1.7592,0.255310,-0.390686,0.015991,0.884277,7.996,143.8,-1
1785814938.369,8444,1891444,0,0.00000000,0.00000000,0.00,0,0,-39.52,-0.047,-0.4900,0.1470,1.0780,1.1932,0.255310,-0.390747,0.015991,0.884216,7.997,146.2,-1
1785814939.661,8445,1891667,0,0.00000000,0.00000000,0.00,0,0,-39.56,-0.070,-0.4900,0.3430,0.9800,1.1481,0.255310,-0.390747,0.015930,0.884216,7.996,145.0,-1
1785814939.661,8449,1892564,0,0.00000000,0.00000000,0.00,0,0,-39.70,-0.144,-0.6370,0.4900,0.9310,1.2299,0.255310,-0.390686,0.016052,0.884277,7.999,108.8,-1
1785814939.661,8450,1892785,0,0.00000000,0.00000000,0.00,0,0,-39.56,-0.056,-0.3920,0.2450,0.6860,0.8272,0.255249,-0.390686,0.016052,0.884277,7.996,145.0,-1
1785814940.943,8455,1893898,0,0.00000000,0.00000000,0.00,0,0,-39.45,0.025,-0.5880,0.5390,0.8820,1.1892,0.255249,-0.390869,0.015991,0.884216,7.997,141.2,-1
1785814940.943,8456,1894110,0,0.00000000,0.00000000,0.00,0,0,-39.53,-0.027,-0.4900,0.2450,1.1270,1.2531,0.255249,-0.390869,0.015930,0.884216,7.996,146.2,-1
1785814942.240,8461,1895213,0,0.00000000,0.00000000,0.00,0,0,-39.57,-0.036,-0.4410,0.3430,0.7840,0.9627,0.255310,-0.390930,0.015930,0.884155,7.995,143.8,-1
1785814942.240,8462,1895438,0,0.00000000,0.00000000,0.00,0,0,-39.47,0.024,-0.9310,0.1960,1.1270,1.4749,0.255310,-0.390930,0.015930,0.884155,7.995,150.0,-1
1785814943.522,8467,1896544,0,0.00000000,0.00000000,0.00,0,0,-39.48,0.047,-0.5390,0.4410,1.0780,1.2834,0.255371,-0.390869,0.015747,0.884155,7.996,147.5,-1
1785814943.522,8468,1896766,0,0.00000000,0.00000000,0.00,0,0,-39.43,0.072,-0.7840,-0.3430,1.6170,1.8295,0.255310,-0.390869,0.015808,0.884155,7.995,145.0,-1
1785814944.806,8473,1897864,0,0.00000000,0.00000000,0.00,0,0,-39.61,-0.053,-0.5880,0.5390,1.1760,1.4210,0.255310,-0.390869,0.015869,0.884155,7.992,150.0,-1
1785814944.806,8474,1898111,0,0.00000000,0.00000000,0.00,0,0,-39.53,-0.005,-1.0780,0.7350,0.3430,1.3491,0.255310,-0.390930,0.015869,0.884155,7.996,142.5,-1
1785814946.100,8479,1899213,0,0.00000000,0.00000000,0.00,0,0,-39.65,-0.061,-0.5390,0.2940,1.0290,1.1982,0.255310,-0.390930,0.015869,0.884155,7.996,142.5,-1
1785814947.395,8484,1900332,0,0.00000000,0.00000000,0.00,0,0,-39.79,-0.131,-0.4410,0.4410,1.1760,1.3311,0.255310,-0.390869,0.015869,0.884216,7.992,145.0,-1
1785814947.395,8485,1900553,0,0.00000000,0.00000000,0.00,0,0,-39.63,-0.034,-0.5880,0.5390,1.2250,1.4618,0.255310,-0.390869,0.015869,0.884216,7.995,143.8,-1
1785814948.674,8490,1901662,0,0.00000000,0.00000000,0.00,0,0,-39.57,0.030,-0.6370,0.0490,1.1270,1.2955,0.255310,-0.390808,0.015869,0.884216,7.997,142.5,-1
1785814948.674,8491,1901887,0,0.00000000,0.00000000,0.00,0,0,-39.62,-0.027,-0.3430,0.1960,1.0290,1.1022,0.255310,-0.390808,0.015869,0.884216,7.997,141.2,-1
1785814949.969,8496,1902989,0,0.00000000,0.00000000,0.00,0,0,-39.63,-0.019,-0.7840,0.7350,1.5680,1.9009,0.255310,-0.390869,0.015930,0.884216,7.994,145.0,-1
1785814949.969,8497,1903210,0,0.00000000,0.00000000,0.00,0,0,-39.52,0.058,-0.7350,0.6370,1.2740,1.6028,0.255310,-0.390869,0.015930,0.884216,7.995,143.8,-1
1785814951.249,8502,1904349,0,0.00000000,0.00000000,0.00,0,0,-39.62,0.008,-0.4900,0.4410,1.2740,1.4345,0.255310,-0.390930,0.015869,0.884155,7.995,147.5,-1
1785814952.537,8503,1904571,0,0.00000000,0.00000000,0.00,0,0,-39.53,0.060,-0.5880,0.3920,1.0780,1.2890,0.255310,-0.390869,0.015869,0.884155,7.995,148.8,-1
1785814952.537,8507,1905460,0,0.00000000,0.00000000,0.00,0,0,-39.55,0.034,-0.5880,0.4900,1.0290,1.2825,0.255249,-0.390991,0.015930,0.884155,7.996,153.8,-1
1785814952.537,8508,1905682,0,0.00000000,0.00000000,0.00,0,0,-39.64,-0.035,-0.3920,0.1470,1.2740,1.3410,0.255249,-0.390991,0.015991,0.884155,7.996,142.5,-1
1785814953.832,8513,1906787,0,0.00000000,0.00000000,0.00,0,0,-39.60,-0.007,-0.5390,0.6370,1.6170,1.8196,0.255310,-0.390808,0.015869,0.884216,7.995,147.5,-1
1785814953.832,8514,1907013,0,0.00000000,0.00000000,0.00,0,0,-39.60,-0.006,-0.6370,0.4900,0.9310,1.2299,0.255310,-0.390808,0.015869,0.884216,7.997,143.8,-1
1785814955.109,8519,1908116,0,0.00000000,0.00000000,0.00,0,0,-39.65,-0.078,-0.4410,0.0980,0.5390,0.7033,0.255310,-0.390808,0.015930,0.884216,7.996,151.2,-1
1785814955.109,8520,1908336,0,0.00000000,0.00000000,0.00,0,0,-39.73,-0.108,-0.4900,0.4410,1.2250,1.3911,0.255310,-0.390869,0.015930,0.884216,7.996,148.8,-1
1785814956.402,8525,1909442,0,0.00000000,0.00000000,0.00,0,0,-39.63,-0.038,-0.5390,0.4410,1.0780,1.2834,0.255310,-0.390930,0.015930,0.884155,7.997,143.8,-1
1785814956.402,8526,1909663,0,0.00000000,0.00000000,0.00,0,0,-39.52,0.055,-0.4900,0.4410,0.9310,1.1408,0.255310,-0.390930,0.015930,0.884155,7.995,142.5,-1
1785814957.698,8531,1910798,0,0.00000000,0.00000000,0.00,0,0,-39.62,0.019,-1.3720,1.3720,0.7350,2.0748,0.255249,-0.390869,0.015930,0.884216,7.996,146.2,-1
1785814958.979,8532,1911024,0,0.00000000,0.00000000,0.00,0,0,-39.72,-0.049,-0.4900,0.3430,1.2250,1.3632,0.255310,-0.390808,0.015930,0.884216,7.997,146.2,-1
1785814958.979,8536,1911904,0,0.00000000,0.00000000,0.00,0,0,-39.71,-0.008,-0.4410,0.5390,0.9310,1.1627,0.255310,-0.390991,0.015869,0.884155,7.997,141.2,-1
1785814958.979,8537,1912121,0,0.00000000,0.00000000,0.00,0,0,-39.56,0.074,-0.5390,0.5880,1.1270,1.3807,0.255310,-0.390991,0.015808,0.884155,7.995,147.5,-1
1785814960.273,8542,1913238,0,0.00000000,0.00000000,0.00,0,0,-39.71,-0.053,-0.7350,0.6370,0.9800,1.3807,0.255310,-0.391052,0.015869,0.884094,7.995,145.0,-1
1785814960.273,8543,1913460,0,0.00000000,0.00000000,0.00,0,0,-39.64,0.002,-0.5390,0.3920,1.3230,1.4814,0.255249,-0.391052,0.015869,0.884094,7.995,151.2,-1
1785814961.554,8548,1914570,0,0.00000000,0.00000000,0.00,0,0,-39.76,-0.105,-0.4900,0.4900,1.1270,1.3230,0.255249,-0.391052,0.015991,0.884155,7.995,153.8,-1
1785814961.554,8549,1914790,0,0.00000000,0.00000000,0.00,0,0,-39.61,0.008,-0.4410,0.1470,0.6860,0.8287,0.255310,-0.390991,0.015991,0.884155,7.995,147.5,-1
1785814962.849,8554,1915893,0,0.00000000,0.00000000,0.00,0,0,-39.61,0.022,-0.6370,0.3920,1.0290,1.2721,0.255310,-0.391052,0.015869,0.884094,7.997,145.0,-1
1785814962.849,8555,1916108,0,0.00000000,0.00000000,0.00,0,0,-39.69,-0.031,-0.5390,0.2450,0.9310,1.1033,0.255310,-0.391052,0.015869,0.884094,7.996,143.8,-1
1785814964.129,8560,1917219,0,0.00000000,0.00000000,0.00,0,0,-39.69,-0.040,-0.4900,0.1960,1.0290,1.1564,0.255371,-0.390930,0.015869,0.884155,7.997,142.5,-1
1785814965.418,8561,1917436,0,0.00000000,0.00000000,0.00,0,0,-39.62,0.017,-0.5390,0.3920,0.7350,0.9922,0.255310,-0.390991,0.015930,0.884155,7.995,147.5,-1
1785814965.418,8565,1918349,0,0.00000000,0.00000000,0.00,0,0,-39.67,0.013,-0.4410,0.4410,1.5190,1.6420,0.255249,-0.390991,0.015808,0.884155,7.994,150.0,-1
1785814965.423,8566,1918570,0,0.00000000,0.00000000,0.00,0,0,-39.69,-0.006,-0.5390,0.5390,1.3230,1.5269,0.255249,-0.390991,0.015747,0.884155,7.995,152.5,-1
1785814966.709,8571,1919674,0,0.00000000,0.00000000,0.00,0,0,-39.68,-0.025,-0.6370,0.2450,0.7350,1.0030,0.255066,-0.390869,0.015930,0.884216,7.996,148.8,-1
1785814966.709,8572,1919900,0,0.00000000,0.00000000,0.00,0,0,-39.74,-0.058,-0.4410,0.3920,1.0780,1.2289,0.255066,-0.390808,0.015930,0.884277,7.994,148.8,-1
1785814967.989,8577,1920997,0,0.00000000,0.00000000,0.00,0,0,-39.82,-0.102,-0.6370,0.6860,1.6170,1.8684,0.255188,-0.391113,0.015869,0.884094,7.995,147.5,-1
1785814967.989,8578,1921212,0,0.00000000,0.00000000,0.00,0,0,-39.69,-0.006,-0.3920,0.3920,0.9800,1.1259,0.255188,-0.391113,0.015869,0.884094,7.995,148.8,-1
1785814969.283,8583,1922340,0,0.00000000,0.00000000,0.00,0,0,-39.70,0.031,-0.5880,0.4410,1.3720,1.5565,0.255188,-0.391174,0.015930,0.884094,7.995,147.5,-1
1785814970.575,8584,1922561,0,0.00000000,0.00000000,0.00,0,0,-39.63,0.065,0.1470,-0.0490,0.6860,0.7033,0.255188,-0.391235,0.015991,0.884033,7.995,143.8,-1
1785814970.575,8589,1923682,0,0.00000000,0.00000000,0.00,0,0,-39.55,0.082,-1.0290,0.2940,1.8130,2.1053,0.255127,-0.391174,0.015991,0.884094,7.994,146.2,-1
1785814971.863,8590,1923899,0,0.00000000,0.00000000,0.00,0,0,-39.63,0.029,-0.4900,0.4410,1.1760,1.3482,0.255188,-0.391235,0.015991,0.884094,7.994,155.0,-1
1785814971.863,8594,1924781,0,0.00000000,0.00000000,0.00,0,0,-39.73,-0.022,-0.5880,0.5390,1.0780,1.3410,0.255188,-0.391113,0.015930,0.884155,7.995,151.2,-1
1785814971.863,8595,1925004,0,0.00000000,0.00000000,0.00,0,0,-39.71,-0.003,-0.7350,0.6860,1.2740,1.6229,0.255188,-0.391113,0.015930,0.884094,7.994,146.2,-1
1785814973.144,8600,1926102,0,0.00000000,0.00000000,0.00,0,0,-39.73,-0.009,-0.2450,0.0980,0.9800,1.0149,0.255127,-0.391113,0.016113,0.884155,7.994,146.2,-1
1785814973.144,8601,1926328,0,0.00000000,0.00000000,0.00,0,0,-39.73,-0.023,-0.4900,0.2450,1.0290,1.1657,0.255127,-0.391174,0.016052,0.884094,7.995,145.0,-1
1785814974.439,8606,1927438,0,0.00000000,0.00000000,0.00,0,0,-39.67,0.034,-0.3920,0.4410,1.1760,1.3157,0.255249,-0.391235,0.015930,0.884033,7.996,143.8,-1
1785814974.439,8607,1927660,0,0.00000000,0.00000000,0.00,0,0,-39.62,0.065,-0.5880,0.3430,1.3230,1.4879,0.255249,-0.391235,0.015930,0.884033,7.997,146.2,-1
1785814975.717,8612,1928803,0,0.00000000,0.00000000,0.00,0,0,-39.74,-0.049,-0.6860,0.5880,1.2250,1.5222,0.255249,-0.390869,0.016052,0.884155,7.997,141.2,-1
1785814977.006,8613,1929021,0,0.00000000,0.00000000,0.00,0,0,-39.71,-0.024,-0.4410,0.2940,0.6370,0.8287,0.255310,-0.390869,0.015991,0.884216,7.996,145.0,-1
1785814977.006,8618,1930121,0,0.00000000,0.00000000,0.00,0,0,-39.54,0.056,-0.5880,0.5880,1.0780,1.3615,0.255310,-0.390869,0.015930,0.884155,7.994,143.8,-1
1785814978.304,8619,1930347,0,0.00000000,0.00000000,0.00,0,0,-39.63,-0.017,-0.5880,0.4900,1.5190,1.7009,0.255310,-0.390808,0.015991,0.884216,7.996,145.0,-1
1785814978.308,8623,1931232,0,0.00000000,0.00000000,0.00,0,0,-39.63,-0.008,-0.2450,0.4900,1.0290,1.1657,0.255249,-0.390747,0.016113,0.884277,7.995,140.0,-1
1785814978.308,8624,1931457,0,0.00000000,0.00000000,0.00,0,0,-39.72,-0.065,-0.6370,0.4900,1.0780,1.3446,0.255249,-0.390808,0.016113,0.884216,7.997,145.0,-1
1785814979.583,8629,1932559,0,0.00000000,0.00000000,0.00,0,0,-39.77,-0.064,-0.4900,0.3920,1.3720,1.5087,0.255249,-0.390747,0.016113,0.884216,7.996,148.8,-1
1785814979.583,8630,1932781,0,0.00000000,0.00000000,0.00,0,0,-39.78,-0.072,-0.3920,0.1470,0.7350,0.8459,0.255249,-0.390747,0.016113,0.884277,7.994,146.2,-1
1785814980.881,8635,1933889,0,0.00000000,0.00000000,0.00,0,0,-39.74,-0.039,-0.5880,0.4900,1.1270,1.3623,0.255310,-0.390686,0.016052,0.884277,7.995,147.5,-1
1785814980.881,8636,1934107,0,0.00000000,0.00000000,0.00,0,0,-39.62,0.051,-1.0290,1.7150,0.7840,2.1482,0.255310,-0.390686,0.015991,0.884277,7.995,150.0,-1
1785814982.159,8641,1935219,0,0.00000000,0.00000000,0.00,0,0,-39.72,-0.017,-0.5390,0.3920,1.1760,1.3517,0.255310,-0.390625,0.016296,0.884277,7.995,145.0,-1
1785814983.456,8642,1935445,0,0.00000000,0.00000000,0.00,0,0,-39.55,0.089,-0.5880,0.2940,1.1760,1.3473,0.255249,-0.390686,0.016357,0.884277,7.995,146.2,-1
1785814983.456,8647,1936556,0,0.00000000,0.00000000,0.00,0,0,-39.67,0.008,-0.5390,0.5880,1.0290,1.3020,0.255310,-0.390686,0.016174,0.884277,7.995,148.8,-1
1785814984.736,8648,1936778,0,0.00000000,0.00000000,0.00,0,0,-39.67,0.004,-0.5880,0.3430,1.0780,1.2749,0.255371,-0.390686,0.016113,0.884277,7.996,148.8,-1
1785814984.736,8652,1937662,0,0.00000000,0.00000000,0.00,0,0,-39.71,-0.006,-0.4410,0.4410,1.1760,1.3311,0.255371,-0.390747,0.015991,0.884216,7.995,143.8,-1
1785814984.736,8653,1937883,0,0.00000000,0.00000000,0.00,0,0,-39.68,0.015,-0.5390,0.2450,0.3920,0.7101,0.255371,-0.390869,0.016052,0.884155,7.995,146.2,-1
1785814986.031,8658,1938951,0,0.00000000,0.00000000,0.00,0,0,-39.55,0.070,-0.4900,0.3920,1.2740,1.4202,0.255310,-0.390747,0.016174,0.884216,7.995,150.0,-1
1785814986.031,8659,1939166,0,0.00000000,0.00000000,0.00,0,0,-39.61,0.026,-0.4900,0.1470,0.9800,1.1055,0.255310,-0.390808,0.016235,0.884216,7.996,145.0,-1
1785814987.311,8664,1940247,0,0.00000000,0.00000000,0.00,0,0,-39.65,0.008,-0.5390,0.4410,1.1270,1.3248,0.255249,-0.390869,0.016296,0.884216,7.996,145.0,-1
1785814987.311,8665,1940469,0,0.00000000,0.00000000,0.00,0,0,-39.80,-0.092,-0.1470,0.3920,1.1760,1.2483,0.255310,-0.390808,0.016174,0.884216,7.999,142.5,-1
1785814988.610,8670,1941579,0,0.00000000,0.00000000,0.00,0,0,-39.73,-0.024,-0.5390,0.4900,1.2740,1.4675,0.255310,-0.390808,0.016174,0.884216,7.997,148.8,-1
1785814988.610,8671,1941802,0,0.00000000,0.00000000,0.00,0,0,-39.67,0.008,-0.3430,0.2450,0.7350,0.8473,0.255310,-0.390808,0.016235,0.884216,7.995,145.0,-1
1785814989.890,8676,1942913,0,0.00000000,0.00000000,0.00,0,0,-39.67,0.019,-0.3920,0.4410,1.1270,1.2721,0.255249,-0.390930,0.016296,0.884155,7.996,142.5,-1
1785814989.890,8677,1943122,0,0.00000000,0.00000000,0.00,0,0,-39.72,-0.047,-0.5880,0.5390,1.0780,1.3410,0.255310,-0.390930,0.016174,0.884155,7.995,145.0,-1
1785814991.184,8682,1944235,0,0.00000000,0.00000000,0.00,0,0,-39.68,-0.026,-0.6370,0.5390,1.3230,1.5642,0.255371,-0.390869,0.015991,0.884155,7.995,141.2,-1
1785814992.463,8683,1944454,0,0.00000000,0.00000000,0.00,0,0,-39.69,-0.028,-0.3920,0.3920,1.0290,1.1688,0.255432,-0.390869,0.015930,0.884155,7.992,146.2,-1
1785814992.463,8688,1945555,0,0.00000000,0.00000000,0.00,0,0,-39.73,-0.033,-0.6370,0.2940,0.8820,1.1270,0.255310,-0.390869,0.016174,0.884155,7.991,143.8,-1
1785814993.758,8689,1945779,0,0.00000000,0.00000000,0.00,0,0,-39.70,-0.003,-0.4900,0.3430,0.9800,1.1481,0.255310,-0.390808,0.016174,0.884216,7.995,147.5,-1
1785814993.758,8693,1946659,0,0.00000000,0.00000000,0.00,0,0,-39.63,0.042,-0.5390,0.4410,0.9800,1.2022,0.255310,-0.390686,0.016235,0.884277,8.010,85.0,-1
1785814993.758,8694,1946880,0,0.00000000,0.00000000,0.00,0,0,-39.58,0.076,-0.5390,0.2940,1.1760,1.3266,0.255310,-0.390747,0.016235,0.884216,7.995,143.8,-1
1785814995.050,8699,1948014,0,0.00000000,0.00000000,0.00,0,0,-39.76,-0.033,-0.6370,0.2940,1.4210,1.5848,0.255310,-0.390747,0.016174,0.884216,7.996,141.2,-1
1785814995.050,8700,1948235,0,0.00000000,0.00000000,0.00,0,0,-39.63,0.036,-0.4410,0.2940,1.0780,1.2012,0.255310,-0.390747,0.016174,0.884216,7.997,145.0,-1
1785814996.331,8705,1949342,0,0.00000000,0.00000000,0.00,0,0,-39.58,0.048,-0.4900,0.6370,1.2740,1.5063,0.255371,-0.390747,0.016052,0.884216,7.996,145.0,-1
1785814996.331,8706,1949566,0,0.00000000,0.00000000,0.00,0,0,-39.64,-0.002,-0.5880,0.3430,1.1270,1.3166,0.255371,-0.390747,0.016052,0.884216,7.996,150.0,-1
1785814997.626,8711,1950666,0,0.00000000,0.00000000,0.00,0,0,-39.63,-0.033,-0.6860,0.5880,0.8820,1.2626,0.255371,-0.390808,0.015991,0.884216,7.995,147.5,-1
1785814997.626,8712,1950890,0,0.00000000,0.00000000,0.00,0,0,-39.60,-0.018,-0.4410,0.3920,0.9310,1.1022,0.255371,-0.390808,0.015991,0.884216,7.996,143.8,-1
1785814998.903,8717,1951982,0,0.00000000,0.00000000,0.00,0,0,-39.58,0.011,-0.4900,0.2450,0.9310,1.0802,0.255371,-0.390869,0.015991,0.884155,7.996,147.5,-1
1785815000.196,8718,1952195,0,0.00000000,0.00000000,0.00,0,0,-39.55,0.052,-0.6860,0.0980,1.3230,1.4935,0.255371,-0.390869,0.016113,0.884155,7.997,141.2,-1
1785815000.196,8722,1953114,0,0.00000000,0.00000000,0.00,0,0,-39.57,0.043,-0.5390,0.2450,0.9800,1.1450,0.255310,-0.390747,0.016113,0.884216,7.995,146.2,-1
1785815000.197,8723,1953336,0,0.00000000,0.00000000,0.00,0,0,-39.70,-0.035,-0.3920,0.1470,0.8820,0.9763,0.255310,-0.390747,0.016174,0.884216,7.996,138.8,-1
1785815001.477,8728,1954445,0,0.00000000,0.00000000,0.00,0,0,-39.57,0.015,-0.4410,0.3430,1.0780,1.2142,0.255371,-0.390686,0.015991,0.884216,7.997,142.5,-1
1785815001.477,8729,1954665,0,0.00000000,0.00000000,0.00,0,0,-39.64,-0.024,-0.4900,0.5390,1.1760,1.3833,0.255371,-0.390747,0.016052,0.884216,7.996,152.5,-1
1785815002.778,8734,1955770,0,0.00000000,0.00000000,0.00,0,0,-39.73,-0.058,-0.9800,0.4410,1.0780,1.5222,0.255371,-0.390747,0.016052,0.884216,7.995,147.5,-1
1785815002.778,8735,1955997,0,0.00000000,0.00000000,0.00,0,0,-39.64,0.003,-0.8330,0.2450,0.9310,1.2731,0.255371,-0.390747,0.016113,0.884216,7.996,150.0,-1
1785815004.062,8740,1957102,0,0.00000000,0.00000000,0.00,0,0,-39.67,0.007,-0.5390,0.2940,0.9800,1.1564,0.255371,-0.390747,0.016113,0.884216,7.995,141.2,-1
1785815005.343,8741,1957321,0,0.00000000,0.00000000,0.00,0,0,-39.72,-0.034,-0.7350,0.6370,1.0780,1.4519,0.255371,-0.390747,0.016052,0.884216,7.996,142.5,-1
1785815005.343,8746,1958435,0,0.00000000,0.00000000,0.00,0,0,-39.63,0.029,-0.6860,0.3920,1.5190,1.7122,0.255310,-0.390747,0.016174,0.884216,7.997,141.2,-1
1785815006.638,8747,1958654,0,0.00000000,0.00000000,0.00,0,0,-39.60,0.037,-0.5880,0.3920,0.9800,1.2082,0.255371,-0.390747,0.016113,0.884216,7.995,150.0,-1
1785815006.639,8751,1959559,0,0.00000000,0.00000000,0.00,0,0,-39.55,0.049,-0.5390,0.0980,0.9310,1.0802,0.255310,-0.390747,0.016235,0.884216,7.995,147.5,-1
1785815006.639,8752,1959776,0,0.00000000,0.00000000,0.00,0,0,-39.69,-0.028,-0.2450,0.2450,1.2250,1.2731,0.255249,-0.390808,0.016296,0.884216,7.995,143.8,-1
1785815007.916,8757,1960871,0,0.00000000,0.00000000,0.00,0,0,-39.66,-0.017,-0.2450,0.3430,1.0780,1.1575,0.255249,-0.390808,0.016296,0.884216,7.996,141.2,-1
1785815007.916,8758,1961112,0,0.00000000,0.00000000,0.00,0,0,-39.70,-0.025,-0.4900,0.6860,1.1760,1.4470,0.255249,-0.390808,0.016296,0.884216,7.995,142.5,-1
1785815009.215,8763,1962213,0,0.00000000,0.00000000,0.00,0,0,-39.62,-0.001,-0.2940,0.5390,1.0780,1.2406,0.255249,-0.390869,0.016296,0.884216,7.995,142.5,-1
1785815009.215,8764,1962428,0,0.00000000,0.00000000,0.00,0,0,-39.76,-0.079,-0.5390,0.1960,1.2740,1.3971,0.255310,-0.390808,0.016235,0.884216,7.992,146.2,-1
1785815010.498,8769,1963575,0,0.00000000,0.00000000,0.00,0,0,-39.70,-0.018,-0.8820,0.5390,0.9800,1.4244,0.255310,-0.390747,0.016113,0.884216,7.995,150.0,-1
1785815011.781,8770,1963799,0,0.00000000,0.00000000,0.00,0,0,-39.68,-0.018,-0.6370,0.2940,0.8330,1.0891,0.255310,-0.390808,0.016235,0.884216,7.996,146.2,-1
1785815011.785,8774,1964689,0,0.00000000,0.00000000,0.00,0,0,-39.72,-0.010,-0.5880,0.6370,1.4210,1.6646,0.255188,-0.390869,0.016418,0.884216,8.007,98.8,-1
1785815011.785,8775,1964910,0,0.00000000,0.00000000,0.00,0,0,-39.70,0.005,-0.2940,0.2940,0.8820,0.9751,0.255188,-0.390869,0.016418,0.884216,7.994,147.5,-1
1785815013.073,8780,1966031,0,0.00000000,0.00000000,0.00,0,0,-39.83,-0.046,-0.6860,0.1470,0.8820,1.1270,0.255188,-0.390869,0.016418,0.884216,7.992,146.2,-1
1785815013.073,8781,1966248,0,0.00000000,0.00000000,0.00,0,0,-39.63,0.066,-0.6370,0.7350,0.8330,1.2806,0.255188,-0.390869,0.016479,0.884216,7.994,151.2,-1
1785815014.368,8786,1967356,0,0.00000000,0.00000000,0.00,0,0,-39.79,0.002,-0.3920,0.2940,0.6860,0.8430,0.255371,-0.390747,0.016113,0.884216,7.995,143.8,-1
1785815014.368,8787,1967584,0,0.00000000,0.00000000,0.00,0,0,-39.77,0.028,-0.2940,0.2940,1.0290,1.1098,0.255371,-0.390808,0.016052,0.884216,7.995,147.5,-1
1785815015.653,8792,1968688,0,0.00000000,0.00000000,0.00,0,0,-39.79,0.023,-0.6370,0.4900,1.2250,1.4651,0.255249,-0.390808,0.016296,0.884216,7.996,145.0,-1
1785815015.653,8793,1968908,0,0.00000000,0.00000000,0.00,0,0,-39.87,-0.041,-0.7350,0.5880,1.0780,1.4311,0.255249,-0.390808,0.016357,0.884216,7.997,147.5,-1
1785815016.936,8798,1969991,0,0.00000000,0.00000000,0.00,0,0,-39.74,0.027,-0.5880,0.6860,1.3230,1.6021,0.255310,-0.390869,0.016174,0.884216,7.996,145.0,-1
1785815018.231,8799,1970210,0,0.00000000,0.00000000,0.00,0,0,-39.76,-0.019,-0.4410,0.6860,1.1270,1.3911,0.255310,-0.390869,0.016174,0.884216,7.997,145.0,-1
1785815018.231,8804,1971353,0,0.00000000,0.00000000,0.00,0,0,-39.84,0.001,-0.3920,0.3430,1.1270,1.2415,0.255188,-0.390930,0.016418,0.884216,7.995,146.2,-1
1785815019.511,8809,1972449,0,0.00000000,0.00000000,0.00,0,0,-39.91,-0.010,-0.4410,0.3920,1.2740,1.4040,0.255249,-0.390869,0.016357,0.884216,7.996,148.8,-1
1785815019.515,8810,1972677,0,0.00000000,0.00000000,0.00,0,0,-39.92,-0.025,-0.5880,0.5880,1.1760,1.4403,0.255249,-0.390869,0.016357,0.884216,7.997,141.2,-1
1785815020.805,8815,1973794,0,0.00000000,0.00000000,0.00,0,0,-39.78,0.077,-0.5390,0.3920,1.3230,1.4814,0.255249,-0.390808,0.016357,0.884216,7.996,147.5,-1
1785815020.805,8816,1974019,0,0.00000000,0.00000000,0.00,0,0,-39.91,-0.002,-0.2940,0.4410,1.1270,1.2454,0.255249,-0.390869,0.016357,0.884216,7.997,147.5,-1
1785815022.084,8821,1975122,0,0.00000000,0.00000000,0.00,0,0,-39.90,-0.027,-0.5390,0.6370,0.9310,1.2502,0.255310,-0.390869,0.016418,0.884155,7.997,143.8,-1
1785815022.089,8822,1975349,0,0.00000000,0.00000000,0.00,0,0,-39.89,-0.001,-0.7350,0.7350,1.2250,1.6066,0.255310,-0.390930,0.016418,0.884155,7.995,151.2,-1
1785815023.380,8827,1976464,0,0.00000000,0.00000000,0.00,0,0,-39.95,-0.030,-0.6370,0.3920,1.1270,1.3526,0.255371,-0.391113,0.016235,0.884033,7.996,147.5,-1
1785815024.660,8828,1976683,0,0.00000000,0.00000000,0.00,0,0,-39.90,0.006,-0.4900,0.5390,1.0780,1.3010,0.255371,-0.391174,0.016174,0.884033,7.995,147.5,-1
1785815024.660,8832,1977566,0,0.00000000,0.00000000,0.00,0,0,-39.85,0.054,-0.4900,0.4410,1.1270,1.3056,0.255371,-0.391113,0.016174,0.884033,7.997,143.8,-1
1785815024.660,8833,1977784,0,0.00000000,0.00000000,0.00,0,0,-39.85,0.043,-0.6860,0.2940,1.3720,1.5619,0.255432,-0.391113,0.016174,0.884033,7.995,147.5,-1
1785815025.954,8838,1978900,0,0.00000000,0.00000000,0.00,0,0,-40.06,-0.101,-0.8820,0.6860,1.1270,1.5870,0.255371,-0.390930,0.016235,0.884155,7.996,151.2,-1
1785815025.954,8839,1979114,0,0.00000000,0.00000000,0.00,0,0,-39.95,-0.013,-0.5880,0.4410,1.2250,1.4286,0.255371,-0.390930,0.016235,0.884155,7.995,150.0,-1
1785815027.237,8844,1980222,0,0.00000000,0.00000000,0.00,0,0,-39.90,-0.012,-0.3920,0.1470,0.7840,0.8888,0.255371,-0.390930,0.016296,0.884155,7.995,147.5,-1
1785815027.238,8845,1980444,0,0.00000000,0.00000000,0.00,0,0,-39.86,0.019,-0.2940,0.4900,1.2740,1.3963,0.255371,-0.390930,0.016296,0.884155,7.995,147.5,-1
1785815028.533,8850,1981553,0,0.00000000,0.00000000,0.00,0,0,-40.00,-0.028,-0.4410,0.3920,0.9310,1.1022,0.255432,-0.390991,0.016174,0.884094,7.995,146.2,-1
1785815028.533,8851,1981780,0,0.00000000,0.00000000,0.00,0,0,-39.92,0.032,-0.2940,0.3920,1.0290,1.1397,0.255432,-0.391052,0.016174,0.884094,7.995,147.5,-1
1785815029.827,8856,1982888,0,0.00000000,0.00000000,0.00,0,0,-39.95,0.029,-0.7840,0.5880,0.9310,1.3517,0.255432,-0.391235,0.016113,0.883972,7.995,145.0,-1
1785815031.110,8857,1983099,0,0.00000000,0.00000000,0.00,0,0,-39.89,0.057,-0.6860,0.6370,1.5190,1.7843,0.255432,-0.391235,0.016113,0.883972,7.995,145.0,-1
1785815031.110,8862,1984210,0,0.00000000,0.00000000,0.00,0,0,-39.83,0.072,-0.4410,0.0980,1.0780,1.1688,0.255371,-0.391052,0.016235,0.884094,7.995,143.8,-1
1785815032.394,8863,1984431,0,0.00000000,0.00000000,0.00,0,0,-39.88,0.022,-0.4900,0.2940,0.7350,0.9310,0.255371,-0.391113,0.016235,0.884033,7.995,143.8,-1
1785815032.394,8867,1985341,0,0.00000000,0.00000000,0.00,0,0,-39.99,-0.033,-0.7350,0.1960,0.8330,1.1281,0.255371,-0.391174,0.016174,0.884033,7.994,141.2,-1
1785815032.397,8868,1985564,0,0.00000000,0.00000000,0.00,0,0,-39.97,-0.011,-0.6860,0.8330,0.9800,1.4577,0.255371,-0.391174,0.016174,0.884033,7.995,141.2,-1
1785815033.687,8873,1986663,0,0.00000000,0.00000000,0.00,0,0,-39.91,0.021,-0.6370,0.4900,1.3720,1.5900,0.255432,-0.390991,0.016113,0.884094,7.995,143.8,-1
1785815033.687,8874,1986884,0,0.00000000,0.00000000,0.00,0,0,-39.83,0.097,-0.5880,0.6860,1.3720,1.6428,0.255432,-0.390991,0.016113,0.884094,7.996,143.8,-1
1785815034.969,8879,1988006,0,0.00000000,0.00000000,0.00,0,0,-39.87,0.069,-0.5880,0.5390,1.3720,1.5870,0.255432,-0.391052,0.016113,0.884033,7.995,143.8,-1
1785815034.969,8880,1988217,0,0.00000000,0.00000000,0.00,0,0,-39.86,0.063,-0.3920,0.4410,1.0780,1.2289,0.255432,-0.391052,0.016113,0.884033,7.996,145.0,-1
1785815036.265,8885,1989351,0,0.00000000,0.00000000,0.00,0,0,-39.85,0.049,-0.5390,0.3920,0.9800,1.1852,0.255371,-0.391052,0.016235,0.884094,7.995,141.2,-1
1785815037.546,8886,1989569,0,0.00000000,0.00000000,0.00,0,0,-39.74,0.116,-0.6370,0.5390,1.1760,1.4420,0.255371,-0.391052,0.016296,0.884094,7.997,147.5,-1
1785815037.546,8890,1990451,0,0.00000000,0.00000000,0.00,0,0,-39.97,-0.070,-0.7350,1.0290,0.2450,1.2881,0.255371,-0.391052,0.016235,0.884094,7.992,100.0,-1
1785815037.546,8891,1990675,0,0.00000000,0.00000000,0.00,0,0,-39.94,-0.048,-0.5390,0.2940,1.0290,1.1982,0.255432,-0.391052,0.016174,0.884094,7.997,142.5,-1
1785815038.827,8896,1991796,0,0.00000000,0.00000000,0.00,0,0,-39.75,0.075,-0.4410,0.4410,1.0290,1.2032,0.255371,-0.390991,0.016235,0.884094,7.996,143.8,-1
1785815038.827,8897,1992020,0,0.00000000,0.00000000,0.00,0,0,-39.89,0.001,-0.5880,0.2940,1.1760,1.3473,0.255371,-0.391052,0.016235,0.884094,7.997,140.0,-1
1785815040.120,8902,1993115,0,0.00000000,0.00000000,0.00,0,0,-39.70,0.078,-1.3230,0.6370,0.7350,1.6420,0.255371,-0.391174,0.016174,0.884033,7.996,147.5,-1
1785815040.120,8903,1993340,0,0.00000000,0.00000000,0.00,0,0,-39.83,-0.012,-0.4900,0.4410,0.8820,1.1011,0.255371,-0.391235,0.016235,0.884033,7.996,146.2,-1
1785815041.415,8908,1994450,0,0.00000000,0.00000000,0.00,0,0,-39.66,0.082,-0.5880,0.4900,1.1270,1.3623,0.255371,-0.391113,0.016174,0.884033,7.995,146.2,-1
1785815041.415,8909,1994671,0,0.00000000,0.00000000,0.00,0,0,-39.80,-0.012,-0.6370,0.6370,1.0780,1.4049,0.255371,-0.391113,0.016174,0.884033,7.992,147.5,-1
1785815042.700,8914,1995773,0,0.00000000,0.00000000,0.00,0,0,-39.71,0.025,-0.3430,0.4900,1.2740,1.4074,0.255432,-0.391174,0.016113,0.884033,7.996,151.2,-1
1785815043.992,8915,1995997,0,0.00000000,0.00000000,0.00,0,0,-39.68,0.043,-0.1470,0.2940,2.1070,2.1325,0.255432,-0.391174,0.016113,0.884033,7.997,148.8,-1
1785815043.992,8919,1996888,0,0.00000000,0.00000000,0.00,0,0,-39.81,-0.073,-0.3430,0.3920,1.2740,1.3764,0.255432,-0.391113,0.016174,0.884033,8.006,80.0,-1
1785815043.993,8920,1997107,0,0.00000000,0.00000000,0.00,0,0,-39.80,-0.054,-0.3430,0.0490,0.6860,0.7685,0.255432,-0.391052,0.016113,0.884033,7.996,143.8,-1
1785815045.277,8925,1998203,0,0.00000000,0.00000000,0.00,0,0,-39.78,-0.020,-0.4900,0.2940,1.1760,1.3075,0.255432,-0.391113,0.016113,0.884033,7.995,147.5,-1
1785815045.277,8926,1998432,0,0.00000000,0.00000000,0.00,0,0,-39.87,-0.073,-0.4410,0.4410,1.2740,1.4185,0.255371,-0.391113,0.016174,0.884033,7.997,145.0,-1
1785815046.559,8931,1999579,0,0.00000000,0.00000000,0.00,0,0,-39.82,-0.012,-0.4900,0.3920,1.2740,1.4202,0.255432,-0.391174,0.016174,0.884033,7.994,151.2,-1
1785815046.559,8932,1999803,0,0.00000000,0.00000000,0.00,0,0,-39.83,-0.034,-0.7840,0.1470,1.7150,1.8914,0.255432,-0.391174,0.016113,0.884033,7.996,146.2,-1
1785815047.855,8937,2000908,0,0.00000000,0.00000000,0.00,0,0,-39.81,-0.000,-1.4210,-0.0490,2.4990,2.8752,0.255432,-0.390991,0.016113,0.884094,7.996,146.2,-1
1785815049.136,8938,2001127,0,0.00000000,0.00000000,0.00,0,0,-39.80,0.009,-0.4410,0.3920,1.1270,1.2721,0.255432,-0.390991,0.016174,0.884094,7.995,147.5,-1
1785815049.140,8943,2002236,0,0.00000000,0.00000000,0.00,0,0,-39.87,-0.037,-0.3430,0.2450,1.0780,1.1575,0.255432,-0.390930,0.016174,0.884094,7.995,150.0,-1
1785815050.427,8944,2002460,0,0.00000000,0.00000000,0.00,0,0,-39.88,-0.041,-0.6860,0.6370,1.2250,1.5417,0.255432,-0.390991,0.016113,0.884094,7.996,141.2,-1
1785815050.427,8948,2003349,0,0.00000000,0.00000000,0.00,0,0,-39.77,0.016,-0.3920,0.3430,1.3720,1.4675,0.255432,-0.391052,0.016113,0.884094,7.994,145.0,-1
1785815050.427,8949,2003571,0,0.00000000,0.00000000,0.00,0,0,-39.83,-0.017,-0.5880,0.2940,0.8330,1.0612,0.255432,-0.391113,0.016113,0.884033,7.994,155.0,-1
1785815051.712,8954,2004684,0,0.00000000,0.00000000,0.00,0,0,-39.89,-0.056,-0.5880,0.3920,1.1270,1.3302,0.255432,-0.391052,0.016113,0.884094,7.996,141.2,-1
1785815051.712,8955,2004910,0,0.00000000,0.00000000,0.00,0,0,-39.81,-0.006,-0.3920,0.1470,0.7350,0.8459,0.255432,-0.390991,0.016113,0.884094,7.994,151.2,-1
1785815053.005,8960,2006024,0,0.00000000,0.00000000,0.00,0,0,-39.88,-0.030,-0.8330,0.5390,1.2740,1.6148,0.255432,-0.391052,0.016174,0.884033,7.995,141.2,-1
1785815053.005,8961,2006234,0,0.00000000,0.00000000,0.00,0,0,-39.80,0.011,-0.7350,0.2940,0.9310,1.2221,0.255432,-0.391052,0.016174,0.884094,7.995,147.5,-1
1785815054.284,8966,2007338,0,0.00000000,0.00000000,0.00,0,0,-39.94,-0.058,-0.6860,0.3430,1.0290,1.2834,0.255432,-0.391174,0.016113,0.884033,7.996,148.8,-1
1785815054.285,8967,2007556,0,0.00000000,0.00000000,0.00,0,0,-39.82,0.011,-0.5880,0.5880,1.4700,1.6889,0.255432,-0.391174,0.016113,0.884033,7.996,150.0,-1
1785815055.579,8972,2008662,0,0.00000000,0.00000000,0.00,0,0,-39.87,-0.029,-0.4410,0.4900,0.8820,1.1011,0.255432,-0.391052,0.016052,0.884094,7.994,145.0,-1
1785815056.871,8973,2008883,0,0.00000000,0.00000000,0.00,0,0,-39.76,0.030,-0.7840,0.1470,1.0780,1.3410,0.255432,-0.391113,0.016052,0.884033,7.997,143.8,-1
1785815056.871,8978,2009983,0,0.00000000,0.00000000,0.00,0,0,-39.80,0.011,-0.5880,0.3430,1.0780,1.2749,0.255432,-0.390991,0.016052,0.884094,7.997,145.0,-1
1785815058.155,8983,2011117,0,0.00000000,0.00000000,0.00,0,0,-39.81,0.029,-0.5390,0.2940,0.9800,1.1564,0.255432,-0.391052,0.016113,0.884094,7.996,145.0,-1
1785815058.155,8984,2011336,0,0.00000000,0.00000000,0.00,0,0,-39.85,-0.011,-0.6370,0.1470,1.4700,1.6088,0.255432,-0.390991,0.016174,0.884094,7.996,147.5,-1
1785815059.439,8989,2012441,0,0.00000000,0.00000000,0.00,0,0,-39.88,-0.028,-0.6370,0.4410,1.0290,1.2881,0.255432,-0.391052,0.016113,0.884094,7.997,146.2,-1
1785815059.439,8990,2012668,0,0.00000000,0.00000000,0.00,0,0,-39.75,0.056,-0.4410,0.2940,1.2740,1.3799,0.255432,-0.390991,0.016113,0.884094,7.996,153.8,-1
1785815060.736,8995,2013760,0,0.00000000,0.00000000,0.00,0,0,-39.79,-0.006,-0.2940,0.3430,1.0290,1.1238,0.255432,-0.390991,0.016052,0.884094,7.996,148.8,-1
1785815060.736,8996,2013984,0,0.00000000,0.00000000,0.00,0,0,-39.82,-0.012,-0.4410,0.1470,0.8330,0.9539,0.255493,-0.390991,0.015991,0.884094,7.995,140.0,-1
1785815062.022,9001,2015118,0,0.00000000,0.00000000,0.00,0,0,-39.70,0.081,-0.5880,0.4410,1.1760,1.3868,0.255432,-0.390930,0.016174,0.884155,7.996,152.5,-1
1785815063.307,9002,2015345,0,0.00000000,0.00000000,0.00,0,0,-39.72,0.071,-0.4900,0.4410,0.7840,1.0243,0.255432,-0.390869,0.016174,0.884155,7.995,146.2,-1
1785815063.307,9006,2016216,0,0.00000000,0.00000000,0.00,0,0,-39.82,-0.036,-0.5390,0.4410,1.4700,1.6266,0.255371,-0.390930,0.016235,0.884155,7.995,150.0,-1
1785815063.307,9007,2016435,0,0.00000000,0.00000000,0.00,0,0,-39.86,-0.038,-0.7840,0.6370,1.2250,1.5878,0.255371,-0.390991,0.016235,0.884094,7.995,151.2,-1
1785815064.597,9012,2017568,0,0.00000000,0.00000000,0.00,0,0,-39.91,-0.081,-0.7350,0.5880,1.4700,1.7455,0.255432,-0.390991,0.016113,0.884094,7.995,151.2,-1
1785815064.597,9013,2017790,0,0.00000000,0.00000000,0.00,0,0,-39.78,0.015,-0.3430,0.5390,1.0780,1.2531,0.255432,-0.390991,0.016113,0.884094,7.995,148.8,-1
1785815065.880,9018,2018889,0,0.00000000,0.00000000,0.00,0,0,-39.87,-0.079,-0.4900,0.3920,1.1270,1.2899,0.255432,-0.391052,0.016113,0.884033,7.996,146.2,-1
1785815065.880,9019,2019108,0,0.00000000,0.00000000,0.00,0,0,-39.83,-0.059,-0.5880,0.2940,1.1760,1.3473,0.255432,-0.391052,0.016052,0.884094,7.996,148.8,-1
1785815067.172,9024,2020218,0,0.00000000,0.00000000,0.00,0,0,-39.93,-0.118,-0.4900,0.3920,0.8330,1.0429,0.255432,-0.391174,0.016113,0.884033,7.995,145.0,-1
1785815068.452,9025,2020440,0,0.00000000,0.00000000,0.00,0,0,-39.75,0.006,-0.5390,0.4410,1.0780,1.2834,0.255432,-0.391174,0.016113,0.884033,7.995,145.0,-1
1785815068.452,9030,2021560,0,0.00000000,0.00000000,0.00,0,0,-39.69,0.042,-0.7840,0.3920,0.9310,1.2787,0.255432,-0.390991,0.016113,0.884094,7.996,146.2,-1
1785815069.747,9031,2021780,0,0.00000000,0.00000000,0.00,0,0,-39.90,-0.082,-0.2450,0.2940,1.1270,1.1902,0.255432,-0.390930,0.016113,0.884094,7.997,143.8,-1
1785815069.747,9035,2022667,0,0.00000000,0.00000000,0.00,0,0,-39.85,-0.038,-0.4410,0.4410,0.9800,1.1616,0.255432,-0.391052,0.016113,0.884094,7.995,147.5,-1
1785815069.747,9036,2022890,0,0.00000000,0.00000000,0.00,0,0,-39.86,-0.040,-0.2450,0.2450,1.0290,1.0858,0.255432,-0.391052,0.016113,0.884094,7.996,152.5,-1
1785815071.029,9041,2024006,0,0.00000000,0.00000000,0.00,0,0,-39.83,-0.021,-0.6860,0.3920,0.6860,1.0464,0.255371,-0.391052,0.016174,0.884094,7.995,143.8,-1
1785815071.029,9042,2024217,0,0.00000000,0.00000000,0.00,0,0,-39.84,-0.020,-0.1470,0.1960,1.4210,1.4420,0.255371,-0.391052,0.016174,0.884094,7.996,145.0,-1
1785815072.317,9047,2025335,0,0.00000000,0.00000000,0.00,0,0,-40.00,-0.143,-0.4410,0.1470,1.1760,1.2645,0.255432,-0.390808,0.016174,0.884155,7.995,143.8,-1
1785815072.317,9048,2025558,0,0.00000000,0.00000000,0.00,0,0,-39.88,-0.057,-0.6860,0.4900,1.1760,1.4470,0.255432,-0.390808,0.016174,0.884155,7.997,146.2,-1
1785815073.606,9053,2026661,0,0.00000000,0.00000000,0.00,0,0,-39.79,0.036,-0.1960,0.3920,1.3230,1.3937,0.255432,-0.390869,0.016174,0.884155,7.997,143.8,-1
1785815073.606,9054,2026879,0,0.00000000,0.00000000,0.00,0,0,-39.88,-0.040,-0.4900,0.1960,0.5880,0.7901,0.255432,-0.390930,0.016174,0.884094,7.997,147.5,-1
1785815074.897,9059,2028000,0,0.00000000,0.00000000,0.00,0,0,-39.90,-0.054,-0.5880,0.3430,1.4210,1.5756,0.255432,-0.391052,0.016113,0.884094,7.996,148.8,-1
1785815076.186,9060,2028216,0,0.00000000,0.00000000,0.00,0,0,-39.84,-0.006,-0.5880,0.2450,0.8330,1.0486,0.255432,-0.390991,0.016052,0.884094,7.996,145.0,-1
1785815076.186,9064,2029126,0,0.00000000,0.00000000,0.00,0,0,-39.90,-0.035,-0.5390,0.2940,1.6660,1.7755,0.255432,-0.391052,0.016052,0.884033,7.997,143.8,-1
1785815076.190,9065,2029349,0,0.00000000,0.00000000,0.00,0,0,-39.94,-0.055,-0.9800,0.1960,1.5680,1.8594,0.255432,-0.391113,0.016113,0.884033,7.997,143.8,-1
1785815077.469,9070,2030457,0,0.00000000,0.00000000,0.00,0,0,-39.86,-0.005,-0.8820,0.4900,0.9800,1.4066,0.255432,-0.391052,0.016174,0.884094,7.995,146.2,-1
1785815077.469,9071,2030679,0,0.00000000,0.00000000,0.00,0,0,-39.85,0.002,-0.4410,0.2940,1.1760,1.2899,0.255371,-0.391052,0.016174,0.884094,7.996,147.5,-1
1785815078.762,9076,2031789,0,0.00000000,0.00000000,0.00,0,0,-39.88,-0.015,-0.1960,0.1960,1.0290,1.0657,0.255371,-0.390930,0.016174,0.884094,7.997,147.5,-1
1785815078.762,9077,2032011,0,0.00000000,0.00000000,0.00,0,0,-39.88,-0.020,-0.5880,0.4410,0.9310,1.1862,0.255371,-0.390930,0.016174,0.884094,7.995,143.8,-1
1785815080.058,9082,2033118,0,0.00000000,0.00000000,0.00,0,0,-39.98,-0.086,-0.5390,0.5880,1.1270,1.3807,0.255432,-0.390869,0.016235,0.884155,7.996,146.2,-1
1785815081.345,9083,2033345,0,0.00000000,0.00000000,0.00,0,0,-39.86,-0.008,-0.2940,0.1960,0.6860,0.7717,0.255371,-0.390930,0.016235,0.884155,7.997,140.0,-1
1785815081.345,9088,2034457,0,0.00000000,0.00000000,0.00,0,0,-39.85,0.007,-0.5880,0.7350,1.5190,1.7870,0.255432,-0.390869,0.016174,0.884155,7.995,151.2,-1
1785815082.630,9089,2034680,0,0.00000000,0.00000000,0.00,0,0,-40.03,-0.100,-0.0490,0.0980,1.4210,1.4252,0.255432,-0.390930,0.016113,0.884094,7.995,148.8,-1
1785815082.630,9093,2035565,0,0.00000000,0.00000000,0.00,0,0,-39.98,-0.068,-0.6860,0.5390,1.1270,1.4252,0.255432,-0.390991,0.016113,0.884094,7.994,153.8,-1
1785815082.635,9094,2035788,0,0.00000000,0.00000000,0.00,0,0,-39.87,-0.002,-0.4900,0.1960,0.8330,0.9861,0.255432,-0.391052,0.016113,0.884094,7.995,141.2,-1
1785815083.914,9099,2036892,0,0.00000000,0.00000000,0.00,0,0,-39.86,-0.010,-0.3920,0.5390,1.3230,1.4814,0.255371,-0.391113,0.016174,0.884033,7.995,148.8,-1
1785815083.914,9100,2037105,0,0.00000000,0.00000000,0.00,0,0,-39.91,-0.058,-0.4900,0.5390,1.2740,1.4675,0.255371,-0.391113,0.016235,0.884033,7.995,148.8,-1
1785815085.209,9105,2038205,0,0.00000000,0.00000000,0.00,0,0,-39.98,-0.091,-0.6860,0.4900,1.6170,1.8236,0.255371,-0.391235,0.016235,0.883972,7.995,147.5,-1
1785815085.209,9106,2038426,0,0.00000000,0.00000000,0.00,0,0,-39.98,-0.077,-0.7840,0.7350,1.3720,1.7428,0.255432,-0.391235,0.016113,0.883972,7.995,146.2,-1
1785815086.492,9111,2039565,0,0.00000000,0.00000000,0.00,0,0,-39.98,-0.052,-0.7350,0.3920,1.1270,1.4014,0.255432,-0.391174,0.016174,0.884033,7.992,153.8,-1
1785815087.779,9112,2039786,0,0.00000000,0.00000000,0.00,0,0,-39.92,-0.016,-0.6860,0.6370,1.3230,1.6207,0.255554,-0.391113,0.016174,0.884033,7.994,150.0,-1
1785815087.784,9116,2040677,0,0.00000000,0.00000000,0.00,0,0,-39.87,0.044,-0.6860,0.3430,1.2740,1.4871,0.255554,-0.391113,0.016052,0.884033,8.007,87.5,-1
1785815087.784,9117,2040900,0,0.00000000,0.00000000,0.00,0,0,-39.93,0.020,-0.4900,0.5880,1.0780,1.3221,0.255554,-0.391113,0.015991,0.884033,7.996,146.2,-1
1785815089.065,9122,2042013,0,0.00000000,0.00000000,0.00,0,0,-40.00,-0.025,-0.6860,0.5880,1.2250,1.5222,0.255493,-0.390808,0.016174,0.884155,7.995,150.0,-1
1785815089.065,9123,2042230,0,0.00000000,0.00000000,0.00,0,0,-39.95,0.000,-0.2940,0.0980,0.6370,0.7084,0.255493,-0.390808,0.016235,0.884155,7.994,143.8,-1
1785815090.358,9128,2043352,0,0.00000000,0.00000000,0.00,0,0,-39.89,0.047,-0.4410,0.4410,0.8820,1.0802,0.255493,-0.390808,0.016174,0.884155,7.992,155.0,-1
1785815090.358,9129,2043576,0,0.00000000,0.00000000,0.00,0,0,-39.96,0.013,-0.4900,0.2940,0.8330,1.0102,0.255615,-0.390869,0.016113,0.884094,7.995,153.8,-1
1785815091.637,9134,2044675,0,0.00000000,0.00000000,0.00,0,0,-39.91,0.044,-0.7350,0.4900,1.2250,1.5103,0.255554,-0.390808,0.016418,0.884094,7.995,153.8,-1
1785815091.638,9135,2044899,0,0.00000000,0.00000000,0.00,0,0,-39.87,0.057,-0.4900,0.4410,0.9800,1.1811,0.255554,-0.390930,0.016357,0.884094,7.995,146.2,-1
1785815092.935,9140,2046014,0,0.00000000,0.00000000,0.00,0,0,-39.92,-0.009,-0.6860,0.3920,1.0290,1.2973,0.255676,-0.390869,0.016235,0.884094,7.995,146.2,-1
1785815094.216,9141,2046233,0,0.00000000,0.00000000,0.00,0,0,-39.96,-0.025,-0.7840,0.4410,1.4700,1.7234,0.255676,-0.390869,0.016235,0.884094,7.996,145.0,-1
1785815094.216,9145,2047124,0,0.00000000,0.00000000,0.00,0,0,-39.88,0.028,-0.5880,0.4900,1.3230,1.5285,0.255676,-0.390930,0.016235,0.884033,7.995,147.5,-1
1785815094.216,9146,2047344,0,0.00000000,0.00000000,0.00,0,0,-40.07,-0.073,-0.4410,0.5390,1.0290,1.2425,0.255615,-0.390930,0.016296,0.884033,7.997,140.0,-1
1785815095.505,9151,2048449,0,0.00000000,0.00000000,0.00,0,0,-40.12,-0.067,-0.8330,0.0980,1.4700,1.6925,0.255798,-0.390930,0.016113,0.884033,7.996,147.5,-1
1785815095.505,9152,2048674,0,0.00000000,0.00000000,0.00,0,0,-39.89,0.084,-0.6860,0.5390,1.2250,1.5039,0.255737,-0.390808,0.016052,0.884094,7.996,150.0,-1
1785815096.801,9157,2049780,0,0.00000000,0.00000000,0.00,0,0,-39.97,0.034,-0.6860,0.6860,1.2740,1.6013,0.255737,-0.390808,0.016052,0.884094,7.997,145.0,-1
1785815096.801,9158,2049999,0,0.00000000,0.00000000,0.00,0,0,-40.05,-0.018,-0.5390,0.2940,0.9310,1.1152,0.255737,-0.390869,0.016113,0.884094,7.996,146.2,-1
1785815098.083,9163,2051123,0,0.00000000,0.00000000,0.00,0,0,-40.04,0.013,-0.5390,0.6370,1.4210,1.6479,0.255615,-0.390991,0.016357,0.884033,7.996,140.0,-1
1785815098.083,9164,2051345,0,0.00000000,0.00000000,0.00,0,0,-40.04,0.018,-0.3920,0.2450,0.8820,0.9958,0.255676,-0.390991,0.016296,0.884033,7.995,145.0,-1
1785815099.375,9169,2052447,0,0.00000000,0.00000000,0.00,0,0,-40.25,-0.095,-0.3920,0.2940,0.7840,0.9245,0.255615,-0.390991,0.016296,0.884033,7.999,140.0,-1
1785815100.653,9170,2052672,0,0.00000000,0.00000000,0.00,0,0,-40.08,0.023,-0.4900,0.1470,1.0780,1.1932,0.255615,-0.390991,0.016235,0.884033,7.995,150.0,-1
1785815100.653,9174,2053554,0,0.00000000,0.00000000,0.00,0,0,-40.32,-0.154,-0.5390,0.4900,1.2740,1.4675,0.255615,-0.390930,0.016296,0.884094,8.002,138.8,-1
1785815100.660,9175,2053779,0,0.00000000,0.00000000,0.00,0,0,-40.19,-0.060,-0.3920,0.5390,0.9310,1.1450,0.255615,-0.390930,0.016296,0.884033,7.996,145.0,-1
1785815101.940,9180,2054888,0,0.00000000,0.00000000,0.00,0,0,-40.02,0.056,-0.6370,0.6860,1.2250,1.5417,0.255615,-0.390869,0.016235,0.884094,7.997,143.8,-1
1785815101.940,9181,2055104,0,0.00000000,0.00000000,0.00,0,0,-40.04,0.039,-0.5390,0.2940,0.7840,0.9958,0.255676,-0.390869,0.016174,0.884094,7.996,142.5,-1
1785815103.241,9186,2056197,0,0.00000000,0.00000000,0.00,0,0,-40.19,-0.071,-0.6370,0.4410,0.9800,1.2493,0.255737,-0.390930,0.016235,0.884033,7.996,151.2,-1
1785815103.241,9187,2056424,0,0.00000000,0.00000000,0.00,0,0,-40.13,-0.028,-0.2940,0.2940,1.0290,1.1098,0.255798,-0.390869,0.016235,0.884033,7.996,141.2,-1
1785815104.521,9192,2057548,0,0.00000000,0.00000000,0.00,0,0,-40.04,0.013,-0.4410,0.3920,1.0290,1.1862,0.255920,-0.390991,0.016113,0.883972,7.996,147.5,-1
1785815104.521,9193,2057772,0,0.00000000,0.00000000,0.00,0,0,-40.09,-0.003,-0.3920,0.2450,0.6860,0.8272,0.255859,-0.390930,0.016052,0.884033,7.995,147.5,-1
1785815105.814,9198,2058888,0,0.00000000,0.00000000,0.00,0,0,-40.10,0.004,-0.6860,0.5880,0.8330,1.2289,0.255737,-0.391052,0.016113,0.883972,7.995,147.5,-1
1785815107.106,9199,2059101,0,0.00000000,0.00000000,0.00,0,0,-40.14,-0.007,-0.3430,0.0490,1.0290,1.0858,0.255737,-0.391052,0.016174,0.883972,7.995,145.0,-1
1785815107.106,9203,2060000,0,0.00000000,0.00000000,0.00,0,0,-40.16,-0.024,-0.4900,0.0000,1.2250,1.3194,0.255615,-0.390930,0.016235,0.884094,7.999,142.5,-1
1785815107.106,9204,2060215,0,0.00000000,0.00000000,0.00,0,0,-40.03,0.037,0.2940,0.5390,0.8330,1.0348,0.255676,-0.390869,0.016296,0.884094,7.995,147.5,-1
1785815108.389,9209,2061324,0,0.00000000,0.00000000,0.00,0,0,-40.24,-0.088,-0.3920,0.1470,1.2740,1.3410,0.255798,-0.390747,0.016174,0.884094,7.995,140.0,-1
1785815108.389,9210,2061544,0,0.00000000,0.00000000,0.00,0,0,-40.34,-0.143,-0.6860,0.4410,0.7350,1.0979,0.255798,-0.390747,0.016113,0.884094,7.996,142.5,-1
1785815109.670,9215,2062646,0,0.00000000,0.00000000,0.00,0,0,-40.31,-0.078,-0.5390,0.3430,0.7840,1.0113,0.255798,-0.390808,0.016113,0.884094,7.997,142.5,-1
1785815109.670,9216,2062868,0,0.00000000,0.00000000,0.00,0,0,-40.13,0.048,-0.6370,0.5880,1.1760,1.4610,0.255798,-0.390808,0.016113,0.884033,7.995,145.0,-1
1785815110.966,9221,2064002,0,0.00000000,0.00000000,0.00,0,0,-40.17,0.010,-0.2940,0.0490,1.0780,1.1184,0.255798,-0.390808,0.016052,0.884094,7.995,146.2,-1
1785815110.966,9222,2064219,0,0.00000000,0.00000000,0.00,0,0,-40.16,0.024,-0.5880,0.3430,1.1270,1.3166,0.255798,-0.390808,0.016052,0.884094,7.995,145.0,-1
1785815112.248,9227,2065353,0,0.00000000,0.00000000,0.00,0,0,-40.14,0.026,-0.6860,0.4900,1.1270,1.4074,0.255859,-0.390747,0.016052,0.884094,7.996,142.5,-1
1785815113.531,9228,2065571,0,0.00000000,0.00000000,0.00,0,0,-40.27,-0.072,-0.6370,0.6860,1.8620,2.0841,0.255859,-0.390747,0.016052,0.884094,7.995,148.8,-1
1785815113.531,9232,2066452,0,0.00000000,0.00000000,0.00,0,0,-40.23,-0.006,-0.7350,0.6370,0.9310,1.3464,0.255798,-0.390869,0.016357,0.884033,7.996,148.8,-1
1785815113.531,9233,2066673,0,0.00000000,0.00000000,0.00,0,0,-40.27,-0.039,-0.4410,0.3920,0.7840,0.9812,0.255798,-0.390869,0.016541,0.884033,7.997,146.2,-1
1785815114.827,9238,2067778,0,0.00000000,0.00000000,0.00,0,0,-40.24,-0.050,-0.3430,0.4900,0.8330,1.0255,0.255798,-0.390991,0.016418,0.883972,7.996,146.2,-1
1785815114.827,9239,2068000,0,0.00000000,0.00000000,0.00,0,0,-40.15,0.011,-0.4900,0.2940,0.7840,0.9702,0.255798,-0.391052,0.016418,0.883972,7.996,141.2,-1
1785815116.109,9244,2069122,0,0.00000000,0.00000000,0.00,0,0,-40.16,0.001,-0.6860,0.6860,0.9800,1.3790,0.255798,-0.391235,0.016357,0.883911,7.997,141.2,-1
1785815116.109,9245,2069340,0,0.00000000,0.00000000,0.00,0,0,-40.19,-0.005,-0.5880,0.3920,1.4700,1.6310,0.255798,-0.391235,0.016357,0.883911,7.997,145.0,-1
1785815117.406,9250,2070443,0,0.00000000,0.00000000,0.00,0,0,-40.27,-0.042,-0.7350,0.1960,0.7840,1.0924,0.255798,-0.390930,0.016357,0.883972,7.996,147.5,-1
1785815117.406,9251,2070664,0,0.00000000,0.00000000,0.00,0,0,-40.18,0.021,-0.3920,0.4410,1.0290,1.1862,0.255798,-0.390991,0.016357,0.883972,7.996,143.8,-1
1785815118.685,9256,2071774,0,0.00000000,0.00000000,0.00,0,0,-40.16,0.000,-0.4410,0.0980,0.7840,0.9048,0.255798,-0.391113,0.016357,0.883911,7.996,150.0,-1
1785815119.980,9257,2071995,0,0.00000000,0.00000000,0.00,0,0,-40.15,-0.025,-0.5390,0.5880,1.2740,1.5031,0.255859,-0.391235,0.016357,0.883850,7.997,151.2,-1
1785815119.980,9261,2072872,0,0.00000000,0.00000000,0.00,0,0,-40.08,0.020,-0.4410,0.4410,1.2740,1.4185,0.255859,-0.391113,0.016357,0.883911,7.999,117.5,-1
1785815119.980,9262,2073122,0,0.00000000,0.00000000,0.00,0,0,-40.01,0.054,-0.5880,0.3430,1.3230,1.4879,0.255920,-0.391113,0.016296,0.883911,7.996,148.8,-1
1785815121.261,9267,2074232,0,0.00000000,0.00000000,0.00,0,0,-39.94,0.060,-0.5390,0.6370,1.4700,1.6903,0.255920,-0.391113,0.016235,0.883911,7.996,142.5,-1
1785815121.261,9268,2074455,0,0.00000000,0.00000000,0.00,0,0,-40.05,-0.010,-0.6860,0.6370,1.2740,1.5810,0.255859,-0.390991,0.016296,0.883972,7.997,143.8,-1
1785815122.561,9273,2075564,0,0.00000000,0.00000000,0.00,0,0,-39.99,-0.004,-0.6370,0.5390,0.8820,1.2142,0.255920,-0.390808,0.016296,0.884033,7.994,150.0,-1
1785815122.561,9274,2075787,0,0.00000000,0.00000000,0.00,0,0,-40.00,-0.017,-1.5680,1.8130,0.6860,2.4932,0.255920,-0.390808,0.016357,0.884033,7.995,147.5,-1
1785815123.841,9279,2076896,0,0.00000000,0.00000000,0.00,0,0,-40.08,-0.086,-0.4410,0.4900,1.2250,1.3911,0.255920,-0.390991,0.016357,0.883972,7.995,148.8,-1
1785815125.137,9280,2077108,0,0.00000000,0.00000000,0.00,0,0,-39.97,-0.032,-0.3430,0.0980,1.0780,1.1355,0.255920,-0.390991,0.016357,0.883972,7.995,150.0,-1
1785815125.137,9285,2078220,0,0.00000000,0.00000000,0.00,0,0,-40.01,-0.075,-0.4410,0.2450,0.7840,0.9323,0.255981,-0.390686,0.016235,0.884094,7.997,147.5,-1
1785815126.418,9286,2078438,0,0.00000000,0.00000000,0.00,0,0,-39.96,-0.033,-0.5880,0.4410,0.9310,1.1862,0.255981,-0.390686,0.016235,0.884033,7.996,151.2,-1
1785815126.418,9290,2079332,0,0.00000000,0.00000000,0.00,0,0,-39.88,-0.003,-0.4900,0.5880,0.5880,0.9652,0.256042,-0.390747,0.016052,0.884033,7.996,146.2,-1
1785815126.418,9291,2079550,0,0.00000000,0.00000000,0.00,0,0,-39.91,-0.031,-0.7840,0.3430,1.0780,1.3764,0.256042,-0.390747,0.016113,0.884033,7.996,148.8,-1
1785815127.703,9296,2080653,0,0.00000000,0.00000000,0.00,0,0,-40.00,-0.049,-0.6370,0.0000,0.7840,1.0102,0.256042,-0.390808,0.016052,0.883972,7.996,150.0,-1
1785815127.703,9297,2080874,0,0.00000000,0.00000000,0.00,0,0,-40.07,-0.106,-0.6370,0.3920,1.1760,1.3937,0.256042,-0.390869,0.016113,0.883972,7.997,150.0,-1
1785815129.001,9302,2082004,0,0.00000000,0.00000000,0.00,0,0,-40.13,-0.119,-0.6860,0.4900,1.2250,1.4871,0.255981,-0.391052,0.016113,0.883911,7.995,147.5,-1
1785815129.001,9303,2082225,0,0.00000000,0.00000000,0.00,0,0,-40.18,-0.140,-0.5880,0.5390,0.9800,1.2636,0.255981,-0.391052,0.016174,0.883911,7.995,147.5,-1
1785815130.280,9308,2083322,0,0.00000000,0.00000000,0.00,0,0,-40.28,-0.111,-0.6370,0.8330,1.1270,1.5394,0.255920,-0.390869,0.016357,0.883972,7.996,147.5,-1
1785815130.280,9309,2083538,0,0.00000000,0.00000000,0.00,0,0,-40.24,-0.083,-0.7350,-0.0980,0.6370,0.9775,0.255920,-0.390869,0.016357,0.883972,7.995,151.2,-1
1785815131.562,9314,2084634,0,0.00000000,0.00000000,0.00,0,0,-40.24,-0.048,-0.4410,0.3920,0.6860,0.9048,0.255859,-0.390869,0.016418,0.884033,7.995,146.2,-1
1785815132.855,9315,2084852,0,0.00000000,0.00000000,0.00,0,0,-40.15,0.006,-0.5390,0.2940,0.9310,1.1152,0.255859,-0.390808,0.016479,0.884033,7.994,147.5,-1
1785815132.855,9320,2085955,0,0.00000000,0.00000000,0.00,0,0,-40.02,0.104,-0.6860,0.4900,1.3230,1.5688,0.255920,-0.390686,0.016479,0.884094,7.996,146.2,-1
1785815134.142,9321,2086171,0,0.00000000,0.00000000,0.00,0,0,-40.01,0.082,-0.5880,0.4900,1.5190,1.7009,0.255859,-0.390686,0.016479,0.884094,7.995,140.0,-1
1785815134.142,9325,2087067,0,0.00000000,0.00000000,0.00,0,0,-40.17,-0.043,-0.6860,0.5880,1.0780,1.4066,0.255920,-0.390747,0.016357,0.884033,7.995,152.5,-1
1785815134.143,9326,2087277,0,0.00000000,0.00000000,0.00,0,0,-40.20,-0.046,-0.3430,0.3430,0.6370,0.8007,0.255920,-0.390747,0.016357,0.884033,7.995,147.5,-1
1785815135.435,9331,2088377,0,0.00000000,0.00000000,0.00,0,0,-40.22,-0.070,-0.4900,0.4900,1.2250,1.4074,0.255859,-0.390808,0.016479,0.884033,7.997,148.8,-1
1785815135.435,9332,2088603,0,0.00000000,0.00000000,0.00,0,0,-40.19,-0.061,-0.6860,0.5390,0.8330,1.2062,0.255859,-0.390747,0.016479,0.884094,7.996,140.0,-1
1785815136.728,9337,2089702,0,0.00000000,0.00000000,0.00,0,0,-40.19,-0.072,-0.5390,0.4410,1.2250,1.4091,0.255920,-0.390808,0.016357,0.884033,7.997,145.0,-1
1785815136.728,9338,2089922,0,0.00000000,0.00000000,0.00,0,0,-40.04,0.034,-0.7840,0.5390,1.1760,1.5127,0.255920,-0.390808,0.016296,0.884033,7.999,143.8,-1
1785815138.014,9343,2091028,0,0.00000000,0.00000000,0.00,0,0,-40.26,-0.090,-0.6860,0.4410,1.1760,1.4311,0.255920,-0.390930,0.016296,0.883972,7.997,147.5,-1
1785815138.014,9344,2091248,0,0.00000000,0.00000000,0.00,0,0,-40.02,0.053,-0.5390,0.3920,0.9800,1.1852,0.255981,-0.390930,0.016235,0.883972,7.996,143.8,-1
1785815139.298,9349,2092350,0,0.00000000,0.00000000,0.00,0,0,-40.17,-0.065,-0.6370,0.5390,1.3720,1.6058,0.255859,-0.390991,0.016418,0.883972,7.997,142.5,-1
1785815140.592,9350,2092569,0,0.00000000,0.00000000,0.00,0,0,-40.15,-0.068,-0.4410,0.2450,1.0290,1.1460,0.255859,-0.390930,0.016479,0.883972,7.997,155.0,-1
1785815140.593,9355,2093670,0,0.00000000,0.00000000,0.00,0,0,-40.01,-0.011,-0.6370,0.5880,1.2250,1.5007,0.255859,-0.390869,0.016418,0.884033,7.996,145.0,-1
1785815141.875,9356,2093893,0,0.00000000,0.00000000,0.00,0,0,-40.08,-0.052,-0.4900,0.4900,0.8330,1.0836,0.255859,-0.390808,0.016418,0.884033,7.996,145.0,-1
1785815141.875,9360,2094782,0,0.00000000,0.00000000,0.00,0,0,-40.13,-0.046,-0.6370,0.3430,1.3720,1.5511,0.255859,-0.390869,0.016479,0.884033,7.996,147.5,-1
1785815141.875,9361,2095007,0,0.00000000,0.00000000,0.00,0,0,-40.13,-0.027,-0.3920,0.1470,0.8820,0.9763,0.255859,-0.390808,0.016479,0.884033,7.997,145.0,-1
1785815143.155,9366,2096102,0,0.00000000,0.00000000,0.00,0,0,-40.06,-0.001,-0.8330,0.6370,0.7840,1.3093,0.255859,-0.390808,0.016479,0.884033,7.997,140.0,-1
1785815143.155,9367,2096327,0,0.00000000,0.00000000,0.00,0,0,-40.13,-0.054,-0.4900,0.4410,0.8330,1.0623,0.255859,-0.390930,0.016479,0.883972,7.995,147.5,-1
1785815144.451,9372,2097441,0,0.00000000,0.00000000,0.00,0,0,-40.31,-0.153,-0.6860,0.4410,1.3720,1.5961,0.255859,-0.390869,0.016479,0.884033,7.999,141.2,-1
1785815144.451,9373,2097664,0,0.00000000,0.00000000,0.00,0,0,-40.08,-0.023,-0.4900,0.2940,1.2250,1.3517,0.255859,-0.390869,0.016418,0.884033,7.995,138.8,-1
1785815145.731,9378,2098780,0,0.00000000,0.00000000,0.00,0,0,-40.13,-0.032,-0.6860,0.4410,1.0780,1.3517,0.255859,-0.390930,0.016479,0.883972,7.997,145.0,-1
1785815145.731,9379,2099001,0,0.00000000,0.00000000,0.00,0,0,-40.23,-0.094,-0.5390,0.5390,1.0780,1.3203,0.255859,-0.390869,0.016479,0.884033,7.995,142.5,-1
1785815147.026,9384,2100119,0,0.00000000,0.00000000,0.00,0,0,-40.27,-0.063,-0.5880,0.2940,0.8330,1.0612,0.255859,-0.390686,0.016541,0.884094,7.995,143.8,-1
1785815148.307,9385,2100345,0,0.00000000,0.00000000,0.00,0,0,-40.17,0.001,-0.4410,0.6370,1.4210,1.6185,0.255859,-0.390625,0.016541,0.884094,7.996,143.8,-1
1785815148.309,9389,2101227,0,0.00000000,0.00000000,0.00,0,0,-40.20,-0.007,-0.8820,0.5880,1.1270,1.5472,0.255859,-0.390869,0.016418,0.884033,7.995,147.5,-1
1785815148.309,9390,2101451,0,0.00000000,0.00000000,0.00,0,0,-40.16,0.013,-0.7350,0.5880,1.3230,1.6237,0.255859,-0.390808,0.016479,0.884033,7.995,142.5,-1
1785815149.604,9395,2102553,0,0.00000000,0.00000000,0.00,0,0,-40.28,-0.002,-0.7350,0.4410,1.1760,1.4552,0.255859,-0.390808,0.016479,0.884033,7.996,146.2,-1
1785815149.604,9396,2102774,0,0.00000000,0.00000000,0.00,0,0,-40.44,-0.112,-0.5880,0.2450,1.0290,1.2102,0.255859,-0.390747,0.016541,0.884094,7.996,147.5,-1
1785815150.898,9401,2103885,0,0.00000000,0.00000000,0.00,0,0,-40.26,0.017,-0.6860,0.6860,0.6370,1.1606,0.255859,-0.390869,0.016541,0.884033,7.995,141.2,-1
1785815150.898,9402,2104099,0,0.00000000,0.00000000,0.00,0,0,-40.31,-0.026,-0.5390,0.2940,0.7840,0.9958,0.255859,-0.390930,0.016479,0.883972,7.996,148.8,-1
1785815152.180,9407,2105205,0,0.00000000,0.00000000,0.00,0,0,-40.26,0.025,-0.5880,0.5390,1.4700,1.6725,0.255859,-0.390930,0.016418,0.883972,7.995,145.0,-1
1785815152.184,9408,2105426,0,0.00000000,0.00000000,0.00,0,0,-40.35,-0.039,-0.5390,0.5390,1.1760,1.4014,0.255859,-0.390869,0.016418,0.883972,7.996,148.8,-1
1785815153.467,9413,2106573,0,0.00000000,0.00000000,0.00,0,0,-40.29,-0.016,-0.5880,0.1470,1.0290,1.1942,0.255859,-0.390869,0.016418,0.884033,7.996,147.5,-1
1785815154.748,9414,2106797,0,0.00000000,0.00000000,0.00,0,0,-40.25,0.020,-0.6370,0.6860,0.8820,1.2862,0.255859,-0.390869,0.016479,0.884033,7.996,150.0,-1
1785815154.748,9418,2107681,0,0.00000000,0.00000000,0.00,0,0,-40.63,-0.157,-0.5390,0.4410,1.1760,1.3667,0.255920,-0.390930,0.016357,0.883972,7.995,147.5,-1
1785815154.748,9419,2107901,0,0.00000000,0.00000000,0.00,0,0,-40.63,-0.160,-0.1960,0.1470,0.7840,0.8214,0.255920,-0.390930,0.016357,0.883972,7.994,148.8,-1
1785815156.035,9424,2109007,0,0.00000000,0.00000000,0.00,0,0,-40.53,-0.042,-0.6370,0.3920,1.1760,1.3937,0.255920,-0.390930,0.016357,0.883972,7.997,145.0,-1
1785815156.035,9425,2109227,0,0.00000000,0.00000000,0.00,0,0,-40.52,-0.041,-0.4900,0.3920,1.0290,1.2052,0.255920,-0.390869,0.016296,0.883972,7.997,145.0,-1
1785815157.330,9430,2110335,0,0.00000000,0.00000000,0.00,0,0,-40.45,0.005,-0.5880,0.3430,1.1760,1.3588,0.255920,-0.390930,0.016357,0.883972,7.996,152.5,-1
1785815157.330,9431,2110558,0,0.00000000,0.00000000,0.00,0,0,-40.46,-0.002,-0.2940,0.4900,1.2250,1.3517,0.255920,-0.390930,0.016357,0.883972,7.997,147.5,-1
1785815158.625,9436,2111650,0,0.00000000,0.00000000,0.00,0,0,-40.65,-0.069,-0.4900,0.5880,1.0290,1.2825,0.255859,-0.390808,0.016479,0.884033,7.996,146.2,-1
1785815158.625,9437,2111870,0,0.00000000,0.00000000,0.00,0,0,-40.59,-0.030,-0.5880,0.5880,1.6170,1.8183,0.255859,-0.390869,0.016418,0.884033,7.997,147.5,-1
1785815159.903,9442,2113002,0,0.00000000,0.00000000,0.00,0,0,-40.67,-0.059,-0.6370,0.2450,1.0290,1.2348,0.255920,-0.390869,0.016418,0.884033,7.995,150.0,-1
1785815162.271,9475,2120341,0,0.00000000,0.00000000,0.00,0,0,-40.47,0.009,-0.6860,0.4410,0.9310,1.2377,0.255859,-0.391113,0.016418,0.883911,7.996,146.2,-1
1785815162.271,9476,2120569,0,0.00000000,0.00000000,0.00,0,0,-40.54,-0.042,-0.4900,0.2450,0.7350,0.9167,0.255859,-0.391113,0.016357,0.883911,7.997,152.5,-1
1785815163.631,9477,2120789,0,0.00000000,0.00000000,0.00,0,0,-40.49,-0.002,-0.5880,0.6860,1.2740,1.5619,0.255859,-0.391113,0.016235,0.883911,7.995,148.8,-1
1785815163.631,9478,2121014,0,0.00000000,0.00000000,0.00,0,0,-40.55,-0.031,-0.4410,0.4410,1.2740,1.4185,0.255859,-0.391235,0.016052,0.883850,7.996,145.0,-1
1785815164.916,9479,2121232,0,0.00000000,0.00000000,0.00,0,0,-40.47,0.010,-0.5390,0.3430,1.0290,1.2112,0.255920,-0.391357,0.016113,0.883789,7.996,146.2,-1
1785815164.916,9480,2121451,0,0.00000000,0.00000000,0.00,0,0,-40.32,0.103,-0.4410,0.2450,0.7350,0.8915,0.255859,-0.391296,0.016235,0.883850,7.997,145.0,-1
1785815164.918,9481,2121671,0,0.00000000,0.00000000,0.00,0,0,-40.12,0.206,-0.6370,0.4410,0.9800,1.2493,0.255859,-0.391296,0.016296,0.883850,7.996,148.8,-1
1785815166.212,9482,2121893,0,0.00000000,0.00000000,0.00,0,0,-40.23,0.106,-0.6370,0.1470,1.1270,1.3029,0.255798,-0.391235,0.016357,0.883850,7.997,145.0,-1
1785815166.213,9483,2122102,0,0.00000000,0.00000000,0.00,0,0,-40.14,0.162,-0.4410,0.1470,1.0290,1.1291,0.255859,-0.391235,0.016357,0.883850,7.995,150.0,-1
1785815166.213,9484,2122325,0,0.00000000,0.00000000,0.00,0,0,-40.25,0.089,-0.5880,-0.1960,2.2540,2.3377,0.255920,-0.391235,0.016296,0.883850,7.996,142.5,-1
1785815167.503,9485,2122554,0,0.00000000,0.00000000,0.00,0,0,-40.16,0.132,-0.5390,0.3430,1.1760,1.3383,0.255920,-0.391235,0.016296,0.883850,7.997,145.0,-1
1785815167.503,9486,2122776,0,0.00000000,0.00000000,0.00,0,0,-40.22,0.074,-0.6370,0.1470,0.4900,0.8170,0.255920,-0.391174,0.016296,0.883850,7.995,146.2,-1
1785815167.503,9487,2122997,0,0.00000000,0.00000000,0.00,0,0,-40.17,0.093,-0.6370,0.3920,1.2740,1.4773,0.255859,-0.391113,0.016357,0.883911,7.996,145.0,-1
1785815168.793,9488,2123216,0,0.00000000,0.00000000,0.00,0,0,-40.22,0.047,-0.5880,0.4900,1.0780,1.3221,0.255859,-0.391052,0.016357,0.883911,7.996,142.5,-1
1785815168.793,9489,2123442,0,0.00000000,0.00000000,0.00,0,0,-40.17,0.048,-0.4410,0.3920,1.3230,1.4486,0.255920,-0.391052,0.016296,0.883911,7.997,148.8,-1
1785815168.793,9490,2123667,0,0.00000000,0.00000000,0.00,0,0,-40.12,0.068,-0.4900,-0.2940,2.3520,2.4204,0.255920,-0.390991,0.016296,0.883911,7.996,146.2,-1
1785815170.071,9491,2123894,0,0.00000000,0.00000000,0.00,0,0,-40.08,0.091,-0.2940,0.3430,1.2740,1.3517,0.255920,-0.390930,0.016357,0.883972,7.995,150.0,-1
1785815170.071,9492,2124111,0,0.00000000,0.00000000,0.00,0,0,-40.05,0.109,-0.6860,0.3920,0.9310,1.2211,0.255859,-0.390930,0.016357,0.883972,7.992,228.8,-1
1785815170.071,9493,2124337,0,0.00000000,0.00000000,0.00,0,0,-40.15,0.033,-0.3430,0.5880,0.9800,1.1932,0.255859,-0.390930,0.016296,0.883972,7.995,146.2,-1
1785815171.358,9494,2124560,0,0.00000000,0.00000000,0.00,0,0,-40.24,-0.029,-0.5880,0.5880,1.0290,1.3230,0.255859,-0.390930,0.016296,0.883972,7.995,147.5,-1
1785815171.358,9495,2124786,0,0.00000000,0.00000000,0.00,0,0,-40.06,0.088,-0.2940,0.0490,1.3230,1.3562,0.255859,-0.390930,0.016296,0.883972,7.997,153.8,-1
1785815171.358,9496,2125010,0,0.00000000,0.00000000,0.00,0,0,-40.14,0.041,-0.5390,0.5880,1.3230,1.5449,0.255859,-0.391052,0.016296,0.883972,7.995,151.2,-1
1785815172.644,9497,2125224,0,0.00000000,0.00000000,0.00,0,0,-40.17,0.020,-0.5390,0.3430,0.9310,1.1291,0.255859,-0.391052,0.016296,0.883972,7.994,141.2,-1
1785815172.644,9499,2125668,0,0.00000000,0.00000000,0.00,0,0,-40.13,0.005,-0.2940,0.3430,1.0290,1.1238,0.255859,-0.390991,0.016418,0.883972,7.996,151.2,-1
1785815172.644,9500,2125891,0,0.00000000,0.00000000,0.00,0,0,-40.07,0.045,-1.0290,0.7350,1.1270,1.6939,0.255920,-0.390991,0.016418,0.883972,7.995,148.8,-1
1785815173.939,9505,2127005,0,0.00000000,0.00000000,0.00,0,0,-40.12,-0.002,-0.4900,0.2450,1.1760,1.2973,0.255920,-0.390808,0.016541,0.884033,7.994,146.2,-1
1785815175.223,9506,2127224,0,0.00000000,0.00000000,0.00,0,0,-40.07,0.012,-0.6370,0.4900,1.1760,1.4244,0.255920,-0.390808,0.016479,0.884033,7.995,143.8,-1
1785815175.223,9511,2128327,0,0.00000000,0.00000000,0.00,0,0,-40.15,-0.054,-0.5880,0.3430,0.9310,1.1533,0.255981,-0.390686,0.016418,0.884033,7.997,143.8,-1
1785815176.523,9512,2128548,0,0.00000000,0.00000000,0.00,0,0,-40.14,-0.045,-0.4900,0.2940,0.8820,1.0509,0.255981,-0.390686,0.016541,0.884033,7.999,142.5,-1
1785815176.523,9516,2129416,0,0.00000000,0.00000000,0.00,0,0,-40.17,-0.062,-0.5390,0.2940,1.0290,1.1982,0.255920,-0.390930,0.016479,0.883972,7.994,152.5,-1
1785815176.523,9517,2129636,0,0.00000000,0.00000000,0.00,0,0,-40.18,-0.025,-0.5880,0.4900,0.9310,1.2052,0.255981,-0.390930,0.016541,0.883972,7.994,150.0,-1
1785815177.802,9522,2130775,0,0.00000000,0.00000000,0.00,0,0,-40.19,-0.006,-0.4900,0.4900,1.2250,1.4074,0.255981,-0.391113,0.016418,0.883850,7.997,146.2,-1
1785815177.802,9523,2131000,0,0.00000000,0.00000000,0.00,0,0,-40.14,0.025,-0.4900,0.2450,1.0290,1.1657,0.255981,-0.391113,0.016418,0.883850,7.996,147.5,-1
1785815179.098,9528,2132104,0,0.00000000,0.00000000,0.00,0,0,-40.15,-0.023,-0.5880,0.5390,1.0780,1.3410,0.255920,-0.391052,0.016479,0.883911,7.997,142.5,-1
1785815179.098,9529,2132326,0,0.00000000,0.00000000,0.00,0,0,-40.14,-0.013,-1.0290,0.5880,2.4010,2.6776,0.255920,-0.391052,0.016479,0.883911,7.997,145.0,-1
1785815180.383,9534,2133447,0,0.00000000,0.00000000,0.00,0,0,-40.13,0.029,0.0000,0.4410,0.6860,0.8155,0.255981,-0.391113,0.016479,0.883911,7.997,147.5,-1
1785815181.667,9535,2133667,0,0.00000000,0.00000000,0.00,0,0,-40.15,0.017,-0.6370,0.6370,1.1760,1.4814,0.255920,-0.391174,0.016479,0.883850,7.995,146.2,-1
1785815181.667,9539,2134556,0,0.00000000,0.00000000,0.00,0,0,-40.18,-0.020,-0.5390,0.4410,0.7840,1.0486,0.255920,-0.391357,0.016418,0.883789,7.996,137.5,-1
1785815181.667,9540,2134781,0,0.00000000,0.00000000,0.00,0,0,-40.24,-0.066,-0.2450,0.2940,0.9800,1.0521,0.255981,-0.391296,0.016357,0.883789,7.997,145.0,-1
1785815182.955,9545,2135865,0,0.00000000,0.00000000,0.00,0,0,-40.11,0.053,-0.4410,0.0980,0.8820,0.9910,0.255981,-0.390869,0.016663,0.883972,7.997,142.5,-1
1785815182.955,9546,2136114,0,0.00000000,0.00000000,0.00,0,0,-40.24,-0.052,-0.1470,0.0980,1.1270,1.1408,0.255981,-0.390869,0.016663,0.883972,7.995,141.2,-1
1785815184.249,9551,2137225,0,0.00000000,0.00000000,0.00,0,0,-40.36,-0.105,-0.5390,0.4900,1.2250,1.4252,0.256042,-0.391052,0.016479,0.883850,7.997,141.2,-1
1785815184.250,9552,2137442,0,0.00000000,0.00000000,0.00,0,0,-40.34,-0.092,-0.3920,0.3920,1.4210,1.5253,0.256104,-0.391174,0.016541,0.883850,7.997,143.8,-1
1785815185.528,9557,2138555,0,0.00000000,0.00000000,0.00,0,0,-40.50,-0.056,-0.3430,0.2450,0.5880,0.7235,0.256042,-0.390991,0.016479,0.883911,7.994,145.0,-1
1785815185.528,9558,2138775,0,0.00000000,0.00000000,0.00,0,0,-40.37,0.011,-0.3430,0.3430,1.2250,1.3175,0.256042,-0.390991,0.016418,0.883911,7.995,146.2,-1
1785815186.818,9563,2139879,0,0.00000000,0.00000000,0.00,0,0,-40.38,-0.034,-0.6370,0.2940,0.7840,1.0521,0.255859,-0.390991,0.016541,0.883972,7.997,143.8,-1
1785815188.099,9564,2140123,0,0.00000000,0.00000000,0.00,0,0,-40.32,0.009,-0.4900,0.0980,0.8330,0.9714,0.255859,-0.390991,0.016663,0.883972,7.996,143.8,-1
1785815188.099,9568,2141024,0,0.00000000,0.00000000,0.00,0,0,-40.19,0.042,-0.4900,0.4900,1.1270,1.3230,0.255920,-0.391174,0.016663,0.883850,7.995,141.2,-1
1785815188.099,9569,2141238,0,0.00000000,0.00000000,0.00,0,0,-40.28,-0.003,-0.2940,0.4410,0.8330,0.9873,0.255859,-0.391235,0.016724,0.883850,7.995,145.0,-1
1785815189.394,9574,2142337,0,0.00000000,0.00000000,0.00,0,0,-40.14,0.101,-0.4410,0.3920,0.9800,1.1439,0.255920,-0.391235,0.016724,0.883850,7.997,147.5,-1
1785815189.394,9575,2142555,0,0.00000000,0.00000000,0.00,0,0,-40.15,0.064,-0.6370,0.3920,0.7350,1.0486,0.255981,-0.391174,0.016724,0.883850,7.995,147.5,-1
1785815190.675,9580,2143657,0,0.00000000,0.00000000,0.00,0,0,-40.15,0.030,-0.6370,0.6860,1.4210,1.7016,0.256104,-0.391235,0.016724,0.883789,7.996,148.8,-1
1785815190.679,9581,2143881,0,0.00000000,0.00000000,0.00,0,0,-40.13,0.039,-0.5880,0.5390,1.4700,1.6725,0.256104,-0.391174,0.016602,0.883789,7.996,143.8,-1
1785815191.972,9586,2144981,0,0.00000000,0.00000000,0.00,0,0,-40.25,-0.037,-0.6370,0.3920,0.9310,1.1942,0.255920,-0.391052,0.016602,0.883911,7.997,140.0,-1
1785815191.972,9587,2145195,0,0.00000000,0.00000000,0.00,0,0,-40.09,0.054,-0.6370,0.6370,1.0780,1.4049,0.255920,-0.391052,0.016663,0.883911,7.995,146.2,-1
1785815193.261,9592,2146328,0,0.00000000,0.00000000,0.00,0,0,-40.06,0.064,-0.6370,0.5390,1.5190,1.7331,0.255920,-0.391052,0.016541,0.883911,7.995,141.2,-1
1785815194.553,9593,2146555,0,0.00000000,0.00000000,0.00,0,0,-40.14,0.018,-0.7350,0.3920,0.7350,1.1109,0.255920,-0.391052,0.016541,0.883911,7.992,150.0,-1
1785815194.553,9597,2147437,0,0.00000000,0.00000000,0.00,0,0,-40.07,0.021,-0.4410,0.2450,0.6860,0.8515,0.255981,-0.390991,0.016357,0.883911,8.006,125.0,-1
1785815194.553,9598,2147656,0,0.00000000,0.00000000,0.00,0,0,-40.08,0.002,-0.6860,0.3920,1.0780,1.3365,0.255981,-0.390930,0.016541,0.883972,7.996,147.5,-1
1785815195.832,9603,2148792,0,0.00000000,0.00000000,0.00,0,0,-40.19,-0.075,-0.3920,0.3430,1.2740,1.3764,0.255920,-0.390991,0.016357,0.883911,7.994,146.2,-1
1785815195.832,9604,2149016,0,0.00000000,0.00000000,0.00,0,0,-40.15,-0.036,-0.4900,0.3430,1.4210,1.5417,0.255981,-0.390991,0.016357,0.883911,7.997,153.8,-1
1785815197.126,9609,2150106,0,0.00000000,0.00000000,0.00,0,0,-40.28,-0.110,-1.1760,0.8330,0.1470,1.4486,0.255981,-0.391052,0.016357,0.883911,7.997,148.8,-1
1785815197.126,9610,2150331,0,0.00000000,0.00000000,0.00,0,0,-40.19,-0.052,-0.4410,0.5880,1.4700,1.6435,0.255920,-0.391052,0.016296,0.883911,7.994,148.8,-1
1785815198.404,9615,2151446,0,0.00000000,0.00000000,0.00,0,0,-40.18,-0.018,-0.2940,0.4410,1.0290,1.1575,0.255859,-0.390869,0.016479,0.884033,7.996,148.8,-1
1785815198.404,9616,2151663,0,0.00000000,0.00000000,0.00,0,0,-40.18,-0.001,-0.2450,0.2450,1.2740,1.3203,0.255798,-0.390808,0.016479,0.884094,7.996,150.0,-1
1785815199.704,9621,2152771,0,0.00000000,0.00000000,0.00,0,0,-40.30,-0.109,-0.6860,0.3920,1.1760,1.4168,0.255920,-0.390930,0.016479,0.883972,7.996,140.0,-1
1785815200.983,9622,2152997,0,0.00000000,0.00000000,0.00,0,0,-40.18,-0.032,-0.2940,0.1960,0.8820,0.9501,0.256042,-0.390991,0.016602,0.883911,7.997,148.8,-1
1785815200.983,9626,2153882,0,0.00000000,0.00000000,0.00,0,0,-40.25,-0.038,-0.4900,0.2940,1.2740,1.3963,0.256104,-0.391052,0.016479,0.883850,7.995,117.5,-1
1785815200.985,9627,2154100,0,0.00000000,0.00000000,0.00,0,0,-40.15,0.013,-0.4900,0.3920,0.9800,1.1637,0.256104,-0.391113,0.016479,0.883850,7.997,138.8,-1
1785815202.280,9632,2155220,0,0.00000000,0.00000000,0.00,0,0,-40.17,0.003,-0.5880,0.2450,1.2740,1.4244,0.256165,-0.391174,0.016418,0.883789,7.995,148.8,-1
1785815202.280,9633,2155443,0,0.00000000,0.00000000,0.00,0,0,-40.23,-0.024,-0.7350,0.5390,1.4700,1.7296,0.256165,-0.391174,0.016418,0.883789,7.996,145.0,-1
1785815203.559,9638,2156544,0,0.00000000,0.00000000,0.00,0,0,-40.18,0.025,-0.4900,0.2940,0.7350,0.9310,0.256165,-0.390991,0.016479,0.883850,7.996,147.5,-1
1785815203.559,9639,2156764,0,0.00000000,0.00000000,0.00,0,0,-40.27,-0.038,-0.4410,0.4410,1.0290,1.2032,0.256165,-0.390930,0.016479,0.883911,7.996,146.2,-1
1785815204.851,9644,2157866,0,0.00000000,0.00000000,0.00,0,0,-40.21,-0.005,-0.7350,0.3920,1.4700,1.6896,0.256287,-0.390625,0.016663,0.883972,7.995,146.2,-1
1785815204.851,9645,2158110,0,0.00000000,0.00000000,0.00,0,0,-40.21,-0.011,-0.6370,0.5880,1.0290,1.3455,0.256226,-0.390686,0.016602,0.883972,7.995,145.0,-1
1785815206.141,9650,2159209,0,0.00000000,0.00000000,0.00,0,0,-40.22,-0.028,-0.2940,0.1960,0.8820,0.9501,0.256287,-0.390930,0.016663,0.883850,7.995,148.8,-1
1785815207.420,9651,2159433,0,0.00000000,0.00000000,0.00,0,0,-40.27,-0.057,-0.4900,0.4410,0.6860,0.9514,0.256287,-0.390991,0.016541,0.883850,7.996,138.8,-1
1785815207.420,9655,2160344,0,0.00000000,0.00000000,0.00,0,0,-40.21,-0.026,-0.3430,0.3430,1.1270,1.2270,0.256226,-0.391235,0.016357,0.883728,7.995,142.5,-1
1785815207.420,9656,2160571,0,0.00000000,0.00000000,0.00,0,0,-40.13,0.019,-0.5880,0.2940,0.8330,1.0612,0.256165,-0.391174,0.016479,0.883789,7.995,151.2,-1
1785815208.716,9661,2161677,0,0.00000000,0.00000000,0.00,0,0,-40.19,-0.004,-0.8330,0.3430,1.1760,1.4814,0.255981,-0.390930,0.016296,0.883972,7.997,145.0,-1
1785815208.716,9662,2161898,0,0.00000000,0.00000000,0.00,0,0,-40.10,0.044,-0.6370,0.4900,0.8820,1.1932,0.255981,-0.390930,0.016296,0.883972,7.996,142.5,-1
1785815210.010,9667,2162997,0,0.00000000,0.00000000,0.00,0,0,-40.12,0.014,-0.6860,0.5880,1.1760,1.4830,0.255981,-0.390869,0.016479,0.883972,7.995,146.2,-1
1785815210.010,9668,2163211,0,0.00000000,0.00000000,0.00,0,0,-40.21,-0.023,-0.5880,-0.1470,1.3230,1.4552,0.255981,-0.390808,0.016602,0.883972,7.995,147.5,-1
1785815211.292,9673,2164320,0,0.00000000,0.00000000,0.00,0,0,-40.14,0.073,-0.3920,0.4410,0.9310,1.1022,0.255981,-0.390991,0.016479,0.883911,7.995,146.2,-1
1785815211.292,9674,2164545,0,0.00000000,0.00000000,0.00,0,0,-40.04,0.135,-0.4900,0.2940,0.8820,1.0509,0.256165,-0.390991,0.016357,0.883911,7.997,138.8,-1
1785815212.576,9679,2165647,0,0.00000000,0.00000000,0.00,0,0,-40.12,0.044,-0.6370,0.4410,1.0290,1.2881,0.256042,-0.390991,0.016296,0.883911,7.995,146.2,-1
1785815213.875,9680,2165869,0,0.00000000,0.00000000,0.00,0,0,-40.10,0.064,-0.2450,0.0000,1.6170,1.6355,0.255981,-0.391113,0.016418,0.883850,7.994,146.2,-1
1785815213.875,9684,2166788,0,0.00000000,0.00000000,0.00,0,0,-40.24,-0.026,-0.5390,0.4410,1.3230,1.4951,0.255920,-0.390991,0.016541,0.883911,7.995,145.0,-1
1785815213.876,9685,2167018,0,0.00000000,0.00000000,0.00,0,0,-40.23,-0.019,-0.3430,0.1470,0.8330,0.9128,0.255981,-0.390991,0.016541,0.883972,7.996,145.0,-1
1785815215.153,9690,2168112,0,0.00000000,0.00000000,0.00,0,0,-40.22,-0.043,-0.4900,0.3430,1.1270,1.2759,0.255981,-0.390808,0.016479,0.883972,7.996,145.0,-1
1785815215.153,9691,2168332,0,0.00000000,0.00000000,0.00,0,0,-40.14,0.005,-0.5390,0.5880,1.2740,1.5031,0.255981,-0.390869,0.016541,0.883972,7.996,147.5,-1
1785815216.450,9696,2169412,0,0.00000000,0.00000000,0.00,0,0,-40.13,0.061,-0.5880,0.3920,0.9310,1.1688,0.255859,-0.390869,0.016846,0.884033,7.996,145.0,-1
1785815216.450,9697,2169632,0,0.00000000,0.00000000,0.00,0,0,-40.15,0.042,-0.4410,0.4410,1.0780,1.2454,0.255859,-0.390869,0.016785,0.884033,7.994,145.0,-1
1785815217.730,9702,2170775,0,0.00000000,0.00000000,0.00,0,0,-40.08,0.045,-0.2940,0.2940,1.0780,1.1554,0.255859,-0.390930,0.016846,0.883972,7.996,143.8,-1
1785815219.025,9703,2170993,0,0.00000000,0.00000000,0.00,0,0,-40.08,0.040,-0.5880,0.4900,1.0290,1.2825,0.255859,-0.390991,0.016785,0.883972,7.996,148.8,-1
1785815219.025,9708,2172112,0,0.00000000,0.00000000,0.00,0,0,-40.15,0.015,-0.3430,0.5390,1.0290,1.2112,0.255798,-0.390869,0.016907,0.884033,7.996,145.0,-1
1785815220.302,9709,2172337,0,0.00000000,0.00000000,0.00,0,0,-40.15,0.029,-0.4900,0.2450,1.2250,1.3419,0.255798,-0.390808,0.016907,0.884033,7.997,145.0,-1
1785815220.302,9713,2173233,0,0.00000000,0.00000000,0.00,0,0,-40.23,-0.076,-0.8820,1.1270,0.8820,1.6811,0.255737,-0.390808,0.017029,0.884094,7.997,143.8,-1
1785815220.302,9714,2173455,0,0.00000000,0.00000000,0.00,0,0,-40.22,-0.076,-0.8330,0.3430,1.1270,1.4428,0.255798,-0.390869,0.016968,0.884033,7.997,148.8,-1
1785815221.597,9719,2174557,0,0.00000000,0.00000000,0.00,0,0,-40.24,-0.109,-0.4900,0.0980,1.1270,1.2328,0.255859,-0.390869,0.016663,0.883972,7.996,146.2,-1
1785815221.597,9720,2174781,0,0.00000000,0.00000000,0.00,0,0,-40.19,-0.070,-0.3430,0.4410,1.3230,1.4361,0.255920,-0.390930,0.016602,0.883972,7.995,146.2,-1
1785815222.877,9725,2175885,0,0.00000000,0.00000000,0.00,0,0,-40.07,0.042,-0.5390,0.2940,0.8330,1.0348,0.255981,-0.390930,0.016479,0.883972,7.999,143.8,-1
1785815222.877,9726,2176099,0,0.00000000,0.00000000,0.00,0,0,-40.16,-0.036,-0.6860,0.6370,1.0290,1.3911,0.255981,-0.390869,0.016479,0.883972,7.997,146.2,-1
1785815224.172,9731,2177210,0,0.00000000,0.00000000,0.00,0,0,-40.19,-0.028,-0.4410,0.4410,0.7840,1.0018,0.255920,-0.390991,0.016479,0.883972,7.996,141.2,-1
1785815225.466,9732,2177429,0,0.00000000,0.00000000,0.00,0,0,-40.12,0.036,-0.4410,0.5880,0.8330,1.1109,0.255859,-0.391113,0.016418,0.883911,7.996,145.0,-1
1785815225.466,9737,2178563,0,0.00000000,0.00000000,0.00,0,0,-40.33,-0.074,-0.7840,0.5880,1.0290,1.4210,0.255920,-0.391174,0.016235,0.883911,7.996,146.2,-1
1785815226.747,9738,2178783,0,0.00000000,0.00000000,0.00,0,0,-40.22,0.012,-0.5390,0.5390,1.0780,1.3203,0.255920,-0.391174,0.016235,0.883911,7.997,143.8,-1
1785815226.747,9742,2179665,0,0.00000000,0.00000000,0.00,0,0,-40.29,-0.058,-0.6370,0.4900,0.9800,1.2674,0.255859,-0.391174,0.016296,0.883850,7.995,147.5,-1
1785815226.747,9743,2179883,0,0.00000000,0.00000000,0.00,0,0,-40.28,-0.054,-0.5390,0.2940,0.9800,1.1564,0.255859,-0.391174,0.016296,0.883850,7.995,151.2,-1
1785815228.038,9748,2180995,0,0.00000000,0.00000000,0.00,0,0,-40.23,-0.014,-0.6370,0.2450,1.1760,1.3597,0.255859,-0.391174,0.016357,0.883911,7.996,151.2,-1
1785815228.038,9749,2181210,0,0.00000000,0.00000000,0.00,0,0,-40.31,-0.086,-0.6370,0.3920,1.3230,1.5198,0.255981,-0.391174,0.016235,0.883850,7.995,146.2,-1
1785815229.317,9754,2182339,0,0.00000000,0.00000000,0.00,0,0,-40.22,-0.025,-0.5390,0.3920,1.0780,1.2674,0.255920,-0.390869,0.016235,0.883972,7.996,145.0,-1
1785815229.317,9755,2182559,0,0.00000000,0.00000000,0.00,0,0,-40.33,-0.106,-0.4410,0.3430,0.8820,1.0441,0.255920,-0.390869,0.016296,0.883972,7.995,148.8,-1
1785815230.611,9760,2183664,0,0.00000000,0.00000000,0.00,0,0,-40.24,-0.048,-0.4900,0.4900,1.5680,1.7143,0.255859,-0.390991,0.016479,0.883972,7.995,145.0,-1
1785815231.905,9761,2183881,0,0.00000000,0.00000000,0.00,0,0,-40.31,-0.104,-0.5390,0.1470,1.1760,1.3020,0.255859,-0.390991,0.016541,0.883972,7.994,148.8,-1
1785815231.906,9766,2184997,0,0.00000000,0.00000000,0.00,0,0,-40.17,0.016,-0.3430,0.3430,1.1270,1.2270,0.255859,-0.390991,0.016418,0.883972,7.996,148.8,-1
1785815233.187,9767,2185212,0,0.00000000,0.00000000,0.00,0,0,-40.27,-0.030,-1.0290,0.3430,1.3720,1.7490,0.255920,-0.390991,0.016357,0.883972,7.996,145.0,-1
1785815233.187,9771,2186100,0,0.00000000,0.00000000,0.00,0,0,-40.24,0.003,-0.6860,0.4900,1.1270,1.4074,0.255920,-0.390930,0.016357,0.883972,7.994,147.5,-1
1785815233.187,9772,2186317,0,0.00000000,0.00000000,0.00,0,0,-40.35,-0.082,-0.3920,0.4410,1.0780,1.2289,0.255859,-0.390869,0.016418,0.884033,7.995,148.8,-1
1785815234.483,9777,2187423,0,0.00000000,0.00000000,0.00,0,0,-40.29,-0.046,-0.5390,0.3920,1.1270,1.3093,0.255859,-0.390869,0.016418,0.884033,7.995,145.0,-1
1785815234.483,9778,2187645,0,0.00000000,0.00000000,0.00,0,0,-40.31,-0.059,-0.6370,0.1960,0.9310,1.1450,0.255798,-0.390869,0.016479,0.884033,7.997,147.5,-1
1785815235.766,9783,2188781,0,0.00000000,0.00000000,0.00,0,0,-40.26,-0.029,-0.5390,0.3920,1.4700,1.6140,0.255859,-0.390930,0.016357,0.883972,7.994,147.5,-1
1785815235.766,9784,2189006,0,0.00000000,0.00000000,0.00,0,0,-40.21,0.012,-0.5880,0.6860,1.2250,1.5222,0.255859,-0.390930,0.016418,0.883972,7.995,141.2,-1
1785815237.046,9789,2190111,0,0.00000000,0.00000000,0.00,0,0,-40.26,-0.016,-0.3430,0.4900,1.2250,1.3632,0.255859,-0.390869,0.016541,0.884033,7.995,148.8,-1
1785815238.338,9790,2190338,0,0.00000000,0.00000000,0.00,0,0,-40.36,-0.101,-0.3920,0.1960,0.6370,0.7732,0.255859,-0.390930,0.016541,0.883972,7.995,145.0,-1
1785815238.338,9795,2191418,0,0.00000000,0.00000000,0.00,0,0,-40.28,0.015,-0.5390,0.1960,0.8330,1.0113,0.255798,-0.391052,0.016663,0.883911,7.994,148.8,-1
1785815239.632,9796,2191639,0,0.00000000,0.00000000,0.00,0,0,-40.33,-0.019,-0.3430,0.1960,1.1270,1.1942,0.255798,-0.391052,0.016663,0.883911,7.994,146.2,-1
1785815239.634,9800,2192553,0,0.00000000,0.00000000,0.00,0,0,-40.46,-0.139,-0.4410,0.5390,1.6170,1.7606,0.255859,-0.390991,0.016418,0.883972,7.996,147.5,-1
1785815239.634,9801,2192771,0,0.00000000,0.00000000,0.00,0,0,-40.32,-0.040,-0.6860,0.5880,1.1270,1.4445,0.255798,-0.390991,0.016296,0.883972,7.992,150.0,-1
1785815240.920,9806,2193884,0,0.00000000,0.00000000,0.00,0,0,-40.35,-0.079,-0.5390,0.1470,1.0780,1.2142,0.255676,-0.390930,0.016663,0.884033,7.996,142.5,-1
1785815240.920,9807,2194096,0,0.00000000,0.00000000,0.00,0,0,-40.30,-0.049,-0.5390,0.1470,1.3230,1.4361,0.255676,-0.390991,0.016663,0.884033,7.997,148.8,-1
1785815242.204,9812,2195220,0,0.00000000,0.00000000,0.00,0,0,-40.27,-0.024,-0.5390,0.4410,1.2250,1.4091,0.255676,-0.391052,0.016663,0.883972,7.996,145.0,-1
1785815242.208,9813,2195445,0,0.00000000,0.00000000,0.00,0,0,-40.35,-0.066,-0.6370,0.1960,1.3720,1.5253,0.255676,-0.391052,0.016663,0.883972,7.997,142.5,-1
1785815243.490,9818,2196551,0,0.00000000,0.00000000,0.00,0,0,-40.20,0.039,-0.6370,0.1960,1.1760,1.3517,0.255737,-0.390930,0.016541,0.884033,7.996,141.2,-1
1785815244.783,9819,2196773,0,0.00000000,0.00000000,0.00,0,0,-40.25,0.013,-0.6370,0.3430,0.9800,1.2181,0.255676,-0.390991,0.016602,0.884033,8.000,140.0,-1
1785815244.783,9823,2197665,0,0.00000000,0.00000000,0.00,0,0,-40.19,0.038,-0.6370,0.5880,1.1760,1.4610,0.255737,-0.390991,0.016479,0.883972,8.000,141.2,-1
1785815244.783,9824,2197887,0,0.00000000,0.00000000,0.00,0,0,-40.17,0.041,-0.4900,0.5880,1.2740,1.4862,0.255737,-0.390991,0.016479,0.883972,7.997,146.2,-1
1785815246.071,9829,2199005,0,0.00000000,0.00000000,0.00,0,0,-40.15,0.055,-0.5880,0.3430,0.7840,1.0383,0.255615,-0.390991,0.016724,0.884033,7.997,147.5,-1
1785815246.071,9830,2199220,0,0.00000000,0.00000000,0.00,0,0,-40.16,0.048,-0.6860,0.1470,1.1270,1.3275,0.255615,-0.390991,0.016724,0.884033,7.999,145.0,-1
1785815247.351,9835,2200325,0,0.00000000,0.00000000,0.00,0,0,-40.20,-0.019,-0.4900,0.5880,1.1270,1.3623,0.255676,-0.390930,0.016663,0.884033,7.995,142.5,-1
1785815247.351,9836,2200551,0,0.00000000,0.00000000,0.00,0,0,-40.26,-0.068,-0.3920,0.0490,1.6170,1.6646,0.255737,-0.390991,0.016663,0.884033,7.996,147.5,-1
1785815248.647,9841,2201659,0,0.00000000,0.00000000,0.00,0,0,-40.02,0.076,-0.4900,0.3430,1.3230,1.4519,0.255798,-0.391174,0.016479,0.883911,7.997,143.8,-1
1785815248.647,9842,2201880,0,0.00000000,0.00000000,0.00,0,0,-40.07,0.043,-0.7350,0.3430,1.0780,1.3491,0.255798,-0.391174,0.016541,0.883911,7.997,148.8,-1
1785815249.937,9847,2202992,0,0.00000000,0.00000000,0.00,0,0,-40.24,-0.084,-0.4900,0.2450,1.0780,1.2092,0.255737,-0.391113,0.016663,0.883972,7.994,146.2,-1
1785815251.217,9848,2203205,0,0.00000000,0.00000000,0.00,0,0,-40.20,-0.056,-0.7840,0.5390,1.1760,1.5127,0.255737,-0.391113,0.016663,0.883972,7.994,145.0,-1
1785815251.217,9852,2204117,0,0.00000000,0.00000000,0.00,0,0,-40.12,-0.026,-0.6860,0.5390,1.0780,1.3868,0.255859,-0.391052,0.016479,0.883972,7.996,145.0,-1
1785815251.217,9853,2204337,0,0.00000000,0.00000000,0.00,0,0,-40.10,0.004,-0.2940,0.2450,0.9310,1.0066,0.255859,-0.390991,0.016479,0.883972,7.996,146.2,-1
1785815252.507,9858,2205439,0,0.00000000,0.00000000,0.00,0,0,-40.12,-0.023,-0.7350,0.2940,1.2250,1.4585,0.255798,-0.391113,0.016541,0.883911,7.995,145.0,-1
1785815252.507,9859,2205660,0,0.00000000,0.00000000,0.00,0,0,-40.07,0.008,-0.5880,0.1960,0.8330,1.0383,0.255798,-0.391113,0.016479,0.883911,7.996,145.0,-1
1785815253.789,9864,2206770,0,0.00000000,0.00000000,0.00,0,0,-40.16,-0.042,-0.5390,0.7350,1.1270,1.4494,0.255981,-0.391052,0.016479,0.883911,7.995,148.8,-1
1785815253.789,9865,2206990,0,0.00000000,0.00000000,0.00,0,0,-40.07,0.014,-0.3920,0.2940,0.9800,1.0957,0.255920,-0.390930,0.016541,0.883972,7.994,147.5,-1
1785815255.087,9870,2208109,0,0.00000000,0.00000000,0.00,0,0,-40.07,-0.009,-0.4900,0.5390,0.7840,1.0702,0.255981,-0.390930,0.016357,0.883972,7.994,148.8,-1
1785815255.087,9871,2208334,0,0.00000000,0.00000000,0.00,0,0,-39.97,0.066,-0.4410,0.2450,1.1760,1.2796,0.255859,-0.390869,0.016479,0.883972,7.996,151.2,-1
1785815256.370,9876,2209437,0,0.00000000,0.00000000,0.00,0,0,-40.11,-0.011,-0.6370,0.4900,1.1270,1.3842,0.255920,-0.390686,0.016174,0.884094,7.995,147.5,-1
1785815257.660,9877,2209656,0,0.00000000,0.00000000,0.00,0,0,-40.07,-0.012,-0.4900,0.2940,0.9310,1.0924,0.255920,-0.390564,0.016113,0.884155,7.994,148.8,-1
1785815257.665,9882,2210759,0,0.00000000,0.00000000,0.00,0,0,-40.06,-0.038,-0.6860,0.5390,1.1760,1.4643,0.255920,-0.390564,0.016418,0.884155,7.994,147.5,-1
1785815258.943,9883,2210980,0,0.00000000,0.00000000,0.00,0,0,-40.09,-0.046,-0.6370,0.4410,1.4210,1.6185,0.255920,-0.390564,0.016418,0.884155,7.995,148.8,-1
1785815258.943,9887,2211854,0,0.00000000,0.00000000,0.00,0,0,-40.09,-0.021,-0.1960,0.1470,0.8330,0.8683,0.256042,-0.390686,0.016479,0.884033,7.994,150.0,-1
1785815258.943,9888,2212104,0,0.00000000,0.00000000,0.00,0,0,-40.02,0.009,-0.5880,0.2450,1.1760,1.3374,0.256042,-0.390747,0.016418,0.884033,7.994,145.0,-1
1785815260.233,9893,2213197,0,0.00000000,0.00000000,0.00,0,0,-40.11,-0.017,-0.7350,0.2450,1.5680,1.7490,0.256165,-0.390808,0.016296,0.883972,7.997,151.2,-1
1785815260.233,9894,2213412,0,0.00000000,0.00000000,0.00,0,0,-40.05,0.013,-0.3920,0.1960,1.0780,1.1637,0.256165,-0.390747,0.016357,0.883972,7.995,151.2,-1
1785815261.516,9899,2214541,0,0.00000000,0.00000000,0.00,0,0,-40.16,-0.071,-0.5390,0.4410,1.2740,1.4519,0.256226,-0.390869,0.016296,0.883911,7.996,143.8,-1
1785815261.516,9900,2214761,0,0.00000000,0.00000000,0.00,0,0,-39.99,0.043,-0.5390,0.4410,1.4210,1.5825,0.256226,-0.390869,0.016357,0.883911,7.997,142.5,-1
1785815262.812,9905,2215860,0,0.00000000,0.00000000,0.00,0,0,-40.04,0.004,-0.2940,0.1960,0.7350,0.8155,0.256348,-0.390747,0.016357,0.883911,7.996,148.8,-1
1785815264.093,9906,2216106,0,0.00000000,0.00000000,0.00,0,0,-40.06,0.027,-0.3430,0.0000,1.1270,1.1780,0.256348,-0.390869,0.016418,0.883850,7.996,145.0,-1
1785815264.093,9910,2216992,0,0.00000000,0.00000000,0.00,0,0,-39.95,0.059,-0.3430,0.4410,1.6170,1.7108,0.256348,-0.390869,0.016418,0.883850,7.996,146.2,-1
1785815264.093,9911,2217204,0,0.00000000,0.00000000,0.00,0,0,-40.10,-0.045,-0.6370,0.6860,1.2250,1.5417,0.256348,-0.390869,0.016418,0.883850,7.996,143.8,-1
1785815265.389,9916,2218337,0,0.00000000,0.00000000,0.00,0,0,-40.17,-0.131,-0.3430,0.1960,1.1270,1.1942,0.256348,-0.390747,0.016418,0.883911,7.997,137.5,-1
1785815265.389,9917,2218557,0,0.00000000,0.00000000,0.00,0,0,-40.09,-0.069,-0.5390,0.3920,1.1270,1.3093,0.256409,-0.390808,0.016357,0.883911,7.999,141.2,-1
1785815266.667,9922,2219652,0,0.00000000,0.00000000,0.00,0,0,-39.92,0.045,-0.2450,0.1960,1.0290,1.0758,0.256531,-0.390808,0.016479,0.883850,7.996,146.2,-1
1785815266.667,9923,2219877,0,0.00000000,0.00000000,0.00,0,0,-40.00,-0.017,-0.3920,0.1960,0.7840,0.8982,0.256531,-0.390747,0.016479,0.883850,7.996,143.8,-1
1785815267.962,9928,2220986,0,0.00000000,0.00000000,0.00,0,0,-39.90,0.073,-0.7350,0.6370,1.1760,1.5261,0.256531,-0.390869,0.016418,0.883789,7.999,143.8,-1
1785815267.962,9929,2221203,0,0.00000000,0.00000000,0.00,0,0,-40.06,-0.016,-0.3920,0.2450,0.7350,0.8683,0.256592,-0.390808,0.016418,0.883850,7.997,148.8,-1
1785815269.257,9934,2222336,0,0.00000000,0.00000000,0.00,0,0,-39.99,-0.004,-0.5390,0.4410,1.1760,1.3667,0.256531,-0.390869,0.016602,0.883850,7.996,147.5,-1
1785815270.543,9935,2222555,0,0.00000000,0.00000000,0.00,0,0,-39.99,0.011,-0.4900,0.3920,0.8820,1.0824,0.256531,-0.390869,0.016663,0.883850,7.997,151.2,-1
1785815270.543,9939,2223436,0,0.00000000,0.00000000,0.00,0,0,-40.03,-0.014,-0.4410,0.3920,0.8820,1.0612,0.256470,-0.390930,0.016602,0.883789,7.994,153.8,-1
1785815270.543,9940,2223657,0,0.00000000,0.00000000,0.00,0,0,-40.09,-0.031,-0.4410,0.3430,0.9310,1.0858,0.256531,-0.390930,0.016602,0.883789,7.995,148.8,-1
1785815271.823,9945,2224791,0,0.00000000,0.00000000,0.00,0,0,-39.79,0.139,-0.6370,0.5390,1.4210,1.6479,0.256653,-0.390869,0.016663,0.883789,7.997,148.8,-1
1785815271.823,9946,2225010,0,0.00000000,0.00000000,0.00,0,0,-39.87,0.082,-0.4900,0.3920,1.0290,1.2052,0.256653,-0.390808,0.016663,0.883789,7.997,147.5,-1
1785815273.109,9951,2226107,0,0.00000000,0.00000000,0.00,0,0,-39.68,0.185,-0.3920,0.2940,1.0290,1.1397,0.315430,-0.389221,0.042969,0.864380,7.995,147.5,-1
1785815273.109,9952,2226331,0,0.00000000,0.00000000,0.00,0,0,-39.80,0.073,-0.4410,0.0980,0.9310,1.0348,0.315491,-0.389099,0.042786,0.864441,7.995,148.8,-1
1785815274.404,9957,2227435,0,0.00000000,0.00000000,0.00,0,0,-39.86,0.024,-0.5390,0.3920,0.7840,1.0290,0.315430,-0.388977,0.043213,0.864502,7.996,152.5,-1
1785815274.404,9958,2227655,0,0.00000000,0.00000000,0.00,0,0,-40.00,-0.089,-0.7840,0.7840,1.1270,1.5810,0.315369,-0.388977,0.043213,0.864502,7.997,151.2,-1
1785815275.683,9963,2228759,0,0.00000000,0.00000000,0.00,0,0,-39.88,0.008,-0.5880,0.5880,1.2250,1.4806,0.315430,-0.388672,0.043335,0.864624,7.996,146.2,-1
1785815276.976,9964,2228978,0,0.00000000,0.00000000,0.00,0,0,-39.94,-0.050,-0.5390,0.3430,1.0290,1.2112,0.315430,-0.388672,0.043274,0.864624,7.995,146.2,-1
1785815276.976,9968,2229862,0,0.00000000,0.00000000,0.00,0,0,-39.77,0.073,-0.5880,0.2940,0.9800,1.1801,0.315491,-0.388733,0.043091,0.864563,7.996,142.5,-1
1785815276.977,9969,2230103,0,0.00000000,0.00000000,0.00,0,0,-39.92,-0.016,-0.4900,0.4900,1.3230,1.4935,0.315491,-0.388733,0.043030,0.864563,7.995,146.2,-1
1785815278.273,9974,2231209,0,0.00000000,0.00000000,0.00,0,0,-39.93,-0.029,-0.8330,0.8330,1.7150,2.0806,0.315247,-0.388855,0.043030,0.864624,7.995,143.8,-1
1785815278.273,9975,2231437,0,0.00000000,0.00000000,0.00,0,0,-39.86,0.005,-0.4900,0.6370,1.1760,1.4244,0.315186,-0.388855,0.043091,0.864624,7.995,147.5,-1
1785815279.550,9980,2232547,0,0.00000000,0.00000000,0.00,0,0,-39.87,0.022,-0.4410,0.1960,0.7840,0.9206,0.315125,-0.388855,0.043030,0.864624,7.996,145.0,-1
1785815279.550,9981,2232775,0,0.00000000,0.00000000,0.00,0,0,-39.86,0.034,-0.5880,0.4410,1.6170,1.7762,0.315125,-0.388855,0.042969,0.864624,7.994,155.0,-1
1785815280.847,9986,2233881,0,0.00000000,0.00000000,0.00,0,0,-39.92,-0.034,-0.4410,0.2450,0.9800,1.1022,0.315186,-0.388916,0.042847,0.864624,7.997,147.5,-1
1785815282.129,9987,2234121,0,0.00000000,0.00000000,0.00,0,0,-39.81,0.004,-0.4900,0.2450,1.1760,1.2973,0.315247,-0.388855,0.042786,0.864624,7.996,146.2,-1
1785815282.129,9992,2235220,0,0.00000000,0.00000000,0.00,0,0,-39.92,-0.019,-0.4900,0.3920,1.0780,1.2473,0.315247,-0.388916,0.042725,0.864624,7.996,146.2,-1
1785815283.423,9993,2235444,0,0.00000000,0.00000000,0.00,0,0,-39.89,0.016,-0.3920,0.0980,0.8330,0.9258,0.315247,-0.388855,0.042725,0.864624,7.996,150.0,-1
1785815283.423,9997,2236315,0,0.00000000,0.00000000,0.00,0,0,-39.91,0.001,-0.6860,0.2940,1.1270,1.3517,0.315308,-0.388855,0.042664,0.864624,7.995,147.5,-1
1785815283.423,9998,2236534,0,0.00000000,0.00000000,0.00,0,0,-39.78,0.113,-0.6860,0.3430,1.1760,1.4040,0.315247,-0.388794,0.042786,0.864685,7.995,147.5,-1
1785815284.714,10003,2237636,0,0.00000000,0.00000000,0.00,0,0,-39.96,-0.032,-0.4900,0.1960,1.0290,1.1564,0.315247,-0.388855,0.042725,0.864624,7.997,143.8,-1
1785815284.715,10004,2237859,0,0.00000000,0.00000000,0.00,0,0,-39.83,0.049,-0.4900,0.2450,0.3920,0.6736,0.315186,-0.388794,0.042725,0.864685,7.997,141.2,-1
1785815285.992,10009,2239001,0,0.00000000,0.00000000,0.00,0,0,-39.81,0.060,-0.6370,0.6860,1.2250,1.5417,0.315186,-0.388916,0.042725,0.864624,7.997,147.5,-1
1785815285.993,10010,2239219,0,0.00000000,0.00000000,0.00,0,0,-39.91,-0.046,-0.2940,0.2450,0.9310,1.0066,0.315186,-0.388916,0.042725,0.864624,7.997,143.8,-1
1785815287.289,10015,2240321,0,0.00000000,0.00000000,0.00,0,0,-39.93,-0.060,-0.4900,0.3430,0.9310,1.1066,0.315186,-0.389038,0.042664,0.864563,7.996,147.5,-1
1785815288.568,10016,2240544,0,0.00000000,0.00000000,0.00,0,0,-39.80,0.014,-0.5390,0.2940,0.7350,0.9577,0.315125,-0.388977,0.042786,0.864624,7.996,142.5,-1
1785815288.568,10021,2241635,0,0.00000000,0.00000000,0.00,0,0,-39.89,-0.025,-0.6860,0.4410,1.0780,1.3517,0.315125,-0.389099,0.042847,0.864563,7.996,155.0,-1
1785815289.864,10022,2241858,0,0.00000000,0.00000000,0.00,0,0,-39.80,0.040,-0.8820,0.5390,0.8820,1.3588,0.315125,-0.389099,0.042847,0.864563,7.996,148.8,-1
1785815289.865,10026,2242767,0,0.00000000,0.00000000,0.00,0,0,-39.86,0.006,-0.6860,0.4410,1.0290,1.3130,0.315125,-0.389099,0.042786,0.864563,7.996,148.8,-1
1785815289.865,10027,2242990,0,0.00000000,0.00000000,0.00,0,0,-39.81,0.029,-0.4410,0.3920,1.0780,1.2289,0.315186,-0.389099,0.042725,0.864563,7.997,146.2,-1
1785815291.147,10032,2244122,0,0.00000000,0.00000000,0.00,0,0,-40.12,-0.170,-0.5880,0.5880,1.0290,1.3230,0.315125,-0.389038,0.042786,0.864563,7.995,147.5,-1
1785815291.147,10033,2244341,0,0.00000000,0.00000000,0.00,0,0,-40.03,-0.117,-0.2450,0.0980,0.4900,0.5565,0.315186,-0.389038,0.042725,0.864563,7.997,147.5,-1
1785815292.426,10038,2245438,0,0.00000000,0.00000000,0.00,0,0,-39.97,-0.101,-0.3430,0.1470,0.8820,0.9577,0.315125,-0.389038,0.042786,0.864563,7.996,146.2,-1
1785815292.426,10039,2245664,0,0.00000000,0.00000000,0.00,0,0,-39.90,-0.040,-0.6370,0.6860,1.4210,1.7016,0.315186,-0.389038,0.042725,0.864563,7.995,150.0,-1
1785815293.720,10044,2246777,0,0.00000000,0.00000000,0.00,0,0,-39.91,-0.047,-0.4900,0.3430,1.0290,1.1902,0.315186,-0.389099,0.042603,0.864563,7.996,148.8,-1
1785815295.013,10045,2247004,0,0.00000000,0.00000000,0.00,0,0,-39.92,-0.042,-0.4410,0.2940,1.0290,1.1575,0.315186,-0.389099,0.042664,0.864563,7.996,150.0,-1
1785815295.013,10050,2248103,0,0.00000000,0.00000000,0.00,0,0,-39.96,-0.063,-0.5390,0.5390,1.3720,1.5695,0.315125,-0.388977,0.042786,0.864624,7.994,145.0,-1
1785815296.292,10051,2248331,0,0.00000000,0.00000000,0.00,0,0,-40.01,-0.078,-0.4900,0.3920,1.4210,1.5534,0.315125,-0.388977,0.042847,0.864624,7.996,145.0,-1
1785815296.292,10055,2249202,0,0.00000000,0.00000000,0.00,0,0,-39.91,-0.028,-0.6370,0.4410,1.0780,1.3275,0.315125,-0.388977,0.042847,0.864624,7.996,147.5,-1
1785815296.292,10056,2249422,0,0.00000000,0.00000000,0.00,0,0,-39.85,0.018,-0.6370,0.4900,1.1760,1.4244,0.315125,-0.388977,0.042847,0.864624,7.996,146.2,-1
1785815297.592,10061,2250555,0,0.00000000,0.00000000,0.00,0,0,-39.98,-0.042,-0.6860,0.5880,1.6170,1.8523,0.315186,-0.389038,0.042725,0.864563,7.994,152.5,-1
1785815297.592,10062,2250778,0,0.00000000,0.00000000,0.00,0,0,-40.03,-0.053,-0.2450,0.6370,0.4900,0.8402,0.315247,-0.389038,0.042725,0.864563,7.996,150.0,-1
1785815298.867,10067,2251889,0,0.00000000,0.00000000,0.00,0,0,-39.98,-0.033,-0.3430,0.1470,0.9310,1.0030,0.315125,-0.388855,0.042786,0.864685,7.995,143.8,-1
1785815298.867,10068,2252105,0,0.00000000,0.00000000,0.00,0,0,-39.96,-0.037,-0.5390,0.4410,1.5680,1.7157,0.315125,-0.388855,0.042725,0.864685,7.995,151.2,-1
1785815300.169,10073,2253192,0,0.00000000,0.00000000,0.00,0,0,-39.71,0.102,-0.6370,0.3920,1.0780,1.3121,0.315125,-0.388977,0.042786,0.864624,7.992,142.5,-1
1785815300.169,10074,2253409,0,0.00000000,0.00000000,0.00,0,0,-39.58,0.165,-0.6370,0.2940,1.1760,1.3694,0.315125,-0.389038,0.042786,0.864624,7.995,145.0,-1
1785815301.448,10079,2254545,0,0.00000000,0.00000000,0.00,0,0,-39.92,-0.088,-0.4900,0.2940,1.2740,1.3963,0.315063,-0.388794,0.042908,0.864685,7.995,143.8,-1
1785815302.742,10080,2254762,0,0.00000000,0.00000000,0.00,0,0,-39.95,-0.093,-0.6370,0.3920,1.2250,1.4353,0.315125,-0.388855,0.042847,0.864685,7.996,148.8,-1
1785815302.742,10084,2255645,0,0.00000000,0.00000000,0.00,0,0,-40.13,-0.145,-0.5390,0.4900,1.1760,1.3833,0.315063,-0.388977,0.042847,0.864624,7.995,142.5,-1
1785815302.742,10085,2255864,0,0.00000000,0.00000000,0.00,0,0,-40.07,-0.097,-0.4410,0.4410,1.1270,1.2881,0.315063,-0.389038,0.042847,0.864624,7.997,143.8,-1
1785815304.021,10090,2257001,0,0.00000000,0.00000000,0.00,0,0,-39.96,-0.013,-0.4410,0.4900,1.2740,1.4345,0.315002,-0.389099,0.042969,0.864624,7.999,141.2,-1
1785815304.021,10091,2257216,0,0.00000000,0.00000000,0.00,0,0,-40.05,-0.076,-0.6370,0.6370,1.3230,1.6006,0.315002,-0.389038,0.042969,0.864624,7.999,146.2,-1
1785815305.317,10096,2258344,0,0.00000000,0.00000000,0.00,0,0,-40.00,-0.019,-0.6370,0.1960,1.4210,1.5695,0.314941,-0.389160,0.042969,0.864563,7.995,140.0,-1
1785815305.317,10097,2258571,0,0.00000000,0.00000000,0.00,0,0,-39.85,0.074,-0.5880,0.6370,1.1760,1.4610,0.314941,-0.389160,0.042908,0.864563,7.995,145.0,-1
1785815306.599,10102,2259675,0,0.00000000,0.00000000,0.00,0,0,-39.97,-0.026,-0.4900,0.0980,2.1560,2.2132,0.315002,-0.389038,0.042847,0.864624,7.996,146.2,-1
1785815307.891,10103,2259896,0,0.00000000,0.00000000,0.00,0,0,-39.94,-0.003,-0.3430,0.1960,0.9800,1.0566,0.315063,-0.389038,0.042847,0.864624,7.996,146.2,-1
1785815307.891,10107,2260775,0,0.00000000,0.00000000,0.00,0,0,-39.94,0.004,-0.6860,0.3430,1.4700,1.6581,0.315063,-0.389160,0.042725,0.864563,8.007,120.0,-1
1785815307.891,10108,2260996,0,0.00000000,0.00000000,0.00,0,0,-40.01,-0.043,-0.4900,0.4900,0.9800,1.2002,0.315063,-0.389160,0.042786,0.864563,7.996,148.8,-1
1785815309.171,10113,2262100,0,0.00000000,0.00000000,0.00,0,0,-39.85,0.062,-0.5880,0.3430,1.2250,1.4014,0.315002,-0.388977,0.042847,0.864685,7.995,150.0,-1
1785815309.175,10114,2262319,0,0.00000000,0.00000000,0.00,0,0,-39.88,0.048,-0.6370,0.2450,0.9310,1.1544,0.315002,-0.388916,0.042908,0.864685,7.996,150.0,-1
1785815310.466,10119,2263421,0,0.00000000,0.00000000,0.00,0,0,-39.98,-0.016,-0.2940,0.4410,1.1270,1.2454,0.315002,-0.388916,0.042969,0.864685,7.997,145.0,-1
1785815310.466,10120,2263641,0,0.00000000,0.00000000,0.00,0,0,-40.03,-0.056,-0.5390,0.3430,1.1270,1.2955,0.315002,-0.388916,0.042969,0.864685,7.996,151.2,-1
1785815311.747,10125,2264785,0,0.00000000,0.00000000,0.00,0,0,-40.03,-0.016,-0.4900,0.5880,1.1270,1.3623,0.315002,-0.388977,0.042908,0.864624,7.995,145.0,-1
1785815311.747,10126,2265006,0,0.00000000,0.00000000,0.00,0,0,-40.09,-0.051,-0.4900,0.8820,1.0290,1.4411,0.315002,-0.389038,0.042908,0.864624,7.995,146.2,-1
1785815313.043,10131,2266110,0,0.00000000,0.00000000,0.00,0,0,-40.03,0.004,-0.2450,0.1960,0.7350,0.7992,0.315002,-0.389099,0.042847,0.864624,7.996,148.8,-1
1785815314.323,10132,2266333,0,0.00000000,0.00000000,0.00,0,0,-40.06,-0.014,-0.6860,0.7350,0.9310,1.3702,0.315002,-0.388977,0.042908,0.864624,7.996,150.0,-1
1785815314.323,10136,2267225,0,0.00000000,0.00000000,0.00,0,0,-40.12,-0.063,-0.3920,0.2450,0.8820,0.9958,0.315063,-0.388916,0.042847,0.864685,7.995,145.0,-1
1785815314.323,10137,2267451,0,0.00000000,0.00000000,0.00,0,0,-40.09,-0.026,-0.4900,0.2450,0.8330,0.9970,0.315063,-0.389038,0.042786,0.864624,7.997,148.8,-1
1785815315.615,10142,2268551,0,0.00000000,0.00000000,0.00,0,0,-40.09,-0.008,-0.5390,0.1470,0.8330,1.0030,0.315002,-0.388916,0.042847,0.864685,7.995,152.5,-1
1785815315.619,10143,2268774,0,0.00000000,0.00000000,0.00,0,0,-40.00,0.039,-0.6370,0.4900,1.1760,1.4244,0.315063,-0.388855,0.042847,0.864685,7.995,150.0,-1
1785815316.909,10148,2269876,0,0.00000000,0.00000000,0.00,0,0,-40.15,-0.069,-0.4900,0.5880,1.6660,1.8334,0.315063,-0.388672,0.042908,0.864746,7.997,148.8,-1
1785815316.909,10149,2270119,0,0.00000000,0.00000000,0.00,0,0,-40.11,-0.067,-0.5880,0.3920,1.3720,1.5433,0.315063,-0.388672,0.042847,0.864746,7.996,148.8,-1
1785815318.186,10154,2271222,0,0.00000000,0.00000000,0.00,0,0,-40.04,0.004,-1.1270,0.9310,0.5390,1.5580,0.315002,-0.388794,0.042908,0.864746,7.996,141.2,-1
1785815319.478,10155,2271450,0,0.00000000,0.00000000,0.00,0,0,-39.93,0.081,-0.6860,0.3920,0.9800,1.2588,0.315002,-0.388794,0.042908,0.864746,7.995,140.0,-1
1785815319.478,10160,2272553,0,0.00000000,0.00000000,0.00,0,0,-40.05,-0.006,-0.7350,0.4410,1.4210,1.6595,0.315002,-0.388977,0.042847,0.864685,7.997,148.8,-1
1785815320.773,10161,2272775,0,0.00000000,0.00000000,0.00,0,0,-40.15,-0.085,-0.5390,0.5880,0.8330,1.1533,0.315002,-0.388916,0.042908,0.864685,7.996,146.2,-1
1785815320.773,10165,2273653,0,0.00000000,0.00000000,0.00,0,0,-40.11,-0.014,-0.4900,0.4410,1.3720,1.5222,0.315002,-0.388855,0.042908,0.864685,8.000,102.5,-1
1785815320.783,10166,2273874,0,0.00000000,0.00000000,0.00,0,0,-40.08,0.004,-0.4900,0.2450,1.1270,1.2531,0.315002,-0.388855,0.042908,0.864685,7.995,148.8,-1
1785815322.055,10171,2275008,0,0.00000000,0.00000000,0.00,0,0,-40.12,-0.030,-0.3920,0.5880,1.2250,1.4142,0.315063,-0.388794,0.042847,0.864746,7.995,147.5,-1
1785815322.055,10172,2275225,0,0.00000000,0.00000000,0.00,0,0,-40.12,-0.032,-0.5390,0.4410,1.0290,1.2425,0.315063,-0.388855,0.042847,0.864685,7.995,151.2,-1
1785815323.350,10177,2276329,0,0.00000000,0.00000000,0.00,0,0,-40.24,-0.108,-0.6370,0.3430,0.9800,1.2181,0.315063,-0.389038,0.042725,0.864624,7.996,147.5,-1
1785815323.350,10178,2276549,0,0.00000000,0.00000000,0.00,0,0,-40.36,-0.176,-0.4410,0.3430,0.9310,1.0858,0.315063,-0.389038,0.042786,0.864624,7.996,150.0,-1
1785815324.640,10183,2277644,0,0.00000000,0.00000000,0.00,0,0,-40.23,-0.094,-0.1960,0.2940,1.2740,1.3221,0.315125,-0.389038,0.042725,0.864624,8.000,145.0,-1
1785815324.640,10184,2277865,0,0.00000000,0.00000000,0.00,0,0,-40.19,-0.068,-0.4410,0.3920,0.8820,1.0612,0.315125,-0.388916,0.042786,0.864624,7.995,143.8,-1
1785815325.917,10189,2279004,0,0.00000000,0.00000000,0.00,0,0,-40.00,0.038,-0.3430,0.2940,0.8330,0.9476,0.315186,-0.388916,0.042725,0.864624,7.997,143.8,-1
1785815327.208,10190,2279214,0,0.00000000,0.00000000,0.00,0,0,-40.12,-0.045,-0.2940,0.4900,0.8820,1.0509,0.315186,-0.388916,0.042664,0.864624,7.997,152.5,-1
1785815327.208,10194,2280102,0,0.00000000,0.00000000,0.00,0,0,-39.98,0.057,-0.6370,0.3920,0.9800,1.2328,0.315125,-0.388916,0.042786,0.864624,7.997,145.0,-1
1785815327.208,10195,2280323,0,0.00000000,0.00000000,0.00,0,0,-40.01,0.017,-0.8820,1.1270,0.6370,1.5665,0.315125,-0.388916,0.042786,0.864624,7.997,145.0,-1
1785815328.501,10200,2281442,0,0.00000000,0.00000000,0.00,0,0,-40.10,-0.042,-0.5390,0.3430,1.1760,1.3383,0.315125,-0.388916,0.042786,0.864624,7.996,140.0,-1
1785815328.501,10201,2281668,0,0.00000000,0.00000000,0.00,0,0,-40.06,-0.007,-0.4900,0.1960,1.0290,1.1564,0.315186,-0.388916,0.042786,0.864624,7.996,147.5,-1
1785815329.782,10206,2282764,0,0.00000000,0.00000000,0.00,0,0,-39.92,0.090,-0.5880,0.4410,0.9310,1.1862,0.315125,-0.388916,0.042847,0.864624,7.997,143.8,-1
1785815329.782,10207,2282982,0,0.00000000,0.00000000,0.00,0,0,-40.00,0.040,-0.2940,0.2940,0.9800,1.0646,0.315125,-0.388916,0.042847,0.864624,7.995,145.0,-1
1785815331.076,10212,2284116,0,0.00000000,0.00000000,0.00,0,0,-40.00,0.012,-0.7350,0.3920,0.9800,1.2862,0.315063,-0.388916,0.042908,0.864685,7.997,146.2,-1
1785815331.076,10213,2284335,0,0.00000000,0.00000000,0.00,0,0,-40.01,0.005,-0.6860,0.2450,0.9800,1.2211,0.315063,-0.388916,0.042969,0.864624,7.997,145.0,-1
1785815332.364,10218,2285450,0,0.00000000,0.00000000,0.00,0,0,-40.21,-0.095,-0.3920,0.1960,1.1270,1.2092,0.315125,-0.388916,0.042786,0.864624,7.995,145.0,-1
1785815333.649,10219,2285673,0,0.00000000,0.00000000,0.00,0,0,-40.22,-0.100,-0.2450,0.2450,1.1270,1.1791,0.315125,-0.388855,0.042847,0.864685,7.996,148.8,-1
1785815333.650,10223,2286560,0,0.00000000,0.00000000,0.00,0,0,-40.13,-0.036,-0.5880,0.2940,0.9800,1.1801,0.315125,-0.388855,0.042847,0.864685,7.996,145.0,-1
1785815333.650,10224,2286783,0,0.00000000,0.00000000,0.00,0,0,-40.10,-0.031,-0.3920,0.1960,0.9310,1.0290,0.315186,-0.388794,0.042786,0.864685,7.996,141.2,-1
1785815334.934,10229,2287865,0,0.00000000,0.00000000,0.00,0,0,-40.16,-0.050,-0.4410,0.3430,1.0290,1.1709,0.315125,-0.388855,0.042786,0.864685,7.996,143.8,-1
1785815334.934,10230,2288109,0,0.00000000,0.00000000,0.00,0,0,-40.20,-0.078,-0.8330,0.3430,1.3230,1.6006,0.315186,-0.388855,0.042786,0.864685,7.996,151.2,-1
1785815336.228,10235,2289219,0,0.00000000,0.00000000,0.00,0,0,-40.00,0.021,-0.4410,0.4410,2.1560,2.2444,0.315186,-0.388977,0.042725,0.864624,7.999,145.0,-1
1785815336.228,10236,2289441,0,0.00000000,0.00000000,0.00,0,0,-40.05,-0.018,-0.6370,0.3920,1.5680,1.7373,0.315186,-0.388977,0.042664,0.864624,7.995,145.0,-1
1785815337.510,10241,2290568,0,0.00000000,0.00000000,0.00,0,0,-40.07,-0.041,-0.3920,0.3430,0.7350,0.9009,0.315186,-0.388977,0.042664,0.864624,7.992,156.2,-1
1785815338.804,10242,2290791,0,0.00000000,0.00000000,0.00,0,0,-40.00,-0.015,-0.4410,0.5390,1.1760,1.3667,0.315186,-0.388977,0.042664,0.864624,7.996,145.0,-1
1785815338.805,10247,2291894,0,0.00000000,0.00000000,0.00,0,0,-40.00,0.007,-0.4900,0.4900,1.1760,1.3650,0.315125,-0.388977,0.042786,0.864624,7.994,142.5,-1
1785815340.083,10248,2292104,0,0.00000000,0.00000000,0.00,0,0,-39.96,0.046,-0.4410,0.3920,0.6860,0.9048,0.315125,-0.389038,0.042786,0.864624,7.996,145.0,-1
1785815340.083,10252,2292989,0,0.00000000,0.00000000,0.00,0,0,-40.08,-0.043,-0.3920,0.5390,1.1270,1.3093,0.315125,-0.388977,0.042847,0.864624,7.994,148.8,-1
1785815340.084,10253,2293206,0,0.00000000,0.00000000,0.00,0,0,-40.03,0.008,-0.4900,0.4410,1.1270,1.3056,0.315125,-0.388977,0.042847,0.864624,7.994,148.8,-1
1785815341.376,10258,2294335,0,0.00000000,0.00000000,0.00,0,0,-39.97,0.082,-0.4410,0.3430,1.0780,1.2142,0.315125,-0.388977,0.042847,0.864624,7.995,148.8,-1
1785815341.376,10259,2294561,0,0.00000000,0.00000000,0.00,0,0,-39.93,0.098,-0.7350,0.5880,1.2250,1.5449,0.315125,-0.388977,0.042847,0.864624,7.994,148.8,-1
1785815342.659,10264,2295671,0,0.00000000,0.00000000,0.00,0,0,-39.95,0.068,-0.4900,0.3920,0.8330,1.0429,0.315125,-0.388916,0.042786,0.864624,7.997,147.5,-1
1785815342.659,10265,2295889,0,0.00000000,0.00000000,0.00,0,0,-39.89,0.110,-0.6370,0.4410,1.2250,1.4494,0.315125,-0.388916,0.042847,0.864624,7.995,155.0,-1
1785815343.953,10270,2296993,0,0.00000000,0.00000000,0.00,0,0,-40.01,0.041,-0.3430,0.1470,0.8820,0.9577,0.315125,-0.389099,0.042786,0.864563,7.996,153.8,-1
1785815345.243,10271,2297202,0,0.00000000,0.00000000,0.00,0,0,-40.03,0.010,-0.6370,0.4410,1.1270,1.3676,0.315125,-0.389099,0.042786,0.864563,7.999,143.8,-1
1785815345.243,10276,2298286,0,0.00000000,0.00000000,0.00,0,0,-40.08,-0.069,-0.4900,0.6370,1.3230,1.5480,0.315125,-0.389099,0.042725,0.864563,7.996,146.2,-1
1785815346.524,10277,2298508,0,0.00000000,0.00000000,0.00,0,0,-39.96,0.022,-0.6370,0.6370,1.2740,1.5603,0.315125,-0.389099,0.042725,0.864563,7.996,148.8,-1
1785815346.524,10282,2299618,0,0.00000000,0.00000000,0.00,0,0,-39.95,0.035,-0.3430,0.3430,1.3230,1.4091,0.315125,-0.388977,0.042847,0.864624,7.997,150.0,-1
1785815347.820,10283,2299836,0,0.00000000,0.00000000,0.00,0,0,-40.00,0.006,-0.2940,0.1470,1.0780,1.1270,0.315125,-0.388977,0.042847,0.864624,7.997,150.0,-1
1785815347.820,10287,2300721,0,0.00000000,0.00000000,0.00,0,0,-39.86,0.079,-0.2940,0.3430,1.0290,1.1238,0.315125,-0.388977,0.042786,0.864624,7.995,146.2,-1
1785815347.820,10288,2300941,0,0.00000000,0.00000000,0.00,0,0,-39.96,0.024,-0.5390,0.2940,1.0290,1.1982,0.315125,-0.388977,0.042847,0.864624,7.996,142.5,-1
1785815349.113,10293,2302056,0,0.00000000,0.00000000,0.00,0,0,-40.08,-0.054,-0.8330,0.2940,1.0780,1.3937,0.315125,-0.389099,0.042786,0.864563,8.000,136.2,-1
1785815349.113,10294,2302273,0,0.00000000,0.00000000,0.00,0,0,-39.97,-0.006,-0.4900,0.4410,1.3230,1.4781,0.315125,-0.389099,0.042786,0.864563,7.996,148.8,-1
1785815350.393,10299,2303366,0,0.00000000,0.00000000,0.00,0,0,-39.86,0.024,-0.4900,0.2940,0.7840,0.9702,0.315125,-0.389099,0.042786,0.864563,7.995,146.2,-1
1785815350.393,10300,2303586,0,0.00000000,0.00000000,0.00,0,0,-39.86,0.021,-0.8820,0.5390,0.9800,1.4244,0.315125,-0.389038,0.042725,0.864563,7.995,145.0,-1
1785815351.674,10305,2304699,0,0.00000000,0.00000000,0.00,0,0,-39.83,0.034,-0.4900,0.4410,0.8820,1.1011,0.315125,-0.388916,0.042786,0.864624,7.996,143.8,-1
1785815351.675,10306,2304920,0,0.00000000,0.00000000,0.00,0,0,-39.80,0.053,-0.4900,0.3920,1.0290,1.2052,0.315125,-0.388916,0.042786,0.864624,7.997,141.2,-1
1785815352.970,10311,2306022,0,0.00000000,0.00000000,0.00,0,0,-40.08,-0.091,-0.4900,0.3920,1.3230,1.4643,0.315125,-0.388916,0.042847,0.864624,7.995,147.5,-1
1785815354.251,10312,2306235,0,0.00000000,0.00000000,0.00,0,0,-39.99,-0.039,-0.6370,0.1960,1.0290,1.2260,0.315125,-0.388855,0.042908,0.864685,7.995,142.5,-1
1785815354.254,10317,2307355,0,0.00000000,0.00000000,0.00,0,0,-39.82,0.045,-0.5390,0.6860,1.2740,1.5441,0.315125,-0.388977,0.042725,0.864624,7.995,145.0,-1
1785815355.545,10318,2307574,0,0.00000000,0.00000000,0.00,0,0,-39.94,-0.037,-0.6860,0.6370,1.3720,1.6609,0.315125,-0.388977,0.042725,0.864624,7.996,153.8,-1
1785815355.545,10322,2308444,0,0.00000000,0.00000000,0.00,0,0,-39.83,0.035,-0.4900,0.5880,0.7840,1.0957,0.315125,-0.388855,0.042908,0.864685,7.994,145.0,-1
1785815355.545,10323,2308669,0,0.00000000,0.00000000,0.00,0,0,-39.82,0.027,-0.7350,0.2940,1.0780,1.3374,0.315063,-0.388855,0.042908,0.864685,7.995,143.8,-1
1785815356.841,10328,2309772,0,0.00000000,0.00000000,0.00,0,0,-39.95,-0.093,-0.4900,0.5390,1.0780,1.3010,0.315125,-0.389038,0.042847,0.864563,7.997,142.5,-1
1785815356.841,10329,2309990,0,0.00000000,0.00000000,0.00,0,0,-39.92,-0.079,-0.5390,0.3920,1.0780,1.2674,0.315125,-0.389099,0.042786,0.864563,7.997,148.8,-1
1785815358.122,10334,2311115,0,0.00000000,0.00000000,0.00,0,0,-39.95,-0.076,-0.6370,0.3920,0.8820,1.1564,0.315125,-0.389038,0.042908,0.864563,7.996,141.2,-1
1785815358.122,10335,2311333,0,0.00000000,0.00000000,0.00,0,0,-39.90,-0.047,-0.5880,0.3430,1.2740,1.4445,0.315063,-0.389099,0.042908,0.864563,7.995,147.5,-1
1785815359.417,10340,2312437,0,0.00000000,0.00000000,0.00,0,0,-39.84,-0.001,-0.6860,0.6860,1.0780,1.4503,0.315063,-0.389099,0.043030,0.864563,7.995,146.2,-1
1785815359.422,10341,2312656,0,0.00000000,0.00000000,0.00,0,0,-39.72,0.074,-0.7350,0.5880,1.2250,1.5449,0.315063,-0.389160,0.042969,0.864563,7.995,150.0,-1
1785815360.698,10346,2313791,0,0.00000000,0.00000000,0.00,0,0,-39.77,-0.060,-0.5390,0.4900,0.7350,1.0348,0.312805,-0.388245,0.043518,0.865723,7.990,293.8,-1
1785815361.978,10347,2314008,0,0.00000000,0.00000000,0.00,0,0,-39.77,-0.057,-0.4410,0.2940,1.5190,1.6088,0.315918,-0.395081,0.047546,0.861267,7.994,145.0,-1
1785815361.978,10351,2314893,0,0.00000000,0.00000000,0.00,0,0,-39.64,0.233,-0.3920,0.3920,1.4210,1.5253,0.339111,-0.408752,0.073181,0.844177,7.995,142.5,-1
1785815361.979,10352,2315110,0,0.00000000,0.00000000,0.00,0,0,-39.72,0.153,-0.4900,0.3920,1.1270,1.2899,0.339111,-0.408203,0.073303,0.844360,7.995,148.8,-1
1785815363.280,10357,2316186,0,0.00000000,0.00000000,0.00,0,0,-39.98,-0.101,-0.5390,0.3430,0.9800,1.1699,0.338989,-0.407166,0.074036,0.844910,7.996,141.2,-1
1785815363.280,10358,2316407,0,0.00000000,0.00000000,0.00,0,0,-39.80,0.020,-0.3920,0.2450,1.2250,1.3093,0.338928,-0.406616,0.074219,0.845154,7.999,146.2,-1
1785815364.557,10363,2317547,0,0.00000000,0.00000000,0.00,0,0,-39.84,-0.031,-0.3920,0.1960,0.9310,1.0290,0.338013,-0.403809,0.072937,0.846985,7.999,147.5,-1
1785815364.557,10364,2317766,0,0.00000000,0.00000000,0.00,0,0,-39.86,-0.042,-0.6370,0.6370,1.0780,1.4049,0.338074,-0.403687,0.072998,0.846985,7.999,148.8,-1
1785815365.845,10369,2318868,0,0.00000000,0.00000000,0.00,0,0,-40.07,-0.088,-0.5880,0.3430,1.4700,1.6200,0.337891,-0.403870,0.073120,0.846985,7.996,146.2,-1
1785815365.845,10370,2319114,0,0.00000000,0.00000000,0.00,0,0,-40.02,-0.063,-0.7350,0.6370,1.3720,1.6818,0.337952,-0.403992,0.073120,0.846924,8.001,145.0,-1
1785815367.137,10375,2320211,0,0.00000000,0.00000000,0.00,0,0,-40.04,-0.030,-0.3430,0.3430,0.7840,0.9219,0.338074,-0.403931,0.073120,0.846863,8.000,146.2,-1
1785815368.431,10376,2320434,0,0.00000000,0.00000000,0.00,0,0,-40.07,-0.053,-0.3430,0.4410,1.1760,1.3020,0.338074,-0.403931,0.073120,0.846863,7.997,141.2,-1
1785815368.431,10380,2321344,0,0.00000000,0.00000000,0.00,0,0,-39.98,-0.006,-0.4900,0.3430,1.1270,1.2759,0.338013,-0.403931,0.073181,0.846863,7.997,147.5,-1
1785815368.431,10381,2321568,0,0.00000000,0.00000000,0.00,0,0,-40.00,-0.011,-0.0490,0.7350,1.1270,1.3464,0.338013,-0.403931,0.073242,0.846924,7.996,150.0,-1
1785815369.709,10386,2322680,0,0.00000000,0.00000000,0.00,0,0,-39.96,0.025,-0.4900,0.3920,0.9310,1.1227,0.337952,-0.403809,0.073425,0.846985,7.999,140.0,-1
1785815369.709,10387,2322908,0,0.00000000,0.00000000,0.00,0,0,-39.95,0.035,-0.6370,0.6860,1.0780,1.4277,0.337952,-0.403748,0.073425,0.846985,7.996,148.8,-1
1785815371.003,10392,2324013,0,0.00000000,0.00000000,0.00,0,0,-40.09,-0.057,-0.4900,0.4410,0.9800,1.1811,0.337952,-0.403748,0.073364,0.846985,7.996,142.5,-1
1785815371.003,10393,2324232,0,0.00000000,0.00000000,0.00,0,0,-40.10,-0.052,-0.6370,0.4410,1.3720,1.5756,0.337952,-0.403870,0.073364,0.846924,7.996,142.5,-1
1785815372.291,10398,2325332,0,0.00000000,0.00000000,0.00,0,0,-40.03,-0.000,-0.4900,0.5390,0.9310,1.1821,0.337952,-0.403809,0.073425,0.846985,7.995,146.2,-1
1785815373.584,10399,2325555,0,0.00000000,0.00000000,0.00,0,0,-40.06,-0.012,-0.3920,0.4410,0.8820,1.0612,0.337952,-0.403931,0.073425,0.846924,7.997,140.0,-1
1785815373.584,10404,2326658,0,0.00000000,0.00000000,0.00,0,0,-40.15,-0.045,-0.6860,0.4410,1.1760,1.4311,0.337402,-0.403931,0.074707,0.847046,7.997,142.5,-1
1785815374.862,10405,2326877,0,0.00000000,0.00000000,0.00,0,0,-39.95,0.085,-0.7840,0.5880,1.0780,1.4569,0.337463,-0.403931,0.074524,0.846985,7.996,142.5,-1
1785815374.862,10409,2327762,0,0.00000000,0.00000000,0.00,0,0,-39.85,0.111,-0.5880,0.2450,1.3230,1.4684,0.337524,-0.404114,0.074036,0.846924,7.996,142.5,-1
1785815374.868,10410,2327988,0,0.00000000,0.00000000,0.00,0,0,-39.85,0.095,-0.5390,0.3430,1.1760,1.3383,0.337524,-0.404114,0.073853,0.846924,7.995,142.5,-1
1785815376.153,10415,2329113,0,0.00000000,0.00000000,0.00,0,0,-40.06,-0.024,-0.5880,0.4900,0.7840,1.0957,0.337524,-0.403687,0.073914,0.847168,7.996,136.2,-1
1785815376.153,10416,2329334,0,0.00000000,0.00000000,0.00,0,0,-40.10,-0.062,-0.6370,0.4410,1.0290,1.2881,0.337524,-0.403687,0.073853,0.847168,7.996,142.5,-1
1785815377.435,10421,2330445,0,0.00000000,0.00000000,0.00,0,0,-39.97,-0.014,-0.3920,0.7840,1.0290,1.3517,0.337524,-0.403809,0.073853,0.847107,7.996,143.8,-1
1785815377.435,10422,2330663,0,0.00000000,0.00000000,0.00,0,0,-39.99,-0.007,-0.5390,0.6860,1.4700,1.7094,0.337524,-0.403809,0.073914,0.847107,7.995,145.0,-1
1785815378.726,10427,2331776,0,0.00000000,0.00000000,0.00,0,0,-39.88,0.008,-0.6860,0.3920,1.0780,1.3365,0.337463,-0.403809,0.074036,0.847107,7.999,141.2,-1
1785815380.021,10428,2331999,0,0.00000000,0.00000000,0.00,0,0,-39.85,0.059,-0.9310,0.5880,1.3720,1.7592,0.337463,-0.403748,0.073975,0.847107,7.997,141.2,-1
1785815380.021,10433,2333102,0,0.00000000,0.00000000,0.00,0,0,-39.60,0.126,-0.6370,0.5880,1.5190,1.7490,0.337524,-0.403625,0.073975,0.847168,7.995,143.8,-1
1785815381.301,10434,2333324,0,0.00000000,0.00000000,0.00,0,0,-39.62,0.092,-0.4900,0.4900,1.0290,1.2406,0.337463,-0.403687,0.073975,0.847168,7.995,142.5,-1
1785815381.301,10438,2334205,0,0.00000000,0.00000000,0.00,0,0,-39.78,-0.054,-0.7350,0.6370,1.0290,1.4159,0.337524,-0.403687,0.073975,0.847168,7.995,140.0,-1
1785815381.301,10439,2334433,0,0.00000000,0.00000000,0.00,0,0,-39.94,-0.158,-0.5880,0.4900,1.4700,1.6573,0.337463,-0.403687,0.073975,0.847168,7.996,143.8,-1
1785815382.599,10444,2335547,0,0.00000000,0.00000000,0.00,0,0,-39.65,0.039,-0.3430,0.4900,0.8820,1.0657,0.337463,-0.403748,0.073975,0.847107,7.997,146.2,-1
1785815382.599,10445,2335765,0,0.00000000,0.00000000,0.00,0,0,-39.81,-0.068,-0.6860,0.4410,1.1270,1.3911,0.337463,-0.403687,0.073975,0.847168,7.995,145.0,-1
1785815383.875,10450,2336858,0,0.00000000,0.00000000,0.00,0,0,-39.97,-0.115,-0.5390,0.1960,0.8330,1.0113,0.337463,-0.403687,0.073975,0.847168,7.994,146.2,-1
1785815383.875,10451,2337102,0,0.00000000,0.00000000,0.00,0,0,-39.82,-0.025,-0.5390,0.2450,0.7840,0.9824,0.337524,-0.403625,0.073975,0.847168,7.995,146.2,-1
1785815385.169,10456,2338203,0,0.00000000,0.00000000,0.00,0,0,-39.79,0.012,-0.2940,0.1960,0.9800,1.0418,0.337463,-0.403748,0.073975,0.847107,7.997,145.0,-1
1785815386.463,10457,2338421,0,0.00000000,0.00000000,0.00,0,0,-39.78,0.020,-0.4410,0.1470,0.4900,0.6754,0.337463,-0.403748,0.074036,0.847107,7.997,148.8,-1
1785815386.463,10461,2339346,0,0.00000000,0.00000000,0.00,0,0,-39.84,-0.017,-0.1470,0.0490,1.2250,1.2348,0.337463,-0.403870,0.074036,0.847046,7.995,142.5,-1
1785815386.468,10462,2339573,0,0.00000000,0.00000000,0.00,0,0,-39.86,0.010,-0.6860,0.6370,1.1270,1.4651,0.337524,-0.403870,0.073975,0.847046,7.996,146.2,-1
1785815387.742,10467,2340669,0,0.00000000,0.00000000,0.00,0,0,-39.86,0.009,-0.4900,0.4410,0.8820,1.1011,0.337463,-0.403748,0.074036,0.847107,8.000,145.0,-1
1785815387.744,10468,2340891,0,0.00000000,0.00000000,0.00,0,0,-39.79,0.047,-1.1760,0.0490,1.4700,1.8832,0.337402,-0.403870,0.074097,0.847107,7.999,145.0,-1
1785815389.027,10473,2342003,0,0.00000000,0.00000000,0.00,0,0,-39.82,0.004,-0.7350,0.4410,1.1760,1.4552,0.337463,-0.403809,0.074036,0.847107,7.997,142.5,-1
1785815389.027,10474,2342222,0,0.00000000,0.00000000,0.00,0,0,-39.86,-0.025,-0.4900,0.3920,1.1760,1.3329,0.337463,-0.403809,0.074036,0.847107,7.999,147.5,-1
1785815390.328,10479,2343332,0,0.00000000,0.00000000,0.00,0,0,-39.99,-0.197,-0.7350,0.4900,1.3720,1.6318,0.337463,-0.403809,0.074036,0.847107,7.997,143.8,-1
1785815390.328,10480,2343553,0,0.00000000,0.00000000,0.00,0,0,-39.94,-0.165,-0.6370,0.2450,0.9800,1.1942,0.337463,-0.403809,0.074036,0.847107,7.999,142.5,-1
1785815391.602,10485,2344659,0,0.00000000,0.00000000,0.00,0,0,-40.17,-0.206,-0.5390,0.4410,1.3230,1.4951,0.337463,-0.403748,0.074036,0.847107,7.999,140.0,-1
1785815392.897,10486,2344883,0,0.00000000,0.00000000,0.00,0,0,-40.04,-0.092,-0.7350,0.6370,0.9800,1.3807,0.337402,-0.403748,0.074036,0.847168,7.996,143.8,-1
1785815392.897,10490,2345777,0,0.00000000,0.00000000,0.00,0,0,-40.03,-0.033,-0.5390,0.5390,0.8330,1.1291,0.337219,-0.403931,0.074158,0.847107,8.005,88.8,-1
1785815392.898,10491,2345998,0,0.00000000,0.00000000,0.00,0,0,-40.11,-0.086,-0.5880,0.3920,1.0780,1.2890,0.337280,-0.403931,0.074219,0.847107,7.999,142.5,-1
1785815394.188,10496,2347104,0,0.00000000,0.00000000,0.00,0,0,-40.05,0.018,-0.3920,0.1960,0.8330,0.9413,0.337402,-0.403870,0.074219,0.847046,7.996,143.8,-1
1785815394.188,10497,2347330,0,0.00000000,0.00000000,0.00,0,0,-40.16,-0.041,-0.4410,0.1470,1.0780,1.1740,0.337463,-0.403931,0.074097,0.847046,7.996,147.5,-1
1785815395.468,10502,2348434,0,0.00000000,0.00000000,0.00,0,0,-40.08,0.051,-0.5390,0.2450,0.7350,0.9438,0.337524,-0.403748,0.074097,0.847107,7.999,143.8,-1
1785815395.468,10503,2348653,0,0.00000000,0.00000000,0.00,0,0,-40.12,0.036,-0.7840,0.3920,0.9800,1.3148,0.337524,-0.403748,0.074097,0.847107,7.996,142.5,-1
1785815396.760,10508,2349785,0,0.00000000,0.00000000,0.00,0,0,-40.13,-0.002,-0.4900,0.3920,1.0290,1.2052,0.337524,-0.403748,0.074097,0.847107,7.996,150.0,-1
1785815396.760,10509,2350007,0,0.00000000,0.00000000,0.00,0,0,-40.15,-0.009,-0.5390,0.4900,1.1270,1.3419,0.337524,-0.403687,0.074036,0.847107,7.997,146.2,-1
1785815398.053,10514,2351105,0,0.00000000,0.00000000,0.00,0,0,-40.29,-0.064,-0.6370,0.6370,0.8330,1.2270,0.337585,-0.403748,0.074036,0.847046,7.995,146.2,-1
1785815399.343,10515,2351329,0,0.00000000,0.00000000,0.00,0,0,-40.24,-0.028,-0.6370,0.2450,1.1270,1.3175,0.337646,-0.403870,0.074036,0.846985,7.997,140.0,-1
1785815399.343,10520,2352420,0,0.00000000,0.00000000,0.00,0,0,-40.38,-0.057,-0.6370,0.4410,0.6860,1.0348,0.337524,-0.403809,0.074219,0.847046,7.996,146.2,-1
1785815400.623,10521,2352643,0,0.00000000,0.00000000,0.00,0,0,-40.40,-0.059,-0.5880,0.4900,1.0290,1.2825,0.337524,-0.403809,0.074219,0.847046,7.997,145.0,-1
1785815400.623,10525,2353555,0,0.00000000,0.00000000,0.00,0,0,-40.23,0.043,-0.3430,0.2940,0.9800,1.0791,0.337646,-0.403687,0.074036,0.847107,7.999,146.2,-1
1785815400.623,10526,2353777,0,0.00000000,0.00000000,0.00,0,0,-40.35,-0.055,-0.4410,0.8820,0.4900,1.1011,0.337646,-0.403687,0.074036,0.847107,7.995,146.2,-1
1785815401.908,10531,2354897,0,0.00000000,0.00000000,0.00,0,0,-40.23,-0.011,-0.5390,0.0980,0.8330,0.9970,0.337524,-0.403870,0.074158,0.847046,7.996,146.2,-1
1785815401.908,10532,2355110,0,0.00000000,0.00000000,0.00,0,0,-40.20,0.031,-0.4410,0.2940,0.6860,0.8669,0.337585,-0.403870,0.074158,0.847046,7.996,143.8,-1
1785815403.208,10537,2356223,0,0.00000000,0.00000000,0.00,0,0,-40.22,0.026,-0.3920,0.2450,1.0290,1.1281,0.337585,-0.403748,0.074036,0.847046,7.997,145.0,-1
1785815404.485,10538,2356449,0,0.00000000,0.00000000,0.00,0,0,-40.24,0.000,-0.4410,0.3920,1.2250,1.3597,0.337585,-0.403687,0.074097,0.847107,7.995,146.2,-1
1785815404.485,10543,2357553,0,0.00000000,0.00000000,0.00,0,0,-40.24,-0.057,-0.6370,0.4410,1.2250,1.4494,0.337463,-0.403870,0.074341,0.847046,7.996,141.2,-1
1785815405.780,10544,2357775,0,0.00000000,0.00000000,0.00,0,0,-40.16,-0.002,-0.7350,0.5880,0.7350,1.1942,0.337463,-0.403809,0.074341,0.847046,7.997,143.8,-1
1785815405.780,10548,2358656,0,0.00000000,0.00000000,0.00,0,0,-40.08,0.074,-0.6860,0.5880,1.4210,1.6839,0.337524,-0.403748,0.074219,0.847107,8.004,128.8,-1
1785815405.781,10549,2358874,0,0.00000000,0.00000000,0.00,0,0,-40.14,0.039,-0.3920,0.2450,1.0780,1.1729,0.337524,-0.403748,0.074158,0.847107,7.996,143.8,-1
1785815407.070,10554,2360009,0,0.00000000,0.00000000,0.00,0,0,-40.20,-0.047,-0.4900,0.5390,1.2740,1.4675,0.337463,-0.403870,0.074341,0.847046,7.997,146.2,-1
1785815407.070,10555,2360226,0,0.00000000,0.00000000,0.00,0,0,-40.15,0.008,-0.8330,0.2450,0.8330,1.2032,0.337524,-0.403870,0.074280,0.847046,7.999,147.5,-1
1785815408.347,10560,2361334,0,0.00000000,0.00000000,0.00,0,0,-40.24,-0.071,-0.3430,0.2450,1.1270,1.2032,0.337524,-0.403870,0.074219,0.847046,7.997,143.8,-1
1785815408.347,10561,2361562,0,0.00000000,0.00000000,0.00,0,0,-40.16,-0.023,-0.2940,0.4900,1.1270,1.2636,0.337524,-0.403870,0.074158,0.847046,7.999,143.8,-1
1785815409.639,10566,2362674,0,0.00000000,0.00000000,0.00,0,0,-40.29,-0.086,-0.3430,0.5880,0.9800,1.1932,0.337463,-0.403870,0.074341,0.847046,7.999,142.5,-1
1785815410.932,10567,2362895,0,0.00000000,0.00000000,0.00,0,0,-40.15,-0.009,-0.6860,0.6370,1.0780,1.4277,0.337463,-0.403931,0.074341,0.846985,7.997,145.0,-1
1785815410.932,10572,2363994,0,0.00000000,0.00000000,0.00,0,0,-40.19,0.016,-0.7840,0.7840,0.7840,1.3579,0.337463,-0.403931,0.074402,0.847046,7.995,147.5,-1
1785815412.217,10573,2364210,0,0.00000000,0.00000000,0.00,0,0,-40.15,0.032,-0.7350,0.5390,0.8820,1.2683,0.337463,-0.403931,0.074402,0.846985,7.997,141.2,-1
1785815412.217,10577,2365094,0,0.00000000,0.00000000,0.00,0,0,-40.17,-0.005,-0.4410,0.0980,1.3720,1.4445,0.337463,-0.403931,0.074402,0.846985,7.999,141.2,-1
1785815412.217,10578,2365320,0,0.00000000,0.00000000,0.00,0,0,-40.33,-0.101,-0.6370,0.4410,1.1760,1.4083,0.337463,-0.403931,0.074341,0.846985,8.000,141.2,-1
1785815413.498,10583,2366421,0,0.00000000,0.00000000,0.00,0,0,-40.17,0.021,-0.3430,0.3430,0.7840,0.9219,0.337463,-0.403931,0.074402,0.847046,7.995,143.8,-1
1785815413.498,10584,2366640,0,0.00000000,0.00000000,0.00,0,0,-40.17,0.031,-0.6860,0.6860,1.2740,1.6013,0.337463,-0.403870,0.074402,0.847046,7.996,145.0,-1
1785815414.788,10589,2367781,0,0.00000000,0.00000000,0.00,0,0,-40.18,-0.013,-0.5390,0.3430,1.1760,1.3383,0.337463,-0.403931,0.074280,0.847046,7.997,147.5,-1
1785815414.788,10590,2368007,0,0.00000000,0.00000000,0.00,0,0,-40.04,0.090,-0.3920,0.3430,1.1270,1.2415,0.337463,-0.403931,0.074341,0.846985,7.995,138.8,-1
1785815416.083,10595,2369102,0,0.00000000,0.00000000,0.00,0,0,-40.08,0.028,-0.6860,0.4900,1.1270,1.4074,0.337463,-0.403992,0.074341,0.846985,7.995,141.2,-1
1785815416.083,10596,2369329,0,0.00000000,0.00000000,0.00,0,0,-40.18,-0.022,-0.7350,0.5390,0.9800,1.3383,0.337463,-0.403931,0.074341,0.846985,7.999,142.5,-1
1785815417.374,10601,2370439,0,0.00000000,0.00000000,0.00,0,0,-40.22,-0.034,-0.4410,0.2940,0.7350,0.9062,0.337463,-0.403931,0.074402,0.846985,7.997,143.8,-1
1785815418.654,10602,2370661,0,0.00000000,0.00000000,0.00,0,0,-40.15,0.014,-0.5390,0.5390,1.2250,1.4428,0.337463,-0.403931,0.074402,0.846985,7.997,141.2,-1
1785815418.654,10606,2371540,0,0.00000000,0.00000000,0.00,0,0,-40.22,-0.051,-0.7840,0.0490,0.9800,1.2560,0.337463,-0.403870,0.074341,0.847046,7.995,122.5,-1
1785815418.654,10607,2371762,0,0.00000000,0.00000000,0.00,0,0,-40.18,-0.034,-0.6370,0.4900,1.1270,1.3842,0.337463,-0.403870,0.074402,0.847046,7.996,147.5,-1
1785815419.951,10612,2372876,0,0.00000000,0.00000000,0.00,0,0,-40.09,0.007,-0.5880,0.3430,0.6860,0.9664,0.337402,-0.403931,0.074463,0.847046,7.996,147.5,-1
1785815419.951,10613,2373118,0,0.00000000,0.00000000,0.00,0,0,-40.09,-0.017,-0.6860,0.5390,1.1760,1.4643,0.337402,-0.403931,0.074463,0.847046,7.995,147.5,-1
1785815421.231,10618,2374225,0,0.00000000,0.00000000,0.00,0,0,-40.04,0.041,-0.4410,0.3430,1.0290,1.1709,0.337402,-0.403870,0.074402,0.847046,7.997,141.2,-1
1785815421.231,10619,2374449,0,0.00000000,0.00000000,0.00,0,0,-40.14,0.001,-0.3430,0.3920,1.0290,1.1533,0.337402,-0.403870,0.074463,0.847046,7.995,147.5,-1
1785815422.522,10624,2375564,0,0.00000000,0.00000000,0.00,0,0,-40.03,0.085,-0.2940,0.5880,1.5680,1.7002,0.337402,-0.403931,0.074463,0.847046,7.994,150.0,-1
1785815423.811,10625,2375788,0,0.00000000,0.00000000,0.00,0,0,-40.19,-0.018,-0.5880,0.5880,0.9310,1.2483,0.337402,-0.403931,0.074463,0.847046,7.996,147.5,-1
1785815423.811,10630,2376883,0,0.00000000,0.00000000,0.00,0,0,-40.06,0.071,-0.4900,0.3430,0.9800,1.1481,0.337402,-0.403992,0.074463,0.846985,7.996,145.0,-1
1785815425.090,10631,2377099,0,0.00000000,0.00000000,0.00,0,0,-40.01,0.054,-0.6860,0.3920,0.7350,1.0791,0.337341,-0.403931,0.074646,0.847046,7.996,146.2,-1
1785815425.090,10635,2377984,0,0.00000000,0.00000000,0.00,0,0,-40.06,-0.019,-0.5390,0.2450,0.9310,1.1033,0.337341,-0.404053,0.074829,0.846985,7.994,148.8,-1
1785815425.090,10636,2378196,0,0.00000000,0.00000000,0.00,0,0,-40.10,-0.012,-0.6370,0.5880,1.1270,1.4218,0.337402,-0.404053,0.074707,0.846924,7.995,145.0,-1
1785815426.388,10641,2379330,0,0.00000000,0.00000000,0.00,0,0,-40.20,-0.044,-0.4410,0.3430,0.9800,1.1281,0.337646,-0.403809,0.074585,0.846985,7.996,145.0,-1
1785815426.388,10642,2379547,0,0.00000000,0.00000000,0.00,0,0,-40.14,-0.016,-0.5390,0.3920,0.9310,1.1450,0.337646,-0.403809,0.074585,0.846985,7.996,148.8,-1
1785815427.680,10647,2380652,0,0.00000000,0.00000000,0.00,0,0,-40.12,-0.044,-0.4410,0.2940,1.2250,1.3347,0.337646,-0.403748,0.074585,0.847046,7.997,148.8,-1
1785815427.680,10648,2380875,0,0.00000000,0.00000000,0.00,0,0,-40.05,-0.020,-0.0980,0.5390,1.3720,1.4773,0.337646,-0.403748,0.074585,0.846985,7.999,145.0,-1
1785815428.955,10653,2381992,0,0.00000000,0.00000000,0.00,0,0,-40.04,0.026,-0.5390,0.1960,0.9800,1.1355,0.337585,-0.403687,0.074646,0.847046,7.997,151.2,-1
1785815428.955,10654,2382208,0,0.00000000,0.00000000,0.00,0,0,-40.11,-0.019,-0.3430,0.3430,1.0290,1.1376,0.337585,-0.403687,0.074646,0.847046,7.999,148.8,-1
1785815430.247,10659,2383285,0,0.00000000,0.00000000,0.00,0,0,-40.09,-0.035,-0.6370,0.3430,1.1760,1.3807,0.337463,-0.403687,0.074463,0.847107,7.995,147.5,-1
1785815431.539,10660,2383509,0,0.00000000,0.00000000,0.00,0,0,-40.14,-0.062,-0.4900,0.3920,0.8820,1.0824,0.337463,-0.403687,0.074402,0.847107,7.997,143.8,-1
1785815431.539,10665,2384613,0,0.00000000,0.00000000,0.00,0,0,-40.08,-0.046,-0.7840,0.5390,1.2740,1.5900,0.337463,-0.403809,0.074463,0.847046,7.999,137.5,-1
1785815432.818,10666,2384838,0,0.00000000,0.00000000,0.00,0,0,-40.05,-0.037,-0.7840,0.5390,1.3230,1.6296,0.337463,-0.403748,0.074463,0.847046,7.997,148.8,-1
1785815432.818,10670,2385726,0,0.00000000,0.00000000,0.00,0,0,-40.09,-0.034,-0.4900,0.1960,1.3230,1.4244,0.337463,-0.403687,0.074463,0.847107,7.997,146.2,-1
1785815432.818,10671,2385952,0,0.00000000,0.00000000,0.00,0,0,-40.00,0.017,-0.6370,0.2450,0.8820,1.1152,0.337463,-0.403687,0.074463,0.847107,7.997,141.2,-1
1785815434.114,10676,2387062,0,0.00000000,0.00000000,0.00,0,0,-40.15,-0.061,-0.3920,0.2450,0.9310,1.0394,0.337524,-0.403687,0.074463,0.847107,7.997,147.5,-1
1785815434.114,10677,2387274,0,0.00000000,0.00000000,0.00,0,0,-39.97,0.044,-0.6370,0.5390,0.9800,1.2871,0.337524,-0.403687,0.074463,0.847107,7.997,146.2,-1
1785815435.403,10682,2388378,0,0.00000000,0.00000000,0.00,0,0,-40.17,-0.069,-0.6370,0.4410,0.9800,1.2493,0.337524,-0.403687,0.074463,0.847107,8.000,141.2,-1
1785815435.403,10683,2388601,0,0.00000000,0.00000000,0.00,0,0,-40.04,0.034,-0.3430,0.2940,1.3720,1.4445,0.337463,-0.403687,0.074463,0.847107,7.995,140.0,-1
1785815436.688,10688,2389710,0,0.00000000,0.00000000,0.00,0,0,-39.96,0.039,-0.7840,0.4410,1.1270,1.4420,0.337524,-0.403625,0.074463,0.847168,7.997,142.5,-1
1785815436.688,10689,2389932,0,0.00000000,0.00000000,0.00,0,0,-40.03,0.003,-0.7350,0.5390,1.0290,1.3746,0.337524,-0.403503,0.074402,0.847168,7.997,141.2,-1
1785815437.980,10694,2391032,0,0.00000000,0.00000000,0.00,0,0,-40.07,-0.023,-0.5390,0.2940,1.0780,1.2406,0.337524,-0.403564,0.074463,0.847168,7.994,142.5,-1
1785815439.260,10695,2391243,0,0.00000000,0.00000000,0.00,0,0,-40.03,0.007,-0.3920,0.4900,0.9800,1.1637,0.337524,-0.403564,0.074463,0.847168,7.996,143.8,-1
1785815439.262,10700,2392353,0,0.00000000,0.00000000,0.00,0,0,-40.01,0.038,-0.6860,0.4900,1.1760,1.4470,0.337463,-0.403625,0.074524,0.847168,7.996,147.5,-1
1785815440.549,10701,2392578,0,0.00000000,0.00000000,0.00,0,0,-40.06,0.006,-0.5880,0.4900,1.1270,1.3623,0.337463,-0.403687,0.074524,0.847107,7.999,145.0,-1
1785815440.549,10705,2393460,0,0.00000000,0.00000000,0.00,0,0,-40.18,-0.082,-1.0290,0.1470,2.2050,2.4377,0.337463,-0.403687,0.074463,0.847107,7.997,145.0,-1
1785815440.550,10706,2393684,0,0.00000000,0.00000000,0.00,0,0,-40.05,0.002,-0.6860,0.3920,1.2250,1.4577,0.337463,-0.403687,0.074463,0.847107,7.997,143.8,-1
1785815441.847,10711,2394788,0,0.00000000,0.00000000,0.00,0,0,-40.23,-0.084,-0.7350,0.6860,1.3230,1.6617,0.337524,-0.403748,0.074524,0.847046,7.996,147.5,-1
1785815441.853,10712,2395012,0,0.00000000,0.00000000,0.00,0,0,-40.18,-0.054,-0.5390,0.3430,1.1270,1.2955,0.337463,-0.403809,0.074585,0.847046,7.996,142.5,-1
1785815443.130,10717,2396106,0,0.00000000,0.00000000,0.00,0,0,-40.13,-0.033,-0.4900,0.5880,1.0780,1.3221,0.337463,-0.403687,0.074768,0.847107,7.997,151.2,-1
1785815443.130,10718,2396326,0,0.00000000,0.00000000,0.00,0,0,-40.06,0.008,-0.8820,0.1470,1.6660,1.8908,0.337463,-0.403625,0.074707,0.847107,7.997,148.8,-1
1785815444.411,10723,2397430,0,0.00000000,0.00000000,0.00,0,0,-40.07,0.042,-0.4900,0.4900,1.1760,1.3650,0.337463,-0.403564,0.074707,0.847168,7.996,146.2,-1
1785815444.411,10724,2397659,0,0.00000000,0.00000000,0.00,0,0,-40.04,0.061,-0.5880,0.2940,0.9800,1.1801,0.337463,-0.403564,0.074707,0.847168,7.999,141.2,-1
1785815445.706,10729,2398787,0,0.00000000,0.00000000,0.00,0,0,-40.11,0.016,-0.3920,0.2450,0.8820,0.9958,0.337463,-0.403564,0.074829,0.847168,7.995,147.5,-1
1785815446.996,10730,2399013,0,0.00000000,0.00000000,0.00,0,0,-40.19,-0.034,-0.8820,0.5390,0.7840,1.2973,0.337463,-0.403564,0.074829,0.847168,7.995,141.2,-1
1785815446.996,10734,2399904,0,0.00000000,0.00000000,0.00,0,0,-40.19,-0.044,-0.5880,0.5880,1.0290,1.3230,0.337402,-0.403564,0.074829,0.847168,7.999,142.5,-1
1785815446.996,10735,2400123,0,0.00000000,0.00000000,0.00,0,0,-40.14,-0.009,-0.6370,0.3430,1.1270,1.3392,0.337402,-0.403564,0.074829,0.847168,7.997,140.0,-1
1785815448.276,10740,2401235,0,0.00000000,0.00000000,0.00,0,0,-40.26,-0.067,-0.4900,0.0980,1.2740,1.3685,0.337402,-0.403687,0.074829,0.847107,7.996,147.5,-1
1785815448.276,10741,2401453,0,0.00000000,0.00000000,0.00,0,0,-40.14,0.014,-0.6370,0.3920,1.3720,1.5626,0.337402,-0.403687,0.074829,0.847107,7.997,151.2,-1
1785815449.572,10746,2402565,0,0.00000000,0.00000000,0.00,0,0,-40.09,0.008,-0.6370,0.3920,0.9800,1.2328,0.337402,-0.403809,0.074829,0.847046,7.997,152.5,-1
1785815449.572,10747,2402788,0,0.00000000,0.00000000,0.00,0,0,-40.07,0.045,-0.7840,0.8330,1.1270,1.6058,0.337402,-0.403748,0.074829,0.847107,7.999,138.8,-1
1785815450.863,10752,2403891,0,0.00000000,0.00000000,0.00,0,0,-40.07,0.036,-0.4410,0.7840,1.2740,1.5596,0.337402,-0.403625,0.074829,0.847107,7.999,147.5,-1
1785815452.145,10753,2404106,0,0.00000000,0.00000000,0.00,0,0,-40.12,0.012,-0.7350,0.3920,0.9310,1.2493,0.337402,-0.403625,0.074829,0.847107,7.997,148.8,-1
1785815452.145,10758,2405212,0,0.00000000,0.00000000,0.00,0,0,-40.24,-0.094,-0.5390,0.5390,1.0290,1.2806,0.337402,-0.403564,0.074829,0.847168,7.996,145.0,-1
1785815453.427,10759,2405434,0,0.00000000,0.00000000,0.00,0,0,-40.22,-0.083,-0.4900,0.2940,0.8330,1.0102,0.337463,-0.403625,0.074768,0.847168,7.999,142.5,-1
1785815453.427,10763,2406327,0,0.00000000,0.00000000,0.00,0,0,-40.13,-0.006,-0.3430,0.4410,1.0290,1.1709,0.337463,-0.403687,0.074768,0.847107,7.997,146.2,-1
1785815453.427,10764,2406547,0,0.00000000,0.00000000,0.00,0,0,-40.13,-0.002,-0.2940,0.3430,1.0780,1.1688,0.337463,-0.403625,0.074768,0.847107,8.000,148.8,-1
1785815454.715,10769,2407649,0,0.00000000,0.00000000,0.00,0,0,-40.20,-0.056,-0.6860,0.3430,0.9800,1.2444,0.337402,-0.403625,0.074829,0.847168,7.996,140.0,-1
1785815454.715,10770,2407869,0,0.00000000,0.00000000,0.00,0,0,-40.03,0.057,-0.7840,0.8820,1.2740,1.7366,0.337402,-0.403625,0.074829,0.847168,7.999,141.2,-1
1785815456.005,10775,2409001,0,0.00000000,0.00000000,0.00,0,0,-40.06,0.010,-0.5390,0.3920,1.1270,1.3093,0.337463,-0.403687,0.074707,0.847107,7.996,140.0,-1
1785815456.005,10776,2409211,0,0.00000000,0.00000000,0.00,0,0,-40.16,-0.051,-0.8330,0.5390,1.3230,1.6537,0.337463,-0.403687,0.074646,0.847107,7.996,150.0,-1
1785815457.300,10781,2410323,0,0.00000000,0.00000000,0.00,0,0,-40.09,0.007,-0.6860,0.5880,0.7840,1.1962,0.337463,-0.403564,0.074768,0.847168,7.997,146.2,-1
1785815457.300,10782,2410545,0,0.00000000,0.00000000,0.00,0,0,-40.14,-0.022,-0.6370,0.6370,1.1760,1.4814,0.337463,-0.403564,0.074768,0.847168,7.999,140.0,-1
1785815458.590,10787,2411648,0,0.00000000,0.00000000,0.00,0,0,-40.09,0.004,-0.5390,0.3920,1.1760,1.3517,0.337402,-0.403564,0.074829,0.847168,7.999,137.5,-1
1785815459.869,10788,2411866,0,0.00000000,0.00000000,0.00,0,0,-40.12,-0.018,-0.3430,0.4410,0.7350,0.9232,0.337402,-0.403625,0.074890,0.847168,7.999,142.5,-1
1785815459.869,10792,2412782,0,0.00000000,0.00000000,0.00,0,0,-40.10,-0.019,-0.4410,0.2940,1.0780,1.2012,0.337402,-0.404053,0.074646,0.846924,7.997,142.5,-1
1785815459.869,10793,2413004,0,0.00000000,0.00000000,0.00,0,0,-40.08,-0.013,-0.7350,0.3920,1.2740,1.5222,0.337402,-0.404114,0.074585,0.846924,7.997,140.0,-1
1785815462.225,10826,2420278,0,0.00000000,0.00000000,0.00,0,0,-40.19,-0.023,-0.6860,0.5390,1.0290,1.3491,0.337463,-0.403931,0.074585,0.846985,7.996,142.5,-1
1785815462.225,10827,2420500,0,0.00000000,0.00000000,0.00,0,0,-40.08,0.022,-1.6170,-0.0490,0.7840,1.7977,0.337463,-0.403931,0.074585,0.846985,7.997,146.2,-1
1785815463.596,10828,2420728,0,0.00000000,0.00000000,0.00,0,0,-40.03,0.050,-0.5880,0.3430,1.0290,1.2338,0.337463,-0.403931,0.074585,0.846985,7.997,145.0,-1
1785815463.596,10829,2420950,0,0.00000000,0.00000000,0.00,0,0,-39.89,0.127,-0.6370,0.4900,1.0780,1.3446,0.337402,-0.403931,0.074646,0.846985,7.996,150.0,-1
1785815464.875,10830,2421170,0,0.00000000,0.00000000,0.00,0,0,-40.01,0.045,-0.9310,0.7840,1.2740,1.7620,0.337463,-0.403931,0.074585,0.846985,7.995,147.5,-1
1785815464.875,10831,2421391,0,0.00000000,0.00000000,0.00,0,0,-40.00,0.044,-0.4410,0.3430,0.8330,1.0030,0.337463,-0.403992,0.074585,0.846985,7.995,147.5,-1
1785815464.875,10832,2421617,0,0.00000000,0.00000000,0.00,0,0,-39.99,0.038,-0.6860,0.7350,1.5680,1.8626,0.337463,-0.403992,0.074585,0.846985,8.006,86.2,-1
1785815466.168,10833,2421841,0,0.00000000,0.00000000,0.00,0,0,-40.11,-0.044,-0.7350,-0.0980,1.2740,1.4741,0.337463,-0.403992,0.074585,0.846985,7.999,141.2,-1
1785815466.168,10834,2422065,0,0.00000000,0.00000000,0.00,0,0,-40.05,0.005,-0.6860,0.2450,1.0780,1.3010,0.337463,-0.403992,0.074524,0.846985,7.997,152.5,-1
1785815466.168,10835,2422278,0,0.00000000,0.00000000,0.00,0,0,-40.03,0.022,-0.5390,0.5390,0.8820,1.1657,0.337463,-0.403992,0.074524,0.846985,7.999,151.2,-1
1785815467.460,10836,2422501,0,0.00000000,0.00000000,0.00,0,0,-39.92,0.062,-0.5390,0.4410,0.9310,1.1627,0.337402,-0.403931,0.074646,0.846985,7.996,142.5,-1
1785815467.460,10837,2422720,0,0.00000000,0.00000000,0.00,0,0,-40.01,-0.015,-0.4900,0.2450,0.9800,1.1227,0.337463,-0.403931,0.074646,0.846985,7.999,141.2,-1
1785815467.460,10838,2422943,0,0.00000000,0.00000000,0.00,0,0,-40.15,-0.123,-1.7150,0.6370,0.4900,1.8940,0.337463,-0.403931,0.074585,0.846985,7.999,145.0,-1
1785815468.733,10839,2423161,0,0.00000000,0.00000000,0.00,0,0,-39.97,-0.011,-0.3430,0.4900,1.3720,1.4967,0.337463,-0.403931,0.074585,0.846985,8.001,141.2,-1
1785815468.733,10840,2423381,0,0.00000000,0.00000000,0.00,0,0,-39.97,-0.014,-0.4410,0.3920,1.0290,1.1862,0.337463,-0.403931,0.074585,0.846985,7.999,141.2,-1
1785815468.733,10841,2423602,0,0.00000000,0.00000000,0.00,0,0,-40.04,-0.063,-0.3430,0.3430,0.8820,1.0066,0.337463,-0.403931,0.074524,0.846985,7.996,143.8,-1
1785815470.028,10842,2423826,0,0.00000000,0.00000000,0.00,0,0,-39.99,-0.012,-0.3920,0.3430,1.3230,1.4218,0.337463,-0.403870,0.074585,0.847046,7.999,146.2,-1
1785815470.028,10843,2424052,0,0.00000000,0.00000000,0.00,0,0,-40.06,-0.055,-0.6860,0.2940,0.8330,1.1184,0.337463,-0.403931,0.074524,0.846985,7.996,146.2,-1
1785815470.028,10844,2424263,0,0.00000000,0.00000000,0.00,0,0,-40.12,-0.087,-0.3430,0.1960,1.0290,1.1022,0.337463,-0.403931,0.074585,0.846985,7.999,145.0,-1
1785815471.319,10845,2424481,0,0.00000000,0.00000000,0.00,0,0,-39.87,0.081,-0.4900,0.2940,1.0290,1.1770,0.337402,-0.403992,0.074646,0.846985,7.996,146.2,-1
1785815471.319,10846,2424706,0,0.00000000,0.00000000,0.00,0,0,-40.00,0.003,-0.5390,0.4410,0.9800,1.2022,0.337402,-0.403992,0.074707,0.846985,7.996,145.0,-1
1785815471.319,10847,2424929,0,0.00000000,0.00000000,0.00,0,0,-39.97,0.029,-0.3920,0.1960,0.7350,0.8557,0.337402,-0.403992,0.074646,0.846985,7.997,145.0,-1
1785815472.606,10848,2425150,0,0.00000000,0.00000000,0.00,0,0,-40.08,-0.028,0.1960,0.4410,1.4210,1.5007,0.337402,-0.403992,0.074646,0.846985,7.999,150.0,-1
1785815472.606,10850,2425596,0,0.00000000,0.00000000,0.00,0,0,-40.06,-0.017,-0.5880,0.4900,1.1760,1.4031,0.337402,-0.404114,0.074585,0.846924,7.997,148.8,-1
1785815472.614,10851,2425816,0,0.00000000,0.00000000,0.00,0,0,-40.03,-0.018,-0.5390,0.5880,1.1760,1.4210,0.337463,-0.404053,0.074585,0.846924,7.997,145.0,-1
1785815473.898,10856,2426921,0,0.00000000,0.00000000,0.00,0,0,-39.95,0.027,-0.2940,0.2940,1.2250,1.2936,0.337463,-0.404114,0.074524,0.846924,7.999,145.0,-1
1785815475.176,10857,2427132,0,0.00000000,0.00000000,0.00,0,0,-39.98,0.026,-0.6370,0.5390,0.9800,1.2871,0.337463,-0.404053,0.074585,0.846924,7.997,146.2,-1
1785815475.176,10862,2428236,0,0.00000000,0.00000000,0.00,0,0,-40.10,-0.021,-0.6860,0.5390,1.2740,1.5441,0.337341,-0.403992,0.074768,0.846985,7.999,143.8,-1
1785815476.466,10863,2428460,0,0.00000000,0.00000000,0.00,0,0,-39.98,0.053,-0.6860,0.2940,1.1760,1.3928,0.337402,-0.403992,0.074707,0.846985,7.997,142.5,-1
1785815476.466,10867,2429346,0,0.00000000,0.00000000,0.00,0,0,-39.91,0.067,-0.5390,0.1960,1.0290,1.1780,0.337463,-0.403931,0.074585,0.846985,8.010,95.0,-1
1785815476.466,10868,2429574,0,0.00000000,0.00000000,0.00,0,0,-39.94,0.058,-0.5880,0.5880,0.9800,1.2853,0.337402,-0.403992,0.074707,0.846985,7.997,147.5,-1
1785815477.753,10873,2430689,0,0.00000000,0.00000000,0.00,0,0,-39.99,0.040,-0.4900,0.4410,1.1270,1.3056,0.337402,-0.403992,0.074646,0.846985,7.999,138.8,-1
1785815477.753,10874,2430910,0,0.00000000,0.00000000,0.00,0,0,-40.03,0.007,-0.4410,0.2450,1.0290,1.1460,0.337402,-0.403992,0.074646,0.846985,8.000,142.5,-1
1785815479.046,10879,2432008,0,0.00000000,0.00000000,0.00,0,0,-40.00,0.002,-0.7350,0.2450,1.2250,1.4494,0.337463,-0.403992,0.074585,0.846985,7.996,145.0,-1
1785815479.046,10880,2432221,0,0.00000000,0.00000000,0.00,0,0,-39.95,0.049,-0.5880,0.4900,1.1760,1.4031,0.337463,-0.403992,0.074524,0.846985,7.997,142.5,-1
1785815480.325,10885,2433335,0,0.00000000,0.00000000,0.00,0,0,-40.05,-0.038,-0.3430,0.3920,1.1270,1.2415,0.337341,-0.404114,0.074768,0.846924,7.997,141.2,-1
1785815480.325,10886,2433553,0,0.00000000,0.00000000,0.00,0,0,-39.96,0.013,-0.4410,0.1960,0.9800,1.0924,0.337341,-0.404053,0.074768,0.846924,8.000,140.0,-1
1785815481.616,10891,2434659,0,0.00000000,0.00000000,0.00,0,0,-39.95,-0.003,-0.4900,0.2940,1.1760,1.3075,0.337341,-0.404114,0.074829,0.846924,7.996,143.8,-1
1785815482.911,10892,2434887,0,0.00000000,0.00000000,0.00,0,0,-40.05,-0.081,-0.4410,0.5390,1.0290,1.2425,0.337341,-0.404175,0.074829,0.846924,7.997,140.0,-1
1785815482.911,10897,2435990,0,0.00000000,0.00000000,0.00,0,0,-39.88,0.064,-0.8820,0.4410,1.0780,1.4610,0.337280,-0.404053,0.074890,0.846985,7.995,145.0,-1
1785815484.203,10898,2436206,0,0.00000000,0.00000000,0.00,0,0,-39.90,0.036,-0.4410,0.4410,1.1270,1.2881,0.337341,-0.404114,0.074829,0.846924,7.996,147.5,-1
1785815484.203,10902,2437116,0,0.00000000,0.00000000,0.00,0,0,-40.12,-0.093,-0.4410,0.5390,1.2740,1.4519,0.337402,-0.404114,0.074707,0.846924,7.996,142.5,-1
1785815484.204,10903,2437341,0,0.00000000,0.00000000,0.00,0,0,-40.14,-0.100,-0.4410,0.1470,1.0290,1.1291,0.337402,-0.404053,0.074646,0.846924,7.996,141.2,-1
1785815485.483,10908,2438443,0,0.00000000,0.00000000,0.00,0,0,-40.07,-0.007,-0.6370,0.4900,0.8330,1.1575,0.337341,-0.404053,0.074890,0.846985,7.996,143.8,-1
1785815485.487,10909,2438662,0,0.00000000,0.00000000,0.00,0,0,-40.04,0.013,-0.4410,0.3920,1.0780,1.2289,0.337280,-0.404053,0.074890,0.846985,7.996,145.0,-1
1785815486.777,10914,2439766,0,0.00000000,0.00000000,0.00,0,0,-40.02,0.028,-0.7350,0.5880,1.1760,1.5063,0.337341,-0.404114,0.074707,0.846924,7.996,147.5,-1
1785815486.777,10915,2439989,0,0.00000000,0.00000000,0.00,0,0,-40.00,0.025,-0.5390,0.4900,0.8330,1.1066,0.337341,-0.404114,0.074768,0.846924,7.994,143.8,-1
1785815488.061,10920,2441101,0,0.00000000,0.00000000,0.00,0,0,-40.03,0.018,-0.5390,0.3920,0.7840,1.0290,0.337402,-0.404114,0.074707,0.846924,7.996,150.0,-1
1785815489.355,10921,2441319,0,0.00000000,0.00000000,0.00,0,0,-40.06,0.017,-0.3920,0.2940,0.8820,1.0090,0.337402,-0.404114,0.074707,0.846924,7.995,147.5,-1
1785815489.355,10926,2442430,0,0.00000000,0.00000000,0.00,0,0,-40.09,-0.037,-0.1470,-0.1960,0.9800,1.0102,0.337341,-0.403870,0.074768,0.847046,7.995,148.8,-1
1785815490.634,10927,2442653,0,0.00000000,0.00000000,0.00,0,0,-40.13,-0.060,-0.4900,0.0980,1.0290,1.1439,0.337341,-0.403931,0.074829,0.847046,7.999,141.2,-1
1785815490.634,10931,2443555,0,0.00000000,0.00000000,0.00,0,0,-40.04,0.004,-0.4900,0.2450,1.0290,1.1657,0.337341,-0.403931,0.074768,0.846985,7.999,142.5,-1
1785815490.634,10932,2443776,0,0.00000000,0.00000000,0.00,0,0,-40.19,-0.099,-0.4410,0.5390,1.2250,1.4091,0.337402,-0.403931,0.074768,0.846985,7.997,143.8,-1
1785815491.925,10937,2444886,0,0.00000000,0.00000000,0.00,0,0,-39.86,0.112,-0.5390,0.5390,1.3720,1.5695,0.337463,-0.403931,0.074585,0.846985,7.995,150.0,-1
1785815491.925,10938,2445100,0,0.00000000,0.00000000,0.00,0,0,-40.08,-0.029,-0.5390,0.5880,1.1270,1.3807,0.337463,-0.403931,0.074585,0.846985,7.997,143.8,-1
1785815493.205,10943,2446211,0,0.00000000,0.00000000,0.00,0,0,-40.16,-0.057,-0.6370,0.5390,1.3720,1.6058,0.337463,-0.403992,0.074585,0.846985,7.997,147.5,-1
1785815493.205,10944,2446431,0,0.00000000,0.00000000,0.00,0,0,-40.17,-0.059,-0.6370,0.0980,1.0290,1.2142,0.337402,-0.403931,0.074646,0.846985,7.999,148.8,-1
1785815494.497,10949,2447544,0,0.00000000,0.00000000,0.00,0,0,-40.19,-0.038,-0.6860,0.6860,1.0780,1.4503,0.337402,-0.403992,0.074707,0.846985,7.999,142.5,-1
1785815495.790,10950,2447768,0,0.00000000,0.00000000,0.00,0,0,-40.24,-0.063,-0.6370,0.3920,0.8330,1.1195,0.337402,-0.403931,0.074707,0.846985,8.000,142.5,-1
1785815495.790,10955,2448877,0,0.00000000,0.00000000,0.00,0,0,-40.18,-0.011,-0.4900,0.1960,0.8330,0.9861,0.337402,-0.404053,0.074707,0.846924,7.996,146.2,-1
1785815497.084,10960,2449991,0,0.00000000,0.00000000,0.00,0,0,-40.15,-0.004,-0.5880,0.6370,0.8330,1.2022,0.337402,-0.403992,0.074707,0.846985,7.997,146.2,-1
1785815497.084,10961,2450208,0,0.00000000,0.00000000,0.00,0,0,-40.19,-0.009,-0.8330,0.3920,1.3720,1.6523,0.337402,-0.403931,0.074707,0.846985,7.997,145.0,-1
1785815498.360,10966,2451317,0,0.00000000,0.00000000,0.00,0,0,-40.13,0.006,-0.8330,0.2450,1.0290,1.3464,0.337341,-0.403870,0.074829,0.847046,7.997,148.8,-1
1785815498.360,10967,2451543,0,0.00000000,0.00000000,0.00,0,0,-40.13,0.001,-0.5880,0.2450,0.8820,1.0880,0.337341,-0.403931,0.074768,0.846985,7.997,140.0,-1
1785815499.657,10972,2452652,0,0.00000000,0.00000000,0.00,0,0,-40.33,-0.141,-0.5390,0.3920,1.2740,1.4378,0.337402,-0.403992,0.074707,0.846985,7.997,141.2,-1
1785815499.660,10973,2452876,0,0.00000000,0.00000000,0.00,0,0,-40.16,-0.007,-0.7350,0.5880,1.2740,1.5840,0.337402,-0.403992,0.074646,0.846985,7.997,146.2,-1
1785815500.935,10978,2453990,0,0.00000000,0.00000000,0.00,0,0,-40.09,0.038,-0.7350,0.2450,0.9310,1.2112,0.337463,-0.403992,0.074585,0.846985,7.996,146.2,-1
1785815502.229,10979,2454210,0,0.00000000,0.00000000,0.00,0,0,-40.18,-0.012,-0.8820,-0.0980,2.0090,2.1963,0.337463,-0.403992,0.074585,0.846985,8.000,143.8,-1
1785815502.229,10984,2455318,0,0.00000000,0.00000000,0.00,0,0,-40.19,-0.033,-0.5880,0.3920,0.8330,1.0924,0.337402,-0.404053,0.074646,0.846924,7.997,146.2,-1
1785815503.520,10989,2456435,0,0.00000000,0.00000000,0.00,0,0,-40.25,-0.019,-0.5880,-0.1470,1.3230,1.4552,0.337402,-0.404114,0.074646,0.846924,7.996,146.2,-1
1785815503.520,10990,2456660,0,0.00000000,0.00000000,0.00,0,0,-40.18,0.008,-0.5390,0.3430,0.8330,1.0498,0.337402,-0.404114,0.074646,0.846924,7.996,147.5,-1
1785815504.798,10995,2457766,0,0.00000000,0.00000000,0.00,0,0,-40.19,-0.011,-0.7840,0.2940,1.1270,1.4040,0.337402,-0.403992,0.074646,0.846985,7.996,141.2,-1
1785815504.798,10996,2457984,0,0.00000000,0.00000000,0.00,0,0,-40.19,0.008,-0.5390,0.4900,0.9310,1.1821,0.337463,-0.403992,0.074585,0.846985,7.995,147.5,-1
1785815506.090,11001,2459110,0,0.00000000,0.00000000,0.00,0,0,-40.30,-0.029,-0.5880,0.3920,1.2250,1.4142,0.337402,-0.403931,0.074707,0.846985,7.997,147.5,-1
1785815506.090,11002,2459334,0,0.00000000,0.00000000,0.00,0,0,-40.32,-0.034,-0.5390,0.3430,1.1270,1.2955,0.337402,-0.403931,0.074768,0.847046,7.995,148.8,-1
1785815507.384,11007,2460443,0,0.00000000,0.00000000,0.00,0,0,-40.23,0.012,-0.4410,0.1470,0.5390,0.7118,0.337402,-0.403931,0.074646,0.846985,7.996,146.2,-1
1785815508.662,11008,2460665,0,0.00000000,0.00000000,0.00,0,0,-40.28,-0.007,-0.8820,0.6860,1.7150,2.0469,0.337402,-0.403931,0.074646,0.846985,7.995,146.2,-1
1785815508.662,11012,2461553,0,0.00000000,0.00000000,0.00,0,0,-40.23,0.047,-0.6370,0.6370,1.0780,1.4049,0.337402,-0.403931,0.074646,0.846985,7.995,142.5,-1
1785815508.663,11013,2461773,0,0.00000000,0.00000000,0.00,0,0,-40.32,-0.013,-0.3920,0.4900,0.9800,1.1637,0.337402,-0.403931,0.074646,0.846985,7.999,142.5,-1
1785815509.948,11018,2462868,0,0.00000000,0.00000000,0.00,0,0,-40.33,-0.014,-0.3920,0.0980,1.5680,1.6192,0.337341,-0.403992,0.074829,0.846985,7.995,147.5,-1
1785815509.948,11019,2463114,0,0.00000000,0.00000000,0.00,0,0,-40.20,0.077,-0.4900,0.2940,1.2250,1.3517,0.337341,-0.403992,0.074829,0.846985,7.995,148.8,-1
1785815511.243,11024,2464212,0,0.00000000,0.00000000,0.00,0,0,-40.31,0.010,-0.7350,0.5390,1.0290,1.3746,0.337341,-0.403870,0.074829,0.847046,7.997,140.0,-1
1785815511.243,11025,2464436,0,0.00000000,0.00000000,0.00,0,0,-40.22,0.066,-0.4900,0.2940,1.1760,1.3075,0.337341,-0.403870,0.074768,0.847046,7.999,147.5,-1
1785815512.527,11030,2465552,0,0.00000000,0.00000000,0.00,0,0,-40.25,0.021,-0.4900,0.2940,0.9310,1.0924,0.337402,-0.403992,0.074707,0.846985,7.997,143.8,-1
1785815512.527,11031,2465771,0,0.00000000,0.00000000,0.00,0,0,-40.30,-0.028,-0.5880,0.3430,0.8330,1.0758,0.337402,-0.404053,0.074707,0.846924,7.996,143.8,-1
1785815513.826,11036,2466874,0,0.00000000,0.00000000,0.00,0,0,-40.20,0.059,-0.5880,0.5880,1.0290,1.3230,0.337402,-0.403992,0.074707,0.846985,7.999,147.5,-1
1785815515.102,11037,2467090,0,0.00000000,0.00000000,0.00,0,0,-40.40,-0.047,-0.4900,0.3430,0.8820,1.0657,0.337402,-0.403992,0.074646,0.846985,8.000,146.2,-1
1785815515.102,11041,2467989,0,0.00000000,0.00000000,0.00,0,0,-40.31,-0.007,-0.5880,0.4410,1.2250,1.4286,0.337402,-0.403931,0.074707,0.847046,7.994,146.2,-1
1785815515.102,11042,2468206,0,0.00000000,0.00000000,0.00,0,0,-40.25,0.035,-0.7350,0.7840,0.9800,1.4544,0.337402,-0.403870,0.074707,0.847046,7.999,146.2,-1
1785815516.397,11047,2469341,0,0.00000000,0.00000000,0.00,0,0,-40.32,-0.019,-0.5880,0.3920,1.1760,1.3720,0.337402,-0.403931,0.074707,0.846985,7.999,145.0,-1
1785815516.397,11048,2469564,0,0.00000000,0.00000000,0.00,0,0,-40.31,-0.021,-0.2940,0.2450,0.8820,0.9614,0.337402,-0.403931,0.074646,0.846985,7.997,147.5,-1
1785815517.689,11053,2470661,0,0.00000000,0.00000000,0.00,0,0,-40.25,0.021,-0.7350,0.5390,1.0780,1.4117,0.337463,-0.403809,0.074829,0.847046,7.997,147.5,-1
1785815517.689,11054,2470887,0,0.00000000,0.00000000,0.00,0,0,-40.19,0.058,-0.7350,0.5390,1.0780,1.4117,0.337463,-0.403809,0.074829,0.847046,7.997,142.5,-1
1785815518.966,11059,2471996,0,0.00000000,0.00000000,0.00,0,0,-40.23,0.023,-0.5390,0.2940,1.1270,1.2834,0.337524,-0.403748,0.074707,0.847046,7.999,142.5,-1
1785815520.254,11060,2472214,0,0.00000000,0.00000000,0.00,0,0,-40.26,-0.002,-0.4410,0.1960,1.0290,1.1365,0.337463,-0.403748,0.074829,0.847046,7.999,145.0,-1
1785815520.257,11065,2473320,0,0.00000000,0.00000000,0.00,0,0,-40.20,0.038,-0.5390,0.3430,1.2740,1.4252,0.337463,-0.403748,0.074768,0.847046,7.996,141.2,-1
1785815521.553,11066,2473538,0,0.00000000,0.00000000,0.00,0,0,-40.16,0.070,-0.3920,0.5390,1.0290,1.2260,0.337463,-0.403748,0.074768,0.847046,7.996,142.5,-1
1785815521.553,11070,2474422,0,0.00000000,0.00000000,0.00,0,0,-40.27,-0.001,-0.4900,0.4410,0.9800,1.1811,0.337463,-0.403809,0.074829,0.847046,8.011,81.2,-1
1785815521.553,11071,2474641,0,0.00000000,0.00000000,0.00,0,0,-40.21,0.017,-0.5390,0.3430,1.2250,1.3816,0.337463,-0.403748,0.074768,0.847046,7.999,140.0,-1
1785815522.829,11076,2475774,0,0.00000000,0.00000000,0.00,0,0,-40.28,-0.010,-0.3920,0.3920,1.0780,1.2122,0.337585,-0.403748,0.074585,0.847046,7.996,146.2,-1
1785815522.829,11077,2475992,0,0.00000000,0.00000000,0.00,0,0,-40.26,-0.017,-0.6370,0.4900,1.1270,1.3842,0.337524,-0.403748,0.074768,0.847046,7.999,148.8,-1
1785815524.121,11082,2477119,0,0.00000000,0.00000000,0.00,0,0,-40.24,0.002,-0.7840,0.5880,1.2250,1.5688,0.337463,-0.403809,0.074768,0.847046,7.995,145.0,-1
1785815524.121,11083,2477319,0,0.00000000,0.00000000,0.00,0,0,-40.28,-0.021,-0.6860,0.6860,0.9800,1.3790,0.337463,-0.403748,0.074829,0.847046,7.997,142.5,-1
1785815525.420,11088,2478428,0,0.00000000,0.00000000,0.00,0,0,-40.29,-0.020,-0.5390,0.2940,1.1270,1.2834,0.337524,-0.403625,0.074707,0.847107,7.997,141.2,-1
1785815525.420,11089,2478650,0,0.00000000,0.00000000,0.00,0,0,-40.26,0.004,-0.6860,0.7350,0.7840,1.2749,0.337524,-0.403625,0.074707,0.847107,7.996,147.5,-1
1785815526.694,11094,2479774,0,0.00000000,0.00000000,0.00,0,0,-40.27,-0.028,-0.3920,0.3430,1.0290,1.1533,0.337463,-0.403748,0.074890,0.847046,7.995,146.2,-1
1785815527.986,11095,2479994,0,0.00000000,0.00000000,0.00,0,0,-40.24,-0.017,-0.6370,0.2940,0.9310,1.1657,0.337402,-0.403809,0.074890,0.847046,7.997,145.0,-1
1785815527.986,11099,2480876,0,0.00000000,0.00000000,0.00,0,0,-40.10,0.060,-0.6370,0.5880,1.3720,1.6229,0.337341,-0.403870,0.075073,0.847046,7.996,142.5,-1
1785815527.986,11100,2481097,0,0.00000000,0.00000000,0.00,0,0,-40.11,0.056,-0.4900,0.4900,1.0780,1.2815,0.337341,-0.403870,0.075073,0.847046,7.997,142.5,-1
1785815529.278,11105,2482199,0,0.00000000,0.00000000,0.00,0,0,-40.25,-0.015,-0.5880,0.4410,1.1270,1.3455,0.337402,-0.403748,0.074951,0.847046,7.997,143.8,-1
1785815529.278,11106,2482416,0,0.00000000,0.00000000,0.00,0,0,-40.16,0.037,-0.4410,0.4410,1.1760,1.3311,0.337402,-0.403748,0.075012,0.847046,7.995,145.0,-1
1785815530.570,11111,2483550,0,0.00000000,0.00000000,0.00,0,0,-40.24,-0.019,-0.4410,0.4900,0.8820,1.1011,0.337341,-0.403687,0.074707,0.847168,7.997,150.0,-1
1785815530.570,11112,2483770,0,0.00000000,0.00000000,0.00,0,0,-40.22,0.001,-0.6860,0.1960,1.0290,1.2521,0.337280,-0.403748,0.074707,0.847168,7.996,151.2,-1
1785815531.846,11117,2484875,0,0.00000000,0.00000000,0.00,0,0,-40.19,0.019,-0.5880,0.4900,1.1270,1.3623,0.337402,-0.403564,0.074707,0.847168,7.997,147.5,-1
1785815533.143,11118,2485095,0,0.00000000,0.00000000,0.00,0,0,-40.29,-0.037,-0.1960,-0.0980,0.9310,0.9564,0.337402,-0.403564,0.074585,0.847168,7.996,145.0,-1
1785815533.143,11123,2486197,0,0.00000000,0.00000000,0.00,0,0,-40.14,0.037,-0.6860,0.4900,0.7350,1.1184,0.337463,-0.403625,0.074646,0.847168,7.999,146.2,-1
1785815534.430,11124,2486420,0,0.00000000,0.00000000,0.00,0,0,-40.21,-0.010,-0.3920,0.4900,1.1760,1.3329,0.337463,-0.403625,0.074585,0.847107,7.997,140.0,-1
1785815534.430,11128,2487340,0,0.00000000,0.00000000,0.00,0,0,-40.26,-0.064,-0.4410,0.4410,0.8330,1.0406,0.337463,-0.403564,0.074585,0.847168,7.996,148.8,-1
1785815534.431,11129,2487557,0,0.00000000,0.00000000,0.00,0,0,-40.00,0.150,-0.7350,0.6860,1.5680,1.8626,0.337463,-0.403564,0.074585,0.847168,7.996,153.8,-1
1785815535.714,11134,2488663,0,0.00000000,0.00000000,0.00,0,0,-40.20,-0.009,-0.6370,0.4410,1.2740,1.4911,0.337463,-0.403503,0.074707,0.847168,7.997,143.8,-1
1785815535.714,11135,2488879,0,0.00000000,0.00000000,0.00,0,0,-40.28,-0.060,-0.4900,0.1470,0.9310,1.0623,0.337402,-0.403564,0.074707,0.847168,7.995,148.8,-1
1785815537.003,11140,2489992,0,0.00000000,0.00000000,0.00,0,0,-40.07,0.055,-0.4900,0.1960,1.0290,1.1564,0.337463,-0.403625,0.074646,0.847168,7.997,145.0,-1
1785815537.003,11141,2490209,0,0.00000000,0.00000000,0.00,0,0,-40.21,-0.020,-0.9800,0.7350,0.6860,1.4040,0.337402,-0.403625,0.074707,0.847168,7.996,152.5,-1
1785815538.295,11146,2491327,0,0.00000000,0.00000000,0.00,0,0,-40.36,-0.091,-0.6860,0.3430,1.0780,1.3230,0.337463,-0.403625,0.074707,0.847168,7.997,141.2,-1
1785815539.577,11147,2491549,0,0.00000000,0.00000000,0.00,0,0,-40.26,-0.010,-0.2450,0.6370,1.1270,1.3175,0.337402,-0.403625,0.074707,0.847168,7.997,143.8,-1
1785815539.577,11152,2492662,0,0.00000000,0.00000000,0.00,0,0,-40.12,0.071,-0.4900,0.3430,1.1270,1.2759,0.337402,-0.403748,0.074707,0.847107,7.999,140.0,-1
1785815540.872,11153,2492891,0,0.00000000,0.00000000,0.00,0,0,-40.19,0.016,-0.6860,0.4410,1.0780,1.3517,0.337402,-0.403748,0.074646,0.847107,7.997,146.2,-1
1785815540.872,11157,2493774,0,0.00000000,0.00000000,0.00,0,0,-40.21,0.000,-0.9310,0.8330,1.3230,1.8196,0.337402,-0.403687,0.074707,0.847107,7.997,145.0,-1
1785815540.872,11158,2493975,0,0.00000000,0.00000000,0.00,0,0,-40.23,-0.017,-0.5390,0.0980,0.8820,1.0383,0.337402,-0.403625,0.074707,0.847168,7.996,147.5,-1
1785815542.154,11163,2495097,0,0.00000000,0.00000000,0.00,0,0,-40.24,-0.010,-0.7350,0.4410,0.9800,1.3020,0.337402,-0.403625,0.074707,0.847168,7.997,142.5,-1
1785815542.154,11164,2495322,0,0.00000000,0.00000000,0.00,0,0,-40.15,0.052,-0.1960,0.5390,1.2250,1.3526,0.337402,-0.403687,0.074646,0.847107,7.996,141.2,-1
1785815543.449,11169,2496438,0,0.00000000,0.00000000,0.00,0,0,-40.18,-0.007,-0.5880,0.0980,1.1760,1.3185,0.337402,-0.403931,0.074646,0.847046,7.996,143.8,-1
1785815543.449,11170,2496656,0,0.00000000,0.00000000,0.00,0,0,-40.17,-0.009,-0.4410,0.1960,1.1270,1.2260,0.337402,-0.403870,0.074585,0.847046,7.996,146.2,-1
1785815544.725,11175,2497761,0,0.00000000,0.00000000,0.00,0,0,-40.24,-0.021,-0.4900,0.2940,0.9800,1.1344,0.337341,-0.403687,0.074890,0.847107,7.999,143.8,-1
1785815546.019,11176,2497980,0,0.00000000,0.00000000,0.00,0,0,-40.09,0.078,-0.6860,0.4410,1.4210,1.6384,0.337341,-0.403625,0.074890,0.847168,7.995,142.5,-1
1785815546.019,11181,2499106,0,0.00000000,0.00000000,0.00,0,0,-40.24,-0.044,-0.8330,0.5880,1.0780,1.4838,0.337341,-0.403564,0.074829,0.847168,7.996,145.0,-1
1785815547.304,11182,2499331,0,0.00000000,0.00000000,0.00,0,0,-40.16,0.009,-0.6370,0.5880,1.1760,1.4610,0.337402,-0.403564,0.074829,0.847168,7.997,143.8,-1
1785815547.304,11186,2500226,0,0.00000000,0.00000000,0.00,0,0,-40.24,-0.003,-0.4410,0.4410,1.1270,1.2881,0.337402,-0.403564,0.074829,0.847168,7.996,147.5,-1
1785815547.308,11187,2500446,0,0.00000000,0.00000000,0.00,0,0,-40.33,-0.067,-0.6860,0.2940,1.1270,1.3517,0.337341,-0.403687,0.074829,0.847168,7.997,147.5,-1
1785815548.597,11192,2501549,0,0.00000000,0.00000000,0.00,0,0,-40.28,-0.035,-0.6370,0.4410,1.2740,1.4911,0.337402,-0.403564,0.074829,0.847168,7.996,148.8,-1
1785815548.599,11193,2501772,0,0.00000000,0.00000000,0.00,0,0,-40.22,-0.018,-0.2940,0.1470,1.0780,1.1270,0.337402,-0.403564,0.074829,0.847168,7.997,145.0,-1
1785815549.891,11198,2502872,0,0.00000000,0.00000000,0.00,0,0,-40.20,0.037,-0.5880,0.2450,0.6860,0.9361,0.337341,-0.403687,0.074890,0.847168,7.997,143.8,-1
1785815549.891,11199,2503118,0,0.00000000,0.00000000,0.00,0,0,-40.08,0.100,-1.0290,0.5880,0.9310,1.5071,0.337341,-0.403625,0.074890,0.847168,7.996,148.8,-1
1785815551.173,11204,2504223,0,0.00000000,0.00000000,0.00,0,0,-40.26,-0.015,-0.7840,0.6370,1.3230,1.6646,0.337341,-0.403870,0.074890,0.847046,7.997,145.0,-1
1785815552.458,11205,2504446,0,0.00000000,0.00000000,0.00,0,0,-40.23,0.006,-0.5390,0.3920,1.1760,1.3517,0.337402,-0.403870,0.074768,0.847046,8.000,146.2,-1
1785815552.458,11210,2505546,0,0.00000000,0.00000000,0.00,0,0,-40.16,0.023,-0.4900,0.7350,1.4210,1.6732,0.337341,-0.403870,0.074829,0.847046,7.999,145.0,-1
1785815553.754,11215,2506660,0,0.00000000,0.00000000,0.00,0,0,-40.25,-0.078,-0.4410,0.4900,1.3720,1.5222,0.337341,-0.403687,0.074829,0.847107,7.997,145.0,-1
1785815553.755,11216,2506879,0,0.00000000,0.00000000,0.00,0,0,-40.17,-0.019,-0.4410,0.3430,0.9800,1.1281,0.337341,-0.403687,0.074829,0.847107,7.997,146.2,-1
1785815555.032,11221,2507987,0,0.00000000,0.00000000,0.00,0,0,-40.24,-0.051,-0.6860,0.5880,1.2250,1.5222,0.337341,-0.403748,0.074829,0.847107,7.996,141.2,-1
1785815555.036,11222,2508201,0,0.00000000,0.00000000,0.00,0,0,-40.25,-0.060,-0.6370,0.6860,1.1760,1.5031,0.337341,-0.403809,0.074890,0.847046,7.997,147.5,-1
1785815556.332,11227,2509336,0,0.00000000,0.00000000,0.00,0,0,-40.16,-0.010,-0.3920,0.1470,0.9310,1.0208,0.337341,-0.403870,0.074890,0.847046,7.997,141.2,-1
1785815556.332,11228,2509558,0,0.00000000,0.00000000,0.00,0,0,-40.17,-0.014,-0.6370,0.3430,1.3230,1.5079,0.337341,-0.403870,0.074890,0.847046,7.997,146.2,-1
1785815557.607,11233,2510669,0,0.00000000,0.00000000,0.00,0,0,-40.17,0.013,-0.5880,0.4900,1.4210,1.6140,0.337402,-0.403992,0.074707,0.846985,7.997,146.2,-1
1785815558.903,11234,2510889,0,0.00000000,0.00000000,0.00,0,0,-40.17,0.018,-0.5390,0.5390,1.1270,1.3606,0.337341,-0.403931,0.074768,0.846985,7.997,147.5,-1
1785815558.903,11238,2511771,0,0.00000000,0.00000000,0.00,0,0,-40.20,-0.043,-0.8330,0.7350,0.7350,1.3320,0.337463,-0.403931,0.074585,0.846985,8.007,81.2,-1
1785815558.903,11239,2511991,0,0.00000000,0.00000000,0.00,0,0,-40.16,-0.002,-0.4900,0.4410,0.8820,1.1011,0.337463,-0.403870,0.074585,0.846985,7.997,142.5,-1
1785815560.182,11244,2513095,0,0.00000000,0.00000000,0.00,0,0,-40.17,0.026,-0.7350,0.3920,1.0290,1.3239,0.337402,-0.403687,0.074768,0.847107,7.995,142.5,-1
1785815560.182,11245,2513321,0,0.00000000,0.00000000,0.00,0,0,-40.19,0.015,-0.5880,0.5880,1.1760,1.4403,0.337402,-0.403687,0.074768,0.847107,7.996,143.8,-1
1785815561.479,11250,2514432,0,0.00000000,0.00000000,0.00,0,0,-40.19,0.001,-0.4900,0.4900,1.1270,1.3230,0.337402,-0.403748,0.074768,0.847107,7.995,143.8,-1
1785815561.479,11251,2514658,0,0.00000000,0.00000000,0.00,0,0,-40.26,-0.038,-0.3430,0.1470,0.9800,1.0486,0.337402,-0.403809,0.074829,0.847046,7.999,143.8,-1
1785815562.766,11256,2515764,0,0.00000000,0.00000000,0.00,0,0,-40.25,-0.044,-0.3920,0.2940,1.1760,1.2740,0.337158,-0.403748,0.074890,0.847168,7.996,147.5,-1
1785815562.766,11257,2515987,0,0.00000000,0.00000000,0.00,0,0,-40.07,0.058,-0.5390,0.3920,1.3230,1.4814,0.337158,-0.403748,0.074890,0.847168,7.996,145.0,-1
1785815564.044,11262,2517105,0,0.00000000,0.00000000,0.00,0,0,-40.14,-0.017,-0.4410,0.4900,1.7640,1.8832,0.337158,-0.403809,0.074890,0.847107,7.997,147.5,-1
1785815565.339,11263,2517328,0,0.00000000,0.00000000,0.00,0,0,-40.19,-0.049,-0.4410,0.3920,1.0780,1.2289,0.337219,-0.403748,0.074829,0.847168,7.996,142.5,-1
1785815565.339,11267,2518212,0,0.00000000,0.00000000,0.00,0,0,-40.17,-0.020,-0.6860,0.6370,1.3720,1.6609,0.337219,-0.403809,0.074707,0.847107,8.005,86.2,-1
1785815565.339,11268,2518435,0,0.00000000,0.00000000,0.00,0,0,-40.08,0.029,-0.7350,0.4900,1.1270,1.4319,0.337280,-0.403809,0.074707,0.847107,7.996,143.8,-1
1785815566.631,11273,2519537,0,0.00000000,0.00000000,0.00,0,0,-40.24,-0.059,-0.5390,0.2940,1.1270,1.2834,0.337463,-0.403748,0.074646,0.847046,7.996,142.5,-1
1785815566.631,11274,2519756,0,0.00000000,0.00000000,0.00,0,0,-40.19,-0.029,-0.5880,0.5390,1.0780,1.3410,0.337463,-0.403687,0.074646,0.847107,7.997,145.0,-1
1785815567.909,11279,2520860,0,0.00000000,0.00000000,0.00,0,0,-40.18,-0.032,-0.4900,0.4410,1.3720,1.5222,0.337463,-0.403748,0.074768,0.847046,7.996,143.8,-1
1785815567.913,11280,2521101,0,0.00000000,0.00000000,0.00,0,0,-40.17,-0.017,-0.5880,0.4410,0.5880,0.9413,0.337402,-0.403748,0.074768,0.847107,7.996,146.2,-1
1785815569.200,11285,2522204,0,0.00000000,0.00000000,0.00,0,0,-40.33,-0.085,-0.3430,0.0490,0.6860,0.7685,0.337402,-0.403625,0.074829,0.847107,7.996,145.0,-1
1785815569.200,11286,2522420,0,0.00000000,0.00000000,0.00,0,0,-40.26,-0.041,-0.5880,0.3920,1.1270,1.3302,0.337402,-0.403687,0.074829,0.847107,7.997,140.0,-1
1785815570.493,11291,2523557,0,0.00000000,0.00000000,0.00,0,0,-40.22,-0.032,-0.0490,-0.0490,1.1270,1.1291,0.337402,-0.403748,0.074890,0.847107,7.994,152.5,-1
1785815571.785,11292,2523777,0,0.00000000,0.00000000,0.00,0,0,-40.20,-0.050,-0.6370,0.4900,1.1270,1.3842,0.337463,-0.403625,0.074951,0.847107,7.996,145.0,-1
1785815571.785,11297,2524865,0,0.00000000,0.00000000,0.00,0,0,-40.29,-0.069,-0.6370,0.3920,0.9310,1.1942,0.337402,-0.403564,0.075073,0.847107,7.996,141.2,-1
1785815573.067,11298,2525113,0,0.00000000,0.00000000,0.00,0,0,-40.20,-0.013,-0.6860,0.2450,1.2740,1.4675,0.337402,-0.403564,0.075012,0.847107,7.997,145.0,-1
1785815573.067,11302,2525999,0,0.00000000,0.00000000,0.00,0,0,-40.35,-0.100,-0.3430,0.3920,1.1760,1.2862,0.337463,-0.403564,0.074951,0.847107,7.996,148.8,-1
1785815573.069,11303,2526215,0,0.00000000,0.00000000,0.00,0,0,-40.31,-0.073,-0.7350,0.4410,1.1270,1.4159,0.337463,-0.403564,0.074890,0.847107,7.997,142.5,-1
1785815574.363,11308,2527325,0,0.00000000,0.00000000,0.00,0,0,-40.44,-0.116,-0.4410,0.3430,0.9800,1.1281,0.337402,-0.403625,0.075012,0.847107,7.999,146.2,-1
1785815574.363,11309,2527542,0,0.00000000,0.00000000,0.00,0,0,-40.24,0.024,-0.6370,0.3430,0.8820,1.1408,0.337402,-0.403564,0.075073,0.847107,7.996,147.5,-1
1785815575.639,11314,2528634,0,0.00000000,0.00000000,0.00,0,0,-40.27,-0.014,-0.7840,0.5390,1.0290,1.4014,0.337463,-0.403687,0.075073,0.847046,7.997,146.2,-1
1785815575.639,11315,2528858,0,0.00000000,0.00000000,0.00,0,0,-40.30,-0.032,-0.5880,0.2450,0.5390,0.8344,0.337524,-0.403687,0.075012,0.847046,7.996,142.5,-1
1785815576.934,11320,2529999,0,0.00000000,0.00000000,0.00,0,0,-40.23,0.050,-0.6860,0.5880,1.1270,1.4445,0.337524,-0.403625,0.074951,0.847107,7.996,140.0,-1
1785815578.217,11321,2530216,0,0.00000000,0.00000000,0.00,0,0,-40.39,-0.034,-0.5390,0.2450,0.6370,0.8697,0.337524,-0.403564,0.074951,0.847107,7.996,146.2,-1
1785815578.217,11325,2531094,0,0.00000000,0.00000000,0.00,0,0,-40.23,0.059,-0.7350,0.1960,0.6860,1.0243,0.337585,-0.403564,0.074890,0.847107,7.997,136.2,-1
1785815578.217,11326,2531315,0,0.00000000,0.00000000,0.00,0,0,-40.28,0.029,-0.5390,0.4410,0.8820,1.1238,0.337585,-0.403564,0.074890,0.847107,7.999,142.5,-1
1785815579.511,11331,2532423,0,0.00000000,0.00000000,0.00,0,0,-40.24,0.080,-0.5390,0.1960,1.1760,1.3084,0.337585,-0.403564,0.074890,0.847107,7.997,141.2,-1
1785815579.511,11332,2532645,0,0.00000000,0.00000000,0.00,0,0,-40.34,-0.008,-0.6860,0.3430,1.1270,1.3632,0.337585,-0.403625,0.074890,0.847046,7.995,140.0,-1
1785815580.790,11337,2533786,0,0.00000000,0.00000000,0.00,0,0,-40.29,0.028,-0.7350,0.6860,1.0290,1.4386,0.337524,-0.403625,0.074951,0.847046,7.997,145.0,-1
1785815580.790,11338,2534007,0,0.00000000,0.00000000,0.00,0,0,-40.23,0.085,-0.5880,0.2940,1.1270,1.3047,0.337524,-0.403687,0.074951,0.847046,7.997,146.2,-1
1785815582.089,11343,2535107,0,0.00000000,0.00000000,0.00,0,0,-40.21,0.048,-0.5880,0.2940,0.6370,0.9154,0.337524,-0.403748,0.075012,0.847046,7.995,150.0,-1
1785815583.368,11344,2535327,0,0.00000000,0.00000000,0.00,0,0,-40.29,-0.014,-0.6370,0.1960,1.0780,1.2674,0.337524,-0.403748,0.075012,0.847046,7.997,146.2,-1
1785815583.369,11349,2536415,0,0.00000000,0.00000000,0.00,0,0,-40.33,-0.069,-0.5880,0.3920,0.9800,1.2082,0.337524,-0.403748,0.075012,0.847046,7.997,142.5,-1
1785815584.661,11350,2536636,0,0.00000000,0.00000000,0.00,0,0,-40.33,-0.054,-0.7840,0.3430,1.3230,1.5756,0.337524,-0.403687,0.074951,0.847046,7.996,143.8,-1
1785815584.662,11354,2537554,0,0.00000000,0.00000000,0.00,0,0,-40.26,0.000,-0.5880,0.3430,0.9800,1.1932,0.337524,-0.403687,0.074951,0.847046,7.995,147.5,-1
1785815584.662,11355,2537778,0,0.00000000,0.00000000,0.00,0,0,-40.36,-0.073,-0.5390,0.2940,0.9800,1.1564,0.337524,-0.403625,0.074951,0.847046,7.997,145.0,-1
1785815585.954,11360,2538879,0,0.00000000,0.00000000,0.00,0,0,-40.28,0.002,-0.4900,0.5390,1.0780,1.3010,0.337524,-0.403687,0.075012,0.847046,7.995,145.0,-1
1785815585.954,11361,2539090,0,0.00000000,0.00000000,0.00,0,0,-40.32,-0.024,-0.4410,0.3920,1.2740,1.4040,0.337463,-0.403687,0.075073,0.847046,7.996,146.2,-1
1785815587.235,11366,2540199,0,0.00000000,0.00000000,0.00,0,0,-40.31,0.006,-0.5390,0.4900,1.2250,1.4252,0.337463,-0.403870,0.075073,0.846985,7.996,143.8,-1
1785815587.235,11367,2540419,0,0.00000000,0.00000000,0.00,0,0,-40.29,0.006,-0.6860,0.4410,1.1270,1.3911,0.337524,-0.403748,0.075012,0.847046,7.997,145.0,-1
1785815588.530,11372,2541564,0,0.00000000,0.00000000,0.00,0,0,-40.32,-0.044,-0.1960,0.1960,0.7840,0.8316,0.337524,-0.403625,0.074951,0.847046,7.995,143.8,-1
1785815589.817,11373,2541784,0,0.00000000,0.00000000,0.00,0,0,-40.23,-0.000,-0.7840,0.5390,0.9310,1.3311,0.337524,-0.403625,0.075012,0.847107,7.996,138.8,-1
1785815589.817,11378,2542896,0,0.00000000,0.00000000,0.00,0,0,-40.24,-0.001,-0.4900,0.3920,0.9310,1.1227,0.337463,-0.403503,0.075073,0.847168,7.997,143.8,-1
1785815591.096,11379,2543110,0,0.00000000,0.00000000,0.00,0,0,-40.29,-0.049,-0.6370,0.4900,1.2250,1.4651,0.337463,-0.403503,0.075073,0.847168,7.995,141.2,-1
1785815591.096,11383,2544000,0,0.00000000,0.00000000,0.00,0,0,-40.26,-0.035,-0.5880,0.3920,1.2740,1.4569,0.337524,-0.403503,0.074951,0.847107,7.995,140.0,-1
1785815591.096,11384,2544211,0,0.00000000,0.00000000,0.00,0,0,-40.18,0.010,-0.4410,0.5390,1.2740,1.4519,0.337646,-0.403503,0.074890,0.847107,7.997,140.0,-1
1785815592.387,11389,2545311,0,0.00000000,0.00000000,0.00,0,0,-40.18,0.016,-0.6370,0.5390,1.1760,1.4420,0.337646,-0.403625,0.075073,0.846985,7.996,143.8,-1
1785815592.387,11390,2545531,0,0.00000000,0.00000000,0.00,0,0,-40.22,0.019,-0.6860,0.2450,1.2740,1.4675,0.337646,-0.403687,0.075195,0.846985,7.996,141.2,-1
1785815593.670,11395,2546632,0,0.00000000,0.00000000,0.00,0,0,-40.28,-0.058,-0.4410,0.4410,0.9800,1.1616,0.337891,-0.403564,0.075195,0.846924,7.997,143.8,-1
1785815593.670,11396,2546856,0,0.00000000,0.00000000,0.00,0,0,-40.26,-0.028,-0.1470,0.2450,0.9310,0.9739,0.337891,-0.403625,0.075073,0.846924,7.997,142.5,-1
1785815594.965,11401,2547999,0,0.00000000,0.00000000,0.00,0,0,-40.43,-0.093,-0.6860,0.2450,0.6860,1.0006,0.338013,-0.403503,0.075012,0.846924,7.999,137.5,-1
1785815596.256,11402,2548215,0,0.00000000,0.00000000,0.00,0,0,-40.51,-0.136,-0.5880,0.5390,1.0780,1.3410,0.338013,-0.403503,0.075012,0.846924,7.997,142.5,-1
1785815596.256,11407,2549322,0,0.00000000,0.00000000,0.00,0,0,-40.42,-0.007,-0.1960,0.1960,0.5390,0.6061,0.338013,-0.403564,0.075012,0.846924,7.999,138.8,-1
1785815597.534,11408,2549550,0,0.00000000,0.00000000,0.00,0,0,-40.41,0.004,-0.5390,0.4410,1.0290,1.2425,0.338013,-0.403564,0.075012,0.846924,7.997,145.0,-1
1785815597.534,11412,2550440,0,0.00000000,0.00000000,0.00,0,0,-40.44,-0.036,-0.4410,0.0980,0.8820,0.9910,0.338013,-0.403564,0.075012,0.846924,7.997,142.5,-1
1785815597.534,11413,2550661,0,0.00000000,0.00000000,0.00,0,0,-40.27,0.079,-0.3430,0.0980,0.6370,0.7301,0.338135,-0.403564,0.074951,0.846863,8.000,140.0,-1
1785815598.828,11418,2551775,0,0.00000000,0.00000000,0.00,0,0,-40.44,-0.012,-0.7840,0.8330,1.1760,1.6406,0.338196,-0.403564,0.074829,0.846863,7.996,146.2,-1
1785815598.828,11419,2551996,0,0.00000000,0.00000000,0.00,0,0,-40.48,-0.023,-0.5390,0.2940,1.5680,1.6839,0.338196,-0.403564,0.074829,0.846863,7.997,146.2,-1
1785815600.123,11424,2553094,0,0.00000000,0.00000000,0.00,0,0,-40.28,0.046,-0.6370,0.5880,0.9310,1.2721,0.338074,-0.403564,0.075134,0.846863,7.997,150.0,-1
1785815600.123,11425,2553320,0,0.00000000,0.00000000,0.00,0,0,-40.31,0.028,-0.8820,0.6370,1.2740,1.6753,0.338074,-0.403503,0.075134,0.846924,7.999,146.2,-1
1785815601.404,11430,2554422,0,0.00000000,0.00000000,0.00,0,0,-40.31,0.022,-0.5880,0.3430,0.7840,1.0383,0.338074,-0.403320,0.075134,0.846985,8.000,141.2,-1
1785815601.404,11431,2554644,0,0.00000000,0.00000000,0.00,0,0,-40.50,-0.107,-0.4900,0.0490,1.6170,1.6903,0.338074,-0.403320,0.075134,0.846985,7.997,147.5,-1
1785815602.699,11436,2555735,0,0.00000000,0.00000000,0.00,0,0,-40.37,-0.032,-0.5390,0.4410,1.4210,1.5825,0.338074,-0.403442,0.075134,0.846924,7.997,143.8,-1
1785815603.976,11437,2555953,0,0.00000000,0.00000000,0.00,0,0,-40.30,0.015,-0.2940,0.3430,0.9310,1.0348,0.338135,-0.403503,0.075073,0.846924,7.997,147.5,-1
1785815603.976,11442,2557048,0,0.00000000,0.00000000,0.00,0,0,-40.34,-0.006,-0.3920,0.3920,1.1270,1.2560,0.338135,-0.403564,0.075012,0.846863,7.995,150.0,-1
1785815605.263,11443,2557266,0,0.00000000,0.00000000,0.00,0,0,-40.35,-0.039,-0.5390,0.3430,1.3230,1.4692,0.338135,-0.403564,0.075012,0.846863,7.996,146.2,-1
1785815605.263,11447,2558143,0,0.00000000,0.00000000,0.00,0,0,-40.36,-0.035,-0.4410,0.1960,0.9800,1.0924,0.338135,-0.403625,0.074951,0.846802,7.996,142.5,-1
1785815605.263,11448,2558368,0,0.00000000,0.00000000,0.00,0,0,-40.40,-0.035,-0.5880,0.0980,1.0780,1.2318,0.338135,-0.403625,0.074951,0.846863,7.995,152.5,-1
1785815606.559,11453,2559490,0,0.00000000,0.00000000,0.00,0,0,-40.37,-0.004,-0.4410,0.4900,1.0780,1.2636,0.338135,-0.403503,0.075073,0.846863,7.996,151.2,-1
1785815606.559,11454,2559713,0,0.00000000,0.00000000,0.00,0,0,-40.35,0.015,-0.4900,0.1470,0.7840,0.9361,0.338135,-0.403442,0.075073,0.846924,7.995,145.0,-1
1785815607.840,11459,2560832,0,0.00000000,0.00000000,0.00,0,0,-40.28,0.049,-0.3920,0.3430,0.7350,0.9009,0.338074,-0.403381,0.075134,0.846985,7.995,147.5,-1
1785815607.840,11460,2561053,0,0.00000000,0.00000000,0.00,0,0,-40.26,0.071,-0.3430,0.4410,1.1760,1.3020,0.338013,-0.403381,0.075134,0.846985,7.996,150.0,-1
1785815609.126,11465,2562144,0,0.00000000,0.00000000,0.00,0,0,-40.29,0.002,-0.4900,0.1960,0.7350,0.9048,0.337891,-0.403687,0.075195,0.846924,7.995,147.5,-1
1785815610.419,11466,2562369,0,0.00000000,0.00000000,0.00,0,0,-40.34,-0.039,-0.4900,0.4410,1.3230,1.4781,0.337891,-0.403748,0.075195,0.846863,7.995,143.8,-1
1785815610.419,11471,2563477,0,0.00000000,0.00000000,0.00,0,0,-40.32,-0.009,-0.6370,0.4410,0.9800,1.2493,0.337952,-0.403687,0.075073,0.846863,7.995,141.2,-1
1785815611.714,11472,2563702,0,0.00000000,0.00000000,0.00,0,0,-40.28,0.014,-0.1960,0.3430,1.0290,1.1022,0.337952,-0.403687,0.075012,0.846863,7.996,147.5,-1
1785815611.714,11476,2564591,0,0.00000000,0.00000000,0.00,0,0,-40.29,0.009,-0.4900,0.4410,0.9310,1.1408,0.337952,-0.403625,0.075012,0.846924,7.995,147.5,-1
1785815611.714,11477,2564812,0,0.00000000,0.00000000,0.00,0,0,-40.25,0.029,-0.5880,0.3920,1.1270,1.3302,0.337952,-0.403625,0.075012,0.846924,7.995,147.5,-1
1785815612.998,11482,2565917,0,0.00000000,0.00000000,0.00,0,0,-40.24,0.013,-0.3920,0.4410,1.2250,1.3597,0.337952,-0.403687,0.075073,0.846863,7.995,141.2,-1
1785815612.998,11483,2566138,0,0.00000000,0.00000000,0.00,0,0,-40.21,0.005,-0.5880,0.4900,1.0780,1.3221,0.337952,-0.403625,0.075073,0.846924,7.995,141.2,-1
1785815614.290,11488,2567232,0,0.00000000,0.00000000,0.00,0,0,-40.33,-0.056,-0.7840,0.7840,0.7350,1.3302,0.337891,-0.403748,0.075134,0.846863,7.997,143.8,-1
1785815614.290,11489,2567456,0,0.00000000,0.00000000,0.00,0,0,-40.35,-0.053,-0.4900,0.1960,1.0290,1.1564,0.337891,-0.403748,0.075134,0.846863,7.996,145.0,-1
1785815615.575,11494,2568572,0,0.00000000,0.00000000,0.00,0,0,-40.36,-0.075,-0.6370,0.5390,1.1760,1.4420,0.338013,-0.403748,0.074951,0.846863,7.997,142.5,-1
1785815615.575,11495,2568794,0,0.00000000,0.00000000,0.00,0,0,-40.31,-0.036,-0.5390,0.2940,1.0290,1.1982,0.337952,-0.403687,0.075012,0.846863,7.999,142.5,-1
1785815616.867,11500,2569903,0,0.00000000,0.00000000,0.00,0,0,-40.29,-0.022,-0.4900,0.5390,1.4210,1.5968,0.337952,-0.403503,0.074890,0.846985,7.996,146.2,-1
1785815618.154,11501,2570115,0,0.00000000,0.00000000,0.00,0,0,-40.29,0.006,-0.8330,0.2450,1.1270,1.4227,0.337891,-0.403564,0.074951,0.846985,7.997,142.5,-1
1785815618.154,11506,2571216,0,0.00000000,0.00000000,0.00,0,0,-40.27,-0.020,-0.2450,0.2940,0.6860,0.7855,0.337646,-0.403625,0.075012,0.847046,7.997,146.2,-1
1785815619.432,11507,2571434,0,0.00000000,0.00000000,0.00,0,0,-40.19,0.022,-0.6370,0.1960,0.9310,1.1450,0.337585,-0.403687,0.075012,0.847046,7.996,152.5,-1
1785815619.432,11511,2572328,0,0.00000000,0.00000000,0.00,0,0,-40.23,0.010,-0.4900,0.5880,0.9800,1.2435,0.337585,-0.403625,0.075012,0.847046,7.997,145.0,-1
1785815619.432,11512,2572548,0,0.00000000,0.00000000,0.00,0,0,-40.36,-0.065,-0.3920,0.3920,1.0290,1.1688,0.337585,-0.403748,0.075012,0.846985,7.996,148.8,-1
1785815620.730,11517,2573659,0,0.00000000,0.00000000,0.00,0,0,-40.54,-0.116,-0.4900,0.4900,1.0780,1.2815,0.337585,-0.403748,0.075073,0.846985,7.996,148.8,-1
1785815620.730,11518,2573883,0,0.00000000,0.00000000,0.00,0,0,-40.39,-0.013,-0.6860,0.5390,1.3230,1.5848,0.337585,-0.403748,0.075073,0.846985,7.996,145.0,-1
1785815622.013,11523,2574992,0,0.00000000,0.00000000,0.00,0,0,-40.35,0.048,-0.3430,0.4410,1.6660,1.7572,0.337585,-0.403625,0.075073,0.847046,7.995,147.5,-1
1785815622.013,11524,2575208,0,0.00000000,0.00000000,0.00,0,0,-40.45,0.002,-0.6370,0.3920,0.9800,1.2328,0.337585,-0.403625,0.075073,0.847046,7.996,141.2,-1
1785815623.294,11529,2576325,0,0.00000000,0.00000000,0.00,0,0,-40.44,0.034,-0.8330,0.4900,0.8820,1.3084,0.337585,-0.403748,0.075073,0.846985,7.997,146.2,-1
1785815624.587,11530,2576548,0,0.00000000,0.00000000,0.00,0,0,-40.40,0.060,-0.4410,0.3430,1.1270,1.2579,0.337585,-0.403748,0.075073,0.846985,7.997,145.0,-1
1785815624.587,11535,2577639,0,0.00000000,0.00000000,0.00,0,0,-40.44,0.023,-0.4900,0.2450,1.0780,1.2092,0.337585,-0.403748,0.075073,0.846985,7.996,146.2,-1
1785815625.873,11536,2577859,0,0.00000000,0.00000000,0.00,0,0,-40.42,0.043,-0.4900,0.4900,1.0290,1.2406,0.337585,-0.403687,0.075012,0.846985,7.996,146.2,-1
1785815625.873,11540,2578774,0,0.00000000,0.00000000,0.00,0,0,-40.42,0.011,-0.4410,0.2940,0.9800,1.1141,0.337585,-0.403748,0.075073,0.846985,7.997,147.5,-1
1785815625.873,11541,2578997,0,0.00000000,0.00000000,0.00,0,0,-40.40,0.005,0.0000,0.1960,1.2250,1.2406,0.337585,-0.403809,0.075073,0.846985,7.995,147.5,-1
1785815627.167,11546,2580095,0,0.00000000,0.00000000,0.00,0,0,-40.56,-0.089,-0.6860,0.2940,0.9800,1.2318,0.337524,-0.403870,0.075134,0.846985,7.996,145.0,-1
1785815627.167,11547,2580316,0,0.00000000,0.00000000,0.00,0,0,-40.36,0.043,-0.6370,0.3430,1.2740,1.4651,0.337524,-0.403809,0.075134,0.846985,7.995,146.2,-1
1785815628.446,11552,2581430,0,0.00000000,0.00000000,0.00,0,0,-40.44,-0.007,-0.6370,0.2450,0.6860,0.9677,0.337585,-0.403748,0.075073,0.846985,7.996,143.8,-1
1785815628.446,11553,2581650,0,0.00000000,0.00000000,0.00,0,0,-40.38,0.025,-0.6370,0.5390,1.1270,1.4023,0.337585,-0.403748,0.075073,0.846985,7.996,143.8,-1
1785815629.742,11558,2582769,0,0.00000000,0.00000000,0.00,0,0,-40.39,0.029,-0.6860,0.3430,1.3230,1.5292,0.337585,-0.403748,0.075073,0.846985,7.996,147.5,-1
1785815631.032,11559,2582990,0,0.00000000,0.00000000,0.00,0,0,-40.38,0.032,-0.6860,0.0000,1.4700,1.6222,0.337585,-0.403748,0.075073,0.846985,7.996,148.8,-1
1785815631.032,11564,2584106,0,0.00000000,0.00000000,0.00,0,0,-40.39,0.009,-0.5880,0.5390,1.0780,1.3410,0.337585,-0.403748,0.075073,0.846985,7.994,143.8,-1
1785815632.320,11565,2584332,0,0.00000000,0.00000000,0.00,0,0,-40.37,0.029,-0.4410,0.2450,0.9800,1.1022,0.337585,-0.403748,0.075073,0.846985,7.995,143.8,-1
1785815632.320,11569,2585214,0,0.00000000,0.00000000,0.00,0,0,-40.38,0.009,-0.6370,0.4900,0.6860,1.0566,0.337585,-0.403748,0.075073,0.846985,7.996,143.8,-1
1785815632.320,11570,2585438,0,0.00000000,0.00000000,0.00,0,0,-40.38,0.007,-0.6860,0.4410,0.8330,1.1657,0.337585,-0.403748,0.075073,0.846985,7.996,143.8,-1
1785815633.600,11575,2586540,0,0.00000000,0.00000000,0.00,0,0,-40.39,-0.018,-0.5390,0.5390,0.9310,1.2032,0.337585,-0.403687,0.075012,0.847046,7.997,145.0,-1
1785815633.602,11576,2586761,0,0.00000000,0.00000000,0.00,0,0,-40.37,-0.017,-0.6370,0.3920,0.9800,1.2328,0.337585,-0.403687,0.075012,0.846985,7.996,143.8,-1
1785815634.897,11581,2587868,0,0.00000000,0.00000000,0.00,0,0,-40.30,0.048,-0.4900,0.3430,1.3230,1.4519,0.337585,-0.403809,0.075256,0.846985,7.996,155.0,-1
1785815634.897,11582,2588117,0,0.00000000,0.00000000,0.00,0,0,-40.19,0.101,-0.7350,0.7350,1.2740,1.6442,0.337585,-0.403809,0.075317,0.846924,8.000,145.0,-1
1785815636.187,11587,2589222,0,0.00000000,0.00000000,0.00,0,0,-40.32,0.002,-0.7350,0.7350,1.2740,1.6442,0.337646,-0.403931,0.075195,0.846863,7.995,148.8,-1
1785815637.467,11588,2589446,0,0.00000000,0.00000000,0.00,0,0,-40.29,0.038,-0.4410,0.4410,1.1270,1.2881,0.337646,-0.403931,0.075195,0.846863,7.999,143.8,-1
1785815637.467,11593,2590537,0,0.00000000,0.00000000,0.00,0,0,-40.37,-0.042,-0.6860,0.3430,1.2250,1.4453,0.337830,-0.403992,0.075195,0.846741,7.997,143.8,-1
1785815638.759,11594,2590760,0,0.00000000,0.00000000,0.00,0,0,-40.32,0.000,-1.1760,1.0780,0.1470,1.6021,0.337830,-0.403931,0.075134,0.846802,7.997,147.5,-1
1785815638.763,11598,2591642,0,0.00000000,0.00000000,0.00,0,0,-40.28,0.058,-0.5880,0.5880,1.1270,1.4006,0.337769,-0.403748,0.075134,0.846924,7.996,146.2,-1
1785815638.763,11599,2591864,0,0.00000000,0.00000000,0.00,0,0,-40.46,-0.056,-1.2740,0.4410,1.2740,1.8549,0.337769,-0.403809,0.075134,0.846863,7.996,145.0,-1
1785815640.042,11604,2593007,0,0.00000000,0.00000000,0.00,0,0,-40.49,-0.086,0.4410,-0.0490,1.7640,1.8189,0.337769,-0.403748,0.075195,0.846924,7.999,146.2,-1
1785815640.043,11605,2593222,0,0.00000000,0.00000000,0.00,0,0,-40.38,-0.011,-0.6370,0.2940,1.0290,1.2454,0.337769,-0.403809,0.075195,0.846863,7.997,147.5,-1
1785815641.338,11610,2594317,0,0.00000000,0.00000000,0.00,0,0,-40.36,0.010,-0.5390,0.2940,1.0290,1.1982,0.337708,-0.403748,0.075256,0.846924,7.999,140.0,-1
1785815641.338,11611,2594537,0,0.00000000,0.00000000,0.00,0,0,-40.34,0.017,-0.4410,0.1960,1.1270,1.2260,0.337708,-0.403687,0.075256,0.846924,7.996,136.2,-1
1785815642.616,11616,2595649,0,0.00000000,0.00000000,0.00,0,0,-40.41,-0.000,-0.4410,0.3430,1.4210,1.5269,0.337708,-0.403625,0.075317,0.846985,7.997,147.5,-1
1785815643.912,11617,2595869,0,0.00000000,0.00000000,0.00,0,0,-40.35,0.049,-0.4410,0.3430,0.9800,1.1281,0.337769,-0.403625,0.075256,0.846985,7.997,141.2,-1
1785815643.912,11621,2596781,0,0.00000000,0.00000000,0.00,0,0,-40.40,0.000,-0.3430,0.4410,1.2250,1.3464,0.337708,-0.403748,0.075256,0.846924,7.997,143.8,-1
1785815643.914,11622,2596999,0,0.00000000,0.00000000,0.00,0,0,-40.38,0.030,-0.6860,0.0980,1.3230,1.4935,0.337708,-0.403809,0.075256,0.846924,7.999,141.2,-1
1785815645.199,11627,2598094,0,0.00000000,0.00000000,0.00,0,0,-40.19,0.066,-0.3920,0.1960,1.2250,1.3010,0.337769,-0.403748,0.075195,0.846924,7.996,142.5,-1
1785815645.199,11628,2598315,0,0.00000000,0.00000000,0.00,0,0,-40.16,0.100,-0.6370,0.3920,1.0780,1.3121,0.337769,-0.403625,0.075256,0.846985,7.997,140.0,-1
1785815646.479,11633,2599428,0,0.00000000,0.00000000,0.00,0,0,-40.29,-0.001,-0.5390,0.2940,1.1270,1.2834,0.337708,-0.403748,0.075317,0.846924,7.997,141.2,-1
1785815646.479,11634,2599645,0,0.00000000,0.00000000,0.00,0,0,-40.33,-0.030,-0.5880,0.4410,0.6370,0.9726,0.337769,-0.403625,0.075256,0.846985,7.996,142.5,-1
1785815647.772,11639,2600789,0,0.00000000,0.00000000,0.00,0,0,-40.18,0.030,-0.4410,0.3430,0.9800,1.1281,0.337891,-0.403748,0.075256,0.846863,7.997,145.0,-1
1785815647.772,11640,2601008,0,0.00000000,0.00000000,0.00,0,0,-40.29,-0.046,-0.6370,0.4900,1.3230,1.5480,0.337891,-0.403748,0.075195,0.846863,7.996,148.8,-1
1785815649.067,11645,2602115,0,0.00000000,0.00000000,0.00,0,0,-40.16,0.071,-0.5390,0.4410,0.7840,1.0486,0.337952,-0.403687,0.075012,0.846863,7.997,143.8,-1
1785815650.346,11646,2602340,0,0.00000000,0.00000000,0.00,0,0,-40.08,0.096,-0.6860,0.4900,1.3230,1.5688,0.338013,-0.403809,0.074951,0.846802,7.994,147.5,-1
1785815650.346,11650,2603227,0,0.00000000,0.00000000,0.00,0,0,-40.37,-0.066,-0.5390,0.1470,1.0780,1.2142,0.337830,-0.403809,0.075256,0.846863,7.994,145.0,-1
1785815650.346,11651,2603448,0,0.00000000,0.00000000,0.00,0,0,-40.36,-0.055,-0.5880,-0.4900,2.1560,2.2878,0.337830,-0.403748,0.075317,0.846863,7.995,145.0,-1
1785815651.638,11656,2604558,0,0.00000000,0.00000000,0.00,0,0,-40.35,-0.016,-0.6370,0.6860,0.9310,1.3203,0.337769,-0.403687,0.075439,0.846924,7.995,146.2,-1
1785815651.638,11657,2604778,0,0.00000000,0.00000000,0.00,0,0,-40.33,0.012,-0.4900,0.2450,1.0290,1.1657,0.337769,-0.403625,0.075439,0.846924,7.996,142.5,-1
1785815652.920,11662,2605881,0,0.00000000,0.00000000,0.00,0,0,-40.42,-0.034,-0.7350,0.5880,1.1270,1.4684,0.337769,-0.403625,0.075378,0.846924,7.996,143.8,-1
1785815652.925,11663,2606092,0,0.00000000,0.00000000,0.00,0,0,-40.50,-0.065,-0.5390,0.4900,1.3720,1.5534,0.337769,-0.403625,0.075378,0.846924,7.995,148.8,-1
1785815654.218,11668,2607183,0,0.00000000,0.00000000,0.00,0,0,-40.52,-0.143,-0.2450,0.2450,1.2250,1.2731,0.337891,-0.403320,0.075317,0.847046,7.996,148.8,-1
1785815654.218,11669,2607403,0,0.00000000,0.00000000,0.00,0,0,-40.56,-0.149,-0.3920,0.1960,1.1270,1.2092,0.337891,-0.403381,0.075256,0.846985,7.996,148.8,-1
1785815655.498,11674,2608545,0,0.00000000,0.00000000,0.00,0,0,-40.72,-0.186,-0.4900,0.2940,1.0290,1.1770,0.337708,-0.403564,0.075012,0.847046,7.996,145.0,-1
1785815656.780,11675,2608768,0,0.00000000,0.00000000,0.00,0,0,-40.58,-0.083,-0.3430,0.1960,0.9310,1.0113,0.337708,-0.403442,0.075134,0.847107,7.996,143.8,-1
1785815656.780,11680,2609859,0,0.00000000,0.00000000,0.00,0,0,-40.62,-0.036,-0.6860,0.4410,1.3230,1.5542,0.337708,-0.403625,0.075195,0.846985,8.001,141.2,-1
1785815658.080,11681,2610100,0,0.00000000,0.00000000,0.00,0,0,-40.58,-0.010,-0.6860,0.4410,1.4700,1.6811,0.337708,-0.403687,0.075195,0.846985,7.996,143.8,-1
1785815658.080,11685,2610991,0,0.00000000,0.00000000,0.00,0,0,-40.66,-0.047,-0.5390,0.5390,0.9310,1.2032,0.337708,-0.403748,0.075134,0.846924,7.997,145.0,-1
1785815658.080,11686,2611205,0,0.00000000,0.00000000,0.00,0,0,-40.62,-0.016,-0.5880,0.0980,0.6860,0.9088,0.337708,-0.403687,0.075134,0.846985,7.996,143.8,-1
1785815659.368,11691,2612325,0,0.00000000,0.00000000,0.00,0,0,-40.59,-0.051,-0.4900,0.5390,1.0290,1.2607,0.337708,-0.403748,0.075134,0.846924,7.996,145.0,-1
1785815659.368,11692,2612544,0,0.00000000,0.00000000,0.00,0,0,-40.52,-0.009,-0.5880,0.5880,0.9800,1.2853,0.337708,-0.403687,0.075134,0.846985,7.997,143.8,-1
1785815660.646,11697,2613648,0,0.00000000,0.00000000,0.00,0,0,-40.62,-0.075,-0.4900,0.3430,1.4700,1.5870,0.337708,-0.403748,0.075134,0.846924,7.996,147.5,-1
1785815660.649,11698,2613867,0,0.00000000,0.00000000,0.00,0,0,-40.46,0.035,-0.4900,0.4410,1.2250,1.3911,0.337708,-0.403687,0.075073,0.846985,7.999,147.5,-1
1785815661.941,11703,2614990,0,0.00000000,0.00000000,0.00,0,0,-40.61,-0.073,-0.2450,0.6860,0.8820,1.1439,0.337769,-0.403687,0.075195,0.846924,7.995,143.8,-1
1785815663.226,11704,2615207,0,0.00000000,0.00000000,0.00,0,0,-40.62,-0.081,-0.3920,0.3920,0.5390,0.7732,0.337830,-0.403687,0.075134,0.846924,7.996,147.5,-1
1785815663.226,11708,2616113,0,0.00000000,0.00000000,0.00,0,0,-40.43,0.017,-0.6370,0.6860,1.3230,1.6207,0.337769,-0.403625,0.075073,0.846985,7.996,150.0,-1
1785815663.227,11709,2616334,0,0.00000000,0.00000000,0.00,0,0,-40.57,-0.061,-0.6370,0.3430,1.0780,1.2983,0.337769,-0.403687,0.075134,0.846924,7.996,140.0,-1
1785815664.519,11714,2617438,0,0.00000000,0.00000000,0.00,0,0,-40.43,0.030,-0.6860,0.5880,0.8330,1.2289,0.337769,-0.403687,0.075134,0.846924,7.996,146.2,-1
1785815664.519,11715,2617665,0,0.00000000,0.00000000,0.00,0,0,-40.40,0.046,-0.9310,0.8330,1.5190,1.9667,0.337769,-0.403625,0.075073,0.846985,7.997,143.8,-1
1785815665.796,11720,2618769,0,0.00000000,0.00000000,0.00,0,0,-40.52,-0.005,-0.6370,0.2940,1.0290,1.2454,0.337769,-0.403687,0.075073,0.846924,7.997,145.0,-1
1785815665.796,11721,2618991,0,0.00000000,0.00000000,0.00,0,0,-40.67,-0.108,-0.6860,0.5390,1.2250,1.5039,0.337769,-0.403687,0.075073,0.846924,7.995,140.0,-1
1785815667.095,11726,2620114,0,0.00000000,0.00000000,0.00,0,0,-40.40,0.034,-0.4900,0.1960,0.7840,0.9451,0.337769,-0.403748,0.075134,0.846924,7.996,142.5,-1
1785815667.095,11727,2620339,0,0.00000000,0.00000000,0.00,0,0,-40.53,-0.045,-0.6860,0.4410,1.2740,1.5127,0.337769,-0.403748,0.075134,0.846924,7.995,150.0,-1
1785815668.385,11732,2621450,0,0.00000000,0.00000000,0.00,0,0,-40.42,0.013,-0.4900,0.5390,1.1760,1.3833,0.337769,-0.403748,0.075134,0.846924,7.997,141.2,-1
1785815669.665,11733,2621675,0,0.00000000,0.00000000,0.00,0,0,-40.51,-0.051,-0.5390,0.5390,1.2740,1.4846,0.337769,-0.403748,0.075134,0.846924,7.995,142.5,-1
1785815669.666,11737,2622563,0,0.00000000,0.00000000,0.00,0,0,-40.43,0.024,-0.5390,0.4410,0.7840,1.0486,0.337769,-0.403748,0.075134,0.846924,7.995,155.0,-1
1785815669.666,11738,2622787,0,0.00000000,0.00000000,0.00,0,0,-40.42,0.029,-0.4410,0.3920,0.9310,1.1022,0.337769,-0.403687,0.075134,0.846924,7.997,147.5,-1
1785815670.957,11743,2623898,0,0.00000000,0.00000000,0.00,0,0,-40.45,0.026,-0.6370,0.1470,0.9800,1.1780,0.337769,-0.403687,0.075073,0.846924,7.995,143.8,-1
1785815670.957,11744,2624109,0,0.00000000,0.00000000,0.00,0,0,-40.46,-0.017,-0.8330,0.7840,1.3230,1.7490,0.337769,-0.403687,0.075073,0.846924,7.997,141.2,-1
1785815672.238,11749,2625219,0,0.00000000,0.00000000,0.00,0,0,-40.45,-0.008,-0.3920,0.5390,1.2250,1.3946,0.337769,-0.403687,0.075073,0.846924,7.995,143.8,-1
1785815672.238,11750,2625443,0,0.00000000,0.00000000,0.00,0,0,-40.50,-0.026,-0.8330,0.3430,1.1270,1.4428,0.337769,-0.403625,0.075073,0.846985,7.997,140.0,-1
1785815673.531,11755,2626557,0,0.00000000,0.00000000,0.00,0,0,-40.40,0.046,-0.3920,0.3430,0.9800,1.1098,0.337769,-0.403687,0.075073,0.846924,7.992,146.2,-1
1785815674.827,11756,2626780,0,0.00000000,0.00000000,0.00,0,0,-40.52,-0.037,-0.8330,0.4410,1.0290,1.3954,0.337769,-0.403687,0.075073,0.846924,7.996,145.0,-1
1785815674.827,11761,2627888,0,0.00000000,0.00000000,0.00,0,0,-40.46,-0.022,-0.4410,0.3920,1.2250,1.3597,0.337769,-0.403748,0.075134,0.846924,7.995,138.8,-1
1785815676.103,11762,2628104,0,0.00000000,0.00000000,0.00,0,0,-40.40,0.028,-0.2450,0.1960,1.2740,1.3121,0.337769,-0.403687,0.075134,0.846924,8.000,143.8,-1
1785815676.103,11766,2629000,0,0.00000000,0.00000000,0.00,0,0,-40.55,-0.041,-0.5390,0.2450,1.0780,1.2299,0.337769,-0.403687,0.075073,0.846924,7.996,143.8,-1
1785815676.104,11767,2629218,0,0.00000000,0.00000000,0.00,0,0,-40.50,-0.004,-0.5390,0.5390,0.8330,1.1291,0.337769,-0.403625,0.075073,0.846985,7.996,145.0,-1
1785815677.399,11772,2630319,0,0.00000000,0.00000000,0.00,0,0,-40.51,-0.019,-0.4410,0.1470,1.1760,1.2645,0.337769,-0.403687,0.075134,0.846924,7.997,145.0,-1
1785815677.399,11773,2630545,0,0.00000000,0.00000000,0.00,0,0,-40.37,0.053,-0.7840,0.6860,1.0780,1.4991,0.337708,-0.403748,0.075073,0.846924,7.999,140.0,-1
1785815678.678,11778,2631654,0,0.00000000,0.00000000,0.00,0,0,-40.45,0.013,-0.4410,0.5880,1.1760,1.3868,0.337830,-0.403320,0.075378,0.847046,7.997,146.2,-1
1785815678.678,11779,2631875,0,0.00000000,0.00000000,0.00,0,0,-40.49,0.003,-0.2940,0.4410,1.0780,1.2012,0.337891,-0.403381,0.075317,0.847046,7.997,148.8,-1
1785815679.969,11784,2632971,0,0.00000000,0.00000000,0.00,0,0,-40.52,-0.006,-0.7350,0.4900,1.4210,1.6732,0.338135,-0.403442,0.075256,0.846924,7.997,148.8,-1
1785815679.969,11785,2633191,0,0.00000000,0.00000000,0.00,0,0,-40.41,0.069,-0.6370,0.4900,1.1760,1.4244,0.338135,-0.403503,0.075195,0.846924,7.996,145.0,-1
1785815681.266,11790,2634312,0,0.00000000,0.00000000,0.00,0,0,-40.51,0.036,-0.4900,0.3430,1.2250,1.3632,0.338074,-0.403503,0.075195,0.846863,7.997,146.2,-1
1785815682.547,11791,2634542,0,0.00000000,0.00000000,0.00,0,0,-40.54,0.008,-0.8330,0.4410,0.8330,1.2579,0.338135,-0.403503,0.075134,0.846863,7.996,145.0,-1
1785815682.547,11795,2635433,0,0.00000000,0.00000000,0.00,0,0,-40.51,0.011,-0.3920,0.1960,1.2250,1.3010,0.338135,-0.403503,0.075134,0.846863,7.997,142.5,-1
1785815682.547,11796,2635654,0,0.00000000,0.00000000,0.00,0,0,-40.56,-0.010,-0.6860,0.4900,0.7350,1.1184,0.338135,-0.403503,0.075134,0.846863,7.997,146.2,-1
1785815683.843,11801,2636757,0,0.00000000,0.00000000,0.00,0,0,-40.70,-0.082,-0.6860,0.7840,0.9310,1.3971,0.338135,-0.403442,0.075134,0.846924,7.997,140.0,-1
1785815683.843,11802,2636980,0,0.00000000,0.00000000,0.00,0,0,-40.52,0.055,-0.5880,0.6370,1.3230,1.5817,0.338135,-0.403503,0.075134,0.846863,7.999,141.2,-1
1785815685.120,11807,2638112,0,0.00000000,0.00000000,0.00,0,0,-40.68,-0.031,-0.5390,0.3430,1.2740,1.4252,0.338074,-0.403625,0.075195,0.846863,7.995,142.5,-1
1785815685.120,11808,2638336,0,0.00000000,0.00000000,0.00,0,0,-40.61,0.004,-0.6860,0.2940,1.0780,1.3112,0.338074,-0.403564,0.075195,0.846863,7.995,152.5,-1
1785815686.414,11813,2639442,0,0.00000000,0.00000000,0.00,0,0,-40.53,0.038,-0.4410,0.3430,0.9800,1.1281,0.338074,-0.403564,0.075195,0.846863,7.995,147.5,-1
1785815687.695,11814,2639666,0,0.00000000,0.00000000,0.00,0,0,-40.46,0.079,-0.9800,0.3920,1.2250,1.6170,0.338074,-0.403564,0.075195,0.846863,7.997,148.8,-1
1785815687.696,11819,2640776,0,0.00000000,0.00000000,0.00,0,0,-40.62,-0.034,-0.6860,0.3430,1.2250,1.4453,0.338074,-0.403503,0.075195,0.846924,7.996,137.5,-1
1785815688.987,11820,2640997,0,0.00000000,0.00000000,0.00,0,0,-40.55,-0.006,-0.5880,0.7350,1.2250,1.5449,0.338135,-0.403381,0.075256,0.846924,7.996,143.8,-1
1785815688.987,11824,2641878,0,0.00000000,0.00000000,0.00,0,0,-40.48,0.013,-0.4900,0.4900,1.0290,1.2406,0.338196,-0.403381,0.075317,0.846924,7.996,143.8,-1
1785815688.987,11825,2642092,0,0.00000000,0.00000000,0.00,0,0,-40.65,-0.077,-0.4900,0.4900,1.1760,1.3650,0.338196,-0.403381,0.075256,0.846924,7.997,146.2,-1
1785815690.278,11830,2643203,0,0.00000000,0.00000000,0.00,0,0,-40.59,-0.063,-0.3920,0.2940,0.9310,1.0521,0.338135,-0.403320,0.075439,0.846924,7.997,143.8,-1
1785815690.278,11831,2643427,0,0.00000000,0.00000000,0.00,0,0,-40.56,-0.044,-0.6860,0.4410,1.0780,1.3517,0.338196,-0.403320,0.075317,0.846924,7.997,143.8,-1
1785815691.560,11836,2644544,0,0.00000000,0.00000000,0.00,0,0,-40.51,0.019,-0.5880,0.4900,1.1760,1.4031,0.338257,-0.403259,0.075134,0.846924,7.997,140.0,-1
1785815691.560,11837,2644764,0,0.00000000,0.00000000,0.00,0,0,-40.52,-0.004,-0.5880,0.0980,1.0780,1.2318,0.338257,-0.403198,0.075317,0.846924,7.997,142.5,-1
1785815692.857,11842,2645864,0,0.00000000,0.00000000,0.00,0,0,-40.61,-0.075,-0.7350,0.6860,1.2740,1.6229,0.338196,-0.403503,0.075500,0.846863,7.995,138.8,-1
1785815694.133,11843,2646107,0,0.00000000,0.00000000,0.00,0,0,-40.53,-0.018,-0.4410,0.3430,1.0290,1.1709,0.338135,-0.403564,0.075500,0.846802,7.996,140.0,-1
1785815694.133,11847,2647008,0,0.00000000,0.00000000,0.00,0,0,-40.52,-0.021,-0.6370,0.6370,1.2250,1.5206,0.338135,-0.403625,0.075500,0.846802,7.996,137.5,-1
1785815694.133,11848,2647226,0,0.00000000,0.00000000,0.00,0,0,-40.54,-0.019,-0.4410,0.4410,1.2250,1.3746,0.338135,-0.403625,0.075562,0.846802,7.995,145.0,-1
1785815695.427,11853,2648341,0,0.00000000,0.00000000,0.00,0,0,-40.51,-0.019,-0.7840,1.1270,0.8330,1.6058,0.338074,-0.403625,0.075623,0.846802,7.995,150.0,-1
1785815695.427,11854,2648563,0,0.00000000,0.00000000,0.00,0,0,-40.38,0.082,-0.4410,0.2940,0.8820,1.0290,0.338074,-0.403625,0.075623,0.846802,7.997,145.0,-1
1785815696.719,11859,2649675,0,0.00000000,0.00000000,0.00,0,0,-40.50,0.009,-0.4900,0.3430,1.2740,1.4074,0.338074,-0.403687,0.075623,0.846741,7.999,145.0,-1
1785815696.719,11860,2649903,0,0.00000000,0.00000000,0.00,0,0,-40.45,0.019,-0.2940,0.3430,0.9800,1.0791,0.338074,-0.403687,0.075623,0.846741,7.997,150.0,-1
1785815698.000,11865,2651005,0,0.00000000,0.00000000,0.00,0,0,-40.49,0.010,-0.5880,0.2940,0.8820,1.1000,0.338074,-0.403687,0.075623,0.846802,7.997,143.8,-1
1785815698.000,11866,2651224,0,0.00000000,0.00000000,0.00,0,0,-40.41,0.068,-0.4900,0.2940,1.3720,1.4862,0.338074,-0.403625,0.075623,0.846802,7.999,146.2,-1
1785815699.295,11871,2652327,0,0.00000000,0.00000000,0.00,0,0,-40.57,-0.055,-0.6370,0.4900,0.7840,1.1227,0.338074,-0.403625,0.075623,0.846802,7.996,148.8,-1
1785815700.584,11872,2652549,0,0.00000000,0.00000000,0.00,0,0,-40.55,-0.022,-0.7350,0.2450,1.0290,1.2881,0.338074,-0.403625,0.075562,0.846802,7.997,143.8,-1
1785815700.584,11877,2653650,0,0.00000000,0.00000000,0.00,0,0,-40.73,-0.117,-0.6860,0.5390,1.4210,1.6674,0.338135,-0.403870,0.075500,0.846680,7.997,148.8,-1
1785815701.863,11878,2653874,0,0.00000000,0.00000000,0.00,0,0,-40.63,-0.035,-0.7350,0.2450,1.2740,1.4911,0.338135,-0.403809,0.075500,0.846680,7.997,145.0,-1
1785815701.863,11882,2654753,0,0.00000000,0.00000000,0.00,0,0,-40.69,-0.065,-0.5880,0.5880,1.2740,1.5214,0.338074,-0.403748,0.075623,0.846741,7.997,143.8,-1
1785815701.868,11883,2654975,0,0.00000000,0.00000000,0.00,0,0,-40.62,-0.025,-0.6370,0.2940,1.2250,1.4117,0.338074,-0.403687,0.075623,0.846741,7.999,143.8,-1
1785815703.148,11888,2656111,0,0.00000000,0.00000000,0.00,0,0,-40.66,0.016,-0.6860,0.3920,1.1760,1.4168,0.337219,-0.403625,0.082031,0.846558,7.996,143.8,-1
1785815703.148,11889,2656337,0,0.00000000,0.00000000,0.00,0,0,-40.61,-0.019,-0.6370,0.6860,1.1270,1.4651,0.351074,-0.402222,0.049744,0.844116,7.999,148.8,-1
1785815704.444,11894,2657435,0,0.00000000,0.00000000,0.00,0,0,-40.65,-0.017,-0.6860,0.5880,1.4700,1.7255,0.351501,-0.401978,0.048584,0.844055,7.996,145.0,-1
1785815704.444,11895,2657661,0,0.00000000,0.00000000,0.00,0,0,-40.64,0.000,-0.3430,0.2450,1.1270,1.2032,0.353271,-0.401978,0.044128,0.843567,7.997,146.2,-1
1785815705.738,11900,2658761,0,0.00000000,0.00000000,0.00,0,0,-40.69,-0.033,-0.5390,0.6860,1.2740,1.5441,0.344849,-0.401672,0.071899,0.845337,7.995,151.2,-1
1785815707.017,11901,2658981,0,0.00000000,0.00000000,0.00,0,0,-40.50,0.079,-0.5880,0.2450,1.0290,1.2102,0.344727,-0.401733,0.072388,0.845337,7.996,151.2,-1
1785815707.017,11906,2660112,0,0.00000000,0.00000000,0.00,0,0,-40.64,-0.026,-0.6860,0.2450,0.7840,1.0702,0.344299,-0.401855,0.073608,0.845337,7.995,147.5,-1
1785815708.311,11907,2660337,0,0.00000000,0.00000000,0.00,0,0,-40.70,-0.074,-0.5880,0.3430,1.0290,1.2338,0.344238,-0.401794,0.073853,0.845337,7.995,146.2,-1
1785815708.311,11911,2661218,0,0.00000000,0.00000000,0.00,0,0,-40.54,0.042,-0.3430,0.3920,1.0780,1.1972,0.343323,-0.401611,0.076477,0.845581,7.997,142.5,-1
1785815708.311,11912,2661444,0,0.00000000,0.00000000,0.00,0,0,-40.55,0.036,-0.8330,0.4900,1.0290,1.4117,0.343994,-0.401550,0.074768,0.845459,7.996,145.0,-1
1785815709.590,11917,2662552,0,0.00000000,0.00000000,0.00,0,0,-40.49,0.030,-0.0980,-0.1470,1.3230,1.3347,0.342773,-0.401794,0.077820,0.845581,7.996,150.0,-1
1785815709.590,11918,2662776,0,0.00000000,0.00000000,0.00,0,0,-40.59,-0.037,-0.5390,0.5390,1.0290,1.2806,0.343079,-0.401733,0.077332,0.845520,7.995,146.2,-1
1785815710.883,11923,2663886,0,0.00000000,0.00000000,0.00,0,0,-40.36,0.105,-0.5390,0.5390,1.3230,1.5269,0.342590,-0.401855,0.078613,0.845520,7.997,137.5,-1
1785815710.883,11924,2664105,0,0.00000000,0.00000000,0.00,0,0,-40.47,0.008,-0.5390,0.5390,1.3230,1.5269,0.344666,-0.401611,0.073486,0.845276,7.997,140.0,-1
1785815712.171,11929,2665206,0,0.00000000,0.00000000,0.00,0,0,-40.51,0.028,-0.5880,0.4410,0.9800,1.2250,0.341980,-0.401855,0.080688,0.845642,7.995,138.8,-1
1785815713.456,11930,2665428,0,0.00000000,0.00000000,0.00,0,0,-40.78,-0.140,-0.7840,0.7350,1.4700,1.8209,0.341919,-0.401794,0.080750,0.845642,7.997,145.0,-1
1785815713.456,11934,2666319,0,0.00000000,0.00000000,0.00,0,0,-40.63,-0.026,-0.6370,0.2450,0.9800,1.1942,0.341064,-0.402100,0.082458,0.845703,7.999,126.2,-1
1785815713.459,11935,2666542,0,0.00000000,0.00000000,0.00,0,0,-40.60,0.003,-0.4900,1.3230,0.5880,1.5285,0.339844,-0.402344,0.085327,0.845825,7.997,147.5,-1
1785815714.747,11940,2667652,0,0.00000000,0.00000000,0.00,0,0,-40.59,0.021,-0.7350,0.7350,0.8330,1.3320,0.339294,-0.402344,0.086121,0.845947,7.995,142.5,-1
1785815714.747,11941,2667882,0,0.00000000,0.00000000,0.00,0,0,-40.57,0.030,-0.6370,0.4410,1.1760,1.4083,0.338684,-0.402466,0.087585,0.845947,7.996,148.8,-1
1785815716.037,11946,2668986,0,0.00000000,0.00000000,0.00,0,0,-40.52,0.041,-0.9800,0.4900,1.2250,1.6435,0.338623,-0.402344,0.088379,0.845947,7.996,143.8,-1
1785815716.042,11947,2669201,0,0.00000000,0.00000000,0.00,0,0,-40.60,0.010,-0.4900,0.3920,0.9310,1.1227,0.338135,-0.402466,0.089600,0.845947,7.995,151.2,-1
1785815717.331,11952,2670306,0,0.00000000,0.00000000,0.00,0,0,-40.59,0.027,-0.5390,0.2940,0.9800,1.1564,0.335815,-0.402405,0.095642,0.846252,7.995,145.0,-1
1785815717.331,11953,2670529,0,0.00000000,0.00000000,0.00,0,0,-40.58,0.017,-0.1960,-0.0490,1.2740,1.2899,0.339600,-0.401917,0.086487,0.845947,7.997,145.0,-1
1785815718.608,11958,2671631,0,0.00000000,0.00000000,0.00,0,0,-40.65,-0.044,-0.1960,0.5880,0.9310,1.1184,0.340149,-0.402039,0.085083,0.845825,8.000,143.8,-1
1785815719.901,11959,2671854,0,0.00000000,0.00000000,0.00,0,0,-40.65,-0.054,-0.3430,0.2940,1.1270,1.2142,0.341736,-0.401917,0.081299,0.845642,7.997,143.8,-1
1785815719.902,11963,2672762,0,0.00000000,0.00000000,0.00,0,0,-40.71,-0.005,-0.5880,0.4410,1.0290,1.2645,0.342102,-0.401672,0.080261,0.845703,8.007,83.8,-1
1785815719.902,11964,2672982,0,0.00000000,0.00000000,0.00,0,0,-40.85,-0.077,-0.3920,0.2450,0.8820,0.9958,0.342102,-0.401611,0.080139,0.845703,8.000,143.8,-1
1785815721.193,11969,2674112,0,0.00000000,0.00000000,0.00,0,0,-40.73,0.021,-0.3920,0.1960,1.0780,1.1637,0.341553,-0.401794,0.081604,0.845703,7.996,145.0,-1
1785815721.198,11970,2674337,0,0.00000000,0.00000000,0.00,0,0,-40.53,0.138,-0.5390,0.2450,1.1760,1.3166,0.341248,-0.401611,0.082642,0.845825,7.996,143.8,-1
1785815722.477,11975,2675448,0,0.00000000,0.00000000,0.00,0,0,-40.72,-0.002,-0.6860,0.3430,0.9310,1.2062,0.341736,-0.401611,0.081238,0.845764,7.997,142.5,-1
1785815722.480,11976,2675669,0,0.00000000,0.00000000,0.00,0,0,-40.74,-0.013,-0.5390,0.3920,0.8330,1.0668,0.341370,-0.401611,0.082275,0.845825,7.996,142.5,-1
1785815723.756,11981,2676772,0,0.00000000,0.00000000,0.00,0,0,-40.54,0.058,-0.2940,0.2940,1.5190,1.5749,0.336548,-0.402161,0.094238,0.846252,7.997,142.5,-1
1785815723.756,11982,2676995,0,0.00000000,0.00000000,0.00,0,0,-40.52,0.044,-0.7350,0.6370,0.7840,1.2493,0.333618,-0.402527,0.101135,0.846436,7.997,140.0,-1
1785815725.050,11987,2678088,0,0.00000000,0.00000000,0.00,0,0,-40.45,0.099,-0.7840,0.4410,1.2740,1.5596,0.333008,-0.402832,0.102844,0.846313,7.996,146.2,-1
1785815726.342,11988,2678308,0,0.00000000,0.00000000,0.00,0,0,-40.61,-0.019,-0.4900,0.3920,1.4700,1.5983,0.331482,-0.403198,0.106140,0.846313,7.996,143.8,-1
1785815726.342,11993,2679417,0,0.00000000,0.00000000,0.00,0,0,-40.60,0.025,-0.6370,0.5390,1.0780,1.3632,0.340698,-0.402466,0.083740,0.845520,7.996,145.0,-1
1785815727.619,11994,2679641,0,0.00000000,0.00000000,0.00,0,0,-40.68,-0.008,-0.7350,0.4410,1.0290,1.3392,0.340637,-0.402466,0.083801,0.845581,7.997,141.2,-1
1785815727.619,11998,2680550,0,0.00000000,0.00000000,0.00,0,0,-40.69,-0.010,-0.6370,0.2940,0.7350,1.0161,0.341187,-0.402100,0.082642,0.845642,7.996,146.2,-1
1785815727.619,11999,2680768,0,0.00000000,0.00000000,0.00,0,0,-40.66,-0.006,-0.8330,0.4900,1.1270,1.4846,0.341187,-0.402039,0.082581,0.845642,7.996,150.0,-1
1785815728.910,12004,2681873,0,0.00000000,0.00000000,0.00,0,0,-40.77,-0.036,-0.5880,0.5880,1.1270,1.4006,0.341370,-0.401917,0.082214,0.845703,7.997,143.8,-1
1785815728.910,12005,2682088,0,0.00000000,0.00000000,0.00,0,0,-40.79,-0.051,-0.7350,0.6370,1.1270,1.4887,0.341370,-0.401917,0.082153,0.845703,7.996,141.2,-1
1785815730.197,12010,2683201,0,0.00000000,0.00000000,0.00,0,0,-40.80,-0.033,-0.5390,0.5390,1.4210,1.6125,0.341431,-0.401978,0.081970,0.845642,7.996,143.8,-1
1785815730.197,12011,2683421,0,0.00000000,0.00000000,0.00,0,0,-40.78,-0.010,-0.7350,0.5880,1.0780,1.4311,0.341492,-0.401917,0.081909,0.845642,7.995,143.8,-1
1785815731.494,12016,2684526,0,0.00000000,0.00000000,0.00,0,0,-40.85,-0.058,-0.5880,0.3430,1.1270,1.3166,0.341736,-0.401917,0.081787,0.845581,7.996,145.0,-1
1785815732.772,12017,2684749,0,0.00000000,0.00000000,0.00,0,0,-40.75,0.018,-0.9800,0.8820,1.3230,1.8678,0.341736,-0.401917,0.081726,0.845581,7.997,142.5,-1
1785815732.772,12021,2685639,0,0.00000000,0.00000000,0.00,0,0,-40.77,-0.021,-0.4410,0.2450,1.3230,1.4159,0.341736,-0.401917,0.081787,0.845581,8.006,126.2,-1
1785815732.772,12022,2685858,0,0.00000000,0.00000000,0.00,0,0,-40.71,0.019,-0.8330,0.6860,0.8820,1.3937,0.341797,-0.401855,0.081848,0.845581,7.995,152.5,-1
1785815734.067,12027,2687004,0,0.00000000,0.00000000,0.00,0,0,-40.63,0.070,-0.6860,0.3430,0.8820,1.1688,0.341858,-0.401978,0.081787,0.845459,7.995,146.2,-1
1785815734.067,12028,2687216,0,0.00000000,0.00000000,0.00,0,0,-40.62,0.082,-0.5880,0.4410,1.2250,1.4286,0.341858,-0.402039,0.081848,0.845459,7.996,146.2,-1
1785815735.362,12033,2688333,0,0.00000000,0.00000000,0.00,0,0,-40.63,0.009,-0.4900,0.4410,0.8330,1.0623,0.341797,-0.401794,0.081909,0.845581,7.996,147.5,-1
1785815735.362,12034,2688557,0,0.00000000,0.00000000,0.00,0,0,-40.65,0.005,-0.5880,0.7350,1.3230,1.6237,0.341858,-0.401794,0.081848,0.845581,7.995,150.0,-1
1785815736.641,12039,2689659,0,0.00000000,0.00000000,0.00,0,0,-40.61,0.021,-0.6370,0.3920,1.3230,1.5198,0.341858,-0.401917,0.081787,0.845520,7.997,145.0,-1
1785815737.935,12040,2689880,0,0.00000000,0.00000000,0.00,0,0,-40.62,-0.000,-0.6860,0.2940,1.0780,1.3112,0.341858,-0.401917,0.081787,0.845520,7.997,146.2,-1
1785815737.935,12045,2690984,0,0.00000000,0.00000000,0.00,0,0,-40.54,0.025,-0.4900,0.4410,0.9800,1.1811,0.341858,-0.401978,0.081787,0.845520,7.999,143.8,-1
1785815739.216,12046,2691202,0,0.00000000,0.00000000,0.00,0,0,-40.51,0.052,-0.3920,0.4410,1.1760,1.3157,0.341858,-0.401978,0.081787,0.845459,7.997,142.5,-1
1785815739.216,12050,2692090,0,0.00000000,0.00000000,0.00,0,0,-40.57,-0.028,-0.5390,0.4410,1.1270,1.3248,0.341858,-0.402039,0.081787,0.845459,7.996,148.8,-1
1785815739.216,12051,2692315,0,0.00000000,0.00000000,0.00,0,0,-40.71,-0.111,-0.5880,0.2450,1.1760,1.3374,0.341858,-0.401978,0.081787,0.845459,7.996,148.8,-1
1785815740.506,12056,2693432,0,0.00000000,0.00000000,0.00,0,0,-40.57,-0.044,-0.3920,0.0980,1.0780,1.1512,0.341858,-0.401978,0.081787,0.845520,7.997,145.0,-1
1785815740.506,12057,2693658,0,0.00000000,0.00000000,0.00,0,0,-40.63,-0.080,-0.5880,0.3920,0.9800,1.2082,0.341858,-0.401917,0.081787,0.845520,7.995,145.0,-1
1785815741.802,12062,2694769,0,0.00000000,0.00000000,0.00,0,0,-40.55,-0.024,-0.7840,0.3920,1.3230,1.5870,0.341919,-0.401794,0.081726,0.845581,7.997,145.0,-1
1785815741.802,12063,2694988,0,0.00000000,0.00000000,0.00,0,0,-40.58,-0.049,-0.7350,0.2940,1.2740,1.4999,0.341919,-0.401794,0.081726,0.845581,8.000,141.2,-1
1785815743.082,12068,2696096,0,0.00000000,0.00000000,0.00,0,0,-40.54,0.016,-0.6370,0.4900,1.0290,1.3056,0.341858,-0.401917,0.081787,0.845520,7.997,138.8,-1
1785815744.364,12069,2696322,0,0.00000000,0.00000000,0.00,0,0,-40.54,0.008,-0.5880,0.1470,0.8820,1.0702,0.341858,-0.401917,0.081787,0.845520,7.997,146.2,-1
1785815744.364,12074,2697434,0,0.00000000,0.00000000,0.00,0,0,-40.52,-0.004,-0.6370,0.2450,0.9800,1.1942,0.341858,-0.401733,0.081787,0.845581,7.996,141.2,-1
1785815745.661,12075,2697655,0,0.00000000,0.00000000,0.00,0,0,-40.55,-0.015,-0.4410,0.0490,1.0290,1.1206,0.341858,-0.401794,0.081787,0.845581,7.996,143.8,-1
1785815745.661,12079,2698539,0,0.00000000,0.00000000,0.00,0,0,-40.51,0.007,-0.3430,0.0980,1.2740,1.3230,0.341858,-0.401855,0.081726,0.845520,7.996,138.8,-1
1785815745.662,12080,2698757,0,0.00000000,0.00000000,0.00,0,0,-40.59,-0.043,-0.9800,0.5880,1.1760,1.6399,0.341858,-0.401855,0.081726,0.845520,7.996,141.2,-1
1785815746.954,12085,2699858,0,0.00000000,0.00000000,0.00,0,0,-40.54,0.016,-0.4410,0.3920,1.0290,1.1862,0.341919,-0.401855,0.081726,0.845520,7.999,140.0,-1
1785815746.954,12086,2700103,0,0.00000000,0.00000000,0.00,0,0,-40.43,0.069,-0.8820,0.5880,1.1270,1.5472,0.341919,-0.401794,0.081665,0.845581,7.996,137.5,-1
1785815748.234,12091,2701214,0,0.00000000,0.00000000,0.00,0,0,-40.43,0.069,-1.0780,1.0780,1.3230,2.0185,0.341919,-0.401733,0.081604,0.845581,7.997,145.0,-1
1785815748.234,12092,2701437,0,0.00000000,0.00000000,0.00,0,0,-40.59,-0.030,-0.6860,0.4900,1.0290,1.3302,0.341919,-0.401672,0.081604,0.845581,7.997,145.0,-1
1785815749.526,12097,2702545,0,0.00000000,0.00000000,0.00,0,0,-40.48,0.045,-0.5880,0.2940,1.1760,1.3473,0.341919,-0.401855,0.081665,0.845520,7.996,145.0,-1
1785815750.805,12098,2702765,0,0.00000000,0.00000000,0.00,0,0,-40.43,0.082,-0.2940,0.1470,0.8820,0.9413,0.341919,-0.401917,0.081665,0.845520,7.995,150.0,-1
1785815750.805,12103,2703880,0,0.00000000,0.00000000,0.00,0,0,-40.46,0.051,-0.6370,0.5390,1.3230,1.5642,0.341919,-0.401733,0.081665,0.845581,7.996,140.0,-1
1785815752.101,12104,2704097,0,0.00000000,0.00000000,0.00,0,0,-40.40,0.083,-0.5880,0.5880,1.2250,1.4806,0.341919,-0.401672,0.081604,0.845642,7.995,148.8,-1
1785815752.101,12108,2704984,0,0.00000000,0.00000000,0.00,0,0,-40.43,0.026,-0.5390,0.3430,1.7150,1.8301,0.341919,-0.401672,0.081604,0.845642,7.995,146.2,-1
1785815752.104,12109,2705203,0,0.00000000,0.00000000,0.00,0,0,-40.53,-0.004,-0.5880,0.4900,1.2740,1.4862,0.341919,-0.401672,0.081665,0.845642,7.995,143.8,-1
1785815753.384,12114,2706312,0,0.00000000,0.00000000,0.00,0,0,-40.56,-0.036,-0.5880,0.2450,0.7350,0.9726,0.341919,-0.401733,0.081665,0.845581,7.996,140.0,-1
1785815753.384,12115,2706535,0,0.00000000,0.00000000,0.00,0,0,-40.63,-0.079,-0.7840,0.6370,1.2250,1.5878,0.341919,-0.401794,0.081665,0.845581,7.997,145.0,-1
1785815754.675,12120,2707635,0,0.00000000,0.00000000,0.00,0,0,-40.69,-0.112,-0.4410,0.5880,1.1270,1.3455,0.341919,-0.401733,0.081665,0.845581,7.995,146.2,-1
1785815754.675,12121,2707858,0,0.00000000,0.00000000,0.00,0,0,-40.62,-0.082,-0.6370,0.5390,1.0290,1.3248,0.341919,-0.401672,0.081665,0.845581,7.995,142.5,-1
1785815755.966,12126,2709001,0,0.00000000,0.00000000,0.00,0,0,-40.60,-0.091,-0.2940,0.3920,1.3230,1.4108,0.341919,-0.401794,0.081665,0.845581,7.996,142.5,-1
1785815757.245,12127,2709218,0,0.00000000,0.00000000,0.00,0,0,-40.55,-0.036,-0.2940,0.2450,0.7840,0.8724,0.341919,-0.401794,0.081665,0.845581,7.997,138.8,-1
1785815757.245,12132,2710320,0,0.00000000,0.00000000,0.00,0,0,-40.59,-0.028,-0.4900,0.2450,0.9310,1.0802,0.341919,-0.401733,0.081665,0.845581,7.996,146.2,-1
1785815758.540,12133,2710544,0,0.00000000,0.00000000,0.00,0,0,-40.59,-0.026,-0.7350,0.3920,0.8820,1.2132,0.341919,-0.401733,0.081665,0.845581,7.996,135.0,-1
1785815758.540,12137,2711425,0,0.00000000,0.00000000,0.00,0,0,-40.51,-0.008,-0.6370,0.4900,1.1270,1.3842,0.341919,-0.401855,0.081726,0.845581,7.999,138.8,-1
1785815758.544,12138,2711647,0,0.00000000,0.00000000,0.00,0,0,-40.64,-0.102,-0.7840,0.5880,1.6170,1.8908,0.341919,-0.401794,0.081665,0.845581,8.000,138.8,-1
1785815759.830,12143,2712756,0,0.00000000,0.00000000,0.00,0,0,-40.62,-0.058,-0.5880,0.3920,0.9310,1.1688,0.341919,-0.401855,0.081665,0.845520,7.996,147.5,-1
1785815759.830,12144,2712978,0,0.00000000,0.00000000,0.00,0,0,-40.56,-0.025,-0.6860,0.3430,1.0290,1.2834,0.341919,-0.401794,0.081665,0.845581,7.999,142.5,-1
1785815762.290,12177,2720333,0,0.00000000,0.00000000,0.00,0,0,-40.56,-0.011,-0.4410,0.3430,1.1760,1.3020,0.341919,-0.401611,0.081604,0.845642,7.997,146.2,-1
1785815762.290,12178,2720555,0,0.00000000,0.00000000,0.00,0,0,-40.59,-0.027,-0.4900,0.2450,1.3720,1.4773,0.341980,-0.401550,0.081543,0.845642,7.997,150.0,-1
1785815763.660,12179,2720773,0,0.00000000,0.00000000,0.00,0,0,-40.54,0.002,-0.3920,0.3920,1.0290,1.1688,0.341980,-0.401672,0.081543,0.845642,7.995,147.5,-1
1785815763.660,12180,2720994,0,0.00000000,0.00000000,0.00,0,0,-40.61,-0.033,-0.4410,0.2940,0.9800,1.1141,0.341980,-0.401672,0.081543,0.845642,7.995,148.8,-1
1785815764.952,12181,2721209,0,0.00000000,0.00000000,0.00,0,0,-40.62,-0.030,-0.4410,0.3430,1.0290,1.1709,0.341980,-0.401672,0.081543,0.845581,7.995,146.2,-1
1785815764.952,12182,2721437,0,0.00000000,0.00000000,0.00,0,0,-40.65,-0.059,-0.8330,-0.0490,1.9110,2.0852,0.341980,-0.401672,0.081543,0.845581,7.996,146.2,-1
1785815764.952,12183,2721655,0,0.00000000,0.00000000,0.00,0,0,-40.63,-0.056,-0.4410,0.4410,1.3230,1.4626,0.341980,-0.401672,0.081482,0.845642,7.996,145.0,-1
1785815766.244,12184,2721876,0,0.00000000,0.00000000,0.00,0,0,-40.59,-0.017,-0.1960,0.4410,1.4700,1.5472,0.342041,-0.401733,0.081421,0.845581,7.996,146.2,-1
1785815766.244,12185,2722093,0,0.00000000,0.00000000,0.00,0,0,-40.54,0.009,-0.6860,0.7840,1.2250,1.6081,0.342041,-0.401672,0.081421,0.845581,7.996,150.0,-1
1785815766.244,12186,2722319,0,0.00000000,0.00000000,0.00,0,0,-40.63,-0.048,-0.6370,0.4410,1.1760,1.4083,0.341980,-0.401672,0.081482,0.845581,7.997,142.5,-1
1785815767.526,12187,2722536,0,0.00000000,0.00000000,0.00,0,0,-40.60,-0.024,-0.8330,0.7350,1.3230,1.7276,0.341980,-0.401733,0.081543,0.845581,7.996,148.8,-1
1785815767.526,12188,2722759,0,0.00000000,0.00000000,0.00,0,0,-40.59,-0.028,-0.6860,0.7840,1.2250,1.6081,0.341980,-0.401733,0.081604,0.845581,7.995,148.8,-1
1785815767.526,12189,2722977,0,0.00000000,0.00000000,0.00,0,0,-40.63,-0.046,-0.3920,0.2940,0.8330,0.9664,0.341919,-0.401733,0.081604,0.845581,7.995,146.2,-1
1785815768.821,12190,2723188,0,0.00000000,0.00000000,0.00,0,0,-40.64,-0.043,-0.7350,0.4900,0.7840,1.1811,0.341919,-0.401733,0.081665,0.845581,7.999,145.0,-1
1785815768.821,12191,2723408,0,0.00000000,0.00000000,0.00,0,0,-40.59,-0.014,-0.4410,0.6860,0.8820,1.2012,0.341919,-0.401794,0.081665,0.845581,7.997,146.2,-1
1785815768.821,12192,2723631,0,0.00000000,0.00000000,0.00,0,0,-40.59,-0.014,-0.5390,0.5390,1.0780,1.3203,0.341919,-0.401794,0.081665,0.845581,7.996,145.0,-1
1785815770.101,12193,2723848,0,0.00000000,0.00000000,0.00,0,0,-40.65,-0.047,-0.2940,0.5880,1.1760,1.3473,0.341919,-0.401794,0.081665,0.845581,7.999,146.2,-1
1785815770.101,12194,2724095,0,0.00000000,0.00000000,0.00,0,0,-40.62,-0.027,-0.5390,0.3430,0.8820,1.0891,0.341980,-0.401855,0.081543,0.845520,7.995,145.0,-1
1785815770.101,12195,2724323,0,0.00000000,0.00000000,0.00,0,0,-40.68,-0.061,-0.4900,0.4410,0.7350,0.9873,0.341980,-0.401855,0.081543,0.845520,7.997,145.0,-1
1785815771.391,12196,2724541,0,0.00000000,0.00000000,0.00,0,0,-40.63,-0.014,-0.6370,0.3430,1.3720,1.5511,0.341919,-0.401794,0.081665,0.845581,7.995,150.0,-1
1785815771.391,12197,2724764,0,0.00000000,0.00000000,0.00,0,0,-40.63,-0.015,-0.3430,0.0980,1.0290,1.0891,0.341919,-0.401794,0.081665,0.845581,7.995,143.8,-1
1785815771.391,12198,2724986,0,0.00000000,0.00000000,0.00,0,0,-40.65,-0.019,-0.9310,0.3920,0.8820,1.3410,0.341919,-0.401733,0.081665,0.845581,7.997,145.0,-1
1785815772.671,12199,2725205,0,0.00000000,0.00000000,0.00,0,0,-40.69,-0.014,-0.5390,0.3920,1.2740,1.4378,0.341919,-0.401733,0.081665,0.845581,7.996,145.0,-1
1785815772.671,12201,2725641,0,0.00000000,0.00000000,0.00,0,0,-40.69,-0.031,-0.4900,0.0980,0.9800,1.1000,0.341919,-0.401794,0.081726,0.845581,7.996,146.2,-1
1785815772.671,12202,2725866,0,0.00000000,0.00000000,0.00,0,0,-40.62,0.017,-0.5880,0.4900,0.8820,1.1678,0.341919,-0.401855,0.081726,0.845520,7.997,143.8,-1
1785815773.964,12207,2726995,0,0.00000000,0.00000000,0.00,0,0,-40.65,-0.030,-0.5390,0.5880,1.1270,1.3807,0.341980,-0.401855,0.081604,0.845520,7.997,145.0,-1
1785815775.256,12208,2727212,0,0.00000000,0.00000000,0.00,0,0,-40.62,-0.012,-0.1470,0.3920,1.0780,1.1564,0.341980,-0.401794,0.081604,0.845581,7.996,146.2,-1
1785815775.256,12213,2728318,0,0.00000000,0.00000000,0.00,0,0,-40.72,-0.052,-0.6370,0.5880,1.1760,1.4610,0.341980,-0.401855,0.081604,0.845520,7.996,145.0,-1
1785815776.537,12214,2728542,0,0.00000000,0.00000000,0.00,0,0,-40.60,0.043,-0.7840,0.3430,0.6860,1.0968,0.341980,-0.401855,0.081604,0.845520,7.996,141.2,-1
1785815776.537,12218,2729413,0,0.00000000,0.00000000,0.00,0,0,-40.52,0.098,-0.4900,0.6860,1.3230,1.5688,0.341919,-0.401855,0.081604,0.845520,7.994,147.5,-1
1785815776.537,12219,2729640,0,0.00000000,0.00000000,0.00,0,0,-40.52,0.102,-0.3920,0.2940,1.1270,1.2289,0.341980,-0.401794,0.081604,0.845520,7.995,148.8,-1
1785815777.832,12224,2730766,0,0.00000000,0.00000000,0.00,0,0,-40.61,0.036,-0.7350,0.5880,0.9310,1.3239,0.341919,-0.401794,0.081665,0.845581,7.996,142.5,-1
1785815777.832,12225,2730987,0,0.00000000,0.00000000,0.00,0,0,-40.61,0.031,-0.4410,0.1960,0.8330,0.9627,0.341919,-0.401855,0.081665,0.845520,7.997,145.0,-1
1785815779.109,12230,2732110,0,0.00000000,0.00000000,0.00,0,0,-40.69,-0.016,-0.5390,0.4900,0.9800,1.2211,0.341919,-0.401855,0.081726,0.845520,7.996,143.8,-1
1785815779.109,12231,2732337,0,0.00000000,0.00000000,0.00,0,0,-40.54,0.085,-0.6860,0.5880,1.1270,1.4445,0.341919,-0.401855,0.081726,0.845520,7.997,150.0,-1
1785815780.408,12236,2733452,0,0.00000000,0.00000000,0.00,0,0,-40.64,-0.014,-0.2940,0.2940,0.6860,0.8022,0.341919,-0.401794,0.081726,0.845581,7.996,146.2,-1
1785815781.689,12237,2733673,0,0.00000000,0.00000000,0.00,0,0,-40.65,-0.019,-0.5880,0.3430,1.1270,1.3166,0.341919,-0.401794,0.081726,0.845581,7.996,145.0,-1
1785815781.689,12242,2734766,0,0.00000000,0.00000000,0.00,0,0,-40.62,0.036,-0.5880,0.4900,1.1270,1.3623,0.341980,-0.401733,0.081604,0.845581,7.997,143.8,-1
1785815782.988,12243,2734993,0,0.00000000,0.00000000,0.00,0,0,-40.66,0.014,-0.5390,0.4900,1.3720,1.5534,0.341980,-0.401733,0.081604,0.845581,7.999,143.8,-1
1785815782.988,12247,2735876,0,0.00000000,0.00000000,0.00,0,0,-40.64,0.033,-0.6860,0.4900,1.0290,1.3302,0.341919,-0.401733,0.081665,0.845581,7.997,143.8,-1
1785815782.990,12248,2736091,0,0.00000000,0.00000000,0.00,0,0,-40.65,0.038,-0.5880,0.3430,0.9310,1.1533,0.341919,-0.401794,0.081665,0.845581,7.996,143.8,-1
1785815784.262,12253,2737207,0,0.00000000,0.00000000,0.00,0,0,-40.60,0.059,-0.4900,0.4900,1.1270,1.3230,0.341919,-0.401794,0.081665,0.845581,7.996,145.0,-1
1785815784.262,12254,2737431,0,0.00000000,0.00000000,0.00,0,0,-40.61,0.057,-0.2450,0.1960,1.1760,1.2171,0.341919,-0.401855,0.081665,0.845520,7.999,142.5,-1
1785815785.558,12259,2738556,0,0.00000000,0.00000000,0.00,0,0,-40.63,0.063,-0.6860,0.3920,1.4210,1.6259,0.341919,-0.401855,0.081604,0.845520,7.995,147.5,-1
1785815785.558,12260,2738781,0,0.00000000,0.00000000,0.00,0,0,-40.64,0.043,-0.6370,0.5880,0.9800,1.3084,0.341980,-0.401855,0.081543,0.845520,7.995,143.8,-1
1785815786.848,12265,2739884,0,0.00000000,0.00000000,0.00,0,0,-40.72,-0.033,-0.7350,0.5880,1.1760,1.5063,0.342041,-0.401672,0.081421,0.845581,7.997,142.5,-1
1785815788.128,12266,2740097,0,0.00000000,0.00000000,0.00,0,0,-40.63,0.023,-0.6860,0.5390,1.3720,1.6259,0.342041,-0.401672,0.081482,0.845581,7.999,138.8,-1
1785815788.128,12271,2741191,0,0.00000000,0.00000000,0.00,0,0,-40.73,-0.053,-0.3430,0.5390,1.1760,1.3383,0.342041,-0.401794,0.081421,0.845581,7.997,142.5,-1
1785815789.419,12272,2741416,0,0.00000000,0.00000000,0.00,0,0,-40.72,-0.040,-1.0290,0.1470,1.2740,1.6442,0.341980,-0.401733,0.081482,0.845581,7.996,145.0,-1
1785815789.419,12276,2742330,0,0.00000000,0.00000000,0.00,0,0,-40.68,-0.002,-0.2940,0.2450,0.9800,1.0521,0.342041,-0.401794,0.081482,0.845581,7.997,138.8,-1
1785815789.419,12277,2742549,0,0.00000000,0.00000000,0.00,0,0,-40.74,-0.035,-0.7840,0.3430,1.1760,1.4544,0.341980,-0.401794,0.081482,0.845520,7.996,145.0,-1
1785815790.715,12282,2743656,0,0.00000000,0.00000000,0.00,0,0,-40.69,-0.004,-0.6370,0.5390,1.3230,1.5642,0.341980,-0.401550,0.081543,0.845642,7.996,142.5,-1
1785815790.715,12283,2743882,0,0.00000000,0.00000000,0.00,0,0,-40.69,0.000,-0.4900,0.3920,1.2250,1.3764,0.341980,-0.401611,0.081543,0.845642,7.997,151.2,-1
1785815791.996,12288,2744986,0,0.00000000,0.00000000,0.00,0,0,-40.68,-0.009,-0.4900,0.7350,1.0290,1.3562,0.342041,-0.401672,0.081421,0.845581,7.997,146.2,-1
1785815791.996,12289,2745200,0,0.00000000,0.00000000,0.00,0,0,-40.63,0.013,-0.3430,0.4410,1.0290,1.1709,0.342041,-0.401733,0.081421,0.845581,7.996,146.2,-1
1785815793.278,12294,2746311,0,0.00000000,0.00000000,0.00,0,0,-40.79,-0.053,-0.4410,0.2450,1.6660,1.7407,0.341919,-0.401855,0.081665,0.845520,7.995,146.2,-1
1785815794.570,12295,2746527,0,0.00000000,0.00000000,0.00,0,0,-40.67,0.031,-0.7840,0.5880,0.9800,1.3859,0.341919,-0.401855,0.081665,0.845520,7.996,150.0,-1
1785815794.571,12300,2747634,0,0.00000000,0.00000000,0.00,0,0,-40.71,-0.025,-0.3430,0.1960,1.0290,1.1022,0.341980,-0.401794,0.081543,0.845520,7.996,142.5,-1
1785815795.865,12301,2747861,0,0.00000000,0.00000000,0.00,0,0,-40.70,-0.013,-0.3920,0.2940,0.7350,0.8834,0.341980,-0.401855,0.081421,0.845520,7.997,147.5,-1
1785815795.865,12305,2748772,0,0.00000000,0.00000000,0.00,0,0,-40.71,-0.028,-0.4900,0.3430,1.3230,1.4519,0.341980,-0.401733,0.081604,0.845581,7.995,150.0,-1
1785815795.866,12306,2748994,0,0.00000000,0.00000000,0.00,0,0,-40.73,-0.054,-0.5880,0.3920,0.7840,1.0555,0.341980,-0.401672,0.081665,0.845581,7.996,148.8,-1
1785815797.144,12311,2750088,0,0.00000000,0.00000000,0.00,0,0,-40.79,-0.030,-0.6370,0.5390,1.3230,1.5642,0.342041,-0.401611,0.081421,0.845642,7.999,143.8,-1
1785815797.144,12312,2750310,0,0.00000000,0.00000000,0.00,0,0,-40.76,-0.032,-0.7840,0.3920,1.1760,1.4667,0.342102,-0.401489,0.081360,0.845642,7.997,142.5,-1
1785815798.439,12317,2751415,0,0.00000000,0.00000000,0.00,0,0,-40.62,0.038,-0.6860,0.4900,1.2250,1.4871,0.342041,-0.401611,0.081604,0.845581,7.995,150.0,-1
1785815798.439,12318,2751641,0,0.00000000,0.00000000,0.00,0,0,-40.59,0.048,-0.6860,0.2450,0.9310,1.1821,0.342041,-0.401672,0.081604,0.845581,7.996,147.5,-1
1785815799.729,12323,2752779,0,0.00000000,0.00000000,0.00,0,0,-40.68,-0.024,-0.3920,0.3430,0.8820,1.0243,0.342102,-0.401794,0.081543,0.845520,7.997,153.8,-1
1785815801.009,12324,2753004,0,0.00000000,0.00000000,0.00,0,0,-40.61,0.022,-0.4900,0.4900,1.0780,1.2815,0.342102,-0.401794,0.081543,0.845520,7.997,150.0,-1
1785815801.009,12328,2753886,0,0.00000000,0.00000000,0.00,0,0,-40.78,-0.046,-0.7350,1.1760,0.7840,1.5931,0.342102,-0.401733,0.081482,0.845520,7.997,146.2,-1
1785815801.013,12329,2754102,0,0.00000000,0.00000000,0.00,0,0,-40.68,0.003,-0.4900,0.4900,0.8330,1.0836,0.342102,-0.401672,0.081421,0.845581,7.997,151.2,-1
1785815802.303,12334,2755206,0,0.00000000,0.00000000,0.00,0,0,-40.63,-0.007,-0.5390,0.3920,1.1760,1.3517,0.342163,-0.401672,0.081360,0.845581,7.996,151.2,-1
1785815802.303,12335,2755430,0,0.00000000,0.00000000,0.00,0,0,-40.75,-0.077,-0.5880,0.3920,1.2250,1.4142,0.342163,-0.401733,0.081360,0.845520,7.997,146.2,-1
1785815803.592,12340,2756538,0,0.00000000,0.00000000,0.00,0,0,-40.65,-0.025,-0.5390,0.5880,0.9310,1.2260,0.342102,-0.401672,0.081421,0.845520,7.999,143.8,-1
1785815803.592,12341,2756761,0,0.00000000,0.00000000,0.00,0,0,-40.61,0.005,-0.2940,0.7350,1.0780,1.3374,0.342163,-0.401672,0.081421,0.845581,7.997,145.0,-1
1785815804.875,12346,2757863,0,0.00000000,0.00000000,0.00,0,0,-40.66,0.008,-0.5390,0.4900,1.1760,1.3833,0.342102,-0.401733,0.081543,0.845520,7.996,147.5,-1
1785815804.875,12347,2758105,0,0.00000000,0.00000000,0.00,0,0,-40.72,-0.056,-0.3430,0.3430,0.8820,1.0066,0.342102,-0.401794,0.081543,0.845520,7.999,147.5,-1
1785815806.167,12352,2759214,0,0.00000000,0.00000000,0.00,0,0,-40.77,-0.066,-0.5880,0.4410,0.8820,1.1481,0.342163,-0.401672,0.081421,0.845581,7.997,147.5,-1
1785815807.445,12353,2759439,0,0.00000000,0.00000000,0.00,0,0,-40.63,0.004,-0.4410,0.2450,1.1270,1.2348,0.342163,-0.401611,0.081421,0.845581,7.997,142.5,-1
1785815807.445,12357,2760329,0,0.00000000,0.00000000,0.00,0,0,-40.70,-0.042,-0.6370,0.3920,1.2250,1.4353,0.342102,-0.401672,0.081543,0.845581,7.996,142.5,-1
1785815807.446,12358,2760547,0,0.00000000,0.00000000,0.00,0,0,-40.60,0.005,-0.6370,0.4900,1.1270,1.3842,0.342102,-0.401672,0.081543,0.845581,7.999,143.8,-1
1785815808.747,12363,2761649,0,0.00000000,0.00000000,0.00,0,0,-40.78,-0.113,-0.5880,0.3920,0.7840,1.0555,0.342102,-0.401672,0.081482,0.845581,7.997,141.2,-1
1785815808.747,12364,2761872,0,0.00000000,0.00000000,0.00,0,0,-40.70,-0.040,-0.6370,0.3430,1.0780,1.2983,0.342102,-0.401733,0.081543,0.845581,7.999,138.8,-1
1785815810.034,12369,2762999,0,0.00000000,0.00000000,0.00,0,0,-40.85,-0.093,-0.8330,0.5880,0.8330,1.3166,0.342163,-0.401733,0.081482,0.845520,7.999,142.5,-1
1785815810.034,12370,2763215,0,0.00000000,0.00000000,0.00,0,0,-40.78,-0.062,-0.5880,0.4410,1.0780,1.3047,0.342224,-0.401611,0.081421,0.845520,7.997,141.2,-1
1785815811.313,12375,2764316,0,0.00000000,0.00000000,0.00,0,0,-40.86,-0.083,-0.3920,0.5880,1.0290,1.2483,0.342102,-0.401794,0.081482,0.845520,7.996,140.0,-1
1785815811.313,12376,2764538,0,0.00000000,0.00000000,0.00,0,0,-40.72,0.032,-0.3920,0.5390,0.9800,1.1852,0.342102,-0.401733,0.081482,0.845520,7.996,142.5,-1
1785815812.611,12381,2765629,0,0.00000000,0.00000000,0.00,0,0,-40.76,-0.012,-0.3920,0.3920,1.1760,1.3001,0.342041,-0.401672,0.081604,0.845581,7.996,146.2,-1
1785815813.889,12382,2765849,0,0.00000000,0.00000000,0.00,0,0,-40.73,-0.007,-0.4900,0.3430,1.1270,1.2759,0.342041,-0.401611,0.081604,0.845581,7.997,140.0,-1
1785815813.890,12386,2766770,0,0.00000000,0.00000000,0.00,0,0,-40.73,0.021,-0.5390,0.3920,1.5680,1.7038,0.342041,-0.401672,0.081665,0.845581,7.996,148.8,-1
1785815813.890,12387,2766993,0,0.00000000,0.00000000,0.00,0,0,-40.74,0.010,-0.6370,0.8330,0.9800,1.4353,0.342041,-0.401672,0.081665,0.845581,7.996,140.0,-1
1785815815.178,12392,2768099,0,0.00000000,0.00000000,0.00,0,0,-40.82,-0.019,-0.6860,0.4410,1.0290,1.3130,0.342041,-0.401672,0.081665,0.845581,7.997,148.8,-1
1785815815.178,12393,2768325,0,0.00000000,0.00000000,0.00,0,0,-40.80,-0.025,-0.4900,0.3920,0.9310,1.1227,0.342041,-0.401672,0.081665,0.845581,7.995,146.2,-1
1785815816.465,12398,2769417,0,0.00000000,0.00000000,0.00,0,0,-40.88,-0.022,-0.5390,0.4900,1.1760,1.3833,0.342041,-0.401611,0.081665,0.845581,7.996,148.8,-1
1785815816.465,12399,2769640,0,0.00000000,0.00000000,0.00,0,0,-40.72,0.064,-0.6860,0.1470,0.9310,1.1657,0.342041,-0.401672,0.081665,0.845581,7.997,147.5,-1
1785815817.761,12404,2770782,0,0.00000000,0.00000000,0.00,0,0,-40.89,-0.033,-0.8820,0.6370,1.1760,1.6021,0.342041,-0.401672,0.081665,0.845581,7.996,143.8,-1
1785815819.052,12405,2770999,0,0.00000000,0.00000000,0.00,0,0,-40.80,0.009,-0.7350,0.4410,1.0290,1.3392,0.342041,-0.401672,0.081665,0.845581,7.994,155.0,-1
1785815819.052,12410,2772087,0,0.00000000,0.00000000,0.00,0,0,-40.79,0.002,-0.9310,0.8820,1.2740,1.8077,0.342041,-0.401672,0.081665,0.845581,7.994,145.0,-1
1785815820.332,12411,2772313,0,0.00000000,0.00000000,0.00,0,0,-40.72,0.037,-0.5390,0.4900,0.8330,1.1066,0.342041,-0.401672,0.081665,0.845581,7.996,142.5,-1
1785815820.332,12416,2773397,0,0.00000000,0.00000000,0.00,0,0,-40.83,-0.029,-0.4900,0.2940,1.1270,1.2636,0.342041,-0.401733,0.081604,0.845581,7.999,142.5,-1
1785815821.625,12417,2773615,0,0.00000000,0.00000000,0.00,0,0,-40.90,-0.082,-0.5390,0.3430,1.1760,1.3383,0.342041,-0.401672,0.081604,0.845581,7.997,147.5,-1
1785815821.625,12421,2774493,0,0.00000000,0.00000000,0.00,0,0,-40.92,-0.075,-0.6370,0.2450,1.0780,1.2759,0.341919,-0.401611,0.081604,0.845642,7.997,141.2,-1
1785815821.625,12422,2774721,0,0.00000000,0.00000000,0.00,0,0,-40.83,-0.020,-0.6860,0.2450,0.5880,0.9361,0.341919,-0.401794,0.081543,0.845581,7.997,143.8,-1
1785815822.905,12427,2775812,0,0.00000000,0.00000000,0.00,0,0,-40.78,0.045,-0.4900,0.4410,1.2740,1.4345,0.341980,-0.401611,0.081421,0.845642,7.997,146.2,-1
1785815822.906,12428,2776033,0,0.00000000,0.00000000,0.00,0,0,-40.87,-0.007,-0.1960,0.0490,0.5880,0.6217,0.341980,-0.401489,0.081421,0.845703,7.999,143.8,-1
1785815824.198,12433,2777131,0,0.00000000,0.00000000,0.00,0,0,-40.84,-0.025,-0.6370,0.5390,1.6660,1.8633,0.342041,-0.401489,0.081299,0.845703,7.996,151.2,-1
1785815824.198,12434,2777356,0,0.00000000,0.00000000,0.00,0,0,-40.85,-0.019,-0.9800,0.1470,1.2250,1.5756,0.342041,-0.401489,0.081238,0.845703,7.997,143.8,-1
1785815825.491,12439,2778455,0,0.00000000,0.00000000,0.00,0,0,-40.75,0.052,-0.6370,0.4410,1.0780,1.3275,0.342102,-0.401489,0.081238,0.845703,7.994,151.2,-1
1785815825.491,12440,2778675,0,0.00000000,0.00000000,0.00,0,0,-40.89,-0.045,-0.7840,0.3920,1.4210,1.6696,0.342041,-0.401428,0.081299,0.845703,7.995,147.5,-1
1785815826.777,12445,2779781,0,0.00000000,0.00000000,0.00,0,0,-41.02,-0.123,-0.8330,0.0000,1.3230,1.5634,0.342102,-0.401489,0.081238,0.845703,7.999,142.5,-1
1785815828.054,12446,2780005,0,0.00000000,0.00000000,0.00,0,0,-40.86,0.010,-0.6860,0.5390,1.1270,1.4252,0.342102,-0.401489,0.081238,0.845703,7.996,145.0,-1
1785815828.054,12451,2781098,0,0.00000000,0.00000000,0.00,0,0,-40.91,-0.043,-0.4900,0.3920,1.0780,1.2473,0.342102,-0.401550,0.081238,0.845642,7.996,145.0,-1
1785815829.345,12452,2781324,0,0.00000000,0.00000000,0.00,0,0,-40.90,-0.038,-1.0780,0.4410,1.0780,1.5870,0.342102,-0.401550,0.081177,0.845642,7.996,145.0,-1
1785815829.345,12457,2782414,0,0.00000000,0.00000000,0.00,0,0,-40.90,-0.000,-0.6370,0.5880,1.2250,1.5007,0.342041,-0.401550,0.081238,0.845642,7.996,148.8,-1
1785815830.643,12458,2782637,0,0.00000000,0.00000000,0.00,0,0,-40.86,0.012,-0.5390,0.3920,0.8330,1.0668,0.342041,-0.401550,0.081238,0.845642,7.999,142.5,-1
1785815830.643,12462,2783549,0,0.00000000,0.00000000,0.00,0,0,-40.90,-0.027,-0.5390,0.5880,1.0290,1.3020,0.342102,-0.401550,0.081177,0.845642,7.994,150.0,-1
1785815830.643,12463,2783771,0,0.00000000,0.00000000,0.00,0,0,-40.78,0.043,-0.4900,0.2940,0.8330,1.0102,0.342102,-0.401550,0.081177,0.845642,7.996,146.2,-1
1785815831.924,12468,2784884,0,0.00000000,0.00000000,0.00,0,0,-40.98,-0.062,-0.5880,0.4900,1.1270,1.3623,0.342102,-0.401611,0.081177,0.845642,7.997,138.8,-1
1785815831.924,12469,2785103,0,0.00000000,0.00000000,0.00,0,0,-40.99,-0.059,-0.7350,0.5390,0.9310,1.3029,0.342102,-0.401611,0.081238,0.845642,7.997,137.5,-1
1785815833.210,12474,2786211,0,0.00000000,0.00000000,0.00,0,0,-40.97,-0.049,-0.8330,0.0980,0.9310,1.2531,0.342041,-0.401672,0.081238,0.845581,7.995,147.5,-1
1785815833.216,12475,2786430,0,0.00000000,0.00000000,0.00,0,0,-40.92,-0.018,-0.6860,0.6860,1.5680,1.8439,0.342041,-0.401672,0.081238,0.845642,7.996,145.0,-1
1785815834.499,12480,2787537,0,0.00000000,0.00000000,0.00,0,0,-40.92,-0.024,-0.5390,0.3920,1.0780,1.2674,0.342041,-0.401672,0.081299,0.845581,7.996,141.2,-1
1785815835.796,12481,2787755,0,0.00000000,0.00000000,0.00,0,0,-40.88,0.023,-0.5880,0.6370,1.1760,1.4610,0.342041,-0.401672,0.081299,0.845581,7.996,146.2,-1
1785815835.796,12486,2788860,0,0.00000000,0.00000000,0.00,0,0,-40.86,0.011,-0.7840,0.7350,0.7840,1.3302,0.341980,-0.401855,0.081360,0.845520,7.995,146.2,-1
1785815837.077,12491,2790003,0,0.00000000,0.00000000,0.00,0,0,-40.90,-0.014,-0.4410,0.1960,1.3720,1.4544,0.342041,-0.401672,0.081299,0.845581,7.992,143.8,-1
1785815837.077,12492,2790221,0,0.00000000,0.00000000,0.00,0,0,-40.89,0.020,-0.5880,0.6370,1.1270,1.4218,0.342041,-0.401672,0.081299,0.845581,7.997,145.0,-1
1785815838.366,12497,2791324,0,0.00000000,0.00000000,0.00,0,0,-41.02,-0.040,-0.7350,0.4900,1.1270,1.4319,0.342041,-0.401489,0.081360,0.845703,7.997,143.8,-1
1785815838.366,12498,2791545,0,0.00000000,0.00000000,0.00,0,0,-41.03,-0.072,-0.4900,0.2940,0.8820,1.0509,0.342041,-0.401489,0.081360,0.845703,7.997,143.8,-1
1785815839.660,12503,2792651,0,0.00000000,0.00000000,0.00,0,0,-40.91,-0.011,-0.4900,0.4410,1.0780,1.2636,0.342041,-0.401428,0.081360,0.845703,7.995,146.2,-1
1785815839.660,12504,2792876,0,0.00000000,0.00000000,0.00,0,0,-40.83,0.048,-0.3430,0.4410,1.6170,1.7108,0.341980,-0.401428,0.081421,0.845764,7.995,145.0,-1
1785815840.934,12509,2793980,0,0.00000000,0.00000000,0.00,0,0,-40.94,-0.009,-0.5390,0.4900,1.3230,1.5103,0.342041,-0.401611,0.081360,0.845642,7.995,145.0,-1
1785815842.232,12510,2794194,0,0.00000000,0.00000000,0.00,0,0,-41.10,-0.102,-0.4900,0.4900,1.1270,1.3230,0.342041,-0.401611,0.081299,0.845642,7.999,137.5,-1
1785815842.232,12514,2795104,0,0.00000000,0.00000000,0.00,0,0,-41.00,-0.036,-0.5390,0.3920,1.1760,1.3517,0.342041,-0.401489,0.081299,0.845703,7.997,147.5,-1
1785815842.232,12515,2795324,0,0.00000000,0.00000000,0.00,0,0,-40.95,0.008,-0.4410,0.2450,1.2740,1.3702,0.342041,-0.401489,0.081238,0.845703,7.999,146.2,-1
1785815843.518,12520,2796417,0,0.00000000,0.00000000,0.00,0,0,-40.96,-0.005,-0.8820,0.7350,0.9310,1.4781,0.342041,-0.401794,0.081299,0.845581,7.997,143.8,-1
1785815843.518,12521,2796635,0,0.00000000,0.00000000,0.00,0,0,-40.96,-0.022,-0.5390,0.3430,0.9800,1.1699,0.342041,-0.401855,0.081299,0.845520,7.999,146.2,-1
1785815844.797,12526,2797769,0,0.00000000,0.00000000,0.00,0,0,-41.00,-0.038,-0.5390,0.5390,1.3720,1.5695,0.341980,-0.401672,0.081360,0.845642,7.997,147.5,-1
1785815844.797,12527,2797988,0,0.00000000,0.00000000,0.00,0,0,-41.05,-0.074,-0.5390,0.5390,1.1270,1.3606,0.341980,-0.401672,0.081360,0.845581,7.997,145.0,-1
1785815846.091,12532,2799091,0,0.00000000,0.00000000,0.00,0,0,-41.02,-0.043,-0.5880,0.5390,0.8330,1.1533,0.341980,-0.401550,0.081482,0.845642,7.999,145.0,-1
1785815846.091,12533,2799313,0,0.00000000,0.00000000,0.00,0,0,-40.98,-0.024,-0.5880,0.3920,0.9310,1.1688,0.341980,-0.401611,0.081543,0.845642,7.997,145.0,-1
1785815847.384,12538,2800411,0,0.00000000,0.00000000,0.00,0,0,-41.11,-0.122,-0.4410,0.2450,0.8330,0.9739,0.341980,-0.401917,0.081604,0.845520,7.996,146.2,-1
1785815848.663,12539,2800632,0,0.00000000,0.00000000,0.00,0,0,-41.01,-0.057,-0.6860,0.3430,0.9800,1.2444,0.341919,-0.401917,0.081604,0.845520,7.997,145.0,-1
1785815848.663,12543,2801544,0,0.00000000,0.00000000,0.00,0,0,-40.85,0.052,-0.4410,0.1470,1.1270,1.2191,0.341919,-0.401917,0.081665,0.845520,7.996,148.8,-1
1785815848.664,12544,2801770,0,0.00000000,0.00000000,0.00,0,0,-40.85,0.064,-0.4410,0.4900,0.9800,1.1811,0.341919,-0.401855,0.081604,0.845520,7.996,146.2,-1
1785815849.964,12549,2802887,0,0.00000000,0.00000000,0.00,0,0,-40.96,-0.010,-0.7350,0.5880,1.3720,1.6638,0.341980,-0.401978,0.081543,0.845459,7.999,147.5,-1
1785815849.964,12550,2803101,0,0.00000000,0.00000000,0.00,0,0,-40.93,-0.011,-0.5390,0.4410,1.2740,1.4519,0.341980,-0.401978,0.081543,0.845459,7.996,141.2,-1
1785815851.246,12555,2804196,0,0.00000000,0.00000000,0.00,0,0,-40.97,-0.050,-0.5880,0.4410,1.0290,1.2645,0.342102,-0.401917,0.081421,0.845459,7.997,141.2,-1
1785815851.246,12556,2804424,0,0.00000000,0.00000000,0.00,0,0,-40.98,-0.035,-0.8820,0.3430,1.0780,1.4345,0.342163,-0.401917,0.081421,0.845459,7.996,141.2,-1
1785815852.527,12561,2805532,0,0.00000000,0.00000000,0.00,0,0,-40.77,0.081,-0.7350,0.4900,1.3230,1.5908,0.342041,-0.401978,0.081604,0.845459,7.997,147.5,-1
1785815852.527,12562,2805756,0,0.00000000,0.00000000,0.00,0,0,-40.89,-0.006,-0.7350,0.5880,0.9800,1.3588,0.342102,-0.401978,0.081604,0.845398,7.999,142.5,-1
1785815853.823,12567,2806855,0,0.00000000,0.00000000,0.00,0,0,-40.99,-0.052,-0.5390,0.6860,0.8330,1.2062,0.342102,-0.401794,0.081543,0.845520,7.997,143.8,-1
1785815855.113,12568,2807101,0,0.00000000,0.00000000,0.00,0,0,-40.97,-0.049,-0.5880,0.2450,1.1760,1.3374,0.342102,-0.401794,0.081543,0.845520,7.996,143.8,-1
1785815855.113,12572,2807991,0,0.00000000,0.00000000,0.00,0,0,-40.98,-0.052,-0.5880,0.5390,1.2740,1.5031,0.342102,-0.401733,0.081604,0.845520,7.996,140.0,-1
1785815855.113,12573,2808211,0,0.00000000,0.00000000,0.00,0,0,-40.99,-0.058,-0.4900,0.3920,1.1270,1.2899,0.342102,-0.401733,0.081543,0.845520,7.999,138.8,-1
1785815856.392,12578,2809322,0,0.00000000,0.00000000,0.00,0,0,-41.15,-0.143,-0.5880,0.4410,0.9310,1.1862,0.342163,-0.401733,0.081482,0.845520,7.997,146.2,-1
1785815856.393,12579,2809544,0,0.00000000,0.00000000,0.00,0,0,-41.08,-0.101,-0.5390,0.5390,1.1270,1.3606,0.342163,-0.401733,0.081421,0.845520,7.995,142.5,-1
1785815857.691,12584,2810648,0,0.00000000,0.00000000,0.00,0,0,-40.90,0.045,-0.3920,0.6860,1.2250,1.4577,0.342102,-0.401672,0.081543,0.845520,7.997,145.0,-1
1785815857.691,12585,2810876,0,0.00000000,0.00000000,0.00,0,0,-41.08,-0.066,-0.6370,0.5390,1.1270,1.4023,0.342163,-0.401672,0.081543,0.845520,7.997,141.2,-1
1785815858.967,12590,2811977,0,0.00000000,0.00000000,0.00,0,0,-41.09,-0.067,-0.6370,0.6370,1.3230,1.6006,0.342163,-0.401611,0.081482,0.845581,7.997,146.2,-1
1785815860.260,12591,2812197,0,0.00000000,0.00000000,0.00,0,0,-41.03,-0.061,-0.6860,0.2940,1.0780,1.3112,0.342163,-0.401672,0.081482,0.845581,7.996,147.5,-1
1785815860.260,12596,2813323,0,0.00000000,0.00000000,0.00,0,0,-40.97,-0.023,-0.5880,0.3920,1.1760,1.3720,0.342163,-0.401794,0.081421,0.845520,7.996,146.2,-1
1785815861.553,12597,2813541,0,0.00000000,0.00000000,0.00,0,0,-41.12,-0.110,-0.3430,0.1960,0.6860,0.7916,0.342163,-0.401733,0.081482,0.845520,7.997,146.2,-1
1785815861.553,12601,2814434,0,0.00000000,0.00000000,0.00,0,0,-41.00,-0.019,-0.7350,0.5880,1.0290,1.3946,0.342102,-0.401855,0.081543,0.845459,7.997,143.8,-1
1785815861.553,12602,2814656,0,0.00000000,0.00000000,0.00,0,0,-40.83,0.087,-0.4900,0.5880,1.6170,1.7890,0.342102,-0.401917,0.081543,0.845459,7.997,146.2,-1
1785815862.842,12607,2815758,0,0.00000000,0.00000000,0.00,0,0,-41.06,-0.070,-0.4900,0.5390,1.0780,1.3010,0.342163,-0.401855,0.081482,0.845459,7.999,150.0,-1
1785815862.842,12608,2815983,0,0.00000000,0.00000000,0.00,0,0,-41.01,-0.025,-0.5880,0.6860,1.0290,1.3694,0.342102,-0.401917,0.081482,0.845459,7.999,150.0,-1
1785815864.129,12613,2817110,0,0.00000000,0.00000000,0.00,0,0,-41.00,0.011,-0.5880,0.3430,0.8330,1.0758,0.342163,-0.401794,0.081421,0.845520,7.999,145.0,-1
1785815864.129,12614,2817333,0,0.00000000,0.00000000,0.00,0,0,-41.17,-0.081,-0.6860,0.3920,1.0780,1.3365,0.342163,-0.401794,0.081421,0.845520,8.000,143.8,-1
1785815865.409,12619,2818444,0,0.00000000,0.00000000,0.00,0,0,-41.18,-0.079,0.0000,-0.2450,1.5190,1.5386,0.342102,-0.401672,0.081604,0.845581,7.996,148.8,-1
1785815866.702,12620,2818670,0,0.00000000,0.00000000,0.00,0,0,-41.16,-0.053,-0.3920,0.4900,1.2250,1.3764,0.342102,-0.401611,0.081665,0.845581,7.997,146.2,-1
1785815866.702,12625,2819763,0,0.00000000,0.00000000,0.00,0,0,-41.16,-0.047,-0.6370,0.2450,0.8330,1.0769,0.342163,-0.401611,0.081543,0.845581,7.996,153.8,-1
1785815867.986,12626,2819986,0,0.00000000,0.00000000,0.00,0,0,-41.09,-0.018,-0.5390,0.1470,1.2250,1.3464,0.342163,-0.401550,0.081543,0.845581,7.999,145.0,-1
1785815867.986,12630,2820864,0,0.00000000,0.00000000,0.00,0,0,-41.09,-0.009,-0.3920,0.2940,1.1760,1.2740,0.342163,-0.401611,0.081482,0.845581,7.997,153.8,-1
1785815867.986,12631,2821111,0,0.00000000,0.00000000,0.00,0,0,-41.11,-0.034,-0.3430,0.2450,0.7840,0.8901,0.342163,-0.401611,0.081421,0.845581,7.996,147.5,-1
1785815869.273,12636,2822225,0,0.00000000,0.00000000,0.00,0,0,-41.24,-0.095,-0.6860,0.5880,1.2250,1.5222,0.342163,-0.401672,0.081421,0.845520,7.999,147.5,-1
1785815869.273,12637,2822452,0,0.00000000,0.00000000,0.00,0,0,-41.22,-0.068,-0.3920,0.6370,1.3720,1.5626,0.342163,-0.401611,0.081482,0.845581,7.996,146.2,-1
1785815870.570,12642,2823573,0,0.00000000,0.00000000,0.00,0,0,-41.09,0.036,-0.5390,0.5880,0.9800,1.2636,0.342163,-0.401672,0.081543,0.845520,7.996,147.5,-1
1785815870.570,12643,2823794,0,0.00000000,0.00000000,0.00,0,0,-41.11,0.014,-0.7840,0.4410,1.0290,1.3667,0.342102,-0.401672,0.081543,0.845520,7.996,143.8,-1
1785815871.850,12648,2824907,0,0.00000000,0.00000000,0.00,0,0,-41.19,-0.027,-0.6860,0.4900,0.9310,1.2560,0.342163,-0.401672,0.081482,0.845581,7.996,138.8,-1
1785815873.135,12649,2825127,0,0.00000000,0.00000000,0.00,0,0,-41.17,-0.026,-0.7350,0.5880,1.0290,1.3946,0.342163,-0.401672,0.081482,0.845520,7.997,145.0,-1
1785815873.135,12653,2826006,0,0.00000000,0.00000000,0.00,0,0,-41.11,-0.023,-0.6370,0.4900,1.0290,1.3056,0.342163,-0.401794,0.081482,0.845459,7.997,145.0,-1
1785815873.140,12654,2826219,0,0.00000000,0.00000000,0.00,0,0,-41.20,-0.079,-0.6370,0.3430,0.8820,1.1408,0.342163,-0.401794,0.081421,0.845459,7.997,146.2,-1
1785815874.432,12659,2827323,0,0.00000000,0.00000000,0.00,0,0,-41.03,-0.014,-0.5880,0.5880,1.0780,1.3615,0.342102,-0.401733,0.081604,0.845520,7.995,142.5,-1
1785815874.432,12660,2827549,0,0.00000000,0.00000000,0.00,0,0,-41.00,0.002,-0.4410,0.2940,0.9800,1.1141,0.342102,-0.401672,0.081665,0.845581,7.996,147.5,-1
1785815875.711,12665,2828655,0,0.00000000,0.00000000,0.00,0,0,-40.95,0.059,-0.6860,0.5390,1.1760,1.4643,0.342102,-0.401855,0.081543,0.845459,7.996,145.0,-1
1785815875.711,12666,2828872,0,0.00000000,0.00000000,0.00,0,0,-41.03,0.007,-0.7350,0.3920,1.3230,1.5634,0.342102,-0.401855,0.081543,0.845459,7.996,141.2,-1
1785815877.006,12671,2829984,0,0.00000000,0.00000000,0.00,0,0,-41.10,-0.033,-0.6860,0.6860,1.1270,1.4871,0.342163,-0.401794,0.081482,0.845520,7.997,148.8,-1
1785815877.006,12672,2830203,0,0.00000000,0.00000000,0.00,0,0,-41.03,0.010,-0.7840,0.1470,0.9310,1.2260,0.342163,-0.401794,0.081421,0.845520,7.997,141.2,-1
1785815878.290,12677,2831278,0,0.00000000,0.00000000,0.00,0,0,-41.07,-0.011,-0.6370,0.3920,0.9800,1.2328,0.342163,-0.401794,0.081421,0.845520,7.996,146.2,-1
1785815879.585,12678,2831499,0,0.00000000,0.00000000,0.00,0,0,-41.00,0.037,-0.5880,0.3920,0.8330,1.0924,0.342163,-0.401794,0.081421,0.845520,7.995,146.2,-1
1785815879.589,12683,2832613,0,0.00000000,0.00000000,0.00,0,0,-41.01,0.005,-0.5390,0.7350,0.9310,1.3029,0.342163,-0.401733,0.081421,0.845520,7.996,146.2,-1
1785815880.864,12684,2832830,0,0.00000000,0.00000000,0.00,0,0,-41.06,-0.034,-0.5390,0.4900,1.2250,1.4252,0.342163,-0.401733,0.081421,0.845520,7.995,150.0,-1
1785815880.864,12689,2833934,0,0.00000000,0.00000000,0.00,0,0,-41.06,-0.062,-0.5880,0.3920,1.4210,1.5870,0.342041,-0.401855,0.081604,0.845520,7.994,151.2,-1
1785815882.150,12690,2834150,0,0.00000000,0.00000000,0.00,0,0,-41.07,-0.082,-0.3920,0.6860,0.9800,1.2588,0.342102,-0.401855,0.081665,0.845459,7.996,142.5,-1
1785815882.153,12694,2835044,0,0.00000000,0.00000000,0.00,0,0,-41.13,-0.122,-0.7840,0.6370,1.3230,1.6646,0.342041,-0.401733,0.081726,0.845520,7.997,146.2,-1
1785815882.153,12695,2835257,0,0.00000000,0.00000000,0.00,0,0,-41.08,-0.082,-0.3430,0.4900,1.2250,1.3632,0.342102,-0.401733,0.081604,0.845520,7.997,146.2,-1
1785815883.449,12700,2836371,0,0.00000000,0.00000000,0.00,0,0,-41.05,-0.072,-0.6370,0.6860,1.1270,1.4651,0.342102,-0.401672,0.081665,0.845520,7.999,140.0,-1
1785815883.449,12701,2836594,0,0.00000000,0.00000000,0.00,0,0,-40.96,0.010,-0.2940,0.2450,1.2740,1.3302,0.342041,-0.401794,0.081665,0.845520,7.997,140.0,-1
1785815884.728,12706,2837705,0,0.00000000,0.00000000,0.00,0,0,-41.04,-0.043,-1.0780,0.5390,1.5190,1.9391,0.342102,-0.401672,0.081604,0.845581,7.999,140.0,-1
1785815884.728,12707,2837905,0,0.00000000,0.00000000,0.00,0,0,-41.19,-0.140,-0.7840,0.2450,1.0290,1.3166,0.342102,-0.401672,0.081665,0.845581,7.997,140.0,-1
1785815886.018,12712,2839020,0,0.00000000,0.00000000,0.00,0,0,-41.06,-0.014,-0.5390,0.3430,1.0780,1.2531,0.342102,-0.401672,0.081665,0.845581,7.997,146.2,-1
1785815886.018,12713,2839234,0,0.00000000,0.00000000,0.00,0,0,-40.97,0.049,-0.4900,0.2940,0.8330,1.0102,0.342041,-0.401733,0.081726,0.845520,7.997,148.8,-1
1785815887.314,12718,2840349,0,0.00000000,0.00000000,0.00,0,0,-41.10,-0.012,-0.4900,0.4900,0.8820,1.1217,0.342102,-0.401672,0.081665,0.845581,7.996,147.5,-1
1785815888.594,12719,2840570,0,0.00000000,0.00000000,0.00,0,0,-41.09,-0.013,-0.1470,-0.0490,1.7640,1.7708,0.342102,-0.401672,0.081665,0.845581,7.997,146.2,-1
1785815888.594,12724,2841644,0,0.00000000,0.00000000,0.00,0,0,-41.04,0.011,-0.6370,0.2450,0.9800,1.1942,0.342102,-0.401611,0.081665,0.845581,7.996,146.2,-1
1785815889.878,12725,2841872,0,0.00000000,0.00000000,0.00,0,0,-41.02,0.019,-0.5390,0.4410,1.3720,1.5386,0.342102,-0.401611,0.081665,0.845581,7.999,150.0,-1
1785815889.878,12729,2842756,0,0.00000000,0.00000000,0.00,0,0,-41.03,-0.011,0.0490,0.0490,0.8820,0.8847,0.342102,-0.401672,0.081665,0.845581,7.996,147.5,-1
1785815889.878,12730,2842982,0,0.00000000,0.00000000,0.00,0,0,-41.05,-0.006,-0.6860,0.4900,0.8330,1.1852,0.342102,-0.401672,0.081665,0.845581,7.996,145.0,-1
1785815891.174,12735,2844110,0,0.00000000,0.00000000,0.00,0,0,-41.01,-0.004,-0.5390,0.7350,0.9800,1.3383,0.342102,-0.401550,0.081665,0.845581,7.995,143.8,-1
1785815891.174,12736,2844338,0,0.00000000,0.00000000,0.00,0,0,-41.01,0.003,-0.6370,0.6860,1.0780,1.4277,0.342102,-0.401550,0.081665,0.845581,7.995,147.5,-1
1785815892.456,12741,2845438,0,0.00000000,0.00000000,0.00,0,0,-40.92,0.071,-0.4900,0.4900,1.0290,1.2406,0.342163,-0.401550,0.081543,0.845581,7.996,151.2,-1
1785815892.456,12742,2845661,0,0.00000000,0.00000000,0.00,0,0,-41.03,0.022,-0.3920,0.6860,0.9800,1.2588,0.342163,-0.401611,0.081604,0.845581,7.997,150.0,-1
1785815893.750,12747,2846753,0,0.00000000,0.00000000,0.00,0,0,-40.97,0.023,-0.3920,0.2450,1.3720,1.4478,0.342102,-0.401733,0.081665,0.845520,7.997,147.5,-1
1785815895.033,12748,2846970,0,0.00000000,0.00000000,0.00,0,0,-41.06,-0.032,-0.7350,0.5390,1.5190,1.7715,0.342041,-0.401794,0.081665,0.845520,7.996,147.5,-1
1785815895.033,12753,2848109,0,0.00000000,0.00000000,0.00,0,0,-41.08,-0.046,-0.5880,0.4410,0.7350,1.0394,0.342102,-0.401672,0.081604,0.845581,7.995,143.8,-1
1785815896.330,12754,2848333,0,0.00000000,0.00000000,0.00,0,0,-40.89,0.074,-0.7840,0.2940,0.9310,1.2521,0.342163,-0.401611,0.081543,0.845581,7.997,148.8,-1
1785815896.330,12758,2849216,0,0.00000000,0.00000000,0.00,0,0,-41.15,-0.105,-0.5880,0.5390,0.8820,1.1892,0.342102,-0.401611,0.081604,0.845581,7.995,143.8,-1
1785815896.330,12759,2849438,0,0.00000000,0.00000000,0.00,0,0,-41.09,-0.056,-0.7840,0.3920,1.3230,1.5870,0.342102,-0.401611,0.081604,0.845581,7.997,143.8,-1
1785815897.614,12764,2850549,0,0.00000000,0.00000000,0.00,0,0,-40.87,0.073,-0.6860,0.5880,1.0290,1.3694,0.342102,-0.401672,0.081665,0.845520,7.995,146.2,-1
1785815897.614,12765,2850772,0,0.00000000,0.00000000,0.00,0,0,-40.87,0.073,-0.6370,0.3430,1.1760,1.3807,0.342102,-0.401672,0.081604,0.845520,7.999,142.5,-1
1785815898.893,12770,2851887,0,0.00000000,0.00000000,0.00,0,0,-40.92,-0.019,-0.5880,0.4410,1.0780,1.3047,0.342163,-0.401794,0.081482,0.845459,7.997,143.8,-1
1785815898.893,12771,2852108,0,0.00000000,0.00000000,0.00,0,0,-40.85,-0.003,-0.5390,0.0980,0.8330,0.9970,0.342163,-0.401794,0.081482,0.845520,7.995,143.8,-1
1785815900.180,12776,2853218,0,0.00000000,0.00000000,0.00,0,0,-40.90,-0.007,-0.2940,0.7840,1.2250,1.4838,0.342102,-0.401794,0.081604,0.845520,7.996,150.0,-1
1785815901.472,12777,2853435,0,0.00000000,0.00000000,0.00,0,0,-40.73,0.084,-0.5390,0.5390,1.2740,1.4846,0.342102,-0.401794,0.081665,0.845520,7.997,151.2,-1
1785815901.472,12782,2854549,0,0.00000000,0.00000000,0.00,0,0,-40.81,-0.029,-0.7840,0.7840,1.3230,1.7262,0.342102,-0.401794,0.081543,0.845520,7.997,146.2,-1
1785815902.768,12783,2854773,0,0.00000000,0.00000000,0.00,0,0,-40.69,0.056,-0.6370,0.4900,0.9800,1.2674,0.342163,-0.401794,0.081543,0.845520,7.996,146.2,-1
1785815902.768,12787,2855663,0,0.00000000,0.00000000,0.00,0,0,-40.85,-0.048,-0.5390,0.2940,0.9800,1.1564,0.342163,-0.401672,0.081482,0.845520,7.996,147.5,-1
1785815902.768,12788,2855891,0,0.00000000,0.00000000,0.00,0,0,-40.94,-0.122,-0.5390,0.4410,0.9310,1.1627,0.342163,-0.401550,0.081543,0.845581,7.997,145.0,-1
1785815904.055,12793,2856982,0,0.00000000,0.00000000,0.00,0,0,-41.08,-0.086,-0.6370,0.2940,1.1760,1.3694,0.342285,-0.401733,0.081543,0.845459,7.996,151.2,-1
1785815904.057,12794,2857195,0,0.00000000,0.00000000,0.00,0,0,-41.08,-0.089,-0.2940,0.3430,0.9800,1.0791,0.342346,-0.401794,0.081543,0.845398,7.997,145.0,-1
1785815905.346,12799,2858329,0,0.00000000,0.00000000,0.00,0,0,-41.00,-0.024,-0.6370,0.3430,1.7150,1.8614,0.342407,-0.401733,0.081787,0.845398,7.997,146.2,-1
1785815905.346,12800,2858545,0,0.00000000,0.00000000,0.00,0,0,-41.08,-0.088,-0.5390,0.4900,1.1760,1.3833,0.342407,-0.401855,0.081787,0.845337,7.997,151.2,-1
1785815906.622,12805,2859647,0,0.00000000,0.00000000,0.00,0,0,-41.02,-0.045,-0.3920,0.2940,1.1270,1.2289,0.342407,-0.402039,0.081787,0.845215,7.996,150.0,-1
1785815907.919,12806,2859872,0,0.00000000,0.00000000,0.00,0,0,-41.01,-0.028,-0.2450,0.3920,1.2250,1.3093,0.342407,-0.402039,0.081665,0.845215,7.996,146.2,-1
1785815907.919,12811,2860981,0,0.00000000,0.00000000,0.00,0,0,-40.90,0.067,-0.7350,0.3920,0.8330,1.1780,0.342407,-0.401978,0.081604,0.845276,7.999,142.5,-1
1785815909.198,12816,2862085,0,0.00000000,0.00000000,0.00,0,0,-40.97,0.008,-0.1960,0.1960,1.0290,1.0657,0.342468,-0.401794,0.081543,0.845398,7.997,140.0,-1
1785815909.198,12817,2862306,0,0.00000000,0.00000000,0.00,0,0,-41.06,-0.007,-0.4410,0.2940,0.8330,0.9873,0.342468,-0.401794,0.081543,0.845398,7.999,141.2,-1
1785815910.493,12822,2863410,0,0.00000000,0.00000000,0.00,0,0,-41.13,-0.062,-0.5390,0.1960,0.9310,1.0935,0.342407,-0.401855,0.081726,0.845337,7.999,140.0,-1
1785815910.493,12823,2863631,0,0.00000000,0.00000000,0.00,0,0,-41.00,0.024,-0.4410,0.3430,1.2250,1.3464,0.342407,-0.401733,0.081848,0.845398,7.997,138.8,-1
1785815911.779,12828,2864771,0,0.00000000,0.00000000,0.00,0,0,-40.94,0.071,-0.5390,0.4900,1.0290,1.2607,0.342529,-0.401917,0.081787,0.845276,7.996,142.5,-1
1785815911.779,12829,2864992,0,0.00000000,0.00000000,0.00,0,0,-41.05,0.018,-0.6860,0.4900,1.4210,1.6523,0.342529,-0.401917,0.081787,0.845276,7.999,143.8,-1
1785815913.074,12834,2866098,0,0.00000000,0.00000000,0.00,0,0,-40.95,0.007,-0.3920,0.6860,0.9310,1.2211,0.342590,-0.401855,0.081665,0.845276,7.996,147.5,-1
1785815914.353,12835,2866325,0,0.00000000,0.00000000,0.00,0,0,-41.01,-0.045,-0.3920,0.2940,0.9310,1.0521,0.342590,-0.401855,0.081665,0.845276,7.997,140.0,-1
1785815914.353,12840,2867404,0,0.00000000,0.00000000,0.00,0,0,-41.10,-0.092,-0.2940,0.2450,1.0290,1.0979,0.342590,-0.401917,0.081665,0.845215,7.997,151.2,-1
1785815915.646,12841,2867627,0,0.00000000,0.00000000,0.00,0,0,-41.10,-0.096,-0.6370,0.1470,0.6370,0.9128,0.342590,-0.401917,0.081665,0.845215,7.996,145.0,-1
1785815915.646,12845,2868546,0,0.00000000,0.00000000,0.00,0,0,-41.08,-0.101,-0.6860,0.5880,1.1270,1.4445,0.342590,-0.401794,0.081604,0.845276,7.996,150.0,-1
1785815915.649,12846,2868770,0,0.00000000,0.00000000,0.00,0,0,-41.02,-0.052,-0.4900,0.6370,0.7350,1.0891,0.342590,-0.401794,0.081604,0.845276,7.996,145.0,-1
1785815916.937,12851,2869880,0,0.00000000,0.00000000,0.00,0,0,-40.90,0.042,-0.5880,0.1470,0.8820,1.0702,0.342590,-0.401917,0.081665,0.845276,7.997,140.0,-1
1785815916.937,12852,2870096,0,0.00000000,0.00000000,0.00,0,0,-40.87,0.052,-0.4410,0.7350,0.6860,1.0979,0.342590,-0.401978,0.081665,0.845215,7.997,148.8,-1
1785815918.221,12857,2871207,0,0.00000000,0.00000000,0.00,0,0,-40.95,-0.000,-0.4410,0.6370,1.1760,1.4083,0.342529,-0.401917,0.081726,0.845215,7.995,142.5,-1
1785815918.221,12858,2871428,0,0.00000000,0.00000000,0.00,0,0,-40.90,0.039,-0.6370,0.3430,1.1760,1.3807,0.342651,-0.401855,0.081726,0.845215,7.996,143.8,-1
1785815919.503,12863,2872545,0,0.00000000,0.00000000,0.00,0,0,-40.91,0.009,-0.3920,0.2940,1.0290,1.1397,0.342651,-0.401794,0.081665,0.845276,7.995,147.5,-1
1785815920.794,12864,2872769,0,0.00000000,0.00000000,0.00,0,0,-40.80,0.081,-0.6370,0.6370,1.3230,1.6006,0.342590,-0.401794,0.081726,0.845276,7.997,143.8,-1
1785815920.794,12868,2873650,0,0.00000000,0.00000000,0.00,0,0,-40.93,0.008,-0.5390,0.7350,1.2250,1.5269,0.342651,-0.401794,0.081726,0.845276,7.996,138.8,-1
1785815920.794,12869,2873870,0,0.00000000,0.00000000,0.00,0,0,-40.91,0.036,-0.6370,0.2450,1.0290,1.2348,0.342590,-0.401794,0.081787,0.845276,7.997,142.5,-1
1785815922.089,12874,2875001,0,0.00000000,0.00000000,0.00,0,0,-41.03,-0.090,-0.4410,0.3920,0.9310,1.1022,0.342529,-0.401794,0.081909,0.845276,7.997,146.2,-1
1785815922.089,12875,2875219,0,0.00000000,0.00000000,0.00,0,0,-41.02,-0.088,-0.7840,0.3430,1.2740,1.5347,0.342529,-0.401855,0.081909,0.845276,7.996,145.0,-1
1785815923.376,12880,2876315,0,0.00000000,0.00000000,0.00,0,0,-41.06,-0.066,-0.5880,0.3430,1.0290,1.2338,0.342468,-0.401917,0.081909,0.845276,7.996,142.5,-1
1785815923.376,12881,2876536,0,0.00000000,0.00000000,0.00,0,0,-40.94,0.018,-0.7350,0.1960,1.0290,1.2796,0.342468,-0.401917,0.081909,0.845276,7.999,143.8,-1
1785815924.652,12886,2877650,0,0.00000000,0.00000000,0.00,0,0,-40.88,0.031,-0.6860,0.1960,1.3720,1.5464,0.342529,-0.401917,0.081848,0.845215,7.997,145.0,-1
1785815924.652,12887,2877867,0,0.00000000,0.00000000,0.00,0,0,-40.88,0.019,-0.4410,0.4410,1.2250,1.3746,0.342529,-0.401917,0.081787,0.845215,7.997,145.0,-1
1785815925.951,12892,2878994,0,0.00000000,0.00000000,0.00,0,0,-40.99,-0.069,-0.4900,0.3430,0.8820,1.0657,0.342468,-0.401917,0.081909,0.845276,7.996,142.5,-1
1785815927.243,12893,2879211,0,0.00000000,0.00000000,0.00,0,0,-40.93,-0.050,-0.3920,0.4410,1.0780,1.2289,0.342468,-0.401978,0.081909,0.845215,7.997,147.5,-1
1785815927.243,12897,2880086,0,0.00000000,0.00000000,0.00,0,0,-40.96,-0.058,-0.6860,0.5390,0.9800,1.3121,0.342529,-0.402039,0.081787,0.845215,8.007,77.5,-1
1785815927.243,12898,2880313,0,0.00000000,0.00000000,0.00,0,0,-40.93,-0.041,-0.6860,0.1960,0.7350,1.0243,0.342529,-0.402039,0.081787,0.845215,7.997,141.2,-1
1785815928.522,12903,2881426,0,0.00000000,0.00000000,0.00,0,0,-41.06,-0.085,-0.4900,0.2450,0.8330,0.9970,0.342590,-0.401978,0.081726,0.845215,7.997,138.8,-1
1785815928.522,12904,2881643,0,0.00000000,0.00000000,0.00,0,0,-41.02,-0.036,-0.4410,0.3920,1.0780,1.2289,0.342590,-0.401917,0.081726,0.845215,7.997,146.2,-1
1785815929.818,12909,2882769,0,0.00000000,0.00000000,0.00,0,0,-41.03,-0.032,-0.7840,0.5390,1.2250,1.5511,0.342590,-0.401794,0.081665,0.845276,7.996,142.5,-1
1785815929.818,12910,2882991,0,0.00000000,0.00000000,0.00,0,0,-41.18,-0.117,-0.6860,0.2940,0.7840,1.0824,0.342590,-0.401855,0.081665,0.845276,7.997,142.5,-1
1785815931.097,12915,2884084,0,0.00000000,0.00000000,0.00,0,0,-41.02,-0.010,-0.4410,0.5390,1.2250,1.4091,0.342529,-0.401855,0.081848,0.845276,7.999,142.5,-1
1785815931.097,12916,2884310,0,0.00000000,0.00000000,0.00,0,0,-41.09,-0.069,-0.5390,0.5880,0.7350,1.0847,0.342529,-0.401855,0.081787,0.845276,7.997,141.2,-1
1785815932.395,12921,2885424,0,0.00000000,0.00000000,0.00,0,0,-41.12,-0.022,-0.4900,0.3430,1.2740,1.4074,0.342590,-0.401917,0.081726,0.845215,7.996,150.0,-1
1785815933.679,12922,2885646,0,0.00000000,0.00000000,0.00,0,0,-41.10,-0.000,-0.3430,0.5390,1.0290,1.2112,0.342590,-0.401917,0.081726,0.845215,7.995,142.5,-1
1785815933.679,12926,2886537,0,0.00000000,0.00000000,0.00,0,0,-41.06,0.032,-0.5390,0.3430,1.2250,1.3816,0.342529,-0.401917,0.081848,0.845276,7.995,145.0,-1
1785815933.679,12927,2886758,0,0.00000000,0.00000000,0.00,0,0,-41.16,-0.029,-0.4410,0.4900,0.8820,1.1011,0.342529,-0.401917,0.081848,0.845276,7.997,143.8,-1
1785815934.963,12932,2887862,0,0.00000000,0.00000000,0.00,0,0,-41.25,-0.051,-0.6370,0.4900,1.0290,1.3056,0.342529,-0.401917,0.081787,0.845215,7.996,142.5,-1
1785815934.963,12933,2888083,0,0.00000000,0.00000000,0.00,0,0,-41.15,0.020,-0.6370,0.5880,1.2250,1.5007,0.342529,-0.401917,0.081848,0.845276,7.995,145.0,-1
1785815936.258,12938,2889199,0,0.00000000,0.00000000,0.00,0,0,-41.11,0.042,-0.0980,0.3430,0.9800,1.0429,0.342590,-0.401855,0.081787,0.845276,7.995,146.2,-1
1785815936.258,12939,2889422,0,0.00000000,0.00000000,0.00,0,0,-41.25,-0.053,-0.4900,0.4410,1.2740,1.4345,0.342590,-0.401855,0.081726,0.845276,7.996,146.2,-1
1785815937.533,12944,2890537,0,0.00000000,0.00000000,0.00,0,0,-41.16,-0.001,-0.5390,0.5390,1.3720,1.5695,0.342468,-0.401978,0.081970,0.845215,7.995,146.2,-1
1785815937.533,12945,2890759,0,0.00000000,0.00000000,0.00,0,0,-41.13,0.007,-0.8820,0.5880,1.0780,1.5119,0.342468,-0.401917,0.081970,0.845276,7.995,147.5,-1
1785815938.827,12950,2891857,0,0.00000000,0.00000000,0.00,0,0,-41.11,0.034,-0.4900,0.3920,1.2740,1.4202,0.342529,-0.401917,0.081787,0.845215,7.996,150.0,-1
1785815940.122,12951,2892103,0,0.00000000,0.00000000,0.00,0,0,-41.13,0.021,-0.3920,0.1470,0.6860,0.8037,0.342529,-0.401917,0.081848,0.845276,7.995,147.5,-1
1785815940.122,12955,2892989,0,0.00000000,0.00000000,0.00,0,0,-41.17,0.002,-0.6860,0.4900,1.2740,1.5277,0.342468,-0.401855,0.081909,0.845276,7.994,146.2,-1
1785815940.122,12956,2893205,0,0.00000000,0.00000000,0.00,0,0,-41.18,-0.021,-1.0780,0.3430,1.3230,1.7407,0.342529,-0.401794,0.081848,0.845276,7.996,147.5,-1
1785815941.411,12961,2894325,0,0.00000000,0.00000000,0.00,0,0,-41.26,-0.085,-0.1470,0.6370,1.2740,1.4319,0.342590,-0.401855,0.081848,0.845276,7.995,145.0,-1
1785815941.411,12962,2894542,0,0.00000000,0.00000000,0.00,0,0,-41.17,-0.023,-0.5880,0.3920,1.0780,1.2890,0.342529,-0.401794,0.081970,0.845276,7.995,145.0,-1
1785815942.691,12967,2895650,0,0.00000000,0.00000000,0.00,0,0,-40.99,0.126,-0.5390,0.5390,0.9800,1.2415,0.342712,-0.401855,0.081970,0.845215,8.000,142.5,-1
1785815942.691,12968,2895877,0,0.00000000,0.00000000,0.00,0,0,-41.07,0.066,-0.2940,0.4900,1.2250,1.3517,0.342712,-0.401855,0.081909,0.845154,7.997,146.2,-1
1785815943.987,12973,2896982,0,0.00000000,0.00000000,0.00,0,0,-41.02,0.083,-0.4410,0.5880,1.3230,1.5135,0.342773,-0.401917,0.081848,0.845154,7.997,142.5,-1
1785815945.265,12974,2897200,0,0.00000000,0.00000000,0.00,0,0,-41.11,0.038,-0.5390,0.5390,0.9310,1.2032,0.342773,-0.401917,0.081848,0.845154,7.996,142.5,-1
1785815945.265,12979,2898332,0,0.00000000,0.00000000,0.00,0,0,-40.98,0.076,-0.5880,0.3920,1.0780,1.2890,0.342773,-0.401917,0.081787,0.845154,7.999,146.2,-1
1785815946.560,12980,2898554,0,0.00000000,0.00000000,0.00,0,0,-41.07,0.005,-0.3920,0.7840,1.5680,1.7964,0.342773,-0.401917,0.081848,0.845154,7.996,152.5,-1
1785815946.560,12984,2899446,0,0.00000000,0.00000000,0.00,0,0,-41.03,0.057,-0.5880,0.6370,0.9800,1.3084,0.342712,-0.401855,0.081909,0.845154,7.997,140.0,-1
1785815946.560,12985,2899673,0,0.00000000,0.00000000,0.00,0,0,-41.02,0.059,-0.6370,0.5880,1.0290,1.3455,0.342773,-0.401917,0.081909,0.845154,7.997,151.2,-1
1785815947.840,12990,2900779,0,0.00000000,0.00000000,0.00,0,0,-41.07,0.013,-1.3230,0.7350,0.5880,1.6237,0.342712,-0.402039,0.081909,0.845093,7.997,145.0,-1
1785815947.840,12991,2901008,0,0.00000000,0.00000000,0.00,0,0,-41.05,-0.003,-0.6860,0.6370,1.0780,1.4277,0.342712,-0.402039,0.081909,0.845093,7.997,142.5,-1
1785815949.138,12996,2902111,0,0.00000000,0.00000000,0.00,0,0,-41.08,-0.033,-0.5880,0.4410,1.2250,1.4286,0.342773,-0.401978,0.081848,0.845093,7.995,142.5,-1
1785815949.139,12997,2902333,0,0.00000000,0.00000000,0.00,0,0,-41.00,-0.004,-0.8330,0.6860,1.1760,1.5961,0.342773,-0.401978,0.081848,0.845093,7.996,142.5,-1
1785815950.416,13002,2903444,0,0.00000000,0.00000000,0.00,0,0,-40.99,0.029,-0.4900,0.3920,1.2740,1.4202,0.342773,-0.401917,0.081848,0.845154,7.996,143.8,-1
1785815951.710,13003,2903662,0,0.00000000,0.00000000,0.00,0,0,-40.98,0.035,-0.6860,0.4900,0.9800,1.2927,0.342773,-0.401917,0.081787,0.845154,7.994,151.2,-1
1785815951.710,13008,2904766,0,0.00000000,0.00000000,0.00,0,0,-40.98,0.016,-0.4410,0.4410,1.0780,1.2454,0.342834,-0.401855,0.081787,0.845154,7.997,146.2,-1
1785815952.991,13009,2904985,0,0.00000000,0.00000000,0.00,0,0,-40.94,0.041,-0.4410,0.3430,1.0780,1.2142,0.342834,-0.401855,0.081726,0.845154,7.996,148.8,-1
1785815952.991,13013,2905868,0,0.00000000,0.00000000,0.00,0,0,-40.90,0.025,-0.7840,0.4900,1.0780,1.4202,0.342896,-0.401917,0.081848,0.845093,7.999,141.2,-1
1785815952.992,13014,2906085,0,0.00000000,0.00000000,0.00,0,0,-40.99,-0.058,-0.7350,0.5390,1.5190,1.7715,0.342834,-0.401794,0.081909,0.845154,7.996,152.5,-1
1785815954.287,13019,2907197,0,0.00000000,0.00000000,0.00,0,0,-41.01,-0.089,-0.5880,0.5390,1.2250,1.4618,0.342651,-0.401733,0.082214,0.845276,7.995,148.8,-1
1785815954.287,13020,2907423,0,0.00000000,0.00000000,0.00,0,0,-41.02,-0.095,-0.2940,0.4900,1.0780,1.2201,0.342712,-0.401672,0.082214,0.845276,7.996,147.5,-1
1785815955.578,13025,2908542,0,0.00000000,0.00000000,0.00,0,0,-40.92,-0.043,-0.6370,0.4900,1.1760,1.4244,0.342896,-0.401672,0.081909,0.845215,7.996,150.0,-1
1785815955.578,13026,2908762,0,0.00000000,0.00000000,0.00,0,0,-40.81,0.019,-0.6860,0.4900,1.4210,1.6523,0.342896,-0.401672,0.081848,0.845215,7.996,152.5,-1
1785815956.861,13031,2909867,0,0.00000000,0.00000000,0.00,0,0,-40.84,-0.002,-0.6860,0.6370,1.2250,1.5417,0.342957,-0.401672,0.081726,0.845215,7.997,145.0,-1
1785815958.153,13032,2910109,0,0.00000000,0.00000000,0.00,0,0,-40.89,-0.039,-0.7840,0.5880,1.4700,1.7667,0.342957,-0.401672,0.081848,0.845215,7.996,143.8,-1
1785815958.153,13036,2911000,0,0.00000000,0.00000000,0.00,0,0,-40.95,-0.057,-0.6370,0.2940,1.1760,1.3694,0.342957,-0.401794,0.081787,0.845154,7.995,130.0,-1
1785815958.153,13037,2911214,0,0.00000000,0.00000000,0.00,0,0,-40.94,-0.018,-0.4410,0.2450,0.7840,0.9323,0.342957,-0.401794,0.081787,0.845154,7.997,142.5,-1
1785815959.433,13042,2912322,0,0.00000000,0.00000000,0.00,0,0,-40.94,-0.077,-0.3430,0.8330,1.1760,1.4814,0.342957,-0.401733,0.081726,0.845154,7.999,148.8,-1
1785815959.433,13043,2912544,0,0.00000000,0.00000000,0.00,0,0,-40.97,-0.085,-0.6370,0.6370,0.9800,1.3311,0.342957,-0.401733,0.081726,0.845154,7.997,145.0,-1
1785815960.730,13048,2913659,0,0.00000000,0.00000000,0.00,0,0,-40.73,0.070,-0.4900,0.2940,1.1760,1.3075,0.342957,-0.401611,0.081726,0.845215,7.997,145.0,-1
1785815960.735,13049,2913882,0,0.00000000,0.00000000,0.00,0,0,-40.72,0.076,-0.5390,0.1960,0.9310,1.0935,0.342957,-0.401672,0.081787,0.845154,7.995,153.8,-1
1785815962.011,13054,2914986,0,0.00000000,0.00000000,0.00,0,0,-40.88,-0.011,-0.5880,0.4410,1.5190,1.6875,0.342957,-0.401733,0.081726,0.845154,7.996,145.0,-1
1785815962.011,13055,2915206,0,0.00000000,0.00000000,0.00,0,0,-40.80,0.042,-0.4900,0.4410,1.1270,1.3056,0.342957,-0.401733,0.081726,0.845154,7.995,145.0,-1
1785815963.297,13060,2916311,0,0.00000000,0.00000000,0.00,0,0,-40.83,0.038,-0.3920,0.1470,1.5680,1.6229,0.342896,-0.401917,0.081848,0.845093,7.999,143.8,-1
1785815964.586,13061,2916532,0,0.00000000,0.00000000,0.00,0,0,-40.86,0.019,-0.3920,0.3920,0.8820,1.0418,0.342834,-0.401917,0.081970,0.845093,8.000,143.8,-1
1785815964.586,13066,2917634,0,0.00000000,0.00000000,0.00,0,0,-40.73,0.077,-0.5390,0.4410,1.3720,1.5386,0.342773,-0.401855,0.082153,0.845154,7.997,142.5,-1
1785815965.881,13067,2917851,0,0.00000000,0.00000000,0.00,0,0,-40.86,-0.006,-0.8820,0.7350,1.4700,1.8652,0.342773,-0.401855,0.082153,0.845154,7.997,147.5,-1
1785815965.881,13071,2918766,0,0.00000000,0.00000000,0.00,0,0,-40.90,-0.041,-0.4410,0.3920,1.0780,1.2289,0.342773,-0.401733,0.082092,0.845215,7.997,143.8,-1
1785815965.884,13072,2918986,0,0.00000000,0.00000000,0.00,0,0,-40.77,0.040,-0.7350,0.4410,1.5190,1.7442,0.342834,-0.401733,0.082092,0.845215,7.996,146.2,-1
1785815967.160,13077,2920089,0,0.00000000,0.00000000,0.00,0,0,-40.87,0.016,-0.4410,0.4900,1.0780,1.2636,0.342773,-0.401794,0.082153,0.845154,7.999,137.5,-1
1785815967.160,13078,2920311,0,0.00000000,0.00000000,0.00,0,0,-40.87,-0.005,-0.5390,0.3430,0.7840,1.0113,0.342773,-0.401855,0.082092,0.845154,8.001,143.8,-1
