rx_time,seq,timestamp_ms,state,lat,lon,gps_alt_m,gps_sats,gps_fix,baro_alt_m,vert_vel_ms,accel_x_g,accel_y_g,accel_z_g,accel_mag_g,quat_w,quat_x,quat_y,quat_z,voltage_v,current_ma,rssi
1782767628.981,242,61092,0,0.00000000,0.00000000,0.00,0,0,-40.80,0.260,-0.0980,1.1270,0.6860,1.3230,0.579163,0.106934,-0.051270,0.806580,7.753,75.0,-1
1782767629.230,243,61320,0,0.00000000,0.00000000,0.00,0,0,-40.71,0.399,-0.0980,1.2250,1.3720,1.8419,0.579163,0.106873,-0.051270,0.806580,7.753,76.2,-1
1782767629.417,244,61538,0,0.00000000,0.00000000,0.00,0,0,-40.64,0.582,1.1760,0.4900,1.7640,2.1760,0.579163,0.106934,-0.051270,0.806580,7.755,77.5,-1
1782767629.669,245,61761,0,0.00000000,0.00000000,0.00,0,0,-40.70,0.368,0.6860,0.3920,1.3720,1.5832,0.579163,0.106934,-0.051331,0.806580,7.755,77.5,-1
1782767629.917,246,61985,0,0.00000000,0.00000000,0.00,0,0,-40.64,0.422,0.2450,0.6370,1.4700,1.6207,0.579102,0.106934,-0.051392,0.806580,7.751,77.5,-1
1782767630.104,247,62211,0,0.00000000,0.00000000,0.00,0,0,-40.60,-0.055,0.3430,0.2940,1.3720,1.4445,0.579102,0.106934,-0.051392,0.806580,7.751,80.0,-1
1782767630.354,248,62435,0,0.00000000,0.00000000,0.00,0,0,-40.74,-0.544,0.7840,0.7840,1.3230,1.7262,0.579102,0.106995,-0.051392,0.806580,7.755,77.5,-1
1782767630.541,249,62652,0,0.00000000,0.00000000,0.00,0,0,-40.64,0.011,0.7840,0.2450,1.9110,2.0800,0.579163,0.106934,-0.051331,0.806580,7.749,80.0,-1
1782767630.792,250,62877,0,0.00000000,0.00000000,0.00,0,0,-40.72,0.117,0.5390,0.5390,1.8130,1.9667,0.579163,0.106934,-0.051331,0.806580,7.754,75.0,-1
1782767631.041,251,63103,0,0.00000000,0.00000000,0.00,0,0,-40.60,0.674,-0.1470,0.6860,2.1070,2.2207,0.579163,0.106873,-0.051331,0.806580,7.753,77.5,-1
1782767631.227,252,63324,0,0.00000000,0.00000000,0.00,0,0,-40.71,-0.059,0.3920,0.2940,1.5680,1.6428,0.579163,0.106873,-0.051270,0.806580,7.758,71.2,-1
1782767631.477,253,63541,0,0.00000000,0.00000000,0.00,0,0,-40.73,0.043,0.6370,1.2740,1.6170,2.1549,0.579163,0.106812,-0.051270,0.806580,7.755,75.0,-1
1782767631.662,254,63767,0,0.00000000,0.00000000,0.00,0,0,-40.73,0.100,0.7350,0.7350,1.8130,2.0898,0.579163,0.106812,-0.051208,0.806580,7.754,68.8,-1
1782767631.908,255,63994,0,0.00000000,0.00000000,0.00,0,0,-40.71,-0.195,-0.0980,0.5390,0.2940,0.6217,0.579163,0.106812,-0.051208,0.806580,7.753,77.5,-1
1782767632.095,256,64216,0,0.00000000,0.00000000,0.00,0,0,-40.72,-0.217,0.3430,0.3920,2.1070,2.1704,0.579163,0.106750,-0.051208,0.806580,7.753,80.0,-1
1782767632.341,257,64440,0,0.00000000,0.00000000,0.00,0,0,-40.66,0.325,0.3920,0.1960,1.1760,1.2550,0.579163,0.106750,-0.051208,0.806580,7.754,73.8,-1
1782767632.592,258,64660,0,0.00000000,0.00000000,0.00,0,0,-40.72,-0.112,0.5880,0.3920,1.5680,1.7199,0.579163,0.106750,-0.051147,0.806580,7.753,76.2,-1
1782767632.780,259,64879,0,0.00000000,0.00000000,0.00,0,0,-40.78,-0.347,0.4410,0.8820,1.9110,2.1504,0.579163,0.106812,-0.051208,0.806580,7.753,81.2,-1
1782767633.028,260,65098,0,0.00000000,0.00000000,0.00,0,0,-40.62,0.630,0.0490,0.8330,1.9600,2.1302,0.579163,0.106873,-0.051270,0.806580,7.756,76.2,-1
1782767633.215,261,65324,0,0.00000000,0.00000000,0.00,0,0,-40.74,-0.676,0.4900,0.4410,2.0580,2.1610,0.579163,0.106873,-0.051270,0.806580,7.754,75.0,-1
1782767633.464,262,65542,0,0.00000000,0.00000000,0.00,0,0,-40.62,0.228,0.3430,0.7350,1.5190,1.7220,0.579163,0.106812,-0.051208,0.806580,7.754,76.2,-1
1782767633.650,263,65760,0,0.00000000,0.00000000,0.00,0,0,-40.70,-0.149,0.3920,0.3920,1.7150,1.8024,0.579163,0.106812,-0.051208,0.806580,7.751,78.8,-1
1782767633.902,264,65980,0,0.00000000,0.00000000,0.00,0,0,-40.64,0.249,0.2450,0.5390,0.7840,0.9824,0.579163,0.106750,-0.051208,0.806580,7.750,87.5,-1
1782767634.088,265,66205,0,0.00000000,0.00000000,0.00,0,0,-40.64,0.245,0.4410,1.1270,1.5680,1.9807,0.579163,0.106812,-0.051208,0.806580,7.756,70.0,-1
1782767634.338,266,66426,0,0.00000000,0.00000000,0.00,0,0,-40.67,0.198,0.2450,0.3920,1.4210,1.4943,0.579163,0.106812,-0.051208,0.806580,7.754,76.2,-1
1782767634.525,267,66642,0,0.00000000,0.00000000,0.00,0,0,-40.68,0.226,0.8330,-0.1960,1.8620,2.0492,0.579163,0.106812,-0.051208,0.806580,7.750,77.5,-1
1782767634.775,268,66867,0,0.00000000,0.00000000,0.00,0,0,-40.74,0.046,0.6860,0.1960,1.8130,1.9483,0.579163,0.106812,-0.051208,0.806580,7.756,70.0,-1
1782767635.025,269,67087,0,0.00000000,0.00000000,0.00,0,0,-40.66,0.390,0.6860,1.0290,2.4500,2.7444,0.579163,0.106873,-0.051270,0.806580,7.755,72.5,-1
1782767635.212,270,67305,0,0.00000000,0.00000000,0.00,0,0,-40.68,0.345,0.6370,1.0780,0.6370,1.4049,0.579163,0.106873,-0.051270,0.806580,7.754,71.2,-1
1782767635.399,271,67517,0,0.00000000,0.00000000,0.00,0,0,-40.54,0.565,0.4410,0.1960,1.3720,1.4544,0.579163,0.106934,-0.051270,0.806580,7.755,76.2,-1
1782767635.647,272,67737,0,0.00000000,0.00000000,0.00,0,0,-40.64,-0.015,-0.0490,0.5880,1.2740,1.4040,0.579163,0.106873,-0.051208,0.806580,7.753,75.0,-1
1782767635.836,273,67957,0,0.00000000,0.00000000,0.00,0,0,-40.79,-0.537,0.3920,0.4410,1.2740,1.4040,0.579163,0.106873,-0.051208,0.806519,7.754,75.0,-1
1782767636.084,274,68178,0,0.00000000,0.00000000,0.00,0,0,-40.64,0.243,0.6860,0.5390,1.9110,2.1007,0.579163,0.106812,-0.051270,0.806580,7.755,75.0,-1
1782767636.334,275,68399,0,0.00000000,0.00000000,0.00,0,0,-40.69,-0.248,0.2450,0.3920,1.2740,1.3553,0.579285,0.106750,-0.051208,0.806519,7.759,68.8,-1
1782767636.523,276,68612,0,0.00000000,0.00000000,0.00,0,0,-40.65,0.063,-1.1270,2.1070,-0.1960,2.3975,0.579285,0.106689,-0.051208,0.806519,7.751,75.0,-1
1782767636.772,277,68840,0,0.00000000,0.00000000,0.00,0,0,-40.63,0.267,0.4410,0.1470,1.7150,1.7769,0.579346,0.106628,-0.051270,0.806458,7.755,72.5,-1
1782767636.957,278,69059,0,0.00000000,0.00000000,0.00,0,0,-40.61,0.483,-0.0490,1.0780,1.0290,1.4911,0.579346,0.106628,-0.051270,0.806458,7.751,76.2,-1
1782767637.206,279,69279,0,0.00000000,0.00000000,0.00,0,0,-40.69,-0.176,0.2450,0.2940,1.5190,1.5665,0.579346,0.106628,-0.051270,0.806458,7.754,76.2,-1
1782767637.455,280,69524,0,0.00000000,0.00000000,0.00,0,0,-40.63,-0.045,0.5390,0.3920,1.6660,1.7944,0.579346,0.106689,-0.051208,0.806458,7.754,73.8,-1
1782767637.642,281,69753,0,0.00000000,0.00000000,0.00,0,0,-40.66,0.031,1.1270,0.6370,3.3320,3.5746,0.579346,0.106689,-0.051208,0.806458,7.751,73.8,-1
1782767637.894,282,69973,0,0.00000000,0.00000000,0.00,0,0,-40.63,-0.096,-0.0490,0.8820,1.1760,1.4708,0.579346,0.106689,-0.051208,0.806458,7.750,78.8,-1
1782767638.081,283,70196,0,0.00000000,0.00000000,0.00,0,0,-40.56,0.454,-0.0490,0.7350,1.0780,1.3056,0.579346,0.106689,-0.051208,0.806458,7.753,75.0,-1
1782767638.334,284,70419,0,0.00000000,0.00000000,0.00,0,0,-40.65,-0.417,0.2940,0.6860,1.7150,1.8704,0.579346,0.106689,-0.051208,0.806458,7.753,77.5,-1
1782767638.521,285,70636,0,0.00000000,0.00000000,0.00,0,0,-40.64,0.048,0.1960,0.6370,1.5190,1.6588,0.579346,0.106689,-0.051208,0.806458,7.754,73.8,-1
1782767638.770,286,70862,0,0.00000000,0.00000000,0.00,0,0,-40.63,0.160,0.0000,0.6860,1.4700,1.6222,0.579346,0.106689,-0.051147,0.806458,7.751,76.2,-1
1782767638.958,287,71082,0,0.00000000,0.00000000,0.00,0,0,-40.59,0.113,0.0980,0.7350,1.3720,1.5596,0.579346,0.106689,-0.051147,0.806458,7.754,76.2,-1
1782767639.207,288,71302,0,0.00000000,0.00000000,0.00,0,0,-40.55,0.387,0.4410,0.6370,1.8130,1.9716,0.579346,0.106750,-0.051208,0.806458,7.751,75.0,-1
1782767639.394,289,71517,0,0.00000000,0.00000000,0.00,0,0,-40.62,-0.003,0.3430,0.6370,1.7640,1.9066,0.579346,0.106812,-0.051208,0.806396,7.753,73.8,-1
1782767639.642,290,71743,0,0.00000000,0.00000000,0.00,0,0,-40.64,0.655,0.7350,0.3430,1.2250,1.4692,0.579346,0.106873,-0.051270,0.806396,7.753,78.8,-1
1782767639.890,291,71967,0,0.00000000,0.00000000,0.00,0,0,-40.56,0.636,0.0980,0.4410,2.1070,2.1549,0.579346,0.106812,-0.051270,0.806396,7.756,72.5,-1
1782767640.078,292,72186,0,0.00000000,0.00000000,0.00,0,0,-40.65,-0.319,0.2940,0.2450,1.6170,1.6617,0.579346,0.106812,-0.051208,0.806396,7.756,76.2,-1
1782767640.328,293,72409,0,0.00000000,0.00000000,0.00,0,0,-40.53,0.259,0.1960,0.3430,1.4210,1.4749,0.579346,0.106750,-0.051208,0.806458,7.753,75.0,-1
1782767640.515,294,72632,0,0.00000000,0.00000000,0.00,0,0,-40.62,-0.092,0.1470,0.8820,1.0780,1.4006,0.579346,0.106812,-0.051270,0.806396,7.751,73.8,-1
1782767640.763,295,72859,0,0.00000000,0.00000000,0.00,0,0,-40.71,-0.001,0.4410,0.3920,2.0580,2.1409,0.579346,0.106873,-0.051270,0.806396,7.753,75.0,-1
1782767640.949,296,73059,0,0.00000000,0.00000000,0.00,0,0,-40.65,0.213,0.4410,1.0780,1.8620,2.1963,0.579346,0.106873,-0.051270,0.806396,7.754,76.2,-1
1782767641.197,297,73279,0,0.00000000,0.00000000,0.00,0,0,-40.67,-0.404,0.0490,0.3430,0.9800,1.0394,0.579346,0.106812,-0.051270,0.806396,7.755,77.5,-1
1782767641.443,298,73522,0,0.00000000,0.00000000,0.00,0,0,-40.71,-0.538,-0.0490,0.7840,1.6660,1.8419,0.579346,0.106873,-0.051270,0.806396,7.753,77.5,-1
1782767641.690,299,73752,0,0.00000000,0.00000000,0.00,0,0,-40.66,-0.210,0.2450,0.7350,1.6660,1.8373,0.579346,0.106934,-0.051331,0.806396,7.750,75.0,-1
1782767641.877,300,73974,0,0.00000000,0.00000000,0.00,0,0,-40.69,-0.173,0.3920,0.7840,1.3720,1.6281,0.579346,0.106873,-0.051331,0.806396,7.754,73.8,-1
1782767642.126,301,74200,0,0.00000000,0.00000000,0.00,0,0,-40.50,0.581,0.0980,0.4410,1.3230,1.3980,0.579346,0.106934,-0.051331,0.806396,7.749,75.0,-1
1782767642.313,302,74424,0,0.00000000,0.00000000,0.00,0,0,-40.63,-0.393,0.1470,0.7840,0.9800,1.2636,0.579346,0.106995,-0.051331,0.806396,7.753,78.8,-1
1782767642.564,303,74642,0,0.00000000,0.00000000,0.00,0,0,-40.70,-0.691,0.0980,0.5390,1.6170,1.7073,0.579346,0.106934,-0.051331,0.806396,7.756,71.2,-1
1782767642.752,304,74862,0,0.00000000,0.00000000,0.00,0,0,-40.69,0.047,0.2450,0.8820,1.7640,1.9874,0.579346,0.106934,-0.051331,0.806396,7.751,75.0,-1
1782767643.000,305,75085,0,0.00000000,0.00000000,0.00,0,0,-40.64,-0.009,0.5390,-0.2450,1.5190,1.6303,0.579346,0.106995,-0.051392,0.806396,7.753,73.8,-1
1782767643.187,306,75307,0,0.00000000,0.00000000,0.00,0,0,-40.68,0.118,0.3430,0.2450,1.5680,1.6237,0.579346,0.106995,-0.051392,0.806396,7.754,76.2,-1
1782767643.439,307,75525,0,0.00000000,0.00000000,0.00,0,0,-40.70,0.016,0.4410,1.1270,2.3030,2.6016,0.579346,0.106995,-0.051392,0.806396,7.753,72.5,-1
1782767643.626,308,75747,0,0.00000000,0.00000000,0.00,0,0,-40.71,0.092,0.6370,0.5880,2.0580,2.2331,0.579346,0.106995,-0.051392,0.806396,7.753,75.0,-1
1782767643.876,309,75947,0,0.00000000,0.00000000,0.00,0,0,-40.58,0.315,0.3920,1.1760,2.5970,2.8777,0.579346,0.106995,-0.051392,0.806396,7.755,76.2,-1
1782767644.061,310,76175,0,0.00000000,0.00000000,0.00,0,0,-40.61,0.139,0.4410,0.6860,0.0980,0.8214,0.579346,0.106995,-0.051392,0.806396,7.754,71.2,-1
1782767644.311,311,76394,0,0.00000000,0.00000000,0.00,0,0,-40.61,0.104,0.0000,0.9310,1.2740,1.5779,0.579346,0.106995,-0.051392,0.806396,7.751,72.5,-1
1782767644.498,312,76609,0,0.00000000,0.00000000,0.00,0,0,-40.68,0.237,0.3430,1.0290,1.1760,1.5998,0.579346,0.106995,-0.051392,0.806396,7.755,77.5,-1
1782767644.747,313,76831,0,0.00000000,0.00000000,0.00,0,0,-40.57,0.578,0.1470,0.1960,1.2740,1.2973,0.579346,0.106995,-0.051392,0.806396,7.753,72.5,-1
1782767644.934,314,77054,0,0.00000000,0.00000000,0.00,0,0,-40.53,0.431,0.0000,1.0290,0.5390,1.1616,0.579346,0.106995,-0.051331,0.806396,7.753,72.5,-1
1782767645.185,315,77280,0,0.00000000,0.00000000,0.00,0,0,-40.61,0.026,0.5880,0.2450,2.0580,2.1543,0.579346,0.106934,-0.051331,0.806396,7.758,73.8,-1
1782767645.436,316,77524,0,0.00000000,0.00000000,0.00,0,0,-40.61,-0.122,0.7350,1.3720,1.5190,2.1748,0.579346,0.106934,-0.051331,0.806396,7.756,73.8,-1
1782767645.684,317,77751,0,0.00000000,0.00000000,0.00,0,0,-40.69,-0.175,0.1470,1.0290,1.0290,1.4626,0.579346,0.106873,-0.051270,0.806396,7.756,71.2,-1
1782767645.871,318,77978,0,0.00000000,0.00000000,0.00,0,0,-40.71,-0.055,-0.3430,0.5390,0.4900,0.8052,0.579346,0.106812,-0.051270,0.806396,7.756,73.8,-1
1782767646.119,319,78202,0,0.00000000,0.00000000,0.00,0,0,-40.57,0.490,0.4410,0.5390,1.8620,1.9880,0.579346,0.106750,-0.051208,0.806458,7.758,71.2,-1
1782767646.307,320,78419,0,0.00000000,0.00000000,0.00,0,0,-40.65,-0.051,0.3920,0.7350,1.2740,1.5222,0.579346,0.106750,-0.051208,0.806458,7.755,70.0,-1
1782767646.558,321,78629,0,0.00000000,0.00000000,0.00,0,0,-40.62,0.084,1.2250,0.4410,2.4010,2.7313,0.579346,0.106750,-0.051208,0.806458,7.753,77.5,-1
1782767646.745,322,78851,0,0.00000000,0.00000000,0.00,0,0,-40.70,-0.058,0.4900,0.7840,1.2250,1.5347,0.579346,0.106750,-0.051208,0.806458,7.753,78.8,-1
1782767646.999,323,79071,0,0.00000000,0.00000000,0.00,0,0,-40.83,-0.935,0.0000,1.0780,1.0780,1.5245,0.579346,0.106750,-0.051208,0.806458,7.751,80.0,-1
1782767647.186,324,79295,0,0.00000000,0.00000000,0.00,0,0,-40.79,0.202,0.0490,0.7840,1.7640,1.9310,0.579346,0.106750,-0.051208,0.806458,7.758,73.8,-1
1782767647.434,325,79539,0,0.00000000,0.00000000,0.00,0,0,-40.73,0.103,0.2940,0.8330,2.0580,2.2396,0.579346,0.106750,-0.051208,0.806458,7.755,72.5,-1
1782767647.685,326,79765,0,0.00000000,0.00000000,0.00,0,0,-40.72,0.297,0.0490,0.6370,1.7150,1.8301,0.579346,0.106873,-0.051270,0.806396,7.756,70.0,-1
1782767647.872,327,79988,0,0.00000000,0.00000000,0.00,0,0,-40.59,0.882,-0.9310,2.1070,-0.0490,2.3040,0.579346,0.106873,-0.051331,0.806396,7.753,76.2,-1
1782767648.122,328,80214,0,0.00000000,0.00000000,0.00,0,0,-40.72,-0.031,0.5880,0.8330,2.6950,2.8814,0.579346,0.106873,-0.051392,0.806396,7.758,75.0,-1
1782767648.372,329,80437,0,0.00000000,0.00000000,0.00,0,0,-40.71,0.352,0.4900,0.1470,2.4500,2.5028,0.579346,0.106873,-0.051392,0.806396,7.758,72.5,-1
1782767648.558,330,80654,0,0.00000000,0.00000000,0.00,0,0,-40.71,0.043,-0.4900,1.0290,1.7150,2.0592,0.579346,0.106873,-0.051392,0.806396,7.754,76.2,-1
1782767648.808,331,80879,0,0.00000000,0.00000000,0.00,0,0,-40.78,-0.447,0.0000,2.4010,0.6370,2.4841,0.579346,0.106934,-0.051392,0.806396,7.754,71.2,-1
1782767648.996,332,81103,0,0.00000000,0.00000000,0.00,0,0,-40.68,0.424,0.0490,0.7840,1.0780,1.3338,0.579346,0.106873,-0.051331,0.806396,7.755,75.0,-1
1782767649.244,333,81330,0,0.00000000,0.00000000,0.00,0,0,-40.64,0.519,0.3430,0.5880,2.1070,2.2142,0.579346,0.106873,-0.051331,0.806396,7.755,71.2,-1
1782767649.431,334,81546,0,0.00000000,0.00000000,0.00,0,0,-40.72,-0.256,-0.0980,1.6170,1.4700,2.1875,0.579346,0.106873,-0.051331,0.806396,7.755,75.0,-1
1782767649.682,335,81770,0,0.00000000,0.00000000,0.00,0,0,-40.79,-0.681,0.1470,1.7640,1.8130,2.5338,0.579346,0.106934,-0.051331,0.806396,7.758,71.2,-1
1782767649.867,336,81988,0,0.00000000,0.00000000,0.00,0,0,-40.71,0.195,-0.4410,1.0290,-0.0490,1.1206,0.579346,0.106934,-0.051331,0.806396,7.751,80.0,-1
1782767650.115,337,82211,0,0.00000000,0.00000000,0.00,0,0,-40.78,-0.198,0.1470,0.3430,1.5190,1.5642,0.579346,0.106934,-0.051331,0.806396,7.756,68.8,-1
1782767650.306,338,82430,0,0.00000000,0.00000000,0.00,0,0,-40.80,0.075,0.7350,0.6860,2.4500,2.6483,0.579346,0.106934,-0.051331,0.806396,7.759,73.8,-1
1782767650.556,339,82643,0,0.00000000,0.00000000,0.00,0,0,-40.72,0.000,0.9800,0.9800,0.6860,1.5464,0.579346,0.106873,-0.051270,0.806396,7.755,72.5,-1
1782767650.742,340,82859,0,0.00000000,0.00000000,0.00,0,0,-40.74,0.089,0.0980,0.5880,1.5680,1.6775,0.579346,0.106812,-0.051270,0.806396,7.751,76.2,-1
1782767650.993,341,83083,0,0.00000000,0.00000000,0.00,0,0,-40.70,0.247,-0.0490,0.7350,1.4700,1.6442,0.579346,0.106750,-0.051208,0.806458,7.755,73.8,-1
1782767651.243,342,83306,0,0.00000000,0.00000000,0.00,0,0,-40.71,0.231,0.6370,1.9110,1.7150,2.6455,0.579346,0.106750,-0.051208,0.806458,7.754,72.5,-1
1782767651.431,343,83527,0,0.00000000,0.00000000,0.00,0,0,-40.59,0.470,0.7350,0.7350,2.5970,2.7973,0.579346,0.106750,-0.051208,0.806458,7.755,75.0,-1
1782767651.682,344,83751,0,0.00000000,0.00000000,0.00,0,0,-40.82,-0.804,-0.2940,0.5390,1.2740,1.4142,0.579346,0.106750,-0.051208,0.806458,7.754,75.0,-1
1782767651.868,345,83975,0,0.00000000,0.00000000,0.00,0,0,-40.75,0.104,-0.3920,1.0780,0.6860,1.3365,0.579346,0.106750,-0.051208,0.806458,7.756,72.5,-1
1782767652.114,346,84198,0,0.00000000,0.00000000,0.00,0,0,-40.64,0.455,0.3920,1.0290,0.9800,1.4741,0.579346,0.106750,-0.051208,0.806458,7.758,71.2,-1
1782767652.303,347,84423,0,0.00000000,0.00000000,0.00,0,0,-40.64,0.293,0.4410,0.5880,0.9800,1.2250,0.579346,0.106812,-0.051270,0.806396,7.753,82.5,-1
1782767652.550,348,84635,0,0.00000000,0.00000000,0.00,0,0,-40.61,0.081,0.0980,0.5390,0.9800,1.1227,0.579346,0.106812,-0.051270,0.806396,7.756,71.2,-1
1782767652.736,349,84858,0,0.00000000,0.00000000,0.00,0,0,-40.72,-0.429,0.5390,0.3430,1.1760,1.3383,0.579346,0.106812,-0.051270,0.806396,7.759,70.0,-1
1782767652.984,350,85084,0,0.00000000,0.00000000,0.00,0,0,-40.69,-0.032,0.1960,0.4410,2.0580,2.1138,0.579346,0.106812,-0.051270,0.806396,7.749,80.0,-1
1782767653.231,351,85307,0,0.00000000,0.00000000,0.00,0,0,-40.77,-0.381,0.4900,0.1470,1.1760,1.2825,0.579346,0.106812,-0.051208,0.806396,7.750,80.0,-1
1782767653.421,352,85522,0,0.00000000,0.00000000,0.00,0,0,-40.75,-0.364,0.4900,0.8820,1.3720,1.7031,0.579346,0.106750,-0.051208,0.806458,7.754,76.2,-1
1782767653.672,353,85747,0,0.00000000,0.00000000,0.00,0,0,-40.65,0.169,-0.3430,1.5190,1.0290,1.8665,0.579346,0.106750,-0.051208,0.806458,7.749,78.8,-1
1782767653.859,354,85972,0,0.00000000,0.00000000,0.00,0,0,-40.73,-0.395,0.1960,0.5880,1.3720,1.5055,0.579346,0.106689,-0.051208,0.806458,7.753,77.5,-1
1782767654.107,355,86199,0,0.00000000,0.00000000,0.00,0,0,-40.60,0.343,0.0980,0.4410,1.8130,1.8684,0.579346,0.106750,-0.051208,0.806458,7.755,73.8,-1
1782767654.296,356,86417,0,0.00000000,0.00000000,0.00,0,0,-40.51,0.451,0.4410,0.2940,1.4210,1.5166,0.579346,0.106750,-0.051208,0.806458,7.755,75.0,-1
1782767654.546,357,86632,0,0.00000000,0.00000000,0.00,0,0,-40.78,-1.100,-0.5880,0.5390,1.8130,1.9807,0.579346,0.106750,-0.051208,0.806458,7.754,75.0,-1
1782767654.734,358,86853,0,0.00000000,0.00000000,0.00,0,0,-40.69,-0.035,0.2940,0.7350,1.3720,1.5840,0.579346,0.106750,-0.051208,0.806458,7.753,76.2,-1
1782767654.981,359,87077,0,0.00000000,0.00000000,0.00,0,0,-40.77,-0.314,0.2450,0.9800,0.8330,1.3093,0.579346,0.106750,-0.051208,0.806458,7.755,76.2,-1
1782767655.230,360,87301,0,0.00000000,0.00000000,0.00,0,0,-40.66,0.206,0.4410,0.4900,1.7150,1.8373,0.579346,0.106812,-0.051270,0.806396,7.753,75.0,-1
1782767655.419,361,87516,0,0.00000000,0.00000000,0.00,0,0,-40.77,-0.309,0.4410,0.3430,1.4210,1.5269,0.579346,0.106873,-0.051270,0.806396,7.755,75.0,-1
1782767655.667,362,87740,0,0.00000000,0.00000000,0.00,0,0,-40.65,0.140,0.0490,0.5390,1.4700,1.5665,0.579346,0.106812,-0.051270,0.806396,7.753,75.0,-1
1782767655.852,363,87962,0,0.00000000,0.00000000,0.00,0,0,-40.64,0.305,0.1470,0.5880,0.9800,1.1523,0.579346,0.106750,-0.051208,0.806458,7.750,75.0,-1
1782767656.101,364,88183,0,0.00000000,0.00000000,0.00,0,0,-40.63,0.134,0.0490,0.8820,1.0290,1.3562,0.579346,0.106812,-0.051208,0.806396,7.754,73.8,-1
1782767656.287,365,88402,0,0.00000000,0.00000000,0.00,0,0,-40.66,0.288,0.1960,0.4900,1.7640,1.8413,0.579346,0.106812,-0.051270,0.806396,7.753,77.5,-1
1782767656.535,366,88618,0,0.00000000,0.00000000,0.00,0,0,-40.70,-0.259,-0.0980,0.3430,2.1070,2.1370,0.579346,0.106812,-0.051270,0.806396,7.753,73.8,-1
1782767656.723,367,88847,0,0.00000000,0.00000000,0.00,0,0,-40.75,0.032,0.4410,0.0000,1.8130,1.8659,0.579346,0.106812,-0.051208,0.806396,7.755,75.0,-1
1782767656.972,368,89074,0,0.00000000,0.00000000,0.00,0,0,-40.70,0.193,0.5390,0.6860,1.5680,1.7944,0.579346,0.106750,-0.051208,0.806458,7.746,78.8,-1
1782767657.224,369,89298,0,0.00000000,0.00000000,0.00,0,0,-40.64,0.407,-0.0490,0.5390,1.5190,1.6125,0.579346,0.106750,-0.051208,0.806458,7.755,73.8,-1
1782767657.410,370,89513,0,0.00000000,0.00000000,0.00,0,0,-40.78,-0.267,0.3430,1.1270,1.4700,1.8838,0.579346,0.106812,-0.051147,0.806396,7.750,76.2,-1
1782767657.659,371,89739,0,0.00000000,0.00000000,0.00,0,0,-40.73,0.328,0.4410,2.4010,1.1760,2.7097,0.579346,0.106873,-0.051147,0.806396,7.755,73.8,-1
1782767657.846,372,89959,0,0.00000000,0.00000000,0.00,0,0,-40.69,0.244,0.7350,-0.0490,1.3230,1.5143,0.579346,0.106873,-0.051208,0.806396,7.753,76.2,-1
1782767658.097,373,90179,0,0.00000000,0.00000000,0.00,0,0,-40.85,-0.810,0.9800,0.2940,2.2050,2.4308,0.579346,0.106934,-0.051208,0.806396,7.751,75.0,-1
1782767658.282,374,90396,0,0.00000000,0.00000000,0.00,0,0,-40.72,0.334,0.5880,0.6370,2.0580,2.2331,0.579346,0.106873,-0.051208,0.806396,7.753,75.0,-1
1782767658.530,375,90611,0,0.00000000,0.00000000,0.00,0,0,-40.76,-0.183,0.1960,0.9310,2.2540,2.4466,0.579346,0.106873,-0.051270,0.806396,7.754,73.8,-1
1782767658.717,376,90830,0,0.00000000,0.00000000,0.00,0,0,-40.81,-0.343,0.5390,0.5880,1.2250,1.4618,0.579346,0.106934,-0.051270,0.806396,7.754,75.0,-1
1782767658.966,377,91030,0,0.00000000,0.00000000,0.00,0,0,-40.78,0.053,-0.0980,0.4900,1.0290,1.1439,0.579346,0.106934,-0.051331,0.806396,7.750,73.8,-1
1782767659.155,378,91252,0,0.00000000,0.00000000,0.00,0,0,-40.75,0.202,0.3920,0.5390,1.6660,1.7944,0.579346,0.106934,-0.051331,0.806396,7.754,75.0,-1
1782767659.404,379,91470,0,0.00000000,0.00000000,0.00,0,0,-40.79,0.070,0.0980,0.4900,2.1070,2.1654,0.579346,0.106934,-0.051331,0.806396,7.750,75.0,-1
1782767659.590,380,91685,0,0.00000000,0.00000000,0.00,0,0,-40.72,-0.091,1.5680,0.2450,2.1070,2.6378,0.579346,0.106934,-0.051331,0.806396,7.751,73.8,-1
1782767659.841,381,91916,0,0.00000000,0.00000000,0.00,0,0,-40.70,0.001,-0.3920,1.6170,0.7840,1.8393,0.579346,0.106873,-0.051270,0.806396,7.754,71.2,-1
1782767660.029,382,92144,0,0.00000000,0.00000000,0.00,0,0,-40.70,-0.185,0.8330,0.2450,1.1760,1.4618,0.579346,0.106934,-0.051331,0.806396,7.755,75.0,-1
1782767660.278,383,92365,0,0.00000000,0.00000000,0.00,0,0,-40.73,-0.212,0.2450,1.0780,1.3720,1.7620,0.579346,0.106934,-0.051331,0.806396,7.756,73.8,-1
1782767660.464,384,92580,0,0.00000000,0.00000000,0.00,0,0,-40.73,0.276,0.7350,0.2940,2.2050,2.3428,0.579346,0.106934,-0.051331,0.806396,7.754,73.8,-1
1782767660.710,385,92806,0,0.00000000,0.00000000,0.00,0,0,-40.72,0.211,0.7840,0.5390,2.3520,2.5371,0.579346,0.106934,-0.051331,0.806396,7.755,73.8,-1
1782767660.960,386,93027,0,0.00000000,0.00000000,0.00,0,0,-40.60,0.964,0.0490,0.8330,1.2250,1.4822,0.579346,0.106934,-0.051331,0.806396,7.758,76.2,-1
1782767661.145,387,93254,0,0.00000000,0.00000000,0.00,0,0,-40.70,-0.176,0.2450,0.6860,1.8620,1.9994,0.579346,0.106873,-0.051331,0.806396,7.751,75.0,-1
1782767661.398,388,93477,0,0.00000000,0.00000000,0.00,0,0,-40.74,-0.200,0.2450,0.7350,1.7150,1.8819,0.579346,0.106873,-0.051270,0.806396,7.756,67.5,-1
1782767661.586,389,93695,0,0.00000000,0.00000000,0.00,0,0,-40.81,-0.427,-0.3430,0.5880,1.5680,1.7094,0.579346,0.106873,-0.051270,0.806396,7.753,76.2,-1
1782767661.833,390,93918,0,0.00000000,0.00000000,0.00,0,0,-40.69,0.429,0.1960,0.6860,1.3720,1.5464,0.579346,0.106873,-0.051331,0.806396,7.755,71.2,-1
1782767662.019,391,94135,0,0.00000000,0.00000000,0.00,0,0,-40.72,-0.075,0.4900,0.4410,1.0780,1.2636,0.579346,0.106873,-0.051270,0.806396,7.754,76.2,-1
1782767662.268,392,94358,0,0.00000000,0.00000000,0.00,0,0,-40.61,0.061,0.4410,0.1470,1.4210,1.4951,0.579346,0.106812,-0.051270,0.806396,7.755,72.5,-1
1782767662.456,393,94579,0,0.00000000,0.00000000,0.00,0,0,-40.70,-0.330,0.0980,-0.1960,2.2540,2.2646,0.579346,0.106812,-0.051208,0.806396,7.756,71.2,-1
1782767662.705,394,94796,0,0.00000000,0.00000000,0.00,0,0,-40.71,0.050,0.7350,0.2450,1.5680,1.7490,0.579346,0.106873,-0.051270,0.806396,7.755,75.0,-1
1782767662.953,395,95021,0,0.00000000,0.00000000,0.00,0,0,-40.90,-0.514,0.1960,0.5880,0.7840,0.9994,0.579346,0.106873,-0.051270,0.806396,7.756,73.8,-1
1782767663.140,396,95240,0,0.00000000,0.00000000,0.00,0,0,-40.70,0.245,-0.0490,0.7840,2.1070,2.2487,0.579346,0.106873,-0.051331,0.806396,7.754,75.0,-1
1782767663.390,397,95460,0,0.00000000,0.00000000,0.00,0,0,-40.51,0.987,0.6860,0.0000,1.4700,1.6222,0.579346,0.106934,-0.051331,0.806396,7.756,75.0,-1
1782767663.577,398,95681,0,0.00000000,0.00000000,0.00,0,0,-40.73,-0.719,-0.0490,0.2940,0.4900,0.5735,0.579346,0.106934,-0.051331,0.806396,7.754,72.5,-1
1782767663.824,399,95901,0,0.00000000,0.00000000,0.00,0,0,-40.77,-0.114,0.2940,-0.0490,2.1560,2.1765,0.579346,0.106934,-0.051331,0.806396,7.756,75.0,-1
1782767664.011,400,96124,0,0.00000000,0.00000000,0.00,0,0,-40.62,0.493,0.2450,0.6860,1.2740,1.4675,0.579346,0.106873,-0.051331,0.806396,7.758,68.8,-1
1782767664.260,401,96350,0,0.00000000,0.00000000,0.00,0,0,-40.66,0.354,0.3920,1.0780,1.8130,2.1454,0.579346,0.106812,-0.051270,0.806396,7.753,81.2,-1
1782767664.449,402,96567,0,0.00000000,0.00000000,0.00,0,0,-40.72,-0.026,0.1470,0.4900,1.5190,1.6028,0.579346,0.106812,-0.051270,0.806396,7.756,72.5,-1
1782767664.700,403,96795,0,0.00000000,0.00000000,0.00,0,0,-40.77,-0.003,-0.1960,0.5390,0.8820,1.0521,0.579346,0.106812,-0.051270,0.806396,7.754,72.5,-1
1782767664.949,404,97012,0,0.00000000,0.00000000,0.00,0,0,-40.71,0.255,1.6170,0.6370,2.7440,3.2481,0.579346,0.106873,-0.051270,0.806396,7.751,80.0,-1
1782767665.136,405,97235,0,0.00000000,0.00000000,0.00,0,0,-40.56,0.449,0.6370,1.0780,1.5190,1.9686,0.579346,0.106812,-0.051270,0.806396,7.755,71.2,-1
1782767665.386,406,97456,0,0.00000000,0.00000000,0.00,0,0,-40.68,-0.733,0.0490,1.0290,1.0780,1.4911,0.579346,0.106812,-0.051270,0.806396,7.758,70.0,-1
1782767665.572,407,97674,0,0.00000000,0.00000000,0.00,0,0,-40.77,-0.768,0.2450,0.7840,2.4990,2.6305,0.579346,0.106750,-0.051208,0.806458,7.755,72.5,-1
1782767665.820,408,97900,0,0.00000000,0.00000000,0.00,0,0,-40.77,0.115,-0.5390,0.9310,1.0290,1.4887,0.579346,0.106750,-0.051208,0.806458,7.758,70.0,-1
1782767666.009,409,98125,0,0.00000000,0.00000000,0.00,0,0,-40.61,0.572,0.3430,0.0490,1.3230,1.3676,0.579346,0.106750,-0.051208,0.806458,7.758,68.8,-1
1782767666.256,410,98348,0,0.00000000,0.00000000,0.00,0,0,-40.73,-0.406,0.9310,0.6370,2.4500,2.6972,0.579346,0.106750,-0.051208,0.806458,7.759,71.2,-1
1782767666.446,411,98562,0,0.00000000,0.00000000,0.00,0,0,-40.72,-0.063,0.4410,0.9310,1.3720,1.7157,0.579346,0.106812,-0.051270,0.806396,7.758,70.0,-1
1782767666.695,412,98790,0,0.00000000,0.00000000,0.00,0,0,-40.70,0.329,0.3430,0.4410,1.3720,1.4814,0.579346,0.106812,-0.051208,0.806458,7.758,66.2,-1
1782767666.944,413,99016,0,0.00000000,0.00000000,0.00,0,0,-40.66,0.313,-0.2450,1.7640,2.3520,2.9502,0.579346,0.106750,-0.051208,0.806458,7.754,75.0,-1
1782767667.130,414,99241,0,0.00000000,0.00000000,0.00,0,0,-40.69,0.173,-0.3430,0.9800,1.1270,1.5324,0.579346,0.106812,-0.051208,0.806458,7.758,70.0,-1
1782767667.380,415,99461,0,0.00000000,0.00000000,0.00,0,0,-40.65,0.481,0.4410,1.1760,1.4210,1.8965,0.579346,0.106873,-0.051208,0.806396,7.758,67.5,-1
1782767667.566,416,99674,0,0.00000000,0.00000000,0.00,0,0,-40.67,0.024,0.3920,1.2740,1.7150,2.1721,0.579346,0.106934,-0.051270,0.806396,7.758,68.8,-1
1782767667.815,417,99897,0,0.00000000,0.00000000,0.00,0,0,-40.78,-0.495,-0.0490,0.1470,1.7150,1.7220,0.579346,0.106873,-0.051208,0.806396,7.758,71.2,-1
1782767668.001,418,100118,0,0.00000000,0.00000000,0.00,0,0,-40.77,0.207,0.0980,0.8820,1.7150,1.9310,0.579346,0.106812,-0.051208,0.806396,7.751,80.0,-1
1782767668.253,419,100343,0,0.00000000,0.00000000,0.00,0,0,-40.78,-0.138,0.4410,0.7350,1.7640,1.9612,0.579346,0.106812,-0.051208,0.806396,7.753,75.0,-1
1782767668.438,420,100554,0,0.00000000,0.00000000,0.00,0,0,-40.80,-0.199,0.0000,0.9310,1.7640,1.9946,0.579346,0.106750,-0.051208,0.806458,7.754,73.8,-1
1782767668.686,421,100772,0,0.00000000,0.00000000,0.00,0,0,-40.66,0.454,0.9310,0.1960,1.1270,1.4749,0.579346,0.106812,-0.051208,0.806396,7.756,76.2,-1
1782767668.874,422,100993,0,0.00000000,0.00000000,0.00,0,0,-40.69,0.209,0.2450,0.3920,1.4210,1.4943,0.579346,0.106873,-0.051270,0.806396,7.756,75.0,-1
1782767669.121,423,101213,0,0.00000000,0.00000000,0.00,0,0,-40.76,-0.256,0.0000,0.3430,1.5190,1.5572,0.579346,0.106934,-0.051270,0.806396,7.756,75.0,-1
1782767669.370,424,101432,0,0.00000000,0.00000000,0.00,0,0,-40.73,-0.401,0.0980,0.5880,1.7640,1.8620,0.579285,0.106934,-0.051331,0.806458,7.756,76.2,-1
1782767669.558,425,101647,0,0.00000000,0.00000000,0.00,0,0,-40.79,-0.306,0.6860,0.2940,2.1070,2.2353,0.579285,0.106873,-0.051453,0.806458,7.751,75.0,-1
1782767669.808,426,101874,0,0.00000000,0.00000000,0.00,0,0,-40.81,-0.423,0.2940,0.3430,1.2250,1.3056,0.579285,0.106995,-0.051331,0.806458,7.753,76.2,-1
1782767669.994,427,102095,0,0.00000000,0.00000000,0.00,0,0,-40.83,-0.147,0.0980,0.9310,1.5190,1.7843,0.579407,0.106873,-0.051453,0.806335,7.753,75.0,-1
1782767670.245,428,102314,0,0.00000000,0.00000000,0.00,0,0,-40.75,0.201,0.1470,0.3430,1.5190,1.5642,0.579407,0.106934,-0.051453,0.806335,7.751,75.0,-1
1782767670.436,429,102530,0,0.00000000,0.00000000,0.00,0,0,-40.63,0.454,0.0980,0.8330,1.6170,1.8216,0.579407,0.106934,-0.051453,0.806335,7.756,70.0,-1
1782767670.682,430,102754,0,0.00000000,0.00000000,0.00,0,0,-40.80,-0.659,0.7840,0.3430,1.7640,1.9606,0.579407,0.106873,-0.051392,0.806335,7.750,77.5,-1
1782767670.872,431,102979,0,0.00000000,0.00000000,0.00,0,0,-40.69,0.312,0.1960,0.5390,2.4990,2.5640,0.579407,0.106812,-0.051331,0.806335,7.754,78.8,-1
1782767671.122,432,103202,0,0.00000000,0.00000000,0.00,0,0,-40.80,-0.201,0.3430,0.7350,1.4700,1.6789,0.579407,0.106812,-0.051270,0.806335,7.754,75.0,-1
1782767671.308,433,103429,0,0.00000000,0.00000000,0.00,0,0,-40.78,0.086,0.3920,0.4900,1.3230,1.4643,0.579468,0.106750,-0.051270,0.806335,7.749,76.2,-1
1782767671.559,434,103643,0,0.00000000,0.00000000,0.00,0,0,-40.83,-0.342,-0.3430,1.6660,0.0490,1.7016,0.579468,0.106812,-0.051270,0.806335,7.755,75.0,-1
1782767671.744,435,103863,0,0.00000000,0.00000000,0.00,0,0,-40.76,0.168,0.2940,0.3430,1.3720,1.4445,0.579468,0.106750,-0.051270,0.806335,7.756,72.5,-1
1782767671.994,436,104086,0,0.00000000,0.00000000,0.00,0,0,-40.78,-0.125,0.4900,0.3430,1.6170,1.7241,0.579468,0.106750,-0.051208,0.806335,7.754,75.0,-1
1782767672.244,437,104312,0,0.00000000,0.00000000,0.00,0,0,-40.70,0.344,-0.0980,0.8330,1.2740,1.5253,0.579468,0.106750,-0.051208,0.806335,7.754,77.5,-1
1782767672.430,438,104525,0,0.00000000,0.00000000,0.00,0,0,-40.75,-0.050,0.1960,0.0490,1.8620,1.8729,0.579468,0.106750,-0.051208,0.806335,7.753,75.0,-1
1782767672.678,439,104749,0,0.00000000,0.00000000,0.00,0,0,-40.72,0.064,0.5880,0.5880,1.0780,1.3615,0.579468,0.106689,-0.051270,0.806396,7.749,76.2,-1
1782767672.865,440,104973,0,0.00000000,0.00000000,0.00,0,0,-40.76,-0.221,0.8330,0.3920,2.3030,2.4802,0.579407,0.106628,-0.051331,0.806396,7.755,76.2,-1
1782767673.115,441,105194,0,0.00000000,0.00000000,0.00,0,0,-40.72,0.117,1.0290,-1.0290,2.3030,2.7242,0.579407,0.106628,-0.051331,0.806396,7.751,75.0,-1
1782767673.302,442,105416,0,0.00000000,0.00000000,0.00,0,0,-40.75,0.001,0.3920,0.9310,1.8130,2.0754,0.579468,0.106628,-0.051270,0.806396,7.751,76.2,-1
1782767673.554,443,105636,0,0.00000000,0.00000000,0.00,0,0,-40.68,0.448,0.6860,0.5390,1.7640,1.9679,0.579468,0.106628,-0.051270,0.806396,7.755,68.8,-1
1782767673.740,444,105862,0,0.00000000,0.00000000,0.00,0,0,-40.81,-0.409,0.5390,0.5390,1.5680,1.7435,0.579468,0.106689,-0.051270,0.806396,7.753,76.2,-1
1782767675.859,445,107959,0,0.00000000,0.00000000,0.00,0,0,-0.06,0.000,0.7350,1.2250,1.5680,2.1212,0.579468,0.106689,-0.051270,0.806396,7.754,76.2,-1
1782767676.109,446,108185,0,0.00000000,0.00000000,0.00,0,0,-0.01,0.631,0.3430,0.3920,1.2740,1.3764,0.579407,0.106934,-0.051331,0.806335,7.754,76.2,-1
1782767676.295,447,108410,0,0.00000000,0.00000000,0.00,0,0,-0.01,-0.207,0.6370,0.5390,1.2250,1.4822,0.579407,0.106873,-0.051331,0.806335,7.760,75.0,-1
1782767676.545,448,108627,0,0.00000000,0.00000000,0.00,0,0,0.13,0.382,0.5390,0.2940,1.5190,1.6384,0.579407,0.106873,-0.051270,0.806335,7.756,76.2,-1
1782767676.735,449,108852,0,0.00000000,0.00000000,0.00,0,0,0.12,0.055,0.0490,0.4900,1.3720,1.4577,0.579468,0.106812,-0.051270,0.806335,7.755,76.2,-1
1782767676.985,450,109073,0,0.00000000,0.00000000,0.00,0,0,0.03,-0.096,0.4410,0.5880,1.7150,1.8659,0.579468,0.106812,-0.051270,0.806335,7.758,77.5,-1
1782767677.170,451,109292,0,0.00000000,0.00000000,0.00,0,0,0.04,-0.060,0.1960,0.1960,1.6660,1.6889,0.579468,0.106812,-0.051208,0.806335,7.754,78.8,-1
1782767677.418,452,109536,0,0.00000000,0.00000000,0.00,0,0,0.06,-0.040,0.0490,0.4410,1.3230,1.3954,0.579468,0.106750,-0.051270,0.806396,7.756,76.2,-1
1782767677.666,453,109760,0,0.00000000,0.00000000,0.00,0,0,-0.05,-0.335,0.6370,-0.0490,1.6660,1.7843,0.579407,0.106750,-0.051331,0.806335,7.754,81.2,-1
1782767677.915,454,109985,0,0.00000000,0.00000000,0.00,0,0,0.04,0.190,0.4900,0.6860,1.7640,1.9551,0.579468,0.106750,-0.051270,0.806335,7.753,77.5,-1
1782767678.102,455,110205,0,0.00000000,0.00000000,0.00,0,0,0.17,0.465,0.4410,1.0290,1.8130,2.1308,0.579468,0.106750,-0.051270,0.806396,7.756,72.5,-1
1782767678.354,456,110424,0,0.00000000,0.00000000,0.00,0,0,0.02,-0.652,0.5390,0.8820,2.4010,2.6140,0.579468,0.106750,-0.051270,0.806396,7.755,78.8,-1
1782767678.541,457,110636,0,0.00000000,0.00000000,0.00,0,0,0.08,0.242,0.1960,0.6370,0.8330,1.0668,0.579468,0.106689,-0.051270,0.806396,7.758,70.0,-1
1782767678.786,458,110853,0,0.00000000,0.00000000,0.00,0,0,0.10,-0.000,0.4410,0.3430,1.3230,1.4361,0.579407,0.106750,-0.051270,0.806396,7.755,75.0,-1
1782767678.972,459,111073,0,0.00000000,0.00000000,0.00,0,0,0.10,-0.305,0.0980,0.7840,1.5680,1.7558,0.579468,0.106750,-0.051270,0.806396,7.755,75.0,-1
1782767679.221,460,111297,0,0.00000000,0.00000000,0.00,0,0,0.21,0.542,0.5880,-0.3430,1.3720,1.5316,0.579468,0.106750,-0.051270,0.806396,7.755,72.5,-1
1782767679.471,461,111540,0,0.00000000,0.00000000,0.00,0,0,0.10,0.022,0.1960,0.5880,1.5190,1.6406,0.579468,0.106750,-0.051208,0.806396,7.756,70.0,-1
1782767679.658,462,111770,0,0.00000000,0.00000000,0.00,0,0,0.18,0.416,-0.3920,0.7350,2.0090,2.1748,0.579468,0.106750,-0.051208,0.806396,7.753,72.5,-1
1782767679.906,463,111992,0,0.00000000,0.00000000,0.00,0,0,0.04,-0.514,-0.0980,0.9310,1.3230,1.6207,0.579468,0.106750,-0.051208,0.806396,7.756,75.0,-1
1782767680.095,464,112211,0,0.00000000,0.00000000,0.00,0,0,0.11,0.090,-0.0980,0.6370,1.7640,1.8780,0.579468,0.106750,-0.051208,0.806396,7.756,75.0,-1
1782767680.347,465,112437,0,0.00000000,0.00000000,0.00,0,0,0.10,0.078,-0.1960,1.6170,0.7350,1.7870,0.579468,0.106750,-0.051208,0.806396,7.754,72.5,-1
1782767680.535,466,112652,0,0.00000000,0.00000000,0.00,0,0,0.11,-0.043,0.6860,1.2250,1.7640,2.2545,0.579468,0.106750,-0.051208,0.806335,7.754,73.8,-1
1782767680.787,467,112852,0,0.00000000,0.00000000,0.00,0,0,0.04,-0.431,-0.0490,0.8820,0.3920,0.9664,0.579468,0.106750,-0.051208,0.806335,7.756,76.2,-1
1782767680.974,468,113069,0,0.00000000,0.00000000,0.00,0,0,0.09,0.368,1.0780,0.2940,2.5480,2.7822,0.579468,0.106812,-0.051270,0.806335,7.753,76.2,-1
1782767681.225,469,113289,0,0.00000000,0.00000000,0.00,0,0,-0.03,-0.506,0.2450,0.5390,1.4210,1.5394,0.579468,0.106750,-0.051208,0.806335,7.753,76.2,-1
1782767681.475,470,113537,0,0.00000000,0.00000000,0.00,0,0,0.15,0.331,0.3920,1.8130,1.5680,2.4288,0.579468,0.106750,-0.051208,0.806396,7.755,75.0,-1
1782767681.659,471,113760,0,0.00000000,0.00000000,0.00,0,0,0.06,-0.358,0.4410,0.8820,1.6660,1.9360,0.579468,0.106689,-0.051208,0.806396,7.754,73.8,-1
1782767681.910,472,113984,0,0.00000000,0.00000000,0.00,0,0,0.19,0.440,0.5880,0.6860,1.4210,1.6839,0.579468,0.106628,-0.051208,0.806396,7.754,73.8,-1
1782767682.098,473,114204,0,0.00000000,0.00000000,0.00,0,0,0.10,-0.165,-0.2940,1.3720,0.9310,1.6839,0.579468,0.106750,-0.051331,0.806335,7.758,67.5,-1
1782767682.348,474,114429,0,0.00000000,0.00000000,0.00,0,0,0.07,-0.433,-0.7840,1.8130,-1.8130,2.6812,0.579468,0.106812,-0.051331,0.806335,7.755,72.5,-1
1782767682.536,475,114643,0,0.00000000,0.00000000,0.00,0,0,0.03,-0.358,0.0000,0.4900,1.1760,1.2740,0.579529,0.106934,-0.051270,0.806274,7.754,72.5,-1
1782767682.785,476,114862,0,0.00000000,0.00000000,0.00,0,0,-0.01,-0.204,0.6370,0.0490,2.1560,2.2487,0.579529,0.106934,-0.051331,0.806274,7.754,71.2,-1
1782767682.971,477,115083,0,0.00000000,0.00000000,0.00,0,0,0.06,0.287,0.1960,0.5880,1.5190,1.6406,0.579529,0.106812,-0.051270,0.806274,7.755,71.2,-1
1782767683.219,478,115307,0,0.00000000,0.00000000,0.00,0,0,0.04,0.110,1.3230,1.0290,1.9600,2.5789,0.579468,0.106812,-0.051208,0.806335,7.758,73.8,-1
1782767683.406,479,115522,0,0.00000000,0.00000000,0.00,0,0,0.12,0.518,0.5880,0.4900,1.7640,1.9229,0.579468,0.106812,-0.051208,0.806335,7.754,71.2,-1
1782767683.655,480,115746,0,0.00000000,0.00000000,0.00,0,0,-0.02,-0.603,0.3920,0.5390,1.0780,1.2674,0.579468,0.106689,-0.051270,0.806335,7.758,70.0,-1
1782767683.905,481,115966,0,0.00000000,0.00000000,0.00,0,0,0.05,-0.079,-0.4410,1.1760,-0.0490,1.2569,0.579468,0.106750,-0.051270,0.806335,7.756,72.5,-1
1782767684.090,482,116188,0,0.00000000,0.00000000,0.00,0,0,0.07,-0.100,0.2450,0.3920,1.8130,1.8710,0.579468,0.106750,-0.051270,0.806335,7.756,75.0,-1
1782767684.342,483,116409,0,0.00000000,0.00000000,0.00,0,0,0.15,0.506,0.7350,0.1960,0.9800,1.2406,0.579468,0.106750,-0.051208,0.806335,7.755,70.0,-1
1782767684.527,484,116622,0,0.00000000,0.00000000,0.00,0,0,-0.02,-0.775,0.0980,0.5390,1.7150,1.8004,0.579468,0.106750,-0.051270,0.806335,7.754,71.2,-1
1782767684.778,485,116848,0,0.00000000,0.00000000,0.00,0,0,0.05,0.142,-0.0980,0.7840,1.3720,1.5832,0.579468,0.106812,-0.051270,0.806335,7.755,76.2,-1
1782767684.964,486,117070,0,0.00000000,0.00000000,0.00,0,0,0.03,-0.100,0.2940,0.4900,1.7640,1.8542,0.579468,0.106750,-0.051270,0.806335,7.756,72.5,-1
1782767685.214,487,117288,0,0.00000000,0.00000000,0.00,0,0,0.10,0.373,0.5390,0.7840,0.9310,1.3311,0.579468,0.106873,-0.051270,0.806335,7.755,73.8,-1
1782767685.464,488,117534,0,0.00000000,0.00000000,0.00,0,0,-0.07,-0.848,0.1470,1.4210,1.3230,1.9471,0.579468,0.106873,-0.051331,0.806335,7.755,72.5,-1
1782767685.651,489,117759,0,0.00000000,0.00000000,0.00,0,0,0.01,0.129,0.6370,0.8820,2.0580,2.3279,0.579468,0.106934,-0.051270,0.806335,7.753,75.0,-1
1782767685.900,490,117983,0,0.00000000,0.00000000,0.00,0,0,0.02,0.000,0.1960,0.2940,1.3230,1.3694,0.579468,0.106995,-0.051270,0.806335,7.753,77.5,-1
1782767686.087,491,118202,0,0.00000000,0.00000000,0.00,0,0,0.03,-0.098,0.2450,1.3230,0.9800,1.6646,0.579468,0.106995,-0.051331,0.806335,7.754,70.0,-1
1782767686.335,492,118422,0,0.00000000,0.00000000,0.00,0,0,0.02,-0.239,0.1470,-0.6370,2.0580,2.1593,0.579468,0.106995,-0.051331,0.806335,7.755,68.8,-1
1782767686.520,493,118631,0,0.00000000,0.00000000,0.00,0,0,-0.02,-0.060,0.1960,0.8330,1.7640,1.9606,0.579468,0.106995,-0.051331,0.806335,7.755,78.8,-1
1782767686.771,494,118854,0,0.00000000,0.00000000,0.00,0,0,0.05,0.544,-0.1470,1.1760,0.8820,1.4773,0.579468,0.106995,-0.051331,0.806335,7.756,72.5,-1
1782767686.958,495,119075,0,0.00000000,0.00000000,0.00,0,0,0.16,0.656,0.7840,0.5390,2.2050,2.4015,0.579468,0.106934,-0.051331,0.806335,7.755,72.5,-1
1782767687.212,496,119299,0,0.00000000,0.00000000,0.00,0,0,0.20,0.422,0.3920,0.7350,1.2740,1.5222,0.579468,0.106873,-0.051270,0.806335,7.753,72.5,-1
1782767687.400,497,119520,0,0.00000000,0.00000000,0.00,0,0,0.17,0.143,0.2450,0.7840,1.4210,1.6413,0.579468,0.106873,-0.051331,0.806335,7.758,68.8,-1
1782767687.648,498,119746,0,0.00000000,0.00000000,0.00,0,0,-0.10,-1.190,0.8820,0.1960,1.8130,2.0257,0.579468,0.106934,-0.051331,0.806335,7.755,77.5,-1
1782767687.899,499,119966,0,0.00000000,0.00000000,0.00,0,0,0.02,-0.068,0.2940,0.6860,1.6660,1.8255,0.579468,0.106934,-0.051331,0.806335,7.755,77.5,-1
1782767688.085,500,120191,0,0.00000000,0.00000000,0.00,0,0,0.02,0.144,0.4900,0.4410,1.6660,1.7917,0.579468,0.106934,-0.051331,0.806335,7.751,77.5,-1
1782767688.334,501,120417,0,0.00000000,0.00000000,0.00,0,0,0.09,0.260,0.1960,0.6860,1.4210,1.5900,0.579468,0.106934,-0.051331,0.806335,7.751,77.5,-1
1782767688.522,502,120637,0,0.00000000,0.00000000,0.00,0,0,0.02,-0.272,0.4410,0.9310,1.6660,1.9588,0.579468,0.106873,-0.051331,0.806335,7.753,76.2,-1
1782767688.771,503,120857,0,0.00000000,0.00000000,0.00,0,0,-0.03,-0.342,-0.2450,0.9310,1.0780,1.4453,0.579468,0.106812,-0.051331,0.806335,7.755,76.2,-1
1782767688.960,504,121081,0,0.00000000,0.00000000,0.00,0,0,-0.06,-0.190,0.3920,0.5880,1.8620,1.9916,0.579468,0.106750,-0.051270,0.806335,7.751,72.5,-1
1782767689.209,505,121308,0,0.00000000,0.00000000,0.00,0,0,0.01,0.215,0.1960,0.8820,1.2250,1.5222,0.579468,0.106812,-0.051270,0.806335,7.750,76.2,-1
1782767689.459,506,121522,0,0.00000000,0.00000000,0.00,0,0,-0.06,-0.205,0.0980,0.5390,1.3720,1.4773,0.579468,0.106812,-0.051392,0.806335,7.754,73.8,-1
1782767689.645,507,121744,0,0.00000000,0.00000000,0.00,0,0,-0.06,0.282,0.4410,0.5390,1.5190,1.6710,0.579468,0.106812,-0.051331,0.806335,7.751,72.5,-1
1782767689.894,508,121970,0,0.00000000,0.00000000,0.00,0,0,-0.07,-0.064,0.1960,-0.3430,0.6860,0.7916,0.579468,0.106812,-0.051331,0.806335,7.747,81.2,-1
1782767690.081,509,122192,0,0.00000000,0.00000000,0.00,0,0,0.07,0.614,0.0980,0.9800,2.1560,2.3703,0.579468,0.106750,-0.051270,0.806335,7.751,78.8,-1
1782767690.330,510,122413,0,0.00000000,0.00000000,0.00,0,0,0.09,0.348,0.3430,0.4900,2.3030,2.3794,0.579468,0.106750,-0.051208,0.806335,7.751,76.2,-1
1782767690.518,511,122627,0,0.00000000,0.00000000,0.00,0,0,-0.10,-0.753,0.5880,0.6860,1.3230,1.6021,0.579468,0.106689,-0.051208,0.806335,7.755,72.5,-1
1782767690.769,512,122852,0,0.00000000,0.00000000,0.00,0,0,-0.12,-0.408,0.5880,0.0000,1.4210,1.5379,0.579468,0.106689,-0.051208,0.806335,7.749,82.5,-1
1782767690.954,513,123073,0,0.00000000,0.00000000,0.00,0,0,-0.12,-0.030,0.2940,0.8330,2.8910,3.0229,0.579468,0.106689,-0.051208,0.806335,7.753,73.8,-1
1782767691.207,514,123296,0,0.00000000,0.00000000,0.00,0,0,-0.06,0.050,0.1960,0.9310,1.7640,2.0042,0.579468,0.106750,-0.051208,0.806335,7.755,76.2,-1
1782767691.455,515,123535,0,0.00000000,0.00000000,0.00,0,0,0.01,0.625,0.0980,0.6370,1.0780,1.2560,0.579468,0.106812,-0.051270,0.806335,7.749,75.0,-1
1782767691.641,516,123761,0,0.00000000,0.00000000,0.00,0,0,-0.10,-0.263,0.1470,0.5390,1.2740,1.3911,0.579468,0.106812,-0.051270,0.806335,7.753,75.0,-1
1782767691.890,517,123987,0,0.00000000,0.00000000,0.00,0,0,-0.10,-0.154,0.4410,0.5390,1.7640,1.8965,0.579468,0.106750,-0.051270,0.806335,7.756,77.5,-1
1782767692.139,518,124205,0,0.00000000,0.00000000,0.00,0,0,-0.07,0.081,0.1470,0.5390,1.1270,1.2579,0.579468,0.106750,-0.051208,0.806335,7.754,72.5,-1
1782767692.327,519,124426,0,0.00000000,0.00000000,0.00,0,0,-0.10,0.410,0.2450,0.0490,2.2050,2.2191,0.579468,0.106750,-0.051208,0.806335,7.758,76.2,-1
1782767692.579,520,124641,0,0.00000000,0.00000000,0.00,0,0,0.04,0.509,0.1960,0.2940,1.7150,1.7510,0.579468,0.106750,-0.051208,0.806335,7.753,72.5,-1
1782767692.766,521,124865,0,0.00000000,0.00000000,0.00,0,0,-0.11,-0.213,0.3430,0.1470,1.4700,1.5166,0.579468,0.106750,-0.051208,0.806335,7.758,71.2,-1
1782767693.015,522,125089,0,0.00000000,0.00000000,0.00,0,0,-0.07,0.150,0.3920,0.3430,1.4700,1.5596,0.579468,0.106750,-0.051208,0.806335,7.755,73.8,-1
1782767693.201,523,125307,0,0.00000000,0.00000000,0.00,0,0,-0.14,-0.295,0.2940,0.7350,1.0780,1.3374,0.579468,0.106689,-0.051270,0.806335,7.756,77.5,-1
1782767693.449,524,125523,0,0.00000000,0.00000000,0.00,0,0,-0.12,-0.287,0.2940,0.5880,1.4700,1.6103,0.579468,0.106750,-0.051270,0.806335,7.758,71.2,-1
1782767693.635,525,125749,0,0.00000000,0.00000000,0.00,0,0,-0.18,0.083,0.0980,0.2940,1.2740,1.3112,0.579468,0.106812,-0.051331,0.806335,7.753,76.2,-1
1782767693.887,526,125973,0,0.00000000,0.00000000,0.00,0,0,0.06,0.647,-0.2450,0.6860,0.1960,0.7543,0.579468,0.106812,-0.051270,0.806335,7.753,73.8,-1
1782767694.074,527,126193,0,0.00000000,0.00000000,0.00,0,0,-0.06,-0.269,0.4900,0.4410,1.8130,1.9291,0.579468,0.106812,-0.051270,0.806335,7.754,75.0,-1
1782767694.326,528,126419,0,0.00000000,0.00000000,0.00,0,0,0.01,0.355,-0.1470,0.0980,1.0290,1.0441,0.579468,0.106750,-0.051270,0.806335,7.751,77.5,-1
1782767694.513,529,126635,0,0.00000000,0.00000000,0.00,0,0,-0.10,-0.527,0.8820,-0.0980,2.0580,2.2412,0.579468,0.106750,-0.051208,0.806335,7.759,68.8,-1
1782767694.763,530,126862,0,0.00000000,0.00000000,0.00,0,0,-0.11,-0.075,0.3430,0.9310,1.3720,1.6932,0.579468,0.106689,-0.051208,0.806335,7.751,75.0,-1
1782767695.011,531,127081,0,0.00000000,0.00000000,0.00,0,0,-0.13,-0.082,-0.0490,1.0780,1.1270,1.5603,0.579468,0.106689,-0.051208,0.806335,7.753,80.0,-1
1782767695.200,532,127306,0,0.00000000,0.00000000,0.00,0,0,-0.08,0.129,0.5390,0.6370,1.5680,1.7762,0.579468,0.106689,-0.051208,0.806335,7.756,68.8,-1
1782767695.448,533,127520,0,0.00000000,0.00000000,0.00,0,0,-0.07,-0.141,0.4410,0.5390,1.4700,1.6266,0.579468,0.106689,-0.051208,0.806335,7.754,77.5,-1
1782767695.636,534,127746,0,0.00000000,0.00000000,0.00,0,0,-0.07,-0.030,0.4410,0.8330,2.2050,2.3980,0.579468,0.106689,-0.051147,0.806335,7.756,76.2,-1
1782767695.900,535,127968,0,0.00000000,0.00000000,0.00,0,0,0.01,0.462,0.9310,0.6370,1.5190,1.8921,0.579468,0.106750,-0.051147,0.806335,7.754,76.2,-1
1782767696.102,536,128193,0,0.00000000,0.00000000,0.00,0,0,0.00,0.076,-0.2450,0.6370,1.1270,1.3175,0.579468,0.106689,-0.051147,0.806335,7.753,77.5,-1
1782767696.351,537,128417,0,0.00000000,0.00000000,0.00,0,0,-0.11,-0.253,-0.2450,0.8330,1.6170,1.8354,0.579468,0.106689,-0.051147,0.806335,7.755,76.2,-1
1782767696.554,538,128633,0,0.00000000,0.00000000,0.00,0,0,-0.16,-0.632,0.2940,0.8820,2.1070,2.3030,0.579468,0.106750,-0.051147,0.806335,7.753,75.0,-1
1782767696.740,539,128857,0,0.00000000,0.00000000,0.00,0,0,-0.08,0.297,0.2940,0.5880,1.7640,1.8825,0.579468,0.106750,-0.051208,0.806335,7.756,71.2,-1
1782767696.988,540,129079,0,0.00000000,0.00000000,0.00,0,0,0.01,0.542,0.4410,0.6370,1.6170,1.7930,0.579468,0.106750,-0.051208,0.806335,7.753,72.5,-1
1782767697.176,541,129298,0,0.00000000,0.00000000,0.00,0,0,-0.10,0.053,0.1960,0.5390,0.5880,0.8214,0.579468,0.106689,-0.051208,0.806335,7.753,73.8,-1
1782767697.425,542,129541,0,0.00000000,0.00000000,0.00,0,0,-0.06,0.089,0.6860,0.4900,1.7150,1.9110,0.579468,0.106689,-0.051208,0.806335,7.755,73.8,-1
1782767697.675,543,129762,0,0.00000000,0.00000000,0.00,0,0,-0.10,0.133,0.0490,0.6370,1.3720,1.5135,0.579468,0.106689,-0.051147,0.806335,7.755,76.2,-1
1782767697.925,544,129986,0,0.00000000,0.00000000,0.00,0,0,-0.11,0.027,0.2940,0.5390,1.3230,1.4585,0.579468,0.106628,-0.051147,0.806335,7.751,85.0,-1
1782767698.115,545,130212,0,0.00000000,0.00000000,0.00,0,0,-0.01,0.500,0.3920,1.2740,1.4210,1.9483,0.579468,0.106689,-0.051147,0.806335,7.754,77.5,-1
1782767698.367,546,130439,0,0.00000000,0.00000000,0.00,0,0,-0.07,0.265,0.4900,0.4410,1.8130,1.9291,0.579468,0.106689,-0.051147,0.806335,7.753,77.5,-1
1782767698.553,547,130659,0,0.00000000,0.00000000,0.00,0,0,-0.12,0.126,0.1960,0.1960,1.2250,1.2560,0.579468,0.106689,-0.051147,0.806335,7.755,71.2,-1
1782767698.819,548,130883,0,0.00000000,0.00000000,0.00,0,0,-0.13,-0.110,0.4900,0.6370,1.1270,1.3842,0.579468,0.106812,-0.051086,0.806335,7.753,75.0,-1
1782767699.005,549,131103,0,0.00000000,0.00000000,0.00,0,0,-0.16,-0.374,0.3920,0.8820,1.5190,1.7997,0.579468,0.106750,-0.051086,0.806335,7.749,76.2,-1
1782767699.255,550,131323,0,0.00000000,0.00000000,0.00,0,0,-0.02,0.334,0.2940,0.5880,1.4210,1.5657,0.579468,0.106750,-0.051086,0.806335,7.755,72.5,-1
1782767699.458,551,131537,0,0.00000000,0.00000000,0.00,0,0,-0.13,-0.303,0.3920,0.9800,1.5190,1.8497,0.579468,0.106750,-0.051086,0.806335,7.754,73.8,-1
1782767699.644,552,131765,0,0.00000000,0.00000000,0.00,0,0,-0.13,-0.077,0.3920,0.7840,1.2250,1.5063,0.579468,0.106750,-0.051147,0.806335,7.754,70.0,-1
1782767699.894,553,131987,0,0.00000000,0.00000000,0.00,0,0,-0.04,0.295,0.0490,0.0980,1.5190,1.5229,0.579468,0.106750,-0.051147,0.806335,7.755,78.8,-1
1782767700.143,554,132210,0,0.00000000,0.00000000,0.00,0,0,-0.04,0.289,0.5880,0.5880,1.9110,2.0841,0.579468,0.106689,-0.051147,0.806335,7.756,72.5,-1
1782767700.330,555,132437,0,0.00000000,0.00000000,0.00,0,0,-0.10,-0.307,0.7840,0.4900,1.2250,1.5347,0.579468,0.106750,-0.051208,0.806335,7.753,75.0,-1
1782767700.578,556,132657,0,0.00000000,0.00000000,0.00,0,0,-0.03,-0.179,0.1470,1.3720,2.2050,2.6012,0.579468,0.106812,-0.051270,0.806335,7.753,76.2,-1
1782767700.763,557,132879,0,0.00000000,0.00000000,0.00,0,0,-0.11,-0.634,0.0490,0.7840,1.5680,1.7538,0.579468,0.106873,-0.051270,0.806335,7.755,75.0,-1
1782767701.014,558,133103,0,0.00000000,0.00000000,0.00,0,0,-0.15,-0.379,0.0490,0.9310,0.8820,1.2834,0.579468,0.106934,-0.051331,0.806335,7.753,72.5,-1
1782767701.264,559,133328,0,0.00000000,0.00000000,0.00,0,0,-0.09,0.061,0.4900,0.4900,1.4700,1.6251,0.579468,0.106873,-0.051270,0.806335,7.755,71.2,-1
1782767701.453,560,133539,0,0.00000000,0.00000000,0.00,0,0,0.01,0.271,0.4900,0.8820,1.9600,2.2045,0.579468,0.106873,-0.051270,0.806335,7.750,75.0,-1
1782767701.640,561,133757,0,0.00000000,0.00000000,0.00,0,0,-0.13,-0.206,0.8330,0.4410,2.3030,2.4884,0.579468,0.106812,-0.051270,0.806335,7.750,81.2,-1
1782767701.889,562,133978,0,0.00000000,0.00000000,0.00,0,0,0.04,0.614,0.6860,0.3920,0.9800,1.2588,0.579468,0.106812,-0.051270,0.806335,7.749,80.0,-1
1782767702.140,563,134201,0,0.00000000,0.00000000,0.00,0,0,0.02,-0.080,-0.4410,1.7640,1.8620,2.6025,0.579468,0.106750,-0.051270,0.806335,7.753,75.0,-1
1782767702.329,564,134423,0,0.00000000,0.00000000,0.00,0,0,0.01,0.178,0.7350,0.4900,1.4210,1.6732,0.579529,0.106567,-0.051270,0.806335,7.753,75.0,-1
1782767702.577,565,134641,0,0.00000000,0.00000000,0.00,0,0,0.03,0.139,0.4410,0.4900,1.4210,1.5665,0.579468,0.106750,-0.051270,0.806335,7.753,76.2,-1
1782767702.766,566,134862,0,0.00000000,0.00000000,0.00,0,0,-0.05,0.016,0.3430,0.3430,1.4210,1.5015,0.579468,0.106812,-0.051331,0.806335,7.753,76.2,-1
1782767703.016,567,135086,0,0.00000000,0.00000000,0.00,0,0,-0.02,0.169,0.2450,0.5390,1.8620,1.9539,0.579468,0.106689,-0.051331,0.806396,7.751,78.8,-1
1782767703.201,568,135313,0,0.00000000,0.00000000,0.00,0,0,0.03,0.380,0.5390,0.3920,1.4210,1.5695,0.579468,0.106750,-0.051331,0.806335,7.754,70.0,-1
1782767703.452,569,135528,0,0.00000000,0.00000000,0.00,0,0,-0.02,0.204,-0.5880,1.3720,0.6370,1.6229,0.579468,0.106812,-0.051392,0.806335,7.751,76.2,-1
1782767703.638,570,135754,0,0.00000000,0.00000000,0.00,0,0,-0.05,0.004,0.0980,0.5880,0.6860,0.9088,0.579468,0.106812,-0.051392,0.806335,7.756,70.0,-1
1782767703.885,571,135977,0,0.00000000,0.00000000,0.00,0,0,-0.12,-0.519,0.4410,0.9310,1.3230,1.6768,0.579468,0.106750,-0.051270,0.806335,7.754,77.5,-1
1782767704.133,572,136204,0,0.00000000,0.00000000,0.00,0,0,-0.03,0.595,0.8820,0.4410,1.0780,1.4610,0.579407,0.106873,-0.051208,0.806396,7.754,75.0,-1
1782767704.320,573,136429,0,0.00000000,0.00000000,0.00,0,0,-0.03,-0.027,0.7840,-0.1960,2.2540,2.3945,0.579346,0.106873,-0.051208,0.806396,7.755,72.5,-1
1782767704.567,574,136648,0,0.00000000,0.00000000,0.00,0,0,0.01,-0.019,0.3920,0.4410,1.9110,2.0000,0.579346,0.106812,-0.051208,0.806396,7.753,76.2,-1
1782767704.753,575,136870,0,0.00000000,0.00000000,0.00,0,0,-0.10,-0.107,-0.0980,1.4210,1.4210,2.0120,0.579407,0.106812,-0.051208,0.806396,7.754,71.2,-1
1782767705.001,576,137098,0,0.00000000,0.00000000,0.00,0,0,-0.06,0.243,0.5390,1.4700,2.4990,2.9490,0.579407,0.106750,-0.051147,0.806396,7.756,68.8,-1
1782767705.249,577,137320,0,0.00000000,0.00000000,0.00,0,0,-0.05,-0.141,-0.0980,0.9800,0.7840,1.2588,0.579407,0.106750,-0.051147,0.806396,7.758,67.5,-1
1782767705.437,578,137541,0,0.00000000,0.00000000,0.00,0,0,-0.06,0.080,0.5390,0.5390,1.6660,1.8321,0.579407,0.106750,-0.051147,0.806396,7.754,68.8,-1
1782767705.686,579,137768,0,0.00000000,0.00000000,0.00,0,0,-0.03,0.175,0.3430,0.7350,1.6660,1.8530,0.579407,0.106750,-0.051208,0.806396,7.753,72.5,-1
1782767705.872,580,137988,0,0.00000000,0.00000000,0.00,0,0,-0.01,0.075,0.1470,-0.1470,1.4210,1.4361,0.579346,0.106812,-0.051208,0.806396,7.754,82.5,-1
1782767706.120,581,138206,0,0.00000000,0.00000000,0.00,0,0,-0.08,-0.066,0.0980,0.7350,0.6860,1.0102,0.579346,0.106873,-0.051270,0.806396,7.749,76.2,-1
1782767706.311,582,138428,0,0.00000000,0.00000000,0.00,0,0,-0.01,0.070,0.2450,0.6370,0.7350,1.0030,0.579346,0.106873,-0.051331,0.806396,7.753,72.5,-1
1782767706.556,583,138642,0,0.00000000,0.00000000,0.00,0,0,-0.07,-0.396,1.8130,0.5390,2.3030,2.9802,0.579346,0.106934,-0.051331,0.806396,7.756,70.0,-1
1782767706.804,584,138872,0,0.00000000,0.00000000,0.00,0,0,-0.03,0.113,0.2940,1.6660,1.0780,2.0060,0.579346,0.106995,-0.051331,0.806396,7.754,76.2,-1
1782767706.990,585,139098,0,0.00000000,0.00000000,0.00,0,0,-0.09,-0.450,0.1470,0.2450,2.4990,2.5153,0.579346,0.106934,-0.051331,0.806396,7.754,75.0,-1
1782767707.240,586,139321,0,0.00000000,0.00000000,0.00,0,0,-0.07,-0.157,0.3430,1.0780,2.2540,2.5220,0.579346,0.106934,-0.051331,0.806396,7.756,72.5,-1
1782767707.426,587,139536,0,0.00000000,0.00000000,0.00,0,0,-0.07,0.036,0.8820,1.1270,1.1270,1.8216,0.579346,0.106873,-0.051270,0.806396,7.754,75.0,-1
1782767707.677,588,139764,0,0.00000000,0.00000000,0.00,0,0,-0.07,0.392,-0.0490,1.4210,0.9310,1.6995,0.579346,0.106812,-0.051331,0.806396,7.758,67.5,-1
1782767707.926,589,139986,0,0.00000000,0.00000000,0.00,0,0,0.00,0.368,0.8330,0.1470,2.1070,2.2705,0.579346,0.106873,-0.051331,0.806396,7.753,75.0,-1
1782767708.113,590,140212,0,0.00000000,0.00000000,0.00,0,0,-0.06,-0.160,0.0980,1.0780,1.2250,1.6347,0.579346,0.106873,-0.051392,0.806396,7.754,80.0,-1
1782767708.362,591,140434,0,0.00000000,0.00000000,0.00,0,0,-0.03,-0.052,0.6860,0.9800,1.7150,2.0910,0.579346,0.106934,-0.051392,0.806396,7.758,72.5,-1
1782767708.548,592,140653,0,0.00000000,0.00000000,0.00,0,0,-0.15,-0.328,-0.0490,0.9800,1.1760,1.5316,0.579346,0.106934,-0.051392,0.806396,7.754,73.8,-1
1782767708.798,593,140874,0,0.00000000,0.00000000,0.00,0,0,-0.01,0.351,-0.0980,0.6860,1.0290,1.2406,0.579346,0.106873,-0.051331,0.806396,7.755,76.2,-1
1782767708.987,594,141094,0,0.00000000,0.00000000,0.00,0,0,-0.07,-0.240,0.4900,0.4900,1.7150,1.8497,0.579346,0.106812,-0.051270,0.806396,7.751,76.2,-1
1782767709.236,595,141315,0,0.00000000,0.00000000,0.00,0,0,-0.15,-0.384,0.4410,1.0290,1.8130,2.1308,0.579346,0.106750,-0.051208,0.806396,7.755,77.5,-1
1782767709.423,596,141530,0,0.00000000,0.00000000,0.00,0,0,-0.06,0.591,0.0490,0.9800,1.6660,1.9335,0.579346,0.106750,-0.051208,0.806396,7.759,71.2,-1
1782767709.673,597,141749,0,0.00000000,0.00000000,0.00,0,0,0.02,0.192,1.3230,0.8330,1.6170,2.2492,0.579346,0.106750,-0.051208,0.806396,7.758,68.8,-1
1782767709.858,598,141968,0,0.00000000,0.00000000,0.00,0,0,0.15,0.608,1.4210,-0.4410,3.5770,3.8741,0.579346,0.106750,-0.051208,0.806396,7.758,71.2,-1
1782767710.108,599,142168,0,0.00000000,0.00000000,0.00,0,0,0.15,0.489,-0.0490,0.7350,0.9800,1.2260,0.579346,0.106750,-0.051208,0.806396,7.758,71.2,-1
1782767710.296,600,142389,0,0.00000000,0.00000000,0.00,0,0,0.06,0.020,0.4410,1.0780,2.2050,2.4937,0.579407,0.106750,-0.051208,0.806396,7.758,70.0,-1
1782767710.482,601,142602,0,0.00000000,0.00000000,0.00,0,0,-0.02,-0.473,0.8330,0.6370,2.3520,2.5752,0.579407,0.106750,-0.051208,0.806396,7.756,75.0,-1
1782767710.731,602,142830,0,0.00000000,0.00000000,0.00,0,0,-0.06,-0.361,0.0490,0.4900,0.1960,0.5300,0.579407,0.106750,-0.051208,0.806396,7.758,72.5,-1
1782767710.980,603,143052,0,0.00000000,0.00000000,0.00,0,0,0.09,0.465,-0.0490,1.2250,1.8130,2.1886,0.579346,0.106812,-0.051208,0.806396,7.758,71.2,-1
1782767711.166,604,143269,0,0.00000000,0.00000000,0.00,0,0,0.15,0.245,0.2450,1.4700,2.7440,3.1226,0.579346,0.106812,-0.051270,0.806396,7.754,71.2,-1
1782767711.416,605,143514,0,0.00000000,0.00000000,0.00,0,0,-0.03,-0.632,0.0980,0.5390,1.4700,1.5688,0.579346,0.106873,-0.051270,0.806396,7.758,71.2,-1
1782767711.665,606,143738,0,0.00000000,0.00000000,0.00,0,0,0.04,0.296,0.7350,0.3430,2.0580,2.2121,0.579346,0.106873,-0.051208,0.806396,7.755,73.8,-1
1782767711.853,607,143964,0,0.00000000,0.00000000,0.00,0,0,0.06,0.012,-0.1960,0.5390,1.3720,1.4871,0.579407,0.106873,-0.051086,0.806396,7.759,68.8,-1
1782767712.102,608,144185,0,0.00000000,0.00000000,0.00,0,0,0.07,0.289,0.1470,-0.0490,2.0090,2.0150,0.579346,0.106873,-0.051147,0.806396,7.759,70.0,-1
1782767712.290,609,144407,0,0.00000000,0.00000000,0.00,0,0,0.11,0.184,0.3920,0.7350,2.1560,2.3113,0.579407,0.106873,-0.051147,0.806396,7.756,73.8,-1
1782767712.542,610,144624,0,0.00000000,0.00000000,0.00,0,0,0.04,-0.229,0.6860,0.4410,1.0780,1.3517,0.579346,0.106873,-0.051147,0.806396,7.759,70.0,-1
1782767712.730,611,144842,0,0.00000000,0.00000000,0.00,0,0,-0.05,-0.178,0.1470,0.4900,0.8330,0.9775,0.579407,0.106873,-0.051147,0.806396,7.754,73.8,-1
1782767712.980,612,145063,0,0.00000000,0.00000000,0.00,0,0,0.03,0.368,0.4410,0.4900,1.6660,1.7917,0.579407,0.106812,-0.051147,0.806396,7.753,72.5,-1
1782767713.169,613,145289,0,0.00000000,0.00000000,0.00,0,0,0.09,0.631,0.4410,0.5390,0.7840,1.0486,0.579407,0.106750,-0.051147,0.806396,7.755,72.5,-1
1782767713.420,614,145533,0,0.00000000,0.00000000,0.00,0,0,0.22,0.774,1.0290,0.0000,2.9400,3.1149,0.579407,0.106750,-0.051147,0.806396,7.753,80.0,-1
1782767713.669,615,145757,0,0.00000000,0.00000000,0.00,0,0,0.01,-0.303,0.4410,0.5390,1.5190,1.6710,0.579346,0.106812,-0.051208,0.806396,7.759,68.8,-1
1782767713.859,616,145978,0,0.00000000,0.00000000,0.00,0,0,0.09,0.326,0.3430,0.8820,1.6660,1.9160,0.579346,0.106812,-0.051331,0.806396,7.756,77.5,-1
1782767714.110,617,146192,0,0.00000000,0.00000000,0.00,0,0,0.07,-0.389,0.6860,0.6860,1.6660,1.9279,0.579346,0.106873,-0.051331,0.806458,7.751,77.5,-1
1782767714.298,618,146419,0,0.00000000,0.00000000,0.00,0,0,0.13,0.327,0.1960,0.6370,1.7640,1.8857,0.579285,0.106934,-0.051392,0.806458,7.755,71.2,-1
1782767714.547,619,146639,0,0.00000000,0.00000000,0.00,0,0,0.11,-0.163,0.6370,0.2450,1.1270,1.3175,0.579224,0.107117,-0.051453,0.806458,7.755,73.8,-1
1782767714.796,620,146857,0,0.00000000,0.00000000,0.00,0,0,0.13,0.229,0.7350,0.0980,2.1070,2.2337,0.579102,0.107178,-0.051392,0.806519,7.754,76.2,-1
1782767714.984,621,147080,0,0.00000000,0.00000000,0.00,0,0,0.16,0.533,0.2450,0.7350,1.6170,1.7930,0.579102,0.107056,-0.051331,0.806580,7.756,72.5,-1
1782767715.233,622,147300,0,0.00000000,0.00000000,0.00,0,0,0.19,0.581,0.4900,0.3430,1.4210,1.5417,0.579102,0.106995,-0.051270,0.806580,7.753,73.8,-1
1782767715.421,623,147515,0,0.00000000,0.00000000,0.00,0,0,0.18,0.248,0.4410,0.4900,1.5190,1.6559,0.579102,0.106995,-0.051331,0.806580,7.753,75.0,-1
1782767715.669,624,147741,0,0.00000000,0.00000000,0.00,0,0,0.06,-0.578,0.6370,0.4900,1.8620,2.0280,0.579102,0.106995,-0.051331,0.806580,7.753,75.0,-1
1782767715.856,625,147961,0,0.00000000,0.00000000,0.00,0,0,0.11,0.320,0.2940,0.4900,1.8130,1.9009,0.579102,0.106995,-0.051270,0.806580,7.753,76.2,-1
1782767716.106,626,148179,0,0.00000000,0.00000000,0.00,0,0,0.15,0.713,0.1960,0.5880,1.6170,1.7317,0.579163,0.106934,-0.051147,0.806519,7.756,70.0,-1
1782767716.292,627,148403,0,0.00000000,0.00000000,0.00,0,0,0.09,-0.076,0.3920,0.2450,1.1270,1.2181,0.579163,0.106750,-0.051086,0.806580,7.753,75.0,-1
1782767716.542,628,148617,0,0.00000000,0.00000000,0.00,0,0,0.00,-0.609,-0.0490,1.1760,1.0780,1.5961,0.579102,0.106750,-0.051025,0.806641,7.751,78.8,-1
1782767716.728,629,148845,0,0.00000000,0.00000000,0.00,0,0,0.08,0.237,0.6860,0.3920,2.0580,2.2045,0.579102,0.106873,-0.051025,0.806641,7.754,72.5,-1
1782767716.977,630,149065,0,0.00000000,0.00000000,0.00,0,0,0.16,0.334,0.2450,0.4410,2.8910,2.9347,0.579102,0.106934,-0.051147,0.806580,7.755,70.0,-1
1782767717.225,631,149289,0,0.00000000,0.00000000,0.00,0,0,0.22,0.051,0.0490,0.7350,0.2940,0.7931,0.579102,0.106934,-0.051208,0.806580,7.756,75.0,-1
1782767717.475,632,149537,0,0.00000000,0.00000000,0.00,0,0,0.22,0.323,0.2940,0.6370,1.9110,2.0357,0.579102,0.106934,-0.051208,0.806580,7.756,76.2,-1
1782767717.661,633,149764,0,0.00000000,0.00000000,0.00,0,0,0.07,-0.330,0.6370,0.4900,1.2250,1.4651,0.579102,0.106934,-0.051208,0.806580,7.754,72.5,-1
1782767717.911,634,149986,0,0.00000000,0.00000000,0.00,0,0,0.12,-0.069,0.3430,0.5390,1.3230,1.4692,0.579102,0.106873,-0.051208,0.806580,7.754,81.2,-1
1782767718.099,635,150211,0,0.00000000,0.00000000,0.00,0,0,0.03,-0.422,0.2450,0.3430,1.0780,1.1575,0.579102,0.106873,-0.051208,0.806580,7.751,78.8,-1
1782767718.350,636,150438,0,0.00000000,0.00000000,0.00,0,0,0.10,0.233,0.5390,0.6860,1.3230,1.5848,0.579102,0.106934,-0.051270,0.806580,7.754,75.0,-1
1782767718.551,637,150652,0,0.00000000,0.00000000,0.00,0,0,0.08,-0.466,0.2940,0.8330,2.3030,2.4666,0.579102,0.106873,-0.051208,0.806580,7.754,76.2,-1
1782767718.815,638,150879,0,0.00000000,0.00000000,0.00,0,0,-0.03,-0.331,0.0000,0.6370,1.4700,1.6021,0.579102,0.106934,-0.051270,0.806580,7.755,75.0,-1
1782767719.001,639,151107,0,0.00000000,0.00000000,0.00,0,0,0.06,0.248,0.0980,1.1270,1.6170,1.9734,0.579102,0.106873,-0.051270,0.806580,7.755,75.0,-1
1782767719.249,640,151328,0,0.00000000,0.00000000,0.00,0,0,-0.06,-0.267,0.2940,0.5390,1.6170,1.7296,0.579102,0.106812,-0.051208,0.806580,7.755,73.8,-1
1782767719.435,641,151547,0,0.00000000,0.00000000,0.00,0,0,0.08,0.370,0.2940,0.5390,1.5190,1.6384,0.579102,0.106873,-0.051208,0.806580,7.754,73.8,-1
1782767719.698,642,151772,0,0.00000000,0.00000000,0.00,0,0,0.07,0.036,0.5390,0.2450,1.9600,2.0475,0.579102,0.106873,-0.051208,0.806580,7.754,75.0,-1
1782767719.886,643,151992,0,0.00000000,0.00000000,0.00,0,0,0.09,-0.154,0.4410,0.3430,1.3230,1.4361,0.579102,0.106934,-0.051208,0.806580,7.754,73.8,-1
1782767720.133,644,152211,0,0.00000000,0.00000000,0.00,0,0,0.02,-0.225,0.2940,0.4410,0.9800,1.1141,0.579102,0.106873,-0.051208,0.806580,7.751,76.2,-1
1782767720.315,645,152432,0,0.00000000,0.00000000,0.00,0,0,0.12,0.403,0.6370,0.5880,1.4700,1.7066,0.579102,0.106812,-0.051208,0.806580,7.754,77.5,-1
1782767720.565,646,152647,0,0.00000000,0.00000000,0.00,0,0,0.15,0.027,0.6370,0.4900,1.7150,1.8940,0.579102,0.106873,-0.051270,0.806580,7.753,75.0,-1
1782767720.811,647,152874,0,0.00000000,0.00000000,0.00,0,0,0.15,0.150,0.4900,0.5390,1.8620,1.9994,0.579102,0.106934,-0.051270,0.806580,7.753,72.5,-1
1782767720.996,648,153095,0,0.00000000,0.00000000,0.00,0,0,0.13,0.242,0.3430,0.6370,1.4210,1.5946,0.579163,0.106873,-0.051270,0.806580,7.759,72.5,-1
1782767721.197,649,153312,0,0.00000000,0.00000000,0.00,0,0,0.22,0.674,0.1470,1.0780,1.5190,1.8684,0.579102,0.106995,-0.051270,0.806580,7.751,77.5,-1
1782767721.445,650,153528,0,0.00000000,0.00000000,0.00,0,0,0.01,-0.623,0.6370,0.7350,1.6660,1.9291,0.579163,0.106873,-0.051270,0.806519,7.751,75.0,-1
1782767721.695,651,153756,0,0.00000000,0.00000000,0.00,0,0,0.07,0.137,0.2450,0.5390,1.6170,1.7220,0.579163,0.106873,-0.051270,0.806519,7.755,75.0,-1
1782767721.882,652,153976,0,0.00000000,0.00000000,0.00,0,0,0.16,0.415,0.7840,0.0490,1.8620,2.0209,0.579163,0.106873,-0.051270,0.806519,7.755,75.0,-1
1782767722.130,653,154204,0,0.00000000,0.00000000,0.00,0,0,0.14,0.175,0.2940,0.9800,1.4700,1.7910,0.579163,0.106812,-0.051208,0.806519,7.750,75.0,-1
1782767722.318,654,154427,0,0.00000000,0.00000000,0.00,0,0,0.06,-0.276,0.4900,0.6370,2.0580,2.2094,0.579163,0.106812,-0.051208,0.806519,7.753,77.5,-1
1782767722.568,655,154642,0,0.00000000,0.00000000,0.00,0,0,0.15,0.260,-0.0490,0.8820,1.8620,2.0609,0.579163,0.106750,-0.051208,0.806519,7.753,75.0,-1
1782767722.755,656,154867,0,0.00000000,0.00000000,0.00,0,0,0.18,0.374,-0.0490,0.3430,0.4900,0.6001,0.579163,0.106812,-0.051208,0.806519,7.753,73.8,-1
1782767723.000,657,155090,0,0.00000000,0.00000000,0.00,0,0,0.15,0.182,0.4410,1.0780,2.1560,2.4505,0.579163,0.106812,-0.051208,0.806519,7.749,77.5,-1
1782767723.252,658,155318,0,0.00000000,0.00000000,0.00,0,0,0.07,-0.105,0.4900,0.3920,1.5680,1.6889,0.579163,0.106812,-0.051208,0.806519,7.751,73.8,-1
1782767723.439,659,155531,0,0.00000000,0.00000000,0.00,0,0,0.08,0.270,0.3920,0.5390,1.2250,1.3946,0.579163,0.106812,-0.051208,0.806519,7.751,77.5,-1
1782767723.687,660,155757,0,0.00000000,0.00000000,0.00,0,0,-0.01,-0.315,0.6370,0.5880,2.2050,2.3693,0.579163,0.106750,-0.051270,0.806580,7.751,76.2,-1
1782767723.873,661,155979,0,0.00000000,0.00000000,0.00,0,0,0.03,0.136,0.1960,0.7840,1.2740,1.5087,0.579163,0.106689,-0.051270,0.806580,7.749,82.5,-1
1782767724.124,662,156201,0,0.00000000,0.00000000,0.00,0,0,0.05,0.208,0.3920,0.3920,2.1070,2.1787,0.579163,0.106689,-0.051270,0.806580,7.755,72.5,-1
1782767724.312,663,156423,0,0.00000000,0.00000000,0.00,0,0,0.00,0.212,0.0490,0.4900,0.7840,0.9258,0.579041,0.106750,-0.051147,0.806641,7.755,72.5,-1
1782767724.558,664,156642,0,0.00000000,0.00000000,0.00,0,0,0.18,0.610,0.2940,0.5390,1.3230,1.4585,0.579102,0.106689,-0.051208,0.806580,7.755,73.8,-1
1782767724.744,665,156860,0,0.00000000,0.00000000,0.00,0,0,0.09,0.117,0.0980,0.4900,1.6170,1.6925,0.579102,0.106750,-0.051086,0.806580,7.754,76.2,-1
1782767724.996,666,157083,0,0.00000000,0.00000000,0.00,0,0,0.06,0.081,0.3920,0.3920,1.9110,1.9898,0.579163,0.106628,-0.051086,0.806580,7.753,73.8,-1
1782767725.244,667,157304,0,0.00000000,0.00000000,0.00,0,0,0.16,0.095,0.1470,0.5880,1.7150,1.8189,0.579163,0.106689,-0.051086,0.806580,7.756,71.2,-1
1782767725.431,668,157526,0,0.00000000,0.00000000,0.00,0,0,0.14,-0.028,0.5390,0.5390,1.3230,1.5269,0.579163,0.106689,-0.051086,0.806580,7.755,71.2,-1
1782767725.680,669,157748,0,0.00000000,0.00000000,0.00,0,0,0.04,-0.564,0.3430,1.4700,0.6370,1.6384,0.579163,0.106689,-0.051147,0.806580,7.755,71.2,-1
1782767725.865,670,157975,0,0.00000000,0.00000000,0.00,0,0,0.11,0.495,0.2940,0.6860,1.8620,2.0060,0.579163,0.106750,-0.051147,0.806580,7.753,76.2,-1
1782767726.114,671,158194,0,0.00000000,0.00000000,0.00,0,0,0.05,-0.106,0.3430,0.6860,1.3720,1.5718,0.579163,0.106689,-0.051147,0.806580,7.754,76.2,-1
1782767726.300,672,158414,0,0.00000000,0.00000000,0.00,0,0,0.08,-0.032,0.2940,0.2940,1.6170,1.6696,0.579163,0.106750,-0.051147,0.806580,7.750,78.8,-1
1782767726.550,673,158629,0,0.00000000,0.00000000,0.00,0,0,0.06,-0.298,0.3920,0.4410,1.8130,1.9066,0.579163,0.106750,-0.051147,0.806580,7.755,72.5,-1
1782767726.738,674,158856,0,0.00000000,0.00000000,0.00,0,0,0.05,-0.130,0.4410,0.5880,1.8130,1.9563,0.579163,0.106812,-0.051208,0.806580,7.753,77.5,-1
1782767726.987,675,159077,0,0.00000000,0.00000000,0.00,0,0,0.10,0.067,0.0980,0.4900,0.7840,0.9297,0.579102,0.106873,-0.051208,0.806580,7.753,76.2,-1
1782767727.237,676,159299,0,0.00000000,0.00000000,0.00,0,0,0.12,0.037,0.5880,-0.6370,2.0090,2.1881,0.579102,0.106873,-0.051270,0.806580,7.754,76.2,-1
1782767727.423,677,159519,0,0.00000000,0.00000000,0.00,0,0,-0.01,-0.246,0.3430,0.5880,1.7150,1.8452,0.579102,0.106934,-0.051270,0.806580,7.753,76.2,-1
1782767727.671,678,159741,0,0.00000000,0.00000000,0.00,0,0,0.05,0.330,-0.2450,1.1270,1.2740,1.7185,0.579102,0.106873,-0.051270,0.806580,7.755,73.8,-1
1782767727.860,679,159969,0,0.00000000,0.00000000,0.00,0,0,0.13,0.285,-0.1470,1.2250,1.3720,1.8452,0.579102,0.106873,-0.051270,0.806580,7.756,73.8,-1
1782767728.111,680,160191,0,0.00000000,0.00000000,0.00,0,0,0.09,0.068,-0.5880,0.8330,0.4410,1.1109,0.579102,0.106812,-0.051208,0.806580,7.755,71.2,-1
1782767728.297,681,160412,0,0.00000000,0.00000000,0.00,0,0,0.01,-0.452,0.5880,0.0980,2.4500,2.5215,0.579102,0.106812,-0.051270,0.806580,7.756,72.5,-1
1782767728.547,682,160632,0,0.00000000,0.00000000,0.00,0,0,0.05,0.107,-0.2940,1.0290,0.6860,1.2712,0.579102,0.106873,-0.051270,0.806580,7.753,72.5,-1
1782767728.734,683,160850,0,0.00000000,0.00000000,0.00,0,0,0.14,0.253,0.7840,0.6860,2.1560,2.3945,0.579102,0.106873,-0.051270,0.806580,7.758,72.5,-1
1782767728.983,684,161069,0,0.00000000,0.00000000,0.00,0,0,0.02,-0.653,0.2940,-0.1470,1.2740,1.3157,0.579102,0.106873,-0.051331,0.806580,7.756,73.8,-1
1782767729.231,685,161289,0,0.00000000,0.00000000,0.00,0,0,0.02,-0.206,-0.1470,0.4410,1.0290,1.1291,0.579102,0.106934,-0.051331,0.806580,7.754,73.8,-1
1782767729.418,686,161537,0,0.00000000,0.00000000,0.00,0,0,0.02,-0.236,0.4900,0.3430,1.2250,1.3632,0.579102,0.106934,-0.051331,0.806580,7.758,68.8,-1
1782767729.668,687,161760,0,0.00000000,0.00000000,0.00,0,0,0.07,0.007,0.6860,0.8820,1.4700,1.8465,0.579102,0.106995,-0.051331,0.806580,7.754,78.8,-1
1782767729.919,688,161984,0,0.00000000,0.00000000,0.00,0,0,0.15,0.683,0.6370,0.6370,1.7640,1.9807,0.579102,0.106995,-0.051331,0.806580,7.753,75.0,-1
1782767730.106,689,162211,0,0.00000000,0.00000000,0.00,0,0,0.14,0.046,1.0290,0.6370,2.1560,2.4724,0.579102,0.106995,-0.051331,0.806580,7.755,72.5,-1
1782767730.355,690,162435,0,0.00000000,0.00000000,0.00,0,0,0.10,-0.255,-0.5880,1.3230,0.8330,1.6703,0.579102,0.107056,-0.051331,0.806580,7.758,70.0,-1
1782767730.544,691,162652,0,0.00000000,0.00000000,0.00,0,0,0.09,-0.355,0.2450,0.4900,1.3230,1.4319,0.579102,0.106995,-0.051331,0.806580,7.755,72.5,-1
1782767730.795,692,162876,0,0.00000000,0.00000000,0.00,0,0,0.09,-0.151,0.3920,0.5390,1.6660,1.7944,0.579102,0.106995,-0.051331,0.806580,7.756,71.2,-1
1782767730.980,693,163099,0,0.00000000,0.00000000,0.00,0,0,0.14,0.148,0.4900,0.7840,1.9110,2.1229,0.579102,0.106995,-0.051392,0.806580,7.758,71.2,-1
1782767731.230,694,163326,0,0.00000000,0.00000000,0.00,0,0,0.15,0.181,0.8820,0.6860,1.6660,2.0060,0.579102,0.106873,-0.051453,0.806580,7.755,72.5,-1
1782767731.417,695,163537,0,0.00000000,0.00000000,0.00,0,0,0.17,0.104,0.1470,1.1760,0.5880,1.3230,0.579102,0.106812,-0.051453,0.806580,7.758,75.0,-1
1782767731.665,696,163756,0,0.00000000,0.00000000,0.00,0,0,0.22,0.131,0.5880,0.7840,2.7930,2.9599,0.579102,0.106750,-0.051453,0.806580,7.754,75.0,-1
1782767731.915,697,163979,0,0.00000000,0.00000000,0.00,0,0,0.22,-0.062,0.7350,0.7350,2.0090,2.2620,0.579102,0.106689,-0.051331,0.806580,7.753,76.2,-1
1782767732.102,698,164179,0,0.00000000,0.00000000,0.00,0,0,0.15,-0.348,2.0580,-0.0980,3.2830,3.8760,0.579102,0.106750,-0.051331,0.806580,7.755,68.8,-1
1782767732.288,699,164403,0,0.00000000,0.00000000,0.00,0,0,0.25,0.394,0.1960,0.9800,1.1270,1.5063,0.579102,0.106750,-0.051270,0.806580,7.759,66.2,-1
1782767732.538,700,164621,0,0.00000000,0.00000000,0.00,0,0,0.20,0.109,0.5880,0.8820,1.0780,1.5119,0.579102,0.106750,-0.051270,0.806580,7.756,70.0,-1
1782767732.724,701,164842,0,0.00000000,0.00000000,0.00,0,0,0.11,0.072,0.8820,0.1470,2.2540,2.4249,0.579102,0.106750,-0.051208,0.806580,7.759,68.8,-1
1782767732.976,702,165071,0,0.00000000,0.00000000,0.00,0,0,0.20,0.162,-0.0980,1.0780,1.2250,1.6347,0.579163,0.106750,-0.051208,0.806580,7.753,71.2,-1
1782767733.225,703,165292,0,0.00000000,0.00000000,0.00,0,0,0.22,0.167,0.0000,0.3430,1.7150,1.7490,0.579163,0.106812,-0.051147,0.806580,7.754,70.0,-1
1782767733.477,704,165536,0,0.00000000,0.00000000,0.00,0,0,0.10,-0.603,0.2940,0.8820,1.3720,1.6573,0.579102,0.106873,-0.051208,0.806580,7.755,75.0,-1
1782767733.661,705,165759,0,0.00000000,0.00000000,0.00,0,0,0.25,0.163,0.1470,0.5390,1.6170,1.7108,0.579102,0.106934,-0.051270,0.806580,7.753,76.2,-1
1782767733.911,706,165983,0,0.00000000,0.00000000,0.00,0,0,0.18,-0.268,0.8820,0.2450,2.4010,2.5696,0.579163,0.106995,-0.051208,0.806580,7.753,73.8,-1
1782767734.099,707,166205,0,0.00000000,0.00000000,0.00,0,0,0.18,-0.080,0.6860,0.6860,1.7640,2.0132,0.579102,0.106995,-0.051086,0.806580,7.756,73.8,-1
1782767734.363,708,166425,0,0.00000000,0.00000000,0.00,0,0,0.20,-0.079,0.2450,0.2940,1.5680,1.6140,0.579102,0.106995,-0.051208,0.806580,7.756,73.8,-1
1782767734.550,709,166639,0,0.00000000,0.00000000,0.00,0,0,0.12,-0.326,0.2940,0.5880,1.6660,1.7910,0.579102,0.106995,-0.051208,0.806580,7.753,75.0,-1
1782767734.798,710,166862,0,0.00000000,0.00000000,0.00,0,0,0.14,-0.166,0.6860,0.4410,1.9600,2.1229,0.579041,0.106995,-0.051270,0.806641,7.753,73.8,-1
1782767734.984,711,167086,0,0.00000000,0.00000000,0.00,0,0,0.21,0.283,0.1470,0.4900,2.0090,2.0731,0.579102,0.106934,-0.051208,0.806580,7.753,73.8,-1
1782767735.233,712,167307,0,0.00000000,0.00000000,0.00,0,0,0.22,0.088,0.4410,0.5390,1.3720,1.5386,0.579102,0.106873,-0.051208,0.806580,7.753,71.2,-1
1782767735.421,713,167521,0,0.00000000,0.00000000,0.00,0,0,0.20,0.053,0.3920,-0.0490,1.9600,1.9994,0.579102,0.106812,-0.051208,0.806580,7.753,75.0,-1
1782767735.672,714,167748,0,0.00000000,0.00000000,0.00,0,0,0.17,0.136,0.4410,0.5390,0.8330,1.0858,0.579102,0.106873,-0.051208,0.806580,7.754,72.5,-1
1782767735.859,715,167967,0,0.00000000,0.00000000,0.00,0,0,0.13,0.138,0.1960,0.5390,1.6660,1.7620,0.579102,0.106873,-0.051208,0.806580,7.751,73.8,-1
1782767736.122,716,168187,0,0.00000000,0.00000000,0.00,0,0,0.17,-0.154,0.4410,0.1470,1.7640,1.8242,0.579102,0.106873,-0.051147,0.806580,7.750,77.5,-1
1782767736.311,717,168408,0,0.00000000,0.00000000,0.00,0,0,0.12,-0.688,-0.0490,0.4410,1.1760,1.2569,0.579102,0.106934,-0.051086,0.806580,7.756,68.8,-1
1782767736.560,718,168626,0,0.00000000,0.00000000,0.00,0,0,0.22,0.117,0.9800,1.1270,1.3720,2.0280,0.579102,0.106873,-0.051147,0.806580,7.755,76.2,-1
1782767736.749,719,168849,0,0.00000000,0.00000000,0.00,0,0,0.21,0.032,0.3430,0.3430,1.2250,1.3175,0.579102,0.106812,-0.051147,0.806580,7.753,73.8,-1
1782767737.000,720,169071,0,0.00000000,0.00000000,0.00,0,0,0.07,-0.318,0.6860,0.5880,1.7640,1.9819,0.579102,0.106812,-0.051147,0.806641,7.756,72.5,-1
1782767737.203,721,169288,0,0.00000000,0.00000000,0.00,0,0,0.23,0.476,0.2940,0.4410,1.5190,1.6088,0.579102,0.106812,-0.051147,0.806641,7.751,76.2,-1
1782767737.452,722,169534,0,0.00000000,0.00000000,0.00,0,0,0.24,-0.195,0.5390,0.3430,2.0090,2.1081,0.579102,0.106750,-0.051147,0.806641,7.756,72.5,-1
1782767737.653,723,169762,0,0.00000000,0.00000000,0.00,0,0,0.20,0.024,1.0290,0.0000,3.2340,3.3938,0.579102,0.106812,-0.051086,0.806580,7.751,71.2,-1
1782767737.902,724,169986,0,0.00000000,0.00000000,0.00,0,0,0.12,-0.351,0.0000,0.1960,1.7640,1.7749,0.579102,0.106812,-0.051025,0.806580,7.750,80.0,-1
1782767738.105,725,170214,0,0.00000000,0.00000000,0.00,0,0,0.26,0.222,0.2450,0.6370,1.5190,1.6653,0.579102,0.106750,-0.051086,0.806641,7.759,71.2,-1
1782767738.354,726,170431,0,0.00000000,0.00000000,0.00,0,0,0.31,0.444,0.3430,0.5390,1.5680,1.6932,0.579102,0.106750,-0.051086,0.806641,7.751,77.5,-1
1782767738.541,727,170642,0,0.00000000,0.00000000,0.00,0,0,0.16,-0.449,1.1270,0.6860,3.3320,3.5837,0.579102,0.106812,-0.051147,0.806580,7.754,72.5,-1
1782767738.792,728,170864,0,0.00000000,0.00000000,0.00,0,0,0.18,0.230,0.0000,0.8820,1.4210,1.6725,0.579102,0.106873,-0.051208,0.806580,7.754,73.8,-1
1782767738.980,729,171082,0,0.00000000,0.00000000,0.00,0,0,0.18,-0.275,1.1760,0.9800,2.3520,2.8063,0.579102,0.106873,-0.051208,0.806580,7.753,75.0,-1
1782767739.230,730,171302,0,0.00000000,0.00000000,0.00,0,0,0.23,0.641,0.5880,1.0290,2.1560,2.4603,0.579102,0.106873,-0.051208,0.806580,7.754,75.0,-1
1782767739.415,731,171519,0,0.00000000,0.00000000,0.00,0,0,0.25,0.262,0.0490,0.6370,1.0780,1.2531,0.579102,0.106934,-0.051208,0.806580,7.755,68.8,-1
1782767739.665,732,171748,0,0.00000000,0.00000000,0.00,0,0,0.18,-0.010,0.2940,0.9800,1.1270,1.5222,0.579102,0.106934,-0.051331,0.806580,7.753,75.0,-1
1782767739.916,733,171977,0,0.00000000,0.00000000,0.00,0,0,0.20,0.194,0.0980,0.7840,1.9110,2.0679,0.579102,0.106873,-0.051331,0.806580,7.754,70.0,-1
1782767740.105,734,172199,0,0.00000000,0.00000000,0.00,0,0,0.23,-0.467,0.8820,0.1470,1.6660,1.8908,0.579102,0.106873,-0.051331,0.806580,7.754,72.5,-1
1782767740.352,735,172427,0,0.00000000,0.00000000,0.00,0,0,0.20,-0.162,1.7640,0.6370,3.2830,3.7809,0.579102,0.106873,-0.051270,0.806580,7.751,75.0,-1
1782767740.538,736,172639,0,0.00000000,0.00000000,0.00,0,0,0.12,-0.380,0.4900,0.2940,1.4700,1.5772,0.579102,0.106812,-0.051208,0.806641,7.758,70.0,-1
1782767740.791,737,172858,0,0.00000000,0.00000000,0.00,0,0,0.30,0.796,-0.2940,0.0980,0.3920,0.4997,0.579102,0.106812,-0.051208,0.806641,7.755,70.0,-1
1782767740.991,738,173078,0,0.00000000,0.00000000,0.00,0,0,0.24,-0.167,0.9310,0.0490,1.5190,1.7823,0.579102,0.106812,-0.051208,0.806641,7.756,71.2,-1
1782767741.241,739,173301,0,0.00000000,0.00000000,0.00,0,0,0.27,0.070,0.1960,0.6860,1.0290,1.2521,0.579102,0.106750,-0.051208,0.806641,7.758,71.2,-1
1782767741.428,740,173520,0,0.00000000,0.00000000,0.00,0,0,0.27,0.048,0.5390,0.4410,1.0780,1.2834,0.579102,0.106750,-0.051208,0.806641,7.756,72.5,-1
1782767741.680,741,173739,0,0.00000000,0.00000000,0.00,0,0,0.28,0.162,0.7350,0.2450,2.2050,2.3372,0.579102,0.106812,-0.051208,0.806641,7.758,71.2,-1
1782767741.883,742,173960,0,0.00000000,0.00000000,0.00,0,0,0.23,0.070,0.6370,0.4410,1.6660,1.8373,0.579102,0.106812,-0.051208,0.806641,7.755,72.5,-1
1782767742.084,743,174182,0,0.00000000,0.00000000,0.00,0,0,0.32,0.583,0.6860,0.7350,1.5680,1.8626,0.579102,0.106812,-0.051208,0.806641,7.756,70.0,-1
1782767742.335,744,174401,0,0.00000000,0.00000000,0.00,0,0,0.23,-0.183,0.1960,0.1470,0.8330,0.8683,0.579102,0.106812,-0.051208,0.806580,7.755,75.0,-1
1782767742.536,745,174617,0,0.00000000,0.00000000,0.00,0,0,0.25,0.276,0.0980,0.8330,1.4700,1.6925,0.579102,0.106812,-0.051208,0.806641,7.758,71.2,-1
1782767742.738,746,174840,0,0.00000000,0.00000000,0.00,0,0,0.16,-0.413,0.6860,0.1960,2.1560,2.2710,0.579102,0.106750,-0.051147,0.806641,7.758,73.8,-1
1782767743.003,747,175062,0,0.00000000,0.00000000,0.00,0,0,0.38,1.037,0.4900,0.6860,1.6660,1.8672,0.579102,0.106812,-0.051208,0.806641,7.755,72.5,-1
1782767743.206,748,175284,0,0.00000000,0.00000000,0.00,0,0,0.33,0.205,-0.2940,0.0490,2.9400,2.9551,0.579102,0.106873,-0.051208,0.806580,7.759,71.2,-1
1782767743.454,749,175526,0,0.00000000,0.00000000,0.00,0,0,0.36,0.426,-0.0980,0.5880,2.5480,2.6168,0.579102,0.106934,-0.051270,0.806580,7.760,70.0,-1
1782767743.642,750,175746,0,0.00000000,0.00000000,0.00,0,0,0.24,0.135,0.1470,0.7840,1.7640,1.9360,0.579102,0.106934,-0.051270,0.806580,7.758,70.0,-1
1782767743.892,751,175963,0,0.00000000,0.00000000,0.00,0,0,0.26,-0.003,0.1470,0.6860,1.4210,1.5848,0.579102,0.106995,-0.051331,0.806580,7.754,73.8,-1
1782767744.078,752,176187,0,0.00000000,0.00000000,0.00,0,0,0.27,-0.150,0.3920,0.5880,1.8130,1.9459,0.579102,0.106995,-0.051331,0.806580,7.755,75.0,-1
1782767744.328,753,176407,0,0.00000000,0.00000000,0.00,0,0,0.30,0.044,0.2450,0.4900,0.8820,1.0383,0.579102,0.106873,-0.051270,0.806580,7.755,73.8,-1
1782767744.514,754,176621,0,0.00000000,0.00000000,0.00,0,0,0.25,-0.305,1.1760,0.5880,3.0380,3.3103,0.579102,0.106934,-0.051270,0.806580,7.751,76.2,-1
1782767744.764,755,176844,0,0.00000000,0.00000000,0.00,0,0,0.41,0.562,0.6860,0.3920,1.9110,2.0679,0.579102,0.106934,-0.051270,0.806580,7.754,76.2,-1
1782767744.953,756,177070,0,0.00000000,0.00000000,0.00,0,0,0.32,-0.015,0.3920,0.4410,2.0090,2.0939,0.579102,0.106934,-0.051331,0.806580,7.753,73.8,-1
1782767745.215,757,177291,0,0.00000000,0.00000000,0.00,0,0,0.35,0.265,-0.2450,0.3920,1.6660,1.7289,0.579102,0.106934,-0.051331,0.806580,7.753,72.5,-1
1782767745.465,758,177535,0,0.00000000,0.00000000,0.00,0,0,0.27,-0.400,0.2940,0.4900,1.8620,1.9477,0.579102,0.106995,-0.051331,0.806580,7.755,76.2,-1
1782767745.652,759,177761,0,0.00000000,0.00000000,0.00,0,0,0.20,-0.719,0.5880,0.7350,3.1360,3.2742,0.579102,0.106995,-0.051331,0.806580,7.755,75.0,-1
1782767745.915,760,177982,0,0.00000000,0.00000000,0.00,0,0,0.22,-0.085,0.3920,0.7350,1.6660,1.8626,0.579102,0.106995,-0.051331,0.806580,7.753,80.0,-1
1782767746.103,761,178200,0,0.00000000,0.00000000,0.00,0,0,0.35,0.439,-0.1470,0.6370,0.4410,0.7886,0.579102,0.107056,-0.051270,0.806580,7.753,75.0,-1
1782767746.354,762,178421,0,0.00000000,0.00000000,0.00,0,0,0.34,-0.067,1.1760,-0.0980,3.0870,3.3049,0.579102,0.106995,-0.051208,0.806580,7.756,78.8,-1
1782767746.543,763,178635,0,0.00000000,0.00000000,0.00,0,0,0.32,-0.061,0.2940,0.3920,1.2250,1.3194,0.579102,0.106995,-0.051208,0.806580,7.758,70.0,-1
1782767746.792,764,178860,0,0.00000000,0.00000000,0.00,0,0,0.33,0.014,0.1470,0.4900,2.0090,2.0731,0.579102,0.106995,-0.051270,0.806580,7.750,80.0,-1
1782767746.979,765,179082,0,0.00000000,0.00000000,0.00,0,0,0.29,-0.299,0.4900,0.0980,0.9800,1.1000,0.579102,0.106995,-0.051270,0.806580,7.751,77.5,-1
1782767747.229,766,179307,0,0.00000000,0.00000000,0.00,0,0,0.22,-0.466,0.8330,0.5390,0.6860,1.2062,0.579102,0.106995,-0.051270,0.806580,7.754,75.0,-1
1782767747.417,767,179526,0,0.00000000,0.00000000,0.00,0,0,0.28,0.040,0.0000,0.9800,1.5190,1.8077,0.579102,0.106995,-0.051270,0.806580,7.754,75.0,-1
1782767747.666,768,179754,0,0.00000000,0.00000000,0.00,0,0,0.16,-0.658,0.1960,0.7350,1.5680,1.7428,0.579102,0.106995,-0.051331,0.806580,7.755,75.0,-1
1782767747.912,769,179978,0,0.00000000,0.00000000,0.00,0,0,0.29,0.325,0.0000,0.6860,1.4210,1.5779,0.579102,0.106995,-0.051331,0.806580,7.755,78.8,-1
1782767748.100,770,180204,0,0.00000000,0.00000000,0.00,0,0,0.34,0.259,0.8820,1.5680,1.7640,2.5196,0.579102,0.106995,-0.051331,0.806580,7.747,80.0,-1
1782767748.349,771,180426,0,0.00000000,0.00000000,0.00,0,0,0.21,-0.308,0.2450,0.4900,1.6170,1.7073,0.579102,0.106995,-0.051331,0.806580,7.754,75.0,-1
1782767748.537,772,180640,0,0.00000000,0.00000000,0.00,0,0,0.19,-0.448,0.7840,0.6860,1.6170,1.9235,0.579102,0.106934,-0.051270,0.806580,7.758,68.8,-1
1782767748.786,773,180869,0,0.00000000,0.00000000,0.00,0,0,0.19,-0.083,0.3430,0.7840,1.7150,1.9166,0.579102,0.106934,-0.051270,0.806580,7.753,75.0,-1
1782767748.973,774,181087,0,0.00000000,0.00000000,0.00,0,0,0.25,0.489,-0.1470,0.8820,0.5880,1.0702,0.579102,0.106812,-0.051208,0.806580,7.753,77.5,-1
1782767749.223,775,181311,0,0.00000000,0.00000000,0.00,0,0,0.24,-0.255,0.4900,0.0980,2.9400,2.9822,0.579102,0.106873,-0.051208,0.806580,7.754,73.8,-1
1782767749.472,776,181531,0,0.00000000,0.00000000,0.00,0,0,0.26,-0.184,0.7840,1.2250,2.4500,2.8492,0.579102,0.106873,-0.051270,0.806580,7.754,73.8,-1
1782767749.673,777,181757,0,0.00000000,0.00000000,0.00,0,0,0.17,-0.523,0.9800,0.4410,2.7440,2.9469,0.579102,0.106873,-0.051270,0.806580,7.755,75.0,-1
1782767749.921,778,181980,0,0.00000000,0.00000000,0.00,0,0,0.24,0.236,0.3920,0.0980,1.2250,1.2899,0.579102,0.106873,-0.051208,0.806580,7.751,76.2,-1
1782767750.109,779,182200,0,0.00000000,0.00000000,0.00,0,0,0.28,0.252,0.3920,0.2450,1.8130,1.8710,0.579102,0.106812,-0.051208,0.806580,7.755,73.8,-1
1782767750.361,780,182421,0,0.00000000,0.00000000,0.00,0,0,0.17,-0.244,0.0490,0.7350,0.8820,1.1492,0.579102,0.106873,-0.051270,0.806580,7.755,71.2,-1
1782767750.549,781,182634,0,0.00000000,0.00000000,0.00,0,0,0.10,-0.455,0.1960,0.6370,1.5680,1.7038,0.579102,0.106934,-0.051270,0.806580,7.755,75.0,-1
1782767750.801,782,182861,0,0.00000000,0.00000000,0.00,0,0,0.14,-0.205,-0.0490,0.7350,2.1070,2.2321,0.579102,0.106934,-0.051270,0.806580,7.756,72.5,-1
1782767750.989,783,183084,0,0.00000000,0.00000000,0.00,0,0,0.31,0.754,0.1470,0.0000,0.9310,0.9425,0.579102,0.106873,-0.051270,0.806580,7.756,71.2,-1
1782767751.239,784,183312,0,0.00000000,0.00000000,0.00,0,0,0.13,-0.265,-0.0490,1.1270,1.0780,1.5603,0.579102,0.106812,-0.051208,0.806641,7.754,73.8,-1
1782767751.426,785,183526,0,0.00000000,0.00000000,0.00,0,0,0.07,-0.260,0.3430,0.7350,1.9110,2.0760,0.579102,0.106750,-0.051208,0.806641,7.755,68.8,-1
1782767751.675,786,183752,0,0.00000000,0.00000000,0.00,0,0,0.13,0.118,0.0980,0.6370,0.7840,1.0149,0.579102,0.106750,-0.051208,0.806641,7.754,77.5,-1
1782767751.862,787,183974,0,0.00000000,0.00000000,0.00,0,0,0.07,-0.129,1.1760,0.9800,2.7440,3.1421,0.579102,0.106750,-0.051208,0.806641,7.754,71.2,-1
1782767752.113,788,184198,0,0.00000000,0.00000000,0.00,0,0,0.18,0.388,0.5880,0.1960,1.7640,1.8697,0.579102,0.106750,-0.051208,0.806641,7.754,73.8,-1
1782767752.365,789,184422,0,0.00000000,0.00000000,0.00,0,0,0.19,-0.225,0.5390,0.1470,1.6170,1.7108,0.579102,0.106750,-0.051147,0.806641,7.754,72.5,-1
1782767752.568,790,184643,0,0.00000000,0.00000000,0.00,0,0,0.08,-0.358,0.7840,0.6860,1.7150,2.0066,0.579102,0.106750,-0.051208,0.806641,7.755,72.5,-1
1782767752.757,791,184868,0,0.00000000,0.00000000,0.00,0,0,0.10,-0.205,0.5880,0.3430,1.7150,1.8452,0.579102,0.106812,-0.051208,0.806641,7.759,68.8,-1
1782767753.008,792,185085,0,0.00000000,0.00000000,0.00,0,0,0.15,-0.485,0.5390,0.0490,0.9310,1.0769,0.579102,0.106812,-0.051208,0.806580,7.755,73.8,-1
1782767753.195,793,185305,0,0.00000000,0.00000000,0.00,0,0,0.14,-0.273,0.7840,0.1960,1.3230,1.5503,0.579102,0.106873,-0.051270,0.806580,7.756,72.5,-1
1782767753.451,794,185522,0,0.00000000,0.00000000,0.00,0,0,0.30,0.716,0.2450,0.2450,1.3720,1.4151,0.579102,0.106873,-0.051270,0.806580,7.755,75.0,-1
1782767753.656,795,185742,0,0.00000000,0.00000000,0.00,0,0,0.17,-0.496,0.3920,0.3920,1.9600,2.0369,0.579102,0.106873,-0.051270,0.806580,7.754,73.8,-1
1782767753.857,796,185971,0,0.00000000,0.00000000,0.00,0,0,0.15,-0.011,0.4900,0.4410,1.9110,2.0215,0.579102,0.106873,-0.051270,0.806580,7.755,68.8,-1
1782767754.105,797,186197,0,0.00000000,0.00000000,0.00,0,0,0.16,-0.058,0.1470,0.8330,1.0290,1.3320,0.579102,0.106812,-0.051208,0.806580,7.751,75.0,-1
1782767754.356,798,186419,0,0.00000000,0.00000000,0.00,0,0,0.08,-0.363,0.1470,1.1270,1.2250,1.6710,0.579102,0.106812,-0.051208,0.806580,7.750,73.8,-1
1782767754.558,799,186634,0,0.00000000,0.00000000,0.00,0,0,0.11,-0.126,0.2450,0.8330,1.2740,1.5417,0.579102,0.106812,-0.051208,0.806641,7.755,68.8,-1
1782767754.762,800,186861,0,0.00000000,0.00000000,0.00,0,0,0.07,-0.435,0.0980,0.3430,0.9800,1.0429,0.579102,0.106812,-0.051208,0.806580,7.755,73.8,-1
1782767755.013,801,187085,0,0.00000000,0.00000000,0.00,0,0,0.07,0.059,0.1960,1.0780,1.6660,1.9940,0.579102,0.106812,-0.051208,0.806641,7.756,71.2,-1
1782767755.201,802,187308,0,0.00000000,0.00000000,0.00,0,0,0.12,0.302,0.3430,0.3920,1.4210,1.5135,0.579102,0.106812,-0.051208,0.806641,7.755,72.5,-1
1782767755.450,803,187527,0,0.00000000,0.00000000,0.00,0,0,0.19,0.165,0.2940,0.4900,1.8130,1.9009,0.579102,0.106750,-0.051147,0.806641,7.755,71.2,-1
1782767755.694,804,187753,0,0.00000000,0.00000000,0.00,0,0,0.01,-0.889,0.2450,0.6860,1.7150,1.8633,0.579102,0.106750,-0.051147,0.806641,7.756,73.8,-1
1782767755.880,805,187973,0,0.00000000,0.00000000,0.00,0,0,0.08,0.166,-0.2940,0.5880,1.3230,1.4773,0.579102,0.106750,-0.051208,0.806641,7.754,73.8,-1
1782767756.128,806,188198,0,0.00000000,0.00000000,0.00,0,0,0.02,-0.324,0.2940,0.5880,1.6170,1.7455,0.579102,0.106750,-0.051331,0.806641,7.754,73.8,-1
1782767756.315,807,188426,0,0.00000000,0.00000000,0.00,0,0,0.19,0.523,0.5390,0.1960,1.7150,1.8084,0.579102,0.106689,-0.051270,0.806641,7.755,71.2,-1
1782767756.565,808,188638,0,0.00000000,0.00000000,0.00,0,0,0.16,0.362,0.5880,1.0780,1.3230,1.8050,0.579102,0.106689,-0.051331,0.806641,7.753,73.8,-1
1782767756.755,809,188863,0,0.00000000,0.00000000,0.00,0,0,0.09,0.069,0.4900,0.5390,1.7150,1.8633,0.579102,0.106689,-0.051331,0.806641,7.751,81.2,-1
1782767757.008,810,189087,0,0.00000000,0.00000000,0.00,0,0,0.16,0.118,0.5880,0.4410,1.4210,1.5998,0.579102,0.106689,-0.051270,0.806641,7.754,72.5,-1
1782767757.195,811,189305,0,0.00000000,0.00000000,0.00,0,0,0.17,-0.185,0.4900,0.5390,1.3230,1.5103,0.579102,0.106689,-0.051270,0.806641,7.749,76.2,-1
1782767757.447,812,189520,0,0.00000000,0.00000000,0.00,0,0,0.25,0.295,0.4900,0.7350,1.9110,2.1053,0.579102,0.106689,-0.051208,0.806641,7.756,73.8,-1
1782767757.635,813,189747,0,0.00000000,0.00000000,0.00,0,0,0.17,-0.345,0.7350,0.2940,2.7440,2.8559,0.579102,0.106750,-0.051147,0.806641,7.751,73.8,-1
1782767757.885,814,189968,0,0.00000000,0.00000000,0.00,0,0,0.30,0.640,0.2450,0.7350,1.2250,1.4494,0.579102,0.106750,-0.051147,0.806641,7.758,76.2,-1
1782767758.072,815,190186,0,0.00000000,0.00000000,0.00,0,0,0.22,0.232,0.5880,0.1960,1.2740,1.4168,0.579102,0.106750,-0.051147,0.806641,7.751,72.5,-1
1782767758.322,816,190408,0,0.00000000,0.00000000,0.00,0,0,0.22,0.003,0.3920,0.2450,1.4210,1.4943,0.580688,0.109314,-0.050659,0.805176,7.755,76.2,-1
1782767758.511,817,190621,0,0.00000000,0.00000000,0.00,0,0,0.16,-0.559,-0.0980,0.7840,1.3720,1.5832,0.568237,0.043091,-0.017822,0.821533,7.754,72.5,-1
1782767758.761,818,190838,0,0.00000000,0.00000000,0.00,0,0,0.05,-0.571,0.0490,0.5390,1.6170,1.7052,0.553589,0.040283,0.030640,0.831238,7.749,77.5,-1
1782767758.947,819,191061,0,0.00000000,0.00000000,0.00,0,0,-0.01,-0.378,0.0000,0.2940,2.0580,2.0789,0.549866,0.014832,0.068970,0.832275,7.745,73.8,-1
1782767759.198,820,191279,0,0.00000000,0.00000000,0.00,0,0,-0.03,0.083,-0.3430,1.0290,1.6660,1.9880,0.542786,0.016174,0.062561,0.837402,7.746,77.5,-1
1782767759.448,821,191526,0,0.00000000,0.00000000,0.00,0,0,-0.07,-0.021,0.3430,0.4900,1.6170,1.7241,0.544678,0.011414,0.060791,0.836365,7.754,72.5,-1
1782767759.636,822,191753,0,0.00000000,0.00000000,0.00,0,0,-0.03,0.287,0.4410,0.1470,1.7150,1.7769,0.551270,0.020203,0.026611,0.833679,7.753,76.2,-1
1782767759.885,823,191973,0,0.00000000,0.00000000,0.00,0,0,0.01,0.427,0.4900,1.5190,2.0580,2.6044,0.595459,0.021973,0.015869,0.802917,7.754,75.0,-1
1782767760.134,824,192198,0,0.00000000,0.00000000,0.00,0,0,0.20,0.944,0.1470,0.7840,1.9110,2.0708,0.598145,0.022217,-0.002747,0.801086,7.755,76.2,-1
1782767760.321,825,192425,0,0.00000000,0.00000000,0.00,0,0,0.09,-0.442,0.6370,0.8330,1.1760,1.5756,0.596924,0.061462,-0.010681,0.799866,7.758,73.8,-1
1782767760.571,826,192640,0,0.00000000,0.00000000,0.00,0,0,0.11,-0.068,-0.6370,1.0780,0.4900,1.3446,0.596191,0.103088,-0.053528,0.794434,7.759,72.5,-1
1782767760.756,827,192866,0,0.00000000,0.00000000,0.00,0,0,0.11,0.003,0.1470,0.4900,0.8330,0.9775,0.596313,0.103088,-0.053467,0.794312,7.755,72.5,-1
1782767761.008,828,193083,0,0.00000000,0.00000000,0.00,0,0,0.12,-0.243,0.3920,0.4900,1.4700,1.5983,0.596313,0.103333,-0.053284,0.794250,7.755,75.0,-1
1782767761.195,829,193307,0,0.00000000,0.00000000,0.00,0,0,0.21,0.006,0.0980,0.6370,1.6170,1.7407,0.596375,0.103577,-0.053223,0.794189,7.755,72.5,-1
1782767761.445,830,193517,0,0.00000000,0.00000000,0.00,0,0,0.10,-0.454,0.2940,0.6860,1.3230,1.5190,0.596436,0.103760,-0.053223,0.794189,7.755,76.2,-1
1782767761.634,831,193748,0,0.00000000,0.00000000,0.00,0,0,0.17,0.139,0.3430,0.3430,1.6170,1.6882,0.596375,0.103760,-0.053345,0.794189,7.755,70.0,-1
1782767761.885,832,193971,0,0.00000000,0.00000000,0.00,0,0,0.17,0.162,0.3430,0.5880,2.0580,2.1677,0.596313,0.104004,-0.053284,0.794189,7.755,76.2,-1
1782767762.135,833,194196,0,0.00000000,0.00000000,0.00,0,0,0.13,-0.150,0.2940,0.5390,1.7150,1.8216,0.596375,0.104065,-0.053284,0.794189,7.751,78.8,-1
1782767762.324,834,194419,0,0.00000000,0.00000000,0.00,0,0,0.18,0.138,0.2450,0.2450,0.8330,0.9022,0.596313,0.104187,-0.053223,0.794189,7.756,76.2,-1
1782767762.574,835,194636,0,0.00000000,0.00000000,0.00,0,0,0.26,0.337,0.9800,0.0980,2.0580,2.2815,0.596313,0.104187,-0.052979,0.794189,7.755,78.8,-1
1782767762.763,836,194861,0,0.00000000,0.00000000,0.00,0,0,0.12,-0.012,0.3430,0.4410,1.5680,1.6646,0.596313,0.104248,-0.052856,0.794189,7.755,76.2,-1
1782767763.011,837,195082,0,0.00000000,0.00000000,0.00,0,0,0.18,0.371,0.6370,0.9310,2.1070,2.3900,0.596313,0.104309,-0.052795,0.794189,7.756,75.0,-1
1782767763.197,838,195305,0,0.00000000,0.00000000,0.00,0,0,0.09,-0.539,0.0000,0.4410,1.3230,1.3946,0.596375,0.104248,-0.052673,0.794189,7.756,76.2,-1
1782767763.447,839,195522,0,0.00000000,0.00000000,0.00,0,0,0.17,-0.089,0.4410,0.4900,1.5190,1.6559,0.596375,0.104187,-0.052551,0.794189,7.756,73.8,-1
1782767763.634,840,195745,0,0.00000000,0.00000000,0.00,0,0,0.12,-0.175,0.4410,0.5880,0.6370,0.9726,0.596375,0.104187,-0.052490,0.794189,7.760,71.2,-1
1782767763.882,841,195971,0,0.00000000,0.00000000,0.00,0,0,0.18,0.245,0.1470,0.7350,1.6660,1.8269,0.596375,0.104126,-0.052429,0.794189,7.754,75.0,-1
1782767764.131,842,196190,0,0.00000000,0.00000000,0.00,0,0,0.17,0.144,0.1470,0.7350,1.7640,1.9166,0.596375,0.104126,-0.052368,0.794189,7.753,75.0,-1
1782767764.317,843,196413,0,0.00000000,0.00000000,0.00,0,0,0.22,0.334,0.0980,0.5880,1.2250,1.3623,0.596375,0.104065,-0.052368,0.794189,7.756,73.8,-1
1782767764.567,844,196627,0,0.00000000,0.00000000,0.00,0,0,0.24,0.061,-0.0490,0.8820,0.3430,0.9476,0.596375,0.104065,-0.052307,0.794189,7.756,71.2,-1
1782767764.754,845,196852,0,0.00000000,0.00000000,0.00,0,0,0.27,0.043,0.3430,0.3430,0.9800,1.0935,0.596375,0.104126,-0.052307,0.794189,7.754,76.2,-1
1782767765.002,846,197074,0,0.00000000,0.00000000,0.00,0,0,0.22,-0.324,0.2450,0.2940,0.8820,0.9614,0.596375,0.104126,-0.052307,0.794189,7.758,73.8,-1
1782767765.188,847,197294,0,0.00000000,0.00000000,0.00,0,0,0.28,0.182,-0.0490,0.9310,1.1270,1.4626,0.596375,0.104126,-0.052307,0.794189,7.756,76.2,-1
1782767765.437,848,197538,0,0.00000000,0.00000000,0.00,0,0,0.29,0.200,0.3920,0.3920,0.8330,1.0006,0.596375,0.104065,-0.052307,0.794189,7.755,73.8,-1
1782767765.683,849,197760,0,0.00000000,0.00000000,0.00,0,0,0.26,0.002,0.2450,0.7840,1.6660,1.8575,0.596375,0.104065,-0.052246,0.794189,7.756,75.0,-1
1782767765.933,850,197988,0,0.00000000,0.00000000,0.00,0,0,0.26,0.021,0.2450,0.4410,1.7640,1.8347,0.596375,0.104065,-0.052246,0.794189,7.760,77.5,-1
1782767766.119,851,198210,0,0.00000000,0.00000000,0.00,0,0,0.21,-0.562,1.3230,2.4990,0.7350,2.9216,0.596375,0.104126,-0.052307,0.794189,7.753,72.5,-1
1782767766.370,852,198433,0,0.00000000,0.00000000,0.00,0,0,0.25,-0.267,0.2450,0.5880,1.4700,1.6021,0.596375,0.104187,-0.052246,0.794189,7.754,76.2,-1
1782767766.557,853,198648,0,0.00000000,0.00000000,0.00,0,0,0.22,-0.244,0.4900,0.0980,1.2250,1.3230,0.596375,0.104187,-0.052307,0.794189,7.759,75.0,-1
1782767766.806,854,198866,0,0.00000000,0.00000000,0.00,0,0,0.31,0.011,0.2450,0.1470,1.6660,1.6903,0.596375,0.104370,-0.052490,0.794128,7.751,80.0,-1
1782767766.992,855,199086,0,0.00000000,0.00000000,0.00,0,0,0.28,-0.144,0.1960,0.7350,1.7640,1.9210,0.596436,0.104248,-0.052612,0.794128,7.751,77.5,-1
1782767767.242,856,199310,0,0.00000000,0.00000000,0.00,0,0,0.24,-0.128,0.7840,0.0980,2.4500,2.5742,0.596436,0.104126,-0.052673,0.794128,7.756,76.2,-1
1782767767.428,857,199521,0,0.00000000,0.00000000,0.00,0,0,0.13,-0.450,0.3920,0.4900,1.2250,1.3764,0.596497,0.104126,-0.052612,0.794128,7.756,76.2,-1
1782767767.680,858,199743,0,0.00000000,0.00000000,0.00,0,0,0.20,0.387,0.3920,0.5390,1.9110,2.0239,0.596375,0.104187,-0.052734,0.794128,7.756,72.5,-1
1782767767.867,859,199972,0,0.00000000,0.00000000,0.00,0,0,0.18,0.045,0.6370,0.6370,2.1070,2.2915,0.596375,0.104248,-0.052795,0.794128,7.754,78.8,-1
1782767768.116,860,200190,0,0.00000000,0.00000000,0.00,0,0,0.17,0.106,-0.0490,0.6860,1.4700,1.6229,0.596375,0.104248,-0.052795,0.794128,7.753,77.5,-1
1782767768.304,861,200413,0,0.00000000,0.00000000,0.00,0,0,0.21,0.499,-0.1470,0.6860,1.0780,1.2862,0.596375,0.104248,-0.052856,0.794128,7.755,76.2,-1
1782767768.553,862,200632,0,0.00000000,0.00000000,0.00,0,0,0.21,0.024,0.4410,0.2450,1.3230,1.4159,0.596375,0.104248,-0.052917,0.794128,7.751,75.0,-1
1782767768.743,863,200854,0,0.00000000,0.00000000,0.00,0,0,0.05,-0.643,-0.2940,0.7840,1.5190,1.7345,0.596375,0.104309,-0.052917,0.794128,7.755,75.0,-1
1782767768.990,864,201072,0,0.00000000,0.00000000,0.00,0,0,0.08,-0.218,0.1960,0.3430,1.4210,1.4749,0.596375,0.104248,-0.052917,0.794128,7.749,77.5,-1
1782767769.240,865,201297,0,0.00000000,0.00000000,0.00,0,0,0.20,0.357,1.1270,-0.0980,1.7640,2.0956,0.596375,0.104187,-0.052856,0.794189,7.754,76.2,-1
1782767769.429,866,201517,0,0.00000000,0.00000000,0.00,0,0,0.15,0.040,0.1470,0.8820,1.7150,1.9341,0.596375,0.104248,-0.052856,0.794128,7.756,76.2,-1
1782767769.679,867,201739,0,0.00000000,0.00000000,0.00,0,0,0.06,-0.452,0.5880,0.4900,1.3720,1.5711,0.596375,0.104187,-0.052856,0.794189,7.754,75.0,-1
1782767769.866,868,201965,0,0.00000000,0.00000000,0.00,0,0,0.18,0.569,0.1470,0.7840,1.4210,1.6296,0.596375,0.104187,-0.052856,0.794189,7.755,76.2,-1
1782767770.117,869,202185,0,0.00000000,0.00000000,0.00,0,0,0.23,0.626,0.4410,0.8330,1.6170,1.8716,0.596375,0.104187,-0.052856,0.794189,7.756,77.5,-1
1782767770.304,870,202408,0,0.00000000,0.00000000,0.00,0,0,0.20,-0.035,0.2450,1.3230,1.4210,1.9569,0.596375,0.104248,-0.052856,0.794128,7.760,71.2,-1
1782767770.554,871,202627,0,0.00000000,0.00000000,0.00,0,0,0.09,-0.340,0.0980,0.7350,1.1760,1.3903,0.596375,0.104248,-0.052917,0.794128,7.758,70.0,-1
1782767770.748,872,202848,0,0.00000000,0.00000000,0.00,0,0,0.19,0.091,0.1960,0.6860,0.7840,1.0600,0.596375,0.104309,-0.052917,0.794128,7.759,70.0,-1
1782767770.991,873,203065,0,0.00000000,0.00000000,0.00,0,0,0.21,-0.032,0.0490,0.3920,1.1760,1.2406,0.596375,0.104309,-0.052979,0.794128,7.758,76.2,-1
1782767771.178,874,203290,0,0.00000000,0.00000000,0.00,0,0,0.20,0.102,0.4410,0.4410,1.2250,1.3746,0.596375,0.104370,-0.052979,0.794128,7.755,73.8,-1
1782767771.425,875,203529,0,0.00000000,0.00000000,0.00,0,0,0.19,0.007,0.2450,0.4900,1.8130,1.8940,0.596375,0.104309,-0.052917,0.794128,7.756,75.0,-1
1782767771.674,876,203750,0,0.00000000,0.00000000,0.00,0,0,0.27,0.557,0.2450,0.6370,1.4210,1.5764,0.596375,0.104187,-0.052856,0.794128,7.755,77.5,-1
1782767771.862,877,203971,0,0.00000000,0.00000000,0.00,0,0,0.17,-0.091,0.2940,0.5880,1.8130,1.9285,0.596375,0.104187,-0.052856,0.794189,7.756,73.8,-1
1782767772.113,878,204193,0,0.00000000,0.00000000,0.00,0,0,0.25,0.294,0.3920,0.5390,1.8130,1.9316,0.596313,0.104187,-0.052795,0.794189,7.759,76.2,-1
1782767772.363,879,204419,0,0.00000000,0.00000000,0.00,0,0,0.13,-0.330,0.5880,0.2450,1.3230,1.4684,0.596436,0.104126,-0.052856,0.794128,7.753,81.2,-1
1782767772.549,880,204630,0,0.00000000,0.00000000,0.00,0,0,0.16,-0.321,0.1960,0.7840,1.7640,1.9403,0.596436,0.104065,-0.052856,0.794128,7.756,76.2,-1
1782767772.733,881,204850,0,0.00000000,0.00000000,0.00,0,0,0.08,-0.314,0.2450,0.4900,1.6170,1.7073,0.596436,0.104065,-0.052856,0.794128,7.755,77.5,-1
1782767772.982,882,205073,0,0.00000000,0.00000000,0.00,0,0,0.25,0.446,0.2940,0.6860,1.2740,1.4765,0.596436,0.104126,-0.052856,0.794128,7.756,72.5,-1
1782767773.233,883,205293,0,0.00000000,0.00000000,0.00,0,0,0.07,-0.694,0.2940,0.6370,1.3230,1.4975,0.596436,0.104126,-0.052856,0.794128,7.755,77.5,-1
1782767773.420,884,205537,0,0.00000000,0.00000000,0.00,0,0,0.18,0.029,0.1470,1.0290,1.8620,2.1325,0.596436,0.104126,-0.052917,0.794128,7.759,75.0,-1
1782767773.668,885,205761,0,0.00000000,0.00000000,0.00,0,0,0.16,-0.099,0.4410,0.8330,2.3520,2.5338,0.596436,0.104065,-0.052856,0.794128,7.755,78.8,-1
1782767773.916,886,205986,0,0.00000000,0.00000000,0.00,0,0,0.19,0.086,0.3920,0.6370,1.2250,1.4353,0.596436,0.104004,-0.052917,0.794128,7.756,75.0,-1
1782767774.103,887,206204,0,0.00000000,0.00000000,0.00,0,0,0.24,0.032,0.2450,0.5880,1.8620,1.9679,0.596436,0.104004,-0.052917,0.794128,7.759,75.0,-1
1782767774.354,888,206427,0,0.00000000,0.00000000,0.00,0,0,0.02,-0.685,-0.1960,1.8130,-0.0980,1.8262,0.596436,0.104004,-0.052917,0.794128,7.759,72.5,-1
1782767774.541,889,206646,0,0.00000000,0.00000000,0.00,0,0,0.10,0.116,0.2450,0.9800,1.7640,2.0328,0.596436,0.104004,-0.052856,0.794128,7.760,75.0,-1
1782767774.792,890,206866,0,0.00000000,0.00000000,0.00,0,0,0.18,0.341,0.2940,0.8330,1.2740,1.5503,0.596436,0.104004,-0.052856,0.794128,7.760,76.2,-1
1782767774.982,891,207086,0,0.00000000,0.00000000,0.00,0,0,0.09,-0.079,0.4410,0.1470,1.9110,1.9667,0.596436,0.104004,-0.052795,0.794128,7.759,73.8,-1
1782767775.232,892,207307,0,0.00000000,0.00000000,0.00,0,0,0.13,0.350,0.0490,1.1760,0.8330,1.4420,0.596436,0.104004,-0.052795,0.794128,7.755,77.5,-1
1782767775.421,893,207518,0,0.00000000,0.00000000,0.00,0,0,0.07,-0.482,0.2450,0.5390,1.7640,1.8607,0.596497,0.104004,-0.052795,0.794128,7.759,73.8,-1
1782767775.668,894,207737,0,0.00000000,0.00000000,0.00,0,0,0.11,0.030,0.6370,0.0490,1.6660,1.7843,0.596497,0.104004,-0.052795,0.794128,7.759,72.5,-1
1782767775.856,895,207958,0,0.00000000,0.00000000,0.00,0,0,0.09,-0.193,-0.0490,1.4210,0.9800,1.7269,0.596497,0.104004,-0.052734,0.794128,7.758,73.8,-1
1782767776.105,896,208180,0,0.00000000,0.00000000,0.00,0,0,0.03,-0.168,0.5880,0.0980,2.3030,2.3789,0.596497,0.104004,-0.052734,0.794128,7.760,75.0,-1
1782767776.293,897,208398,0,0.00000000,0.00000000,0.00,0,0,-0.06,-0.415,0.4900,0.8330,1.5680,1.8419,0.596497,0.104004,-0.052734,0.794128,7.758,76.2,-1
1782767776.543,898,208611,0,0.00000000,0.00000000,0.00,0,0,0.14,0.739,-0.7350,0.8330,0.5880,1.2569,0.596497,0.104004,-0.052734,0.794128,7.758,76.2,-1
1782767776.732,899,208833,0,0.00000000,0.00000000,0.00,0,0,0.14,0.400,0.3920,0.5880,2.0090,2.1297,0.596497,0.104004,-0.052734,0.794128,7.758,76.2,-1
1782767776.981,900,209054,0,0.00000000,0.00000000,0.00,0,0,0.02,-0.648,-0.3920,1.5190,1.0290,1.8761,0.596436,0.104065,-0.052795,0.794128,7.756,75.0,-1
1782767777.167,901,209281,0,0.00000000,0.00000000,0.00,0,0,0.02,0.040,-0.2940,0.4900,1.0290,1.1770,0.596436,0.104065,-0.052795,0.794128,7.756,76.2,-1
1782767777.414,902,209527,0,0.00000000,0.00000000,0.00,0,0,0.08,0.527,0.2940,0.8820,2.2050,2.3930,0.596436,0.104065,-0.052795,0.794128,7.759,75.0,-1
1782767777.665,903,209754,0,0.00000000,0.00000000,0.00,0,0,0.03,-0.221,0.2940,0.6860,1.9110,2.0516,0.596497,0.104065,-0.052795,0.794128,7.756,75.0,-1
1782767777.915,904,209972,0,0.00000000,0.00000000,0.00,0,0,0.10,-0.095,0.5880,0.3920,1.5190,1.6753,0.596497,0.104065,-0.052795,0.794128,7.753,82.5,-1
1782767778.102,905,210194,0,0.00000000,0.00000000,0.00,0,0,0.03,-0.697,1.4210,-0.0490,3.1360,3.4433,0.596497,0.104065,-0.052734,0.794128,7.754,75.0,-1
1782767778.351,906,210413,0,0.00000000,0.00000000,0.00,0,0,0.19,0.905,0.0490,1.1760,0.8330,1.4420,0.596497,0.104004,-0.052734,0.794128,7.754,77.5,-1
1782767778.538,907,210629,0,0.00000000,0.00000000,0.00,0,0,0.12,-0.293,0.2940,0.1960,1.6170,1.6552,0.596436,0.104065,-0.052795,0.794128,7.761,68.8,-1
1782767778.789,908,210856,0,0.00000000,0.00000000,0.00,0,0,0.19,0.322,0.5390,0.2940,1.3720,1.5031,0.596436,0.104065,-0.052795,0.794128,7.758,77.5,-1
1782767778.974,909,211077,0,0.00000000,0.00000000,0.00,0,0,0.25,0.247,-0.0980,1.2740,0.9800,1.6103,0.596436,0.104065,-0.052795,0.794128,7.756,75.0,-1
1782767779.225,910,211295,0,0.00000000,0.00000000,0.00,0,0,0.16,-0.312,0.2940,0.3920,1.4210,1.5031,0.596436,0.104065,-0.052795,0.794128,7.754,76.2,-1
1782767779.412,911,211511,0,0.00000000,0.00000000,0.00,0,0,0.22,0.232,0.3920,0.6860,1.2250,1.4577,0.596497,0.104065,-0.052795,0.794128,7.759,76.2,-1
1782767779.659,912,211736,0,0.00000000,0.00000000,0.00,0,0,0.30,0.274,-0.1960,1.3720,1.5190,2.0562,0.596497,0.104004,-0.052795,0.794128,7.751,77.5,-1
1782767779.844,913,211956,0,0.00000000,0.00000000,0.00,0,0,0.21,-0.501,0.2940,0.9310,1.7150,1.9734,0.596497,0.104004,-0.052734,0.794128,7.755,80.0,-1
1782767780.094,914,212181,0,0.00000000,0.00000000,0.00,0,0,0.31,0.200,0.1470,0.4900,1.4210,1.5103,0.596436,0.104065,-0.052795,0.794128,7.756,76.2,-1
1782767780.344,915,212402,0,0.00000000,0.00000000,0.00,0,0,0.31,0.462,0.5390,0.9800,2.1070,2.3854,0.596436,0.104065,-0.052795,0.794128,7.758,75.0,-1
1782767780.532,916,212620,0,0.00000000,0.00000000,0.00,0,0,0.28,-0.404,0.5390,0.6860,0.4900,1.0006,0.596436,0.104065,-0.052795,0.794128,7.756,77.5,-1
1782767780.782,917,212838,0,0.00000000,0.00000000,0.00,0,0,0.18,-0.449,0.6860,1.0290,1.5190,1.9588,0.596436,0.104126,-0.052795,0.794128,7.755,80.0,-1
1782767780.969,918,213061,0,0.00000000,0.00000000,0.00,0,0,0.34,0.103,0.4900,0.5390,1.5680,1.7289,0.596436,0.104126,-0.052917,0.794128,7.755,75.0,-1
1782767781.218,919,213279,0,0.00000000,0.00000000,0.00,0,0,0.26,-0.214,0.0980,1.0780,1.8130,2.1116,0.596436,0.104126,-0.052979,0.794128,7.753,80.0,-1
1782767781.467,920,213527,0,0.00000000,0.00000000,0.00,0,0,0.27,-0.244,0.2940,0.6370,0.7350,1.0161,0.596436,0.104065,-0.052979,0.794128,7.759,76.2,-1
1782767781.653,921,213754,0,0.00000000,0.00000000,0.00,0,0,0.40,0.697,0.2450,0.1960,1.6170,1.6472,0.596436,0.104065,-0.052917,0.794128,7.759,75.0,-1
1782767781.904,922,213972,0,0.00000000,0.00000000,0.00,0,0,0.40,0.234,0.1960,0.7840,1.7150,1.8959,0.596436,0.104126,-0.052917,0.794128,7.759,76.2,-1
1782767782.090,923,214193,0,0.00000000,0.00000000,0.00,0,0,0.41,0.310,0.3920,0.9310,1.4210,1.7435,0.596436,0.104187,-0.052917,0.794128,7.758,76.2,-1
1782767782.340,924,214412,0,0.00000000,0.00000000,0.00,0,0,0.36,0.003,0.1960,0.6370,2.3030,2.3975,0.596436,0.104248,-0.052979,0.794067,7.755,76.2,-1
1782767782.528,925,214625,0,0.00000000,0.00000000,0.00,0,0,0.39,-0.100,0.1470,0.5880,2.0580,2.1454,0.596436,0.104248,-0.052979,0.794067,7.759,78.8,-1
1782767782.777,926,214842,0,0.00000000,0.00000000,0.00,0,0,0.33,-0.494,1.0780,0.6860,2.1070,2.4642,0.596436,0.104309,-0.052979,0.794067,7.759,73.8,-1
1782767782.966,927,215067,0,0.00000000,0.00000000,0.00,0,0,0.41,0.300,0.4900,0.2450,1.9600,2.0351,0.596436,0.104309,-0.052979,0.794067,7.756,70.0,-1
1782767783.215,928,215290,0,0.00000000,0.00000000,0.00,0,0,0.37,0.042,-0.0490,0.8820,0.3430,0.9476,0.596436,0.104309,-0.052979,0.794067,7.760,75.0,-1
1782767783.466,929,215533,0,0.00000000,0.00000000,0.00,0,0,0.35,0.020,-0.1960,1.6170,0.5390,1.7157,0.596436,0.104309,-0.052979,0.794067,7.756,76.2,-1
1782767783.654,930,215756,0,0.00000000,0.00000000,0.00,0,0,0.30,-0.121,-0.0980,1.2250,1.0780,1.6347,0.596436,0.104309,-0.052979,0.794067,7.759,68.8,-1
1782767783.905,931,215976,0,0.00000000,0.00000000,0.00,0,0,0.38,0.182,0.5390,0.7840,1.4700,1.7510,0.596436,0.104309,-0.052979,0.794067,7.755,75.0,-1
1782767784.090,932,216199,0,0.00000000,0.00000000,0.00,0,0,0.23,-0.281,0.3920,0.3920,1.7150,1.8024,0.596436,0.104248,-0.052917,0.794067,7.759,68.8,-1
1782767784.339,933,216417,0,0.00000000,0.00000000,0.00,0,0,0.27,-0.210,0.2450,0.8820,1.3720,1.6493,0.596436,0.104248,-0.052917,0.794067,7.758,75.0,-1
1782767784.529,934,216632,0,0.00000000,0.00000000,0.00,0,0,0.35,0.067,0.5880,0.6860,2.0580,2.2476,0.596436,0.104248,-0.052979,0.794067,7.754,75.0,-1
1782767784.777,935,216857,0,0.00000000,0.00000000,0.00,0,0,0.35,0.372,0.7350,0.7350,1.5680,1.8812,0.596436,0.104187,-0.053040,0.794128,7.758,77.5,-1
1782767784.965,936,217080,0,0.00000000,0.00000000,0.00,0,0,0.19,-0.639,0.4410,0.1960,1.2740,1.3623,0.596436,0.104248,-0.053040,0.794128,7.755,73.8,-1
1782767785.214,937,217301,0,0.00000000,0.00000000,0.00,0,0,0.35,0.447,0.0490,0.5880,1.2250,1.3597,0.596436,0.104248,-0.053040,0.794067,7.758,73.8,-1
1782767785.404,938,217517,0,0.00000000,0.00000000,0.00,0,0,0.20,-0.406,0.0980,0.4410,1.5190,1.5848,0.596436,0.104248,-0.053040,0.794067,7.756,75.0,-1
1782767785.655,939,217743,0,0.00000000,0.00000000,0.00,0,0,0.15,-0.514,0.3430,0.5390,1.3230,1.4692,0.596436,0.104248,-0.052979,0.794067,7.756,71.2,-1
1782767785.904,940,217960,0,0.00000000,0.00000000,0.00,0,0,0.24,-0.138,0.3430,0.8330,1.4700,1.7241,0.596436,0.104248,-0.052979,0.794067,7.755,76.2,-1
1782767786.092,941,218185,0,0.00000000,0.00000000,0.00,0,0,0.16,-0.323,1.1760,0.4410,3.3320,3.5609,0.596436,0.104126,-0.052917,0.794128,7.759,70.0,-1
1782767786.342,942,218408,0,0.00000000,0.00000000,0.00,0,0,0.17,-0.203,0.0000,1.0290,1.9600,2.2137,0.596436,0.104065,-0.052917,0.794128,7.761,72.5,-1
1782767786.528,943,218625,0,0.00000000,0.00000000,0.00,0,0,0.19,-0.084,0.0980,0.5390,1.5190,1.6148,0.596436,0.104065,-0.052917,0.794128,7.760,72.5,-1
1782767786.777,944,218847,0,0.00000000,0.00000000,0.00,0,0,0.07,-0.616,0.8820,1.0290,1.2740,1.8601,0.596436,0.104126,-0.052917,0.794128,7.761,68.8,-1
1782767786.965,945,219066,0,0.00000000,0.00000000,0.00,0,0,0.13,-0.058,0.2450,0.5390,1.4700,1.5848,0.596436,0.104187,-0.052917,0.794128,7.760,73.8,-1
1782767787.214,946,219283,0,0.00000000,0.00000000,0.00,0,0,0.22,0.567,0.1960,0.1470,0.7350,0.7748,0.596436,0.104187,-0.052917,0.794128,7.759,73.8,-1
1782767787.463,947,219532,0,0.00000000,0.00000000,0.00,0,0,0.24,0.257,-0.0980,0.8820,1.4210,1.6753,0.596436,0.104126,-0.052856,0.794128,7.758,71.2,-1
1782767787.648,948,219755,0,0.00000000,0.00000000,0.00,0,0,0.14,-0.041,0.4900,1.0290,1.7150,2.0592,0.596436,0.104126,-0.052856,0.794128,7.756,71.2,-1
1782767787.901,949,219976,0,0.00000000,0.00000000,0.00,0,0,0.20,0.352,0.2450,0.5880,1.0780,1.2521,0.596436,0.104126,-0.052856,0.794128,7.755,73.8,-1
1782767788.088,950,220196,0,0.00000000,0.00000000,0.00,0,0,0.22,0.224,0.5390,0.8820,2.2050,2.4353,0.596436,0.104126,-0.052856,0.794128,7.755,73.8,-1
1782767788.339,951,220421,0,0.00000000,0.00000000,0.00,0,0,0.24,0.288,1.1270,0.8820,1.7640,2.2715,0.596436,0.104187,-0.052917,0.794128,7.759,71.2,-1
1782767788.527,952,220640,0,0.00000000,0.00000000,0.00,0,0,0.21,0.110,0.1470,1.0780,0.6370,1.2607,0.596436,0.104126,-0.052856,0.794128,7.760,72.5,-1
1782767788.775,953,220866,0,0.00000000,0.00000000,0.00,0,0,0.23,0.092,0.8330,0.3920,1.4210,1.6932,0.596436,0.104187,-0.052917,0.794128,7.760,76.2,-1
1782767789.027,954,221093,0,0.00000000,0.00000000,0.00,0,0,0.29,0.366,0.7840,-0.1470,2.4990,2.6232,0.596436,0.104248,-0.052917,0.794067,7.760,71.2,-1
1782767789.213,955,221319,0,0.00000000,0.00000000,0.00,0,0,0.18,-0.390,0.0980,1.0290,2.4010,2.6140,0.596436,0.104187,-0.052917,0.794128,7.758,75.0,-1
1782767789.464,956,221532,0,0.00000000,0.00000000,0.00,0,0,0.11,-0.661,1.1270,0.9310,2.3520,2.7693,0.596436,0.104187,-0.052979,0.794128,7.759,70.0,-1
1782767789.648,957,221732,0,0.00000000,0.00000000,0.00,0,0,0.23,0.540,0.4410,1.0780,1.2250,1.6903,0.596436,0.104248,-0.052979,0.794067,7.759,70.0,-1
1782767789.898,958,221954,0,0.00000000,0.00000000,0.00,0,0,0.25,0.468,0.2450,0.5390,1.1270,1.2731,0.596436,0.104187,-0.052979,0.794128,7.758,72.5,-1
1782767790.085,959,222183,0,0.00000000,0.00000000,0.00,0,0,0.15,-0.040,0.1960,0.6860,1.3230,1.5031,0.596436,0.104126,-0.053040,0.794128,7.755,75.0,-1
1782767790.287,960,222400,0,0.00000000,0.00000000,0.00,0,0,0.10,-0.429,1.0290,0.6370,2.3030,2.6016,0.596436,0.104065,-0.053040,0.794128,7.751,77.5,-1
1782767790.537,961,222612,0,0.00000000,0.00000000,0.00,0,0,0.11,0.165,0.6370,0.3920,1.2740,1.4773,0.596436,0.104065,-0.052979,0.794128,7.753,75.0,-1
1782767790.722,962,222832,0,0.00000000,0.00000000,0.00,0,0,0.21,0.394,0.1960,0.6860,1.9600,2.0858,0.596436,0.104065,-0.052917,0.794128,7.754,76.2,-1
1782767790.975,963,223053,0,0.00000000,0.00000000,0.00,0,0,0.29,0.311,0.4410,0.8820,1.9110,2.1504,0.596436,0.104065,-0.052917,0.794128,7.755,75.0,-1
1782767791.162,964,223276,0,0.00000000,0.00000000,0.00,0,0,0.18,-0.129,0.0980,0.6860,1.3230,1.4935,0.596436,0.104065,-0.052856,0.794128,7.756,71.2,-1
1782767791.413,965,223479,0,0.00000000,0.00000000,0.00,0,0,0.28,0.426,0.1960,1.0290,1.5190,1.8452,0.596436,0.104065,-0.052917,0.794128,7.755,78.8,-1
1782767791.601,966,223696,0,0.00000000,0.00000000,0.00,0,0,0.15,-0.290,0.2940,0.7350,1.3720,1.5840,0.596436,0.104126,-0.052979,0.794128,7.755,72.5,-1
1782767791.850,967,223917,0,0.00000000,0.00000000,0.00,0,0,0.24,0.060,0.3920,0.3920,1.4700,1.5711,0.596436,0.104187,-0.052979,0.794128,7.754,70.0,-1
1782767792.052,968,224134,0,0.00000000,0.00000000,0.00,0,0,0.23,-0.205,0.1470,0.4900,1.5190,1.6028,0.596436,0.104126,-0.052917,0.794128,7.755,77.5,-1
1782767792.240,969,224354,0,0.00000000,0.00000000,0.00,0,0,0.35,0.677,0.3920,0.9800,1.2250,1.6170,0.596436,0.104187,-0.052917,0.794128,7.755,76.2,-1
1782767792.489,970,224567,0,0.00000000,0.00000000,0.00,0,0,0.28,-0.010,0.0980,0.8820,1.1760,1.4733,0.596436,0.104187,-0.052917,0.794128,7.760,72.5,-1
1782767792.690,971,224787,0,0.00000000,0.00000000,0.00,0,0,0.15,-0.397,0.1470,0.8330,2.2050,2.3617,0.596436,0.104248,-0.052917,0.794067,7.759,75.0,-1
1782767792.939,972,225007,0,0.00000000,0.00000000,0.00,0,0,0.35,0.456,-0.2940,0.4410,1.7150,1.7950,0.596436,0.104187,-0.052917,0.794128,7.753,76.2,-1
1782767793.125,973,225230,0,0.00000000,0.00000000,0.00,0,0,0.35,0.114,0.2940,0.6860,1.3720,1.5619,0.596436,0.104187,-0.052856,0.794128,7.759,73.8,-1
1782767793.389,974,225448,0,0.00000000,0.00000000,0.00,0,0,0.30,-0.225,0.5390,0.5390,1.1760,1.4014,0.596436,0.104126,-0.052856,0.794128,7.758,76.2,-1
1782767793.576,975,225662,0,0.00000000,0.00000000,0.00,0,0,0.33,-0.243,0.0490,0.7840,1.3230,1.5386,0.596436,0.104065,-0.052795,0.794128,7.758,72.5,-1
1782767793.825,976,225891,0,0.00000000,0.00000000,0.00,0,0,0.27,-0.121,0.1960,0.9310,1.8620,2.0910,0.596436,0.104065,-0.052795,0.794128,7.755,78.8,-1
1782767794.014,977,226109,0,0.00000000,0.00000000,0.00,0,0,0.32,-0.032,0.5880,0.4900,1.1760,1.4031,0.596436,0.104065,-0.052795,0.794128,7.751,77.5,-1
1782767794.265,978,226328,0,0.00000000,0.00000000,0.00,0,0,0.29,-0.110,0.5390,0.8820,1.3230,1.6789,0.596436,0.104065,-0.052795,0.794128,7.756,72.5,-1
1782767794.452,979,226546,0,0.00000000,0.00000000,0.00,0,0,0.28,-0.298,0.5880,0.6860,1.4210,1.6839,0.596497,0.104004,-0.052795,0.794128,7.755,72.5,-1
1782767794.704,980,226772,0,0.00000000,0.00000000,0.00,0,0,0.22,-0.370,0.3430,0.4410,1.6660,1.7572,0.596497,0.104004,-0.052795,0.794128,7.755,75.0,-1
1782767794.894,981,226998,0,0.00000000,0.00000000,0.00,0,0,0.27,0.248,0.6860,0.7840,1.8130,2.0910,0.596497,0.104004,-0.052734,0.794128,7.758,75.0,-1
1782767795.143,982,227224,0,0.00000000,0.00000000,0.00,0,0,0.32,0.152,0.2450,0.9310,1.7640,2.0096,0.596558,0.104065,-0.052734,0.794067,7.755,73.8,-1
1782767795.389,983,227445,0,0.00000000,0.00000000,0.00,0,0,0.35,0.058,0.4900,0.5880,1.0290,1.2825,0.596558,0.104126,-0.052734,0.794006,7.756,73.8,-1
1782767795.577,984,227665,0,0.00000000,0.00000000,0.00,0,0,0.30,-0.268,0.1960,0.3430,1.6660,1.7122,0.596558,0.104126,-0.052673,0.794006,7.756,75.0,-1
1782767795.826,985,227885,0,0.00000000,0.00000000,0.00,0,0,0.43,0.636,0.3430,0.6370,1.3720,1.5511,0.596558,0.104126,-0.052673,0.794067,7.758,73.8,-1
1782767796.028,986,228105,0,0.00000000,0.00000000,0.00,0,0,0.46,0.379,0.3430,0.3430,1.1270,1.2270,0.596497,0.104126,-0.052734,0.794067,7.755,77.5,-1
1782767796.215,987,228325,0,0.00000000,0.00000000,0.00,0,0,0.37,0.063,0.1960,0.5880,1.2740,1.4168,0.596497,0.104187,-0.052795,0.794067,7.755,76.2,-1
1782767796.467,988,228539,0,0.00000000,0.00000000,0.00,0,0,0.39,0.191,0.4410,0.9800,1.4210,1.7816,0.596497,0.104187,-0.052795,0.794067,7.760,73.8,-1
1782767796.655,989,228764,0,0.00000000,0.00000000,0.00,0,0,0.29,-0.020,0.2450,0.8820,1.1760,1.4903,0.596497,0.104248,-0.052856,0.794067,7.758,75.0,-1
1782767796.903,990,228986,0,0.00000000,0.00000000,0.00,0,0,0.33,0.088,0.1470,0.4410,1.0780,1.1740,0.596497,0.104187,-0.052856,0.794067,7.754,83.8,-1
1782767797.152,991,229207,0,0.00000000,0.00000000,0.00,0,0,0.30,-0.355,0.3430,0.3920,1.3230,1.4218,0.596497,0.104187,-0.052856,0.794067,7.756,73.8,-1
1782767797.339,992,229431,0,0.00000000,0.00000000,0.00,0,0,0.40,-0.050,0.1470,0.8330,1.1760,1.4486,0.596497,0.104126,-0.052856,0.794067,7.758,76.2,-1
1782767797.589,993,229646,0,0.00000000,0.00000000,0.00,0,0,0.28,-0.504,-0.0980,1.1270,1.1270,1.5968,0.596497,0.104126,-0.052795,0.794067,7.758,73.8,-1
1782767797.776,994,229871,0,0.00000000,0.00000000,0.00,0,0,0.41,0.146,0.2450,0.4410,1.7640,1.8347,0.596497,0.104126,-0.052795,0.794067,7.761,71.2,-1
1782767798.028,995,230091,0,0.00000000,0.00000000,0.00,0,0,0.39,-0.256,0.5880,0.5880,1.1760,1.4403,0.596497,0.104065,-0.052856,0.794067,7.761,73.8,-1
1782767798.218,996,230321,0,0.00000000,0.00000000,0.00,0,0,0.40,0.356,0.8330,0.7350,2.7930,3.0058,0.596497,0.104004,-0.052979,0.794067,7.759,72.5,-1
1782767798.468,997,230534,0,0.00000000,0.00000000,0.00,0,0,0.40,-0.020,0.0980,0.7350,2.1070,2.2337,0.596497,0.104065,-0.053040,0.794067,7.761,70.0,-1
1782767798.654,998,230763,0,0.00000000,0.00000000,0.00,0,0,0.49,0.418,0.3430,0.5390,0.9800,1.1699,0.596436,0.104065,-0.053101,0.794067,7.760,73.8,-1
1782767798.903,999,230981,0,0.00000000,0.00000000,0.00,0,0,0.44,0.046,0.0980,0.8330,1.2740,1.5253,0.596436,0.104065,-0.053162,0.794067,7.754,76.2,-1
1782767799.090,1000,231203,0,0.00000000,0.00000000,0.00,0,0,0.46,-0.216,0.8330,0.5390,2.5480,2.7344,0.596436,0.104065,-0.053162,0.794067,7.759,72.5,-1
1782767799.342,1001,231425,0,0.00000000,0.00000000,0.00,0,0,0.37,-0.304,0.7350,0.3430,1.5190,1.7220,0.596436,0.104126,-0.053101,0.794067,7.759,72.5,-1
1782767799.545,1002,231644,0,0.00000000,0.00000000,0.00,0,0,0.35,-0.241,0.4900,0.7840,1.4700,1.7366,0.596436,0.104126,-0.053101,0.794067,7.755,71.2,-1
1782767799.794,1003,231863,0,0.00000000,0.00000000,0.00,0,0,0.49,0.697,0.1470,0.1960,1.6170,1.6355,0.596436,0.104248,-0.053040,0.794067,7.758,71.2,-1
1782767799.979,1004,232084,0,0.00000000,0.00000000,0.00,0,0,0.52,0.689,0.1470,-0.0490,0.9800,0.9922,0.596436,0.104248,-0.053040,0.794067,7.756,72.5,-1
1782767800.228,1005,232307,0,0.00000000,0.00000000,0.00,0,0,0.36,-0.089,0.5390,0.1960,1.6170,1.7157,0.596436,0.104309,-0.053040,0.794067,7.759,73.8,-1
1782767800.417,1006,232525,0,0.00000000,0.00000000,0.00,0,0,0.31,0.055,0.0490,1.1760,0.1470,1.1862,0.596436,0.104309,-0.053040,0.794067,7.755,75.0,-1
1782767800.664,1007,232748,0,0.00000000,0.00000000,0.00,0,0,0.45,0.505,1.4700,0.3920,2.6950,3.0948,0.596497,0.104248,-0.052979,0.794067,7.759,72.5,-1
1782767800.915,1008,232975,0,0.00000000,0.00000000,0.00,0,0,0.36,-0.312,0.9310,0.7840,1.9110,2.2657,0.596497,0.104248,-0.052979,0.794067,7.759,71.2,-1
1782767801.116,1009,233195,0,0.00000000,0.00000000,0.00,0,0,0.40,-0.030,0.4410,0.5390,2.5970,2.6888,0.596497,0.104248,-0.052979,0.794067,7.758,75.0,-1
1782767801.304,1010,233419,0,0.00000000,0.00000000,0.00,0,0,0.33,-0.227,-0.8330,1.4700,-1.2740,2.1161,0.596436,0.104248,-0.052917,0.794067,7.760,70.0,-1
1782767801.553,1011,233639,0,0.00000000,0.00000000,0.00,0,0,0.31,-0.321,-0.7350,-0.0490,0.4900,0.8847,0.596497,0.104187,-0.052917,0.794067,7.759,70.0,-1
1782767801.755,1012,233859,0,0.00000000,0.00000000,0.00,0,0,0.42,0.131,0.5880,0.5390,1.3720,1.5870,0.596497,0.104248,-0.052856,0.794067,7.758,71.2,-1
1782767802.005,1013,234078,0,0.00000000,0.00000000,0.00,0,0,0.43,0.140,-0.3430,1.0290,1.1760,1.5998,0.596436,0.104309,-0.052734,0.794128,7.759,71.2,-1
1782767802.191,1014,234298,0,0.00000000,0.00000000,0.00,0,0,0.38,-0.493,0.8820,0.9800,2.4500,2.7822,0.596436,0.104309,-0.052734,0.794067,7.758,75.0,-1
1782767802.442,1015,234514,0,0.00000000,0.00000000,0.00,0,0,0.48,0.347,0.3430,0.6860,1.4700,1.6581,0.596436,0.104309,-0.052795,0.794128,7.758,72.5,-1
1782767802.629,1016,234729,0,0.00000000,0.00000000,0.00,0,0,0.36,-0.550,0.8820,-0.1470,2.2540,2.4249,0.596436,0.104309,-0.052856,0.794128,7.754,77.5,-1
1782767802.879,1017,234951,0,0.00000000,0.00000000,0.00,0,0,0.44,0.153,0.3430,1.3720,0.9800,1.7206,0.596436,0.104370,-0.052917,0.794128,7.754,72.5,-1
1782767803.069,1018,235173,0,0.00000000,0.00000000,0.00,0,0,0.46,0.259,0.9800,0.5880,2.3030,2.5710,0.596436,0.104370,-0.052917,0.794128,7.758,72.5,-1
1782767803.320,1019,235391,0,0.00000000,0.00000000,0.00,0,0,0.44,0.094,0.3920,0.1470,1.4700,1.5285,0.596436,0.104309,-0.052917,0.794128,7.756,76.2,-1
1782767803.510,1020,235607,0,0.00000000,0.00000000,0.00,0,0,0.46,0.466,0.6370,-0.0980,2.4010,2.4860,0.596436,0.104248,-0.052856,0.794128,7.760,70.0,-1
1782767803.760,1021,235834,0,0.00000000,0.00000000,0.00,0,0,0.47,0.270,-0.2450,0.9310,1.1270,1.4822,0.596436,0.104248,-0.052917,0.794128,7.758,72.5,-1
1782767803.948,1022,236057,0,0.00000000,0.00000000,0.00,0,0,0.40,0.040,0.7840,0.6860,2.2050,2.4387,0.596375,0.104248,-0.052979,0.794128,7.759,72.5,-1
1782767804.197,1023,236282,0,0.00000000,0.00000000,0.00,0,0,0.42,-0.062,0.0000,1.4210,1.2250,1.8761,0.596436,0.104187,-0.052917,0.794128,7.759,70.0,-1
1782767804.461,1024,236529,0,0.00000000,0.00000000,0.00,0,0,0.44,0.218,1.1270,0.7840,3.0380,3.3338,0.596436,0.104065,-0.052856,0.794128,7.758,75.0,-1
1782767804.646,1025,236756,0,0.00000000,0.00000000,0.00,0,0,0.46,0.007,1.0290,0.5390,2.3030,2.5794,0.596436,0.104065,-0.053040,0.794128,7.758,75.0,-1
1782767804.896,1026,236973,0,0.00000000,0.00000000,0.00,0,0,0.46,0.355,-0.0980,0.8330,0.7840,1.1481,0.596436,0.104004,-0.053040,0.794128,7.756,76.2,-1
1782767805.084,1027,237195,0,0.00000000,0.00000000,0.00,0,0,0.45,0.252,0.3920,0.7840,1.9110,2.1024,0.596375,0.104004,-0.053040,0.794128,7.759,78.8,-1
1782767805.333,1028,237418,0,0.00000000,0.00000000,0.00,0,0,0.50,0.137,1.7640,1.5190,1.7640,2.9207,0.596375,0.104187,-0.053101,0.794128,7.759,73.8,-1
1782767805.581,1029,237636,0,0.00000000,0.00000000,0.00,0,0,0.45,-0.397,0.2450,0.4410,0.8820,1.0161,0.596375,0.104187,-0.053101,0.794128,7.756,78.8,-1
1782767805.767,1030,237860,0,0.00000000,0.00000000,0.00,0,0,0.58,0.441,0.6860,0.3430,1.9600,2.1047,0.596375,0.104248,-0.053040,0.794128,7.758,75.0,-1
1782767805.969,1031,238077,0,0.00000000,0.00000000,0.00,0,0,0.48,-0.158,0.6370,0.4900,1.3720,1.5900,0.596375,0.104248,-0.053040,0.794128,7.753,78.8,-1
1782767806.220,1032,238300,0,0.00000000,0.00000000,0.00,0,0,0.57,0.368,0.0980,0.6860,1.3230,1.4935,0.596375,0.104248,-0.053101,0.794128,7.755,77.5,-1
1782767806.421,1033,238514,0,0.00000000,0.00000000,0.00,0,0,0.54,-0.111,0.2450,0.5880,1.5190,1.6472,0.596375,0.104248,-0.053101,0.794128,7.758,75.0,-1
1782767806.672,1034,238737,0,0.00000000,0.00000000,0.00,0,0,0.61,0.253,0.1960,0.6860,1.5190,1.6782,0.596375,0.104309,-0.053040,0.794128,7.758,80.0,-1
1782767806.861,1035,238959,0,0.00000000,0.00000000,0.00,0,0,0.48,-0.218,0.3920,0.2450,2.0580,2.1093,0.596375,0.104431,-0.053101,0.794128,7.753,78.8,-1
1782767807.110,1036,239180,0,0.00000000,0.00000000,0.00,0,0,0.47,-0.254,0.0490,0.6860,1.2250,1.4049,0.596375,0.104309,-0.053101,0.794128,7.754,78.8,-1
1782767807.296,1037,239398,0,0.00000000,0.00000000,0.00,0,0,0.53,0.255,0.2450,0.5880,1.9110,2.0144,0.596436,0.104248,-0.052979,0.794067,7.755,76.2,-1
1782767807.545,1038,239614,0,0.00000000,0.00000000,0.00,0,0,0.48,0.096,0.3920,0.5390,1.0780,1.2674,0.596375,0.104309,-0.052979,0.794128,7.756,72.5,-1
1782767807.732,1039,239837,0,0.00000000,0.00000000,0.00,0,0,0.49,0.203,0.8820,0.4410,1.1760,1.5347,0.596375,0.104248,-0.052979,0.794128,7.758,72.5,-1
1782767807.982,1040,240064,0,0.00000000,0.00000000,0.00,0,0,0.51,-0.046,0.3920,0.7350,1.3720,1.6051,0.596375,0.104309,-0.052979,0.794128,7.759,76.2,-1
1782767808.171,1041,240283,0,0.00000000,0.00000000,0.00,0,0,0.41,-0.593,0.5880,0.2450,2.1560,2.2481,0.596375,0.104309,-0.052979,0.794128,7.760,76.2,-1
1782767808.421,1042,240528,0,0.00000000,0.00000000,0.00,0,0,0.27,-0.954,0.1960,-0.5880,1.2740,1.4168,0.596375,0.104309,-0.052979,0.794128,7.755,75.0,-1
1782767808.672,1043,240752,0,0.00000000,0.00000000,0.00,0,0,0.36,-0.306,0.0980,0.7350,0.5880,0.9463,0.596375,0.104370,-0.052979,0.794128,7.754,77.5,-1
1782767808.857,1044,240969,0,0.00000000,0.00000000,0.00,0,0,0.49,0.452,-0.0490,1.3720,1.5190,2.0475,0.596375,0.104309,-0.053040,0.794128,7.754,76.2,-1
1782767809.105,1045,241197,0,0.00000000,0.00000000,0.00,0,0,0.59,0.302,-0.0490,0.6370,1.4210,1.5580,0.596375,0.104248,-0.052979,0.794128,7.756,72.5,-1
1782767809.354,1046,241415,0,0.00000000,0.00000000,0.00,0,0,0.51,-0.164,0.2940,0.4900,1.7150,1.8077,0.596375,0.104248,-0.052979,0.794128,7.754,75.0,-1
1782767809.547,1047,241628,0,0.00000000,0.00000000,0.00,0,0,0.42,-0.426,0.1960,0.5880,1.1760,1.3293,0.596375,0.104309,-0.052979,0.794128,7.756,77.5,-1
1782767809.791,1048,241848,0,0.00000000,0.00000000,0.00,0,0,0.43,-0.100,0.1470,0.4900,0.9800,1.1055,0.596375,0.104309,-0.052979,0.794128,7.756,76.2,-1
1782767809.980,1049,242067,0,0.00000000,0.00000000,0.00,0,0,0.42,-0.038,0.4900,-0.4900,1.8130,1.9409,0.596375,0.104309,-0.052979,0.794128,7.755,75.0,-1
1782767810.228,1050,242285,0,0.00000000,0.00000000,0.00,0,0,0.48,0.045,0.5390,0.1470,0.5880,0.8111,0.596375,0.104309,-0.052979,0.794128,7.751,78.8,-1
1782767810.477,1051,242533,0,0.00000000,0.00000000,0.00,0,0,0.43,-0.413,0.4900,0.8330,2.2050,2.4075,0.596375,0.104309,-0.052979,0.794128,7.756,75.0,-1
1782767810.666,1052,242760,0,0.00000000,0.00000000,0.00,0,0,0.46,-0.004,0.2450,0.4900,1.4700,1.5688,0.596375,0.104370,-0.052979,0.794128,7.758,75.0,-1
1782767810.918,1053,242978,0,0.00000000,0.00000000,0.00,0,0,0.55,0.145,0.5880,0.1470,1.8620,1.9582,0.596375,0.104370,-0.052979,0.794128,7.753,82.5,-1
1782767811.102,1054,243200,0,0.00000000,0.00000000,0.00,0,0,0.43,-0.497,0.1960,0.3430,1.7150,1.7599,0.596375,0.104370,-0.052979,0.794128,7.756,72.5,-1
1782767811.351,1055,243420,0,0.00000000,0.00000000,0.00,0,0,0.53,0.162,0.4900,0.3920,1.3230,1.4643,0.596375,0.104370,-0.052979,0.794128,7.755,80.0,-1
1782767811.538,1056,243633,0,0.00000000,0.00000000,0.00,0,0,0.48,0.379,0.6370,0.5880,1.1270,1.4218,0.596375,0.104370,-0.052979,0.794128,7.758,77.5,-1
1782767811.786,1057,243851,0,0.00000000,0.00000000,0.00,0,0,0.41,-0.315,1.3720,0.3920,2.9400,3.2680,0.596375,0.104370,-0.052979,0.794128,7.756,81.2,-1
1782767811.974,1058,244070,0,0.00000000,0.00000000,0.00,0,0,0.53,0.619,0.2940,0.4900,1.2250,1.3517,0.596375,0.104370,-0.052979,0.794128,7.750,77.5,-1
1782767812.224,1059,244291,0,0.00000000,0.00000000,0.00,0,0,0.49,-0.032,0.0980,0.4900,1.8130,1.8806,0.596375,0.104370,-0.052979,0.794128,7.755,82.5,-1
1782767812.472,1060,244536,0,0.00000000,0.00000000,0.00,0,0,0.42,0.125,0.8820,0.0490,2.8910,3.0229,0.596375,0.104370,-0.052979,0.794128,7.759,76.2,-1
1782767812.660,1061,244760,0,0.00000000,0.00000000,0.00,0,0,0.44,0.022,0.4410,0.5390,1.6170,1.7606,0.596375,0.104370,-0.052979,0.794128,7.758,77.5,-1
1782767812.910,1062,244986,0,0.00000000,0.00000000,0.00,0,0,0.50,0.162,0.3430,0.7350,1.2740,1.5103,0.596375,0.104370,-0.052979,0.794128,7.756,80.0,-1
1782767813.097,1063,245209,0,0.00000000,0.00000000,0.00,0,0,0.61,0.538,0.1960,0.4410,1.6170,1.6875,0.596375,0.104370,-0.052979,0.794128,7.758,70.0,-1
1782767813.348,1064,245436,0,0.00000000,0.00000000,0.00,0,0,0.54,0.086,0.4900,0.6370,2.1070,2.2551,0.596375,0.104370,-0.052979,0.794128,7.758,75.0,-1
1782767813.598,1065,245653,0,0.00000000,0.00000000,0.00,0,0,0.52,0.044,-0.0980,1.3720,0.5390,1.4773,0.596375,0.104309,-0.052979,0.794128,7.755,77.5,-1
1782767813.786,1066,245877,0,0.00000000,0.00000000,0.00,0,0,0.48,-0.127,-0.0980,0.5880,1.1760,1.3185,0.596375,0.104370,-0.052979,0.794128,7.756,75.0,-1
1782767814.037,1067,246097,0,0.00000000,0.00000000,0.00,0,0,0.51,0.268,0.1960,0.0490,1.5680,1.5810,0.596375,0.104309,-0.053101,0.794128,7.756,76.2,-1
1782767814.223,1068,246317,0,0.00000000,0.00000000,0.00,0,0,0.47,-0.008,0.8330,0.0000,2.1070,2.2657,0.596375,0.104309,-0.053040,0.794128,7.754,76.2,-1
1782767814.472,1069,246531,0,0.00000000,0.00000000,0.00,0,0,0.47,0.233,-0.0490,0.8330,0.9800,1.2871,0.596375,0.104248,-0.052979,0.794128,7.759,75.0,-1
1782767814.658,1070,246757,0,0.00000000,0.00000000,0.00,0,0,0.55,0.749,0.1960,0.8820,1.5190,1.7674,0.596375,0.104187,-0.052917,0.794128,7.753,78.8,-1
1782767814.910,1071,246981,0,0.00000000,0.00000000,0.00,0,0,0.49,0.054,0.1470,1.4210,1.8130,2.3082,0.596375,0.104187,-0.052917,0.794128,7.754,78.8,-1
1782767815.097,1072,247202,0,0.00000000,0.00000000,0.00,0,0,0.46,-0.545,0.4900,0.7350,1.5190,1.7572,0.596375,0.104187,-0.052917,0.794128,7.760,72.5,-1
1782767815.345,1073,247427,0,0.00000000,0.00000000,0.00,0,0,0.46,-0.274,0.2450,0.5880,1.9600,2.0609,0.596375,0.104248,-0.052917,0.794128,7.756,75.0,-1
1782767815.530,1074,247639,0,0.00000000,0.00000000,0.00,0,0,0.45,-0.173,0.1960,0.5880,1.4210,1.5503,0.596375,0.104248,-0.052917,0.794128,7.754,76.2,-1
1782767815.779,1075,247858,0,0.00000000,0.00000000,0.00,0,0,0.39,-0.038,0.2450,0.3430,1.7640,1.8137,0.596375,0.104248,-0.052917,0.794128,7.754,77.5,-1
1782767816.030,1076,248084,0,0.00000000,0.00000000,0.00,0,0,0.42,0.133,0.4410,0.7840,2.2050,2.3814,0.596375,0.104187,-0.052856,0.794128,7.759,73.8,-1
1782767816.219,1077,248309,0,0.00000000,0.00000000,0.00,0,0,0.34,-0.499,0.2450,0.3920,1.1760,1.2636,0.596375,0.104126,-0.052856,0.794128,7.755,76.2,-1
1782767816.467,1078,248527,0,0.00000000,0.00000000,0.00,0,0,0.55,0.488,0.2940,1.4210,2.0580,2.5181,0.596375,0.104126,-0.052795,0.794128,7.754,76.2,-1
1782767816.656,1079,248754,0,0.00000000,0.00000000,0.00,0,0,0.53,0.509,0.3430,0.3920,1.1760,1.2862,0.596375,0.104126,-0.052795,0.794128,7.758,76.2,-1
1782767816.907,1080,248976,0,0.00000000,0.00000000,0.00,0,0,0.56,0.168,0.3430,0.6370,1.3720,1.5511,0.596375,0.104126,-0.052795,0.794128,7.758,81.2,-1
1782767817.094,1081,249197,0,0.00000000,0.00000000,0.00,0,0,0.63,0.390,0.6370,0.0980,0.7840,1.0149,0.596375,0.104187,-0.052856,0.794128,7.759,72.5,-1
1782767817.343,1082,249425,0,0.00000000,0.00000000,0.00,0,0,0.48,-0.474,0.1960,0.4900,1.7150,1.7944,0.596375,0.104187,-0.052856,0.794128,7.755,77.5,-1
1782767817.533,1083,249639,0,0.00000000,0.00000000,0.00,0,0,0.49,-0.159,0.3920,0.4900,1.7150,1.8262,0.596375,0.104187,-0.052856,0.794128,7.759,73.8,-1
1782767817.783,1084,249867,0,0.00000000,0.00000000,0.00,0,0,0.60,0.761,0.5390,0.2450,0.0490,0.5941,0.596375,0.104187,-0.052856,0.794128,7.755,75.0,-1
1782767818.031,1085,250089,0,0.00000000,0.00000000,0.00,0,0,0.48,-0.187,0.3920,0.3920,1.0290,1.1688,0.596375,0.104187,-0.052856,0.794128,7.756,75.0,-1
1782767818.220,1086,250316,0,0.00000000,0.00000000,0.00,0,0,0.56,0.281,-0.0490,0.7840,1.5680,1.7538,0.596375,0.104126,-0.052856,0.794128,7.758,75.0,-1
1782767818.423,1087,250529,0,0.00000000,0.00000000,0.00,0,0,0.55,-0.079,1.0290,0.3430,1.5680,1.9066,0.596375,0.104187,-0.052856,0.794128,7.754,75.0,-1
1782767818.674,1088,250750,0,0.00000000,0.00000000,0.00,0,0,0.57,0.115,0.3430,0.7840,0.6370,1.0668,0.596375,0.104187,-0.052856,0.794128,7.754,76.2,-1
1782767818.862,1089,250972,0,0.00000000,0.00000000,0.00,0,0,0.56,-0.026,0.5880,0.9310,0.9800,1.4741,0.596375,0.104126,-0.052795,0.794128,7.756,75.0,-1
1782767819.111,1090,251196,0,0.00000000,0.00000000,0.00,0,0,0.44,-0.733,0.2450,0.7350,1.4210,1.6185,0.596375,0.104126,-0.052795,0.794128,7.755,73.8,-1
1782767819.360,1091,251421,0,0.00000000,0.00000000,0.00,0,0,0.57,0.277,0.5880,0.3920,1.2250,1.4142,0.596375,0.104126,-0.052856,0.794128,7.758,70.0,-1
1782767819.547,1092,251637,0,0.00000000,0.00000000,0.00,0,0,0.63,0.205,0.2940,0.6860,1.4700,1.6486,0.596375,0.104187,-0.052856,0.794189,7.756,77.5,-1
1782767819.797,1093,251861,0,0.00000000,0.00000000,0.00,0,0,0.55,-0.275,0.4900,0.4410,1.6660,1.7917,0.596375,0.104248,-0.052917,0.794128,7.759,70.0,-1
1782767819.983,1094,252079,0,0.00000000,0.00000000,0.00,0,0,0.54,-0.036,0.1960,0.7840,1.2740,1.5087,0.596436,0.104187,-0.052917,0.794067,7.756,76.2,-1
1782767820.234,1095,252300,0,0.00000000,0.00000000,0.00,0,0,0.56,0.050,0.0980,0.7840,1.5680,1.7558,0.596497,0.104248,-0.052917,0.794067,7.758,73.8,-1
1782767820.421,1096,252516,0,0.00000000,0.00000000,0.00,0,0,0.47,-0.331,-0.0980,0.9310,0.3430,0.9970,0.596436,0.104248,-0.052917,0.794067,7.759,72.5,-1
1782767820.670,1097,252743,0,0.00000000,0.00000000,0.00,0,0,0.48,0.077,0.1960,0.6860,1.6170,1.7674,0.596436,0.104248,-0.052979,0.794067,7.755,75.0,-1
1782767820.857,1098,252962,0,0.00000000,0.00000000,0.00,0,0,0.44,0.069,0.1960,0.5880,1.5190,1.6406,0.596436,0.104309,-0.052979,0.794067,7.756,75.0,-1
1782767821.107,1099,253184,0,0.00000000,0.00000000,0.00,0,0,0.58,0.432,0.3920,0.7350,1.4210,1.6472,0.596436,0.104309,-0.052979,0.794067,7.755,76.2,-1
1782767821.297,1100,253404,0,0.00000000,0.00000000,0.00,0,0,0.50,-0.228,0.0490,0.5390,1.3230,1.4294,0.596436,0.104309,-0.052979,0.794067,7.755,75.0,-1
1782767821.548,1101,253614,0,0.00000000,0.00000000,0.00,0,0,0.54,0.195,0.3920,1.0780,2.0090,2.3134,0.596436,0.104309,-0.052979,0.794067,7.756,78.8,-1
1782767821.737,1102,253835,0,0.00000000,0.00000000,0.00,0,0,0.51,0.025,0.5390,0.9800,1.7640,2.0887,0.596436,0.104309,-0.052979,0.794067,7.755,76.2,-1
1782767821.988,1103,254054,0,0.00000000,0.00000000,0.00,0,0,0.58,0.601,-0.1470,0.4410,0.7840,0.9115,0.596436,0.104309,-0.052979,0.794067,7.754,73.8,-1
1782767822.177,1104,254273,0,0.00000000,0.00000000,0.00,0,0,0.61,0.008,0.5880,0.6370,1.4700,1.7066,0.596436,0.104309,-0.052979,0.794067,7.754,81.2,-1
1782767822.429,1105,254519,0,0.00000000,0.00000000,0.00,0,0,0.52,-0.413,0.0980,0.6370,1.5190,1.6501,0.596436,0.104309,-0.052979,0.794067,7.756,76.2,-1
1782767822.681,1106,254749,0,0.00000000,0.00000000,0.00,0,0,0.62,0.088,0.2450,0.4410,1.9110,1.9765,0.596436,0.104370,-0.052979,0.794067,7.756,73.8,-1
1782767822.869,1107,254974,0,0.00000000,0.00000000,0.00,0,0,0.63,0.142,0.3430,-0.0490,2.3520,2.3774,0.596436,0.104370,-0.052979,0.794067,7.755,76.2,-1
1782767823.118,1108,255199,0,0.00000000,0.00000000,0.00,0,0,0.60,0.046,0.2450,0.6370,1.6170,1.7551,0.596436,0.104370,-0.052979,0.794067,7.753,76.2,-1
1782767823.367,1109,255422,0,0.00000000,0.00000000,0.00,0,0,0.59,-0.056,0.7350,-0.2940,2.3030,2.4353,0.596436,0.104370,-0.052979,0.794067,7.756,75.0,-1
1782767823.553,1110,255637,0,0.00000000,0.00000000,0.00,0,0,0.57,-0.141,-0.0980,0.5390,1.4210,1.5229,0.596436,0.104370,-0.052979,0.794067,7.755,77.5,-1
1782767823.802,1111,255859,0,0.00000000,0.00000000,0.00,0,0,0.58,-0.017,0.6370,0.3430,1.3230,1.5079,0.596436,0.104309,-0.052979,0.794067,7.755,73.8,-1
1782767823.988,1112,256084,0,0.00000000,0.00000000,0.00,0,0,0.58,-0.070,0.3430,0.9800,1.6660,1.9631,0.596436,0.104248,-0.052979,0.794067,7.756,72.5,-1
1782767824.238,1113,256310,0,0.00000000,0.00000000,0.00,0,0,0.55,-0.083,0.5390,0.2450,2.4010,2.4729,0.596497,0.104187,-0.052917,0.794067,7.755,73.8,-1
1782767824.425,1114,256524,0,0.00000000,0.00000000,0.00,0,0,0.53,-0.228,0.9800,0.3430,1.9110,2.1748,0.596436,0.104248,-0.052917,0.794067,7.759,75.0,-1
1782767824.674,1115,256751,0,0.00000000,0.00000000,0.00,0,0,0.53,-0.319,0.1470,0.6370,1.1270,1.3029,0.596436,0.104248,-0.052979,0.794067,7.760,73.8,-1
1782767824.860,1116,256972,0,0.00000000,0.00000000,0.00,0,0,0.60,0.233,0.7840,0.1470,1.5680,1.7592,0.596436,0.104248,-0.052917,0.794067,7.758,70.0,-1
1782767825.125,1117,257191,0,0.00000000,0.00000000,0.00,0,0,0.72,0.612,0.7840,1.3230,1.4700,2.1274,0.596497,0.104248,-0.052917,0.794067,7.760,73.8,-1
1782767825.312,1118,257411,0,0.00000000,0.00000000,0.00,0,0,0.73,0.568,-0.0490,1.2740,1.0290,1.6384,0.596436,0.104248,-0.052917,0.794067,7.758,73.8,-1
1782767825.515,1119,257624,0,0.00000000,0.00000000,0.00,0,0,0.55,-0.738,0.7350,0.2940,2.4990,2.6214,0.596436,0.104248,-0.052917,0.794067,7.759,72.5,-1
1782767825.766,1120,257844,0,0.00000000,0.00000000,0.00,0,0,0.53,-0.698,0.7350,0.6370,1.6660,1.9291,0.596436,0.104309,-0.052979,0.794067,7.756,75.0,-1
1782767825.968,1121,258063,0,0.00000000,0.00000000,0.00,0,0,0.58,-0.248,0.6860,-0.1960,1.7640,1.9028,0.596436,0.104309,-0.052979,0.794067,7.756,77.5,-1
1782767826.217,1122,258285,0,0.00000000,0.00000000,0.00,0,0,0.67,0.195,-0.1470,1.3230,1.3230,1.8768,0.596436,0.104309,-0.052979,0.794067,7.758,72.5,-1
1782767826.468,1123,258532,0,0.00000000,0.00000000,0.00,0,0,0.53,-0.480,0.6370,0.7350,1.2740,1.6028,0.596436,0.104370,-0.052979,0.794067,7.758,77.5,-1
1782767826.655,1124,258757,0,0.00000000,0.00000000,0.00,0,0,0.52,-0.266,0.2940,-0.4410,1.0290,1.1575,0.596436,0.104370,-0.052979,0.794067,7.760,68.8,-1
1782767826.920,1125,258975,0,0.00000000,0.00000000,0.00,0,0,0.69,0.490,0.0490,0.2940,1.6660,1.6925,0.596436,0.104309,-0.052917,0.794067,7.759,75.0,-1
1782767827.108,1126,259198,0,0.00000000,0.00000000,0.00,0,0,0.63,-0.134,0.0980,1.0290,0.3920,1.1055,0.596436,0.104309,-0.052917,0.794067,7.761,68.8,-1
1782767827.358,1127,259416,0,0.00000000,0.00000000,0.00,0,0,0.70,0.247,0.2450,0.7840,1.3230,1.5572,0.596436,0.104309,-0.052979,0.794067,7.760,71.2,-1
1782767827.543,1128,259629,0,0.00000000,0.00000000,0.00,0,0,0.55,-0.481,0.1960,0.0980,0.9800,1.0042,0.596436,0.104309,-0.052917,0.794067,7.759,72.5,-1
1782767827.731,1129,259830,0,0.00000000,0.00000000,0.00,0,0,0.61,0.088,0.0490,1.2250,1.0780,1.6325,0.596436,0.104309,-0.052979,0.794067,7.759,73.8,-1
1782767827.982,1130,260048,0,0.00000000,0.00000000,0.00,0,0,0.57,-0.529,-0.0490,0.9310,2.3030,2.4845,0.596436,0.104309,-0.052979,0.794067,7.758,75.0,-1
1782767828.169,1131,260271,0,0.00000000,0.00000000,0.00,0,0,0.65,0.120,0.8330,0.0980,1.9110,2.0870,0.596436,0.104370,-0.052979,0.794067,7.758,72.5,-1
1782767828.418,1132,260512,0,0.00000000,0.00000000,0.00,0,0,0.58,-0.222,0.5880,0.4900,1.4700,1.6573,0.596436,0.104370,-0.052979,0.794067,7.759,72.5,-1
1782767828.666,1133,260738,0,0.00000000,0.00000000,0.00,0,0,0.48,0.022,0.2940,0.4900,0.3920,0.6930,0.596436,0.104370,-0.052979,0.794067,7.759,73.8,-1
1782767828.854,1134,260960,0,0.00000000,0.00000000,0.00,0,0,0.51,-0.268,-0.3920,1.0780,0.6860,1.3365,0.596436,0.104431,-0.053040,0.794067,7.759,72.5,-1
1782767829.104,1135,261182,0,0.00000000,0.00000000,0.00,0,0,0.53,-0.257,-0.2940,0.7350,1.0780,1.3374,0.596436,0.104370,-0.053101,0.794067,7.760,72.5,-1
1782767829.355,1136,261407,0,0.00000000,0.00000000,0.00,0,0,0.72,0.510,-0.1960,0.8820,0.8330,1.2289,0.596436,0.104370,-0.053101,0.794067,7.760,71.2,-1
1782767829.543,1137,261621,0,0.00000000,0.00000000,0.00,0,0,0.67,-0.169,0.1960,0.8330,1.3720,1.6170,0.596436,0.104370,-0.053040,0.794067,7.759,71.2,-1
1782767829.746,1138,261845,0,0.00000000,0.00000000,0.00,0,0,0.56,-0.524,1.1760,0.9800,2.2050,2.6843,0.596436,0.104370,-0.053040,0.794067,7.759,73.8,-1
1782767829.994,1139,262062,0,0.00000000,0.00000000,0.00,0,0,0.66,0.135,0.4410,0.1470,1.4700,1.5417,0.596436,0.104370,-0.053040,0.794067,7.760,70.0,-1
1782767830.182,1140,262285,0,0.00000000,0.00000000,0.00,0,0,0.66,0.026,0.5390,0.5880,1.4210,1.6296,0.596436,0.104370,-0.053040,0.794067,7.760,71.2,-1
1782767830.429,1141,262526,0,0.00000000,0.00000000,0.00,0,0,0.59,0.148,0.2940,0.5880,1.5680,1.7002,0.596436,0.104370,-0.053040,0.794067,7.759,70.0,-1
1782767830.682,1142,262746,0,0.00000000,0.00000000,0.00,0,0,0.51,-0.333,0.9310,1.3720,2.0580,2.6428,0.596436,0.104370,-0.052979,0.794067,7.758,71.2,-1
1782767830.868,1143,262964,0,0.00000000,0.00000000,0.00,0,0,0.53,0.057,-0.0980,1.2250,-0.1960,1.2444,0.596436,0.104309,-0.052979,0.794067,7.758,77.5,-1
1782767831.117,1144,263189,0,0.00000000,0.00000000,0.00,0,0,0.52,-0.325,-0.2450,1.0290,0.9800,1.4420,0.596436,0.104248,-0.052917,0.794067,7.758,71.2,-1
1782767831.303,1145,263415,0,0.00000000,0.00000000,0.00,0,0,0.62,0.465,0.4410,0.0980,0.6370,0.7809,0.596497,0.104187,-0.052856,0.794067,7.755,77.5,-1
1782767831.553,1146,263632,0,0.00000000,0.00000000,0.00,0,0,0.54,-0.151,0.1470,1.2250,1.7640,2.1527,0.596497,0.104187,-0.052856,0.794067,7.761,75.0,-1
1782767831.800,1147,263855,0,0.00000000,0.00000000,0.00,0,0,0.51,-0.034,0.8330,0.4900,1.9110,2.1415,0.596497,0.104248,-0.052917,0.794067,7.758,78.8,-1
1782767832.002,1148,264079,0,0.00000000,0.00000000,0.00,0,0,0.56,0.020,0.5880,0.4900,2.2540,2.3804,0.596497,0.104248,-0.052917,0.794067,7.760,73.8,-1
1782767832.189,1149,264300,0,0.00000000,0.00000000,0.00,0,0,0.58,0.045,0.4900,0.6370,2.0090,2.1638,0.596436,0.104309,-0.052917,0.794067,7.760,71.2,-1
1782767832.455,1150,264516,0,0.00000000,0.00000000,0.00,0,0,0.66,0.085,0.0000,0.6370,1.3720,1.5127,0.596436,0.104309,-0.052979,0.794067,7.755,76.2,-1
1782767832.643,1151,264741,0,0.00000000,0.00000000,0.00,0,0,0.53,-0.492,0.1960,0.3430,1.7640,1.8077,0.596436,0.104309,-0.052979,0.794067,7.760,71.2,-1
1782767832.892,1152,264962,0,0.00000000,0.00000000,0.00,0,0,0.72,0.628,0.5390,1.1270,2.5970,2.8819,0.596436,0.104370,-0.052979,0.794067,7.760,71.2,-1
1782767833.080,1153,265184,0,0.00000000,0.00000000,0.00,0,0,0.60,-0.284,0.2450,0.4410,2.2540,2.3098,0.596436,0.104309,-0.053040,0.794067,7.758,78.8,-1
1782767833.329,1154,265409,0,0.00000000,0.00000000,0.00,0,0,0.60,-0.245,0.3430,0.4900,1.6660,1.7701,0.596436,0.104370,-0.053040,0.794067,7.754,77.5,-1
1782767833.514,1155,265624,0,0.00000000,0.00000000,0.00,0,0,0.57,-0.494,0.0490,1.2250,-0.0490,1.2270,0.596436,0.104370,-0.053040,0.794067,7.756,76.2,-1
1782767833.764,1156,265845,0,0.00000000,0.00000000,0.00,0,0,0.54,-0.178,0.7840,-0.1960,1.0780,1.3473,0.596436,0.104370,-0.053040,0.794067,7.755,77.5,-1
1782767834.012,1157,266074,0,0.00000000,0.00000000,0.00,0,0,0.69,0.148,0.1960,0.4410,1.4700,1.5472,0.596436,0.104370,-0.053040,0.794067,7.759,73.8,-1
1782767834.200,1158,266292,0,0.00000000,0.00000000,0.00,0,0,0.62,-0.016,0.4410,0.3430,0.6370,0.8473,0.596436,0.104370,-0.053040,0.794067,7.758,75.0,-1
1782767834.449,1159,266504,0,0.00000000,0.00000000,0.00,0,0,0.63,0.232,0.1470,1.0290,1.4210,1.7606,0.596436,0.104370,-0.053040,0.794067,7.755,76.2,-1
1782767834.634,1160,266732,0,0.00000000,0.00000000,0.00,0,0,0.48,-0.735,0.3920,0.5880,1.7640,1.9003,0.596436,0.104370,-0.053040,0.794067,7.755,76.2,-1
1782767834.899,1161,266955,0,0.00000000,0.00000000,0.00,0,0,0.60,-0.189,-0.0980,1.0780,1.7150,2.0280,0.596436,0.104370,-0.053040,0.794067,7.755,70.0,-1
1782767835.087,1162,267174,0,0.00000000,0.00000000,0.00,0,0,0.62,-0.092,0.2940,0.3920,1.9110,1.9728,0.596436,0.104309,-0.052979,0.794067,7.755,76.2,-1
1782767835.337,1163,267397,0,0.00000000,0.00000000,0.00,0,0,0.53,-0.535,0.2450,0.6860,1.6170,1.7735,0.596436,0.104248,-0.052917,0.794067,7.756,72.5,-1
1782767835.524,1164,267610,0,0.00000000,0.00000000,0.00,0,0,0.53,-0.015,0.2450,0.6860,1.7640,1.9085,0.596436,0.104248,-0.052917,0.794067,7.755,75.0,-1
1782767835.726,1165,267835,0,0.00000000,0.00000000,0.00,0,0,0.61,0.263,0.3430,0.3430,1.6660,1.7352,0.596436,0.104187,-0.052979,0.794067,7.755,76.2,-1
1782767835.976,1166,268057,0,0.00000000,0.00000000,0.00,0,0,0.61,-0.116,0.3430,0.4410,1.8620,1.9440,0.596436,0.104126,-0.052917,0.794067,7.756,77.5,-1
1782767836.225,1167,268277,0,0.00000000,0.00000000,0.00,0,0,0.61,0.244,0.5390,0.2450,1.2740,1.4049,0.596436,0.104187,-0.052979,0.794067,7.755,75.0,-1
1782767836.414,1168,268520,0,0.00000000,0.00000000,0.00,0,0,0.58,-0.053,0.3430,0.5880,1.8130,1.9366,0.596497,0.104187,-0.052917,0.794067,7.761,67.5,-1
1782767836.663,1169,268741,0,0.00000000,0.00000000,0.00,0,0,0.65,0.354,0.1470,0.8820,1.4210,1.6789,0.596497,0.104187,-0.052856,0.794067,7.761,67.5,-1
1782767836.912,1170,268971,0,0.00000000,0.00000000,0.00,0,0,0.56,-0.404,1.5190,0.4900,3.3810,3.7388,0.596497,0.104126,-0.052856,0.794067,7.755,75.0,-1
1782767837.100,1171,269194,0,0.00000000,0.00000000,0.00,0,0,0.52,0.132,0.1960,0.5880,1.4700,1.5953,0.596497,0.104065,-0.052917,0.794067,7.755,76.2,-1
1782767837.349,1172,269422,0,0.00000000,0.00000000,0.00,0,0,0.53,-0.082,0.3430,0.4900,1.8130,1.9091,0.596497,0.104065,-0.052856,0.794067,7.759,70.0,-1
1782767837.535,1173,269638,0,0.00000000,0.00000000,0.00,0,0,0.49,-0.565,0.0980,0.8820,1.4700,1.7171,0.596497,0.104065,-0.052917,0.794067,7.755,76.2,-1
1782767837.784,1174,269864,0,0.00000000,0.00000000,0.00,0,0,0.61,0.139,0.0000,1.2250,1.7150,2.1076,0.596497,0.104065,-0.052917,0.794128,7.759,76.2,-1
1782767837.969,1175,270081,0,0.00000000,0.00000000,0.00,0,0,0.57,-0.079,0.5880,0.5880,1.5680,1.7749,0.596436,0.104126,-0.052979,0.794067,7.758,72.5,-1
1782767838.218,1176,270302,0,0.00000000,0.00000000,0.00,0,0,0.64,0.316,0.1470,0.7840,1.7640,1.9360,0.596497,0.104126,-0.052917,0.794067,7.758,71.2,-1
1782767838.405,1177,270517,0,0.00000000,0.00000000,0.00,0,0,0.58,-0.294,0.3430,0.6860,1.6170,1.7897,0.596497,0.104065,-0.052856,0.794067,7.755,75.0,-1
1782767838.654,1178,270738,0,0.00000000,0.00000000,0.00,0,0,0.61,-0.245,0.3920,0.2940,1.5190,1.5961,0.596497,0.104126,-0.052917,0.794067,7.756,75.0,-1
1782767838.904,1179,270965,0,0.00000000,0.00000000,0.00,0,0,0.56,-0.151,0.0980,0.8330,1.1760,1.4445,0.596497,0.104126,-0.052917,0.794067,7.756,73.8,-1
1782767839.092,1180,271188,0,0.00000000,0.00000000,0.00,0,0,0.54,0.070,-0.4410,1.4700,1.3720,2.0586,0.596497,0.104126,-0.052917,0.794067,7.759,71.2,-1
1782767839.340,1181,271416,0,0.00000000,0.00000000,0.00,0,0,0.66,0.544,-0.5390,2.2050,0.5880,2.3448,0.596497,0.104187,-0.052917,0.794067,7.756,73.8,-1
1782767839.527,1182,271633,0,0.00000000,0.00000000,0.00,0,0,0.66,0.308,0.8330,0.2940,1.4700,1.7150,0.596436,0.104187,-0.052917,0.794067,7.753,78.8,-1
1782767839.744,1183,271857,0,0.00000000,0.00000000,0.00,0,0,0.50,-0.514,0.3920,0.3920,1.2740,1.3894,0.596436,0.104248,-0.052917,0.794067,7.756,75.0,-1
1782767839.994,1184,272076,0,0.00000000,0.00000000,0.00,0,0,0.49,-0.592,0.2450,1.2740,1.8620,2.2694,0.596497,0.104187,-0.052917,0.794067,7.758,75.0,-1
1782767840.182,1185,272296,0,0.00000000,0.00000000,0.00,0,0,0.58,0.336,-0.1960,0.5390,1.6170,1.7157,0.596497,0.104187,-0.052856,0.794067,7.754,81.2,-1
1782767840.434,1186,272512,0,0.00000000,0.00000000,0.00,0,0,0.58,-0.054,0.1960,0.4410,1.5680,1.6406,0.596436,0.104248,-0.052917,0.794067,7.758,73.8,-1
1782767840.683,1187,272739,0,0.00000000,0.00000000,0.00,0,0,0.56,0.042,0.0980,0.5390,0.7840,0.9564,0.596436,0.104309,-0.052917,0.794067,7.755,75.0,-1
1782767840.871,1188,272964,0,0.00000000,0.00000000,0.00,0,0,0.52,-0.015,0.1960,0.7840,2.0580,2.2110,0.596436,0.104309,-0.052979,0.794067,7.755,77.5,-1
1782767841.121,1189,273189,0,0.00000000,0.00000000,0.00,0,0,0.55,-0.175,0.1470,0.0000,1.1760,1.1852,0.596436,0.104309,-0.052979,0.794067,7.754,75.0,-1
1782767841.311,1190,273408,0,0.00000000,0.00000000,0.00,0,0,0.53,-0.646,0.1470,0.7840,1.6170,1.8030,0.596436,0.104248,-0.052917,0.794067,7.756,76.2,-1
1782767841.560,1191,273622,0,0.00000000,0.00000000,0.00,0,0,0.59,-0.056,0.6370,0.5880,1.7150,1.9216,0.596436,0.104309,-0.052917,0.794067,7.761,73.8,-1
1782767841.744,1192,273849,0,0.00000000,0.00000000,0.00,0,0,0.61,0.281,0.1470,0.5880,1.6170,1.7269,0.596436,0.104309,-0.052979,0.794067,7.756,76.2,-1
1782767841.994,1193,274070,0,0.00000000,0.00000000,0.00,0,0,0.59,0.168,0.3430,1.2740,1.3720,1.9034,0.596436,0.104248,-0.052979,0.794067,7.758,73.8,-1
1782767842.182,1194,274289,0,0.00000000,0.00000000,0.00,0,0,0.58,-0.250,0.2450,0.5390,1.2250,1.3606,0.596436,0.104187,-0.052917,0.794067,7.755,76.2,-1
1782767842.431,1195,274536,0,0.00000000,0.00000000,0.00,0,0,0.64,0.383,0.5390,0.6860,1.6170,1.8373,0.596497,0.104187,-0.052917,0.794067,7.759,73.8,-1
1782767842.678,1196,274764,0,0.00000000,0.00000000,0.00,0,0,0.57,-0.094,-0.1470,0.7350,0.7840,1.0847,0.596436,0.104248,-0.052917,0.794067,7.756,76.2,-1
1782767842.930,1197,274987,0,0.00000000,0.00000000,0.00,0,0,0.69,0.434,0.0980,0.2940,1.9110,1.9360,0.596436,0.104248,-0.052917,0.794067,7.758,80.0,-1
1782767843.117,1198,275215,0,0.00000000,0.00000000,0.00,0,0,0.54,-0.611,0.4900,0.4900,1.6660,1.8044,0.596497,0.104248,-0.052917,0.794067,7.760,73.8,-1
1782767843.364,1199,275433,0,0.00000000,0.00000000,0.00,0,0,0.49,-0.149,0.0490,0.9310,1.1270,1.4626,0.596436,0.104248,-0.052917,0.794067,7.758,77.5,-1
1782767843.550,1200,275646,0,0.00000000,0.00000000,0.00,0,0,0.41,-0.657,0.1470,0.6370,1.7150,1.8354,0.596436,0.104248,-0.052917,0.794067,7.758,75.0,-1
1782767843.801,1201,275864,0,0.00000000,0.00000000,0.00,0,0,0.57,0.367,0.1960,0.9800,1.2740,1.6192,0.596436,0.104248,-0.052917,0.794067,7.753,80.0,-1
1782767843.986,1202,276086,0,0.00000000,0.00000000,0.00,0,0,0.50,0.089,0.0000,-0.1960,0.4410,0.4826,0.596436,0.104309,-0.052979,0.794067,7.756,75.0,-1
1782767844.234,1203,276304,0,0.00000000,0.00000000,0.00,0,0,0.49,-0.140,0.1960,0.3920,0.8820,0.9849,0.596436,0.104187,-0.052917,0.794067,7.755,83.8,-1
1782767844.422,1204,276521,0,0.00000000,0.00000000,0.00,0,0,0.48,-0.325,0.1960,0.7840,1.5680,1.7640,0.596436,0.104187,-0.052979,0.794067,7.759,70.0,-1
1782767844.671,1205,276745,0,0.00000000,0.00000000,0.00,0,0,0.48,-0.172,0.1470,0.7350,1.4700,1.6501,0.596436,0.104248,-0.052979,0.794067,7.753,78.8,-1
1782767844.860,1206,276969,0,0.00000000,0.00000000,0.00,0,0,0.47,0.063,0.6860,0.7350,1.8130,2.0731,0.596436,0.104248,-0.052979,0.794067,7.755,77.5,-1
1782767845.110,1207,277186,0,0.00000000,0.00000000,0.00,0,0,0.49,-0.257,0.2450,0.4900,1.8130,1.8940,0.596436,0.104309,-0.052979,0.794067,7.755,80.0,-1
1782767845.359,1208,277411,0,0.00000000,0.00000000,0.00,0,0,0.62,0.404,0.2940,0.4900,1.9110,1.9946,0.596436,0.104309,-0.052979,0.794067,7.756,77.5,-1
1782767845.545,1209,277626,0,0.00000000,0.00000000,0.00,0,0,0.52,-0.005,-0.2940,1.3720,0.3920,1.4569,0.596436,0.104309,-0.052979,0.794067,7.756,78.8,-1
1782767845.795,1210,277851,0,0.00000000,0.00000000,0.00,0,0,0.58,0.200,0.0980,0.3920,1.7640,1.8097,0.596436,0.104248,-0.052979,0.794067,7.755,75.0,-1
1782767845.982,1211,278069,0,0.00000000,0.00000000,0.00,0,0,0.56,0.293,0.5390,0.7840,1.8620,2.0910,0.596436,0.104248,-0.053040,0.794067,7.754,81.2,-1
1782767846.233,1212,278290,0,0.00000000,0.00000000,0.00,0,0,0.54,0.070,0.3920,0.2940,1.4210,1.5031,0.596436,0.104248,-0.053101,0.794067,7.754,76.2,-1
1782767846.482,1213,278535,0,0.00000000,0.00000000,0.00,0,0,0.54,0.283,0.1960,0.4900,1.0780,1.2002,0.596436,0.104248,-0.053101,0.794067,7.758,75.0,-1
1782767846.671,1214,278764,0,0.00000000,0.00000000,0.00,0,0,0.45,-0.509,-0.1470,0.9310,1.5680,1.8295,0.596436,0.104309,-0.053101,0.794067,7.760,73.8,-1
1782767846.857,1215,278964,0,0.00000000,0.00000000,0.00,0,0,0.57,0.046,-0.1470,0.4410,1.3720,1.4486,0.596436,0.104309,-0.053040,0.794067,7.758,73.8,-1
1782767847.107,1216,279181,0,0.00000000,0.00000000,0.00,0,0,0.52,0.018,0.4900,0.1960,1.6170,1.7009,0.596436,0.104309,-0.053040,0.794067,7.760,75.0,-1
1782767847.294,1217,279405,0,0.00000000,0.00000000,0.00,0,0,0.44,-0.554,0.0980,1.0290,1.3720,1.7178,0.596436,0.104309,-0.053040,0.794067,7.761,70.0,-1
1782767847.560,1218,279617,0,0.00000000,0.00000000,0.00,0,0,0.55,0.378,0.3430,0.5880,1.6660,1.7997,0.596436,0.104370,-0.053040,0.794067,7.760,70.0,-1
1782767847.747,1219,279844,0,0.00000000,0.00000000,0.00,0,0,0.41,-0.682,0.3920,1.1270,1.3230,1.7816,0.596436,0.104370,-0.053040,0.794067,7.760,73.8,-1
1782767847.997,1220,280065,0,0.00000000,0.00000000,0.00,0,0,0.53,0.322,-0.0490,1.2740,1.0290,1.6384,0.596436,0.104309,-0.052979,0.794067,7.758,72.5,-1
1782767848.184,1221,280284,0,0.00000000,0.00000000,0.00,0,0,0.61,0.584,-0.1470,1.2740,0.7840,1.5031,0.596436,0.104309,-0.053040,0.794067,7.759,75.0,-1
1782767848.435,1222,280529,0,0.00000000,0.00000000,0.00,0,0,0.45,-0.350,0.2450,0.7350,1.4210,1.6185,0.596436,0.104309,-0.052979,0.794067,7.758,75.0,-1
1782767848.687,1223,280754,0,0.00000000,0.00000000,0.00,0,0,0.52,0.204,0.5390,0.3430,2.5480,2.6269,0.596436,0.104248,-0.052917,0.794067,7.755,77.5,-1
1782767848.873,1224,280979,0,0.00000000,0.00000000,0.00,0,0,0.49,-0.117,0.6370,1.1760,1.2740,1.8471,0.596497,0.104248,-0.052917,0.794067,7.754,78.8,-1
1782767849.124,1225,281201,0,0.00000000,0.00000000,0.00,0,0,0.57,0.564,0.4900,0.3920,1.4700,1.5983,0.596497,0.104187,-0.052856,0.794067,7.756,72.5,-1
1782767849.372,1226,281429,0,0.00000000,0.00000000,0.00,0,0,0.53,0.107,0.4410,0.4410,1.8130,1.9173,0.596497,0.104126,-0.052856,0.794067,7.758,71.2,-1
1782767849.560,1227,281648,0,0.00000000,0.00000000,0.00,0,0,0.43,-0.403,0.2940,0.2450,1.4700,1.5190,0.596497,0.104126,-0.052856,0.794067,7.756,72.5,-1
1782767849.812,1228,281871,0,0.00000000,0.00000000,0.00,0,0,0.42,-0.693,0.2450,0.4410,2.4500,2.5014,0.596497,0.104187,-0.052917,0.794067,7.758,71.2,-1
1782767850.000,1229,282089,0,0.00000000,0.00000000,0.00,0,0,0.57,0.424,0.6860,0.1470,1.8620,1.9898,0.596436,0.104187,-0.052979,0.794067,7.758,73.8,-1
1782767850.249,1230,282311,0,0.00000000,0.00000000,0.00,0,0,0.54,0.208,0.2450,0.5390,1.5190,1.6303,0.596436,0.104187,-0.053040,0.794067,7.761,72.5,-1
1782767850.435,1231,282525,0,0.00000000,0.00000000,0.00,0,0,0.47,-0.202,0.0490,0.9310,1.0290,1.3885,0.596436,0.104248,-0.053040,0.794067,7.759,73.8,-1
1782767850.697,1232,282752,0,0.00000000,0.00000000,0.00,0,0,0.50,0.074,-0.0490,1.2740,2.4500,2.7619,0.596436,0.104187,-0.052979,0.794067,7.761,66.2,-1
1782767850.885,1233,282971,0,0.00000000,0.00000000,0.00,0,0,0.63,0.759,0.0000,0.6860,0.9800,1.1962,0.596436,0.104126,-0.052979,0.794067,7.756,72.5,-1
1782767851.134,1234,283192,0,0.00000000,0.00000000,0.00,0,0,0.56,0.320,0.1960,0.9310,0.3920,1.0290,0.596497,0.104126,-0.052917,0.794067,7.759,68.8,-1
1782767851.321,1235,283411,0,0.00000000,0.00000000,0.00,0,0,0.44,-0.328,0.6860,0.6370,1.3230,1.6207,0.596497,0.104126,-0.052917,0.794067,7.758,72.5,-1
1782767851.572,1236,283624,0,0.00000000,0.00000000,0.00,0,0,0.44,-0.308,0.7350,0.2450,1.5190,1.7052,0.596436,0.104187,-0.052917,0.794067,7.759,76.2,-1
1782767851.760,1237,283842,0,0.00000000,0.00000000,0.00,0,0,0.53,0.400,0.2450,0.9310,1.2740,1.5968,0.596436,0.104248,-0.052979,0.794067,7.758,76.2,-1
1782767852.006,1238,284065,0,0.00000000,0.00000000,0.00,0,0,0.49,-0.207,0.5880,0.0490,1.8620,1.9533,0.596436,0.104248,-0.052979,0.794067,7.758,73.8,-1
1782767852.194,1239,284283,0,0.00000000,0.00000000,0.00,0,0,0.40,-0.247,0.0490,0.9800,1.6170,1.8914,0.596436,0.104248,-0.052979,0.794067,7.755,75.0,-1
1782767852.444,1240,284529,0,0.00000000,0.00000000,0.00,0,0,0.46,-0.022,0.1960,0.5390,1.2740,1.3971,0.596436,0.104248,-0.052917,0.794067,7.755,76.2,-1
1782767852.691,1241,284754,0,0.00000000,0.00000000,0.00,0,0,0.57,0.371,0.2450,0.5390,1.8130,1.9072,0.596497,0.104187,-0.052917,0.794067,7.758,75.0,-1
1782767852.875,1242,284977,0,0.00000000,0.00000000,0.00,0,0,0.47,-0.019,0.5880,0.5880,1.7150,1.9060,0.596497,0.104126,-0.052917,0.794067,7.754,77.5,-1
1782767853.124,1243,285198,0,0.00000000,0.00000000,0.00,0,0,0.38,-0.859,0.5880,0.6860,1.8130,2.0257,0.596497,0.104126,-0.052856,0.794067,7.759,72.5,-1
1782767853.308,1244,285415,0,0.00000000,0.00000000,0.00,0,0,0.56,0.535,0.4900,0.7840,1.7150,1.9483,0.596497,0.104126,-0.052856,0.794067,7.756,73.8,-1
1782767853.557,1245,285631,0,0.00000000,0.00000000,0.00,0,0,0.44,-0.254,1.0780,0.2940,1.4700,1.8465,0.596497,0.104126,-0.052917,0.794067,7.759,76.2,-1
1782767853.748,1246,285856,0,0.00000000,0.00000000,0.00,0,0,0.45,-0.104,0.5390,0.4410,1.2250,1.4091,0.596436,0.104126,-0.052917,0.794067,7.755,76.2,-1
1782767853.997,1247,286078,0,0.00000000,0.00000000,0.00,0,0,0.47,0.241,-0.0490,0.2450,1.1760,1.2022,0.596436,0.104126,-0.052979,0.794128,7.755,75.0,-1
1782767854.244,1248,286301,0,0.00000000,0.00000000,0.00,0,0,0.53,0.119,0.0000,0.5880,1.9110,1.9994,0.596436,0.104065,-0.052917,0.794067,7.758,72.5,-1
1782767854.446,1249,286520,0,0.00000000,0.00000000,0.00,0,0,0.52,-0.147,0.4900,0.6370,1.7640,1.9384,0.596497,0.104065,-0.052917,0.794128,7.756,73.8,-1
1782767854.648,1250,286744,0,0.00000000,0.00000000,0.00,0,0,0.42,-0.384,0.3920,0.6860,1.6660,1.8439,0.596497,0.104065,-0.052856,0.794128,7.759,72.5,-1
1782767854.898,1251,286967,0,0.00000000,0.00000000,0.00,0,0,0.42,-0.258,0.3430,0.6370,1.1760,1.3807,0.596497,0.104065,-0.052856,0.794128,7.755,82.5,-1
1782767855.085,1252,287190,0,0.00000000,0.00000000,0.00,0,0,0.49,0.359,0.8330,-0.0980,1.2250,1.4846,0.596497,0.104004,-0.052856,0.794128,7.750,77.5,-1
1782767855.351,1253,287411,0,0.00000000,0.00000000,0.00,0,0,0.49,0.213,0.1470,0.6370,0.8330,1.0589,0.596497,0.104004,-0.052917,0.794128,7.755,77.5,-1
1782767855.536,1254,287624,0,0.00000000,0.00000000,0.00,0,0,0.31,-0.713,0.1960,0.5880,1.7640,1.8697,0.596497,0.104004,-0.052856,0.794128,7.759,71.2,-1
1782767855.786,1255,287845,0,0.00000000,0.00000000,0.00,0,0,0.55,0.450,0.1960,0.8330,1.2740,1.5347,0.596497,0.104065,-0.052856,0.794128,7.758,72.5,-1
1782767855.975,1256,288062,0,0.00000000,0.00000000,0.00,0,0,0.53,0.117,0.5880,0.6860,1.5680,1.8097,0.596497,0.104065,-0.052856,0.794128,7.755,77.5,-1
1782767856.177,1257,288285,0,0.00000000,0.00000000,0.00,0,0,0.46,-0.303,0.0000,1.2250,-0.2450,1.2493,0.596497,0.104065,-0.052917,0.794067,7.758,72.5,-1
1782767856.426,1258,288529,0,0.00000000,0.00000000,0.00,0,0,0.48,0.021,0.2450,0.8820,1.5190,1.7735,0.596436,0.104126,-0.052979,0.794128,7.755,76.2,-1
1782767856.681,1259,288752,0,0.00000000,0.00000000,0.00,0,0,0.55,-0.014,0.1470,0.7840,1.3720,1.5870,0.596436,0.104065,-0.052979,0.794128,7.753,78.8,-1
1782767856.867,1260,288976,0,0.00000000,0.00000000,0.00,0,0,0.40,-0.436,1.0290,1.2250,3.2340,3.6081,0.596497,0.104065,-0.052917,0.794128,7.751,76.2,-1
1782767857.115,1261,289194,0,0.00000000,0.00000000,0.00,0,0,0.42,0.034,-0.2450,1.4700,0.4410,1.5542,0.596497,0.104065,-0.052917,0.794128,7.754,77.5,-1
1782767857.365,1262,289420,0,0.00000000,0.00000000,0.00,0,0,0.42,0.217,0.2940,0.5390,0.8820,1.0747,0.596436,0.104065,-0.053040,0.794128,7.753,73.8,-1
1782767857.553,1263,289638,0,0.00000000,0.00000000,0.00,0,0,0.52,0.404,0.8330,-0.0490,2.4500,2.5882,0.596436,0.104126,-0.053101,0.794128,7.760,72.5,-1
1782767857.802,1264,289856,0,0.00000000,0.00000000,0.00,0,0,0.56,0.521,1.0780,0.7840,1.7640,2.2110,0.596436,0.104126,-0.053162,0.794067,7.759,72.5,-1
1782767857.988,1265,290076,0,0.00000000,0.00000000,0.00,0,0,0.53,-0.073,0.3430,0.5390,0.4410,0.7763,0.596436,0.104187,-0.053101,0.794067,7.759,71.2,-1
1782767858.238,1266,290300,0,0.00000000,0.00000000,0.00,0,0,0.42,-0.567,0.9800,0.1960,1.4700,1.7776,0.596436,0.104187,-0.053040,0.794067,7.759,72.5,-1
1782767858.425,1267,290510,0,0.00000000,0.00000000,0.00,0,0,0.47,0.017,0.4410,0.7840,1.8130,2.0239,0.596436,0.104248,-0.053040,0.794067,7.762,70.0,-1
1782767858.674,1268,290731,0,0.00000000,0.00000000,0.00,0,0,0.42,-0.283,0.0490,1.1270,1.4700,1.8530,0.596436,0.104187,-0.052979,0.794067,7.761,67.5,-1
1782767858.860,1269,290951,0,0.00000000,0.00000000,0.00,0,0,0.52,0.191,0.2940,0.6370,1.5680,1.7178,0.596436,0.104187,-0.052917,0.794067,7.761,67.5,-1
1782767859.111,1270,291179,0,0.00000000,0.00000000,0.00,0,0,0.52,-0.009,0.6860,0.4410,2.2540,2.3970,0.596436,0.104187,-0.052917,0.794067,7.755,76.2,-1
1782767859.299,1271,291401,0,0.00000000,0.00000000,0.00,0,0,0.54,0.341,0.1960,0.3430,2.1560,2.1919,0.596436,0.104187,-0.053040,0.794067,7.758,72.5,-1
1782767859.566,1272,291618,0,0.00000000,0.00000000,0.00,0,0,0.47,-0.147,-0.1960,0.5880,0.9800,1.1596,0.596436,0.104187,-0.053101,0.794067,7.756,73.8,-1
1782767859.769,1273,291844,0,0.00000000,0.00000000,0.00,0,0,0.41,-0.118,0.6370,0.9310,1.1270,1.5946,0.596436,0.104187,-0.053040,0.794067,7.759,75.0,-1
1782767859.973,1274,292072,0,0.00000000,0.00000000,0.00,0,0,0.44,0.318,0.8820,0.8330,1.7150,2.1007,0.596436,0.104187,-0.052979,0.794067,7.759,68.8,-1
1782767860.224,1275,292291,0,0.00000000,0.00000000,0.00,0,0,0.45,0.127,0.1960,0.2940,0.1470,0.3827,0.596436,0.104126,-0.052979,0.794067,7.760,70.0,-1
1782767860.410,1276,292508,0,0.00000000,0.00000000,0.00,0,0,0.47,0.002,0.1470,0.6370,1.9110,2.0197,0.596497,0.104126,-0.052917,0.794067,7.758,70.0,-1
1782767860.661,1277,292736,0,0.00000000,0.00000000,0.00,0,0,0.50,0.089,0.6370,-0.1470,1.6170,1.7442,0.596497,0.104126,-0.052917,0.794067,7.760,70.0,-1
1782767860.863,1278,292957,0,0.00000000,0.00000000,0.00,0,0,0.57,0.305,0.5390,0.2940,1.9110,2.0072,0.596436,0.104187,-0.052917,0.794067,7.761,70.0,-1
1782767861.111,1279,293183,0,0.00000000,0.00000000,0.00,0,0,0.58,0.115,-0.3430,1.3230,0.7840,1.5756,0.596497,0.104187,-0.052917,0.794067,7.755,78.8,-1
1782767861.300,1280,293407,0,0.00000000,0.00000000,0.00,0,0,0.53,0.180,0.1960,0.7350,0.7350,1.0578,0.596497,0.104126,-0.052856,0.794067,7.759,71.2,-1
1782767861.548,1281,293624,0,0.00000000,0.00000000,0.00,0,0,0.50,-0.025,0.3430,0.6370,1.2250,1.4227,0.596497,0.104126,-0.052856,0.794067,7.758,81.2,-1
1782767861.797,1282,293848,0,0.00000000,0.00000000,0.00,0,0,0.55,0.502,1.9600,0.0490,2.8420,3.4527,0.596497,0.104126,-0.052856,0.794067,7.758,70.0,-1
1782767861.984,1283,294068,0,0.00000000,0.00000000,0.00,0,0,0.57,0.267,-0.1470,0.2940,1.2740,1.3157,0.596497,0.104187,-0.052856,0.794067,7.758,72.5,-1
1782767862.234,1284,294289,0,0.00000000,0.00000000,0.00,0,0,0.59,0.101,0.4410,1.2740,1.7150,2.1815,0.596497,0.104187,-0.052917,0.794067,7.759,73.8,-1
1782767862.422,1285,294532,0,0.00000000,0.00000000,0.00,0,0,0.47,-0.401,0.4410,0.5880,2.1560,2.2778,0.596436,0.104248,-0.052917,0.794067,7.759,72.5,-1
1782767862.671,1286,294756,0,0.00000000,0.00000000,0.00,0,0,0.58,0.275,0.1960,0.8820,1.5190,1.7674,0.596436,0.104248,-0.052979,0.794067,7.759,75.0,-1
1782767862.872,1287,294980,0,0.00000000,0.00000000,0.00,0,0,0.59,0.131,0.3920,0.3430,1.4210,1.5135,0.596436,0.104309,-0.052979,0.794067,7.756,76.2,-1
1782767863.136,1288,295202,0,0.00000000,0.00000000,0.00,0,0,0.48,-0.352,0.0980,0.3920,0.4900,0.6351,0.596436,0.104309,-0.052979,0.794067,7.761,70.0,-1
1782767863.322,1289,295403,0,0.00000000,0.00000000,0.00,0,0,0.58,0.161,-0.7840,0.9800,0.3430,1.3010,0.596436,0.104248,-0.052917,0.794067,7.761,73.8,-1
1782767863.525,1290,295623,0,0.00000000,0.00000000,0.00,0,0,0.46,-0.412,0.1960,0.5880,1.4700,1.5953,0.596436,0.104309,-0.052979,0.794067,7.760,73.8,-1
1782767863.711,1291,295823,0,0.00000000,0.00000000,0.00,0,0,0.50,-0.036,0.2450,0.6860,1.2740,1.4675,0.596436,0.104309,-0.052979,0.794067,7.760,72.5,-1
1782767863.959,1292,296050,0,0.00000000,0.00000000,0.00,0,0,0.58,0.257,0.6860,0.1960,2.3030,2.4110,0.596436,0.104248,-0.052917,0.794067,7.758,72.5,-1
1782767864.209,1293,296273,0,0.00000000,0.00000000,0.00,0,0,0.67,0.005,0.7350,1.3230,1.6660,2.2508,0.596436,0.104248,-0.052917,0.794067,7.758,73.8,-1
1782767864.458,1294,296518,0,0.00000000,0.00000000,0.00,0,0,0.52,-0.662,0.3920,-0.0980,2.2540,2.2899,0.596436,0.104309,-0.052979,0.794067,7.756,71.2,-1
1782767864.647,1295,296745,0,0.00000000,0.00000000,0.00,0,0,0.60,0.407,1.2250,-0.1470,2.5970,2.8752,0.596436,0.104248,-0.052979,0.794067,7.760,75.0,-1
1782767864.898,1296,296966,0,0.00000000,0.00000000,0.00,0,0,0.66,0.156,0.8820,0.4900,1.4700,1.7830,0.596436,0.104309,-0.052979,0.794067,7.760,71.2,-1
1782767865.085,1297,297194,0,0.00000000,0.00000000,0.00,0,0,0.55,-0.380,0.2940,0.2940,1.2250,1.2936,0.596436,0.104309,-0.052979,0.794067,7.756,75.0,-1
1782767865.335,1298,297413,0,0.00000000,0.00000000,0.00,0,0,0.63,0.047,0.7350,0.8330,2.2050,2.4690,0.596436,0.104309,-0.052979,0.794067,7.759,76.2,-1
1782767865.521,1299,297624,0,0.00000000,0.00000000,0.00,0,0,0.62,-0.305,-0.0490,0.5390,0.8820,1.0348,0.596436,0.104248,-0.052979,0.794067,7.758,72.5,-1
1782767865.771,1300,297845,0,0.00000000,0.00000000,0.00,0,0,0.64,0.353,0.0000,0.7840,1.3230,1.5379,0.596436,0.104248,-0.052917,0.794067,7.758,73.8,-1
1782767865.959,1301,298067,0,0.00000000,0.00000000,0.00,0,0,0.60,0.090,0.5390,0.5390,1.4210,1.6125,0.596436,0.104248,-0.052979,0.794067,7.761,67.5,-1
1782767866.207,1302,298286,0,0.00000000,0.00000000,0.00,0,0,0.69,0.352,0.0000,0.8330,1.1270,1.4014,0.596436,0.104309,-0.052979,0.794067,7.755,76.2,-1
1782767866.472,1303,298529,0,0.00000000,0.00000000,0.00,0,0,0.66,-0.010,0.4900,0.2450,0.8330,0.9970,0.596436,0.104309,-0.052979,0.794067,7.755,76.2,-1
1782767866.659,1304,298745,0,0.00000000,0.00000000,0.00,0,0,0.63,-0.112,0.1470,0.8330,1.6170,1.8249,0.596436,0.104309,-0.052979,0.794067,7.756,78.8,-1
1782767866.861,1305,298967,0,0.00000000,0.00000000,0.00,0,0,0.56,-0.652,0.5390,0.5880,1.1270,1.3807,0.596436,0.104370,-0.052979,0.794067,7.756,76.2,-1
1782767867.110,1306,299188,0,0.00000000,0.00000000,0.00,0,0,0.68,0.399,0.2940,0.8820,1.2250,1.5379,0.596436,0.104370,-0.053040,0.794067,7.755,76.2,-1
1782767867.358,1307,299410,0,0.00000000,0.00000000,0.00,0,0,0.54,-0.403,0.0980,0.6860,1.4700,1.6251,0.596436,0.104370,-0.053040,0.794067,7.758,71.2,-1
1782767867.546,1308,299623,0,0.00000000,0.00000000,0.00,0,0,0.65,0.414,0.2940,1.0290,1.4700,1.8183,0.596436,0.104370,-0.053040,0.794067,7.758,80.0,-1
1782767867.793,1309,299849,0,0.00000000,0.00000000,0.00,0,0,0.65,0.429,0.1470,0.6860,1.4210,1.5848,0.596436,0.104370,-0.053040,0.794067,7.756,77.5,-1
1782767867.981,1310,300070,0,0.00000000,0.00000000,0.00,0,0,0.57,-0.331,0.2940,0.5390,1.5680,1.6839,0.596436,0.104370,-0.053040,0.794067,7.758,70.0,-1
1782767868.233,1311,300293,0,0.00000000,0.00000000,0.00,0,0,0.57,-0.269,0.0980,1.4210,1.7150,2.2294,0.596436,0.104370,-0.053040,0.794067,7.760,72.5,-1
1782767868.419,1312,300513,0,0.00000000,0.00000000,0.00,0,0,0.63,0.316,-0.4410,0.9310,1.3720,1.7157,0.596436,0.104309,-0.053101,0.794067,7.759,75.0,-1
1782767868.668,1313,300730,0,0.00000000,0.00000000,0.00,0,0,0.66,-0.020,0.2940,0.5880,1.2740,1.4336,0.596436,0.104309,-0.053101,0.794067,7.755,71.2,-1
1782767868.856,1314,300953,0,0.00000000,0.00000000,0.00,0,0,0.63,0.143,0.2450,0.6860,1.6170,1.7735,0.596436,0.104370,-0.053101,0.794067,7.756,77.5,-1
1782767869.107,1315,301174,0,0.00000000,0.00000000,0.00,0,0,0.67,-0.108,0.1470,0.4410,1.1270,1.2191,0.596436,0.104309,-0.053040,0.794067,7.756,76.2,-1
1782767869.293,1316,301395,0,0.00000000,0.00000000,0.00,0,0,0.70,0.158,0.0980,0.4410,1.2740,1.3517,0.596436,0.104248,-0.052979,0.794067,7.756,72.5,-1
1782767869.539,1317,301610,0,0.00000000,0.00000000,0.00,0,0,0.61,-0.311,0.2940,0.4410,1.5190,1.6088,0.596436,0.104187,-0.052917,0.794067,7.755,72.5,-1
1782767869.727,1318,301833,0,0.00000000,0.00000000,0.00,0,0,0.59,0.350,0.7350,0.1960,1.1270,1.3597,0.596497,0.104187,-0.052917,0.794067,7.758,75.0,-1
1782767869.993,1319,302058,0,0.00000000,0.00000000,0.00,0,0,0.63,0.080,-0.0490,0.4410,2.0580,2.1053,0.596497,0.104126,-0.052917,0.794067,7.758,72.5,-1
1782767870.180,1320,302285,0,0.00000000,0.00000000,0.00,0,0,0.68,0.112,0.3430,0.6370,1.7150,1.8614,0.596436,0.104187,-0.052917,0.794067,7.754,81.2,-1
1782767870.428,1321,302526,0,0.00000000,0.00000000,0.00,0,0,0.56,-0.448,0.2450,0.9310,1.3230,1.6362,0.596436,0.104248,-0.052979,0.794067,7.754,75.0,-1
1782767870.694,1322,302747,0,0.00000000,0.00000000,0.00,0,0,0.62,0.091,0.0980,0.9310,1.6660,1.9110,0.596436,0.104309,-0.052979,0.794067,7.758,76.2,-1
1782767870.895,1323,302969,0,0.00000000,0.00000000,0.00,0,0,0.61,0.263,0.2940,0.0000,0.8330,0.8834,0.596436,0.104248,-0.052917,0.794067,7.756,75.0,-1
1782767871.082,1324,303192,0,0.00000000,0.00000000,0.00,0,0,0.55,-0.195,1.4700,0.2940,2.7440,3.1268,0.596436,0.104248,-0.052917,0.794067,7.758,76.2,-1
1782767871.333,1325,303420,0,0.00000000,0.00000000,0.00,0,0,0.66,0.471,0.5390,0.3920,0.8820,1.1055,0.596436,0.104248,-0.052917,0.794067,7.755,73.8,-1
1782767871.580,1326,303634,0,0.00000000,0.00000000,0.00,0,0,0.63,0.259,0.4410,0.2940,0.8820,1.0290,0.596436,0.104309,-0.052979,0.794067,7.755,77.5,-1
1782767871.770,1327,303862,0,0.00000000,0.00000000,0.00,0,0,0.61,0.029,0.1960,1.1760,1.1760,1.6746,0.596436,0.104309,-0.052979,0.794067,7.756,71.2,-1
1782767872.018,1328,304089,0,0.00000000,0.00000000,0.00,0,0,0.58,-0.158,0.4410,0.1960,2.2540,2.3051,0.596436,0.104370,-0.052979,0.794067,7.754,72.5,-1
1782767872.204,1329,304310,0,0.00000000,0.00000000,0.00,0,0,0.54,-0.689,0.4900,0.5880,2.1070,2.2417,0.596436,0.104370,-0.052979,0.794067,7.753,72.5,-1
1782767872.453,1330,304522,0,0.00000000,0.00000000,0.00,0,0,0.71,0.316,0.3920,0.1960,1.4210,1.4871,0.596436,0.104370,-0.052979,0.794067,7.756,75.0,-1
1782767872.655,1331,304741,0,0.00000000,0.00000000,0.00,0,0,0.71,0.347,0.3920,0.2450,1.1760,1.2636,0.596436,0.104370,-0.052979,0.794067,7.756,75.0,-1
1782767872.904,1332,304963,0,0.00000000,0.00000000,0.00,0,0,0.68,0.004,0.6860,0.0000,2.0580,2.1693,0.596436,0.104370,-0.053040,0.794067,7.755,75.0,-1
1782767873.092,1333,305186,0,0.00000000,0.00000000,0.00,0,0,0.67,-0.100,0.1960,0.2450,1.6660,1.6953,0.596436,0.104370,-0.053040,0.794067,7.758,72.5,-1
1782767873.341,1334,305411,0,0.00000000,0.00000000,0.00,0,0,0.64,-0.130,0.3920,0.6370,1.2740,1.4773,0.596436,0.104370,-0.053040,0.794067,7.755,76.2,-1
1782767873.527,1335,305623,0,0.00000000,0.00000000,0.00,0,0,0.72,0.485,0.3430,0.9310,1.5680,1.8555,0.596436,0.104370,-0.053040,0.794067,7.756,76.2,-1
1782767873.781,1336,305847,0,0.00000000,0.00000000,0.00,0,0,0.72,0.446,0.0490,0.5390,0.9310,1.0769,0.596436,0.104370,-0.053040,0.794067,7.759,72.5,-1
1782767873.969,1337,306073,0,0.00000000,0.00000000,0.00,0,0,0.73,0.134,0.2450,0.4900,0.9800,1.1227,0.596436,0.104370,-0.053040,0.794067,7.758,80.0,-1
1782767874.216,1338,306298,0,0.00000000,0.00000000,0.00,0,0,0.69,-0.035,1.1270,0.1960,2.5480,2.7930,0.596436,0.104370,-0.052979,0.794067,7.758,75.0,-1
1782767874.403,1339,306513,0,0.00000000,0.00000000,0.00,0,0,0.82,0.675,0.3920,0.7350,1.1760,1.4411,0.596436,0.104370,-0.052979,0.794067,7.759,78.8,-1
1782767874.650,1340,306734,0,0.00000000,0.00000000,0.00,0,0,0.57,-0.961,0.1470,0.8820,1.2250,1.5166,0.596436,0.104370,-0.052979,0.794067,7.754,78.8,-1
1782767874.852,1341,306957,0,0.00000000,0.00000000,0.00,0,0,0.65,0.016,0.2940,0.7840,2.4500,2.5891,0.596436,0.104370,-0.053040,0.794067,7.758,76.2,-1
1782767875.101,1342,307182,0,0.00000000,0.00000000,0.00,0,0,0.67,0.188,-0.5880,1.5680,0.7840,1.8491,0.596436,0.104370,-0.053040,0.794067,7.760,70.0,-1
1782767875.304,1343,307409,0,0.00000000,0.00000000,0.00,0,0,0.63,-0.087,0.2940,0.7840,1.8130,1.9970,0.596436,0.104370,-0.052979,0.794067,7.759,75.0,-1
1782767875.553,1344,307622,0,0.00000000,0.00000000,0.00,0,0,0.67,0.134,-0.0980,0.2940,1.3720,1.4066,0.596436,0.104370,-0.052979,0.794067,7.756,73.8,-1
1782767875.800,1345,307850,0,0.00000000,0.00000000,0.00,0,0,0.68,-0.029,0.1470,0.4900,0.9310,1.0623,0.596436,0.104248,-0.052917,0.794067,7.758,71.2,-1
1782767875.985,1346,308071,0,0.00000000,0.00000000,0.00,0,0,0.70,0.039,0.0000,1.2740,1.5190,1.9825,0.596497,0.104248,-0.052917,0.794067,7.758,70.0,-1
1782767876.235,1347,308301,0,0.00000000,0.00000000,0.00,0,0,0.67,-0.152,0.2940,0.1960,1.7640,1.7990,0.596497,0.104187,-0.052856,0.794067,7.758,73.8,-1
1782767876.424,1348,308511,0,0.00000000,0.00000000,0.00,0,0,0.72,0.238,0.1960,0.5390,1.4700,1.5779,0.596497,0.104187,-0.052856,0.794067,7.760,67.5,-1
1782767876.670,1349,308729,0,0.00000000,0.00000000,0.00,0,0,0.73,-0.500,0.3430,0.9310,1.7640,2.0239,0.596436,0.104248,-0.052917,0.794067,7.755,77.5,-1
1782767876.856,1350,308955,0,0.00000000,0.00000000,0.00,0,0,0.73,0.151,0.3920,-0.3920,1.8130,1.8959,0.596436,0.104248,-0.052979,0.794067,7.756,75.0,-1
1782767877.104,1351,309184,0,0.00000000,0.00000000,0.00,0,0,0.74,0.185,0.0980,0.4410,1.8130,1.8684,0.596436,0.104248,-0.053040,0.794067,7.755,77.5,-1
1782767877.355,1352,309411,0,0.00000000,0.00000000,0.00,0,0,0.72,0.086,0.6860,0.8820,1.0780,1.5526,0.596436,0.104126,-0.052979,0.794067,7.760,70.0,-1
1782767877.542,1353,309623,0,0.00000000,0.00000000,0.00,0,0,0.72,-0.357,0.4900,0.8820,1.1270,1.5127,0.596436,0.104126,-0.052979,0.794067,7.756,76.2,-1
1782767877.789,1354,309852,0,0.00000000,0.00000000,0.00,0,0,0.67,-0.195,0.1470,0.9800,1.0780,1.4643,0.596497,0.104126,-0.052917,0.794067,7.759,76.2,-1
1782767877.975,1355,310075,0,0.00000000,0.00000000,0.00,0,0,0.71,0.076,0.2940,0.4900,1.5190,1.6229,0.596436,0.104187,-0.052917,0.794067,7.758,75.0,-1
1782767878.226,1356,310295,0,0.00000000,0.00000000,0.00,0,0,0.75,0.172,0.5880,0.2450,1.1270,1.2946,0.596436,0.104248,-0.052979,0.794067,7.756,73.8,-1
1782767878.415,1357,310508,0,0.00000000,0.00000000,0.00,0,0,0.77,0.191,0.1960,0.9310,1.0780,1.4378,0.596436,0.104309,-0.052979,0.794067,7.755,78.8,-1
1782767878.679,1358,310737,0,0.00000000,0.00000000,0.00,0,0,0.82,0.300,0.4900,0.2940,1.8620,1.9477,0.596436,0.104309,-0.052979,0.794067,7.756,72.5,-1
1782767878.864,1359,310955,0,0.00000000,0.00000000,0.00,0,0,0.68,-0.538,0.4900,0.7840,1.3720,1.6544,0.596436,0.104309,-0.052979,0.794067,7.755,76.2,-1
1782767879.114,1360,311178,0,0.00000000,0.00000000,0.00,0,0,0.71,-0.087,-0.6860,0.3920,0.9800,1.2588,0.596436,0.104248,-0.052917,0.794067,7.758,72.5,-1
1782767879.301,1361,311399,0,0.00000000,0.00000000,0.00,0,0,0.73,0.070,0.1960,0.3430,1.8620,1.9034,0.596436,0.104248,-0.052917,0.794067,7.758,73.8,-1
1782767879.549,1362,311616,0,0.00000000,0.00000000,0.00,0,0,0.69,-0.014,0.4900,0.3920,1.7640,1.8723,0.596436,0.104248,-0.052917,0.794067,7.755,75.0,-1
1782767879.752,1363,311840,0,0.00000000,0.00000000,0.00,0,0,0.78,0.278,0.5390,0.8330,0.8820,1.3275,0.596436,0.104309,-0.052979,0.794067,7.759,73.8,-1
1782767880.002,1364,312066,0,0.00000000,0.00000000,0.00,0,0,0.69,-0.179,0.0490,0.5880,1.5680,1.6753,0.596436,0.104309,-0.052979,0.794067,7.756,78.8,-1
1782767880.190,1365,312289,0,0.00000000,0.00000000,0.00,0,0,0.75,0.398,0.6370,-0.1960,1.9110,2.0239,0.596436,0.104309,-0.052979,0.794067,7.759,78.8,-1
1782767880.439,1366,312535,0,0.00000000,0.00000000,0.00,0,0,0.76,0.283,0.5390,0.7840,1.1270,1.4749,0.596436,0.104370,-0.052979,0.794067,7.758,75.0,-1
1782767880.689,1367,312760,0,0.00000000,0.00000000,0.00,0,0,0.70,0.161,0.8820,0.7350,1.6170,1.9831,0.596436,0.104309,-0.053101,0.794067,7.760,75.0,-1
1782767880.876,1368,312978,0,0.00000000,0.00000000,0.00,0,0,0.70,-0.527,0.2450,0.8330,2.4990,2.6455,0.596436,0.104248,-0.053162,0.794067,7.751,78.8,-1
1782767881.127,1369,313201,0,0.00000000,0.00000000,0.00,0,0,0.68,0.005,0.3430,0.7840,1.7150,1.9166,0.596436,0.104309,-0.053101,0.794067,7.758,70.0,-1
1782767881.315,1370,313421,0,0.00000000,0.00000000,0.00,0,0,0.69,-0.068,0.3430,0.5390,1.7640,1.8761,0.596436,0.104309,-0.053101,0.794067,7.758,72.5,-1
1782767881.562,1371,313634,0,0.00000000,0.00000000,0.00,0,0,0.72,0.263,0.1960,0.0000,1.0780,1.0957,0.596436,0.104370,-0.053040,0.794067,7.755,76.2,-1
1782767881.749,1372,313856,0,0.00000000,0.00000000,0.00,0,0,0.61,-0.517,0.6370,0.4410,1.2740,1.4911,0.596436,0.104370,-0.053040,0.794067,7.755,75.0,-1
1782767881.998,1373,314083,0,0.00000000,0.00000000,0.00,0,0,0.65,-0.265,0.2940,0.4410,2.7440,2.7947,0.596436,0.104309,-0.053101,0.794067,7.756,75.0,-1
1782767882.250,1374,314305,0,0.00000000,0.00000000,0.00,0,0,0.71,-0.018,0.2450,0.4900,1.6660,1.7538,0.596436,0.104309,-0.053101,0.794067,7.756,75.0,-1
1782767882.437,1375,314520,0,0.00000000,0.00000000,0.00,0,0,0.74,0.094,0.4410,0.2450,1.1270,1.2348,0.596436,0.104370,-0.053101,0.794067,7.756,76.2,-1
1782767882.688,1376,314743,0,0.00000000,0.00000000,0.00,0,0,0.76,0.188,0.3430,0.5390,1.1760,1.3383,0.596436,0.104370,-0.053040,0.794067,7.754,80.0,-1
1782767882.872,1377,314963,0,0.00000000,0.00000000,0.00,0,0,0.70,-0.530,0.1470,0.7840,1.6660,1.8471,0.596436,0.104370,-0.053040,0.794067,7.755,73.8,-1
1782767883.122,1378,315188,0,0.00000000,0.00000000,0.00,0,0,0.73,0.163,0.2940,0.8820,0.5880,1.1000,0.596436,0.104370,-0.053101,0.794067,7.758,75.0,-1
1782767883.313,1379,315409,0,0.00000000,0.00000000,0.00,0,0,0.69,-0.123,-0.4900,1.3230,0.0490,1.4117,0.596436,0.104370,-0.053040,0.794067,7.759,76.2,-1
1782767883.561,1380,315628,0,0.00000000,0.00000000,0.00,0,0,0.63,-0.661,0.3430,0.4410,1.4210,1.5269,0.596436,0.104370,-0.053040,0.794067,7.758,76.2,-1
1782767883.748,1381,315849,0,0.00000000,0.00000000,0.00,0,0,0.74,0.274,0.2940,0.5390,1.3230,1.4585,0.596436,0.104370,-0.053040,0.794067,7.756,75.0,-1
1782767883.997,1382,316049,0,0.00000000,0.00000000,0.00,0,0,0.74,-0.144,1.1760,-0.2940,4.0670,4.2438,0.596436,0.104370,-0.053040,0.794067,7.755,76.2,-1
1782767884.199,1383,316268,0,0.00000000,0.00000000,0.00,0,0,0.57,-0.326,0.4410,0.2450,1.6660,1.7407,0.596436,0.104370,-0.053040,0.794067,7.759,72.5,-1
1782767884.446,1384,316509,0,0.00000000,0.00000000,0.00,0,0,0.63,0.215,0.5390,0.0980,0.9800,1.1227,0.596436,0.104370,-0.053040,0.794067,7.756,75.0,-1
1782767884.632,1385,316729,0,0.00000000,0.00000000,0.00,0,0,0.58,-0.126,0.5880,0.6860,1.8620,2.0696,0.596436,0.104370,-0.053101,0.794067,7.756,76.2,-1
1782767884.882,1386,316951,0,0.00000000,0.00000000,0.00,0,0,0.59,-0.283,-0.3920,1.2740,0.1470,1.3410,0.596436,0.104309,-0.053101,0.794067,7.760,68.8,-1
1782767885.068,1387,317171,0,0.00000000,0.00000000,0.00,0,0,0.61,-0.227,0.8330,0.9800,2.0090,2.3854,0.596436,0.104309,-0.053162,0.794067,7.759,68.8,-1
1782767885.317,1388,317394,0,0.00000000,0.00000000,0.00,0,0,0.60,-0.529,0.6860,0.4900,1.3230,1.5688,0.596436,0.104309,-0.053162,0.794067,7.760,71.2,-1
1782767885.503,1389,317613,0,0.00000000,0.00000000,0.00,0,0,0.65,-0.074,-0.1960,1.1270,1.1760,1.6406,0.596436,0.104309,-0.053162,0.794067,7.761,72.5,-1
1782767885.754,1390,317833,0,0.00000000,0.00000000,0.00,0,0,0.72,0.285,0.1470,0.5390,1.7640,1.8504,0.596436,0.104309,-0.053101,0.794067,7.761,71.2,-1
1782767885.941,1391,318051,0,0.00000000,0.00000000,0.00,0,0,0.68,0.270,-0.3430,1.4700,0.5390,1.6028,0.596436,0.104370,-0.053101,0.794067,7.759,70.0,-1
1782767886.193,1392,318273,0,0.00000000,0.00000000,0.00,0,0,0.69,0.021,0.6860,0.3920,2.0090,2.1588,0.596436,0.104370,-0.053101,0.794067,7.760,71.2,-1
1782767886.440,1393,318518,0,0.00000000,0.00000000,0.00,0,0,0.58,-0.328,0.0490,0.4410,2.2540,2.2973,0.596436,0.104370,-0.053040,0.794067,7.760,71.2,-1
1782767886.690,1394,318743,0,0.00000000,0.00000000,0.00,0,0,0.62,0.217,0.7840,0.3920,1.0780,1.3894,0.596436,0.104370,-0.053040,0.794067,7.759,75.0,-1
1782767886.877,1395,318965,0,0.00000000,0.00000000,0.00,0,0,0.56,-0.275,0.1470,0.4900,1.5680,1.6493,0.596436,0.104370,-0.053040,0.794067,7.760,71.2,-1
1782767887.125,1396,319184,0,0.00000000,0.00000000,0.00,0,0,0.67,0.906,0.0980,0.3920,1.6660,1.7143,0.596436,0.104370,-0.053040,0.794067,7.755,76.2,-1
1782767887.313,1397,319408,0,0.00000000,0.00000000,0.00,0,0,0.58,-0.022,0.0980,0.2450,0.6370,0.6895,0.596436,0.104370,-0.053040,0.794067,7.760,76.2,-1
1782767887.561,1398,319627,0,0.00000000,0.00000000,0.00,0,0,0.53,-0.258,0.5390,0.5880,2.2540,2.3910,0.596436,0.104370,-0.053040,0.794067,7.759,75.0,-1
1782767887.747,1399,319847,0,0.00000000,0.00000000,0.00,0,0,0.64,0.171,0.0000,0.9310,0.9800,1.3517,0.596436,0.104370,-0.053040,0.794067,7.758,73.8,-1
1782767887.996,1400,320066,0,0.00000000,0.00000000,0.00,0,0,0.58,-0.020,0.7350,0.5390,0.8820,1.2683,0.596436,0.104370,-0.053040,0.794067,7.756,72.5,-1
1782767888.182,1401,320288,0,0.00000000,0.00000000,0.00,0,0,0.55,-0.137,1.1270,1.5680,1.8620,2.6825,0.596436,0.104370,-0.053040,0.794067,7.759,77.5,-1
1782767888.430,1402,320533,0,0.00000000,0.00000000,0.00,0,0,0.50,-0.296,0.2940,0.4410,1.7640,1.8419,0.596436,0.104370,-0.053040,0.794067,7.760,71.2,-1
1782767888.679,1403,320760,0,0.00000000,0.00000000,0.00,0,0,0.63,0.229,0.2940,0.5390,1.8620,1.9606,0.596436,0.104370,-0.052979,0.794067,7.758,73.8,-1
1782767888.868,1404,320978,0,0.00000000,0.00000000,0.00,0,0,0.67,-0.085,0.6860,0.4410,1.4210,1.6384,0.596436,0.104370,-0.052979,0.794067,7.754,80.0,-1
1782767889.118,1405,321197,0,0.00000000,0.00000000,0.00,0,0,0.57,-0.479,0.3430,0.4410,1.0290,1.1709,0.596436,0.104309,-0.053040,0.794067,7.758,75.0,-1
1782767889.320,1406,321421,0,0.00000000,0.00000000,0.00,0,0,0.66,0.226,0.1470,0.5390,1.0780,1.2142,0.596436,0.104309,-0.053101,0.794067,7.758,68.8,-1
1782767889.585,1407,321637,0,0.00000000,0.00000000,0.00,0,0,0.67,0.597,-0.0490,0.9310,1.8130,2.0387,0.596436,0.104248,-0.053040,0.794067,7.756,75.0,-1
1782767889.773,1408,321861,0,0.00000000,0.00000000,0.00,0,0,0.50,-0.620,0.7350,0.7840,2.1070,2.3652,0.596436,0.104248,-0.053040,0.794067,7.758,67.5,-1
1782767890.020,1409,322081,0,0.00000000,0.00000000,0.00,0,0,0.64,0.500,-0.2940,0.9800,0.9800,1.4168,0.596436,0.104309,-0.053040,0.794067,7.756,72.5,-1
1782767890.208,1410,322304,0,0.00000000,0.00000000,0.00,0,0,0.60,0.180,0.5880,0.6860,1.0780,1.4066,0.596436,0.104309,-0.053040,0.794067,7.760,72.5,-1
1782767890.410,1411,322515,0,0.00000000,0.00000000,0.00,0,0,0.50,-0.602,-0.0490,0.5880,1.3720,1.4935,0.596436,0.104309,-0.053040,0.794067,7.758,77.5,-1
1782767890.661,1412,322741,0,0.00000000,0.00000000,0.00,0,0,0.61,0.076,0.2450,-0.0490,1.3720,1.3946,0.596436,0.104370,-0.053040,0.794067,7.756,72.5,-1
1782767890.910,1413,322964,0,0.00000000,0.00000000,0.00,0,0,0.62,0.135,0.6370,0.7350,1.6170,1.8870,0.596436,0.104370,-0.053040,0.794067,7.756,72.5,-1
1782767891.097,1414,323182,0,0.00000000,0.00000000,0.00,0,0,0.54,-0.370,0.5390,0.1960,1.8130,1.9016,0.596436,0.104370,-0.053040,0.794067,7.756,72.5,-1
1782767891.348,1415,323408,0,0.00000000,0.00000000,0.00,0,0,0.58,-0.207,0.6860,0.6860,1.1760,1.5245,0.596436,0.104370,-0.053040,0.794067,7.756,76.2,-1
1782767891.536,1416,323624,0,0.00000000,0.00000000,0.00,0,0,0.60,-0.161,0.4410,0.5880,2.0580,2.1853,0.596436,0.104370,-0.053040,0.794067,7.755,76.2,-1
1782767891.788,1417,323845,0,0.00000000,0.00000000,0.00,0,0,0.50,-0.284,0.3920,0.6860,2.1560,2.2962,0.596436,0.104370,-0.052979,0.794067,7.756,77.5,-1
1782767891.974,1418,324068,0,0.00000000,0.00000000,0.00,0,0,0.55,0.223,0.3920,0.6370,1.7150,1.8710,0.596436,0.104370,-0.052979,0.794067,7.759,75.0,-1
1782767892.237,1419,324286,0,0.00000000,0.00000000,0.00,0,0,0.65,0.375,0.0980,0.3920,1.8130,1.8575,0.596436,0.104370,-0.052979,0.794067,7.756,75.0,-1
1782767892.423,1420,324530,0,0.00000000,0.00000000,0.00,0,0,0.61,-0.224,0.5880,0.2940,0.9800,1.1801,0.596436,0.104370,-0.052979,0.794067,7.758,72.5,-1
1782767892.672,1421,324752,0,0.00000000,0.00000000,0.00,0,0,0.61,-0.029,0.2450,0.1960,1.4700,1.5031,0.596436,0.104309,-0.053040,0.794067,7.761,72.5,-1
1782767892.923,1422,324980,0,0.00000000,0.00000000,0.00,0,0,0.58,-0.088,1.0780,0.2450,2.8910,3.0952,0.596436,0.104248,-0.053040,0.794067,7.750,82.5,-1
1782767893.109,1423,325203,0,0.00000000,0.00000000,0.00,0,0,0.56,-0.125,0.4900,0.7350,1.9600,2.1499,0.596436,0.104187,-0.053040,0.794067,7.758,72.5,-1
1782767893.359,1424,325429,0,0.00000000,0.00000000,0.00,0,0,0.51,-0.129,0.1470,0.5390,1.3720,1.4814,0.596436,0.104187,-0.053101,0.794067,7.760,73.8,-1
1782767893.548,1425,325648,0,0.00000000,0.00000000,0.00,0,0,0.52,-0.475,0.4900,0.4410,1.6660,1.7917,0.596436,0.104248,-0.053040,0.794067,7.758,78.8,-1
1782767893.811,1426,325870,0,0.00000000,0.00000000,0.00,0,0,0.55,-0.247,-0.5390,1.4700,0.7350,1.7296,0.596436,0.104248,-0.053040,0.794067,7.756,72.5,-1
1782767894.012,1427,326093,0,0.00000000,0.00000000,0.00,0,0,0.56,0.237,0.2450,1.0780,1.7150,2.0404,0.596436,0.104187,-0.053040,0.794067,7.758,71.2,-1
1782767894.262,1428,326319,0,0.00000000,0.00000000,0.00,0,0,0.54,-0.150,1.1760,0.6860,1.1760,1.7990,0.596436,0.104187,-0.053101,0.794067,7.756,75.0,-1
1782767894.447,1429,326536,0,0.00000000,0.00000000,0.00,0,0,0.53,-0.138,0.7350,-0.3920,2.0090,2.1748,0.596436,0.104187,-0.053101,0.794067,7.759,71.2,-1
1782767894.699,1430,326765,0,0.00000000,0.00000000,0.00,0,0,0.58,0.039,0.3430,0.5880,1.2250,1.4014,0.596436,0.104248,-0.053101,0.794067,7.759,73.8,-1
1782767894.886,1431,326990,0,0.00000000,0.00000000,0.00,0,0,0.54,-0.254,0.1470,0.4410,1.4700,1.5417,0.596436,0.104309,-0.053101,0.794067,7.758,70.0,-1
1782767895.135,1432,327212,0,0.00000000,0.00000000,0.00,0,0,0.56,-0.063,0.7350,0.3920,2.2540,2.4030,0.596436,0.104309,-0.053040,0.794067,7.758,73.8,-1
1782767895.324,1433,327433,0,0.00000000,0.00000000,0.00,0,0,0.58,-0.061,0.4900,0.6370,1.2250,1.4651,0.596436,0.104309,-0.053040,0.794067,7.756,75.0,-1
1782767895.575,1434,327649,0,0.00000000,0.00000000,0.00,0,0,0.57,-0.194,0.3430,0.4900,2.1560,2.2374,0.596436,0.104309,-0.053040,0.794067,7.756,75.0,-1
1782767895.824,1435,327876,0,0.00000000,0.00000000,0.00,0,0,0.44,-0.648,0.5880,0.5390,2.0090,2.1616,0.596436,0.104370,-0.053040,0.794067,7.759,72.5,-1
1782767896.009,1436,328099,0,0.00000000,0.00000000,0.00,0,0,0.46,-0.036,0.7350,0.1960,1.4700,1.6552,0.596436,0.104370,-0.053040,0.794067,7.758,67.5,-1
1782767896.257,1437,328326,0,0.00000000,0.00000000,0.00,0,0,0.47,-0.211,0.6860,0.4410,1.7150,1.8990,0.596436,0.104309,-0.052979,0.794067,7.755,77.5,-1
1782767896.444,1438,328540,0,0.00000000,0.00000000,0.00,0,0,0.62,0.566,0.2450,0.9310,1.5680,1.8399,0.596436,0.104309,-0.052979,0.794067,7.760,70.0,-1
1782767896.693,1439,328767,0,0.00000000,0.00000000,0.00,0,0,0.42,-0.713,0.5390,0.7350,1.2250,1.5269,0.596436,0.104309,-0.052979,0.794067,7.756,78.8,-1
1782767896.881,1440,328988,0,0.00000000,0.00000000,0.00,0,0,0.49,-0.053,0.5390,0.5390,1.0290,1.2806,0.596436,0.104309,-0.052979,0.794067,7.756,78.8,-1
1782767897.129,1441,329208,0,0.00000000,0.00000000,0.00,0,0,0.52,0.016,0.4410,1.7640,-0.3920,1.8601,0.596436,0.104370,-0.052979,0.794067,7.754,78.8,-1
1782767897.380,1442,329428,0,0.00000000,0.00000000,0.00,0,0,0.42,-0.515,0.5390,0.1960,2.2540,2.3258,0.596436,0.104370,-0.052979,0.794067,7.753,77.5,-1
1782767897.567,1443,329644,0,0.00000000,0.00000000,0.00,0,0,0.47,0.257,0.2940,0.8330,1.7150,1.9291,0.596436,0.104370,-0.052979,0.794067,7.755,73.8,-1
1782767897.816,1444,329868,0,0.00000000,0.00000000,0.00,0,0,0.49,0.293,0.7840,0.3920,1.8620,2.0580,0.596436,0.104309,-0.052979,0.794067,7.754,78.8,-1
1782767898.005,1445,330092,0,0.00000000,0.00000000,0.00,0,0,0.44,-0.192,0.6860,0.5880,1.3230,1.6021,0.596436,0.104309,-0.052979,0.794067,7.756,76.2,-1
1782767898.254,1446,330315,0,0.00000000,0.00000000,0.00,0,0,0.50,0.037,0.3920,0.2940,1.7150,1.7836,0.596436,0.104309,-0.052979,0.794067,7.755,73.8,-1
1782767898.442,1447,330533,0,0.00000000,0.00000000,0.00,0,0,0.42,-0.401,0.0490,0.8820,1.8620,2.0609,0.596436,0.104248,-0.053101,0.794067,7.755,76.2,-1
1782767898.690,1448,330761,0,0.00000000,0.00000000,0.00,0,0,0.41,-0.052,0.0980,0.7350,1.1270,1.3491,0.596436,0.104248,-0.053101,0.794067,7.759,73.8,-1
1782767898.876,1449,330984,0,0.00000000,0.00000000,0.00,0,0,0.46,0.316,0.4900,0.3920,1.1270,1.2899,0.596436,0.104309,-0.053101,0.794067,7.754,80.0,-1
1782767899.124,1450,331211,0,0.00000000,0.00000000,0.00,0,0,0.50,0.018,0.5880,0.9310,1.0290,1.5071,0.596375,0.104431,-0.053040,0.794128,7.754,80.0,-1
1782767899.374,1451,331431,0,0.00000000,0.00000000,0.00,0,0,0.44,-0.472,0.3430,0.9310,1.8620,2.1098,0.596375,0.104309,-0.053040,0.794128,7.753,77.5,-1
1782767899.562,1452,331643,0,0.00000000,0.00000000,0.00,0,0,0.44,-0.484,0.4410,0.1470,1.5680,1.6355,0.596436,0.104248,-0.052979,0.794067,7.753,76.2,-1
1782767899.812,1453,331861,0,0.00000000,0.00000000,0.00,0,0,0.45,-0.206,0.5390,0.3430,1.3720,1.5135,0.596436,0.104248,-0.052917,0.794128,7.756,75.0,-1
1782767900.000,1454,332086,0,0.00000000,0.00000000,0.00,0,0,0.46,0.077,0.7840,0.2940,1.3230,1.5657,0.596375,0.104248,-0.052917,0.794128,7.758,66.2,-1
1782767900.248,1455,332304,0,0.00000000,0.00000000,0.00,0,0,0.48,0.181,0.9310,0.4410,1.0290,1.4561,0.596375,0.104126,-0.052856,0.794128,7.753,75.0,-1
1782767900.436,1456,332516,0,0.00000000,0.00000000,0.00,0,0,0.47,-0.445,0.0000,0.6860,1.4210,1.5779,0.596375,0.104126,-0.052795,0.794128,7.758,72.5,-1
1782767900.639,1457,332737,0,0.00000000,0.00000000,0.00,0,0,0.40,-0.132,0.8820,0.5880,1.3720,1.7338,0.596375,0.104126,-0.052856,0.794128,7.755,76.2,-1
1782767900.889,1458,332956,0,0.00000000,0.00000000,0.00,0,0,0.40,-0.181,0.8330,0.3430,2.2050,2.3819,0.596375,0.104126,-0.052856,0.794128,7.754,77.5,-1
1782767901.076,1459,333178,0,0.00000000,0.00000000,0.00,0,0,0.61,0.798,0.8820,0.1470,2.2540,2.4249,0.596375,0.104065,-0.052795,0.794128,7.758,76.2,-1
1782767901.326,1460,333399,0,0.00000000,0.00000000,0.00,0,0,0.48,-0.209,-0.0490,0.5880,0.8820,1.0612,0.596436,0.104065,-0.052795,0.794128,7.756,76.2,-1
1782767901.513,1461,333615,0,0.00000000,0.00000000,0.00,0,0,0.49,-0.134,0.1960,0.4900,1.1760,1.2890,0.596375,0.104065,-0.052795,0.794128,7.758,80.0,-1
1782767901.761,1462,333839,0,0.00000000,0.00000000,0.00,0,0,0.54,0.146,0.2940,0.3920,1.3720,1.4569,0.596375,0.104126,-0.052795,0.794128,7.760,75.0,-1
1782767901.948,1463,334058,0,0.00000000,0.00000000,0.00,0,0,0.43,-0.318,0.5880,0.1470,1.8130,1.9116,0.596375,0.104065,-0.052795,0.794128,7.758,80.0,-1
1782767902.197,1464,334281,0,0.00000000,0.00000000,0.00,0,0,0.55,0.367,0.3430,0.9310,0.6860,1.2062,0.596375,0.104065,-0.052795,0.794128,7.760,73.8,-1
1782767902.462,1465,334520,0,0.00000000,0.00000000,0.00,0,0,0.48,-0.267,0.1960,0.5390,1.0780,1.2211,0.596375,0.104126,-0.052917,0.794128,7.758,76.2,-1
1782767902.650,1466,334739,0,0.00000000,0.00000000,0.00,0,0,0.43,-0.392,-0.1470,0.2940,2.0090,2.0357,0.596375,0.104248,-0.052979,0.794189,7.756,76.2,-1
1782767902.898,1467,334964,0,0.00000000,0.00000000,0.00,0,0,0.48,0.308,0.0000,0.6860,1.3720,1.5339,0.596313,0.104248,-0.052917,0.794189,7.758,73.8,-1
1782767903.085,1468,335185,0,0.00000000,0.00000000,0.00,0,0,0.59,0.642,0.9800,-0.0490,2.5480,2.7304,0.596252,0.104248,-0.053040,0.794250,7.758,73.8,-1
1782767903.334,1469,335406,0,0.00000000,0.00000000,0.00,0,0,0.53,-0.052,0.7350,1.0780,1.0290,1.6617,0.596252,0.104309,-0.052917,0.794250,7.759,73.8,-1
1782767903.522,1470,335624,0,0.00000000,0.00000000,0.00,0,0,0.48,-0.165,0.5390,0.7350,1.3720,1.6472,0.596191,0.104187,-0.052917,0.794312,7.758,73.8,-1
1782767903.774,1471,335847,0,0.00000000,0.00000000,0.00,0,0,0.48,-0.251,0.3920,0.7350,1.6660,1.8626,0.596191,0.104248,-0.052917,0.794312,7.759,76.2,-1
1782767904.021,1472,336075,0,0.00000000,0.00000000,0.00,0,0,0.61,0.566,0.2450,0.5390,1.2740,1.4049,0.596191,0.104248,-0.052917,0.794250,7.761,70.0,-1
1782767904.222,1473,336296,0,0.00000000,0.00000000,0.00,0,0,0.49,-0.517,1.7640,-0.2940,3.2340,3.6955,0.596191,0.104309,-0.052917,0.794250,7.761,70.0,-1
1782767904.472,1474,336536,0,0.00000000,0.00000000,0.00,0,0,0.58,0.185,-1.0290,1.7640,0.6860,2.1543,0.596191,0.104309,-0.052917,0.794250,7.761,70.0,-1
1782767904.661,1475,336756,0,0.00000000,0.00000000,0.00,0,0,0.59,0.313,0.5880,0.3920,1.9110,2.0375,0.596191,0.104309,-0.052979,0.794250,7.761,70.0,-1
1782767904.910,1476,336977,0,0.00000000,0.00000000,0.00,0,0,0.60,-0.103,0.3430,0.4410,1.3720,1.4814,0.596191,0.104309,-0.052979,0.794250,7.756,76.2,-1
1782767905.096,1477,337198,0,0.00000000,0.00000000,0.00,0,0,0.62,0.479,-0.5880,1.5190,1.3230,2.0984,0.596191,0.104309,-0.052917,0.794250,7.760,70.0,-1
1782767905.347,1478,337426,0,0.00000000,0.00000000,0.00,0,0,0.48,-0.658,-0.2450,1.6170,0.5390,1.7220,0.596191,0.104309,-0.052917,0.794250,7.755,76.2,-1
1782767905.548,1479,337641,0,0.00000000,0.00000000,0.00,0,0,0.55,0.339,0.3430,0.0980,0.2450,0.4328,0.596191,0.104309,-0.052979,0.794250,7.760,71.2,-1
1782767905.796,1480,337865,0,0.00000000,0.00000000,0.00,0,0,0.54,-0.062,0.3430,0.5390,0.6860,0.9374,0.596191,0.104370,-0.052979,0.794250,7.756,78.8,-1
1782767905.985,1481,338088,0,0.00000000,0.00000000,0.00,0,0,0.54,-0.066,0.6370,0.3430,1.4700,1.6384,0.596191,0.104370,-0.052979,0.794250,7.755,73.8,-1
1782767906.233,1482,338310,0,0.00000000,0.00000000,0.00,0,0,0.57,0.232,0.3920,0.6860,2.0580,2.2045,0.596191,0.104370,-0.052979,0.794250,7.759,73.8,-1
1782767906.420,1483,338529,0,0.00000000,0.00000000,0.00,0,0,0.53,-0.489,-0.0980,0.6370,1.7150,1.8321,0.596191,0.104370,-0.052979,0.794250,7.754,76.2,-1
1782767906.669,1484,338748,0,0.00000000,0.00000000,0.00,0,0,0.57,0.144,0.2450,1.1760,1.9110,2.2572,0.596191,0.104370,-0.052979,0.794250,7.756,78.8,-1
1782767906.917,1485,338969,0,0.00000000,0.00000000,0.00,0,0,0.51,-0.264,1.0780,0.0490,1.3230,1.7073,0.596191,0.104370,-0.052979,0.794250,7.758,81.2,-1
1782767907.105,1486,339193,0,0.00000000,0.00000000,0.00,0,0,0.49,-0.414,0.0490,0.4900,1.4700,1.5503,0.596191,0.104370,-0.052979,0.794250,7.758,73.8,-1
1782767907.354,1487,339409,0,0.00000000,0.00000000,0.00,0,0,0.48,-0.452,0.1960,0.6370,1.4210,1.5695,0.596191,0.104370,-0.052979,0.794250,7.756,76.2,-1
1782767907.543,1488,339623,0,0.00000000,0.00000000,0.00,0,0,0.43,-0.435,-0.6860,2.1070,-0.4900,2.2694,0.596191,0.104370,-0.052979,0.794250,7.756,71.2,-1
1782767907.792,1489,339850,0,0.00000000,0.00000000,0.00,0,0,0.57,0.238,0.0490,0.2450,0.0000,0.2499,0.596191,0.104370,-0.052979,0.794250,7.756,76.2,-1
1782767907.993,1490,340072,0,0.00000000,0.00000000,0.00,0,0,0.49,-0.082,0.4410,0.5880,2.6460,2.7462,0.596191,0.104370,-0.052979,0.794250,7.756,72.5,-1
1782767908.243,1491,340292,0,0.00000000,0.00000000,0.00,0,0,0.53,0.007,0.2450,0.3920,1.9600,2.0138,0.596191,0.104370,-0.052979,0.794250,7.756,72.5,-1
1782767908.430,1492,340509,0,0.00000000,0.00000000,0.00,0,0,0.62,0.445,0.2940,0.5880,1.6660,1.7910,0.596191,0.104370,-0.052979,0.794250,7.759,72.5,-1
1782767908.682,1493,340735,0,0.00000000,0.00000000,0.00,0,0,0.52,-0.221,0.8330,-0.1960,2.5480,2.6879,0.596191,0.104370,-0.052979,0.794250,7.761,70.0,-1
1782767908.869,1494,340953,0,0.00000000,0.00000000,0.00,0,0,0.52,0.060,0.1960,0.5880,1.0780,1.2435,0.596191,0.104370,-0.052979,0.794250,7.756,75.0,-1
1782767909.120,1495,341176,0,0.00000000,0.00000000,0.00,0,0,0.57,0.080,0.0980,0.9310,0.3430,0.9970,0.596191,0.104370,-0.052979,0.794250,7.760,72.5,-1
1782767909.307,1496,341404,0,0.00000000,0.00000000,0.00,0,0,0.50,-0.404,0.3430,0.7840,1.9110,2.0939,0.596191,0.104309,-0.053040,0.794250,7.755,73.8,-1
1782767909.559,1497,341616,0,0.00000000,0.00000000,0.00,0,0,0.61,-0.009,0.0490,0.5880,0.6860,0.9048,0.596191,0.104309,-0.053040,0.794250,7.756,75.0,-1
1782767909.745,1498,341838,0,0.00000000,0.00000000,0.00,0,0,0.52,-0.128,0.1960,0.4410,2.0090,2.0662,0.596191,0.104309,-0.052979,0.794250,7.756,78.8,-1
1782767909.959,1499,342061,0,0.00000000,0.00000000,0.00,0,0,0.59,0.163,-0.1960,1.0290,0.9800,1.4345,0.596191,0.104309,-0.052979,0.794250,7.756,76.2,-1
1782767910.199,1500,342286,0,0.00000000,0.00000000,0.00,0,0,0.63,0.239,0.0980,0.3920,0.5880,0.7135,0.596191,0.104309,-0.052979,0.794250,7.754,77.5,-1
1782767910.447,1501,342532,0,0.00000000,0.00000000,0.00,0,0,0.64,0.341,0.1470,0.7840,1.7640,1.9360,0.596191,0.104309,-0.052979,0.794250,7.758,75.0,-1
1782767910.698,1502,342754,0,0.00000000,0.00000000,0.00,0,0,0.71,0.687,0.1960,0.8330,0.3430,0.9219,0.596191,0.104309,-0.052979,0.794250,7.759,71.2,-1
1782767910.886,1503,342980,0,0.00000000,0.00000000,0.00,0,0,0.61,0.121,0.8820,-0.3430,2.5480,2.7181,0.596191,0.104370,-0.052979,0.794250,7.746,83.8,-1
1782767911.135,1504,343206,0,0.00000000,0.00000000,0.00,0,0,0.55,-0.044,0.0980,0.5880,1.1760,1.3185,0.596191,0.104370,-0.052979,0.794250,7.756,77.5,-1
1782767911.323,1505,343430,0,0.00000000,0.00000000,0.00,0,0,0.53,-0.227,0.4900,0.7350,1.5680,1.7997,0.596191,0.104370,-0.052979,0.794250,7.756,76.2,-1
1782767911.575,1506,343649,0,0.00000000,0.00000000,0.00,0,0,0.47,-0.194,0.0980,0.7840,1.4210,1.6259,0.596191,0.104309,-0.052979,0.794250,7.754,78.8,-1
1782767911.764,1507,343872,0,0.00000000,0.00000000,0.00,0,0,0.52,-0.134,0.5390,0.2940,1.2740,1.4142,0.596191,0.104309,-0.052917,0.794250,7.756,73.8,-1
1782767912.029,1508,344094,0,0.00000000,0.00000000,0.00,0,0,0.69,0.639,0.3430,0.5390,1.3720,1.5135,0.596191,0.104309,-0.052917,0.794250,7.756,76.2,-1
1782767912.214,1509,344317,0,0.00000000,0.00000000,0.00,0,0,0.57,-0.581,0.4410,0.4410,1.4700,1.5968,0.596191,0.104309,-0.052917,0.794250,7.760,72.5,-1
1782767912.462,1510,344534,0,0.00000000,0.00000000,0.00,0,0,0.69,0.326,0.2450,0.4410,1.8620,1.9291,0.596191,0.104248,-0.052917,0.794250,7.758,76.2,-1
1782767912.663,1511,344753,0,0.00000000,0.00000000,0.00,0,0,0.54,-0.093,0.3430,0.1960,1.3230,1.3807,0.596191,0.104309,-0.052917,0.794250,7.758,76.2,-1
1782767912.912,1512,344973,0,0.00000000,0.00000000,0.00,0,0,0.63,0.401,0.3430,0.6370,2.2050,2.3207,0.596191,0.104309,-0.052917,0.794250,7.756,77.5,-1
1782767913.100,1513,345194,0,0.00000000,0.00000000,0.00,0,0,0.64,-0.006,0.9310,0.0000,1.3230,1.6177,0.596191,0.104309,-0.052917,0.794250,7.761,71.2,-1
1782767913.349,1514,345414,0,0.00000000,0.00000000,0.00,0,0,0.63,-0.448,0.1470,0.9310,1.2250,1.5456,0.596191,0.104309,-0.052917,0.794250,7.758,77.5,-1
1782767913.535,1515,345630,0,0.00000000,0.00000000,0.00,0,0,0.57,-0.785,0.2450,0.2940,1.0780,1.1439,0.596191,0.104309,-0.052917,0.794250,7.754,75.0,-1
1782767913.782,1516,345856,0,0.00000000,0.00000000,0.00,0,0,0.61,-0.007,0.3920,0.6370,2.1560,2.2821,0.596191,0.104309,-0.052917,0.794250,7.759,71.2,-1
1782767913.985,1517,346078,0,0.00000000,0.00000000,0.00,0,0,0.48,-0.428,0.2940,0.3920,1.3230,1.4108,0.596191,0.104309,-0.052917,0.794250,7.756,75.0,-1
1782767914.254,1518,346303,0,0.00000000,0.00000000,0.00,0,0,0.54,-0.050,0.3430,0.7840,1.6170,1.8295,0.596191,0.104309,-0.052917,0.794250,7.755,76.2,-1
1782767914.480,1519,346524,0,0.00000000,0.00000000,0.00,0,0,0.52,-0.097,0.2940,0.3920,1.2740,1.3650,0.596191,0.104309,-0.052917,0.794250,7.755,76.2,-1
1782767914.674,1520,346750,0,0.00000000,0.00000000,0.00,0,0,0.53,-0.129,0.1960,0.5390,1.4700,1.5779,0.596191,0.104309,-0.052917,0.794250,7.756,75.0,-1
1782767914.875,1521,346969,0,0.00000000,0.00000000,0.00,0,0,0.60,0.311,0.1960,0.2940,1.4210,1.4643,0.596191,0.104370,-0.052979,0.794250,7.756,77.5,-1
1782767915.125,1522,347189,0,0.00000000,0.00000000,0.00,0,0,0.46,-0.669,0.1470,0.3920,1.5190,1.5756,0.596191,0.104370,-0.052979,0.794250,7.755,73.8,-1
1782767915.326,1523,347410,0,0.00000000,0.00000000,0.00,0,0,0.52,0.061,-0.0490,0.6860,1.5680,1.7122,0.596191,0.104370,-0.052979,0.794250,7.756,75.0,-1
1782767915.575,1524,347628,0,0.00000000,0.00000000,0.00,0,0,0.66,0.464,0.3920,0.4900,1.3720,1.5087,0.596191,0.104309,-0.052979,0.794250,7.753,81.2,-1
1782767915.765,1525,347852,0,0.00000000,0.00000000,0.00,0,0,0.50,-0.407,0.8820,0.1470,1.5680,1.8050,0.596191,0.104309,-0.052979,0.794250,7.756,76.2,-1
1782767916.015,1526,348075,0,0.00000000,0.00000000,0.00,0,0,0.55,0.151,0.5390,0.7350,0.9800,1.3383,0.596191,0.104370,-0.052979,0.794250,7.758,70.0,-1
1782767916.203,1527,348300,0,0.00000000,0.00000000,0.00,0,0,0.55,0.135,0.1470,0.6370,1.4700,1.6088,0.596191,0.104370,-0.052979,0.794250,7.755,75.0,-1
1782767916.467,1528,348515,0,0.00000000,0.00000000,0.00,0,0,0.62,0.313,0.0490,0.4900,1.8620,1.9260,0.596191,0.104309,-0.052979,0.794250,7.756,73.8,-1
1782767916.653,1529,348742,0,0.00000000,0.00000000,0.00,0,0,0.69,0.184,0.5880,0.7840,1.5190,1.8077,0.596191,0.104309,-0.052917,0.794250,7.755,76.2,-1
1782767916.902,1530,348966,0,0.00000000,0.00000000,0.00,0,0,0.63,0.024,0.2450,0.8330,1.0780,1.3842,0.596191,0.104248,-0.052856,0.794312,7.755,72.5,-1
1782767917.089,1531,349193,0,0.00000000,0.00000000,0.00,0,0,0.66,-0.000,0.4900,0.7840,1.6170,1.8626,0.596191,0.104187,-0.052856,0.794312,7.753,80.0,-1
1782767917.353,1532,349413,0,0.00000000,0.00000000,0.00,0,0,0.65,-0.024,0.1470,0.7350,2.0580,2.1903,0.596191,0.104126,-0.052795,0.794312,7.755,80.0,-1
1782767917.539,1533,349628,0,0.00000000,0.00000000,0.00,0,0,0.64,-0.048,-0.0490,0.6860,1.2740,1.4478,0.596191,0.104187,-0.052856,0.794312,7.761,70.0,-1
1782767917.805,1534,349854,0,0.00000000,0.00000000,0.00,0,0,0.50,-0.657,-0.0490,0.8820,1.9110,2.1053,0.596191,0.104187,-0.052856,0.794312,7.756,78.8,-1
1782767917.992,1535,350078,0,0.00000000,0.00000000,0.00,0,0,0.44,-0.577,0.3920,0.6370,2.4010,2.5148,0.596191,0.104248,-0.052917,0.794312,7.756,80.0,-1
1782767918.195,1536,350297,0,0.00000000,0.00000000,0.00,0,0,0.51,-0.079,-0.1960,1.3230,0.5390,1.4420,0.596191,0.104309,-0.052917,0.794250,7.759,78.8,-1
1782767918.444,1537,350513,0,0.00000000,0.00000000,0.00,0,0,0.58,-0.112,0.2450,0.5390,1.6170,1.7220,0.596191,0.104309,-0.052917,0.794250,7.759,76.2,-1
1782767918.645,1538,350738,0,0.00000000,0.00000000,0.00,0,0,0.64,0.329,0.0490,0.7350,0.7350,1.0406,0.596191,0.104309,-0.052917,0.794250,7.758,77.5,-1
1782767918.894,1539,350960,0,0.00000000,0.00000000,0.00,0,0,0.57,-0.250,0.5880,0.7840,1.6170,1.8908,0.596191,0.104309,-0.052917,0.794250,7.756,76.2,-1
1782767919.080,1540,351177,0,0.00000000,0.00000000,0.00,0,0,0.66,0.288,0.2450,0.2940,1.8620,1.9009,0.596191,0.104309,-0.052917,0.794250,7.755,77.5,-1
1782767919.330,1541,351402,0,0.00000000,0.00000000,0.00,0,0,0.54,-0.519,-0.3430,0.9310,1.2740,1.6148,0.596191,0.104309,-0.052917,0.794250,7.758,76.2,-1
1782767919.518,1542,351622,0,0.00000000,0.00000000,0.00,0,0,0.63,0.071,-1.0780,2.1070,-1.1760,2.6428,0.596191,0.104309,-0.052917,0.794250,7.758,75.0,-1
1782767919.769,1543,351843,0,0.00000000,0.00000000,0.00,0,0,0.61,-0.003,0.8330,0.5390,1.7150,1.9813,0.596191,0.104309,-0.052917,0.794250,7.756,76.2,-1
1782767920.017,1544,352071,0,0.00000000,0.00000000,0.00,0,0,0.65,0.376,0.2450,0.6370,1.5680,1.7101,0.596191,0.104370,-0.052979,0.794250,7.755,73.8,-1
1782767920.203,1545,352291,0,0.00000000,0.00000000,0.00,0,0,0.60,0.410,0.0490,0.6370,1.2740,1.4252,0.596191,0.104309,-0.052979,0.794250,7.758,75.0,-1
1782767920.452,1546,352508,0,0.00000000,0.00000000,0.00,0,0,0.59,0.176,-0.5390,1.6170,0.4900,1.7735,0.596191,0.104370,-0.052979,0.794250,7.755,77.5,-1
1782767920.638,1547,352735,0,0.00000000,0.00000000,0.00,0,0,0.66,0.344,-0.1470,0.9310,1.8620,2.0870,0.596191,0.104370,-0.052979,0.794250,7.760,68.8,-1
1782767920.891,1548,352957,0,0.00000000,0.00000000,0.00,0,0,0.62,-0.057,0.0000,0.6860,1.0780,1.2778,0.596191,0.104370,-0.052979,0.794250,7.762,75.0,-1
1782767921.077,1549,353185,0,0.00000000,0.00000000,0.00,0,0,0.63,0.087,-0.1960,0.7840,0.6860,1.0600,0.596191,0.104370,-0.052979,0.794250,7.754,75.0,-1
1782767921.327,1550,353403,0,0.00000000,0.00000000,0.00,0,0,0.61,0.031,0.1960,0.3430,1.3230,1.3807,0.596191,0.104309,-0.052917,0.794250,7.755,75.0,-1
1782767921.514,1551,353618,0,0.00000000,0.00000000,0.00,0,0,0.58,-0.427,0.1960,0.7840,1.7150,1.8959,0.596191,0.104248,-0.052917,0.794250,7.759,73.8,-1
1782767921.762,1552,353847,0,0.00000000,0.00000000,0.00,0,0,0.50,-0.514,0.1960,0.2450,0.8820,0.9361,0.596191,0.104248,-0.052856,0.794312,7.755,73.8,-1
1782767922.014,1553,354073,0,0.00000000,0.00000000,0.00,0,0,0.63,0.450,0.3920,0.4410,1.5680,1.6753,0.596191,0.104248,-0.052917,0.794250,7.755,77.5,-1
1782767922.201,1554,354298,0,0.00000000,0.00000000,0.00,0,0,0.52,-0.261,0.0980,0.9800,1.9600,2.1935,0.596191,0.104309,-0.052917,0.794250,7.758,73.8,-1
1782767922.449,1555,354511,0,0.00000000,0.00000000,0.00,0,0,0.63,0.268,-0.1960,0.7350,1.7150,1.8761,0.596191,0.104309,-0.052917,0.794250,7.760,68.8,-1
1782767922.634,1556,354730,0,0.00000000,0.00000000,0.00,0,0,0.56,0.172,0.2450,0.3920,1.5190,1.5878,0.596191,0.104370,-0.052979,0.794250,7.759,76.2,-1
1782767922.884,1557,354956,0,0.00000000,0.00000000,0.00,0,0,0.55,-0.343,0.0490,0.7840,1.1270,1.3737,0.596191,0.104370,-0.052979,0.794250,7.758,71.2,-1
1782767923.071,1558,355176,0,0.00000000,0.00000000,0.00,0,0,0.55,0.033,0.1470,0.1960,1.6660,1.6839,0.596191,0.104370,-0.052979,0.794250,7.758,72.5,-1
1782767923.323,1559,355401,0,0.00000000,0.00000000,0.00,0,0,0.66,0.179,0.3430,0.6860,1.7150,1.8787,0.596191,0.104370,-0.052979,0.794250,7.759,73.8,-1
1782767923.511,1560,355618,0,0.00000000,0.00000000,0.00,0,0,0.62,-0.349,0.3430,0.9800,0.9310,1.3946,0.596130,0.104370,-0.052979,0.794312,7.756,78.8,-1
1782767923.759,1561,355841,0,0.00000000,0.00000000,0.00,0,0,0.49,-0.297,0.0000,1.1270,1.9600,2.2609,0.596069,0.104431,-0.052979,0.794312,7.758,73.8,-1
1782767924.009,1562,356063,0,0.00000000,0.00000000,0.00,0,0,0.63,0.359,0.3920,0.4410,1.8620,1.9533,0.596191,0.104309,-0.053040,0.794250,7.756,73.8,-1
1782767924.196,1563,356288,0,0.00000000,0.00000000,0.00,0,0,0.54,-0.219,0.0980,1.5680,1.5680,2.2197,0.596191,0.104248,-0.052979,0.794312,7.753,82.5,-1
1782767924.448,1564,356535,0,0.00000000,0.00000000,0.00,0,0,0.63,0.384,0.3920,0.3430,1.1760,1.2862,0.596130,0.104370,-0.052979,0.794312,7.759,70.0,-1
1782767924.698,1565,356762,0,0.00000000,0.00000000,0.00,0,0,0.62,0.155,0.5390,1.8620,2.4990,3.1627,0.596130,0.104370,-0.052979,0.794312,7.760,71.2,-1
1782767924.885,1566,356982,0,0.00000000,0.00000000,0.00,0,0,0.71,0.505,0.2450,0.9310,2.0580,2.2720,0.596130,0.104370,-0.052979,0.794312,7.755,78.8,-1
1782767925.147,1567,357203,0,0.00000000,0.00000000,0.00,0,0,0.53,-0.557,0.2940,0.3920,1.6170,1.6896,0.596130,0.104370,-0.052979,0.794312,7.755,76.2,-1
1782767925.334,1568,357423,0,0.00000000,0.00000000,0.00,0,0,0.59,-0.026,0.0980,0.4900,1.5680,1.6457,0.596130,0.104370,-0.052979,0.794312,7.756,73.8,-1
1782767925.584,1569,357638,0,0.00000000,0.00000000,0.00,0,0,0.63,-0.145,0.5390,0.2450,1.1270,1.2731,0.596130,0.104370,-0.052979,0.794312,7.754,75.0,-1
1782767925.772,1570,357865,0,0.00000000,0.00000000,0.00,0,0,0.54,-0.279,0.4410,0.4410,1.8130,1.9173,0.596130,0.104370,-0.052979,0.794312,7.758,72.5,-1
1782767925.974,1571,358082,0,0.00000000,0.00000000,0.00,0,0,0.55,-0.107,0.1470,0.8330,1.8130,2.0006,0.596130,0.104370,-0.052979,0.794312,7.754,77.5,-1
1782767926.222,1572,358306,0,0.00000000,0.00000000,0.00,0,0,0.66,0.341,0.0980,0.8330,1.2250,1.4846,0.596130,0.104370,-0.052979,0.794312,7.756,73.8,-1
1782767926.411,1573,358518,0,0.00000000,0.00000000,0.00,0,0,0.63,-0.180,0.2940,0.4900,1.1760,1.3075,0.596130,0.104370,-0.052979,0.794312,7.755,76.2,-1
1782767926.676,1574,358738,0,0.00000000,0.00000000,0.00,0,0,0.55,-0.451,0.5880,0.7350,1.6170,1.8710,0.596130,0.104370,-0.052979,0.794312,7.756,76.2,-1
1782767926.864,1575,358955,0,0.00000000,0.00000000,0.00,0,0,0.62,0.490,0.1470,0.5880,1.8130,1.9116,0.596130,0.104370,-0.052979,0.794312,7.751,76.2,-1
1782767927.112,1576,359178,0,0.00000000,0.00000000,0.00,0,0,0.49,-0.496,-0.5390,0.7350,-0.7840,1.2022,0.596130,0.104370,-0.052979,0.794312,7.755,77.5,-1
1782767927.317,1577,359402,0,0.00000000,0.00000000,0.00,0,0,0.55,0.099,0.4410,0.4900,1.7150,1.8373,0.596130,0.104370,-0.052979,0.794312,7.755,76.2,-1
1782767927.518,1578,359622,0,0.00000000,0.00000000,0.00,0,0,0.52,-0.041,1.0290,0.4900,2.3030,2.5696,0.596130,0.104370,-0.052979,0.794312,7.759,72.5,-1
1782767927.767,1579,359843,0,0.00000000,0.00000000,0.00,0,0,0.50,0.128,0.3920,0.0490,2.3520,2.3849,0.596130,0.104309,-0.052917,0.794312,7.760,72.5,-1
1782767928.018,1580,360068,0,0.00000000,0.00000000,0.00,0,0,0.57,0.421,0.8330,1.5190,1.6660,2.4035,0.596130,0.104309,-0.052917,0.794312,7.759,70.0,-1
1782767928.205,1581,360290,0,0.00000000,0.00000000,0.00,0,0,0.58,0.171,0.1470,1.0780,0.9310,1.4319,0.596130,0.104309,-0.052979,0.794312,7.760,73.8,-1
1782767928.454,1582,360534,0,0.00000000,0.00000000,0.00,0,0,0.57,0.072,0.5390,0.3430,1.4210,1.5580,0.596130,0.104309,-0.053040,0.794312,7.760,70.0,-1
1782767928.704,1583,360758,0,0.00000000,0.00000000,0.00,0,0,0.55,0.076,0.5880,0.1960,1.5190,1.6406,0.596130,0.104309,-0.052979,0.794312,7.756,71.2,-1
1782767928.891,1584,360984,0,0.00000000,0.00000000,0.00,0,0,0.63,0.248,1.5190,0.5880,1.5680,2.2609,0.596130,0.104309,-0.053040,0.794312,7.754,77.5,-1
1782767929.139,1585,361201,0,0.00000000,0.00000000,0.00,0,0,0.58,0.264,0.9310,0.3430,2.0090,2.2406,0.596130,0.104309,-0.053040,0.794312,7.756,75.0,-1
1782767929.326,1586,361422,0,0.00000000,0.00000000,0.00,0,0,0.58,0.128,0.5880,0.3920,1.8620,1.9916,0.596130,0.104370,-0.053040,0.794312,7.759,75.0,-1
1782767929.578,1587,361642,0,0.00000000,0.00000000,0.00,0,0,0.49,-0.254,0.6370,0.8330,1.3720,1.7269,0.596130,0.104370,-0.052979,0.794312,7.755,76.2,-1
1782767929.780,1588,361865,0,0.00000000,0.00000000,0.00,0,0,0.53,0.309,-0.6860,1.1760,-0.3430,1.4040,0.596130,0.104370,-0.052979,0.794312,7.759,73.8,-1
1782767930.031,1589,362086,0,0.00000000,0.00000000,0.00,0,0,0.50,0.188,-0.2940,1.0780,1.2250,1.6581,0.596130,0.104370,-0.052979,0.794312,7.758,72.5,-1
1782767930.219,1590,362312,0,0.00000000,0.00000000,0.00,0,0,0.39,-0.467,0.6370,0.6370,1.8130,2.0245,0.596130,0.104370,-0.052979,0.794312,7.758,72.5,-1
1782767930.468,1591,362530,0,0.00000000,0.00000000,0.00,0,0,0.48,0.171,0.1960,0.9310,0.8330,1.2645,0.596130,0.104370,-0.052979,0.794312,7.759,73.8,-1
1782767930.655,1592,362757,0,0.00000000,0.00000000,0.00,0,0,0.47,-0.220,0.7840,1.1270,2.5970,2.9375,0.596130,0.104370,-0.052979,0.794312,7.760,70.0,-1
1782767930.903,1593,362979,0,0.00000000,0.00000000,0.00,0,0,0.55,0.323,0.6860,1.2740,1.5680,2.1336,0.596130,0.104248,-0.052917,0.794312,7.758,75.0,-1
1782767931.152,1594,363207,0,0.00000000,0.00000000,0.00,0,0,0.65,0.273,0.0000,0.7840,1.6660,1.8413,0.596130,0.104248,-0.052856,0.794312,7.755,73.8,-1
1782767931.339,1595,363428,0,0.00000000,0.00000000,0.00,0,0,0.49,-0.332,1.3720,0.3920,2.1070,2.5447,0.596130,0.104248,-0.052856,0.794312,7.755,70.0,-1
1782767931.590,1596,363643,0,0.00000000,0.00000000,0.00,0,0,0.55,-0.059,0.6860,0.5880,1.8620,2.0696,0.596130,0.104248,-0.052856,0.794312,7.756,72.5,-1
1782767931.777,1597,363869,0,0.00000000,0.00000000,0.00,0,0,0.59,-0.022,0.7840,0.2450,2.1070,2.2614,0.596130,0.104309,-0.052917,0.794312,7.760,72.5,-1
1782767932.027,1598,364088,0,0.00000000,0.00000000,0.00,0,0,0.45,-0.210,0.2450,0.3430,1.8130,1.8614,0.596130,0.104309,-0.052917,0.794312,7.755,72.5,-1
1782767932.214,1599,364308,0,0.00000000,0.00000000,0.00,0,0,0.47,0.057,0.2940,1.4210,1.9600,2.4387,0.596130,0.104309,-0.052979,0.794312,7.754,72.5,-1
1782767932.464,1600,364521,0,0.00000000,0.00000000,0.00,0,0,0.54,0.330,0.5880,0.7350,1.1270,1.4684,0.596130,0.104309,-0.052979,0.794312,7.759,75.0,-1
1782767932.652,1601,364743,0,0.00000000,0.00000000,0.00,0,0,0.57,0.097,0.4900,0.3430,1.5190,1.6325,0.596130,0.104309,-0.052917,0.794312,7.758,76.2,-1
1782767932.901,1602,364970,0,0.00000000,0.00000000,0.00,0,0,0.64,0.399,-0.2450,0.3920,1.4210,1.4943,0.596130,0.104248,-0.052856,0.794312,7.760,78.8,-1
1782767933.089,1603,365190,0,0.00000000,0.00000000,0.00,0,0,0.51,-0.504,-0.2450,0.7840,1.2740,1.5158,0.596130,0.104187,-0.052856,0.794312,7.758,73.8,-1
1782767933.338,1604,365413,0,0.00000000,0.00000000,0.00,0,0,0.52,-0.060,0.1960,0.6860,1.4210,1.5900,0.596130,0.104248,-0.052856,0.794312,7.758,76.2,-1
1782767933.526,1605,365630,0,0.00000000,0.00000000,0.00,0,0,0.55,-0.065,0.2940,0.3920,1.4700,1.5495,0.596130,0.104248,-0.052917,0.794312,7.756,76.2,-1
1782767933.793,1606,365854,0,0.00000000,0.00000000,0.00,0,0,0.49,-0.030,0.3430,1.1270,1.2250,1.6995,0.596130,0.104309,-0.052917,0.794312,7.758,73.8,-1
1782767933.980,1607,366074,0,0.00000000,0.00000000,0.00,0,0,0.60,0.418,0.4410,0.6860,1.4700,1.6811,0.596130,0.104248,-0.052979,0.794312,7.755,76.2,-1
1782767934.227,1608,366292,0,0.00000000,0.00000000,0.00,0,0,0.53,-0.025,0.5390,0.7840,1.7640,2.0042,0.596130,0.104309,-0.052979,0.794312,7.754,80.0,-1
1782767934.429,1609,366509,0,0.00000000,0.00000000,0.00,0,0,0.47,-0.361,0.0980,0.6370,1.3720,1.5158,0.596130,0.104309,-0.052979,0.794312,7.758,72.5,-1
1782767934.680,1610,366736,0,0.00000000,0.00000000,0.00,0,0,0.43,-0.321,0.3430,0.6370,1.1270,1.3392,0.596130,0.104309,-0.052979,0.794312,7.756,75.0,-1
1782767934.869,1611,366952,0,0.00000000,0.00000000,0.00,0,0,0.48,0.073,0.9310,0.3920,1.7640,2.0328,0.596130,0.104370,-0.052979,0.794312,7.755,75.0,-1
1782767935.121,1612,367177,0,0.00000000,0.00000000,0.00,0,0,0.52,0.178,0.0000,0.4410,0.6860,0.8155,0.596130,0.104309,-0.052917,0.794312,7.760,73.8,-1
1782767935.311,1613,367378,0,0.00000000,0.00000000,0.00,0,0,0.52,-0.082,0.4900,0.0980,1.9110,1.9753,0.596130,0.104309,-0.052917,0.794312,7.758,75.0,-1
1782767935.497,1614,367595,0,0.00000000,0.00000000,0.00,0,0,0.57,0.022,0.0490,0.6860,1.7640,1.8933,0.596130,0.104248,-0.052979,0.794312,7.754,77.5,-1
1782767935.743,1615,367817,0,0.00000000,0.00000000,0.00,0,0,0.52,-0.304,0.4410,0.8330,1.8130,2.0434,0.596130,0.104309,-0.052979,0.794312,7.756,75.0,-1
1782767935.947,1616,368039,0,0.00000000,0.00000000,0.00,0,0,0.62,0.342,0.9800,0.6370,1.9600,2.2821,0.596130,0.104309,-0.052979,0.794312,7.760,73.8,-1
1782767936.198,1617,368257,0,0.00000000,0.00000000,0.00,0,0,0.62,0.153,0.6860,0.3920,1.3720,1.5832,0.596130,0.104309,-0.052979,0.794312,7.754,75.0,-1
1782767936.385,1618,368477,0,0.00000000,0.00000000,0.00,0,0,0.56,0.053,0.1470,0.7350,1.4700,1.6501,0.596130,0.104309,-0.052979,0.794312,7.747,81.2,-1
1782767936.634,1619,368692,0,0.00000000,0.00000000,0.00,0,0,0.51,0.169,0.2940,0.6860,0.9310,1.1932,0.596130,0.104370,-0.052979,0.794312,7.759,71.2,-1
1782767936.821,1620,368920,0,0.00000000,0.00000000,0.00,0,0,0.47,-0.158,-0.0980,-0.0980,1.0780,1.0869,0.596130,0.104370,-0.052979,0.794312,7.760,75.0,-1
1782767937.070,1621,369139,0,0.00000000,0.00000000,0.00,0,0,0.57,0.155,0.1960,-0.0490,1.3230,1.3383,0.596130,0.104309,-0.052979,0.794312,7.755,81.2,-1
1782767937.258,1622,369362,0,0.00000000,0.00000000,0.00,0,0,0.57,-0.119,0.6370,-0.0490,1.2740,1.4252,0.596130,0.104309,-0.052917,0.794312,7.755,77.5,-1
1782767937.506,1623,369583,0,0.00000000,0.00000000,0.00,0,0,0.57,0.048,0.0490,1.0780,0.1470,1.0891,0.596130,0.104370,-0.052917,0.794312,7.754,77.5,-1
1782767937.757,1624,369807,0,0.00000000,0.00000000,0.00,0,0,0.50,-0.440,0.4900,0.4410,1.5190,1.6559,0.596130,0.104309,-0.052917,0.794312,7.759,76.2,-1
1782767937.944,1625,370035,0,0.00000000,0.00000000,0.00,0,0,0.58,0.162,0.3430,0.6860,2.1560,2.2884,0.596130,0.104248,-0.052856,0.794312,7.761,71.2,-1
1782767938.193,1626,370264,0,0.00000000,0.00000000,0.00,0,0,0.54,-0.071,-0.2940,1.2250,0.8820,1.5379,0.596130,0.104248,-0.052917,0.794312,7.760,76.2,-1
1782767938.441,1627,370514,0,0.00000000,0.00000000,0.00,0,0,0.55,0.242,0.1960,0.4900,1.6660,1.7476,0.596130,0.104309,-0.052917,0.794312,7.761,72.5,-1
1782767938.630,1628,370733,0,0.00000000,0.00000000,0.00,0,0,0.49,-0.009,0.8820,0.2450,2.1560,2.3423,0.596130,0.104309,-0.052917,0.794312,7.756,75.0,-1
1782767938.880,1629,370955,0,0.00000000,0.00000000,0.00,0,0,0.46,-0.335,0.6370,0.1960,1.6660,1.7944,0.596130,0.104309,-0.052917,0.794312,7.758,71.2,-1
1782767939.128,1630,371175,0,0.00000000,0.00000000,0.00,0,0,0.51,0.083,0.9310,0.1960,1.6170,1.8761,0.596130,0.104370,-0.052917,0.794312,7.758,72.5,-1
1782767939.315,1631,371399,0,0.00000000,0.00000000,0.00,0,0,0.63,0.345,0.3430,0.5880,0.7840,1.0383,0.596130,0.104309,-0.052917,0.794312,7.761,71.2,-1
1782767939.567,1632,371618,0,0.00000000,0.00000000,0.00,0,0,0.58,0.094,-0.0980,0.4410,1.3230,1.3980,0.596130,0.104370,-0.052917,0.794312,7.759,73.8,-1
1782767939.754,1633,371838,0,0.00000000,0.00000000,0.00,0,0,0.59,0.075,0.2940,0.8820,2.4500,2.6205,0.596130,0.104370,-0.052979,0.794312,7.760,71.2,-1
1782767940.001,1634,372056,0,0.00000000,0.00000000,0.00,0,0,0.67,0.294,-0.0980,1.1270,1.1760,1.6318,0.596130,0.104370,-0.052979,0.794312,7.759,72.5,-1
1782767940.187,1635,372277,0,0.00000000,0.00000000,0.00,0,0,0.56,-0.191,0.9310,1.4210,2.3030,2.8618,0.596130,0.104370,-0.052917,0.794312,7.759,72.5,-1
1782767940.437,1636,372517,0,0.00000000,0.00000000,0.00,0,0,0.73,0.935,-0.2450,1.0780,0.9310,1.4453,0.596130,0.104309,-0.052917,0.794312,7.759,75.0,-1
1782767940.683,1637,372739,0,0.00000000,0.00000000,0.00,0,0,0.61,-0.168,-0.0980,1.1270,1.5190,1.8940,0.596130,0.104309,-0.052917,0.794312,7.756,71.2,-1
1782767940.873,1638,372960,0,0.00000000,0.00000000,0.00,0,0,0.64,-0.058,-0.0490,0.9310,0.6860,1.1575,0.596130,0.104309,-0.052917,0.794312,7.760,72.5,-1
1782767941.121,1639,373189,0,0.00000000,0.00000000,0.00,0,0,0.72,0.315,0.6860,0.2940,1.4210,1.6051,0.596130,0.104248,-0.052856,0.794312,7.753,73.8,-1
1782767941.307,1640,373409,0,0.00000000,0.00000000,0.00,0,0,0.71,0.158,-0.1470,1.0290,2.0580,2.3056,0.596130,0.104248,-0.052856,0.794312,7.755,72.5,-1
1782767941.558,1641,373627,0,0.00000000,0.00000000,0.00,0,0,0.66,0.293,0.6370,0.7350,2.1560,2.3652,0.596130,0.104248,-0.052856,0.794312,7.756,72.5,-1
1782767941.747,1642,373852,0,0.00000000,0.00000000,0.00,0,0,0.60,-0.103,-0.1960,0.9800,2.0580,2.2878,0.596130,0.104187,-0.052795,0.794312,7.756,73.8,-1
1782767941.997,1643,374072,0,0.00000000,0.00000000,0.00,0,0,0.63,0.012,-0.5880,-0.1470,1.5680,1.6811,0.596130,0.104187,-0.052795,0.794312,7.758,73.8,-1
1782767942.247,1644,374292,0,0.00000000,0.00000000,0.00,0,0,0.65,0.041,0.0490,0.5880,1.6660,1.7674,0.596130,0.104187,-0.052795,0.794312,7.758,75.0,-1
1782767942.435,1645,374533,0,0.00000000,0.00000000,0.00,0,0,0.72,0.104,-0.1470,1.1760,1.5680,1.9655,0.596130,0.104187,-0.052856,0.794312,7.755,72.5,-1
1782767942.682,1646,374751,0,0.00000000,0.00000000,0.00,0,0,0.61,-0.131,0.5880,0.2940,2.1070,2.2072,0.596130,0.104248,-0.052856,0.794312,7.758,77.5,-1
1782767942.870,1647,374975,0,0.00000000,0.00000000,0.00,0,0,0.65,0.026,0.7350,0.2450,1.7640,1.9266,0.596130,0.104309,-0.052856,0.794312,7.755,80.0,-1
1782767943.117,1648,375193,0,0.00000000,0.00000000,0.00,0,0,0.69,0.097,0.2940,0.6860,1.6170,1.7809,0.596130,0.104309,-0.052917,0.794312,7.755,76.2,-1
1782767943.365,1649,375420,0,0.00000000,0.00000000,0.00,0,0,0.58,-0.032,-0.0980,0.5390,0.7840,0.9564,0.596130,0.104309,-0.052917,0.794312,7.759,71.2,-1
1782767943.552,1650,375637,0,0.00000000,0.00000000,0.00,0,0,0.56,0.034,0.4410,0.1960,0.8330,0.9627,0.596130,0.104309,-0.052917,0.794312,7.756,72.5,-1
1782767943.805,1651,375864,0,0.00000000,0.00000000,0.00,0,0,0.58,0.159,1.0780,0.8330,2.4990,2.8462,0.596130,0.104370,-0.052917,0.794312,7.756,71.2,-1
1782767944.008,1652,376084,0,0.00000000,0.00000000,0.00,0,0,0.70,0.406,0.4410,0.1470,1.0780,1.1740,0.596130,0.104370,-0.052917,0.794312,7.758,73.8,-1
1782767944.211,1653,376305,0,0.00000000,0.00000000,0.00,0,0,0.61,-0.299,1.0290,0.3430,1.9600,2.2401,0.596130,0.104309,-0.052917,0.794312,7.761,73.8,-1
1782767944.460,1654,376519,0,0.00000000,0.00000000,0.00,0,0,0.53,-0.826,0.6370,0.7350,1.6170,1.8870,0.596130,0.104248,-0.052856,0.794312,7.759,75.0,-1
1782767944.645,1655,376737,0,0.00000000,0.00000000,0.00,0,0,0.57,-0.009,0.1960,0.6370,1.3720,1.5253,0.596130,0.104248,-0.052856,0.794312,7.756,75.0,-1
1782767944.896,1656,376956,0,0.00000000,0.00000000,0.00,0,0,0.54,-0.182,0.2450,0.0980,1.0290,1.0623,0.596130,0.104248,-0.052856,0.794312,7.755,76.2,-1
1782767945.083,1657,377180,0,0.00000000,0.00000000,0.00,0,0,0.65,0.696,0.5880,0.7350,1.5680,1.8288,0.596130,0.104309,-0.052917,0.794312,7.759,71.2,-1
1782767945.333,1658,377398,0,0.00000000,0.00000000,0.00,0,0,0.68,0.072,0.9310,0.7840,3.2340,3.4555,0.596130,0.104309,-0.052917,0.794312,7.756,78.8,-1
1782767945.521,1659,377612,0,0.00000000,0.00000000,0.00,0,0,0.61,-0.196,0.8330,0.5390,1.3230,1.6537,0.596130,0.104309,-0.052917,0.794312,7.760,73.8,-1
1782767945.771,1660,377833,0,0.00000000,0.00000000,0.00,0,0,0.60,-0.255,0.8820,0.8330,1.3230,1.7950,0.596130,0.104309,-0.052917,0.794312,7.758,70.0,-1
1782767945.957,1661,378058,0,0.00000000,0.00000000,0.00,0,0,0.58,-0.171,0.0490,0.4900,1.8130,1.8787,0.596130,0.104248,-0.052856,0.794312,7.751,77.5,-1
1782767946.207,1662,378282,0,0.00000000,0.00000000,0.00,0,0,0.57,-0.496,0.5390,0.4410,1.6170,1.7606,0.596130,0.104248,-0.052856,0.794312,7.755,72.5,-1
1782767946.456,1663,378529,0,0.00000000,0.00000000,0.00,0,0,0.55,-0.331,0.4410,0.1960,2.0090,2.0662,0.596130,0.104187,-0.052795,0.794312,7.756,73.8,-1
1782767946.708,1664,378753,0,0.00000000,0.00000000,0.00,0,0,0.54,-0.045,0.2450,0.1960,1.2250,1.2645,0.596130,0.104187,-0.052795,0.794312,7.756,73.8,-1
1782767946.892,1665,378973,0,0.00000000,0.00000000,0.00,0,0,0.57,-0.057,0.4900,0.5880,1.2250,1.4445,0.596130,0.104126,-0.052795,0.794312,7.755,72.5,-1
1782767947.141,1666,379194,0,0.00000000,0.00000000,0.00,0,0,0.67,0.475,0.5390,0.4410,1.6660,1.8057,0.596130,0.104126,-0.052734,0.794312,7.756,75.0,-1
1782767947.329,1667,379413,0,0.00000000,0.00000000,0.00,0,0,0.64,0.224,0.3920,0.4900,1.5680,1.6889,0.596191,0.104065,-0.052734,0.794312,7.755,73.8,-1
1782767947.577,1668,379626,0,0.00000000,0.00000000,0.00,0,0,0.62,-0.033,-0.0490,0.3920,1.5680,1.6170,0.596191,0.104065,-0.052795,0.794312,7.755,75.0,-1
1782767947.763,1669,379842,0,0.00000000,0.00000000,0.00,0,0,0.54,-0.302,0.1960,0.7840,1.2250,1.4675,0.596130,0.104126,-0.052795,0.794373,7.755,81.2,-1
1782767948.012,1670,380067,0,0.00000000,0.00000000,0.00,0,0,0.57,-0.047,0.5880,0.5390,1.4210,1.6296,0.596130,0.104248,-0.052856,0.794312,7.759,75.0,-1
1782767948.199,1671,380287,0,0.00000000,0.00000000,0.00,0,0,0.61,0.253,0.3430,0.0490,1.2250,1.2731,0.596130,0.104370,-0.052795,0.794312,7.759,75.0,-1
1782767948.446,1672,380531,0,0.00000000,0.00000000,0.00,0,0,0.59,-0.069,0.5390,0.2940,1.3230,1.4585,0.596130,0.104309,-0.052795,0.794373,7.755,76.2,-1
1782767948.694,1673,380755,0,0.00000000,0.00000000,0.00,0,0,0.51,-0.274,1.0290,0.2450,2.0090,2.2705,0.596130,0.104309,-0.052856,0.794373,7.756,77.5,-1
1782767948.880,1674,380976,0,0.00000000,0.00000000,0.00,0,0,0.70,0.335,0.2940,0.5880,1.5680,1.7002,0.596130,0.104309,-0.052856,0.794373,7.751,81.2,-1
1782767949.129,1675,381198,0,0.00000000,0.00000000,0.00,0,0,0.61,-0.242,0.2450,0.5880,1.5190,1.6472,0.596130,0.104309,-0.052856,0.794373,7.760,76.2,-1
1782767949.315,1676,381416,0,0.00000000,0.00000000,0.00,0,0,0.65,0.087,0.3430,0.5390,1.8130,1.9223,0.596130,0.104309,-0.052856,0.794373,7.756,75.0,-1
1782767949.564,1677,381634,0,0.00000000,0.00000000,0.00,0,0,0.53,-0.225,0.5390,0.5880,1.1760,1.4210,0.596130,0.104309,-0.052917,0.794373,7.755,75.0,-1
1782767949.812,1678,381862,0,0.00000000,0.00000000,0.00,0,0,0.57,-0.083,0.3430,0.7350,1.6660,1.8530,0.596130,0.104309,-0.052917,0.794373,7.758,76.2,-1
1782767950.000,1679,382080,0,0.00000000,0.00000000,0.00,0,0,0.54,-0.141,0.5390,0.4410,1.4700,1.6266,0.596130,0.104248,-0.052856,0.794373,7.758,76.2,-1
1782767950.250,1680,382299,0,0.00000000,0.00000000,0.00,0,0,0.59,0.184,0.1960,0.3920,1.1760,1.2550,0.596130,0.104248,-0.052917,0.794373,7.756,76.2,-1
1782767950.437,1681,382513,0,0.00000000,0.00000000,0.00,0,0,0.55,0.052,0.5880,0.5390,1.6170,1.8030,0.596130,0.104248,-0.052917,0.794373,7.755,73.8,-1
1782767950.685,1682,382733,0,0.00000000,0.00000000,0.00,0,0,0.55,0.349,0.2450,0.9310,0.4900,1.0802,0.596130,0.104248,-0.052917,0.794373,7.755,75.0,-1
1782767950.871,1683,382953,0,0.00000000,0.00000000,0.00,0,0,0.67,0.389,0.6370,0.6860,2.0090,2.2164,0.596130,0.104309,-0.052917,0.794373,7.755,77.5,-1
1782767951.123,1684,383177,0,0.00000000,0.00000000,0.00,0,0,0.49,-0.609,0.1960,0.7350,1.6660,1.8314,0.596130,0.104248,-0.052917,0.794373,7.755,75.0,-1
1782767951.311,1685,383404,0,0.00000000,0.00000000,0.00,0,0,0.59,0.357,0.4900,0.5390,1.5190,1.6846,0.596130,0.104309,-0.052917,0.794373,7.759,73.8,-1
1782767951.560,1686,383616,0,0.00000000,0.00000000,0.00,0,0,0.55,0.005,0.1470,-0.0490,0.6370,0.6556,0.596130,0.104309,-0.052917,0.794373,7.756,78.8,-1
1782767951.745,1687,383845,0,0.00000000,0.00000000,0.00,0,0,0.49,-0.031,0.4900,0.2940,1.7640,1.8542,0.596069,0.104309,-0.052917,0.794373,7.759,76.2,-1
1782767951.995,1688,384067,0,0.00000000,0.00000000,0.00,0,0,0.61,0.695,0.1470,0.7350,1.6170,1.7823,0.596069,0.104309,-0.052979,0.794373,7.758,73.8,-1
1782767952.184,1689,384283,0,0.00000000,0.00000000,0.00,0,0,0.66,0.449,-0.0980,0.6370,0.8330,1.0532,0.596069,0.104309,-0.052979,0.794373,7.756,76.2,-1
1782767952.431,1690,384529,0,0.00000000,0.00000000,0.00,0,0,0.62,0.074,0.2450,0.7840,0.7840,1.1355,0.596069,0.104309,-0.052979,0.794373,7.759,70.0,-1
1782767952.682,1691,384754,0,0.00000000,0.00000000,0.00,0,0,0.55,-0.013,1.0780,0.1960,1.6660,1.9940,0.596069,0.104309,-0.052979,0.794373,7.751,77.5,-1
1782767952.931,1692,384979,0,0.00000000,0.00000000,0.00,0,0,0.50,-0.445,0.0980,0.1960,1.7150,1.7289,0.596069,0.104309,-0.052979,0.794373,7.755,81.2,-1
1782767953.119,1693,385195,0,0.00000000,0.00000000,0.00,0,0,0.42,-0.449,0.3920,0.6860,1.2740,1.4991,0.596069,0.104309,-0.052979,0.794373,7.755,80.0,-1
1782767953.369,1694,385417,0,0.00000000,0.00000000,0.00,0,0,0.62,0.611,1.3230,0.2450,1.5680,2.0662,0.596069,0.104370,-0.052979,0.794373,7.755,76.2,-1
1782767953.555,1695,385626,0,0.00000000,0.00000000,0.00,0,0,0.66,0.074,0.0980,0.7350,1.3230,1.5166,0.596069,0.104370,-0.052979,0.794373,7.760,72.5,-1
1782767953.741,1696,385846,0,0.00000000,0.00000000,0.00,0,0,0.54,-0.580,0.2450,0.4410,0.8820,1.0161,0.596130,0.104309,-0.052917,0.794373,7.759,76.2,-1
1782767953.992,1697,386067,0,0.00000000,0.00000000,0.00,0,0,0.47,-0.309,0.2450,0.0000,1.2740,1.2973,0.596069,0.104187,-0.052917,0.794373,7.759,71.2,-1
1782767954.244,1698,386292,0,0.00000000,0.00000000,0.00,0,0,0.51,0.005,0.2450,0.7350,0.8820,1.1740,0.596130,0.104126,-0.052917,0.794373,7.758,76.2,-1
1782767954.432,1699,386507,0,0.00000000,0.00000000,0.00,0,0,0.54,0.063,0.3920,0.6860,1.6660,1.8439,0.596130,0.104187,-0.052917,0.794373,7.760,73.8,-1
1782767954.680,1700,386732,0,0.00000000,0.00000000,0.00,0,0,0.52,0.035,0.1470,0.1960,0.9310,0.9627,0.596130,0.104248,-0.052917,0.794373,7.758,76.2,-1
1782767954.868,1701,386953,0,0.00000000,0.00000000,0.00,0,0,0.49,-0.181,1.0780,0.0490,2.3520,2.5877,0.596069,0.104248,-0.052917,0.794373,7.759,72.5,-1
1782767955.116,1702,387173,0,0.00000000,0.00000000,0.00,0,0,0.55,0.333,0.3920,1.1760,1.2250,1.7428,0.596069,0.104309,-0.052917,0.794373,7.758,72.5,-1
1782767955.320,1703,387396,0,0.00000000,0.00000000,0.00,0,0,0.46,-0.204,0.2940,0.8820,1.2250,1.5379,0.596069,0.104309,-0.052979,0.794373,7.759,71.2,-1
1782767955.508,1704,387614,0,0.00000000,0.00000000,0.00,0,0,0.61,0.348,0.6370,0.2940,1.3720,1.5410,0.596069,0.104309,-0.052917,0.794373,7.758,73.8,-1
1782767955.757,1705,387834,0,0.00000000,0.00000000,0.00,0,0,0.63,0.200,0.3430,0.3430,2.3030,2.3535,0.596069,0.104309,-0.052917,0.794373,7.755,75.0,-1
1782767956.007,1706,388052,0,0.00000000,0.00000000,0.00,0,0,0.67,0.347,0.2450,0.6370,1.8620,1.9831,0.596130,0.104309,-0.052917,0.794373,7.754,76.2,-1
1782767956.194,1707,388273,0,0.00000000,0.00000000,0.00,0,0,0.58,-0.004,0.2940,0.5390,1.0290,1.1982,0.596130,0.104248,-0.052856,0.794373,7.755,76.2,-1
1782767956.443,1708,388519,0,0.00000000,0.00000000,0.00,0,0,0.61,0.325,0.4900,0.7840,1.6660,1.9053,0.596130,0.104187,-0.052856,0.794373,7.759,72.5,-1
1782767956.645,1709,388743,0,0.00000000,0.00000000,0.00,0,0,0.54,-0.431,0.4900,0.1960,1.3230,1.4244,0.596130,0.104187,-0.052856,0.794373,7.754,76.2,-1
1782767956.894,1710,388966,0,0.00000000,0.00000000,0.00,0,0,0.56,0.075,0.1960,0.4900,1.6660,1.7476,0.596130,0.104187,-0.052856,0.794373,7.756,75.0,-1
1782767957.140,1711,389185,0,0.00000000,0.00000000,0.00,0,0,0.56,-0.310,0.6860,0.5880,1.5680,1.8097,0.596130,0.104187,-0.052917,0.794373,7.755,76.2,-1
1782767957.343,1712,389409,0,0.00000000,0.00000000,0.00,0,0,0.55,0.018,-0.4900,1.4700,0.5390,1.6406,0.596069,0.104126,-0.052979,0.794373,7.758,72.5,-1
1782767957.530,1713,389626,0,0.00000000,0.00000000,0.00,0,0,0.43,-0.679,0.2450,0.9800,1.5680,1.8652,0.596069,0.104126,-0.052979,0.794373,7.754,76.2,-1
1782767957.780,1714,389849,0,0.00000000,0.00000000,0.00,0,0,0.61,0.736,0.4900,0.3430,1.5190,1.6325,0.596069,0.104126,-0.053040,0.794373,7.758,73.8,-1
1782767957.966,1715,390068,0,0.00000000,0.00000000,0.00,0,0,0.48,-0.248,0.3430,0.3430,2.2540,2.3056,0.596069,0.104187,-0.053040,0.794373,7.758,71.2,-1
1782767958.217,1716,390288,0,0.00000000,0.00000000,0.00,0,0,0.55,-0.091,0.6860,0.8330,2.1070,2.3673,0.596069,0.104248,-0.053040,0.794373,7.755,73.8,-1
1782767958.404,1717,390508,0,0.00000000,0.00000000,0.00,0,0,0.62,0.462,0.4410,0.4900,1.2740,1.4345,0.596069,0.104248,-0.052979,0.794373,7.756,77.5,-1
1782767958.654,1718,390730,0,0.00000000,0.00000000,0.00,0,0,0.55,0.021,0.5390,0.6370,1.6660,1.8633,0.596069,0.104248,-0.052979,0.794373,7.756,77.5,-1
1782767958.904,1719,390950,0,0.00000000,0.00000000,0.00,0,0,0.61,0.180,0.3430,0.5390,1.6660,1.7843,0.596069,0.104187,-0.052979,0.794373,7.755,78.8,-1
1782767959.093,1720,391173,0,0.00000000,0.00000000,0.00,0,0,0.54,-0.209,1.2740,0.0000,2.5970,2.8927,0.596069,0.104248,-0.052979,0.794373,7.756,75.0,-1
1782767959.298,1721,391394,0,0.00000000,0.00000000,0.00,0,0,0.74,0.825,0.6370,0.7840,1.9600,2.2050,0.596069,0.104248,-0.052979,0.794373,7.756,76.2,-1
1782767959.556,1722,391614,0,0.00000000,0.00000000,0.00,0,0,0.64,-0.119,0.7350,0.5880,2.2540,2.4426,0.596069,0.104248,-0.052979,0.794373,7.755,75.0,-1
1782767959.744,1723,391843,0,0.00000000,0.00000000,0.00,0,0,0.59,-0.061,0.1470,0.5880,0.8330,1.0302,0.596069,0.104309,-0.052979,0.794373,7.756,78.8,-1
1782767959.992,1724,392062,0,0.00000000,0.00000000,0.00,0,0,0.53,-0.606,0.0000,0.7840,1.0780,1.3329,0.596069,0.104309,-0.052979,0.794373,7.755,78.8,-1
1782767960.181,1725,392283,0,0.00000000,0.00000000,0.00,0,0,0.61,0.208,0.5390,-0.2450,2.3520,2.4254,0.596069,0.104309,-0.052979,0.794373,7.759,75.0,-1
1782767960.430,1726,392525,0,0.00000000,0.00000000,0.00,0,0,0.61,0.106,0.2450,0.2940,1.5190,1.5665,0.596069,0.104309,-0.052979,0.794373,7.760,72.5,-1
1782767960.681,1727,392748,0,0.00000000,0.00000000,0.00,0,0,0.60,-0.022,-0.0490,0.1470,0.5880,0.6081,0.596130,0.104248,-0.052917,0.794373,7.759,71.2,-1
1782767960.868,1728,392973,0,0.00000000,0.00000000,0.00,0,0,0.72,0.426,0.5390,0.0980,2.1560,2.2245,0.596069,0.104248,-0.052917,0.794373,7.756,77.5,-1
1782767961.118,1729,393198,0,0.00000000,0.00000000,0.00,0,0,0.66,-0.088,0.5880,0.8820,1.6660,1.9746,0.596069,0.104248,-0.052979,0.794373,7.756,73.8,-1
1782767961.366,1730,393425,0,0.00000000,0.00000000,0.00,0,0,0.57,-0.414,0.5880,0.7840,1.7150,1.9753,0.596130,0.104187,-0.052917,0.794373,7.759,75.0,-1
1782767961.552,1731,393635,0,0.00000000,0.00000000,0.00,0,0,0.57,0.025,0.0980,1.2250,1.9600,2.3134,0.596130,0.104187,-0.052917,0.794373,7.754,77.5,-1
1782767961.753,1732,393859,0,0.00000000,0.00000000,0.00,0,0,0.59,-0.009,-0.0490,0.7350,1.8130,1.9569,0.596130,0.104187,-0.052917,0.794373,7.759,72.5,-1
1782767962.003,1733,394079,0,0.00000000,0.00000000,0.00,0,0,0.68,0.505,0.3920,0.6370,2.1560,2.2821,0.596130,0.104248,-0.052917,0.794373,7.758,75.0,-1
1782767962.253,1734,394301,0,0.00000000,0.00000000,0.00,0,0,0.62,0.026,0.4410,1.0780,1.9110,2.2380,0.596130,0.104248,-0.052917,0.794373,7.758,73.8,-1
1782767962.442,1735,394521,0,0.00000000,0.00000000,0.00,0,0,0.63,0.088,0.6370,0.3920,1.9110,2.0522,0.596130,0.104248,-0.052917,0.794373,7.758,75.0,-1
1782767962.690,1736,394748,0,0.00000000,0.00000000,0.00,0,0,0.58,-0.328,0.3920,1.2740,1.4700,1.9843,0.596069,0.104309,-0.052917,0.794373,7.758,76.2,-1
1782767962.878,1737,394970,0,0.00000000,0.00000000,0.00,0,0,0.67,0.151,0.1470,0.7350,0.8820,1.1575,0.596069,0.104309,-0.052917,0.794373,7.758,70.0,-1
1782767963.126,1738,395191,0,0.00000000,0.00000000,0.00,0,0,0.67,0.430,0.1960,0.0980,1.1270,1.1481,0.596069,0.104309,-0.052917,0.794373,7.756,70.0,-1
1782767963.315,1739,395409,0,0.00000000,0.00000000,0.00,0,0,0.67,-0.032,0.5390,0.5390,1.5190,1.6995,0.596130,0.104309,-0.052917,0.794373,7.756,72.5,-1
1782767963.563,1740,395622,0,0.00000000,0.00000000,0.00,0,0,0.64,-0.104,0.1470,0.5390,2.1560,2.2272,0.596130,0.104309,-0.052917,0.794373,7.758,75.0,-1
1782767963.752,1741,395846,0,0.00000000,0.00000000,0.00,0,0,0.68,-0.050,-0.9310,1.4700,0.3430,1.7735,0.596069,0.104248,-0.052979,0.794373,7.758,75.0,-1
1782767964.001,1742,396074,0,0.00000000,0.00000000,0.00,0,0,0.72,0.251,0.4900,0.2450,1.6660,1.7538,0.596069,0.104309,-0.052979,0.794373,7.760,70.0,-1
1782767964.188,1743,396294,0,0.00000000,0.00000000,0.00,0,0,0.61,-0.612,-0.7840,-0.4900,1.8620,2.0789,0.596069,0.104309,-0.052979,0.794373,7.759,71.2,-1
1782767964.438,1744,396535,0,0.00000000,0.00000000,0.00,0,0,0.61,-0.161,0.6370,0.8820,2.0580,2.3279,0.596069,0.104309,-0.052979,0.794373,7.759,70.0,-1
1782767964.689,1745,396759,0,0.00000000,0.00000000,0.00,0,0,0.69,0.187,0.1960,-0.0980,0.5390,0.5818,0.596069,0.104370,-0.052979,0.794312,7.761,71.2,-1
1782767964.936,1746,396986,0,0.00000000,0.00000000,0.00,0,0,0.60,-0.528,-0.1470,0.6370,0.3430,0.7383,0.596069,0.104370,-0.052979,0.794312,7.761,72.5,-1
1782767965.124,1747,397213,0,0.00000000,0.00000000,0.00,0,0,0.57,-0.537,0.4900,0.5880,2.0580,2.1957,0.596069,0.104309,-0.052917,0.794373,7.760,73.8,-1
1782767965.373,1748,397436,0,0.00000000,0.00000000,0.00,0,0,0.61,-0.010,0.7350,0.4900,2.4500,2.6044,0.596130,0.104248,-0.052856,0.794373,7.762,68.8,-1
1782767965.560,1749,397651,0,0.00000000,0.00000000,0.00,0,0,0.58,-0.065,0.5390,0.5880,2.8910,2.9990,0.596130,0.104248,-0.052917,0.794373,7.761,70.0,-1
1782767965.809,1750,397877,0,0.00000000,0.00000000,0.00,0,0,0.61,0.114,1.1760,0.2450,2.6950,2.9506,0.596130,0.104309,-0.052917,0.794373,7.762,68.8,-1
1782767966.011,1751,398097,0,0.00000000,0.00000000,0.00,0,0,0.54,-0.399,-0.0980,-0.0980,2.1070,2.1116,0.596130,0.104309,-0.052917,0.794373,7.761,67.5,-1
1782767966.260,1752,398316,0,0.00000000,0.00000000,0.00,0,0,0.62,0.432,0.3430,0.8330,1.5680,1.8084,0.596130,0.104187,-0.052856,0.794373,7.761,70.0,-1
1782767966.445,1753,398532,0,0.00000000,0.00000000,0.00,0,0,0.64,0.251,0.0490,0.5390,2.4500,2.5091,0.596130,0.104126,-0.052917,0.794373,7.761,73.8,-1
1782767966.694,1754,398756,0,0.00000000,0.00000000,0.00,0,0,0.56,-0.285,-0.0980,0.8820,1.3230,1.5931,0.596130,0.104065,-0.052917,0.794373,7.760,72.5,-1
1782767966.882,1755,398981,0,0.00000000,0.00000000,0.00,0,0,0.59,-0.249,0.2450,0.4410,1.7150,1.7877,0.596130,0.104065,-0.052856,0.794373,7.758,73.8,-1
1782767967.132,1756,399207,0,0.00000000,0.00000000,0.00,0,0,0.60,-0.297,0.4410,0.3430,0.8330,1.0030,0.596130,0.104126,-0.052856,0.794373,7.758,71.2,-1
1782767967.384,1757,399428,0,0.00000000,0.00000000,0.00,0,0,0.63,0.283,1.0290,0.0490,2.5970,2.7939,0.596130,0.104065,-0.052917,0.794373,7.753,80.0,-1
1782767967.571,1758,399639,0,0.00000000,0.00000000,0.00,0,0,0.64,0.149,0.3430,0.6370,1.6170,1.7715,0.596130,0.104065,-0.052917,0.794373,7.758,75.0,-1
1782767967.759,1759,399862,0,0.00000000,0.00000000,0.00,0,0,0.66,0.215,0.2450,0.6860,1.3720,1.5534,0.596130,0.104065,-0.052917,0.794373,7.758,76.2,-1
1782767968.009,1760,400081,0,0.00000000,0.00000000,0.00,0,0,0.60,-0.049,0.4410,0.7840,1.6660,1.8933,0.596130,0.104065,-0.052917,0.794373,7.756,77.5,-1
1782767968.255,1761,400303,0,0.00000000,0.00000000,0.00,0,0,0.65,0.052,0.2450,0.4410,1.3230,1.4159,0.596130,0.104065,-0.052917,0.794373,7.762,77.5,-1
1782767968.444,1762,400519,0,0.00000000,0.00000000,0.00,0,0,0.61,-0.061,0.5390,-0.0490,1.7640,1.8452,0.596130,0.104065,-0.052856,0.794373,7.756,75.0,-1
1782767968.694,1763,400744,0,0.00000000,0.00000000,0.00,0,0,0.65,0.292,0.3920,0.3920,1.5190,1.6170,0.596130,0.104126,-0.052856,0.794373,7.760,70.0,-1
1782767968.881,1764,400962,0,0.00000000,0.00000000,0.00,0,0,0.63,-0.230,0.0000,0.8330,1.2740,1.5222,0.596130,0.104126,-0.052856,0.794373,7.756,76.2,-1
1782767969.130,1765,401186,0,0.00000000,0.00000000,0.00,0,0,0.64,-0.223,0.1960,0.8820,1.3230,1.6021,0.596130,0.104187,-0.052856,0.794373,7.759,77.5,-1
1782767969.315,1766,401414,0,0.00000000,0.00000000,0.00,0,0,0.65,-0.092,0.7350,0.6860,1.8130,2.0731,0.596130,0.104187,-0.052856,0.794373,7.756,80.0,-1
1782767969.563,1767,401629,0,0.00000000,0.00000000,0.00,0,0,0.66,-0.156,0.5390,0.4900,1.7150,1.8633,0.596130,0.104187,-0.052856,0.794373,7.758,75.0,-1
1782767969.751,1768,401855,0,0.00000000,0.00000000,0.00,0,0,0.69,0.339,0.0490,0.6370,2.4990,2.5794,0.596130,0.104248,-0.052856,0.794373,7.755,75.0,-1
1782767970.018,1769,402077,0,0.00000000,0.00000000,0.00,0,0,0.75,0.442,0.3920,0.3430,1.7640,1.8393,0.596130,0.104187,-0.052856,0.794373,7.755,76.2,-1
1782767970.204,1770,402299,0,0.00000000,0.00000000,0.00,0,0,0.63,-0.061,0.1470,0.5880,1.3720,1.4999,0.596130,0.104187,-0.052856,0.794373,7.756,77.5,-1
1782767970.453,1771,402517,0,0.00000000,0.00000000,0.00,0,0,0.59,-0.152,0.2450,0.5880,1.2740,1.4244,0.596130,0.104187,-0.052856,0.794373,7.756,76.2,-1
1782767970.644,1772,402737,0,0.00000000,0.00000000,0.00,0,0,0.61,-0.465,0.6860,0.3430,1.9600,2.1047,0.596130,0.104187,-0.052795,0.794373,7.755,75.0,-1
1782767970.908,1773,402957,0,0.00000000,0.00000000,0.00,0,0,0.58,-0.009,-0.2450,0.9310,1.5680,1.8399,0.596130,0.104126,-0.052795,0.794373,7.754,76.2,-1
1782767971.095,1774,403176,0,0.00000000,0.00000000,0.00,0,0,0.59,0.341,0.1470,0.7350,1.3230,1.5206,0.596130,0.104187,-0.052795,0.794373,7.755,77.5,-1
1782767971.346,1775,403400,0,0.00000000,0.00000000,0.00,0,0,0.57,0.069,-0.0980,0.9310,0.6370,1.1323,0.596130,0.104187,-0.052856,0.794373,7.758,75.0,-1
1782767971.533,1776,403613,0,0.00000000,0.00000000,0.00,0,0,0.62,-0.081,0.0980,0.7350,1.8620,2.0042,0.596130,0.104187,-0.052795,0.794373,7.759,72.5,-1
1782767971.783,1777,403839,0,0.00000000,0.00000000,0.00,0,0,0.70,0.524,0.2940,0.8820,1.8620,2.0812,0.596130,0.104187,-0.052795,0.794373,7.754,76.2,-1
1782767971.969,1778,404063,0,0.00000000,0.00000000,0.00,0,0,0.63,-0.081,0.4410,1.3230,2.3030,2.6923,0.596130,0.104248,-0.052856,0.794373,7.759,75.0,-1
1782767972.218,1779,404289,0,0.00000000,0.00000000,0.00,0,0,0.46,-0.779,0.2450,0.6370,1.5680,1.7101,0.596130,0.104187,-0.052856,0.794373,7.755,76.2,-1
1782767972.406,1780,404507,0,0.00000000,0.00000000,0.00,0,0,0.69,0.596,0.0980,0.4410,1.9600,2.0114,0.596130,0.104187,-0.052795,0.794373,7.759,78.8,-1
1782767972.657,1781,404733,0,0.00000000,0.00000000,0.00,0,0,0.63,0.027,0.4410,0.7350,1.8130,2.0054,0.596130,0.104187,-0.052795,0.794373,7.756,72.5,-1
1782767972.908,1782,404953,0,0.00000000,0.00000000,0.00,0,0,0.57,-0.343,0.5880,0.3430,1.5190,1.6646,0.596130,0.104187,-0.052795,0.794373,7.756,75.0,-1
1782767973.096,1783,405171,0,0.00000000,0.00000000,0.00,0,0,0.67,0.349,0.8820,0.5390,1.1760,1.5657,0.596130,0.104126,-0.052795,0.794373,7.756,76.2,-1
1782767973.341,1784,405396,0,0.00000000,0.00000000,0.00,0,0,0.64,0.053,-0.1470,0.4900,1.5190,1.6028,0.596130,0.104126,-0.052795,0.794373,7.759,73.8,-1
1782767973.528,1785,405616,0,0.00000000,0.00000000,0.00,0,0,0.59,0.013,0.5390,0.1960,1.3720,1.4871,0.596130,0.104126,-0.052795,0.794373,7.759,73.8,-1
1782767973.779,1786,405845,0,0.00000000,0.00000000,0.00,0,0,0.45,-0.626,-0.0980,1.1760,0.9800,1.5339,0.596130,0.104187,-0.052795,0.794373,7.756,75.0,-1
1782767973.965,1787,406066,0,0.00000000,0.00000000,0.00,0,0,0.49,0.016,0.7840,0.5390,1.6660,1.9185,0.596130,0.104187,-0.052795,0.794373,7.755,77.5,-1
1782767974.216,1788,406286,0,0.00000000,0.00000000,0.00,0,0,0.59,0.231,0.3430,0.5390,1.0780,1.2531,0.596130,0.104187,-0.052917,0.794373,7.755,77.5,-1
1782767974.464,1789,406528,0,0.00000000,0.00000000,0.00,0,0,0.51,-0.196,0.2450,1.1760,2.4500,2.7286,0.596069,0.104126,-0.052979,0.794373,7.755,76.2,-1
1782767974.651,1790,406745,0,0.00000000,0.00000000,0.00,0,0,0.71,0.996,0.0000,1.0780,1.0780,1.5245,0.596069,0.104126,-0.053040,0.794373,7.754,78.8,-1
1782767974.900,1791,406969,0,0.00000000,0.00000000,0.00,0,0,0.59,-0.230,0.3430,0.2450,1.5190,1.5764,0.596069,0.104187,-0.052979,0.794373,7.756,72.5,-1
1782767975.088,1792,407189,0,0.00000000,0.00000000,0.00,0,0,0.66,0.051,-0.3920,1.3230,0.7350,1.5634,0.596069,0.104065,-0.053040,0.794373,7.756,77.5,-1
1782767975.336,1793,407413,0,0.00000000,0.00000000,0.00,0,0,0.60,-0.279,0.5390,0.3920,2.4010,2.4918,0.596069,0.104065,-0.052979,0.794373,7.758,77.5,-1
1782767975.522,1794,407627,0,0.00000000,0.00000000,0.00,0,0,0.50,-0.530,0.4900,0.5390,1.5190,1.6846,0.596130,0.104065,-0.052917,0.794373,7.754,83.8,-1
1782767975.788,1795,407848,0,0.00000000,0.00000000,0.00,0,0,0.55,-0.173,0.5880,0.5390,0.6370,1.0208,0.596130,0.104004,-0.052917,0.794373,7.755,80.0,-1
1782767975.977,1796,408070,0,0.00000000,0.00000000,0.00,0,0,0.52,-0.429,0.0490,1.0780,0.5390,1.2062,0.596069,0.104004,-0.052979,0.794373,7.756,76.2,-1
1782767976.228,1797,408288,0,0.00000000,0.00000000,0.00,0,0,0.63,0.458,0.3430,-0.3430,1.3230,1.4091,0.596069,0.104065,-0.052979,0.794373,7.753,81.2,-1
1782767976.478,1798,408534,0,0.00000000,0.00000000,0.00,0,0,0.68,0.292,0.3430,0.7350,2.0580,2.2121,0.596130,0.104126,-0.052917,0.794373,7.754,76.2,-1
1782767976.663,1799,408759,0,0.00000000,0.00000000,0.00,0,0,0.58,0.034,0.2940,0.5880,1.7640,1.8825,0.596130,0.104187,-0.052917,0.794373,7.755,76.2,-1
1782767976.914,1800,408980,0,0.00000000,0.00000000,0.00,0,0,0.70,0.754,0.2450,0.5880,1.5190,1.6472,0.596130,0.104187,-0.052917,0.794373,7.753,82.5,-1
1782767977.099,1801,409204,0,0.00000000,0.00000000,0.00,0,0,0.52,-0.546,-0.0980,0.7350,1.7150,1.8684,0.596130,0.104187,-0.052856,0.794373,7.760,70.0,-1
1782767977.349,1802,409425,0,0.00000000,0.00000000,0.00,0,0,0.61,0.057,0.4900,0.2450,1.8620,1.9409,0.596130,0.104126,-0.052856,0.794373,7.758,70.0,-1
1782767977.566,1803,409637,0,0.00000000,0.00000000,0.00,0,0,0.51,-0.632,0.2450,0.8330,1.1270,1.4227,0.596130,0.104126,-0.052856,0.794373,7.758,75.0,-1
1782767977.815,1804,409863,0,0.00000000,0.00000000,0.00,0,0,0.57,0.294,0.3430,0.3920,1.8620,1.9335,0.596130,0.104126,-0.052856,0.794373,7.760,76.2,-1
1782767978.003,1805,410086,0,0.00000000,0.00000000,0.00,0,0,0.60,-0.106,0.1470,0.4900,1.9110,1.9783,0.596130,0.104065,-0.052856,0.794373,7.758,76.2,-1
1782767978.250,1806,410309,0,0.00000000,0.00000000,0.00,0,0,0.58,-0.035,0.4410,0.8820,1.0290,1.4252,0.596130,0.104065,-0.052856,0.794373,7.758,73.8,-1
1782767978.435,1807,410527,0,0.00000000,0.00000000,0.00,0,0,0.57,-0.198,0.3920,0.7840,1.6170,1.8393,0.596130,0.104065,-0.052856,0.794373,7.756,77.5,-1
1782767978.686,1808,410749,0,0.00000000,0.00000000,0.00,0,0,0.50,-0.387,0.1470,0.8330,0.9310,1.2579,0.596130,0.104004,-0.052917,0.794373,7.758,72.5,-1
1782767978.936,1809,410979,0,0.00000000,0.00000000,0.00,0,0,0.53,-0.157,0.2940,0.3920,1.4210,1.5031,0.596130,0.104065,-0.052856,0.794373,7.751,81.2,-1
1782767979.124,1810,411198,0,0.00000000,0.00000000,0.00,0,0,0.44,-0.308,0.2940,0.4900,1.3720,1.4862,0.596130,0.104126,-0.052856,0.794373,7.754,75.0,-1
1782767979.373,1811,411422,0,0.00000000,0.00000000,0.00,0,0,0.43,-0.350,1.0290,0.2940,1.6660,1.9801,0.596130,0.104126,-0.052917,0.794373,7.758,76.2,-1
1782767979.559,1812,411639,0,0.00000000,0.00000000,0.00,0,0,0.46,-0.076,-0.2450,0.8820,0.7840,1.2052,0.596069,0.104126,-0.052979,0.794373,7.756,76.2,-1
1782767979.807,1813,411858,0,0.00000000,0.00000000,0.00,0,0,0.44,-0.119,-0.0980,0.7350,1.6660,1.8236,0.596069,0.104187,-0.052979,0.794373,7.751,77.5,-1
1782767979.995,1814,412084,0,0.00000000,0.00000000,0.00,0,0,0.57,0.055,0.2940,0.6370,1.8130,1.9440,0.596069,0.104248,-0.052979,0.794373,7.760,72.5,-1
1782767980.243,1815,412309,0,0.00000000,0.00000000,0.00,0,0,0.52,0.281,0.4900,0.5390,1.4700,1.6406,0.596130,0.104187,-0.052917,0.794373,7.756,76.2,-1
1782767980.431,1816,412527,0,0.00000000,0.00000000,0.00,0,0,0.50,-0.051,0.3430,0.6370,1.6660,1.8163,0.596130,0.104187,-0.052856,0.794373,7.756,78.8,-1
1782767980.680,1817,412750,0,0.00000000,0.00000000,0.00,0,0,0.42,-0.205,1.3720,0.0490,2.0580,2.4739,0.596130,0.104187,-0.052856,0.794373,7.755,73.8,-1
1782767980.866,1818,412970,0,0.00000000,0.00000000,0.00,0,0,0.51,0.201,0.1470,0.6370,1.3230,1.4757,0.596130,0.104248,-0.052917,0.794373,7.755,76.2,-1
1782767981.114,1819,413192,0,0.00000000,0.00000000,0.00,0,0,0.51,-0.337,0.1960,0.2450,1.5190,1.5511,0.596069,0.104309,-0.052917,0.794373,7.759,72.5,-1
1782767981.362,1820,413411,0,0.00000000,0.00000000,0.00,0,0,0.52,-0.168,0.4410,0.5390,2.4500,2.5471,0.596069,0.104309,-0.052917,0.794373,7.758,77.5,-1
1782767981.549,1821,413624,0,0.00000000,0.00000000,0.00,0,0,0.52,-0.175,0.3920,0.6370,1.7640,1.9160,0.596069,0.104309,-0.052917,0.794373,7.760,73.8,-1
1782767981.796,1822,413842,0,0.00000000,0.00000000,0.00,0,0,0.53,0.141,0.7350,0.2940,1.1760,1.4176,0.596069,0.104309,-0.052917,0.794373,7.756,75.0,-1
1782767981.984,1823,414062,0,0.00000000,0.00000000,0.00,0,0,0.59,0.116,0.4410,0.5880,1.8130,1.9563,0.596130,0.104248,-0.052917,0.794373,7.755,81.2,-1
1782767982.235,1824,414283,0,0.00000000,0.00000000,0.00,0,0,0.54,0.079,0.0000,1.3720,0.8330,1.6051,0.596130,0.104309,-0.052917,0.794373,7.759,76.2,-1
1782767982.424,1825,414529,0,0.00000000,0.00000000,0.00,0,0,0.59,0.513,0.3920,0.5880,1.5190,1.6753,0.596069,0.104309,-0.052917,0.794373,7.760,72.5,-1
1782767982.689,1826,414754,0,0.00000000,0.00000000,0.00,0,0,0.52,-0.430,0.1470,0.5390,1.1270,1.2579,0.596069,0.104309,-0.052917,0.794373,7.759,73.8,-1
1782767982.875,1827,414977,0,0.00000000,0.00000000,0.00,0,0,0.63,0.316,-0.8820,2.2050,0.7840,2.5009,0.596069,0.104309,-0.052917,0.794373,7.756,76.2,-1
1782767983.124,1828,415196,0,0.00000000,0.00000000,0.00,0,0,0.78,0.669,0.1960,-0.0980,1.6170,1.6318,0.596069,0.104309,-0.052917,0.794373,7.759,72.5,-1
1782767983.372,1829,415418,0,0.00000000,0.00000000,0.00,0,0,0.63,-0.467,0.4410,0.3430,1.0290,1.1709,0.596130,0.104309,-0.052917,0.794373,7.760,72.5,-1
1782767983.559,1830,415640,0,0.00000000,0.00000000,0.00,0,0,0.59,0.039,1.8620,0.1470,2.6460,3.2388,0.596130,0.104309,-0.052917,0.794373,7.759,70.0,-1
1782767983.807,1831,415867,0,0.00000000,0.00000000,0.00,0,0,0.63,-0.018,1.1760,-0.3430,2.5970,2.8714,0.596130,0.104248,-0.052856,0.794373,7.758,80.0,-1
1782767983.994,1832,416093,0,0.00000000,0.00000000,0.00,0,0,0.69,0.619,0.2450,0.4410,1.2250,1.3248,0.596130,0.104187,-0.052856,0.794373,7.759,71.2,-1
1782767984.244,1833,416319,0,0.00000000,0.00000000,0.00,0,0,0.51,-0.639,0.4900,0.6860,1.9600,2.1336,0.596130,0.104187,-0.052795,0.794373,7.760,71.2,-1
1782767984.432,1834,416535,0,0.00000000,0.00000000,0.00,0,0,0.68,0.718,0.0000,1.9110,0.9800,2.1476,0.596130,0.104126,-0.052795,0.794373,7.762,72.5,-1
1782767984.682,1835,416761,0,0.00000000,0.00000000,0.00,0,0,0.70,0.069,-0.0490,1.5190,1.3230,2.0150,0.596130,0.104187,-0.052795,0.794373,7.760,71.2,-1
1782767984.929,1836,416982,0,0.00000000,0.00000000,0.00,0,0,0.59,-0.340,0.3920,0.6370,1.3230,1.5198,0.596130,0.104187,-0.052856,0.794373,7.755,77.5,-1
1782767985.117,1837,417202,0,0.00000000,0.00000000,0.00,0,0,0.56,-0.115,0.5390,-0.0490,0.7840,0.9527,0.596130,0.104248,-0.052856,0.794373,7.760,73.8,-1
1782767985.366,1838,417421,0,0.00000000,0.00000000,0.00,0,0,0.71,0.369,0.7350,0.2940,1.6660,1.8445,0.596130,0.104187,-0.052856,0.794373,7.758,72.5,-1
1782767985.552,1839,417630,0,0.00000000,0.00000000,0.00,0,0,0.74,0.309,0.7840,0.0490,1.7640,1.9310,0.596130,0.104187,-0.052795,0.794373,7.755,75.0,-1
1782767985.803,1840,417853,0,0.00000000,0.00000000,0.00,0,0,0.56,-0.714,0.2450,0.7840,1.6170,1.8137,0.596130,0.104187,-0.052856,0.794373,7.758,72.5,-1
1782767985.990,1841,418070,0,0.00000000,0.00000000,0.00,0,0,0.65,-0.058,0.4410,0.3920,1.8620,1.9533,0.596130,0.104126,-0.052856,0.794373,7.756,78.8,-1
1782767986.238,1842,418294,0,0.00000000,0.00000000,0.00,0,0,0.64,-0.318,0.9310,0.0000,2.0090,2.2142,0.596130,0.104065,-0.052856,0.794373,7.760,70.0,-1
1782767986.424,1843,418507,0,0.00000000,0.00000000,0.00,0,0,0.64,-0.190,0.3920,0.2450,1.3230,1.4014,0.596130,0.104065,-0.052856,0.794373,7.759,73.8,-1
1782767986.675,1844,418734,0,0.00000000,0.00000000,0.00,0,0,0.54,-0.467,0.1470,0.7350,1.2740,1.4781,0.596130,0.104065,-0.052795,0.794373,7.759,75.0,-1
1782767986.865,1845,418953,0,0.00000000,0.00000000,0.00,0,0,0.69,0.625,0.1960,0.7840,1.1270,1.3868,0.596130,0.104065,-0.052856,0.794373,7.756,77.5,-1
1782767987.130,1846,419177,0,0.00000000,0.00000000,0.00,0,0,0.64,0.222,1.1760,0.8820,2.3520,2.7736,0.596130,0.104126,-0.052917,0.794373,7.760,70.0,-1
1782767987.317,1847,419397,0,0.00000000,0.00000000,0.00,0,0,0.69,0.504,0.2940,0.9800,1.0290,1.4511,0.596130,0.104187,-0.052917,0.794373,7.758,71.2,-1
1782767987.565,1848,419611,0,0.00000000,0.00000000,0.00,0,0,0.66,-0.193,0.6860,0.0000,2.2050,2.3092,0.596069,0.104187,-0.052917,0.794373,7.759,75.0,-1
1782767987.767,1849,419839,0,0.00000000,0.00000000,0.00,0,0,0.66,0.025,0.4410,1.1760,1.9600,2.3279,0.596069,0.104248,-0.052917,0.794373,7.758,72.5,-1
1782767987.971,1850,420061,0,0.00000000,0.00000000,0.00,0,0,0.57,-0.406,0.2940,0.7840,1.7150,1.9085,0.596069,0.104248,-0.052917,0.794373,7.758,73.8,-1
1782767988.234,1851,420290,0,0.00000000,0.00000000,0.00,0,0,0.69,0.574,0.2940,0.4410,2.0580,2.1252,0.596069,0.104309,-0.052917,0.794373,7.760,73.8,-1
1782767988.485,1852,420530,0,0.00000000,0.00000000,0.00,0,0,0.68,0.125,0.5880,0.0490,1.3720,1.4935,0.596069,0.104309,-0.052917,0.794373,7.759,71.2,-1
1782767988.672,1853,420748,0,0.00000000,0.00000000,0.00,0,0,0.51,-0.674,0.6860,0.2450,2.0580,2.1831,0.596069,0.104309,-0.052917,0.794373,7.756,76.2,-1
1782767988.919,1854,420968,0,0.00000000,0.00000000,0.00,0,0,0.68,0.356,-0.3430,0.5880,1.2740,1.4445,0.596069,0.104309,-0.052917,0.794373,7.758,77.5,-1
1782767989.108,1855,421193,0,0.00000000,0.00000000,0.00,0,0,0.55,-0.132,0.8330,0.1960,3.1360,3.2507,0.596069,0.104309,-0.052917,0.794373,7.761,68.8,-1
1782767989.358,1856,421422,0,0.00000000,0.00000000,0.00,0,0,0.61,0.046,0.6860,0.9800,1.6170,2.0114,0.596069,0.104309,-0.052917,0.794373,7.758,72.5,-1
1782767989.544,1857,421634,0,0.00000000,0.00000000,0.00,0,0,0.58,-0.042,0.5880,0.0980,1.5190,1.6318,0.596069,0.104370,-0.052917,0.794373,7.762,68.8,-1
1782767989.793,1858,421859,0,0.00000000,0.00000000,0.00,0,0,0.47,-0.292,-0.6860,1.0290,0.6370,1.3911,0.596008,0.104370,-0.052856,0.794373,7.758,77.5,-1
1782767989.980,1859,422082,0,0.00000000,0.00000000,0.00,0,0,0.54,0.065,0.0490,0.7840,0.7350,1.0758,0.595947,0.104370,-0.053101,0.794434,7.754,73.8,-1
1782767990.228,1860,422306,0,0.00000000,0.00000000,0.00,0,0,0.61,0.318,1.0780,1.0290,2.5480,2.9518,0.596008,0.104309,-0.053162,0.794434,7.758,75.0,-1
1782767990.416,1861,422513,0,0.00000000,0.00000000,0.00,0,0,0.56,-0.524,0.1960,0.7350,1.7150,1.8761,0.596008,0.104309,-0.053223,0.794373,7.759,71.2,-1
1782767990.666,1862,422735,0,0.00000000,0.00000000,0.00,0,0,0.60,-0.021,0.3920,0.5390,1.5680,1.7038,0.596069,0.104248,-0.053101,0.794373,7.761,70.0,-1
1782767990.853,1863,422954,0,0.00000000,0.00000000,0.00,0,0,0.58,0.031,0.3920,0.5390,1.2740,1.4378,0.596069,0.104187,-0.052979,0.794373,7.758,73.8,-1
1782767991.106,1864,423176,0,0.00000000,0.00000000,0.00,0,0,0.63,0.633,0.2940,0.7350,1.5190,1.7129,0.596069,0.104065,-0.052917,0.794373,7.759,72.5,-1
1782767991.293,1865,423398,0,0.00000000,0.00000000,0.00,0,0,0.58,0.004,0.2940,0.7350,1.7150,1.8889,0.596069,0.104004,-0.052917,0.794434,7.760,70.0,-1
1782767991.540,1866,423617,0,0.00000000,0.00000000,0.00,0,0,0.57,0.211,0.3920,0.7350,1.5190,1.7324,0.596069,0.103943,-0.052979,0.794434,7.760,70.0,-1
1782767991.789,1867,423838,0,0.00000000,0.00000000,0.00,0,0,0.72,0.479,0.3430,0.7350,1.4210,1.6362,0.596069,0.103943,-0.052979,0.794434,7.760,71.2,-1
1782767991.974,1868,424067,0,0.00000000,0.00000000,0.00,0,0,0.57,-0.354,-0.4900,0.6860,1.7150,1.9110,0.596069,0.103943,-0.052917,0.794434,7.755,78.8,-1
1782767992.223,1869,424286,0,0.00000000,0.00000000,0.00,0,0,0.50,-0.582,0.0980,0.8330,0.9310,1.2531,0.596069,0.103943,-0.052856,0.794434,7.753,81.2,-1
1782767992.473,1870,424529,0,0.00000000,0.00000000,0.00,0,0,0.52,-0.064,0.6370,0.7350,1.8130,2.0574,0.596069,0.103943,-0.052856,0.794434,7.754,76.2,-1
1782767992.661,1871,424757,0,0.00000000,0.00000000,0.00,0,0,0.72,0.862,0.3430,0.4410,1.6660,1.7572,0.596069,0.104004,-0.052795,0.794434,7.758,73.8,-1
1782767992.912,1872,424981,0,0.00000000,0.00000000,0.00,0,0,0.63,-0.085,0.3430,0.6370,1.8130,1.9520,0.596069,0.104004,-0.052795,0.794373,7.753,78.8,-1
1782767993.098,1873,425199,0,0.00000000,0.00000000,0.00,0,0,0.64,0.086,0.1470,1.3720,1.0290,1.7213,0.596069,0.104004,-0.052795,0.794373,7.755,73.8,-1
1782767993.345,1874,425421,0,0.00000000,0.00000000,0.00,0,0,0.60,-0.334,0.3920,0.6370,1.5190,1.6932,0.596069,0.104004,-0.052795,0.794373,7.754,77.5,-1
1782767993.596,1875,425639,0,0.00000000,0.00000000,0.00,0,0,0.61,0.051,-0.9310,0.9800,0.5880,1.4741,0.596069,0.104004,-0.052795,0.794373,7.756,72.5,-1
1782767993.781,1876,425862,0,0.00000000,0.00000000,0.00,0,0,0.56,-0.100,0.1470,0.6860,0.7350,1.0161,0.596069,0.104004,-0.052734,0.794373,7.756,76.2,-1
1782767994.030,1877,426081,0,0.00000000,0.00000000,0.00,0,0,0.68,0.398,0.2450,0.6370,1.3720,1.5324,0.596069,0.103943,-0.052734,0.794434,7.755,77.5,-1
1782767994.219,1878,426300,0,0.00000000,0.00000000,0.00,0,0,0.73,0.378,0.0000,0.6860,1.9110,2.0304,0.596069,0.104004,-0.052734,0.794434,7.756,77.5,-1
1782767994.468,1879,426518,0,0.00000000,0.00000000,0.00,0,0,0.82,0.814,-0.3920,1.2740,1.3230,1.8780,0.596069,0.104004,-0.052673,0.794373,7.760,72.5,-1
1782767994.655,1880,426741,0,0.00000000,0.00000000,0.00,0,0,0.69,-0.023,0.0980,0.8330,1.2740,1.5253,0.596069,0.104004,-0.052673,0.794373,7.755,75.0,-1
1782767994.904,1881,426966,0,0.00000000,0.00000000,0.00,0,0,0.71,0.099,0.4900,0.0980,1.7150,1.7863,0.596069,0.104004,-0.052673,0.794373,7.758,76.2,-1
1782767995.091,1882,427182,0,0.00000000,0.00000000,0.00,0,0,0.69,0.048,0.7350,0.1470,1.4700,1.6501,0.596069,0.104004,-0.052673,0.794373,7.754,75.0,-1
1782767995.341,1883,427407,0,0.00000000,0.00000000,0.00,0,0,0.66,-0.116,-0.1960,0.7350,0.8330,1.1281,0.596069,0.104004,-0.052673,0.794373,7.758,75.0,-1
1782767995.527,1884,427624,0,0.00000000,0.00000000,0.00,0,0,0.61,-0.057,-0.2450,0.4900,1.8620,1.9409,0.596130,0.104004,-0.052673,0.794373,7.758,75.0,-1
1782767995.775,1885,427843,0,0.00000000,0.00000000,0.00,0,0,0.57,-0.337,0.3920,0.7350,1.3230,1.5634,0.596130,0.103943,-0.052612,0.794434,7.759,75.0,-1
1782767995.979,1886,428067,0,0.00000000,0.00000000,0.00,0,0,0.70,0.051,0.2450,0.6370,0.7350,1.0030,0.596130,0.103943,-0.052612,0.794434,7.758,75.0,-1
1782767996.226,1887,428284,0,0.00000000,0.00000000,0.00,0,0,0.73,0.034,0.3430,0.7840,0.5880,1.0383,0.596130,0.104004,-0.052673,0.794373,7.758,76.2,-1
1782767996.428,1888,428532,0,0.00000000,0.00000000,0.00,0,0,0.64,-0.513,0.5390,0.4410,1.3230,1.4951,0.596130,0.104004,-0.052673,0.794373,7.758,76.2,-1
1782767996.678,1889,428756,0,0.00000000,0.00000000,0.00,0,0,0.65,-0.132,0.1960,0.7840,1.1270,1.3868,0.596130,0.104004,-0.052673,0.794373,7.756,80.0,-1
1782767996.928,1890,428981,0,0.00000000,0.00000000,0.00,0,0,0.66,-0.031,-0.3920,1.0780,1.3230,1.7510,0.596069,0.103943,-0.052734,0.794434,7.753,82.5,-1
1782767997.114,1891,429207,0,0.00000000,0.00000000,0.00,0,0,0.73,0.314,0.2940,0.5880,1.3720,1.5214,0.596069,0.103943,-0.052795,0.794434,7.758,78.8,-1
1782767997.362,1892,429428,0,0.00000000,0.00000000,0.00,0,0,0.61,-0.350,0.2450,0.9310,2.0580,2.2720,0.596069,0.103943,-0.052795,0.794434,7.756,76.2,-1
1782767997.548,1893,429637,0,0.00000000,0.00000000,0.00,0,0,0.59,0.064,-0.2450,0.6860,0.8820,1.1439,0.596069,0.103943,-0.052795,0.794434,7.756,80.0,-1
1782767997.795,1894,429861,0,0.00000000,0.00000000,0.00,0,0,0.64,0.568,0.4900,0.4410,1.5680,1.7009,0.596069,0.103943,-0.052734,0.794434,7.756,73.8,-1
1782767998.043,1895,430089,0,0.00000000,0.00000000,0.00,0,0,0.75,0.755,0.0490,0.9310,1.1760,1.5007,0.596130,0.103882,-0.052673,0.794434,7.758,75.0,-1
1782767998.231,1896,430313,0,0.00000000,0.00000000,0.00,0,0,0.62,-0.171,0.2450,0.7350,1.4210,1.6185,0.596130,0.103943,-0.052673,0.794434,7.762,68.8,-1
1782767998.481,1897,430528,0,0.00000000,0.00000000,0.00,0,0,0.51,-0.492,0.6860,0.5880,0.2450,0.9361,0.596069,0.103943,-0.052734,0.794434,7.758,76.2,-1
1782767998.668,1898,430756,0,0.00000000,0.00000000,0.00,0,0,0.57,-0.110,0.1960,0.3430,1.1270,1.1942,0.596069,0.103943,-0.052734,0.794434,7.759,76.2,-1
1782767998.918,1899,430984,0,0.00000000,0.00000000,0.00,0,0,0.51,-0.220,0.3920,0.6370,1.6170,1.7816,0.596069,0.104004,-0.052734,0.794373,7.761,73.8,-1
1782767999.104,1900,431206,0,0.00000000,0.00000000,0.00,0,0,0.54,-0.157,0.6860,0.2450,1.1270,1.3419,0.596069,0.104004,-0.052734,0.794434,7.756,80.0,-1
1782767999.354,1901,431426,0,0.00000000,0.00000000,0.00,0,0,0.59,0.201,0.0490,1.5680,1.3230,2.0522,0.596069,0.104004,-0.052856,0.794434,7.758,77.5,-1
1782767999.542,1902,431644,0,0.00000000,0.00000000,0.00,0,0,0.57,-0.138,-0.2940,0.7350,1.5190,1.7129,0.596069,0.104065,-0.052917,0.794373,7.758,75.0,-1
1782767999.791,1903,431869,0,0.00000000,0.00000000,0.00,0,0,0.67,0.683,0.0490,0.0000,1.7640,1.7647,0.596069,0.104065,-0.052856,0.794373,7.755,73.8,-1
1782768000.039,1904,432092,0,0.00000000,0.00000000,0.00,0,0,0.79,0.731,0.6370,0.4900,1.4210,1.6325,0.596069,0.104065,-0.052856,0.794373,7.755,73.8,-1
1782768000.225,1905,432318,0,0.00000000,0.00000000,0.00,0,0,0.69,-0.438,0.2940,0.0000,1.1760,1.2122,0.596069,0.104065,-0.052795,0.794373,7.758,73.8,-1
1782768000.473,1906,432534,0,0.00000000,0.00000000,0.00,0,0,0.54,-0.697,0.7350,0.7840,1.5680,1.9009,0.596069,0.104065,-0.052795,0.794373,7.755,76.2,-1
1782768000.660,1907,432758,0,0.00000000,0.00000000,0.00,0,0,0.52,-0.514,0.2940,0.8330,1.5190,1.7572,0.596069,0.104004,-0.052856,0.794434,7.759,73.8,-1
1782768000.911,1908,432988,0,0.00000000,0.00000000,0.00,0,0,0.67,0.318,0.2940,0.5880,1.2740,1.4336,0.596069,0.104004,-0.052917,0.794434,7.759,76.2,-1
1782768001.160,1909,433206,0,0.00000000,0.00000000,0.00,0,0,0.64,0.214,0.0490,0.7840,1.3230,1.5386,0.596069,0.104065,-0.052856,0.794373,7.755,81.2,-1
1782768001.361,1910,433428,0,0.00000000,0.00000000,0.00,0,0,0.53,-0.332,0.5880,0.9310,1.1760,1.6110,0.596069,0.104065,-0.052856,0.794373,7.755,75.0,-1
1782768001.550,1911,433647,0,0.00000000,0.00000000,0.00,0,0,0.49,-0.306,0.6860,0.5880,1.6660,1.8952,0.596069,0.104065,-0.052795,0.794373,7.755,82.5,-1
1782768001.798,1912,433869,0,0.00000000,0.00000000,0.00,0,0,0.71,0.775,0.7350,1.2250,1.1270,1.8196,0.596069,0.104065,-0.052795,0.794373,7.755,78.8,-1
1782768002.046,1913,434088,0,0.00000000,0.00000000,0.00,0,0,0.64,0.303,0.4410,0.2940,0.8820,1.0290,0.596069,0.104065,-0.052795,0.794373,7.754,78.8,-1
1782768002.234,1914,434311,0,0.00000000,0.00000000,0.00,0,0,0.68,0.423,0.6860,0.7840,1.9600,2.2197,0.596069,0.104065,-0.052795,0.794373,7.759,72.5,-1
1782768002.484,1915,434528,0,0.00000000,0.00000000,0.00,0,0,0.71,0.462,0.0490,1.2250,1.4210,1.8768,0.596069,0.104065,-0.052734,0.794373,7.756,81.2,-1
1782768002.670,1916,434752,0,0.00000000,0.00000000,0.00,0,0,0.71,0.067,0.9310,1.1270,0.8330,1.6825,0.596069,0.104065,-0.052734,0.794373,7.760,73.8,-1
1782768002.874,1917,434971,0,0.00000000,0.00000000,0.00,0,0,0.68,-0.136,-0.6860,1.1760,0.7840,1.5711,0.596069,0.104065,-0.052734,0.794373,7.756,73.8,-1
1782768003.124,1918,435194,0,0.00000000,0.00000000,0.00,0,0,0.60,-0.655,0.3430,0.0000,1.3720,1.4142,0.596069,0.104065,-0.052734,0.794373,7.758,73.8,-1
1782768003.312,1919,435413,0,0.00000000,0.00000000,0.00,0,0,0.74,0.831,0.9310,-0.1470,2.3520,2.5338,0.596069,0.104126,-0.052734,0.794373,7.759,73.8,-1
1782768003.560,1920,435626,0,0.00000000,0.00000000,0.00,0,0,0.68,-0.033,0.4410,0.2940,1.8130,1.8889,0.596069,0.104187,-0.052795,0.794373,7.760,75.0,-1
1782768003.808,1921,435854,0,0.00000000,0.00000000,0.00,0,0,0.63,-0.102,0.0000,0.5880,1.4700,1.5832,0.596069,0.104187,-0.052856,0.794373,7.760,75.0,-1
1782768003.997,1922,436076,0,0.00000000,0.00000000,0.00,0,0,0.58,-0.074,0.2940,1.2250,1.9110,2.2889,0.596069,0.104248,-0.052856,0.794373,7.760,70.0,-1
1782768004.246,1923,436296,0,0.00000000,0.00000000,0.00,0,0,0.61,0.074,0.3430,0.7840,1.0780,1.3764,0.596069,0.104187,-0.052856,0.794373,7.761,70.0,-1
1782768004.434,1924,436516,0,0.00000000,0.00000000,0.00,0,0,0.59,-0.381,0.2940,0.4410,1.6170,1.7016,0.596069,0.104187,-0.052795,0.794373,7.760,72.5,-1
1782768004.681,1925,436737,0,0.00000000,0.00000000,0.00,0,0,0.56,-0.144,0.3430,1.0290,0.6860,1.2834,0.596069,0.104126,-0.052795,0.794373,7.760,68.8,-1
1782768004.869,1926,436959,0,0.00000000,0.00000000,0.00,0,0,0.58,0.042,0.3430,1.4700,1.1760,1.9135,0.596069,0.104126,-0.052734,0.794373,7.761,68.8,-1
1782768005.119,1927,437177,0,0.00000000,0.00000000,0.00,0,0,0.50,-0.467,-0.3920,0.2940,1.7150,1.7836,0.596069,0.104065,-0.052734,0.794373,7.759,68.8,-1
1782768005.305,1928,437399,0,0.00000000,0.00000000,0.00,0,0,0.73,0.579,0.2450,1.4210,0.7840,1.6413,0.596069,0.104065,-0.052734,0.794434,7.760,68.8,-1
1782768005.556,1929,437621,0,0.00000000,0.00000000,0.00,0,0,0.66,-0.003,0.3430,0.8330,2.4010,2.5644,0.596069,0.104004,-0.052734,0.794434,7.759,70.0,-1
1782768005.804,1930,437849,0,0.00000000,0.00000000,0.00,0,0,0.65,0.194,0.8820,1.2250,1.7150,2.2847,0.596069,0.104004,-0.052673,0.794434,7.760,66.2,-1
1782768005.992,1931,438068,0,0.00000000,0.00000000,0.00,0,0,0.67,0.075,-0.0980,1.3720,-0.0490,1.3764,0.596069,0.104065,-0.052673,0.794434,7.760,70.0,-1
1782768006.241,1932,438289,0,0.00000000,0.00000000,0.00,0,0,0.68,-0.135,0.1470,0.7840,1.5680,1.7592,0.596008,0.104187,-0.052734,0.794434,7.759,70.0,-1
1782768006.490,1933,438533,0,0.00000000,0.00000000,0.00,0,0,0.71,0.074,0.5390,0.9800,0.8820,1.4244,0.596008,0.104248,-0.052795,0.794434,7.760,68.8,-1
1782768006.675,1934,438758,0,0.00000000,0.00000000,0.00,0,0,0.66,0.152,0.1470,0.7350,1.6660,1.8269,0.596008,0.104309,-0.052856,0.794434,7.760,72.5,-1
1782768006.927,1935,438982,0,0.00000000,0.00000000,0.00,0,0,0.68,0.171,-0.0980,0.4900,1.5190,1.5991,0.596008,0.104309,-0.052856,0.794434,7.753,82.5,-1
1782768007.113,1936,439203,0,0.00000000,0.00000000,0.00,0,0,0.71,0.185,0.1470,0.5880,1.7640,1.8652,0.596008,0.104309,-0.052856,0.794434,7.759,71.2,-1
1782768007.362,1937,439427,0,0.00000000,0.00000000,0.00,0,0,0.70,-0.051,0.4410,1.1760,1.8130,2.2055,0.596008,0.104248,-0.052856,0.794434,7.755,73.8,-1
1782768007.550,1938,439646,0,0.00000000,0.00000000,0.00,0,0,0.73,-0.237,0.4410,0.7350,1.1270,1.4159,0.596008,0.104187,-0.052917,0.794434,7.755,77.5,-1
1782768007.798,1939,439873,0,0.00000000,0.00000000,0.00,0,0,0.65,0.093,0.5390,0.4410,1.7150,1.8510,0.596008,0.104126,-0.052856,0.794434,7.754,73.8,-1
1782768008.048,1940,440094,0,0.00000000,0.00000000,0.00,0,0,0.63,0.162,0.1960,0.3430,0.9800,1.0566,0.596008,0.104126,-0.052856,0.794434,7.758,73.8,-1
1782768008.235,1941,440315,0,0.00000000,0.00000000,0.00,0,0,0.67,0.190,0.2940,0.2450,1.4700,1.5190,0.596008,0.104126,-0.052795,0.794434,7.758,75.0,-1
1782768008.483,1942,440531,0,0.00000000,0.00000000,0.00,0,0,0.71,0.449,0.4410,0.7350,0.9800,1.3020,0.596008,0.104126,-0.052795,0.794434,7.755,78.8,-1
1782768008.668,1943,440754,0,0.00000000,0.00000000,0.00,0,0,0.67,0.227,0.0980,1.0780,1.9110,2.1963,0.596008,0.104126,-0.052795,0.794434,7.756,77.5,-1
1782768008.916,1944,440977,0,0.00000000,0.00000000,0.00,0,0,0.61,-0.188,0.1960,0.7840,1.8130,1.9850,0.596008,0.104126,-0.052734,0.794434,7.755,77.5,-1
1782768009.103,1945,441195,0,0.00000000,0.00000000,0.00,0,0,0.71,0.374,0.1470,0.8330,1.3720,1.6118,0.596008,0.104126,-0.052734,0.794434,7.756,76.2,-1
1782768009.352,1946,441415,0,0.00000000,0.00000000,0.00,0,0,0.59,-0.575,0.0000,0.6860,0.8820,1.1174,0.596008,0.104126,-0.052856,0.794434,7.755,78.8,-1
1782768009.537,1947,441629,0,0.00000000,0.00000000,0.00,0,0,0.64,-0.054,0.5390,0.7350,1.8130,2.0292,0.596008,0.104065,-0.052856,0.794434,7.756,75.0,-1
1782768009.784,1948,441847,0,0.00000000,0.00000000,0.00,0,0,0.67,0.170,0.1960,0.0490,1.4700,1.4838,0.596008,0.104126,-0.052795,0.794434,7.751,80.0,-1
1782768009.971,1949,442067,0,0.00000000,0.00000000,0.00,0,0,0.63,-0.144,0.5390,0.4900,0.8330,1.1066,0.596008,0.104065,-0.052795,0.794434,7.753,81.2,-1
1782768010.219,1950,442292,0,0.00000000,0.00000000,0.00,0,0,0.68,0.523,0.3430,0.8330,1.3230,1.6006,0.596008,0.104065,-0.052734,0.794434,7.754,77.5,-1
1782768010.466,1951,442510,0,0.00000000,0.00000000,0.00,0,0,0.69,0.094,0.8820,0.5390,2.9400,3.1164,0.596008,0.104004,-0.052734,0.794434,7.754,76.2,-1
1782768010.653,1952,442731,0,0.00000000,0.00000000,0.00,0,0,0.82,0.512,0.9800,0.3430,2.1560,2.3930,0.596008,0.104004,-0.052673,0.794434,7.758,78.8,-1
1782768010.902,1953,442951,0,0.00000000,0.00000000,0.00,0,0,0.70,-0.267,0.5390,0.3920,0.9310,1.1450,0.596008,0.104065,-0.052734,0.794434,7.755,75.0,-1
1782768011.088,1954,443170,0,0.00000000,0.00000000,0.00,0,0,0.62,-0.247,0.2940,0.5390,1.2740,1.4142,0.596008,0.104126,-0.052734,0.794434,7.755,81.2,-1
1782768011.338,1955,443392,0,0.00000000,0.00000000,0.00,0,0,0.64,-0.019,-0.0980,0.9800,1.4700,1.7694,0.596008,0.104187,-0.052795,0.794434,7.758,78.8,-1
1782768011.526,1956,443605,0,0.00000000,0.00000000,0.00,0,0,0.55,-0.441,0.5390,0.5880,1.3720,1.5870,0.596008,0.104248,-0.052856,0.794434,7.756,70.0,-1
1782768011.775,1957,443831,0,0.00000000,0.00000000,0.00,0,0,0.66,0.102,0.0490,0.7840,1.4210,1.6237,0.596008,0.104248,-0.052856,0.794434,7.753,78.8,-1
1782768011.962,1958,444056,0,0.00000000,0.00000000,0.00,0,0,0.57,-0.013,-0.0980,0.9800,1.1760,1.5339,0.596008,0.104187,-0.052979,0.794434,7.758,76.2,-1
1782768012.212,1959,444281,0,0.00000000,0.00000000,0.00,0,0,0.61,-0.169,0.3430,0.6370,1.3720,1.5511,0.596008,0.104126,-0.052979,0.794434,7.756,70.0,-1
1782768012.459,1960,444528,0,0.00000000,0.00000000,0.00,0,0,0.59,-0.030,0.4410,-0.2940,1.4700,1.5626,0.596008,0.104126,-0.052917,0.794434,7.760,72.5,-1
1782768012.713,1961,444755,0,0.00000000,0.00000000,0.00,0,0,0.51,-0.595,0.2940,0.6370,1.4210,1.5848,0.596008,0.104126,-0.052856,0.794434,7.759,77.5,-1
1782768012.901,1962,444975,0,0.00000000,0.00000000,0.00,0,0,0.64,0.431,0.6370,0.4900,1.5190,1.7185,0.596008,0.104126,-0.052856,0.794434,7.750,81.2,-1
1782768013.148,1963,445197,0,0.00000000,0.00000000,0.00,0,0,0.63,0.124,-0.4410,1.1270,-0.7350,1.4159,0.596008,0.104126,-0.052795,0.794434,7.764,68.8,-1
1782768013.335,1964,445415,0,0.00000000,0.00000000,0.00,0,0,0.62,-0.011,0.7840,0.5880,2.2050,2.4130,0.596008,0.104126,-0.052795,0.794434,7.755,77.5,-1
1782768013.584,1965,445631,0,0.00000000,0.00000000,0.00,0,0,0.60,-0.213,0.2450,0.9800,1.6170,1.9066,0.596008,0.104065,-0.052734,0.794434,7.760,73.8,-1
1782768013.769,1966,445856,0,0.00000000,0.00000000,0.00,0,0,0.68,0.287,0.3920,0.7350,0.8820,1.2132,0.596008,0.104065,-0.052734,0.794434,7.755,81.2,-1
1782768014.018,1967,446076,0,0.00000000,0.00000000,0.00,0,0,0.59,0.031,0.6860,0.2940,1.1760,1.3928,0.596008,0.104065,-0.052795,0.794434,7.758,81.2,-1
1782768014.204,1968,446300,0,0.00000000,0.00000000,0.00,0,0,0.61,0.233,1.4700,0.4410,2.0580,2.5672,0.596008,0.104065,-0.052795,0.794434,7.759,71.2,-1
1782768014.455,1969,446515,0,0.00000000,0.00000000,0.00,0,0,0.53,-0.290,0.3430,0.1470,1.1760,1.2338,0.596008,0.104065,-0.052795,0.794434,7.756,78.8,-1
1782768014.643,1970,446739,0,0.00000000,0.00000000,0.00,0,0,0.40,-0.661,0.1960,1.0290,0.8820,1.3694,0.596008,0.104065,-0.052734,0.794434,7.756,72.5,-1
1782768014.893,1971,446961,0,0.00000000,0.00000000,0.00,0,0,0.53,-0.051,0.5390,1.1760,1.3230,1.8504,0.596008,0.104065,-0.052734,0.794434,7.758,77.5,-1
1782768015.079,1972,447178,0,0.00000000,0.00000000,0.00,0,0,0.54,-0.200,0.0000,0.4410,1.3230,1.3946,0.596008,0.104004,-0.052795,0.794434,7.754,78.8,-1
1782768015.328,1973,447399,0,0.00000000,0.00000000,0.00,0,0,0.51,-0.567,0.5880,0.3920,1.6170,1.7647,0.596008,0.104004,-0.052856,0.794434,7.755,78.8,-1
1782768015.517,1974,447614,0,0.00000000,0.00000000,0.00,0,0,0.58,0.099,0.3920,0.5880,1.3230,1.4999,0.596008,0.104004,-0.052795,0.794434,7.759,72.5,-1
1782768015.765,1975,447841,0,0.00000000,0.00000000,0.00,0,0,0.57,-0.134,-0.1960,0.8820,1.8130,2.0257,0.596008,0.104004,-0.052734,0.794434,7.756,75.0,-1
1782768016.015,1976,448065,0,0.00000000,0.00000000,0.00,0,0,0.64,0.415,0.5880,0.4900,1.6170,1.7890,0.596008,0.104004,-0.052734,0.794434,7.756,76.2,-1
1782768016.202,1977,448290,0,0.00000000,0.00000000,0.00,0,0,0.57,0.091,0.3430,0.7350,1.4700,1.6789,0.596008,0.104065,-0.052734,0.794434,7.760,73.8,-1
1782768016.449,1978,448507,0,0.00000000,0.00000000,0.00,0,0,0.50,-0.263,0.6370,0.3430,1.1760,1.3807,0.596008,0.104065,-0.052734,0.794434,7.756,75.0,-1
1782768016.634,1979,448727,0,0.00000000,0.00000000,0.00,0,0,0.44,-0.420,0.2940,0.6860,1.8130,1.9606,0.596008,0.104065,-0.052734,0.794434,7.756,76.2,-1
1782768016.884,1980,448954,0,0.00000000,0.00000000,0.00,0,0,0.54,0.396,0.0490,0.5390,1.1760,1.2946,0.596008,0.104126,-0.052734,0.794434,7.760,73.8,-1
1782768017.133,1981,449177,0,0.00000000,0.00000000,0.00,0,0,0.47,-0.290,-0.4900,1.5190,0.3920,1.6435,0.596008,0.104187,-0.052795,0.794434,7.759,71.2,-1
1782768017.320,1982,449402,0,0.00000000,0.00000000,0.00,0,0,0.54,0.280,0.1470,0.8820,1.4210,1.6789,0.596008,0.104187,-0.052795,0.794434,7.756,75.0,-1
1782768017.571,1983,449616,0,0.00000000,0.00000000,0.00,0,0,0.57,0.215,0.1470,0.5390,1.8620,1.9440,0.596008,0.104126,-0.052734,0.794434,7.758,75.0,-1
1782768017.788,1984,449835,0,0.00000000,0.00000000,0.00,0,0,0.41,-0.695,0.4410,0.5390,1.4700,1.6266,0.596008,0.104126,-0.052856,0.794434,7.758,72.5,-1
1782768017.990,1985,450057,0,0.00000000,0.00000000,0.00,0,0,0.59,0.456,-0.3920,1.1270,0.7840,1.4277,0.596069,0.104065,-0.052795,0.794434,7.759,70.0,-1
1782768018.178,1986,450277,0,0.00000000,0.00000000,0.00,0,0,0.55,-0.359,0.5390,-0.1960,1.7640,1.8549,0.596069,0.104065,-0.052734,0.794434,7.760,72.5,-1
1782768018.431,1987,450521,0,0.00000000,0.00000000,0.00,0,0,0.57,-0.083,0.4410,0.2450,1.3720,1.4618,0.596069,0.104126,-0.052734,0.794434,7.758,72.5,-1
1782768018.695,1988,450749,0,0.00000000,0.00000000,0.00,0,0,0.53,-0.360,0.3920,0.9310,0.9800,1.4074,0.596008,0.104187,-0.052795,0.794434,7.761,68.8,-1
1782768018.882,1989,450966,0,0.00000000,0.00000000,0.00,0,0,0.59,0.021,0.2450,0.5390,1.9600,2.0475,0.596008,0.104187,-0.052856,0.794434,7.755,75.0,-1
1782768019.147,1990,451189,0,0.00000000,0.00000000,0.00,0,0,0.60,-0.067,0.8820,0.0490,2.1070,2.2847,0.596008,0.104187,-0.052979,0.794434,7.758,71.2,-1
1782768019.335,1991,451412,0,0.00000000,0.00000000,0.00,0,0,0.64,-0.005,0.1960,0.8330,1.0290,1.3383,0.596008,0.104187,-0.053040,0.794434,7.758,73.8,-1
1782768019.586,1992,451629,0,0.00000000,0.00000000,0.00,0,0,0.73,0.355,0.8820,0.2450,1.9600,2.1632,0.596008,0.104248,-0.053040,0.794434,7.758,73.8,-1
1782768019.775,1993,451850,0,0.00000000,0.00000000,0.00,0,0,0.67,-0.265,0.4410,-0.0980,1.5680,1.6318,0.596008,0.104248,-0.053040,0.794434,7.756,72.5,-1
1782768020.025,1994,452073,0,0.00000000,0.00000000,0.00,0,0,0.57,-0.464,0.7350,0.3430,1.9600,2.1212,0.596008,0.104309,-0.053040,0.794434,7.758,73.8,-1
1782768020.212,1995,452300,0,0.00000000,0.00000000,0.00,0,0,0.61,0.155,0.4410,0.7350,1.9600,2.1392,0.596008,0.104309,-0.052979,0.794434,7.756,73.8,-1
1782768020.461,1996,452517,0,0.00000000,0.00000000,0.00,0,0,0.69,0.471,1.1270,0.8820,3.0870,3.4026,0.596008,0.104370,-0.052979,0.794434,7.759,72.5,-1
1782768020.648,1997,452741,0,0.00000000,0.00000000,0.00,0,0,0.54,-0.375,0.8330,1.0780,2.0090,2.4274,0.596008,0.104370,-0.052979,0.794434,7.758,71.2,-1
1782768020.896,1998,452964,0,0.00000000,0.00000000,0.00,0,0,0.63,0.079,0.0490,0.6370,1.5190,1.6479,0.596008,0.104370,-0.052979,0.794434,7.759,71.2,-1
1782768021.083,1999,453184,0,0.00000000,0.00000000,0.00,0,0,0.57,-0.343,0.0000,0.7840,0.6370,1.0102,0.596008,0.104370,-0.052979,0.794434,7.759,70.0,-1
1782768021.333,2000,453404,0,0.00000000,0.00000000,0.00,0,0,0.61,-0.192,0.6370,-0.2450,1.6660,1.8004,0.596008,0.104370,-0.052979,0.794434,7.759,71.2,-1
1782768021.522,2001,453623,0,0.00000000,0.00000000,0.00,0,0,0.58,-0.240,0.4900,0.4410,1.6170,1.7462,0.596008,0.104431,-0.052979,0.794434,7.758,75.0,-1
1782768021.772,2002,453847,0,0.00000000,0.00000000,0.00,0,0,0.67,0.371,0.3920,0.3920,1.6170,1.7094,0.595947,0.104370,-0.053101,0.794434,7.756,68.8,-1
1782768022.020,2003,454068,0,0.00000000,0.00000000,0.00,0,0,0.73,0.554,-1.0290,2.4500,-1.7150,3.1627,0.595947,0.104370,-0.053162,0.794434,7.761,68.8,-1
1782768022.206,2004,454296,0,0.00000000,0.00000000,0.00,0,0,0.63,-0.401,0.9310,0.7350,0.8820,1.4781,0.595947,0.104370,-0.053101,0.794434,7.754,77.5,-1
1782768022.456,2005,454512,0,0.00000000,0.00000000,0.00,0,0,0.48,-0.799,0.3920,0.2450,1.3230,1.4014,0.595947,0.104370,-0.053040,0.794434,7.761,72.5,-1
1782768022.643,2006,454730,0,0.00000000,0.00000000,0.00,0,0,0.54,-0.088,0.1960,0.2940,1.0290,1.0880,0.596008,0.104370,-0.053040,0.794434,7.760,70.0,-1
1782768022.891,2007,454950,0,0.00000000,0.00000000,0.00,0,0,0.64,0.325,0.7840,0.4410,2.4990,2.6560,0.596008,0.104370,-0.052979,0.794434,7.759,67.5,-1
1782768023.078,2008,455168,0,0.00000000,0.00000000,0.00,0,0,0.52,-0.478,0.7350,0.2450,2.3030,2.4298,0.596008,0.104370,-0.052979,0.794434,7.761,68.8,-1
1782768023.326,2009,455389,0,0.00000000,0.00000000,0.00,0,0,0.52,0.035,-0.3920,0.9310,1.6170,1.9066,0.596008,0.104370,-0.052979,0.794434,7.760,68.8,-1
1782768023.511,2010,455607,0,0.00000000,0.00000000,0.00,0,0,0.48,-0.325,0.3430,0.5390,1.6660,1.7843,0.596008,0.104370,-0.052979,0.794434,7.756,70.0,-1
1782768023.762,2011,455828,0,0.00000000,0.00000000,0.00,0,0,0.55,0.093,-0.2450,1.1270,1.7150,2.0667,0.596008,0.104431,-0.052979,0.794434,7.761,71.2,-1
1782768023.950,2012,456052,0,0.00000000,0.00000000,0.00,0,0,0.60,0.360,-0.3430,1.0780,1.7150,2.0545,0.596008,0.104431,-0.052979,0.794434,7.761,71.2,-1
1782768024.198,2013,456271,0,0.00000000,0.00000000,0.00,0,0,0.52,-0.234,0.2940,0.5390,0.8330,1.0348,0.596008,0.104431,-0.052979,0.794434,7.758,72.5,-1
1782768024.462,2014,456514,0,0.00000000,0.00000000,0.00,0,0,0.52,-0.254,0.3920,1.1760,1.7640,2.1560,0.596008,0.104431,-0.052979,0.794434,7.758,73.8,-1
1782768024.664,2015,456734,0,0.00000000,0.00000000,0.00,0,0,0.64,0.510,0.4410,0.5390,1.0290,1.2425,0.596008,0.104431,-0.052979,0.794434,7.759,72.5,-1
1782768024.851,2016,456952,0,0.00000000,0.00000000,0.00,0,0,0.64,0.440,0.8820,0.0000,2.4500,2.6039,0.596008,0.104431,-0.052979,0.794434,7.758,73.8,-1
1782768025.104,2017,457173,0,0.00000000,0.00000000,0.00,0,0,0.50,-0.842,0.5880,0.6860,1.6170,1.8523,0.596008,0.104431,-0.052979,0.794434,7.758,70.0,-1
1782768025.355,2018,457398,0,0.00000000,0.00000000,0.00,0,0,0.58,-0.428,0.0980,0.2450,1.6660,1.6868,0.596008,0.104492,-0.052979,0.794434,7.759,68.8,-1
1782768025.541,2019,457617,0,0.00000000,0.00000000,0.00,0,0,0.62,-0.020,0.4410,0.6860,1.6170,1.8110,0.595947,0.104492,-0.053040,0.794434,7.760,73.8,-1
1782768025.790,2020,457842,0,0.00000000,0.00000000,0.00,0,0,0.67,0.418,1.0290,0.2450,2.3030,2.5343,0.595947,0.104492,-0.053040,0.794434,7.759,75.0,-1
1782768025.978,2021,458064,0,0.00000000,0.00000000,0.00,0,0,0.56,-0.297,0.2450,0.4410,1.8620,1.9291,0.595947,0.104370,-0.053040,0.794434,7.755,77.5,-1
1782768026.229,2022,458284,0,0.00000000,0.00000000,0.00,0,0,0.73,0.465,0.6370,0.1470,2.4010,2.4884,0.596008,0.104370,-0.052979,0.794434,7.754,77.5,-1
1782768026.477,2023,458530,0,0.00000000,0.00000000,0.00,0,0,0.68,0.355,0.5390,0.6370,1.1270,1.4023,0.596008,0.104370,-0.052979,0.794434,7.758,75.0,-1
1782768026.681,2024,458758,0,0.00000000,0.00000000,0.00,0,0,0.60,-0.182,0.5390,0.0980,1.9600,2.0351,0.596008,0.104370,-0.052979,0.794434,7.756,75.0,-1
1782768026.930,2025,458978,0,0.00000000,0.00000000,0.00,0,0,0.48,-0.559,0.1470,-0.0490,2.1070,2.1127,0.596008,0.104431,-0.053040,0.794434,7.754,81.2,-1
1782768027.118,2026,459196,0,0.00000000,0.00000000,0.00,0,0,0.52,-0.143,0.0980,0.8820,1.0290,1.3588,0.596008,0.104431,-0.053040,0.794434,7.755,76.2,-1
1782768027.368,2027,459420,0,0.00000000,0.00000000,0.00,0,0,0.49,-0.569,0.2450,0.5880,1.4210,1.5572,0.596008,0.104431,-0.052979,0.794434,7.755,73.8,-1
1782768027.554,2028,459637,0,0.00000000,0.00000000,0.00,0,0,0.52,-0.494,0.3430,0.5880,1.5680,1.7094,0.596008,0.104370,-0.052979,0.794434,7.756,76.2,-1
1782768027.804,2029,459858,0,0.00000000,0.00000000,0.00,0,0,0.58,0.113,0.1960,0.3430,1.5680,1.6170,0.596008,0.104370,-0.052979,0.794434,7.755,75.0,-1
1782768027.991,2030,460080,0,0.00000000,0.00000000,0.00,0,0,0.53,-0.322,0.1960,1.0290,1.0780,1.5031,0.596008,0.104370,-0.052979,0.794434,7.755,75.0,-1
1782768028.240,2031,460303,0,0.00000000,0.00000000,0.00,0,0,0.56,-0.152,0.0980,0.6370,1.4210,1.5603,0.595947,0.104431,-0.053040,0.794434,7.756,75.0,-1
1782768028.428,2032,460522,0,0.00000000,0.00000000,0.00,0,0,0.54,-0.313,0.3430,0.5880,1.9110,2.0286,0.595947,0.104492,-0.053101,0.794434,7.755,73.8,-1
1782768028.676,2033,460743,0,0.00000000,0.00000000,0.00,0,0,0.60,0.237,0.1960,0.7350,1.6660,1.8314,0.595947,0.104553,-0.053101,0.794373,7.758,72.5,-1
1782768028.863,2034,460960,0,0.00000000,0.00000000,0.00,0,0,0.62,0.185,0.3920,0.7350,0.3920,0.9206,0.595947,0.104553,-0.053040,0.794373,7.755,76.2,-1
1782768029.112,2035,461180,0,0.00000000,0.00000000,0.00,0,0,0.67,0.482,0.6370,0.1960,0.7840,1.0290,0.595947,0.104553,-0.053101,0.794373,7.758,77.5,-1
1782768029.361,2036,461404,0,0.00000000,0.00000000,0.00,0,0,0.52,-0.595,0.4900,0.5880,1.4700,1.6573,0.595947,0.104492,-0.053040,0.794434,7.759,73.8,-1
1782768029.551,2037,461616,0,0.00000000,0.00000000,0.00,0,0,0.50,-0.508,0.9800,0.5390,1.4210,1.8084,0.595947,0.104492,-0.053040,0.794434,7.758,75.0,-1
1782768029.800,2038,461844,0,0.00000000,0.00000000,0.00,0,0,0.67,0.706,0.5880,0.1470,1.2250,1.3667,0.595947,0.104431,-0.053040,0.794434,7.755,73.8,-1
1782768029.986,2039,462066,0,0.00000000,0.00000000,0.00,0,0,0.58,-0.110,-0.0490,0.4900,1.2740,1.3659,0.595947,0.104431,-0.053040,0.794434,7.758,71.2,-1
1782768030.235,2040,462289,0,0.00000000,0.00000000,0.00,0,0,0.59,-0.239,0.5390,0.1470,1.6660,1.7572,0.595947,0.104370,-0.053101,0.794434,7.760,66.2,-1
1782768030.423,2041,462510,0,0.00000000,0.00000000,0.00,0,0,0.52,-0.542,0.8330,0.3430,1.5190,1.7660,0.595947,0.104309,-0.053101,0.794434,7.762,71.2,-1
1782768030.674,2042,462733,0,0.00000000,0.00000000,0.00,0,0,0.55,-0.045,-0.1470,0.9310,1.7640,2.0000,0.595947,0.104309,-0.053162,0.794434,7.758,78.8,-1
1782768030.859,2043,462959,0,0.00000000,0.00000000,0.00,0,0,0.57,-0.134,0.8820,-0.1470,2.4500,2.6081,0.595947,0.104309,-0.053162,0.794434,7.759,75.0,-1
1782768031.110,2044,463189,0,0.00000000,0.00000000,0.00,0,0,0.64,0.328,0.1960,0.8330,1.3230,1.5756,0.595947,0.104370,-0.053101,0.794434,7.759,67.5,-1
1782768031.358,2045,463417,0,0.00000000,0.00000000,0.00,0,0,0.59,-0.032,0.3430,0.6370,1.7150,1.8614,0.595947,0.104370,-0.053101,0.794434,7.755,73.8,-1
1782768031.544,2046,463627,0,0.00000000,0.00000000,0.00,0,0,0.48,-0.692,0.0980,0.6860,1.3720,1.5371,0.595947,0.104370,-0.053040,0.794434,7.760,71.2,-1
1782768031.795,2047,463850,0,0.00000000,0.00000000,0.00,0,0,0.40,-0.593,0.4410,0.7350,1.0290,1.3392,0.595947,0.104370,-0.053101,0.794434,7.760,73.8,-1
1782768031.984,2048,464075,0,0.00000000,0.00000000,0.00,0,0,0.51,0.261,-0.0980,1.1760,1.5190,1.9235,0.595947,0.104370,-0.053040,0.794434,7.759,77.5,-1
1782768032.233,2049,464301,0,0.00000000,0.00000000,0.00,0,0,0.62,0.564,0.1960,0.7350,1.2250,1.4420,0.596008,0.104370,-0.053040,0.794434,7.756,75.0,-1
1782768032.421,2050,464512,0,0.00000000,0.00000000,0.00,0,0,0.58,0.243,0.2450,0.2940,1.3720,1.4244,0.596008,0.104370,-0.053040,0.794434,7.759,71.2,-1
1782768032.669,2051,464739,0,0.00000000,0.00000000,0.00,0,0,0.51,-0.291,0.2940,0.3430,1.7640,1.8209,0.596008,0.104370,-0.052979,0.794434,7.755,78.8,-1
1782768032.872,2052,464963,0,0.00000000,0.00000000,0.00,0,0,0.54,-0.094,0.7350,0.6370,1.0290,1.4159,0.596008,0.104370,-0.052979,0.794434,7.756,77.5,-1
1782768033.124,2053,465185,0,0.00000000,0.00000000,0.00,0,0,0.49,-0.294,0.4900,0.5880,1.0780,1.3221,0.596008,0.104370,-0.052979,0.794434,7.755,73.8,-1
1782768033.310,2054,465413,0,0.00000000,0.00000000,0.00,0,0,0.51,-0.323,0.4900,0.4900,1.7150,1.8497,0.596008,0.104431,-0.053040,0.794434,7.758,72.5,-1
1782768033.562,2055,465631,0,0.00000000,0.00000000,0.00,0,0,0.44,-0.475,0.1470,0.5390,1.4700,1.5726,0.595947,0.104492,-0.053040,0.794434,7.758,76.2,-1
1782768033.810,2056,465854,0,0.00000000,0.00000000,0.00,0,0,0.58,0.435,0.2940,0.7840,2.3520,2.4966,0.596008,0.104431,-0.052979,0.794434,7.759,76.2,-1
1782768033.997,2057,466072,0,0.00000000,0.00000000,0.00,0,0,0.59,0.122,0.4900,0.0980,1.6660,1.7393,0.595947,0.104370,-0.053040,0.794434,7.754,76.2,-1
1782768034.245,2058,466297,0,0.00000000,0.00000000,0.00,0,0,0.52,-0.367,0.9800,0.0980,1.5680,1.8517,0.595947,0.104370,-0.053040,0.794434,7.758,73.8,-1
1782768034.431,2059,466511,0,0.00000000,0.00000000,0.00,0,0,0.58,-0.022,0.4900,0.4900,1.4210,1.5810,0.595947,0.104309,-0.053101,0.794434,7.759,76.2,-1
1782768034.681,2060,466737,0,0.00000000,0.00000000,0.00,0,0,0.52,0.289,0.5880,0.6370,1.2250,1.5007,0.595947,0.104248,-0.053101,0.794434,7.759,76.2,-1
1782768034.865,2061,466959,0,0.00000000,0.00000000,0.00,0,0,0.63,0.139,0.7840,0.5880,2.3030,2.5028,0.595947,0.104248,-0.053101,0.794434,7.759,73.8,-1
1782768035.114,2062,467181,0,0.00000000,0.00000000,0.00,0,0,0.68,0.186,0.2450,1.6660,1.9600,2.5840,0.596008,0.104309,-0.053040,0.794434,7.759,73.8,-1
1782768035.364,2063,467408,0,0.00000000,0.00000000,0.00,0,0,0.55,-0.569,1.2250,0.5390,1.9600,2.3733,0.596008,0.104309,-0.053040,0.794434,7.762,70.0,-1
1782768035.551,2064,467620,0,0.00000000,0.00000000,0.00,0,0,0.55,-0.280,0.2450,0.8820,1.7640,1.9874,0.596008,0.104309,-0.052979,0.794434,7.756,73.8,-1
1782768035.801,2065,467846,0,0.00000000,0.00000000,0.00,0,0,0.57,0.211,0.0490,0.4410,1.6170,1.6768,0.596008,0.104370,-0.052979,0.794434,7.750,78.8,-1
1782768035.988,2066,468071,0,0.00000000,0.00000000,0.00,0,0,0.48,-0.332,1.3720,-0.3430,3.5280,3.8009,0.596008,0.104370,-0.052979,0.794434,7.759,75.0,-1
1782768036.236,2067,468289,0,0.00000000,0.00000000,0.00,0,0,0.61,0.325,0.0490,0.6370,1.0290,1.2112,0.596008,0.104370,-0.052979,0.794434,7.758,70.0,-1
1782768036.483,2068,468533,0,0.00000000,0.00000000,0.00,0,0,0.55,-0.157,0.1470,0.4410,2.2050,2.2535,0.596008,0.104370,-0.052979,0.794434,7.754,71.2,-1
1782768036.669,2069,468760,0,0.00000000,0.00000000,0.00,0,0,0.57,0.402,0.0980,0.3920,1.2250,1.2899,0.602417,0.104431,-0.053589,0.789490,7.751,75.0,-1
1782768036.919,2070,468981,0,0.00000000,0.00000000,0.00,0,0,0.40,-0.829,-0.2940,0.5880,0.6370,0.9154,0.607788,0.025024,0.038086,0.792786,7.747,77.5,-1
1782768037.106,2071,469200,0,0.00000000,0.00000000,0.00,0,0,0.17,-1.253,0.2940,0.0000,2.0090,2.0304,0.608154,-0.014832,0.089722,0.788635,7.750,77.5,-1
1782768037.354,2072,469420,0,0.00000000,0.00000000,0.00,0,0,0.14,-0.341,0.6860,0.9310,1.5190,1.9091,0.602539,-0.074219,0.151245,0.780090,7.746,76.2,-1
1782768037.542,2073,469633,0,0.00000000,0.00000000,0.00,0,0,0.08,-0.544,0.0490,0.0490,0.8820,0.8847,0.598450,-0.100647,0.180359,0.774048,7.747,76.2,-1
1782768037.792,2074,469857,0,0.00000000,0.00000000,0.00,0,0,0.08,-0.175,0.1470,0.4900,1.6660,1.7428,0.592285,-0.150574,0.219238,0.760559,7.751,75.0,-1
1782768038.039,2075,470083,0,0.00000000,0.00000000,0.00,0,0,0.02,-0.461,-0.4410,0.7350,0.8330,1.1952,0.588013,-0.199341,0.249756,0.743042,7.750,76.2,-1
1782768038.226,2076,470305,0,0.00000000,0.00000000,0.00,0,0,-0.01,-0.167,-0.4410,0.7840,1.0780,1.4040,0.586426,-0.205261,0.246399,0.743774,7.750,73.8,-1
1782768038.415,2077,470517,0,0.00000000,0.00000000,0.00,0,0,0.00,0.520,-0.6370,1.3720,1.5680,2.1787,0.586426,-0.205261,0.246399,0.743774,7.749,75.0,-1
1782768038.664,2078,470742,0,0.00000000,0.00000000,0.00,0,0,-0.01,0.113,-0.4900,0.1960,0.8330,0.9861,0.579285,-0.253784,0.276855,0.723450,7.749,75.0,-1
1782768038.913,2079,470967,0,0.00000000,0.00000000,0.00,0,0,0.20,1.069,-0.5390,0.4900,1.4210,1.5968,0.577637,-0.261230,0.286377,0.718384,7.749,75.0,-1
1782768039.100,2080,471185,0,0.00000000,0.00000000,0.00,0,0,0.21,0.403,-0.3920,0.9800,1.0780,1.5087,0.576782,-0.261658,0.285217,0.719360,7.750,76.2,-1
1782768039.350,2081,471407,0,0.00000000,0.00000000,0.00,0,0,0.16,0.016,-0.0980,0.5390,2.2050,2.2720,0.575623,-0.264465,0.286926,0.718567,7.753,72.5,-1
1782768039.538,2082,471621,0,0.00000000,0.00000000,0.00,0,0,0.18,0.107,-0.4410,0.5390,1.1760,1.3667,0.577393,-0.259460,0.284363,0.719971,7.749,76.2,-1
1782768039.788,2083,471847,0,0.00000000,0.00000000,0.00,0,0,0.19,0.026,-0.4410,0.5390,1.1760,1.3667,0.576294,-0.261047,0.287109,0.719238,7.751,68.8,-1
1782768039.975,2084,472070,0,0.00000000,0.00000000,0.00,0,0,0.08,-0.497,-0.8820,1.0780,1.7150,2.2094,0.578003,-0.257507,0.284241,0.720276,7.755,73.8,-1
1782768040.223,2085,472299,0,0.00000000,0.00000000,0.00,0,0,0.09,-0.089,-1.0780,1.4700,0.9800,2.0696,0.581787,-0.245605,0.270752,0.726624,7.749,77.5,-1
1782768040.411,2086,472513,0,0.00000000,0.00000000,0.00,0,0,0.17,0.607,-0.2450,0.3920,1.3720,1.4478,0.600220,-0.166992,0.197327,0.756897,7.754,73.8,-1
1782768040.659,2087,472735,0,0.00000000,0.00000000,0.00,0,0,0.13,-0.246,0.2940,1.3720,2.0090,2.4505,0.620605,-0.052734,0.071594,0.779053,7.753,75.0,-1
1782768040.907,2088,472962,0,0.00000000,0.00000000,0.00,0,0,0.08,0.089,-0.3430,1.6660,0.2940,1.7262,0.623535,0.048279,-0.024536,0.779907,7.749,75.0,-1
1782768041.097,2089,473183,0,0.00000000,0.00000000,0.00,0,0,0.04,-0.304,0.6860,0.5390,1.1270,1.4252,0.609741,0.150513,-0.119080,0.768982,7.750,73.8,-1
1782768041.346,2090,473403,0,0.00000000,0.00000000,0.00,0,0,0.14,0.215,0.3430,0.8820,1.4700,1.7483,0.603210,0.186829,-0.152039,0.760376,7.751,75.0,-1
1782768041.532,2091,473623,0,0.00000000,0.00000000,0.00,0,0,0.18,0.413,1.3720,-0.3920,1.4210,2.0138,0.598450,0.214722,-0.161560,0.754761,7.750,72.5,-1
1782768041.781,2092,473845,0,0.00000000,0.00000000,0.00,0,0,0.16,0.348,0.8820,0.0980,0.9800,1.3221,0.597229,0.223877,-0.164062,0.752563,7.749,73.8,-1
1782768042.031,2093,474072,0,0.00000000,0.00000000,0.00,0,0,0.16,-0.313,0.4410,1.2250,1.2250,1.7877,0.596741,0.241150,-0.171448,0.745911,7.755,68.8,-1
1782768042.218,2094,474295,0,0.00000000,0.00000000,0.00,0,0,0.21,0.417,0.9800,0.1960,1.7150,1.9850,0.602539,0.215515,-0.159790,0.751648,7.756,70.0,-1
1782768042.407,2095,474509,0,0.00000000,0.00000000,0.00,0,0,0.34,0.453,0.3920,0.8330,2.2050,2.3895,0.611877,0.155273,-0.116638,0.766724,7.751,75.0,-1
1782768042.657,2096,474735,0,0.00000000,0.00000000,0.00,0,0,0.25,-0.412,-0.3430,0.3430,2.3520,2.4015,0.621643,-0.035095,0.031006,0.781921,7.758,68.8,-1
1782768042.905,2097,474953,0,0.00000000,0.00000000,0.00,0,0,0.21,-0.170,-0.3430,0.4900,1.7150,1.8163,0.616943,-0.160828,0.161743,0.753235,7.751,71.2,-1
1782768043.091,2098,475174,0,0.00000000,0.00000000,0.00,0,0,0.13,-0.647,0.0980,0.2450,1.1270,1.1575,0.617615,-0.153015,0.144531,0.757812,7.751,68.8,-1
1782768043.340,2099,475393,0,0.00000000,0.00000000,0.00,0,0,0.09,-1.014,-0.3430,0.5880,1.2250,1.4014,0.616089,-0.030945,0.024536,0.786682,7.754,70.0,-1
1782768043.525,2100,475608,0,0.00000000,0.00000000,0.00,0,0,0.27,0.508,0.0000,1.1270,1.0290,1.5261,0.611877,0.067932,-0.057983,0.785889,7.747,73.8,-1
1782768043.776,2101,475828,0,0.00000000,0.00000000,0.00,0,0,0.19,-0.103,0.6860,0.3430,1.2740,1.4871,0.596680,0.185608,-0.141479,0.767761,7.750,70.0,-1
1782768043.964,2102,476046,0,0.00000000,0.00000000,0.00,0,0,0.24,0.261,0.8820,0.2940,0.8820,1.2815,0.594971,0.206543,-0.147278,0.762695,7.750,71.2,-1
1782768044.210,2103,476269,0,0.00000000,0.00000000,0.00,0,0,0.26,0.249,-1.7640,1.7150,-0.2940,2.4778,0.600586,0.133484,-0.094604,0.782654,7.751,72.5,-1
1782768044.461,2104,476518,0,0.00000000,0.00000000,0.00,0,0,0.11,-0.684,-0.2940,0.4410,1.4700,1.5626,0.613770,-0.050598,0.046692,0.786499,7.750,70.0,-1
1782768044.648,2105,476737,0,0.00000000,0.00000000,0.00,0,0,0.13,-0.023,0.1960,0.3920,1.1270,1.2092,0.601685,-0.189209,0.180054,0.754822,7.751,71.2,-1
1782768044.898,2106,476956,0,0.00000000,0.00000000,0.00,0,0,0.17,0.298,-0.1470,0.5390,1.0780,1.2142,0.599609,-0.196472,0.192322,0.751587,7.751,72.5,-1
1782768045.087,2107,477181,0,0.00000000,0.00000000,0.00,0,0,0.09,-0.577,0.5880,2.2050,2.6460,3.4942,0.618042,-0.046997,0.063477,0.782166,7.751,73.8,-1
1782768045.337,2108,477398,0,0.00000000,0.00000000,0.00,0,0,0.17,0.225,0.4410,1.0290,2.0090,2.2999,0.611206,0.018982,0.046082,0.789917,7.750,73.8,-1
1782768045.529,2109,477612,0,0.00000000,0.00000000,0.00,0,0,0.23,0.278,0.2940,0.8330,1.3720,1.6318,0.610352,0.026367,0.026367,0.791260,7.751,73.8,-1
1782768045.779,2110,477830,0,0.00000000,0.00000000,0.00,0,0,0.14,0.052,-0.1960,1.3720,1.6170,2.1297,0.606140,0.081116,-0.027344,0.790771,7.754,78.8,-1
1782768045.967,2111,478055,0,0.00000000,0.00000000,0.00,0,0,0.22,0.383,-0.5390,0.9800,0.9800,1.4871,0.608276,0.022339,0.014832,0.793274,7.754,75.0,-1
1782768046.218,2112,478281,0,0.00000000,0.00000000,0.00,0,0,0.27,0.389,0.0980,0.7840,2.2050,2.3423,0.613953,0.010437,0.043579,0.788086,7.750,76.2,-1
1782768046.468,2113,478525,0,0.00000000,0.00000000,0.00,0,0,0.24,-0.022,0.2940,0.8820,1.7150,1.9508,0.606262,-0.005188,0.040710,0.794189,7.753,67.5,-1
1782768046.657,2114,478750,0,0.00000000,0.00000000,0.00,0,0,0.17,-0.377,0.0980,0.3430,1.3230,1.3702,0.609863,0.012024,0.018799,0.792175,7.750,77.5,-1
1782768046.909,2115,478973,0,0.00000000,0.00000000,0.00,0,0,0.33,0.445,0.0490,0.6860,1.8620,1.9850,0.610413,0.037354,-0.023132,0.790833,7.747,83.8,-1
1782768047.097,2116,479192,0,0.00000000,0.00000000,0.00,0,0,0.27,-0.114,0.4410,0.4900,1.9110,2.0215,0.606506,0.037109,-0.039551,0.793213,7.750,78.8,-1
1782768047.347,2117,479412,0,0.00000000,0.00000000,0.00,0,0,0.23,-0.767,0.0980,0.5390,2.0090,2.0824,0.605652,0.043030,-0.033020,0.793884,7.751,78.8,-1
1782768047.551,2118,479629,0,0.00000000,0.00000000,0.00,0,0,0.09,-0.798,0.3430,0.5390,1.3230,1.4692,0.606628,0.044678,-0.026428,0.793335,7.758,72.5,-1
1782768047.800,2119,479853,0,0.00000000,0.00000000,0.00,0,0,0.05,-0.689,0.2450,0.5390,1.1270,1.2731,0.621155,0.058594,-0.032104,0.780823,7.750,81.2,-1
1782768047.988,2120,480077,0,0.00000000,0.00000000,0.00,0,0,0.06,0.081,-0.3430,0.9800,1.2740,1.6435,0.630615,0.029724,-0.011841,0.775452,7.745,76.2,-1
1782768048.237,2121,480298,0,0.00000000,0.00000000,0.00,0,0,0.04,0.188,0.2940,0.8820,2.3520,2.5291,0.628845,0.016418,0.006897,0.777344,7.750,76.2,-1
1782768048.423,2122,480521,0,0.00000000,0.00000000,0.00,0,0,0.08,0.152,0.0980,0.3430,1.9600,1.9922,0.631958,0.023132,0.002625,0.774658,7.753,72.5,-1
1782768048.674,2123,480746,0,0.00000000,0.00000000,0.00,0,0,0.07,-0.094,0.0980,0.5880,0.6860,0.9088,0.636353,0.036926,0.006653,0.770508,7.751,73.8,-1
1782768048.926,2124,480969,0,0.00000000,0.00000000,0.00,0,0,0.22,0.915,0.4900,0.4900,1.7640,1.8952,0.638184,0.061646,-0.025391,0.766968,7.751,75.0,-1
1782768049.113,2125,481188,0,0.00000000,0.00000000,0.00,0,0,0.03,-0.479,0.5390,0.5880,1.6170,1.8030,0.634705,0.097595,-0.055725,0.764526,7.751,73.8,-1
1782768049.364,2126,481406,0,0.00000000,0.00000000,0.00,0,0,0.07,0.085,0.2450,0.8330,1.7640,1.9661,0.635498,0.100220,-0.056519,0.763489,7.754,75.0,-1
1782768049.550,2127,481625,0,0.00000000,0.00000000,0.00,0,0,0.07,-0.057,0.3430,1.0780,1.9110,2.2207,0.635498,0.099609,-0.056702,0.763550,7.754,76.2,-1
1782768049.798,2128,481851,0,0.00000000,0.00000000,0.00,0,0,0.12,0.428,0.0490,0.6860,1.7150,1.8478,0.635254,0.090210,-0.048584,0.765503,7.756,73.8,-1
1782768049.984,2129,482069,0,0.00000000,0.00000000,0.00,0,0,-0.10,-0.712,-0.0490,0.1960,2.2540,2.2630,0.640747,0.038574,0.010925,0.766663,7.750,76.2,-1
1782768050.233,2130,482293,0,0.00000000,0.00000000,0.00,0,0,-0.18,-0.418,0.7840,0.3920,2.4010,2.5560,0.641113,0.090210,-0.069824,0.758911,7.747,71.2,-1
1782768050.421,2131,482507,0,0.00000000,0.00000000,0.00,0,0,-0.04,0.506,0.1470,0.4900,1.9110,1.9783,0.648560,0.005066,0.012573,0.761047,7.751,75.0,-1
1782768050.671,2132,482734,0,0.00000000,0.00000000,0.00,0,0,-0.18,0.016,-0.6370,2.3030,0.5880,2.4608,0.646973,-0.004944,0.016479,0.762329,7.756,65.0,-1
1782768050.858,2133,482960,0,0.00000000,0.00000000,0.00,0,0,-0.20,0.340,0.1960,1.4210,1.3720,1.9850,0.636597,0.053162,-0.007568,0.769287,7.754,81.2,-1
1782768051.108,2134,483187,0,0.00000000,0.00000000,0.00,0,0,-0.08,0.829,0.1960,0.8330,1.4210,1.6588,0.634888,0.055542,-0.024719,0.770203,7.755,77.5,-1
1782768051.357,2135,483413,0,0.00000000,0.00000000,0.00,0,0,-0.30,-0.499,0.7350,0.2940,1.4210,1.6266,0.625183,-0.051758,0.118958,0.769653,7.760,70.0,-1
1782768051.545,2136,483629,0,0.00000000,0.00000000,0.00,0,0,-0.33,-0.041,0.0000,0.3430,0.8820,0.9463,0.629578,0.022888,0.065125,0.773865,7.756,76.2,-1
1782768051.791,2137,483855,0,0.00000000,0.00000000,0.00,0,0,-0.39,-0.056,-0.4900,1.8620,0.1960,1.9353,0.620972,-0.055847,0.233643,0.746155,7.760,73.8,-1
1782768051.979,2138,484074,0,0.00000000,0.00000000,0.00,0,0,-0.35,0.120,-0.0490,0.6370,1.8620,1.9686,0.631958,-0.044006,0.174683,0.753784,7.753,76.2,-1
1782768052.230,2139,484297,0,0.00000000,0.00000000,0.00,0,0,-0.41,-0.380,-0.0490,0.4900,0.9800,1.0968,0.612000,-0.043701,0.223267,0.757385,7.755,76.2,-1
1782768052.417,2140,484517,0,0.00000000,0.00000000,0.00,0,0,-0.41,-0.086,0.0000,0.5880,1.5190,1.6288,0.616821,0.033203,0.116699,0.777710,7.756,73.8,-1
1782768052.666,2141,484738,0,0.00000000,0.00000000,0.00,0,0,-0.26,0.437,0.1470,0.9310,1.8620,2.0870,0.633545,-0.000793,0.188782,0.750366,7.760,70.0,-1
1782768052.853,2142,484955,0,0.00000000,0.00000000,0.00,0,0,-0.20,0.076,-0.3920,0.7350,0.5390,0.9922,0.628235,0.040710,0.101379,0.770325,7.758,75.0,-1
1782768053.107,2143,485176,0,0.00000000,0.00000000,0.00,0,0,-0.24,0.107,0.2940,0.8330,1.5190,1.7572,0.615845,0.027710,0.150696,0.772827,7.756,75.0,-1
1782768053.297,2144,485396,0,0.00000000,0.00000000,0.00,0,0,-0.13,0.730,-0.3920,0.8330,0.3430,0.9824,0.622253,-0.010864,0.089539,0.777588,7.758,73.8,-1
1782768053.548,2145,485611,0,0.00000000,0.00000000,0.00,0,0,-0.14,0.244,0.9800,0.2450,1.8130,2.0754,0.630615,-0.021545,0.015869,0.775635,7.759,73.8,-1
1782768053.736,2146,485834,0,0.00000000,0.00000000,0.00,0,0,-0.13,0.045,0.0980,1.2250,2.0090,2.3551,0.640625,0.011475,0.082520,0.763306,7.756,70.0,-1
1782768053.987,2147,486057,0,0.00000000,0.00000000,0.00,0,0,0.02,0.584,-0.7350,1.4210,0.1470,1.6066,0.635254,-0.098022,0.089783,0.760742,7.761,73.8,-1
1782768054.237,2148,486282,0,0.00000000,0.00000000,0.00,0,0,-0.01,-0.050,0.9800,0.2450,1.7640,2.0328,0.664307,-0.041931,0.029114,0.745728,7.761,72.5,-1
1782768054.423,2149,486522,0,0.00000000,0.00000000,0.00,0,0,0.05,0.510,-0.1470,0.7840,1.7150,1.8914,0.616699,-0.089111,0.117310,0.773315,7.767,68.8,-1
1782768054.672,2150,486722,0,0.00000000,0.00000000,0.00,0,0,-0.08,-0.099,-0.3920,2.1070,1.3230,2.5186,0.636414,-0.082275,0.114441,0.758362,7.756,68.8,-1
1782768054.857,2151,486941,0,0.00000000,0.00000000,0.00,0,0,0.21,1.337,0.2450,0.5390,2.9890,3.0471,0.634277,0.054565,-0.023010,0.770813,7.764,77.5,-1
1782768055.108,2152,487161,0,0.00000000,0.00000000,0.00,0,0,0.12,0.242,0.4410,0.3430,1.1760,1.3020,0.643188,-0.086060,0.103455,0.753784,7.759,80.0,-1
1782768055.295,2153,487384,0,0.00000000,0.00000000,0.00,0,0,0.20,0.575,-0.2450,0.6860,1.6660,1.8183,0.638916,-0.107178,0.141663,0.748474,7.758,75.0,-1
1782768055.548,2154,487598,0,0.00000000,0.00000000,0.00,0,0,0.12,-0.145,0.1960,0.5880,1.8130,1.9160,0.638062,0.049438,0.007385,0.768372,7.764,72.5,-1
1782768055.734,2155,487821,0,0.00000000,0.00000000,0.00,0,0,0.11,0.207,-0.3430,1.2740,0.9800,1.6435,0.639954,-0.036438,0.078857,0.763489,7.758,75.0,-1
1782768055.984,2156,488045,0,0.00000000,0.00000000,0.00,0,0,0.11,0.048,0.0000,0.6370,1.6660,1.7836,0.634888,-0.049561,0.099792,0.764526,7.760,71.2,-1
1782768056.172,2157,488263,0,0.00000000,0.00000000,0.00,0,0,0.01,-0.317,-0.0490,0.5880,1.1270,1.2721,0.639343,0.015320,0.056763,0.766663,7.760,73.8,-1
1782768056.421,2158,488510,0,0.00000000,0.00000000,0.00,0,0,0.12,0.074,-0.1470,0.5390,1.1760,1.3020,0.639648,-0.079773,0.123169,0.754517,7.760,71.2,-1
1782768056.670,2159,488734,0,0.00000000,0.00000000,0.00,0,0,0.13,0.229,-0.0490,0.5390,1.5680,1.6588,0.634644,-0.077637,0.119751,0.759521,7.761,73.8,-1
1782768056.857,2160,488959,0,0.00000000,0.00000000,0.00,0,0,0.03,-0.553,0.0980,0.5390,1.2740,1.3868,0.637024,-0.099182,0.147522,0.750061,7.760,73.8,-1
1782768057.108,2161,489159,0,0.00000000,0.00000000,0.00,0,0,0.02,-0.332,0.1470,0.0980,2.1560,2.1632,0.636780,0.004700,0.055481,0.769043,7.761,75.0,-1
1782768057.298,2162,489386,0,0.00000000,0.00000000,0.00,0,0,0.08,0.188,-0.0980,0.6370,0.2450,0.6895,0.637756,-0.044922,0.068542,0.765869,7.758,73.8,-1
1782768057.548,2163,489598,0,0.00000000,0.00000000,0.00,0,0,0.07,0.228,-0.3430,0.5880,0.7350,1.0018,0.632446,-0.005432,0.043823,0.773376,7.760,72.5,-1
1782768057.733,2164,489819,0,0.00000000,0.00000000,0.00,0,0,0.04,-0.101,0.6860,-0.7840,1.2740,1.6457,0.644714,-0.096069,0.000549,0.758362,7.764,76.2,-1
1782768057.983,2165,490038,0,0.00000000,0.00000000,0.00,0,0,0.12,0.419,-0.4410,1.2740,0.1470,1.3562,0.649902,-0.049072,-0.055542,0.756409,7.758,73.8,-1
1782768058.172,2166,490261,0,0.00000000,0.00000000,0.00,0,0,0.11,-0.116,0.4900,0.8330,1.9600,2.1853,0.658691,0.020081,0.093445,0.746277,7.759,77.5,-1
1782768058.419,2167,490481,0,0.00000000,0.00000000,0.00,0,0,0.01,-0.314,0.1960,0.1960,1.7640,1.7856,0.670471,-0.086670,-0.005676,0.736816,7.753,82.5,-1
1782768058.603,2168,490698,0,0.00000000,0.00000000,0.00,0,0,0.07,0.402,0.0490,0.9310,1.8620,2.0824,0.690674,-0.033630,-0.028687,0.721802,7.759,80.0,-1
1782768058.852,2169,490918,0,0.00000000,0.00000000,0.00,0,0,0.04,0.011,0.6860,0.0490,1.4210,1.5787,0.669495,0.024048,0.122070,0.732361,7.761,75.0,-1
1782768059.102,2170,491143,0,0.00000000,0.00000000,0.00,0,0,0.13,0.698,0.6370,0.1960,2.3030,2.3975,0.676208,-0.020081,-0.081421,0.731934,7.760,72.5,-1
1782768059.291,2171,491365,0,0.00000000,0.00000000,0.00,0,0,0.24,0.718,-0.6860,0.7350,0.9310,1.3702,0.665833,-0.140198,0.098633,0.726135,7.764,77.5,-1
1782768059.540,2172,491584,0,0.00000000,0.00000000,0.00,0,0,0.25,0.347,0.2450,0.9800,1.8130,2.0754,0.667847,-0.023743,0.008423,0.743835,7.759,73.8,-1
1782768059.727,2173,491802,0,0.00000000,0.00000000,0.00,0,0,0.18,-0.121,-1.1270,1.2250,1.0290,1.9569,0.650208,-0.156067,0.150818,0.728088,7.759,76.2,-1
1782768059.976,2174,492021,0,0.00000000,0.00000000,0.00,0,0,0.28,0.127,-0.0980,0.2450,1.4700,1.4935,0.647339,0.062561,-0.049194,0.758057,7.756,76.2,-1
1782768060.165,2175,492245,0,0.00000000,0.00000000,0.00,0,0,0.14,-0.206,0.2940,1.4700,0.1470,1.5063,0.645874,-0.155457,0.131409,0.735840,7.760,76.2,-1
1782768060.414,2176,492466,0,0.00000000,0.00000000,0.00,0,0,0.13,0.052,-0.5390,0.7350,2.1070,2.2957,0.641602,-0.013000,0.013428,0.766785,7.764,76.2,-1
1782768060.602,2177,492687,0,0.00000000,0.00000000,0.00,0,0,0.09,0.083,0.3430,0.9800,1.5680,1.8806,0.637939,-0.031555,0.029114,0.768921,7.764,72.5,-1
1782768060.852,2178,492913,0,0.00000000,0.00000000,0.00,0,0,0.20,0.525,1.1270,0.3430,2.5480,2.8071,0.636536,-0.047913,0.033447,0.769043,7.764,70.0,-1
1782768061.039,2179,493135,0,0.00000000,0.00000000,0.00,0,0,0.26,0.590,-0.1470,0.8330,1.2250,1.4887,0.640381,0.020447,-0.004700,0.767761,7.762,72.5,-1
1782768061.287,2180,493355,0,0.00000000,0.00000000,0.00,0,0,0.06,-0.600,-0.0980,0.5880,0.5390,0.8037,0.635254,0.067932,-0.030396,0.768738,7.762,71.2,-1
1782768061.475,2181,493569,0,0.00000000,0.00000000,0.00,0,0,0.07,-0.212,-0.0980,0.4900,2.0090,2.0702,0.632324,0.086914,-0.049805,0.768188,7.762,72.5,-1
1782768061.724,2182,493787,0,0.00000000,0.00000000,0.00,0,0,0.10,0.054,0.0980,0.3920,1.1760,1.2435,0.630859,0.091675,-0.058289,0.768250,7.759,73.8,-1
1782768061.912,2183,494010,0,0.00000000,0.00000000,0.00,0,0,0.16,0.420,0.1960,0.7840,2.3030,2.4407,0.629761,0.095886,-0.057495,0.768677,7.762,75.0,-1
1782768062.163,2184,494228,0,0.00000000,0.00000000,0.00,0,0,0.21,0.038,0.2450,1.5680,1.5680,2.2310,0.629883,0.095947,-0.058533,0.768494,7.755,75.0,-1
1782768062.349,2185,494450,0,0.00000000,0.00000000,0.00,0,0,0.20,-0.318,0.0980,0.6370,1.2250,1.3842,0.625122,0.097839,-0.057373,0.772217,7.761,70.0,-1
1782768062.599,2186,494669,0,0.00000000,0.00000000,0.00,0,0,0.25,0.295,0.4900,0.4410,0.7840,1.0243,0.625183,0.097839,-0.057312,0.772217,7.758,76.2,-1
1782768062.849,2187,494890,0,0.00000000,0.00000000,0.00,0,0,0.34,0.437,0.3920,0.7350,1.5680,1.7755,0.625183,0.097961,-0.057312,0.772156,7.759,77.5,-1
1782768063.036,2188,495112,0,0.00000000,0.00000000,0.00,0,0,0.32,0.201,0.4900,0.6860,1.4700,1.6946,0.625183,0.098145,-0.057434,0.772156,7.759,75.0,-1
1782768063.285,2189,495334,0,0.00000000,0.00000000,0.00,0,0,0.39,0.389,0.8330,-1.0290,1.8620,2.2847,0.625122,0.098328,-0.057495,0.772156,7.759,73.8,-1
1782768063.470,2190,495553,0,0.00000000,0.00000000,0.00,0,0,0.38,0.216,0.0980,0.6370,1.5190,1.6501,0.625122,0.098206,-0.057617,0.772156,7.758,76.2,-1
1782768063.720,2191,495778,0,0.00000000,0.00000000,0.00,0,0,0.29,-0.165,0.1470,0.8330,1.3720,1.6118,0.625061,0.098328,-0.057739,0.772217,7.758,76.2,-1
1782768063.905,2192,496005,0,0.00000000,0.00000000,0.00,0,0,0.36,0.377,0.3920,0.6370,1.5680,1.7373,0.625061,0.098389,-0.057800,0.772156,7.759,76.2,-1
1782768064.157,2193,496231,0,0.00000000,0.00000000,0.00,0,0,0.43,0.142,0.1470,0.7350,1.7150,1.8716,0.625061,0.098450,-0.057800,0.772156,7.758,80.0,-1
1782768064.404,2194,496455,0,0.00000000,0.00000000,0.00,0,0,0.47,0.225,0.3430,0.1960,2.2050,2.2401,0.625061,0.098511,-0.057739,0.772156,7.760,73.8,-1
1782768064.592,2195,496669,0,0.00000000,0.00000000,0.00,0,0,0.37,-0.414,0.3920,0.1470,1.9600,2.0042,0.625061,0.098511,-0.057739,0.772156,7.759,73.8,-1
1782768064.841,2196,496892,0,0.00000000,0.00000000,0.00,0,0,0.30,-0.331,1.4210,-0.3430,3.1850,3.5044,0.625122,0.098511,-0.057678,0.772156,7.762,72.5,-1
1782768065.028,2197,497117,0,0.00000000,0.00000000,0.00,0,0,0.31,0.123,0.1470,0.4900,0.8820,1.0196,0.625122,0.098511,-0.057617,0.772156,7.760,71.2,-1
1782768065.277,2198,497337,0,0.00000000,0.00000000,0.00,0,0,0.49,0.694,0.4410,0.0490,1.8620,1.9141,0.625122,0.098572,-0.057556,0.772156,7.760,70.0,-1
1782768065.462,2199,497550,0,0.00000000,0.00000000,0.00,0,0,0.42,-0.024,0.0000,0.2940,1.0780,1.1174,0.625122,0.098572,-0.057556,0.772156,7.761,73.8,-1
1782768065.712,2200,497779,0,0.00000000,0.00000000,0.00,0,0,0.35,-0.125,-0.1470,1.0780,0.1960,1.1055,0.625122,0.098572,-0.057556,0.772156,7.759,76.2,-1
1782768065.899,2201,498000,0,0.00000000,0.00000000,0.00,0,0,0.28,-0.449,0.3430,0.4410,1.3230,1.4361,0.625122,0.098572,-0.057495,0.772156,7.758,76.2,-1
1782768066.149,2202,498229,0,0.00000000,0.00000000,0.00,0,0,0.39,0.162,0.4410,0.7840,1.1270,1.4420,0.625122,0.098633,-0.057556,0.772156,7.759,73.8,-1
1782768066.400,2203,498452,0,0.00000000,0.00000000,0.00,0,0,0.39,0.150,0.2940,0.5390,1.8620,1.9606,0.625122,0.098633,-0.057556,0.772156,7.759,73.8,-1
1782768066.587,2204,498670,0,0.00000000,0.00000000,0.00,0,0,0.35,0.011,0.1470,0.3430,1.6660,1.7073,0.625122,0.098694,-0.057556,0.772156,7.758,76.2,-1
1782768066.837,2205,498887,0,0.00000000,0.00000000,0.00,0,0,0.44,0.486,0.4900,0.6370,1.6170,1.8057,0.625122,0.098694,-0.057495,0.772156,7.761,71.2,-1
1782768067.021,2206,499111,0,0.00000000,0.00000000,0.00,0,0,0.39,-0.196,0.1960,0.3920,1.4210,1.4871,0.625122,0.098633,-0.057495,0.772156,7.760,72.5,-1
1782768067.270,2207,499329,0,0.00000000,0.00000000,0.00,0,0,0.38,-0.169,0.4410,0.6860,1.8130,1.9880,0.625122,0.098572,-0.057556,0.772156,7.758,78.8,-1
1782768067.457,2208,499542,0,0.00000000,0.00000000,0.00,0,0,0.52,0.306,-0.0980,0.9800,0.7840,1.2588,0.625122,0.098572,-0.057495,0.772156,7.759,78.8,-1
1782768067.707,2209,499761,0,0.00000000,0.00000000,0.00,0,0,0.52,0.276,0.1960,0.4410,1.2250,1.3166,0.625122,0.098572,-0.057556,0.772156,7.755,76.2,-1
1782768067.893,2210,499981,0,0.00000000,0.00000000,0.00,0,0,0.50,0.120,0.5880,0.6860,1.0290,1.3694,0.625122,0.098511,-0.057556,0.772156,7.760,82.5,-1
1782768068.144,2211,500203,0,0.00000000,0.00000000,0.00,0,0,0.41,-0.192,0.2940,0.8820,1.3230,1.6170,0.625122,0.098511,-0.057556,0.772156,7.760,73.8,-1
1782768068.331,2212,500424,0,0.00000000,0.00000000,0.00,0,0,0.37,-0.439,-0.0490,0.2940,1.2740,1.3084,0.625122,0.098572,-0.057495,0.772156,7.758,77.5,-1
1782768068.579,2213,500636,0,0.00000000,0.00000000,0.00,0,0,0.40,-0.086,0.1470,0.6860,0.9310,1.1657,0.625122,0.098572,-0.057495,0.772156,7.765,68.8,-1
1782768068.765,2214,500863,0,0.00000000,0.00000000,0.00,0,0,0.47,0.246,0.5390,0.1960,1.4210,1.5324,0.625122,0.098572,-0.057495,0.772156,7.758,76.2,-1
1782768069.017,2215,501083,0,0.00000000,0.00000000,0.00,0,0,0.64,1.005,0.7350,1.1760,2.1560,2.5635,0.625122,0.098633,-0.057495,0.772156,7.756,78.8,-1
1782768069.204,2216,501303,0,0.00000000,0.00000000,0.00,0,0,0.59,0.113,0.1960,0.9800,1.4210,1.7373,0.625122,0.098694,-0.057495,0.772156,7.760,81.2,-1
1782768069.454,2217,501520,0,0.00000000,0.00000000,0.00,0,0,0.47,-1.007,0.2450,0.6370,1.3230,1.4887,0.625122,0.098694,-0.057495,0.772156,7.760,75.0,-1
1782768069.703,2218,501745,0,0.00000000,0.00000000,0.00,0,0,0.41,-0.031,-0.0980,0.3920,1.2250,1.2899,0.625122,0.098694,-0.057495,0.772156,7.758,80.0,-1
1782768069.889,2219,501967,0,0.00000000,0.00000000,0.00,0,0,0.34,-0.451,0.1470,1.1760,-0.0980,1.1892,0.625122,0.098755,-0.057556,0.772156,7.759,76.2,-1
1782768070.140,2220,502188,0,0.00000000,0.00000000,0.00,0,0,0.42,0.392,0.2450,0.7840,1.1760,1.4345,0.625122,0.098816,-0.057556,0.772095,7.761,76.2,-1
1782768070.328,2221,502407,0,0.00000000,0.00000000,0.00,0,0,0.52,0.301,0.1960,0.0490,1.4210,1.4353,0.625122,0.098816,-0.057556,0.772095,7.759,77.5,-1
1782768070.580,2222,502620,0,0.00000000,0.00000000,0.00,0,0,0.44,-0.180,0.1470,0.5880,0.5390,0.8111,0.625122,0.098877,-0.057617,0.772095,7.759,75.0,-1
1782768070.770,2223,502844,0,0.00000000,0.00000000,0.00,0,0,0.48,0.266,0.3430,0.3920,1.2250,1.3311,0.625122,0.098877,-0.057617,0.772095,7.759,73.8,-1
1782768071.018,2224,503070,0,0.00000000,0.00000000,0.00,0,0,0.43,-0.222,0.2940,0.7350,1.8130,1.9783,0.625122,0.098877,-0.057617,0.772095,7.760,76.2,-1
1782768071.207,2225,503291,0,0.00000000,0.00000000,0.00,0,0,0.48,-0.247,0.2940,-0.1470,1.6660,1.6981,0.625122,0.098877,-0.057617,0.772095,7.760,76.2,-1
1782768071.456,2226,503532,0,0.00000000,0.00000000,0.00,0,0,0.59,0.459,-0.8330,1.2250,0.3920,1.5324,0.625122,0.098877,-0.057617,0.772095,7.760,73.8,-1
1782768071.706,2227,503761,0,0.00000000,0.00000000,0.00,0,0,0.49,-0.065,0.2940,0.1470,1.6170,1.6501,0.625122,0.098877,-0.057617,0.772095,7.761,75.0,-1
1782768071.894,2228,503981,0,0.00000000,0.00000000,0.00,0,0,0.49,-0.097,0.4410,0.5880,1.5190,1.6875,0.625061,0.098877,-0.057678,0.772095,7.761,80.0,-1
1782768072.143,2229,504202,0,0.00000000,0.00000000,0.00,0,0,0.56,-0.052,0.2450,0.7350,1.2250,1.4494,0.625061,0.098877,-0.057678,0.772095,7.761,76.2,-1
1782768072.329,2230,504427,0,0.00000000,0.00000000,0.00,0,0,0.50,-0.329,0.0490,0.8330,1.7150,1.9072,0.625122,0.098816,-0.057617,0.772095,7.761,75.0,-1
1782768072.580,2231,504645,0,0.00000000,0.00000000,0.00,0,0,0.48,-0.463,0.6860,1.0290,1.4210,1.8838,0.625122,0.098755,-0.057556,0.772156,7.764,70.0,-1
1782768072.828,2232,504870,0,0.00000000,0.00000000,0.00,0,0,0.56,-0.065,0.9310,-0.3920,2.4500,2.6501,0.625122,0.098755,-0.057495,0.772156,7.760,77.5,-1
1782768073.014,2233,505096,0,0.00000000,0.00000000,0.00,0,0,0.39,-0.716,-0.1470,1.1760,0.5390,1.3020,0.625122,0.098694,-0.057495,0.772156,7.762,72.5,-1
1782768073.263,2234,505321,0,0.00000000,0.00000000,0.00,0,0,0.59,0.542,0.1960,1.3720,0.8820,1.6428,0.625122,0.098755,-0.057495,0.772156,7.760,76.2,-1
1782768073.450,2235,505537,0,0.00000000,0.00000000,0.00,0,0,0.58,0.237,0.6860,-0.0980,2.0090,2.1252,0.625122,0.098755,-0.057495,0.772156,7.760,72.5,-1
1782768073.698,2236,505764,0,0.00000000,0.00000000,0.00,0,0,0.46,-0.524,0.2450,1.0780,1.5680,1.9185,0.625122,0.098694,-0.057495,0.772156,7.759,77.5,-1
1782768073.884,2237,505984,0,0.00000000,0.00000000,0.00,0,0,0.52,0.244,0.0980,0.7840,1.4210,1.6259,0.625122,0.098694,-0.057434,0.772156,7.760,77.5,-1
1782768074.133,2238,506205,0,0.00000000,0.00000000,0.00,0,0,0.55,-0.120,0.5390,0.1960,1.3230,1.4420,0.625122,0.098694,-0.057434,0.772156,7.759,80.0,-1
1782768074.381,2239,506424,0,0.00000000,0.00000000,0.00,0,0,0.51,-0.091,0.2450,0.6370,1.5190,1.6653,0.625122,0.098694,-0.057434,0.772156,7.758,76.2,-1
1782768074.568,2240,506639,0,0.00000000,0.00000000,0.00,0,0,0.57,0.118,-0.5880,0.6370,0.1470,0.8793,0.625122,0.098755,-0.057495,0.772156,7.756,76.2,-1
1782768074.816,2241,506861,0,0.00000000,0.00000000,0.00,0,0,0.66,0.254,-0.1470,0.9800,1.0780,1.4643,0.625122,0.098755,-0.057495,0.772095,7.756,77.5,-1
1782768075.003,2242,507086,0,0.00000000,0.00000000,0.00,0,0,0.58,-0.003,0.5880,0.1960,1.8130,1.9160,0.625122,0.098816,-0.057556,0.772095,7.759,77.5,-1
1782768075.252,2243,507311,0,0.00000000,0.00000000,0.00,0,0,0.53,-0.257,0.4410,0.4410,1.0290,1.2032,0.625122,0.098877,-0.057556,0.772095,7.760,72.5,-1
1782768075.440,2244,507524,0,0.00000000,0.00000000,0.00,0,0,0.48,-0.448,0.2450,0.4410,1.4210,1.5079,0.625122,0.098877,-0.057556,0.772095,7.758,77.5,-1
1782768075.689,2245,507751,0,0.00000000,0.00000000,0.00,0,0,0.53,-0.157,0.2940,0.2940,1.3230,1.3868,0.625061,0.098816,-0.057678,0.772095,7.761,73.8,-1
1782768075.875,2246,507969,0,0.00000000,0.00000000,0.00,0,0,0.47,-0.459,0.4410,0.6860,1.4210,1.6384,0.625061,0.098816,-0.057678,0.772095,7.760,73.8,-1
1782768076.124,2247,508194,0,0.00000000,0.00000000,0.00,0,0,0.52,0.305,0.2450,0.1960,1.2740,1.3121,0.625061,0.098816,-0.057739,0.772095,7.762,73.8,-1
1782768076.373,2248,508423,0,0.00000000,0.00000000,0.00,0,0,0.59,0.196,0.3920,0.6370,1.5190,1.6932,0.625061,0.098816,-0.057739,0.772095,7.761,76.2,-1
1782768076.562,2249,508644,0,0.00000000,0.00000000,0.00,0,0,0.47,-0.447,0.2450,0.1960,1.0780,1.1227,0.625061,0.098877,-0.057739,0.772095,7.758,80.0,-1
1782768076.811,2250,508866,0,0.00000000,0.00000000,0.00,0,0,0.49,-0.064,0.5880,0.8820,2.1070,2.3586,0.625061,0.098877,-0.057739,0.772095,7.759,73.8,-1
1782768076.999,2251,509094,0,0.00000000,0.00000000,0.00,0,0,0.55,0.462,0.1470,1.0780,1.3720,1.7510,0.625061,0.098938,-0.057739,0.772095,7.761,73.8,-1
1782768077.249,2252,509311,0,0.00000000,0.00000000,0.00,0,0,0.55,0.030,0.4410,0.3920,2.0580,2.1409,0.625061,0.098938,-0.057739,0.772095,7.761,75.0,-1
1782768077.435,2253,509528,0,0.00000000,0.00000000,0.00,0,0,0.51,-0.113,0.0490,0.7840,1.5190,1.7101,0.625061,0.098938,-0.057739,0.772095,7.761,72.5,-1
1782768077.685,2254,509751,0,0.00000000,0.00000000,0.00,0,0,0.61,0.563,0.1960,0.7350,0.9310,1.2022,0.625061,0.098938,-0.057678,0.772095,7.761,73.8,-1
1782768077.934,2255,509975,0,0.00000000,0.00000000,0.00,0,0,0.64,0.252,0.1960,1.1760,2.0090,2.3361,0.625061,0.098999,-0.057617,0.772095,7.760,78.8,-1
1782768078.119,2256,510194,0,0.00000000,0.00000000,0.00,0,0,0.55,-0.190,0.4410,0.9310,1.6170,1.9173,0.625061,0.098999,-0.057617,0.772095,7.761,75.0,-1
1782768078.323,2257,510413,0,0.00000000,0.00000000,0.00,0,0,0.60,0.164,0.5880,0.8330,2.4010,2.6085,0.625061,0.098999,-0.057617,0.772095,7.761,73.8,-1
1782768078.573,2258,510629,0,0.00000000,0.00000000,0.00,0,0,0.59,-0.195,0.8330,-0.2450,2.9400,3.0655,0.625061,0.098999,-0.057617,0.772095,7.765,72.5,-1
1782768078.777,2259,510855,0,0.00000000,0.00000000,0.00,0,0,0.56,-0.027,-0.3430,1.2250,-0.7840,1.4943,0.625122,0.098938,-0.057617,0.772095,7.759,72.5,-1
1782768079.024,2260,511079,0,0.00000000,0.00000000,0.00,0,0,0.57,0.135,0.5880,1.0780,1.2740,1.7694,0.625122,0.098877,-0.057556,0.772095,7.761,68.8,-1
1782768079.212,2261,511306,0,0.00000000,0.00000000,0.00,0,0,0.56,0.087,0.0980,0.3430,0.7840,0.8613,0.625122,0.098755,-0.057556,0.772156,7.758,77.5,-1
1782768079.459,2262,511523,0,0.00000000,0.00000000,0.00,0,0,0.58,0.110,0.9800,0.4410,0.5880,1.2250,0.625122,0.098694,-0.057617,0.772156,7.762,71.2,-1
1782768079.710,2263,511751,0,0.00000000,0.00000000,0.00,0,0,0.54,-0.011,0.0000,0.4900,1.2250,1.3194,0.625122,0.098755,-0.057617,0.772156,7.764,72.5,-1
1782768079.897,2264,511977,0,0.00000000,0.00000000,0.00,0,0,0.48,-0.370,0.7840,0.6370,1.5680,1.8652,0.625061,0.098816,-0.057678,0.772095,7.756,78.8,-1
1782768080.148,2265,512199,0,0.00000000,0.00000000,0.00,0,0,0.52,-0.090,1.1760,0.5390,1.8620,2.2673,0.625061,0.098877,-0.057678,0.772095,7.761,73.8,-1
1782768080.338,2266,512419,0,0.00000000,0.00000000,0.00,0,0,0.62,0.406,0.5390,0.0490,2.5480,2.6048,0.625061,0.098877,-0.057678,0.772095,7.760,72.5,-1
1782768080.588,2267,512641,0,0.00000000,0.00000000,0.00,0,0,0.51,-0.380,-0.0980,0.9310,0.9800,1.3553,0.625061,0.098877,-0.057617,0.772095,7.760,71.2,-1
1782768080.776,2268,512861,0,0.00000000,0.00000000,0.00,0,0,0.44,-0.456,0.3430,0.5390,1.7640,1.8761,0.625122,0.098999,-0.057556,0.772095,7.760,71.2,-1
1782768081.027,2269,513082,0,0.00000000,0.00000000,0.00,0,0,0.52,-0.024,0.6370,0.6370,1.9600,2.1571,0.625122,0.098999,-0.057556,0.772095,7.760,71.2,-1
1782768081.213,2270,513302,0,0.00000000,0.00000000,0.00,0,0,0.58,0.443,0.1960,1.1760,1.0290,1.5749,0.625061,0.098938,-0.057617,0.772095,7.761,71.2,-1
1782768081.462,2271,513513,0,0.00000000,0.00000000,0.00,0,0,0.52,-0.003,0.8330,0.1960,1.5190,1.7435,0.625061,0.098938,-0.057617,0.772095,7.760,73.8,-1
1782768081.648,2272,513735,0,0.00000000,0.00000000,0.00,0,0,0.59,0.515,1.3230,0.0000,2.6950,3.0022,0.625061,0.098938,-0.057617,0.772095,7.761,72.5,-1
1782768081.899,2273,513953,0,0.00000000,0.00000000,0.00,0,0,0.60,-0.103,0.5880,0.8330,2.4010,2.6085,0.625061,0.098938,-0.057617,0.772095,7.758,76.2,-1
1782768082.085,2274,514175,0,0.00000000,0.00000000,0.00,0,0,0.55,0.023,0.2940,0.5880,0.7350,0.9861,0.625061,0.098938,-0.057617,0.772095,7.759,73.8,-1
1782768082.336,2275,514395,0,0.00000000,0.00000000,0.00,0,0,0.47,-0.627,1.0290,0.1470,2.9890,3.1646,0.625061,0.098938,-0.057617,0.772095,7.760,75.0,-1
1782768082.524,2276,514610,0,0.00000000,0.00000000,0.00,0,0,0.58,0.452,0.1960,0.8820,0.8330,1.2289,0.625061,0.098938,-0.057678,0.772095,7.762,67.5,-1
1782768082.772,2277,514835,0,0.00000000,0.00000000,0.00,0,0,0.52,-0.121,0.2940,0.2450,1.3720,1.4244,0.625061,0.098938,-0.057617,0.772095,7.756,81.2,-1
1782768082.961,2278,515055,0,0.00000000,0.00000000,0.00,0,0,0.46,-0.159,0.4410,0.1470,1.6170,1.6825,0.625061,0.098938,-0.057617,0.772095,7.758,81.2,-1
1782768083.211,2279,515278,0,0.00000000,0.00000000,0.00,0,0,0.49,-0.196,-0.1960,0.7350,-0.5390,0.9323,0.625061,0.098938,-0.057617,0.772095,7.761,76.2,-1
1782768083.460,2280,515520,0,0.00000000,0.00000000,0.00,0,0,0.53,0.150,0.4410,0.7840,2.2540,2.4269,0.625061,0.098938,-0.057617,0.772095,7.758,73.8,-1
1782768083.648,2281,515747,0,0.00000000,0.00000000,0.00,0,0,0.37,-0.713,0.4900,0.8820,1.1760,1.5495,0.625061,0.098938,-0.057617,0.772095,7.759,75.0,-1
1782768083.900,2282,515971,0,0.00000000,0.00000000,0.00,0,0,0.46,0.271,0.8330,0.5880,1.3720,1.7094,0.625122,0.099060,-0.057556,0.772095,7.762,75.0,-1
1782768084.148,2283,516199,0,0.00000000,0.00000000,0.00,0,0,0.61,0.607,0.2940,1.6170,1.0290,1.9391,0.625122,0.099060,-0.057495,0.772095,7.758,77.5,-1
1782768084.334,2284,516424,0,0.00000000,0.00000000,0.00,0,0,0.43,-0.587,0.5390,0.2450,1.5680,1.6761,0.625122,0.099060,-0.057556,0.772095,7.759,75.0,-1
1782768084.583,2285,516641,0,0.00000000,0.00000000,0.00,0,0,0.50,0.134,0.3920,0.2450,1.3720,1.4478,0.625061,0.099060,-0.057617,0.772095,7.759,73.8,-1
1782768084.771,2286,516862,0,0.00000000,0.00000000,0.00,0,0,0.51,0.085,-0.2450,1.1270,0.6370,1.3175,0.625122,0.099121,-0.057556,0.772095,7.764,76.2,-1
1782768085.021,2287,517083,0,0.00000000,0.00000000,0.00,0,0,0.54,0.394,-0.2450,1.8130,0.9800,2.0754,0.625122,0.099121,-0.057495,0.772095,7.764,76.2,-1
1782768085.209,2288,517300,0,0.00000000,0.00000000,0.00,0,0,0.43,-0.572,0.2940,0.2450,1.6660,1.7094,0.625122,0.099121,-0.057495,0.772095,7.758,72.5,-1
1782768085.457,2289,517514,0,0.00000000,0.00000000,0.00,0,0,0.41,-0.479,0.3430,0.4410,2.2050,2.2747,0.625122,0.099060,-0.057556,0.772095,7.762,73.8,-1
1782768085.642,2290,517733,0,0.00000000,0.00000000,0.00,0,0,0.58,0.445,0.1470,0.3430,1.5190,1.5642,0.625122,0.099060,-0.057556,0.772095,7.762,72.5,-1
1782768085.893,2291,517954,0,0.00000000,0.00000000,0.00,0,0,0.53,0.226,0.3430,0.9310,2.0580,2.2847,0.625122,0.098999,-0.057617,0.772095,7.761,73.8,-1
1782768086.082,2292,518175,0,0.00000000,0.00000000,0.00,0,0,0.58,0.199,0.4900,0.2450,1.4700,1.5688,0.625061,0.098999,-0.057617,0.772095,7.762,71.2,-1
1782768086.332,2293,518401,0,0.00000000,0.00000000,0.00,0,0,0.61,0.089,0.4900,0.3430,1.1270,1.2759,0.625061,0.098999,-0.057678,0.772095,7.760,76.2,-1
1782768086.520,2294,518617,0,0.00000000,0.00000000,0.00,0,0,0.66,0.143,0.2940,0.4900,1.0290,1.1770,0.625061,0.099060,-0.057678,0.772095,7.761,72.5,-1
1782768086.766,2295,518838,0,0.00000000,0.00000000,0.00,0,0,0.45,-0.738,0.2450,0.7840,1.6170,1.8137,0.625061,0.099060,-0.057678,0.772095,7.761,73.8,-1
1782768087.015,2296,519064,0,0.00000000,0.00000000,0.00,0,0,0.43,-0.208,0.0980,0.3430,1.2740,1.3230,0.625061,0.099060,-0.057617,0.772095,7.755,77.5,-1
1782768087.202,2297,519285,0,0.00000000,0.00000000,0.00,0,0,0.53,0.120,0.3430,-0.0490,0.5880,0.6825,0.625061,0.099060,-0.057678,0.772095,7.755,77.5,-1
1782768087.454,2298,519532,0,0.00000000,0.00000000,0.00,0,0,0.62,0.371,0.3430,0.3430,1.0290,1.1376,0.625061,0.099060,-0.057678,0.772095,7.760,72.5,-1
1782768087.705,2299,519759,0,0.00000000,0.00000000,0.00,0,0,0.45,0.019,0.1470,0.7840,1.8130,1.9807,0.625061,0.099060,-0.057617,0.772095,7.761,72.5,-1
1782768087.889,2300,519980,0,0.00000000,0.00000000,0.00,0,0,0.52,0.747,0.1470,0.3920,1.3720,1.4345,0.625061,0.099121,-0.057678,0.772095,7.759,80.0,-1
1782768088.138,2301,520209,0,0.00000000,0.00000000,0.00,0,0,0.46,-0.335,0.7350,0.7350,1.5680,1.8812,0.625061,0.099121,-0.057739,0.772095,7.764,72.5,-1
1782768088.387,2302,520427,0,0.00000000,0.00000000,0.00,0,0,0.49,-0.466,0.1470,1.3230,2.4010,2.7453,0.625061,0.099121,-0.057739,0.772095,7.759,72.5,-1
1782768088.575,2303,520638,0,0.00000000,0.00000000,0.00,0,0,0.45,-0.322,0.1960,0.5880,0.7350,0.9614,0.625061,0.099060,-0.057739,0.772095,7.761,73.8,-1
1782768088.762,2304,520861,0,0.00000000,0.00000000,0.00,0,0,0.47,0.210,0.2940,1.2250,1.3230,1.8269,0.625061,0.099121,-0.057617,0.772095,7.760,71.2,-1
1782768089.014,2305,521081,0,0.00000000,0.00000000,0.00,0,0,0.35,-0.774,0.3430,0.4900,0.9800,1.1481,0.625122,0.099121,-0.057556,0.772095,7.759,71.2,-1
1782768089.262,2306,521301,0,0.00000000,0.00000000,0.00,0,0,0.43,0.016,0.4410,1.2250,2.6950,2.9930,0.625122,0.099121,-0.057556,0.772095,7.760,72.5,-1
1782768089.447,2307,521517,0,0.00000000,0.00000000,0.00,0,0,0.37,-0.416,-0.1960,0.0980,1.8620,1.8749,0.625122,0.099121,-0.057556,0.772095,7.762,70.0,-1
1782768089.694,2308,521744,0,0.00000000,0.00000000,0.00,0,0,0.34,-0.561,0.6860,0.5880,2.3030,2.4739,0.625122,0.099060,-0.057617,0.772095,7.762,71.2,-1
1782768089.880,2309,521961,0,0.00000000,0.00000000,0.00,0,0,0.40,-0.269,0.0490,0.4410,1.4700,1.5355,0.625122,0.099060,-0.057556,0.772095,7.760,73.8,-1
1782768090.130,2310,522180,0,0.00000000,0.00000000,0.00,0,0,0.50,0.368,0.0000,0.8820,1.7150,1.9285,0.625122,0.099060,-0.057495,0.772095,7.761,73.8,-1
1782768090.317,2311,522402,0,0.00000000,0.00000000,0.00,0,0,0.50,-0.234,0.0490,0.3920,1.4700,1.5222,0.625122,0.099060,-0.057434,0.772095,7.762,72.5,-1
1782768090.564,2312,522615,0,0.00000000,0.00000000,0.00,0,0,0.52,0.169,-0.1960,1.6660,0.9310,1.9185,0.625122,0.099060,-0.057434,0.772095,7.765,72.5,-1
1782768090.751,2313,522833,0,0.00000000,0.00000000,0.00,0,0,0.43,-0.105,0.5880,0.7350,1.5680,1.8288,0.625122,0.099121,-0.057373,0.772095,7.759,77.5,-1
1782768091.004,2314,523057,0,0.00000000,0.00000000,0.00,0,0,0.46,0.279,0.4410,0.5880,2.3030,2.4174,0.625122,0.099121,-0.057373,0.772095,7.764,70.0,-1
1782768091.192,2315,523284,0,0.00000000,0.00000000,0.00,0,0,0.51,0.410,0.7350,0.3430,1.3230,1.5518,0.625122,0.099060,-0.057434,0.772095,7.759,73.8,-1
1782768091.444,2316,523531,0,0.00000000,0.00000000,0.00,0,0,0.40,-0.218,1.0780,0.0980,2.1070,2.3688,0.625122,0.099060,-0.057373,0.772095,7.764,72.5,-1
1782768091.693,2317,523756,0,0.00000000,0.00000000,0.00,0,0,0.51,0.490,0.0490,1.1760,1.2250,1.6988,0.625122,0.098999,-0.057434,0.772095,7.760,72.5,-1
1782768091.880,2318,523980,0,0.00000000,0.00000000,0.00,0,0,0.40,-0.151,0.2450,0.8820,1.1760,1.4903,0.625122,0.099060,-0.057495,0.772095,7.758,75.0,-1
1782768092.129,2319,524200,0,0.00000000,0.00000000,0.00,0,0,0.50,0.082,0.6370,0.2940,2.1070,2.2207,0.625122,0.099060,-0.057434,0.772095,7.760,73.8,-1
1782768092.378,2320,524422,0,0.00000000,0.00000000,0.00,0,0,0.58,0.083,0.8820,0.2450,2.0580,2.2524,0.625122,0.098999,-0.057373,0.772095,7.762,71.2,-1
1782768092.565,2321,524637,0,0.00000000,0.00000000,0.00,0,0,0.51,-0.387,0.5880,0.0490,1.1760,1.3157,0.625122,0.098999,-0.057434,0.772095,7.762,73.8,-1
1782768092.813,2322,524860,0,0.00000000,0.00000000,0.00,0,0,0.41,-0.416,0.3920,0.7840,1.2250,1.5063,0.625122,0.098999,-0.057495,0.772095,7.760,73.8,-1
1782768092.998,2323,525082,0,0.00000000,0.00000000,0.00,0,0,0.46,-0.113,0.8820,-0.1470,2.9890,3.1199,0.625122,0.098999,-0.057556,0.772095,7.761,71.2,-1
1782768093.260,2324,525299,0,0.00000000,0.00000000,0.00,0,0,0.35,-0.552,0.4900,0.6370,2.1070,2.2551,0.625122,0.098999,-0.057556,0.772095,7.760,75.0,-1
1782768093.448,2325,525514,0,0.00000000,0.00000000,0.00,0,0,0.50,0.405,0.7350,1.0780,1.4700,1.9655,0.625122,0.098999,-0.057617,0.772095,7.761,71.2,-1
1782768093.695,2326,525743,0,0.00000000,0.00000000,0.00,0,0,0.50,0.074,0.0490,1.1270,1.2250,1.6653,0.625122,0.098999,-0.057617,0.772095,7.761,71.2,-1
1782768093.885,2327,525963,0,0.00000000,0.00000000,0.00,0,0,0.37,-0.449,1.0290,0.9310,1.8620,2.3222,0.625061,0.098999,-0.057617,0.772095,7.761,71.2,-1
1782768094.135,2328,526184,0,0.00000000,0.00000000,0.00,0,0,0.44,-0.317,0.3920,0.9310,1.6170,1.9066,0.625061,0.098999,-0.057617,0.772095,7.759,73.8,-1
1782768094.321,2329,526403,0,0.00000000,0.00000000,0.00,0,0,0.47,0.341,1.0290,0.7840,2.4990,2.8140,0.625061,0.098938,-0.057617,0.772095,7.760,72.5,-1
1782768094.568,2330,526613,0,0.00000000,0.00000000,0.00,0,0,0.50,0.034,0.4900,0.4410,1.5680,1.7009,0.625061,0.098938,-0.057678,0.772095,7.761,73.8,-1
1782768094.768,2331,526832,0,0.00000000,0.00000000,0.00,0,0,0.62,0.889,0.2940,0.5390,2.2050,2.2889,0.625061,0.098938,-0.057678,0.772095,7.760,73.8,-1
1782768095.016,2332,527054,0,0.00000000,0.00000000,0.00,0,0,0.42,-0.849,0.2940,0.3430,1.4210,1.4911,0.625061,0.098938,-0.057678,0.772095,7.761,70.0,-1
1782768095.203,2333,527274,0,0.00000000,0.00000000,0.00,0,0,0.48,0.323,0.5390,1.0780,1.6170,2.0168,0.625061,0.098999,-0.057678,0.772095,7.760,73.8,-1
1782768095.453,2334,527519,0,0.00000000,0.00000000,0.00,0,0,0.38,-0.042,0.9310,1.0290,0.9310,1.6710,0.625061,0.099060,-0.057739,0.772095,7.764,70.0,-1
1782768095.706,2335,527747,0,0.00000000,0.00000000,0.00,0,0,0.35,-0.309,-0.0980,0.5880,1.3230,1.4511,0.625061,0.099121,-0.057800,0.772095,7.760,71.2,-1
1782768095.894,2336,527974,0,0.00000000,0.00000000,0.00,0,0,0.42,0.456,1.4210,1.0780,1.4700,2.3113,0.625061,0.099060,-0.057739,0.772095,7.756,78.8,-1
1782768096.141,2337,528199,0,0.00000000,0.00000000,0.00,0,0,0.43,0.428,0.4900,1.4210,2.1070,2.5882,0.625061,0.099060,-0.057739,0.772095,7.759,68.8,-1
1782768096.328,2338,528425,0,0.00000000,0.00000000,0.00,0,0,0.53,0.431,0.0000,1.3720,1.5190,2.0469,0.625061,0.098999,-0.057739,0.772095,7.756,78.8,-1
1782768096.577,2339,528636,0,0.00000000,0.00000000,0.00,0,0,0.41,0.007,0.0000,0.2940,1.3230,1.3553,0.625061,0.098999,-0.057739,0.772095,7.761,70.0,-1
1782768096.765,2340,528855,0,0.00000000,0.00000000,0.00,0,0,0.52,0.333,1.5190,0.2940,2.1560,2.6537,0.625061,0.098938,-0.057739,0.772095,7.759,77.5,-1
1782768097.016,2341,529079,0,0.00000000,0.00000000,0.00,0,0,0.45,-0.499,0.3920,0.3430,1.8620,1.9335,0.625061,0.098938,-0.057678,0.772095,7.761,73.8,-1
1782768097.204,2342,529302,0,0.00000000,0.00000000,0.00,0,0,0.28,-0.478,0.4900,0.6860,1.8130,1.9994,0.625061,0.098938,-0.057678,0.772095,7.760,73.8,-1
1782768097.452,2343,529521,0,0.00000000,0.00000000,0.00,0,0,0.30,-0.341,0.0490,0.7840,0.8330,1.1450,0.625061,0.098938,-0.057678,0.772095,7.759,72.5,-1
1782768097.700,2344,529742,0,0.00000000,0.00000000,0.00,0,0,0.42,0.238,0.2940,0.4410,1.2250,1.3347,0.625061,0.098938,-0.057678,0.772095,7.761,72.5,-1
1782768097.888,2345,529962,0,0.00000000,0.00000000,0.00,0,0,0.48,0.031,0.0490,0.8820,1.3230,1.5908,0.625061,0.098938,-0.057678,0.772095,7.760,76.2,-1
1782768098.137,2346,530182,0,0.00000000,0.00000000,0.00,0,0,0.42,0.038,0.2940,0.2450,1.8620,1.9009,0.625061,0.098938,-0.057617,0.772095,7.759,75.0,-1
1782768098.325,2347,530403,0,0.00000000,0.00000000,0.00,0,0,0.41,-0.137,0.1960,0.6860,1.6170,1.7674,0.625061,0.098999,-0.057617,0.772095,7.760,75.0,-1
1782768098.573,2348,530617,0,0.00000000,0.00000000,0.00,0,0,0.40,-0.441,0.2940,0.6370,2.1560,2.2673,0.625122,0.098938,-0.057617,0.772095,7.760,75.0,-1
1782768098.759,2349,530844,0,0.00000000,0.00000000,0.00,0,0,0.44,0.145,0.5880,0.9310,1.7640,2.0795,0.625122,0.098999,-0.057617,0.772095,7.756,73.8,-1
1782768099.009,2350,531062,0,0.00000000,0.00000000,0.00,0,0,0.45,-0.176,0.1960,1.0780,1.1760,1.6073,0.625122,0.098999,-0.057556,0.772095,7.760,77.5,-1
1782768099.195,2351,531282,0,0.00000000,0.00000000,0.00,0,0,0.44,-0.360,0.2940,0.6370,1.4210,1.5848,0.625122,0.098999,-0.057617,0.772095,7.759,78.8,-1
1782768099.446,2352,531529,0,0.00000000,0.00000000,0.00,0,0,0.52,0.116,0.2940,0.0000,2.5480,2.5649,0.625122,0.098999,-0.057556,0.772095,7.761,73.8,-1
1782768099.698,2353,531756,0,0.00000000,0.00000000,0.00,0,0,0.46,-0.028,0.5880,0.1960,1.0780,1.2435,0.625122,0.098999,-0.057617,0.772095,7.764,75.0,-1
1782768099.883,2354,531975,0,0.00000000,0.00000000,0.00,0,0,0.42,-0.034,0.4410,0.3430,2.0090,2.0852,0.625122,0.098999,-0.057617,0.772095,7.758,86.2,-1
1782768100.129,2355,532196,0,0.00000000,0.00000000,0.00,0,0,0.48,0.264,0.1470,0.2450,1.2740,1.3056,0.625122,0.099060,-0.057556,0.772095,7.761,73.8,-1
1782768100.379,2356,532416,0,0.00000000,0.00000000,0.00,0,0,0.41,-0.133,0.8820,0.9310,2.0090,2.3834,0.625122,0.099060,-0.057556,0.772095,7.758,76.2,-1
1782768100.565,2357,532631,0,0.00000000,0.00000000,0.00,0,0,0.43,-0.130,-0.1470,0.6370,1.3720,1.5198,0.625122,0.099060,-0.057556,0.772095,7.760,73.8,-1
1782768100.814,2358,532857,0,0.00000000,0.00000000,0.00,0,0,0.50,0.555,-0.1470,1.1270,1.6170,1.9765,0.625122,0.098999,-0.057617,0.772095,7.761,76.2,-1
1782768101.000,2359,533080,0,0.00000000,0.00000000,0.00,0,0,0.53,0.194,0.8330,1.0780,2.7930,3.1075,0.625122,0.098999,-0.057617,0.772095,7.758,72.5,-1
1782768101.249,2360,533302,0,0.00000000,0.00000000,0.00,0,0,0.54,0.226,-0.0490,0.6860,0.3430,0.7685,0.625122,0.098938,-0.057617,0.772095,7.760,80.0,-1
1782768101.437,2361,533523,0,0.00000000,0.00000000,0.00,0,0,0.43,-0.245,-0.0980,0.5390,0.9800,1.1227,0.625122,0.098938,-0.057617,0.772095,7.759,75.0,-1
1782768101.685,2362,533739,0,0.00000000,0.00000000,0.00,0,0,0.43,-0.227,0.4410,0.4900,2.0090,2.1144,0.625061,0.098877,-0.057678,0.772095,7.760,75.0,-1
1782768101.871,2363,533959,0,0.00000000,0.00000000,0.00,0,0,0.53,0.482,1.2740,-0.7350,2.3520,2.7740,0.625061,0.098877,-0.057678,0.772095,7.759,75.0,-1
1782768102.123,2364,534181,0,0.00000000,0.00000000,0.00,0,0,0.36,-0.579,0.5880,0.2450,1.7640,1.8755,0.625061,0.098877,-0.057678,0.772095,7.761,75.0,-1
1782768102.310,2365,534399,0,0.00000000,0.00000000,0.00,0,0,0.45,-0.124,0.2450,0.5880,1.4210,1.5572,0.625061,0.098877,-0.057678,0.772095,7.758,78.8,-1
1782768102.558,2366,534612,0,0.00000000,0.00000000,0.00,0,0,0.50,-0.070,0.4900,0.5390,1.6660,1.8183,0.625061,0.098877,-0.057678,0.772095,7.761,68.8,-1
1782768102.747,2367,534835,0,0.00000000,0.00000000,0.00,0,0,0.38,-0.203,0.2940,0.8330,1.6170,1.8426,0.625061,0.098877,-0.057678,0.772095,7.764,73.8,-1
1782768102.996,2368,535061,0,0.00000000,0.00000000,0.00,0,0,0.52,0.170,0.3430,0.3920,1.4700,1.5596,0.625061,0.098938,-0.057678,0.772095,7.758,78.8,-1
1782768103.246,2369,535284,0,0.00000000,0.00000000,0.00,0,0,0.49,-0.198,0.2940,0.5880,1.2250,1.3903,0.625061,0.098938,-0.057678,0.772095,7.758,75.0,-1
1782768103.434,2370,535531,0,0.00000000,0.00000000,0.00,0,0,0.43,-0.207,0.1470,0.4900,1.8620,1.9310,0.625122,0.098999,-0.057556,0.772095,7.760,77.5,-1
1782768103.684,2371,535754,0,0.00000000,0.00000000,0.00,0,0,0.41,-0.105,0.4410,1.0780,1.6170,1.9928,0.625122,0.098999,-0.057556,0.772095,7.760,71.2,-1
1782768103.934,2372,535973,0,0.00000000,0.00000000,0.00,0,0,0.58,0.594,0.5390,0.6370,1.6170,1.8196,0.625122,0.098999,-0.057556,0.772095,7.756,82.5,-1
1782768104.120,2373,536197,0,0.00000000,0.00000000,0.00,0,0,0.40,-0.517,0.7350,0.3920,1.6660,1.8626,0.625122,0.099060,-0.057495,0.772095,7.764,72.5,-1
1782768104.371,2374,536420,0,0.00000000,0.00000000,0.00,0,0,0.40,0.239,0.5390,0.5390,1.4700,1.6559,0.625122,0.098999,-0.057556,0.772095,7.762,73.8,-1
1782768104.557,2375,536635,0,0.00000000,0.00000000,0.00,0,0,0.31,-0.330,0.1960,0.4410,1.4210,1.5007,0.625122,0.098999,-0.057556,0.772095,7.761,77.5,-1
1782768104.807,2376,536861,0,0.00000000,0.00000000,0.00,0,0,0.37,0.418,0.3430,0.4900,1.0780,1.2328,0.625122,0.099060,-0.057495,0.772095,7.761,75.0,-1
1782768104.996,2377,537086,0,0.00000000,0.00000000,0.00,0,0,0.42,0.287,0.0490,0.2450,1.9600,1.9759,0.625122,0.099060,-0.057556,0.772095,7.759,80.0,-1
1782768105.245,2378,537308,0,0.00000000,0.00000000,0.00,0,0,0.53,0.652,0.6860,0.2940,1.3230,1.5190,0.625122,0.098999,-0.057556,0.772095,7.759,75.0,-1
1782768105.433,2379,537521,0,0.00000000,0.00000000,0.00,0,0,0.37,-0.389,0.4900,0.3920,1.7640,1.8723,0.625122,0.098999,-0.057556,0.772095,7.760,73.8,-1
1782768105.680,2380,537746,0,0.00000000,0.00000000,0.00,0,0,0.47,0.273,0.0490,1.0290,1.6660,1.9588,0.625122,0.098999,-0.057556,0.772095,7.756,76.2,-1
1782768105.929,2381,537971,0,0.00000000,0.00000000,0.00,0,0,0.47,0.080,0.7350,0.6370,1.1760,1.5261,0.625122,0.098999,-0.057556,0.772095,7.758,81.2,-1
1782768106.118,2382,538192,0,0.00000000,0.00000000,0.00,0,0,0.37,-0.406,0.0490,0.9800,1.1270,1.4943,0.625122,0.098999,-0.057556,0.772095,7.761,73.8,-1
1782768106.365,2383,538412,0,0.00000000,0.00000000,0.00,0,0,0.40,-0.047,-0.3430,1.0780,0.4900,1.2328,0.625122,0.098999,-0.057556,0.772095,7.760,75.0,-1
1782768106.554,2384,538628,0,0.00000000,0.00000000,0.00,0,0,0.52,0.461,-0.0980,0.3920,2.4990,2.5315,0.625122,0.098999,-0.057556,0.772095,7.756,77.5,-1
1782768106.803,2385,538853,0,0.00000000,0.00000000,0.00,0,0,0.48,-0.134,0.0490,0.3920,1.1760,1.2406,0.625061,0.098938,-0.057617,0.772095,7.760,75.0,-1
1782768106.990,2386,539075,0,0.00000000,0.00000000,0.00,0,0,0.45,-0.388,1.4700,-0.0980,2.6460,3.0285,0.625122,0.098877,-0.057556,0.772095,7.760,75.0,-1
1782768107.239,2387,539304,0,0.00000000,0.00000000,0.00,0,0,0.39,-0.047,0.1960,0.7840,1.6660,1.8517,0.625122,0.098938,-0.057495,0.772095,7.760,73.8,-1
1782768107.425,2388,539518,0,0.00000000,0.00000000,0.00,0,0,0.38,-0.157,0.3430,0.0980,1.5680,1.6081,0.625122,0.098999,-0.057495,0.772095,7.764,72.5,-1
1782768107.676,2389,539744,0,0.00000000,0.00000000,0.00,0,0,0.43,0.253,0.5390,0.2940,1.3720,1.5031,0.625122,0.098999,-0.057495,0.772095,7.758,75.0,-1
1782768107.865,2390,539962,0,0.00000000,0.00000000,0.00,0,0,0.35,-0.509,0.3430,0.7350,1.1270,1.3885,0.625122,0.098938,-0.057556,0.772095,7.759,76.2,-1
1782768108.130,2391,540185,0,0.00000000,0.00000000,0.00,0,0,0.42,0.253,0.4900,0.0000,1.1270,1.2289,0.625122,0.098938,-0.057556,0.772095,7.758,73.8,-1
1782768108.317,2392,540406,0,0.00000000,0.00000000,0.00,0,0,0.44,0.420,0.1470,0.7840,0.7350,1.0847,0.625122,0.098999,-0.057495,0.772095,7.758,73.8,-1
1782768108.566,2393,540620,0,0.00000000,0.00000000,0.00,0,0,0.48,0.270,0.4900,0.8820,1.2250,1.5870,0.625122,0.099060,-0.057434,0.772095,7.758,78.8,-1
1782768108.754,2394,540847,0,0.00000000,0.00000000,0.00,0,0,0.39,-0.267,0.2940,0.7840,1.8130,1.9970,0.625122,0.099060,-0.057495,0.772095,7.761,75.0,-1
1782768109.004,2395,541066,0,0.00000000,0.00000000,0.00,0,0,0.45,0.155,1.0290,0.8330,0.9310,1.6185,0.625122,0.098999,-0.057495,0.772095,7.760,77.5,-1
1782768109.190,2396,541288,0,0.00000000,0.00000000,0.00,0,0,0.45,0.006,0.4410,0.2450,1.4700,1.5542,0.625061,0.099060,-0.057617,0.772095,7.761,73.8,-1
1782768109.441,2397,541529,0,0.00000000,0.00000000,0.00,0,0,0.48,0.134,0.3430,0.4900,1.5680,1.6782,0.625061,0.099060,-0.057678,0.772095,7.765,67.5,-1
1782768109.690,2398,541746,0,0.00000000,0.00000000,0.00,0,0,0.26,-0.854,0.5880,0.3430,2.0090,2.1212,0.625061,0.099121,-0.057739,0.772095,7.759,76.2,-1
1782768109.876,2399,541969,0,0.00000000,0.00000000,0.00,0,0,0.32,0.069,0.6860,0.7350,1.6660,1.9459,0.625061,0.099060,-0.057739,0.772095,7.759,73.8,-1
1782768110.125,2400,542189,0,0.00000000,0.00000000,0.00,0,0,0.35,0.099,0.2940,0.1470,0.9800,1.0337,0.625061,0.099121,-0.057739,0.772095,7.759,76.2,-1
1782768110.313,2401,542410,0,0.00000000,0.00000000,0.00,0,0,0.40,0.310,0.3430,0.2450,1.6660,1.7185,0.625061,0.099060,-0.057739,0.772095,7.759,76.2,-1
1782768110.564,2402,542624,0,0.00000000,0.00000000,0.00,0,0,0.44,0.343,0.5390,0.5880,2.1070,2.2529,0.625061,0.099060,-0.057739,0.772095,7.756,77.5,-1
1782768110.750,2403,542848,0,0.00000000,0.00000000,0.00,0,0,0.27,-0.799,-0.1960,0.3920,0.7840,0.8982,0.625061,0.099060,-0.057617,0.772095,7.758,76.2,-1
1782768111.000,2404,543068,0,0.00000000,0.00000000,0.00,0,0,0.37,0.039,0.2940,0.6860,0.7350,1.0475,0.625122,0.099121,-0.057556,0.772095,7.758,76.2,-1
1782768111.249,2405,543294,0,0.00000000,0.00000000,0.00,0,0,0.38,0.037,0.4410,0.6860,0.6370,1.0348,0.625122,0.099121,-0.057556,0.772095,7.762,76.2,-1
1782768111.436,2406,543513,0,0.00000000,0.00000000,0.00,0,0,0.37,0.002,0.3430,0.4900,1.5190,1.6325,0.625122,0.099060,-0.057556,0.772095,7.760,75.0,-1
1782768111.685,2407,543732,0,0.00000000,0.00000000,0.00,0,0,0.33,0.010,0.3920,0.4900,1.0780,1.2473,0.625122,0.099060,-0.057617,0.772095,7.760,76.2,-1
1782768111.874,2408,543952,0,0.00000000,0.00000000,0.00,0,0,0.40,0.538,0.2450,0.6370,1.4210,1.5764,0.625061,0.098999,-0.057617,0.772095,7.760,76.2,-1
1782768112.125,2409,544174,0,0.00000000,0.00000000,0.00,0,0,0.48,0.448,0.4900,0.4410,1.2250,1.3911,0.625122,0.098999,-0.057617,0.772095,7.760,73.8,-1
1782768112.312,2410,544402,0,0.00000000,0.00000000,0.00,0,0,0.40,-0.080,0.3430,0.2450,1.3230,1.3885,0.625061,0.098999,-0.057617,0.772095,7.755,78.8,-1
1782768112.560,2411,544616,0,0.00000000,0.00000000,0.00,0,0,0.38,-0.163,0.4410,0.5390,1.5190,1.6710,0.625061,0.098999,-0.057617,0.772095,7.760,71.2,-1
1782768112.749,2412,544836,0,0.00000000,0.00000000,0.00,0,0,0.39,0.005,0.2940,0.1960,0.8820,0.9501,0.625061,0.098999,-0.057617,0.772095,7.760,70.0,-1
1782768112.996,2413,545054,0,0.00000000,0.00000000,0.00,0,0,0.39,-0.178,-0.0490,1.0290,1.7640,2.0428,0.625061,0.098999,-0.057617,0.772095,7.761,75.0,-1
1782768113.183,2414,545277,0,0.00000000,0.00000000,0.00,0,0,0.46,0.437,0.0000,0.6370,1.3230,1.4684,0.625061,0.098938,-0.057617,0.772095,7.762,70.0,-1
1782768113.431,2415,545518,0,0.00000000,0.00000000,0.00,0,0,0.40,-0.068,0.2450,0.6860,2.2540,2.3688,0.625061,0.098938,-0.057678,0.772095,7.764,73.8,-1
1782768113.681,2416,545743,0,0.00000000,0.00000000,0.00,0,0,0.45,0.135,0.1470,0.2450,0.9800,1.0208,0.625061,0.098938,-0.057678,0.772095,7.761,73.8,-1
1782768113.929,2417,545967,0,0.00000000,0.00000000,0.00,0,0,0.40,0.045,1.1270,0.1470,1.5190,1.8971,0.625061,0.098999,-0.057617,0.772095,7.761,72.5,-1
1782768114.117,2418,546187,0,0.00000000,0.00000000,0.00,0,0,0.45,0.322,0.6370,0.3430,0.7840,1.0668,0.625122,0.098999,-0.057556,0.772095,7.759,76.2,-1
1782768114.368,2419,546410,0,0.00000000,0.00000000,0.00,0,0,0.36,-0.163,0.6370,1.0290,1.9600,2.3035,0.625061,0.098999,-0.057617,0.772095,7.760,73.8,-1
1782768114.554,2420,546628,0,0.00000000,0.00000000,0.00,0,0,0.48,0.289,0.6860,1.1270,1.1760,1.7674,0.625061,0.098999,-0.057617,0.772095,7.758,77.5,-1
1782768114.805,2421,546851,0,0.00000000,0.00000000,0.00,0,0,0.29,-0.392,0.0980,0.5390,1.6170,1.7073,0.625061,0.098999,-0.057617,0.772095,7.765,72.5,-1
1782768115.006,2422,547076,0,0.00000000,0.00000000,0.00,0,0,0.37,0.121,0.9310,1.2250,0.9310,1.7984,0.625061,0.098999,-0.057617,0.772095,7.762,73.8,-1
1782768115.259,2423,547299,0,0.00000000,0.00000000,0.00,0,0,0.39,0.135,0.5390,0.1960,1.7640,1.8549,0.625061,0.098999,-0.057617,0.772095,7.760,72.5,-1
1782768115.444,2424,547516,0,0.00000000,0.00000000,0.00,0,0,0.48,0.300,0.4410,0.6370,1.1270,1.3676,0.625061,0.098999,-0.057617,0.772095,7.762,72.5,-1
1782768115.697,2425,547736,0,0.00000000,0.00000000,0.00,0,0,0.40,-0.075,0.4410,0.9310,1.3230,1.6768,0.625061,0.098999,-0.057617,0.772095,7.764,71.2,-1
1782768115.883,2426,547960,0,0.00000000,0.00000000,0.00,0,0,0.38,-0.217,0.2450,1.0780,1.0290,1.5103,0.625061,0.098938,-0.057617,0.772095,7.764,70.0,-1
1782768116.131,2427,548185,0,0.00000000,0.00000000,0.00,0,0,0.42,0.397,0.7840,1.2740,1.6170,2.2028,0.625122,0.098877,-0.057617,0.772095,7.764,68.8,-1
1782768116.320,2428,548405,0,0.00000000,0.00000000,0.00,0,0,0.48,0.456,0.9800,0.0490,1.4700,1.7674,0.625122,0.098877,-0.057556,0.772095,7.764,67.5,-1
1782768116.570,2429,548618,0,0.00000000,0.00000000,0.00,0,0,0.41,-0.015,0.9800,0.8820,2.7930,3.0886,0.625122,0.098938,-0.057556,0.772095,7.765,72.5,-1
1782768116.755,2430,548844,0,0.00000000,0.00000000,0.00,0,0,0.39,-0.158,0.0490,0.8330,0.4410,0.9438,0.625122,0.098938,-0.057495,0.772095,7.764,71.2,-1
1782768117.003,2431,549064,0,0.00000000,0.00000000,0.00,0,0,0.39,-0.136,0.7840,0.7840,1.1270,1.5810,0.625122,0.098938,-0.057556,0.772095,7.764,70.0,-1
1782768117.192,2432,549283,0,0.00000000,0.00000000,0.00,0,0,0.35,-0.042,-0.1470,1.2250,0.7350,1.4361,0.625122,0.098999,-0.057495,0.772095,7.766,70.0,-1
1782768117.441,2433,549528,0,0.00000000,0.00000000,0.00,0,0,0.36,0.142,0.0000,0.8330,2.1560,2.3113,0.625122,0.098999,-0.057556,0.772095,7.765,66.2,-1
1782768117.689,2434,549745,0,0.00000000,0.00000000,0.00,0,0,0.27,-0.584,0.1960,1.3230,2.1070,2.4956,0.625122,0.098999,-0.057556,0.772095,7.761,71.2,-1
1782768117.877,2435,549967,0,0.00000000,0.00000000,0.00,0,0,0.37,0.234,0.8330,0.5390,1.8130,2.0667,0.625122,0.098938,-0.057556,0.772095,7.764,67.5,-1
1782768118.127,2436,550186,0,0.00000000,0.00000000,0.00,0,0,0.40,0.258,0.6860,0.5880,1.6170,1.8523,0.625122,0.098877,-0.057556,0.772095,7.765,68.8,-1
1782768118.314,2437,550409,0,0.00000000,0.00000000,0.00,0,0,0.32,0.143,0.7350,1.0290,2.2050,2.5419,0.625122,0.098877,-0.057495,0.772095,7.764,68.8,-1
1782768118.564,2438,550628,0,0.00000000,0.00000000,0.00,0,0,0.35,-0.384,-0.3920,1.3230,1.5190,2.0522,0.625122,0.098938,-0.057495,0.772095,7.764,70.0,-1
1782768118.752,2439,550848,0,0.00000000,0.00000000,0.00,0,0,0.27,-0.416,0.7350,0.1470,2.2540,2.3754,0.625122,0.098938,-0.057495,0.772095,7.764,70.0,-1
1782768119.001,2440,551071,0,0.00000000,0.00000000,0.00,0,0,0.29,-0.430,1.0290,-0.5880,3.0870,3.3067,0.625122,0.098999,-0.057495,0.772095,7.765,71.2,-1
1782768119.251,2441,551293,0,0.00000000,0.00000000,0.00,0,0,0.35,-0.031,0.7840,0.6370,2.6950,2.8781,0.625122,0.098938,-0.057495,0.772095,7.766,67.5,-1
1782768119.452,2442,551512,0,0.00000000,0.00000000,0.00,0,0,0.34,0.074,0.1470,0.5880,1.4700,1.5900,0.625122,0.098877,-0.057495,0.772095,7.761,73.8,-1
1782768119.637,2443,551734,0,0.00000000,0.00000000,0.00,0,0,0.41,0.542,0.2940,0.2450,1.3230,1.3772,0.625122,0.098938,-0.057556,0.772095,7.761,75.0,-1
1782768119.886,2444,551960,0,0.00000000,0.00000000,0.00,0,0,0.40,0.066,0.3430,0.2450,1.3720,1.4353,0.625122,0.098938,-0.057556,0.772095,7.758,81.2,-1
1782768120.135,2445,552184,0,0.00000000,0.00000000,0.00,0,0,0.38,-0.376,0.5880,0.5390,1.5680,1.7592,0.625122,0.098877,-0.057556,0.772095,7.756,75.0,-1
1782768120.322,2446,552409,0,0.00000000,0.00000000,0.00,0,0,0.45,0.392,0.7350,0.4410,2.1560,2.3201,0.625122,0.098755,-0.057495,0.772095,7.759,77.5,-1
1782768120.572,2447,552623,0,0.00000000,0.00000000,0.00,0,0,0.39,-0.076,0.1960,0.8330,1.9600,2.1387,0.625183,0.098755,-0.057495,0.772095,7.759,73.8,-1
1782768120.760,2448,552842,0,0.00000000,0.00000000,0.00,0,0,0.34,-0.397,0.6370,-0.0980,2.7440,2.8187,0.625183,0.098877,-0.057434,0.772095,7.759,82.5,-1
1782768121.009,2449,553062,0,0.00000000,0.00000000,0.00,0,0,0.45,0.491,0.2940,0.9800,1.7150,1.9970,0.625122,0.098938,-0.057556,0.772095,7.758,77.5,-1
1782768121.194,2450,553287,0,0.00000000,0.00000000,0.00,0,0,0.36,-0.319,-0.2450,1.1760,1.0290,1.5817,0.625183,0.098999,-0.057495,0.772034,7.762,75.0,-1
1782768121.443,2451,553526,0,0.00000000,0.00000000,0.00,0,0,0.36,0.130,0.2940,0.0980,1.2740,1.3112,0.625183,0.099060,-0.057495,0.772034,7.760,78.8,-1
1782768121.693,2452,553747,0,0.00000000,0.00000000,0.00,0,0,0.34,-0.179,1.1270,0.8330,2.3030,2.6959,0.625183,0.099060,-0.057495,0.772034,7.760,76.2,-1
1782768121.880,2453,553967,0,0.00000000,0.00000000,0.00,0,0,0.44,0.386,0.5880,0.6370,1.5190,1.7490,0.625183,0.098999,-0.057556,0.772034,7.761,77.5,-1
1782768122.127,2454,554188,0,0.00000000,0.00000000,0.00,0,0,0.38,-0.165,0.5390,0.0980,1.8130,1.8940,0.625122,0.098999,-0.057617,0.772034,7.756,75.0,-1
1782768122.313,2455,554407,0,0.00000000,0.00000000,0.00,0,0,0.39,0.110,0.4410,0.8330,1.4700,1.7462,0.625122,0.098999,-0.057617,0.772034,7.758,73.8,-1
1782768122.561,2456,554619,0,0.00000000,0.00000000,0.00,0,0,0.45,0.572,0.1470,0.4410,1.6170,1.6825,0.625122,0.098999,-0.057617,0.772034,7.760,75.0,-1
1782768122.749,2457,554842,0,0.00000000,0.00000000,0.00,0,0,0.38,0.157,0.7840,0.2940,1.0780,1.3650,0.625122,0.098999,-0.057617,0.772034,7.761,72.5,-1
1782768122.995,2458,555068,0,0.00000000,0.00000000,0.00,0,0,0.33,-0.185,0.6370,0.2940,1.6170,1.7626,0.625122,0.098999,-0.057617,0.772034,7.759,77.5,-1
1782768123.244,2459,555288,0,0.00000000,0.00000000,0.00,0,0,0.32,0.273,0.6370,0.4410,1.4210,1.6185,0.625122,0.098999,-0.057617,0.772034,7.759,78.8,-1
1782768123.434,2460,555532,0,0.00000000,0.00000000,0.00,0,0,0.29,-0.366,0.1960,0.9310,1.3720,1.6696,0.625122,0.098999,-0.057617,0.772034,7.760,75.0,-1
1782768123.684,2461,555757,0,0.00000000,0.00000000,0.00,0,0,0.34,-0.237,0.4900,-0.0490,0.7840,0.9258,0.625122,0.098877,-0.057739,0.772095,7.760,72.5,-1
1782768123.933,2462,555982,0,0.00000000,0.00000000,0.00,0,0,0.34,0.064,0.1960,0.3920,1.8130,1.8652,0.625122,0.098938,-0.057739,0.772095,7.762,72.5,-1
1782768124.120,2463,556205,0,0.00000000,0.00000000,0.00,0,0,0.34,0.262,0.1470,1.0780,1.3230,1.7129,0.625122,0.098938,-0.057739,0.772095,7.759,72.5,-1
1782768124.368,2464,556432,0,0.00000000,0.00000000,0.00,0,0,0.44,0.602,0.0490,0.6860,1.6170,1.7572,0.625122,0.098938,-0.057678,0.772095,7.758,77.5,-1
1782768124.554,2465,556650,0,0.00000000,0.00000000,0.00,0,0,0.38,-0.080,0.5880,0.8330,2.0580,2.2967,0.625122,0.098938,-0.057678,0.772095,7.758,76.2,-1
1782768124.802,2466,556873,0,0.00000000,0.00000000,0.00,0,0,0.46,0.593,0.2450,0.5390,0.9310,1.1033,0.625122,0.098938,-0.057678,0.772095,7.762,75.0,-1
1782768125.051,2467,557092,0,0.00000000,0.00000000,0.00,0,0,0.40,-0.127,0.0980,1.1760,1.3230,1.7728,0.625122,0.098877,-0.057678,0.772095,7.758,73.8,-1
1782768125.235,2468,557316,0,0.00000000,0.00000000,0.00,0,0,0.38,0.011,0.0980,0.3430,2.1070,2.1370,0.625122,0.098938,-0.057617,0.772095,7.761,67.5,-1
1782768125.484,2469,557536,0,0.00000000,0.00000000,0.00,0,0,0.42,0.129,-0.2450,0.8820,2.1560,2.3423,0.625183,0.098938,-0.057556,0.772034,7.760,75.0,-1
1782768125.672,2470,557753,0,0.00000000,0.00000000,0.00,0,0,0.50,0.685,0.3430,1.1270,1.5680,1.9612,0.625183,0.098877,-0.057495,0.772095,7.759,76.2,-1
1782768125.922,2471,557974,0,0.00000000,0.00000000,0.00,0,0,0.36,-0.462,-0.3920,1.5680,1.8620,2.4656,0.625183,0.098877,-0.057495,0.772095,7.754,85.0,-1
1782768126.108,2472,558194,0,0.00000000,0.00000000,0.00,0,0,0.48,0.104,0.3920,0.8330,1.8620,2.0772,0.625183,0.098938,-0.057495,0.772034,7.760,80.0,-1
1782768126.358,2473,558418,0,0.00000000,0.00000000,0.00,0,0,0.43,-0.420,0.9310,-0.2450,2.2050,2.4060,0.625183,0.098999,-0.057434,0.772034,7.760,77.5,-1
1782768126.543,2474,558636,0,0.00000000,0.00000000,0.00,0,0,0.40,-0.396,0.6860,0.6370,0.8820,1.2862,0.625183,0.098999,-0.057495,0.772034,7.756,75.0,-1
1782768126.791,2475,558859,0,0.00000000,0.00000000,0.00,0,0,0.36,-0.368,0.4410,0.0000,1.8620,1.9135,0.625183,0.098999,-0.057556,0.772034,7.759,76.2,-1
1782768127.041,2476,559077,0,0.00000000,0.00000000,0.00,0,0,0.44,-0.000,0.1960,0.9800,2.7930,2.9664,0.625122,0.098999,-0.057617,0.772034,7.760,78.8,-1
1782768127.226,2477,559298,0,0.00000000,0.00000000,0.00,0,0,0.48,0.427,-0.1960,1.6170,0.8330,1.8295,0.625122,0.098999,-0.057617,0.772034,7.758,76.2,-1
1782768127.476,2478,559515,0,0.00000000,0.00000000,0.00,0,0,0.38,-0.541,0.2940,0.8820,1.3230,1.6170,0.625122,0.098938,-0.057617,0.772034,7.758,75.0,-1
1782768127.662,2479,559741,0,0.00000000,0.00000000,0.00,0,0,0.37,-0.173,0.0980,0.8330,1.7150,1.9091,0.625183,0.098999,-0.057556,0.772034,7.761,73.8,-1
1782768127.912,2480,559958,0,0.00000000,0.00000000,0.00,0,0,0.49,0.516,0.4410,-0.2940,1.0290,1.1575,0.625183,0.098999,-0.057556,0.772034,7.756,81.2,-1
1782768128.100,2481,560180,0,0.00000000,0.00000000,0.00,0,0,0.41,-0.264,-0.0980,0.7350,2.0090,2.1415,0.625183,0.098999,-0.057556,0.772034,7.759,83.8,-1
1782768128.348,2482,560399,0,0.00000000,0.00000000,0.00,0,0,0.27,-0.621,0.0000,0.9310,1.1270,1.4618,0.625122,0.098999,-0.057739,0.772095,7.756,81.2,-1
1782768128.550,2483,560613,0,0.00000000,0.00000000,0.00,0,0,0.44,0.528,-0.0490,1.2740,1.3230,1.8373,0.625061,0.098999,-0.057800,0.772095,7.761,68.8,-1
1782768128.738,2484,560816,0,0.00000000,0.00000000,0.00,0,0,0.42,0.183,-0.2940,1.5190,2.0090,2.5357,0.625061,0.098816,-0.057922,0.772156,7.764,72.5,-1
1782768128.990,2485,561042,0,0.00000000,0.00000000,0.00,0,0,0.44,0.232,0.2450,-0.1960,2.0090,2.0334,0.625061,0.098816,-0.057983,0.772095,7.761,76.2,-1
1782768129.175,2486,561260,0,0.00000000,0.00000000,0.00,0,0,0.39,0.063,0.4900,0.8820,1.8130,2.0748,0.625000,0.098816,-0.057861,0.772156,7.759,80.0,-1
1782768129.424,2487,561506,0,0.00000000,0.00000000,0.00,0,0,0.31,-0.445,0.6860,0.6370,1.1270,1.4651,0.625000,0.098877,-0.057800,0.772156,7.759,77.5,-1
1782768129.674,2488,561728,0,0.00000000,0.00000000,0.00,0,0,0.33,-0.229,0.5880,0.3430,1.6170,1.7544,0.625000,0.098877,-0.057739,0.772156,7.758,76.2,-1
1782768129.862,2489,561955,0,0.00000000,0.00000000,0.00,0,0,0.32,0.011,0.4410,0.3430,1.2740,1.3911,0.625000,0.098938,-0.057739,0.772156,7.760,73.8,-1
1782768130.111,2490,562174,0,0.00000000,0.00000000,0.00,0,0,0.31,-0.052,0.0980,0.5880,1.2740,1.4066,0.625000,0.098938,-0.057678,0.772156,7.758,76.2,-1
1782768130.297,2491,562393,0,0.00000000,0.00000000,0.00,0,0,0.39,0.463,0.4900,0.5880,1.0780,1.3221,0.625000,0.098938,-0.057678,0.772156,7.758,76.2,-1
1782768130.545,2492,562610,0,0.00000000,0.00000000,0.00,0,0,0.31,-0.216,-0.2450,0.7840,0.3430,0.8901,0.625000,0.098938,-0.057678,0.772156,7.760,70.0,-1
1782768130.795,2493,562833,0,0.00000000,0.00000000,0.00,0,0,0.27,-0.213,0.6370,0.7350,1.7640,2.0144,0.625000,0.098938,-0.057678,0.772156,7.761,75.0,-1
1782768130.979,2494,563058,0,0.00000000,0.00000000,0.00,0,0,0.22,-0.361,1.2740,1.1760,1.0290,2.0162,0.625000,0.098938,-0.057678,0.772156,7.764,70.0,-1
1782768131.228,2495,563277,0,0.00000000,0.00000000,0.00,0,0,0.38,0.624,0.2450,0.9800,2.2540,2.4700,0.625000,0.098938,-0.057678,0.772156,7.761,75.0,-1
1782768131.480,2496,563524,0,0.00000000,0.00000000,0.00,0,0,0.31,0.038,0.7350,0.3430,2.2540,2.3955,0.625000,0.098938,-0.057678,0.772156,7.759,73.8,-1
1782768131.669,2497,563750,0,0.00000000,0.00000000,0.00,0,0,0.38,0.483,0.3920,0.3430,1.6660,1.7455,0.625000,0.098938,-0.057678,0.772156,7.762,68.8,-1
1782768131.917,2498,563968,0,0.00000000,0.00000000,0.00,0,0,0.24,-0.464,-0.4900,1.5190,0.6860,1.7373,0.625000,0.098938,-0.057678,0.772156,7.760,80.0,-1
1782768132.104,2499,564188,0,0.00000000,0.00000000,0.00,0,0,0.34,0.092,0.0000,0.9310,0.8820,1.2825,0.625000,0.098938,-0.057678,0.772156,7.761,81.2,-1
1782768132.353,2500,564409,0,0.00000000,0.00000000,0.00,0,0,0.23,-0.347,-0.0490,0.7350,0.8820,1.1492,0.625000,0.098938,-0.057678,0.772156,7.760,73.8,-1
1782768132.542,2501,564623,0,0.00000000,0.00000000,0.00,0,0,0.26,-0.241,0.8820,1.1270,3.2340,3.5365,0.625000,0.098938,-0.057678,0.772156,7.765,70.0,-1
1782768132.790,2502,564851,0,0.00000000,0.00000000,0.00,0,0,0.26,0.279,0.4410,1.5190,1.7640,2.3693,0.625000,0.098999,-0.057678,0.772156,7.762,75.0,-1
1782768132.975,2503,565071,0,0.00000000,0.00000000,0.00,0,0,0.35,0.245,0.6860,0.9800,0.6370,1.3553,0.625000,0.098999,-0.057678,0.772156,7.764,68.8,-1
1782768133.226,2504,565292,0,0.00000000,0.00000000,0.00,0,0,0.41,0.676,0.3430,0.3430,1.9110,1.9716,0.625000,0.098938,-0.057678,0.772156,7.764,71.2,-1
1782768133.426,2505,565506,0,0.00000000,0.00000000,0.00,0,0,0.35,0.199,0.4410,0.3920,1.1270,1.2721,0.625000,0.098938,-0.057678,0.772156,7.766,70.0,-1
1782768133.675,2506,565728,0,0.00000000,0.00000000,0.00,0,0,0.25,-0.153,0.1960,0.7350,1.6660,1.8314,0.625061,0.098938,-0.057617,0.772156,7.761,68.8,-1
1782768133.861,2507,565955,0,0.00000000,0.00000000,0.00,0,0,0.36,0.374,0.3430,0.2450,1.6170,1.6710,0.625061,0.098816,-0.057556,0.772156,7.764,72.5,-1
1782768134.111,2508,566177,0,0.00000000,0.00000000,0.00,0,0,0.29,0.012,0.5390,1.1270,2.1070,2.4495,0.625061,0.098877,-0.057556,0.772156,7.762,72.5,-1
1782768134.360,2509,566398,0,0.00000000,0.00000000,0.00,0,0,0.37,0.409,0.6860,1.2740,1.3720,1.9940,0.625061,0.098877,-0.057617,0.772156,7.764,72.5,-1
1782768134.544,2510,566617,0,0.00000000,0.00000000,0.00,0,0,0.34,-0.139,0.4900,0.6370,1.5680,1.7620,0.625061,0.098877,-0.057617,0.772156,7.764,70.0,-1
1782768134.793,2511,566838,0,0.00000000,0.00000000,0.00,0,0,0.35,0.018,0.2450,1.2740,1.4210,1.9241,0.625061,0.098877,-0.057617,0.772156,7.764,70.0,-1
1782768134.979,2512,567060,0,0.00000000,0.00000000,0.00,0,0,0.27,-0.403,0.3430,-0.1960,2.1560,2.1919,0.625061,0.098938,-0.057617,0.772156,7.764,71.2,-1
1782768135.230,2513,567288,0,0.00000000,0.00000000,0.00,0,0,0.37,0.185,0.1960,0.6860,1.9110,2.0398,0.625061,0.098877,-0.057556,0.772156,7.765,67.5,-1
1782768135.478,2514,567527,0,0.00000000,0.00000000,0.00,0,0,0.40,0.574,0.0000,0.6860,1.9110,2.0304,0.625061,0.098938,-0.057556,0.772156,7.764,68.8,-1
1782768135.682,2515,567750,0,0.00000000,0.00000000,0.00,0,0,0.35,0.146,-0.0980,1.1270,1.5190,1.8940,0.625061,0.098938,-0.057617,0.772156,7.766,67.5,-1
1782768135.928,2516,567973,0,0.00000000,0.00000000,0.00,0,0,0.37,0.183,0.3920,0.2940,1.6660,1.7366,0.625061,0.098877,-0.057556,0.772156,7.759,80.0,-1
1782768136.115,2517,568201,0,0.00000000,0.00000000,0.00,0,0,0.35,-0.052,1.1270,0.7840,1.9600,2.3930,0.625061,0.098816,-0.057495,0.772156,7.764,70.0,-1
1782768136.363,2518,568422,0,0.00000000,0.00000000,0.00,0,0,0.35,0.134,-0.1470,0.6860,1.0290,1.2454,0.625061,0.098816,-0.057556,0.772156,7.761,75.0,-1
1782768136.547,2519,568639,0,0.00000000,0.00000000,0.00,0,0,0.38,0.520,0.1470,0.3430,0.0980,0.3858,0.625061,0.098877,-0.057556,0.772156,7.761,81.2,-1
1782768136.798,2520,568859,0,0.00000000,0.00000000,0.00,0,0,0.38,0.232,0.0980,0.1470,0.0000,0.1767,0.625061,0.098877,-0.057617,0.772156,7.759,81.2,-1
1782768136.987,2521,569079,0,0.00000000,0.00000000,0.00,0,0,0.29,-0.279,0.1960,0.6370,1.1760,1.3517,0.625061,0.098877,-0.057617,0.772156,7.759,82.5,-1
1782768137.235,2522,569305,0,0.00000000,0.00000000,0.00,0,0,0.38,0.425,0.6370,0.4410,2.1070,2.2449,0.625061,0.098877,-0.057617,0.772156,7.759,78.8,-1
1782768137.484,2523,569524,0,0.00000000,0.00000000,0.00,0,0,0.34,-0.117,0.8820,-0.1470,2.8420,2.9793,0.625061,0.098877,-0.057617,0.772156,7.759,77.5,-1
1782768137.672,2524,569745,0,0.00000000,0.00000000,0.00,0,0,0.38,0.255,0.0980,0.7350,1.6660,1.8236,0.625061,0.098938,-0.057617,0.772156,7.759,75.0,-1
1782768137.940,2525,569966,0,0.00000000,0.00000000,0.00,0,0,0.33,0.172,0.2450,-0.2450,1.2250,1.2731,0.625061,0.098938,-0.057556,0.772156,7.761,75.0,-1
1782768138.127,2526,570194,0,0.00000000,0.00000000,0.00,0,0,0.26,-0.473,0.4900,0.3430,1.5190,1.6325,0.625061,0.098877,-0.057495,0.772156,7.761,73.8,-1
1782768138.315,2527,570412,0,0.00000000,0.00000000,0.00,0,0,0.32,-0.049,0.1960,0.7350,1.9110,2.0568,0.625061,0.098877,-0.057495,0.772156,7.759,75.0,-1
1782768138.566,2528,570627,0,0.00000000,0.00000000,0.00,0,0,0.21,-0.483,0.3920,0.5880,1.5190,1.6753,0.625061,0.098816,-0.057434,0.772156,7.761,76.2,-1
1782768138.815,2529,570855,0,0.00000000,0.00000000,0.00,0,0,0.29,0.170,0.2940,0.2940,2.0580,2.0996,0.625061,0.098816,-0.057495,0.772156,7.760,76.2,-1
1782768139.002,2530,571076,0,0.00000000,0.00000000,0.00,0,0,0.33,0.262,0.5880,0.4900,1.3230,1.5285,0.625061,0.098816,-0.057495,0.772156,7.760,70.0,-1
1782768139.250,2531,571296,0,0.00000000,0.00000000,0.00,0,0,0.23,-0.398,-0.1960,0.7840,1.2740,1.5087,0.625061,0.098877,-0.057495,0.772156,7.760,73.8,-1
1782768139.436,2532,571508,0,0.00000000,0.00000000,0.00,0,0,0.19,-0.289,0.4410,0.3920,1.8620,1.9533,0.625061,0.098877,-0.057434,0.772156,7.759,77.5,-1
1782768139.684,2533,571730,0,0.00000000,0.00000000,0.00,0,0,0.22,-0.066,0.7350,0.3430,1.6660,1.8530,0.625061,0.098877,-0.057434,0.772156,7.758,72.5,-1
1782768139.870,2534,571957,0,0.00000000,0.00000000,0.00,0,0,0.34,0.340,0.4410,0.4900,1.3720,1.5222,0.625061,0.098877,-0.057495,0.772156,7.759,75.0,-1
1782768140.120,2535,572179,0,0.00000000,0.00000000,0.00,0,0,0.26,-0.593,0.3430,0.6370,1.6660,1.8163,0.625061,0.098816,-0.057495,0.772156,7.760,77.5,-1
1782768140.306,2536,572397,0,0.00000000,0.00000000,0.00,0,0,0.40,0.399,0.3920,0.3920,2.1560,2.2261,0.625061,0.098755,-0.057434,0.772156,7.760,78.8,-1
1782768140.554,2537,572618,0,0.00000000,0.00000000,0.00,0,0,0.24,-0.681,0.5880,0.5390,1.2250,1.4618,0.625061,0.098816,-0.057434,0.772156,7.761,78.8,-1
1782768140.801,2538,572840,0,0.00000000,0.00000000,0.00,0,0,0.16,-0.302,-0.7840,0.6860,1.0290,1.4643,0.625061,0.098816,-0.057373,0.772156,7.765,68.8,-1
1782768140.989,2539,573063,0,0.00000000,0.00000000,0.00,0,0,0.15,-0.142,0.2940,0.7840,1.6170,1.8209,0.625061,0.098816,-0.057312,0.772156,7.764,76.2,-1
1782768141.238,2540,573289,0,0.00000000,0.00000000,0.00,0,0,0.20,-0.280,0.1960,0.4900,1.6170,1.7009,0.625061,0.098877,-0.057251,0.772156,7.755,80.0,-1
1782768141.423,2541,573506,0,0.00000000,0.00000000,0.00,0,0,0.26,0.179,0.1960,0.5880,1.6660,1.7776,0.625061,0.098938,-0.057373,0.772156,7.760,75.0,-1
1782768141.672,2542,573734,0,0.00000000,0.00000000,0.00,0,0,0.29,0.326,0.3920,0.1960,1.7150,1.7701,0.625061,0.098938,-0.057434,0.772156,7.759,78.8,-1
1782768141.919,2543,573956,0,0.00000000,0.00000000,0.00,0,0,0.23,0.066,0.4410,0.2450,1.8130,1.8819,0.625061,0.098999,-0.057434,0.772156,7.759,77.5,-1
1782768142.107,2544,574180,0,0.00000000,0.00000000,0.00,0,0,0.30,0.156,0.4410,0.8820,1.6170,1.8940,0.625061,0.099060,-0.057373,0.772156,7.759,71.2,-1
1782768142.353,2545,574405,0,0.00000000,0.00000000,0.00,0,0,0.43,0.703,0.2940,0.5880,1.4700,1.6103,0.625061,0.098999,-0.057434,0.772156,7.760,75.0,-1
1782768142.542,2546,574619,0,0.00000000,0.00000000,0.00,0,0,0.20,-0.338,0.3920,0.8330,1.3720,1.6523,0.625061,0.098999,-0.057434,0.772156,7.759,77.5,-1
1782768142.790,2547,574845,0,0.00000000,0.00000000,0.00,0,0,0.26,0.048,0.1960,0.4410,1.7640,1.8288,0.625061,0.098999,-0.057617,0.772156,7.761,72.5,-1
1782768142.976,2548,575064,0,0.00000000,0.00000000,0.00,0,0,0.26,0.258,-0.0490,0.7350,1.4700,1.6442,0.625061,0.098999,-0.057617,0.772156,7.761,73.8,-1
1782768143.226,2549,575286,0,0.00000000,0.00000000,0.00,0,0,0.29,0.316,-0.1470,1.2740,1.4210,1.9141,0.625061,0.098999,-0.057556,0.772156,7.764,71.2,-1
1782768143.476,2550,575528,0,0.00000000,0.00000000,0.00,0,0,0.32,0.398,0.1470,0.4410,1.0780,1.1740,0.625061,0.099060,-0.057556,0.772156,7.761,70.0,-1
1782768143.663,2551,575755,0,0.00000000,0.00000000,0.00,0,0,0.24,-0.397,0.5880,0.5880,1.0290,1.3230,0.625061,0.098999,-0.057434,0.772156,7.759,73.8,-1
1782768143.911,2552,575977,0,0.00000000,0.00000000,0.00,0,0,0.22,-0.237,0.0490,1.0780,0.9310,1.4252,0.625061,0.099060,-0.057373,0.772156,7.758,76.2,-1
1782768144.159,2553,576199,0,0.00000000,0.00000000,0.00,0,0,0.30,0.136,0.3430,0.8820,1.4700,1.7483,0.625061,0.098999,-0.057434,0.772156,7.761,75.0,-1
1782768144.345,2554,576418,0,0.00000000,0.00000000,0.00,0,0,0.17,-0.801,0.9310,0.4900,2.1070,2.3551,0.625061,0.098999,-0.057495,0.772156,7.760,77.5,-1
1782768144.595,2555,576633,0,0.00000000,0.00000000,0.00,0,0,0.25,0.128,0.0490,2.0090,1.8620,2.7396,0.625061,0.098999,-0.057556,0.772156,7.761,70.0,-1
1782768144.783,2556,576860,0,0.00000000,0.00000000,0.00,0,0,0.28,-0.073,0.6860,0.7840,1.0290,1.4643,0.625061,0.098877,-0.057495,0.772156,7.762,70.0,-1
1782768145.032,2557,577081,0,0.00000000,0.00000000,0.00,0,0,0.31,0.315,-0.1470,0.4900,1.4210,1.5103,0.625061,0.098877,-0.057434,0.772156,7.762,72.5,-1
1782768145.218,2558,577299,0,0.00000000,0.00000000,0.00,0,0,0.28,-0.078,0.5880,0.6860,1.4210,1.6839,0.625061,0.098938,-0.057434,0.772156,7.762,78.8,-1
1782768145.468,2559,577515,0,0.00000000,0.00000000,0.00,0,0,0.31,0.190,1.1760,0.4410,2.7930,3.0624,0.625061,0.098938,-0.057495,0.772156,7.761,70.0,-1
1782768145.654,2560,577742,0,0.00000000,0.00000000,0.00,0,0,0.26,-0.045,-0.0980,1.1760,1.3230,1.7728,0.625061,0.098938,-0.057556,0.772156,7.762,68.8,-1
1782768145.905,2561,577963,0,0.00000000,0.00000000,0.00,0,0,0.30,0.074,0.4410,0.8330,1.8130,2.0434,0.625061,0.098938,-0.057556,0.772156,7.762,71.2,-1
1782768146.093,2562,578181,0,0.00000000,0.00000000,0.00,0,0,0.34,0.432,0.3430,1.2250,0.9310,1.5764,0.625061,0.098938,-0.057617,0.772156,7.758,72.5,-1
1782768146.343,2563,578401,0,0.00000000,0.00000000,0.00,0,0,0.18,-0.481,1.0780,0.5880,1.0290,1.6021,0.625061,0.098938,-0.057617,0.772156,7.760,75.0,-1
1782768146.531,2564,578613,0,0.00000000,0.00000000,0.00,0,0,0.23,-0.068,0.8330,0.5390,2.4990,2.6888,0.625061,0.098938,-0.057617,0.772156,7.762,72.5,-1
1782768146.777,2565,578836,0,0.00000000,0.00000000,0.00,0,0,0.28,0.162,1.6170,0.1960,2.5480,3.0241,0.625061,0.098877,-0.057556,0.772156,7.762,71.2,-1
1782768146.965,2566,579059,0,0.00000000,0.00000000,0.00,0,0,0.35,-0.081,0.5390,0.5390,1.9110,2.0574,0.625061,0.098877,-0.057556,0.772156,7.765,73.8,-1
1782768147.214,2567,579286,0,0.00000000,0.00000000,0.00,0,0,0.29,-0.116,0.2450,0.3920,1.2250,1.3093,0.625061,0.098816,-0.057556,0.772156,7.762,71.2,-1
1782768147.463,2568,579505,0,0.00000000,0.00000000,0.00,0,0,0.30,-0.274,0.1960,0.0980,1.9600,1.9722,0.625061,0.098816,-0.057556,0.772156,7.761,75.0,-1
1782768147.651,2569,579724,0,0.00000000,0.00000000,0.00,0,0,0.30,0.169,1.0290,1.0290,0.9800,1.7544,0.625061,0.098816,-0.057434,0.772156,7.762,76.2,-1
1782768147.902,2570,579944,0,0.00000000,0.00000000,0.00,0,0,0.27,-0.031,0.8330,0.1960,2.0580,2.2288,0.625061,0.098816,-0.057373,0.772156,7.762,75.0,-1
1782768148.089,2571,580169,0,0.00000000,0.00000000,0.00,0,0,0.32,0.204,0.9800,0.3430,2.4500,2.6609,0.625061,0.098816,-0.057373,0.772156,7.764,76.2,-1
1782768148.338,2572,580395,0,0.00000000,0.00000000,0.00,0,0,0.30,0.292,0.1470,0.7350,1.6660,1.8269,0.625061,0.098816,-0.057434,0.772156,7.762,73.8,-1
1782768148.524,2573,580607,0,0.00000000,0.00000000,0.00,0,0,0.25,-0.307,0.8330,0.0980,2.5970,2.7291,0.625061,0.098816,-0.057495,0.772156,7.762,76.2,-1
1782768148.775,2574,580827,0,0.00000000,0.00000000,0.00,0,0,0.32,0.702,0.7840,0.8820,2.6460,2.8972,0.625061,0.098938,-0.057434,0.772156,7.760,77.5,-1
1782768148.963,2575,581049,0,0.00000000,0.00000000,0.00,0,0,0.23,-0.159,0.0000,0.8820,1.1270,1.4311,0.625061,0.098877,-0.057434,0.772156,7.762,72.5,-1
1782768149.230,2576,581269,0,0.00000000,0.00000000,0.00,0,0,0.22,-0.492,1.8130,0.8330,3.1850,3.7583,0.625061,0.098816,-0.057434,0.772156,7.761,73.8,-1
1782768149.477,2577,581513,0,0.00000000,0.00000000,0.00,0,0,0.31,0.476,0.1470,1.1270,1.8620,2.1815,0.625061,0.098816,-0.057434,0.772156,7.761,72.5,-1
1782768149.664,2578,581738,0,0.00000000,0.00000000,0.00,0,0,0.27,-0.046,0.9800,-0.0490,1.8620,2.1047,0.625061,0.098816,-0.057495,0.772156,7.761,73.8,-1
1782768149.912,2579,581960,0,0.00000000,0.00000000,0.00,0,0,0.25,-0.085,0.2450,0.5390,1.8620,1.9539,0.625061,0.098816,-0.057495,0.772156,7.764,67.5,-1
1782768150.098,2580,582183,0,0.00000000,0.00000000,0.00,0,0,0.29,0.207,-0.8330,1.3720,-0.8820,1.8314,0.625061,0.098938,-0.057495,0.772156,7.766,71.2,-1
1782768150.347,2581,582410,0,0.00000000,0.00000000,0.00,0,0,0.23,-0.240,0.0490,1.4700,-0.0490,1.4716,0.625061,0.098999,-0.057434,0.772156,7.762,78.8,-1
1782768150.534,2582,582627,0,0.00000000,0.00000000,0.00,0,0,0.25,-0.117,0.2940,-0.1960,0.2940,0.4597,0.625061,0.098999,-0.057495,0.772156,7.764,73.8,-1
1782768150.782,2583,582851,0,0.00000000,0.00000000,0.00,0,0,0.19,-0.167,0.1960,0.5390,1.5190,1.6237,0.625061,0.098999,-0.057495,0.772156,7.759,75.0,-1
1782768151.031,2584,583074,0,0.00000000,0.00000000,0.00,0,0,0.29,0.421,0.0000,2.0580,1.2740,2.4204,0.625061,0.098999,-0.057495,0.772156,7.758,72.5,-1
1782768151.217,2585,583274,0,0.00000000,0.00000000,0.00,0,0,0.35,0.532,0.0490,0.3430,1.5680,1.6058,0.625061,0.098999,-0.057556,0.772156,7.759,73.8,-1
1782768151.469,2586,583520,0,0.00000000,0.00000000,0.00,0,0,0.29,0.479,0.3920,0.2940,0.6860,0.8430,0.625061,0.098938,-0.057556,0.772156,7.759,76.2,-1
1782768151.654,2587,583744,0,0.00000000,0.00000000,0.00,0,0,0.35,0.777,0.3920,0.6370,1.4210,1.6058,0.625061,0.098816,-0.057556,0.772156,7.762,71.2,-1
1782768151.904,2588,583964,0,0.00000000,0.00000000,0.00,0,0,0.18,-0.585,0.2450,0.4410,1.2250,1.3248,0.625061,0.098816,-0.057617,0.772156,7.761,77.5,-1
1782768152.091,2589,584187,0,0.00000000,0.00000000,0.00,0,0,0.31,0.207,0.3920,0.8330,1.9600,2.1654,0.625061,0.098877,-0.057617,0.772156,7.761,72.5,-1
1782768152.340,2590,584405,0,0.00000000,0.00000000,0.00,0,0,0.15,-0.965,0.3430,0.6370,1.4700,1.6384,0.625061,0.098877,-0.057617,0.772156,7.761,76.2,-1
1782768152.589,2591,584625,0,0.00000000,0.00000000,0.00,0,0,0.15,-0.190,0.1960,0.3920,1.2250,1.3010,0.625061,0.098938,-0.057556,0.772156,7.760,76.2,-1
1782768152.775,2592,584848,0,0.00000000,0.00000000,0.00,0,0,0.11,-0.269,0.3920,0.2940,0.9310,1.0521,0.625061,0.098999,-0.057556,0.772156,7.760,73.8,-1
1782768153.025,2593,585070,0,0.00000000,0.00000000,0.00,0,0,0.10,-0.083,0.3920,0.2450,1.6660,1.7289,0.625061,0.098999,-0.057556,0.772156,7.761,72.5,-1
1782768153.212,2594,585288,0,0.00000000,0.00000000,0.00,0,0,0.33,1.229,-0.1470,1.1270,1.7150,2.0574,0.625061,0.098999,-0.057556,0.772156,7.760,75.0,-1
1782768153.460,2595,585533,0,0.00000000,0.00000000,0.00,0,0,0.14,-0.288,0.3920,0.3920,2.2050,2.2736,0.625061,0.099060,-0.057495,0.772156,7.761,75.0,-1
1782768153.709,2596,585761,0,0.00000000,0.00000000,0.00,0,0,0.07,-0.316,-0.1960,1.1760,0.7840,1.4269,0.625061,0.098999,-0.057556,0.772156,7.760,75.0,-1
1782768153.896,2597,585986,0,0.00000000,0.00000000,0.00,0,0,0.10,-0.012,0.1960,0.7840,1.7150,1.8959,0.625061,0.098999,-0.057556,0.772156,7.762,73.8,-1
1782768154.145,2598,586211,0,0.00000000,0.00000000,0.00,0,0,0.02,-0.311,0.4900,0.9310,1.1270,1.5417,0.625061,0.098999,-0.057495,0.772156,7.761,72.5,-1
1782768154.392,2599,586430,0,0.00000000,0.00000000,0.00,0,0,0.27,0.801,0.4900,0.8330,2.0090,2.2294,0.625061,0.098877,-0.057434,0.772156,7.759,75.0,-1
1782768154.578,2600,586646,0,0.00000000,0.00000000,0.00,0,0,0.12,-0.533,0.5390,0.3430,1.4700,1.6028,0.625061,0.098938,-0.057373,0.772156,7.760,75.0,-1
1782768154.826,2601,586874,0,0.00000000,0.00000000,0.00,0,0,0.05,-0.645,0.6860,0.1960,1.6660,1.8123,0.625061,0.098999,-0.057373,0.772156,7.761,73.8,-1
1782768155.016,2602,587101,0,0.00000000,0.00000000,0.00,0,0,0.11,0.301,0.2450,0.5390,2.0580,2.1415,0.625061,0.098999,-0.057434,0.772156,7.761,76.2,-1
1782768155.264,2603,587323,0,0.00000000,0.00000000,0.00,0,0,0.26,0.593,0.0000,1.3230,1.5680,2.0516,0.625061,0.098999,-0.057495,0.772156,7.756,72.5,-1
1782768155.453,2604,587540,0,0.00000000,0.00000000,0.00,0,0,0.14,-0.386,0.2450,0.4900,1.4700,1.5688,0.625061,0.098999,-0.057556,0.772156,7.758,78.8,-1
1782768155.702,2605,587765,0,0.00000000,0.00000000,0.00,0,0,0.14,-0.140,0.1470,0.9800,1.0290,1.4286,0.625061,0.098938,-0.057495,0.772156,7.760,75.0,-1
1782768155.951,2606,587988,0,0.00000000,0.00000000,0.00,0,0,0.16,-0.076,0.2450,0.3430,1.4700,1.5292,0.625061,0.098999,-0.057495,0.772156,7.759,75.0,-1
1782768156.138,2607,588216,0,0.00000000,0.00000000,0.00,0,0,0.27,0.421,0.2940,0.6370,1.5190,1.6732,0.625061,0.098999,-0.057556,0.772156,7.762,66.2,-1
1782768156.389,2608,588435,0,0.00000000,0.00000000,0.00,0,0,0.21,-0.190,0.2940,0.3430,1.2250,1.3056,0.625061,0.098999,-0.057556,0.772156,7.761,75.0,-1
1782768156.574,2609,588658,0,0.00000000,0.00000000,0.00,0,0,0.14,-0.224,0.3430,0.2940,1.4210,1.4911,0.625061,0.098999,-0.057556,0.772156,7.762,77.5,-1
1782768156.821,2610,588878,0,0.00000000,0.00000000,0.00,0,0,0.20,-0.092,0.0980,0.9310,1.5190,1.7843,0.625000,0.098938,-0.057617,0.772156,7.762,75.0,-1
1782768157.008,2611,589098,0,0.00000000,0.00000000,0.00,0,0,0.26,0.513,0.4410,0.7350,2.1560,2.3201,0.625000,0.098938,-0.057617,0.772156,7.761,73.8,-1
1782768157.258,2612,589318,0,0.00000000,0.00000000,0.00,0,0,0.33,0.361,0.5390,0.6860,1.2250,1.5039,0.625061,0.098999,-0.057556,0.772156,7.760,75.0,-1
1782768157.446,2613,589530,0,0.00000000,0.00000000,0.00,0,0,0.22,-0.586,1.2250,0.5390,2.0580,2.4549,0.625061,0.098999,-0.057617,0.772156,7.758,75.0,-1
1782768157.695,2614,589730,0,0.00000000,0.00000000,0.00,0,0,0.28,-0.050,0.6370,0.2940,1.3720,1.5410,0.625000,0.098999,-0.057617,0.772156,7.759,75.0,-1
1782768157.883,2615,589949,0,0.00000000,0.00000000,0.00,0,0,0.15,-0.264,0.4900,0.1960,2.0580,2.1246,0.625000,0.098999,-0.057617,0.772156,7.760,77.5,-1
1782768158.132,2616,590169,0,0.00000000,0.00000000,0.00,0,0,0.24,0.021,0.9310,1.0290,3.0870,3.3845,0.625000,0.098999,-0.057617,0.772156,7.758,75.0,-1
1782768158.317,2617,590390,0,0.00000000,0.00000000,0.00,0,0,0.24,-0.084,0.1470,-0.3430,0.8820,0.9577,0.625000,0.098999,-0.057617,0.772156,7.758,73.8,-1
1782768158.517,2618,590603,0,0.00000000,0.00000000,0.00,0,0,0.23,-0.225,0.1470,0.5880,1.4700,1.5900,0.625000,0.098999,-0.057617,0.772156,7.762,71.2,-1
1782768158.770,2619,590827,0,0.00000000,0.00000000,0.00,0,0,0.29,0.093,0.4410,0.3430,1.1760,1.3020,0.625000,0.098999,-0.057617,0.772156,7.760,76.2,-1
1782768159.018,2620,591054,0,0.00000000,0.00000000,0.00,0,0,0.29,-0.236,0.1470,1.0290,1.1270,1.5332,0.625000,0.098999,-0.057617,0.772156,7.759,76.2,-1
1782768159.203,2621,591271,0,0.00000000,0.00000000,0.00,0,0,0.26,-0.082,0.3430,0.5880,1.8620,1.9825,0.625061,0.098999,-0.057617,0.772156,7.758,75.0,-1
1782768159.454,2622,591512,0,0.00000000,0.00000000,0.00,0,0,0.21,-0.336,0.0000,0.9310,2.1070,2.3035,0.625061,0.098999,-0.057617,0.772156,7.759,76.2,-1
1782768159.639,2623,591735,0,0.00000000,0.00000000,0.00,0,0,0.19,-0.311,0.4410,0.2940,1.2740,1.3799,0.625061,0.098938,-0.057617,0.772156,7.762,77.5,-1
1782768159.891,2624,591958,0,0.00000000,0.00000000,0.00,0,0,0.32,0.735,0.6370,0.6860,0.8820,1.2862,0.625000,0.098938,-0.057617,0.772156,7.759,77.5,-1
1782768160.140,2625,592186,0,0.00000000,0.00000000,0.00,0,0,0.31,-0.090,0.5880,-0.2940,1.9600,2.0673,0.625061,0.098999,-0.057617,0.772156,7.760,72.5,-1
1782768160.327,2626,592406,0,0.00000000,0.00000000,0.00,0,0,0.24,-0.512,-0.0490,0.7840,1.5680,1.7538,0.625061,0.098938,-0.057556,0.772156,7.761,72.5,-1
1782768160.575,2627,592624,0,0.00000000,0.00000000,0.00,0,0,0.25,-0.268,0.0490,0.6860,1.2250,1.4049,0.625061,0.098938,-0.057556,0.772156,7.759,75.0,-1
1782768160.760,2628,592845,0,0.00000000,0.00000000,0.00,0,0,0.35,0.384,0.4410,0.3920,1.4700,1.5840,0.625061,0.098877,-0.057556,0.772156,7.760,73.8,-1
1782768161.011,2629,593065,0,0.00000000,0.00000000,0.00,0,0,0.42,0.299,0.3920,0.1960,0.7840,0.8982,0.625061,0.098877,-0.057556,0.772156,7.759,75.0,-1
1782768161.199,2630,593284,0,0.00000000,0.00000000,0.00,0,0,0.41,0.479,0.8820,0.1960,2.1070,2.2926,0.625061,0.098938,-0.057617,0.772156,7.760,76.2,-1
1782768161.448,2631,593531,0,0.00000000,0.00000000,0.00,0,0,0.31,-0.370,0.3920,0.8820,1.5190,1.7997,0.625061,0.098877,-0.057556,0.772156,7.761,72.5,-1
1782768161.695,2632,593757,0,0.00000000,0.00000000,0.00,0,0,0.40,-0.107,0.7350,0.2940,2.7930,2.9030,0.625061,0.098877,-0.057556,0.772156,7.759,80.0,-1
1782768161.943,2633,593979,0,0.00000000,0.00000000,0.00,0,0,0.48,0.387,0.1960,0.1470,1.8620,1.8780,0.625061,0.098938,-0.057617,0.772156,7.758,82.5,-1
1782768162.130,2634,594199,0,0.00000000,0.00000000,0.00,0,0,0.41,-0.269,0.7840,0.1960,2.4990,2.6264,0.625061,0.098999,-0.057556,0.772156,7.758,81.2,-1
1782768162.382,2635,594420,0,0.00000000,0.00000000,0.00,0,0,0.46,-0.063,-0.1470,1.4210,1.2740,1.9141,0.625061,0.099060,-0.057495,0.772156,7.760,73.8,-1
1782768162.570,2636,594638,0,0.00000000,0.00000000,0.00,0,0,0.43,-0.267,-0.4410,1.4700,0.5390,1.6266,0.625061,0.099060,-0.057495,0.772156,7.755,82.5,-1
1782768162.815,2637,594860,0,0.00000000,0.00000000,0.00,0,0,0.40,-0.261,0.0980,0.6860,1.1270,1.3230,0.625061,0.099060,-0.057495,0.772156,7.758,76.2,-1
1782768163.002,2638,595079,0,0.00000000,0.00000000,0.00,0,0,0.40,-0.072,0.6370,0.5390,1.5190,1.7331,0.625061,0.099060,-0.057495,0.772156,7.758,83.8,-1
1782768163.253,2639,595301,0,0.00000000,0.00000000,0.00,0,0,0.36,-0.197,-0.2450,0.8820,1.3230,1.6088,0.625061,0.099060,-0.057495,0.772156,7.761,75.0,-1
1782768163.440,2640,595513,0,0.00000000,0.00000000,0.00,0,0,0.40,0.166,0.2450,0.7840,1.6170,1.8137,0.625061,0.099060,-0.057495,0.772156,7.761,75.0,-1
1782768163.692,2641,595734,0,0.00000000,0.00000000,0.00,0,0,0.41,-0.001,0.1960,0.4900,2.0090,2.0772,0.625061,0.099121,-0.057495,0.772156,7.760,73.8,-1
1782768163.875,2642,595955,0,0.00000000,0.00000000,0.00,0,0,0.46,-0.011,0.0000,1.1270,1.3720,1.7755,0.625061,0.099060,-0.057495,0.772156,7.764,72.5,-1
1782768164.125,2643,596172,0,0.00000000,0.00000000,0.00,0,0,0.50,0.193,0.3920,0.2450,1.9110,1.9661,0.625061,0.099060,-0.057556,0.772156,7.762,75.0,-1
1782768164.311,2644,596393,0,0.00000000,0.00000000,0.00,0,0,0.60,0.525,0.0490,0.5880,1.6170,1.7213,0.625061,0.099060,-0.057556,0.772156,7.760,77.5,-1
1782768164.560,2645,596611,0,0.00000000,0.00000000,0.00,0,0,0.40,-0.388,0.5880,0.5390,1.1760,1.4210,0.625061,0.099060,-0.057556,0.772156,7.760,76.2,-1
1782768164.750,2646,596837,0,0.00000000,0.00000000,0.00,0,0,0.47,0.300,0.3430,0.4900,1.0290,1.1902,0.625061,0.098999,-0.057617,0.772156,7.762,72.5,-1
1782768164.999,2647,597056,0,0.00000000,0.00000000,0.00,0,0,0.49,0.229,0.0980,0.7840,1.9600,2.1133,0.625000,0.098999,-0.057617,0.772156,7.760,72.5,-1
1782768165.202,2648,597275,0,0.00000000,0.00000000,0.00,0,0,0.45,0.110,0.2450,0.5390,2.0090,2.0944,0.625000,0.098999,-0.057617,0.772156,7.760,75.0,-1
1782768165.452,2649,597518,0,0.00000000,0.00000000,0.00,0,0,0.44,-0.041,0.0980,0.6860,1.6660,1.8044,0.625000,0.098999,-0.057617,0.772156,7.764,70.0,-1
1782768165.701,2650,597745,0,0.00000000,0.00000000,0.00,0,0,0.52,0.264,0.6860,1.1270,1.7640,2.2028,0.625000,0.098999,-0.057678,0.772156,7.759,78.8,-1
1782768165.902,2651,597973,0,0.00000000,0.00000000,0.00,0,0,0.49,-0.548,0.4900,0.3920,1.4700,1.5983,0.625000,0.098999,-0.057678,0.772156,7.759,78.8,-1
1782768166.150,2652,598199,0,0.00000000,0.00000000,0.00,0,0,0.36,-0.479,0.2450,0.5880,1.8130,1.9216,0.625000,0.098938,-0.057739,0.772156,7.761,76.2,-1
1782768166.339,2653,598417,0,0.00000000,0.00000000,0.00,0,0,0.46,0.280,0.3920,0.5390,1.0780,1.2674,0.625000,0.098877,-0.057678,0.772156,7.762,72.5,-1
1782768166.540,2654,598633,0,0.00000000,0.00000000,0.00,0,0,0.52,0.259,0.2940,0.3430,1.7150,1.7735,0.625000,0.098877,-0.057678,0.772156,7.760,77.5,-1
1782768166.804,2655,598859,0,0.00000000,0.00000000,0.00,0,0,0.55,0.299,0.6370,0.1470,2.0090,2.1127,0.625000,0.098938,-0.057617,0.772156,7.761,78.8,-1
1782768167.006,2656,599082,0,0.00000000,0.00000000,0.00,0,0,0.39,-0.453,0.6860,0.3430,2.2050,2.3346,0.625061,0.098999,-0.057556,0.772156,7.764,77.5,-1
1782768167.254,2657,599308,0,0.00000000,0.00000000,0.00,0,0,0.48,0.191,0.3430,1.2250,1.1270,1.6995,0.625061,0.099060,-0.057495,0.772156,7.756,77.5,-1
1782768167.441,2658,599528,0,0.00000000,0.00000000,0.00,0,0,0.58,0.365,0.2940,0.7350,1.7150,1.8889,0.625061,0.099060,-0.057556,0.772156,7.756,76.2,-1
1782768167.690,2659,599752,0,0.00000000,0.00000000,0.00,0,0,0.43,-0.323,0.1960,0.9310,1.3720,1.6696,0.625061,0.098999,-0.057556,0.772156,7.760,75.0,-1
1782768167.877,2660,599971,0,0.00000000,0.00000000,0.00,0,0,0.47,0.102,0.2450,0.4900,2.0580,2.1297,0.625061,0.098999,-0.057617,0.772156,7.754,81.2,-1
1782768168.126,2661,600193,0,0.00000000,0.00000000,0.00,0,0,0.42,-0.377,0.7840,0.7840,2.9890,3.1880,0.625000,0.098999,-0.057617,0.772156,7.756,77.5,-1
1782768168.376,2662,600412,0,0.00000000,0.00000000,0.00,0,0,0.51,0.015,0.0000,0.9310,0.9800,1.3517,0.625000,0.098999,-0.057617,0.772156,7.756,81.2,-1
1782768168.562,2663,600622,0,0.00000000,0.00000000,0.00,0,0,0.49,-0.287,0.2940,0.7350,1.0780,1.3374,0.625000,0.098999,-0.057617,0.772156,7.762,78.8,-1
1782768168.751,2664,600845,0,0.00000000,0.00000000,0.00,0,0,0.43,-0.121,0.1470,0.4900,1.4700,1.5565,0.625000,0.098938,-0.057617,0.772156,7.761,73.8,-1
1782768169.000,2665,601065,0,0.00000000,0.00000000,0.00,0,0,0.52,0.435,0.4410,1.4210,0.5390,1.5825,0.625061,0.098999,-0.057556,0.772156,7.760,71.2,-1
1782768169.247,2666,601289,0,0.00000000,0.00000000,0.00,0,0,0.56,0.362,0.2940,0.1470,0.7840,0.8501,0.625061,0.098999,-0.057495,0.772156,7.764,70.0,-1
1782768169.433,2667,601511,0,0.00000000,0.00000000,0.00,0,0,0.44,-0.644,0.4900,0.1470,1.4210,1.5103,0.625061,0.098999,-0.057556,0.772156,7.762,71.2,-1
1782768169.682,2668,601735,0,0.00000000,0.00000000,0.00,0,0,0.59,0.538,0.0980,0.7840,0.7350,1.0791,0.625061,0.099060,-0.057495,0.772156,7.761,73.8,-1
1782768169.870,2669,601957,0,0.00000000,0.00000000,0.00,0,0,0.50,0.172,0.5390,0.6860,2.3520,2.5086,0.625061,0.099060,-0.057495,0.772156,7.761,73.8,-1
1782768170.119,2670,602175,0,0.00000000,0.00000000,0.00,0,0,0.41,-0.757,0.2940,0.4900,1.0780,1.2201,0.625061,0.099060,-0.057495,0.772156,7.760,73.8,-1
1782768170.305,2671,602399,0,0.00000000,0.00000000,0.00,0,0,0.39,-0.400,1.5190,0.7840,2.4500,2.9874,0.625061,0.098999,-0.057556,0.772156,7.759,76.2,-1
1782768170.556,2672,602610,0,0.00000000,0.00000000,0.00,0,0,0.40,-0.391,-0.1470,0.8330,0.4410,0.9539,0.625061,0.098999,-0.057556,0.772156,7.762,70.0,-1
1782768170.743,2673,602828,0,0.00000000,0.00000000,0.00,0,0,0.38,-0.057,-0.0490,0.3920,1.3720,1.4277,0.625061,0.099060,-0.057495,0.772156,7.762,73.8,-1
1782768170.993,2674,603049,0,0.00000000,0.00000000,0.00,0,0,0.47,0.770,0.0000,0.5880,1.2250,1.3588,0.625061,0.099060,-0.057495,0.772156,7.761,70.0,-1
1782768171.179,2675,603272,0,0.00000000,0.00000000,0.00,0,0,0.45,0.027,1.1270,0.7840,1.5680,2.0841,0.625061,0.098999,-0.057556,0.772156,7.764,68.8,-1
1782768171.426,2676,603520,0,0.00000000,0.00000000,0.00,0,0,0.52,0.359,0.1470,1.5680,1.0290,1.8812,0.625061,0.098999,-0.057556,0.772156,7.760,73.8,-1
1782768171.675,2677,603743,0,0.00000000,0.00000000,0.00,0,0,0.46,0.203,0.6370,0.8820,1.3230,1.7129,0.625061,0.098999,-0.057617,0.772156,7.762,75.0,-1
1782768171.923,2678,603971,0,0.00000000,0.00000000,0.00,0,0,0.48,-0.134,0.1470,0.7350,1.6660,1.8269,0.625000,0.098999,-0.057617,0.772156,7.758,76.2,-1
1782768172.111,2679,604190,0,0.00000000,0.00000000,0.00,0,0,0.43,-0.373,0.3430,0.2450,1.4700,1.5292,0.625000,0.098999,-0.057617,0.772156,7.761,73.8,-1
1782768172.360,2680,604408,0,0.00000000,0.00000000,0.00,0,0,0.37,-0.595,0.4900,0.4900,2.0580,2.1715,0.625000,0.098938,-0.057617,0.772156,7.761,72.5,-1
1782768172.547,2681,604624,0,0.00000000,0.00000000,0.00,0,0,0.41,-0.013,0.4900,0.5880,1.3230,1.5285,0.625000,0.098938,-0.057617,0.772156,7.762,76.2,-1
1782768172.798,2682,604848,0,0.00000000,0.00000000,0.00,0,0,0.37,-0.233,0.6370,0.7350,2.4500,2.6360,0.625000,0.098938,-0.057617,0.772156,7.760,73.8,-1
1782768172.985,2683,605075,0,0.00000000,0.00000000,0.00,0,0,0.55,0.811,0.7840,-0.4900,2.1070,2.3009,0.625000,0.098938,-0.057617,0.772156,7.764,66.2,-1
1782768173.234,2684,605296,0,0.00000000,0.00000000,0.00,0,0,0.46,-0.447,0.9800,0.2940,1.3720,1.7115,0.625000,0.098938,-0.057617,0.772156,7.765,70.0,-1
1782768173.419,2685,605508,0,0.00000000,0.00000000,0.00,0,0,0.46,0.167,0.1470,0.4410,1.2740,1.3562,0.625000,0.098938,-0.057617,0.772156,7.760,75.0,-1
1782768173.668,2686,605733,0,0.00000000,0.00000000,0.00,0,0,0.48,0.167,0.1960,0.5390,2.1560,2.2310,0.625061,0.098877,-0.057617,0.772156,7.762,71.2,-1
1782768173.919,2687,605953,0,0.00000000,0.00000000,0.00,0,0,0.40,-0.452,0.4900,0.3430,1.0780,1.2328,0.625061,0.098938,-0.057556,0.772156,7.762,72.5,-1
1782768174.106,2688,606176,0,0.00000000,0.00000000,0.00,0,0,0.47,-0.329,0.0980,0.9800,0.8820,1.3221,0.625061,0.098999,-0.057495,0.772156,7.764,70.0,-1
1782768174.355,2689,606395,0,0.00000000,0.00000000,0.00,0,0,0.37,-0.508,0.1960,0.6370,1.6170,1.7490,0.625061,0.098999,-0.057495,0.772156,7.764,71.2,-1
1782768174.558,2690,606609,0,0.00000000,0.00000000,0.00,0,0,0.38,0.229,1.1270,0.6370,3.0380,3.3023,0.625061,0.098999,-0.057495,0.772156,7.761,73.8,-1
1782768174.747,2691,606810,0,0.00000000,0.00000000,0.00,0,0,0.34,-0.386,0.4900,0.2940,1.9600,2.0416,0.625061,0.098999,-0.057556,0.772156,7.762,73.8,-1
1782768174.997,2692,607031,0,0.00000000,0.00000000,0.00,0,0,0.39,0.003,0.5390,2.2540,1.2740,2.6446,0.625061,0.098999,-0.057495,0.772156,7.764,73.8,-1
1782768175.181,2693,607231,0,0.00000000,0.00000000,0.00,0,0,0.46,0.391,-0.5880,1.0780,0.2940,1.2626,0.625061,0.098938,-0.057495,0.772156,7.762,75.0,-1
1782768175.370,2694,607452,0,0.00000000,0.00000000,0.00,0,0,0.44,0.132,0.7350,0.5390,2.2050,2.3860,0.625061,0.098938,-0.057495,0.772156,7.759,71.2,-1
1782768175.619,2695,607671,0,0.00000000,0.00000000,0.00,0,0,0.39,-0.371,0.6370,0.9800,2.1560,2.4524,0.625061,0.098938,-0.057495,0.772156,7.762,73.8,-1
1782768175.820,2696,607890,0,0.00000000,0.00000000,0.00,0,0,0.34,-0.151,1.2250,0.3920,3.2340,3.4804,0.625061,0.098938,-0.057495,0.772156,7.762,73.8,-1
1782768176.068,2697,608109,0,0.00000000,0.00000000,0.00,0,0,0.40,0.275,0.6370,0.6860,1.3720,1.6609,0.625061,0.098938,-0.057373,0.772156,7.759,75.0,-1
1782768176.255,2698,608331,0,0.00000000,0.00000000,0.00,0,0,0.46,0.328,0.2450,0.5390,1.7150,1.8143,0.625061,0.098877,-0.057373,0.772156,7.761,75.0,-1
1782768176.505,2699,608543,0,0.00000000,0.00000000,0.00,0,0,0.28,-0.574,0.3430,0.1960,1.8620,1.9034,0.625061,0.098877,-0.057434,0.772156,7.760,71.2,-1
1782768176.690,2700,608766,0,0.00000000,0.00000000,0.00,0,0,0.42,0.461,0.2450,0.8820,1.6660,1.9009,0.625061,0.098877,-0.057495,0.772156,7.762,68.8,-1
1782768176.939,2701,608993,0,0.00000000,0.00000000,0.00,0,0,0.43,0.090,0.4900,0.4900,2.1070,2.2180,0.625061,0.098938,-0.057556,0.772156,7.761,71.2,-1
1782768177.128,2702,609213,0,0.00000000,0.00000000,0.00,0,0,0.46,0.209,0.4900,0.3920,2.0090,2.1047,0.625061,0.098938,-0.057556,0.772156,7.761,76.2,-1
1782768177.378,2703,609435,0,0.00000000,0.00000000,0.00,0,0,0.35,-0.669,-0.0980,0.8820,0.7350,1.1523,0.625061,0.098938,-0.057556,0.772156,7.762,70.0,-1
1782768177.564,2704,609654,0,0.00000000,0.00000000,0.00,0,0,0.38,0.001,0.9800,0.2940,2.6460,2.8369,0.625061,0.098938,-0.057617,0.772156,7.760,70.0,-1
1782768177.812,2705,609878,0,0.00000000,0.00000000,0.00,0,0,0.46,0.216,0.3920,0.9800,2.1070,2.3566,0.625000,0.098938,-0.057617,0.772156,7.758,75.0,-1
1782768178.061,2706,610106,0,0.00000000,0.00000000,0.00,0,0,0.51,0.533,0.5390,1.0290,0.9310,1.4887,0.625000,0.098938,-0.057617,0.772156,7.760,73.8,-1
1782768178.247,2707,610324,0,0.00000000,0.00000000,0.00,0,0,0.41,-0.167,0.2450,0.3920,0.9800,1.0836,0.625000,0.098938,-0.057678,0.772156,7.760,78.8,-1
1782768178.494,2708,610537,0,0.00000000,0.00000000,0.00,0,0,0.49,0.144,0.1960,0.4900,1.8130,1.8882,0.625000,0.098816,-0.057617,0.772156,7.761,75.0,-1
1782768178.682,2709,610756,0,0.00000000,0.00000000,0.00,0,0,0.41,-0.153,0.3920,0.5390,2.2540,2.3505,0.625061,0.098816,-0.057617,0.772156,7.761,76.2,-1
1782768178.931,2710,610977,0,0.00000000,0.00000000,0.00,0,0,0.42,-0.063,-0.1470,0.6860,0.3430,0.7809,0.625061,0.098877,-0.057556,0.772156,7.759,80.0,-1
1782768179.114,2711,611196,0,0.00000000,0.00000000,0.00,0,0,0.43,0.274,0.0980,0.4900,1.0780,1.1882,0.625061,0.098877,-0.057556,0.772156,7.760,75.0,-1
1782768179.365,2712,611420,0,0.00000000,0.00000000,0.00,0,0,0.53,0.254,0.5390,0.4900,1.9600,2.0910,0.625061,0.098877,-0.057617,0.772156,7.758,76.2,-1
1782768179.551,2713,611633,0,0.00000000,0.00000000,0.00,0,0,0.38,-0.781,0.3920,0.3920,1.3720,1.4798,0.625000,0.098938,-0.057617,0.772156,7.760,68.8,-1
1782768179.797,2714,611858,0,0.00000000,0.00000000,0.00,0,0,0.30,-0.459,0.7350,0.6860,1.6170,1.9041,0.625000,0.098938,-0.057617,0.772156,7.760,80.0,-1
1782768179.998,2715,612082,0,0.00000000,0.00000000,0.00,0,0,0.31,-0.247,0.0980,0.5390,0.9800,1.1227,0.625000,0.098938,-0.057617,0.772156,7.758,75.0,-1
1782768180.202,2716,612283,0,0.00000000,0.00000000,0.00,0,0,0.36,-0.216,0.0980,0.3920,0.8820,0.9702,0.625000,0.098999,-0.057678,0.772156,7.756,73.8,-1
1782768180.451,2717,612529,0,0.00000000,0.00000000,0.00,0,0,0.35,-0.342,0.4410,0.5880,0.7840,1.0747,0.625000,0.098999,-0.057678,0.772156,7.759,76.2,-1
1782768180.700,2718,612751,0,0.00000000,0.00000000,0.00,0,0,0.38,0.127,0.3430,0.4900,2.1070,2.1903,0.625000,0.098999,-0.057678,0.772156,7.760,76.2,-1
1782768180.886,2719,612971,0,0.00000000,0.00000000,0.00,0,0,0.47,0.254,0.2940,0.6860,1.4700,1.6486,0.625000,0.098999,-0.057678,0.772156,7.755,80.0,-1
1782768181.135,2720,613192,0,0.00000000,0.00000000,0.00,0,0,0.38,-0.464,0.2940,0.4410,1.9600,2.0304,0.625000,0.098999,-0.057678,0.772156,7.760,73.8,-1
1782768181.323,2721,613415,0,0.00000000,0.00000000,0.00,0,0,0.33,-0.189,0.3430,0.3920,1.3230,1.4218,0.625000,0.098999,-0.057678,0.772156,7.764,67.5,-1
1782768181.569,2722,613628,0,0.00000000,0.00000000,0.00,0,0,0.38,0.227,0.0980,0.3430,1.4700,1.5127,0.625000,0.098999,-0.057678,0.772156,7.761,75.0,-1
1782768181.818,2723,613853,0,0.00000000,0.00000000,0.00,0,0,0.30,-0.262,0.3430,0.2450,1.4700,1.5292,0.625000,0.098999,-0.057678,0.772156,7.759,77.5,-1
1782768182.005,2724,614073,0,0.00000000,0.00000000,0.00,0,0,0.43,0.339,0.4900,0.6370,1.6170,1.8057,0.625000,0.098999,-0.057678,0.772156,7.759,76.2,-1
1782768182.256,2725,614295,0,0.00000000,0.00000000,0.00,0,0,0.36,-0.210,0.3920,0.2940,1.4700,1.5495,0.625000,0.098999,-0.057678,0.772156,7.760,70.0,-1
1782768182.443,2726,614505,0,0.00000000,0.00000000,0.00,0,0,0.36,0.214,0.2450,0.7350,1.4210,1.6185,0.625000,0.098938,-0.057739,0.772156,7.759,75.0,-1
1782768182.693,2727,614727,0,0.00000000,0.00000000,0.00,0,0,0.29,-0.580,0.3920,0.6370,1.2740,1.4773,0.625000,0.098938,-0.057739,0.772156,7.758,76.2,-1
1782768182.881,2728,614945,0,0.00000000,0.00000000,0.00,0,0,0.43,0.695,0.2940,0.9310,1.6170,1.8889,0.625000,0.098938,-0.057678,0.772156,7.758,78.8,-1
1782768183.130,2729,615167,0,0.00000000,0.00000000,0.00,0,0,0.40,-0.102,0.0490,1.0290,1.3230,1.6768,0.625061,0.098999,-0.057556,0.772156,7.758,76.2,-1
1782768183.318,2730,615388,0,0.00000000,0.00000000,0.00,0,0,0.35,-0.247,0.6370,0.1960,1.8620,1.9777,0.625061,0.098999,-0.057617,0.772156,7.760,77.5,-1
1782768183.565,2731,615599,0,0.00000000,0.00000000,0.00,0,0,0.35,0.273,0.4410,0.6860,1.5680,1.7674,0.625061,0.098999,-0.057617,0.772156,7.759,72.5,-1
1782768183.766,2732,615818,0,0.00000000,0.00000000,0.00,0,0,0.43,0.603,0.3920,0.5390,1.5190,1.6588,0.625061,0.098999,-0.057556,0.772156,7.759,80.0,-1
1782768183.953,2733,616040,0,0.00000000,0.00000000,0.00,0,0,0.34,0.050,0.1960,0.4410,1.6170,1.6875,0.625061,0.098999,-0.057617,0.772156,7.760,73.8,-1
1782768184.204,2734,616261,0,0.00000000,0.00000000,0.00,0,0,0.39,-0.192,0.2450,0.7840,1.4700,1.6839,0.625061,0.098938,-0.057617,0.772156,7.760,73.8,-1
1782768184.453,2735,616511,0,0.00000000,0.00000000,0.00,0,0,0.32,-0.286,0.2940,0.7350,1.5190,1.7129,0.625061,0.098938,-0.057556,0.772156,7.761,70.0,-1
1782768184.639,2736,616728,0,0.00000000,0.00000000,0.00,0,0,0.29,-0.376,0.0000,0.6370,1.3230,1.4684,0.625061,0.098938,-0.057495,0.772156,7.758,82.5,-1
1782768184.902,2737,616953,0,0.00000000,0.00000000,0.00,0,0,0.45,0.412,0.2450,0.4900,1.1760,1.2973,0.625061,0.098999,-0.057434,0.772156,7.760,77.5,-1
1782768185.089,2738,617173,0,0.00000000,0.00000000,0.00,0,0,0.44,0.386,0.0000,0.8330,1.7150,1.9066,0.625122,0.098999,-0.057434,0.772095,7.761,68.8,-1
1782768185.352,2739,617392,0,0.00000000,0.00000000,0.00,0,0,0.44,0.158,0.0000,0.7840,1.3720,1.5802,0.625122,0.099060,-0.057312,0.772095,7.756,78.8,-1
1782768185.538,2740,617605,0,0.00000000,0.00000000,0.00,0,0,0.41,0.262,0.1960,0.2940,1.4210,1.4643,0.625183,0.098938,-0.057251,0.772034,7.764,72.5,-1
1782768185.786,2741,617830,0,0.00000000,0.00000000,0.00,0,0,0.29,-0.440,0.1960,0.2940,2.2050,2.2331,0.625183,0.098938,-0.057251,0.772034,7.760,81.2,-1
1782768185.972,2742,618054,0,0.00000000,0.00000000,0.00,0,0,0.42,0.355,-0.2450,1.0780,0.5880,1.2521,0.625183,0.098938,-0.057190,0.772034,7.761,70.0,-1
1782768186.223,2743,618276,0,0.00000000,0.00000000,0.00,0,0,0.44,0.188,-0.0980,0.9310,2.1560,2.3505,0.625183,0.098877,-0.057190,0.772034,7.765,73.8,-1
1782768186.471,2744,618519,0,0.00000000,0.00000000,0.00,0,0,0.29,-0.397,0.1470,0.6860,1.7640,1.8984,0.625244,0.098877,-0.057251,0.772034,7.760,78.8,-1
1782768186.657,2745,618744,0,0.00000000,0.00000000,0.00,0,0,0.24,-0.107,0.2940,0.2450,1.7640,1.8050,0.625183,0.098877,-0.057312,0.772034,7.758,77.5,-1
1782768186.905,2746,618967,0,0.00000000,0.00000000,0.00,0,0,0.39,0.165,0.3430,0.5390,1.2250,1.3816,0.625183,0.098938,-0.057373,0.772095,7.761,72.5,-1
1782768187.094,2747,619185,0,0.00000000,0.00000000,0.00,0,0,0.41,-0.075,-0.3920,0.7350,0.5390,0.9922,0.625122,0.098999,-0.057373,0.772095,7.760,75.0,-1
1782768187.344,2748,619410,0,0.00000000,0.00000000,0.00,0,0,0.36,-0.411,0.1960,0.4900,1.1270,1.2444,0.625122,0.098999,-0.057434,0.772095,7.761,72.5,-1
1782768187.594,2749,619628,0,0.00000000,0.00000000,0.00,0,0,0.39,0.134,-0.0490,0.6860,1.4700,1.6229,0.625122,0.098999,-0.057373,0.772095,7.762,73.8,-1
1782768187.780,2750,619852,0,0.00000000,0.00000000,0.00,0,0,0.47,0.357,0.0980,0.7840,1.6170,1.7997,0.625183,0.098999,-0.057373,0.772095,7.764,72.5,-1
1782768188.030,2751,620077,0,0.00000000,0.00000000,0.00,0,0,0.36,-0.305,0.3920,0.3430,0.9800,1.1098,0.625122,0.099060,-0.057434,0.772095,7.760,78.8,-1
1782768188.216,2752,620300,0,0.00000000,0.00000000,0.00,0,0,0.43,0.394,0.0000,0.6370,1.3230,1.4684,0.625122,0.098999,-0.057495,0.772095,7.761,75.0,-1
1782768188.467,2753,620512,0,0.00000000,0.00000000,0.00,0,0,0.35,-0.472,0.2450,0.6860,1.6170,1.7735,0.625122,0.098938,-0.057495,0.772095,7.762,72.5,-1
1782768188.654,2754,620738,0,0.00000000,0.00000000,0.00,0,0,0.24,-0.599,0.1470,0.5390,1.5680,1.6646,0.625122,0.098877,-0.057434,0.772095,7.756,82.5,-1
1782768188.902,2755,620959,0,0.00000000,0.00000000,0.00,0,0,0.42,0.644,0.1470,0.7350,1.3720,1.5634,0.625122,0.098816,-0.057434,0.772095,7.755,80.0,-1
1782768189.090,2756,621181,0,0.00000000,0.00000000,0.00,0,0,0.34,-0.039,0.8330,0.2450,2.8420,2.9717,0.625122,0.098816,-0.057434,0.772095,7.761,76.2,-1
1782768189.340,2757,621402,0,0.00000000,0.00000000,0.00,0,0,0.43,0.519,1.3720,0.1960,2.1560,2.5630,0.625183,0.098816,-0.057373,0.772095,7.761,77.5,-1
1782768189.528,2758,621620,0,0.00000000,0.00000000,0.00,0,0,0.29,-0.474,0.6370,0.8330,1.2250,1.6125,0.625122,0.098755,-0.057434,0.772095,7.758,80.0,-1
1782768189.775,2759,621842,0,0.00000000,0.00000000,0.00,0,0,0.36,0.006,0.7840,0.6370,1.9600,2.2050,0.625122,0.098816,-0.057495,0.772095,7.758,76.2,-1
1782768190.024,2760,622064,0,0.00000000,0.00000000,0.00,0,0,0.38,0.251,0.4410,0.3430,1.9110,1.9910,0.625122,0.098877,-0.057495,0.772095,7.759,78.8,-1
1782768190.212,2761,622286,0,0.00000000,0.00000000,0.00,0,0,0.24,-0.649,-0.0490,0.5390,1.6170,1.7052,0.625122,0.098816,-0.057495,0.772095,7.760,76.2,-1
1782768190.462,2762,622505,0,0.00000000,0.00000000,0.00,0,0,0.32,0.133,0.3430,0.5880,1.2250,1.4014,0.625122,0.098816,-0.057495,0.772095,7.761,75.0,-1
1782768190.647,2763,622724,0,0.00000000,0.00000000,0.00,0,0,0.29,0.220,0.6860,0.4410,1.8620,2.0328,0.625122,0.098755,-0.057434,0.772095,7.760,71.2,-1
1782768190.895,2764,622943,0,0.00000000,0.00000000,0.00,0,0,0.44,0.511,0.0000,0.9800,1.7150,1.9753,0.625122,0.098755,-0.057434,0.772095,7.755,75.0,-1
1782768191.083,2765,623164,0,0.00000000,0.00000000,0.00,0,0,0.44,0.350,-0.3430,1.4210,0.9310,1.7331,0.625122,0.098755,-0.057495,0.772095,7.756,75.0,-1
1782768191.331,2766,623384,0,0.00000000,0.00000000,0.00,0,0,0.43,-0.120,0.8330,0.1470,1.6170,1.8249,0.625122,0.098755,-0.057495,0.772095,7.758,76.2,-1
1782768191.519,2767,623597,0,0.00000000,0.00000000,0.00,0,0,0.40,0.151,0.3430,0.3920,1.8130,1.8863,0.625122,0.098816,-0.057434,0.772095,7.760,75.0,-1
1782768191.769,2768,623815,0,0.00000000,0.00000000,0.00,0,0,0.37,-0.235,0.8330,0.9800,2.3520,2.6807,0.625183,0.098816,-0.057373,0.772095,7.762,72.5,-1
1782768191.956,2769,624037,0,0.00000000,0.00000000,0.00,0,0,0.32,-0.187,-0.0490,1.0290,1.6660,1.9588,0.625122,0.098877,-0.057434,0.772095,7.761,75.0,-1
1782768192.206,2770,624260,0,0.00000000,0.00000000,0.00,0,0,0.31,-0.371,0.4900,0.5390,0.9310,1.1821,0.625122,0.098816,-0.057434,0.772095,7.762,75.0,-1
1782768192.393,2771,624460,0,0.00000000,0.00000000,0.00,0,0,0.36,-0.241,0.1960,0.8330,0.4410,0.9627,0.625061,0.098816,-0.057495,0.772156,7.762,73.8,-1
1782768192.641,2772,624679,0,0.00000000,0.00000000,0.00,0,0,0.34,-0.212,0.2940,0.2940,2.0090,2.0516,0.625061,0.098938,-0.057556,0.772156,7.760,72.5,-1
1782768192.828,2773,624898,0,0.00000000,0.00000000,0.00,0,0,0.23,-0.431,0.5880,0.3920,1.2740,1.4569,0.625061,0.098877,-0.057495,0.772156,7.759,77.5,-1
1782768193.077,2774,625118,0,0.00000000,0.00000000,0.00,0,0,0.26,0.046,0.0490,0.7350,1.5680,1.7324,0.625061,0.098877,-0.057434,0.772156,7.760,78.8,-1
1782768193.264,2775,625340,0,0.00000000,0.00000000,0.00,0,0,0.20,-0.199,1.2250,-0.5880,2.2540,2.6319,0.625000,0.098877,-0.057495,0.772156,7.760,71.2,-1
1782768193.512,2776,625554,0,0.00000000,0.00000000,0.00,0,0,0.20,-0.142,0.2450,0.9310,1.3230,1.6362,0.625000,0.098877,-0.057495,0.772156,7.760,71.2,-1
1782768193.699,2777,625783,0,0.00000000,0.00000000,0.00,0,0,0.31,0.150,0.6370,-0.0490,1.9110,2.0150,0.625000,0.098877,-0.057556,0.772156,7.764,73.8,-1
1782768193.946,2778,626001,0,0.00000000,0.00000000,0.00,0,0,0.32,0.228,0.4410,0.0980,0.4900,0.6665,0.625000,0.098877,-0.057617,0.772156,7.762,72.5,-1
1782768194.134,2779,626220,0,0.00000000,0.00000000,0.00,0,0,0.31,0.367,0.3920,0.4410,0.6860,0.9048,0.625000,0.098877,-0.057678,0.772156,7.761,72.5,-1
1782768194.384,2780,626445,0,0.00000000,0.00000000,0.00,0,0,0.33,0.220,0.4410,0.1960,1.4700,1.5472,0.625000,0.098877,-0.057678,0.772156,7.765,70.0,-1
1782768194.633,2781,626665,0,0.00000000,0.00000000,0.00,0,0,0.34,0.296,-0.3920,1.5680,0.7840,1.7964,0.625000,0.098877,-0.057678,0.772156,7.765,68.8,-1
1782768194.820,2782,626884,0,0.00000000,0.00000000,0.00,0,0,0.28,-0.449,0.4900,0.5390,2.4990,2.6030,0.625000,0.098816,-0.057617,0.772217,7.764,68.8,-1
1782768195.069,2783,627104,0,0.00000000,0.00000000,0.00,0,0,0.30,0.048,0.9310,0.7350,3.1360,3.3528,0.625000,0.098755,-0.057556,0.772217,7.762,68.8,-1
1782768195.258,2784,627326,0,0.00000000,0.00000000,0.00,0,0,0.22,-0.583,0.5880,0.5390,2.1560,2.2988,0.625061,0.098755,-0.057495,0.772217,7.765,70.0,-1
1782768195.508,2785,627540,0,0.00000000,0.00000000,0.00,0,0,0.21,-0.219,0.5390,-0.1960,1.9600,2.0422,0.625061,0.098755,-0.057434,0.772217,7.762,71.2,-1
1782768195.694,2786,627766,0,0.00000000,0.00000000,0.00,0,0,0.29,0.721,-0.7350,0.9310,-0.2450,1.2112,0.625061,0.098694,-0.057434,0.772217,7.761,70.0,-1
1782768195.942,2787,627987,0,0.00000000,0.00000000,0.00,0,0,0.24,-0.190,0.0980,0.7350,1.3720,1.5596,0.625061,0.098755,-0.057373,0.772217,7.762,72.5,-1
1782768196.144,2788,628205,0,0.00000000,0.00000000,0.00,0,0,0.29,0.181,0.1470,0.5880,1.7640,1.8652,0.625061,0.098755,-0.057312,0.772217,7.761,71.2,-1
1782768196.396,2789,628429,0,0.00000000,0.00000000,0.00,0,0,0.21,-0.316,0.2940,0.9800,0.9310,1.3833,0.625061,0.098755,-0.057373,0.772217,7.761,70.0,-1
1782768196.583,2790,628650,0,0.00000000,0.00000000,0.00,0,0,0.21,-0.112,0.0000,0.4410,1.6660,1.7234,0.625061,0.098755,-0.057434,0.772217,7.761,71.2,-1
1782768196.830,2791,628873,0,0.00000000,0.00000000,0.00,0,0,0.11,-0.501,0.0980,0.9310,1.6170,1.8684,0.625061,0.098755,-0.057434,0.772217,7.760,72.5,-1
1782768197.017,2792,629102,0,0.00000000,0.00000000,0.00,0,0,0.08,-0.208,-0.2940,2.4500,0.7840,2.5891,0.625061,0.098755,-0.057434,0.772217,7.760,77.5,-1
1782768197.283,2793,629328,0,0.00000000,0.00000000,0.00,0,0,0.23,0.322,0.5390,0.4410,0.7350,1.0125,0.625061,0.098694,-0.057434,0.772217,7.759,76.2,-1
1782768197.469,2794,629547,0,0.00000000,0.00000000,0.00,0,0,0.19,-0.217,0.0000,0.6860,2.1560,2.2625,0.625061,0.098755,-0.057434,0.772217,7.760,75.0,-1
1782768197.722,2795,629771,0,0.00000000,0.00000000,0.00,0,0,0.27,0.139,0.3430,0.5390,1.6170,1.7386,0.625061,0.098755,-0.057434,0.772217,7.759,72.5,-1
1782768197.908,2796,629991,0,0.00000000,0.00000000,0.00,0,0,0.29,0.344,0.7350,0.3920,1.9110,2.0847,0.625061,0.098755,-0.057434,0.772217,7.760,73.8,-1
1782768198.160,2797,630210,0,0.00000000,0.00000000,0.00,0,0,0.27,-0.011,0.2450,0.3920,1.1270,1.2181,0.625061,0.098694,-0.057434,0.772217,7.760,75.0,-1
1782768198.347,2798,630432,0,0.00000000,0.00000000,0.00,0,0,0.22,-0.291,0.6860,0.0980,1.6170,1.7592,0.625061,0.098694,-0.057434,0.772217,7.759,76.2,-1
1782768198.598,2799,630645,0,0.00000000,0.00000000,0.00,0,0,0.19,-0.358,0.5390,-0.2940,1.1760,1.3266,0.625061,0.098755,-0.057373,0.772217,7.760,71.2,-1
1782768198.788,2800,630862,0,0.00000000,0.00000000,0.00,0,0,0.24,0.084,0.4900,0.5390,2.2050,2.3222,0.625061,0.098694,-0.057373,0.772217,7.756,78.8,-1
1782768199.053,2801,631086,0,0.00000000,0.00000000,0.00,0,0,0.21,0.022,0.1470,0.5390,1.0290,1.1709,0.625061,0.098694,-0.057373,0.772217,7.759,70.0,-1
1782768199.240,2802,631304,0,0.00000000,0.00000000,0.00,0,0,0.33,0.583,0.0980,0.6860,1.2250,1.4074,0.625061,0.098694,-0.057373,0.772217,7.760,71.2,-1
1782768199.430,2803,631517,0,0.00000000,0.00000000,0.00,0,0,0.27,-0.109,0.2940,1.1270,1.6660,2.0328,0.625061,0.098694,-0.057312,0.772217,7.758,73.8,-1
1782768199.678,2804,631742,0,0.00000000,0.00000000,0.00,0,0,0.12,-0.671,0.0490,0.3920,0.8330,0.9219,0.625061,0.098755,-0.057251,0.772217,7.759,83.8,-1
1782768199.928,2805,631965,0,0.00000000,0.00000000,0.00,0,0,0.18,-0.236,0.2450,0.4410,1.8130,1.8819,0.625061,0.098755,-0.057312,0.772217,7.760,73.8,-1
1782768200.116,2806,632184,0,0.00000000,0.00000000,0.00,0,0,0.15,-0.470,0.2940,0.6370,1.7150,1.8530,0.625061,0.098755,-0.057312,0.772217,7.761,75.0,-1
1782768200.367,2807,632408,0,0.00000000,0.00000000,0.00,0,0,0.15,-0.119,1.2740,0.1960,1.8620,2.2646,0.625061,0.098816,-0.057373,0.772217,7.760,77.5,-1
1782768200.554,2808,632628,0,0.00000000,0.00000000,0.00,0,0,0.07,-0.479,0.2940,0.2450,1.3720,1.4244,0.625061,0.098816,-0.057312,0.772156,7.760,77.5,-1
1782768200.805,2809,632851,0,0.00000000,0.00000000,0.00,0,0,0.26,0.640,-0.0980,1.3230,0.9800,1.6493,0.625061,0.098816,-0.057312,0.772156,7.761,72.5,-1
1782768200.989,2810,633078,0,0.00000000,0.00000000,0.00,0,0,0.17,-0.363,0.0490,0.5880,2.0580,2.1409,0.625061,0.098755,-0.057373,0.772217,7.758,73.8,-1
1782768201.241,2811,633297,0,0.00000000,0.00000000,0.00,0,0,0.10,-0.502,0.4410,0.5880,2.1560,2.2778,0.625061,0.098755,-0.057373,0.772217,7.756,76.2,-1
1782768201.428,2812,633513,0,0.00000000,0.00000000,0.00,0,0,0.17,0.186,0.3430,0.0980,1.4700,1.5127,0.625061,0.098755,-0.057434,0.772217,7.758,75.0,-1
1782768201.678,2813,633739,0,0.00000000,0.00000000,0.00,0,0,0.21,0.130,0.1470,0.7840,1.7150,1.8914,0.625061,0.098755,-0.057434,0.772217,7.758,77.5,-1
1782768201.927,2814,633960,0,0.00000000,0.00000000,0.00,0,0,0.10,-0.686,0.4410,0.3920,2.1070,2.1881,0.625061,0.098755,-0.057434,0.772217,7.760,72.5,-1
1782768202.113,2815,634183,0,0.00000000,0.00000000,0.00,0,0,0.10,-0.209,0.3430,0.4410,1.4700,1.5726,0.625061,0.098755,-0.057373,0.772217,7.760,77.5,-1
1782768202.362,2816,634413,0,0.00000000,0.00000000,0.00,0,0,0.12,0.100,0.1960,0.6370,1.6660,1.7944,0.625061,0.098755,-0.057312,0.772217,7.764,75.0,-1
1782768202.547,2817,634633,0,0.00000000,0.00000000,0.00,0,0,0.13,-0.237,-0.2450,0.8330,1.3230,1.5825,0.625061,0.098755,-0.057373,0.772217,7.761,77.5,-1
1782768202.801,2818,634854,0,0.00000000,0.00000000,0.00,0,0,0.05,-0.779,0.1960,0.8330,2.0090,2.1837,0.625061,0.098755,-0.057312,0.772217,7.762,76.2,-1
1782768202.986,2819,635071,0,0.00000000,0.00000000,0.00,0,0,0.20,0.299,0.2450,0.6370,1.8130,1.9372,0.625061,0.098816,-0.057312,0.772156,7.762,73.8,-1
1782768203.236,2820,635295,0,0.00000000,0.00000000,0.00,0,0,0.13,-0.368,0.1470,0.5390,2.3030,2.3698,0.625061,0.098877,-0.057312,0.772156,7.762,73.8,-1
1782768203.435,2821,635506,0,0.00000000,0.00000000,0.00,0,0,0.18,0.131,0.0980,0.6860,1.5680,1.7143,0.625061,0.098938,-0.057312,0.772156,7.765,71.2,-1
1782768203.682,2822,635731,0,0.00000000,0.00000000,0.00,0,0,0.11,-0.036,0.3920,0.0980,1.1760,1.2435,0.625061,0.098938,-0.057434,0.772156,7.760,76.2,-1
1782768203.869,2823,635957,0,0.00000000,0.00000000,0.00,0,0,0.08,-0.165,0.1470,1.1270,1.7150,2.0574,0.625000,0.098938,-0.057495,0.772156,7.761,73.8,-1
1782768204.117,2824,636174,0,0.00000000,0.00000000,0.00,0,0,0.18,0.359,0.4410,0.4410,1.2250,1.3746,0.625000,0.098938,-0.057495,0.772156,7.761,76.2,-1
1782768204.305,2825,636395,0,0.00000000,0.00000000,0.00,0,0,0.15,0.169,-0.4900,0.7350,0.2940,0.9310,0.625000,0.098877,-0.057495,0.772156,7.762,73.8,-1
1782768204.555,2826,636605,0,0.00000000,0.00000000,0.00,0,0,0.24,0.587,0.0980,1.1760,0.9800,1.5339,0.625000,0.098938,-0.057556,0.772156,7.764,72.5,-1
1782768204.742,2827,636827,0,0.00000000,0.00000000,0.00,0,0,0.09,-0.407,0.5390,0.5390,1.3720,1.5695,0.625000,0.098938,-0.057495,0.772156,7.765,71.2,-1
1782768204.995,2828,637050,0,0.00000000,0.00000000,0.00,0,0,0.08,-0.199,0.1960,1.2740,2.8910,3.1653,0.625000,0.098999,-0.057495,0.772156,7.764,70.0,-1
1782768205.243,2829,637277,0,0.00000000,0.00000000,0.00,0,0,0.16,0.471,0.1470,0.2450,1.2250,1.2579,0.625000,0.098999,-0.057556,0.772156,7.760,78.8,-1
1782768205.430,2830,637523,0,0.00000000,0.00000000,0.00,0,0,0.10,-0.281,0.2940,0.7350,1.2250,1.4585,0.625000,0.098938,-0.057556,0.772156,7.760,77.5,-1
1782768205.681,2831,637749,0,0.00000000,0.00000000,0.00,0,0,0.02,-0.392,0.1470,1.2250,1.3720,1.8452,0.625000,0.098877,-0.057495,0.772156,7.761,73.8,-1
1782768205.882,2832,637969,0,0.00000000,0.00000000,0.00,0,0,-0.04,-0.476,0.6860,0.7350,1.2250,1.5848,0.625061,0.098877,-0.057434,0.772156,7.765,71.2,-1
1782768206.130,2833,638195,0,0.00000000,0.00000000,0.00,0,0,0.08,0.209,-0.2940,0.8820,1.0780,1.4235,0.625061,0.098816,-0.057434,0.772156,7.761,76.2,-1
1782768206.379,2834,638422,0,0.00000000,0.00000000,0.00,0,0,0.00,-0.453,0.0000,0.5390,1.1760,1.2936,0.625061,0.098755,-0.057434,0.772217,7.761,80.0,-1
1782768206.565,2835,638639,0,0.00000000,0.00000000,0.00,0,0,0.01,-0.084,0.2940,0.8330,1.2740,1.5503,0.625000,0.098816,-0.057495,0.772156,7.759,80.0,-1
1782768206.816,2836,638863,0,0.00000000,0.00000000,0.00,0,0,0.06,0.236,0.8820,-0.4410,1.7150,1.9783,0.625000,0.098877,-0.057556,0.772156,7.761,77.5,-1
1782768207.002,2837,639081,0,0.00000000,0.00000000,0.00,0,0,0.04,-0.070,-0.2940,1.5680,0.4410,1.6552,0.625000,0.098938,-0.057495,0.772156,7.760,78.8,-1
1782768207.252,2838,639304,0,0.00000000,0.00000000,0.00,0,0,0.05,0.210,-0.3430,0.6860,0.6370,0.9970,0.625000,0.098938,-0.057495,0.772156,7.761,75.0,-1
1782768207.454,2839,639520,0,0.00000000,0.00000000,0.00,0,0,0.09,0.067,0.0490,0.8330,1.4700,1.6903,0.625000,0.098938,-0.057556,0.772156,7.761,80.0,-1
1782768207.703,2840,639744,0,0.00000000,0.00000000,0.00,0,0,-0.01,0.080,0.2940,0.1960,1.3720,1.4168,0.625000,0.098999,-0.057495,0.772156,7.762,75.0,-1
1782768207.905,2841,639963,0,0.00000000,0.00000000,0.00,0,0,-0.02,-0.148,0.3430,0.7840,1.5680,1.7863,0.625061,0.098999,-0.057434,0.772156,7.761,81.2,-1
1782768208.107,2842,640185,0,0.00000000,0.00000000,0.00,0,0,0.10,0.385,0.4410,0.2940,1.7150,1.7950,0.625000,0.098938,-0.057434,0.772156,7.760,73.8,-1
1782768208.358,2843,640407,0,0.00000000,0.00000000,0.00,0,0,0.00,-0.155,0.3430,0.6370,1.1270,1.3392,0.625000,0.098938,-0.057495,0.772156,7.761,75.0,-1
1782768208.546,2844,640621,0,0.00000000,0.00000000,0.00,0,0,-0.14,-0.366,0.3430,0.5390,1.3720,1.5135,0.625000,0.098999,-0.057495,0.772156,7.762,73.8,-1
1782768208.795,2845,640845,0,0.00000000,0.00000000,0.00,0,0,-0.01,0.475,0.2940,0.4410,1.7640,1.8419,0.625000,0.099060,-0.057495,0.772156,7.756,78.8,-1
1782768208.995,2846,641066,0,0.00000000,0.00000000,0.00,0,0,0.05,0.390,0.3920,0.1470,2.2050,2.2444,0.625000,0.099060,-0.057434,0.772156,7.760,80.0,-1
1782768209.241,2847,641288,0,0.00000000,0.00000000,0.00,0,0,0.19,0.453,0.6860,0.6860,1.1270,1.4871,0.625000,0.098999,-0.057434,0.772156,7.760,75.0,-1
1782768209.431,2848,641504,0,0.00000000,0.00000000,0.00,0,0,0.05,-0.385,0.3920,0.4410,1.5190,1.6296,0.625000,0.098938,-0.057434,0.772156,7.761,80.0,-1
1782768209.679,2849,641730,0,0.00000000,0.00000000,0.00,0,0,-0.02,-0.277,0.4410,0.1470,1.6660,1.7296,0.625000,0.098877,-0.057434,0.772156,7.760,75.0,-1
1782768209.865,2850,641951,0,0.00000000,0.00000000,0.00,0,0,0.12,0.802,0.6370,0.7840,1.7640,2.0328,0.625000,0.098877,-0.057495,0.772156,7.765,72.5,-1
1782768210.115,2851,642177,0,0.00000000,0.00000000,0.00,0,0,0.02,0.088,0.5390,0.3920,1.9600,2.0702,0.625000,0.098877,-0.057556,0.772156,7.759,76.2,-1
1782768210.367,2852,642402,0,0.00000000,0.00000000,0.00,0,0,-0.06,-0.317,0.4900,0.7350,1.4700,1.7150,0.625000,0.098816,-0.057495,0.772156,7.761,76.2,-1
1782768210.553,2853,642617,0,0.00000000,0.00000000,0.00,0,0,-0.05,-0.395,0.2450,0.7350,2.0090,2.1532,0.625000,0.098816,-0.057495,0.772217,7.758,76.2,-1
1782768210.803,2854,642840,0,0.00000000,0.00000000,0.00,0,0,-0.08,-0.176,0.0490,1.3720,0.7840,1.5810,0.625000,0.098755,-0.057495,0.772217,7.760,75.0,-1
1782768210.991,2855,643062,0,0.00000000,0.00000000,0.00,0,0,0.02,0.482,0.2940,0.9800,1.4700,1.7910,0.625061,0.098755,-0.057434,0.772217,7.760,76.2,-1
1782768211.241,2856,643280,0,0.00000000,0.00000000,0.00,0,0,-0.01,0.317,0.4410,0.1470,1.9600,2.0144,0.625061,0.098755,-0.057434,0.772217,7.760,75.0,-1
1782768211.489,2857,643525,0,0.00000000,0.00000000,0.00,0,0,0.07,0.370,0.3430,0.4900,1.4700,1.5870,0.625061,0.098694,-0.057434,0.772217,7.762,70.0,-1
1782768211.677,2858,643752,0,0.00000000,0.00000000,0.00,0,0,0.05,-0.013,0.6860,0.0000,1.7150,1.8471,0.625061,0.098694,-0.057373,0.772217,7.760,75.0,-1
1782768211.926,2859,643974,0,0.00000000,0.00000000,0.00,0,0,-0.01,-0.270,0.0980,0.6860,1.8130,1.9409,0.625061,0.098755,-0.057312,0.772217,7.756,82.5,-1
1782768212.113,2860,644192,0,0.00000000,0.00000000,0.00,0,0,-0.07,-0.467,-0.1470,0.9800,1.1270,1.5007,0.625061,0.098877,-0.057312,0.772156,7.762,75.0,-1
1782768212.363,2861,644416,0,0.00000000,0.00000000,0.00,0,0,-0.10,-0.321,0.6860,0.6860,1.9600,2.1870,0.625061,0.098816,-0.057373,0.772156,7.759,73.8,-1
1782768212.549,2862,644633,0,0.00000000,0.00000000,0.00,0,0,-0.03,0.248,0.0490,0.6370,0.8330,1.0498,0.625061,0.098816,-0.057373,0.772217,7.758,75.0,-1
1782768212.795,2863,644857,0,0.00000000,0.00000000,0.00,0,0,-0.06,0.170,0.2450,0.7350,1.2740,1.4911,0.625061,0.098816,-0.057434,0.772156,7.761,73.8,-1
1782768213.048,2864,645079,0,0.00000000,0.00000000,0.00,0,0,-0.13,0.208,0.1960,0.1470,1.9110,1.9266,0.625000,0.098877,-0.057495,0.772156,7.761,76.2,-1
1782768213.235,2865,645303,0,0.00000000,0.00000000,0.00,0,0,-0.22,-0.861,0.1470,0.6370,1.5680,1.6988,0.625000,0.098877,-0.057495,0.772156,7.760,76.2,-1
1782768213.484,2866,645520,0,0.00000000,0.00000000,0.00,0,0,-0.07,0.041,-0.3920,1.1270,0.8330,1.4552,0.625000,0.098877,-0.057556,0.772156,7.760,71.2,-1
1782768213.670,2867,645748,0,0.00000000,0.00000000,0.00,0,0,-0.12,-0.250,0.4900,0.2940,1.5190,1.6229,0.625000,0.098938,-0.057556,0.772156,7.765,68.8,-1
1782768213.920,2868,645970,0,0.00000000,0.00000000,0.00,0,0,-0.12,0.022,0.0980,0.7350,0.9310,1.1902,0.625000,0.098938,-0.057556,0.772156,7.760,73.8,-1
1782768214.104,2869,646188,0,0.00000000,0.00000000,0.00,0,0,-0.10,0.161,0.8820,-0.2450,1.8130,2.0310,0.625000,0.098999,-0.057495,0.772156,7.764,73.8,-1
1782768214.355,2870,646411,0,0.00000000,0.00000000,0.00,0,0,-0.06,-0.106,0.6370,0.2450,1.6660,1.8004,0.625000,0.098999,-0.057556,0.772156,7.765,70.0,-1
1782768214.542,2871,646627,0,0.00000000,0.00000000,0.00,0,0,-0.01,0.381,0.4410,0.3430,1.3230,1.4361,0.625000,0.098938,-0.057556,0.772156,7.762,72.5,-1
1782768214.792,2872,646854,0,0.00000000,0.00000000,0.00,0,0,-0.12,-0.375,0.1470,1.8620,0.4410,1.9191,0.625000,0.098877,-0.057495,0.772156,7.764,71.2,-1
1782768215.043,2873,647082,0,0.00000000,0.00000000,0.00,0,0,0.01,0.552,0.7350,1.9110,-0.7840,2.1924,0.625000,0.098816,-0.057495,0.772156,7.762,77.5,-1
1782768215.228,2874,647300,0,0.00000000,0.00000000,0.00,0,0,-0.06,0.123,0.4900,0.4900,1.6660,1.8044,0.625061,0.098816,-0.057434,0.772156,7.760,72.5,-1
1782768215.480,2875,647516,0,0.00000000,0.00000000,0.00,0,0,-0.19,-0.295,-0.6860,1.1760,0.2450,1.3833,0.625061,0.098877,-0.057373,0.772156,7.762,71.2,-1
1782768215.668,2876,647739,0,0.00000000,0.00000000,0.00,0,0,-0.10,0.085,-0.0980,0.3430,1.7640,1.7997,0.625061,0.098877,-0.057312,0.772156,7.759,75.0,-1
1782768215.916,2877,647963,0,0.00000000,0.00000000,0.00,0,0,-0.07,0.240,0.6370,0.6860,2.4500,2.6228,0.625061,0.098877,-0.057251,0.772156,7.761,76.2,-1
1782768216.104,2878,648182,0,0.00000000,0.00000000,0.00,0,0,-0.20,-0.250,0.5880,0.5390,1.3720,1.5870,0.625061,0.098816,-0.057312,0.772156,7.758,78.8,-1
1782768216.351,2879,648402,0,0.00000000,0.00000000,0.00,0,0,-0.09,0.429,0.5880,0.2450,0.8820,1.0880,0.625061,0.098816,-0.057251,0.772156,7.758,82.5,-1
1782768216.538,2880,648614,0,0.00000000,0.00000000,0.00,0,0,-0.15,-0.409,1.0290,0.3430,1.6660,1.9880,0.625061,0.098877,-0.057251,0.772156,7.760,73.8,-1
1782768216.788,2881,648833,0,0.00000000,0.00000000,0.00,0,0,-0.10,0.270,0.8330,0.1960,2.1560,2.3196,0.625061,0.098877,-0.057251,0.772156,7.760,71.2,-1
1782768216.975,2882,649055,0,0.00000000,0.00000000,0.00,0,0,-0.16,-0.267,0.3430,0.2940,1.1270,1.2142,0.625061,0.098816,-0.057251,0.772156,7.764,75.0,-1
1782768217.225,2883,649275,0,0.00000000,0.00000000,0.00,0,0,-0.08,0.071,0.9310,1.0290,1.5190,2.0574,0.625061,0.098816,-0.057312,0.772217,7.762,73.8,-1
1782768217.475,2884,649523,0,0.00000000,0.00000000,0.00,0,0,-0.04,0.349,0.8820,0.0980,1.3230,1.5931,0.625061,0.098755,-0.057312,0.772217,7.760,76.2,-1
1782768217.663,2885,649747,0,0.00000000,0.00000000,0.00,0,0,-0.08,0.366,0.7350,0.6860,1.5680,1.8626,0.625061,0.098755,-0.057373,0.772217,7.760,72.5,-1
1782768217.914,2886,649970,0,0.00000000,0.00000000,0.00,0,0,-0.13,0.041,1.0290,1.0780,1.9110,2.4234,0.625061,0.098755,-0.057373,0.772217,7.764,75.0,-1
1782768218.102,2887,650190,0,0.00000000,0.00000000,0.00,0,0,-0.25,-0.758,1.6170,0.4900,2.2050,2.7779,0.625061,0.098816,-0.057373,0.772156,7.764,70.0,-1
1782768218.352,2888,650416,0,0.00000000,0.00000000,0.00,0,0,-0.22,0.131,0.2450,0.6860,1.2250,1.4252,0.625061,0.098938,-0.057373,0.772156,7.759,72.5,-1
1782768218.601,2889,650633,0,0.00000000,0.00000000,0.00,0,0,-0.15,0.273,0.4410,1.1270,1.4700,1.9041,0.625061,0.098938,-0.057373,0.772156,7.761,73.8,-1
1782768218.789,2890,650859,0,0.00000000,0.00000000,0.00,0,0,-0.14,0.466,0.1960,1.1270,1.3720,1.7863,0.625061,0.098877,-0.057373,0.772156,7.762,71.2,-1
1782768219.039,2891,651083,0,0.00000000,0.00000000,0.00,0,0,-0.16,-0.123,0.4900,0.0490,1.4700,1.5503,0.625061,0.098816,-0.057373,0.772156,7.765,71.2,-1
1782768219.227,2892,651302,0,0.00000000,0.00000000,0.00,0,0,-0.14,0.076,0.4410,-0.1960,1.9600,2.0185,0.625061,0.098816,-0.057312,0.772156,7.764,70.0,-1
1782768219.478,2893,651516,0,0.00000000,0.00000000,0.00,0,0,-0.17,-0.243,-0.1470,-0.1470,2.8420,2.8496,0.625061,0.098816,-0.057373,0.772217,7.762,73.8,-1
1782768219.666,2894,651743,0,0.00000000,0.00000000,0.00,0,0,-0.29,-0.475,0.5880,0.3920,1.1760,1.3720,0.625061,0.098816,-0.057312,0.772156,7.761,71.2,-1
1782768219.916,2895,651961,0,0.00000000,0.00000000,0.00,0,0,-0.18,0.212,0.3430,-0.5880,1.8130,1.9366,0.625061,0.098755,-0.057312,0.772217,7.760,77.5,-1
1782768220.104,2896,652183,0,0.00000000,0.00000000,0.00,0,0,-0.15,0.491,0.1470,0.6370,1.3230,1.4757,0.625000,0.098877,-0.057312,0.772217,7.758,77.5,-1
1782768220.353,2897,652403,0,0.00000000,0.00000000,0.00,0,0,-0.33,-0.609,0.3430,0.2940,1.0780,1.1688,0.625000,0.098877,-0.057190,0.772217,7.756,77.5,-1
1782768220.539,2898,652621,0,0.00000000,0.00000000,0.00,0,0,-0.14,0.642,0.6370,0.3920,2.1560,2.2821,0.625000,0.098877,-0.057251,0.772217,7.758,75.0,-1
1782768220.788,2899,652845,0,0.00000000,0.00000000,0.00,0,0,-0.17,0.014,0.1470,0.6860,1.5680,1.7178,0.625000,0.098999,-0.057373,0.772217,7.761,73.8,-1
1782768220.974,2900,653065,0,0.00000000,0.00000000,0.00,0,0,-0.27,-0.454,0.0980,0.5880,1.4700,1.5863,0.624939,0.099060,-0.057373,0.772217,7.759,73.8,-1
1782768221.223,2901,653283,0,0.00000000,0.00000000,0.00,0,0,-0.20,0.329,0.3430,0.9310,1.9110,2.1532,0.624878,0.098999,-0.057495,0.772278,7.758,77.5,-1
1782768221.474,2902,653529,0,0.00000000,0.00000000,0.00,0,0,-0.10,0.652,0.0980,-0.0490,1.8620,1.8652,0.624817,0.098999,-0.057434,0.772339,7.762,72.5,-1
1782768221.724,2903,653755,0,0.00000000,0.00000000,0.00,0,0,-0.23,0.035,0.5390,0.2450,1.6170,1.7220,0.624695,0.099182,-0.057434,0.772400,7.758,75.0,-1
1782768221.913,2904,653977,0,0.00000000,0.00000000,0.00,0,0,-0.22,-0.118,0.6860,0.9310,2.4010,2.6650,0.624756,0.099121,-0.057434,0.772339,7.759,83.8,-1
1782768222.163,2905,654196,0,0.00000000,0.00000000,0.00,0,0,-0.13,0.217,0.3920,0.5880,1.9600,2.0835,0.624756,0.099182,-0.057434,0.772400,7.755,80.0,-1
1782768222.350,2906,654417,0,0.00000000,0.00000000,0.00,0,0,-0.08,0.863,0.0980,0.6370,1.2250,1.3842,0.624756,0.099121,-0.057312,0.772400,7.756,80.0,-1
1782768222.598,2907,654633,0,0.00000000,0.00000000,0.00,0,0,-0.22,-0.101,0.0980,0.8330,1.2740,1.5253,0.624756,0.099060,-0.057251,0.772400,7.760,71.2,-1
1782768222.785,2908,654860,0,0.00000000,0.00000000,0.00,0,0,-0.08,0.034,0.8820,0.2940,1.6660,1.9079,0.624756,0.099060,-0.057129,0.772400,7.759,73.8,-1
1782768223.034,2909,655082,0,0.00000000,0.00000000,0.00,0,0,-0.08,-0.115,0.2940,0.3430,1.8130,1.8684,0.624756,0.099121,-0.057190,0.772400,7.760,75.0,-1
1782768223.221,2910,655282,0,0.00000000,0.00000000,0.00,0,0,0.04,0.525,0.3920,0.9800,1.3720,1.7310,0.624756,0.099121,-0.057190,0.772400,7.758,76.2,-1
1782768223.470,2911,655530,0,0.00000000,0.00000000,0.00,0,0,-0.05,-0.192,0.1960,0.7350,1.5680,1.7428,0.624756,0.099121,-0.057251,0.772400,7.766,75.0,-1
1782768223.659,2912,655750,0,0.00000000,0.00000000,0.00,0,0,-0.14,-0.574,0.0980,0.9800,1.2740,1.6103,0.624756,0.099121,-0.057312,0.772400,7.764,73.8,-1
1782768223.910,2913,655971,0,0.00000000,0.00000000,0.00,0,0,-0.04,0.286,0.1960,0.5880,1.5680,1.6861,0.624756,0.099121,-0.057373,0.772400,7.761,75.0,-1
1782768224.158,2914,656190,0,0.00000000,0.00000000,0.00,0,0,-0.06,-0.112,0.5880,0.4410,1.8130,1.9563,0.624756,0.099121,-0.057312,0.772400,7.764,75.0,-1
1782768224.347,2915,656413,0,0.00000000,0.00000000,0.00,0,0,-0.11,-0.127,0.2940,0.5880,1.5680,1.7002,0.624756,0.099121,-0.057312,0.772400,7.762,75.0,-1
1782768224.535,2916,656624,0,0.00000000,0.00000000,0.00,0,0,-0.02,0.129,0.4900,1.1270,1.4210,1.8787,0.624756,0.099060,-0.057251,0.772400,7.761,75.0,-1
1782768224.787,2917,656846,0,0.00000000,0.00000000,0.00,0,0,0.00,0.059,0.3430,0.3430,1.6660,1.7352,0.624756,0.099060,-0.057190,0.772400,7.765,75.0,-1
1782768225.037,2918,657076,0,0.00000000,0.00000000,0.00,0,0,0.02,0.195,0.3430,0.4900,1.5680,1.6782,0.624756,0.098999,-0.057190,0.772400,7.762,72.5,-1
1782768225.223,2919,657302,0,0.00000000,0.00000000,0.00,0,0,-0.08,-0.275,0.5880,0.6370,1.6170,1.8347,0.624756,0.099060,-0.057251,0.772400,7.756,81.2,-1
1782768225.472,2920,657519,0,0.00000000,0.00000000,0.00,0,0,-0.01,0.095,0.0490,0.9310,1.8620,2.0824,0.624756,0.099060,-0.057312,0.772400,7.760,75.0,-1
1782768225.660,2921,657744,0,0.00000000,0.00000000,0.00,0,0,-0.09,-0.182,0.3920,0.6860,1.5680,1.7558,0.624756,0.099121,-0.057312,0.772400,7.759,77.5,-1
1782768225.910,2922,657965,0,0.00000000,0.00000000,0.00,0,0,0.05,0.753,0.3920,0.4410,1.0780,1.2289,0.624756,0.099121,-0.057251,0.772400,7.758,75.0,-1
1782768226.097,2923,658185,0,0.00000000,0.00000000,0.00,0,0,0.10,0.092,0.6370,-0.1960,1.3230,1.4814,0.624756,0.099060,-0.057251,0.772400,7.759,78.8,-1
1782768226.350,2924,658404,0,0.00000000,0.00000000,0.00,0,0,0.21,0.650,0.3430,0.5390,1.4700,1.6028,0.624756,0.099121,-0.057251,0.772400,7.759,81.2,-1
1782768226.535,2925,658618,0,0.00000000,0.00000000,0.00,0,0,0.05,-0.235,0.2450,0.8330,1.5680,1.7924,0.624756,0.099121,-0.057312,0.772400,7.761,73.8,-1
1782768226.784,2926,658837,0,0.00000000,0.00000000,0.00,0,0,0.16,0.249,0.1960,0.4410,1.5190,1.5938,0.624756,0.099182,-0.057312,0.772400,7.760,77.5,-1
1782768226.972,2927,659059,0,0.00000000,0.00000000,0.00,0,0,0.15,0.077,0.0490,1.1270,2.0580,2.3469,0.624756,0.099182,-0.057312,0.772400,7.760,75.0,-1
1782768227.222,2928,659277,0,0.00000000,0.00000000,0.00,0,0,0.12,-0.265,0.2450,0.5390,1.3720,1.4943,0.624756,0.099121,-0.057373,0.772400,7.758,78.8,-1
1782768227.471,2929,659522,0,0.00000000,0.00000000,0.00,0,0,0.19,0.288,0.0980,0.2450,1.5190,1.5417,0.624756,0.099121,-0.057373,0.772400,7.761,73.8,-1
1782768227.657,2930,659747,0,0.00000000,0.00000000,0.00,0,0,0.06,-0.332,0.2940,0.2940,1.3230,1.3868,0.624756,0.099182,-0.057373,0.772400,7.764,80.0,-1
1782768227.903,2931,659973,0,0.00000000,0.00000000,0.00,0,0,0.02,-0.220,0.6370,0.5390,1.3720,1.6058,0.624756,0.099121,-0.057312,0.772400,7.758,81.2,-1
1782768228.152,2932,660193,0,0.00000000,0.00000000,0.00,0,0,0.13,0.187,0.3430,0.3920,1.3720,1.4675,0.624756,0.099121,-0.057251,0.772400,7.761,73.8,-1
1782768228.341,2933,660421,0,0.00000000,0.00000000,0.00,0,0,0.11,-0.106,0.5880,0.6860,2.1560,2.3377,0.624756,0.099121,-0.057312,0.772400,7.760,75.0,-1
1782768228.591,2934,660636,0,0.00000000,0.00000000,0.00,0,0,0.10,-0.341,0.0000,0.4900,1.2250,1.3194,0.624756,0.099060,-0.057251,0.772400,7.761,73.8,-1
1782768228.778,2935,660864,0,0.00000000,0.00000000,0.00,0,0,0.12,-0.283,0.5390,0.3430,1.7640,1.8761,0.624756,0.099060,-0.057190,0.772400,7.764,71.2,-1
1782768229.027,2936,661092,0,0.00000000,0.00000000,0.00,0,0,0.25,0.464,0.1960,0.4410,1.6660,1.7345,0.624756,0.098999,-0.057129,0.772400,7.761,76.2,-1
1782768229.275,2937,661317,0,0.00000000,0.00000000,0.00,0,0,0.15,-0.122,0.0000,1.0780,2.0090,2.2799,0.624756,0.098938,-0.057190,0.772400,7.758,76.2,-1
1782768229.461,2938,661537,0,0.00000000,0.00000000,0.00,0,0,0.07,-0.216,0.8820,0.1470,2.0580,2.2439,0.624756,0.098999,-0.057251,0.772400,7.758,76.2,-1
1782768229.709,2939,661758,0,0.00000000,0.00000000,0.00,0,0,0.22,0.537,0.2940,0.6860,0.4900,0.8928,0.624756,0.098999,-0.057373,0.772400,7.762,70.0,-1
1782768229.894,2940,661984,0,0.00000000,0.00000000,0.00,0,0,0.18,0.209,0.0980,0.2450,1.6660,1.6868,0.624756,0.099060,-0.057373,0.772400,7.760,76.2,-1
1782768230.145,2941,662206,0,0.00000000,0.00000000,0.00,0,0,0.03,-0.451,0.3430,0.4900,1.2740,1.4074,0.624756,0.098999,-0.057434,0.772400,7.760,68.8,-1
1782768230.395,2942,662423,0,0.00000000,0.00000000,0.00,0,0,0.07,-0.408,0.3920,0.7350,1.3720,1.6051,0.624756,0.099060,-0.057373,0.772400,7.760,76.2,-1
1782768230.581,2943,662635,0,0.00000000,0.00000000,0.00,0,0,0.13,0.067,0.0490,-0.2450,0.9800,1.0113,0.624756,0.099060,-0.057373,0.772400,7.758,80.0,-1
1782768230.769,2944,662859,0,0.00000000,0.00000000,0.00,0,0,0.14,-0.006,0.6860,1.1270,0.9800,1.6435,0.624756,0.099060,-0.057312,0.772400,7.764,68.8,-1
1782768231.020,2945,663086,0,0.00000000,0.00000000,0.00,0,0,0.15,0.119,0.2450,0.4410,1.9600,2.0239,0.624756,0.099060,-0.057312,0.772400,7.761,75.0,-1
1782768231.268,2946,663308,0,0.00000000,0.00000000,0.00,0,0,0.21,0.140,-0.2940,1.4700,0.5880,1.6103,0.624756,0.099121,-0.057312,0.772400,7.766,70.0,-1
1782768231.456,2947,663525,0,0.00000000,0.00000000,0.00,0,0,0.26,0.261,0.9310,-0.1960,2.0090,2.2229,0.624756,0.099121,-0.057312,0.772400,7.761,76.2,-1
1782768231.704,2948,663750,0,0.00000000,0.00000000,0.00,0,0,0.09,-0.534,0.0980,0.5880,0.9310,1.1055,0.624756,0.099121,-0.057373,0.772400,7.765,70.0,-1
1782768231.892,2949,663973,0,0.00000000,0.00000000,0.00,0,0,0.14,0.045,0.3920,0.6860,1.5680,1.7558,0.624756,0.099121,-0.057312,0.772400,7.759,77.5,-1
1782768232.141,2950,664197,0,0.00000000,0.00000000,0.00,0,0,0.12,-0.450,0.4410,0.9310,1.4700,1.7950,0.624756,0.099060,-0.057251,0.772400,7.756,75.0,-1
1782768232.330,2951,664421,0,0.00000000,0.00000000,0.00,0,0,0.16,0.156,0.0490,1.5190,0.5390,1.6125,0.624756,0.099121,-0.057251,0.772400,7.761,71.2,-1
1782768232.578,2952,664639,0,0.00000000,0.00000000,0.00,0,0,0.10,-0.434,0.6370,0.2450,1.8130,1.9372,0.624756,0.099121,-0.057251,0.772400,7.759,73.8,-1
1782768232.826,2953,664861,0,0.00000000,0.00000000,0.00,0,0,0.15,0.196,-0.4410,0.6370,2.8910,2.9930,0.624756,0.099182,-0.057312,0.772400,7.760,76.2,-1
1782768233.012,2954,665082,0,0.00000000,0.00000000,0.00,0,0,0.13,0.151,0.3430,0.0000,1.6170,1.6530,0.624756,0.099121,-0.057251,0.772400,7.761,77.5,-1
1782768233.263,2955,665301,0,0.00000000,0.00000000,0.00,0,0,0.19,-0.020,0.5880,1.0780,0.9800,1.5711,0.624756,0.099121,-0.057251,0.772400,7.762,77.5,-1
1782768233.449,2956,665518,0,0.00000000,0.00000000,0.00,0,0,0.14,-0.343,0.2940,0.8330,1.4700,1.7150,0.624756,0.099060,-0.057190,0.772400,7.761,71.2,-1
1782768233.700,2957,665745,0,0.00000000,0.00000000,0.00,0,0,0.20,-0.016,0.0980,0.2940,1.6170,1.6464,0.624756,0.099060,-0.057190,0.772400,7.761,72.5,-1
1782768233.885,2958,665966,0,0.00000000,0.00000000,0.00,0,0,0.15,-0.115,0.3920,1.0290,1.2740,1.6839,0.624756,0.099121,-0.057190,0.772400,7.761,75.0,-1
1782768234.132,2959,666188,0,0.00000000,0.00000000,0.00,0,0,0.26,0.423,0.5390,0.1470,1.7150,1.8037,0.624756,0.099121,-0.057312,0.772400,7.761,73.8,-1
1782768234.380,2960,666413,0,0.00000000,0.00000000,0.00,0,0,0.18,0.002,-0.0490,0.4410,1.7150,1.7715,0.624756,0.099121,-0.057312,0.772400,7.761,73.8,-1
1782768234.568,2961,666623,0,0.00000000,0.00000000,0.00,0,0,0.18,-0.007,0.9310,1.3720,2.0090,2.6048,0.624756,0.099121,-0.057312,0.772400,7.761,76.2,-1
1782768234.758,2962,666847,0,0.00000000,0.00000000,0.00,0,0,0.12,-0.293,0.0000,-0.2940,1.4700,1.4991,0.624756,0.099060,-0.057312,0.772400,7.761,73.8,-1
1782768235.007,2963,667068,0,0.00000000,0.00000000,0.00,0,0,0.20,0.596,0.5880,0.0980,2.6460,2.7123,0.624756,0.099060,-0.057251,0.772400,7.761,73.8,-1
1782768235.255,2964,667290,0,0.00000000,0.00000000,0.00,0,0,0.22,0.116,0.6860,0.7350,1.4210,1.7407,0.624756,0.099060,-0.057251,0.772400,7.761,68.8,-1
1782768235.441,2965,667510,0,0.00000000,0.00000000,0.00,0,0,0.32,0.763,0.5390,0.3430,1.9600,2.0615,0.624756,0.099060,-0.057312,0.772400,7.762,73.8,-1
1782768235.693,2966,667734,0,0.00000000,0.00000000,0.00,0,0,0.15,-0.459,0.4410,0.3430,1.3720,1.4814,0.624756,0.098999,-0.057434,0.772400,7.761,75.0,-1
1782768235.881,2967,667960,0,0.00000000,0.00000000,0.00,0,0,0.12,-0.396,0.7840,0.2940,1.4700,1.6917,0.624756,0.098938,-0.057434,0.772400,7.765,68.8,-1
1782768236.129,2968,668178,0,0.00000000,0.00000000,0.00,0,0,0.07,-0.881,0.4410,1.2740,1.1270,1.7572,0.624878,0.098877,-0.057373,0.772339,7.760,72.5,-1
1782768236.318,2969,668397,0,0.00000000,0.00000000,0.00,0,0,0.29,0.951,0.4900,0.6860,1.7640,1.9551,0.624878,0.098999,-0.057373,0.772339,7.760,72.5,-1
1782768236.567,2970,668612,0,0.00000000,0.00000000,0.00,0,0,0.25,0.287,-0.0490,0.2450,1.7640,1.7816,0.624878,0.099060,-0.057312,0.772278,7.764,71.2,-1
1782768236.754,2971,668830,0,0.00000000,0.00000000,0.00,0,0,0.16,-0.123,0.3920,0.6370,1.4700,1.6493,0.624878,0.098999,-0.057312,0.772278,7.761,76.2,-1
1782768237.003,2972,669054,0,0.00000000,0.00000000,0.00,0,0,0.26,0.344,0.4410,0.8820,1.6660,1.9360,0.624878,0.098938,-0.057312,0.772278,7.760,76.2,-1
1782768237.253,2973,669284,0,0.00000000,0.00000000,0.00,0,0,0.21,-0.102,-0.2940,1.2740,0.0490,1.3084,0.624817,0.098938,-0.057251,0.772339,7.760,76.2,-1
1782768237.438,2974,669506,0,0.00000000,0.00000000,0.00,0,0,0.21,-0.057,0.0980,0.4410,1.0780,1.1688,0.624756,0.098999,-0.057251,0.772400,7.761,75.0,-1
1782768237.687,2975,669731,0,0.00000000,0.00000000,0.00,0,0,0.26,0.512,0.6370,0.8330,1.5190,1.8458,0.624756,0.099060,-0.057129,0.772400,7.758,77.5,-1
1782768237.875,2976,669953,0,0.00000000,0.00000000,0.00,0,0,0.33,0.414,1.0290,-0.5390,2.6460,2.8898,0.624756,0.099121,-0.057007,0.772400,7.758,76.2,-1
1782768238.120,2977,670173,0,0.00000000,0.00000000,0.00,0,0,0.29,0.084,0.1960,0.6860,1.6170,1.7674,0.624695,0.099182,-0.056946,0.772461,7.758,77.5,-1
1782768238.308,2978,670393,0,0.00000000,0.00000000,0.00,0,0,0.33,0.316,0.5880,0.8820,1.9110,2.1853,0.624695,0.099060,-0.057007,0.772461,7.756,75.0,-1
1782768238.557,2979,670606,0,0.00000000,0.00000000,0.00,0,0,0.31,0.062,0.4410,0.6370,0.7350,1.0679,0.624695,0.099060,-0.057007,0.772461,7.761,73.8,-1
1782768238.743,2980,670823,0,0.00000000,0.00000000,0.00,0,0,0.39,0.354,0.4410,0.5880,1.6170,1.7762,0.624695,0.098877,-0.057129,0.772461,7.761,76.2,-1
1782768238.991,2981,671047,0,0.00000000,0.00000000,0.00,0,0,0.36,0.114,0.4900,0.3430,1.6660,1.7701,0.624695,0.098877,-0.057251,0.772461,7.761,68.8,-1
1782768239.179,2982,671268,0,0.00000000,0.00000000,0.00,0,0,0.36,0.114,0.4410,0.3920,0.9800,1.1439,0.624634,0.098938,-0.057312,0.772461,7.766,68.8,-1
1782768239.429,2983,671518,0,0.00000000,0.00000000,0.00,0,0,0.29,-0.138,-0.4410,1.3230,1.3720,1.9563,0.624634,0.098938,-0.057373,0.772461,7.756,71.2,-1
1782768239.678,2984,671739,0,0.00000000,0.00000000,0.00,0,0,0.19,-0.397,-0.0490,0.7840,1.3720,1.5810,0.624634,0.098938,-0.057434,0.772461,7.758,73.8,-1
1782768239.864,2985,671940,0,0.00000000,0.00000000,0.00,0,0,0.24,0.163,0.0980,0.3920,1.7150,1.7620,0.624634,0.098938,-0.057434,0.772461,7.759,76.2,-1
1782768240.114,2986,672168,0,0.00000000,0.00000000,0.00,0,0,0.29,0.481,0.3430,0.1960,1.3230,1.3807,0.624634,0.098999,-0.057373,0.772461,7.762,75.0,-1
1782768240.303,2987,672387,0,0.00000000,0.00000000,0.00,0,0,0.31,0.409,0.4410,0.6860,1.1760,1.4311,0.624634,0.098938,-0.057312,0.772461,7.760,75.0,-1
1782768240.553,2988,672601,0,0.00000000,0.00000000,0.00,0,0,0.28,-0.097,0.4410,0.5880,1.5190,1.6875,0.624634,0.098877,-0.057312,0.772461,7.762,70.0,-1
1782768240.740,2989,672820,0,0.00000000,0.00000000,0.00,0,0,0.35,0.260,0.2940,0.9800,0.8820,1.3508,0.624634,0.098816,-0.057312,0.772522,7.761,75.0,-1
1782768240.990,2990,673040,0,0.00000000,0.00000000,0.00,0,0,0.30,-0.315,0.4900,0.7350,1.1270,1.4319,0.624695,0.098816,-0.057251,0.772522,7.759,76.2,-1
1782768241.177,2991,673259,0,0.00000000,0.00000000,0.00,0,0,0.35,0.553,0.9310,0.7350,1.8620,2.2077,0.624634,0.098877,-0.057373,0.772461,7.759,81.2,-1
1782768241.427,2992,673459,0,0.00000000,0.00000000,0.00,0,0,0.31,-0.172,0.8330,0.7840,1.5190,1.9016,0.624634,0.098877,-0.057373,0.772461,7.760,81.2,-1
1782768241.613,2993,673675,0,0.00000000,0.00000000,0.00,0,0,0.31,0.028,0.3430,0.3920,0.8330,0.9824,0.624634,0.098877,-0.057434,0.772522,7.762,71.2,-1
1782768241.862,2994,673902,0,0.00000000,0.00000000,0.00,0,0,0.35,0.023,-0.3430,1.0780,0.5390,1.2531,0.624634,0.098877,-0.057373,0.772461,7.760,78.8,-1
1782768242.047,2995,674121,0,0.00000000,0.00000000,0.00,0,0,0.24,-0.530,1.0290,0.7840,1.7150,2.1482,0.624695,0.098877,-0.057251,0.772461,7.760,81.2,-1
1782768242.298,2996,674344,0,0.00000000,0.00000000,0.00,0,0,0.32,0.189,0.2450,0.8820,1.1760,1.4903,0.624634,0.098938,-0.057190,0.772522,7.760,75.0,-1
1782768242.487,2997,674559,0,0.00000000,0.00000000,0.00,0,0,0.32,0.077,1.3230,0.5390,2.7930,3.1371,0.624634,0.098938,-0.057190,0.772522,7.760,73.8,-1
1782768242.736,2998,674786,0,0.00000000,0.00000000,0.00,0,0,0.26,-0.325,0.4900,-0.0490,2.0580,2.1161,0.624634,0.098938,-0.057434,0.772522,7.764,70.0,-1
1782768242.921,2999,675004,0,0.00000000,0.00000000,0.00,0,0,0.32,0.078,0.3430,0.4900,1.5190,1.6325,0.624634,0.099060,-0.057312,0.772522,7.760,80.0,-1
1782768243.171,3000,675231,0,0.00000000,0.00000000,0.00,0,0,0.34,0.094,-0.1470,0.7350,1.3230,1.5206,0.624634,0.099060,-0.057251,0.772461,7.761,71.2,-1
1782768243.374,3001,675457,0,0.00000000,0.00000000,0.00,0,0,0.29,-0.198,0.9310,0.3430,2.2540,2.4627,0.624634,0.098938,-0.057312,0.772461,7.760,75.0,-1
1782768243.622,3002,675675,0,0.00000000,0.00000000,0.00,0,0,0.38,0.477,0.2450,0.5880,1.8130,1.9216,0.624634,0.098877,-0.057373,0.772461,7.759,77.5,-1
1782768243.808,3003,675897,0,0.00000000,0.00000000,0.00,0,0,0.30,0.247,0.0490,0.1960,1.2740,1.2899,0.624634,0.098877,-0.057312,0.772461,7.760,78.8,-1
1782768244.056,3004,676116,0,0.00000000,0.00000000,0.00,0,0,0.23,-0.194,0.0000,0.8820,1.4700,1.7143,0.624634,0.098938,-0.057312,0.772461,7.760,78.8,-1
1782768244.304,3005,676337,0,0.00000000,0.00000000,0.00,0,0,0.28,0.154,1.4210,0.7350,1.6660,2.3098,0.624634,0.098938,-0.057434,0.772461,7.762,78.8,-1
1782768244.494,3006,676551,0,0.00000000,0.00000000,0.00,0,0,0.30,0.187,0.5390,0.8820,1.6660,1.9606,0.624634,0.098938,-0.057434,0.772461,7.759,73.8,-1
1782768244.745,3007,676780,0,0.00000000,0.00000000,0.00,0,0,0.24,-0.083,0.4410,0.8820,1.5680,1.8523,0.624634,0.098938,-0.057495,0.772461,7.761,73.8,-1
1782768244.934,3008,677004,0,0.00000000,0.00000000,0.00,0,0,0.40,0.242,0.5390,0.5390,2.9400,3.0372,0.624634,0.098999,-0.057495,0.772461,7.765,72.5,-1
1782768245.184,3009,677229,0,0.00000000,0.00000000,0.00,0,0,0.24,-0.485,0.0000,0.2450,1.1760,1.2012,0.624634,0.098938,-0.057556,0.772461,7.759,81.2,-1
1782768245.370,3010,677451,0,0.00000000,0.00000000,0.00,0,0,0.26,-0.177,0.2940,0.4410,1.5680,1.6552,0.624634,0.098938,-0.057556,0.772461,7.760,76.2,-1
1782768245.620,3011,677670,0,0.00000000,0.00000000,0.00,0,0,0.14,-0.511,0.1470,0.6860,0.9800,1.2052,0.624634,0.098999,-0.057495,0.772461,7.756,78.8,-1
1782768245.806,3012,677894,0,0.00000000,0.00000000,0.00,0,0,0.23,0.172,-0.5880,1.0780,0.8330,1.4838,0.624634,0.098999,-0.057495,0.772461,7.760,77.5,-1
1782768246.057,3013,678111,0,0.00000000,0.00000000,0.00,0,0,0.24,-0.194,0.2450,0.4410,1.9110,1.9765,0.624634,0.099060,-0.057556,0.772461,7.760,76.2,-1
1782768246.244,3014,678331,0,0.00000000,0.00000000,0.00,0,0,0.30,0.123,0.4410,0.7840,1.8130,2.0239,0.624634,0.098999,-0.057556,0.772461,7.756,80.0,-1
1782768246.494,3015,678548,0,0.00000000,0.00000000,0.00,0,0,0.25,-0.199,-0.2450,1.4700,1.5680,2.1632,0.624634,0.098999,-0.057495,0.772461,7.759,76.2,-1
1782768246.743,3016,678775,0,0.00000000,0.00000000,0.00,0,0,0.24,0.009,-0.0490,0.3430,2.1070,2.1353,0.624634,0.099060,-0.057434,0.772461,7.762,75.0,-1
1782768246.931,3017,678992,0,0.00000000,0.00000000,0.00,0,0,0.32,0.352,-0.2450,-0.1470,1.2250,1.2579,0.624634,0.099060,-0.057373,0.772461,7.758,78.8,-1
1782768247.181,3018,679217,0,0.00000000,0.00000000,0.00,0,0,0.42,0.597,0.2940,0.7350,1.8620,2.0233,0.624634,0.099060,-0.057312,0.772461,7.764,77.5,-1
1782768247.369,3019,679442,0,0.00000000,0.00000000,0.00,0,0,0.22,-0.267,0.3920,0.3430,1.1760,1.2862,0.624634,0.099060,-0.057312,0.772461,7.760,71.2,-1
1782768247.616,3020,679656,0,0.00000000,0.00000000,0.00,0,0,0.13,0.036,0.1960,0.4410,1.6660,1.7345,0.624634,0.098999,-0.057373,0.772461,7.761,77.5,-1
1782768247.804,3021,679874,0,0.00000000,0.00000000,0.00,0,0,0.24,0.534,0.0000,0.2450,1.4700,1.4903,0.624634,0.099060,-0.057373,0.772461,7.758,81.2,-1
1782768248.055,3022,680095,0,0.00000000,0.00000000,0.00,0,0,0.25,0.004,0.2450,0.9800,1.8620,2.1184,0.624634,0.099060,-0.057495,0.772461,7.758,78.8,-1
1782768248.242,3023,680317,0,0.00000000,0.00000000,0.00,0,0,0.17,-0.251,-0.0490,1.0780,0.8330,1.3632,0.624634,0.099060,-0.057495,0.772461,7.758,78.8,-1
1782768248.492,3024,680530,0,0.00000000,0.00000000,0.00,0,0,0.22,0.237,0.0980,1.1270,1.3720,1.7782,0.624634,0.099060,-0.057495,0.772461,7.760,72.5,-1
1782768248.678,3025,680759,0,0.00000000,0.00000000,0.00,0,0,0.21,0.217,0.4900,0.8330,1.4210,1.7185,0.624634,0.099060,-0.057495,0.772461,7.759,76.2,-1
1782768248.926,3026,680979,0,0.00000000,0.00000000,0.00,0,0,0.21,0.066,0.5390,0.2940,1.3720,1.5031,0.624634,0.099060,-0.057495,0.772461,7.755,77.5,-1
1782768249.113,3027,681198,0,0.00000000,0.00000000,0.00,0,0,0.18,-0.019,0.4410,0.4410,1.7150,1.8249,0.624634,0.098938,-0.057434,0.772461,7.758,81.2,-1
1782768249.363,3028,681421,0,0.00000000,0.00000000,0.00,0,0,0.20,0.139,0.4410,0.2450,1.5190,1.6006,0.624634,0.098877,-0.057434,0.772461,7.759,78.8,-1
1782768249.550,3029,681637,0,0.00000000,0.00000000,0.00,0,0,0.15,-0.208,0.1960,0.4900,1.4700,1.5619,0.624634,0.098938,-0.057434,0.772461,7.759,80.0,-1
1782768249.800,3030,681861,0,0.00000000,0.00000000,0.00,0,0,0.17,0.047,0.0980,0.6860,0.8820,1.1217,0.624634,0.098938,-0.057495,0.772461,7.762,77.5,-1
1782768250.049,3031,682081,0,0.00000000,0.00000000,0.00,0,0,0.13,-0.271,0.0000,0.5880,0.8820,1.0600,0.624634,0.098938,-0.057495,0.772461,7.761,77.5,-1
1782768250.238,3032,682303,0,0.00000000,0.00000000,0.00,0,0,0.20,0.230,1.3720,-0.3430,2.7930,3.1306,0.624634,0.098877,-0.057434,0.772461,7.762,71.2,-1
1782768250.485,3033,682522,0,0.00000000,0.00000000,0.00,0,0,0.02,-0.805,0.3430,0.8820,1.0290,1.3980,0.624634,0.098877,-0.057373,0.772461,7.762,75.0,-1
1782768250.671,3034,682744,0,0.00000000,0.00000000,0.00,0,0,0.01,-0.521,1.2740,0.3430,2.6950,3.0006,0.624695,0.098938,-0.057312,0.772461,7.761,72.5,-1
1782768250.919,3035,682965,0,0.00000000,0.00000000,0.00,0,0,0.17,0.451,0.7350,0.0980,2.3030,2.4194,0.624695,0.098938,-0.057190,0.772461,7.761,73.8,-1
1782768251.103,3036,683189,0,0.00000000,0.00000000,0.00,0,0,0.15,0.063,1.0780,0.1470,2.1560,2.4150,0.624695,0.098938,-0.057190,0.772461,7.761,70.0,-1
1782768251.353,3037,683416,0,0.00000000,0.00000000,0.00,0,0,0.12,-0.278,1.7640,0.3430,3.2830,3.7427,0.624695,0.098999,-0.057190,0.772461,7.761,73.8,-1
1782768251.604,3038,683636,0,0.00000000,0.00000000,0.00,0,0,0.06,-0.423,1.2250,0.3920,2.1560,2.5105,0.624634,0.098999,-0.057312,0.772461,7.762,72.5,-1
1782768251.790,3039,683854,0,0.00000000,0.00000000,0.00,0,0,0.18,0.229,0.0490,1.2250,1.9110,2.2705,0.624634,0.099060,-0.057312,0.772461,7.761,71.2,-1
1782768252.040,3040,684077,0,0.00000000,0.00000000,0.00,0,0,0.18,-0.085,0.4900,0.7350,1.3230,1.5908,0.624634,0.099060,-0.057312,0.772461,7.762,72.5,-1
1782768252.226,3041,684297,0,0.00000000,0.00000000,0.00,0,0,0.23,0.179,0.0980,0.4900,1.9110,1.9753,0.624634,0.098999,-0.057312,0.772461,7.760,72.5,-1
1782768252.476,3042,684508,0,0.00000000,0.00000000,0.00,0,0,0.19,-0.156,0.6370,0.2940,1.8620,1.9898,0.624634,0.098877,-0.057312,0.772461,7.761,73.8,-1
1782768252.663,3043,684727,0,0.00000000,0.00000000,0.00,0,0,0.06,-0.726,0.2940,1.2250,1.7640,2.1677,0.624695,0.098877,-0.057251,0.772461,7.761,75.0,-1
1782768252.912,3044,684954,0,0.00000000,0.00000000,0.00,0,0,0.03,-0.561,0.8330,0.3920,1.4700,1.7345,0.624695,0.098877,-0.057251,0.772461,7.764,70.0,-1
1782768253.101,3045,685180,0,0.00000000,0.00000000,0.00,0,0,0.10,0.410,0.4900,0.7350,2.4990,2.6505,0.624695,0.098877,-0.057251,0.772461,7.762,68.8,-1
1782768253.363,3046,685399,0,0.00000000,0.00000000,0.00,0,0,-0.02,-0.711,0.2940,0.4900,0.9800,1.1344,0.624695,0.098877,-0.057312,0.772461,7.760,70.0,-1
1782768253.550,3047,685617,0,0.00000000,0.00000000,0.00,0,0,0.03,-0.280,0.6370,0.3920,1.8620,2.0066,0.624695,0.098877,-0.057251,0.772461,7.761,75.0,-1
1782768253.801,3048,685838,0,0.00000000,0.00000000,0.00,0,0,0.07,0.054,-0.5390,0.9800,0.0490,1.1195,0.624695,0.098816,-0.057312,0.772522,7.760,73.8,-1
1782768253.988,3049,686056,0,0.00000000,0.00000000,0.00,0,0,0.18,0.355,0.5390,0.8330,1.3720,1.6932,0.624695,0.098755,-0.057312,0.772522,7.761,75.0,-1
1782768254.239,3050,686281,0,0.00000000,0.00000000,0.00,0,0,0.08,-0.367,0.9800,0.0980,1.9110,2.1499,0.624695,0.098755,-0.057312,0.772522,7.760,75.0,-1
1782768254.487,3051,686527,0,0.00000000,0.00000000,0.00,0,0,0.07,0.070,0.7840,0.0000,0.8820,1.1801,0.624695,0.098816,-0.057251,0.772522,7.759,72.5,-1
1782768254.675,3052,686753,0,0.00000000,0.00000000,0.00,0,0,0.14,0.296,0.1960,-0.0980,2.5970,2.6062,0.624695,0.098816,-0.057251,0.772522,7.764,72.5,-1
1782768254.925,3053,686976,0,0.00000000,0.00000000,0.00,0,0,0.08,0.104,0.0000,0.8820,1.8130,2.0162,0.624695,0.098816,-0.057251,0.772522,7.761,78.8,-1
1782768255.112,3054,687200,0,0.00000000,0.00000000,0.00,0,0,0.25,0.851,0.5390,0.0490,1.3230,1.4294,0.624695,0.098816,-0.057251,0.772522,7.761,73.8,-1
1782768255.360,3055,687425,0,0.00000000,0.00000000,0.00,0,0,0.13,0.099,0.8330,1.3230,1.4700,2.1460,0.624695,0.098816,-0.057190,0.772461,7.762,70.0,-1
1782768255.608,3056,687642,0,0.00000000,0.00000000,0.00,0,0,0.04,-0.119,0.5880,-0.2450,1.5680,1.6925,0.624695,0.098877,-0.057129,0.772461,7.761,76.2,-1
1782768255.794,3057,687865,0,0.00000000,0.00000000,0.00,0,0,0.03,0.078,0.6860,0.2940,1.7640,1.9154,0.624695,0.098877,-0.057129,0.772461,7.762,71.2,-1
1782768256.045,3058,688088,0,0.00000000,0.00000000,0.00,0,0,0.09,0.137,1.8130,-0.1960,1.9110,2.6415,0.624695,0.098877,-0.057129,0.772461,7.764,68.8,-1
1782768256.233,3059,688307,0,0.00000000,0.00000000,0.00,0,0,0.10,-0.109,0.1960,1.6170,0.5880,1.7317,0.624695,0.098816,-0.057190,0.772461,7.764,70.0,-1
1782768256.482,3060,688521,0,0.00000000,0.00000000,0.00,0,0,0.08,-0.072,0.7350,-0.0490,2.0090,2.1398,0.624634,0.098877,-0.057312,0.772461,7.761,77.5,-1
1782768256.672,3061,688743,0,0.00000000,0.00000000,0.00,0,0,0.22,0.900,0.8330,0.7350,1.6660,2.0024,0.624634,0.098877,-0.057373,0.772461,7.760,73.8,-1
1782768256.922,3062,688969,0,0.00000000,0.00000000,0.00,0,0,0.02,-0.300,1.6170,-0.5880,3.4300,3.8374,0.624634,0.098938,-0.057434,0.772461,7.760,75.0,-1
1782768257.111,3063,689191,0,0.00000000,0.00000000,0.00,0,0,0.08,0.113,0.2450,0.6370,1.3720,1.5324,0.624634,0.098938,-0.057373,0.772461,7.765,70.0,-1
1782768257.359,3064,689420,0,0.00000000,0.00000000,0.00,0,0,0.10,-0.062,0.5390,0.3430,1.4210,1.5580,0.624634,0.098938,-0.057312,0.772461,7.765,73.8,-1
1782768257.609,3065,689637,0,0.00000000,0.00000000,0.00,0,0,0.22,0.119,0.5390,0.9800,2.1070,2.3854,0.624695,0.098877,-0.057312,0.772461,7.761,78.8,-1
1782768257.794,3066,689861,0,0.00000000,0.00000000,0.00,0,0,0.05,-0.539,0.2940,0.9800,2.8910,3.0667,0.624634,0.098816,-0.057312,0.772522,7.764,75.0,-1
1782768258.042,3067,690087,0,0.00000000,0.00000000,0.00,0,0,0.06,-0.333,0.0000,0.6370,0.8820,1.0880,0.624634,0.098816,-0.057312,0.772522,7.761,75.0,-1
1782768258.245,3068,690313,0,0.00000000,0.00000000,0.00,0,0,0.14,-0.088,0.3430,0.5880,1.0290,1.2338,0.624634,0.098755,-0.057312,0.772522,7.765,68.8,-1
1782768258.495,3069,690532,0,0.00000000,0.00000000,0.00,0,0,0.14,-0.041,-1.0780,0.5390,-1.1760,1.6839,0.624634,0.098694,-0.057312,0.772522,7.764,70.0,-1
1782768258.682,3070,690753,0,0.00000000,0.00000000,0.00,0,0,0.03,-0.447,0.3920,1.4700,1.1760,1.9229,0.624634,0.098694,-0.057312,0.772522,7.764,71.2,-1
1782768258.930,3071,690971,0,0.00000000,0.00000000,0.00,0,0,0.07,0.241,0.3430,0.7350,1.3720,1.5938,0.624634,0.098694,-0.057312,0.772522,7.758,78.8,-1
1782768259.118,3072,691195,0,0.00000000,0.00000000,0.00,0,0,0.14,0.346,0.3430,0.2450,1.4700,1.5292,0.624695,0.098755,-0.057251,0.772522,7.765,68.8,-1
1782768259.369,3073,691417,0,0.00000000,0.00000000,0.00,0,0,-0.01,-0.813,-0.2940,0.7350,0.7840,1.1141,0.624695,0.098816,-0.057251,0.772522,7.765,71.2,-1
1782768259.556,3074,691636,0,0.00000000,0.00000000,0.00,0,0,0.13,-0.041,0.3430,0.4410,1.5190,1.6185,0.624695,0.098816,-0.057190,0.772522,7.766,68.8,-1
1782768259.809,3075,691861,0,0.00000000,0.00000000,0.00,0,0,0.08,-0.462,1.1270,-0.3430,2.1560,2.4569,0.624695,0.098816,-0.057251,0.772522,7.762,80.0,-1
1782768259.996,3076,692084,0,0.00000000,0.00000000,0.00,0,0,0.10,0.171,0.9310,0.3430,1.3230,1.6537,0.624695,0.098755,-0.057251,0.772522,7.756,76.2,-1
1782768260.247,3077,692302,0,0.00000000,0.00000000,0.00,0,0,0.08,0.165,0.0000,0.7350,0.4900,0.8834,0.624695,0.098755,-0.057312,0.772522,7.756,80.0,-1
1782768260.435,3078,692520,0,0.00000000,0.00000000,0.00,0,0,0.04,-0.178,0.0980,0.3430,1.4700,1.5127,0.624695,0.098694,-0.057251,0.772461,7.760,72.5,-1
1782768260.684,3079,692748,0,0.00000000,0.00000000,0.00,0,0,0.03,-0.077,0.2940,0.9310,1.5190,1.8057,0.624817,0.098633,-0.057251,0.772400,7.759,75.0,-1
1782768260.934,3080,692965,0,0.00000000,0.00000000,0.00,0,0,0.05,0.754,0.9800,0.3430,1.6170,1.9216,0.624817,0.098633,-0.057190,0.772400,7.758,73.8,-1
1782768261.120,3081,693187,0,0.00000000,0.00000000,0.00,0,0,0.11,0.346,0.0490,0.9800,1.5190,1.8084,0.624817,0.098511,-0.057312,0.772400,7.761,76.2,-1
1782768261.370,3082,693409,0,0.00000000,0.00000000,0.00,0,0,0.25,0.928,0.1960,0.4900,1.4210,1.5158,0.624878,0.098511,-0.057373,0.772400,7.759,73.8,-1
1782768261.556,3083,693628,0,0.00000000,0.00000000,0.00,0,0,0.15,0.002,0.9800,0.1470,1.6170,1.8965,0.624878,0.098511,-0.057251,0.772400,7.761,75.0,-1
1782768261.805,3084,693852,0,0.00000000,0.00000000,0.00,0,0,0.05,-0.556,0.3430,0.4410,1.6170,1.7108,0.624878,0.098572,-0.057129,0.772339,7.759,75.0,-1
1782768261.992,3085,694076,0,0.00000000,0.00000000,0.00,0,0,0.03,-0.271,0.0980,0.0980,1.2740,1.2815,0.624878,0.098572,-0.057190,0.772339,7.764,76.2,-1
1782768262.242,3086,694301,0,0.00000000,0.00000000,0.00,0,0,0.08,0.169,0.3430,0.4410,1.2740,1.3911,0.624878,0.098633,-0.057251,0.772339,7.762,78.8,-1
1782768262.430,3087,694517,0,0.00000000,0.00000000,0.00,0,0,0.04,-0.203,0.1960,0.3920,1.3230,1.3937,0.624878,0.098694,-0.057312,0.772339,7.762,73.8,-1
1782768262.683,3088,694742,0,0.00000000,0.00000000,0.00,0,0,0.14,0.660,0.6370,0.2940,1.3230,1.4975,0.624878,0.098755,-0.057312,0.772339,7.761,76.2,-1
1782768262.930,3089,694962,0,0.00000000,0.00000000,0.00,0,0,0.13,0.157,0.2450,0.6860,1.4700,1.6406,0.624817,0.098816,-0.057434,0.772339,7.760,76.2,-1
1782768263.115,3090,695181,0,0.00000000,0.00000000,0.00,0,0,0.09,-0.380,0.1960,0.6860,1.5190,1.6782,0.624817,0.098816,-0.057434,0.772339,7.759,77.5,-1
1782768263.365,3091,695401,0,0.00000000,0.00000000,0.00,0,0,0.06,-0.173,0.2450,0.5880,1.1760,1.3374,0.624817,0.098877,-0.057495,0.772339,7.759,78.8,-1
1782768263.554,3092,695613,0,0.00000000,0.00000000,0.00,0,0,0.07,-0.025,0.4410,0.2940,1.5190,1.6088,0.624817,0.098816,-0.057434,0.772339,7.758,76.2,-1
1782768263.803,3093,695832,0,0.00000000,0.00000000,0.00,0,0,0.06,-0.410,0.2940,0.6370,1.5190,1.6732,0.624817,0.098755,-0.057434,0.772339,7.760,71.2,-1
1782768263.989,3094,696054,0,0.00000000,0.00000000,0.00,0,0,0.11,-0.302,0.2940,0.0490,1.1760,1.2132,0.624817,0.098755,-0.057434,0.772339,7.760,75.0,-1
1782768264.238,3095,696272,0,0.00000000,0.00000000,0.00,0,0,0.20,0.148,0.8330,0.6860,2.0580,2.3238,0.624817,0.098755,-0.057434,0.772339,7.755,77.5,-1
1782768264.488,3096,696522,0,0.00000000,0.00000000,0.00,0,0,0.19,-0.108,0.2450,0.5880,0.6860,0.9361,0.624817,0.098755,-0.057434,0.772339,7.759,78.8,-1
1782768264.676,3097,696747,0,0.00000000,0.00000000,0.00,0,0,0.17,0.301,0.1960,0.5390,1.4700,1.5779,0.624817,0.098755,-0.057434,0.772339,7.761,75.0,-1
1782768264.926,3098,696964,0,0.00000000,0.00000000,0.00,0,0,0.16,-0.024,0.3920,0.6370,1.2740,1.4773,0.624817,0.098694,-0.057434,0.772339,7.759,76.2,-1
1782768265.112,3099,697189,0,0.00000000,0.00000000,0.00,0,0,0.05,-0.502,0.0980,0.4900,1.1760,1.2778,0.624817,0.098755,-0.057434,0.772339,7.760,73.8,-1
1782768265.361,3100,697413,0,0.00000000,0.00000000,0.00,0,0,0.09,0.083,0.3920,0.4900,1.2740,1.4202,0.624817,0.098816,-0.057495,0.772339,7.756,77.5,-1
1782768265.550,3101,697628,0,0.00000000,0.00000000,0.00,0,0,0.16,0.515,0.4900,0.5390,1.6170,1.7735,0.624817,0.098816,-0.057495,0.772339,7.761,71.2,-1
1782768265.797,3102,697846,0,0.00000000,0.00000000,0.00,0,0,0.22,0.567,0.0000,0.7350,1.1270,1.3455,0.624817,0.098816,-0.057434,0.772339,7.760,75.0,-1
1782768265.981,3103,698068,0,0.00000000,0.00000000,0.00,0,0,0.16,0.105,0.0980,0.2940,2.0090,2.0328,0.624817,0.098755,-0.057373,0.772339,7.759,76.2,-1
1782768266.233,3104,698289,0,0.00000000,0.00000000,0.00,0,0,0.11,-0.295,0.1470,0.6860,1.7150,1.8530,0.624817,0.098755,-0.057434,0.772339,7.761,72.5,-1
1782768266.421,3105,698504,0,0.00000000,0.00000000,0.00,0,0,0.15,0.037,0.2450,0.3920,1.7640,1.8236,0.624817,0.098816,-0.057434,0.772339,7.759,75.0,-1
1782768266.670,3106,698731,0,0.00000000,0.00000000,0.00,0,0,0.21,0.726,0.1470,0.2450,1.4210,1.4494,0.624817,0.098816,-0.057373,0.772339,7.759,71.2,-1
1782768266.919,3107,698954,0,0.00000000,0.00000000,0.00,0,0,0.11,-0.064,0.2940,0.5880,1.3230,1.4773,0.624817,0.098755,-0.057373,0.772339,7.762,72.5,-1
1782768267.106,3108,699180,0,0.00000000,0.00000000,0.00,0,0,-0.03,-1.039,-0.0980,0.6860,1.2250,1.4074,0.624817,0.098755,-0.057373,0.772339,7.759,78.8,-1
1782768267.355,3109,699400,0,0.00000000,0.00000000,0.00,0,0,0.13,0.254,-0.1960,1.1270,1.1760,1.6406,0.624817,0.098694,-0.057373,0.772339,7.758,80.0,-1
1782768267.542,3110,699614,0,0.00000000,0.00000000,0.00,0,0,0.12,-0.083,0.4900,0.7350,1.4210,1.6732,0.624878,0.098633,-0.057312,0.772339,7.764,66.2,-1
1782768267.791,3111,699836,0,0.00000000,0.00000000,0.00,0,0,0.18,0.440,0.6370,0.2940,1.5190,1.6732,0.624878,0.098633,-0.057312,0.772339,7.764,70.0,-1
1782768267.980,3112,700057,0,0.00000000,0.00000000,0.00,0,0,0.12,-0.099,0.3920,0.2450,1.5190,1.5878,0.624878,0.098694,-0.057373,0.772339,7.761,72.5,-1
1782768268.228,3113,700285,0,0.00000000,0.00000000,0.00,0,0,0.09,-0.399,-0.1960,1.1270,1.2740,1.7122,0.624817,0.098694,-0.057373,0.772339,7.761,77.5,-1
1782768268.417,3114,700501,0,0.00000000,0.00000000,0.00,0,0,0.15,0.097,0.4410,0.3920,1.3720,1.4935,0.624817,0.098694,-0.057373,0.772339,7.756,83.8,-1
1782768268.665,3115,700727,0,0.00000000,0.00000000,0.00,0,0,0.00,-0.834,0.1960,0.5390,1.6170,1.7157,0.624817,0.098755,-0.057434,0.772339,7.759,78.8,-1
1782768268.917,3116,700947,0,0.00000000,0.00000000,0.00,0,0,0.20,0.483,0.4410,0.3920,2.1070,2.1881,0.624817,0.098816,-0.057495,0.772339,7.756,75.0,-1
1782768269.104,3117,701173,0,0.00000000,0.00000000,0.00,0,0,0.06,-0.573,-0.0490,0.7840,1.5680,1.7538,0.624817,0.098816,-0.057495,0.772339,7.758,77.5,-1
1782768269.352,3118,701396,0,0.00000000,0.00000000,0.00,0,0,0.15,0.071,0.2450,1.0290,1.2250,1.6185,0.624878,0.098755,-0.057373,0.772339,7.761,71.2,-1
1782768269.542,3119,701611,0,0.00000000,0.00000000,0.00,0,0,0.03,-0.559,0.4410,0.0980,1.2250,1.3056,0.624878,0.098755,-0.057251,0.772339,7.758,76.2,-1
1782768269.790,3120,701834,0,0.00000000,0.00000000,0.00,0,0,0.15,0.312,0.3430,0.8330,2.0580,2.2465,0.624878,0.098755,-0.057373,0.772339,7.759,73.8,-1
1782768269.979,3121,702058,0,0.00000000,0.00000000,0.00,0,0,0.14,-0.070,0.7350,0.3920,1.7640,1.9508,0.624817,0.098755,-0.057373,0.772339,7.761,76.2,-1
1782768270.229,3122,702277,0,0.00000000,0.00000000,0.00,0,0,0.12,-0.253,0.1960,0.6860,1.7640,1.9028,0.624817,0.098755,-0.057373,0.772339,7.761,72.5,-1
1782768270.481,3123,702518,0,0.00000000,0.00000000,0.00,0,0,0.23,0.372,0.5880,0.4900,1.0290,1.2825,0.624878,0.098755,-0.057251,0.772339,7.760,73.8,-1
1782768270.670,3124,702741,0,0.00000000,0.00000000,0.00,0,0,0.19,0.061,0.4900,0.1960,1.5680,1.6544,0.624878,0.098755,-0.057312,0.772339,7.760,75.0,-1
1782768270.918,3125,702969,0,0.00000000,0.00000000,0.00,0,0,0.10,-0.068,0.2940,0.5390,1.7640,1.8678,0.624878,0.098755,-0.057373,0.772339,7.758,81.2,-1
1782768271.106,3126,703189,0,0.00000000,0.00000000,0.00,0,0,0.09,-0.286,0.0000,0.3430,1.4700,1.5095,0.624878,0.098755,-0.057251,0.772339,7.760,80.0,-1
1782768271.353,3127,703409,0,0.00000000,0.00000000,0.00,0,0,0.14,0.405,0.0490,0.7350,1.3230,1.5143,0.624878,0.098694,-0.057312,0.772339,7.759,75.0,-1
1782768271.539,3128,703625,0,0.00000000,0.00000000,0.00,0,0,0.09,-0.102,0.2450,0.6860,1.7150,1.8633,0.624878,0.098633,-0.057251,0.772339,7.765,68.8,-1
1782768271.791,3129,703851,0,0.00000000,0.00000000,0.00,0,0,0.04,-0.363,0.2450,0.5390,1.1270,1.2731,0.624878,0.098633,-0.057251,0.772339,7.760,77.5,-1
1782768272.038,3130,704072,0,0.00000000,0.00000000,0.00,0,0,0.08,0.350,-0.3430,1.1270,1.6170,2.0006,0.624878,0.098694,-0.057190,0.772339,7.761,77.5,-1
1782768272.225,3131,704291,0,0.00000000,0.00000000,0.00,0,0,0.17,0.442,0.3430,0.0980,2.3030,2.3305,0.624878,0.098633,-0.057190,0.772339,7.761,80.0,-1
1782768272.475,3132,704506,0,0.00000000,0.00000000,0.00,0,0,0.22,0.412,0.3920,0.4410,1.4700,1.5840,0.624878,0.098633,-0.057251,0.772339,7.762,76.2,-1
1782768272.663,3133,704730,0,0.00000000,0.00000000,0.00,0,0,0.15,-0.319,1.3230,1.1270,1.1760,2.0984,0.624878,0.098633,-0.057190,0.772339,7.764,72.5,-1
1782768272.914,3134,704953,0,0.00000000,0.00000000,0.00,0,0,0.26,0.265,-0.5390,1.4210,0.0490,1.5206,0.624878,0.098694,-0.057190,0.772339,7.761,76.2,-1
1782768273.101,3135,705173,0,0.00000000,0.00000000,0.00,0,0,0.24,0.524,0.8330,1.7640,1.9600,2.7654,0.624878,0.098755,-0.057190,0.772339,7.759,76.2,-1
1782768273.353,3136,705396,0,0.00000000,0.00000000,0.00,0,0,0.15,-0.195,0.4410,0.9310,1.6660,1.9588,0.624878,0.098816,-0.057190,0.772339,7.760,75.0,-1
1782768273.539,3137,705611,0,0.00000000,0.00000000,0.00,0,0,0.14,0.214,-0.0980,0.8330,0.5880,1.0243,0.624878,0.098755,-0.057129,0.772339,7.761,73.8,-1
1782768273.790,3138,705838,0,0.00000000,0.00000000,0.00,0,0,0.12,-0.050,1.1270,0.2940,2.4500,2.7128,0.624878,0.098755,-0.057129,0.772339,7.765,73.8,-1
1782768273.978,3139,706059,0,0.00000000,0.00000000,0.00,0,0,0.16,0.038,0.0980,1.0290,1.2250,1.6028,0.624878,0.098816,-0.057190,0.772339,7.764,75.0,-1
1782768274.226,3140,706281,0,0.00000000,0.00000000,0.00,0,0,0.22,0.453,-0.1470,0.4900,0.9800,1.1055,0.624878,0.098755,-0.057129,0.772339,7.762,77.5,-1
1782768274.413,3141,706502,0,0.00000000,0.00000000,0.00,0,0,0.18,-0.089,0.3430,0.5390,1.9110,2.0150,0.624878,0.098755,-0.057068,0.772339,7.760,77.5,-1
1782768274.662,3142,706730,0,0.00000000,0.00000000,0.00,0,0,0.16,-0.221,0.5880,0.9800,0.6860,1.3329,0.624878,0.098755,-0.057068,0.772339,7.762,73.8,-1
1782768274.913,3143,706951,0,0.00000000,0.00000000,0.00,0,0,0.18,0.351,0.2450,0.6860,1.2250,1.4252,0.624878,0.098816,-0.057068,0.772339,7.762,72.5,-1
1782768275.100,3144,707176,0,0.00000000,0.00000000,0.00,0,0,0.15,0.039,0.5390,0.2450,1.2740,1.4049,0.624878,0.098755,-0.057007,0.772339,7.758,76.2,-1
1782768275.348,3145,707398,0,0.00000000,0.00000000,0.00,0,0,0.16,-0.034,1.0780,0.2450,2.4500,2.6879,0.624878,0.098755,-0.057007,0.772339,7.760,78.8,-1
1782768275.536,3146,707612,0,0.00000000,0.00000000,0.00,0,0,0.09,-0.709,0.1960,0.5390,1.1760,1.3084,0.624878,0.098755,-0.057129,0.772339,7.762,72.5,-1
1782768275.785,3147,707831,0,0.00000000,0.00000000,0.00,0,0,0.18,0.249,0.1960,0.5390,1.7640,1.8549,0.624878,0.098755,-0.057190,0.772339,7.760,77.5,-1
1782768275.972,3148,708049,0,0.00000000,0.00000000,0.00,0,0,0.09,0.133,0.3430,0.5880,1.3230,1.4879,0.624878,0.098816,-0.057129,0.772339,7.761,76.2,-1
1782768276.221,3149,708270,0,0.00000000,0.00000000,0.00,0,0,0.24,0.474,0.0980,0.4410,0.9310,1.0348,0.624878,0.098816,-0.057129,0.772339,7.761,76.2,-1
1782768276.470,3150,708515,0,0.00000000,0.00000000,0.00,0,0,0.22,0.320,0.6370,0.8820,1.9600,2.2417,0.624878,0.098877,-0.057129,0.772339,7.762,68.8,-1
1782768276.657,3151,708745,0,0.00000000,0.00000000,0.00,0,0,0.13,-0.287,0.2940,0.7840,1.9110,2.0864,0.624878,0.098816,-0.057190,0.772339,7.761,71.2,-1
1782768276.904,3152,708974,0,0.00000000,0.00000000,0.00,0,0,0.19,0.374,0.0000,0.7840,1.5190,1.7094,0.624878,0.098816,-0.057251,0.772339,7.758,75.0,-1
1782768277.155,3153,709195,0,0.00000000,0.00000000,0.00,0,0,0.13,-0.131,0.1470,0.4900,1.0290,1.1492,0.624817,0.098877,-0.057373,0.772339,7.760,73.8,-1
1782768277.345,3154,709418,0,0.00000000,0.00000000,0.00,0,0,0.12,-0.048,0.0980,0.4900,1.3720,1.4602,0.624817,0.098816,-0.057373,0.772339,7.764,71.2,-1
1782768277.592,3155,709637,0,0.00000000,0.00000000,0.00,0,0,0.03,-0.600,0.7350,0.8330,1.2740,1.6903,0.624817,0.098877,-0.057373,0.772339,7.764,68.8,-1
1782768277.779,3156,709854,0,0.00000000,0.00000000,0.00,0,0,0.17,0.384,0.6860,0.9800,1.7150,2.0910,0.624817,0.098938,-0.057434,0.772339,7.761,72.5,-1
1782768278.025,3157,710073,0,0.00000000,0.00000000,0.00,0,0,0.18,0.202,0.8820,0.2940,2.3520,2.5291,0.624817,0.098999,-0.057495,0.772339,7.762,73.8,-1
1782768278.210,3158,710298,0,0.00000000,0.00000000,0.00,0,0,0.10,-0.501,0.2940,0.7840,1.9110,2.0864,0.624817,0.098999,-0.057495,0.772339,7.764,67.5,-1
1782768278.457,3159,710511,0,0.00000000,0.00000000,0.00,0,0,0.12,0.060,0.5880,0.3920,2.4010,2.5028,0.624817,0.098999,-0.057434,0.772339,7.761,72.5,-1
1782768278.706,3160,710736,0,0.00000000,0.00000000,0.00,0,0,0.07,-0.303,-0.0490,1.9110,0.3430,1.9422,0.624817,0.098938,-0.057373,0.772339,7.760,71.2,-1
1782768278.892,3161,710958,0,0.00000000,0.00000000,0.00,0,0,0.15,0.465,0.5880,0.6370,2.1070,2.2784,0.624817,0.098877,-0.057434,0.772339,7.765,70.0,-1
1782768279.142,3162,711176,0,0.00000000,0.00000000,0.00,0,0,0.18,0.231,0.5880,0.6370,1.3720,1.6229,0.624817,0.098938,-0.057495,0.772339,7.760,72.5,-1
1782768279.329,3163,711398,0,0.00000000,0.00000000,0.00,0,0,-0.01,-0.652,0.1960,0.4410,1.9600,2.0185,0.624817,0.098938,-0.057495,0.772339,7.764,71.2,-1
1782768279.577,3164,711611,0,0.00000000,0.00000000,0.00,0,0,0.06,-0.034,0.8330,1.6170,0.6860,1.9440,0.624817,0.098877,-0.057495,0.772339,7.761,75.0,-1
1782768279.763,3165,711834,0,0.00000000,0.00000000,0.00,0,0,0.13,0.169,0.5390,0.6860,1.6660,1.8806,0.624817,0.098877,-0.057434,0.772339,7.762,73.8,-1
1782768280.012,3166,712058,0,0.00000000,0.00000000,0.00,0,0,0.18,0.504,0.0490,0.9310,2.2050,2.3940,0.624817,0.098877,-0.057373,0.772339,7.761,73.8,-1
1782768280.201,3167,712281,0,0.00000000,0.00000000,0.00,0,0,0.07,-0.310,-0.0490,1.5680,2.0580,2.5877,0.624817,0.098877,-0.057373,0.772339,7.760,72.5,-1
1782768280.449,3168,712524,0,0.00000000,0.00000000,0.00,0,0,0.17,0.116,-1.5680,2.1070,-1.0780,2.8390,0.624817,0.098938,-0.057434,0.772339,7.761,70.0,-1
1782768280.699,3169,712750,0,0.00000000,0.00000000,0.00,0,0,0.16,-0.018,0.4900,0.5880,1.4210,1.6140,0.624817,0.098938,-0.057373,0.772339,7.761,76.2,-1
1782768280.886,3170,712973,0,0.00000000,0.00000000,0.00,0,0,0.20,0.322,0.8820,0.6860,1.7640,2.0881,0.624878,0.098938,-0.057312,0.772339,7.756,78.8,-1
1782768281.135,3171,713191,0,0.00000000,0.00000000,0.00,0,0,0.16,0.059,0.1470,1.2250,2.8420,3.0983,0.624817,0.098938,-0.057373,0.772339,7.760,77.5,-1
1782768281.385,3172,713416,0,0.00000000,0.00000000,0.00,0,0,0.08,-0.214,0.1960,0.4900,1.1760,1.2890,0.624817,0.098877,-0.057373,0.772339,7.760,77.5,-1
1782768281.571,3173,713636,0,0.00000000,0.00000000,0.00,0,0,-0.10,-0.666,0.4900,0.3920,1.3230,1.4643,0.624817,0.098938,-0.057373,0.772339,7.759,76.2,-1
1782768281.822,3174,713857,0,0.00000000,0.00000000,0.00,0,0,0.15,0.885,0.2940,1.4700,0.5880,1.6103,0.624817,0.098877,-0.057312,0.772339,7.762,72.5,-1
1782768282.009,3175,714079,0,0.00000000,0.00000000,0.00,0,0,0.00,-0.590,0.0490,0.8820,1.2740,1.5503,0.624756,0.098999,-0.057312,0.772400,7.762,76.2,-1
1782768282.257,3176,714306,0,0.00000000,0.00000000,0.00,0,0,0.11,0.424,0.3920,0.6370,2.2540,2.3749,0.624756,0.098938,-0.057251,0.772400,7.759,73.8,-1
1782768282.442,3177,714521,0,0.00000000,0.00000000,0.00,0,0,0.08,0.019,0.0000,1.0290,1.0780,1.4903,0.624756,0.098877,-0.057190,0.772400,7.760,77.5,-1
1782768282.695,3178,714749,0,0.00000000,0.00000000,0.00,0,0,0.05,-0.495,0.3920,0.8330,0.8820,1.2749,0.624756,0.098938,-0.057190,0.772400,7.762,67.5,-1
1782768282.943,3179,714973,0,0.00000000,0.00000000,0.00,0,0,0.11,0.070,0.8820,-0.1960,2.4010,2.5654,0.624756,0.098999,-0.057312,0.772400,7.755,82.5,-1
1782768283.130,3180,715197,0,0.00000000,0.00000000,0.00,0,0,0.21,0.426,0.2940,0.7840,1.6660,1.8646,0.624756,0.099060,-0.057312,0.772400,7.755,77.5,-1
1782768283.380,3181,715419,0,0.00000000,0.00000000,0.00,0,0,0.06,-0.746,0.2450,0.4900,0.8330,0.9970,0.624756,0.099060,-0.057312,0.772400,7.762,76.2,-1
1782768283.566,3182,715639,0,0.00000000,0.00000000,0.00,0,0,0.06,-0.304,0.0000,0.6860,0.7350,1.0054,0.624695,0.098999,-0.057373,0.772400,7.761,76.2,-1
1782768283.816,3183,715858,0,0.00000000,0.00000000,0.00,0,0,0.13,0.703,0.4900,0.0490,2.2540,2.3072,0.624695,0.098999,-0.057434,0.772400,7.759,77.5,-1
1782768284.003,3184,716080,0,0.00000000,0.00000000,0.00,0,0,0.17,0.582,0.4900,0.5390,1.8130,1.9539,0.624695,0.098999,-0.057434,0.772400,7.761,77.5,-1
1782768284.253,3185,716299,0,0.00000000,0.00000000,0.00,0,0,0.15,0.313,0.3430,0.1960,1.1760,1.2406,0.624695,0.098999,-0.057495,0.772400,7.758,76.2,-1
1782768284.437,3186,716513,0,0.00000000,0.00000000,0.00,0,0,0.22,0.479,-0.0980,1.0780,2.0090,2.2821,0.624695,0.098999,-0.057556,0.772400,7.759,73.8,-1
1782768284.686,3187,716739,0,0.00000000,0.00000000,0.00,0,0,0.04,-0.340,0.7840,0.1470,2.3520,2.4836,0.624695,0.098999,-0.057556,0.772400,7.755,81.2,-1
1782768284.873,3188,716961,0,0.00000000,0.00000000,0.00,0,0,0.05,-0.052,0.6860,0.5880,1.5190,1.7674,0.624695,0.098999,-0.057556,0.772400,7.756,80.0,-1
1782768285.125,3189,717180,0,0.00000000,0.00000000,0.00,0,0,0.05,-0.157,0.2450,0.9800,0.8330,1.3093,0.624695,0.098999,-0.057556,0.772400,7.756,80.0,-1
1782768285.374,3190,717404,0,0.00000000,0.00000000,0.00,0,0,0.08,0.053,-0.5390,0.5880,1.4700,1.6725,0.624695,0.099060,-0.057495,0.772400,7.759,73.8,-1
1782768285.561,3191,717622,0,0.00000000,0.00000000,0.00,0,0,-0.02,-0.954,0.5390,0.7840,2.4010,2.5826,0.624695,0.099060,-0.057434,0.772400,7.759,80.0,-1
1782768285.811,3192,717846,0,0.00000000,0.00000000,0.00,0,0,-0.03,-0.431,1.1760,0.6370,2.1070,2.4956,0.624695,0.098999,-0.057495,0.772400,7.758,76.2,-1
1782768285.998,3193,718072,0,0.00000000,0.00000000,0.00,0,0,-0.05,-0.178,0.2450,0.4410,1.7150,1.7877,0.624695,0.098999,-0.057495,0.772400,7.759,76.2,-1
1782768286.248,3194,718296,0,0.00000000,0.00000000,0.00,0,0,0.01,0.075,0.1960,0.6370,2.2050,2.3035,0.624695,0.098999,-0.057495,0.772400,7.761,72.5,-1
1782768286.436,3195,718514,0,0.00000000,0.00000000,0.00,0,0,0.01,0.117,0.1960,-0.0490,2.2050,2.2142,0.624695,0.098999,-0.057495,0.772400,7.761,76.2,-1
1782768286.685,3196,718737,0,0.00000000,0.00000000,0.00,0,0,0.03,0.085,0.6370,-0.2450,1.6170,1.7551,0.624695,0.099060,-0.057495,0.772400,7.760,73.8,-1
1782768286.871,3197,718955,0,0.00000000,0.00000000,0.00,0,0,0.08,0.086,0.1470,1.0780,0.5880,1.2367,0.624695,0.098999,-0.057495,0.772400,7.761,76.2,-1
1782768287.121,3198,719180,0,0.00000000,0.00000000,0.00,0,0,0.17,0.390,0.8820,0.1470,1.7640,1.9777,0.624695,0.098999,-0.057556,0.772400,7.764,72.5,-1
1782768287.372,3199,719407,0,0.00000000,0.00000000,0.00,0,0,0.16,0.353,0.7350,0.4410,1.5680,1.7870,0.624695,0.098999,-0.057556,0.772400,7.760,75.0,-1
1782768287.558,3200,719625,0,0.00000000,0.00000000,0.00,0,0,0.02,-0.781,0.3430,0.5390,1.4700,1.6028,0.624756,0.098999,-0.057495,0.772400,7.761,75.0,-1
1782768287.809,3201,719848,0,0.00000000,0.00000000,0.00,0,0,0.02,-0.064,0.3430,0.7350,0.8820,1.1982,0.624756,0.099060,-0.057495,0.772400,7.759,76.2,-1
1782768287.994,3202,720070,0,0.00000000,0.00000000,0.00,0,0,0.06,-0.168,0.2940,0.5390,1.8130,1.9141,0.624756,0.098938,-0.057434,0.772400,7.761,76.2,-1
1782768288.243,3203,720293,0,0.00000000,0.00000000,0.00,0,0,0.20,0.876,0.6370,0.3920,0.4410,0.8683,0.624756,0.098877,-0.057495,0.772400,7.762,72.5,-1
1782768288.430,3204,720511,0,0.00000000,0.00000000,0.00,0,0,0.15,-0.101,0.0490,0.6860,0.4900,0.8445,0.624817,0.098877,-0.057312,0.772339,7.761,72.5,-1
1782768288.678,3205,720732,0,0.00000000,0.00000000,0.00,0,0,0.16,-0.133,0.0000,1.2250,0.8820,1.5095,0.624878,0.098999,-0.057251,0.772278,7.762,75.0,-1
1782768288.883,3206,720950,0,0.00000000,0.00000000,0.00,0,0,0.10,-0.161,0.4900,0.3430,1.5190,1.6325,0.624878,0.098999,-0.057373,0.772339,7.762,73.8,-1
1782768289.133,3207,721172,0,0.00000000,0.00000000,0.00,0,0,0.04,-0.400,0.0980,1.6170,1.6170,2.2889,0.624878,0.098999,-0.057373,0.772339,7.764,70.0,-1
1782768289.320,3208,721395,0,0.00000000,0.00000000,0.00,0,0,0.15,0.313,0.4410,1.0290,2.3030,2.5607,0.624878,0.098999,-0.057373,0.772339,7.759,72.5,-1
1782768289.572,3209,721611,0,0.00000000,0.00000000,0.00,0,0,0.16,0.249,-0.0980,1.0780,1.1270,1.5626,0.624878,0.098938,-0.057495,0.772278,7.761,77.5,-1
1782768289.761,3210,721834,0,0.00000000,0.00000000,0.00,0,0,0.08,0.032,-0.3920,0.3920,1.7150,1.8024,0.624817,0.098938,-0.057556,0.772339,7.760,72.5,-1
1782768290.009,3211,722053,0,0.00000000,0.00000000,0.00,0,0,0.17,0.387,0.6370,-0.0980,3.1360,3.2015,0.624817,0.098938,-0.057556,0.772339,7.759,73.8,-1
1782768290.195,3212,722275,0,0.00000000,0.00000000,0.00,0,0,0.13,-0.296,0.9800,-0.3920,1.5190,1.8497,0.624817,0.098999,-0.057495,0.772339,7.760,73.8,-1
1782768290.445,3213,722518,0,0.00000000,0.00000000,0.00,0,0,0.02,-0.610,0.4410,0.4900,1.4700,1.6110,0.624817,0.099121,-0.057434,0.772339,7.762,77.5,-1
1782768290.694,3214,722744,0,0.00000000,0.00000000,0.00,0,0,0.07,0.115,0.4900,0.4900,1.8130,1.9409,0.624817,0.099121,-0.057434,0.772339,7.760,73.8,-1
1782768290.880,3215,722966,0,0.00000000,0.00000000,0.00,0,0,0.06,0.050,0.6860,0.3920,1.6660,1.8439,0.624817,0.099060,-0.057434,0.772339,7.762,73.8,-1
1782768291.129,3216,723185,0,0.00000000,0.00000000,0.00,0,0,0.12,0.326,0.1470,0.5880,2.0580,2.1454,0.624817,0.098999,-0.057434,0.772339,7.764,75.0,-1
1782768291.378,3217,723409,0,0.00000000,0.00000000,0.00,0,0,0.07,0.062,0.5390,0.5880,1.7640,1.9360,0.624817,0.098999,-0.057434,0.772339,7.761,75.0,-1
1782768291.566,3218,723626,0,0.00000000,0.00000000,0.00,0,0,0.03,-0.191,0.0000,0.3430,1.3230,1.3667,0.624817,0.098999,-0.057495,0.772339,7.765,73.8,-1
1782768291.816,3219,723849,0,0.00000000,0.00000000,0.00,0,0,0.00,-0.212,0.1470,0.5390,1.1760,1.3020,0.624756,0.098999,-0.057495,0.772339,7.761,75.0,-1
1782768292.002,3220,724070,0,0.00000000,0.00000000,0.00,0,0,0.00,-0.197,0.1470,0.6370,0.9310,1.1376,0.624817,0.098999,-0.057495,0.772339,7.762,72.5,-1
1782768292.251,3221,724298,0,0.00000000,0.00000000,0.00,0,0,0.03,-0.195,0.3430,0.6370,1.4700,1.6384,0.624817,0.098938,-0.057495,0.772339,7.759,78.8,-1
1782768292.439,3222,724511,0,0.00000000,0.00000000,0.00,0,0,0.02,0.093,0.6860,0.3920,1.9110,2.0679,0.624817,0.098877,-0.057434,0.772339,7.761,72.5,-1
1782768292.687,3223,724731,0,0.00000000,0.00000000,0.00,0,0,0.09,0.753,0.3920,0.4900,1.0290,1.2052,0.624817,0.098816,-0.057434,0.772400,7.761,73.8,-1
1782768292.875,3224,724949,0,0.00000000,0.00000000,0.00,0,0,-0.07,-0.402,0.1470,0.6860,1.4700,1.6288,0.624817,0.098816,-0.057434,0.772400,7.758,76.2,-1
1782768293.124,3225,725170,0,0.00000000,0.00000000,0.00,0,0,0.01,0.146,0.1470,0.5880,1.5190,1.6355,0.624817,0.098877,-0.057495,0.772400,7.760,73.8,-1
1782768293.326,3226,725389,0,0.00000000,0.00000000,0.00,0,0,0.05,0.084,-0.0980,0.9310,1.6170,1.8684,0.624817,0.098816,-0.057495,0.772400,7.759,77.5,-1
1782768293.577,3227,725603,0,0.00000000,0.00000000,0.00,0,0,-0.05,-0.606,0.4410,0.2450,2.0580,2.1189,0.624817,0.098816,-0.057434,0.772400,7.764,73.8,-1
1782768293.764,3228,725822,0,0.00000000,0.00000000,0.00,0,0,-0.07,-0.212,-0.0980,1.0290,0.9310,1.3911,0.624817,0.098938,-0.057373,0.772339,7.762,72.5,-1
1782768294.014,3229,726042,0,0.00000000,0.00000000,0.00,0,0,0.01,0.250,-0.3920,0.9310,0.9310,1.3737,0.624817,0.098999,-0.057373,0.772339,7.761,77.5,-1
1782768294.203,3230,726263,0,0.00000000,0.00000000,0.00,0,0,0.10,0.791,0.5880,0.3430,1.7640,1.8908,0.624817,0.098999,-0.057312,0.772339,7.764,71.2,-1
1782768294.453,3231,726506,0,0.00000000,0.00000000,0.00,0,0,0.08,0.087,0.1960,0.6860,1.7640,1.9028,0.624817,0.098999,-0.057312,0.772339,7.762,75.0,-1
1782768294.640,3232,726728,0,0.00000000,0.00000000,0.00,0,0,0.03,0.059,0.6860,1.2250,2.6950,3.0388,0.624817,0.098999,-0.057312,0.772339,7.760,75.0,-1
1782768294.887,3233,726955,0,0.00000000,0.00000000,0.00,0,0,0.19,0.573,0.8330,0.3430,2.6460,2.7951,0.624817,0.098999,-0.057251,0.772339,7.759,75.0,-1
1782768295.136,3234,727176,0,0.00000000,0.00000000,0.00,0,0,0.01,-0.361,0.9310,0.0980,1.9600,2.1721,0.624817,0.099060,-0.057251,0.772339,7.759,75.0,-1
1782768295.324,3235,727405,0,0.00000000,0.00000000,0.00,0,0,0.04,-0.106,0.5880,1.1270,2.0580,2.4189,0.624817,0.099060,-0.057251,0.772339,7.762,76.2,-1
1782768295.575,3236,727620,0,0.00000000,0.00000000,0.00,0,0,0.00,-0.069,0.0490,0.7350,1.3230,1.5143,0.624817,0.099060,-0.057251,0.772339,7.761,76.2,-1
1782768295.761,3237,727847,0,0.00000000,0.00000000,0.00,0,0,0.14,0.524,0.6370,0.4410,1.4210,1.6185,0.624817,0.098938,-0.057251,0.772339,7.760,77.5,-1
1782768296.012,3238,728067,0,0.00000000,0.00000000,0.00,0,0,0.07,-0.022,0.4900,0.2940,1.2740,1.3963,0.624817,0.098938,-0.057312,0.772339,7.759,77.5,-1
1782768296.200,3239,728287,0,0.00000000,0.00000000,0.00,0,0,0.04,-0.331,0.1470,0.6370,1.3720,1.5198,0.624817,0.098999,-0.057312,0.772339,7.760,80.0,-1
1782768296.451,3240,728530,0,0.00000000,0.00000000,0.00,0,0,0.05,0.108,0.2940,0.5880,2.0090,2.1138,0.624817,0.098999,-0.057373,0.772339,7.759,75.0,-1
1782768296.712,3241,728751,0,0.00000000,0.00000000,0.00,0,0,0.02,-0.125,0.1960,0.7840,1.6170,1.8077,0.624817,0.098999,-0.057312,0.772339,7.760,78.8,-1
1782768296.899,3242,728972,0,0.00000000,0.00000000,0.00,0,0,0.05,-0.141,-0.0490,0.3920,1.5680,1.6170,0.624817,0.098938,-0.057251,0.772339,7.758,80.0,-1
1782768297.148,3243,729198,0,0.00000000,0.00000000,0.00,0,0,0.08,0.262,1.0290,0.6860,1.3230,1.8110,0.624817,0.098938,-0.057190,0.772339,7.761,75.0,-1
1782768297.336,3244,729419,0,0.00000000,0.00000000,0.00,0,0,0.16,0.676,0.3430,0.1960,1.2740,1.3338,0.624817,0.098938,-0.057190,0.772339,7.761,72.5,-1
1782768297.587,3245,729629,0,0.00000000,0.00000000,0.00,0,0,0.26,0.588,0.5390,0.3920,1.1760,1.3517,0.624817,0.098938,-0.057129,0.772339,7.759,75.0,-1
1782768297.773,3246,729851,0,0.00000000,0.00000000,0.00,0,0,0.11,-0.601,0.2450,0.7840,1.7640,1.9459,0.624817,0.098938,-0.057251,0.772339,7.761,75.0,-1
1782768298.022,3247,730071,0,0.00000000,0.00000000,0.00,0,0,0.12,0.175,0.2940,0.8330,1.4700,1.7150,0.624817,0.098938,-0.057373,0.772339,7.761,78.8,-1
1782768298.212,3248,730293,0,0.00000000,0.00000000,0.00,0,0,0.14,-0.241,0.3920,0.4410,1.4210,1.5386,0.624817,0.098999,-0.057434,0.772339,7.760,71.2,-1
1782768298.462,3249,730504,0,0.00000000,0.00000000,0.00,0,0,0.18,0.227,0.3920,0.4900,1.6170,1.7345,0.624817,0.098999,-0.057434,0.772339,7.765,68.8,-1
1782768298.649,3250,730725,0,0.00000000,0.00000000,0.00,0,0,0.08,-0.218,0.6860,0.1960,1.0780,1.2927,0.624817,0.098999,-0.057495,0.772339,7.766,73.8,-1
1782768298.902,3251,730945,0,0.00000000,0.00000000,0.00,0,0,0.21,0.420,0.5390,1.0780,1.7150,2.0961,0.624756,0.098999,-0.057495,0.772339,7.764,68.8,-1
1782768299.090,3252,731167,0,0.00000000,0.00000000,0.00,0,0,0.27,0.314,0.4900,0.0980,2.4990,2.5485,0.624756,0.098999,-0.057556,0.772339,7.761,70.0,-1
1782768299.340,3253,731392,0,0.00000000,0.00000000,0.00,0,0,0.17,-0.254,0.4900,1.1760,0.9800,1.6073,0.624817,0.099060,-0.057434,0.772339,7.760,78.8,-1
1782768299.528,3254,731605,0,0.00000000,0.00000000,0.00,0,0,0.00,-0.761,0.0980,1.2740,1.7150,2.1387,0.624817,0.099060,-0.057434,0.772339,7.762,68.8,-1
1782768299.779,3255,731825,0,0.00000000,0.00000000,0.00,0,0,0.15,0.278,0.7840,0.0980,1.7640,1.9329,0.624817,0.099121,-0.057373,0.772339,7.761,71.2,-1
1782768299.966,3256,732048,0,0.00000000,0.00000000,0.00,0,0,0.20,0.679,0.0000,1.3230,2.0090,2.4055,0.624756,0.099121,-0.057312,0.772400,7.761,70.0,-1
1782768300.216,3257,732266,0,0.00000000,0.00000000,0.00,0,0,0.14,-0.327,0.6370,0.8820,1.6170,1.9489,0.624695,0.099060,-0.057312,0.772400,7.762,73.8,-1
1782768300.462,3258,732510,0,0.00000000,0.00000000,0.00,0,0,0.13,0.112,0.8330,0.2940,1.2250,1.5103,0.624756,0.099060,-0.057373,0.772400,7.762,72.5,-1
1782768300.711,3259,732739,0,0.00000000,0.00000000,0.00,0,0,0.22,0.296,0.9310,0.4900,2.3030,2.5319,0.624817,0.099060,-0.057373,0.772339,7.761,77.5,-1
1782768300.897,3260,732960,0,0.00000000,0.00000000,0.00,0,0,0.17,-0.132,0.5880,-0.4410,1.8130,1.9563,0.624817,0.098999,-0.057373,0.772339,7.760,75.0,-1
1782768301.147,3261,733182,0,0.00000000,0.00000000,0.00,0,0,0.17,0.332,0.4900,0.0980,2.2540,2.3087,0.624817,0.098877,-0.057373,0.772400,7.760,71.2,-1
1782768301.337,3262,733407,0,0.00000000,0.00000000,0.00,0,0,0.13,0.081,-0.0980,0.5390,2.0580,2.1297,0.624817,0.098816,-0.057373,0.772400,7.761,72.5,-1
1782768301.588,3263,733625,0,0.00000000,0.00000000,0.00,0,0,0.11,0.111,0.3430,0.8330,0.7350,1.1627,0.624817,0.098816,-0.057373,0.772400,7.761,68.8,-1
1782768301.778,3264,733847,0,0.00000000,0.00000000,0.00,0,0,0.14,-0.015,0.8330,-0.1470,0.7350,1.1206,0.624817,0.098816,-0.057434,0.772400,7.760,73.8,-1
1782768302.027,3265,734072,0,0.00000000,0.00000000,0.00,0,0,0.20,0.190,0.7350,0.5880,1.5680,1.8288,0.624817,0.098938,-0.057434,0.772339,7.762,71.2,-1
1782768302.216,3266,734292,0,0.00000000,0.00000000,0.00,0,0,0.24,-0.001,0.3430,-0.0490,2.5480,2.5714,0.624817,0.098999,-0.057434,0.772339,7.762,71.2,-1
1782768302.464,3267,734505,0,0.00000000,0.00000000,0.00,0,0,0.19,0.135,0.1960,0.2450,2.2050,2.2272,0.624756,0.098999,-0.057434,0.772339,7.761,68.8,-1
1782768302.652,3268,734722,0,0.00000000,0.00000000,0.00,0,0,0.15,-0.287,0.4410,0.7840,1.6660,1.8933,0.624817,0.099060,-0.057434,0.772339,7.761,72.5,-1
1782768302.902,3269,734942,0,0.00000000,0.00000000,0.00,0,0,0.24,0.213,0.5390,0.6370,1.6170,1.8196,0.624817,0.099060,-0.057434,0.772339,7.765,75.0,-1
1782768303.088,3270,735164,0,0.00000000,0.00000000,0.00,0,0,0.16,-0.294,0.2940,0.5880,1.7640,1.8825,0.624817,0.099121,-0.057373,0.772339,7.764,71.2,-1
1782768303.340,3271,735383,0,0.00000000,0.00000000,0.00,0,0,0.11,-0.335,0.5390,0.8820,2.0580,2.3030,0.624817,0.099121,-0.057312,0.772339,7.762,70.0,-1
1782768303.525,3272,735595,0,0.00000000,0.00000000,0.00,0,0,0.12,-0.062,-0.0490,0.6860,1.3720,1.5347,0.624817,0.099060,-0.057312,0.772339,7.764,72.5,-1
1782768303.726,3273,735812,0,0.00000000,0.00000000,0.00,0,0,0.16,0.292,0.3920,0.5880,2.4500,2.5499,0.624817,0.099060,-0.057251,0.772339,7.762,75.0,-1
1782768303.975,3274,736037,0,0.00000000,0.00000000,0.00,0,0,0.15,-0.141,1.9600,-0.3430,4.0180,4.4837,0.624817,0.098999,-0.057312,0.772339,7.762,71.2,-1
1782768304.224,3275,736260,0,0.00000000,0.00000000,0.00,0,0,0.15,-0.361,0.6370,0.2940,1.5680,1.7178,0.624817,0.098999,-0.057312,0.772339,7.761,73.8,-1
1782768304.473,3276,736509,0,0.00000000,0.00000000,0.00,0,0,0.32,0.883,0.1470,0.6370,1.1270,1.3029,0.624817,0.098999,-0.057312,0.772339,7.760,76.2,-1
1782768304.657,3277,736735,0,0.00000000,0.00000000,0.00,0,0,0.14,-0.126,0.5880,0.2450,1.2740,1.4244,0.624817,0.098999,-0.057373,0.772339,7.760,73.8,-1
1782768304.905,3278,736961,0,0.00000000,0.00000000,0.00,0,0,0.18,-0.132,0.7840,0.5390,2.3030,2.4918,0.624817,0.098999,-0.057434,0.772339,7.760,75.0,-1
1782768305.154,3279,737188,0,0.00000000,0.00000000,0.00,0,0,0.15,-0.230,0.3920,0.2940,1.1270,1.2289,0.624756,0.098999,-0.057495,0.772339,7.759,75.0,-1
1782768305.344,3280,737412,0,0.00000000,0.00000000,0.00,0,0,0.27,0.361,-0.3430,1.5190,0.2940,1.5848,0.624756,0.099060,-0.057434,0.772339,7.761,76.2,-1
1782768305.592,3281,737631,0,0.00000000,0.00000000,0.00,0,0,0.20,-0.172,0.1960,-0.8330,1.4700,1.7009,0.624817,0.099060,-0.057373,0.772339,7.761,77.5,-1
1782768305.780,3282,737852,0,0.00000000,0.00000000,0.00,0,0,0.18,0.135,0.1960,0.2940,1.5680,1.6073,0.624817,0.099121,-0.057373,0.772339,7.762,76.2,-1
1782768305.965,3283,738052,0,0.00000000,0.00000000,0.00,0,0,0.26,0.378,0.5880,0.1470,0.9800,1.1523,0.624817,0.099121,-0.057373,0.772339,7.762,73.8,-1
1782768306.212,3284,738274,0,0.00000000,0.00000000,0.00,0,0,0.27,0.022,-0.3920,0.7350,1.7640,1.9508,0.624756,0.099060,-0.057434,0.772339,7.760,76.2,-1
1782768306.474,3285,738523,0,0.00000000,0.00000000,0.00,0,0,0.28,0.158,0.3430,0.7840,1.4700,1.7009,0.624817,0.099121,-0.057434,0.772339,7.761,71.2,-1
1782768306.660,3286,738740,0,0.00000000,0.00000000,0.00,0,0,0.29,0.132,0.0490,0.9310,0.5880,1.1022,0.624756,0.099121,-0.057434,0.772339,7.759,76.2,-1
1782768306.909,3287,738960,0,0.00000000,0.00000000,0.00,0,0,0.13,-0.635,0.5880,0.5390,0.8820,1.1892,0.624817,0.099121,-0.057373,0.772339,7.758,76.2,-1
1782768307.095,3288,739181,0,0.00000000,0.00000000,0.00,0,0,0.09,-0.323,0.6370,0.3920,1.9110,2.0522,0.624817,0.099121,-0.057373,0.772339,7.759,77.5,-1
1782768307.343,3289,739404,0,0.00000000,0.00000000,0.00,0,0,0.20,0.522,0.1470,0.5880,2.1070,2.1924,0.624817,0.099121,-0.057373,0.772339,7.761,71.2,-1
1782768307.592,3290,739621,0,0.00000000,0.00000000,0.00,0,0,0.29,0.544,-0.0490,0.5390,1.2250,1.3392,0.624817,0.099121,-0.057373,0.772339,7.759,77.5,-1
1782768307.777,3291,739845,0,0.00000000,0.00000000,0.00,0,0,0.19,0.008,0.4410,0.3920,2.3030,2.3774,0.624756,0.099060,-0.057434,0.772339,7.762,71.2,-1
1782768308.028,3292,740066,0,0.00000000,0.00000000,0.00,0,0,0.34,0.571,0.1960,0.5880,1.1270,1.2862,0.624756,0.099060,-0.057495,0.772339,7.764,72.5,-1
1782768308.214,3293,740288,0,0.00000000,0.00000000,0.00,0,0,0.33,0.094,-0.6370,0.5880,0.6860,1.1055,0.624756,0.098938,-0.057434,0.772339,7.762,72.5,-1
1782768308.463,3294,740504,0,0.00000000,0.00000000,0.00,0,0,0.26,-0.279,0.2450,0.5390,1.4700,1.5848,0.624817,0.098938,-0.057434,0.772400,7.760,73.8,-1
1782768308.649,3295,740726,0,0.00000000,0.00000000,0.00,0,0,0.26,-0.193,0.1470,0.4900,1.4210,1.5103,0.624817,0.098938,-0.057434,0.772339,7.762,75.0,-1
1782768308.896,3296,740951,0,0.00000000,0.00000000,0.00,0,0,0.31,0.130,0.8330,0.0000,1.6170,1.8189,0.624817,0.098938,-0.057434,0.772339,7.761,75.0,-1
1782768309.147,3297,741177,0,0.00000000,0.00000000,0.00,0,0,0.25,-0.308,0.3920,0.9800,1.8620,2.1404,0.624817,0.098938,-0.057434,0.772339,7.756,76.2,-1
1782768309.348,3298,741399,0,0.00000000,0.00000000,0.00,0,0,0.32,0.180,0.2940,0.8330,1.3720,1.6318,0.624817,0.098999,-0.057434,0.772339,7.760,73.8,-1
1782768309.534,3299,741616,0,0.00000000,0.00000000,0.00,0,0,0.25,-0.063,0.3920,0.4410,1.8130,1.9066,0.624756,0.098999,-0.057495,0.772339,7.759,72.5,-1
1782768309.784,3300,741842,0,0.00000000,0.00000000,0.00,0,0,0.26,-0.033,0.0980,0.7350,1.3230,1.5166,0.624817,0.099060,-0.057434,0.772339,7.758,75.0,-1
1782768310.034,3301,742068,0,0.00000000,0.00000000,0.00,0,0,0.21,-0.293,0.3430,0.6370,1.8130,1.9520,0.624817,0.098999,-0.057434,0.772339,7.760,77.5,-1
1782768310.222,3302,742290,0,0.00000000,0.00000000,0.00,0,0,0.21,-0.013,0.1470,0.6370,1.5190,1.6537,0.624817,0.098938,-0.057434,0.772339,7.760,73.8,-1
1782768310.472,3303,742504,0,0.00000000,0.00000000,0.00,0,0,0.24,-0.183,0.0490,0.6370,0.9310,1.1291,0.624756,0.098938,-0.057495,0.772400,7.761,70.0,-1
1782768310.658,3304,742731,0,0.00000000,0.00000000,0.00,0,0,0.27,0.390,0.2940,0.6370,1.5680,1.7178,0.624756,0.098938,-0.057495,0.772400,7.762,76.2,-1
1782768310.907,3305,742952,0,0.00000000,0.00000000,0.00,0,0,0.21,-0.370,0.2450,0.8330,1.5680,1.7924,0.624756,0.098877,-0.057495,0.772400,7.762,70.0,-1
1782768311.110,3306,743172,0,0.00000000,0.00000000,0.00,0,0,0.31,0.099,0.2940,1.2250,1.8130,2.2077,0.624756,0.098877,-0.057495,0.772400,7.765,67.5,-1
1782768311.358,3307,743395,0,0.00000000,0.00000000,0.00,0,0,0.17,-0.518,0.4410,0.5390,1.1760,1.3667,0.624756,0.098938,-0.057556,0.772400,7.761,76.2,-1
1782768311.547,3308,743613,0,0.00000000,0.00000000,0.00,0,0,0.21,-0.260,0.0490,1.1760,0.8820,1.4708,0.624756,0.098938,-0.057556,0.772400,7.761,70.0,-1
1782768311.796,3309,743832,0,0.00000000,0.00000000,0.00,0,0,0.22,-0.143,0.1470,0.2450,1.5190,1.5456,0.624756,0.098938,-0.057556,0.772339,7.761,70.0,-1
1782768311.983,3310,744052,0,0.00000000,0.00000000,0.00,0,0,0.15,-0.339,0.2940,0.4900,1.3720,1.4862,0.624756,0.098938,-0.057617,0.772339,7.760,71.2,-1
1782768312.232,3311,744279,0,0.00000000,0.00000000,0.00,0,0,0.30,0.697,0.4410,1.3230,1.4210,1.9910,0.624756,0.098999,-0.057617,0.772339,7.759,75.0,-1
1782768312.420,3312,744501,0,0.00000000,0.00000000,0.00,0,0,0.22,-0.040,0.0000,0.2450,1.5190,1.5386,0.624756,0.098999,-0.057556,0.772339,7.758,77.5,-1
1782768312.672,3313,744727,0,0.00000000,0.00000000,0.00,0,0,0.20,-0.293,0.3920,0.1470,1.6170,1.6703,0.624817,0.098999,-0.057495,0.772339,7.762,75.0,-1
1782768312.857,3314,744944,0,0.00000000,0.00000000,0.00,0,0,0.09,-0.955,0.3430,0.4410,1.0290,1.1709,0.624817,0.099060,-0.057373,0.772339,7.760,80.0,-1
1782768313.104,3315,745169,0,0.00000000,0.00000000,0.00,0,0,0.10,-0.455,0.0000,0.6860,1.7640,1.8927,0.624817,0.099121,-0.057312,0.772339,7.762,73.8,-1
1782768313.352,3316,745395,0,0.00000000,0.00000000,0.00,0,0,0.16,0.033,0.6860,0.1960,1.9110,2.0398,0.624939,0.098999,-0.057312,0.772278,7.760,76.2,-1
1782768313.538,3317,745610,0,0.00000000,0.00000000,0.00,0,0,0.22,0.163,-0.4410,0.1470,-1.9110,1.9667,0.624878,0.098999,-0.057373,0.772278,7.760,75.0,-1
1782768313.790,3318,745840,0,0.00000000,0.00000000,0.00,0,0,0.19,0.100,0.3920,0.3920,1.5190,1.6170,0.624817,0.098938,-0.057373,0.772339,7.758,72.5,-1
1782768314.038,3319,746068,0,0.00000000,0.00000000,0.00,0,0,0.24,0.060,0.2940,0.0980,1.9110,1.9360,0.624817,0.098999,-0.057373,0.772339,7.758,75.0,-1
1782768314.226,3320,746287,0,0.00000000,0.00000000,0.00,0,0,0.03,-0.747,0.7840,0.6370,1.8620,2.1184,0.624817,0.098999,-0.057434,0.772339,7.758,80.0,-1
1782768314.475,3321,746502,0,0.00000000,0.00000000,0.00,0,0,0.18,0.580,0.1470,0.4410,1.3720,1.4486,0.624817,0.098999,-0.057434,0.772339,7.762,76.2,-1
1782768314.664,3322,746725,0,0.00000000,0.00000000,0.00,0,0,0.11,0.010,0.3920,0.6370,1.4700,1.6493,0.624817,0.098999,-0.057495,0.772339,7.761,77.5,-1
1782768314.914,3323,746948,0,0.00000000,0.00000000,0.00,0,0,0.07,-0.253,0.6860,0.6370,1.3230,1.6207,0.624817,0.098999,-0.057495,0.772339,7.760,81.2,-1
1782768315.100,3324,747172,0,0.00000000,0.00000000,0.00,0,0,0.18,0.192,0.0000,0.7350,0.7350,1.0394,0.624817,0.098999,-0.057556,0.772339,7.764,70.0,-1
1782768315.350,3325,747395,0,0.00000000,0.00000000,0.00,0,0,0.15,0.162,0.2940,0.4900,1.4210,1.5316,0.624817,0.099060,-0.057495,0.772339,7.760,76.2,-1
1782768315.536,3326,747614,0,0.00000000,0.00000000,0.00,0,0,0.19,0.053,-0.2940,0.0000,1.6660,1.6917,0.624817,0.099060,-0.057495,0.772339,7.761,76.2,-1
1782768315.800,3327,747840,0,0.00000000,0.00000000,0.00,0,0,0.21,0.049,0.4900,0.8820,1.6170,1.9060,0.624817,0.098999,-0.057434,0.772339,7.759,75.0,-1
1782768315.988,3328,748065,0,0.00000000,0.00000000,0.00,0,0,0.16,0.041,0.8330,0.4900,1.7150,1.9686,0.624817,0.098938,-0.057373,0.772339,7.760,71.2,-1
1782768316.238,3329,748286,0,0.00000000,0.00000000,0.00,0,0,0.16,-0.039,0.1960,0.5880,0.7840,0.9994,0.624817,0.098938,-0.057434,0.772339,7.760,73.8,-1
1782768316.425,3330,748506,0,0.00000000,0.00000000,0.00,0,0,0.11,-0.417,0.3430,0.4410,1.7640,1.8504,0.624817,0.098938,-0.057495,0.772339,7.760,73.8,-1
1782768316.676,3331,748734,0,0.00000000,0.00000000,0.00,0,0,0.32,0.675,0.2450,0.5880,1.8130,1.9216,0.624817,0.098938,-0.057495,0.772339,7.759,77.5,-1
1782768316.921,3332,748958,0,0.00000000,0.00000000,0.00,0,0,0.28,0.023,0.0490,0.7840,0.7840,1.1098,0.624817,0.098938,-0.057556,0.772339,7.760,75.0,-1
1782768317.109,3333,749186,0,0.00000000,0.00000000,0.00,0,0,0.34,0.208,0.4900,0.3920,1.2250,1.3764,0.624817,0.098938,-0.057556,0.772339,7.760,73.8,-1
1782768317.358,3334,749410,0,0.00000000,0.00000000,0.00,0,0,0.15,-0.860,0.7840,0.6860,2.3520,2.5724,0.624817,0.098938,-0.057556,0.772339,7.764,68.8,-1
1782768317.545,3335,749629,0,0.00000000,0.00000000,0.00,0,0,0.25,0.558,0.2450,0.4410,1.5190,1.6006,0.624817,0.098938,-0.057556,0.772339,7.761,71.2,-1
1782768317.795,3336,749845,0,0.00000000,0.00000000,0.00,0,0,0.29,0.095,0.2940,0.4900,1.4700,1.5772,0.624817,0.098938,-0.057556,0.772339,7.759,75.0,-1
1782768317.982,3337,750069,0,0.00000000,0.00000000,0.00,0,0,0.26,0.195,0.4900,0.5880,1.0780,1.3221,0.624817,0.098877,-0.057556,0.772339,7.764,70.0,-1
1782768318.235,3338,750287,0,0.00000000,0.00000000,0.00,0,0,0.34,0.717,0.2450,0.0490,2.2050,2.2191,0.624817,0.098938,-0.057556,0.772339,7.759,75.0,-1
1782768318.420,3339,750503,0,0.00000000,0.00000000,0.00,0,0,0.35,0.097,-0.0490,0.5880,1.3720,1.4935,0.624817,0.098938,-0.057556,0.772339,7.759,75.0,-1
1782768318.669,3340,750727,0,0.00000000,0.00000000,0.00,0,0,0.29,-0.138,0.0000,0.2940,1.3720,1.4031,0.624817,0.098938,-0.057617,0.772339,7.762,75.0,-1
1782768318.919,3341,750948,0,0.00000000,0.00000000,0.00,0,0,0.23,-0.319,-0.0490,0.7350,0.6860,1.0066,0.624817,0.098938,-0.057617,0.772339,7.762,73.8,-1
1782768319.106,3342,751169,0,0.00000000,0.00000000,0.00,0,0,0.26,0.001,0.7350,0.4410,1.5190,1.7442,0.624817,0.098938,-0.057617,0.772339,7.764,71.2,-1
1782768319.357,3343,751389,0,0.00000000,0.00000000,0.00,0,0,0.30,-0.351,0.4410,0.2940,1.7640,1.8419,0.624817,0.098938,-0.057617,0.772339,7.761,73.8,-1
1782768319.560,3344,751610,0,0.00000000,0.00000000,0.00,0,0,0.23,-0.570,1.1760,0.0000,2.3520,2.6296,0.624817,0.098938,-0.057617,0.772339,7.761,75.0,-1
1782768319.746,3345,751826,0,0.00000000,0.00000000,0.00,0,0,0.36,0.435,0.3430,0.8330,2.1070,2.2915,0.624817,0.098999,-0.057617,0.772339,7.762,73.8,-1
1782768319.993,3346,752054,0,0.00000000,0.00000000,0.00,0,0,0.36,0.395,0.4900,0.3920,1.4210,1.5534,0.624817,0.098938,-0.057556,0.772339,7.762,73.8,-1
1782768320.242,3347,752282,0,0.00000000,0.00000000,0.00,0,0,0.33,0.116,0.0980,0.2450,1.7150,1.7352,0.624817,0.098877,-0.057495,0.772339,7.761,77.5,-1
1782768320.492,3348,752526,0,0.00000000,0.00000000,0.00,0,0,0.30,-0.159,0.8820,0.7840,2.4500,2.7194,0.624817,0.098938,-0.057556,0.772339,7.762,71.2,-1
1782768320.676,3349,752753,0,0.00000000,0.00000000,0.00,0,0,0.22,-0.339,0.7840,0.5390,-0.0980,0.9564,0.624817,0.098938,-0.057556,0.772339,7.765,72.5,-1
1782768320.925,3350,752973,0,0.00000000,0.00000000,0.00,0,0,0.41,0.885,0.0000,0.4900,1.3230,1.4108,0.624817,0.098999,-0.057495,0.772339,7.758,78.8,-1
1782768321.112,3351,753196,0,0.00000000,0.00000000,0.00,0,0,0.32,0.005,1.8130,-0.0490,3.1360,3.6227,0.624817,0.099060,-0.057495,0.772339,7.761,72.5,-1
1782768321.360,3352,753420,0,0.00000000,0.00000000,0.00,0,0,0.25,-0.262,0.2940,1.1760,1.5190,1.9434,0.624817,0.099060,-0.057495,0.772339,7.761,73.8,-1
1782768321.548,3353,753635,0,0.00000000,0.00000000,0.00,0,0,0.26,0.091,0.6370,0.7840,1.0780,1.4773,0.624817,0.099060,-0.057495,0.772339,7.762,73.8,-1
1782768321.797,3354,753858,0,0.00000000,0.00000000,0.00,0,0,0.34,0.567,1.2250,0.0980,2.0580,2.3970,0.624817,0.099060,-0.057495,0.772339,7.765,71.2,-1
1782768322.048,3355,754077,0,0.00000000,0.00000000,0.00,0,0,0.38,0.565,-0.6370,1.8130,0.8330,2.0944,0.624817,0.099060,-0.057556,0.772339,7.761,72.5,-1
1782768322.235,3356,754301,0,0.00000000,0.00000000,0.00,0,0,0.40,0.437,0.6860,0.8330,1.7150,2.0263,0.624817,0.098999,-0.057556,0.772339,7.764,70.0,-1
1782768322.482,3357,754518,0,0.00000000,0.00000000,0.00,0,0,0.27,-0.212,0.2450,0.8820,1.5680,1.8156,0.624817,0.099060,-0.057556,0.772339,7.761,71.2,-1
1782768322.667,3358,754738,0,0.00000000,0.00000000,0.00,0,0,0.28,-0.212,0.6860,0.0000,1.8620,1.9843,0.624817,0.099060,-0.057556,0.772339,7.762,73.8,-1
1782768322.914,3359,754958,0,0.00000000,0.00000000,0.00,0,0,0.32,-0.191,0.7840,1.2250,2.5970,2.9765,0.624817,0.099121,-0.057495,0.772339,7.761,75.0,-1
1782768323.102,3360,755179,0,0.00000000,0.00000000,0.00,0,0,0.38,-0.105,0.5880,0.6370,2.0090,2.1881,0.624817,0.099121,-0.057495,0.772278,7.760,73.8,-1
1782768323.350,3361,755400,0,0.00000000,0.00000000,0.00,0,0,0.39,0.194,0.5390,0.3430,1.5680,1.6932,0.624817,0.099121,-0.057434,0.772278,7.760,70.0,-1
1782768323.538,3362,755613,0,0.00000000,0.00000000,0.00,0,0,0.41,0.106,-0.0490,1.7640,1.0290,2.0428,0.624817,0.099121,-0.057495,0.772339,7.762,72.5,-1
1782768323.788,3363,755841,0,0.00000000,0.00000000,0.00,0,0,0.50,0.557,0.1960,1.4700,1.8130,2.3423,0.624817,0.099060,-0.057495,0.772339,7.760,72.5,-1
1782768323.974,3364,756061,0,0.00000000,0.00000000,0.00,0,0,0.39,-0.078,0.6370,0.3920,1.2740,1.4773,0.624817,0.099060,-0.057556,0.772339,7.760,71.2,-1
1782768324.223,3365,756281,0,0.00000000,0.00000000,0.00,0,0,0.49,0.551,0.0490,0.7350,0.8820,1.1492,0.624817,0.099060,-0.057556,0.772339,7.760,73.8,-1
1782768324.474,3366,756526,0,0.00000000,0.00000000,0.00,0,0,0.47,0.359,0.6860,1.4700,2.3520,2.8572,0.624817,0.098999,-0.057556,0.772339,7.764,71.2,-1
1782768324.724,3367,756752,0,0.00000000,0.00000000,0.00,0,0,0.35,-0.452,1.1760,-0.5880,3.2830,3.5365,0.624817,0.098999,-0.057556,0.772339,7.760,72.5,-1
1782768324.909,3368,756975,0,0.00000000,0.00000000,0.00,0,0,0.28,-0.646,0.1470,0.5880,1.5680,1.6811,0.624817,0.098999,-0.057617,0.772339,7.760,77.5,-1
1782768325.162,3369,757194,0,0.00000000,0.00000000,0.00,0,0,0.41,0.436,0.3430,0.6860,2.0090,2.1504,0.624817,0.098999,-0.057617,0.772339,7.760,72.5,-1
1782768325.348,3370,757416,0,0.00000000,0.00000000,0.00,0,0,0.33,-0.072,1.4700,0.1960,2.9890,3.3367,0.624817,0.098999,-0.057556,0.772339,7.760,73.8,-1
1782768325.550,3371,757633,0,0.00000000,0.00000000,0.00,0,0,0.35,-0.018,0.6860,0.2450,2.0090,2.1370,0.624817,0.099121,-0.057556,0.772339,7.758,73.8,-1
1782768325.800,3372,757856,0,0.00000000,0.00000000,0.00,0,0,0.33,0.051,0.6370,0.6370,2.2540,2.4274,0.624817,0.099182,-0.057617,0.772278,7.761,72.5,-1
1782768326.047,3373,758075,0,0.00000000,0.00000000,0.00,0,0,0.31,-0.541,0.4410,0.1470,1.2250,1.3102,0.624817,0.099121,-0.057617,0.772339,7.759,77.5,-1
1782768326.233,3374,758296,0,0.00000000,0.00000000,0.00,0,0,0.48,0.922,0.8820,-0.3920,2.5480,2.7247,0.624817,0.099121,-0.057617,0.772339,7.758,75.0,-1
1782768326.485,3375,758514,0,0.00000000,0.00000000,0.00,0,0,0.35,-0.146,0.4410,0.6860,1.9600,2.1229,0.624817,0.099060,-0.057617,0.772339,7.761,78.8,-1
1782768326.672,3376,758740,0,0.00000000,0.00000000,0.00,0,0,0.20,-0.627,0.0000,1.2250,0.0980,1.2289,0.624817,0.099060,-0.057617,0.772339,7.760,73.8,-1
1782768326.923,3377,758962,0,0.00000000,0.00000000,0.00,0,0,0.29,0.122,0.8330,0.2940,2.4500,2.6044,0.624817,0.098999,-0.057617,0.772339,7.760,71.2,-1
1782768327.110,3378,759191,0,0.00000000,0.00000000,0.00,0,0,0.24,-0.203,0.4410,0.4410,1.7150,1.8249,0.624817,0.098999,-0.057617,0.772339,7.764,70.0,-1
1782768327.360,3379,759412,0,0.00000000,0.00000000,0.00,0,0,0.31,0.015,-0.4410,1.1760,1.0290,1.6237,0.624817,0.098999,-0.057617,0.772339,7.766,70.0,-1
1782768327.544,3380,759629,0,0.00000000,0.00000000,0.00,0,0,0.32,0.067,0.0980,1.0780,1.6660,1.9868,0.624817,0.098999,-0.057617,0.772339,7.762,71.2,-1
1782768327.793,3381,759850,0,0.00000000,0.00000000,0.00,0,0,0.24,-0.257,0.5390,-0.0490,1.5190,1.6125,0.624817,0.098999,-0.057617,0.772339,7.762,71.2,-1
1782768327.994,3382,760070,0,0.00000000,0.00000000,0.00,0,0,0.25,-0.151,0.0980,1.2250,1.7150,2.1098,0.624817,0.098999,-0.057617,0.772339,7.762,70.0,-1
1782768328.260,3383,760292,0,0.00000000,0.00000000,0.00,0,0,0.16,-0.449,0.2940,0.3920,0.8330,0.9664,0.624817,0.099121,-0.057556,0.772339,7.762,68.8,-1
1782768328.449,3384,760503,0,0.00000000,0.00000000,0.00,0,0,0.34,0.170,0.1470,0.6860,1.7150,1.8530,0.624817,0.099060,-0.057556,0.772339,7.760,73.8,-1
1782768328.635,3385,760719,0,0.00000000,0.00000000,0.00,0,0,0.41,0.727,0.1960,0.2450,1.7150,1.7435,0.624817,0.099060,-0.057556,0.772339,7.759,77.5,-1
1782768328.887,3386,760945,0,0.00000000,0.00000000,0.00,0,0,0.39,0.077,0.3430,0.6860,1.3230,1.5292,0.624817,0.098999,-0.057617,0.772339,7.760,73.8,-1
1782768329.091,3387,761170,0,0.00000000,0.00000000,0.00,0,0,0.36,-0.090,0.0490,0.4410,0.4410,0.6256,0.624817,0.098999,-0.057617,0.772339,7.759,77.5,-1
1782768329.338,3388,761395,0,0.00000000,0.00000000,0.00,0,0,0.15,-0.642,0.3430,0.4900,2.4010,2.4744,0.624817,0.098999,-0.057617,0.772339,7.760,76.2,-1
1782768329.528,3389,761608,0,0.00000000,0.00000000,0.00,0,0,0.30,0.360,-0.0490,1.0780,1.0780,1.5253,0.624817,0.098999,-0.057617,0.772339,7.760,75.0,-1
1782768329.777,3390,761834,0,0.00000000,0.00000000,0.00,0,0,0.19,-0.392,0.1470,0.0000,0.7840,0.7977,0.624817,0.098999,-0.057617,0.772339,7.761,72.5,-1
1782768330.025,3391,762055,0,0.00000000,0.00000000,0.00,0,0,0.26,0.028,0.3430,0.5880,1.3720,1.5316,0.624817,0.099121,-0.057678,0.772339,7.760,78.8,-1
1782768330.213,3392,762275,0,0.00000000,0.00000000,0.00,0,0,0.32,0.171,0.1470,0.4900,1.2740,1.3729,0.624817,0.099060,-0.057739,0.772339,7.760,78.8,-1
1782768330.476,3393,762519,0,0.00000000,0.00000000,0.00,0,0,0.33,-0.015,0.3920,0.5880,1.6170,1.7647,0.624817,0.099060,-0.057678,0.772339,7.759,76.2,-1
1782768330.664,3394,762739,0,0.00000000,0.00000000,0.00,0,0,0.28,0.097,0.2450,0.7350,1.3720,1.5756,0.624817,0.099060,-0.057678,0.772339,7.761,75.0,-1
1782768330.912,3395,762960,0,0.00000000,0.00000000,0.00,0,0,0.30,0.189,0.1960,1.2740,1.2740,1.8123,0.624817,0.098999,-0.057678,0.772339,7.759,75.0,-1
1782768331.098,3396,763181,0,0.00000000,0.00000000,0.00,0,0,0.33,-0.308,0.6370,0.6860,1.9600,2.1721,0.624817,0.099060,-0.057617,0.772339,7.759,75.0,-1
1782768331.347,3397,763407,0,0.00000000,0.00000000,0.00,0,0,0.29,0.318,0.1960,0.6860,1.7640,1.9028,0.624817,0.098999,-0.057617,0.772339,7.758,78.8,-1
1782768331.534,3398,763616,0,0.00000000,0.00000000,0.00,0,0,0.22,0.276,0.2940,0.4900,2.1560,2.2304,0.624817,0.098999,-0.057617,0.772339,7.759,77.5,-1
1782768331.780,3399,763840,0,0.00000000,0.00000000,0.00,0,0,0.16,-0.059,0.1470,0.5880,1.1760,1.3230,0.624817,0.098999,-0.057617,0.772339,7.760,78.8,-1
1782768331.983,3400,764061,0,0.00000000,0.00000000,0.00,0,0,0.18,0.104,0.5390,0.1470,1.3230,1.4361,0.624817,0.099365,-0.057922,0.772278,7.760,73.8,-1
1782768332.234,3401,764278,0,0.00000000,0.00000000,0.00,0,0,0.12,-0.159,0.6370,0.8330,1.6660,1.9686,0.624512,0.102051,-0.058350,0.772156,7.759,76.2,-1
1782768332.482,3402,764526,0,0.00000000,0.00000000,0.00,0,0,0.17,0.205,0.4410,0.6860,1.9110,2.0777,0.624512,0.101990,-0.058228,0.772156,7.760,72.5,-1
1782768332.668,3403,764753,0,0.00000000,0.00000000,0.00,0,0,0.20,0.125,-0.6370,1.2740,-0.6860,1.5810,0.624512,0.102051,-0.058105,0.772156,7.761,72.5,-1
1782768332.920,3404,764973,0,0.00000000,0.00000000,0.00,0,0,0.20,0.362,0.1470,0.9800,1.9600,2.1963,0.624451,0.102051,-0.058105,0.772156,7.756,82.5,-1
1782768333.106,3405,765190,0,0.00000000,0.00000000,0.00,0,0,0.25,0.309,0.0980,0.9800,1.8130,2.0632,0.624451,0.102112,-0.058044,0.772217,7.759,80.0,-1
1782768333.353,3406,765415,0,0.00000000,0.00000000,0.00,0,0,0.22,0.013,0.6860,0.2450,1.5190,1.6846,0.624451,0.102051,-0.057983,0.772217,7.760,76.2,-1
1782768333.605,3407,765633,0,0.00000000,0.00000000,0.00,0,0,0.18,0.069,0.0000,1.3230,1.5680,2.0516,0.624390,0.102173,-0.058105,0.772217,7.760,73.8,-1
1782768333.791,3408,765852,0,0.00000000,0.00000000,0.00,0,0,0.18,-0.164,0.5390,0.1470,1.6660,1.7572,0.624329,0.102173,-0.058105,0.772278,7.761,77.5,-1
1782768334.039,3409,766076,0,0.00000000,0.00000000,0.00,0,0,0.27,0.498,0.0490,0.5880,1.8130,1.9066,0.624390,0.102112,-0.058105,0.772217,7.759,75.0,-1
1782768334.224,3410,766294,0,0.00000000,0.00000000,0.00,0,0,0.25,-0.029,0.1960,0.5880,1.0780,1.2435,0.624390,0.101990,-0.058105,0.772278,7.756,80.0,-1
1782768334.472,3411,766510,0,0.00000000,0.00000000,0.00,0,0,0.25,0.197,0.1470,0.8820,1.1270,1.4386,0.624390,0.101929,-0.058044,0.772278,7.760,75.0,-1
1782768334.661,3412,766734,0,0.00000000,0.00000000,0.00,0,0,0.28,0.285,0.3920,0.6370,1.6660,1.8262,0.624390,0.101990,-0.058044,0.772278,7.758,82.5,-1
1782768334.911,3413,766957,0,0.00000000,0.00000000,0.00,0,0,0.29,0.110,0.7840,0.3920,1.6170,1.8393,0.624390,0.101868,-0.058105,0.772278,7.759,76.2,-1
1782768335.096,3414,767176,0,0.00000000,0.00000000,0.00,0,0,0.33,0.102,0.0490,1.0290,1.0290,1.4561,0.624390,0.101807,-0.058105,0.772278,7.759,81.2,-1
1782768335.344,3415,767399,0,0.00000000,0.00000000,0.00,0,0,0.31,-0.060,0.1470,0.8330,1.2740,1.5292,0.624390,0.101807,-0.058105,0.772278,7.762,75.0,-1
1782768335.533,3416,767617,0,0.00000000,0.00000000,0.00,0,0,0.40,0.520,0.7350,0.6860,1.2740,1.6229,0.624390,0.101746,-0.058105,0.772278,7.758,81.2,-1
1782768335.797,3417,767840,0,0.00000000,0.00000000,0.00,0,0,0.18,-0.575,0.3430,1.3720,1.6660,2.1853,0.624390,0.101807,-0.058044,0.772278,7.761,76.2,-1
1782768335.985,3418,768062,0,0.00000000,0.00000000,0.00,0,0,0.34,0.247,0.4410,0.8330,1.1760,1.5071,0.624390,0.101868,-0.058044,0.772278,7.761,75.0,-1
1782768336.236,3419,768291,0,0.00000000,0.00000000,0.00,0,0,0.28,-0.077,0.4410,0.3430,2.0090,2.0852,0.624390,0.101807,-0.058105,0.772278,7.765,73.8,-1
1782768336.422,3420,768506,0,0.00000000,0.00000000,0.00,0,0,0.30,0.288,0.3920,0.1960,1.3230,1.3937,0.624390,0.101807,-0.058105,0.772278,7.761,76.2,-1
1782768336.671,3421,768733,0,0.00000000,0.00000000,0.00,0,0,0.34,0.132,0.0490,0.7840,1.2250,1.4552,0.624390,0.101807,-0.058167,0.772278,7.764,73.8,-1
1782768336.919,3422,768951,0,0.00000000,0.00000000,0.00,0,0,0.29,0.056,-0.0980,0.4900,1.2740,1.3685,0.624390,0.101746,-0.058167,0.772278,7.764,75.0,-1
1782768337.108,3423,769170,0,0.00000000,0.00000000,0.00,0,0,0.17,-0.436,0.6860,0.3430,1.8620,2.0138,0.624390,0.101746,-0.058167,0.772278,7.761,75.0,-1
1782768337.357,3424,769393,0,0.00000000,0.00000000,0.00,0,0,0.28,0.440,-0.0490,0.6860,1.1270,1.3203,0.624390,0.101746,-0.058167,0.772278,7.764,71.2,-1
1782768337.544,3425,769606,0,0.00000000,0.00000000,0.00,0,0,0.27,0.242,0.1960,0.8330,1.4700,1.7009,0.624390,0.101746,-0.058228,0.772278,7.761,73.8,-1
1782768337.792,3426,769831,0,0.00000000,0.00000000,0.00,0,0,0.22,0.261,0.5390,0.6860,1.6170,1.8373,0.624390,0.101746,-0.058228,0.772278,7.762,71.2,-1
1782768337.979,3427,770055,0,0.00000000,0.00000000,0.00,0,0,0.27,0.004,0.0980,1.1760,1.5190,1.9235,0.624390,0.101746,-0.058228,0.772278,7.762,75.0,-1
1782768338.226,3428,770277,0,0.00000000,0.00000000,0.00,0,0,0.27,-0.028,0.4410,0.8820,1.3720,1.6896,0.624390,0.101746,-0.058228,0.772278,7.762,75.0,-1
1782768338.473,3429,770523,0,0.00000000,0.00000000,0.00,0,0,0.23,0.019,0.3920,0.5880,1.3720,1.5433,0.624390,0.101746,-0.058228,0.772278,7.761,78.8,-1
1782768338.720,3430,770747,0,0.00000000,0.00000000,0.00,0,0,0.19,-0.244,0.4900,0.5880,1.6170,1.7890,0.624390,0.101746,-0.058289,0.772278,7.761,76.2,-1
1782768338.909,3431,770966,0,0.00000000,0.00000000,0.00,0,0,0.06,-0.857,0.4410,0.4900,0.9310,1.1408,0.624390,0.101807,-0.058228,0.772278,7.760,75.0,-1
1782768339.161,3432,771190,0,0.00000000,0.00000000,0.00,0,0,0.14,-0.104,0.7840,0.8330,1.2740,1.7122,0.624390,0.101807,-0.058228,0.772278,7.762,76.2,-1
1782768339.348,3433,771415,0,0.00000000,0.00000000,0.00,0,0,0.18,0.360,0.0490,0.0490,1.8130,1.8143,0.624329,0.101868,-0.058289,0.772278,7.760,77.5,-1
1782768339.597,3434,771635,0,0.00000000,0.00000000,0.00,0,0,0.25,0.470,0.4410,0.4410,1.6660,1.7789,0.624329,0.101929,-0.058350,0.772278,7.759,78.8,-1
1782768339.784,3435,771857,0,0.00000000,0.00000000,0.00,0,0,0.18,-0.126,0.5880,0.1960,1.7640,1.8697,0.624390,0.101929,-0.058228,0.772278,7.758,76.2,-1
1782768340.034,3436,772077,0,0.00000000,0.00000000,0.00,0,0,0.26,-0.013,0.2450,0.1960,1.0780,1.1227,0.624390,0.101929,-0.058167,0.772278,7.759,75.0,-1
1782768340.219,3437,772299,0,0.00000000,0.00000000,0.00,0,0,0.12,-0.258,0.8820,0.4900,0.9310,1.3729,0.624390,0.101990,-0.058167,0.772278,7.760,73.8,-1
1782768340.472,3438,772512,0,0.00000000,0.00000000,0.00,0,0,0.22,0.142,0.2940,0.1470,1.7150,1.7462,0.624390,0.101990,-0.058228,0.772278,7.761,73.8,-1
1782768340.674,3439,772741,0,0.00000000,0.00000000,0.00,0,0,0.24,-0.172,1.2250,0.4900,2.2050,2.5696,0.624390,0.101990,-0.058167,0.772278,7.764,70.0,-1
1782768340.925,3440,772958,0,0.00000000,0.00000000,0.00,0,0,0.15,-0.417,0.2450,0.4410,1.6660,1.7407,0.624390,0.101929,-0.058167,0.772278,7.760,70.0,-1
1782768341.114,3441,773179,0,0.00000000,0.00000000,0.00,0,0,0.19,0.036,0.2450,1.0290,1.3720,1.7324,0.624390,0.101868,-0.058167,0.772278,7.761,72.5,-1
1782768341.363,3442,773403,0,0.00000000,0.00000000,0.00,0,0,0.36,0.573,0.2940,0.6370,0.6860,0.9812,0.624390,0.101868,-0.058167,0.772278,7.765,73.8,-1
1782768341.549,3443,773621,0,0.00000000,0.00000000,0.00,0,0,0.26,0.032,0.3920,0.8820,1.8620,2.0973,0.624390,0.101807,-0.058167,0.772278,7.762,73.8,-1
1782768341.801,3444,773843,0,0.00000000,0.00000000,0.00,0,0,0.25,-0.084,-0.3430,1.3230,-0.4900,1.4519,0.624390,0.101746,-0.058167,0.772278,7.764,72.5,-1
1782768341.986,3445,774065,0,0.00000000,0.00000000,0.00,0,0,0.29,0.366,0.1960,0.5880,0.6860,0.9245,0.624390,0.101807,-0.058228,0.772278,7.764,70.0,-1
1782768342.238,3446,774283,0,0.00000000,0.00000000,0.00,0,0,0.35,0.522,0.0000,0.7840,1.4210,1.6229,0.624390,0.101807,-0.058228,0.772278,7.762,71.2,-1
1782768342.486,3447,774527,0,0.00000000,0.00000000,0.00,0,0,0.26,-0.387,0.4410,1.1270,1.8130,2.1798,0.624390,0.101868,-0.058228,0.772278,7.762,70.0,-1
1782768342.687,3448,774748,0,0.00000000,0.00000000,0.00,0,0,0.25,0.218,0.3920,0.5390,1.9110,2.0239,0.624390,0.101929,-0.058167,0.772278,7.764,71.2,-1
1782768342.890,3449,774948,0,0.00000000,0.00000000,0.00,0,0,0.27,-0.043,0.3920,0.1470,1.2740,1.3410,0.624390,0.101868,-0.058105,0.772278,7.762,71.2,-1
1782768343.141,3450,775164,0,0.00000000,0.00000000,0.00,0,0,0.39,0.702,0.4900,0.7840,1.8130,2.0351,0.624451,0.101868,-0.058044,0.772217,7.761,72.5,-1
1782768343.326,3451,775388,0,0.00000000,0.00000000,0.00,0,0,0.31,-0.110,1.3230,0.6370,2.7930,3.1555,0.624451,0.101746,-0.058105,0.772217,7.762,70.0,-1
1782768343.576,3452,775605,0,0.00000000,0.00000000,0.00,0,0,0.26,-0.112,0.9800,0.4410,2.1070,2.3652,0.624451,0.101746,-0.058228,0.772217,7.760,73.8,-1
1782768343.763,3453,775828,0,0.00000000,0.00000000,0.00,0,0,0.20,-0.199,0.3430,0.7840,1.9600,2.1387,0.624512,0.101746,-0.058228,0.772156,7.764,70.0,-1
1782768344.013,3454,776046,0,0.00000000,0.00000000,0.00,0,0,0.23,0.038,0.3920,-0.1960,1.6170,1.6753,0.624512,0.101746,-0.058228,0.772217,7.761,75.0,-1
1782768344.199,3455,776269,0,0.00000000,0.00000000,0.00,0,0,0.26,0.259,0.5390,-0.3430,2.7930,2.8651,0.624512,0.101807,-0.058167,0.772156,7.764,71.2,-1
1782768344.447,3456,776512,0,0.00000000,0.00000000,0.00,0,0,0.33,0.207,0.2450,0.6370,1.3720,1.5324,0.624512,0.101807,-0.058228,0.772156,7.764,70.0,-1
1782768344.698,3457,776737,0,0.00000000,0.00000000,0.00,0,0,0.19,-0.385,0.3430,-0.2940,1.3230,1.3980,0.624512,0.101746,-0.058228,0.772217,7.761,77.5,-1
1782768344.885,3458,776959,0,0.00000000,0.00000000,0.00,0,0,0.27,0.157,0.0490,1.5680,-0.7350,1.7324,0.624512,0.101746,-0.058228,0.772217,7.759,76.2,-1
1782768345.134,3459,777182,0,0.00000000,0.00000000,0.00,0,0,0.33,0.366,0.7840,0.9800,1.9110,2.2863,0.624512,0.101807,-0.058167,0.772156,7.761,71.2,-1
1782768345.322,3460,777404,0,0.00000000,0.00000000,0.00,0,0,0.35,0.255,0.5880,0.2940,1.7640,1.8825,0.624512,0.101868,-0.058167,0.772156,7.761,75.0,-1
1782768345.572,3461,777621,0,0.00000000,0.00000000,0.00,0,0,0.30,-0.175,0.7840,-0.0490,2.1070,2.2487,0.624512,0.101868,-0.058228,0.772156,7.756,71.2,-1
1782768345.755,3462,777841,0,0.00000000,0.00000000,0.00,0,0,0.31,0.141,1.4700,-0.4410,2.8910,3.2731,0.624451,0.101929,-0.058289,0.772156,7.756,72.5,-1
1782768346.003,3463,778062,0,0.00000000,0.00000000,0.00,0,0,0.36,0.472,0.0980,0.3430,2.0580,2.0887,0.624451,0.101929,-0.058228,0.772156,7.756,77.5,-1
1782768346.252,3464,778282,0,0.00000000,0.00000000,0.00,0,0,0.32,-0.007,0.2940,0.8820,1.2250,1.5379,0.624451,0.101868,-0.058228,0.772156,7.756,76.2,-1
1782768346.503,3465,778528,0,0.00000000,0.00000000,0.00,0,0,0.29,-0.099,0.7840,0.2940,2.4010,2.5428,0.624451,0.101868,-0.058289,0.772156,7.758,73.8,-1
1782768346.689,3466,778755,0,0.00000000,0.00000000,0.00,0,0,0.31,-0.210,0.3430,0.8330,1.3230,1.6006,0.624451,0.101807,-0.058228,0.772156,7.760,73.8,-1
1782768346.938,3467,778974,0,0.00000000,0.00000000,0.00,0,0,0.36,0.151,0.3430,0.6370,1.8620,1.9976,0.624512,0.101868,-0.058228,0.772156,7.758,80.0,-1
1782768347.124,3468,779194,0,0.00000000,0.00000000,0.00,0,0,0.24,-0.665,0.2940,0.8330,1.7150,1.9291,0.624512,0.101929,-0.058228,0.772156,7.759,78.8,-1
1782768347.375,3469,779414,0,0.00000000,0.00000000,0.00,0,0,0.44,0.804,0.2940,0.4900,1.5190,1.6229,0.624451,0.101929,-0.058289,0.772156,7.760,76.2,-1
1782768347.561,3470,779630,0,0.00000000,0.00000000,0.00,0,0,0.43,0.364,0.2450,0.1470,1.3720,1.4014,0.624451,0.101929,-0.058289,0.772156,7.759,78.8,-1
1782768347.811,3471,779854,0,0.00000000,0.00000000,0.00,0,0,0.35,-0.242,1.1270,0.0490,3.1360,3.3327,0.624451,0.101929,-0.058350,0.772156,7.759,78.8,-1
1782768347.999,3472,780079,0,0.00000000,0.00000000,0.00,0,0,0.36,0.046,0.0490,0.1960,0.8820,0.9048,0.624451,0.101929,-0.058228,0.772156,7.762,73.8,-1
1782768348.247,3473,780309,0,0.00000000,0.00000000,0.00,0,0,0.27,-0.334,0.6370,1.0290,1.8130,2.1798,0.624512,0.101868,-0.058228,0.772156,7.759,76.2,-1
1782768348.482,3474,780522,0,0.00000000,0.00000000,0.00,0,0,0.45,0.789,0.2940,0.8330,1.3720,1.6318,0.624512,0.101868,-0.058228,0.772156,7.762,72.5,-1
1782768348.671,3475,780743,0,0.00000000,0.00000000,0.00,0,0,0.49,0.253,0.1960,0.8330,1.4700,1.7009,0.624512,0.101807,-0.058228,0.772156,7.765,73.8,-1
1782768348.924,3476,780969,0,0.00000000,0.00000000,0.00,0,0,0.30,-0.744,0.6370,1.0290,0.1470,1.2191,0.624451,0.101807,-0.058228,0.772156,7.755,78.8,-1
1782768349.109,3477,781194,0,0.00000000,0.00000000,0.00,0,0,0.25,-0.666,0.3920,0.6370,1.6170,1.7816,0.624451,0.101868,-0.058289,0.772156,7.758,77.5,-1
1782768349.357,3478,781422,0,0.00000000,0.00000000,0.00,0,0,0.32,-0.187,0.3920,0.8330,2.0090,2.2099,0.624451,0.101868,-0.058350,0.772156,7.762,73.8,-1
1782768349.560,3479,781637,0,0.00000000,0.00000000,0.00,0,0,0.31,-0.227,-0.8820,1.2740,1.2740,2.0060,0.624451,0.101868,-0.058350,0.772156,7.758,75.0,-1
1782768349.811,3480,781863,0,0.00000000,0.00000000,0.00,0,0,0.34,0.094,0.1960,0.7840,0.9800,1.2702,0.624451,0.101868,-0.058350,0.772156,7.765,73.8,-1
1782768350.059,3481,782085,0,0.00000000,0.00000000,0.00,0,0,0.33,-0.295,0.0980,0.5390,1.1760,1.2973,0.624451,0.101929,-0.058411,0.772156,7.759,73.8,-1
1782768350.246,3482,782310,0,0.00000000,0.00000000,0.00,0,0,0.36,0.001,0.8820,0.2940,2.0090,2.2137,0.624451,0.101990,-0.058350,0.772156,7.758,82.5,-1
1782768350.448,3483,782525,0,0.00000000,0.00000000,0.00,0,0,0.36,0.350,0.6860,0.5390,1.4210,1.6674,0.624451,0.101990,-0.058289,0.772156,7.761,73.8,-1
1782768350.700,3484,782748,0,0.00000000,0.00000000,0.00,0,0,0.34,0.113,0.4410,0.1960,1.5680,1.6406,0.624512,0.101990,-0.058228,0.772156,7.764,76.2,-1
1782768350.947,3485,782973,0,0.00000000,0.00000000,0.00,0,0,0.25,-0.217,-0.1960,0.4900,0.9800,1.1131,0.624451,0.101990,-0.058289,0.772156,7.753,83.8,-1
1782768351.135,3486,783192,0,0.00000000,0.00000000,0.00,0,0,0.31,0.375,0.5880,0.7350,1.9110,2.1302,0.624451,0.101990,-0.058289,0.772156,7.760,80.0,-1
1782768351.385,3487,783415,0,0.00000000,0.00000000,0.00,0,0,0.29,-0.237,0.2940,0.7350,1.0290,1.2983,0.624451,0.101990,-0.058289,0.772156,7.761,76.2,-1
1782768351.572,3488,783628,0,0.00000000,0.00000000,0.00,0,0,0.23,-0.410,-0.0490,1.0290,0.7350,1.2655,0.624451,0.101929,-0.058289,0.772156,7.764,73.8,-1
1782768351.820,3489,783852,0,0.00000000,0.00000000,0.00,0,0,0.33,0.002,1.0290,0.8820,2.4010,2.7571,0.624451,0.101868,-0.058289,0.772156,7.762,72.5,-1
1782768352.005,3490,784076,0,0.00000000,0.00000000,0.00,0,0,0.20,-0.499,0.0980,0.5390,1.4210,1.5229,0.624451,0.101929,-0.058228,0.772156,7.760,76.2,-1
1782768352.270,3491,784298,0,0.00000000,0.00000000,0.00,0,0,0.31,0.253,0.2450,0.6370,0.8820,1.1152,0.624512,0.101929,-0.058105,0.772156,7.761,76.2,-1
1782768352.456,3492,784515,0,0.00000000,0.00000000,0.00,0,0,0.23,-0.395,0.5390,0.3920,1.5680,1.7038,0.624451,0.101929,-0.058105,0.772217,7.759,82.5,-1
1782768352.704,3493,784739,0,0.00000000,0.00000000,0.00,0,0,0.24,-0.052,0.3430,0.8330,1.5680,1.8084,0.624512,0.101868,-0.058167,0.772156,7.764,77.5,-1
1782768352.892,3494,784960,0,0.00000000,0.00000000,0.00,0,0,0.36,0.141,-1.3720,2.0580,-0.9800,2.6605,0.624512,0.101868,-0.058167,0.772156,7.764,73.8,-1
1782768353.142,3495,785183,0,0.00000000,0.00000000,0.00,0,0,0.20,-0.571,0.2940,0.4900,1.3230,1.4411,0.624512,0.101807,-0.058105,0.772156,7.762,75.0,-1
1782768353.342,3496,785407,0,0.00000000,0.00000000,0.00,0,0,0.15,-0.314,0.6860,-0.0490,1.3230,1.4911,0.624573,0.101929,-0.058044,0.772156,7.760,76.2,-1
1782768353.590,3497,785619,0,0.00000000,0.00000000,0.00,0,0,0.22,0.207,0.0490,0.8330,1.8130,1.9958,0.624512,0.101990,-0.058044,0.772156,7.761,72.5,-1
1782768353.777,3498,785840,0,0.00000000,0.00000000,0.00,0,0,0.30,0.410,0.7840,0.9310,1.9600,2.3072,0.624451,0.101990,-0.058044,0.772217,7.761,75.0,-1
1782768354.026,3499,786060,0,0.00000000,0.00000000,0.00,0,0,0.30,-0.017,1.0290,0.1960,2.6950,2.8914,0.624451,0.101990,-0.058105,0.772156,7.758,80.0,-1
1782768354.214,3500,786280,0,0.00000000,0.00000000,0.00,0,0,0.29,0.086,0.2940,0.4900,1.6170,1.7150,0.624451,0.101990,-0.058105,0.772217,7.759,81.2,-1
1782768354.480,3501,786523,0,0.00000000,0.00000000,0.00,0,0,0.35,0.443,-0.0490,0.8820,0.8820,1.2483,0.624451,0.101929,-0.058105,0.772217,7.761,73.8,-1
1782768354.664,3502,786743,0,0.00000000,0.00000000,0.00,0,0,0.39,0.399,0.0000,0.9310,1.7150,1.9514,0.624451,0.101868,-0.058105,0.772217,7.762,73.8,-1
1782768354.913,3503,786961,0,0.00000000,0.00000000,0.00,0,0,0.31,-0.171,0.0980,0.7350,0.9310,1.1902,0.624451,0.101807,-0.058105,0.772217,7.755,78.8,-1
1782768355.161,3504,787185,0,0.00000000,0.00000000,0.00,0,0,0.36,0.313,0.0980,0.7350,1.5190,1.6903,0.624451,0.101807,-0.058105,0.772217,7.764,78.8,-1
1782768355.349,3505,787405,0,0.00000000,0.00000000,0.00,0,0,0.32,-0.214,0.2450,1.1760,1.5190,1.9366,0.624451,0.101868,-0.058105,0.772217,7.762,76.2,-1
1782768355.538,3506,787620,0,0.00000000,0.00000000,0.00,0,0,0.32,-0.255,0.1470,0.4900,1.5190,1.6028,0.624451,0.101929,-0.058105,0.772217,7.760,76.2,-1
1782768355.788,3507,787846,0,0.00000000,0.00000000,0.00,0,0,0.17,-0.523,-0.0980,-0.1960,1.9600,1.9722,0.624451,0.101929,-0.058044,0.772217,7.764,76.2,-1
1782768356.036,3508,788070,0,0.00000000,0.00000000,0.00,0,0,0.35,0.753,-0.0980,0.8820,0.8330,1.2171,0.624451,0.101929,-0.058044,0.772217,7.761,76.2,-1
1782768356.222,3509,788293,0,0.00000000,0.00000000,0.00,0,0,0.27,0.102,0.2450,0.4410,1.7640,1.8347,0.624451,0.101929,-0.058044,0.772217,7.761,76.2,-1
1782768356.473,3510,788511,0,0.00000000,0.00000000,0.00,0,0,0.24,-0.457,0.1960,0.3920,1.0780,1.1637,0.624451,0.101929,-0.058044,0.772217,7.760,77.5,-1
1782768356.659,3511,788739,0,0.00000000,0.00000000,0.00,0,0,0.36,0.324,0.1960,0.6370,1.8130,1.9316,0.624451,0.101868,-0.058105,0.772217,7.761,75.0,-1
1782768356.909,3512,788964,0,0.00000000,0.00000000,0.00,0,0,0.29,-0.326,-0.0490,-0.3430,1.5680,1.6058,0.624451,0.101929,-0.058167,0.772217,7.759,70.0,-1
1782768357.157,3513,789189,0,0.00000000,0.00000000,0.00,0,0,0.25,-0.082,0.1960,1.0780,1.5190,1.8729,0.624451,0.101990,-0.058167,0.772156,7.760,77.5,-1
1782768357.344,3514,789408,0,0.00000000,0.00000000,0.00,0,0,0.45,0.709,0.1960,0.4410,2.0090,2.0662,0.624451,0.102051,-0.058167,0.772156,7.758,75.0,-1
1782768357.595,3515,789621,0,0.00000000,0.00000000,0.00,0,0,0.37,0.087,0.3920,0.9800,1.4210,1.7701,0.624451,0.101990,-0.058167,0.772217,7.762,75.0,-1
1782768357.783,3516,789844,0,0.00000000,0.00000000,0.00,0,0,0.35,-0.016,0.3430,0.1470,1.6660,1.7073,0.624451,0.102051,-0.058167,0.772156,7.762,72.5,-1
1782768358.032,3517,790072,0,0.00000000,0.00000000,0.00,0,0,0.27,-0.194,1.0290,1.1270,0.9310,1.7877,0.624451,0.102112,-0.058167,0.772156,7.760,72.5,-1
1782768358.218,3518,790291,0,0.00000000,0.00000000,0.00,0,0,0.32,0.231,0.3430,0.4410,1.8620,1.9440,0.624451,0.102112,-0.058167,0.772156,7.761,77.5,-1
1782768358.465,3519,790506,0,0.00000000,0.00000000,0.00,0,0,0.33,0.555,0.1470,0.4900,1.3720,1.4643,0.624451,0.102173,-0.058167,0.772156,7.764,75.0,-1
1782768358.666,3520,790733,0,0.00000000,0.00000000,0.00,0,0,0.26,-0.179,0.1470,0.6860,1.7640,1.8984,0.624451,0.102112,-0.058105,0.772156,7.759,75.0,-1
1782768358.913,3521,790953,0,0.00000000,0.00000000,0.00,0,0,0.31,0.136,0.4900,-0.3430,2.3520,2.4269,0.624451,0.102112,-0.058105,0.772156,7.759,75.0,-1
1782768359.098,3522,791171,0,0.00000000,0.00000000,0.00,0,0,0.35,0.114,0.2450,0.3920,1.4700,1.5410,0.624451,0.102112,-0.058105,0.772156,7.760,75.0,-1
1782768359.347,3523,791393,0,0.00000000,0.00000000,0.00,0,0,0.37,-0.193,0.4410,0.6370,1.1760,1.4083,0.624451,0.102112,-0.058044,0.772156,7.761,73.8,-1
1782768359.535,3524,791607,0,0.00000000,0.00000000,0.00,0,0,0.23,-0.680,0.3430,0.7840,2.0580,2.2288,0.624451,0.102051,-0.057983,0.772156,7.765,70.0,-1
1782768359.784,3525,791833,0,0.00000000,0.00000000,0.00,0,0,0.35,0.307,0.3920,0.5390,1.9600,2.0702,0.624451,0.102051,-0.058044,0.772156,7.759,77.5,-1
1782768359.970,3526,792053,0,0.00000000,0.00000000,0.00,0,0,0.31,0.210,0.3430,0.2940,1.1760,1.2598,0.624451,0.102051,-0.058044,0.772156,7.760,76.2,-1
1782768360.236,3527,792278,0,0.00000000,0.00000000,0.00,0,0,0.35,0.233,0.3920,0.9800,2.3520,2.5780,0.624451,0.102051,-0.058044,0.772156,7.761,72.5,-1
1782768360.487,3528,792529,0,0.00000000,0.00000000,0.00,0,0,0.35,-0.147,0.2940,0.7350,2.6950,2.8089,0.624451,0.101929,-0.058105,0.772217,7.762,73.8,-1
1782768360.689,3529,792755,0,0.00000000,0.00000000,0.00,0,0,0.23,-0.098,-0.0980,0.8820,0.5390,1.0383,0.624451,0.101990,-0.058167,0.772217,7.760,78.8,-1
1782768360.939,3530,792976,0,0.00000000,0.00000000,0.00,0,0,0.39,0.504,0.2940,0.3920,1.3720,1.4569,0.624451,0.102051,-0.058167,0.772156,7.756,73.8,-1
1782768361.125,3531,793197,0,0.00000000,0.00000000,0.00,0,0,0.37,0.043,0.1470,0.9310,1.6660,1.9141,0.624451,0.102295,-0.058167,0.772156,7.759,72.5,-1
1782768361.377,3532,793417,0,0.00000000,0.00000000,0.00,0,0,0.29,-0.333,0.3920,0.7350,2.1560,2.3113,0.624451,0.102295,-0.058167,0.772156,7.758,71.2,-1
1782768361.564,3533,793633,0,0.00000000,0.00000000,0.00,0,0,0.21,-0.440,0.4410,-0.1470,2.4010,2.4456,0.624451,0.102234,-0.058228,0.772156,7.761,71.2,-1
1782768361.810,3534,793860,0,0.00000000,0.00000000,0.00,0,0,0.22,-0.147,0.5880,1.1270,1.1760,1.7317,0.624451,0.102112,-0.058289,0.772156,7.760,71.2,-1
1782768361.999,3535,794080,0,0.00000000,0.00000000,0.00,0,0,0.31,0.345,-0.2450,1.2740,1.3230,1.8530,0.624451,0.102051,-0.058228,0.772156,7.761,72.5,-1
1782768362.250,3536,794299,0,0.00000000,0.00000000,0.00,0,0,0.34,0.282,0.2450,0.0490,2.3030,2.3165,0.624451,0.102051,-0.058167,0.772156,7.761,71.2,-1
1782768362.439,3537,794516,0,0.00000000,0.00000000,0.00,0,0,0.37,0.113,0.0490,1.0290,0.9800,1.4218,0.624451,0.102051,-0.058105,0.772156,7.764,71.2,-1
1782768362.688,3538,794742,0,0.00000000,0.00000000,0.00,0,0,0.34,0.209,0.5390,0.4410,2.2050,2.3124,0.624451,0.102051,-0.058105,0.772156,7.762,72.5,-1
1782768362.935,3539,794963,0,0.00000000,0.00000000,0.00,0,0,0.24,-0.420,-0.3430,0.7840,0.9310,1.2645,0.624451,0.101929,-0.058167,0.772217,7.761,72.5,-1
1782768363.136,3540,795181,0,0.00000000,0.00000000,0.00,0,0,0.30,0.083,0.0000,1.5190,1.0780,1.8626,0.624451,0.101990,-0.058105,0.772217,7.759,72.5,-1
1782768363.325,3541,795401,0,0.00000000,0.00000000,0.00,0,0,0.20,-0.819,0.0490,0.7840,0.7350,1.0758,0.624451,0.101990,-0.058167,0.772217,7.758,75.0,-1
1782768363.572,3542,795611,0,0.00000000,0.00000000,0.00,0,0,0.26,0.036,0.5390,0.6370,1.7150,1.9072,0.624451,0.101929,-0.058167,0.772217,7.761,73.8,-1
1782768363.759,3543,795831,0,0.00000000,0.00000000,0.00,0,0,0.43,0.595,-0.0980,1.3230,2.1070,2.4899,0.624451,0.101929,-0.058105,0.772217,7.761,73.8,-1
1782768364.008,3544,796054,0,0.00000000,0.00000000,0.00,0,0,0.28,-0.328,0.6860,0.8330,2.2540,2.4990,0.624451,0.101868,-0.058105,0.772217,7.760,73.8,-1
1782768364.193,3545,796277,0,0.00000000,0.00000000,0.00,0,0,0.20,-0.548,-0.1960,1.2740,0.3920,1.3473,0.624451,0.101868,-0.058105,0.772217,7.762,67.5,-1
1782768364.441,3546,796525,0,0.00000000,0.00000000,0.00,0,0,0.17,-0.489,0.1960,0.2940,2.3030,2.3299,0.624451,0.101868,-0.058105,0.772217,7.761,73.8,-1
1782768364.692,3547,796747,0,0.00000000,0.00000000,0.00,0,0,0.32,0.687,0.2450,0.6370,3.0380,3.1137,0.624451,0.101929,-0.058167,0.772217,7.762,73.8,-1
1782768364.941,3548,796969,0,0.00000000,0.00000000,0.00,0,0,0.24,-0.208,0.1470,1.4210,1.0780,1.7897,0.624451,0.101929,-0.058228,0.772217,7.758,78.8,-1
1782768365.128,3549,797195,0,0.00000000,0.00000000,0.00,0,0,0.21,-0.332,0.3920,0.5880,1.1270,1.3302,0.624451,0.101990,-0.058228,0.772217,7.762,75.0,-1
1782768365.377,3550,797416,0,0.00000000,0.00000000,0.00,0,0,0.31,0.280,0.3430,1.4700,1.2740,1.9753,0.624451,0.101990,-0.058289,0.772217,7.761,68.8,-1
1782768365.565,3551,797629,0,0.00000000,0.00000000,0.00,0,0,0.24,-0.085,0.3920,0.4900,1.5190,1.6435,0.624390,0.102051,-0.058228,0.772217,7.761,73.8,-1
1782768365.812,3552,797845,0,0.00000000,0.00000000,0.00,0,0,0.06,-0.836,0.4410,0.9800,1.1760,1.5931,0.624329,0.102112,-0.058228,0.772217,7.759,78.8,-1
1782768366.000,3553,798071,0,0.00000000,0.00000000,0.00,0,0,0.28,0.611,0.2940,1.3230,0.0490,1.3562,0.624390,0.102112,-0.058289,0.772217,7.759,72.5,-1
1782768366.249,3554,798292,0,0.00000000,0.00000000,0.00,0,0,0.16,-0.491,0.9310,0.3430,1.7640,2.0239,0.624390,0.102173,-0.058228,0.772217,7.761,72.5,-1
1782768366.434,3555,798515,0,0.00000000,0.00000000,0.00,0,0,0.22,-0.121,0.4900,0.5390,1.8130,1.9539,0.624329,0.102234,-0.058228,0.772278,7.760,76.2,-1
1782768366.683,3556,798742,0,0.00000000,0.00000000,0.00,0,0,0.20,-0.397,1.0290,0.8820,2.9400,3.2373,0.624390,0.102234,-0.058228,0.772217,7.764,68.8,-1
1782768366.932,3557,798960,0,0.00000000,0.00000000,0.00,0,0,0.22,-0.078,0.6860,-0.1470,1.7640,1.8984,0.624390,0.102234,-0.058167,0.772217,7.765,73.8,-1
1782768367.120,3558,799180,0,0.00000000,0.00000000,0.00,0,0,0.30,0.466,1.0290,0.4900,2.1070,2.3955,0.624390,0.102234,-0.058167,0.772217,7.764,71.2,-1
1782768367.370,3559,799400,0,0.00000000,0.00000000,0.00,0,0,0.28,-0.096,0.0980,0.1470,0.9310,0.9476,0.624390,0.102234,-0.058167,0.772217,7.765,75.0,-1
1782768367.558,3560,799614,0,0.00000000,0.00000000,0.00,0,0,0.34,0.215,1.0290,0.9310,2.8420,3.1627,0.624390,0.102234,-0.058167,0.772217,7.762,78.8,-1
1782768367.808,3561,799837,0,0.00000000,0.00000000,0.00,0,0,0.32,0.435,0.3430,0.3430,1.1270,1.2270,0.624390,0.102173,-0.058228,0.772217,7.765,67.5,-1
1782768367.994,3562,800064,0,0.00000000,0.00000000,0.00,0,0,0.33,-0.171,0.7350,0.3920,0.8330,1.1780,0.624390,0.102173,-0.058228,0.772217,7.764,71.2,-1
1782768368.240,3563,800284,0,0.00000000,0.00000000,0.00,0,0,0.44,0.526,0.1960,1.0290,1.1270,1.5386,0.624390,0.102173,-0.058228,0.772217,7.762,71.2,-1
1782768368.504,3564,800528,0,0.00000000,0.00000000,0.00,0,0,0.34,-0.214,0.2940,0.4900,1.4700,1.5772,0.624390,0.102112,-0.058228,0.772217,7.761,72.5,-1
1782768368.690,3565,800753,0,0.00000000,0.00000000,0.00,0,0,0.24,-0.238,0.0000,1.1760,1.2740,1.7338,0.624390,0.102112,-0.058228,0.772217,7.761,77.5,-1
1782768368.940,3566,800976,0,0.00000000,0.00000000,0.00,0,0,0.25,-0.317,-0.0490,0.3920,1.5190,1.5695,0.624390,0.102112,-0.058228,0.772217,7.759,78.8,-1
1782768369.125,3567,801195,0,0.00000000,0.00000000,0.00,0,0,0.21,-0.363,0.0980,0.5880,1.2250,1.3623,0.624390,0.102173,-0.058228,0.772217,7.758,82.5,-1
1782768369.374,3568,801419,0,0.00000000,0.00000000,0.00,0,0,0.25,-0.175,-0.2450,0.7350,0.4900,0.9167,0.624390,0.102173,-0.058167,0.772217,7.762,73.8,-1
1782768369.560,3569,801637,0,0.00000000,0.00000000,0.00,0,0,0.18,-0.415,0.3920,0.9800,0.8820,1.3755,0.624390,0.102112,-0.058228,0.772217,7.762,75.0,-1
1782768369.808,3570,801860,0,0.00000000,0.00000000,0.00,0,0,0.20,-0.024,0.7840,0.3920,1.7150,1.9260,0.624390,0.102051,-0.058105,0.772217,7.764,72.5,-1
1782768370.010,3571,802086,0,0.00000000,0.00000000,0.00,0,0,0.19,-0.444,0.3430,0.4410,1.5680,1.6646,0.624390,0.102051,-0.058105,0.772217,7.761,77.5,-1
1782768370.260,3572,802310,0,0.00000000,0.00000000,0.00,0,0,0.20,-0.211,0.3920,0.3430,1.1270,1.2415,0.624390,0.101990,-0.058105,0.772278,7.764,73.8,-1
1782768370.449,3573,802525,0,0.00000000,0.00000000,0.00,0,0,0.16,-0.420,0.5880,0.0980,1.3720,1.4959,0.624390,0.101929,-0.058105,0.772278,7.761,76.2,-1
1782768370.697,3574,802751,0,0.00000000,0.00000000,0.00,0,0,0.19,-0.106,0.0490,0.7350,0.8330,1.1120,0.624390,0.101929,-0.058105,0.772278,7.761,72.5,-1
1782768370.902,3575,802970,0,0.00000000,0.00000000,0.00,0,0,0.17,-0.403,0.2940,0.7350,2.0580,2.2050,0.624390,0.101929,-0.058044,0.772278,7.758,78.8,-1
1782768371.152,3576,803192,0,0.00000000,0.00000000,0.00,0,0,0.11,0.004,0.4900,0.5880,1.7640,1.9229,0.624390,0.101868,-0.058044,0.772278,7.766,66.2,-1
1782768371.355,3577,803410,0,0.00000000,0.00000000,0.00,0,0,0.12,0.042,0.4900,0.0490,0.8820,1.0102,0.624390,0.101868,-0.058105,0.772278,7.761,76.2,-1
1782768371.544,3578,803620,0,0.00000000,0.00000000,0.00,0,0,0.09,0.049,0.1960,0.7350,1.2740,1.4838,0.624390,0.101868,-0.058044,0.772278,7.760,75.0,-1
1782768371.793,3579,803844,0,0.00000000,0.00000000,0.00,0,0,0.15,0.407,-0.1470,0.9310,1.8620,2.0870,0.624390,0.101868,-0.058044,0.772278,7.761,76.2,-1
1782768371.979,3580,804061,0,0.00000000,0.00000000,0.00,0,0,0.10,-0.032,0.4410,0.3430,0.7840,0.9627,0.624390,0.101868,-0.058167,0.772278,7.760,77.5,-1
1782768372.230,3581,804280,0,0.00000000,0.00000000,0.00,0,0,0.20,0.706,0.2940,0.1960,0.6860,0.7717,0.624390,0.101929,-0.058289,0.772278,7.760,73.8,-1
1782768372.416,3582,804492,0,0.00000000,0.00000000,0.00,0,0,0.30,0.756,0.6370,0.5880,1.8130,2.0096,0.624390,0.101990,-0.058289,0.772278,7.761,76.2,-1
1782768372.665,3583,804696,0,0.00000000,0.00000000,0.00,0,0,0.02,-0.851,1.4700,0.1470,2.3520,2.7775,0.624390,0.102051,-0.058289,0.772217,7.761,72.5,-1
1782768372.853,3584,804926,0,0.00000000,0.00000000,0.00,0,0,0.19,0.340,0.1960,0.6860,1.6170,1.7674,0.624329,0.102051,-0.058289,0.772217,7.761,78.8,-1
1782768373.118,3585,805145,0,0.00000000,0.00000000,0.00,0,0,0.21,0.105,0.8330,0.6370,2.2050,2.4417,0.624329,0.102051,-0.058289,0.772217,7.762,77.5,-1
1782768373.305,3586,805364,0,0.00000000,0.00000000,0.00,0,0,0.27,-0.201,0.4900,0.8330,3.2830,3.4223,0.624390,0.102051,-0.058289,0.772217,7.758,80.0,-1
1782768373.554,3587,805581,0,0.00000000,0.00000000,0.00,0,0,0.24,-0.168,0.0980,0.8330,1.1760,1.4445,0.624390,0.102112,-0.058228,0.772217,7.761,75.0,-1
1782768373.740,3588,805807,0,0.00000000,0.00000000,0.00,0,0,0.24,0.086,0.2940,0.4900,1.2250,1.3517,0.624390,0.102112,-0.058289,0.772217,7.762,77.5,-1
1782768373.988,3589,806031,0,0.00000000,0.00000000,0.00,0,0,0.26,0.120,0.0980,1.1760,2.4500,2.7194,0.624390,0.102112,-0.058289,0.772217,7.760,76.2,-1
1782768374.175,3590,806258,0,0.00000000,0.00000000,0.00,0,0,0.26,0.064,0.0980,0.3430,0.8330,0.9062,0.624390,0.102173,-0.058228,0.772217,7.760,72.5,-1
1782768374.425,3591,806503,0,0.00000000,0.00000000,0.00,0,0,0.27,0.087,0.5880,0.9800,1.3720,1.7856,0.624390,0.102173,-0.058289,0.772217,7.761,75.0,-1
1782768374.692,3592,806725,0,0.00000000,0.00000000,0.00,0,0,0.25,-0.001,0.3430,0.4410,1.5190,1.6185,0.624390,0.102112,-0.058228,0.772217,7.762,77.5,-1
1782768374.880,3593,806950,0,0.00000000,0.00000000,0.00,0,0,0.31,0.254,-0.1960,1.0780,1.2740,1.6803,0.624390,0.102051,-0.058228,0.772217,7.760,73.8,-1
1782768375.129,3594,807174,0,0.00000000,0.00000000,0.00,0,0,0.21,-0.200,0.1470,0.5390,1.5190,1.6185,0.624390,0.101990,-0.058228,0.772278,7.762,76.2,-1
1782768375.330,3595,807401,0,0.00000000,0.00000000,0.00,0,0,0.28,0.051,0.4900,0.8330,1.5680,1.8419,0.624329,0.101990,-0.058289,0.772278,7.761,72.5,-1
1782768375.581,3596,807615,0,0.00000000,0.00000000,0.00,0,0,0.27,0.243,0.7840,0.3920,0.7350,1.1439,0.624329,0.102051,-0.058289,0.772217,7.760,76.2,-1
1782768375.766,3597,807843,0,0.00000000,0.00000000,0.00,0,0,0.21,-0.291,0.5880,0.7350,0.8820,1.2899,0.624329,0.102112,-0.058289,0.772217,7.762,73.8,-1
1782768376.016,3598,808064,0,0.00000000,0.00000000,0.00,0,0,0.20,-0.146,0.4410,0.5390,1.2740,1.4519,0.624390,0.102112,-0.058228,0.772217,7.761,75.0,-1
1782768376.265,3599,808294,0,0.00000000,0.00000000,0.00,0,0,0.21,-0.041,0.4900,0.3920,2.1560,2.2455,0.624390,0.102112,-0.058167,0.772217,7.759,76.2,-1
1782768376.450,3600,808511,0,0.00000000,0.00000000,0.00,0,0,0.10,-0.400,0.1960,0.9310,2.2540,2.4466,0.624390,0.102112,-0.058167,0.772217,7.758,81.2,-1
1782768376.699,3601,808734,0,0.00000000,0.00000000,0.00,0,0,0.16,0.162,0.7350,0.7350,3.1360,3.3038,0.624390,0.102051,-0.058228,0.772217,7.761,76.2,-1
1782768376.885,3602,808956,0,0.00000000,0.00000000,0.00,0,0,0.08,-0.057,0.2450,0.0980,2.4010,2.4155,0.624390,0.102051,-0.058289,0.772217,7.764,70.0,-1
1782768377.150,3603,809182,0,0.00000000,0.00000000,0.00,0,0,0.10,0.245,0.5390,0.2940,2.2050,2.2889,0.624390,0.102051,-0.058289,0.772217,7.760,76.2,-1
1782768377.336,3604,809406,0,0.00000000,0.00000000,0.00,0,0,-0.02,-0.419,-0.2450,1.4700,1.0780,1.8393,0.624390,0.101990,-0.058228,0.772278,7.764,73.8,-1
1782768377.585,3605,809623,0,0.00000000,0.00000000,0.00,0,0,0.06,0.065,0.4900,0.1960,1.4210,1.5158,0.624390,0.102051,-0.058228,0.772217,7.761,76.2,-1
1782768377.771,3606,809843,0,0.00000000,0.00000000,0.00,0,0,0.05,-0.199,0.5880,-0.2940,0.9800,1.1801,0.624390,0.102112,-0.058228,0.772217,7.759,76.2,-1
1782768378.021,3607,810068,0,0.00000000,0.00000000,0.00,0,0,0.11,0.022,0.0980,0.7350,1.3230,1.5166,0.624390,0.102112,-0.058228,0.772217,7.760,72.5,-1
1782768378.208,3608,810289,0,0.00000000,0.00000000,0.00,0,0,0.10,-0.157,0.8330,0.2940,1.1270,1.4319,0.624390,0.102173,-0.058167,0.772217,7.761,72.5,-1
1782768378.456,3609,810502,0,0.00000000,0.00000000,0.00,0,0,0.16,0.114,0.1470,0.4900,1.4210,1.5103,0.624390,0.102173,-0.058228,0.772217,7.761,75.0,-1
1782768378.646,3610,810726,0,0.00000000,0.00000000,0.00,0,0,0.20,0.442,-0.0980,0.8820,0.8820,1.2512,0.624390,0.102173,-0.058228,0.772217,7.761,76.2,-1
1782768378.910,3611,810946,0,0.00000000,0.00000000,0.00,0,0,0.11,-0.266,0.4900,0.8820,1.6170,1.9060,0.624329,0.102112,-0.058289,0.772217,7.759,77.5,-1
1782768379.112,3612,811167,0,0.00000000,0.00000000,0.00,0,0,0.24,0.436,0.0490,0.6860,1.9600,2.0772,0.624329,0.102112,-0.058350,0.772217,7.760,75.0,-1
1782768379.360,3613,811387,0,0.00000000,0.00000000,0.00,0,0,0.09,-0.225,1.2740,0.6370,1.7640,2.2673,0.624329,0.102173,-0.058289,0.772217,7.760,77.5,-1
1782768379.547,3614,811602,0,0.00000000,0.00000000,0.00,0,0,-0.03,-0.406,-0.0490,0.5880,0.4900,0.7670,0.624390,0.102173,-0.058289,0.772217,7.760,75.0,-1
1782768379.795,3615,811823,0,0.00000000,0.00000000,0.00,0,0,0.07,0.238,0.0000,0.5390,1.0290,1.1616,0.624390,0.102173,-0.058228,0.772217,7.762,78.8,-1
1782768379.980,3616,812048,0,0.00000000,0.00000000,0.00,0,0,-0.05,-0.494,0.4410,0.3920,0.6860,0.9048,0.624390,0.102234,-0.058228,0.772217,7.762,70.0,-1
1782768380.231,3617,812268,0,0.00000000,0.00000000,0.00,0,0,0.02,0.305,0.7350,0.3430,2.2050,2.3494,0.624390,0.102234,-0.058228,0.772217,7.760,77.5,-1
1782768380.478,3618,812515,0,0.00000000,0.00000000,0.00,0,0,0.07,0.417,0.4900,0.9310,1.9110,2.1815,0.624390,0.102173,-0.058228,0.772217,7.761,71.2,-1
1782768380.665,3619,812745,0,0.00000000,0.00000000,0.00,0,0,0.15,0.280,1.2740,1.3230,2.4990,3.1014,0.624390,0.102173,-0.058289,0.772217,7.761,75.0,-1
1782768380.914,3620,812966,0,0.00000000,0.00000000,0.00,0,0,0.06,-0.286,0.0490,0.4410,1.8130,1.8665,0.624329,0.102173,-0.058289,0.772217,7.755,77.5,-1
1782768381.164,3621,813191,0,0.00000000,0.00000000,0.00,0,0,0.08,-0.295,0.2940,0.3430,1.2250,1.3056,0.624329,0.102173,-0.058289,0.772217,7.760,76.2,-1
1782768381.351,3622,813416,0,0.00000000,0.00000000,0.00,0,0,-0.06,-0.371,0.3920,0.4900,1.5190,1.6435,0.624329,0.102173,-0.058350,0.772217,7.764,76.2,-1
1782768381.552,3623,813626,0,0.00000000,0.00000000,0.00,0,0,0.05,0.222,0.2940,1.0780,2.3030,2.5598,0.624329,0.102234,-0.058289,0.772217,7.765,68.8,-1
1782768381.802,3624,813844,0,0.00000000,0.00000000,0.00,0,0,0.23,0.962,0.3920,0.3430,1.1760,1.2862,0.624329,0.102234,-0.058289,0.772217,7.759,77.5,-1
1782768381.988,3625,814068,0,0.00000000,0.00000000,0.00,0,0,0.11,0.146,0.1960,0.7350,1.0780,1.3194,0.624390,0.102234,-0.058228,0.772217,7.760,75.0,-1
1782768382.238,3626,814294,0,0.00000000,0.00000000,0.00,0,0,0.06,-0.269,0.1960,0.7840,1.6170,1.8077,0.624390,0.102234,-0.058228,0.772217,7.760,76.2,-1
1782768382.488,3627,814510,0,0.00000000,0.00000000,0.00,0,0,0.09,0.207,0.8330,0.3920,2.4500,2.6173,0.624390,0.102234,-0.058228,0.772217,7.758,73.8,-1
1782768382.674,3628,814735,0,0.00000000,0.00000000,0.00,0,0,0.07,0.594,0.1960,0.7350,1.5190,1.6988,0.624390,0.102234,-0.058289,0.772217,7.760,76.2,-1
1782768382.924,3629,814957,0,0.00000000,0.00000000,0.00,0,0,0.08,0.062,0.3920,0.6370,2.1070,2.2358,0.624329,0.102173,-0.058350,0.772217,7.760,76.2,-1
1782768383.112,3630,815179,0,0.00000000,0.00000000,0.00,0,0,0.13,0.250,0.8330,0.8330,2.0090,2.3289,0.624329,0.102234,-0.058411,0.772217,7.761,77.5,-1
1782768383.361,3631,815399,0,0.00000000,0.00000000,0.00,0,0,0.10,-0.374,0.6370,-0.2450,1.1760,1.3597,0.624329,0.102234,-0.058472,0.772217,7.761,77.5,-1
1782768383.547,3632,815617,0,0.00000000,0.00000000,0.00,0,0,0.07,-0.403,0.4410,0.7350,1.2740,1.5355,0.624329,0.102173,-0.058472,0.772217,7.758,77.5,-1
1782768383.799,3633,815841,0,0.00000000,0.00000000,0.00,0,0,0.12,0.148,0.1960,0.4410,1.1270,1.2260,0.624329,0.102112,-0.058411,0.772217,7.762,72.5,-1
1782768383.986,3634,816059,0,0.00000000,0.00000000,0.00,0,0,-0.01,-0.897,-0.3920,0.8330,1.4210,1.6932,0.624329,0.102051,-0.058472,0.772217,7.760,78.8,-1
1782768384.232,3635,816281,0,0.00000000,0.00000000,0.00,0,0,0.10,0.029,0.0000,0.6370,1.3230,1.4684,0.624329,0.102112,-0.058411,0.772217,7.762,68.8,-1
1782768384.481,3636,816526,0,0.00000000,0.00000000,0.00,0,0,0.12,0.324,0.2940,0.4900,1.3230,1.4411,0.624329,0.102112,-0.058350,0.772217,7.761,73.8,-1
1782768384.668,3637,816749,0,0.00000000,0.00000000,0.00,0,0,0.15,0.160,0.3920,0.4410,1.5680,1.6753,0.624329,0.102234,-0.058350,0.772217,7.760,72.5,-1
1782768384.932,3638,816972,0,0.00000000,0.00000000,0.00,0,0,0.09,-0.366,0.2450,0.4410,1.6660,1.7407,0.624329,0.102234,-0.058289,0.772217,7.758,81.2,-1
1782768385.118,3639,817194,0,0.00000000,0.00000000,0.00,0,0,0.14,0.231,0.1470,0.4900,1.2740,1.3729,0.624329,0.102234,-0.058350,0.772217,7.760,78.8,-1
1782768385.384,3640,817415,0,0.00000000,0.00000000,0.00,0,0,0.07,-0.484,0.6370,0.1470,1.4700,1.6088,0.624329,0.102173,-0.058289,0.772217,7.760,77.5,-1
1782768385.571,3641,817632,0,0.00000000,0.00000000,0.00,0,0,0.02,-0.617,0.3920,-0.2940,0.8330,0.9664,0.624329,0.102173,-0.058289,0.772217,7.758,77.5,-1
1782768385.822,3642,817855,0,0.00000000,0.00000000,0.00,0,0,0.09,0.172,0.6370,-0.0490,1.6660,1.7843,0.624329,0.102234,-0.058289,0.772217,7.758,75.0,-1
1782768386.005,3643,818074,0,0.00000000,0.00000000,0.00,0,0,0.25,0.671,0.5390,1.1760,1.2740,1.8156,0.624390,0.102234,-0.058228,0.772217,7.758,75.0,-1
1782768386.252,3644,818296,0,0.00000000,0.00000000,0.00,0,0,0.14,-0.083,0.1960,0.8330,1.9600,2.1387,0.624390,0.102234,-0.058228,0.772217,7.760,73.8,-1
1782768386.438,3645,818510,0,0.00000000,0.00000000,0.00,0,0,0.11,-0.169,0.2450,0.3430,1.8130,1.8614,0.624390,0.102234,-0.058228,0.772217,7.761,68.8,-1
1782768386.687,3646,818736,0,0.00000000,0.00000000,0.00,0,0,0.10,0.046,0.4900,1.0290,1.8620,2.1831,0.624390,0.102234,-0.058167,0.772217,7.761,76.2,-1
1782768386.939,3647,818959,0,0.00000000,0.00000000,0.00,0,0,0.13,0.480,0.4410,0.4410,1.9600,2.0568,0.624390,0.102173,-0.058228,0.772217,7.761,76.2,-1
1782768387.125,3648,819179,0,0.00000000,0.00000000,0.00,0,0,0.16,0.448,1.0780,0.7350,1.5190,2.0024,0.624390,0.102051,-0.058228,0.772217,7.761,72.5,-1
1782768387.375,3649,819399,0,0.00000000,0.00000000,0.00,0,0,0.06,-0.292,1.9600,-0.2940,1.8620,2.7194,0.624390,0.102051,-0.058289,0.772217,7.761,75.0,-1
1782768387.563,3650,819617,0,0.00000000,0.00000000,0.00,0,0,-0.06,-0.836,0.8330,0.7350,2.1070,2.3819,0.624329,0.102051,-0.058289,0.772217,7.759,77.5,-1
1782768387.811,3651,819841,0,0.00000000,0.00000000,0.00,0,0,0.02,0.219,0.9800,0.2940,2.1560,2.3865,0.624390,0.102112,-0.058289,0.772217,7.764,70.0,-1
1782768387.999,3652,820067,0,0.00000000,0.00000000,0.00,0,0,0.09,0.290,0.2940,0.7350,1.5680,1.7565,0.624390,0.102173,-0.058228,0.772217,7.764,72.5,-1
1782768388.248,3653,820291,0,0.00000000,0.00000000,0.00,0,0,0.04,0.045,-0.0490,1.1270,1.7150,2.0527,0.624329,0.102234,-0.058289,0.772217,7.766,70.0,-1
1782768388.435,3654,820507,0,0.00000000,0.00000000,0.00,0,0,-0.03,-0.483,0.5880,0.6370,1.8620,2.0539,0.624390,0.102234,-0.058228,0.772217,7.762,73.8,-1
1782768388.682,3655,820732,0,0.00000000,0.00000000,0.00,0,0,0.10,0.419,0.6370,0.8820,1.3720,1.7510,0.624390,0.102234,-0.058228,0.772217,7.765,68.8,-1
1782768388.928,3656,820957,0,0.00000000,0.00000000,0.00,0,0,0.06,-0.087,0.5880,0.6860,1.5190,1.7674,0.624390,0.102234,-0.058228,0.772217,7.764,73.8,-1
1782768389.116,3657,821184,0,0.00000000,0.00000000,0.00,0,0,0.09,0.320,0.4410,0.4410,1.6660,1.7789,0.624390,0.102234,-0.058167,0.772217,7.764,75.0,-1
1782768389.366,3658,821408,0,0.00000000,0.00000000,0.00,0,0,0.07,0.030,0.4410,0.3920,1.0780,1.2289,0.624390,0.102112,-0.058105,0.772217,7.760,75.0,-1
1782768389.554,3659,821625,0,0.00000000,0.00000000,0.00,0,0,0.01,0.209,0.0490,0.3920,0.5880,0.7084,0.624390,0.102112,-0.058167,0.772217,7.762,76.2,-1
1782768389.801,3660,821842,0,0.00000000,0.00000000,0.00,0,0,0.12,0.562,0.9310,0.1960,1.9110,2.1347,0.624390,0.102173,-0.058167,0.772217,7.761,76.2,-1
1782768389.987,3661,822064,0,0.00000000,0.00000000,0.00,0,0,0.07,-0.116,0.4900,0.4900,1.8620,1.9868,0.624390,0.102173,-0.058105,0.772217,7.761,77.5,-1
1782768390.237,3662,822283,0,0.00000000,0.00000000,0.00,0,0,0.02,-0.199,0.2940,0.5390,1.3230,1.4585,0.624390,0.102173,-0.058105,0.772217,7.759,77.5,-1
1782768390.427,3663,822500,0,0.00000000,0.00000000,0.00,0,0,0.29,1.153,0.2940,0.7350,1.7150,1.8889,0.624390,0.102173,-0.058105,0.772217,7.760,76.2,-1
1782768390.680,3664,822728,0,0.00000000,0.00000000,0.00,0,0,0.11,-0.332,-0.0980,0.6370,1.9110,2.0168,0.624390,0.102234,-0.058167,0.772217,7.762,75.0,-1
1782768390.928,3665,822954,0,0.00000000,0.00000000,0.00,0,0,0.07,-0.320,0.7350,0.9310,1.7150,2.0852,0.624390,0.102234,-0.058167,0.772217,7.761,76.2,-1
1782768391.114,3666,823179,0,0.00000000,0.00000000,0.00,0,0,0.21,0.678,0.9310,1.1760,1.7150,2.2784,0.624390,0.102173,-0.058228,0.772217,7.765,70.0,-1
1782768391.363,3667,823406,0,0.00000000,0.00000000,0.00,0,0,0.15,0.028,0.3430,0.8330,1.5190,1.7660,0.624390,0.102112,-0.058228,0.772217,7.759,77.5,-1
1782768391.550,3668,823621,0,0.00000000,0.00000000,0.00,0,0,0.13,-0.103,0.4410,0.4410,1.0780,1.2454,0.624329,0.102112,-0.058289,0.772217,7.762,67.5,-1
1782768391.801,3669,823846,0,0.00000000,0.00000000,0.00,0,0,0.06,-0.302,0.0980,1.1270,1.2740,1.7038,0.624329,0.102051,-0.058289,0.772217,7.759,81.2,-1
1782768392.050,3670,824071,0,0.00000000,0.00000000,0.00,0,0,0.29,1.144,0.5880,0.2450,1.8620,1.9679,0.624390,0.102112,-0.058289,0.772217,7.761,76.2,-1
1782768392.236,3671,824287,0,0.00000000,0.00000000,0.00,0,0,0.21,-0.009,-0.2450,1.2740,0.5880,1.4244,0.624390,0.102051,-0.058167,0.772217,7.756,76.2,-1
1782768392.424,3672,824502,0,0.00000000,0.00000000,0.00,0,0,0.25,0.293,0.4900,0.4410,1.4210,1.5665,0.624390,0.102112,-0.058167,0.772217,7.761,70.0,-1
1782768392.674,3673,824724,0,0.00000000,0.00000000,0.00,0,0,0.15,-0.063,0.0490,0.4900,0.8330,0.9677,0.624390,0.102112,-0.058167,0.772217,7.762,75.0,-1
1782768392.925,3674,824953,0,0.00000000,0.00000000,0.00,0,0,0.12,-0.114,0.3430,1.5680,2.2050,2.7273,0.624390,0.102173,-0.058167,0.772217,7.759,75.0,-1
1782768393.110,3675,825179,0,0.00000000,0.00000000,0.00,0,0,0.23,0.422,0.2940,0.8330,1.3230,1.5908,0.624390,0.102173,-0.058167,0.772217,7.760,78.8,-1
1782768393.360,3676,825404,0,0.00000000,0.00000000,0.00,0,0,0.27,0.145,0.1960,0.7350,1.5190,1.6988,0.624390,0.102234,-0.058167,0.772217,7.765,73.8,-1
1782768393.547,3677,825622,0,0.00000000,0.00000000,0.00,0,0,0.17,-0.271,0.4900,0.3430,1.5190,1.6325,0.624390,0.102173,-0.058228,0.772217,7.764,71.2,-1
1782768393.794,3678,825846,0,0.00000000,0.00000000,0.00,0,0,0.32,0.356,0.6860,0.5390,2.1070,2.2805,0.624390,0.102173,-0.058289,0.772217,7.764,73.8,-1
1782768394.046,3679,826075,0,0.00000000,0.00000000,0.00,0,0,0.17,-0.316,0.4410,0.6370,1.6660,1.8373,0.624390,0.102173,-0.058228,0.772217,7.760,75.0,-1
1782768394.233,3680,826292,0,0.00000000,0.00000000,0.00,0,0,0.26,0.550,0.2450,0.7350,1.2740,1.4911,0.624390,0.102234,-0.058228,0.772217,7.758,77.5,-1
1782768394.483,3681,826507,0,0.00000000,0.00000000,0.00,0,0,0.21,-0.251,0.1960,0.3920,1.5190,1.5810,0.624390,0.102234,-0.058228,0.772217,7.762,73.8,-1
1782768394.670,3682,826735,0,0.00000000,0.00000000,0.00,0,0,0.10,-0.478,0.0980,0.2450,0.5880,0.6445,0.624390,0.102234,-0.058228,0.772217,7.758,75.0,-1
1782768394.935,3683,826957,0,0.00000000,0.00000000,0.00,0,0,0.13,-0.192,0.4900,0.6860,1.7640,1.9551,0.624390,0.102173,-0.058167,0.772217,7.764,75.0,-1
1782768395.135,3684,827175,0,0.00000000,0.00000000,0.00,0,0,0.19,0.292,0.3920,0.6370,1.5680,1.7373,0.624390,0.102173,-0.058167,0.772217,7.754,78.8,-1
1782768395.322,3685,827397,0,0.00000000,0.00000000,0.00,0,0,0.28,0.341,0.7840,0.5880,1.6660,1.9329,0.624390,0.102234,-0.058167,0.772217,7.761,73.8,-1
1782768395.573,3686,827611,0,0.00000000,0.00000000,0.00,0,0,0.20,-0.014,0.2940,0.5390,1.5680,1.6839,0.624390,0.102173,-0.058105,0.772217,7.762,71.2,-1
1782768395.775,3687,827837,0,0.00000000,0.00000000,0.00,0,0,0.23,0.112,0.7350,0.9800,1.5680,1.9898,0.624390,0.102173,-0.058105,0.772217,7.758,72.5,-1
1782768396.024,3688,828060,0,0.00000000,0.00000000,0.00,0,0,0.16,-0.203,-0.1960,1.7150,-0.7840,1.8959,0.624390,0.102112,-0.058044,0.772217,7.764,72.5,-1
1782768396.214,3689,828281,0,0.00000000,0.00000000,0.00,0,0,0.27,0.351,-0.1960,0.7840,0.2450,0.8445,0.624390,0.102112,-0.058044,0.772217,7.761,72.5,-1
1782768396.477,3690,828501,0,0.00000000,0.00000000,0.00,0,0,0.24,-0.028,0.0490,0.5880,1.6660,1.7674,0.624390,0.102112,-0.058044,0.772217,7.761,75.0,-1
1782768396.664,3691,828718,0,0.00000000,0.00000000,0.00,0,0,0.21,0.277,0.4900,0.6860,1.8130,1.9994,0.624390,0.102173,-0.058105,0.772217,7.761,75.0,-1
1782768396.913,3692,828940,0,0.00000000,0.00000000,0.00,0,0,0.09,-0.516,0.9310,0.5880,2.4990,2.7308,0.624390,0.102112,-0.058167,0.772217,7.761,75.0,-1
1782768397.101,3693,829159,0,0.00000000,0.00000000,0.00,0,0,0.18,-0.019,0.7350,0.1470,1.5680,1.7379,0.624390,0.102173,-0.058167,0.772217,7.759,76.2,-1
1782768397.351,3694,829379,0,0.00000000,0.00000000,0.00,0,0,0.08,-0.427,0.0490,0.0000,0.7840,0.7855,0.624390,0.102173,-0.058167,0.772217,7.756,81.2,-1
1782768397.536,3695,829596,0,0.00000000,0.00000000,0.00,0,0,0.22,0.132,-0.1960,1.7640,1.9600,2.6442,0.624390,0.102234,-0.058167,0.772217,7.761,68.8,-1
1782768397.785,3696,829822,0,0.00000000,0.00000000,0.00,0,0,0.20,0.255,1.2740,0.4410,1.5190,2.0310,0.624390,0.102234,-0.058167,0.772217,7.758,75.0,-1
1782768397.975,3697,830041,0,0.00000000,0.00000000,0.00,0,0,0.23,-0.233,1.2740,0.1960,2.6950,2.9874,0.624390,0.102234,-0.058167,0.772217,7.759,73.8,-1
1782768398.221,3698,830262,0,0.00000000,0.00000000,0.00,0,0,0.27,-0.186,-0.0490,0.4410,0.9310,1.0313,0.624390,0.102234,-0.058167,0.772217,7.756,73.8,-1
1782768398.472,3699,830506,0,0.00000000,0.00000000,0.00,0,0,0.09,-0.458,0.0000,0.9800,1.4700,1.7667,0.624390,0.102173,-0.058228,0.772217,7.760,73.8,-1
1782768398.660,3700,830735,0,0.00000000,0.00000000,0.00,0,0,0.17,0.038,1.4210,0.2940,2.9890,3.3226,0.624390,0.102173,-0.058228,0.772217,7.765,71.2,-1
1782768398.909,3701,830955,0,0.00000000,0.00000000,0.00,0,0,0.09,-0.301,0.1960,0.5880,0.5880,0.8543,0.624390,0.102173,-0.058228,0.772217,7.765,68.8,-1
1782768399.112,3702,831175,0,0.00000000,0.00000000,0.00,0,0,0.14,0.114,0.0980,1.0290,1.8620,2.1297,0.624390,0.102173,-0.058167,0.772217,7.761,71.2,-1
1782768399.316,3703,831396,0,0.00000000,0.00000000,0.00,0,0,0.10,-0.083,1.2250,0.9310,1.7640,2.3407,0.624390,0.102234,-0.058167,0.772217,7.764,72.5,-1
1782768399.567,3704,831609,0,0.00000000,0.00000000,0.00,0,0,0.14,-0.043,0.0000,0.6370,1.3230,1.4684,0.624390,0.102234,-0.058167,0.772217,7.760,73.8,-1
1782768399.770,3705,831837,0,0.00000000,0.00000000,0.00,0,0,0.27,0.712,0.4410,0.6370,2.1070,2.2449,0.624390,0.102234,-0.058167,0.772217,7.761,71.2,-1
1782768400.037,3706,832059,0,0.00000000,0.00000000,0.00,0,0,0.14,-0.393,0.5390,0.2940,2.1560,2.2417,0.624390,0.102234,-0.058167,0.772217,7.762,71.2,-1
1782768400.224,3707,832287,0,0.00000000,0.00000000,0.00,0,0,0.11,-0.156,0.3920,1.1760,1.1270,1.6753,0.624390,0.102234,-0.058167,0.772217,7.761,75.0,-1
1782768400.472,3708,832506,0,0.00000000,0.00000000,0.00,0,0,0.06,-0.331,0.2450,0.4410,1.4210,1.5079,0.624390,0.102173,-0.058105,0.772217,7.759,78.8,-1
1782768400.659,3709,832729,0,0.00000000,0.00000000,0.00,0,0,0.20,0.454,0.4410,0.4900,1.6170,1.7462,0.624390,0.102234,-0.058167,0.772217,7.761,70.0,-1
1782768400.906,3710,832951,0,0.00000000,0.00000000,0.00,0,0,0.17,0.033,0.3430,0.9800,1.3230,1.6818,0.624390,0.102234,-0.058105,0.772217,7.762,71.2,-1
1782768401.093,3711,833172,0,0.00000000,0.00000000,0.00,0,0,-0.08,-0.986,0.3430,0.5390,1.9600,2.0615,0.624390,0.102417,-0.058044,0.772156,7.764,71.2,-1
1782768401.345,3712,833392,0,0.00000000,0.00000000,0.00,0,0,0.17,0.596,0.4900,0.5880,1.9600,2.1041,0.624390,0.102417,-0.058228,0.772156,7.764,68.8,-1
1782768401.534,3713,833599,0,0.00000000,0.00000000,0.00,0,0,0.07,-0.127,0.4410,0.8330,1.6170,1.8716,0.624329,0.102417,-0.058289,0.772217,7.760,75.0,-1
1782768401.783,3714,833821,0,0.00000000,0.00000000,0.00,0,0,0.01,-0.494,0.0490,0.8330,0.9800,1.2871,0.624451,0.102356,-0.058105,0.772156,7.762,71.2,-1
1782768401.985,3715,834041,0,0.00000000,0.00000000,0.00,0,0,0.06,-0.276,0.6370,1.5190,1.7640,2.4135,0.624390,0.102173,-0.058105,0.772217,7.761,73.8,-1
1782768402.235,3716,834261,0,0.00000000,0.00000000,0.00,0,0,-0.13,-0.732,0.7840,0.4900,1.8620,2.0789,0.624451,0.102173,-0.058105,0.772156,7.760,73.8,-1
1782768402.484,3717,834507,0,0.00000000,0.00000000,0.00,0,0,-0.10,-0.023,0.2940,0.2940,1.4210,1.4806,0.624451,0.102112,-0.058044,0.772217,7.761,73.8,-1
1782768402.670,3718,834731,0,0.00000000,0.00000000,0.00,0,0,-0.12,-0.406,0.4900,0.4900,1.8130,1.9409,0.624451,0.102173,-0.058044,0.772156,7.760,75.0,-1
1782768402.919,3719,834955,0,0.00000000,0.00000000,0.00,0,0,-0.13,-0.269,1.2250,-0.1470,1.5190,1.9569,0.624451,0.102234,-0.058044,0.772156,7.760,73.8,-1
1782768403.105,3720,835173,0,0.00000000,0.00000000,0.00,0,0,-0.05,0.036,0.0980,0.4900,0.6370,0.8096,0.624451,0.102295,-0.057983,0.772156,7.762,71.2,-1
1782768403.355,3721,835395,0,0.00000000,0.00000000,0.00,0,0,-0.10,-0.606,0.5390,1.6170,0.8330,1.8971,0.624451,0.102234,-0.057983,0.772156,7.765,72.5,-1
1782768403.555,3722,835616,0,0.00000000,0.00000000,0.00,0,0,-0.06,-0.466,-0.7350,1.5680,-0.5880,1.8288,0.624451,0.102112,-0.057983,0.772156,7.764,72.5,-1
1782768403.804,3723,835846,0,0.00000000,0.00000000,0.00,0,0,0.05,0.397,1.1760,0.9310,-0.2450,1.5198,0.624451,0.102051,-0.058044,0.772217,7.764,72.5,-1
1782768403.990,3724,836067,0,0.00000000,0.00000000,0.00,0,0,0.07,0.374,0.4900,0.6860,1.4210,1.6523,0.624451,0.101990,-0.057983,0.772217,7.764,71.2,-1
1782768404.240,3725,836285,0,0.00000000,0.00000000,0.00,0,0,0.03,-0.106,0.3920,0.5880,0.9310,1.1688,0.624390,0.101990,-0.058044,0.772217,7.762,73.8,-1
1782768404.443,3726,836504,0,0.00000000,0.00000000,0.00,0,0,0.06,0.280,0.2940,0.2940,0.8330,0.9310,0.624451,0.102051,-0.058105,0.772217,7.764,75.0,-1
1782768404.690,3727,836729,0,0.00000000,0.00000000,0.00,0,0,-0.02,-0.255,0.2450,0.6860,1.9600,2.0910,0.624451,0.102051,-0.058044,0.772217,7.765,68.8,-1
1782768404.874,3728,836951,0,0.00000000,0.00000000,0.00,0,0,0.06,0.164,0.1470,0.5880,1.1270,1.2796,0.624451,0.102112,-0.057861,0.772217,7.764,72.5,-1
1782768405.121,3729,837176,0,0.00000000,0.00000000,0.00,0,0,0.06,0.077,1.3230,-1.0290,1.1760,2.0475,0.624390,0.102173,-0.057800,0.772278,7.758,76.2,-1
1782768405.325,3730,837401,0,0.00000000,0.00000000,0.00,0,0,0.12,0.508,0.1960,0.6370,1.9110,2.0239,0.624451,0.101990,-0.057678,0.772217,7.762,75.0,-1
1782768405.575,3731,837622,0,0.00000000,0.00000000,0.00,0,0,0.10,-0.034,0.3920,0.3920,1.8130,1.8959,0.624390,0.102051,-0.057739,0.772217,7.760,76.2,-1
1782768405.824,3732,837848,0,0.00000000,0.00000000,0.00,0,0,0.14,0.012,0.4410,0.5390,1.4700,1.6266,0.624512,0.102173,-0.057861,0.772156,7.762,76.2,-1
1782768406.015,3733,838070,0,0.00000000,0.00000000,0.00,0,0,0.21,0.732,0.4410,0.4410,1.5190,1.6420,0.624451,0.102173,-0.057922,0.772156,7.761,73.8,-1
1782768406.264,3734,838295,0,0.00000000,0.00000000,0.00,0,0,0.12,0.039,0.3920,0.6370,1.2740,1.4773,0.624512,0.102112,-0.057922,0.772156,7.764,73.8,-1
1782768406.450,3735,838511,0,0.00000000,0.00000000,0.00,0,0,0.09,0.315,0.4900,0.5880,1.0290,1.2825,0.624512,0.102234,-0.057922,0.772156,7.764,77.5,-1
1782768406.698,3736,838733,0,0.00000000,0.00000000,0.00,0,0,-0.02,-0.216,0.0980,0.4900,1.5190,1.5991,0.624512,0.102234,-0.057983,0.772095,7.762,71.2,-1
1782768406.883,3737,838954,0,0.00000000,0.00000000,0.00,0,0,0.10,0.392,0.4410,0.3920,1.4700,1.5840,0.624512,0.102173,-0.057983,0.772156,7.764,72.5,-1
1782768407.102,3738,839172,0,0.00000000,0.00000000,0.00,0,0,0.03,-0.159,-0.0980,0.9310,0.8820,1.2862,0.624512,0.102173,-0.057983,0.772156,7.760,72.5,-1
1782768407.349,3739,839394,0,0.00000000,0.00000000,0.00,0,0,0.08,0.189,0.3920,0.7840,1.7640,1.9698,0.624512,0.102051,-0.058044,0.772156,7.762,72.5,-1
1782768407.536,3740,839606,0,0.00000000,0.00000000,0.00,0,0,0.20,0.619,-0.0980,0.5880,1.0290,1.1892,0.624512,0.101990,-0.058105,0.772156,7.764,71.2,-1
1782768407.786,3741,839824,0,0.00000000,0.00000000,0.00,0,0,0.16,0.054,-0.1960,1.2250,1.5680,1.9994,0.624573,0.102051,-0.057983,0.772095,7.759,76.2,-1
1782768407.990,3742,840046,0,0.00000000,0.00000000,0.00,0,0,0.22,0.261,0.4410,0.5390,2.1560,2.2657,0.624634,0.101990,-0.058044,0.772034,7.762,77.5,-1
1782768408.240,3743,840269,0,0.00000000,0.00000000,0.00,0,0,0.20,-0.097,0.7840,-0.5390,1.5680,1.8341,0.624512,0.102051,-0.057922,0.772156,7.761,77.5,-1
1782768408.489,3744,840514,0,0.00000000,0.00000000,0.00,0,0,0.24,0.165,0.1960,0.8330,1.2250,1.4943,0.624634,0.101990,-0.057922,0.772095,7.762,76.2,-1
1782768408.691,3745,840740,0,0.00000000,0.00000000,0.00,0,0,0.18,-0.097,0.2450,0.5390,1.3230,1.4494,0.624634,0.102173,-0.057983,0.772034,7.761,76.2,-1
1782768408.941,3746,840965,0,0.00000000,0.00000000,0.00,0,0,0.25,0.340,0.2450,0.2450,1.1760,1.2260,0.624634,0.102234,-0.057922,0.772034,7.759,85.0,-1
1782768409.142,3747,841189,0,0.00000000,0.00000000,0.00,0,0,0.21,-0.231,1.0780,0.0000,2.9890,3.1775,0.624573,0.102173,-0.057983,0.772095,7.761,76.2,-1
1782768409.343,3748,841412,0,0.00000000,0.00000000,0.00,0,0,0.18,0.041,0.3430,0.6370,1.2740,1.4651,0.624512,0.102295,-0.057983,0.772095,7.761,73.8,-1
1782768409.593,3749,841631,0,0.00000000,0.00000000,0.00,0,0,0.15,-0.314,0.6370,0.2940,1.8620,1.9898,0.624451,0.102478,-0.057922,0.772095,7.761,75.0,-1
1782768409.780,3750,841847,0,0.00000000,0.00000000,0.00,0,0,0.31,0.527,0.1470,0.8330,1.6660,1.8684,0.624390,0.102356,-0.057861,0.772217,7.759,81.2,-1
1782768410.044,3751,842069,0,0.00000000,0.00000000,0.00,0,0,0.36,0.409,-0.6860,1.4700,0.4900,1.6946,0.624390,0.102356,-0.057861,0.772217,7.760,76.2,-1
1782768410.232,3752,842290,0,0.00000000,0.00000000,0.00,0,0,0.28,0.095,0.7350,0.4900,2.4010,2.5583,0.624390,0.102356,-0.057861,0.772217,7.758,72.5,-1
1782768410.479,3753,842507,0,0.00000000,0.00000000,0.00,0,0,0.07,-0.928,0.2450,0.2450,1.2740,1.3203,0.624390,0.102356,-0.057800,0.772217,7.761,73.8,-1
1782768410.668,3754,842733,0,0.00000000,0.00000000,0.00,0,0,0.08,-0.274,0.1960,0.6860,2.3030,2.4110,0.624451,0.102295,-0.057617,0.772156,7.762,70.0,-1
1782768410.914,3755,842950,0,0.00000000,0.00000000,0.00,0,0,0.16,0.491,-0.0490,1.1760,1.4210,1.8452,0.624451,0.102234,-0.057617,0.772217,7.760,77.5,-1
1782768411.102,3756,843175,0,0.00000000,0.00000000,0.00,0,0,-0.04,-0.985,0.1470,0.3920,1.3720,1.4345,0.624451,0.102295,-0.057678,0.772156,7.764,75.0,-1
1782768411.352,3757,843375,0,0.00000000,0.00000000,0.00,0,0,0.13,0.899,0.4410,-0.1470,1.1760,1.2645,0.624512,0.102173,-0.057678,0.772156,7.761,73.8,-1
1782768411.554,3758,843592,0,0.00000000,0.00000000,0.00,0,0,0.24,0.558,0.4410,0.4410,1.3720,1.5071,0.624512,0.102234,-0.057739,0.772156,7.759,75.0,-1
1782768411.740,3759,843814,0,0.00000000,0.00000000,0.00,0,0,0.15,0.308,0.3430,0.2940,2.4990,2.5395,0.624451,0.102173,-0.057739,0.772217,7.761,73.8,-1
1782768411.985,3760,844035,0,0.00000000,0.00000000,0.00,0,0,0.07,0.165,0.1960,1.0290,0.8330,1.3383,0.624390,0.102112,-0.057800,0.772278,7.760,73.8,-1
1782768412.174,3761,844254,0,0.00000000,0.00000000,0.00,0,0,0.10,0.088,0.3430,0.4410,1.7640,1.8504,0.624512,0.101990,-0.057861,0.772156,7.760,77.5,-1
1782768412.422,3762,844498,0,0.00000000,0.00000000,0.00,0,0,0.06,-0.049,0.3920,-0.0490,1.1270,1.1942,0.624512,0.101868,-0.057922,0.772156,7.760,77.5,-1
1782768412.670,3763,844724,0,0.00000000,0.00000000,0.00,0,0,0.01,-0.124,0.3430,0.6860,1.5680,1.7455,0.624512,0.101929,-0.057922,0.772156,7.761,78.8,-1
1782768412.872,3764,844949,0,0.00000000,0.00000000,0.00,0,0,0.17,0.638,0.4900,0.7840,2.0090,2.2115,0.624512,0.101929,-0.057922,0.772156,7.764,75.0,-1
1782768413.120,3765,845177,0,0.00000000,0.00000000,0.00,0,0,0.04,-0.007,0.7840,0.3920,1.7640,1.9698,0.624512,0.101929,-0.057983,0.772156,7.759,75.0,-1
1782768413.320,3766,845399,0,0.00000000,0.00000000,0.00,0,0,0.07,0.196,0.7840,0.5390,1.7640,2.0042,0.624512,0.101990,-0.057983,0.772156,7.759,76.2,-1
1782768413.571,3767,845616,0,0.00000000,0.00000000,0.00,0,0,0.10,-0.027,0.1960,0.9310,1.1270,1.4749,0.624512,0.101929,-0.057922,0.772156,7.758,77.5,-1
1782768413.758,3768,845837,0,0.00000000,0.00000000,0.00,0,0,0.05,-0.354,0.7840,0.3430,2.1070,2.2741,0.624512,0.101929,-0.057922,0.772156,7.758,78.8,-1
1782768414.012,3769,846061,0,0.00000000,0.00000000,0.00,0,0,0.17,0.485,-0.4410,1.0780,0.0000,1.1647,0.624512,0.101990,-0.057983,0.772156,7.759,76.2,-1
1782768414.259,3770,846283,0,0.00000000,0.00000000,0.00,0,0,0.03,0.096,0.2450,0.2940,1.7150,1.7572,0.624512,0.102051,-0.057983,0.772156,7.761,76.2,-1
1782768414.459,3771,846527,0,0.00000000,0.00000000,0.00,0,0,0.06,0.049,0.0980,0.7840,0.7350,1.0791,0.624512,0.102051,-0.057922,0.772156,7.759,76.2,-1
1782768414.708,3772,846752,0,0.00000000,0.00000000,0.00,0,0,0.02,0.165,0.2940,0.5880,1.8130,1.9285,0.624512,0.102051,-0.057922,0.772156,7.761,70.0,-1
1782768414.895,3773,846970,0,0.00000000,0.00000000,0.00,0,0,0.13,0.364,0.3920,0.7350,1.4700,1.6896,0.624512,0.101990,-0.057983,0.772156,7.756,81.2,-1
1782768415.145,3774,847193,0,0.00000000,0.00000000,0.00,0,0,0.13,0.206,0.2940,0.7840,1.6660,1.8646,0.624512,0.101929,-0.058044,0.772156,7.760,72.5,-1
1782768415.332,3775,847413,0,0.00000000,0.00000000,0.00,0,0,0.10,-0.042,0.4410,0.5390,1.3720,1.5386,0.624512,0.101868,-0.058044,0.772156,7.762,71.2,-1
1782768415.582,3776,847633,0,0.00000000,0.00000000,0.00,0,0,0.11,-0.113,0.2940,0.6370,1.4210,1.5848,0.624512,0.101868,-0.058044,0.772156,7.762,70.0,-1
1782768415.833,3777,847854,0,0.00000000,0.00000000,0.00,0,0,0.02,-0.108,0.5390,0.1470,1.9110,1.9910,0.624512,0.101990,-0.058044,0.772156,7.764,71.2,-1
1782768416.018,3778,848073,0,0.00000000,0.00000000,0.00,0,0,0.02,-0.216,0.3920,0.3430,1.9600,2.0280,0.624512,0.102051,-0.058105,0.772156,7.761,71.2,-1
1782768416.269,3779,848293,0,0.00000000,0.00000000,0.00,0,0,0.17,0.486,0.2940,0.4900,1.6170,1.7150,0.624512,0.102051,-0.058044,0.772156,7.760,73.8,-1
1782768416.455,3780,848510,0,0.00000000,0.00000000,0.00,0,0,0.10,-0.244,-0.2450,1.1760,0.8330,1.4618,0.624512,0.102051,-0.058044,0.772156,7.760,75.0,-1
1782768416.702,3781,848736,0,0.00000000,0.00000000,0.00,0,0,0.19,0.188,0.1470,0.7840,1.0290,1.3020,0.624512,0.102051,-0.058044,0.772156,7.758,72.5,-1
1782768416.889,3782,848959,0,0.00000000,0.00000000,0.00,0,0,0.10,-0.455,0.3920,0.4410,1.1760,1.3157,0.624512,0.102051,-0.058044,0.772156,7.762,73.8,-1
1782768417.139,3783,849184,0,0.00000000,0.00000000,0.00,0,0,0.07,-0.190,0.0490,0.8330,1.3720,1.6058,0.624512,0.102112,-0.058105,0.772156,7.760,78.8,-1
1782768417.387,3784,849408,0,0.00000000,0.00000000,0.00,0,0,0.05,-0.596,0.0490,0.8820,0.8330,1.2142,0.624512,0.102112,-0.058044,0.772156,7.760,76.2,-1
1782768417.588,3785,849625,0,0.00000000,0.00000000,0.00,0,0,0.02,-0.091,0.0490,0.9310,1.7150,1.9520,0.624512,0.102112,-0.058044,0.772156,7.758,80.0,-1
1782768417.787,3786,849847,0,0.00000000,0.00000000,0.00,0,0,0.10,0.315,0.4410,0.4900,1.9110,2.0215,0.624512,0.102112,-0.058105,0.772156,7.759,80.0,-1
1782768417.987,3787,850068,0,0.00000000,0.00000000,0.00,0,0,-0.07,-0.728,0.6860,0.3430,2.0090,2.1504,0.624390,0.102783,-0.058105,0.772156,7.761,70.0,-1
1782768418.251,3788,850287,0,0.00000000,0.00000000,0.00,0,0,0.03,-0.156,-0.0980,0.4900,1.7640,1.8334,0.624451,0.102783,-0.058044,0.772095,7.756,78.8,-1
1782768418.434,3789,850502,0,0.00000000,0.00000000,0.00,0,0,0.07,0.050,0.0490,0.5390,1.4700,1.5665,0.624451,0.102600,-0.057983,0.772156,7.766,66.2,-1
1782768418.698,3790,850724,0,0.00000000,0.00000000,0.00,0,0,0.10,0.225,0.0490,0.2940,1.4700,1.4999,0.624512,0.102478,-0.057922,0.772095,7.761,72.5,-1
1782768418.886,3791,850953,0,0.00000000,0.00000000,0.00,0,0,0.09,0.039,0.2940,0.8330,2.9890,3.1168,0.624512,0.102600,-0.057983,0.772095,7.759,75.0,-1
1782768419.136,3792,851171,0,0.00000000,0.00000000,0.00,0,0,0.08,0.088,0.3920,0.6860,1.0780,1.3365,0.624390,0.102966,-0.058167,0.772095,7.760,77.5,-1
1782768419.323,3793,851390,0,0.00000000,0.00000000,0.00,0,0,0.14,0.197,0.3430,1.3230,2.0580,2.4705,0.624329,0.102844,-0.058044,0.772156,7.758,73.8,-1
1782768419.574,3794,851604,0,0.00000000,0.00000000,0.00,0,0,0.17,0.177,-0.1470,0.7350,1.5190,1.6939,0.624268,0.102844,-0.058105,0.772217,7.764,67.5,-1
1782768419.761,3795,851826,0,0.00000000,0.00000000,0.00,0,0,-0.02,-0.441,0.6370,0.1960,1.7640,1.8857,0.624390,0.102783,-0.058044,0.772156,7.762,68.8,-1
1782768419.966,3796,852046,0,0.00000000,0.00000000,0.00,0,0,-0.03,-0.196,0.5390,0.7350,1.0780,1.4117,0.624329,0.102722,-0.058105,0.772156,7.765,67.5,-1
1782768420.214,3797,852273,0,0.00000000,0.00000000,0.00,0,0,0.03,0.223,0.4410,0.2450,2.3030,2.3576,0.624390,0.102600,-0.058044,0.772156,7.758,75.0,-1
1782768420.463,3798,852519,0,0.00000000,0.00000000,0.00,0,0,0.13,0.685,-0.0490,0.7350,1.6660,1.8216,0.624329,0.102661,-0.058044,0.772217,7.760,73.8,-1
1782768420.712,3799,852746,0,0.00000000,0.00000000,0.00,0,0,0.10,0.209,0.1960,0.7840,1.9110,2.0748,0.624329,0.102539,-0.058105,0.772217,7.762,71.2,-1
1782768420.914,3800,852966,0,0.00000000,0.00000000,0.00,0,0,0.13,0.177,0.6860,0.4900,2.3030,2.4524,0.624329,0.102539,-0.058167,0.772217,7.762,72.5,-1
1782768421.161,3801,853185,0,0.00000000,0.00000000,0.00,0,0,0.10,0.129,0.6860,0.5390,1.5680,1.7944,0.624329,0.102539,-0.058228,0.772217,7.764,68.8,-1
1782768421.365,3802,853407,0,0.00000000,0.00000000,0.00,0,0,-0.03,-0.088,0.2940,0.0000,2.3520,2.3703,0.624329,0.102661,-0.058228,0.772217,7.762,71.2,-1
1782768421.554,3803,853628,0,0.00000000,0.00000000,0.00,0,0,0.02,-0.035,0.5390,0.0980,1.8620,1.9409,0.624329,0.102417,-0.058167,0.772217,7.764,70.0,-1
1782768421.817,3804,853846,0,0.00000000,0.00000000,0.00,0,0,0.16,0.702,0.3430,1.2250,1.4210,1.9072,0.624390,0.102173,-0.058167,0.772217,7.761,72.5,-1
1782768422.004,3805,854069,0,0.00000000,0.00000000,0.00,0,0,0.18,0.168,-0.1470,0.3430,0.9310,1.0030,0.624329,0.102173,-0.058044,0.772217,7.764,70.0,-1
1782768422.250,3806,854290,0,0.00000000,0.00000000,0.00,0,0,0.21,0.021,-0.9800,1.7640,-1.2740,2.3865,0.624390,0.101990,-0.057983,0.772278,7.762,70.0,-1
1782768422.437,3807,854506,0,0.00000000,0.00000000,0.00,0,0,0.06,-0.812,0.3920,0.3920,1.7150,1.8024,0.624390,0.102112,-0.057922,0.772278,7.761,72.5,-1
1782768422.700,3808,854729,0,0.00000000,0.00000000,0.00,0,0,0.07,-0.195,0.1470,1.0780,0.9800,1.4643,0.624390,0.102234,-0.057922,0.772217,7.764,75.0,-1
1782768422.902,3809,854951,0,0.00000000,0.00000000,0.00,0,0,0.08,-0.183,0.8330,0.0000,0.8820,1.2132,0.624329,0.102295,-0.058044,0.772217,7.761,70.0,-1
1782768423.090,3810,855169,0,0.00000000,0.00000000,0.00,0,0,0.22,0.664,0.4410,0.5880,2.2050,2.3243,0.624329,0.102295,-0.058167,0.772278,7.762,76.2,-1
1782768423.355,3811,855392,0,0.00000000,0.00000000,0.00,0,0,0.11,-0.026,0.5390,0.3430,2.0580,2.1549,0.624390,0.102295,-0.058105,0.772217,7.764,70.0,-1
1782768423.541,3812,855608,0,0.00000000,0.00000000,0.00,0,0,0.22,0.588,0.9310,0.4900,2.6950,2.8931,0.624390,0.102356,-0.058044,0.772217,7.760,75.0,-1
1782768423.791,3813,855833,0,0.00000000,0.00000000,0.00,0,0,0.11,-0.196,1.1270,-0.5880,2.5480,2.8475,0.624268,0.102356,-0.058044,0.772278,7.761,70.0,-1
1782768423.996,3814,856055,0,0.00000000,0.00000000,0.00,0,0,0.02,-0.342,0.3430,0.8820,1.5190,1.7897,0.624329,0.102356,-0.057983,0.772278,7.761,72.5,-1
1782768424.196,3815,856277,0,0.00000000,0.00000000,0.00,0,0,0.09,0.098,0.3430,0.6370,1.4210,1.5946,0.624329,0.102417,-0.057983,0.772278,7.764,70.0,-1
1782768424.510,3816,856529,0,0.00000000,0.00000000,0.00,0,0,0.16,0.303,1.0780,0.1960,2.3520,2.5947,0.624329,0.102417,-0.058044,0.772278,7.761,76.2,-1
1782768424.696,3817,856755,0,0.00000000,0.00000000,0.00,0,0,0.16,0.243,0.4410,0.6370,1.0780,1.3275,0.624329,0.102356,-0.058044,0.772278,7.762,72.5,-1
1782768424.900,3818,856976,0,0.00000000,0.00000000,0.00,0,0,0.21,0.402,0.5880,0.3920,1.6170,1.7647,0.624329,0.102356,-0.058105,0.772278,7.764,71.2,-1
1782768425.149,3819,857196,0,0.00000000,0.00000000,0.00,0,0,0.21,0.706,0.0490,0.4410,1.3720,1.4420,0.624329,0.102295,-0.058105,0.772278,7.764,72.5,-1
1782768425.335,3820,857414,0,0.00000000,0.00000000,0.00,0,0,0.07,-0.607,0.2450,0.3430,1.2250,1.2955,0.624329,0.102295,-0.058105,0.772278,7.759,78.8,-1
1782768425.599,3821,857628,0,0.00000000,0.00000000,0.00,0,0,0.02,-0.234,-0.0490,0.4410,-0.0490,0.4464,0.624329,0.102295,-0.058105,0.772278,7.761,76.2,-1
1782768425.784,3822,857849,0,0.00000000,0.00000000,0.00,0,0,0.06,-0.085,-0.1960,0.5880,1.4210,1.5503,0.624329,0.102295,-0.058105,0.772278,7.760,73.8,-1
1782768425.987,3823,858066,0,0.00000000,0.00000000,0.00,0,0,0.20,0.507,0.0490,0.6860,1.2740,1.4478,0.624329,0.102295,-0.058105,0.772278,7.759,72.5,-1
1782768426.238,3824,858286,0,0.00000000,0.00000000,0.00,0,0,0.22,0.029,0.5390,0.1960,1.5680,1.6696,0.624329,0.102356,-0.058167,0.772278,7.759,75.0,-1
1782768426.424,3825,858502,0,0.00000000,0.00000000,0.00,0,0,0.16,-0.053,0.5390,0.2450,2.1560,2.2358,0.624329,0.102356,-0.058105,0.772278,7.761,73.8,-1
1782768426.673,3826,858728,0,0.00000000,0.00000000,0.00,0,0,0.14,-0.021,0.0490,0.6860,1.6170,1.7572,0.624329,0.102417,-0.058044,0.772278,7.760,77.5,-1
1782768426.920,3827,858949,0,0.00000000,0.00000000,0.00,0,0,0.07,-0.123,0.0000,1.1270,1.1270,1.5938,0.624329,0.102417,-0.057983,0.772278,7.759,77.5,-1
1782768427.107,3828,859170,0,0.00000000,0.00000000,0.00,0,0,0.21,0.633,-0.2450,1.8620,2.6950,3.2848,0.624329,0.102417,-0.058044,0.772278,7.761,77.5,-1
1782768427.313,3829,859391,0,0.00000000,0.00000000,0.00,0,0,0.25,0.441,0.3920,0.4410,1.4700,1.5840,0.624329,0.102356,-0.058105,0.772278,7.761,76.2,-1
1782768427.563,3830,859607,0,0.00000000,0.00000000,0.00,0,0,0.05,-0.709,0.9800,0.3920,2.3030,2.5334,0.624329,0.102356,-0.058105,0.772278,7.762,71.2,-1
1782768427.761,3831,859833,0,0.00000000,0.00000000,0.00,0,0,0.18,0.439,1.0290,-1.0780,2.5480,2.9518,0.624329,0.102295,-0.058167,0.772278,7.762,76.2,-1
1782768428.024,3832,860060,0,0.00000000,0.00000000,0.00,0,0,0.19,0.267,0.3430,0.1960,1.4210,1.4749,0.624268,0.102234,-0.058228,0.772278,7.759,76.2,-1
1782768428.209,3833,860281,0,0.00000000,0.00000000,0.00,0,0,0.12,-0.288,0.3430,0.2450,1.4210,1.4822,0.624268,0.102173,-0.058289,0.772278,7.760,73.8,-1
1782768428.457,3834,860527,0,0.00000000,0.00000000,0.00,0,0,0.34,0.441,0.3920,0.3920,1.4700,1.5711,0.624268,0.102234,-0.058228,0.772278,7.761,77.5,-1
1782768428.708,3835,860755,0,0.00000000,0.00000000,0.00,0,0,0.18,-0.590,0.0980,0.5390,0.6860,0.8779,0.624268,0.102234,-0.058228,0.772278,7.759,73.8,-1
1782768428.955,3836,860975,0,0.00000000,0.00000000,0.00,0,0,0.20,-0.110,0.2450,0.7350,0.9310,1.2112,0.624268,0.102234,-0.058228,0.772278,7.761,81.2,-1
1782768429.145,3837,861198,0,0.00000000,0.00000000,0.00,0,0,0.07,-0.622,0.7350,0.7840,1.6170,1.9415,0.624268,0.102234,-0.058167,0.772278,7.760,75.0,-1
1782768429.394,3838,861422,0,0.00000000,0.00000000,0.00,0,0,0.13,-0.231,0.8820,0.2940,1.6170,1.8652,0.624268,0.102234,-0.058167,0.772278,7.762,77.5,-1
1782768429.578,3839,861643,0,0.00000000,0.00000000,0.00,0,0,0.11,-0.110,0.0490,0.3920,1.0780,1.1481,0.624268,0.102234,-0.058167,0.772278,7.764,72.5,-1
1782768429.827,3840,861867,0,0.00000000,0.00000000,0.00,0,0,0.13,-0.045,0.4900,0.0000,0.6860,0.8430,0.624268,0.102295,-0.058167,0.772278,7.765,71.2,-1
1782768430.015,3841,862085,0,0.00000000,0.00000000,0.00,0,0,0.20,0.041,-0.3920,0.9310,1.5190,1.8242,0.624268,0.102295,-0.058167,0.772278,7.760,75.0,-1
1782768430.266,3842,862305,0,0.00000000,0.00000000,0.00,0,0,0.05,-0.777,0.0980,0.9310,1.8620,2.0841,0.624268,0.102234,-0.058167,0.772278,7.761,72.5,-1
1782768430.455,3843,862519,0,0.00000000,0.00000000,0.00,0,0,0.16,0.266,0.2940,0.8820,1.9110,2.1252,0.624268,0.102234,-0.058167,0.772278,7.760,71.2,-1
1782768430.707,3844,862742,0,0.00000000,0.00000000,0.00,0,0,0.18,0.040,0.3920,0.7350,1.2250,1.4814,0.624268,0.102295,-0.058167,0.772278,7.761,71.2,-1
1782768430.895,3845,862970,0,0.00000000,0.00000000,0.00,0,0,0.10,-0.166,0.2450,0.7350,2.0580,2.1990,0.624268,0.102295,-0.058228,0.772278,7.761,72.5,-1
1782768431.145,3846,863190,0,0.00000000,0.00000000,0.00,0,0,0.17,0.239,-0.3430,1.6170,0.8330,1.8510,0.624268,0.102295,-0.058228,0.772278,7.761,70.0,-1
1782768431.331,3847,863410,0,0.00000000,0.00000000,0.00,0,0,0.06,-0.697,-0.1470,1.1760,1.9600,2.2905,0.624268,0.102295,-0.058228,0.772278,7.764,71.2,-1
1782768431.581,3848,863628,0,0.00000000,0.00000000,0.00,0,0,0.17,0.062,0.2940,1.1760,1.3720,1.8308,0.624268,0.102295,-0.058228,0.772278,7.762,73.8,-1
1782768431.830,3849,863853,0,0.00000000,0.00000000,0.00,0,0,0.05,-0.458,0.7350,1.1270,1.5680,2.0662,0.624268,0.102295,-0.058289,0.772278,7.762,70.0,-1
1782768432.034,3850,864070,0,0.00000000,0.00000000,0.00,0,0,0.08,-0.002,-0.0980,0.3920,0.0490,0.4070,0.624268,0.102356,-0.058350,0.772278,7.762,72.5,-1
1782768432.236,3851,864298,0,0.00000000,0.00000000,0.00,0,0,0.16,-0.032,0.3920,1.0290,-0.0980,1.1055,0.624268,0.102356,-0.058289,0.772278,7.759,75.0,-1
1782768432.437,3852,864510,0,0.00000000,0.00000000,0.00,0,0,0.07,-0.559,0.3430,0.9310,1.6170,1.8971,0.624268,0.102356,-0.058289,0.772278,7.762,73.8,-1
1782768432.687,3853,864734,0,0.00000000,0.00000000,0.00,0,0,0.12,0.145,0.1470,0.8820,1.1760,1.4773,0.624268,0.102356,-0.058228,0.772278,7.762,73.8,-1
1782768432.889,3854,864954,0,0.00000000,0.00000000,0.00,0,0,0.13,0.357,0.1960,0.6860,1.6660,1.8123,0.624268,0.102356,-0.058228,0.772278,7.759,72.5,-1
1782768433.138,3855,865176,0,0.00000000,0.00000000,0.00,0,0,0.12,-0.005,-0.0490,0.5390,1.4210,1.5206,0.624268,0.102417,-0.058289,0.772278,7.759,76.2,-1
1782768433.342,3856,865404,0,0.00000000,0.00000000,0.00,0,0,0.04,-0.443,0.7350,0.4900,1.3230,1.5908,0.624268,0.102356,-0.058228,0.772278,7.759,76.2,-1
1782768433.592,3857,865622,0,0.00000000,0.00000000,0.00,0,0,0.08,-0.009,0.2940,0.2450,1.6660,1.7094,0.624268,0.102417,-0.058289,0.772278,7.761,75.0,-1
1782768433.779,3858,865846,0,0.00000000,0.00000000,0.00,0,0,0.27,1.016,0.4900,0.3920,2.0580,2.1515,0.624268,0.102417,-0.058289,0.772278,7.759,75.0,-1
1782768434.028,3859,866071,0,0.00000000,0.00000000,0.00,0,0,0.13,0.018,0.0980,1.0290,1.5190,1.8373,0.624268,0.102417,-0.058350,0.772278,7.759,77.5,-1
1782768434.218,3860,866298,0,0.00000000,0.00000000,0.00,0,0,0.10,-0.168,0.1470,0.7350,1.5680,1.7379,0.624329,0.102478,-0.058411,0.772217,7.759,73.8,-1
1782768434.468,3861,866509,0,0.00000000,0.00000000,0.00,0,0,0.11,0.054,-0.7350,1.7150,0.9310,2.0852,0.623657,0.105164,-0.058899,0.772339,7.759,78.8,-1
1782768434.655,3862,866737,0,0.00000000,0.00000000,0.00,0,0,0.02,-0.200,0.0980,0.6370,1.0780,1.2560,0.637268,0.109558,-0.064148,0.760132,7.751,73.8,-1
1782768434.904,3863,866959,0,0.00000000,0.00000000,0.00,0,0,0.16,0.432,0.2450,0.4900,1.2740,1.3868,0.662292,0.117126,-0.088806,0.734680,7.755,72.5,-1
1782768435.154,3864,867180,0,0.00000000,0.00000000,0.00,0,0,0.12,-0.055,0.2450,0.6370,2.0090,2.1218,0.662659,0.113159,-0.084106,0.735535,7.760,72.5,-1
1782768435.341,3865,867399,0,0.00000000,0.00000000,0.00,0,0,-0.01,-0.443,0.4410,0.6370,1.3720,1.5756,0.662842,0.112244,-0.082703,0.735657,7.754,73.8,-1
1782768435.590,3866,867613,0,0.00000000,0.00000000,0.00,0,0,-0.09,-0.215,0.3920,0.5390,1.4700,1.6140,0.662842,0.112305,-0.082581,0.735657,7.755,76.2,-1
1782768435.775,3867,867839,0,0.00000000,0.00000000,0.00,0,0,-0.08,0.005,0.1960,0.4410,1.3720,1.4544,0.666382,0.073669,-0.040955,0.740784,7.751,73.8,-1
1782768436.024,3868,868059,0,0.00000000,0.00000000,0.00,0,0,-0.07,-0.456,0.3920,0.1960,1.2740,1.3473,0.665588,0.073792,-0.040710,0.741577,7.753,82.5,-1
1782768436.211,3869,868282,0,0.00000000,0.00000000,0.00,0,0,-0.08,-0.282,0.1470,0.5880,2.3030,2.3814,0.665588,0.073914,-0.040588,0.741577,7.756,67.5,-1
1782768436.462,3870,868523,0,0.00000000,0.00000000,0.00,0,0,0.01,0.333,0.3920,0.3920,1.7640,1.8491,0.665588,0.074036,-0.040588,0.741577,7.756,75.0,-1
1782768436.713,3871,868743,0,0.00000000,0.00000000,0.00,0,0,-0.06,-0.542,0.7350,0.7840,0.8330,1.3597,0.684509,0.074097,-0.041992,0.724060,7.756,72.5,-1
1782768436.900,3872,868964,0,0.00000000,0.00000000,0.00,0,0,-0.01,-0.177,0.5880,0.5390,1.7640,1.9360,0.703857,0.100037,-0.049805,0.701538,7.753,75.0,-1
1782768437.147,3873,869186,0,0.00000000,0.00000000,0.00,0,0,-0.02,-0.194,0.3430,0.4410,1.4700,1.5726,0.687195,0.069214,-0.066772,0.720093,7.751,76.2,-1
1782768437.334,3874,869408,0,0.00000000,0.00000000,0.00,0,0,0.01,-0.165,-0.0490,0.3920,1.9600,1.9994,0.692627,0.070923,-0.045837,0.716370,7.756,77.5,-1
1782768437.583,3875,869625,0,0.00000000,0.00000000,0.00,0,0,0.04,-0.059,0.3920,0.5880,1.4700,1.6310,0.697510,0.069580,-0.047607,0.711609,7.754,72.5,-1
1782768437.770,3876,869841,0,0.00000000,0.00000000,0.00,0,0,0.01,-0.330,0.0980,0.4900,1.6660,1.7393,0.697449,0.070007,-0.048340,0.711609,7.755,72.5,-1
1782768438.016,3877,870065,0,0.00000000,0.00000000,0.00,0,0,0.06,0.094,0.5880,0.4900,1.4210,1.6140,0.697510,0.069763,-0.047241,0.711609,7.751,76.2,-1
1782768438.263,3878,870283,0,0.00000000,0.00000000,0.00,0,0,-0.05,-0.517,0.0980,0.2940,1.7640,1.7910,0.697571,0.069458,-0.046204,0.711670,7.750,81.2,-1
1782768438.450,3879,870500,0,0.00000000,0.00000000,0.00,0,0,-0.16,-0.622,0.2450,0.3920,1.8130,1.8710,0.697571,0.069275,-0.045349,0.711731,7.749,73.8,-1
1782768438.697,3880,870725,0,0.00000000,0.00000000,0.00,0,0,-0.14,0.036,0.0000,0.7350,1.3230,1.5135,0.697815,0.069092,-0.044434,0.711548,7.750,75.0,-1
1782768438.885,3881,870945,0,0.00000000,0.00000000,0.00,0,0,0.03,0.836,0.4410,0.3430,1.2250,1.3464,0.697876,0.068970,-0.043945,0.711548,7.751,76.2,-1
1782768439.088,3882,871166,0,0.00000000,0.00000000,0.00,0,0,-0.08,-0.617,0.4900,0.4900,1.4700,1.6251,0.697815,0.068970,-0.043640,0.711609,7.751,81.2,-1
1782768439.337,3883,871390,0,0.00000000,0.00000000,0.00,0,0,-0.04,-0.037,0.0000,0.6370,2.2540,2.3423,0.697876,0.068909,-0.043335,0.711609,7.754,75.0,-1
1782768439.583,3884,871605,0,0.00000000,0.00000000,0.00,0,0,-0.02,0.057,0.3920,0.2450,1.3230,1.4014,0.697876,0.068848,-0.043152,0.711548,7.753,75.0,-1
1782768439.771,3885,871830,0,0.00000000,0.00000000,0.00,0,0,0.05,0.469,0.3430,0.5390,1.5190,1.6479,0.697937,0.068848,-0.042969,0.711548,7.755,73.8,-1
1782768440.019,3886,872050,0,0.00000000,0.00000000,0.00,0,0,0.02,0.217,0.0980,0.7350,1.7640,1.9135,0.697937,0.068787,-0.042847,0.711548,7.759,70.0,-1
1782768440.204,3887,872271,0,0.00000000,0.00000000,0.00,0,0,0.08,0.400,-0.3430,2.1070,0.0980,2.1370,0.697937,0.068787,-0.042786,0.711548,7.758,72.5,-1
1782768440.453,3888,872511,0,0.00000000,0.00000000,0.00,0,0,0.25,1.104,1.3720,-0.2940,3.3320,3.6154,0.697876,0.068848,-0.042664,0.711609,7.756,75.0,-1
1782768440.657,3889,872733,0,0.00000000,0.00000000,0.00,0,0,0.10,-0.251,0.4900,0.0490,2.1070,2.1638,0.697876,0.068787,-0.042725,0.711609,7.758,72.5,-1
1782768440.904,3890,872959,0,0.00000000,0.00000000,0.00,0,0,0.04,-0.234,0.1960,0.7350,1.8130,1.9661,0.697937,0.068726,-0.042603,0.711609,7.754,75.0,-1
1782768441.154,3891,873184,0,0.00000000,0.00000000,0.00,0,0,0.05,0.048,0.6860,0.7840,1.7640,2.0486,0.697937,0.068787,-0.042603,0.711548,7.758,73.8,-1
1782768441.341,3892,873406,0,0.00000000,0.00000000,0.00,0,0,0.19,0.550,0.2450,0.9310,1.3230,1.6362,0.697937,0.068787,-0.042603,0.711609,7.760,71.2,-1
1782768441.590,3893,873624,0,0.00000000,0.00000000,0.00,0,0,0.12,0.004,0.0000,1.0290,1.4210,1.7544,0.697937,0.068787,-0.042542,0.711609,7.756,72.5,-1
1782768441.777,3894,873851,0,0.00000000,0.00000000,0.00,0,0,0.16,0.591,0.0980,0.8330,1.6660,1.8652,0.697937,0.068787,-0.042480,0.711609,7.756,73.8,-1
1782768442.027,3895,874075,0,0.00000000,0.00000000,0.00,0,0,0.25,0.489,-0.0980,1.2740,1.1760,1.7366,0.697937,0.068787,-0.042480,0.711609,7.758,70.0,-1
1782768442.277,3896,874297,0,0.00000000,0.00000000,0.00,0,0,0.18,-0.315,0.2940,0.7840,1.0780,1.3650,0.697937,0.068787,-0.042480,0.711609,7.758,68.8,-1
1782768442.462,3897,874516,0,0.00000000,0.00000000,0.00,0,0,0.18,-0.132,0.2450,0.7350,1.4700,1.6617,0.697937,0.068726,-0.042419,0.711609,7.758,70.0,-1
1782768442.664,3898,874734,0,0.00000000,0.00000000,0.00,0,0,0.26,0.061,0.3430,0.2450,1.8620,1.9091,0.697937,0.068726,-0.042480,0.711609,7.753,73.8,-1
1782768442.912,3899,874956,0,0.00000000,0.00000000,0.00,0,0,0.24,-0.095,0.7840,1.5680,0.9800,2.0084,0.697937,0.068726,-0.042480,0.711609,7.756,71.2,-1
1782768443.098,3900,875177,0,0.00000000,0.00000000,0.00,0,0,0.21,-0.373,0.2940,0.4410,0.9310,1.0713,0.697937,0.068726,-0.042419,0.711609,7.755,70.0,-1
1782768443.348,3901,875395,0,0.00000000,0.00000000,0.00,0,0,0.19,-0.248,0.4900,0.6860,1.8620,2.0440,0.697937,0.068665,-0.042419,0.711609,7.755,73.8,-1
1782768443.535,3902,875610,0,0.00000000,0.00000000,0.00,0,0,0.32,0.265,0.0980,1.0780,2.7440,2.9498,0.697937,0.068726,-0.042480,0.711609,7.758,72.5,-1
1782768443.782,3903,875833,0,0.00000000,0.00000000,0.00,0,0,0.15,-0.258,0.2450,0.5880,1.4700,1.6021,0.697937,0.068726,-0.042480,0.711609,7.758,76.2,-1
1782768444.031,3904,876057,0,0.00000000,0.00000000,0.00,0,0,0.27,0.095,0.2450,0.5390,1.6170,1.7220,0.697937,0.068726,-0.042480,0.711609,7.758,72.5,-1
1782768444.219,3905,876278,0,0.00000000,0.00000000,0.00,0,0,0.18,-0.426,0.2450,0.9800,1.4700,1.7836,0.697937,0.068726,-0.042358,0.711609,7.758,68.8,-1
1782768444.466,3906,876523,0,0.00000000,0.00000000,0.00,0,0,0.21,0.036,0.7350,1.4700,2.0090,2.5956,0.697937,0.068726,-0.042297,0.711609,7.756,70.0,-1
1782768444.716,3907,876748,0,0.00000000,0.00000000,0.00,0,0,0.22,0.026,0.7840,1.0780,2.1560,2.5348,0.697937,0.068665,-0.042236,0.711609,7.754,78.8,-1
1782768444.904,3908,876971,0,0.00000000,0.00000000,0.00,0,0,0.25,0.333,0.2940,0.9310,1.4210,1.7241,0.697937,0.068604,-0.042297,0.711609,7.753,81.2,-1
1782768445.155,3909,877192,0,0.00000000,0.00000000,0.00,0,0,0.22,0.142,0.2940,1.2740,1.2250,1.7917,0.697937,0.068604,-0.042297,0.711609,7.756,75.0,-1
1782768445.341,3910,877412,0,0.00000000,0.00000000,0.00,0,0,0.18,-0.423,1.5680,0.0000,2.7440,3.1604,0.697937,0.068604,-0.042297,0.711609,7.755,76.2,-1
1782768445.590,3911,877624,0,0.00000000,0.00000000,0.00,0,0,0.21,0.276,0.1470,0.1960,1.6660,1.6839,0.697937,0.068481,-0.042358,0.711609,7.756,70.0,-1
1782768445.776,3912,877842,0,0.00000000,0.00000000,0.00,0,0,0.24,0.038,0.5880,0.3430,1.7640,1.8908,0.697937,0.068420,-0.042358,0.711609,7.756,71.2,-1
1782768446.025,3913,878065,0,0.00000000,0.00000000,0.00,0,0,0.19,-0.038,0.9800,0.4410,2.2050,2.4529,0.697937,0.068420,-0.042419,0.711609,7.756,70.0,-1
1782768446.211,3914,878283,0,0.00000000,0.00000000,0.00,0,0,0.22,-0.066,0.7840,0.3920,2.0090,2.1919,0.697937,0.068481,-0.042419,0.711609,7.755,72.5,-1
1782768446.461,3915,878493,0,0.00000000,0.00000000,0.00,0,0,0.12,-0.404,0.0980,0.3920,1.8130,1.8575,0.697937,0.068542,-0.042419,0.711609,7.755,78.8,-1
1782768446.648,3916,878695,0,0.00000000,0.00000000,0.00,0,0,0.15,-0.078,0.1470,0.6860,1.6660,1.8077,0.697937,0.068604,-0.042419,0.711609,7.755,71.2,-1
1782768446.836,3917,878914,0,0.00000000,0.00000000,0.00,0,0,0.07,-0.251,-0.0980,0.1470,1.0290,1.0441,0.697937,0.068604,-0.042480,0.711609,7.754,73.8,-1
1782768447.087,3918,879135,0,0.00000000,0.00000000,0.00,0,0,0.17,0.018,0.1960,0.5390,1.7150,1.8084,0.697937,0.068665,-0.042480,0.711609,7.753,77.5,-1
1782768447.336,3919,879358,0,0.00000000,0.00000000,0.00,0,0,0.25,0.285,0.1960,1.0780,2.1070,2.3749,0.697937,0.068604,-0.042419,0.711609,7.760,73.8,-1
1782768447.540,3920,879574,0,0.00000000,0.00000000,0.00,0,0,0.04,-1.295,0.0980,0.5390,1.8620,1.9409,0.697937,0.068604,-0.042419,0.711609,7.751,78.8,-1
1782768447.725,3921,879795,0,0.00000000,0.00000000,0.00,0,0,0.20,0.137,0.0000,1.2250,1.5190,1.9514,0.697937,0.068665,-0.042542,0.711609,7.753,81.2,-1
1782768447.992,3922,880016,0,0.00000000,0.00000000,0.00,0,0,0.18,0.304,0.1470,0.3920,1.9110,1.9563,0.697937,0.068665,-0.042542,0.711609,7.751,81.2,-1
1782768448.194,3923,880236,0,0.00000000,0.00000000,0.00,0,0,0.17,-0.278,0.2940,0.3430,1.4210,1.4911,0.697937,0.068665,-0.042542,0.711609,7.753,78.8,-1
1782768448.398,3924,880461,0,0.00000000,0.00000000,0.00,0,0,0.02,-1.030,1.0780,0.8820,0.9310,1.6753,0.697937,0.068665,-0.042542,0.711609,7.756,73.8,-1
1782768448.615,3925,880681,0,0.00000000,0.00000000,0.00,0,0,0.18,0.109,0.2940,0.5880,2.0090,2.1138,0.697937,0.068665,-0.042542,0.711609,7.758,75.0,-1
1782768448.864,3926,880904,0,0.00000000,0.00000000,0.00,0,0,0.03,-0.563,0.0490,0.6860,0.6370,0.9374,0.697937,0.068665,-0.042480,0.711609,7.753,77.5,-1
1782768449.051,3927,881130,0,0.00000000,0.00000000,0.00,0,0,0.11,-0.028,0.2940,0.4900,1.9600,2.0416,0.697937,0.068665,-0.042480,0.711609,7.754,73.8,-1
1782768449.299,3928,881353,0,0.00000000,0.00000000,0.00,0,0,0.15,-0.065,-0.0490,0.6860,1.2740,1.4478,0.697937,0.068665,-0.042480,0.711609,7.755,76.2,-1
1782768449.500,3929,881573,0,0.00000000,0.00000000,0.00,0,0,0.17,0.116,0.4410,0.5880,1.5680,1.7317,0.697937,0.068726,-0.042480,0.711609,7.754,75.0,-1
1782768449.766,3930,881798,0,0.00000000,0.00000000,0.00,0,0,0.25,0.501,0.8330,0.6370,1.6170,1.9273,0.697937,0.068726,-0.042480,0.711609,7.753,77.5,-1
1782768449.952,3931,882023,0,0.00000000,0.00000000,0.00,0,0,0.25,0.214,-0.3430,1.4210,0.9310,1.7331,0.697937,0.068726,-0.042542,0.711609,7.753,72.5,-1
1782768450.201,3932,882243,0,0.00000000,0.00000000,0.00,0,0,0.19,0.025,0.6860,0.2450,1.4210,1.5968,0.697937,0.068726,-0.042542,0.711609,7.751,76.2,-1
1782768450.390,3933,882464,0,0.00000000,0.00000000,0.00,0,0,0.10,-0.654,0.3920,0.7350,1.7150,1.9066,0.697937,0.068726,-0.042480,0.711609,7.755,80.0,-1
1782768450.638,3934,882675,0,0.00000000,0.00000000,0.00,0,0,0.10,-0.155,0.2450,0.4410,1.6170,1.6939,0.697937,0.068665,-0.042419,0.711609,7.755,73.8,-1
1782768450.828,3935,882897,0,0.00000000,0.00000000,0.00,0,0,0.17,0.115,0.3430,0.0000,1.1270,1.1780,0.697937,0.068665,-0.042419,0.711609,7.756,75.0,-1
1782768451.075,3936,883125,0,0.00000000,0.00000000,0.00,0,0,0.12,-0.295,0.3920,0.0980,1.7150,1.7620,0.697937,0.068665,-0.042542,0.711609,7.755,78.8,-1
1782768451.325,3937,883343,0,0.00000000,0.00000000,0.00,0,0,0.14,0.288,0.6370,1.0290,1.9600,2.3035,0.697937,0.068726,-0.042542,0.711609,7.750,77.5,-1
1782768451.514,3938,883561,0,0.00000000,0.00000000,0.00,0,0,0.10,-0.115,-0.0490,0.1960,1.7150,1.7269,0.697937,0.068726,-0.042542,0.711609,7.756,76.2,-1
1782768451.715,3939,883787,0,0.00000000,0.00000000,0.00,0,0,0.06,-0.172,0.9800,0.3430,2.5970,2.7969,0.697937,0.068665,-0.042419,0.711609,7.753,75.0,-1
1782768451.961,3940,884006,0,0.00000000,0.00000000,0.00,0,0,0.17,0.118,0.3430,0.5390,1.6660,1.7843,0.697937,0.068665,-0.042419,0.711609,7.750,76.2,-1
1782768452.165,3941,884227,0,0.00000000,0.00000000,0.00,0,0,0.20,-0.284,1.1270,0.3430,2.2540,2.5433,0.697937,0.068665,-0.042480,0.711609,7.751,77.5,-1
1782768452.417,3942,884449,0,0.00000000,0.00000000,0.00,0,0,0.27,0.312,0.8820,-0.3430,2.4990,2.6722,0.697937,0.068726,-0.042480,0.711609,7.751,73.8,-1
1782768452.604,3943,884667,0,0.00000000,0.00000000,0.00,0,0,0.16,-0.529,-0.0490,0.5390,1.2250,1.3392,0.697937,0.068726,-0.042480,0.711609,7.751,80.0,-1
1782768452.851,3944,884886,0,0.00000000,0.00000000,0.00,0,0,0.14,-0.332,0.5880,0.4900,0.7840,1.0957,0.697937,0.068665,-0.042419,0.711609,7.753,80.0,-1
1782768453.037,3945,885112,0,0.00000000,0.00000000,0.00,0,0,0.20,-0.041,1.2250,-0.0980,3.2340,3.4596,0.697937,0.068604,-0.042419,0.711609,7.751,76.2,-1
1782768453.288,3946,885340,0,0.00000000,0.00000000,0.00,0,0,0.22,0.143,0.0490,0.6370,1.1270,1.2955,0.697937,0.068665,-0.042419,0.711609,7.754,71.2,-1
1782768453.474,3947,885552,0,0.00000000,0.00000000,0.00,0,0,0.25,-0.153,0.3920,0.3920,1.3230,1.4345,0.697937,0.068665,-0.042419,0.711609,7.753,78.8,-1
1782768453.761,3948,885783,0,0.00000000,0.00000000,0.00,0,0,0.14,-0.501,0.3430,0.3920,1.3720,1.4675,0.697937,0.068665,-0.042419,0.711609,7.758,73.8,-1
1782768453.957,3949,886010,0,0.00000000,0.00000000,0.00,0,0,0.21,0.265,0.2450,0.5880,2.1560,2.2481,0.697937,0.068726,-0.042603,0.711609,7.749,78.8,-1
1782768454.203,3950,886232,0,0.00000000,0.00000000,0.00,0,0,0.28,0.283,-0.4410,1.7150,1.7150,2.4651,0.697937,0.068726,-0.042603,0.711609,7.753,80.0,-1
1782768454.388,3951,886452,0,0.00000000,0.00000000,0.00,0,0,0.22,0.134,0.6860,0.1470,1.5190,1.6732,0.697937,0.068726,-0.042603,0.711609,7.749,80.0,-1
1782768454.636,3952,886668,0,0.00000000,0.00000000,0.00,0,0,0.21,0.061,0.1470,0.4410,1.1270,1.2191,0.697937,0.068726,-0.042542,0.711609,7.753,75.0,-1
1782768454.824,3953,886895,0,0.00000000,0.00000000,0.00,0,0,0.25,0.773,-0.1470,0.4900,0.3920,0.6445,0.697937,0.068726,-0.042542,0.711609,7.754,73.8,-1
1782768455.076,3954,887095,0,0.00000000,0.00000000,0.00,0,0,0.23,0.357,0.1470,0.6860,1.4210,1.5848,0.697937,0.068726,-0.042542,0.711609,7.755,75.0,-1
1782768455.264,3955,887313,0,0.00000000,0.00000000,0.00,0,0,0.22,-0.169,0.1960,0.4900,2.0580,2.1246,0.697937,0.068726,-0.042542,0.711609,7.747,78.8,-1
1782768455.467,3956,887528,0,0.00000000,0.00000000,0.00,0,0,0.31,0.280,0.0000,0.3920,1.4700,1.5214,0.697937,0.068726,-0.042542,0.711609,7.754,73.8,-1
1782768455.715,3957,887753,0,0.00000000,0.00000000,0.00,0,0,0.31,0.240,0.5390,0.5880,1.1270,1.3807,0.697937,0.068726,-0.042480,0.711609,7.750,81.2,-1
1782768455.904,3958,887975,0,0.00000000,0.00000000,0.00,0,0,0.32,0.174,0.1960,0.5880,1.8620,1.9624,0.697937,0.068726,-0.042480,0.711609,7.749,76.2,-1
1782768456.152,3959,888195,0,0.00000000,0.00000000,0.00,0,0,0.24,-0.025,0.2940,0.4410,1.6660,1.7483,0.697937,0.068726,-0.042480,0.711609,7.753,77.5,-1
1782768456.339,3960,888417,0,0.00000000,0.00000000,0.00,0,0,0.18,-0.334,1.0780,0.2450,1.5190,1.8787,0.697937,0.068726,-0.042480,0.711609,7.755,76.2,-1
1782768456.590,3961,888632,0,0.00000000,0.00000000,0.00,0,0,0.33,0.374,0.4900,0.5390,1.1270,1.3419,0.697937,0.068726,-0.042480,0.711609,7.754,73.8,-1
1782768456.839,3962,888860,0,0.00000000,0.00000000,0.00,0,0,0.24,0.008,0.4900,1.0290,1.4700,1.8601,0.697937,0.068726,-0.042480,0.711609,7.754,77.5,-1
1782768457.025,3963,889082,0,0.00000000,0.00000000,0.00,0,0,0.39,0.089,-0.1470,0.9310,1.9110,2.1308,0.697937,0.068726,-0.042480,0.711609,7.755,75.0,-1
1782768457.275,3964,889308,0,0.00000000,0.00000000,0.00,0,0,0.28,-0.423,0.2940,0.5880,1.6660,1.7910,0.697937,0.068726,-0.042480,0.711609,7.754,73.8,-1
1782768457.462,3965,889524,0,0.00000000,0.00000000,0.00,0,0,0.28,-0.259,0.2940,0.5880,1.8620,1.9746,0.697937,0.068726,-0.042480,0.711609,7.754,76.2,-1
1782768457.711,3966,889749,0,0.00000000,0.00000000,0.00,0,0,0.26,-0.025,-0.0980,0.8330,1.8130,1.9976,0.697937,0.068665,-0.042480,0.711609,7.753,77.5,-1
1782768457.899,3967,889969,0,0.00000000,0.00000000,0.00,0,0,0.39,0.415,0.0980,0.5880,1.7640,1.8620,0.697937,0.068665,-0.042542,0.711609,7.750,81.2,-1
1782768458.162,3968,890189,0,0.00000000,0.00000000,0.00,0,0,0.33,0.118,0.4410,0.4410,1.4700,1.5968,0.697937,0.068665,-0.042542,0.711609,7.755,76.2,-1
1782768458.348,3969,890409,0,0.00000000,0.00000000,0.00,0,0,0.34,0.014,0.2940,0.3920,2.0580,2.1155,0.697937,0.068665,-0.042603,0.711609,7.755,76.2,-1
1782768458.598,3970,890621,0,0.00000000,0.00000000,0.00,0,0,0.37,0.157,0.3430,0.4410,1.4210,1.5269,0.697937,0.068665,-0.042664,0.711609,7.758,75.0,-1
1782768458.787,3971,890844,0,0.00000000,0.00000000,0.00,0,0,0.18,-0.745,-0.2940,0.9310,0.9800,1.3833,0.697937,0.068665,-0.042664,0.711609,7.755,71.2,-1
1782768459.038,3972,891071,0,0.00000000,0.00000000,0.00,0,0,0.33,0.268,0.5390,0.0490,1.6170,1.7052,0.697937,0.068726,-0.042664,0.711609,7.755,76.2,-1
1782768459.226,3973,891297,0,0.00000000,0.00000000,0.00,0,0,0.35,0.330,0.0000,0.0490,1.4210,1.4218,0.697937,0.068726,-0.042542,0.711609,7.755,77.5,-1
1782768459.475,3974,891516,0,0.00000000,0.00000000,0.00,0,0,0.29,0.081,0.1470,0.7350,1.5680,1.7379,0.697937,0.068665,-0.042480,0.711609,7.755,73.8,-1
1782768459.675,3975,891733,0,0.00000000,0.00000000,0.00,0,0,0.23,-0.110,0.2940,0.3430,0.9310,1.0348,0.697937,0.068665,-0.042480,0.711609,7.750,77.5,-1
1782768459.922,3976,891955,0,0.00000000,0.00000000,0.00,0,0,0.32,0.373,-0.2450,1.0290,0.0980,1.0623,0.697937,0.068604,-0.042419,0.711609,7.754,76.2,-1
1782768460.109,3977,892176,0,0.00000000,0.00000000,0.00,0,0,0.43,0.688,0.3430,0.3920,2.0090,2.0754,0.697937,0.068604,-0.042419,0.711609,7.755,75.0,-1
1782768460.358,3978,892395,0,0.00000000,0.00000000,0.00,0,0,0.42,0.381,0.2450,0.8820,1.8620,2.0748,0.697937,0.068665,-0.042419,0.711609,7.755,76.2,-1
1782768460.562,3979,892607,0,0.00000000,0.00000000,0.00,0,0,0.33,-0.500,0.3920,0.9310,0.6860,1.2211,0.697937,0.068665,-0.042419,0.711609,7.756,76.2,-1
1782768460.750,3980,892827,0,0.00000000,0.00000000,0.00,0,0,0.24,-0.225,-0.0490,0.2940,1.2740,1.3084,0.697937,0.068665,-0.042480,0.711609,7.755,76.2,-1
1782768460.997,3981,893047,0,0.00000000,0.00000000,0.00,0,0,0.26,0.036,0.0490,0.7840,1.2250,1.4552,0.697937,0.068726,-0.042480,0.711609,7.755,76.2,-1
1782768461.247,3982,893266,0,0.00000000,0.00000000,0.00,0,0,0.27,-0.072,0.5390,0.5880,1.6170,1.8030,0.697937,0.068726,-0.042542,0.711609,7.754,72.5,-1
1782768461.434,3983,893512,0,0.00000000,0.00000000,0.00,0,0,0.35,0.390,0.3920,-0.1960,1.3230,1.3937,0.697937,0.068726,-0.042542,0.711609,7.756,68.8,-1
1782768461.685,3984,893737,0,0.00000000,0.00000000,0.00,0,0,0.23,-0.031,0.3430,0.8820,1.8130,2.0451,0.697937,0.068726,-0.042542,0.711609,7.753,78.8,-1
1782768461.935,3985,893956,0,0.00000000,0.00000000,0.00,0,0,0.29,0.116,-0.6860,0.3430,1.9600,2.1047,0.697937,0.068726,-0.042542,0.711609,7.755,75.0,-1
1782768462.121,3986,894182,0,0.00000000,0.00000000,0.00,0,0,0.29,0.093,0.3920,0.4410,1.8130,1.9066,0.697937,0.068726,-0.042542,0.711609,7.756,76.2,-1
1782768462.367,3987,894402,0,0.00000000,0.00000000,0.00,0,0,0.30,0.297,0.2450,0.1470,1.5680,1.5938,0.697937,0.068726,-0.042542,0.711609,7.755,73.8,-1
1782768462.554,3988,894616,0,0.00000000,0.00000000,0.00,0,0,0.27,-0.183,0.0490,0.3430,1.4210,1.4626,0.697937,0.068726,-0.042542,0.711609,7.755,70.0,-1
1782768462.803,3989,894841,0,0.00000000,0.00000000,0.00,0,0,0.19,-0.309,0.4410,0.5880,1.9110,2.0475,0.697937,0.068665,-0.042542,0.711548,7.758,68.8,-1
1782768462.990,3990,895065,0,0.00000000,0.00000000,0.00,0,0,0.10,-0.477,0.0490,0.2450,2.3030,2.3165,0.697876,0.068726,-0.042542,0.711609,7.760,72.5,-1
1782768463.237,3991,895291,0,0.00000000,0.00000000,0.00,0,0,0.15,0.076,0.0490,0.7350,1.8130,1.9569,0.697876,0.068726,-0.042542,0.711670,7.750,80.0,-1
1782768463.486,3992,895505,0,0.00000000,0.00000000,0.00,0,0,0.29,0.523,0.1960,0.7350,1.4700,1.6552,0.697876,0.068787,-0.042603,0.711609,7.758,73.8,-1
1782768463.687,3993,895733,0,0.00000000,0.00000000,0.00,0,0,0.18,-0.261,0.1470,0.2940,1.1270,1.1740,0.697876,0.068787,-0.042542,0.711609,7.753,77.5,-1
1782768463.877,3994,895955,0,0.00000000,0.00000000,0.00,0,0,0.28,0.489,0.6370,0.4900,1.6170,1.8057,0.697876,0.068787,-0.042480,0.711609,7.755,70.0,-1
1782768464.125,3995,896173,0,0.00000000,0.00000000,0.00,0,0,0.12,-0.674,-0.4900,0.4410,1.8130,1.9291,0.697876,0.068787,-0.042480,0.711609,7.747,80.0,-1
1782768464.374,3996,896396,0,0.00000000,0.00000000,0.00,0,0,0.26,0.489,0.1960,0.7840,1.4700,1.6775,0.697876,0.068787,-0.042542,0.711609,7.754,75.0,-1
1782768464.562,3997,896607,0,0.00000000,0.00000000,0.00,0,0,0.26,0.334,0.0490,0.7350,1.3230,1.5143,0.697876,0.068787,-0.042542,0.711609,7.755,75.0,-1
1782768464.747,3998,896825,0,0.00000000,0.00000000,0.00,0,0,0.22,0.130,0.1960,0.6860,2.0090,2.1319,0.697876,0.068787,-0.042480,0.711609,7.755,75.0,-1
1782768464.995,3999,897048,0,0.00000000,0.00000000,0.00,0,0,0.28,0.502,0.1470,0.4410,1.7150,1.7769,0.697876,0.068726,-0.042480,0.711609,7.751,72.5,-1
1782768465.243,4000,897268,0,0.00000000,0.00000000,0.00,0,0,0.25,0.052,0.0980,0.6860,2.3030,2.4050,0.697876,0.068726,-0.042480,0.711609,7.754,75.0,-1
1782768465.445,4001,897512,0,0.00000000,0.00000000,0.00,0,0,0.21,0.058,0.5390,0.2450,2.0580,2.1415,0.697876,0.068726,-0.042480,0.711609,7.756,72.5,-1
1782768465.695,4002,897738,0,0.00000000,0.00000000,0.00,0,0,0.03,-0.720,0.3920,0.1960,1.3720,1.4403,0.697876,0.068726,-0.042480,0.711609,7.751,80.0,-1
1782768465.944,4003,897962,0,0.00000000,0.00000000,0.00,0,0,0.23,0.980,0.2940,0.3430,1.5680,1.6318,0.697876,0.068726,-0.042480,0.711609,7.753,75.0,-1
1782768466.131,4004,898190,0,0.00000000,0.00000000,0.00,0,0,0.22,0.485,0.0000,0.6860,1.2740,1.4470,0.697876,0.068726,-0.042480,0.711609,7.753,73.8,-1
1782768466.381,4005,898409,0,0.00000000,0.00000000,0.00,0,0,0.23,0.171,0.1470,0.3920,1.6660,1.7178,0.697876,0.068726,-0.042480,0.711609,7.753,75.0,-1
1782768466.569,4006,898622,0,0.00000000,0.00000000,0.00,0,0,0.32,-0.071,0.0000,0.7350,1.3230,1.5135,0.697876,0.068726,-0.042480,0.711609,7.754,72.5,-1
1782768466.820,4007,898843,0,0.00000000,0.00000000,0.00,0,0,0.14,-0.305,-0.0490,0.6370,1.0290,1.2112,0.697876,0.068787,-0.042542,0.711609,7.753,76.2,-1
1782768467.021,4008,899064,0,0.00000000,0.00000000,0.00,0,0,0.27,0.505,0.9310,-0.2450,3.2340,3.3742,0.697876,0.068787,-0.042542,0.711609,7.756,73.8,-1
1782768467.209,4009,899282,0,0.00000000,0.00000000,0.00,0,0,0.16,-0.571,0.1960,1.2250,0.7350,1.4420,0.697876,0.068787,-0.042542,0.711609,7.756,72.5,-1
1782768467.460,4010,899525,0,0.00000000,0.00000000,0.00,0,0,0.20,-0.102,0.5880,0.6860,1.9110,2.1138,0.697876,0.068726,-0.042542,0.711609,7.756,72.5,-1
1782768467.722,4011,899750,0,0.00000000,0.00000000,0.00,0,0,0.32,0.304,0.4900,0.2940,2.2050,2.2778,0.697876,0.068665,-0.042603,0.711609,7.756,72.5,-1
1782768467.910,4012,899975,0,0.00000000,0.00000000,0.00,0,0,0.27,0.048,0.2940,0.4900,0.7350,0.9310,0.697876,0.068665,-0.042603,0.711609,7.759,77.5,-1
1782768468.174,4013,900200,0,0.00000000,0.00000000,0.00,0,0,0.26,0.112,0.2450,0.8330,1.2250,1.5015,0.697876,0.068665,-0.042603,0.711609,7.758,72.5,-1
1782768468.359,4014,900424,0,0.00000000,0.00000000,0.00,0,0,0.24,-0.071,0.1470,0.7840,1.5190,1.7157,0.697876,0.068726,-0.042542,0.711609,7.754,72.5,-1
1782768468.566,4015,900637,0,0.00000000,0.00000000,0.00,0,0,0.19,-0.365,0.2940,0.3430,1.4210,1.4911,0.697876,0.068726,-0.042542,0.711609,7.755,70.0,-1
1782768468.809,4016,900837,0,0.00000000,0.00000000,0.00,0,0,0.15,-0.134,-0.4410,0.5880,1.2740,1.4708,0.697876,0.068726,-0.042542,0.711609,7.755,71.2,-1
1782768468.997,4017,901054,0,0.00000000,0.00000000,0.00,0,0,0.30,0.178,0.3430,0.7840,2.2540,2.4110,0.697876,0.068787,-0.042542,0.711609,7.758,72.5,-1
1782768469.261,4018,901278,0,0.00000000,0.00000000,0.00,0,0,0.31,0.366,0.0000,0.0000,1.3720,1.3720,0.697876,0.068787,-0.042603,0.711609,7.753,72.5,-1
1782768469.450,4019,901522,0,0.00000000,0.00000000,0.00,0,0,0.19,-0.467,-0.4900,1.4700,0.2940,1.5772,0.697876,0.068848,-0.042664,0.711609,7.753,75.0,-1
1782768469.700,4020,901749,0,0.00000000,0.00000000,0.00,0,0,0.10,-0.666,0.3920,0.7840,2.0090,2.1919,0.697876,0.068848,-0.042603,0.711609,7.753,75.0,-1
1782768469.948,4021,901972,0,0.00000000,0.00000000,0.00,0,0,0.24,0.454,0.3920,0.7840,0.8330,1.2092,0.697876,0.068848,-0.042603,0.711609,7.753,77.5,-1
1782768470.135,4022,902200,0,0.00000000,0.00000000,0.00,0,0,0.29,0.130,-0.1960,1.0780,2.0580,2.3315,0.697876,0.068787,-0.042542,0.711609,7.758,70.0,-1
1782768470.383,4023,902418,0,0.00000000,0.00000000,0.00,0,0,0.18,-0.568,0.1470,0.7840,0.6860,1.0521,0.697876,0.068787,-0.042542,0.711609,7.756,76.2,-1
1782768470.570,4024,902634,0,0.00000000,0.00000000,0.00,0,0,0.14,-0.452,0.3430,0.8330,2.0090,2.2017,0.697876,0.068726,-0.042542,0.711609,7.758,72.5,-1
1782768470.818,4025,902860,0,0.00000000,0.00000000,0.00,0,0,0.25,0.315,0.3430,0.6370,1.1760,1.3807,0.697876,0.068726,-0.042542,0.711609,7.756,72.5,-1
1782768471.005,4026,903083,0,0.00000000,0.00000000,0.00,0,0,0.12,0.067,2.0090,0.4900,2.0580,2.9175,0.697876,0.068665,-0.042603,0.711609,7.756,72.5,-1
1782768471.254,4027,903298,0,0.00000000,0.00000000,0.00,0,0,0.14,0.002,0.0000,0.7840,0.8820,1.1801,0.697876,0.068665,-0.042664,0.711609,7.755,75.0,-1
1782768471.441,4028,903515,0,0.00000000,0.00000000,0.00,0,0,0.20,-0.161,0.4900,0.5880,2.0580,2.1957,0.697876,0.068604,-0.042664,0.711609,7.758,68.8,-1
1782768471.708,4029,903732,0,0.00000000,0.00000000,0.00,0,0,0.16,-0.082,0.3430,0.2450,1.5680,1.6237,0.697876,0.068604,-0.042664,0.711609,7.758,72.5,-1
1782768471.896,4030,903951,0,0.00000000,0.00000000,0.00,0,0,0.27,0.373,-0.2450,1.1270,1.7640,2.1076,0.697876,0.068604,-0.042664,0.711670,7.755,76.2,-1
1782768472.143,4031,904172,0,0.00000000,0.00000000,0.00,0,0,0.17,-0.412,0.5390,0.5390,1.4700,1.6559,0.697876,0.068604,-0.042664,0.711609,7.756,77.5,-1
1782768472.330,4032,904396,0,0.00000000,0.00000000,0.00,0,0,0.13,-0.519,-0.0980,1.4210,1.3720,1.9777,0.697876,0.068665,-0.042603,0.711609,7.760,71.2,-1
1782768472.580,4033,904615,0,0.00000000,0.00000000,0.00,0,0,0.12,-0.284,1.1270,0.2940,2.1070,2.4075,0.697876,0.068665,-0.042603,0.711609,7.760,71.2,-1
1782768472.766,4034,904835,0,0.00000000,0.00000000,0.00,0,0,0.20,0.358,1.1270,0.3430,2.0580,2.3713,0.697876,0.068665,-0.042603,0.711609,7.759,72.5,-1
1782768473.016,4035,905055,0,0.00000000,0.00000000,0.00,0,0,0.13,-0.235,-0.3430,1.3720,0.0490,1.4151,0.697876,0.068665,-0.042603,0.711609,7.758,75.0,-1
1782768473.217,4036,905275,0,0.00000000,0.00000000,0.00,0,0,0.11,0.167,0.4410,0.9800,0.4900,1.1811,0.697876,0.068665,-0.042542,0.711609,7.758,76.2,-1
1782768473.466,4037,905521,0,0.00000000,0.00000000,0.00,0,0,0.16,0.186,1.3230,0.2450,2.6950,3.0122,0.697876,0.068665,-0.042603,0.711609,7.756,75.0,-1
1782768473.730,4038,905749,0,0.00000000,0.00000000,0.00,0,0,0.09,-0.035,0.3430,1.9110,1.1760,2.2699,0.697876,0.068604,-0.042664,0.711670,7.760,68.8,-1
1782768473.935,4039,905968,0,0.00000000,0.00000000,0.00,0,0,0.16,-0.000,1.2250,0.8820,1.9110,2.4353,0.697876,0.068542,-0.042664,0.711670,7.754,76.2,-1
1782768474.137,4040,906190,0,0.00000000,0.00000000,0.00,0,0,0.17,0.231,-0.1470,1.0290,0.2450,1.0679,0.697876,0.068542,-0.042664,0.711670,7.758,73.8,-1
1782768474.387,4041,906417,0,0.00000000,0.00000000,0.00,0,0,0.11,-0.191,0.2940,0.4410,2.2050,2.2678,0.697876,0.068604,-0.042664,0.711609,7.753,73.8,-1
1782768474.575,4042,906632,0,0.00000000,0.00000000,0.00,0,0,0.19,-0.048,0.0980,0.4900,2.0580,2.1178,0.697876,0.068665,-0.042603,0.711609,7.759,70.0,-1
1782768474.825,4043,906860,0,0.00000000,0.00000000,0.00,0,0,0.14,-0.145,0.4900,0.2940,2.0580,2.1359,0.697876,0.068665,-0.042603,0.711609,7.756,71.2,-1
1782768475.010,4044,907079,0,0.00000000,0.00000000,0.00,0,0,0.19,0.211,0.4900,0.5880,1.3720,1.5711,0.697876,0.068665,-0.042542,0.711609,7.756,80.0,-1
1782768475.259,4045,907303,0,0.00000000,0.00000000,0.00,0,0,0.15,-0.071,0.3920,1.4700,1.5190,2.1499,0.697876,0.068665,-0.042542,0.711609,7.758,72.5,-1
1782768475.444,4046,907519,0,0.00000000,0.00000000,0.00,0,0,0.24,0.540,0.1960,0.7350,2.0090,2.1482,0.697876,0.068665,-0.042480,0.711609,7.755,75.0,-1
1782768475.692,4047,907740,0,0.00000000,0.00000000,0.00,0,0,0.21,0.067,0.5390,0.6370,2.6950,2.8212,0.697876,0.068665,-0.042480,0.711609,7.753,77.5,-1
1782768475.941,4048,907959,0,0.00000000,0.00000000,0.00,0,0,0.22,0.143,0.1470,0.6860,1.0290,1.2454,0.697876,0.068665,-0.042480,0.711609,7.755,77.5,-1
1782768476.126,4049,908185,0,0.00000000,0.00000000,0.00,0,0,0.17,0.148,-0.1960,1.1760,1.4700,1.8927,0.697876,0.068665,-0.042480,0.711609,7.758,73.8,-1
1782768476.376,4050,908406,0,0.00000000,0.00000000,0.00,0,0,0.19,0.072,0.1960,0.8820,2.0090,2.2028,0.697876,0.068665,-0.042480,0.711609,7.756,71.2,-1
1782768476.580,4051,908624,0,0.00000000,0.00000000,0.00,0,0,0.15,0.145,0.2450,0.5880,1.8620,1.9679,0.697876,0.068665,-0.042480,0.711609,7.755,73.8,-1
1782768476.767,4052,908844,0,0.00000000,0.00000000,0.00,0,0,0.23,0.578,0.4410,0.7350,0.8330,1.1952,0.697876,0.068726,-0.042480,0.711609,7.756,72.5,-1
1782768477.018,4053,909068,0,0.00000000,0.00000000,0.00,0,0,0.26,0.272,0.1960,0.5390,0.8330,1.0113,0.697876,0.068726,-0.042480,0.711609,7.755,75.0,-1
1782768477.271,4054,909295,0,0.00000000,0.00000000,0.00,0,0,0.20,-0.280,0.5880,0.2940,0.9310,1.1397,0.697876,0.068726,-0.042480,0.711609,7.758,76.2,-1
1782768477.459,4055,909507,0,0.00000000,0.00000000,0.00,0,0,0.20,-0.184,0.5390,0.6860,1.6170,1.8373,0.697876,0.068726,-0.042480,0.711609,7.753,77.5,-1
1782768477.709,4056,909727,0,0.00000000,0.00000000,0.00,0,0,0.22,-0.051,0.2940,0.0000,0.5390,0.6140,0.697876,0.068726,-0.042480,0.711609,7.755,78.8,-1
1782768477.896,4057,909946,0,0.00000000,0.00000000,0.00,0,0,0.25,-0.041,-0.2450,1.0780,2.2050,2.4666,0.697876,0.068726,-0.042480,0.711609,7.754,77.5,-1
1782768478.142,4058,910165,0,0.00000000,0.00000000,0.00,0,0,0.28,0.088,0.4900,0.7350,1.5680,1.7997,0.697876,0.068726,-0.042480,0.711609,7.754,81.2,-1
1782768478.343,4059,910389,0,0.00000000,0.00000000,0.00,0,0,0.26,-0.183,-0.0980,0.9800,0.7350,1.2289,0.697876,0.068726,-0.042480,0.711609,7.755,76.2,-1
1782768478.532,4060,910602,0,0.00000000,0.00000000,0.00,0,0,0.25,-0.206,0.8820,-0.0490,2.7440,2.8827,0.697876,0.068726,-0.042480,0.711609,7.755,75.0,-1
1782768478.778,4061,910828,0,0.00000000,0.00000000,0.00,0,0,0.22,-0.113,0.2940,0.0000,1.9110,1.9335,0.697876,0.068726,-0.042480,0.711609,7.755,80.0,-1
1782768478.982,4062,911050,0,0.00000000,0.00000000,0.00,0,0,0.21,-0.152,0.4410,0.1960,1.7150,1.7816,0.697876,0.068726,-0.042480,0.711609,7.753,76.2,-1
1782768479.232,4063,911269,0,0.00000000,0.00000000,0.00,0,0,0.18,-0.140,-0.0980,0.3920,1.1270,1.1972,0.697876,0.068787,-0.042542,0.711609,7.750,76.2,-1
1782768479.480,4064,911514,0,0.00000000,0.00000000,0.00,0,0,0.24,0.332,-0.0490,0.3430,1.5190,1.5580,0.697876,0.068726,-0.042542,0.711609,7.754,75.0,-1
1782768479.665,4065,911739,0,0.00000000,0.00000000,0.00,0,0,0.32,0.434,0.3920,0.0980,0.8330,0.9258,0.697876,0.068787,-0.042542,0.711609,7.754,76.2,-1
1782768479.929,4066,911963,0,0.00000000,0.00000000,0.00,0,0,0.37,0.118,0.2450,0.4900,1.9110,1.9880,0.697876,0.068787,-0.042542,0.711609,7.754,75.0,-1
1782768480.116,4067,912184,0,0.00000000,0.00000000,0.00,0,0,0.27,-0.425,-0.2450,0.6860,1.4700,1.6406,0.697876,0.068787,-0.042542,0.711609,7.758,75.0,-1
1782768480.364,4068,912416,0,0.00000000,0.00000000,0.00,0,0,0.32,-0.296,0.4410,0.7350,2.1070,2.2747,0.697876,0.068726,-0.042542,0.711609,7.759,71.2,-1
1782768480.614,4069,912634,0,0.00000000,0.00000000,0.00,0,0,0.19,-0.306,0.5390,0.2450,1.5190,1.6303,0.697876,0.068726,-0.042542,0.711609,7.754,75.0,-1
1782768480.816,4070,912855,0,0.00000000,0.00000000,0.00,0,0,0.22,-0.116,0.4410,0.3920,2.4500,2.5200,0.697876,0.068726,-0.042480,0.711609,7.756,77.5,-1
1782768481.067,4071,913084,0,0.00000000,0.00000000,0.00,0,0,0.21,-0.351,0.7350,0.3430,1.3720,1.5938,0.697876,0.068726,-0.042480,0.711609,7.753,72.5,-1
1782768481.255,4072,913303,0,0.00000000,0.00000000,0.00,0,0,0.29,0.334,0.0490,0.3920,1.3720,1.4277,0.697876,0.068726,-0.042480,0.711609,7.753,77.5,-1
1782768481.442,4073,913517,0,0.00000000,0.00000000,0.00,0,0,0.23,-0.177,0.0980,0.5390,1.4700,1.5688,0.697876,0.068726,-0.042480,0.711609,7.753,73.8,-1
1782768481.690,4074,913738,0,0.00000000,0.00000000,0.00,0,0,0.27,0.287,-0.4410,1.3720,0.0490,1.4420,0.697876,0.068726,-0.042480,0.711609,7.753,76.2,-1
1782768481.894,4075,913967,0,0.00000000,0.00000000,0.00,0,0,0.23,-0.217,0.4410,1.0290,1.6660,2.0072,0.697876,0.068726,-0.042480,0.711609,7.750,77.5,-1
1782768482.144,4076,914186,0,0.00000000,0.00000000,0.00,0,0,0.17,-0.103,0.4410,-0.0980,0.8330,0.9476,0.697876,0.068726,-0.042480,0.711609,7.755,76.2,-1
1782768482.331,4077,914406,0,0.00000000,0.00000000,0.00,0,0,0.31,0.617,0.1470,0.2940,1.2250,1.2683,0.697876,0.068787,-0.042542,0.711609,7.755,75.0,-1
1782768482.580,4078,914623,0,0.00000000,0.00000000,0.00,0,0,0.30,-0.124,0.0490,0.3920,1.9600,1.9994,0.697876,0.068787,-0.042542,0.711609,7.754,75.0,-1
1782768482.831,4079,914850,0,0.00000000,0.00000000,0.00,0,0,0.26,0.180,0.0490,0.5880,2.0090,2.0939,0.697876,0.068787,-0.042542,0.711609,7.754,73.8,-1
1782768483.018,4080,915068,0,0.00000000,0.00000000,0.00,0,0,0.24,-0.100,0.2450,0.3920,1.7150,1.7762,0.697876,0.068787,-0.042542,0.711609,7.754,76.2,-1
1782768483.267,4081,915289,0,0.00000000,0.00000000,0.00,0,0,0.23,0.149,-0.0490,0.4410,1.2250,1.3029,0.697876,0.068787,-0.042542,0.711609,7.753,75.0,-1
1782768483.453,4082,915503,0,0.00000000,0.00000000,0.00,0,0,0.23,-0.129,0.3430,0.6860,1.5190,1.7016,0.697876,0.068726,-0.042542,0.711609,7.754,75.0,-1
1782768483.704,4083,915728,0,0.00000000,0.00000000,0.00,0,0,0.14,-0.297,0.2940,0.3920,1.9110,1.9728,0.697876,0.068726,-0.042480,0.711609,7.755,78.8,-1
1782768483.891,4084,915952,0,0.00000000,0.00000000,0.00,0,0,0.19,0.341,-0.0490,0.6370,1.4700,1.6028,0.697876,0.068726,-0.042542,0.711609,7.754,73.8,-1
1782768484.093,4085,916169,0,0.00000000,0.00000000,0.00,0,0,0.04,-0.369,0.3430,0.5390,1.5680,1.6932,0.697876,0.068726,-0.042542,0.711609,7.751,77.5,-1
1782768484.358,4086,916392,0,0.00000000,0.00000000,0.00,0,0,0.05,-0.188,-0.0490,0.8820,1.2740,1.5503,0.697876,0.068726,-0.042542,0.711609,7.756,72.5,-1
1782768484.560,4087,916601,0,0.00000000,0.00000000,0.00,0,0,-0.03,-0.480,0.0000,0.5880,2.1070,2.1875,0.697876,0.068726,-0.042480,0.711609,7.750,78.8,-1
1782768484.808,4088,916823,0,0.00000000,0.00000000,0.00,0,0,0.09,0.132,0.1470,0.6370,1.2250,1.3885,0.697876,0.068726,-0.042542,0.711609,7.754,77.5,-1
1782768484.993,4089,917044,0,0.00000000,0.00000000,0.00,0,0,0.15,0.235,0.6370,0.7350,1.7640,2.0144,0.697876,0.068665,-0.042603,0.711609,7.751,75.0,-1
1782768485.242,4090,917268,0,0.00000000,0.00000000,0.00,0,0,0.16,0.281,0.2940,0.5880,1.4700,1.6103,0.697876,0.068665,-0.042542,0.711609,7.755,75.0,-1
1782768485.444,4091,917518,0,0.00000000,0.00000000,0.00,0,0,0.24,0.477,0.1960,0.5880,1.5190,1.6406,0.697876,0.068604,-0.042542,0.711609,7.755,75.0,-1
1782768485.694,4092,917743,0,0.00000000,0.00000000,0.00,0,0,0.08,-0.194,0.1960,0.3920,1.2740,1.3473,0.697876,0.068604,-0.042480,0.711609,7.753,82.5,-1
1782768485.944,4093,917968,0,0.00000000,0.00000000,0.00,0,0,0.16,0.212,-0.1470,0.9800,0.7350,1.2338,0.697876,0.068665,-0.042480,0.711670,7.750,81.2,-1
1782768486.131,4094,918189,0,0.00000000,0.00000000,0.00,0,0,0.24,0.375,0.3430,0.3920,1.1760,1.2862,0.697815,0.068726,-0.042480,0.711670,7.754,76.2,-1
1782768486.335,4095,918406,0,0.00000000,0.00000000,0.00,0,0,0.25,0.213,0.2940,0.5390,1.4210,1.5480,0.697937,0.068665,-0.042480,0.711609,7.755,78.8,-1
1782768486.584,4096,918619,0,0.00000000,0.00000000,0.00,0,0,0.22,-0.562,0.1960,0.2450,1.0780,1.1227,0.697937,0.068542,-0.042358,0.711609,7.759,75.0,-1
1782768486.786,4097,918842,0,0.00000000,0.00000000,0.00,0,0,0.15,-0.270,0.2940,0.5390,2.1560,2.2417,0.697998,0.068604,-0.042419,0.711548,7.756,76.2,-1
1782768487.034,4098,919062,0,0.00000000,0.00000000,0.00,0,0,0.26,0.376,0.2450,0.7350,1.9110,2.0621,0.697998,0.068665,-0.042480,0.711548,7.756,73.8,-1
1782768487.223,4099,919288,0,0.00000000,0.00000000,0.00,0,0,0.14,-0.705,0.2450,0.7350,2.0090,2.1532,0.697998,0.068665,-0.042419,0.711548,7.753,80.0,-1
1782768487.473,4100,919500,0,0.00000000,0.00000000,0.00,0,0,0.22,-0.127,0.1470,0.3430,1.7640,1.8030,0.697937,0.068665,-0.042480,0.711609,7.756,72.5,-1
1782768487.674,4101,919721,0,0.00000000,0.00000000,0.00,0,0,0.20,-0.175,0.6370,0.5880,2.1560,2.3238,0.697937,0.068665,-0.042480,0.711548,7.756,75.0,-1
1782768487.922,4102,919948,0,0.00000000,0.00000000,0.00,0,0,0.09,-0.535,-0.0490,0.5880,1.4210,1.5386,0.697937,0.068665,-0.042480,0.711548,7.755,81.2,-1
1782768488.110,4103,920166,0,0.00000000,0.00000000,0.00,0,0,0.10,-0.094,0.5880,0.3920,2.3520,2.4559,0.697937,0.068726,-0.042480,0.711548,7.755,77.5,-1
1782768488.359,4104,920392,0,0.00000000,0.00000000,0.00,0,0,0.23,0.258,1.2250,0.3430,3.4300,3.6583,0.697937,0.068665,-0.042480,0.711548,7.753,76.2,-1
1782768488.545,4105,920605,0,0.00000000,0.00000000,0.00,0,0,0.17,-0.398,0.2450,0.8820,1.6170,1.8581,0.697937,0.068604,-0.042419,0.711609,7.754,73.8,-1
1782768488.809,4106,920827,0,0.00000000,0.00000000,0.00,0,0,0.26,0.363,0.5880,0.1960,1.4700,1.5953,0.697937,0.068665,-0.042419,0.711548,7.756,75.0,-1
1782768489.012,4107,921053,0,0.00000000,0.00000000,0.00,0,0,0.14,-0.144,0.0490,1.0290,1.2250,1.6006,0.697937,0.068665,-0.042419,0.711548,7.756,75.0,-1
1782768489.200,4108,921274,0,0.00000000,0.00000000,0.00,0,0,0.24,0.051,-0.4900,1.2740,-0.1960,1.3790,0.697937,0.068665,-0.042480,0.711548,7.756,72.5,-1
1782768489.447,4109,921517,0,0.00000000,0.00000000,0.00,0,0,0.21,-0.105,0.3430,0.4410,1.4210,1.5269,0.697937,0.068665,-0.042419,0.711609,7.754,73.8,-1
1782768489.695,4110,921745,0,0.00000000,0.00000000,0.00,0,0,0.12,-0.111,0.1470,0.3920,1.5680,1.6229,0.697937,0.068665,-0.042358,0.711548,7.759,68.8,-1
1782768489.944,4111,921967,0,0.00000000,0.00000000,0.00,0,0,0.22,0.493,0.1470,0.4410,1.7150,1.7769,0.697937,0.068787,-0.042297,0.711548,7.754,80.0,-1
1782768490.133,4112,922189,0,0.00000000,0.00000000,0.00,0,0,0.24,0.495,0.8330,0.5880,2.2540,2.4739,0.697937,0.068787,-0.042358,0.711548,7.758,72.5,-1
1782768490.380,4113,922414,0,0.00000000,0.00000000,0.00,0,0,0.14,-0.504,0.5390,0.3430,1.1760,1.3383,0.697937,0.068787,-0.042419,0.711548,7.750,80.0,-1
1782768490.565,4114,922628,0,0.00000000,0.00000000,0.00,0,0,0.17,-0.155,0.0000,0.9310,0.5880,1.1011,0.697937,0.068787,-0.042358,0.711548,7.756,72.5,-1
1782768490.770,4115,922847,0,0.00000000,0.00000000,0.00,0,0,0.08,-0.111,0.6860,0.5880,2.1070,2.2926,0.697937,0.068665,-0.042358,0.711548,7.756,72.5,-1
1782768491.018,4116,923070,0,0.00000000,0.00000000,0.00,0,0,0.15,-0.002,0.1470,1.0780,1.1760,1.6021,0.697937,0.068665,-0.042358,0.711548,7.758,71.2,-1
1782768491.262,4117,923297,0,0.00000000,0.00000000,0.00,0,0,0.08,-0.160,0.5880,0.5880,1.1270,1.4006,0.697937,0.068726,-0.042419,0.711548,7.754,75.0,-1
1782768491.451,4118,923509,0,0.00000000,0.00000000,0.00,0,0,0.15,-0.031,0.2940,0.6860,1.5190,1.6925,0.697937,0.068726,-0.042419,0.711548,7.755,73.8,-1
1782768491.701,4119,923727,0,0.00000000,0.00000000,0.00,0,0,0.14,-0.175,0.4900,0.4410,1.4700,1.6110,0.697937,0.068726,-0.042419,0.711548,7.758,75.0,-1
1782768491.889,4120,923951,0,0.00000000,0.00000000,0.00,0,0,0.22,0.321,0.5880,0.9310,2.1560,2.4209,0.697937,0.068726,-0.042480,0.711548,7.755,72.5,-1
1782768492.138,4121,924172,0,0.00000000,0.00000000,0.00,0,0,0.25,0.396,0.3920,0.2450,1.3230,1.4014,0.697937,0.068726,-0.042480,0.711548,7.756,76.2,-1
1782768492.324,4122,924372,0,0.00000000,0.00000000,0.00,0,0,0.29,0.579,0.2940,0.3920,1.2740,1.3650,0.697937,0.068665,-0.042542,0.711548,7.756,75.0,-1
1782768492.572,4123,924590,0,0.00000000,0.00000000,0.00,0,0,0.17,-0.193,0.0000,1.0780,1.5190,1.8626,0.697937,0.068542,-0.042542,0.711609,7.755,77.5,-1
1782768492.759,4124,924809,0,0.00000000,0.00000000,0.00,0,0,0.21,-0.021,1.2250,0.3920,1.3720,1.8806,0.697937,0.068542,-0.042480,0.711609,7.755,75.0,-1
1782768493.008,4125,925030,0,0.00000000,0.00000000,0.00,0,0,0.18,0.186,0.3430,0.5390,1.6170,1.7386,0.697937,0.068542,-0.042419,0.711609,7.755,77.5,-1
1782768493.194,4126,925253,0,0.00000000,0.00000000,0.00,0,0,0.21,-0.178,0.0980,0.1470,1.3720,1.3833,0.697937,0.068604,-0.042480,0.711609,7.755,76.2,-1
1782768493.446,4127,925499,0,0.00000000,0.00000000,0.00,0,0,0.31,0.250,0.3920,0.4900,1.5680,1.6889,0.697937,0.068604,-0.042480,0.711609,7.754,76.2,-1
1782768493.695,4128,925725,0,0.00000000,0.00000000,0.00,0,0,0.11,-0.295,0.1470,0.4410,1.6660,1.7296,0.697937,0.068665,-0.042480,0.711609,7.759,70.0,-1
1782768493.884,4129,925946,0,0.00000000,0.00000000,0.00,0,0,0.12,-0.448,0.3430,-0.3430,1.9110,1.9716,0.697937,0.068665,-0.042480,0.711609,7.758,70.0,-1
1782768494.135,4130,926173,0,0.00000000,0.00000000,0.00,0,0,0.22,0.186,0.7350,1.6170,1.9110,2.6090,0.697937,0.068665,-0.042480,0.711548,7.755,68.8,-1
1782768494.320,4131,926397,0,0.00000000,0.00000000,0.00,0,0,0.29,0.132,0.5390,0.9800,1.8130,2.1302,0.697937,0.068726,-0.042480,0.711548,7.755,68.8,-1
1782768494.570,4132,926617,0,0.00000000,0.00000000,0.00,0,0,0.21,-0.299,0.3430,0.4900,1.4700,1.5870,0.697937,0.068726,-0.042480,0.711548,7.758,70.0,-1
1782768494.820,4133,926838,0,0.00000000,0.00000000,0.00,0,0,0.23,0.338,1.6170,-0.0980,3.3810,3.7491,0.697937,0.068726,-0.042480,0.711548,7.758,70.0,-1
1782768495.007,4134,927055,0,0.00000000,0.00000000,0.00,0,0,0.22,0.016,0.2450,0.9310,1.2250,1.5580,0.697937,0.068726,-0.042480,0.711548,7.756,70.0,-1
1782768495.255,4135,927276,0,0.00000000,0.00000000,0.00,0,0,0.23,0.272,-0.2940,1.2740,0.9310,1.6051,0.697937,0.068726,-0.042480,0.711548,7.758,71.2,-1
1782768495.444,4136,927519,0,0.00000000,0.00000000,0.00,0,0,0.15,-0.511,-0.1470,0.5390,1.0290,1.1709,0.697937,0.068726,-0.042480,0.711548,7.758,73.8,-1
1782768495.692,4137,927737,0,0.00000000,0.00000000,0.00,0,0,0.27,0.378,-0.2450,1.4700,0.7350,1.6617,0.697937,0.068726,-0.042480,0.711548,7.754,71.2,-1
1782768495.941,4138,927958,0,0.00000000,0.00000000,0.00,0,0,0.27,0.336,2.0090,-0.0980,3.0380,3.6435,0.697937,0.068726,-0.042480,0.711548,7.753,71.2,-1
1782768496.128,4139,928173,0,0.00000000,0.00000000,0.00,0,0,0.15,-0.267,1.6170,0.6370,2.3520,2.9244,0.697937,0.068726,-0.042480,0.711548,7.755,71.2,-1
1782768496.378,4140,928399,0,0.00000000,0.00000000,0.00,0,0,0.08,-0.631,-0.1470,1.0290,1.0290,1.4626,0.697937,0.068726,-0.042480,0.711548,7.758,72.5,-1
1782768496.564,4141,928618,0,0.00000000,0.00000000,0.00,0,0,0.21,0.155,0.0000,0.8330,0.4410,0.9425,0.697937,0.068726,-0.042480,0.711548,7.756,73.8,-1
1782768496.815,4142,928839,0,0.00000000,0.00000000,0.00,0,0,0.31,0.711,0.9310,0.6860,2.8420,3.0683,0.697937,0.068665,-0.042419,0.711548,7.755,73.8,-1
1782768497.002,4143,929060,0,0.00000000,0.00000000,0.00,0,0,0.24,-0.404,0.4410,0.7350,2.0090,2.1842,0.697937,0.068665,-0.042419,0.711548,7.755,73.8,-1
1782768497.249,4144,929282,0,0.00000000,0.00000000,0.00,0,0,0.29,-0.015,0.5880,1.3720,2.0580,2.5423,0.697937,0.068604,-0.042358,0.711609,7.756,68.8,-1
1782768497.450,4145,929498,0,0.00000000,0.00000000,0.00,0,0,0.21,-0.046,0.0000,0.7840,1.8130,1.9753,0.697937,0.068542,-0.042297,0.711609,7.755,73.8,-1
1782768497.700,4146,929724,0,0.00000000,0.00000000,0.00,0,0,0.19,0.067,0.0490,0.5390,1.8620,1.9391,0.697937,0.068542,-0.042358,0.711609,7.759,67.5,-1
1782768497.903,4147,929949,0,0.00000000,0.00000000,0.00,0,0,0.16,-0.250,0.1960,0.9800,2.6950,2.8743,0.697937,0.068604,-0.042358,0.711609,7.754,76.2,-1
1782768498.151,4148,930171,0,0.00000000,0.00000000,0.00,0,0,0.38,0.714,0.4410,0.1960,1.0290,1.1365,0.697937,0.068604,-0.042358,0.711609,7.751,81.2,-1
1782768498.353,4149,930394,0,0.00000000,0.00000000,0.00,0,0,0.31,-0.026,0.7840,0.7840,1.4210,1.8024,0.697937,0.068604,-0.042419,0.711609,7.751,73.8,-1
1782768498.540,4150,930614,0,0.00000000,0.00000000,0.00,0,0,0.37,0.255,0.0000,0.5390,1.2740,1.3833,0.697937,0.068604,-0.042419,0.711609,7.749,77.5,-1
1782768498.820,4151,930836,0,0.00000000,0.00000000,0.00,0,0,0.25,-0.424,0.3430,0.0980,1.9110,1.9440,0.697937,0.068665,-0.042419,0.711609,7.758,71.2,-1
1782768499.007,4152,931053,0,0.00000000,0.00000000,0.00,0,0,0.26,-0.095,0.0000,0.3430,1.2740,1.3194,0.697937,0.068665,-0.042419,0.711548,7.751,80.0,-1
1782768499.256,4153,931277,0,0.00000000,0.00000000,0.00,0,0,0.31,-0.040,0.0490,0.1470,1.6660,1.6732,0.697937,0.068665,-0.042480,0.711548,7.753,73.8,-1
1782768499.504,4154,931520,0,0.00000000,0.00000000,0.00,0,0,0.19,-0.665,0.3920,0.6860,1.0780,1.3365,0.697937,0.068726,-0.042480,0.711548,7.753,81.2,-1
1782768499.691,4155,931748,0,0.00000000,0.00000000,0.00,0,0,0.33,0.014,-0.0980,0.6860,1.2250,1.4074,0.697937,0.068726,-0.042664,0.711548,7.756,73.8,-1
1782768499.941,4156,931969,0,0.00000000,0.00000000,0.00,0,0,0.27,0.099,0.3430,0.7350,1.4210,1.6362,0.697937,0.068726,-0.042664,0.711548,7.753,78.8,-1
1782768500.128,4157,932187,0,0.00000000,0.00000000,0.00,0,0,0.36,0.261,0.5390,0.3430,1.2740,1.4252,0.697937,0.068726,-0.042664,0.711548,7.753,76.2,-1
1782768500.379,4158,932406,0,0.00000000,0.00000000,0.00,0,0,0.28,-0.254,0.5390,0.3920,1.7640,1.8857,0.697937,0.068604,-0.042603,0.711609,7.753,76.2,-1
1782768500.568,4159,932623,0,0.00000000,0.00000000,0.00,0,0,0.26,0.096,0.4900,0.6370,1.8130,1.9831,0.697937,0.068542,-0.042603,0.711609,7.751,75.0,-1
1782768500.816,4160,932842,0,0.00000000,0.00000000,0.00,0,0,0.22,-0.216,0.4410,0.5880,2.0090,2.1392,0.697937,0.068542,-0.042603,0.711609,7.754,75.0,-1
1782768501.002,4161,933067,0,0.00000000,0.00000000,0.00,0,0,0.35,0.050,0.0980,1.2740,0.9310,1.5810,0.697937,0.068542,-0.042542,0.711609,7.756,71.2,-1
1782768501.252,4162,933291,0,0.00000000,0.00000000,0.00,0,0,0.20,-0.948,0.1960,0.6370,1.6170,1.7490,0.697937,0.068604,-0.042542,0.711609,7.758,72.5,-1
1782768501.441,4163,933505,0,0.00000000,0.00000000,0.00,0,0,0.32,0.046,0.5390,0.1960,1.6170,1.7157,0.697937,0.068665,-0.042542,0.711609,7.754,75.0,-1
1782768501.688,4164,933732,0,0.00000000,0.00000000,0.00,0,0,0.26,-0.044,0.0980,1.1760,0.8330,1.4445,0.697937,0.068665,-0.042542,0.711609,7.759,73.8,-1
1782768501.877,4165,933952,0,0.00000000,0.00000000,0.00,0,0,0.36,0.566,-0.0490,0.8820,1.2740,1.5503,0.697937,0.068665,-0.042542,0.711548,7.758,75.0,-1
1782768502.126,4166,934172,0,0.00000000,0.00000000,0.00,0,0,0.27,-0.515,0.4900,0.3430,1.3230,1.4519,0.697937,0.068665,-0.042480,0.711548,7.759,76.2,-1
1782768502.375,4167,934397,0,0.00000000,0.00000000,0.00,0,0,0.24,0.008,-0.0490,1.2740,1.0290,1.6384,0.697937,0.068726,-0.042480,0.711548,7.755,73.8,-1
1782768502.564,4168,934615,0,0.00000000,0.00000000,0.00,0,0,0.21,-0.320,0.0980,0.5390,1.5190,1.6148,0.697937,0.068726,-0.042480,0.711548,7.756,75.0,-1
1782768502.815,4169,934843,0,0.00000000,0.00000000,0.00,0,0,0.25,-0.002,0.1960,0.7350,1.9110,2.0568,0.697937,0.068665,-0.042480,0.711548,7.751,77.5,-1
1782768503.003,4170,935066,0,0.00000000,0.00000000,0.00,0,0,0.22,-0.193,0.7840,0.6860,2.4010,2.6173,0.697937,0.068665,-0.042480,0.711548,7.756,76.2,-1
1782768503.256,4171,935286,0,0.00000000,0.00000000,0.00,0,0,0.28,0.116,-0.0490,0.6860,2.1070,2.2164,0.697937,0.068665,-0.042480,0.711548,7.755,77.5,-1
1782768503.445,4172,935502,0,0.00000000,0.00000000,0.00,0,0,0.27,-0.088,0.2450,0.1960,1.2250,1.2645,0.697937,0.068665,-0.042542,0.711609,7.754,77.5,-1
1782768503.695,4173,935728,0,0.00000000,0.00000000,0.00,0,0,0.13,-1.000,0.9310,0.5390,1.5190,1.8614,0.697937,0.068665,-0.042542,0.711609,7.755,78.8,-1
1782768503.881,4174,935957,0,0.00000000,0.00000000,0.00,0,0,0.30,0.301,0.2450,0.4410,1.0290,1.1460,0.697937,0.068665,-0.042542,0.711609,7.755,76.2,-1
1782768504.131,4175,936176,0,0.00000000,0.00000000,0.00,0,0,0.41,0.664,1.4700,0.2940,3.2340,3.5646,0.697937,0.068665,-0.042480,0.711548,7.759,73.8,-1
1782768504.380,4176,936400,0,0.00000000,0.00000000,0.00,0,0,0.21,-0.833,0.1960,0.9310,2.2540,2.4466,0.697937,0.068665,-0.042480,0.711548,7.760,68.8,-1
1782768504.569,4177,936619,0,0.00000000,0.00000000,0.00,0,0,0.33,0.403,1.5190,0.4900,3.0870,3.4752,0.697937,0.068726,-0.042480,0.711548,7.756,71.2,-1
1782768504.819,4178,936839,0,0.00000000,0.00000000,0.00,0,0,0.27,-0.146,0.2450,0.4410,1.6660,1.7407,0.697937,0.068726,-0.042480,0.711548,7.759,71.2,-1
1782768505.006,4179,937060,0,0.00000000,0.00000000,0.00,0,0,0.22,-0.437,0.0490,0.6370,1.3230,1.4692,0.697937,0.068726,-0.042480,0.711548,7.758,71.2,-1
1782768505.209,4180,937284,0,0.00000000,0.00000000,0.00,0,0,0.30,0.048,0.2940,0.9310,1.7150,1.9734,0.697937,0.068726,-0.042480,0.711548,7.759,71.2,-1
1782768505.456,4181,937504,0,0.00000000,0.00000000,0.00,0,0,0.28,-0.124,0.1470,0.1960,1.1760,1.2012,0.697937,0.068726,-0.042480,0.711548,7.759,71.2,-1
1782768505.706,4182,937729,0,0.00000000,0.00000000,0.00,0,0,0.26,0.057,0.2450,1.0780,2.3030,2.5546,0.697937,0.068726,-0.042480,0.711548,7.754,76.2,-1
1782768505.894,4183,937953,0,0.00000000,0.00000000,0.00,0,0,0.23,0.232,0.1960,1.0290,1.4700,1.8050,0.697937,0.068726,-0.042480,0.711548,7.756,76.2,-1
1782768506.143,4184,938175,0,0.00000000,0.00000000,0.00,0,0,0.27,-0.021,0.6860,0.5390,1.3230,1.5848,0.697937,0.068726,-0.042542,0.711548,7.758,73.8,-1
1782768506.332,4185,938399,0,0.00000000,0.00000000,0.00,0,0,0.28,-0.035,0.1470,0.7350,1.1270,1.3535,0.697937,0.068665,-0.042480,0.711609,7.758,75.0,-1
1782768506.580,4186,938615,0,0.00000000,0.00000000,0.00,0,0,0.21,-0.152,0.0000,0.5880,1.3230,1.4478,0.697937,0.068604,-0.042419,0.711609,7.755,76.2,-1
1782768506.769,4187,938833,0,0.00000000,0.00000000,0.00,0,0,0.24,0.125,0.5880,0.2940,1.8130,1.9285,0.697937,0.068542,-0.042358,0.711609,7.755,75.0,-1
1782768507.018,4188,939056,0,0.00000000,0.00000000,0.00,0,0,0.27,0.004,1.2250,-0.1470,2.6460,2.9195,0.697937,0.068604,-0.042358,0.711609,7.758,76.2,-1
1782768507.203,4189,939278,0,0.00000000,0.00000000,0.00,0,0,0.23,-0.275,0.2940,0.9310,1.7640,2.0162,0.697937,0.068604,-0.042419,0.711609,7.754,75.0,-1
1782768507.452,4190,939490,0,0.00000000,0.00000000,0.00,0,0,0.31,0.140,0.4410,0.7350,1.4700,1.7016,0.697937,0.068604,-0.042419,0.711609,7.758,73.8,-1
1782768507.701,4191,939718,0,0.00000000,0.00000000,0.00,0,0,0.28,0.113,-0.2940,1.0290,1.1270,1.5542,0.697937,0.068604,-0.042358,0.711609,7.754,75.0,-1
1782768507.891,4192,939940,0,0.00000000,0.00000000,0.00,0,0,0.34,0.433,0.1470,0.4410,1.9600,2.0144,0.697937,0.068542,-0.042358,0.711609,7.753,73.8,-1
1782768508.094,4193,940168,0,0.00000000,0.00000000,0.00,0,0,0.27,-0.103,0.2940,0.7350,1.4210,1.6266,0.697937,0.068542,-0.042358,0.711609,7.756,73.8,-1
1782768508.341,4194,940391,0,0.00000000,0.00000000,0.00,0,0,0.36,0.310,0.0980,0.8820,1.7150,1.9310,0.697937,0.068542,-0.042297,0.711609,7.756,77.5,-1
1782768508.591,4195,940608,0,0.00000000,0.00000000,0.00,0,0,0.18,-0.418,0.0980,0.5390,1.5190,1.6148,0.697937,0.068542,-0.042358,0.711609,7.756,76.2,-1
1782768508.776,4196,940828,0,0.00000000,0.00000000,0.00,0,0,0.16,-0.297,0.0490,0.9310,1.4210,1.6995,0.697937,0.068604,-0.042358,0.711609,7.756,76.2,-1
1782768509.024,4197,941048,0,0.00000000,0.00000000,0.00,0,0,0.33,0.633,0.4410,0.5880,1.3720,1.5565,0.697937,0.068604,-0.042358,0.711609,7.754,77.5,-1
1782768509.211,4198,941268,0,0.00000000,0.00000000,0.00,0,0,0.21,-0.432,0.3920,0.4410,1.3230,1.4486,0.697937,0.068542,-0.042358,0.711609,7.755,76.2,-1
1782768509.457,4199,941514,0,0.00000000,0.00000000,0.00,0,0,0.29,-0.284,0.0490,0.6370,1.5190,1.6479,0.697937,0.068481,-0.042358,0.711609,7.755,72.5,-1
1782768509.707,4200,941742,0,0.00000000,0.00000000,0.00,0,0,0.25,-0.463,0.1960,0.2940,1.6170,1.6552,0.697937,0.068481,-0.042358,0.711609,7.758,70.0,-1
1782768509.892,4201,941964,0,0.00000000,0.00000000,0.00,0,0,0.30,-0.213,0.3920,0.7350,0.9310,1.2493,0.697937,0.068481,-0.042419,0.711609,7.754,76.2,-1
1782768510.144,4202,942183,0,0.00000000,0.00000000,0.00,0,0,0.37,0.253,0.9800,-0.2450,2.0090,2.2487,0.697937,0.068481,-0.042358,0.711609,7.755,73.8,-1
1782768510.332,4203,942400,0,0.00000000,0.00000000,0.00,0,0,0.29,-0.111,-0.1470,1.0780,1.9110,2.1990,0.697937,0.068542,-0.042358,0.711609,7.751,76.2,-1
1782768510.580,4204,942614,0,0.00000000,0.00000000,0.00,0,0,0.27,-0.437,-0.0980,1.1270,1.5190,1.8940,0.697937,0.068542,-0.042358,0.711609,7.755,72.5,-1
1782768510.767,4205,942834,0,0.00000000,0.00000000,0.00,0,0,0.29,0.111,0.4410,0.5390,1.5680,1.7157,0.697937,0.068481,-0.042419,0.711609,7.754,73.8,-1
1782768511.015,4206,943052,0,0.00000000,0.00000000,0.00,0,0,0.22,-0.044,0.4900,0.4900,1.2250,1.4074,0.697937,0.068481,-0.042542,0.711609,7.754,78.8,-1
1782768511.202,4207,943274,0,0.00000000,0.00000000,0.00,0,0,0.23,-0.213,0.5390,-0.8330,3.2340,3.3828,0.697937,0.068481,-0.042480,0.711609,7.755,71.2,-1
1782768511.451,4208,943518,0,0.00000000,0.00000000,0.00,0,0,0.25,0.125,0.2450,0.4900,1.0780,1.2092,0.697937,0.068481,-0.042419,0.711609,7.755,72.5,-1
1782768511.697,4209,943746,0,0.00000000,0.00000000,0.00,0,0,0.25,-0.170,0.1960,0.4900,1.8620,1.9353,0.697937,0.068481,-0.042358,0.711609,7.755,73.8,-1
1782768511.948,4210,943969,0,0.00000000,0.00000000,0.00,0,0,0.17,-0.344,0.0490,0.4900,0.9310,1.0532,0.697937,0.068481,-0.042358,0.711609,7.751,80.0,-1
1782768512.134,4211,944195,0,0.00000000,0.00000000,0.00,0,0,0.33,0.319,0.9800,1.7150,2.3520,3.0714,0.697998,0.068481,-0.042297,0.711609,7.755,75.0,-1
1782768512.382,4212,944417,0,0.00000000,0.00000000,0.00,0,0,0.36,0.307,-0.2940,0.2450,0.5880,0.7016,0.697937,0.068481,-0.042358,0.711609,7.755,71.2,-1
1782768512.584,4213,944635,0,0.00000000,0.00000000,0.00,0,0,0.26,-0.512,0.9310,0.1470,1.8130,2.0434,0.697937,0.068542,-0.042542,0.711609,7.755,75.0,-1
1782768512.832,4214,944858,0,0.00000000,0.00000000,0.00,0,0,0.33,0.002,-0.0490,1.1270,0.2450,1.1544,0.697937,0.068481,-0.042542,0.711609,7.755,71.2,-1
1782768513.020,4215,945079,0,0.00000000,0.00000000,0.00,0,0,0.21,-0.390,0.4410,1.3720,3.2830,3.5854,0.697937,0.068542,-0.042542,0.711609,7.758,70.0,-1
1782768513.270,4216,945302,0,0.00000000,0.00000000,0.00,0,0,0.38,0.748,-0.3920,1.2740,0.9800,1.6544,0.697937,0.068542,-0.042419,0.711609,7.759,72.5,-1
1782768513.456,4217,945520,0,0.00000000,0.00000000,0.00,0,0,0.28,0.159,0.3920,0.4900,1.2740,1.4202,0.697937,0.068542,-0.042419,0.711609,7.761,67.5,-1
1782768513.707,4218,945741,0,0.00000000,0.00000000,0.00,0,0,0.24,-0.092,0.0490,0.2940,1.7640,1.7890,0.697937,0.068604,-0.042480,0.711609,7.758,71.2,-1
1782768513.895,4219,945958,0,0.00000000,0.00000000,0.00,0,0,0.24,-0.167,1.1760,-0.2940,2.7440,2.9998,0.697937,0.068604,-0.042419,0.711609,7.755,75.0,-1
1782768514.144,4220,946182,0,0.00000000,0.00000000,0.00,0,0,0.30,-0.060,0.3920,0.3430,1.0290,1.1533,0.697937,0.068604,-0.042480,0.711609,7.759,66.2,-1
1782768514.332,4221,946404,0,0.00000000,0.00000000,0.00,0,0,0.30,-0.224,0.5880,0.8820,1.7150,2.0162,0.697937,0.068604,-0.042480,0.711609,7.759,67.5,-1
1782768514.581,4222,946623,0,0.00000000,0.00000000,0.00,0,0,0.30,0.094,0.6370,0.7350,1.8130,2.0574,0.697937,0.068665,-0.042480,0.711609,7.756,67.5,-1
1782768514.768,4223,946843,0,0.00000000,0.00000000,0.00,0,0,0.35,0.376,0.1470,0.7350,2.2540,2.3754,0.697937,0.068665,-0.042480,0.711609,7.756,67.5,-1
1782768515.018,4224,947062,0,0.00000000,0.00000000,0.00,0,0,0.30,-0.202,0.5390,0.6370,1.9600,2.1302,0.697937,0.068665,-0.042480,0.711609,7.758,70.0,-1
1782768515.269,4225,947285,0,0.00000000,0.00000000,0.00,0,0,0.36,0.580,0.2940,0.5880,0.4900,0.8199,0.697937,0.068665,-0.042480,0.711548,7.758,67.5,-1
1782768515.471,4226,947525,0,0.00000000,0.00000000,0.00,0,0,0.30,0.011,-0.5880,0.4410,1.0290,1.2645,0.697937,0.068665,-0.042480,0.711548,7.760,68.8,-1
1782768515.722,4227,947745,0,0.00000000,0.00000000,0.00,0,0,0.37,0.079,0.4900,1.0780,1.7640,2.1246,0.697937,0.068726,-0.042480,0.711548,7.759,68.8,-1
1782768515.910,4228,947968,0,0.00000000,0.00000000,0.00,0,0,0.40,-0.003,0.0000,0.1960,2.1070,2.1161,0.697937,0.068665,-0.042480,0.711548,7.751,75.0,-1
1782768516.158,4229,948191,0,0.00000000,0.00000000,0.00,0,0,0.31,-0.521,-0.1470,1.1760,0.8820,1.4773,0.697937,0.068604,-0.042419,0.711609,7.756,76.2,-1
1782768516.345,4230,948418,0,0.00000000,0.00000000,0.00,0,0,0.50,0.715,0.0980,0.5880,1.2740,1.4066,0.697937,0.068604,-0.042419,0.711609,7.755,75.0,-1
1782768516.609,4231,948638,0,0.00000000,0.00000000,0.00,0,0,0.39,0.075,0.1470,0.8330,1.2250,1.4887,0.697937,0.068665,-0.042419,0.711609,7.754,72.5,-1
1782768516.795,4232,948855,0,0.00000000,0.00000000,0.00,0,0,0.20,-0.580,0.1960,0.8330,1.9110,2.0939,0.697937,0.068665,-0.042419,0.711548,7.753,73.8,-1
1782768517.045,4233,949077,0,0.00000000,0.00000000,0.00,0,0,0.29,0.201,1.3720,0.9310,2.0580,2.6428,0.697937,0.068665,-0.042480,0.711548,7.751,76.2,-1
1782768517.233,4234,949297,0,0.00000000,0.00000000,0.00,0,0,0.18,-0.477,0.3430,0.6370,1.4700,1.6384,0.697937,0.068665,-0.042419,0.711609,7.755,77.5,-1
1782768517.481,4235,949511,0,0.00000000,0.00000000,0.00,0,0,0.35,0.499,0.5390,0.4410,1.3720,1.5386,0.697937,0.068604,-0.042358,0.711609,7.758,73.8,-1
1782768517.667,4236,949737,0,0.00000000,0.00000000,0.00,0,0,0.24,0.064,0.6860,0.1470,1.4700,1.6288,0.697937,0.068665,-0.042297,0.711548,7.750,78.8,-1
1782768517.920,4237,949958,0,0.00000000,0.00000000,0.00,0,0,0.22,-0.118,0.8820,0.1470,3.2340,3.3553,0.697937,0.068665,-0.042358,0.711548,7.753,73.8,-1
1782768518.106,4238,950179,0,0.00000000,0.00000000,0.00,0,0,0.31,0.288,0.8820,1.1270,1.7640,2.2715,0.697937,0.068665,-0.042419,0.711548,7.759,77.5,-1
1782768518.357,4239,950400,0,0.00000000,0.00000000,0.00,0,0,0.29,-0.247,0.3920,0.6860,1.3230,1.5410,0.697937,0.068665,-0.042419,0.711548,7.754,75.0,-1
1782768518.544,4240,950613,0,0.00000000,0.00000000,0.00,0,0,0.25,-0.684,0.2450,0.6370,1.6660,1.8004,0.697937,0.068665,-0.042419,0.711548,7.755,77.5,-1
1782768518.793,4241,950831,0,0.00000000,0.00000000,0.00,0,0,0.33,-0.012,0.1470,0.3920,2.3030,2.3407,0.697937,0.068726,-0.042419,0.711548,7.756,76.2,-1
1782768518.981,4242,951050,0,0.00000000,0.00000000,0.00,0,0,0.29,-0.281,0.3920,0.5880,1.7150,1.8549,0.697937,0.068726,-0.042358,0.711548,7.755,76.2,-1
1782768519.231,4243,951273,0,0.00000000,0.00000000,0.00,0,0,0.26,-0.322,0.1470,0.5390,1.4210,1.5269,0.697937,0.068665,-0.042358,0.711548,7.758,73.8,-1
1782768519.480,4244,951518,0,0.00000000,0.00000000,0.00,0,0,0.28,-0.258,0.1470,1.2250,2.1560,2.4841,0.697937,0.068726,-0.042419,0.711548,7.755,78.8,-1
1782768519.667,4245,951743,0,0.00000000,0.00000000,0.00,0,0,0.33,-0.094,0.2940,0.5880,1.6660,1.7910,0.697937,0.068726,-0.042419,0.711548,7.750,77.5,-1
1782768519.916,4246,951963,0,0.00000000,0.00000000,0.00,0,0,0.22,-0.473,0.3920,0.6860,1.9600,2.1133,0.697937,0.068726,-0.042419,0.711548,7.749,80.0,-1
1782768520.168,4247,952187,0,0.00000000,0.00000000,0.00,0,0,0.17,-0.374,-0.3920,0.6370,0.0490,0.7496,0.697937,0.068726,-0.042419,0.711548,7.756,75.0,-1
1782768520.355,4248,952412,0,0.00000000,0.00000000,0.00,0,0,0.35,0.546,0.1960,0.8820,1.2740,1.5619,0.697937,0.068665,-0.042419,0.711548,7.755,78.8,-1
1782768520.604,4249,952627,0,0.00000000,0.00000000,0.00,0,0,0.39,0.703,0.4900,0.6370,1.5680,1.7620,0.697937,0.068726,-0.042419,0.711548,7.756,77.5,-1
1782768520.807,4250,952846,0,0.00000000,0.00000000,0.00,0,0,0.34,-0.156,0.1470,1.1760,1.7640,2.1252,0.697937,0.068726,-0.042419,0.711548,7.756,71.2,-1
1782768520.995,4251,953067,0,0.00000000,0.00000000,0.00,0,0,0.34,0.121,0.7350,0.8820,1.9110,2.2294,0.697937,0.068726,-0.042480,0.711548,7.756,77.5,-1
1782768521.258,4252,953287,0,0.00000000,0.00000000,0.00,0,0,0.39,0.485,-0.0490,0.5390,1.0780,1.2062,0.697937,0.068726,-0.042480,0.711548,7.754,75.0,-1
1782768521.445,4253,953500,0,0.00000000,0.00000000,0.00,0,0,0.30,-0.350,0.0980,0.5390,1.8620,1.9409,0.697937,0.068726,-0.042480,0.711548,7.758,73.8,-1
1782768521.695,4254,953716,0,0.00000000,0.00000000,0.00,0,0,0.25,-0.288,0.1960,0.6860,1.4700,1.6340,0.697937,0.068726,-0.042480,0.711548,7.755,77.5,-1
1782768521.884,4255,953937,0,0.00000000,0.00000000,0.00,0,0,0.27,-0.311,0.5390,0.6860,1.2740,1.5441,0.697937,0.068726,-0.042480,0.711548,7.754,78.8,-1
1782768522.134,4256,954160,0,0.00000000,0.00000000,0.00,0,0,0.33,0.209,0.0490,0.3430,1.4210,1.4626,0.697937,0.068726,-0.042480,0.711548,7.756,75.0,-1
1782768522.340,4257,954380,0,0.00000000,0.00000000,0.00,0,0,0.35,0.318,0.1960,0.6370,1.7640,1.8857,0.697937,0.068726,-0.042480,0.711548,7.755,73.8,-1
1782768522.527,4258,954599,0,0.00000000,0.00000000,0.00,0,0,0.30,-0.495,0.0980,0.2940,1.3230,1.3588,0.697937,0.068726,-0.042603,0.711548,7.755,76.2,-1
1782768522.778,4259,954821,0,0.00000000,0.00000000,0.00,0,0,0.32,-0.081,0.4900,0.2940,1.6660,1.7613,0.697937,0.068726,-0.042664,0.711548,7.755,72.5,-1
1782768522.966,4260,955038,0,0.00000000,0.00000000,0.00,0,0,0.23,-0.591,-0.5880,1.1270,0.9800,1.6051,0.697937,0.068726,-0.042664,0.711548,7.754,77.5,-1
1782768523.218,4261,955263,0,0.00000000,0.00000000,0.00,0,0,0.24,0.175,-0.1960,0.9800,1.0780,1.4700,0.697937,0.068726,-0.042664,0.711548,7.755,71.2,-1
1782768523.469,4262,955503,0,0.00000000,0.00000000,0.00,0,0,0.35,0.207,0.1470,0.5390,1.6170,1.7108,0.697937,0.068726,-0.042664,0.711548,7.756,72.5,-1
1782768523.655,4263,955722,0,0.00000000,0.00000000,0.00,0,0,0.28,-0.111,0.3430,0.5390,1.9600,2.0615,0.697937,0.068726,-0.042603,0.711548,7.755,77.5,-1
1782768523.905,4264,955943,0,0.00000000,0.00000000,0.00,0,0,0.22,-0.112,0.1470,0.6370,1.0290,1.2191,0.697937,0.068726,-0.042603,0.711548,7.753,73.8,-1
1782768524.091,4265,956165,0,0.00000000,0.00000000,0.00,0,0,0.12,-0.727,0.1470,0.2940,0.9800,1.0337,0.697937,0.068726,-0.042542,0.711548,7.759,71.2,-1
1782768524.342,4266,956383,0,0.00000000,0.00000000,0.00,0,0,0.18,-0.390,0.2940,0.2450,1.3720,1.4244,0.697937,0.068726,-0.042542,0.711548,7.758,71.2,-1
1782768524.592,4267,956606,0,0.00000000,0.00000000,0.00,0,0,0.31,0.348,0.0490,1.2250,1.0290,1.6006,0.697937,0.068726,-0.042542,0.711548,7.758,72.5,-1
1782768524.778,4268,956834,0,0.00000000,0.00000000,0.00,0,0,0.26,-0.235,0.0000,0.2940,1.3230,1.3553,0.697937,0.068726,-0.042542,0.711548,7.750,77.5,-1
1782768525.026,4269,957054,0,0.00000000,0.00000000,0.00,0,0,0.23,0.022,0.2940,0.2450,1.2740,1.3302,0.697937,0.068665,-0.042603,0.711609,7.753,78.8,-1
1782768525.211,4270,957277,0,0.00000000,0.00000000,0.00,0,0,0.29,0.031,0.4410,0.1960,1.5190,1.5938,0.697937,0.068665,-0.042542,0.711609,7.756,77.5,-1
1782768525.463,4271,957518,0,0.00000000,0.00000000,0.00,0,0,0.31,0.177,0.0000,0.3430,1.4700,1.5095,0.697937,0.068665,-0.042480,0.711609,7.754,77.5,-1
1782768525.729,4272,957747,0,0.00000000,0.00000000,0.00,0,0,0.37,-0.074,0.3430,0.7350,1.6170,1.8090,0.697937,0.068604,-0.042419,0.711609,7.755,76.2,-1
1782768525.919,4273,957969,0,0.00000000,0.00000000,0.00,0,0,0.32,-0.143,-0.2450,0.5880,0.7350,0.9726,0.697937,0.068542,-0.042358,0.711609,7.754,78.8,-1
1782768526.169,4274,958190,0,0.00000000,0.00000000,0.00,0,0,0.31,-0.337,0.1470,0.9310,2.0090,2.2191,0.697937,0.068542,-0.042358,0.711609,7.755,73.8,-1
1782768526.357,4275,958412,0,0.00000000,0.00000000,0.00,0,0,0.29,-0.219,0.5390,0.4410,1.4210,1.5825,0.697937,0.068604,-0.042419,0.711609,7.755,76.2,-1
1782768526.605,4276,958630,0,0.00000000,0.00000000,0.00,0,0,0.25,-0.529,0.3430,0.4410,0.9800,1.1281,0.697937,0.068604,-0.042358,0.711609,7.754,73.8,-1
1782768526.792,4277,958852,0,0.00000000,0.00000000,0.00,0,0,0.25,-0.049,0.0000,0.8330,1.1760,1.4411,0.697937,0.068604,-0.042358,0.711609,7.756,77.5,-1
1782768527.042,4278,959074,0,0.00000000,0.00000000,0.00,0,0,0.22,-0.122,1.0780,-0.0490,2.4500,2.6771,0.697937,0.068542,-0.042358,0.711609,7.758,67.5,-1
1782768527.228,4279,959302,0,0.00000000,0.00000000,0.00,0,0,0.24,0.248,0.2940,0.7350,0.8330,1.1492,0.697937,0.068542,-0.042297,0.711609,7.754,76.2,-1
1782768527.476,4280,959514,0,0.00000000,0.00000000,0.00,0,0,0.31,0.370,-0.1470,0.5390,1.0290,1.1709,0.697937,0.068542,-0.042358,0.711609,7.761,67.5,-1
1782768527.663,4281,959736,0,0.00000000,0.00000000,0.00,0,0,0.19,-0.384,-0.4410,1.3230,0.2940,1.4252,0.697937,0.068604,-0.042419,0.711609,7.756,76.2,-1
1782768527.913,4282,959960,0,0.00000000,0.00000000,0.00,0,0,0.25,-0.022,0.3920,0.3920,1.8130,1.8959,0.697937,0.068665,-0.042419,0.711609,7.754,78.8,-1
1782768528.158,4283,960184,0,0.00000000,0.00000000,0.00,0,0,0.19,-0.486,0.5390,0.6370,1.7640,1.9514,0.697937,0.068665,-0.042419,0.711609,7.756,76.2,-1
1782768528.346,4284,960402,0,0.00000000,0.00000000,0.00,0,0,0.34,0.265,0.5390,0.7840,1.8620,2.0910,0.697937,0.068665,-0.042419,0.711609,7.753,80.0,-1
1782768528.595,4285,960616,0,0.00000000,0.00000000,0.00,0,0,0.33,0.180,-0.6370,1.2740,0.4410,1.4911,0.697937,0.068604,-0.042358,0.711609,7.758,75.0,-1
1782768528.797,4286,960837,0,0.00000000,0.00000000,0.00,0,0,0.21,-0.535,0.3920,0.3430,2.0580,2.1229,0.697937,0.068604,-0.042419,0.711609,7.758,75.0,-1
1782768529.048,4287,961062,0,0.00000000,0.00000000,0.00,0,0,0.32,0.409,-0.4900,0.5390,0.3430,0.8052,0.697937,0.068604,-0.042358,0.711609,7.753,81.2,-1
1782768529.233,4288,961287,0,0.00000000,0.00000000,0.00,0,0,0.19,-0.527,0.0980,1.4700,1.7640,2.2983,0.697937,0.068542,-0.042358,0.711609,7.754,73.8,-1
1782768529.480,4289,961499,0,0.00000000,0.00000000,0.00,0,0,0.14,-0.414,-0.3430,0.8820,1.7150,1.9588,0.697937,0.068542,-0.042297,0.711609,7.756,67.5,-1
1782768529.668,4290,961719,0,0.00000000,0.00000000,0.00,0,0,0.40,0.651,0.1960,0.5880,1.3720,1.5055,0.697937,0.068604,-0.042358,0.711609,7.756,68.8,-1
1782768529.917,4291,961940,0,0.00000000,0.00000000,0.00,0,0,0.35,0.254,-0.2940,1.2250,1.1760,1.7234,0.697937,0.068604,-0.042358,0.711609,7.755,73.8,-1
1782768530.117,4292,962165,0,0.00000000,0.00000000,0.00,0,0,0.26,-0.453,0.1960,0.1470,0.9310,0.9627,0.697937,0.068604,-0.042419,0.711609,7.751,81.2,-1
1782768530.320,4293,962389,0,0.00000000,0.00000000,0.00,0,0,0.26,0.038,0.1960,0.3430,1.7640,1.8077,0.697937,0.068665,-0.042419,0.711609,7.759,75.0,-1
1782768530.570,4294,962601,0,0.00000000,0.00000000,0.00,0,0,0.37,0.330,0.6370,0.1960,2.0090,2.1167,0.697937,0.068665,-0.042419,0.711548,7.755,78.8,-1
1782768530.758,4295,962827,0,0.00000000,0.00000000,0.00,0,0,0.27,-0.178,0.1960,0.6370,0.5880,0.8888,0.697937,0.068665,-0.042419,0.711609,7.755,75.0,-1
1782768531.009,4296,963051,0,0.00000000,0.00000000,0.00,0,0,0.12,-0.357,0.3920,1.0780,2.2050,2.4855,0.697937,0.068665,-0.042419,0.711609,7.753,76.2,-1
1782768531.197,4297,963270,0,0.00000000,0.00000000,0.00,0,0,0.27,0.487,0.0980,0.9310,1.9600,2.1721,0.697937,0.068665,-0.042419,0.711609,7.756,76.2,-1
1782768531.465,4298,963516,0,0.00000000,0.00000000,0.00,0,0,0.13,-0.464,0.3920,0.7350,1.9600,2.1297,0.697937,0.068665,-0.042419,0.711548,7.756,75.0,-1
1782768531.714,4299,963743,0,0.00000000,0.00000000,0.00,0,0,0.29,0.546,0.0490,1.1270,1.6170,1.9716,0.697937,0.068665,-0.042480,0.711548,7.756,72.5,-1
1782768531.901,4300,963965,0,0.00000000,0.00000000,0.00,0,0,0.22,-0.076,0.2450,0.7840,1.7150,1.9016,0.697937,0.068665,-0.042419,0.711609,7.751,78.8,-1
1782768532.166,4301,964191,0,0.00000000,0.00000000,0.00,0,0,0.38,0.825,0.2450,0.2940,1.0780,1.1439,0.697937,0.068604,-0.042358,0.711609,7.753,80.0,-1
1782768532.352,4302,964414,0,0.00000000,0.00000000,0.00,0,0,0.30,0.114,0.2940,0.8820,1.7150,1.9508,0.697937,0.068604,-0.042358,0.711609,7.755,75.0,-1
1782768532.601,4303,964635,0,0.00000000,0.00000000,0.00,0,0,0.20,-0.625,0.3430,0.6860,0.9800,1.2444,0.697937,0.068604,-0.042358,0.711609,7.755,73.8,-1
1782768532.790,4304,964855,0,0.00000000,0.00000000,0.00,0,0,0.24,0.180,0.3430,0.6860,1.6170,1.7897,0.697937,0.068542,-0.042297,0.711609,7.754,78.8,-1
1782768533.041,4305,965073,0,0.00000000,0.00000000,0.00,0,0,0.30,0.194,0.2450,0.0000,1.8130,1.8295,0.697937,0.068542,-0.042297,0.711609,7.751,82.5,-1
1782768533.227,4306,965297,0,0.00000000,0.00000000,0.00,0,0,0.34,0.265,0.6370,0.2450,3.3810,3.4492,0.697937,0.068542,-0.042297,0.711609,7.755,77.5,-1
1782768533.474,4307,965518,0,0.00000000,0.00000000,0.00,0,0,0.20,-0.128,1.3230,0.4900,2.5480,2.9125,0.697937,0.068604,-0.042358,0.711609,7.758,71.2,-1
1782768533.725,4308,965741,0,0.00000000,0.00000000,0.00,0,0,0.25,0.127,0.3920,0.2940,1.5680,1.6428,0.697937,0.068665,-0.042419,0.711609,7.758,75.0,-1
1782768533.913,4309,965965,0,0.00000000,0.00000000,0.00,0,0,0.28,0.324,0.3430,0.1960,1.8620,1.9034,0.697937,0.068665,-0.042419,0.711609,7.751,81.2,-1
1782768534.164,4310,966188,0,0.00000000,0.00000000,0.00,0,0,0.33,0.419,-0.4900,0.4900,0.7840,1.0464,0.697937,0.068665,-0.042419,0.711609,7.760,67.5,-1
1782768534.350,4311,966409,0,0.00000000,0.00000000,0.00,0,0,0.38,0.429,0.4410,0.8820,1.2740,1.6110,0.697937,0.068604,-0.042358,0.711609,7.760,71.2,-1
1782768534.599,4312,966626,0,0.00000000,0.00000000,0.00,0,0,0.20,-0.470,0.0490,0.5390,1.8620,1.9391,0.697937,0.068542,-0.042358,0.711609,7.758,72.5,-1
1782768534.786,4313,966849,0,0.00000000,0.00000000,0.00,0,0,0.16,-0.296,0.3920,0.9310,1.5680,1.8652,0.697937,0.068542,-0.042297,0.711609,7.761,68.8,-1
1782768535.034,4314,967067,0,0.00000000,0.00000000,0.00,0,0,0.18,-0.076,1.2740,0.3920,2.2050,2.5766,0.697937,0.068665,-0.042358,0.711609,7.758,72.5,-1
1782768535.220,4315,967290,0,0.00000000,0.00000000,0.00,0,0,0.25,0.050,0.6860,1.4210,1.4210,2.1235,0.697937,0.068726,-0.042358,0.711548,7.760,70.0,-1
1782768535.468,4316,967506,0,0.00000000,0.00000000,0.00,0,0,0.26,-0.137,0.4410,0.9310,1.2740,1.6384,0.697937,0.068726,-0.042419,0.711548,7.758,75.0,-1
1782768535.655,4317,967729,0,0.00000000,0.00000000,0.00,0,0,0.31,0.411,0.0980,1.1270,1.1270,1.5968,0.697937,0.068726,-0.042419,0.711548,7.758,72.5,-1
1782768535.903,4318,967952,0,0.00000000,0.00000000,0.00,0,0,0.24,-0.168,0.2450,0.5390,1.8620,1.9539,0.697937,0.068665,-0.042358,0.711548,7.755,76.2,-1
1782768536.151,4319,968172,0,0.00000000,0.00000000,0.00,0,0,0.32,0.485,0.5880,0.6370,1.9600,2.1432,0.697937,0.068665,-0.042480,0.711609,7.755,73.8,-1
1782768536.340,4320,968392,0,0.00000000,0.00000000,0.00,0,0,0.18,-0.674,0.6370,0.5390,1.6660,1.8633,0.697937,0.068604,-0.042542,0.711609,7.755,73.8,-1
1782768536.541,4321,968605,0,0.00000000,0.00000000,0.00,0,0,0.11,-0.458,0.4900,1.0290,1.5680,1.9384,0.697937,0.068481,-0.042480,0.711609,7.758,72.5,-1
1782768536.807,4322,968830,0,0.00000000,0.00000000,0.00,0,0,0.21,0.380,0.1960,0.7840,1.1760,1.4269,0.697937,0.068481,-0.042419,0.711609,7.758,71.2,-1
1782768536.993,4323,969055,0,0.00000000,0.00000000,0.00,0,0,0.24,0.311,0.1960,0.7350,1.8620,2.0114,0.697937,0.068481,-0.042358,0.711609,7.761,67.5,-1
1782768537.243,4324,969272,0,0.00000000,0.00000000,0.00,0,0,0.15,0.024,-0.1470,0.4410,1.1760,1.2645,0.697937,0.068481,-0.042358,0.711609,7.756,72.5,-1
1782768537.495,4325,969519,0,0.00000000,0.00000000,0.00,0,0,0.20,0.052,0.8330,1.4700,1.6660,2.3728,0.697937,0.068481,-0.042358,0.711609,7.761,67.5,-1
1782768537.697,4326,969747,0,0.00000000,0.00000000,0.00,0,0,0.13,-0.534,0.0980,1.1270,1.5680,1.9335,0.697937,0.068481,-0.042419,0.711609,7.759,70.0,-1
1782768537.896,4327,969969,0,0.00000000,0.00000000,0.00,0,0,0.19,-0.236,-0.0490,1.3720,1.8130,2.2741,0.697937,0.068481,-0.042419,0.711609,7.753,77.5,-1
1782768538.148,4328,970191,0,0.00000000,0.00000000,0.00,0,0,0.23,-0.268,1.8130,0.3430,3.0380,3.5544,0.697937,0.068542,-0.042419,0.711609,7.756,71.2,-1
1782768538.397,4329,970418,0,0.00000000,0.00000000,0.00,0,0,0.10,-0.517,-0.2450,0.8820,1.0290,1.3772,0.697937,0.068542,-0.042419,0.711609,7.756,70.0,-1
1782768538.581,4330,970635,0,0.00000000,0.00000000,0.00,0,0,0.13,0.212,0.9800,0.5390,2.3030,2.5602,0.697937,0.068604,-0.042419,0.711609,7.756,72.5,-1
1782768538.831,4331,970859,0,0.00000000,0.00000000,0.00,0,0,0.24,0.387,0.3920,-0.1470,1.6170,1.6703,0.697937,0.068604,-0.042480,0.711609,7.759,70.0,-1
1782768539.033,4332,971079,0,0.00000000,0.00000000,0.00,0,0,0.20,0.036,0.3920,0.0490,1.8620,1.9034,0.697937,0.068665,-0.042480,0.711609,7.759,71.2,-1
1782768539.235,4333,971307,0,0.00000000,0.00000000,0.00,0,0,0.27,0.251,0.5880,0.4900,0.6860,1.0278,0.697937,0.068665,-0.042480,0.711609,7.755,75.0,-1
1782768539.488,4334,971522,0,0.00000000,0.00000000,0.00,0,0,0.27,0.101,0.8330,0.8820,1.9600,2.3051,0.697937,0.068665,-0.042419,0.711609,7.760,70.0,-1
1782768539.674,4335,971748,0,0.00000000,0.00000000,0.00,0,0,0.16,-0.510,0.1470,0.9800,1.9110,2.1527,0.697937,0.068604,-0.042358,0.711609,7.755,76.2,-1
1782768539.922,4336,971967,0,0.00000000,0.00000000,0.00,0,0,0.19,-0.097,-0.0490,0.7350,1.5680,1.7324,0.697937,0.068665,-0.042419,0.711609,7.755,78.8,-1
1782768540.126,4337,972188,0,0.00000000,0.00000000,0.00,0,0,0.19,0.349,-0.2940,1.6660,1.0780,2.0060,0.697937,0.068665,-0.042419,0.711548,7.754,71.2,-1
1782768540.391,4338,972413,0,0.00000000,0.00000000,0.00,0,0,0.19,-0.143,0.2450,1.0290,1.7640,2.0568,0.697937,0.068665,-0.042419,0.711548,7.758,71.2,-1
1782768540.578,4339,972630,0,0.00000000,0.00000000,0.00,0,0,0.26,0.309,0.3430,0.3920,1.5680,1.6523,0.697937,0.068665,-0.042419,0.711548,7.756,77.5,-1
1782768540.828,4340,972851,0,0.00000000,0.00000000,0.00,0,0,0.21,-0.004,0.5390,0.7350,1.2740,1.5665,0.697937,0.068665,-0.042419,0.711548,7.754,76.2,-1
1782768541.015,4341,973074,0,0.00000000,0.00000000,0.00,0,0,0.22,-0.030,1.4210,-0.1470,2.2540,2.6686,0.697937,0.068604,-0.042358,0.711609,7.758,72.5,-1
