rx_time,seq,timestamp_ms,state,lat,lon,gps_alt_m,gps_sats,gps_fix,baro_alt_m,vert_vel_ms,accel_x_g,accel_y_g,accel_z_g,accel_mag_g,quat_w,quat_x,quat_y,quat_z,voltage_v,current_ma,rssi
1785813481.228,1882,434353,0,0.00000000,0.00000000,0.00,0,0,-38.68,0.017,-1.1760,-1.1270,2.7930,3.2333,0.454590,-0.405212,0.057007,0.791138,8.000,148.8,-1
1785813481.228,1883,434574,0,0.00000000,0.00000000,0.00,0,0,-38.61,0.052,-0.8330,0.5880,1.1760,1.5565,0.454529,-0.405273,0.057129,0.791138,7.999,148.8,-1
1785813482.514,1888,435679,0,0.00000000,0.00000000,0.00,0,0,-38.74,-0.037,0.0980,-0.3430,0.9800,1.0429,0.454285,-0.405151,0.057434,0.791321,7.996,147.5,-1
1785813483.804,1889,435902,0,0.00000000,0.00000000,0.00,0,0,-38.76,-0.037,-0.5390,0.1960,0.6860,0.8942,0.454224,-0.405151,0.057434,0.791321,7.997,155.0,-1
1785813483.804,1893,436816,0,0.00000000,0.00000000,0.00,0,0,-38.69,-0.025,-0.4410,0.1960,0.6860,0.8387,0.454224,-0.405151,0.057434,0.791321,7.997,151.2,-1
1785813483.804,1894,437040,0,0.00000000,0.00000000,0.00,0,0,-38.66,-0.008,-0.3920,0.1470,1.0290,1.1109,0.454224,-0.405090,0.057434,0.791382,7.997,145.0,-1
1785813485.083,1899,438147,0,0.00000000,0.00000000,0.00,0,0,-38.75,-0.043,-0.0980,0.0490,0.1470,0.1833,0.454041,-0.405029,0.057861,0.791504,7.996,152.5,-1
1785813485.083,1900,438372,0,0.00000000,0.00000000,0.00,0,0,-38.76,-0.048,-0.5390,0.4410,0.9800,1.2022,0.453979,-0.405090,0.057922,0.791443,7.997,146.2,-1
1785813486.370,1905,439472,0,0.00000000,0.00000000,0.00,0,0,-38.73,-0.042,-0.5390,0.1960,0.9310,1.0935,0.454041,-0.405212,0.057861,0.791382,7.997,156.2,-1
1785813486.370,1906,439697,0,0.00000000,0.00000000,0.00,0,0,-38.65,0.022,-0.6860,-0.1960,1.6170,1.7674,0.454041,-0.405151,0.057861,0.791443,7.997,147.5,-1
1785813488.955,1917,442133,0,0.00000000,0.00000000,0.00,0,0,-38.71,-0.005,-0.2940,0.1470,1.0290,1.0802,0.453918,-0.404907,0.058167,0.791626,7.997,145.0,-1
1785813490.238,1918,442352,0,0.00000000,0.00000000,0.00,0,0,-38.68,0.023,-0.3920,0.1470,1.0780,1.1564,0.453857,-0.404907,0.058289,0.791626,7.996,146.2,-1
1785813490.238,1922,443239,0,0.00000000,0.00000000,0.00,0,0,-38.83,-0.033,-0.4900,0.0980,1.1760,1.2778,0.453857,-0.404663,0.058228,0.791748,7.995,148.8,-1
1785813490.244,1923,443462,0,0.00000000,0.00000000,0.00,0,0,-38.87,-0.050,-0.4900,0.2450,1.0290,1.1657,0.453796,-0.404724,0.058289,0.791748,7.997,150.0,-1
1785813491.532,1928,444592,0,0.00000000,0.00000000,0.00,0,0,-38.76,0.014,-0.5880,0.6370,1.1270,1.4218,0.453735,-0.404846,0.058472,0.791687,8.000,153.8,-1
1785813491.532,1929,444814,0,0.00000000,0.00000000,0.00,0,0,-38.76,0.003,-0.3920,-0.1470,0.9800,1.0657,0.453735,-0.404907,0.058472,0.791687,7.997,148.8,-1
1785813492.811,1934,445924,0,0.00000000,0.00000000,0.00,0,0,-38.68,0.046,-0.4410,0.3430,1.5680,1.6646,0.453735,-0.404785,0.058533,0.791748,7.999,153.8,-1
1785813492.811,1935,446142,0,0.00000000,0.00000000,0.00,0,0,-38.76,0.005,-0.5880,0.3920,1.7150,1.8549,0.453735,-0.404785,0.058533,0.791748,7.999,150.0,-1
1785813494.102,1940,447248,0,0.00000000,0.00000000,0.00,0,0,-38.75,-0.035,-0.7840,0.4900,0.8330,1.2444,0.453735,-0.404663,0.058533,0.791809,7.996,156.2,-1
1785813495.391,1941,447468,0,0.00000000,0.00000000,0.00,0,0,-38.75,-0.025,-0.8330,0.4410,0.6860,1.1657,0.453735,-0.404602,0.058533,0.791809,7.997,148.8,-1
1785813495.391,1946,448574,0,0.00000000,0.00000000,0.00,0,0,-38.74,-0.017,-0.5390,0.3920,1.0290,1.2260,0.453552,-0.404968,0.058777,0.791748,7.999,145.0,-1
1785813496.684,1947,448793,0,0.00000000,0.00000000,0.00,0,0,-38.73,-0.009,-0.2450,0.0490,1.0780,1.1066,0.453552,-0.405090,0.058716,0.791687,7.999,148.8,-1
1785813496.684,1951,449682,0,0.00000000,0.00000000,0.00,0,0,-38.70,-0.006,-0.3430,0.0490,0.9800,1.0394,0.453430,-0.405029,0.058777,0.791748,7.995,151.2,-1
1785813496.684,1952,449903,0,0.00000000,0.00000000,0.00,0,0,-38.73,-0.035,-1.1270,0.5390,0.4900,1.3419,0.453430,-0.404968,0.058777,0.791748,7.999,150.0,-1
1785813497.966,1957,451049,0,0.00000000,0.00000000,0.00,0,0,-38.71,-0.037,-0.1960,-0.1470,0.5390,0.5921,0.453491,-0.404907,0.058777,0.791809,8.001,147.5,-1
1785813497.966,1958,451261,0,0.00000000,0.00000000,0.00,0,0,-38.74,-0.044,-0.5880,0.3920,0.8330,1.0924,0.453552,-0.405029,0.058655,0.791687,7.997,155.0,-1
1785813499.262,1963,452363,0,0.00000000,0.00000000,0.00,0,0,-38.80,-0.103,-0.2940,0.6370,1.5680,1.7178,0.453613,-0.404846,0.058838,0.791748,7.996,150.0,-1
1785813499.262,1964,452588,0,0.00000000,0.00000000,0.00,0,0,-38.82,-0.103,-0.6860,0.8330,0.6860,1.2787,0.453613,-0.404907,0.058838,0.791748,7.999,152.5,-1
1785813500.548,1969,453694,0,0.00000000,0.00000000,0.00,0,0,-38.74,-0.014,-0.5390,0.2940,1.0290,1.1982,0.453552,-0.404907,0.058899,0.791748,7.999,147.5,-1
1785813501.840,1970,453912,0,0.00000000,0.00000000,0.00,0,0,-38.61,0.058,-1.0290,0.1470,0.7840,1.3020,0.453552,-0.404846,0.058899,0.791748,7.999,143.8,-1
1785813501.841,1974,454827,0,0.00000000,0.00000000,0.00,0,0,-38.81,-0.019,-0.2450,-0.3430,1.2740,1.3419,0.453613,-0.404907,0.058838,0.791748,7.999,153.8,-1
1785813501.841,1975,455044,0,0.00000000,0.00000000,0.00,0,0,-38.71,0.040,-0.5390,0.6370,1.0290,1.3248,0.453613,-0.404907,0.058838,0.791748,7.996,150.0,-1
1785813503.114,1980,456149,0,0.00000000,0.00000000,0.00,0,0,-38.76,-0.022,-0.6860,0.1960,0.5880,0.9245,0.453552,-0.404907,0.058899,0.791748,7.997,151.2,-1
1785813503.114,1981,456368,0,0.00000000,0.00000000,0.00,0,0,-38.73,0.014,-1.0780,0.1960,1.7640,2.0766,0.453552,-0.404907,0.058899,0.791748,7.996,150.0,-1
1785813504.403,1986,457479,0,0.00000000,0.00000000,0.00,0,0,-38.68,0.047,-0.3920,0.2940,0.8330,0.9664,0.453552,-0.404785,0.058899,0.791809,7.999,147.5,-1
1785813504.403,1987,457702,0,0.00000000,0.00000000,0.00,0,0,-38.68,0.040,-0.4900,0.2450,0.7840,0.9564,0.453552,-0.404846,0.058960,0.791809,7.999,146.2,-1
1785813505.696,1992,458802,0,0.00000000,0.00000000,0.00,0,0,-38.64,0.095,-0.5390,0.3920,0.7840,1.0290,0.453186,-0.404907,0.059143,0.791931,7.999,148.8,-1
1785813505.696,1993,459024,0,0.00000000,0.00000000,0.00,0,0,-38.64,0.101,-0.2940,0.1470,0.9800,1.0337,0.453247,-0.404785,0.059143,0.791992,7.999,145.0,-1
1785813506.989,1998,460149,0,0.00000000,0.00000000,0.00,0,0,-38.73,0.015,-0.3430,0.1960,1.1270,1.1942,0.453247,-0.404785,0.059143,0.791992,7.997,145.0,-1
1785813508.271,1999,460368,0,0.00000000,0.00000000,0.00,0,0,-38.74,-0.012,-0.3920,0.0000,0.5390,0.6665,0.453247,-0.404724,0.059143,0.791992,8.000,142.5,-1
1785813508.271,2003,461257,0,0.00000000,0.00000000,0.00,0,0,-38.70,0.017,-0.3430,0.2940,1.0780,1.1688,0.453247,-0.404724,0.059082,0.791992,7.997,110.0,-1
1785813508.275,2004,461480,0,0.00000000,0.00000000,0.00,0,0,-38.69,0.015,-0.5390,0.2450,0.9800,1.1450,0.453247,-0.404663,0.059204,0.791992,7.996,150.0,-1
1785813509.568,2009,462590,0,0.00000000,0.00000000,0.00,0,0,-38.62,0.026,-0.3430,0.0490,1.1270,1.1791,0.453186,-0.404846,0.059326,0.791992,7.997,150.0,-1
1785813509.568,2010,462812,0,0.00000000,0.00000000,0.00,0,0,-38.57,0.028,-0.5390,0.4410,1.1270,1.3248,0.453186,-0.404846,0.059326,0.791992,7.997,147.5,-1
1785813510.849,2015,463922,0,0.00000000,0.00000000,0.00,0,0,-38.65,-0.026,-0.5390,0.0980,0.6860,0.8779,0.453125,-0.404724,0.059448,0.792053,7.997,152.5,-1
1785813510.849,2016,464138,0,0.00000000,0.00000000,0.00,0,0,-38.66,-0.010,-0.4900,0.1470,0.8820,1.0196,0.453125,-0.404724,0.059448,0.792053,7.996,146.2,-1
1785813512.134,2021,465246,0,0.00000000,0.00000000,0.00,0,0,-38.69,-0.063,-0.5390,0.6370,1.4700,1.6903,0.453125,-0.404724,0.059448,0.792053,7.995,151.2,-1
1785813512.134,2022,465471,0,0.00000000,0.00000000,0.00,0,0,-38.66,-0.038,-0.6370,0.4410,1.1760,1.4083,0.453125,-0.404663,0.059448,0.792053,7.997,147.5,-1
1785813513.432,2027,466578,0,0.00000000,0.00000000,0.00,0,0,-38.58,-0.007,-0.3920,0.1960,0.8820,0.9849,0.453125,-0.404663,0.059448,0.792053,7.995,150.0,-1
1785813514.719,2028,466801,0,0.00000000,0.00000000,0.00,0,0,-38.56,0.006,-0.5880,0.4410,0.8330,1.1109,0.453125,-0.404663,0.059509,0.792053,7.999,148.8,-1
1785813514.719,2033,467906,0,0.00000000,0.00000000,0.00,0,0,-38.75,-0.063,-0.3430,0.2450,0.9800,1.0668,0.453125,-0.404663,0.059509,0.792053,7.999,145.0,-1
1785813515.997,2034,468153,0,0.00000000,0.00000000,0.00,0,0,-38.69,-0.022,-0.2450,0.1470,1.2740,1.3056,0.453125,-0.404663,0.059509,0.792053,7.999,152.5,-1
1785813515.997,2038,469044,0,0.00000000,0.00000000,0.00,0,0,-38.73,-0.053,-0.1960,-0.0490,1.9600,1.9704,0.453125,-0.404724,0.059509,0.792053,7.999,150.0,-1
1785813516.001,2039,469263,0,0.00000000,0.00000000,0.00,0,0,-38.65,-0.022,-0.4410,0.3920,0.8820,1.0612,0.453125,-0.404724,0.059448,0.792053,7.999,150.0,-1
1785813517.296,2044,470369,0,0.00000000,0.00000000,0.00,0,0,-38.73,-0.073,-1.0780,0.4410,1.9110,2.2380,0.453125,-0.404724,0.059509,0.792053,7.999,145.0,-1
1785813517.296,2045,470587,0,0.00000000,0.00000000,0.00,0,0,-38.65,-0.029,-0.7350,0.0980,1.3720,1.5596,0.453125,-0.404724,0.059509,0.792053,8.001,142.5,-1
1785813518.574,2050,471679,0,0.00000000,0.00000000,0.00,0,0,-38.62,-0.036,-0.4900,0.5390,1.3720,1.5534,0.453125,-0.404663,0.059509,0.792053,7.997,152.5,-1
1785813518.574,2051,471902,0,0.00000000,0.00000000,0.00,0,0,-38.67,-0.049,-0.6860,0.6370,1.2250,1.5417,0.453125,-0.404663,0.059509,0.792053,7.997,152.5,-1
1785813519.864,2056,473043,0,0.00000000,0.00000000,0.00,0,0,-38.70,-0.028,-0.3920,0.2940,1.5190,1.5961,0.453125,-0.404724,0.059509,0.792053,7.999,147.5,-1
1785813521.153,2057,473257,0,0.00000000,0.00000000,0.00,0,0,-38.73,-0.040,-0.5390,0.1960,0.2940,0.6445,0.453064,-0.404724,0.059509,0.792053,7.997,146.2,-1
1785813521.153,2061,474137,0,0.00000000,0.00000000,0.00,0,0,-38.69,-0.010,-0.8330,0.0490,-0.0980,0.8402,0.453125,-0.404663,0.059509,0.792114,8.012,92.5,-1
1785813521.153,2062,474356,0,0.00000000,0.00000000,0.00,0,0,-38.64,0.029,-0.3920,0.1470,0.7840,0.8888,0.453125,-0.404602,0.059509,0.792114,7.997,150.0,-1
1785813522.434,2067,475457,0,0.00000000,0.00000000,0.00,0,0,-38.66,-0.004,-0.2940,-0.1960,1.7150,1.7510,0.453125,-0.404602,0.059509,0.792114,7.999,151.2,-1
1785813522.434,2068,475675,0,0.00000000,0.00000000,0.00,0,0,-38.67,-0.009,0.1960,0.1960,0.7840,0.8316,0.453125,-0.404602,0.059509,0.792114,7.997,151.2,-1
1785813523.734,2073,476813,0,0.00000000,0.00000000,0.00,0,0,-38.66,-0.007,-1.3230,1.0780,1.6170,2.3510,0.453125,-0.404602,0.059509,0.792114,7.999,151.2,-1
1785813523.734,2074,477035,0,0.00000000,0.00000000,0.00,0,0,-38.60,0.032,-0.5880,0.2940,0.9800,1.1801,0.453125,-0.404602,0.059509,0.792114,7.997,150.0,-1
1785813525.022,2079,478137,0,0.00000000,0.00000000,0.00,0,0,-38.69,-0.010,-0.6370,0.4900,1.1270,1.3842,0.453064,-0.404663,0.059570,0.792053,7.996,151.2,-1
1785813525.022,2080,478362,0,0.00000000,0.00000000,0.00,0,0,-38.70,-0.022,-0.3430,0.3920,1.3230,1.4218,0.453064,-0.404663,0.059570,0.792114,7.997,152.5,-1
1785813526.308,2085,479474,0,0.00000000,0.00000000,0.00,0,0,-38.78,-0.066,-0.6370,0.9310,0.8330,1.4023,0.453003,-0.404785,0.059692,0.792053,7.996,155.0,-1
1785813527.594,2086,479698,0,0.00000000,0.00000000,0.00,0,0,-38.75,-0.052,-0.6860,-0.0490,2.0090,2.1235,0.453064,-0.404724,0.059631,0.792053,7.997,151.2,-1
1785813527.594,2090,480590,0,0.00000000,0.00000000,0.00,0,0,-38.88,-0.090,-0.5880,0.4900,1.1760,1.4031,0.453064,-0.404602,0.059570,0.792114,7.997,150.0,-1
1785813527.598,2091,480806,0,0.00000000,0.00000000,0.00,0,0,-38.78,-0.025,-0.3920,0.1960,0.8820,0.9849,0.453125,-0.404602,0.059570,0.792114,7.995,152.5,-1
1785813528.880,2096,481912,0,0.00000000,0.00000000,0.00,0,0,-38.77,-0.035,-0.3920,0.2940,1.0290,1.1397,0.453064,-0.404663,0.059570,0.792114,7.996,148.8,-1
1785813528.880,2097,482128,0,0.00000000,0.00000000,0.00,0,0,-38.85,-0.067,-0.6860,0.3430,0.6370,0.9970,0.453003,-0.404724,0.059692,0.792114,7.999,146.2,-1
1785813530.171,2102,483237,0,0.00000000,0.00000000,0.00,0,0,-38.77,-0.031,-0.4900,0.3920,1.2250,1.3764,0.453064,-0.404663,0.059692,0.792114,7.996,145.0,-1
1785813530.171,2103,483462,0,0.00000000,0.00000000,0.00,0,0,-38.80,-0.053,-0.5390,0.2450,1.0780,1.2299,0.453003,-0.404724,0.059753,0.792114,7.996,151.2,-1
1785813531.452,2108,484596,0,0.00000000,0.00000000,0.00,0,0,-38.78,-0.039,-0.5390,0.3920,1.0780,1.2674,0.452942,-0.404724,0.059753,0.792114,7.997,155.0,-1
1785813532.751,2109,484816,0,0.00000000,0.00000000,0.00,0,0,-38.86,-0.082,-0.4410,0.2940,0.9310,1.0713,0.452881,-0.404785,0.059631,0.792175,7.997,148.8,-1
1785813532.751,2114,485918,0,0.00000000,0.00000000,0.00,0,0,-38.80,0.004,-0.5880,0.2940,1.0780,1.2626,0.452698,-0.404907,0.059814,0.792175,7.997,148.8,-1
1785813534.032,2115,486135,0,0.00000000,0.00000000,0.00,0,0,-38.80,0.002,-0.4410,-0.4410,1.4700,1.5968,0.452698,-0.404907,0.059814,0.792175,7.999,148.8,-1
1785813534.032,2119,487020,0,0.00000000,0.00000000,0.00,0,0,-38.81,-0.011,-0.4410,0.1960,0.7840,0.9206,0.452698,-0.404785,0.059814,0.792236,7.995,150.0,-1
1785813534.036,2120,487235,0,0.00000000,0.00000000,0.00,0,0,-38.80,0.002,0.0490,0.1960,1.1760,1.1932,0.452698,-0.404724,0.059814,0.792236,7.997,147.5,-1
1785813535.313,2125,488368,0,0.00000000,0.00000000,0.00,0,0,-38.96,-0.089,-0.4410,0.3430,1.1760,1.3020,0.452698,-0.404785,0.059814,0.792236,7.999,146.2,-1
1785813535.318,2126,488592,0,0.00000000,0.00000000,0.00,0,0,-38.82,0.016,-0.4900,0.0000,0.4410,0.6592,0.452698,-0.404846,0.059814,0.792236,7.999,148.8,-1
1785813536.610,2131,489698,0,0.00000000,0.00000000,0.00,0,0,-38.88,-0.021,-0.4900,0.3920,1.3230,1.4643,0.452698,-0.404846,0.059814,0.792175,7.999,147.5,-1
1785813536.610,2132,489919,0,0.00000000,0.00000000,0.00,0,0,-38.88,-0.030,-0.3430,0.3430,1.3230,1.4091,0.452698,-0.404846,0.059814,0.792236,7.999,147.5,-1
1785813537.894,2137,491018,0,0.00000000,0.00000000,0.00,0,0,-38.92,-0.077,-0.5880,0.2940,1.2740,1.4336,0.452698,-0.404846,0.059814,0.792236,8.000,152.5,-1
1785813537.894,2138,491232,0,0.00000000,0.00000000,0.00,0,0,-38.78,0.015,-0.3920,-0.0490,0.7840,0.8779,0.452698,-0.404846,0.059814,0.792236,8.000,145.0,-1
1785813539.180,2143,492372,0,0.00000000,0.00000000,0.00,0,0,-38.88,-0.029,-0.2940,0.1470,0.6860,0.7607,0.452698,-0.404907,0.059814,0.792175,8.001,148.8,-1
1785813540.469,2144,492593,0,0.00000000,0.00000000,0.00,0,0,-38.90,-0.010,-0.3430,0.0490,1.2250,1.2731,0.452698,-0.404907,0.059814,0.792175,7.999,153.8,-1
1785813540.469,2148,493476,0,0.00000000,0.00000000,0.00,0,0,-38.83,0.000,-0.1470,0.0000,0.9310,0.9425,0.452576,-0.404846,0.060059,0.792236,8.000,148.8,-1
1785813540.470,2149,493697,0,0.00000000,0.00000000,0.00,0,0,-38.81,0.013,-0.3920,0.0490,0.8820,0.9664,0.452576,-0.404846,0.059998,0.792236,8.000,150.0,-1
1785813541.761,2154,494795,0,0.00000000,0.00000000,0.00,0,0,-38.82,-0.016,-0.5880,0.1960,0.8330,1.0383,0.452637,-0.404846,0.059937,0.792236,7.997,153.8,-1
1785813541.765,2155,495021,0,0.00000000,0.00000000,0.00,0,0,-38.85,-0.031,-0.8820,0.0980,0.8820,1.2512,0.452637,-0.404846,0.059937,0.792236,7.999,148.8,-1
1785813543.043,2160,496143,0,0.00000000,0.00000000,0.00,0,0,-38.80,0.016,-0.5390,1.2740,0.2940,1.4142,0.452637,-0.404846,0.059875,0.792236,7.999,147.5,-1
1785813543.043,2161,496372,0,0.00000000,0.00000000,0.00,0,0,-38.79,0.020,-0.5880,0.2940,1.3230,1.4773,0.452637,-0.404907,0.059875,0.792236,7.997,151.2,-1
1785813544.343,2166,497486,0,0.00000000,0.00000000,0.00,0,0,-38.88,-0.005,-0.4410,0.2940,1.1760,1.2899,0.452637,-0.404907,0.059875,0.792175,8.000,143.8,-1
1785813545.619,2167,497708,0,0.00000000,0.00000000,0.00,0,0,-38.90,-0.035,-0.3920,0.2940,0.9800,1.0957,0.452637,-0.404907,0.059937,0.792175,7.999,150.0,-1
1785813545.619,2172,498818,0,0.00000000,0.00000000,0.00,0,0,-38.78,-0.004,-0.0980,-0.1470,1.1760,1.1892,0.452576,-0.404968,0.059998,0.792175,7.999,152.5,-1
1785813546.915,2173,499037,0,0.00000000,0.00000000,0.00,0,0,-38.76,0.023,-0.5880,0.4410,1.0780,1.3047,0.452576,-0.404907,0.060059,0.792236,7.996,155.0,-1
1785813546.915,2177,499931,0,0.00000000,0.00000000,0.00,0,0,-38.89,-0.069,-0.1960,0.0490,0.6370,0.6683,0.452576,-0.404907,0.059998,0.792236,8.000,147.5,-1
1785813546.915,2178,500147,0,0.00000000,0.00000000,0.00,0,0,-38.79,-0.008,-0.3920,0.2940,1.4210,1.5031,0.452576,-0.404907,0.060059,0.792236,7.999,146.2,-1
1785813548.198,2183,501264,0,0.00000000,0.00000000,0.00,0,0,-38.90,-0.065,-0.7840,0.2940,0.7350,1.1141,0.452576,-0.404846,0.059998,0.792236,7.999,150.0,-1
1785813548.198,2184,501465,0,0.00000000,0.00000000,0.00,0,0,-38.86,-0.045,-0.8820,1.0780,1.4210,1.9898,0.452576,-0.404846,0.060059,0.792236,8.000,148.8,-1
1785813549.481,2189,502574,0,0.00000000,0.00000000,0.00,0,0,-38.75,0.052,-0.5880,0.1470,1.2740,1.4108,0.452515,-0.404907,0.060181,0.792236,7.999,151.2,-1
1785813549.481,2190,502794,0,0.00000000,0.00000000,0.00,0,0,-38.88,-0.034,-0.3430,-0.3430,0.6370,0.8007,0.452515,-0.404968,0.060120,0.792236,7.997,151.2,-1
1785813550.781,2195,503894,0,0.00000000,0.00000000,0.00,0,0,-38.83,0.002,-0.4410,0.0980,1.3720,1.4445,0.452576,-0.404907,0.059998,0.792236,7.996,151.2,-1
1785813550.781,2196,504142,0,0.00000000,0.00000000,0.00,0,0,-38.84,-0.020,-0.9800,0.7350,1.5190,1.9514,0.452576,-0.404907,0.059998,0.792236,7.997,141.2,-1
1785813552.066,2201,505260,0,0.00000000,0.00000000,0.00,0,0,-38.89,-0.061,-0.7350,0.2940,0.8330,1.1492,0.452576,-0.404907,0.060120,0.792236,7.999,152.5,-1
1785813553.350,2202,505480,0,0.00000000,0.00000000,0.00,0,0,-38.85,-0.035,-0.3430,-0.5880,1.4210,1.5756,0.452515,-0.404907,0.060181,0.792236,7.999,151.2,-1
1785813553.350,2206,506361,0,0.00000000,0.00000000,0.00,0,0,-38.84,-0.028,-0.0490,0.1960,1.2250,1.2415,0.452515,-0.404907,0.060181,0.792236,7.997,153.8,-1
1785813553.350,2207,506585,0,0.00000000,0.00000000,0.00,0,0,-38.83,-0.017,-0.4900,0.2940,0.9310,1.0924,0.452515,-0.404846,0.060181,0.792297,7.999,140.0,-1
1785813554.646,2212,507669,0,0.00000000,0.00000000,0.00,0,0,-38.82,0.002,-0.6860,0.4410,1.0780,1.3517,0.452576,-0.404846,0.060120,0.792236,7.999,146.2,-1
1785813554.646,2213,507892,0,0.00000000,0.00000000,0.00,0,0,-38.85,-0.030,-0.4410,0.1470,1.1760,1.2645,0.452576,-0.404846,0.060059,0.792236,7.997,153.8,-1
1785813555.935,2218,509040,0,0.00000000,0.00000000,0.00,0,0,-38.79,0.014,-0.4410,0.2940,1.4210,1.5166,0.452576,-0.404724,0.060181,0.792297,7.997,147.5,-1
1785813555.935,2219,509259,0,0.00000000,0.00000000,0.00,0,0,-38.80,-0.005,-0.7350,0.5390,1.3720,1.6472,0.452515,-0.404846,0.060242,0.792297,7.997,151.2,-1
1785813557.219,2224,510374,0,0.00000000,0.00000000,0.00,0,0,-38.83,0.018,0.2450,-0.3920,1.8130,1.8710,0.452454,-0.404907,0.060364,0.792297,7.997,145.0,-1
1785813558.498,2225,510602,0,0.00000000,0.00000000,0.00,0,0,-38.89,-0.021,-0.1470,0.0000,0.9800,0.9910,0.452393,-0.404846,0.060425,0.792297,7.997,148.8,-1
1785813558.498,2230,511708,0,0.00000000,0.00000000,0.00,0,0,-38.93,-0.041,-0.2940,0.4410,1.0780,1.2012,0.452454,-0.404785,0.060303,0.792297,7.996,148.8,-1
1785813559.796,2235,512808,0,0.00000000,0.00000000,0.00,0,0,-38.89,-0.049,-0.5880,0.4900,1.1270,1.3623,0.452454,-0.404724,0.060364,0.792358,7.997,151.2,-1
1785813559.796,2236,513026,0,0.00000000,0.00000000,0.00,0,0,-38.86,-0.014,-0.7840,0.7840,0.7350,1.3302,0.452515,-0.404724,0.060364,0.792358,8.000,150.0,-1
1785813561.088,2241,514134,0,0.00000000,0.00000000,0.00,0,0,-38.85,-0.036,-0.5880,0.0000,2.1560,2.2347,0.452454,-0.404846,0.060364,0.792297,7.999,150.0,-1
1785813561.088,2242,514358,0,0.00000000,0.00000000,0.00,0,0,-38.76,0.020,-1.3230,0.1470,1.4210,1.9471,0.452393,-0.404785,0.060486,0.792358,8.000,150.0,-1
1785813562.373,2247,515452,0,0.00000000,0.00000000,0.00,0,0,-38.82,-0.015,-0.4410,0.2940,1.3230,1.4252,0.452454,-0.404846,0.060425,0.792297,7.997,150.0,-1
1785813562.373,2248,515670,0,0.00000000,0.00000000,0.00,0,0,-38.87,-0.065,-0.3920,0.1960,0.9310,1.0290,0.452454,-0.404785,0.060425,0.792297,7.997,148.8,-1
1785813563.664,2253,516761,0,0.00000000,0.00000000,0.00,0,0,-38.85,-0.043,-0.5390,0.3430,0.9310,1.1291,0.452454,-0.404663,0.060486,0.792419,7.999,146.2,-1
1785813563.668,2254,516986,0,0.00000000,0.00000000,0.00,0,0,-38.84,-0.046,-0.4410,0.0980,1.2740,1.3517,0.452454,-0.404663,0.060486,0.792419,7.999,143.8,-1
1785813564.942,2259,518090,0,0.00000000,0.00000000,0.00,0,0,-38.84,-0.038,-0.5880,0.4410,1.3720,1.5565,0.452393,-0.404663,0.060547,0.792419,7.999,146.2,-1
1785813566.234,2260,518309,0,0.00000000,0.00000000,0.00,0,0,-38.94,-0.110,-0.5390,0.3430,1.2740,1.4252,0.452454,-0.404724,0.060486,0.792358,8.000,143.8,-1
1785813566.234,2265,519411,0,0.00000000,0.00000000,0.00,0,0,-38.88,-0.031,-0.5880,0.4410,0.8330,1.1109,0.452454,-0.404785,0.060486,0.792358,7.999,145.0,-1
1785813567.520,2266,519630,0,0.00000000,0.00000000,0.00,0,0,-38.76,0.057,-0.6370,0.4410,1.0780,1.3275,0.452454,-0.404785,0.060425,0.792358,7.999,147.5,-1
1785813567.525,2270,520500,0,0.00000000,0.00000000,0.00,0,0,-38.88,-0.049,-0.2450,0.0980,1.1270,1.1575,0.452454,-0.404724,0.060486,0.792358,7.997,150.0,-1
1785813567.525,2271,520719,0,0.00000000,0.00000000,0.00,0,0,-38.87,-0.057,-0.7840,0.5390,1.3720,1.6696,0.452393,-0.404724,0.060547,0.792358,7.997,158.8,-1
1785813568.809,2276,521826,0,0.00000000,0.00000000,0.00,0,0,-38.82,0.004,-0.4900,0.2450,1.0780,1.2092,0.452454,-0.404663,0.060486,0.792419,7.997,150.0,-1
1785813568.809,2277,522047,0,0.00000000,0.00000000,0.00,0,0,-38.83,-0.021,-0.7840,0.2940,1.4210,1.6493,0.452515,-0.404663,0.060486,0.792358,7.997,151.2,-1
1785813570.095,2282,523143,0,0.00000000,0.00000000,0.00,0,0,-38.89,-0.038,-0.8330,0.4410,0.4900,1.0623,0.452515,-0.404541,0.060547,0.792419,7.999,150.0,-1
1785813570.095,2283,523367,0,0.00000000,0.00000000,0.00,0,0,-38.77,0.033,-0.3920,0.2940,0.8330,0.9664,0.452515,-0.404480,0.060608,0.792419,7.997,150.0,-1
1785813571.386,2288,524469,0,0.00000000,0.00000000,0.00,0,0,-38.90,-0.065,-0.7350,0.4900,1.0290,1.3562,0.452637,-0.404358,0.060547,0.792419,7.997,155.0,-1
1785813571.386,2289,524690,0,0.00000000,0.00000000,0.00,0,0,-38.94,-0.072,-0.4410,0.0000,0.9310,1.0302,0.452576,-0.404358,0.060547,0.792480,7.997,153.8,-1
1785813572.669,2294,525797,0,0.00000000,0.00000000,0.00,0,0,-38.96,-0.077,-0.6370,0.9800,0.3920,1.2328,0.452820,-0.404419,0.060486,0.792297,7.996,151.2,-1
1785813572.669,2295,526024,0,0.00000000,0.00000000,0.00,0,0,-38.97,-0.076,-1.6170,0.4900,0.6860,1.8236,0.452759,-0.404419,0.060547,0.792297,7.999,147.5,-1
1785813573.965,2300,527129,0,0.00000000,0.00000000,0.00,0,0,-38.88,-0.021,-0.4410,0.6860,1.2250,1.4716,0.452881,-0.404236,0.060486,0.792358,7.997,150.0,-1
1785813575.249,2301,527356,0,0.00000000,0.00000000,0.00,0,0,-38.88,-0.024,-0.4900,0.2940,0.8330,1.0102,0.452881,-0.404175,0.060486,0.792419,7.999,150.0,-1
1785813575.254,2305,528242,0,0.00000000,0.00000000,0.00,0,0,-39.06,-0.083,-0.4900,0.3430,0.6860,0.9101,0.452881,-0.404114,0.060364,0.792419,7.997,148.8,-1
1785813575.254,2306,528467,0,0.00000000,0.00000000,0.00,0,0,-39.07,-0.073,-0.3430,0.1960,0.8330,0.9219,0.452881,-0.404114,0.060425,0.792419,7.997,148.8,-1
1785813576.537,2311,529592,0,0.00000000,0.00000000,0.00,0,0,-39.02,-0.028,-0.0980,-0.0980,1.0780,1.0869,0.452881,-0.404053,0.060547,0.792480,7.995,150.0,-1
1785813576.537,2312,529819,0,0.00000000,0.00000000,0.00,0,0,-39.03,-0.046,-0.3920,0.2450,1.1270,1.2181,0.452820,-0.404053,0.060547,0.792480,7.996,155.0,-1
1785813577.825,2317,530938,0,0.00000000,0.00000000,0.00,0,0,-39.07,0.011,-0.2940,0.1470,1.0290,1.0802,0.452820,-0.404175,0.060547,0.792419,7.997,145.0,-1
1785813577.825,2318,531157,0,0.00000000,0.00000000,0.00,0,0,-39.06,0.033,-0.6860,0.6860,1.1760,1.5245,0.452820,-0.404175,0.060547,0.792419,7.999,146.2,-1
1785813579.112,2323,532265,0,0.00000000,0.00000000,0.00,0,0,-39.17,-0.029,-0.5390,0.3430,1.1760,1.3383,0.452820,-0.404053,0.060486,0.792480,7.999,153.8,-1
1785813580.408,2324,532489,0,0.00000000,0.00000000,0.00,0,0,-39.28,-0.098,-0.9800,0.5880,1.4700,1.8620,0.452820,-0.404175,0.060608,0.792419,7.996,147.5,-1
1785813580.408,2329,533590,0,0.00000000,0.00000000,0.00,0,0,-39.20,-0.047,-0.3430,0.3430,-0.0980,0.4949,0.452820,-0.404297,0.060669,0.792297,7.996,150.0,-1
1785813581.680,2330,533813,0,0.00000000,0.00000000,0.00,0,0,-39.06,0.036,-0.6370,0.4900,1.1760,1.4244,0.452820,-0.404297,0.060730,0.792358,7.999,143.8,-1
1785813581.680,2334,534705,0,0.00000000,0.00000000,0.00,0,0,-39.13,-0.023,0.2940,0.0490,1.0290,1.0713,0.452820,-0.404236,0.060791,0.792358,8.001,151.2,-1
1785813581.680,2335,534931,0,0.00000000,0.00000000,0.00,0,0,-39.02,0.039,-1.0780,-0.2940,1.4700,1.8465,0.452820,-0.404236,0.060730,0.792358,7.999,152.5,-1
1785813582.969,2340,536043,0,0.00000000,0.00000000,0.00,0,0,-39.09,-0.007,-0.6370,0.3920,1.0290,1.2721,0.452881,-0.404175,0.060730,0.792358,8.000,150.0,-1
1785813582.969,2341,536257,0,0.00000000,0.00000000,0.00,0,0,-38.99,0.048,-0.7350,0.4900,1.7150,1.9291,0.452881,-0.404175,0.060730,0.792358,7.999,152.5,-1
1785813584.259,2346,537360,0,0.00000000,0.00000000,0.00,0,0,-39.12,-0.095,-0.5880,0.0490,0.4900,0.7670,0.452820,-0.404175,0.060730,0.792358,8.001,155.0,-1
1785813584.259,2347,537577,0,0.00000000,0.00000000,0.00,0,0,-39.05,-0.068,-0.3430,0.2450,0.9800,1.0668,0.452759,-0.404236,0.060791,0.792358,8.000,151.2,-1
1785813585.548,2352,538689,0,0.00000000,0.00000000,0.00,0,0,-39.01,0.007,-0.6370,0.5880,1.1270,1.4218,0.452881,-0.404175,0.060608,0.792419,8.000,152.5,-1
1785813586.847,2353,538912,0,0.00000000,0.00000000,0.00,0,0,-38.97,0.015,-0.9800,0.5390,0.9800,1.4871,0.452881,-0.404114,0.060608,0.792419,8.000,150.0,-1
1785813586.847,2358,540011,0,0.00000000,0.00000000,0.00,0,0,-38.95,0.016,-0.6860,0.4410,1.0290,1.3130,0.452942,-0.403931,0.060547,0.792480,7.997,151.2,-1
1785813588.134,2359,540226,0,0.00000000,0.00000000,0.00,0,0,-38.93,0.024,-0.2940,0.3430,0.4900,0.6665,0.452942,-0.403992,0.060547,0.792480,7.997,152.5,-1
1785813588.135,2363,541140,0,0.00000000,0.00000000,0.00,0,0,-38.77,0.099,-0.5390,0.3430,0.8820,1.0891,0.452820,-0.403931,0.060730,0.792480,7.999,152.5,-1
1785813588.135,2364,541367,0,0.00000000,0.00000000,0.00,0,0,-38.82,0.065,-0.0490,-0.4900,2.2540,2.3072,0.452820,-0.403931,0.060791,0.792542,7.999,150.0,-1
1785813589.418,2369,542458,0,0.00000000,0.00000000,0.00,0,0,-38.79,0.054,-0.6860,0.3430,1.0290,1.2834,0.452881,-0.403809,0.060791,0.792542,7.996,148.8,-1
1785813589.418,2370,542678,0,0.00000000,0.00000000,0.00,0,0,-38.82,0.019,-0.4900,0.4900,1.2740,1.4503,0.452881,-0.403748,0.060669,0.792603,7.997,152.5,-1
1785813590.697,2375,543822,0,0.00000000,0.00000000,0.00,0,0,-38.79,0.036,-0.5390,0.1960,0.9800,1.1355,0.452881,-0.403870,0.060730,0.792542,8.000,147.5,-1
1785813590.697,2376,544040,0,0.00000000,0.00000000,0.00,0,0,-38.86,-0.010,-0.7350,0.0490,1.1270,1.3464,0.452881,-0.403809,0.060669,0.792542,7.999,155.0,-1
1785813592.000,2381,545138,0,0.00000000,0.00000000,0.00,0,0,-38.74,0.029,-1.1760,0.1470,1.6170,2.0048,0.452820,-0.403870,0.060791,0.792542,7.996,152.5,-1
1785813593.284,2382,545365,0,0.00000000,0.00000000,0.00,0,0,-38.86,-0.049,-0.5390,0.3920,1.6170,1.7490,0.452820,-0.403870,0.060791,0.792542,8.000,150.0,-1
1785813593.284,2387,546464,0,0.00000000,0.00000000,0.00,0,0,-38.84,-0.014,-0.2940,0.5390,1.0290,1.1982,0.452820,-0.403870,0.060791,0.792542,7.999,151.2,-1
1785813594.561,2388,546688,0,0.00000000,0.00000000,0.00,0,0,-38.87,-0.017,-1.1760,-0.4410,2.2540,2.5803,0.452820,-0.403870,0.060791,0.792542,7.996,150.0,-1
1785813594.567,2392,547567,0,0.00000000,0.00000000,0.00,0,0,-38.71,0.064,-0.6860,0.6370,1.3230,1.6207,0.452820,-0.403870,0.060791,0.792542,7.999,146.2,-1
1785813594.567,2393,547791,0,0.00000000,0.00000000,0.00,0,0,-38.71,0.049,-0.7350,0.2450,1.3230,1.5332,0.452881,-0.403870,0.060730,0.792542,8.000,142.5,-1
1785813595.854,2398,548899,0,0.00000000,0.00000000,0.00,0,0,-39.11,-0.176,-0.4900,0.0980,0.2450,0.5565,0.452820,-0.403870,0.060791,0.792542,7.997,157.5,-1
1785813595.854,2399,549144,0,0.00000000,0.00000000,0.00,0,0,-39.04,-0.136,-0.5390,0.3430,1.1760,1.3383,0.452820,-0.403870,0.060791,0.792542,7.999,145.0,-1
1785813597.145,2404,550253,0,0.00000000,0.00000000,0.00,0,0,-39.13,-0.125,-0.6370,0.4410,0.9800,1.2493,0.452820,-0.403870,0.060791,0.792542,8.000,147.5,-1
1785813597.145,2405,550474,0,0.00000000,0.00000000,0.00,0,0,-39.08,-0.074,-0.7350,0.2450,0.7840,1.1022,0.452820,-0.403870,0.060791,0.792542,7.999,143.8,-1
1785813598.434,2410,551568,0,0.00000000,0.00000000,0.00,0,0,-39.10,-0.058,-0.3920,0.3430,0.5880,0.7855,0.452820,-0.403931,0.060852,0.792542,7.999,148.8,-1
1785813599.718,2411,551786,0,0.00000000,0.00000000,0.00,0,0,-39.03,-0.006,-0.2450,0.1960,0.8330,0.8901,0.452759,-0.403992,0.060913,0.792542,7.996,150.0,-1
1785813599.718,2416,552892,0,0.00000000,0.00000000,0.00,0,0,-39.02,-0.027,-0.5880,0.3920,1.3720,1.5433,0.452820,-0.403870,0.060913,0.792542,7.999,148.8,-1
1785813601.012,2417,553137,0,0.00000000,0.00000000,0.00,0,0,-38.90,0.047,-0.6860,0.2450,1.6660,1.8183,0.452820,-0.403809,0.060913,0.792603,8.001,148.8,-1
1785813601.012,2421,554025,0,0.00000000,0.00000000,0.00,0,0,-39.17,-0.114,-0.6370,0.3430,1.1270,1.3392,0.452820,-0.403870,0.060852,0.792542,7.997,150.0,-1
1785813601.012,2422,554245,0,0.00000000,0.00000000,0.00,0,0,-39.15,-0.078,-0.5880,0.3920,1.4700,1.6310,0.452759,-0.403870,0.060913,0.792542,7.997,148.8,-1
1785813602.301,2427,555355,0,0.00000000,0.00000000,0.00,0,0,-39.12,-0.024,-0.5390,0.2940,0.7350,0.9577,0.452698,-0.403870,0.061096,0.792603,7.997,150.0,-1
1785813602.302,2428,555576,0,0.00000000,0.00000000,0.00,0,0,-39.14,-0.030,-0.8330,-0.6370,1.7640,2.0522,0.452759,-0.403870,0.061035,0.792603,7.997,148.8,-1
1785813603.578,2433,556674,0,0.00000000,0.00000000,0.00,0,0,-39.03,0.063,-0.5880,0.4410,0.9800,1.2250,0.452576,-0.404053,0.060913,0.792542,7.996,156.2,-1
1785813603.578,2434,556901,0,0.00000000,0.00000000,0.00,0,0,-39.08,0.022,-0.8820,0.4900,0.8820,1.3401,0.452637,-0.404053,0.060974,0.792542,7.999,151.2,-1
1785813604.873,2439,558029,0,0.00000000,0.00000000,0.00,0,0,-39.07,0.015,-0.8820,0.6370,0.9310,1.4319,0.452698,-0.403870,0.061035,0.792603,7.996,151.2,-1
1785813606.158,2440,558239,0,0.00000000,0.00000000,0.00,0,0,-39.06,0.008,-0.6860,0.6860,1.0290,1.4142,0.452698,-0.403870,0.061035,0.792603,7.997,153.8,-1
1785813606.158,2445,559348,0,0.00000000,0.00000000,0.00,0,0,-39.16,-0.048,-0.1960,0.0490,0.8330,0.8571,0.452698,-0.403992,0.060974,0.792542,7.996,152.5,-1
1785813607.448,2446,559574,0,0.00000000,0.00000000,0.00,0,0,-39.14,-0.043,-0.3430,0.1470,0.7840,0.8683,0.452637,-0.403992,0.061035,0.792542,7.999,147.5,-1
1785813607.448,2450,560454,0,0.00000000,0.00000000,0.00,0,0,-39.04,0.050,-0.6370,0.4410,1.2740,1.4911,0.452576,-0.404053,0.061157,0.792603,7.996,152.5,-1
1785813607.448,2451,560677,0,0.00000000,0.00000000,0.00,0,0,-39.06,0.034,-0.7840,0.6370,1.4700,1.7836,0.452576,-0.404053,0.061157,0.792542,8.000,151.2,-1
1785813608.730,2456,561809,0,0.00000000,0.00000000,0.00,0,0,-39.09,-0.011,-0.3920,0.2450,0.7840,0.9101,0.452637,-0.403992,0.061157,0.792542,7.997,151.2,-1
1785813608.730,2457,562028,0,0.00000000,0.00000000,0.00,0,0,-39.16,-0.055,-0.6370,0.4410,1.4210,1.6185,0.452637,-0.403931,0.061096,0.792603,7.999,147.5,-1
1785813610.026,2462,563126,0,0.00000000,0.00000000,0.00,0,0,-39.06,0.023,-1.2250,-0.7840,4.9490,5.1583,0.452759,-0.403931,0.060974,0.792542,7.999,142.5,-1
1785813610.026,2463,563352,0,0.00000000,0.00000000,0.00,0,0,-39.11,-0.024,-0.4410,0.3430,0.5880,0.8111,0.452759,-0.403992,0.060974,0.792542,7.997,150.0,-1
1785813611.319,2468,564452,0,0.00000000,0.00000000,0.00,0,0,-39.08,0.009,-0.4900,0.2450,0.6860,0.8779,0.452759,-0.403931,0.060974,0.792542,7.995,152.5,-1
1785813612.606,2469,564676,0,0.00000000,0.00000000,0.00,0,0,-39.04,0.033,-0.2940,0.0490,0.7840,0.8387,0.452759,-0.403992,0.060974,0.792542,7.996,151.2,-1
1785813612.606,2473,565593,0,0.00000000,0.00000000,0.00,0,0,-39.07,0.001,-0.4900,0.2940,0.9800,1.1344,0.452820,-0.403870,0.060913,0.792542,7.996,156.2,-1
1785813612.606,2474,565819,0,0.00000000,0.00000000,0.00,0,0,-39.01,0.049,-0.7350,0.0490,1.3230,1.5143,0.452820,-0.403870,0.060913,0.792542,7.997,152.5,-1
1785813613.890,2479,566940,0,0.00000000,0.00000000,0.00,0,0,-39.04,0.003,-0.9310,0.1960,-0.1960,0.9714,0.452881,-0.403748,0.060913,0.792603,8.000,148.8,-1
1785813613.890,2480,567154,0,0.00000000,0.00000000,0.00,0,0,-38.99,0.030,-0.6370,0.4410,1.3230,1.5332,0.452881,-0.403687,0.061035,0.792603,8.000,147.5,-1
1785813615.180,2485,568264,0,0.00000000,0.00000000,0.00,0,0,-38.99,0.019,-0.5390,0.3920,1.1270,1.3093,0.452759,-0.403687,0.061157,0.792664,7.996,147.5,-1
1785813615.180,2486,568490,0,0.00000000,0.00000000,0.00,0,0,-39.02,0.004,-0.3920,0.1960,0.7840,0.8982,0.452759,-0.403687,0.061157,0.792664,8.001,148.8,-1
1785813616.459,2491,569592,0,0.00000000,0.00000000,0.00,0,0,-38.99,0.017,-0.4900,0.0490,0.4900,0.6947,0.452698,-0.403748,0.061218,0.792664,8.000,155.0,-1
1785813616.459,2492,569815,0,0.00000000,0.00000000,0.00,0,0,-38.95,0.036,-0.6860,0.2450,0.9310,1.1821,0.452698,-0.403748,0.061218,0.792664,8.001,147.5,-1
1785813617.748,2497,570928,0,0.00000000,0.00000000,0.00,0,0,-38.91,0.042,-0.7350,0.4900,1.2250,1.5103,0.452698,-0.403748,0.061279,0.792664,8.000,147.5,-1
1785813619.039,2498,571141,0,0.00000000,0.00000000,0.00,0,0,-38.89,0.059,-0.3920,0.2450,0.9310,1.0394,0.452698,-0.403748,0.061279,0.792664,8.000,146.2,-1
1785813619.040,2502,572028,0,0.00000000,0.00000000,0.00,0,0,-39.07,-0.046,-0.4900,0.3430,0.7350,0.9476,0.452698,-0.403687,0.061279,0.792664,7.997,152.5,-1
1785813619.040,2503,572248,0,0.00000000,0.00000000,0.00,0,0,-38.98,0.018,-0.4410,0.3430,1.2250,1.3464,0.452637,-0.403687,0.061340,0.792664,7.997,152.5,-1
1785813620.325,2508,573364,0,0.00000000,0.00000000,0.00,0,0,-38.88,0.041,-0.5880,0.3430,0.9310,1.1533,0.452637,-0.403809,0.061340,0.792664,7.996,143.8,-1
1785813620.325,2509,573586,0,0.00000000,0.00000000,0.00,0,0,-38.92,-0.005,-0.5880,0.5880,1.0780,1.3615,0.452576,-0.403809,0.061401,0.792664,7.997,146.2,-1
1785813621.622,2514,574700,0,0.00000000,0.00000000,0.00,0,0,-38.84,0.037,-0.7840,0.6370,1.3230,1.6646,0.452637,-0.403809,0.061401,0.792664,7.997,150.0,-1
1785813621.622,2515,574925,0,0.00000000,0.00000000,0.00,0,0,-38.84,0.011,-0.4410,0.2450,0.6860,0.8515,0.452637,-0.403809,0.061340,0.792664,7.996,145.0,-1
1785813622.897,2520,576036,0,0.00000000,0.00000000,0.00,0,0,-38.87,0.002,-0.4900,0.3920,0.9800,1.1637,0.452698,-0.403687,0.061401,0.792664,7.999,155.0,-1
1785813624.200,2521,576252,0,0.00000000,0.00000000,0.00,0,0,-38.92,-0.012,-0.6370,0.3430,1.2250,1.4227,0.452759,-0.403748,0.061401,0.792603,8.001,147.5,-1
1785813624.200,2526,577362,0,0.00000000,0.00000000,0.00,0,0,-38.92,-0.005,-0.4410,0.1470,1.0290,1.1291,0.452820,-0.403625,0.061279,0.792664,7.997,148.8,-1
1785813625.480,2527,577581,0,0.00000000,0.00000000,0.00,0,0,-38.81,0.068,-0.5880,0.5390,1.4700,1.6725,0.452820,-0.403625,0.061279,0.792664,7.995,150.0,-1
1785813625.480,2531,578464,0,0.00000000,0.00000000,0.00,0,0,-38.96,-0.060,-0.1960,0.4410,1.1270,1.2260,0.452759,-0.403625,0.061340,0.792664,7.996,147.5,-1
1785813625.480,2532,578684,0,0.00000000,0.00000000,0.00,0,0,-38.85,0.018,-0.5390,0.4410,1.6170,1.7606,0.452759,-0.403564,0.061401,0.792725,7.997,151.2,-1
1785813626.772,2537,579806,0,0.00000000,0.00000000,0.00,0,0,-38.93,-0.052,-0.3920,0.0000,0.9800,1.0555,0.452820,-0.403748,0.061401,0.792603,7.996,152.5,-1
1785813626.772,2538,580025,0,0.00000000,0.00000000,0.00,0,0,-38.81,0.000,-0.7350,0.4900,1.2740,1.5503,0.452820,-0.403809,0.061340,0.792542,7.995,153.8,-1
1785813628.058,2543,581120,0,0.00000000,0.00000000,0.00,0,0,-38.88,-0.033,-1.0290,0.4410,1.1760,1.6237,0.452942,-0.403809,0.061340,0.792480,7.997,148.8,-1
1785813628.058,2544,581320,0,0.00000000,0.00000000,0.00,0,0,-38.83,-0.013,-0.3430,0.2940,1.4700,1.5379,0.452942,-0.403809,0.061340,0.792480,7.999,152.5,-1
1785813629.347,2549,582430,0,0.00000000,0.00000000,0.00,0,0,-38.72,0.083,-0.7350,0.6860,1.3720,1.7009,0.452881,-0.403870,0.061401,0.792480,7.997,153.8,-1
1785813629.347,2550,582654,0,0.00000000,0.00000000,0.00,0,0,-38.76,0.050,-0.7350,0.3430,1.3720,1.5938,0.452881,-0.403809,0.061401,0.792480,7.999,150.0,-1
1785813630.639,2555,583796,0,0.00000000,0.00000000,0.00,0,0,-38.83,-0.041,-0.4410,0.2940,0.6370,0.8287,0.452881,-0.403809,0.061462,0.792480,8.001,145.0,-1
1785813631.915,2556,584017,0,0.00000000,0.00000000,0.00,0,0,-38.77,-0.009,-0.6860,0.5390,1.2250,1.5039,0.452881,-0.403748,0.061462,0.792542,8.000,150.0,-1
1785813631.915,2560,584908,0,0.00000000,0.00000000,0.00,0,0,-38.83,-0.056,-0.5880,0.2450,0.9800,1.1688,0.452942,-0.403748,0.061523,0.792480,7.997,148.8,-1
1785813631.915,2561,585152,0,0.00000000,0.00000000,0.00,0,0,-38.81,-0.040,-1.0290,0.3920,0.8330,1.3807,0.452942,-0.403809,0.061523,0.792419,7.996,148.8,-1
1785813633.204,2566,586258,0,0.00000000,0.00000000,0.00,0,0,-38.53,0.097,-0.3920,0.1960,1.3230,1.3937,0.453003,-0.403748,0.061401,0.792480,7.994,151.2,-1
1785813633.204,2567,586482,0,0.00000000,0.00000000,0.00,0,0,-38.65,0.034,-0.5390,-0.1470,1.1270,1.2579,0.453003,-0.403809,0.061462,0.792419,7.997,152.5,-1
1785813634.491,2572,587586,0,0.00000000,0.00000000,0.00,0,0,-38.75,-0.057,-0.7840,0.9310,0.5880,1.3517,0.452942,-0.403931,0.061584,0.792419,8.000,150.0,-1
1785813634.491,2573,587810,0,0.00000000,0.00000000,0.00,0,0,-38.70,-0.028,-0.8820,0.2940,0.3430,0.9910,0.452942,-0.403870,0.061523,0.792419,7.999,151.2,-1
1785813635.783,2578,588906,0,0.00000000,0.00000000,0.00,0,0,-38.66,0.025,-0.4900,0.2940,0.8820,1.0509,0.452942,-0.403870,0.061523,0.792419,7.996,150.0,-1
1785813635.783,2579,589149,0,0.00000000,0.00000000,0.00,0,0,-38.69,0.002,-0.0980,0.3430,0.5880,0.6877,0.452942,-0.403931,0.061523,0.792419,7.997,153.8,-1
1785813637.079,2584,590256,0,0.00000000,0.00000000,0.00,0,0,-38.65,-0.001,-0.7350,0.3920,1.5680,1.7755,0.452942,-0.403931,0.061584,0.792419,8.001,150.0,-1
1785813638.368,2585,590479,0,0.00000000,0.00000000,0.00,0,0,-38.63,0.011,-0.7350,0.5880,1.4700,1.7455,0.452942,-0.403931,0.061584,0.792419,8.001,147.5,-1
1785813638.368,2589,591370,0,0.00000000,0.00000000,0.00,0,0,-38.67,-0.012,-1.1270,0.2450,1.7150,2.0667,0.452942,-0.403931,0.061523,0.792419,7.996,152.5,-1
1785813638.373,2590,591590,0,0.00000000,0.00000000,0.00,0,0,-38.69,-0.009,-0.4900,0.3430,1.0290,1.1902,0.452942,-0.403931,0.061523,0.792419,7.997,152.5,-1
1785813639.655,2595,592695,0,0.00000000,0.00000000,0.00,0,0,-38.66,-0.015,-0.4900,0.3920,1.4700,1.5983,0.453003,-0.403809,0.061523,0.792419,8.000,148.8,-1
1785813639.659,2596,592921,0,0.00000000,0.00000000,0.00,0,0,-38.66,-0.015,-0.7840,0.4900,0.6860,1.1512,0.452942,-0.403870,0.061523,0.792419,7.997,143.8,-1
1785813640.929,2601,594041,0,0.00000000,0.00000000,0.00,0,0,-38.82,-0.134,-0.5390,0.2940,0.9800,1.1564,0.453003,-0.403687,0.061462,0.792480,7.997,143.8,-1
1785813640.929,2602,594257,0,0.00000000,0.00000000,0.00,0,0,-38.71,-0.044,-0.4410,0.3920,1.1760,1.3157,0.453003,-0.403687,0.061462,0.792480,7.999,148.8,-1
1785813642.225,2607,595363,0,0.00000000,0.00000000,0.00,0,0,-38.75,-0.049,-0.4410,0.1960,1.7150,1.7816,0.453003,-0.403748,0.061523,0.792480,7.997,148.8,-1
1785813643.506,2608,595587,0,0.00000000,0.00000000,0.00,0,0,-38.65,0.011,-0.1960,0.2450,1.4700,1.5031,0.453003,-0.403748,0.061523,0.792480,7.999,147.5,-1
1785813643.506,2613,596703,0,0.00000000,0.00000000,0.00,0,0,-38.74,-0.061,-1.0780,0.6370,0.7840,1.4773,0.453003,-0.403748,0.061401,0.792480,7.997,145.0,-1
1785813644.804,2614,596931,0,0.00000000,0.00000000,0.00,0,0,-38.65,0.017,-0.6860,0.4900,1.2740,1.5277,0.453003,-0.403687,0.061401,0.792480,7.999,147.5,-1
1785813644.804,2618,597814,0,0.00000000,0.00000000,0.00,0,0,-38.74,-0.074,-0.1960,0.2940,0.7350,0.8155,0.453003,-0.403748,0.061462,0.792480,7.999,150.0,-1
1785813644.811,2619,598034,0,0.00000000,0.00000000,0.00,0,0,-38.74,-0.060,-0.5390,0.2940,1.0780,1.2406,0.453003,-0.403748,0.061462,0.792480,7.997,151.2,-1
1785813646.092,2624,599141,0,0.00000000,0.00000000,0.00,0,0,-38.83,-0.068,-0.5880,0.2450,0.8330,1.0486,0.453003,-0.403687,0.061462,0.792480,7.999,141.2,-1
1785813646.092,2625,599363,0,0.00000000,0.00000000,0.00,0,0,-38.80,-0.038,-0.5390,0.1960,0.8820,1.0521,0.453003,-0.403748,0.061462,0.792480,7.996,150.0,-1
1785813647.372,2630,600471,0,0.00000000,0.00000000,0.00,0,0,-38.85,-0.010,-0.1960,-0.0980,0.8820,0.9088,0.453003,-0.403809,0.061462,0.792419,7.997,150.0,-1
1785813647.372,2631,600693,0,0.00000000,0.00000000,0.00,0,0,-38.94,-0.048,-0.5390,0.5390,0.8820,1.1657,0.453003,-0.403809,0.061401,0.792419,7.999,151.2,-1
1785813648.667,2636,601799,0,0.00000000,0.00000000,0.00,0,0,-38.96,-0.058,-0.4900,0.1960,1.0780,1.2002,0.453003,-0.403748,0.061523,0.792480,7.997,152.5,-1
1785813649.950,2637,602024,0,0.00000000,0.00000000,0.00,0,0,-38.92,-0.039,-0.5880,0.2450,1.3230,1.4684,0.452942,-0.403809,0.061584,0.792480,7.997,148.8,-1
1785813649.950,2642,603130,0,0.00000000,0.00000000,0.00,0,0,-38.93,-0.008,-0.4900,0.0980,0.9310,1.0566,0.452942,-0.403809,0.061584,0.792480,7.996,145.0,-1
1785813657.676,2676,610679,0,0.00000000,0.00000000,0.00,0,0,-38.97,-0.021,-0.5390,0.2450,0.7350,0.9438,0.453003,-0.403564,0.061462,0.792542,7.997,151.2,-1
1785813657.680,2677,610903,0,0.00000000,0.00000000,0.00,0,0,-38.96,-0.008,-0.4410,0.1960,-0.1960,0.5209,0.453003,-0.403687,0.061523,0.792480,7.997,147.5,-1
1785813658.962,2682,612036,0,0.00000000,0.00000000,0.00,0,0,-38.88,0.003,-0.7350,0.2450,1.1760,1.4083,0.453003,-0.403687,0.061523,0.792480,7.999,152.5,-1
1785813658.962,2683,612255,0,0.00000000,0.00000000,0.00,0,0,-38.86,0.007,-0.6370,0.4410,0.5880,0.9726,0.453003,-0.403687,0.061523,0.792480,8.000,152.5,-1
1785813660.252,2688,613369,0,0.00000000,0.00000000,0.00,0,0,-38.82,0.041,-0.3920,0.0000,0.8330,0.9206,0.453003,-0.403687,0.061462,0.792480,8.001,145.0,-1
1785813660.252,2689,613593,0,0.00000000,0.00000000,0.00,0,0,-38.92,-0.032,-0.7840,0.4900,1.1270,1.4577,0.453064,-0.403748,0.061340,0.792419,7.999,152.5,-1
1785813662.514,2721,620691,0,0.00000000,0.00000000,0.00,0,0,-39.09,0.008,-0.6370,0.0980,0.8330,1.0532,0.453003,-0.403625,0.061462,0.792542,7.997,152.5,-1
1785813662.519,2722,620911,0,0.00000000,0.00000000,0.00,0,0,-39.12,0.004,-0.5880,0.2940,1.0290,1.2211,0.453003,-0.403625,0.061523,0.792542,8.000,152.5,-1
1785813663.875,2723,621124,0,0.00000000,0.00000000,0.00,0,0,-39.17,-0.028,-0.1960,-0.0980,0.9310,0.9564,0.452942,-0.403625,0.061584,0.792542,8.000,150.0,-1
1785813663.875,2724,621343,0,0.00000000,0.00000000,0.00,0,0,-39.24,-0.073,-0.2940,-0.0490,1.5680,1.5961,0.453003,-0.403625,0.061523,0.792542,7.997,151.2,-1
1785813665.168,2725,621564,0,0.00000000,0.00000000,0.00,0,0,-39.13,-0.014,-0.5880,0.4410,1.1760,1.3868,0.453003,-0.403625,0.061523,0.792542,7.999,148.8,-1
1785813665.168,2726,621783,0,0.00000000,0.00000000,0.00,0,0,-39.08,-0.001,-0.4410,-0.3920,0.0980,0.5981,0.453003,-0.403687,0.061523,0.792542,7.997,150.0,-1
1785813665.168,2727,622005,0,0.00000000,0.00000000,0.00,0,0,-39.18,-0.071,-0.6370,0.2450,0.4900,0.8402,0.453003,-0.403625,0.061523,0.792542,8.012,85.0,-1
1785813666.446,2728,622227,0,0.00000000,0.00000000,0.00,0,0,-39.20,-0.090,-1.4700,0.4410,1.2740,1.9946,0.453003,-0.403625,0.061462,0.792542,7.997,147.5,-1
1785813666.446,2729,622453,0,0.00000000,0.00000000,0.00,0,0,-39.11,-0.041,-0.2940,0.1470,1.2250,1.2683,0.453003,-0.403564,0.061462,0.792542,7.997,151.2,-1
1785813666.449,2730,622676,0,0.00000000,0.00000000,0.00,0,0,-39.13,-0.029,-0.8820,0.4410,0.7840,1.2598,0.453003,-0.403564,0.061462,0.792542,7.997,151.2,-1
1785813667.734,2731,622896,0,0.00000000,0.00000000,0.00,0,0,-39.10,0.000,-0.9800,1.3230,0.0000,1.6464,0.453003,-0.403564,0.061523,0.792542,7.996,153.8,-1
1785813667.734,2732,623141,0,0.00000000,0.00000000,0.00,0,0,-39.19,-0.052,-0.4900,0.2450,0.7350,0.9167,0.453003,-0.403564,0.061584,0.792542,7.997,150.0,-1
1785813667.734,2733,623368,0,0.00000000,0.00000000,0.00,0,0,-39.13,0.001,-0.2940,-0.1960,2.4010,2.4269,0.452942,-0.403503,0.061584,0.792603,7.999,148.8,-1
1785813669.021,2734,623590,0,0.00000000,0.00000000,0.00,0,0,-39.12,0.009,-0.6370,0.1470,0.6370,0.9128,0.452942,-0.403442,0.061646,0.792603,8.000,152.5,-1
1785813669.025,2735,623820,0,0.00000000,0.00000000,0.00,0,0,-39.14,-0.023,-0.7350,0.5880,1.3230,1.6237,0.452942,-0.403442,0.061646,0.792664,7.999,151.2,-1
1785813669.025,2736,624037,0,0.00000000,0.00000000,0.00,0,0,-39.14,-0.028,-0.3920,0.6370,1.0290,1.2721,0.453003,-0.403381,0.061584,0.792664,7.995,153.8,-1
1785813670.310,2737,624258,0,0.00000000,0.00000000,0.00,0,0,-39.20,-0.074,-0.2940,0.1960,1.0290,1.0880,0.453003,-0.403381,0.061523,0.792664,7.997,157.5,-1
1785813670.310,2738,624480,0,0.00000000,0.00000000,0.00,0,0,-39.06,0.015,-0.4900,0.4900,0.5880,0.9088,0.453003,-0.403381,0.061523,0.792603,7.995,150.0,-1
1785813670.319,2739,624698,0,0.00000000,0.00000000,0.00,0,0,-39.20,-0.075,-0.3920,0.2940,1.2250,1.3194,0.453064,-0.403381,0.061462,0.792603,7.995,153.8,-1
1785813671.602,2740,624921,0,0.00000000,0.00000000,0.00,0,0,-39.20,-0.087,-0.3920,0.0490,0.7840,0.8779,0.453064,-0.403381,0.061462,0.792603,7.999,150.0,-1
1785813671.602,2741,625138,0,0.00000000,0.00000000,0.00,0,0,-39.16,-0.044,-0.8330,0.4410,0.8820,1.2909,0.453003,-0.403381,0.061523,0.792603,7.995,151.2,-1
1785813671.604,2742,625363,0,0.00000000,0.00000000,0.00,0,0,-39.12,-0.028,-0.3920,0.3920,1.3230,1.4345,0.453003,-0.403381,0.061584,0.792664,7.996,150.0,-1
1785813672.894,2743,625586,0,0.00000000,0.00000000,0.00,0,0,-39.13,-0.014,-0.7840,0.1470,1.3230,1.5449,0.453003,-0.403442,0.061584,0.792664,7.999,147.5,-1
1785813672.894,2745,626031,0,0.00000000,0.00000000,0.00,0,0,-39.07,0.018,-0.5880,0.4410,1.2250,1.4286,0.452942,-0.403503,0.061707,0.792603,7.999,150.0,-1
1785813674.186,2746,626242,0,0.00000000,0.00000000,0.00,0,0,-39.06,0.021,-0.9800,0.5390,0.7840,1.3659,0.452942,-0.403503,0.061707,0.792603,7.999,148.8,-1
1785813674.190,2751,627356,0,0.00000000,0.00000000,0.00,0,0,-39.08,-0.029,-0.4410,0.1960,0.7840,0.9206,0.452942,-0.403564,0.061707,0.792603,7.996,147.5,-1
1785813675.473,2752,627576,0,0.00000000,0.00000000,0.00,0,0,-39.12,-0.072,-0.4900,0.4900,0.9310,1.1606,0.452942,-0.403503,0.061707,0.792603,7.997,147.5,-1
1785813675.473,2756,628460,0,0.00000000,0.00000000,0.00,0,0,-39.01,0.023,-0.6860,0.6370,0.8820,1.2862,0.453003,-0.403442,0.061646,0.792603,7.997,147.5,-1
1785813675.479,2757,628684,0,0.00000000,0.00000000,0.00,0,0,-38.96,0.043,-0.4410,0.3430,1.2250,1.3464,0.453003,-0.403381,0.061646,0.792664,7.997,150.0,-1
1785813676.763,2762,629799,0,0.00000000,0.00000000,0.00,0,0,-39.02,-0.000,-0.4410,0.1960,1.1760,1.2712,0.452942,-0.403442,0.061707,0.792664,7.996,146.2,-1
1785813676.763,2763,630023,0,0.00000000,0.00000000,0.00,0,0,-39.01,-0.000,-0.4900,0.2940,1.0290,1.1770,0.452942,-0.403442,0.061707,0.792664,7.997,150.0,-1
1785813678.044,2768,631145,0,0.00000000,0.00000000,0.00,0,0,-38.98,-0.034,-1.6660,0.5880,0.9310,1.9970,0.452942,-0.403381,0.061707,0.792664,8.000,148.8,-1
1785813678.044,2769,631366,0,0.00000000,0.00000000,0.00,0,0,-38.96,-0.017,-0.5880,0.2940,1.4210,1.5657,0.452942,-0.403442,0.061646,0.792603,7.999,148.8,-1
1785813679.332,2774,632478,0,0.00000000,0.00000000,0.00,0,0,-38.94,0.014,-0.4410,0.1470,0.9800,1.0847,0.453003,-0.403442,0.061462,0.792603,7.999,151.2,-1
1785813680.611,2775,632698,0,0.00000000,0.00000000,0.00,0,0,-38.91,0.031,-1.5190,0.6370,0.7350,1.8037,0.453064,-0.403442,0.061462,0.792603,7.999,145.0,-1
1785813680.611,2780,633801,0,0.00000000,0.00000000,0.00,0,0,-38.73,0.111,-0.5390,0.3920,1.2250,1.3946,0.453003,-0.403442,0.061462,0.792603,8.000,146.2,-1
1785813681.901,2781,634027,0,0.00000000,0.00000000,0.00,0,0,-38.87,0.019,-0.4900,0.2940,0.8330,1.0102,0.453003,-0.403442,0.061523,0.792603,7.999,150.0,-1
1785813681.901,2785,634893,0,0.00000000,0.00000000,0.00,0,0,-38.87,0.047,-0.5390,0.2450,0.9800,1.1450,0.453003,-0.403381,0.061646,0.792664,8.000,147.5,-1
1785813681.905,2786,635137,0,0.00000000,0.00000000,0.00,0,0,-38.78,0.076,-0.3920,0.2940,1.1760,1.2740,0.453003,-0.403381,0.061584,0.792664,8.000,146.2,-1
1785813683.192,2791,636243,0,0.00000000,0.00000000,0.00,0,0,-38.88,-0.040,-0.5880,0.2940,1.1270,1.3047,0.452942,-0.403442,0.061646,0.792664,7.999,145.0,-1
1785813683.196,2792,636466,0,0.00000000,0.00000000,0.00,0,0,-38.80,0.019,-0.9800,0.5880,0.7350,1.3588,0.452881,-0.403503,0.061646,0.792664,8.000,145.0,-1
1785813684.480,2797,637566,0,0.00000000,0.00000000,0.00,0,0,-38.69,0.043,-0.6860,0.0490,2.2540,2.3566,0.452881,-0.403564,0.061707,0.792603,8.000,151.2,-1
1785813684.483,2798,637787,0,0.00000000,0.00000000,0.00,0,0,-38.78,-0.012,-0.5390,0.2940,0.9800,1.1564,0.452881,-0.403625,0.061707,0.792603,8.000,148.8,-1
1785813685.777,2803,638889,0,0.00000000,0.00000000,0.00,0,0,-38.84,-0.008,-0.6370,0.2940,0.8820,1.1270,0.452942,-0.403503,0.061584,0.792603,8.000,148.8,-1
1785813685.777,2804,639134,0,0.00000000,0.00000000,0.00,0,0,-38.78,0.048,-0.2940,0.7840,0.0490,0.8387,0.452881,-0.403625,0.061584,0.792603,7.999,152.5,-1
1785813687.059,2809,640237,0,0.00000000,0.00000000,0.00,0,0,-38.77,0.030,-0.5880,0.1960,1.2250,1.3729,0.452820,-0.403809,0.061890,0.792480,7.997,147.5,-1
1785813688.342,2810,640464,0,0.00000000,0.00000000,0.00,0,0,-38.62,0.109,-0.5390,0.4410,1.1270,1.3248,0.452881,-0.403625,0.061829,0.792603,7.999,147.5,-1
1785813688.343,2814,641372,0,0.00000000,0.00000000,0.00,0,0,-38.86,-0.092,-0.6370,0.2450,0.5880,0.9009,0.452881,-0.403320,0.061829,0.792725,7.997,155.0,-1
1785813688.343,2815,641598,0,0.00000000,0.00000000,0.00,0,0,-38.83,-0.072,-0.3430,0.1470,1.0290,1.0946,0.452881,-0.403381,0.061829,0.792664,8.000,158.8,-1
1785813689.637,2820,642702,0,0.00000000,0.00000000,0.00,0,0,-38.69,0.028,-0.6370,0.5390,1.1270,1.4023,0.452881,-0.403320,0.061951,0.792725,7.999,153.8,-1
1785813689.637,2821,642929,0,0.00000000,0.00000000,0.00,0,0,-38.73,0.011,-0.4900,0.1960,-0.0490,0.5300,0.452881,-0.403259,0.061951,0.792725,7.999,147.5,-1
1785813690.919,2826,644029,0,0.00000000,0.00000000,0.00,0,0,-38.69,0.024,-0.1470,-0.1470,0.7840,0.8111,0.452881,-0.403198,0.061890,0.792786,7.997,150.0,-1
1785813690.919,2827,644238,0,0.00000000,0.00000000,0.00,0,0,-38.88,-0.115,-0.5880,0.3430,0.8330,1.0758,0.452881,-0.403198,0.061890,0.792725,7.996,156.2,-1
1785813692.210,2832,645371,0,0.00000000,0.00000000,0.00,0,0,-38.88,-0.086,-0.6860,-0.0980,0.6370,0.9413,0.452881,-0.403259,0.061890,0.792725,7.996,148.8,-1
1785813693.501,2833,645594,0,0.00000000,0.00000000,0.00,0,0,-38.79,-0.010,-0.1960,-0.0490,1.1270,1.1450,0.452881,-0.403198,0.061890,0.792786,7.996,152.5,-1
1785813693.501,2837,646479,0,0.00000000,0.00000000,0.00,0,0,-39.00,-0.098,-0.6370,0.2940,0.9800,1.2052,0.452881,-0.403259,0.061951,0.792725,8.001,138.8,-1
1785813693.501,2838,646705,0,0.00000000,0.00000000,0.00,0,0,-38.86,-0.012,-0.7840,0.4410,1.0780,1.4040,0.452881,-0.403259,0.061951,0.792725,7.997,147.5,-1
1785813694.785,2843,647812,0,0.00000000,0.00000000,0.00,0,0,-38.83,0.001,-0.8330,0.2450,1.6660,1.8787,0.452881,-0.403259,0.061951,0.792725,7.997,148.8,-1
1785813694.789,2844,648040,0,0.00000000,0.00000000,0.00,0,0,-38.92,-0.045,-0.3920,0.1960,0.5390,0.6947,0.452881,-0.403259,0.061951,0.792786,7.999,145.0,-1
1785813696.075,2849,649133,0,0.00000000,0.00000000,0.00,0,0,-38.90,0.005,-0.4410,0.0000,0.8330,0.9425,0.452820,-0.403137,0.062073,0.792786,7.999,150.0,-1
1785813696.075,2850,649355,0,0.00000000,0.00000000,0.00,0,0,-38.92,-0.010,-1.1760,0.5390,1.6170,2.0708,0.452820,-0.403198,0.062073,0.792786,7.997,146.2,-1
1785813697.370,2855,650465,0,0.00000000,0.00000000,0.00,0,0,-38.70,0.121,-0.7840,0.3430,1.1270,1.4151,0.452820,-0.403320,0.061829,0.792786,8.000,145.0,-1
1785813697.370,2856,650683,0,0.00000000,0.00000000,0.00,0,0,-38.87,-0.006,-0.7840,0.6370,1.4700,1.7836,0.452820,-0.403259,0.061707,0.792786,7.997,148.8,-1
1785813698.649,2861,651816,0,0.00000000,0.00000000,0.00,0,0,-38.80,0.029,-0.2940,0.2940,1.1760,1.2473,0.452820,-0.403381,0.061768,0.792725,7.996,147.5,-1
1785813699.936,2862,652039,0,0.00000000,0.00000000,0.00,0,0,-38.73,0.096,-0.2940,0.0000,0.9310,0.9763,0.452820,-0.403442,0.061707,0.792725,7.999,148.8,-1
1785813699.936,2866,652918,0,0.00000000,0.00000000,0.00,0,0,-38.91,-0.017,0.0490,-0.1470,1.3720,1.3807,0.452820,-0.403442,0.061768,0.792725,7.996,143.8,-1
1785813699.936,2867,653134,0,0.00000000,0.00000000,0.00,0,0,-38.87,0.012,-0.0980,-0.1470,0.3920,0.4300,0.452759,-0.403503,0.061829,0.792725,7.996,145.0,-1
1785813701.225,2872,654241,0,0.00000000,0.00000000,0.00,0,0,-38.93,-0.026,-0.3920,0.0980,1.1270,1.1972,0.452759,-0.403503,0.061829,0.792725,7.999,150.0,-1
1785813701.225,2873,654460,0,0.00000000,0.00000000,0.00,0,0,-38.94,-0.032,-0.6860,0.2940,1.3230,1.5190,0.452759,-0.403442,0.061768,0.792725,7.997,151.2,-1
1785813702.516,2878,655574,0,0.00000000,0.00000000,0.00,0,0,-38.98,-0.041,-0.2940,-0.1960,1.9600,1.9916,0.452759,-0.403381,0.061768,0.792725,7.999,151.2,-1
1785813702.516,2879,655795,0,0.00000000,0.00000000,0.00,0,0,-39.01,-0.048,-0.5390,0.1960,0.4900,0.7543,0.452759,-0.403381,0.061829,0.792725,7.999,152.5,-1
1785813703.802,2884,656899,0,0.00000000,0.00000000,0.00,0,0,-38.99,-0.057,-0.2450,0.0490,1.1760,1.2022,0.452698,-0.403381,0.061951,0.792786,8.000,146.2,-1
1785813703.802,2885,657138,0,0.00000000,0.00000000,0.00,0,0,-38.93,-0.013,-0.5390,0.1470,0.5390,0.7763,0.452698,-0.403442,0.062012,0.792725,8.000,151.2,-1
1785813705.088,2890,658258,0,0.00000000,0.00000000,0.00,0,0,-38.92,-0.008,-0.7350,0.3920,0.6860,1.0791,0.452576,-0.403625,0.062256,0.792725,7.997,151.2,-1
1785813706.386,2891,658482,0,0.00000000,0.00000000,0.00,0,0,-38.88,0.029,-0.1960,0.1960,1.2250,1.2560,0.452515,-0.403748,0.062439,0.792664,7.999,150.0,-1
1785813706.386,2895,659360,0,0.00000000,0.00000000,0.00,0,0,-39.03,-0.095,-0.6860,0.3430,1.3230,1.5292,0.452454,-0.403809,0.062500,0.792664,7.997,151.2,-1
1785813706.386,2896,659585,0,0.00000000,0.00000000,0.00,0,0,-39.01,-0.070,-0.5880,0.3430,1.4700,1.6200,0.452515,-0.403687,0.062439,0.792725,8.000,143.8,-1
1785813707.668,2901,660695,0,0.00000000,0.00000000,0.00,0,0,-38.98,-0.034,-0.5880,0.4900,1.1270,1.3623,0.452332,-0.403809,0.063538,0.792664,8.000,151.2,-1
1785813707.668,2902,660915,0,0.00000000,0.00000000,0.00,0,0,-38.94,-0.006,-0.6860,0.3920,0.8820,1.1841,0.451294,-0.404358,0.066467,0.792725,7.997,150.0,-1
1785813708.954,2907,662029,0,0.00000000,0.00000000,0.00,0,0,-38.94,-0.023,-0.2940,0.2940,1.5680,1.6222,0.451538,-0.403748,0.065674,0.792969,7.996,148.8,-1
1785813708.954,2908,662243,0,0.00000000,0.00000000,0.00,0,0,-39.04,-0.066,-0.4900,0.4410,1.1760,1.3482,0.452087,-0.403442,0.064148,0.792908,7.996,151.2,-1
1785813710.242,2913,663348,0,0.00000000,0.00000000,0.00,0,0,-38.94,-0.024,-1.1270,0.7350,0.5880,1.4684,0.451721,-0.403870,0.064636,0.792908,7.999,152.5,-1
1785813710.242,2914,663573,0,0.00000000,0.00000000,0.00,0,0,-38.88,0.031,-0.5880,0.6860,1.7640,1.9819,0.451721,-0.403625,0.064575,0.792969,7.999,148.8,-1
1785813711.530,2919,664672,0,0.00000000,0.00000000,0.00,0,0,-38.76,0.097,-0.0980,-0.0980,1.1270,1.1355,0.451843,-0.403320,0.064209,0.793091,7.997,152.5,-1
1785813712.825,2920,664895,0,0.00000000,0.00000000,0.00,0,0,-38.90,-0.019,-0.5880,0.2940,0.8820,1.1000,0.451843,-0.403442,0.064270,0.793091,7.999,148.8,-1
1785813712.825,2924,665801,0,0.00000000,0.00000000,0.00,0,0,-38.80,0.031,-0.4900,0.3430,0.8330,1.0255,0.451904,-0.403259,0.064087,0.793152,7.999,150.0,-1
1785813712.825,2925,666025,0,0.00000000,0.00000000,0.00,0,0,-38.80,0.023,-0.6370,0.2940,1.2250,1.4117,0.451965,-0.403320,0.064026,0.793091,8.000,152.5,-1
1785813714.106,2930,667142,0,0.00000000,0.00000000,0.00,0,0,-38.91,-0.048,-0.3430,-0.4900,1.6170,1.7241,0.451965,-0.403320,0.064026,0.793091,7.996,151.2,-1
1785813714.106,2931,667363,0,0.00000000,0.00000000,0.00,0,0,-38.78,0.032,-0.8820,0.2940,0.6370,1.1270,0.451904,-0.403259,0.064148,0.793152,7.999,152.5,-1
1785813715.398,2936,668470,0,0.00000000,0.00000000,0.00,0,0,-38.87,-0.030,-0.4410,0.2450,0.2450,0.5608,0.452026,-0.403320,0.064087,0.793030,8.000,155.0,-1
1785813715.401,2937,668692,0,0.00000000,0.00000000,0.00,0,0,-38.83,-0.005,-0.1960,1.3720,0.7350,1.5688,0.452026,-0.403259,0.064087,0.793091,7.997,150.0,-1
1785813716.688,2942,669807,0,0.00000000,0.00000000,0.00,0,0,-38.77,0.027,-0.6370,0.1960,1.0780,1.2674,0.451965,-0.403259,0.064148,0.793091,7.997,150.0,-1
1785813716.688,2943,670032,0,0.00000000,0.00000000,0.00,0,0,-38.87,-0.041,-0.4900,0.3920,1.1270,1.2899,0.452026,-0.403198,0.064087,0.793091,7.995,150.0,-1
1785813717.979,2948,671142,0,0.00000000,0.00000000,0.00,0,0,-38.78,0.024,-0.4410,-0.0490,1.2250,1.3029,0.451965,-0.403259,0.064148,0.793091,7.997,148.8,-1
1785813719.262,2949,671366,0,0.00000000,0.00000000,0.00,0,0,-38.78,0.038,-0.8820,0.5390,1.4700,1.7970,0.451965,-0.403198,0.064148,0.793091,7.996,145.0,-1
1785813719.262,2953,672241,0,0.00000000,0.00000000,0.00,0,0,-38.92,-0.034,-0.5880,0.3430,0.7350,1.0018,0.452087,-0.402649,0.064148,0.793335,7.996,143.8,-1
1785813719.262,2954,672458,0,0.00000000,0.00000000,0.00,0,0,-39.04,-0.104,-0.3920,0.4410,1.5680,1.6753,0.452148,-0.402771,0.064087,0.793213,7.997,155.0,-1
1785813720.547,2959,673595,0,0.00000000,0.00000000,0.00,0,0,-39.04,-0.077,-0.5390,0.5880,0.8330,1.1533,0.452087,-0.403076,0.063904,0.793152,7.996,152.5,-1
1785813720.547,2960,673820,0,0.00000000,0.00000000,0.00,0,0,-38.95,-0.010,-0.4900,0.0000,1.1270,1.2289,0.452026,-0.403137,0.063965,0.793152,7.996,155.0,-1
1785813721.838,2965,674925,0,0.00000000,0.00000000,0.00,0,0,-39.05,-0.057,-0.5390,0.2450,1.2250,1.3606,0.452026,-0.403137,0.064026,0.793152,7.996,146.2,-1
1785813721.838,2966,675141,0,0.00000000,0.00000000,0.00,0,0,-39.02,-0.046,0.0000,-0.0980,0.5390,0.5478,0.452026,-0.403137,0.064026,0.793152,7.997,145.0,-1
1785813723.130,2971,676246,0,0.00000000,0.00000000,0.00,0,0,-39.06,-0.043,-0.4410,0.1960,0.7350,0.8793,0.452026,-0.403076,0.064026,0.793152,7.997,148.8,-1
1785813724.409,2972,676470,0,0.00000000,0.00000000,0.00,0,0,-38.98,0.017,-0.5880,0.3430,1.1760,1.3588,0.452026,-0.402954,0.064087,0.793213,7.997,147.5,-1
1785813724.414,2977,677570,0,0.00000000,0.00000000,0.00,0,0,-38.91,0.018,-0.5880,0.3920,1.1270,1.3302,0.451965,-0.402832,0.064026,0.793335,7.999,151.2,-1
1785813725.706,2978,677787,0,0.00000000,0.00000000,0.00,0,0,-38.87,0.055,-0.6370,0.3920,1.1270,1.3526,0.451965,-0.402893,0.064026,0.793274,8.000,150.0,-1
1785813725.706,2982,678671,0,0.00000000,0.00000000,0.00,0,0,-38.90,0.038,-0.5390,0.1470,0.9800,1.1281,0.451965,-0.403076,0.064026,0.793213,7.999,126.2,-1
1785813725.710,2983,678897,0,0.00000000,0.00000000,0.00,0,0,-38.96,0.000,-0.8330,-0.4900,1.2740,1.5991,0.451904,-0.403137,0.064087,0.793213,7.997,143.8,-1
1785813726.988,2988,680026,0,0.00000000,0.00000000,0.00,0,0,-38.97,-0.040,-0.7350,0.2450,1.2250,1.4494,0.451904,-0.403137,0.064026,0.793152,7.999,146.2,-1
1785813726.989,2989,680240,0,0.00000000,0.00000000,0.00,0,0,-39.02,-0.060,-0.5390,0.2450,1.1760,1.3166,0.451904,-0.403198,0.064087,0.793152,8.001,148.8,-1
1785813728.269,2994,681378,0,0.00000000,0.00000000,0.00,0,0,-39.12,-0.103,-0.4900,0.3430,1.0780,1.2328,0.452148,-0.403076,0.063538,0.793152,7.999,150.0,-1
1785813728.269,2995,681601,0,0.00000000,0.00000000,0.00,0,0,-38.82,0.094,-0.3430,0.1960,0.6370,0.7496,0.452026,-0.403076,0.063904,0.793152,7.999,146.2,-1
1785813729.566,3000,682702,0,0.00000000,0.00000000,0.00,0,0,-38.71,0.122,-0.6370,-0.0980,1.1760,1.3410,0.452332,-0.402832,0.063721,0.793152,8.001,148.8,-1
1785813730.856,3001,682919,0,0.00000000,0.00000000,0.00,0,0,-38.92,-0.023,-0.4900,0.2940,1.0290,1.1770,0.452209,-0.403015,0.063721,0.793091,7.997,152.5,-1
1785813730.856,3006,684024,0,0.00000000,0.00000000,0.00,0,0,-38.84,0.034,-0.5880,0.3430,0.9800,1.1932,0.452026,-0.402954,0.063843,0.793213,7.999,145.0,-1
1785813732.145,3007,684239,0,0.00000000,0.00000000,0.00,0,0,-38.81,0.075,-0.7350,0.4900,1.2250,1.5103,0.451660,-0.403259,0.064392,0.793274,7.997,147.5,-1
1785813732.146,3011,685117,0,0.00000000,0.00000000,0.00,0,0,-38.98,-0.059,-0.8820,0.7840,1.4700,1.8851,0.451599,-0.403137,0.064636,0.793335,7.995,150.0,-1
1785813732.146,3012,685345,0,0.00000000,0.00000000,0.00,0,0,-39.08,-0.089,-0.3920,0.0980,0.8330,0.9258,0.451782,-0.403076,0.064392,0.793274,7.996,155.0,-1
1785813733.430,3017,686447,0,0.00000000,0.00000000,0.00,0,0,-39.02,0.018,-0.6370,0.2940,0.4900,0.8557,0.451904,-0.403015,0.064270,0.793274,7.996,156.2,-1
1785813733.430,3018,686668,0,0.00000000,0.00000000,0.00,0,0,-39.10,-0.049,-0.5390,0.2940,0.7350,0.9577,0.451904,-0.402954,0.064270,0.793274,7.996,152.5,-1
1785813734.715,3023,687800,0,0.00000000,0.00000000,0.00,0,0,-38.94,0.026,-0.5390,0.3430,0.9310,1.1291,0.451904,-0.403015,0.064148,0.793213,7.997,150.0,-1
1785813734.717,3024,688024,0,0.00000000,0.00000000,0.00,0,0,-38.91,0.044,-0.6370,0.4410,1.0290,1.2881,0.451904,-0.402954,0.064331,0.793274,7.999,147.5,-1
1785813735.997,3029,689148,0,0.00000000,0.00000000,0.00,0,0,-38.77,0.056,-0.4410,0.1470,0.6860,0.8287,0.450500,-0.401794,0.070190,0.794128,7.997,150.0,-1
1785813735.997,3030,689373,0,0.00000000,0.00000000,0.00,0,0,-38.93,-0.049,-0.6860,0.4410,1.0290,1.3130,0.451721,-0.402344,0.066223,0.793518,7.999,155.0,-1
1785813737.290,3034,690262,0,0.00000000,0.00000000,0.00,0,0,-38.96,-0.060,-0.7840,0.2450,1.1760,1.4345,0.451416,-0.402649,0.066467,0.793518,7.997,148.8,-1
1785813737.290,3035,690488,0,0.00000000,0.00000000,0.00,0,0,-38.93,-0.027,-0.2450,0.2940,0.3920,0.5478,0.451416,-0.402832,0.066711,0.793396,7.997,147.5,-1
1785813738.576,3040,691601,0,0.00000000,0.00000000,0.00,0,0,-38.80,0.038,-0.5880,-0.0980,0.6370,0.8724,0.451233,-0.402954,0.066895,0.793396,7.997,153.8,-1
1785813738.576,3041,691829,0,0.00000000,0.00000000,0.00,0,0,-38.93,-0.030,-0.4900,0.1960,0.9310,1.0702,0.451233,-0.402954,0.067017,0.793396,7.996,151.2,-1
1785813739.873,3046,692924,0,0.00000000,0.00000000,0.00,0,0,-39.02,-0.064,-0.6370,0.1960,1.1270,1.3093,0.451294,-0.403076,0.066833,0.793335,7.997,147.5,-1
1785813739.873,3047,693143,0,0.00000000,0.00000000,0.00,0,0,-38.98,-0.043,-0.1470,-0.0490,0.7350,0.7512,0.451355,-0.403076,0.066772,0.793335,7.999,150.0,-1
1785813741.161,3052,694257,0,0.00000000,0.00000000,0.00,0,0,-38.79,0.058,-1.0780,0.3920,2.5970,2.8390,0.451233,-0.403137,0.066956,0.793335,7.997,151.2,-1
1785813741.161,3053,694478,0,0.00000000,0.00000000,0.00,0,0,-38.85,0.017,-0.3920,0.0000,0.8330,0.9206,0.451294,-0.403198,0.066833,0.793274,7.997,148.8,-1
1785813742.451,3058,695576,0,0.00000000,0.00000000,0.00,0,0,-38.89,0.000,-0.1960,0.1470,1.0780,1.1055,0.451233,-0.402954,0.066895,0.793457,8.000,147.5,-1
1785813743.731,3059,695796,0,0.00000000,0.00000000,0.00,0,0,-38.90,-0.004,-0.6860,0.2940,0.8820,1.1554,0.451233,-0.402893,0.066895,0.793457,7.999,153.8,-1
1785813743.731,3064,696912,0,0.00000000,0.00000000,0.00,0,0,-38.87,0.021,-0.8330,0.5390,1.0290,1.4294,0.451233,-0.402893,0.066833,0.793457,7.997,151.2,-1
1785813745.025,3065,697123,0,0.00000000,0.00000000,0.00,0,0,-38.85,0.045,-0.5390,0.5390,0.3920,0.8571,0.451233,-0.402893,0.066833,0.793457,7.999,146.2,-1
1785813745.026,3069,698002,0,0.00000000,0.00000000,0.00,0,0,-38.79,0.067,-0.5880,0.3430,0.9800,1.1932,0.451172,-0.403015,0.066895,0.793457,7.999,147.5,-1
1785813745.026,3070,698215,0,0.00000000,0.00000000,0.00,0,0,-38.87,0.001,-0.6860,0.5880,1.0290,1.3694,0.451172,-0.403015,0.066833,0.793396,7.997,153.8,-1
1785813746.307,3075,699354,0,0.00000000,0.00000000,0.00,0,0,-38.82,0.026,-0.4900,0.3920,1.1270,1.2899,0.451172,-0.403076,0.066589,0.793457,7.996,155.0,-1
1785813746.307,3076,699575,0,0.00000000,0.00000000,0.00,0,0,-38.77,0.050,-0.5390,0.4900,1.4210,1.5968,0.451172,-0.403076,0.066528,0.793457,7.999,153.8,-1
1785813747.601,3081,700688,0,0.00000000,0.00000000,0.00,0,0,-38.84,0.013,-0.4900,0.0490,1.1270,1.2299,0.451172,-0.402954,0.066711,0.793518,7.999,150.0,-1
1785813747.601,3082,700908,0,0.00000000,0.00000000,0.00,0,0,-38.84,-0.006,-1.0290,-0.3430,1.8620,2.1549,0.451172,-0.402954,0.066711,0.793457,7.999,150.0,-1
1785813748.882,3087,702027,0,0.00000000,0.00000000,0.00,0,0,-38.82,0.018,-0.4900,0.3430,0.8330,1.0255,0.451111,-0.402954,0.066772,0.793518,7.997,146.2,-1
1785813750.166,3088,702243,0,0.00000000,0.00000000,0.00,0,0,-38.86,-0.013,-0.3430,0.0980,0.8330,0.9062,0.451172,-0.402832,0.066772,0.793518,7.997,145.0,-1
1785813750.166,3093,703348,0,0.00000000,0.00000000,0.00,0,0,-38.75,0.047,-0.3920,0.7350,0.8820,1.2132,0.451233,-0.402832,0.067017,0.793518,7.997,147.5,-1
1785813751.454,3094,703569,0,0.00000000,0.00000000,0.00,0,0,-38.84,-0.018,-0.6370,0.1960,0.8330,1.0668,0.451233,-0.402771,0.067017,0.793518,7.997,147.5,-1
1785813751.458,3098,704453,0,0.00000000,0.00000000,0.00,0,0,-38.93,-0.058,-0.8330,0.3430,0.8330,1.2270,0.451233,-0.403137,0.066772,0.793335,7.999,148.8,-1
1785813751.458,3099,704679,0,0.00000000,0.00000000,0.00,0,0,-38.87,-0.018,-0.4410,0.1960,0.8820,1.0054,0.451294,-0.403137,0.066772,0.793335,7.999,146.2,-1
1785813752.746,3104,705817,0,0.00000000,0.00000000,0.00,0,0,-38.84,-0.023,-0.4410,0.4410,1.4210,1.5518,0.451233,-0.403076,0.066833,0.793396,8.000,150.0,-1
1785813752.746,3105,706041,0,0.00000000,0.00000000,0.00,0,0,-38.99,-0.128,-0.3920,0.0980,0.6860,0.7962,0.451294,-0.403076,0.066711,0.793335,7.999,152.5,-1
1785813754.030,3110,707139,0,0.00000000,0.00000000,0.00,0,0,-38.83,-0.023,-0.2450,0.4410,0.8820,1.0161,0.451233,-0.403015,0.066895,0.793396,7.994,150.0,-1
1785813754.030,3111,707363,0,0.00000000,0.00000000,0.00,0,0,-38.82,-0.018,-1.0290,0.7840,0.8330,1.5386,0.451233,-0.403015,0.066956,0.793396,7.999,146.2,-1
1785813755.330,3116,708474,0,0.00000000,0.00000000,0.00,0,0,-38.82,-0.009,-0.6370,0.3920,0.9310,1.1942,0.451172,-0.403137,0.067078,0.793396,7.996,155.0,-1
1785813756.617,3117,708697,0,0.00000000,0.00000000,0.00,0,0,-38.84,-0.009,-0.4900,0.3430,1.0780,1.2328,0.451172,-0.403137,0.066956,0.793335,7.997,156.2,-1
1785813756.617,3122,709800,0,0.00000000,0.00000000,0.00,0,0,-38.93,-0.050,-0.5880,0.4410,1.4700,1.6435,0.451233,-0.403015,0.067017,0.793396,7.997,153.8,-1
1785813757.892,3127,710901,0,0.00000000,0.00000000,0.00,0,0,-39.00,-0.069,-0.3430,0.3430,1.2250,1.3175,0.451172,-0.403137,0.067078,0.793396,7.996,155.0,-1
1785813757.892,3128,711142,0,0.00000000,0.00000000,0.00,0,0,-38.86,0.033,-0.2450,0.0000,0.8330,0.8683,0.451172,-0.403137,0.067078,0.793396,7.999,150.0,-1
1785813759.187,3133,712246,0,0.00000000,0.00000000,0.00,0,0,-38.90,-0.002,-0.6370,0.3430,1.2740,1.4651,0.451050,-0.402954,0.066956,0.793518,7.997,152.5,-1
1785813759.187,3134,712471,0,0.00000000,0.00000000,0.00,0,0,-38.86,0.019,-0.4410,0.2940,0.9800,1.1141,0.451050,-0.403015,0.066895,0.793518,7.995,151.2,-1
1785813760.482,3139,713577,0,0.00000000,0.00000000,0.00,0,0,-39.02,-0.081,-0.6860,0.4900,0.9310,1.2560,0.451172,-0.403015,0.067078,0.793457,7.997,146.2,-1
1785813760.482,3140,713796,0,0.00000000,0.00000000,0.00,0,0,-38.94,-0.039,-0.2940,0.0980,0.4900,0.5798,0.451233,-0.402954,0.066956,0.793396,7.997,147.5,-1
1785813761.768,3145,714897,0,0.00000000,0.00000000,0.00,0,0,-39.10,-0.116,-0.4900,0.5390,1.0780,1.3010,0.451233,-0.403137,0.067200,0.793335,7.996,152.5,-1
1785813763.054,3146,715142,0,0.00000000,0.00000000,0.00,0,0,-38.92,-0.019,-0.5390,0.3430,1.1760,1.3383,0.451172,-0.403015,0.067200,0.793396,7.996,146.2,-1
1785813763.054,3150,716032,0,0.00000000,0.00000000,0.00,0,0,-38.96,-0.025,-0.4410,0.4410,0.8330,1.0406,0.451172,-0.402954,0.067017,0.793457,7.995,152.5,-1
1785813763.058,3151,716247,0,0.00000000,0.00000000,0.00,0,0,-39.06,-0.069,-0.4410,0.1960,0.9310,1.0486,0.451172,-0.403076,0.066895,0.793457,7.997,152.5,-1
1785813764.347,3156,717365,0,0.00000000,0.00000000,0.00,0,0,-39.07,-0.016,-0.5390,0.2940,0.7840,0.9958,0.451050,-0.403137,0.067017,0.793457,7.999,148.8,-1
1785813764.347,3157,717594,0,0.00000000,0.00000000,0.00,0,0,-39.14,-0.059,-0.6370,0.4410,1.2250,1.4494,0.451050,-0.403137,0.066956,0.793457,8.001,155.0,-1
1785813765.633,3162,718686,0,0.00000000,0.00000000,0.00,0,0,-38.99,0.026,-0.7350,0.5390,0.7350,1.1709,0.451172,-0.402893,0.066833,0.793518,8.000,151.2,-1
1785813765.633,3163,718905,0,0.00000000,0.00000000,0.00,0,0,-39.09,-0.045,-0.2450,0.6860,1.4700,1.6406,0.451172,-0.402954,0.066833,0.793457,7.997,151.2,-1
1785813766.908,3168,720014,0,0.00000000,0.00000000,0.00,0,0,-39.11,-0.046,-0.3430,-0.1960,0.9310,1.0113,0.450928,-0.403198,0.067078,0.793457,7.999,151.2,-1
1785813766.908,3169,720228,0,0.00000000,0.00000000,0.00,0,0,-39.10,-0.065,-0.5390,0.1960,0.8820,1.0521,0.451050,-0.403198,0.067017,0.793457,7.999,151.2,-1
1785813768.206,3174,721372,0,0.00000000,0.00000000,0.00,0,0,-39.15,-0.056,-0.4900,0.1960,0.9310,1.0702,0.451294,-0.403137,0.066833,0.793335,7.997,146.2,-1
1785813769.491,3175,721591,0,0.00000000,0.00000000,0.00,0,0,-39.01,0.053,-0.4410,0.1960,0.7840,0.9206,0.451294,-0.403076,0.066833,0.793335,7.997,153.8,-1
1785813769.495,3179,722462,0,0.00000000,0.00000000,0.00,0,0,-38.99,0.069,-0.4410,0.2450,0.8820,1.0161,0.451294,-0.403015,0.066711,0.793396,8.006,115.0,-1
1785813769.495,3180,722683,0,0.00000000,0.00000000,0.00,0,0,-39.00,0.061,-0.5390,0.5390,1.2740,1.4846,0.451233,-0.403076,0.066772,0.793396,7.999,151.2,-1
1785813770.784,3185,723817,0,0.00000000,0.00000000,0.00,0,0,-39.02,0.044,-0.5880,0.3920,0.9800,1.2082,0.451111,-0.403198,0.067200,0.793335,8.000,152.5,-1
1785813770.784,3186,724036,0,0.00000000,0.00000000,0.00,0,0,-39.00,0.056,-0.6370,0.0490,1.1760,1.3383,0.451233,-0.403198,0.067078,0.793274,7.999,151.2,-1
1785813772.075,3191,725125,0,0.00000000,0.00000000,0.00,0,0,-39.02,0.022,-0.3430,0.1470,0.8820,0.9577,0.451233,-0.403381,0.066956,0.793213,7.999,147.5,-1
1785813772.075,3192,725350,0,0.00000000,0.00000000,0.00,0,0,-39.17,-0.075,-0.4900,0.2940,0.6860,0.8928,0.451233,-0.403381,0.066895,0.793213,7.999,146.2,-1
1785813773.360,3197,726442,0,0.00000000,0.00000000,0.00,0,0,-39.29,-0.084,-0.4900,0.0980,1.2250,1.3230,0.451355,-0.403320,0.066833,0.793213,7.999,150.0,-1
1785813773.360,3198,726661,0,0.00000000,0.00000000,0.00,0,0,-39.12,0.028,-0.4900,0.3920,1.1270,1.2899,0.451416,-0.403259,0.066895,0.793213,7.997,151.2,-1
1785813774.644,3203,727792,0,0.00000000,0.00000000,0.00,0,0,-39.04,0.071,-0.4900,0.4410,1.3720,1.5222,0.451416,-0.403015,0.066956,0.793274,7.999,151.2,-1
1785813775.927,3204,728019,0,0.00000000,0.00000000,0.00,0,0,-39.00,0.087,-0.5390,0.5390,2.3030,2.4259,0.451538,-0.403015,0.066956,0.793274,7.997,147.5,-1
1785813775.927,3208,728905,0,0.00000000,0.00000000,0.00,0,0,-39.11,-0.014,-0.6370,0.4900,0.8820,1.1932,0.451416,-0.403076,0.067017,0.793274,8.004,132.5,-1
1785813775.927,3209,729122,0,0.00000000,0.00000000,0.00,0,0,-39.13,-0.010,-0.4900,0.3430,0.8330,1.0255,0.451416,-0.403015,0.067078,0.793274,7.999,150.0,-1
1785813777.219,3214,730232,0,0.00000000,0.00000000,0.00,0,0,-39.17,-0.038,-0.6370,0.6370,0.7350,1.1627,0.451355,-0.402832,0.067078,0.793396,7.997,148.8,-1
1785813777.219,3215,730450,0,0.00000000,0.00000000,0.00,0,0,-39.02,0.053,-1.0780,0.0490,1.3720,1.7455,0.451416,-0.402710,0.067078,0.793457,7.997,145.0,-1
1785813778.513,3220,731594,0,0.00000000,0.00000000,0.00,0,0,-38.93,0.078,0.6370,-0.1470,0.8820,1.0979,0.451355,-0.403015,0.067139,0.793335,7.997,155.0,-1
1785813778.513,3221,731813,0,0.00000000,0.00000000,0.00,0,0,-39.04,0.008,-0.7350,0.1960,1.7150,1.8761,0.451355,-0.403015,0.067139,0.793335,7.997,151.2,-1
1785813779.794,3226,732907,0,0.00000000,0.00000000,0.00,0,0,-38.93,0.020,-0.2940,-0.0490,0.7350,0.7931,0.451355,-0.403015,0.067078,0.793335,8.000,150.0,-1
1785813779.794,3227,733123,0,0.00000000,0.00000000,0.00,0,0,-39.01,-0.012,-0.4410,0.2940,0.6370,0.8287,0.451355,-0.403015,0.067078,0.793335,7.997,151.2,-1
1785813781.088,3232,734241,0,0.00000000,0.00000000,0.00,0,0,-39.03,-0.030,-0.4900,-0.3430,2.3520,2.4269,0.451355,-0.402954,0.067200,0.793335,8.000,151.2,-1
1785813782.370,3233,734463,0,0.00000000,0.00000000,0.00,0,0,-38.96,0.023,-0.5390,0.4410,1.3720,1.5386,0.451416,-0.402954,0.067200,0.793274,7.999,142.5,-1
1785813782.370,3237,735353,0,0.00000000,0.00000000,0.00,0,0,-38.92,0.000,-0.3920,0.4410,0.9800,1.1439,0.451477,-0.402954,0.067200,0.793274,7.995,147.5,-1
1785813782.370,3238,735571,0,0.00000000,0.00000000,0.00,0,0,-38.82,0.065,-0.3920,0.2450,1.1760,1.2636,0.451416,-0.402954,0.067200,0.793274,7.995,151.2,-1
1785813783.664,3243,736676,0,0.00000000,0.00000000,0.00,0,0,-38.86,0.029,-0.3430,0.2450,0.9800,1.0668,0.451355,-0.403320,0.067383,0.793152,7.996,147.5,-1
1785813783.664,3244,736897,0,0.00000000,0.00000000,0.00,0,0,-38.82,0.047,-0.2940,0.5880,1.1760,1.3473,0.451416,-0.403198,0.067322,0.793152,8.000,146.2,-1
1785813784.948,3249,738038,0,0.00000000,0.00000000,0.00,0,0,-38.91,-0.032,-0.5880,0.4900,0.6860,1.0278,0.451477,-0.403137,0.067139,0.793213,7.999,147.5,-1
1785813784.948,3250,738251,0,0.00000000,0.00000000,0.00,0,0,-38.78,0.072,-0.5390,0.4410,0.6860,0.9775,0.451477,-0.403137,0.067139,0.793213,7.997,148.8,-1
1785813786.234,3255,739369,0,0.00000000,0.00000000,0.00,0,0,-38.79,0.045,-0.5390,0.2450,1.0290,1.1872,0.451477,-0.403137,0.067078,0.793213,8.001,146.2,-1
1785813787.516,3256,739590,0,0.00000000,0.00000000,0.00,0,0,-38.92,-0.015,-0.4410,0.3920,0.9800,1.1439,0.451538,-0.403076,0.067139,0.793213,7.999,155.0,-1
1785813787.516,3261,740696,0,0.00000000,0.00000000,0.00,0,0,-38.86,-0.028,-0.9800,-0.0980,1.8130,2.0632,0.451660,-0.402893,0.066956,0.793213,7.997,150.0,-1
1785813788.811,3262,740925,0,0.00000000,0.00000000,0.00,0,0,-38.73,0.062,-0.3430,0.3430,1.1760,1.2721,0.451721,-0.402954,0.066956,0.793152,7.999,150.0,-1
1785813788.811,3266,741816,0,0.00000000,0.00000000,0.00,0,0,-38.80,0.001,-0.5390,0.3430,0.9800,1.1699,0.451843,-0.402893,0.066956,0.793152,7.999,146.2,-1
1785813788.812,3267,742033,0,0.00000000,0.00000000,0.00,0,0,-38.78,0.015,-0.3430,0.3920,1.0290,1.1533,0.451843,-0.402893,0.066956,0.793091,7.999,152.5,-1
1785813790.106,3272,743139,0,0.00000000,0.00000000,0.00,0,0,-38.85,-0.014,-0.5390,0.3430,1.2740,1.4252,0.451660,-0.403076,0.067200,0.793091,7.999,142.5,-1
1785813790.106,3273,743357,0,0.00000000,0.00000000,0.00,0,0,-38.84,-0.011,-0.3920,0.2450,1.3230,1.4014,0.451660,-0.403015,0.067200,0.793152,7.999,145.0,-1
1785813791.380,3278,744461,0,0.00000000,0.00000000,0.00,0,0,-38.91,-0.037,-0.5880,0.7840,1.7640,2.0179,0.451599,-0.402893,0.067200,0.793213,7.999,146.2,-1
1785813791.380,3279,744681,0,0.00000000,0.00000000,0.00,0,0,-38.86,-0.009,-0.4900,0.1960,1.1270,1.2444,0.451538,-0.402893,0.067200,0.793274,8.000,147.5,-1
1785813792.678,3284,745813,0,0.00000000,0.00000000,0.00,0,0,-38.94,-0.030,-0.3430,0.2450,0.6370,0.7638,0.451660,-0.402954,0.067261,0.793152,8.001,145.0,-1
1785813793.966,3285,746033,0,0.00000000,0.00000000,0.00,0,0,-39.05,-0.084,-0.4410,0.1960,0.9800,1.0924,0.451599,-0.403015,0.067261,0.793152,7.997,150.0,-1
1785813793.966,3290,747130,0,0.00000000,0.00000000,0.00,0,0,-39.18,-0.107,-0.3430,0.2450,1.0780,1.1575,0.451782,-0.402710,0.067139,0.793213,7.997,152.5,-1
1785813795.253,3291,747349,0,0.00000000,0.00000000,0.00,0,0,-39.12,-0.043,-0.3920,0.2940,1.1270,1.2289,0.451843,-0.402771,0.067017,0.793152,7.999,141.2,-1
1785813795.258,3295,748252,0,0.00000000,0.00000000,0.00,0,0,-39.24,-0.064,-0.5390,0.5390,0.9310,1.2032,0.451721,-0.402710,0.067261,0.793274,7.999,147.5,-1
1785813795.258,3296,748478,0,0.00000000,0.00000000,0.00,0,0,-39.07,0.027,-0.5880,0.5880,1.2250,1.4806,0.451660,-0.402710,0.067200,0.793274,7.999,153.8,-1
1785813796.532,3301,749582,0,0.00000000,0.00000000,0.00,0,0,-39.18,-0.071,-0.7840,-0.3430,2.5970,2.7344,0.451660,-0.402771,0.067139,0.793274,7.997,151.2,-1
1785813796.532,3302,749802,0,0.00000000,0.00000000,0.00,0,0,-39.14,-0.057,-0.5390,0.2940,0.7350,0.9577,0.451477,-0.402893,0.067261,0.793335,7.996,152.5,-1
1785813797.828,3307,750904,0,0.00000000,0.00000000,0.00,0,0,-39.18,-0.056,-0.4410,0.1960,0.8820,1.0054,0.451660,-0.402954,0.067444,0.793152,8.000,148.8,-1
1785813797.828,3308,751146,0,0.00000000,0.00000000,0.00,0,0,-39.13,-0.027,-0.6860,0.2940,1.3720,1.5619,0.451660,-0.402954,0.067383,0.793152,8.000,152.5,-1
1785813799.122,3313,752255,0,0.00000000,0.00000000,0.00,0,0,-39.27,-0.070,-0.6370,0.2940,0.7840,1.0521,0.451721,-0.403015,0.067261,0.793091,7.999,150.0,-1
1785813800.397,3314,752479,0,0.00000000,0.00000000,0.00,0,0,-39.23,-0.022,-0.3430,0.0000,0.8820,0.9463,0.451721,-0.403076,0.067261,0.793030,7.999,148.8,-1
1785813800.397,3319,753591,0,0.00000000,0.00000000,0.00,0,0,-39.14,0.023,-0.5880,0.3430,1.2250,1.4014,0.451660,-0.403076,0.067322,0.793091,7.997,153.8,-1
1785813801.684,3324,754691,0,0.00000000,0.00000000,0.00,0,0,-39.26,-0.078,-0.6860,0.2940,1.4700,1.6486,0.451660,-0.403015,0.067261,0.793091,7.997,147.5,-1
1785813801.684,3325,754911,0,0.00000000,0.00000000,0.00,0,0,-39.19,-0.013,-0.4900,0.4410,0.7840,1.0243,0.451660,-0.403076,0.067322,0.793091,7.997,152.5,-1
1785813802.984,3330,756016,0,0.00000000,0.00000000,0.00,0,0,-39.16,-0.028,-0.1470,0.2450,0.9310,0.9739,0.451843,-0.402771,0.067627,0.793152,7.997,152.5,-1
1785813802.984,3331,756230,0,0.00000000,0.00000000,0.00,0,0,-39.11,0.033,-0.4410,0.1470,0.8330,0.9539,0.451843,-0.402832,0.067505,0.793091,7.997,148.8,-1
1785813804.269,3336,757368,0,0.00000000,0.00000000,0.00,0,0,-39.27,-0.050,-0.8820,0.7350,1.0290,1.5417,0.451965,-0.402954,0.067383,0.792969,7.997,148.8,-1
1785813804.270,3337,757587,0,0.00000000,0.00000000,0.00,0,0,-39.26,-0.036,-0.8820,0.5880,0.4900,1.1678,0.451904,-0.402954,0.067322,0.793030,7.995,145.0,-1
1785813805.561,3342,758692,0,0.00000000,0.00000000,0.00,0,0,-39.20,0.031,-0.1960,0.0000,1.1270,1.1439,0.451904,-0.402832,0.067444,0.793091,7.997,150.0,-1
1785813806.850,3343,758910,0,0.00000000,0.00000000,0.00,0,0,-39.20,0.031,-0.3920,0.0490,0.6370,0.7496,0.451843,-0.402771,0.067383,0.793152,7.997,153.8,-1
1785813806.850,3348,760014,0,0.00000000,0.00000000,0.00,0,0,-39.27,-0.001,-0.1960,0.3430,0.5880,0.7084,0.451904,-0.402832,0.067261,0.793091,7.997,150.0,-1
1785813808.134,3349,760233,0,0.00000000,0.00000000,0.00,0,0,-39.32,-0.032,-0.9310,0.3920,1.3230,1.6646,0.451965,-0.402710,0.067261,0.793091,7.999,150.0,-1
1785813808.134,3353,761140,0,0.00000000,0.00000000,0.00,0,0,-39.27,-0.009,-0.6370,0.3430,1.1760,1.3807,0.451965,-0.402771,0.067383,0.793091,7.995,150.0,-1
1785813808.134,3354,761367,0,0.00000000,0.00000000,0.00,0,0,-39.25,-0.004,-0.9800,0.7350,1.7150,2.1076,0.451965,-0.402710,0.067383,0.793091,8.000,145.0,-1
1785813809.412,3359,762476,0,0.00000000,0.00000000,0.00,0,0,-39.30,-0.006,-0.1960,0.1960,1.5190,1.5441,0.451904,-0.402832,0.067505,0.793030,7.999,151.2,-1
1785813809.412,3360,762700,0,0.00000000,0.00000000,0.00,0,0,-39.39,-0.075,-0.4900,0.2940,0.6370,0.8557,0.451965,-0.402893,0.067505,0.793030,7.999,145.0,-1
1785813810.711,3365,763800,0,0.00000000,0.00000000,0.00,0,0,-39.21,0.045,-0.2940,0.1470,0.9800,1.0337,0.452026,-0.402893,0.067444,0.792969,8.000,147.5,-1
1785813810.711,3366,764023,0,0.00000000,0.00000000,0.00,0,0,-39.25,0.029,-0.3920,0.3430,1.0780,1.1972,0.452026,-0.402893,0.067444,0.792969,7.999,145.0,-1
1785813811.997,3371,765127,0,0.00000000,0.00000000,0.00,0,0,-39.34,-0.032,-0.4900,0.0980,0.9310,1.0566,0.452026,-0.402710,0.067444,0.793091,7.999,146.2,-1
1785813813.276,3372,765352,0,0.00000000,0.00000000,0.00,0,0,-39.29,0.016,-0.5390,0.5390,0.9800,1.2415,0.452087,-0.402588,0.067505,0.793091,8.000,152.5,-1
1785813813.277,3377,766458,0,0.00000000,0.00000000,0.00,0,0,-39.28,0.003,-0.5390,0.2450,0.9800,1.1450,0.452026,-0.402771,0.067383,0.793030,7.997,146.2,-1
1785813814.573,3378,766680,0,0.00000000,0.00000000,0.00,0,0,-39.15,0.068,-0.4410,0.0000,1.3720,1.4411,0.452026,-0.402832,0.067444,0.792969,7.999,146.2,-1
1785813814.579,3382,767570,0,0.00000000,0.00000000,0.00,0,0,-39.29,-0.036,-0.5390,0.1960,0.7840,0.9714,0.452026,-0.402954,0.067444,0.792969,7.999,145.0,-1
1785813814.579,3383,767791,0,0.00000000,0.00000000,0.00,0,0,-39.26,-0.026,-0.3430,0.2450,0.7840,0.8901,0.452026,-0.402954,0.067444,0.792969,8.001,145.0,-1
1785813815.853,3388,768903,0,0.00000000,0.00000000,0.00,0,0,-39.20,0.046,-0.6860,0.1470,0.4410,0.8287,0.452026,-0.402954,0.067444,0.792969,7.997,147.5,-1
1785813815.853,3389,769147,0,0.00000000,0.00000000,0.00,0,0,-39.26,-0.011,-0.4410,0.5390,1.0290,1.2425,0.452026,-0.402893,0.067444,0.792969,7.999,147.5,-1
1785813817.153,3394,770253,0,0.00000000,0.00000000,0.00,0,0,-39.23,-0.024,-0.5390,0.3430,0.8820,1.0891,0.451965,-0.402893,0.067383,0.792969,8.000,151.2,-1
1785813817.154,3395,770476,0,0.00000000,0.00000000,0.00,0,0,-39.25,-0.039,-0.5390,0.1470,1.2740,1.3911,0.452026,-0.402893,0.067261,0.792969,7.999,150.0,-1
1785813818.441,3400,771577,0,0.00000000,0.00000000,0.00,0,0,-39.14,0.025,-0.5390,0.1470,0.7350,0.9232,0.451965,-0.402832,0.067322,0.793030,7.996,150.0,-1
1785813819.724,3401,771797,0,0.00000000,0.00000000,0.00,0,0,-39.22,-0.040,-0.5880,0.4410,1.0780,1.3047,0.452026,-0.402771,0.067322,0.793030,7.999,151.2,-1
1785813819.724,3406,772891,0,0.00000000,0.00000000,0.00,0,0,-39.30,-0.080,-0.2450,0.1960,1.1760,1.2171,0.452087,-0.402771,0.067505,0.792969,7.997,146.2,-1
1785813821.015,3407,773132,0,0.00000000,0.00000000,0.00,0,0,-39.17,-0.004,-0.5390,0.3430,0.6370,0.9022,0.452087,-0.402832,0.067505,0.792969,7.999,151.2,-1
1785813821.015,3411,774022,0,0.00000000,0.00000000,0.00,0,0,-39.07,0.024,-0.2940,-0.1470,1.1270,1.1740,0.452087,-0.402954,0.067566,0.792908,7.997,151.2,-1
1785813821.016,3412,774239,0,0.00000000,0.00000000,0.00,0,0,-39.03,0.059,-0.6860,0.0490,1.1760,1.3623,0.452087,-0.402954,0.067566,0.792908,7.996,150.0,-1
1785813822.307,3417,775356,0,0.00000000,0.00000000,0.00,0,0,-39.07,0.043,-0.5880,0.2940,0.9800,1.1801,0.452209,-0.402832,0.067383,0.792908,7.997,153.8,-1
1785813822.307,3418,775574,0,0.00000000,0.00000000,0.00,0,0,-39.10,0.034,-0.2940,-0.1960,0.5880,0.6860,0.452148,-0.402893,0.067322,0.792908,7.996,153.8,-1
1785813823.587,3423,776680,0,0.00000000,0.00000000,0.00,0,0,-39.19,-0.055,-0.3920,0.5390,1.0780,1.2674,0.452087,-0.402832,0.067444,0.792969,7.997,143.8,-1
1785813823.587,3424,776897,0,0.00000000,0.00000000,0.00,0,0,-39.18,-0.027,-0.5390,0.2450,0.9800,1.1450,0.452087,-0.402832,0.067444,0.792969,7.995,153.8,-1
1785813824.880,3429,778041,0,0.00000000,0.00000000,0.00,0,0,-39.12,-0.003,-0.4410,0.1960,0.8330,0.9627,0.452087,-0.402771,0.067444,0.792969,7.999,151.2,-1
1785813826.167,3430,778257,0,0.00000000,0.00000000,0.00,0,0,-39.12,-0.010,-0.5880,0.2940,1.0780,1.2626,0.452087,-0.402710,0.067505,0.793030,7.997,151.2,-1
1785813826.167,3434,779137,0,0.00000000,0.00000000,0.00,0,0,-39.04,0.051,-0.4410,0.1960,1.2740,1.3623,0.452271,-0.402893,0.067505,0.792847,7.997,148.8,-1
1785813826.176,3435,779360,0,0.00000000,0.00000000,0.00,0,0,-39.04,0.046,0.0490,0.2940,1.1760,1.2132,0.452209,-0.402893,0.067566,0.792847,7.999,150.0,-1
1785813827.449,3440,780466,0,0.00000000,0.00000000,0.00,0,0,-39.15,-0.050,-0.2940,0.1470,1.0290,1.0802,0.452148,-0.402710,0.067749,0.792969,7.997,150.0,-1
1785813827.449,3441,780687,0,0.00000000,0.00000000,0.00,0,0,-39.04,0.021,-0.7840,0.5390,1.0780,1.4378,0.452148,-0.402649,0.067810,0.792969,7.997,151.2,-1
1785813828.735,3446,781790,0,0.00000000,0.00000000,0.00,0,0,-39.04,0.026,-0.3430,0.3430,1.1760,1.2721,0.452148,-0.402588,0.067810,0.793030,7.999,147.5,-1
1785813828.735,3447,782011,0,0.00000000,0.00000000,0.00,0,0,-39.06,-0.012,-0.6370,0.3920,0.8820,1.1564,0.452148,-0.402649,0.067810,0.792969,7.997,146.2,-1
1785813830.033,3452,783136,0,0.00000000,0.00000000,0.00,0,0,-38.92,0.033,-0.6860,0.4900,0.8330,1.1852,0.452148,-0.402649,0.067871,0.792969,7.999,145.0,-1
1785813830.033,3453,783357,0,0.00000000,0.00000000,0.00,0,0,-39.03,-0.048,-1.0290,0.3920,0.9310,1.4420,0.452148,-0.402588,0.067871,0.793030,7.999,143.8,-1
1785813831.312,3458,784465,0,0.00000000,0.00000000,0.00,0,0,-38.96,0.002,-0.4410,0.3920,1.1270,1.2721,0.452148,-0.402771,0.067871,0.792908,8.000,142.5,-1
1785813832.600,3459,784685,0,0.00000000,0.00000000,0.00,0,0,-38.89,0.062,-0.1470,0.0980,1.3230,1.3347,0.452148,-0.402832,0.067871,0.792908,8.000,141.2,-1
1785813832.600,3463,785596,0,0.00000000,0.00000000,0.00,0,0,-38.98,-0.003,-0.4410,0.0980,0.7350,0.8627,0.452148,-0.402832,0.067871,0.792908,7.997,150.0,-1
1785813832.600,3464,785821,0,0.00000000,0.00000000,0.00,0,0,-38.88,0.047,-0.6370,0.4410,1.2250,1.4494,0.452148,-0.402832,0.067810,0.792908,8.000,147.5,-1
1785813833.888,3469,786929,0,0.00000000,0.00000000,0.00,0,0,-39.01,-0.025,-0.8820,0.5390,1.0290,1.4585,0.452209,-0.402649,0.067627,0.792969,7.997,150.0,-1
1785813833.888,3470,787141,0,0.00000000,0.00000000,0.00,0,0,-39.01,-0.024,-0.4410,0.2450,0.2940,0.5839,0.452209,-0.402710,0.067627,0.792969,7.999,152.5,-1
1785813835.172,3475,788244,0,0.00000000,0.00000000,0.00,0,0,-38.93,0.038,-0.6860,0.6370,1.6660,1.9110,0.452271,-0.402771,0.067566,0.792908,7.996,151.2,-1
1785813835.172,3476,788461,0,0.00000000,0.00000000,0.00,0,0,-39.02,-0.032,-0.6370,0.2450,0.9310,1.1544,0.452332,-0.402710,0.067627,0.792908,7.996,153.8,-1
1785813836.462,3481,789587,0,0.00000000,0.00000000,0.00,0,0,-39.03,-0.076,-1.5190,0.3920,1.4700,2.1499,0.452332,-0.402832,0.067627,0.792786,7.999,157.5,-1
1785813836.463,3482,789812,0,0.00000000,0.00000000,0.00,0,0,-38.97,-0.029,-0.5390,0.0980,1.0290,1.1657,0.452332,-0.402832,0.067627,0.792786,7.999,152.5,-1
1785813837.748,3487,790929,0,0.00000000,0.00000000,0.00,0,0,-38.90,-0.007,-0.4410,0.1470,0.9310,1.0406,0.452271,-0.403076,0.067627,0.792725,8.000,151.2,-1
1785813839.045,3488,791143,0,0.00000000,0.00000000,0.00,0,0,-38.83,0.020,-0.9800,-0.4410,1.6660,1.9825,0.452332,-0.402954,0.067627,0.792725,7.999,150.0,-1
1785813839.045,3492,792033,0,0.00000000,0.00000000,0.00,0,0,-38.93,-0.047,-0.4410,0.1960,1.1270,1.2260,0.452332,-0.402832,0.067566,0.792786,7.999,147.5,-1
1785813839.047,3493,792250,0,0.00000000,0.00000000,0.00,0,0,-38.99,-0.084,-0.6370,0.4410,1.1270,1.3676,0.452332,-0.402893,0.067505,0.792786,7.996,151.2,-1
1785813840.324,3498,793351,0,0.00000000,0.00000000,0.00,0,0,-38.95,-0.041,-0.6370,0.3430,0.7840,1.0668,0.452332,-0.402954,0.067627,0.792786,7.999,150.0,-1
1785813840.324,3499,793574,0,0.00000000,0.00000000,0.00,0,0,-39.00,-0.069,-0.4410,0.3920,1.2740,1.4040,0.452332,-0.402954,0.067627,0.792786,7.999,150.0,-1
1785813841.614,3504,794676,0,0.00000000,0.00000000,0.00,0,0,-38.95,-0.002,-0.4900,0.2450,1.0290,1.1657,0.452454,-0.402893,0.067688,0.792725,7.997,151.2,-1
1785813841.614,3505,794898,0,0.00000000,0.00000000,0.00,0,0,-38.87,0.056,-0.5390,0.0000,1.1270,1.2493,0.452454,-0.402893,0.067627,0.792725,7.997,153.8,-1
1785813842.906,3510,796023,0,0.00000000,0.00000000,0.00,0,0,-38.99,-0.014,-0.8820,1.2250,2.0580,2.5522,0.452393,-0.402954,0.067688,0.792725,8.000,145.0,-1
1785813842.910,3511,796238,0,0.00000000,0.00000000,0.00,0,0,-38.96,0.009,-0.5880,0.3430,1.5190,1.6646,0.452393,-0.402954,0.067627,0.792725,7.997,147.5,-1
1785813844.202,3516,797352,0,0.00000000,0.00000000,0.00,0,0,-38.98,-0.007,-0.8330,0.3920,1.1760,1.4935,0.452393,-0.402893,0.067688,0.792725,7.999,146.2,-1
1785813845.487,3517,797572,0,0.00000000,0.00000000,0.00,0,0,-38.90,0.037,-0.2450,0.0980,1.3230,1.3491,0.452332,-0.402954,0.067688,0.792725,7.999,147.5,-1
1785813845.487,3521,798465,0,0.00000000,0.00000000,0.00,0,0,-38.94,0.038,-0.6860,0.2940,1.4700,1.6486,0.452209,-0.402710,0.067566,0.792969,7.997,152.5,-1
1785813845.487,3522,798687,0,0.00000000,0.00000000,0.00,0,0,-39.07,-0.050,-0.4410,0.4410,1.6660,1.7789,0.452271,-0.402771,0.067627,0.792908,7.999,148.8,-1
1785813846.767,3527,799800,0,0.00000000,0.00000000,0.00,0,0,-39.03,-0.049,-0.4410,0.0980,0.8820,0.9910,0.452332,-0.403015,0.067688,0.792725,7.997,145.0,-1
1785813846.767,3528,800016,0,0.00000000,0.00000000,0.00,0,0,-38.94,-0.006,-0.4410,0.2450,1.2740,1.3702,0.452332,-0.403015,0.067688,0.792725,7.996,147.5,-1
1785813848.059,3533,801142,0,0.00000000,0.00000000,0.00,0,0,-39.07,-0.114,-0.5880,0.3430,1.0780,1.2749,0.452271,-0.403198,0.067810,0.792664,7.999,146.2,-1
1785813848.059,3534,801371,0,0.00000000,0.00000000,0.00,0,0,-39.14,-0.158,-0.3920,0.1470,0.9800,1.0657,0.452209,-0.403198,0.067810,0.792664,7.996,147.5,-1
1785813849.341,3539,802481,0,0.00000000,0.00000000,0.00,0,0,-39.05,-0.029,-0.4900,0.0490,0.9800,1.0968,0.452271,-0.403198,0.067688,0.792664,7.999,145.0,-1
1785813850.635,3540,802706,0,0.00000000,0.00000000,0.00,0,0,-39.04,-0.028,-0.5880,0.4900,0.9310,1.2052,0.452332,-0.403015,0.067688,0.792725,7.997,143.8,-1
1785813850.636,3544,803598,0,0.00000000,0.00000000,0.00,0,0,-39.05,-0.035,-0.6370,0.5390,1.1270,1.4023,0.452271,-0.402954,0.067688,0.792725,8.000,143.8,-1
1785813850.636,3545,803825,0,0.00000000,0.00000000,0.00,0,0,-39.03,-0.015,-0.6860,0.2940,0.7350,1.0475,0.452271,-0.402893,0.067627,0.792786,7.999,148.8,-1
1785813851.921,3550,804930,0,0.00000000,0.00000000,0.00,0,0,-39.22,-0.119,-0.6860,0.0490,1.2740,1.4478,0.452209,-0.402649,0.067688,0.792969,7.999,151.2,-1
1785813851.921,3551,805143,0,0.00000000,0.00000000,0.00,0,0,-39.15,-0.067,-0.3430,0.2450,0.5880,0.7235,0.452148,-0.402649,0.067871,0.792969,7.999,151.2,-1
1785813853.214,3556,806247,0,0.00000000,0.00000000,0.00,0,0,-39.17,-0.043,-0.3920,0.0490,0.7840,0.8779,0.452209,-0.402710,0.067810,0.792908,7.999,150.0,-1
1785813853.214,3557,806472,0,0.00000000,0.00000000,0.00,0,0,-39.09,0.004,-0.4410,0.3430,0.6860,0.8847,0.452271,-0.402710,0.067871,0.792908,8.000,147.5,-1
1785813854.496,3562,807584,0,0.00000000,0.00000000,0.00,0,0,-39.27,-0.192,-0.3430,0.2940,1.1760,1.2598,0.439941,-0.401917,0.096497,0.797241,7.997,151.2,-1
1785813854.496,3563,807807,0,0.00000000,0.00000000,0.00,0,0,-39.21,-0.149,-0.8820,0.3430,0.2450,0.9775,0.434692,-0.400574,0.073608,0.803223,8.000,150.0,-1
1785813855.788,3568,808913,0,0.00000000,0.00000000,0.00,0,0,-39.16,0.092,-0.3920,0.3920,1.3720,1.4798,0.423218,-0.398499,0.065979,0.811035,7.995,151.2,-1
1785813857.077,3569,809130,0,0.00000000,0.00000000,0.00,0,0,-39.07,0.126,-0.5880,0.4410,0.4900,0.8834,0.423218,-0.398193,0.066101,0.811157,7.999,150.0,-1
1785813857.077,3574,810235,0,0.00000000,0.00000000,0.00,0,0,-39.23,0.024,-0.6860,0.1470,1.6660,1.8077,0.422913,-0.397827,0.068359,0.811279,7.999,151.2,-1
1785813858.356,3575,810461,0,0.00000000,0.00000000,0.00,0,0,-39.17,0.025,-0.4410,-0.2450,1.7640,1.8347,0.423035,-0.397827,0.068115,0.811279,7.999,152.5,-1
1785813858.356,3579,811338,0,0.00000000,0.00000000,0.00,0,0,-39.29,-0.024,-0.6860,0.3430,1.0290,1.2834,0.423218,-0.397644,0.067993,0.811218,7.997,147.5,-1
1785813858.356,3580,811562,0,0.00000000,0.00000000,0.00,0,0,-39.24,0.000,-0.1960,0.4410,1.2250,1.3166,0.423279,-0.397583,0.067993,0.811279,7.999,145.0,-1
1785813859.647,3585,812651,0,0.00000000,0.00000000,0.00,0,0,-39.34,-0.064,-0.3920,0.2940,1.1270,1.2289,0.423157,-0.397644,0.068054,0.811279,7.996,153.8,-1
1785813859.647,3586,812876,0,0.00000000,0.00000000,0.00,0,0,-39.27,0.007,-0.7350,0.4410,1.0290,1.3392,0.423157,-0.397583,0.068054,0.811340,7.997,150.0,-1
1785813860.933,3591,814015,0,0.00000000,0.00000000,0.00,0,0,-39.38,-0.079,-0.5390,0.3920,0.9800,1.1852,0.423096,-0.397583,0.068237,0.811340,7.997,148.8,-1
1785813860.933,3592,814226,0,0.00000000,0.00000000,0.00,0,0,-39.23,0.013,-0.5390,0.2450,0.9310,1.1033,0.423035,-0.397644,0.068298,0.811340,7.997,147.5,-1
1785813862.227,3597,815348,0,0.00000000,0.00000000,0.00,0,0,-39.13,0.108,-0.2450,0.1960,0.9310,0.9824,0.423035,-0.397644,0.068298,0.811340,7.997,147.5,-1
1785813863.507,3598,815569,0,0.00000000,0.00000000,0.00,0,0,-39.21,0.053,-0.7350,0.3920,1.1760,1.4411,0.423035,-0.397644,0.068298,0.811340,7.997,147.5,-1
1785813863.507,3603,816675,0,0.00000000,0.00000000,0.00,0,0,-39.27,0.017,-0.3430,0.1960,1.0780,1.1481,0.423035,-0.397522,0.068298,0.811401,7.996,143.8,-1
1785813864.805,3604,816901,0,0.00000000,0.00000000,0.00,0,0,-39.24,0.023,-0.4900,0.3430,0.9800,1.1481,0.423035,-0.397583,0.068298,0.811340,7.997,153.8,-1
1785813864.805,3608,817814,0,0.00000000,0.00000000,0.00,0,0,-39.24,0.037,-0.6370,0.5390,1.2740,1.5229,0.423035,-0.397583,0.068298,0.811340,7.996,147.5,-1
1785813864.805,3609,818034,0,0.00000000,0.00000000,0.00,0,0,-39.29,-0.001,-0.6860,0.5390,1.1760,1.4643,0.423035,-0.397583,0.068359,0.811340,7.996,148.8,-1
1785813866.084,3614,819141,0,0.00000000,0.00000000,0.00,0,0,-39.24,0.051,-0.8330,0.6370,0.8820,1.3702,0.422974,-0.397583,0.068481,0.811401,7.999,145.0,-1
1785813866.084,3615,819359,0,0.00000000,0.00000000,0.00,0,0,-39.33,-0.012,-0.8820,0.2940,1.4700,1.7393,0.422974,-0.397644,0.068420,0.811340,7.999,146.2,-1
1785813867.378,3620,820471,0,0.00000000,0.00000000,0.00,0,0,-39.32,0.003,-0.6370,0.3920,0.8330,1.1195,0.423035,-0.397583,0.068359,0.811340,7.995,152.5,-1
1785813867.378,3621,820689,0,0.00000000,0.00000000,0.00,0,0,-39.36,-0.020,-0.2450,0.0000,0.5880,0.6370,0.423035,-0.397583,0.068298,0.811340,7.994,153.8,-1
1785813868.670,3626,821790,0,0.00000000,0.00000000,0.00,0,0,-39.30,0.015,-0.6860,0.2450,0.4900,0.8779,0.422974,-0.397583,0.068542,0.811340,7.996,153.8,-1
1785813869.950,3627,822012,0,0.00000000,0.00000000,0.00,0,0,-39.41,-0.057,-0.6860,0.5390,1.2740,1.5441,0.422974,-0.397583,0.068542,0.811401,8.000,148.8,-1
1785813869.950,3632,823140,0,0.00000000,0.00000000,0.00,0,0,-39.36,-0.014,-0.4410,0.1470,0.6860,0.8287,0.422974,-0.397522,0.068481,0.811401,7.995,155.0,-1
1785813871.239,3633,823364,0,0.00000000,0.00000000,0.00,0,0,-39.21,0.074,-0.3920,0.3430,1.5190,1.6058,0.422974,-0.397461,0.068481,0.811462,7.997,145.0,-1
1785813871.239,3637,824258,0,0.00000000,0.00000000,0.00,0,0,-39.26,0.029,-0.5880,0.4900,0.5390,0.9361,0.422974,-0.397583,0.068481,0.811401,7.997,150.0,-1
1785813871.242,3638,824477,0,0.00000000,0.00000000,0.00,0,0,-39.30,-0.004,-0.9310,0.6370,1.0780,1.5603,0.422974,-0.397644,0.068481,0.811340,7.996,152.5,-1
1785813872.527,3643,825582,0,0.00000000,0.00000000,0.00,0,0,-39.26,0.002,-0.8820,0.6860,2.1070,2.3849,0.422974,-0.397583,0.068420,0.811340,7.996,148.8,-1
1785813872.528,3644,825804,0,0.00000000,0.00000000,0.00,0,0,-39.27,0.003,-0.3430,0.6370,1.4210,1.5946,0.422974,-0.397583,0.068481,0.811340,8.000,146.2,-1
1785813873.824,3649,826921,0,0.00000000,0.00000000,0.00,0,0,-39.27,-0.012,-0.7350,0.6370,1.2740,1.6028,0.423035,-0.397522,0.068420,0.811401,7.997,152.5,-1
1785813873.824,3650,827138,0,0.00000000,0.00000000,0.00,0,0,-39.23,0.012,-0.5880,0.2450,0.7840,1.0102,0.423035,-0.397522,0.068420,0.811401,7.997,150.0,-1
1785813875.106,3655,828248,0,0.00000000,0.00000000,0.00,0,0,-39.30,-0.032,-0.4900,0.1470,0.6860,0.8557,0.423035,-0.397583,0.068359,0.811340,7.996,151.2,-1
1785813876.387,3656,828465,0,0.00000000,0.00000000,0.00,0,0,-39.31,-0.036,-0.4410,0.0980,1.3720,1.4445,0.423035,-0.397644,0.068359,0.811340,7.997,150.0,-1
1785813876.391,3661,829568,0,0.00000000,0.00000000,0.00,0,0,-39.16,0.046,-1.1760,-0.0490,1.7150,2.0800,0.423096,-0.397522,0.068359,0.811340,8.000,156.2,-1
1785813877.685,3662,829791,0,0.00000000,0.00000000,0.00,0,0,-39.25,-0.014,-0.5390,0.5880,1.5190,1.7157,0.423035,-0.397400,0.068481,0.811401,7.999,152.5,-1
1785813877.686,3666,830660,0,0.00000000,0.00000000,0.00,0,0,-39.38,-0.086,-0.6370,0.7840,0.9800,1.4074,0.423035,-0.397583,0.068481,0.811340,7.995,153.8,-1
1785813877.686,3667,830884,0,0.00000000,0.00000000,0.00,0,0,-39.31,-0.055,-0.3920,0.0980,0.4410,0.5981,0.423035,-0.397522,0.068481,0.811340,7.995,147.5,-1
1785813878.977,3672,832014,0,0.00000000,0.00000000,0.00,0,0,-39.15,0.042,-0.4900,0.0980,0.9310,1.0566,0.422974,-0.397644,0.068604,0.811340,7.996,151.2,-1
1785813878.977,3673,832229,0,0.00000000,0.00000000,0.00,0,0,-39.32,-0.035,-0.4410,-0.1960,1.1270,1.2260,0.422974,-0.397644,0.068604,0.811340,8.000,150.0,-1
1785813880.250,3678,833369,0,0.00000000,0.00000000,0.00,0,0,-39.32,-0.035,-0.7350,0.8330,1.2740,1.6903,0.422974,-0.397644,0.068604,0.811340,7.999,147.5,-1
1785813880.250,3679,833597,0,0.00000000,0.00000000,0.00,0,0,-39.32,-0.040,-0.5390,0.3430,0.9310,1.1291,0.423035,-0.397644,0.068481,0.811279,7.997,148.8,-1
1785813881.548,3684,834699,0,0.00000000,0.00000000,0.00,0,0,-39.30,-0.028,-0.6370,-0.3920,2.1070,2.2358,0.423096,-0.397461,0.068420,0.811401,7.997,155.0,-1
1785813882.831,3685,834921,0,0.00000000,0.00000000,0.00,0,0,-39.30,-0.020,-0.6370,0.5880,1.0780,1.3833,0.423035,-0.397522,0.068481,0.811401,7.997,148.8,-1
1785813882.831,3689,835803,0,0.00000000,0.00000000,0.00,0,0,-39.29,-0.001,-0.6860,0.1470,1.2250,1.4117,0.423035,-0.397583,0.068542,0.811340,7.995,102.5,-1
1785813882.835,3690,836022,0,0.00000000,0.00000000,0.00,0,0,-39.24,0.012,-0.2450,0.0490,0.5880,0.6389,0.423035,-0.397583,0.068542,0.811340,7.999,150.0,-1
1785813884.122,3695,837130,0,0.00000000,0.00000000,0.00,0,0,-39.23,-0.001,-0.3920,0.6860,1.3230,1.5410,0.423035,-0.397522,0.068542,0.811401,7.996,150.0,-1
1785813884.126,3696,837357,0,0.00000000,0.00000000,0.00,0,0,-39.27,-0.027,-0.5880,0.5390,1.4210,1.6296,0.423035,-0.397522,0.068542,0.811401,7.997,146.2,-1
1785813885.411,3701,838456,0,0.00000000,0.00000000,0.00,0,0,-39.21,0.042,-0.1960,0.2940,1.0780,1.1344,0.422974,-0.397644,0.068604,0.811340,7.997,148.8,-1
1785813885.411,3702,838677,0,0.00000000,0.00000000,0.00,0,0,-39.26,0.004,-0.8330,0.3920,1.6660,1.9034,0.422974,-0.397644,0.068604,0.811340,7.999,147.5,-1
1785813886.705,3707,839809,0,0.00000000,0.00000000,0.00,0,0,-39.31,-0.040,-0.5390,0.2450,1.0780,1.2299,0.422974,-0.397644,0.068665,0.811340,7.996,152.5,-1
1785813886.705,3708,840030,0,0.00000000,0.00000000,0.00,0,0,-39.29,-0.042,-0.4410,0.0980,0.7350,0.8627,0.422974,-0.397644,0.068665,0.811340,7.996,147.5,-1
1785813887.980,3713,841124,0,0.00000000,0.00000000,0.00,0,0,-39.23,0.012,-0.3430,0.1960,0.8820,0.9664,0.422974,-0.397583,0.068604,0.811340,7.997,143.8,-1
1785813889.282,3714,841343,0,0.00000000,0.00000000,0.00,0,0,-39.16,0.061,-0.5390,0.2450,0.9800,1.1450,0.422974,-0.397583,0.068665,0.811340,7.996,147.5,-1
1785813889.289,3719,842444,0,0.00000000,0.00000000,0.00,0,0,-39.31,-0.036,-0.3920,0.3430,1.4700,1.5596,0.423035,-0.397705,0.068665,0.811279,7.999,147.5,-1
1785813890.557,3720,842668,0,0.00000000,0.00000000,0.00,0,0,-39.28,-0.014,-0.8330,0.5390,1.1760,1.5386,0.423035,-0.397705,0.068665,0.811279,7.997,145.0,-1
1785813890.557,3724,843577,0,0.00000000,0.00000000,0.00,0,0,-39.23,0.000,-0.5390,0.0490,1.4210,1.5206,0.423035,-0.397644,0.068665,0.811279,7.996,148.8,-1
1785813890.557,3725,843801,0,0.00000000,0.00000000,0.00,0,0,-39.33,-0.062,-0.4900,0.3920,0.8820,1.0824,0.422974,-0.397705,0.068726,0.811279,7.999,143.8,-1
1785813891.851,3730,844900,0,0.00000000,0.00000000,0.00,0,0,-39.18,0.009,-0.5390,0.5390,1.1270,1.3606,0.422974,-0.397705,0.068726,0.811279,7.999,152.5,-1
1785813891.851,3731,845143,0,0.00000000,0.00000000,0.00,0,0,-39.27,-0.036,-0.5390,0.2940,0.9800,1.1564,0.422974,-0.397705,0.068726,0.811279,7.997,146.2,-1
1785813893.142,3736,846208,0,0.00000000,0.00000000,0.00,0,0,-39.31,-0.039,-0.5880,0.1470,0.8820,1.0702,0.422974,-0.397644,0.068665,0.811340,7.997,151.2,-1
1785813893.142,3737,846433,0,0.00000000,0.00000000,0.00,0,0,-39.26,0.000,-0.5390,0.1960,1.6170,1.7157,0.423096,-0.397583,0.068604,0.811279,7.995,152.5,-1
1785813894.430,3742,847541,0,0.00000000,0.00000000,0.00,0,0,-39.26,0.000,-1.3230,0.0980,2.0090,2.4075,0.423035,-0.397461,0.068604,0.811401,8.000,148.8,-1
1785813894.430,3743,847768,0,0.00000000,0.00000000,0.00,0,0,-39.18,0.054,-0.5390,1.4210,1.1760,1.9216,0.423035,-0.397461,0.068604,0.811401,7.999,152.5,-1
1785813895.715,3748,848870,0,0.00000000,0.00000000,0.00,0,0,-39.36,-0.072,-0.3920,0.5390,1.2250,1.3946,0.423035,-0.397461,0.068665,0.811401,7.999,155.0,-1
1785813897.005,3749,849088,0,0.00000000,0.00000000,0.00,0,0,-39.31,-0.041,-0.5880,0.5880,1.0780,1.3615,0.423035,-0.397522,0.068665,0.811340,7.997,158.8,-1
1785813897.005,3753,849974,0,0.00000000,0.00000000,0.00,0,0,-39.23,0.019,-0.6370,0.2940,0.9800,1.2052,0.422974,-0.397583,0.068726,0.811340,7.997,147.5,-1
1785813897.009,3754,850194,0,0.00000000,0.00000000,0.00,0,0,-39.15,0.072,-0.4900,0.4410,1.1760,1.3482,0.422974,-0.397583,0.068726,0.811340,7.997,152.5,-1
1785813898.295,3759,851310,0,0.00000000,0.00000000,0.00,0,0,-39.25,0.016,-0.5880,0.2940,0.9800,1.1801,0.423035,-0.397583,0.068665,0.811340,7.999,152.5,-1
1785813898.295,3760,851536,0,0.00000000,0.00000000,0.00,0,0,-39.23,0.020,-0.4410,0.5880,1.2740,1.4708,0.423035,-0.397583,0.068665,0.811340,7.997,150.0,-1
1785813899.575,3765,852646,0,0.00000000,0.00000000,0.00,0,0,-39.17,0.072,-0.4410,0.3920,1.0290,1.1862,0.423035,-0.397522,0.068604,0.811401,7.997,152.5,-1
1785813899.575,3766,852868,0,0.00000000,0.00000000,0.00,0,0,-39.25,0.009,-1.1760,0.2450,1.8130,2.1748,0.423035,-0.397461,0.068604,0.811401,7.997,147.5,-1
1785813900.860,3771,853962,0,0.00000000,0.00000000,0.00,0,0,-39.26,0.019,-0.4410,0.2940,1.1270,1.2454,0.423035,-0.397522,0.068726,0.811340,8.002,146.2,-1
1785813900.860,3772,854180,0,0.00000000,0.00000000,0.00,0,0,-39.23,0.029,-0.3430,0.1470,1.2250,1.2806,0.423096,-0.397522,0.068604,0.811340,8.000,153.8,-1
1785813902.152,3777,855294,0,0.00000000,0.00000000,0.00,0,0,-39.31,-0.017,-0.3920,0.2450,0.8820,0.9958,0.423035,-0.397705,0.068665,0.811279,7.997,148.8,-1
1785813903.444,3778,855512,0,0.00000000,0.00000000,0.00,0,0,-39.36,-0.052,-0.4900,0.2940,0.8820,1.0509,0.422974,-0.397644,0.068726,0.811340,7.997,150.0,-1
1785813903.444,3783,856614,0,0.00000000,0.00000000,0.00,0,0,-39.35,-0.003,-0.7840,0.3920,1.0780,1.3894,0.423035,-0.397583,0.068726,0.811340,7.997,151.2,-1
1785813904.731,3784,856838,0,0.00000000,0.00000000,0.00,0,0,-39.18,0.109,-0.7840,0.6860,1.1270,1.5347,0.423035,-0.397583,0.068726,0.811340,7.999,147.5,-1
1785813904.731,3788,857730,0,0.00000000,0.00000000,0.00,0,0,-39.39,-0.067,-0.7350,0.6370,-0.0980,0.9775,0.423035,-0.397583,0.068665,0.811340,7.995,150.0,-1
1785813904.731,3789,857931,0,0.00000000,0.00000000,0.00,0,0,-39.34,-0.034,-0.5390,0.3920,0.7840,1.0290,0.423035,-0.397522,0.068665,0.811340,7.997,150.0,-1
1785813906.023,3794,859041,0,0.00000000,0.00000000,0.00,0,0,-39.38,-0.053,-0.8820,0.6860,1.1270,1.5870,0.423035,-0.397583,0.068604,0.811340,8.000,151.2,-1
1785813906.023,3795,859259,0,0.00000000,0.00000000,0.00,0,0,-39.39,-0.056,-0.4410,0.1960,0.6860,0.8387,0.423096,-0.397522,0.068787,0.811340,7.997,151.2,-1
1785813907.300,3800,860374,0,0.00000000,0.00000000,0.00,0,0,-39.34,-0.049,-0.3920,0.1470,1.1270,1.2022,0.423157,-0.397644,0.068604,0.811279,7.996,146.2,-1
1785813907.300,3801,860596,0,0.00000000,0.00000000,0.00,0,0,-39.34,-0.040,-0.6860,0.4900,1.4700,1.6946,0.423157,-0.397644,0.068420,0.811279,7.999,152.5,-1
1785813908.602,3806,861696,0,0.00000000,0.00000000,0.00,0,0,-39.36,-0.048,-0.5880,0.3430,0.8330,1.0758,0.423157,-0.397461,0.068481,0.811340,7.999,150.0,-1
1785813908.602,3807,861915,0,0.00000000,0.00000000,0.00,0,0,-39.34,-0.035,-0.7350,0.4900,0.8330,1.2142,0.423218,-0.397339,0.068481,0.811340,7.997,151.2,-1
1785813909.889,3812,863015,0,0.00000000,0.00000000,0.00,0,0,-39.30,0.007,-0.0980,0.2450,1.1270,1.1575,0.423157,-0.397278,0.068665,0.811401,7.995,148.8,-1
1785813911.163,3813,863233,0,0.00000000,0.00000000,0.00,0,0,-39.31,0.001,-0.4900,0.4410,1.0290,1.2221,0.423096,-0.397278,0.068604,0.811462,7.999,145.0,-1
1785813911.163,3817,864147,0,0.00000000,0.00000000,0.00,0,0,-39.24,-0.004,-0.5390,0.4410,0.7840,1.0486,0.423157,-0.397400,0.068542,0.811340,7.999,146.2,-1
1785813911.163,3818,864371,0,0.00000000,0.00000000,0.00,0,0,-39.31,-0.041,-0.6370,0.0490,0.6370,0.9022,0.423096,-0.397461,0.068665,0.811340,7.999,148.8,-1
1785813912.465,3823,865468,0,0.00000000,0.00000000,0.00,0,0,-39.30,-0.059,-0.6860,0.8330,1.2250,1.6325,0.423401,-0.398010,0.068054,0.810974,7.997,148.8,-1
1785813912.465,3824,865694,0,0.00000000,0.00000000,0.00,0,0,-39.16,0.020,-0.5390,0.3430,0.9800,1.1699,0.423401,-0.398071,0.068115,0.810913,7.997,148.8,-1
1785813913.744,3829,866809,0,0.00000000,0.00000000,0.00,0,0,-39.21,-0.020,-0.3920,0.4410,0.8820,1.0612,0.423401,-0.397949,0.067871,0.811035,7.997,147.5,-1
1785813913.744,3830,867036,0,0.00000000,0.00000000,0.00,0,0,-39.24,-0.035,-0.4410,0.3920,1.5190,1.6296,0.423279,-0.398010,0.067810,0.811035,7.997,150.0,-1
1785813915.030,3835,868135,0,0.00000000,0.00000000,0.00,0,0,-39.31,-0.060,-0.7350,0.4900,1.1760,1.4708,0.423401,-0.398132,0.067505,0.810974,7.997,148.8,-1
1785813915.030,3836,868362,0,0.00000000,0.00000000,0.00,0,0,-39.27,-0.034,-0.2940,0.1470,0.8820,0.9413,0.423401,-0.398193,0.067322,0.810974,7.999,145.0,-1
1785813916.326,3841,869452,0,0.00000000,0.00000000,0.00,0,0,-39.31,-0.029,-0.3430,0.1960,1.0290,1.1022,0.423523,-0.398193,0.067383,0.810852,7.999,151.2,-1
1785813917.608,3842,869671,0,0.00000000,0.00000000,0.00,0,0,-39.38,-0.061,-0.5880,0.4900,1.4210,1.6140,0.423523,-0.398193,0.067444,0.810852,7.997,151.2,-1
1785813917.608,3846,870571,0,0.00000000,0.00000000,0.00,0,0,-39.31,-0.001,-0.5390,0.4900,1.2250,1.4252,0.423462,-0.398315,0.067505,0.810852,8.004,141.2,-1
1785813917.608,3847,870797,0,0.00000000,0.00000000,0.00,0,0,-39.24,0.044,-0.3920,0.3920,1.2250,1.3446,0.423462,-0.398315,0.067505,0.810852,8.000,151.2,-1
1785813918.904,3852,871907,0,0.00000000,0.00000000,0.00,0,0,-39.27,-0.021,-0.4900,0.2940,0.8330,1.0102,0.423523,-0.398132,0.067383,0.810913,7.997,148.8,-1
1785813918.904,3853,872119,0,0.00000000,0.00000000,0.00,0,0,-39.25,-0.015,-0.4900,0.2450,1.0290,1.1657,0.423523,-0.398071,0.067444,0.810913,7.996,150.0,-1
1785813920.183,3858,873228,0,0.00000000,0.00000000,0.00,0,0,-39.25,-0.056,-0.6370,0.7350,1.4210,1.7220,0.423401,-0.398193,0.067688,0.810913,7.996,153.8,-1
1785813920.183,3859,873453,0,0.00000000,0.00000000,0.00,0,0,-39.22,-0.038,-0.4900,0.3920,1.0780,1.2473,0.423401,-0.398132,0.067688,0.810974,7.999,152.5,-1
1785813921.476,3864,874577,0,0.00000000,0.00000000,0.00,0,0,-39.16,0.005,-0.6370,0.4410,0.5880,0.9726,0.423462,-0.398010,0.067627,0.810974,7.997,150.0,-1
1785813921.476,3865,874796,0,0.00000000,0.00000000,0.00,0,0,-39.17,-0.002,-0.3920,0.1960,0.5390,0.6947,0.423462,-0.398010,0.067627,0.810974,7.997,151.2,-1
1785813922.761,3870,875906,0,0.00000000,0.00000000,0.00,0,0,-39.16,-0.019,-0.5880,0.6370,0.8820,1.2367,0.423462,-0.398132,0.067566,0.810913,7.999,145.0,-1
1785813924.048,3871,876119,0,0.00000000,0.00000000,0.00,0,0,-39.12,0.026,-0.5390,0.2450,0.7840,0.9824,0.423462,-0.398132,0.067566,0.810913,7.997,147.5,-1
1785813924.048,3875,877010,0,0.00000000,0.00000000,0.00,0,0,-39.21,-0.047,-0.7350,0.3920,1.1270,1.4014,0.423462,-0.398010,0.067566,0.810974,7.997,138.8,-1
1785813924.048,3876,877227,0,0.00000000,0.00000000,0.00,0,0,-39.09,0.041,-0.3920,0.1960,1.3720,1.4403,0.423462,-0.397949,0.067566,0.810974,7.999,152.5,-1
1785813925.341,3881,878363,0,0.00000000,0.00000000,0.00,0,0,-39.16,0.008,-0.4410,0.3430,0.4900,0.7431,0.423523,-0.397949,0.067505,0.810974,8.001,148.8,-1
1785813925.341,3882,878590,0,0.00000000,0.00000000,0.00,0,0,-39.12,0.040,-0.3920,0.3920,0.9800,1.1259,0.423523,-0.397949,0.067505,0.811035,7.996,161.2,-1
1785813926.622,3887,879696,0,0.00000000,0.00000000,0.00,0,0,-39.08,0.037,-0.5390,0.2450,0.8330,1.0220,0.423401,-0.397949,0.067688,0.811035,7.996,148.8,-1
1785813926.622,3888,879917,0,0.00000000,0.00000000,0.00,0,0,-39.10,0.013,-0.7350,-0.0490,2.2050,2.3248,0.423401,-0.398132,0.067688,0.810974,8.000,150.0,-1
1785813927.922,3893,881018,0,0.00000000,0.00000000,0.00,0,0,-38.95,0.071,-0.6860,-0.0490,0.6860,0.9714,0.423523,-0.398071,0.067566,0.810913,7.999,150.0,-1
1785813927.926,3894,881239,0,0.00000000,0.00000000,0.00,0,0,-39.09,0.005,-0.8330,0.4410,0.9800,1.3597,0.423523,-0.398071,0.067627,0.810913,7.999,150.0,-1
1785813929.202,3899,882354,0,0.00000000,0.00000000,0.00,0,0,-39.01,0.042,-0.6370,0.3920,0.8820,1.1564,0.423523,-0.397949,0.067566,0.810974,7.999,147.5,-1
1785813930.486,3900,882580,0,0.00000000,0.00000000,0.00,0,0,-39.06,0.008,-0.3430,0.1960,0.7840,0.8779,0.423523,-0.397949,0.067627,0.810974,7.999,151.2,-1
1785813930.486,3904,883464,0,0.00000000,0.00000000,0.00,0,0,-38.96,0.099,-0.9800,0.6370,1.1760,1.6581,0.423523,-0.397888,0.067688,0.811035,7.999,146.2,-1
1785813930.487,3905,883683,0,0.00000000,0.00000000,0.00,0,0,-39.01,0.063,-0.8330,0.4410,0.7350,1.1952,0.423523,-0.397949,0.067688,0.810974,8.001,150.0,-1
1785813931.776,3910,884803,0,0.00000000,0.00000000,0.00,0,0,-39.02,0.061,-0.6860,0.2940,0.9800,1.2318,0.423279,-0.398071,0.067993,0.811035,7.997,153.8,-1
1785813931.776,3911,885027,0,0.00000000,0.00000000,0.00,0,0,-39.10,-0.003,-0.6370,-0.3920,1.5680,1.7373,0.423340,-0.398010,0.068054,0.810974,8.000,145.0,-1
1785813933.070,3916,886140,0,0.00000000,0.00000000,0.00,0,0,-38.99,0.025,-1.1270,0.2940,0.5880,1.3047,0.423645,-0.398132,0.067932,0.810791,7.999,142.5,-1
1785813933.070,3917,886365,0,0.00000000,0.00000000,0.00,0,0,-38.94,0.067,-0.4900,0.3430,1.2250,1.3632,0.423706,-0.398132,0.067871,0.810791,7.997,155.0,-1
1785813934.350,3922,887469,0,0.00000000,0.00000000,0.00,0,0,-38.94,0.024,-0.4410,0.5390,1.3720,1.5386,0.423584,-0.398132,0.067993,0.810852,7.997,151.2,-1
1785813935.647,3923,887693,0,0.00000000,0.00000000,0.00,0,0,-38.88,0.063,-0.5880,0.0980,1.0290,1.1892,0.423645,-0.398132,0.067932,0.810791,7.997,151.2,-1
1785813935.647,3928,888801,0,0.00000000,0.00000000,0.00,0,0,-38.98,-0.011,-0.6370,0.4410,1.0290,1.2881,0.423645,-0.398193,0.067871,0.810791,7.999,146.2,-1
1785813936.930,3929,889022,0,0.00000000,0.00000000,0.00,0,0,-38.96,0.024,-0.4900,0.3430,0.9800,1.1481,0.423645,-0.398254,0.067871,0.810791,8.001,147.5,-1
1785813936.933,3933,889901,0,0.00000000,0.00000000,0.00,0,0,-39.06,-0.002,-0.4410,0.4410,1.0780,1.2454,0.423645,-0.398132,0.067932,0.810852,7.996,147.5,-1
1785813936.933,3934,890121,0,0.00000000,0.00000000,0.00,0,0,-39.11,-0.025,-0.3920,0.2450,0.9310,1.0394,0.423645,-0.398132,0.067932,0.810791,7.999,147.5,-1
1785813938.225,3939,891222,0,0.00000000,0.00000000,0.00,0,0,-39.03,-0.021,-0.4410,0.1960,1.2250,1.3166,0.423584,-0.398071,0.067993,0.810852,7.999,146.2,-1
1785813938.225,3940,891448,0,0.00000000,0.00000000,0.00,0,0,-39.05,-0.022,-0.6370,0.4410,1.2250,1.4494,0.423584,-0.398071,0.067993,0.810852,7.997,147.5,-1
1785813939.509,3945,892589,0,0.00000000,0.00000000,0.00,0,0,-39.08,-0.000,-0.7840,0.3430,1.2740,1.5347,0.424011,-0.397827,0.067322,0.810852,7.997,156.2,-1
1785813939.509,3946,892811,0,0.00000000,0.00000000,0.00,0,0,-39.10,-0.003,-1.1270,-0.3920,0.6860,1.3764,0.423889,-0.397949,0.067627,0.810791,7.996,151.2,-1
1785813940.791,3951,893918,0,0.00000000,0.00000000,0.00,0,0,-39.06,0.025,-0.8330,0.6370,0.9310,1.4023,0.423706,-0.397888,0.067627,0.810913,7.999,147.5,-1
1785813942.076,3952,894139,0,0.00000000,0.00000000,0.00,0,0,-39.09,-0.017,-0.7350,0.5390,1.1760,1.4879,0.423767,-0.397888,0.067627,0.810913,7.996,146.2,-1
1785813942.076,3957,895246,0,0.00000000,0.00000000,0.00,0,0,-39.23,-0.031,-0.5880,0.5390,1.3720,1.5870,0.423645,-0.397766,0.067932,0.810974,7.997,151.2,-1
1785813943.374,3958,895466,0,0.00000000,0.00000000,0.00,0,0,-39.18,0.008,-0.3920,0.4900,1.3720,1.5087,0.423645,-0.397705,0.067932,0.811035,7.999,152.5,-1
1785813943.374,3962,896350,0,0.00000000,0.00000000,0.00,0,0,-39.18,-0.046,-0.5880,0.1960,1.0780,1.2435,0.423645,-0.397766,0.067932,0.810974,7.996,147.5,-1
1785813943.374,3963,896569,0,0.00000000,0.00000000,0.00,0,0,-39.03,0.045,-0.6370,0.4900,1.0290,1.3056,0.423584,-0.397827,0.067993,0.810974,7.997,156.2,-1
1785813944.666,3968,897663,0,0.00000000,0.00000000,0.00,0,0,-39.07,0.026,-0.2450,0.2940,1.0290,1.0979,0.423584,-0.397827,0.067993,0.810974,8.000,148.8,-1
1785813944.666,3969,897881,0,0.00000000,0.00000000,0.00,0,0,-39.09,-0.005,-0.4900,-0.2940,2.3520,2.4204,0.423584,-0.397949,0.067932,0.810913,7.996,153.8,-1
1785813945.939,3974,899013,0,0.00000000,0.00000000,0.00,0,0,-39.26,-0.051,-0.2940,0.1470,1.2250,1.2683,0.423706,-0.397766,0.067749,0.810974,7.995,156.2,-1
1785813945.939,3975,899228,0,0.00000000,0.00000000,0.00,0,0,-39.27,-0.041,-0.6370,0.2940,0.7350,1.0161,0.423706,-0.397827,0.067749,0.810974,7.999,150.0,-1
1785813947.232,3980,900342,0,0.00000000,0.00000000,0.00,0,0,-39.27,0.012,-0.3920,0.0980,1.2250,1.2899,0.423767,-0.397583,0.067444,0.811035,8.000,148.8,-1
1785813947.232,3981,900569,0,0.00000000,0.00000000,0.00,0,0,-39.34,-0.041,-0.4900,0.7840,1.2740,1.5741,0.423828,-0.397644,0.067444,0.810974,8.000,148.8,-1
1785813948.520,3986,901679,0,0.00000000,0.00000000,0.00,0,0,-39.28,0.008,-0.3920,0.2450,1.3230,1.4014,0.423767,-0.397766,0.067505,0.810974,8.000,152.5,-1
1785813949.814,3987,901902,0,0.00000000,0.00000000,0.00,0,0,-39.37,-0.042,-0.2450,0.2450,0.9800,1.0394,0.423767,-0.397705,0.067444,0.810974,8.002,142.5,-1
1785813949.814,3991,902814,0,0.00000000,0.00000000,0.00,0,0,-39.46,-0.059,-0.6860,0.3430,0.8330,1.1323,0.423706,-0.397827,0.067566,0.810974,7.997,150.0,-1
1785813949.814,3992,903035,0,0.00000000,0.00000000,0.00,0,0,-39.31,0.052,-0.4410,0.4900,1.0290,1.2221,0.423706,-0.397827,0.067566,0.810974,7.999,152.5,-1
1785813951.100,3997,904129,0,0.00000000,0.00000000,0.00,0,0,-39.33,0.000,-1.1270,0.8820,0.9310,1.7073,0.423767,-0.397949,0.067383,0.810852,8.000,147.5,-1
1785813951.100,3998,904357,0,0.00000000,0.00000000,0.00,0,0,-39.58,-0.160,-0.8820,0.8330,1.4700,1.9060,0.423706,-0.398010,0.067444,0.810852,8.000,148.8,-1
1785813952.388,4003,905457,0,0.00000000,0.00000000,0.00,0,0,-39.32,0.003,-0.2450,0.3920,1.2250,1.3093,0.423645,-0.397888,0.067688,0.810913,7.997,147.5,-1
1785813952.388,4004,905680,0,0.00000000,0.00000000,0.00,0,0,-39.25,0.042,-1.3720,0.0000,0.8820,1.6310,0.423584,-0.397888,0.067749,0.810974,7.997,147.5,-1
1785813953.682,4009,906811,0,0.00000000,0.00000000,0.00,0,0,-39.42,-0.061,-0.4410,0.3430,1.5680,1.6646,0.423645,-0.397888,0.067871,0.810913,7.999,147.5,-1
1785813954.963,4010,907036,0,0.00000000,0.00000000,0.00,0,0,-39.39,-0.016,-0.4900,0.3430,1.1270,1.2759,0.423645,-0.397888,0.067810,0.810974,7.999,148.8,-1
1785813954.963,4014,907924,0,0.00000000,0.00000000,0.00,0,0,-39.42,-0.010,-0.6860,0.4900,0.7350,1.1184,0.423645,-0.397644,0.068054,0.811035,8.010,83.8,-1
1785813954.968,4015,908140,0,0.00000000,0.00000000,0.00,0,0,-39.36,0.016,-0.5880,0.4410,1.1270,1.3455,0.423706,-0.397705,0.067993,0.810974,7.997,146.2,-1
1785813956.244,4020,909255,0,0.00000000,0.00000000,0.00,0,0,-39.58,-0.124,-0.5880,0.2940,0.7350,0.9861,0.423706,-0.397888,0.068115,0.810852,7.997,152.5,-1
1785813956.244,4021,909478,0,0.00000000,0.00000000,0.00,0,0,-39.36,0.027,-0.6860,0.6860,0.8820,1.3112,0.423767,-0.397888,0.068115,0.810852,7.997,148.8,-1
1785813957.532,4026,910591,0,0.00000000,0.00000000,0.00,0,0,-39.38,0.050,-0.1960,0.0000,0.8820,0.9035,0.423645,-0.397766,0.068176,0.810974,7.996,150.0,-1
1785813957.532,4027,910818,0,0.00000000,0.00000000,0.00,0,0,-39.35,0.062,-0.5880,0.3430,1.2740,1.4445,0.423645,-0.397705,0.068176,0.810974,7.997,152.5,-1
1785813958.828,4032,911938,0,0.00000000,0.00000000,0.00,0,0,-39.37,0.016,-0.3430,0.4900,1.0290,1.1902,0.423645,-0.397766,0.068176,0.810974,7.997,152.5,-1
1785813958.828,4033,912155,0,0.00000000,0.00000000,0.00,0,0,-39.35,0.027,-0.5390,0.3430,0.7840,1.0113,0.423584,-0.397827,0.068237,0.810974,7.997,146.2,-1
1785813960.109,4038,913258,0,0.00000000,0.00000000,0.00,0,0,-39.43,-0.033,-0.4410,0.0980,1.0780,1.1688,0.463562,-0.394043,0.087952,0.788757,7.999,148.8,-1
1785813962.380,4071,920570,0,0.00000000,0.00000000,0.00,0,0,-39.40,0.012,-0.6370,0.5390,0.9800,1.2871,0.463806,-0.393799,0.088074,0.788696,8.000,147.5,-1
1785813962.380,4072,920790,0,0.00000000,0.00000000,0.00,0,0,-39.38,0.020,-0.4900,-0.2450,1.1270,1.2531,0.463806,-0.393738,0.088135,0.788696,8.000,148.8,-1
1785813963.751,4073,921009,0,0.00000000,0.00000000,0.00,0,0,-39.45,-0.036,-0.5880,0.0490,0.8330,1.0208,0.463745,-0.393738,0.088135,0.788757,8.000,148.8,-1
1785813963.751,4074,921223,0,0.00000000,0.00000000,0.00,0,0,-39.42,-0.000,-0.5390,0.2450,0.6370,0.8697,0.463623,-0.393799,0.088135,0.788818,8.000,151.2,-1
1785813965.048,4075,921445,0,0.00000000,0.00000000,0.00,0,0,-39.54,-0.071,-0.5880,0.7350,1.1270,1.4684,0.463623,-0.393799,0.088196,0.788818,7.999,148.8,-1
1785813965.048,4076,921670,0,0.00000000,0.00000000,0.00,0,0,-39.38,0.032,-0.5390,0.4410,0.9310,1.1627,0.463562,-0.393860,0.088135,0.788818,8.000,147.5,-1
1785813965.048,4077,921898,0,0.00000000,0.00000000,0.00,0,0,-39.42,0.000,-0.5390,0.3430,1.0290,1.2112,0.463623,-0.393860,0.088135,0.788757,7.997,155.0,-1
1785813966.332,4078,922118,0,0.00000000,0.00000000,0.00,0,0,-39.41,-0.005,-0.7840,0.3920,0.9310,1.2787,0.463623,-0.393921,0.088074,0.788757,7.997,153.8,-1
1785813966.332,4079,922343,0,0.00000000,0.00000000,0.00,0,0,-39.41,-0.009,-0.4410,0.3430,1.3230,1.4361,0.463623,-0.393982,0.088074,0.788757,7.995,153.8,-1
1785813966.332,4080,922564,0,0.00000000,0.00000000,0.00,0,0,-39.49,-0.063,-0.6860,0.0980,0.9310,1.1606,0.463562,-0.393982,0.088135,0.788696,7.999,150.0,-1
1785813967.619,4081,922787,0,0.00000000,0.00000000,0.00,0,0,-39.28,0.038,-0.5390,0.2940,1.4700,1.5931,0.464478,-0.391602,0.091309,0.789001,7.996,151.2,-1
1785813967.619,4082,923014,0,0.00000000,0.00000000,0.00,0,0,-39.43,-0.039,-0.4410,0.2940,1.1760,1.2899,0.463989,-0.392578,0.090637,0.788879,7.996,151.2,-1
1785813967.624,4083,923229,0,0.00000000,0.00000000,0.00,0,0,-39.40,-0.004,-0.7840,0.5390,1.1270,1.4749,0.463989,-0.392761,0.090637,0.788818,8.000,147.5,-1
1785813968.912,4084,923454,0,0.00000000,0.00000000,0.00,0,0,-39.44,-0.020,-0.3430,0.2940,0.7350,0.8627,0.463989,-0.392517,0.090820,0.788879,7.996,151.2,-1
1785813968.912,4085,923677,0,0.00000000,0.00000000,0.00,0,0,-39.45,-0.012,-0.6860,0.2940,1.2740,1.4765,0.463989,-0.392273,0.090820,0.789001,7.999,150.0,-1
1785813968.912,4086,923896,0,0.00000000,0.00000000,0.00,0,0,-39.36,0.040,-0.3920,0.4410,1.0290,1.1862,0.464111,-0.392151,0.090698,0.789062,7.997,150.0,-1
1785813970.193,4087,924141,0,0.00000000,0.00000000,0.00,0,0,-39.42,0.001,-0.3920,0.3920,0.6860,0.8820,0.464111,-0.392029,0.090759,0.789124,7.995,151.2,-1
1785813970.197,4088,924366,0,0.00000000,0.00000000,0.00,0,0,-39.44,-0.024,-0.2940,0.2940,1.4210,1.4806,0.464111,-0.391907,0.090759,0.789185,7.996,151.2,-1
1785813970.198,4089,924589,0,0.00000000,0.00000000,0.00,0,0,-39.50,-0.061,-0.4900,0.2940,0.7840,0.9702,0.464111,-0.391785,0.090759,0.789185,8.000,151.2,-1
1785813971.481,4090,924811,0,0.00000000,0.00000000,0.00,0,0,-39.39,-0.009,-0.6370,0.5390,1.0290,1.3248,0.464111,-0.391785,0.090820,0.789246,7.999,150.0,-1
1785813971.481,4091,925032,0,0.00000000,0.00000000,0.00,0,0,-39.39,-0.016,-0.6370,0.6860,1.2740,1.5810,0.464233,-0.391663,0.090759,0.789185,7.999,150.0,-1
1785813971.481,4092,925251,0,0.00000000,0.00000000,0.00,0,0,-39.36,0.033,-0.6860,0.2450,1.3230,1.5103,0.464233,-0.391724,0.090759,0.789185,8.000,151.2,-1
1785813972.776,4093,925468,0,0.00000000,0.00000000,0.00,0,0,-39.50,-0.061,-0.4900,0.4410,0.9310,1.1408,0.464172,-0.391846,0.090698,0.789185,8.000,150.0,-1
1785813972.776,4094,925692,0,0.00000000,0.00000000,0.00,0,0,-39.53,-0.078,-0.6860,0.7350,1.5680,1.8626,0.464172,-0.391907,0.090637,0.789124,7.997,148.8,-1
1785813972.776,4095,925910,0,0.00000000,0.00000000,0.00,0,0,-39.50,-0.062,-0.5880,0.5390,1.0290,1.3020,0.464172,-0.391907,0.090576,0.789124,7.997,151.2,-1
1785813974.066,4096,926124,0,0.00000000,0.00000000,0.00,0,0,-39.40,-0.007,-0.2450,-0.0490,0.5880,0.6389,0.464172,-0.391907,0.090515,0.789185,7.997,150.0,-1
1785813974.066,4100,927017,0,0.00000000,0.00000000,0.00,0,0,-39.34,0.024,-0.8330,-0.1960,2.2540,2.4110,0.463928,-0.391785,0.090820,0.789307,8.001,97.5,-1
1785813974.066,4101,927236,0,0.00000000,0.00000000,0.00,0,0,-39.31,0.043,-0.6860,0.4410,1.2250,1.4716,0.463989,-0.391724,0.090881,0.789307,7.997,151.2,-1
1785813975.350,4106,928348,0,0.00000000,0.00000000,0.00,0,0,-39.38,0.001,-0.3920,0.1960,0.8820,0.9849,0.463928,-0.391846,0.090759,0.789307,8.000,148.8,-1
1785813975.350,4107,928571,0,0.00000000,0.00000000,0.00,0,0,-39.33,0.026,-0.4900,0.2940,1.2740,1.3963,0.463928,-0.391846,0.090820,0.789307,7.999,147.5,-1
1785813976.643,4112,929682,0,0.00000000,0.00000000,0.00,0,0,-39.38,-0.017,-0.4410,0.7840,0.7840,1.1932,0.463867,-0.391968,0.091187,0.789246,7.997,148.8,-1
1785813976.645,4113,929908,0,0.00000000,0.00000000,0.00,0,0,-39.29,0.039,-0.1470,-0.0490,1.1760,1.1862,0.463867,-0.391907,0.091125,0.789246,7.996,151.2,-1
1785813977.921,4118,931015,0,0.00000000,0.00000000,0.00,0,0,-39.23,0.030,-0.6860,0.5880,1.3720,1.6428,0.463989,-0.392029,0.090637,0.789185,7.999,147.5,-1
1785813977.921,4119,931233,0,0.00000000,0.00000000,0.00,0,0,-39.15,0.064,-0.5880,0.4410,1.2740,1.4708,0.463928,-0.391968,0.090698,0.789246,7.997,148.8,-1
1785813979.213,4124,932353,0,0.00000000,0.00000000,0.00,0,0,-39.25,0.019,-0.4410,0.1470,0.8820,0.9970,0.463867,-0.392029,0.090820,0.789246,7.997,148.8,-1
1785813980.503,4125,932575,0,0.00000000,0.00000000,0.00,0,0,-39.32,-0.011,-0.4900,0.4410,0.9800,1.1811,0.463867,-0.392090,0.090881,0.789246,8.000,145.0,-1
1785813980.503,4130,933679,0,0.00000000,0.00000000,0.00,0,0,-39.33,-0.049,-0.7350,0.5390,1.2740,1.5665,0.463989,-0.391968,0.090820,0.789185,7.997,143.8,-1
1785813981.790,4131,933896,0,0.00000000,0.00000000,0.00,0,0,-39.36,-0.067,-0.6370,0.5390,1.2250,1.4822,0.464050,-0.391968,0.090759,0.789185,7.999,147.5,-1
1785813981.790,4135,934809,0,0.00000000,0.00000000,0.00,0,0,-39.25,0.002,-0.5390,0.1960,1.0780,1.2211,0.464111,-0.391785,0.090759,0.789185,7.997,147.5,-1
1785813981.790,4136,935032,0,0.00000000,0.00000000,0.00,0,0,-39.35,-0.052,-0.6370,0.3920,1.1760,1.3937,0.464172,-0.391785,0.090759,0.789185,7.997,148.8,-1
1785813983.070,4141,936128,0,0.00000000,0.00000000,0.00,0,0,-39.38,-0.092,-0.4410,0.1960,1.1760,1.2712,0.464172,-0.391724,0.090698,0.789185,7.995,150.0,-1
1785813983.074,4142,936354,0,0.00000000,0.00000000,0.00,0,0,-39.40,-0.098,-0.5880,0.3920,0.9310,1.1688,0.464172,-0.391785,0.090698,0.789185,7.997,150.0,-1
1785813984.365,4147,937458,0,0.00000000,0.00000000,0.00,0,0,-39.30,0.015,-0.3430,0.2940,1.7640,1.8209,0.464172,-0.391663,0.090698,0.789246,8.000,153.8,-1
1785813984.365,4148,937681,0,0.00000000,0.00000000,0.00,0,0,-39.44,-0.061,-0.4410,0.2940,0.7840,0.9463,0.464172,-0.391663,0.090698,0.789246,7.995,146.2,-1
1785813985.645,4153,938800,0,0.00000000,0.00000000,0.00,0,0,-39.27,0.081,-0.5880,0.6860,1.2250,1.5222,0.464172,-0.391724,0.090698,0.789246,7.999,147.5,-1
1785813986.938,4154,939022,0,0.00000000,0.00000000,0.00,0,0,-39.40,-0.022,-0.2450,0.0000,0.5880,0.6370,0.464172,-0.391724,0.090698,0.789246,7.995,148.8,-1
1785813986.938,4158,939899,0,0.00000000,0.00000000,0.00,0,0,-39.33,0.060,-0.2940,0.1470,0.9310,0.9873,0.464111,-0.391785,0.090820,0.789246,8.009,92.5,-1
1785813986.938,4159,940146,0,0.00000000,0.00000000,0.00,0,0,-39.46,-0.017,-0.3920,0.1960,1.1760,1.2550,0.464111,-0.391785,0.090881,0.789185,7.997,143.8,-1
1785813988.230,4164,941258,0,0.00000000,0.00000000,0.00,0,0,-39.54,-0.074,-0.4410,0.1960,0.8330,0.9627,0.464111,-0.391785,0.090759,0.789185,7.997,146.2,-1
1785813988.230,4165,941486,0,0.00000000,0.00000000,0.00,0,0,-39.43,0.001,-0.4900,0.1470,1.7640,1.8367,0.464111,-0.391846,0.090820,0.789185,8.001,148.8,-1
1785813989.513,4170,942589,0,0.00000000,0.00000000,0.00,0,0,-39.46,-0.018,-0.1960,-0.3430,1.3720,1.4277,0.464111,-0.391785,0.090820,0.789185,7.999,155.0,-1
1785813989.513,4171,942811,0,0.00000000,0.00000000,0.00,0,0,-39.45,-0.002,-0.6860,0.1960,1.3720,1.5464,0.464111,-0.391785,0.090820,0.789185,7.997,147.5,-1
1785813990.798,4176,943923,0,0.00000000,0.00000000,0.00,0,0,-39.38,0.057,-0.6860,0.4410,1.0290,1.3130,0.464050,-0.391846,0.090942,0.789185,8.001,142.5,-1
1785813992.090,4177,944141,0,0.00000000,0.00000000,0.00,0,0,-39.47,-0.024,-0.5390,0.6860,1.0290,1.3491,0.464111,-0.391846,0.091003,0.789185,8.000,143.8,-1
1785813992.090,4182,945235,0,0.00000000,0.00000000,0.00,0,0,-39.34,0.014,-0.5880,0.3430,1.7150,1.8452,0.464050,-0.391663,0.091125,0.789246,8.000,146.2,-1
1785813993.372,4183,945460,0,0.00000000,0.00000000,0.00,0,0,-39.34,0.007,-0.5390,0.4900,1.0290,1.2607,0.464111,-0.391846,0.090942,0.789185,8.000,147.5,-1
1785813993.376,4187,946362,0,0.00000000,0.00000000,0.00,0,0,-39.42,-0.045,-0.7350,0.3920,1.1760,1.4411,0.464172,-0.391968,0.090759,0.789124,8.000,145.0,-1
1785813993.376,4188,946582,0,0.00000000,0.00000000,0.00,0,0,-39.27,0.044,-0.4900,0.2450,1.1760,1.2973,0.464172,-0.391907,0.090820,0.789124,7.999,145.0,-1
1785813994.672,4193,947695,0,0.00000000,0.00000000,0.00,0,0,-39.30,0.060,-0.4900,0.2940,1.1270,1.2636,0.464111,-0.392029,0.090820,0.789062,7.996,148.8,-1
1785813994.672,4194,947920,0,0.00000000,0.00000000,0.00,0,0,-39.44,-0.033,-0.5390,0.3920,0.9800,1.1852,0.464172,-0.392029,0.090820,0.789062,8.000,151.2,-1
1785813995.952,4199,949022,0,0.00000000,0.00000000,0.00,0,0,-39.30,0.061,-0.4900,0.4410,1.2250,1.3911,0.464233,-0.391785,0.090698,0.789185,7.997,148.8,-1
1785813995.952,4200,949240,0,0.00000000,0.00000000,0.00,0,0,-39.33,0.049,-0.3920,0.3430,1.6170,1.6988,0.464172,-0.391785,0.090759,0.789185,7.997,152.5,-1
1785813997.251,4205,950353,0,0.00000000,0.00000000,0.00,0,0,-39.31,0.060,-0.4900,0.3920,1.3720,1.5087,0.464233,-0.391907,0.090698,0.789124,7.999,148.8,-1
1785813997.251,4206,950575,0,0.00000000,0.00000000,0.00,0,0,-39.36,0.012,-0.6370,0.1960,0.7350,0.9922,0.464233,-0.391907,0.090698,0.789124,7.997,150.0,-1
1785813998.534,4211,951676,0,0.00000000,0.00000000,0.00,0,0,-39.42,-0.044,-0.6860,0.5390,1.0780,1.3868,0.464172,-0.391968,0.090820,0.789124,7.996,150.0,-1
1785813999.821,4212,951895,0,0.00000000,0.00000000,0.00,0,0,-39.33,0.004,-0.7350,0.6370,1.4700,1.7626,0.464111,-0.391968,0.090820,0.789124,7.997,151.2,-1
1785813999.821,4216,952810,0,0.00000000,0.00000000,0.00,0,0,-39.25,0.081,-0.7840,0.1470,1.7640,1.9360,0.464172,-0.391968,0.090820,0.789124,7.994,151.2,-1
1785813999.821,4217,953035,0,0.00000000,0.00000000,0.00,0,0,-39.30,0.060,-0.4900,0.9310,0.0490,1.0532,0.464172,-0.391907,0.090820,0.789124,7.997,151.2,-1
1785814001.102,4222,954134,0,0.00000000,0.00000000,0.00,0,0,-39.30,0.024,-0.3430,-0.0490,0.8330,0.9022,0.464172,-0.391907,0.090820,0.789124,7.999,151.2,-1
1785814001.102,4223,954357,0,0.00000000,0.00000000,0.00,0,0,-39.34,0.007,-0.0980,0.0000,1.2250,1.2289,0.464172,-0.391907,0.090759,0.789124,7.997,153.8,-1
1785814002.400,4228,955475,0,0.00000000,0.00000000,0.00,0,0,-39.28,0.023,-0.4900,0.4410,1.1270,1.3056,0.464172,-0.391907,0.090759,0.789124,7.999,152.5,-1
1785814002.405,4229,955693,0,0.00000000,0.00000000,0.00,0,0,-39.27,0.016,-0.3430,0.1470,0.6370,0.7383,0.464111,-0.391907,0.090820,0.789124,7.997,156.2,-1
1785814003.680,4234,956810,0,0.00000000,0.00000000,0.00,0,0,-39.25,-0.007,-0.4900,0.4410,1.1270,1.3056,0.464172,-0.391846,0.090820,0.789185,7.996,148.8,-1
1785814004.973,4235,957038,0,0.00000000,0.00000000,0.00,0,0,-39.22,0.014,-0.7350,0.3430,0.8820,1.1982,0.464172,-0.391846,0.090820,0.789185,7.997,152.5,-1
1785814004.973,4240,958130,0,0.00000000,0.00000000,0.00,0,0,-39.21,-0.002,-0.7840,0.4410,0.8330,1.2260,0.464050,-0.391479,0.091431,0.789307,7.996,150.0,-1
1785814006.253,4241,958349,0,0.00000000,0.00000000,0.00,0,0,-39.19,0.018,-0.0980,-0.0980,1.2250,1.2328,0.464050,-0.391479,0.091431,0.789368,7.997,151.2,-1
1785814006.253,4245,959224,0,0.00000000,0.00000000,0.00,0,0,-39.20,-0.008,-0.4410,0.2940,0.8820,1.0290,0.463989,-0.391418,0.091431,0.789429,7.999,143.8,-1
1785814006.253,4246,959445,0,0.00000000,0.00000000,0.00,0,0,-39.19,0.003,-0.3920,1.5190,0.2940,1.5961,0.463928,-0.391479,0.091431,0.789429,7.997,143.8,-1
1785814007.549,4251,960584,0,0.00000000,0.00000000,0.00,0,0,-39.08,0.047,-0.5390,0.5390,1.2250,1.4428,0.463745,-0.391663,0.091675,0.789429,8.000,147.5,-1
1785814007.549,4252,960803,0,0.00000000,0.00000000,0.00,0,0,-39.16,-0.002,-0.6370,0.4900,1.2740,1.5063,0.463745,-0.391602,0.091675,0.789429,7.999,145.0,-1
1785814008.828,4257,961915,0,0.00000000,0.00000000,0.00,0,0,-39.28,-0.061,-0.2450,0.2940,0.9800,1.0521,0.463745,-0.391541,0.092163,0.789368,8.001,151.2,-1
1785814008.828,4258,962132,0,0.00000000,0.00000000,0.00,0,0,-39.06,0.058,-0.6860,0.5390,1.1760,1.4643,0.463562,-0.391479,0.092773,0.789429,7.997,153.8,-1
1785814010.126,4263,963234,0,0.00000000,0.00000000,0.00,0,0,-39.18,-0.009,0.0490,0.0000,1.9600,1.9606,0.463806,-0.391418,0.091919,0.789429,8.000,148.8,-1
1785814011.408,4264,963461,0,0.00000000,0.00000000,0.00,0,0,-39.18,-0.021,-0.6860,0.4410,1.3230,1.5542,0.463867,-0.391418,0.091919,0.789429,8.000,145.0,-1
1785814011.408,4268,964366,0,0.00000000,0.00000000,0.00,0,0,-39.17,0.023,-0.2940,0.2940,0.6860,0.8022,0.463928,-0.391174,0.091553,0.789490,8.000,143.8,-1
1785814011.408,4269,964589,0,0.00000000,0.00000000,0.00,0,0,-39.14,0.046,-0.5390,0.5390,0.8820,1.1657,0.463867,-0.391296,0.091614,0.789490,7.997,157.5,-1
1785814012.702,4274,965695,0,0.00000000,0.00000000,0.00,0,0,-39.45,-0.110,-0.5390,0.4410,1.2250,1.4091,0.463928,-0.391418,0.091736,0.789429,8.000,148.8,-1
1785814012.702,4275,965913,0,0.00000000,0.00000000,0.00,0,0,-39.43,-0.111,-0.4900,0.8330,0.7350,1.2142,0.463867,-0.391357,0.091736,0.789490,7.999,155.0,-1
1785814013.986,4280,967017,0,0.00000000,0.00000000,0.00,0,0,-39.41,-0.063,-0.4410,0.3430,0.9310,1.0858,0.463867,-0.391541,0.091736,0.789368,7.997,148.8,-1
1785814013.986,4281,967226,0,0.00000000,0.00000000,0.00,0,0,-39.40,-0.032,-0.5880,0.3430,0.9310,1.1533,0.463867,-0.391602,0.091736,0.789368,7.997,151.2,-1
1785814015.269,4286,968357,0,0.00000000,0.00000000,0.00,0,0,-39.38,-0.028,-0.4900,0.2450,1.1270,1.2531,0.463928,-0.391541,0.091736,0.789368,7.999,155.0,-1
1785814015.269,4287,968582,0,0.00000000,0.00000000,0.00,0,0,-39.27,0.038,-0.0980,-0.4410,1.6660,1.7262,0.463928,-0.391541,0.091736,0.789368,7.999,148.8,-1
1785814016.569,4292,969673,0,0.00000000,0.00000000,0.00,0,0,-39.38,0.009,-0.7350,0.0490,1.0290,1.2655,0.463928,-0.391479,0.091675,0.789368,7.997,148.8,-1
1785814017.850,4293,969893,0,0.00000000,0.00000000,0.00,0,0,-39.29,0.055,-0.5880,0.4410,0.8330,1.1109,0.463928,-0.391541,0.091736,0.789368,7.995,152.5,-1
1785814017.850,4298,971026,0,0.00000000,0.00000000,0.00,0,0,-39.34,0.005,-0.5880,0.3920,1.1760,1.3720,0.463928,-0.391541,0.091736,0.789368,7.997,148.8,-1
1785814019.146,4303,972124,0,0.00000000,0.00000000,0.00,0,0,-39.27,0.042,-0.5390,0.3430,0.9310,1.1291,0.463989,-0.391418,0.091553,0.789368,7.997,145.0,-1
1785814019.146,4304,972352,0,0.00000000,0.00000000,0.00,0,0,-39.35,0.002,-0.7840,0.4900,0.6370,1.1227,0.463989,-0.391418,0.091553,0.789368,7.997,147.5,-1
1785814020.435,4309,973460,0,0.00000000,0.00000000,0.00,0,0,-39.41,-0.019,-0.3430,0.1470,1.5190,1.5642,0.463928,-0.391418,0.091675,0.789368,7.999,148.8,-1
1785814020.435,4310,973685,0,0.00000000,0.00000000,0.00,0,0,-39.29,0.055,-0.7350,0.4900,1.3230,1.5908,0.463928,-0.391479,0.091675,0.789368,7.997,142.5,-1
1785814021.716,4315,974801,0,0.00000000,0.00000000,0.00,0,0,-39.36,0.005,-0.7350,0.6860,1.5680,1.8626,0.463928,-0.391479,0.091675,0.789368,7.999,150.0,-1
1785814021.717,4316,975022,0,0.00000000,0.00000000,0.00,0,0,-39.35,0.022,-0.7840,0.4410,1.1270,1.4420,0.463928,-0.391479,0.091675,0.789368,7.997,147.5,-1
1785814023.001,4321,976118,0,0.00000000,0.00000000,0.00,0,0,-39.35,0.038,-0.6370,0.3430,1.3230,1.5079,0.463928,-0.391418,0.091614,0.789368,7.996,148.8,-1
1785814024.298,4322,976336,0,0.00000000,0.00000000,0.00,0,0,-39.34,0.031,-0.6370,0.2940,0.8330,1.0891,0.463989,-0.391479,0.091553,0.789368,7.995,147.5,-1
1785814024.298,4327,977451,0,0.00000000,0.00000000,0.00,0,0,-39.35,0.012,-0.4410,0.3430,1.1270,1.2579,0.463806,-0.391602,0.091858,0.789368,7.997,142.5,-1
1785814025.579,4328,977669,0,0.00000000,0.00000000,0.00,0,0,-39.35,0.009,-0.3430,0.2940,1.2740,1.3517,0.463928,-0.391602,0.091614,0.789307,7.999,143.8,-1
1785814025.579,4332,978590,0,0.00000000,0.00000000,0.00,0,0,-39.34,-0.000,-0.6860,0.4410,1.2250,1.4716,0.463989,-0.391541,0.091370,0.789368,7.997,153.8,-1
1785814025.587,4333,978814,0,0.00000000,0.00000000,0.00,0,0,-39.33,-0.014,-0.3920,0.1470,0.7840,0.8888,0.464050,-0.391541,0.091370,0.789307,7.999,146.2,-1
1785814026.864,4338,979905,0,0.00000000,0.00000000,0.00,0,0,-39.27,0.042,-0.4900,0.6370,1.4700,1.6753,0.464050,-0.391479,0.091370,0.789307,7.999,147.5,-1
1785814026.864,4339,980117,0,0.00000000,0.00000000,0.00,0,0,-39.22,0.077,-0.4410,0.0980,0.4410,0.6313,0.464050,-0.391541,0.091370,0.789307,7.999,148.8,-1
1785814028.156,4344,981227,0,0.00000000,0.00000000,0.00,0,0,-39.36,0.026,-0.3430,0.4410,1.2250,1.3464,0.464050,-0.391602,0.091370,0.789246,7.995,145.0,-1
1785814028.157,4345,981447,0,0.00000000,0.00000000,0.00,0,0,-39.44,-0.013,-0.4900,0.2450,1.6170,1.7073,0.464050,-0.391602,0.091370,0.789307,7.996,155.0,-1
1785814029.440,4350,982584,0,0.00000000,0.00000000,0.00,0,0,-39.47,0.044,-0.6860,0.1960,0.9800,1.2122,0.463928,-0.391602,0.091431,0.789307,7.999,150.0,-1
1785814030.737,4351,982805,0,0.00000000,0.00000000,0.00,0,0,-39.35,0.101,-0.2450,0.1470,1.4210,1.4494,0.463989,-0.391602,0.091553,0.789307,8.000,148.8,-1
1785814030.737,4355,983696,0,0.00000000,0.00000000,0.00,0,0,-39.46,0.016,-0.9310,0.3920,1.0780,1.4773,0.464172,-0.391418,0.091309,0.789307,7.999,155.0,-1
1785814030.745,4356,983921,0,0.00000000,0.00000000,0.00,0,0,-39.50,0.007,-1.0780,0.7350,1.0780,1.6925,0.464233,-0.391357,0.091309,0.789307,7.997,150.0,-1
1785814032.019,4361,985034,0,0.00000000,0.00000000,0.00,0,0,-39.38,0.048,-0.5390,-0.0490,0.9310,1.0769,0.464233,-0.391296,0.091248,0.789307,7.999,153.8,-1
1785814032.019,4362,985247,0,0.00000000,0.00000000,0.00,0,0,-39.45,0.005,-0.8820,0.5390,1.2250,1.6028,0.464233,-0.391296,0.091248,0.789307,8.000,148.8,-1
1785814033.314,4367,986341,0,0.00000000,0.00000000,0.00,0,0,-39.22,0.081,-0.5880,0.1960,1.1270,1.2862,0.464294,-0.391235,0.091125,0.789307,7.999,152.5,-1
1785814033.314,4368,986568,0,0.00000000,0.00000000,0.00,0,0,-39.29,0.024,-0.7840,0.3430,1.4210,1.6588,0.464294,-0.391235,0.091125,0.789307,7.999,145.0,-1
1785814034.592,4373,987671,0,0.00000000,0.00000000,0.00,0,0,-39.41,-0.010,-0.6370,0.6370,0.0980,0.9062,0.464294,-0.391174,0.091187,0.789368,7.999,151.2,-1
1785814034.593,4374,987892,0,0.00000000,0.00000000,0.00,0,0,-39.39,-0.005,-0.5390,0.2940,0.9310,1.1152,0.464294,-0.391235,0.091187,0.789368,7.999,151.2,-1
1785814035.887,4379,989031,0,0.00000000,0.00000000,0.00,0,0,-39.27,0.039,-1.4210,0.4900,1.0290,1.8216,0.464294,-0.391235,0.091187,0.789368,7.997,155.0,-1
1785814037.171,4380,989247,0,0.00000000,0.00000000,0.00,0,0,-39.37,-0.028,0.0000,0.8330,0.6860,1.0791,0.464294,-0.391235,0.091125,0.789307,8.000,151.2,-1
1785814037.171,4384,990128,0,0.00000000,0.00000000,0.00,0,0,-39.26,0.052,-0.5880,0.1960,0.8330,1.0383,0.464294,-0.391174,0.091187,0.789368,8.009,83.8,-1
1785814037.171,4385,990357,0,0.00000000,0.00000000,0.00,0,0,-39.21,0.078,-0.7350,0.6860,1.3720,1.7009,0.464294,-0.391113,0.091187,0.789368,7.997,152.5,-1
1785814038.464,4390,991457,0,0.00000000,0.00000000,0.00,0,0,-39.20,0.058,-0.2450,0.3920,1.3230,1.4014,0.464294,-0.391235,0.091187,0.789368,7.999,155.0,-1
1785814038.468,4391,991682,0,0.00000000,0.00000000,0.00,0,0,-39.20,0.050,-0.2940,0.0490,1.3230,1.3562,0.464294,-0.391235,0.091187,0.789368,7.999,147.5,-1
1785814039.751,4396,992763,0,0.00000000,0.00000000,0.00,0,0,-39.27,0.044,-0.3430,0.6860,0.4410,0.8847,0.464294,-0.391235,0.091187,0.789368,7.999,147.5,-1
1785814039.751,4397,992981,0,0.00000000,0.00000000,0.00,0,0,-39.17,0.109,-0.6860,0.8330,1.3720,1.7455,0.464294,-0.391296,0.091187,0.789307,7.999,152.5,-1
1785814041.030,4402,994091,0,0.00000000,0.00000000,0.00,0,0,-39.23,0.064,-0.1960,0.4410,1.2250,1.3166,0.464294,-0.391235,0.091187,0.789368,7.997,162.5,-1
1785814041.030,4403,994309,0,0.00000000,0.00000000,0.00,0,0,-39.21,0.085,-1.3230,0.6860,1.0290,1.8110,0.464294,-0.391235,0.091187,0.789368,7.997,148.8,-1
1785814042.318,4408,995418,0,0.00000000,0.00000000,0.00,0,0,-39.23,0.047,-0.5880,0.5880,1.7640,1.9502,0.464294,-0.391235,0.091187,0.789368,8.001,151.2,-1
1785814042.322,4409,995641,0,0.00000000,0.00000000,0.00,0,0,-39.21,0.072,-0.4900,0.2450,1.0290,1.1657,0.464233,-0.391357,0.091125,0.789307,7.997,145.0,-1
1785814043.603,4414,996751,0,0.00000000,0.00000000,0.00,0,0,-39.29,-0.006,-0.5880,0.2940,1.2250,1.3903,0.464233,-0.391479,0.091064,0.789246,7.996,146.2,-1
1785814044.892,4415,996972,0,0.00000000,0.00000000,0.00,0,0,-39.30,-0.012,-0.4900,0.1470,0.5880,0.7794,0.464233,-0.391541,0.091125,0.789246,7.997,145.0,-1
1785814044.892,4419,997852,0,0.00000000,0.00000000,0.00,0,0,-39.34,-0.032,-0.5880,0.3920,1.1270,1.3302,0.464172,-0.391541,0.091248,0.789246,7.997,131.2,-1
1785814044.892,4420,998072,0,0.00000000,0.00000000,0.00,0,0,-39.34,-0.042,-0.6370,0.3920,1.2250,1.4353,0.464172,-0.391479,0.091248,0.789246,7.999,148.8,-1
1785814046.191,4425,999167,0,0.00000000,0.00000000,0.00,0,0,-39.35,0.009,-0.6370,0.3920,0.8820,1.1564,0.464111,-0.391663,0.091003,0.789246,7.995,146.2,-1
1785814046.191,4426,999387,0,0.00000000,0.00000000,0.00,0,0,-39.33,0.017,-0.2450,0.0490,0.8330,0.8697,0.464111,-0.391663,0.091064,0.789246,7.997,150.0,-1
1785814047.468,4431,1000490,0,0.00000000,0.00000000,0.00,0,0,-39.38,0.035,-1.0290,-0.2940,2.0580,2.3196,0.464111,-0.391602,0.091064,0.789307,7.997,146.2,-1
1785814047.468,4432,1000710,0,0.00000000,0.00000000,0.00,0,0,-39.42,0.009,-0.4410,0.2450,0.7350,0.8915,0.464111,-0.391602,0.091003,0.789307,7.997,147.5,-1
1785814048.764,4437,1001801,0,0.00000000,0.00000000,0.00,0,0,-39.42,0.021,-0.5390,0.5390,1.1270,1.3606,0.464172,-0.391479,0.091003,0.789307,7.997,142.5,-1
1785814048.764,4438,1002023,0,0.00000000,0.00000000,0.00,0,0,-39.45,-0.008,-0.4900,0.0000,1.0780,1.1841,0.464111,-0.391541,0.091064,0.789307,7.997,142.5,-1
1785814050.046,4443,1003125,0,0.00000000,0.00000000,0.00,0,0,-39.38,0.022,-0.2450,0.4900,1.5190,1.6148,0.464050,-0.391663,0.091125,0.789246,7.996,147.5,-1
1785814050.046,4444,1003341,0,0.00000000,0.00000000,0.00,0,0,-39.35,0.036,-0.4410,0.1470,0.9800,1.0847,0.464111,-0.391602,0.091064,0.789246,8.000,147.5,-1
1785814051.335,4449,1004448,0,0.00000000,0.00000000,0.00,0,0,-39.34,0.030,-0.3430,0.1470,0.8820,0.9577,0.464172,-0.391541,0.090942,0.789307,7.999,147.5,-1
1785814052.627,4450,1004671,0,0.00000000,0.00000000,0.00,0,0,-39.40,-0.007,-0.0980,0.0980,1.2250,1.2328,0.464172,-0.391541,0.090942,0.789246,8.000,143.8,-1
1785814052.627,4454,1005586,0,0.00000000,0.00000000,0.00,0,0,-39.32,0.029,-0.5390,0.5880,0.9310,1.2260,0.464172,-0.391479,0.091003,0.789307,7.996,147.5,-1
1785814052.628,4455,1005809,0,0.00000000,0.00000000,0.00,0,0,-39.30,0.052,-0.3430,0.2450,1.1270,1.2032,0.464111,-0.391541,0.091064,0.789307,7.999,150.0,-1
1785814053.908,4460,1006920,0,0.00000000,0.00000000,0.00,0,0,-39.26,0.066,-0.6860,0.4900,1.1270,1.4074,0.464111,-0.391663,0.091125,0.789246,7.997,156.2,-1
1785814053.909,4461,1007134,0,0.00000000,0.00000000,0.00,0,0,-39.44,-0.050,-0.6370,0.1470,0.7840,1.0208,0.464111,-0.391602,0.091064,0.789246,7.997,147.5,-1
1785814055.206,4466,1008211,0,0.00000000,0.00000000,0.00,0,0,-39.37,0.010,-0.6370,0.5390,1.1270,1.4023,0.464111,-0.391602,0.091064,0.789307,7.997,152.5,-1
1785814055.206,4467,1008435,0,0.00000000,0.00000000,0.00,0,0,-39.26,0.067,-0.3920,0.2450,1.2250,1.3093,0.464111,-0.391602,0.091003,0.789246,7.999,150.0,-1
1785814056.488,4472,1009584,0,0.00000000,0.00000000,0.00,0,0,-39.44,-0.056,-0.6370,0.3920,1.2250,1.4353,0.464172,-0.391541,0.090942,0.789307,7.996,156.2,-1
1785814056.488,4473,1009809,0,0.00000000,0.00000000,0.00,0,0,-39.39,-0.010,-0.5880,0.3430,0.6860,0.9664,0.464172,-0.391479,0.090881,0.789307,7.997,153.8,-1
1785814057.786,4478,1010913,0,0.00000000,0.00000000,0.00,0,0,-39.52,-0.091,-0.3430,0.2450,1.2250,1.2955,0.464172,-0.391541,0.090942,0.789307,7.997,150.0,-1
1785814059.074,4479,1011133,0,0.00000000,0.00000000,0.00,0,0,-39.38,0.001,-0.7350,0.3920,0.9310,1.2493,0.464111,-0.391602,0.091003,0.789307,7.999,150.0,-1
1785814059.074,4483,1012024,0,0.00000000,0.00000000,0.00,0,0,-39.41,0.020,-0.6860,0.3920,1.0780,1.3365,0.464111,-0.391541,0.091064,0.789307,8.010,92.5,-1
1785814059.074,4484,1012238,0,0.00000000,0.00000000,0.00,0,0,-39.42,0.004,-0.4900,0.6370,0.2450,0.8402,0.464111,-0.391541,0.091064,0.789307,7.999,148.8,-1
1785814060.356,4489,1013337,0,0.00000000,0.00000000,0.00,0,0,-39.48,0.008,-0.3920,-0.2940,1.3230,1.4108,0.464111,-0.391602,0.091003,0.789246,8.000,150.0,-1
1785814060.356,4490,1013562,0,0.00000000,0.00000000,0.00,0,0,-39.35,0.097,-0.3920,0.1960,1.6170,1.6753,0.464172,-0.391602,0.091003,0.789246,7.999,150.0,-1
1785814061.635,4495,1014666,0,0.00000000,0.00000000,0.00,0,0,-39.35,0.125,-0.4900,0.4900,1.3230,1.4935,0.464111,-0.391541,0.091125,0.789307,8.000,146.2,-1
1785814061.635,4496,1014890,0,0.00000000,0.00000000,0.00,0,0,-39.56,-0.018,-0.2450,0.1470,0.8820,0.9271,0.464050,-0.391541,0.091125,0.789307,8.000,147.5,-1
1785814062.926,4501,1016031,0,0.00000000,0.00000000,0.00,0,0,-39.43,0.069,-0.6860,0.3920,1.0780,1.3365,0.464111,-0.391602,0.091125,0.789307,7.996,145.0,-1
1785814062.926,4502,1016245,0,0.00000000,0.00000000,0.00,0,0,-39.57,-0.037,-0.4900,0.6370,1.0290,1.3056,0.464111,-0.391602,0.091125,0.789246,7.999,145.0,-1
1785814064.223,4507,1017357,0,0.00000000,0.00000000,0.00,0,0,-39.54,0.003,-0.4900,0.4410,1.0290,1.2221,0.464172,-0.391724,0.091003,0.789246,7.997,147.5,-1
1785814065.502,4508,1017583,0,0.00000000,0.00000000,0.00,0,0,-39.51,0.007,-0.3920,0.2940,1.1760,1.2740,0.464172,-0.391663,0.090942,0.789246,7.997,152.5,-1
1785814065.502,4513,1018675,0,0.00000000,0.00000000,0.00,0,0,-39.46,0.012,-0.4410,0.5390,1.3230,1.4951,0.464111,-0.391541,0.091064,0.789307,7.997,151.2,-1
1785814066.795,4518,1019810,0,0.00000000,0.00000000,0.00,0,0,-39.55,-0.039,-0.9800,0.8820,1.5680,2.0486,0.464111,-0.391418,0.091125,0.789368,8.000,143.8,-1
1785814066.798,4519,1020028,0,0.00000000,0.00000000,0.00,0,0,-39.40,0.069,-0.4410,0.2940,0.4900,0.7218,0.464111,-0.391357,0.091125,0.789368,7.999,147.5,-1
1785814068.088,4524,1021124,0,0.00000000,0.00000000,0.00,0,0,-39.60,-0.032,-0.3920,0.0490,0.3920,0.5565,0.464111,-0.391357,0.091125,0.789429,7.997,146.2,-1
1785814068.088,4525,1021351,0,0.00000000,0.00000000,0.00,0,0,-39.40,0.082,-0.4900,0.2940,0.9800,1.1344,0.464111,-0.391357,0.091125,0.789429,7.997,148.8,-1
1785814069.371,4530,1022454,0,0.00000000,0.00000000,0.00,0,0,-39.46,-0.015,-0.4900,0.2940,0.9800,1.1344,0.464111,-0.391479,0.091187,0.789368,7.997,147.5,-1
1785814069.371,4531,1022674,0,0.00000000,0.00000000,0.00,0,0,-39.47,0.001,-0.5390,-0.0490,0.9800,1.1195,0.464050,-0.391479,0.091187,0.789368,7.997,150.0,-1
1785814070.652,4536,1023810,0,0.00000000,0.00000000,0.00,0,0,-39.31,0.097,-0.3430,0.1960,1.1760,1.2406,0.464172,-0.391418,0.090942,0.789368,7.996,143.8,-1
1785814071.950,4537,1024039,0,0.00000000,0.00000000,0.00,0,0,-39.48,-0.009,-0.8330,0.4900,0.7840,1.2444,0.464111,-0.391479,0.091003,0.789368,8.000,147.5,-1
1785814071.950,4541,1024919,0,0.00000000,0.00000000,0.00,0,0,-39.41,0.036,-0.4410,0.1470,0.6370,0.7886,0.463989,-0.391418,0.091248,0.789429,7.997,152.5,-1
1785814071.951,4542,1025132,0,0.00000000,0.00000000,0.00,0,0,-39.38,0.063,-0.6370,0.6370,1.2250,1.5206,0.463989,-0.391418,0.091248,0.789429,7.999,150.0,-1
1785814073.231,4547,1026247,0,0.00000000,0.00000000,0.00,0,0,-39.42,0.036,-0.5390,0.4900,1.4700,1.6406,0.464050,-0.391357,0.091125,0.789429,7.996,150.0,-1
1785814073.235,4548,1026475,0,0.00000000,0.00000000,0.00,0,0,-39.40,0.053,-0.8820,0.2450,2.0090,2.2077,0.464050,-0.391357,0.091125,0.789429,7.997,146.2,-1
1785814074.518,4553,1027576,0,0.00000000,0.00000000,0.00,0,0,-39.29,0.092,-0.6860,0.4410,0.8330,1.1657,0.464111,-0.391357,0.091003,0.789429,7.999,148.8,-1
1785814074.518,4554,1027796,0,0.00000000,0.00000000,0.00,0,0,-39.49,-0.068,-0.4900,0.3920,1.2250,1.3764,0.464111,-0.391357,0.091003,0.789429,8.000,150.0,-1
1785814075.815,4559,1028897,0,0.00000000,0.00000000,0.00,0,0,-39.37,0.014,-0.3920,0.2940,0.7350,0.8834,0.464050,-0.391235,0.091064,0.789490,7.999,152.5,-1
1785814075.815,4560,1029116,0,0.00000000,0.00000000,0.00,0,0,-39.35,0.026,-0.6860,0.0000,1.0780,1.2778,0.464050,-0.391296,0.091125,0.789429,7.995,152.5,-1
1785814077.094,4565,1030212,0,0.00000000,0.00000000,0.00,0,0,-39.36,0.003,-0.5390,0.2940,1.3720,1.5031,0.464050,-0.391296,0.091125,0.789429,7.999,151.2,-1
1785814078.385,4566,1030431,0,0.00000000,0.00000000,0.00,0,0,-39.32,0.063,-0.5390,0.0980,1.0780,1.2092,0.464050,-0.391296,0.091125,0.789490,7.999,148.8,-1
1785814078.385,4571,1031533,0,0.00000000,0.00000000,0.00,0,0,-39.32,0.044,-0.6370,0.3920,1.0780,1.3121,0.463928,-0.391479,0.091187,0.789429,7.997,151.2,-1
1785814079.672,4572,1031753,0,0.00000000,0.00000000,0.00,0,0,-39.26,0.062,-0.4900,0.3920,0.9800,1.1637,0.463928,-0.391479,0.091125,0.789429,7.996,151.2,-1
1785814079.679,4576,1032632,0,0.00000000,0.00000000,0.00,0,0,-39.39,-0.049,-0.3430,0.1470,0.6860,0.7809,0.464050,-0.391418,0.091064,0.789429,7.994,155.0,-1
1785814079.679,4577,1032858,0,0.00000000,0.00000000,0.00,0,0,-39.39,-0.048,-0.4900,0.1470,0.8330,0.9775,0.463989,-0.391418,0.091125,0.789429,8.000,148.8,-1
1785814080.961,4582,1033976,0,0.00000000,0.00000000,0.00,0,0,-39.28,0.020,-0.4410,0.3430,0.9800,1.1281,0.463989,-0.391357,0.091125,0.789490,7.995,151.2,-1
1785814080.961,4583,1034193,0,0.00000000,0.00000000,0.00,0,0,-39.27,0.026,-0.4900,0.2940,0.9800,1.1344,0.464050,-0.391357,0.091064,0.789429,7.999,147.5,-1
1785814082.251,4588,1035304,0,0.00000000,0.00000000,0.00,0,0,-39.15,0.110,-0.3920,0.3920,0.6370,0.8445,0.463989,-0.391479,0.091125,0.789368,8.000,148.8,-1
1785814082.251,4589,1035525,0,0.00000000,0.00000000,0.00,0,0,-39.17,0.094,-0.3430,0.0980,1.3230,1.3702,0.463989,-0.391479,0.091125,0.789429,7.997,151.2,-1
1785814083.532,4594,1036625,0,0.00000000,0.00000000,0.00,0,0,-39.30,-0.001,-0.3430,-0.1470,1.9110,1.9471,0.463989,-0.391541,0.091064,0.789368,7.997,151.2,-1
1785814083.532,4595,1036844,0,0.00000000,0.00000000,0.00,0,0,-39.28,-0.001,-0.4900,0.3430,1.2250,1.3632,0.463989,-0.391541,0.091064,0.789368,7.996,151.2,-1
1785814084.825,4600,1037957,0,0.00000000,0.00000000,0.00,0,0,-39.14,0.104,-0.8330,0.0980,1.5680,1.7782,0.463989,-0.391479,0.091125,0.789429,7.997,150.0,-1
