rx_time,seq,timestamp_ms,state,lat,lon,gps_alt_m,gps_sats,gps_fix,baro_alt_m,vert_vel_ms,accel_x_g,accel_y_g,accel_z_g,accel_mag_g,quat_w,quat_x,quat_y,quat_z,voltage_v,current_ma,rssi
1785793604.924,0,7456,0,0.00000000,0.00000000,0.00,0,0,-38.62,0.000,-0.0490,-0.0490,-0.0490,0.0849,0.000000,0.000000,0.000000,0.000000,8.006,78.8,-1
1785793605.162,1,7656,0,0.00000000,0.00000000,0.00,0,0,-38.52,0.092,0.0000,0.0000,0.0000,0.0000,0.740479,-0.150146,0.651917,-0.064880,8.004,73.8,-1
1785793605.351,2,7875,0,0.00000000,0.00000000,0.00,0,0,-38.41,0.165,0.0000,0.0000,0.0000,0.0000,0.740479,-0.150085,0.651855,-0.064880,8.004,72.5,-1
1785793605.600,3,8101,0,0.00000000,0.00000000,0.00,0,0,-38.50,0.081,0.0000,0.0000,0.0000,0.0000,0.740540,-0.150085,0.651794,-0.064880,8.002,80.0,-1
1785793605.849,4,8320,0,0.00000000,0.00000000,0.00,0,0,-38.46,0.076,0.0000,0.0000,0.0000,0.0000,0.740601,-0.150146,0.651794,-0.064941,8.002,78.8,-1
1785793606.039,5,8544,0,0.00000000,0.00000000,0.00,0,0,-38.34,0.151,0.0000,0.0000,0.0000,0.0000,0.740662,-0.150146,0.651672,-0.064941,8.001,75.0,-1
1785793606.291,6,8765,0,0.00000000,0.00000000,0.00,0,0,-38.20,0.232,0.0000,0.0000,0.0000,0.0000,0.740662,-0.150146,0.651611,-0.065002,8.002,75.0,-1
1785793606.482,7,8986,0,0.00000000,0.00000000,0.00,0,0,-38.21,0.190,0.0000,0.0000,0.0000,0.0000,0.740723,-0.150146,0.651550,-0.065002,8.001,75.0,-1
1785793606.670,8,9198,0,0.00000000,0.00000000,0.00,0,0,-38.37,0.065,0.0000,0.0000,0.0000,0.0000,0.740784,-0.150146,0.651550,-0.065063,8.002,72.5,-1
1785793606.923,9,9424,0,0.00000000,0.00000000,0.00,0,0,-38.27,0.110,0.0000,0.0000,0.0000,0.0000,0.740784,-0.150146,0.651489,-0.065002,8.002,77.5,-1
1785793607.171,10,9647,0,0.00000000,0.00000000,0.00,0,0,-38.28,0.097,0.0000,0.0000,0.0000,0.0000,0.740845,-0.150085,0.651489,-0.065002,8.001,72.5,-1
1785793607.358,11,9874,0,0.00000000,0.00000000,0.00,0,0,-38.09,0.205,0.0000,0.0000,0.0000,0.0000,0.740845,-0.150024,0.651489,-0.064941,8.004,78.8,-1
1785793607.608,12,10096,0,0.00000000,0.00000000,0.00,0,0,-38.13,0.169,0.0000,0.0000,0.0000,0.0000,0.740845,-0.150024,0.651489,-0.064941,8.004,78.8,-1
1785793607.796,13,10314,0,0.00000000,0.00000000,0.00,0,0,-38.12,0.161,0.0000,0.0000,0.0000,0.0000,0.740845,-0.150024,0.651489,-0.064941,8.001,81.2,-1
1785793608.045,14,10538,0,0.00000000,0.00000000,0.00,0,0,-38.06,0.191,0.0000,0.0000,0.0000,0.0000,0.740845,-0.149963,0.651489,-0.064880,8.002,75.0,-1
1785793608.231,15,10759,0,0.00000000,0.00000000,0.00,0,0,-38.12,0.133,0.0000,0.0000,0.0000,0.0000,0.740845,-0.149963,0.651489,-0.064880,8.001,72.5,-1
1785793608.480,16,10976,0,0.00000000,0.00000000,0.00,0,0,-38.21,0.061,0.0000,0.0000,0.0000,0.0000,0.740845,-0.150024,0.651489,-0.064941,8.001,76.2,-1
1785793608.666,17,11190,0,0.00000000,0.00000000,0.00,0,0,-38.14,0.104,0.0000,0.0000,0.0000,0.0000,0.740845,-0.150024,0.651489,-0.064941,8.002,73.8,-1
1785793608.915,18,11411,0,0.00000000,0.00000000,0.00,0,0,-38.08,0.108,0.0000,0.0000,0.0000,0.0000,0.740784,-0.150024,0.651550,-0.064880,8.002,70.0,-1
1785793609.165,19,11638,0,0.00000000,0.00000000,0.00,0,0,-38.10,0.073,0.0000,0.0000,0.0000,0.0000,0.740784,-0.150024,0.651550,-0.064880,8.002,75.0,-1
1785793609.343,20,11861,0,0.00000000,0.00000000,0.00,0,0,-38.08,0.092,0.0000,0.0000,0.0000,0.0000,0.740784,-0.150024,0.651550,-0.064880,8.002,73.8,-1
1785793609.595,21,12079,0,0.00000000,0.00000000,0.00,0,0,-38.17,0.012,0.0000,0.0000,0.0000,0.0000,0.740845,-0.149963,0.651489,-0.064880,8.001,80.0,-1
1785793609.784,22,12294,0,0.00000000,0.00000000,0.00,0,0,-38.15,-0.010,0.0000,0.0000,0.0000,0.0000,0.740906,-0.149963,0.651428,-0.064880,8.002,72.5,-1
1785793610.034,23,12519,0,0.00000000,0.00000000,0.00,0,0,-38.11,0.002,0.0000,0.0000,0.0000,0.0000,0.740967,-0.149963,0.651367,-0.064880,8.000,80.0,-1
1785793610.224,24,12742,0,0.00000000,0.00000000,0.00,0,0,-38.01,0.067,0.0000,0.0000,0.0000,0.0000,0.740967,-0.149963,0.651367,-0.064880,8.001,75.0,-1
1785793610.473,25,12962,0,0.00000000,0.00000000,0.00,0,0,-38.04,0.059,0.0000,0.0000,0.0000,0.0000,0.740967,-0.149963,0.651367,-0.064880,8.001,76.2,-1
1785793610.663,26,13175,0,0.00000000,0.00000000,0.00,0,0,-38.25,-0.060,0.0000,0.0000,0.0000,0.0000,0.740967,-0.149963,0.651367,-0.064880,8.004,72.5,-1
1785793610.917,27,13391,0,0.00000000,0.00000000,0.00,0,0,-38.19,-0.029,0.0000,0.0000,0.0000,0.0000,0.740967,-0.149963,0.651367,-0.064880,8.002,78.8,-1
1785793611.102,28,13613,0,0.00000000,0.00000000,0.00,0,0,-38.15,0.005,0.0000,0.0000,0.0000,0.0000,0.740967,-0.149963,0.651367,-0.064941,8.004,75.0,-1
1785793611.350,29,13833,0,0.00000000,0.00000000,0.00,0,0,-37.96,0.109,0.0000,0.0000,0.0000,0.0000,0.740967,-0.149963,0.651367,-0.064880,8.002,77.5,-1
1785793611.537,30,14057,0,0.00000000,0.00000000,0.00,0,0,-38.11,0.018,0.0000,0.0000,0.0000,0.0000,0.740906,-0.150024,0.651367,-0.064880,8.002,70.0,-1
1785793611.787,31,14273,0,0.00000000,0.00000000,0.00,0,0,-38.22,-0.043,0.0000,0.0000,0.0000,0.0000,0.740906,-0.150024,0.651428,-0.064880,8.002,75.0,-1
1785793611.977,32,14495,0,0.00000000,0.00000000,0.00,0,0,-38.20,-0.017,0.0000,0.0000,0.0000,0.0000,0.740967,-0.149963,0.651367,-0.064880,8.001,72.5,-1
1785793612.228,33,14718,0,0.00000000,0.00000000,0.00,0,0,-38.15,0.017,0.0000,0.0000,0.0000,0.0000,0.740967,-0.150024,0.651367,-0.064880,8.001,76.2,-1
1785793612.419,34,14939,0,0.00000000,0.00000000,0.00,0,0,-38.23,-0.028,0.0000,0.0000,0.0000,0.0000,0.740967,-0.150024,0.651367,-0.064880,8.001,73.8,-1
1785793612.670,35,15158,0,0.00000000,0.00000000,0.00,0,0,-38.24,-0.038,0.0000,0.0000,0.0000,0.0000,0.740906,-0.150024,0.651367,-0.064880,8.000,76.2,-1
1785793612.857,36,15385,0,0.00000000,0.00000000,0.00,0,0,-38.28,-0.058,0.0000,0.0000,0.0000,0.0000,0.740906,-0.150024,0.651428,-0.064880,8.001,78.8,-1
1785793613.105,37,15609,0,0.00000000,0.00000000,0.00,0,0,-38.29,-0.078,0.0000,0.0000,0.0000,0.0000,0.740906,-0.149963,0.651428,-0.064880,8.002,82.5,-1
1785793613.354,38,15831,0,0.00000000,0.00000000,0.00,0,0,-38.26,-0.052,0.0000,0.0000,0.0000,0.0000,0.740906,-0.150024,0.651428,-0.064880,8.002,76.2,-1
1785793613.544,39,16056,0,0.00000000,0.00000000,0.00,0,0,-38.33,-0.090,0.0000,0.0000,0.0000,0.0000,0.740906,-0.150024,0.651428,-0.064880,8.002,73.8,-1
1785793613.797,40,16270,0,0.00000000,0.00000000,0.00,0,0,-38.40,-0.112,0.0000,0.0000,0.0000,0.0000,0.740906,-0.150024,0.651428,-0.064880,8.004,75.0,-1
1785793613.986,41,16486,0,0.00000000,0.00000000,0.00,0,0,-38.31,-0.043,0.0000,0.0000,0.0000,0.0000,0.740906,-0.150024,0.651428,-0.064880,8.001,75.0,-1
1785793614.236,42,16711,0,0.00000000,0.00000000,0.00,0,0,-38.43,-0.122,0.0000,0.0000,0.0000,0.0000,0.740906,-0.150024,0.651428,-0.064880,8.005,76.2,-1
1785793614.423,43,16929,0,0.00000000,0.00000000,0.00,0,0,-38.56,-0.202,0.0000,0.0000,0.0000,0.0000,0.740906,-0.149963,0.651428,-0.064880,8.004,80.0,-1
1785793614.614,44,17145,0,0.00000000,0.00000000,0.00,0,0,-38.38,-0.069,0.0000,0.0000,0.0000,0.0000,0.740967,-0.149963,0.651367,-0.064819,8.004,78.8,-1
1785793614.866,45,17374,0,0.00000000,0.00000000,0.00,0,0,-38.33,-0.026,0.0000,0.0000,0.0000,0.0000,0.740967,-0.149841,0.651428,-0.064758,8.004,80.0,-1
1785793615.118,46,17594,0,0.00000000,0.00000000,0.00,0,0,-38.37,-0.034,0.0000,0.0000,0.0000,0.0000,0.740967,-0.149902,0.651428,-0.064758,8.004,78.8,-1
1785793615.308,47,17819,0,0.00000000,0.00000000,0.00,0,0,-38.50,-0.114,0.0000,0.0000,0.0000,0.0000,0.740906,-0.149963,0.651428,-0.064819,8.004,80.0,-1
1785793615.559,48,18041,0,0.00000000,0.00000000,0.00,0,0,-38.48,-0.079,0.0000,0.0000,0.0000,0.0000,0.740906,-0.149963,0.651428,-0.064819,8.005,76.2,-1
1785793615.748,49,18252,0,0.00000000,0.00000000,0.00,0,0,-38.58,-0.118,0.0000,0.0000,0.0000,0.0000,0.740906,-0.149963,0.651428,-0.064819,8.002,78.8,-1
1785793616.001,50,18478,0,0.00000000,0.00000000,0.00,0,0,-38.41,0.005,0.0000,0.0000,0.0000,0.0000,0.740906,-0.149963,0.651428,-0.064880,8.005,81.2,-1
1785793616.190,51,18705,0,0.00000000,0.00000000,0.00,0,0,-38.42,0.003,0.0000,0.0000,0.0000,0.0000,0.740906,-0.150024,0.651428,-0.064880,8.006,75.0,-1
1785793616.441,52,18932,0,0.00000000,0.00000000,0.00,0,0,-38.47,-0.025,0.0000,0.0000,0.0000,0.0000,0.740906,-0.150024,0.651428,-0.064880,8.004,83.8,-1
1785793616.631,53,19149,0,0.00000000,0.00000000,0.00,0,0,-38.51,-0.048,0.0000,0.0000,0.0000,0.0000,0.740906,-0.150024,0.651367,-0.064880,8.004,76.2,-1
1785793616.881,54,19377,0,0.00000000,0.00000000,0.00,0,0,-38.57,-0.078,0.0000,0.0000,0.0000,0.0000,0.740906,-0.150024,0.651367,-0.064880,8.005,73.8,-1
1785793617.132,55,19607,0,0.00000000,0.00000000,0.00,0,0,-38.50,-0.033,0.0000,0.0000,0.0000,0.0000,0.740906,-0.150024,0.651428,-0.064880,8.006,82.5,-1
1785793617.320,56,19830,0,0.00000000,0.00000000,0.00,0,0,-38.50,-0.042,0.0000,0.0000,0.0000,0.0000,0.740906,-0.150024,0.651428,-0.064880,8.004,75.0,-1
1785793617.572,57,20054,0,0.00000000,0.00000000,0.00,0,0,-38.69,-0.164,0.0000,0.0000,0.0000,0.0000,0.740906,-0.150024,0.651367,-0.064880,8.002,85.0,-1
1785793617.758,58,20270,0,0.00000000,0.00000000,0.00,0,0,-38.56,-0.065,0.0000,0.0000,0.0000,0.0000,0.740967,-0.150024,0.651367,-0.064941,8.004,75.0,-1
1785793618.008,59,20489,0,0.00000000,0.00000000,0.00,0,0,-38.64,-0.101,0.0000,0.0000,0.0000,0.0000,0.741028,-0.150024,0.651306,-0.064941,8.004,75.0,-1
1785793618.198,60,20711,0,0.00000000,0.00000000,0.00,0,0,-38.66,-0.103,0.0000,0.0000,0.0000,0.0000,0.741028,-0.150024,0.651306,-0.064941,8.006,75.0,-1
1785793618.451,61,20941,0,0.00000000,0.00000000,0.00,0,0,-38.70,-0.128,0.0000,0.0000,0.0000,0.0000,0.741028,-0.150024,0.651306,-0.064941,8.006,80.0,-1
1785793618.641,62,21155,0,0.00000000,0.00000000,0.00,0,0,-38.66,-0.097,0.0000,0.0000,0.0000,0.0000,0.740967,-0.150024,0.651306,-0.064880,8.004,82.5,-1
1785793618.892,63,21381,0,0.00000000,0.00000000,0.00,0,0,-38.59,-0.049,0.0000,0.0000,0.0000,0.0000,0.740967,-0.149963,0.651367,-0.064880,8.006,76.2,-1
1785793619.082,64,21598,0,0.00000000,0.00000000,0.00,0,0,-38.62,-0.057,0.0000,0.0000,0.0000,0.0000,0.740967,-0.149963,0.651367,-0.064880,8.005,81.2,-1
1785793619.331,65,21821,0,0.00000000,0.00000000,0.00,0,0,-38.60,-0.040,0.0000,0.0000,0.0000,0.0000,0.741028,-0.149963,0.651306,-0.064880,8.004,78.8,-1
1785793619.522,66,22044,0,0.00000000,0.00000000,0.00,0,0,-38.54,-0.002,0.0000,0.0000,0.0000,0.0000,0.741028,-0.149963,0.651245,-0.064880,8.004,78.8,-1
1785793619.774,67,22261,0,0.00000000,0.00000000,0.00,0,0,-38.60,-0.015,0.0000,0.0000,0.0000,0.0000,0.741028,-0.150024,0.651306,-0.064880,8.002,80.0,-1
1785793619.964,68,22480,0,0.00000000,0.00000000,0.00,0,0,-38.64,-0.036,0.0000,0.0000,0.0000,0.0000,0.741028,-0.150024,0.651306,-0.064880,8.002,81.2,-1
1785793620.215,69,22703,0,0.00000000,0.00000000,0.00,0,0,-38.62,-0.017,0.0000,0.0000,0.0000,0.0000,0.740967,-0.150024,0.651306,-0.064880,8.005,80.0,-1
1785793620.404,70,22923,0,0.00000000,0.00000000,0.00,0,0,-38.69,-0.052,0.0000,0.0000,0.0000,0.0000,0.741028,-0.150024,0.651245,-0.064880,8.004,76.2,-1
1785793620.652,71,23136,0,0.00000000,0.00000000,0.00,0,0,-38.60,0.018,0.0000,0.0000,0.0000,0.0000,0.741089,-0.149963,0.651245,-0.064880,8.004,73.8,-1
1785793624.042,72,26528,0,0.00000000,0.00000000,0.00,0,0,-38.61,-0.032,0.0000,0.0000,0.0000,0.0000,0.741089,-0.149902,0.651245,-0.064819,8.002,83.8,-1
1785793624.232,73,26755,0,0.00000000,0.00000000,0.00,0,0,-38.77,-0.081,0.0000,0.0000,0.0000,0.0000,0.741028,-0.150024,0.651306,-0.064941,8.005,80.0,-1
1785793624.484,74,26981,0,0.00000000,0.00000000,0.00,0,0,-38.69,-0.036,0.0000,0.0000,0.0000,0.0000,0.741089,-0.150024,0.651245,-0.064941,8.004,78.8,-1
1785793624.676,75,27196,0,0.00000000,0.00000000,0.00,0,0,-38.72,-0.038,0.0000,0.0000,0.0000,0.0000,0.741089,-0.150024,0.651184,-0.064941,8.004,77.5,-1
1785793624.929,76,27415,0,0.00000000,0.00000000,0.00,0,0,-38.67,-0.011,0.0000,0.0000,0.0000,0.0000,0.741089,-0.150024,0.651245,-0.064941,8.002,78.8,-1
1785793625.120,77,27639,0,0.00000000,0.00000000,0.00,0,0,-38.61,0.035,0.0000,0.0000,0.0000,0.0000,0.741150,-0.150269,0.651001,-0.065186,8.005,80.0,-1
1785793625.368,78,27867,0,0.00000000,0.00000000,0.00,0,0,-38.63,0.016,0.0000,0.0000,0.0000,0.0000,0.741150,-0.150146,0.651062,-0.065308,8.004,75.0,-1
1785793625.620,79,28094,0,0.00000000,0.00000000,0.00,0,0,-38.62,0.010,0.0000,0.0000,0.0000,0.0000,0.741150,-0.150146,0.651062,-0.065308,8.002,78.8,-1
1785793625.809,80,28311,0,0.00000000,0.00000000,0.00,0,0,-38.79,-0.104,0.0000,0.0000,0.0000,0.0000,0.741150,-0.150085,0.651123,-0.065247,8.001,82.5,-1
1785793626.063,81,28535,0,0.00000000,0.00000000,0.00,0,0,-38.57,0.045,0.0000,0.0000,0.0000,0.0000,0.741150,-0.150024,0.651123,-0.065186,8.004,77.5,-1
1785793626.250,82,28754,0,0.00000000,0.00000000,0.00,0,0,-38.65,-0.003,0.0000,0.0000,0.0000,0.0000,0.741089,-0.150085,0.651184,-0.065186,8.004,81.2,-1
1785793626.499,83,28975,0,0.00000000,0.00000000,0.00,0,0,-38.66,-0.023,0.0000,0.0000,0.0000,0.0000,0.741150,-0.150085,0.651123,-0.065186,8.002,77.5,-1
1785793626.686,84,29187,0,0.00000000,0.00000000,0.00,0,0,-38.53,0.054,0.0000,0.0000,0.0000,0.0000,0.741150,-0.150085,0.651062,-0.065247,8.002,76.2,-1
1785793626.938,85,29416,0,0.00000000,0.00000000,0.00,0,0,-38.61,0.029,0.0000,0.0000,0.0000,0.0000,0.741150,-0.150085,0.651062,-0.065430,8.005,80.0,-1
1785793627.124,86,29637,0,0.00000000,0.00000000,0.00,0,0,-38.46,0.112,0.0000,0.0000,0.0000,0.0000,0.741150,-0.150269,0.651001,-0.065491,8.005,78.8,-1
1785793627.378,87,29861,0,0.00000000,0.00000000,0.00,0,0,-38.61,0.021,0.0000,0.0000,0.0000,0.0000,0.741089,-0.150269,0.651123,-0.065491,8.002,76.2,-1
1785793627.566,88,30085,0,0.00000000,0.00000000,0.00,0,0,-38.71,-0.039,0.0000,0.0000,0.0000,0.0000,0.741211,-0.150452,0.650879,-0.065491,8.005,80.0,-1
1785793627.815,89,30301,0,0.00000000,0.00000000,0.00,0,0,-38.74,-0.055,0.0000,0.0000,0.0000,0.0000,0.741272,-0.150330,0.650879,-0.065430,8.002,75.0,-1
1785793628.006,90,30526,0,0.00000000,0.00000000,0.00,0,0,-38.83,-0.108,0.0000,0.0000,0.0000,0.0000,0.741150,-0.150391,0.651001,-0.065247,8.002,80.0,-1
1785793628.254,91,30749,0,0.00000000,0.00000000,0.00,0,0,-38.69,-0.035,0.0000,0.0000,0.0000,0.0000,0.741089,-0.150391,0.651062,-0.065125,8.002,78.8,-1
1785793628.442,92,30968,0,0.00000000,0.00000000,0.00,0,0,-38.77,-0.096,0.0000,0.0000,0.0000,0.0000,0.741150,-0.150330,0.651062,-0.065125,8.002,80.0,-1
1785793628.697,93,31184,0,0.00000000,0.00000000,0.00,0,0,-38.76,-0.086,0.0000,0.0000,0.0000,0.0000,0.741211,-0.150330,0.651001,-0.065125,8.002,77.5,-1
1785793628.888,94,31410,0,0.00000000,0.00000000,0.00,0,0,-38.71,-0.051,0.0000,0.0000,0.0000,0.0000,0.741211,-0.150391,0.651001,-0.065186,8.002,71.2,-1
1785793629.139,95,31633,0,0.00000000,0.00000000,0.00,0,0,-38.74,-0.070,0.0000,0.0000,0.0000,0.0000,0.741211,-0.150452,0.650940,-0.065247,8.002,76.2,-1
1785793629.389,96,31862,0,0.00000000,0.00000000,0.00,0,0,-38.73,-0.042,0.0000,0.0000,0.0000,0.0000,0.741272,-0.150391,0.650879,-0.065247,8.006,78.8,-1
1785793629.576,97,32081,0,0.00000000,0.00000000,0.00,0,0,-38.71,-0.021,0.0000,0.0000,0.0000,0.0000,0.741272,-0.150391,0.650879,-0.065247,8.005,81.2,-1
1785793629.824,98,32303,0,0.00000000,0.00000000,0.00,0,0,-38.72,-0.015,0.0000,0.0000,0.0000,0.0000,0.741272,-0.150452,0.650879,-0.065247,8.004,76.2,-1
1785793630.011,99,32521,0,0.00000000,0.00000000,0.00,0,0,-38.71,-0.011,0.0000,0.0000,0.0000,0.0000,0.741211,-0.150452,0.650940,-0.065247,8.004,81.2,-1
1785793630.263,100,32747,0,0.00000000,0.00000000,0.00,0,0,-38.73,-0.016,0.0000,0.0000,0.0000,0.0000,0.741272,-0.150391,0.650879,-0.065247,8.002,82.5,-1
1785793630.450,101,32974,0,0.00000000,0.00000000,0.00,0,0,-38.66,0.017,0.0000,0.0000,0.0000,0.0000,0.741333,-0.150330,0.650818,-0.065186,8.001,73.8,-1
1785793630.701,102,33185,0,0.00000000,0.00000000,0.00,0,0,-38.77,-0.035,0.0000,0.0000,0.0000,0.0000,0.741333,-0.150330,0.650818,-0.065186,8.001,80.0,-1
1785793630.889,103,33403,0,0.00000000,0.00000000,0.00,0,0,-38.72,0.005,0.0000,0.0000,0.0000,0.0000,0.741333,-0.150391,0.650818,-0.065186,8.004,78.8,-1
1785793631.137,104,33626,0,0.00000000,0.00000000,0.00,0,0,-38.65,0.057,0.0000,0.0000,0.0000,0.0000,0.741394,-0.150330,0.650757,-0.065186,8.004,77.5,-1
1785793631.323,105,33848,0,0.00000000,0.00000000,0.00,0,0,-38.85,-0.066,0.0000,0.0000,0.0000,0.0000,0.741394,-0.150391,0.650757,-0.065247,8.001,77.5,-1
1785793631.574,106,34077,0,0.00000000,0.00000000,0.00,0,0,-38.69,0.034,0.0000,0.0000,0.0000,0.0000,0.741394,-0.150330,0.650757,-0.065186,8.002,70.0,-1
1785793631.828,107,34297,0,0.00000000,0.00000000,0.00,0,0,-38.75,-0.007,0.0000,0.0000,0.0000,0.0000,0.741394,-0.150330,0.650757,-0.065125,8.006,76.2,-1
1785793632.017,108,34514,0,0.00000000,0.00000000,0.00,0,0,-38.59,0.092,0.0000,0.0000,0.0000,0.0000,0.741333,-0.150513,0.650818,-0.065186,8.001,77.5,-1
1785793632.206,109,34735,0,0.00000000,0.00000000,0.00,0,0,-38.67,0.038,0.0000,0.0000,0.0000,0.0000,0.741333,-0.150635,0.650757,-0.065247,8.002,71.2,-1
1785793632.458,110,34955,0,0.00000000,0.00000000,0.00,0,0,-38.74,-0.006,0.0000,0.0000,0.0000,0.0000,0.741333,-0.150696,0.650757,-0.065308,8.002,77.5,-1
1785793632.645,111,35169,0,0.00000000,0.00000000,0.00,0,0,-38.73,-0.012,0.0000,0.0000,0.0000,0.0000,0.741272,-0.150757,0.650757,-0.065186,8.002,76.2,-1
1785793632.894,112,35387,0,0.00000000,0.00000000,0.00,0,0,-38.70,0.010,0.0000,0.0000,0.0000,0.0000,0.741272,-0.150696,0.650818,-0.065063,8.000,77.5,-1
1785793633.085,113,35609,0,0.00000000,0.00000000,0.00,0,0,-38.65,0.044,0.0000,0.0000,0.0000,0.0000,0.741272,-0.150696,0.650818,-0.065063,8.000,78.8,-1
1785793633.337,114,35831,0,0.00000000,0.00000000,0.00,0,0,-38.81,-0.055,0.0000,0.0000,0.0000,0.0000,0.741272,-0.150696,0.650879,-0.065063,8.002,72.5,-1
1785793633.603,115,36058,0,0.00000000,0.00000000,0.00,0,0,-38.76,-0.028,0.0000,0.0000,0.0000,0.0000,0.741333,-0.150696,0.650818,-0.065063,8.001,77.5,-1
1785793633.791,116,36278,0,0.00000000,0.00000000,0.00,0,0,-38.65,0.035,0.0000,0.0000,0.0000,0.0000,0.741333,-0.150696,0.650757,-0.065063,8.001,75.0,-1
1785793633.981,117,36501,0,0.00000000,0.00000000,0.00,0,0,-38.73,0.013,0.0000,0.0000,0.0000,0.0000,0.741333,-0.150696,0.650757,-0.065063,8.001,75.0,-1
1785793634.233,118,36721,0,0.00000000,0.00000000,0.00,0,0,-38.83,-0.041,0.0000,0.0000,0.0000,0.0000,0.741394,-0.150696,0.650635,-0.065125,8.001,75.0,-1
1785793634.423,119,36941,0,0.00000000,0.00000000,0.00,0,0,-38.79,-0.023,0.0000,0.0000,0.0000,0.0000,0.741455,-0.150696,0.650574,-0.065125,8.002,73.8,-1
1785793634.675,120,37157,0,0.00000000,0.00000000,0.00,0,0,-38.87,-0.072,0.0000,0.0000,0.0000,0.0000,0.741455,-0.150696,0.650574,-0.065125,8.001,76.2,-1
1785793634.866,121,37386,0,0.00000000,0.00000000,0.00,0,0,-38.86,-0.074,0.0000,0.0000,0.0000,0.0000,0.741455,-0.150635,0.650635,-0.065063,8.001,72.5,-1
1785793635.115,122,37611,0,0.00000000,0.00000000,0.00,0,0,-38.81,-0.046,0.0000,0.0000,0.0000,0.0000,0.741516,-0.150635,0.650574,-0.065125,8.002,85.0,-1
1785793635.301,123,37831,0,0.00000000,0.00000000,0.00,0,0,-38.88,-0.098,0.0000,0.0000,0.0000,0.0000,0.741516,-0.150696,0.650513,-0.065125,8.002,78.8,-1
1785793635.546,124,38056,0,0.00000000,0.00000000,0.00,0,0,-38.78,-0.023,0.0000,0.0000,0.0000,0.0000,0.741577,-0.150513,0.650513,-0.065125,8.001,77.5,-1
1785793635.796,125,38276,0,0.00000000,0.00000000,0.00,0,0,-38.76,0.001,0.0000,0.0000,0.0000,0.0000,0.741394,-0.150330,0.650757,-0.064880,8.001,76.2,-1
1785793635.980,126,38502,0,0.00000000,0.00000000,0.00,0,0,-38.77,-0.011,0.0000,0.0000,0.0000,0.0000,0.741272,-0.150391,0.650940,-0.064880,8.000,80.0,-1
1785793636.234,127,38726,0,0.00000000,0.00000000,0.00,0,0,-38.78,-0.015,0.0000,0.0000,0.0000,0.0000,0.741211,-0.150269,0.651001,-0.064819,8.004,73.8,-1
1785793636.423,128,38944,0,0.00000000,0.00000000,0.00,0,0,-38.75,0.005,0.0000,0.0000,0.0000,0.0000,0.741211,-0.150269,0.651062,-0.064819,8.001,80.0,-1
1785793636.675,129,39160,0,0.00000000,0.00000000,0.00,0,0,-38.84,-0.046,0.0000,0.0000,0.0000,0.0000,0.741272,-0.150146,0.651001,-0.064758,8.001,77.5,-1
1785793636.861,130,39388,0,0.00000000,0.00000000,0.00,0,0,-38.86,-0.065,0.0000,0.0000,0.0000,0.0000,0.741272,-0.150146,0.651001,-0.064758,8.002,72.5,-1
1785793637.111,131,39608,0,0.00000000,0.00000000,0.00,0,0,-38.80,-0.019,0.0000,0.0000,0.0000,0.0000,0.741211,-0.150146,0.651001,-0.064819,8.004,81.2,-1
1785793637.360,132,39831,0,0.00000000,0.00000000,0.00,0,0,-38.86,-0.047,0.0000,0.0000,0.0000,0.0000,0.741272,-0.150208,0.650940,-0.064880,8.002,70.0,-1
1785793637.547,133,40058,0,0.00000000,0.00000000,0.00,0,0,-38.85,-0.033,0.0000,0.0000,0.0000,0.0000,0.741272,-0.150269,0.650940,-0.064758,8.002,78.8,-1
1785793637.800,134,40272,0,0.00000000,0.00000000,0.00,0,0,-38.71,0.047,0.0000,0.0000,0.0000,0.0000,0.741272,-0.150269,0.650940,-0.064758,8.002,72.5,-1
1785793637.990,135,40493,0,0.00000000,0.00000000,0.00,0,0,-38.74,0.017,0.0000,0.0000,0.0000,0.0000,0.741272,-0.150330,0.650940,-0.064819,8.001,73.8,-1
1785793638.241,136,40718,0,0.00000000,0.00000000,0.00,0,0,-38.84,-0.060,0.0000,0.0000,0.0000,0.0000,0.741272,-0.150330,0.650940,-0.064819,7.999,81.2,-1
1785793638.427,137,40940,0,0.00000000,0.00000000,0.00,0,0,-38.74,0.017,0.0000,0.0000,0.0000,0.0000,0.741272,-0.150269,0.650940,-0.064758,7.999,82.5,-1
1785793638.680,138,41153,0,0.00000000,0.00000000,0.00,0,0,-38.71,0.041,0.0000,0.0000,0.0000,0.0000,0.741272,-0.150269,0.650940,-0.064758,8.000,73.8,-1
1785793638.866,139,41381,0,0.00000000,0.00000000,0.00,0,0,-38.80,-0.012,0.0000,0.0000,0.0000,0.0000,0.741272,-0.150269,0.651001,-0.064758,8.005,78.8,-1
1785793639.119,140,41599,0,0.00000000,0.00000000,0.00,0,0,-38.80,-0.022,0.0000,0.0000,0.0000,0.0000,0.741272,-0.150269,0.651001,-0.064758,8.001,81.2,-1
1785793639.309,141,41820,0,0.00000000,0.00000000,0.00,0,0,-38.70,0.041,0.0000,0.0000,0.0000,0.0000,0.741211,-0.150330,0.651001,-0.064819,8.002,82.5,-1
1785793639.563,142,42043,0,0.00000000,0.00000000,0.00,0,0,-38.74,0.023,0.0000,0.0000,0.0000,0.0000,0.741211,-0.150330,0.651001,-0.064819,8.005,76.2,-1
1785793639.750,143,42258,0,0.00000000,0.00000000,0.00,0,0,-38.76,0.005,0.0000,0.0000,0.0000,0.0000,0.741211,-0.150391,0.651001,-0.064819,8.004,77.5,-1
1785793640.001,144,42483,0,0.00000000,0.00000000,0.00,0,0,-38.83,-0.034,0.0000,0.0000,0.0000,0.0000,0.741211,-0.150391,0.651001,-0.064880,8.006,80.0,-1
1785793640.189,145,42703,0,0.00000000,0.00000000,0.00,0,0,-38.78,0.001,0.0000,0.0000,0.0000,0.0000,0.741211,-0.150391,0.651001,-0.064880,8.006,81.2,-1
1785793640.438,146,42923,0,0.00000000,0.00000000,0.00,0,0,-38.74,0.023,0.0000,0.0000,0.0000,0.0000,0.741211,-0.150391,0.651001,-0.064880,8.004,78.8,-1
1785793640.625,147,43137,0,0.00000000,0.00000000,0.00,0,0,-38.80,-0.018,0.0000,0.0000,0.0000,0.0000,0.741211,-0.150452,0.651001,-0.064880,8.004,77.5,-1
1785793640.879,148,43365,0,0.00000000,0.00000000,0.00,0,0,-38.84,-0.042,0.0000,0.0000,0.0000,0.0000,0.741211,-0.150391,0.651001,-0.064880,8.002,81.2,-1
1785793641.065,149,43585,0,0.00000000,0.00000000,0.00,0,0,-38.70,0.049,0.0000,0.0000,0.0000,0.0000,0.741211,-0.150391,0.651001,-0.064880,8.005,80.0,-1
1785793641.317,150,43803,0,0.00000000,0.00000000,0.00,0,0,-38.82,-0.023,0.0000,0.0000,0.0000,0.0000,0.741211,-0.150330,0.651001,-0.064819,8.002,81.2,-1
1785793641.504,151,44028,0,0.00000000,0.00000000,0.00,0,0,-38.80,-0.026,0.0000,0.0000,0.0000,0.0000,0.741211,-0.150330,0.651062,-0.064758,8.002,80.0,-1
1785793641.756,152,44247,0,0.00000000,0.00000000,0.00,0,0,-38.83,-0.017,0.0000,0.0000,0.0000,0.0000,0.741211,-0.150330,0.651001,-0.064819,8.002,73.8,-1
1785793641.940,153,44468,0,0.00000000,0.00000000,0.00,0,0,-38.78,0.021,0.0000,0.0000,0.0000,0.0000,0.741211,-0.150330,0.651001,-0.064758,8.004,80.0,-1
1785793642.192,154,44686,0,0.00000000,0.00000000,0.00,0,0,-38.74,0.062,0.0000,0.0000,0.0000,0.0000,0.741211,-0.150330,0.651062,-0.064758,8.002,78.8,-1
1785793642.380,155,44907,0,0.00000000,0.00000000,0.00,0,0,-38.82,0.011,0.0000,0.0000,0.0000,0.0000,0.741211,-0.150269,0.651062,-0.064758,8.002,77.5,-1
1785793642.633,156,45152,0,0.00000000,0.00000000,0.00,0,0,-38.80,0.011,0.0000,0.0000,0.0000,0.0000,0.741150,-0.150330,0.651123,-0.064697,8.004,71.2,-1
1785793642.883,157,45380,0,0.00000000,0.00000000,0.00,0,0,-38.91,-0.067,0.0000,0.0000,0.0000,0.0000,0.741150,-0.150330,0.651062,-0.064758,8.001,73.8,-1
1785793643.073,158,45598,0,0.00000000,0.00000000,0.00,0,0,-38.87,-0.051,0.0000,0.0000,0.0000,0.0000,0.741089,-0.150452,0.651184,-0.064758,8.000,72.5,-1
1785793643.323,159,45817,0,0.00000000,0.00000000,0.00,0,0,-38.71,0.062,0.0000,0.0000,0.0000,0.0000,0.741150,-0.150391,0.651062,-0.064697,8.002,73.8,-1
1785793643.510,160,46038,0,0.00000000,0.00000000,0.00,0,0,-38.90,-0.051,0.0000,0.0000,0.0000,0.0000,0.741211,-0.150391,0.651001,-0.064636,8.004,75.0,-1
1785793643.761,161,46253,0,0.00000000,0.00000000,0.00,0,0,-38.82,-0.011,0.0000,0.0000,0.0000,0.0000,0.741150,-0.150391,0.651062,-0.064575,8.004,78.8,-1
1785793644.010,162,46483,0,0.00000000,0.00000000,0.00,0,0,-38.84,-0.013,0.0000,0.0000,0.0000,0.0000,0.741150,-0.150391,0.651123,-0.064514,8.004,73.8,-1
1785793644.198,163,46710,0,0.00000000,0.00000000,0.00,0,0,-38.89,-0.037,0.0000,0.0000,0.0000,0.0000,0.741150,-0.150391,0.651123,-0.064514,8.002,77.5,-1
1785793646.385,164,48891,0,0.00000000,0.00000000,0.00,0,0,-38.93,0.304,0.0000,0.0000,0.0000,0.0000,0.741150,-0.150391,0.651062,-0.064453,8.002,73.8,-1
1785793648.512,165,50981,0,0.00000000,0.00000000,0.00,0,0,-39.01,0.235,0.0000,0.0000,0.0000,0.0000,0.741150,-0.150330,0.651062,-0.064453,8.004,73.8,-1
1785793650.514,166,53026,0,0.00000000,0.00000000,0.00,0,0,-38.89,0.200,0.0000,0.0000,0.0000,0.0000,0.741150,-0.150330,0.651062,-0.064453,8.004,80.0,-1
1785793650.764,167,53248,0,0.00000000,0.00000000,0.00,0,0,-38.69,0.124,0.0000,0.0000,0.0000,0.0000,0.741272,-0.150452,0.650940,-0.064575,8.000,80.0,-1
1785793650.950,168,53468,0,0.00000000,0.00000000,0.00,0,0,-38.61,0.135,0.0000,0.0000,0.0000,0.0000,0.741211,-0.150574,0.650940,-0.064575,8.001,82.5,-1
1785793651.204,169,53684,0,0.00000000,0.00000000,0.00,0,0,-38.52,0.176,0.0000,0.0000,0.0000,0.0000,0.741272,-0.150574,0.650940,-0.064575,8.000,82.5,-1
1785793651.391,170,53906,0,0.00000000,0.00000000,0.00,0,0,-38.50,0.167,0.0000,0.0000,0.0000,0.0000,0.741211,-0.150452,0.651001,-0.064636,8.001,75.0,-1
1785793651.644,171,54148,0,0.00000000,0.00000000,0.00,0,0,-38.44,0.187,0.0000,0.0000,0.0000,0.0000,0.741272,-0.150513,0.650879,-0.064697,8.001,82.5,-1
1785793651.893,172,54366,0,0.00000000,0.00000000,0.00,0,0,-38.43,0.170,0.0000,0.0000,0.0000,0.0000,0.741333,-0.150391,0.650818,-0.064697,8.001,80.0,-1
1785793652.081,173,54589,0,0.00000000,0.00000000,0.00,0,0,-38.29,0.236,0.0000,0.0000,0.0000,0.0000,0.741455,-0.150635,0.650696,-0.064941,8.004,80.0,-1
1785793652.330,174,54807,0,0.00000000,0.00000000,0.00,0,0,-38.37,0.172,0.0000,0.0000,0.0000,0.0000,0.741455,-0.150574,0.650635,-0.064941,8.001,82.5,-1
1785793652.514,175,55029,0,0.00000000,0.00000000,0.00,0,0,-38.33,0.185,0.0000,0.0000,0.0000,0.0000,0.741577,-0.150391,0.650574,-0.064880,8.002,80.0,-1
1785793652.767,176,55246,0,0.00000000,0.00000000,0.00,0,0,-38.37,0.172,0.0000,0.0000,0.0000,0.0000,0.741577,-0.150452,0.650574,-0.064941,8.001,82.5,-1
1785793652.955,177,55470,0,0.00000000,0.00000000,0.00,0,0,-38.41,0.112,0.0000,0.0000,0.0000,0.0000,0.741577,-0.150574,0.650574,-0.065002,8.002,76.2,-1
1785793653.207,178,55690,0,0.00000000,0.00000000,0.00,0,0,-38.33,0.141,0.0000,0.0000,0.0000,0.0000,0.741516,-0.150574,0.650574,-0.065063,8.005,78.8,-1
1785793653.393,179,55912,0,0.00000000,0.00000000,0.00,0,0,-38.28,0.154,0.0000,0.0000,0.0000,0.0000,0.741516,-0.150635,0.650574,-0.065063,8.000,82.5,-1
1785793653.644,180,56156,0,0.00000000,0.00000000,0.00,0,0,-38.28,0.150,0.0000,0.0000,0.0000,0.0000,0.741577,-0.150635,0.650513,-0.065063,8.001,78.8,-1
1785793653.893,181,56383,0,0.00000000,0.00000000,0.00,0,0,-38.27,0.136,0.0000,0.0000,0.0000,0.0000,0.741577,-0.150635,0.650452,-0.065063,8.001,76.2,-1
1785793654.081,182,56601,0,0.00000000,0.00000000,0.00,0,0,-38.12,0.197,0.0000,0.0000,0.0000,0.0000,0.741577,-0.150696,0.650513,-0.065063,8.002,77.5,-1
1785793654.328,183,56820,0,0.00000000,0.00000000,0.00,0,0,-38.02,0.226,0.0000,0.0000,0.0000,0.0000,0.741577,-0.150696,0.650452,-0.065125,8.004,78.8,-1
1785793654.516,184,57044,0,0.00000000,0.00000000,0.00,0,0,-38.17,0.089,0.0000,0.0000,0.0000,0.0000,0.741516,-0.150696,0.650513,-0.065125,8.001,73.8,-1
1785793654.768,185,57251,0,0.00000000,0.00000000,0.00,0,0,-38.18,0.064,0.0000,0.0000,0.0000,0.0000,0.741516,-0.150696,0.650513,-0.065063,8.001,81.2,-1
1785793654.956,186,57475,0,0.00000000,0.00000000,0.00,0,0,-38.14,0.088,0.0000,0.0000,0.0000,0.0000,0.741516,-0.150696,0.650574,-0.065063,8.004,77.5,-1
1785793655.208,187,57697,0,0.00000000,0.00000000,0.00,0,0,-38.13,0.088,0.0000,0.0000,0.0000,0.0000,0.741455,-0.150696,0.650574,-0.065063,8.002,78.8,-1
1785793655.396,188,57921,0,0.00000000,0.00000000,0.00,0,0,-38.08,0.133,0.0000,0.0000,0.0000,0.0000,0.741455,-0.150757,0.650574,-0.065125,8.005,75.0,-1
1785793655.644,189,58139,0,0.00000000,0.00000000,0.00,0,0,-38.17,0.062,0.0000,0.0000,0.0000,0.0000,0.741455,-0.150757,0.650574,-0.065125,8.001,78.8,-1
1785793655.892,190,58363,0,0.00000000,0.00000000,0.00,0,0,-38.22,0.002,0.0000,0.0000,0.0000,0.0000,0.741455,-0.150757,0.650635,-0.065125,8.002,81.2,-1
1785793656.078,191,58585,0,0.00000000,0.00000000,0.00,0,0,-38.20,0.014,0.0000,0.0000,0.0000,0.0000,0.741455,-0.150696,0.650635,-0.065063,8.004,78.8,-1
1785793656.276,192,58805,0,0.00000000,0.00000000,0.00,0,0,-38.21,0.020,0.0000,0.0000,0.0000,0.0000,0.741455,-0.150635,0.650574,-0.065063,8.002,77.5,-1
1785793656.526,193,59028,0,0.00000000,0.00000000,0.00,0,0,-38.22,-0.005,0.0000,0.0000,0.0000,0.0000,0.741516,-0.150635,0.650574,-0.065002,8.004,80.0,-1
1785793656.715,194,59240,0,0.00000000,0.00000000,0.00,0,0,-38.22,0.002,0.0000,0.0000,0.0000,0.0000,0.741516,-0.150574,0.650574,-0.065002,8.004,76.2,-1
1785793656.965,195,59469,0,0.00000000,0.00000000,0.00,0,0,-38.18,0.023,0.0000,0.0000,0.0000,0.0000,0.741577,-0.150574,0.650574,-0.064941,8.005,78.8,-1
1785793657.213,196,59688,0,0.00000000,0.00000000,0.00,0,0,-38.28,-0.040,0.0000,0.0000,0.0000,0.0000,0.741516,-0.150513,0.650574,-0.064941,8.004,80.0,-1
1785793657.399,197,59907,0,0.00000000,0.00000000,0.00,0,0,-38.15,0.036,0.0000,0.0000,0.0000,0.0000,0.741516,-0.150513,0.650574,-0.064941,8.005,77.5,-1
1785793657.651,198,60151,0,0.00000000,0.00000000,0.00,0,0,-38.13,0.061,0.0000,0.0000,0.0000,0.0000,0.741577,-0.150513,0.650574,-0.064880,8.002,76.2,-1
1785793657.901,199,60369,0,0.00000000,0.00000000,0.00,0,0,-38.20,-0.012,0.0000,0.0000,0.0000,0.0000,0.741577,-0.150513,0.650574,-0.064941,8.004,80.0,-1
1785793658.092,200,60594,0,0.00000000,0.00000000,0.00,0,0,-38.30,-0.076,0.0000,0.0000,0.0000,0.0000,0.741577,-0.150574,0.650513,-0.065002,8.002,78.8,-1
1785793658.342,201,60819,0,0.00000000,0.00000000,0.00,0,0,-38.17,0.034,0.0000,0.0000,0.0000,0.0000,0.741638,-0.150574,0.650452,-0.065002,8.001,77.5,-1
1785793658.531,202,61042,0,0.00000000,0.00000000,0.00,0,0,-38.20,0.017,0.0000,0.0000,0.0000,0.0000,0.741638,-0.150574,0.650452,-0.065002,8.002,71.2,-1
1785793658.780,203,61255,0,0.00000000,0.00000000,0.00,0,0,-38.17,0.044,0.0000,0.0000,0.0000,0.0000,0.741638,-0.150574,0.650452,-0.065002,8.004,76.2,-1
1785793658.971,204,61480,0,0.00000000,0.00000000,0.00,0,0,-38.23,0.002,0.0000,0.0000,0.0000,0.0000,0.741638,-0.150513,0.650452,-0.064941,8.004,83.8,-1
1785793659.224,205,61703,0,0.00000000,0.00000000,0.00,0,0,-38.18,0.025,0.0000,0.0000,0.0000,0.0000,0.741638,-0.150513,0.650452,-0.064941,8.004,75.0,-1
1785793659.409,206,61921,0,0.00000000,0.00000000,0.00,0,0,-38.30,-0.058,0.0000,0.0000,0.0000,0.0000,0.741638,-0.150574,0.650452,-0.065002,8.001,76.2,-1
1785793659.662,207,62137,0,0.00000000,0.00000000,0.00,0,0,-38.25,-0.009,0.0000,0.0000,0.0000,0.0000,0.741577,-0.150635,0.650513,-0.065002,8.004,75.0,-1
1785793659.846,208,62365,0,0.00000000,0.00000000,0.00,0,0,-38.33,-0.051,0.0000,0.0000,0.0000,0.0000,0.741577,-0.150635,0.650513,-0.065002,8.002,78.8,-1
1785793660.094,209,62583,0,0.00000000,0.00000000,0.00,0,0,-38.36,-0.037,0.0000,0.0000,0.0000,0.0000,0.741516,-0.150635,0.650574,-0.065063,8.002,78.8,-1
1785793660.282,210,62804,0,0.00000000,0.00000000,0.00,0,0,-38.39,-0.065,0.0000,0.0000,0.0000,0.0000,0.741516,-0.150696,0.650574,-0.065063,8.001,77.5,-1
1785793660.535,211,63024,0,0.00000000,0.00000000,0.00,0,0,-38.33,-0.018,0.0000,0.0000,0.0000,0.0000,0.741516,-0.150696,0.650574,-0.065063,8.004,82.5,-1
1785793660.722,212,63237,0,0.00000000,0.00000000,0.00,0,0,-38.32,0.015,0.0000,0.0000,0.0000,0.0000,0.741516,-0.150696,0.650513,-0.065063,8.004,76.2,-1
1785793660.971,213,63461,0,0.00000000,0.00000000,0.00,0,0,-38.35,-0.001,0.0000,0.0000,0.0000,0.0000,0.741577,-0.150696,0.650452,-0.065125,8.004,72.5,-1
1785793661.162,214,63684,0,0.00000000,0.00000000,0.00,0,0,-38.42,-0.053,0.0000,0.0000,0.0000,0.0000,0.741638,-0.150696,0.650452,-0.065063,8.001,82.5,-1
1785793661.410,215,63908,0,0.00000000,0.00000000,0.00,0,0,-38.36,-0.021,0.0000,0.0000,0.0000,0.0000,0.741638,-0.150696,0.650452,-0.065125,8.004,78.8,-1
1785793661.597,216,64108,0,0.00000000,0.00000000,0.00,0,0,-38.42,-0.054,0.0000,0.0000,0.0000,0.0000,0.741577,-0.150696,0.650452,-0.065125,8.004,85.0,-1
1785793661.848,217,64323,0,0.00000000,0.00000000,0.00,0,0,-38.48,-0.107,0.0000,0.0000,0.0000,0.0000,0.741516,-0.150696,0.650513,-0.065125,8.002,77.5,-1
1785793662.035,218,64549,0,0.00000000,0.00000000,0.00,0,0,-38.43,-0.071,0.0000,0.0000,0.0000,0.0000,0.741577,-0.150696,0.650452,-0.065125,8.002,77.5,-1
1785793662.284,219,64768,0,0.00000000,0.00000000,0.00,0,0,-38.46,-0.076,0.0000,0.0000,0.0000,0.0000,0.741577,-0.150696,0.650513,-0.065063,8.002,81.2,-1
1785793662.469,220,64988,0,0.00000000,0.00000000,0.00,0,0,-38.51,-0.105,0.0000,0.0000,0.0000,0.0000,0.741577,-0.150696,0.650513,-0.065125,8.000,82.5,-1
1785793662.719,221,65204,0,0.00000000,0.00000000,0.00,0,0,-38.44,-0.053,0.0000,0.0000,0.0000,0.0000,0.741577,-0.150696,0.650513,-0.065063,8.002,76.2,-1
1785793662.906,222,65430,0,0.00000000,0.00000000,0.00,0,0,-38.34,0.022,0.0000,0.0000,0.0000,0.0000,0.741516,-0.150635,0.650574,-0.065063,8.002,78.8,-1
1785793663.156,223,65653,0,0.00000000,0.00000000,0.00,0,0,-38.45,-0.041,0.0000,0.0000,0.0000,0.0000,0.741516,-0.150635,0.650574,-0.065002,8.002,80.0,-1
1785793663.346,224,65853,0,0.00000000,0.00000000,0.00,0,0,-38.55,-0.095,0.0000,0.0000,0.0000,0.0000,0.741516,-0.150574,0.650574,-0.065002,8.004,80.0,-1
1785793663.614,225,66078,0,0.00000000,0.00000000,0.00,0,0,-38.47,-0.026,0.0000,0.0000,0.0000,0.0000,0.741516,-0.150574,0.650635,-0.064941,8.005,78.8,-1
1785793663.798,226,66296,0,0.00000000,0.00000000,0.00,0,0,-38.45,-0.018,0.0000,0.0000,0.0000,0.0000,0.741455,-0.150574,0.650635,-0.064941,8.001,77.5,-1
1785793664.047,227,66523,0,0.00000000,0.00000000,0.00,0,0,-38.48,-0.025,0.0000,0.0000,0.0000,0.0000,0.741455,-0.150635,0.650635,-0.065002,8.002,75.0,-1
1785793664.236,228,66741,0,0.00000000,0.00000000,0.00,0,0,-38.39,0.039,0.0000,0.0000,0.0000,0.0000,0.741516,-0.150696,0.650574,-0.065063,8.001,76.2,-1
1785793664.486,229,66963,0,0.00000000,0.00000000,0.00,0,0,-38.46,-0.017,0.0000,0.0000,0.0000,0.0000,0.741577,-0.150696,0.650513,-0.065125,8.002,73.8,-1
1785793664.672,230,67175,0,0.00000000,0.00000000,0.00,0,0,-38.56,-0.095,0.0000,0.0000,0.0000,0.0000,0.741516,-0.150696,0.650513,-0.065125,8.002,76.2,-1
1785793664.923,231,67403,0,0.00000000,0.00000000,0.00,0,0,-38.60,-0.109,0.0000,0.0000,0.0000,0.0000,0.741516,-0.150696,0.650574,-0.065125,8.001,72.5,-1
1785793665.112,232,67627,0,0.00000000,0.00000000,0.00,0,0,-38.46,-0.002,0.0000,0.0000,0.0000,0.0000,0.741516,-0.150696,0.650574,-0.065063,8.002,68.8,-1
1785793665.365,233,67848,0,0.00000000,0.00000000,0.00,0,0,-38.45,0.020,0.0000,0.0000,0.0000,0.0000,0.741455,-0.150696,0.650574,-0.065063,8.001,72.5,-1
1785793665.553,234,68073,0,0.00000000,0.00000000,0.00,0,0,-38.50,0.016,0.0000,0.0000,0.0000,0.0000,0.741455,-0.150696,0.650574,-0.065063,8.002,85.0,-1
1785793665.800,235,68287,0,0.00000000,0.00000000,0.00,0,0,-38.58,-0.037,0.0000,0.0000,0.0000,0.0000,0.741455,-0.150696,0.650574,-0.065063,8.004,72.5,-1
1785793665.986,236,68510,0,0.00000000,0.00000000,0.00,0,0,-38.68,-0.094,0.0000,0.0000,0.0000,0.0000,0.741455,-0.150696,0.650574,-0.065063,8.004,75.0,-1
1785793666.236,237,68735,0,0.00000000,0.00000000,0.00,0,0,-38.50,0.021,0.0000,0.0000,0.0000,0.0000,0.741455,-0.150757,0.650574,-0.065125,8.000,77.5,-1
1785793666.489,238,68958,0,0.00000000,0.00000000,0.00,0,0,-38.48,0.039,0.0000,0.0000,0.0000,0.0000,0.741455,-0.150757,0.650574,-0.065125,8.001,73.8,-1
1785793666.680,239,69174,0,0.00000000,0.00000000,0.00,0,0,-38.64,-0.026,0.0000,0.0000,0.0000,0.0000,0.741516,-0.150696,0.650574,-0.065063,8.002,76.2,-1
1785793666.930,240,69398,0,0.00000000,0.00000000,0.00,0,0,-38.63,-0.031,0.0000,0.0000,0.0000,0.0000,0.741516,-0.150635,0.650574,-0.065002,8.002,78.8,-1
1785793667.120,241,69618,0,0.00000000,0.00000000,0.00,0,0,-38.57,-0.005,0.0000,0.0000,0.0000,0.0000,0.741516,-0.150574,0.650574,-0.065002,8.001,76.2,-1
1785793667.368,242,69840,0,0.00000000,0.00000000,0.00,0,0,-38.55,0.021,0.0000,0.0000,0.0000,0.0000,0.741516,-0.150574,0.650574,-0.065002,8.002,72.5,-1
1785793667.557,243,70060,0,0.00000000,0.00000000,0.00,0,0,-38.57,0.021,0.0000,0.0000,0.0000,0.0000,0.741516,-0.150635,0.650574,-0.065002,8.002,70.0,-1
1785793667.807,244,70275,0,0.00000000,0.00000000,0.00,0,0,-38.61,-0.031,0.0000,0.0000,0.0000,0.0000,0.741455,-0.150696,0.650574,-0.065063,8.001,73.8,-1
1785793667.992,245,70502,0,0.00000000,0.00000000,0.00,0,0,-38.53,0.013,0.0000,0.0000,0.0000,0.0000,0.741516,-0.150696,0.650574,-0.065125,8.004,76.2,-1
1785793668.243,246,70729,0,0.00000000,0.00000000,0.00,0,0,-38.62,-0.038,0.0000,0.0000,0.0000,0.0000,0.741577,-0.150696,0.650513,-0.065063,8.002,75.0,-1
1785793668.429,247,70951,0,0.00000000,0.00000000,0.00,0,0,-38.58,-0.021,0.0000,0.0000,0.0000,0.0000,0.741577,-0.150696,0.650452,-0.065125,8.002,72.5,-1
1785793668.681,248,71164,0,0.00000000,0.00000000,0.00,0,0,-38.46,0.064,0.0000,0.0000,0.0000,0.0000,0.741516,-0.150696,0.650513,-0.065125,8.002,72.5,-1
1785793668.867,249,71391,0,0.00000000,0.00000000,0.00,0,0,-38.64,-0.049,0.0000,0.0000,0.0000,0.0000,0.741516,-0.150696,0.650513,-0.065125,8.002,75.0,-1
1785793669.114,250,71612,0,0.00000000,0.00000000,0.00,0,0,-38.52,0.025,0.0000,0.0000,0.0000,0.0000,0.741516,-0.150696,0.650574,-0.065063,8.001,77.5,-1
1785793669.365,251,71831,0,0.00000000,0.00000000,0.00,0,0,-38.55,0.014,0.0000,0.0000,0.0000,0.0000,0.741516,-0.150696,0.650574,-0.065063,8.001,73.8,-1
1785793669.555,252,72050,0,0.00000000,0.00000000,0.00,0,0,-38.66,-0.068,0.0000,0.0000,0.0000,0.0000,0.741455,-0.150635,0.650574,-0.065063,8.001,75.0,-1
1785793669.743,253,72262,0,0.00000000,0.00000000,0.00,0,0,-38.47,0.022,0.0000,0.0000,0.0000,0.0000,0.741455,-0.150635,0.650635,-0.065002,8.001,85.0,-1
1785793669.992,254,72486,0,0.00000000,0.00000000,0.00,0,0,-38.55,-0.029,0.0000,0.0000,0.0000,0.0000,0.741455,-0.150574,0.650635,-0.065002,8.004,77.5,-1
1785793670.180,255,72707,0,0.00000000,0.00000000,0.00,0,0,-38.47,0.016,0.0000,0.0000,0.0000,0.0000,0.741455,-0.150635,0.650635,-0.065002,8.001,78.8,-1
1785793670.428,256,72924,0,0.00000000,0.00000000,0.00,0,0,-38.60,-0.064,0.0000,0.0000,0.0000,0.0000,0.741516,-0.150635,0.650574,-0.065063,8.000,80.0,-1
1785793670.616,257,73136,0,0.00000000,0.00000000,0.00,0,0,-38.57,-0.043,0.0000,0.0000,0.0000,0.0000,0.741516,-0.150635,0.650574,-0.065002,8.000,76.2,-1
1785793670.866,258,73360,0,0.00000000,0.00000000,0.00,0,0,-38.57,-0.051,0.0000,0.0000,0.0000,0.0000,0.741516,-0.150635,0.650574,-0.065002,8.002,70.0,-1
1785793671.115,259,73588,0,0.00000000,0.00000000,0.00,0,0,-38.52,-0.012,0.0000,0.0000,0.0000,0.0000,0.741577,-0.150635,0.650513,-0.065063,8.004,80.0,-1
1785793671.302,260,73808,0,0.00000000,0.00000000,0.00,0,0,-38.58,-0.050,0.0000,0.0000,0.0000,0.0000,0.741516,-0.150696,0.650513,-0.065063,8.005,81.2,-1
1785793671.552,261,74026,0,0.00000000,0.00000000,0.00,0,0,-38.53,-0.018,0.0000,0.0000,0.0000,0.0000,0.741516,-0.150757,0.650513,-0.065125,8.005,82.5,-1
1785793671.740,262,74239,0,0.00000000,0.00000000,0.00,0,0,-38.55,-0.035,0.0000,0.0000,0.0000,0.0000,0.741516,-0.150696,0.650574,-0.065125,8.004,71.2,-1
1785793671.989,263,74458,0,0.00000000,0.00000000,0.00,0,0,-38.62,-0.093,0.0000,0.0000,0.0000,0.0000,0.741516,-0.150757,0.650574,-0.065125,8.006,80.0,-1
1785793672.175,264,74679,0,0.00000000,0.00000000,0.00,0,0,-38.58,-0.066,0.0000,0.0000,0.0000,0.0000,0.741455,-0.150757,0.650574,-0.065125,8.002,71.2,-1
1785793672.426,265,74901,0,0.00000000,0.00000000,0.00,0,0,-38.51,-0.030,0.0000,0.0000,0.0000,0.0000,0.741455,-0.150757,0.650635,-0.065125,8.002,76.2,-1
1785793672.676,266,75146,0,0.00000000,0.00000000,0.00,0,0,-38.48,-0.025,0.0000,0.0000,0.0000,0.0000,0.741516,-0.150757,0.650574,-0.065125,8.001,78.8,-1
1785793672.866,267,75373,0,0.00000000,0.00000000,0.00,0,0,-38.61,-0.118,0.0000,0.0000,0.0000,0.0000,0.741516,-0.150757,0.650513,-0.065125,8.004,80.0,-1
1785793673.050,268,75573,0,0.00000000,0.00000000,0.00,0,0,-38.56,-0.064,0.0000,0.0000,0.0000,0.0000,0.741516,-0.150757,0.650513,-0.065125,8.002,78.8,-1
1785793673.302,269,75790,0,0.00000000,0.00000000,0.00,0,0,-38.55,-0.036,0.0000,0.0000,0.0000,0.0000,0.741516,-0.150696,0.650513,-0.065063,8.005,76.2,-1
1785793673.551,270,76016,0,0.00000000,0.00000000,0.00,0,0,-38.59,-0.057,0.0000,0.0000,0.0000,0.0000,0.741577,-0.150696,0.650513,-0.065063,8.002,78.8,-1
1785793673.739,271,76234,0,0.00000000,0.00000000,0.00,0,0,-38.49,0.005,0.0000,0.0000,0.0000,0.0000,0.741577,-0.150696,0.650452,-0.065125,8.002,75.0,-1
1785793673.928,272,76451,0,0.00000000,0.00000000,0.00,0,0,-38.50,0.003,0.0000,0.0000,0.0000,0.0000,0.741638,-0.150696,0.650452,-0.065125,8.005,81.2,-1
1785793674.179,273,76675,0,0.00000000,0.00000000,0.00,0,0,-38.59,-0.048,0.0000,0.0000,0.0000,0.0000,0.741577,-0.150757,0.650452,-0.065125,8.005,75.0,-1
1785793674.428,274,76893,0,0.00000000,0.00000000,0.00,0,0,-38.67,-0.077,0.0000,0.0000,0.0000,0.0000,0.741577,-0.150757,0.650452,-0.065125,8.001,81.2,-1
1785793674.616,275,77136,0,0.00000000,0.00000000,0.00,0,0,-38.69,-0.087,0.0000,0.0000,0.0000,0.0000,0.741638,-0.150757,0.650391,-0.065125,8.001,77.5,-1
1785793674.868,276,77364,0,0.00000000,0.00000000,0.00,0,0,-38.65,-0.036,0.0000,0.0000,0.0000,0.0000,0.741638,-0.150757,0.650391,-0.065186,8.002,78.8,-1
1785793675.121,277,77586,0,0.00000000,0.00000000,0.00,0,0,-38.64,-0.026,0.0000,0.0000,0.0000,0.0000,0.741638,-0.150757,0.650330,-0.065186,8.001,75.0,-1
1785793675.309,278,77803,0,0.00000000,0.00000000,0.00,0,0,-38.61,-0.003,0.0000,0.0000,0.0000,0.0000,0.741699,-0.150757,0.650330,-0.065186,8.002,73.8,-1
1785793675.561,279,78027,0,0.00000000,0.00000000,0.00,0,0,-38.74,-0.068,0.0000,0.0000,0.0000,0.0000,0.741638,-0.150757,0.650391,-0.065186,8.004,75.0,-1
1785793675.751,280,78240,0,0.00000000,0.00000000,0.00,0,0,-38.79,-0.113,0.0000,0.0000,0.0000,0.0000,0.741638,-0.150818,0.650391,-0.065186,8.002,75.0,-1
1785793676.000,281,78469,0,0.00000000,0.00000000,0.00,0,0,-38.78,-0.095,0.0000,0.0000,0.0000,0.0000,0.741638,-0.150818,0.650391,-0.065186,8.004,77.5,-1
1785793676.188,282,78688,0,0.00000000,0.00000000,0.00,0,0,-38.78,-0.085,0.0000,0.0000,0.0000,0.0000,0.741577,-0.150818,0.650391,-0.065186,8.004,76.2,-1
1785793676.379,283,78906,0,0.00000000,0.00000000,0.00,0,0,-38.83,-0.105,0.0000,0.0000,0.0000,0.0000,0.741577,-0.150818,0.650391,-0.065186,8.004,73.8,-1
1785793676.626,284,79148,0,0.00000000,0.00000000,0.00,0,0,-38.92,-0.185,0.0000,0.0000,0.0000,0.0000,0.741638,-0.150818,0.650391,-0.065186,8.002,77.5,-1
1785793676.875,285,79369,0,0.00000000,0.00000000,0.00,0,0,-38.96,-0.192,0.0000,0.0000,0.0000,0.0000,0.741638,-0.150818,0.650391,-0.065186,8.002,75.0,-1
1785793677.065,286,79588,0,0.00000000,0.00000000,0.00,0,0,-38.94,-0.153,0.0000,0.0000,0.0000,0.0000,0.741638,-0.150818,0.650330,-0.065186,8.001,78.8,-1
1785793677.315,287,79811,0,0.00000000,0.00000000,0.00,0,0,-38.95,-0.143,0.0000,0.0000,0.0000,0.0000,0.741699,-0.150757,0.650330,-0.065186,8.002,70.0,-1
1785793677.565,288,80037,0,0.00000000,0.00000000,0.00,0,0,-38.97,-0.138,0.0000,0.0000,0.0000,0.0000,0.741638,-0.150757,0.650391,-0.065186,8.002,77.5,-1
1785793677.752,289,80253,0,0.00000000,0.00000000,0.00,0,0,-39.07,-0.184,0.0000,0.0000,0.0000,0.0000,0.741577,-0.150696,0.650452,-0.065125,8.004,75.0,-1
1785793678.000,290,80479,0,0.00000000,0.00000000,0.00,0,0,-39.15,-0.197,0.0000,0.0000,0.0000,0.0000,0.741577,-0.150696,0.650513,-0.065063,8.001,77.5,-1
1785793678.186,291,80701,0,0.00000000,0.00000000,0.00,0,0,-39.13,-0.179,0.0000,0.0000,0.0000,0.0000,0.741516,-0.150635,0.650513,-0.065002,8.004,77.5,-1
1785793678.439,292,80923,0,0.00000000,0.00000000,0.00,0,0,-39.07,-0.135,0.0000,0.0000,0.0000,0.0000,0.741516,-0.150635,0.650574,-0.065002,8.004,76.2,-1
1785793678.626,293,81136,0,0.00000000,0.00000000,0.00,0,0,-39.04,-0.102,0.0000,0.0000,0.0000,0.0000,0.741516,-0.150696,0.650574,-0.065063,8.001,71.2,-1
1785793678.889,294,81364,0,0.00000000,0.00000000,0.00,0,0,-39.11,-0.110,0.0000,0.0000,0.0000,0.0000,0.741516,-0.150757,0.650574,-0.065125,8.004,76.2,-1
1785793679.076,295,81581,0,0.00000000,0.00000000,0.00,0,0,-39.22,-0.168,0.0000,0.0000,0.0000,0.0000,0.741516,-0.150757,0.650513,-0.065125,8.002,78.8,-1
1785793679.328,296,81806,0,0.00000000,0.00000000,0.00,0,0,-39.15,-0.102,0.0000,0.0000,0.0000,0.0000,0.741577,-0.150757,0.650513,-0.065125,8.004,76.2,-1
1785793679.514,297,82023,0,0.00000000,0.00000000,0.00,0,0,-39.18,-0.112,0.0000,0.0000,0.0000,0.0000,0.741577,-0.150757,0.650452,-0.065125,8.001,75.0,-1
1785793679.762,298,82236,0,0.00000000,0.00000000,0.00,0,0,-39.23,-0.110,0.0000,0.0000,0.0000,0.0000,0.741638,-0.150696,0.650391,-0.065125,8.004,71.2,-1
1785793679.953,299,82454,0,0.00000000,0.00000000,0.00,0,0,-39.35,-0.177,0.0000,0.0000,0.0000,0.0000,0.741638,-0.150635,0.650391,-0.065063,8.002,70.0,-1
1785793680.203,300,82677,0,0.00000000,0.00000000,0.00,0,0,-39.33,-0.141,0.0000,0.0000,0.0000,0.0000,0.741638,-0.150635,0.650452,-0.065063,8.001,70.0,-1
1785793680.393,301,82899,0,0.00000000,0.00000000,0.00,0,0,-39.36,-0.146,0.0000,0.0000,0.0000,0.0000,0.741577,-0.150635,0.650452,-0.065063,8.002,75.0,-1
1785793680.642,302,83142,0,0.00000000,0.00000000,0.00,0,0,-39.39,-0.150,0.0000,0.0000,0.0000,0.0000,0.741577,-0.150635,0.650452,-0.065063,8.001,77.5,-1
1785793680.893,303,83368,0,0.00000000,0.00000000,0.00,0,0,-39.34,-0.112,0.0000,0.0000,0.0000,0.0000,0.741577,-0.150696,0.650513,-0.065063,8.004,76.2,-1
1785793681.080,304,83593,0,0.00000000,0.00000000,0.00,0,0,-39.27,-0.042,0.0000,0.0000,0.0000,0.0000,0.741516,-0.150696,0.650513,-0.065125,8.002,75.0,-1
1785793681.333,305,83819,0,0.00000000,0.00000000,0.00,0,0,-39.31,-0.049,0.0000,0.0000,0.0000,0.0000,0.741577,-0.150696,0.650513,-0.065063,8.001,73.8,-1
1785793681.520,306,84044,0,0.00000000,0.00000000,0.00,0,0,-39.39,-0.100,0.0000,0.0000,0.0000,0.0000,0.741516,-0.150696,0.650513,-0.065063,8.001,73.8,-1
1785793681.769,307,84257,0,0.00000000,0.00000000,0.00,0,0,-39.46,-0.133,0.0000,0.0000,0.0000,0.0000,0.741516,-0.150696,0.650513,-0.065063,8.002,76.2,-1
1785793681.956,308,84480,0,0.00000000,0.00000000,0.00,0,0,-39.48,-0.107,0.0000,0.0000,0.0000,0.0000,0.741516,-0.150696,0.650574,-0.065063,8.001,73.8,-1
1785793682.209,309,84701,0,0.00000000,0.00000000,0.00,0,0,-39.43,-0.063,0.0000,0.0000,0.0000,0.0000,0.741577,-0.150696,0.650513,-0.065063,8.002,77.5,-1
1785793682.459,310,84929,0,0.00000000,0.00000000,0.00,0,0,-39.44,-0.046,0.0000,0.0000,0.0000,0.0000,0.741577,-0.150696,0.650452,-0.065063,8.000,76.2,-1
1785793682.644,311,85141,0,0.00000000,0.00000000,0.00,0,0,-39.58,-0.126,0.0000,0.0000,0.0000,0.0000,0.741638,-0.150696,0.650452,-0.065125,8.001,77.5,-1
1785793682.834,312,85360,0,0.00000000,0.00000000,0.00,0,0,-39.62,-0.146,0.0000,0.0000,0.0000,0.0000,0.741638,-0.150757,0.650391,-0.065125,8.001,81.2,-1
1785793683.088,313,85581,0,0.00000000,0.00000000,0.00,0,0,-39.53,-0.082,0.0000,0.0000,0.0000,0.0000,0.741577,-0.150757,0.650452,-0.065125,8.002,77.5,-1
1785793683.340,314,85805,0,0.00000000,0.00000000,0.00,0,0,-39.61,-0.116,0.0000,0.0000,0.0000,0.0000,0.741516,-0.150696,0.650513,-0.065125,8.002,77.5,-1
1785793683.527,315,86033,0,0.00000000,0.00000000,0.00,0,0,-39.59,-0.112,0.0000,0.0000,0.0000,0.0000,0.741516,-0.150696,0.650574,-0.065063,8.004,76.2,-1
1785793683.774,316,86251,0,0.00000000,0.00000000,0.00,0,0,-39.52,-0.070,0.0000,0.0000,0.0000,0.0000,0.741516,-0.150635,0.650574,-0.065002,8.001,80.0,-1
1785793683.963,317,86473,0,0.00000000,0.00000000,0.00,0,0,-39.52,-0.053,0.0000,0.0000,0.0000,0.0000,0.741516,-0.150635,0.650574,-0.065002,8.001,78.8,-1
1785793684.216,318,86693,0,0.00000000,0.00000000,0.00,0,0,-39.45,0.008,0.0000,0.0000,0.0000,0.0000,0.741516,-0.150635,0.650574,-0.065002,8.001,83.8,-1
1785793684.407,319,86912,0,0.00000000,0.00000000,0.00,0,0,-39.42,0.022,0.0000,0.0000,0.0000,0.0000,0.741577,-0.150635,0.650513,-0.065063,8.001,82.5,-1
1785793684.658,320,87157,0,0.00000000,0.00000000,0.00,0,0,-39.48,-0.001,0.0000,0.0000,0.0000,0.0000,0.741577,-0.150635,0.650452,-0.065063,8.002,76.2,-1
1785793684.909,321,87378,0,0.00000000,0.00000000,0.00,0,0,-39.50,-0.000,0.0000,0.0000,0.0000,0.0000,0.741577,-0.150696,0.650452,-0.065125,8.001,78.8,-1
1785793685.099,322,87606,0,0.00000000,0.00000000,0.00,0,0,-39.66,-0.086,0.0000,0.0000,0.0000,0.0000,0.741577,-0.150757,0.650452,-0.065125,8.004,81.2,-1
1785793685.350,323,87825,0,0.00000000,0.00000000,0.00,0,0,-39.67,-0.083,0.0000,0.0000,0.0000,0.0000,0.741577,-0.150757,0.650452,-0.065125,8.005,78.8,-1
1785793685.536,324,88048,0,0.00000000,0.00000000,0.00,0,0,-39.88,-0.189,0.0000,0.0000,0.0000,0.0000,0.741638,-0.150696,0.650391,-0.065125,8.004,75.0,-1
1785793685.785,325,88262,0,0.00000000,0.00000000,0.00,0,0,-39.90,-0.195,0.0000,0.0000,0.0000,0.0000,0.741638,-0.150635,0.650391,-0.065063,8.002,78.8,-1
1785793685.973,326,88489,0,0.00000000,0.00000000,0.00,0,0,-39.73,-0.079,0.0000,0.0000,0.0000,0.0000,0.741699,-0.150635,0.650391,-0.065063,8.001,71.2,-1
1785793686.226,327,88712,0,0.00000000,0.00000000,0.00,0,0,-39.86,-0.149,0.0000,0.0000,0.0000,0.0000,0.741699,-0.150574,0.650391,-0.065002,8.000,76.2,-1
1785793686.412,328,88940,0,0.00000000,0.00000000,0.00,0,0,-39.76,-0.081,0.0000,0.0000,0.0000,0.0000,0.741638,-0.150574,0.650452,-0.065002,8.001,78.8,-1
1785793686.666,329,89151,0,0.00000000,0.00000000,0.00,0,0,-39.77,-0.089,0.0000,0.0000,0.0000,0.0000,0.741577,-0.150635,0.650452,-0.065063,8.001,75.0,-1
1785793686.853,330,89372,0,0.00000000,0.00000000,0.00,0,0,-39.98,-0.207,0.0000,0.0000,0.0000,0.0000,0.741577,-0.150696,0.650452,-0.065063,8.000,75.0,-1
1785793687.102,331,89596,0,0.00000000,0.00000000,0.00,0,0,-40.04,-0.211,0.0000,0.0000,0.0000,0.0000,0.741577,-0.150696,0.650452,-0.065125,8.001,72.5,-1
1785793687.353,332,89822,0,0.00000000,0.00000000,0.00,0,0,-40.08,-0.200,0.0000,0.0000,0.0000,0.0000,0.741577,-0.150696,0.650452,-0.065063,8.002,81.2,-1
1785793687.542,333,90047,0,0.00000000,0.00000000,0.00,0,0,-40.00,-0.134,0.0000,0.0000,0.0000,0.0000,0.741638,-0.150635,0.650452,-0.065063,8.002,78.8,-1
1785793687.792,334,90263,0,0.00000000,0.00000000,0.00,0,0,-39.81,-0.017,0.0000,0.0000,0.0000,0.0000,0.741638,-0.150574,0.650452,-0.065002,8.005,77.5,-1
1785793687.978,335,90480,0,0.00000000,0.00000000,0.00,0,0,-39.64,0.103,0.0000,0.0000,0.0000,0.0000,0.741699,-0.150574,0.650391,-0.065002,8.001,81.2,-1
1785793688.229,336,90700,0,0.00000000,0.00000000,0.00,0,0,-39.58,0.114,0.0000,0.0000,0.0000,0.0000,0.741699,-0.150574,0.650391,-0.065002,8.002,80.0,-1
1785793688.418,337,90924,0,0.00000000,0.00000000,0.00,0,0,-39.58,0.099,0.0000,0.0000,0.0000,0.0000,0.741699,-0.150513,0.650391,-0.064941,8.002,80.0,-1
1785793688.665,338,91137,0,0.00000000,0.00000000,0.00,0,0,-39.60,0.100,0.0000,0.0000,0.0000,0.0000,0.741699,-0.150513,0.650391,-0.064941,8.005,71.2,-1
1785793688.854,339,91364,0,0.00000000,0.00000000,0.00,0,0,-39.42,0.188,0.0000,0.0000,0.0000,0.0000,0.741638,-0.150635,0.650452,-0.065002,8.005,82.5,-1
1785793689.107,340,91589,0,0.00000000,0.00000000,0.00,0,0,-39.48,0.138,0.0000,0.0000,0.0000,0.0000,0.741577,-0.150635,0.650452,-0.065063,8.004,78.8,-1
1785793689.297,341,91816,0,0.00000000,0.00000000,0.00,0,0,-39.46,0.130,0.0000,0.0000,0.0000,0.0000,0.741577,-0.150696,0.650452,-0.065125,8.005,72.5,-1
1785793689.547,342,92034,0,0.00000000,0.00000000,0.00,0,0,-39.34,0.187,0.0000,0.0000,0.0000,0.0000,0.741638,-0.150635,0.650452,-0.065063,8.002,78.8,-1
1785793689.734,343,92247,0,0.00000000,0.00000000,0.00,0,0,-39.33,0.150,0.0000,0.0000,0.0000,0.0000,0.741638,-0.150635,0.650391,-0.065063,8.005,80.0,-1
1785793689.985,344,92464,0,0.00000000,0.00000000,0.00,0,0,-39.29,0.149,0.0000,0.0000,0.0000,0.0000,0.741638,-0.150574,0.650391,-0.065063,8.000,82.5,-1
1785793690.169,345,92687,0,0.00000000,0.00000000,0.00,0,0,-39.23,0.158,0.0000,0.0000,0.0000,0.0000,0.741638,-0.150574,0.650452,-0.065002,8.005,78.8,-1
1785793690.421,346,92907,0,0.00000000,0.00000000,0.00,0,0,-39.03,0.282,0.0000,0.0000,0.0000,0.0000,0.741638,-0.150574,0.650452,-0.065002,8.006,78.8,-1
1785793690.669,347,93150,0,0.00000000,0.00000000,0.00,0,0,-39.00,0.258,0.0000,0.0000,0.0000,0.0000,0.741577,-0.150635,0.650513,-0.065063,8.004,77.5,-1
1785793690.860,348,93378,0,0.00000000,0.00000000,0.00,0,0,-38.97,0.244,0.0000,0.0000,0.0000,0.0000,0.741516,-0.150635,0.650513,-0.065002,8.005,77.5,-1
1785793691.109,349,93600,0,0.00000000,0.00000000,0.00,0,0,-38.89,0.275,0.0000,0.0000,0.0000,0.0000,0.741516,-0.150635,0.650574,-0.065002,8.001,82.5,-1
1785793691.296,350,93816,0,0.00000000,0.00000000,0.00,0,0,-38.93,0.233,0.0000,0.0000,0.0000,0.0000,0.741516,-0.150635,0.650513,-0.065063,8.002,75.0,-1
1785793691.546,351,94040,0,0.00000000,0.00000000,0.00,0,0,-38.86,0.238,0.0000,0.0000,0.0000,0.0000,0.741577,-0.150696,0.650452,-0.065063,8.002,75.0,-1
1785793691.792,352,94260,0,0.00000000,0.00000000,0.00,0,0,-38.84,0.216,0.0000,0.0000,0.0000,0.0000,0.741638,-0.150696,0.650452,-0.065125,8.002,75.0,-1
1785793691.980,353,94479,0,0.00000000,0.00000000,0.00,0,0,-38.77,0.226,0.0000,0.0000,0.0000,0.0000,0.741577,-0.150696,0.650452,-0.065125,8.002,81.2,-1
1785793692.232,354,94700,0,0.00000000,0.00000000,0.00,0,0,-38.71,0.220,0.0000,0.0000,0.0000,0.0000,0.741577,-0.150696,0.650452,-0.065125,8.002,77.5,-1
1785793692.420,355,94919,0,0.00000000,0.00000000,0.00,0,0,-38.73,0.196,0.0000,0.0000,0.0000,0.0000,0.741638,-0.150696,0.650452,-0.065125,8.002,77.5,-1
1785793692.669,356,95136,0,0.00000000,0.00000000,0.00,0,0,-38.73,0.174,0.0000,0.0000,0.0000,0.0000,0.741638,-0.150696,0.650391,-0.065125,8.004,72.5,-1
1785793692.855,357,95361,0,0.00000000,0.00000000,0.00,0,0,-38.79,0.109,0.0000,0.0000,0.0000,0.0000,0.741699,-0.150635,0.650391,-0.065063,8.004,78.8,-1
1785793693.106,358,95582,0,0.00000000,0.00000000,0.00,0,0,-38.67,0.176,0.0000,0.0000,0.0000,0.0000,0.741638,-0.150635,0.650452,-0.065002,8.004,78.8,-1
1785793693.293,359,95801,0,0.00000000,0.00000000,0.00,0,0,-38.74,0.115,0.0000,0.0000,0.0000,0.0000,0.741577,-0.150635,0.650452,-0.065002,8.004,76.2,-1
1785793693.545,360,96022,0,0.00000000,0.00000000,0.00,0,0,-38.85,0.019,0.0000,0.0000,0.0000,0.0000,0.741577,-0.150696,0.650452,-0.065063,8.002,78.8,-1
1785793693.749,361,96235,0,0.00000000,0.00000000,0.00,0,0,-38.86,0.012,0.0000,0.0000,0.0000,0.0000,0.741638,-0.150696,0.650452,-0.065125,8.002,75.0,-1
1785793693.938,362,96454,0,0.00000000,0.00000000,0.00,0,0,-38.94,-0.029,0.0000,0.0000,0.0000,0.0000,0.741638,-0.150635,0.650452,-0.065063,8.000,80.0,-1
1785793694.193,363,96676,0,0.00000000,0.00000000,0.00,0,0,-38.90,-0.010,0.0000,0.0000,0.0000,0.0000,0.741577,-0.150635,0.650452,-0.065063,8.005,78.8,-1
1785793694.384,364,96897,0,0.00000000,0.00000000,0.00,0,0,-39.00,-0.060,0.0000,0.0000,0.0000,0.0000,0.741577,-0.150696,0.650452,-0.065063,8.001,72.5,-1
1785793694.634,365,97137,0,0.00000000,0.00000000,0.00,0,0,-39.15,-0.123,0.0000,0.0000,0.0000,0.0000,0.741638,-0.150696,0.650391,-0.065125,8.002,80.0,-1
1785793694.884,366,97360,0,0.00000000,0.00000000,0.00,0,0,-39.00,-0.013,0.0000,0.0000,0.0000,0.0000,0.741638,-0.150696,0.650391,-0.065125,8.002,80.0,-1
1785793695.074,367,97581,0,0.00000000,0.00000000,0.00,0,0,-38.97,0.010,0.0000,0.0000,0.0000,0.0000,0.741638,-0.150757,0.650391,-0.065186,8.004,77.5,-1
1785793695.326,368,97807,0,0.00000000,0.00000000,0.00,0,0,-38.99,-0.001,0.0000,0.0000,0.0000,0.0000,0.741577,-0.150757,0.650452,-0.065186,8.004,75.0,-1
1785793695.515,369,98027,0,0.00000000,0.00000000,0.00,0,0,-39.01,-0.015,0.0000,0.0000,0.0000,0.0000,0.741577,-0.150757,0.650452,-0.065186,8.004,78.8,-1
1785793695.766,370,98240,0,0.00000000,0.00000000,0.00,0,0,-38.98,-0.005,0.0000,0.0000,0.0000,0.0000,0.741638,-0.150757,0.650391,-0.065125,8.002,78.8,-1
1785793695.952,371,98461,0,0.00000000,0.00000000,0.00,0,0,-39.16,-0.097,0.0000,0.0000,0.0000,0.0000,0.741638,-0.150757,0.650391,-0.065125,8.001,78.8,-1
1785793696.202,372,98682,0,0.00000000,0.00000000,0.00,0,0,-39.11,-0.067,0.0000,0.0000,0.0000,0.0000,0.741638,-0.150696,0.650391,-0.065125,8.001,80.0,-1
1785793696.392,373,98910,0,0.00000000,0.00000000,0.00,0,0,-39.10,-0.062,0.0000,0.0000,0.0000,0.0000,0.741638,-0.150696,0.650391,-0.065125,8.001,75.0,-1
1785793696.646,374,99151,0,0.00000000,0.00000000,0.00,0,0,-39.02,-0.008,0.0000,0.0000,0.0000,0.0000,0.741699,-0.150757,0.650330,-0.065186,8.002,72.5,-1
1785793696.899,375,99370,0,0.00000000,0.00000000,0.00,0,0,-39.06,-0.033,0.0000,0.0000,0.0000,0.0000,0.741638,-0.150757,0.650330,-0.065186,8.004,73.8,-1
1785793697.088,376,99591,0,0.00000000,0.00000000,0.00,0,0,-39.10,-0.053,0.0000,0.0000,0.0000,0.0000,0.741638,-0.150757,0.650391,-0.065125,8.004,75.0,-1
1785793697.337,377,99816,0,0.00000000,0.00000000,0.00,0,0,-38.99,0.008,0.0000,0.0000,0.0000,0.0000,0.741577,-0.150757,0.650452,-0.065125,8.002,72.5,-1
1785793697.524,378,100042,0,0.00000000,0.00000000,0.00,0,0,-39.16,-0.095,0.0000,0.0000,0.0000,0.0000,0.741577,-0.150696,0.650452,-0.065125,8.004,77.5,-1
1785793697.771,379,100255,0,0.00000000,0.00000000,0.00,0,0,-39.14,-0.065,0.0000,0.0000,0.0000,0.0000,0.741638,-0.150696,0.650391,-0.065125,8.002,72.5,-1
1785793697.959,380,100484,0,0.00000000,0.00000000,0.00,0,0,-39.07,-0.021,0.0000,0.0000,0.0000,0.0000,0.741577,-0.150757,0.650452,-0.065125,8.001,73.8,-1
1785793698.212,381,100702,0,0.00000000,0.00000000,0.00,0,0,-39.09,-0.022,0.0000,0.0000,0.0000,0.0000,0.741638,-0.150757,0.650391,-0.065186,8.001,77.5,-1
1785793698.400,382,100924,0,0.00000000,0.00000000,0.00,0,0,-39.06,0.021,0.0000,0.0000,0.0000,0.0000,0.741638,-0.150757,0.650452,-0.065125,8.002,73.8,-1
1785793698.648,383,101138,0,0.00000000,0.00000000,0.00,0,0,-39.03,0.030,0.0000,0.0000,0.0000,0.0000,0.741577,-0.150757,0.650452,-0.065125,8.002,73.8,-1
1785793698.838,384,101362,0,0.00000000,0.00000000,0.00,0,0,-39.04,0.025,0.0000,0.0000,0.0000,0.0000,0.741516,-0.150757,0.650513,-0.065125,8.001,77.5,-1
1785793699.085,385,101586,0,0.00000000,0.00000000,0.00,0,0,-39.01,0.038,0.0000,0.0000,0.0000,0.0000,0.741577,-0.150757,0.650452,-0.065186,8.002,73.8,-1
1785793699.334,386,101810,0,0.00000000,0.00000000,0.00,0,0,-39.17,-0.053,0.0000,0.0000,0.0000,0.0000,0.741577,-0.150757,0.650452,-0.065186,8.002,80.0,-1
1785793699.522,387,102037,0,0.00000000,0.00000000,0.00,0,0,-39.18,-0.054,0.0000,0.0000,0.0000,0.0000,0.741638,-0.150757,0.650391,-0.065186,8.001,75.0,-1
1785793699.775,388,102254,0,0.00000000,0.00000000,0.00,0,0,-39.05,0.025,0.0000,0.0000,0.0000,0.0000,0.741638,-0.150696,0.650391,-0.065125,8.002,81.2,-1
1785793699.963,389,102475,0,0.00000000,0.00000000,0.00,0,0,-39.11,-0.022,0.0000,0.0000,0.0000,0.0000,0.741699,-0.150696,0.650330,-0.065125,8.005,77.5,-1
1785793700.214,390,102698,0,0.00000000,0.00000000,0.00,0,0,-39.15,-0.053,0.0000,0.0000,0.0000,0.0000,0.741699,-0.150696,0.650330,-0.065125,8.002,75.0,-1
1785793700.404,391,102918,0,0.00000000,0.00000000,0.00,0,0,-39.25,-0.129,0.0000,0.0000,0.0000,0.0000,0.741699,-0.150757,0.650330,-0.065186,8.002,73.8,-1
1785793700.656,392,103133,0,0.00000000,0.00000000,0.00,0,0,-39.31,-0.131,0.0000,0.0000,0.0000,0.0000,0.741699,-0.150696,0.650330,-0.065125,8.001,80.0,-1
1785793700.843,393,103352,0,0.00000000,0.00000000,0.00,0,0,-39.35,-0.129,0.0000,0.0000,0.0000,0.0000,0.741699,-0.150696,0.650330,-0.065186,8.000,76.2,-1
1785793701.095,394,103576,0,0.00000000,0.00000000,0.00,0,0,-39.39,-0.148,0.0000,0.0000,0.0000,0.0000,0.741638,-0.150757,0.650391,-0.065186,8.001,78.8,-1
1785793701.286,395,103800,0,0.00000000,0.00000000,0.00,0,0,-39.55,-0.210,0.0000,0.0000,0.0000,0.0000,0.741638,-0.150757,0.650391,-0.065186,8.004,76.2,-1
1785793701.538,396,104019,0,0.00000000,0.00000000,0.00,0,0,-39.44,-0.123,0.0000,0.0000,0.0000,0.0000,0.741638,-0.150757,0.650391,-0.065186,8.001,77.5,-1
1785793701.724,397,104238,0,0.00000000,0.00000000,0.00,0,0,-39.58,-0.148,0.0000,0.0000,0.0000,0.0000,0.741638,-0.150818,0.650391,-0.065186,8.001,80.0,-1
1785793701.977,398,104459,0,0.00000000,0.00000000,0.00,0,0,-39.53,-0.122,0.0000,0.0000,0.0000,0.0000,0.741638,-0.150818,0.650391,-0.065186,8.002,78.8,-1
1785793702.163,399,104680,0,0.00000000,0.00000000,0.00,0,0,-39.48,-0.075,0.0000,0.0000,0.0000,0.0000,0.741638,-0.150757,0.650391,-0.065186,8.002,77.5,-1
1785793702.414,400,104901,0,0.00000000,0.00000000,0.00,0,0,-39.60,-0.154,0.0000,0.0000,0.0000,0.0000,0.741638,-0.150757,0.650391,-0.065186,8.002,78.8,-1
1785793702.664,401,105144,0,0.00000000,0.00000000,0.00,0,0,-39.56,-0.114,0.0000,0.0000,0.0000,0.0000,0.741760,-0.150818,0.650269,-0.065125,8.002,73.8,-1
1785793702.852,402,105365,0,0.00000000,0.00000000,0.00,0,0,-39.60,-0.110,0.0000,0.0000,0.0000,0.0000,0.741699,-0.150940,0.650269,-0.065063,8.002,82.5,-1
1785793703.104,403,105590,0,0.00000000,0.00000000,0.00,0,0,-39.64,-0.138,0.0000,0.0000,0.0000,0.0000,0.741699,-0.150940,0.650269,-0.065063,8.000,82.5,-1
1785793703.289,404,105814,0,0.00000000,0.00000000,0.00,0,0,-39.69,-0.117,0.0000,0.0000,0.0000,0.0000,0.741699,-0.150879,0.650330,-0.065063,8.001,73.8,-1
1785793703.538,405,106032,0,0.00000000,0.00000000,0.00,0,0,-39.63,-0.077,0.0000,0.0000,0.0000,0.0000,0.741699,-0.150818,0.650330,-0.065002,7.999,81.2,-1
1785793703.723,406,106243,0,0.00000000,0.00000000,0.00,0,0,-39.65,-0.063,0.0000,0.0000,0.0000,0.0000,0.741699,-0.150818,0.650330,-0.064941,8.002,77.5,-1
1785793703.974,407,106465,0,0.00000000,0.00000000,0.00,0,0,-39.69,-0.076,0.0000,0.0000,0.0000,0.0000,0.741638,-0.150818,0.650330,-0.065002,8.000,75.0,-1
1785793704.162,408,106685,0,0.00000000,0.00000000,0.00,0,0,-39.67,-0.054,0.0000,0.0000,0.0000,0.0000,0.741699,-0.150818,0.650330,-0.065002,8.002,72.5,-1
1785793704.415,409,106907,0,0.00000000,0.00000000,0.00,0,0,-39.73,-0.089,0.0000,0.0000,0.0000,0.0000,0.741699,-0.150818,0.650330,-0.065002,8.001,75.0,-1
1785793704.665,410,107150,0,0.00000000,0.00000000,0.00,0,0,-39.76,-0.090,0.0000,0.0000,0.0000,0.0000,0.741699,-0.150818,0.650330,-0.065002,8.004,76.2,-1
1785793704.852,411,107378,0,0.00000000,0.00000000,0.00,0,0,-39.75,-0.074,0.0000,0.0000,0.0000,0.0000,0.741699,-0.150879,0.650269,-0.065063,8.005,77.5,-1
1785793705.104,412,107597,0,0.00000000,0.00000000,0.00,0,0,-39.80,-0.096,0.0000,0.0000,0.0000,0.0000,0.741699,-0.150818,0.650269,-0.065002,8.002,78.8,-1
1785793705.357,413,107818,0,0.00000000,0.00000000,0.00,0,0,-39.71,-0.021,0.0000,0.0000,0.0000,0.0000,0.741699,-0.150818,0.650269,-0.065002,8.004,81.2,-1
1785793705.545,414,108042,0,0.00000000,0.00000000,0.00,0,0,-39.69,0.005,0.0000,0.0000,0.0000,0.0000,0.741699,-0.150757,0.650269,-0.064941,8.004,72.5,-1
1785793705.736,415,108260,0,0.00000000,0.00000000,0.00,0,0,-39.69,0.000,0.0000,0.0000,0.0000,0.0000,0.741760,-0.150757,0.650330,-0.064941,8.001,73.8,-1
1785793705.985,416,108478,0,0.00000000,0.00000000,0.00,0,0,-39.74,-0.017,0.0000,0.0000,0.0000,0.0000,0.741760,-0.150696,0.650269,-0.064941,8.000,80.0,-1
1785793706.236,417,108700,0,0.00000000,0.00000000,0.00,0,0,-39.63,0.047,0.0000,0.0000,0.0000,0.0000,0.741760,-0.150696,0.650269,-0.064880,8.004,78.8,-1
1785793706.422,418,108922,0,0.00000000,0.00000000,0.00,0,0,-39.58,0.070,0.0000,0.0000,0.0000,0.0000,0.741760,-0.150635,0.650269,-0.064880,8.004,77.5,-1
1785793706.672,419,109136,0,0.00000000,0.00000000,0.00,0,0,-39.62,0.040,0.0000,0.0000,0.0000,0.0000,0.741760,-0.150635,0.650269,-0.064819,8.002,76.2,-1
1785793706.859,420,109362,0,0.00000000,0.00000000,0.00,0,0,-39.62,0.048,0.0000,0.0000,0.0000,0.0000,0.741760,-0.150635,0.650330,-0.064819,8.002,75.0,-1
1785793707.048,421,109562,0,0.00000000,0.00000000,0.00,0,0,-39.63,0.055,0.0000,0.0000,0.0000,0.0000,0.741760,-0.150635,0.650330,-0.064819,8.004,77.5,-1
1785793707.300,422,109780,0,0.00000000,0.00000000,0.00,0,0,-39.51,0.116,0.0000,0.0000,0.0000,0.0000,0.741760,-0.150696,0.650330,-0.064880,8.004,80.0,-1
1785793707.489,423,110003,0,0.00000000,0.00000000,0.00,0,0,-39.43,0.151,0.0000,0.0000,0.0000,0.0000,0.741760,-0.150696,0.650269,-0.064941,8.005,75.0,-1
1785793707.737,424,110217,0,0.00000000,0.00000000,0.00,0,0,-39.26,0.238,0.0000,0.0000,0.0000,0.0000,0.741760,-0.150757,0.650269,-0.064941,8.004,77.5,-1
1785793707.926,425,110417,0,0.00000000,0.00000000,0.00,0,0,-39.31,0.184,0.0000,0.0000,0.0000,0.0000,0.741760,-0.150818,0.650269,-0.065002,8.002,75.0,-1
1785793708.176,426,110644,0,0.00000000,0.00000000,0.00,0,0,-39.32,0.157,0.0000,0.0000,0.0000,0.0000,0.741760,-0.150757,0.650269,-0.064941,8.004,77.5,-1
1785793708.364,427,110865,0,0.00000000,0.00000000,0.00,0,0,-39.37,0.097,0.0000,0.0000,0.0000,0.0000,0.741760,-0.150757,0.650269,-0.064941,8.004,71.2,-1
1785793708.633,428,111083,0,0.00000000,0.00000000,0.00,0,0,-39.20,0.182,0.0000,0.0000,0.0000,0.0000,0.741760,-0.150696,0.650269,-0.064941,8.002,75.0,-1
1785793708.820,429,111303,0,0.00000000,0.00000000,0.00,0,0,-39.30,0.102,0.0000,0.0000,0.0000,0.0000,0.741760,-0.150696,0.650330,-0.064880,8.002,80.0,-1
1785793709.004,430,111525,0,0.00000000,0.00000000,0.00,0,0,-39.33,0.066,0.0000,0.0000,0.0000,0.0000,0.741760,-0.150696,0.650330,-0.064880,8.002,75.0,-1
1785793709.253,431,111748,0,0.00000000,0.00000000,0.00,0,0,-39.32,0.055,0.0000,0.0000,0.0000,0.0000,0.741760,-0.150757,0.650330,-0.064941,8.002,78.8,-1
1785793709.502,432,111970,0,0.00000000,0.00000000,0.00,0,0,-39.18,0.138,0.0000,0.0000,0.0000,0.0000,0.741760,-0.150757,0.650269,-0.064941,8.002,77.5,-1
1785793709.688,433,112188,0,0.00000000,0.00000000,0.00,0,0,-39.18,0.119,0.0000,0.0000,0.0000,0.0000,0.741760,-0.150818,0.650269,-0.065002,8.002,76.2,-1
1785793709.938,434,112405,0,0.00000000,0.00000000,0.00,0,0,-39.21,0.090,0.0000,0.0000,0.0000,0.0000,0.741760,-0.150818,0.650269,-0.065002,8.001,77.5,-1
1785793710.129,435,112628,0,0.00000000,0.00000000,0.00,0,0,-39.06,0.173,0.0000,0.0000,0.0000,0.0000,0.741760,-0.150818,0.650269,-0.065002,8.004,78.8,-1
1785793710.382,436,112852,0,0.00000000,0.00000000,0.00,0,0,-39.14,0.114,0.0000,0.0000,0.0000,0.0000,0.741760,-0.150818,0.650269,-0.065002,8.001,77.5,-1
1785793710.569,437,113078,0,0.00000000,0.00000000,0.00,0,0,-39.12,0.118,0.0000,0.0000,0.0000,0.0000,0.741760,-0.150818,0.650269,-0.065002,8.002,80.0,-1
1785793710.820,438,113292,0,0.00000000,0.00000000,0.00,0,0,-39.09,0.134,0.0000,0.0000,0.0000,0.0000,0.741821,-0.150818,0.650208,-0.065002,8.002,77.5,-1
1785793711.006,439,113513,0,0.00000000,0.00000000,0.00,0,0,-39.08,0.118,0.0000,0.0000,0.0000,0.0000,0.741821,-0.150757,0.650146,-0.065002,8.004,76.2,-1
1785793711.257,440,113739,0,0.00000000,0.00000000,0.00,0,0,-39.27,-0.021,0.0000,0.0000,0.0000,0.0000,0.741821,-0.150818,0.650208,-0.065002,8.002,73.8,-1
1785793711.444,441,113960,0,0.00000000,0.00000000,0.00,0,0,-39.14,0.046,0.0000,0.0000,0.0000,0.0000,0.741821,-0.150818,0.650208,-0.065002,8.001,77.5,-1
1785793711.697,442,114172,0,0.00000000,0.00000000,0.00,0,0,-39.12,0.067,0.0000,0.0000,0.0000,0.0000,0.741760,-0.150818,0.650208,-0.065002,8.002,77.5,-1
1785793711.885,443,114394,0,0.00000000,0.00000000,0.00,0,0,-39.25,-0.001,0.0000,0.0000,0.0000,0.0000,0.741760,-0.150818,0.650208,-0.065063,8.002,78.8,-1
1785793712.133,444,114611,0,0.00000000,0.00000000,0.00,0,0,-39.10,0.082,0.0000,0.0000,0.0000,0.0000,0.741821,-0.150818,0.650208,-0.065063,8.001,76.2,-1
1785793712.320,445,114830,0,0.00000000,0.00000000,0.00,0,0,-39.13,0.042,0.0000,0.0000,0.0000,0.0000,0.741821,-0.150879,0.650146,-0.065063,7.999,81.2,-1
1785793712.572,446,115054,0,0.00000000,0.00000000,0.00,0,0,-39.23,-0.024,0.0000,0.0000,0.0000,0.0000,0.741821,-0.150879,0.650146,-0.065063,8.002,76.2,-1
1785793712.759,447,115270,0,0.00000000,0.00000000,0.00,0,0,-39.22,-0.027,0.0000,0.0000,0.0000,0.0000,0.741760,-0.150818,0.650208,-0.065063,8.001,83.8,-1
1785793713.010,448,115495,0,0.00000000,0.00000000,0.00,0,0,-39.21,-0.033,0.0000,0.0000,0.0000,0.0000,0.741760,-0.150757,0.650269,-0.065002,8.002,80.0,-1
1785793713.258,449,115722,0,0.00000000,0.00000000,0.00,0,0,-39.21,-0.027,0.0000,0.0000,0.0000,0.0000,0.741760,-0.150696,0.650269,-0.064941,8.002,77.5,-1
1785793713.448,450,115946,0,0.00000000,0.00000000,0.00,0,0,-39.18,-0.001,0.0000,0.0000,0.0000,0.0000,0.741760,-0.150696,0.650269,-0.064941,8.002,76.2,-1
1785793713.638,451,116159,0,0.00000000,0.00000000,0.00,0,0,-39.25,-0.034,0.0000,0.0000,0.0000,0.0000,0.741760,-0.150696,0.650269,-0.064880,8.004,80.0,-1
1785793713.887,452,116383,0,0.00000000,0.00000000,0.00,0,0,-39.14,0.028,0.0000,0.0000,0.0000,0.0000,0.741760,-0.150757,0.650269,-0.064941,8.002,81.2,-1
1785793714.141,453,116607,0,0.00000000,0.00000000,0.00,0,0,-39.16,0.011,0.0000,0.0000,0.0000,0.0000,0.741760,-0.150757,0.650269,-0.065002,8.004,85.0,-1
1785793714.331,454,116833,0,0.00000000,0.00000000,0.00,0,0,-38.88,0.157,0.0000,0.0000,0.0000,0.0000,0.741760,-0.150818,0.650269,-0.065002,8.001,80.0,-1
1785793714.581,455,117056,0,0.00000000,0.00000000,0.00,0,0,-38.79,0.195,0.0000,0.0000,0.0000,0.0000,0.741821,-0.150818,0.650208,-0.065063,8.000,75.0,-1
1785793714.771,456,117275,0,0.00000000,0.00000000,0.00,0,0,-38.86,0.135,0.0000,0.0000,0.0000,0.0000,0.741821,-0.150757,0.650146,-0.065002,8.001,86.2,-1
1785793715.025,457,117498,0,0.00000000,0.00000000,0.00,0,0,-38.91,0.092,0.0000,0.0000,0.0000,0.0000,0.741882,-0.150696,0.650146,-0.064941,8.001,75.0,-1
1785793715.213,458,117720,0,0.00000000,0.00000000,0.00,0,0,-38.77,0.167,0.0000,0.0000,0.0000,0.0000,0.741943,-0.150696,0.650085,-0.064941,8.004,78.8,-1
1785793715.467,459,117936,0,0.00000000,0.00000000,0.00,0,0,-38.86,0.108,0.0000,0.0000,0.0000,0.0000,0.741943,-0.150635,0.650085,-0.064941,8.000,77.5,-1
1785793715.656,460,118153,0,0.00000000,0.00000000,0.00,0,0,-38.87,0.090,0.0000,0.0000,0.0000,0.0000,0.741943,-0.150635,0.650085,-0.064880,8.002,78.8,-1
1785793715.908,461,118381,0,0.00000000,0.00000000,0.00,0,0,-38.93,0.035,0.0000,0.0000,0.0000,0.0000,0.741882,-0.150635,0.650146,-0.064880,8.002,75.0,-1
1785793716.097,462,118603,0,0.00000000,0.00000000,0.00,0,0,-38.75,0.133,0.0000,0.0000,0.0000,0.0000,0.741821,-0.150696,0.650208,-0.064880,8.002,83.8,-1
1785793716.351,463,118832,0,0.00000000,0.00000000,0.00,0,0,-38.85,0.054,0.0000,0.0000,0.0000,0.0000,0.741821,-0.150696,0.650208,-0.064941,8.002,77.5,-1
1785793716.529,464,119055,0,0.00000000,0.00000000,0.00,0,0,-38.85,0.054,0.0000,0.0000,0.0000,0.0000,0.741821,-0.150757,0.650208,-0.064941,8.001,77.5,-1
1785793716.778,465,119272,0,0.00000000,0.00000000,0.00,0,0,-38.94,-0.016,0.0000,0.0000,0.0000,0.0000,0.741760,-0.150818,0.650269,-0.065002,8.001,77.5,-1
1785793716.967,466,119491,0,0.00000000,0.00000000,0.00,0,0,-38.83,0.047,0.0000,0.0000,0.0000,0.0000,0.741699,-0.150818,0.650330,-0.065002,8.002,77.5,-1
1785793717.215,467,119711,0,0.00000000,0.00000000,0.00,0,0,-38.77,0.079,0.0000,0.0000,0.0000,0.0000,0.741760,-0.150757,0.650269,-0.064941,8.001,76.2,-1
1785793717.467,468,119935,0,0.00000000,0.00000000,0.00,0,0,-38.74,0.081,0.0000,0.0000,0.0000,0.0000,0.741821,-0.150757,0.650208,-0.064941,8.004,73.8,-1
1785793717.655,469,120155,0,0.00000000,0.00000000,0.00,0,0,-38.71,0.076,0.0000,0.0000,0.0000,0.0000,0.741760,-0.150757,0.650208,-0.064941,7.999,76.2,-1
1785793717.909,470,120373,0,0.00000000,0.00000000,0.00,0,0,-38.79,0.009,0.0000,0.0000,0.0000,0.0000,0.741760,-0.150696,0.650269,-0.064941,8.001,77.5,-1
1785793718.097,471,120592,0,0.00000000,0.00000000,0.00,0,0,-38.87,-0.055,0.0000,0.0000,0.0000,0.0000,0.741760,-0.150696,0.650269,-0.064941,8.002,76.2,-1
1785793718.345,472,120815,0,0.00000000,0.00000000,0.00,0,0,-38.74,0.056,0.0000,0.0000,0.0000,0.0000,0.741821,-0.150757,0.650208,-0.064941,8.004,72.5,-1
1785793718.531,473,121034,0,0.00000000,0.00000000,0.00,0,0,-38.85,-0.029,0.0000,0.0000,0.0000,0.0000,0.741882,-0.150757,0.650146,-0.065002,8.001,81.2,-1
1785793718.781,474,121253,0,0.00000000,0.00000000,0.00,0,0,-38.80,0.012,0.0000,0.0000,0.0000,0.0000,0.741882,-0.150757,0.650146,-0.065002,8.004,78.8,-1
1785793718.969,475,121474,0,0.00000000,0.00000000,0.00,0,0,-38.85,-0.017,0.0000,0.0000,0.0000,0.0000,0.741821,-0.150818,0.650146,-0.065002,8.002,78.8,-1
1785793719.221,476,121697,0,0.00000000,0.00000000,0.00,0,0,-38.77,0.020,0.0000,0.0000,0.0000,0.0000,0.741821,-0.150818,0.650208,-0.065002,8.004,75.0,-1
1785793719.410,477,121922,0,0.00000000,0.00000000,0.00,0,0,-38.77,0.023,0.0000,0.0000,0.0000,0.0000,0.741821,-0.150757,0.650208,-0.065002,8.001,78.8,-1
1785793719.659,478,122142,0,0.00000000,0.00000000,0.00,0,0,-38.77,0.019,0.0000,0.0000,0.0000,0.0000,0.741760,-0.150757,0.650208,-0.065002,8.001,77.5,-1
1785793719.846,479,122368,0,0.00000000,0.00000000,0.00,0,0,-38.97,-0.118,0.0000,0.0000,0.0000,0.0000,0.741760,-0.150757,0.650269,-0.064941,8.000,77.5,-1
1785793720.096,480,122590,0,0.00000000,0.00000000,0.00,0,0,-38.94,-0.083,0.0000,0.0000,0.0000,0.0000,0.741760,-0.150757,0.650269,-0.064941,8.002,78.8,-1
1785793720.344,481,122819,0,0.00000000,0.00000000,0.00,0,0,-38.79,0.023,0.0000,0.0000,0.0000,0.0000,0.741760,-0.150757,0.650269,-0.065002,8.002,77.5,-1
1785793720.533,482,123040,0,0.00000000,0.00000000,0.00,0,0,-38.87,-0.043,0.0000,0.0000,0.0000,0.0000,0.741760,-0.150818,0.650269,-0.065002,8.001,77.5,-1
1785793720.787,483,123255,0,0.00000000,0.00000000,0.00,0,0,-38.94,-0.069,0.0000,0.0000,0.0000,0.0000,0.741760,-0.150818,0.650269,-0.065002,8.005,80.0,-1
1785793720.976,484,123482,0,0.00000000,0.00000000,0.00,0,0,-38.81,0.035,0.0000,0.0000,0.0000,0.0000,0.741760,-0.150757,0.650269,-0.064941,8.005,77.5,-1
1785793721.225,485,123699,0,0.00000000,0.00000000,0.00,0,0,-39.00,-0.102,0.0000,0.0000,0.0000,0.0000,0.741760,-0.150757,0.650269,-0.065002,8.004,76.2,-1
1785793721.414,486,123918,0,0.00000000,0.00000000,0.00,0,0,-38.89,-0.024,0.0000,0.0000,0.0000,0.0000,0.741699,-0.150757,0.650330,-0.064941,8.004,76.2,-1
1785793721.664,487,124135,0,0.00000000,0.00000000,0.00,0,0,-38.90,-0.055,0.0000,0.0000,0.0000,0.0000,0.741699,-0.150757,0.650330,-0.064941,8.004,76.2,-1
1785793721.851,488,124364,0,0.00000000,0.00000000,0.00,0,0,-39.02,-0.120,0.0000,0.0000,0.0000,0.0000,0.741760,-0.150757,0.650330,-0.064941,8.004,75.0,-1
1785793722.101,489,124593,0,0.00000000,0.00000000,0.00,0,0,-38.96,-0.073,0.0000,0.0000,0.0000,0.0000,0.741760,-0.150757,0.650269,-0.064941,8.001,77.5,-1
1785793722.354,490,124815,0,0.00000000,0.00000000,0.00,0,0,-38.96,-0.056,0.0000,0.0000,0.0000,0.0000,0.741760,-0.150696,0.650330,-0.064880,8.004,77.5,-1
1785793722.545,491,125032,0,0.00000000,0.00000000,0.00,0,0,-38.80,0.046,0.0000,0.0000,0.0000,0.0000,0.741760,-0.150696,0.650330,-0.064880,8.000,81.2,-1
1785793722.732,492,125244,0,0.00000000,0.00000000,0.00,0,0,-38.92,-0.020,0.0000,0.0000,0.0000,0.0000,0.741760,-0.150635,0.650330,-0.064880,8.004,77.5,-1
1785793722.984,493,125464,0,0.00000000,0.00000000,0.00,0,0,-38.99,-0.059,0.0000,0.0000,0.0000,0.0000,0.741760,-0.150635,0.650330,-0.064880,8.004,73.8,-1
1785793723.172,494,125687,0,0.00000000,0.00000000,0.00,0,0,-38.93,-0.016,0.0000,0.0000,0.0000,0.0000,0.741699,-0.150635,0.650330,-0.064819,8.002,75.0,-1
1785793723.422,495,125903,0,0.00000000,0.00000000,0.00,0,0,-38.78,0.092,0.0000,0.0000,0.0000,0.0000,0.741699,-0.150635,0.650391,-0.064819,8.002,76.2,-1
1785793723.672,496,126148,0,0.00000000,0.00000000,0.00,0,0,-38.79,0.069,0.0000,0.0000,0.0000,0.0000,0.741699,-0.150635,0.650330,-0.064819,8.004,70.0,-1
1785793723.858,497,126367,0,0.00000000,0.00000000,0.00,0,0,-38.80,0.075,0.0000,0.0000,0.0000,0.0000,0.741699,-0.150696,0.650330,-0.064880,8.002,76.2,-1
1785793724.113,498,126585,0,0.00000000,0.00000000,0.00,0,0,-38.88,-0.011,0.0000,0.0000,0.0000,0.0000,0.741699,-0.150635,0.650330,-0.064819,8.002,75.0,-1
1785793724.303,499,126804,0,0.00000000,0.00000000,0.00,0,0,-38.95,-0.061,0.0000,0.0000,0.0000,0.0000,0.741699,-0.150635,0.650391,-0.064819,8.002,75.0,-1
1785793724.556,500,127029,0,0.00000000,0.00000000,0.00,0,0,-38.87,-0.015,0.0000,0.0000,0.0000,0.0000,0.741699,-0.150635,0.650391,-0.064819,8.001,68.8,-1
1785793724.745,501,127241,0,0.00000000,0.00000000,0.00,0,0,-38.83,0.011,0.0000,0.0000,0.0000,0.0000,0.741699,-0.150635,0.650330,-0.064819,8.001,76.2,-1
1785793724.998,502,127467,0,0.00000000,0.00000000,0.00,0,0,-38.85,0.005,0.0000,0.0000,0.0000,0.0000,0.741760,-0.150635,0.650330,-0.064758,8.002,76.2,-1
1785793725.188,503,127688,0,0.00000000,0.00000000,0.00,0,0,-38.86,0.011,0.0000,0.0000,0.0000,0.0000,0.741760,-0.150635,0.650330,-0.064697,8.001,77.5,-1
1785793725.441,504,127907,0,0.00000000,0.00000000,0.00,0,0,-38.76,0.067,0.0000,0.0000,0.0000,0.0000,0.741699,-0.150635,0.650330,-0.064758,8.002,76.2,-1
1785793725.629,505,128151,0,0.00000000,0.00000000,0.00,0,0,-38.75,0.041,0.0000,0.0000,0.0000,0.0000,0.741699,-0.150757,0.650391,-0.064819,8.002,76.2,-1
1785793725.878,506,128369,0,0.00000000,0.00000000,0.00,0,0,-38.80,0.013,0.0000,0.0000,0.0000,0.0000,0.741699,-0.150696,0.650391,-0.064758,8.001,75.0,-1
1785793726.126,507,128592,0,0.00000000,0.00000000,0.00,0,0,-38.79,0.017,0.0000,0.0000,0.0000,0.0000,0.741699,-0.150696,0.650391,-0.064758,8.002,70.0,-1
1785793726.312,508,128820,0,0.00000000,0.00000000,0.00,0,0,-38.73,0.053,0.0000,0.0000,0.0000,0.0000,0.741699,-0.150696,0.650330,-0.064758,8.001,80.0,-1
1785793726.515,509,129040,0,0.00000000,0.00000000,0.00,0,0,-38.68,0.084,0.0000,0.0000,0.0000,0.0000,0.741699,-0.150635,0.650391,-0.064758,8.001,82.5,-1
1785793726.769,510,129252,0,0.00000000,0.00000000,0.00,0,0,-38.88,-0.042,0.0000,0.0000,0.0000,0.0000,0.741699,-0.150635,0.650330,-0.064758,8.002,76.2,-1
1785793726.955,511,129473,0,0.00000000,0.00000000,0.00,0,0,-38.81,0.015,0.0000,0.0000,0.0000,0.0000,0.741760,-0.150635,0.650330,-0.064697,8.002,71.2,-1
1785793727.207,512,129694,0,0.00000000,0.00000000,0.00,0,0,-38.87,-0.004,0.0000,0.0000,0.0000,0.0000,0.741699,-0.150635,0.650391,-0.064697,8.002,72.5,-1
1785793727.395,513,129913,0,0.00000000,0.00000000,0.00,0,0,-38.93,-0.044,0.0000,0.0000,0.0000,0.0000,0.741638,-0.150635,0.650452,-0.064697,8.002,73.8,-1
1785793727.643,514,130158,0,0.00000000,0.00000000,0.00,0,0,-39.07,-0.126,0.0000,0.0000,0.0000,0.0000,0.741638,-0.150574,0.650513,-0.064636,8.001,75.0,-1
1785793727.891,515,130385,0,0.00000000,0.00000000,0.00,0,0,-38.96,-0.061,0.0000,0.0000,0.0000,0.0000,0.741638,-0.150513,0.650452,-0.064575,8.002,73.8,-1
1785793728.141,516,130603,0,0.00000000,0.00000000,0.00,0,0,-39.03,-0.095,0.0000,0.0000,0.0000,0.0000,0.741699,-0.150513,0.650452,-0.064575,8.001,86.2,-1
1785793728.329,517,130825,0,0.00000000,0.00000000,0.00,0,0,-39.06,-0.101,0.0000,0.0000,0.0000,0.0000,0.741699,-0.150513,0.650391,-0.064636,8.004,77.5,-1
1785793728.579,518,131047,0,0.00000000,0.00000000,0.00,0,0,-39.03,-0.058,0.0000,0.0000,0.0000,0.0000,0.741638,-0.150513,0.650452,-0.064636,8.001,76.2,-1
1785793728.766,519,131265,0,0.00000000,0.00000000,0.00,0,0,-39.13,-0.142,0.0000,0.0000,0.0000,0.0000,0.741577,-0.150574,0.650574,-0.064575,8.002,75.0,-1
1785793729.014,520,131485,0,0.00000000,0.00000000,0.00,0,0,-39.05,-0.076,0.0000,0.0000,0.0000,0.0000,0.741394,-0.150513,0.650757,-0.064453,8.002,73.8,-1
1785793729.201,521,131709,0,0.00000000,0.00000000,0.00,0,0,-39.18,-0.142,0.0000,0.0000,0.0000,0.0000,0.741455,-0.150513,0.650696,-0.064514,8.002,73.8,-1
1785793729.450,522,131932,0,0.00000000,0.00000000,0.00,0,0,-39.06,-0.054,0.0000,0.0000,0.0000,0.0000,0.741455,-0.150574,0.650635,-0.064575,8.001,75.0,-1
1785793729.637,523,132147,0,0.00000000,0.00000000,0.00,0,0,-39.16,-0.146,0.0000,0.0000,0.0000,0.0000,0.741516,-0.150635,0.650635,-0.064575,8.001,78.8,-1
1785793729.891,524,132367,0,0.00000000,0.00000000,0.00,0,0,-39.19,-0.136,0.0000,0.0000,0.0000,0.0000,0.741577,-0.150574,0.650574,-0.064514,8.000,80.0,-1
1785793730.081,525,132588,0,0.00000000,0.00000000,0.00,0,0,-39.32,-0.199,0.0000,0.0000,0.0000,0.0000,0.741638,-0.150635,0.650513,-0.064453,8.000,77.5,-1
1785793730.331,526,132807,0,0.00000000,0.00000000,0.00,0,0,-39.18,-0.100,0.0000,0.0000,0.0000,0.0000,0.741699,-0.150574,0.650452,-0.064453,8.000,80.0,-1
1785793730.520,527,133032,0,0.00000000,0.00000000,0.00,0,0,-39.22,-0.108,0.0000,0.0000,0.0000,0.0000,0.741760,-0.150513,0.650391,-0.064392,8.001,75.0,-1
1785793730.770,528,133252,0,0.00000000,0.00000000,0.00,0,0,-39.20,-0.080,0.0000,0.0000,0.0000,0.0000,0.741760,-0.150513,0.650391,-0.064392,8.002,76.2,-1
1785793730.956,529,133471,0,0.00000000,0.00000000,0.00,0,0,-39.15,-0.041,0.0000,0.0000,0.0000,0.0000,0.741760,-0.150574,0.650391,-0.064453,8.002,76.2,-1
1785793731.208,530,133693,0,0.00000000,0.00000000,0.00,0,0,-39.15,-0.031,0.0000,0.0000,0.0000,0.0000,0.741699,-0.150513,0.650391,-0.064392,8.004,73.8,-1
1785793731.395,531,133912,0,0.00000000,0.00000000,0.00,0,0,-39.18,-0.033,0.0000,0.0000,0.0000,0.0000,0.741699,-0.150513,0.650452,-0.064392,8.001,73.8,-1
1785793731.647,532,134154,0,0.00000000,0.00000000,0.00,0,0,-39.23,-0.039,0.0000,0.0000,0.0000,0.0000,0.741699,-0.150513,0.650452,-0.064392,8.001,73.8,-1
1785793731.895,533,134376,0,0.00000000,0.00000000,0.00,0,0,-39.27,-0.087,0.0000,0.0000,0.0000,0.0000,0.741699,-0.150513,0.650452,-0.064392,8.001,77.5,-1
1785793732.083,534,134603,0,0.00000000,0.00000000,0.00,0,0,-39.28,-0.076,0.0000,0.0000,0.0000,0.0000,0.741699,-0.150513,0.650452,-0.064392,8.000,82.5,-1
1785793732.333,535,134823,0,0.00000000,0.00000000,0.00,0,0,-39.30,-0.100,0.0000,0.0000,0.0000,0.0000,0.741699,-0.150513,0.650452,-0.064392,8.002,82.5,-1
1785793732.520,536,135043,0,0.00000000,0.00000000,0.00,0,0,-39.21,-0.036,0.0000,0.0000,0.0000,0.0000,0.741699,-0.150513,0.650452,-0.064331,8.002,76.2,-1
1785793732.772,537,135256,0,0.00000000,0.00000000,0.00,0,0,-39.23,-0.033,0.0000,0.0000,0.0000,0.0000,0.741699,-0.150391,0.650513,-0.064392,8.002,77.5,-1
1785793732.961,538,135478,0,0.00000000,0.00000000,0.00,0,0,-39.33,-0.095,0.0000,0.0000,0.0000,0.0000,0.741882,-0.150635,0.650208,-0.064636,8.001,77.5,-1
1785793733.213,539,135703,0,0.00000000,0.00000000,0.00,0,0,-39.31,-0.059,0.0000,0.0000,0.0000,0.0000,0.741821,-0.150513,0.650269,-0.064636,8.002,77.5,-1
1785793733.403,540,135927,0,0.00000000,0.00000000,0.00,0,0,-39.25,-0.003,0.0000,0.0000,0.0000,0.0000,0.741821,-0.150391,0.650330,-0.064636,8.002,77.5,-1
1785793733.654,541,136143,0,0.00000000,0.00000000,0.00,0,0,-39.30,-0.035,0.0000,0.0000,0.0000,0.0000,0.741821,-0.150452,0.650269,-0.064636,8.004,80.0,-1
1785793733.843,542,136367,0,0.00000000,0.00000000,0.00,0,0,-39.31,-0.034,0.0000,0.0000,0.0000,0.0000,0.741760,-0.150452,0.650330,-0.064514,8.000,76.2,-1
1785793734.093,543,136587,0,0.00000000,0.00000000,0.00,0,0,-39.21,0.031,0.0000,0.0000,0.0000,0.0000,0.741821,-0.150391,0.650330,-0.064575,8.001,80.0,-1
1785793734.284,544,136808,0,0.00000000,0.00000000,0.00,0,0,-39.27,-0.005,0.0000,0.0000,0.0000,0.0000,0.741028,-0.150391,0.651184,-0.064941,8.001,77.5,-1
1785793734.534,545,137032,0,0.00000000,0.00000000,0.00,0,0,-39.44,-0.102,0.0000,0.0000,0.0000,0.0000,0.738403,-0.151367,0.653809,-0.065735,8.004,75.0,-1
1785793734.786,546,137249,0,0.00000000,0.00000000,0.00,0,0,-39.30,-0.015,0.0000,0.0000,0.0000,0.0000,0.759216,-0.148438,0.631042,-0.057312,8.004,77.5,-1
1785793734.976,547,137469,0,0.00000000,0.00000000,0.00,0,0,-39.16,0.064,0.0000,0.0000,0.0000,0.0000,0.750000,-0.150330,0.641418,-0.059265,8.005,73.8,-1
1785793735.227,548,137693,0,0.00000000,0.00000000,0.00,0,0,-39.18,0.054,0.0000,0.0000,0.0000,0.0000,0.745483,-0.152466,0.645996,-0.061157,8.002,77.5,-1
1785793735.415,549,137918,0,0.00000000,0.00000000,0.00,0,0,-39.14,0.078,0.0000,0.0000,0.0000,0.0000,0.756104,-0.149780,0.634399,-0.058167,8.004,81.2,-1
1785793735.669,550,138133,0,0.00000000,0.00000000,0.00,0,0,-39.13,0.066,0.0000,0.0000,0.0000,0.0000,0.759460,-0.149170,0.630615,-0.057434,8.004,73.8,-1
1785793735.857,551,138359,0,0.00000000,0.00000000,0.00,0,0,-39.15,0.057,0.0000,0.0000,0.0000,0.0000,0.761597,-0.148743,0.628174,-0.056763,8.005,81.2,-1
1785793736.109,552,138581,0,0.00000000,0.00000000,0.00,0,0,-39.33,-0.055,0.0000,0.0000,0.0000,0.0000,0.756958,-0.149719,0.633423,-0.058228,8.002,76.2,-1
1785793736.296,553,138800,0,0.00000000,0.00000000,0.00,0,0,-39.32,-0.052,0.0000,0.0000,0.0000,0.0000,0.758301,-0.149536,0.631897,-0.057739,8.001,78.8,-1
1785793736.546,554,139024,0,0.00000000,0.00000000,0.00,0,0,-39.33,-0.060,0.0000,0.0000,0.0000,0.0000,0.758545,-0.149292,0.631653,-0.057617,8.001,76.2,-1
1785793736.732,555,139240,0,0.00000000,0.00000000,0.00,0,0,-39.18,0.048,0.0000,0.0000,0.0000,0.0000,0.758911,-0.149170,0.631226,-0.057678,8.001,77.5,-1
1785793736.985,556,139464,0,0.00000000,0.00000000,0.00,0,0,-39.23,0.031,0.0000,0.0000,0.0000,0.0000,0.759094,-0.148926,0.631104,-0.057556,8.005,80.0,-1
1785793737.175,557,139685,0,0.00000000,0.00000000,0.00,0,0,-39.21,0.035,0.0000,0.0000,0.0000,0.0000,0.759216,-0.148926,0.630981,-0.057617,8.002,80.0,-1
1785793737.424,558,139902,0,0.00000000,0.00000000,0.00,0,0,-39.22,0.035,0.0000,0.0000,0.0000,0.0000,0.759399,-0.148804,0.630737,-0.057617,8.000,80.0,-1
1785793737.674,559,140151,0,0.00000000,0.00000000,0.00,0,0,-39.29,-0.001,0.0000,0.0000,0.0000,0.0000,0.759521,-0.148865,0.630554,-0.057800,8.004,82.5,-1
1785793737.862,560,140377,0,0.00000000,0.00000000,0.00,0,0,-39.20,0.043,0.0000,0.0000,0.0000,0.0000,0.759521,-0.148865,0.630554,-0.057800,8.004,76.2,-1
1785793738.113,561,140598,0,0.00000000,0.00000000,0.00,0,0,-39.05,0.113,0.0000,0.0000,0.0000,0.0000,0.759521,-0.148804,0.630554,-0.057800,8.002,78.8,-1
1785793738.299,562,140820,0,0.00000000,0.00000000,0.00,0,0,-39.16,0.027,0.0000,0.0000,0.0000,0.0000,0.759583,-0.148743,0.630554,-0.057739,8.002,73.8,-1
1785793738.547,563,141045,0,0.00000000,0.00000000,0.00,0,0,-39.05,0.062,0.0000,0.0000,0.0000,0.0000,0.759583,-0.148804,0.630493,-0.057739,8.001,81.2,-1
1785793738.735,564,141258,0,0.00000000,0.00000000,0.00,0,0,-39.05,0.050,0.0000,0.0000,0.0000,0.0000,0.759644,-0.148621,0.630493,-0.057678,8.001,76.2,-1
1785793742.048,565,144533,0,0.00000000,0.00000000,0.00,0,0,-39.06,-0.009,0.0000,0.0000,0.0000,0.0000,0.759644,-0.148621,0.630493,-0.057678,8.002,83.8,-1
1785793742.237,566,144758,0,0.00000000,0.00000000,0.00,0,0,-38.63,0.317,0.0000,0.0000,0.0000,0.0000,0.759705,-0.148743,0.630432,-0.057617,8.001,80.0,-1
1785793742.489,567,144986,0,0.00000000,0.00000000,0.00,0,0,-38.43,0.389,0.0000,0.0000,0.0000,0.0000,0.759705,-0.148682,0.630371,-0.057617,8.001,71.2,-1
1785793742.739,568,145205,0,0.00000000,0.00000000,0.00,0,0,-38.38,0.383,0.0000,0.0000,0.0000,0.0000,0.759705,-0.148682,0.630371,-0.057617,8.001,75.0,-1
1785793742.927,569,145427,0,0.00000000,0.00000000,0.00,0,0,-38.34,0.378,0.0000,0.0000,0.0000,0.0000,0.759766,-0.148682,0.630371,-0.057617,8.001,72.5,-1
1785793743.176,570,145649,0,0.00000000,0.00000000,0.00,0,0,-38.13,0.449,0.0000,0.0000,0.0000,0.0000,0.759766,-0.148682,0.630310,-0.057617,8.001,75.0,-1
1785793743.364,571,145878,0,0.00000000,0.00000000,0.00,0,0,-38.25,0.334,0.0000,0.0000,0.0000,0.0000,0.759766,-0.148682,0.630371,-0.057617,8.002,78.8,-1
1785793743.613,572,146100,0,0.00000000,0.00000000,0.00,0,0,-38.16,0.344,0.0000,0.0000,0.0000,0.0000,0.759766,-0.148621,0.630371,-0.057556,8.001,82.5,-1
1785793743.800,573,146319,0,0.00000000,0.00000000,0.00,0,0,-38.17,0.290,0.0000,0.0000,0.0000,0.0000,0.759705,-0.148621,0.630432,-0.057556,8.005,77.5,-1
1785793744.054,574,146536,0,0.00000000,0.00000000,0.00,0,0,-38.17,0.251,0.0000,0.0000,0.0000,0.0000,0.759766,-0.148621,0.630371,-0.057556,8.002,81.2,-1
1785793744.244,575,146760,0,0.00000000,0.00000000,0.00,0,0,-38.21,0.211,0.0000,0.0000,0.0000,0.0000,0.759766,-0.148621,0.630371,-0.057556,8.001,80.0,-1
1785793744.494,576,146979,0,0.00000000,0.00000000,0.00,0,0,-38.19,0.213,0.0000,0.0000,0.0000,0.0000,0.759766,-0.148621,0.630310,-0.057556,8.002,78.8,-1
1785793744.682,577,147190,0,0.00000000,0.00000000,0.00,0,0,-38.14,0.202,0.0000,0.0000,0.0000,0.0000,0.759827,-0.148682,0.630310,-0.057617,8.002,75.0,-1
1785793744.933,578,147407,0,0.00000000,0.00000000,0.00,0,0,-38.21,0.128,0.0000,0.0000,0.0000,0.0000,0.759766,-0.148682,0.630310,-0.057617,8.002,80.0,-1
1785793745.121,579,147629,0,0.00000000,0.00000000,0.00,0,0,-38.05,0.184,0.0000,0.0000,0.0000,0.0000,0.759766,-0.148682,0.630371,-0.057617,8.002,80.0,-1
1785793745.372,580,147852,0,0.00000000,0.00000000,0.00,0,0,-37.88,0.259,0.0000,0.0000,0.0000,0.0000,0.759705,-0.148743,0.630371,-0.057617,8.004,71.2,-1
1785793745.560,581,148074,0,0.00000000,0.00000000,0.00,0,0,-37.94,0.193,0.0000,0.0000,0.0000,0.0000,0.759705,-0.148682,0.630432,-0.057617,8.001,76.2,-1
1785793745.807,582,148293,0,0.00000000,0.00000000,0.00,0,0,-37.95,0.174,0.0000,0.0000,0.0000,0.0000,0.759705,-0.148804,0.630432,-0.057678,8.002,70.0,-1
1785793745.992,583,148513,0,0.00000000,0.00000000,0.00,0,0,-38.04,0.103,0.0000,0.0000,0.0000,0.0000,0.759644,-0.148987,0.630432,-0.057678,8.004,77.5,-1
1785793746.244,584,148732,0,0.00000000,0.00000000,0.00,0,0,-38.00,0.110,0.0000,0.0000,0.0000,0.0000,0.759644,-0.148987,0.630432,-0.057800,8.002,77.5,-1
1785793746.433,585,148952,0,0.00000000,0.00000000,0.00,0,0,-37.97,0.125,0.0000,0.0000,0.0000,0.0000,0.759705,-0.148987,0.630310,-0.057800,8.002,81.2,-1
1785793746.686,586,149163,0,0.00000000,0.00000000,0.00,0,0,-38.02,0.059,0.0000,0.0000,0.0000,0.0000,0.759766,-0.148926,0.630310,-0.057861,8.001,77.5,-1
1785793746.873,587,149384,0,0.00000000,0.00000000,0.00,0,0,-38.18,-0.057,0.0000,0.0000,0.0000,0.0000,0.759766,-0.148987,0.630249,-0.057861,8.002,80.0,-1
1785793747.124,588,149603,0,0.00000000,0.00000000,0.00,0,0,-38.18,-0.055,0.0000,0.0000,0.0000,0.0000,0.759766,-0.148987,0.630249,-0.057861,7.999,85.0,-1
1785793747.309,589,149823,0,0.00000000,0.00000000,0.00,0,0,-38.19,-0.047,0.0000,0.0000,0.0000,0.0000,0.759766,-0.149048,0.630249,-0.057861,8.001,81.2,-1
1785793747.558,590,150044,0,0.00000000,0.00000000,0.00,0,0,-38.15,-0.033,0.0000,0.0000,0.0000,0.0000,0.759705,-0.149048,0.630310,-0.057739,8.004,81.2,-1
1785793747.748,591,150259,0,0.00000000,0.00000000,0.00,0,0,-38.24,-0.097,0.0000,0.0000,0.0000,0.0000,0.759705,-0.149048,0.630310,-0.057800,8.004,71.2,-1
1785793748.001,592,150485,0,0.00000000,0.00000000,0.00,0,0,-38.24,-0.069,0.0000,0.0000,0.0000,0.0000,0.759644,-0.149048,0.630371,-0.057861,8.000,77.5,-1
1785793748.191,593,150709,0,0.00000000,0.00000000,0.00,0,0,-38.34,-0.121,0.0000,0.0000,0.0000,0.0000,0.759766,-0.148926,0.630249,-0.057800,8.001,75.0,-1
1785793748.441,594,150926,0,0.00000000,0.00000000,0.00,0,0,-38.22,-0.036,0.0000,0.0000,0.0000,0.0000,0.759827,-0.148743,0.630188,-0.057800,8.001,82.5,-1
1785793748.628,595,151142,0,0.00000000,0.00000000,0.00,0,0,-38.32,-0.055,0.0000,0.0000,0.0000,0.0000,0.759888,-0.148804,0.630127,-0.057800,8.000,77.5,-1
1785793748.877,596,151369,0,0.00000000,0.00000000,0.00,0,0,-38.37,-0.060,0.0000,0.0000,0.0000,0.0000,0.760010,-0.148743,0.630066,-0.057800,8.001,77.5,-1
1785793749.125,597,151591,0,0.00000000,0.00000000,0.00,0,0,-38.37,-0.054,0.0000,0.0000,0.0000,0.0000,0.760010,-0.148743,0.630005,-0.057800,8.000,80.0,-1
1785793749.317,598,151820,0,0.00000000,0.00000000,0.00,0,0,-38.35,-0.043,0.0000,0.0000,0.0000,0.0000,0.759888,-0.148926,0.630127,-0.057861,8.001,71.2,-1
1785793749.570,599,152038,0,0.00000000,0.00000000,0.00,0,0,-38.44,-0.086,0.0000,0.0000,0.0000,0.0000,0.760010,-0.148926,0.630005,-0.057861,8.002,76.2,-1
1785793749.760,600,152251,0,0.00000000,0.00000000,0.00,0,0,-38.42,-0.075,0.0000,0.0000,0.0000,0.0000,0.760010,-0.148926,0.629944,-0.057800,8.001,81.2,-1
1785793749.946,601,152468,0,0.00000000,0.00000000,0.00,0,0,-38.46,-0.109,0.0000,0.0000,0.0000,0.0000,0.759949,-0.148865,0.630066,-0.057739,8.000,78.8,-1
1785793750.198,602,152691,0,0.00000000,0.00000000,0.00,0,0,-38.56,-0.159,0.0000,0.0000,0.0000,0.0000,0.760010,-0.148987,0.629944,-0.057800,8.001,76.2,-1
1785793750.448,603,152911,0,0.00000000,0.00000000,0.00,0,0,-38.50,-0.119,0.0000,0.0000,0.0000,0.0000,0.760010,-0.149048,0.629883,-0.057922,8.002,77.5,-1
1785793750.695,604,153159,0,0.00000000,0.00000000,0.00,0,0,-38.51,-0.131,0.0000,0.0000,0.0000,0.0000,0.760071,-0.149170,0.629822,-0.057922,8.001,77.5,-1
1785793750.885,605,153382,0,0.00000000,0.00000000,0.00,0,0,-38.57,-0.127,0.0000,0.0000,0.0000,0.0000,0.759949,-0.149292,0.629944,-0.057861,8.001,76.2,-1
1785793751.138,606,153603,0,0.00000000,0.00000000,0.00,0,0,-38.59,-0.130,0.0000,0.0000,0.0000,0.0000,0.759888,-0.149353,0.630005,-0.057861,8.002,80.0,-1
1785793751.327,607,153823,0,0.00000000,0.00000000,0.00,0,0,-38.62,-0.139,0.0000,0.0000,0.0000,0.0000,0.760010,-0.149292,0.629944,-0.057800,8.001,73.8,-1
1785793751.578,608,154041,0,0.00000000,0.00000000,0.00,0,0,-38.59,-0.111,0.0000,0.0000,0.0000,0.0000,0.759888,-0.149414,0.630005,-0.057861,8.005,77.5,-1
1785793751.768,609,154256,0,0.00000000,0.00000000,0.00,0,0,-38.67,-0.152,0.0000,0.0000,0.0000,0.0000,0.759888,-0.149353,0.630005,-0.057800,8.005,73.8,-1
1785793751.984,610,154478,0,0.00000000,0.00000000,0.00,0,0,-38.70,-0.151,0.0000,0.0000,0.0000,0.0000,0.759888,-0.149353,0.630005,-0.057800,8.005,71.2,-1
1785793752.236,611,154700,0,0.00000000,0.00000000,0.00,0,0,-38.66,-0.125,0.0000,0.0000,0.0000,0.0000,0.759888,-0.149353,0.630066,-0.057739,8.005,73.8,-1
1785793752.423,612,154927,0,0.00000000,0.00000000,0.00,0,0,-38.66,-0.126,0.0000,0.0000,0.0000,0.0000,0.759888,-0.149231,0.630066,-0.057739,8.005,71.2,-1
1785793752.678,613,155143,0,0.00000000,0.00000000,0.00,0,0,-38.79,-0.200,0.0000,0.0000,0.0000,0.0000,0.759827,-0.149292,0.630066,-0.057739,8.004,77.5,-1
1785793752.866,614,155368,0,0.00000000,0.00000000,0.00,0,0,-38.86,-0.207,0.0000,0.0000,0.0000,0.0000,0.759827,-0.149353,0.630066,-0.057739,8.002,70.0,-1
1785793753.117,615,155589,0,0.00000000,0.00000000,0.00,0,0,-38.85,-0.167,0.0000,0.0000,0.0000,0.0000,0.759766,-0.149231,0.630188,-0.057800,8.002,71.2,-1
1785793753.308,616,155810,0,0.00000000,0.00000000,0.00,0,0,-38.74,-0.064,0.0000,0.0000,0.0000,0.0000,0.759888,-0.149109,0.630066,-0.057739,8.002,72.5,-1
1785793753.559,617,156032,0,0.00000000,0.00000000,0.00,0,0,-38.77,-0.107,0.0000,0.0000,0.0000,0.0000,0.759949,-0.149048,0.630005,-0.057739,8.004,72.5,-1
1785793753.749,618,156250,0,0.00000000,0.00000000,0.00,0,0,-38.67,-0.037,0.0000,0.0000,0.0000,0.0000,0.759888,-0.148987,0.630066,-0.057739,8.005,75.0,-1
1785793754.001,619,156468,0,0.00000000,0.00000000,0.00,0,0,-38.89,-0.149,0.0000,0.0000,0.0000,0.0000,0.759949,-0.148804,0.630127,-0.057678,8.002,75.0,-1
1785793754.189,620,156693,0,0.00000000,0.00000000,0.00,0,0,-38.81,-0.083,0.0000,0.0000,0.0000,0.0000,0.759949,-0.148743,0.630127,-0.057678,8.002,75.0,-1
1785793754.442,621,156918,0,0.00000000,0.00000000,0.00,0,0,-38.88,-0.137,0.0000,0.0000,0.0000,0.0000,0.759949,-0.148804,0.630127,-0.057739,8.002,78.8,-1
1785793754.630,622,157135,0,0.00000000,0.00000000,0.00,0,0,-38.89,-0.109,0.0000,0.0000,0.0000,0.0000,0.759888,-0.148865,0.630127,-0.057739,8.005,76.2,-1
1785793754.879,623,157361,0,0.00000000,0.00000000,0.00,0,0,-38.79,-0.038,0.0000,0.0000,0.0000,0.0000,0.759888,-0.148926,0.630127,-0.057800,8.005,80.0,-1
1785793755.070,624,157579,0,0.00000000,0.00000000,0.00,0,0,-38.84,-0.053,0.0000,0.0000,0.0000,0.0000,0.759888,-0.148926,0.630127,-0.057800,8.004,77.5,-1
1785793755.323,625,157803,0,0.00000000,0.00000000,0.00,0,0,-38.78,-0.000,0.0000,0.0000,0.0000,0.0000,0.759888,-0.148926,0.630127,-0.057861,8.006,75.0,-1
1785793755.513,626,158030,0,0.00000000,0.00000000,0.00,0,0,-38.94,-0.109,0.0000,0.0000,0.0000,0.0000,0.759888,-0.148926,0.630127,-0.057861,8.005,81.2,-1
1785793755.765,627,158245,0,0.00000000,0.00000000,0.00,0,0,-38.90,-0.053,0.0000,0.0000,0.0000,0.0000,0.760254,-0.150024,0.629578,-0.055969,8.004,77.5,-1
1785793755.954,628,158466,0,0.00000000,0.00000000,0.00,0,0,-38.91,-0.068,0.0000,0.0000,0.0000,0.0000,0.693298,-0.135864,0.704285,-0.069580,8.002,78.8,-1
1785793756.204,629,158667,0,0.00000000,0.00000000,0.00,0,0,-38.94,-0.131,0.0000,0.0000,0.0000,0.0000,0.643066,-0.145447,0.746643,-0.088745,8.004,75.0,-1
1785793756.392,630,158894,0,0.00000000,0.00000000,0.00,0,0,-38.92,-0.092,0.0000,0.0000,0.0000,0.0000,0.624634,-0.156738,0.758484,-0.099548,8.004,76.2,-1
1785793756.643,631,159136,0,0.00000000,0.00000000,0.00,0,0,-38.97,-0.218,0.0000,0.0000,0.0000,0.0000,0.669312,-0.158325,0.720947,-0.085083,8.004,78.8,-1
1785793756.894,632,159359,0,0.00000000,0.00000000,0.00,0,0,-39.00,-0.212,0.0000,0.0000,0.0000,0.0000,0.740967,-0.145813,0.652405,-0.064026,8.004,73.8,-1
1785793757.085,633,159585,0,0.00000000,0.00000000,0.00,0,0,-39.11,-0.237,0.0000,0.0000,0.0000,0.0000,0.752625,-0.145081,0.639526,-0.059631,8.005,77.5,-1
1785793757.336,634,159805,0,0.00000000,0.00000000,0.00,0,0,-38.89,-0.076,0.0000,0.0000,0.0000,0.0000,0.752625,-0.145020,0.639526,-0.059692,8.006,77.5,-1
1785793757.523,635,160028,0,0.00000000,0.00000000,0.00,0,0,-38.96,-0.094,0.0000,0.0000,0.0000,0.0000,0.752502,-0.145081,0.639648,-0.059692,8.005,77.5,-1
1785793757.773,636,160247,0,0.00000000,0.00000000,0.00,0,0,-39.04,-0.145,0.0000,0.0000,0.0000,0.0000,0.752991,-0.144714,0.639221,-0.059143,8.004,76.2,-1
1785793757.958,637,160467,0,0.00000000,0.00000000,0.00,0,0,-39.03,-0.143,0.0000,0.0000,0.0000,0.0000,0.753113,-0.144531,0.639099,-0.059143,8.002,77.5,-1
1785793758.208,638,160686,0,0.00000000,0.00000000,0.00,0,0,-38.93,-0.074,0.0000,0.0000,0.0000,0.0000,0.753296,-0.144409,0.638916,-0.058899,8.004,83.8,-1
1785793758.396,639,160911,0,0.00000000,0.00000000,0.00,0,0,-38.94,-0.068,0.0000,0.0000,0.0000,0.0000,0.753723,-0.144409,0.638428,-0.058594,8.004,80.0,-1
1785793758.649,640,161133,0,0.00000000,0.00000000,0.00,0,0,-39.01,-0.093,0.0000,0.0000,0.0000,0.0000,0.753723,-0.144226,0.638489,-0.058472,8.002,78.8,-1
1785793758.837,641,161359,0,0.00000000,0.00000000,0.00,0,0,-39.00,-0.063,0.0000,0.0000,0.0000,0.0000,0.753784,-0.144104,0.638489,-0.058350,8.004,73.8,-1
1785793759.085,642,161578,0,0.00000000,0.00000000,0.00,0,0,-39.03,-0.080,0.0000,0.0000,0.0000,0.0000,0.753845,-0.143982,0.638428,-0.058289,8.002,77.5,-1
1785793759.335,643,161801,0,0.00000000,0.00000000,0.00,0,0,-39.04,-0.055,0.0000,0.0000,0.0000,0.0000,0.754517,-0.144409,0.637573,-0.057800,8.004,71.2,-1
1785793759.523,644,162029,0,0.00000000,0.00000000,0.00,0,0,-39.03,-0.035,0.0000,0.0000,0.0000,0.0000,0.754639,-0.143921,0.637573,-0.057495,8.005,77.5,-1
1785793759.773,645,162242,0,0.00000000,0.00000000,0.00,0,0,-38.90,0.034,0.0000,0.0000,0.0000,0.0000,0.754639,-0.143860,0.637573,-0.057556,8.004,76.2,-1
1785793759.959,646,162462,0,0.00000000,0.00000000,0.00,0,0,-38.97,0.007,0.0000,0.0000,0.0000,0.0000,0.754150,-0.144714,0.638000,-0.057434,8.004,75.0,-1
1785793760.212,647,162682,0,0.00000000,0.00000000,0.00,0,0,-39.04,-0.026,0.0000,0.0000,0.0000,0.0000,0.754333,-0.145447,0.637573,-0.057556,8.004,70.0,-1
1785793760.401,648,162901,0,0.00000000,0.00000000,0.00,0,0,-39.08,-0.065,0.0000,0.0000,0.0000,0.0000,0.754333,-0.145630,0.637573,-0.057678,8.002,78.8,-1
1785793760.654,649,163143,0,0.00000000,0.00000000,0.00,0,0,-38.97,-0.006,0.0000,0.0000,0.0000,0.0000,0.754272,-0.145752,0.637573,-0.057617,8.002,75.0,-1
1785793760.900,650,163361,0,0.00000000,0.00000000,0.00,0,0,-39.01,-0.002,0.0000,0.0000,0.0000,0.0000,0.754150,-0.146484,0.637512,-0.057800,8.004,78.8,-1
1785793761.086,651,163584,0,0.00000000,0.00000000,0.00,0,0,-38.95,0.036,0.0000,0.0000,0.0000,0.0000,0.754272,-0.146484,0.637390,-0.057922,8.002,72.5,-1
1785793761.337,652,163806,0,0.00000000,0.00000000,0.00,0,0,-38.88,0.070,0.0000,0.0000,0.0000,0.0000,0.754333,-0.145630,0.637573,-0.057739,8.002,73.8,-1
1785793761.526,653,164023,0,0.00000000,0.00000000,0.00,0,0,-38.93,0.042,0.0000,0.0000,0.0000,0.0000,0.754272,-0.144531,0.637817,-0.057556,8.002,73.8,-1
1785793761.716,654,164239,0,0.00000000,0.00000000,0.00,0,0,-38.78,0.158,0.0000,0.0000,0.0000,0.0000,0.755066,-0.144653,0.636902,-0.057556,8.002,73.8,-1
1785793761.965,655,164463,0,0.00000000,0.00000000,0.00,0,0,-38.97,0.021,0.0000,0.0000,0.0000,0.0000,0.755066,-0.144653,0.636902,-0.057556,8.001,75.0,-1
1785793762.214,656,164686,0,0.00000000,0.00000000,0.00,0,0,-38.75,0.133,0.0000,0.0000,0.0000,0.0000,0.755066,-0.144775,0.636841,-0.057617,8.002,77.5,-1
1785793762.403,657,164904,0,0.00000000,0.00000000,0.00,0,0,-38.78,0.115,0.0000,0.0000,0.0000,0.0000,0.755127,-0.144714,0.636841,-0.057556,8.004,77.5,-1
1785793762.651,658,165148,0,0.00000000,0.00000000,0.00,0,0,-38.83,0.070,0.0000,0.0000,0.0000,0.0000,0.755188,-0.144592,0.636780,-0.057495,8.001,76.2,-1
1785793762.902,659,165371,0,0.00000000,0.00000000,0.00,0,0,-38.79,0.073,0.0000,0.0000,0.0000,0.0000,0.755249,-0.144531,0.636719,-0.057434,8.002,81.2,-1
1785793763.090,660,165600,0,0.00000000,0.00000000,0.00,0,0,-38.92,-0.023,0.0000,0.0000,0.0000,0.0000,0.755371,-0.144470,0.636597,-0.057373,8.004,85.0,-1
1785793763.343,661,165822,0,0.00000000,0.00000000,0.00,0,0,-38.93,-0.015,0.0000,0.0000,0.0000,0.0000,0.755432,-0.144348,0.636536,-0.057434,8.002,77.5,-1
1785793763.533,662,166049,0,0.00000000,0.00000000,0.00,0,0,-38.84,0.040,0.0000,0.0000,0.0000,0.0000,0.755615,-0.144226,0.636414,-0.057312,8.002,75.0,-1
1785793763.781,663,166263,0,0.00000000,0.00000000,0.00,0,0,-38.90,-0.006,0.0000,0.0000,0.0000,0.0000,0.755615,-0.144226,0.636414,-0.057251,8.004,71.2,-1
1785793763.965,664,166486,0,0.00000000,0.00000000,0.00,0,0,-38.83,0.052,0.0000,0.0000,0.0000,0.0000,0.755493,-0.144287,0.636536,-0.057312,8.002,78.8,-1
1785793764.214,665,166711,0,0.00000000,0.00000000,0.00,0,0,-38.82,0.063,0.0000,0.0000,0.0000,0.0000,0.755554,-0.144043,0.636536,-0.057312,8.005,78.8,-1
1785793764.461,666,166931,0,0.00000000,0.00000000,0.00,0,0,-38.84,0.082,0.0000,0.0000,0.0000,0.0000,0.755554,-0.143921,0.636536,-0.057251,8.005,78.8,-1
1785793764.652,667,167143,0,0.00000000,0.00000000,0.00,0,0,-38.75,0.105,0.0000,0.0000,0.0000,0.0000,0.755554,-0.143799,0.636536,-0.057190,8.004,73.8,-1
1785793764.903,668,167369,0,0.00000000,0.00000000,0.00,0,0,-38.82,0.058,0.0000,0.0000,0.0000,0.0000,0.755554,-0.143799,0.636536,-0.057190,8.005,80.0,-1
1785793765.090,669,167594,0,0.00000000,0.00000000,0.00,0,0,-38.88,0.027,0.0000,0.0000,0.0000,0.0000,0.755615,-0.143921,0.636475,-0.057312,8.004,75.0,-1
1785793765.340,670,167822,0,0.00000000,0.00000000,0.00,0,0,-38.83,0.068,0.0000,0.0000,0.0000,0.0000,0.755554,-0.143860,0.636475,-0.057190,8.004,76.2,-1
1785793765.528,671,168042,0,0.00000000,0.00000000,0.00,0,0,-38.83,0.040,0.0000,0.0000,0.0000,0.0000,0.755493,-0.143799,0.636597,-0.057251,8.002,75.0,-1
1785793765.781,672,168257,0,0.00000000,0.00000000,0.00,0,0,-38.78,0.091,0.0000,0.0000,0.0000,0.0000,0.755493,-0.143860,0.636597,-0.057312,8.002,78.8,-1
1785793765.971,673,168482,0,0.00000000,0.00000000,0.00,0,0,-38.63,0.164,0.0000,0.0000,0.0000,0.0000,0.755493,-0.143921,0.636597,-0.057312,8.001,77.5,-1
1785793766.219,674,168704,0,0.00000000,0.00000000,0.00,0,0,-38.62,0.146,0.0000,0.0000,0.0000,0.0000,0.755554,-0.143799,0.636536,-0.057373,8.005,78.8,-1
1785793766.469,675,168929,0,0.00000000,0.00000000,0.00,0,0,-38.73,0.051,0.0000,0.0000,0.0000,0.0000,0.755554,-0.143799,0.636536,-0.057373,8.004,77.5,-1
1785793766.657,676,169148,0,0.00000000,0.00000000,0.00,0,0,-38.81,-0.023,0.0000,0.0000,0.0000,0.0000,0.755554,-0.143860,0.636536,-0.057434,8.004,81.2,-1
1785793766.905,677,169368,0,0.00000000,0.00000000,0.00,0,0,-38.71,0.042,0.0000,0.0000,0.0000,0.0000,0.755554,-0.143921,0.636475,-0.057495,8.004,77.5,-1
1785793767.045,678,169568,0,0.00000000,0.00000000,0.00,0,0,-38.76,0.016,0.0000,0.0000,0.0000,0.0000,0.755554,-0.143921,0.636475,-0.057495,8.004,78.8,-1
1785793767.296,679,169795,0,0.00000000,0.00000000,0.00,0,0,-38.56,0.147,0.0000,0.0000,0.0000,0.0000,0.755554,-0.143921,0.636475,-0.057495,8.004,76.2,-1
1785793767.549,680,170018,0,0.00000000,0.00000000,0.00,0,0,-38.62,0.093,0.0000,0.0000,0.0000,0.0000,0.755554,-0.143921,0.636475,-0.057495,8.004,78.8,-1
1785793767.739,681,170235,0,0.00000000,0.00000000,0.00,0,0,-38.72,0.025,0.0000,0.0000,0.0000,0.0000,0.755554,-0.143860,0.636475,-0.057434,8.002,80.0,-1
1785793767.990,682,170459,0,0.00000000,0.00000000,0.00,0,0,-38.71,0.020,0.0000,0.0000,0.0000,0.0000,0.755554,-0.143860,0.636475,-0.057434,8.002,73.8,-1
1785793768.177,683,170678,0,0.00000000,0.00000000,0.00,0,0,-38.64,0.052,0.0000,0.0000,0.0000,0.0000,0.755554,-0.143799,0.636475,-0.057434,8.002,78.8,-1
1785793768.427,684,170901,0,0.00000000,0.00000000,0.00,0,0,-38.66,0.041,0.0000,0.0000,0.0000,0.0000,0.755554,-0.143860,0.636475,-0.057434,8.001,76.2,-1
1785793768.682,685,171150,0,0.00000000,0.00000000,0.00,0,0,-38.71,0.017,0.0000,0.0000,0.0000,0.0000,0.755554,-0.143921,0.636475,-0.057495,8.001,78.8,-1
1785793768.871,686,171371,0,0.00000000,0.00000000,0.00,0,0,-38.53,0.132,0.0000,0.0000,0.0000,0.0000,0.755554,-0.143921,0.636475,-0.057495,8.004,77.5,-1
1785793769.121,687,171591,0,0.00000000,0.00000000,0.00,0,0,-38.56,0.115,0.0000,0.0000,0.0000,0.0000,0.755554,-0.143982,0.636475,-0.057556,8.004,81.2,-1
1785793769.308,688,171810,0,0.00000000,0.00000000,0.00,0,0,-38.65,0.051,0.0000,0.0000,0.0000,0.0000,0.755554,-0.143982,0.636475,-0.057556,8.001,75.0,-1
1785793769.558,689,172029,0,0.00000000,0.00000000,0.00,0,0,-38.66,0.023,0.0000,0.0000,0.0000,0.0000,0.755493,-0.143982,0.636475,-0.057556,8.001,78.8,-1
1785793769.746,690,172242,0,0.00000000,0.00000000,0.00,0,0,-38.62,0.065,0.0000,0.0000,0.0000,0.0000,0.755493,-0.144043,0.636536,-0.057556,8.001,71.2,-1
1785793769.995,691,172460,0,0.00000000,0.00000000,0.00,0,0,-38.55,0.093,0.0000,0.0000,0.0000,0.0000,0.755432,-0.144043,0.636597,-0.057556,8.002,72.5,-1
1785793770.183,692,172685,0,0.00000000,0.00000000,0.00,0,0,-38.66,0.013,0.0000,0.0000,0.0000,0.0000,0.755432,-0.143982,0.636597,-0.057556,8.002,75.0,-1
1785793770.436,693,172911,0,0.00000000,0.00000000,0.00,0,0,-38.67,0.013,0.0000,0.0000,0.0000,0.0000,0.755432,-0.143982,0.636658,-0.057495,8.001,81.2,-1
1785793770.688,694,173157,0,0.00000000,0.00000000,0.00,0,0,-38.66,0.037,0.0000,0.0000,0.0000,0.0000,0.755371,-0.143982,0.636658,-0.057495,8.001,73.8,-1
1785793770.878,695,173382,0,0.00000000,0.00000000,0.00,0,0,-38.57,0.074,0.0000,0.0000,0.0000,0.0000,0.755371,-0.143921,0.636719,-0.057495,8.002,71.2,-1
1785793771.131,696,173606,0,0.00000000,0.00000000,0.00,0,0,-38.54,0.096,0.0000,0.0000,0.0000,0.0000,0.755371,-0.143982,0.636658,-0.057495,8.002,81.2,-1
1785793771.320,697,173827,0,0.00000000,0.00000000,0.00,0,0,-38.58,0.048,0.0000,0.0000,0.0000,0.0000,0.755371,-0.143982,0.636719,-0.057495,8.001,76.2,-1
1785793771.570,698,174050,0,0.00000000,0.00000000,0.00,0,0,-38.52,0.096,0.0000,0.0000,0.0000,0.0000,0.755371,-0.143982,0.636719,-0.057434,8.002,72.5,-1
1785793771.759,699,174264,0,0.00000000,0.00000000,0.00,0,0,-38.57,0.068,0.0000,0.0000,0.0000,0.0000,0.755371,-0.143921,0.636719,-0.057434,8.002,77.5,-1
1785793772.011,700,174485,0,0.00000000,0.00000000,0.00,0,0,-38.58,0.045,0.0000,0.0000,0.0000,0.0000,0.755310,-0.143921,0.636780,-0.057434,8.001,75.0,-1
1785793772.199,701,174707,0,0.00000000,0.00000000,0.00,0,0,-38.57,0.068,0.0000,0.0000,0.0000,0.0000,0.755310,-0.143860,0.636780,-0.057373,8.000,75.0,-1
1785793772.452,702,174928,0,0.00000000,0.00000000,0.00,0,0,-38.55,0.080,0.0000,0.0000,0.0000,0.0000,0.755310,-0.143860,0.636780,-0.057373,8.002,72.5,-1
1785793772.643,703,175146,0,0.00000000,0.00000000,0.00,0,0,-38.58,0.034,0.0000,0.0000,0.0000,0.0000,0.755310,-0.143860,0.636780,-0.057373,8.001,78.8,-1
1785793772.896,704,175367,0,0.00000000,0.00000000,0.00,0,0,-38.57,0.029,0.0000,0.0000,0.0000,0.0000,0.755310,-0.143860,0.636780,-0.057373,8.001,80.0,-1
1785793773.086,705,175590,0,0.00000000,0.00000000,0.00,0,0,-38.64,-0.001,0.0000,0.0000,0.0000,0.0000,0.755310,-0.143860,0.636780,-0.057373,8.001,77.5,-1
1785793773.338,706,175812,0,0.00000000,0.00000000,0.00,0,0,-38.69,-0.012,0.0000,0.0000,0.0000,0.0000,0.755310,-0.143860,0.636780,-0.057373,8.001,77.5,-1
1785793773.529,707,176039,0,0.00000000,0.00000000,0.00,0,0,-38.51,0.099,0.0000,0.0000,0.0000,0.0000,0.755371,-0.143860,0.636719,-0.057373,8.001,72.5,-1
1785793773.782,708,176258,0,0.00000000,0.00000000,0.00,0,0,-38.56,0.053,0.0000,0.0000,0.0000,0.0000,0.755371,-0.143860,0.636719,-0.057373,8.001,81.2,-1
1785793773.971,709,176482,0,0.00000000,0.00000000,0.00,0,0,-38.57,0.045,0.0000,0.0000,0.0000,0.0000,0.755310,-0.143921,0.636780,-0.057434,8.002,71.2,-1
1785793774.223,710,176702,0,0.00000000,0.00000000,0.00,0,0,-38.49,0.107,0.0000,0.0000,0.0000,0.0000,0.755310,-0.143982,0.636780,-0.057434,8.002,73.8,-1
1785793774.415,711,176920,0,0.00000000,0.00000000,0.00,0,0,-38.56,0.051,0.0000,0.0000,0.0000,0.0000,0.755310,-0.143982,0.636780,-0.057495,8.004,76.2,-1
1785793774.666,712,177133,0,0.00000000,0.00000000,0.00,0,0,-38.49,0.074,0.0000,0.0000,0.0000,0.0000,0.755310,-0.143982,0.636780,-0.057495,8.002,72.5,-1
1785793774.855,713,177351,0,0.00000000,0.00000000,0.00,0,0,-38.58,0.018,0.0000,0.0000,0.0000,0.0000,0.755310,-0.143982,0.636780,-0.057495,8.004,80.0,-1
1785793775.109,714,177573,0,0.00000000,0.00000000,0.00,0,0,-38.79,-0.108,0.0000,0.0000,0.0000,0.0000,0.755310,-0.143982,0.636780,-0.057434,8.004,73.8,-1
1785793775.299,715,177795,0,0.00000000,0.00000000,0.00,0,0,-38.63,-0.009,0.0000,0.0000,0.0000,0.0000,0.755310,-0.143921,0.636780,-0.057434,8.002,76.2,-1
1785793775.551,716,178018,0,0.00000000,0.00000000,0.00,0,0,-38.67,-0.039,0.0000,0.0000,0.0000,0.0000,0.755371,-0.144104,0.636658,-0.057617,8.004,76.2,-1
1785793775.738,717,178235,0,0.00000000,0.00000000,0.00,0,0,-38.64,-0.029,0.0000,0.0000,0.0000,0.0000,0.755371,-0.144104,0.636597,-0.057739,8.002,77.5,-1
1785793775.989,718,178458,0,0.00000000,0.00000000,0.00,0,0,-38.54,0.029,0.0000,0.0000,0.0000,0.0000,0.755310,-0.144043,0.636780,-0.057678,8.004,73.8,-1
1785793776.178,719,178684,0,0.00000000,0.00000000,0.00,0,0,-38.77,-0.112,0.0000,0.0000,0.0000,0.0000,0.755310,-0.143921,0.636780,-0.057678,8.004,82.5,-1
1785793776.427,720,178905,0,0.00000000,0.00000000,0.00,0,0,-38.66,-0.030,0.0000,0.0000,0.0000,0.0000,0.755371,-0.143860,0.636719,-0.057678,8.005,82.5,-1
1785793776.676,721,179148,0,0.00000000,0.00000000,0.00,0,0,-38.67,-0.041,0.0000,0.0000,0.0000,0.0000,0.755432,-0.143860,0.636658,-0.057556,8.002,77.5,-1
1785793776.865,722,179373,0,0.00000000,0.00000000,0.00,0,0,-38.73,-0.064,0.0000,0.0000,0.0000,0.0000,0.755554,-0.143738,0.636475,-0.057556,8.004,78.8,-1
1785793777.077,723,179599,0,0.00000000,0.00000000,0.00,0,0,-38.61,0.020,0.0000,0.0000,0.0000,0.0000,0.755554,-0.143677,0.636536,-0.057556,8.002,81.2,-1
1785793777.320,724,179816,0,0.00000000,0.00000000,0.00,0,0,-38.83,-0.135,0.0000,0.0000,0.0000,0.0000,0.755554,-0.143738,0.636536,-0.057556,8.004,75.0,-1
1785793777.569,725,180039,0,0.00000000,0.00000000,0.00,0,0,-38.80,-0.111,0.0000,0.0000,0.0000,0.0000,0.755615,-0.143860,0.636414,-0.057678,8.002,73.8,-1
1785793777.754,726,180251,0,0.00000000,0.00000000,0.00,0,0,-38.74,-0.083,0.0000,0.0000,0.0000,0.0000,0.755676,-0.143738,0.636414,-0.057678,8.002,80.0,-1
1785793778.006,727,180478,0,0.00000000,0.00000000,0.00,0,0,-38.85,-0.128,0.0000,0.0000,0.0000,0.0000,0.755615,-0.143677,0.636475,-0.057617,8.004,78.8,-1
1785793778.196,728,180704,0,0.00000000,0.00000000,0.00,0,0,-38.71,-0.020,0.0000,0.0000,0.0000,0.0000,0.755615,-0.143677,0.636475,-0.057556,8.004,75.0,-1
1785793778.447,729,180931,0,0.00000000,0.00000000,0.00,0,0,-38.74,-0.025,0.0000,0.0000,0.0000,0.0000,0.755676,-0.143616,0.636414,-0.057556,8.006,82.5,-1
1785793778.633,730,181151,0,0.00000000,0.00000000,0.00,0,0,-38.77,-0.047,0.0000,0.0000,0.0000,0.0000,0.755615,-0.143616,0.636475,-0.057495,8.005,81.2,-1
1785793778.883,731,181369,0,0.00000000,0.00000000,0.00,0,0,-38.83,-0.085,0.0000,0.0000,0.0000,0.0000,0.755615,-0.143616,0.636475,-0.057495,8.005,85.0,-1
1785793779.136,732,181595,0,0.00000000,0.00000000,0.00,0,0,-38.71,-0.020,0.0000,0.0000,0.0000,0.0000,0.755615,-0.143616,0.636536,-0.057495,8.005,77.5,-1
1785793779.325,733,181823,0,0.00000000,0.00000000,0.00,0,0,-38.82,-0.068,0.0000,0.0000,0.0000,0.0000,0.755615,-0.143555,0.636536,-0.057434,8.002,71.2,-1
1785793779.580,734,182043,0,0.00000000,0.00000000,0.00,0,0,-38.77,-0.028,0.0000,0.0000,0.0000,0.0000,0.755554,-0.143555,0.636536,-0.057434,8.002,71.2,-1
1785793779.772,735,182256,0,0.00000000,0.00000000,0.00,0,0,-38.80,-0.068,0.0000,0.0000,0.0000,0.0000,0.755554,-0.143555,0.636536,-0.057434,8.002,73.8,-1
1785793780.023,736,182484,0,0.00000000,0.00000000,0.00,0,0,-38.72,-0.027,0.0000,0.0000,0.0000,0.0000,0.755493,-0.143555,0.636658,-0.057434,8.002,77.5,-1
1785793780.210,737,182702,0,0.00000000,0.00000000,0.00,0,0,-38.80,-0.071,0.0000,0.0000,0.0000,0.0000,0.755493,-0.143555,0.636658,-0.057434,8.004,75.0,-1
1785793780.461,738,182924,0,0.00000000,0.00000000,0.00,0,0,-38.77,-0.034,0.0000,0.0000,0.0000,0.0000,0.755493,-0.143555,0.636658,-0.057434,8.004,76.2,-1
1785793780.651,739,183138,0,0.00000000,0.00000000,0.00,0,0,-38.81,-0.057,0.0000,0.0000,0.0000,0.0000,0.755493,-0.143555,0.636658,-0.057434,8.001,77.5,-1
1785793780.841,740,183359,0,0.00000000,0.00000000,0.00,0,0,-38.79,-0.035,0.0000,0.0000,0.0000,0.0000,0.755493,-0.143555,0.636597,-0.057434,8.004,78.8,-1
1785793781.097,741,183584,0,0.00000000,0.00000000,0.00,0,0,-38.74,-0.004,0.0000,0.0000,0.0000,0.0000,0.755554,-0.143616,0.636597,-0.057495,8.004,76.2,-1
1785793781.285,742,183806,0,0.00000000,0.00000000,0.00,0,0,-38.65,0.049,0.0000,0.0000,0.0000,0.0000,0.755554,-0.143616,0.636597,-0.057495,8.004,77.5,-1
1785793781.535,743,184027,0,0.00000000,0.00000000,0.00,0,0,-38.81,-0.063,0.0000,0.0000,0.0000,0.0000,0.755554,-0.143616,0.636597,-0.057495,8.002,78.8,-1
1785793781.725,744,184241,0,0.00000000,0.00000000,0.00,0,0,-38.84,-0.075,0.0000,0.0000,0.0000,0.0000,0.755493,-0.143616,0.636597,-0.057495,8.002,76.2,-1
1785793781.977,745,184467,0,0.00000000,0.00000000,0.00,0,0,-38.90,-0.117,0.0000,0.0000,0.0000,0.0000,0.755554,-0.143555,0.636597,-0.057434,8.000,80.0,-1
1785793782.226,746,184687,0,0.00000000,0.00000000,0.00,0,0,-38.70,0.034,0.0000,0.0000,0.0000,0.0000,0.755554,-0.143494,0.636597,-0.057373,8.001,76.2,-1
1785793782.416,747,184910,0,0.00000000,0.00000000,0.00,0,0,-38.79,-0.026,0.0000,0.0000,0.0000,0.0000,0.755554,-0.143433,0.636597,-0.057373,8.002,78.8,-1
1785793782.671,748,185155,0,0.00000000,0.00000000,0.00,0,0,-38.76,-0.010,0.0000,0.0000,0.0000,0.0000,0.755615,-0.143433,0.636536,-0.057312,8.001,78.8,-1
1785793782.859,749,185380,0,0.00000000,0.00000000,0.00,0,0,-38.81,-0.014,0.0000,0.0000,0.0000,0.0000,0.755615,-0.143372,0.636597,-0.057312,8.004,71.2,-1
1785793783.110,750,185598,0,0.00000000,0.00000000,0.00,0,0,-38.87,-0.034,0.0000,0.0000,0.0000,0.0000,0.755615,-0.143372,0.636597,-0.057312,8.000,85.0,-1
1785793783.360,751,185819,0,0.00000000,0.00000000,0.00,0,0,-38.90,-0.065,0.0000,0.0000,0.0000,0.0000,0.755615,-0.143372,0.636597,-0.057251,8.002,78.8,-1
1785793783.547,752,186040,0,0.00000000,0.00000000,0.00,0,0,-38.92,-0.055,0.0000,0.0000,0.0000,0.0000,0.755554,-0.143372,0.636658,-0.057251,8.004,81.2,-1
1785793783.809,753,186259,0,0.00000000,0.00000000,0.00,0,0,-38.85,-0.033,0.0000,0.0000,0.0000,0.0000,0.755493,-0.143433,0.636719,-0.057312,8.001,78.8,-1
1785793783.999,754,186482,0,0.00000000,0.00000000,0.00,0,0,-38.91,-0.054,0.0000,0.0000,0.0000,0.0000,0.755493,-0.143433,0.636719,-0.057312,8.001,76.2,-1
1785793784.188,755,186700,0,0.00000000,0.00000000,0.00,0,0,-38.98,-0.096,0.0000,0.0000,0.0000,0.0000,0.755554,-0.143433,0.636658,-0.057312,8.002,83.8,-1
1785793784.442,756,186922,0,0.00000000,0.00000000,0.00,0,0,-39.10,-0.150,0.0000,0.0000,0.0000,0.0000,0.755493,-0.143494,0.636658,-0.057373,8.002,77.5,-1
1785793784.632,757,187138,0,0.00000000,0.00000000,0.00,0,0,-39.01,-0.093,0.0000,0.0000,0.0000,0.0000,0.755493,-0.143494,0.636719,-0.057373,8.002,77.5,-1
1785793784.884,758,187361,0,0.00000000,0.00000000,0.00,0,0,-38.95,-0.039,0.0000,0.0000,0.0000,0.0000,0.755493,-0.143494,0.636658,-0.057373,7.999,80.0,-1
1785793785.074,759,187584,0,0.00000000,0.00000000,0.00,0,0,-39.03,-0.099,0.0000,0.0000,0.0000,0.0000,0.755493,-0.143555,0.636658,-0.057434,8.002,76.2,-1
1785793785.327,760,187808,0,0.00000000,0.00000000,0.00,0,0,-38.93,-0.030,0.0000,0.0000,0.0000,0.0000,0.755493,-0.143494,0.636658,-0.057373,8.002,76.2,-1
1785793785.515,761,188032,0,0.00000000,0.00000000,0.00,0,0,-38.93,-0.014,0.0000,0.0000,0.0000,0.0000,0.755493,-0.143433,0.636658,-0.057373,8.001,81.2,-1
1785793785.768,762,188249,0,0.00000000,0.00000000,0.00,0,0,-39.13,-0.103,0.0000,0.0000,0.0000,0.0000,0.755493,-0.143433,0.636658,-0.057312,8.001,76.2,-1
1785793785.956,763,188473,0,0.00000000,0.00000000,0.00,0,0,-39.04,-0.039,0.0000,0.0000,0.0000,0.0000,0.755432,-0.143433,0.636719,-0.057312,8.004,78.8,-1
1785793786.208,764,188696,0,0.00000000,0.00000000,0.00,0,0,-38.99,-0.024,0.0000,0.0000,0.0000,0.0000,0.755432,-0.143494,0.636719,-0.057373,8.002,76.2,-1
1785793786.397,765,188915,0,0.00000000,0.00000000,0.00,0,0,-39.03,-0.044,0.0000,0.0000,0.0000,0.0000,0.755493,-0.143433,0.636719,-0.057312,8.002,80.0,-1
1785793786.646,766,189133,0,0.00000000,0.00000000,0.00,0,0,-39.02,-0.014,0.0000,0.0000,0.0000,0.0000,0.755432,-0.143433,0.636780,-0.057312,8.002,78.8,-1
1785793786.834,767,189351,0,0.00000000,0.00000000,0.00,0,0,-39.15,-0.096,0.0000,0.0000,0.0000,0.0000,0.755432,-0.143433,0.636719,-0.057312,8.004,76.2,-1
1785793787.085,768,189577,0,0.00000000,0.00000000,0.00,0,0,-39.08,-0.052,0.0000,0.0000,0.0000,0.0000,0.755493,-0.143372,0.636719,-0.057251,8.001,76.2,-1
1785793787.334,769,189798,0,0.00000000,0.00000000,0.00,0,0,-39.05,-0.026,0.0000,0.0000,0.0000,0.0000,0.755493,-0.143433,0.636719,-0.057312,8.002,75.0,-1
1785793787.522,770,190020,0,0.00000000,0.00000000,0.00,0,0,-39.06,-0.034,0.0000,0.0000,0.0000,0.0000,0.755432,-0.143372,0.636780,-0.057251,8.002,75.0,-1
1785793787.774,771,190233,0,0.00000000,0.00000000,0.00,0,0,-39.02,-0.010,0.0000,0.0000,0.0000,0.0000,0.755432,-0.143372,0.636780,-0.057251,8.002,76.2,-1
1785793787.960,772,190456,0,0.00000000,0.00000000,0.00,0,0,-39.14,-0.069,0.0000,0.0000,0.0000,0.0000,0.755371,-0.143433,0.636841,-0.057312,8.002,78.8,-1
1785793788.210,773,190681,0,0.00000000,0.00000000,0.00,0,0,-39.25,-0.119,0.0000,0.0000,0.0000,0.0000,0.755432,-0.143555,0.636780,-0.057373,8.002,76.2,-1
1785793788.401,774,190900,0,0.00000000,0.00000000,0.00,0,0,-39.17,-0.069,0.0000,0.0000,0.0000,0.0000,0.755432,-0.143616,0.636719,-0.057495,8.005,76.2,-1
1785793788.655,775,191142,0,0.00000000,0.00000000,0.00,0,0,-39.22,-0.090,0.0000,0.0000,0.0000,0.0000,0.755432,-0.143677,0.636658,-0.057495,8.002,77.5,-1
1785793788.909,776,191371,0,0.00000000,0.00000000,0.00,0,0,-39.32,-0.143,0.0000,0.0000,0.0000,0.0000,0.755493,-0.143616,0.636658,-0.057495,8.000,75.0,-1
1785793789.097,777,191591,0,0.00000000,0.00000000,0.00,0,0,-39.14,-0.018,0.0000,0.0000,0.0000,0.0000,0.755432,-0.143677,0.636658,-0.057556,8.000,75.0,-1
1785793789.347,778,191812,0,0.00000000,0.00000000,0.00,0,0,-39.15,0.002,0.0000,0.0000,0.0000,0.0000,0.755371,-0.143738,0.636719,-0.057556,8.001,76.2,-1
1785793789.535,779,192032,0,0.00000000,0.00000000,0.00,0,0,-39.25,-0.076,0.0000,0.0000,0.0000,0.0000,0.755371,-0.143738,0.636780,-0.057556,8.001,78.8,-1
1785793789.785,780,192247,0,0.00000000,0.00000000,0.00,0,0,-39.35,-0.144,0.0000,0.0000,0.0000,0.0000,0.755371,-0.143799,0.636719,-0.057617,8.001,80.0,-1
1785793789.972,781,192472,0,0.00000000,0.00000000,0.00,0,0,-39.30,-0.084,0.0000,0.0000,0.0000,0.0000,0.755432,-0.143799,0.636658,-0.057678,8.001,78.8,-1
1785793790.226,782,192695,0,0.00000000,0.00000000,0.00,0,0,-39.15,0.020,0.0000,0.0000,0.0000,0.0000,0.755432,-0.143799,0.636597,-0.057617,7.997,78.8,-1
