rx_time,seq,timestamp_ms,state,lat,lon,gps_alt_m,gps_sats,gps_fix,baro_alt_m,vert_vel_ms,accel_x_g,accel_y_g,accel_z_g,accel_mag_g,quat_w,quat_x,quat_y,quat_z,voltage_v,current_ma,rssi
1782769835.380,5317,1193325,0,0.00000000,0.00000000,0.00,0,0,1.76,0.047,0.2450,0.3430,1.8620,1.9091,0.513428,0.076538,-0.025330,0.854309,7.756,72.5,-1
1782769835.628,5318,1193544,0,0.00000000,0.00000000,0.00,0,0,1.63,-0.036,0.0490,0.6860,1.8620,1.9850,0.513428,0.076477,-0.025330,0.854370,7.758,68.8,-1
1782769835.818,5319,1193766,0,0.00000000,0.00000000,0.00,0,0,1.80,0.080,0.1960,0.4900,1.9600,2.0298,0.513428,0.076416,-0.025391,0.854370,7.754,75.0,-1
1782769836.066,5320,1193988,0,0.00000000,0.00000000,0.00,0,0,1.76,0.053,0.5390,0.7350,2.1560,2.3407,0.513428,0.076355,-0.025391,0.854370,7.756,73.8,-1
1782769836.316,5321,1194216,0,0.00000000,0.00000000,0.00,0,0,1.64,-0.051,0.7350,0.6370,2.6460,2.8191,0.513428,0.076416,-0.025330,0.854370,7.753,78.8,-1
1782769836.504,5322,1194431,0,0.00000000,0.00000000,0.00,0,0,1.70,-0.001,0.1960,0.3430,1.5680,1.6170,0.513428,0.076416,-0.025330,0.854370,7.756,76.2,-1
1782769836.751,5323,1194659,0,0.00000000,0.00000000,0.00,0,0,1.66,-0.016,0.6860,0.7350,1.6170,1.9041,0.513428,0.076538,-0.025330,0.854370,7.755,78.8,-1
1782769836.938,5324,1194887,0,0.00000000,0.00000000,0.00,0,0,1.68,-0.005,0.3430,0.3430,1.1270,1.2270,0.513428,0.076477,-0.025269,0.854370,7.755,75.0,-1
1782769837.187,5325,1195110,0,0.00000000,0.00000000,0.00,0,0,1.67,-0.004,0.0000,0.7350,1.5190,1.6875,0.513428,0.076477,-0.025269,0.854370,7.756,73.8,-1
1782769837.436,5326,1195336,0,0.00000000,0.00000000,0.00,0,0,1.61,-0.012,0.4410,0.5390,1.4210,1.5825,0.513428,0.076477,-0.025269,0.854370,7.751,83.8,-1
1782769837.624,5327,1195551,0,0.00000000,0.00000000,0.00,0,0,1.63,-0.027,-0.2450,1.0780,1.3720,1.7620,0.513428,0.076477,-0.025269,0.854370,7.755,73.8,-1
1782769837.871,5328,1195774,0,0.00000000,0.00000000,0.00,0,0,1.64,-0.028,0.2450,0.4900,1.7640,1.8471,0.513428,0.076477,-0.025208,0.854370,7.758,73.8,-1
1782769838.057,5329,1195999,0,0.00000000,0.00000000,0.00,0,0,1.68,-0.013,0.1960,0.4410,1.0290,1.1365,0.513428,0.076477,-0.025208,0.854370,7.751,76.2,-1
1782769838.305,5330,1196218,0,0.00000000,0.00000000,0.00,0,0,1.66,-0.041,0.2940,0.6370,2.0580,2.1743,0.513428,0.076477,-0.025208,0.854370,7.750,80.0,-1
1782769838.494,5331,1196435,0,0.00000000,0.00000000,0.00,0,0,1.76,0.007,-0.2940,1.3720,0.8820,1.6573,0.513428,0.076477,-0.025208,0.854370,7.756,73.8,-1
1782769838.742,5332,1196656,0,0.00000000,0.00000000,0.00,0,0,1.68,-0.031,0.1470,0.7350,1.6170,1.7823,0.513428,0.076477,-0.025208,0.854370,7.756,76.2,-1
1782769838.992,5333,1196882,0,0.00000000,0.00000000,0.00,0,0,1.70,-0.024,0.1470,0.3430,1.5680,1.6118,0.513428,0.076477,-0.025208,0.854370,7.759,78.8,-1
1782769839.179,5334,1197105,0,0.00000000,0.00000000,0.00,0,0,1.73,-0.005,0.2450,1.5680,2.0580,2.5988,0.513428,0.076477,-0.025208,0.854370,7.755,76.2,-1
1782769839.428,5335,1197331,0,0.00000000,0.00000000,0.00,0,0,1.67,-0.028,0.5880,0.5880,1.7640,1.9502,0.513428,0.076416,-0.025208,0.854370,7.755,75.0,-1
1782769839.615,5336,1197541,0,0.00000000,0.00000000,0.00,0,0,1.62,-0.068,0.9310,0.3920,1.2740,1.6259,0.513428,0.076416,-0.025208,0.854370,7.754,81.2,-1
1782769839.863,5337,1197765,0,0.00000000,0.00000000,0.00,0,0,1.71,-0.024,0.6370,0.6860,2.4500,2.6228,0.513428,0.076416,-0.025146,0.854370,7.755,75.0,-1
1782769840.052,5338,1197985,0,0.00000000,0.00000000,0.00,0,0,1.71,-0.025,-0.7350,1.2250,-0.6370,1.5642,0.513428,0.076416,-0.025146,0.854370,7.755,76.2,-1
1782769840.302,5339,1198203,0,0.00000000,0.00000000,0.00,0,0,1.80,0.037,-0.0490,0.6860,0.6370,0.9374,0.513428,0.076477,-0.025085,0.854370,7.755,76.2,-1
1782769840.554,5340,1198448,0,0.00000000,0.00000000,0.00,0,0,1.75,0.010,0.6370,0.4410,1.5680,1.7490,0.513489,0.076416,-0.025085,0.854309,7.751,75.0,-1
1782769840.741,5341,1198670,0,0.00000000,0.00000000,0.00,0,0,1.73,-0.018,-0.5880,2.0090,-0.0980,2.0956,0.513611,0.076294,-0.025146,0.854248,7.755,73.8,-1
1782769840.987,5342,1198897,0,0.00000000,0.00000000,0.00,0,0,1.62,-0.088,0.2940,0.3430,1.0780,1.1688,0.513611,0.076294,-0.025085,0.854248,7.751,81.2,-1
1782769841.175,5343,1199116,0,0.00000000,0.00000000,0.00,0,0,1.64,-0.086,0.2450,1.1760,1.4700,1.8984,0.513611,0.076355,-0.025024,0.854248,7.754,76.2,-1
1782769841.427,5344,1199336,0,0.00000000,0.00000000,0.00,0,0,1.68,-0.031,0.2940,0.3920,1.7150,1.7836,0.513611,0.076416,-0.025024,0.854248,7.755,80.0,-1
1782769841.615,5345,1199550,0,0.00000000,0.00000000,0.00,0,0,1.62,-0.080,0.6370,0.9310,1.3230,1.7386,0.513611,0.076416,-0.025085,0.854248,7.755,75.0,-1
1782769841.862,5346,1199774,0,0.00000000,0.00000000,0.00,0,0,1.65,-0.045,0.1470,0.8330,0.8820,1.2221,0.513611,0.076416,-0.025146,0.854248,7.755,76.2,-1
1782769842.111,5347,1200001,0,0.00000000,0.00000000,0.00,0,0,1.80,0.042,0.1960,0.1470,1.9110,1.9266,0.513611,0.076416,-0.025269,0.854248,7.756,77.5,-1
1782769842.295,5348,1200217,0,0.00000000,0.00000000,0.00,0,0,1.67,-0.050,1.3230,0.0980,1.2250,1.8057,0.513611,0.076416,-0.025330,0.854248,7.754,78.8,-1
1782769842.544,5349,1200436,0,0.00000000,0.00000000,0.00,0,0,1.79,0.036,0.2940,0.7840,1.2250,1.4838,0.513611,0.076355,-0.025269,0.854248,7.758,70.0,-1
1782769842.731,5350,1200662,0,0.00000000,0.00000000,0.00,0,0,1.77,0.008,0.4900,0.7350,1.9600,2.1499,0.513611,0.076416,-0.025269,0.854248,7.760,68.8,-1
1782769842.982,5351,1200880,0,0.00000000,0.00000000,0.00,0,0,1.72,-0.017,0.4900,0.5880,1.3720,1.5711,0.513611,0.076416,-0.025269,0.854248,7.758,76.2,-1
1782769843.169,5352,1201103,0,0.00000000,0.00000000,0.00,0,0,1.64,-0.085,0.3430,0.3920,2.0090,2.0754,0.513611,0.076355,-0.025269,0.854248,7.760,68.8,-1
1782769843.419,5353,1201321,0,0.00000000,0.00000000,0.00,0,0,1.61,-0.119,0.1470,0.4900,1.3720,1.4643,0.513611,0.076355,-0.025330,0.854248,7.756,80.0,-1
1782769843.606,5354,1201536,0,0.00000000,0.00000000,0.00,0,0,1.65,-0.071,0.4900,0.5390,1.6170,1.7735,0.513611,0.076294,-0.025391,0.854248,7.755,76.2,-1
1782769843.853,5355,1201763,0,0.00000000,0.00000000,0.00,0,0,1.60,-0.104,0.3920,0.6370,1.3230,1.5198,0.513611,0.076294,-0.025391,0.854248,7.759,70.0,-1
1782769844.041,5356,1201982,0,0.00000000,0.00000000,0.00,0,0,1.79,0.018,0.0000,0.6370,1.8620,1.9679,0.513611,0.076416,-0.025391,0.854248,7.759,78.8,-1
1782769844.290,5357,1202204,0,0.00000000,0.00000000,0.00,0,0,1.60,-0.112,0.2450,0.2940,1.6170,1.6617,0.513611,0.076416,-0.025330,0.854248,7.759,72.5,-1
1782769844.478,5358,1202423,0,0.00000000,0.00000000,0.00,0,0,1.63,-0.080,0.5880,0.3430,1.3230,1.4879,0.513611,0.076416,-0.025330,0.854248,7.759,77.5,-1
1782769844.727,5359,1202646,0,0.00000000,0.00000000,0.00,0,0,1.56,-0.134,0.4410,0.7350,1.1270,1.4159,0.513611,0.076416,-0.025269,0.854248,7.756,73.8,-1
1782769844.976,5360,1202869,0,0.00000000,0.00000000,0.00,0,0,1.67,-0.055,0.2450,0.4410,0.9800,1.1022,0.513611,0.076416,-0.025269,0.854248,7.758,73.8,-1
1782769845.162,5361,1203093,0,0.00000000,0.00000000,0.00,0,0,1.64,-0.083,0.0980,0.7840,1.8130,1.9777,0.513611,0.076416,-0.025269,0.854248,7.753,75.0,-1
1782769845.413,5362,1203320,0,0.00000000,0.00000000,0.00,0,0,1.70,-0.028,0.6860,0.3920,1.3230,1.5410,0.513611,0.076416,-0.025269,0.854248,7.759,75.0,-1
1782769845.600,5363,1203539,0,0.00000000,0.00000000,0.00,0,0,1.80,0.048,-0.0490,1.1760,1.1270,1.6296,0.513611,0.076416,-0.025208,0.854248,7.760,68.8,-1
1782769845.848,5364,1203757,0,0.00000000,0.00000000,0.00,0,0,1.71,-0.004,0.3430,0.4410,1.8130,1.8971,0.513611,0.076355,-0.025330,0.854248,7.753,76.2,-1
1782769846.033,5365,1203977,0,0.00000000,0.00000000,0.00,0,0,1.66,-0.027,-0.6860,1.1760,0.5390,1.4643,0.513611,0.076294,-0.025330,0.854248,7.751,78.8,-1
1782769846.282,5366,1204201,0,0.00000000,0.00000000,0.00,0,0,1.70,-0.007,0.2940,0.7840,1.3230,1.5657,0.513611,0.076355,-0.025330,0.854248,7.758,75.0,-1
1782769846.530,5367,1204445,0,0.00000000,0.00000000,0.00,0,0,1.77,0.030,0.1470,0.6370,1.8620,1.9734,0.513611,0.076416,-0.025330,0.854248,7.755,77.5,-1
1782769846.779,5368,1204672,0,0.00000000,0.00000000,0.00,0,0,1.71,-0.002,0.2940,0.3430,1.1760,1.2598,0.513611,0.076416,-0.025269,0.854248,7.759,71.2,-1
1782769846.966,5369,1204890,0,0.00000000,0.00000000,0.00,0,0,1.66,-0.038,0.2450,0.0490,2.2540,2.2678,0.513611,0.076416,-0.025269,0.854248,7.753,77.5,-1
1782769847.216,5370,1205109,0,0.00000000,0.00000000,0.00,0,0,1.81,0.073,0.0980,-0.0490,1.7150,1.7185,0.513611,0.076416,-0.025208,0.854248,7.756,75.0,-1
1782769847.402,5371,1205331,0,0.00000000,0.00000000,0.00,0,0,1.70,-0.000,0.3430,0.5880,0.8330,1.0758,0.513611,0.076416,-0.025269,0.854248,7.755,76.2,-1
1782769847.652,5372,1205546,0,0.00000000,0.00000000,0.00,0,0,1.73,0.013,0.2450,0.8330,1.1270,1.4227,0.513611,0.076416,-0.025208,0.854248,7.759,72.5,-1
1782769847.837,5373,1205774,0,0.00000000,0.00000000,0.00,0,0,1.74,0.012,0.6370,1.2250,1.7150,2.2017,0.513611,0.076416,-0.025269,0.854248,7.758,71.2,-1
1782769848.087,5374,1205995,0,0.00000000,0.00000000,0.00,0,0,1.68,-0.014,0.4410,0.1470,0.8820,0.9970,0.513611,0.076355,-0.025330,0.854248,7.758,68.8,-1
1782769848.274,5375,1206212,0,0.00000000,0.00000000,0.00,0,0,1.80,0.052,0.4900,0.6860,1.5680,1.7803,0.513611,0.076355,-0.025391,0.854248,7.756,75.0,-1
1782769848.524,5376,1206427,0,0.00000000,0.00000000,0.00,0,0,1.74,0.015,0.4410,0.4410,1.0290,1.2032,0.513611,0.076355,-0.025391,0.854248,7.758,76.2,-1
1782769848.708,5377,1206653,0,0.00000000,0.00000000,0.00,0,0,1.75,0.044,0.4900,0.6860,2.4990,2.6374,0.513611,0.076355,-0.025330,0.854248,7.758,72.5,-1
1782769848.957,5378,1206877,0,0.00000000,0.00000000,0.00,0,0,1.75,0.038,0.5880,0.0490,1.9600,2.0469,0.513611,0.076416,-0.025330,0.854248,7.759,73.8,-1
1782769849.206,5379,1207105,0,0.00000000,0.00000000,0.00,0,0,1.81,0.062,0.0980,0.7840,1.4700,1.6689,0.513611,0.076416,-0.025269,0.854248,7.759,71.2,-1
1782769849.390,5380,1207325,0,0.00000000,0.00000000,0.00,0,0,1.74,0.007,0.8330,0.3430,2.3030,2.4729,0.513611,0.076416,-0.025269,0.854248,7.754,73.8,-1
1782769849.641,5381,1207545,0,0.00000000,0.00000000,0.00,0,0,1.86,0.072,-0.1960,0.5390,1.8130,1.9016,0.513611,0.076416,-0.025269,0.854248,7.755,77.5,-1
1782769849.827,5382,1207768,0,0.00000000,0.00000000,0.00,0,0,1.73,-0.005,0.0000,1.0290,1.1270,1.5261,0.513611,0.076355,-0.025330,0.854248,7.758,73.8,-1
1782769850.077,5383,1207986,0,0.00000000,0.00000000,0.00,0,0,1.80,0.038,1.3720,0.2450,2.8910,3.2094,0.513611,0.076416,-0.025391,0.854248,7.755,78.8,-1
1782769850.264,5384,1208208,0,0.00000000,0.00000000,0.00,0,0,1.75,0.011,0.7840,-0.0980,1.8130,1.9777,0.513611,0.076416,-0.025391,0.854248,7.754,71.2,-1
1782769850.512,5385,1208424,0,0.00000000,0.00000000,0.00,0,0,1.71,-0.030,0.2450,0.3430,1.8130,1.8614,0.513611,0.076477,-0.025391,0.854248,7.758,71.2,-1
1782769850.762,5386,1208650,0,0.00000000,0.00000000,0.00,0,0,1.74,0.002,-0.3430,0.9800,1.2250,1.6058,0.513611,0.076477,-0.025330,0.854248,7.758,72.5,-1
1782769850.949,5387,1208869,0,0.00000000,0.00000000,0.00,0,0,1.80,0.046,0.2450,0.0490,1.1270,1.1544,0.513611,0.076477,-0.025330,0.854248,7.756,76.2,-1
1782769851.198,5388,1209093,0,0.00000000,0.00000000,0.00,0,0,1.69,-0.017,0.4900,0.0490,2.1560,2.2115,0.513611,0.076477,-0.025330,0.854248,7.758,72.5,-1
1782769851.384,5389,1209312,0,0.00000000,0.00000000,0.00,0,0,1.79,0.039,-0.1960,0.9800,1.1270,1.5063,0.513611,0.076599,-0.025330,0.854248,7.759,71.2,-1
1782769851.632,5390,1209523,0,0.00000000,0.00000000,0.00,0,0,1.70,0.001,-0.2940,1.6170,0.4900,1.7150,0.513611,0.076599,-0.025330,0.854248,7.759,70.0,-1
1782769851.818,5391,1209741,0,0.00000000,0.00000000,0.00,0,0,1.70,0.008,-0.3430,0.9800,0.8330,1.3311,0.513611,0.076599,-0.025330,0.854248,7.756,73.8,-1
1782769852.069,5392,1209963,0,0.00000000,0.00000000,0.00,0,0,1.84,0.098,-0.0490,0.4900,1.7150,1.7843,0.513611,0.076538,-0.025269,0.854248,7.759,68.8,-1
1782769852.256,5393,1210183,0,0.00000000,0.00000000,0.00,0,0,1.68,-0.018,1.1760,0.6370,3.4300,3.6815,0.513611,0.076477,-0.025269,0.854248,7.759,71.2,-1
1782769852.507,5394,1210426,0,0.00000000,0.00000000,0.00,0,0,1.69,-0.004,0.1960,0.5390,1.3720,1.4871,0.513611,0.076477,-0.025269,0.854248,7.758,71.2,-1
1782769852.755,5395,1210653,0,0.00000000,0.00000000,0.00,0,0,1.80,0.056,0.6370,0.4410,2.6460,2.7571,0.513611,0.076477,-0.025208,0.854248,7.755,72.5,-1
1782769852.943,5396,1210873,0,0.00000000,0.00000000,0.00,0,0,1.71,-0.010,0.1470,0.8820,1.3230,1.5968,0.513611,0.076477,-0.025269,0.854248,7.759,77.5,-1
1782769853.192,5397,1211096,0,0.00000000,0.00000000,0.00,0,0,1.78,0.033,0.9310,0.0000,2.4010,2.5752,0.513611,0.076477,-0.025269,0.854248,7.758,72.5,-1
1782769853.379,5398,1211314,0,0.00000000,0.00000000,0.00,0,0,1.74,0.020,1.1760,0.0980,2.7930,3.0321,0.513611,0.076477,-0.025208,0.854248,7.755,70.0,-1
1782769853.630,5399,1211534,0,0.00000000,0.00000000,0.00,0,0,1.71,-0.002,-0.0980,0.7840,1.6170,1.7997,0.513611,0.076477,-0.025208,0.854248,7.756,71.2,-1
1782769853.817,5400,1211758,0,0.00000000,0.00000000,0.00,0,0,1.79,0.033,0.6370,0.3430,2.6950,2.7904,0.513611,0.076538,-0.025269,0.854248,7.760,70.0,-1
1782769854.064,5401,1211977,0,0.00000000,0.00000000,0.00,0,0,1.78,0.017,0.1470,0.0490,1.7150,1.7220,0.513611,0.076538,-0.025269,0.854248,7.755,71.2,-1
1782769854.253,5402,1212197,0,0.00000000,0.00000000,0.00,0,0,1.67,-0.061,0.5390,0.6860,2.0580,2.2353,0.513611,0.076477,-0.025208,0.854248,7.755,70.0,-1
1782769854.501,5403,1212443,0,0.00000000,0.00000000,0.00,0,0,1.83,0.039,0.8330,0.1960,2.2050,2.3652,0.513611,0.076416,-0.025269,0.854248,7.758,73.8,-1
1782769854.750,5404,1212668,0,0.00000000,0.00000000,0.00,0,0,1.71,-0.031,0.4900,0.2940,1.6660,1.7613,0.513611,0.076416,-0.025269,0.854248,7.756,72.5,-1
1782769854.998,5405,1212891,0,0.00000000,0.00000000,0.00,0,0,1.82,0.026,0.0980,0.8820,2.5480,2.6981,0.513611,0.076355,-0.025269,0.854248,7.751,78.8,-1
1782769855.186,5406,1213110,0,0.00000000,0.00000000,0.00,0,0,1.74,-0.045,-0.0490,0.4900,1.7640,1.8314,0.512146,0.076721,-0.024841,0.855103,7.755,77.5,-1
1782769855.436,5407,1213329,0,0.00000000,0.00000000,0.00,0,0,1.69,0.040,0.2940,0.0980,2.2540,2.2752,0.504700,0.046326,-0.018494,0.861877,7.754,72.5,-1
1782769855.622,5408,1213544,0,0.00000000,0.00000000,0.00,0,0,1.79,0.120,-0.2450,0.4900,2.4990,2.5583,0.501160,0.020630,-0.007568,0.865051,7.754,72.5,-1
1782769855.872,5409,1213770,0,0.00000000,0.00000000,0.00,0,0,1.80,0.052,-0.2940,0.9800,1.6660,1.9551,0.488647,-0.112183,0.049377,0.863831,7.755,72.5,-1
1782769856.059,5410,1213991,0,0.00000000,0.00000000,0.00,0,0,1.63,-0.094,0.3920,0.1960,1.9600,2.0084,0.490784,-0.104919,0.046509,0.863708,7.756,73.8,-1
1782769856.306,5411,1214214,0,0.00000000,0.00000000,0.00,0,0,1.62,-0.092,-0.0980,0.3920,1.1270,1.1972,0.497925,-0.009583,-0.025146,0.866821,7.756,71.2,-1
1782769856.494,5412,1214433,0,0.00000000,0.00000000,0.00,0,0,1.59,-0.075,0.0980,0.3430,1.6170,1.6559,0.497620,0.014587,-0.056702,0.865417,7.760,71.2,-1
1782769856.742,5413,1214663,0,0.00000000,0.00000000,0.00,0,0,1.44,-0.143,1.0780,-0.1960,2.7440,2.9547,0.495483,0.048645,-0.034424,0.866577,7.758,72.5,-1
1782769856.991,5414,1214883,0,0.00000000,0.00000000,0.00,0,0,1.43,-0.163,0.6370,0.2450,1.1270,1.3175,0.491638,0.069946,-0.027649,0.867554,7.754,71.2,-1
1782769857.178,5415,1215103,0,0.00000000,0.00000000,0.00,0,0,1.47,-0.121,0.2940,0.5880,1.8130,1.9285,0.491638,0.070007,-0.027466,0.867554,7.751,73.8,-1
1782769857.428,5416,1215324,0,0.00000000,0.00000000,0.00,0,0,1.55,-0.037,0.1470,0.5390,-0.1470,0.5777,0.491638,0.070129,-0.027222,0.867554,7.751,76.2,-1
1782769857.614,5417,1215538,0,0.00000000,0.00000000,0.00,0,0,1.43,-0.105,-0.0490,0.8330,1.2740,1.5229,0.491760,0.070312,-0.026917,0.867432,7.758,70.0,-1
1782769857.865,5418,1215757,0,0.00000000,0.00000000,0.00,0,0,1.51,-0.041,0.3920,0.5880,1.6660,1.8097,0.491821,0.070374,-0.026550,0.867432,7.755,67.5,-1
1782769858.051,5419,1215976,0,0.00000000,0.00000000,0.00,0,0,1.60,0.016,0.4410,0.6860,1.8130,1.9880,0.491760,0.070496,-0.026367,0.867432,7.755,76.2,-1
1782769858.300,5420,1216196,0,0.00000000,0.00000000,0.00,0,0,1.65,0.058,0.3920,0.4900,0.9800,1.1637,0.491821,0.070435,-0.026123,0.867432,7.758,76.2,-1
1782769858.551,5421,1216442,0,0.00000000,0.00000000,0.00,0,0,1.62,0.022,0.0000,0.4900,1.2740,1.3650,0.491882,0.070435,-0.026001,0.867432,7.758,77.5,-1
1782769858.738,5422,1216670,0,0.00000000,0.00000000,0.00,0,0,1.66,0.066,0.3430,0.4900,2.1560,2.2374,0.491821,0.070496,-0.026001,0.867432,7.755,75.0,-1
1782769858.987,5423,1216896,0,0.00000000,0.00000000,0.00,0,0,1.63,0.052,0.2450,0.6370,1.6170,1.7551,0.491882,0.070618,-0.025818,0.867432,7.754,76.2,-1
1782769859.172,5424,1217118,0,0.00000000,0.00000000,0.00,0,0,1.72,0.108,0.2940,0.3430,0.9800,1.0791,0.491882,0.070618,-0.025818,0.867432,7.756,75.0,-1
1782769859.422,5425,1217340,0,0.00000000,0.00000000,0.00,0,0,1.66,0.069,0.3920,0.3430,1.8620,1.9335,0.491882,0.070618,-0.025757,0.867432,7.758,75.0,-1
1782769859.609,5426,1217551,0,0.00000000,0.00000000,0.00,0,0,1.62,0.018,0.3430,0.4410,1.7640,1.8504,0.491882,0.070618,-0.025696,0.867432,7.756,75.0,-1
1782769859.860,5427,1217773,0,0.00000000,0.00000000,0.00,0,0,1.70,0.066,0.6370,0.6860,1.3720,1.6609,0.491882,0.070557,-0.025696,0.867432,7.756,77.5,-1
1782769860.108,5428,1218001,0,0.00000000,0.00000000,0.00,0,0,1.72,0.070,0.0490,0.9800,1.5680,1.8497,0.491882,0.070557,-0.025635,0.867432,7.755,76.2,-1
1782769860.296,5429,1218223,0,0.00000000,0.00000000,0.00,0,0,1.71,0.050,0.1960,0.1960,1.0290,1.0657,0.491882,0.070557,-0.025635,0.867432,7.756,73.8,-1
1782769860.544,5430,1218443,0,0.00000000,0.00000000,0.00,0,0,1.67,0.004,0.3920,0.1470,2.0580,2.1002,0.491882,0.070618,-0.025696,0.867432,7.759,73.8,-1
1782769860.731,5431,1218661,0,0.00000000,0.00000000,0.00,0,0,1.64,0.002,0.0490,0.6370,1.4700,1.6028,0.491882,0.070679,-0.025696,0.867432,7.756,80.0,-1
1782769860.982,5432,1218881,0,0.00000000,0.00000000,0.00,0,0,1.70,0.033,0.0490,0.1960,2.0090,2.0191,0.491882,0.070740,-0.025757,0.867432,7.755,78.8,-1
1782769861.174,5433,1219104,0,0.00000000,0.00000000,0.00,0,0,1.78,0.076,0.3430,0.8820,1.7150,1.9588,0.491882,0.070801,-0.025757,0.867432,7.758,73.8,-1
1782769861.414,5434,1219322,0,0.00000000,0.00000000,0.00,0,0,1.64,-0.032,0.3430,0.4410,1.8130,1.8971,0.491882,0.070801,-0.025757,0.867432,7.755,77.5,-1
1782769861.601,5435,1219536,0,0.00000000,0.00000000,0.00,0,0,1.73,0.011,0.2940,1.4210,1.3230,1.9637,0.491882,0.070801,-0.025757,0.867432,7.755,70.0,-1
1782769861.849,5436,1219736,0,0.00000000,0.00000000,0.00,0,0,1.69,-0.018,0.6370,0.7840,1.4700,1.7836,0.491882,0.070740,-0.025757,0.867432,7.758,73.8,-1
1782769862.034,5437,1219955,0,0.00000000,0.00000000,0.00,0,0,1.67,-0.031,0.5880,0.7350,1.5190,1.7870,0.491882,0.070801,-0.025757,0.867432,7.753,78.8,-1
1782769862.279,5438,1220176,0,0.00000000,0.00000000,0.00,0,0,1.64,-0.065,0.8820,0.7350,3.2830,3.4780,0.491882,0.070801,-0.025757,0.867432,7.758,76.2,-1
1782769862.528,5439,1220423,0,0.00000000,0.00000000,0.00,0,0,1.78,0.007,0.2450,0.7350,1.7150,1.8819,0.491882,0.070801,-0.025757,0.867432,7.754,76.2,-1
1782769862.714,5440,1220648,0,0.00000000,0.00000000,0.00,0,0,1.63,-0.085,0.4900,0.1960,2.0580,2.1246,0.491882,0.070801,-0.025696,0.867432,7.761,68.8,-1
1782769862.964,5441,1220865,0,0.00000000,0.00000000,0.00,0,0,1.64,-0.066,0.1960,0.6370,2.0580,2.1632,0.491882,0.070801,-0.025696,0.867432,7.755,76.2,-1
1782769863.152,5442,1221089,0,0.00000000,0.00000000,0.00,0,0,1.65,-0.048,-0.2940,1.2740,1.3720,1.8952,0.491882,0.070801,-0.025757,0.867432,7.756,76.2,-1
1782769863.402,5443,1221311,0,0.00000000,0.00000000,0.00,0,0,1.60,-0.092,0.2450,0.5390,1.6170,1.7220,0.491882,0.070740,-0.025696,0.867432,7.761,72.5,-1
1782769863.591,5444,1221529,0,0.00000000,0.00000000,0.00,0,0,1.75,-0.008,0.0980,0.8820,1.3230,1.5931,0.491882,0.070740,-0.025696,0.867432,7.758,72.5,-1
1782769863.841,5445,1221750,0,0.00000000,0.00000000,0.00,0,0,1.64,-0.095,0.4900,0.5880,2.0090,2.1499,0.491882,0.070740,-0.025696,0.867432,7.756,73.8,-1
1782769864.028,5446,1221969,0,0.00000000,0.00000000,0.00,0,0,1.61,-0.095,0.3430,0.4900,1.8620,1.9557,0.491882,0.070740,-0.025696,0.867432,7.755,76.2,-1
1782769864.276,5447,1222190,0,0.00000000,0.00000000,0.00,0,0,1.64,-0.061,0.0490,0.5880,1.4700,1.5840,0.491882,0.070740,-0.025696,0.867432,7.756,76.2,-1
1782769864.524,5448,1222432,0,0.00000000,0.00000000,0.00,0,0,1.65,-0.048,0.2450,0.4410,1.7640,1.8347,0.491882,0.070679,-0.025696,0.867432,7.755,73.8,-1
1782769864.712,5449,1222655,0,0.00000000,0.00000000,0.00,0,0,1.68,-0.028,0.4900,0.0980,2.0580,2.1178,0.491882,0.070618,-0.025635,0.867432,7.760,67.5,-1
1782769864.962,5450,1222880,0,0.00000000,0.00000000,0.00,0,0,1.74,0.017,0.0980,0.3920,1.2250,1.2899,0.491882,0.070679,-0.025696,0.867432,7.753,80.0,-1
1782769865.211,5451,1223101,0,0.00000000,0.00000000,0.00,0,0,1.73,0.030,0.0490,0.8330,1.8620,2.0404,0.491882,0.070618,-0.025635,0.867432,7.755,81.2,-1
1782769865.398,5452,1223323,0,0.00000000,0.00000000,0.00,0,0,1.70,0.016,0.2450,0.5880,1.6660,1.7836,0.491882,0.070618,-0.025635,0.867432,7.755,78.8,-1
1782769865.646,5453,1223535,0,0.00000000,0.00000000,0.00,0,0,1.75,0.030,0.0980,0.7840,1.8620,2.0227,0.491882,0.070618,-0.025635,0.867432,7.758,71.2,-1
1782769865.834,5454,1223753,0,0.00000000,0.00000000,0.00,0,0,1.76,0.029,0.3430,0.4900,1.4700,1.5870,0.491882,0.070618,-0.025635,0.867432,7.760,70.0,-1
1782769866.084,5455,1223976,0,0.00000000,0.00000000,0.00,0,0,1.71,-0.019,0.2940,0.4410,1.3720,1.4708,0.491882,0.070679,-0.025696,0.867432,7.758,70.0,-1
1782769866.271,5456,1224193,0,0.00000000,0.00000000,0.00,0,0,1.78,0.024,0.1960,0.3430,1.1760,1.2406,0.491882,0.070679,-0.025696,0.867432,7.758,76.2,-1
1782769866.520,5457,1224438,0,0.00000000,0.00000000,0.00,0,0,1.71,-0.010,0.1470,0.7350,1.4210,1.6066,0.491882,0.070679,-0.025696,0.867432,7.758,72.5,-1
1782769866.770,5458,1224663,0,0.00000000,0.00000000,0.00,0,0,1.68,-0.052,0.0980,0.4900,0.9800,1.1000,0.491882,0.070679,-0.025696,0.867432,7.755,78.8,-1
1782769866.957,5459,1224889,0,0.00000000,0.00000000,0.00,0,0,1.72,-0.042,0.4410,0.5880,1.8620,2.0018,0.491882,0.070679,-0.025696,0.867432,7.750,78.8,-1
1782769867.206,5460,1225107,0,0.00000000,0.00000000,0.00,0,0,1.67,-0.067,-0.0980,0.8330,1.7640,1.9533,0.491882,0.070679,-0.025696,0.867432,7.754,77.5,-1
1782769867.393,5461,1225326,0,0.00000000,0.00000000,0.00,0,0,1.74,-0.003,0.0980,1.4700,1.1760,1.8851,0.491882,0.070618,-0.025635,0.867432,7.753,81.2,-1
1782769867.642,5462,1225542,0,0.00000000,0.00000000,0.00,0,0,1.73,-0.052,0.4900,0.3430,1.5680,1.6782,0.491882,0.070618,-0.025635,0.867432,7.756,76.2,-1
1782769867.828,5463,1225757,0,0.00000000,0.00000000,0.00,0,0,1.81,0.003,0.3430,0.4410,1.8130,1.8971,0.491882,0.070618,-0.025635,0.867432,7.755,72.5,-1
1782769868.078,5464,1225979,0,0.00000000,0.00000000,0.00,0,0,1.69,-0.094,-0.0490,0.3430,0.6370,0.7251,0.491882,0.070618,-0.025635,0.867432,7.755,75.0,-1
1782769868.267,5465,1226202,0,0.00000000,0.00000000,0.00,0,0,1.71,-0.056,-0.4900,1.0780,0.3920,1.2473,0.491882,0.070618,-0.025635,0.867432,7.758,75.0,-1
1782769868.515,5466,1226447,0,0.00000000,0.00000000,0.00,0,0,1.71,-0.031,0.2940,0.9800,1.1760,1.5588,0.491882,0.070557,-0.025635,0.867432,7.755,80.0,-1
1782769868.763,5467,1226672,0,0.00000000,0.00000000,0.00,0,0,1.69,-0.048,0.2940,0.5390,1.9600,2.0539,0.491882,0.070557,-0.025574,0.867432,7.755,75.0,-1
1782769868.950,5468,1226890,0,0.00000000,0.00000000,0.00,0,0,1.71,-0.029,0.2450,0.3430,1.4210,1.4822,0.491882,0.070618,-0.025635,0.867432,7.746,86.2,-1
1782769869.200,5469,1227113,0,0.00000000,0.00000000,0.00,0,0,1.72,-0.027,0.0000,0.9310,1.1760,1.4999,0.491882,0.070679,-0.025635,0.867432,7.755,75.0,-1
1782769869.448,5470,1227335,0,0.00000000,0.00000000,0.00,0,0,1.73,-0.019,0.3920,0.9800,1.8620,2.1404,0.491882,0.070679,-0.025696,0.867432,7.754,75.0,-1
1782769869.635,5471,1227558,0,0.00000000,0.00000000,0.00,0,0,1.74,-0.011,1.1760,0.7840,3.1360,3.4398,0.491882,0.070679,-0.025696,0.867432,7.758,76.2,-1
1782769869.885,5472,1227782,0,0.00000000,0.00000000,0.00,0,0,1.79,0.029,0.1470,0.4410,1.4700,1.5417,0.491882,0.070679,-0.025635,0.867432,7.755,78.8,-1
1782769870.071,5473,1228002,0,0.00000000,0.00000000,0.00,0,0,1.72,-0.054,0.3430,0.3920,1.4700,1.5596,0.491882,0.070618,-0.025635,0.867432,7.755,76.2,-1
1782769870.322,5474,1228226,0,0.00000000,0.00000000,0.00,0,0,1.74,-0.036,0.0980,0.5880,1.3230,1.4511,0.491882,0.070679,-0.025696,0.867432,7.756,72.5,-1
1782769870.508,5475,1228439,0,0.00000000,0.00000000,0.00,0,0,1.62,-0.109,0.8330,-0.9310,2.4010,2.7066,0.491882,0.070679,-0.025696,0.867432,7.754,77.5,-1
1782769870.759,5476,1228663,0,0.00000000,0.00000000,0.00,0,0,1.76,-0.004,0.1470,0.2940,1.3230,1.3632,0.491882,0.070740,-0.025696,0.867432,7.754,75.0,-1
1782769870.947,5477,1228887,0,0.00000000,0.00000000,0.00,0,0,1.74,-0.018,0.2450,0.4410,1.2250,1.3248,0.491882,0.070801,-0.025757,0.867432,7.755,81.2,-1
1782769871.198,5478,1229107,0,0.00000000,0.00000000,0.00,0,0,1.62,-0.079,0.2940,0.7350,1.2740,1.4999,0.491882,0.070801,-0.025757,0.867432,7.754,72.5,-1
1782769871.384,5479,1229330,0,0.00000000,0.00000000,0.00,0,0,1.70,-0.034,-0.1470,0.6370,1.5190,1.6537,0.491882,0.070740,-0.025696,0.867432,7.756,75.0,-1
1782769871.636,5480,1229548,0,0.00000000,0.00000000,0.00,0,0,1.70,-0.069,1.0780,0.2450,1.9110,2.2077,0.491882,0.070679,-0.025696,0.867432,7.758,70.0,-1
1782769871.823,5481,1229770,0,0.00000000,0.00000000,0.00,0,0,1.68,-0.078,0.0000,0.5390,1.3720,1.4741,0.491882,0.070618,-0.025635,0.867432,7.756,71.2,-1
1782769872.070,5482,1229988,0,0.00000000,0.00000000,0.00,0,0,1.61,-0.129,0.3920,0.3430,2.1560,2.2180,0.491882,0.070618,-0.025635,0.867432,7.755,71.2,-1
1782769872.320,5483,1230212,0,0.00000000,0.00000000,0.00,0,0,1.61,-0.107,0.3920,0.5390,1.0290,1.2260,0.491882,0.070557,-0.025635,0.867432,7.758,70.0,-1
1782769872.508,5484,1230433,0,0.00000000,0.00000000,0.00,0,0,1.72,-0.040,0.1470,0.4900,2.1070,2.1682,0.491882,0.070557,-0.025635,0.867432,7.759,70.0,-1
1782769872.756,5485,1230655,0,0.00000000,0.00000000,0.00,0,0,1.59,-0.133,-0.1470,1.3720,2.0090,2.4372,0.491882,0.070557,-0.025635,0.867432,7.756,68.8,-1
1782769872.942,5486,1230882,0,0.00000000,0.00000000,0.00,0,0,1.75,-0.016,-0.0980,2.2050,0.5880,2.2842,0.491882,0.070557,-0.025635,0.867432,7.758,73.8,-1
1782769873.192,5487,1231104,0,0.00000000,0.00000000,0.00,0,0,1.68,-0.039,0.2450,0.8820,0.9800,1.3410,0.491882,0.070557,-0.025635,0.867432,7.758,72.5,-1
1782769873.380,5488,1231326,0,0.00000000,0.00000000,0.00,0,0,1.76,0.013,-0.1960,0.6860,0.7840,1.0600,0.491882,0.070557,-0.025635,0.867432,7.755,76.2,-1
1782769873.629,5489,1231544,0,0.00000000,0.00000000,0.00,0,0,1.75,0.003,0.4900,0.2450,2.2050,2.2720,0.491882,0.070557,-0.025574,0.867432,7.755,70.0,-1
1782769873.817,5490,1231761,0,0.00000000,0.00000000,0.00,0,0,1.84,0.072,0.0000,0.9800,2.5480,2.7300,0.491882,0.070557,-0.025574,0.867432,7.750,77.5,-1
1782769874.066,5491,1231981,0,0.00000000,0.00000000,0.00,0,0,1.68,-0.048,0.3430,1.0290,1.5680,1.9066,0.491882,0.070496,-0.025574,0.867432,7.755,80.0,-1
1782769874.316,5492,1232206,0,0.00000000,0.00000000,0.00,0,0,1.69,-0.038,0.4410,1.0290,1.3230,1.7331,0.491882,0.070496,-0.025574,0.867432,7.760,68.8,-1
1782769874.503,5493,1232448,0,0.00000000,0.00000000,0.00,0,0,1.73,-0.004,-0.0980,0.9800,2.0580,2.2815,0.491882,0.070496,-0.025574,0.867432,7.761,71.2,-1
1782769874.752,5494,1232673,0,0.00000000,0.00000000,0.00,0,0,1.63,-0.061,0.3430,0.5390,0.8820,1.0891,0.491882,0.070496,-0.025574,0.867432,7.761,70.0,-1
1782769875.002,5495,1232895,0,0.00000000,0.00000000,0.00,0,0,1.80,0.058,0.5390,1.1270,2.4010,2.7066,0.491882,0.070496,-0.025574,0.867432,7.759,75.0,-1
1782769875.188,5496,1233115,0,0.00000000,0.00000000,0.00,0,0,1.74,0.015,0.2940,0.0490,1.8620,1.8857,0.491882,0.070496,-0.025574,0.867432,7.760,70.0,-1
1782769875.438,5497,1233338,0,0.00000000,0.00000000,0.00,0,0,1.62,-0.037,0.1960,0.2940,1.8130,1.8471,0.491882,0.070557,-0.025574,0.867432,7.761,68.8,-1
1782769875.624,5498,1233555,0,0.00000000,0.00000000,0.00,0,0,1.68,-0.035,0.1470,0.4900,1.6170,1.6960,0.491882,0.070557,-0.025513,0.867432,7.758,70.0,-1
1782769875.872,5499,1233777,0,0.00000000,0.00000000,0.00,0,0,1.69,-0.040,-0.0980,1.6170,2.1070,2.6578,0.491882,0.070496,-0.025513,0.867432,7.762,70.0,-1
1782769876.059,5500,1234001,0,0.00000000,0.00000000,0.00,0,0,1.61,-0.079,-0.4410,0.9800,1.3230,1.7045,0.491882,0.070557,-0.025574,0.867432,7.759,72.5,-1
1782769876.310,5501,1234230,0,0.00000000,0.00000000,0.00,0,0,1.73,-0.010,1.2250,0.4410,2.5970,2.9051,0.491882,0.070618,-0.025574,0.867432,7.760,71.2,-1
1782769876.559,5502,1234446,0,0.00000000,0.00000000,0.00,0,0,1.57,-0.081,0.4900,0.9800,2.0580,2.3315,0.491821,0.070679,-0.025452,0.867432,7.759,71.2,-1
1782769876.746,5503,1234671,0,0.00000000,0.00000000,0.00,0,0,1.44,-0.155,0.1470,1.1270,1.1270,1.6006,0.491821,0.070679,-0.025452,0.867432,7.759,71.2,-1
1782769876.995,5504,1234889,0,0.00000000,0.00000000,0.00,0,0,1.62,-0.030,1.1270,-0.1960,2.4990,2.7484,0.491760,0.070679,-0.025452,0.867493,7.754,75.0,-1
1782769877.182,5505,1235112,0,0.00000000,0.00000000,0.00,0,0,1.65,-0.023,0.2450,0.5880,1.9600,2.0609,0.491699,0.070679,-0.025391,0.867493,7.758,75.0,-1
1782769877.430,5506,1235334,0,0.00000000,0.00000000,0.00,0,0,1.71,0.022,0.0490,0.3920,1.3720,1.4277,0.491699,0.070618,-0.025391,0.867493,7.761,67.5,-1
1782769877.617,5507,1235553,0,0.00000000,0.00000000,0.00,0,0,1.62,-0.019,-0.1470,0.7840,1.0290,1.3020,0.491760,0.070557,-0.025391,0.867493,7.761,70.0,-1
1782769877.865,5508,1235775,0,0.00000000,0.00000000,0.00,0,0,1.68,0.009,0.4900,0.9800,1.6170,1.9533,0.491760,0.070496,-0.025452,0.867493,7.760,70.0,-1
1782769878.049,5509,1235990,0,0.00000000,0.00000000,0.00,0,0,1.62,-0.048,0.3430,0.5390,1.6660,1.7843,0.491638,0.070618,-0.025391,0.867554,7.758,81.2,-1
1782769878.298,5510,1236215,0,0.00000000,0.00000000,0.00,0,0,1.61,-0.058,0.4900,0.3430,1.9110,2.0024,0.491760,0.070496,-0.025452,0.867493,7.755,75.0,-1
1782769878.545,5511,1236437,0,0.00000000,0.00000000,0.00,0,0,1.57,-0.084,-0.1960,0.7840,1.7640,1.9403,0.491760,0.070496,-0.025452,0.867493,7.754,73.8,-1
1782769878.732,5512,1236659,0,0.00000000,0.00000000,0.00,0,0,1.50,-0.114,0.8820,0.6370,0.9800,1.4643,0.491699,0.070496,-0.025452,0.867554,7.755,75.0,-1
1782769878.982,5513,1236882,0,0.00000000,0.00000000,0.00,0,0,1.58,-0.046,0.1960,0.6860,1.7150,1.8575,0.491760,0.070435,-0.025452,0.867493,7.755,78.8,-1
1782769879.169,5514,1237106,0,0.00000000,0.00000000,0.00,0,0,1.59,-0.049,0.0980,0.5390,1.0780,1.2092,0.491699,0.070496,-0.025513,0.867493,7.756,75.0,-1
1782769879.420,5515,1237327,0,0.00000000,0.00000000,0.00,0,0,1.62,-0.009,0.1960,0.7840,1.8620,2.0298,0.491699,0.070496,-0.025513,0.867493,7.760,68.8,-1
1782769879.606,5516,1237543,0,0.00000000,0.00000000,0.00,0,0,1.59,-0.033,0.3430,0.7350,1.3720,1.5938,0.491699,0.070496,-0.025574,0.867493,7.756,75.0,-1
1782769879.856,5517,1237767,0,0.00000000,0.00000000,0.00,0,0,1.70,0.047,0.2940,0.8820,1.3720,1.6573,0.491699,0.070557,-0.025574,0.867493,7.760,70.0,-1
1782769880.043,5518,1237985,0,0.00000000,0.00000000,0.00,0,0,1.67,0.017,0.1960,0.7840,1.7640,1.9403,0.491699,0.070496,-0.025574,0.867493,7.756,77.5,-1
1782769880.292,5519,1238208,0,0.00000000,0.00000000,0.00,0,0,1.55,-0.043,0.1470,0.5390,1.8620,1.9440,0.491760,0.070496,-0.025452,0.867493,7.755,71.2,-1
1782769880.543,5520,1238449,0,0.00000000,0.00000000,0.00,0,0,1.62,-0.010,0.4410,0.5880,1.3230,1.5135,0.491760,0.070496,-0.025391,0.867493,7.758,73.8,-1
1782769880.730,5521,1238666,0,0.00000000,0.00000000,0.00,0,0,1.67,0.036,0.7350,0.2940,1.7150,1.8889,0.491760,0.070557,-0.025330,0.867493,7.758,76.2,-1
1782769880.978,5522,1238891,0,0.00000000,0.00000000,0.00,0,0,1.72,0.068,0.0980,0.5880,1.1270,1.2749,0.491760,0.070496,-0.025391,0.867493,7.753,78.8,-1
1782769881.165,5523,1239108,0,0.00000000,0.00000000,0.00,0,0,1.53,-0.076,0.0980,0.7350,1.6170,1.7789,0.491760,0.070496,-0.025452,0.867493,7.755,72.5,-1
1782769881.415,5524,1239327,0,0.00000000,0.00000000,0.00,0,0,1.61,-0.003,0.6370,0.5390,1.4210,1.6479,0.491760,0.070496,-0.025452,0.867493,7.758,73.8,-1
1782769881.601,5525,1239539,0,0.00000000,0.00000000,0.00,0,0,1.59,-0.027,-0.2940,0.9310,2.1070,2.3222,0.491760,0.070496,-0.025452,0.867493,7.753,78.8,-1
1782769881.848,5526,1239762,0,0.00000000,0.00000000,0.00,0,0,1.58,-0.033,-0.1470,1.3720,0.8330,1.6118,0.491699,0.070496,-0.025513,0.867493,7.754,75.0,-1
1782769882.037,5527,1239980,0,0.00000000,0.00000000,0.00,0,0,1.63,0.003,-0.5390,0.9310,0.4900,1.1821,0.491699,0.070557,-0.025513,0.867493,7.753,81.2,-1
1782769882.285,5528,1240202,0,0.00000000,0.00000000,0.00,0,0,1.63,0.012,0.7840,0.1960,1.8620,2.0298,0.491699,0.070557,-0.025513,0.867493,7.756,76.2,-1
1782769882.534,5529,1240444,0,0.00000000,0.00000000,0.00,0,0,1.49,-0.094,0.1960,0.3920,2.0090,2.0562,0.491699,0.070496,-0.025574,0.867493,7.758,76.2,-1
1782769882.722,5530,1240645,0,0.00000000,0.00000000,0.00,0,0,1.55,-0.036,-0.9310,2.1070,-0.7840,2.4333,0.491699,0.070557,-0.025574,0.867493,7.756,75.0,-1
1782769882.970,5531,1240865,0,0.00000000,0.00000000,0.00,0,0,1.61,0.012,0.2940,0.8330,1.7150,1.9291,0.491699,0.070618,-0.025574,0.867493,7.755,75.0,-1
1782769883.159,5532,1241083,0,0.00000000,0.00000000,0.00,0,0,1.68,0.065,0.1960,0.4900,1.2740,1.3790,0.491699,0.070618,-0.025574,0.867493,7.756,72.5,-1
1782769883.407,5533,1241302,0,0.00000000,0.00000000,0.00,0,0,1.59,-0.006,0.3430,0.4900,1.7150,1.8163,0.491699,0.070557,-0.025574,0.867493,7.753,78.8,-1
1782769883.591,5534,1241518,0,0.00000000,0.00000000,0.00,0,0,1.56,-0.020,-0.2940,0.4410,1.2740,1.3799,0.491699,0.070557,-0.025574,0.867493,7.758,72.5,-1
1782769883.839,5535,1241738,0,0.00000000,0.00000000,0.00,0,0,1.58,-0.006,0.1960,0.4900,1.6660,1.7476,0.491699,0.070618,-0.025635,0.867493,7.758,72.5,-1
1782769884.026,5536,1241964,0,0.00000000,0.00000000,0.00,0,0,1.65,0.056,0.3430,0.3430,2.2050,2.2577,0.491699,0.070618,-0.025635,0.867493,7.754,80.0,-1
1782769884.274,5537,1242189,0,0.00000000,0.00000000,0.00,0,0,1.72,0.079,0.5390,-0.0980,1.6660,1.7538,0.491699,0.070618,-0.025635,0.867493,7.759,71.2,-1
1782769884.521,5538,1242431,0,0.00000000,0.00000000,0.00,0,0,1.70,0.060,0.5390,0.4900,1.4210,1.5968,0.491699,0.070557,-0.025574,0.867493,7.754,78.8,-1
1782769884.710,5539,1242657,0,0.00000000,0.00000000,0.00,0,0,1.51,-0.075,0.2940,0.4410,2.3030,2.3632,0.491699,0.070557,-0.025574,0.867493,7.753,76.2,-1
1782769884.960,5540,1242880,0,0.00000000,0.00000000,0.00,0,0,1.67,0.026,0.4410,0.8820,1.7150,1.9783,0.491699,0.070557,-0.025574,0.867493,7.756,72.5,-1
1782769885.207,5541,1243098,0,0.00000000,0.00000000,0.00,0,0,1.71,0.019,0.0980,0.3920,1.3230,1.3833,0.491699,0.070557,-0.025574,0.867493,7.756,72.5,-1
1782769885.393,5542,1243322,0,0.00000000,0.00000000,0.00,0,0,1.80,0.071,0.2940,0.9310,0.7840,1.2521,0.491699,0.070557,-0.025574,0.867493,7.755,75.0,-1
1782769885.642,5543,1243541,0,0.00000000,0.00000000,0.00,0,0,1.70,0.027,-0.0980,0.8820,1.4210,1.6753,0.491699,0.070557,-0.025574,0.867493,7.755,73.8,-1
1782769885.828,5544,1243759,0,0.00000000,0.00000000,0.00,0,0,1.74,0.053,0.4410,0.6370,1.9110,2.0621,0.491699,0.070557,-0.025574,0.867493,7.754,75.0,-1
1782769886.077,5545,1243980,0,0.00000000,0.00000000,0.00,0,0,1.62,-0.031,0.3920,0.2940,2.1070,2.1632,0.491699,0.070557,-0.025513,0.867493,7.753,75.0,-1
1782769886.265,5546,1244200,0,0.00000000,0.00000000,0.00,0,0,1.66,-0.030,0.2450,0.5390,1.6660,1.7681,0.491760,0.070618,-0.025452,0.867493,7.751,76.2,-1
1782769886.515,5547,1244445,0,0.00000000,0.00000000,0.00,0,0,1.61,-0.038,0.4410,0.6860,2.2050,2.3510,0.491760,0.070557,-0.025452,0.867493,7.755,73.8,-1
1782769886.765,5548,1244670,0,0.00000000,0.00000000,0.00,0,0,1.59,-0.050,0.8330,1.0290,1.7150,2.1666,0.491699,0.070557,-0.025513,0.867493,7.754,80.0,-1
1782769886.952,5549,1244895,0,0.00000000,0.00000000,0.00,0,0,1.72,0.017,0.3920,0.7350,2.8910,3.0086,0.491699,0.070557,-0.025513,0.867493,7.751,81.2,-1
1782769887.200,5550,1245122,0,0.00000000,0.00000000,0.00,0,0,1.69,0.010,0.2940,0.4900,1.5190,1.6229,0.491699,0.070557,-0.025513,0.867493,7.755,75.0,-1
1782769887.450,5551,1245346,0,0.00000000,0.00000000,0.00,0,0,1.68,0.001,0.1960,0.5390,1.1760,1.3084,0.491699,0.070557,-0.025574,0.867493,7.755,76.2,-1
1782769887.636,5552,1245562,0,0.00000000,0.00000000,0.00,0,0,1.65,-0.011,0.4410,0.0000,1.1270,1.2102,0.491699,0.070557,-0.025574,0.867493,7.755,77.5,-1
1782769887.885,5553,1245783,0,0.00000000,0.00000000,0.00,0,0,1.68,0.018,0.4900,0.5390,1.8620,1.9994,0.491699,0.070557,-0.025574,0.867493,7.755,76.2,-1
1782769888.072,5554,1246006,0,0.00000000,0.00000000,0.00,0,0,1.56,-0.025,0.3430,0.0980,1.9110,1.9440,0.491699,0.070557,-0.025574,0.867493,7.754,75.0,-1
1782769888.324,5555,1246227,0,0.00000000,0.00000000,0.00,0,0,1.70,0.042,0.5880,0.4410,1.8620,2.0018,0.491699,0.070557,-0.025574,0.867493,7.758,75.0,-1
1782769888.512,5556,1246439,0,0.00000000,0.00000000,0.00,0,0,1.74,0.057,0.4900,0.5880,1.8620,2.0132,0.491699,0.070557,-0.025574,0.867493,7.754,75.0,-1
1782769888.761,5557,1246655,0,0.00000000,0.00000000,0.00,0,0,1.72,0.031,0.4900,0.0000,1.7640,1.8308,0.491699,0.070557,-0.025574,0.867493,7.754,80.0,-1
1782769888.948,5558,1246880,0,0.00000000,0.00000000,0.00,0,0,1.78,0.072,0.2940,0.8820,1.5190,1.7809,0.491699,0.070557,-0.025574,0.867493,7.754,76.2,-1
1782769889.195,5559,1247106,0,0.00000000,0.00000000,0.00,0,0,1.71,0.027,0.1470,0.5390,1.5680,1.6646,0.491699,0.070557,-0.025574,0.867493,7.755,77.5,-1
1782769889.444,5560,1247330,0,0.00000000,0.00000000,0.00,0,0,1.73,0.057,0.2450,0.6370,1.4210,1.5764,0.491699,0.070557,-0.025574,0.867493,7.756,73.8,-1
1782769889.631,5561,1247551,0,0.00000000,0.00000000,0.00,0,0,1.62,0.002,0.4410,0.4900,1.0290,1.2221,0.491699,0.070557,-0.025574,0.867493,7.756,75.0,-1
1782769889.881,5562,1247769,0,0.00000000,0.00000000,0.00,0,0,1.77,0.115,0.6370,0.7350,1.2740,1.6028,0.491699,0.070496,-0.025574,0.867493,7.756,73.8,-1
1782769890.068,5563,1247989,0,0.00000000,0.00000000,0.00,0,0,1.69,0.076,0.3430,0.1470,1.5190,1.5642,0.491699,0.070557,-0.025513,0.867493,7.758,72.5,-1
1782769890.318,5564,1248212,0,0.00000000,0.00000000,0.00,0,0,1.73,0.079,0.4410,0.5880,0.7840,1.0747,0.491699,0.070679,-0.025452,0.867493,7.758,75.0,-1
1782769890.505,5565,1248428,0,0.00000000,0.00000000,0.00,0,0,1.62,0.000,0.2940,0.6370,1.6170,1.7626,0.491699,0.070679,-0.025452,0.867493,7.759,73.8,-1
1782769890.755,5566,1248652,0,0.00000000,0.00000000,0.00,0,0,1.64,0.025,0.0000,0.2940,1.1760,1.2122,0.491638,0.070740,-0.025574,0.867554,7.755,73.8,-1
1782769890.942,5567,1248877,0,0.00000000,0.00000000,0.00,0,0,1.66,0.027,-0.2940,1.3230,1.3720,1.9285,0.491577,0.070679,-0.025513,0.867554,7.756,72.5,-1
1782769891.190,5568,1249101,0,0.00000000,0.00000000,0.00,0,0,1.77,0.081,0.1470,0.4410,1.6660,1.7296,0.491516,0.070679,-0.025513,0.867615,7.751,81.2,-1
1782769891.378,5569,1249325,0,0.00000000,0.00000000,0.00,0,0,1.73,0.051,0.6370,0.2450,2.3520,2.4490,0.491516,0.070679,-0.025452,0.867615,7.760,73.8,-1
1782769891.630,5570,1249542,0,0.00000000,0.00000000,0.00,0,0,1.70,0.003,0.0980,0.2940,1.3230,1.3588,0.491516,0.070679,-0.025452,0.867615,7.754,77.5,-1
1782769891.880,5571,1249766,0,0.00000000,0.00000000,0.00,0,0,1.76,0.027,0.4900,0.0490,1.0780,1.1852,0.491516,0.070618,-0.025513,0.867615,7.759,73.8,-1
1782769892.066,5572,1249984,0,0.00000000,0.00000000,0.00,0,0,1.76,0.020,0.1470,0.9310,0.4900,1.0623,0.491516,0.070618,-0.025513,0.867615,7.755,76.2,-1
1782769892.316,5573,1250207,0,0.00000000,0.00000000,0.00,0,0,1.88,0.102,0.2940,0.6860,1.5190,1.6925,0.491516,0.070557,-0.025513,0.867615,7.759,73.8,-1
1782769892.503,5574,1250447,0,0.00000000,0.00000000,0.00,0,0,1.77,0.012,0.4900,0.2450,1.3230,1.4319,0.491516,0.070557,-0.025513,0.867615,7.759,75.0,-1
1782769892.752,5575,1250665,0,0.00000000,0.00000000,0.00,0,0,1.75,0.012,0.1960,0.4900,1.0780,1.2002,0.491516,0.070557,-0.025513,0.867615,7.755,76.2,-1
1782769892.999,5576,1250885,0,0.00000000,0.00000000,0.00,0,0,1.78,0.021,1.1270,0.0980,2.2540,2.5220,0.491516,0.070557,-0.025574,0.867615,7.754,77.5,-1
1782769893.185,5577,1251106,0,0.00000000,0.00000000,0.00,0,0,1.83,0.052,0.5880,0.7840,1.0780,1.4569,0.491516,0.070557,-0.025574,0.867615,7.755,77.5,-1
1782769893.437,5578,1251327,0,0.00000000,0.00000000,0.00,0,0,1.87,0.079,0.6860,0.3920,1.5680,1.7558,0.491516,0.070557,-0.025574,0.867615,7.754,73.8,-1
1782769893.624,5579,1251540,0,0.00000000,0.00000000,0.00,0,0,1.96,0.111,0.9310,0.8820,1.3230,1.8426,0.491516,0.070557,-0.025452,0.867615,7.758,72.5,-1
1782769893.812,5580,1251758,0,0.00000000,0.00000000,0.00,0,0,1.75,-0.019,0.7350,0.6370,2.2050,2.4100,0.491516,0.070618,-0.025391,0.867615,7.759,72.5,-1
1782769894.061,5581,1251977,0,0.00000000,0.00000000,0.00,0,0,1.79,-0.004,0.3430,0.4410,2.4010,2.4651,0.491516,0.070618,-0.025391,0.867615,7.760,71.2,-1
1782769894.309,5582,1252201,0,0.00000000,0.00000000,0.00,0,0,1.60,-0.127,0.4900,0.7350,2.9890,3.1168,0.491516,0.070618,-0.025452,0.867615,7.755,72.5,-1
1782769894.559,5583,1252448,0,0.00000000,0.00000000,0.00,0,0,1.70,-0.052,0.5390,0.3920,1.7150,1.8399,0.491516,0.070618,-0.025452,0.867615,7.759,76.2,-1
1782769894.745,5584,1252672,0,0.00000000,0.00000000,0.00,0,0,1.57,-0.135,0.3920,0.6370,1.3720,1.5626,0.491516,0.070618,-0.025513,0.867615,7.756,71.2,-1
1782769894.994,5585,1252895,0,0.00000000,0.00000000,0.00,0,0,1.76,-0.012,-0.1960,0.1960,0.5880,0.6501,0.491516,0.070679,-0.025574,0.867615,7.758,76.2,-1
1782769895.181,5586,1253120,0,0.00000000,0.00000000,0.00,0,0,1.80,-0.000,0.3920,0.4900,1.5680,1.6889,0.491516,0.070618,-0.025574,0.867615,7.755,75.0,-1
1782769895.430,5587,1253341,0,0.00000000,0.00000000,0.00,0,0,1.77,-0.027,0.8330,-0.0980,2.1070,2.2678,0.491516,0.070618,-0.025574,0.867615,7.756,76.2,-1
1782769895.618,5588,1253561,0,0.00000000,0.00000000,0.00,0,0,1.76,-0.034,0.1470,-0.2450,0.8820,0.9271,0.491516,0.070557,-0.025574,0.867615,7.756,75.0,-1
1782769895.868,5589,1253785,0,0.00000000,0.00000000,0.00,0,0,1.73,-0.041,0.2450,0.5880,2.1070,2.2012,0.491516,0.070557,-0.025574,0.867615,7.759,73.8,-1
1782769896.117,5590,1254013,0,0.00000000,0.00000000,0.00,0,0,1.71,-0.038,0.4900,0.8820,1.1270,1.5127,0.491516,0.070557,-0.025574,0.867615,7.756,71.2,-1
1782769896.303,5591,1254236,0,0.00000000,0.00000000,0.00,0,0,1.73,-0.012,0.7840,0.5390,2.0580,2.2673,0.491516,0.070557,-0.025574,0.867615,7.761,70.0,-1
1782769896.551,5592,1254453,0,0.00000000,0.00000000,0.00,0,0,1.64,-0.049,0.1960,0.8330,1.6660,1.8729,0.491516,0.070618,-0.025574,0.867615,7.755,75.0,-1
1782769896.738,5593,1254677,0,0.00000000,0.00000000,0.00,0,0,1.65,-0.068,0.9310,1.5190,1.1760,2.1347,0.491516,0.070618,-0.025574,0.867615,7.759,71.2,-1
1782769896.987,5594,1254904,0,0.00000000,0.00000000,0.00,0,0,1.72,-0.005,0.3430,0.1960,1.1760,1.2406,0.491516,0.070618,-0.025574,0.867615,7.758,73.8,-1
1782769897.235,5595,1255123,0,0.00000000,0.00000000,0.00,0,0,1.67,-0.061,0.1470,0.9800,0.7350,1.2338,0.491516,0.070618,-0.025574,0.867615,7.758,75.0,-1
1782769897.421,5596,1255350,0,0.00000000,0.00000000,0.00,0,0,1.65,-0.049,0.7840,0.6370,2.5970,2.7865,0.491516,0.070557,-0.025574,0.867615,7.759,72.5,-1
1782769897.669,5597,1255569,0,0.00000000,0.00000000,0.00,0,0,1.71,0.011,1.1270,0.5390,1.8130,2.2017,0.491516,0.070557,-0.025574,0.867615,7.759,70.0,-1
1782769897.857,5598,1255792,0,0.00000000,0.00000000,0.00,0,0,1.62,-0.039,0.3920,0.1960,2.1560,2.2001,0.491516,0.070557,-0.025574,0.867615,7.758,68.8,-1
1782769898.106,5599,1256018,0,0.00000000,0.00000000,0.00,0,0,1.71,0.009,0.6370,0.5880,2.5480,2.6914,0.491516,0.070679,-0.025574,0.867615,7.756,72.5,-1
1782769898.358,5600,1256242,0,0.00000000,0.00000000,0.00,0,0,1.72,0.029,0.6860,1.2740,0.6370,1.5810,0.491516,0.070801,-0.025696,0.867615,7.758,75.0,-1
1782769898.544,5601,1256458,0,0.00000000,0.00000000,0.00,0,0,1.61,-0.026,0.4900,0.6370,1.6170,1.8057,0.491516,0.070801,-0.025635,0.867615,7.756,76.2,-1
1782769898.793,5602,1256681,0,0.00000000,0.00000000,0.00,0,0,1.63,-0.010,0.1960,0.2450,1.7150,1.7435,0.491577,0.070740,-0.025635,0.867615,7.755,72.5,-1
1782769898.979,5603,1256905,0,0.00000000,0.00000000,0.00,0,0,1.65,0.000,0.4410,0.9800,1.2740,1.6667,0.491577,0.070801,-0.025696,0.867615,7.758,72.5,-1
1782769899.229,5604,1257131,0,0.00000000,0.00000000,0.00,0,0,1.65,-0.004,-0.1470,0.9800,0.3430,1.0486,0.491577,0.070801,-0.025696,0.867615,7.756,72.5,-1
1782769899.416,5605,1257349,0,0.00000000,0.00000000,0.00,0,0,1.55,-0.067,0.4410,0.5880,1.8130,1.9563,0.491516,0.070801,-0.025696,0.867615,7.755,75.0,-1
1782769899.667,5606,1257565,0,0.00000000,0.00000000,0.00,0,0,1.61,-0.036,0.1960,0.3920,1.4210,1.4871,0.491516,0.070801,-0.025696,0.867615,7.758,73.8,-1
1782769899.854,5607,1257787,0,0.00000000,0.00000000,0.00,0,0,1.66,0.013,0.8330,0.8820,2.4500,2.7339,0.491516,0.070801,-0.025696,0.867615,7.758,71.2,-1
1782769900.105,5608,1258012,0,0.00000000,0.00000000,0.00,0,0,1.76,0.064,-0.0490,0.7350,2.1560,2.2784,0.491516,0.070801,-0.025757,0.867615,7.756,72.5,-1
1782769900.289,5609,1258235,0,0.00000000,0.00000000,0.00,0,0,1.72,0.044,0.5390,0.2450,1.7640,1.8607,0.491516,0.070801,-0.025696,0.867615,7.759,67.5,-1
1782769900.537,5610,1258450,0,0.00000000,0.00000000,0.00,0,0,1.78,0.093,0.3920,0.3430,2.0090,2.0754,0.491577,0.070740,-0.025696,0.867615,7.755,76.2,-1
1782769900.785,5611,1258676,0,0.00000000,0.00000000,0.00,0,0,1.65,0.007,0.2940,1.0290,1.4210,1.7789,0.491577,0.070679,-0.025635,0.867615,7.755,67.5,-1
1782769900.972,5612,1258895,0,0.00000000,0.00000000,0.00,0,0,1.71,0.041,0.2450,0.4900,1.3720,1.4773,0.491577,0.070679,-0.025635,0.867615,7.751,81.2,-1
1782769901.220,5613,1259120,0,0.00000000,0.00000000,0.00,0,0,1.63,-0.007,0.3430,0.1470,1.3230,1.3746,0.491577,0.070679,-0.025635,0.867615,7.755,72.5,-1
1782769901.405,5614,1259347,0,0.00000000,0.00000000,0.00,0,0,1.64,-0.007,0.0000,0.2940,2.0580,2.0789,0.491577,0.070679,-0.025635,0.867615,7.755,73.8,-1
1782769901.656,5615,1259559,0,0.00000000,0.00000000,0.00,0,0,1.56,-0.036,0.2450,0.4410,1.3720,1.4618,0.491577,0.070679,-0.025635,0.867615,7.760,73.8,-1
1782769901.843,5616,1259778,0,0.00000000,0.00000000,0.00,0,0,1.50,-0.057,0.4410,0.3430,2.5480,2.6085,0.491577,0.070679,-0.025635,0.867615,7.758,71.2,-1
1782769902.093,5617,1259997,0,0.00000000,0.00000000,0.00,0,0,1.75,0.118,0.2940,0.3430,1.4700,1.5379,0.491577,0.070618,-0.025635,0.867615,7.755,72.5,-1
1782769902.280,5618,1260217,0,0.00000000,0.00000000,0.00,0,0,1.67,0.040,0.4410,0.4900,1.8130,1.9291,0.491577,0.070618,-0.025635,0.867615,7.755,71.2,-1
1782769902.530,5619,1260434,0,0.00000000,0.00000000,0.00,0,0,1.82,0.108,0.1960,0.0000,1.1270,1.1439,0.491577,0.070618,-0.025574,0.867615,7.756,70.0,-1
1782769902.718,5620,1260662,0,0.00000000,0.00000000,0.00,0,0,1.68,0.003,0.0490,0.2450,1.7150,1.7331,0.491577,0.070679,-0.025635,0.867615,7.758,72.5,-1
1782769902.968,5621,1260881,0,0.00000000,0.00000000,0.00,0,0,1.59,-0.063,0.3430,0.6370,1.4700,1.6384,0.491577,0.070679,-0.025635,0.867615,7.753,72.5,-1
1782769903.155,5622,1261102,0,0.00000000,0.00000000,0.00,0,0,1.68,-0.018,0.1470,0.6860,1.4700,1.6288,0.491577,0.070679,-0.025635,0.867615,7.753,73.8,-1
1782769903.408,5623,1261319,0,0.00000000,0.00000000,0.00,0,0,1.70,0.020,0.3920,0.2940,1.3230,1.4108,0.491577,0.070679,-0.025635,0.867615,7.755,76.2,-1
1782769903.594,5624,1261533,0,0.00000000,0.00000000,0.00,0,0,1.71,-0.010,-0.2940,0.3920,1.4210,1.5031,0.491577,0.070740,-0.025696,0.867615,7.759,70.0,-1
1782769903.839,5625,1261751,0,0.00000000,0.00000000,0.00,0,0,1.62,-0.052,0.3430,0.5390,1.5190,1.6479,0.491577,0.070801,-0.025696,0.867615,7.755,82.5,-1
1782769904.028,5626,1261972,0,0.00000000,0.00000000,0.00,0,0,1.78,0.050,0.3920,0.1470,0.7350,0.8459,0.491516,0.070801,-0.025696,0.867615,7.754,78.8,-1
1782769904.277,5627,1262191,0,0.00000000,0.00000000,0.00,0,0,1.69,0.018,0.0000,1.0290,2.0090,2.2572,0.491516,0.070862,-0.025757,0.867615,7.754,78.8,-1
1782769904.525,5628,1262438,0,0.00000000,0.00000000,0.00,0,0,1.64,-0.027,0.1470,1.0290,1.8130,2.0898,0.491516,0.070862,-0.025757,0.867615,7.754,76.2,-1
1782769904.776,5629,1262662,0,0.00000000,0.00000000,0.00,0,0,1.70,0.021,0.3920,0.4900,1.8130,1.9185,0.491516,0.070801,-0.025757,0.867615,7.754,76.2,-1
1782769904.963,5630,1262886,0,0.00000000,0.00000000,0.00,0,0,1.68,0.017,-0.0490,0.9310,1.2250,1.5394,0.491577,0.070740,-0.025696,0.867615,7.755,72.5,-1
1782769905.212,5631,1263104,0,0.00000000,0.00000000,0.00,0,0,1.60,-0.029,1.5680,0.8820,2.3520,2.9612,0.491577,0.070679,-0.025635,0.867615,7.755,76.2,-1
1782769905.398,5632,1263327,0,0.00000000,0.00000000,0.00,0,0,1.78,0.058,0.3430,0.6370,1.3230,1.5079,0.491577,0.070679,-0.025635,0.867615,7.761,73.8,-1
1782769905.648,5633,1263540,0,0.00000000,0.00000000,0.00,0,0,1.60,-0.050,0.5390,0.5390,0.9800,1.2415,0.491577,0.070740,-0.025696,0.867615,7.760,70.0,-1
1782769905.836,5634,1263767,0,0.00000000,0.00000000,0.00,0,0,1.64,-0.028,0.4410,0.6370,1.4700,1.6617,0.491577,0.070801,-0.025696,0.867615,7.759,72.5,-1
1782769906.086,5635,1263985,0,0.00000000,0.00000000,0.00,0,0,1.80,0.079,0.1960,0.6370,1.4210,1.5695,0.491516,0.070801,-0.025696,0.867615,7.756,77.5,-1
1782769906.272,5636,1264210,0,0.00000000,0.00000000,0.00,0,0,1.62,-0.039,0.0490,0.7840,1.9110,2.0662,0.491516,0.070801,-0.025696,0.867615,7.760,70.0,-1
1782769906.519,5637,1264421,0,0.00000000,0.00000000,0.00,0,0,1.63,-0.026,0.2940,0.4900,1.7640,1.8542,0.491516,0.070862,-0.025757,0.867615,7.755,75.0,-1
1782769906.706,5638,1264643,0,0.00000000,0.00000000,0.00,0,0,1.51,-0.103,0.4410,0.2450,1.9600,2.0239,0.491516,0.070862,-0.025757,0.867615,7.756,75.0,-1
1782769906.956,5639,1264862,0,0.00000000,0.00000000,0.00,0,0,1.72,0.058,0.1960,0.3920,1.1270,1.2092,0.491516,0.070801,-0.025696,0.867615,7.755,73.8,-1
1782769907.204,5640,1265090,0,0.00000000,0.00000000,0.00,0,0,1.73,0.041,0.0980,0.6370,1.6170,1.7407,0.491516,0.070801,-0.025696,0.867615,7.759,70.0,-1
1782769907.391,5641,1265313,0,0.00000000,0.00000000,0.00,0,0,1.60,-0.022,0.1960,0.3430,1.6170,1.6646,0.491516,0.070801,-0.025696,0.867615,7.759,72.5,-1
1782769907.638,5642,1265528,0,0.00000000,0.00000000,0.00,0,0,1.65,-0.000,0.2940,0.6370,1.4700,1.6288,0.491516,0.070801,-0.025696,0.867615,7.755,76.2,-1
1782769907.825,5643,1265753,0,0.00000000,0.00000000,0.00,0,0,1.61,-0.023,0.2940,0.2940,1.2740,1.3401,0.491516,0.070801,-0.025757,0.867615,7.756,73.8,-1
1782769908.075,5644,1265970,0,0.00000000,0.00000000,0.00,0,0,1.67,0.025,-0.0490,0.5390,1.0290,1.1627,0.491516,0.070862,-0.025757,0.867615,7.760,71.2,-1
1782769908.262,5645,1266196,0,0.00000000,0.00000000,0.00,0,0,1.65,0.026,0.5880,0.0000,1.5680,1.6746,0.491516,0.070801,-0.025696,0.867615,7.756,73.8,-1
1782769908.512,5646,1266443,0,0.00000000,0.00000000,0.00,0,0,1.51,-0.042,0.3430,0.4410,1.1760,1.3020,0.491577,0.070740,-0.025696,0.867615,7.758,81.2,-1
1782769908.761,5647,1266664,0,0.00000000,0.00000000,0.00,0,0,1.58,-0.009,0.4900,0.5390,1.5190,1.6846,0.491577,0.070740,-0.025635,0.867615,7.756,77.5,-1
1782769908.947,5648,1266888,0,0.00000000,0.00000000,0.00,0,0,1.62,0.016,-0.1470,0.5390,0.7350,0.9232,0.491577,0.070740,-0.025696,0.867615,7.755,80.0,-1
1782769909.200,5649,1267111,0,0.00000000,0.00000000,0.00,0,0,1.68,0.048,0.2940,0.7840,1.6170,1.8209,0.491577,0.070740,-0.025696,0.867615,7.756,75.0,-1
1782769909.447,5650,1267335,0,0.00000000,0.00000000,0.00,0,0,1.61,0.014,0.2450,0.2450,1.3230,1.3676,0.491577,0.070740,-0.025635,0.867615,7.755,76.2,-1
1782769909.635,5651,1267549,0,0.00000000,0.00000000,0.00,0,0,1.48,-0.055,0.3920,0.5390,1.4210,1.5695,0.491577,0.070679,-0.025635,0.867615,7.759,75.0,-1
1782769909.883,5652,1267775,0,0.00000000,0.00000000,0.00,0,0,1.47,-0.061,0.6860,0.1960,1.7150,1.8575,0.491577,0.070618,-0.025635,0.867615,7.754,77.5,-1
1782769910.070,5653,1267996,0,0.00000000,0.00000000,0.00,0,0,1.55,-0.012,0.3430,0.4410,1.6170,1.7108,0.491577,0.070618,-0.025574,0.867615,7.755,75.0,-1
1782769910.321,5654,1268219,0,0.00000000,0.00000000,0.00,0,0,1.70,0.090,0.6860,-0.0980,1.4700,1.6251,0.491577,0.070557,-0.025574,0.867615,7.756,72.5,-1
1782769910.508,5655,1268429,0,0.00000000,0.00000000,0.00,0,0,1.54,0.019,0.2940,0.4900,1.5190,1.6229,0.491577,0.070557,-0.025574,0.867615,7.758,75.0,-1
1782769910.756,5656,1268650,0,0.00000000,0.00000000,0.00,0,0,1.59,0.040,-0.8330,1.3230,-1.3720,2.0800,0.491577,0.070618,-0.025574,0.867615,7.758,71.2,-1
1782769910.942,5657,1268869,0,0.00000000,0.00000000,0.00,0,0,1.68,0.095,0.6370,0.1960,1.2740,1.4378,0.491577,0.070557,-0.025574,0.867615,7.759,76.2,-1
1782769911.193,5658,1269089,0,0.00000000,0.00000000,0.00,0,0,1.66,0.076,0.5390,0.5880,1.7150,1.8914,0.491577,0.070557,-0.025574,0.867615,7.756,77.5,-1
1782769911.381,5659,1269309,0,0.00000000,0.00000000,0.00,0,0,1.62,0.041,0.2450,1.0290,1.7150,2.0150,0.491577,0.070557,-0.025574,0.867615,7.755,80.0,-1
1782769911.629,5660,1269520,0,0.00000000,0.00000000,0.00,0,0,1.64,0.046,-0.0980,0.8330,1.3230,1.5665,0.491577,0.070557,-0.025574,0.867615,7.758,76.2,-1
1782769911.815,5661,1269748,0,0.00000000,0.00000000,0.00,0,0,1.60,0.010,0.0000,0.5880,1.3720,1.4927,0.491577,0.070557,-0.025574,0.867615,7.755,78.8,-1
1782769912.066,5662,1269973,0,0.00000000,0.00000000,0.00,0,0,1.57,0.001,0.3430,0.8820,1.9110,2.1325,0.491577,0.070618,-0.025574,0.867615,7.756,75.0,-1
1782769912.255,5663,1270191,0,0.00000000,0.00000000,0.00,0,0,1.72,0.090,0.3430,0.5880,1.6170,1.7544,0.491577,0.070679,-0.025635,0.867615,7.755,81.2,-1
1782769912.506,5664,1270437,0,0.00000000,0.00000000,0.00,0,0,1.60,0.000,-0.6370,1.4700,2.3030,2.8054,0.491577,0.070679,-0.025635,0.867615,7.755,76.2,-1
1782769912.754,5665,1270661,0,0.00000000,0.00000000,0.00,0,0,1.60,0.009,0.7840,0.4410,1.3230,1.5998,0.491577,0.070618,-0.025635,0.867615,7.754,77.5,-1
1782769912.940,5666,1270883,0,0.00000000,0.00000000,0.00,0,0,1.67,0.052,0.3430,0.6860,1.7150,1.8787,0.491577,0.070618,-0.025574,0.867615,7.756,73.8,-1
1782769913.190,5667,1271104,0,0.00000000,0.00000000,0.00,0,0,1.62,-0.009,-0.1470,0.7840,1.2740,1.5031,0.491516,0.070618,-0.025635,0.867615,7.756,75.0,-1
1782769913.437,5668,1271325,0,0.00000000,0.00000000,0.00,0,0,1.46,-0.116,0.3430,1.4700,1.8130,2.3591,0.491516,0.070679,-0.025635,0.867615,7.758,71.2,-1
1782769913.622,5669,1271542,0,0.00000000,0.00000000,0.00,0,0,1.64,-0.005,0.3920,0.6370,1.0290,1.2721,0.491455,0.070679,-0.025513,0.867676,7.756,73.8,-1
1782769913.870,5670,1271768,0,0.00000000,0.00000000,0.00,0,0,1.62,-0.036,0.4900,0.2940,1.7150,1.8077,0.491455,0.070679,-0.025513,0.867676,7.762,68.8,-1
1782769914.056,5671,1271990,0,0.00000000,0.00000000,0.00,0,0,1.65,-0.028,0.4410,0.5880,1.9110,2.0475,0.491455,0.070679,-0.025452,0.867676,7.759,76.2,-1
1782769914.305,5672,1272215,0,0.00000000,0.00000000,0.00,0,0,1.76,0.048,0.4410,0.2450,1.0290,1.1460,0.491455,0.070679,-0.025391,0.867676,7.755,76.2,-1
1782769914.491,5673,1272430,0,0.00000000,0.00000000,0.00,0,0,1.70,-0.004,0.3430,0.1960,1.1270,1.1942,0.491455,0.070679,-0.025330,0.867676,7.758,71.2,-1
1782769914.739,5674,1272650,0,0.00000000,0.00000000,0.00,0,0,1.58,-0.097,0.3920,0.5390,1.4210,1.5695,0.491455,0.070740,-0.025269,0.867676,7.758,72.5,-1
1782769914.987,5675,1272875,0,0.00000000,0.00000000,0.00,0,0,1.59,-0.085,0.4410,0.5880,1.4700,1.6435,0.491455,0.070740,-0.025269,0.867676,7.753,72.5,-1
1782769915.174,5676,1273100,0,0.00000000,0.00000000,0.00,0,0,1.55,-0.086,0.4410,0.2940,1.3720,1.4708,0.491455,0.070740,-0.025269,0.867676,7.754,76.2,-1
1782769915.424,5677,1273317,0,0.00000000,0.00000000,0.00,0,0,1.71,0.029,0.3430,0.2450,1.2740,1.3419,0.491455,0.070740,-0.025269,0.867676,7.754,80.0,-1
1782769915.611,5678,1273532,0,0.00000000,0.00000000,0.00,0,0,1.66,-0.016,0.4410,0.4410,1.5190,1.6420,0.491455,0.070740,-0.025269,0.867676,7.759,72.5,-1
1782769915.861,5679,1273759,0,0.00000000,0.00000000,0.00,0,0,1.61,-0.032,0.4900,0.4900,2.6950,2.7827,0.491455,0.070740,-0.025208,0.867676,7.751,78.8,-1
1782769916.048,5680,1273980,0,0.00000000,0.00000000,0.00,0,0,1.53,-0.078,0.3920,0.3920,1.6660,1.7558,0.491455,0.070740,-0.025208,0.867676,7.753,73.8,-1
1782769916.298,5681,1274202,0,0.00000000,0.00000000,0.00,0,0,1.73,0.044,0.2940,0.5880,1.9110,2.0209,0.491455,0.070740,-0.025208,0.867676,7.753,76.2,-1
1782769916.546,5682,1274446,0,0.00000000,0.00000000,0.00,0,0,1.70,0.023,0.7840,0.0980,2.1560,2.2962,0.491455,0.070740,-0.025208,0.867676,7.754,75.0,-1
1782769916.735,5683,1274670,0,0.00000000,0.00000000,0.00,0,0,1.62,-0.022,0.2450,1.1760,1.7640,2.1342,0.491455,0.070740,-0.025208,0.867676,7.755,77.5,-1
1782769916.985,5684,1274894,0,0.00000000,0.00000000,0.00,0,0,1.69,0.006,0.0490,0.3920,1.5680,1.6170,0.491455,0.070740,-0.025208,0.867676,7.754,77.5,-1
1782769917.235,5685,1275121,0,0.00000000,0.00000000,0.00,0,0,1.78,0.050,0.0980,0.2450,0.7840,0.8272,0.491455,0.070740,-0.025269,0.867676,7.754,77.5,-1
1782769917.420,5686,1275343,0,0.00000000,0.00000000,0.00,0,0,1.82,0.044,-0.7840,2.1070,0.1470,2.2529,0.491455,0.070740,-0.025269,0.867676,7.755,75.0,-1
1782769917.669,5687,1275558,0,0.00000000,0.00000000,0.00,0,0,1.68,-0.049,-0.9310,1.5680,2.2050,2.8614,0.491455,0.070740,-0.025269,0.867676,7.760,68.8,-1
1782769917.859,5688,1275779,0,0.00000000,0.00000000,0.00,0,0,1.67,-0.051,-0.1470,1.1270,1.1270,1.6006,0.491455,0.070740,-0.025330,0.867676,7.758,71.2,-1
1782769918.108,5689,1276006,0,0.00000000,0.00000000,0.00,0,0,1.68,-0.054,0.0490,0.1470,1.3720,1.3807,0.491455,0.070740,-0.025330,0.867676,7.756,72.5,-1
1782769918.296,5690,1276226,0,0.00000000,0.00000000,0.00,0,0,1.65,-0.082,0.1470,0.5880,1.8130,1.9116,0.491455,0.070740,-0.025269,0.867676,7.756,71.2,-1
1782769918.545,5691,1276437,0,0.00000000,0.00000000,0.00,0,0,1.78,0.008,0.3920,0.8820,1.3230,1.6377,0.491455,0.070740,-0.025269,0.867676,7.756,70.0,-1
1782769918.731,5692,1276657,0,0.00000000,0.00000000,0.00,0,0,1.73,-0.013,0.1470,0.2450,1.3230,1.3535,0.491455,0.070740,-0.025269,0.867676,7.756,71.2,-1
1782769918.980,5693,1276877,0,0.00000000,0.00000000,0.00,0,0,1.85,0.077,-0.5390,0.6370,0.1960,0.8571,0.491455,0.070740,-0.025330,0.867676,7.756,72.5,-1
1782769919.168,5694,1277097,0,0.00000000,0.00000000,0.00,0,0,1.79,0.032,0.0000,1.3720,0.1960,1.3859,0.491455,0.070679,-0.025452,0.867676,7.754,72.5,-1
1782769919.417,5695,1277315,0,0.00000000,0.00000000,0.00,0,0,1.75,-0.002,0.1960,0.4410,1.1270,1.2260,0.491272,0.070862,-0.025574,0.867737,7.756,77.5,-1
1782769919.605,5696,1277530,0,0.00000000,0.00000000,0.00,0,0,1.82,0.037,-0.4900,1.1270,1.0290,1.6028,0.491333,0.070862,-0.025513,0.867737,7.755,75.0,-1
1782769919.854,5697,1277749,0,0.00000000,0.00000000,0.00,0,0,1.73,-0.011,0.3920,1.5190,0.0980,1.5718,0.491333,0.070801,-0.025513,0.867737,7.756,73.8,-1
1782769920.042,5698,1277971,0,0.00000000,0.00000000,0.00,0,0,1.86,0.075,0.3920,0.3920,1.8620,1.9428,0.491333,0.070740,-0.025513,0.867737,7.754,72.5,-1
1782769920.291,5699,1278190,0,0.00000000,0.00000000,0.00,0,0,1.71,-0.039,0.0000,1.0290,0.9800,1.4210,0.491333,0.070801,-0.025452,0.867737,7.755,71.2,-1
1782769920.540,5700,1278436,0,0.00000000,0.00000000,0.00,0,0,1.77,0.028,0.7350,-0.0980,2.3520,2.4661,0.491333,0.070740,-0.025452,0.867737,7.758,73.8,-1
1782769920.728,5701,1278659,0,0.00000000,0.00000000,0.00,0,0,1.74,0.009,0.5880,0.7840,1.6660,1.9329,0.491333,0.070740,-0.025513,0.867737,7.756,72.5,-1
1782769920.978,5702,1278880,0,0.00000000,0.00000000,0.00,0,0,1.81,0.045,0.2940,0.2940,0.3430,0.5390,0.491333,0.070740,-0.025513,0.867737,7.754,73.8,-1
1782769921.165,5703,1279099,0,0.00000000,0.00000000,0.00,0,0,1.81,0.029,0.7350,0.3430,2.0580,2.2121,0.491272,0.070801,-0.025574,0.867737,7.758,73.8,-1
1782769921.418,5704,1279321,0,0.00000000,0.00000000,0.00,0,0,1.81,0.010,0.1470,0.5390,1.4210,1.5269,0.491272,0.070740,-0.025574,0.867737,7.754,75.0,-1
1782769921.604,5705,1279535,0,0.00000000,0.00000000,0.00,0,0,1.86,0.045,0.9800,0.3920,2.3030,2.5334,0.491272,0.070679,-0.025574,0.867737,7.756,73.8,-1
1782769921.849,5706,1279752,0,0.00000000,0.00000000,0.00,0,0,1.75,-0.030,-0.2450,0.8330,1.1270,1.4227,0.491333,0.070679,-0.025574,0.867737,7.756,72.5,-1
1782769922.036,5707,1279976,0,0.00000000,0.00000000,0.00,0,0,1.86,0.060,0.2940,0.2940,1.1760,1.2473,0.491333,0.070618,-0.025574,0.867737,7.759,72.5,-1
1782769922.286,5708,1280194,0,0.00000000,0.00000000,0.00,0,0,1.78,-0.002,1.4700,1.2250,1.7640,2.6025,0.491333,0.070618,-0.025574,0.867737,7.759,73.8,-1
1782769922.535,5709,1280439,0,0.00000000,0.00000000,0.00,0,0,1.74,-0.039,0.4900,-0.2940,2.4010,2.4681,0.491272,0.070740,-0.025635,0.867737,7.758,72.5,-1
1782769922.784,5710,1280668,0,0.00000000,0.00000000,0.00,0,0,1.65,-0.090,0.5880,0.1470,2.3030,2.3814,0.491272,0.070801,-0.025574,0.867737,7.760,71.2,-1
1782769922.972,5711,1280896,0,0.00000000,0.00000000,0.00,0,0,1.84,0.050,0.0980,0.5390,1.1760,1.2973,0.491272,0.070862,-0.025574,0.867737,7.754,75.0,-1
1782769923.221,5712,1281121,0,0.00000000,0.00000000,0.00,0,0,1.72,-0.035,1.0290,0.9800,2.6950,3.0467,0.491272,0.070801,-0.025574,0.867737,7.756,73.8,-1
1782769923.408,5713,1281348,0,0.00000000,0.00000000,0.00,0,0,1.85,0.048,0.7350,-1.2250,2.2050,2.6273,0.491272,0.070740,-0.025574,0.867737,7.756,71.2,-1
1782769923.657,5714,1281568,0,0.00000000,0.00000000,0.00,0,0,1.84,0.022,0.1960,0.5390,1.8130,1.9016,0.491272,0.070801,-0.025635,0.867737,7.758,70.0,-1
1782769923.902,5715,1281788,0,0.00000000,0.00000000,0.00,0,0,1.75,-0.057,0.4900,0.2450,1.8620,1.9409,0.491272,0.070801,-0.025635,0.867737,7.756,72.5,-1
1782769924.086,5716,1282008,0,0.00000000,0.00000000,0.00,0,0,1.68,-0.121,-0.2940,0.9310,0.0490,0.9775,0.491272,0.070862,-0.025696,0.867737,7.756,72.5,-1
1782769924.335,5717,1282231,0,0.00000000,0.00000000,0.00,0,0,1.78,-0.042,1.0780,0.6370,2.2540,2.5784,0.491272,0.070801,-0.025635,0.867737,7.760,66.2,-1
1782769924.523,5718,1282442,0,0.00000000,0.00000000,0.00,0,0,1.67,-0.097,0.0980,0.3430,1.5680,1.6081,0.491272,0.070740,-0.025635,0.867737,7.759,73.8,-1
1782769924.772,5719,1282666,0,0.00000000,0.00000000,0.00,0,0,1.68,-0.086,0.0490,0.3430,1.6660,1.7016,0.491272,0.070679,-0.025635,0.867737,7.756,71.2,-1
1782769924.958,5720,1282891,0,0.00000000,0.00000000,0.00,0,0,1.65,-0.089,0.6860,-0.0490,1.8620,1.9850,0.491272,0.070740,-0.025635,0.867737,7.756,77.5,-1
1782769925.208,5721,1283115,0,0.00000000,0.00000000,0.00,0,0,1.66,-0.076,0.4410,0.5390,1.1760,1.3667,0.491272,0.070801,-0.025696,0.867737,7.760,71.2,-1
1782769925.457,5722,1283342,0,0.00000000,0.00000000,0.00,0,0,1.81,0.026,-0.1960,0.7840,2.4010,2.5334,0.491272,0.070801,-0.025635,0.867737,7.753,75.0,-1
1782769925.644,5723,1283552,0,0.00000000,0.00000000,0.00,0,0,1.77,0.005,-0.6370,1.3230,1.3230,1.9765,0.491272,0.070801,-0.025635,0.867737,7.758,68.8,-1
1782769925.832,5724,1283775,0,0.00000000,0.00000000,0.00,0,0,1.80,0.030,0.7350,0.1470,2.3030,2.4219,0.491272,0.070862,-0.025635,0.867737,7.761,68.8,-1
1782769926.081,5725,1283998,0,0.00000000,0.00000000,0.00,0,0,1.82,0.039,-0.9310,1.2740,-0.9800,1.8575,0.491272,0.070801,-0.025635,0.867737,7.760,73.8,-1
1782769926.332,5726,1284226,0,0.00000000,0.00000000,0.00,0,0,1.69,-0.066,1.5680,0.8330,2.3030,2.9080,0.491272,0.070740,-0.025635,0.867737,7.759,73.8,-1
1782769926.518,5727,1284440,0,0.00000000,0.00000000,0.00,0,0,1.79,0.004,0.4900,-0.0490,2.1070,2.1638,0.491272,0.070679,-0.025574,0.867737,7.753,73.8,-1
1782769926.765,5728,1284660,0,0.00000000,0.00000000,0.00,0,0,1.76,-0.024,0.2450,0.5880,1.7150,1.8295,0.491272,0.070618,-0.025574,0.867737,7.755,77.5,-1
1782769926.952,5729,1284888,0,0.00000000,0.00000000,0.00,0,0,1.66,-0.075,0.0980,0.2940,0.9310,0.9812,0.491333,0.070618,-0.025574,0.867737,7.753,81.2,-1
1782769927.200,5730,1285106,0,0.00000000,0.00000000,0.00,0,0,1.78,0.008,-0.1470,0.9800,0.7840,1.2636,0.491333,0.070618,-0.025574,0.867737,7.750,76.2,-1
1782769927.388,5731,1285327,0,0.00000000,0.00000000,0.00,0,0,1.74,-0.027,0.2940,1.5190,1.2250,1.9734,0.491333,0.070557,-0.025574,0.867737,7.755,80.0,-1
1782769927.637,5732,1285543,0,0.00000000,0.00000000,0.00,0,0,1.70,-0.070,0.4410,0.4900,1.7150,1.8373,0.491333,0.070557,-0.025574,0.867737,7.755,75.0,-1
1782769927.826,5733,1285769,0,0.00000000,0.00000000,0.00,0,0,1.67,-0.095,0.2450,0.4900,0.8330,0.9970,0.491333,0.070557,-0.025574,0.867737,7.756,75.0,-1
1782769928.077,5734,1285987,0,0.00000000,0.00000000,0.00,0,0,1.73,-0.038,0.1960,0.3920,1.4700,1.5339,0.491333,0.070618,-0.025574,0.867737,7.754,78.8,-1
1782769928.264,5735,1286206,0,0.00000000,0.00000000,0.00,0,0,1.68,-0.063,0.4410,0.4410,1.4700,1.5968,0.491272,0.070618,-0.025574,0.867737,7.754,78.8,-1
1782769928.514,5736,1286424,0,0.00000000,0.00000000,0.00,0,0,1.80,0.007,0.0000,0.5880,1.8620,1.9526,0.491333,0.070618,-0.025574,0.867737,7.759,71.2,-1
1782769928.764,5737,1286649,0,0.00000000,0.00000000,0.00,0,0,1.85,0.039,0.3920,0.7350,1.3720,1.6051,0.491333,0.070618,-0.025574,0.867737,7.754,75.0,-1
1782769928.950,5738,1286875,0,0.00000000,0.00000000,0.00,0,0,1.81,-0.005,0.0490,0.7840,1.2740,1.4967,0.491333,0.070618,-0.025574,0.867737,7.758,75.0,-1
1782769929.202,5739,1287100,0,0.00000000,0.00000000,0.00,0,0,1.74,-0.050,0.3920,0.7350,1.2250,1.4814,0.491272,0.070679,-0.025635,0.867737,7.755,73.8,-1
1782769929.388,5740,1287324,0,0.00000000,0.00000000,0.00,0,0,1.74,-0.049,0.0490,0.6370,1.4700,1.6028,0.491272,0.070679,-0.025635,0.867737,7.755,73.8,-1
1782769929.636,5741,1287541,0,0.00000000,0.00000000,0.00,0,0,1.78,-0.001,0.8820,0.6370,1.5190,1.8684,0.491272,0.070679,-0.025635,0.867737,7.753,75.0,-1
1782769929.825,5742,1287761,0,0.00000000,0.00000000,0.00,0,0,1.73,-0.041,0.2940,0.3920,1.8620,1.9254,0.491272,0.070740,-0.025635,0.867737,7.754,76.2,-1
1782769930.075,5743,1287984,0,0.00000000,0.00000000,0.00,0,0,1.70,-0.072,0.1960,0.4410,1.6170,1.6875,0.491272,0.070679,-0.025635,0.867737,7.758,72.5,-1
1782769930.262,5744,1288202,0,0.00000000,0.00000000,0.00,0,0,1.82,0.020,0.4410,0.3920,1.6660,1.7674,0.491272,0.070740,-0.025635,0.867737,7.754,76.2,-1
1782769930.509,5745,1288447,0,0.00000000,0.00000000,0.00,0,0,1.78,-0.028,0.4900,0.6370,2.3030,2.4392,0.491272,0.070679,-0.025574,0.867737,7.758,76.2,-1
1782769930.758,5746,1288670,0,0.00000000,0.00000000,0.00,0,0,1.66,-0.083,0.3920,0.3920,1.2250,1.3446,0.491333,0.070618,-0.025574,0.867737,7.758,76.2,-1
1782769931.007,5747,1288897,0,0.00000000,0.00000000,0.00,0,0,1.70,-0.076,0.3430,0.7840,1.7640,1.9606,0.491333,0.070496,-0.025513,0.867737,7.753,78.8,-1
1782769931.193,5748,1289117,0,0.00000000,0.00000000,0.00,0,0,1.70,-0.060,0.2450,0.5390,2.4500,2.5205,0.491333,0.070496,-0.025513,0.867737,7.754,78.8,-1
1782769931.439,5749,1289339,0,0.00000000,0.00000000,0.00,0,0,1.60,-0.131,0.3430,0.4410,1.1760,1.3020,0.491333,0.070557,-0.025513,0.867737,7.751,75.0,-1
1782769931.626,5750,1289558,0,0.00000000,0.00000000,0.00,0,0,1.71,-0.059,0.6370,0.5390,1.3720,1.6058,0.491455,0.070557,-0.025513,0.867676,7.755,78.8,-1
1782769931.875,5751,1289778,0,0.00000000,0.00000000,0.00,0,0,1.78,-0.010,0.7350,0.1470,2.4500,2.5621,0.491516,0.070435,-0.025452,0.867615,7.755,76.2,-1
1782769932.062,5752,1289995,0,0.00000000,0.00000000,0.00,0,0,1.76,-0.011,0.2940,0.5880,1.5190,1.6552,0.491516,0.070496,-0.025330,0.867615,7.756,76.2,-1
1782769932.310,5753,1290220,0,0.00000000,0.00000000,0.00,0,0,1.70,-0.058,0.1960,0.6860,1.0290,1.2521,0.491577,0.070557,-0.025391,0.867615,7.754,76.2,-1
1782769932.498,5754,1290430,0,0.00000000,0.00000000,0.00,0,0,1.78,-0.043,0.2450,0.4900,0.6370,0.8402,0.491577,0.070557,-0.025391,0.867615,7.756,73.8,-1
1782769932.748,5755,1290648,0,0.00000000,0.00000000,0.00,0,0,1.65,-0.122,0.3430,0.4410,1.4700,1.5726,0.491516,0.070557,-0.025452,0.867615,7.755,76.2,-1
1782769932.936,5756,1290870,0,0.00000000,0.00000000,0.00,0,0,1.73,-0.068,0.2450,0.8330,1.7640,1.9661,0.491516,0.070557,-0.025452,0.867615,7.755,72.5,-1
1782769933.183,5757,1291091,0,0.00000000,0.00000000,0.00,0,0,1.67,-0.088,0.0490,0.2940,0.8330,0.8847,0.491516,0.070557,-0.025513,0.867615,7.758,75.0,-1
1782769933.369,5758,1291309,0,0.00000000,0.00000000,0.00,0,0,1.79,-0.023,0.0980,0.3430,1.2740,1.3230,0.491516,0.070557,-0.025513,0.867615,7.755,75.0,-1
1782769933.618,5759,1291519,0,0.00000000,0.00000000,0.00,0,0,1.70,-0.069,-0.1960,0.4410,1.3720,1.4544,0.491516,0.070557,-0.025513,0.867615,7.754,82.5,-1
1782769933.806,5760,1291740,0,0.00000000,0.00000000,0.00,0,0,1.82,0.032,0.7350,-0.2940,1.3720,1.5840,0.491516,0.070618,-0.025574,0.867615,7.753,82.5,-1
1782769934.055,5761,1291963,0,0.00000000,0.00000000,0.00,0,0,1.80,0.014,0.3430,0.7350,1.5190,1.7220,0.491516,0.070679,-0.025635,0.867615,7.754,76.2,-1
1782769934.242,5762,1292182,0,0.00000000,0.00000000,0.00,0,0,1.71,-0.036,0.2450,0.8330,1.1270,1.4227,0.491516,0.070679,-0.025635,0.867615,7.755,77.5,-1
1782769934.492,5763,1292425,0,0.00000000,0.00000000,0.00,0,0,1.82,0.033,0.1470,0.5880,1.1760,1.3230,0.491516,0.070740,-0.025696,0.867615,7.753,76.2,-1
1782769934.739,5764,1292643,0,0.00000000,0.00000000,0.00,0,0,1.68,-0.052,0.3920,1.1760,0.3920,1.3001,0.491577,0.070618,-0.025757,0.867615,7.753,76.2,-1
1782769934.926,5765,1292865,0,0.00000000,0.00000000,0.00,0,0,1.75,-0.010,0.3430,0.6860,1.6660,1.8341,0.491638,0.070618,-0.025635,0.867554,7.754,76.2,-1
1782769935.178,5766,1293089,0,0.00000000,0.00000000,0.00,0,0,1.78,0.008,-0.1960,1.3720,1.7150,2.2050,0.491699,0.070557,-0.025696,0.867554,7.755,76.2,-1
1782769935.428,5767,1293313,0,0.00000000,0.00000000,0.00,0,0,1.69,-0.035,0.2940,0.9310,1.9110,2.1460,0.491699,0.070496,-0.025696,0.867493,7.754,76.2,-1
1782769935.615,5768,1293527,0,0.00000000,0.00000000,0.00,0,0,1.69,-0.041,0.2940,0.5390,1.4700,1.5931,0.491760,0.070496,-0.025696,0.867493,7.756,76.2,-1
1782769935.863,5769,1293748,0,0.00000000,0.00000000,0.00,0,0,1.84,0.055,0.0490,0.3920,1.7150,1.7599,0.491760,0.070496,-0.025635,0.867493,7.755,75.0,-1
1782769936.050,5770,1293976,0,0.00000000,0.00000000,0.00,0,0,1.73,-0.028,0.3430,0.4900,1.7640,1.8626,0.491760,0.070496,-0.025635,0.867493,7.754,73.8,-1
1782769936.299,5771,1294201,0,0.00000000,0.00000000,0.00,0,0,1.75,-0.017,0.1470,0.3430,2.0090,2.0434,0.491760,0.070496,-0.025635,0.867493,7.755,72.5,-1
1782769936.547,5772,1294449,0,0.00000000,0.00000000,0.00,0,0,1.73,-0.023,0.2450,0.5390,1.9600,2.0475,0.491760,0.070557,-0.025635,0.867493,7.753,73.8,-1
1782769936.734,5773,1294669,0,0.00000000,0.00000000,0.00,0,0,1.71,-0.044,0.3430,0.6860,1.3720,1.5718,0.491760,0.070618,-0.025635,0.867493,7.755,76.2,-1
1782769936.983,5774,1294887,0,0.00000000,0.00000000,0.00,0,0,1.82,0.044,0.2450,0.3430,1.6170,1.6710,0.491760,0.070618,-0.025696,0.867493,7.749,83.8,-1
1782769937.170,5775,1295106,0,0.00000000,0.00000000,0.00,0,0,1.81,0.003,0.1470,0.5880,1.4700,1.5900,0.491760,0.070679,-0.025696,0.867493,7.755,76.2,-1
1782769937.421,5776,1295332,0,0.00000000,0.00000000,0.00,0,0,1.84,0.020,0.0490,0.6370,1.2250,1.3816,0.491760,0.070740,-0.025696,0.867493,7.758,75.0,-1
1782769937.608,5777,1295552,0,0.00000000,0.00000000,0.00,0,0,1.79,-0.017,0.8820,0.5390,2.9400,3.1164,0.491760,0.070740,-0.025696,0.867493,7.761,68.8,-1
1782769937.856,5778,1295774,0,0.00000000,0.00000000,0.00,0,0,1.81,-0.006,0.5880,0.3920,1.9600,2.0835,0.491760,0.070740,-0.025696,0.867493,7.760,72.5,-1
1782769938.104,5779,1296002,0,0.00000000,0.00000000,0.00,0,0,1.79,-0.008,0.0000,0.1470,1.4700,1.4773,0.491760,0.070679,-0.025696,0.867493,7.760,76.2,-1
1782769938.292,5780,1296225,0,0.00000000,0.00000000,0.00,0,0,1.85,0.025,0.0000,0.4410,1.8620,1.9135,0.491760,0.070679,-0.025635,0.867493,7.759,73.8,-1
1782769938.541,5781,1296440,0,0.00000000,0.00000000,0.00,0,0,1.86,0.029,-0.0490,0.0000,1.3720,1.3729,0.491760,0.070679,-0.025696,0.867493,7.753,78.8,-1
1782769938.731,5782,1296666,0,0.00000000,0.00000000,0.00,0,0,1.81,0.007,0.2450,0.1960,1.3230,1.3597,0.491760,0.070740,-0.025696,0.867493,7.762,67.5,-1
1782769938.978,5783,1296883,0,0.00000000,0.00000000,0.00,0,0,1.86,0.020,0.2940,0.5880,2.0090,2.1138,0.491760,0.070740,-0.025696,0.867493,7.756,76.2,-1
1782769939.166,5784,1297103,0,0.00000000,0.00000000,0.00,0,0,1.77,-0.035,0.2940,0.7350,1.9600,2.1138,0.491760,0.070679,-0.025696,0.867493,7.758,76.2,-1
1782769939.414,5785,1297324,0,0.00000000,0.00000000,0.00,0,0,1.82,-0.007,0.1470,0.6370,1.4210,1.5642,0.491760,0.070679,-0.025635,0.867493,7.756,75.0,-1
1782769939.602,5786,1297534,0,0.00000000,0.00000000,0.00,0,0,1.78,-0.025,0.3920,0.3430,2.1070,2.1704,0.491760,0.070679,-0.025635,0.867493,7.755,78.8,-1
1782769939.850,5787,1297751,0,0.00000000,0.00000000,0.00,0,0,1.80,-0.028,0.5880,0.4410,1.8130,1.9563,0.491760,0.070618,-0.025635,0.867493,7.756,73.8,-1
1782769940.038,5788,1297975,0,0.00000000,0.00000000,0.00,0,0,1.81,-0.031,0.3920,0.3920,1.6660,1.7558,0.491760,0.070618,-0.025635,0.867493,7.754,82.5,-1
1782769940.290,5789,1298194,0,0.00000000,0.00000000,0.00,0,0,1.80,-0.035,0.0000,0.4410,1.6170,1.6761,0.491760,0.070618,-0.025635,0.867493,7.755,81.2,-1
1782769940.540,5790,1298440,0,0.00000000,0.00000000,0.00,0,0,1.84,0.020,0.0980,0.9800,1.5680,1.8517,0.491760,0.070618,-0.025635,0.867493,7.754,76.2,-1
1782769940.727,5791,1298661,0,0.00000000,0.00000000,0.00,0,0,1.78,-0.010,-0.5880,1.0290,0.6370,1.3455,0.491760,0.070618,-0.025635,0.867493,7.753,76.2,-1
1782769940.974,5792,1298889,0,0.00000000,0.00000000,0.00,0,0,1.77,-0.007,0.0490,0.7350,2.0580,2.1859,0.491760,0.070618,-0.025635,0.867493,7.753,83.8,-1
1782769941.220,5793,1299107,0,0.00000000,0.00000000,0.00,0,0,1.85,0.027,0.1960,0.8330,1.8620,2.0492,0.491760,0.070557,-0.025574,0.867493,7.759,76.2,-1
1782769941.406,5794,1299330,0,0.00000000,0.00000000,0.00,0,0,1.82,0.012,0.0980,0.5880,1.2740,1.4066,0.491760,0.070679,-0.025635,0.867493,7.756,75.0,-1
1782769941.653,5795,1299546,0,0.00000000,0.00000000,0.00,0,0,1.81,-0.014,0.0000,0.2450,2.5970,2.6085,0.491760,0.070618,-0.025513,0.867493,7.759,75.0,-1
1782769941.837,5796,1299772,0,0.00000000,0.00000000,0.00,0,0,1.75,-0.039,-0.0490,0.7840,0.9800,1.2560,0.491821,0.070679,-0.025330,0.867432,7.758,73.8,-1
1782769942.085,5797,1299994,0,0.00000000,0.00000000,0.00,0,0,1.79,-0.005,0.5390,0.5880,1.6170,1.8030,0.491882,0.070679,-0.025330,0.867432,7.758,75.0,-1
1782769942.273,5798,1300210,0,0.00000000,0.00000000,0.00,0,0,1.87,0.037,0.5390,0.0490,2.0580,2.1280,0.491821,0.070618,-0.025330,0.867432,7.756,77.5,-1
1782769942.522,5799,1300427,0,0.00000000,0.00000000,0.00,0,0,1.89,0.063,0.4900,0.2940,1.5190,1.6229,0.491760,0.070618,-0.025391,0.867493,7.758,75.0,-1
1782769942.712,5800,1300646,0,0.00000000,0.00000000,0.00,0,0,1.87,0.040,0.4410,0.4410,1.7640,1.8710,0.491760,0.070679,-0.025452,0.867493,7.758,72.5,-1
1782769942.961,5801,1300872,0,0.00000000,0.00000000,0.00,0,0,1.72,-0.043,0.0490,0.8820,1.4700,1.7150,0.491760,0.070679,-0.025513,0.867493,7.756,75.0,-1
1782769943.209,5802,1301094,0,0.00000000,0.00000000,0.00,0,0,1.84,0.032,0.2940,0.4900,2.2540,2.3253,0.491760,0.070679,-0.025513,0.867493,7.760,70.0,-1
1782769943.397,5803,1301312,0,0.00000000,0.00000000,0.00,0,0,1.88,0.055,0.7350,0.7840,1.1270,1.5572,0.491760,0.070679,-0.025574,0.867493,7.754,73.8,-1
1782769943.646,5804,1301532,0,0.00000000,0.00000000,0.00,0,0,1.76,-0.012,0.8820,0.1960,1.7640,1.9819,0.491760,0.070740,-0.025635,0.867493,7.755,76.2,-1
1782769943.832,5805,1301754,0,0.00000000,0.00000000,0.00,0,0,1.89,0.077,0.6370,0.0490,1.8620,1.9686,0.491760,0.070862,-0.025574,0.867493,7.758,72.5,-1
1782769944.081,5806,1301974,0,0.00000000,0.00000000,0.00,0,0,1.83,0.039,-0.0980,1.0780,1.4700,1.8255,0.491760,0.070862,-0.025513,0.867432,7.756,77.5,-1
1782769944.269,5807,1302197,0,0.00000000,0.00000000,0.00,0,0,1.78,0.004,0.2940,1.0290,1.6660,1.9801,0.491760,0.070801,-0.025513,0.867493,7.758,70.0,-1
1782769944.519,5808,1302443,0,0.00000000,0.00000000,0.00,0,0,1.94,0.094,0.4410,0.7350,2.0090,2.1842,0.491760,0.070740,-0.025574,0.867493,7.758,75.0,-1
1782769944.768,5809,1302666,0,0.00000000,0.00000000,0.00,0,0,1.84,0.023,0.6860,0.7350,1.8620,2.1161,0.491760,0.070679,-0.025574,0.867493,7.753,73.8,-1
1782769944.953,5810,1302887,0,0.00000000,0.00000000,0.00,0,0,1.88,0.033,0.3920,1.1760,1.5190,1.9606,0.491760,0.070679,-0.025574,0.867493,7.755,77.5,-1
1782769945.202,5811,1303106,0,0.00000000,0.00000000,0.00,0,0,1.83,-0.007,-0.0980,1.2250,1.0290,1.6028,0.491760,0.070618,-0.025574,0.867493,7.756,73.8,-1
1782769945.389,5812,1303326,0,0.00000000,0.00000000,0.00,0,0,1.78,-0.055,-0.3430,2.0090,0.4410,2.0852,0.491760,0.070618,-0.025513,0.867493,7.756,75.0,-1
1782769945.640,5813,1303542,0,0.00000000,0.00000000,0.00,0,0,1.76,-0.080,0.1470,0.5390,0.6860,0.8847,0.491760,0.070618,-0.025513,0.867493,7.759,70.0,-1
1782769945.827,5814,1303768,0,0.00000000,0.00000000,0.00,0,0,1.73,-0.094,0.6370,-0.1960,0.9800,1.1852,0.491760,0.070557,-0.025513,0.867493,7.755,76.2,-1
1782769946.075,5815,1303988,0,0.00000000,0.00000000,0.00,0,0,1.81,-0.047,0.3920,-0.0490,2.4010,2.4333,0.491760,0.070557,-0.025513,0.867493,7.758,77.5,-1
1782769946.327,5816,1304212,0,0.00000000,0.00000000,0.00,0,0,1.90,0.009,0.1960,0.5880,1.9600,2.0557,0.491760,0.070618,-0.025452,0.867493,7.756,72.5,-1
1782769946.514,5817,1304426,0,0.00000000,0.00000000,0.00,0,0,1.94,0.023,0.3920,0.5390,1.5190,1.6588,0.491760,0.070618,-0.025452,0.867493,7.759,68.8,-1
1782769946.764,5818,1304652,0,0.00000000,0.00000000,0.00,0,0,1.88,-0.020,0.4410,0.5880,1.6660,1.8209,0.491760,0.070618,-0.025452,0.867493,7.758,72.5,-1
1782769946.950,5819,1304878,0,0.00000000,0.00000000,0.00,0,0,1.83,-0.048,0.1470,0.8820,1.4210,1.6789,0.491760,0.070679,-0.025513,0.867493,7.758,70.0,-1
1782769947.199,5820,1305103,0,0.00000000,0.00000000,0.00,0,0,1.92,0.006,0.0490,0.6860,1.7640,1.8933,0.491760,0.070740,-0.025574,0.867493,7.758,75.0,-1
1782769947.387,5821,1305321,0,0.00000000,0.00000000,0.00,0,0,2.00,0.056,0.0000,0.5390,1.1760,1.2936,0.491760,0.070740,-0.025635,0.867493,7.755,73.8,-1
1782769947.636,5822,1305536,0,0.00000000,0.00000000,0.00,0,0,1.92,0.002,0.0490,1.0290,1.1760,1.5634,0.491760,0.070801,-0.025635,0.867493,7.759,71.2,-1
1782769947.821,5823,1305761,0,0.00000000,0.00000000,0.00,0,0,1.94,0.026,0.4900,0.2450,2.0090,2.0824,0.491760,0.070801,-0.025696,0.867493,7.758,73.8,-1
1782769948.071,5824,1305986,0,0.00000000,0.00000000,0.00,0,0,1.85,-0.024,-0.0490,0.3430,1.2740,1.3203,0.491760,0.070740,-0.025696,0.867493,7.756,68.8,-1
1782769948.321,5825,1306204,0,0.00000000,0.00000000,0.00,0,0,1.91,0.002,0.0980,0.3430,1.2250,1.2759,0.491760,0.070679,-0.025635,0.867493,7.754,73.8,-1
1782769948.510,5826,1306422,0,0.00000000,0.00000000,0.00,0,0,1.87,-0.041,0.3430,0.5390,1.2740,1.4252,0.491760,0.070679,-0.025635,0.867493,7.754,75.0,-1
1782769948.761,5827,1306647,0,0.00000000,0.00000000,0.00,0,0,1.91,-0.013,0.5390,0.4900,1.3720,1.5534,0.491760,0.070618,-0.025635,0.867493,7.756,72.5,-1
1782769948.947,5828,1306871,0,0.00000000,0.00000000,0.00,0,0,1.91,-0.009,0.3920,0.2940,1.9600,2.0203,0.491760,0.070618,-0.025635,0.867493,7.759,70.0,-1
1782769949.195,5829,1307099,0,0.00000000,0.00000000,0.00,0,0,1.91,-0.003,1.1270,-0.0490,2.5480,2.7865,0.491760,0.070618,-0.025635,0.867493,7.756,76.2,-1
1782769949.444,5830,1307327,0,0.00000000,0.00000000,0.00,0,0,1.93,0.009,0.0980,0.5880,1.2740,1.4066,0.491821,0.070618,-0.025696,0.867432,7.758,77.5,-1
1782769949.633,5831,1307539,0,0.00000000,0.00000000,0.00,0,0,1.91,0.013,0.1960,0.1960,1.8620,1.8825,0.491882,0.070557,-0.025757,0.867432,7.758,77.5,-1
1782769949.820,5832,1307756,0,0.00000000,0.00000000,0.00,0,0,1.95,0.030,0.2940,0.4410,1.6660,1.7483,0.491882,0.070618,-0.025696,0.867432,7.754,76.2,-1
1782769950.069,5833,1307981,0,0.00000000,0.00000000,0.00,0,0,2.02,0.070,-0.2940,0.5390,1.4210,1.5480,0.491882,0.070618,-0.025757,0.867371,7.754,75.0,-1
1782769950.320,5834,1308204,0,0.00000000,0.00000000,0.00,0,0,1.93,0.019,0.5390,0.5390,1.7150,1.8768,0.491882,0.070679,-0.025696,0.867432,7.756,71.2,-1
1782769950.506,5835,1308422,0,0.00000000,0.00000000,0.00,0,0,1.97,0.013,0.2450,0.8820,1.8130,2.0310,0.491882,0.070679,-0.025696,0.867432,7.753,75.0,-1
1782769950.756,5836,1308639,0,0.00000000,0.00000000,0.00,0,0,1.92,0.001,0.2450,0.7350,1.6660,1.8373,0.491882,0.070679,-0.025696,0.867432,7.753,81.2,-1
1782769950.943,5837,1308861,0,0.00000000,0.00000000,0.00,0,0,1.80,-0.070,1.4700,0.2450,2.8910,3.2525,0.491882,0.070618,-0.025635,0.867432,7.755,75.0,-1
1782769951.191,5838,1309081,0,0.00000000,0.00000000,0.00,0,0,1.94,0.029,0.7840,0.8330,0.6370,1.3093,0.491882,0.070618,-0.025635,0.867432,7.753,77.5,-1
1782769951.378,5839,1309301,0,0.00000000,0.00000000,0.00,0,0,1.86,-0.034,0.3430,0.5880,2.3030,2.4015,0.491882,0.070618,-0.025635,0.867432,7.751,77.5,-1
1782769951.630,5840,1309520,0,0.00000000,0.00000000,0.00,0,0,1.90,-0.014,0.2450,0.9310,2.0580,2.2720,0.491882,0.070618,-0.025635,0.867432,7.753,78.8,-1
1782769951.818,5841,1309743,0,0.00000000,0.00000000,0.00,0,0,1.89,-0.024,0.3430,0.6370,1.4700,1.6384,0.491882,0.070679,-0.025696,0.867432,7.754,76.2,-1
1782769952.065,5842,1309963,0,0.00000000,0.00000000,0.00,0,0,1.88,-0.030,0.3430,0.1470,1.3720,1.4218,0.491882,0.070618,-0.025574,0.867432,7.753,77.5,-1
1782769952.252,5843,1310184,0,0.00000000,0.00000000,0.00,0,0,1.88,-0.046,0.9800,0.7350,2.6460,2.9158,0.491882,0.070679,-0.025574,0.867432,7.753,77.5,-1
1782769952.503,5844,1310428,0,0.00000000,0.00000000,0.00,0,0,1.92,-0.010,0.2940,0.3430,1.4700,1.5379,0.491821,0.070679,-0.025513,0.867432,7.758,73.8,-1
1782769952.752,5845,1310649,0,0.00000000,0.00000000,0.00,0,0,1.88,-0.035,0.2450,0.4410,1.6660,1.7407,0.491821,0.070801,-0.025635,0.867432,7.753,72.5,-1
1782769952.938,5846,1310874,0,0.00000000,0.00000000,0.00,0,0,1.85,-0.046,0.5390,0.0980,1.6170,1.7073,0.491760,0.070801,-0.025574,0.867493,7.753,77.5,-1
1782769953.188,5847,1311094,0,0.00000000,0.00000000,0.00,0,0,2.01,0.067,0.1470,0.7350,1.5190,1.6939,0.491760,0.070740,-0.025574,0.867493,7.756,73.8,-1
1782769953.376,5848,1311319,0,0.00000000,0.00000000,0.00,0,0,1.81,-0.060,-0.2940,1.7150,1.4700,2.2778,0.491760,0.070679,-0.025574,0.867493,7.758,71.2,-1
1782769953.624,5849,1311538,0,0.00000000,0.00000000,0.00,0,0,1.88,-0.012,-0.0980,0.0980,1.6660,1.6718,0.491760,0.070618,-0.025574,0.867493,7.760,71.2,-1
1782769953.870,5850,1311757,0,0.00000000,0.00000000,0.00,0,0,1.87,-0.009,0.3920,0.1960,2.0090,2.0562,0.491760,0.070618,-0.025574,0.867493,7.759,71.2,-1
1782769954.059,5851,1311981,0,0.00000000,0.00000000,0.00,0,0,1.97,0.063,0.8330,0.0980,2.6950,2.8225,0.491760,0.070618,-0.025574,0.867493,7.760,68.8,-1
1782769954.307,5852,1312207,0,0.00000000,0.00000000,0.00,0,0,2.02,0.077,1.3230,-0.3430,3.0870,3.3760,0.491760,0.070557,-0.025574,0.867493,7.756,76.2,-1
1782769954.493,5853,1312425,0,0.00000000,0.00000000,0.00,0,0,2.07,0.085,0.2450,0.5390,1.1270,1.2731,0.491760,0.070557,-0.025574,0.867493,7.759,71.2,-1
1782769954.740,5854,1312650,0,0.00000000,0.00000000,0.00,0,0,1.96,0.003,0.3430,0.6370,1.4210,1.5946,0.491760,0.070557,-0.025574,0.867493,7.755,72.5,-1
1782769954.988,5855,1312871,0,0.00000000,0.00000000,0.00,0,0,1.84,-0.087,0.3430,0.9800,1.7640,2.0469,0.491760,0.070557,-0.025574,0.867493,7.759,73.8,-1
1782769955.176,5856,1313089,0,0.00000000,0.00000000,0.00,0,0,1.89,-0.039,1.0290,0.1960,2.5480,2.7549,0.491760,0.070557,-0.025574,0.867493,7.754,75.0,-1
1782769955.424,5857,1313314,0,0.00000000,0.00000000,0.00,0,0,1.99,0.033,0.3430,0.9800,1.0780,1.4967,0.491760,0.070618,-0.025635,0.867493,7.758,72.5,-1
1782769955.611,5858,1313532,0,0.00000000,0.00000000,0.00,0,0,1.96,0.015,0.0000,0.6860,1.5190,1.6667,0.491760,0.070618,-0.025635,0.867493,7.754,73.8,-1
1782769955.862,5859,1313753,0,0.00000000,0.00000000,0.00,0,0,1.82,-0.076,-0.2940,0.7840,0.6370,1.0521,0.491760,0.070618,-0.025635,0.867493,7.755,73.8,-1
1782769956.047,5860,1313972,0,0.00000000,0.00000000,0.00,0,0,2.01,0.039,-0.2450,2.2540,1.5190,2.7291,0.491760,0.070618,-0.025635,0.867493,7.754,73.8,-1
1782769956.295,5861,1314192,0,0.00000000,0.00000000,0.00,0,0,2.01,0.028,0.4410,0.3430,1.4210,1.5269,0.491760,0.070557,-0.025635,0.867493,7.753,75.0,-1
1782769956.543,5862,1314436,0,0.00000000,0.00000000,0.00,0,0,2.04,0.032,0.0980,0.5880,2.5970,2.6645,0.491760,0.070557,-0.025574,0.867493,7.761,71.2,-1
1782769956.729,5863,1314662,0,0.00000000,0.00000000,0.00,0,0,1.93,-0.044,0.3430,0.4900,1.3720,1.4967,0.491760,0.070557,-0.025574,0.867493,7.758,75.0,-1
1782769956.977,5864,1314887,0,0.00000000,0.00000000,0.00,0,0,1.88,-0.053,0.1960,0.5880,1.6660,1.7776,0.491760,0.070557,-0.025574,0.867493,7.756,77.5,-1
1782769957.165,5865,1315107,0,0.00000000,0.00000000,0.00,0,0,2.03,0.040,0.0490,0.8820,1.6660,1.8857,0.491760,0.070557,-0.025574,0.867493,7.760,70.0,-1
1782769957.414,5866,1315326,0,0.00000000,0.00000000,0.00,0,0,1.94,-0.005,0.3920,0.8330,1.7640,1.9898,0.491760,0.070557,-0.025574,0.867493,7.755,73.8,-1
1782769957.600,5867,1315540,0,0.00000000,0.00000000,0.00,0,0,1.92,-0.025,0.0980,0.4410,1.4700,1.5379,0.491760,0.070557,-0.025574,0.867493,7.756,76.2,-1
1782769957.849,5868,1315762,0,0.00000000,0.00000000,0.00,0,0,2.05,0.061,-0.0980,1.1270,1.0290,1.5292,0.491760,0.070557,-0.025574,0.867493,7.754,76.2,-1
1782769958.096,5869,1315989,0,0.00000000,0.00000000,0.00,0,0,1.94,-0.018,0.4410,0.3430,2.1070,2.1798,0.491760,0.070557,-0.025574,0.867493,7.759,68.8,-1
1782769958.286,5870,1316206,0,0.00000000,0.00000000,0.00,0,0,2.01,0.045,0.1470,0.8330,1.8620,2.0451,0.491760,0.070557,-0.025574,0.867493,7.755,75.0,-1
1782769958.536,5871,1316422,0,0.00000000,0.00000000,0.00,0,0,2.10,0.114,0.5390,0.4900,1.9110,2.0451,0.491760,0.070557,-0.025574,0.867493,7.760,68.8,-1
1782769958.726,5872,1316649,0,0.00000000,0.00000000,0.00,0,0,2.10,0.100,0.3920,0.2940,1.0780,1.1841,0.491760,0.070557,-0.025574,0.867493,7.758,71.2,-1
1782769958.976,5873,1316868,0,0.00000000,0.00000000,0.00,0,0,1.96,0.001,0.0980,0.3430,1.0290,1.0891,0.491760,0.070557,-0.025574,0.867493,7.758,75.0,-1
1782769959.160,5874,1317089,0,0.00000000,0.00000000,0.00,0,0,1.99,0.033,0.0490,0.9800,1.4700,1.7674,0.491760,0.070557,-0.025574,0.867493,7.755,76.2,-1
1782769959.409,5875,1317307,0,0.00000000,0.00000000,0.00,0,0,2.07,0.074,0.3430,0.6860,1.4210,1.6148,0.491760,0.070557,-0.025574,0.867493,7.758,71.2,-1
1782769959.596,5876,1317524,0,0.00000000,0.00000000,0.00,0,0,1.96,0.010,1.2250,0.1960,3.3810,3.6014,0.491760,0.070557,-0.025574,0.867493,7.758,78.8,-1
1782769959.842,5877,1317745,0,0.00000000,0.00000000,0.00,0,0,2.05,0.056,0.3920,1.1760,0.8330,1.4935,0.491760,0.070557,-0.025574,0.867493,7.758,72.5,-1
1782769960.028,5878,1317968,0,0.00000000,0.00000000,0.00,0,0,1.95,-0.017,0.4410,0.3920,1.6170,1.7213,0.491760,0.070618,-0.025574,0.867493,7.756,76.2,-1
1782769960.277,5879,1318194,0,0.00000000,0.00000000,0.00,0,0,2.20,0.130,0.3920,0.6370,1.1760,1.3937,0.491760,0.070618,-0.025635,0.867493,7.759,70.0,-1
1782769960.522,5880,1318440,0,0.00000000,0.00000000,0.00,0,0,2.07,0.061,0.0000,1.0290,1.2250,1.5998,0.491760,0.070618,-0.025635,0.867493,7.755,78.8,-1
1782769960.772,5881,1318663,0,0.00000000,0.00000000,0.00,0,0,2.05,0.054,0.4900,0.7840,1.7640,1.9916,0.491760,0.070618,-0.025635,0.867493,7.751,78.8,-1
1782769960.959,5882,1318883,0,0.00000000,0.00000000,0.00,0,0,1.98,0.016,0.3430,0.4900,1.2740,1.4074,0.491760,0.070618,-0.025635,0.867493,7.751,80.0,-1
1782769961.207,5883,1319106,0,0.00000000,0.00000000,0.00,0,0,2.01,0.014,0.5390,0.1470,2.0090,2.0852,0.491760,0.070557,-0.025574,0.867493,7.756,71.2,-1
1782769961.394,5884,1319326,0,0.00000000,0.00000000,0.00,0,0,1.98,-0.009,0.3920,0.7840,2.3030,2.4642,0.491760,0.070679,-0.025635,0.867493,7.755,71.2,-1
1782769961.645,5885,1319540,0,0.00000000,0.00000000,0.00,0,0,1.94,-0.022,0.5390,0.5390,1.5680,1.7435,0.491760,0.070679,-0.025635,0.867493,7.759,75.0,-1
1782769961.834,5886,1319765,0,0.00000000,0.00000000,0.00,0,0,1.96,-0.003,0.0490,1.1270,1.3230,1.7386,0.491760,0.070679,-0.025635,0.867493,7.753,80.0,-1
1782769962.085,5887,1319992,0,0.00000000,0.00000000,0.00,0,0,2.01,0.027,0.5880,1.2250,2.6950,3.0182,0.491760,0.070679,-0.025574,0.867493,7.755,75.0,-1
1782769962.333,5888,1320219,0,0.00000000,0.00000000,0.00,0,0,1.89,-0.038,0.9310,0.4410,1.4700,1.7950,0.491760,0.070801,-0.025513,0.867493,7.755,76.2,-1
1782769962.519,5889,1320430,0,0.00000000,0.00000000,0.00,0,0,1.88,-0.056,0.1470,0.7350,1.4210,1.6066,0.491699,0.070740,-0.025513,0.867493,7.755,75.0,-1
1782769962.705,5890,1320648,0,0.00000000,0.00000000,0.00,0,0,1.92,-0.013,0.4410,0.6860,1.8130,1.9880,0.491821,0.070740,-0.025513,0.867432,7.753,78.8,-1
1782769962.955,5891,1320871,0,0.00000000,0.00000000,0.00,0,0,1.89,-0.038,1.4700,0.9310,2.1560,2.7706,0.491760,0.070740,-0.025513,0.867493,7.754,76.2,-1
1782769963.204,5892,1321089,0,0.00000000,0.00000000,0.00,0,0,1.99,0.017,0.3920,0.5880,1.0290,1.2483,0.491760,0.070679,-0.025574,0.867493,7.755,76.2,-1
1782769963.393,5893,1321313,0,0.00000000,0.00000000,0.00,0,0,1.95,-0.020,0.2940,0.5880,1.6660,1.7910,0.491760,0.070679,-0.025574,0.867493,7.756,73.8,-1
1782769963.646,5894,1321531,0,0.00000000,0.00000000,0.00,0,0,1.85,-0.067,-0.4410,0.6860,1.3230,1.5542,0.491760,0.070679,-0.025574,0.867493,7.753,72.5,-1
1782769963.834,5895,1321752,0,0.00000000,0.00000000,0.00,0,0,1.95,0.019,0.0490,1.8620,0.2940,1.8857,0.491760,0.070679,-0.025574,0.867493,7.758,72.5,-1
1782769964.083,5896,1321974,0,0.00000000,0.00000000,0.00,0,0,1.91,-0.018,1.0290,0.7840,2.0090,2.3895,0.491760,0.070618,-0.025574,0.867493,7.756,73.8,-1
1782769964.270,5897,1322200,0,0.00000000,0.00000000,0.00,0,0,1.90,-0.008,-0.2940,1.1270,1.1270,1.6207,0.491760,0.070618,-0.025574,0.867493,7.756,72.5,-1
1782769964.518,5898,1322447,0,0.00000000,0.00000000,0.00,0,0,2.00,0.031,0.9800,0.7350,1.4210,1.8761,0.491760,0.070618,-0.025574,0.867493,7.759,71.2,-1
1782769964.767,5899,1322672,0,0.00000000,0.00000000,0.00,0,0,1.89,-0.048,0.4410,0.5390,2.2540,2.3591,0.491760,0.070557,-0.025574,0.867493,7.753,76.2,-1
1782769964.953,5900,1322895,0,0.00000000,0.00000000,0.00,0,0,1.93,-0.009,0.3920,-0.1470,1.8620,1.9085,0.491760,0.070557,-0.025574,0.867493,7.754,76.2,-1
1782769965.205,5901,1323117,0,0.00000000,0.00000000,0.00,0,0,2.02,0.055,0.0490,0.7840,1.3230,1.5386,0.491760,0.070618,-0.025574,0.867493,7.760,72.5,-1
1782769965.453,5902,1323336,0,0.00000000,0.00000000,0.00,0,0,2.00,0.054,0.4410,0.3430,1.4210,1.5269,0.491760,0.070618,-0.025574,0.867493,7.759,70.0,-1
1782769965.639,5903,1323550,0,0.00000000,0.00000000,0.00,0,0,1.94,-0.002,-0.0980,0.4900,1.9110,1.9753,0.491760,0.070557,-0.025574,0.867493,7.758,70.0,-1
1782769965.889,5904,1323775,0,0.00000000,0.00000000,0.00,0,0,1.97,0.018,0.4900,1.3720,2.6460,3.0206,0.491760,0.070557,-0.025574,0.867493,7.754,76.2,-1
1782769966.075,5905,1324001,0,0.00000000,0.00000000,0.00,0,0,1.95,0.001,0.4900,1.0780,1.1760,1.6689,0.491760,0.070557,-0.025574,0.867493,7.759,71.2,-1
1782769966.324,5906,1324229,0,0.00000000,0.00000000,0.00,0,0,1.96,0.004,0.6370,0.5390,1.8130,1.9958,0.491760,0.070557,-0.025574,0.867493,7.756,70.0,-1
1782769966.512,5907,1324442,0,0.00000000,0.00000000,0.00,0,0,1.95,0.011,1.2250,0.6370,2.8420,3.1596,0.491760,0.070557,-0.025574,0.867493,7.756,72.5,-1
1782769966.763,5908,1324656,0,0.00000000,0.00000000,0.00,0,0,1.93,-0.013,0.6370,0.9800,2.0090,2.3243,0.491760,0.070618,-0.025574,0.867493,7.754,77.5,-1
1782769966.951,5909,1324879,0,0.00000000,0.00000000,0.00,0,0,2.07,0.063,0.1470,1.0780,1.2740,1.6753,0.491760,0.070679,-0.025635,0.867493,7.758,78.8,-1
1782769967.200,5910,1325098,0,0.00000000,0.00000000,0.00,0,0,2.04,0.032,0.7350,0.6370,1.8130,2.0574,0.491760,0.070679,-0.025696,0.867493,7.756,78.8,-1
1782769967.385,5911,1325319,0,0.00000000,0.00000000,0.00,0,0,2.09,0.039,1.5190,0.7840,3.1360,3.5716,0.491760,0.070740,-0.025696,0.867493,7.754,80.0,-1
1782769967.635,5912,1325531,0,0.00000000,0.00000000,0.00,0,0,1.93,-0.065,0.1960,0.7350,1.3230,1.5261,0.491760,0.070740,-0.025696,0.867493,7.758,73.8,-1
1782769967.823,5913,1325748,0,0.00000000,0.00000000,0.00,0,0,1.90,-0.085,0.0490,0.4410,1.3720,1.4420,0.491760,0.070740,-0.025696,0.867493,7.755,76.2,-1
1782769968.072,5914,1325972,0,0.00000000,0.00000000,0.00,0,0,1.85,-0.105,0.0490,0.7840,1.3230,1.5386,0.491760,0.070740,-0.025574,0.867493,7.758,75.0,-1
1782769968.258,5915,1326190,0,0.00000000,0.00000000,0.00,0,0,1.99,-0.006,0.3920,1.1760,1.7150,2.1161,0.491760,0.070740,-0.025513,0.867493,7.758,71.2,-1
1782769968.506,5916,1326437,0,0.00000000,0.00000000,0.00,0,0,1.83,-0.099,0.1470,0.4410,1.3230,1.4023,0.491760,0.070740,-0.025452,0.867493,7.759,72.5,-1
1782769968.755,5917,1326663,0,0.00000000,0.00000000,0.00,0,0,1.99,-0.002,0.1470,0.5390,1.6170,1.7108,0.491760,0.070679,-0.025452,0.867493,7.756,76.2,-1
1782769968.942,5918,1326882,0,0.00000000,0.00000000,0.00,0,0,2.05,0.046,0.9310,0.2940,1.9110,2.1460,0.491760,0.070679,-0.025513,0.867493,7.758,81.2,-1
1782769969.195,5919,1327101,0,0.00000000,0.00000000,0.00,0,0,1.89,-0.072,0.1960,0.7350,1.7640,1.9210,0.491760,0.070618,-0.025513,0.867493,7.756,80.0,-1
1782769969.382,5920,1327326,0,0.00000000,0.00000000,0.00,0,0,1.89,-0.082,-0.1470,0.9310,1.2250,1.5456,0.491760,0.070618,-0.025513,0.867493,7.758,73.8,-1
1782769969.631,5921,1327545,0,0.00000000,0.00000000,0.00,0,0,1.94,-0.038,0.3430,-0.0490,1.7150,1.7496,0.491760,0.070618,-0.025513,0.867493,7.756,75.0,-1
1782769969.880,5922,1327762,0,0.00000000,0.00000000,0.00,0,0,1.91,-0.068,0.0490,0.5390,0.9310,1.0769,0.491760,0.070679,-0.025635,0.867493,7.755,76.2,-1
1782769970.067,5923,1327987,0,0.00000000,0.00000000,0.00,0,0,2.02,0.010,0.0490,0.8820,1.3720,1.6318,0.491760,0.070740,-0.025635,0.867493,7.758,75.0,-1
1782769970.315,5924,1328209,0,0.00000000,0.00000000,0.00,0,0,2.07,0.020,0.3920,-0.0980,1.0780,1.1512,0.491760,0.070801,-0.025635,0.867493,7.756,75.0,-1
1782769970.504,5925,1328426,0,0.00000000,0.00000000,0.00,0,0,1.96,-0.060,0.3430,0.4410,1.2250,1.3464,0.491760,0.070801,-0.025696,0.867493,7.755,75.0,-1
1782769970.754,5926,1328647,0,0.00000000,0.00000000,0.00,0,0,1.89,-0.107,0.3920,0.0980,1.7640,1.8097,0.491760,0.070740,-0.025635,0.867493,7.758,78.8,-1
1782769970.942,5927,1328869,0,0.00000000,0.00000000,0.00,0,0,1.98,-0.048,0.5880,0.2450,1.5680,1.6925,0.491760,0.070679,-0.025635,0.867493,7.760,72.5,-1
1782769971.193,5928,1329087,0,0.00000000,0.00000000,0.00,0,0,2.02,0.004,0.1470,0.5880,1.9110,2.0048,0.491760,0.070679,-0.025635,0.867493,7.755,76.2,-1
1782769971.382,5929,1329308,0,0.00000000,0.00000000,0.00,0,0,1.96,-0.036,0.1960,0.6370,1.2250,1.3946,0.491760,0.070618,-0.025635,0.867493,7.754,76.2,-1
1782769971.628,5930,1329521,0,0.00000000,0.00000000,0.00,0,0,1.98,-0.023,0.0000,1.1760,1.8130,2.1610,0.491760,0.070618,-0.025574,0.867493,7.756,73.8,-1
1782769971.815,5931,1329740,0,0.00000000,0.00000000,0.00,0,0,1.95,-0.029,0.2450,0.8820,1.2250,1.5292,0.491760,0.070557,-0.025574,0.867493,7.758,76.2,-1
1782769972.066,5932,1329961,0,0.00000000,0.00000000,0.00,0,0,1.94,-0.041,0.3430,0.7840,1.2250,1.4943,0.491760,0.070557,-0.025574,0.867493,7.758,71.2,-1
1782769972.253,5933,1330180,0,0.00000000,0.00000000,0.00,0,0,1.93,-0.059,-0.2450,0.8820,1.1270,1.4519,0.491760,0.070557,-0.025574,0.867493,7.758,78.8,-1
1782769972.502,5934,1330427,0,0.00000000,0.00000000,0.00,0,0,1.86,-0.089,0.1470,0.3920,1.6170,1.6703,0.491760,0.070557,-0.025574,0.867493,7.755,77.5,-1
1782769972.750,5935,1330653,0,0.00000000,0.00000000,0.00,0,0,1.90,-0.060,-0.2940,0.9800,0.9800,1.4168,0.491760,0.070618,-0.025513,0.867493,7.755,73.8,-1
1782769972.936,5936,1330871,0,0.00000000,0.00000000,0.00,0,0,2.01,0.009,0.1960,0.5880,1.0290,1.2012,0.491760,0.070618,-0.025452,0.867493,7.756,80.0,-1
1782769973.187,5937,1331093,0,0.00000000,0.00000000,0.00,0,0,2.03,0.033,1.6170,0.5390,3.0870,3.5263,0.491760,0.070618,-0.025391,0.867493,7.756,73.8,-1
1782769973.375,5938,1331316,0,0.00000000,0.00000000,0.00,0,0,2.10,0.061,0.8820,0.8330,1.3720,1.8314,0.491760,0.070618,-0.025452,0.867493,7.759,72.5,-1
1782769973.624,5939,1331533,0,0.00000000,0.00000000,0.00,0,0,2.06,0.039,0.1960,0.3920,1.6170,1.6753,0.491760,0.070618,-0.025452,0.867493,7.758,75.0,-1
1782769973.812,5940,1331754,0,0.00000000,0.00000000,0.00,0,0,1.95,-0.035,0.1470,1.5680,0.3430,1.6118,0.491760,0.070618,-0.025452,0.867493,7.756,76.2,-1
1782769974.061,5941,1331975,0,0.00000000,0.00000000,0.00,0,0,1.97,-0.015,1.0780,1.1270,2.2540,2.7409,0.491760,0.070618,-0.025391,0.867493,7.754,72.5,-1
1782769974.311,5942,1332197,0,0.00000000,0.00000000,0.00,0,0,2.05,0.027,0.0980,0.9310,1.7150,1.9539,0.491760,0.070618,-0.025452,0.867493,7.759,77.5,-1
1782769974.559,5943,1332441,0,0.00000000,0.00000000,0.00,0,0,1.98,-0.027,0.6370,0.5880,2.2540,2.4150,0.491760,0.070679,-0.025513,0.867493,7.756,76.2,-1
1782769974.745,5944,1332664,0,0.00000000,0.00000000,0.00,0,0,1.93,-0.060,-0.0490,1.0780,1.2740,1.6696,0.491760,0.070740,-0.025574,0.867493,7.755,72.5,-1
1782769974.993,5945,1332889,0,0.00000000,0.00000000,0.00,0,0,1.98,-0.025,-0.0980,0.8330,1.1270,1.4049,0.491760,0.070740,-0.025635,0.867493,7.755,75.0,-1
1782769975.180,5946,1333108,0,0.00000000,0.00000000,0.00,0,0,1.94,-0.058,0.5390,0.4900,1.8620,1.9994,0.491760,0.070679,-0.025635,0.867493,7.756,71.2,-1
1782769975.429,5947,1333326,0,0.00000000,0.00000000,0.00,0,0,2.06,0.028,0.3430,0.6860,2.0090,2.1504,0.491760,0.070679,-0.025635,0.867493,7.760,76.2,-1
1782769975.616,5948,1333540,0,0.00000000,0.00000000,0.00,0,0,2.08,0.035,0.7840,-0.4900,1.0780,1.4202,0.491760,0.070679,-0.025635,0.867493,7.760,73.8,-1
1782769975.865,5949,1333771,0,0.00000000,0.00000000,0.00,0,0,1.86,-0.079,0.0490,0.9310,1.5190,1.7823,0.491760,0.070618,-0.025574,0.867493,7.760,67.5,-1
1782769976.051,5950,1333991,0,0.00000000,0.00000000,0.00,0,0,2.01,0.017,0.6860,1.2740,2.0090,2.4758,0.491760,0.070618,-0.025574,0.867493,7.760,71.2,-1
1782769976.301,5951,1334213,0,0.00000000,0.00000000,0.00,0,0,2.02,0.029,0.6860,-0.3430,2.3520,2.4739,0.491760,0.070618,-0.025513,0.867493,7.758,68.8,-1
1782769976.549,5952,1334432,0,0.00000000,0.00000000,0.00,0,0,2.07,0.062,0.5880,0.2450,1.4700,1.6021,0.491760,0.070618,-0.025452,0.867493,7.760,67.5,-1
1782769976.735,5953,1334654,0,0.00000000,0.00000000,0.00,0,0,1.99,-0.005,0.8330,0.4900,2.3030,2.4976,0.491760,0.070679,-0.025452,0.867493,7.756,73.8,-1
1782769976.986,5954,1334881,0,0.00000000,0.00000000,0.00,0,0,2.03,0.017,0.7840,0.2940,2.0090,2.1765,0.491760,0.070679,-0.025513,0.867493,7.753,76.2,-1
1782769977.175,5955,1335101,0,0.00000000,0.00000000,0.00,0,0,2.01,-0.019,0.2940,0.6860,2.4500,2.5612,0.491760,0.070618,-0.025513,0.867493,7.753,80.0,-1
1782769977.425,5956,1335324,0,0.00000000,0.00000000,0.00,0,0,1.93,-0.052,0.1960,0.5390,2.0580,2.1364,0.491760,0.070618,-0.025513,0.867493,7.755,76.2,-1
1782769977.608,5957,1335540,0,0.00000000,0.00000000,0.00,0,0,2.00,-0.004,0.1960,0.8330,1.9600,2.1387,0.491760,0.070618,-0.025513,0.867493,7.753,81.2,-1
1782769977.858,5958,1335766,0,0.00000000,0.00000000,0.00,0,0,2.05,0.030,0.5390,1.1270,2.6460,2.9261,0.491760,0.070618,-0.025513,0.867493,7.755,75.0,-1
1782769978.046,5959,1335982,0,0.00000000,0.00000000,0.00,0,0,1.92,-0.058,-0.4410,1.2740,0.2450,1.3702,0.491760,0.070557,-0.025513,0.867493,7.754,77.5,-1
1782769978.295,5960,1336205,0,0.00000000,0.00000000,0.00,0,0,2.07,0.049,0.1960,0.4900,1.6170,1.7009,0.491760,0.070557,-0.025513,0.867493,7.758,76.2,-1
1782769978.482,5961,1336420,0,0.00000000,0.00000000,0.00,0,0,1.86,-0.077,0.5880,0.4410,1.3720,1.5565,0.491760,0.070557,-0.025574,0.867493,7.756,77.5,-1
1782769978.731,5962,1336647,0,0.00000000,0.00000000,0.00,0,0,1.91,-0.052,-0.6370,1.1270,0.0000,1.2946,0.491760,0.070557,-0.025574,0.867493,7.758,73.8,-1
1782769978.979,5963,1336870,0,0.00000000,0.00000000,0.00,0,0,1.97,-0.010,0.1470,0.6370,1.3230,1.4757,0.491760,0.070557,-0.025574,0.867493,7.753,76.2,-1
1782769979.167,5964,1337094,0,0.00000000,0.00000000,0.00,0,0,1.98,-0.026,-0.0490,0.4410,1.7640,1.8189,0.491760,0.070557,-0.025574,0.867493,7.753,76.2,-1
1782769979.420,5965,1337318,0,0.00000000,0.00000000,0.00,0,0,2.03,0.017,0.1960,0.5390,1.3230,1.4420,0.491760,0.070557,-0.025574,0.867493,7.756,77.5,-1
1782769979.604,5966,1337531,0,0.00000000,0.00000000,0.00,0,0,2.02,0.007,0.0980,0.5390,1.1760,1.2973,0.491760,0.070496,-0.025574,0.867493,7.755,73.8,-1
1782769979.854,5967,1337752,0,0.00000000,0.00000000,0.00,0,0,1.98,-0.008,-0.6370,0.8330,0.0980,1.0532,0.491760,0.070496,-0.025574,0.867493,7.753,78.8,-1
1782769980.044,5968,1337977,0,0.00000000,0.00000000,0.00,0,0,2.04,0.048,0.5390,0.3430,2.0090,2.1081,0.491760,0.070557,-0.025574,0.867493,7.754,76.2,-1
1782769980.293,5969,1338199,0,0.00000000,0.00000000,0.00,0,0,2.02,0.019,0.4900,0.5880,1.4210,1.6140,0.491760,0.070496,-0.025574,0.867493,7.756,75.0,-1
1782769980.542,5970,1338442,0,0.00000000,0.00000000,0.00,0,0,1.91,-0.048,0.0980,0.3920,0.7350,0.8387,0.491760,0.070496,-0.025513,0.867493,7.754,75.0,-1
1782769980.728,5971,1338660,0,0.00000000,0.00000000,0.00,0,0,1.96,-0.010,-0.2940,0.6370,0.0490,0.7033,0.491760,0.070557,-0.025574,0.867493,7.760,68.8,-1
1782769980.980,5972,1338879,0,0.00000000,0.00000000,0.00,0,0,1.98,-0.016,0.4410,0.4900,1.5190,1.6559,0.491760,0.070618,-0.025635,0.867493,7.754,78.8,-1
1782769981.169,5973,1339103,0,0.00000000,0.00000000,0.00,0,0,2.08,0.032,-0.0980,0.7350,1.2250,1.4319,0.491760,0.070618,-0.025635,0.867493,7.755,75.0,-1
1782769981.416,5974,1339320,0,0.00000000,0.00000000,0.00,0,0,1.99,-0.012,0.2940,0.8330,1.6660,1.8857,0.491760,0.070618,-0.025635,0.867493,7.754,78.8,-1
1782769981.603,5975,1339536,0,0.00000000,0.00000000,0.00,0,0,2.10,0.062,0.3430,0.9800,1.2250,1.6058,0.491760,0.070557,-0.025574,0.867493,7.753,77.5,-1
1782769981.854,5976,1339760,0,0.00000000,0.00000000,0.00,0,0,2.07,0.029,0.2940,0.4410,1.6170,1.7016,0.491760,0.070557,-0.025574,0.867493,7.755,80.0,-1
1782769982.104,5977,1339985,0,0.00000000,0.00000000,0.00,0,0,1.97,-0.036,0.1470,0.3920,0.9800,1.0657,0.491760,0.070557,-0.025574,0.867493,7.756,72.5,-1
1782769982.287,5978,1340209,0,0.00000000,0.00000000,0.00,0,0,1.88,-0.091,0.1960,0.7840,1.3720,1.5923,0.491760,0.070618,-0.025635,0.867493,7.755,71.2,-1
1782769982.539,5979,1340429,0,0.00000000,0.00000000,0.00,0,0,1.98,0.011,0.0490,0.0490,1.8620,1.8633,0.491760,0.070618,-0.025635,0.867493,7.755,71.2,-1
1782769982.726,5980,1340657,0,0.00000000,0.00000000,0.00,0,0,2.04,0.050,0.3430,0.3430,1.3720,1.4552,0.491760,0.070618,-0.025635,0.867493,7.758,75.0,-1
1782769982.977,5981,1340874,0,0.00000000,0.00000000,0.00,0,0,1.98,-0.006,0.0980,0.4900,0.5390,0.7350,0.491760,0.070557,-0.025574,0.867493,7.751,78.8,-1
1782769983.163,5982,1341097,0,0.00000000,0.00000000,0.00,0,0,1.98,0.002,0.3920,0.7840,1.8130,2.0138,0.491760,0.070557,-0.025574,0.867493,7.762,68.8,-1
1782769983.411,5983,1341314,0,0.00000000,0.00000000,0.00,0,0,1.97,-0.002,0.0980,0.4900,1.9600,2.0227,0.491760,0.070557,-0.025574,0.867493,7.755,81.2,-1
1782769983.599,5984,1341530,0,0.00000000,0.00000000,0.00,0,0,1.98,0.002,0.5880,0.1960,2.0090,2.1024,0.491760,0.070557,-0.025574,0.867493,7.760,73.8,-1
1782769983.847,5985,1341755,0,0.00000000,0.00000000,0.00,0,0,1.98,0.018,0.1470,0.7840,1.2740,1.5031,0.491760,0.070618,-0.025513,0.867493,7.756,75.0,-1
1782769984.097,5986,1341978,0,0.00000000,0.00000000,0.00,0,0,1.93,-0.019,0.2450,0.6370,1.5680,1.7101,0.491760,0.070618,-0.025452,0.867493,7.758,76.2,-1
1782769984.284,5987,1342197,0,0.00000000,0.00000000,0.00,0,0,1.89,-0.039,0.4410,0.3430,1.3230,1.4361,0.491760,0.070618,-0.025452,0.867493,7.755,77.5,-1
1782769984.531,5988,1342443,0,0.00000000,0.00000000,0.00,0,0,1.97,0.005,0.8330,-0.8820,2.1070,2.4313,0.491760,0.070618,-0.025452,0.867493,7.758,73.8,-1
1782769984.783,5989,1342669,0,0.00000000,0.00000000,0.00,0,0,1.99,0.029,0.0490,1.2740,0.8820,1.5503,0.491760,0.070679,-0.025452,0.867493,7.760,71.2,-1
1782769984.972,5990,1342891,0,0.00000000,0.00000000,0.00,0,0,2.08,0.086,0.5390,0.9800,2.4990,2.7379,0.491760,0.070679,-0.025513,0.867493,7.756,77.5,-1
1782769985.223,5991,1343110,0,0.00000000,0.00000000,0.00,0,0,1.98,0.025,-0.0980,1.0290,1.7640,2.0445,0.491760,0.070679,-0.025513,0.867493,7.758,71.2,-1
1782769985.409,5992,1343333,0,0.00000000,0.00000000,0.00,0,0,2.04,0.074,0.0000,0.2940,0.6860,0.7463,0.491760,0.070618,-0.025513,0.867493,7.758,71.2,-1
1782769985.657,5993,1343550,0,0.00000000,0.00000000,0.00,0,0,2.00,0.039,0.6860,0.2940,1.5190,1.6925,0.491760,0.070618,-0.025513,0.867493,7.756,73.8,-1
1782769985.843,5994,1343774,0,0.00000000,0.00000000,0.00,0,0,1.94,0.011,0.1960,0.6860,2.1560,2.2710,0.491760,0.070618,-0.025574,0.867493,7.758,71.2,-1
1782769986.092,5995,1343992,0,0.00000000,0.00000000,0.00,0,0,1.89,-0.040,-0.1960,0.2450,0.9310,0.9824,0.491760,0.070679,-0.025635,0.867493,7.758,71.2,-1
1782769986.276,5996,1344213,0,0.00000000,0.00000000,0.00,0,0,2.05,0.054,0.3430,0.6370,2.1560,2.2741,0.491760,0.070740,-0.025635,0.867493,7.758,72.5,-1
1782769986.527,5997,1344425,0,0.00000000,0.00000000,0.00,0,0,2.12,0.054,0.2940,0.3920,1.2740,1.3650,0.491760,0.070740,-0.025696,0.867493,7.760,70.0,-1
1782769986.714,5998,1344647,0,0.00000000,0.00000000,0.00,0,0,1.92,-0.066,0.3430,1.6660,1.6660,2.3809,0.491760,0.070740,-0.025635,0.867493,7.759,70.0,-1
1782769986.960,5999,1344875,0,0.00000000,0.00000000,0.00,0,0,1.89,-0.076,1.4210,0.0000,2.5970,2.9603,0.491760,0.070679,-0.025635,0.867493,7.755,72.5,-1
1782769987.209,6000,1345097,0,0.00000000,0.00000000,0.00,0,0,2.03,0.021,0.4900,-0.0980,2.5970,2.6446,0.491760,0.070679,-0.025635,0.867493,7.759,68.8,-1
1782769987.397,6001,1345314,0,0.00000000,0.00000000,0.00,0,0,2.07,0.048,0.7840,0.0490,2.4500,2.5729,0.491760,0.070618,-0.025635,0.867493,7.755,73.8,-1
1782769987.645,6002,1345534,0,0.00000000,0.00000000,0.00,0,0,2.04,0.018,0.0000,0.5880,1.8130,1.9060,0.491760,0.070618,-0.025635,0.867493,7.756,73.8,-1
1782769987.831,6003,1345757,0,0.00000000,0.00000000,0.00,0,0,1.93,-0.052,0.2450,0.9800,2.2540,2.4700,0.491760,0.070679,-0.025696,0.867493,7.759,72.5,-1
1782769988.081,6004,1345977,0,0.00000000,0.00000000,0.00,0,0,2.04,0.010,0.2940,0.7350,2.0580,2.2050,0.491760,0.070679,-0.025696,0.867493,7.758,73.8,-1
1782769988.268,6005,1346198,0,0.00000000,0.00000000,0.00,0,0,1.99,-0.037,0.3430,0.9310,0.8820,1.3275,0.491760,0.070679,-0.025635,0.867493,7.758,71.2,-1
1782769988.518,6006,1346442,0,0.00000000,0.00000000,0.00,0,0,1.95,-0.070,1.0780,0.6370,1.9600,2.3258,0.491760,0.070618,-0.025635,0.867493,7.760,70.0,-1
1782769988.764,6007,1346669,0,0.00000000,0.00000000,0.00,0,0,1.99,-0.037,0.0000,1.2740,1.8130,2.2159,0.491760,0.070618,-0.025635,0.867493,7.758,72.5,-1
1782769988.951,6008,1346888,0,0.00000000,0.00000000,0.00,0,0,1.98,-0.050,0.2450,0.6370,1.4700,1.6207,0.491760,0.070618,-0.025635,0.867493,7.753,81.2,-1
1782769989.199,6009,1347108,0,0.00000000,0.00000000,0.00,0,0,2.03,-0.043,-0.5390,1.4210,0.3920,1.5695,0.491760,0.070618,-0.025635,0.867493,7.758,76.2,-1
1782769989.446,6010,1347330,0,0.00000000,0.00000000,0.00,0,0,2.10,-0.006,0.3430,0.5880,1.5680,1.7094,0.491760,0.070679,-0.025696,0.867493,7.755,72.5,-1
1782769989.634,6011,1347544,0,0.00000000,0.00000000,0.00,0,0,1.99,-0.046,0.2940,0.1960,2.1070,2.1364,0.491760,0.070679,-0.025696,0.867493,7.760,70.0,-1
1782769989.884,6012,1347768,0,0.00000000,0.00000000,0.00,0,0,2.10,0.033,0.5390,1.1270,2.0090,2.3657,0.491760,0.070679,-0.025635,0.867493,7.759,71.2,-1
1782769990.071,6013,1347994,0,0.00000000,0.00000000,0.00,0,0,2.12,0.026,0.5880,0.6370,2.0090,2.1881,0.491760,0.070618,-0.025635,0.867493,7.758,72.5,-1
1782769990.322,6014,1348220,0,0.00000000,0.00000000,0.00,0,0,2.06,-0.018,0.1960,0.5880,1.3720,1.5055,0.491760,0.070618,-0.025635,0.867493,7.758,73.8,-1
1782769990.508,6015,1348436,0,0.00000000,0.00000000,0.00,0,0,2.08,0.008,0.3430,0.7840,1.9110,2.0939,0.491760,0.070557,-0.025635,0.867493,7.758,72.5,-1
1782769990.756,6016,1348661,0,0.00000000,0.00000000,0.00,0,0,2.11,0.014,-0.5880,0.8820,1.3720,1.7338,0.491760,0.070557,-0.025574,0.867493,7.756,73.8,-1
1782769990.943,6017,1348884,0,0.00000000,0.00000000,0.00,0,0,1.95,-0.067,0.0490,0.8820,1.1270,1.4319,0.491760,0.070557,-0.025574,0.867493,7.758,71.2,-1
1782769991.192,6018,1349102,0,0.00000000,0.00000000,0.00,0,0,2.10,0.010,0.2940,0.4900,1.0780,1.2201,0.491760,0.070557,-0.025574,0.867493,7.756,77.5,-1
1782769991.440,6019,1349326,0,0.00000000,0.00000000,0.00,0,0,1.98,-0.076,0.3920,0.3920,1.7150,1.8024,0.491760,0.070557,-0.025574,0.867493,7.755,72.5,-1
1782769991.626,6020,1349545,0,0.00000000,0.00000000,0.00,0,0,2.00,-0.053,0.1960,0.2940,1.5190,1.5596,0.491760,0.070557,-0.025574,0.867493,7.754,75.0,-1
1782769991.875,6021,1349768,0,0.00000000,0.00000000,0.00,0,0,2.03,-0.020,-0.0490,0.6370,1.4210,1.5580,0.491760,0.070557,-0.025574,0.867493,7.759,70.0,-1
1782769992.064,6022,1349987,0,0.00000000,0.00000000,0.00,0,0,1.99,-0.055,-0.1960,0.4900,1.4700,1.5619,0.491760,0.070557,-0.025574,0.867493,7.760,71.2,-1
1782769992.312,6023,1350215,0,0.00000000,0.00000000,0.00,0,0,2.02,-0.046,0.0490,0.4900,2.1560,2.2115,0.491760,0.070557,-0.025574,0.867493,7.754,81.2,-1
1782769992.497,6024,1350427,0,0.00000000,0.00000000,0.00,0,0,2.00,-0.058,0.6860,0.5390,0.8820,1.2406,0.491760,0.070557,-0.025574,0.867493,7.759,76.2,-1
1782769992.746,6025,1350646,0,0.00000000,0.00000000,0.00,0,0,1.89,-0.107,0.2450,0.4900,1.3720,1.4773,0.491760,0.070557,-0.025574,0.867493,7.760,76.2,-1
1782769992.934,6026,1350870,0,0.00000000,0.00000000,0.00,0,0,2.00,-0.024,0.0490,0.4410,1.7640,1.8189,0.491760,0.070618,-0.025635,0.867493,7.759,72.5,-1
1782769993.183,6027,1351098,0,0.00000000,0.00000000,0.00,0,0,2.03,0.016,0.4410,0.6860,1.5190,1.7241,0.491760,0.070679,-0.025574,0.867493,7.753,78.8,-1
1782769993.431,6028,1351318,0,0.00000000,0.00000000,0.00,0,0,2.15,0.083,0.0490,0.7840,1.7150,1.8863,0.491760,0.070679,-0.025574,0.867493,7.750,76.2,-1
1782769993.617,6029,1351536,0,0.00000000,0.00000000,0.00,0,0,1.93,-0.046,0.2450,0.1470,1.8130,1.8354,0.491760,0.070618,-0.025574,0.867493,7.755,76.2,-1
1782769993.864,6030,1351762,0,0.00000000,0.00000000,0.00,0,0,1.98,-0.029,0.3430,0.7350,1.4700,1.6789,0.491760,0.070618,-0.025574,0.867493,7.756,73.8,-1
1782769994.050,6031,1351981,0,0.00000000,0.00000000,0.00,0,0,2.17,0.100,0.2940,0.1960,2.3520,2.3784,0.491760,0.070557,-0.025574,0.867493,7.756,73.8,-1
1782769994.297,6032,1352200,0,0.00000000,0.00000000,0.00,0,0,2.09,0.047,0.3920,1.0290,1.2740,1.6839,0.491760,0.070557,-0.025574,0.867493,7.754,81.2,-1
1782769994.543,6033,1352446,0,0.00000000,0.00000000,0.00,0,0,2.05,0.018,-0.3430,0.8820,1.7640,2.0018,0.491760,0.070557,-0.025574,0.867493,7.758,75.0,-1
1782769994.732,6034,1352672,0,0.00000000,0.00000000,0.00,0,0,1.97,-0.032,0.2450,0.4410,0.6370,0.8126,0.491760,0.070557,-0.025574,0.867493,7.754,76.2,-1
1782769994.984,6035,1352894,0,0.00000000,0.00000000,0.00,0,0,2.05,0.000,-0.1960,0.6860,1.3230,1.5031,0.491760,0.070557,-0.025574,0.867493,7.754,77.5,-1
1782769995.234,6036,1353115,0,0.00000000,0.00000000,0.00,0,0,2.08,0.029,0.5390,1.6660,1.2250,2.1370,0.491760,0.070557,-0.025574,0.867493,7.756,75.0,-1
1782769995.422,6037,1353334,0,0.00000000,0.00000000,0.00,0,0,1.98,-0.060,0.6370,0.3430,1.6170,1.7715,0.491760,0.070618,-0.025635,0.867493,7.751,73.8,-1
1782769995.609,6038,1353548,0,0.00000000,0.00000000,0.00,0,0,2.03,-0.023,0.4410,0.4900,1.3230,1.4781,0.491760,0.070618,-0.025635,0.867493,7.758,67.5,-1
1782769995.859,6039,1353773,0,0.00000000,0.00000000,0.00,0,0,1.96,-0.049,-0.0490,0.6860,1.8130,1.9391,0.491760,0.070679,-0.025635,0.867493,7.753,75.0,-1
1782769996.108,6040,1353996,0,0.00000000,0.00000000,0.00,0,0,2.02,-0.013,0.4410,0.2940,1.5680,1.6552,0.491760,0.070679,-0.025635,0.867493,7.758,75.0,-1
1782769996.295,6041,1354218,0,0.00000000,0.00000000,0.00,0,0,2.01,-0.017,0.1960,1.3230,1.2740,1.8471,0.491760,0.070618,-0.025635,0.867493,7.755,75.0,-1
1782769996.544,6042,1354440,0,0.00000000,0.00000000,0.00,0,0,2.07,0.023,0.3920,0.6370,1.5190,1.6932,0.491760,0.070618,-0.025635,0.867493,7.756,73.8,-1
1782769996.730,6043,1354666,0,0.00000000,0.00000000,0.00,0,0,2.00,-0.006,0.8330,0.2940,2.2050,2.3754,0.491760,0.070618,-0.025635,0.867493,7.754,76.2,-1
1782769996.979,6044,1354887,0,0.00000000,0.00000000,0.00,0,0,2.01,0.041,0.0000,0.6860,1.2740,1.4470,0.491760,0.070618,-0.025574,0.867493,7.751,80.0,-1
1782769997.230,6045,1355110,0,0.00000000,0.00000000,0.00,0,0,1.93,-0.002,0.4900,0.7350,1.8130,2.0168,0.491760,0.070557,-0.025574,0.867493,7.754,75.0,-1
1782769997.417,6046,1355332,0,0.00000000,0.00000000,0.00,0,0,2.04,0.052,0.0980,0.3920,1.7150,1.7620,0.491760,0.070618,-0.025574,0.867493,7.759,71.2,-1
1782769997.664,6047,1355547,0,0.00000000,0.00000000,0.00,0,0,1.97,0.017,0.4900,0.3430,1.7640,1.8626,0.491760,0.070618,-0.025513,0.867493,7.754,72.5,-1
1782769997.852,6048,1355772,0,0.00000000,0.00000000,0.00,0,0,2.00,0.032,-0.3920,0.8820,1.3230,1.6377,0.491760,0.070618,-0.025452,0.867493,7.758,77.5,-1
1782769998.101,6049,1355989,0,0.00000000,0.00000000,0.00,0,0,1.97,0.007,0.2450,0.7350,1.2250,1.4494,0.491760,0.070618,-0.025513,0.867493,7.753,80.0,-1
1782769998.291,6050,1356209,0,0.00000000,0.00000000,0.00,0,0,1.93,-0.036,0.2450,0.5390,2.0090,2.0944,0.491760,0.070618,-0.025452,0.867493,7.753,78.8,-1
1782769998.539,6051,1356423,0,0.00000000,0.00000000,0.00,0,0,2.06,0.055,0.2940,0.2940,1.5680,1.6222,0.491760,0.070679,-0.025391,0.867493,7.758,72.5,-1
1782769998.724,6052,1356641,0,0.00000000,0.00000000,0.00,0,0,2.02,0.021,0.1960,0.7840,2.0090,2.1654,0.491760,0.070679,-0.025391,0.867493,7.756,75.0,-1
1782769998.972,6053,1356864,0,0.00000000,0.00000000,0.00,0,0,2.05,0.017,0.7350,0.7840,2.3520,2.5859,0.491760,0.070618,-0.025452,0.867493,7.756,73.8,-1
1782769999.158,6054,1357085,0,0.00000000,0.00000000,0.00,0,0,1.92,-0.079,0.6370,0.5880,1.5680,1.7917,0.491760,0.070679,-0.025513,0.867493,7.760,73.8,-1
1782769999.408,6055,1357305,0,0.00000000,0.00000000,0.00,0,0,2.09,0.024,0.0980,0.7840,1.4700,1.6689,0.491760,0.070679,-0.025452,0.867493,7.761,70.0,-1
1782769999.593,6056,1357524,0,0.00000000,0.00000000,0.00,0,0,2.09,0.036,-0.0980,0.6860,1.1270,1.3230,0.491760,0.070740,-0.025513,0.867493,7.755,75.0,-1
1782769999.843,6057,1357745,0,0.00000000,0.00000000,0.00,0,0,2.10,0.034,0.2940,0.6860,1.4700,1.6486,0.491760,0.070801,-0.025452,0.867493,7.761,76.2,-1
1782770000.028,6058,1357967,0,0.00000000,0.00000000,0.00,0,0,2.00,-0.044,0.0000,1.5190,1.2250,1.9514,0.491760,0.070801,-0.025513,0.867493,7.759,70.0,-1
1782770000.277,6059,1358188,0,0.00000000,0.00000000,0.00,0,0,2.07,0.004,0.3920,0.5390,1.3720,1.5253,0.491699,0.070801,-0.025452,0.867493,7.758,75.0,-1
1782770000.527,6060,1358437,0,0.00000000,0.00000000,0.00,0,0,2.10,0.029,-0.3920,1.6170,1.5680,2.2863,0.491699,0.070801,-0.025391,0.867493,7.758,75.0,-1
1782770000.776,6061,1358658,0,0.00000000,0.00000000,0.00,0,0,2.02,-0.022,0.4410,0.2940,1.9110,1.9831,0.491638,0.070740,-0.025452,0.867554,7.755,73.8,-1
1782770000.963,6062,1358878,0,0.00000000,0.00000000,0.00,0,0,2.10,0.030,-1.1270,2.4010,-0.4900,2.6972,0.491638,0.070740,-0.025452,0.867554,7.755,76.2,-1
1782770001.213,6063,1359103,0,0.00000000,0.00000000,0.00,0,0,2.03,-0.021,0.2940,0.8820,1.7150,1.9508,0.491638,0.070740,-0.025391,0.867554,7.758,76.2,-1
1782770001.399,6064,1359329,0,0.00000000,0.00000000,0.00,0,0,2.01,-0.041,0.2940,0.7350,1.7640,1.9335,0.491638,0.070679,-0.025452,0.867554,7.758,76.2,-1
1782770001.649,6065,1359541,0,0.00000000,0.00000000,0.00,0,0,2.01,-0.055,0.6370,1.5190,1.4700,2.2077,0.491638,0.070679,-0.025452,0.867554,7.758,73.8,-1
1782770001.836,6066,1359763,0,0.00000000,0.00000000,0.00,0,0,2.03,-0.029,0.3920,0.6860,1.1270,1.3764,0.491638,0.070618,-0.025513,0.867554,7.756,76.2,-1
1782770002.086,6067,1359987,0,0.00000000,0.00000000,0.00,0,0,2.05,-0.022,0.1470,0.7350,0.9800,1.2338,0.491638,0.070618,-0.025513,0.867554,7.758,73.8,-1
1782770002.275,6068,1360212,0,0.00000000,0.00000000,0.00,0,0,2.11,0.017,0.4410,0.1470,1.4210,1.4951,0.491638,0.070557,-0.025513,0.867554,7.759,72.5,-1
1782770002.523,6069,1360428,0,0.00000000,0.00000000,0.00,0,0,2.04,-0.019,0.5390,0.3430,0.9800,1.1699,0.491638,0.070557,-0.025513,0.867554,7.756,76.2,-1
1782770002.712,6070,1360652,0,0.00000000,0.00000000,0.00,0,0,2.01,-0.002,0.5390,0.4410,1.7150,1.8510,0.491638,0.070557,-0.025574,0.867554,7.758,72.5,-1
1782770002.961,6071,1360872,0,0.00000000,0.00000000,0.00,0,0,2.02,0.000,-0.0980,0.8820,1.3230,1.5931,0.491638,0.070557,-0.025574,0.867554,7.755,73.8,-1
1782770003.211,6072,1361092,0,0.00000000,0.00000000,0.00,0,0,2.12,0.072,0.5390,0.4410,1.4700,1.6266,0.491638,0.070557,-0.025574,0.867554,7.756,76.2,-1
1782770003.397,6073,1361317,0,0.00000000,0.00000000,0.00,0,0,2.17,0.089,0.7350,0.8330,2.0580,2.3387,0.491638,0.070557,-0.025574,0.867554,7.759,71.2,-1
1782770003.648,6074,1361535,0,0.00000000,0.00000000,0.00,0,0,1.93,-0.049,0.0000,0.5390,1.8620,1.9384,0.491638,0.070557,-0.025574,0.867554,7.759,70.0,-1
1782770003.835,6075,1361764,0,0.00000000,0.00000000,0.00,0,0,1.98,-0.005,0.1470,0.5880,1.1760,1.3230,0.491638,0.070557,-0.025574,0.867554,7.760,71.2,-1
1782770004.083,6076,1361985,0,0.00000000,0.00000000,0.00,0,0,2.10,0.057,0.2450,0.2940,1.4210,1.4716,0.491638,0.070557,-0.025574,0.867554,7.758,71.2,-1
1782770004.271,6077,1362207,0,0.00000000,0.00000000,0.00,0,0,2.03,0.025,0.4410,0.2450,2.4500,2.5014,0.491638,0.070557,-0.025574,0.867554,7.760,73.8,-1
1782770004.521,6078,1362412,0,0.00000000,0.00000000,0.00,0,0,1.96,-0.037,0.1960,0.3920,1.4700,1.5339,0.491638,0.070618,-0.025513,0.867554,7.758,75.0,-1
1782770004.710,6079,1362634,0,0.00000000,0.00000000,0.00,0,0,2.04,0.022,0.3430,0.6860,1.6170,1.7897,0.491638,0.070740,-0.025574,0.867554,7.758,72.5,-1
1782770004.959,6080,1362856,0,0.00000000,0.00000000,0.00,0,0,2.18,0.099,0.7350,0.4900,2.1070,2.2847,0.491577,0.070740,-0.025574,0.867554,7.759,71.2,-1
1782770005.146,6081,1363078,0,0.00000000,0.00000000,0.00,0,0,2.10,0.025,0.6370,0.7350,1.8130,2.0574,0.491516,0.070862,-0.025391,0.867615,7.759,71.2,-1
1782770005.395,6082,1363300,0,0.00000000,0.00000000,0.00,0,0,2.16,0.049,0.3430,1.2740,1.1270,1.7352,0.491455,0.070801,-0.025452,0.867615,7.762,67.5,-1
1782770005.582,6083,1363515,0,0.00000000,0.00000000,0.00,0,0,2.07,-0.005,0.3430,1.2250,1.1270,1.6995,0.491455,0.070740,-0.025452,0.867615,7.759,68.8,-1
1782770005.829,6084,1363739,0,0.00000000,0.00000000,0.00,0,0,2.13,0.037,1.4700,0.5390,2.3030,2.7848,0.491455,0.070740,-0.025513,0.867615,7.759,67.5,-1
1782770006.018,6085,1363958,0,0.00000000,0.00000000,0.00,0,0,2.17,0.062,-0.5880,1.5190,0.9800,1.9009,0.491455,0.070740,-0.025452,0.867615,7.758,71.2,-1
1782770006.265,6086,1364179,0,0.00000000,0.00000000,0.00,0,0,2.05,-0.022,0.5390,0.2940,1.3230,1.4585,0.491455,0.070679,-0.025391,0.867615,7.756,70.0,-1
1782770006.514,6087,1364423,0,0.00000000,0.00000000,0.00,0,0,2.01,-0.024,0.3430,0.4410,1.2740,1.3911,0.491455,0.070618,-0.025330,0.867676,7.761,68.8,-1
1782770006.765,6088,1364652,0,0.00000000,0.00000000,0.00,0,0,2.02,-0.013,0.0000,1.1760,1.0290,1.5626,0.491455,0.070618,-0.025391,0.867676,7.760,75.0,-1
1782770006.952,6089,1364883,0,0.00000000,0.00000000,0.00,0,0,2.01,-0.027,0.3920,0.4410,1.6170,1.7213,0.491455,0.070557,-0.025452,0.867676,7.761,67.5,-1
1782770007.202,6090,1365099,0,0.00000000,0.00000000,0.00,0,0,1.98,-0.044,-0.0490,0.8820,1.8620,2.0609,0.491455,0.070557,-0.025452,0.867676,7.758,71.2,-1
1782770007.390,6091,1365323,0,0.00000000,0.00000000,0.00,0,0,1.95,-0.061,-0.4900,1.2250,1.0290,1.6732,0.491455,0.070557,-0.025513,0.867676,7.760,68.8,-1
1782770007.639,6092,1365536,0,0.00000000,0.00000000,0.00,0,0,2.01,-0.047,0.5390,0.1960,1.3230,1.4420,0.491455,0.070557,-0.025513,0.867676,7.758,77.5,-1
1782770007.824,6093,1365760,0,0.00000000,0.00000000,0.00,0,0,2.07,-0.013,0.5880,0.6370,1.2740,1.5410,0.491455,0.070557,-0.025513,0.867676,7.755,75.0,-1
1782770008.072,6094,1365983,0,0.00000000,0.00000000,0.00,0,0,2.09,-0.014,0.2940,1.0290,1.3230,1.7016,0.491455,0.070618,-0.025513,0.867676,7.755,75.0,-1
1782770008.320,6095,1366203,0,0.00000000,0.00000000,0.00,0,0,2.14,0.004,-0.1470,1.2740,1.2740,1.8077,0.491455,0.070679,-0.025574,0.867676,7.754,76.2,-1
1782770008.508,6096,1366418,0,0.00000000,0.00000000,0.00,0,0,2.08,-0.028,0.4900,0.6370,1.5680,1.7620,0.491455,0.070679,-0.025635,0.867676,7.754,75.0,-1
1782770008.756,6097,1366645,0,0.00000000,0.00000000,0.00,0,0,2.02,-0.077,0.2940,0.6860,1.9600,2.0973,0.491455,0.070679,-0.025574,0.867676,7.758,71.2,-1
1782770008.943,6098,1366871,0,0.00000000,0.00000000,0.00,0,0,2.05,-0.042,0.0490,0.5880,0.8820,1.0612,0.491455,0.070679,-0.025635,0.867676,7.754,75.0,-1
1782770009.191,6099,1367098,0,0.00000000,0.00000000,0.00,0,0,2.11,0.007,0.7840,0.6370,2.9400,3.1087,0.491455,0.070679,-0.025635,0.867676,7.754,77.5,-1
1782770009.378,6100,1367316,0,0.00000000,0.00000000,0.00,0,0,2.07,-0.014,0.1470,0.7350,1.6660,1.8269,0.491455,0.070618,-0.025574,0.867676,7.756,76.2,-1
1782770009.626,6101,1367534,0,0.00000000,0.00000000,0.00,0,0,2.03,-0.022,0.0980,0.5880,1.4700,1.5863,0.491455,0.070679,-0.025635,0.867676,7.754,75.0,-1
1782770009.873,6102,1367759,0,0.00000000,0.00000000,0.00,0,0,2.06,-0.005,1.2740,0.6860,3.4790,3.7679,0.491455,0.070679,-0.025635,0.867676,7.754,76.2,-1
1782770010.059,6103,1367981,0,0.00000000,0.00000000,0.00,0,0,2.01,-0.051,0.5880,0.4410,1.2740,1.4708,0.491455,0.070618,-0.025635,0.867676,7.754,73.8,-1
1782770010.308,6104,1368206,0,0.00000000,0.00000000,0.00,0,0,2.05,-0.026,1.0780,0.0490,2.4010,2.6324,0.491455,0.070618,-0.025574,0.867676,7.755,73.8,-1
1782770010.495,6105,1368422,0,0.00000000,0.00000000,0.00,0,0,2.07,-0.014,0.2940,0.4900,1.6660,1.7613,0.491455,0.070618,-0.025574,0.867676,7.754,76.2,-1
1782770010.744,6106,1368639,0,0.00000000,0.00000000,0.00,0,0,2.05,-0.020,0.1470,1.1270,0.7350,1.3535,0.491455,0.070618,-0.025574,0.867676,7.751,77.5,-1
1782770010.931,6107,1368859,0,0.00000000,0.00000000,0.00,0,0,2.02,-0.059,0.7840,-0.0490,1.4210,1.6237,0.491455,0.070618,-0.025574,0.867676,7.750,78.8,-1
1782770011.181,6108,1369081,0,0.00000000,0.00000000,0.00,0,0,1.94,-0.112,-0.0490,0.5390,1.7640,1.8452,0.491455,0.070679,-0.025635,0.867676,7.754,76.2,-1
1782770011.368,6109,1369301,0,0.00000000,0.00000000,0.00,0,0,1.99,-0.053,0.8330,0.6860,1.7640,2.0679,0.491455,0.070740,-0.025635,0.867676,7.754,78.8,-1
1782770011.616,6110,1369513,0,0.00000000,0.00000000,0.00,0,0,2.08,-0.023,0.1470,0.5880,0.8330,1.0302,0.491455,0.070740,-0.025635,0.867676,7.758,72.5,-1
1782770011.806,6111,1369734,0,0.00000000,0.00000000,0.00,0,0,2.08,-0.028,0.1470,0.8820,1.4210,1.6789,0.491455,0.070801,-0.025635,0.867615,7.758,68.8,-1
1782770012.055,6112,1369955,0,0.00000000,0.00000000,0.00,0,0,2.02,-0.040,0.1960,0.9800,1.8620,2.1133,0.491455,0.070862,-0.025635,0.867615,7.759,67.5,-1
1782770012.304,6113,1370184,0,0.00000000,0.00000000,0.00,0,0,1.99,-0.055,0.6860,0.8330,2.3030,2.5433,0.491455,0.070862,-0.025696,0.867615,7.756,76.2,-1
1782770012.490,6114,1370425,0,0.00000000,0.00000000,0.00,0,0,2.12,0.040,-0.4900,0.8820,0.4900,1.1217,0.491455,0.070862,-0.025696,0.867615,7.754,75.0,-1
1782770012.740,6115,1370650,0,0.00000000,0.00000000,0.00,0,0,2.07,-0.030,0.2450,0.6860,1.0780,1.3010,0.491455,0.070801,-0.025696,0.867615,7.754,73.8,-1
1782770012.989,6116,1370876,0,0.00000000,0.00000000,0.00,0,0,2.04,-0.051,0.2450,0.4410,1.6660,1.7407,0.491455,0.070740,-0.025635,0.867676,7.760,71.2,-1
1782770013.178,6117,1371096,0,0.00000000,0.00000000,0.00,0,0,2.10,-0.023,0.2940,0.3430,1.0780,1.1688,0.491455,0.070679,-0.025635,0.867676,7.756,73.8,-1
1782770013.427,6118,1371317,0,0.00000000,0.00000000,0.00,0,0,2.05,-0.047,0.2940,0.5880,1.5680,1.7002,0.491455,0.070679,-0.025635,0.867676,7.754,72.5,-1
1782770013.612,6119,1371528,0,0.00000000,0.00000000,0.00,0,0,2.04,-0.035,0.3430,0.8820,1.7150,1.9588,0.491455,0.070618,-0.025574,0.867676,7.755,78.8,-1
1782770013.863,6120,1371746,0,0.00000000,0.00000000,0.00,0,0,1.99,-0.050,0.4900,0.4900,1.7640,1.8952,0.491455,0.070618,-0.025574,0.867676,7.754,77.5,-1
1782770014.050,6121,1371970,0,0.00000000,0.00000000,0.00,0,0,2.10,0.024,0.4410,0.0490,0.8820,0.9873,0.491455,0.070557,-0.025574,0.867676,7.758,76.2,-1
1782770014.297,6122,1372198,0,0.00000000,0.00000000,0.00,0,0,2.04,-0.010,0.0980,0.4410,1.3230,1.3980,0.491455,0.070557,-0.025574,0.867676,7.758,76.2,-1
1782770014.547,6123,1372444,0,0.00000000,0.00000000,0.00,0,0,2.08,0.000,0.1470,0.5880,1.6170,1.7269,0.491455,0.070557,-0.025574,0.867676,7.759,76.2,-1
1782770014.735,6124,1372666,0,0.00000000,0.00000000,0.00,0,0,2.05,-0.032,0.5390,0.9800,1.3720,1.7701,0.491455,0.070557,-0.025574,0.867676,7.754,76.2,-1
1782770014.984,6125,1372891,0,0.00000000,0.00000000,0.00,0,0,2.21,0.065,1.2740,-0.1960,3.5280,3.7561,0.491455,0.070557,-0.025574,0.867676,7.755,75.0,-1
1782770015.171,6126,1373109,0,0.00000000,0.00000000,0.00,0,0,2.15,0.040,0.5390,0.7840,0.5390,1.0935,0.491455,0.070557,-0.025574,0.867676,7.755,73.8,-1
1782770015.420,6127,1373331,0,0.00000000,0.00000000,0.00,0,0,1.96,-0.082,0.2450,0.6370,1.8620,1.9831,0.491455,0.070618,-0.025635,0.867676,7.761,72.5,-1
1782770015.671,6128,1373551,0,0.00000000,0.00000000,0.00,0,0,2.08,-0.019,0.0980,1.2250,2.3520,2.6537,0.491455,0.070618,-0.025635,0.867615,7.761,73.8,-1
1782770015.858,6129,1373769,0,0.00000000,0.00000000,0.00,0,0,2.07,0.000,0.9310,0.3430,2.1070,2.3289,0.491455,0.070679,-0.025635,0.867615,7.755,75.0,-1
1782770016.107,6130,1373990,0,0.00000000,0.00000000,0.00,0,0,2.08,-0.012,0.0000,0.8330,1.5680,1.7755,0.491516,0.070740,-0.025696,0.867615,7.756,77.5,-1
1782770016.294,6131,1374214,0,0.00000000,0.00000000,0.00,0,0,2.15,0.023,0.4900,1.0290,1.2740,1.7094,0.491455,0.070862,-0.025696,0.867676,7.758,72.5,-1
1782770016.542,6132,1374435,0,0.00000000,0.00000000,0.00,0,0,2.17,0.026,0.3430,0.6860,1.0290,1.2834,0.491455,0.070862,-0.025696,0.867676,7.756,72.5,-1
1782770016.728,6133,1374662,0,0.00000000,0.00000000,0.00,0,0,1.98,-0.097,0.0490,0.9800,1.6170,1.8914,0.491455,0.070801,-0.025696,0.867676,7.760,71.2,-1
1782770016.976,6134,1374885,0,0.00000000,0.00000000,0.00,0,0,2.02,-0.065,0.3920,0.9800,0.8820,1.3755,0.491455,0.070740,-0.025635,0.867676,7.758,77.5,-1
1782770017.224,6135,1375102,0,0.00000000,0.00000000,0.00,0,0,1.99,-0.078,0.3920,0.5880,0.8330,1.0924,0.491455,0.070679,-0.025635,0.867676,7.758,72.5,-1
1782770017.408,6136,1375326,0,0.00000000,0.00000000,0.00,0,0,2.19,0.028,0.0980,-0.1960,1.1760,1.1962,0.491455,0.070618,-0.025574,0.867676,7.761,67.5,-1
1782770017.657,6137,1375537,0,0.00000000,0.00000000,0.00,0,0,2.15,0.004,0.9800,0.5880,2.6950,2.9273,0.491455,0.070618,-0.025574,0.867676,7.758,72.5,-1
1782770017.843,6138,1375754,0,0.00000000,0.00000000,0.00,0,0,2.00,-0.087,-0.4900,0.0980,0.2450,0.5565,0.491455,0.070618,-0.025574,0.867676,7.754,75.0,-1
1782770018.091,6139,1375976,0,0.00000000,0.00000000,0.00,0,0,2.09,-0.054,0.5880,0.4900,1.4210,1.6140,0.491455,0.070557,-0.025574,0.867676,7.758,72.5,-1
1782770018.278,6140,1376196,0,0.00000000,0.00000000,0.00,0,0,2.10,-0.022,0.5880,0.6370,1.8130,2.0096,0.491455,0.070496,-0.025452,0.867676,7.754,73.8,-1
1782770018.528,6141,1376438,0,0.00000000,0.00000000,0.00,0,0,2.08,-0.041,0.5880,1.0780,1.8130,2.1897,0.491516,0.070557,-0.025513,0.867615,7.758,75.0,-1
1782770018.777,6142,1376658,0,0.00000000,0.00000000,0.00,0,0,2.09,-0.035,0.0000,0.7350,1.6170,1.7762,0.491516,0.070679,-0.025574,0.867615,7.756,77.5,-1
1782770018.964,6143,1376878,0,0.00000000,0.00000000,0.00,0,0,2.11,-0.002,0.5390,0.6370,2.1560,2.3118,0.491516,0.070679,-0.025513,0.867615,7.756,72.5,-1
1782770019.212,6144,1377098,0,0.00000000,0.00000000,0.00,0,0,2.12,-0.010,0.1470,0.6860,1.0290,1.2454,0.491577,0.070679,-0.025574,0.867615,7.754,77.5,-1
1782770019.401,6145,1377321,0,0.00000000,0.00000000,0.00,0,0,2.20,0.034,0.9310,-0.3430,1.8620,2.1098,0.491577,0.070679,-0.025574,0.867615,7.758,75.0,-1
1782770019.652,6146,1377533,0,0.00000000,0.00000000,0.00,0,0,2.06,-0.048,0.7350,0.7350,1.8130,2.0898,0.491516,0.070679,-0.025635,0.867615,7.759,71.2,-1
1782770019.838,6147,1377733,0,0.00000000,0.00000000,0.00,0,0,2.11,-0.013,-0.1960,0.2450,1.2250,1.2645,0.491577,0.070679,-0.025574,0.867615,7.759,70.0,-1
1782770020.025,6148,1377955,0,0.00000000,0.00000000,0.00,0,0,2.02,-0.057,0.1960,0.8820,1.3720,1.6428,0.491577,0.070618,-0.025574,0.867615,7.758,68.8,-1
1782770020.278,6149,1378178,0,0.00000000,0.00000000,0.00,0,0,2.07,-0.015,0.0490,0.5880,1.9110,2.0000,0.491577,0.070618,-0.025574,0.867615,7.755,78.8,-1
1782770020.526,6150,1378427,0,0.00000000,0.00000000,0.00,0,0,2.16,0.026,-0.0490,0.6860,1.1760,1.3623,0.491577,0.070618,-0.025574,0.867615,7.756,75.0,-1
1782770020.775,6151,1378654,0,0.00000000,0.00000000,0.00,0,0,2.10,-0.017,0.1470,0.4900,2.4010,2.4549,0.491577,0.070557,-0.025574,0.867615,7.759,71.2,-1
1782770020.962,6152,1378873,0,0.00000000,0.00000000,0.00,0,0,2.10,-0.004,0.7840,0.8330,2.0580,2.3546,0.491577,0.070557,-0.025574,0.867615,7.759,73.8,-1
1782770021.210,6153,1379093,0,0.00000000,0.00000000,0.00,0,0,1.96,-0.087,0.3430,0.1470,2.5480,2.5752,0.491577,0.070557,-0.025574,0.867615,7.758,73.8,-1
1782770021.397,6154,1379314,0,0.00000000,0.00000000,0.00,0,0,2.17,0.039,0.3920,0.4900,1.8130,1.9185,0.491577,0.070618,-0.025574,0.867615,7.758,73.8,-1
1782770021.648,6155,1379526,0,0.00000000,0.00000000,0.00,0,0,2.16,0.019,-0.2450,1.8130,0.6860,1.9539,0.491577,0.070618,-0.025635,0.867615,7.759,66.2,-1
1782770021.834,6156,1379748,0,0.00000000,0.00000000,0.00,0,0,2.18,0.008,0.5390,0.4410,1.8620,1.9880,0.491516,0.070679,-0.025635,0.867615,7.759,72.5,-1
1782770022.084,6157,1379974,0,0.00000000,0.00000000,0.00,0,0,2.05,-0.057,0.3430,0.6860,1.2740,1.4871,0.491516,0.070679,-0.025757,0.867615,7.755,72.5,-1
1782770022.269,6158,1380197,0,0.00000000,0.00000000,0.00,0,0,2.14,-0.013,0.1960,0.1470,2.5480,2.5598,0.491516,0.070740,-0.025757,0.867615,7.756,70.0,-1
1782770022.518,6159,1380440,0,0.00000000,0.00000000,0.00,0,0,2.06,-0.037,0.7840,1.0290,2.6460,2.9453,0.491516,0.070801,-0.025757,0.867615,7.758,70.0,-1
1782770022.767,6160,1380667,0,0.00000000,0.00000000,0.00,0,0,1.99,-0.076,0.1960,0.1960,1.8620,1.8825,0.491516,0.070801,-0.025757,0.867615,7.758,72.5,-1
1782770022.956,6161,1380889,0,0.00000000,0.00000000,0.00,0,0,2.12,0.026,0.2940,0.6860,1.3230,1.5190,0.491516,0.070801,-0.025757,0.867615,7.754,80.0,-1
1782770023.205,6162,1381107,0,0.00000000,0.00000000,0.00,0,0,2.08,0.016,0.3920,1.0290,2.4010,2.6415,0.491516,0.070862,-0.025757,0.867615,7.756,75.0,-1
1782770023.394,6163,1381327,0,0.00000000,0.00000000,0.00,0,0,2.04,-0.020,0.1960,0.8330,1.3230,1.5756,0.491516,0.070801,-0.025757,0.867615,7.756,76.2,-1
1782770023.644,6164,1381538,0,0.00000000,0.00000000,0.00,0,0,1.88,-0.134,0.8330,0.2940,2.2050,2.3754,0.491516,0.070740,-0.025696,0.867615,7.755,72.5,-1
1782770023.832,6165,1381760,0,0.00000000,0.00000000,0.00,0,0,2.08,-0.009,0.3430,0.6370,1.6170,1.7715,0.491516,0.070679,-0.025696,0.867615,7.755,73.8,-1
1782770024.082,6166,1381978,0,0.00000000,0.00000000,0.00,0,0,2.07,-0.006,0.0980,0.3430,1.5680,1.6081,0.491516,0.070679,-0.025635,0.867615,7.755,73.8,-1
1782770024.269,6167,1382203,0,0.00000000,0.00000000,0.00,0,0,2.13,0.038,0.1960,0.6370,2.4010,2.4918,0.491516,0.070618,-0.025635,0.867615,7.758,68.8,-1
1782770024.519,6168,1382418,0,0.00000000,0.00000000,0.00,0,0,2.08,0.006,0.5390,0.5390,2.0090,2.1487,0.491577,0.070618,-0.025635,0.867615,7.753,76.2,-1
1782770024.707,6169,1382642,0,0.00000000,0.00000000,0.00,0,0,2.12,0.045,0.5390,0.4410,1.2740,1.4519,0.491516,0.070557,-0.025635,0.867615,7.754,75.0,-1
1782770024.955,6170,1382865,0,0.00000000,0.00000000,0.00,0,0,2.15,0.069,0.1470,0.4900,2.0090,2.0731,0.491516,0.070557,-0.025635,0.867615,7.756,75.0,-1
1782770025.205,6171,1383091,0,0.00000000,0.00000000,0.00,0,0,2.11,0.038,0.3430,0.6860,1.5190,1.7016,0.491516,0.070618,-0.025635,0.867615,7.751,77.5,-1
1782770025.393,6172,1383315,0,0.00000000,0.00000000,0.00,0,0,2.06,-0.009,0.4900,0.4410,1.6170,1.7462,0.491516,0.070618,-0.025635,0.867615,7.754,75.0,-1
1782770025.642,6173,1383531,0,0.00000000,0.00000000,0.00,0,0,1.99,-0.066,0.7840,0.5880,2.2050,2.4130,0.491577,0.070618,-0.025635,0.867615,7.753,75.0,-1
1782770025.827,6174,1383754,0,0.00000000,0.00000000,0.00,0,0,2.15,0.038,0.6860,0.3430,1.6170,1.7897,0.491577,0.070557,-0.025574,0.867615,7.751,78.8,-1
1782770026.076,6175,1383974,0,0.00000000,0.00000000,0.00,0,0,2.21,0.056,0.2940,0.4410,1.5190,1.6088,0.491577,0.070557,-0.025574,0.867615,7.751,76.2,-1
1782770026.262,6176,1384200,0,0.00000000,0.00000000,0.00,0,0,2.05,-0.034,0.4900,-0.1960,1.9600,2.0298,0.491577,0.070557,-0.025574,0.867615,7.756,76.2,-1
1782770026.511,6177,1384445,0,0.00000000,0.00000000,0.00,0,0,2.06,-0.031,0.2940,0.5390,1.0780,1.2406,0.491577,0.070557,-0.025574,0.867615,7.758,68.8,-1
1782770026.759,6178,1384669,0,0.00000000,0.00000000,0.00,0,0,2.01,-0.078,0.1470,0.6370,2.0090,2.1127,0.491577,0.070618,-0.025635,0.867615,7.758,71.2,-1
1782770027.010,6179,1384890,0,0.00000000,0.00000000,0.00,0,0,2.19,0.047,0.1470,0.4410,1.6170,1.6825,0.491577,0.070618,-0.025574,0.867615,7.753,77.5,-1
1782770027.195,6180,1385117,0,0.00000000,0.00000000,0.00,0,0,2.15,0.010,0.3920,0.2450,1.5680,1.6347,0.491577,0.070557,-0.025574,0.867615,7.753,78.8,-1
1782770027.444,6181,1385340,0,0.00000000,0.00000000,0.00,0,0,2.00,-0.077,0.3430,-0.3920,2.1070,2.1704,0.491577,0.070557,-0.025574,0.867615,7.756,77.5,-1
1782770027.630,6182,1385559,0,0.00000000,0.00000000,0.00,0,0,2.05,-0.060,0.8330,0.2940,2.4500,2.6044,0.491577,0.070557,-0.025574,0.867615,7.753,75.0,-1
1782770027.880,6183,1385778,0,0.00000000,0.00000000,0.00,0,0,2.08,-0.032,0.0490,0.6370,1.1270,1.2955,0.491516,0.070679,-0.025635,0.867615,7.750,76.2,-1
1782770028.065,6184,1386001,0,0.00000000,0.00000000,0.00,0,0,2.14,-0.010,0.2940,0.3920,0.9800,1.0957,0.491516,0.070679,-0.025635,0.867615,7.756,73.8,-1
1782770028.312,6185,1386222,0,0.00000000,0.00000000,0.00,0,0,2.04,-0.085,0.2940,0.4900,2.0580,2.1359,0.491516,0.070740,-0.025696,0.867615,7.755,75.0,-1
1782770028.560,6186,1386442,0,0.00000000,0.00000000,0.00,0,0,2.13,-0.031,-0.1470,1.0780,1.4210,1.7897,0.491516,0.070679,-0.025635,0.867615,7.755,76.2,-1
1782770028.744,6187,1386663,0,0.00000000,0.00000000,0.00,0,0,2.03,-0.086,0.3430,0.4410,1.1270,1.2579,0.491516,0.070679,-0.025635,0.867615,7.755,73.8,-1
1782770028.994,6188,1386884,0,0.00000000,0.00000000,0.00,0,0,2.24,0.053,0.2940,0.9800,1.3720,1.7115,0.491516,0.070618,-0.025635,0.867615,7.753,75.0,-1
1782770029.181,6189,1387111,0,0.00000000,0.00000000,0.00,0,0,2.11,-0.017,0.1960,0.3430,1.3230,1.3807,0.491516,0.070679,-0.025635,0.867615,7.754,76.2,-1
1782770029.429,6190,1387333,0,0.00000000,0.00000000,0.00,0,0,2.10,-0.012,0.0490,0.3430,1.1270,1.1791,0.491516,0.070679,-0.025635,0.867615,7.755,77.5,-1
1782770029.618,6191,1387550,0,0.00000000,0.00000000,0.00,0,0,2.19,0.036,0.0980,0.3430,1.5680,1.6081,0.491516,0.070740,-0.025696,0.867615,7.754,76.2,-1
1782770029.868,6192,1387774,0,0.00000000,0.00000000,0.00,0,0,2.04,-0.065,-0.1960,0.4900,1.3230,1.4244,0.491516,0.070679,-0.025757,0.867615,7.755,73.8,-1
1782770030.056,6193,1387996,0,0.00000000,0.00000000,0.00,0,0,2.10,-0.015,0.0980,1.2250,1.1760,1.7009,0.491516,0.070618,-0.025696,0.867615,7.759,75.0,-1
1782770030.306,6194,1388213,0,0.00000000,0.00000000,0.00,0,0,2.08,-0.025,-0.0490,0.9310,1.7150,1.9520,0.491516,0.070618,-0.025696,0.867615,7.755,77.5,-1
1782770030.492,6195,1388430,0,0.00000000,0.00000000,0.00,0,0,2.08,-0.019,1.3230,-0.3430,2.3520,2.7203,0.491516,0.070557,-0.025696,0.867615,7.758,75.0,-1
1782770030.741,6196,1388655,0,0.00000000,0.00000000,0.00,0,0,2.11,-0.011,-0.0490,0.4900,1.6170,1.6903,0.491516,0.070557,-0.025635,0.867615,7.756,75.0,-1
1782770030.992,6197,1388878,0,0.00000000,0.00000000,0.00,0,0,2.01,-0.076,0.8330,0.0980,1.5190,1.7352,0.491516,0.070618,-0.025635,0.867615,7.756,75.0,-1
1782770031.179,6198,1389095,0,0.00000000,0.00000000,0.00,0,0,2.09,-0.044,0.3430,0.3920,1.7150,1.7924,0.491516,0.070679,-0.025696,0.867615,7.756,76.2,-1
1782770031.426,6199,1389314,0,0.00000000,0.00000000,0.00,0,0,2.08,-0.047,0.4410,0.8820,1.7640,2.0209,0.491516,0.070679,-0.025696,0.867615,7.754,77.5,-1
1782770031.613,6200,1389530,0,0.00000000,0.00000000,0.00,0,0,2.16,-0.009,1.1270,1.4700,2.6460,3.2299,0.491516,0.070679,-0.025696,0.867615,7.755,76.2,-1
1782770031.864,6201,1389752,0,0.00000000,0.00000000,0.00,0,0,2.13,-0.033,0.2940,0.6370,1.3720,1.5410,0.491516,0.070679,-0.025635,0.867615,7.755,78.8,-1
1782770032.050,6202,1389978,0,0.00000000,0.00000000,0.00,0,0,2.02,-0.100,0.6860,0.4410,1.0780,1.3517,0.491516,0.070679,-0.025696,0.867615,7.755,76.2,-1
1782770032.300,6203,1390200,0,0.00000000,0.00000000,0.00,0,0,2.05,-0.091,0.7840,0.2450,1.5190,1.7269,0.491516,0.070740,-0.025696,0.867615,7.758,75.0,-1
1782770032.550,6204,1390442,0,0.00000000,0.00000000,0.00,0,0,2.14,-0.042,0.2940,0.4410,0.9310,1.0713,0.491516,0.070740,-0.025696,0.867615,7.759,73.8,-1
1782770032.738,6205,1390664,0,0.00000000,0.00000000,0.00,0,0,2.10,-0.052,0.2940,0.7350,1.3230,1.5417,0.491516,0.070801,-0.025696,0.867615,7.758,72.5,-1
1782770032.989,6206,1390891,0,0.00000000,0.00000000,0.00,0,0,2.19,0.017,0.3430,0.0490,1.8620,1.8940,0.491516,0.070801,-0.025757,0.867615,7.753,85.0,-1
1782770033.176,6207,1391111,0,0.00000000,0.00000000,0.00,0,0,2.12,-0.037,0.2940,0.0980,1.6660,1.6946,0.491516,0.070740,-0.025879,0.867615,7.754,78.8,-1
1782770033.426,6208,1391334,0,0.00000000,0.00000000,0.00,0,0,2.09,-0.056,0.0980,0.7840,2.1560,2.2962,0.491516,0.070740,-0.025818,0.867615,7.758,76.2,-1
1782770033.612,6209,1391551,0,0.00000000,0.00000000,0.00,0,0,2.08,-0.073,0.4900,0.5880,1.3230,1.5285,0.491516,0.070740,-0.025818,0.867615,7.751,77.5,-1
1782770033.860,6210,1391776,0,0.00000000,0.00000000,0.00,0,0,2.16,-0.012,0.0980,0.5880,0.6860,0.9088,0.491516,0.070679,-0.025696,0.867615,7.756,75.0,-1
1782770034.106,6211,1392002,0,0.00000000,0.00000000,0.00,0,0,2.26,0.044,0.1960,0.3920,1.1760,1.2550,0.491516,0.070618,-0.025696,0.867615,7.755,76.2,-1
1782770034.292,6212,1392225,0,0.00000000,0.00000000,0.00,0,0,2.06,-0.085,-0.0980,0.8330,1.3230,1.5665,0.491516,0.070618,-0.025696,0.867615,7.758,70.0,-1
1782770034.540,6213,1392436,0,0.00000000,0.00000000,0.00,0,0,2.16,-0.025,0.5880,1.0290,1.6170,2.0048,0.491516,0.070557,-0.025696,0.867615,7.756,76.2,-1
1782770034.729,6214,1392654,0,0.00000000,0.00000000,0.00,0,0,2.08,-0.076,-0.0980,0.9800,1.0290,1.4244,0.491516,0.070557,-0.025696,0.867615,7.756,71.2,-1
1782770034.978,6215,1392876,0,0.00000000,0.00000000,0.00,0,0,2.13,-0.047,0.3430,0.4410,1.4210,1.5269,0.491516,0.070557,-0.025635,0.867615,7.758,70.0,-1
1782770035.164,6216,1393097,0,0.00000000,0.00000000,0.00,0,0,2.17,-0.030,0.8330,0.3430,1.7640,1.9807,0.491577,0.070557,-0.025635,0.867615,7.755,76.2,-1
1782770035.411,6217,1393315,0,0.00000000,0.00000000,0.00,0,0,2.15,-0.036,-0.0490,1.6170,1.6170,2.2873,0.491577,0.070557,-0.025574,0.867615,7.755,81.2,-1
1782770035.599,6218,1393525,0,0.00000000,0.00000000,0.00,0,0,2.16,-0.042,0.2450,0.7840,1.8130,1.9904,0.491577,0.070557,-0.025574,0.867615,7.756,76.2,-1
1782770035.849,6219,1393747,0,0.00000000,0.00000000,0.00,0,0,2.10,-0.071,0.1470,0.9310,1.6170,1.8716,0.491577,0.070557,-0.025574,0.867615,7.756,76.2,-1
1782770036.037,6220,1393968,0,0.00000000,0.00000000,0.00,0,0,2.07,-0.074,0.5880,0.3920,1.3720,1.5433,0.491516,0.070618,-0.025635,0.867615,7.756,75.0,-1
1782770036.289,6221,1394188,0,0.00000000,0.00000000,0.00,0,0,2.16,0.001,0.4410,0.5390,1.3720,1.5386,0.491516,0.070679,-0.025635,0.867615,7.756,76.2,-1
1782770036.538,6222,1394432,0,0.00000000,0.00000000,0.00,0,0,2.12,-0.023,0.2940,0.2450,1.0780,1.1439,0.491516,0.070740,-0.025696,0.867615,7.755,70.0,-1
1782770036.724,6223,1394660,0,0.00000000,0.00000000,0.00,0,0,2.16,0.005,0.8820,-0.0980,2.4990,2.6519,0.491516,0.070801,-0.025696,0.867615,7.755,75.0,-1
1782770036.975,6224,1394880,0,0.00000000,0.00000000,0.00,0,0,2.06,-0.047,0.2450,0.8820,2.0580,2.2524,0.491516,0.070740,-0.025696,0.867615,7.760,73.8,-1
1782770037.162,6225,1395100,0,0.00000000,0.00000000,0.00,0,0,2.04,-0.077,0.8820,0.1960,1.5190,1.7674,0.491516,0.070679,-0.025635,0.867615,7.755,80.0,-1
1782770037.410,6226,1395321,0,0.00000000,0.00000000,0.00,0,0,2.21,0.036,-0.0490,0.7840,1.4210,1.6237,0.491516,0.070618,-0.025635,0.867615,7.758,71.2,-1
1782770037.596,6227,1395533,0,0.00000000,0.00000000,0.00,0,0,2.17,-0.008,0.2450,0.9800,1.5680,1.8652,0.491516,0.070618,-0.025635,0.867615,7.758,71.2,-1
1782770037.846,6228,1395751,0,0.00000000,0.00000000,0.00,0,0,2.20,0.017,0.2940,0.5390,1.6660,1.7755,0.491516,0.070557,-0.025635,0.867615,7.759,71.2,-1
1782770038.096,6229,1395975,0,0.00000000,0.00000000,0.00,0,0,2.07,-0.063,0.2940,0.8330,1.4700,1.7150,0.491516,0.070496,-0.025757,0.867615,7.759,72.5,-1
1782770038.283,6230,1396197,0,0.00000000,0.00000000,0.00,0,0,2.13,-0.018,0.2450,0.9800,1.3720,1.7038,0.491516,0.070496,-0.025696,0.867615,7.760,68.8,-1
1782770038.531,6231,1396446,0,0.00000000,0.00000000,0.00,0,0,2.05,-0.078,1.4700,0.4900,0.8820,1.7830,0.491516,0.070435,-0.025696,0.867615,7.758,72.5,-1
1782770038.780,6232,1396673,0,0.00000000,0.00000000,0.00,0,0,2.08,-0.054,0.6370,0.7350,2.0090,2.2321,0.491516,0.070435,-0.025696,0.867615,7.758,72.5,-1
1782770038.968,6233,1396893,0,0.00000000,0.00000000,0.00,0,0,2.21,0.039,0.2450,0.7350,1.7150,1.8819,0.491516,0.070496,-0.025635,0.867615,7.754,77.5,-1
1782770039.217,6234,1397117,0,0.00000000,0.00000000,0.00,0,0,2.16,0.004,0.4900,0.4900,1.9110,2.0328,0.491516,0.070496,-0.025635,0.867615,7.755,72.5,-1
1782770039.402,6235,1397339,0,0.00000000,0.00000000,0.00,0,0,2.12,0.005,0.7840,0.2450,2.2050,2.3530,0.491516,0.070557,-0.025635,0.867615,7.755,71.2,-1
1782770039.652,6236,1397558,0,0.00000000,0.00000000,0.00,0,0,2.27,0.075,0.1470,1.1270,1.6170,1.9765,0.491516,0.070557,-0.025696,0.867615,7.758,71.2,-1
1782770039.901,6237,1397782,0,0.00000000,0.00000000,0.00,0,0,2.10,-0.027,0.1960,0.7350,0.7350,1.0578,0.491516,0.070557,-0.025757,0.867615,7.759,68.8,-1
1782770040.087,6238,1398008,0,0.00000000,0.00000000,0.00,0,0,2.14,-0.001,0.2940,0.7350,2.1560,2.2967,0.491516,0.070618,-0.025757,0.867615,7.755,73.8,-1
1782770040.338,6239,1398228,0,0.00000000,0.00000000,0.00,0,0,2.19,0.021,0.2450,0.7840,1.6170,1.8137,0.491516,0.070618,-0.025757,0.867615,7.758,73.8,-1
1782770040.524,6240,1398443,0,0.00000000,0.00000000,0.00,0,0,2.13,0.001,0.3430,0.6860,1.8130,1.9686,0.491516,0.070618,-0.025696,0.867615,7.760,70.0,-1
1782770040.773,6241,1398671,0,0.00000000,0.00000000,0.00,0,0,2.15,-0.002,0.6370,0.8330,2.1070,2.3535,0.491516,0.070618,-0.025635,0.867615,7.758,73.8,-1
1782770040.961,6242,1398895,0,0.00000000,0.00000000,0.00,0,0,2.17,0.022,0.0980,0.5880,1.7640,1.8620,0.491516,0.070557,-0.025635,0.867615,7.753,77.5,-1
1782770041.210,6243,1399122,0,0.00000000,0.00000000,0.00,0,0,2.20,0.059,0.3430,0.1960,1.4210,1.4749,0.491516,0.070557,-0.025635,0.867615,7.758,68.8,-1
1782770041.457,6244,1399349,0,0.00000000,0.00000000,0.00,0,0,2.12,-0.005,0.2450,0.8330,1.4210,1.6653,0.491516,0.070557,-0.025635,0.867615,7.753,75.0,-1
1782770041.645,6245,1399565,0,0.00000000,0.00000000,0.00,0,0,2.04,-0.081,0.7350,0.3920,1.8620,2.0398,0.491577,0.070557,-0.025574,0.867615,7.758,70.0,-1
1782770041.894,6246,1399787,0,0.00000000,0.00000000,0.00,0,0,2.03,-0.115,0.5880,0.6370,1.6170,1.8347,0.491516,0.070618,-0.025635,0.867615,7.756,77.5,-1
1782770042.081,6247,1400015,0,0.00000000,0.00000000,0.00,0,0,2.10,-0.068,0.9800,0.0490,2.2050,2.4135,0.491516,0.070679,-0.025635,0.867615,7.755,76.2,-1
1782770042.329,6248,1400235,0,0.00000000,0.00000000,0.00,0,0,2.24,0.011,1.0780,0.4410,3.2830,3.4835,0.491516,0.070740,-0.025696,0.867615,7.755,73.8,-1
1782770042.516,6249,1400450,0,0.00000000,0.00000000,0.00,0,0,2.13,-0.051,0.3920,0.2450,1.6170,1.6818,0.491516,0.070679,-0.025696,0.867615,7.756,77.5,-1
1782770042.766,6250,1400676,0,0.00000000,0.00000000,0.00,0,0,2.17,-0.017,0.0000,0.9800,0.3920,1.0555,0.491516,0.070679,-0.025696,0.867615,7.755,75.0,-1
1782770043.014,6251,1400892,0,0.00000000,0.00000000,0.00,0,0,2.26,0.055,0.3430,0.5390,2.0580,2.1549,0.491516,0.070740,-0.025696,0.867615,7.751,82.5,-1
1782770043.201,6252,1401115,0,0.00000000,0.00000000,0.00,0,0,2.10,-0.061,0.6370,0.4900,1.6170,1.8057,0.491516,0.070740,-0.025696,0.867615,7.756,77.5,-1
1782770043.453,6253,1401336,0,0.00000000,0.00000000,0.00,0,0,2.06,-0.072,-0.1470,1.1760,1.4210,1.8504,0.491577,0.070740,-0.025513,0.867615,7.754,76.2,-1
1782770043.640,6254,1401552,0,0.00000000,0.00000000,0.00,0,0,2.12,-0.138,0.0000,0.7840,1.3720,1.5802,0.491394,0.070679,-0.025513,0.867676,7.756,73.8,-1
1782770043.889,6255,1401776,0,0.00000000,0.00000000,0.00,0,0,2.13,-0.107,0.5880,0.5390,2.3520,2.4836,0.491394,0.070679,-0.025635,0.867676,7.753,76.2,-1
1782770044.075,6256,1401995,0,0.00000000,0.00000000,0.00,0,0,2.11,-0.091,0.2940,0.5880,2.1070,2.2072,0.491394,0.070618,-0.025757,0.867676,7.755,78.8,-1
1782770044.323,6257,1402217,0,0.00000000,0.00000000,0.00,0,0,1.97,-0.169,0.0980,0.6860,2.1560,2.2646,0.491333,0.070557,-0.025696,0.867737,7.754,78.8,-1
1782770044.511,6258,1402429,0,0.00000000,0.00000000,0.00,0,0,2.00,-0.157,0.1470,0.6370,1.8620,1.9734,0.491333,0.070618,-0.025635,0.867737,7.760,73.8,-1
1782770044.760,6259,1402652,0,0.00000000,0.00000000,0.00,0,0,2.09,-0.079,0.2450,0.5390,2.5970,2.6636,0.491333,0.070618,-0.025574,0.867737,7.760,72.5,-1
1782770044.947,6260,1402881,0,0.00000000,0.00000000,0.00,0,0,2.15,-0.033,0.9310,0.3920,2.1070,2.3366,0.491333,0.070557,-0.025574,0.867737,7.754,77.5,-1
1782770045.195,6261,1403101,0,0.00000000,0.00000000,0.00,0,0,2.12,-0.045,0.2450,0.6370,1.5680,1.7101,0.491394,0.070618,-0.025513,0.867737,7.755,75.0,-1
1782770045.441,6262,1403323,0,0.00000000,0.00000000,0.00,0,0,2.12,-0.036,-0.7350,1.3230,0.7350,1.6825,0.491394,0.070618,-0.025452,0.867737,7.753,75.0,-1
1782770045.629,6263,1403543,0,0.00000000,0.00000000,0.00,0,0,2.11,-0.023,-0.3430,1.0780,0.7840,1.3764,0.491394,0.070557,-0.025452,0.867737,7.755,77.5,-1
1782770045.876,6264,1403771,0,0.00000000,0.00000000,0.00,0,0,2.01,-0.076,-0.0490,0.5880,1.6170,1.7213,0.491333,0.070679,-0.025574,0.867737,7.760,75.0,-1
1782770046.062,6265,1403990,0,0.00000000,0.00000000,0.00,0,0,2.03,-0.064,-0.0980,0.3430,1.6170,1.6559,0.491333,0.070740,-0.025574,0.867676,7.759,70.0,-1
1782770046.308,6266,1404214,0,0.00000000,0.00000000,0.00,0,0,2.18,0.036,0.0490,0.6370,1.3230,1.4692,0.491333,0.070740,-0.025635,0.867676,7.756,75.0,-1
1782770046.497,6267,1404424,0,0.00000000,0.00000000,0.00,0,0,2.15,0.013,0.1960,0.4410,0.9800,1.0924,0.491333,0.070740,-0.025635,0.867676,7.756,72.5,-1
1782770046.750,6268,1404648,0,0.00000000,0.00000000,0.00,0,0,2.09,-0.017,0.3920,0.2450,2.1070,2.1571,0.491333,0.070679,-0.025574,0.867737,7.755,77.5,-1
1782770046.934,6269,1404871,0,0.00000000,0.00000000,0.00,0,0,2.17,0.025,0.2940,0.4900,1.7640,1.8542,0.491333,0.070679,-0.025574,0.867737,7.758,75.0,-1
1782770047.184,6270,1405096,0,0.00000000,0.00000000,0.00,0,0,2.16,0.005,0.6370,-0.0980,1.6170,1.7407,0.491333,0.070618,-0.025574,0.867737,7.758,72.5,-1
1782770047.431,6271,1405314,0,0.00000000,0.00000000,0.00,0,0,2.17,0.010,0.5880,0.3430,1.4700,1.6200,0.491333,0.070679,-0.025574,0.867737,7.755,75.0,-1
1782770047.616,6272,1405526,0,0.00000000,0.00000000,0.00,0,0,2.10,-0.025,0.3430,1.0290,1.2740,1.6732,0.491272,0.070740,-0.025513,0.867737,7.756,73.8,-1
1782770047.865,6273,1405745,0,0.00000000,0.00000000,0.00,0,0,2.14,0.008,0.3430,0.6370,1.5680,1.7269,0.491211,0.070801,-0.025452,0.867798,7.755,81.2,-1
1782770048.052,6274,1405965,0,0.00000000,0.00000000,0.00,0,0,2.13,-0.005,0.3430,1.0290,1.6170,1.9471,0.491150,0.070862,-0.025330,0.867859,7.755,78.8,-1
1782770048.300,6275,1406188,0,0.00000000,0.00000000,0.00,0,0,2.23,0.066,0.5390,0.1960,1.4700,1.5779,0.491150,0.070740,-0.025391,0.867859,7.755,76.2,-1
1782770048.547,6276,1406439,0,0.00000000,0.00000000,0.00,0,0,2.25,0.079,0.2450,0.7350,1.8620,2.0168,0.491150,0.070679,-0.025452,0.867859,7.755,73.8,-1
1782770048.735,6277,1406659,0,0.00000000,0.00000000,0.00,0,0,2.10,-0.018,-0.3430,1.4210,0.8820,1.7073,0.491150,0.070618,-0.025452,0.867859,7.755,73.8,-1
1782770048.985,6278,1406879,0,0.00000000,0.00000000,0.00,0,0,2.07,-0.039,0.3920,0.5390,1.7640,1.8857,0.491150,0.070618,-0.025452,0.867859,7.753,73.8,-1
1782770049.172,6279,1407097,0,0.00000000,0.00000000,0.00,0,0,2.07,-0.035,0.4410,0.0980,2.4990,2.5395,0.491150,0.070618,-0.025513,0.867859,7.753,76.2,-1
1782770049.421,6280,1407317,0,0.00000000,0.00000000,0.00,0,0,2.03,-0.071,0.1470,0.4900,1.5680,1.6493,0.491150,0.070618,-0.025452,0.867859,7.756,77.5,-1
1782770049.608,6281,1407532,0,0.00000000,0.00000000,0.00,0,0,2.01,-0.093,-0.1470,1.5190,2.3520,2.8037,0.491150,0.070679,-0.025391,0.867859,7.760,75.0,-1
1782770049.857,6282,1407753,0,0.00000000,0.00000000,0.00,0,0,1.99,-0.095,0.3430,1.0780,2.0090,2.3056,0.491150,0.070740,-0.025391,0.867859,7.758,75.0,-1
1782770050.045,6283,1407978,0,0.00000000,0.00000000,0.00,0,0,2.05,-0.041,0.9310,0.8330,2.6950,2.9705,0.491150,0.070801,-0.025391,0.867859,7.756,78.8,-1
1782770050.296,6284,1408199,0,0.00000000,0.00000000,0.00,0,0,2.13,0.018,0.3920,0.6370,2.0580,2.1897,0.491150,0.070740,-0.025452,0.867859,7.756,76.2,-1
1782770050.544,6285,1408445,0,0.00000000,0.00000000,0.00,0,0,2.11,-0.016,0.3920,0.9800,1.6660,1.9722,0.491089,0.070801,-0.025513,0.867859,7.756,73.8,-1
1782770050.792,6286,1408671,0,0.00000000,0.00000000,0.00,0,0,2.04,-0.048,0.6860,0.1960,1.3720,1.5464,0.491089,0.070801,-0.025574,0.867859,7.754,80.0,-1
1782770050.978,6287,1408896,0,0.00000000,0.00000000,0.00,0,0,2.08,-0.038,-0.0490,0.5390,1.4210,1.5206,0.491089,0.070740,-0.025513,0.867859,7.756,76.2,-1
1782770051.228,6288,1409122,0,0.00000000,0.00000000,0.00,0,0,2.00,-0.088,0.4410,0.1960,1.4210,1.5007,0.491089,0.070679,-0.025513,0.867859,7.758,73.8,-1
1782770051.415,6289,1409342,0,0.00000000,0.00000000,0.00,0,0,2.16,0.025,0.3430,0.5390,1.6170,1.7386,0.491089,0.070679,-0.025513,0.867859,7.758,72.5,-1
1782770051.667,6290,1409552,0,0.00000000,0.00000000,0.00,0,0,2.17,0.015,0.5880,0.6370,1.7150,1.9216,0.491150,0.070679,-0.025513,0.867859,7.755,83.8,-1
1782770051.855,6291,1409777,0,0.00000000,0.00000000,0.00,0,0,1.97,-0.111,0.5880,-0.3430,1.7640,1.8908,0.491150,0.070618,-0.025452,0.867859,7.754,75.0,-1
1782770052.106,6292,1409994,0,0.00000000,0.00000000,0.00,0,0,2.02,-0.083,0.2450,0.5390,1.4210,1.5394,0.491150,0.070618,-0.025513,0.867859,7.753,77.5,-1
1782770052.294,6293,1410218,0,0.00000000,0.00000000,0.00,0,0,2.00,-0.078,-0.4900,0.8820,1.6660,1.9477,0.491089,0.070740,-0.025574,0.867859,7.756,77.5,-1
1782770052.545,6294,1410434,0,0.00000000,0.00000000,0.00,0,0,2.08,-0.002,0.0000,0.8330,2.1560,2.3113,0.491089,0.070679,-0.025635,0.867859,7.755,80.0,-1
1782770052.732,6295,1410659,0,0.00000000,0.00000000,0.00,0,0,2.01,-0.031,0.4900,0.7350,1.6170,1.8426,0.490967,0.070679,-0.025513,0.867920,7.755,75.0,-1
1782770052.978,6296,1410880,0,0.00000000,0.00000000,0.00,0,0,2.06,0.008,1.0780,-1.1270,2.2540,2.7409,0.490967,0.070740,-0.025513,0.867920,7.760,70.0,-1
1782770053.166,6297,1411100,0,0.00000000,0.00000000,0.00,0,0,2.07,0.012,0.1470,0.6370,1.4700,1.6088,0.490906,0.070740,-0.025452,0.867920,7.755,72.5,-1
1782770053.415,6298,1411322,0,0.00000000,0.00000000,0.00,0,0,2.08,0.023,0.2450,0.7350,1.7150,1.8819,0.490967,0.070740,-0.025574,0.867920,7.760,68.8,-1
1782770053.663,6299,1411543,0,0.00000000,0.00000000,0.00,0,0,1.99,-0.034,0.3430,0.7350,1.5680,1.7654,0.490967,0.070740,-0.025574,0.867920,7.758,72.5,-1
1782770053.851,6300,1411770,0,0.00000000,0.00000000,0.00,0,0,2.09,0.033,1.2250,0.1470,2.0090,2.3576,0.490967,0.070679,-0.025452,0.867920,7.754,73.8,-1
1782770054.101,6301,1411988,0,0.00000000,0.00000000,0.00,0,0,2.03,-0.019,-0.3920,2.8420,0.0000,2.8689,0.490967,0.070679,-0.025452,0.867920,7.754,77.5,-1
1782770054.289,6302,1412212,0,0.00000000,0.00000000,0.00,0,0,1.95,-0.071,0.3920,0.6860,2.1070,2.2503,0.490967,0.070618,-0.025513,0.867920,7.758,76.2,-1
1782770054.537,6303,1412428,0,0.00000000,0.00000000,0.00,0,0,2.04,-0.027,0.0980,0.7350,1.0290,1.2683,0.490967,0.070618,-0.025513,0.867920,7.755,76.2,-1
1782770054.724,6304,1412653,0,0.00000000,0.00000000,0.00,0,0,2.04,-0.022,0.1470,1.4700,1.1270,1.8581,0.490967,0.070618,-0.025513,0.867920,7.756,76.2,-1
1782770054.973,6305,1412874,0,0.00000000,0.00000000,0.00,0,0,2.01,-0.036,0.3430,0.5880,2.3520,2.4485,0.490967,0.070557,-0.025513,0.867920,7.758,72.5,-1
1782770055.162,6306,1413092,0,0.00000000,0.00000000,0.00,0,0,2.04,-0.036,0.2940,0.7840,1.3720,1.6073,0.490967,0.070557,-0.025513,0.867920,7.756,76.2,-1
1782770055.413,6307,1413311,0,0.00000000,0.00000000,0.00,0,0,2.03,-0.042,0.5390,0.4410,1.8620,1.9880,0.490967,0.070618,-0.025452,0.867920,7.755,76.2,-1
1782770055.600,6308,1413527,0,0.00000000,0.00000000,0.00,0,0,1.91,-0.121,0.4900,0.5880,1.7640,1.9229,0.490967,0.070557,-0.025452,0.867920,7.756,73.8,-1
1782770055.851,6309,1413752,0,0.00000000,0.00000000,0.00,0,0,2.14,0.039,0.4410,0.4900,2.1560,2.2545,0.490967,0.070557,-0.025452,0.867920,7.756,72.5,-1
1782770056.101,6310,1413977,0,0.00000000,0.00000000,0.00,0,0,2.06,-0.027,0.0000,0.3920,1.8620,1.9028,0.490967,0.070557,-0.025513,0.867920,7.759,72.5,-1
1782770056.287,6311,1414204,0,0.00000000,0.00000000,0.00,0,0,2.08,-0.019,0.2450,0.6370,1.7640,1.8914,0.490967,0.070557,-0.025513,0.867920,7.754,77.5,-1
1782770056.535,6312,1414419,0,0.00000000,0.00000000,0.00,0,0,2.05,-0.003,0.1960,0.5390,1.2740,1.3971,0.490967,0.070618,-0.025574,0.867920,7.758,70.0,-1
1782770056.722,6313,1414645,0,0.00000000,0.00000000,0.00,0,0,2.03,0.017,0.0980,0.6860,1.3720,1.5371,0.490967,0.070679,-0.025513,0.867920,7.754,73.8,-1
1782770056.972,6314,1414867,0,0.00000000,0.00000000,0.00,0,0,2.12,0.060,0.1960,1.0290,2.7930,2.9830,0.490967,0.070740,-0.025574,0.867920,7.756,73.8,-1
1782770057.159,6315,1415088,0,0.00000000,0.00000000,0.00,0,0,2.02,0.013,0.5880,0.7350,1.4700,1.7455,0.490967,0.070740,-0.025635,0.867920,7.756,71.2,-1
1782770057.410,6316,1415306,0,0.00000000,0.00000000,0.00,0,0,2.19,0.115,0.5390,1.1760,1.4700,1.9582,0.490967,0.070801,-0.025635,0.867920,7.758,76.2,-1
1782770057.597,6317,1415519,0,0.00000000,0.00000000,0.00,0,0,2.12,0.078,0.3430,0.9310,1.8620,2.1098,0.490967,0.070740,-0.025635,0.867920,7.759,70.0,-1
1782770057.848,6318,1415740,0,0.00000000,0.00000000,0.00,0,0,2.05,0.032,-0.5390,1.0780,1.3720,1.8262,0.490967,0.070740,-0.025635,0.867920,7.759,71.2,-1
1782770058.035,6319,1415958,0,0.00000000,0.00000000,0.00,0,0,2.07,0.047,0.4900,1.2740,1.8130,2.2694,0.490967,0.070740,-0.025574,0.867920,7.758,72.5,-1
1782770058.285,6320,1416184,0,0.00000000,0.00000000,0.00,0,0,2.12,0.076,0.5880,0.4900,1.9600,2.1041,0.490967,0.070679,-0.025574,0.867920,7.760,70.0,-1
1782770058.534,6321,1416433,0,0.00000000,0.00000000,0.00,0,0,2.05,0.043,0.3920,0.5390,1.5680,1.7038,0.490967,0.070679,-0.025574,0.867920,7.759,77.5,-1
1782770058.723,6322,1416656,0,0.00000000,0.00000000,0.00,0,0,2.08,0.065,0.4900,0.6370,2.6460,2.7654,0.490967,0.070679,-0.025513,0.867920,7.761,75.0,-1
1782770058.974,6323,1416883,0,0.00000000,0.00000000,0.00,0,0,2.05,0.037,-0.0980,0.9800,1.0290,1.4244,0.490967,0.070679,-0.025391,0.867920,7.759,71.2,-1
1782770059.225,6324,1417101,0,0.00000000,0.00000000,0.00,0,0,2.17,0.093,-0.0980,0.8330,1.2740,1.5253,0.490967,0.070740,-0.025452,0.867920,7.759,73.8,-1
1782770059.412,6325,1417322,0,0.00000000,0.00000000,0.00,0,0,2.15,0.069,0.6370,0.0490,1.6660,1.7843,0.490967,0.070740,-0.025513,0.867920,7.759,73.8,-1
1782770059.601,6326,1417537,0,0.00000000,0.00000000,0.00,0,0,2.09,0.030,0.3430,1.4700,0.2450,1.5292,0.490967,0.070801,-0.025513,0.867920,7.761,75.0,-1
1782770059.851,6327,1417757,0,0.00000000,0.00000000,0.00,0,0,2.06,0.006,-0.0980,0.2940,1.6170,1.6464,0.490967,0.070862,-0.025635,0.867920,7.760,73.8,-1
1782770060.098,6328,1417978,0,0.00000000,0.00000000,0.00,0,0,2.03,-0.022,-0.1470,1.1270,0.6860,1.3275,0.490967,0.070801,-0.025635,0.867920,7.759,72.5,-1
1782770060.286,6329,1418205,0,0.00000000,0.00000000,0.00,0,0,2.04,-0.012,-0.3430,1.1760,1.7150,2.1076,0.490967,0.070801,-0.025635,0.867920,7.759,70.0,-1
1782770060.474,6330,1418410,0,0.00000000,0.00000000,0.00,0,0,2.06,-0.008,0.0980,1.1270,1.6170,1.9734,0.490967,0.070740,-0.025574,0.867920,7.760,71.2,-1
1782770060.725,6331,1418634,0,0.00000000,0.00000000,0.00,0,0,1.97,-0.075,0.1960,0.6860,1.9600,2.0858,0.490967,0.070740,-0.025574,0.867920,7.758,71.2,-1
1782770060.976,6332,1418858,0,0.00000000,0.00000000,0.00,0,0,2.09,0.004,0.5880,1.0780,2.4010,2.6968,0.490967,0.070740,-0.025635,0.867920,7.759,72.5,-1
1782770061.163,6333,1419087,0,0.00000000,0.00000000,0.00,0,0,2.01,-0.049,0.6370,0.1960,1.2250,1.3946,0.490967,0.070801,-0.025635,0.867920,7.759,67.5,-1
1782770061.413,6334,1419308,0,0.00000000,0.00000000,0.00,0,0,1.91,-0.100,0.8820,0.6860,2.2050,2.4720,0.490967,0.070801,-0.025635,0.867920,7.758,70.0,-1
1782770061.601,6335,1419519,0,0.00000000,0.00000000,0.00,0,0,1.99,-0.041,0.2940,0.2940,1.3230,1.3868,0.490967,0.070801,-0.025635,0.867920,7.756,75.0,-1
1782770061.849,6336,1419746,0,0.00000000,0.00000000,0.00,0,0,2.01,-0.035,0.4410,0.0980,1.4700,1.5379,0.490967,0.070801,-0.025635,0.867920,7.758,72.5,-1
1782770062.035,6337,1419967,0,0.00000000,0.00000000,0.00,0,0,2.02,-0.045,0.3430,0.2450,1.2250,1.2955,0.490967,0.070801,-0.025635,0.867920,7.758,72.5,-1
1782770062.283,6338,1420190,0,0.00000000,0.00000000,0.00,0,0,2.02,-0.051,0.7350,0.8330,2.3030,2.5569,0.490967,0.070740,-0.025635,0.867920,7.758,71.2,-1
1782770062.534,6339,1420432,0,0.00000000,0.00000000,0.00,0,0,2.08,-0.025,0.7840,0.3430,2.6950,2.8276,0.490967,0.070801,-0.025635,0.867920,7.760,71.2,-1
1782770062.783,6340,1420659,0,0.00000000,0.00000000,0.00,0,0,2.00,-0.059,-0.1470,0.7840,1.0780,1.3410,0.490967,0.070801,-0.025635,0.867920,7.755,75.0,-1
1782770062.971,6341,1420879,0,0.00000000,0.00000000,0.00,0,0,2.01,-0.032,0.4900,0.2450,2.0580,2.1297,0.490967,0.070862,-0.025696,0.867920,7.754,77.5,-1
1782770063.221,6342,1421098,0,0.00000000,0.00000000,0.00,0,0,1.94,-0.071,0.7350,0.6860,1.7640,2.0304,0.490967,0.070801,-0.025635,0.867920,7.759,78.8,-1
1782770063.406,6343,1421323,0,0.00000000,0.00000000,0.00,0,0,2.07,-0.000,-0.0490,0.9800,1.5190,1.8084,0.490967,0.070740,-0.025574,0.867920,7.758,71.2,-1
1782770063.658,6344,1421541,0,0.00000000,0.00000000,0.00,0,0,2.02,-0.039,0.2450,1.0290,1.9110,2.1842,0.490967,0.070740,-0.025574,0.867920,7.753,75.0,-1
1782770063.843,6345,1421764,0,0.00000000,0.00000000,0.00,0,0,2.11,0.025,0.9800,1.7640,1.7640,2.6803,0.490967,0.070679,-0.025574,0.867920,7.759,72.5,-1
1782770064.093,6346,1421985,0,0.00000000,0.00000000,0.00,0,0,1.98,-0.057,0.1960,1.0780,1.3720,1.7558,0.490967,0.070618,-0.025574,0.867920,7.759,71.2,-1
1782770064.278,6347,1422205,0,0.00000000,0.00000000,0.00,0,0,2.07,-0.007,-0.0490,1.4210,1.7150,2.2277,0.490967,0.070618,-0.025513,0.867920,7.758,71.2,-1
1782770064.529,6348,1422419,0,0.00000000,0.00000000,0.00,0,0,2.02,-0.031,-0.0490,1.0290,1.5190,1.8354,0.490967,0.070618,-0.025513,0.867920,7.759,71.2,-1
1782770064.716,6349,1422643,0,0.00000000,0.00000000,0.00,0,0,1.91,-0.090,1.5680,0.1960,2.6950,3.1241,0.490967,0.070557,-0.025513,0.867920,7.755,76.2,-1
1782770064.966,6350,1422867,0,0.00000000,0.00000000,0.00,0,0,1.98,-0.019,0.2450,0.2450,1.4210,1.4626,0.490967,0.070557,-0.025513,0.867920,7.756,73.8,-1
1782770065.155,6351,1423090,0,0.00000000,0.00000000,0.00,0,0,2.04,0.020,-0.2450,1.1270,1.7640,2.1076,0.490967,0.070557,-0.025513,0.867920,7.756,75.0,-1
1782770065.405,6352,1423318,0,0.00000000,0.00000000,0.00,0,0,2.04,0.016,0.1960,0.5390,1.2250,1.3526,0.490967,0.070496,-0.025513,0.867920,7.756,72.5,-1
1782770065.656,6353,1423533,0,0.00000000,0.00000000,0.00,0,0,2.11,0.050,0.6860,0.4410,1.9600,2.1229,0.490967,0.070496,-0.025513,0.867920,7.755,78.8,-1
1782770065.842,6354,1423759,0,0.00000000,0.00000000,0.00,0,0,1.97,-0.037,0.2450,0.5880,1.9600,2.0609,0.490967,0.070557,-0.025513,0.867920,7.756,72.5,-1
1782770066.092,6355,1423978,0,0.00000000,0.00000000,0.00,0,0,1.91,-0.090,0.2940,0.3920,1.7640,1.8308,0.490967,0.070679,-0.025574,0.867920,7.755,72.5,-1
1782770066.280,6356,1424200,0,0.00000000,0.00000000,0.00,0,0,1.94,-0.056,0.5880,0.1470,1.0780,1.2367,0.490967,0.070740,-0.025635,0.867920,7.758,77.5,-1
1782770066.530,6357,1424439,0,0.00000000,0.00000000,0.00,0,0,2.02,0.008,0.4410,0.2450,1.3720,1.4618,0.490967,0.070740,-0.025635,0.867920,7.759,73.8,-1
1782770066.719,6358,1424657,0,0.00000000,0.00000000,0.00,0,0,1.90,-0.060,0.6370,-0.3920,2.1070,2.2358,0.490967,0.070740,-0.025513,0.867920,7.758,75.0,-1
1782770066.969,6359,1424882,0,0.00000000,0.00000000,0.00,0,0,2.05,0.049,0.0980,0.4900,2.1560,2.2132,0.490967,0.070740,-0.025574,0.867920,7.756,72.5,-1
1782770067.220,6360,1425100,0,0.00000000,0.00000000,0.00,0,0,2.02,0.014,0.4410,0.4900,1.2740,1.4345,0.490967,0.070801,-0.025574,0.867920,7.755,76.2,-1
1782770067.406,6361,1425320,0,0.00000000,0.00000000,0.00,0,0,1.94,-0.036,0.0980,0.4410,0.9800,1.0791,0.490967,0.070801,-0.025635,0.867920,7.755,78.8,-1
1782770067.656,6362,1425533,0,0.00000000,0.00000000,0.00,0,0,2.01,-0.011,-0.4900,0.9310,0.0980,1.0566,0.490967,0.070740,-0.025574,0.867920,7.756,80.0,-1
1782770067.844,6363,1425755,0,0.00000000,0.00000000,0.00,0,0,1.93,-0.062,-0.1470,0.7350,2.0090,2.1443,0.490967,0.070740,-0.025513,0.867920,7.759,73.8,-1
1782770068.093,6364,1425977,0,0.00000000,0.00000000,0.00,0,0,2.02,0.001,0.6370,0.4900,1.7640,1.9384,0.490967,0.070740,-0.025513,0.867920,7.759,75.0,-1
1782770068.278,6365,1426205,0,0.00000000,0.00000000,0.00,0,0,1.89,-0.076,0.1470,0.5880,1.5190,1.6355,0.490967,0.070679,-0.025513,0.867920,7.756,75.0,-1
1782770068.530,6366,1426419,0,0.00000000,0.00000000,0.00,0,0,2.03,0.032,-0.1470,0.8820,1.0780,1.4006,0.490967,0.070740,-0.025574,0.867920,7.755,77.5,-1
1782770068.718,6367,1426646,0,0.00000000,0.00000000,0.00,0,0,1.95,-0.023,-0.1960,1.0290,-0.1960,1.0657,0.490967,0.070740,-0.025574,0.867920,7.756,75.0,-1
1782770068.966,6368,1426873,0,0.00000000,0.00000000,0.00,0,0,2.01,0.016,0.4410,0.2940,1.2740,1.3799,0.490967,0.070801,-0.025635,0.867920,7.755,83.8,-1
1782770069.217,6369,1427097,0,0.00000000,0.00000000,0.00,0,0,1.97,0.004,0.6860,0.6370,2.3030,2.4860,0.490967,0.070801,-0.025635,0.867920,7.759,77.5,-1
1782770069.402,6370,1427313,0,0.00000000,0.00000000,0.00,0,0,1.90,-0.047,0.0980,0.2450,1.6170,1.6384,0.490967,0.070801,-0.025635,0.867920,7.754,80.0,-1
1782770069.592,6371,1427526,0,0.00000000,0.00000000,0.00,0,0,1.91,-0.046,0.7350,0.6860,1.8130,2.0731,0.490967,0.070862,-0.025635,0.867920,7.755,76.2,-1
1782770069.843,6372,1427746,0,0.00000000,0.00000000,0.00,0,0,2.01,0.026,0.0000,0.7840,1.8620,2.0203,0.490967,0.070862,-0.025696,0.867920,7.755,76.2,-1
1782770070.032,6373,1427970,0,0.00000000,0.00000000,0.00,0,0,1.88,-0.045,0.2450,0.7840,1.1760,1.4345,0.490967,0.070862,-0.025696,0.867920,7.758,73.8,-1
1782770070.279,6374,1428198,0,0.00000000,0.00000000,0.00,0,0,2.02,0.051,0.2450,-0.8820,1.2250,1.5292,0.490967,0.070862,-0.025635,0.867920,7.755,78.8,-1
1782770070.531,6375,1428439,0,0.00000000,0.00000000,0.00,0,0,1.91,-0.019,0.3920,0.0490,1.5190,1.5695,0.490967,0.070801,-0.025635,0.867920,7.753,76.2,-1
1782770070.718,6376,1428657,0,0.00000000,0.00000000,0.00,0,0,2.00,0.033,0.6370,0.9310,0.8330,1.4023,0.490967,0.070740,-0.025513,0.867920,7.756,80.0,-1
1782770070.972,6377,1428881,0,0.00000000,0.00000000,0.00,0,0,2.05,0.067,1.3230,-0.3430,2.1560,2.5527,0.490967,0.070740,-0.025452,0.867920,7.754,73.8,-1
1782770071.222,6378,1429098,0,0.00000000,0.00000000,0.00,0,0,1.94,-0.005,0.3430,0.8820,2.0580,2.2652,0.490967,0.070801,-0.025391,0.867920,7.751,78.8,-1
1782770071.407,6379,1429317,0,0.00000000,0.00000000,0.00,0,0,1.97,-0.004,0.2940,0.5390,1.7640,1.8678,0.490967,0.070740,-0.025391,0.867920,7.751,76.2,-1
1782770071.595,6380,1429532,0,0.00000000,0.00000000,0.00,0,0,1.98,-0.014,0.0000,0.5390,1.0290,1.1616,0.490967,0.070679,-0.025452,0.867920,7.758,75.0,-1
1782770071.843,6381,1429749,0,0.00000000,0.00000000,0.00,0,0,1.90,-0.049,0.3430,0.5390,2.0090,2.1081,0.490967,0.070618,-0.025452,0.867920,7.755,76.2,-1
1782770072.092,6382,1429973,0,0.00000000,0.00000000,0.00,0,0,2.02,0.011,0.4410,0.4410,1.2250,1.3746,0.490967,0.070618,-0.025452,0.867920,7.758,73.8,-1
1782770072.280,6383,1430197,0,0.00000000,0.00000000,0.00,0,0,1.91,-0.046,0.5390,0.4900,2.4010,2.5091,0.490967,0.070618,-0.025452,0.867920,7.760,72.5,-1
1782770072.532,6384,1430445,0,0.00000000,0.00000000,0.00,0,0,1.93,0.001,0.0490,0.8820,0.8330,1.2142,0.490967,0.070557,-0.025452,0.867920,7.754,76.2,-1
1782770072.782,6385,1430673,0,0.00000000,0.00000000,0.00,0,0,2.02,0.045,0.0000,0.5390,1.3230,1.4286,0.490967,0.070557,-0.025513,0.867920,7.754,77.5,-1
1782770072.971,6386,1430892,0,0.00000000,0.00000000,0.00,0,0,1.95,0.002,0.2940,0.4410,2.0580,2.1252,0.490967,0.070557,-0.025513,0.867920,7.750,82.5,-1
1782770073.222,6387,1431117,0,0.00000000,0.00000000,0.00,0,0,1.94,0.016,0.1960,0.1960,2.0580,2.0766,0.490967,0.070557,-0.025513,0.867920,7.759,71.2,-1
1782770073.409,6388,1431343,0,0.00000000,0.00000000,0.00,0,0,1.97,0.032,0.4900,0.6860,1.2740,1.5277,0.490967,0.070557,-0.025513,0.867920,7.751,80.0,-1
1782770073.661,6389,1431558,0,0.00000000,0.00000000,0.00,0,0,1.92,-0.012,0.2450,0.4410,1.5680,1.6472,0.490967,0.070557,-0.025513,0.867920,7.756,72.5,-1
1782770073.850,6390,1431779,0,0.00000000,0.00000000,0.00,0,0,1.96,0.014,0.1470,0.7350,1.0780,1.3130,0.490967,0.070618,-0.025574,0.867920,7.758,72.5,-1
1782770074.101,6391,1432005,0,0.00000000,0.00000000,0.00,0,0,1.83,-0.073,0.2450,0.3430,1.3230,1.3885,0.490967,0.070679,-0.025574,0.867920,7.754,77.5,-1
1782770074.350,6392,1432226,0,0.00000000,0.00000000,0.00,0,0,1.84,-0.081,0.2450,0.8820,1.9600,2.1632,0.490967,0.070679,-0.025574,0.867920,7.754,78.8,-1
1782770074.537,6393,1432438,0,0.00000000,0.00000000,0.00,0,0,2.05,0.023,-0.0980,0.9310,1.6170,1.8684,0.490967,0.070679,-0.025513,0.867920,7.756,73.8,-1
1782770074.723,6394,1432657,0,0.00000000,0.00000000,0.00,0,0,1.88,-0.078,0.6860,0.3430,1.7640,1.9235,0.490967,0.070618,-0.025513,0.867920,7.759,77.5,-1
1782770074.971,6395,1432877,0,0.00000000,0.00000000,0.00,0,0,1.99,0.002,0.1470,0.5390,1.6660,1.7572,0.490967,0.070618,-0.025513,0.867920,7.759,76.2,-1
1782770075.219,6396,1433098,0,0.00000000,0.00000000,0.00,0,0,2.01,0.009,0.1960,0.0980,1.6660,1.6803,0.490967,0.070618,-0.025513,0.867920,7.755,77.5,-1
1782770075.403,6397,1433320,0,0.00000000,0.00000000,0.00,0,0,2.00,-0.005,0.0000,0.3920,1.9600,1.9988,0.490967,0.070679,-0.025574,0.867920,7.758,75.0,-1
1782770075.651,6398,1433538,0,0.00000000,0.00000000,0.00,0,0,1.97,-0.004,-0.1470,0.9800,1.3720,1.6925,0.490967,0.070679,-0.025574,0.867920,7.755,77.5,-1
1782770075.836,6399,1433760,0,0.00000000,0.00000000,0.00,0,0,1.95,-0.010,-0.2450,0.7350,1.3230,1.5332,0.490967,0.070618,-0.025574,0.867920,7.755,75.0,-1
1782770076.086,6400,1433984,0,0.00000000,0.00000000,0.00,0,0,1.97,0.016,0.0000,1.3230,2.8910,3.1793,0.490967,0.070618,-0.025574,0.867920,7.759,72.5,-1
1782770076.274,6401,1434208,0,0.00000000,0.00000000,0.00,0,0,2.07,0.071,0.2940,0.7840,1.6660,1.8646,0.490967,0.070618,-0.025513,0.867920,7.759,76.2,-1
1782770076.526,6402,1434427,0,0.00000000,0.00000000,0.00,0,0,1.95,0.004,0.3430,0.5390,1.5680,1.6932,0.490967,0.070618,-0.025513,0.867920,7.762,67.5,-1
1782770076.778,6403,1434653,0,0.00000000,0.00000000,0.00,0,0,1.89,-0.031,0.3920,1.0290,2.2050,2.4647,0.490967,0.070618,-0.025513,0.867920,7.753,77.5,-1
1782770076.964,6404,1434873,0,0.00000000,0.00000000,0.00,0,0,1.88,-0.027,0.1470,0.4900,0.9800,1.1055,0.490967,0.070557,-0.025513,0.867920,7.755,80.0,-1
1782770077.217,6405,1435094,0,0.00000000,0.00000000,0.00,0,0,1.89,-0.027,0.1470,0.5880,1.7640,1.8652,0.490967,0.070557,-0.025513,0.867920,7.758,72.5,-1
1782770077.404,6406,1435315,0,0.00000000,0.00000000,0.00,0,0,2.03,0.057,0.3920,0.8330,1.9110,2.1212,0.490967,0.070557,-0.025513,0.867920,7.761,71.2,-1
1782770077.653,6407,1435531,0,0.00000000,0.00000000,0.00,0,0,1.92,-0.024,0.3430,0.8330,1.8130,2.0245,0.490967,0.070557,-0.025513,0.867920,7.756,77.5,-1
1782770077.840,6408,1435757,0,0.00000000,0.00000000,0.00,0,0,1.85,-0.064,0.2940,0.4900,2.2540,2.3253,0.490967,0.070618,-0.025452,0.867920,7.759,77.5,-1
1782770078.087,6409,1435974,0,0.00000000,0.00000000,0.00,0,0,1.93,-0.006,-0.0980,0.6860,1.9110,2.0328,0.490967,0.070618,-0.025452,0.867920,7.756,71.2,-1
1782770078.276,6410,1436197,0,0.00000000,0.00000000,0.00,0,0,1.97,0.010,0.1470,0.7350,0.4900,0.8955,0.490967,0.070679,-0.025391,0.867920,7.758,78.8,-1
1782770078.523,6411,1436441,0,0.00000000,0.00000000,0.00,0,0,1.96,0.000,0.5880,0.3430,1.4210,1.5756,0.490967,0.070618,-0.025391,0.867920,7.759,77.5,-1
1782770078.774,6412,1436668,0,0.00000000,0.00000000,0.00,0,0,1.92,-0.023,0.2450,0.4900,2.7440,2.7982,0.490967,0.070618,-0.025391,0.867920,7.756,72.5,-1
1782770078.959,6413,1436887,0,0.00000000,0.00000000,0.00,0,0,1.88,-0.053,0.1960,0.7350,1.4210,1.6118,0.490967,0.070618,-0.025452,0.867920,7.753,78.8,-1
1782770079.208,6414,1437105,0,0.00000000,0.00000000,0.00,0,0,1.82,-0.093,0.4900,0.4900,1.5190,1.6696,0.490967,0.070557,-0.025391,0.867920,7.756,80.0,-1
1782770079.397,6415,1437331,0,0.00000000,0.00000000,0.00,0,0,2.02,0.021,0.9310,0.1470,2.3030,2.4884,0.490967,0.070496,-0.025330,0.867920,7.758,71.2,-1
1782770079.644,6416,1437550,0,0.00000000,0.00000000,0.00,0,0,1.99,0.007,0.4410,0.2940,2.4990,2.5546,0.490967,0.070557,-0.025269,0.867920,7.759,71.2,-1
1782770079.894,6417,1437773,0,0.00000000,0.00000000,0.00,0,0,1.82,-0.081,-0.0980,0.8330,0.8820,1.2171,0.490967,0.070557,-0.025330,0.867920,7.758,76.2,-1
1782770080.083,6418,1437999,0,0.00000000,0.00000000,0.00,0,0,1.92,-0.003,0.0000,0.1960,1.1270,1.1439,0.490967,0.070557,-0.025391,0.867920,7.753,76.2,-1
1782770080.333,6419,1438221,0,0.00000000,0.00000000,0.00,0,0,1.93,-0.008,0.2940,1.1270,1.5680,1.9533,0.490967,0.070557,-0.025391,0.867920,7.755,75.0,-1
1782770080.519,6420,1438437,0,0.00000000,0.00000000,0.00,0,0,2.13,0.092,0.1470,0.5390,1.4210,1.5269,0.490967,0.070557,-0.025452,0.867920,7.756,76.2,-1
1782770080.768,6421,1438663,0,0.00000000,0.00000000,0.00,0,0,1.96,-0.018,-0.0490,0.6860,1.1270,1.3203,0.490967,0.070618,-0.025513,0.867920,7.758,75.0,-1
1782770080.956,6422,1438882,0,0.00000000,0.00000000,0.00,0,0,1.95,-0.030,0.2940,0.6860,1.5190,1.6925,0.490967,0.070618,-0.025513,0.867920,7.754,77.5,-1
1782770081.207,6423,1439104,0,0.00000000,0.00000000,0.00,0,0,2.18,0.108,0.0000,0.5390,1.2740,1.3833,0.490967,0.070618,-0.025513,0.867920,7.753,75.0,-1
1782770081.396,6424,1439324,0,0.00000000,0.00000000,0.00,0,0,2.05,0.036,0.6370,0.3430,1.5680,1.7269,0.490967,0.070618,-0.025513,0.867920,7.754,75.0,-1
1782770081.646,6425,1439538,0,0.00000000,0.00000000,0.00,0,0,1.86,-0.060,1.6660,0.4410,3.7730,4.1480,0.490967,0.070618,-0.025513,0.867920,7.760,72.5,-1
1782770081.835,6426,1439764,0,0.00000000,0.00000000,0.00,0,0,1.84,-0.068,-0.2940,1.2250,0.9800,1.5961,0.490967,0.070740,-0.025574,0.867920,7.756,73.8,-1
1782770082.083,6427,1439984,0,0.00000000,0.00000000,0.00,0,0,1.94,0.001,-0.1470,0.8330,1.3230,1.5703,0.490967,0.070679,-0.025574,0.867920,7.754,80.0,-1
1782770082.272,6428,1440207,0,0.00000000,0.00000000,0.00,0,0,1.86,-0.049,0.2450,0.5390,1.5680,1.6761,0.490967,0.070679,-0.025574,0.867920,7.755,71.2,-1
1782770082.522,6429,1440419,0,0.00000000,0.00000000,0.00,0,0,1.87,-0.039,0.0000,0.3920,1.6170,1.6638,0.490967,0.070618,-0.025574,0.867920,7.760,71.2,-1
1782770082.710,6430,1440641,0,0.00000000,0.00000000,0.00,0,0,1.84,-0.068,0.6370,0.6860,1.9600,2.1721,0.490967,0.070618,-0.025574,0.867920,7.759,73.8,-1
1782770082.961,6431,1440868,0,0.00000000,0.00000000,0.00,0,0,1.89,-0.039,0.2450,0.7840,1.2740,1.5158,0.490967,0.070618,-0.025513,0.867920,7.758,70.0,-1
1782770083.209,6432,1441090,0,0.00000000,0.00000000,0.00,0,0,2.08,0.082,-0.0490,1.4700,1.4210,2.0451,0.490967,0.070679,-0.025574,0.867920,7.759,73.8,-1
1782770083.394,6433,1441312,0,0.00000000,0.00000000,0.00,0,0,2.03,0.060,0.0980,1.6170,0.4410,1.6789,0.490967,0.070740,-0.025635,0.867920,7.756,75.0,-1
1782770083.644,6434,1441528,0,0.00000000,0.00000000,0.00,0,0,1.92,-0.003,0.6370,0.3430,3.4300,3.5055,0.490967,0.070801,-0.025635,0.867920,7.755,71.2,-1
1782770083.830,6435,1441755,0,0.00000000,0.00000000,0.00,0,0,1.94,0.009,0.0490,0.7350,0.9310,1.1872,0.490967,0.070801,-0.025635,0.867920,7.756,73.8,-1
1782770084.078,6436,1441978,0,0.00000000,0.00000000,0.00,0,0,1.91,-0.008,0.1470,0.3920,1.3230,1.3877,0.490967,0.070862,-0.025635,0.867920,7.759,76.2,-1
1782770084.325,6437,1442201,0,0.00000000,0.00000000,0.00,0,0,1.96,0.028,-0.4410,0.9310,1.3230,1.6768,0.490967,0.070862,-0.025574,0.867920,7.759,71.2,-1
1782770084.513,6438,1442446,0,0.00000000,0.00000000,0.00,0,0,1.97,0.024,0.2450,0.8820,1.6170,1.8581,0.490967,0.070801,-0.025574,0.867920,7.759,70.0,-1
1782770084.763,6439,1442666,0,0.00000000,0.00000000,0.00,0,0,1.90,-0.028,0.7840,0.3920,2.1070,2.2821,0.490967,0.070801,-0.025574,0.867920,7.760,71.2,-1
1782770085.013,6440,1442894,0,0.00000000,0.00000000,0.00,0,0,1.92,-0.018,0.1470,0.5390,1.0780,1.2142,0.490967,0.070740,-0.025513,0.867920,7.754,72.5,-1
1782770085.198,6441,1443119,0,0.00000000,0.00000000,0.00,0,0,1.84,-0.051,0.4410,0.2940,1.3720,1.4708,0.490967,0.070740,-0.025513,0.867920,7.758,72.5,-1
1782770085.447,6442,1443344,0,0.00000000,0.00000000,0.00,0,0,1.99,0.055,0.5390,0.0000,1.1270,1.2493,0.490967,0.070679,-0.025513,0.867920,7.759,70.0,-1
1782770085.634,6443,1443562,0,0.00000000,0.00000000,0.00,0,0,1.98,0.033,0.6860,0.1470,2.1560,2.2673,0.490967,0.070679,-0.025452,0.867920,7.755,72.5,-1
1782770085.883,6444,1443782,0,0.00000000,0.00000000,0.00,0,0,1.98,0.029,0.5390,0.4900,1.8130,1.9539,0.490967,0.070740,-0.025452,0.867920,7.756,76.2,-1
1782770086.069,6445,1444004,0,0.00000000,0.00000000,0.00,0,0,2.00,0.046,0.3920,0.6370,1.0290,1.2721,0.490967,0.070801,-0.025391,0.867920,7.754,76.2,-1
1782770086.320,6446,1444223,0,0.00000000,0.00000000,0.00,0,0,1.86,-0.043,0.1470,0.4900,1.5680,1.6493,0.490967,0.070801,-0.025391,0.867920,7.755,75.0,-1
1782770086.505,6447,1444441,0,0.00000000,0.00000000,0.00,0,0,1.91,-0.025,0.9800,0.0000,2.9400,3.0990,0.490967,0.070801,-0.025391,0.867920,7.756,76.2,-1
1782770086.755,6448,1444667,0,0.00000000,0.00000000,0.00,0,0,1.96,0.011,0.3920,0.8330,1.1760,1.4935,0.490967,0.070801,-0.025330,0.867920,7.759,68.8,-1
1782770087.003,6449,1444884,0,0.00000000,0.00000000,0.00,0,0,1.88,-0.043,0.2940,0.8820,1.3230,1.6170,0.490967,0.070740,-0.025391,0.867920,7.755,77.5,-1
1782770087.190,6450,1445108,0,0.00000000,0.00000000,0.00,0,0,1.88,-0.072,0.5390,0.3430,1.6660,1.7843,0.490967,0.070679,-0.025391,0.867920,7.755,72.5,-1
1782770087.440,6451,1445329,0,0.00000000,0.00000000,0.00,0,0,1.81,-0.108,0.4410,0.0980,2.0580,2.1070,0.490967,0.070740,-0.025452,0.867920,7.755,73.8,-1
1782770087.628,6452,1445547,0,0.00000000,0.00000000,0.00,0,0,1.82,-0.105,0.0000,1.2250,1.4700,1.9135,0.490967,0.070740,-0.025513,0.867920,7.759,70.0,-1
1782770087.877,6453,1445769,0,0.00000000,0.00000000,0.00,0,0,1.91,-0.038,0.7840,0.9310,1.5680,1.9850,0.490967,0.070740,-0.025513,0.867920,7.756,72.5,-1
1782770088.065,6454,1445991,0,0.00000000,0.00000000,0.00,0,0,1.95,0.005,0.2940,0.4410,1.0290,1.1575,0.490967,0.070679,-0.025513,0.867920,7.756,71.2,-1
1782770088.314,6455,1446208,0,0.00000000,0.00000000,0.00,0,0,1.95,0.003,-0.0490,0.6860,2.2050,2.3098,0.490967,0.070679,-0.025513,0.867920,7.755,76.2,-1
1782770088.501,6456,1446433,0,0.00000000,0.00000000,0.00,0,0,1.99,0.029,-0.0490,0.8820,1.0780,1.3937,0.490967,0.070618,-0.025513,0.867920,7.758,75.0,-1
1782770088.752,6457,1446652,0,0.00000000,0.00000000,0.00,0,0,2.08,0.071,-0.1960,0.5390,1.7640,1.8549,0.490967,0.070618,-0.025513,0.867920,7.758,72.5,-1
1782770088.999,6458,1446880,0,0.00000000,0.00000000,0.00,0,0,1.93,-0.027,0.5880,0.7840,1.7150,1.9753,0.490967,0.070618,-0.025513,0.867920,7.755,71.2,-1
1782770089.187,6459,1447101,0,0.00000000,0.00000000,0.00,0,0,2.01,0.015,-0.1470,1.6170,0.1470,1.6303,0.490967,0.070618,-0.025513,0.867920,7.753,72.5,-1
1782770089.439,6460,1447320,0,0.00000000,0.00000000,0.00,0,0,1.95,-0.009,0.1960,0.4410,1.0290,1.1365,0.490967,0.070618,-0.025574,0.867920,7.751,77.5,-1
1782770089.626,6461,1447530,0,0.00000000,0.00000000,0.00,0,0,1.92,-0.026,0.0980,0.6370,1.1270,1.2983,0.490967,0.070679,-0.025574,0.867920,7.756,76.2,-1
1782770089.877,6462,1447753,0,0.00000000,0.00000000,0.00,0,0,1.88,-0.048,0.5880,0.3920,2.0580,2.1760,0.490967,0.070679,-0.025574,0.867920,7.755,76.2,-1
1782770090.065,6463,1447974,0,0.00000000,0.00000000,0.00,0,0,1.94,-0.009,0.1470,0.9310,2.2540,2.4431,0.490967,0.070679,-0.025574,0.867920,7.758,72.5,-1
1782770090.314,6464,1448195,0,0.00000000,0.00000000,0.00,0,0,1.92,-0.027,0.5880,0.5390,1.4700,1.6725,0.490967,0.070740,-0.025574,0.867920,7.755,75.0,-1
1782770090.502,6465,1448437,0,0.00000000,0.00000000,0.00,0,0,1.86,-0.090,0.4900,0.5390,1.7640,1.9085,0.490967,0.070679,-0.025574,0.867920,7.760,73.8,-1
1782770090.748,6466,1448662,0,0.00000000,0.00000000,0.00,0,0,1.99,-0.013,0.1960,0.7350,1.6170,1.7870,0.490967,0.070618,-0.025574,0.867920,7.756,72.5,-1
1782770091.001,6467,1448887,0,0.00000000,0.00000000,0.00,0,0,1.92,-0.051,0.0980,0.9310,0.9310,1.3203,0.490967,0.070618,-0.025574,0.867920,7.755,80.0,-1
1782770091.188,6468,1449108,0,0.00000000,0.00000000,0.00,0,0,1.93,-0.035,0.2940,0.7840,0.8820,1.2161,0.490967,0.070679,-0.025574,0.867920,7.758,75.0,-1
1782770091.437,6469,1449334,0,0.00000000,0.00000000,0.00,0,0,1.92,-0.063,0.1470,0.4900,1.2250,1.3275,0.490967,0.070679,-0.025574,0.867920,7.755,75.0,-1
1782770091.623,6470,1449551,0,0.00000000,0.00000000,0.00,0,0,1.86,-0.105,0.4900,0.3430,1.0290,1.1902,0.490967,0.070679,-0.025574,0.867920,7.756,76.2,-1
1782770091.876,6471,1449778,0,0.00000000,0.00000000,0.00,0,0,2.00,-0.007,0.0980,0.4900,2.4010,2.4524,0.490967,0.070740,-0.025635,0.867920,7.756,72.5,-1
1782770092.062,6472,1449997,0,0.00000000,0.00000000,0.00,0,0,1.93,-0.048,0.2450,0.9800,1.1270,1.5135,0.490967,0.070801,-0.025574,0.867920,7.758,76.2,-1
1782770092.311,6473,1450217,0,0.00000000,0.00000000,0.00,0,0,1.93,-0.061,-0.0980,1.1270,1.2250,1.6674,0.490967,0.070801,-0.025513,0.867920,7.759,75.0,-1
1782770092.497,6474,1450432,0,0.00000000,0.00000000,0.00,0,0,1.95,-0.063,0.3920,1.2740,2.4500,2.7891,0.490967,0.070862,-0.025452,0.867920,7.756,72.5,-1
1782770092.746,6475,1450662,0,0.00000000,0.00000000,0.00,0,0,1.91,-0.076,0.5880,0.8330,1.7640,2.0375,0.490967,0.070923,-0.025452,0.867920,7.760,71.2,-1
1782770092.995,6476,1450883,0,0.00000000,0.00000000,0.00,0,0,1.91,-0.053,0.5880,0.9800,2.2050,2.4836,0.490967,0.070862,-0.025513,0.867920,7.760,72.5,-1
1782770093.184,6477,1451112,0,0.00000000,0.00000000,0.00,0,0,2.01,0.015,0.5880,0.2940,2.3520,2.4421,0.490967,0.070862,-0.025574,0.867920,7.758,72.5,-1
1782770093.434,6478,1451330,0,0.00000000,0.00000000,0.00,0,0,1.95,-0.014,-0.2940,2.5480,0.0000,2.5649,0.490967,0.070862,-0.025574,0.867920,7.755,75.0,-1
1782770093.622,6479,1451546,0,0.00000000,0.00000000,0.00,0,0,1.89,-0.052,0.0490,0.7840,2.2050,2.3407,0.490967,0.070862,-0.025574,0.867920,7.759,70.0,-1
1782770093.871,6480,1451773,0,0.00000000,0.00000000,0.00,0,0,1.97,-0.014,0.2450,0.3920,1.3230,1.4014,0.490967,0.070801,-0.025574,0.867920,7.758,72.5,-1
1782770094.059,6481,1451991,0,0.00000000,0.00000000,0.00,0,0,1.84,-0.085,-0.1960,0.4900,1.3230,1.4244,0.490967,0.070801,-0.025574,0.867920,7.753,73.8,-1
1782770094.308,6482,1452210,0,0.00000000,0.00000000,0.00,0,0,1.89,-0.035,0.6860,0.5880,2.0580,2.2476,0.490967,0.070801,-0.025635,0.867920,7.758,73.8,-1
1782770094.496,6483,1452426,0,0.00000000,0.00000000,0.00,0,0,1.85,-0.031,0.3430,0.3430,1.8620,1.9241,0.490967,0.070801,-0.025635,0.867920,7.758,75.0,-1
1782770094.746,6484,1452646,0,0.00000000,0.00000000,0.00,0,0,1.81,-0.052,0.0980,0.7350,1.2740,1.4741,0.490967,0.070740,-0.025574,0.867920,7.755,72.5,-1
1782770094.933,6485,1452867,0,0.00000000,0.00000000,0.00,0,0,1.92,0.014,1.0780,-0.3430,2.2050,2.4783,0.490967,0.070679,-0.025574,0.867920,7.758,73.8,-1
1782770095.182,6486,1453088,0,0.00000000,0.00000000,0.00,0,0,1.95,0.018,0.1470,0.4900,1.9110,1.9783,0.490967,0.070679,-0.025574,0.867920,7.758,72.5,-1
1782770095.434,6487,1453312,0,0.00000000,0.00000000,0.00,0,0,1.99,0.043,0.0490,0.7350,1.1760,1.3877,0.490967,0.070679,-0.025574,0.867920,7.755,77.5,-1
1782770095.623,6488,1453530,0,0.00000000,0.00000000,0.00,0,0,1.94,0.021,0.8820,0.6370,1.6660,1.9898,0.490967,0.070740,-0.025635,0.867920,7.758,75.0,-1
1782770095.873,6489,1453758,0,0.00000000,0.00000000,0.00,0,0,1.94,0.028,-0.7840,1.7150,1.4210,2.3612,0.490967,0.070740,-0.025574,0.867920,7.758,77.5,-1
1782770096.059,6490,1453978,0,0.00000000,0.00000000,0.00,0,0,2.09,0.116,0.0000,0.6370,1.7150,1.8295,0.490967,0.070679,-0.025574,0.867920,7.755,78.8,-1
1782770096.309,6491,1454199,0,0.00000000,0.00000000,0.00,0,0,2.03,0.067,0.4900,0.6860,1.7640,1.9551,0.490967,0.070679,-0.025574,0.867920,7.756,73.8,-1
1782770096.558,6492,1454439,0,0.00000000,0.00000000,0.00,0,0,1.98,0.034,0.6860,0.2450,1.0780,1.3010,0.490967,0.070679,-0.025574,0.867920,7.755,78.8,-1
1782770096.746,6493,1454659,0,0.00000000,0.00000000,0.00,0,0,2.02,0.057,0.3920,-0.1470,1.3720,1.4345,0.490967,0.070679,-0.025574,0.867920,7.753,75.0,-1
1782770096.997,6494,1454880,0,0.00000000,0.00000000,0.00,0,0,1.93,0.000,0.4900,0.7840,1.6660,1.9053,0.490967,0.070679,-0.025574,0.867920,7.755,77.5,-1
1782770097.183,6495,1455104,0,0.00000000,0.00000000,0.00,0,0,1.88,-0.023,0.2450,0.2940,0.9310,1.0066,0.490967,0.070618,-0.025574,0.867920,7.756,75.0,-1
1782770097.434,6496,1455329,0,0.00000000,0.00000000,0.00,0,0,2.05,0.089,0.0980,0.9800,1.6660,1.9353,0.490967,0.070618,-0.025574,0.867920,7.756,77.5,-1
1782770097.622,6497,1455544,0,0.00000000,0.00000000,0.00,0,0,2.00,0.050,0.0000,0.7840,1.7640,1.9304,0.490967,0.070618,-0.025513,0.867920,7.758,77.5,-1
1782770097.870,6498,1455768,0,0.00000000,0.00000000,0.00,0,0,2.05,0.080,0.0000,0.6860,1.5190,1.6667,0.490967,0.070618,-0.025513,0.867920,7.755,76.2,-1
1782770098.059,6499,1455994,0,0.00000000,0.00000000,0.00,0,0,1.95,0.003,-0.1960,0.6370,1.4700,1.6140,0.490967,0.070557,-0.025513,0.867920,7.758,71.2,-1
1782770098.307,6500,1456212,0,0.00000000,0.00000000,0.00,0,0,1.96,0.003,0.5880,0.1470,1.9110,2.0048,0.490967,0.070618,-0.025574,0.867920,7.755,76.2,-1
1782770098.494,6501,1456424,0,0.00000000,0.00000000,0.00,0,0,1.96,-0.014,0.1470,0.4410,1.3720,1.4486,0.490967,0.070557,-0.025513,0.867920,7.755,76.2,-1
1782770098.743,6502,1456644,0,0.00000000,0.00000000,0.00,0,0,2.00,-0.014,0.9310,0.9310,1.5680,2.0475,0.490967,0.070679,-0.025574,0.867920,7.753,73.8,-1
1782770098.928,6503,1456862,0,0.00000000,0.00000000,0.00,0,0,1.93,-0.059,0.2450,0.4900,1.4700,1.5688,0.490967,0.070679,-0.025635,0.867920,7.755,82.5,-1
1782770099.177,6504,1457085,0,0.00000000,0.00000000,0.00,0,0,1.93,-0.074,0.2940,0.2450,1.6660,1.7094,0.490967,0.070740,-0.025635,0.867920,7.755,77.5,-1
1782770099.425,6505,1457308,0,0.00000000,0.00000000,0.00,0,0,2.01,-0.015,-0.0980,0.7840,1.1760,1.4168,0.490967,0.070740,-0.025635,0.867920,7.758,75.0,-1
1782770099.612,6506,1457528,0,0.00000000,0.00000000,0.00,0,0,1.82,-0.133,-0.3920,1.7640,1.8620,2.5947,0.490967,0.070801,-0.025635,0.867920,7.755,73.8,-1
1782770099.859,6507,1457751,0,0.00000000,0.00000000,0.00,0,0,1.88,-0.084,0.3920,0.5390,1.5190,1.6588,0.490967,0.070801,-0.025635,0.867920,7.754,73.8,-1
1782770100.045,6508,1457978,0,0.00000000,0.00000000,0.00,0,0,1.97,-0.004,-0.0490,0.6370,0.8820,1.0891,0.490967,0.070801,-0.025635,0.867920,7.758,76.2,-1
1782770100.296,6509,1458197,0,0.00000000,0.00000000,0.00,0,0,1.85,-0.095,0.2450,0.5880,1.5680,1.6925,0.490967,0.070740,-0.025513,0.867920,7.759,77.5,-1
1782770100.544,6510,1458439,0,0.00000000,0.00000000,0.00,0,0,1.91,-0.056,0.1960,0.4410,1.9600,2.0185,0.490967,0.070740,-0.025452,0.867920,7.756,73.8,-1
1782770100.731,6511,1458658,0,0.00000000,0.00000000,0.00,0,0,1.91,-0.059,0.3920,0.1470,1.2740,1.3410,0.490967,0.070740,-0.025513,0.867920,7.756,77.5,-1
1782770100.980,6512,1458877,0,0.00000000,0.00000000,0.00,0,0,1.94,-0.038,0.0980,0.3920,1.6660,1.7143,0.490967,0.070801,-0.025513,0.867920,7.756,77.5,-1
1782770101.167,6513,1459099,0,0.00000000,0.00000000,0.00,0,0,2.03,0.025,-0.0980,0.6860,1.5190,1.6696,0.490967,0.070801,-0.025574,0.867920,7.755,75.0,-1
1782770101.418,6514,1459321,0,0.00000000,0.00000000,0.00,0,0,2.06,0.035,-0.4410,0.4900,0.4410,0.7931,0.490967,0.070801,-0.025574,0.867920,7.758,71.2,-1
1782770101.605,6515,1459538,0,0.00000000,0.00000000,0.00,0,0,1.89,-0.058,0.8330,0.5390,1.5190,1.8143,0.490967,0.070740,-0.025574,0.867920,7.755,73.8,-1
1782770101.852,6516,1459762,0,0.00000000,0.00000000,0.00,0,0,1.86,-0.058,0.2940,0.0980,1.5190,1.5503,0.490967,0.070740,-0.025574,0.867920,7.759,70.0,-1
1782770102.105,6517,1459980,0,0.00000000,0.00000000,0.00,0,0,1.90,-0.018,-0.0490,0.1960,1.5190,1.5324,0.490967,0.070740,-0.025574,0.867920,7.756,73.8,-1
1782770102.291,6518,1460200,0,0.00000000,0.00000000,0.00,0,0,1.94,-0.007,0.1960,0.6370,1.2740,1.4378,0.490967,0.070801,-0.025635,0.867920,7.758,75.0,-1
1782770102.541,6519,1460440,0,0.00000000,0.00000000,0.00,0,0,1.87,-0.034,0.2940,0.7350,1.6170,1.8004,0.490967,0.070740,-0.025635,0.867920,7.758,73.8,-1
1782770102.788,6520,1460664,0,0.00000000,0.00000000,0.00,0,0,1.94,0.004,0.1960,0.4410,1.5190,1.5938,0.490967,0.070679,-0.025574,0.867920,7.758,70.0,-1
1782770102.975,6521,1460882,0,0.00000000,0.00000000,0.00,0,0,1.86,-0.026,-0.1960,0.5390,1.5680,1.6696,0.490967,0.070679,-0.025574,0.867920,7.758,76.2,-1
1782770103.225,6522,1461103,0,0.00000000,0.00000000,0.00,0,0,1.95,0.030,-0.2450,0.9800,1.0290,1.4420,0.490967,0.070679,-0.025574,0.867920,7.755,73.8,-1
1782770103.412,6523,1461323,0,0.00000000,0.00000000,0.00,0,0,1.83,-0.059,0.0490,0.7350,0.5880,0.9425,0.490967,0.070618,-0.025574,0.867920,7.755,73.8,-1
1782770103.599,6524,1461535,0,0.00000000,0.00000000,0.00,0,0,1.97,0.016,0.1960,0.6370,1.1760,1.3517,0.490967,0.070679,-0.025574,0.867920,7.758,73.8,-1
1782770103.847,6525,1461757,0,0.00000000,0.00000000,0.00,0,0,1.85,-0.062,0.0490,1.1270,0.6860,1.3203,0.490967,0.070740,-0.025574,0.867920,7.755,73.8,-1
1782770104.097,6526,1461973,0,0.00000000,0.00000000,0.00,0,0,1.95,0.003,0.7840,-0.0490,2.0090,2.1571,0.490967,0.070740,-0.025635,0.867920,7.754,72.5,-1
1782770104.284,6527,1462198,0,0.00000000,0.00000000,0.00,0,0,1.92,-0.033,0.0490,0.9800,1.4700,1.7674,0.490967,0.070740,-0.025635,0.867920,7.756,76.2,-1
1782770104.532,6528,1462443,0,0.00000000,0.00000000,0.00,0,0,1.95,-0.037,-0.2450,1.3230,1.0290,1.6939,0.490967,0.070740,-0.025635,0.867920,7.759,73.8,-1
1782770104.783,6529,1462671,0,0.00000000,0.00000000,0.00,0,0,1.93,-0.057,0.7840,0.0000,2.1560,2.2941,0.490967,0.070679,-0.025574,0.867920,7.756,70.0,-1
1782770104.970,6530,1462896,0,0.00000000,0.00000000,0.00,0,0,1.99,0.009,0.3920,0.3920,1.6660,1.7558,0.490967,0.070740,-0.025635,0.867920,7.754,77.5,-1
1782770105.217,6531,1463120,0,0.00000000,0.00000000,0.00,0,0,1.94,-0.016,0.2940,0.8330,1.9110,2.1053,0.490967,0.070740,-0.025635,0.867920,7.756,76.2,-1
1782770105.465,6532,1463342,0,0.00000000,0.00000000,0.00,0,0,1.89,-0.016,0.4900,1.2740,1.2740,1.8672,0.490967,0.070801,-0.025635,0.867920,7.754,73.8,-1
1782770105.650,6533,1463562,0,0.00000000,0.00000000,0.00,0,0,1.84,-0.022,0.5880,0.2450,2.4500,2.5315,0.490967,0.070862,-0.025574,0.867920,7.756,71.2,-1
1782770105.902,6534,1463779,0,0.00000000,0.00000000,0.00,0,0,1.88,-0.002,0.6370,0.1470,2.3520,2.4412,0.490967,0.070862,-0.025574,0.867920,7.755,76.2,-1
1782770106.090,6535,1464002,0,0.00000000,0.00000000,0.00,0,0,1.92,0.027,0.7840,0.7840,2.6460,2.8689,0.490967,0.070801,-0.025513,0.867920,7.758,71.2,-1
1782770106.339,6536,1464229,0,0.00000000,0.00000000,0.00,0,0,1.94,0.035,0.2450,0.3920,1.2740,1.3553,0.490967,0.070801,-0.025574,0.867920,7.758,72.5,-1
1782770106.529,6537,1464447,0,0.00000000,0.00000000,0.00,0,0,1.96,0.030,0.2940,0.2940,1.2740,1.3401,0.490967,0.070801,-0.025574,0.867920,7.758,73.8,-1
1782770106.777,6538,1464672,0,0.00000000,0.00000000,0.00,0,0,1.93,-0.005,0.3430,0.8820,1.1760,1.5095,0.490967,0.070862,-0.025574,0.867920,7.756,70.0,-1
1782770106.964,6539,1464891,0,0.00000000,0.00000000,0.00,0,0,1.95,0.006,0.3430,0.5390,1.8620,1.9686,0.490967,0.070862,-0.025574,0.867920,7.756,75.0,-1
1782770107.212,6540,1465111,0,0.00000000,0.00000000,0.00,0,0,2.07,0.085,-0.0980,0.6860,1.3230,1.4935,0.490967,0.070801,-0.025574,0.867920,7.758,71.2,-1
1782770107.460,6541,1465335,0,0.00000000,0.00000000,0.00,0,0,2.02,0.036,0.0000,0.8820,1.5680,1.7990,0.490967,0.070862,-0.025635,0.867920,7.761,67.5,-1
1782770107.649,6542,1465552,0,0.00000000,0.00000000,0.00,0,0,1.82,-0.086,0.6860,0.2450,1.4210,1.5968,0.490967,0.070862,-0.025635,0.867920,7.756,72.5,-1
1782770107.897,6543,1465776,0,0.00000000,0.00000000,0.00,0,0,1.95,0.005,-0.2940,0.4900,0.4900,0.7528,0.490967,0.070862,-0.025635,0.867920,7.761,71.2,-1
1782770108.085,6544,1465996,0,0.00000000,0.00000000,0.00,0,0,1.89,-0.040,-0.7350,1.1270,0.0000,1.3455,0.490967,0.070862,-0.025635,0.867920,7.761,72.5,-1
1782770108.338,6545,1466216,0,0.00000000,0.00000000,0.00,0,0,1.71,-0.154,0.4900,0.5880,1.4210,1.6140,0.490967,0.070862,-0.025696,0.867920,7.760,73.8,-1
1782770108.528,6546,1466428,0,0.00000000,0.00000000,0.00,0,0,1.85,-0.067,0.3920,0.0490,1.1760,1.2406,0.490967,0.070801,-0.025635,0.867920,7.758,73.8,-1
1782770108.715,6547,1466644,0,0.00000000,0.00000000,0.00,0,0,1.91,-0.032,0.2940,0.3920,1.1760,1.2740,0.490967,0.070801,-0.025635,0.867920,7.755,77.5,-1
1782770108.967,6548,1466870,0,0.00000000,0.00000000,0.00,0,0,2.03,0.031,0.0490,0.6860,0.9310,1.1575,0.490967,0.070740,-0.025635,0.867920,7.756,76.2,-1
1782770109.217,6549,1467094,0,0.00000000,0.00000000,0.00,0,0,1.94,-0.024,0.4410,0.5390,0.8820,1.1238,0.490967,0.070679,-0.025574,0.867920,7.756,78.8,-1
1782770109.405,6550,1467318,0,0.00000000,0.00000000,0.00,0,0,2.01,0.030,0.2450,0.2450,1.7150,1.7496,0.490967,0.070679,-0.025574,0.867920,7.755,77.5,-1
1782770109.654,6551,1467532,0,0.00000000,0.00000000,0.00,0,0,1.86,-0.066,-0.1470,0.7350,1.2250,1.4361,0.490967,0.070618,-0.025574,0.867920,7.755,70.0,-1
1782770109.842,6552,1467732,0,0.00000000,0.00000000,0.00,0,0,1.87,-0.059,0.1960,0.5880,0.8820,1.0780,0.490967,0.070618,-0.025574,0.867920,7.753,76.2,-1
1782770110.027,6553,1467950,0,0.00000000,0.00000000,0.00,0,0,1.89,-0.042,0.2940,0.7350,1.0780,1.3374,0.490967,0.070679,-0.025574,0.867920,7.755,75.0,-1
1782770110.278,6554,1468172,0,0.00000000,0.00000000,0.00,0,0,2.02,0.017,0.6370,-0.0980,1.3720,1.5158,0.490967,0.070740,-0.025635,0.867920,7.756,76.2,-1
1782770110.528,6555,1468410,0,0.00000000,0.00000000,0.00,0,0,1.96,-0.029,0.2450,0.2450,2.0580,2.0870,0.490967,0.070801,-0.025635,0.867920,7.754,78.8,-1
1782770110.715,6556,1468634,0,0.00000000,0.00000000,0.00,0,0,1.81,-0.108,0.3430,0.7840,1.9110,2.0939,0.490967,0.070801,-0.025635,0.867920,7.756,70.0,-1
1782770110.965,6557,1468862,0,0.00000000,0.00000000,0.00,0,0,1.77,-0.103,0.3920,0.7840,1.5190,1.7538,0.490967,0.070801,-0.025696,0.867920,7.756,78.8,-1
1782770111.154,6558,1469080,0,0.00000000,0.00000000,0.00,0,0,1.97,0.037,0.1960,0.7840,2.2540,2.3945,0.490967,0.070923,-0.025696,0.867920,7.755,78.8,-1
1782770111.405,6559,1469304,0,0.00000000,0.00000000,0.00,0,0,1.89,-0.010,0.7840,0.1960,1.8620,2.0298,0.490967,0.070862,-0.025696,0.867920,7.756,73.8,-1
1782770111.594,6560,1469521,0,0.00000000,0.00000000,0.00,0,0,1.94,0.037,0.3430,0.6860,1.7640,1.9235,0.490967,0.070801,-0.025635,0.867920,7.755,78.8,-1
1782770111.843,6561,1469745,0,0.00000000,0.00000000,0.00,0,0,2.02,0.088,0.2940,0.5390,1.7150,1.8216,0.490967,0.070801,-0.025635,0.867920,7.758,75.0,-1
1782770112.093,6562,1469966,0,0.00000000,0.00000000,0.00,0,0,1.87,-0.006,0.5880,0.9310,1.9110,2.2055,0.490967,0.070740,-0.025635,0.867920,7.756,75.0,-1
1782770112.279,6563,1470192,0,0.00000000,0.00000000,0.00,0,0,1.91,0.024,0.6860,0.4410,1.4700,1.6811,0.490967,0.070740,-0.025635,0.867920,7.755,75.0,-1
1782770112.531,6564,1470440,0,0.00000000,0.00000000,0.00,0,0,1.97,0.040,0.5880,0.3920,1.9600,2.0835,0.490967,0.070740,-0.025635,0.867920,7.756,76.2,-1
1782770112.783,6565,1470661,0,0.00000000,0.00000000,0.00,0,0,1.84,-0.039,0.6860,-0.9800,1.7150,2.0910,0.490967,0.070801,-0.025635,0.867920,7.755,75.0,-1
1782770112.973,6566,1470886,0,0.00000000,0.00000000,0.00,0,0,1.94,0.030,0.5390,0.7840,1.8130,2.0475,0.490967,0.070801,-0.025635,0.867920,7.751,82.5,-1
1782770113.222,6567,1471105,0,0.00000000,0.00000000,0.00,0,0,1.96,0.032,0.8330,0.2940,1.9110,2.1053,0.490967,0.070801,-0.025635,0.867920,7.759,71.2,-1
1782770113.408,6568,1471329,0,0.00000000,0.00000000,0.00,0,0,1.94,-0.001,0.1470,0.5880,1.7150,1.8189,0.490967,0.070801,-0.025635,0.867920,7.756,72.5,-1
1782770113.654,6569,1471544,0,0.00000000,0.00000000,0.00,0,0,1.98,0.056,0.3430,0.3430,1.6170,1.6882,0.490967,0.070801,-0.025635,0.867920,7.755,75.0,-1
1782770113.839,6570,1471772,0,0.00000000,0.00000000,0.00,0,0,1.99,0.070,0.1960,0.6860,-0.3920,0.8140,0.490967,0.070740,-0.025635,0.867920,7.755,75.0,-1
1782770114.090,6571,1471997,0,0.00000000,0.00000000,0.00,0,0,2.00,0.064,0.3430,0.2940,1.4210,1.4911,0.490967,0.070679,-0.025574,0.867920,7.756,81.2,-1
1782770114.335,6572,1472221,0,0.00000000,0.00000000,0.00,0,0,1.91,-0.005,0.1960,1.0290,1.1760,1.5749,0.490967,0.070740,-0.025574,0.867920,7.756,76.2,-1
1782770114.523,6573,1472433,0,0.00000000,0.00000000,0.00,0,0,1.90,-0.036,0.1960,0.2450,1.5190,1.5511,0.490967,0.070740,-0.025574,0.867920,7.756,75.0,-1
1782770114.770,6574,1472658,0,0.00000000,0.00000000,0.00,0,0,1.85,-0.051,0.3430,0.6860,1.6660,1.8341,0.490967,0.070679,-0.025513,0.867920,7.754,76.2,-1
1782770114.959,6575,1472881,0,0.00000000,0.00000000,0.00,0,0,1.78,-0.078,0.3430,0.1960,1.2250,1.2871,0.490967,0.070679,-0.025452,0.867920,7.754,76.2,-1
1782770115.210,6576,1473101,0,0.00000000,0.00000000,0.00,0,0,1.88,-0.010,0.1470,0.4410,0.7350,0.8697,0.490967,0.070740,-0.025513,0.867920,7.758,75.0,-1
1782770115.397,6577,1473320,0,0.00000000,0.00000000,0.00,0,0,1.94,0.023,0.1960,0.6370,0.9310,1.1450,0.490967,0.070740,-0.025574,0.867920,7.756,73.8,-1
1782770115.647,6578,1473530,0,0.00000000,0.00000000,0.00,0,0,1.85,0.000,-0.1470,0.9310,1.7150,1.9569,0.490967,0.070740,-0.025574,0.867920,7.755,77.5,-1
1782770115.833,6579,1473754,0,0.00000000,0.00000000,0.00,0,0,1.86,-0.003,0.3920,0.4410,1.7640,1.8601,0.490967,0.070801,-0.025635,0.867920,7.755,73.8,-1
1782770116.082,6580,1473973,0,0.00000000,0.00000000,0.00,0,0,1.98,0.067,0.0000,0.3430,1.3230,1.3667,0.490967,0.070801,-0.025635,0.867920,7.754,75.0,-1
1782770116.268,6581,1474191,0,0.00000000,0.00000000,0.00,0,0,1.81,-0.044,0.3430,0.4410,1.1760,1.3020,0.490967,0.070740,-0.025574,0.867920,7.754,75.0,-1
1782770116.517,6582,1474439,0,0.00000000,0.00000000,0.00,0,0,1.91,0.016,0.1470,0.9310,1.8130,2.0434,0.490967,0.070740,-0.025574,0.867920,7.758,73.8,-1
1782770116.766,6583,1474667,0,0.00000000,0.00000000,0.00,0,0,1.80,-0.038,0.5880,0.9310,2.2050,2.4647,0.490967,0.070740,-0.025635,0.867920,7.759,71.2,-1
1782770116.954,6584,1474884,0,0.00000000,0.00000000,0.00,0,0,2.05,0.120,0.0000,0.8330,1.7150,1.9066,0.490967,0.070740,-0.025635,0.867920,7.750,85.0,-1
1782770117.203,6585,1475106,0,0.00000000,0.00000000,0.00,0,0,1.94,0.056,0.3920,0.2940,1.2250,1.3194,0.490967,0.070740,-0.025574,0.867920,7.758,75.0,-1
1782770117.391,6586,1475326,0,0.00000000,0.00000000,0.00,0,0,1.93,0.030,0.1960,0.8330,1.9600,2.1387,0.491028,0.070679,-0.025574,0.867920,7.754,73.8,-1
1782770117.640,6587,1475541,0,0.00000000,0.00000000,0.00,0,0,2.05,0.110,0.2940,0.7350,1.2250,1.4585,0.491028,0.070740,-0.025574,0.867920,7.758,73.8,-1
1782770117.889,6588,1475769,0,0.00000000,0.00000000,0.00,0,0,1.98,0.046,0.4410,0.5880,0.4900,0.8834,0.490906,0.070862,-0.025635,0.867920,7.755,73.8,-1
1782770118.076,6589,1475987,0,0.00000000,0.00000000,0.00,0,0,1.98,0.035,0.1470,0.1470,0.9800,1.0018,0.490967,0.070801,-0.025635,0.867920,7.754,77.5,-1
1782770118.324,6590,1476213,0,0.00000000,0.00000000,0.00,0,0,2.00,0.052,0.1470,0.3430,1.3230,1.3746,0.490906,0.070862,-0.025635,0.867920,7.754,76.2,-1
1782770118.510,6591,1476432,0,0.00000000,0.00000000,0.00,0,0,2.04,0.043,0.4900,0.0490,2.0090,2.0685,0.490845,0.070862,-0.025574,0.867981,7.754,75.0,-1
1782770118.757,6592,1476657,0,0.00000000,0.00000000,0.00,0,0,1.90,-0.027,0.2940,0.3920,1.4700,1.5495,0.490906,0.070984,-0.025513,0.867981,7.755,78.8,-1
1782770119.004,6593,1476881,0,0.00000000,0.00000000,0.00,0,0,2.08,0.091,0.8330,0.5880,1.0290,1.4486,0.490906,0.070923,-0.025513,0.867981,7.758,73.8,-1
1782770119.194,6594,1477099,0,0.00000000,0.00000000,0.00,0,0,1.99,0.038,0.0490,0.4900,1.2740,1.3659,0.490906,0.070923,-0.025574,0.867981,7.755,73.8,-1
1782770119.441,6595,1477323,0,0.00000000,0.00000000,0.00,0,0,1.92,-0.009,0.2940,0.3920,1.7640,1.8308,0.490906,0.070923,-0.025574,0.867981,7.755,71.2,-1
1782770119.625,6596,1477541,0,0.00000000,0.00000000,0.00,0,0,1.96,-0.010,0.0490,0.9310,2.2540,2.4392,0.490906,0.070862,-0.025635,0.867981,7.755,76.2,-1
1782770119.874,6597,1477762,0,0.00000000,0.00000000,0.00,0,0,1.97,0.010,-0.0980,0.8330,0.9310,1.2531,0.490906,0.070862,-0.025635,0.867981,7.754,76.2,-1
1782770120.060,6598,1477982,0,0.00000000,0.00000000,0.00,0,0,1.93,-0.010,0.2450,0.2450,1.8130,1.8458,0.490906,0.070862,-0.025635,0.867981,7.754,76.2,-1
1782770120.307,6599,1478202,0,0.00000000,0.00000000,0.00,0,0,1.97,0.003,0.0000,0.2450,1.4210,1.4420,0.490906,0.070862,-0.025635,0.867981,7.751,76.2,-1
1782770120.496,6600,1478418,0,0.00000000,0.00000000,0.00,0,0,1.97,-0.009,0.1470,0.6860,2.4010,2.5014,0.490906,0.070862,-0.025635,0.867981,7.754,76.2,-1
1782770120.744,6601,1478645,0,0.00000000,0.00000000,0.00,0,0,1.97,-0.008,0.5880,0.7350,0.7840,1.2250,0.490906,0.070923,-0.025635,0.867981,7.759,68.8,-1
1782770120.992,6602,1478868,0,0.00000000,0.00000000,0.00,0,0,1.84,-0.076,0.1470,0.4410,1.7150,1.7769,0.490906,0.070862,-0.025574,0.867981,7.758,72.5,-1
1782770121.179,6603,1479098,0,0.00000000,0.00000000,0.00,0,0,1.97,0.012,-0.4900,1.4700,0.0000,1.5495,0.490906,0.070923,-0.025574,0.867981,7.755,76.2,-1
1782770121.430,6604,1479319,0,0.00000000,0.00000000,0.00,0,0,1.97,0.002,0.0490,0.7840,0.8820,1.1811,0.490906,0.070862,-0.025574,0.867981,7.755,77.5,-1
1782770121.617,6605,1479538,0,0.00000000,0.00000000,0.00,0,0,1.96,-0.012,0.5390,0.3430,2.1560,2.2487,0.490906,0.070801,-0.025574,0.867981,7.758,75.0,-1
1782770121.866,6606,1479765,0,0.00000000,0.00000000,0.00,0,0,1.96,-0.004,0.2450,0.7350,0.9800,1.2493,0.490906,0.070740,-0.025574,0.867981,7.760,72.5,-1
1782770122.052,6607,1479986,0,0.00000000,0.00000000,0.00,0,0,1.90,-0.054,0.2940,0.4900,2.0580,2.1359,0.490906,0.070740,-0.025574,0.867981,7.758,72.5,-1
1782770122.302,6608,1480210,0,0.00000000,0.00000000,0.00,0,0,1.85,-0.083,0.4410,0.2940,1.3720,1.4708,0.490906,0.070801,-0.025574,0.867981,7.759,72.5,-1
1782770122.550,6609,1480424,0,0.00000000,0.00000000,0.00,0,0,1.88,-0.078,0.1960,0.4900,1.7640,1.8413,0.490906,0.070740,-0.025574,0.867981,7.756,75.0,-1
1782770122.735,6610,1480652,0,0.00000000,0.00000000,0.00,0,0,1.91,-0.041,0.0000,0.7840,1.2740,1.4959,0.490906,0.070679,-0.025574,0.867981,7.756,73.8,-1
1782770122.985,6611,1480880,0,0.00000000,0.00000000,0.00,0,0,1.87,-0.050,0.7840,0.0490,3.1850,3.2804,0.490906,0.070618,-0.025574,0.867981,7.755,77.5,-1
1782770123.172,6612,1481104,0,0.00000000,0.00000000,0.00,0,0,1.88,-0.026,-0.2450,1.0290,1.4210,1.7715,0.490906,0.070618,-0.025513,0.867981,7.756,72.5,-1
1782770123.422,6613,1481329,0,0.00000000,0.00000000,0.00,0,0,1.79,-0.089,0.6860,0.1960,1.8130,1.9483,0.490906,0.070618,-0.025513,0.867981,7.759,71.2,-1
1782770123.610,6614,1481540,0,0.00000000,0.00000000,0.00,0,0,1.85,-0.044,0.6370,0.4900,1.6170,1.8057,0.490906,0.070618,-0.025513,0.867981,7.758,77.5,-1
1782770123.858,6615,1481763,0,0.00000000,0.00000000,0.00,0,0,1.93,0.007,0.9310,1.2740,1.2250,1.9976,0.490906,0.070618,-0.025513,0.867981,7.759,71.2,-1
1782770124.108,6616,1481986,0,0.00000000,0.00000000,0.00,0,0,1.86,-0.045,0.2450,0.4410,1.6660,1.7407,0.490906,0.070618,-0.025513,0.867981,7.759,75.0,-1
1782770124.297,6617,1482212,0,0.00000000,0.00000000,0.00,0,0,1.94,0.003,0.0980,0.8820,1.6660,1.8876,0.490906,0.070679,-0.025574,0.867981,7.756,70.0,-1
1782770124.544,6618,1482425,0,0.00000000,0.00000000,0.00,0,0,1.87,-0.028,0.2450,0.4410,2.2540,2.3098,0.490906,0.070679,-0.025574,0.867981,7.760,72.5,-1
1782770124.732,6619,1482644,0,0.00000000,0.00000000,0.00,0,0,1.84,-0.041,0.2450,0.5880,1.4700,1.6021,0.490906,0.070740,-0.025635,0.867981,7.756,71.2,-1
1782770124.981,6620,1482863,0,0.00000000,0.00000000,0.00,0,0,1.88,-0.037,-0.0980,0.9800,1.0290,1.4244,0.490906,0.070740,-0.025574,0.867981,7.756,75.0,-1
1782770125.167,6621,1483086,0,0.00000000,0.00000000,0.00,0,0,1.88,-0.023,0.1960,0.6860,1.0780,1.2927,0.490906,0.070740,-0.025574,0.867981,7.759,70.0,-1
1782770125.415,6622,1483308,0,0.00000000,0.00000000,0.00,0,0,1.97,0.033,1.2740,0.1470,2.6460,2.9404,0.490906,0.070740,-0.025513,0.867981,7.759,72.5,-1
1782770125.604,6623,1483523,0,0.00000000,0.00000000,0.00,0,0,1.92,0.005,0.2450,0.2450,1.0780,1.1323,0.490906,0.070679,-0.025513,0.867981,7.753,80.0,-1
1782770125.854,6624,1483749,0,0.00000000,0.00000000,0.00,0,0,1.82,-0.053,0.2940,1.0780,2.1560,2.4283,0.490906,0.070679,-0.025513,0.867981,7.755,75.0,-1
1782770126.042,6625,1483975,0,0.00000000,0.00000000,0.00,0,0,1.97,0.055,1.0290,0.7350,2.5480,2.8445,0.490906,0.070618,-0.025513,0.867981,7.758,71.2,-1
1782770126.292,6626,1484198,0,0.00000000,0.00000000,0.00,0,0,1.98,0.065,0.7350,0.5390,1.8620,2.0731,0.490906,0.070618,-0.025513,0.867981,7.760,70.0,-1
1782770126.539,6627,1484441,0,0.00000000,0.00000000,0.00,0,0,2.02,0.073,0.4900,0.2450,1.9110,1.9880,0.490906,0.070618,-0.025513,0.867981,7.760,73.8,-1
1782770126.789,6628,1484668,0,0.00000000,0.00000000,0.00,0,0,1.95,0.016,0.5390,0.7350,1.5680,1.8137,0.490906,0.070557,-0.025513,0.867981,7.755,72.5,-1
1782770126.979,6629,1484888,0,0.00000000,0.00000000,0.00,0,0,1.88,-0.035,-0.2450,0.9800,0.7840,1.2787,0.490906,0.070618,-0.025513,0.867981,7.749,80.0,-1
1782770127.229,6630,1485109,0,0.00000000,0.00000000,0.00,0,0,1.90,-0.014,-0.2940,1.1270,1.1760,1.6552,0.490906,0.070557,-0.025513,0.867981,7.756,76.2,-1
1782770127.414,6631,1485329,0,0.00000000,0.00000000,0.00,0,0,1.91,0.029,0.5390,0.3920,1.9600,2.0702,0.490906,0.070557,-0.025513,0.867981,7.758,71.2,-1
1782770127.664,6632,1485543,0,0.00000000,0.00000000,0.00,0,0,1.93,0.020,1.1270,-1.0780,2.5480,2.9874,0.490906,0.070557,-0.025513,0.867981,7.758,71.2,-1
1782770127.851,6633,1485760,0,0.00000000,0.00000000,0.00,0,0,1.90,0.007,0.6860,0.7350,2.6460,2.8306,0.490906,0.070557,-0.025513,0.867981,7.756,72.5,-1
1782770128.102,6634,1485982,0,0.00000000,0.00000000,0.00,0,0,1.90,0.004,0.0980,1.1760,2.2540,2.5442,0.490906,0.070496,-0.025513,0.867981,7.755,72.5,-1
1782770128.291,6635,1486201,0,0.00000000,0.00000000,0.00,0,0,1.85,-0.039,0.5880,0.3430,1.0290,1.2338,0.490845,0.070618,-0.025635,0.867981,7.756,73.8,-1
1782770128.538,6636,1486445,0,0.00000000,0.00000000,0.00,0,0,1.84,-0.026,0.4900,1.0780,1.6170,2.0042,0.490845,0.070618,-0.025635,0.867981,7.760,72.5,-1
1782770128.788,6637,1486672,0,0.00000000,0.00000000,0.00,0,0,1.80,-0.052,-0.4410,1.8130,0.5880,1.9563,0.490967,0.070496,-0.025635,0.867981,7.754,75.0,-1
1782770128.976,6638,1486896,0,0.00000000,0.00000000,0.00,0,0,1.87,-0.004,0.0980,0.2450,2.0580,2.0748,0.490906,0.070618,-0.025574,0.867981,7.759,71.2,-1
1782770129.226,6639,1487115,0,0.00000000,0.00000000,0.00,0,0,1.89,0.021,0.1470,0.5390,1.6660,1.7572,0.490906,0.070679,-0.025574,0.867981,7.759,70.0,-1
1782770129.411,6640,1487333,0,0.00000000,0.00000000,0.00,0,0,1.94,0.058,0.6370,0.5880,1.8620,2.0539,0.490906,0.070618,-0.025574,0.867981,7.754,77.5,-1
1782770129.660,6641,1487550,0,0.00000000,0.00000000,0.00,0,0,1.93,0.050,0.0980,0.7840,1.9600,2.1133,0.490906,0.070618,-0.025574,0.867981,7.759,71.2,-1
1782770129.849,6642,1487757,0,0.00000000,0.00000000,0.00,0,0,1.94,0.071,0.2450,0.7350,1.5680,1.7490,0.490906,0.070618,-0.025574,0.867981,7.758,72.5,-1
1782770130.099,6643,1487980,0,0.00000000,0.00000000,0.00,0,0,1.93,0.073,0.8820,0.6370,2.4010,2.6360,0.490906,0.070679,-0.025574,0.867981,7.758,71.2,-1
1782770130.287,6644,1488204,0,0.00000000,0.00000000,0.00,0,0,1.93,0.051,0.0980,0.3430,2.3030,2.3305,0.490906,0.070679,-0.025574,0.867981,7.755,73.8,-1
1782770130.534,6645,1488419,0,0.00000000,0.00000000,0.00,0,0,1.88,0.018,0.3920,0.0490,2.1560,2.1919,0.490906,0.070618,-0.025574,0.867981,7.759,75.0,-1
1782770130.722,6646,1488646,0,0.00000000,0.00000000,0.00,0,0,1.93,0.036,-0.1960,0.3920,1.0780,1.1637,0.490906,0.070618,-0.025574,0.867981,7.756,75.0,-1
1782770130.969,6647,1488869,0,0.00000000,0.00000000,0.00,0,0,1.88,0.002,-0.5880,1.1270,-0.2940,1.3047,0.490906,0.070618,-0.025513,0.867981,7.758,71.2,-1
1782770131.218,6648,1489091,0,0.00000000,0.00000000,0.00,0,0,1.79,-0.053,0.3430,0.8330,1.1760,1.4814,0.490906,0.070618,-0.025513,0.867981,7.758,71.2,-1
1782770131.403,6649,1489317,0,0.00000000,0.00000000,0.00,0,0,1.94,0.044,0.6370,0.1470,3.0870,3.1555,0.490906,0.070618,-0.025513,0.867981,7.759,73.8,-1
1782770131.652,6650,1489531,0,0.00000000,0.00000000,0.00,0,0,1.85,-0.017,0.7840,0.5880,2.4990,2.6843,0.490906,0.070557,-0.025513,0.867981,7.760,68.8,-1
1782770131.837,6651,1489751,0,0.00000000,0.00000000,0.00,0,0,1.85,-0.024,2.1560,-0.0980,3.9690,4.5178,0.490906,0.070557,-0.025513,0.867981,7.760,70.0,-1
1782770132.091,6652,1489971,0,0.00000000,0.00000000,0.00,0,0,1.88,0.012,0.1470,1.0290,0.2450,1.0679,0.490906,0.070557,-0.025513,0.867981,7.756,72.5,-1
1782770132.277,6653,1490189,0,0.00000000,0.00000000,0.00,0,0,1.86,-0.033,0.0490,0.4900,1.4700,1.5503,0.490906,0.070557,-0.025513,0.867981,7.758,75.0,-1
1782770132.525,6654,1490437,0,0.00000000,0.00000000,0.00,0,0,1.97,0.027,1.2740,0.6370,3.1360,3.4443,0.490906,0.070557,-0.025513,0.867981,7.759,67.5,-1
1782770132.775,6655,1490664,0,0.00000000,0.00000000,0.00,0,0,1.90,-0.012,1.4210,0.5880,0.8330,1.7490,0.490906,0.070557,-0.025513,0.867981,7.755,73.8,-1
1782770132.962,6656,1490885,0,0.00000000,0.00000000,0.00,0,0,1.95,0.011,0.0490,0.9310,1.4700,1.7407,0.490906,0.070618,-0.025513,0.867981,7.753,78.8,-1
1782770133.213,6657,1491105,0,0.00000000,0.00000000,0.00,0,0,1.93,-0.003,0.1960,0.4900,1.8620,1.9353,0.490906,0.070618,-0.025513,0.867981,7.758,75.0,-1
1782770133.398,6658,1491323,0,0.00000000,0.00000000,0.00,0,0,1.97,0.037,0.1960,0.4900,1.9110,1.9825,0.490906,0.070618,-0.025574,0.867981,7.753,76.2,-1
1782770133.648,6659,1491536,0,0.00000000,0.00000000,0.00,0,0,1.85,-0.068,0.4410,0.4900,2.6950,2.7745,0.490906,0.070618,-0.025574,0.867981,7.755,72.5,-1
1782770133.836,6660,1491754,0,0.00000000,0.00000000,0.00,0,0,1.89,-0.040,0.0490,0.8820,1.9110,2.1053,0.490906,0.070679,-0.025574,0.867981,7.755,73.8,-1
1782770134.084,6661,1491982,0,0.00000000,0.00000000,0.00,0,0,1.93,0.002,0.5880,0.1960,0.5880,0.8543,0.490906,0.070679,-0.025574,0.867981,7.756,77.5,-1
