rx_time,seq,timestamp_ms,state,lat,lon,gps_alt_m,gps_sats,gps_fix,baro_alt_m,vert_vel_ms,accel_x_g,accel_y_g,accel_z_g,accel_mag_g,quat_w,quat_x,quat_y,quat_z,voltage_v,current_ma,rssi
1783957904.367,513,121479,0,0.00000000,0.00000000,0.00,0,0,-39.64,0.053,0.6860,0.5390,2.7930,2.9261,0.370544,-0.141052,0.001648,-0.918030,7.801,75.0,-1
1783957904.616,514,121703,0,0.00000000,0.00000000,0.00,0,0,-39.73,-0.002,0.4900,0.4410,2.4990,2.5845,0.370544,-0.140869,0.001526,-0.918091,7.802,73.8,-1
1783957904.802,515,121931,0,0.00000000,0.00000000,0.00,0,0,-39.74,-0.020,-0.1470,1.1760,0.4900,1.2825,0.370544,-0.140808,0.001526,-0.918091,7.804,75.0,-1
1783957905.053,516,122146,0,0.00000000,0.00000000,0.00,0,0,-39.71,0.005,-0.1470,0.9310,0.2940,0.9873,0.370544,-0.140869,0.001526,-0.918091,7.802,76.2,-1
1783957905.240,517,122371,0,0.00000000,0.00000000,0.00,0,0,-39.66,0.041,0.1470,0.4410,1.9600,2.0144,0.370544,-0.140808,0.001526,-0.918091,7.802,75.0,-1
1783957905.491,518,122591,0,0.00000000,0.00000000,0.00,0,0,-39.77,-0.028,0.0980,0.5390,1.5190,1.6148,0.370544,-0.140747,0.001526,-0.918091,7.804,72.5,-1
1783957905.691,519,122809,0,0.00000000,0.00000000,0.00,0,0,-39.72,0.003,0.6860,1.0290,0.7840,1.4643,0.370544,-0.140747,0.001587,-0.918091,7.801,80.0,-1
1783957905.939,520,123034,0,0.00000000,0.00000000,0.00,0,0,-39.79,-0.044,0.1960,0.3430,1.1760,1.2406,0.370544,-0.140686,0.001587,-0.918091,7.801,77.5,-1
1783957906.142,521,123251,0,0.00000000,0.00000000,0.00,0,0,-39.70,0.008,0.4900,0.5880,1.0780,1.3221,0.370544,-0.140747,0.001587,-0.918091,7.801,73.8,-1
1783957906.393,522,123474,0,0.00000000,0.00000000,0.00,0,0,-39.72,-0.004,0.2450,0.6860,1.5190,1.6846,0.370544,-0.140747,0.001648,-0.918091,7.804,72.5,-1
1783957906.579,523,123696,0,0.00000000,0.00000000,0.00,0,0,-39.60,0.071,1.1760,0.4410,2.4990,2.7969,0.370544,-0.140686,0.001648,-0.918091,7.802,75.0,-1
1783957906.826,524,123921,0,0.00000000,0.00000000,0.00,0,0,-39.63,0.048,-0.1470,0.7350,0.9310,1.1952,0.370544,-0.140686,0.001587,-0.918091,7.801,75.0,-1
1783957907.014,525,124138,0,0.00000000,0.00000000,0.00,0,0,-39.70,0.004,0.2940,0.3430,1.7150,1.7735,0.370544,-0.140625,0.001587,-0.918091,7.802,77.5,-1
1783957907.279,526,124365,0,0.00000000,0.00000000,0.00,0,0,-39.70,-0.018,0.0980,0.6860,1.6660,1.8044,0.370544,-0.140625,0.001709,-0.918091,7.801,75.0,-1
1783957907.467,527,124585,0,0.00000000,0.00000000,0.00,0,0,-39.64,0.002,0.0490,0.6370,1.3230,1.4692,0.370544,-0.140625,0.001892,-0.918091,7.802,71.2,-1
1783957907.718,528,124803,0,0.00000000,0.00000000,0.00,0,0,-39.66,-0.011,0.0980,0.5880,0.6860,0.9088,0.370605,-0.140564,0.001892,-0.918091,7.800,73.8,-1
1783957907.905,529,125027,0,0.00000000,0.00000000,0.00,0,0,-39.76,-0.064,0.6860,0.2940,1.9600,2.0973,0.370544,-0.140503,0.001709,-0.918152,7.801,73.8,-1
1783957908.153,530,125242,0,0.00000000,0.00000000,0.00,0,0,-39.68,-0.024,0.3430,0.1470,1.2250,1.2806,0.370544,-0.140991,0.001831,-0.918030,7.802,75.0,-1
1783957908.341,531,125467,0,0.00000000,0.00000000,0.00,0,0,-39.69,-0.030,-0.0490,0.4410,1.1270,1.2112,0.370544,-0.141113,0.001770,-0.918030,7.801,73.8,-1
1783957908.591,532,125686,0,0.00000000,0.00000000,0.00,0,0,-39.78,-0.110,0.5390,0.5880,1.2740,1.5031,0.370361,-0.140442,0.001404,-0.918213,7.801,71.2,-1
1783957908.777,533,125907,0,0.00000000,0.00000000,0.00,0,0,-39.55,0.039,0.2940,1.2250,0.9800,1.5961,0.370361,-0.141113,0.001709,-0.918091,7.801,71.2,-1
1783957909.025,534,126151,0,0.00000000,0.00000000,0.00,0,0,-39.63,-0.003,-0.1960,0.8820,1.7640,1.9819,0.370422,-0.140991,0.001587,-0.918091,7.802,70.0,-1
1783957909.275,535,126375,0,0.00000000,0.00000000,0.00,0,0,-39.78,-0.087,1.0290,0.6370,1.9600,2.3035,0.370422,-0.140991,0.001587,-0.918091,7.801,71.2,-1
1783957909.463,536,126599,0,0.00000000,0.00000000,0.00,0,0,-39.72,-0.048,0.3920,0.6370,1.8620,2.0066,0.370361,-0.140991,0.001465,-0.918091,7.804,72.5,-1
1783957909.711,537,126818,0,0.00000000,0.00000000,0.00,0,0,-39.67,-0.022,0.6370,0.4900,1.1760,1.4244,0.370422,-0.141052,0.001343,-0.918091,7.800,72.5,-1
1783957909.898,538,127039,0,0.00000000,0.00000000,0.00,0,0,-39.73,-0.071,0.4900,0.3920,0.6860,0.9297,0.370483,-0.141113,0.001526,-0.918091,7.801,73.8,-1
1783957910.148,539,127260,0,0.00000000,0.00000000,0.00,0,0,-39.64,-0.010,0.1960,0.6370,1.2250,1.3946,0.370483,-0.141174,0.001587,-0.918030,7.801,76.2,-1
1783957910.398,540,127485,0,0.00000000,0.00000000,0.00,0,0,-39.67,-0.018,0.3920,0.3920,1.3230,1.4345,0.370422,-0.141174,0.001526,-0.918030,7.800,72.5,-1
1783957910.585,541,127710,0,0.00000000,0.00000000,0.00,0,0,-39.60,0.024,0.7350,0.5880,1.6170,1.8710,0.370422,-0.141174,0.001404,-0.918091,7.801,73.8,-1
1783957910.834,542,127932,0,0.00000000,0.00000000,0.00,0,0,-39.54,0.040,0.1960,0.0980,2.2050,2.2159,0.370422,-0.141052,0.001343,-0.918091,7.801,68.8,-1
1783957911.021,543,128148,0,0.00000000,0.00000000,0.00,0,0,-39.53,0.049,1.0780,0.7840,1.6170,2.0956,0.370361,-0.141174,0.001160,-0.918091,7.802,76.2,-1
1783957911.269,544,128374,0,0.00000000,0.00000000,0.00,0,0,-39.67,-0.023,1.4700,0.5390,2.2540,2.7444,0.370422,-0.141174,0.001038,-0.918091,7.804,65.0,-1
1783957911.455,545,128592,0,0.00000000,0.00000000,0.00,0,0,-39.65,-0.046,0.2940,0.2450,1.6170,1.6617,0.370422,-0.140930,0.000977,-0.918091,7.802,73.8,-1
1783957911.702,546,128819,0,0.00000000,0.00000000,0.00,0,0,-39.69,-0.078,-0.1470,0.9310,1.2250,1.5456,0.370483,-0.141113,0.001038,-0.918091,7.801,70.0,-1
1783957911.952,547,129044,0,0.00000000,0.00000000,0.00,0,0,-39.53,0.030,0.5390,0.4900,1.4210,1.5968,0.370605,-0.141052,0.001099,-0.918030,7.801,71.2,-1
1783957912.139,548,129264,0,0.00000000,0.00000000,0.00,0,0,-39.73,-0.077,0.8330,0.6370,1.7640,2.0522,0.370605,-0.141052,0.001221,-0.918030,7.801,75.0,-1
1783957912.389,549,129487,0,0.00000000,0.00000000,0.00,0,0,-39.66,-0.024,0.7350,0.6370,1.5680,1.8452,0.370605,-0.140991,0.001282,-0.918030,7.801,75.0,-1
1783957912.576,550,129714,0,0.00000000,0.00000000,0.00,0,0,-39.63,-0.004,0.5880,0.7350,1.9600,2.1743,0.370605,-0.140991,0.001282,-0.918030,7.801,70.0,-1
1783957912.825,551,129935,0,0.00000000,0.00000000,0.00,0,0,-39.51,0.092,-0.1470,1.1760,1.6660,2.0445,0.370605,-0.140991,0.001282,-0.918030,7.801,68.8,-1
1783957913.014,552,130147,0,0.00000000,0.00000000,0.00,0,0,-39.69,0.002,0.6370,0.3430,2.0090,2.1353,0.370544,-0.141113,0.001343,-0.918030,7.801,75.0,-1
1783957913.263,553,130369,0,0.00000000,0.00000000,0.00,0,0,-39.46,0.135,0.1960,0.7840,0.9800,1.2702,0.370544,-0.141052,0.001343,-0.918030,7.801,75.0,-1
1783957913.450,554,130585,0,0.00000000,0.00000000,0.00,0,0,-39.68,-0.022,0.0980,0.5880,0.6370,0.8724,0.370544,-0.141113,0.001282,-0.918030,7.802,76.2,-1
1783957913.699,555,130809,0,0.00000000,0.00000000,0.00,0,0,-39.50,0.070,0.8820,0.4410,1.8620,2.1070,0.370605,-0.141235,0.001282,-0.917969,7.802,71.2,-1
1783957913.885,556,131028,0,0.00000000,0.00000000,0.00,0,0,-39.60,0.000,0.4900,0.7840,1.8620,2.0789,0.370728,-0.141174,0.001343,-0.917969,7.801,75.0,-1
1783957914.135,557,131245,0,0.00000000,0.00000000,0.00,0,0,-39.60,0.009,0.2450,0.8330,1.4210,1.6653,0.370667,-0.141235,0.001343,-0.917969,7.802,75.0,-1
1783957914.384,558,131470,0,0.00000000,0.00000000,0.00,0,0,-39.55,0.044,0.4410,0.4410,1.9110,2.0102,0.370667,-0.141235,0.001343,-0.917969,7.804,72.5,-1
1783957914.569,559,131690,0,0.00000000,0.00000000,0.00,0,0,-39.58,0.015,0.7840,0.1960,2.1070,2.2567,0.370667,-0.141296,0.001343,-0.917969,7.804,67.5,-1
1783957914.818,560,131912,0,0.00000000,0.00000000,0.00,0,0,-39.63,-0.030,0.1960,0.0490,1.4210,1.4353,0.370667,-0.141296,0.001343,-0.917969,7.800,72.5,-1
1783957915.069,561,132156,0,0.00000000,0.00000000,0.00,0,0,-39.58,-0.001,1.3720,0.1960,1.5190,2.0562,0.370667,-0.141296,0.001343,-0.917969,7.801,71.2,-1
1783957915.258,562,132382,0,0.00000000,0.00000000,0.00,0,0,-39.51,0.060,0.4410,0.1960,1.3230,1.4083,0.370605,-0.141296,0.001465,-0.917969,7.801,71.2,-1
1783957915.506,563,132601,0,0.00000000,0.00000000,0.00,0,0,-39.61,0.002,0.3920,0.2940,1.7150,1.7836,0.370667,-0.141357,0.001587,-0.917969,7.802,77.5,-1
1783957915.692,564,132820,0,0.00000000,0.00000000,0.00,0,0,-39.64,-0.033,0.3920,0.1960,0.6370,0.7732,0.370667,-0.141296,0.001648,-0.917969,7.802,73.8,-1
1783957915.941,565,133040,0,0.00000000,0.00000000,0.00,0,0,-39.44,0.089,1.1270,-0.9800,2.3520,2.7861,0.370667,-0.141174,0.001709,-0.917969,7.802,71.2,-1
1783957916.128,566,133251,0,0.00000000,0.00000000,0.00,0,0,-39.66,-0.051,0.7840,0.5390,2.9400,3.0901,0.370667,-0.141113,0.001709,-0.917969,7.801,72.5,-1
1783957916.378,567,133475,0,0.00000000,0.00000000,0.00,0,0,-39.63,-0.016,0.2450,0.6860,1.8130,1.9539,0.370667,-0.141052,0.001770,-0.917969,7.804,67.5,-1
1783957916.565,568,133697,0,0.00000000,0.00000000,0.00,0,0,-39.59,0.005,0.4900,2.0090,2.0090,2.8831,0.370728,-0.141235,0.001648,-0.917969,7.802,70.0,-1
1783957916.829,569,133922,0,0.00000000,0.00000000,0.00,0,0,-39.67,-0.046,0.0000,0.6860,0.7840,1.0418,0.370789,-0.141235,0.001587,-0.917908,7.801,72.5,-1
1783957917.014,570,134138,0,0.00000000,0.00000000,0.00,0,0,-39.68,-0.069,0.4410,0.4410,1.8130,1.9173,0.370789,-0.141296,0.001709,-0.917908,7.801,71.2,-1
1783957917.263,571,134363,0,0.00000000,0.00000000,0.00,0,0,-39.69,-0.087,1.0290,0.9800,2.2050,2.6232,0.370789,-0.141357,0.001648,-0.917908,7.801,75.0,-1
1783957917.452,572,134587,0,0.00000000,0.00000000,0.00,0,0,-39.53,0.014,0.2450,1.3230,0.5390,1.4494,0.370789,-0.141296,0.001526,-0.917908,7.801,71.2,-1
1783957917.701,573,134806,0,0.00000000,0.00000000,0.00,0,0,-39.61,-0.024,-0.7840,0.7350,2.1560,2.4090,0.370667,-0.141235,0.001587,-0.917969,7.800,72.5,-1
1783957917.886,574,135025,0,0.00000000,0.00000000,0.00,0,0,-39.60,-0.037,0.2450,0.6860,1.3230,1.5103,0.370667,-0.140747,0.001404,-0.918030,7.801,73.8,-1
1783957918.134,575,135236,0,0.00000000,0.00000000,0.00,0,0,-39.67,-0.088,0.3430,0.1960,1.0780,1.1481,0.370667,-0.140930,0.001526,-0.918030,7.802,72.5,-1
1783957918.322,576,135459,0,0.00000000,0.00000000,0.00,0,0,-39.57,-0.009,0.2450,0.5880,1.7640,1.8755,0.370544,-0.141235,0.001648,-0.917969,7.800,73.8,-1
1783957918.572,577,135677,0,0.00000000,0.00000000,0.00,0,0,-39.59,-0.033,0.5390,0.3430,1.7640,1.8761,0.370483,-0.141235,0.001526,-0.918030,7.800,76.2,-1
1783957918.761,578,135897,0,0.00000000,0.00000000,0.00,0,0,-39.59,-0.040,0.4900,0.2940,1.5680,1.6689,0.370544,-0.141174,0.001587,-0.918030,7.801,76.2,-1
1783957919.010,579,136140,0,0.00000000,0.00000000,0.00,0,0,-39.44,0.019,0.3430,0.1960,1.5680,1.6170,0.370422,-0.140503,0.001404,-0.918152,7.800,77.5,-1
1783957919.258,580,136360,0,0.00000000,0.00000000,0.00,0,0,-39.51,-0.019,-0.1470,0.3920,1.6660,1.7178,0.370361,-0.140747,0.001709,-0.918152,7.801,72.5,-1
1783957919.447,581,136582,0,0.00000000,0.00000000,0.00,0,0,-39.63,-0.082,0.6860,0.0490,2.1070,2.2164,0.370422,-0.140686,0.001648,-0.918152,7.801,75.0,-1
1783957919.696,582,136805,0,0.00000000,0.00000000,0.00,0,0,-39.61,-0.049,0.0980,0.6860,2.1560,2.2646,0.370483,-0.140747,0.001587,-0.918091,7.801,72.5,-1
1783957919.943,583,137024,0,0.00000000,0.00000000,0.00,0,0,-39.54,-0.004,0.5390,0.6860,1.4700,1.7094,0.370544,-0.140381,0.001465,-0.918152,7.801,75.0,-1
1783957920.129,584,137244,0,0.00000000,0.00000000,0.00,0,0,-39.53,-0.011,1.2250,0.2940,0.6860,1.4345,0.370422,-0.140869,0.001709,-0.918091,7.800,75.0,-1
1783957920.380,585,137467,0,0.00000000,0.00000000,0.00,0,0,-39.66,-0.087,-0.0490,1.0780,0.6860,1.2787,0.370300,-0.140503,0.001709,-0.918213,7.800,73.8,-1
1783957920.566,586,137693,0,0.00000000,0.00000000,0.00,0,0,-39.58,-0.025,0.4410,0.0490,1.4700,1.5355,0.370300,-0.140869,0.001770,-0.918152,7.801,66.2,-1
1783957920.815,587,137916,0,0.00000000,0.00000000,0.00,0,0,-39.58,-0.022,0.1960,0.7840,1.4700,1.6775,0.370300,-0.141235,0.001648,-0.918091,7.802,67.5,-1
1783957921.000,588,138137,0,0.00000000,0.00000000,0.00,0,0,-39.50,0.031,0.1960,0.4900,1.5190,1.6081,0.370239,-0.140991,0.001587,-0.918152,7.801,67.5,-1
1783957921.251,589,138367,0,0.00000000,0.00000000,0.00,0,0,-39.59,-0.051,0.3920,0.1470,1.3720,1.4345,0.370483,-0.141418,0.001465,-0.918030,7.801,75.0,-1
1783957921.500,590,138591,0,0.00000000,0.00000000,0.00,0,0,-39.52,0.003,0.2450,0.6860,1.5680,1.7289,0.370422,-0.141235,0.001526,-0.918091,7.800,75.0,-1
1783957921.687,591,138816,0,0.00000000,0.00000000,0.00,0,0,-39.59,-0.034,0.3920,0.4410,1.4700,1.5840,0.370483,-0.141174,0.001465,-0.918030,7.801,66.2,-1
1783957921.938,592,139034,0,0.00000000,0.00000000,0.00,0,0,-39.63,-0.065,0.0980,0.6860,1.0780,1.2815,0.370605,-0.141113,0.001465,-0.918030,7.801,75.0,-1
1783957922.126,593,139247,0,0.00000000,0.00000000,0.00,0,0,-39.49,0.020,0.3920,0.1470,1.8130,1.8607,0.370667,-0.141113,0.001465,-0.917969,7.802,75.0,-1
1783957922.376,594,139465,0,0.00000000,0.00000000,0.00,0,0,-39.61,-0.048,0.4900,0.3430,1.6170,1.7241,0.370728,-0.141052,0.001404,-0.917969,7.801,76.2,-1
1783957922.562,595,139685,0,0.00000000,0.00000000,0.00,0,0,-39.64,-0.059,0.6370,-0.1960,2.5480,2.6337,0.370728,-0.141052,0.001343,-0.917969,7.801,80.0,-1
1783957922.812,596,139905,0,0.00000000,0.00000000,0.00,0,0,-39.70,-0.103,0.1470,0.9310,1.5190,1.7877,0.370789,-0.141052,0.001343,-0.917908,7.800,80.0,-1
1783957923.061,597,140152,0,0.00000000,0.00000000,0.00,0,0,-39.60,-0.034,1.1270,0.2450,1.5190,1.9072,0.370728,-0.141235,0.001343,-0.917908,7.801,76.2,-1
1783957923.248,598,140381,0,0.00000000,0.00000000,0.00,0,0,-39.51,0.023,0.2940,0.5390,1.9110,2.0072,0.370728,-0.141235,0.001343,-0.917969,7.801,70.0,-1
1783957923.492,599,140602,0,0.00000000,0.00000000,0.00,0,0,-39.56,-0.000,1.0290,0.4410,1.9110,2.2148,0.370789,-0.141296,0.001282,-0.917908,7.801,77.5,-1
1783957923.738,600,140831,0,0.00000000,0.00000000,0.00,0,0,-39.61,-0.032,0.1470,-0.0980,1.9600,1.9679,0.370728,-0.141235,0.001343,-0.917908,7.801,75.0,-1
1783957923.925,601,141048,0,0.00000000,0.00000000,0.00,0,0,-39.68,-0.074,0.5390,0.3430,1.2740,1.4252,0.370728,-0.141296,0.001343,-0.917969,7.800,77.5,-1
1783957924.175,602,141264,0,0.00000000,0.00000000,0.00,0,0,-39.57,-0.016,1.1760,1.7640,0.7350,2.2439,0.370667,-0.141174,0.001282,-0.917969,7.800,71.2,-1
1783957924.360,603,141490,0,0.00000000,0.00000000,0.00,0,0,-39.63,-0.031,0.2450,0.3430,2.1070,2.1487,0.370544,-0.141296,0.001343,-0.918030,7.799,72.5,-1
1783957924.609,604,141713,0,0.00000000,0.00000000,0.00,0,0,-39.54,0.016,1.2250,0.4410,2.5970,2.9051,0.370422,-0.141174,0.001343,-0.918091,7.801,73.8,-1
1783957924.796,605,141935,0,0.00000000,0.00000000,0.00,0,0,-39.58,0.005,0.3920,0.3920,0.6370,0.8445,0.370361,-0.141113,0.001404,-0.918091,7.801,70.0,-1
1783957925.044,606,142153,0,0.00000000,0.00000000,0.00,0,0,-39.59,0.013,0.0980,1.1270,1.9600,2.2630,0.370422,-0.141113,0.001526,-0.918091,7.802,71.2,-1
1783957925.295,607,142375,0,0.00000000,0.00000000,0.00,0,0,-39.63,-0.002,0.8820,0.4900,2.1560,2.3804,0.370422,-0.141052,0.001526,-0.918091,7.802,70.0,-1
1783957925.482,608,142601,0,0.00000000,0.00000000,0.00,0,0,-39.64,-0.005,0.0980,0.8330,1.5190,1.7352,0.370361,-0.141235,0.001587,-0.918091,7.801,82.5,-1
1783957925.731,609,142824,0,0.00000000,0.00000000,0.00,0,0,-39.64,0.015,0.7350,1.0290,2.3030,2.6273,0.370361,-0.141174,0.001587,-0.918091,7.801,71.2,-1
1783957925.917,610,143043,0,0.00000000,0.00000000,0.00,0,0,-39.60,0.043,0.0000,0.9310,1.5190,1.7816,0.370239,-0.141174,0.001526,-0.918152,7.801,70.0,-1
1783957926.165,611,143262,0,0.00000000,0.00000000,0.00,0,0,-39.51,0.073,0.2450,0.5880,1.6170,1.7379,0.370300,-0.141235,0.001526,-0.918091,7.800,76.2,-1
1783957926.350,612,143487,0,0.00000000,0.00000000,0.00,0,0,-39.56,0.040,0.3430,0.3430,1.6170,1.6882,0.370300,-0.141235,0.001465,-0.918091,7.799,72.5,-1
1783957926.601,613,143709,0,0.00000000,0.00000000,0.00,0,0,-39.57,0.019,0.3920,0.4410,0.7350,0.9425,0.370361,-0.141296,0.001404,-0.918091,7.800,72.5,-1
1783957926.850,614,143930,0,0.00000000,0.00000000,0.00,0,0,-39.64,-0.030,0.4900,0.2940,2.0580,2.1359,0.370361,-0.141235,0.001404,-0.918091,7.801,72.5,-1
1783957927.035,615,144150,0,0.00000000,0.00000000,0.00,0,0,-39.64,-0.025,0.8330,0.4900,1.7640,2.0114,0.370300,-0.141113,0.001404,-0.918091,7.801,71.2,-1
1783957927.285,616,144375,0,0.00000000,0.00000000,0.00,0,0,-39.57,0.026,0.2940,1.5190,0.6860,1.6925,0.370361,-0.140991,0.001404,-0.918152,7.800,73.8,-1
1783957927.472,617,144599,0,0.00000000,0.00000000,0.00,0,0,-39.61,-0.003,0.7840,0.4900,1.7640,1.9916,0.370300,-0.140869,0.001404,-0.918152,7.800,80.0,-1
1783957927.723,618,144820,0,0.00000000,0.00000000,0.00,0,0,-39.51,0.066,1.0780,0.0000,1.4700,1.8229,0.370300,-0.140869,0.001465,-0.918152,7.800,72.5,-1
1783957927.909,619,145046,0,0.00000000,0.00000000,0.00,0,0,-39.53,0.037,0.4900,0.8330,0.9310,1.3419,0.370239,-0.140930,0.001465,-0.918213,7.804,73.8,-1
1783957928.158,620,145257,0,0.00000000,0.00000000,0.00,0,0,-39.61,-0.050,0.3430,1.0290,1.7150,2.0292,0.370239,-0.140930,0.001465,-0.918152,7.800,76.2,-1
1783957928.345,621,145483,0,0.00000000,0.00000000,0.00,0,0,-39.60,-0.034,0.6370,0.4900,0.9800,1.2674,0.370239,-0.140930,0.001465,-0.918152,7.801,73.8,-1
1783957928.592,622,145710,0,0.00000000,0.00000000,0.00,0,0,-39.62,-0.030,0.5390,0.1470,1.7150,1.8037,0.370239,-0.140930,0.001465,-0.918152,7.799,72.5,-1
1783957928.843,623,145931,0,0.00000000,0.00000000,0.00,0,0,-39.43,0.119,0.0980,0.6860,1.6170,1.7592,0.370239,-0.140930,0.001404,-0.918152,7.801,67.5,-1
1783957929.030,624,146143,0,0.00000000,0.00000000,0.00,0,0,-39.59,-0.010,0.4410,0.7350,0.5880,1.0394,0.370239,-0.140930,0.001343,-0.918213,7.801,73.8,-1
1783957929.280,625,146364,0,0.00000000,0.00000000,0.00,0,0,-39.54,0.013,0.1470,0.9310,1.2250,1.5456,0.370239,-0.140930,0.001404,-0.918152,7.801,73.8,-1
1783957929.467,626,146592,0,0.00000000,0.00000000,0.00,0,0,-39.50,0.036,0.1960,0.6860,1.5190,1.6782,0.370239,-0.140930,0.001404,-0.918152,7.801,73.8,-1
1783957929.715,627,146809,0,0.00000000,0.00000000,0.00,0,0,-39.43,0.077,0.1470,0.3920,1.5190,1.5756,0.370239,-0.140930,0.001465,-0.918152,7.801,76.2,-1
1783957929.901,628,147033,0,0.00000000,0.00000000,0.00,0,0,-39.66,-0.078,-0.0980,0.6860,1.9110,2.0328,0.370239,-0.140991,0.001465,-0.918152,7.802,68.8,-1
1783957930.150,629,147247,0,0.00000000,0.00000000,0.00,0,0,-39.57,-0.014,-0.2450,1.1270,1.5680,1.9465,0.370239,-0.141052,0.001404,-0.918152,7.801,72.5,-1
1783957930.340,630,147472,0,0.00000000,0.00000000,0.00,0,0,-39.53,0.022,-0.1960,0.7350,1.7640,1.9210,0.370239,-0.141113,0.001404,-0.918152,7.801,77.5,-1
1783957930.591,631,147696,0,0.00000000,0.00000000,0.00,0,0,-39.54,0.016,0.2450,0.3430,1.2740,1.3419,0.370239,-0.140747,0.001221,-0.918213,7.802,66.2,-1
1783957930.777,632,147913,0,0.00000000,0.00000000,0.00,0,0,-39.49,0.023,1.0290,0.4900,2.0580,2.3525,0.370117,-0.141052,0.001465,-0.918213,7.801,72.5,-1
1783957931.025,633,148159,0,0.00000000,0.00000000,0.00,0,0,-39.48,0.005,0.0000,0.8330,1.2740,1.5222,0.370117,-0.141113,0.001526,-0.918213,7.800,73.8,-1
1783957931.273,634,148386,0,0.00000000,0.00000000,0.00,0,0,-39.45,0.030,-0.1960,0.7350,1.1270,1.3597,0.370056,-0.141296,0.001648,-0.918213,7.800,70.0,-1
1783957931.522,635,148604,0,0.00000000,0.00000000,0.00,0,0,-39.50,0.011,0.2450,0.3430,1.4700,1.5292,0.370056,-0.141479,0.001648,-0.918152,7.799,85.0,-1
1783957931.709,636,148828,0,0.00000000,0.00000000,0.00,0,0,-39.61,-0.050,1.3720,0.3430,2.5480,2.9142,0.369995,-0.141479,0.001648,-0.918213,7.800,76.2,-1
1783957931.962,637,149049,0,0.00000000,0.00000000,0.00,0,0,-39.49,0.030,0.6370,0.5880,2.1560,2.3238,0.370056,-0.140991,0.001526,-0.918274,7.801,73.8,-1
1783957932.147,638,149268,0,0.00000000,0.00000000,0.00,0,0,-39.60,-0.041,0.9310,-0.1470,2.1070,2.3082,0.370056,-0.140991,0.001526,-0.918274,7.802,77.5,-1
1783957932.396,639,149486,0,0.00000000,0.00000000,0.00,0,0,-39.56,-0.016,-0.0980,0.4900,1.3230,1.4142,0.370056,-0.140747,0.001465,-0.918274,7.800,76.2,-1
1783957932.585,640,149710,0,0.00000000,0.00000000,0.00,0,0,-39.57,-0.020,0.4410,0.7350,1.1270,1.4159,0.369995,-0.141235,0.001587,-0.918213,7.800,72.5,-1
1783957932.832,641,149936,0,0.00000000,0.00000000,0.00,0,0,-39.52,0.002,0.1470,0.8330,1.5680,1.7816,0.370056,-0.141418,0.001648,-0.918152,7.800,73.8,-1
1783957933.018,642,150154,0,0.00000000,0.00000000,0.00,0,0,-39.46,0.027,0.6370,0.1960,1.1270,1.3093,0.370056,-0.141418,0.001648,-0.918213,7.801,75.0,-1
1783957933.268,643,150380,0,0.00000000,0.00000000,0.00,0,0,-39.43,0.040,0.1960,0.5390,1.7640,1.8549,0.369995,-0.141479,0.001648,-0.918213,7.800,75.0,-1
1783957933.516,644,150604,0,0.00000000,0.00000000,0.00,0,0,-39.44,0.025,0.3430,0.4900,1.3720,1.4967,0.369995,-0.140991,0.001404,-0.918274,7.801,76.2,-1
1783957933.704,645,150830,0,0.00000000,0.00000000,0.00,0,0,-39.43,0.027,0.2450,0.3920,2.0580,2.1093,0.369995,-0.140869,0.001404,-0.918274,7.799,75.0,-1
1783957933.953,646,151050,0,0.00000000,0.00000000,0.00,0,0,-39.62,-0.101,-0.5880,0.4410,1.1270,1.3455,0.369873,-0.141174,0.001526,-0.918335,7.799,77.5,-1
1783957934.139,647,151269,0,0.00000000,0.00000000,0.00,0,0,-39.50,-0.017,0.6370,0.2450,1.8620,1.9831,0.369812,-0.141174,0.001709,-0.918274,7.800,77.5,-1
1783957934.388,648,151490,0,0.00000000,0.00000000,0.00,0,0,-39.50,-0.016,1.4700,1.1270,1.8130,2.5919,0.369751,-0.141357,0.001709,-0.918335,7.801,78.8,-1
1783957934.577,649,151713,0,0.00000000,0.00000000,0.00,0,0,-39.39,0.046,0.5880,0.3430,1.9110,2.0286,0.369629,-0.141418,0.001709,-0.918335,7.801,71.2,-1
1783957934.826,650,151932,0,0.00000000,0.00000000,0.00,0,0,-39.39,0.058,-0.1960,0.4410,0.7350,0.8793,0.369629,-0.141418,0.001648,-0.918335,7.800,80.0,-1
1783957935.011,651,152146,0,0.00000000,0.00000000,0.00,0,0,-39.51,-0.022,0.2450,0.6370,1.2250,1.4023,0.369629,-0.141418,0.001587,-0.918335,7.802,67.5,-1
1783957935.261,652,152372,0,0.00000000,0.00000000,0.00,0,0,-39.48,0.000,0.5390,0.4900,1.3720,1.5534,0.369629,-0.141418,0.001648,-0.918335,7.801,81.2,-1
1783957935.510,653,152592,0,0.00000000,0.00000000,0.00,0,0,-39.40,0.039,0.0490,1.5190,0.7350,1.6882,0.369568,-0.141235,0.001587,-0.918396,7.801,80.0,-1
1783957935.695,654,152816,0,0.00000000,0.00000000,0.00,0,0,-39.39,0.064,0.7840,0.4410,1.3230,1.5998,0.369568,-0.141174,0.001526,-0.918396,7.804,71.2,-1
1783957935.945,655,153038,0,0.00000000,0.00000000,0.00,0,0,-39.44,0.033,0.6860,0.7840,2.2050,2.4387,0.369690,-0.140991,0.001343,-0.918396,7.804,70.0,-1
1783957936.132,656,153257,0,0.00000000,0.00000000,0.00,0,0,-39.44,0.029,0.0000,0.7840,1.5680,1.7531,0.369629,-0.141357,0.001526,-0.918396,7.801,68.8,-1
1783957936.381,657,153476,0,0.00000000,0.00000000,0.00,0,0,-39.46,0.014,0.2450,0.4900,2.1560,2.2245,0.369629,-0.141541,0.001526,-0.918335,7.801,71.2,-1
1783957936.571,658,153696,0,0.00000000,0.00000000,0.00,0,0,-39.39,0.058,-0.2450,1.4700,2.0090,2.5014,0.369629,-0.141541,0.001404,-0.918335,7.801,71.2,-1
1783957936.818,659,153916,0,0.00000000,0.00000000,0.00,0,0,-39.39,0.064,0.0980,1.1760,1.3230,1.7728,0.369629,-0.141418,0.001465,-0.918335,7.801,71.2,-1
1783957937.068,660,154160,0,0.00000000,0.00000000,0.00,0,0,-39.39,0.055,0.7840,0.3920,2.2050,2.3728,0.369629,-0.141174,0.001343,-0.918396,7.802,70.0,-1
1783957937.255,661,154386,0,0.00000000,0.00000000,0.00,0,0,-39.44,0.015,0.9800,0.6370,1.2250,1.6932,0.369690,-0.140869,0.001221,-0.918396,7.802,68.8,-1
1783957937.505,662,154610,0,0.00000000,0.00000000,0.00,0,0,-39.35,0.051,0.2940,0.9310,2.2540,2.4564,0.369629,-0.140991,0.001343,-0.918396,7.801,72.5,-1
1783957937.691,663,154830,0,0.00000000,0.00000000,0.00,0,0,-39.44,-0.041,0.4900,0.0490,1.2740,1.3659,0.369629,-0.141235,0.001404,-0.918396,7.802,68.8,-1
1783957937.940,664,155048,0,0.00000000,0.00000000,0.00,0,0,-39.34,0.019,0.3920,0.5390,1.8620,1.9777,0.369507,-0.141235,0.001465,-0.918396,7.801,72.5,-1
1783957938.127,665,155257,0,0.00000000,0.00000000,0.00,0,0,-39.41,-0.026,0.6860,0.1470,2.2050,2.3139,0.369507,-0.141235,0.001465,-0.918457,7.802,75.0,-1
1783957938.376,666,155482,0,0.00000000,0.00000000,0.00,0,0,-39.34,0.027,0.4410,0.6860,1.7150,1.8990,0.369507,-0.141113,0.001404,-0.918457,7.804,71.2,-1
1783957938.625,667,155706,0,0.00000000,0.00000000,0.00,0,0,-39.46,-0.028,0.2940,0.6860,1.3230,1.5190,0.369568,-0.140930,0.001343,-0.918457,7.802,68.8,-1
1783957938.812,668,155931,0,0.00000000,0.00000000,0.00,0,0,-39.34,0.039,0.7350,0.0980,1.8620,2.0042,0.369629,-0.140991,0.001404,-0.918396,7.802,71.2,-1
1783957939.060,669,156143,0,0.00000000,0.00000000,0.00,0,0,-39.34,0.049,0.3920,-0.1470,1.6170,1.6703,0.369629,-0.141235,0.001526,-0.918396,7.800,73.8,-1
1783957939.249,670,156361,0,0.00000000,0.00000000,0.00,0,0,-39.40,0.008,0.4900,0.3430,1.5190,1.6325,0.369690,-0.141235,0.001465,-0.918335,7.802,77.5,-1
1783957939.500,671,156582,0,0.00000000,0.00000000,0.00,0,0,-39.25,0.110,0.4410,0.1470,1.1270,1.2191,0.369629,-0.141174,0.001465,-0.918396,7.802,73.8,-1
1783957939.687,672,156802,0,0.00000000,0.00000000,0.00,0,0,-39.25,0.088,0.3430,0.1470,1.1760,1.2338,0.369629,-0.141113,0.001526,-0.918396,7.801,76.2,-1
1783957939.940,673,157024,0,0.00000000,0.00000000,0.00,0,0,-39.33,0.037,1.0780,1.0780,2.0580,2.5612,0.369629,-0.141113,0.001526,-0.918396,7.802,73.8,-1
1783957940.127,674,157239,0,0.00000000,0.00000000,0.00,0,0,-39.35,0.058,0.5390,0.3920,1.5190,1.6588,0.369568,-0.140625,0.001465,-0.918518,7.801,72.5,-1
1783957940.375,675,157467,0,0.00000000,0.00000000,0.00,0,0,-39.27,0.083,0.4410,0.5880,2.5970,2.6990,0.369385,-0.140930,0.001648,-0.918518,7.802,77.5,-1
1783957940.562,676,157693,0,0.00000000,0.00000000,0.00,0,0,-39.33,0.053,0.3430,0.5880,1.2250,1.4014,0.369446,-0.141174,0.001709,-0.918457,7.801,75.0,-1
1783957940.812,677,157918,0,0.00000000,0.00000000,0.00,0,0,-39.31,0.056,0.5390,0.0980,1.6170,1.7073,0.369385,-0.141174,0.001648,-0.918518,7.802,71.2,-1
1783957941.000,678,158126,0,0.00000000,0.00000000,0.00,0,0,-39.24,0.094,0.7350,0.1470,1.5680,1.7379,0.369324,-0.141296,0.001709,-0.918518,7.801,73.8,-1
1783957941.247,679,158328,0,0.00000000,0.00000000,0.00,0,0,-39.30,0.049,0.5390,-0.0980,1.0290,1.1657,0.369263,-0.141479,0.001648,-0.918457,7.802,78.8,-1
1783957941.434,680,158551,0,0.00000000,0.00000000,0.00,0,0,-39.31,0.031,0.3920,0.5390,1.1270,1.3093,0.369324,-0.141541,0.001587,-0.918457,7.801,77.5,-1
1783957941.682,681,158772,0,0.00000000,0.00000000,0.00,0,0,-39.26,0.052,-0.0490,1.0290,0.4410,1.1206,0.369263,-0.141541,0.001587,-0.918457,7.800,75.0,-1
1783957941.869,682,158998,0,0.00000000,0.00000000,0.00,0,0,-39.35,-0.019,0.6370,0.0490,1.4210,1.5580,0.369263,-0.141357,0.001587,-0.918518,7.801,72.5,-1
1783957942.117,683,159213,0,0.00000000,0.00000000,0.00,0,0,-39.12,0.129,0.5390,0.4900,1.9600,2.0910,0.369202,-0.141418,0.001526,-0.918518,7.802,75.0,-1
1783957942.305,684,159438,0,0.00000000,0.00000000,0.00,0,0,-39.27,0.044,0.5390,0.6370,1.5680,1.7762,0.369141,-0.141418,0.001587,-0.918518,7.801,73.8,-1
1783957942.555,685,159661,0,0.00000000,0.00000000,0.00,0,0,-39.26,0.050,0.2940,0.6370,0.8330,1.0891,0.369202,-0.141357,0.001587,-0.918518,7.802,72.5,-1
1783957942.804,686,159887,0,0.00000000,0.00000000,0.00,0,0,-39.19,0.090,0.2450,0.3920,1.7150,1.7762,0.369202,-0.141296,0.001709,-0.918518,7.801,82.5,-1
1783957943.052,687,160135,0,0.00000000,0.00000000,0.00,0,0,-39.21,0.037,-0.0490,0.4900,1.6660,1.7373,0.369202,-0.141235,0.001709,-0.918518,7.802,75.0,-1
1783957943.239,688,160359,0,0.00000000,0.00000000,0.00,0,0,-39.35,-0.038,0.0980,0.6370,1.3230,1.4716,0.369202,-0.141174,0.001648,-0.918579,7.801,73.8,-1
1783957943.487,689,160579,0,0.00000000,0.00000000,0.00,0,0,-39.24,0.022,0.7350,0.2940,1.0780,1.3374,0.369202,-0.141174,0.001648,-0.918579,7.800,73.8,-1
1783957943.674,690,160802,0,0.00000000,0.00000000,0.00,0,0,-39.23,0.013,0.3920,0.5880,1.3720,1.5433,0.369202,-0.141357,0.001709,-0.918518,7.801,73.8,-1
1783957943.922,691,161024,0,0.00000000,0.00000000,0.00,0,0,-39.22,0.039,0.5390,0.1960,1.6660,1.7620,0.369202,-0.141296,0.001648,-0.918518,7.801,70.0,-1
1783957944.109,692,161236,0,0.00000000,0.00000000,0.00,0,0,-39.13,0.100,0.5880,-0.3920,1.6660,1.8097,0.369263,-0.141296,0.001587,-0.918518,7.800,73.8,-1
1783957944.358,693,161463,0,0.00000000,0.00000000,0.00,0,0,-39.26,0.016,0.3920,0.3920,1.2250,1.3446,0.369324,-0.141357,0.001465,-0.918518,7.802,72.5,-1
1783957944.547,694,161682,0,0.00000000,0.00000000,0.00,0,0,-39.24,0.034,0.5880,0.3920,2.1070,2.2224,0.369324,-0.141357,0.001404,-0.918457,7.802,70.0,-1
1783957944.797,695,161905,0,0.00000000,0.00000000,0.00,0,0,-39.15,0.098,0.7350,0.8330,0.8330,1.3885,0.369202,-0.141418,0.001465,-0.918518,7.804,70.0,-1
1783957945.045,696,162146,0,0.00000000,0.00000000,0.00,0,0,-39.21,0.048,0.3430,0.7350,1.7640,1.9415,0.369141,-0.140991,0.001404,-0.918579,7.802,68.8,-1
1783957945.232,697,162363,0,0.00000000,0.00000000,0.00,0,0,-39.12,0.106,0.4900,0.5390,1.6660,1.8183,0.369080,-0.141052,0.001465,-0.918640,7.802,72.5,-1
1783957945.481,698,162583,0,0.00000000,0.00000000,0.00,0,0,-39.30,-0.032,0.3430,1.0290,2.3030,2.5456,0.369141,-0.141052,0.001587,-0.918640,7.801,73.8,-1
1783957945.668,699,162807,0,0.00000000,0.00000000,0.00,0,0,-39.15,0.058,1.4700,0.0490,3.1360,3.4638,0.369141,-0.140991,0.001587,-0.918640,7.801,72.5,-1
1783957945.933,700,163026,0,0.00000000,0.00000000,0.00,0,0,-39.11,0.070,0.9800,0.3430,2.1560,2.3930,0.369080,-0.140930,0.001648,-0.918640,7.801,71.2,-1
1783957946.120,701,163237,0,0.00000000,0.00000000,0.00,0,0,-39.15,0.055,0.4900,0.6860,1.0780,1.3685,0.369141,-0.140930,0.001709,-0.918640,7.801,72.5,-1
1783957946.372,702,163456,0,0.00000000,0.00000000,0.00,0,0,-39.15,0.047,0.6370,-0.0490,2.1070,2.2017,0.369141,-0.140930,0.001648,-0.918640,7.801,72.5,-1
1783957946.559,703,163678,0,0.00000000,0.00000000,0.00,0,0,-39.22,0.013,0.6370,0.3430,1.9110,2.0434,0.369202,-0.140930,0.001709,-0.918579,7.801,70.0,-1
1783957946.805,704,163902,0,0.00000000,0.00000000,0.00,0,0,-39.21,0.005,0.7840,0.3430,1.6170,1.8295,0.369202,-0.140930,0.001709,-0.918579,7.800,71.2,-1
1783957947.055,705,164152,0,0.00000000,0.00000000,0.00,0,0,-39.35,-0.085,0.4410,0.5880,1.9600,2.0933,0.369141,-0.140991,0.001648,-0.918579,7.802,72.5,-1
1783957949.108,706,166230,0,0.00000000,0.00000000,0.00,0,0,-0.08,0.000,0.3920,0.4900,1.7150,1.8262,0.369141,-0.141052,0.001648,-0.918579,7.801,72.5,-1
1783957949.359,707,166452,0,0.00000000,0.00000000,0.00,0,0,-0.02,0.056,0.3430,0.5390,1.5190,1.6479,0.369263,-0.140625,0.001404,-0.918640,7.800,76.2,-1
1783957949.545,708,166676,0,0.00000000,0.00000000,0.00,0,0,0.13,0.129,0.9310,0.0980,1.5190,1.7843,0.369202,-0.140625,0.001404,-0.918640,7.801,72.5,-1
1783957949.796,709,166893,0,0.00000000,0.00000000,0.00,0,0,0.19,0.133,0.2940,0.4900,1.6660,1.7613,0.369141,-0.140442,0.001404,-0.918701,7.802,73.8,-1
1783957950.044,710,167142,0,0.00000000,0.00000000,0.00,0,0,0.22,0.137,0.2940,0.6860,1.4210,1.6051,0.369263,-0.140503,0.001282,-0.918640,7.801,80.0,-1
1783957950.231,711,167367,0,0.00000000,0.00000000,0.00,0,0,0.21,0.133,-0.0490,0.3430,1.1270,1.1791,0.369202,-0.139954,0.001160,-0.918762,7.802,78.8,-1
1783957950.480,712,167589,0,0.00000000,0.00000000,0.00,0,0,0.13,0.054,0.4900,-0.1960,1.8130,1.8882,0.369141,-0.140381,0.001404,-0.918701,7.802,72.5,-1
1783957950.729,713,167813,0,0.00000000,0.00000000,0.00,0,0,0.14,0.049,0.0980,0.5390,1.4210,1.5229,0.369141,-0.140564,0.001587,-0.918701,7.801,73.8,-1
1783957950.916,714,168038,0,0.00000000,0.00000000,0.00,0,0,0.20,0.067,0.1470,0.7350,1.0780,1.3130,0.369263,-0.140625,0.001587,-0.918640,7.801,73.8,-1
1783957951.166,715,168252,0,0.00000000,0.00000000,0.00,0,0,0.17,0.034,0.8330,1.4700,1.4700,2.2396,0.369202,-0.140442,0.001587,-0.918640,7.802,77.5,-1
1783957951.353,716,168479,0,0.00000000,0.00000000,0.00,0,0,0.20,0.047,0.2450,0.6370,1.1270,1.3175,0.369202,-0.140137,0.001526,-0.918762,7.802,63.8,-1
1783957951.605,717,168699,0,0.00000000,0.00000000,0.00,0,0,0.17,0.048,0.2450,0.8820,1.6170,1.8581,0.369202,-0.140381,0.001526,-0.918701,7.801,72.5,-1
1783957951.792,718,168918,0,0.00000000,0.00000000,0.00,0,0,0.13,-0.002,0.6370,0.1470,2.5970,2.6780,0.369141,-0.140686,0.001648,-0.918640,7.801,72.5,-1
1783957952.041,719,169135,0,0.00000000,0.00000000,0.00,0,0,0.14,-0.007,0.4410,0.3430,1.7640,1.8504,0.369263,-0.140747,0.001587,-0.918579,7.801,75.0,-1
1783957952.227,720,169359,0,0.00000000,0.00000000,0.00,0,0,0.08,-0.044,-0.0980,1.4210,1.3230,1.9440,0.369141,-0.140625,0.001526,-0.918701,7.802,70.0,-1
1783957952.475,721,169579,0,0.00000000,0.00000000,0.00,0,0,0.16,-0.001,0.4900,0.6370,1.4700,1.6753,0.369080,-0.140564,0.001526,-0.918701,7.801,73.8,-1
1783957952.663,722,169799,0,0.00000000,0.00000000,0.00,0,0,0.23,0.057,0.4900,0.4900,1.0780,1.2815,0.369019,-0.140503,0.001465,-0.918762,7.801,75.0,-1
1783957952.913,723,170021,0,0.00000000,0.00000000,0.00,0,0,0.23,0.060,0.5390,0.0490,1.5680,1.6588,0.368835,-0.140381,0.001587,-0.918823,7.801,70.0,-1
1783957953.099,724,170236,0,0.00000000,0.00000000,0.00,0,0,0.15,-0.012,-0.3430,0.6860,2.3030,2.4274,0.368835,-0.140381,0.001587,-0.918823,7.802,73.8,-1
1783957953.349,725,170462,0,0.00000000,0.00000000,0.00,0,0,0.11,-0.017,0.1470,0.8820,1.1760,1.4773,0.368774,-0.140381,0.001465,-0.918884,7.800,72.5,-1
1783957953.598,726,170684,0,0.00000000,0.00000000,0.00,0,0,0.24,0.058,0.3430,0.5390,1.4700,1.6028,0.368835,-0.140381,0.001465,-0.918823,7.801,73.8,-1
1783957953.784,727,170912,0,0.00000000,0.00000000,0.00,0,0,0.21,0.021,0.0000,0.3920,1.4700,1.5214,0.368835,-0.140381,0.001526,-0.918823,7.800,81.2,-1
1783957954.033,728,171158,0,0.00000000,0.00000000,0.00,0,0,0.18,-0.009,0.1960,0.4900,1.1270,1.2444,0.368835,-0.140381,0.001526,-0.918823,7.802,71.2,-1
1783957954.282,729,171381,0,0.00000000,0.00000000,0.00,0,0,0.19,0.013,0.0980,0.3430,1.6660,1.7038,0.368835,-0.140320,0.001526,-0.918823,7.801,70.0,-1
1783957954.469,730,171604,0,0.00000000,0.00000000,0.00,0,0,0.26,0.064,0.2450,0.2940,1.6660,1.7094,0.368835,-0.140320,0.001526,-0.918823,7.801,78.8,-1
1783957954.713,731,171829,0,0.00000000,0.00000000,0.00,0,0,0.17,0.007,0.9800,0.0980,1.5680,1.8517,0.368835,-0.140259,0.001526,-0.918823,7.800,71.2,-1
1783957954.962,732,172056,0,0.00000000,0.00000000,0.00,0,0,0.17,0.018,1.4700,0.2940,1.8620,2.3905,0.368835,-0.140259,0.001648,-0.918823,7.801,72.5,-1
1783957955.147,733,172268,0,0.00000000,0.00000000,0.00,0,0,0.18,0.002,0.8330,0.7840,1.0290,1.5386,0.368835,-0.140198,0.001709,-0.918823,7.801,71.2,-1
1783957955.396,734,172491,0,0.00000000,0.00000000,0.00,0,0,0.30,0.075,0.9310,0.0490,2.3030,2.4845,0.368896,-0.140198,0.001770,-0.918823,7.801,70.0,-1
1783957955.583,735,172718,0,0.00000000,0.00000000,0.00,0,0,0.10,-0.042,0.1960,1.0290,1.6170,1.9266,0.368896,-0.140259,0.001831,-0.918823,7.801,68.8,-1
1783957955.835,736,172941,0,0.00000000,0.00000000,0.00,0,0,-0.04,-0.129,-0.0490,1.3720,0.5880,1.4935,0.368896,-0.140259,0.001770,-0.918823,7.802,70.0,-1
1783957956.022,737,173158,0,0.00000000,0.00000000,0.00,0,0,-0.05,-0.102,0.8330,-0.0980,1.1760,1.4445,0.368896,-0.140198,0.001770,-0.918823,7.801,71.2,-1
1783957956.275,738,173383,0,0.00000000,0.00000000,0.00,0,0,-0.07,-0.095,0.4900,1.2740,0.7840,1.5741,0.368774,-0.140137,0.001831,-0.918884,7.802,71.2,-1
1783957956.524,739,173609,0,0.00000000,0.00000000,0.00,0,0,-0.18,-0.152,-0.0980,0.1470,0.6370,0.6610,0.368774,-0.140015,0.001831,-0.918884,7.802,71.2,-1
1783957956.712,740,173830,0,0.00000000,0.00000000,0.00,0,0,-0.15,-0.101,0.5390,0.2450,0.9310,1.1033,0.368774,-0.140320,0.001892,-0.918884,7.801,72.5,-1
1783957956.961,741,174052,0,0.00000000,0.00000000,0.00,0,0,-0.22,-0.131,0.6370,0.2940,2.2540,2.3607,0.368835,-0.140137,0.001770,-0.918884,7.800,70.0,-1
1783957957.146,742,174271,0,0.00000000,0.00000000,0.00,0,0,-0.05,0.003,0.5390,0.6370,0.9800,1.2871,0.368835,-0.140015,0.001709,-0.918884,7.800,68.8,-1
1783957957.395,743,174489,0,0.00000000,0.00000000,0.00,0,0,-0.10,-0.010,0.2940,0.5390,2.1070,2.1946,0.368774,-0.140198,0.001831,-0.918884,7.801,73.8,-1
1783957957.582,744,174713,0,0.00000000,0.00000000,0.00,0,0,-0.11,-0.023,1.0780,0.4900,2.3030,2.5896,0.368958,-0.140442,0.001648,-0.918762,7.800,68.8,-1
1783957957.831,745,174930,0,0.00000000,0.00000000,0.00,0,0,-0.12,-0.026,0.5390,0.2450,1.3720,1.4943,0.368896,-0.140381,0.001587,-0.918823,7.799,73.8,-1
1783957958.017,746,175148,0,0.00000000,0.00000000,0.00,0,0,-0.11,0.000,-0.1470,0.4900,1.0780,1.1932,0.368896,-0.140442,0.001526,-0.918823,7.800,73.8,-1
1783957958.266,747,175373,0,0.00000000,0.00000000,0.00,0,0,-0.17,-0.045,0.4410,0.7350,1.7150,1.9173,0.368896,-0.140442,0.001648,-0.918823,7.800,68.8,-1
1783957958.515,748,175594,0,0.00000000,0.00000000,0.00,0,0,-0.19,-0.035,-0.2450,1.5190,0.5880,1.6472,0.368896,-0.140442,0.001648,-0.918762,7.801,68.8,-1
1783957958.702,749,175812,0,0.00000000,0.00000000,0.00,0,0,-0.06,0.041,0.4900,1.2740,1.3720,1.9353,0.368896,-0.140564,0.001648,-0.918762,7.801,73.8,-1
1783957958.951,750,176036,0,0.00000000,0.00000000,0.00,0,0,-0.01,0.067,1.7640,0.7350,3.2340,3.7564,0.368835,-0.140503,0.001648,-0.918823,7.802,70.0,-1
1783957959.138,751,176247,0,0.00000000,0.00000000,0.00,0,0,-0.02,0.041,0.4900,0.0490,1.6660,1.7373,0.368774,-0.140503,0.001831,-0.918823,7.801,76.2,-1
1783957959.385,752,176463,0,0.00000000,0.00000000,0.00,0,0,-0.14,-0.032,0.0980,0.0980,1.0290,1.0383,0.368713,-0.140381,0.001831,-0.918884,7.801,72.5,-1
1783957959.572,753,176687,0,0.00000000,0.00000000,0.00,0,0,-0.15,-0.045,0.7350,1.1270,1.0290,1.6939,0.368774,-0.140442,0.001709,-0.918884,7.804,73.8,-1
1783957959.821,754,176908,0,0.00000000,0.00000000,0.00,0,0,-0.19,-0.051,0.7350,0.6370,1.6660,1.9291,0.368713,-0.140625,0.001587,-0.918884,7.801,72.5,-1
1783957960.072,755,177150,0,0.00000000,0.00000000,0.00,0,0,-0.17,0.000,0.9310,0.2940,1.5680,1.8471,0.368713,-0.140503,0.001526,-0.918884,7.800,75.0,-1
1783957960.260,756,177379,0,0.00000000,0.00000000,0.00,0,0,-0.25,-0.049,0.3920,0.5390,1.7150,1.8399,0.368713,-0.140564,0.001526,-0.918823,7.801,66.2,-1
1783957960.508,757,177605,0,0.00000000,0.00000000,0.00,0,0,-0.05,0.073,0.3920,0.5390,1.6660,1.7944,0.368713,-0.140625,0.001587,-0.918823,7.800,80.0,-1
1783957960.694,758,177829,0,0.00000000,0.00000000,0.00,0,0,-0.10,0.034,0.1960,1.0290,0.6370,1.2260,0.368652,-0.140564,0.001709,-0.918884,7.801,72.5,-1
1783957960.944,759,178047,0,0.00000000,0.00000000,0.00,0,0,-0.09,0.041,0.5390,0.2450,0.7350,0.9438,0.368652,-0.140503,0.001648,-0.918884,7.801,77.5,-1
1783957961.132,760,178257,0,0.00000000,0.00000000,0.00,0,0,-0.18,-0.015,0.2450,1.2740,0.8820,1.5688,0.368713,-0.140503,0.001587,-0.918884,7.802,70.0,-1
1783957961.384,761,178477,0,0.00000000,0.00000000,0.00,0,0,-0.18,-0.013,1.4210,1.0290,2.0090,2.6672,0.368835,-0.140381,0.001709,-0.918823,7.801,68.8,-1
1783957961.571,762,178702,0,0.00000000,0.00000000,0.00,0,0,-0.03,0.078,0.3430,0.7840,1.1270,1.4151,0.368835,-0.140320,0.001831,-0.918823,7.801,68.8,-1
1783957961.824,763,178919,0,0.00000000,0.00000000,0.00,0,0,-0.05,0.049,-0.0490,0.5390,1.0290,1.1627,0.368835,-0.140381,0.001831,-0.918823,7.801,67.5,-1
1783957962.013,764,179139,0,0.00000000,0.00000000,0.00,0,0,0.01,0.065,0.2940,0.1960,0.8820,0.9501,0.368835,-0.140442,0.001831,-0.918823,7.800,67.5,-1
1783957962.263,765,179363,0,0.00000000,0.00000000,0.00,0,0,-0.13,-0.024,0.0000,0.1470,1.8130,1.8189,0.368835,-0.140442,0.001770,-0.918823,7.800,72.5,-1
1783957962.450,766,179580,0,0.00000000,0.00000000,0.00,0,0,-0.11,-0.028,0.4410,0.3430,1.6660,1.7572,0.368835,-0.140442,0.001709,-0.918823,7.800,72.5,-1
1783957962.701,767,179800,0,0.00000000,0.00000000,0.00,0,0,-0.07,0.011,0.2450,0.3920,0.8820,0.9958,0.368835,-0.140442,0.001709,-0.918823,7.800,70.0,-1
1783957962.887,768,180024,0,0.00000000,0.00000000,0.00,0,0,-0.12,-0.019,0.0980,0.4900,1.5190,1.5991,0.368835,-0.140442,0.001648,-0.918823,7.801,71.2,-1
1783957963.137,769,180236,0,0.00000000,0.00000000,0.00,0,0,0.02,0.055,0.0000,0.9310,0.9310,1.3166,0.368835,-0.140442,0.001709,-0.918823,7.799,73.8,-1
1783957963.322,770,180458,0,0.00000000,0.00000000,0.00,0,0,0.01,0.044,0.4410,0.3920,2.2050,2.2826,0.368835,-0.140442,0.001770,-0.918823,7.801,75.0,-1
1783957963.573,771,180685,0,0.00000000,0.00000000,0.00,0,0,0.00,0.032,0.3920,0.9310,2.2540,2.4700,0.368835,-0.140442,0.001770,-0.918823,7.800,72.5,-1
1783957963.822,772,180905,0,0.00000000,0.00000000,0.00,0,0,0.03,0.047,0.6860,0.2450,2.2540,2.3688,0.368835,-0.140442,0.001770,-0.918823,7.801,76.2,-1
1783957964.068,773,181148,0,0.00000000,0.00000000,0.00,0,0,-0.04,0.007,0.6860,0.1960,1.5680,1.7227,0.368896,-0.140503,0.001709,-0.918823,7.801,72.5,-1
1783957964.254,774,181373,0,0.00000000,0.00000000,0.00,0,0,0.00,0.017,0.0980,0.2940,1.5680,1.5983,0.368713,-0.139893,0.001648,-0.918945,7.801,80.0,-1
1783957964.502,775,181597,0,0.00000000,0.00000000,0.00,0,0,-0.06,-0.031,0.5390,0.3920,2.1560,2.2567,0.368713,-0.140503,0.001953,-0.918884,7.801,77.5,-1
1783957964.689,776,181819,0,0.00000000,0.00000000,0.00,0,0,0.14,0.112,0.9800,0.4410,2.5970,2.8106,0.368652,-0.140381,0.001953,-0.918884,7.801,72.5,-1
1783957964.939,777,182044,0,0.00000000,0.00000000,0.00,0,0,0.09,0.059,0.4410,0.3430,0.4900,0.7431,0.368652,-0.140442,0.001831,-0.918884,7.800,73.8,-1
1783957965.125,778,182259,0,0.00000000,0.00000000,0.00,0,0,0.09,0.039,0.4410,0.4900,1.0290,1.2221,0.368713,-0.140503,0.001892,-0.918884,7.799,73.8,-1
1783957965.375,779,182480,0,0.00000000,0.00000000,0.00,0,0,-0.07,-0.058,-0.3430,0.9310,0.7350,1.2348,0.368713,-0.140625,0.001892,-0.918823,7.801,72.5,-1
1783957965.627,780,182707,0,0.00000000,0.00000000,0.00,0,0,0.09,0.042,0.2450,0.4410,1.0290,1.1460,0.368835,-0.140564,0.001770,-0.918823,7.800,75.0,-1
1783957965.814,781,182930,0,0.00000000,0.00000000,0.00,0,0,0.12,0.063,0.6860,0.0980,2.2050,2.3113,0.368774,-0.140625,0.001709,-0.918823,7.801,72.5,-1
1783957966.062,782,183145,0,0.00000000,0.00000000,0.00,0,0,-0.03,-0.050,0.1960,0.3920,1.5190,1.5810,0.368774,-0.140564,0.001831,-0.918823,7.801,75.0,-1
1783957966.248,783,183370,0,0.00000000,0.00000000,0.00,0,0,-0.02,-0.036,0.4900,0.3430,1.6660,1.7701,0.368774,-0.140503,0.001831,-0.918823,7.801,70.0,-1
1783957966.500,784,183590,0,0.00000000,0.00000000,0.00,0,0,-0.05,-0.053,0.5390,0.3430,2.2050,2.2957,0.368774,-0.140503,0.001892,-0.918823,7.800,73.8,-1
1783957966.691,785,183808,0,0.00000000,0.00000000,0.00,0,0,0.01,-0.012,0.4900,0.6860,2.0090,2.1787,0.368774,-0.140503,0.001892,-0.918823,7.800,75.0,-1
1783957966.944,786,184032,0,0.00000000,0.00000000,0.00,0,0,-0.02,-0.021,0.2940,0.1960,1.3720,1.4168,0.368774,-0.140564,0.001892,-0.918823,7.800,72.5,-1
1783957967.130,787,184243,0,0.00000000,0.00000000,0.00,0,0,0.03,0.013,0.2940,0.5880,0.8820,1.1000,0.368774,-0.140503,0.001892,-0.918823,7.800,76.2,-1
1783957967.378,788,184460,0,0.00000000,0.00000000,0.00,0,0,-0.03,-0.017,0.3430,0.6860,1.4210,1.6148,0.368713,-0.140442,0.001831,-0.918884,7.801,73.8,-1
1783957967.564,789,184682,0,0.00000000,0.00000000,0.00,0,0,-0.05,-0.043,0.7350,0.1470,2.3520,2.4685,0.368713,-0.140442,0.001892,-0.918884,7.800,73.8,-1
1783957967.812,790,184904,0,0.00000000,0.00000000,0.00,0,0,0.02,0.006,0.8820,0.4900,2.2050,2.4249,0.368713,-0.140442,0.001953,-0.918884,7.801,71.2,-1
1783957968.061,791,185150,0,0.00000000,0.00000000,0.00,0,0,0.03,-0.006,0.1960,0.4410,1.9110,1.9710,0.368652,-0.140503,0.002014,-0.918884,7.801,68.8,-1
1783957968.250,792,185372,0,0.00000000,0.00000000,0.00,0,0,-0.06,-0.061,0.8820,0.5390,2.3520,2.5691,0.368591,-0.140564,0.001953,-0.918884,7.802,76.2,-1
1783957968.500,793,185594,0,0.00000000,0.00000000,0.00,0,0,0.09,0.028,0.1470,0.1470,1.0780,1.0979,0.368652,-0.140625,0.002014,-0.918884,7.802,72.5,-1
1783957968.686,794,185818,0,0.00000000,0.00000000,0.00,0,0,0.03,-0.026,0.2940,0.4900,1.0780,1.2201,0.368591,-0.140686,0.001953,-0.918884,7.801,71.2,-1
1783957968.937,795,186046,0,0.00000000,0.00000000,0.00,0,0,0.09,0.017,0.0490,0.5880,1.0780,1.2289,0.368652,-0.140930,0.001831,-0.918823,7.804,75.0,-1
1783957969.124,796,186260,0,0.00000000,0.00000000,0.00,0,0,0.11,0.039,-0.0490,0.8330,1.0780,1.3632,0.368591,-0.140686,0.001770,-0.918884,7.801,72.5,-1
1783957969.373,797,186485,0,0.00000000,0.00000000,0.00,0,0,0.19,0.085,0.1960,0.3920,1.5680,1.6281,0.368591,-0.140686,0.001831,-0.918884,7.804,75.0,-1
1783957969.620,798,186708,0,0.00000000,0.00000000,0.00,0,0,0.16,0.058,1.0290,-0.3920,1.6170,1.9563,0.368591,-0.140564,0.001709,-0.918884,7.800,75.0,-1
1783957969.805,799,186934,0,0.00000000,0.00000000,0.00,0,0,0.09,0.014,-0.1470,1.0290,0.9310,1.3954,0.368652,-0.140503,0.001648,-0.918884,7.801,76.2,-1
1783957970.057,800,187153,0,0.00000000,0.00000000,0.00,0,0,0.07,0.024,0.5390,0.4900,1.8130,1.9539,0.368591,-0.140381,0.001648,-0.918945,7.802,78.8,-1
1783957970.245,801,187375,0,0.00000000,0.00000000,0.00,0,0,0.06,0.021,0.0490,0.6860,0.5390,0.8738,0.368652,-0.140259,0.001770,-0.918945,7.802,68.8,-1
1783957970.494,802,187600,0,0.00000000,0.00000000,0.00,0,0,0.25,0.136,0.0000,0.2940,1.4700,1.4991,0.368713,-0.140625,0.001831,-0.918823,7.804,78.8,-1
1783957970.743,803,187822,0,0.00000000,0.00000000,0.00,0,0,0.15,0.066,1.1760,-0.4410,1.4700,1.9335,0.368774,-0.140747,0.001831,-0.918823,7.804,70.0,-1
1783957970.930,804,188048,0,0.00000000,0.00000000,0.00,0,0,0.15,0.054,-0.1960,0.2940,1.6170,1.6552,0.368774,-0.140625,0.001831,-0.918823,7.801,78.8,-1
1783957971.177,805,188261,0,0.00000000,0.00000000,0.00,0,0,0.13,0.015,-0.0490,1.0780,0.1470,1.0891,0.368774,-0.140564,0.001831,-0.918823,7.802,72.5,-1
1783957971.364,806,188478,0,0.00000000,0.00000000,0.00,0,0,0.16,0.025,0.2940,0.7350,1.0780,1.3374,0.368774,-0.140625,0.001770,-0.918823,7.801,77.5,-1
1783957971.615,807,188701,0,0.00000000,0.00000000,0.00,0,0,0.24,0.075,0.3430,0.3920,1.8130,1.8863,0.368652,-0.140198,0.001831,-0.918945,7.801,73.8,-1
1783957971.802,808,188920,0,0.00000000,0.00000000,0.00,0,0,0.24,0.062,0.2450,0.2940,1.7640,1.8050,0.368774,-0.140503,0.001770,-0.918823,7.802,72.5,-1
1783957972.053,809,189135,0,0.00000000,0.00000000,0.00,0,0,0.11,-0.019,0.3920,0.1960,1.7640,1.8176,0.368774,-0.140381,0.001709,-0.918884,7.801,72.5,-1
1783957972.240,810,189358,0,0.00000000,0.00000000,0.00,0,0,0.09,-0.021,0.6370,0.3430,1.4210,1.5946,0.368652,-0.140381,0.001709,-0.918884,7.802,76.2,-1
1783957972.493,811,189583,0,0.00000000,0.00000000,0.00,0,0,0.18,0.041,0.3920,0.2940,1.4700,1.5495,0.368652,-0.140320,0.001831,-0.918884,7.801,72.5,-1
1783957972.680,812,189802,0,0.00000000,0.00000000,0.00,0,0,0.16,0.026,0.5880,0.2450,0.9800,1.1688,0.368652,-0.140442,0.001892,-0.918884,7.804,76.2,-1
1783957972.932,813,190023,0,0.00000000,0.00000000,0.00,0,0,0.09,-0.003,0.6370,0.2450,1.5680,1.7101,0.368591,-0.140259,0.001892,-0.918945,7.802,73.8,-1
1783957973.118,814,190240,0,0.00000000,0.00000000,0.00,0,0,0.09,0.004,-0.2940,0.0980,0.0980,0.3250,0.368591,-0.140320,0.001831,-0.918945,7.801,73.8,-1
1783957973.367,815,190466,0,0.00000000,0.00000000,0.00,0,0,0.14,0.034,0.3920,0.6370,0.9310,1.1942,0.368530,-0.140564,0.001892,-0.918945,7.802,71.2,-1
1783957973.555,816,190693,0,0.00000000,0.00000000,0.00,0,0,0.04,-0.021,0.5880,0.4410,0.9800,1.2250,0.368530,-0.140503,0.001953,-0.918945,7.802,78.8,-1
1783957973.806,817,190916,0,0.00000000,0.00000000,0.00,0,0,0.22,0.069,0.1470,0.5880,1.4700,1.5900,0.368530,-0.140442,0.001831,-0.918945,7.805,72.5,-1
1783957973.995,818,191133,0,0.00000000,0.00000000,0.00,0,0,0.17,0.028,0.0490,0.3430,1.6170,1.6537,0.368469,-0.140503,0.001831,-0.918945,7.801,77.5,-1
1783957974.274,819,191357,0,0.00000000,0.00000000,0.00,0,0,0.12,-0.006,0.3920,1.4210,0.8820,1.7178,0.368469,-0.140625,0.001770,-0.918945,7.804,71.2,-1
1783957974.461,820,191578,0,0.00000000,0.00000000,0.00,0,0,0.12,-0.025,0.4410,0.5880,1.2740,1.4708,0.368469,-0.140686,0.001709,-0.918945,7.802,72.5,-1
1783957974.665,821,191799,0,0.00000000,0.00000000,0.00,0,0,0.23,0.054,0.8330,-0.1470,2.3520,2.4995,0.368469,-0.140625,0.001709,-0.918945,7.800,73.8,-1
1783957974.898,822,192016,0,0.00000000,0.00000000,0.00,0,0,0.18,0.033,0.3430,1.0780,1.1760,1.6318,0.368469,-0.140625,0.001709,-0.918945,7.801,73.8,-1
1783957975.145,823,192231,0,0.00000000,0.00000000,0.00,0,0,0.12,-0.028,0.6860,0.6370,1.5190,1.7843,0.368469,-0.140686,0.001648,-0.918945,7.802,77.5,-1
1783957975.332,824,192457,0,0.00000000,0.00000000,0.00,0,0,0.13,-0.004,0.5390,0.5880,1.7150,1.8914,0.368469,-0.140625,0.001709,-0.918945,7.801,76.2,-1
1783957975.586,825,192680,0,0.00000000,0.00000000,0.00,0,0,0.16,0.014,0.6860,0.0980,2.2050,2.3113,0.368469,-0.140625,0.001770,-0.918945,7.804,73.8,-1
1783957975.821,826,192899,0,0.00000000,0.00000000,0.00,0,0,0.28,0.092,0.6860,0.4900,1.0290,1.3302,0.368469,-0.140625,0.001831,-0.918945,7.804,75.0,-1
1783957976.008,827,193143,0,0.00000000,0.00000000,0.00,0,0,0.16,0.024,0.9310,-0.4410,1.1270,1.5269,0.368469,-0.140564,0.001770,-0.918945,7.802,76.2,-1
1783957976.258,828,193371,0,0.00000000,0.00000000,0.00,0,0,0.12,-0.156,0.1960,0.4410,1.6170,1.6875,0.344116,-0.135132,-0.002380,-0.929138,7.802,76.2,-1
1783957976.506,829,193590,0,0.00000000,0.00000000,0.00,0,0,0.11,-0.071,0.3430,0.4410,1.4210,1.5269,0.345886,-0.137573,0.002869,-0.928162,7.802,71.2,-1
1783957976.694,830,193814,0,0.00000000,0.00000000,0.00,0,0,0.06,-0.093,0.3920,0.8330,1.1270,1.4552,0.345703,-0.137146,0.002869,-0.928284,7.801,68.8,-1
1783957976.944,831,194035,0,0.00000000,0.00000000,0.00,0,0,-0.04,-0.227,-0.0980,1.0290,0.7840,1.2973,0.346069,-0.137207,0.002686,-0.928101,7.802,68.8,-1
1783957977.130,832,194254,0,0.00000000,0.00000000,0.00,0,0,0.06,-0.145,0.1470,0.4410,2.2540,2.3014,0.345886,-0.136719,0.002930,-0.928284,7.801,70.0,-1
1783957977.378,833,194477,0,0.00000000,0.00000000,0.00,0,0,0.17,-0.055,0.0000,0.6860,0.9310,1.1564,0.345886,-0.137146,0.002930,-0.928223,7.802,70.0,-1
1783957977.565,834,194702,0,0.00000000,0.00000000,0.00,0,0,0.01,-0.151,0.7840,0.6370,1.3230,1.6646,0.345886,-0.137634,0.002930,-0.928101,7.801,73.8,-1
1783957977.813,835,194924,0,0.00000000,0.00000000,0.00,0,0,-0.14,-0.216,0.4900,0.7350,1.8620,2.0609,0.341492,-0.138062,0.005371,-0.929688,7.802,71.2,-1
1783957978.000,836,195136,0,0.00000000,0.00000000,0.00,0,0,-0.07,-0.263,0.2940,0.2450,1.4700,1.5190,0.299500,-0.151245,0.006042,-0.942017,7.802,71.2,-1
1783957978.251,837,195354,0,0.00000000,0.00000000,0.00,0,0,0.02,-0.278,0.6860,0.2940,2.0580,2.1892,0.275452,-0.155090,-0.002380,-0.948730,7.804,71.2,-1
1783957978.435,838,195574,0,0.00000000,0.00000000,0.00,0,0,-0.07,-0.360,0.5390,0.4410,1.3720,1.5386,0.259094,-0.151672,-0.008423,-0.953857,7.802,72.5,-1
1783957978.680,839,195794,0,0.00000000,0.00000000,0.00,0,0,-0.04,-0.316,-0.2450,0.5880,0.8330,1.0486,0.280396,-0.152283,-0.008667,-0.947693,7.804,73.8,-1
1783957978.930,840,196016,0,0.00000000,0.00000000,0.00,0,0,-0.08,-0.293,0.2940,0.5390,1.5190,1.6384,0.280579,-0.151428,-0.008972,-0.947754,7.801,68.8,-1
1783957979.116,841,196228,0,0.00000000,0.00000000,0.00,0,0,-0.12,-0.300,0.6860,-0.0490,1.8620,1.9850,0.281738,-0.150757,-0.008118,-0.947571,7.802,72.5,-1
1783957979.365,842,196449,0,0.00000000,0.00000000,0.00,0,0,-0.01,-0.205,0.2450,0.7350,1.3720,1.5756,0.282654,-0.151978,-0.007690,-0.947083,7.802,70.0,-1
1783957979.553,843,196670,0,0.00000000,0.00000000,0.00,0,0,0.03,-0.157,0.8820,0.3920,2.0580,2.2731,0.282654,-0.152893,-0.007629,-0.946899,7.802,72.5,-1
1783957979.803,844,196887,0,0.00000000,0.00000000,0.00,0,0,-0.05,-0.170,0.8820,0.4900,2.3030,2.5143,0.283752,-0.153931,-0.007690,-0.946411,7.801,75.0,-1
1783957980.053,845,197132,0,0.00000000,0.00000000,0.00,0,0,-0.07,-0.143,0.4410,0.1470,1.4700,1.5417,0.284058,-0.154724,-0.007629,-0.946228,7.800,76.2,-1
1783957980.238,846,197358,0,0.00000000,0.00000000,0.00,0,0,-0.10,-0.125,0.9800,0.7350,1.4210,1.8761,0.284180,-0.155151,-0.007629,-0.946106,7.801,71.2,-1
1783957980.487,847,197581,0,0.00000000,0.00000000,0.00,0,0,-0.16,-0.148,0.6860,0.3920,1.3230,1.5410,0.284180,-0.155212,-0.007629,-0.946106,7.801,67.5,-1
1783957980.671,848,197801,0,0.00000000,0.00000000,0.00,0,0,-0.10,-0.089,0.3430,0.4410,1.7150,1.8037,0.284241,-0.155579,-0.007568,-0.946045,7.802,72.5,-1
1783957980.917,849,198025,0,0.00000000,0.00000000,0.00,0,0,-0.12,-0.100,0.1470,0.2940,1.7150,1.7462,0.284302,-0.155762,-0.007629,-0.945984,7.802,71.2,-1
1783957981.163,850,198243,0,0.00000000,0.00000000,0.00,0,0,-0.14,-0.103,-0.5390,0.8330,1.3230,1.6537,0.284363,-0.155884,-0.007568,-0.945923,7.802,68.8,-1
1783957981.349,851,198461,0,0.00000000,0.00000000,0.00,0,0,-0.22,-0.123,0.1470,0.7350,1.0290,1.2731,0.284363,-0.156006,-0.007568,-0.945923,7.802,71.2,-1
1783957981.594,852,198683,0,0.00000000,0.00000000,0.00,0,0,-0.07,-0.032,0.5880,0.8330,1.7640,2.0375,0.284363,-0.156067,-0.007507,-0.945923,7.801,67.5,-1
1783957981.780,853,198902,0,0.00000000,0.00000000,0.00,0,0,-0.08,-0.045,0.7350,0.8820,1.1760,1.6435,0.284302,-0.156006,-0.007446,-0.945923,7.801,70.0,-1
1783957982.030,854,199143,0,0.00000000,0.00000000,0.00,0,0,-0.13,-0.058,0.0980,0.3920,1.3230,1.3833,0.284363,-0.155884,-0.007507,-0.945923,7.801,68.8,-1
1783957982.279,855,199363,0,0.00000000,0.00000000,0.00,0,0,-0.18,-0.090,0.5880,0.4410,1.7150,1.8659,0.284302,-0.155701,-0.007507,-0.945984,7.801,71.2,-1
1783957982.469,856,199584,0,0.00000000,0.00000000,0.00,0,0,-0.17,-0.077,0.5880,0.0490,2.6950,2.7588,0.285583,-0.156067,-0.007507,-0.945557,7.801,67.5,-1
1783957982.717,857,199807,0,0.00000000,0.00000000,0.00,0,0,-0.13,-0.039,0.2940,0.0000,2.0580,2.0789,0.285400,-0.154968,-0.007263,-0.945801,7.801,72.5,-1
1783957982.903,858,200033,0,0.00000000,0.00000000,0.00,0,0,-0.10,-0.014,0.5880,0.7350,1.8620,2.0864,0.285645,-0.155273,-0.007385,-0.945618,7.802,76.2,-1
1783957983.153,859,200247,0,0.00000000,0.00000000,0.00,0,0,-0.17,-0.058,0.5390,0.5880,1.5190,1.7157,0.285645,-0.155090,-0.007202,-0.945679,7.804,70.0,-1
1783957983.339,860,200464,0,0.00000000,0.00000000,0.00,0,0,-0.27,-0.104,0.7350,0.3430,0.9800,1.2721,0.285583,-0.155151,-0.007263,-0.945679,7.802,72.5,-1
1783957983.587,861,200685,0,0.00000000,0.00000000,0.00,0,0,-0.14,-0.019,0.0000,1.5190,0.6370,1.6472,0.286377,-0.155884,-0.007263,-0.945312,7.802,72.5,-1
1783957983.776,862,200905,0,0.00000000,0.00000000,0.00,0,0,-0.07,0.024,-0.0490,0.9800,1.0780,1.4577,0.286377,-0.154663,-0.006653,-0.945557,7.802,72.5,-1
1783957984.023,863,201153,0,0.00000000,0.00000000,0.00,0,0,-0.17,-0.016,0.8820,0.4900,1.0780,1.4765,0.286316,-0.154541,-0.006592,-0.945557,7.801,72.5,-1
1783957984.274,864,201377,0,0.00000000,0.00000000,0.00,0,0,-0.12,0.023,0.9800,0.4410,0.1960,1.0924,0.286255,-0.154541,-0.006653,-0.945557,7.801,71.2,-1
1783957984.462,865,201598,0,0.00000000,0.00000000,0.00,0,0,-0.14,0.011,1.1760,0.5880,2.8420,3.1314,0.286438,-0.154602,-0.006714,-0.945557,7.801,71.2,-1
1783957984.711,866,201817,0,0.00000000,0.00000000,0.00,0,0,-0.06,0.071,0.8330,0.6860,2.4500,2.6771,0.286377,-0.154541,-0.006592,-0.945557,7.802,73.8,-1
1783957984.962,867,202041,0,0.00000000,0.00000000,0.00,0,0,-0.16,0.106,0.3430,0.3430,1.3230,1.4091,0.267334,-0.143616,0.000977,-0.952820,7.801,72.5,-1
1783957985.146,868,202257,0,0.00000000,0.00000000,0.00,0,0,-0.20,0.010,0.9800,0.1960,2.1070,2.3320,0.269958,-0.148743,-0.001404,-0.951294,7.802,76.2,-1
1783957985.397,869,202481,0,0.00000000,0.00000000,0.00,0,0,-0.20,-0.000,0.0980,0.3430,1.1270,1.1821,0.269897,-0.148132,-0.001404,-0.951416,7.802,71.2,-1
1783957985.582,870,202706,0,0.00000000,0.00000000,0.00,0,0,-0.20,-0.029,-0.0980,0.5390,0.7840,0.9564,0.269897,-0.148315,-0.001404,-0.951416,7.802,75.0,-1
1783957985.833,871,202931,0,0.00000000,0.00000000,0.00,0,0,-0.13,0.007,0.7840,0.2450,1.4700,1.6839,0.269897,-0.148438,-0.001404,-0.951355,7.801,75.0,-1
1783957986.020,872,203142,0,0.00000000,0.00000000,0.00,0,0,-0.18,-0.046,0.2940,0.5390,1.4700,1.5931,0.269897,-0.148621,-0.001282,-0.951355,7.801,75.0,-1
1783957986.270,873,203360,0,0.00000000,0.00000000,0.00,0,0,-0.13,-0.011,0.2940,0.4900,1.8620,1.9477,0.269897,-0.148743,-0.001221,-0.951355,7.800,80.0,-1
1783957986.457,874,203584,0,0.00000000,0.00000000,0.00,0,0,-0.15,-0.024,0.5880,0.2940,2.2050,2.3009,0.269836,-0.148682,-0.001282,-0.951355,7.801,76.2,-1
1783957986.705,875,203805,0,0.00000000,0.00000000,0.00,0,0,-0.16,-0.032,-0.6860,1.3720,0.2940,1.5619,0.269836,-0.148743,-0.001343,-0.951355,7.800,73.8,-1
1783957986.890,876,204022,0,0.00000000,0.00000000,0.00,0,0,-0.27,-0.093,0.6370,0.1470,1.9110,2.0197,0.269897,-0.148743,-0.001343,-0.951294,7.800,80.0,-1
1783957987.139,877,204235,0,0.00000000,0.00000000,0.00,0,0,-0.30,-0.082,0.5390,0.2940,1.7150,1.8216,0.269836,-0.148865,-0.001282,-0.951294,7.800,66.2,-1
1783957987.325,878,204454,0,0.00000000,0.00000000,0.00,0,0,-0.40,-0.146,0.3920,0.4410,0.7840,0.9812,0.269836,-0.148926,-0.001282,-0.951294,7.801,72.5,-1
1783957987.574,879,204675,0,0.00000000,0.00000000,0.00,0,0,-0.36,-0.093,0.1960,0.4410,1.2740,1.3623,0.269836,-0.148926,-0.001282,-0.951294,7.802,72.5,-1
1783957987.761,880,204897,0,0.00000000,0.00000000,0.00,0,0,-0.43,-0.197,-0.0490,1.0290,1.7150,2.0006,0.271912,-0.150208,-0.001892,-0.950500,7.801,71.2,-1
1783957988.008,881,205136,0,0.00000000,0.00000000,0.00,0,0,-0.32,-0.093,0.5880,0.8330,1.0290,1.4486,0.272217,-0.150391,-0.002014,-0.950378,7.801,67.5,-1
1783957988.255,882,205360,0,0.00000000,0.00000000,0.00,0,0,-0.42,-0.148,-0.4410,0.0490,3.0870,3.1187,0.272217,-0.150208,-0.002075,-0.950439,7.801,72.5,-1
1783957988.504,883,205585,0,0.00000000,0.00000000,0.00,0,0,-0.41,-0.127,0.0000,0.6370,0.2450,0.6825,0.272217,-0.150391,-0.002136,-0.950378,7.800,77.5,-1
1783957988.691,884,205808,0,0.00000000,0.00000000,0.00,0,0,-0.32,-0.048,1.1270,0.2940,3.0380,3.2536,0.272339,-0.150452,-0.002136,-0.950378,7.801,72.5,-1
1783957988.939,885,206031,0,0.00000000,0.00000000,0.00,0,0,-0.22,0.026,0.9800,0.5390,2.4010,2.6487,0.272400,-0.150146,-0.001831,-0.950378,7.801,73.8,-1
1783957989.125,886,206248,0,0.00000000,0.00000000,0.00,0,0,-0.26,-0.025,0.0980,0.6370,2.1070,2.2034,0.272400,-0.150146,-0.001831,-0.950378,7.801,70.0,-1
1783957989.375,887,206468,0,0.00000000,0.00000000,0.00,0,0,-0.12,0.052,0.7350,0.3430,1.5680,1.7654,0.272827,-0.150696,-0.002014,-0.950195,7.801,75.0,-1
1783957989.563,888,206687,0,0.00000000,0.00000000,0.00,0,0,-0.16,0.021,0.5390,0.1470,2.3030,2.3698,0.272827,-0.150024,-0.001770,-0.950317,7.800,80.0,-1
1783957989.814,889,206911,0,0.00000000,0.00000000,0.00,0,0,-0.03,0.102,0.5390,0.2940,1.9110,2.0072,0.272766,-0.150146,-0.001770,-0.950317,7.800,73.8,-1
1783957990.001,890,207133,0,0.00000000,0.00000000,0.00,0,0,-0.12,0.037,0.4900,0.3920,1.0780,1.2473,0.272644,-0.150208,-0.001709,-0.950317,7.801,75.0,-1
1783957990.252,891,207354,0,0.00000000,0.00000000,0.00,0,0,-0.15,0.012,0.0980,1.1270,1.3230,1.7407,0.273254,-0.150696,-0.001953,-0.950073,7.802,71.2,-1
1783957990.501,892,207583,0,0.00000000,0.00000000,0.00,0,0,-0.06,0.066,0.8330,0.5390,2.3520,2.5527,0.273254,-0.150757,-0.001953,-0.950073,7.801,73.8,-1
1783957990.687,893,207803,0,0.00000000,0.00000000,0.00,0,0,-0.06,0.040,0.4900,0.1470,1.6660,1.7428,0.273315,-0.150757,-0.001892,-0.950012,7.801,70.0,-1
1783957990.891,894,208023,0,0.00000000,0.00000000,0.00,0,0,-0.12,-0.008,0.8330,0.2940,1.8620,2.0609,0.273315,-0.150696,-0.001953,-0.950073,7.799,72.5,-1
1783957991.140,895,208233,0,0.00000000,0.00000000,0.00,0,0,-0.12,-0.017,0.5390,0.4900,1.3230,1.5103,0.273254,-0.150391,-0.001709,-0.950134,7.802,72.5,-1
1783957991.329,896,208452,0,0.00000000,0.00000000,0.00,0,0,-0.04,0.042,0.6370,-0.0490,1.5190,1.6479,0.273254,-0.150330,-0.001892,-0.950134,7.801,76.2,-1
1783957991.581,897,208675,0,0.00000000,0.00000000,0.00,0,0,-0.05,0.039,-0.0980,0.5880,1.2250,1.3623,0.273254,-0.150269,-0.001831,-0.950134,7.802,75.0,-1
1783957991.767,898,208895,0,0.00000000,0.00000000,0.00,0,0,-0.26,-0.099,0.3920,0.5880,1.1270,1.3302,0.273254,-0.150085,-0.001770,-0.950134,7.801,75.0,-1
1783957992.017,899,209135,0,0.00000000,0.00000000,0.00,0,0,-0.08,0.021,0.4900,0.3430,1.4700,1.5870,0.273743,-0.150513,-0.002014,-0.949951,7.801,73.8,-1
1783957992.267,900,209354,0,0.00000000,0.00000000,0.00,0,0,-0.06,0.034,0.3920,0.9800,0.9310,1.4074,0.273804,-0.150574,-0.002136,-0.949890,7.801,75.0,-1
1783957992.455,901,209578,0,0.00000000,0.00000000,0.00,0,0,-0.12,0.003,1.0780,0.3920,2.2540,2.5291,0.273865,-0.150574,-0.002197,-0.949890,7.801,75.0,-1
1783957992.705,902,209803,0,0.00000000,0.00000000,0.00,0,0,-0.06,0.035,0.9310,0.0000,2.0090,2.2142,0.273987,-0.150574,-0.002197,-0.949890,7.802,76.2,-1
1783957992.891,903,210024,0,0.00000000,0.00000000,0.00,0,0,-0.06,0.030,0.0490,0.6860,1.3230,1.4911,0.273987,-0.150574,-0.002258,-0.949890,7.801,75.0,-1
1783957993.140,904,210239,0,0.00000000,0.00000000,0.00,0,0,-0.08,0.003,-0.0490,0.5880,1.3230,1.4486,0.273926,-0.150330,-0.002075,-0.949890,7.802,75.0,-1
1783957993.328,905,210457,0,0.00000000,0.00000000,0.00,0,0,-0.05,0.011,0.5390,0.3430,1.3720,1.5135,0.274597,-0.150574,-0.002319,-0.949707,7.801,70.0,-1
1783957993.578,906,210679,0,0.00000000,0.00000000,0.00,0,0,-0.03,0.042,0.8820,1.0290,2.1070,2.5052,0.274475,-0.150452,-0.002258,-0.949768,7.801,73.8,-1
1783957993.764,907,210898,0,0.00000000,0.00000000,0.00,0,0,-0.08,-0.006,1.1270,0.5880,2.5480,2.8475,0.274719,-0.151001,-0.002319,-0.949585,7.800,73.8,-1
1783957994.015,908,211141,0,0.00000000,0.00000000,0.00,0,0,-0.12,-0.053,0.7350,0.1960,2.4500,2.5654,0.274719,-0.151062,-0.002197,-0.949585,7.801,76.2,-1
1783957994.264,909,211362,0,0.00000000,0.00000000,0.00,0,0,0.03,0.041,-0.1960,0.4410,1.0780,1.1811,0.274719,-0.151001,-0.002258,-0.949585,7.800,76.2,-1
1783957994.454,910,211584,0,0.00000000,0.00000000,0.00,0,0,-0.08,-0.055,0.4410,0.6860,1.8620,2.0328,0.274658,-0.150940,-0.002319,-0.949585,7.801,75.0,-1
1783957994.703,911,211812,0,0.00000000,0.00000000,0.00,0,0,-0.16,-0.102,0.3920,0.6370,0.9800,1.2328,0.274719,-0.150818,-0.002258,-0.949646,7.801,72.5,-1
1783957994.952,912,212031,0,0.00000000,0.00000000,0.00,0,0,0.09,0.057,-0.0980,1.0290,1.9600,2.2159,0.274597,-0.150696,-0.002197,-0.949646,7.802,73.8,-1
1783957995.137,913,212251,0,0.00000000,0.00000000,0.00,0,0,0.05,0.038,0.2450,0.5880,1.3720,1.5127,0.274536,-0.150757,-0.002197,-0.949707,7.800,75.0,-1
1783957995.389,914,212473,0,0.00000000,0.00000000,0.00,0,0,-0.05,-0.027,0.3430,0.6370,1.7150,1.8614,0.274658,-0.151001,-0.002319,-0.949585,7.801,70.0,-1
1783957995.577,915,212695,0,0.00000000,0.00000000,0.00,0,0,-0.05,-0.039,0.3920,0.4900,1.6170,1.7345,0.274658,-0.151001,-0.002258,-0.949646,7.801,70.0,-1
1783957995.822,916,212918,0,0.00000000,0.00000000,0.00,0,0,0.01,-0.019,0.6860,0.4410,2.0580,2.2137,0.274658,-0.151001,-0.002258,-0.949585,7.800,75.0,-1
1783957996.010,917,213137,0,0.00000000,0.00000000,0.00,0,0,0.07,0.014,0.0490,0.3920,1.5680,1.6170,0.274658,-0.150940,-0.002319,-0.949646,7.800,71.2,-1
1783957996.258,918,213364,0,0.00000000,0.00000000,0.00,0,0,0.00,-0.028,1.0290,0.6860,1.8130,2.1946,0.274658,-0.150879,-0.002258,-0.949646,7.799,68.8,-1
1783957996.509,919,213587,0,0.00000000,0.00000000,0.00,0,0,0.10,0.042,0.3430,1.0780,1.8130,2.1370,0.274597,-0.150940,-0.002258,-0.949646,7.800,73.8,-1
1783957996.695,920,213811,0,0.00000000,0.00000000,0.00,0,0,0.01,-0.009,0.5880,-0.2940,2.6950,2.7740,0.274597,-0.150879,-0.002319,-0.949646,7.801,73.8,-1
1783957996.944,921,214032,0,0.00000000,0.00000000,0.00,0,0,0.09,0.040,0.6860,0.2450,1.7150,1.8633,0.274597,-0.150818,-0.002258,-0.949646,7.801,75.0,-1
1783957997.131,922,214247,0,0.00000000,0.00000000,0.00,0,0,0.10,0.032,0.4900,0.4410,1.8130,1.9291,0.274597,-0.150696,-0.002319,-0.949646,7.800,73.8,-1
1783957997.379,923,214474,0,0.00000000,0.00000000,0.00,0,0,-0.03,-0.047,0.6860,0.2940,1.6170,1.7809,0.274658,-0.150574,-0.002380,-0.949707,7.802,72.5,-1
1783957997.565,924,214698,0,0.00000000,0.00000000,0.00,0,0,0.00,-0.017,0.6370,0.0000,1.0290,1.2102,0.274719,-0.150818,-0.002563,-0.949646,7.801,72.5,-1
1783957997.814,925,214918,0,0.00000000,0.00000000,0.00,0,0,0.08,0.052,0.4900,0.3920,1.0780,1.2473,0.274719,-0.150757,-0.002563,-0.949646,7.801,70.0,-1
1783957998.000,926,215138,0,0.00000000,0.00000000,0.00,0,0,0.09,0.059,0.3920,0.3920,1.2740,1.3894,0.274719,-0.150757,-0.002502,-0.949646,7.801,71.2,-1
1783957998.250,927,215357,0,0.00000000,0.00000000,0.00,0,0,0.05,0.029,0.1960,0.6370,2.4010,2.4918,0.274902,-0.150574,-0.002441,-0.949585,7.799,73.8,-1
1783957998.498,928,215577,0,0.00000000,0.00000000,0.00,0,0,0.02,0.007,0.3430,0.4410,0.9800,1.1281,0.274841,-0.150513,-0.002441,-0.949646,7.801,75.0,-1
1783957998.687,929,215799,0,0.00000000,0.00000000,0.00,0,0,0.08,0.025,0.7840,0.5880,1.2250,1.5688,0.274841,-0.150513,-0.002380,-0.949646,7.800,72.5,-1
1783957998.938,930,216020,0,0.00000000,0.00000000,0.00,0,0,0.12,0.050,0.3430,0.5390,2.0090,2.1081,0.274841,-0.150513,-0.002319,-0.949646,7.801,75.0,-1
1783957999.127,931,216228,0,0.00000000,0.00000000,0.00,0,0,0.04,0.003,0.7350,0.1470,2.5970,2.7030,0.274780,-0.150513,-0.002380,-0.949646,7.800,80.0,-1
1783957999.313,932,216451,0,0.00000000,0.00000000,0.00,0,0,0.13,0.046,0.4900,0.3920,1.2740,1.4202,0.274780,-0.150513,-0.002380,-0.949646,7.801,71.2,-1
1783957999.564,933,216669,0,0.00000000,0.00000000,0.00,0,0,0.11,0.037,0.3920,0.2940,2.1070,2.1632,0.274780,-0.150574,-0.002380,-0.949646,7.800,75.0,-1
1783957999.814,934,216895,0,0.00000000,0.00000000,0.00,0,0,0.22,0.089,0.3920,0.1960,0.9800,1.0735,0.274780,-0.150574,-0.002380,-0.949646,7.802,70.0,-1
1783958000.063,935,217141,0,0.00000000,0.00000000,0.00,0,0,0.08,-0.007,0.5880,0.7350,1.2740,1.5840,0.274780,-0.150574,-0.002441,-0.949646,7.801,71.2,-1
1783958000.250,936,217363,0,0.00000000,0.00000000,0.00,0,0,0.12,0.017,0.4900,0.8820,0.8820,1.3401,0.274780,-0.150574,-0.002441,-0.949646,7.800,67.5,-1
1783958000.500,937,217581,0,0.00000000,0.00000000,0.00,0,0,0.03,-0.042,0.2940,-0.4900,1.0290,1.1770,0.274780,-0.150574,-0.002441,-0.949646,7.801,72.5,-1
1783958000.687,938,217801,0,0.00000000,0.00000000,0.00,0,0,0.19,0.057,0.4900,0.6370,1.6170,1.8057,0.274780,-0.150635,-0.002441,-0.949646,7.800,73.8,-1
1783958000.938,939,218026,0,0.00000000,0.00000000,0.00,0,0,0.23,0.063,0.8820,1.0290,1.2740,1.8601,0.274780,-0.150757,-0.002502,-0.949585,7.801,67.5,-1
1783958001.125,940,218243,0,0.00000000,0.00000000,0.00,0,0,0.13,0.007,0.2940,0.4410,1.6660,1.7483,0.274841,-0.150757,-0.002502,-0.949585,7.801,71.2,-1
1783958001.373,941,218466,0,0.00000000,0.00000000,0.00,0,0,0.25,0.096,0.6860,0.4900,2.3030,2.4524,0.274841,-0.150757,-0.002380,-0.949585,7.801,68.8,-1
1783958001.559,942,218683,0,0.00000000,0.00000000,0.00,0,0,0.10,-0.008,1.3720,0.0490,1.5680,2.0841,0.274902,-0.150818,-0.002380,-0.949585,7.802,70.0,-1
1783958001.808,943,218907,0,0.00000000,0.00000000,0.00,0,0,0.13,0.022,0.5390,0.4410,0.8330,1.0858,0.274963,-0.150818,-0.002441,-0.949585,7.802,70.0,-1
1783958002.056,944,219152,0,0.00000000,0.00000000,0.00,0,0,0.22,0.055,0.1470,0.3920,1.7640,1.8130,0.274963,-0.150391,-0.002441,-0.949585,7.802,73.8,-1
1783958002.291,945,219378,0,0.00000000,0.00000000,0.00,0,0,0.20,0.018,0.7840,0.6370,2.4500,2.6501,0.275574,-0.150879,-0.002441,-0.949402,7.802,71.2,-1
1783958002.480,946,219597,0,0.00000000,0.00000000,0.00,0,0,0.13,-0.018,1.4210,0.8820,2.2050,2.7675,0.275574,-0.150696,-0.002502,-0.949402,7.802,76.2,-1
1783958002.729,947,219817,0,0.00000000,0.00000000,0.00,0,0,0.15,-0.023,0.3430,0.6370,1.1270,1.3392,0.275635,-0.150696,-0.002563,-0.949402,7.801,75.0,-1
1783958002.915,948,220038,0,0.00000000,0.00000000,0.00,0,0,0.25,0.047,-0.6860,0.7840,0.1470,1.0521,0.275635,-0.150635,-0.002625,-0.949402,7.802,75.0,-1
1783958003.166,949,220253,0,0.00000000,0.00000000,0.00,0,0,0.12,-0.032,-0.0490,0.5880,0.8820,1.0612,0.275696,-0.150635,-0.002625,-0.949341,7.802,71.2,-1
1783958003.354,950,220477,0,0.00000000,0.00000000,0.00,0,0,0.21,0.024,1.5190,0.0000,2.4010,2.8412,0.275635,-0.150635,-0.002625,-0.949402,7.801,80.0,-1
1783958003.602,951,220702,0,0.00000000,0.00000000,0.00,0,0,0.25,0.040,0.3430,-0.0980,1.2250,1.2759,0.275696,-0.150696,-0.002686,-0.949341,7.801,71.2,-1
1783958003.850,952,220927,0,0.00000000,0.00000000,0.00,0,0,0.28,0.057,0.2940,0.4410,1.3230,1.4252,0.275696,-0.150635,-0.002625,-0.949341,7.802,73.8,-1
1783958004.038,953,221145,0,0.00000000,0.00000000,0.00,0,0,0.24,0.020,1.0290,1.3230,1.8620,2.5052,0.275696,-0.150635,-0.002625,-0.949341,7.801,72.5,-1
1783958004.288,954,221372,0,0.00000000,0.00000000,0.00,0,0,0.19,-0.019,0.7840,0.3430,1.8130,2.0048,0.275696,-0.150635,-0.002625,-0.949341,7.802,80.0,-1
1783958004.477,955,221600,0,0.00000000,0.00000000,0.00,0,0,0.11,-0.051,0.0490,0.3920,1.1270,1.1942,0.275696,-0.150635,-0.002563,-0.949341,7.800,83.8,-1
1783958004.723,956,221823,0,0.00000000,0.00000000,0.00,0,0,0.15,-0.025,0.8330,0.5880,1.5680,1.8704,0.275696,-0.150635,-0.002563,-0.949341,7.804,71.2,-1
1783958004.912,957,222042,0,0.00000000,0.00000000,0.00,0,0,0.10,-0.056,0.2450,0.4900,0.8330,0.9970,0.275696,-0.150635,-0.002563,-0.949341,7.802,72.5,-1
1783958005.163,958,222256,0,0.00000000,0.00000000,0.00,0,0,0.17,-0.029,-0.1470,0.8330,0.9800,1.2946,0.275696,-0.150635,-0.002625,-0.949341,7.802,76.2,-1
1783958005.348,959,222481,0,0.00000000,0.00000000,0.00,0,0,0.25,0.017,0.4900,0.2940,0.6860,0.8928,0.275696,-0.150635,-0.002625,-0.949341,7.802,78.8,-1
1783958005.593,960,222707,0,0.00000000,0.00000000,0.00,0,0,0.22,0.002,0.3430,0.3430,2.4500,2.4976,0.276001,-0.150818,-0.002686,-0.949280,7.802,70.0,-1
1783958005.843,961,222934,0,0.00000000,0.00000000,0.00,0,0,0.25,0.020,0.1960,0.4900,1.6170,1.7009,0.275940,-0.150757,-0.002625,-0.949280,7.802,71.2,-1
1783958006.029,962,223145,0,0.00000000,0.00000000,0.00,0,0,0.23,0.005,0.2450,0.2450,1.1760,1.2260,0.275940,-0.150818,-0.002686,-0.949280,7.802,73.8,-1
1783958006.278,963,223366,0,0.00000000,0.00000000,0.00,0,0,0.24,0.003,0.3920,0.1470,1.0290,1.1109,0.275818,-0.150818,-0.002625,-0.949280,7.801,75.0,-1
1783958006.465,964,223584,0,0.00000000,0.00000000,0.00,0,0,0.16,-0.029,0.5390,0.7350,1.3230,1.6066,0.275879,-0.150818,-0.002747,-0.949280,7.802,77.5,-1
1783958006.714,965,223808,0,0.00000000,0.00000000,0.00,0,0,0.26,0.027,-0.1470,1.1270,0.6860,1.3275,0.275879,-0.150940,-0.002869,-0.949280,7.804,72.5,-1
1783958006.901,966,224026,0,0.00000000,0.00000000,0.00,0,0,0.32,0.063,0.4410,0.9800,1.2740,1.6667,0.275879,-0.151001,-0.002808,-0.949280,7.802,75.0,-1
1783958007.150,967,224239,0,0.00000000,0.00000000,0.00,0,0,0.28,0.046,0.6860,0.3430,1.3230,1.5292,0.275879,-0.151001,-0.002808,-0.949219,7.802,75.0,-1
1783958007.337,968,224456,0,0.00000000,0.00000000,0.00,0,0,0.23,0.007,0.3920,0.1960,1.4700,1.5339,0.275940,-0.151123,-0.002686,-0.949219,7.802,76.2,-1
1783958007.586,969,224679,0,0.00000000,0.00000000,0.00,0,0,0.28,0.042,0.4410,0.3920,1.4700,1.5840,0.275879,-0.151123,-0.002686,-0.949219,7.801,71.2,-1
1783958007.774,970,224897,0,0.00000000,0.00000000,0.00,0,0,0.38,0.113,0.5880,0.0980,1.5190,1.6318,0.275940,-0.151062,-0.002686,-0.949219,7.802,72.5,-1
1783958008.022,971,225141,0,0.00000000,0.00000000,0.00,0,0,0.31,0.057,0.4900,0.4410,1.2250,1.3911,0.275940,-0.151001,-0.002686,-0.949219,7.801,71.2,-1
1783958008.272,972,225358,0,0.00000000,0.00000000,0.00,0,0,0.29,0.046,0.2450,0.5880,1.0780,1.2521,0.276001,-0.151062,-0.002686,-0.949219,7.804,73.8,-1
1783958008.459,973,225577,0,0.00000000,0.00000000,0.00,0,0,0.23,-0.002,0.3920,0.1960,0.7840,0.8982,0.276001,-0.151001,-0.002563,-0.949219,7.801,76.2,-1
1783958008.706,974,225801,0,0.00000000,0.00000000,0.00,0,0,0.29,0.034,0.1470,0.5880,0.9800,1.1523,0.276001,-0.151062,-0.002625,-0.949219,7.801,77.5,-1
1783958008.893,975,226025,0,0.00000000,0.00000000,0.00,0,0,0.27,0.005,-0.4900,0.8820,0.6860,1.2201,0.275940,-0.151062,-0.002686,-0.949219,7.802,72.5,-1
1783958009.142,976,226243,0,0.00000000,0.00000000,0.00,0,0,0.35,0.056,0.4900,0.6370,1.1270,1.3842,0.275940,-0.150879,-0.002563,-0.949280,7.802,70.0,-1
1783958009.330,977,226460,0,0.00000000,0.00000000,0.00,0,0,0.35,0.054,0.5390,0.2940,2.2050,2.2889,0.276245,-0.151367,-0.002686,-0.949097,7.804,73.8,-1
1783958009.579,978,226684,0,0.00000000,0.00000000,0.00,0,0,0.33,0.030,0.5390,-0.2450,2.2050,2.2831,0.276184,-0.151245,-0.002747,-0.949097,7.804,70.0,-1
1783958009.766,979,226901,0,0.00000000,0.00000000,0.00,0,0,0.32,0.036,0.4410,0.5390,1.7150,1.8510,0.276184,-0.151184,-0.002686,-0.949158,7.802,73.8,-1
1783958010.015,980,227148,0,0.00000000,0.00000000,0.00,0,0,0.32,0.029,0.0980,1.5190,1.4700,2.1161,0.276184,-0.151123,-0.002563,-0.949158,7.800,72.5,-1
1783958010.264,981,227374,0,0.00000000,0.00000000,0.00,0,0,0.39,0.088,0.3920,0.0490,1.6170,1.6646,0.276062,-0.151062,-0.002563,-0.949158,7.801,68.8,-1
1783958010.513,982,227594,0,0.00000000,0.00000000,0.00,0,0,0.34,0.037,0.4900,0.0490,1.7640,1.8314,0.276001,-0.151123,-0.002625,-0.949219,7.801,70.0,-1
1783958010.701,983,227815,0,0.00000000,0.00000000,0.00,0,0,0.37,0.051,0.5390,0.0980,2.4500,2.5105,0.276062,-0.151184,-0.002502,-0.949158,7.804,70.0,-1
1783958010.949,984,228032,0,0.00000000,0.00000000,0.00,0,0,0.40,0.057,-0.5390,1.2250,1.1270,1.7496,0.276062,-0.151123,-0.002441,-0.949219,7.800,77.5,-1
1783958011.136,985,228244,0,0.00000000,0.00000000,0.00,0,0,0.42,0.068,0.2450,0.3920,1.5680,1.6347,0.275879,-0.151001,-0.002319,-0.949280,7.800,70.0,-1
1783958011.383,986,228467,0,0.00000000,0.00000000,0.00,0,0,0.37,0.018,0.4410,0.3430,1.5190,1.6185,0.276001,-0.151062,-0.002258,-0.949219,7.802,73.8,-1
1783958011.572,987,228686,0,0.00000000,0.00000000,0.00,0,0,0.41,0.030,0.1470,0.9800,1.3720,1.6925,0.275940,-0.151062,-0.002258,-0.949219,7.802,73.8,-1
1783958011.823,988,228907,0,0.00000000,0.00000000,0.00,0,0,0.35,-0.020,0.5390,0.4900,1.0780,1.3010,0.275940,-0.150940,-0.002319,-0.949280,7.802,75.0,-1
1783958012.071,989,229152,0,0.00000000,0.00000000,0.00,0,0,0.37,-0.020,0.5390,0.7350,1.8130,2.0292,0.275940,-0.150818,-0.002441,-0.949280,7.800,68.8,-1
1783958012.259,990,229376,0,0.00000000,0.00000000,0.00,0,0,0.35,-0.042,0.5880,0.3430,1.7640,1.8908,0.275879,-0.150879,-0.002625,-0.949280,7.800,80.0,-1
1783958012.506,991,229600,0,0.00000000,0.00000000,0.00,0,0,0.28,-0.069,0.1960,0.5390,1.5190,1.6237,0.275940,-0.150879,-0.002625,-0.949280,7.801,78.8,-1
1783958012.692,992,229817,0,0.00000000,0.00000000,0.00,0,0,0.44,-0.002,0.3430,0.2450,1.4210,1.4822,0.275940,-0.150818,-0.002747,-0.949280,7.801,78.8,-1
1783958012.939,993,230037,0,0.00000000,0.00000000,0.00,0,0,0.36,-0.128,0.3430,0.4900,0.9310,1.1066,0.263184,-0.148376,-0.000366,-0.953247,7.801,80.0,-1
1783958013.125,994,230248,0,0.00000000,0.00000000,0.00,0,0,0.48,-0.058,0.6860,0.3430,1.3720,1.5718,0.263184,-0.148376,-0.000305,-0.953247,7.800,73.8,-1
1783958013.376,995,230472,0,0.00000000,0.00000000,0.00,0,0,0.41,-0.102,0.2940,0.8330,1.7640,1.9728,0.263306,-0.148254,-0.000244,-0.953247,7.804,68.8,-1
1783958013.626,996,230703,0,0.00000000,0.00000000,0.00,0,0,0.46,-0.076,0.5390,0.3430,1.5190,1.6479,0.263306,-0.148315,-0.000183,-0.953247,7.802,72.5,-1
1783958013.815,997,230930,0,0.00000000,0.00000000,0.00,0,0,0.38,-0.127,0.4410,0.2450,1.8620,1.9291,0.263367,-0.148254,-0.000122,-0.953247,7.802,77.5,-1
1783958014.063,998,231148,0,0.00000000,0.00000000,0.00,0,0,0.44,-0.086,0.0980,0.2450,1.2740,1.3010,0.263489,-0.148438,-0.000244,-0.953186,7.802,75.0,-1
1783958014.251,999,231373,0,0.00000000,0.00000000,0.00,0,0,0.43,-0.080,0.3920,0.8330,1.0290,1.3807,0.263550,-0.148132,-0.000244,-0.953186,7.802,66.2,-1
1783958014.499,1000,231596,0,0.00000000,0.00000000,0.00,0,0,0.44,-0.053,0.3430,0.0490,2.5480,2.5714,0.265259,-0.149597,-0.000854,-0.952515,7.804,71.2,-1
1783958014.685,1001,231822,0,0.00000000,0.00000000,0.00,0,0,0.45,-0.031,0.2450,0.7350,1.5190,1.7052,0.265503,-0.149902,-0.000854,-0.952393,7.800,81.2,-1
1783958014.936,1002,232046,0,0.00000000,0.00000000,0.00,0,0,0.33,-0.098,0.6860,0.6860,2.0580,2.2752,0.265503,-0.150024,-0.000977,-0.952393,7.802,77.5,-1
1783958015.185,1003,232265,0,0.00000000,0.00000000,0.00,0,0,0.30,-0.099,0.5880,0.6860,0.4900,1.0278,0.266052,-0.150146,-0.001099,-0.952209,7.801,77.5,-1
1783958015.373,1004,232485,0,0.00000000,0.00000000,0.00,0,0,0.28,-0.088,0.3430,0.2940,1.9600,2.0114,0.266052,-0.150146,-0.000977,-0.952209,7.802,73.8,-1
1783958015.617,1005,232706,0,0.00000000,0.00000000,0.00,0,0,0.18,-0.155,0.6370,1.3230,2.1560,2.6085,0.266052,-0.150208,-0.000977,-0.952209,7.802,77.5,-1
1783958015.805,1006,232924,0,0.00000000,0.00000000,0.00,0,0,0.21,-0.146,0.4410,0.3920,1.8130,1.9066,0.265747,-0.149780,-0.000854,-0.952332,7.802,76.2,-1
1783958016.055,1007,233140,0,0.00000000,0.00000000,0.00,0,0,0.25,-0.096,0.5880,0.2450,1.7640,1.8755,0.265808,-0.149841,-0.000854,-0.952332,7.802,72.5,-1
1783958016.242,1008,233368,0,0.00000000,0.00000000,0.00,0,0,0.08,-0.196,0.3920,0.5390,2.2050,2.3035,0.265747,-0.149902,-0.000793,-0.952332,7.804,73.8,-1
1783958016.491,1009,233586,0,0.00000000,0.00000000,0.00,0,0,0.07,-0.161,0.2450,0.8820,1.4210,1.6903,0.265625,-0.149902,-0.000793,-0.952332,7.801,81.2,-1
1783958016.675,1010,233808,0,0.00000000,0.00000000,0.00,0,0,0.18,-0.073,0.2450,1.3230,0.2450,1.3676,0.265625,-0.149841,-0.000732,-0.952332,7.802,71.2,-1
1783958016.921,1011,234027,0,0.00000000,0.00000000,0.00,0,0,0.22,-0.042,0.7350,-0.0490,1.8130,1.9569,0.265625,-0.149780,-0.000671,-0.952393,7.801,76.2,-1
1783958017.109,1012,234243,0,0.00000000,0.00000000,0.00,0,0,0.24,-0.028,-0.0980,1.5680,1.5190,2.1853,0.265564,-0.149841,-0.000610,-0.952393,7.800,68.8,-1
1783958017.355,1013,234466,0,0.00000000,0.00000000,0.00,0,0,0.18,-0.069,1.0780,0.2940,2.6950,2.9175,0.265503,-0.149841,-0.000732,-0.952393,7.801,78.8,-1
1783958017.601,1014,234690,0,0.00000000,0.00000000,0.00,0,0,0.22,-0.050,0.5880,0.1470,1.7640,1.8652,0.265564,-0.149902,-0.000793,-0.952393,7.801,73.8,-1
1783958017.789,1015,234909,0,0.00000000,0.00000000,0.00,0,0,0.30,-0.002,0.5880,0.5880,2.4990,2.6337,0.265625,-0.149963,-0.000916,-0.952332,7.801,73.8,-1
1783958018.038,1016,235151,0,0.00000000,0.00000000,0.00,0,0,0.37,0.078,0.6370,-0.0490,2.1070,2.2017,0.265747,-0.149902,-0.000977,-0.952332,7.801,72.5,-1
1783958018.288,1017,235370,0,0.00000000,0.00000000,0.00,0,0,0.27,0.007,-0.1470,1.3720,1.3720,1.9459,0.265747,-0.149841,-0.000977,-0.952332,7.802,73.8,-1
1783958018.476,1018,235591,0,0.00000000,0.00000000,0.00,0,0,0.30,0.031,0.3920,0.0980,1.3720,1.4303,0.266235,-0.150330,-0.001221,-0.952087,7.802,73.8,-1
1783958018.727,1019,235809,0,0.00000000,0.00000000,0.00,0,0,0.29,0.033,0.8330,0.3430,1.1760,1.4814,0.266296,-0.150391,-0.001221,-0.952087,7.801,72.5,-1
1783958018.913,1020,236034,0,0.00000000,0.00000000,0.00,0,0,0.24,-0.001,0.1960,0.4410,0.5390,0.7235,0.266296,-0.150391,-0.001282,-0.952087,7.802,72.5,-1
1783958019.161,1021,236252,0,0.00000000,0.00000000,0.00,0,0,0.25,0.002,0.3430,1.0290,0.5880,1.2338,0.266418,-0.150330,-0.001404,-0.952087,7.800,71.2,-1
1783958019.348,1022,236471,0,0.00000000,0.00000000,0.00,0,0,0.28,-0.014,1.2250,0.7840,3.2830,3.5907,0.266296,-0.150208,-0.001160,-0.952087,7.800,75.0,-1
1783958019.598,1023,236694,0,0.00000000,0.00000000,0.00,0,0,0.30,-0.025,0.4900,0.4900,1.1760,1.3650,0.266418,-0.150146,-0.001160,-0.952087,7.801,72.5,-1
1783958019.786,1024,236913,0,0.00000000,0.00000000,0.00,0,0,0.24,-0.053,-0.0980,0.9800,0.7350,1.2289,0.266479,-0.150085,-0.001099,-0.952087,7.801,75.0,-1
1783958020.033,1025,237161,0,0.00000000,0.00000000,0.00,0,0,0.11,-0.127,0.2450,0.5390,1.8130,1.9072,0.266541,-0.150208,-0.001160,-0.952026,7.801,73.8,-1
1783958020.284,1026,237387,0,0.00000000,0.00000000,0.00,0,0,0.20,-0.060,0.3920,1.1270,1.7150,2.0893,0.266479,-0.150330,-0.000977,-0.952026,7.801,66.2,-1
1783958020.532,1027,237612,0,0.00000000,0.00000000,0.00,0,0,0.17,-0.043,-0.0490,0.7840,1.5680,1.7538,0.266418,-0.150391,-0.000977,-0.952026,7.802,73.8,-1
1783958020.720,1028,237837,0,0.00000000,0.00000000,0.00,0,0,0.22,0.004,-0.0980,0.6860,1.7150,1.8497,0.266357,-0.150269,-0.001038,-0.952087,7.802,71.2,-1
1783958020.968,1029,238054,0,0.00000000,0.00000000,0.00,0,0,0.29,0.063,0.8820,0.3920,1.6170,1.8832,0.266296,-0.150085,-0.000916,-0.952148,7.801,76.2,-1
1783958021.155,1030,238270,0,0.00000000,0.00000000,0.00,0,0,0.30,0.069,-0.2450,0.9800,0.8330,1.3093,0.266357,-0.150024,-0.000977,-0.952148,7.801,70.0,-1
1783958021.405,1031,238495,0,0.00000000,0.00000000,0.00,0,0,0.34,0.068,0.0490,0.2450,1.6170,1.6362,0.266296,-0.150146,-0.000977,-0.952148,7.800,75.0,-1
1783958021.593,1032,238719,0,0.00000000,0.00000000,0.00,0,0,0.32,0.035,0.9800,1.3230,2.5480,3.0337,0.266296,-0.150085,-0.000854,-0.952148,7.801,71.2,-1
1783958021.839,1033,238937,0,0.00000000,0.00000000,0.00,0,0,0.29,0.088,-0.1470,1.1760,1.5680,1.9655,0.264832,-0.148499,0.000183,-0.952820,7.799,77.5,-1
1783958022.026,1034,239155,0,0.00000000,0.00000000,0.00,0,0,0.23,0.061,0.7840,1.2250,1.4700,2.0679,0.264832,-0.148682,0.000183,-0.952759,7.801,73.8,-1
1783958022.274,1035,239381,0,0.00000000,0.00000000,0.00,0,0,0.35,0.127,1.0780,-0.3920,1.1270,1.6081,0.264893,-0.148804,0.000122,-0.952698,7.801,72.5,-1
1783958022.521,1036,239598,0,0.00000000,0.00000000,0.00,0,0,0.43,0.167,0.0980,0.3920,1.2250,1.2899,0.264771,-0.148804,0.000000,-0.952759,7.802,81.2,-1
1783958022.709,1037,239822,0,0.00000000,0.00000000,0.00,0,0,0.34,0.096,0.4900,0.7840,1.5680,1.8203,0.264832,-0.148865,-0.000061,-0.952759,7.802,68.8,-1
1783958022.895,1038,240023,0,0.00000000,0.00000000,0.00,0,0,0.30,0.061,0.5880,1.0290,1.6660,2.0445,0.265015,-0.148926,-0.000122,-0.952698,7.800,71.2,-1
1783958023.141,1039,240243,0,0.00000000,0.00000000,0.00,0,0,0.30,0.056,1.0780,1.2250,0.8330,1.8321,0.264954,-0.148865,-0.000061,-0.952698,7.801,70.0,-1
1783958023.329,1040,240460,0,0.00000000,0.00000000,0.00,0,0,0.27,0.025,0.8330,0.8330,1.6170,2.0006,0.265869,-0.149597,-0.000427,-0.952332,7.800,73.8,-1
1783958023.578,1041,240682,0,0.00000000,0.00000000,0.00,0,0,0.38,0.064,0.1470,1.2250,1.5190,1.9569,0.266052,-0.149719,-0.000549,-0.952271,7.801,68.8,-1
1783958023.823,1042,240906,0,0.00000000,0.00000000,0.00,0,0,0.44,0.105,0.5880,1.0290,1.1270,1.6355,0.266052,-0.149780,-0.000610,-0.952271,7.802,71.2,-1
1783958024.075,1043,241149,0,0.00000000,0.00000000,0.00,0,0,0.38,0.046,0.2450,1.0290,1.5680,1.8914,0.266113,-0.149719,-0.000793,-0.952271,7.802,73.8,-1
1783958024.262,1044,241374,0,0.00000000,0.00000000,0.00,0,0,0.42,0.062,0.3430,0.3920,1.9110,1.9807,0.265930,-0.149109,-0.000549,-0.952393,7.801,71.2,-1
1783958024.511,1045,241596,0,0.00000000,0.00000000,0.00,0,0,0.49,0.102,0.4410,0.6370,2.0580,2.1990,0.266907,-0.150085,-0.000916,-0.951965,7.800,68.8,-1
1783958024.695,1046,241813,0,0.00000000,0.00000000,0.00,0,0,0.36,0.012,0.4900,0.7840,1.1270,1.4577,0.267090,-0.150269,-0.001038,-0.951904,7.801,71.2,-1
1783958024.944,1047,242035,0,0.00000000,0.00000000,0.00,0,0,0.43,0.043,0.0000,-0.4410,1.1760,1.2560,0.267273,-0.150269,-0.001099,-0.951843,7.801,72.5,-1
1783958025.131,1048,242250,0,0.00000000,0.00000000,0.00,0,0,0.32,-0.037,0.4900,1.2740,1.3230,1.9009,0.267517,-0.150513,-0.001160,-0.951721,7.800,70.0,-1
1783958025.377,1049,242472,0,0.00000000,0.00000000,0.00,0,0,0.26,-0.076,0.3920,0.1470,1.2740,1.3410,0.267456,-0.150391,-0.000916,-0.951782,7.800,72.5,-1
1783958025.564,1050,242698,0,0.00000000,0.00000000,0.00,0,0,0.31,-0.032,0.5880,0.0980,2.0090,2.0956,0.267456,-0.149963,-0.000793,-0.951843,7.802,73.8,-1
1783958025.813,1051,242916,0,0.00000000,0.00000000,0.00,0,0,0.31,-0.042,0.4410,0.5390,1.4700,1.6266,0.267761,-0.150391,-0.001221,-0.951660,7.801,72.5,-1
1783958026.002,1052,243132,0,0.00000000,0.00000000,0.00,0,0,0.27,-0.084,0.6370,0.5390,1.4700,1.6903,0.267822,-0.150513,-0.001221,-0.951660,7.802,75.0,-1
1783958026.251,1053,243358,0,0.00000000,0.00000000,0.00,0,0,0.35,-0.014,0.2450,0.2940,1.5190,1.5665,0.267883,-0.150574,-0.001282,-0.951599,7.801,71.2,-1
1783958026.498,1054,243576,0,0.00000000,0.00000000,0.00,0,0,0.38,0.005,0.6860,-0.0490,1.1760,1.3623,0.267883,-0.150513,-0.001282,-0.951599,7.801,76.2,-1
1783958026.687,1055,243800,0,0.00000000,0.00000000,0.00,0,0,0.36,-0.008,0.2940,0.4410,1.6170,1.7016,0.267822,-0.150574,-0.001282,-0.951599,7.800,75.0,-1
1783958026.936,1056,244020,0,0.00000000,0.00000000,0.00,0,0,0.40,0.015,0.4900,0.3920,1.4700,1.5983,0.267822,-0.150635,-0.001282,-0.951599,7.801,75.0,-1
1783958027.124,1057,244234,0,0.00000000,0.00000000,0.00,0,0,0.26,-0.056,0.2940,0.4410,2.1070,2.1726,0.267761,-0.150574,-0.001343,-0.951660,7.801,76.2,-1
1783958027.374,1058,244453,0,0.00000000,0.00000000,0.00,0,0,0.39,0.042,0.7350,-0.0490,1.9600,2.0939,0.267822,-0.150635,-0.001282,-0.951599,7.800,73.8,-1
1783958027.560,1059,244669,0,0.00000000,0.00000000,0.00,0,0,0.27,-0.032,0.6860,0.6860,1.4700,1.7613,0.267822,-0.150696,-0.001343,-0.951599,7.800,75.0,-1
1783958027.807,1060,244891,0,0.00000000,0.00000000,0.00,0,0,0.26,-0.059,0.3920,0.7350,2.0090,2.1748,0.267761,-0.150696,-0.001404,-0.951599,7.800,75.0,-1
1783958028.055,1061,245139,0,0.00000000,0.00000000,0.00,0,0,0.40,0.023,0.0980,0.4410,1.4210,1.4911,0.267761,-0.150696,-0.001526,-0.951599,7.801,75.0,-1
1783958028.244,1062,245362,0,0.00000000,0.00000000,0.00,0,0,0.37,0.003,0.4410,0.1960,2.3030,2.3530,0.267761,-0.150696,-0.001465,-0.951599,7.801,70.0,-1
1783958028.490,1063,245584,0,0.00000000,0.00000000,0.00,0,0,0.44,0.051,0.7350,0.5390,1.0780,1.4117,0.267761,-0.150696,-0.001404,-0.951599,7.800,73.8,-1
1783958028.677,1064,245807,0,0.00000000,0.00000000,0.00,0,0,0.38,0.009,0.3430,0.8330,1.6170,1.8510,0.267761,-0.150757,-0.001465,-0.951599,7.801,68.8,-1
1783958028.923,1065,246033,0,0.00000000,0.00000000,0.00,0,0,0.44,0.049,0.6860,0.3920,1.3720,1.5832,0.267822,-0.150757,-0.001465,-0.951599,7.801,72.5,-1
1783958029.166,1066,246253,0,0.00000000,0.00000000,0.00,0,0,0.26,-0.055,0.0980,0.3920,1.2250,1.2899,0.267761,-0.150146,-0.001038,-0.951721,7.800,73.8,-1
1783958029.350,1067,246477,0,0.00000000,0.00000000,0.00,0,0,0.41,0.044,0.7350,0.2450,2.0090,2.1532,0.267761,-0.150024,-0.001099,-0.951721,7.800,75.0,-1
1783958029.594,1068,246697,0,0.00000000,0.00000000,0.00,0,0,0.33,-0.012,0.4410,1.0780,1.8620,2.1963,0.268188,-0.150330,-0.001465,-0.951538,7.800,73.8,-1
1783958029.837,1069,246915,0,0.00000000,0.00000000,0.00,0,0,0.25,-0.054,0.5390,-0.0490,1.8620,1.9391,0.268616,-0.150696,-0.001587,-0.951355,7.801,80.0,-1
1783958030.081,1070,247158,0,0.00000000,0.00000000,0.00,0,0,0.26,-0.048,0.1960,0.3920,1.2740,1.3473,0.268616,-0.150696,-0.001526,-0.951416,7.801,76.2,-1
1783958030.266,1071,247387,0,0.00000000,0.00000000,0.00,0,0,0.38,0.020,0.4410,0.1470,1.4700,1.5417,0.268616,-0.150635,-0.001526,-0.951416,7.800,71.2,-1
1783958030.507,1072,247608,0,0.00000000,0.00000000,0.00,0,0,0.29,-0.036,0.3920,0.4410,1.4700,1.5840,0.268738,-0.150696,-0.001587,-0.951355,7.801,73.8,-1
1783958030.692,1073,247827,0,0.00000000,0.00000000,0.00,0,0,0.34,0.012,0.9800,-0.1470,0.8820,1.3266,0.268799,-0.150696,-0.001587,-0.951355,7.801,70.0,-1
1783958030.938,1074,248053,0,0.00000000,0.00000000,0.00,0,0,0.32,-0.024,0.2940,0.4410,1.1270,1.2454,0.268799,-0.150635,-0.001587,-0.951355,7.801,73.8,-1
1783958031.182,1075,248268,0,0.00000000,0.00000000,0.00,0,0,0.33,-0.028,0.2940,0.8820,0.9800,1.3508,0.268799,-0.150696,-0.001526,-0.951355,7.801,70.0,-1
1783958031.364,1076,248487,0,0.00000000,0.00000000,0.00,0,0,0.36,-0.022,0.5390,0.3430,1.1760,1.3383,0.268799,-0.150635,-0.001526,-0.951355,7.799,70.0,-1
1783958031.606,1077,248709,0,0.00000000,0.00000000,0.00,0,0,0.27,-0.079,0.2450,0.3430,2.1560,2.1968,0.268799,-0.150696,-0.001526,-0.951355,7.800,75.0,-1
1783958031.849,1078,248928,0,0.00000000,0.00000000,0.00,0,0,0.34,-0.053,0.4410,0.9310,1.5680,1.8761,0.268677,-0.150146,-0.001282,-0.951477,7.798,75.0,-1
1783958032.034,1079,249145,0,0.00000000,0.00000000,0.00,0,0,0.22,-0.123,0.4900,0.8330,1.3230,1.6384,0.269653,-0.150940,-0.001648,-0.951050,7.801,72.5,-1
1783958032.278,1080,249364,0,0.00000000,0.00000000,0.00,0,0,0.25,-0.102,0.2450,0.5390,1.3230,1.4494,0.269714,-0.150940,-0.001770,-0.951050,7.801,75.0,-1
1783958032.462,1081,249589,0,0.00000000,0.00000000,0.00,0,0,0.30,-0.065,0.0980,0.4900,1.7150,1.7863,0.269592,-0.150574,-0.001587,-0.951111,7.800,78.8,-1
1783958032.705,1082,249813,0,0.00000000,0.00000000,0.00,0,0,0.34,-0.018,0.8330,0.0980,2.0090,2.1771,0.269531,-0.150452,-0.001648,-0.951172,7.804,72.5,-1
1783958032.950,1083,250036,0,0.00000000,0.00000000,0.00,0,0,0.43,0.035,-0.2940,1.2740,0.5880,1.4336,0.269592,-0.150330,-0.001770,-0.951172,7.804,71.2,-1
1783958033.134,1084,250253,0,0.00000000,0.00000000,0.00,0,0,0.39,0.036,0.5390,0.7350,1.6660,1.8990,0.269531,-0.150330,-0.001831,-0.951172,7.804,72.5,-1
1783958033.378,1085,250472,0,0.00000000,0.00000000,0.00,0,0,0.28,-0.037,0.5390,0.1960,1.4700,1.5779,0.269531,-0.150513,-0.001831,-0.951172,7.804,72.5,-1
1783958033.621,1086,250698,0,0.00000000,0.00000000,0.00,0,0,0.31,-0.020,0.8820,1.1760,1.6660,2.2218,0.269409,-0.150330,-0.001709,-0.951233,7.804,65.0,-1
1783958033.802,1087,250921,0,0.00000000,0.00000000,0.00,0,0,0.30,0.002,0.4410,0.0490,0.8820,0.9873,0.270081,-0.151001,-0.001831,-0.950928,7.801,78.8,-1
1783958034.045,1088,251137,0,0.00000000,0.00000000,0.00,0,0,0.30,0.016,0.3430,0.6370,1.4210,1.5946,0.270081,-0.151123,-0.001770,-0.950928,7.801,71.2,-1
1783958034.228,1089,251362,0,0.00000000,0.00000000,0.00,0,0,0.23,-0.030,0.0000,0.9310,1.2250,1.5386,0.270142,-0.150940,-0.001587,-0.950928,7.801,81.2,-1
1783958034.472,1090,251587,0,0.00000000,0.00000000,0.00,0,0,0.35,0.054,0.6860,0.2940,1.5680,1.7366,0.270142,-0.150940,-0.001587,-0.950928,7.802,70.0,-1
1783958034.715,1091,251805,0,0.00000000,0.00000000,0.00,0,0,0.34,0.039,-0.2940,1.1760,0.4900,1.3075,0.270142,-0.150879,-0.001526,-0.950928,7.802,72.5,-1
1783958034.899,1092,252025,0,0.00000000,0.00000000,0.00,0,0,0.28,0.000,0.1960,0.5880,1.0290,1.2012,0.270203,-0.150818,-0.001526,-0.950928,7.802,78.8,-1
1783958035.143,1093,252241,0,0.00000000,0.00000000,0.00,0,0,0.25,-0.008,0.2940,0.2940,1.3720,1.4336,0.270142,-0.150757,-0.001526,-0.950928,7.804,71.2,-1
1783958035.385,1094,252466,0,0.00000000,0.00000000,0.00,0,0,0.17,-0.062,0.9310,0.4410,1.5680,1.8761,0.270142,-0.150818,-0.001587,-0.950928,7.804,73.8,-1
1783958035.569,1095,252686,0,0.00000000,0.00000000,0.00,0,0,0.14,-0.095,0.8330,0.5390,2.4010,2.5979,0.270142,-0.150818,-0.001526,-0.950928,7.801,72.5,-1
1783958035.818,1096,252910,0,0.00000000,0.00000000,0.00,0,0,0.22,-0.025,0.2940,0.4900,0.8330,1.0102,0.270142,-0.150757,-0.001526,-0.950928,7.801,76.2,-1
1783958036.008,1097,253112,0,0.00000000,0.00000000,0.00,0,0,0.17,-0.063,0.0000,0.4900,0.4900,0.6930,0.270142,-0.150757,-0.001526,-0.950928,7.804,75.0,-1
1783958036.193,1098,253326,0,0.00000000,0.00000000,0.00,0,0,0.16,-0.051,0.7350,0.4410,1.6170,1.8301,0.270142,-0.150757,-0.001526,-0.950928,7.802,76.2,-1
1783958036.440,1099,253552,0,0.00000000,0.00000000,0.00,0,0,0.23,-0.010,0.7350,0.0980,1.5190,1.6903,0.270142,-0.150818,-0.001526,-0.950928,7.801,73.8,-1
1783958036.688,1100,253777,0,0.00000000,0.00000000,0.00,0,0,0.25,0.012,1.2250,-0.1470,2.0090,2.3576,0.270142,-0.150879,-0.001526,-0.950928,7.802,76.2,-1
1783958036.874,1101,254000,0,0.00000000,0.00000000,0.00,0,0,0.12,-0.056,0.0980,0.8330,0.0490,0.8402,0.270142,-0.150940,-0.001465,-0.950928,7.801,76.2,-1
1783958037.121,1102,254216,0,0.00000000,0.00000000,0.00,0,0,0.30,0.052,0.1960,0.6860,0.9310,1.1729,0.270142,-0.150940,-0.001465,-0.950928,7.802,76.2,-1
1783958037.307,1103,254436,0,0.00000000,0.00000000,0.00,0,0,0.15,-0.056,0.5880,0.0000,2.0580,2.1404,0.270142,-0.150940,-0.001526,-0.950928,7.801,75.0,-1
1783958037.552,1104,254663,0,0.00000000,0.00000000,0.00,0,0,0.24,-0.005,0.1960,0.6370,1.7640,1.8857,0.270142,-0.150940,-0.001587,-0.950928,7.802,73.8,-1
1783958037.802,1105,254883,0,0.00000000,0.00000000,0.00,0,0,0.07,-0.095,0.1470,0.5390,1.1270,1.2579,0.270142,-0.150940,-0.001648,-0.950928,7.801,71.2,-1
1783958037.985,1106,255105,0,0.00000000,0.00000000,0.00,0,0,0.14,-0.049,0.3430,0.5880,1.1270,1.3166,0.270142,-0.150940,-0.001709,-0.950928,7.804,76.2,-1
1783958038.233,1107,255317,0,0.00000000,0.00000000,0.00,0,0,0.28,0.006,0.6860,0.5880,1.2250,1.5222,0.270142,-0.150879,-0.001709,-0.950928,7.801,76.2,-1
1783958038.419,1108,255541,0,0.00000000,0.00000000,0.00,0,0,0.05,-0.122,0.4900,0.5880,1.0290,1.2825,0.270142,-0.150818,-0.001587,-0.950928,7.802,75.0,-1
1783958038.667,1109,255766,0,0.00000000,0.00000000,0.00,0,0,0.13,-0.074,0.0000,0.8820,1.0290,1.3553,0.270142,-0.150879,-0.001587,-0.950928,7.804,72.5,-1
1783958038.853,1110,255984,0,0.00000000,0.00000000,0.00,0,0,0.11,-0.080,0.4900,0.4410,1.2740,1.4345,0.270142,-0.150879,-0.001648,-0.950928,7.804,73.8,-1
1783958039.102,1111,256199,0,0.00000000,0.00000000,0.00,0,0,0.11,-0.076,0.6860,0.2940,1.0290,1.2712,0.270142,-0.150879,-0.001709,-0.950928,7.804,71.2,-1
1783958039.351,1112,256425,0,0.00000000,0.00000000,0.00,0,0,0.20,-0.367,0.1960,0.5880,1.4210,1.5503,0.136780,-0.123352,0.029358,-0.982422,7.802,73.8,-1
1783958039.537,1113,256646,0,0.00000000,0.00000000,0.00,0,0,-0.01,-0.464,-0.2450,1.0780,1.1760,1.6140,0.073669,-0.112122,0.048645,-0.989746,7.802,68.8,-1
1783958039.787,1114,256868,0,0.00000000,0.00000000,0.00,0,0,0.08,-0.369,0.3430,1.1760,1.7150,2.1076,0.042908,-0.103333,0.048401,-0.992554,7.802,72.5,-1
1783958039.970,1115,257089,0,0.00000000,0.00000000,0.00,0,0,-0.20,-0.515,0.0980,0.7350,1.7640,1.9135,0.004517,-0.086304,0.040527,-0.995422,7.801,72.5,-1
1783958040.221,1116,257307,0,0.00000000,0.00000000,0.00,0,0,-0.03,-0.402,0.1960,0.6370,1.6660,1.7944,0.065857,-0.122864,0.019958,-0.990051,7.801,73.8,-1
1783958040.406,1117,257530,0,0.00000000,0.00000000,0.00,0,0,-0.02,-0.365,0.4900,0.4410,1.7150,1.8373,0.112061,-0.128662,0.012878,-0.985229,7.801,72.5,-1
1783958040.657,1118,257750,0,0.00000000,0.00000000,0.00,0,0,0.02,-0.294,0.3430,0.9310,1.9110,2.1532,0.114258,-0.129089,0.012573,-0.984924,7.801,71.2,-1
1783958040.847,1119,257968,0,0.00000000,0.00000000,0.00,0,0,0.12,-0.195,0.2450,0.9800,1.2740,1.6259,0.115112,-0.129883,0.012268,-0.984741,7.802,73.8,-1
1783958041.094,1120,258184,0,0.00000000,0.00000000,0.00,0,0,-0.04,-0.247,0.1960,0.4410,1.1760,1.2712,0.115906,-0.131531,0.012268,-0.984436,7.802,71.2,-1
1783958041.281,1121,258405,0,0.00000000,0.00000000,0.00,0,0,-0.02,-0.183,0.5880,0.2940,1.5190,1.6552,0.116455,-0.132996,0.012268,-0.984192,7.802,75.0,-1
1783958041.534,1122,258633,0,0.00000000,0.00000000,0.00,0,0,-0.01,-0.158,0.2940,0.3920,1.3720,1.4569,0.116699,-0.133789,0.012207,-0.984070,7.802,71.2,-1
1783958041.720,1123,258852,0,0.00000000,0.00000000,0.00,0,0,0.04,-0.144,1.0290,0.0490,2.4500,2.6578,0.116821,-0.134399,0.012146,-0.983948,7.802,72.5,-1
1783958041.965,1124,259070,0,0.00000000,0.00000000,0.00,0,0,-0.08,-0.196,0.5390,0.4900,2.3520,2.4622,0.117065,-0.134766,0.011963,-0.983887,7.801,75.0,-1
1783958042.153,1125,259286,0,0.00000000,0.00000000,0.00,0,0,0.12,-0.078,0.3430,1.2740,0.8330,1.5603,0.117188,-0.135315,0.011902,-0.983765,7.801,72.5,-1
1783958042.403,1126,259512,0,0.00000000,0.00000000,0.00,0,0,-0.03,-0.163,0.6860,0.1470,2.5970,2.6901,0.117249,-0.135681,0.012024,-0.983704,7.801,75.0,-1
1783958042.654,1127,259736,0,0.00000000,0.00000000,0.00,0,0,-0.02,-0.150,0.3430,0.3920,1.2250,1.3311,0.117310,-0.135864,0.012085,-0.983704,7.802,68.8,-1
1783958042.840,1128,259958,0,0.00000000,0.00000000,0.00,0,0,0.09,-0.065,0.2940,0.9310,1.7150,1.9734,0.117554,-0.136169,0.011963,-0.983643,7.802,67.5,-1
1783958043.087,1129,260178,0,0.00000000,0.00000000,0.00,0,0,0.06,-0.044,0.5390,0.5880,1.1760,1.4210,0.117798,-0.136292,0.012085,-0.983582,7.801,70.0,-1
1783958043.275,1130,260402,0,0.00000000,0.00000000,0.00,0,0,0.12,-0.014,0.4410,0.9800,1.9110,2.1924,0.117920,-0.136230,0.012207,-0.983582,7.801,81.2,-1
1783958043.522,1131,260628,0,0.00000000,0.00000000,0.00,0,0,0.07,-0.040,0.4410,0.5390,1.6170,1.7606,0.117859,-0.136169,0.012268,-0.983582,7.801,68.8,-1
1783958043.768,1132,260852,0,0.00000000,0.00000000,0.00,0,0,0.16,0.007,0.7350,0.0490,2.0090,2.1398,0.117920,-0.136292,0.012268,-0.983582,7.801,73.8,-1
1783958043.955,1133,261078,0,0.00000000,0.00000000,0.00,0,0,0.15,0.012,0.6370,0.9800,1.9110,2.2401,0.117981,-0.136475,0.012268,-0.983521,7.801,71.2,-1
1783958044.201,1134,261295,0,0.00000000,0.00000000,0.00,0,0,-0.08,-0.110,0.6370,0.1960,2.8910,2.9668,0.118103,-0.136902,0.012268,-0.983459,7.802,72.5,-1
1783958044.386,1135,261515,0,0.00000000,0.00000000,0.00,0,0,0.07,-0.009,0.3920,0.6370,1.1270,1.3526,0.118286,-0.136719,0.012329,-0.983459,7.802,70.0,-1
1783958044.633,1136,261738,0,0.00000000,0.00000000,0.00,0,0,0.20,0.071,0.9800,0.6370,2.3520,2.6264,0.123535,-0.136108,0.009827,-0.982910,7.802,70.0,-1
1783958044.883,1137,261959,0,0.00000000,0.00000000,0.00,0,0,0.07,-0.007,0.1960,1.0290,1.9600,2.2224,0.123718,-0.135925,0.010132,-0.982910,7.802,70.0,-1
1783958045.067,1138,262171,0,0.00000000,0.00000000,0.00,0,0,0.19,0.038,0.4900,0.9800,1.1270,1.5718,0.123901,-0.136047,0.010071,-0.982849,7.801,73.8,-1
1783958045.316,1139,262397,0,0.00000000,0.00000000,0.00,0,0,0.17,0.018,0.1470,0.1470,0.4410,0.4875,0.123962,-0.135986,0.010132,-0.982849,7.802,71.2,-1
1783958045.502,1140,262621,0,0.00000000,0.00000000,0.00,0,0,-0.01,-0.031,0.3430,0.9310,1.2250,1.5764,0.124146,-0.135864,0.010071,-0.982849,7.801,70.0,-1
1783958045.750,1141,262838,0,0.00000000,0.00000000,0.00,0,0,0.08,-0.012,0.6860,0.7840,0.8820,1.3650,0.124207,-0.135681,0.010071,-0.982910,7.802,70.0,-1
1783958045.936,1142,263060,0,0.00000000,0.00000000,0.00,0,0,0.04,-0.025,0.2450,0.6860,1.6660,1.8183,0.124207,-0.135681,0.010193,-0.982910,7.801,72.5,-1
1783958046.185,1143,263272,0,0.00000000,0.00000000,0.00,0,0,0.10,0.030,1.1270,0.6860,1.5190,2.0120,0.124268,-0.135437,0.010254,-0.982910,7.801,71.2,-1
1783958046.373,1144,263494,0,0.00000000,0.00000000,0.00,0,0,0.12,0.053,0.4900,0.4900,1.8620,1.9868,0.124329,-0.135498,0.010071,-0.982910,7.801,72.5,-1
1783958046.621,1145,263716,0,0.00000000,0.00000000,0.00,0,0,0.03,-0.010,0.3920,0.4410,3.0870,3.1429,0.124390,-0.135559,0.009888,-0.982849,7.802,71.2,-1
1783958046.806,1146,263939,0,0.00000000,0.00000000,0.00,0,0,-0.03,-0.047,0.6860,0.0980,1.4700,1.6251,0.124390,-0.135681,0.009949,-0.982849,7.801,72.5,-1
1783958047.054,1147,264158,0,0.00000000,0.00000000,0.00,0,0,0.03,0.006,0.3920,0.7350,1.8620,2.0398,0.124451,-0.135864,0.010071,-0.982849,7.801,68.8,-1
1783958047.299,1148,264382,0,0.00000000,0.00000000,0.00,0,0,0.10,0.117,0.7350,0.3430,2.6950,2.8144,0.124512,-0.135864,0.010010,-0.982788,7.802,76.2,-1
1783958047.484,1149,264602,0,0.00000000,0.00000000,0.00,0,0,0.10,0.115,0.6860,0.1960,1.1760,1.3755,0.124573,-0.135803,0.009949,-0.982849,7.802,80.0,-1
1783958047.734,1150,264821,0,0.00000000,0.00000000,0.00,0,0,0.01,0.044,0.2450,0.5390,1.4210,1.5394,0.124573,-0.135681,0.009949,-0.982849,7.801,76.2,-1
1783958047.920,1151,265046,0,0.00000000,0.00000000,0.00,0,0,0.00,0.032,0.6370,1.2740,0.8820,1.6753,0.124817,-0.135742,0.009827,-0.982788,7.801,66.2,-1
1783958048.168,1152,265266,0,0.00000000,0.00000000,0.00,0,0,0.14,0.088,0.4900,0.6370,1.7150,1.8940,0.127319,-0.135498,0.010010,-0.982483,7.801,68.8,-1
1783958048.356,1153,265486,0,0.00000000,0.00000000,0.00,0,0,0.16,0.093,0.8330,0.3430,2.0090,2.2017,0.127319,-0.135620,0.010132,-0.982483,7.800,72.5,-1
1783958048.605,1154,265705,0,0.00000000,0.00000000,0.00,0,0,0.16,0.090,0.3920,0.1470,1.1760,1.2483,0.127258,-0.135620,0.010193,-0.982483,7.801,75.0,-1
1783958048.852,1155,265925,0,0.00000000,0.00000000,0.00,0,0,0.17,0.091,0.3430,0.4410,1.5680,1.6646,0.135437,-0.135193,0.009644,-0.981445,7.802,70.0,-1
1783958049.037,1156,266142,0,0.00000000,0.00000000,0.00,0,0,0.18,0.070,0.4410,0.6860,1.1270,1.3911,0.139404,-0.136169,0.010071,-0.980774,7.800,76.2,-1
1783958049.286,1157,266365,0,0.00000000,0.00000000,0.00,0,0,0.06,-0.011,0.4410,0.3430,1.3720,1.4814,0.139709,-0.136536,0.010254,-0.980713,7.802,75.0,-1
1783958049.473,1158,266589,0,0.00000000,0.00000000,0.00,0,0,0.23,0.091,0.7350,0.2450,2.1070,2.2449,0.139709,-0.136536,0.009888,-0.980713,7.802,71.2,-1
1783958049.720,1159,266811,0,0.00000000,0.00000000,0.00,0,0,0.24,0.096,0.7350,0.4410,0.7840,1.1616,0.141418,-0.136169,0.009460,-0.980469,7.802,72.5,-1
1783958049.908,1160,267038,0,0.00000000,0.00000000,0.00,0,0,0.13,0.020,0.2940,0.2450,1.5190,1.5665,0.141602,-0.136047,0.009338,-0.980469,7.801,80.0,-1
1783958050.157,1161,267254,0,0.00000000,0.00000000,0.00,0,0,0.03,-0.051,0.3430,0.7350,1.6170,1.8090,0.141846,-0.136536,0.009338,-0.980408,7.804,72.5,-1
1783958050.344,1162,267478,0,0.00000000,0.00000000,0.00,0,0,0.11,-0.011,0.1960,0.6860,1.1270,1.3338,0.141907,-0.136536,0.009216,-0.980347,7.800,80.0,-1
1783958050.591,1163,267700,0,0.00000000,0.00000000,0.00,0,0,0.15,0.012,1.6170,-0.0490,2.4500,2.9359,0.141907,-0.136475,0.009216,-0.980408,7.800,72.5,-1
1783958050.840,1164,267922,0,0.00000000,0.00000000,0.00,0,0,0.09,-0.022,-0.0980,0.6860,1.3230,1.4935,0.141907,-0.136536,0.009094,-0.980347,7.801,75.0,-1
1783958051.026,1165,268142,0,0.00000000,0.00000000,0.00,0,0,0.14,-0.004,-0.0490,0.7840,1.1270,1.3737,0.141907,-0.136597,0.008911,-0.980347,7.801,73.8,-1
1783958051.276,1166,268361,0,0.00000000,0.00000000,0.00,0,0,0.06,-0.048,0.1470,0.9800,1.1760,1.5379,0.141846,-0.136475,0.008850,-0.980408,7.799,76.2,-1
1783958051.464,1167,268581,0,0.00000000,0.00000000,0.00,0,0,0.04,-0.053,0.3920,0.4900,1.6170,1.7345,0.141907,-0.136414,0.008850,-0.980408,7.801,77.5,-1
1783958051.714,1168,268803,0,0.00000000,0.00000000,0.00,0,0,0.11,-0.009,0.1470,-0.6860,1.5680,1.7178,0.141907,-0.136353,0.008789,-0.980408,7.801,72.5,-1
1783958051.900,1169,269024,0,0.00000000,0.00000000,0.00,0,0,0.16,0.004,0.7840,0.7350,1.7640,2.0656,0.142212,-0.136841,0.008789,-0.980286,7.804,73.8,-1
1783958052.149,1170,269236,0,0.00000000,0.00000000,0.00,0,0,0.15,-0.016,0.5880,0.3430,1.6660,1.7997,0.143677,-0.136536,0.009033,-0.980103,7.804,72.5,-1
1783958052.336,1171,269436,0,0.00000000,0.00000000,0.00,0,0,0.17,-0.009,0.3920,0.5880,1.6170,1.7647,0.143616,-0.136597,0.009094,-0.980103,7.801,73.8,-1
1783958052.522,1172,269655,0,0.00000000,0.00000000,0.00,0,0,0.20,0.012,0.1470,0.5390,1.6660,1.7572,0.143677,-0.136536,0.008911,-0.980103,7.801,73.8,-1
1783958052.771,1173,269876,0,0.00000000,0.00000000,0.00,0,0,0.29,0.065,0.1960,0.5390,0.8330,1.0113,0.143677,-0.136536,0.008789,-0.980103,7.801,71.2,-1
1783958053.016,1174,270095,0,0.00000000,0.00000000,0.00,0,0,0.17,0.001,0.4900,0.1960,1.1270,1.2444,0.143677,-0.136475,0.008850,-0.980164,7.802,73.8,-1
1783958053.203,1175,270313,0,0.00000000,0.00000000,0.00,0,0,0.14,-0.014,0.3920,0.4410,1.2740,1.4040,0.143616,-0.136414,0.008850,-0.980164,7.801,76.2,-1
1783958053.455,1176,270534,0,0.00000000,0.00000000,0.00,0,0,0.14,-0.010,0.6370,0.3920,1.6170,1.7816,0.143616,-0.136475,0.008850,-0.980164,7.801,75.0,-1
1783958053.641,1177,270756,0,0.00000000,0.00000000,0.00,0,0,0.14,0.002,0.7840,0.2940,2.4010,2.5428,0.143616,-0.136414,0.008789,-0.980164,7.801,73.8,-1
1783958053.887,1178,270976,0,0.00000000,0.00000000,0.00,0,0,0.27,0.070,1.0780,0.3920,3.1850,3.3853,0.143616,-0.136475,0.008789,-0.980164,7.800,71.2,-1
1783958054.071,1179,271189,0,0.00000000,0.00000000,0.00,0,0,0.18,0.024,0.4410,0.4410,1.4700,1.5968,0.143616,-0.136475,0.008789,-0.980164,7.801,73.8,-1
1783958054.318,1180,271410,0,0.00000000,0.00000000,0.00,0,0,0.16,0.002,0.7350,1.0780,1.3230,1.8581,0.143616,-0.136414,0.008728,-0.980164,7.800,70.0,-1
1783958054.503,1181,271631,0,0.00000000,0.00000000,0.00,0,0,0.20,0.029,0.1960,0.6860,0.8330,1.0968,0.143616,-0.136475,0.008789,-0.980164,7.800,72.5,-1
1783958054.753,1182,271857,0,0.00000000,0.00000000,0.00,0,0,0.22,0.018,0.2450,0.7350,1.4700,1.6617,0.143616,-0.136597,0.008850,-0.980103,7.801,71.2,-1
1783958054.998,1183,272078,0,0.00000000,0.00000000,0.00,0,0,0.27,0.050,0.6860,1.4700,1.9600,2.5442,0.143616,-0.136597,0.008850,-0.980103,7.801,72.5,-1
1783958055.185,1184,272293,0,0.00000000,0.00000000,0.00,0,0,0.25,0.041,0.2450,0.7350,1.0290,1.2881,0.143616,-0.136536,0.008850,-0.980103,7.802,71.2,-1
1783958055.436,1185,272519,0,0.00000000,0.00000000,0.00,0,0,0.13,-0.021,0.8330,-0.1470,2.2050,2.3617,0.143616,-0.136536,0.008789,-0.980103,7.802,76.2,-1
1783958055.624,1186,272745,0,0.00000000,0.00000000,0.00,0,0,0.12,-0.044,0.7840,0.4410,1.7640,1.9801,0.143616,-0.136475,0.008789,-0.980164,7.801,65.0,-1
1783958055.873,1187,272970,0,0.00000000,0.00000000,0.00,0,0,0.12,-0.043,0.6860,0.2940,1.3720,1.5619,0.143616,-0.136475,0.008789,-0.980164,7.801,71.2,-1
1783958056.060,1188,273184,0,0.00000000,0.00000000,0.00,0,0,0.12,-0.015,0.2940,0.1960,1.9110,1.9434,0.143616,-0.136475,0.008789,-0.980164,7.802,70.0,-1
1783958056.308,1189,273405,0,0.00000000,0.00000000,0.00,0,0,0.14,-0.001,0.0980,0.6370,1.5190,1.6501,0.143616,-0.136475,0.008789,-0.980164,7.801,65.0,-1
1783958056.558,1190,273630,0,0.00000000,0.00000000,0.00,0,0,0.12,-0.028,0.1960,0.5880,1.1760,1.3293,0.143616,-0.136475,0.008789,-0.980164,7.801,76.2,-1
1783958056.745,1191,273855,0,0.00000000,0.00000000,0.00,0,0,0.20,0.015,0.5390,0.2940,1.3720,1.5031,0.143616,-0.136414,0.008789,-0.980164,7.800,76.2,-1
1783958056.993,1192,274073,0,0.00000000,0.00000000,0.00,0,0,0.09,-0.056,-0.0490,0.7840,0.9310,1.2181,0.143616,-0.136414,0.008789,-0.980164,7.799,75.0,-1
1783958057.180,1193,274287,0,0.00000000,0.00000000,0.00,0,0,0.18,-0.013,0.5880,0.4410,1.6170,1.7762,0.143616,-0.136414,0.008789,-0.980164,7.801,72.5,-1
1783958057.432,1194,274517,0,0.00000000,0.00000000,0.00,0,0,0.21,0.010,0.3920,0.2940,1.5190,1.5961,0.144775,-0.135986,0.008728,-0.980042,7.801,73.8,-1
1783958057.621,1195,274743,0,0.00000000,0.00000000,0.00,0,0,0.24,0.019,0.6370,0.5880,1.8620,2.0539,0.144836,-0.135986,0.008728,-0.980042,7.801,75.0,-1
1783958057.874,1196,274967,0,0.00000000,0.00000000,0.00,0,0,0.12,-0.032,0.1960,0.3920,1.0290,1.1184,0.146790,-0.136230,0.008667,-0.979675,7.801,72.5,-1
1783958058.060,1197,275183,0,0.00000000,0.00000000,0.00,0,0,0.09,-0.087,0.0980,0.4410,1.3720,1.4445,0.147156,-0.136292,0.008606,-0.979614,7.800,75.0,-1
1783958058.307,1198,275408,0,0.00000000,0.00000000,0.00,0,0,0.11,-0.062,0.3920,0.1470,1.7640,1.8130,0.147217,-0.136292,0.008606,-0.979614,7.801,75.0,-1
1783958058.492,1199,275626,0,0.00000000,0.00000000,0.00,0,0,0.22,0.039,0.0490,1.0290,1.8130,2.0852,0.147095,-0.136292,0.008667,-0.979614,7.800,75.0,-1
1783958058.743,1200,275850,0,0.00000000,0.00000000,0.00,0,0,0.09,-0.048,0.4900,0.3430,1.0290,1.1902,0.147156,-0.136353,0.008728,-0.979614,7.800,70.0,-1
1783958058.994,1201,276077,0,0.00000000,0.00000000,0.00,0,0,0.26,0.058,0.1470,1.0290,1.5680,1.8812,0.147522,-0.136963,0.008850,-0.979492,7.801,75.0,-1
1783958059.182,1202,276287,0,0.00000000,0.00000000,0.00,0,0,0.22,0.032,0.2940,0.7350,1.3720,1.5840,0.147644,-0.137085,0.008789,-0.979492,7.801,75.0,-1
1783958059.429,1203,276509,0,0.00000000,0.00000000,0.00,0,0,0.15,-0.026,0.2940,0.4410,1.0290,1.1575,0.147522,-0.136963,0.008972,-0.979492,7.801,76.2,-1
1783958059.615,1204,276729,0,0.00000000,0.00000000,0.00,0,0,0.26,0.046,0.4410,0.9800,1.2250,1.6296,0.147522,-0.137024,0.008789,-0.979492,7.801,75.0,-1
1783958059.863,1205,276951,0,0.00000000,0.00000000,0.00,0,0,0.14,-0.032,-0.1470,0.3430,0.1470,0.4011,0.147522,-0.137085,0.008728,-0.979492,7.801,66.2,-1
1783958060.050,1206,277162,0,0.00000000,0.00000000,0.00,0,0,0.22,0.005,0.4410,0.6860,1.1270,1.3911,0.147461,-0.137146,0.008728,-0.979492,7.801,76.2,-1
1783958060.298,1207,277383,0,0.00000000,0.00000000,0.00,0,0,0.06,-0.109,2.0580,-0.3920,3.1360,3.7714,0.147400,-0.137024,0.008606,-0.979492,7.799,72.5,-1
1783958060.484,1208,277603,0,0.00000000,0.00000000,0.00,0,0,0.18,-0.010,0.3430,0.7350,1.6660,1.8530,0.147278,-0.136841,0.008484,-0.979553,7.800,80.0,-1
1783958060.736,1209,277820,0,0.00000000,0.00000000,0.00,0,0,0.15,-0.032,0.7840,-0.0980,1.9600,2.1133,0.147278,-0.136902,0.008545,-0.979553,7.801,81.2,-1
1783958060.922,1210,278045,0,0.00000000,0.00000000,0.00,0,0,0.08,-0.088,0.3920,0.2450,2.1070,2.1571,0.147156,-0.136902,0.008545,-0.979553,7.801,72.5,-1
1783958061.171,1211,278264,0,0.00000000,0.00000000,0.00,0,0,0.15,-0.022,0.5880,0.3430,1.4210,1.5756,0.147095,-0.137085,0.008545,-0.979553,7.802,73.8,-1
1783958061.357,1212,278485,0,0.00000000,0.00000000,0.00,0,0,0.12,-0.026,-0.5880,0.8820,0.2450,1.0880,0.147156,-0.137268,0.008606,-0.979492,7.801,72.5,-1
1783958061.608,1213,278703,0,0.00000000,0.00000000,0.00,0,0,0.10,-0.040,0.4410,0.4410,1.2740,1.4185,0.147217,-0.137390,0.008545,-0.979492,7.801,75.0,-1
1783958061.799,1214,278927,0,0.00000000,0.00000000,0.00,0,0,0.23,0.045,1.6660,0.3920,2.4990,3.0289,0.147278,-0.137268,0.008606,-0.979492,7.801,72.5,-1
1783958062.049,1215,279138,0,0.00000000,0.00000000,0.00,0,0,0.28,0.079,0.3920,0.3430,0.9310,1.0668,0.147278,-0.137268,0.008484,-0.979492,7.801,76.2,-1
1783958062.236,1216,279366,0,0.00000000,0.00000000,0.00,0,0,0.22,0.044,0.4900,0.4900,2.0090,2.1252,0.147217,-0.137268,0.008545,-0.979492,7.801,76.2,-1
1783958062.483,1217,279584,0,0.00000000,0.00000000,0.00,0,0,0.18,0.031,0.5390,0.9800,1.9110,2.2142,0.147339,-0.137268,0.008484,-0.979492,7.800,77.5,-1
1783958062.733,1218,279807,0,0.00000000,0.00000000,0.00,0,0,0.15,0.001,0.0000,0.9800,0.3920,1.0555,0.147339,-0.137146,0.008545,-0.979492,7.801,73.8,-1
1783958062.920,1219,280026,0,0.00000000,0.00000000,0.00,0,0,0.18,0.030,0.1960,0.6370,1.0780,1.2674,0.147339,-0.137085,0.008545,-0.979492,7.804,75.0,-1
1783958063.106,1220,280238,0,0.00000000,0.00000000,0.00,0,0,0.25,0.075,-0.3920,0.6370,2.3030,2.4214,0.147339,-0.137085,0.008545,-0.979492,7.804,70.0,-1
1783958063.355,1221,280458,0,0.00000000,0.00000000,0.00,0,0,0.40,0.158,0.0980,0.6860,1.6660,1.8044,0.147400,-0.137146,0.008606,-0.979492,7.802,68.8,-1
1783958063.605,1222,280679,0,0.00000000,0.00000000,0.00,0,0,0.20,0.016,0.4410,0.2450,2.0090,2.0714,0.147461,-0.137207,0.008545,-0.979492,7.802,70.0,-1
1783958063.793,1223,280898,0,0.00000000,0.00000000,0.00,0,0,0.37,0.144,0.6370,0.9800,1.1270,1.6237,0.147461,-0.137268,0.008606,-0.979431,7.802,70.0,-1
1783958064.041,1224,281143,0,0.00000000,0.00000000,0.00,0,0,0.23,0.055,0.9310,0.8820,2.7440,3.0289,0.147400,-0.137268,0.008728,-0.979492,7.805,70.0,-1
1783958064.292,1225,281365,0,0.00000000,0.00000000,0.00,0,0,0.12,-0.033,0.4900,0.5390,0.8330,1.1066,0.147400,-0.137268,0.008667,-0.979492,7.802,68.8,-1
1783958064.479,1226,281592,0,0.00000000,0.00000000,0.00,0,0,0.23,0.043,0.1960,0.7350,1.1760,1.4006,0.147400,-0.137207,0.008789,-0.979492,7.804,68.8,-1
1783958064.726,1227,281812,0,0.00000000,0.00000000,0.00,0,0,0.20,-0.001,0.7350,0.9310,1.2740,1.7407,0.147522,-0.137146,0.008850,-0.979431,7.802,72.5,-1
1783958064.916,1228,282035,0,0.00000000,0.00000000,0.00,0,0,0.25,0.034,0.1470,0.9310,1.4210,1.7052,0.147522,-0.137085,0.008728,-0.979492,7.804,70.0,-1
1783958065.164,1229,282252,0,0.00000000,0.00000000,0.00,0,0,0.20,0.003,0.4900,0.7840,1.7150,1.9483,0.147522,-0.137085,0.008850,-0.979492,7.804,70.0,-1
1783958065.349,1230,282475,0,0.00000000,0.00000000,0.00,0,0,0.08,-0.066,0.3430,1.0780,0.7350,1.3491,0.147461,-0.137207,0.008789,-0.979492,7.802,70.0,-1
1783958065.600,1231,282696,0,0.00000000,0.00000000,0.00,0,0,0.19,0.009,1.1760,0.9310,1.8620,2.3910,0.147400,-0.137085,0.008911,-0.979492,7.802,70.0,-1
1783958065.789,1232,282920,0,0.00000000,0.00000000,0.00,0,0,0.26,0.057,0.2450,0.7840,1.9110,2.0800,0.147400,-0.136963,0.008911,-0.979492,7.804,73.8,-1
1783958066.037,1233,283138,0,0.00000000,0.00000000,0.00,0,0,0.12,-0.011,0.5390,0.3920,2.0090,2.1167,0.147400,-0.136841,0.008911,-0.979492,7.804,70.0,-1
1783958066.283,1234,283362,0,0.00000000,0.00000000,0.00,0,0,0.19,0.030,0.3920,0.3430,1.6170,1.6988,0.147400,-0.136841,0.008789,-0.979553,7.802,70.0,-1
1783958066.470,1235,283579,0,0.00000000,0.00000000,0.00,0,0,0.27,0.073,0.3430,0.6860,1.0290,1.2834,0.147461,-0.136841,0.008667,-0.979492,7.804,71.2,-1
1783958066.716,1236,283807,0,0.00000000,0.00000000,0.00,0,0,0.23,0.043,0.5880,0.5390,2.0580,2.2072,0.147461,-0.136719,0.008789,-0.979553,7.801,71.2,-1
1783958066.904,1237,284032,0,0.00000000,0.00000000,0.00,0,0,0.31,0.087,0.8330,0.3920,1.6170,1.8607,0.147339,-0.136780,0.008850,-0.979553,7.801,73.8,-1
1783958067.155,1238,284249,0,0.00000000,0.00000000,0.00,0,0,0.20,0.016,0.2450,0.8820,1.2250,1.5292,0.147400,-0.136780,0.008850,-0.979553,7.801,70.0,-1
1783958067.340,1239,284470,0,0.00000000,0.00000000,0.00,0,0,0.16,-0.002,1.7150,1.3230,1.9110,2.8885,0.147400,-0.136841,0.008911,-0.979553,7.801,71.2,-1
1783958067.591,1240,284698,0,0.00000000,0.00000000,0.00,0,0,0.24,0.029,0.4410,0.0980,2.6950,2.7326,0.147400,-0.137146,0.009033,-0.979492,7.802,71.2,-1
1783958067.841,1241,284917,0,0.00000000,0.00000000,0.00,0,0,0.20,-0.001,0.5880,0.3430,1.8620,1.9825,0.147339,-0.137146,0.008911,-0.979492,7.802,71.2,-1
1783958068.027,1242,285132,0,0.00000000,0.00000000,0.00,0,0,0.29,0.028,0.2940,0.3430,1.5190,1.5848,0.147400,-0.137268,0.008850,-0.979492,7.802,70.0,-1
1783958068.275,1243,285358,0,0.00000000,0.00000000,0.00,0,0,0.28,0.021,0.0490,0.3920,1.8620,1.9034,0.147400,-0.137268,0.008850,-0.979492,7.802,72.5,-1
1783958068.463,1244,285579,0,0.00000000,0.00000000,0.00,0,0,0.18,-0.024,0.6370,0.6370,2.0090,2.2017,0.147400,-0.137329,0.008911,-0.979431,7.802,72.5,-1
1783958068.712,1245,285799,0,0.00000000,0.00000000,0.00,0,0,0.28,0.028,0.2450,0.9800,0.8330,1.3093,0.147278,-0.137329,0.008972,-0.979492,7.802,75.0,-1
1783958068.900,1246,286021,0,0.00000000,0.00000000,0.00,0,0,0.23,-0.017,0.5880,0.3430,1.1270,1.3166,0.147217,-0.137268,0.008911,-0.979492,7.804,72.5,-1
1783958069.147,1247,286233,0,0.00000000,0.00000000,0.00,0,0,0.35,0.039,0.8330,0.5880,1.3230,1.6703,0.151367,-0.134216,0.009827,-0.979248,7.802,66.2,-1
1783958069.333,1248,286461,0,0.00000000,0.00000000,0.00,0,0,0.41,0.067,-0.1470,0.4410,2.1560,2.2055,0.152405,-0.135254,0.010132,-0.978943,7.801,72.5,-1
1783958069.579,1249,286681,0,0.00000000,0.00000000,0.00,0,0,0.36,0.028,-0.5880,0.7840,0.4900,1.0957,0.152405,-0.135132,0.010010,-0.979004,7.802,75.0,-1
1783958069.829,1250,286902,0,0.00000000,0.00000000,0.00,0,0,0.41,0.050,0.3430,1.1270,1.5190,1.9223,0.152405,-0.134949,0.009827,-0.979004,7.802,71.2,-1
1783958070.015,1251,287142,0,0.00000000,0.00000000,0.00,0,0,0.31,-0.000,0.8820,-0.5880,2.5970,2.8050,0.152344,-0.134827,0.009705,-0.979004,7.801,73.8,-1
1783958070.264,1252,287362,0,0.00000000,0.00000000,0.00,0,0,0.41,0.051,0.8820,0.2940,0.4900,1.0509,0.152405,-0.134766,0.009460,-0.979065,7.802,75.0,-1
1783958070.451,1253,287583,0,0.00000000,0.00000000,0.00,0,0,0.31,-0.000,0.8820,1.2250,1.1270,1.8838,0.152344,-0.134827,0.009399,-0.979065,7.801,71.2,-1
1783958070.700,1254,287802,0,0.00000000,0.00000000,0.00,0,0,0.40,0.037,0.1470,0.6370,0.9310,1.1376,0.152161,-0.134888,0.009399,-0.979065,7.802,75.0,-1
1783958070.951,1255,288025,0,0.00000000,0.00000000,0.00,0,0,0.49,0.072,0.1960,0.1470,0.5390,0.5921,0.152161,-0.134827,0.009460,-0.979065,7.802,75.0,-1
1783958071.137,1256,288243,0,0.00000000,0.00000000,0.00,0,0,0.26,-0.047,-0.0490,0.0490,1.3230,1.3248,0.152222,-0.134766,0.009521,-0.979065,7.802,76.2,-1
1783958071.385,1257,288464,0,0.00000000,0.00000000,0.00,0,0,0.33,0.016,-0.0490,0.9800,1.5190,1.8084,0.152222,-0.134583,0.009521,-0.979065,7.801,78.8,-1
1783958071.572,1258,288687,0,0.00000000,0.00000000,0.00,0,0,0.28,-0.018,0.0980,0.5880,1.5680,1.6775,0.152161,-0.134216,0.009766,-0.979126,7.801,75.0,-1
1783958071.819,1259,288909,0,0.00000000,0.00000000,0.00,0,0,0.35,0.013,0.1470,0.2940,1.6170,1.6501,0.152161,-0.134216,0.009705,-0.979126,7.802,73.8,-1
1783958072.065,1260,289153,0,0.00000000,0.00000000,0.00,0,0,0.38,0.054,0.4900,0.8330,1.6660,1.9260,0.152100,-0.134277,0.009766,-0.979126,7.800,76.2,-1
1783958072.253,1261,289378,0,0.00000000,0.00000000,0.00,0,0,0.35,0.033,0.1470,0.3920,1.6660,1.7178,0.152161,-0.134399,0.009644,-0.979126,7.801,73.8,-1
1783958072.502,1262,289597,0,0.00000000,0.00000000,0.00,0,0,0.45,0.079,0.4900,0.5390,1.7150,1.8633,0.152100,-0.134460,0.009521,-0.979126,7.802,76.2,-1
1783958072.690,1263,289819,0,0.00000000,0.00000000,0.00,0,0,0.32,-0.001,0.0490,0.1470,2.9400,2.9441,0.152100,-0.134399,0.009338,-0.979126,7.801,72.5,-1
1783958072.939,1264,290038,0,0.00000000,0.00000000,0.00,0,0,0.41,0.060,0.0980,0.5390,1.5190,1.6148,0.152100,-0.134521,0.009094,-0.979126,7.801,75.0,-1
1783958073.126,1265,290251,0,0.00000000,0.00000000,0.00,0,0,0.34,-0.003,0.2450,0.9800,0.4900,1.1227,0.152588,-0.134460,0.008972,-0.979065,7.802,77.5,-1
1783958073.372,1266,290466,0,0.00000000,0.00000000,0.00,0,0,0.30,-0.024,-0.1470,1.1270,0.1960,1.1533,0.152649,-0.134521,0.009033,-0.979065,7.802,76.2,-1
1783958073.558,1267,290691,0,0.00000000,0.00000000,0.00,0,0,0.31,-0.028,0.3430,0.1470,2.0580,2.0916,0.152710,-0.134644,0.008972,-0.979004,7.802,76.2,-1
1783958073.806,1268,290913,0,0.00000000,0.00000000,0.00,0,0,0.26,-0.056,0.4900,0.3920,1.5680,1.6889,0.152710,-0.134644,0.008850,-0.979004,7.805,73.8,-1
1783958074.054,1269,291152,0,0.00000000,0.00000000,0.00,0,0,0.35,-0.017,0.0980,0.5390,0.7840,0.9564,0.152710,-0.134644,0.008789,-0.979004,7.801,71.2,-1
1783958074.239,1270,291371,0,0.00000000,0.00000000,0.00,0,0,0.25,-0.075,-0.1960,1.2740,1.2740,1.8123,0.152649,-0.134644,0.008850,-0.979004,7.802,81.2,-1
1783958074.485,1271,291587,0,0.00000000,0.00000000,0.00,0,0,0.19,-0.102,0.4410,0.7840,1.6660,1.8933,0.153015,-0.135254,0.008911,-0.978882,7.801,77.5,-1
1783958074.732,1272,291812,0,0.00000000,0.00000000,0.00,0,0,0.24,-0.064,0.2450,0.3920,1.4700,1.5410,0.153015,-0.135315,0.009033,-0.978882,7.802,75.0,-1
1783958074.917,1273,292031,0,0.00000000,0.00000000,0.00,0,0,0.25,-0.061,-0.0490,1.2250,0.7840,1.4552,0.152954,-0.135254,0.008911,-0.978882,7.802,76.2,-1
1783958075.116,1274,292246,0,0.00000000,0.00000000,0.00,0,0,0.34,-0.005,0.7350,0.0490,1.5190,1.6882,0.154053,-0.135132,0.009155,-0.978760,7.801,66.2,-1
1783958075.363,1275,292467,0,0.00000000,0.00000000,0.00,0,0,0.35,-0.005,0.9310,0.7350,2.5480,2.8106,0.153992,-0.135132,0.009155,-0.978760,7.801,72.5,-1
1783958075.612,1276,292694,0,0.00000000,0.00000000,0.00,0,0,0.33,0.001,0.3430,0.3430,1.1270,1.2270,0.153931,-0.135193,0.009216,-0.978760,7.802,76.2,-1
1783958075.812,1277,292918,0,0.00000000,0.00000000,0.00,0,0,0.26,-0.025,0.1960,0.7840,2.1070,2.2567,0.153809,-0.135010,0.009155,-0.978760,7.802,72.5,-1
1783958076.061,1278,293136,0,0.00000000,0.00000000,0.00,0,0,0.24,-0.025,0.2940,0.2450,1.6170,1.6617,0.153809,-0.134888,0.009216,-0.978821,7.802,73.8,-1
1783958076.250,1279,293356,0,0.00000000,0.00000000,0.00,0,0,0.29,0.011,0.4410,0.6370,1.7640,1.9266,0.154968,-0.135620,0.009460,-0.978516,7.802,72.5,-1
1783958076.497,1280,293578,0,0.00000000,0.00000000,0.00,0,0,0.25,-0.021,1.5190,1.2250,2.7440,3.3671,0.155029,-0.135742,0.009644,-0.978516,7.804,77.5,-1
1783958076.682,1281,293796,0,0.00000000,0.00000000,0.00,0,0,0.41,0.075,0.3430,0.6370,1.0290,1.2579,0.154968,-0.135437,0.009583,-0.978516,7.802,72.5,-1
1783958076.932,1282,294015,0,0.00000000,0.00000000,0.00,0,0,0.36,0.036,0.1470,0.7350,1.3230,1.5206,0.155212,-0.135803,0.009521,-0.978455,7.800,81.2,-1
1783958077.116,1283,294231,0,0.00000000,0.00000000,0.00,0,0,0.35,0.057,0.6860,0.2450,1.2740,1.4675,0.156189,-0.135498,0.009583,-0.978333,7.801,76.2,-1
1783958077.365,1284,294459,0,0.00000000,0.00000000,0.00,0,0,0.47,0.113,0.4410,0.5880,1.4210,1.5998,0.156555,-0.136047,0.009521,-0.978210,7.802,73.8,-1
1783958077.551,1285,294679,0,0.00000000,0.00000000,0.00,0,0,0.38,0.040,0.8330,0.1470,1.8620,2.0451,0.156616,-0.136108,0.009583,-0.978210,7.801,72.5,-1
1783958077.798,1286,294899,0,0.00000000,0.00000000,0.00,0,0,0.37,0.026,0.1470,0.8820,1.2250,1.5166,0.156616,-0.136108,0.009583,-0.978210,7.802,73.8,-1
1783958078.048,1287,295142,0,0.00000000,0.00000000,0.00,0,0,0.32,0.009,0.4900,-0.7350,3.1360,3.2580,0.156677,-0.136169,0.009399,-0.978149,7.802,76.2,-1
1783958078.238,1288,295368,0,0.00000000,0.00000000,0.00,0,0,0.30,-0.005,0.1470,0.4410,0.2450,0.5255,0.156799,-0.136719,0.009644,-0.978088,7.801,75.0,-1
1783958078.490,1289,295590,0,0.00000000,0.00000000,0.00,0,0,0.34,0.022,0.0980,0.6370,1.8130,1.9241,0.157043,-0.137024,0.009644,-0.978027,7.801,75.0,-1
1783958078.738,1290,295810,0,0.00000000,0.00000000,0.00,0,0,0.39,0.059,0.5390,0.6860,0.7350,1.1408,0.156921,-0.136780,0.009583,-0.978027,7.802,78.8,-1
1783958078.922,1291,296033,0,0.00000000,0.00000000,0.00,0,0,0.39,0.040,0.0000,0.7350,1.6660,1.8209,0.156921,-0.136597,0.009460,-0.978088,7.801,75.0,-1
1783958079.170,1292,296247,0,0.00000000,0.00000000,0.00,0,0,0.37,0.036,0.5880,-0.3430,1.0290,1.2338,0.156921,-0.136597,0.009460,-0.978088,7.802,73.8,-1
1783958079.354,1293,296473,0,0.00000000,0.00000000,0.00,0,0,0.35,0.030,0.4900,1.0780,1.4700,1.8876,0.156860,-0.136658,0.009460,-0.978088,7.802,70.0,-1
1783958079.602,1294,296692,0,0.00000000,0.00000000,0.00,0,0,0.33,0.016,0.2940,0.2450,1.8130,1.8530,0.156921,-0.136597,0.009338,-0.978088,7.801,70.0,-1
1783958079.789,1295,296912,0,0.00000000,0.00000000,0.00,0,0,0.34,0.011,0.1470,0.5390,1.6170,1.7108,0.156982,-0.136536,0.009277,-0.978088,7.801,72.5,-1
1783958080.036,1296,297157,0,0.00000000,0.00000000,0.00,0,0,0.41,0.024,-0.3920,0.5880,1.3230,1.4999,0.156982,-0.136597,0.009155,-0.978088,7.802,70.0,-1
1783958080.284,1297,297384,0,0.00000000,0.00000000,0.00,0,0,0.28,-0.030,-0.2450,0.7350,0.6860,1.0348,0.156860,-0.136536,0.009216,-0.978088,7.802,72.5,-1
1783958080.532,1298,297606,0,0.00000000,0.00000000,0.00,0,0,0.27,-0.046,0.4410,1.1270,1.4700,1.9041,0.156860,-0.136414,0.009216,-0.978088,7.801,75.0,-1
1783958080.718,1299,297824,0,0.00000000,0.00000000,0.00,0,0,0.34,0.008,0.4410,0.8330,1.4210,1.7052,0.156921,-0.136597,0.009277,-0.978088,7.801,80.0,-1
1783958080.965,1300,298046,0,0.00000000,0.00000000,0.00,0,0,0.13,-0.102,0.2450,1.2740,1.5680,2.0351,0.156860,-0.136658,0.009399,-0.978088,7.801,80.0,-1
1783958081.151,1301,298261,0,0.00000000,0.00000000,0.00,0,0,0.02,-0.167,0.2450,0.5880,1.2250,1.3807,0.156860,-0.136597,0.009277,-0.978088,7.802,71.2,-1
1783958081.401,1302,298488,0,0.00000000,0.00000000,0.00,0,0,0.01,-0.154,-0.1470,1.2740,0.6370,1.4319,0.156860,-0.136719,0.009216,-0.978088,7.801,72.5,-1
1783958081.586,1303,298715,0,0.00000000,0.00000000,0.00,0,0,0.11,-0.053,0.2450,0.8330,0.8330,1.2032,0.156799,-0.136902,0.009399,-0.978027,7.802,76.2,-1
1783958081.833,1304,298939,0,0.00000000,0.00000000,0.00,0,0,0.04,-0.105,0.6370,0.5390,1.8130,1.9958,0.156799,-0.136902,0.009338,-0.978027,7.801,72.5,-1
1783958082.081,1305,299153,0,0.00000000,0.00000000,0.00,0,0,0.11,-0.050,-0.7350,1.1270,0.7840,1.5572,0.156738,-0.136780,0.009216,-0.978088,7.802,73.8,-1
1783958082.267,1306,299378,0,0.00000000,0.00000000,0.00,0,0,0.13,-0.026,-0.0490,0.8820,1.3720,1.6318,0.156799,-0.136841,0.009338,-0.978088,7.801,72.5,-1
1783958082.515,1307,299598,0,0.00000000,0.00000000,0.00,0,0,0.16,0.006,0.6370,0.0490,1.2740,1.4252,0.156799,-0.136658,0.009399,-0.978088,7.802,82.5,-1
1783958082.699,1308,299820,0,0.00000000,0.00000000,0.00,0,0,0.15,-0.007,1.0780,0.5390,1.2250,1.7185,0.156738,-0.136780,0.009399,-0.978088,7.802,72.5,-1
1783958082.948,1309,300042,0,0.00000000,0.00000000,0.00,0,0,0.04,-0.079,0.2450,0.2940,1.6660,1.7094,0.156738,-0.136841,0.008423,-0.978088,7.801,71.2,-1
1783958083.135,1310,300256,0,0.00000000,0.00000000,0.00,0,0,0.12,0.035,1.2250,0.3430,1.4700,1.9440,0.156738,-0.136841,0.008423,-0.978088,7.801,76.2,-1
1783958083.382,1311,300483,0,0.00000000,0.00000000,0.00,0,0,0.10,0.004,0.0000,0.6860,0.5880,0.9035,0.156677,-0.136475,0.009216,-0.978149,7.801,72.5,-1
1783958083.629,1312,300710,0,0.00000000,0.00000000,0.00,0,0,0.07,0.015,0.2940,0.8330,2.0090,2.1946,0.156677,-0.136475,0.009155,-0.978149,7.800,76.2,-1
1783958083.814,1313,300932,0,0.00000000,0.00000000,0.00,0,0,0.07,0.008,0.3430,0.6370,0.6370,0.9639,0.156860,-0.136963,0.009399,-0.978027,7.801,70.0,-1
1783958084.063,1314,301144,0,0.00000000,0.00000000,0.00,0,0,0.24,0.075,0.4410,0.4900,0.9310,1.1408,0.157166,-0.136902,0.009338,-0.977966,7.801,76.2,-1
1783958084.248,1315,301360,0,0.00000000,0.00000000,0.00,0,0,0.12,-0.012,0.4410,0.4410,1.3720,1.5071,0.157471,-0.136963,0.009094,-0.977966,7.801,70.0,-1
1783958084.496,1316,301585,0,0.00000000,0.00000000,0.00,0,0,0.13,0.001,0.1960,0.0980,2.1560,2.1671,0.157593,-0.136902,0.009033,-0.977905,7.801,72.5,-1
1783958084.682,1317,301804,0,0.00000000,0.00000000,0.00,0,0,0.08,-0.036,0.0980,0.5390,1.4210,1.5229,0.157654,-0.136902,0.009094,-0.977905,7.801,72.5,-1
1783958084.927,1318,302023,0,0.00000000,0.00000000,0.00,0,0,0.12,-0.014,0.8330,-0.1470,2.3520,2.4995,0.157654,-0.136963,0.009277,-0.977905,7.801,71.2,-1
1783958085.112,1319,302234,0,0.00000000,0.00000000,0.00,0,0,0.18,0.013,-0.2940,0.7350,0.5880,0.9861,0.157715,-0.136963,0.009155,-0.977905,7.800,73.8,-1
1783958085.358,1320,302453,0,0.00000000,0.00000000,0.00,0,0,0.12,-0.033,0.0980,0.3920,0.9800,1.0600,0.157776,-0.136902,0.009033,-0.977905,7.801,75.0,-1
1783958085.607,1321,302678,0,0.00000000,0.00000000,0.00,0,0,0.26,0.041,0.0980,0.5390,1.2740,1.3868,0.157776,-0.137024,0.008972,-0.977905,7.802,70.0,-1
1783958085.793,1322,302894,0,0.00000000,0.00000000,0.00,0,0,0.19,0.006,1.1270,0.6370,2.5480,2.8580,0.157776,-0.136963,0.009033,-0.977905,7.802,75.0,-1
1783958086.041,1323,303141,0,0.00000000,0.00000000,0.00,0,0,0.25,0.020,0.7350,0.1960,0.8820,1.1647,0.157654,-0.137024,0.009216,-0.977905,7.801,67.5,-1
1783958086.289,1324,303368,0,0.00000000,0.00000000,0.00,0,0,0.07,-0.102,0.9800,0.4410,2.6950,2.9014,0.157715,-0.137146,0.009338,-0.977844,7.801,67.5,-1
1783958086.474,1325,303588,0,0.00000000,0.00000000,0.00,0,0,0.26,0.024,0.4900,0.6860,1.7150,1.9110,0.157776,-0.137268,0.009338,-0.977844,7.800,67.5,-1
1783958086.722,1326,303809,0,0.00000000,0.00000000,0.00,0,0,0.23,0.011,0.5390,1.0780,2.6460,2.9076,0.157837,-0.137207,0.009216,-0.977844,7.801,70.0,-1
1783958086.908,1327,304027,0,0.00000000,0.00000000,0.00,0,0,0.13,-0.050,0.5390,0.8820,1.5190,1.8373,0.157715,-0.137146,0.009399,-0.977844,7.801,68.8,-1
1783958087.156,1328,304240,0,0.00000000,0.00000000,0.00,0,0,0.13,-0.069,0.6860,0.3430,1.1760,1.4040,0.157654,-0.137146,0.009460,-0.977905,7.801,67.5,-1
1783958087.342,1329,304441,0,0.00000000,0.00000000,0.00,0,0,0.08,-0.089,0.3920,0.8330,1.7150,1.9465,0.157593,-0.137085,0.009399,-0.977905,7.801,68.8,-1
1783958087.529,1330,304659,0,0.00000000,0.00000000,0.00,0,0,0.04,-0.100,0.1960,1.3230,1.2250,1.8137,0.157593,-0.137085,0.009338,-0.977905,7.800,68.8,-1
1783958087.778,1331,304880,0,0.00000000,0.00000000,0.00,0,0,0.11,-0.047,0.3920,0.3920,1.4210,1.5253,0.157593,-0.137024,0.009338,-0.977905,7.801,70.0,-1
1783958088.024,1332,305101,0,0.00000000,0.00000000,0.00,0,0,0.15,-0.014,0.1470,0.3430,0.9800,1.0486,0.157593,-0.137085,0.009277,-0.977905,7.801,76.2,-1
1783958088.209,1333,305319,0,0.00000000,0.00000000,0.00,0,0,-0.05,-0.140,0.1960,0.5390,1.8130,1.9016,0.157532,-0.137146,0.009216,-0.977905,7.801,77.5,-1
1783958088.456,1334,305542,0,0.00000000,0.00000000,0.00,0,0,0.04,-0.067,0.3430,0.8820,2.2540,2.4446,0.157593,-0.137268,0.009277,-0.977905,7.801,73.8,-1
1783958088.642,1335,305761,0,0.00000000,0.00000000,0.00,0,0,-0.03,-0.086,0.2940,0.7350,1.6660,1.8445,0.157654,-0.137329,0.009277,-0.977844,7.800,78.8,-1
1783958088.887,1336,305982,0,0.00000000,0.00000000,0.00,0,0,0.04,-0.023,0.1960,0.9800,1.0290,1.4345,0.157654,-0.137268,0.009338,-0.977844,7.801,73.8,-1
1783958089.071,1337,306196,0,0.00000000,0.00000000,0.00,0,0,-0.05,-0.080,0.6860,0.4410,1.8130,1.9880,0.157654,-0.137146,0.009338,-0.977905,7.801,71.2,-1
1783958089.315,1338,306423,0,0.00000000,0.00000000,0.00,0,0,0.01,-0.029,0.7840,0.7350,1.6170,1.9415,0.157593,-0.137207,0.009399,-0.977905,7.801,76.2,-1
1783958089.562,1339,306645,0,0.00000000,0.00000000,0.00,0,0,-0.02,-0.048,0.4410,0.6370,1.3720,1.5756,0.157593,-0.137207,0.009399,-0.977844,7.802,76.2,-1
1783958089.747,1340,306866,0,0.00000000,0.00000000,0.00,0,0,-0.06,-0.065,0.2450,0.7350,1.8130,1.9716,0.157593,-0.137146,0.009399,-0.977905,7.801,73.8,-1
1783958089.991,1341,307087,0,0.00000000,0.00000000,0.00,0,0,0.01,-0.013,0.2450,0.0980,2.6950,2.7079,0.157593,-0.137085,0.009399,-0.977905,7.801,68.8,-1
1783958090.178,1342,307305,0,0.00000000,0.00000000,0.00,0,0,-0.11,-0.067,0.1960,0.5880,1.0780,1.2435,0.157593,-0.137085,0.009338,-0.977905,7.799,76.2,-1
1783958090.425,1343,307524,0,0.00000000,0.00000000,0.00,0,0,-0.14,-0.086,0.5390,0.9800,1.7640,2.0887,0.157593,-0.137329,0.009460,-0.977844,7.800,76.2,-1
1783958090.673,1344,307744,0,0.00000000,0.00000000,0.00,0,0,-0.14,-0.084,0.2450,0.7350,1.2250,1.4494,0.157593,-0.137207,0.009216,-0.977905,7.801,80.0,-1
1783958090.857,1345,307965,0,0.00000000,0.00000000,0.00,0,0,-0.07,-0.047,0.3920,0.6860,1.4210,1.6259,0.157654,-0.137268,0.009216,-0.977844,7.800,80.0,-1
1783958091.104,1346,308180,0,0.00000000,0.00000000,0.00,0,0,-0.06,-0.046,0.0000,0.7840,1.7640,1.9304,0.157715,-0.137329,0.009399,-0.977844,7.801,72.5,-1
1783958091.289,1347,308406,0,0.00000000,0.00000000,0.00,0,0,0.03,0.019,-0.0490,0.7840,0.7350,1.0758,0.157776,-0.137451,0.009460,-0.977844,7.801,72.5,-1
1783958091.539,1348,308629,0,0.00000000,0.00000000,0.00,0,0,-0.07,-0.030,-0.1960,0.7840,0.8330,1.1606,0.157837,-0.137451,0.009399,-0.977783,7.802,77.5,-1
1783958091.725,1349,308849,0,0.00000000,0.00000000,0.00,0,0,-0.07,-0.046,0.3920,0.5880,1.2250,1.4142,0.157837,-0.137329,0.009216,-0.977844,7.801,77.5,-1
1783958091.973,1350,309068,0,0.00000000,0.00000000,0.00,0,0,-0.05,-0.003,0.0980,0.8820,1.3720,1.6340,0.157776,-0.137329,0.009155,-0.977844,7.801,77.5,-1
1783958092.160,1351,309281,0,0.00000000,0.00000000,0.00,0,0,-0.16,-0.087,0.0980,0.7350,1.2250,1.4319,0.157898,-0.137451,0.009033,-0.977783,7.802,76.2,-1
1783958092.411,1352,309499,0,0.00000000,0.00000000,0.00,0,0,-0.21,-0.100,0.0980,1.0290,1.4210,1.7572,0.157837,-0.137451,0.009155,-0.977783,7.800,76.2,-1
1783958092.592,1353,309724,0,0.00000000,0.00000000,0.00,0,0,-0.02,0.039,0.3430,0.3430,2.1560,2.2099,0.157837,-0.137451,0.009155,-0.977783,7.801,71.2,-1
1783958092.841,1354,309951,0,0.00000000,0.00000000,0.00,0,0,-0.11,-0.016,0.2940,0.6370,1.6170,1.7626,0.157776,-0.137390,0.009155,-0.977844,7.800,75.0,-1
1783958093.088,1355,310167,0,0.00000000,0.00000000,0.00,0,0,-0.04,0.018,0.0490,0.8330,0.9800,1.2871,0.157776,-0.137512,0.009155,-0.977844,7.800,73.8,-1
1783958093.274,1356,310392,0,0.00000000,0.00000000,0.00,0,0,-0.22,-0.081,0.3920,1.2250,1.8130,2.2229,0.157837,-0.137817,0.009583,-0.977722,7.800,75.0,-1
1783958093.521,1357,310613,0,0.00000000,0.00000000,0.00,0,0,-0.08,0.009,0.5880,0.2450,1.9600,2.0609,0.157837,-0.137329,0.009216,-0.977844,7.801,75.0,-1
1783958093.708,1358,310832,0,0.00000000,0.00000000,0.00,0,0,0.01,0.081,-0.1960,1.1270,0.8330,1.4151,0.157959,-0.137268,0.009216,-0.977783,7.802,77.5,-1
1783958093.952,1359,311056,0,0.00000000,0.00000000,0.00,0,0,0.02,0.091,0.2940,0.5880,1.4210,1.5657,0.158508,-0.137756,0.009094,-0.977661,7.800,68.8,-1
1783958094.199,1360,311273,0,0.00000000,0.00000000,0.00,0,0,-0.15,-0.006,0.2450,0.0490,1.4210,1.4428,0.158691,-0.137695,0.008850,-0.977661,7.800,75.0,-1
1783958094.384,1361,311494,0,0.00000000,0.00000000,0.00,0,0,-0.12,0.002,0.4900,0.4900,0.5880,0.9088,0.158691,-0.137695,0.008789,-0.977661,7.801,76.2,-1
1783958094.634,1362,311718,0,0.00000000,0.00000000,0.00,0,0,-0.12,-0.005,0.6370,0.7840,1.4700,1.7836,0.158691,-0.137756,0.008789,-0.977661,7.801,76.2,-1
1783958094.819,1363,311938,0,0.00000000,0.00000000,0.00,0,0,-0.05,0.047,0.7840,0.1470,1.4700,1.6725,0.158691,-0.137695,0.008850,-0.977661,7.801,75.0,-1
1783958095.065,1364,312159,0,0.00000000,0.00000000,0.00,0,0,-0.21,-0.042,1.0780,1.1270,1.5680,2.2115,0.158752,-0.137695,0.009094,-0.977600,7.801,71.2,-1
1783958095.249,1365,312379,0,0.00000000,0.00000000,0.00,0,0,-0.28,-0.087,0.2940,0.7350,1.2250,1.4585,0.158752,-0.137756,0.008911,-0.977600,7.802,71.2,-1
1783958095.497,1366,312601,0,0.00000000,0.00000000,0.00,0,0,-0.20,-0.026,0.1960,0.3920,0.9310,1.0290,0.158752,-0.137817,0.008911,-0.977600,7.801,77.5,-1
1783958095.744,1367,312828,0,0.00000000,0.00000000,0.00,0,0,-0.24,-0.043,0.5880,0.2940,1.8130,1.9285,0.158752,-0.137695,0.008850,-0.977600,7.804,68.8,-1
1783958095.932,1368,313047,0,0.00000000,0.00000000,0.00,0,0,-0.11,0.035,0.0980,0.9310,1.6660,1.9110,0.158752,-0.137573,0.008789,-0.977661,7.801,75.0,-1
1783958096.179,1369,313263,0,0.00000000,0.00000000,0.00,0,0,-0.17,0.008,0.3920,0.6370,1.8130,1.9612,0.158691,-0.137573,0.008850,-0.977661,7.802,71.2,-1
1783958096.367,1370,313489,0,0.00000000,0.00000000,0.00,0,0,-0.18,0.002,0.2450,0.7350,1.3230,1.5332,0.158691,-0.137634,0.009094,-0.977661,7.802,73.8,-1
1783958096.614,1371,313709,0,0.00000000,0.00000000,0.00,0,0,-0.10,0.027,0.1960,1.3230,0.1960,1.3517,0.158691,-0.137573,0.009033,-0.977661,7.804,72.5,-1
1783958096.800,1372,313930,0,0.00000000,0.00000000,0.00,0,0,-0.15,-0.020,0.5880,0.3920,1.5680,1.7199,0.158569,-0.137573,0.009094,-0.977661,7.805,73.8,-1
1783958097.051,1373,314142,0,0.00000000,0.00000000,0.00,0,0,-0.21,-0.027,0.2940,1.0780,0.5390,1.2406,0.158569,-0.137512,0.009094,-0.977661,7.804,71.2,-1
1783958097.237,1374,314364,0,0.00000000,0.00000000,0.00,0,0,-0.22,-0.031,0.4410,0.4410,1.6170,1.7331,0.158447,-0.137390,0.009033,-0.977722,7.804,76.2,-1
1783958097.483,1375,314590,0,0.00000000,0.00000000,0.00,0,0,-0.12,0.003,0.5880,0.7350,2.1560,2.3525,0.158325,-0.137329,0.008972,-0.977722,7.804,75.0,-1
1783958097.731,1376,314810,0,0.00000000,0.00000000,0.00,0,0,-0.16,-0.019,0.5880,0.2450,1.0290,1.2102,0.158325,-0.137268,0.008972,-0.977783,7.802,76.2,-1
1783958097.915,1377,315034,0,0.00000000,0.00000000,0.00,0,0,-0.19,-0.016,0.3920,0.1960,1.1270,1.2092,0.158203,-0.137268,0.009033,-0.977783,7.804,66.2,-1
1783958098.164,1378,315251,0,0.00000000,0.00000000,0.00,0,0,-0.07,0.061,0.4900,0.9800,1.3230,1.7178,0.158264,-0.137451,0.009033,-0.977722,7.804,70.0,-1
1783958098.351,1379,315473,0,0.00000000,0.00000000,0.00,0,0,-0.28,-0.063,0.3430,1.2250,2.2540,2.5882,0.158142,-0.137573,0.009033,-0.977722,7.802,67.5,-1
1783958098.600,1380,315692,0,0.00000000,0.00000000,0.00,0,0,-0.18,-0.019,0.3430,0.1960,1.2740,1.3338,0.158081,-0.137756,0.009094,-0.977722,7.802,71.2,-1
1783958098.788,1381,315916,0,0.00000000,0.00000000,0.00,0,0,-0.16,-0.008,0.6370,0.3920,1.5680,1.7373,0.158081,-0.137756,0.009094,-0.977722,7.801,68.8,-1
1783958099.036,1382,316158,0,0.00000000,0.00000000,0.00,0,0,-0.19,-0.012,0.4410,0.6370,2.0580,2.1990,0.158020,-0.137756,0.009094,-0.977722,7.802,71.2,-1
1783958099.283,1383,316385,0,0.00000000,0.00000000,0.00,0,0,-0.25,-0.041,0.6370,0.4410,2.1070,2.2449,0.157959,-0.137817,0.009094,-0.977722,7.804,75.0,-1
1783958099.534,1384,316606,0,0.00000000,0.00000000,0.00,0,0,-0.17,-0.015,0.6370,0.9310,1.8130,2.1353,0.158020,-0.137695,0.009094,-0.977722,7.804,82.5,-1
1783958099.719,1385,316825,0,0.00000000,0.00000000,0.00,0,0,-0.34,-0.136,0.0000,0.8330,1.6660,1.8626,0.157959,-0.137512,0.009155,-0.977783,7.802,78.8,-1
1783958099.966,1386,317044,0,0.00000000,0.00000000,0.00,0,0,-0.14,-0.043,0.1960,0.4900,0.7840,0.9451,0.157898,-0.137451,0.009033,-0.977783,7.802,80.0,-1
1783958100.153,1387,317255,0,0.00000000,0.00000000,0.00,0,0,-0.08,-0.022,0.1470,-0.0490,0.8330,0.8473,0.157837,-0.137451,0.008911,-0.977783,7.804,75.0,-1
1783958100.400,1388,317479,0,0.00000000,0.00000000,0.00,0,0,-0.16,-0.085,1.4210,-0.1960,3.2830,3.5827,0.157898,-0.137512,0.008850,-0.977783,7.802,72.5,-1
1783958100.586,1389,317707,0,0.00000000,0.00000000,0.00,0,0,-0.19,-0.092,0.3920,0.5390,1.7150,1.8399,0.157898,-0.137573,0.008972,-0.977783,7.801,75.0,-1
1783958100.832,1390,317929,0,0.00000000,0.00000000,0.00,0,0,-0.08,-0.000,0.0980,0.6860,1.2250,1.4074,0.157837,-0.137512,0.009033,-0.977783,7.801,76.2,-1
1783958101.018,1391,318141,0,0.00000000,0.00000000,0.00,0,0,-0.02,0.033,0.2450,0.5390,0.7350,0.9438,0.157776,-0.137512,0.009033,-0.977844,7.801,68.8,-1
1783958101.266,1392,318361,0,0.00000000,0.00000000,0.00,0,0,0.04,0.069,0.1470,0.5390,1.6660,1.7572,0.157837,-0.137512,0.008972,-0.977783,7.801,70.0,-1
1783958101.454,1393,318562,0,0.00000000,0.00000000,0.00,0,0,0.16,0.133,0.8820,0.3920,3.1850,3.3280,0.157898,-0.137695,0.008972,-0.977783,7.800,71.2,-1
1783958101.704,1394,318783,0,0.00000000,0.00000000,0.00,0,0,0.00,0.024,0.1470,0.2940,2.3520,2.3749,0.157837,-0.137573,0.009094,-0.977783,7.802,67.5,-1
1783958101.888,1395,319007,0,0.00000000,0.00000000,0.00,0,0,0.19,0.134,0.7350,0.8330,1.3230,1.7276,0.158020,-0.137695,0.008972,-0.977722,7.801,72.5,-1
1783958102.138,1396,319223,0,0.00000000,0.00000000,0.00,0,0,0.18,0.098,0.7840,2.0090,0.4410,2.2012,0.157959,-0.137695,0.008972,-0.977783,7.802,70.0,-1
1783958102.324,1397,319441,0,0.00000000,0.00000000,0.00,0,0,0.22,0.101,0.9310,0.3920,2.3520,2.5598,0.157959,-0.137756,0.009033,-0.977722,7.804,71.2,-1
1783958102.573,1398,319660,0,0.00000000,0.00000000,0.00,0,0,0.30,0.136,0.4900,1.0290,1.8620,2.1831,0.157959,-0.137695,0.008972,-0.977783,7.802,72.5,-1
1783958102.759,1399,319884,0,0.00000000,0.00000000,0.00,0,0,0.27,0.076,1.2740,1.9110,0.6860,2.3970,0.157959,-0.137573,0.009033,-0.977783,7.802,68.8,-1
1783958103.008,1400,320105,0,0.00000000,0.00000000,0.00,0,0,0.35,0.121,0.4900,0.8820,1.2740,1.6251,0.157959,-0.137634,0.009033,-0.977783,7.804,76.2,-1
1783958103.196,1401,320318,0,0.00000000,0.00000000,0.00,0,0,0.34,0.122,0.1470,0.1470,1.2740,1.2909,0.157959,-0.137634,0.009094,-0.977783,7.804,71.2,-1
1783958103.443,1402,320541,0,0.00000000,0.00000000,0.00,0,0,0.29,0.080,-0.0490,1.9110,0.1470,1.9173,0.157959,-0.137634,0.009033,-0.977783,7.804,72.5,-1
1783958103.691,1403,320766,0,0.00000000,0.00000000,0.00,0,0,0.38,0.134,0.6860,0.2940,1.7640,1.9154,0.157959,-0.137573,0.008911,-0.977783,7.801,66.2,-1
1783958103.877,1404,320986,0,0.00000000,0.00000000,0.00,0,0,0.30,0.089,-0.1960,1.4700,1.2250,1.9235,0.157959,-0.137512,0.008911,-0.977783,7.802,71.2,-1
1783958104.126,1405,321200,0,0.00000000,0.00000000,0.00,0,0,0.41,0.135,-0.0980,0.2450,1.2740,1.3010,0.157898,-0.137512,0.008850,-0.977783,7.801,75.0,-1
1783958104.312,1406,321428,0,0.00000000,0.00000000,0.00,0,0,0.48,0.151,-0.2450,1.1270,1.2250,1.6825,0.158020,-0.137329,0.008911,-0.977783,7.801,73.8,-1
1783958104.564,1407,321648,0,0.00000000,0.00000000,0.00,0,0,0.55,0.198,0.2450,0.2940,1.8620,1.9009,0.158020,-0.137268,0.008972,-0.977783,7.804,72.5,-1
1783958104.749,1408,321866,0,0.00000000,0.00000000,0.00,0,0,0.49,0.108,0.4900,0.2940,1.7640,1.8542,0.157959,-0.137451,0.008911,-0.977783,7.802,73.8,-1
1783958105.000,1409,322091,0,0.00000000,0.00000000,0.00,0,0,0.56,0.158,0.6370,0.9800,1.8620,2.1985,0.157898,-0.137451,0.009094,-0.977783,7.801,75.0,-1
1783958105.183,1410,322310,0,0.00000000,0.00000000,0.00,0,0,0.55,0.109,0.0490,0.3920,1.1270,1.1942,0.158020,-0.137512,0.009033,-0.977783,7.802,73.8,-1
1783958105.433,1411,322527,0,0.00000000,0.00000000,0.00,0,0,0.42,0.007,0.1470,0.8820,1.8620,2.0656,0.158020,-0.137634,0.009094,-0.977722,7.801,73.8,-1
1783958105.622,1412,322747,0,0.00000000,0.00000000,0.00,0,0,0.49,0.046,0.4410,0.2450,2.4500,2.5014,0.158020,-0.137634,0.009094,-0.977783,7.802,76.2,-1
1783958105.871,1413,322968,0,0.00000000,0.00000000,0.00,0,0,0.53,0.081,0.4900,0.5880,1.8620,2.0132,0.158142,-0.137451,0.009155,-0.977783,7.802,75.0,-1
1783958106.060,1414,323185,0,0.00000000,0.00000000,0.00,0,0,0.52,0.102,0.3430,0.4900,0.5880,0.8387,0.158142,-0.137512,0.009155,-0.977722,7.801,75.0,-1
1783958106.311,1415,323412,0,0.00000000,0.00000000,0.00,0,0,0.47,0.070,0.4900,0.1960,1.4700,1.5619,0.158203,-0.137695,0.009094,-0.977722,7.804,71.2,-1
1783958106.561,1416,323632,0,0.00000000,0.00000000,0.00,0,0,0.56,0.123,0.3920,0.0490,1.5190,1.5695,0.158142,-0.137817,0.009094,-0.977722,7.801,73.8,-1
1783958106.748,1417,323853,0,0.00000000,0.00000000,0.00,0,0,0.52,0.094,0.4900,0.6860,1.7640,1.9551,0.158203,-0.137695,0.009033,-0.977722,7.802,71.2,-1
1783958106.997,1418,324072,0,0.00000000,0.00000000,0.00,0,0,0.61,0.140,0.1960,0.5880,1.6170,1.7317,0.158264,-0.137695,0.008911,-0.977722,7.801,71.2,-1
1783958107.183,1419,324289,0,0.00000000,0.00000000,0.00,0,0,0.54,0.108,0.0980,1.0290,1.2250,1.6028,0.158325,-0.137573,0.008911,-0.977722,7.802,77.5,-1
1783958107.430,1420,324514,0,0.00000000,0.00000000,0.00,0,0,0.60,0.128,0.2940,0.2450,1.2250,1.2834,0.158264,-0.137451,0.008972,-0.977722,7.801,71.2,-1
1783958107.617,1421,324736,0,0.00000000,0.00000000,0.00,0,0,0.50,0.036,0.6370,0.0000,1.6170,1.7379,0.158264,-0.137390,0.008911,-0.977722,7.801,71.2,-1
1783958107.864,1422,324962,0,0.00000000,0.00000000,0.00,0,0,0.40,-0.031,-0.2940,0.6370,1.2250,1.4117,0.158325,-0.137390,0.009033,-0.977722,7.802,75.0,-1
1783958108.048,1423,325178,0,0.00000000,0.00000000,0.00,0,0,0.40,-0.011,0.1960,0.4410,1.0290,1.1365,0.158325,-0.137329,0.009216,-0.977722,7.802,72.5,-1
1783958108.299,1424,325407,0,0.00000000,0.00000000,0.00,0,0,0.46,0.028,-0.0980,1.2250,1.0290,1.6028,0.158264,-0.137390,0.009094,-0.977783,7.804,73.8,-1
1783958108.547,1425,325628,0,0.00000000,0.00000000,0.00,0,0,0.49,0.043,0.8820,0.6860,1.4700,1.8465,0.158264,-0.137512,0.009094,-0.977722,7.802,73.8,-1
1783958108.733,1426,325853,0,0.00000000,0.00000000,0.00,0,0,0.49,0.064,0.3430,0.7840,1.6170,1.8295,0.158081,-0.137573,0.009216,-0.977783,7.804,75.0,-1
1783958108.980,1427,326078,0,0.00000000,0.00000000,0.00,0,0,0.54,0.085,0.5880,1.0290,0.5880,1.3230,0.158081,-0.137573,0.009094,-0.977783,7.802,71.2,-1
1783958109.168,1428,326296,0,0.00000000,0.00000000,0.00,0,0,0.50,0.074,0.5880,0.3430,1.9110,2.0286,0.157959,-0.137512,0.009033,-0.977783,7.801,71.2,-1
1783958109.420,1429,326522,0,0.00000000,0.00000000,0.00,0,0,0.50,0.078,0.6370,0.5880,2.4010,2.5527,0.157898,-0.137573,0.009033,-0.977783,7.802,76.2,-1
1783958109.668,1430,326749,0,0.00000000,0.00000000,0.00,0,0,0.50,0.039,0.4410,0.4410,1.4210,1.5518,0.157898,-0.137634,0.008911,-0.977783,7.802,78.8,-1
1783958109.854,1431,326971,0,0.00000000,0.00000000,0.00,0,0,0.46,0.007,0.8330,-0.1960,1.7640,1.9606,0.157837,-0.137573,0.009033,-0.977783,7.801,73.8,-1
1783958110.102,1432,327190,0,0.00000000,0.00000000,0.00,0,0,0.61,0.068,1.0290,0.3430,1.9110,2.1974,0.157776,-0.137634,0.009094,-0.977783,7.800,76.2,-1
1783958110.288,1433,327411,0,0.00000000,0.00000000,0.00,0,0,0.39,-0.037,0.8820,0.7840,2.2050,2.5009,0.157898,-0.137634,0.009216,-0.977783,7.804,73.8,-1
1783958110.534,1434,327628,0,0.00000000,0.00000000,0.00,0,0,0.50,0.007,0.3430,0.3920,1.4700,1.5596,0.157837,-0.137512,0.009216,-0.977783,7.801,78.8,-1
1783958110.780,1435,327852,0,0.00000000,0.00000000,0.00,0,0,0.36,-0.074,0.0980,0.6860,1.3230,1.4935,0.157898,-0.137451,0.009094,-0.977783,7.802,73.8,-1
1783958110.965,1436,328078,0,0.00000000,0.00000000,0.00,0,0,0.44,-0.006,0.7350,0.1470,1.8620,2.0072,0.157898,-0.137390,0.009033,-0.977783,7.802,76.2,-1
1783958111.212,1437,328294,0,0.00000000,0.00000000,0.00,0,0,0.44,0.009,0.1960,0.3920,1.2250,1.3010,0.157898,-0.137451,0.008911,-0.977783,7.802,72.5,-1
1783958111.399,1438,328523,0,0.00000000,0.00000000,0.00,0,0,0.47,0.061,0.3920,0.3920,1.3720,1.4798,0.158264,-0.137085,0.009827,-0.977783,7.801,72.5,-1
1783958111.648,1439,328746,0,0.00000000,0.00000000,0.00,0,0,0.34,-0.029,0.0490,1.8130,1.2250,2.1886,0.158752,-0.136230,0.010437,-0.977844,7.804,73.8,-1
1783958111.898,1440,328973,0,0.00000000,0.00000000,0.00,0,0,0.40,0.044,0.6370,0.7350,1.3230,1.6420,0.142578,-0.122803,0.015869,-0.981995,7.801,73.8,-1
1783958112.086,1441,329184,0,0.00000000,0.00000000,0.00,0,0,0.35,0.012,0.3920,0.1470,1.6660,1.7178,0.124207,-0.111877,0.014465,-0.985840,7.801,76.2,-1
1783958112.273,1442,329402,0,0.00000000,0.00000000,0.00,0,0,0.30,-0.104,0.0980,0.9800,1.1270,1.4967,0.116455,-0.108704,0.018921,-0.987061,7.799,73.8,-1
1783958112.521,1443,329622,0,0.00000000,0.00000000,0.00,0,0,0.33,-0.061,0.5390,0.5390,1.3720,1.5695,0.118042,-0.110168,0.018250,-0.986694,7.801,76.2,-1
1783958112.770,1444,329841,0,0.00000000,0.00000000,0.00,0,0,0.35,-0.045,0.3920,0.5390,1.7640,1.8857,0.118408,-0.110657,0.018188,-0.986633,7.802,75.0,-1
1783958112.957,1445,330067,0,0.00000000,0.00000000,0.00,0,0,0.22,-0.117,0.2940,-0.1470,0.7350,0.8052,0.118530,-0.110962,0.018250,-0.986572,7.802,72.5,-1
1783958113.204,1446,330288,0,0.00000000,0.00000000,0.00,0,0,0.22,-0.083,0.0490,1.1760,0.5880,1.3157,0.131470,-0.114563,0.016602,-0.984558,7.801,70.0,-1
1783958113.393,1447,330504,0,0.00000000,0.00000000,0.00,0,0,0.31,-0.021,0.6860,0.4900,1.9110,2.0887,0.147888,-0.120972,0.015320,-0.981445,7.802,77.5,-1
1783958113.640,1448,330725,0,0.00000000,0.00000000,0.00,0,0,0.22,-0.100,0.1470,0.6860,1.0290,1.2454,0.148254,-0.121765,0.015747,-0.981323,7.802,78.8,-1
1783958113.827,1449,330946,0,0.00000000,0.00000000,0.00,0,0,0.25,-0.055,0.2450,0.6860,1.0780,1.3010,0.148376,-0.121582,0.015564,-0.981323,7.802,71.2,-1
1783958114.075,1450,331159,0,0.00000000,0.00000000,0.00,0,0,0.23,-0.063,0.9310,0.0980,1.8130,2.0404,0.148376,-0.122498,0.015442,-0.981201,7.801,75.0,-1
1783958114.263,1451,331379,0,0.00000000,0.00000000,0.00,0,0,0.29,-0.020,0.0980,0.6860,1.3230,1.4935,0.150269,-0.123108,0.014954,-0.980835,7.801,73.8,-1
1783958114.512,1452,331608,0,0.00000000,0.00000000,0.00,0,0,0.31,-0.001,0.2940,0.4410,1.8130,1.8889,0.150208,-0.123047,0.014832,-0.980835,7.801,72.5,-1
1783958114.696,1453,331826,0,0.00000000,0.00000000,0.00,0,0,0.36,0.034,0.4900,0.8330,1.9110,2.1415,0.150146,-0.122742,0.014771,-0.980896,7.804,73.8,-1
1783958114.945,1454,332049,0,0.00000000,0.00000000,0.00,0,0,0.36,0.044,0.2450,0.1470,1.5680,1.5938,0.150146,-0.122681,0.014648,-0.980896,7.800,76.2,-1
1783958115.193,1455,332265,0,0.00000000,0.00000000,0.00,0,0,0.33,0.039,0.0980,0.4410,0.8330,0.9476,0.150269,-0.122681,0.014465,-0.980896,7.801,72.5,-1
1783958115.379,1456,332489,0,0.00000000,0.00000000,0.00,0,0,0.44,0.119,-0.0490,0.8820,1.0290,1.3562,0.150269,-0.122681,0.014526,-0.980896,7.801,75.0,-1
1783958115.629,1457,332710,0,0.00000000,0.00000000,0.00,0,0,0.32,0.074,0.5390,0.0980,1.4210,1.5229,0.150208,-0.122681,0.014526,-0.980896,7.802,77.5,-1
1783958115.815,1458,332932,0,0.00000000,0.00000000,0.00,0,0,0.32,0.051,0.5880,0.6370,2.1070,2.2784,0.150146,-0.122803,0.014587,-0.980896,7.802,72.5,-1
1783958116.065,1459,333145,0,0.00000000,0.00000000,0.00,0,0,0.36,0.053,0.0980,1.3230,0.8820,1.5931,0.150208,-0.122803,0.014648,-0.980896,7.801,73.8,-1
1783958116.251,1460,333371,0,0.00000000,0.00000000,0.00,0,0,0.34,0.046,0.6860,-0.4410,2.2050,2.3510,0.150208,-0.122620,0.014465,-0.980896,7.801,75.0,-1
1783958116.501,1461,333591,0,0.00000000,0.00000000,0.00,0,0,0.45,0.134,0.1960,0.7840,1.3230,1.5503,0.150208,-0.122681,0.014526,-0.980896,7.800,75.0,-1
1783958116.689,1462,333814,0,0.00000000,0.00000000,0.00,0,0,0.36,0.088,0.5390,0.2450,1.3720,1.4943,0.150146,-0.122620,0.014648,-0.980896,7.801,72.5,-1
1783958116.938,1463,334034,0,0.00000000,0.00000000,0.00,0,0,0.38,0.076,0.7840,-0.0980,1.9110,2.0679,0.150146,-0.122681,0.014709,-0.980896,7.801,72.5,-1
1783958117.124,1464,334249,0,0.00000000,0.00000000,0.00,0,0,0.38,0.064,0.5390,1.6170,1.3230,2.1577,0.150085,-0.122681,0.014832,-0.980896,7.801,81.2,-1
1783958117.374,1465,334475,0,0.00000000,0.00000000,0.00,0,0,0.49,0.105,0.6370,0.6860,1.5190,1.7843,0.150146,-0.122681,0.014648,-0.980896,7.802,72.5,-1
1783958117.623,1466,334694,0,0.00000000,0.00000000,0.00,0,0,0.59,0.186,0.4900,0.2940,1.0780,1.2201,0.150085,-0.122803,0.014771,-0.980896,7.801,77.5,-1
1783958117.810,1467,334915,0,0.00000000,0.00000000,0.00,0,0,0.57,0.150,0.1960,0.4410,0.9310,1.0486,0.150024,-0.122864,0.014893,-0.980896,7.801,71.2,-1
1783958118.061,1468,335132,0,0.00000000,0.00000000,0.00,0,0,0.63,0.176,0.3430,0.2940,1.6660,1.7262,0.149963,-0.122925,0.014832,-0.980896,7.801,73.8,-1
1783958118.248,1469,335357,0,0.00000000,0.00000000,0.00,0,0,0.57,0.126,0.0490,0.9310,1.2740,1.5787,0.150024,-0.122986,0.014954,-0.980896,7.801,73.8,-1
1783958118.498,1470,335575,0,0.00000000,0.00000000,0.00,0,0,0.58,0.107,0.0000,0.8330,0.8820,1.2132,0.149963,-0.122864,0.015015,-0.980896,7.800,75.0,-1
1783958118.686,1471,335796,0,0.00000000,0.00000000,0.00,0,0,0.57,0.080,0.4900,0.2940,2.1560,2.2304,0.149902,-0.122803,0.014893,-0.980957,7.801,75.0,-1
1783958118.935,1472,336016,0,0.00000000,0.00000000,0.00,0,0,0.58,0.090,0.1470,0.4900,1.2740,1.3729,0.149841,-0.122803,0.014648,-0.980957,7.802,76.2,-1
1783958119.122,1473,336232,0,0.00000000,0.00000000,0.00,0,0,0.58,0.053,0.2940,0.5880,1.4700,1.6103,0.149902,-0.122925,0.014526,-0.980896,7.802,76.2,-1
1783958119.371,1474,336458,0,0.00000000,0.00000000,0.00,0,0,0.58,0.062,0.3430,0.5880,1.3230,1.4879,0.149841,-0.123047,0.014648,-0.980896,7.801,73.8,-1
1783958119.559,1475,336682,0,0.00000000,0.00000000,0.00,0,0,0.50,-0.001,-0.0980,0.7350,0.8820,1.1523,0.149780,-0.122925,0.014709,-0.980957,7.800,72.5,-1
1783958119.807,1476,336904,0,0.00000000,0.00000000,0.00,0,0,0.56,0.014,0.2940,0.5880,1.8130,1.9285,0.149780,-0.122925,0.014648,-0.980957,7.801,73.8,-1
1783958120.055,1477,337151,0,0.00000000,0.00000000,0.00,0,0,0.49,-0.002,0.7350,0.4900,1.7640,1.9728,0.149780,-0.122681,0.014587,-0.980957,7.801,73.8,-1
1783958120.243,1478,337370,0,0.00000000,0.00000000,0.00,0,0,0.60,0.040,0.4900,-0.4410,1.2250,1.3911,0.149719,-0.122498,0.014771,-0.981018,7.801,81.2,-1
1783958120.492,1479,337589,0,0.00000000,0.00000000,0.00,0,0,0.63,0.044,0.6370,0.3920,1.6660,1.8262,0.149719,-0.122375,0.014771,-0.981018,7.801,82.5,-1
1783958120.739,1480,337812,0,0.00000000,0.00000000,0.00,0,0,0.44,-0.055,-0.0490,1.0780,1.2250,1.6325,0.149780,-0.122437,0.014771,-0.981018,7.801,73.8,-1
1783958120.927,1481,338032,0,0.00000000,0.00000000,0.00,0,0,0.50,0.003,0.3920,0.3430,1.3720,1.4675,0.149841,-0.122559,0.014832,-0.980957,7.801,67.5,-1
1783958121.175,1482,338249,0,0.00000000,0.00000000,0.00,0,0,0.44,-0.045,0.4900,0.6370,0.9310,1.2299,0.149902,-0.122559,0.014832,-0.980957,7.801,78.8,-1
1783958121.362,1483,338475,0,0.00000000,0.00000000,0.00,0,0,0.38,-0.097,1.3230,0.6370,2.0580,2.5281,0.149780,-0.122559,0.014893,-0.980957,7.801,73.8,-1
1783958121.547,1484,338675,0,0.00000000,0.00000000,0.00,0,0,0.33,-0.117,-0.0490,0.8820,1.5190,1.7572,0.149841,-0.122620,0.014893,-0.980957,7.801,67.5,-1
1783958121.796,1485,338902,0,0.00000000,0.00000000,0.00,0,0,0.40,-0.077,0.1470,0.7350,0.8820,1.1575,0.149780,-0.122559,0.014954,-0.980957,7.800,76.2,-1
1783958122.043,1486,339145,0,0.00000000,0.00000000,0.00,0,0,0.29,-0.130,0.4900,0.5390,1.6170,1.7735,0.149780,-0.122620,0.015015,-0.980957,7.800,77.5,-1
1783958122.292,1487,339368,0,0.00000000,0.00000000,0.00,0,0,0.38,-0.075,0.5390,0.5880,1.1760,1.4210,0.149719,-0.122986,0.015015,-0.980957,7.801,70.0,-1
1783958122.480,1488,339593,0,0.00000000,0.00000000,0.00,0,0,0.39,-0.057,0.2450,0.5880,2.0580,2.1543,0.149658,-0.123108,0.014893,-0.980957,7.800,80.0,-1
1783958122.729,1489,339818,0,0.00000000,0.00000000,0.00,0,0,0.32,-0.099,0.6860,0.0490,1.4700,1.6229,0.149719,-0.122925,0.014893,-0.980957,7.801,71.2,-1
1783958122.916,1490,340035,0,0.00000000,0.00000000,0.00,0,0,0.28,-0.104,0.4900,1.0290,1.8130,2.1415,0.149780,-0.122803,0.014771,-0.980957,7.801,68.8,-1
1783958123.162,1491,340244,0,0.00000000,0.00000000,0.00,0,0,0.33,-0.073,-0.0980,0.3430,1.1270,1.1821,0.149841,-0.122742,0.014771,-0.980957,7.802,78.8,-1
1783958123.349,1492,340469,0,0.00000000,0.00000000,0.00,0,0,0.26,-0.104,0.2940,0.3430,1.4700,1.5379,0.149780,-0.122620,0.014832,-0.980957,7.801,75.0,-1
1783958123.598,1493,340696,0,0.00000000,0.00000000,0.00,0,0,0.34,-0.029,-0.1470,0.8820,0.8330,1.2221,0.149658,-0.122620,0.014832,-0.981018,7.801,76.2,-1
1783958123.846,1494,340919,0,0.00000000,0.00000000,0.00,0,0,0.31,-0.045,0.3920,0.7840,0.7840,1.1760,0.149536,-0.122620,0.014954,-0.981018,7.801,73.8,-1
1783958124.031,1495,341131,0,0.00000000,0.00000000,0.00,0,0,0.30,-0.054,0.2940,0.5390,1.6170,1.7296,0.149536,-0.122681,0.015015,-0.981018,7.801,72.5,-1
1783958124.281,1496,341359,0,0.00000000,0.00000000,0.00,0,0,0.21,-0.091,1.2740,-0.0490,3.3810,3.6134,0.149536,-0.122742,0.014893,-0.981018,7.801,75.0,-1
1783958124.467,1497,341578,0,0.00000000,0.00000000,0.00,0,0,0.02,-0.235,0.0980,0.9800,2.2540,2.4598,0.149597,-0.122864,0.014893,-0.980957,7.800,76.2,-1
1783958124.715,1498,341799,0,0.00000000,0.00000000,0.00,0,0,0.16,-0.123,0.8820,0.4410,1.2250,1.5726,0.149597,-0.122986,0.015015,-0.980957,7.801,75.0,-1
1783958124.900,1499,342021,0,0.00000000,0.00000000,0.00,0,0,0.13,-0.134,0.7350,0.5390,0.8330,1.2348,0.149658,-0.123108,0.014893,-0.980957,7.801,76.2,-1
1783958125.148,1500,342232,0,0.00000000,0.00000000,0.00,0,0,0.16,-0.133,0.2940,0.3920,2.2050,2.2588,0.149597,-0.123169,0.014954,-0.980957,7.801,72.5,-1
1783958125.333,1501,342449,0,0.00000000,0.00000000,0.00,0,0,0.15,-0.118,-0.0490,0.2450,0.1470,0.2899,0.149536,-0.123108,0.015015,-0.980957,7.799,76.2,-1
1783958125.580,1502,342673,0,0.00000000,0.00000000,0.00,0,0,0.15,-0.107,0.0000,0.5390,1.1270,1.2493,0.149536,-0.123108,0.014954,-0.980957,7.802,71.2,-1
1783958125.768,1503,342892,0,0.00000000,0.00000000,0.00,0,0,0.18,-0.076,0.4900,-0.1960,1.8620,1.9353,0.149597,-0.122681,0.014832,-0.981018,7.802,73.8,-1
1783958126.017,1504,343134,0,0.00000000,0.00000000,0.00,0,0,0.12,-0.075,0.0000,0.6370,1.6660,1.7836,0.149719,-0.123230,0.014587,-0.980896,7.805,70.0,-1
1783958126.266,1505,343353,0,0.00000000,0.00000000,0.00,0,0,0.19,0.017,0.4410,0.6370,1.0290,1.2881,0.149719,-0.122559,0.014893,-0.981018,7.804,73.8,-1
1783958126.453,1506,343574,0,0.00000000,0.00000000,0.00,0,0,0.15,-0.031,0.6370,1.0290,1.5680,1.9807,0.149719,-0.122620,0.014832,-0.980957,7.802,71.2,-1
1783958126.699,1507,343795,0,0.00000000,0.00000000,0.00,0,0,0.04,-0.093,0.5880,0.5880,1.1270,1.4006,0.149658,-0.122681,0.014771,-0.980957,7.802,72.5,-1
1783958126.885,1508,344015,0,0.00000000,0.00000000,0.00,0,0,0.17,-0.035,0.2940,0.1470,1.6170,1.6501,0.149597,-0.122742,0.014648,-0.981018,7.802,67.5,-1
1783958127.133,1509,344229,0,0.00000000,0.00000000,0.00,0,0,0.04,-0.127,0.6860,0.2450,2.0580,2.1831,0.149536,-0.122620,0.014771,-0.981018,7.804,75.0,-1
1783958127.380,1510,344455,0,0.00000000,0.00000000,0.00,0,0,0.07,-0.085,0.0490,1.3720,1.3720,1.9409,0.149475,-0.122559,0.014832,-0.981018,7.801,72.5,-1
1783958127.567,1511,344676,0,0.00000000,0.00000000,0.00,0,0,0.04,-0.037,0.4410,0.7840,1.2740,1.5596,0.149475,-0.122681,0.014771,-0.981018,7.801,71.2,-1
1783958127.817,1512,344896,0,0.00000000,0.00000000,0.00,0,0,0.03,-0.016,-0.2450,0.9310,0.9310,1.3392,0.150024,-0.121094,0.018127,-0.981079,7.802,72.5,-1
1783958128.064,1513,345141,0,0.00000000,0.00000000,0.00,0,0,0.02,0.011,0.3920,0.3920,1.0780,1.2122,0.150635,-0.121887,0.017822,-0.980896,7.802,72.5,-1
1783958128.251,1514,345366,0,0.00000000,0.00000000,0.00,0,0,-0.01,-0.011,0.4900,0.1470,1.9110,1.9783,0.150635,-0.121765,0.018005,-0.980896,7.802,78.8,-1
1783958128.498,1515,345587,0,0.00000000,0.00000000,0.00,0,0,0.10,0.045,0.2940,0.2450,1.3230,1.3772,0.150574,-0.121765,0.018005,-0.980896,7.804,75.0,-1
1783958128.684,1516,345809,0,0.00000000,0.00000000,0.00,0,0,0.06,0.035,0.6370,0.0000,1.0290,1.2102,0.150513,-0.121704,0.018066,-0.980896,7.801,75.0,-1
1783958128.932,1517,346030,0,0.00000000,0.00000000,0.00,0,0,0.12,0.047,0.7840,0.4410,1.0780,1.4040,0.150452,-0.121643,0.018066,-0.980957,7.801,75.0,-1
1783958129.117,1518,346240,0,0.00000000,0.00000000,0.00,0,0,0.02,-0.020,0.6860,0.4900,1.4700,1.6946,0.150391,-0.121826,0.018066,-0.980957,7.805,73.8,-1
1783958129.363,1519,346461,0,0.00000000,0.00000000,0.00,0,0,-0.10,-0.092,0.4410,0.6370,1.9600,2.1076,0.150269,-0.121826,0.018066,-0.980957,7.802,72.5,-1
1783958129.550,1520,346680,0,0.00000000,0.00000000,0.00,0,0,-0.09,-0.087,0.3430,0.2940,0.7350,0.8627,0.150269,-0.121887,0.018005,-0.980957,7.802,76.2,-1
1783958129.800,1521,346904,0,0.00000000,0.00000000,0.00,0,0,-0.17,-0.131,0.0490,1.2740,1.0780,1.6696,0.150208,-0.121887,0.017944,-0.980957,7.802,75.0,-1
1783958130.048,1522,347146,0,0.00000000,0.00000000,0.00,0,0,-0.16,-0.102,0.0980,0.5390,1.4700,1.5688,0.150208,-0.121826,0.017761,-0.980957,7.804,72.5,-1
1783958130.295,1523,347372,0,0.00000000,0.00000000,0.00,0,0,-0.20,-0.114,0.3430,0.2940,1.6170,1.6789,0.150146,-0.121704,0.017761,-0.980957,7.805,73.8,-1
1783958130.482,1524,347591,0,0.00000000,0.00000000,0.00,0,0,-0.11,-0.064,0.2940,0.2940,2.0580,2.0996,0.150146,-0.121765,0.017700,-0.980957,7.802,81.2,-1
1783958130.729,1525,347815,0,0.00000000,0.00000000,0.00,0,0,-0.25,-0.122,0.4410,0.2450,1.4210,1.5079,0.150208,-0.121887,0.017639,-0.980957,7.801,73.8,-1
1783958130.914,1526,348041,0,0.00000000,0.00000000,0.00,0,0,-0.15,-0.041,0.9800,-0.1960,1.0290,1.4345,0.150330,-0.121948,0.017639,-0.980896,7.802,75.0,-1
1783958131.160,1527,348252,0,0.00000000,0.00000000,0.00,0,0,-0.19,-0.061,0.2940,0.4900,1.9600,2.0416,0.150391,-0.122009,0.017700,-0.980896,7.801,72.5,-1
1783958131.345,1528,348475,0,0.00000000,0.00000000,0.00,0,0,-0.28,-0.129,0.0000,0.2940,1.8130,1.8367,0.150391,-0.122070,0.017700,-0.980896,7.801,72.5,-1
1783958131.595,1529,348694,0,0.00000000,0.00000000,0.00,0,0,-0.29,-0.123,0.6370,0.3920,2.0090,2.1437,0.150269,-0.122070,0.017761,-0.980896,7.801,78.8,-1
1783958131.839,1530,348916,0,0.00000000,0.00000000,0.00,0,0,-0.29,-0.112,0.0980,0.6370,2.0090,2.1098,0.150330,-0.121887,0.017639,-0.980957,7.801,72.5,-1
1783958132.026,1531,349131,0,0.00000000,0.00000000,0.00,0,0,-0.21,-0.077,0.3920,0.4410,1.2740,1.4040,0.150330,-0.121948,0.017517,-0.980957,7.801,71.2,-1
1783958132.275,1532,349359,0,0.00000000,0.00000000,0.00,0,0,-0.31,-0.125,0.2940,0.7350,1.3230,1.5417,0.150269,-0.122070,0.017578,-0.980896,7.802,76.2,-1
1783958132.460,1533,349576,0,0.00000000,0.00000000,0.00,0,0,-0.25,-0.075,0.4410,0.2940,2.1070,2.1726,0.150330,-0.122131,0.017578,-0.980896,7.801,78.8,-1
1783958132.707,1534,349797,0,0.00000000,0.00000000,0.00,0,0,-0.25,-0.064,0.0980,0.2940,1.0290,1.0747,0.150330,-0.122192,0.017578,-0.980896,7.802,75.0,-1
1783958132.891,1535,350019,0,0.00000000,0.00000000,0.00,0,0,-0.20,-0.036,-0.4900,0.0490,1.4700,1.5503,0.150330,-0.122192,0.017517,-0.980896,7.802,76.2,-1
1783958133.140,1536,350233,0,0.00000000,0.00000000,0.00,0,0,-0.22,-0.037,0.3920,0.2940,1.9600,2.0203,0.150330,-0.122131,0.017517,-0.980896,7.801,67.5,-1
1783958133.389,1537,350459,0,0.00000000,0.00000000,0.00,0,0,-0.22,-0.030,-0.8820,1.4210,-0.1960,1.6839,0.150330,-0.122131,0.017517,-0.980896,7.804,75.0,-1
1783958133.575,1538,350678,0,0.00000000,0.00000000,0.00,0,0,-0.29,-0.058,0.6860,0.0490,1.3230,1.4911,0.150330,-0.122131,0.017578,-0.980896,7.804,75.0,-1
1783958133.822,1539,350901,0,0.00000000,0.00000000,0.00,0,0,-0.23,-0.027,0.7350,-0.5390,1.3230,1.6066,0.150330,-0.122131,0.017578,-0.980896,7.802,75.0,-1
1783958134.068,1540,351145,0,0.00000000,0.00000000,0.00,0,0,-0.25,-0.030,-0.3430,0.0490,0.9800,1.0394,0.150330,-0.122009,0.017517,-0.980896,7.802,75.0,-1
1783958134.253,1541,351364,0,0.00000000,0.00000000,0.00,0,0,-0.42,-0.130,0.9800,0.8820,1.1760,1.7667,0.150330,-0.121887,0.017517,-0.980957,7.802,72.5,-1
1783958134.502,1542,351592,0,0.00000000,0.00000000,0.00,0,0,-0.46,-0.134,0.0980,0.3430,1.0290,1.0891,0.150330,-0.121826,0.017517,-0.980957,7.802,73.8,-1
1783958134.687,1543,351809,0,0.00000000,0.00000000,0.00,0,0,-0.44,-0.107,0.1470,0.5880,0.4410,0.7496,0.150330,-0.121765,0.017517,-0.980957,7.802,73.8,-1
1783958134.937,1544,352034,0,0.00000000,0.00000000,0.00,0,0,-0.34,-0.040,1.1270,0.2940,2.0580,2.3647,0.150330,-0.121765,0.017517,-0.980957,7.804,70.0,-1
1783958135.121,1545,352251,0,0.00000000,0.00000000,0.00,0,0,-0.36,-0.048,0.2940,1.2740,1.0290,1.6638,0.150330,-0.121765,0.017517,-0.980957,7.802,71.2,-1
1783958135.366,1546,352475,0,0.00000000,0.00000000,0.00,0,0,-0.44,-0.076,0.0000,1.0290,1.1760,1.5626,0.150330,-0.121826,0.017578,-0.980957,7.804,67.5,-1
1783958135.614,1547,352692,0,0.00000000,0.00000000,0.00,0,0,-0.42,-0.058,0.6860,0.4900,1.6660,1.8672,0.150330,-0.121826,0.017578,-0.980957,7.804,70.0,-1
1783958135.800,1548,352916,0,0.00000000,0.00000000,0.00,0,0,-0.42,-0.058,0.5390,0.6370,1.8620,2.0404,0.150330,-0.121826,0.017578,-0.980957,7.801,68.8,-1
1783958136.047,1549,353132,0,0.00000000,0.00000000,0.00,0,0,-0.42,-0.052,0.1960,0.6860,1.1270,1.3338,0.150330,-0.121887,0.017578,-0.980957,7.804,71.2,-1
1783958136.233,1550,353357,0,0.00000000,0.00000000,0.00,0,0,-0.24,0.072,-0.5390,1.2250,0.3920,1.3946,0.150391,-0.121948,0.017639,-0.980896,7.802,70.0,-1
1783958136.481,1551,353574,0,0.00000000,0.00000000,0.00,0,0,-0.26,0.057,0.4900,0.4900,1.9600,2.0789,0.150269,-0.122009,0.017700,-0.980957,7.801,76.2,-1
1783958136.668,1552,353798,0,0.00000000,0.00000000,0.00,0,0,-0.44,-0.060,0.1960,0.5390,2.0090,2.0893,0.150391,-0.122009,0.017700,-0.980896,7.802,68.8,-1
1783958136.914,1553,354018,0,0.00000000,0.00000000,0.00,0,0,-0.30,0.037,0.8330,0.0000,1.8620,2.0398,0.150269,-0.122131,0.017761,-0.980896,7.801,71.2,-1
1783958137.160,1554,354229,0,0.00000000,0.00000000,0.00,0,0,-0.27,0.030,0.5390,0.3920,0.6370,0.9219,0.150269,-0.122070,0.017761,-0.980896,7.801,70.0,-1
1783958137.346,1555,354450,0,0.00000000,0.00000000,0.00,0,0,-0.22,0.056,0.3430,0.7350,1.5680,1.7654,0.150269,-0.122070,0.017761,-0.980896,7.801,70.0,-1
1783958137.596,1556,354667,0,0.00000000,0.00000000,0.00,0,0,-0.13,0.094,1.6660,0.4410,1.0780,2.0328,0.150330,-0.122070,0.017700,-0.980896,7.799,72.5,-1
1783958137.781,1557,354890,0,0.00000000,0.00000000,0.00,0,0,-0.14,0.060,0.1960,1.3720,1.8620,2.3212,0.150452,-0.122009,0.017761,-0.980896,7.801,70.0,-1
1783958138.027,1558,355131,0,0.00000000,0.00000000,0.00,0,0,-0.26,-0.028,0.6860,0.3430,2.0090,2.1504,0.150452,-0.122070,0.017761,-0.980896,7.804,70.0,-1
1783958138.274,1559,355354,0,0.00000000,0.00000000,0.00,0,0,-0.15,0.051,-0.2450,0.9310,-0.1470,0.9739,0.150391,-0.122070,0.017639,-0.980896,7.802,70.0,-1
1783958138.460,1560,355579,0,0.00000000,0.00000000,0.00,0,0,-0.08,0.099,0.4900,0.2940,1.3720,1.4862,0.150391,-0.122131,0.017517,-0.980896,7.802,75.0,-1
1783958138.709,1561,355800,0,0.00000000,0.00000000,0.00,0,0,-0.06,0.094,-0.0490,0.2940,0.4900,0.5735,0.150391,-0.122070,0.017578,-0.980896,7.801,72.5,-1
1783958138.897,1562,356019,0,0.00000000,0.00000000,0.00,0,0,-0.06,0.076,1.1760,0.1960,2.4010,2.6807,0.150330,-0.121948,0.017578,-0.980896,7.802,72.5,-1
1783958139.146,1563,356233,0,0.00000000,0.00000000,0.00,0,0,-0.14,0.005,0.1960,1.6660,1.2250,2.0772,0.150330,-0.122009,0.017578,-0.980896,7.801,66.2,-1
1783958139.331,1564,356451,0,0.00000000,0.00000000,0.00,0,0,-0.16,-0.006,0.3920,0.4410,1.7640,1.8601,0.150391,-0.122009,0.017639,-0.980896,7.801,75.0,-1
1783958139.579,1565,356671,0,0.00000000,0.00000000,0.00,0,0,-0.13,0.005,0.0980,0.4900,1.7150,1.7863,0.150391,-0.122070,0.017639,-0.980896,7.801,76.2,-1
1783958139.764,1566,356894,0,0.00000000,0.00000000,0.00,0,0,-0.28,-0.093,0.4410,0.0980,2.1070,2.1549,0.150452,-0.122131,0.017700,-0.980896,7.800,71.2,-1
1783958140.011,1567,357137,0,0.00000000,0.00000000,0.00,0,0,-0.20,-0.030,0.5390,0.4410,1.8620,1.9880,0.150391,-0.122192,0.017822,-0.980896,7.801,70.0,-1
1783958140.260,1568,357361,0,0.00000000,0.00000000,0.00,0,0,-0.20,-0.049,0.5390,0.4900,1.3230,1.5103,0.150269,-0.122131,0.017883,-0.980896,7.801,71.2,-1
1783958140.507,1569,357586,0,0.00000000,0.00000000,0.00,0,0,0.02,0.083,0.3430,0.2940,1.7150,1.7735,0.150269,-0.122253,0.017822,-0.980896,7.802,68.8,-1
1783958140.692,1570,357804,0,0.00000000,0.00000000,0.00,0,0,-0.14,-0.006,-0.0490,0.7350,1.4210,1.6006,0.150208,-0.122253,0.017761,-0.980896,7.802,75.0,-1
1783958140.942,1571,358027,0,0.00000000,0.00000000,0.00,0,0,0.02,0.091,0.6370,-0.2450,1.2250,1.4023,0.150146,-0.122253,0.017761,-0.980896,7.802,71.2,-1
1783958141.159,1572,358247,0,0.00000000,0.00000000,0.00,0,0,0.01,0.097,0.7350,0.6370,1.6170,1.8870,0.150146,-0.122131,0.017761,-0.980957,7.801,68.8,-1
1783958141.346,1573,358466,0,0.00000000,0.00000000,0.00,0,0,-0.03,0.065,0.4410,0.9310,1.7150,2.0006,0.150208,-0.122253,0.017761,-0.980896,7.801,72.5,-1
1783958141.593,1574,358686,0,0.00000000,0.00000000,0.00,0,0,0.01,0.085,0.8330,0.2450,2.9400,3.0655,0.150208,-0.122253,0.017883,-0.980896,7.801,72.5,-1
1783958141.781,1575,358905,0,0.00000000,0.00000000,0.00,0,0,0.00,0.070,0.2450,0.6370,1.5190,1.6653,0.150208,-0.122253,0.017883,-0.980896,7.801,72.5,-1
1783958142.029,1576,359151,0,0.00000000,0.00000000,0.00,0,0,-0.07,0.034,-0.1470,0.7350,0.0000,0.7496,0.150208,-0.122131,0.017883,-0.980896,7.802,71.2,-1
1783958142.277,1577,359377,0,0.00000000,0.00000000,0.00,0,0,0.02,0.086,0.8330,0.2450,1.6660,1.8787,0.150208,-0.122131,0.017761,-0.980896,7.801,78.8,-1
1783958142.526,1578,359599,0,0.00000000,0.00000000,0.00,0,0,-0.04,0.028,0.6860,1.0290,1.9600,2.3175,0.150146,-0.122070,0.017639,-0.980957,7.798,81.2,-1
1783958142.714,1579,359822,0,0.00000000,0.00000000,0.00,0,0,0.04,0.073,0.2450,0.2940,1.4700,1.5190,0.150146,-0.122009,0.017700,-0.980957,7.801,76.2,-1
1783958142.961,1580,360047,0,0.00000000,0.00000000,0.00,0,0,-0.02,0.028,-0.3920,0.2940,0.6860,0.8430,0.150208,-0.121948,0.017761,-0.980957,7.800,76.2,-1
1783958143.144,1581,360259,0,0.00000000,0.00000000,0.00,0,0,-0.07,-0.008,0.3430,0.5390,1.7150,1.8301,0.150208,-0.122009,0.017700,-0.980957,7.800,78.8,-1
1783958143.390,1582,360481,0,0.00000000,0.00000000,0.00,0,0,0.01,0.036,0.2450,0.3920,1.2250,1.3093,0.150208,-0.121948,0.017700,-0.980957,7.801,75.0,-1
1783958143.576,1583,360699,0,0.00000000,0.00000000,0.00,0,0,-0.06,-0.016,1.0780,0.4900,2.0090,2.3320,0.150208,-0.121887,0.017700,-0.980957,7.801,80.0,-1
1783958143.825,1584,360924,0,0.00000000,0.00000000,0.00,0,0,0.02,0.047,0.4900,0.1470,1.6660,1.7428,0.150208,-0.121948,0.017700,-0.980957,7.801,73.8,-1
1783958144.071,1585,361143,0,0.00000000,0.00000000,0.00,0,0,0.00,0.025,0.3430,0.5390,1.1760,1.3383,0.150146,-0.121948,0.017639,-0.980957,7.800,77.5,-1
1783958144.258,1586,361363,0,0.00000000,0.00000000,0.00,0,0,-0.01,0.010,0.5390,0.9310,1.8130,2.1081,0.150208,-0.121887,0.017700,-0.980957,7.802,73.8,-1
1783958144.509,1587,361582,0,0.00000000,0.00000000,0.00,0,0,0.03,0.028,0.7350,0.4410,1.2740,1.5355,0.150208,-0.121887,0.017761,-0.980957,7.802,78.8,-1
1783958144.698,1588,361802,0,0.00000000,0.00000000,0.00,0,0,0.14,0.102,0.5390,0.6370,1.1760,1.4420,0.150208,-0.121826,0.017761,-0.980957,7.802,73.8,-1
1783958144.943,1589,362023,0,0.00000000,0.00000000,0.00,0,0,0.04,0.025,0.6860,1.3230,2.0090,2.5014,0.150208,-0.121826,0.017761,-0.980957,7.802,77.5,-1
1783958145.128,1590,362240,0,0.00000000,0.00000000,0.00,0,0,-0.05,-0.036,0.1960,0.4410,1.0290,1.1365,0.150208,-0.121887,0.017761,-0.980957,7.804,76.2,-1
1783958145.375,1591,362464,0,0.00000000,0.00000000,0.00,0,0,-0.03,-0.009,-0.2450,0.6370,0.7840,1.0394,0.150208,-0.121887,0.017761,-0.980957,7.801,78.8,-1
1783958145.559,1592,362683,0,0.00000000,0.00000000,0.00,0,0,0.03,0.031,0.1470,1.0780,2.2540,2.5028,0.150208,-0.121826,0.017822,-0.980957,7.800,80.0,-1
1783958145.807,1593,362906,0,0.00000000,0.00000000,0.00,0,0,0.13,0.076,0.3430,0.7840,1.8130,2.0048,0.150208,-0.121826,0.017822,-0.980957,7.801,76.2,-1
1783958146.055,1594,363152,0,0.00000000,0.00000000,0.00,0,0,-0.03,-0.008,0.3430,0.7350,1.2740,1.5103,0.150208,-0.121826,0.017822,-0.980957,7.801,75.0,-1
1783958146.304,1595,363378,0,0.00000000,0.00000000,0.00,0,0,0.04,0.010,0.2450,0.7350,1.2740,1.4911,0.150208,-0.121826,0.017822,-0.980957,7.800,73.8,-1
1783958146.489,1596,363595,0,0.00000000,0.00000000,0.00,0,0,0.19,0.088,0.4900,0.1960,1.2740,1.3790,0.150208,-0.121826,0.017822,-0.980957,7.800,82.5,-1
1783958146.739,1597,363817,0,0.00000000,0.00000000,0.00,0,0,0.10,0.012,1.1270,0.4410,2.1070,2.4298,0.150208,-0.121765,0.017761,-0.980957,7.801,72.5,-1
1783958146.925,1598,364036,0,0.00000000,0.00000000,0.00,0,0,0.14,0.015,0.3920,0.3430,1.5680,1.6523,0.150208,-0.121765,0.017700,-0.980957,7.802,76.2,-1
1783958147.171,1599,364253,0,0.00000000,0.00000000,0.00,0,0,0.13,-0.020,0.4410,1.0290,0.8330,1.3954,0.150208,-0.121826,0.017761,-0.980957,7.802,71.2,-1
1783958147.356,1600,364479,0,0.00000000,0.00000000,0.00,0,0,0.21,0.031,0.3920,0.6370,1.3230,1.5198,0.150208,-0.121887,0.017822,-0.980957,7.802,75.0,-1
1783958147.607,1601,364701,0,0.00000000,0.00000000,0.00,0,0,0.08,-0.043,0.1470,0.5390,1.2740,1.3911,0.150269,-0.121948,0.017761,-0.980957,7.801,70.0,-1
1783958147.793,1602,364920,0,0.00000000,0.00000000,0.00,0,0,0.20,0.052,0.1960,0.8330,1.0780,1.3764,0.150269,-0.122070,0.017822,-0.980896,7.801,72.5,-1
1783958148.043,1603,365134,0,0.00000000,0.00000000,0.00,0,0,0.17,0.051,0.2940,0.3430,1.5680,1.6318,0.150269,-0.122070,0.017822,-0.980896,7.801,72.5,-1
1783958148.289,1604,365360,0,0.00000000,0.00000000,0.00,0,0,0.14,0.022,0.2940,0.3920,1.3720,1.4569,0.150269,-0.121948,0.017700,-0.980957,7.801,73.8,-1
1783958148.476,1605,365578,0,0.00000000,0.00000000,0.00,0,0,0.22,0.056,0.0980,1.1270,1.6170,1.9734,0.150269,-0.121887,0.017639,-0.980957,7.801,76.2,-1
1783958148.725,1606,365805,0,0.00000000,0.00000000,0.00,0,0,0.21,0.046,0.0980,1.0290,1.2740,1.6406,0.150146,-0.121826,0.017700,-0.980957,7.800,71.2,-1
1783958148.912,1607,366027,0,0.00000000,0.00000000,0.00,0,0,0.23,0.051,0.2940,0.5390,1.5190,1.6384,0.150269,-0.121765,0.017639,-0.980957,7.799,71.2,-1
1783958149.161,1608,366242,0,0.00000000,0.00000000,0.00,0,0,0.08,-0.042,0.9310,0.5880,1.6170,1.9563,0.150269,-0.121704,0.017639,-0.980957,7.801,75.0,-1
1783958149.348,1609,366465,0,0.00000000,0.00000000,0.00,0,0,0.18,0.009,-0.1470,1.1270,1.6660,2.0168,0.150330,-0.121765,0.017578,-0.980957,7.802,70.0,-1
1783958149.595,1610,366694,0,0.00000000,0.00000000,0.00,0,0,0.20,0.025,0.2940,0.2940,1.2250,1.2936,0.150330,-0.121765,0.017578,-0.980957,7.802,73.8,-1
1783958149.844,1611,366913,0,0.00000000,0.00000000,0.00,0,0,0.12,-0.011,0.5390,0.5880,1.9600,2.1161,0.150330,-0.121887,0.017639,-0.980957,7.801,75.0,-1
1783958150.029,1612,367156,0,0.00000000,0.00000000,0.00,0,0,0.24,0.038,0.6370,0.4410,1.8620,2.0168,0.150269,-0.122009,0.017639,-0.980896,7.800,73.8,-1
1783958150.275,1613,367376,0,0.00000000,0.00000000,0.00,0,0,0.17,-0.018,0.2450,0.3920,1.5190,1.5878,0.150269,-0.122131,0.017639,-0.980896,7.800,76.2,-1
1783958150.526,1614,367598,0,0.00000000,0.00000000,0.00,0,0,0.24,0.015,0.2450,0.8820,1.2740,1.5688,0.150269,-0.122131,0.017639,-0.980896,7.800,82.5,-1
1783958150.712,1615,367817,0,0.00000000,0.00000000,0.00,0,0,0.19,-0.010,0.0980,0.1960,1.6170,1.6318,0.150269,-0.122131,0.017639,-0.980896,7.800,73.8,-1
1783958150.960,1616,368037,0,0.00000000,0.00000000,0.00,0,0,0.20,0.003,0.2940,0.3920,1.0780,1.1841,0.150330,-0.122131,0.017700,-0.980896,7.801,76.2,-1
1783958151.146,1617,368253,0,0.00000000,0.00000000,0.00,0,0,0.16,-0.020,0.6370,0.2450,1.8620,1.9831,0.150330,-0.122131,0.017700,-0.980896,7.801,77.5,-1
1783958151.395,1618,368479,0,0.00000000,0.00000000,0.00,0,0,0.08,-0.055,0.2940,0.4410,0.9310,1.0713,0.150330,-0.122131,0.017761,-0.980896,7.801,70.0,-1
1783958151.582,1619,368698,0,0.00000000,0.00000000,0.00,0,0,0.19,0.010,0.3920,0.5880,1.1760,1.3720,0.150330,-0.122192,0.017761,-0.980896,7.801,73.8,-1
1783958151.846,1620,368919,0,0.00000000,0.00000000,0.00,0,0,0.27,0.053,0.4900,0.0490,1.9600,2.0209,0.150330,-0.122192,0.017761,-0.980896,7.800,77.5,-1
1783958152.032,1621,369134,0,0.00000000,0.00000000,0.00,0,0,0.23,0.014,0.0980,0.3920,1.5190,1.5718,0.150330,-0.122192,0.017761,-0.980896,7.801,72.5,-1
1783958152.279,1622,369353,0,0.00000000,0.00000000,0.00,0,0,0.18,-0.025,1.5190,0.1960,2.0580,2.5654,0.150330,-0.122131,0.017700,-0.980896,7.802,73.8,-1
1783958152.464,1623,369580,0,0.00000000,0.00000000,0.00,0,0,0.21,-0.009,-0.1960,0.7840,1.1760,1.4269,0.150269,-0.122131,0.017639,-0.980896,7.801,72.5,-1
1783958152.710,1624,369798,0,0.00000000,0.00000000,0.00,0,0,0.18,-0.036,0.0490,0.5880,1.0290,1.1862,0.150269,-0.122131,0.017578,-0.980896,7.802,80.0,-1
1783958152.897,1625,370023,0,0.00000000,0.00000000,0.00,0,0,0.16,-0.049,1.0780,0.4410,2.4010,2.6686,0.150269,-0.122131,0.017639,-0.980896,7.801,76.2,-1
1783958153.143,1626,370243,0,0.00000000,0.00000000,0.00,0,0,0.21,-0.017,0.4900,0.7350,1.1270,1.4319,0.150330,-0.122131,0.017700,-0.980896,7.800,75.0,-1
1783958153.391,1627,370464,0,0.00000000,0.00000000,0.00,0,0,0.20,-0.024,-0.0490,1.9110,1.2250,2.2705,0.150330,-0.122070,0.017639,-0.980896,7.800,76.2,-1
1783958153.578,1628,370685,0,0.00000000,0.00000000,0.00,0,0,0.22,-0.014,0.8330,-0.4900,1.2740,1.5991,0.150330,-0.122131,0.017700,-0.980896,7.799,75.0,-1
1783958153.826,1629,370906,0,0.00000000,0.00000000,0.00,0,0,0.29,0.038,0.7840,0.4410,1.6170,1.8504,0.150330,-0.122131,0.017700,-0.980896,7.800,73.8,-1
1783958154.076,1630,371154,0,0.00000000,0.00000000,0.00,0,0,0.20,-0.013,0.4410,0.4900,1.4700,1.6110,0.150330,-0.122131,0.017761,-0.980896,7.801,68.8,-1
1783958154.263,1631,371374,0,0.00000000,0.00000000,0.00,0,0,0.20,-0.028,0.3430,0.9800,1.9110,2.1748,0.150330,-0.122131,0.017761,-0.980896,7.801,76.2,-1
1783958154.513,1632,371595,0,0.00000000,0.00000000,0.00,0,0,0.23,-0.007,0.4410,0.5880,1.5190,1.6875,0.150330,-0.122131,0.017761,-0.980896,7.801,76.2,-1
1783958154.699,1633,371817,0,0.00000000,0.00000000,0.00,0,0,0.28,0.027,0.7840,0.0000,1.3230,1.5379,0.150330,-0.122070,0.017822,-0.980896,7.801,67.5,-1
1783958154.949,1634,372034,0,0.00000000,0.00000000,0.00,0,0,0.29,0.036,1.4700,0.4900,1.7640,2.3479,0.150330,-0.122070,0.017761,-0.980896,7.801,73.8,-1
1783958155.135,1635,372249,0,0.00000000,0.00000000,0.00,0,0,0.21,-0.044,0.6860,-0.1470,2.0580,2.1743,0.150330,-0.122070,0.017761,-0.980896,7.800,72.5,-1
1783958155.383,1636,372469,0,0.00000000,0.00000000,0.00,0,0,0.21,-0.052,0.4900,0.5390,1.5680,1.7289,0.150330,-0.122131,0.017761,-0.980896,7.800,71.2,-1
1783958155.567,1637,372685,0,0.00000000,0.00000000,0.00,0,0,0.18,-0.066,0.1470,1.6660,1.4700,2.2267,0.150330,-0.122131,0.017761,-0.980896,7.801,77.5,-1
1783958155.820,1638,372910,0,0.00000000,0.00000000,0.00,0,0,0.23,-0.026,1.1760,0.5880,1.3230,1.8652,0.150330,-0.122131,0.017761,-0.980896,7.804,72.5,-1
1783958156.068,1639,373156,0,0.00000000,0.00000000,0.00,0,0,0.19,-0.034,0.7840,0.7350,1.9600,2.2353,0.150330,-0.122131,0.017761,-0.980896,7.801,72.5,-1
1783958156.253,1640,373380,0,0.00000000,0.00000000,0.00,0,0,0.20,-0.021,1.3230,0.1470,2.1070,2.4923,0.150330,-0.122070,0.017761,-0.980896,7.804,68.8,-1
1783958156.500,1641,373597,0,0.00000000,0.00000000,0.00,0,0,0.15,-0.051,0.9310,0.4410,1.4700,1.7950,0.150330,-0.122131,0.017761,-0.980896,7.802,78.8,-1
1783958156.747,1642,373821,0,0.00000000,0.00000000,0.00,0,0,0.12,-0.057,0.0490,0.5880,1.3720,1.4935,0.150330,-0.122131,0.017761,-0.980896,7.804,66.2,-1
1783958156.933,1643,374039,0,0.00000000,0.00000000,0.00,0,0,0.19,-0.001,-0.0980,0.5880,0.9800,1.1471,0.150330,-0.122131,0.017761,-0.980896,7.804,67.5,-1
1783958157.184,1644,374254,0,0.00000000,0.00000000,0.00,0,0,0.12,-0.034,0.3920,0.3430,1.8130,1.8863,0.150330,-0.122131,0.017761,-0.980896,7.801,72.5,-1
1783958157.371,1645,374481,0,0.00000000,0.00000000,0.00,0,0,0.11,-0.028,0.1470,0.3430,1.9600,1.9952,0.150330,-0.122131,0.017761,-0.980896,7.802,70.0,-1
1783958157.620,1646,374700,0,0.00000000,0.00000000,0.00,0,0,0.15,-0.003,0.7840,-0.0490,1.8130,1.9759,0.150330,-0.122192,0.017761,-0.980896,7.804,70.0,-1
1783958157.806,1647,374923,0,0.00000000,0.00000000,0.00,0,0,0.22,0.025,0.3430,1.0290,1.2740,1.6732,0.150330,-0.122192,0.017700,-0.980896,7.801,71.2,-1
1783958158.052,1648,375140,0,0.00000000,0.00000000,0.00,0,0,0.35,0.092,0.1960,1.0780,0.9310,1.4378,0.150330,-0.122192,0.017700,-0.980896,7.802,71.2,-1
1783958158.239,1649,375362,0,0.00000000,0.00000000,0.00,0,0,0.18,-0.032,0.2450,0.4900,0.8820,1.0383,0.150330,-0.122192,0.017700,-0.980896,7.804,75.0,-1
1783958158.484,1650,375584,0,0.00000000,0.00000000,0.00,0,0,0.21,0.014,0.4410,0.3430,1.9600,2.0381,0.150330,-0.122192,0.017700,-0.980896,7.801,73.8,-1
1783958158.734,1651,375805,0,0.00000000,0.00000000,0.00,0,0,0.12,-0.041,0.2940,0.9310,1.1760,1.5285,0.150330,-0.122192,0.017700,-0.980896,7.802,73.8,-1
1783958158.920,1652,376023,0,0.00000000,0.00000000,0.00,0,0,0.12,-0.049,-0.0490,0.7840,0.6860,1.0429,0.150330,-0.122192,0.017700,-0.980896,7.802,73.8,-1
1783958159.169,1653,376239,0,0.00000000,0.00000000,0.00,0,0,0.17,0.016,0.5880,0.8820,1.7640,2.0580,0.150330,-0.122009,0.017700,-0.980896,7.801,72.5,-1
1783958159.356,1654,376466,0,0.00000000,0.00000000,0.00,0,0,0.15,0.002,0.6370,0.3920,0.7840,1.0836,0.150330,-0.121887,0.017639,-0.980957,7.804,70.0,-1
1783958159.605,1655,376685,0,0.00000000,0.00000000,0.00,0,0,0.27,0.082,0.1960,0.4900,0.9800,1.1131,0.150330,-0.121948,0.017639,-0.980957,7.802,75.0,-1
1783958159.795,1656,376903,0,0.00000000,0.00000000,0.00,0,0,0.04,-0.068,0.3920,0.5880,0.5880,0.9193,0.150269,-0.122009,0.017639,-0.980896,7.802,73.8,-1
1783958160.044,1657,377150,0,0.00000000,0.00000000,0.00,0,0,0.07,-0.042,0.6370,0.2940,2.0580,2.1743,0.150330,-0.122070,0.017639,-0.980896,7.802,66.2,-1
1783958160.291,1658,377374,0,0.00000000,0.00000000,0.00,0,0,0.11,-0.015,0.9310,0.5390,2.0580,2.3222,0.150330,-0.122070,0.017700,-0.980896,7.801,80.0,-1
1783958160.479,1659,377598,0,0.00000000,0.00000000,0.00,0,0,0.04,-0.053,0.7350,0.7350,1.7640,2.0475,0.150330,-0.122131,0.017700,-0.980896,7.804,75.0,-1
1783958160.727,1660,377818,0,0.00000000,0.00000000,0.00,0,0,0.23,0.051,0.5880,0.7350,1.5190,1.7870,0.150330,-0.122070,0.017700,-0.980896,7.802,70.0,-1
1783958160.913,1661,378039,0,0.00000000,0.00000000,0.00,0,0,0.11,-0.025,0.9310,0.2940,1.2250,1.5665,0.150330,-0.122009,0.017639,-0.980896,7.801,67.5,-1
1783958161.161,1662,378253,0,0.00000000,0.00000000,0.00,0,0,0.21,0.010,0.4900,0.4410,1.7150,1.8373,0.150330,-0.121948,0.017639,-0.980957,7.804,73.8,-1
1783958161.345,1663,378471,0,0.00000000,0.00000000,0.00,0,0,0.23,0.042,0.2940,0.6860,1.1760,1.3928,0.150269,-0.121887,0.017578,-0.980957,7.802,72.5,-1
1783958161.592,1664,378693,0,0.00000000,0.00000000,0.00,0,0,0.11,-0.031,0.6370,0.2940,2.5970,2.6901,0.150330,-0.121948,0.017639,-0.980957,7.805,72.5,-1
1783958161.839,1665,378920,0,0.00000000,0.00000000,0.00,0,0,0.15,-0.004,0.1960,0.5390,1.4700,1.5779,0.150330,-0.121948,0.017639,-0.980957,7.802,75.0,-1
1783958162.024,1666,379134,0,0.00000000,0.00000000,0.00,0,0,0.14,-0.020,0.1960,0.3430,1.5190,1.5695,0.150330,-0.122009,0.017700,-0.980896,7.802,66.2,-1
1783958162.273,1667,379359,0,0.00000000,0.00000000,0.00,0,0,0.13,-0.026,0.0000,1.6170,1.2250,2.0286,0.150330,-0.122070,0.017700,-0.980896,7.802,80.0,-1
1783958162.461,1668,379582,0,0.00000000,0.00000000,0.00,0,0,0.13,-0.031,0.3920,0.6860,1.7150,1.8882,0.150269,-0.122070,0.017578,-0.980896,7.801,70.0,-1
1783958162.707,1669,379801,0,0.00000000,0.00000000,0.00,0,0,-0.01,-0.109,0.5880,0.4410,1.3230,1.5135,0.150269,-0.122009,0.017639,-0.980896,7.801,73.8,-1
1783958162.955,1670,380024,0,0.00000000,0.00000000,0.00,0,0,0.23,0.059,0.0980,1.1760,1.0780,1.5983,0.150269,-0.122009,0.017639,-0.980896,7.801,81.2,-1
1783958163.143,1671,380234,0,0.00000000,0.00000000,0.00,0,0,0.12,-0.015,0.9310,0.2450,2.0580,2.2720,0.150269,-0.121948,0.017578,-0.980957,7.802,66.2,-1
1783958163.329,1672,380451,0,0.00000000,0.00000000,0.00,0,0,0.15,0.013,0.4410,0.5390,2.0580,2.1726,0.150269,-0.121887,0.017578,-0.980957,7.801,75.0,-1
1783958163.579,1673,380673,0,0.00000000,0.00000000,0.00,0,0,0.04,-0.024,0.1470,0.7840,1.8130,1.9807,0.150269,-0.121887,0.017517,-0.980957,7.801,76.2,-1
1783958163.766,1674,380893,0,0.00000000,0.00000000,0.00,0,0,0.10,0.023,0.2450,0.6370,1.7640,1.8914,0.150269,-0.121826,0.017517,-0.980957,7.801,76.2,-1
1783958164.014,1675,381136,0,0.00000000,0.00000000,0.00,0,0,0.13,0.039,0.0980,0.6370,1.2740,1.4277,0.150269,-0.121826,0.017517,-0.980957,7.802,73.8,-1
1783958164.264,1676,381356,0,0.00000000,0.00000000,0.00,0,0,0.13,0.031,0.1470,0.9310,1.4700,1.7462,0.150269,-0.121826,0.017517,-0.980957,7.804,73.8,-1
1783958164.451,1677,381578,0,0.00000000,0.00000000,0.00,0,0,0.15,0.042,0.9800,0.0490,2.1560,2.3688,0.150269,-0.121887,0.017578,-0.980957,7.802,70.0,-1
1783958164.700,1678,381796,0,0.00000000,0.00000000,0.00,0,0,0.13,0.024,0.8820,0.1960,2.1070,2.2926,0.150269,-0.121887,0.017578,-0.980957,7.801,73.8,-1
1783958164.947,1679,382015,0,0.00000000,0.00000000,0.00,0,0,0.21,0.070,0.3920,0.2940,0.9800,1.0957,0.150269,-0.121826,0.017578,-0.980957,7.801,73.8,-1
1783958165.133,1680,382228,0,0.00000000,0.00000000,0.00,0,0,0.23,0.080,0.5390,0.3430,1.6660,1.7843,0.150269,-0.121826,0.017517,-0.980957,7.802,75.0,-1
1783958165.318,1681,382447,0,0.00000000,0.00000000,0.00,0,0,0.30,0.129,0.3430,0.3920,2.0580,2.1229,0.150330,-0.121887,0.017578,-0.980957,7.801,77.5,-1
1783958165.563,1682,382668,0,0.00000000,0.00000000,0.00,0,0,0.24,0.077,0.6860,0.8330,1.8130,2.1098,0.150269,-0.121948,0.017517,-0.980957,7.800,75.0,-1
1783958165.814,1683,382888,0,0.00000000,0.00000000,0.00,0,0,0.18,0.046,-0.6860,0.1960,1.1760,1.3755,0.150269,-0.121948,0.017517,-0.980957,7.800,75.0,-1
1783958166.063,1684,383133,0,0.00000000,0.00000000,0.00,0,0,0.26,0.100,0.5390,0.2940,2.0090,2.1007,0.150269,-0.122009,0.017578,-0.980896,7.802,68.8,-1
1783958166.249,1685,383358,0,0.00000000,0.00000000,0.00,0,0,0.22,0.077,-0.2450,0.5390,1.2740,1.4049,0.150330,-0.122070,0.017639,-0.980896,7.802,72.5,-1
1783958166.499,1686,383582,0,0.00000000,0.00000000,0.00,0,0,0.22,0.065,0.6860,0.3430,1.3720,1.5718,0.150330,-0.122070,0.017700,-0.980896,7.801,72.5,-1
1783958166.686,1687,383800,0,0.00000000,0.00000000,0.00,0,0,0.19,0.050,0.3920,-0.0980,1.7640,1.8097,0.150330,-0.122131,0.017700,-0.980896,7.802,70.0,-1
1783958166.933,1688,384020,0,0.00000000,0.00000000,0.00,0,0,0.17,0.042,0.9310,0.1470,2.1070,2.3082,0.150330,-0.122009,0.017700,-0.980896,7.801,72.5,-1
1783958167.118,1689,384236,0,0.00000000,0.00000000,0.00,0,0,0.22,0.044,0.4900,1.5680,1.9110,2.5200,0.150330,-0.121948,0.017639,-0.980957,7.802,72.5,-1
1783958167.366,1690,384461,0,0.00000000,0.00000000,0.00,0,0,0.22,0.036,0.6370,0.9800,1.1760,1.6581,0.150330,-0.121948,0.017700,-0.980957,7.802,72.5,-1
1783958167.553,1691,384680,0,0.00000000,0.00000000,0.00,0,0,0.18,0.023,1.0290,0.1470,0.8330,1.3320,0.150330,-0.121887,0.017639,-0.980957,7.801,72.5,-1
1783958167.802,1692,384904,0,0.00000000,0.00000000,0.00,0,0,0.19,0.025,0.7840,1.8130,2.1560,2.9240,0.150330,-0.121887,0.017639,-0.980957,7.801,71.2,-1
1783958168.048,1693,385146,0,0.00000000,0.00000000,0.00,0,0,0.17,0.013,-0.0490,0.5390,1.4700,1.5665,0.150330,-0.121887,0.017578,-0.980957,7.801,68.8,-1
1783958168.294,1694,385367,0,0.00000000,0.00000000,0.00,0,0,0.12,0.002,0.1470,0.9310,1.0290,1.3954,0.150269,-0.122009,0.017578,-0.980896,7.802,73.8,-1
1783958168.479,1695,385588,0,0.00000000,0.00000000,0.00,0,0,0.13,0.005,0.8330,0.4410,2.2540,2.4431,0.150269,-0.122009,0.017639,-0.980957,7.801,73.8,-1
1783958168.725,1696,385814,0,0.00000000,0.00000000,0.00,0,0,0.08,-0.033,0.5880,0.3430,2.3520,2.4485,0.150330,-0.121887,0.017639,-0.980957,7.802,72.5,-1
1783958168.911,1697,386037,0,0.00000000,0.00000000,0.00,0,0,0.17,0.025,0.4900,0.9800,1.8130,2.1184,0.150330,-0.121887,0.017700,-0.980957,7.802,75.0,-1
1783958169.159,1698,386253,0,0.00000000,0.00000000,0.00,0,0,0.20,0.064,0.2450,0.4900,1.5190,1.6148,0.150330,-0.121948,0.017700,-0.980957,7.804,68.8,-1
1783958169.407,1699,386478,0,0.00000000,0.00000000,0.00,0,0,0.04,-0.050,0.1470,0.9310,0.7350,1.1952,0.150330,-0.121948,0.017761,-0.980896,7.799,75.0,-1
1783958169.594,1700,386700,0,0.00000000,0.00000000,0.00,0,0,0.11,-0.000,0.1960,1.8620,0.4900,1.9353,0.150330,-0.121948,0.017700,-0.980957,7.801,76.2,-1
1783958169.842,1701,386926,0,0.00000000,0.00000000,0.00,0,0,0.10,-0.007,0.2450,0.3920,2.0580,2.1093,0.150330,-0.121887,0.017639,-0.980957,7.801,75.0,-1
1783958170.029,1702,387140,0,0.00000000,0.00000000,0.00,0,0,0.14,0.021,0.3430,0.2450,1.6170,1.6710,0.150330,-0.121765,0.017639,-0.980957,7.801,73.8,-1
1783958170.278,1703,387366,0,0.00000000,0.00000000,0.00,0,0,0.14,0.023,0.1470,0.5880,1.2250,1.3667,0.150330,-0.121704,0.017578,-0.980957,7.802,76.2,-1
1783958170.464,1704,387590,0,0.00000000,0.00000000,0.00,0,0,0.22,0.079,0.4900,0.1470,1.7640,1.8367,0.150330,-0.121704,0.017578,-0.980957,7.802,71.2,-1
1783958170.711,1705,387811,0,0.00000000,0.00000000,0.00,0,0,0.21,0.065,0.3430,0.0490,1.5190,1.5580,0.150330,-0.121704,0.017639,-0.980957,7.802,71.2,-1
1783958170.957,1706,388030,0,0.00000000,0.00000000,0.00,0,0,0.14,0.004,0.3430,1.1270,0.2940,1.2142,0.150330,-0.121765,0.017700,-0.980957,7.801,72.5,-1
1783958171.143,1707,388242,0,0.00000000,0.00000000,0.00,0,0,0.10,-0.025,0.2450,-0.4410,0.4410,0.6701,0.150330,-0.121826,0.017700,-0.980957,7.801,73.8,-1
1783958171.331,1708,388458,0,0.00000000,0.00000000,0.00,0,0,0.17,0.047,0.7840,0.3430,1.8620,2.0492,0.150330,-0.121887,0.017761,-0.980957,7.802,81.2,-1
1783958171.580,1709,388681,0,0.00000000,0.00000000,0.00,0,0,0.31,0.120,0.2450,0.5390,1.4700,1.5848,0.150330,-0.121826,0.017822,-0.980957,7.801,75.0,-1
1783958171.825,1710,388901,0,0.00000000,0.00000000,0.00,0,0,0.33,0.119,-0.3430,0.9800,1.2740,1.6435,0.150330,-0.121826,0.017761,-0.980957,7.801,76.2,-1
1783958172.073,1711,389145,0,0.00000000,0.00000000,0.00,0,0,0.18,0.015,0.2940,0.6370,1.1270,1.3275,0.150391,-0.121765,0.017700,-0.980957,7.800,75.0,-1
1783958172.257,1712,389372,0,0.00000000,0.00000000,0.00,0,0,0.22,0.039,0.4410,-0.0490,1.4700,1.5355,0.150330,-0.121765,0.017700,-0.980957,7.801,72.5,-1
1783958172.506,1713,389592,0,0.00000000,0.00000000,0.00,0,0,0.18,0.013,0.4900,0.6370,1.4210,1.6325,0.150391,-0.121643,0.017700,-0.980957,7.800,73.8,-1
1783958172.692,1714,389815,0,0.00000000,0.00000000,0.00,0,0,0.29,0.088,0.2940,0.4900,1.5680,1.6689,0.150330,-0.121582,0.017639,-0.980957,7.800,71.2,-1
1783958172.938,1715,390040,0,0.00000000,0.00000000,0.00,0,0,0.32,0.103,-0.1470,1.0780,0.6860,1.2862,0.150330,-0.121582,0.017578,-0.980957,7.801,72.5,-1
1783958173.185,1716,390257,0,0.00000000,0.00000000,0.00,0,0,0.25,0.058,0.0980,0.8820,0.2450,0.9206,0.150330,-0.121521,0.017639,-0.980957,7.802,72.5,-1
1783958173.372,1717,390475,0,0.00000000,0.00000000,0.00,0,0,0.26,0.049,1.0290,0.8820,1.8130,2.2636,0.150391,-0.121460,0.017700,-0.980957,7.802,68.8,-1
1783958173.619,1718,390694,0,0.00000000,0.00000000,0.00,0,0,0.23,0.025,0.2940,0.4900,1.0780,1.2201,0.150391,-0.121460,0.017639,-0.980957,7.801,71.2,-1
1783958173.805,1719,390918,0,0.00000000,0.00000000,0.00,0,0,0.15,-0.032,0.2450,0.6860,1.0780,1.3010,0.150330,-0.121521,0.017517,-0.980957,7.800,72.5,-1
1783958174.054,1720,391134,0,0.00000000,0.00000000,0.00,0,0,0.17,-0.010,0.3430,0.2940,1.3230,1.3980,0.150330,-0.121521,0.017456,-0.980957,7.802,71.2,-1
1783958174.241,1721,391359,0,0.00000000,0.00000000,0.00,0,0,0.10,-0.051,0.0000,0.6860,1.2250,1.4040,0.150330,-0.121582,0.017456,-0.980957,7.800,73.8,-1
1783958174.490,1722,391586,0,0.00000000,0.00000000,0.00,0,0,0.11,-0.041,0.9310,1.0780,1.0780,1.7863,0.150330,-0.121643,0.017456,-0.980957,7.800,75.0,-1
1783958174.739,1723,391809,0,0.00000000,0.00000000,0.00,0,0,0.12,-0.036,0.8820,0.4410,1.8130,2.0638,0.150330,-0.121582,0.017456,-0.980957,7.801,76.2,-1
1783958174.925,1724,392028,0,0.00000000,0.00000000,0.00,0,0,0.09,-0.062,0.3430,0.0000,1.5680,1.6051,0.150330,-0.121643,0.017578,-0.980957,7.800,76.2,-1
1783958175.175,1725,392246,0,0.00000000,0.00000000,0.00,0,0,0.19,0.001,0.7350,0.2450,2.0090,2.1532,0.150330,-0.121643,0.017578,-0.980957,7.802,72.5,-1
1783958175.360,1726,392468,0,0.00000000,0.00000000,0.00,0,0,0.21,0.011,0.5390,0.7840,2.1560,2.3566,0.150330,-0.121643,0.017578,-0.980957,7.801,77.5,-1
1783958175.609,1727,392688,0,0.00000000,0.00000000,0.00,0,0,0.07,-0.095,0.0000,1.2250,1.2250,1.7324,0.150330,-0.121704,0.017578,-0.980957,7.801,76.2,-1
1783958175.797,1728,392910,0,0.00000000,0.00000000,0.00,0,0,0.13,-0.035,0.4900,0.4900,1.1760,1.3650,0.150330,-0.121704,0.017639,-0.980957,7.800,73.8,-1
1783958176.044,1729,393152,0,0.00000000,0.00000000,0.00,0,0,0.15,-0.028,-0.0490,0.0490,2.6460,2.6469,0.150330,-0.121704,0.017639,-0.980957,7.801,73.8,-1
1783958176.247,1730,393373,0,0.00000000,0.00000000,0.00,0,0,0.23,0.021,0.0490,0.4900,1.3230,1.4117,0.150330,-0.121643,0.017639,-0.980957,7.801,67.5,-1
1783958176.492,1731,393591,0,0.00000000,0.00000000,0.00,0,0,0.01,-0.116,0.4410,0.6370,0.8330,1.1376,0.150330,-0.121582,0.017578,-0.980957,7.801,77.5,-1
1783958176.741,1732,393814,0,0.00000000,0.00000000,0.00,0,0,0.10,-0.052,0.1470,0.9800,1.3720,1.6925,0.150330,-0.121521,0.017578,-0.980957,7.801,67.5,-1
1783958176.929,1733,394038,0,0.00000000,0.00000000,0.00,0,0,0.09,-0.048,1.0290,0.3430,2.1560,2.4135,0.150330,-0.121521,0.017578,-0.980957,7.800,75.0,-1
1783958177.176,1734,394254,0,0.00000000,0.00000000,0.00,0,0,0.07,-0.041,0.6860,1.0780,0.9800,1.6103,0.150330,-0.121521,0.017578,-0.980957,7.801,67.5,-1
1783958177.360,1735,394477,0,0.00000000,0.00000000,0.00,0,0,0.10,-0.037,0.5880,0.2940,1.5190,1.6552,0.150330,-0.121582,0.017517,-0.980957,7.800,70.0,-1
1783958177.625,1736,394699,0,0.00000000,0.00000000,0.00,0,0,0.12,-0.014,0.8820,0.9310,0.9310,1.5848,0.150330,-0.121765,0.017517,-0.980957,7.801,73.8,-1
1783958177.811,1737,394923,0,0.00000000,0.00000000,0.00,0,0,0.12,-0.014,0.5390,0.0980,1.6170,1.7073,0.150391,-0.121887,0.017517,-0.980957,7.801,76.2,-1
1783958178.059,1738,395140,0,0.00000000,0.00000000,0.00,0,0,0.11,-0.020,0.4900,0.9310,0.3430,1.1066,0.150452,-0.121887,0.017517,-0.980896,7.801,70.0,-1
1783958178.243,1739,395366,0,0.00000000,0.00000000,0.00,0,0,0.03,-0.062,-0.5880,1.9110,0.8820,2.1853,0.150452,-0.121948,0.017456,-0.980896,7.801,72.5,-1
1783958178.492,1740,395585,0,0.00000000,0.00000000,0.00,0,0,0.00,-0.072,-0.3430,1.6170,1.9110,2.5267,0.150452,-0.121948,0.017395,-0.980896,7.802,72.5,-1
1783958178.740,1741,395808,0,0.00000000,0.00000000,0.00,0,0,-0.02,-0.078,0.1960,1.4700,0.8330,1.7009,0.150452,-0.122009,0.017395,-0.980896,7.801,71.2,-1
1783958178.924,1742,396030,0,0.00000000,0.00000000,0.00,0,0,0.01,-0.049,0.0980,0.5880,1.0290,1.1892,0.150452,-0.122009,0.017395,-0.980896,7.801,68.8,-1
1783958179.170,1743,396250,0,0.00000000,0.00000000,0.00,0,0,0.00,-0.053,0.7840,0.2450,1.3230,1.5572,0.150452,-0.121887,0.017395,-0.980896,7.801,70.0,-1
1783958179.355,1744,396473,0,0.00000000,0.00000000,0.00,0,0,-0.07,-0.077,0.4410,0.8330,1.4700,1.7462,0.150452,-0.121826,0.017395,-0.980896,7.801,68.8,-1
1783958179.601,1745,396700,0,0.00000000,0.00000000,0.00,0,0,-0.06,-0.079,0.0490,0.0980,1.1270,1.1323,0.150452,-0.121765,0.017395,-0.980957,7.801,73.8,-1
1783958179.847,1746,396921,0,0.00000000,0.00000000,0.00,0,0,0.01,-0.027,0.1960,0.8820,1.6660,1.8952,0.150452,-0.121826,0.017517,-0.980896,7.801,73.8,-1
1783958180.032,1747,397134,0,0.00000000,0.00000000,0.00,0,0,-0.11,-0.073,0.2450,0.5390,1.9110,2.0006,0.150452,-0.121887,0.017517,-0.980896,7.801,68.8,-1
1783958180.277,1748,397356,0,0.00000000,0.00000000,0.00,0,0,-0.11,-0.070,1.0780,0.4410,2.3520,2.6246,0.150452,-0.121826,0.017517,-0.980896,7.801,70.0,-1
1783958180.465,1749,397583,0,0.00000000,0.00000000,0.00,0,0,-0.14,-0.094,0.4410,0.2940,1.5190,1.6088,0.150452,-0.121765,0.017578,-0.980896,7.802,73.8,-1
1783958180.711,1750,397806,0,0.00000000,0.00000000,0.00,0,0,-0.06,-0.033,-0.0490,0.4900,1.4210,1.5039,0.150452,-0.121765,0.017578,-0.980896,7.801,72.5,-1
1783958180.957,1751,398033,0,0.00000000,0.00000000,0.00,0,0,-0.12,-0.051,0.6860,0.6860,1.5680,1.8439,0.150452,-0.121765,0.017517,-0.980957,7.800,66.2,-1
1783958181.142,1752,398248,0,0.00000000,0.00000000,0.00,0,0,0.02,0.038,0.3430,0.4900,1.2250,1.3632,0.150452,-0.121765,0.017517,-0.980957,7.801,72.5,-1
1783958181.392,1753,398474,0,0.00000000,0.00000000,0.00,0,0,0.08,0.071,0.2450,0.7350,1.4700,1.6617,0.150452,-0.121826,0.017456,-0.980896,7.801,65.0,-1
1783958181.576,1754,398696,0,0.00000000,0.00000000,0.00,0,0,0.06,0.058,0.6860,1.2740,1.0290,1.7755,0.150452,-0.121826,0.017456,-0.980896,7.800,70.0,-1
1783958181.826,1755,398922,0,0.00000000,0.00000000,0.00,0,0,0.05,0.028,-0.1470,1.5190,0.0980,1.5292,0.150452,-0.121887,0.017456,-0.980896,7.800,75.0,-1
1783958182.010,1756,399134,0,0.00000000,0.00000000,0.00,0,0,0.07,0.043,0.1470,0.6370,1.2250,1.3885,0.150452,-0.121887,0.017517,-0.980896,7.801,70.0,-1
1783958182.258,1757,399356,0,0.00000000,0.00000000,0.00,0,0,0.06,0.044,-0.1960,0.6370,1.1760,1.3517,0.150452,-0.121948,0.017517,-0.980896,7.801,70.0,-1
1783958182.505,1758,399578,0,0.00000000,0.00000000,0.00,0,0,-0.01,-0.003,0.7840,0.0980,2.0090,2.1588,0.150452,-0.121948,0.017517,-0.980896,7.802,73.8,-1
1783958182.692,1759,399804,0,0.00000000,0.00000000,0.00,0,0,0.10,0.053,0.6370,0.2940,0.7840,1.0521,0.150452,-0.121887,0.017395,-0.980896,7.802,78.8,-1
1783958182.940,1760,400028,0,0.00000000,0.00000000,0.00,0,0,0.03,-0.003,0.5390,0.7840,1.3720,1.6696,0.150452,-0.121826,0.017395,-0.980896,7.802,75.0,-1
1783958183.124,1761,400249,0,0.00000000,0.00000000,0.00,0,0,0.00,-0.032,0.3430,0.5880,1.6170,1.7544,0.150452,-0.121765,0.017395,-0.980957,7.804,73.8,-1
1783958183.371,1762,400476,0,0.00000000,0.00000000,0.00,0,0,0.11,0.051,0.1470,0.6370,1.3230,1.4757,0.150452,-0.121826,0.017395,-0.980957,7.802,72.5,-1
1783958183.621,1763,400698,0,0.00000000,0.00000000,0.00,0,0,0.03,0.002,0.2450,0.2450,1.4700,1.5103,0.150452,-0.121887,0.017395,-0.980896,7.801,73.8,-1
1783958183.807,1764,400917,0,0.00000000,0.00000000,0.00,0,0,0.07,0.027,0.3430,0.4410,1.4210,1.5269,0.150452,-0.121887,0.017395,-0.980896,7.801,75.0,-1
1783958184.053,1765,401132,0,0.00000000,0.00000000,0.00,0,0,0.00,-0.010,0.2940,0.6370,1.3720,1.5410,0.150452,-0.121826,0.017395,-0.980896,7.802,77.5,-1
1783958184.241,1766,401358,0,0.00000000,0.00000000,0.00,0,0,0.04,-0.009,0.0980,0.6370,1.9600,2.0632,0.150452,-0.121887,0.017456,-0.980896,7.804,75.0,-1
1783958184.489,1767,401579,0,0.00000000,0.00000000,0.00,0,0,0.03,-0.016,0.4410,0.6370,1.6170,1.7930,0.150452,-0.121826,0.017456,-0.980957,7.801,76.2,-1
1783958184.674,1768,401798,0,0.00000000,0.00000000,0.00,0,0,0.17,0.059,0.9800,0.3430,2.2050,2.4372,0.150452,-0.121765,0.017456,-0.980957,7.801,76.2,-1
1783958184.924,1769,402018,0,0.00000000,0.00000000,0.00,0,0,0.06,0.002,0.2940,0.1470,0.8330,0.8955,0.150452,-0.121765,0.017456,-0.980957,7.802,77.5,-1
1783958185.110,1770,402232,0,0.00000000,0.00000000,0.00,0,0,0.11,0.028,0.6860,0.1470,1.8620,1.9898,0.150452,-0.121704,0.017456,-0.980957,7.804,73.8,-1
1783958185.357,1771,402434,0,0.00000000,0.00000000,0.00,0,0,0.20,0.063,0.4410,0.1960,2.3520,2.4010,0.150452,-0.121704,0.017456,-0.980957,7.804,71.2,-1
1783958185.543,1772,402659,0,0.00000000,0.00000000,0.00,0,0,0.11,0.008,0.2450,0.3920,1.7150,1.7762,0.150452,-0.121704,0.017517,-0.980957,7.802,76.2,-1
1783958185.792,1773,402880,0,0.00000000,0.00000000,0.00,0,0,0.07,-0.021,0.2940,0.3430,0.7840,0.9048,0.150452,-0.121704,0.017517,-0.980957,7.802,73.8,-1
1783958186.038,1774,403121,0,0.00000000,0.00000000,0.00,0,0,0.11,-0.008,0.3430,0.7840,1.8130,2.0048,0.150452,-0.121704,0.017517,-0.980957,7.804,75.0,-1
1783958186.225,1775,403324,0,0.00000000,0.00000000,0.00,0,0,0.18,0.052,0.9800,0.8820,0.6370,1.4643,0.150452,-0.121704,0.017517,-0.980957,7.804,71.2,-1
1783958186.475,1776,403543,0,0.00000000,0.00000000,0.00,0,0,0.20,0.055,0.5880,0.2450,0.9310,1.1281,0.150452,-0.121765,0.017456,-0.980957,7.805,77.5,-1
1783958186.660,1777,403763,0,0.00000000,0.00000000,0.00,0,0,0.15,0.022,0.1960,0.1960,1.1270,1.1606,0.150452,-0.121826,0.017456,-0.980896,7.802,78.8,-1
1783958186.908,1778,403982,0,0.00000000,0.00000000,0.00,0,0,0.06,-0.053,0.1470,0.6370,0.8820,1.0979,0.150452,-0.121887,0.017456,-0.980896,7.802,77.5,-1
1783958187.094,1779,404198,0,0.00000000,0.00000000,0.00,0,0,0.19,0.030,-0.1960,0.0980,0.5880,0.6275,0.150452,-0.121948,0.017395,-0.980896,7.802,75.0,-1
1783958187.344,1780,404423,0,0.00000000,0.00000000,0.00,0,0,0.05,-0.067,0.0980,0.2940,1.3230,1.3588,0.150452,-0.121887,0.017395,-0.980896,7.801,76.2,-1
1783958187.530,1781,404646,0,0.00000000,0.00000000,0.00,0,0,0.27,0.063,0.1470,0.3920,1.1760,1.2483,0.150452,-0.121826,0.017395,-0.980896,7.802,76.2,-1
1783958187.776,1782,404866,0,0.00000000,0.00000000,0.00,0,0,0.20,0.006,0.2450,0.9800,1.3230,1.6646,0.150452,-0.121826,0.017456,-0.980957,7.802,75.0,-1
1783958187.962,1783,405089,0,0.00000000,0.00000000,0.00,0,0,0.13,-0.048,-0.5880,1.1760,1.1760,1.7640,0.150452,-0.121826,0.017456,-0.980957,7.801,75.0,-1
1783958188.210,1784,405309,0,0.00000000,0.00000000,0.00,0,0,0.15,-0.012,0.2450,0.0980,1.7150,1.7352,0.150452,-0.121765,0.017456,-0.980957,7.801,72.5,-1
1783958188.457,1785,405530,0,0.00000000,0.00000000,0.00,0,0,0.20,0.027,0.3920,0.9310,1.5680,1.8652,0.150452,-0.121765,0.017456,-0.980957,7.804,67.5,-1
1783958188.644,1786,405750,0,0.00000000,0.00000000,0.00,0,0,0.18,0.018,0.2450,0.4900,1.0780,1.2092,0.150452,-0.121765,0.017456,-0.980957,7.802,73.8,-1
1783958188.892,1787,405968,0,0.00000000,0.00000000,0.00,0,0,0.17,0.011,0.2450,0.4410,1.4210,1.5079,0.150452,-0.121765,0.017456,-0.980957,7.804,76.2,-1
1783958189.079,1788,406186,0,0.00000000,0.00000000,0.00,0,0,0.11,-0.016,0.3920,0.6370,2.0580,2.1897,0.150452,-0.121765,0.017456,-0.980957,7.802,75.0,-1
1783958189.326,1789,406408,0,0.00000000,0.00000000,0.00,0,0,0.13,-0.027,0.7840,0.7350,1.8620,2.1499,0.150452,-0.121704,0.017334,-0.980957,7.805,75.0,-1
1783958189.512,1790,406632,0,0.00000000,0.00000000,0.00,0,0,0.23,0.029,0.4900,0.0980,0.7840,0.9297,0.150452,-0.121765,0.017395,-0.980957,7.804,71.2,-1
1783958189.760,1791,406855,0,0.00000000,0.00000000,0.00,0,0,0.14,-0.032,0.2450,0.7350,1.9110,2.0621,0.150452,-0.121765,0.017395,-0.980957,7.801,71.2,-1
1783958190.011,1792,407083,0,0.00000000,0.00000000,0.00,0,0,0.18,0.014,0.0490,0.3920,1.4210,1.4749,0.150452,-0.121765,0.017395,-0.980957,7.801,77.5,-1
1783958190.198,1793,407301,0,0.00000000,0.00000000,0.00,0,0,0.26,0.051,0.6860,0.1960,2.6950,2.7878,0.150452,-0.121704,0.017395,-0.980957,7.801,80.0,-1
1783958190.449,1794,407524,0,0.00000000,0.00000000,0.00,0,0,0.10,-0.040,0.2940,0.1470,1.2740,1.3157,0.150452,-0.121704,0.017334,-0.980957,7.804,73.8,-1
1783958190.634,1795,407748,0,0.00000000,0.00000000,0.00,0,0,0.12,-0.015,0.8330,-0.1960,2.3520,2.5028,0.150452,-0.121643,0.017334,-0.980957,7.801,73.8,-1
1783958190.882,1796,407971,0,0.00000000,0.00000000,0.00,0,0,0.10,-0.030,0.0980,0.5880,1.2250,1.3623,0.150452,-0.121704,0.017334,-0.980957,7.802,76.2,-1
1783958191.069,1797,408188,0,0.00000000,0.00000000,0.00,0,0,0.07,-0.042,-0.0490,0.0980,2.3520,2.3546,0.150452,-0.121704,0.017395,-0.980957,7.802,71.2,-1
1783958191.314,1798,408414,0,0.00000000,0.00000000,0.00,0,0,0.08,-0.025,0.0490,0.7350,1.5190,1.6882,0.150452,-0.121704,0.017395,-0.980957,7.801,75.0,-1
1783958191.564,1799,408633,0,0.00000000,0.00000000,0.00,0,0,0.01,-0.072,0.6370,0.1470,0.5880,0.8793,0.150452,-0.121704,0.017395,-0.980957,7.804,76.2,-1
1783958191.751,1800,408857,0,0.00000000,0.00000000,0.00,0,0,0.04,-0.059,0.8330,0.4410,1.9110,2.1308,0.150452,-0.121704,0.017395,-0.980957,7.802,73.8,-1
1783958192.000,1801,409076,0,0.00000000,0.00000000,0.00,0,0,0.12,-0.008,0.3430,0.0980,1.8130,1.8478,0.150452,-0.121704,0.017456,-0.980957,7.802,68.8,-1
1783958192.186,1802,409293,0,0.00000000,0.00000000,0.00,0,0,0.13,-0.020,0.8330,0.0980,1.9600,2.1319,0.150452,-0.121704,0.017456,-0.980957,7.802,70.0,-1
1783958192.435,1803,409519,0,0.00000000,0.00000000,0.00,0,0,0.19,0.028,0.5390,0.9800,2.0090,2.2993,0.150452,-0.121704,0.017456,-0.980957,7.802,72.5,-1
1783958192.635,1804,409740,0,0.00000000,0.00000000,0.00,0,0,0.04,-0.069,0.5880,0.4410,1.5680,1.7317,0.150452,-0.121704,0.017456,-0.980957,7.801,72.5,-1
1783958192.882,1805,409956,0,0.00000000,0.00000000,0.00,0,0,0.17,0.021,0.2450,0.7840,0.8820,1.2052,0.150452,-0.121704,0.017456,-0.980957,7.802,70.0,-1
1783958193.068,1806,410169,0,0.00000000,0.00000000,0.00,0,0,0.25,0.074,0.7840,0.4410,2.1070,2.2910,0.150452,-0.121704,0.017456,-0.980957,7.802,73.8,-1
1783958193.315,1807,410389,0,0.00000000,0.00000000,0.00,0,0,0.15,-0.002,0.1470,0.3920,1.0290,1.1109,0.150452,-0.121704,0.017456,-0.980957,7.801,76.2,-1
1783958193.502,1808,410610,0,0.00000000,0.00000000,0.00,0,0,0.05,-0.062,0.3430,0.4410,1.2740,1.3911,0.150391,-0.121765,0.017395,-0.980957,7.802,73.8,-1
1783958193.751,1809,410827,0,0.00000000,0.00000000,0.00,0,0,0.02,-0.071,0.8330,0.9310,0.8330,1.5015,0.150330,-0.121826,0.017456,-0.980957,7.800,80.0,-1
1783958193.938,1810,411052,0,0.00000000,0.00000000,0.00,0,0,0.10,-0.017,0.6370,0.8330,1.0290,1.4692,0.150391,-0.121887,0.017456,-0.980957,7.801,72.5,-1
1783958194.186,1811,411270,0,0.00000000,0.00000000,0.00,0,0,0.11,-0.021,-0.4900,1.9110,0.4410,2.0215,0.150391,-0.121826,0.017456,-0.980957,7.801,77.5,-1
1783958194.372,1812,411491,0,0.00000000,0.00000000,0.00,0,0,0.08,-0.043,0.0000,0.5390,1.2250,1.3383,0.150391,-0.121765,0.017456,-0.980957,7.804,71.2,-1
1783958194.623,1813,411710,0,0.00000000,0.00000000,0.00,0,0,0.06,-0.042,1.1760,-0.1470,2.8910,3.1245,0.150391,-0.121704,0.017395,-0.980957,7.802,78.8,-1
1783958194.811,1814,411933,0,0.00000000,0.00000000,0.00,0,0,-0.01,-0.058,0.2450,0.4410,1.4210,1.5079,0.150391,-0.121765,0.017395,-0.980957,7.804,75.0,-1
1783958195.061,1815,412142,0,0.00000000,0.00000000,0.00,0,0,0.00,-0.052,0.3430,0.9800,1.3720,1.7206,0.150391,-0.121826,0.017395,-0.980957,7.801,68.8,-1
1783958195.248,1816,412363,0,0.00000000,0.00000000,0.00,0,0,0.06,0.001,0.0000,0.8330,2.8910,3.0086,0.150391,-0.121765,0.017395,-0.980957,7.802,68.8,-1
1783958195.495,1817,412582,0,0.00000000,0.00000000,0.00,0,0,0.18,0.071,0.3430,1.5680,1.7150,2.3489,0.150391,-0.121765,0.017456,-0.980957,7.801,72.5,-1
1783958195.681,1818,412805,0,0.00000000,0.00000000,0.00,0,0,0.05,-0.012,0.2450,1.5680,0.4900,1.6609,0.150391,-0.121765,0.017456,-0.980957,7.802,66.2,-1
1783958195.931,1819,413023,0,0.00000000,0.00000000,0.00,0,0,0.08,0.020,1.6170,-0.3920,2.5480,3.0431,0.150391,-0.121765,0.017517,-0.980957,7.801,75.0,-1
1783958196.118,1820,413239,0,0.00000000,0.00000000,0.00,0,0,0.09,0.030,0.0980,1.1270,0.7840,1.3764,0.150391,-0.121765,0.017517,-0.980957,7.801,72.5,-1
1783958196.365,1821,413465,0,0.00000000,0.00000000,0.00,0,0,0.06,0.007,0.3920,-0.0980,2.1560,2.1935,0.150391,-0.121765,0.017517,-0.980957,7.801,67.5,-1
1783958196.614,1822,413687,0,0.00000000,0.00000000,0.00,0,0,-0.01,-0.051,0.3920,0.3430,1.8130,1.8863,0.150391,-0.121765,0.017456,-0.980957,7.801,70.0,-1
1783958196.801,1823,413909,0,0.00000000,0.00000000,0.00,0,0,0.03,-0.022,-0.1960,1.8620,0.3430,1.9034,0.150391,-0.121826,0.017456,-0.980957,7.802,70.0,-1
1783958197.048,1824,414154,0,0.00000000,0.00000000,0.00,0,0,0.01,-0.038,0.1470,0.7840,1.4700,1.6725,0.150391,-0.121887,0.017456,-0.980957,7.801,75.0,-1
1783958197.300,1825,414377,0,0.00000000,0.00000000,0.00,0,0,-0.06,-0.071,0.4900,0.3920,1.3720,1.5087,0.150391,-0.121887,0.017395,-0.980896,7.801,72.5,-1
1783958197.487,1826,414599,0,0.00000000,0.00000000,0.00,0,0,-0.02,-0.037,1.0290,0.5390,2.5480,2.8003,0.150391,-0.121948,0.017334,-0.980957,7.800,76.2,-1
1783958197.737,1827,414821,0,0.00000000,0.00000000,0.00,0,0,-0.01,-0.025,0.3920,0.5880,1.0290,1.2483,0.150330,-0.121948,0.017273,-0.980957,7.801,71.2,-1
1783958197.924,1828,415041,0,0.00000000,0.00000000,0.00,0,0,-0.04,-0.036,0.3920,1.1270,0.9800,1.5441,0.150330,-0.122009,0.017334,-0.980896,7.801,70.0,-1
1783958198.172,1829,415261,0,0.00000000,0.00000000,0.00,0,0,-0.03,-0.039,0.8330,1.2250,1.4210,2.0527,0.150330,-0.121887,0.017395,-0.980957,7.801,68.8,-1
1783958198.358,1830,415482,0,0.00000000,0.00000000,0.00,0,0,0.01,-0.019,0.4410,0.2450,1.2740,1.3702,0.150330,-0.121582,0.017517,-0.980957,7.801,71.2,-1
1783958198.605,1831,415706,0,0.00000000,0.00000000,0.00,0,0,-0.06,-0.047,0.1960,0.9310,1.1760,1.5127,0.150330,-0.121521,0.017517,-0.981018,7.801,75.0,-1
1783958198.853,1832,415932,0,0.00000000,0.00000000,0.00,0,0,-0.04,-0.051,0.8330,0.5390,1.5680,1.8555,0.150269,-0.121399,0.017517,-0.981018,7.802,66.2,-1
1783958199.040,1833,416146,0,0.00000000,0.00000000,0.00,0,0,0.01,-0.025,1.5190,1.1270,2.3030,2.9802,0.150208,-0.121399,0.017517,-0.981018,7.802,68.8,-1
1783958199.290,1834,416364,0,0.00000000,0.00000000,0.00,0,0,0.01,-0.013,0.4900,0.2450,2.3520,2.4150,0.150146,-0.121399,0.017456,-0.981018,7.802,70.0,-1
1783958199.476,1835,416590,0,0.00000000,0.00000000,0.00,0,0,0.06,0.005,0.3430,0.5390,0.7840,1.0113,0.150208,-0.121399,0.017517,-0.981018,7.800,70.0,-1
1783958199.724,1836,416813,0,0.00000000,0.00000000,0.00,0,0,0.06,-0.014,0.2450,0.5880,1.7150,1.8295,0.150269,-0.121460,0.017517,-0.981018,7.802,73.8,-1
1783958199.909,1837,417032,0,0.00000000,0.00000000,0.00,0,0,0.13,0.034,0.2940,0.4900,1.8130,1.9009,0.150208,-0.121521,0.017578,-0.981018,7.801,75.0,-1
1783958200.160,1838,417244,0,0.00000000,0.00000000,0.00,0,0,0.01,-0.033,0.1470,0.3920,1.5680,1.6229,0.150269,-0.121521,0.017578,-0.981018,7.802,75.0,-1
1783958200.347,1839,417462,0,0.00000000,0.00000000,0.00,0,0,0.01,-0.037,-0.1470,0.9310,1.1760,1.5071,0.149292,-0.121216,0.018127,-0.981140,7.801,78.8,-1
1783958200.592,1840,417682,0,0.00000000,0.00000000,0.00,0,0,0.06,-0.012,0.2450,0.3920,1.1270,1.2181,0.143677,-0.119629,0.020996,-0.982117,7.801,81.2,-1
1783958200.780,1841,417906,0,0.00000000,0.00000000,0.00,0,0,0.05,-0.016,0.9310,-0.2450,1.8130,2.0527,0.146484,-0.120972,0.020264,-0.981567,7.802,75.0,-1
1783958201.029,1842,418128,0,0.00000000,0.00000000,0.00,0,0,0.03,-0.038,0.2450,0.1470,1.4700,1.4975,0.146423,-0.121582,0.020325,-0.981506,7.800,75.0,-1
1783958201.277,1843,418355,0,0.00000000,0.00000000,0.00,0,0,-0.01,-0.037,0.2450,0.5390,1.9110,2.0006,0.146545,-0.121216,0.020325,-0.981567,7.801,73.8,-1
1783958201.464,1844,418577,0,0.00000000,0.00000000,0.00,0,0,0.08,0.014,-0.3430,0.0980,1.2250,1.2759,0.146667,-0.120850,0.020264,-0.981567,7.801,73.8,-1
1783958201.710,1845,418798,0,0.00000000,0.00000000,0.00,0,0,-0.04,-0.073,0.6370,0.1470,2.2050,2.2999,0.146606,-0.120483,0.020264,-0.981628,7.800,71.2,-1
1783958201.897,1846,419020,0,0.00000000,0.00000000,0.00,0,0,-0.02,-0.054,0.4410,0.1960,2.2540,2.3051,0.146667,-0.120239,0.020325,-0.981628,7.804,66.2,-1
1783958202.146,1847,419238,0,0.00000000,0.00000000,0.00,0,0,0.03,-0.026,0.0980,0.2450,1.0780,1.1098,0.146729,-0.120056,0.020203,-0.981628,7.801,71.2,-1
1783958202.394,1848,419459,0,0.00000000,0.00000000,0.00,0,0,-0.05,-0.072,0.4410,0.2940,1.1760,1.2899,0.146790,-0.119934,0.020264,-0.981689,7.802,73.8,-1
1783958202.577,1849,419682,0,0.00000000,0.00000000,0.00,0,0,0.04,-0.021,0.1960,0.5390,1.1760,1.3084,0.146729,-0.119568,0.020203,-0.981689,7.802,73.8,-1
1783958202.827,1850,419908,0,0.00000000,0.00000000,0.00,0,0,0.01,-0.040,0.8330,0.7840,2.2050,2.4841,0.144287,-0.120544,0.020569,-0.981934,7.802,78.8,-1
1783958203.074,1851,420151,0,0.00000000,0.00000000,0.00,0,0,0.04,-0.012,0.7350,0.6370,2.6460,2.8191,0.145630,-0.117615,0.020874,-0.982117,7.802,76.2,-1
1783958203.261,1852,420373,0,0.00000000,0.00000000,0.00,0,0,-0.01,-0.048,0.8820,0.4900,1.7150,1.9898,0.151611,-0.116943,0.020142,-0.981323,7.801,73.8,-1
1783958203.508,1853,420593,0,0.00000000,0.00000000,0.00,0,0,0.04,-0.018,0.6370,0.3430,2.3520,2.4608,0.151550,-0.117188,0.020203,-0.981262,7.801,73.8,-1
1783958203.694,1854,420815,0,0.00000000,0.00000000,0.00,0,0,0.22,0.087,0.8330,1.5680,1.3230,2.2142,0.151611,-0.117004,0.020020,-0.981262,7.801,73.8,-1
1783958203.943,1855,421044,0,0.00000000,0.00000000,0.00,0,0,0.15,0.042,0.1960,1.4210,0.5880,1.5503,0.151794,-0.117004,0.019897,-0.981262,7.801,72.5,-1
1783958204.193,1856,421260,0,0.00000000,0.00000000,0.00,0,0,0.15,0.030,-0.1470,1.1270,1.8620,2.1815,0.151794,-0.117065,0.019836,-0.981262,7.805,75.0,-1
1783958204.379,1857,421483,0,0.00000000,0.00000000,0.00,0,0,0.11,0.006,0.3920,0.7350,1.4210,1.6472,0.151611,-0.116821,0.020508,-0.981323,7.802,72.5,-1
1783958204.629,1858,421702,0,0.00000000,0.00000000,0.00,0,0,0.20,0.056,0.0490,0.7350,1.5190,1.6882,0.150574,-0.117493,0.020935,-0.981384,7.801,75.0,-1
1783958204.816,1859,421925,0,0.00000000,0.00000000,0.00,0,0,0.15,0.001,0.3920,0.4410,1.6170,1.7213,0.147217,-0.118958,0.020813,-0.981689,7.801,72.5,-1
1783958205.064,1860,422136,0,0.00000000,0.00000000,0.00,0,0,0.09,-0.049,0.1470,0.5880,1.8130,1.9116,0.150330,-0.118530,0.020142,-0.981323,7.802,76.2,-1
1783958205.249,1861,422356,0,0.00000000,0.00000000,0.00,0,0,0.14,-0.018,0.0490,0.6860,1.1760,1.3623,0.150269,-0.119019,0.019836,-0.981262,7.801,73.8,-1
1783958205.500,1862,422574,0,0.00000000,0.00000000,0.00,0,0,0.20,0.018,0.2940,0.4410,1.3720,1.4708,0.150330,-0.118774,0.019958,-0.981262,7.800,78.8,-1
1783958205.683,1863,422795,0,0.00000000,0.00000000,0.00,0,0,0.15,-0.127,0.2940,0.0000,0.7350,0.7916,0.150391,-0.118652,0.020020,-0.981262,7.801,73.8,-1
1783958205.933,1864,423019,0,0.00000000,0.00000000,0.00,0,0,0.24,-0.072,0.4410,0.5880,1.4700,1.6435,0.150391,-0.118530,0.020142,-0.981262,7.800,75.0,-1
1783958206.119,1865,423238,0,0.00000000,0.00000000,0.00,0,0,0.10,-0.133,-0.6860,1.3230,-0.4900,1.5688,0.150269,-0.118225,0.020020,-0.981323,7.801,75.0,-1
1783958206.368,1866,423455,0,0.00000000,0.00000000,0.00,0,0,0.09,-0.142,1.2740,0.5390,0.9310,1.6674,0.150452,-0.118591,0.020203,-0.981262,7.800,73.8,-1
1783958206.552,1867,423677,0,0.00000000,0.00000000,0.00,0,0,0.20,-0.041,0.3920,0.6370,1.6660,1.8262,0.151062,-0.119202,0.019897,-0.981079,7.801,73.8,-1
1783958206.801,1868,423896,0,0.00000000,0.00000000,0.00,0,0,0.26,0.009,0.4900,0.7350,2.4010,2.5583,0.151001,-0.118896,0.019897,-0.981140,7.801,77.5,-1
1783958207.048,1869,424144,0,0.00000000,0.00000000,0.00,0,0,0.27,-0.005,0.4410,0.5390,1.7150,1.8510,0.150879,-0.118774,0.019958,-0.981201,7.800,75.0,-1
1783958207.295,1870,424370,0,0.00000000,0.00000000,0.00,0,0,0.21,-0.034,0.7840,0.8330,1.7640,2.1024,0.150879,-0.118591,0.019897,-0.981201,7.801,67.5,-1
1783958207.481,1871,424600,0,0.00000000,0.00000000,0.00,0,0,0.23,-0.017,0.4900,0.1470,1.5190,1.6028,0.150879,-0.118530,0.019897,-0.981201,7.800,76.2,-1
1783958207.730,1872,424818,0,0.00000000,0.00000000,0.00,0,0,0.21,-0.011,0.7350,0.4410,1.2250,1.4951,0.150879,-0.118530,0.019836,-0.981201,7.801,78.8,-1
1783958207.978,1873,425045,0,0.00000000,0.00000000,0.00,0,0,0.16,-0.033,0.7350,0.5880,1.2250,1.5449,0.150879,-0.118591,0.019714,-0.981201,7.800,70.0,-1
1783958208.179,1874,425263,0,0.00000000,0.00000000,0.00,0,0,0.16,-0.048,0.3430,0.2940,1.2740,1.3517,0.150818,-0.118530,0.019653,-0.981201,7.801,72.5,-1
1783958208.364,1875,425483,0,0.00000000,0.00000000,0.00,0,0,0.20,-0.025,0.5880,0.5880,1.4700,1.6889,0.150879,-0.118591,0.019653,-0.981201,7.801,71.2,-1
1783958208.612,1876,425702,0,0.00000000,0.00000000,0.00,0,0,0.18,-0.046,-0.0980,0.9800,0.9800,1.3894,0.150757,-0.118591,0.019653,-0.981262,7.801,71.2,-1
1783958208.798,1877,425921,0,0.00000000,0.00000000,0.00,0,0,0.26,0.017,0.1470,0.0980,0.2450,0.3021,0.150757,-0.118530,0.019653,-0.981262,7.801,77.5,-1
1783958209.046,1878,426133,0,0.00000000,0.00000000,0.00,0,0,0.26,-0.010,0.1960,0.4410,1.5190,1.5938,0.150757,-0.118408,0.019714,-0.981262,7.804,75.0,-1
1783958209.234,1879,426351,0,0.00000000,0.00000000,0.00,0,0,0.26,-0.009,0.5390,0.3430,2.1560,2.2487,0.150757,-0.118408,0.019653,-0.981262,7.802,75.0,-1
1783958209.482,1880,426575,0,0.00000000,0.00000000,0.00,0,0,0.25,-0.018,0.3430,0.8330,1.9600,2.1571,0.150757,-0.118347,0.019653,-0.981262,7.801,73.8,-1
1783958209.727,1881,426793,0,0.00000000,0.00000000,0.00,0,0,0.18,-0.064,0.2450,0.8820,1.2740,1.5688,0.150757,-0.118408,0.019653,-0.981262,7.801,75.0,-1
1783958209.913,1882,427016,0,0.00000000,0.00000000,0.00,0,0,0.24,-0.024,0.6860,0.6860,1.4700,1.7613,0.150757,-0.118469,0.019653,-0.981262,7.800,72.5,-1
1783958210.163,1883,427233,0,0.00000000,0.00000000,0.00,0,0,0.19,-0.039,0.1470,0.5390,1.8130,1.8971,0.150757,-0.118408,0.019653,-0.981262,7.801,73.8,-1
1783958210.349,1884,427455,0,0.00000000,0.00000000,0.00,0,0,0.31,0.034,0.0490,0.3920,0.9310,1.0113,0.150757,-0.118469,0.019653,-0.981262,7.800,72.5,-1
1783958210.598,1885,427677,0,0.00000000,0.00000000,0.00,0,0,0.22,-0.013,0.2450,0.7840,1.0290,1.3166,0.151245,-0.118896,0.019775,-0.981140,7.801,72.5,-1
1783958210.784,1886,427895,0,0.00000000,0.00000000,0.00,0,0,0.29,0.009,0.0980,0.9310,1.1270,1.4651,0.151367,-0.119324,0.019836,-0.981079,7.799,76.2,-1
1783958211.033,1887,428141,0,0.00000000,0.00000000,0.00,0,0,0.29,0.008,0.6860,0.5390,1.6660,1.8806,0.151367,-0.119202,0.019592,-0.981079,7.802,71.2,-1
1783958211.282,1888,428366,0,0.00000000,0.00000000,0.00,0,0,0.20,-0.023,0.5390,0.3920,1.1760,1.3517,0.151367,-0.119141,0.019592,-0.981079,7.801,76.2,-1
1783958211.468,1889,428589,0,0.00000000,0.00000000,0.00,0,0,0.25,0.022,0.9310,0.4900,2.3030,2.5319,0.151306,-0.119019,0.019775,-0.981079,7.804,70.0,-1
1783958211.717,1890,428808,0,0.00000000,0.00000000,0.00,0,0,0.29,0.033,0.2940,0.1470,1.3720,1.4108,0.151306,-0.119019,0.019958,-0.981079,7.804,68.8,-1
1783958211.903,1891,429027,0,0.00000000,0.00000000,0.00,0,0,0.09,-0.093,0.7840,0.4900,1.9600,2.1671,0.151306,-0.119019,0.019958,-0.981079,7.802,73.8,-1
1783958212.150,1892,429243,0,0.00000000,0.00000000,0.00,0,0,0.13,-0.057,0.5390,0.3920,1.5680,1.7038,0.151245,-0.118896,0.019958,-0.981140,7.804,72.5,-1
1783958212.402,1893,429467,0,0.00000000,0.00000000,0.00,0,0,0.11,-0.085,0.4900,0.3920,1.8620,1.9649,0.151306,-0.118958,0.019958,-0.981079,7.802,71.2,-1
1783958212.589,1894,429691,0,0.00000000,0.00000000,0.00,0,0,0.20,-0.028,0.7350,1.2740,2.1070,2.5696,0.151367,-0.119019,0.019775,-0.981079,7.802,70.0,-1
1783958212.837,1895,429910,0,0.00000000,0.00000000,0.00,0,0,0.17,-0.054,0.3920,0.5880,1.7150,1.8549,0.151367,-0.119019,0.019775,-0.981079,7.804,72.5,-1
1783958213.022,1896,430127,0,0.00000000,0.00000000,0.00,0,0,0.24,-0.016,0.7350,0.5390,1.5190,1.7715,0.151367,-0.119019,0.019714,-0.981079,7.801,73.8,-1
1783958213.271,1897,430353,0,0.00000000,0.00000000,0.00,0,0,0.27,0.034,0.0980,0.4900,1.5680,1.6457,0.151306,-0.119019,0.019653,-0.981079,7.801,73.8,-1
1783958213.456,1898,430573,0,0.00000000,0.00000000,0.00,0,0,0.15,-0.045,0.2940,0.5390,1.0290,1.1982,0.151367,-0.118958,0.019714,-0.981079,7.802,73.8,-1
1783958213.703,1899,430793,0,0.00000000,0.00000000,0.00,0,0,0.16,-0.026,0.3430,0.6860,1.7640,1.9235,0.151367,-0.118958,0.019714,-0.981079,7.802,72.5,-1
1783958213.919,1900,431017,0,0.00000000,0.00000000,0.00,0,0,0.17,-0.012,0.3920,0.4900,2.0580,2.1515,0.151306,-0.118958,0.019592,-0.981079,7.802,75.0,-1
1783958214.168,1901,431234,0,0.00000000,0.00000000,0.00,0,0,0.16,-0.001,0.5390,0.6370,2.1070,2.2662,0.151306,-0.118896,0.019653,-0.981140,7.802,72.5,-1
1783958214.355,1902,431462,0,0.00000000,0.00000000,0.00,0,0,0.09,-0.029,0.4900,0.0490,2.1070,2.1638,0.151367,-0.118958,0.019653,-0.981079,7.802,72.5,-1
1783958214.604,1903,431686,0,0.00000000,0.00000000,0.00,0,0,0.12,-0.004,0.4410,0.2940,1.4700,1.5626,0.151489,-0.118958,0.019653,-0.981079,7.802,68.8,-1
1783958214.790,1904,431909,0,0.00000000,0.00000000,0.00,0,0,0.14,0.015,0.7350,0.6370,2.0090,2.2321,0.151550,-0.118896,0.019836,-0.981079,7.802,70.0,-1
1783958215.039,1905,432155,0,0.00000000,0.00000000,0.00,0,0,0.19,0.040,0.0980,1.5680,0.8820,1.8017,0.151489,-0.118896,0.019958,-0.981079,7.802,75.0,-1
1783958215.288,1906,432374,0,0.00000000,0.00000000,0.00,0,0,0.10,-0.027,-0.0980,0.2940,1.3230,1.3588,0.151428,-0.118835,0.019958,-0.981079,7.804,77.5,-1
1783958215.475,1907,432598,0,0.00000000,0.00000000,0.00,0,0,0.05,-0.046,0.0490,1.7640,1.4210,2.2657,0.151428,-0.118835,0.019897,-0.981079,7.802,77.5,-1
1783958215.724,1908,432820,0,0.00000000,0.00000000,0.00,0,0,0.10,0.004,0.6370,0.9800,1.1760,1.6581,0.151428,-0.118896,0.019836,-0.981079,7.804,71.2,-1
1783958215.971,1909,433045,0,0.00000000,0.00000000,0.00,0,0,0.08,0.010,0.1470,0.5880,1.4210,1.5449,0.151245,-0.119019,0.019958,-0.981079,7.804,73.8,-1
1783958216.155,1910,433259,0,0.00000000,0.00000000,0.00,0,0,0.14,0.042,0.8820,0.4900,2.1070,2.3361,0.151245,-0.118958,0.019958,-0.981079,7.802,73.8,-1
1783958216.403,1911,433480,0,0.00000000,0.00000000,0.00,0,0,0.20,0.079,-0.1470,1.4210,1.3720,1.9807,0.151489,-0.119507,0.019897,-0.981018,7.802,72.5,-1
1783958216.590,1912,433698,0,0.00000000,0.00000000,0.00,0,0,0.16,0.064,0.3430,0.3920,1.8130,1.8863,0.151489,-0.119507,0.019836,-0.981018,7.802,77.5,-1
1783958216.837,1913,433921,0,0.00000000,0.00000000,0.00,0,0,0.17,0.053,0.4410,0.3920,1.3720,1.4935,0.151550,-0.119568,0.019836,-0.981018,7.802,70.0,-1
1783958217.024,1914,434133,0,0.00000000,0.00000000,0.00,0,0,0.20,0.050,0.0980,0.8330,1.2250,1.4846,0.151489,-0.119568,0.019897,-0.981018,7.802,70.0,-1
1783958217.275,1915,434358,0,0.00000000,0.00000000,0.00,0,0,0.00,-0.084,0.0980,1.3230,1.3230,1.8736,0.151367,-0.119568,0.019897,-0.981018,7.801,75.0,-1
1783958217.462,1916,434582,0,0.00000000,0.00000000,0.00,0,0,0.06,-0.038,0.2450,0.9800,1.1270,1.5135,0.151367,-0.119568,0.019897,-0.981018,7.802,71.2,-1
1783958217.708,1917,434782,0,0.00000000,0.00000000,0.00,0,0,0.06,-0.043,-0.1470,0.8820,1.4700,1.7206,0.151367,-0.119507,0.019836,-0.981018,7.801,70.0,-1
1783958217.894,1918,435000,0,0.00000000,0.00000000,0.00,0,0,0.08,-0.029,0.0000,0.2940,0.8330,0.8834,0.151367,-0.119446,0.019775,-0.981018,7.802,77.5,-1
1783958218.143,1919,435214,0,0.00000000,0.00000000,0.00,0,0,0.13,-0.002,-0.0490,0.7350,1.7640,1.9116,0.151367,-0.119446,0.019714,-0.981018,7.801,68.8,-1
1783958218.331,1920,435434,0,0.00000000,0.00000000,0.00,0,0,0.19,0.029,0.2940,0.5390,1.9600,2.0539,0.151367,-0.119446,0.019836,-0.981018,7.802,70.0,-1
1783958218.582,1921,435662,0,0.00000000,0.00000000,0.00,0,0,0.16,0.003,0.2940,0.2940,1.4700,1.5277,0.151367,-0.119324,0.019897,-0.981018,7.801,78.8,-1
1783958218.770,1922,435888,0,0.00000000,0.00000000,0.00,0,0,0.13,-0.009,-0.0980,0.6860,1.1760,1.3650,0.151367,-0.119324,0.019897,-0.981018,7.801,67.5,-1
1783958219.016,1923,436137,0,0.00000000,0.00000000,0.00,0,0,0.11,-0.024,0.4900,0.6370,1.4210,1.6325,0.151367,-0.119263,0.019714,-0.981079,7.804,72.5,-1
1783958219.264,1924,436363,0,0.00000000,0.00000000,0.00,0,0,0.09,-0.026,0.1960,0.8330,1.5190,1.7435,0.151367,-0.119324,0.019714,-0.981079,7.801,77.5,-1
1783958219.512,1925,436587,0,0.00000000,0.00000000,0.00,0,0,0.02,-0.071,0.0980,0.4410,1.6660,1.7262,0.151367,-0.119324,0.019653,-0.981079,7.802,78.8,-1
1783958219.698,1926,436813,0,0.00000000,0.00000000,0.00,0,0,0.15,0.020,0.0980,0.0980,1.4210,1.4277,0.151367,-0.119324,0.019653,-0.981079,7.802,76.2,-1
1783958219.945,1927,437037,0,0.00000000,0.00000000,0.00,0,0,0.17,0.043,0.5880,-0.0980,0.9800,1.1471,0.151367,-0.119263,0.019592,-0.981079,7.802,72.5,-1
1783958220.132,1928,437255,0,0.00000000,0.00000000,0.00,0,0,0.12,0.024,0.3430,0.5880,1.1760,1.3588,0.151367,-0.119324,0.019653,-0.981079,7.801,73.8,-1
1783958220.381,1929,437477,0,0.00000000,0.00000000,0.00,0,0,0.07,-0.010,0.2940,0.6860,1.3230,1.5190,0.151367,-0.119385,0.019653,-0.981079,7.801,72.5,-1
1783958220.630,1930,437695,0,0.00000000,0.00000000,0.00,0,0,0.18,0.050,0.2940,0.2940,1.0290,1.1098,0.151367,-0.119385,0.019653,-0.981018,7.801,76.2,-1
1783958220.815,1931,437919,0,0.00000000,0.00000000,0.00,0,0,0.13,0.011,0.5390,0.0980,1.4210,1.5229,0.151306,-0.119324,0.019592,-0.981079,7.804,72.5,-1
1783958221.064,1932,438133,0,0.00000000,0.00000000,0.00,0,0,0.11,-0.011,0.2940,0.0490,2.0090,2.0310,0.151306,-0.119324,0.019592,-0.981079,7.801,75.0,-1
1783958221.249,1933,438361,0,0.00000000,0.00000000,0.00,0,0,0.11,-0.020,0.6860,0.3430,1.4700,1.6581,0.151306,-0.119385,0.019592,-0.981079,7.802,72.5,-1
1783958221.497,1934,438580,0,0.00000000,0.00000000,0.00,0,0,0.08,-0.028,0.0000,0.5880,1.2740,1.4031,0.151306,-0.119446,0.019653,-0.981018,7.802,72.5,-1
1783958221.683,1935,438803,0,0.00000000,0.00000000,0.00,0,0,0.06,-0.037,0.5880,0.8330,1.7640,2.0375,0.151306,-0.119446,0.019653,-0.981018,7.801,73.8,-1
1783958221.930,1936,439029,0,0.00000000,0.00000000,0.00,0,0,0.16,0.010,0.1470,0.5390,1.7150,1.8037,0.151306,-0.119385,0.019592,-0.981079,7.802,82.5,-1
1783958222.178,1937,439242,0,0.00000000,0.00000000,0.00,0,0,0.20,0.037,0.2450,0.7350,1.9110,2.0621,0.151306,-0.119324,0.019592,-0.981079,7.801,70.0,-1
1783958222.364,1938,439472,0,0.00000000,0.00000000,0.00,0,0,0.19,0.030,-0.0490,0.5390,-0.1470,0.5608,0.151306,-0.119263,0.019531,-0.981079,7.802,73.8,-1
1783958222.612,1939,439694,0,0.00000000,0.00000000,0.00,0,0,0.27,0.095,0.4410,0.5390,0.8820,1.1238,0.151306,-0.119202,0.019470,-0.981079,7.801,75.0,-1
1783958222.796,1940,439920,0,0.00000000,0.00000000,0.00,0,0,0.21,0.026,0.3920,0.5390,1.1760,1.3517,0.151306,-0.119202,0.019470,-0.981079,7.801,75.0,-1
1783958223.044,1941,440136,0,0.00000000,0.00000000,0.00,0,0,0.14,-0.022,0.5390,0.8820,1.1270,1.5292,0.151367,-0.119141,0.019348,-0.981079,7.801,70.0,-1
1783958223.295,1942,440363,0,0.00000000,0.00000000,0.00,0,0,0.11,-0.035,0.5880,0.5880,1.3720,1.6043,0.151489,-0.119202,0.019348,-0.981079,7.801,73.8,-1
1783958223.480,1943,440583,0,0.00000000,0.00000000,0.00,0,0,0.12,-0.040,0.2450,0.2940,1.3720,1.4244,0.151489,-0.119263,0.019470,-0.981018,7.801,75.0,-1
1783958223.729,1944,440802,0,0.00000000,0.00000000,0.00,0,0,0.16,-0.010,0.1470,0.5390,1.0290,1.1709,0.151550,-0.119263,0.019531,-0.981018,7.801,70.0,-1
1783958223.915,1945,441027,0,0.00000000,0.00000000,0.00,0,0,0.16,0.006,0.0490,0.4410,1.7640,1.8189,0.151611,-0.119324,0.019592,-0.981018,7.802,76.2,-1
1783958224.163,1946,441241,0,0.00000000,0.00000000,0.00,0,0,0.19,0.022,0.5390,0.7840,1.5190,1.7924,0.151611,-0.119324,0.019592,-0.981018,7.802,75.0,-1
1783958224.351,1947,441465,0,0.00000000,0.00000000,0.00,0,0,0.14,-0.001,0.0980,0.6860,1.1760,1.3650,0.151611,-0.119263,0.019592,-0.981018,7.801,72.5,-1
1783958224.598,1948,441690,0,0.00000000,0.00000000,0.00,0,0,0.09,-0.041,0.1470,0.8330,1.3230,1.5703,0.151611,-0.119202,0.019592,-0.981018,7.804,68.8,-1
1783958224.846,1949,441913,0,0.00000000,0.00000000,0.00,0,0,0.08,-0.036,1.2250,0.5390,2.7440,3.0530,0.151611,-0.119202,0.019592,-0.981018,7.801,81.2,-1
1783958225.031,1950,442131,0,0.00000000,0.00000000,0.00,0,0,0.21,0.016,0.1960,0.2940,1.5680,1.6073,0.151611,-0.119202,0.019531,-0.981018,7.800,71.2,-1
1783958225.277,1951,442360,0,0.00000000,0.00000000,0.00,0,0,0.17,-0.019,0.0000,0.6370,0.5880,0.8669,0.151611,-0.119202,0.019592,-0.981018,7.802,75.0,-1
1783958225.466,1952,442577,0,0.00000000,0.00000000,0.00,0,0,0.16,-0.020,0.4900,0.4900,1.4700,1.6251,0.151611,-0.119202,0.019531,-0.981018,7.801,76.2,-1
1783958225.716,1953,442797,0,0.00000000,0.00000000,0.00,0,0,0.05,-0.086,0.4410,1.5680,1.6170,2.2952,0.151611,-0.119141,0.019592,-0.981018,7.801,78.8,-1
1783958225.903,1954,443018,0,0.00000000,0.00000000,0.00,0,0,0.15,-0.030,0.4900,0.4410,1.5680,1.7009,0.151611,-0.119141,0.019592,-0.981018,7.802,75.0,-1
1783958226.148,1955,443229,0,0.00000000,0.00000000,0.00,0,0,0.20,0.016,0.3920,0.2940,1.6660,1.7366,0.151611,-0.119141,0.019592,-0.981018,7.805,77.5,-1
1783958226.333,1956,443448,0,0.00000000,0.00000000,0.00,0,0,0.19,0.034,0.2940,0.5880,1.4700,1.6103,0.151611,-0.119141,0.019653,-0.981018,7.801,72.5,-1
1783958226.580,1957,443672,0,0.00000000,0.00000000,0.00,0,0,0.05,-0.042,0.7350,0.4900,1.5680,1.7997,0.151611,-0.119141,0.019653,-0.981018,7.802,73.8,-1
1783958226.766,1958,443891,0,0.00000000,0.00000000,0.00,0,0,0.12,0.020,0.1960,0.9310,1.0780,1.4378,0.151611,-0.119141,0.019592,-0.981018,7.802,75.0,-1
1783958227.016,1959,444132,0,0.00000000,0.00000000,0.00,0,0,0.03,-0.036,0.2940,0.0980,1.3230,1.3588,0.151611,-0.119141,0.019531,-0.981018,7.801,75.0,-1
1783958227.263,1960,444353,0,0.00000000,0.00000000,0.00,0,0,0.02,-0.041,0.2940,0.1960,1.3720,1.4168,0.151611,-0.119141,0.019470,-0.981018,7.802,72.5,-1
1783958227.449,1961,444572,0,0.00000000,0.00000000,0.00,0,0,0.08,0.009,0.6370,0.2940,1.7150,1.8530,0.151611,-0.119141,0.019470,-0.981018,7.801,76.2,-1
1783958227.696,1962,444794,0,0.00000000,0.00000000,0.00,0,0,0.06,-0.014,0.4900,0.3920,1.7150,1.8262,0.151611,-0.119141,0.019409,-0.981018,7.801,67.5,-1
1783958227.943,1963,445017,0,0.00000000,0.00000000,0.00,0,0,0.18,0.073,0.3430,0.5390,1.7640,1.8761,0.151611,-0.119202,0.019470,-0.981018,7.801,71.2,-1
1783958228.128,1964,445235,0,0.00000000,0.00000000,0.00,0,0,0.04,-0.028,0.4900,1.1270,1.1760,1.7009,0.151611,-0.119202,0.019470,-0.981018,7.801,67.5,-1
1783958228.376,1965,445456,0,0.00000000,0.00000000,0.00,0,0,0.19,0.071,0.0000,0.7350,1.8620,2.0018,0.151611,-0.119202,0.019531,-0.981018,7.801,73.8,-1
1783958228.562,1966,445674,0,0.00000000,0.00000000,0.00,0,0,0.11,0.016,0.8330,0.4900,2.1070,2.3181,0.151611,-0.119202,0.019653,-0.981018,7.802,70.0,-1
1783958228.808,1967,445893,0,0.00000000,0.00000000,0.00,0,0,0.21,0.085,0.7840,0.6860,1.7640,2.0486,0.151611,-0.119202,0.019653,-0.981018,7.802,71.2,-1
1783958229.058,1968,446139,0,0.00000000,0.00000000,0.00,0,0,0.15,0.042,0.0000,1.2250,0.6370,1.3807,0.151611,-0.119141,0.019592,-0.981018,7.801,72.5,-1
1783958229.242,1969,446368,0,0.00000000,0.00000000,0.00,0,0,0.07,-0.010,0.8820,0.3920,1.7640,2.0108,0.151611,-0.119141,0.019592,-0.981018,7.801,77.5,-1
1783958229.493,1970,446594,0,0.00000000,0.00000000,0.00,0,0,0.16,0.045,0.3920,0.9800,2.3030,2.5334,0.151611,-0.119141,0.019653,-0.981018,7.801,71.2,-1
1783958229.742,1971,446818,0,0.00000000,0.00000000,0.00,0,0,0.12,0.016,0.2940,0.8330,0.5880,1.0612,0.151611,-0.119141,0.019592,-0.981018,7.801,72.5,-1
1783958229.929,1972,447037,0,0.00000000,0.00000000,0.00,0,0,0.18,0.043,0.2940,0.6370,0.9310,1.1657,0.151611,-0.119080,0.019531,-0.981018,7.801,72.5,-1
1783958230.177,1973,447253,0,0.00000000,0.00000000,0.00,0,0,0.14,0.028,0.3430,0.0980,1.8130,1.8478,0.151611,-0.119080,0.019531,-0.981018,7.801,76.2,-1
1783958230.363,1974,447478,0,0.00000000,0.00000000,0.00,0,0,0.02,-0.046,0.5390,0.4900,1.5680,1.7289,0.151611,-0.119080,0.019531,-0.981018,7.802,72.5,-1
1783958230.613,1975,447698,0,0.00000000,0.00000000,0.00,0,0,0.11,0.023,0.7840,0.3920,2.3030,2.4642,0.151611,-0.119141,0.019531,-0.981018,7.802,75.0,-1
1783958230.800,1976,447920,0,0.00000000,0.00000000,0.00,0,0,0.16,0.044,1.1760,0.0490,1.8620,2.2028,0.151611,-0.119141,0.019592,-0.981018,7.802,73.8,-1
1783958231.047,1977,448134,0,0.00000000,0.00000000,0.00,0,0,0.14,0.021,0.3920,0.1470,1.5190,1.5756,0.151611,-0.119141,0.019592,-0.981018,7.801,70.0,-1
1783958231.233,1978,448357,0,0.00000000,0.00000000,0.00,0,0,0.12,-0.002,-0.3920,1.7640,1.7640,2.5253,0.151611,-0.119141,0.019531,-0.981018,7.800,77.5,-1
1783958231.481,1979,448583,0,0.00000000,0.00000000,0.00,0,0,0.10,-0.026,0.5390,1.0780,1.1270,1.6501,0.151611,-0.119141,0.019531,-0.981018,7.801,66.2,-1
1783958231.733,1980,448808,0,0.00000000,0.00000000,0.00,0,0,0.20,0.030,0.7350,0.7840,2.5480,2.7654,0.151611,-0.119141,0.019592,-0.981018,7.802,77.5,-1
1783958231.918,1981,449031,0,0.00000000,0.00000000,0.00,0,0,0.07,-0.043,0.0980,0.5390,2.2540,2.3196,0.151611,-0.119141,0.019653,-0.981018,7.800,70.0,-1
1783958232.166,1982,449251,0,0.00000000,0.00000000,0.00,0,0,0.13,-0.021,0.4900,0.9800,-0.0980,1.1000,0.151611,-0.119141,0.019653,-0.981018,7.801,71.2,-1
1783958232.351,1983,449473,0,0.00000000,0.00000000,0.00,0,0,0.22,0.036,0.6370,0.8820,1.9600,2.2417,0.151611,-0.119141,0.019653,-0.981018,7.802,71.2,-1
1783958232.602,1984,449693,0,0.00000000,0.00000000,0.00,0,0,0.22,0.048,0.3430,1.1270,0.2940,1.2142,0.151611,-0.119141,0.019531,-0.981018,7.802,70.0,-1
1783958232.788,1985,449914,0,0.00000000,0.00000000,0.00,0,0,0.19,0.022,0.4410,0.3430,1.2740,1.3911,0.151611,-0.119141,0.019531,-0.981018,7.801,71.2,-1
1783958233.036,1986,450128,0,0.00000000,0.00000000,0.00,0,0,0.29,0.082,0.2450,0.3430,1.5190,1.5764,0.151611,-0.119141,0.019470,-0.981018,7.801,71.2,-1
1783958233.284,1987,450357,0,0.00000000,0.00000000,0.00,0,0,0.19,0.008,0.6370,0.0000,2.0090,2.1076,0.151611,-0.119141,0.019470,-0.981018,7.802,70.0,-1
1783958233.473,1988,450580,0,0.00000000,0.00000000,0.00,0,0,0.15,-0.002,0.5390,0.9310,2.1070,2.3657,0.151611,-0.119141,0.019531,-0.981018,7.802,72.5,-1
1783958233.724,1989,450804,0,0.00000000,0.00000000,0.00,0,0,0.20,0.027,0.8820,0.5880,1.2250,1.6200,0.151611,-0.119141,0.019531,-0.981018,7.802,71.2,-1
1783958233.911,1990,451028,0,0.00000000,0.00000000,0.00,0,0,0.09,-0.036,-0.3920,0.1960,0.7350,0.8557,0.151611,-0.119080,0.019470,-0.981018,7.801,73.8,-1
1783958234.158,1991,451242,0,0.00000000,0.00000000,0.00,0,0,0.15,0.013,0.0980,1.1760,1.5680,1.9624,0.151611,-0.119080,0.019470,-0.981018,7.801,75.0,-1
1783958234.345,1992,451468,0,0.00000000,0.00000000,0.00,0,0,0.10,-0.019,1.0780,0.0000,2.9890,3.1775,0.151611,-0.119080,0.019409,-0.981018,7.801,71.2,-1
1783958234.592,1993,451685,0,0.00000000,0.00000000,0.00,0,0,0.10,-0.028,0.7840,0.7840,1.2250,1.6523,0.151611,-0.119141,0.019470,-0.981018,7.800,71.2,-1
1783958234.839,1994,451910,0,0.00000000,0.00000000,0.00,0,0,0.10,-0.018,0.4410,0.5880,1.3720,1.5565,0.151611,-0.119141,0.019531,-0.981018,7.801,68.8,-1
1783958235.026,1995,452150,0,0.00000000,0.00000000,0.00,0,0,0.08,-0.007,1.0290,0.6370,2.4500,2.7326,0.151611,-0.119141,0.019531,-0.981018,7.802,70.0,-1
1783958235.274,1996,452368,0,0.00000000,0.00000000,0.00,0,0,0.10,-0.006,0.0490,0.3920,1.0290,1.1022,0.151611,-0.119141,0.019592,-0.981018,7.802,70.0,-1
1783958235.519,1997,452589,0,0.00000000,0.00000000,0.00,0,0,0.10,-0.003,0.7840,1.1760,2.0580,2.4966,0.151611,-0.119141,0.019592,-0.981018,7.802,71.2,-1
1783958235.707,1998,452812,0,0.00000000,0.00000000,0.00,0,0,0.12,-0.007,0.0000,1.2740,1.3720,1.8723,0.151611,-0.119141,0.019531,-0.981018,7.801,67.5,-1
1783958235.956,1999,453030,0,0.00000000,0.00000000,0.00,0,0,0.07,-0.046,0.9310,0.2940,0.7840,1.2521,0.151611,-0.119141,0.019592,-0.981018,7.801,68.8,-1
1783958236.144,2000,453246,0,0.00000000,0.00000000,0.00,0,0,0.07,-0.023,0.1470,0.5880,1.7150,1.8189,0.151611,-0.119141,0.019531,-0.981018,7.801,77.5,-1
1783958236.393,2001,453469,0,0.00000000,0.00000000,0.00,0,0,0.17,0.058,0.4410,0.3920,1.2250,1.3597,0.151611,-0.119080,0.019592,-0.981018,7.800,76.2,-1
1783958236.579,2002,453692,0,0.00000000,0.00000000,0.00,0,0,0.19,0.064,0.2940,0.4900,1.3230,1.4411,0.151550,-0.119080,0.019714,-0.981079,7.801,75.0,-1
1783958236.829,2003,453914,0,0.00000000,0.00000000,0.00,0,0,0.17,0.044,0.5880,0.2450,2.1070,2.2012,0.151550,-0.119141,0.019775,-0.981018,7.800,67.5,-1
1783958237.077,2004,454154,0,0.00000000,0.00000000,0.00,0,0,0.14,0.023,0.3920,0.8330,1.4700,1.7345,0.151550,-0.119141,0.019836,-0.981018,7.801,67.5,-1
1783958237.263,2005,454372,0,0.00000000,0.00000000,0.00,0,0,0.20,0.059,0.1960,0.2450,1.4700,1.5031,0.151550,-0.119141,0.019836,-0.981018,7.800,73.8,-1
1783958237.512,2006,454595,0,0.00000000,0.00000000,0.00,0,0,0.18,0.049,0.2450,0.6860,1.2250,1.4252,0.151489,-0.119202,0.019775,-0.981018,7.802,77.5,-1
1783958237.700,2007,454816,0,0.00000000,0.00000000,0.00,0,0,0.12,0.012,0.4900,0.4900,1.5190,1.6696,0.151489,-0.119263,0.019775,-0.981018,7.802,72.5,-1
1783958237.948,2008,455035,0,0.00000000,0.00000000,0.00,0,0,0.16,0.021,0.7350,0.7840,1.4210,1.7816,0.151489,-0.119324,0.019775,-0.981018,7.802,72.5,-1
1783958238.132,2009,455253,0,0.00000000,0.00000000,0.00,0,0,0.10,-0.015,0.6370,0.5880,1.0780,1.3833,0.151489,-0.119385,0.019714,-0.981018,7.801,70.0,-1
1783958238.383,2010,455477,0,0.00000000,0.00000000,0.00,0,0,0.13,-0.007,0.7350,-0.0980,1.4700,1.6464,0.151489,-0.119385,0.019714,-0.981018,7.801,72.5,-1
1783958238.629,2011,455696,0,0.00000000,0.00000000,0.00,0,0,0.18,-0.003,0.4410,0.1470,1.3230,1.4023,0.151489,-0.119324,0.019653,-0.981018,7.801,73.8,-1
1783958238.816,2012,455919,0,0.00000000,0.00000000,0.00,0,0,0.13,-0.025,0.3920,0.3920,1.2250,1.3446,0.151489,-0.119324,0.019592,-0.981018,7.801,72.5,-1
1783958239.065,2013,456133,0,0.00000000,0.00000000,0.00,0,0,0.10,-0.040,0.4900,0.7840,1.0780,1.4202,0.151489,-0.119385,0.019653,-0.981018,7.801,70.0,-1
1783958239.251,2014,456359,0,0.00000000,0.00000000,0.00,0,0,0.27,0.081,0.0980,0.6860,1.3230,1.4935,0.151489,-0.119446,0.019653,-0.981018,7.800,72.5,-1
1783958239.501,2015,456577,0,0.00000000,0.00000000,0.00,0,0,0.21,0.025,0.2940,0.3920,1.8620,1.9254,0.151489,-0.119324,0.019592,-0.981018,7.800,75.0,-1
1783958239.688,2016,456800,0,0.00000000,0.00000000,0.00,0,0,0.24,0.037,0.2450,0.6370,0.8820,1.1152,0.151489,-0.119324,0.019592,-0.981018,7.801,71.2,-1
1783958239.938,2017,457024,0,0.00000000,0.00000000,0.00,0,0,0.20,0.010,0.9800,0.7350,1.0290,1.5998,0.151489,-0.119324,0.019653,-0.981018,7.804,72.5,-1
1783958240.126,2018,457242,0,0.00000000,0.00000000,0.00,0,0,0.22,0.002,-0.1960,0.7350,0.3430,0.8344,0.151489,-0.119385,0.019653,-0.981018,7.802,75.0,-1
1783958240.375,2019,457460,0,0.00000000,0.00000000,0.00,0,0,0.09,-0.084,0.7350,0.0980,1.1270,1.3491,0.151489,-0.119446,0.019653,-0.981018,7.802,75.0,-1
1783958240.561,2020,457684,0,0.00000000,0.00000000,0.00,0,0,0.15,-0.046,0.8330,0.2450,1.7640,1.9661,0.151489,-0.119385,0.019592,-0.981018,7.802,71.2,-1
1783958240.812,2021,457910,0,0.00000000,0.00000000,0.00,0,0,0.20,-0.014,0.2450,0.4900,1.5190,1.6148,0.151489,-0.119324,0.019531,-0.981018,7.802,73.8,-1
1783958241.058,2022,458156,0,0.00000000,0.00000000,0.00,0,0,0.14,-0.036,-0.0490,0.7350,1.3230,1.5143,0.151489,-0.119263,0.019470,-0.981018,7.802,73.8,-1
1783958241.305,2023,458380,0,0.00000000,0.00000000,0.00,0,0,0.17,-0.004,0.4410,0.5880,1.5190,1.6875,0.151489,-0.119324,0.019531,-0.981018,7.801,75.0,-1
1783958241.489,2024,458604,0,0.00000000,0.00000000,0.00,0,0,0.17,-0.010,0.2940,0.4410,1.4700,1.5626,0.151489,-0.119324,0.019592,-0.981018,7.804,72.5,-1
1783958241.738,2025,458822,0,0.00000000,0.00000000,0.00,0,0,0.16,-0.038,0.0980,0.5390,1.5190,1.6148,0.151489,-0.119324,0.019592,-0.981018,7.802,76.2,-1
1783958241.923,2026,459044,0,0.00000000,0.00000000,0.00,0,0,0.22,-0.000,-0.3920,1.3720,-1.2250,1.8806,0.151489,-0.119324,0.019592,-0.981018,7.804,72.5,-1
1783958242.170,2027,459257,0,0.00000000,0.00000000,0.00,0,0,0.18,-0.013,0.8330,0.2450,0.6860,1.1066,0.151489,-0.119385,0.019592,-0.981018,7.802,75.0,-1
1783958242.357,2028,459474,0,0.00000000,0.00000000,0.00,0,0,0.18,-0.014,0.1470,0.5880,1.0780,1.2367,0.151489,-0.119385,0.019653,-0.981018,7.802,75.0,-1
1783958242.606,2029,459696,0,0.00000000,0.00000000,0.00,0,0,0.26,0.034,0.0980,0.1470,2.9890,2.9942,0.151489,-0.119446,0.019653,-0.981018,7.805,68.8,-1
1783958242.792,2030,459915,0,0.00000000,0.00000000,0.00,0,0,0.15,-0.043,0.1960,0.5390,1.4700,1.5779,0.151489,-0.119446,0.019653,-0.981018,7.802,71.2,-1
1783958243.042,2031,460156,0,0.00000000,0.00000000,0.00,0,0,0.22,0.005,0.6370,0.2450,0.6860,0.9677,0.151489,-0.119446,0.019653,-0.981018,7.802,68.8,-1
1783958243.291,2032,460375,0,0.00000000,0.00000000,0.00,0,0,0.14,-0.031,0.7350,-0.1960,2.1560,2.2863,0.151489,-0.119446,0.019653,-0.981018,7.802,73.8,-1
1783958243.478,2033,460599,0,0.00000000,0.00000000,0.00,0,0,0.26,0.047,0.4900,-0.1960,1.9110,1.9825,0.151489,-0.119446,0.019653,-0.981018,7.801,80.0,-1
1783958243.726,2034,460820,0,0.00000000,0.00000000,0.00,0,0,0.18,0.004,-0.2450,0.9310,0.8330,1.2731,0.151489,-0.119446,0.019653,-0.981018,7.801,75.0,-1
1783958243.974,2035,461040,0,0.00000000,0.00000000,0.00,0,0,0.20,0.022,-0.0490,0.7840,1.3230,1.5386,0.151489,-0.119507,0.019653,-0.981018,7.804,73.8,-1
1783958244.161,2036,461255,0,0.00000000,0.00000000,0.00,0,0,0.26,0.052,0.0490,0.4900,1.3230,1.4117,0.151489,-0.119507,0.019653,-0.981018,7.801,71.2,-1
1783958244.410,2037,461478,0,0.00000000,0.00000000,0.00,0,0,0.25,0.042,1.3720,0.1470,2.6460,2.9842,0.151489,-0.119507,0.019653,-0.981018,7.804,80.0,-1
1783958244.595,2038,461700,0,0.00000000,0.00000000,0.00,0,0,0.18,0.003,0.3430,0.0980,1.4700,1.5127,0.151489,-0.119507,0.019653,-0.981018,7.804,76.2,-1
1783958244.843,2039,461917,0,0.00000000,0.00000000,0.00,0,0,0.33,0.091,0.1470,0.5880,1.4210,1.5449,0.151489,-0.119507,0.019653,-0.981018,7.802,80.0,-1
1783958245.028,2040,462131,0,0.00000000,0.00000000,0.00,0,0,0.23,0.034,0.0000,0.4410,1.4210,1.4879,0.151489,-0.119507,0.019653,-0.981018,7.804,73.8,-1
1783958245.276,2041,462353,0,0.00000000,0.00000000,0.00,0,0,0.27,0.052,0.1470,0.8820,0.6370,1.0979,0.151489,-0.119507,0.019653,-0.981018,7.802,73.8,-1
1783958245.462,2042,462570,0,0.00000000,0.00000000,0.00,0,0,0.21,0.005,0.3920,0.6370,0.8330,1.1195,0.151489,-0.119507,0.019653,-0.981018,7.804,75.0,-1
1783958245.710,2043,462790,0,0.00000000,0.00000000,0.00,0,0,0.15,-0.028,0.3430,0.5880,1.7150,1.8452,0.151489,-0.119324,0.019531,-0.981018,7.802,73.8,-1
1783958245.897,2044,463013,0,0.00000000,0.00000000,0.00,0,0,0.20,-0.005,0.3430,0.5880,0.8330,1.0758,0.151489,-0.119324,0.019531,-0.981018,7.802,72.5,-1
1783958246.143,2045,463229,0,0.00000000,0.00000000,0.00,0,0,0.30,0.055,0.6860,0.4900,1.6170,1.8236,0.151489,-0.119324,0.019531,-0.981018,7.802,75.0,-1
1783958246.329,2046,463452,0,0.00000000,0.00000000,0.00,0,0,0.26,0.041,0.4410,0.2940,0.8330,0.9873,0.151550,-0.119446,0.019531,-0.981018,7.802,80.0,-1
1783958246.578,2047,463674,0,0.00000000,0.00000000,0.00,0,0,0.22,0.017,0.3430,0.2450,1.4210,1.4822,0.151611,-0.119385,0.019531,-0.981018,7.801,72.5,-1
1783958246.828,2048,463895,0,0.00000000,0.00000000,0.00,0,0,0.33,0.081,0.3920,0.4410,1.8620,1.9533,0.151672,-0.119385,0.019470,-0.981018,7.802,68.8,-1
1783958247.016,2049,464138,0,0.00000000,0.00000000,0.00,0,0,0.27,0.055,0.0000,0.8820,1.7640,1.9722,0.151794,-0.119263,0.019409,-0.981018,7.802,70.0,-1
1783958247.264,2050,464357,0,0.00000000,0.00000000,0.00,0,0,0.31,0.079,0.3920,0.6860,0.9310,1.2211,0.151733,-0.119263,0.019531,-0.981018,7.802,72.5,-1
1783958247.451,2051,464575,0,0.00000000,0.00000000,0.00,0,0,0.27,0.059,0.1470,0.6860,1.2250,1.4117,0.151733,-0.119202,0.019653,-0.981018,7.802,70.0,-1
1783958247.701,2052,464795,0,0.00000000,0.00000000,0.00,0,0,0.23,0.026,0.7350,0.6860,1.2740,1.6229,0.151794,-0.119324,0.019653,-0.981018,7.804,70.0,-1
1783958247.950,2053,465018,0,0.00000000,0.00000000,0.00,0,0,0.36,0.107,0.1960,0.2940,1.2250,1.2749,0.151855,-0.119202,0.019470,-0.981018,7.805,73.8,-1
1783958248.134,2054,465230,0,0.00000000,0.00000000,0.00,0,0,0.23,0.027,0.7350,-0.2450,2.2540,2.3834,0.151855,-0.119202,0.019470,-0.981018,7.804,76.2,-1
1783958248.383,2055,465454,0,0.00000000,0.00000000,0.00,0,0,0.28,0.052,0.6860,0.4410,1.3720,1.5961,0.151855,-0.119202,0.019409,-0.981018,7.804,71.2,-1
1783958248.568,2056,465680,0,0.00000000,0.00000000,0.00,0,0,0.29,0.051,0.3920,0.7840,1.2250,1.5063,0.151855,-0.119141,0.019409,-0.981018,7.801,72.5,-1
1783958248.815,2057,465900,0,0.00000000,0.00000000,0.00,0,0,0.18,-0.033,0.5390,0.4410,1.7640,1.8965,0.151855,-0.119141,0.019348,-0.981018,7.801,73.8,-1
1783958249.064,2058,466140,0,0.00000000,0.00000000,0.00,0,0,0.19,-0.011,0.2940,0.5390,1.4700,1.5931,0.151855,-0.119141,0.019409,-0.981018,7.801,75.0,-1
1783958249.250,2059,466361,0,0.00000000,0.00000000,0.00,0,0,0.26,0.054,0.1470,0.1470,1.0780,1.0979,0.151855,-0.119202,0.019470,-0.981018,7.804,73.8,-1
1783958249.499,2060,466579,0,0.00000000,0.00000000,0.00,0,0,0.23,0.009,0.3430,0.5880,1.9600,2.0748,0.151855,-0.119263,0.019470,-0.981018,7.802,72.5,-1
1783958249.685,2061,466802,0,0.00000000,0.00000000,0.00,0,0,0.26,0.041,0.4410,0.9310,1.8620,2.1280,0.151855,-0.119324,0.019531,-0.980957,7.802,72.5,-1
1783958249.932,2062,467019,0,0.00000000,0.00000000,0.00,0,0,0.22,0.006,0.0490,0.3430,0.3430,0.4875,0.151855,-0.119263,0.019531,-0.980957,7.804,73.8,-1
1783958250.119,2063,467233,0,0.00000000,0.00000000,0.00,0,0,0.19,-0.006,0.3920,0.3430,1.5680,1.6523,0.151855,-0.119263,0.019531,-0.981018,7.804,72.5,-1
1783958250.367,2064,467433,0,0.00000000,0.00000000,0.00,0,0,0.33,0.054,-0.0490,0.9310,1.3720,1.6588,0.151855,-0.119202,0.019470,-0.981018,7.802,72.5,-1
1783958250.554,2065,467656,0,0.00000000,0.00000000,0.00,0,0,0.21,-0.026,-0.0490,0.9310,1.2740,1.5787,0.151855,-0.119202,0.019470,-0.981018,7.802,73.8,-1
1783958250.801,2066,467882,0,0.00000000,0.00000000,0.00,0,0,0.28,-0.009,0.0980,1.1270,0.8820,1.4345,0.151855,-0.119202,0.019409,-0.981018,7.800,76.2,-1
1783958251.052,2067,468127,0,0.00000000,0.00000000,0.00,0,0,0.30,-0.030,0.4900,0.6370,1.7150,1.8940,0.151855,-0.119202,0.019409,-0.981018,7.802,68.8,-1
1783958251.237,2068,468351,0,0.00000000,0.00000000,0.00,0,0,0.24,-0.066,0.5390,0.2450,0.8330,1.0220,0.151855,-0.119141,0.019409,-0.981018,7.800,72.5,-1
1783958251.483,2069,468578,0,0.00000000,0.00000000,0.00,0,0,0.38,0.041,0.7840,0.3430,1.8620,2.0492,0.151855,-0.119202,0.019409,-0.981018,7.802,72.5,-1
1783958251.730,2070,468804,0,0.00000000,0.00000000,0.00,0,0,0.35,0.027,-0.1960,1.1270,0.8820,1.4445,0.151855,-0.119263,0.019348,-0.981018,7.802,72.5,-1
1783958251.917,2071,469027,0,0.00000000,0.00000000,0.00,0,0,0.33,0.031,0.6370,1.0780,0.7840,1.4773,0.151855,-0.119202,0.019409,-0.981018,7.802,66.2,-1
1783958252.166,2072,469239,0,0.00000000,0.00000000,0.00,0,0,0.18,-0.057,0.6860,1.5190,0.9800,1.9335,0.151855,-0.119263,0.019348,-0.981018,7.802,71.2,-1
1783958252.351,2073,469464,0,0.00000000,0.00000000,0.00,0,0,0.30,0.016,-0.1470,1.1760,0.4410,1.2645,0.151855,-0.119263,0.019409,-0.981018,7.804,71.2,-1
1783958252.598,2074,469687,0,0.00000000,0.00000000,0.00,0,0,0.32,0.039,0.4900,0.3430,2.1070,2.1903,0.151855,-0.119324,0.019348,-0.981018,7.801,68.8,-1
1783958252.784,2075,469907,0,0.00000000,0.00000000,0.00,0,0,0.20,-0.037,0.2940,0.1960,1.1270,1.1811,0.151855,-0.119324,0.019348,-0.980957,7.801,70.0,-1
1783958253.033,2076,470150,0,0.00000000,0.00000000,0.00,0,0,0.28,-0.008,1.1270,0.7350,2.4500,2.7951,0.151855,-0.119385,0.019348,-0.980957,7.802,68.8,-1
1783958253.281,2077,470379,0,0.00000000,0.00000000,0.00,0,0,0.15,-0.078,0.4410,0.1470,1.0290,1.1291,0.151855,-0.119324,0.019348,-0.980957,7.801,70.0,-1
1783958253.530,2078,470602,0,0.00000000,0.00000000,0.00,0,0,0.21,-0.031,1.0780,0.3430,2.1560,2.4348,0.151855,-0.119263,0.019409,-0.981018,7.805,77.5,-1
1783958253.714,2079,470827,0,0.00000000,0.00000000,0.00,0,0,0.22,-0.017,0.1470,0.6370,1.2740,1.4319,0.151855,-0.119263,0.019409,-0.981018,7.801,72.5,-1
1783958253.964,2080,471051,0,0.00000000,0.00000000,0.00,0,0,0.29,0.039,0.0490,0.8820,1.6170,1.8426,0.151855,-0.119324,0.019348,-0.980957,7.802,72.5,-1
1783958254.152,2081,471265,0,0.00000000,0.00000000,0.00,0,0,0.40,0.085,0.3920,0.7350,1.6660,1.8626,0.151855,-0.119385,0.019348,-0.980957,7.804,68.8,-1
1783958254.401,2082,471489,0,0.00000000,0.00000000,0.00,0,0,0.35,0.069,0.6860,0.1960,0.5390,0.8942,0.151855,-0.119324,0.019348,-0.981018,7.802,72.5,-1
1783958254.587,2083,471709,0,0.00000000,0.00000000,0.00,0,0,0.24,-0.018,0.1960,0.7350,0.2940,0.8155,0.151855,-0.119263,0.019409,-0.981018,7.804,70.0,-1
1783958254.833,2084,471931,0,0.00000000,0.00000000,0.00,0,0,0.35,0.050,1.0780,0.3430,2.8420,3.0589,0.151855,-0.119324,0.019470,-0.980957,7.801,72.5,-1
1783958255.021,2085,472144,0,0.00000000,0.00000000,0.00,0,0,0.27,0.022,0.3920,0.4900,1.7150,1.8262,0.151855,-0.119385,0.019470,-0.980957,7.801,70.0,-1
1783958255.269,2086,472367,0,0.00000000,0.00000000,0.00,0,0,0.36,0.072,0.2940,0.6860,1.5190,1.6925,0.151855,-0.119324,0.019409,-0.980957,7.802,68.8,-1
1783958255.520,2087,472591,0,0.00000000,0.00000000,0.00,0,0,0.30,0.037,1.0780,0.5880,2.4990,2.7844,0.151855,-0.119324,0.019409,-0.980957,7.800,73.8,-1
1783958255.707,2088,472812,0,0.00000000,0.00000000,0.00,0,0,0.37,0.095,0.2450,0.8820,1.2250,1.5292,0.151855,-0.119324,0.019409,-0.980957,7.801,73.8,-1
1783958255.953,2089,473031,0,0.00000000,0.00000000,0.00,0,0,0.40,0.084,0.0980,0.7840,1.7150,1.8882,0.151855,-0.119324,0.019348,-0.980957,7.800,72.5,-1
1783958256.140,2090,473247,0,0.00000000,0.00000000,0.00,0,0,0.29,0.024,0.5880,0.5880,2.0580,2.2197,0.151855,-0.119324,0.019348,-0.980957,7.801,70.0,-1
1783958256.388,2091,473472,0,0.00000000,0.00000000,0.00,0,0,0.24,-0.007,0.3920,0.4900,2.1070,2.1985,0.151855,-0.119263,0.019348,-0.981018,7.801,72.5,-1
1783958256.575,2092,473697,0,0.00000000,0.00000000,0.00,0,0,0.37,0.088,0.8820,0.1470,1.9600,2.1543,0.151855,-0.119263,0.019348,-0.981018,7.801,70.0,-1
1783958256.826,2093,473920,0,0.00000000,0.00000000,0.00,0,0,0.41,0.103,0.4410,0.9310,1.7150,2.0006,0.151855,-0.119202,0.019348,-0.981018,7.802,68.8,-1
1783958257.075,2094,474138,0,0.00000000,0.00000000,0.00,0,0,0.37,0.060,-0.0490,0.8330,0.5390,0.9934,0.151855,-0.119202,0.019409,-0.981018,7.802,70.0,-1
1783958257.264,2095,474362,0,0.00000000,0.00000000,0.00,0,0,0.21,-0.053,1.0290,0.4410,1.7640,2.0893,0.151855,-0.119141,0.019348,-0.981018,7.802,70.0,-1
1783958257.512,2096,474585,0,0.00000000,0.00000000,0.00,0,0,0.35,0.037,0.3920,0.6860,0.9310,1.2211,0.151855,-0.119141,0.019348,-0.981018,7.802,75.0,-1
1783958257.698,2097,474808,0,0.00000000,0.00000000,0.00,0,0,0.39,0.068,0.5390,0.0490,1.9110,1.9862,0.151855,-0.119202,0.019348,-0.981018,7.801,68.8,-1
1783958257.947,2098,475028,0,0.00000000,0.00000000,0.00,0,0,0.34,0.043,0.1470,0.6860,1.5190,1.6732,0.151855,-0.119263,0.019348,-0.981018,7.800,72.5,-1
1783958258.133,2099,475243,0,0.00000000,0.00000000,0.00,0,0,0.36,0.055,0.1960,0.5880,1.6660,1.7776,0.151855,-0.119202,0.019287,-0.981018,7.801,67.5,-1
1783958258.382,2100,475469,0,0.00000000,0.00000000,0.00,0,0,0.32,0.040,1.0780,0.9800,0.0980,1.4602,0.151855,-0.119202,0.019287,-0.981018,7.800,72.5,-1
1783958258.570,2101,475688,0,0.00000000,0.00000000,0.00,0,0,0.36,0.042,1.2740,0.8820,2.9890,3.3668,0.151855,-0.119202,0.019348,-0.981018,7.800,76.2,-1
1783958258.819,2102,475909,0,0.00000000,0.00000000,0.00,0,0,0.38,0.058,-0.0490,0.8330,1.2250,1.4822,0.151855,-0.119141,0.019348,-0.981018,7.800,76.2,-1
1783958259.066,2103,476152,0,0.00000000,0.00000000,0.00,0,0,0.32,0.018,0.2450,0.4900,1.7640,1.8471,0.151855,-0.119263,0.019348,-0.981018,7.802,75.0,-1
1783958259.253,2104,476373,0,0.00000000,0.00000000,0.00,0,0,0.41,0.065,0.0490,0.0490,2.0580,2.0592,0.151855,-0.119202,0.019470,-0.981018,7.801,75.0,-1
1783958259.502,2105,476595,0,0.00000000,0.00000000,0.00,0,0,0.41,0.045,0.6860,0.5880,1.5190,1.7674,0.151855,-0.119202,0.019531,-0.981018,7.801,78.8,-1
1783958259.753,2106,476818,0,0.00000000,0.00000000,0.00,0,0,0.56,0.113,0.5390,0.1960,0.9310,1.0935,0.151855,-0.119141,0.019531,-0.981018,7.801,73.8,-1
1783958259.937,2107,477045,0,0.00000000,0.00000000,0.00,0,0,0.43,0.028,0.1470,0.4410,1.5190,1.5885,0.151855,-0.119141,0.019470,-0.981018,7.801,71.2,-1
1783958260.184,2108,477262,0,0.00000000,0.00000000,0.00,0,0,0.37,-0.008,0.2940,0.1470,1.3720,1.4108,0.151855,-0.119141,0.019470,-0.981018,7.802,75.0,-1
1783958260.372,2109,477483,0,0.00000000,0.00000000,0.00,0,0,0.34,-0.036,0.3430,0.5390,1.3720,1.5135,0.151917,-0.119141,0.019409,-0.981018,7.800,75.0,-1
1783958260.621,2110,477705,0,0.00000000,0.00000000,0.00,0,0,0.40,0.008,0.0000,0.5880,0.5390,0.7977,0.152100,-0.119446,0.019409,-0.980957,7.802,72.5,-1
1783958260.806,2111,477923,0,0.00000000,0.00000000,0.00,0,0,0.32,-0.042,-0.0490,0.7840,1.2250,1.4552,0.152161,-0.119568,0.019348,-0.980896,7.800,76.2,-1
1783958261.051,2112,478139,0,0.00000000,0.00000000,0.00,0,0,0.51,0.072,0.3920,0.7350,1.4700,1.6896,0.152222,-0.119568,0.019287,-0.980896,7.801,77.5,-1
1783958261.296,2113,478362,0,0.00000000,0.00000000,0.00,0,0,0.38,-0.013,-0.1470,0.6860,0.9800,1.2052,0.152161,-0.119507,0.019287,-0.980896,7.800,75.0,-1
1783958261.483,2114,478587,0,0.00000000,0.00000000,0.00,0,0,0.36,-0.035,0.2450,0.6860,1.2250,1.4252,0.152222,-0.119507,0.019287,-0.980896,7.802,70.0,-1
1783958261.730,2115,478812,0,0.00000000,0.00000000,0.00,0,0,0.45,0.028,0.3430,0.8330,1.6170,1.8510,0.152222,-0.119507,0.019287,-0.980896,7.802,75.0,-1
1783958261.917,2116,479038,0,0.00000000,0.00000000,0.00,0,0,0.34,-0.040,-0.0980,0.3920,0.9310,1.0149,0.152222,-0.119507,0.019226,-0.980896,7.802,75.0,-1
1783958262.166,2117,479254,0,0.00000000,0.00000000,0.00,0,0,0.38,-0.015,0.0490,0.9800,1.6660,1.9335,0.152100,-0.119507,0.019165,-0.980896,7.801,77.5,-1
1783958262.416,2118,479480,0,0.00000000,0.00000000,0.00,0,0,0.36,-0.040,0.3920,0.5880,1.3230,1.4999,0.152100,-0.119507,0.019165,-0.980896,7.801,67.5,-1
1783958262.602,2119,479699,0,0.00000000,0.00000000,0.00,0,0,0.48,0.013,0.3430,0.5390,0.9310,1.1291,0.152100,-0.119507,0.019226,-0.980896,7.801,73.8,-1
1783958262.851,2120,479918,0,0.00000000,0.00000000,0.00,0,0,0.55,0.053,0.0000,0.7840,1.5190,1.7094,0.152100,-0.119446,0.019287,-0.980957,7.799,75.0,-1
1783958263.037,2121,480135,0,0.00000000,0.00000000,0.00,0,0,0.36,-0.048,0.0980,0.5880,2.1070,2.1897,0.152222,-0.119385,0.019226,-0.980896,7.801,72.5,-1
1783958263.284,2122,480360,0,0.00000000,0.00000000,0.00,0,0,0.45,0.025,0.4410,0.5390,1.7150,1.8510,0.152100,-0.119446,0.019226,-0.980957,7.804,75.0,-1
1783958263.470,2123,480578,0,0.00000000,0.00000000,0.00,0,0,0.52,0.072,0.2450,0.9800,1.7640,2.0328,0.152100,-0.119446,0.019287,-0.980957,7.801,80.0,-1
1783958263.719,2124,480802,0,0.00000000,0.00000000,0.00,0,0,0.50,0.071,0.2450,0.9310,1.7150,1.9667,0.152222,-0.119385,0.019226,-0.980896,7.801,76.2,-1
1783958263.906,2125,481021,0,0.00000000,0.00000000,0.00,0,0,0.39,0.013,0.7840,0.3920,1.4700,1.7115,0.152161,-0.119446,0.019226,-0.980896,7.801,75.0,-1
1783958264.154,2126,481233,0,0.00000000,0.00000000,0.00,0,0,0.44,0.021,0.0000,0.3920,1.3720,1.4269,0.152161,-0.119385,0.019287,-0.980957,7.801,72.5,-1
1783958264.338,2127,481447,0,0.00000000,0.00000000,0.00,0,0,0.51,0.074,0.8820,0.8820,2.6950,2.9697,0.152161,-0.119446,0.019226,-0.980957,7.802,71.2,-1
1783958264.586,2128,481670,0,0.00000000,0.00000000,0.00,0,0,0.54,0.097,0.3430,0.5880,1.5190,1.6646,0.152161,-0.119446,0.019226,-0.980896,7.801,76.2,-1
1783958264.831,2129,481894,0,0.00000000,0.00000000,0.00,0,0,0.49,0.058,0.5880,0.4900,1.7640,1.9229,0.152100,-0.119446,0.019226,-0.980957,7.801,71.2,-1
1783958265.014,2130,482136,0,0.00000000,0.00000000,0.00,0,0,0.52,0.058,0.3430,0.5880,1.4700,1.6200,0.152100,-0.119324,0.019226,-0.980957,7.801,75.0,-1
1783958265.259,2131,482356,0,0.00000000,0.00000000,0.00,0,0,0.49,0.031,0.6860,0.2450,2.1560,2.2757,0.152039,-0.119568,0.019226,-0.980957,7.800,71.2,-1
1783958265.507,2132,482573,0,0.00000000,0.00000000,0.00,0,0,0.44,-0.007,0.1470,0.8820,1.6660,1.8908,0.152100,-0.119629,0.019287,-0.980896,7.799,76.2,-1
1783958265.693,2133,482797,0,0.00000000,0.00000000,0.00,0,0,0.40,-0.019,0.3430,0.5390,0.8330,1.0498,0.152039,-0.119751,0.019348,-0.980896,7.801,72.5,-1
1783958265.942,2134,483023,0,0.00000000,0.00000000,0.00,0,0,0.43,0.005,0.0000,1.3230,0.9310,1.6177,0.152222,-0.119751,0.019287,-0.980896,7.801,71.2,-1
1783958266.125,2135,483237,0,0.00000000,0.00000000,0.00,0,0,0.46,0.008,0.0980,0.7840,1.7640,1.9329,0.152283,-0.119751,0.019287,-0.980896,7.801,75.0,-1
1783958266.373,2136,483455,0,0.00000000,0.00000000,0.00,0,0,0.46,0.011,0.5390,0.4410,1.8620,1.9880,0.152222,-0.119751,0.019287,-0.980896,7.802,75.0,-1
1783958266.559,2137,483678,0,0.00000000,0.00000000,0.00,0,0,0.40,-0.031,0.3920,0.1960,1.3230,1.3937,0.152222,-0.119751,0.019348,-0.980896,7.802,71.2,-1
1783958266.807,2138,483898,0,0.00000000,0.00000000,0.00,0,0,0.53,0.045,0.5880,0.3920,1.0290,1.2483,0.152222,-0.119751,0.019348,-0.980896,7.801,71.2,-1
1783958267.055,2139,484143,0,0.00000000,0.00000000,0.00,0,0,0.50,0.029,0.1470,0.1470,1.2740,1.2909,0.152283,-0.119751,0.019470,-0.980835,7.801,73.8,-1
1783958267.302,2140,484368,0,0.00000000,0.00000000,0.00,0,0,0.51,0.045,0.2450,0.4900,1.5190,1.6148,0.152283,-0.119751,0.019348,-0.980835,7.800,73.8,-1
1783958267.490,2141,484587,0,0.00000000,0.00000000,0.00,0,0,0.65,0.129,0.1960,0.6370,1.6660,1.7944,0.152283,-0.119690,0.019348,-0.980896,7.800,77.5,-1
1783958267.740,2142,484809,0,0.00000000,0.00000000,0.00,0,0,0.40,-0.031,0.3430,0.5390,1.6170,1.7386,0.152283,-0.119568,0.019287,-0.980896,7.799,75.0,-1
1783958267.927,2143,485029,0,0.00000000,0.00000000,0.00,0,0,0.54,0.033,1.6170,-0.3430,3.2830,3.6757,0.152344,-0.119568,0.019287,-0.980896,7.801,78.8,-1
1783958268.176,2144,485240,0,0.00000000,0.00000000,0.00,0,0,0.56,0.073,0.0490,0.5390,0.8820,1.0348,0.152344,-0.119568,0.019348,-0.980896,7.802,72.5,-1
1783958268.361,2145,485461,0,0.00000000,0.00000000,0.00,0,0,0.55,0.073,0.6860,0.1470,1.5680,1.7178,0.152344,-0.119568,0.019470,-0.980896,7.802,72.5,-1
1783958268.609,2146,485684,0,0.00000000,0.00000000,0.00,0,0,0.58,0.091,-0.0490,0.6860,0.9800,1.1972,0.152344,-0.119507,0.019531,-0.980896,7.804,72.5,-1
1783958268.795,2147,485900,0,0.00000000,0.00000000,0.00,0,0,0.61,0.097,0.6860,0.1470,1.8130,1.9440,0.152344,-0.119446,0.019531,-0.980896,7.804,73.8,-1
1783958269.043,2148,486147,0,0.00000000,0.00000000,0.00,0,0,0.49,0.024,0.0980,0.4900,1.2740,1.3685,0.152344,-0.119446,0.019531,-0.980896,7.802,72.5,-1
1783958269.290,2149,486370,0,0.00000000,0.00000000,0.00,0,0,0.41,-0.029,0.3430,0.9310,1.6170,1.8971,0.152344,-0.119507,0.019531,-0.980896,7.800,78.8,-1
1783958269.476,2150,486594,0,0.00000000,0.00000000,0.00,0,0,0.43,-0.022,0.1470,0.3920,1.4210,1.4814,0.152344,-0.119568,0.019470,-0.980896,7.802,78.8,-1
1783958269.725,2151,486812,0,0.00000000,0.00000000,0.00,0,0,0.44,-0.015,0.5390,-0.0490,1.3720,1.4749,0.152344,-0.119568,0.019531,-0.980896,7.802,80.0,-1
1783958269.912,2152,487035,0,0.00000000,0.00000000,0.00,0,0,0.39,-0.060,1.0290,1.0290,1.1760,1.8710,0.152344,-0.119568,0.019531,-0.980896,7.804,73.8,-1
1783958270.158,2153,487253,0,0.00000000,0.00000000,0.00,0,0,0.47,-0.024,0.0490,0.4900,1.3230,1.4117,0.152344,-0.119507,0.019531,-0.980896,7.802,77.5,-1
1783958270.406,2154,487476,0,0.00000000,0.00000000,0.00,0,0,0.51,-0.009,0.2940,1.3720,1.6170,2.1409,0.152344,-0.119507,0.019531,-0.980896,7.804,76.2,-1
1783958270.591,2155,487701,0,0.00000000,0.00000000,0.00,0,0,0.50,-0.011,0.6370,-0.2450,1.8130,1.9372,0.152344,-0.119507,0.019592,-0.980896,7.804,70.0,-1
1783958270.841,2156,487927,0,0.00000000,0.00000000,0.00,0,0,0.39,-0.069,0.2940,0.4410,1.3720,1.4708,0.152344,-0.119507,0.019592,-0.980896,7.804,73.8,-1
1783958271.028,2157,488144,0,0.00000000,0.00000000,0.00,0,0,0.43,-0.041,0.0980,0.0490,1.2250,1.2299,0.152344,-0.119507,0.019592,-0.980896,7.802,76.2,-1
1783958271.276,2158,488367,0,0.00000000,0.00000000,0.00,0,0,0.43,-0.025,0.3920,0.0980,1.2740,1.3365,0.152344,-0.119507,0.019592,-0.980896,7.804,76.2,-1
1783958271.523,2159,488587,0,0.00000000,0.00000000,0.00,0,0,0.46,-0.005,0.1960,0.3430,1.2740,1.3338,0.152344,-0.119507,0.019592,-0.980896,7.801,78.8,-1
1783958271.709,2160,488808,0,0.00000000,0.00000000,0.00,0,0,0.42,-0.040,0.1470,0.6860,1.7640,1.8984,0.152344,-0.119568,0.019531,-0.980896,7.802,68.8,-1
1783958271.957,2161,489026,0,0.00000000,0.00000000,0.00,0,0,0.52,0.022,0.8330,0.5880,1.3230,1.6703,0.152344,-0.119568,0.019531,-0.980896,7.802,78.8,-1
1783958272.141,2162,489242,0,0.00000000,0.00000000,0.00,0,0,0.52,0.028,0.7840,0.8330,1.7640,2.1024,0.152344,-0.119568,0.019531,-0.980896,7.804,73.8,-1
1783958272.390,2163,489468,0,0.00000000,0.00000000,0.00,0,0,0.41,-0.044,0.0490,0.3920,0.8820,0.9664,0.152344,-0.119629,0.019470,-0.980896,7.801,80.0,-1
1783958272.578,2164,489690,0,0.00000000,0.00000000,0.00,0,0,0.47,-0.020,0.3430,0.3920,1.6660,1.7455,0.152344,-0.119690,0.019409,-0.980896,7.802,73.8,-1
1783958272.827,2165,489910,0,0.00000000,0.00000000,0.00,0,0,0.46,-0.007,-0.0980,0.9310,1.2740,1.5810,0.152344,-0.119629,0.019470,-0.980896,7.804,71.2,-1
1783958273.078,2166,490149,0,0.00000000,0.00000000,0.00,0,0,0.63,0.077,0.7350,-0.1960,1.7640,1.9210,0.152344,-0.119629,0.019470,-0.980896,7.804,75.0,-1
1783958273.265,2167,490371,0,0.00000000,0.00000000,0.00,0,0,0.49,-0.020,0.5390,0.4900,1.4700,1.6406,0.152344,-0.119629,0.019470,-0.980896,7.802,75.0,-1
1783958273.513,2168,490592,0,0.00000000,0.00000000,0.00,0,0,0.44,-0.035,-0.1470,1.1760,1.2740,1.7400,0.152344,-0.119629,0.019470,-0.980896,7.801,77.5,-1
1783958273.699,2169,490811,0,0.00000000,0.00000000,0.00,0,0,0.52,0.015,0.4410,0.5390,2.2540,2.3591,0.152344,-0.119629,0.019470,-0.980896,7.801,76.2,-1
1783958273.946,2170,491035,0,0.00000000,0.00000000,0.00,0,0,0.44,-0.026,-0.1960,1.2740,1.0290,1.6493,0.152344,-0.119568,0.019531,-0.980896,7.802,71.2,-1
1783958274.134,2171,491254,0,0.00000000,0.00000000,0.00,0,0,0.38,-0.063,0.1960,-0.0980,0.4900,0.5368,0.152344,-0.119568,0.019531,-0.980896,7.801,71.2,-1
1783958274.382,2172,491474,0,0.00000000,0.00000000,0.00,0,0,0.47,-0.006,0.5880,0.5390,1.4210,1.6296,0.152344,-0.119690,0.019470,-0.980835,7.802,75.0,-1
1783958274.630,2173,491692,0,0.00000000,0.00000000,0.00,0,0,0.44,-0.020,0.0490,0.7840,0.9800,1.2560,0.152344,-0.119690,0.019470,-0.980896,7.801,76.2,-1
1783958274.815,2174,491914,0,0.00000000,0.00000000,0.00,0,0,0.52,0.022,0.3920,0.6370,1.9110,2.0522,0.152344,-0.119629,0.019470,-0.980896,7.801,73.8,-1
1783958275.064,2175,492127,0,0.00000000,0.00000000,0.00,0,0,0.50,0.005,0.0490,0.4900,0.9800,1.0968,0.152344,-0.119629,0.019470,-0.980896,7.801,77.5,-1
1783958275.253,2176,492345,0,0.00000000,0.00000000,0.00,0,0,0.40,-0.049,-0.2450,0.6860,0.7840,1.0702,0.152344,-0.119690,0.019470,-0.980896,7.802,77.5,-1
1783958275.501,2177,492569,0,0.00000000,0.00000000,0.00,0,0,0.42,-0.036,0.4900,0.9310,1.5680,1.8882,0.152344,-0.119629,0.019470,-0.980896,7.804,75.0,-1
1783958275.687,2178,492793,0,0.00000000,0.00000000,0.00,0,0,0.36,-0.065,0.0980,0.8330,1.4700,1.6925,0.152344,-0.119629,0.019409,-0.980896,7.802,73.8,-1
1783958275.936,2179,493018,0,0.00000000,0.00000000,0.00,0,0,0.50,0.029,-0.0490,0.3430,1.2740,1.3203,0.152344,-0.119690,0.019409,-0.980835,7.802,70.0,-1
1783958276.123,2180,493233,0,0.00000000,0.00000000,0.00,0,0,0.40,-0.051,0.0980,0.4410,2.4500,2.4913,0.152344,-0.119751,0.019470,-0.980835,7.802,73.8,-1
1783958276.371,2181,493456,0,0.00000000,0.00000000,0.00,0,0,0.42,-0.027,0.4900,0.3430,1.2740,1.4074,0.152344,-0.119690,0.019470,-0.980835,7.802,73.8,-1
1783958276.559,2182,493678,0,0.00000000,0.00000000,0.00,0,0,0.55,0.064,0.4410,0.2450,1.5190,1.6006,0.152344,-0.119629,0.019531,-0.980835,7.802,71.2,-1
1783958276.809,2183,493900,0,0.00000000,0.00000000,0.00,0,0,0.39,-0.054,0.9800,0.8330,1.7640,2.1831,0.152344,-0.119629,0.019531,-0.980896,7.801,68.8,-1
1783958277.059,2184,494151,0,0.00000000,0.00000000,0.00,0,0,0.46,-0.015,0.1960,-0.0490,1.1760,1.1932,0.152344,-0.119629,0.019531,-0.980896,7.802,76.2,-1
1783958277.308,2185,494370,0,0.00000000,0.00000000,0.00,0,0,0.37,-0.069,0.0980,1.2250,1.3230,1.8057,0.152344,-0.119629,0.019531,-0.980896,7.802,76.2,-1
1783958277.492,2186,494589,0,0.00000000,0.00000000,0.00,0,0,0.39,-0.032,0.3430,0.3920,2.0090,2.0754,0.152344,-0.119629,0.019470,-0.980896,7.802,78.8,-1
1783958277.738,2187,494809,0,0.00000000,0.00000000,0.00,0,0,0.44,0.002,0.6370,0.3920,0.7350,1.0486,0.152344,-0.119629,0.019470,-0.980896,7.802,80.0,-1
1783958277.925,2188,495032,0,0.00000000,0.00000000,0.00,0,0,0.34,-0.057,0.4410,0.2940,1.8620,1.9360,0.152344,-0.119690,0.019409,-0.980896,7.804,75.0,-1
1783958278.176,2189,495249,0,0.00000000,0.00000000,0.00,0,0,0.28,-0.106,-0.1960,0.7840,1.3230,1.5503,0.152344,-0.119629,0.019409,-0.980896,7.802,71.2,-1
1783958278.361,2190,495473,0,0.00000000,0.00000000,0.00,0,0,0.29,-0.079,0.5390,0.2940,1.2740,1.4142,0.152344,-0.119629,0.019409,-0.980896,7.801,71.2,-1
1783958278.609,2191,495692,0,0.00000000,0.00000000,0.00,0,0,0.37,-0.022,-0.0980,0.3430,0.7350,0.8170,0.152344,-0.119629,0.019470,-0.980896,7.804,71.2,-1
1783958278.794,2192,495915,0,0.00000000,0.00000000,0.00,0,0,0.43,0.012,0.3430,-0.2450,1.6660,1.7185,0.152344,-0.119690,0.019409,-0.980896,7.801,73.8,-1
1783958279.043,2193,496126,0,0.00000000,0.00000000,0.00,0,0,0.34,-0.049,0.2450,0.4410,1.5190,1.6006,0.152344,-0.119629,0.019409,-0.980896,7.801,73.8,-1
1783958279.230,2194,496347,0,0.00000000,0.00000000,0.00,0,0,0.45,0.019,-0.3430,0.7350,2.1560,2.3035,0.152344,-0.119629,0.019470,-0.980896,7.802,75.0,-1
1783958279.475,2195,496566,0,0.00000000,0.00000000,0.00,0,0,0.46,0.023,0.4410,0.5390,1.6170,1.7606,0.152344,-0.119629,0.019470,-0.980896,7.802,75.0,-1
1783958279.723,2196,496787,0,0.00000000,0.00000000,0.00,0,0,0.37,-0.030,1.3720,-0.7350,2.6460,3.0698,0.152344,-0.119568,0.019531,-0.980896,7.801,71.2,-1
1783958279.908,2197,497006,0,0.00000000,0.00000000,0.00,0,0,0.39,-0.013,0.7350,-0.3430,1.5680,1.7654,0.152344,-0.119568,0.019531,-0.980896,7.801,73.8,-1
1783958280.157,2198,497220,0,0.00000000,0.00000000,0.00,0,0,0.34,-0.054,0.8330,1.3720,0.4900,1.6782,0.152344,-0.119568,0.019470,-0.980896,7.801,70.0,-1
1783958280.345,2199,497448,0,0.00000000,0.00000000,0.00,0,0,0.46,0.025,-0.2450,1.5680,1.2250,2.0048,0.152344,-0.119568,0.019470,-0.980896,7.802,76.2,-1
1783958280.592,2200,497666,0,0.00000000,0.00000000,0.00,0,0,0.45,0.019,0.3920,0.7350,2.5970,2.7273,0.152344,-0.119568,0.019470,-0.980896,7.802,75.0,-1
1783958280.778,2201,497888,0,0.00000000,0.00000000,0.00,0,0,0.37,-0.014,0.2940,0.3920,1.6170,1.6896,0.152344,-0.119568,0.019531,-0.980896,7.801,73.8,-1
1783958281.025,2202,498129,0,0.00000000,0.00000000,0.00,0,0,0.30,-0.059,0.2940,0.5390,1.4210,1.5480,0.152344,-0.119568,0.019531,-0.980896,7.802,67.5,-1
1783958281.274,2203,498354,0,0.00000000,0.00000000,0.00,0,0,0.41,0.012,0.0980,1.0290,1.5680,1.8780,0.152344,-0.119629,0.019470,-0.980896,7.802,73.8,-1
1783958281.460,2204,498577,0,0.00000000,0.00000000,0.00,0,0,0.38,0.008,0.2940,0.9310,0.8820,1.3157,0.152344,-0.119629,0.019470,-0.980896,7.801,75.0,-1
1783958281.707,2205,498800,0,0.00000000,0.00000000,0.00,0,0,0.42,0.036,0.5390,0.3430,0.9310,1.1291,0.152344,-0.119568,0.019531,-0.980896,7.802,71.2,-1
1783958281.953,2206,499021,0,0.00000000,0.00000000,0.00,0,0,0.39,0.019,0.5880,0.7350,2.1560,2.3525,0.152344,-0.119568,0.019531,-0.980896,7.800,73.8,-1
1783958282.140,2207,499239,0,0.00000000,0.00000000,0.00,0,0,0.28,-0.055,0.4410,0.3920,1.7150,1.8137,0.152344,-0.119568,0.019531,-0.980896,7.800,75.0,-1
1783958282.387,2208,499462,0,0.00000000,0.00000000,0.00,0,0,0.39,0.029,0.1960,0.6370,1.9110,2.0239,0.152344,-0.119568,0.019531,-0.980896,7.802,75.0,-1
1783958282.572,2209,499681,0,0.00000000,0.00000000,0.00,0,0,0.43,0.052,0.1960,0.4410,1.6170,1.6875,0.152344,-0.119568,0.019531,-0.980896,7.801,75.0,-1
1783958282.820,2210,499903,0,0.00000000,0.00000000,0.00,0,0,0.47,0.056,0.3430,0.5880,1.5680,1.7094,0.152344,-0.119507,0.019531,-0.980896,7.802,76.2,-1
1783958283.068,2211,500145,0,0.00000000,0.00000000,0.00,0,0,0.43,0.050,0.5390,0.3920,1.1760,1.3517,0.152344,-0.119507,0.019531,-0.980896,7.802,73.8,-1
1783958283.254,2212,500367,0,0.00000000,0.00000000,0.00,0,0,0.38,0.022,0.8820,0.7350,1.6660,2.0233,0.152344,-0.119629,0.019470,-0.980896,7.804,76.2,-1
1783958283.500,2213,500593,0,0.00000000,0.00000000,0.00,0,0,0.34,-0.010,0.9310,0.5880,2.0090,2.2910,0.152344,-0.119568,0.019531,-0.980896,7.802,71.2,-1
1783958283.749,2214,500814,0,0.00000000,0.00000000,0.00,0,0,0.45,0.060,0.5390,0.3430,1.6170,1.7386,0.152344,-0.119568,0.019531,-0.980896,7.801,68.8,-1
1783958283.937,2215,501036,0,0.00000000,0.00000000,0.00,0,0,0.40,0.009,-0.3430,0.8330,1.0290,1.3676,0.152344,-0.119690,0.019592,-0.980835,7.801,68.8,-1
1783958284.185,2216,501254,0,0.00000000,0.00000000,0.00,0,0,0.29,-0.052,0.5880,0.6370,1.9600,2.1432,0.152222,-0.119690,0.019775,-0.980896,7.801,72.5,-1
1783958284.372,2217,501478,0,0.00000000,0.00000000,0.00,0,0,0.32,-0.035,0.1470,1.3720,0.9800,1.6925,0.152283,-0.119812,0.019653,-0.980835,7.801,67.5,-1
1783958284.620,2218,501695,0,0.00000000,0.00000000,0.00,0,0,0.31,-0.056,0.5390,0.0490,1.1270,1.2502,0.152283,-0.119873,0.019470,-0.980835,7.802,72.5,-1
1783958284.806,2219,501916,0,0.00000000,0.00000000,0.00,0,0,0.31,-0.051,0.7350,0.1960,1.9600,2.1024,0.152283,-0.119934,0.019470,-0.980835,7.804,71.2,-1
1783958285.058,2220,502129,0,0.00000000,0.00000000,0.00,0,0,0.31,-0.040,-0.0490,0.5390,1.3230,1.4294,0.152222,-0.119934,0.019409,-0.980835,7.801,71.2,-1
1783958285.244,2221,502349,0,0.00000000,0.00000000,0.00,0,0,0.35,0.016,0.3430,0.7350,1.0780,1.3491,0.152283,-0.119812,0.019348,-0.980835,7.802,75.0,-1
1783958285.489,2222,502567,0,0.00000000,0.00000000,0.00,0,0,0.27,-0.038,0.2940,0.6370,1.4210,1.5848,0.152344,-0.119812,0.019226,-0.980835,7.802,80.0,-1
1783958285.674,2223,502790,0,0.00000000,0.00000000,0.00,0,0,0.23,-0.075,0.0000,0.4900,1.0290,1.1397,0.152283,-0.119812,0.019165,-0.980835,7.804,75.0,-1
1783958285.919,2224,503013,0,0.00000000,0.00000000,0.00,0,0,0.37,0.022,0.3920,0.8820,0.9310,1.3410,0.152222,-0.119812,0.019226,-0.980896,7.801,72.5,-1
1783958286.166,2225,503232,0,0.00000000,0.00000000,0.00,0,0,0.32,-0.019,-0.1470,1.1270,1.1270,1.6006,0.152222,-0.119751,0.019409,-0.980896,7.801,72.5,-1
1783958286.351,2226,503449,0,0.00000000,0.00000000,0.00,0,0,0.17,-0.098,0.0000,0.8820,1.4210,1.6725,0.152283,-0.119629,0.019470,-0.980896,7.802,76.2,-1
1783958286.597,2227,503668,0,0.00000000,0.00000000,0.00,0,0,0.36,0.043,0.1470,0.5390,0.9310,1.0858,0.152161,-0.119446,0.019653,-0.980896,7.800,80.0,-1
1783958286.781,2228,503892,0,0.00000000,0.00000000,0.00,0,0,0.26,0.029,0.1470,0.2450,1.8620,1.8838,0.152710,-0.118103,0.019592,-0.981018,7.801,70.0,-1
1783958287.029,2229,504136,0,0.00000000,0.00000000,0.00,0,0,0.34,0.058,0.3430,0.5880,1.5190,1.6646,0.152771,-0.118408,0.019409,-0.980957,7.802,75.0,-1
1783958287.280,2230,504364,0,0.00000000,0.00000000,0.00,0,0,0.29,0.046,0.8820,0.5390,1.5680,1.8780,0.152771,-0.118591,0.019470,-0.980957,7.801,71.2,-1
1783958287.467,2231,504582,0,0.00000000,0.00000000,0.00,0,0,0.23,-0.012,0.3920,0.9310,1.5190,1.8242,0.152710,-0.118591,0.019348,-0.980957,7.802,77.5,-1
1783958287.716,2232,504801,0,0.00000000,0.00000000,0.00,0,0,0.36,0.062,0.5390,0.3430,1.3230,1.4692,0.152832,-0.118591,0.019470,-0.980896,7.800,77.5,-1
1783958287.964,2233,505024,0,0.00000000,0.00000000,0.00,0,0,0.38,0.055,0.0000,0.0980,1.4210,1.4244,0.152771,-0.118896,0.019348,-0.980896,7.802,67.5,-1
1783958288.152,2234,505235,0,0.00000000,0.00000000,0.00,0,0,0.36,0.045,0.4900,-0.0490,1.4700,1.5503,0.152771,-0.119019,0.019409,-0.980896,7.801,73.8,-1
1783958288.341,2235,505435,0,0.00000000,0.00000000,0.00,0,0,0.36,0.058,0.3430,1.0290,1.8130,2.1127,0.152832,-0.118896,0.019470,-0.980896,7.801,73.8,-1
1783958288.589,2236,505655,0,0.00000000,0.00000000,0.00,0,0,0.41,0.074,-0.3920,0.8330,0.9800,1.3446,0.152710,-0.118713,0.019531,-0.980896,7.801,75.0,-1
1783958288.775,2237,505876,0,0.00000000,0.00000000,0.00,0,0,0.48,0.118,0.3430,0.3430,1.3230,1.4091,0.152771,-0.118713,0.019409,-0.980896,7.801,75.0,-1
1783958289.024,2238,506093,0,0.00000000,0.00000000,0.00,0,0,0.40,0.055,-0.1960,0.8330,1.4210,1.6588,0.152771,-0.118896,0.019348,-0.980896,7.802,77.5,-1
1783958289.212,2239,506307,0,0.00000000,0.00000000,0.00,0,0,0.34,0.018,-0.0980,0.9310,2.2050,2.3955,0.152771,-0.118958,0.019287,-0.980896,7.801,75.0,-1
1783958289.463,2240,506527,0,0.00000000,0.00000000,0.00,0,0,0.36,0.028,0.4410,0.3920,1.5190,1.6296,0.152771,-0.118896,0.019104,-0.980896,7.801,70.0,-1
1783958289.646,2241,506746,0,0.00000000,0.00000000,0.00,0,0,0.26,-0.039,0.0000,0.5880,1.8130,1.9060,0.152649,-0.118958,0.019165,-0.980896,7.802,78.8,-1
1783958289.897,2242,506966,0,0.00000000,0.00000000,0.00,0,0,0.35,0.013,0.4900,0.3430,1.3720,1.4967,0.152710,-0.119019,0.019348,-0.980896,7.801,77.5,-1
1783958290.085,2243,507181,0,0.00000000,0.00000000,0.00,0,0,0.38,0.054,0.4900,0.4900,0.7840,1.0464,0.152710,-0.118958,0.019348,-0.980896,7.801,73.8,-1
1783958290.334,2244,507407,0,0.00000000,0.00000000,0.00,0,0,0.37,0.054,0.5390,0.5880,1.1270,1.3807,0.152527,-0.119019,0.019226,-0.980896,7.800,77.5,-1
1783958290.521,2245,507627,0,0.00000000,0.00000000,0.00,0,0,0.34,0.027,0.8820,0.6860,0.9800,1.4862,0.152527,-0.118958,0.019165,-0.980957,7.801,77.5,-1
1783958290.767,2246,507852,0,0.00000000,0.00000000,0.00,0,0,0.43,0.071,0.1470,0.4410,1.4210,1.4951,0.152527,-0.118896,0.019104,-0.980957,7.801,70.0,-1
1783958290.953,2247,508075,0,0.00000000,0.00000000,0.00,0,0,0.36,0.030,0.3430,0.0980,1.3720,1.4176,0.152466,-0.118958,0.019226,-0.980957,7.801,73.8,-1
1783958291.201,2248,508289,0,0.00000000,0.00000000,0.00,0,0,0.30,-0.017,0.4410,0.3430,1.5680,1.6646,0.152405,-0.118958,0.019226,-0.980957,7.800,76.2,-1
1783958291.388,2249,508506,0,0.00000000,0.00000000,0.00,0,0,0.30,-0.041,0.3430,0.6370,1.3720,1.5511,0.152405,-0.119202,0.019104,-0.980896,7.801,76.2,-1
1783958291.637,2250,508726,0,0.00000000,0.00000000,0.00,0,0,0.38,0.009,0.3430,0.6370,0.9310,1.1791,0.152344,-0.118958,0.019104,-0.980957,7.801,78.8,-1
1783958291.885,2251,508952,0,0.00000000,0.00000000,0.00,0,0,0.39,-0.039,0.5880,0.0980,1.2740,1.4066,0.152344,-0.118713,0.019287,-0.980957,7.802,72.5,-1
1783958292.072,2252,509166,0,0.00000000,0.00000000,0.00,0,0,0.35,-0.044,0.2450,0.3920,1.4700,1.5410,0.152283,-0.118652,0.019287,-0.981018,7.804,77.5,-1
1783958292.319,2253,509391,0,0.00000000,0.00000000,0.00,0,0,0.25,-0.109,0.1470,0.4900,1.0780,1.1932,0.152405,-0.118652,0.019287,-0.980957,7.801,73.8,-1
1783958292.505,2254,509615,0,0.00000000,0.00000000,0.00,0,0,0.34,-0.031,0.6370,0.3430,2.3520,2.4608,0.152405,-0.118713,0.019348,-0.980957,7.800,76.2,-1
1783958292.751,2255,509836,0,0.00000000,0.00000000,0.00,0,0,0.35,-0.007,0.1960,0.6370,1.2250,1.3946,0.152344,-0.118652,0.019409,-0.980957,7.801,71.2,-1
1783958292.937,2256,510054,0,0.00000000,0.00000000,0.00,0,0,0.22,-0.106,0.3430,0.8820,1.0290,1.3980,0.152405,-0.118530,0.019348,-0.981018,7.800,75.0,-1
1783958293.184,2257,510271,0,0.00000000,0.00000000,0.00,0,0,0.26,-0.098,0.4900,0.4900,1.2740,1.4503,0.152405,-0.118530,0.019287,-0.981018,7.801,73.8,-1
1783958293.373,2258,510495,0,0.00000000,0.00000000,0.00,0,0,0.26,-0.086,0.0980,0.4900,1.2740,1.3685,0.152344,-0.118652,0.019226,-0.981018,7.800,73.8,-1
1783958293.623,2259,510716,0,0.00000000,0.00000000,0.00,0,0,0.33,-0.070,0.3920,0.7350,1.5190,1.7324,0.152405,-0.118713,0.019287,-0.980957,7.801,76.2,-1
1783958293.868,2260,510936,0,0.00000000,0.00000000,0.00,0,0,0.31,-0.065,-0.2450,0.6860,0.4410,0.8515,0.152405,-0.118713,0.019165,-0.980957,7.801,75.0,-1
1783958294.057,2261,511149,0,0.00000000,0.00000000,0.00,0,0,0.20,-0.112,0.8330,0.0980,1.7150,1.9091,0.152344,-0.118713,0.019165,-0.980957,7.801,73.8,-1
1783958294.307,2262,511372,0,0.00000000,0.00000000,0.00,0,0,0.19,-0.099,0.0490,0.6370,1.8130,1.9223,0.152405,-0.118774,0.019165,-0.980957,7.802,72.5,-1
1783958294.491,2263,511596,0,0.00000000,0.00000000,0.00,0,0,0.31,-0.013,0.2940,0.4900,1.5190,1.6229,0.152405,-0.118713,0.019104,-0.980957,7.802,81.2,-1
1783958294.737,2264,511819,0,0.00000000,0.00000000,0.00,0,0,0.21,-0.073,1.0290,-0.4900,1.9600,2.2673,0.152405,-0.118774,0.019104,-0.980957,7.801,72.5,-1
1783958294.922,2265,512037,0,0.00000000,0.00000000,0.00,0,0,0.26,-0.035,0.0490,0.4410,0.9310,1.0313,0.152344,-0.118835,0.019165,-0.980957,7.801,73.8,-1
1783958295.168,2266,512253,0,0.00000000,0.00000000,0.00,0,0,0.40,0.040,0.0000,0.8330,1.5190,1.7324,0.152344,-0.118835,0.019165,-0.980957,7.801,72.5,-1
1783958295.419,2267,512482,0,0.00000000,0.00000000,0.00,0,0,0.20,-0.049,0.3430,0.7350,1.4700,1.6789,0.152344,-0.119019,0.019043,-0.980957,7.801,72.5,-1
1783958295.605,2268,512706,0,0.00000000,0.00000000,0.00,0,0,0.25,-0.015,0.3920,0.4410,1.6170,1.7213,0.152222,-0.119080,0.019043,-0.980957,7.801,77.5,-1
1783958295.852,2269,512930,0,0.00000000,0.00000000,0.00,0,0,0.19,-0.045,0.3920,0.1960,1.4210,1.4871,0.152344,-0.119202,0.019104,-0.980957,7.804,72.5,-1
1783958296.040,2270,513143,0,0.00000000,0.00000000,0.00,0,0,0.14,-0.089,0.4900,0.5880,1.3720,1.5711,0.152344,-0.119202,0.019104,-0.980896,7.802,71.2,-1
1783958296.287,2271,513366,0,0.00000000,0.00000000,0.00,0,0,0.19,-0.024,0.1960,0.5880,2.4990,2.5747,0.152283,-0.119141,0.019104,-0.980957,7.802,75.0,-1
1783958296.475,2272,513592,0,0.00000000,0.00000000,0.00,0,0,0.16,-0.040,0.2940,0.3430,0.8330,0.9476,0.152283,-0.119019,0.019165,-0.980957,7.801,76.2,-1
1783958296.727,2273,513814,0,0.00000000,0.00000000,0.00,0,0,0.18,-0.019,0.7840,0.9800,2.4500,2.7527,0.152344,-0.118896,0.019409,-0.980957,7.802,75.0,-1
1783958296.971,2274,514032,0,0.00000000,0.00000000,0.00,0,0,0.15,-0.072,0.3430,0.7840,2.0090,2.1837,0.152283,-0.119385,0.019287,-0.980896,7.802,73.8,-1
1783958297.157,2275,514246,0,0.00000000,0.00000000,0.00,0,0,0.24,0.075,-0.1470,0.7350,1.6660,1.8269,0.152222,-0.119629,0.019409,-0.980896,7.804,75.0,-1
1783958297.407,2276,514472,0,0.00000000,0.00000000,0.00,0,0,0.21,0.122,0.5390,0.0490,1.3230,1.4294,0.152222,-0.119690,0.019348,-0.980896,7.802,77.5,-1
1783958297.596,2277,514696,0,0.00000000,0.00000000,0.00,0,0,0.17,0.110,0.3920,0.7840,1.1760,1.4667,0.152344,-0.119751,0.019287,-0.980835,7.801,73.8,-1
1783958297.844,2278,514916,0,0.00000000,0.00000000,0.00,0,0,0.35,0.215,0.8330,0.3430,2.2540,2.4274,0.152283,-0.119690,0.019409,-0.980896,7.804,73.8,-1
1783958298.090,2279,515151,0,0.00000000,0.00000000,0.00,0,0,0.27,0.149,0.4900,0.3920,1.7640,1.8723,0.152283,-0.119690,0.019470,-0.980896,7.802,75.0,-1
1783958298.278,2280,515374,0,0.00000000,0.00000000,0.00,0,0,0.18,0.077,0.3430,0.4900,1.3230,1.4519,0.152222,-0.119446,0.019409,-0.980896,7.801,75.0,-1
1783958298.529,2281,515595,0,0.00000000,0.00000000,0.00,0,0,0.28,0.111,0.1470,0.5390,2.4500,2.5129,0.152283,-0.119263,0.019348,-0.980896,7.800,83.8,-1
1783958298.715,2282,515818,0,0.00000000,0.00000000,0.00,0,0,0.33,0.136,0.6860,0.0490,1.8130,1.9391,0.152283,-0.119263,0.019470,-0.980896,7.801,70.0,-1
1783958298.963,2283,516037,0,0.00000000,0.00000000,0.00,0,0,0.22,0.064,0.9310,0.6370,1.8620,2.1771,0.152466,-0.119263,0.019287,-0.980896,7.802,68.8,-1
1783958299.147,2284,516249,0,0.00000000,0.00000000,0.00,0,0,0.18,0.025,0.4410,0.0490,1.4700,1.5355,0.152466,-0.119141,0.019165,-0.980896,7.802,68.8,-1
1783958299.397,2285,516469,0,0.00000000,0.00000000,0.00,0,0,0.17,-0.002,0.7350,0.5880,2.0090,2.2186,0.152405,-0.119141,0.019226,-0.980896,7.804,68.8,-1
1783958299.583,2286,516688,0,0.00000000,0.00000000,0.00,0,0,0.14,-0.026,0.6370,0.3920,2.9890,3.0812,0.152344,-0.119141,0.019226,-0.980957,7.804,71.2,-1
1783958299.829,2287,516907,0,0.00000000,0.00000000,0.00,0,0,0.22,0.026,0.3430,0.8330,2.0580,2.2465,0.152283,-0.119141,0.019470,-0.980957,7.804,73.8,-1
1783958300.077,2288,517155,0,0.00000000,0.00000000,0.00,0,0,0.19,0.002,0.5880,1.4700,0.5880,1.6889,0.152222,-0.119202,0.019409,-0.980957,7.801,71.2,-1
1783958300.264,2289,517383,0,0.00000000,0.00000000,0.00,0,0,0.24,0.033,0.7840,0.2450,1.7150,1.9016,0.152222,-0.119263,0.019287,-0.980957,7.802,72.5,-1
1783958300.513,2290,517583,0,0.00000000,0.00000000,0.00,0,0,0.18,-0.009,0.1960,0.0490,1.5190,1.5324,0.152222,-0.119141,0.019287,-0.980957,7.801,72.5,-1
1783958300.699,2291,517801,0,0.00000000,0.00000000,0.00,0,0,0.31,0.067,0.8820,0.1960,2.2540,2.4283,0.152222,-0.119141,0.019226,-0.980957,7.801,75.0,-1
1783958300.946,2292,518023,0,0.00000000,0.00000000,0.00,0,0,0.26,0.018,0.1960,0.3430,1.4210,1.4749,0.152222,-0.119202,0.019287,-0.980957,7.801,72.5,-1
1783958301.129,2293,518238,0,0.00000000,0.00000000,0.00,0,0,0.30,0.035,0.3430,-0.1960,2.2540,2.2884,0.152222,-0.119202,0.019348,-0.980957,7.801,70.0,-1
1783958301.376,2294,518457,0,0.00000000,0.00000000,0.00,0,0,0.19,-0.030,0.0490,0.6860,1.5680,1.7122,0.152222,-0.119080,0.019287,-0.980957,7.802,70.0,-1
1783958301.562,2295,518680,0,0.00000000,0.00000000,0.00,0,0,0.26,0.016,0.3920,0.5880,2.1070,2.2224,0.152283,-0.119141,0.019287,-0.980957,7.801,71.2,-1
1783958301.806,2296,518905,0,0.00000000,0.00000000,0.00,0,0,0.29,0.028,0.6370,0.7350,1.2250,1.5642,0.152344,-0.119263,0.019287,-0.980896,7.802,71.2,-1
1783958302.052,2297,519150,0,0.00000000,0.00000000,0.00,0,0,0.31,0.051,0.3430,0.3920,1.7640,1.8393,0.152344,-0.119263,0.019226,-0.980896,7.802,75.0,-1
1783958302.296,2298,519372,0,0.00000000,0.00000000,0.00,0,0,0.21,-0.016,0.4900,0.5390,1.9110,2.0451,0.152344,-0.119324,0.019287,-0.980896,7.802,71.2,-1
1783958302.479,2299,519597,0,0.00000000,0.00000000,0.00,0,0,0.24,0.003,0.8820,0.0490,2.5970,2.7431,0.152405,-0.119202,0.019348,-0.980896,7.802,71.2,-1
1783958302.727,2300,519820,0,0.00000000,0.00000000,0.00,0,0,0.31,0.027,0.6370,0.5880,1.6660,1.8780,0.152405,-0.119202,0.019470,-0.980896,7.801,70.0,-1
1783958302.972,2301,520044,0,0.00000000,0.00000000,0.00,0,0,0.29,0.029,0.1960,0.7350,1.1270,1.3597,0.152466,-0.119324,0.019470,-0.980896,7.801,77.5,-1
1783958303.160,2302,520261,0,0.00000000,0.00000000,0.00,0,0,0.31,0.036,0.9310,1.0290,1.6660,2.1682,0.152405,-0.119324,0.019409,-0.980896,7.802,72.5,-1
1783958303.408,2303,520488,0,0.00000000,0.00000000,0.00,0,0,0.24,0.003,-0.1470,0.7350,1.0780,1.3130,0.152405,-0.119385,0.019409,-0.980896,7.802,71.2,-1
1783958303.597,2304,520707,0,0.00000000,0.00000000,0.00,0,0,0.22,0.003,0.4410,0.5880,1.7640,1.9110,0.152405,-0.119385,0.019409,-0.980896,7.802,68.8,-1
1783958303.845,2305,520926,0,0.00000000,0.00000000,0.00,0,0,0.25,0.004,-0.0980,1.4210,0.9310,1.7016,0.152344,-0.119263,0.019348,-0.980896,7.802,81.2,-1
1783958304.031,2306,521144,0,0.00000000,0.00000000,0.00,0,0,0.32,0.040,0.4410,0.4410,1.6170,1.7331,0.152344,-0.119385,0.019348,-0.980896,7.801,77.5,-1
1783958304.279,2307,521369,0,0.00000000,0.00000000,0.00,0,0,0.20,-0.032,0.1470,0.4410,1.6170,1.6825,0.152344,-0.119263,0.019348,-0.980896,7.802,73.8,-1
1783958304.526,2308,521593,0,0.00000000,0.00000000,0.00,0,0,0.22,-0.002,0.7840,0.2940,1.4210,1.6493,0.152222,-0.119202,0.019348,-0.980957,7.801,76.2,-1
1783958304.715,2309,521814,0,0.00000000,0.00000000,0.00,0,0,0.18,-0.040,-0.2450,1.3720,0.1470,1.4014,0.152222,-0.119202,0.019409,-0.980957,7.802,76.2,-1
1783958304.962,2310,522039,0,0.00000000,0.00000000,0.00,0,0,0.24,0.010,0.3920,0.2940,1.8130,1.8780,0.152283,-0.119141,0.019287,-0.980957,7.802,75.0,-1
1783958305.145,2311,522253,0,0.00000000,0.00000000,0.00,0,0,0.22,-0.022,0.5880,0.8330,1.7150,1.9952,0.152222,-0.119202,0.019226,-0.980957,7.801,73.8,-1
1783958305.391,2312,522470,0,0.00000000,0.00000000,0.00,0,0,0.22,-0.027,0.0000,0.2450,1.2250,1.2493,0.152222,-0.119202,0.019226,-0.980957,7.801,78.8,-1
1783958305.579,2313,522693,0,0.00000000,0.00000000,0.00,0,0,0.14,-0.086,0.8330,0.4900,1.2740,1.5991,0.152039,-0.119202,0.019409,-0.980957,7.802,73.8,-1
1783958305.824,2314,522915,0,0.00000000,0.00000000,0.00,0,0,0.15,-0.083,0.0000,0.6860,0.2940,0.7463,0.152039,-0.119202,0.019470,-0.980957,7.801,72.5,-1
1783958306.009,2315,523128,0,0.00000000,0.00000000,0.00,0,0,0.23,-0.055,0.5880,0.4900,1.4210,1.6140,0.152100,-0.119202,0.019531,-0.980957,7.804,70.0,-1
1783958306.256,2316,523347,0,0.00000000,0.00000000,0.00,0,0,0.22,-0.066,0.0490,0.6370,1.5680,1.6932,0.152161,-0.119263,0.019592,-0.980957,7.801,76.2,-1
1783958306.503,2317,523572,0,0.00000000,0.00000000,0.00,0,0,0.19,-0.089,0.1470,0.3430,1.0290,1.0946,0.152161,-0.119202,0.019653,-0.980957,7.801,77.5,-1
1783958306.688,2318,523796,0,0.00000000,0.00000000,0.00,0,0,0.35,0.019,0.2450,0.9800,1.5190,1.8242,0.152100,-0.119202,0.019592,-0.980957,7.802,72.5,-1
1783958306.937,2319,524017,0,0.00000000,0.00000000,0.00,0,0,0.18,-0.068,0.7840,0.8330,1.8620,2.1853,0.151978,-0.119263,0.019531,-0.980957,7.802,67.5,-1
1783958307.123,2320,524236,0,0.00000000,0.00000000,0.00,0,0,0.18,-0.073,1.1760,0.8820,1.3720,2.0108,0.151855,-0.119263,0.019592,-0.980957,7.801,73.8,-1
1783958307.371,2321,524455,0,0.00000000,0.00000000,0.00,0,0,0.32,0.031,0.4410,0.4900,1.9110,2.0215,0.151917,-0.119202,0.019592,-0.980957,7.801,76.2,-1
1783958307.558,2322,524677,0,0.00000000,0.00000000,0.00,0,0,0.25,-0.037,0.5880,0.6370,1.8130,2.0096,0.151917,-0.119202,0.019592,-0.980957,7.802,73.8,-1
1783958307.809,2323,524898,0,0.00000000,0.00000000,0.00,0,0,0.19,-0.075,1.2740,0.2940,2.6950,2.9954,0.151917,-0.119141,0.019592,-0.980957,7.802,75.0,-1
1783958308.057,2324,525138,0,0.00000000,0.00000000,0.00,0,0,0.19,-0.056,0.1960,0.6860,1.7640,1.9028,0.151917,-0.119141,0.019653,-0.980957,7.801,73.8,-1
1783958308.242,2325,525358,0,0.00000000,0.00000000,0.00,0,0,0.18,-0.083,0.4900,-0.1470,2.1070,2.1682,0.151917,-0.119141,0.019531,-0.981018,7.802,73.8,-1
1783958308.487,2326,525581,0,0.00000000,0.00000000,0.00,0,0,0.20,-0.063,0.2940,0.2450,2.3520,2.3829,0.151917,-0.119141,0.019470,-0.981018,7.801,77.5,-1
1783958308.734,2327,525807,0,0.00000000,0.00000000,0.00,0,0,0.32,0.020,0.5390,0.3920,1.5680,1.7038,0.151917,-0.119141,0.019470,-0.981018,7.804,78.8,-1
1783958308.920,2328,526034,0,0.00000000,0.00000000,0.00,0,0,0.42,0.078,0.1470,0.4410,0.3920,0.6081,0.151917,-0.119202,0.019409,-0.981018,7.804,72.5,-1
1783958309.169,2329,526249,0,0.00000000,0.00000000,0.00,0,0,0.25,-0.047,0.3430,0.3920,1.4700,1.5596,0.151917,-0.119141,0.019470,-0.981018,7.804,68.8,-1
1783958309.354,2330,526471,0,0.00000000,0.00000000,0.00,0,0,0.29,-0.005,0.5390,0.6370,1.3720,1.6058,0.151917,-0.119141,0.019531,-0.981018,7.802,76.2,-1
1783958309.602,2331,526691,0,0.00000000,0.00000000,0.00,0,0,0.28,-0.012,0.7350,0.3430,1.8620,2.0310,0.151917,-0.119141,0.019470,-0.981018,7.802,75.0,-1
1783958309.851,2332,526912,0,0.00000000,0.00000000,0.00,0,0,0.30,0.000,0.0000,0.3920,0.8330,0.9206,0.151917,-0.119263,0.019409,-0.980957,7.801,67.5,-1
1783958310.037,2333,527129,0,0.00000000,0.00000000,0.00,0,0,0.31,0.006,0.9310,-0.0490,1.0780,1.4252,0.151917,-0.119324,0.019409,-0.980957,7.804,76.2,-1
1783958310.284,2334,527354,0,0.00000000,0.00000000,0.00,0,0,0.22,-0.041,1.1270,0.6860,2.7930,3.0889,0.151917,-0.119324,0.019348,-0.980957,7.801,67.5,-1
1783958310.470,2335,527573,0,0.00000000,0.00000000,0.00,0,0,0.23,-0.037,0.5390,0.5880,1.7640,1.9360,0.151917,-0.119324,0.019348,-0.980957,7.800,67.5,-1
1783958310.719,2336,527790,0,0.00000000,0.00000000,0.00,0,0,0.37,0.029,0.0000,0.3430,1.3720,1.4142,0.151917,-0.119263,0.019348,-0.980957,7.801,72.5,-1
1783958310.906,2337,528010,0,0.00000000,0.00000000,0.00,0,0,0.32,-0.002,0.5880,0.1470,1.6660,1.7728,0.151917,-0.119263,0.019348,-0.980957,7.802,72.5,-1
1783958311.153,2338,528226,0,0.00000000,0.00000000,0.00,0,0,0.35,0.016,0.7840,0.6370,1.8620,2.1184,0.151917,-0.119202,0.019409,-0.980957,7.801,73.8,-1
1783958311.339,2339,528446,0,0.00000000,0.00000000,0.00,0,0,0.29,-0.008,1.0290,0.4900,1.5680,1.9384,0.151917,-0.119141,0.019470,-0.981018,7.802,75.0,-1
1783958311.588,2340,528666,0,0.00000000,0.00000000,0.00,0,0,0.41,0.056,0.5390,0.1470,1.3720,1.4814,0.151917,-0.119141,0.019531,-0.981018,7.801,75.0,-1
1783958311.776,2341,528887,0,0.00000000,0.00000000,0.00,0,0,0.34,0.016,0.9310,0.8820,1.2740,1.8077,0.151917,-0.119141,0.019531,-0.981018,7.802,71.2,-1
1783958312.024,2342,529087,0,0.00000000,0.00000000,0.00,0,0,0.25,-0.037,1.1760,0.8820,1.4700,2.0789,0.151917,-0.119141,0.019531,-0.981018,7.802,73.8,-1
1783958312.209,2343,529298,0,0.00000000,0.00000000,0.00,0,0,0.24,-0.039,0.9310,0.7350,1.9600,2.2910,0.151917,-0.119141,0.019592,-0.981018,7.801,67.5,-1
1783958312.454,2344,529515,0,0.00000000,0.00000000,0.00,0,0,0.26,-0.023,0.1470,0.8820,0.8330,1.2221,0.151917,-0.119141,0.019531,-0.981018,7.801,73.8,-1
1783958312.640,2345,529735,0,0.00000000,0.00000000,0.00,0,0,0.22,-0.033,0.0980,0.7350,1.3230,1.5166,0.151917,-0.119202,0.019470,-0.981018,7.801,76.2,-1
1783958312.888,2346,529959,0,0.00000000,0.00000000,0.00,0,0,0.29,0.022,0.3430,0.7350,1.2250,1.4692,0.151917,-0.119263,0.019409,-0.980957,7.802,72.5,-1
1783958313.075,2347,530179,0,0.00000000,0.00000000,0.00,0,0,0.32,0.030,0.3920,0.6860,1.4700,1.6689,0.151917,-0.119263,0.019409,-0.980957,7.802,71.2,-1
1783958313.325,2348,530401,0,0.00000000,0.00000000,0.00,0,0,0.35,0.046,0.2940,0.4410,1.6660,1.7483,0.151917,-0.119202,0.019409,-0.980957,7.802,72.5,-1
1783958313.508,2349,530621,0,0.00000000,0.00000000,0.00,0,0,0.42,0.078,0.8330,0.5880,1.1760,1.5565,0.151917,-0.119202,0.019409,-0.981018,7.801,72.5,-1
1783958313.757,2350,530838,0,0.00000000,0.00000000,0.00,0,0,0.27,-0.033,0.1470,0.8330,0.9800,1.2946,0.151917,-0.119141,0.019470,-0.981018,7.801,73.8,-1
1783958313.943,2351,531059,0,0.00000000,0.00000000,0.00,0,0,0.26,-0.054,0.3920,0.3430,1.6660,1.7455,0.151917,-0.119141,0.019470,-0.981018,7.800,75.0,-1
1783958314.191,2352,531273,0,0.00000000,0.00000000,0.00,0,0,0.23,-0.067,0.1960,0.0490,1.4700,1.4838,0.151917,-0.119202,0.019409,-0.980957,7.801,73.8,-1
1783958314.439,2353,531498,0,0.00000000,0.00000000,0.00,0,0,0.22,-0.072,0.3430,0.6370,1.5190,1.6825,0.151917,-0.119202,0.019409,-0.980957,7.801,76.2,-1
1783958314.625,2354,531724,0,0.00000000,0.00000000,0.00,0,0,0.31,-0.024,0.3920,0.5390,1.4700,1.6140,0.151917,-0.119202,0.019409,-0.980957,7.801,71.2,-1
1783958314.873,2355,531951,0,0.00000000,0.00000000,0.00,0,0,0.36,0.009,-0.0980,1.2740,0.7350,1.4741,0.152039,-0.119263,0.019470,-0.980957,7.800,75.0,-1
1783958315.060,2356,532165,0,0.00000000,0.00000000,0.00,0,0,0.21,-0.087,0.5880,0.3430,1.4210,1.5756,0.151978,-0.119263,0.019531,-0.980957,7.801,72.5,-1
1783958315.306,2357,532383,0,0.00000000,0.00000000,0.00,0,0,0.36,0.020,0.2450,0.2940,1.6660,1.7094,0.151917,-0.119263,0.019470,-0.980957,7.804,73.8,-1
1783958315.495,2358,532605,0,0.00000000,0.00000000,0.00,0,0,0.41,0.036,0.6860,0.2450,1.5190,1.6846,0.151917,-0.119263,0.019470,-0.980957,7.802,75.0,-1
1783958315.743,2359,532832,0,0.00000000,0.00000000,0.00,0,0,0.30,-0.027,0.2940,0.3920,1.2250,1.3194,0.151855,-0.119324,0.019531,-0.980957,7.802,76.2,-1
1783958315.990,2360,533053,0,0.00000000,0.00000000,0.00,0,0,0.24,-0.045,0.0980,0.3430,0.2450,0.4328,0.151855,-0.119202,0.019470,-0.981018,7.802,77.5,-1
1783958316.177,2361,533268,0,0.00000000,0.00000000,0.00,0,0,0.16,-0.102,0.1960,0.6860,1.2740,1.4602,0.151855,-0.119202,0.019470,-0.981018,7.802,75.0,-1
1783958316.423,2362,533490,0,0.00000000,0.00000000,0.00,0,0,0.32,0.027,0.4900,0.2450,1.3230,1.4319,0.151855,-0.119080,0.019409,-0.981018,7.801,72.5,-1
1783958316.609,2363,533713,0,0.00000000,0.00000000,0.00,0,0,0.25,-0.017,0.0000,0.6370,1.1270,1.2946,0.151855,-0.119080,0.019409,-0.981018,7.801,78.8,-1
1783958316.858,2364,533936,0,0.00000000,0.00000000,0.00,0,0,0.35,0.045,0.3430,0.6370,0.9310,1.1791,0.151855,-0.119080,0.019348,-0.981018,7.800,78.8,-1
1783958317.042,2365,534148,0,0.00000000,0.00000000,0.00,0,0,0.39,0.040,0.2450,0.9310,1.7150,1.9667,0.151855,-0.119080,0.019348,-0.981018,7.801,71.2,-1
1783958317.292,2366,534372,0,0.00000000,0.00000000,0.00,0,0,0.30,-0.012,0.6860,0.4900,1.3720,1.6103,0.151855,-0.119080,0.019348,-0.981018,7.801,70.0,-1
1783958317.477,2367,534592,0,0.00000000,0.00000000,0.00,0,0,0.29,-0.024,0.0980,0.3920,1.5680,1.6192,0.151855,-0.118958,0.019348,-0.981018,7.800,78.8,-1
1783958317.727,2368,534820,0,0.00000000,0.00000000,0.00,0,0,0.39,0.028,0.2450,0.7840,1.4210,1.6413,0.151855,-0.118896,0.019348,-0.981018,7.800,73.8,-1
1783958317.976,2369,535038,0,0.00000000,0.00000000,0.00,0,0,0.37,0.009,-0.1960,0.3430,1.1270,1.1942,0.151855,-0.118958,0.019348,-0.981018,7.799,78.8,-1
1783958318.163,2370,535248,0,0.00000000,0.00000000,0.00,0,0,0.34,-0.020,0.5880,0.5390,1.0780,1.3410,0.151855,-0.118958,0.019348,-0.981018,7.801,72.5,-1
1783958318.351,2371,535471,0,0.00000000,0.00000000,0.00,0,0,0.29,-0.057,0.3920,0.5880,1.4210,1.5870,0.151855,-0.118896,0.019348,-0.981018,7.801,68.8,-1
1783958318.597,2372,535692,0,0.00000000,0.00000000,0.00,0,0,0.37,0.001,0.0490,0.5390,0.6860,0.8738,0.151855,-0.118896,0.019348,-0.981018,7.801,67.5,-1
1783958318.844,2373,535910,0,0.00000000,0.00000000,0.00,0,0,0.43,0.031,0.3920,0.5880,1.4210,1.5870,0.151855,-0.118958,0.019531,-0.981018,7.804,68.8,-1
1783958319.092,2374,536152,0,0.00000000,0.00000000,0.00,0,0,0.47,0.022,0.5880,0.1960,1.0290,1.2012,0.151855,-0.119080,0.019470,-0.981018,7.801,71.2,-1
1783958319.278,2375,536376,0,0.00000000,0.00000000,0.00,0,0,0.36,-0.048,0.6860,0.2940,1.6660,1.8255,0.151855,-0.119141,0.019409,-0.981018,7.801,72.5,-1
1783958319.525,2376,536604,0,0.00000000,0.00000000,0.00,0,0,0.29,-0.079,0.8820,0.2940,1.5190,1.7809,0.151855,-0.119202,0.019409,-0.981018,7.802,73.8,-1
1783958319.712,2377,536831,0,0.00000000,0.00000000,0.00,0,0,0.24,-0.104,0.5880,0.1960,1.3720,1.5055,0.151794,-0.119263,0.019348,-0.981018,7.801,73.8,-1
1783958319.957,2378,537050,0,0.00000000,0.00000000,0.00,0,0,0.32,-0.027,0.0980,1.3230,0.7350,1.5166,0.151794,-0.119324,0.019348,-0.981018,7.801,73.8,-1
1783958320.206,2379,537265,0,0.00000000,0.00000000,0.00,0,0,0.38,-0.002,0.1960,0.8330,1.0780,1.3764,0.151855,-0.119446,0.019348,-0.980957,7.801,73.8,-1
1783958320.393,2380,537490,0,0.00000000,0.00000000,0.00,0,0,0.38,0.010,-0.1470,1.2740,0.2450,1.3056,0.151917,-0.119385,0.019287,-0.980957,7.802,72.5,-1
1783958320.642,2381,537716,0,0.00000000,0.00000000,0.00,0,0,0.40,0.027,0.4900,0.8330,1.9600,2.1853,0.151978,-0.119263,0.019226,-0.980957,7.802,66.2,-1
1783958320.827,2382,537936,0,0.00000000,0.00000000,0.00,0,0,0.35,-0.004,0.0000,1.1760,0.8820,1.4700,0.152100,-0.119263,0.019287,-0.980957,7.802,68.8,-1
1783958321.076,2383,538147,0,0.00000000,0.00000000,0.00,0,0,0.35,-0.007,0.3430,0.2940,1.3720,1.4445,0.152100,-0.119324,0.019226,-0.980957,7.802,70.0,-1
1783958321.260,2384,538373,0,0.00000000,0.00000000,0.00,0,0,0.33,-0.023,0.3920,0.3920,1.3230,1.4345,0.152100,-0.119324,0.019287,-0.980957,7.802,72.5,-1
1783958321.509,2385,538597,0,0.00000000,0.00000000,0.00,0,0,0.43,0.032,0.3920,0.3920,1.3230,1.4345,0.152100,-0.119385,0.019348,-0.980957,7.802,73.8,-1
1783958321.755,2386,538816,0,0.00000000,0.00000000,0.00,0,0,0.48,0.053,0.0980,0.4900,1.1760,1.2778,0.152100,-0.119385,0.019409,-0.980957,7.801,70.0,-1
1783958321.943,2387,539039,0,0.00000000,0.00000000,0.00,0,0,0.47,0.040,-0.1960,0.3430,1.8620,1.9034,0.152100,-0.119385,0.019470,-0.980957,7.801,68.8,-1
1783958322.192,2388,539253,0,0.00000000,0.00000000,0.00,0,0,0.36,-0.036,0.4900,1.0780,2.1070,2.4169,0.152100,-0.119385,0.019470,-0.980957,7.801,70.0,-1
1783958322.377,2389,539477,0,0.00000000,0.00000000,0.00,0,0,0.46,0.018,-0.0490,0.6370,1.1760,1.3383,0.152100,-0.119324,0.019470,-0.980957,7.802,72.5,-1
1783958322.624,2390,539697,0,0.00000000,0.00000000,0.00,0,0,0.47,0.040,0.8820,-0.0490,2.3030,2.4666,0.152100,-0.119324,0.019470,-0.980957,7.802,71.2,-1
1783958322.808,2391,539918,0,0.00000000,0.00000000,0.00,0,0,0.40,-0.001,0.4410,0.1960,1.2250,1.3166,0.152100,-0.119324,0.019409,-0.980957,7.802,70.0,-1
1783958323.057,2392,540131,0,0.00000000,0.00000000,0.00,0,0,0.48,0.032,0.0000,0.7350,1.5680,1.7317,0.152100,-0.119263,0.019409,-0.980957,7.804,73.8,-1
1783958323.242,2393,540351,0,0.00000000,0.00000000,0.00,0,0,0.48,0.028,0.3430,0.4900,2.0090,2.0961,0.152100,-0.119202,0.019409,-0.980957,7.804,72.5,-1
1783958323.489,2394,540573,0,0.00000000,0.00000000,0.00,0,0,0.49,0.025,0.7350,0.4410,1.5190,1.7442,0.152100,-0.119202,0.019470,-0.980957,7.802,68.8,-1
1783958323.736,2395,540796,0,0.00000000,0.00000000,0.00,0,0,0.45,-0.004,0.4410,0.7350,1.1760,1.4552,0.152100,-0.119202,0.019470,-0.980957,7.804,68.8,-1
1783958323.922,2396,541022,0,0.00000000,0.00000000,0.00,0,0,0.58,0.065,0.0980,0.2450,1.2740,1.3010,0.152100,-0.119141,0.019409,-0.980957,7.804,70.0,-1
1783958324.172,2397,541235,0,0.00000000,0.00000000,0.00,0,0,0.58,0.088,0.3430,0.0490,1.9110,1.9422,0.152100,-0.119141,0.019348,-0.980957,7.804,68.8,-1
1783958324.358,2398,541464,0,0.00000000,0.00000000,0.00,0,0,0.43,-0.012,0.3920,-0.1470,1.8130,1.8607,0.152100,-0.119202,0.019348,-0.980957,7.804,68.8,-1
1783958324.607,2399,541681,0,0.00000000,0.00000000,0.00,0,0,0.46,0.010,0.2940,-0.1960,0.8330,0.9048,0.152100,-0.119141,0.019348,-0.980957,7.802,71.2,-1
1783958324.793,2400,541901,0,0.00000000,0.00000000,0.00,0,0,0.37,-0.048,0.2940,0.8330,2.4010,2.5583,0.152100,-0.119141,0.019287,-0.980957,7.802,72.5,-1
1783958325.041,2401,542149,0,0.00000000,0.00000000,0.00,0,0,0.46,-0.012,0.2450,0.6370,2.2050,2.3082,0.152100,-0.119141,0.019287,-0.980957,7.804,72.5,-1
1783958325.286,2402,542376,0,0.00000000,0.00000000,0.00,0,0,0.38,-0.070,0.4900,0.7350,1.5680,1.7997,0.152100,-0.119202,0.019287,-0.980957,7.804,70.0,-1
1783958325.532,2403,542596,0,0.00000000,0.00000000,0.00,0,0,0.46,-0.008,0.5880,1.4700,1.7640,2.3703,0.152100,-0.119202,0.019287,-0.980957,7.804,77.5,-1
1783958325.717,2404,542818,0,0.00000000,0.00000000,0.00,0,0,0.55,0.042,0.3920,0.1470,1.3720,1.4345,0.152100,-0.119202,0.019287,-0.980957,7.804,68.8,-1
1783958325.965,2405,543038,0,0.00000000,0.00000000,0.00,0,0,0.36,-0.055,0.5880,1.2250,1.2740,1.8626,0.152100,-0.119263,0.019287,-0.980957,7.802,73.8,-1
1783958326.153,2406,543251,0,0.00000000,0.00000000,0.00,0,0,0.42,-0.033,0.1470,0.7350,2.0090,2.1443,0.152100,-0.119324,0.019348,-0.980957,7.804,67.5,-1
1783958326.401,2407,543476,0,0.00000000,0.00000000,0.00,0,0,0.39,-0.036,0.2450,0.5390,2.2050,2.2831,0.152100,-0.119385,0.019348,-0.980957,7.802,70.0,-1
1783958326.587,2408,543695,0,0.00000000,0.00000000,0.00,0,0,0.41,-0.039,0.4410,0.8820,0.5880,1.1481,0.152039,-0.119263,0.019470,-0.980957,7.802,72.5,-1
1783958326.835,2409,543918,0,0.00000000,0.00000000,0.00,0,0,0.52,0.033,1.1760,0.0490,0.8820,1.4708,0.152161,-0.119263,0.019409,-0.980957,7.802,70.0,-1
1783958327.020,2410,544134,0,0.00000000,0.00000000,0.00,0,0,0.45,-0.035,-0.2450,0.7840,0.5880,1.0102,0.152161,-0.119202,0.019287,-0.980957,7.801,71.2,-1
1783958327.269,2411,544358,0,0.00000000,0.00000000,0.00,0,0,0.52,0.016,0.8330,1.0290,1.1760,1.7708,0.152039,-0.119202,0.019348,-0.980957,7.802,73.8,-1
1783958327.515,2412,544579,0,0.00000000,0.00000000,0.00,0,0,0.35,-0.102,0.4410,0.1470,0.7840,0.9115,0.152039,-0.119263,0.019287,-0.980957,7.804,76.2,-1
1783958327.701,2413,544798,0,0.00000000,0.00000000,0.00,0,0,0.29,-0.124,0.0000,0.9800,1.0290,1.4210,0.152039,-0.119324,0.019348,-0.980957,7.801,76.2,-1
1783958327.947,2414,545023,0,0.00000000,0.00000000,0.00,0,0,0.39,-0.040,0.1470,0.6860,1.0290,1.2454,0.152039,-0.119324,0.019348,-0.980957,7.802,73.8,-1
1783958328.134,2415,545241,0,0.00000000,0.00000000,0.00,0,0,0.40,-0.042,0.4900,0.5390,1.9600,2.0910,0.152039,-0.119385,0.019287,-0.980957,7.801,75.0,-1
1783958328.383,2416,545460,0,0.00000000,0.00000000,0.00,0,0,0.40,-0.042,0.7350,0.0490,1.3230,1.5143,0.152039,-0.119385,0.019287,-0.980957,7.802,73.8,-1
1783958328.568,2417,545679,0,0.00000000,0.00000000,0.00,0,0,0.39,-0.031,0.1470,0.5880,0.8330,1.0302,0.152039,-0.119385,0.019348,-0.980957,7.802,77.5,-1
1783958328.816,2418,545903,0,0.00000000,0.00000000,0.00,0,0,0.35,-0.054,0.6860,0.5390,1.6660,1.8806,0.152039,-0.119385,0.019348,-0.980957,7.802,73.8,-1
1783958329.065,2419,546147,0,0.00000000,0.00000000,0.00,0,0,0.47,0.014,0.2940,0.9800,0.9800,1.4168,0.152039,-0.119385,0.019409,-0.980957,7.801,76.2,-1
1783958329.251,2420,546371,0,0.00000000,0.00000000,0.00,0,0,0.26,-0.121,0.0980,0.4410,1.5680,1.6318,0.152039,-0.119446,0.019409,-0.980957,7.802,75.0,-1
1783958329.500,2421,546595,0,0.00000000,0.00000000,0.00,0,0,0.41,-0.019,0.2940,0.1470,1.8620,1.8908,0.151978,-0.119385,0.019470,-0.980957,7.802,78.8,-1
1783958329.747,2422,546814,0,0.00000000,0.00000000,0.00,0,0,0.39,-0.031,0.2940,0.5880,1.6170,1.7455,0.151978,-0.119385,0.019531,-0.980957,7.804,73.8,-1
1783958329.935,2423,547036,0,0.00000000,0.00000000,0.00,0,0,0.41,-0.020,0.0490,0.4410,1.4210,1.4887,0.152039,-0.119507,0.019592,-0.980957,7.804,70.0,-1
1783958330.183,2424,547249,0,0.00000000,0.00000000,0.00,0,0,0.42,0.012,-0.4900,0.9310,0.1470,1.0623,0.152039,-0.119385,0.019592,-0.980957,7.804,71.2,-1
1783958330.368,2425,547473,0,0.00000000,0.00000000,0.00,0,0,0.39,-0.001,0.5390,0.1470,1.1270,1.2579,0.151978,-0.119385,0.019592,-0.980957,7.804,73.8,-1
1783958330.614,2426,547698,0,0.00000000,0.00000000,0.00,0,0,0.43,0.022,0.6860,0.4410,1.9110,2.0777,0.151978,-0.119446,0.019653,-0.980957,7.802,73.8,-1
1783958330.860,2427,547922,0,0.00000000,0.00000000,0.00,0,0,0.38,-0.004,0.2450,0.3920,1.2250,1.3093,0.151978,-0.119507,0.019592,-0.980957,7.802,76.2,-1
1783958331.044,2428,548142,0,0.00000000,0.00000000,0.00,0,0,0.40,0.024,0.4410,0.2450,2.2050,2.2620,0.151978,-0.119568,0.019592,-0.980957,7.800,75.0,-1
1783958331.291,2429,548368,0,0.00000000,0.00000000,0.00,0,0,0.42,0.051,0.5390,0.2450,1.1270,1.2731,0.151917,-0.119690,0.019592,-0.980896,7.800,73.8,-1
1783958331.475,2430,548587,0,0.00000000,0.00000000,0.00,0,0,0.29,-0.036,0.9800,0.0980,1.4700,1.7694,0.151978,-0.119690,0.019531,-0.980896,7.801,76.2,-1
1783958331.719,2431,548811,0,0.00000000,0.00000000,0.00,0,0,0.41,0.026,0.5390,0.8330,1.5680,1.8555,0.151978,-0.119629,0.019531,-0.980957,7.801,77.5,-1
1783958331.969,2432,549033,0,0.00000000,0.00000000,0.00,0,0,0.35,-0.015,0.5390,0.0490,2.3520,2.4135,0.151794,-0.119446,0.019409,-0.980957,7.800,73.8,-1
1783958332.155,2433,549250,0,0.00000000,0.00000000,0.00,0,0,0.24,-0.106,0.3920,0.2450,0.9800,1.0836,0.151794,-0.119446,0.019409,-0.980957,7.802,75.0,-1
1783958332.405,2434,549469,0,0.00000000,0.00000000,0.00,0,0,0.31,-0.052,0.1960,0.5390,0.8330,1.0113,0.151855,-0.119446,0.019348,-0.980957,7.801,80.0,-1
1783958332.591,2435,549691,0,0.00000000,0.00000000,0.00,0,0,0.30,-0.058,0.3430,-0.2940,1.4210,1.4911,0.151855,-0.119385,0.019409,-0.980957,7.802,73.8,-1
1783958332.837,2436,549910,0,0.00000000,0.00000000,0.00,0,0,0.17,-0.114,0.7350,0.3430,1.5190,1.7220,0.151855,-0.119324,0.019348,-0.980957,7.801,77.5,-1
1783958333.086,2437,550153,0,0.00000000,0.00000000,0.00,0,0,0.17,-0.076,0.3920,0.1470,1.6170,1.6703,0.151855,-0.119263,0.019348,-0.981018,7.802,75.0,-1
1783958333.271,2438,550370,0,0.00000000,0.00000000,0.00,0,0,0.34,0.043,0.8330,0.1470,2.3030,2.4534,0.151855,-0.119202,0.019348,-0.981018,7.804,80.0,-1
1783958333.517,2439,550595,0,0.00000000,0.00000000,0.00,0,0,0.29,0.008,0.4900,0.5880,1.7150,1.8780,0.151855,-0.119202,0.019348,-0.981018,7.802,80.0,-1
1783958333.702,2440,550816,0,0.00000000,0.00000000,0.00,0,0,0.18,-0.060,-0.1470,0.4410,0.9310,1.0406,0.151855,-0.119263,0.019287,-0.981018,7.801,71.2,-1
1783958333.948,2441,551037,0,0.00000000,0.00000000,0.00,0,0,0.17,-0.080,-0.1960,0.3430,0.7840,0.8779,0.151855,-0.119263,0.019348,-0.981018,7.801,68.8,-1
1783958334.194,2442,551256,0,0.00000000,0.00000000,0.00,0,0,0.29,-0.015,0.4900,0.0980,1.8620,1.9279,0.151855,-0.119263,0.019348,-0.981018,7.801,71.2,-1
1783958334.381,2443,551473,0,0.00000000,0.00000000,0.00,0,0,0.25,-0.036,0.6370,-0.0490,1.2250,1.3816,0.151855,-0.119263,0.019409,-0.981018,7.800,81.2,-1
1783958334.631,2444,551696,0,0.00000000,0.00000000,0.00,0,0,0.32,-0.004,0.4900,0.1960,1.4210,1.5158,0.151855,-0.119263,0.019409,-0.981018,7.801,76.2,-1
1783958334.818,2445,551917,0,0.00000000,0.00000000,0.00,0,0,0.31,0.005,0.8330,0.5390,2.4010,2.5979,0.151672,-0.119202,0.019470,-0.981018,7.801,73.8,-1
1783958335.064,2446,552130,0,0.00000000,0.00000000,0.00,0,0,0.24,-0.034,0.1960,0.4900,2.2540,2.3150,0.151611,-0.119202,0.019470,-0.981018,7.801,73.8,-1
1783958335.249,2447,552356,0,0.00000000,0.00000000,0.00,0,0,0.08,-0.149,0.4410,0.4410,1.6660,1.7789,0.151672,-0.119202,0.019409,-0.981018,7.804,75.0,-1
1783958335.497,2448,552577,0,0.00000000,0.00000000,0.00,0,0,0.21,-0.059,0.6370,0.2940,0.8330,1.0891,0.151733,-0.119141,0.019409,-0.981018,7.802,70.0,-1
1783958335.684,2449,552796,0,0.00000000,0.00000000,0.00,0,0,0.23,-0.037,0.9310,-0.1960,2.8420,2.9970,0.151733,-0.119202,0.019348,-0.981018,7.801,71.2,-1
1783958335.932,2450,553019,0,0.00000000,0.00000000,0.00,0,0,0.25,-0.018,0.1470,0.7350,0.4410,0.8697,0.151733,-0.119202,0.019348,-0.981018,7.802,73.8,-1
1783958336.119,2451,553231,0,0.00000000,0.00000000,0.00,0,0,0.27,-0.010,0.1960,0.8330,2.0090,2.1837,0.151733,-0.119202,0.019348,-0.981018,7.801,72.5,-1
1783958336.367,2452,553458,0,0.00000000,0.00000000,0.00,0,0,0.26,-0.015,0.7840,1.0780,1.8620,2.2899,0.151733,-0.119202,0.019409,-0.981018,7.801,77.5,-1
1783958336.617,2453,553678,0,0.00000000,0.00000000,0.00,0,0,0.22,-0.032,0.3920,0.4410,1.2740,1.4040,0.151672,-0.119080,0.019409,-0.981018,7.800,76.2,-1
1783958336.803,2454,553900,0,0.00000000,0.00000000,0.00,0,0,0.20,-0.058,0.0000,0.6370,1.4700,1.6021,0.151733,-0.119080,0.019409,-0.981018,7.802,75.0,-1
1783958337.048,2455,554142,0,0.00000000,0.00000000,0.00,0,0,0.21,-0.023,0.9310,1.0290,1.5190,2.0574,0.151672,-0.119080,0.019348,-0.981018,7.804,76.2,-1
1783958337.296,2456,554359,0,0.00000000,0.00000000,0.00,0,0,0.26,-0.004,0.2450,1.0290,0.5880,1.2102,0.151672,-0.119080,0.019348,-0.981018,7.802,78.8,-1
1783958337.482,2457,554581,0,0.00000000,0.00000000,0.00,0,0,0.27,-0.008,1.0780,0.4900,2.6460,2.8989,0.151672,-0.119080,0.019348,-0.981018,7.802,78.8,-1
1783958337.731,2458,554802,0,0.00000000,0.00000000,0.00,0,0,0.27,-0.002,0.3920,0.6370,2.0580,2.1897,0.151672,-0.119141,0.019348,-0.981018,7.804,73.8,-1
1783958337.915,2459,555021,0,0.00000000,0.00000000,0.00,0,0,0.25,-0.028,0.4410,0.5880,2.4010,2.5110,0.151672,-0.119202,0.019287,-0.981018,7.804,81.2,-1
1783958338.164,2460,555233,0,0.00000000,0.00000000,0.00,0,0,0.11,-0.116,0.1470,0.0980,0.8330,0.8515,0.151672,-0.119263,0.019348,-0.981018,7.802,75.0,-1
1783958338.352,2461,555453,0,0.00000000,0.00000000,0.00,0,0,0.19,-0.064,0.1470,0.6860,1.6170,1.7626,0.151550,-0.119141,0.019226,-0.981079,7.801,72.5,-1
1783958338.600,2462,555672,0,0.00000000,0.00000000,0.00,0,0,0.21,-0.082,0.4900,0.4410,1.5190,1.6559,0.151550,-0.119141,0.019287,-0.981079,7.802,76.2,-1
1783958338.786,2463,555892,0,0.00000000,0.00000000,0.00,0,0,0.30,-0.071,0.7840,-0.0490,1.4210,1.6237,0.151489,-0.118958,0.019348,-0.981079,7.802,75.0,-1
1783958339.033,2464,556139,0,0.00000000,0.00000000,0.00,0,0,0.27,-0.068,0.5390,0.5390,0.3920,0.8571,0.151550,-0.118835,0.019348,-0.981079,7.801,71.2,-1
1783958339.281,2465,556363,0,0.00000000,0.00000000,0.00,0,0,0.29,-0.058,0.6860,0.5880,2.4990,2.6573,0.151550,-0.119019,0.019409,-0.981079,7.801,80.0,-1
1783958339.468,2466,556586,0,0.00000000,0.00000000,0.00,0,0,0.25,-0.064,0.7350,0.3920,1.5680,1.7755,0.151550,-0.119080,0.019531,-0.981079,7.802,73.8,-1
1783958339.717,2467,556806,0,0.00000000,0.00000000,0.00,0,0,0.27,-0.049,0.5390,0.8330,1.1760,1.5386,0.151550,-0.119202,0.019653,-0.981018,7.804,72.5,-1
1783958339.965,2468,557024,0,0.00000000,0.00000000,0.00,0,0,0.15,-0.118,0.3920,0.0490,1.7640,1.8077,0.151611,-0.119263,0.019592,-0.981018,7.802,75.0,-1
1783958340.152,2469,557243,0,0.00000000,0.00000000,0.00,0,0,0.15,-0.118,0.2450,0.7350,1.6170,1.7930,0.151550,-0.119263,0.019470,-0.981018,7.802,76.2,-1
1783958340.402,2470,557468,0,0.00000000,0.00000000,0.00,0,0,0.28,-0.010,0.2940,0.6860,1.5190,1.6925,0.151428,-0.119263,0.019409,-0.981079,7.802,76.2,-1
1783958340.588,2471,557688,0,0.00000000,0.00000000,0.00,0,0,0.39,0.060,0.0490,0.4410,1.1760,1.2569,0.151428,-0.119263,0.019409,-0.981079,7.801,70.0,-1
1783958340.836,2472,557911,0,0.00000000,0.00000000,0.00,0,0,0.38,0.057,0.8330,0.0490,0.4900,0.9677,0.151428,-0.119263,0.019470,-0.981079,7.801,71.2,-1
1783958341.022,2473,558122,0,0.00000000,0.00000000,0.00,0,0,0.39,0.052,0.3920,0.7350,1.2740,1.5222,0.151367,-0.119141,0.019470,-0.981079,7.802,68.8,-1
1783958341.271,2474,558351,0,0.00000000,0.00000000,0.00,0,0,0.32,0.018,0.6370,0.2450,1.8620,1.9831,0.151428,-0.119263,0.019470,-0.981079,7.802,70.0,-1
1783958341.456,2475,558568,0,0.00000000,0.00000000,0.00,0,0,0.33,0.031,0.7840,0.1470,2.4010,2.5300,0.151428,-0.119263,0.019409,-0.981079,7.802,75.0,-1
1783958341.706,2476,558787,0,0.00000000,0.00000000,0.00,0,0,0.30,-0.002,-0.1470,1.4210,1.4700,2.0498,0.151367,-0.119324,0.019409,-0.981079,7.801,72.5,-1
1783958341.893,2477,559011,0,0.00000000,0.00000000,0.00,0,0,0.31,-0.001,0.1470,0.3430,0.6860,0.7809,0.151306,-0.119324,0.019531,-0.981079,7.801,71.2,-1
1783958342.138,2478,559225,0,0.00000000,0.00000000,0.00,0,0,0.39,0.042,0.8330,-0.0490,1.6660,1.8633,0.151306,-0.119385,0.019409,-0.981079,7.802,72.5,-1
1783958342.389,2479,559450,0,0.00000000,0.00000000,0.00,0,0,0.31,-0.010,0.4410,0.3430,1.7150,1.8037,0.151428,-0.119385,0.019348,-0.981018,7.801,77.5,-1
1783958342.576,2480,559674,0,0.00000000,0.00000000,0.00,0,0,0.30,-0.009,0.0980,1.6170,0.4900,1.6925,0.151428,-0.119324,0.019348,-0.981018,7.801,73.8,-1
1783958342.823,2481,559896,0,0.00000000,0.00000000,0.00,0,0,0.38,0.044,0.1960,0.6860,1.5190,1.6782,0.151489,-0.119263,0.019409,-0.981079,7.802,70.0,-1
1783958343.071,2482,560146,0,0.00000000,0.00000000,0.00,0,0,0.38,0.040,0.5390,0.1960,1.5680,1.6696,0.151489,-0.119141,0.019470,-0.981079,7.801,67.5,-1
1783958343.256,2483,560374,0,0.00000000,0.00000000,0.00,0,0,0.33,0.009,0.7840,0.1960,1.6660,1.8517,0.151489,-0.119141,0.019409,-0.981079,7.801,71.2,-1
1783958343.503,2484,560600,0,0.00000000,0.00000000,0.00,0,0,0.37,0.045,0.6860,0.0980,1.5680,1.7143,0.151489,-0.119080,0.019409,-0.981079,7.802,78.8,-1
1783958343.751,2485,560827,0,0.00000000,0.00000000,0.00,0,0,0.26,-0.012,0.2940,0.1470,1.3720,1.4108,0.151489,-0.119019,0.019470,-0.981079,7.802,68.8,-1
1783958343.935,2486,561047,0,0.00000000,0.00000000,0.00,0,0,0.25,-0.026,-0.5390,1.6660,0.0490,1.7517,0.151489,-0.118958,0.019531,-0.981079,7.802,68.8,-1
1783958344.182,2487,561263,0,0.00000000,0.00000000,0.00,0,0,0.28,-0.009,0.1470,0.2940,1.1760,1.2211,0.151428,-0.118896,0.019592,-0.981079,7.802,76.2,-1
1783958344.429,2488,561488,0,0.00000000,0.00000000,0.00,0,0,0.25,-0.021,0.3430,0.8820,2.1560,2.3546,0.151245,-0.118896,0.019714,-0.981140,7.802,71.2,-1
1783958344.614,2489,561706,0,0.00000000,0.00000000,0.00,0,0,0.35,0.045,0.4900,0.4900,2.3030,2.4050,0.151245,-0.118896,0.019714,-0.981140,7.801,70.0,-1
1783958344.862,2490,561925,0,0.00000000,0.00000000,0.00,0,0,0.35,0.044,-0.1470,0.3920,0.8820,0.9763,0.151184,-0.118896,0.019775,-0.981140,7.802,70.0,-1
1783958345.050,2491,562143,0,0.00000000,0.00000000,0.00,0,0,0.30,0.010,-0.1960,0.4900,0.5880,0.7901,0.151123,-0.118896,0.019714,-0.981140,7.802,73.8,-1
1783958345.297,2492,562365,0,0.00000000,0.00000000,0.00,0,0,0.29,0.007,0.3920,0.0490,1.5680,1.6170,0.151123,-0.118958,0.019714,-0.981140,7.802,71.2,-1
1783958345.482,2493,562587,0,0.00000000,0.00000000,0.00,0,0,0.32,0.026,0.4900,0.1470,1.2250,1.3275,0.151123,-0.119019,0.019653,-0.981140,7.801,71.2,-1
1783958345.731,2494,562811,0,0.00000000,0.00000000,0.00,0,0,0.26,-0.003,-0.1960,1.0780,0.5390,1.2211,0.151123,-0.119019,0.019653,-0.981140,7.801,71.2,-1
1783958345.916,2495,563029,0,0.00000000,0.00000000,0.00,0,0,0.33,0.037,0.1960,0.3430,1.7150,1.7599,0.151123,-0.119019,0.019653,-0.981140,7.800,73.8,-1
1783958346.164,2496,563242,0,0.00000000,0.00000000,0.00,0,0,0.38,0.063,0.8820,0.4900,1.1270,1.5127,0.151123,-0.119019,0.019714,-0.981140,7.800,73.8,-1
1783958346.352,2497,563463,0,0.00000000,0.00000000,0.00,0,0,0.30,0.013,0.5390,1.2740,1.2740,1.8806,0.151123,-0.119019,0.019714,-0.981140,7.802,75.0,-1
1783958346.601,2498,563685,0,0.00000000,0.00000000,0.00,0,0,0.34,0.043,0.1960,1.0780,1.1760,1.6073,0.151245,-0.119019,0.019714,-0.981079,7.800,75.0,-1
1783958346.848,2499,563914,0,0.00000000,0.00000000,0.00,0,0,0.26,-0.009,0.5880,0.0000,2.0580,2.1404,0.151245,-0.119019,0.019531,-0.981079,7.802,73.8,-1
1783958347.035,2500,564126,0,0.00000000,0.00000000,0.00,0,0,0.22,-0.027,-0.0490,0.6860,1.1760,1.3623,0.151306,-0.119019,0.019531,-0.981079,7.802,75.0,-1
1783958347.284,2501,564347,0,0.00000000,0.00000000,0.00,0,0,0.41,0.097,0.4900,0.2940,1.9600,2.0416,0.151367,-0.119019,0.019470,-0.981079,7.804,73.8,-1
1783958347.471,2502,564573,0,0.00000000,0.00000000,0.00,0,0,0.37,0.065,0.5880,0.2940,1.3230,1.4773,0.151428,-0.118958,0.019409,-0.981079,7.805,71.2,-1
1783958347.718,2503,564791,0,0.00000000,0.00000000,0.00,0,0,0.25,-0.009,0.5390,0.8330,1.7150,1.9813,0.151428,-0.118835,0.019409,-0.981079,7.802,71.2,-1
1783958347.903,2504,565012,0,0.00000000,0.00000000,0.00,0,0,0.36,0.059,0.4900,0.4900,1.9110,2.0328,0.151428,-0.118835,0.019409,-0.981140,7.805,72.5,-1
1783958348.151,2505,565227,0,0.00000000,0.00000000,0.00,0,0,0.32,0.049,0.0490,0.8820,1.6170,1.8426,0.151428,-0.118835,0.019409,-0.981140,7.802,76.2,-1
1783958348.337,2506,565450,0,0.00000000,0.00000000,0.00,0,0,0.45,0.131,0.6860,0.6370,2.3030,2.4860,0.151428,-0.118835,0.019409,-0.981140,7.802,73.8,-1
1783958348.585,2507,565677,0,0.00000000,0.00000000,0.00,0,0,0.39,0.093,0.1470,1.0780,1.4210,1.7897,0.151367,-0.118835,0.019348,-0.981140,7.804,75.0,-1
1783958348.834,2508,565907,0,0.00000000,0.00000000,0.00,0,0,0.24,-0.005,0.6860,0.3920,1.3230,1.5410,0.151428,-0.118835,0.019409,-0.981140,7.802,75.0,-1
1783958349.081,2509,566152,0,0.00000000,0.00000000,0.00,0,0,0.31,0.019,0.4410,0.1960,2.2050,2.2572,0.151428,-0.118835,0.019409,-0.981140,7.804,75.0,-1
1783958349.265,2510,566375,0,0.00000000,0.00000000,0.00,0,0,0.29,0.007,0.0490,0.6370,1.0290,1.2112,0.151428,-0.118774,0.019409,-0.981140,7.804,76.2,-1
1783958349.513,2511,566597,0,0.00000000,0.00000000,0.00,0,0,0.38,0.071,0.3430,0.5880,1.8130,1.9366,0.151428,-0.118774,0.019409,-0.981140,7.804,78.8,-1
1783958349.762,2512,566822,0,0.00000000,0.00000000,0.00,0,0,0.31,0.034,0.4410,0.0980,1.4210,1.4911,0.151428,-0.118774,0.019409,-0.981140,7.801,72.5,-1
1783958349.948,2513,567049,0,0.00000000,0.00000000,0.00,0,0,0.30,0.018,0.2450,0.7840,0.4410,0.9323,0.151428,-0.118774,0.019409,-0.981140,7.801,73.8,-1
1783958350.199,2514,567267,0,0.00000000,0.00000000,0.00,0,0,0.31,0.021,0.2940,0.4410,1.0290,1.1575,0.151428,-0.118713,0.019409,-0.981140,7.802,78.8,-1
1783958350.385,2515,567489,0,0.00000000,0.00000000,0.00,0,0,0.32,0.013,0.1960,0.5390,1.7640,1.8549,0.151428,-0.118774,0.019409,-0.981140,7.804,76.2,-1
1783958350.633,2516,567711,0,0.00000000,0.00000000,0.00,0,0,0.35,0.042,-0.0490,1.4700,1.0780,1.8236,0.151428,-0.118713,0.019409,-0.981140,7.802,75.0,-1
1783958350.820,2517,567929,0,0.00000000,0.00000000,0.00,0,0,0.36,0.065,0.1960,0.5390,1.5190,1.6237,0.151428,-0.118774,0.019409,-0.981140,7.802,78.8,-1
1783958351.069,2518,568141,0,0.00000000,0.00000000,0.00,0,0,0.32,0.020,0.0490,0.1960,2.5480,2.5560,0.151428,-0.118774,0.019409,-0.981140,7.802,72.5,-1
1783958351.254,2519,568363,0,0.00000000,0.00000000,0.00,0,0,0.29,-0.011,0.0980,0.6860,1.6660,1.8044,0.151428,-0.118774,0.019409,-0.981140,7.804,71.2,-1
1783958351.506,2520,568581,0,0.00000000,0.00000000,0.00,0,0,0.39,0.053,0.2940,0.1960,1.2250,1.2749,0.151367,-0.118774,0.019409,-0.981140,7.802,77.5,-1
1783958351.694,2521,568803,0,0.00000000,0.00000000,0.00,0,0,0.23,-0.059,-0.0980,0.7840,0.9800,1.2588,0.151428,-0.118774,0.019470,-0.981140,7.802,73.8,-1
1783958351.946,2522,569022,0,0.00000000,0.00000000,0.00,0,0,0.33,0.009,0.2450,0.2940,1.0780,1.1439,0.151428,-0.118896,0.019409,-0.981079,7.804,73.8,-1
1783958352.131,2523,569236,0,0.00000000,0.00000000,0.00,0,0,0.41,0.051,1.0780,1.1270,2.5970,3.0293,0.151306,-0.118958,0.019348,-0.981079,7.804,73.8,-1
1783958352.376,2524,569456,0,0.00000000,0.00000000,0.00,0,0,0.26,-0.061,0.5880,0.2450,1.9110,2.0144,0.151367,-0.118958,0.019409,-0.981079,7.802,73.8,-1
1783958352.625,2525,569685,0,0.00000000,0.00000000,0.00,0,0,0.37,0.022,0.3430,0.3430,1.3230,1.4091,0.151428,-0.118958,0.019470,-0.981079,7.801,72.5,-1
1783958352.813,2526,569906,0,0.00000000,0.00000000,0.00,0,0,0.35,0.014,0.7350,0.1960,1.6170,1.7870,0.151428,-0.118896,0.019470,-0.981079,7.804,75.0,-1
1783958353.059,2527,570125,0,0.00000000,0.00000000,0.00,0,0,0.43,0.051,0.2450,0.6860,1.6170,1.7735,0.151428,-0.118896,0.019470,-0.981079,7.801,75.0,-1
1783958353.248,2528,570347,0,0.00000000,0.00000000,0.00,0,0,0.34,0.013,0.4410,0.2940,1.0290,1.1575,0.151428,-0.118958,0.019409,-0.981079,7.802,72.5,-1
1783958353.498,2529,570566,0,0.00000000,0.00000000,0.00,0,0,0.19,-0.081,0.6860,0.0980,2.0090,2.1252,0.151428,-0.118896,0.019409,-0.981079,7.801,75.0,-1
1783958353.686,2530,570785,0,0.00000000,0.00000000,0.00,0,0,0.32,0.008,0.7840,0.6860,2.0580,2.3066,0.151428,-0.118896,0.019409,-0.981079,7.802,75.0,-1
1783958353.934,2531,571008,0,0.00000000,0.00000000,0.00,0,0,0.21,-0.047,0.3430,0.6860,1.2740,1.4871,0.151428,-0.118835,0.019409,-0.981079,7.802,73.8,-1
1783958354.120,2532,571221,0,0.00000000,0.00000000,0.00,0,0,0.32,0.050,0.2450,0.2450,1.3230,1.3676,0.151428,-0.118835,0.019409,-0.981079,7.801,71.2,-1
1783958354.365,2533,571447,0,0.00000000,0.00000000,0.00,0,0,0.30,0.016,0.4410,0.3430,0.8820,1.0441,0.151428,-0.118835,0.019409,-0.981079,7.804,75.0,-1
1783958354.554,2534,571667,0,0.00000000,0.00000000,0.00,0,0,0.36,0.047,0.1470,0.4900,1.5680,1.6493,0.151428,-0.118835,0.019409,-0.981140,7.802,73.8,-1
1783958354.803,2535,571889,0,0.00000000,0.00000000,0.00,0,0,0.38,0.050,0.0980,0.5390,0.8820,1.0383,0.151428,-0.118896,0.019409,-0.981079,7.802,73.8,-1
1783958355.053,2536,572134,0,0.00000000,0.00000000,0.00,0,0,0.39,0.045,0.2450,0.4410,0.5880,0.7748,0.151428,-0.118835,0.019409,-0.981079,7.804,76.2,-1
1783958355.302,2537,572360,0,0.00000000,0.00000000,0.00,0,0,0.39,0.037,0.6860,0.1960,1.6660,1.8123,0.151428,-0.118835,0.019470,-0.981140,7.802,77.5,-1
1783958355.488,2538,572582,0,0.00000000,0.00000000,0.00,0,0,0.39,0.052,0.7350,0.3430,1.6170,1.8090,0.151367,-0.118896,0.019470,-0.981140,7.804,70.0,-1
1783958355.739,2539,572804,0,0.00000000,0.00000000,0.00,0,0,0.36,0.010,0.6860,1.1270,1.7640,2.2028,0.151428,-0.118958,0.019470,-0.981079,7.802,75.0,-1
1783958355.927,2540,573031,0,0.00000000,0.00000000,0.00,0,0,0.38,0.036,0.7350,0.6860,1.7640,2.0304,0.151306,-0.119019,0.019470,-0.981079,7.802,77.5,-1
1783958356.172,2541,573248,0,0.00000000,0.00000000,0.00,0,0,0.41,0.048,-0.1470,0.5390,0.8820,1.0441,0.151306,-0.119202,0.019470,-0.981079,7.801,75.0,-1
1783958356.360,2542,573473,0,0.00000000,0.00000000,0.00,0,0,0.34,-0.008,0.4900,0.0980,1.5680,1.6457,0.151306,-0.119263,0.019409,-0.981079,7.802,73.8,-1
1783958356.607,2543,573694,0,0.00000000,0.00000000,0.00,0,0,0.34,0.001,-0.0980,0.5880,1.0290,1.1892,0.151306,-0.119263,0.019409,-0.981079,7.802,76.2,-1
1783958356.795,2544,573912,0,0.00000000,0.00000000,0.00,0,0,0.34,0.007,0.1960,0.7350,1.1760,1.4006,0.151306,-0.119202,0.019287,-0.981079,7.804,73.8,-1
1783958357.044,2545,574128,0,0.00000000,0.00000000,0.00,0,0,0.19,-0.079,0.5390,0.1470,1.5190,1.6185,0.151306,-0.119141,0.019226,-0.981079,7.802,76.2,-1
1783958357.293,2546,574352,0,0.00000000,0.00000000,0.00,0,0,0.23,-0.050,0.1960,1.0290,1.3720,1.7262,0.151306,-0.119202,0.019226,-0.981079,7.801,76.2,-1
1783958357.480,2547,574576,0,0.00000000,0.00000000,0.00,0,0,0.34,0.033,0.2450,0.5880,1.7150,1.8295,0.151306,-0.119263,0.019226,-0.981079,7.802,72.5,-1
1783958357.730,2548,574796,0,0.00000000,0.00000000,0.00,0,0,0.27,-0.015,-0.5880,1.9110,0.9800,2.2267,0.151245,-0.119263,0.019226,-0.981079,7.802,72.5,-1
1783958357.914,2549,575014,0,0.00000000,0.00000000,0.00,0,0,0.30,0.004,0.6370,1.6170,1.2740,2.1549,0.151245,-0.119202,0.019165,-0.981079,7.801,75.0,-1
1783958358.164,2550,575228,0,0.00000000,0.00000000,0.00,0,0,0.28,0.011,0.1470,1.6170,2.1070,2.6600,0.151245,-0.119141,0.019104,-0.981079,7.804,76.2,-1
1783958358.350,2551,575448,0,0.00000000,0.00000000,0.00,0,0,0.33,0.037,0.5880,0.5390,1.6170,1.8030,0.151245,-0.119080,0.019104,-0.981140,7.802,76.2,-1
1783958358.599,2552,575666,0,0.00000000,0.00000000,0.00,0,0,0.29,0.004,0.2450,0.6860,1.6170,1.7735,0.151245,-0.119019,0.019043,-0.981140,7.801,71.2,-1
1783958358.786,2553,575887,0,0.00000000,0.00000000,0.00,0,0,0.24,-0.032,0.9310,0.6860,1.6170,1.9880,0.151245,-0.119019,0.019043,-0.981140,7.801,72.5,-1
1783958359.036,2554,576135,0,0.00000000,0.00000000,0.00,0,0,0.36,0.024,-0.0490,1.0780,0.2940,1.1184,0.151245,-0.119019,0.019043,-0.981140,7.804,73.8,-1
1783958359.285,2555,576360,0,0.00000000,0.00000000,0.00,0,0,0.31,0.002,-0.0980,0.7840,1.4210,1.6259,0.151245,-0.119019,0.018982,-0.981140,7.802,71.2,-1
1783958359.470,2556,576580,0,0.00000000,0.00000000,0.00,0,0,0.31,-0.004,0.6860,1.6660,1.4700,2.3253,0.151184,-0.119019,0.019043,-0.981140,7.804,71.2,-1
1783958359.716,2557,576798,0,0.00000000,0.00000000,0.00,0,0,0.32,-0.003,0.8820,0.6860,-0.0490,1.1184,0.151123,-0.119080,0.019104,-0.981140,7.802,72.5,-1
1783958359.903,2558,577020,0,0.00000000,0.00000000,0.00,0,0,0.18,-0.090,0.0980,1.1270,1.2740,1.7038,0.151184,-0.119019,0.019104,-0.981140,7.801,75.0,-1
1783958360.151,2559,577237,0,0.00000000,0.00000000,0.00,0,0,0.24,-0.031,0.4410,0.9800,2.0580,2.3217,0.151245,-0.119080,0.019043,-0.981140,7.802,70.0,-1
1783958360.400,2560,577460,0,0.00000000,0.00000000,0.00,0,0,0.28,-0.006,0.5880,1.0290,1.5190,1.9266,0.151184,-0.119080,0.019165,-0.981140,7.801,73.8,-1
1783958360.585,2561,577681,0,0.00000000,0.00000000,0.00,0,0,0.43,0.084,-0.0980,0.8820,0.6370,1.0924,0.151184,-0.119080,0.019226,-0.981140,7.800,71.2,-1
1783958360.831,2562,577901,0,0.00000000,0.00000000,0.00,0,0,0.40,0.053,1.3230,0.4900,1.7640,2.2588,0.151184,-0.119080,0.019287,-0.981140,7.802,72.5,-1
1783958361.076,2563,578149,0,0.00000000,0.00000000,0.00,0,0,0.43,0.040,0.6370,0.0980,2.4010,2.4860,0.151184,-0.119080,0.019287,-0.981140,7.801,72.5,-1
1783958361.263,2564,578375,0,0.00000000,0.00000000,0.00,0,0,0.37,0.001,-0.1470,0.5880,0.3430,0.6964,0.151184,-0.119080,0.019348,-0.981140,7.802,68.8,-1
1783958361.511,2565,578596,0,0.00000000,0.00000000,0.00,0,0,0.31,-0.033,0.5390,0.6860,1.1760,1.4643,0.151184,-0.119080,0.019348,-0.981140,7.801,75.0,-1
1783958361.760,2566,578819,0,0.00000000,0.00000000,0.00,0,0,0.34,-0.016,0.6370,1.2740,1.3720,1.9777,0.151184,-0.119080,0.019348,-0.981140,7.802,73.8,-1
1783958361.948,2567,579043,0,0.00000000,0.00000000,0.00,0,0,0.31,-0.038,-0.4410,0.2450,1.2740,1.3702,0.151184,-0.119080,0.019348,-0.981140,7.802,71.2,-1
1783958362.195,2568,579253,0,0.00000000,0.00000000,0.00,0,0,0.39,0.017,-0.2450,1.2250,0.6370,1.4023,0.151184,-0.119080,0.019348,-0.981140,7.801,76.2,-1
1783958362.381,2569,579476,0,0.00000000,0.00000000,0.00,0,0,0.26,-0.069,0.1470,0.8820,1.6660,1.8908,0.151184,-0.119080,0.019348,-0.981140,7.801,71.2,-1
1783958362.630,2570,579696,0,0.00000000,0.00000000,0.00,0,0,0.42,0.030,0.3430,0.4900,0.5390,0.8052,0.151184,-0.119080,0.019348,-0.981140,7.804,71.2,-1
1783958362.816,2571,579917,0,0.00000000,0.00000000,0.00,0,0,0.39,0.001,0.6860,0.9800,2.2050,2.5086,0.151184,-0.119080,0.019409,-0.981140,7.801,70.0,-1
1783958363.066,2572,580131,0,0.00000000,0.00000000,0.00,0,0,0.49,0.028,0.0490,-0.2450,1.8620,1.8787,0.151184,-0.119080,0.019409,-0.981140,7.801,70.0,-1
1783958363.252,2573,580355,0,0.00000000,0.00000000,0.00,0,0,0.27,-0.105,0.0490,0.7350,1.8620,2.0024,0.151184,-0.119080,0.019409,-0.981140,7.802,75.0,-1
1783958363.499,2574,580581,0,0.00000000,0.00000000,0.00,0,0,0.39,-0.033,0.6860,1.3230,1.7640,2.3092,0.151184,-0.119080,0.019409,-0.981140,7.804,72.5,-1
1783958363.748,2575,580807,0,0.00000000,0.00000000,0.00,0,0,0.48,0.033,0.1470,1.5190,1.6660,2.2593,0.151184,-0.119141,0.019409,-0.981079,7.802,73.8,-1
1783958363.933,2576,581031,0,0.00000000,0.00000000,0.00,0,0,0.33,-0.054,0.5880,0.0000,1.8620,1.9526,0.151184,-0.119141,0.019409,-0.981140,7.801,70.0,-1
1783958364.182,2577,581247,0,0.00000000,0.00000000,0.00,0,0,0.44,-0.001,0.0980,0.5880,1.3230,1.4511,0.151184,-0.119080,0.019409,-0.981140,7.804,72.5,-1
1783958364.369,2578,581469,0,0.00000000,0.00000000,0.00,0,0,0.43,-0.011,1.3230,0.4900,1.1760,1.8367,0.151184,-0.119080,0.019409,-0.981140,7.801,71.2,-1
1783958364.615,2579,581691,0,0.00000000,0.00000000,0.00,0,0,0.47,0.010,0.3920,0.6370,1.2740,1.4773,0.151184,-0.119080,0.019409,-0.981140,7.801,68.8,-1
1783958364.800,2580,581910,0,0.00000000,0.00000000,0.00,0,0,0.45,0.004,-0.2940,1.4700,1.0780,1.8465,0.151184,-0.119080,0.019409,-0.981140,7.802,72.5,-1
1783958365.049,2581,582118,0,0.00000000,0.00000000,0.00,0,0,0.50,0.009,-0.0490,0.5880,0.7350,0.9425,0.151184,-0.119080,0.019409,-0.981140,7.801,72.5,-1
1783958365.237,2582,582320,0,0.00000000,0.00000000,0.00,0,0,0.45,-0.009,-1.2250,1.4700,-0.2450,1.9291,0.151184,-0.119080,0.019409,-0.981140,7.801,78.8,-1
1783958365.487,2583,582544,0,0.00000000,0.00000000,0.00,0,0,0.33,-0.083,0.5390,0.2450,1.8130,1.9072,0.151184,-0.119080,0.019348,-0.981140,7.801,70.0,-1
1783958365.673,2584,582770,0,0.00000000,0.00000000,0.00,0,0,0.40,-0.033,0.1470,0.3430,1.4210,1.4692,0.151184,-0.119080,0.019409,-0.981140,7.800,72.5,-1
1783958365.923,2585,582993,0,0.00000000,0.00000000,0.00,0,0,0.49,0.029,0.4900,0.8820,1.4210,1.7428,0.151184,-0.119080,0.019409,-0.981140,7.802,70.0,-1
1783958366.110,2586,583208,0,0.00000000,0.00000000,0.00,0,0,0.45,0.011,-0.3430,1.5680,0.3920,1.6523,0.151184,-0.119080,0.019409,-0.981140,7.801,71.2,-1
1783958366.359,2587,583434,0,0.00000000,0.00000000,0.00,0,0,0.43,-0.001,0.5390,0.0000,0.9310,1.0758,0.151184,-0.119080,0.019409,-0.981140,7.802,67.5,-1
1783958366.544,2588,583656,0,0.00000000,0.00000000,0.00,0,0,0.45,0.005,0.8330,0.8330,2.0580,2.3713,0.151184,-0.119080,0.019409,-0.981140,7.802,71.2,-1
1783958366.793,2589,583878,0,0.00000000,0.00000000,0.00,0,0,0.61,0.100,0.0000,0.6370,1.8130,1.9216,0.151184,-0.119080,0.019409,-0.981140,7.801,68.8,-1
1783958367.043,2590,584127,0,0.00000000,0.00000000,0.00,0,0,0.37,-0.066,0.5880,0.3430,2.0090,2.1212,0.151184,-0.119080,0.019409,-0.981140,7.800,76.2,-1
1783958367.292,2591,584353,0,0.00000000,0.00000000,0.00,0,0,0.38,-0.050,0.6370,0.1960,1.2740,1.4378,0.151184,-0.119080,0.019409,-0.981140,7.801,76.2,-1
1783958367.479,2592,584577,0,0.00000000,0.00000000,0.00,0,0,0.40,-0.015,0.5880,0.5390,1.5190,1.7157,0.151184,-0.119080,0.019409,-0.981140,7.801,67.5,-1
1783958367.727,2593,584800,0,0.00000000,0.00000000,0.00,0,0,0.45,0.019,0.6370,0.6860,2.2050,2.3955,0.151184,-0.119080,0.019409,-0.981140,7.800,72.5,-1
1783958367.913,2594,585027,0,0.00000000,0.00000000,0.00,0,0,0.32,-0.058,0.2450,0.5880,1.7640,1.8755,0.151184,-0.119080,0.019409,-0.981140,7.802,75.0,-1
1783958368.162,2595,585243,0,0.00000000,0.00000000,0.00,0,0,0.36,-0.033,0.0000,0.7840,0.7350,1.0747,0.151184,-0.119080,0.019409,-0.981140,7.802,75.0,-1
1783958368.411,2596,585470,0,0.00000000,0.00000000,0.00,0,0,0.35,-0.038,0.4900,1.1760,0.9310,1.5779,0.151184,-0.119141,0.019409,-0.981140,7.801,73.8,-1
1783958368.598,2597,585692,0,0.00000000,0.00000000,0.00,0,0,0.36,-0.021,0.3920,0.3430,1.0290,1.1533,0.151184,-0.119141,0.019409,-0.981140,7.801,76.2,-1
1783958368.848,2598,585917,0,0.00000000,0.00000000,0.00,0,0,0.44,0.029,0.1960,0.5390,1.8620,1.9483,0.151245,-0.119202,0.019409,-0.981079,7.801,70.0,-1
1783958369.036,2599,586132,0,0.00000000,0.00000000,0.00,0,0,0.34,-0.039,0.1960,0.4900,1.2740,1.3790,0.151367,-0.119202,0.019348,-0.981079,7.800,73.8,-1
1783958369.286,2600,586348,0,0.00000000,0.00000000,0.00,0,0,0.39,-0.004,-0.1470,-0.3920,1.6170,1.6703,0.151428,-0.119263,0.019165,-0.981079,7.801,78.8,-1
1783958369.471,2601,586572,0,0.00000000,0.00000000,0.00,0,0,0.40,-0.016,0.9310,1.1760,2.1070,2.5863,0.151489,-0.119263,0.019165,-0.981079,7.801,75.0,-1
1783958369.720,2602,586789,0,0.00000000,0.00000000,0.00,0,0,0.36,-0.034,0.4900,0.0490,0.9310,1.0532,0.151550,-0.119202,0.019165,-0.981018,7.801,77.5,-1
1783958369.908,2603,587013,0,0.00000000,0.00000000,0.00,0,0,0.39,-0.016,-0.1470,0.5390,0.6860,0.8847,0.151550,-0.119202,0.019165,-0.981018,7.801,71.2,-1
1783958370.157,2604,587233,0,0.00000000,0.00000000,0.00,0,0,0.26,-0.077,0.4410,1.2250,0.7840,1.5198,0.151550,-0.119141,0.019226,-0.981079,7.801,73.8,-1
1783958370.343,2605,587454,0,0.00000000,0.00000000,0.00,0,0,0.39,0.030,0.0980,0.4900,1.6660,1.7393,0.151611,-0.119141,0.019348,-0.981018,7.801,76.2,-1
1783958370.591,2606,587675,0,0.00000000,0.00000000,0.00,0,0,0.32,-0.016,0.5390,0.9800,0.4900,1.2211,0.151611,-0.119141,0.019348,-0.981018,7.802,76.2,-1
1783958370.778,2607,587891,0,0.00000000,0.00000000,0.00,0,0,0.30,-0.026,0.4410,0.2450,1.1760,1.2796,0.151611,-0.119141,0.019348,-0.981018,7.801,76.2,-1
1783958371.029,2608,588137,0,0.00000000,0.00000000,0.00,0,0,0.32,-0.003,0.1960,0.3430,2.0580,2.0956,0.151550,-0.119202,0.019409,-0.981018,7.802,70.0,-1
1783958371.280,2609,588363,0,0.00000000,0.00000000,0.00,0,0,0.24,-0.057,0.3920,0.2940,1.4700,1.5495,0.151489,-0.119324,0.019409,-0.981018,7.801,75.0,-1
1783958371.528,2610,588585,0,0.00000000,0.00000000,0.00,0,0,0.38,0.036,0.4900,0.6370,1.8130,1.9831,0.151489,-0.119385,0.019348,-0.981018,7.801,76.2,-1
1783958371.712,2611,588806,0,0.00000000,0.00000000,0.00,0,0,0.38,0.041,0.5880,0.4410,1.4210,1.5998,0.151428,-0.119385,0.019287,-0.981018,7.801,76.2,-1
1783958371.958,2612,589028,0,0.00000000,0.00000000,0.00,0,0,0.43,0.068,0.9310,-0.1960,2.8420,2.9970,0.151428,-0.119385,0.019226,-0.981018,7.801,72.5,-1
1783958372.147,2613,589239,0,0.00000000,0.00000000,0.00,0,0,0.30,-0.017,0.2940,0.4410,0.7840,0.9463,0.151428,-0.119385,0.019226,-0.981018,7.799,76.2,-1
1783958372.396,2614,589466,0,0.00000000,0.00000000,0.00,0,0,0.43,0.077,0.1470,0.8330,1.4700,1.6960,0.151489,-0.119324,0.019348,-0.981018,7.800,76.2,-1
1783958372.582,2615,589692,0,0.00000000,0.00000000,0.00,0,0,0.30,-0.017,0.2450,0.8820,1.5190,1.7735,0.151489,-0.119263,0.019348,-0.981079,7.800,71.2,-1
1783958372.829,2616,589917,0,0.00000000,0.00000000,0.00,0,0,0.37,0.027,0.1470,0.4900,1.7640,1.8367,0.151489,-0.119263,0.019287,-0.981079,7.800,75.0,-1
1783958373.014,2617,590130,0,0.00000000,0.00000000,0.00,0,0,0.30,-0.037,0.3430,0.5390,1.8130,1.9223,0.151489,-0.119202,0.019348,-0.981079,7.801,72.5,-1
1783958373.263,2618,590347,0,0.00000000,0.00000000,0.00,0,0,0.19,-0.103,0.6370,0.6860,1.2250,1.5417,0.151489,-0.119202,0.019348,-0.981079,7.802,76.2,-1
1783958373.514,2619,590571,0,0.00000000,0.00000000,0.00,0,0,0.42,0.049,0.0490,0.7350,1.0290,1.2655,0.151489,-0.119202,0.019409,-0.981079,7.801,66.2,-1
1783958373.700,2620,590789,0,0.00000000,0.00000000,0.00,0,0,0.30,-0.035,0.2940,0.7840,1.6170,1.8209,0.151489,-0.119202,0.019348,-0.981079,7.802,75.0,-1
1783958373.948,2621,591012,0,0.00000000,0.00000000,0.00,0,0,0.31,-0.028,0.1960,0.6370,1.1760,1.3517,0.151489,-0.119263,0.019409,-0.981079,7.801,72.5,-1
1783958374.136,2622,591224,0,0.00000000,0.00000000,0.00,0,0,0.32,-0.033,0.1470,1.3720,1.6170,2.1257,0.151428,-0.119324,0.019348,-0.981079,7.804,75.0,-1
1783958374.383,2623,591449,0,0.00000000,0.00000000,0.00,0,0,0.34,-0.023,0.2450,0.6370,1.6170,1.7551,0.151428,-0.119263,0.019287,-0.981079,7.802,77.5,-1
1783958374.572,2624,591671,0,0.00000000,0.00000000,0.00,0,0,0.38,-0.001,0.6370,0.6370,0.5880,1.0758,0.151489,-0.119324,0.019226,-0.981018,7.802,77.5,-1
1783958374.819,2625,591891,0,0.00000000,0.00000000,0.00,0,0,0.39,0.014,0.4410,0.4410,1.9600,2.0568,0.151489,-0.119263,0.019348,-0.981018,7.801,76.2,-1
1783958375.066,2626,592137,0,0.00000000,0.00000000,0.00,0,0,0.48,0.042,0.4410,-0.2450,0.9310,1.0589,0.151489,-0.119202,0.019287,-0.981079,7.802,66.2,-1
1783958375.252,2627,592362,0,0.00000000,0.00000000,0.00,0,0,0.42,0.009,0.3430,0.5390,1.5680,1.6932,0.151489,-0.119263,0.019287,-0.981079,7.804,81.2,-1
1783958375.497,2628,592584,0,0.00000000,0.00000000,0.00,0,0,0.55,0.089,0.0000,0.5880,1.7150,1.8130,0.151489,-0.119324,0.019165,-0.981018,7.804,77.5,-1
1783958375.747,2629,592806,0,0.00000000,0.00000000,0.00,0,0,0.50,0.030,0.6860,0.3430,1.5680,1.7455,0.151489,-0.119385,0.019165,-0.981018,7.801,77.5,-1
1783958375.930,2630,593024,0,0.00000000,0.00000000,0.00,0,0,0.49,0.013,-0.0980,0.8820,1.2740,1.5526,0.151550,-0.119385,0.019287,-0.981018,7.802,76.2,-1
1783958376.180,2631,593239,0,0.00000000,0.00000000,0.00,0,0,0.61,0.081,0.8820,0.6370,2.2540,2.5028,0.151611,-0.119263,0.019226,-0.981018,7.802,71.2,-1
1783958376.367,2632,593468,0,0.00000000,0.00000000,0.00,0,0,0.52,0.016,0.2940,0.6370,1.5680,1.7178,0.151611,-0.119141,0.019348,-0.981018,7.804,73.8,-1
1783958376.618,2633,593686,0,0.00000000,0.00000000,0.00,0,0,0.62,0.093,0.2940,0.2450,1.6660,1.7094,0.151611,-0.119141,0.019409,-0.981018,7.801,78.8,-1
1783958376.803,2634,593906,0,0.00000000,0.00000000,0.00,0,0,0.57,0.065,-0.0980,0.0000,0.7840,0.7901,0.151550,-0.119019,0.019409,-0.981079,7.801,75.0,-1
1783958377.052,2635,594151,0,0.00000000,0.00000000,0.00,0,0,0.63,0.087,0.4410,0.6370,1.5680,1.7490,0.151611,-0.119141,0.019470,-0.981018,7.802,76.2,-1
1783958377.298,2636,594378,0,0.00000000,0.00000000,0.00,0,0,0.46,-0.039,0.1960,0.3430,0.9800,1.0566,0.151611,-0.119141,0.019409,-0.981018,7.802,70.0,-1
1783958377.485,2637,594599,0,0.00000000,0.00000000,0.00,0,0,0.61,0.062,0.3920,0.5390,0.4900,0.8272,0.151611,-0.119080,0.019470,-0.981018,7.804,78.8,-1
1783958377.734,2638,594823,0,0.00000000,0.00000000,0.00,0,0,0.48,-0.033,0.4410,0.7840,0.8820,1.2598,0.151672,-0.119080,0.019531,-0.981018,7.805,73.8,-1
1783958377.981,2639,595051,0,0.00000000,0.00000000,0.00,0,0,0.55,0.025,0.6860,0.0980,2.1560,2.2646,0.151611,-0.119019,0.019592,-0.981079,7.804,77.5,-1
1783958378.169,2640,595265,0,0.00000000,0.00000000,0.00,0,0,0.46,-0.034,0.4410,0.1960,1.6170,1.6875,0.151550,-0.119019,0.019531,-0.981079,7.804,77.5,-1
1783958378.416,2641,595492,0,0.00000000,0.00000000,0.00,0,0,0.53,0.016,0.4410,0.4410,1.0290,1.2032,0.151550,-0.119019,0.019409,-0.981079,7.802,72.5,-1
1783958378.603,2642,595710,0,0.00000000,0.00000000,0.00,0,0,0.54,0.015,0.5880,0.8820,2.3030,2.5352,0.151611,-0.119019,0.019287,-0.981079,7.802,80.0,-1
1783958378.851,2643,595931,0,0.00000000,0.00000000,0.00,0,0,0.47,-0.012,0.5390,0.5880,1.6170,1.8030,0.151550,-0.119019,0.019348,-0.981079,7.804,73.8,-1
1783958379.040,2644,596147,0,0.00000000,0.00000000,0.00,0,0,0.51,0.019,-0.0490,0.4900,0.9800,1.0968,0.151672,-0.119202,0.019226,-0.981018,7.801,73.8,-1
1783958379.288,2645,596373,0,0.00000000,0.00000000,0.00,0,0,0.49,0.027,0.2940,0.8820,0.7840,1.2161,0.151733,-0.119141,0.019226,-0.981018,7.802,75.0,-1
1783958379.474,2646,596590,0,0.00000000,0.00000000,0.00,0,0,0.53,0.060,0.9310,0.6860,1.0780,1.5810,0.151733,-0.119385,0.019287,-0.981018,7.801,77.5,-1
1783958379.722,2647,596813,0,0.00000000,0.00000000,0.00,0,0,0.45,0.007,0.4900,0.1470,1.3230,1.4185,0.151855,-0.119385,0.019226,-0.980957,7.801,78.8,-1
1783958379.972,2648,597032,0,0.00000000,0.00000000,0.00,0,0,0.44,0.015,0.2940,0.5880,1.4210,1.5657,0.151855,-0.119385,0.019287,-0.980957,7.802,78.8,-1
1783958380.157,2649,597252,0,0.00000000,0.00000000,0.00,0,0,0.44,-0.005,0.4410,0.1960,1.3230,1.4083,0.151794,-0.119324,0.019348,-0.981018,7.804,80.0,-1
1783958380.407,2650,597477,0,0.00000000,0.00000000,0.00,0,0,0.35,-0.069,0.4410,-0.9800,0.8330,1.3597,0.151733,-0.119263,0.019287,-0.981018,7.802,75.0,-1
1783958380.593,2651,597703,0,0.00000000,0.00000000,0.00,0,0,0.39,-0.049,0.3920,0.1960,1.7150,1.7701,0.151672,-0.119141,0.019287,-0.981018,7.804,73.8,-1
1783958380.840,2652,597925,0,0.00000000,0.00000000,0.00,0,0,0.51,0.054,0.2940,0.5390,2.0090,2.1007,0.151611,-0.119141,0.019226,-0.981018,7.805,73.8,-1
1783958381.086,2653,598144,0,0.00000000,0.00000000,0.00,0,0,0.43,-0.007,-0.0490,0.3920,1.1270,1.1942,0.151672,-0.119141,0.019226,-0.981018,7.804,76.2,-1
1783958381.273,2654,598368,0,0.00000000,0.00000000,0.00,0,0,0.31,-0.066,0.0490,0.8820,1.4210,1.6732,0.151672,-0.119202,0.019348,-0.981018,7.802,77.5,-1
1783958381.522,2655,598592,0,0.00000000,0.00000000,0.00,0,0,0.49,0.041,0.0000,0.7350,0.9800,1.2250,0.151672,-0.119202,0.019287,-0.981018,7.801,76.2,-1
1783958381.708,2656,598817,0,0.00000000,0.00000000,0.00,0,0,0.42,-0.014,0.1470,0.8330,1.3720,1.6118,0.151672,-0.119141,0.019470,-0.981018,7.801,72.5,-1
1783958381.955,2657,599038,0,0.00000000,0.00000000,0.00,0,0,0.45,0.001,0.3920,0.5390,1.8130,1.9316,0.151672,-0.119202,0.019470,-0.981018,7.804,75.0,-1
1783958382.141,2658,599258,0,0.00000000,0.00000000,0.00,0,0,0.44,0.022,-0.0980,0.4410,0.8330,0.9476,0.151794,-0.119202,0.019409,-0.981018,7.802,72.5,-1
1783958382.390,2659,599480,0,0.00000000,0.00000000,0.00,0,0,0.48,0.053,0.1470,0.6860,0.8820,1.1270,0.151794,-0.119202,0.019470,-0.981018,7.804,75.0,-1
1783958382.640,2660,599701,0,0.00000000,0.00000000,0.00,0,0,0.58,0.122,0.9310,0.4900,2.3520,2.5766,0.151855,-0.119202,0.019470,-0.981018,7.804,75.0,-1
1783958382.826,2661,599901,0,0.00000000,0.00000000,0.00,0,0,0.49,0.069,-0.4410,0.7350,1.2740,1.5355,0.151794,-0.119141,0.019531,-0.981018,7.802,73.8,-1
1783958383.075,2662,600146,0,0.00000000,0.00000000,0.00,0,0,0.52,0.056,0.2450,-0.0490,1.0290,1.0589,0.151794,-0.119141,0.019592,-0.981018,7.801,73.8,-1
1783958383.261,2663,600373,0,0.00000000,0.00000000,0.00,0,0,0.55,0.081,0.6860,0.0490,2.3030,2.4035,0.151794,-0.119324,0.019592,-0.981018,7.802,70.0,-1
1783958383.510,2664,600599,0,0.00000000,0.00000000,0.00,0,0,0.59,0.102,0.2450,0.5880,1.3230,1.4684,0.151733,-0.119324,0.019714,-0.981018,7.802,76.2,-1
1783958383.760,2665,600823,0,0.00000000,0.00000000,0.00,0,0,0.49,0.030,0.0490,0.6370,2.3520,2.4372,0.151794,-0.119446,0.019653,-0.980957,7.802,67.5,-1
1783958383.947,2666,601042,0,0.00000000,0.00000000,0.00,0,0,0.47,0.015,0.1960,1.2250,2.1560,2.4874,0.151733,-0.119446,0.019592,-0.980957,7.800,68.8,-1
1783958384.193,2667,601260,0,0.00000000,0.00000000,0.00,0,0,0.50,0.016,1.4210,1.3720,1.7640,2.6483,0.151672,-0.119385,0.019653,-0.981018,7.802,75.0,-1
1783958384.379,2668,601484,0,0.00000000,0.00000000,0.00,0,0,0.44,-0.026,0.0000,0.3430,1.1270,1.1780,0.151672,-0.119324,0.019592,-0.981018,7.804,75.0,-1
1783958384.629,2669,601705,0,0.00000000,0.00000000,0.00,0,0,0.54,0.046,0.4410,1.1760,1.0290,1.6237,0.151611,-0.119263,0.019531,-0.981018,7.804,73.8,-1
1783958384.816,2670,601925,0,0.00000000,0.00000000,0.00,0,0,0.56,0.039,0.2940,0.4900,1.5190,1.6229,0.151733,-0.119385,0.019409,-0.981018,7.804,68.8,-1
1783958385.065,2671,602137,0,0.00000000,0.00000000,0.00,0,0,0.57,0.075,0.3920,0.2940,0.1470,0.5116,0.151733,-0.119385,0.019409,-0.981018,7.804,68.8,-1
1783958385.251,2672,602358,0,0.00000000,0.00000000,0.00,0,0,0.48,-0.003,0.0000,1.0780,1.3230,1.7066,0.151733,-0.119385,0.019348,-0.981018,7.804,71.2,-1
1783958385.499,2673,602585,0,0.00000000,0.00000000,0.00,0,0,0.34,-0.083,0.4900,0.4900,0.7350,1.0102,0.151794,-0.119446,0.019287,-0.980957,7.802,75.0,-1
1783958385.749,2674,602807,0,0.00000000,0.00000000,0.00,0,0,0.36,-0.060,0.1470,1.5190,1.2740,1.9880,0.151855,-0.119446,0.019165,-0.980957,7.802,73.8,-1
1783958385.937,2675,603025,0,0.00000000,0.00000000,0.00,0,0,0.39,-0.017,0.1960,1.3230,1.5190,2.0239,0.151855,-0.119446,0.019165,-0.980957,7.801,78.8,-1
1783958386.122,2676,603236,0,0.00000000,0.00000000,0.00,0,0,0.35,-0.034,0.3430,0.4410,1.1760,1.3020,0.151794,-0.119446,0.019104,-0.980957,7.802,71.2,-1
1783958386.371,2677,603456,0,0.00000000,0.00000000,0.00,0,0,0.31,-0.061,0.5390,-0.0980,2.0090,2.0824,0.151794,-0.119385,0.019104,-0.980957,7.802,72.5,-1
1783958386.617,2678,603679,0,0.00000000,0.00000000,0.00,0,0,0.40,0.010,0.5390,0.3430,0.7840,1.0113,0.151794,-0.119385,0.019165,-0.980957,7.801,68.8,-1
1783958386.805,2679,603897,0,0.00000000,0.00000000,0.00,0,0,0.39,-0.010,0.4410,0.2940,1.0780,1.2012,0.151855,-0.119202,0.019226,-0.981018,7.801,70.0,-1
1783958387.051,2680,604138,0,0.00000000,0.00000000,0.00,0,0,0.40,-0.008,0.2940,0.9800,1.3230,1.6725,0.151855,-0.119202,0.019226,-0.981018,7.801,71.2,-1
1783958387.299,2681,604358,0,0.00000000,0.00000000,0.00,0,0,0.43,0.020,-0.6370,1.4210,0.0000,1.5572,0.151794,-0.119141,0.019287,-0.981018,7.804,73.8,-1
1783958387.486,2682,604581,0,0.00000000,0.00000000,0.00,0,0,0.37,-0.001,-0.0490,1.0290,1.1270,1.5269,0.151733,-0.119141,0.019226,-0.981018,7.804,70.0,-1
1783958387.735,2683,604799,0,0.00000000,0.00000000,0.00,0,0,0.38,0.009,0.4900,0.0490,2.5480,2.5952,0.151733,-0.119141,0.019287,-0.981018,7.804,75.0,-1
1783958387.936,2684,605024,0,0.00000000,0.00000000,0.00,0,0,0.30,-0.040,0.3430,0.9310,1.1270,1.5015,0.151611,-0.119080,0.019287,-0.981018,7.802,70.0,-1
1783958388.185,2685,605243,0,0.00000000,0.00000000,0.00,0,0,0.40,0.057,0.2450,0.7840,0.4410,0.9323,0.151672,-0.119141,0.019287,-0.981018,7.802,67.5,-1
1783958388.368,2686,605462,0,0.00000000,0.00000000,0.00,0,0,0.33,0.010,0.0000,0.4410,1.2250,1.3020,0.151611,-0.119202,0.019348,-0.981018,7.802,72.5,-1
1783958388.617,2687,605682,0,0.00000000,0.00000000,0.00,0,0,0.38,0.047,-0.0490,0.7840,1.6170,1.7977,0.151550,-0.119263,0.019348,-0.981018,7.801,75.0,-1
1783958388.803,2688,605902,0,0.00000000,0.00000000,0.00,0,0,0.40,0.056,0.2940,0.3430,1.6660,1.7262,0.151550,-0.119324,0.019348,-0.981018,7.801,71.2,-1
1783958389.052,2689,606151,0,0.00000000,0.00000000,0.00,0,0,0.40,0.041,0.1960,0.8820,2.4010,2.5654,0.151550,-0.119324,0.019287,-0.981018,7.802,82.5,-1
1783958389.299,2690,606376,0,0.00000000,0.00000000,0.00,0,0,0.38,0.030,0.5880,0.3920,1.7150,1.8549,0.151550,-0.119385,0.019287,-0.981018,7.804,72.5,-1
1783958389.484,2691,606595,0,0.00000000,0.00000000,0.00,0,0,0.35,0.008,0.2940,0.5390,1.5680,1.6839,0.151550,-0.119385,0.019287,-0.981018,7.804,76.2,-1
1783958389.730,2692,606816,0,0.00000000,0.00000000,0.00,0,0,0.33,0.001,0.5880,1.0780,0.9800,1.5711,0.151550,-0.119385,0.019287,-0.981018,7.802,72.5,-1
1783958389.980,2693,607036,0,0.00000000,0.00000000,0.00,0,0,0.35,-0.005,1.1270,0.1470,1.5190,1.8971,0.151550,-0.119385,0.019287,-0.981018,7.802,71.2,-1
1783958390.166,2694,607245,0,0.00000000,0.00000000,0.00,0,0,0.21,-0.092,0.8820,0.6860,1.6170,1.9655,0.151550,-0.119385,0.019287,-0.981018,7.801,78.8,-1
1783958390.353,2695,607465,0,0.00000000,0.00000000,0.00,0,0,0.33,-0.027,0.5390,0.5390,1.6660,1.8321,0.151550,-0.119385,0.019287,-0.981018,7.801,77.5,-1
1783958390.602,2696,607687,0,0.00000000,0.00000000,0.00,0,0,0.28,-0.051,0.3920,0.2940,1.4700,1.5495,0.151550,-0.119385,0.019287,-0.981018,7.802,72.5,-1
1783958390.851,2697,607908,0,0.00000000,0.00000000,0.00,0,0,0.19,-0.096,0.3430,0.4410,1.7150,1.8037,0.151550,-0.119446,0.019226,-0.981018,7.801,72.5,-1
1783958391.038,2698,608148,0,0.00000000,0.00000000,0.00,0,0,0.26,-0.056,0.1960,0.2450,1.3720,1.4074,0.151550,-0.119446,0.019226,-0.981018,7.802,72.5,-1
1783958391.284,2699,608366,0,0.00000000,0.00000000,0.00,0,0,0.30,-0.025,0.0980,0.2940,1.0780,1.1217,0.151489,-0.119507,0.019226,-0.981018,7.802,76.2,-1
1783958391.471,2700,608585,0,0.00000000,0.00000000,0.00,0,0,0.20,-0.090,0.2450,0.3430,1.0780,1.1575,0.151550,-0.119446,0.019165,-0.981018,7.801,76.2,-1
1783958391.723,2701,608811,0,0.00000000,0.00000000,0.00,0,0,0.29,-0.005,-0.0490,0.5390,0.6860,0.8738,0.151550,-0.119446,0.019104,-0.981018,7.801,73.8,-1
1783958391.971,2702,609031,0,0.00000000,0.00000000,0.00,0,0,0.26,-0.025,0.3430,0.7350,1.6170,1.8090,0.151550,-0.119324,0.019165,-0.981018,7.801,73.8,-1
1783958392.159,2703,609244,0,0.00000000,0.00000000,0.00,0,0,0.16,-0.097,0.2450,-0.0980,1.1760,1.2052,0.151550,-0.119324,0.019165,-0.981018,7.802,76.2,-1
1783958392.407,2704,609468,0,0.00000000,0.00000000,0.00,0,0,0.18,-0.070,0.3920,0.2940,0.9310,1.0521,0.151611,-0.119263,0.019226,-0.981018,7.801,75.0,-1
1783958392.594,2705,609690,0,0.00000000,0.00000000,0.00,0,0,0.25,-0.020,0.2450,0.1470,1.0780,1.1152,0.151611,-0.119202,0.019226,-0.981018,7.801,76.2,-1
1783958392.842,2706,609910,0,0.00000000,0.00000000,0.00,0,0,0.25,-0.032,-0.1960,0.5880,1.7640,1.8697,0.151611,-0.119263,0.019104,-0.981018,7.801,75.0,-1
1783958393.045,2707,610120,0,0.00000000,0.00000000,0.00,0,0,0.17,-0.075,0.1470,0.3430,1.3720,1.4218,0.151611,-0.119202,0.019165,-0.981018,7.804,83.8,-1
1783958393.233,2708,610340,0,0.00000000,0.00000000,0.00,0,0,0.30,0.039,-0.5880,1.4210,0.6860,1.6839,0.151611,-0.119141,0.019226,-0.981018,7.802,82.5,-1
1783958393.481,2709,610564,0,0.00000000,0.00000000,0.00,0,0,0.23,0.008,0.6370,0.1470,2.5480,2.6305,0.151611,-0.119141,0.019226,-0.981018,7.802,78.8,-1
1783958393.732,2710,610788,0,0.00000000,0.00000000,0.00,0,0,0.22,0.018,1.0780,0.4900,1.1760,1.6689,0.151611,-0.119141,0.019226,-0.981018,7.801,76.2,-1
1783958393.920,2711,611015,0,0.00000000,0.00000000,0.00,0,0,0.21,0.004,0.1960,0.4410,1.7150,1.7816,0.151611,-0.119202,0.019165,-0.981018,7.801,72.5,-1
1783958394.168,2712,611228,0,0.00000000,0.00000000,0.00,0,0,0.16,-0.033,0.0000,0.6860,1.4210,1.5779,0.151611,-0.119202,0.019104,-0.981018,7.800,75.0,-1
1783958394.352,2713,611452,0,0.00000000,0.00000000,0.00,0,0,0.11,-0.038,0.7350,-0.8820,1.7150,2.0638,0.151550,-0.119263,0.019043,-0.981018,7.802,72.5,-1
1783958394.601,2714,611675,0,0.00000000,0.00000000,0.00,0,0,0.05,-0.067,0.0980,1.0780,0.8330,1.3659,0.151550,-0.119263,0.019043,-0.981018,7.802,70.0,-1
1783958394.787,2715,611895,0,0.00000000,0.00000000,0.00,0,0,0.02,-0.085,0.7840,0.6370,1.0780,1.4773,0.151550,-0.119263,0.018982,-0.981018,7.802,71.2,-1
1783958395.035,2716,612141,0,0.00000000,0.00000000,0.00,0,0,0.07,-0.052,0.4900,0.0980,2.1070,2.1654,0.151550,-0.119202,0.019104,-0.981018,7.801,70.0,-1
1783958395.284,2717,612365,0,0.00000000,0.00000000,0.00,0,0,0.14,0.026,0.2940,1.0780,1.6660,2.0060,0.151611,-0.119202,0.019165,-0.981018,7.801,75.0,-1
1783958395.534,2718,612589,0,0.00000000,0.00000000,0.00,0,0,0.05,-0.029,0.1960,0.6370,1.4700,1.6140,0.151611,-0.119141,0.019226,-0.981018,7.802,71.2,-1
1783958395.719,2719,612806,0,0.00000000,0.00000000,0.00,0,0,0.08,-0.028,0.0980,0.8330,0.3430,0.9062,0.151611,-0.119141,0.019226,-0.981079,7.801,80.0,-1
1783958395.970,2720,613030,0,0.00000000,0.00000000,0.00,0,0,0.15,0.023,0.7840,-0.6370,2.5480,2.7409,0.151611,-0.119080,0.019287,-0.981079,7.802,70.0,-1
1783958396.156,2721,613245,0,0.00000000,0.00000000,0.00,0,0,-0.01,-0.064,0.1960,0.9800,0.6860,1.2122,0.151611,-0.119141,0.019287,-0.981018,7.800,77.5,-1
1783958396.356,2722,613469,0,0.00000000,0.00000000,0.00,0,0,0.00,-0.045,0.5390,0.4410,1.1760,1.3667,0.151611,-0.119141,0.019409,-0.981018,7.802,72.5,-1
1783958396.604,2723,613687,0,0.00000000,0.00000000,0.00,0,0,0.05,0.004,1.2250,-0.8330,3.2340,3.5571,0.151611,-0.119141,0.019409,-0.981018,7.800,72.5,-1
1783958396.852,2724,613911,0,0.00000000,0.00000000,0.00,0,0,0.07,0.009,0.0490,0.7840,1.3230,1.5386,0.151672,-0.119141,0.019409,-0.981018,7.801,70.0,-1
1783958397.038,2725,614126,0,0.00000000,0.00000000,0.00,0,0,0.03,-0.045,0.0000,0.8330,1.4210,1.6472,0.151855,-0.119141,0.019409,-0.981018,7.801,71.2,-1
1783958397.286,2726,614349,0,0.00000000,0.00000000,0.00,0,0,-0.03,-0.093,1.1270,0.0490,2.4500,2.6972,0.151794,-0.119080,0.019470,-0.981018,7.802,76.2,-1
1783958397.473,2727,614574,0,0.00000000,0.00000000,0.00,0,0,0.05,-0.046,1.2250,0.1960,1.4700,1.9235,0.151733,-0.119080,0.019470,-0.981018,7.801,67.5,-1
1783958397.721,2728,614791,0,0.00000000,0.00000000,0.00,0,0,0.09,-0.023,0.0000,1.2250,0.8330,1.4814,0.151855,-0.119141,0.019287,-0.981018,7.801,75.0,-1
1783958397.907,2729,615013,0,0.00000000,0.00000000,0.00,0,0,0.18,0.046,0.4410,0.3430,0.9800,1.1281,0.151794,-0.119141,0.019348,-0.981018,7.801,67.5,-1
1783958398.155,2730,615230,0,0.00000000,0.00000000,0.00,0,0,0.13,0.011,0.0000,0.4900,0.8330,0.9664,0.151794,-0.119080,0.019287,-0.981018,7.802,77.5,-1
1783958398.341,2731,615455,0,0.00000000,0.00000000,0.00,0,0,0.29,0.106,1.3720,0.3430,1.6170,2.1482,0.151794,-0.119019,0.019226,-0.981018,7.801,71.2,-1
1783958398.591,2732,615674,0,0.00000000,0.00000000,0.00,0,0,0.17,0.014,0.0980,0.2940,1.4700,1.5023,0.151672,-0.119019,0.019348,-0.981079,7.801,71.2,-1
1783958398.778,2733,615893,0,0.00000000,0.00000000,0.00,0,0,0.16,-0.003,0.0000,0.5880,0.6370,0.8669,0.151672,-0.118896,0.019409,-0.981079,7.800,75.0,-1
1783958399.028,2734,616138,0,0.00000000,0.00000000,0.00,0,0,-0.01,-0.108,0.0000,0.0980,1.0780,1.0824,0.151672,-0.119019,0.019470,-0.981018,7.802,71.2,-1
1783958399.276,2735,616366,0,0.00000000,0.00000000,0.00,0,0,0.19,0.006,0.1470,0.5390,1.3720,1.4814,0.151672,-0.119019,0.019470,-0.981018,7.801,70.0,-1
1783958399.526,2736,616584,0,0.00000000,0.00000000,0.00,0,0,0.22,0.020,0.7350,0.6370,1.0780,1.4519,0.151672,-0.119019,0.019470,-0.981018,7.801,73.8,-1
1783958399.713,2737,616806,0,0.00000000,0.00000000,0.00,0,0,0.36,0.094,0.5880,0.4410,0.9800,1.2250,0.151733,-0.118896,0.019470,-0.981079,7.801,73.8,-1
1783958399.961,2738,617027,0,0.00000000,0.00000000,0.00,0,0,0.25,0.021,0.6370,0.1470,2.1070,2.2061,0.151733,-0.118896,0.019409,-0.981079,7.801,70.0,-1
1783958400.148,2739,617236,0,0.00000000,0.00000000,0.00,0,0,0.18,-0.022,-0.1960,1.2740,1.1760,1.7448,0.151733,-0.118896,0.019470,-0.981079,7.804,72.5,-1
1783958400.396,2740,617457,0,0.00000000,0.00000000,0.00,0,0,0.36,0.099,0.5390,0.6860,1.5190,1.7517,0.151733,-0.118958,0.019531,-0.981018,7.801,73.8,-1
1783958400.584,2741,617679,0,0.00000000,0.00000000,0.00,0,0,0.22,0.003,-0.2940,0.9310,0.5880,1.1397,0.151794,-0.119080,0.019348,-0.981018,7.802,75.0,-1
1783958400.830,2742,617899,0,0.00000000,0.00000000,0.00,0,0,0.15,-0.044,0.7840,0.3430,1.1270,1.4151,0.151733,-0.119080,0.019348,-0.981018,7.802,73.8,-1
1783958401.080,2743,618144,0,0.00000000,0.00000000,0.00,0,0,0.24,0.041,0.7350,0.6860,1.2250,1.5848,0.151733,-0.119080,0.019348,-0.981018,7.802,72.5,-1
1783958401.268,2744,618370,0,0.00000000,0.00000000,0.00,0,0,0.27,0.052,-0.0980,0.0980,1.6170,1.6229,0.151794,-0.119202,0.019226,-0.981018,7.804,70.0,-1
1783958401.518,2745,618592,0,0.00000000,0.00000000,0.00,0,0,0.28,0.054,0.1960,0.9310,1.4700,1.7510,0.151733,-0.119141,0.019226,-0.981018,7.801,72.5,-1
1783958401.706,2746,618812,0,0.00000000,0.00000000,0.00,0,0,0.22,0.014,0.2940,0.9800,1.2740,1.6340,0.151855,-0.119202,0.019287,-0.981018,7.802,67.5,-1
1783958401.955,2747,619033,0,0.00000000,0.00000000,0.00,0,0,0.21,0.014,0.7840,0.3920,2.1070,2.2821,0.151917,-0.119141,0.019287,-0.981018,7.804,66.2,-1
1783958402.143,2748,619248,0,0.00000000,0.00000000,0.00,0,0,0.36,0.099,-0.1470,1.2250,1.0290,1.6066,0.151917,-0.119141,0.019287,-0.981018,7.804,72.5,-1
1783958402.391,2749,619470,0,0.00000000,0.00000000,0.00,0,0,0.42,0.106,0.1470,0.7350,2.1070,2.2364,0.151917,-0.119141,0.019287,-0.981018,7.802,73.8,-1
1783958402.578,2750,619694,0,0.00000000,0.00000000,0.00,0,0,0.29,0.010,0.1470,0.7350,1.2740,1.4781,0.151917,-0.119141,0.019348,-0.981018,7.804,70.0,-1
1783958402.829,2751,619915,0,0.00000000,0.00000000,0.00,0,0,0.38,0.074,-0.1470,1.1270,0.4410,1.2191,0.151917,-0.119141,0.019348,-0.981018,7.804,68.8,-1
1783958403.016,2752,620127,0,0.00000000,0.00000000,0.00,0,0,0.46,0.100,0.3430,-0.0980,1.1760,1.2289,0.151917,-0.119080,0.019348,-0.981018,7.801,71.2,-1
1783958403.262,2753,620344,0,0.00000000,0.00000000,0.00,0,0,0.51,0.126,0.3430,0.6370,1.7640,1.9066,0.151917,-0.119019,0.019287,-0.981018,7.802,73.8,-1
1783958403.449,2754,620564,0,0.00000000,0.00000000,0.00,0,0,0.35,-0.008,0.0490,0.3920,1.8620,1.9034,0.151978,-0.119019,0.019287,-0.981018,7.802,77.5,-1
1783958403.699,2755,620788,0,0.00000000,0.00000000,0.00,0,0,0.38,0.001,0.3430,0.0980,0.8820,0.9514,0.151978,-0.119080,0.019226,-0.981018,7.804,70.0,-1
1783958403.948,2756,621009,0,0.00000000,0.00000000,0.00,0,0,0.50,0.088,0.1960,0.7840,0.8820,1.1962,0.151978,-0.119080,0.019287,-0.981018,7.804,72.5,-1
1783958404.135,2757,621223,0,0.00000000,0.00000000,0.00,0,0,0.52,0.082,-0.1960,0.6860,2.5970,2.6932,0.151978,-0.119080,0.019348,-0.981018,7.801,82.5,-1
1783958404.382,2758,621447,0,0.00000000,0.00000000,0.00,0,0,0.38,-0.007,0.0000,0.4410,1.4700,1.5347,0.151978,-0.119080,0.019348,-0.981018,7.802,73.8,-1
1783958404.569,2759,621664,0,0.00000000,0.00000000,0.00,0,0,0.32,-0.036,-0.1470,1.1270,0.3920,1.2022,0.151978,-0.119080,0.019348,-0.981018,7.802,78.8,-1
1783958404.818,2760,621889,0,0.00000000,0.00000000,0.00,0,0,0.47,0.055,0.5390,-0.1960,1.8130,1.9016,0.151978,-0.119080,0.019348,-0.981018,7.804,73.8,-1
1783958405.067,2761,622131,0,0.00000000,0.00000000,0.00,0,0,0.35,-0.026,0.0490,0.1470,1.9600,1.9661,0.151978,-0.119080,0.019348,-0.981018,7.802,73.8,-1
1783958405.253,2762,622357,0,0.00000000,0.00000000,0.00,0,0,0.41,0.002,0.4410,0.5880,0.9310,1.1862,0.151978,-0.119080,0.019287,-0.981018,7.801,75.0,-1
1783958405.503,2763,622581,0,0.00000000,0.00000000,0.00,0,0,0.38,-0.003,0.3920,1.4210,1.4700,2.0818,0.151978,-0.119080,0.019287,-0.981018,7.801,73.8,-1
1783958405.690,2764,622803,0,0.00000000,0.00000000,0.00,0,0,0.39,-0.003,0.2450,0.7350,2.1560,2.2910,0.151917,-0.119080,0.019409,-0.981018,7.801,73.8,-1
1783958405.938,2765,623028,0,0.00000000,0.00000000,0.00,0,0,0.47,0.064,0.1960,0.5880,1.4700,1.5953,0.151978,-0.119080,0.019409,-0.981018,7.802,80.0,-1
1783958406.188,2766,623244,0,0.00000000,0.00000000,0.00,0,0,0.37,-0.009,0.3430,0.4410,1.0780,1.2142,0.152039,-0.119080,0.019409,-0.980957,7.802,71.2,-1
1783958406.377,2767,623470,0,0.00000000,0.00000000,0.00,0,0,0.46,0.044,0.2940,0.2940,1.1760,1.2473,0.151978,-0.119202,0.019409,-0.980957,7.802,76.2,-1
1783958406.625,2768,623690,0,0.00000000,0.00000000,0.00,0,0,0.45,0.033,0.3920,0.7840,1.2740,1.5464,0.151978,-0.119202,0.019409,-0.980957,7.802,78.8,-1
1783958406.810,2769,623913,0,0.00000000,0.00000000,0.00,0,0,0.48,0.047,0.2940,0.4900,1.5190,1.6229,0.151978,-0.119080,0.019470,-0.981018,7.802,77.5,-1
1783958407.061,2770,624124,0,0.00000000,0.00000000,0.00,0,0,0.39,0.001,0.0490,0.7840,1.0290,1.2946,0.151978,-0.119080,0.019531,-0.981018,7.802,71.2,-1
1783958407.249,2771,624342,0,0.00000000,0.00000000,0.00,0,0,0.40,-0.006,0.4900,0.4900,1.4210,1.5810,0.151978,-0.119080,0.019470,-0.981018,7.804,75.0,-1
1783958407.498,2772,624564,0,0.00000000,0.00000000,0.00,0,0,0.39,-0.009,0.6370,0.2940,1.4210,1.5848,0.151978,-0.119080,0.019409,-0.981018,7.804,73.8,-1
1783958407.684,2773,624784,0,0.00000000,0.00000000,0.00,0,0,0.50,0.043,0.8330,-0.5880,2.0090,2.2529,0.151978,-0.118958,0.019470,-0.981018,7.802,75.0,-1
1783958407.934,2774,625004,0,0.00000000,0.00000000,0.00,0,0,0.54,0.063,0.0490,0.6370,1.4700,1.6028,0.151978,-0.118958,0.019531,-0.981018,7.802,76.2,-1
1783958408.121,2775,625217,0,0.00000000,0.00000000,0.00,0,0,0.46,-0.019,-0.1960,0.1470,1.3720,1.3937,0.151978,-0.119019,0.019531,-0.981018,7.804,73.8,-1
1783958408.372,2776,625436,0,0.00000000,0.00000000,0.00,0,0,0.40,-0.052,-0.1470,1.3720,0.5880,1.4999,0.151978,-0.119202,0.019592,-0.980957,7.801,76.2,-1
1783958408.559,2777,625655,0,0.00000000,0.00000000,0.00,0,0,0.40,-0.048,0.3430,0.2450,2.4010,2.4377,0.151978,-0.119202,0.019592,-0.980957,7.801,70.0,-1
1783958408.807,2778,625879,0,0.00000000,0.00000000,0.00,0,0,0.35,-0.056,0.0000,1.1760,1.1760,1.6631,0.151978,-0.119141,0.019653,-0.980957,7.801,80.0,-1
1783958408.995,2779,626099,0,0.00000000,0.00000000,0.00,0,0,0.37,-0.036,0.3430,0.5390,1.2250,1.3816,0.151978,-0.119019,0.019714,-0.981018,7.802,81.2,-1
1783958409.243,2780,626312,0,0.00000000,0.00000000,0.00,0,0,0.41,-0.018,0.2450,0.5390,1.0290,1.1872,0.151978,-0.118958,0.019714,-0.981018,7.801,70.0,-1
1783958409.429,2781,626532,0,0.00000000,0.00000000,0.00,0,0,0.38,-0.018,0.1960,0.1960,0.7840,0.8316,0.151978,-0.118958,0.019653,-0.981018,7.804,66.2,-1
1783958409.678,2782,626759,0,0.00000000,0.00000000,0.00,0,0,0.45,0.019,0.4410,0.6370,1.4700,1.6617,0.151978,-0.118958,0.019653,-0.981018,7.804,77.5,-1
1783958409.867,2783,626981,0,0.00000000,0.00000000,0.00,0,0,0.42,-0.003,0.2940,0.5390,1.1270,1.2834,0.151978,-0.118958,0.019714,-0.981018,7.802,76.2,-1
1783958410.117,2784,627194,0,0.00000000,0.00000000,0.00,0,0,0.43,-0.010,0.5390,0.0490,1.2740,1.3842,0.151978,-0.118958,0.019653,-0.981018,7.802,71.2,-1
1783958410.364,2785,627419,0,0.00000000,0.00000000,0.00,0,0,0.44,0.007,0.3920,1.0290,1.8130,2.1212,0.151978,-0.118958,0.019592,-0.981018,7.802,78.8,-1
1783958410.555,2786,627639,0,0.00000000,0.00000000,0.00,0,0,0.34,-0.044,-0.1960,0.9800,1.0290,1.4345,0.151978,-0.118958,0.019531,-0.981018,7.802,80.0,-1
1783958410.805,2787,627860,0,0.00000000,0.00000000,0.00,0,0,0.50,0.059,0.5880,0.4900,1.4210,1.6140,0.151978,-0.119080,0.019531,-0.981018,7.802,77.5,-1
1783958410.991,2788,628081,0,0.00000000,0.00000000,0.00,0,0,0.36,-0.023,0.7840,0.3920,1.0290,1.3517,0.151978,-0.119202,0.019531,-0.980957,7.802,75.0,-1
1783958411.177,2789,628293,0,0.00000000,0.00000000,0.00,0,0,0.47,0.042,0.6860,0.1960,1.4210,1.5900,0.151978,-0.119141,0.019470,-0.980957,7.801,71.2,-1
1783958411.425,2790,628511,0,0.00000000,0.00000000,0.00,0,0,0.48,0.052,0.4410,0.2940,1.9600,2.0304,0.151978,-0.119080,0.019470,-0.981018,7.801,75.0,-1
1783958411.673,2791,628730,0,0.00000000,0.00000000,0.00,0,0,0.50,0.081,0.3430,0.4900,1.2740,1.4074,0.151978,-0.119019,0.019470,-0.981018,7.801,70.0,-1
1783958411.859,2792,628954,0,0.00000000,0.00000000,0.00,0,0,0.42,0.025,0.5880,0.0980,1.4210,1.5410,0.151978,-0.119019,0.019592,-0.981018,7.804,65.0,-1
1783958412.109,2793,629171,0,0.00000000,0.00000000,0.00,0,0,0.48,0.058,0.2940,0.6860,1.4700,1.6486,0.151978,-0.118958,0.019653,-0.981018,7.802,75.0,-1
1783958412.293,2794,629394,0,0.00000000,0.00000000,0.00,0,0,0.39,0.006,0.1960,0.5390,2.2540,2.3258,0.151978,-0.118958,0.019531,-0.981018,7.801,67.5,-1
1783958412.540,2795,629616,0,0.00000000,0.00000000,0.00,0,0,0.56,0.098,0.2940,0.4410,1.7150,1.7950,0.151978,-0.118958,0.019470,-0.981018,7.801,72.5,-1
1783958412.728,2796,629836,0,0.00000000,0.00000000,0.00,0,0,0.50,0.032,0.4410,0.5390,0.7350,1.0125,0.151978,-0.119019,0.019470,-0.981018,7.804,66.2,-1
1783958412.978,2797,630056,0,0.00000000,0.00000000,0.00,0,0,0.70,0.157,0.5390,0.0490,1.0780,1.2062,0.151978,-0.119019,0.019409,-0.981018,7.802,72.5,-1
1783958413.167,2798,630270,0,0.00000000,0.00000000,0.00,0,0,0.57,0.066,0.2940,0.2450,1.3230,1.3772,0.151978,-0.119019,0.019348,-0.981018,7.804,77.5,-1
1783958413.412,2799,630491,0,0.00000000,0.00000000,0.00,0,0,0.65,0.122,0.3430,0.7840,1.5190,1.7435,0.151978,-0.119019,0.019348,-0.981018,7.802,73.8,-1
1783958413.660,2800,630716,0,0.00000000,0.00000000,0.00,0,0,0.51,0.016,0.3430,0.6860,2.0090,2.1504,0.151978,-0.119019,0.019348,-0.981018,7.801,70.0,-1
1783958413.848,2801,630939,0,0.00000000,0.00000000,0.00,0,0,0.47,-0.014,0.0490,0.5390,1.2740,1.3842,0.151978,-0.119019,0.019348,-0.981018,7.802,75.0,-1
1783958414.096,2802,631155,0,0.00000000,0.00000000,0.00,0,0,0.59,0.043,0.1470,0.9800,1.3230,1.6530,0.151978,-0.119141,0.019409,-0.980957,7.801,70.0,-1
1783958414.281,2803,631378,0,0.00000000,0.00000000,0.00,0,0,0.45,-0.029,0.3430,0.2450,0.5880,0.7235,0.151978,-0.119202,0.019592,-0.980957,7.801,76.2,-1
1783958414.530,2804,631600,0,0.00000000,0.00000000,0.00,0,0,0.63,0.070,0.0490,0.1960,1.1270,1.1450,0.151978,-0.119263,0.019592,-0.980957,7.801,77.5,-1
1783958414.717,2805,631815,0,0.00000000,0.00000000,0.00,0,0,0.62,0.046,0.2450,0.1960,1.3230,1.3597,0.151978,-0.119202,0.019531,-0.980957,7.802,68.8,-1
1783958414.966,2806,632040,0,0.00000000,0.00000000,0.00,0,0,0.59,0.014,0.6860,0.0980,1.2250,1.4074,0.151978,-0.119202,0.019470,-0.980957,7.801,77.5,-1
1783958415.153,2807,632258,0,0.00000000,0.00000000,0.00,0,0,0.58,0.025,0.5880,0.3430,1.7640,1.8908,0.151978,-0.119141,0.019409,-0.980957,7.801,76.2,-1
1783958415.401,2808,632480,0,0.00000000,0.00000000,0.00,0,0,0.52,-0.015,0.4410,0.3920,0.6370,0.8683,0.151978,-0.119141,0.019409,-0.980957,7.800,76.2,-1
1783958415.588,2809,632702,0,0.00000000,0.00000000,0.00,0,0,0.55,-0.012,0.5880,0.6860,1.8130,2.0257,0.151978,-0.119141,0.019409,-0.981018,7.801,73.8,-1
1783958415.837,2810,632919,0,0.00000000,0.00000000,0.00,0,0,0.54,-0.025,0.6860,0.4410,1.8620,2.0328,0.151978,-0.119080,0.019470,-0.981018,7.802,76.2,-1
1783958416.025,2811,633135,0,0.00000000,0.00000000,0.00,0,0,0.59,-0.011,0.3430,0.5880,1.4210,1.5756,0.151978,-0.119019,0.019531,-0.981018,7.802,71.2,-1
1783958416.274,2812,633364,0,0.00000000,0.00000000,0.00,0,0,0.58,-0.018,0.5880,0.6370,1.7640,1.9655,0.151978,-0.119019,0.019470,-0.981018,7.802,68.8,-1
1783958416.524,2813,633581,0,0.00000000,0.00000000,0.00,0,0,0.48,-0.092,0.5390,0.3920,1.8620,1.9777,0.151978,-0.119019,0.019470,-0.981018,7.801,73.8,-1
1783958416.711,2814,633804,0,0.00000000,0.00000000,0.00,0,0,0.47,-0.093,0.3920,0.4410,1.1760,1.3157,0.151978,-0.119019,0.019470,-0.981018,7.801,76.2,-1
1783958416.957,2815,634025,0,0.00000000,0.00000000,0.00,0,0,0.55,-0.033,0.4410,0.5390,1.8620,1.9880,0.151978,-0.119019,0.019470,-0.981018,7.802,71.2,-1
1783958417.146,2816,634235,0,0.00000000,0.00000000,0.00,0,0,0.45,-0.093,0.3430,0.0000,1.2250,1.2721,0.151978,-0.119019,0.019409,-0.981018,7.801,72.5,-1
1783958417.394,2817,634457,0,0.00000000,0.00000000,0.00,0,0,0.44,-0.079,0.6860,0.9310,1.8130,2.1504,0.151978,-0.118958,0.019470,-0.981018,7.801,75.0,-1
1783958417.581,2818,634675,0,0.00000000,0.00000000,0.00,0,0,0.50,-0.013,0.2450,1.2250,1.4700,1.9291,0.151978,-0.118958,0.019470,-0.981018,7.801,72.5,-1
1783958417.829,2819,634896,0,0.00000000,0.00000000,0.00,0,0,0.61,0.046,0.0980,0.2450,1.4700,1.4935,0.151978,-0.118958,0.019409,-0.981018,7.802,71.2,-1
1783958418.078,2820,635140,0,0.00000000,0.00000000,0.00,0,0,0.48,-0.017,-0.0980,0.3920,1.7150,1.7620,0.151978,-0.118958,0.019348,-0.981018,7.801,75.0,-1
1783958418.264,2821,635365,0,0.00000000,0.00000000,0.00,0,0,0.33,-0.091,0.1960,1.1270,1.8620,2.1853,0.151917,-0.118896,0.019409,-0.981018,7.802,70.0,-1
1783958418.513,2822,635588,0,0.00000000,0.00000000,0.00,0,0,0.35,-0.070,0.0980,0.4900,1.1270,1.2328,0.151978,-0.118896,0.019348,-0.981018,7.804,67.5,-1
1783958418.700,2823,635809,0,0.00000000,0.00000000,0.00,0,0,0.36,-0.067,0.2450,0.9800,1.7150,1.9904,0.151978,-0.118958,0.019287,-0.981018,7.802,72.5,-1
1783958418.951,2824,636031,0,0.00000000,0.00000000,0.00,0,0,0.43,-0.014,-0.1470,0.4410,0.4900,0.6754,0.152039,-0.119019,0.019287,-0.981018,7.801,73.8,-1
1783958419.139,2825,636248,0,0.00000000,0.00000000,0.00,0,0,0.44,-0.015,0.2450,0.7350,1.3230,1.5332,0.152039,-0.119019,0.019287,-0.981018,7.801,70.0,-1
1783958419.389,2826,636465,0,0.00000000,0.00000000,0.00,0,0,0.47,-0.001,0.0000,0.8330,2.0090,2.1748,0.151978,-0.119019,0.019287,-0.981018,7.801,71.2,-1
1783958419.638,2827,636691,0,0.00000000,0.00000000,0.00,0,0,0.48,0.022,0.0980,-0.0490,1.4700,1.4741,0.152039,-0.119080,0.019348,-0.981018,7.800,70.0,-1
1783958419.824,2828,636909,0,0.00000000,0.00000000,0.00,0,0,0.41,-0.027,0.2450,0.7840,1.4210,1.6413,0.152039,-0.119080,0.019287,-0.981018,7.800,71.2,-1
1783958420.010,2829,637118,0,0.00000000,0.00000000,0.00,0,0,0.45,-0.001,-0.0490,0.4410,1.1760,1.2569,0.152039,-0.119080,0.019226,-0.981018,7.801,72.5,-1
1783958420.260,2830,637319,0,0.00000000,0.00000000,0.00,0,0,0.42,-0.031,1.4700,0.0490,0.5390,1.5665,0.152100,-0.119019,0.019226,-0.980957,7.801,76.2,-1
1783958420.446,2831,637544,0,0.00000000,0.00000000,0.00,0,0,0.40,-0.036,0.2450,0.7840,1.9600,2.1252,0.152039,-0.119080,0.019226,-0.980957,7.801,75.0,-1
1783958420.693,2832,637762,0,0.00000000,0.00000000,0.00,0,0,0.40,-0.021,0.1960,1.3230,-0.0980,1.3410,0.152039,-0.118958,0.019287,-0.981018,7.800,72.5,-1
1783958420.880,2833,637982,0,0.00000000,0.00000000,0.00,0,0,0.38,-0.038,0.2450,0.5390,1.5680,1.6761,0.152100,-0.118896,0.019287,-0.981018,7.800,73.8,-1
1783958421.123,2834,638196,0,0.00000000,0.00000000,0.00,0,0,0.46,-0.001,0.5880,0.8330,1.7150,1.9952,0.152100,-0.119019,0.019287,-0.980957,7.801,70.0,-1
1783958421.311,2835,638420,0,0.00000000,0.00000000,0.00,0,0,0.41,-0.019,0.9310,0.4900,2.0580,2.3113,0.152161,-0.119019,0.019287,-0.980957,7.800,72.5,-1
1783958421.556,2836,638647,0,0.00000000,0.00000000,0.00,0,0,0.36,-0.038,0.5880,0.4900,2.2050,2.3341,0.152161,-0.119080,0.019348,-0.980957,7.802,68.8,-1
1783958421.804,2837,638864,0,0.00000000,0.00000000,0.00,0,0,0.38,-0.020,0.1960,1.1760,0.6860,1.3755,0.152161,-0.119080,0.019348,-0.980957,7.801,77.5,-1
1783958421.991,2838,639084,0,0.00000000,0.00000000,0.00,0,0,0.47,0.037,0.2940,-0.1470,1.3720,1.4108,0.152100,-0.119080,0.019348,-0.980957,7.801,77.5,-1
1783958422.240,2839,639300,0,0.00000000,0.00000000,0.00,0,0,0.38,-0.016,0.3430,0.7840,1.0780,1.3764,0.152161,-0.119141,0.019287,-0.980957,7.802,68.8,-1
1783958422.429,2840,639524,0,0.00000000,0.00000000,0.00,0,0,0.41,-0.004,0.6860,1.0290,1.5190,1.9588,0.152161,-0.119141,0.019348,-0.980957,7.801,81.2,-1
1783958422.675,2841,639749,0,0.00000000,0.00000000,0.00,0,0,0.53,0.073,0.2450,0.7350,1.6170,1.7930,0.152222,-0.119141,0.019470,-0.980957,7.800,75.0,-1
1783958422.863,2842,639973,0,0.00000000,0.00000000,0.00,0,0,0.50,0.075,0.6370,0.2940,1.8130,1.9440,0.152222,-0.119141,0.019470,-0.980957,7.801,75.0,-1
1783958423.112,2843,640192,0,0.00000000,0.00000000,0.00,0,0,0.45,0.022,0.1960,0.5880,1.7640,1.8697,0.152222,-0.119080,0.019409,-0.980957,7.801,76.2,-1
1783958423.364,2844,640420,0,0.00000000,0.00000000,0.00,0,0,0.48,0.056,0.6370,0.0980,1.2740,1.4277,0.152222,-0.119141,0.019348,-0.980957,7.801,72.5,-1
1783958423.549,2845,640638,0,0.00000000,0.00000000,0.00,0,0,0.58,0.105,0.5880,0.6370,0.9800,1.3084,0.152222,-0.119141,0.019348,-0.980957,7.801,71.2,-1
1783958423.798,2846,640855,0,0.00000000,0.00000000,0.00,0,0,0.57,0.092,0.4900,0.6370,1.7150,1.8940,0.152222,-0.119202,0.019287,-0.980957,7.801,76.2,-1
1783958423.983,2847,641080,0,0.00000000,0.00000000,0.00,0,0,0.42,-0.021,0.8330,0.4900,2.0580,2.2736,0.152222,-0.119263,0.019287,-0.980957,7.800,72.5,-1
1783958424.234,2848,641298,0,0.00000000,0.00000000,0.00,0,0,0.51,0.035,0.5880,0.6370,2.1560,2.3238,0.152222,-0.119202,0.019287,-0.980957,7.802,70.0,-1
1783958424.421,2849,641521,0,0.00000000,0.00000000,0.00,0,0,0.42,0.003,0.7840,0.0490,1.6170,1.7977,0.152222,-0.119141,0.019287,-0.980957,7.801,72.5,-1
1783958424.669,2850,641745,0,0.00000000,0.00000000,0.00,0,0,0.34,-0.029,0.7840,0.8820,1.4700,1.8851,0.152222,-0.119141,0.019287,-0.980957,7.802,75.0,-1
1783958424.915,2851,641972,0,0.00000000,0.00000000,0.00,0,0,0.20,-0.118,0.1470,0.5390,1.2250,1.3464,0.152222,-0.119141,0.019287,-0.980957,7.800,75.0,-1
1783958425.101,2852,642185,0,0.00000000,0.00000000,0.00,0,0,0.23,-0.089,0.7350,0.0980,1.6170,1.7789,0.152222,-0.119080,0.019287,-0.980957,7.801,65.0,-1
1783958425.354,2853,642408,0,0.00000000,0.00000000,0.00,0,0,0.18,-0.103,0.5390,0.6370,2.1070,2.2662,0.152222,-0.119080,0.019287,-0.980957,7.804,73.8,-1
1783958425.540,2854,642632,0,0.00000000,0.00000000,0.00,0,0,0.24,-0.048,-0.0980,0.6860,1.1760,1.3650,0.152222,-0.119080,0.019287,-0.980957,7.802,75.0,-1
1783958425.787,2855,642853,0,0.00000000,0.00000000,0.00,0,0,0.25,-0.040,0.8330,0.0000,2.6460,2.7740,0.152222,-0.119080,0.019287,-0.980957,7.801,75.0,-1
1783958425.974,2856,643074,0,0.00000000,0.00000000,0.00,0,0,0.28,-0.025,0.6370,0.5880,2.4500,2.5988,0.152222,-0.119080,0.019287,-0.980957,7.801,75.0,-1
1783958426.222,2857,643293,0,0.00000000,0.00000000,0.00,0,0,0.33,0.003,0.3430,1.1270,2.0580,2.3713,0.152222,-0.119080,0.019287,-0.980957,7.801,77.5,-1
1783958426.410,2858,643514,0,0.00000000,0.00000000,0.00,0,0,0.28,-0.027,1.0290,0.8820,2.2050,2.5882,0.152222,-0.119080,0.019287,-0.980957,7.802,76.2,-1
1783958426.660,2859,643737,0,0.00000000,0.00000000,0.00,0,0,0.34,0.017,0.2940,0.5390,1.4700,1.5931,0.152222,-0.119080,0.019287,-0.980957,7.804,73.8,-1
1783958426.908,2860,643966,0,0.00000000,0.00000000,0.00,0,0,0.36,0.034,0.9310,0.1470,1.5190,1.7877,0.152222,-0.119141,0.019287,-0.980957,7.802,76.2,-1
1783958427.092,2861,644185,0,0.00000000,0.00000000,0.00,0,0,0.35,0.034,0.8820,0.5390,2.7440,2.9322,0.152222,-0.119202,0.019226,-0.980957,7.804,78.8,-1
1783958427.339,2862,644410,0,0.00000000,0.00000000,0.00,0,0,0.43,0.074,0.5390,0.0980,0.7840,0.9564,0.152222,-0.119141,0.019287,-0.980957,7.804,72.5,-1
1783958427.524,2863,644635,0,0.00000000,0.00000000,0.00,0,0,0.43,0.078,0.8330,0.5880,2.3520,2.5635,0.152222,-0.119141,0.019287,-0.980957,7.802,80.0,-1
1783958427.771,2864,644860,0,0.00000000,0.00000000,0.00,0,0,0.41,0.052,-0.0490,0.3920,0.3920,0.5565,0.152222,-0.119141,0.019287,-0.980957,7.802,75.0,-1
1783958428.022,2865,645087,0,0.00000000,0.00000000,0.00,0,0,0.44,0.067,0.9800,0.8330,-0.0490,1.2871,0.152222,-0.119141,0.019287,-0.980957,7.804,73.8,-1
1783958428.208,2866,645302,0,0.00000000,0.00000000,0.00,0,0,0.35,-0.023,0.9310,1.6660,0.9800,2.1454,0.152222,-0.119202,0.019226,-0.980957,7.802,72.5,-1
1783958428.456,2867,645528,0,0.00000000,0.00000000,0.00,0,0,0.44,0.039,-0.4410,0.8820,0.0000,0.9861,0.152222,-0.119263,0.019226,-0.980957,7.802,72.5,-1
1783958428.640,2868,645751,0,0.00000000,0.00000000,0.00,0,0,0.43,0.032,0.4410,0.5880,1.2740,1.4708,0.152222,-0.119324,0.019226,-0.980957,7.802,66.2,-1
1783958428.889,2869,645971,0,0.00000000,0.00000000,0.00,0,0,0.45,0.053,-0.2940,2.5970,-0.4900,2.6591,0.152222,-0.119324,0.019226,-0.980957,7.804,65.0,-1
1783958429.074,2870,646181,0,0.00000000,0.00000000,0.00,0,0,0.52,0.075,0.2450,0.4410,1.0780,1.1902,0.152222,-0.119324,0.019226,-0.980957,7.804,72.5,-1
1783958429.322,2871,646405,0,0.00000000,0.00000000,0.00,0,0,0.46,0.021,0.0980,0.4410,1.1760,1.2598,0.152222,-0.119263,0.019226,-0.980957,7.805,75.0,-1
1783958429.572,2872,646630,0,0.00000000,0.00000000,0.00,0,0,0.58,0.085,0.6370,0.7350,1.6170,1.8870,0.152222,-0.119202,0.019226,-0.980957,7.805,71.2,-1
1783958429.760,2873,646852,0,0.00000000,0.00000000,0.00,0,0,0.64,0.126,0.7840,0.4410,2.1070,2.2910,0.152222,-0.119202,0.019226,-0.980957,7.802,67.5,-1
1783958430.010,2874,647071,0,0.00000000,0.00000000,0.00,0,0,0.59,0.079,0.5390,0.2940,1.9600,2.0539,0.152222,-0.119202,0.019226,-0.980957,7.802,68.8,-1
1783958430.197,2875,647290,0,0.00000000,0.00000000,0.00,0,0,0.51,-0.000,0.1470,0.6370,0.5880,0.8793,0.152222,-0.119141,0.019226,-0.980957,7.802,70.0,-1
1783958430.447,2876,647512,0,0.00000000,0.00000000,0.00,0,0,0.65,0.076,0.1470,0.0490,1.8620,1.8684,0.152161,-0.119080,0.019348,-0.980957,7.802,72.5,-1
1783958430.633,2877,647734,0,0.00000000,0.00000000,0.00,0,0,0.60,0.042,0.5390,0.5390,2.2050,2.3330,0.152161,-0.119080,0.019409,-0.980957,7.802,71.2,-1
1783958430.882,2878,647955,0,0.00000000,0.00000000,0.00,0,0,0.64,0.062,0.5390,0.2940,1.7640,1.8678,0.152222,-0.119141,0.019470,-0.980957,7.802,70.0,-1
1783958431.069,2879,648170,0,0.00000000,0.00000000,0.00,0,0,0.69,0.095,1.4700,0.8330,1.3230,2.1460,0.152161,-0.119141,0.019470,-0.980957,7.801,68.8,-1
1783958431.318,2880,648396,0,0.00000000,0.00000000,0.00,0,0,0.67,0.074,-0.1470,1.4700,0.1960,1.4903,0.152039,-0.119202,0.019531,-0.980957,7.802,70.0,-1
1783958431.504,2881,648615,0,0.00000000,0.00000000,0.00,0,0,0.54,-0.022,0.6860,0.2450,1.9110,2.0451,0.152100,-0.119202,0.019409,-0.980957,7.801,71.2,-1
1783958431.753,2882,648838,0,0.00000000,0.00000000,0.00,0,0,0.59,0.007,0.9310,1.2250,2.0090,2.5305,0.152039,-0.119202,0.019287,-0.980957,7.804,73.8,-1
1783958432.001,2883,649065,0,0.00000000,0.00000000,0.00,0,0,0.66,0.049,1.1270,0.7840,2.7440,3.0683,0.152100,-0.119202,0.019409,-0.980957,7.802,73.8,-1
1783958432.186,2884,649280,0,0.00000000,0.00000000,0.00,0,0,0.53,-0.027,0.4900,0.3430,2.0580,2.1432,0.152100,-0.119202,0.019470,-0.980957,7.804,68.8,-1
1783958432.434,2885,649496,0,0.00000000,0.00000000,0.00,0,0,0.49,-0.022,0.0980,1.0780,0.6370,1.2560,0.152100,-0.119202,0.019470,-0.980957,7.805,73.8,-1
1783958432.621,2886,649719,0,0.00000000,0.00000000,0.00,0,0,0.52,-0.004,0.9310,0.4900,2.1070,2.3551,0.152100,-0.119202,0.019470,-0.980957,7.804,68.8,-1
1783958432.868,2887,649940,0,0.00000000,0.00000000,0.00,0,0,0.49,-0.021,-0.0980,1.1760,1.8130,2.1632,0.152100,-0.119202,0.019531,-0.980957,7.802,68.8,-1
1783958433.054,2888,650150,0,0.00000000,0.00000000,0.00,0,0,0.49,-0.027,1.0290,0.0000,2.2050,2.4333,0.152100,-0.119202,0.019531,-0.980957,7.804,71.2,-1
1783958433.301,2889,650372,0,0.00000000,0.00000000,0.00,0,0,0.43,-0.062,0.2940,0.1470,1.8620,1.8908,0.152100,-0.119202,0.019592,-0.980957,7.802,71.2,-1
1783958433.486,2890,650594,0,0.00000000,0.00000000,0.00,0,0,0.43,-0.060,1.5680,0.9310,1.4210,2.3118,0.152100,-0.119141,0.019592,-0.980957,7.801,78.8,-1
1783958433.736,2891,650819,0,0.00000000,0.00000000,0.00,0,0,0.42,-0.057,0.6860,0.3430,2.3030,2.4274,0.152100,-0.119141,0.019592,-0.980957,7.801,73.8,-1
1783958433.984,2892,651040,0,0.00000000,0.00000000,0.00,0,0,0.52,0.016,0.6370,0.6370,1.5680,1.8084,0.152100,-0.119141,0.019653,-0.980957,7.802,72.5,-1
1783958434.171,2893,651255,0,0.00000000,0.00000000,0.00,0,0,0.44,-0.004,0.0980,1.3230,1.1270,1.7407,0.152100,-0.119141,0.019653,-0.980957,7.802,73.8,-1
1783958434.420,2894,651475,0,0.00000000,0.00000000,0.00,0,0,0.49,0.048,0.6370,0.0490,1.3230,1.4692,0.152100,-0.119080,0.019714,-0.980957,7.802,71.2,-1
1783958434.605,2895,651701,0,0.00000000,0.00000000,0.00,0,0,0.43,0.022,0.3430,0.6860,1.3720,1.5718,0.152039,-0.119080,0.019653,-0.980957,7.804,73.8,-1
1783958434.853,2896,651922,0,0.00000000,0.00000000,0.00,0,0,0.52,0.068,1.2740,1.3720,2.1070,2.8187,0.152100,-0.119141,0.019653,-0.980957,7.804,71.2,-1
1783958435.040,2897,652136,0,0.00000000,0.00000000,0.00,0,0,0.53,0.081,0.4410,0.6370,1.8620,2.0168,0.152100,-0.119141,0.019653,-0.980957,7.805,73.8,-1
1783958435.289,2898,652359,0,0.00000000,0.00000000,0.00,0,0,0.43,0.006,0.1470,0.2940,2.4500,2.4720,0.152039,-0.119080,0.019592,-0.980957,7.802,76.2,-1
1783958435.475,2899,652583,0,0.00000000,0.00000000,0.00,0,0,0.50,0.052,0.4900,0.6860,1.7150,1.9110,0.152039,-0.119019,0.019470,-0.980957,7.802,81.2,-1
1783958435.724,2900,652804,0,0.00000000,0.00000000,0.00,0,0,0.43,0.000,0.1470,0.4900,1.1270,1.2377,0.152039,-0.119019,0.019592,-0.980957,7.804,80.0,-1
1783958435.911,2901,653023,0,0.00000000,0.00000000,0.00,0,0,0.37,-0.022,0.2450,0.7350,1.5190,1.7052,0.152100,-0.119080,0.019653,-0.980957,7.801,78.8,-1
1783958436.159,2902,653237,0,0.00000000,0.00000000,0.00,0,0,0.37,-0.032,0.5390,0.3920,1.6660,1.7944,0.152100,-0.119080,0.019592,-0.980957,7.802,75.0,-1
1783958436.345,2903,653455,0,0.00000000,0.00000000,0.00,0,0,0.36,-0.030,0.5880,0.8820,2.6460,2.8504,0.152100,-0.119141,0.019653,-0.980957,7.801,73.8,-1
1783958436.596,2904,653678,0,0.00000000,0.00000000,0.00,0,0,0.50,0.072,-0.4410,0.6370,0.2940,0.8287,0.152039,-0.119202,0.019714,-0.980957,7.802,72.5,-1
1783958436.783,2905,653896,0,0.00000000,0.00000000,0.00,0,0,0.37,0.003,0.4410,0.7840,1.7640,1.9801,0.151978,-0.119141,0.019592,-0.980957,7.801,81.2,-1
1783958437.032,2906,654142,0,0.00000000,0.00000000,0.00,0,0,0.35,-0.005,-0.2450,0.9310,1.3230,1.6362,0.151917,-0.119141,0.019592,-0.981018,7.804,73.8,-1
1783958437.282,2907,654366,0,0.00000000,0.00000000,0.00,0,0,0.31,-0.030,-0.2450,1.2250,1.1760,1.7157,0.151917,-0.119141,0.019470,-0.981018,7.802,75.0,-1
1783958437.530,2908,654590,0,0.00000000,0.00000000,0.00,0,0,0.35,-0.003,0.4900,0.3430,1.1270,1.2759,0.151855,-0.119080,0.019409,-0.981018,7.804,72.5,-1
1783958437.718,2909,654811,0,0.00000000,0.00000000,0.00,0,0,0.23,-0.084,1.2250,0.5390,1.9110,2.3330,0.151794,-0.119080,0.019409,-0.981018,7.804,68.8,-1
1783958437.967,2910,655034,0,0.00000000,0.00000000,0.00,0,0,0.27,-0.056,0.2450,0.3920,1.7150,1.7762,0.151794,-0.119080,0.019348,-0.981018,7.802,72.5,-1
1783958438.155,2911,655253,0,0.00000000,0.00000000,0.00,0,0,0.37,0.016,0.0980,0.7350,1.7640,1.9135,0.151733,-0.119080,0.019348,-0.981018,7.802,71.2,-1
1783958438.401,2912,655478,0,0.00000000,0.00000000,0.00,0,0,0.16,-0.119,0.3430,0.9310,1.4210,1.7331,0.151672,-0.119019,0.019287,-0.981018,7.801,80.0,-1
1783958438.649,2913,655703,0,0.00000000,0.00000000,0.00,0,0,0.38,0.017,0.5880,0.8330,1.6660,1.9533,0.151733,-0.119019,0.019287,-0.981018,7.802,78.8,-1
1783958438.837,2914,655921,0,0.00000000,0.00000000,0.00,0,0,0.32,-0.004,0.4900,0.6860,1.8620,2.0440,0.151794,-0.119141,0.019287,-0.981018,7.801,67.5,-1
1783958439.024,2915,656136,0,0.00000000,0.00000000,0.00,0,0,0.21,-0.070,-0.3920,0.5880,0.6860,0.9849,0.151855,-0.119080,0.019287,-0.981018,7.800,71.2,-1
1783958439.271,2916,656359,0,0.00000000,0.00000000,0.00,0,0,0.38,0.045,0.0980,0.9800,1.8130,2.0632,0.151855,-0.119080,0.019165,-0.981018,7.802,78.8,-1
1783958439.521,2917,656585,0,0.00000000,0.00000000,0.00,0,0,0.35,0.026,0.2450,0.0000,1.1270,1.1533,0.151855,-0.119019,0.019104,-0.981018,7.801,73.8,-1
1783958439.707,2918,656809,0,0.00000000,0.00000000,0.00,0,0,0.24,-0.056,0.0980,0.5880,1.2250,1.3623,0.151855,-0.118958,0.018982,-0.981018,7.802,77.5,-1
1783958439.954,2919,657034,0,0.00000000,0.00000000,0.00,0,0,0.25,-0.043,0.2450,0.6860,1.9110,2.0451,0.151855,-0.118896,0.018921,-0.981018,7.801,72.5,-1
1783958440.140,2920,657247,0,0.00000000,0.00000000,0.00,0,0,0.26,-0.054,-0.0490,0.4900,1.0780,1.1852,0.151978,-0.118958,0.018921,-0.981018,7.804,72.5,-1
1783958440.388,2921,657474,0,0.00000000,0.00000000,0.00,0,0,0.34,0.022,0.0980,0.8330,1.3230,1.5665,0.151917,-0.119019,0.018860,-0.981018,7.800,76.2,-1
1783958440.640,2922,657698,0,0.00000000,0.00000000,0.00,0,0,0.34,0.005,0.4900,0.2450,0.9310,1.0802,0.151978,-0.118958,0.018860,-0.981018,7.801,73.8,-1
1783958440.826,2923,657925,0,0.00000000,0.00000000,0.00,0,0,0.31,-0.014,0.6860,1.1270,1.4210,1.9391,0.152039,-0.118958,0.018860,-0.981018,7.801,67.5,-1
1783958441.073,2924,658144,0,0.00000000,0.00000000,0.00,0,0,0.26,-0.023,0.2450,0.7840,1.1270,1.3946,0.152039,-0.118958,0.018738,-0.981018,7.801,81.2,-1
1783958441.260,2925,658370,0,0.00000000,0.00000000,0.00,0,0,0.34,0.127,0.1960,1.3720,0.8820,1.6428,0.138123,-0.116150,0.021729,-0.983337,7.802,72.5,-1
1783958441.506,2926,658594,0,0.00000000,0.00000000,0.00,0,0,0.32,0.104,0.1470,0.6370,1.5680,1.6988,0.143066,-0.116821,0.020630,-0.982605,7.800,80.0,-1
1783958441.755,2927,658820,0,0.00000000,0.00000000,0.00,0,0,0.31,0.067,0.2940,0.5390,1.6170,1.7296,0.143066,-0.116577,0.020691,-0.982605,7.801,73.8,-1
1783958441.940,2928,659048,0,0.00000000,0.00000000,0.00,0,0,0.31,0.054,0.0000,0.5390,1.5190,1.6118,0.143005,-0.115540,0.021118,-0.982727,7.802,76.2,-1
1783958442.191,2929,659263,0,0.00000000,0.00000000,0.00,0,0,0.22,0.020,0.4900,0.4410,1.2250,1.3911,0.142944,-0.115662,0.021057,-0.982727,7.804,76.2,-1
1783958442.378,2930,659485,0,0.00000000,0.00000000,0.00,0,0,0.25,0.039,0.7350,0.4410,1.2250,1.4951,0.143005,-0.115662,0.021545,-0.982727,7.802,75.0,-1
1783958442.629,2931,659711,0,0.00000000,0.00000000,0.00,0,0,0.32,0.083,1.3720,0.3430,3.1850,3.4849,0.142944,-0.115845,0.021667,-0.982666,7.801,71.2,-1
1783958442.816,2932,659929,0,0.00000000,0.00000000,0.00,0,0,0.24,0.027,0.3430,0.4410,1.6660,1.7572,0.142944,-0.115845,0.021667,-0.982666,7.801,80.0,-1
1783958443.063,2933,660142,0,0.00000000,0.00000000,0.00,0,0,0.21,0.111,0.4410,0.3920,1.9110,2.0000,0.143066,-0.116516,0.020996,-0.982605,7.802,75.0,-1
1783958443.250,2934,660359,0,0.00000000,0.00000000,0.00,0,0,0.05,-0.044,0.4900,-0.0490,2.4500,2.4990,0.143372,-0.116211,0.021667,-0.982605,7.800,77.5,-1
1783958443.499,2935,660582,0,0.00000000,0.00000000,0.00,0,0,0.23,0.052,0.3430,0.6370,2.0580,2.1815,0.143250,-0.116211,0.021606,-0.982605,7.801,75.0,-1
1783958443.749,2936,660805,0,0.00000000,0.00000000,0.00,0,0,0.03,-0.070,0.6370,-0.2450,1.7640,1.8914,0.143311,-0.116272,0.021545,-0.982605,7.801,72.5,-1
1783958443.937,2937,661027,0,0.00000000,0.00000000,0.00,0,0,0.12,-0.012,0.5390,0.7350,1.0290,1.3746,0.143372,-0.116272,0.021545,-0.982605,7.801,73.8,-1
1783958444.186,2938,661244,0,0.00000000,0.00000000,0.00,0,0,0.06,-0.064,0.3430,0.1470,1.1760,1.2338,0.143372,-0.116455,0.021606,-0.982544,7.801,75.0,-1
1783958444.372,2939,661465,0,0.00000000,0.00000000,0.00,0,0,0.16,0.004,0.3920,0.4410,1.0290,1.1862,0.143433,-0.116699,0.021667,-0.982544,7.802,68.8,-1
1783958444.619,2940,661683,0,0.00000000,0.00000000,0.00,0,0,0.09,-0.021,0.1470,0.4900,1.4700,1.5565,0.143433,-0.116638,0.021790,-0.982544,7.802,80.0,-1
1783958444.806,2941,661903,0,0.00000000,0.00000000,0.00,0,0,0.02,-0.066,0.2450,0.3920,1.0780,1.1729,0.143433,-0.116699,0.021790,-0.982544,7.801,77.5,-1
1783958445.053,2942,662146,0,0.00000000,0.00000000,0.00,0,0,0.11,-0.018,0.0000,0.7350,1.1270,1.3455,0.143494,-0.116638,0.021606,-0.982544,7.800,72.5,-1
1783958445.302,2943,662368,0,0.00000000,0.00000000,0.00,0,0,0.26,0.083,0.1470,0.4900,1.1270,1.2377,0.143555,-0.116638,0.021606,-0.982483,7.801,73.8,-1
1783958445.488,2944,662591,0,0.00000000,0.00000000,0.00,0,0,0.13,-0.007,-0.0980,1.3720,-0.4900,1.4602,0.143616,-0.116638,0.021545,-0.982483,7.800,80.0,-1
1783958445.731,2945,662816,0,0.00000000,0.00000000,0.00,0,0,0.11,-0.025,0.0490,0.2450,1.7640,1.7816,0.143616,-0.116638,0.021484,-0.982483,7.800,75.0,-1
1783958445.982,2946,663036,0,0.00000000,0.00000000,0.00,0,0,0.10,-0.018,0.3920,0.2450,1.5680,1.6347,0.143677,-0.116699,0.021484,-0.982483,7.800,75.0,-1
1783958446.169,2947,663254,0,0.00000000,0.00000000,0.00,0,0,0.02,-0.083,0.3430,0.1470,1.5680,1.6118,0.143616,-0.116577,0.021545,-0.982483,7.801,78.8,-1
1783958446.419,2948,663478,0,0.00000000,0.00000000,0.00,0,0,0.03,-0.064,0.5390,0.4900,0.9800,1.2211,0.143555,-0.116577,0.021484,-0.982544,7.802,77.5,-1
1783958446.604,2949,663697,0,0.00000000,0.00000000,0.00,0,0,0.20,0.049,0.3430,0.2450,1.3720,1.4353,0.143433,-0.116516,0.021606,-0.982544,7.800,78.8,-1
1783958446.853,2950,663919,0,0.00000000,0.00000000,0.00,0,0,0.17,0.036,0.9800,0.0000,2.7440,2.9137,0.143433,-0.116516,0.021484,-0.982544,7.801,78.8,-1
1783958447.039,2951,664135,0,0.00000000,0.00000000,0.00,0,0,-0.02,-0.102,0.2450,0.9800,1.4210,1.7435,0.143372,-0.116638,0.021667,-0.982544,7.804,73.8,-1
1783958447.286,2952,664362,0,0.00000000,0.00000000,0.00,0,0,0.10,-0.022,1.2250,0.7350,2.4500,2.8361,0.143372,-0.116699,0.021667,-0.982544,7.801,75.0,-1
1783958447.473,2953,664579,0,0.00000000,0.00000000,0.00,0,0,0.16,0.028,0.1470,0.2450,1.6170,1.6420,0.143311,-0.116699,0.021729,-0.982544,7.801,82.5,-1
1783958447.721,2954,664801,0,0.00000000,0.00000000,0.00,0,0,0.23,0.065,0.0980,0.2940,1.2740,1.3112,0.143372,-0.116760,0.021790,-0.982544,7.802,76.2,-1
1783958447.971,2955,665023,0,0.00000000,0.00000000,0.00,0,0,0.21,0.042,1.0290,0.3430,1.3230,1.7108,0.143372,-0.116699,0.021790,-0.982544,7.801,77.5,-1
1783958448.157,2956,665237,0,0.00000000,0.00000000,0.00,0,0,0.15,0.031,0.5880,0.2450,1.0780,1.2521,0.143188,-0.116638,0.021851,-0.982544,7.801,75.0,-1
1783958448.409,2957,665465,0,0.00000000,0.00000000,0.00,0,0,0.21,0.068,0.2450,0.4900,2.1070,2.1771,0.143250,-0.116699,0.021790,-0.982544,7.802,73.8,-1
1783958448.597,2958,665686,0,0.00000000,0.00000000,0.00,0,0,0.27,0.089,0.1960,-0.0980,1.3230,1.3410,0.143311,-0.116577,0.021667,-0.982544,7.801,76.2,-1
1783958448.847,2959,665906,0,0.00000000,0.00000000,0.00,0,0,0.17,0.028,0.0980,1.0290,1.7150,2.0024,0.143372,-0.116577,0.021729,-0.982544,7.801,75.0,-1
1783958449.034,2960,666125,0,0.00000000,0.00000000,0.00,0,0,0.29,0.071,0.2940,0.3920,1.1760,1.2740,0.143311,-0.116516,0.021790,-0.982544,7.801,67.5,-1
1783958449.283,2961,666347,0,0.00000000,0.00000000,0.00,0,0,0.17,-0.012,0.1470,0.5390,0.9800,1.1281,0.143433,-0.116455,0.021729,-0.982544,7.801,75.0,-1
1783958449.468,2962,666568,0,0.00000000,0.00000000,0.00,0,0,0.24,0.030,0.4900,0.3920,1.5190,1.6435,0.143372,-0.116516,0.021729,-0.982544,7.801,73.8,-1
1783958449.719,2963,666793,0,0.00000000,0.00000000,0.00,0,0,0.23,0.014,0.4900,0.1960,1.5680,1.6544,0.143433,-0.116516,0.021667,-0.982544,7.802,70.0,-1
1783958449.904,2964,667015,0,0.00000000,0.00000000,0.00,0,0,0.18,-0.003,0.2450,0.5880,1.0290,1.2102,0.143372,-0.116455,0.021667,-0.982544,7.801,72.5,-1
1783958450.151,2965,667230,0,0.00000000,0.00000000,0.00,0,0,0.22,0.010,0.0490,0.6370,1.4700,1.6028,0.143372,-0.116455,0.021729,-0.982544,7.802,71.2,-1
1783958450.400,2966,667455,0,0.00000000,0.00000000,0.00,0,0,0.17,-0.018,0.3430,0.1960,1.2250,1.2871,0.143250,-0.116455,0.021790,-0.982544,7.801,72.5,-1
1783958450.587,2967,667679,0,0.00000000,0.00000000,0.00,0,0,0.22,0.013,0.2450,0.6860,1.4210,1.5968,0.143250,-0.116577,0.021729,-0.982544,7.802,72.5,-1
1783958450.837,2968,667902,0,0.00000000,0.00000000,0.00,0,0,0.16,-0.021,0.0980,0.9310,1.1760,1.5031,0.143250,-0.116577,0.021667,-0.982544,7.801,67.5,-1
1783958451.086,2969,668149,0,0.00000000,0.00000000,0.00,0,0,0.08,-0.064,0.5880,0.3920,1.6660,1.8097,0.143250,-0.116577,0.021729,-0.982544,7.801,73.8,-1
1783958451.272,2970,668371,0,0.00000000,0.00000000,0.00,0,0,0.07,-0.054,0.0490,0.7840,1.5190,1.7101,0.143250,-0.116516,0.021790,-0.982544,7.802,71.2,-1
1783958451.522,2971,668590,0,0.00000000,0.00000000,0.00,0,0,0.21,0.022,0.6860,0.0980,1.9110,2.0328,0.143250,-0.116516,0.021912,-0.982544,7.804,68.8,-1
1783958451.708,2972,668809,0,0.00000000,0.00000000,0.00,0,0,0.20,0.005,-0.0980,0.2940,0.8330,0.8888,0.143250,-0.116516,0.021973,-0.982544,7.804,73.8,-1
1783958451.956,2973,669029,0,0.00000000,0.00000000,0.00,0,0,0.25,0.031,0.7840,0.4410,2.0090,2.2012,0.143311,-0.116577,0.022034,-0.982544,7.802,72.5,-1
1783958452.144,2974,669244,0,0.00000000,0.00000000,0.00,0,0,0.29,0.053,0.6370,0.2940,1.2250,1.4117,0.143311,-0.116577,0.022095,-0.982544,7.804,70.0,-1
1783958452.394,2975,669469,0,0.00000000,0.00000000,0.00,0,0,0.36,0.082,0.4900,0.2450,1.3720,1.4773,0.143311,-0.116577,0.022034,-0.982544,7.802,76.2,-1
1783958452.642,2976,669694,0,0.00000000,0.00000000,0.00,0,0,0.54,0.175,0.8820,-0.2940,2.3030,2.4836,0.143250,-0.116577,0.021912,-0.982544,7.804,75.0,-1
1783958452.828,2977,669915,0,0.00000000,0.00000000,0.00,0,0,0.41,0.097,0.1960,0.5390,1.9600,2.0422,0.143250,-0.116577,0.021912,-0.982544,7.802,75.0,-1
1783958453.078,2978,670135,0,0.00000000,0.00000000,0.00,0,0,0.48,0.107,0.2940,0.7350,1.5680,1.7565,0.143250,-0.116577,0.021912,-0.982544,7.802,75.0,-1
1783958453.264,2979,670357,0,0.00000000,0.00000000,0.00,0,0,0.29,-0.037,-0.2940,0.4900,0.6370,0.8557,0.143250,-0.116638,0.021912,-0.982544,7.802,75.0,-1
1783958453.512,2980,670584,0,0.00000000,0.00000000,0.00,0,0,0.47,0.084,0.2940,0.4410,1.4210,1.5166,0.143250,-0.116699,0.021851,-0.982544,7.802,71.2,-1
1783958453.701,2981,670805,0,0.00000000,0.00000000,0.00,0,0,0.47,0.088,0.1470,0.7840,1.4700,1.6725,0.143250,-0.116638,0.021729,-0.982544,7.802,72.5,-1
1783958453.952,2982,671024,0,0.00000000,0.00000000,0.00,0,0,0.40,0.045,0.4410,0.2450,0.9800,1.1022,0.143250,-0.116638,0.021790,-0.982544,7.804,73.8,-1
1783958454.140,2983,671242,0,0.00000000,0.00000000,0.00,0,0,0.50,0.097,0.3430,0.5880,1.3720,1.5316,0.143250,-0.116638,0.021667,-0.982544,7.804,73.8,-1
1783958454.387,2984,671468,0,0.00000000,0.00000000,0.00,0,0,0.43,0.051,0.4900,0.4900,1.0290,1.2406,0.143250,-0.116577,0.021729,-0.982544,7.805,72.5,-1
1783958454.634,2985,671690,0,0.00000000,0.00000000,0.00,0,0,0.53,0.092,0.3920,0.1960,2.0090,2.0562,0.143250,-0.116638,0.021667,-0.982544,7.802,70.0,-1
1783958454.821,2986,671915,0,0.00000000,0.00000000,0.00,0,0,0.47,0.031,0.6370,0.9310,1.2740,1.7016,0.143250,-0.116638,0.021667,-0.982544,7.802,71.2,-1
1783958455.066,2987,672127,0,0.00000000,0.00000000,0.00,0,0,0.50,0.017,0.4410,0.3920,1.2740,1.4040,0.143250,-0.116699,0.021667,-0.982544,7.801,72.5,-1
1783958455.253,2988,672347,0,0.00000000,0.00000000,0.00,0,0,0.59,0.067,0.8330,0.1470,2.5480,2.6847,0.143250,-0.116638,0.021729,-0.982544,7.802,75.0,-1
1783958455.499,2989,672565,0,0.00000000,0.00000000,0.00,0,0,0.64,0.105,-0.2940,1.4700,1.3720,2.0322,0.143250,-0.116638,0.021790,-0.982544,7.801,76.2,-1
1783958455.687,2990,672790,0,0.00000000,0.00000000,0.00,0,0,0.72,0.126,0.4900,0.2940,1.1760,1.3075,0.143250,-0.116638,0.021790,-0.982544,7.802,72.5,-1
1783958455.933,2991,673008,0,0.00000000,0.00000000,0.00,0,0,0.76,0.131,0.3920,0.6860,1.7640,1.9329,0.143250,-0.116638,0.021851,-0.982544,7.802,75.0,-1
1783958456.120,2992,673224,0,0.00000000,0.00000000,0.00,0,0,0.48,-0.041,0.3430,0.3920,1.1760,1.2862,0.143250,-0.116638,0.021912,-0.982544,7.802,78.8,-1
1783958456.370,2993,673452,0,0.00000000,0.00000000,0.00,0,0,0.57,0.012,0.7350,0.3920,2.4990,2.6342,0.143250,-0.116699,0.021912,-0.982544,7.805,70.0,-1
1783958456.621,2994,673677,0,0.00000000,0.00000000,0.00,0,0,0.65,0.076,0.0490,0.8330,1.2250,1.4822,0.143250,-0.116699,0.021790,-0.982544,7.802,76.2,-1
1783958456.807,2995,673901,0,0.00000000,0.00000000,0.00,0,0,0.58,0.035,0.8330,0.5390,1.5680,1.8555,0.143250,-0.116699,0.021729,-0.982544,7.802,72.5,-1
1783958457.055,2996,674143,0,0.00000000,0.00000000,0.00,0,0,0.57,0.008,0.0490,0.0980,0.9800,0.9861,0.143250,-0.116638,0.021667,-0.982544,7.802,75.0,-1
1783958457.304,2997,674360,0,0.00000000,0.00000000,0.00,0,0,0.46,-0.062,-0.1960,1.0290,1.1270,1.5386,0.143250,-0.116638,0.021729,-0.982544,7.804,72.5,-1
1783958457.491,2998,674581,0,0.00000000,0.00000000,0.00,0,0,0.45,-0.076,0.1960,0.5390,0.2940,0.6445,0.143250,-0.116577,0.021729,-0.982544,7.802,75.0,-1
1783958457.738,2999,674804,0,0.00000000,0.00000000,0.00,0,0,0.38,-0.121,0.9800,0.1960,1.8620,2.1133,0.143250,-0.116638,0.021667,-0.982544,7.802,75.0,-1
1783958457.923,3000,675026,0,0.00000000,0.00000000,0.00,0,0,0.53,-0.035,0.6860,0.6370,1.8620,2.0841,0.143250,-0.116577,0.021667,-0.982544,7.804,72.5,-1
1783958458.171,3001,675238,0,0.00000000,0.00000000,0.00,0,0,0.54,-0.015,0.4900,0.3430,1.9110,2.0024,0.143250,-0.116577,0.021667,-0.982544,7.802,76.2,-1
1783958458.357,3002,675463,0,0.00000000,0.00000000,0.00,0,0,0.47,-0.051,-0.0490,1.0290,1.5680,1.8761,0.143250,-0.116638,0.021667,-0.982544,7.801,80.0,-1
1783958458.607,3003,675685,0,0.00000000,0.00000000,0.00,0,0,0.63,0.051,0.2450,0.7350,0.9800,1.2493,0.143250,-0.116638,0.021729,-0.982544,7.802,77.5,-1
1783958458.853,3004,675907,0,0.00000000,0.00000000,0.00,0,0,0.59,0.012,-0.1470,0.3920,0.2450,0.4851,0.143250,-0.116638,0.021851,-0.982544,7.805,73.8,-1
1783958459.040,3005,676119,0,0.00000000,0.00000000,0.00,0,0,0.76,0.118,0.2940,0.5880,1.3720,1.5214,0.143250,-0.116577,0.021912,-0.982544,7.804,76.2,-1
1783958459.284,3006,676347,0,0.00000000,0.00000000,0.00,0,0,0.69,0.070,0.8820,0.1960,1.3720,1.6428,0.143250,-0.116577,0.021912,-0.982544,7.805,76.2,-1
1783958459.472,3007,676567,0,0.00000000,0.00000000,0.00,0,0,0.76,0.100,0.7840,0.4900,1.2250,1.5347,0.143250,-0.116577,0.021912,-0.982544,7.804,73.8,-1
1783958459.722,3008,676786,0,0.00000000,0.00000000,0.00,0,0,0.71,0.070,0.2450,0.2940,1.7150,1.7572,0.143250,-0.116638,0.021912,-0.982544,7.802,73.8,-1
1783958459.906,3009,677010,0,0.00000000,0.00000000,0.00,0,0,0.63,0.025,0.7840,0.1960,2.0580,2.2110,0.143311,-0.116638,0.022034,-0.982544,7.804,75.0,-1
1783958460.156,3010,677221,0,0.00000000,0.00000000,0.00,0,0,0.56,-0.017,0.2940,0.4410,1.7150,1.7950,0.143250,-0.116638,0.021973,-0.982544,7.804,68.8,-1
1783958460.341,3011,677446,0,0.00000000,0.00000000,0.00,0,0,0.57,-0.022,0.4900,0.5880,1.7150,1.8780,0.143250,-0.116699,0.021912,-0.982544,7.801,75.0,-1
1783958460.589,3012,677668,0,0.00000000,0.00000000,0.00,0,0,0.66,0.018,1.7150,0.2940,2.3030,2.8864,0.143250,-0.116699,0.021912,-0.982544,7.801,75.0,-1
1783958460.836,3013,677889,0,0.00000000,0.00000000,0.00,0,0,0.59,-0.014,0.3430,0.6370,1.5190,1.6825,0.143250,-0.116760,0.021851,-0.982544,7.801,72.5,-1
1783958461.024,3014,678135,0,0.00000000,0.00000000,0.00,0,0,0.54,-0.020,0.9310,0.7840,2.0580,2.3910,0.143250,-0.116699,0.021851,-0.982544,7.802,73.8,-1
1783958461.269,3015,678358,0,0.00000000,0.00000000,0.00,0,0,0.59,0.025,0.4900,0.6860,2.1070,2.2694,0.143250,-0.116699,0.021912,-0.982544,7.802,78.8,-1
1783958461.516,3016,678583,0,0.00000000,0.00000000,0.00,0,0,0.52,-0.010,0.3920,0.3430,2.0580,2.1229,0.143250,-0.116638,0.021973,-0.982544,7.804,68.8,-1
1783958461.702,3017,678800,0,0.00000000,0.00000000,0.00,0,0,0.61,0.033,0.3430,0.7350,1.0780,1.3491,0.143311,-0.116638,0.022034,-0.982544,7.802,75.0,-1
1783958461.949,3018,679019,0,0.00000000,0.00000000,0.00,0,0,0.54,-0.004,0.2450,0.3920,1.8620,1.9185,0.143311,-0.116638,0.022034,-0.982544,7.802,78.8,-1
1783958462.138,3019,679236,0,0.00000000,0.00000000,0.00,0,0,0.51,-0.024,0.8820,0.2450,2.4010,2.5696,0.143250,-0.116577,0.021973,-0.982544,7.802,73.8,-1
1783958462.387,3020,679458,0,0.00000000,0.00000000,0.00,0,0,0.62,0.058,0.1960,0.6860,1.9110,2.0398,0.143188,-0.116516,0.021912,-0.982544,7.801,77.5,-1
1783958462.572,3021,679678,0,0.00000000,0.00000000,0.00,0,0,0.58,0.028,0.3920,0.3430,2.3030,2.3612,0.143188,-0.116516,0.021973,-0.982544,7.802,76.2,-1
1783958462.822,3022,679903,0,0.00000000,0.00000000,0.00,0,0,0.58,0.014,0.2450,0.3430,1.0290,1.1120,0.143311,-0.116577,0.021912,-0.982544,7.800,76.2,-1
1783958463.070,3023,680149,0,0.00000000,0.00000000,0.00,0,0,0.60,0.028,0.5390,0.4900,0.9800,1.2211,0.143311,-0.116577,0.021851,-0.982544,7.801,72.5,-1
1783958463.315,3024,680374,0,0.00000000,0.00000000,0.00,0,0,0.50,-0.049,0.4900,0.5390,1.4210,1.5968,0.143372,-0.116699,0.021790,-0.982544,7.802,75.0,-1
1783958463.502,3025,680595,0,0.00000000,0.00000000,0.00,0,0,0.62,0.026,0.2450,0.6370,1.4700,1.6207,0.143372,-0.116882,0.021667,-0.982483,7.802,80.0,-1
1783958463.748,3026,680814,0,0.00000000,0.00000000,0.00,0,0,0.58,0.005,-0.1960,0.7840,1.5680,1.7640,0.143433,-0.116760,0.021606,-0.982544,7.802,75.0,-1
1783958463.933,3027,681036,0,0.00000000,0.00000000,0.00,0,0,0.62,0.032,0.2940,0.3430,0.7350,0.8627,0.143494,-0.116699,0.021606,-0.982483,7.802,73.8,-1
1783958464.183,3028,681256,0,0.00000000,0.00000000,0.00,0,0,0.63,0.031,0.9800,0.8330,2.2050,2.5527,0.143555,-0.116699,0.021729,-0.982483,7.800,76.2,-1
1783958464.368,3029,681478,0,0.00000000,0.00000000,0.00,0,0,0.69,0.087,-0.0490,0.2450,0.5880,0.6389,0.143494,-0.116760,0.021667,-0.982483,7.802,76.2,-1
1783958464.618,3030,681701,0,0.00000000,0.00000000,0.00,0,0,0.63,0.037,0.1960,0.4410,1.4210,1.5007,0.143616,-0.116821,0.021729,-0.982483,7.801,75.0,-1
1783958464.868,3031,681923,0,0.00000000,0.00000000,0.00,0,0,0.64,0.046,0.5880,0.0490,0.5880,0.8330,0.143616,-0.116699,0.021729,-0.982483,7.802,73.8,-1
1783958465.054,3032,682136,0,0.00000000,0.00000000,0.00,0,0,0.62,0.021,0.3920,0.1960,1.3230,1.3937,0.143555,-0.116760,0.021790,-0.982483,7.801,76.2,-1
1783958465.300,3033,682363,0,0.00000000,0.00000000,0.00,0,0,0.65,0.041,0.5390,0.3430,1.3720,1.5135,0.143555,-0.116638,0.021729,-0.982483,7.801,75.0,-1
1783958465.486,3034,682578,0,0.00000000,0.00000000,0.00,0,0,0.61,0.019,0.6370,-0.1960,2.6950,2.7762,0.143555,-0.116516,0.021606,-0.982544,7.800,78.8,-1
1783958465.733,3035,682803,0,0.00000000,0.00000000,0.00,0,0,0.74,0.090,0.2940,0.6860,1.5680,1.7366,0.143555,-0.116638,0.021667,-0.982483,7.802,73.8,-1
1783958465.920,3036,683028,0,0.00000000,0.00000000,0.00,0,0,0.50,-0.055,0.0000,-0.1470,1.7150,1.7213,0.143555,-0.116699,0.021545,-0.982483,7.804,72.5,-1
1783958466.169,3037,683239,0,0.00000000,0.00000000,0.00,0,0,0.48,-0.075,-0.0490,0.1470,1.3230,1.3320,0.143494,-0.116760,0.021606,-0.982483,7.802,75.0,-1
1783958466.355,3038,683463,0,0.00000000,0.00000000,0.00,0,0,0.65,0.024,0.2450,0.6370,0.9800,1.1942,0.143738,-0.116638,0.021667,-0.982483,7.801,72.5,-1
1783958466.604,3039,683681,0,0.00000000,0.00000000,0.00,0,0,0.59,-0.006,0.7840,0.2450,1.8620,2.0351,0.143738,-0.116638,0.021667,-0.982483,7.802,76.2,-1
1783958466.852,3040,683904,0,0.00000000,0.00000000,0.00,0,0,0.67,0.042,-0.3920,1.2250,0.5390,1.3946,0.143677,-0.116577,0.021667,-0.982483,7.801,72.5,-1
1783958467.037,3041,684146,0,0.00000000,0.00000000,0.00,0,0,0.65,0.021,0.5880,0.5880,1.4700,1.6889,0.143677,-0.116516,0.021729,-0.982483,7.802,72.5,-1
1783958467.302,3042,684365,0,0.00000000,0.00000000,0.00,0,0,0.59,-0.018,0.9800,0.4900,0.8820,1.4066,0.143616,-0.116394,0.021729,-0.982544,7.801,72.5,-1
1783958467.488,3043,684583,0,0.00000000,0.00000000,0.00,0,0,0.58,-0.028,0.5880,0.3430,1.6170,1.7544,0.143555,-0.116516,0.021729,-0.982544,7.802,71.2,-1
1783958467.736,3044,684805,0,0.00000000,0.00000000,0.00,0,0,0.59,-0.040,1.1270,-0.0490,1.3230,1.7386,0.143555,-0.116516,0.021729,-0.982544,7.801,73.8,-1
1783958467.924,3045,685023,0,0.00000000,0.00000000,0.00,0,0,0.56,-0.029,0.0490,1.2740,0.8330,1.5229,0.143555,-0.116516,0.021729,-0.982544,7.801,72.5,-1
1783958468.172,3046,685238,0,0.00000000,0.00000000,0.00,0,0,0.52,-0.061,0.4900,0.5880,1.7150,1.8780,0.143555,-0.116577,0.021851,-0.982483,7.801,68.8,-1
1783958468.359,3047,685455,0,0.00000000,0.00000000,0.00,0,0,0.61,0.004,-0.1470,0.5880,1.3720,1.4999,0.143555,-0.116577,0.021790,-0.982483,7.801,71.2,-1
1783958468.610,3048,685676,0,0.00000000,0.00000000,0.00,0,0,0.58,-0.004,-0.3430,1.5190,-0.0980,1.5603,0.143616,-0.116638,0.021790,-0.982483,7.804,71.2,-1
1783958468.796,3049,685895,0,0.00000000,0.00000000,0.00,0,0,0.56,-0.023,-0.0980,0.9800,2.2540,2.4598,0.143494,-0.116516,0.021729,-0.982544,7.801,76.2,-1
1783958469.045,3050,686140,0,0.00000000,0.00000000,0.00,0,0,0.51,-0.045,0.6370,0.7840,1.6660,1.9483,0.143494,-0.116333,0.021667,-0.982544,7.802,67.5,-1
1783958469.294,3051,686363,0,0.00000000,0.00000000,0.00,0,0,0.36,-0.139,0.2450,0.2450,1.2740,1.3203,0.143494,-0.116394,0.021667,-0.982544,7.801,68.8,-1
1783958469.481,3052,686588,0,0.00000000,0.00000000,0.00,0,0,0.56,-0.001,0.1960,0.8820,1.2250,1.5222,0.143555,-0.116516,0.021667,-0.982544,7.801,77.5,-1
1783958469.730,3053,686812,0,0.00000000,0.00000000,0.00,0,0,0.53,-0.008,-0.5880,0.8330,1.2740,1.6318,0.143616,-0.116577,0.021667,-0.982483,7.800,71.2,-1
1783958469.979,3054,687038,0,0.00000000,0.00000000,0.00,0,0,0.58,0.011,0.2940,-0.1960,0.9800,1.0418,0.143677,-0.116699,0.021729,-0.982483,7.802,70.0,-1
1783958470.163,3055,687248,0,0.00000000,0.00000000,0.00,0,0,0.45,-0.086,0.2450,0.3430,2.3520,2.3895,0.143677,-0.116760,0.021729,-0.982483,7.801,73.8,-1
1783958470.412,3056,687471,0,0.00000000,0.00000000,0.00,0,0,0.44,-0.078,0.8330,0.6370,2.3520,2.5752,0.143677,-0.116760,0.021729,-0.982483,7.802,71.2,-1
1783958470.597,3057,687695,0,0.00000000,0.00000000,0.00,0,0,0.47,-0.078,0.2940,0.7350,1.4210,1.6266,0.143738,-0.116760,0.021667,-0.982483,7.801,72.5,-1
1783958470.845,3058,687920,0,0.00000000,0.00000000,0.00,0,0,0.52,-0.037,0.7840,0.2940,1.4700,1.6917,0.143860,-0.116821,0.021667,-0.982422,7.802,70.0,-1
1783958471.033,3059,688135,0,0.00000000,0.00000000,0.00,0,0,0.48,-0.047,1.0780,0.9800,0.3430,1.4967,0.143860,-0.116882,0.021729,-0.982422,7.804,71.2,-1
1783958471.281,3060,688359,0,0.00000000,0.00000000,0.00,0,0,0.39,-0.110,0.3430,1.1270,1.9600,2.2868,0.143982,-0.116821,0.021729,-0.982422,7.802,70.0,-1
1783958471.529,3061,688583,0,0.00000000,0.00000000,0.00,0,0,0.42,-0.108,0.4900,0.5880,0.1470,0.7794,0.144043,-0.116882,0.021667,-0.982422,7.801,70.0,-1
1783958471.718,3062,688805,0,0.00000000,0.00000000,0.00,0,0,0.51,-0.058,0.2940,0.7350,1.2740,1.4999,0.144104,-0.116821,0.021606,-0.982422,7.801,72.5,-1
1783958471.964,3063,689026,0,0.00000000,0.00000000,0.00,0,0,0.43,-0.086,0.9800,0.5880,1.7640,2.1019,0.144104,-0.116760,0.021606,-0.982422,7.801,70.0,-1
1783958472.150,3064,689241,0,0.00000000,0.00000000,0.00,0,0,0.49,-0.050,0.5390,0.3430,1.8620,1.9686,0.144104,-0.116760,0.021606,-0.982422,7.802,73.8,-1
1783958472.397,3065,689466,0,0.00000000,0.00000000,0.00,0,0,0.51,-0.034,0.6370,0.2450,1.1270,1.3175,0.144165,-0.116760,0.021545,-0.982422,7.801,71.2,-1
1783958472.582,3066,689687,0,0.00000000,0.00000000,0.00,0,0,0.45,-0.080,1.1760,0.4410,1.5190,1.9710,0.144226,-0.116760,0.021545,-0.982422,7.801,68.8,-1
1783958472.831,3067,689904,0,0.00000000,0.00000000,0.00,0,0,0.37,-0.124,0.6860,0.2450,2.3520,2.4622,0.144165,-0.116638,0.021667,-0.982422,7.800,72.5,-1
1783958473.079,3068,690151,0,0.00000000,0.00000000,0.00,0,0,0.44,-0.078,0.2940,0.8820,1.4700,1.7393,0.144226,-0.116516,0.021667,-0.982422,7.802,68.8,-1
1783958473.265,3069,690375,0,0.00000000,0.00000000,0.00,0,0,0.41,-0.078,0.3920,0.5390,1.9110,2.0239,0.144165,-0.116516,0.021606,-0.982422,7.801,76.2,-1
1783958473.515,3070,690596,0,0.00000000,0.00000000,0.00,0,0,0.34,-0.127,0.2450,0.1470,1.0290,1.0679,0.144104,-0.116638,0.021545,-0.982422,7.801,85.0,-1
1783958473.764,3071,690819,0,0.00000000,0.00000000,0.00,0,0,0.29,-0.135,0.1960,0.6370,1.1760,1.3517,0.144104,-0.116699,0.021423,-0.982422,7.801,71.2,-1
1783958473.953,3072,691039,0,0.00000000,0.00000000,0.00,0,0,0.38,-0.067,0.0980,0.0000,1.5680,1.5711,0.144043,-0.116699,0.021423,-0.982422,7.799,70.0,-1
1783958474.141,3073,691251,0,0.00000000,0.00000000,0.00,0,0,0.23,-0.150,0.2940,0.3430,1.6660,1.7262,0.144226,-0.116760,0.021545,-0.982422,7.801,68.8,-1
1783958474.390,3074,691467,0,0.00000000,0.00000000,0.00,0,0,0.40,-0.019,0.1470,0.6370,0.8820,1.0979,0.144226,-0.116699,0.021667,-0.982422,7.801,71.2,-1
1783958474.637,3075,691690,0,0.00000000,0.00000000,0.00,0,0,0.35,-0.041,1.0780,0.2450,2.4990,2.7326,0.144165,-0.116577,0.021667,-0.982422,7.801,68.8,-1
1783958474.824,3076,691908,0,0.00000000,0.00000000,0.00,0,0,0.41,-0.010,-0.3430,0.3920,0.9310,1.0668,0.144165,-0.116577,0.021667,-0.982422,7.801,67.5,-1
1783958475.075,3077,692125,0,0.00000000,0.00000000,0.00,0,0,0.44,0.005,0.0980,0.3920,1.5680,1.6192,0.144165,-0.116699,0.021729,-0.982422,7.801,75.0,-1
1783958475.259,3078,692351,0,0.00000000,0.00000000,0.00,0,0,0.32,-0.063,0.5880,0.2450,2.1070,2.2012,0.144165,-0.116699,0.021790,-0.982422,7.802,73.8,-1
1783958475.506,3079,692571,0,0.00000000,0.00000000,0.00,0,0,0.43,0.025,0.1960,0.5880,1.7150,1.8236,0.144226,-0.116699,0.021851,-0.982422,7.800,75.0,-1
1783958475.693,3080,692793,0,0.00000000,0.00000000,0.00,0,0,0.45,0.044,-0.2450,0.5390,0.4410,0.7383,0.144165,-0.116760,0.021851,-0.982422,7.801,75.0,-1
1783958475.939,3081,693014,0,0.00000000,0.00000000,0.00,0,0,0.30,-0.073,0.0490,0.6860,1.7640,1.8933,0.144226,-0.116699,0.021729,-0.982422,7.801,73.8,-1
1783958476.126,3082,693228,0,0.00000000,0.00000000,0.00,0,0,0.41,0.007,1.1760,0.4900,2.1070,2.4622,0.144348,-0.116577,0.021729,-0.982422,7.801,76.2,-1
1783958476.376,3083,693453,0,0.00000000,0.00000000,0.00,0,0,0.38,0.008,0.0000,0.5390,1.1270,1.2493,0.144287,-0.116516,0.021729,-0.982422,7.802,72.5,-1
1783958476.561,3084,693672,0,0.00000000,0.00000000,0.00,0,0,0.32,-0.012,0.2940,0.6860,1.4210,1.6051,0.144287,-0.116577,0.021729,-0.982422,7.804,76.2,-1
1783958476.810,3085,693893,0,0.00000000,0.00000000,0.00,0,0,0.29,-0.058,0.4410,0.3920,1.3720,1.4935,0.144287,-0.116577,0.021606,-0.982422,7.802,76.2,-1
1783958477.060,3086,694140,0,0.00000000,0.00000000,0.00,0,0,0.40,0.036,0.3920,0.0000,1.6170,1.6638,0.144287,-0.116516,0.021606,-0.982422,7.802,66.2,-1
1783958477.310,3087,694365,0,0.00000000,0.00000000,0.00,0,0,0.41,0.043,0.6370,0.1960,1.7640,1.8857,0.144287,-0.116516,0.021545,-0.982422,7.802,75.0,-1
1783958477.495,3088,694587,0,0.00000000,0.00000000,0.00,0,0,0.52,0.104,1.1270,0.1470,2.3520,2.6122,0.144287,-0.116516,0.021484,-0.982422,7.804,76.2,-1
1783958477.742,3089,694805,0,0.00000000,0.00000000,0.00,0,0,0.50,0.083,0.2450,0.2940,2.0580,2.0933,0.144287,-0.116516,0.021484,-0.982422,7.802,75.0,-1
1783958477.928,3090,695027,0,0.00000000,0.00000000,0.00,0,0,0.53,0.092,0.2940,0.5390,1.5190,1.6384,0.144287,-0.116516,0.021423,-0.982422,7.802,77.5,-1
1783958478.178,3091,695240,0,0.00000000,0.00000000,0.00,0,0,0.32,-0.042,0.1960,0.8820,1.2740,1.5619,0.144287,-0.116516,0.021423,-0.982422,7.804,66.2,-1
1783958478.366,3092,695462,0,0.00000000,0.00000000,0.00,0,0,0.50,0.082,0.5880,0.2450,1.4700,1.6021,0.144287,-0.116516,0.021423,-0.982422,7.804,70.0,-1
1783958478.613,3093,695685,0,0.00000000,0.00000000,0.00,0,0,0.58,0.119,-0.1960,1.3230,2.1070,2.4956,0.144287,-0.116577,0.021423,-0.982422,7.802,81.2,-1
1783958478.800,3094,695910,0,0.00000000,0.00000000,0.00,0,0,0.51,0.064,0.0980,0.5390,1.8620,1.9409,0.144287,-0.116577,0.021423,-0.982422,7.804,75.0,-1
1783958479.048,3095,696116,0,0.00000000,0.00000000,0.00,0,0,0.51,0.037,0.0000,0.2940,1.9600,1.9819,0.144287,-0.116577,0.021423,-0.982422,7.802,76.2,-1
1783958479.236,3096,696318,0,0.00000000,0.00000000,0.00,0,0,0.48,0.020,0.0000,0.5880,1.4700,1.5832,0.144287,-0.116577,0.021362,-0.982422,7.804,77.5,-1
1783958479.486,3097,696538,0,0.00000000,0.00000000,0.00,0,0,0.49,0.020,0.1960,0.4900,1.7640,1.8413,0.144226,-0.116577,0.021362,-0.982422,7.804,78.8,-1
1783958479.674,3098,696764,0,0.00000000,0.00000000,0.00,0,0,0.46,-0.002,0.4900,0.2940,1.3720,1.4862,0.144226,-0.116577,0.021362,-0.982422,7.804,72.5,-1
1783958479.923,3099,696989,0,0.00000000,0.00000000,0.00,0,0,0.44,-0.020,0.5880,0.0000,1.3720,1.4927,0.144287,-0.116577,0.021362,-0.982422,7.802,78.8,-1
1783958480.109,3100,697203,0,0.00000000,0.00000000,0.00,0,0,0.46,-0.015,0.3430,0.3920,1.4700,1.5596,0.144287,-0.116577,0.021362,-0.982422,7.801,72.5,-1
1783958480.358,3101,697420,0,0.00000000,0.00000000,0.00,0,0,0.43,-0.029,0.0490,0.5390,1.7150,1.7984,0.144287,-0.116577,0.021362,-0.982422,7.802,71.2,-1
1783958480.545,3102,697644,0,0.00000000,0.00000000,0.00,0,0,0.49,-0.000,0.3920,0.0980,2.0580,2.0973,0.144287,-0.116638,0.021423,-0.982422,7.801,72.5,-1
1783958480.792,3103,697863,0,0.00000000,0.00000000,0.00,0,0,0.51,0.001,-0.0980,0.2940,1.9600,1.9843,0.144287,-0.116638,0.021423,-0.982422,7.802,76.2,-1
1783958480.980,3104,698084,0,0.00000000,0.00000000,0.00,0,0,0.60,0.086,0.7350,0.2940,1.8130,1.9783,0.144287,-0.116638,0.021423,-0.982422,7.801,70.0,-1
1783958481.229,3105,698297,0,0.00000000,0.00000000,0.00,0,0,0.51,0.017,0.1960,0.5880,1.1270,1.2862,0.144226,-0.116638,0.021545,-0.982422,7.802,77.5,-1
1783958481.416,3106,698522,0,0.00000000,0.00000000,0.00,0,0,0.47,0.003,0.0980,1.1270,0.9800,1.4967,0.144287,-0.116638,0.021484,-0.982422,7.802,75.0,-1
1783958481.662,3107,698743,0,0.00000000,0.00000000,0.00,0,0,0.51,0.029,0.4410,0.6370,1.2740,1.4911,0.144348,-0.116638,0.021423,-0.982422,7.802,73.8,-1
1783958481.914,3108,698968,0,0.00000000,0.00000000,0.00,0,0,0.60,0.088,0.2940,0.5390,1.3230,1.4585,0.144348,-0.116760,0.021545,-0.982361,7.801,71.2,-1
1783958482.100,3109,699178,0,0.00000000,0.00000000,0.00,0,0,0.50,0.031,-0.1960,1.3720,1.9600,2.4005,0.144348,-0.116699,0.021484,-0.982361,7.804,76.2,-1
1783958482.348,3110,699400,0,0.00000000,0.00000000,0.00,0,0,0.44,-0.027,0.1960,0.3430,1.0290,1.1022,0.144287,-0.116699,0.021423,-0.982422,7.802,68.8,-1
1783958482.533,3111,699624,0,0.00000000,0.00000000,0.00,0,0,0.52,0.033,-0.0980,0.6370,0.6370,0.9062,0.144226,-0.116638,0.021423,-0.982422,7.801,73.8,-1
1783958482.782,3112,699848,0,0.00000000,0.00000000,0.00,0,0,0.42,-0.039,0.4900,0.1470,2.0090,2.0731,0.144226,-0.116638,0.021301,-0.982422,7.802,67.5,-1
1783958482.967,3113,700070,0,0.00000000,0.00000000,0.00,0,0,0.41,-0.041,0.6370,0.1960,1.1270,1.3093,0.144226,-0.116699,0.021240,-0.982422,7.801,71.2,-1
1783958483.218,3114,700287,0,0.00000000,0.00000000,0.00,0,0,0.46,0.004,0.3430,0.3430,1.0290,1.1376,0.144287,-0.116760,0.021301,-0.982422,7.802,75.0,-1
1783958483.405,3115,700506,0,0.00000000,0.00000000,0.00,0,0,0.50,0.023,0.2450,0.4900,1.3230,1.4319,0.144287,-0.116821,0.021423,-0.982361,7.801,76.2,-1
1783958483.653,3116,700729,0,0.00000000,0.00000000,0.00,0,0,0.48,0.001,0.3430,0.3920,1.3720,1.4675,0.144287,-0.116882,0.021484,-0.982361,7.801,73.8,-1
1783958483.839,3117,700950,0,0.00000000,0.00000000,0.00,0,0,0.37,-0.072,0.1960,0.1960,1.4210,1.4478,0.144287,-0.116882,0.021545,-0.982361,7.802,68.8,-1
1783958484.087,3118,701163,0,0.00000000,0.00000000,0.00,0,0,0.42,-0.066,-0.0980,0.8330,1.2740,1.5253,0.144287,-0.116943,0.021545,-0.982361,7.802,75.0,-1
1783958484.274,3119,701384,0,0.00000000,0.00000000,0.00,0,0,0.38,-0.074,0.6370,0.2450,1.4210,1.5764,0.144287,-0.116943,0.021606,-0.982361,7.801,75.0,-1
1783958484.521,3120,701611,0,0.00000000,0.00000000,0.00,0,0,0.39,-0.055,0.4410,0.1470,1.6170,1.6825,0.144287,-0.117004,0.021667,-0.982361,7.802,73.8,-1
1783958484.768,3121,701834,0,0.00000000,0.00000000,0.00,0,0,0.49,-0.004,0.4410,0.0490,0.7840,0.9009,0.144287,-0.117004,0.021667,-0.982361,7.802,72.5,-1
1783958484.952,3122,702056,0,0.00000000,0.00000000,0.00,0,0,0.55,0.037,0.1470,1.1760,0.8820,1.4773,0.144287,-0.117065,0.021667,-0.982361,7.801,67.5,-1
1783958485.200,3123,702274,0,0.00000000,0.00000000,0.00,0,0,0.45,-0.043,0.3430,0.8820,2.3030,2.4899,0.144287,-0.117065,0.021667,-0.982361,7.801,76.2,-1
1783958485.389,3124,702493,0,0.00000000,0.00000000,0.00,0,0,0.48,-0.019,0.4410,0.3920,2.5480,2.6154,0.144287,-0.117065,0.021545,-0.982361,7.801,80.0,-1
1783958485.637,3125,702714,0,0.00000000,0.00000000,0.00,0,0,0.44,-0.029,0.2940,0.4410,1.0780,1.2012,0.144287,-0.117126,0.021545,-0.982361,7.801,72.5,-1
1783958485.827,3126,702933,0,0.00000000,0.00000000,0.00,0,0,0.36,-0.069,0.1470,0.3920,1.9600,2.0042,0.144287,-0.117126,0.021606,-0.982361,7.801,76.2,-1
1783958486.074,3127,703149,0,0.00000000,0.00000000,0.00,0,0,0.53,0.029,0.1960,0.7350,0.8820,1.1647,0.144287,-0.117126,0.021606,-0.982361,7.802,77.5,-1
1783958486.321,3128,703374,0,0.00000000,0.00000000,0.00,0,0,0.48,-0.001,-0.0490,1.0290,1.4210,1.7551,0.144287,-0.117004,0.021606,-0.982361,7.801,67.5,-1
1783958486.505,3129,703593,0,0.00000000,0.00000000,0.00,0,0,0.44,-0.022,0.1470,0.5390,2.1560,2.2272,0.144287,-0.117004,0.021606,-0.982361,7.801,80.0,-1
1783958486.750,3130,703814,0,0.00000000,0.00000000,0.00,0,0,0.53,0.040,0.5390,1.1270,1.6170,2.0434,0.144287,-0.117065,0.021667,-0.982361,7.802,73.8,-1
1783958486.933,3131,704039,0,0.00000000,0.00000000,0.00,0,0,0.55,0.058,0.2940,0.6370,1.3720,1.5410,0.144287,-0.117065,0.021667,-0.982361,7.802,68.8,-1
1783958487.180,3132,704256,0,0.00000000,0.00000000,0.00,0,0,0.34,-0.070,0.2450,0.4410,0.9800,1.1022,0.144287,-0.117065,0.021667,-0.982361,7.800,75.0,-1
1783958487.367,3133,704477,0,0.00000000,0.00000000,0.00,0,0,0.43,0.018,0.5880,0.3920,0.7840,1.0555,0.144287,-0.117065,0.021667,-0.982361,7.804,71.2,-1
1783958487.613,3134,704695,0,0.00000000,0.00000000,0.00,0,0,0.57,0.103,0.6370,0.0980,1.8620,1.9704,0.144287,-0.117065,0.021667,-0.982361,7.802,76.2,-1
1783958487.863,3135,704919,0,0.00000000,0.00000000,0.00,0,0,0.53,0.067,0.3920,0.7840,0.4900,1.0042,0.144348,-0.117126,0.021545,-0.982361,7.804,68.8,-1
1783958488.052,3136,705130,0,0.00000000,0.00000000,0.00,0,0,0.37,-0.022,0.1960,0.3920,1.8130,1.8652,0.144287,-0.117065,0.021423,-0.982361,7.802,72.5,-1
1783958488.297,3137,705349,0,0.00000000,0.00000000,0.00,0,0,0.44,0.018,0.1470,-0.1470,2.7930,2.8007,0.144226,-0.117065,0.021484,-0.982361,7.804,76.2,-1
1783958488.484,3138,705569,0,0.00000000,0.00000000,0.00,0,0,0.41,-0.024,0.1960,0.7350,1.3230,1.5261,0.144287,-0.117004,0.021484,-0.982361,7.802,76.2,-1
1783958488.732,3139,705792,0,0.00000000,0.00000000,0.00,0,0,0.41,-0.030,0.0000,0.7840,1.0290,1.2936,0.144348,-0.116943,0.021545,-0.982361,7.804,73.8,-1
1783958488.919,3140,706011,0,0.00000000,0.00000000,0.00,0,0,0.47,0.016,0.9310,0.0490,2.3030,2.4845,0.144348,-0.116943,0.021545,-0.982361,7.802,72.5,-1
1783958489.167,3141,706221,0,0.00000000,0.00000000,0.00,0,0,0.50,-0.018,0.3430,1.2250,1.4210,1.9072,0.144348,-0.116943,0.021606,-0.982361,7.804,71.2,-1
1783958489.353,3142,706443,0,0.00000000,0.00000000,0.00,0,0,0.50,-0.013,0.8330,0.0980,2.3520,2.4971,0.144287,-0.116760,0.021545,-0.982422,7.801,76.2,-1
1783958489.602,3143,706662,0,0.00000000,0.00000000,0.00,0,0,0.45,-0.041,0.5390,0.3430,0.9800,1.1699,0.144226,-0.116760,0.021667,-0.982422,7.801,75.0,-1
1783958489.788,3144,706886,0,0.00000000,0.00000000,0.00,0,0,0.44,-0.053,0.5390,0.2940,1.5190,1.6384,0.144287,-0.116699,0.021729,-0.982361,7.802,72.5,-1
1783958490.034,3145,707128,0,0.00000000,0.00000000,0.00,0,0,0.43,-0.046,0.1960,1.2250,0.0490,1.2415,0.144348,-0.116638,0.021729,-0.982361,7.802,75.0,-1
1783958490.283,3146,707352,0,0.00000000,0.00000000,0.00,0,0,0.37,-0.097,0.4900,-0.0490,1.4210,1.5039,0.144348,-0.116638,0.021729,-0.982361,7.802,78.8,-1
1783958490.471,3147,707574,0,0.00000000,0.00000000,0.00,0,0,0.57,0.049,0.6370,0.4900,1.3230,1.5480,0.144348,-0.116638,0.021729,-0.982422,7.801,71.2,-1
1783958490.722,3148,707793,0,0.00000000,0.00000000,0.00,0,0,0.41,-0.066,0.1960,-0.3430,1.1270,1.1942,0.144348,-0.116638,0.021729,-0.982422,7.801,77.5,-1
1783958490.910,3149,708018,0,0.00000000,0.00000000,0.00,0,0,0.55,0.035,0.9800,0.0490,1.1270,1.4943,0.144409,-0.116699,0.021667,-0.982361,7.801,75.0,-1
1783958491.160,3150,708237,0,0.00000000,0.00000000,0.00,0,0,0.44,-0.029,0.5390,0.0000,1.6660,1.7510,0.144348,-0.116638,0.021729,-0.982361,7.802,77.5,-1
1783958491.347,3151,708456,0,0.00000000,0.00000000,0.00,0,0,0.53,0.031,0.0000,0.0980,1.1760,1.1801,0.144226,-0.116638,0.021667,-0.982422,7.801,71.2,-1
1783958491.596,3152,708674,0,0.00000000,0.00000000,0.00,0,0,0.51,0.025,0.2450,0.5880,1.3720,1.5127,0.144226,-0.116699,0.021667,-0.982422,7.801,76.2,-1
1783958491.848,3153,708899,0,0.00000000,0.00000000,0.00,0,0,0.44,-0.001,-0.2450,0.9310,0.4900,1.0802,0.144226,-0.116638,0.021729,-0.982422,7.801,77.5,-1
1783958492.095,3154,709145,0,0.00000000,0.00000000,0.00,0,0,0.61,0.081,0.7350,0.6860,2.1070,2.3346,0.144226,-0.116638,0.021851,-0.982422,7.802,72.5,-1
1783958492.281,3155,709370,0,0.00000000,0.00000000,0.00,0,0,0.43,-0.037,0.3430,0.3920,1.7150,1.7924,0.144287,-0.116760,0.021973,-0.982361,7.801,72.5,-1
1783958492.530,3156,709587,0,0.00000000,0.00000000,0.00,0,0,0.56,0.048,0.4410,0.4410,0.5390,0.8243,0.144287,-0.116821,0.021790,-0.982361,7.801,73.8,-1
1783958492.716,3157,709810,0,0.00000000,0.00000000,0.00,0,0,0.56,0.060,0.2450,0.3920,1.2740,1.3553,0.144287,-0.116760,0.021729,-0.982361,7.802,75.0,-1
1783958492.961,3158,710027,0,0.00000000,0.00000000,0.00,0,0,0.54,0.037,0.7350,0.2940,2.0580,2.2050,0.144287,-0.116577,0.021484,-0.982422,7.802,72.5,-1
1783958493.148,3159,710239,0,0.00000000,0.00000000,0.00,0,0,0.49,0.001,1.0290,0.1470,2.6950,2.8885,0.144287,-0.116394,0.021484,-0.982422,7.802,73.8,-1
1783958493.397,3160,710459,0,0.00000000,0.00000000,0.00,0,0,0.36,-0.086,0.5390,0.4900,1.8130,1.9539,0.144226,-0.116394,0.021545,-0.982422,7.801,77.5,-1
1783958493.583,3161,710682,0,0.00000000,0.00000000,0.00,0,0,0.39,-0.085,0.1470,0.8820,1.7640,1.9777,0.144226,-0.116455,0.021545,-0.982422,7.801,71.2,-1
1783958493.832,3162,710901,0,0.00000000,0.00000000,0.00,0,0,0.51,-0.055,0.7840,0.0490,2.1560,2.2946,0.144287,-0.116516,0.021545,-0.982422,7.801,77.5,-1
1783958494.080,3163,711146,0,0.00000000,0.00000000,0.00,0,0,0.51,-0.038,1.0290,0.7350,2.4500,2.7571,0.144287,-0.116516,0.021484,-0.982422,7.801,71.2,-1
1783958494.268,3164,711373,0,0.00000000,0.00000000,0.00,0,0,0.48,-0.039,0.3430,0.0000,2.3520,2.3769,0.144287,-0.116394,0.021606,-0.982422,7.801,70.0,-1
1783958494.515,3165,711591,0,0.00000000,0.00000000,0.00,0,0,0.50,-0.025,0.9310,-0.6860,2.1070,2.4035,0.144409,-0.116394,0.021423,-0.982422,7.801,77.5,-1
1783958494.763,3166,711814,0,0.00000000,0.00000000,0.00,0,0,0.43,-0.070,0.2940,0.5390,2.0580,2.1476,0.144348,-0.116211,0.021423,-0.982422,7.801,68.8,-1
1783958494.948,3167,712040,0,0.00000000,0.00000000,0.00,0,0,0.37,-0.111,-0.6370,0.4410,-0.2450,0.8126,0.144226,-0.116272,0.021606,-0.982483,7.801,72.5,-1
1783958495.196,3168,712256,0,0.00000000,0.00000000,0.00,0,0,0.42,-0.059,0.2450,0.8330,1.8130,2.0102,0.144104,-0.116333,0.021667,-0.982483,7.801,67.5,-1
1783958495.382,3169,712483,0,0.00000000,0.00000000,0.00,0,0,0.37,-0.087,-0.0490,0.8820,2.1070,2.2847,0.144104,-0.116272,0.021545,-0.982483,7.800,72.5,-1
1783958495.630,3170,712704,0,0.00000000,0.00000000,0.00,0,0,0.50,0.002,0.9800,1.0780,1.5190,2.1047,0.143982,-0.116394,0.021667,-0.982483,7.800,73.8,-1
1783958495.816,3171,712926,0,0.00000000,0.00000000,0.00,0,0,0.59,0.043,0.5390,0.6860,1.4210,1.6674,0.143921,-0.116455,0.021790,-0.982483,7.801,67.5,-1
1783958496.065,3172,713140,0,0.00000000,0.00000000,0.00,0,0,0.52,0.018,1.3230,0.5390,2.1070,2.5456,0.143982,-0.116333,0.021667,-0.982483,7.804,70.0,-1
1783958496.312,3173,713365,0,0.00000000,0.00000000,0.00,0,0,0.35,-0.085,0.3430,0.7350,1.0290,1.3102,0.144043,-0.116394,0.021545,-0.982483,7.802,75.0,-1
1783958496.500,3174,713587,0,0.00000000,0.00000000,0.00,0,0,0.48,0.003,0.1470,0.3920,1.0290,1.1109,0.143982,-0.116455,0.021606,-0.982483,7.804,72.5,-1
1783958496.745,3175,713810,0,0.00000000,0.00000000,0.00,0,0,0.53,0.036,0.8820,-0.7350,2.8420,3.0651,0.144043,-0.116455,0.021606,-0.982483,7.804,71.2,-1
1783958496.931,3176,714033,0,0.00000000,0.00000000,0.00,0,0,0.54,0.055,0.2940,0.0980,2.2540,2.2752,0.144043,-0.116516,0.021667,-0.982483,7.804,72.5,-1
1783958497.180,3177,714248,0,0.00000000,0.00000000,0.00,0,0,0.53,0.061,0.2940,0.7840,1.5190,1.7345,0.144043,-0.116516,0.021667,-0.982422,7.802,76.2,-1
1783958497.367,3178,714469,0,0.00000000,0.00000000,0.00,0,0,0.50,0.029,-0.4900,1.5680,0.0490,1.6435,0.144043,-0.116577,0.021729,-0.982422,7.802,73.8,-1
1783958497.614,3179,714688,0,0.00000000,0.00000000,0.00,0,0,0.41,-0.033,0.5880,0.1470,1.7150,1.8189,0.144043,-0.116577,0.021729,-0.982422,7.802,81.2,-1
1783958497.801,3180,714912,0,0.00000000,0.00000000,0.00,0,0,0.47,0.009,0.2450,1.1270,1.0290,1.5456,0.144043,-0.116516,0.021667,-0.982483,7.802,75.0,-1
1783958498.049,3181,715126,0,0.00000000,0.00000000,0.00,0,0,0.56,0.042,0.1960,0.2450,1.3720,1.4074,0.144043,-0.116455,0.021667,-0.982483,7.804,71.2,-1
1783958498.296,3182,715351,0,0.00000000,0.00000000,0.00,0,0,0.44,-0.040,0.7840,0.4900,1.8620,2.0789,0.144043,-0.116333,0.021606,-0.982483,7.802,73.8,-1
1783958498.484,3183,715572,0,0.00000000,0.00000000,0.00,0,0,0.45,-0.022,1.0290,0.3430,2.6460,2.8597,0.144043,-0.116333,0.021545,-0.982483,7.802,73.8,-1
1783958498.731,3184,715791,0,0.00000000,0.00000000,0.00,0,0,0.46,-0.021,2.1070,0.0980,1.2740,2.4642,0.144043,-0.116272,0.021545,-0.982483,7.802,76.2,-1
1783958498.918,3185,716015,0,0.00000000,0.00000000,0.00,0,0,0.34,-0.084,1.3720,0.4410,1.4700,2.0586,0.144043,-0.116333,0.021667,-0.982483,7.802,73.8,-1
1783958499.167,3186,716233,0,0.00000000,0.00000000,0.00,0,0,0.55,0.054,0.5880,0.4900,2.2540,2.3804,0.144043,-0.116394,0.021729,-0.982483,7.801,76.2,-1
1783958499.354,3187,716453,0,0.00000000,0.00000000,0.00,0,0,0.51,0.040,0.6860,0.5880,1.8620,2.0696,0.144043,-0.116455,0.021729,-0.982483,7.802,78.8,-1
1783958499.604,3188,716683,0,0.00000000,0.00000000,0.00,0,0,0.52,0.048,0.3920,0.5880,1.0290,1.2483,0.144043,-0.116516,0.021729,-0.982422,7.802,73.8,-1
1783958499.855,3189,716907,0,0.00000000,0.00000000,0.00,0,0,0.52,0.036,0.2450,0.8820,1.1760,1.4903,0.144043,-0.116516,0.021667,-0.982422,7.804,73.8,-1
1783958500.041,3190,717150,0,0.00000000,0.00000000,0.00,0,0,0.42,-0.036,0.4410,0.1470,0.9310,1.0406,0.144043,-0.116394,0.021606,-0.982483,7.804,73.8,-1
1783958500.289,3191,717377,0,0.00000000,0.00000000,0.00,0,0,0.44,-0.028,1.3230,0.7350,2.4500,2.8798,0.144043,-0.116394,0.021667,-0.982483,7.801,75.0,-1
1783958500.538,3192,717596,0,0.00000000,0.00000000,0.00,0,0,0.48,-0.004,0.1470,0.6860,1.1760,1.3694,0.144043,-0.116394,0.021729,-0.982483,7.802,78.8,-1
1783958500.723,3193,717820,0,0.00000000,0.00000000,0.00,0,0,0.39,-0.069,0.2450,-0.1960,1.4700,1.5031,0.144043,-0.116333,0.021729,-0.982483,7.801,75.0,-1
1783958500.973,3194,718041,0,0.00000000,0.00000000,0.00,0,0,0.40,-0.047,0.4410,0.5880,0.7350,1.0394,0.144043,-0.116272,0.021729,-0.982483,7.802,72.5,-1
1783958501.160,3195,718258,0,0.00000000,0.00000000,0.00,0,0,0.43,-0.012,0.5390,0.4900,1.3720,1.5534,0.144043,-0.116272,0.021729,-0.982483,7.801,75.0,-1
1783958501.409,3196,718479,0,0.00000000,0.00000000,0.00,0,0,0.49,0.033,0.3920,0.6370,1.0780,1.3121,0.144043,-0.116272,0.021790,-0.982483,7.804,76.2,-1
1783958501.596,3197,718696,0,0.00000000,0.00000000,0.00,0,0,0.31,-0.084,0.3920,0.2940,1.5190,1.5961,0.144043,-0.116272,0.021790,-0.982483,7.802,80.0,-1
1783958501.844,3198,718921,0,0.00000000,0.00000000,0.00,0,0,0.48,0.027,0.3920,0.8820,1.2740,1.5983,0.144043,-0.116211,0.021729,-0.982483,7.802,73.8,-1
1783958502.031,3199,719135,0,0.00000000,0.00000000,0.00,0,0,0.53,0.061,0.4900,0.6860,2.0580,2.2240,0.144043,-0.116272,0.021729,-0.982483,7.804,72.5,-1
1783958502.278,3200,719361,0,0.00000000,0.00000000,0.00,0,0,0.38,-0.050,0.5880,0.4410,1.6170,1.7762,0.143982,-0.116455,0.021912,-0.982483,7.804,78.8,-1
1783958502.527,3201,719578,0,0.00000000,0.00000000,0.00,0,0,0.41,-0.026,0.3920,0.2940,0.7840,0.9245,0.143860,-0.116333,0.021912,-0.982483,7.801,82.5,-1
1783958502.710,3202,719803,0,0.00000000,0.00000000,0.00,0,0,0.44,-0.011,0.9310,-0.0490,1.8130,2.0387,0.143860,-0.116394,0.021851,-0.982483,7.802,75.0,-1
1783958502.959,3203,720023,0,0.00000000,0.00000000,0.00,0,0,0.39,-0.028,0.1470,0.8330,0.7840,1.1533,0.143738,-0.116516,0.021973,-0.982483,7.800,75.0,-1
