rx_time,seq,timestamp_ms,state,lat,lon,gps_alt_m,gps_sats,gps_fix,baro_alt_m,vert_vel_ms,accel_x_g,accel_y_g,accel_z_g,accel_mag_g,quat_w,quat_x,quat_y,quat_z,voltage_v,current_ma,rssi
1782768765.920,507,123928,0,0.00000000,0.00000000,0.00,0,0,-41.09,-0.037,0.0980,0.9800,1.4700,1.7694,0.549072,0.075562,-0.028625,0.831848,7.759,75.0,-1
1782768766.169,508,124148,0,0.00000000,0.00000000,0.00,0,0,-41.07,-0.000,0.0490,0.5390,1.3720,1.4749,0.549072,0.075562,-0.028625,0.831848,7.755,76.2,-1
1782768766.417,509,124369,0,0.00000000,0.00000000,0.00,0,0,-41.01,0.050,0.3920,0.3430,1.9600,2.0280,0.549072,0.075562,-0.028625,0.831848,7.755,78.8,-1
1782768766.604,510,124580,0,0.00000000,0.00000000,0.00,0,0,-41.21,-0.100,0.3430,0.5880,2.0090,2.1212,0.549072,0.075562,-0.028564,0.831848,7.758,73.8,-1
1782768766.793,511,124801,0,0.00000000,0.00000000,0.00,0,0,-41.08,-0.016,0.1960,0.9800,0.9800,1.3997,0.549072,0.075500,-0.028687,0.831848,7.755,78.8,-1
1782768767.042,512,125025,0,0.00000000,0.00000000,0.00,0,0,-41.10,-0.011,-0.0490,0.5390,1.2740,1.3842,0.549072,0.075562,-0.028687,0.831848,7.755,75.0,-1
1782768767.290,513,125246,0,0.00000000,0.00000000,0.00,0,0,-41.06,0.010,0.0980,0.4900,1.9600,2.0227,0.549072,0.075562,-0.028687,0.831848,7.756,76.2,-1
1782768767.478,514,125467,0,0.00000000,0.00000000,0.00,0,0,-41.11,-0.037,0.5390,0.4900,2.4500,2.5560,0.549072,0.075562,-0.028625,0.831848,7.756,76.2,-1
1782768767.722,515,125693,0,0.00000000,0.00000000,0.00,0,0,-41.13,-0.043,0.2940,0.7350,1.9110,2.0685,0.549072,0.075562,-0.028625,0.831848,7.758,76.2,-1
1782768767.908,516,125911,0,0.00000000,0.00000000,0.00,0,0,-41.05,-0.005,0.5390,0.2940,2.5480,2.6209,0.549072,0.075562,-0.028687,0.831848,7.750,83.8,-1
1782768768.159,517,126136,0,0.00000000,0.00000000,0.00,0,0,-41.06,-0.005,0.4410,0.3920,1.2250,1.3597,0.549072,0.075562,-0.028625,0.831848,7.756,72.5,-1
1782768768.346,518,126356,0,0.00000000,0.00000000,0.00,0,0,-41.04,0.001,0.0490,0.5880,0.6860,0.9048,0.549072,0.075562,-0.028625,0.831848,7.755,73.8,-1
1782768768.598,519,126569,0,0.00000000,0.00000000,0.00,0,0,-41.07,-0.001,0.3430,0.4900,1.8130,1.9091,0.549072,0.075562,-0.028625,0.831848,7.755,76.2,-1
1782768768.783,520,126793,0,0.00000000,0.00000000,0.00,0,0,-41.13,-0.038,0.6860,0.4410,1.3230,1.5542,0.549072,0.075623,-0.028625,0.831848,7.754,75.0,-1
1782768769.032,521,127015,0,0.00000000,0.00000000,0.00,0,0,-41.16,-0.049,0.3430,1.0780,1.4700,1.8549,0.549072,0.075623,-0.028625,0.831848,7.755,73.8,-1
1782768769.281,522,127238,0,0.00000000,0.00000000,0.00,0,0,-41.14,-0.043,0.3920,0.5390,1.8620,1.9777,0.549072,0.075623,-0.028625,0.831848,7.758,71.2,-1
1782768769.464,523,127453,0,0.00000000,0.00000000,0.00,0,0,-41.08,-0.008,-0.0980,0.9310,1.1270,1.4651,0.549072,0.075623,-0.028625,0.831848,7.758,75.0,-1
1782768769.714,524,127679,0,0.00000000,0.00000000,0.00,0,0,-41.18,-0.074,0.3920,0.7840,1.8130,2.0138,0.549072,0.075623,-0.028625,0.831848,7.755,70.0,-1
1782768769.902,525,127898,0,0.00000000,0.00000000,0.00,0,0,-41.26,-0.104,0.2940,0.4900,1.0780,1.2201,0.549072,0.075623,-0.028564,0.831848,7.756,71.2,-1
1782768770.152,526,128121,0,0.00000000,0.00000000,0.00,0,0,-41.15,-0.035,1.2740,0.2450,1.6660,2.1116,0.549072,0.075623,-0.028564,0.831848,7.761,75.0,-1
1782768770.339,527,128339,0,0.00000000,0.00000000,0.00,0,0,-41.15,-0.006,0.3920,0.3920,1.4210,1.5253,0.549072,0.075623,-0.028564,0.831848,7.760,71.2,-1
1782768770.587,528,128551,0,0.00000000,0.00000000,0.00,0,0,-41.11,0.013,0.9310,0.4900,1.8130,2.0961,0.549072,0.075623,-0.028564,0.831848,7.760,68.8,-1
1782768770.776,529,128772,0,0.00000000,0.00000000,0.00,0,0,-41.06,0.043,0.3920,0.7350,1.4210,1.6472,0.549072,0.075623,-0.028564,0.831848,7.756,75.0,-1
1782768771.024,530,129000,0,0.00000000,0.00000000,0.00,0,0,-41.22,-0.070,0.4410,0.3920,1.9110,2.0000,0.549072,0.075623,-0.028564,0.831848,7.759,72.5,-1
1782768771.211,531,129221,0,0.00000000,0.00000000,0.00,0,0,-41.15,-0.006,0.3920,0.5880,1.5190,1.6753,0.549072,0.075562,-0.028564,0.831848,7.758,78.8,-1
1782768771.460,532,129468,0,0.00000000,0.00000000,0.00,0,0,-41.13,0.021,0.4900,0.1960,1.6660,1.7476,0.549072,0.075562,-0.028564,0.831848,7.756,73.8,-1
1782768771.710,533,129694,0,0.00000000,0.00000000,0.00,0,0,-41.07,0.048,0.3430,0.0000,1.4700,1.5095,0.549072,0.075562,-0.028564,0.831848,7.756,73.8,-1
1782768771.960,534,129913,0,0.00000000,0.00000000,0.00,0,0,-41.09,0.028,0.3920,0.6370,0.9800,1.2328,0.549072,0.075562,-0.028625,0.831848,7.751,86.2,-1
1782768772.148,535,130133,0,0.00000000,0.00000000,0.00,0,0,-41.10,0.031,0.1470,0.8330,2.2050,2.3617,0.549072,0.075500,-0.028687,0.831848,7.753,76.2,-1
1782768772.396,536,130353,0,0.00000000,0.00000000,0.00,0,0,-41.21,-0.039,-0.0490,0.6860,1.4700,1.6229,0.549072,0.075562,-0.028687,0.831848,7.754,80.0,-1
1782768772.583,537,130567,0,0.00000000,0.00000000,0.00,0,0,-41.20,-0.028,0.0490,0.3920,1.2740,1.3338,0.549072,0.075562,-0.028625,0.831848,7.758,72.5,-1
1782768772.833,538,130784,0,0.00000000,0.00000000,0.00,0,0,-41.12,0.019,0.5390,0.4900,1.8620,1.9994,0.549072,0.075562,-0.028625,0.831848,7.755,77.5,-1
1782768773.018,539,131010,0,0.00000000,0.00000000,0.00,0,0,-41.11,0.027,-0.0490,1.2250,2.0090,2.3535,0.549072,0.075562,-0.028625,0.831848,7.756,72.5,-1
1782768773.267,540,131236,0,0.00000000,0.00000000,0.00,0,0,-41.12,0.028,0.2450,0.7840,1.6660,1.8575,0.549072,0.075562,-0.028625,0.831848,7.753,76.2,-1
1782768773.452,541,131451,0,0.00000000,0.00000000,0.00,0,0,-41.07,0.073,0.3920,0.5880,2.1070,2.2224,0.549072,0.075562,-0.028687,0.831848,7.759,70.0,-1
1782768773.702,542,131677,0,0.00000000,0.00000000,0.00,0,0,-41.17,0.004,0.0490,0.7840,1.0780,1.3338,0.549072,0.075439,-0.028687,0.831848,7.753,72.5,-1
1782768773.951,543,131900,0,0.00000000,0.00000000,0.00,0,0,-41.14,0.021,1.6170,-0.3920,2.5480,3.0431,0.549072,0.075439,-0.028748,0.831848,7.755,76.2,-1
1782768774.139,544,132118,0,0.00000000,0.00000000,0.00,0,0,-41.06,0.081,0.3920,0.4900,0.9310,1.1227,0.549072,0.075378,-0.028748,0.831848,7.756,77.5,-1
1782768774.390,545,132340,0,0.00000000,0.00000000,0.00,0,0,-41.10,0.053,0.8330,0.4410,1.6660,1.9141,0.549072,0.075378,-0.028809,0.831848,7.756,75.0,-1
1782768774.577,546,132554,0,0.00000000,0.00000000,0.00,0,0,-41.19,-0.019,0.8820,-0.8820,0.3920,1.3075,0.549072,0.075439,-0.028809,0.831848,7.759,71.2,-1
1782768774.826,547,132781,0,0.00000000,0.00000000,0.00,0,0,-41.10,0.051,1.0290,1.1270,1.6660,2.2593,0.549072,0.075439,-0.028748,0.831848,7.759,75.0,-1
1782768775.013,548,133003,0,0.00000000,0.00000000,0.00,0,0,-41.18,0.003,0.3430,0.6860,1.7640,1.9235,0.549072,0.075500,-0.028687,0.831848,7.759,73.8,-1
1782768775.260,549,133224,0,0.00000000,0.00000000,0.00,0,0,-41.06,0.085,0.5880,0.5390,2.8420,2.9518,0.549072,0.075500,-0.028687,0.831848,7.756,72.5,-1
1782768775.448,550,133445,0,0.00000000,0.00000000,0.00,0,0,-41.15,0.003,0.2450,0.3920,1.3230,1.4014,0.549072,0.075500,-0.028625,0.831848,7.758,72.5,-1
1782768775.695,551,133665,0,0.00000000,0.00000000,0.00,0,0,-41.21,-0.044,0.2940,0.6860,1.3720,1.5619,0.549072,0.075500,-0.028687,0.831848,7.756,71.2,-1
1782768775.881,552,133886,0,0.00000000,0.00000000,0.00,0,0,-41.21,-0.047,0.1470,1.0780,1.8130,2.1144,0.549072,0.075500,-0.028625,0.831848,7.759,70.0,-1
1782768776.132,553,134116,0,0.00000000,0.00000000,0.00,0,0,-41.21,-0.063,0.4900,0.7350,3.2830,3.3998,0.549072,0.075439,-0.028564,0.831848,7.756,71.2,-1
1782768776.382,554,134344,0,0.00000000,0.00000000,0.00,0,0,-41.11,0.004,0.7840,0.5390,2.5480,2.7198,0.549072,0.075500,-0.028564,0.831848,7.759,70.0,-1
1782768776.568,555,134562,0,0.00000000,0.00000000,0.00,0,0,-41.17,-0.036,0.1470,1.1270,0.9800,1.5007,0.549072,0.075562,-0.028503,0.831848,7.753,77.5,-1
1782768776.817,556,134787,0,0.00000000,0.00000000,0.00,0,0,-41.21,-0.046,0.1960,0.7350,1.2250,1.4420,0.549072,0.075562,-0.028564,0.831848,7.760,70.0,-1
1782768777.004,557,135008,0,0.00000000,0.00000000,0.00,0,0,-41.19,-0.027,-0.4900,1.8620,0.0490,1.9260,0.549072,0.075562,-0.028564,0.831848,7.759,70.0,-1
1782768777.255,558,135230,0,0.00000000,0.00000000,0.00,0,0,-41.12,0.012,0.7840,0.5390,1.6660,1.9185,0.549072,0.075500,-0.028503,0.831848,7.758,75.0,-1
1782768777.442,559,135452,0,0.00000000,0.00000000,0.00,0,0,-41.29,-0.078,-0.0490,0.5880,1.3230,1.4486,0.549072,0.075500,-0.028503,0.831848,7.755,76.2,-1
1782768777.693,560,135674,0,0.00000000,0.00000000,0.00,0,0,-41.23,-0.034,-0.2450,1.1760,0.3430,1.2493,0.549072,0.075500,-0.028503,0.831848,7.755,75.0,-1
1782768777.944,561,135896,0,0.00000000,0.00000000,0.00,0,0,-41.20,-0.029,0.3430,0.2450,1.5190,1.5764,0.549072,0.075500,-0.028564,0.831848,7.754,73.8,-1
1782768778.132,562,136118,0,0.00000000,0.00000000,0.00,0,0,-41.27,-0.067,0.3920,0.2450,2.5480,2.5896,0.549072,0.075562,-0.028564,0.831848,7.758,71.2,-1
1782768778.380,563,136336,0,0.00000000,0.00000000,0.00,0,0,-41.13,0.012,0.3920,0.6860,1.6170,1.7997,0.549072,0.075562,-0.028564,0.831848,7.753,73.8,-1
1782768778.568,564,136550,0,0.00000000,0.00000000,0.00,0,0,-41.18,-0.011,1.0290,-0.1960,2.4500,2.6645,0.549072,0.075500,-0.028625,0.831848,7.758,72.5,-1
1782768778.817,565,136774,0,0.00000000,0.00000000,0.00,0,0,-41.20,-0.031,0.3920,0.9310,1.3720,1.7038,0.549072,0.075500,-0.028564,0.831848,7.759,72.5,-1
1782768779.004,566,136996,0,0.00000000,0.00000000,0.00,0,0,-41.11,0.034,0.4410,0.4410,1.4700,1.5968,0.549072,0.075500,-0.028625,0.831848,7.756,73.8,-1
1782768779.254,567,137223,0,0.00000000,0.00000000,0.00,0,0,-41.15,0.014,0.2450,1.3230,2.0580,2.4588,0.549072,0.075439,-0.028625,0.831848,7.760,71.2,-1
1782768779.440,568,137443,0,0.00000000,0.00000000,0.00,0,0,-41.15,-0.007,0.1960,0.5880,1.8620,1.9624,0.549072,0.075439,-0.028687,0.831848,7.760,70.0,-1
1782768779.690,569,137660,0,0.00000000,0.00000000,0.00,0,0,-41.17,-0.009,0.0490,0.9310,1.2740,1.5787,0.549072,0.075378,-0.028687,0.831848,7.758,72.5,-1
1782768779.877,570,137882,0,0.00000000,0.00000000,0.00,0,0,-41.22,-0.051,0.4900,0.3430,1.7150,1.8163,0.549072,0.075378,-0.028687,0.831848,7.760,73.8,-1
1782768780.127,571,138102,0,0.00000000,0.00000000,0.00,0,0,-41.27,-0.072,1.4700,0.3920,2.4500,2.8839,0.549072,0.075439,-0.028625,0.831848,7.760,75.0,-1
1782768780.312,572,138322,0,0.00000000,0.00000000,0.00,0,0,-41.06,0.058,0.5390,0.2940,2.4990,2.5733,0.549072,0.075500,-0.028625,0.831848,7.758,73.8,-1
1782768780.560,573,138535,0,0.00000000,0.00000000,0.00,0,0,-41.11,0.040,0.5880,0.4900,2.1560,2.2878,0.549072,0.075500,-0.028625,0.831848,7.759,72.5,-1
1782768780.750,574,138756,0,0.00000000,0.00000000,0.00,0,0,-41.16,-0.001,0.4900,1.3230,2.7440,3.0854,0.549072,0.075500,-0.028625,0.831848,7.758,73.8,-1
1782768781.000,575,138975,0,0.00000000,0.00000000,0.00,0,0,-41.20,-0.036,0.5880,1.2740,1.8130,2.2926,0.549072,0.075562,-0.028625,0.831848,7.755,72.5,-1
1782768781.188,576,139197,0,0.00000000,0.00000000,0.00,0,0,-41.11,0.028,0.2940,0.2450,1.7150,1.7572,0.549072,0.075500,-0.028687,0.831848,7.755,71.2,-1
1782768781.439,577,139443,0,0.00000000,0.00000000,0.00,0,0,-41.19,-0.015,0.1470,0.6370,1.2250,1.3885,0.549072,0.075500,-0.028748,0.831848,7.755,73.8,-1
1782768781.687,578,139667,0,0.00000000,0.00000000,0.00,0,0,-41.17,0.010,0.0980,0.8820,1.2740,1.5526,0.549072,0.075500,-0.028748,0.831848,7.761,67.5,-1
1782768781.936,579,139888,0,0.00000000,0.00000000,0.00,0,0,-41.10,0.058,-0.2940,1.2250,1.9110,2.2889,0.549072,0.075500,-0.028687,0.831848,7.762,70.0,-1
1782768782.124,580,140106,0,0.00000000,0.00000000,0.00,0,0,-41.15,0.013,0.0490,0.8330,1.4210,1.6479,0.549072,0.075500,-0.028687,0.831848,7.758,77.5,-1
1782768782.373,581,140325,0,0.00000000,0.00000000,0.00,0,0,-41.18,0.002,0.2450,0.7350,1.6170,1.7930,0.549072,0.075562,-0.028625,0.831848,7.755,76.2,-1
1782768782.561,582,140537,0,0.00000000,0.00000000,0.00,0,0,-41.18,-0.010,-0.0490,0.6370,1.8620,1.9686,0.549072,0.075562,-0.028625,0.831848,7.750,78.8,-1
1782768782.808,583,140760,0,0.00000000,0.00000000,0.00,0,0,-41.22,-0.029,1.1760,0.5880,1.0290,1.6696,0.549072,0.075562,-0.028625,0.831848,7.754,75.0,-1
1782768783.000,584,140977,0,0.00000000,0.00000000,0.00,0,0,-41.12,0.054,0.1960,0.6860,1.5190,1.6782,0.549072,0.075562,-0.028564,0.831848,7.753,80.0,-1
1782768783.249,585,141201,0,0.00000000,0.00000000,0.00,0,0,-41.17,0.033,0.0490,1.0780,1.4210,1.7843,0.549072,0.075500,-0.028564,0.831848,7.754,76.2,-1
1782768783.435,586,141441,0,0.00000000,0.00000000,0.00,0,0,-41.12,0.070,0.0490,0.3430,1.5680,1.6058,0.549072,0.075500,-0.028564,0.831848,7.755,75.0,-1
1782768783.686,587,141661,0,0.00000000,0.00000000,0.00,0,0,-41.29,-0.046,0.0980,0.7350,1.5190,1.6903,0.549072,0.075500,-0.028564,0.831848,7.755,77.5,-1
1782768783.936,588,141886,0,0.00000000,0.00000000,0.00,0,0,-41.18,0.020,0.4410,0.4410,2.4500,2.5281,0.549072,0.075562,-0.028564,0.831848,7.754,76.2,-1
1782768784.122,589,142113,0,0.00000000,0.00000000,0.00,0,0,-41.27,-0.032,0.6860,0.3430,1.9600,2.1047,0.549072,0.075562,-0.028564,0.831848,7.758,73.8,-1
1782768784.374,590,142332,0,0.00000000,0.00000000,0.00,0,0,-41.16,0.054,-0.3920,1.6170,1.4210,2.1881,0.549072,0.075562,-0.028564,0.831848,7.756,72.5,-1
1782768784.561,591,142547,0,0.00000000,0.00000000,0.00,0,0,-41.16,0.083,0.4900,-0.0980,1.6660,1.7393,0.549072,0.075562,-0.028564,0.831848,7.761,70.0,-1
1782768784.812,592,142769,0,0.00000000,0.00000000,0.00,0,0,-41.27,0.005,0.0000,0.8820,1.2250,1.5095,0.549072,0.075623,-0.028564,0.831848,7.758,71.2,-1
1782768784.998,593,142993,0,0.00000000,0.00000000,0.00,0,0,-41.20,0.044,0.2450,0.5880,1.4210,1.5572,0.549072,0.075623,-0.028564,0.831848,7.756,77.5,-1
1782768785.245,594,143211,0,0.00000000,0.00000000,0.00,0,0,-41.24,0.009,0.1470,0.4410,1.6170,1.6825,0.549072,0.075562,-0.028564,0.831848,7.755,76.2,-1
1782768785.494,595,143459,0,0.00000000,0.00000000,0.00,0,0,-41.18,0.059,0.1470,0.5880,1.1270,1.2796,0.549072,0.075562,-0.028503,0.831848,7.756,73.8,-1
1782768785.680,596,143686,0,0.00000000,0.00000000,0.00,0,0,-41.28,-0.014,0.4410,0.2940,1.0780,1.2012,0.549072,0.075439,-0.028503,0.831848,7.756,75.0,-1
1782768785.929,597,143905,0,0.00000000,0.00000000,0.00,0,0,-41.20,0.022,0.5390,-0.3430,2.4990,2.5794,0.549072,0.075378,-0.028503,0.831848,7.753,78.8,-1
1782768786.178,598,144128,0,0.00000000,0.00000000,0.00,0,0,-41.27,-0.021,0.6370,0.5880,2.1560,2.3238,0.549072,0.075378,-0.028503,0.831848,7.759,72.5,-1
1782768786.365,599,144356,0,0.00000000,0.00000000,0.00,0,0,-41.19,0.016,-0.1960,0.9310,1.4700,1.7510,0.549072,0.075378,-0.028442,0.831848,7.755,76.2,-1
1782768786.617,600,144570,0,0.00000000,0.00000000,0.00,0,0,-41.21,0.011,0.2450,0.5880,1.9600,2.0609,0.549072,0.075378,-0.028442,0.831848,7.758,76.2,-1
1782768786.805,601,144792,0,0.00000000,0.00000000,0.00,0,0,-41.27,-0.041,0.3430,0.6370,1.5680,1.7269,0.549072,0.075378,-0.028564,0.831848,7.755,75.0,-1
1782768787.056,602,145018,0,0.00000000,0.00000000,0.00,0,0,-41.34,-0.087,0.2450,-0.0490,1.6660,1.6846,0.549072,0.075317,-0.028625,0.831909,7.754,75.0,-1
1782768787.243,603,145240,0,0.00000000,0.00000000,0.00,0,0,-41.24,-0.005,0.0980,0.6370,1.4700,1.6051,0.549072,0.075378,-0.028625,0.831848,7.755,72.5,-1
1782768787.493,604,145455,0,0.00000000,0.00000000,0.00,0,0,-41.30,-0.039,0.3920,0.5390,1.7640,1.8857,0.549072,0.075378,-0.028564,0.831848,7.753,75.0,-1
1782768787.680,605,145681,0,0.00000000,0.00000000,0.00,0,0,-41.23,0.023,0.0490,0.3920,1.3720,1.4277,0.549072,0.075378,-0.028503,0.831848,7.754,75.0,-1
1782768787.928,606,145900,0,0.00000000,0.00000000,0.00,0,0,-41.24,0.040,0.4410,0.5390,1.8620,1.9880,0.549072,0.075439,-0.028564,0.831848,7.753,75.0,-1
1782768788.114,607,146120,0,0.00000000,0.00000000,0.00,0,0,-41.24,0.036,0.2940,0.6370,1.5680,1.7178,0.549072,0.075378,-0.028503,0.831848,7.754,75.0,-1
1782768788.363,608,146341,0,0.00000000,0.00000000,0.00,0,0,-41.19,0.058,-0.0490,0.6370,0.9310,1.1291,0.549072,0.075378,-0.028503,0.831848,7.753,75.0,-1
1782768788.552,609,146557,0,0.00000000,0.00000000,0.00,0,0,-41.22,0.038,-0.2450,1.2740,1.5190,1.9976,0.549072,0.075378,-0.028442,0.831848,7.751,73.8,-1
1782768788.800,610,146783,0,0.00000000,0.00000000,0.00,0,0,-41.20,0.050,0.1470,0.3430,1.2740,1.3275,0.549072,0.075439,-0.028503,0.831848,7.755,72.5,-1
1782768789.051,611,147002,0,0.00000000,0.00000000,0.00,0,0,-41.29,-0.015,0.2940,0.6370,1.2250,1.4117,0.549072,0.075500,-0.028503,0.831848,7.756,76.2,-1
1782768789.239,612,147224,0,0.00000000,0.00000000,0.00,0,0,-41.15,0.046,0.5390,0.2450,1.3230,1.4494,0.549072,0.075500,-0.028564,0.831848,7.755,75.0,-1
1782768789.489,613,147464,0,0.00000000,0.00000000,0.00,0,0,-41.10,0.093,0.7350,0.8330,1.5680,1.9216,0.549072,0.075562,-0.028564,0.831848,7.758,75.0,-1
1782768789.677,614,147686,0,0.00000000,0.00000000,0.00,0,0,-41.22,0.005,0.2940,0.2450,1.3230,1.3772,0.549072,0.075562,-0.028564,0.831848,7.756,75.0,-1
1782768789.928,615,147906,0,0.00000000,0.00000000,0.00,0,0,-41.28,-0.052,-0.0490,0.7350,0.6370,0.9739,0.549072,0.075562,-0.028564,0.831848,7.756,72.5,-1
1782768790.179,616,148135,0,0.00000000,0.00000000,0.00,0,0,-41.20,0.010,0.4900,0.3920,2.5970,2.6717,0.549072,0.075562,-0.028564,0.831848,7.753,78.8,-1
1782768790.369,617,148355,0,0.00000000,0.00000000,0.00,0,0,-41.31,-0.046,0.1470,0.7350,1.0290,1.2731,0.549072,0.075562,-0.028564,0.831848,7.750,85.0,-1
1782768790.617,618,148570,0,0.00000000,0.00000000,0.00,0,0,-41.27,-0.038,0.4410,0.6860,1.1760,1.4311,0.549072,0.075562,-0.028564,0.831848,7.758,73.8,-1
1782768790.802,619,148796,0,0.00000000,0.00000000,0.00,0,0,-41.15,0.039,0.5880,1.1270,1.5190,1.9807,0.549072,0.075562,-0.028564,0.831848,7.751,76.2,-1
1782768791.053,620,149020,0,0.00000000,0.00000000,0.00,0,0,-41.11,0.061,0.4900,0.4900,2.4010,2.4990,0.549072,0.075562,-0.028564,0.831848,7.760,68.8,-1
1782768791.239,621,149242,0,0.00000000,0.00000000,0.00,0,0,-41.20,-0.006,1.2250,0.7840,2.6950,3.0624,0.549072,0.075562,-0.028564,0.831848,7.755,76.2,-1
1782768791.490,622,149461,0,0.00000000,0.00000000,0.00,0,0,-41.27,-0.046,0.2450,1.0780,1.8130,2.1235,0.549072,0.075623,-0.028564,0.831848,7.755,76.2,-1
1782768791.677,623,149682,0,0.00000000,0.00000000,0.00,0,0,-41.32,-0.095,0.0490,0.6860,1.3720,1.5347,0.549072,0.075623,-0.028564,0.831848,7.756,76.2,-1
1782768791.928,624,149902,0,0.00000000,0.00000000,0.00,0,0,-41.24,-0.047,0.6370,0.8820,2.8910,3.0889,0.549072,0.075623,-0.028564,0.831848,7.753,75.0,-1
1782768792.116,625,150102,0,0.00000000,0.00000000,0.00,0,0,-41.15,0.022,0.1960,0.0980,2.1560,2.1671,0.549072,0.075623,-0.028564,0.831848,7.755,76.2,-1
1782768792.365,626,150325,0,0.00000000,0.00000000,0.00,0,0,-41.16,0.016,0.0980,0.8330,1.5190,1.7352,0.549072,0.075623,-0.028564,0.831848,7.754,75.0,-1
1782768792.552,627,150544,0,0.00000000,0.00000000,0.00,0,0,-41.19,0.005,0.4410,0.6860,2.0090,2.1682,0.549072,0.075623,-0.028564,0.831848,7.755,75.0,-1
1782768792.800,628,150770,0,0.00000000,0.00000000,0.00,0,0,-41.18,0.004,0.0980,1.0780,1.9110,2.1963,0.549072,0.075500,-0.028564,0.831848,7.756,75.0,-1
1782768792.987,629,150992,0,0.00000000,0.00000000,0.00,0,0,-41.19,-0.008,0.0000,0.9310,1.1270,1.4618,0.549072,0.075500,-0.028503,0.831848,7.755,73.8,-1
1782768793.237,630,151215,0,0.00000000,0.00000000,0.00,0,0,-41.12,0.048,0.2940,0.6370,1.7640,1.8984,0.549072,0.075500,-0.028503,0.831848,7.755,73.8,-1
1782768793.484,631,151458,0,0.00000000,0.00000000,0.00,0,0,-41.12,0.020,0.1960,0.6860,1.4700,1.6340,0.549072,0.075562,-0.028564,0.831848,7.756,72.5,-1
1782768793.734,632,151683,0,0.00000000,0.00000000,0.00,0,0,-41.16,-0.010,0.3920,0.3920,1.2740,1.3894,0.549072,0.075562,-0.028564,0.831848,7.751,76.2,-1
1782768793.920,633,151906,0,0.00000000,0.00000000,0.00,0,0,-41.12,0.003,-0.4900,1.3230,0.1960,1.4244,0.549072,0.075562,-0.028564,0.831848,7.754,75.0,-1
1782768794.168,634,152134,0,0.00000000,0.00000000,0.00,0,0,-41.05,0.042,0.1960,0.3430,2.4500,2.4816,0.549072,0.075562,-0.028564,0.831848,7.754,75.0,-1
1782768794.358,635,152355,0,0.00000000,0.00000000,0.00,0,0,-41.15,-0.020,0.4410,0.7840,1.4700,1.7234,0.549072,0.075562,-0.028564,0.831848,7.754,76.2,-1
1782768794.605,636,152574,0,0.00000000,0.00000000,0.00,0,0,-41.21,-0.059,0.0000,0.7350,1.1760,1.3868,0.549072,0.075500,-0.028564,0.831848,7.758,75.0,-1
1782768794.793,637,152797,0,0.00000000,0.00000000,0.00,0,0,-41.22,-0.063,0.2940,0.4900,1.6170,1.7150,0.549194,0.075500,-0.028625,0.831787,7.759,75.0,-1
1782768795.042,638,153016,0,0.00000000,0.00000000,0.00,0,0,-41.17,-0.025,0.2450,0.2940,0.7350,0.8287,0.549194,0.075500,-0.028625,0.831787,7.754,77.5,-1
1782768795.229,639,153236,0,0.00000000,0.00000000,0.00,0,0,-41.30,-0.092,0.2450,0.5880,1.4210,1.5572,0.549194,0.075562,-0.028687,0.831787,7.753,73.8,-1
1782768795.477,640,153449,0,0.00000000,0.00000000,0.00,0,0,-41.10,0.023,-0.0980,0.9800,0.4410,1.0791,0.549133,0.075562,-0.028625,0.831787,7.756,77.5,-1
1782768795.665,641,153667,0,0.00000000,0.00000000,0.00,0,0,-41.16,-0.010,-0.0980,0.8330,1.7150,1.9091,0.549133,0.075562,-0.028625,0.831787,7.754,76.2,-1
1782768795.915,642,153891,0,0.00000000,0.00000000,0.00,0,0,-41.20,-0.049,-0.0490,0.7840,1.3230,1.5386,0.549133,0.075562,-0.028625,0.831787,7.756,77.5,-1
1782768796.103,643,154108,0,0.00000000,0.00000000,0.00,0,0,-41.07,0.015,0.5880,0.3430,1.7150,1.8452,0.549133,0.075562,-0.028625,0.831787,7.753,77.5,-1
1782768796.352,644,154327,0,0.00000000,0.00000000,0.00,0,0,-41.17,-0.048,0.1470,0.4410,1.4210,1.4951,0.549133,0.075562,-0.028625,0.831787,7.758,76.2,-1
1782768796.539,645,154542,0,0.00000000,0.00000000,0.00,0,0,-41.08,0.045,0.0000,0.6370,1.5680,1.6925,0.549133,0.075562,-0.028625,0.831787,7.759,75.0,-1
1782768796.789,646,154769,0,0.00000000,0.00000000,0.00,0,0,-41.23,-0.058,0.0490,1.0290,2.1560,2.3895,0.549133,0.075562,-0.028625,0.831787,7.753,76.2,-1
1782768797.038,647,154993,0,0.00000000,0.00000000,0.00,0,0,-41.15,-0.015,0.0980,-0.0980,1.7150,1.7206,0.549133,0.075562,-0.028625,0.831787,7.758,75.0,-1
1782768797.224,648,155216,0,0.00000000,0.00000000,0.00,0,0,-41.19,-0.026,0.3920,0.6370,1.7640,1.9160,0.549133,0.075500,-0.028687,0.831848,7.754,75.0,-1
1782768797.474,649,155467,0,0.00000000,0.00000000,0.00,0,0,-41.10,0.015,0.2940,1.1270,1.5680,1.9533,0.549133,0.075500,-0.028687,0.831848,7.758,73.8,-1
1782768797.724,650,155693,0,0.00000000,0.00000000,0.00,0,0,-41.25,-0.054,0.3920,0.3430,1.7640,1.8393,0.549133,0.075562,-0.028625,0.831848,7.758,75.0,-1
1782768797.912,651,155915,0,0.00000000,0.00000000,0.00,0,0,-41.13,0.036,1.1270,0.1470,2.8910,3.1064,0.549133,0.075562,-0.028625,0.831787,7.754,81.2,-1
1782768798.160,652,156139,0,0.00000000,0.00000000,0.00,0,0,-41.25,-0.036,0.7350,0.2450,2.2050,2.3372,0.549133,0.075562,-0.028625,0.831787,7.758,75.0,-1
1782768798.409,653,156362,0,0.00000000,0.00000000,0.00,0,0,-41.08,0.078,-0.4410,1.4210,0.6860,1.6384,0.549133,0.075562,-0.028564,0.831787,7.755,73.8,-1
1782768798.595,654,156573,0,0.00000000,0.00000000,0.00,0,0,-41.15,0.001,0.2450,0.8330,2.1560,2.3243,0.549133,0.075500,-0.028564,0.831848,7.754,77.5,-1
1782768798.844,655,156796,0,0.00000000,0.00000000,0.00,0,0,-41.10,0.044,1.2250,1.2250,1.9600,2.6159,0.549133,0.075439,-0.028625,0.831848,7.754,76.2,-1
1782768799.032,656,157015,0,0.00000000,0.00000000,0.00,0,0,-41.17,-0.006,0.5390,0.2450,1.9600,2.0475,0.549133,0.075378,-0.028625,0.831848,7.754,81.2,-1
1782768799.282,657,157237,0,0.00000000,0.00000000,0.00,0,0,-41.21,-0.035,0.4410,0.4410,1.4700,1.5968,0.549133,0.075378,-0.028687,0.831848,7.756,75.0,-1
1782768799.469,658,157449,0,0.00000000,0.00000000,0.00,0,0,-41.20,-0.042,0.0490,0.8330,1.4700,1.6903,0.549133,0.075378,-0.028687,0.831848,7.758,72.5,-1
1782768799.717,659,157671,0,0.00000000,0.00000000,0.00,0,0,-41.21,-0.062,0.2940,0.6370,1.6170,1.7626,0.549133,0.075317,-0.028564,0.831848,7.758,75.0,-1
1782768799.905,660,157896,0,0.00000000,0.00000000,0.00,0,0,-41.09,0.023,0.1470,0.5390,1.1270,1.2579,0.549133,0.075378,-0.028564,0.831848,7.751,77.5,-1
1782768800.154,661,158121,0,0.00000000,0.00000000,0.00,0,0,-41.12,0.000,0.8330,0.7840,1.5680,1.9409,0.549133,0.075439,-0.028564,0.831848,7.758,75.0,-1
1782768800.340,662,158349,0,0.00000000,0.00000000,0.00,0,0,-41.10,0.015,0.4410,0.3920,1.4210,1.5386,0.549133,0.075439,-0.028564,0.831848,7.756,76.2,-1
1782768800.591,663,158564,0,0.00000000,0.00000000,0.00,0,0,-41.17,-0.026,-0.0490,0.4410,0.1960,0.4851,0.549133,0.075439,-0.028564,0.831848,7.755,73.8,-1
1782768800.839,664,158790,0,0.00000000,0.00000000,0.00,0,0,-41.17,-0.021,0.2940,0.2940,1.6170,1.6696,0.549133,0.075439,-0.028625,0.831848,7.756,75.0,-1
1782768801.025,665,159012,0,0.00000000,0.00000000,0.00,0,0,-41.08,0.034,0.2450,0.3920,1.2740,1.3553,0.549133,0.075439,-0.028625,0.831848,7.758,73.8,-1
1782768801.274,666,159231,0,0.00000000,0.00000000,0.00,0,0,-41.17,-0.035,0.3430,0.6860,1.3720,1.5718,0.549133,0.075439,-0.028625,0.831848,7.755,76.2,-1
1782768801.461,667,159445,0,0.00000000,0.00000000,0.00,0,0,-41.15,-0.006,0.0980,0.2450,1.5680,1.5900,0.549133,0.075378,-0.028748,0.831848,7.755,77.5,-1
1782768801.709,668,159673,0,0.00000000,0.00000000,0.00,0,0,-41.10,0.028,0.4900,0.3920,1.6660,1.7803,0.549133,0.075500,-0.028809,0.831787,7.756,73.8,-1
1782768801.897,669,159897,0,0.00000000,0.00000000,0.00,0,0,-41.05,0.050,0.0490,0.3430,1.0290,1.0858,0.549194,0.075500,-0.028687,0.831787,7.755,73.8,-1
1782768802.147,670,160120,0,0.00000000,0.00000000,0.00,0,0,-41.11,0.009,0.2450,0.3920,1.5680,1.6347,0.549133,0.075562,-0.028748,0.831787,7.755,71.2,-1
1782768802.395,671,160343,0,0.00000000,0.00000000,0.00,0,0,-41.07,0.035,0.4900,0.8330,1.6660,1.9260,0.549133,0.075562,-0.028687,0.831787,7.753,76.2,-1
1782768802.583,672,160565,0,0.00000000,0.00000000,0.00,0,0,-41.13,-0.010,-0.5880,1.5190,1.0290,1.9266,0.549133,0.075500,-0.028687,0.831787,7.754,75.0,-1
1782768802.833,673,160787,0,0.00000000,0.00000000,0.00,0,0,-41.14,-0.004,-0.5880,1.6170,1.4210,2.2315,0.549133,0.075562,-0.028625,0.831787,7.756,76.2,-1
1782768803.019,674,161003,0,0.00000000,0.00000000,0.00,0,0,-41.21,-0.071,0.5390,0.2940,1.4700,1.5931,0.549133,0.075562,-0.028625,0.831787,7.755,81.2,-1
1782768803.270,675,161227,0,0.00000000,0.00000000,0.00,0,0,-41.13,-0.025,0.5390,0.3920,1.4700,1.6140,0.549133,0.075500,-0.028564,0.831787,7.754,77.5,-1
1782768803.456,676,161433,0,0.00000000,0.00000000,0.00,0,0,-41.17,-0.059,0.5880,0.4410,1.5190,1.6875,0.549133,0.075439,-0.028503,0.831787,7.758,75.0,-1
1782768803.644,677,161633,0,0.00000000,0.00000000,0.00,0,0,-41.08,0.007,0.5390,0.4410,1.3720,1.5386,0.549133,0.075439,-0.028503,0.831787,7.758,73.8,-1
1782768803.892,678,161858,0,0.00000000,0.00000000,0.00,0,0,-41.13,-0.017,0.2940,0.2940,1.4210,1.4806,0.549133,0.075439,-0.028503,0.831787,7.759,73.8,-1
1782768804.080,679,162077,0,0.00000000,0.00000000,0.00,0,0,-41.13,-0.028,0.1470,0.8820,0.7350,1.1575,0.549194,0.075439,-0.028503,0.831787,7.756,72.5,-1
1782768804.329,680,162299,0,0.00000000,0.00000000,0.00,0,0,-41.06,0.027,-1.0780,1.9110,2.5970,3.3998,0.549194,0.075439,-0.028503,0.831787,7.756,68.8,-1
1782768804.517,681,162513,0,0.00000000,0.00000000,0.00,0,0,-41.18,-0.041,0.6860,0.2450,1.7640,1.9085,0.549133,0.075439,-0.028503,0.831787,7.758,72.5,-1
1782768804.765,682,162739,0,0.00000000,0.00000000,0.00,0,0,-41.24,-0.069,0.2940,0.2940,2.1070,2.1476,0.549133,0.075500,-0.028503,0.831787,7.758,77.5,-1
1782768805.012,683,162960,0,0.00000000,0.00000000,0.00,0,0,-41.17,-0.016,1.1270,0.4410,3.0380,3.2702,0.549133,0.075500,-0.028564,0.831787,7.754,72.5,-1
1782768805.197,684,163182,0,0.00000000,0.00000000,0.00,0,0,-41.25,-0.067,0.3920,0.6860,2.0580,2.2045,0.549133,0.075562,-0.028564,0.831787,7.758,73.8,-1
1782768805.447,685,163409,0,0.00000000,0.00000000,0.00,0,0,-41.22,-0.042,0.3920,0.6370,1.6660,1.8262,0.549133,0.075562,-0.028564,0.831787,7.747,82.5,-1
1782768805.633,686,163621,0,0.00000000,0.00000000,0.00,0,0,-41.22,-0.046,0.0000,1.4210,1.5680,2.1161,0.549133,0.075562,-0.028564,0.831787,7.754,71.2,-1
1782768805.881,687,163842,0,0.00000000,0.00000000,0.00,0,0,-41.12,0.025,1.6170,1.4210,2.8420,3.5652,0.549133,0.075500,-0.028503,0.831787,7.755,71.2,-1
1782768806.069,688,164065,0,0.00000000,0.00000000,0.00,0,0,-41.14,0.013,0.0490,0.8330,1.0780,1.3632,0.549194,0.075439,-0.028503,0.831787,7.756,72.5,-1
1782768806.320,689,164286,0,0.00000000,0.00000000,0.00,0,0,-41.20,-0.024,2.0090,-0.8820,2.2540,3.1456,0.549194,0.075439,-0.028503,0.831787,7.758,70.0,-1
1782768806.507,690,164506,0,0.00000000,0.00000000,0.00,0,0,-41.13,0.004,0.7840,-0.5880,1.3720,1.6861,0.549194,0.075378,-0.028442,0.831848,7.760,70.0,-1
1782768806.755,691,164732,0,0.00000000,0.00000000,0.00,0,0,-41.09,0.048,0.9310,0.9310,3.0380,3.3110,0.549194,0.075378,-0.028442,0.831848,7.758,76.2,-1
1782768807.003,692,164953,0,0.00000000,0.00000000,0.00,0,0,-41.08,0.043,0.5880,0.1470,2.6460,2.7145,0.549194,0.075317,-0.028442,0.831848,7.755,76.2,-1
1782768807.190,693,165173,0,0.00000000,0.00000000,0.00,0,0,-41.01,0.072,0.7350,0.2940,1.9600,2.1138,0.549194,0.075317,-0.028381,0.831848,7.758,75.0,-1
1782768807.439,694,165397,0,0.00000000,0.00000000,0.00,0,0,-41.00,0.076,0.1960,2.2540,0.9800,2.4656,0.549194,0.075317,-0.028381,0.831848,7.755,71.2,-1
1782768807.624,695,165617,0,0.00000000,0.00000000,0.00,0,0,-41.09,0.009,0.2450,0.3430,1.8130,1.8614,0.549194,0.075378,-0.028442,0.831848,7.756,73.8,-1
1782768807.872,696,165841,0,0.00000000,0.00000000,0.00,0,0,-40.99,0.078,0.3430,1.1270,1.2250,1.6995,0.549194,0.075378,-0.028503,0.831848,7.755,73.8,-1
1782768808.060,697,166065,0,0.00000000,0.00000000,0.00,0,0,-40.96,0.102,0.0490,1.1760,1.0290,1.5634,0.549194,0.075378,-0.028503,0.831848,7.755,72.5,-1
1782768808.310,698,166289,0,0.00000000,0.00000000,0.00,0,0,-40.93,0.090,-0.0980,1.1760,1.2250,1.7009,0.549133,0.075439,-0.028503,0.831787,7.761,68.8,-1
1782768808.497,699,166503,0,0.00000000,0.00000000,0.00,0,0,-40.92,0.085,0.0980,1.2740,1.4700,1.9477,0.549133,0.075439,-0.028564,0.831787,7.756,72.5,-1
1782768808.748,700,166721,0,0.00000000,0.00000000,0.00,0,0,-40.98,0.042,0.2450,0.7840,2.0580,2.2159,0.549133,0.075439,-0.028564,0.831787,7.754,71.2,-1
1782768808.995,701,166945,0,0.00000000,0.00000000,0.00,0,0,-40.95,0.039,0.1470,0.8820,1.6660,1.8908,0.549133,0.075378,-0.028503,0.831848,7.755,72.5,-1
1782768809.182,702,167171,0,0.00000000,0.00000000,0.00,0,0,-40.94,0.019,0.2940,0.8820,1.8130,2.0375,0.549194,0.075378,-0.028503,0.831848,7.760,67.5,-1
1782768809.432,703,167391,0,0.00000000,0.00000000,0.00,0,0,-40.89,0.044,0.5880,0.2940,2.2050,2.3009,0.549194,0.075317,-0.028442,0.831848,7.760,70.0,-1
1782768809.622,704,167602,0,0.00000000,0.00000000,0.00,0,0,-40.86,0.043,0.7840,0.6860,1.2740,1.6457,0.549194,0.075378,-0.028442,0.831848,7.758,72.5,-1
1782768809.872,705,167821,0,0.00000000,0.00000000,0.00,0,0,-40.94,-0.024,0.2450,0.4900,1.6170,1.7073,0.549133,0.075439,-0.028503,0.831787,7.755,73.8,-1
1782768810.060,706,168046,0,0.00000000,0.00000000,0.00,0,0,-40.94,-0.040,0.8330,0.4410,2.1070,2.3082,0.549133,0.075439,-0.028503,0.831787,7.755,72.5,-1
1782768810.310,707,168271,0,0.00000000,0.00000000,0.00,0,0,-40.90,-0.006,0.3430,0.3430,1.5680,1.6413,0.549194,0.075378,-0.028503,0.831848,7.756,70.0,-1
1782768810.495,708,168484,0,0.00000000,0.00000000,0.00,0,0,-40.92,-0.041,0.5880,0.2450,1.7150,1.8295,0.549194,0.075378,-0.028442,0.831848,7.755,72.5,-1
1782768810.745,709,168713,0,0.00000000,0.00000000,0.00,0,0,-40.99,-0.084,0.0490,0.6860,1.1270,1.3203,0.549133,0.075317,-0.028503,0.831848,7.759,70.0,-1
1782768810.931,710,168935,0,0.00000000,0.00000000,0.00,0,0,-41.04,-0.097,0.5880,0.6860,1.8130,2.0257,0.549133,0.075317,-0.028625,0.831848,7.761,73.8,-1
1782768811.180,711,169153,0,0.00000000,0.00000000,0.00,0,0,-41.00,-0.073,-0.1960,1.2250,1.0290,1.6118,0.549133,0.075378,-0.028625,0.831848,7.759,72.5,-1
1782768811.367,712,169375,0,0.00000000,0.00000000,0.00,0,0,-41.03,-0.083,-0.1960,1.1270,0.9800,1.5063,0.549133,0.075439,-0.028625,0.831787,7.758,72.5,-1
1782768811.617,713,169593,0,0.00000000,0.00000000,0.00,0,0,-41.05,-0.053,0.3920,0.2940,2.0090,2.0679,0.549133,0.075439,-0.028564,0.831787,7.760,72.5,-1
1782768811.866,714,169815,0,0.00000000,0.00000000,0.00,0,0,-40.98,-0.001,0.3920,0.1960,1.1760,1.2550,0.549133,0.075378,-0.028503,0.831848,7.756,76.2,-1
1782768812.052,715,170036,0,0.00000000,0.00000000,0.00,0,0,-40.92,0.056,-0.3920,1.2250,1.0290,1.6472,0.549133,0.075378,-0.028503,0.831848,7.759,75.0,-1
1782768812.301,716,170260,0,0.00000000,0.00000000,0.00,0,0,-40.98,0.011,0.7840,0.4900,2.1070,2.3009,0.549194,0.075378,-0.028503,0.831848,7.761,70.0,-1
1782768812.490,717,170480,0,0.00000000,0.00000000,0.00,0,0,-41.07,-0.050,0.0490,0.9800,1.3720,1.6868,0.549194,0.075378,-0.028442,0.831848,7.759,71.2,-1
1782768812.740,718,170706,0,0.00000000,0.00000000,0.00,0,0,-41.11,-0.083,0.5390,0.4900,1.6170,1.7735,0.549194,0.075317,-0.028381,0.831848,7.754,76.2,-1
1782768812.928,719,170930,0,0.00000000,0.00000000,0.00,0,0,-41.15,-0.078,0.3920,1.1760,1.6660,2.0766,0.549194,0.075317,-0.028381,0.831848,7.755,72.5,-1
1782768813.175,720,171152,0,0.00000000,0.00000000,0.00,0,0,-41.06,-0.023,0.4410,0.8330,1.0780,1.4319,0.549194,0.075317,-0.028381,0.831848,7.759,73.8,-1
1782768813.425,721,171378,0,0.00000000,0.00000000,0.00,0,0,-41.01,0.011,0.0000,0.5880,1.0780,1.2279,0.549194,0.075256,-0.028381,0.831848,7.755,76.2,-1
1782768813.612,722,171592,0,0.00000000,0.00000000,0.00,0,0,-41.07,0.005,1.3230,-0.5390,3.4790,3.7609,0.549194,0.075256,-0.028381,0.831848,7.759,73.8,-1
1782768813.865,723,171818,0,0.00000000,0.00000000,0.00,0,0,-41.08,0.001,0.2940,0.4410,1.2250,1.3347,0.549194,0.075256,-0.028381,0.831848,7.754,76.2,-1
1782768814.053,724,172043,0,0.00000000,0.00000000,0.00,0,0,-41.19,-0.065,0.4410,0.9310,1.6660,1.9588,0.549194,0.075256,-0.028320,0.831848,7.758,72.5,-1
1782768814.302,725,172264,0,0.00000000,0.00000000,0.00,0,0,-41.24,-0.092,0.5880,0.4410,2.1560,2.2778,0.549194,0.075256,-0.028320,0.831848,7.758,73.8,-1
1782768814.490,726,172476,0,0.00000000,0.00000000,0.00,0,0,-41.20,-0.070,0.5390,0.2940,1.4210,1.5480,0.549194,0.075317,-0.028381,0.831848,7.755,76.2,-1
1782768814.740,727,172704,0,0.00000000,0.00000000,0.00,0,0,-41.25,-0.094,0.2940,0.7840,2.0090,2.1765,0.549194,0.075378,-0.028442,0.831848,7.759,72.5,-1
1782768814.928,728,172922,0,0.00000000,0.00000000,0.00,0,0,-41.22,-0.072,0.2940,0.2450,1.3230,1.3772,0.549194,0.075439,-0.028381,0.831787,7.756,76.2,-1
1782768815.177,729,173143,0,0.00000000,0.00000000,0.00,0,0,-41.06,0.048,0.4900,0.5880,1.9600,2.1041,0.549194,0.075378,-0.028381,0.831787,7.756,75.0,-1
1782768815.363,730,173362,0,0.00000000,0.00000000,0.00,0,0,-41.23,-0.063,0.6370,0.4900,1.8130,1.9831,0.549194,0.075378,-0.028381,0.831848,7.755,77.5,-1
1782768815.612,731,173575,0,0.00000000,0.00000000,0.00,0,0,-41.26,-0.090,0.0000,0.7840,1.7150,1.8857,0.549194,0.075317,-0.028381,0.831848,7.756,77.5,-1
1782768815.799,732,173800,0,0.00000000,0.00000000,0.00,0,0,-41.20,-0.053,1.0290,0.6860,2.5970,2.8764,0.549194,0.075317,-0.028381,0.831848,7.754,76.2,-1
1782768816.045,733,174028,0,0.00000000,0.00000000,0.00,0,0,-41.13,-0.006,0.1470,0.8330,0.8820,1.2221,0.549194,0.075378,-0.028381,0.831787,7.755,73.8,-1
1782768816.292,734,174249,0,0.00000000,0.00000000,0.00,0,0,-41.21,-0.062,0.6370,0.0000,1.7640,1.8755,0.549194,0.075500,-0.028381,0.831787,7.758,75.0,-1
1782768816.479,735,174461,0,0.00000000,0.00000000,0.00,0,0,-41.20,-0.060,0.3920,0.1960,1.3230,1.3937,0.549194,0.075439,-0.028503,0.831787,7.755,77.5,-1
1782768816.725,736,174679,0,0.00000000,0.00000000,0.00,0,0,-41.25,-0.093,-0.2450,0.4410,0.5880,0.7748,0.549255,0.075378,-0.028625,0.831726,7.759,77.5,-1
1782768816.912,737,174899,0,0.00000000,0.00000000,0.00,0,0,-41.21,-0.063,0.9310,0.9310,1.8130,2.2406,0.549316,0.075317,-0.028503,0.831726,7.755,75.0,-1
1782768817.158,738,175117,0,0.00000000,0.00000000,0.00,0,0,-41.20,-0.045,0.2450,0.3430,0.9800,1.0668,0.549316,0.075439,-0.028564,0.831726,7.753,76.2,-1
1782768817.345,739,175337,0,0.00000000,0.00000000,0.00,0,0,-41.10,0.054,0.0490,0.2940,0.5390,0.6159,0.549316,0.075439,-0.028564,0.831726,7.751,78.8,-1
1782768817.597,740,175550,0,0.00000000,0.00000000,0.00,0,0,-41.17,0.003,0.2450,0.2940,1.2250,1.2834,0.549316,0.075439,-0.028625,0.831726,7.758,73.8,-1
1782768817.787,741,175771,0,0.00000000,0.00000000,0.00,0,0,-41.34,-0.106,0.2450,0.3920,2.2540,2.3009,0.549316,0.075439,-0.028625,0.831726,7.760,66.2,-1
1782768818.037,742,175991,0,0.00000000,0.00000000,0.00,0,0,-41.14,0.026,0.1960,0.6860,1.6170,1.7674,0.549316,0.075500,-0.028625,0.831726,7.756,68.8,-1
1782768818.224,743,176211,0,0.00000000,0.00000000,0.00,0,0,-41.18,-0.002,0.1960,0.5390,1.0780,1.2211,0.549316,0.075500,-0.028625,0.831726,7.756,68.8,-1
1782768818.472,744,176457,0,0.00000000,0.00000000,0.00,0,0,-41.13,0.025,0.0980,0.6370,1.9110,2.0168,0.549316,0.075500,-0.028687,0.831726,7.755,76.2,-1
1782768818.722,745,176684,0,0.00000000,0.00000000,0.00,0,0,-41.24,-0.045,0.6860,0.4900,2.1560,2.3150,0.549194,0.075500,-0.028625,0.831787,7.756,75.0,-1
1782768818.911,746,176905,0,0.00000000,0.00000000,0.00,0,0,-41.09,0.055,0.5880,0.5390,1.4700,1.6725,0.549255,0.075500,-0.028687,0.831726,7.756,76.2,-1
1782768819.157,747,177125,0,0.00000000,0.00000000,0.00,0,0,-41.15,-0.003,-0.3920,1.9600,0.2940,2.0203,0.549194,0.075500,-0.028625,0.831787,7.760,70.0,-1
1782768819.345,748,177343,0,0.00000000,0.00000000,0.00,0,0,-41.21,-0.044,0.8330,0.0000,2.2050,2.3571,0.549133,0.075562,-0.028625,0.831848,7.753,77.5,-1
1782768819.595,749,177557,0,0.00000000,0.00000000,0.00,0,0,-41.25,-0.059,0.1470,0.3430,1.6170,1.6595,0.549072,0.075562,-0.028687,0.831848,7.756,72.5,-1
1782768819.781,750,177777,0,0.00000000,0.00000000,0.00,0,0,-41.22,-0.028,0.0490,0.6370,1.6660,1.7843,0.549072,0.075500,-0.028625,0.831848,7.754,75.0,-1
1782768820.030,751,178005,0,0.00000000,0.00000000,0.00,0,0,-41.27,-0.065,-0.0980,0.2940,-0.2940,0.4272,0.549072,0.075378,-0.028687,0.831909,7.754,75.0,-1
1782768820.278,752,178227,0,0.00000000,0.00000000,0.00,0,0,-41.25,-0.048,0.7350,0.4900,1.8130,2.0168,0.549072,0.075439,-0.028687,0.831909,7.755,77.5,-1
1782768820.466,753,178446,0,0.00000000,0.00000000,0.00,0,0,-41.18,-0.007,0.0980,0.6370,1.0290,1.2142,0.549072,0.075439,-0.028625,0.831909,7.755,73.8,-1
1782768820.716,754,178667,0,0.00000000,0.00000000,0.00,0,0,-41.21,-0.011,0.0490,0.5880,0.7840,0.9812,0.549072,0.075439,-0.028564,0.831909,7.755,75.0,-1
1782768820.901,755,178887,0,0.00000000,0.00000000,0.00,0,0,-41.21,-0.003,0.0000,1.0780,1.6660,1.9843,0.549072,0.075317,-0.028625,0.831909,7.751,73.8,-1
1782768821.152,756,179106,0,0.00000000,0.00000000,0.00,0,0,-41.20,-0.004,0.3430,0.2940,1.5190,1.5848,0.549072,0.075256,-0.028625,0.831909,7.750,76.2,-1
1782768821.340,757,179326,0,0.00000000,0.00000000,0.00,0,0,-41.19,0.008,0.0490,1.0780,1.8130,2.1098,0.549072,0.075317,-0.028564,0.831909,7.751,78.8,-1
1782768821.589,758,179536,0,0.00000000,0.00000000,0.00,0,0,-41.27,-0.051,0.0980,0.7840,1.4700,1.6689,0.549072,0.075317,-0.028625,0.831909,7.751,76.2,-1
1782768821.775,759,179760,0,0.00000000,0.00000000,0.00,0,0,-41.13,0.038,0.3920,0.0490,1.4210,1.4749,0.549072,0.075378,-0.028687,0.831909,7.756,75.0,-1
1782768822.022,760,179982,0,0.00000000,0.00000000,0.00,0,0,-41.24,-0.021,0.3920,0.6370,1.6660,1.8262,0.549072,0.075439,-0.028625,0.831909,7.755,72.5,-1
1782768822.208,761,180204,0,0.00000000,0.00000000,0.00,0,0,-41.19,0.019,0.2940,0.7350,0.9800,1.2598,0.549072,0.075439,-0.028625,0.831909,7.755,73.8,-1
1782768822.458,762,180449,0,0.00000000,0.00000000,0.00,0,0,-41.12,0.045,0.0490,0.5390,1.3720,1.4749,0.549072,0.075439,-0.028625,0.831909,7.753,78.8,-1
1782768822.707,763,180672,0,0.00000000,0.00000000,0.00,0,0,-41.15,0.039,-0.0980,1.3720,1.6660,2.1604,0.549133,0.075500,-0.028625,0.831848,7.760,77.5,-1
1782768822.894,764,180893,0,0.00000000,0.00000000,0.00,0,0,-41.19,0.025,0.1960,0.7840,2.2540,2.3945,0.549133,0.075500,-0.028625,0.831787,7.758,73.8,-1
1782768823.145,765,181111,0,0.00000000,0.00000000,0.00,0,0,-41.13,0.064,0.5390,0.3430,1.3720,1.5135,0.549133,0.075439,-0.028625,0.831787,7.755,71.2,-1
1782768823.330,766,181333,0,0.00000000,0.00000000,0.00,0,0,-41.09,0.078,-0.7840,1.8620,0.2940,2.0416,0.549194,0.075439,-0.028625,0.831787,7.758,75.0,-1
1782768823.579,767,181544,0,0.00000000,0.00000000,0.00,0,0,-41.15,0.025,0.1470,0.5390,1.0290,1.1709,0.549255,0.075439,-0.028625,0.831787,7.756,72.5,-1
1782768823.766,768,181767,0,0.00000000,0.00000000,0.00,0,0,-41.15,0.021,0.2940,0.4410,1.0780,1.2012,0.549255,0.075439,-0.028625,0.831726,7.756,71.2,-1
1782768824.014,769,181995,0,0.00000000,0.00000000,0.00,0,0,-41.15,0.024,0.1960,0.7350,1.7640,1.9210,0.549255,0.075500,-0.028625,0.831726,7.753,76.2,-1
1782768824.265,770,182214,0,0.00000000,0.00000000,0.00,0,0,-41.11,0.047,0.4410,0.1960,1.7640,1.8288,0.549255,0.075500,-0.028625,0.831726,7.754,78.8,-1
1782768824.452,771,182459,0,0.00000000,0.00000000,0.00,0,0,-41.13,0.025,0.3430,0.2450,1.6170,1.6710,0.549255,0.075562,-0.028564,0.831726,7.754,76.2,-1
1782768824.700,772,182687,0,0.00000000,0.00000000,0.00,0,0,-41.15,0.009,0.4410,0.1470,1.5680,1.6355,0.549255,0.075562,-0.028564,0.831726,7.758,73.8,-1
1782768824.949,773,182914,0,0.00000000,0.00000000,0.00,0,0,-41.14,0.022,-0.3430,0.8330,1.0290,1.3676,0.549255,0.075562,-0.028564,0.831726,7.747,83.8,-1
1782768825.136,774,183138,0,0.00000000,0.00000000,0.00,0,0,-41.13,0.028,-0.2450,-0.4900,0.8820,1.0383,0.549316,0.075562,-0.028503,0.831726,7.754,75.0,-1
1782768825.385,775,183355,0,0.00000000,0.00000000,0.00,0,0,-41.15,0.023,0.3430,0.5880,1.2250,1.4014,0.549316,0.075562,-0.028503,0.831726,7.753,82.5,-1
1782768825.575,776,183567,0,0.00000000,0.00000000,0.00,0,0,-41.17,0.007,0.4410,0.5880,1.8130,1.9563,0.549316,0.075562,-0.028442,0.831726,7.755,76.2,-1
1782768825.823,777,183788,0,0.00000000,0.00000000,0.00,0,0,-41.16,0.008,0.5390,0.4900,2.1070,2.2294,0.549255,0.075500,-0.028503,0.831726,7.755,72.5,-1
1782768826.010,778,184007,0,0.00000000,0.00000000,0.00,0,0,-41.24,-0.060,0.0000,1.2740,1.8130,2.2159,0.549255,0.075562,-0.028564,0.831726,7.755,73.8,-1
1782768826.259,779,184228,0,0.00000000,0.00000000,0.00,0,0,-41.03,0.084,0.0490,0.7350,0.8820,1.1492,0.549255,0.075562,-0.028564,0.831726,7.755,72.5,-1
1782768826.445,780,184445,0,0.00000000,0.00000000,0.00,0,0,-41.17,0.008,0.4410,0.5390,1.0780,1.2834,0.549255,0.075562,-0.028564,0.831726,7.754,75.0,-1
1782768826.694,781,184672,0,0.00000000,0.00000000,0.00,0,0,-41.21,-0.021,0.5390,0.8330,0.4900,1.1066,0.549255,0.075562,-0.028564,0.831726,7.755,72.5,-1
1782768826.882,782,184889,0,0.00000000,0.00000000,0.00,0,0,-41.11,0.033,0.0490,0.7350,1.5680,1.7324,0.549255,0.075562,-0.028564,0.831726,7.755,70.0,-1
1782768827.130,783,185109,0,0.00000000,0.00000000,0.00,0,0,-41.13,0.003,0.1470,0.1960,1.4700,1.4903,0.549255,0.075562,-0.028564,0.831726,7.759,73.8,-1
1782768827.378,784,185333,0,0.00000000,0.00000000,0.00,0,0,-41.17,-0.029,0.2940,0.4900,1.6170,1.7150,0.549255,0.075562,-0.028564,0.831726,7.760,72.5,-1
1782768827.566,785,185547,0,0.00000000,0.00000000,0.00,0,0,-41.03,0.046,0.5880,0.7840,0.9800,1.3859,0.549255,0.075562,-0.028564,0.831726,7.758,73.8,-1
1782768827.814,786,185773,0,0.00000000,0.00000000,0.00,0,0,-41.11,-0.008,0.3430,0.5390,2.1070,2.2017,0.549255,0.075562,-0.028625,0.831726,7.759,72.5,-1
1782768828.004,787,185991,0,0.00000000,0.00000000,0.00,0,0,-41.06,0.026,0.2450,0.8820,1.9110,2.1189,0.549255,0.075562,-0.028564,0.831726,7.756,75.0,-1
1782768828.252,788,186214,0,0.00000000,0.00000000,0.00,0,0,-41.00,0.069,0.7350,0.0980,1.6170,1.7789,0.549255,0.075562,-0.028625,0.831726,7.755,72.5,-1
1782768828.499,789,186457,0,0.00000000,0.00000000,0.00,0,0,-41.03,0.013,0.3920,0.6370,1.9110,2.0522,0.549255,0.075562,-0.028564,0.831726,7.759,72.5,-1
1782768828.687,790,186679,0,0.00000000,0.00000000,0.00,0,0,-41.02,0.025,0.6370,0.8330,1.4210,1.7660,0.549255,0.075562,-0.028564,0.831726,7.760,71.2,-1
1782768828.936,791,186901,0,0.00000000,0.00000000,0.00,0,0,-41.18,-0.075,-0.1470,1.1760,0.7350,1.3946,0.549255,0.075562,-0.028564,0.831726,7.758,73.8,-1
1782768829.123,792,187125,0,0.00000000,0.00000000,0.00,0,0,-41.11,-0.035,-0.2940,1.1760,0.8820,1.4991,0.549255,0.075562,-0.028564,0.831726,7.758,78.8,-1
1782768829.371,793,187349,0,0.00000000,0.00000000,0.00,0,0,-41.00,0.040,0.2940,0.7840,1.4700,1.6917,0.549255,0.075562,-0.028564,0.831726,7.761,70.0,-1
1782768829.619,794,187567,0,0.00000000,0.00000000,0.00,0,0,-40.99,0.036,-0.0490,0.8820,1.5680,1.7997,0.549255,0.075562,-0.028564,0.831726,7.756,72.5,-1
1782768829.804,795,187788,0,0.00000000,0.00000000,0.00,0,0,-41.18,-0.081,0.3430,1.2740,1.8130,2.2423,0.549255,0.075562,-0.028564,0.831726,7.760,71.2,-1
1782768830.054,796,188007,0,0.00000000,0.00000000,0.00,0,0,-41.11,-0.052,0.3920,1.5190,1.2250,1.9904,0.549255,0.075562,-0.028625,0.831726,7.756,71.2,-1
1782768830.240,797,188231,0,0.00000000,0.00000000,0.00,0,0,-40.91,0.061,0.0490,0.5390,1.8130,1.8921,0.549255,0.075562,-0.028625,0.831726,7.756,75.0,-1
1782768830.490,798,188451,0,0.00000000,0.00000000,0.00,0,0,-40.96,0.049,0.2940,1.2250,1.2740,1.7917,0.549255,0.075562,-0.028564,0.831726,7.758,72.5,-1
1782768830.677,799,188678,0,0.00000000,0.00000000,0.00,0,0,-40.88,0.085,0.1960,1.0290,1.4210,1.7654,0.549255,0.075500,-0.028564,0.831726,7.758,70.0,-1
1782768830.928,800,188900,0,0.00000000,0.00000000,0.00,0,0,-41.00,0.006,-0.1470,0.2450,2.4010,2.4179,0.549255,0.075500,-0.028503,0.831726,7.759,76.2,-1
1782768831.176,801,189122,0,0.00000000,0.00000000,0.00,0,0,-40.99,0.005,0.0490,1.0290,0.7350,1.2655,0.549255,0.075500,-0.028564,0.831726,7.760,70.0,-1
1782768831.363,802,189340,0,0.00000000,0.00000000,0.00,0,0,-41.10,-0.076,0.9800,0.3430,2.1070,2.3489,0.549255,0.075500,-0.028564,0.831726,7.759,73.8,-1
1782768831.549,803,189555,0,0.00000000,0.00000000,0.00,0,0,-40.97,-0.007,-0.0490,0.3920,1.5190,1.5695,0.549255,0.075562,-0.028564,0.831726,7.758,71.2,-1
1782768831.799,804,189780,0,0.00000000,0.00000000,0.00,0,0,-40.88,0.043,0.4410,0.4410,2.8910,2.9575,0.549255,0.075623,-0.028564,0.831726,7.758,75.0,-1
1782768832.048,805,190005,0,0.00000000,0.00000000,0.00,0,0,-40.96,-0.019,-0.3430,1.6170,1.9600,2.5640,0.549255,0.075623,-0.028625,0.831726,7.760,71.2,-1
1782768832.235,806,190229,0,0.00000000,0.00000000,0.00,0,0,-40.97,-0.025,0.5880,0.7840,1.1760,1.5308,0.549255,0.075623,-0.028625,0.831726,7.761,72.5,-1
1782768832.487,807,190449,0,0.00000000,0.00000000,0.00,0,0,-41.00,-0.052,0.3920,0.4410,1.9600,2.0469,0.549255,0.075623,-0.028625,0.831726,7.761,70.0,-1
1782768832.676,808,190676,0,0.00000000,0.00000000,0.00,0,0,-40.91,-0.001,0.2450,0.4410,1.5190,1.6006,0.549255,0.075623,-0.028625,0.831726,7.755,75.0,-1
1782768832.926,809,190896,0,0.00000000,0.00000000,0.00,0,0,-41.07,-0.093,0.4900,1.2250,1.4700,1.9753,0.549255,0.075623,-0.028625,0.831726,7.758,72.5,-1
1782768833.116,810,191116,0,0.00000000,0.00000000,0.00,0,0,-41.02,-0.055,0.3920,0.2940,1.7640,1.8308,0.549255,0.075623,-0.028625,0.831726,7.758,72.5,-1
1782768833.363,811,191335,0,0.00000000,0.00000000,0.00,0,0,-41.03,-0.061,1.2250,0.9310,1.6660,2.2678,0.549255,0.075623,-0.028564,0.831726,7.754,72.5,-1
1782768833.552,812,191550,0,0.00000000,0.00000000,0.00,0,0,-40.93,0.012,-0.5880,1.1270,1.5190,1.9807,0.549255,0.075562,-0.028625,0.831726,7.758,70.0,-1
1782768833.802,813,191775,0,0.00000000,0.00000000,0.00,0,0,-40.97,-0.009,1.5190,0.4900,2.1560,2.6825,0.549255,0.075562,-0.028687,0.831726,7.751,73.8,-1
1782768834.052,814,191999,0,0.00000000,0.00000000,0.00,0,0,-40.99,-0.015,0.1470,1.0290,1.5190,1.8406,0.549255,0.075500,-0.028748,0.831726,7.759,76.2,-1
1782768834.241,815,192220,0,0.00000000,0.00000000,0.00,0,0,-40.89,0.056,0.2940,0.7840,1.1270,1.4040,0.549255,0.075500,-0.028687,0.831726,7.759,75.0,-1
1782768834.489,816,192469,0,0.00000000,0.00000000,0.00,0,0,-40.94,0.031,0.3430,0.4410,1.3230,1.4361,0.549255,0.075500,-0.028748,0.831726,7.756,70.0,-1
1782768834.738,817,192689,0,0.00000000,0.00000000,0.00,0,0,-40.86,0.079,0.6860,-0.0490,1.7150,1.8478,0.549255,0.075500,-0.028748,0.831726,7.758,67.5,-1
1782768834.925,818,192889,0,0.00000000,0.00000000,0.00,0,0,-41.08,-0.050,0.5880,0.5880,2.6460,2.7736,0.549255,0.075500,-0.028687,0.831726,7.758,72.5,-1
1782768835.112,819,193111,0,0.00000000,0.00000000,0.00,0,0,-41.06,-0.023,0.1470,0.4900,1.4700,1.5565,0.549255,0.075500,-0.028687,0.831726,7.756,71.2,-1
1782768835.363,820,193329,0,0.00000000,0.00000000,0.00,0,0,-41.02,0.006,0.0000,0.7350,1.1760,1.3868,0.549255,0.075500,-0.028687,0.831726,7.758,71.2,-1
1782768835.551,821,193540,0,0.00000000,0.00000000,0.00,0,0,-41.00,-0.008,-0.2450,0.3920,1.0290,1.1281,0.549255,0.075500,-0.028687,0.831726,7.754,76.2,-1
1782768835.799,822,193764,0,0.00000000,0.00000000,0.00,0,0,-40.92,0.049,0.3430,0.5390,1.2740,1.4252,0.549255,0.075500,-0.028625,0.831726,7.758,72.5,-1
1782768835.987,823,193981,0,0.00000000,0.00000000,0.00,0,0,-41.00,0.001,0.0980,0.5880,1.3720,1.4959,0.549255,0.075562,-0.028625,0.831726,7.755,78.8,-1
1782768836.235,824,194205,0,0.00000000,0.00000000,0.00,0,0,-40.97,0.004,0.4900,-0.3920,2.3520,2.4343,0.549255,0.075562,-0.028625,0.831726,7.756,71.2,-1
1782768836.484,825,194454,0,0.00000000,0.00000000,0.00,0,0,-40.91,0.047,0.2450,0.3430,2.1070,2.1487,0.549255,0.075562,-0.028625,0.831726,7.758,76.2,-1
1782768836.671,826,194675,0,0.00000000,0.00000000,0.00,0,0,-40.95,0.030,-0.0490,0.8330,1.6660,1.8633,0.549255,0.075562,-0.028625,0.831726,7.755,71.2,-1
1782768836.922,827,194875,0,0.00000000,0.00000000,0.00,0,0,-41.02,-0.009,0.0980,0.4410,1.5680,1.6318,0.549255,0.075623,-0.028625,0.831726,7.755,75.0,-1
1782768837.110,828,195094,0,0.00000000,0.00000000,0.00,0,0,-40.96,0.030,0.7840,0.0490,1.4700,1.6667,0.549255,0.075562,-0.028625,0.831726,7.754,75.0,-1
1782768837.358,829,195315,0,0.00000000,0.00000000,0.00,0,0,-40.97,0.009,0.0000,0.5880,1.3230,1.4478,0.549255,0.075623,-0.028625,0.831726,7.755,75.0,-1
1782768837.545,830,195531,0,0.00000000,0.00000000,0.00,0,0,-41.00,-0.016,0.2450,0.5390,1.3230,1.4494,0.549255,0.075623,-0.028625,0.831726,7.755,77.5,-1
1782768837.795,831,195756,0,0.00000000,0.00000000,0.00,0,0,-40.97,0.018,0.4900,0.7350,1.0780,1.3937,0.549255,0.075623,-0.028625,0.831726,7.755,73.8,-1
1782768837.984,832,195976,0,0.00000000,0.00000000,0.00,0,0,-40.96,0.041,0.3920,0.7350,2.1560,2.3113,0.549255,0.075623,-0.028625,0.831726,7.758,73.8,-1
1782768838.234,833,196200,0,0.00000000,0.00000000,0.00,0,0,-41.02,-0.003,0.0980,0.3430,1.5190,1.5603,0.549255,0.075562,-0.028625,0.831726,7.755,76.2,-1
1782768838.482,834,196440,0,0.00000000,0.00000000,0.00,0,0,-41.10,-0.049,0.0980,0.2450,1.9110,1.9291,0.549255,0.075562,-0.028625,0.831726,7.755,73.8,-1
1782768838.669,835,196666,0,0.00000000,0.00000000,0.00,0,0,-41.04,-0.005,0.0490,0.7350,1.8130,1.9569,0.549255,0.075562,-0.028625,0.831726,7.753,78.8,-1
1782768838.916,836,196890,0,0.00000000,0.00000000,0.00,0,0,-40.96,0.061,1.1270,0.3430,1.4700,1.8838,0.549255,0.075623,-0.028625,0.831726,7.754,76.2,-1
1782768839.165,837,197111,0,0.00000000,0.00000000,0.00,0,0,-41.01,0.008,0.0000,1.0780,1.2250,1.6318,0.549255,0.075623,-0.028625,0.831726,7.754,73.8,-1
1782768839.354,838,197340,0,0.00000000,0.00000000,0.00,0,0,-40.92,0.080,0.3920,0.7840,1.8620,2.0580,0.549255,0.075623,-0.028625,0.831726,7.755,71.2,-1
1782768839.605,839,197554,0,0.00000000,0.00000000,0.00,0,0,-40.98,0.031,0.4410,0.3920,1.0780,1.2289,0.549255,0.075623,-0.028625,0.831726,7.754,76.2,-1
1782768839.792,840,197781,0,0.00000000,0.00000000,0.00,0,0,-40.97,0.035,0.2940,0.3920,1.1270,1.2289,0.549255,0.075562,-0.028564,0.831726,7.756,72.5,-1
1782768840.041,841,198004,0,0.00000000,0.00000000,0.00,0,0,-41.06,-0.030,0.1470,0.3430,1.2250,1.2806,0.549255,0.075500,-0.028564,0.831726,7.759,67.5,-1
1782768840.229,842,198234,0,0.00000000,0.00000000,0.00,0,0,-41.07,-0.036,0.2450,0.4900,2.0580,2.1297,0.549255,0.075439,-0.028625,0.831726,7.755,73.8,-1
1782768840.480,843,198443,0,0.00000000,0.00000000,0.00,0,0,-40.99,0.006,0.3430,0.3430,1.0290,1.1376,0.549255,0.075378,-0.028687,0.831726,7.758,73.8,-1
1782768840.668,844,198662,0,0.00000000,0.00000000,0.00,0,0,-41.06,-0.032,-0.0490,0.5390,1.8130,1.8921,0.549255,0.075317,-0.028625,0.831787,7.756,71.2,-1
1782768840.918,845,198881,0,0.00000000,0.00000000,0.00,0,0,-40.97,0.027,0.3920,0.4900,1.4700,1.5983,0.549255,0.075317,-0.028625,0.831787,7.754,73.8,-1
1782768841.106,846,199105,0,0.00000000,0.00000000,0.00,0,0,-41.04,-0.020,0.5390,0.7840,2.5970,2.7658,0.549316,0.075378,-0.028625,0.831726,7.759,71.2,-1
1782768841.352,847,199327,0,0.00000000,0.00000000,0.00,0,0,-40.91,0.059,0.4410,1.3720,1.3230,1.9563,0.549255,0.075378,-0.028687,0.831787,7.759,67.5,-1
1782768841.541,848,199543,0,0.00000000,0.00000000,0.00,0,0,-41.01,0.002,0.7350,0.2940,1.4700,1.6696,0.549255,0.075378,-0.028625,0.831787,7.756,73.8,-1
1782768841.790,849,199766,0,0.00000000,0.00000000,0.00,0,0,-41.07,-0.024,0.4410,0.6860,1.4210,1.6384,0.549194,0.075500,-0.028625,0.831787,7.759,70.0,-1
1782768842.038,850,199986,0,0.00000000,0.00000000,0.00,0,0,-41.00,0.021,1.0780,-0.5880,2.8420,3.0959,0.549194,0.075562,-0.028625,0.831787,7.758,73.8,-1
1782768842.226,851,200206,0,0.00000000,0.00000000,0.00,0,0,-41.05,-0.031,0.5880,0.4900,1.6170,1.7890,0.549194,0.075562,-0.028625,0.831787,7.756,75.0,-1
1782768842.473,852,200449,0,0.00000000,0.00000000,0.00,0,0,-40.96,-0.005,0.0000,0.6860,1.2250,1.4040,0.549194,0.075562,-0.028625,0.831787,7.758,70.0,-1
1782768842.725,853,200677,0,0.00000000,0.00000000,0.00,0,0,-40.92,0.010,0.3430,0.4410,2.0580,2.1325,0.549194,0.075562,-0.028625,0.831787,7.756,75.0,-1
1782768842.911,854,200896,0,0.00000000,0.00000000,0.00,0,0,-41.01,-0.058,0.0000,0.4410,0.1470,0.4649,0.549194,0.075562,-0.028625,0.831787,7.754,77.5,-1
1782768843.160,855,201122,0,0.00000000,0.00000000,0.00,0,0,-40.96,-0.017,0.5880,0.5390,1.8130,1.9807,0.549194,0.075562,-0.028625,0.831787,7.754,75.0,-1
1782768843.349,856,201348,0,0.00000000,0.00000000,0.00,0,0,-41.08,-0.093,0.3430,0.5390,2.0090,2.1081,0.549194,0.075562,-0.028625,0.831787,7.755,75.0,-1
1782768843.597,857,201567,0,0.00000000,0.00000000,0.00,0,0,-41.03,-0.054,0.1470,0.5390,1.8130,1.8971,0.549194,0.075623,-0.028625,0.831787,7.756,76.2,-1
1782768843.848,858,201791,0,0.00000000,0.00000000,0.00,0,0,-41.17,-0.149,0.4410,0.4410,1.4210,1.5518,0.549194,0.075623,-0.028564,0.831787,7.756,73.8,-1
1782768844.036,859,202013,0,0.00000000,0.00000000,0.00,0,0,-41.11,-0.097,0.4410,0.8330,1.5680,1.8295,0.549194,0.075623,-0.028564,0.831787,7.762,67.5,-1
1782768844.224,860,202213,0,0.00000000,0.00000000,0.00,0,0,-41.11,-0.093,0.2450,0.5390,1.3720,1.4943,0.549194,0.075623,-0.028564,0.831787,7.758,76.2,-1
1782768844.474,861,202460,0,0.00000000,0.00000000,0.00,0,0,-41.16,-0.104,0.2450,0.3430,0.9800,1.0668,0.549194,0.075623,-0.028564,0.831787,7.753,82.5,-1
1782768844.724,862,202684,0,0.00000000,0.00000000,0.00,0,0,-41.05,-0.030,0.2940,0.6370,1.1760,1.3694,0.549194,0.075623,-0.028564,0.831787,7.758,75.0,-1
1782768844.911,863,202900,0,0.00000000,0.00000000,0.00,0,0,-41.09,-0.072,0.4410,0.4410,1.4210,1.5518,0.549194,0.075623,-0.028564,0.831787,7.754,82.5,-1
1782768845.163,864,203122,0,0.00000000,0.00000000,0.00,0,0,-41.08,-0.039,0.4410,0.3430,1.2250,1.3464,0.549194,0.075623,-0.028564,0.831787,7.751,76.2,-1
1782768845.349,865,203344,0,0.00000000,0.00000000,0.00,0,0,-41.11,-0.066,-0.3430,2.1560,-0.0490,2.1837,0.549194,0.075623,-0.028564,0.831787,7.755,78.8,-1
1782768845.599,866,203559,0,0.00000000,0.00000000,0.00,0,0,-41.09,-0.043,0.1960,0.2450,2.0090,2.0334,0.549194,0.075623,-0.028564,0.831787,7.756,78.8,-1
1782768845.786,867,203785,0,0.00000000,0.00000000,0.00,0,0,-41.11,-0.053,0.3430,0.8330,2.2540,2.4274,0.549194,0.075623,-0.028564,0.831787,7.755,75.0,-1
1782768846.035,868,204009,0,0.00000000,0.00000000,0.00,0,0,-41.08,-0.030,0.2450,1.3720,1.6660,2.1721,0.549194,0.075623,-0.028564,0.831787,7.754,75.0,-1
1782768846.284,869,204229,0,0.00000000,0.00000000,0.00,0,0,-41.08,-0.021,0.4410,0.5880,1.8620,2.0018,0.549194,0.075623,-0.028564,0.831787,7.755,77.5,-1
1782768846.471,870,204468,0,0.00000000,0.00000000,0.00,0,0,-40.95,0.042,0.6370,0.3920,1.3230,1.5198,0.549194,0.075623,-0.028564,0.831787,7.755,73.8,-1
1782768846.721,871,204686,0,0.00000000,0.00000000,0.00,0,0,-41.16,-0.088,0.3430,0.8820,0.8330,1.2607,0.549194,0.075623,-0.028625,0.831787,7.754,78.8,-1
1782768846.909,872,204908,0,0.00000000,0.00000000,0.00,0,0,-41.13,-0.059,0.7350,-0.3920,2.1560,2.3113,0.549194,0.075623,-0.028564,0.831787,7.753,82.5,-1
1782768847.161,873,205126,0,0.00000000,0.00000000,0.00,0,0,-41.12,-0.051,1.4210,-1.0780,1.7640,2.5086,0.549194,0.075623,-0.028564,0.831787,7.751,78.8,-1
1782768847.346,874,205348,0,0.00000000,0.00000000,0.00,0,0,-41.19,-0.080,0.4410,0.3430,1.5190,1.6185,0.549194,0.075623,-0.028564,0.831787,7.754,80.0,-1
1782768847.595,875,205564,0,0.00000000,0.00000000,0.00,0,0,-41.16,-0.061,0.1960,0.3430,1.7150,1.7599,0.549194,0.075562,-0.028564,0.831787,7.756,76.2,-1
1782768847.845,876,205790,0,0.00000000,0.00000000,0.00,0,0,-41.03,0.043,-0.1470,1.4210,2.1560,2.5863,0.549194,0.075562,-0.028625,0.831787,7.756,80.0,-1
1782768848.033,877,206012,0,0.00000000,0.00000000,0.00,0,0,-41.16,-0.014,0.2450,0.4900,1.7640,1.8471,0.549194,0.075562,-0.028625,0.831787,7.755,75.0,-1
1782768848.286,878,206237,0,0.00000000,0.00000000,0.00,0,0,-41.07,0.021,0.3920,0.5880,1.0780,1.2890,0.549194,0.075562,-0.028564,0.831787,7.758,75.0,-1
1782768848.474,879,206452,0,0.00000000,0.00000000,0.00,0,0,-41.21,-0.076,0.2450,0.8820,2.1560,2.3423,0.549194,0.075623,-0.028564,0.831787,7.755,75.0,-1
1782768848.724,880,206676,0,0.00000000,0.00000000,0.00,0,0,-41.19,-0.057,0.4410,0.2940,1.5190,1.6088,0.549194,0.075623,-0.028564,0.831787,7.755,72.5,-1
1782768848.912,881,206902,0,0.00000000,0.00000000,0.00,0,0,-41.29,-0.111,-0.0490,0.9800,1.3720,1.6868,0.549194,0.075500,-0.028503,0.831787,7.759,71.2,-1
1782768849.163,882,207121,0,0.00000000,0.00000000,0.00,0,0,-41.13,-0.014,0.0490,0.6370,2.1560,2.2487,0.549194,0.075500,-0.028503,0.831787,7.756,78.8,-1
1782768849.348,883,207344,0,0.00000000,0.00000000,0.00,0,0,-41.10,0.010,0.2450,0.8330,0.6370,1.0769,0.549194,0.075500,-0.028503,0.831787,7.758,73.8,-1
1782768849.601,884,207568,0,0.00000000,0.00000000,0.00,0,0,-41.16,-0.000,0.1470,0.9310,1.8130,2.0434,0.549194,0.075500,-0.028503,0.831787,7.755,76.2,-1
1782768849.848,885,207796,0,0.00000000,0.00000000,0.00,0,0,-41.19,-0.022,0.2450,0.5390,2.3520,2.4254,0.549194,0.075562,-0.028564,0.831787,7.760,71.2,-1
1782768850.037,886,208017,0,0.00000000,0.00000000,0.00,0,0,-41.18,-0.011,-0.1470,-0.3920,1.6660,1.7178,0.549194,0.075562,-0.028625,0.831787,7.758,73.8,-1
1782768850.288,887,208243,0,0.00000000,0.00000000,0.00,0,0,-41.14,0.016,0.2940,1.6170,0.8330,1.8426,0.549194,0.075562,-0.028625,0.831787,7.755,73.8,-1
1782768850.478,888,208460,0,0.00000000,0.00000000,0.00,0,0,-41.18,-0.027,-0.2450,0.8820,1.3230,1.6088,0.549194,0.075562,-0.028625,0.831787,7.753,76.2,-1
1782768850.729,889,208683,0,0.00000000,0.00000000,0.00,0,0,-41.09,0.046,0.5390,0.4410,0.7350,1.0125,0.549194,0.075562,-0.028625,0.831787,7.756,73.8,-1
1782768850.915,890,208908,0,0.00000000,0.00000000,0.00,0,0,-41.20,-0.012,0.0490,0.6860,-0.1470,0.7033,0.549194,0.075562,-0.028625,0.831787,7.755,77.5,-1
1782768851.166,891,209129,0,0.00000000,0.00000000,0.00,0,0,-41.15,0.019,0.5390,1.0780,1.3230,1.7897,0.549194,0.075562,-0.028564,0.831787,7.759,70.0,-1
1782768851.352,892,209350,0,0.00000000,0.00000000,0.00,0,0,-41.11,0.062,0.4900,0.6860,2.9400,3.0585,0.549194,0.075562,-0.028564,0.831787,7.759,72.5,-1
1782768851.602,893,209569,0,0.00000000,0.00000000,0.00,0,0,-41.19,0.015,0.6860,0.4900,2.8910,3.0114,0.549194,0.075562,-0.028625,0.831787,7.758,71.2,-1
1782768851.789,894,209787,0,0.00000000,0.00000000,0.00,0,0,-41.22,-0.022,1.0290,-0.0490,1.7150,2.0006,0.549194,0.075623,-0.028625,0.831787,7.755,72.5,-1
1782768852.039,895,210010,0,0.00000000,0.00000000,0.00,0,0,-41.18,0.007,0.5390,-0.0490,1.8620,1.9391,0.549194,0.075623,-0.028625,0.831787,7.758,68.8,-1
1782768852.226,896,210227,0,0.00000000,0.00000000,0.00,0,0,-41.22,-0.037,0.4410,1.0290,1.4210,1.8090,0.549194,0.075623,-0.028625,0.831787,7.756,75.0,-1
1782768852.476,897,210445,0,0.00000000,0.00000000,0.00,0,0,-41.24,-0.035,0.5390,0.3430,1.7150,1.8301,0.549194,0.075623,-0.028625,0.831787,7.755,73.8,-1
1782768852.726,898,210671,0,0.00000000,0.00000000,0.00,0,0,-41.21,-0.014,0.2940,0.4410,1.8130,1.8889,0.549194,0.075623,-0.028687,0.831787,7.756,70.0,-1
1782768852.914,899,210890,0,0.00000000,0.00000000,0.00,0,0,-41.03,0.077,-0.0490,0.9800,0.6370,1.1699,0.549194,0.075623,-0.028503,0.831787,7.755,73.8,-1
1782768853.163,900,211111,0,0.00000000,0.00000000,0.00,0,0,-41.12,-0.011,-0.0490,0.5390,1.6660,1.7517,0.549255,0.075500,-0.028442,0.831726,7.755,73.8,-1
1782768853.352,901,211331,0,0.00000000,0.00000000,0.00,0,0,-41.11,-0.005,0.6370,0.3430,0.4410,0.8473,0.549194,0.075684,-0.028442,0.831726,7.758,73.8,-1
1782768853.598,902,211544,0,0.00000000,0.00000000,0.00,0,0,-41.14,-0.053,-0.9310,0.7840,0.1470,1.2260,0.549194,0.075684,-0.028442,0.831787,7.758,75.0,-1
1782768853.785,903,211760,0,0.00000000,0.00000000,0.00,0,0,-41.04,0.020,0.6370,0.5390,1.5190,1.7331,0.549316,0.075684,-0.028442,0.831665,7.754,77.5,-1
1782768854.032,904,211988,0,0.00000000,0.00000000,0.00,0,0,-41.02,0.026,0.3430,0.3430,1.8130,1.8768,0.549255,0.075623,-0.028503,0.831726,7.756,73.8,-1
1782768854.219,905,212216,0,0.00000000,0.00000000,0.00,0,0,-41.09,-0.015,0.0490,1.1760,0.2940,1.2132,0.549255,0.075562,-0.028687,0.831726,7.756,70.0,-1
1782768854.467,906,212459,0,0.00000000,0.00000000,0.00,0,0,-41.07,-0.010,0.0490,1.2250,1.6660,2.0685,0.549316,0.075500,-0.028687,0.831726,7.758,68.8,-1
1782768854.719,907,212684,0,0.00000000,0.00000000,0.00,0,0,-40.98,0.046,0.1960,0.3430,2.0580,2.0956,0.549377,0.075378,-0.028687,0.831665,7.753,77.5,-1
1782768854.905,908,212907,0,0.00000000,0.00000000,0.00,0,0,-41.17,-0.074,0.3430,0.6860,1.4210,1.6148,0.549438,0.075378,-0.028809,0.831604,7.751,76.2,-1
1782768855.154,909,213136,0,0.00000000,0.00000000,0.00,0,0,-41.14,-0.044,1.0290,-0.0490,2.0090,2.2577,0.549438,0.075378,-0.028748,0.831665,7.756,71.2,-1
1782768855.404,910,213355,0,0.00000000,0.00000000,0.00,0,0,-41.17,-0.081,0.5390,0.6370,1.6170,1.8196,0.549438,0.075378,-0.028687,0.831604,7.756,71.2,-1
1782768855.592,911,213575,0,0.00000000,0.00000000,0.00,0,0,-41.15,-0.062,0.4410,0.5390,1.3720,1.5386,0.549500,0.075378,-0.028687,0.831604,7.756,72.5,-1
1782768855.844,912,213799,0,0.00000000,0.00000000,0.00,0,0,-41.15,-0.067,0.6860,0.7840,2.3520,2.5724,0.549500,0.075378,-0.028625,0.831604,7.758,72.5,-1
1782768856.032,913,214017,0,0.00000000,0.00000000,0.00,0,0,-41.17,-0.071,0.4900,1.1270,1.6170,2.0310,0.549500,0.075317,-0.028564,0.831604,7.756,72.5,-1
1782768856.280,914,214240,0,0.00000000,0.00000000,0.00,0,0,-41.15,-0.068,0.7840,0.6860,1.7640,2.0486,0.549500,0.075317,-0.028564,0.831604,7.758,71.2,-1
1782768856.465,915,214456,0,0.00000000,0.00000000,0.00,0,0,-41.19,-0.098,0.5390,0.1470,2.5970,2.6564,0.549500,0.075439,-0.028503,0.831604,7.760,70.0,-1
1782768856.714,916,214680,0,0.00000000,0.00000000,0.00,0,0,-41.27,-0.119,-1.0780,1.1760,-0.1960,1.6073,0.549500,0.075562,-0.028564,0.831604,7.758,71.2,-1
1782768856.902,917,214900,0,0.00000000,0.00000000,0.00,0,0,-41.31,-0.134,0.0980,0.5880,1.2250,1.3623,0.549500,0.075562,-0.028564,0.831604,7.754,77.5,-1
1782768857.153,918,215122,0,0.00000000,0.00000000,0.00,0,0,-41.30,-0.128,0.2940,1.0290,0.9310,1.4185,0.549500,0.075562,-0.028564,0.831604,7.756,73.8,-1
1782768857.340,919,215341,0,0.00000000,0.00000000,0.00,0,0,-41.26,-0.090,0.3920,0.6860,1.6170,1.7997,0.549500,0.075500,-0.028625,0.831604,7.755,77.5,-1
1782768857.588,920,215559,0,0.00000000,0.00000000,0.00,0,0,-41.29,-0.092,0.0980,1.0290,1.7150,2.0024,0.549500,0.075500,-0.028625,0.831604,7.755,76.2,-1
1782768857.837,921,215784,0,0.00000000,0.00000000,0.00,0,0,-41.34,-0.112,0.3430,0.4410,1.4700,1.5726,0.549500,0.075500,-0.028564,0.831604,7.755,76.2,-1
1782768858.025,922,216012,0,0.00000000,0.00000000,0.00,0,0,-41.31,-0.081,0.1960,0.6370,2.2050,2.3035,0.549500,0.075500,-0.028564,0.831604,7.756,80.0,-1
1782768858.273,923,216238,0,0.00000000,0.00000000,0.00,0,0,-41.31,-0.074,-0.0490,-0.0980,2.0090,2.0120,0.549500,0.075439,-0.028564,0.831604,7.760,72.5,-1
1782768858.460,924,216458,0,0.00000000,0.00000000,0.00,0,0,-41.29,-0.062,0.4900,0.4900,1.2740,1.4503,0.549500,0.075500,-0.028564,0.831604,7.760,76.2,-1
1782768858.709,925,216683,0,0.00000000,0.00000000,0.00,0,0,-41.28,-0.053,0.4900,0.4900,1.5190,1.6696,0.549500,0.075562,-0.028564,0.831604,7.755,76.2,-1
1782768858.956,926,216901,0,0.00000000,0.00000000,0.00,0,0,-41.28,-0.050,0.3430,0.4900,1.7150,1.8163,0.549500,0.075562,-0.028625,0.831604,7.755,76.2,-1
1782768859.144,927,217127,0,0.00000000,0.00000000,0.00,0,0,-41.34,-0.073,0.2940,-0.2940,2.4990,2.5334,0.549500,0.075562,-0.028625,0.831604,7.756,73.8,-1
1782768859.394,928,217345,0,0.00000000,0.00000000,0.00,0,0,-41.25,-0.017,0.9310,0.6860,1.6170,1.9880,0.549500,0.075562,-0.028625,0.831604,7.755,77.5,-1
1782768859.582,929,217562,0,0.00000000,0.00000000,0.00,0,0,-41.42,-0.085,1.5190,0.5880,3.2830,3.6649,0.549500,0.075562,-0.028625,0.831604,7.754,75.0,-1
1782768859.832,930,217785,0,0.00000000,0.00000000,0.00,0,0,-41.33,-0.011,0.6370,0.1960,1.7150,1.8399,0.549500,0.075562,-0.028625,0.831604,7.754,76.2,-1
1782768860.018,931,218007,0,0.00000000,0.00000000,0.00,0,0,-41.32,-0.032,0.6860,0.1470,0.8820,1.1270,0.549500,0.075562,-0.028564,0.831604,7.755,75.0,-1
1782768860.267,932,218229,0,0.00000000,0.00000000,0.00,0,0,-41.30,-0.001,0.2940,0.2450,1.4700,1.5190,0.549500,0.075562,-0.028564,0.831604,7.756,72.5,-1
1782768860.455,933,218440,0,0.00000000,0.00000000,0.00,0,0,-41.18,0.058,0.2450,0.4410,1.6660,1.7407,0.549500,0.075562,-0.028625,0.831604,7.753,75.0,-1
1782768860.702,934,218666,0,0.00000000,0.00000000,0.00,0,0,-41.28,-0.013,-0.0980,0.6860,1.0780,1.2815,0.549500,0.075562,-0.028564,0.831604,7.758,71.2,-1
1782768860.889,935,218889,0,0.00000000,0.00000000,0.00,0,0,-41.31,-0.040,0.0980,0.6860,0.7840,1.0464,0.549500,0.075439,-0.028503,0.831604,7.755,77.5,-1
1782768861.138,936,219111,0,0.00000000,0.00000000,0.00,0,0,-41.30,-0.050,0.1470,0.2940,1.2740,1.3157,0.549500,0.075439,-0.028503,0.831604,7.758,73.8,-1
1782768861.326,937,219329,0,0.00000000,0.00000000,0.00,0,0,-41.34,-0.089,0.2450,0.7840,1.1760,1.4345,0.549500,0.075439,-0.028564,0.831604,7.755,76.2,-1
1782768861.576,938,219544,0,0.00000000,0.00000000,0.00,0,0,-41.24,-0.026,0.5880,0.7840,1.3230,1.6464,0.549500,0.075500,-0.028564,0.831604,7.755,73.8,-1
1782768861.764,939,219764,0,0.00000000,0.00000000,0.00,0,0,-41.20,0.003,0.5390,0.7350,2.0580,2.2508,0.549500,0.075500,-0.028564,0.831604,7.755,71.2,-1
1782768862.015,940,219991,0,0.00000000,0.00000000,0.00,0,0,-41.34,-0.084,0.2940,0.4900,2.3030,2.3728,0.549500,0.075562,-0.028564,0.831604,7.755,76.2,-1
1782768862.265,941,220214,0,0.00000000,0.00000000,0.00,0,0,-41.24,-0.017,0.1470,0.4900,1.7640,1.8367,0.549500,0.075500,-0.028687,0.831604,7.755,73.8,-1
1782768862.451,942,220454,0,0.00000000,0.00000000,0.00,0,0,-41.25,-0.022,0.0490,0.7840,1.9600,2.1116,0.549500,0.075439,-0.028625,0.831604,7.755,75.0,-1
1782768862.701,943,220679,0,0.00000000,0.00000000,0.00,0,0,-41.28,-0.023,0.3430,0.4410,1.3720,1.4814,0.549500,0.075378,-0.028564,0.831604,7.755,73.8,-1
1782768862.952,944,220905,0,0.00000000,0.00000000,0.00,0,0,-41.30,-0.041,0.6860,0.0980,1.4210,1.5810,0.549500,0.075378,-0.028687,0.831604,7.760,71.2,-1
1782768863.137,945,221124,0,0.00000000,0.00000000,0.00,0,0,-41.17,0.043,0.4410,0.3920,0.9800,1.1439,0.549500,0.075378,-0.028748,0.831604,7.755,72.5,-1
1782768863.389,946,221343,0,0.00000000,0.00000000,0.00,0,0,-41.19,0.018,0.3920,-0.0980,1.5190,1.5718,0.549500,0.075439,-0.028687,0.831604,7.751,78.8,-1
1782768863.575,947,221559,0,0.00000000,0.00000000,0.00,0,0,-41.23,-0.013,0.3920,0.8820,2.3030,2.4971,0.549500,0.075439,-0.028625,0.831604,7.755,71.2,-1
1782768863.825,948,221786,0,0.00000000,0.00000000,0.00,0,0,-41.13,0.054,0.2450,0.4900,2.0090,2.0824,0.549500,0.075500,-0.028625,0.831604,7.754,75.0,-1
1782768864.012,949,222007,0,0.00000000,0.00000000,0.00,0,0,-41.21,0.002,0.0980,-0.1470,2.4990,2.5052,0.549500,0.075500,-0.028625,0.831604,7.753,75.0,-1
1782768864.262,950,222228,0,0.00000000,0.00000000,0.00,0,0,-41.17,0.028,0.1960,0.7350,1.2250,1.4420,0.549500,0.075562,-0.028625,0.831604,7.756,75.0,-1
1782768864.448,951,222442,0,0.00000000,0.00000000,0.00,0,0,-41.08,0.080,0.0490,0.4410,1.8130,1.8665,0.549500,0.075562,-0.028625,0.831604,7.758,73.8,-1
1782768864.698,952,222666,0,0.00000000,0.00000000,0.00,0,0,-41.19,0.014,0.7350,0.0980,1.0780,1.3084,0.549500,0.075562,-0.028625,0.831604,7.751,80.0,-1
1782768864.886,953,222887,0,0.00000000,0.00000000,0.00,0,0,-41.28,-0.044,0.0000,0.9310,1.4210,1.6988,0.549500,0.075562,-0.028625,0.831604,7.753,78.8,-1
1782768865.136,954,223110,0,0.00000000,0.00000000,0.00,0,0,-41.09,0.068,0.7350,0.4410,1.5680,1.7870,0.549500,0.075562,-0.028625,0.831604,7.754,80.0,-1
1782768865.384,955,223329,0,0.00000000,0.00000000,0.00,0,0,-41.16,0.028,0.1470,0.6860,1.9110,2.0357,0.549500,0.075562,-0.028625,0.831604,7.753,77.5,-1
1782768865.572,956,223541,0,0.00000000,0.00000000,0.00,0,0,-41.13,0.060,0.4410,0.4900,1.4700,1.6110,0.549500,0.075562,-0.028625,0.831604,7.759,70.0,-1
1782768865.759,957,223760,0,0.00000000,0.00000000,0.00,0,0,-41.21,-0.010,0.4410,0.6370,1.9600,2.1076,0.549500,0.075562,-0.028625,0.831604,7.753,71.2,-1
1782768866.007,958,223980,0,0.00000000,0.00000000,0.00,0,0,-41.08,0.086,1.0780,0.2450,2.0090,2.2931,0.549500,0.075562,-0.028564,0.831604,7.756,71.2,-1
1782768866.196,959,224199,0,0.00000000,0.00000000,0.00,0,0,-41.10,0.064,0.2450,0.4410,1.5190,1.6006,0.549500,0.075500,-0.028564,0.831604,7.753,75.0,-1
1782768866.444,960,224446,0,0.00000000,0.00000000,0.00,0,0,-41.06,0.084,0.3430,0.6370,1.7150,1.8614,0.549500,0.075439,-0.028503,0.831604,7.756,72.5,-1
1782768866.693,961,224672,0,0.00000000,0.00000000,0.00,0,0,-41.15,0.022,0.8330,-0.5880,2.3030,2.5186,0.549500,0.075378,-0.028503,0.831604,7.754,80.0,-1
1782768866.942,962,224895,0,0.00000000,0.00000000,0.00,0,0,-41.12,0.038,-0.3430,0.9310,0.8330,1.2955,0.549500,0.075378,-0.028503,0.831604,7.753,75.0,-1
1782768867.132,963,225112,0,0.00000000,0.00000000,0.00,0,0,-41.13,0.023,0.5880,0.4410,1.5190,1.6875,0.549500,0.075439,-0.028503,0.831604,7.751,77.5,-1
1782768867.384,964,225333,0,0.00000000,0.00000000,0.00,0,0,-41.12,0.031,0.1470,0.5880,2.0090,2.0984,0.549500,0.075439,-0.028564,0.831604,7.750,77.5,-1
1782768867.572,965,225547,0,0.00000000,0.00000000,0.00,0,0,-41.14,0.012,0.3430,0.5880,1.5680,1.7094,0.549500,0.075500,-0.028503,0.831604,7.755,71.2,-1
1782768867.822,966,225776,0,0.00000000,0.00000000,0.00,0,0,-41.14,0.022,0.1960,0.1470,1.6660,1.6839,0.549500,0.075439,-0.028503,0.831604,7.754,75.0,-1
1782768868.010,967,225996,0,0.00000000,0.00000000,0.00,0,0,-41.08,0.054,-0.0490,1.6170,1.8130,2.4298,0.549500,0.075623,-0.028442,0.831543,7.753,73.8,-1
1782768868.257,968,226215,0,0.00000000,0.00000000,0.00,0,0,-41.12,0.011,0.1960,0.7840,1.3720,1.5923,0.549500,0.075562,-0.028503,0.831543,7.751,75.0,-1
1782768868.506,969,226462,0,0.00000000,0.00000000,0.00,0,0,-41.20,-0.014,0.2940,0.5390,1.0290,1.1982,0.549561,0.075500,-0.028442,0.831543,7.758,77.5,-1
1782768868.692,970,226684,0,0.00000000,0.00000000,0.00,0,0,-41.19,0.000,0.1470,0.7840,1.1270,1.3807,0.549500,0.075500,-0.028381,0.831604,7.754,77.5,-1
1782768868.942,971,226910,0,0.00000000,0.00000000,0.00,0,0,-40.92,0.167,-0.0490,1.0780,1.5190,1.8633,0.549561,0.075500,-0.028320,0.831543,7.753,81.2,-1
1782768869.191,972,227136,0,0.00000000,0.00000000,0.00,0,0,-40.99,0.116,0.3920,0.7350,0.1470,0.8459,0.549561,0.075439,-0.028381,0.831543,7.750,77.5,-1
1782768869.377,973,227360,0,0.00000000,0.00000000,0.00,0,0,-40.97,0.117,0.1470,0.5880,1.8130,1.9116,0.549561,0.075500,-0.028442,0.831543,7.753,75.0,-1
1782768869.627,974,227579,0,0.00000000,0.00000000,0.00,0,0,-41.08,0.039,0.5390,0.4410,1.9600,2.0800,0.549561,0.075500,-0.028503,0.831543,7.751,73.8,-1
1782768869.813,975,227801,0,0.00000000,0.00000000,0.00,0,0,-40.97,0.105,1.2250,0.0000,3.1360,3.3668,0.549683,0.075500,-0.028503,0.831482,7.756,75.0,-1
1782768870.064,976,228019,0,0.00000000,0.00000000,0.00,0,0,-40.96,0.088,0.1470,0.6860,1.4210,1.5848,0.549622,0.075500,-0.028503,0.831482,7.750,77.5,-1
1782768870.251,977,228243,0,0.00000000,0.00000000,0.00,0,0,-40.82,0.145,0.4900,-0.0490,1.7150,1.7843,0.549622,0.075500,-0.028503,0.831482,7.756,75.0,-1
1782768870.499,978,228460,0,0.00000000,0.00000000,0.00,0,0,-40.79,0.129,0.1960,1.0780,0.4410,1.1811,0.549622,0.075439,-0.028625,0.831482,7.750,78.8,-1
1782768870.686,979,228683,0,0.00000000,0.00000000,0.00,0,0,-40.89,0.041,-0.2940,1.6170,0.7840,1.8209,0.549622,0.075500,-0.028625,0.831482,7.753,77.5,-1
1782768870.937,980,228901,0,0.00000000,0.00000000,0.00,0,0,-40.91,0.019,0.6370,0.2450,1.5680,1.7101,0.549622,0.075500,-0.028625,0.831482,7.755,76.2,-1
1782768871.124,981,229125,0,0.00000000,0.00000000,0.00,0,0,-40.80,0.086,0.2450,0.6860,1.4210,1.5968,0.549622,0.075562,-0.028625,0.831482,7.756,72.5,-1
1782768871.376,982,229344,0,0.00000000,0.00000000,0.00,0,0,-40.90,0.023,0.5880,1.4210,2.1560,2.6483,0.549622,0.075562,-0.028625,0.831482,7.756,72.5,-1
1782768871.562,983,229563,0,0.00000000,0.00000000,0.00,0,0,-40.84,0.040,0.0980,0.8330,0.8330,1.1821,0.549622,0.075562,-0.028625,0.831482,7.755,73.8,-1
1782768871.810,984,229783,0,0.00000000,0.00000000,0.00,0,0,-40.88,0.024,0.3430,0.9310,1.6170,1.8971,0.549622,0.075562,-0.028625,0.831482,7.755,77.5,-1
1782768872.058,985,230002,0,0.00000000,0.00000000,0.00,0,0,-40.86,0.037,0.5390,0.2940,1.3720,1.5031,0.549622,0.075500,-0.028687,0.831482,7.755,76.2,-1
1782768872.246,986,230228,0,0.00000000,0.00000000,0.00,0,0,-40.93,-0.018,1.1760,1.1270,0.4410,1.6875,0.549622,0.075500,-0.028687,0.831482,7.756,73.8,-1
1782768872.434,987,230435,0,0.00000000,0.00000000,0.00,0,0,-40.92,-0.007,0.1470,0.2940,1.6170,1.6501,0.549622,0.075500,-0.028687,0.831482,7.754,73.8,-1
1782768872.682,988,230664,0,0.00000000,0.00000000,0.00,0,0,-40.98,-0.037,0.7350,0.5880,2.1560,2.3525,0.549622,0.075562,-0.028687,0.831482,7.754,77.5,-1
1782768872.933,989,230887,0,0.00000000,0.00000000,0.00,0,0,-41.01,-0.066,1.2250,-0.1960,2.8420,3.1010,0.549622,0.075562,-0.028687,0.831482,7.755,72.5,-1
1782768873.119,990,231107,0,0.00000000,0.00000000,0.00,0,0,-40.96,-0.046,0.5880,1.4210,2.6950,3.1029,0.549622,0.075562,-0.028687,0.831482,7.754,73.8,-1
1782768873.370,991,231329,0,0.00000000,0.00000000,0.00,0,0,-40.97,-0.055,0.3430,0.5390,1.6170,1.7386,0.549622,0.075562,-0.028687,0.831482,7.759,73.8,-1
1782768873.557,992,231546,0,0.00000000,0.00000000,0.00,0,0,-41.03,-0.088,0.4410,0.4410,1.6660,1.7789,0.549622,0.075562,-0.028625,0.831482,7.756,73.8,-1
1782768873.807,993,231769,0,0.00000000,0.00000000,0.00,0,0,-41.07,-0.092,0.2450,0.9800,1.3720,1.7038,0.549622,0.075500,-0.028687,0.831482,7.754,76.2,-1
1782768873.996,994,231989,0,0.00000000,0.00000000,0.00,0,0,-41.02,-0.061,0.2940,0.7350,1.5680,1.7565,0.549622,0.075439,-0.028625,0.831482,7.753,77.5,-1
1782768874.247,995,232213,0,0.00000000,0.00000000,0.00,0,0,-40.89,0.021,0.9800,0.5880,1.9600,2.2689,0.549622,0.075439,-0.028625,0.831482,7.761,72.5,-1
1782768874.497,996,232460,0,0.00000000,0.00000000,0.00,0,0,-40.96,-0.012,0.3430,0.4410,1.8620,1.9440,0.549622,0.075439,-0.028625,0.831482,7.754,75.0,-1
1782768874.685,997,232683,0,0.00000000,0.00000000,0.00,0,0,-41.00,-0.028,0.0980,0.7350,1.1760,1.3903,0.549622,0.075500,-0.028625,0.831482,7.756,71.2,-1
1782768874.933,998,232911,0,0.00000000,0.00000000,0.00,0,0,-40.97,-0.004,0.1960,0.6370,2.1070,2.2099,0.549622,0.075500,-0.028625,0.831482,7.747,82.5,-1
1782768875.184,999,233135,0,0.00000000,0.00000000,0.00,0,0,-40.96,0.013,-0.0980,0.2450,1.3230,1.3491,0.549622,0.075500,-0.028625,0.831482,7.754,76.2,-1
1782768875.370,1000,233356,0,0.00000000,0.00000000,0.00,0,0,-40.88,0.058,-0.1960,1.4700,2.0090,2.4971,0.549622,0.075562,-0.028625,0.831482,7.755,76.2,-1
1782768875.620,1001,233575,0,0.00000000,0.00000000,0.00,0,0,-41.06,-0.054,0.4410,0.5880,1.3720,1.5565,0.549622,0.075562,-0.028625,0.831482,7.755,76.2,-1
1782768875.808,1002,233793,0,0.00000000,0.00000000,0.00,0,0,-41.03,-0.047,0.3430,0.7840,1.6170,1.8295,0.549622,0.075500,-0.028625,0.831482,7.755,71.2,-1
1782768876.057,1003,234015,0,0.00000000,0.00000000,0.00,0,0,-41.02,-0.025,0.1470,0.7350,1.5680,1.7379,0.549622,0.075500,-0.028564,0.831482,7.754,76.2,-1
1782768876.243,1004,234237,0,0.00000000,0.00000000,0.00,0,0,-40.84,0.092,0.7350,1.2740,2.4500,2.8576,0.549622,0.075500,-0.028564,0.831482,7.758,75.0,-1
1782768876.491,1005,234455,0,0.00000000,0.00000000,0.00,0,0,-41.04,-0.047,0.3430,0.4900,1.2740,1.4074,0.549622,0.075562,-0.028625,0.831482,7.754,76.2,-1
1782768876.677,1006,234676,0,0.00000000,0.00000000,0.00,0,0,-41.09,-0.071,0.2450,0.1960,2.0090,2.0334,0.549622,0.075562,-0.028625,0.831482,7.755,77.5,-1
1782768876.927,1007,234895,0,0.00000000,0.00000000,0.00,0,0,-40.96,0.001,-0.5390,0.5390,-0.4410,0.8806,0.549622,0.075562,-0.028625,0.831482,7.750,77.5,-1
1782768877.115,1008,235115,0,0.00000000,0.00000000,0.00,0,0,-40.94,0.011,0.6860,0.6370,2.3520,2.5315,0.549622,0.075562,-0.028625,0.831482,7.750,78.8,-1
1782768877.365,1009,235339,0,0.00000000,0.00000000,0.00,0,0,-41.00,-0.027,0.4410,0.1960,2.0580,2.1138,0.549622,0.075562,-0.028625,0.831482,7.754,77.5,-1
1782768877.552,1010,235554,0,0.00000000,0.00000000,0.00,0,0,-40.91,0.019,0.4410,0.3920,1.7150,1.8137,0.549622,0.075562,-0.028625,0.831482,7.760,73.8,-1
1782768877.802,1011,235779,0,0.00000000,0.00000000,0.00,0,0,-40.97,-0.012,1.5190,-0.2450,2.6950,3.1033,0.549622,0.075562,-0.028625,0.831482,7.753,75.0,-1
1782768878.052,1012,235997,0,0.00000000,0.00000000,0.00,0,0,-40.98,-0.008,0.2450,-0.1960,1.8620,1.8882,0.549622,0.075500,-0.028748,0.831482,7.753,77.5,-1
1782768878.239,1013,236220,0,0.00000000,0.00000000,0.00,0,0,-40.93,0.012,0.1960,0.2450,1.6170,1.6472,0.549622,0.075500,-0.028809,0.831482,7.753,76.2,-1
1782768878.488,1014,236466,0,0.00000000,0.00000000,0.00,0,0,-40.89,0.060,0.1960,0.9800,1.9600,2.2001,0.549622,0.075500,-0.028748,0.831482,7.755,77.5,-1
1782768878.740,1015,236692,0,0.00000000,0.00000000,0.00,0,0,-40.92,0.036,0.0980,0.5390,1.1760,1.2973,0.549622,0.075562,-0.028748,0.831482,7.760,70.0,-1
1782768878.927,1016,236911,0,0.00000000,0.00000000,0.00,0,0,-40.89,0.040,0.0490,0.6370,1.3230,1.4692,0.549622,0.075562,-0.028687,0.831482,7.751,80.0,-1
1782768879.177,1017,237131,0,0.00000000,0.00000000,0.00,0,0,-40.89,0.029,0.3920,1.2250,1.4700,1.9533,0.549622,0.075500,-0.028625,0.831482,7.761,70.0,-1
1782768879.363,1018,237354,0,0.00000000,0.00000000,0.00,0,0,-40.96,-0.017,0.0000,0.6860,1.6170,1.7565,0.549622,0.075500,-0.028625,0.831482,7.756,70.0,-1
1782768879.616,1019,237564,0,0.00000000,0.00000000,0.00,0,0,-40.98,-0.030,0.1960,1.4210,0.5390,1.5324,0.549622,0.075500,-0.028625,0.831482,7.754,76.2,-1
1782768879.802,1020,237765,0,0.00000000,0.00000000,0.00,0,0,-40.94,-0.017,-0.1470,0.4410,1.1760,1.2645,0.549622,0.075562,-0.028625,0.831482,7.755,75.0,-1
1782768879.989,1021,237965,0,0.00000000,0.00000000,0.00,0,0,-40.88,0.028,0.7350,0.0980,1.9600,2.0956,0.549622,0.075500,-0.028687,0.831482,7.754,77.5,-1
1782768880.239,1022,238190,0,0.00000000,0.00000000,0.00,0,0,-40.90,0.028,0.4410,0.2940,1.1270,1.2454,0.549622,0.075562,-0.028687,0.831482,7.758,72.5,-1
1782768880.488,1023,238440,0,0.00000000,0.00000000,0.00,0,0,-40.92,0.015,0.4410,0.3920,0.8330,1.0208,0.549622,0.075562,-0.028687,0.831482,7.753,75.0,-1
1782768880.675,1024,238667,0,0.00000000,0.00000000,0.00,0,0,-40.88,0.041,0.2940,0.5880,1.4700,1.6103,0.549622,0.075562,-0.028687,0.831482,7.756,75.0,-1
1782768880.924,1025,238884,0,0.00000000,0.00000000,0.00,0,0,-40.85,0.052,0.1960,0.6860,1.0780,1.2927,0.549622,0.075562,-0.028687,0.831482,7.751,75.0,-1
1782768881.113,1026,239108,0,0.00000000,0.00000000,0.00,0,0,-40.86,0.051,0.9310,0.0000,2.4010,2.5752,0.549622,0.075562,-0.028687,0.831482,7.756,71.2,-1
1782768881.361,1027,239338,0,0.00000000,0.00000000,0.00,0,0,-40.98,-0.020,0.7350,0.6860,1.6660,1.9459,0.549622,0.075562,-0.028687,0.831482,7.758,71.2,-1
1782768881.548,1028,239551,0,0.00000000,0.00000000,0.00,0,0,-41.08,-0.097,0.6860,0.6370,2.2540,2.4407,0.549622,0.075562,-0.028687,0.831482,7.758,70.0,-1
1782768881.797,1029,239778,0,0.00000000,0.00000000,0.00,0,0,-41.03,-0.046,0.8820,0.2940,2.1560,2.3479,0.549622,0.075562,-0.028687,0.831482,7.756,71.2,-1
1782768882.046,1030,239997,0,0.00000000,0.00000000,0.00,0,0,-41.02,-0.036,0.1470,0.8330,0.8330,1.1872,0.549622,0.075562,-0.028687,0.831482,7.756,72.5,-1
1782768882.232,1031,240217,0,0.00000000,0.00000000,0.00,0,0,-40.83,0.084,-0.0980,0.9800,1.7150,1.9777,0.549622,0.075562,-0.028687,0.831482,7.758,75.0,-1
1782768882.482,1032,240464,0,0.00000000,0.00000000,0.00,0,0,-40.95,0.001,0.1960,0.4410,1.5680,1.6406,0.549622,0.075562,-0.028625,0.831482,7.758,71.2,-1
1782768882.730,1033,240691,0,0.00000000,0.00000000,0.00,0,0,-41.01,-0.031,0.1960,0.6370,0.7840,1.0290,0.549622,0.075562,-0.028687,0.831482,7.759,68.8,-1
1782768882.918,1034,240909,0,0.00000000,0.00000000,0.00,0,0,-41.04,-0.037,-0.3430,1.0290,0.3920,1.1533,0.549622,0.075562,-0.028625,0.831482,7.749,81.2,-1
1782768883.169,1035,241129,0,0.00000000,0.00000000,0.00,0,0,-41.06,-0.059,0.5390,0.8330,1.2250,1.5764,0.549622,0.075500,-0.028625,0.831482,7.758,77.5,-1
1782768883.374,1036,241348,0,0.00000000,0.00000000,0.00,0,0,-41.11,-0.090,0.1960,1.0290,1.2250,1.6118,0.549622,0.075439,-0.028564,0.831482,7.755,78.8,-1
1782768883.561,1037,241565,0,0.00000000,0.00000000,0.00,0,0,-41.13,-0.099,-0.4410,0.7350,1.0290,1.3392,0.549622,0.075500,-0.028564,0.831482,7.756,70.0,-1
1782768883.808,1038,241792,0,0.00000000,0.00000000,0.00,0,0,-41.09,-0.062,0.2450,0.6860,1.1270,1.3419,0.549622,0.075500,-0.028625,0.831482,7.758,72.5,-1
1782768884.057,1039,242012,0,0.00000000,0.00000000,0.00,0,0,-41.16,-0.093,0.3920,0.3920,0.8330,1.0006,0.549622,0.075500,-0.028625,0.831482,7.758,75.0,-1
1782768884.244,1040,242233,0,0.00000000,0.00000000,0.00,0,0,-41.12,-0.064,0.1470,0.7350,2.3030,2.4219,0.549622,0.075562,-0.028625,0.831482,7.756,70.0,-1
1782768884.491,1041,242446,0,0.00000000,0.00000000,0.00,0,0,-41.00,0.003,0.1470,0.5880,1.3720,1.4999,0.549622,0.075562,-0.028625,0.831482,7.758,68.8,-1
1782768884.678,1042,242672,0,0.00000000,0.00000000,0.00,0,0,-41.14,-0.064,1.0780,-0.2940,2.6950,2.9175,0.549622,0.075439,-0.028564,0.831482,7.755,71.2,-1
1782768884.928,1043,242897,0,0.00000000,0.00000000,0.00,0,0,-41.22,-0.111,0.3920,0.5880,1.3230,1.4999,0.549622,0.075439,-0.028503,0.831482,7.758,72.5,-1
1782768885.115,1044,243118,0,0.00000000,0.00000000,0.00,0,0,-41.12,-0.033,1.3720,0.6860,1.1270,1.9034,0.549622,0.075378,-0.028503,0.831482,7.755,71.2,-1
1782768885.366,1045,243342,0,0.00000000,0.00000000,0.00,0,0,-41.16,-0.048,0.0490,0.4410,0.9310,1.0313,0.549622,0.075317,-0.028503,0.831482,7.754,72.5,-1
1782768885.616,1046,243560,0,0.00000000,0.00000000,0.00,0,0,-41.33,-0.149,0.0490,1.2740,0.5880,1.4040,0.549622,0.075317,-0.028442,0.831482,7.755,71.2,-1
1782768885.803,1047,243789,0,0.00000000,0.00000000,0.00,0,0,-41.26,-0.104,0.1960,0.9310,1.8130,2.0475,0.549622,0.075317,-0.028442,0.831482,7.758,70.0,-1
1782768886.052,1048,244008,0,0.00000000,0.00000000,0.00,0,0,-41.19,-0.055,0.4900,0.5390,1.8620,1.9994,0.549622,0.075378,-0.028503,0.831482,7.758,73.8,-1
1782768886.241,1049,244232,0,0.00000000,0.00000000,0.00,0,0,-41.24,-0.088,-0.0490,0.6370,0.3430,0.7251,0.549622,0.075439,-0.028564,0.831482,7.759,72.5,-1
1782768886.490,1050,244450,0,0.00000000,0.00000000,0.00,0,0,-41.33,-0.129,0.7840,0.7350,2.4500,2.6753,0.549622,0.075500,-0.028564,0.831482,7.760,67.5,-1
1782768886.679,1051,244676,0,0.00000000,0.00000000,0.00,0,0,-41.27,-0.072,0.6860,0.5390,1.6170,1.8373,0.549622,0.075500,-0.028625,0.831482,7.753,75.0,-1
1782768886.927,1052,244901,0,0.00000000,0.00000000,0.00,0,0,-41.32,-0.106,0.2450,1.8130,1.4700,2.3469,0.549622,0.075500,-0.028687,0.831482,7.756,73.8,-1
1782768887.180,1053,245122,0,0.00000000,0.00000000,0.00,0,0,-41.25,-0.043,0.0980,0.0980,1.7640,1.7694,0.549622,0.075500,-0.028687,0.831482,7.756,71.2,-1
1782768887.368,1054,245351,0,0.00000000,0.00000000,0.00,0,0,-41.15,0.023,0.3430,0.4900,1.0780,1.2328,0.549622,0.075500,-0.028687,0.831482,7.758,67.5,-1
1782768887.619,1055,245564,0,0.00000000,0.00000000,0.00,0,0,-41.19,-0.008,0.6860,0.0980,1.8620,1.9868,0.549622,0.075500,-0.028625,0.831482,7.756,72.5,-1
1782768887.806,1056,245786,0,0.00000000,0.00000000,0.00,0,0,-41.23,-0.022,0.4900,0.9310,1.7150,2.0120,0.549622,0.075562,-0.028625,0.831482,7.758,70.0,-1
1782768888.054,1057,246013,0,0.00000000,0.00000000,0.00,0,0,-41.17,0.017,0.0490,0.2450,1.4210,1.4428,0.549622,0.075562,-0.028625,0.831482,7.756,70.0,-1
1782768888.243,1058,246232,0,0.00000000,0.00000000,0.00,0,0,-41.15,0.040,0.1470,0.7350,1.4210,1.6066,0.549622,0.075562,-0.028625,0.831482,7.755,75.0,-1
1782768888.493,1059,246442,0,0.00000000,0.00000000,0.00,0,0,-41.26,-0.042,0.3920,0.8820,1.7640,2.0108,0.549622,0.075562,-0.028625,0.831482,7.753,77.5,-1
1782768888.679,1060,246665,0,0.00000000,0.00000000,0.00,0,0,-41.05,0.085,0.5390,0.7350,1.3230,1.6066,0.549622,0.075562,-0.028625,0.831482,7.756,76.2,-1
1782768888.928,1061,246887,0,0.00000000,0.00000000,0.00,0,0,-41.16,0.027,0.1960,0.2940,2.0090,2.0398,0.549622,0.075562,-0.028625,0.831482,7.754,75.0,-1
1782768889.115,1062,247107,0,0.00000000,0.00000000,0.00,0,0,-41.21,-0.010,0.6370,0.9310,2.7440,2.9668,0.549622,0.075562,-0.028625,0.831482,7.756,76.2,-1
1782768889.365,1063,247335,0,0.00000000,0.00000000,0.00,0,0,-41.08,0.062,0.3430,0.7350,2.1070,2.2577,0.549622,0.075500,-0.028625,0.831482,7.756,77.5,-1
1782768889.553,1064,247550,0,0.00000000,0.00000000,0.00,0,0,-41.03,0.102,0.3920,0.3920,1.5680,1.6631,0.549622,0.075378,-0.028625,0.831482,7.758,76.2,-1
1782768889.802,1065,247774,0,0.00000000,0.00000000,0.00,0,0,-41.09,0.064,0.3430,0.5880,0.9310,1.1533,0.549622,0.075378,-0.028564,0.831482,7.758,75.0,-1
1782768890.051,1066,247995,0,0.00000000,0.00000000,0.00,0,0,-41.00,0.111,0.1470,0.2450,1.2740,1.3056,0.549622,0.075439,-0.028625,0.831482,7.756,78.8,-1
1782768890.239,1067,248219,0,0.00000000,0.00000000,0.00,0,0,-40.93,0.131,-0.0980,0.8820,1.0290,1.3588,0.549622,0.075439,-0.028625,0.831482,7.754,73.8,-1
1782768890.486,1068,248465,0,0.00000000,0.00000000,0.00,0,0,-40.97,0.080,0.3920,0.5880,1.5680,1.7199,0.549622,0.075500,-0.028625,0.831482,7.751,76.2,-1
1782768890.735,1069,248689,0,0.00000000,0.00000000,0.00,0,0,-40.96,0.094,-0.2940,0.6860,1.6170,1.7809,0.549622,0.075500,-0.028625,0.831482,7.755,75.0,-1
1782768890.923,1070,248911,0,0.00000000,0.00000000,0.00,0,0,-41.08,0.006,0.9800,-0.5880,1.2740,1.7115,0.549622,0.075500,-0.028625,0.831482,7.755,75.0,-1
1782768891.173,1071,249138,0,0.00000000,0.00000000,0.00,0,0,-41.02,0.047,-0.1470,0.4410,1.2740,1.3562,0.549622,0.075500,-0.028625,0.831482,7.754,76.2,-1
1782768891.360,1072,249359,0,0.00000000,0.00000000,0.00,0,0,-41.02,0.041,0.0000,0.3430,1.9600,1.9898,0.549622,0.075500,-0.028625,0.831482,7.755,78.8,-1
1782768891.609,1073,249580,0,0.00000000,0.00000000,0.00,0,0,-41.00,0.048,0.0980,0.5880,1.2740,1.4066,0.549622,0.075562,-0.028625,0.831482,7.756,75.0,-1
1782768891.856,1074,249799,0,0.00000000,0.00000000,0.00,0,0,-41.04,0.019,0.2450,0.6860,2.0580,2.1831,0.549622,0.075562,-0.028625,0.831482,7.753,76.2,-1
1782768892.044,1075,250023,0,0.00000000,0.00000000,0.00,0,0,-41.00,0.049,0.4900,0.5880,1.9600,2.1041,0.549622,0.075562,-0.028625,0.831482,7.758,72.5,-1
1782768892.293,1076,250241,0,0.00000000,0.00000000,0.00,0,0,-41.00,0.057,0.5390,0.9310,1.9600,2.2358,0.549622,0.075562,-0.028564,0.831482,7.756,76.2,-1
1782768892.482,1077,250452,0,0.00000000,0.00000000,0.00,0,0,-41.03,0.000,0.5880,0.2450,2.2050,2.2952,0.549622,0.075562,-0.028564,0.831482,7.756,78.8,-1
1782768892.668,1078,250671,0,0.00000000,0.00000000,0.00,0,0,-41.06,-0.020,0.2450,0.2450,2.0580,2.0870,0.549622,0.075500,-0.028625,0.831482,7.756,75.0,-1
1782768892.917,1079,250893,0,0.00000000,0.00000000,0.00,0,0,-41.20,-0.102,0.1960,0.3920,2.3030,2.3443,0.549622,0.075500,-0.028625,0.831482,7.754,77.5,-1
1782768893.168,1080,251116,0,0.00000000,0.00000000,0.00,0,0,-41.11,-0.036,0.4900,0.5880,2.5970,2.7074,0.549622,0.075500,-0.028625,0.831482,7.753,75.0,-1
1782768893.354,1081,251340,0,0.00000000,0.00000000,0.00,0,0,-40.99,0.025,1.8130,0.5880,1.8130,2.6305,0.549622,0.075500,-0.028625,0.831482,7.754,76.2,-1
1782768893.605,1082,251558,0,0.00000000,0.00000000,0.00,0,0,-41.13,-0.056,0.6370,0.7350,1.7150,1.9716,0.549622,0.075500,-0.028625,0.831482,7.756,76.2,-1
1782768893.791,1083,251774,0,0.00000000,0.00000000,0.00,0,0,-41.11,-0.029,0.1960,0.2450,1.6170,1.6472,0.549622,0.075500,-0.028625,0.831482,7.754,82.5,-1
1782768894.041,1084,251996,0,0.00000000,0.00000000,0.00,0,0,-41.09,-0.015,0.9800,0.8330,2.0580,2.4269,0.549622,0.075500,-0.028625,0.831482,7.751,75.0,-1
1782768894.230,1085,252215,0,0.00000000,0.00000000,0.00,0,0,-41.11,-0.021,0.0000,0.3430,1.7150,1.7490,0.549622,0.075500,-0.028625,0.831482,7.750,77.5,-1
1782768894.479,1086,252460,0,0.00000000,0.00000000,0.00,0,0,-41.02,0.032,0.2940,-0.1960,1.7640,1.7990,0.549622,0.075500,-0.028687,0.831482,7.753,75.0,-1
1782768894.730,1087,252688,0,0.00000000,0.00000000,0.00,0,0,-41.11,-0.032,0.1470,0.4410,1.2250,1.3102,0.549622,0.075500,-0.028687,0.831482,7.758,72.5,-1
1782768894.918,1088,252906,0,0.00000000,0.00000000,0.00,0,0,-41.10,-0.028,0.1960,0.5880,1.0780,1.2435,0.549622,0.075500,-0.028625,0.831482,7.753,81.2,-1
1782768895.170,1089,253124,0,0.00000000,0.00000000,0.00,0,0,-41.08,-0.005,0.1960,0.5880,2.0090,2.1024,0.549622,0.075562,-0.028625,0.831482,7.755,76.2,-1
1782768895.354,1090,253352,0,0.00000000,0.00000000,0.00,0,0,-41.15,-0.052,0.2940,0.7840,1.3720,1.6073,0.549622,0.075562,-0.028625,0.831482,7.758,71.2,-1
1782768895.602,1091,253570,0,0.00000000,0.00000000,0.00,0,0,-41.04,-0.007,0.5880,0.2450,1.3230,1.4684,0.549622,0.075562,-0.028625,0.831482,7.760,71.2,-1
1782768895.791,1092,253791,0,0.00000000,0.00000000,0.00,0,0,-41.11,0.002,0.3920,0.4410,1.7640,1.8601,0.549622,0.075562,-0.028625,0.831482,7.759,68.8,-1
1782768896.042,1093,254009,0,0.00000000,0.00000000,0.00,0,0,-41.22,-0.098,0.3430,0.3920,1.7150,1.7924,0.549500,0.075623,-0.028564,0.831543,7.758,70.0,-1
1782768896.230,1094,254231,0,0.00000000,0.00000000,0.00,0,0,-41.18,-0.120,0.3430,0.4900,1.5680,1.6782,0.549622,0.075562,-0.028564,0.831482,7.759,72.5,-1
1782768896.477,1095,254444,0,0.00000000,0.00000000,0.00,0,0,-41.00,0.008,0.3920,0.4410,1.4210,1.5386,0.549561,0.075562,-0.028564,0.831543,7.755,75.0,-1
1782768896.667,1096,254670,0,0.00000000,0.00000000,0.00,0,0,-41.03,-0.004,0.2940,0.6370,2.2540,2.3607,0.549622,0.075562,-0.028564,0.831482,7.753,81.2,-1
1782768896.915,1097,254893,0,0.00000000,0.00000000,0.00,0,0,-41.13,-0.059,0.5390,0.1470,0.7350,0.9232,0.549561,0.075562,-0.028687,0.831543,7.758,72.5,-1
1782768897.162,1098,255117,0,0.00000000,0.00000000,0.00,0,0,-41.13,-0.052,0.5390,0.4900,1.8130,1.9539,0.549561,0.075562,-0.028564,0.831543,7.758,71.2,-1
1782768897.352,1099,255345,0,0.00000000,0.00000000,0.00,0,0,-41.14,-0.067,0.6860,0.7350,2.0090,2.2465,0.549561,0.075562,-0.028625,0.831543,7.754,73.8,-1
1782768897.604,1100,255562,0,0.00000000,0.00000000,0.00,0,0,-41.01,0.010,0.6370,0.7350,1.4210,1.7220,0.549561,0.075562,-0.028564,0.831543,7.754,77.5,-1
1782768897.791,1101,255786,0,0.00000000,0.00000000,0.00,0,0,-41.09,-0.024,-0.1960,1.1270,1.8620,2.1853,0.549561,0.075500,-0.028503,0.831543,7.758,70.0,-1
1782768898.038,1102,256005,0,0.00000000,0.00000000,0.00,0,0,-41.11,-0.050,0.1470,0.2450,1.1270,1.1627,0.549561,0.075439,-0.028503,0.831543,7.753,76.2,-1
1782768898.224,1103,256224,0,0.00000000,0.00000000,0.00,0,0,-41.18,-0.093,0.4900,0.4410,1.8620,1.9753,0.549561,0.075439,-0.028625,0.831543,7.749,77.5,-1
1782768898.474,1104,256441,0,0.00000000,0.00000000,0.00,0,0,-41.05,-0.040,0.2940,0.6860,1.2250,1.4345,0.549561,0.075500,-0.028625,0.831543,7.755,72.5,-1
1782768898.722,1105,256669,0,0.00000000,0.00000000,0.00,0,0,-41.06,-0.014,0.1470,0.7350,1.8130,1.9618,0.549561,0.075500,-0.028625,0.831543,7.755,73.8,-1
1782768898.908,1106,256890,0,0.00000000,0.00000000,0.00,0,0,-41.03,0.011,0.1960,0.9310,1.7150,1.9612,0.549561,0.075500,-0.028687,0.831543,7.759,70.0,-1
1782768899.157,1107,257117,0,0.00000000,0.00000000,0.00,0,0,-41.13,-0.048,0.2940,0.5390,1.5680,1.6839,0.549561,0.075500,-0.028687,0.831543,7.758,76.2,-1
1782768899.343,1108,257338,0,0.00000000,0.00000000,0.00,0,0,-41.11,-0.030,0.0490,0.5390,1.3720,1.4749,0.549500,0.075439,-0.028748,0.831543,7.756,75.0,-1
1782768899.590,1109,257553,0,0.00000000,0.00000000,0.00,0,0,-41.06,0.022,-0.0980,0.6370,1.8620,1.9704,0.549500,0.075439,-0.028748,0.831543,7.759,72.5,-1
1782768899.840,1110,257780,0,0.00000000,0.00000000,0.00,0,0,-41.10,0.014,0.3920,0.4410,1.7150,1.8137,0.549561,0.075500,-0.028748,0.831543,7.754,73.8,-1
1782768900.028,1111,258003,0,0.00000000,0.00000000,0.00,0,0,-41.07,0.046,0.1470,0.4900,1.8620,1.9310,0.549561,0.075500,-0.028687,0.831543,7.755,71.2,-1
1782768900.278,1112,258227,0,0.00000000,0.00000000,0.00,0,0,-41.10,-0.003,0.4900,0.5390,2.0580,2.1831,0.549500,0.075439,-0.028748,0.831543,7.755,76.2,-1
1782768900.465,1113,258443,0,0.00000000,0.00000000,0.00,0,0,-41.02,0.044,0.2940,0.5390,1.2740,1.4142,0.549561,0.075500,-0.028748,0.831543,7.755,73.8,-1
1782768900.712,1114,258670,0,0.00000000,0.00000000,0.00,0,0,-41.04,0.019,0.4900,0.4410,1.0290,1.2221,0.549561,0.075500,-0.028748,0.831543,7.753,77.5,-1
1782768900.900,1115,258893,0,0.00000000,0.00000000,0.00,0,0,-41.00,0.044,0.6370,0.0000,2.2050,2.2952,0.549561,0.075500,-0.028687,0.831543,7.755,77.5,-1
1782768901.150,1116,259111,0,0.00000000,0.00000000,0.00,0,0,-41.08,-0.022,0.7840,0.7350,1.4210,1.7816,0.549561,0.075562,-0.028687,0.831543,7.750,77.5,-1
1782768901.336,1117,259335,0,0.00000000,0.00000000,0.00,0,0,-41.03,0.014,0.3430,0.5880,1.3720,1.5316,0.549561,0.075500,-0.028748,0.831543,7.755,70.0,-1
1782768901.585,1118,259551,0,0.00000000,0.00000000,0.00,0,0,-41.09,-0.037,0.1470,0.8820,1.2740,1.5565,0.549561,0.075500,-0.028687,0.831543,7.753,80.0,-1
1782768901.836,1119,259776,0,0.00000000,0.00000000,0.00,0,0,-41.17,-0.076,0.7350,0.1470,1.6660,1.8269,0.549561,0.075500,-0.028687,0.831543,7.759,71.2,-1
1782768902.023,1120,259994,0,0.00000000,0.00000000,0.00,0,0,-41.13,-0.039,1.1270,1.0290,2.5970,3.0122,0.549561,0.075562,-0.028687,0.831543,7.753,78.8,-1
1782768902.212,1121,260215,0,0.00000000,0.00000000,0.00,0,0,-41.00,0.028,0.3920,0.4410,1.6170,1.7213,0.549561,0.075562,-0.028687,0.831543,7.756,73.8,-1
1782768902.464,1122,260460,0,0.00000000,0.00000000,0.00,0,0,-41.19,-0.084,0.6860,2.0090,2.0580,2.9567,0.549561,0.075562,-0.028625,0.831543,7.756,72.5,-1
1782768902.718,1123,260687,0,0.00000000,0.00000000,0.00,0,0,-41.00,0.053,0.4900,0.4900,1.3720,1.5371,0.549561,0.075500,-0.028625,0.831543,7.756,70.0,-1
1782768902.904,1124,260907,0,0.00000000,0.00000000,0.00,0,0,-41.11,-0.009,0.9310,0.5880,2.4010,2.6415,0.549500,0.075500,-0.028625,0.831604,7.753,78.8,-1
1782768903.154,1125,261126,0,0.00000000,0.00000000,0.00,0,0,-40.97,0.085,0.2450,0.7350,1.4210,1.6185,0.549561,0.075500,-0.028625,0.831543,7.755,72.5,-1
1782768903.345,1126,261346,0,0.00000000,0.00000000,0.00,0,0,-41.08,-0.001,0.0490,0.8330,1.1270,1.4023,0.549561,0.075562,-0.028625,0.831543,7.755,72.5,-1
1782768903.595,1127,261558,0,0.00000000,0.00000000,0.00,0,0,-40.89,0.097,-0.9310,0.8820,-0.5390,1.3911,0.549622,0.075562,-0.028625,0.831543,7.756,70.0,-1
1782768903.783,1128,261779,0,0.00000000,0.00000000,0.00,0,0,-41.04,-0.005,0.0980,0.7840,1.5190,1.7122,0.549622,0.075562,-0.028625,0.831543,7.758,73.8,-1
1782768904.032,1129,261998,0,0.00000000,0.00000000,0.00,0,0,-41.10,-0.046,0.1470,0.1960,1.6660,1.6839,0.549622,0.075562,-0.028625,0.831543,7.756,75.0,-1
1782768904.220,1130,262222,0,0.00000000,0.00000000,0.00,0,0,-40.97,0.037,1.0290,0.3430,1.3230,1.7108,0.549622,0.075562,-0.028625,0.831543,7.762,70.0,-1
1782768904.469,1131,262441,0,0.00000000,0.00000000,0.00,0,0,-40.99,0.018,0.0980,0.4900,0.9800,1.1000,0.549622,0.075562,-0.028625,0.831543,7.758,75.0,-1
1782768904.657,1132,262659,0,0.00000000,0.00000000,0.00,0,0,-40.96,0.026,0.4900,0.2940,0.8330,1.0102,0.549622,0.075562,-0.028625,0.831543,7.754,77.5,-1
1782768904.907,1133,262881,0,0.00000000,0.00000000,0.00,0,0,-40.90,0.060,0.3920,0.9310,1.7150,1.9904,0.549622,0.075562,-0.028625,0.831543,7.756,77.5,-1
1782768905.154,1134,263103,0,0.00000000,0.00000000,0.00,0,0,-40.91,0.042,-0.1960,1.3230,0.1470,1.3455,0.549622,0.075562,-0.028625,0.831543,7.758,72.5,-1
1782768905.342,1135,263320,0,0.00000000,0.00000000,0.00,0,0,-40.98,-0.003,0.5390,0.0980,2.6460,2.7021,0.549622,0.075562,-0.028625,0.831543,7.755,77.5,-1
1782768905.590,1136,263533,0,0.00000000,0.00000000,0.00,0,0,-40.95,0.028,0.2450,0.2940,1.0290,1.0979,0.549622,0.075562,-0.028625,0.831543,7.758,76.2,-1
1782768905.778,1137,263754,0,0.00000000,0.00000000,0.00,0,0,-40.94,0.038,0.7840,0.2450,2.1560,2.3072,0.549622,0.075500,-0.028687,0.831543,7.758,72.5,-1
1782768906.027,1138,263973,0,0.00000000,0.00000000,0.00,0,0,-40.84,0.096,1.0780,0.2450,2.1560,2.4229,0.549622,0.075500,-0.028687,0.831543,7.756,73.8,-1
1782768906.212,1139,264194,0,0.00000000,0.00000000,0.00,0,0,-40.85,0.082,-0.2450,0.8330,1.3230,1.5825,0.549622,0.075562,-0.028625,0.831543,7.755,75.0,-1
1782768906.463,1140,264441,0,0.00000000,0.00000000,0.00,0,0,-40.84,0.095,0.0980,1.0780,1.1270,1.5626,0.549622,0.075562,-0.028625,0.831543,7.758,72.5,-1
1782768906.713,1141,264666,0,0.00000000,0.00000000,0.00,0,0,-40.95,0.022,0.4900,0.6370,1.8130,1.9831,0.549622,0.075562,-0.028625,0.831543,7.759,70.0,-1
1782768906.902,1142,264885,0,0.00000000,0.00000000,0.00,0,0,-40.91,0.031,0.4410,0.4410,2.2540,2.3387,0.549622,0.075562,-0.028625,0.831543,7.755,72.5,-1
1782768907.152,1143,265104,0,0.00000000,0.00000000,0.00,0,0,-40.93,0.004,-0.2450,1.0290,0.7350,1.2881,0.549622,0.075562,-0.028625,0.831543,7.755,75.0,-1
1782768907.341,1144,265326,0,0.00000000,0.00000000,0.00,0,0,-40.86,0.042,0.3920,0.4410,2.1070,2.1881,0.549622,0.075562,-0.028625,0.831543,7.756,70.0,-1
1782768907.590,1145,265542,0,0.00000000,0.00000000,0.00,0,0,-40.93,-0.020,0.0000,0.4900,1.3230,1.4108,0.549622,0.075562,-0.028625,0.831543,7.760,72.5,-1
1782768907.777,1146,265767,0,0.00000000,0.00000000,0.00,0,0,-40.98,-0.055,-0.5390,1.1270,1.1760,1.7157,0.549622,0.075562,-0.028625,0.831543,7.755,73.8,-1
1782768908.027,1147,265989,0,0.00000000,0.00000000,0.00,0,0,-40.91,-0.007,0.8330,0.5880,1.3720,1.7094,0.549622,0.075562,-0.028625,0.831543,7.758,72.5,-1
1782768908.214,1148,266208,0,0.00000000,0.00000000,0.00,0,0,-40.91,-0.014,0.6860,0.6860,2.1560,2.3642,0.549622,0.075500,-0.028687,0.831482,7.758,75.0,-1
1782768908.463,1149,266454,0,0.00000000,0.00000000,0.00,0,0,-40.80,0.027,0.6860,0.7350,2.5480,2.7392,0.549622,0.075562,-0.028564,0.831482,7.756,76.2,-1
1782768908.713,1150,266678,0,0.00000000,0.00000000,0.00,0,0,-40.84,0.006,0.8330,0.5390,1.4700,1.7735,0.549683,0.075500,-0.028442,0.831482,7.758,75.0,-1
1782768908.900,1151,266898,0,0.00000000,0.00000000,0.00,0,0,-40.89,-0.030,0.0490,0.5390,1.0290,1.1627,0.549622,0.075439,-0.028442,0.831482,7.758,73.8,-1
1782768909.149,1152,267121,0,0.00000000,0.00000000,0.00,0,0,-40.79,0.032,1.0290,0.1470,2.2540,2.4821,0.549622,0.075439,-0.028503,0.831482,7.759,72.5,-1
1782768909.396,1153,267340,0,0.00000000,0.00000000,0.00,0,0,-40.88,-0.010,1.2250,0.5390,2.9400,3.2303,0.549622,0.075500,-0.028564,0.831482,7.755,75.0,-1
1782768909.583,1154,267556,0,0.00000000,0.00000000,0.00,0,0,-40.88,-0.003,0.0000,0.8820,2.1070,2.2842,0.549622,0.075500,-0.028564,0.831482,7.759,71.2,-1
1782768909.832,1155,267781,0,0.00000000,0.00000000,0.00,0,0,-40.80,0.043,0.0490,0.8820,1.2740,1.5503,0.549622,0.075500,-0.028564,0.831482,7.758,72.5,-1
1782768910.017,1156,268004,0,0.00000000,0.00000000,0.00,0,0,-40.79,0.058,0.6370,0.4410,2.1560,2.2910,0.549561,0.075623,-0.028625,0.831543,7.759,70.0,-1
1782768910.268,1157,268224,0,0.00000000,0.00000000,0.00,0,0,-40.86,0.000,1.0780,0.4410,2.6460,2.8910,0.549500,0.075684,-0.028625,0.831543,7.758,67.5,-1
1782768910.456,1158,268440,0,0.00000000,0.00000000,0.00,0,0,-40.97,-0.052,0.4410,0.6370,1.4210,1.6185,0.549561,0.075623,-0.028687,0.831543,7.755,73.8,-1
1782768910.702,1159,268665,0,0.00000000,0.00000000,0.00,0,0,-40.84,0.007,0.1960,1.1760,2.0580,2.3784,0.549561,0.075623,-0.028687,0.831543,7.758,68.8,-1
1782768910.890,1160,268883,0,0.00000000,0.00000000,0.00,0,0,-41.09,-0.146,-0.2450,0.9310,0.6370,1.1544,0.549500,0.075684,-0.028564,0.831604,7.759,70.0,-1
1782768911.140,1161,269105,0,0.00000000,0.00000000,0.00,0,0,-40.88,-0.018,-0.0980,1.7150,0.9800,1.9777,0.549500,0.075623,-0.028564,0.831604,7.755,70.0,-1
1782768911.326,1162,269326,0,0.00000000,0.00000000,0.00,0,0,-40.95,-0.072,0.4900,0.6860,0.9800,1.2927,0.549500,0.075684,-0.028625,0.831604,7.760,70.0,-1
1782768911.577,1163,269541,0,0.00000000,0.00000000,0.00,0,0,-40.74,0.045,0.0490,0.8330,1.5680,1.7762,0.549500,0.075623,-0.028625,0.831604,7.758,72.5,-1
1782768911.828,1164,269768,0,0.00000000,0.00000000,0.00,0,0,-40.83,-0.010,0.4410,0.4410,2.0580,2.1504,0.549500,0.075623,-0.028625,0.831604,7.759,76.2,-1
1782768912.014,1165,269988,0,0.00000000,0.00000000,0.00,0,0,-40.91,-0.064,0.1470,0.4410,1.8620,1.9191,0.549500,0.075623,-0.028625,0.831604,7.759,73.8,-1
1782768912.262,1166,270205,0,0.00000000,0.00000000,0.00,0,0,-40.84,-0.007,0.0000,0.7350,1.1270,1.3455,0.549500,0.075623,-0.028625,0.831604,7.756,76.2,-1
1782768912.450,1167,270451,0,0.00000000,0.00000000,0.00,0,0,-40.73,0.064,0.0980,0.3920,1.2250,1.2899,0.549500,0.075623,-0.028625,0.831604,7.756,73.8,-1
1782768912.701,1168,270678,0,0.00000000,0.00000000,0.00,0,0,-40.93,-0.052,0.3430,0.5390,1.4700,1.6028,0.549500,0.075623,-0.028625,0.831604,7.754,80.0,-1
1782768912.952,1169,270898,0,0.00000000,0.00000000,0.00,0,0,-40.96,-0.059,0.2450,0.3920,2.0580,2.1093,0.549500,0.075623,-0.028625,0.831604,7.753,81.2,-1
1782768913.139,1170,271120,0,0.00000000,0.00000000,0.00,0,0,-41.03,-0.097,0.0980,0.6370,1.5680,1.6953,0.549500,0.075623,-0.028625,0.831604,7.753,77.5,-1
1782768913.388,1171,271343,0,0.00000000,0.00000000,0.00,0,0,-40.99,-0.082,-0.0980,0.3430,1.4700,1.5127,0.549500,0.075562,-0.028748,0.831604,7.756,73.8,-1
1782768913.575,1172,271563,0,0.00000000,0.00000000,0.00,0,0,-40.92,-0.044,0.0490,0.3920,1.1760,1.2406,0.549500,0.075562,-0.028748,0.831604,7.755,77.5,-1
1782768913.827,1173,271783,0,0.00000000,0.00000000,0.00,0,0,-40.98,-0.070,0.0490,0.9800,0.7350,1.2260,0.549500,0.075500,-0.028809,0.831604,7.754,75.0,-1
1782768914.014,1174,272005,0,0.00000000,0.00000000,0.00,0,0,-40.95,-0.043,0.7840,0.6370,2.2540,2.4700,0.549500,0.075500,-0.028748,0.831604,7.759,70.0,-1
1782768914.261,1175,272231,0,0.00000000,0.00000000,0.00,0,0,-41.05,-0.091,0.0000,0.3430,0.9800,1.0383,0.549500,0.075500,-0.028748,0.831604,7.754,77.5,-1
1782768914.446,1176,272446,0,0.00000000,0.00000000,0.00,0,0,-41.15,-0.147,0.0980,0.5880,1.9110,2.0018,0.549500,0.075500,-0.028809,0.831604,7.754,71.2,-1
1782768914.697,1177,272672,0,0.00000000,0.00000000,0.00,0,0,-40.94,-0.018,0.1960,0.7350,1.6170,1.7870,0.549500,0.075500,-0.028748,0.831604,7.754,77.5,-1
1782768914.944,1178,272896,0,0.00000000,0.00000000,0.00,0,0,-41.02,-0.063,-0.2450,0.8330,1.0780,1.3842,0.549500,0.075500,-0.028687,0.831604,7.755,75.0,-1
1782768915.131,1179,273113,0,0.00000000,0.00000000,0.00,0,0,-41.01,-0.050,0.2450,0.7350,0.5390,0.9438,0.549500,0.075439,-0.028625,0.831604,7.754,80.0,-1
1782768915.381,1180,273338,0,0.00000000,0.00000000,0.00,0,0,-41.01,-0.053,0.0980,0.9800,1.1760,1.5339,0.549500,0.075439,-0.028625,0.831604,7.755,76.2,-1
1782768915.566,1181,273558,0,0.00000000,0.00000000,0.00,0,0,-40.99,-0.003,-0.1960,0.7840,0.9310,1.2328,0.549500,0.075439,-0.028625,0.831604,7.758,73.8,-1
1782768915.813,1182,273779,0,0.00000000,0.00000000,0.00,0,0,-41.03,-0.019,0.3920,0.5390,1.6660,1.7944,0.549500,0.075439,-0.028687,0.831604,7.756,75.0,-1
1782768916.002,1183,274000,0,0.00000000,0.00000000,0.00,0,0,-41.03,-0.021,0.4900,0.8820,1.8130,2.0748,0.549500,0.075439,-0.028687,0.831604,7.758,72.5,-1
1782768916.253,1184,274226,0,0.00000000,0.00000000,0.00,0,0,-41.07,-0.044,0.0980,0.4410,0.5390,0.7033,0.549500,0.075500,-0.028687,0.831604,7.756,71.2,-1
1782768916.440,1185,274438,0,0.00000000,0.00000000,0.00,0,0,-41.01,-0.009,0.0980,0.2940,1.1760,1.2161,0.549500,0.075500,-0.028687,0.831604,7.758,76.2,-1
1782768916.693,1186,274657,0,0.00000000,0.00000000,0.00,0,0,-41.06,-0.051,-0.1470,0.7350,0.8330,1.1206,0.549500,0.075500,-0.028625,0.831604,7.754,76.2,-1
1782768916.880,1187,274881,0,0.00000000,0.00000000,0.00,0,0,-40.91,0.047,0.2940,0.5390,1.4700,1.5931,0.549500,0.075562,-0.028625,0.831604,7.755,71.2,-1
1782768917.130,1188,275098,0,0.00000000,0.00000000,0.00,0,0,-41.08,-0.083,0.1960,0.4900,1.4700,1.5619,0.549500,0.075562,-0.028625,0.831604,7.754,77.5,-1
1782768917.317,1189,275318,0,0.00000000,0.00000000,0.00,0,0,-40.97,-0.010,0.5880,0.4410,1.7150,1.8659,0.549500,0.075562,-0.028625,0.831604,7.754,80.0,-1
1782768917.567,1190,275534,0,0.00000000,0.00000000,0.00,0,0,-41.03,-0.059,0.0490,0.6860,1.1760,1.3623,0.549500,0.075500,-0.028564,0.831604,7.754,77.5,-1
1782768917.816,1191,275762,0,0.00000000,0.00000000,0.00,0,0,-41.05,-0.058,0.0980,0.6370,1.5190,1.6501,0.549500,0.075500,-0.028564,0.831604,7.755,73.8,-1
1782768918.006,1192,275981,0,0.00000000,0.00000000,0.00,0,0,-40.91,0.045,0.0490,0.6370,1.7640,1.8761,0.549500,0.075500,-0.028564,0.831604,7.751,76.2,-1
1782768918.257,1193,276203,0,0.00000000,0.00000000,0.00,0,0,-40.92,0.050,0.4900,0.5390,2.4500,2.5560,0.549500,0.075439,-0.028625,0.831543,7.754,72.5,-1
1782768918.505,1194,276446,0,0.00000000,0.00000000,0.00,0,0,-40.95,0.032,0.3430,0.6370,1.3720,1.5511,0.549561,0.075562,-0.028625,0.831543,7.761,68.8,-1
1782768918.693,1195,276675,0,0.00000000,0.00000000,0.00,0,0,-40.92,0.048,-0.3430,0.9800,1.1760,1.5688,0.549500,0.075500,-0.028625,0.831604,7.756,73.8,-1
1782768918.943,1196,276895,0,0.00000000,0.00000000,0.00,0,0,-41.02,-0.007,-0.6860,1.0290,0.4410,1.3130,0.549561,0.075439,-0.028687,0.831543,7.754,73.8,-1
1782768919.130,1197,277118,0,0.00000000,0.00000000,0.00,0,0,-41.07,-0.027,0.5880,0.6370,1.2740,1.5410,0.549561,0.075378,-0.028748,0.831543,7.756,73.8,-1
1782768919.380,1198,277344,0,0.00000000,0.00000000,0.00,0,0,-40.98,0.035,0.7350,0.3430,1.2250,1.4692,0.549561,0.075317,-0.028809,0.831543,7.753,75.0,-1
1782768919.564,1199,277565,0,0.00000000,0.00000000,0.00,0,0,-40.97,0.047,0.5390,0.2450,1.1760,1.3166,0.549561,0.075317,-0.028809,0.831543,7.755,76.2,-1
1782768919.812,1200,277783,0,0.00000000,0.00000000,0.00,0,0,-40.98,0.020,0.2450,0.1470,1.8620,1.8838,0.549561,0.075317,-0.028870,0.831543,7.756,71.2,-1
1782768920.061,1201,278003,0,0.00000000,0.00000000,0.00,0,0,-40.89,0.079,0.4900,0.6370,1.3230,1.5480,0.549561,0.075317,-0.028870,0.831543,7.756,75.0,-1
1782768920.248,1202,278224,0,0.00000000,0.00000000,0.00,0,0,-41.07,-0.036,0.5390,0.8330,2.1070,2.3289,0.549561,0.075378,-0.028870,0.831543,7.754,76.2,-1
1782768920.495,1203,278441,0,0.00000000,0.00000000,0.00,0,0,-40.98,0.011,0.2450,0.5880,1.3720,1.5127,0.549561,0.075439,-0.028809,0.831543,7.756,73.8,-1
1782768920.682,1204,278669,0,0.00000000,0.00000000,0.00,0,0,-41.16,-0.100,0.0980,0.6860,1.8130,1.9409,0.549561,0.075439,-0.028748,0.831543,7.759,72.5,-1
1782768920.930,1205,278887,0,0.00000000,0.00000000,0.00,0,0,-41.06,-0.043,0.6860,0.8330,1.3230,1.7073,0.549561,0.075439,-0.028748,0.831543,7.759,70.0,-1
1782768921.119,1206,279108,0,0.00000000,0.00000000,0.00,0,0,-40.91,0.044,0.4410,0.5390,1.5680,1.7157,0.549561,0.075500,-0.028687,0.831543,7.756,73.8,-1
1782768921.365,1207,279330,0,0.00000000,0.00000000,0.00,0,0,-41.01,-0.041,0.2450,0.4410,1.2250,1.3248,0.549561,0.075500,-0.028687,0.831543,7.758,76.2,-1
1782768921.552,1208,279544,0,0.00000000,0.00000000,0.00,0,0,-41.03,-0.066,-0.1960,0.9310,1.4210,1.7101,0.549561,0.075500,-0.028687,0.831543,7.755,75.0,-1
1782768921.800,1209,279772,0,0.00000000,0.00000000,0.00,0,0,-41.10,-0.090,0.3920,0.2940,1.6660,1.7366,0.549561,0.075500,-0.028687,0.831543,7.756,73.8,-1
1782768921.987,1210,279989,0,0.00000000,0.00000000,0.00,0,0,-41.12,-0.105,0.0490,0.3430,0.8820,0.9476,0.549561,0.075562,-0.028687,0.831543,7.755,77.5,-1
1782768922.236,1211,280213,0,0.00000000,0.00000000,0.00,0,0,-41.13,-0.097,0.4410,0.3430,1.1270,1.2579,0.549561,0.075562,-0.028687,0.831543,7.756,77.5,-1
1782768922.487,1212,280459,0,0.00000000,0.00000000,0.00,0,0,-41.04,-0.041,0.5390,0.7840,1.8620,2.0910,0.549561,0.075562,-0.028625,0.831543,7.753,80.0,-1
1782768922.736,1213,280682,0,0.00000000,0.00000000,0.00,0,0,-41.19,-0.138,-0.0980,0.6860,1.4700,1.6251,0.549561,0.075562,-0.028625,0.831543,7.754,77.5,-1
1782768922.923,1214,280905,0,0.00000000,0.00000000,0.00,0,0,-41.06,-0.034,0.2940,0.8330,1.6660,1.8857,0.549561,0.075562,-0.028625,0.831543,7.758,75.0,-1
1782768923.171,1215,281122,0,0.00000000,0.00000000,0.00,0,0,-41.07,-0.034,0.8820,-0.0490,1.8620,2.0609,0.549561,0.075562,-0.028687,0.831543,7.753,78.8,-1
1782768923.359,1216,281341,0,0.00000000,0.00000000,0.00,0,0,-41.09,-0.047,0.0980,0.2940,0.8820,0.9349,0.549561,0.075500,-0.028687,0.831543,7.754,80.0,-1
1782768923.611,1217,281553,0,0.00000000,0.00000000,0.00,0,0,-41.03,-0.009,0.1960,0.8330,1.1270,1.4151,0.549561,0.075500,-0.028687,0.831543,7.755,80.0,-1
1782768923.797,1218,281774,0,0.00000000,0.00000000,0.00,0,0,-41.03,-0.006,0.3430,0.5390,1.8130,1.9223,0.549561,0.075500,-0.028687,0.831543,7.758,77.5,-1
1782768924.046,1219,281996,0,0.00000000,0.00000000,0.00,0,0,-40.97,0.044,0.3430,1.0780,0.8820,1.4345,0.549561,0.075500,-0.028748,0.831543,7.755,72.5,-1
1782768924.234,1220,282219,0,0.00000000,0.00000000,0.00,0,0,-41.01,0.017,0.2940,0.2940,1.6660,1.7171,0.549561,0.075500,-0.028748,0.831543,7.758,71.2,-1
1782768924.482,1221,282440,0,0.00000000,0.00000000,0.00,0,0,-41.05,-0.006,0.0000,0.6860,0.9310,1.1564,0.549561,0.075500,-0.028748,0.831543,7.756,73.8,-1
1782768924.669,1222,282666,0,0.00000000,0.00000000,0.00,0,0,-41.11,-0.019,0.1470,0.7350,1.0290,1.2731,0.549561,0.075562,-0.028687,0.831543,7.753,70.0,-1
1782768924.920,1223,282886,0,0.00000000,0.00000000,0.00,0,0,-41.05,0.038,0.6860,1.2250,1.6660,2.1787,0.549561,0.075562,-0.028687,0.831543,7.750,72.5,-1
1782768925.169,1224,283110,0,0.00000000,0.00000000,0.00,0,0,-41.04,0.041,0.0490,0.2450,1.9600,1.9759,0.549561,0.075562,-0.028687,0.831543,7.755,73.8,-1
1782768925.356,1225,283338,0,0.00000000,0.00000000,0.00,0,0,-41.15,-0.026,0.3430,0.7350,1.6660,1.8530,0.549561,0.075562,-0.028687,0.831543,7.758,73.8,-1
1782768925.605,1226,283550,0,0.00000000,0.00000000,0.00,0,0,-41.19,-0.048,-1.3230,1.7150,-1.5680,2.6740,0.549561,0.075500,-0.028625,0.831543,7.756,75.0,-1
1782768925.791,1227,283768,0,0.00000000,0.00000000,0.00,0,0,-41.18,-0.041,0.4410,0.0490,1.9110,1.9618,0.549622,0.075439,-0.028564,0.831543,7.755,76.2,-1
1782768926.042,1228,283988,0,0.00000000,0.00000000,0.00,0,0,-41.17,-0.033,0.2940,0.7840,1.0780,1.3650,0.549561,0.075500,-0.028564,0.831543,7.754,78.8,-1
1782768926.230,1229,284214,0,0.00000000,0.00000000,0.00,0,0,-41.08,-0.003,0.4410,1.8130,2.1560,2.8513,0.549561,0.075500,-0.028625,0.831543,7.756,77.5,-1
1782768926.478,1230,284461,0,0.00000000,0.00000000,0.00,0,0,-41.11,-0.036,0.4900,0.4410,1.3720,1.5222,0.549622,0.075500,-0.028625,0.831482,7.754,76.2,-1
1782768926.727,1231,284680,0,0.00000000,0.00000000,0.00,0,0,-41.15,-0.049,0.2450,0.1960,1.5680,1.5991,0.549622,0.075439,-0.028625,0.831543,7.755,76.2,-1
1782768926.915,1232,284903,0,0.00000000,0.00000000,0.00,0,0,-41.24,-0.101,0.5390,0.3920,1.6170,1.7490,0.549500,0.075378,-0.028625,0.831604,7.755,73.8,-1
1782768927.165,1233,285123,0,0.00000000,0.00000000,0.00,0,0,-41.22,-0.089,0.6860,0.4900,0.4410,0.9514,0.549500,0.075439,-0.028625,0.831543,7.754,72.5,-1
1782768927.353,1234,285351,0,0.00000000,0.00000000,0.00,0,0,-41.21,-0.071,-0.2940,0.8820,1.1270,1.4610,0.549561,0.075439,-0.028625,0.831543,7.753,80.0,-1
1782768927.603,1235,285565,0,0.00000000,0.00000000,0.00,0,0,-41.16,-0.035,0.0980,0.5390,1.2740,1.3868,0.549561,0.075500,-0.028625,0.831543,7.758,73.8,-1
1782768927.790,1236,285784,0,0.00000000,0.00000000,0.00,0,0,-41.14,-0.010,-0.2450,0.7840,1.0780,1.3553,0.549561,0.075500,-0.028625,0.831543,7.758,72.5,-1
1782768928.039,1237,286004,0,0.00000000,0.00000000,0.00,0,0,-41.21,-0.073,0.6860,0.4410,1.7150,1.8990,0.549561,0.075500,-0.028625,0.831543,7.758,67.5,-1
1782768928.227,1238,286225,0,0.00000000,0.00000000,0.00,0,0,-41.19,-0.058,0.8820,-0.0980,1.7640,1.9746,0.549561,0.075562,-0.028625,0.831543,7.760,67.5,-1
1782768928.477,1239,286443,0,0.00000000,0.00000000,0.00,0,0,-41.20,-0.077,0.2940,0.4410,1.6660,1.7483,0.549561,0.075562,-0.028625,0.831543,7.756,77.5,-1
1782768928.662,1240,286664,0,0.00000000,0.00000000,0.00,0,0,-41.12,-0.015,0.1960,0.0000,1.0780,1.0957,0.549561,0.075562,-0.028625,0.831543,7.758,70.0,-1
1782768928.912,1241,286888,0,0.00000000,0.00000000,0.00,0,0,-41.17,-0.041,0.1960,0.2450,1.8130,1.8399,0.549561,0.075562,-0.028625,0.831543,7.758,71.2,-1
1782768929.159,1242,287111,0,0.00000000,0.00000000,0.00,0,0,-41.08,0.010,0.1470,0.7840,1.4700,1.6725,0.549561,0.075562,-0.028625,0.831543,7.758,73.8,-1
1782768929.346,1243,287333,0,0.00000000,0.00000000,0.00,0,0,-41.01,0.069,0.0000,0.4900,2.5970,2.6428,0.549561,0.075562,-0.028625,0.831543,7.758,73.8,-1
1782768929.549,1244,287549,0,0.00000000,0.00000000,0.00,0,0,-41.05,0.045,-0.4410,1.3720,0.3920,1.4935,0.549561,0.075623,-0.028625,0.831543,7.756,68.8,-1
1782768929.798,1245,287775,0,0.00000000,0.00000000,0.00,0,0,-41.03,0.039,0.0980,0.5390,1.5680,1.6609,0.549561,0.075623,-0.028625,0.831543,7.756,72.5,-1
1782768930.052,1246,287999,0,0.00000000,0.00000000,0.00,0,0,-41.10,-0.011,0.2450,0.2450,2.0580,2.0870,0.549561,0.075623,-0.028625,0.831543,7.756,77.5,-1
1782768930.239,1247,288219,0,0.00000000,0.00000000,0.00,0,0,-40.93,0.096,0.5880,0.4900,1.5190,1.7009,0.549561,0.075623,-0.028625,0.831543,7.755,77.5,-1
1782768930.489,1248,288465,0,0.00000000,0.00000000,0.00,0,0,-41.00,0.020,0.6860,1.0780,1.7640,2.1782,0.549561,0.075623,-0.028625,0.831543,7.759,72.5,-1
1782768930.739,1249,288691,0,0.00000000,0.00000000,0.00,0,0,-41.08,-0.022,1.0290,0.0980,1.9600,2.2159,0.549561,0.075623,-0.028625,0.831543,7.756,72.5,-1
1782768930.925,1250,288913,0,0.00000000,0.00000000,0.00,0,0,-40.99,0.036,0.0000,0.7840,1.4700,1.6660,0.549561,0.075623,-0.028625,0.831543,7.753,77.5,-1
1782768931.170,1251,289131,0,0.00000000,0.00000000,0.00,0,0,-40.97,0.053,0.0490,1.0290,1.5190,1.8354,0.549561,0.075623,-0.028625,0.831543,7.755,71.2,-1
1782768931.356,1252,289352,0,0.00000000,0.00000000,0.00,0,0,-40.97,0.046,0.3430,0.6860,1.8130,1.9686,0.549561,0.075623,-0.028625,0.831543,7.755,76.2,-1
1782768931.606,1253,289567,0,0.00000000,0.00000000,0.00,0,0,-40.92,0.046,0.2940,0.4410,2.0090,2.0777,0.549561,0.075500,-0.028564,0.831543,7.754,71.2,-1
1782768931.794,1254,289794,0,0.00000000,0.00000000,0.00,0,0,-40.96,0.031,0.4410,0.6370,1.7150,1.8819,0.549561,0.075439,-0.028503,0.831543,7.759,68.8,-1
1782768932.044,1255,290014,0,0.00000000,0.00000000,0.00,0,0,-40.87,0.084,0.4410,0.7840,1.2740,1.5596,0.549561,0.075378,-0.028503,0.831543,7.759,67.5,-1
1782768932.294,1256,290234,0,0.00000000,0.00000000,0.00,0,0,-40.84,0.097,0.8820,0.4900,2.5970,2.7861,0.549561,0.075378,-0.028503,0.831543,7.756,75.0,-1
1782768932.482,1257,290448,0,0.00000000,0.00000000,0.00,0,0,-40.87,0.080,0.8820,0.3920,1.9600,2.1848,0.549561,0.075439,-0.028503,0.831543,7.756,73.8,-1
1782768932.736,1258,290675,0,0.00000000,0.00000000,0.00,0,0,-40.90,0.041,0.1470,0.9800,1.2250,1.5756,0.549561,0.075500,-0.028564,0.831543,7.758,68.8,-1
1782768932.922,1259,290896,0,0.00000000,0.00000000,0.00,0,0,-40.82,0.078,0.2450,0.4410,2.0580,2.1189,0.549561,0.075500,-0.028564,0.831543,7.756,73.8,-1
1782768933.170,1260,291117,0,0.00000000,0.00000000,0.00,0,0,-40.82,0.065,0.0980,0.4900,1.2740,1.3685,0.549561,0.075500,-0.028564,0.831543,7.759,73.8,-1
1782768933.357,1261,291335,0,0.00000000,0.00000000,0.00,0,0,-40.88,0.023,0.2940,0.7350,1.4700,1.6696,0.549561,0.075500,-0.028564,0.831543,7.755,73.8,-1
1782768933.606,1262,291552,0,0.00000000,0.00000000,0.00,0,0,-40.80,0.071,0.0490,0.5390,-0.1470,0.5608,0.549561,0.075562,-0.028564,0.831543,7.754,73.8,-1
1782768935.725,1263,293720,0,0.00000000,0.00000000,0.00,0,0,-0.05,0.000,0.1470,0.8330,1.3230,1.5703,0.549561,0.075562,-0.028625,0.831543,7.756,75.0,-1
1782768935.977,1264,293943,0,0.00000000,0.00000000,0.00,0,0,0.01,0.038,0.0980,0.7350,1.7640,1.9135,0.549561,0.075562,-0.028625,0.831543,7.756,75.0,-1
1782768936.164,1265,294163,0,0.00000000,0.00000000,0.00,0,0,0.21,0.152,0.4410,0.5880,1.2250,1.4286,0.549561,0.075562,-0.028625,0.831543,7.755,75.0,-1
1782768936.412,1266,294383,0,0.00000000,0.00000000,0.00,0,0,0.08,0.062,0.7350,0.3920,0.8820,1.2132,0.549561,0.075562,-0.028625,0.831543,7.756,77.5,-1
1782768936.598,1267,294599,0,0.00000000,0.00000000,0.00,0,0,0.13,0.081,0.0980,1.4210,0.8330,1.6501,0.549561,0.075562,-0.028625,0.831543,7.758,76.2,-1
1782768936.849,1268,294826,0,0.00000000,0.00000000,0.00,0,0,0.25,0.154,1.1270,1.0290,2.1070,2.6016,0.549500,0.075623,-0.028687,0.831543,7.760,75.0,-1
1782768937.096,1269,295044,0,0.00000000,0.00000000,0.00,0,0,0.32,0.168,0.4900,0.6860,1.0290,1.3302,0.549500,0.075623,-0.028687,0.831543,7.755,76.2,-1
1782768937.283,1270,295268,0,0.00000000,0.00000000,0.00,0,0,0.25,0.116,0.0980,0.6860,2.2050,2.3113,0.549561,0.075623,-0.028625,0.831543,7.759,71.2,-1
1782768937.533,1271,295478,0,0.00000000,0.00000000,0.00,0,0,0.25,0.105,0.2450,-0.0490,0.8820,0.9167,0.549561,0.075623,-0.028625,0.831543,7.756,75.0,-1
1782768937.721,1272,295697,0,0.00000000,0.00000000,0.00,0,0,0.13,0.013,0.0000,1.5680,0.8330,1.7755,0.549561,0.075500,-0.028564,0.831543,7.758,73.8,-1
1782768937.971,1273,295917,0,0.00000000,0.00000000,0.00,0,0,0.21,0.070,0.0980,0.6860,0.3430,0.7732,0.549561,0.075500,-0.028564,0.831543,7.755,75.0,-1
1782768938.157,1274,296142,0,0.00000000,0.00000000,0.00,0,0,0.26,0.090,1.2740,0.7350,1.4210,2.0451,0.549561,0.075562,-0.028625,0.831543,7.758,73.8,-1
1782768938.406,1275,296365,0,0.00000000,0.00000000,0.00,0,0,0.26,0.061,0.2940,0.7840,1.8130,1.9970,0.549561,0.075562,-0.028625,0.831543,7.756,71.2,-1
1782768938.592,1276,296577,0,0.00000000,0.00000000,0.00,0,0,0.16,0.001,-0.6860,0.7350,0.7840,1.2749,0.549561,0.075562,-0.028625,0.831543,7.753,76.2,-1
1782768938.842,1277,296796,0,0.00000000,0.00000000,0.00,0,0,0.20,0.013,0.4410,0.6370,2.3030,2.4298,0.549561,0.075562,-0.028625,0.831543,7.759,72.5,-1
1782768939.027,1278,297019,0,0.00000000,0.00000000,0.00,0,0,0.22,0.020,-0.3920,1.2740,2.1560,2.5348,0.549561,0.075562,-0.028625,0.831543,7.753,76.2,-1
1782768939.276,1279,297241,0,0.00000000,0.00000000,0.00,0,0,0.29,0.060,0.0980,0.6370,1.1270,1.2983,0.549561,0.075562,-0.028625,0.831543,7.756,72.5,-1
1782768939.464,1280,297455,0,0.00000000,0.00000000,0.00,0,0,0.34,0.080,0.1470,0.8330,1.5190,1.7386,0.549561,0.075562,-0.028625,0.831543,7.762,70.0,-1
1782768939.714,1281,297676,0,0.00000000,0.00000000,0.00,0,0,0.29,0.036,0.8330,1.4210,1.2250,2.0527,0.549561,0.075623,-0.028625,0.831543,7.761,68.8,-1
1782768939.903,1282,297903,0,0.00000000,0.00000000,0.00,0,0,0.25,0.007,1.5680,0.3920,1.7640,2.3925,0.549561,0.075623,-0.028625,0.831543,7.756,75.0,-1
1782768940.151,1283,298127,0,0.00000000,0.00000000,0.00,0,0,0.31,0.044,0.1470,0.3920,1.9600,2.0042,0.549561,0.075623,-0.028625,0.831543,7.758,72.5,-1
1782768940.399,1284,298350,0,0.00000000,0.00000000,0.00,0,0,0.25,0.002,0.3920,1.2250,2.1560,2.5105,0.549561,0.075623,-0.028625,0.831543,7.756,73.8,-1
1782768940.586,1285,298560,0,0.00000000,0.00000000,0.00,0,0,0.24,-0.013,0.4900,1.1760,1.0780,1.6689,0.549561,0.075562,-0.028625,0.831543,7.755,78.8,-1
1782768940.836,1286,298786,0,0.00000000,0.00000000,0.00,0,0,0.27,-0.006,1.9600,-0.3920,2.7930,3.4345,0.549561,0.075623,-0.028625,0.831543,7.756,68.8,-1
1782768941.025,1287,299007,0,0.00000000,0.00000000,0.00,0,0,0.24,-0.039,0.2940,0.1960,1.6660,1.7031,0.549561,0.075623,-0.028625,0.831543,7.759,73.8,-1
1782768941.274,1288,299229,0,0.00000000,0.00000000,0.00,0,0,0.28,-0.015,0.4410,0.5390,1.6170,1.7606,0.549561,0.075623,-0.028625,0.831543,7.756,72.5,-1
1782768941.460,1289,299444,0,0.00000000,0.00000000,0.00,0,0,0.29,-0.016,0.6370,0.6370,1.9110,2.1127,0.549561,0.075562,-0.028625,0.831543,7.756,78.8,-1
1782768941.709,1290,299665,0,0.00000000,0.00000000,0.00,0,0,0.28,-0.020,0.1960,0.4410,1.9110,1.9710,0.549561,0.075562,-0.028625,0.831543,7.754,75.0,-1
1782768941.896,1291,299889,0,0.00000000,0.00000000,0.00,0,0,0.36,0.039,0.5390,0.3430,1.7640,1.8761,0.549500,0.075562,-0.028687,0.831543,7.754,71.2,-1
1782768942.147,1292,300106,0,0.00000000,0.00000000,0.00,0,0,0.14,-0.091,0.4410,0.7840,1.7150,1.9366,0.549500,0.075562,-0.028748,0.831543,7.753,77.5,-1
1782768942.335,1293,300329,0,0.00000000,0.00000000,0.00,0,0,0.22,-0.005,0.0980,0.7350,1.6170,1.7789,0.549500,0.075562,-0.028748,0.831543,7.755,73.8,-1
1782768942.583,1294,300542,0,0.00000000,0.00000000,0.00,0,0,0.11,-0.057,0.0490,0.3920,1.5680,1.6170,0.549500,0.075562,-0.028748,0.831543,7.761,68.8,-1
1782768942.833,1295,300771,0,0.00000000,0.00000000,0.00,0,0,0.11,-0.040,0.2450,0.3430,1.4700,1.5292,0.549500,0.075562,-0.028687,0.831543,7.756,76.2,-1
1782768943.023,1296,300996,0,0.00000000,0.00000000,0.00,0,0,0.18,-0.000,-0.0980,0.6860,1.3230,1.4935,0.549561,0.075500,-0.028625,0.831543,7.755,72.5,-1
1782768943.271,1297,301219,0,0.00000000,0.00000000,0.00,0,0,0.23,0.028,0.1470,0.6860,1.5190,1.6732,0.549561,0.075500,-0.028625,0.831543,7.754,76.2,-1
1782768943.458,1298,301438,0,0.00000000,0.00000000,0.00,0,0,0.33,0.074,-0.2940,0.0000,1.8620,1.8851,0.549561,0.075500,-0.028625,0.831543,7.754,75.0,-1
1782768943.707,1299,301662,0,0.00000000,0.00000000,0.00,0,0,0.28,0.039,0.0980,0.6370,1.0780,1.2560,0.549561,0.075500,-0.028687,0.831543,7.755,73.8,-1
1782768943.891,1300,301886,0,0.00000000,0.00000000,0.00,0,0,0.33,0.041,0.0490,0.9800,0.9310,1.3526,0.549622,0.075500,-0.028687,0.831543,7.756,72.5,-1
1782768944.139,1301,302113,0,0.00000000,0.00000000,0.00,0,0,0.29,0.010,-0.4900,1.6170,0.6860,1.8236,0.549622,0.075562,-0.028625,0.831482,7.758,71.2,-1
1782768944.388,1302,302333,0,0.00000000,0.00000000,0.00,0,0,0.25,-0.015,0.4410,0.0000,2.0090,2.0568,0.549683,0.075623,-0.028564,0.831482,7.755,75.0,-1
1782768944.577,1303,302553,0,0.00000000,0.00000000,0.00,0,0,0.26,-0.016,-0.0490,-0.0490,1.4210,1.4227,0.549683,0.075623,-0.028564,0.831421,7.755,73.8,-1
1782768944.828,1304,302774,0,0.00000000,0.00000000,0.00,0,0,0.46,0.110,0.4410,0.4900,1.7150,1.8373,0.549744,0.075623,-0.028564,0.831421,7.754,76.2,-1
1782768945.014,1305,302994,0,0.00000000,0.00000000,0.00,0,0,0.30,-0.004,-0.2940,0.7350,1.2250,1.4585,0.549744,0.075623,-0.028625,0.831421,7.758,73.8,-1
1782768945.263,1306,303212,0,0.00000000,0.00000000,0.00,0,0,0.30,0.000,-0.1960,0.6370,1.4700,1.6140,0.549744,0.075623,-0.028625,0.831421,7.756,78.8,-1
1782768945.513,1307,303456,0,0.00000000,0.00000000,0.00,0,0,0.24,-0.047,0.4900,1.0290,1.5680,1.9384,0.549683,0.075623,-0.028625,0.831421,7.756,71.2,-1
1782768945.702,1308,303674,0,0.00000000,0.00000000,0.00,0,0,0.22,-0.059,0.3430,0.6370,1.4700,1.6384,0.549683,0.075562,-0.028625,0.831421,7.751,77.5,-1
1782768945.949,1309,303896,0,0.00000000,0.00000000,0.00,0,0,0.24,-0.048,0.8820,0.0000,2.7440,2.8823,0.549683,0.075562,-0.028625,0.831421,7.754,72.5,-1
1782768946.137,1310,304115,0,0.00000000,0.00000000,0.00,0,0,0.27,-0.038,0.1960,0.5390,1.7150,1.8084,0.549683,0.075562,-0.028625,0.831421,7.751,76.2,-1
1782768946.383,1311,304335,0,0.00000000,0.00000000,0.00,0,0,0.32,-0.011,0.2450,0.8820,1.2740,1.5688,0.549683,0.075562,-0.028625,0.831421,7.754,80.0,-1
1782768946.571,1312,304547,0,0.00000000,0.00000000,0.00,0,0,0.27,-0.035,0.4900,0.3920,1.7150,1.8262,0.549683,0.075562,-0.028625,0.831421,7.754,77.5,-1
1782768946.822,1313,304768,0,0.00000000,0.00000000,0.00,0,0,0.12,-0.137,-0.1470,0.7840,0.3920,0.8888,0.549683,0.075562,-0.028625,0.831421,7.755,75.0,-1
1782768947.007,1314,304989,0,0.00000000,0.00000000,0.00,0,0,0.24,-0.067,0.2940,0.4410,1.6170,1.7016,0.549683,0.075562,-0.028625,0.831421,7.756,76.2,-1
1782768947.254,1315,305208,0,0.00000000,0.00000000,0.00,0,0,0.25,-0.075,0.3430,0.5390,1.2740,1.4252,0.549683,0.075562,-0.028625,0.831421,7.754,75.0,-1
1782768947.503,1316,305451,0,0.00000000,0.00000000,0.00,0,0,0.33,-0.030,0.4900,0.3920,1.5680,1.6889,0.549683,0.075562,-0.028625,0.831421,7.755,73.8,-1
1782768947.692,1317,305670,0,0.00000000,0.00000000,0.00,0,0,0.35,-0.002,0.0980,0.8330,1.9110,2.0870,0.549683,0.075562,-0.028625,0.831421,7.755,75.0,-1
1782768947.942,1318,305889,0,0.00000000,0.00000000,0.00,0,0,0.34,-0.015,0.1470,0.3920,0.8330,0.9323,0.549683,0.075562,-0.028625,0.831421,7.754,76.2,-1
1782768948.128,1319,306112,0,0.00000000,0.00000000,0.00,0,0,0.35,-0.006,0.6860,-0.0980,2.3520,2.4520,0.549744,0.075500,-0.028564,0.831421,7.756,71.2,-1
1782768948.374,1320,306333,0,0.00000000,0.00000000,0.00,0,0,0.40,0.034,0.8330,-0.0980,2.4500,2.5896,0.549744,0.075500,-0.028564,0.831421,7.759,71.2,-1
1782768948.562,1321,306549,0,0.00000000,0.00000000,0.00,0,0,0.36,0.018,0.3920,1.3720,1.7640,2.2689,0.549744,0.075500,-0.028625,0.831421,7.755,73.8,-1
1782768948.812,1322,306773,0,0.00000000,0.00000000,0.00,0,0,0.32,-0.010,-0.2450,1.0290,1.2250,1.6185,0.549744,0.075562,-0.028625,0.831421,7.758,72.5,-1
1782768948.998,1323,306992,0,0.00000000,0.00000000,0.00,0,0,0.35,0.025,0.2450,0.6860,1.6660,1.8183,0.549744,0.075562,-0.028625,0.831421,7.756,72.5,-1
1782768949.248,1324,307216,0,0.00000000,0.00000000,0.00,0,0,0.43,0.062,-0.1960,0.5880,1.3720,1.5055,0.549744,0.075562,-0.028625,0.831421,7.761,68.8,-1
1782768949.499,1325,307459,0,0.00000000,0.00000000,0.00,0,0,0.35,0.008,0.1960,0.6860,1.1270,1.3338,0.549683,0.075562,-0.028625,0.831421,7.756,71.2,-1
1782768949.687,1326,307684,0,0.00000000,0.00000000,0.00,0,0,0.42,0.042,0.1960,0.5390,1.2250,1.3526,0.549683,0.075562,-0.028625,0.831421,7.758,77.5,-1
1782768949.937,1327,307904,0,0.00000000,0.00000000,0.00,0,0,0.39,0.034,0.3430,0.4900,1.6170,1.7241,0.549683,0.075562,-0.028625,0.831421,7.755,77.5,-1
1782768950.185,1328,308128,0,0.00000000,0.00000000,0.00,0,0,0.41,0.047,-0.3920,0.6370,0.4900,0.8942,0.549683,0.075562,-0.028687,0.831421,7.758,72.5,-1
1782768950.374,1329,308354,0,0.00000000,0.00000000,0.00,0,0,0.35,0.024,-0.0490,0.3920,2.0580,2.0956,0.549683,0.075500,-0.028748,0.831421,7.755,76.2,-1
1782768950.623,1330,308568,0,0.00000000,0.00000000,0.00,0,0,0.32,-0.014,0.5390,-0.0490,1.2250,1.3392,0.549683,0.075500,-0.028748,0.831421,7.760,72.5,-1
1782768950.810,1331,308788,0,0.00000000,0.00000000,0.00,0,0,0.44,0.056,-0.0490,0.9310,1.5190,1.7823,0.549683,0.075500,-0.028748,0.831421,7.760,68.8,-1
1782768951.060,1332,309006,0,0.00000000,0.00000000,0.00,0,0,0.48,0.075,0.0980,0.8330,2.0090,2.1771,0.549683,0.075500,-0.028687,0.831421,7.758,77.5,-1
1782768951.247,1333,309227,0,0.00000000,0.00000000,0.00,0,0,0.55,0.106,0.0000,0.6860,1.3720,1.5339,0.549683,0.075500,-0.028687,0.831421,7.759,72.5,-1
1782768951.495,1334,309441,0,0.00000000,0.00000000,0.00,0,0,0.39,0.003,0.4410,0.2450,0.9310,1.0589,0.549683,0.075500,-0.028687,0.831421,7.760,70.0,-1
1782768951.682,1335,309657,0,0.00000000,0.00000000,0.00,0,0,0.34,-0.035,0.9800,-0.3920,1.7640,2.0557,0.549683,0.075623,-0.028748,0.831421,7.756,72.5,-1
1782768951.936,1336,309886,0,0.00000000,0.00000000,0.00,0,0,0.43,0.026,0.6860,-0.1960,1.0780,1.2927,0.549683,0.075623,-0.028687,0.831421,7.759,71.2,-1
1782768952.123,1337,310107,0,0.00000000,0.00000000,0.00,0,0,0.50,0.071,0.6370,0.2940,2.5480,2.6428,0.549683,0.075623,-0.028687,0.831421,7.759,75.0,-1
1782768952.373,1338,310329,0,0.00000000,0.00000000,0.00,0,0,0.39,-0.002,0.1470,0.5880,1.6170,1.7269,0.549683,0.075562,-0.028687,0.831421,7.758,73.8,-1
1782768952.558,1339,310542,0,0.00000000,0.00000000,0.00,0,0,0.41,0.007,1.0780,0.3920,1.8620,2.1870,0.549683,0.075562,-0.028687,0.831421,7.756,71.2,-1
1782768952.810,1340,310762,0,0.00000000,0.00000000,0.00,0,0,0.43,0.020,0.2940,0.1960,1.9110,1.9434,0.549683,0.075562,-0.028687,0.831421,7.758,72.5,-1
1782768952.997,1341,310981,0,0.00000000,0.00000000,0.00,0,0,0.44,0.012,0.1960,0.7840,0.8330,1.1606,0.549683,0.075562,-0.028687,0.831421,7.756,73.8,-1
1782768953.245,1342,311207,0,0.00000000,0.00000000,0.00,0,0,0.50,0.053,0.8330,0.5880,2.0090,2.2529,0.549683,0.075562,-0.028748,0.831421,7.761,71.2,-1
1782768953.495,1343,311458,0,0.00000000,0.00000000,0.00,0,0,0.49,0.040,0.3430,0.2940,2.0580,2.1070,0.549683,0.075439,-0.028809,0.831421,7.755,73.8,-1
1782768953.744,1344,311686,0,0.00000000,0.00000000,0.00,0,0,0.44,0.003,0.3920,0.7350,2.1070,2.2657,0.549683,0.075378,-0.028748,0.831482,7.760,70.0,-1
1782768953.931,1345,311913,0,0.00000000,0.00000000,0.00,0,0,0.50,0.028,0.2940,0.7840,1.5190,1.7345,0.549683,0.075378,-0.028687,0.831482,7.751,82.5,-1
1782768954.180,1346,312134,0,0.00000000,0.00000000,0.00,0,0,0.40,-0.045,0.0000,0.3920,2.5480,2.5780,0.549683,0.075378,-0.028687,0.831421,7.754,73.8,-1
1782768954.368,1347,312354,0,0.00000000,0.00000000,0.00,0,0,0.32,-0.113,0.1960,0.7350,1.3230,1.5261,0.549744,0.075439,-0.028625,0.831421,7.754,75.0,-1
1782768954.616,1348,312569,0,0.00000000,0.00000000,0.00,0,0,0.43,-0.031,1.3230,0.3430,3.9690,4.1977,0.549744,0.075378,-0.028625,0.831421,7.761,70.0,-1
1782768954.803,1349,312797,0,0.00000000,0.00000000,0.00,0,0,0.47,-0.012,0.2450,1.0780,2.3030,2.5546,0.549744,0.075317,-0.028564,0.831482,7.755,73.8,-1
1782768955.053,1350,313017,0,0.00000000,0.00000000,0.00,0,0,0.49,0.003,0.1470,0.7350,2.0090,2.1443,0.549744,0.075317,-0.028503,0.831482,7.756,72.5,-1
1782768955.242,1351,313239,0,0.00000000,0.00000000,0.00,0,0,0.47,-0.021,-0.0490,1.0290,1.7640,2.0428,0.549744,0.075378,-0.028564,0.831421,7.754,72.5,-1
1782768955.489,1352,313455,0,0.00000000,0.00000000,0.00,0,0,0.44,-0.045,1.5190,0.3430,2.0580,2.5808,0.549683,0.075378,-0.028687,0.831482,7.756,72.5,-1
1782768955.739,1353,313680,0,0.00000000,0.00000000,0.00,0,0,0.45,-0.027,0.4410,0.3920,1.5680,1.6753,0.549683,0.075378,-0.028687,0.831482,7.758,73.8,-1
1782768955.926,1354,313901,0,0.00000000,0.00000000,0.00,0,0,0.45,-0.036,-0.2940,0.4410,1.6660,1.7483,0.549744,0.075317,-0.028625,0.831482,7.758,71.2,-1
1782768956.178,1355,314128,0,0.00000000,0.00000000,0.00,0,0,0.42,-0.046,0.1960,0.1960,1.2250,1.2560,0.549744,0.075317,-0.028625,0.831482,7.759,72.5,-1
1782768956.364,1356,314353,0,0.00000000,0.00000000,0.00,0,0,0.48,-0.004,0.9800,0.5390,2.3030,2.5602,0.549683,0.075317,-0.028687,0.831482,7.759,70.0,-1
1782768956.614,1357,314570,0,0.00000000,0.00000000,0.00,0,0,0.35,-0.065,1.2250,0.2450,2.8910,3.1494,0.549683,0.075317,-0.028748,0.831482,7.759,71.2,-1
1782768956.802,1358,314790,0,0.00000000,0.00000000,0.00,0,0,0.36,-0.060,0.4900,0.4900,1.8130,1.9409,0.549683,0.075317,-0.028809,0.831482,7.758,71.2,-1
1782768957.053,1359,315012,0,0.00000000,0.00000000,0.00,0,0,0.44,-0.007,-0.0490,0.9800,1.0290,1.4218,0.549683,0.075378,-0.028809,0.831482,7.759,71.2,-1
1782768957.241,1360,315236,0,0.00000000,0.00000000,0.00,0,0,0.37,-0.049,0.4900,0.6370,2.1070,2.2551,0.549683,0.075439,-0.028748,0.831421,7.758,71.2,-1
1782768957.492,1361,315452,0,0.00000000,0.00000000,0.00,0,0,0.40,-0.001,0.0000,1.4210,1.8130,2.3035,0.549683,0.075439,-0.028809,0.831482,7.754,77.5,-1
1782768957.680,1362,315677,0,0.00000000,0.00000000,0.00,0,0,0.34,-0.045,0.4900,0.7350,1.2250,1.5103,0.549683,0.075439,-0.028809,0.831482,7.756,72.5,-1
1782768957.929,1363,315905,0,0.00000000,0.00000000,0.00,0,0,0.26,-0.096,0.2940,0.7350,1.6170,1.8004,0.549683,0.075439,-0.028748,0.831421,7.753,81.2,-1
1782768958.177,1364,316123,0,0.00000000,0.00000000,0.00,0,0,0.27,-0.086,0.5880,0.4900,1.4700,1.6573,0.549683,0.075500,-0.028748,0.831421,7.751,77.5,-1
1782768958.367,1365,316343,0,0.00000000,0.00000000,0.00,0,0,0.32,-0.037,0.4900,0.4410,1.7150,1.8373,0.549683,0.075500,-0.028748,0.831482,7.753,78.8,-1
1782768958.615,1366,316562,0,0.00000000,0.00000000,0.00,0,0,0.32,-0.049,0.0980,0.4900,0.7350,0.8888,0.549744,0.075439,-0.028687,0.831421,7.755,73.8,-1
1782768958.802,1367,316786,0,0.00000000,0.00000000,0.00,0,0,0.26,-0.067,0.0980,0.3920,0.2940,0.4997,0.536926,0.076050,-0.027466,0.839722,7.756,77.5,-1
1782768959.051,1368,317009,0,0.00000000,0.00000000,0.00,0,0,0.25,-0.081,0.0000,0.7840,0.7840,1.1087,0.536987,0.076111,-0.027527,0.839722,7.758,71.2,-1
1782768959.238,1369,317231,0,0.00000000,0.00000000,0.00,0,0,0.31,-0.030,0.1470,0.7350,1.6170,1.7823,0.536987,0.076172,-0.027527,0.839722,7.755,78.8,-1
1782768959.486,1370,317451,0,0.00000000,0.00000000,0.00,0,0,0.24,-0.063,0.0980,0.6860,1.4700,1.6251,0.536987,0.075989,-0.027466,0.839722,7.756,72.5,-1
1782768959.736,1371,317677,0,0.00000000,0.00000000,0.00,0,0,0.24,-0.081,0.8820,0.5390,2.0580,2.3030,0.537048,0.075928,-0.027527,0.839661,7.754,77.5,-1
1782768959.923,1372,317898,0,0.00000000,0.00000000,0.00,0,0,0.30,-0.033,1.0290,0.1960,2.0580,2.3092,0.537048,0.075989,-0.027527,0.839661,7.753,77.5,-1
1782768960.172,1373,318120,0,0.00000000,0.00000000,0.00,0,0,0.19,-0.108,0.2940,0.6860,1.1270,1.3517,0.537048,0.075989,-0.027527,0.839661,7.754,72.5,-1
1782768960.362,1374,318343,0,0.00000000,0.00000000,0.00,0,0,0.31,-0.023,0.0980,0.4900,1.4700,1.5526,0.536804,0.076050,-0.027466,0.839844,7.755,71.2,-1
1782768960.610,1375,318562,0,0.00000000,0.00000000,0.00,0,0,0.22,-0.088,0.7840,0.5390,2.0090,2.2229,0.536804,0.075989,-0.027466,0.839844,7.755,75.0,-1
1782768960.798,1376,318786,0,0.00000000,0.00000000,0.00,0,0,0.06,-0.195,0.5880,0.1960,2.2540,2.3377,0.536804,0.075928,-0.027466,0.839844,7.759,68.8,-1
1782768961.051,1377,319011,0,0.00000000,0.00000000,0.00,0,0,0.18,-0.088,0.1470,0.3430,0.7350,0.8243,0.536804,0.075928,-0.027405,0.839844,7.755,73.8,-1
1782768961.236,1378,319233,0,0.00000000,0.00000000,0.00,0,0,0.35,0.043,0.1960,0.5880,2.4010,2.4797,0.536804,0.075928,-0.027405,0.839844,7.755,80.0,-1
1782768961.486,1379,319454,0,0.00000000,0.00000000,0.00,0,0,0.36,0.042,0.6370,-0.0980,1.9110,2.0168,0.536804,0.075989,-0.027466,0.839844,7.754,75.0,-1
1782768961.733,1380,319680,0,0.00000000,0.00000000,0.00,0,0,0.34,0.021,0.4900,0.3430,1.8130,1.9091,0.536743,0.075928,-0.027466,0.839844,7.754,76.2,-1
1782768961.919,1381,319904,0,0.00000000,0.00000000,0.00,0,0,0.33,0.012,0.1960,0.5880,1.7640,1.8697,0.536804,0.075989,-0.027466,0.839844,7.754,78.8,-1
1782768962.168,1382,320123,0,0.00000000,0.00000000,0.00,0,0,0.29,0.001,0.5390,0.6370,1.2740,1.5229,0.536743,0.075989,-0.027527,0.839844,7.753,76.2,-1
1782768962.354,1383,320343,0,0.00000000,0.00000000,0.00,0,0,0.26,-0.033,0.1960,0.6860,1.8130,1.9483,0.536682,0.075989,-0.027466,0.839905,7.754,73.8,-1
1782768962.600,1384,320563,0,0.00000000,0.00000000,0.00,0,0,0.32,-0.031,0.2450,0.4900,1.5190,1.6148,0.536743,0.075989,-0.027588,0.839905,7.754,75.0,-1
1782768962.786,1385,320783,0,0.00000000,0.00000000,0.00,0,0,0.19,-0.098,1.4700,0.3430,1.2250,1.9440,0.536682,0.075928,-0.027649,0.839905,7.754,76.2,-1
1782768963.038,1386,321005,0,0.00000000,0.00000000,0.00,0,0,0.24,-0.060,0.2450,0.8820,1.2740,1.5688,0.536621,0.075867,-0.027649,0.839966,7.755,73.8,-1
1782768963.225,1387,321225,0,0.00000000,0.00000000,0.00,0,0,0.42,0.061,0.4410,0.2450,1.2740,1.3702,0.536621,0.075806,-0.027649,0.839966,7.753,73.8,-1
1782768963.472,1388,321437,0,0.00000000,0.00000000,0.00,0,0,0.29,0.002,-0.1470,0.4900,1.0780,1.1932,0.536682,0.075806,-0.027649,0.839905,7.753,76.2,-1
1782768963.660,1389,321656,0,0.00000000,0.00000000,0.00,0,0,0.26,-0.032,0.3920,0.4410,1.8620,1.9533,0.536621,0.075806,-0.027771,0.839966,7.751,80.0,-1
1782768963.908,1390,321878,0,0.00000000,0.00000000,0.00,0,0,0.35,0.021,0.5390,0.4410,1.6170,1.7606,0.536621,0.075806,-0.027771,0.839966,7.753,73.8,-1
1782768964.156,1391,322097,0,0.00000000,0.00000000,0.00,0,0,0.54,0.129,0.6370,0.3920,1.6660,1.8262,0.536621,0.075867,-0.027771,0.839966,7.753,78.8,-1
1782768964.342,1392,322319,0,0.00000000,0.00000000,0.00,0,0,0.36,0.008,0.5880,0.9310,1.2740,1.6839,0.536560,0.075867,-0.027649,0.839966,7.753,75.0,-1
1782768964.590,1393,322534,0,0.00000000,0.00000000,0.00,0,0,0.43,0.051,0.3430,0.4410,1.3720,1.4814,0.536560,0.075928,-0.027649,0.839966,7.758,76.2,-1
1782768964.777,1394,322761,0,0.00000000,0.00000000,0.00,0,0,0.32,-0.006,-0.6860,0.5880,-0.2450,0.9361,0.536560,0.075867,-0.027710,0.839966,7.754,75.0,-1
1782768965.027,1395,322992,0,0.00000000,0.00000000,0.00,0,0,0.32,-0.005,0.1470,0.3920,1.1270,1.2022,0.536560,0.075867,-0.027710,0.839966,7.754,75.0,-1
1782768965.213,1396,323209,0,0.00000000,0.00000000,0.00,0,0,0.31,-0.017,0.0980,0.3920,1.6660,1.7143,0.536560,0.075867,-0.027710,0.839966,7.758,73.8,-1
1782768965.463,1397,323452,0,0.00000000,0.00000000,0.00,0,0,0.39,0.015,0.2940,0.6370,1.7640,1.8984,0.536560,0.075867,-0.027710,0.839966,7.756,73.8,-1
1782768965.711,1398,323674,0,0.00000000,0.00000000,0.00,0,0,0.27,-0.069,0.6370,1.3720,0.5880,1.6229,0.536621,0.075867,-0.027588,0.839966,7.759,72.5,-1
1782768965.960,1399,323903,0,0.00000000,0.00000000,0.00,0,0,0.40,0.025,0.4900,0.7350,1.8130,2.0168,0.536560,0.075928,-0.027588,0.840027,7.758,75.0,-1
1782768966.147,1400,324124,0,0.00000000,0.00000000,0.00,0,0,0.36,0.002,-0.1470,1.1760,0.9310,1.5071,0.536560,0.075989,-0.027588,0.839966,7.761,68.8,-1
1782768966.395,1401,324343,0,0.00000000,0.00000000,0.00,0,0,0.24,-0.077,0.2450,0.8820,1.9600,2.1632,0.536621,0.075989,-0.027588,0.839966,7.754,75.0,-1
1782768966.584,1402,324559,0,0.00000000,0.00000000,0.00,0,0,0.29,-0.028,0.0980,0.5880,1.6170,1.7234,0.536621,0.075928,-0.027527,0.839966,7.758,73.8,-1
1782768966.834,1403,324785,0,0.00000000,0.00000000,0.00,0,0,0.44,0.073,0.0000,0.8330,1.1760,1.4411,0.533813,0.076111,-0.027222,0.841736,7.754,75.0,-1
1782768967.022,1404,325005,0,0.00000000,0.00000000,0.00,0,0,0.21,-0.074,0.0490,1.2250,1.2250,1.7331,0.533813,0.076050,-0.027222,0.841736,7.755,75.0,-1
1782768967.272,1405,325224,0,0.00000000,0.00000000,0.00,0,0,0.22,-0.073,0.4900,0.1960,1.7640,1.8413,0.533813,0.075989,-0.027222,0.841736,7.755,80.0,-1
1782768967.457,1406,325440,0,0.00000000,0.00000000,0.00,0,0,0.37,0.027,-0.0490,0.4900,1.8620,1.9260,0.533813,0.075867,-0.027405,0.841736,7.756,73.8,-1
1782768967.704,1407,325666,0,0.00000000,0.00000000,0.00,0,0,0.23,-0.057,0.1960,0.5390,1.4700,1.5779,0.533936,0.075806,-0.027466,0.841675,7.751,76.2,-1
1782768967.891,1408,325885,0,0.00000000,0.00000000,0.00,0,0,0.30,0.003,0.5390,0.8820,1.5190,1.8373,0.533936,0.075867,-0.027405,0.841675,7.753,77.5,-1
1782768968.139,1409,326109,0,0.00000000,0.00000000,0.00,0,0,0.31,0.016,0.1960,1.0290,1.1270,1.5386,0.533997,0.075928,-0.027405,0.841614,7.759,73.8,-1
1782768968.387,1410,326338,0,0.00000000,0.00000000,0.00,0,0,0.21,-0.041,0.2940,0.7350,2.0090,2.1593,0.533997,0.075989,-0.027405,0.841614,7.755,71.2,-1
1782768968.575,1411,326548,0,0.00000000,0.00000000,0.00,0,0,0.28,0.027,0.5390,0.8820,1.8620,2.1297,0.534058,0.075806,-0.027344,0.841614,7.758,70.0,-1
1782768968.826,1412,326768,0,0.00000000,0.00000000,0.00,0,0,0.30,0.052,0.1960,-0.0490,1.5190,1.5324,0.534119,0.075806,-0.027283,0.841553,7.760,76.2,-1
1782768969.013,1413,326988,0,0.00000000,0.00000000,0.00,0,0,0.31,0.035,0.6370,-0.4900,1.9600,2.1184,0.534180,0.075684,-0.027283,0.841492,7.753,76.2,-1
1782768969.260,1414,327212,0,0.00000000,0.00000000,0.00,0,0,0.25,-0.015,0.0490,0.6860,1.5190,1.6674,0.535828,0.075745,-0.027710,0.840454,7.758,81.2,-1
1782768969.509,1415,327455,0,0.00000000,0.00000000,0.00,0,0,0.32,0.007,0.8330,0.0000,2.2050,2.3571,0.535828,0.075806,-0.027649,0.840454,7.758,76.2,-1
1782768969.697,1416,327678,0,0.00000000,0.00000000,0.00,0,0,0.27,-0.021,0.5880,0.5880,1.8130,1.9946,0.535889,0.075867,-0.027588,0.840454,7.753,77.5,-1
1782768969.946,1417,327903,0,0.00000000,0.00000000,0.00,0,0,0.34,0.021,-0.0980,0.7840,0.5880,0.9849,0.535889,0.075928,-0.027527,0.840454,7.758,72.5,-1
1782768970.133,1418,328120,0,0.00000000,0.00000000,0.00,0,0,0.31,-0.014,0.5880,0.3920,2.3030,2.4090,0.535889,0.075928,-0.027527,0.840454,7.756,75.0,-1
1782768970.381,1419,328341,0,0.00000000,0.00000000,0.00,0,0,0.39,0.052,-0.0490,0.1960,1.1270,1.1450,0.535889,0.075928,-0.027466,0.840454,7.756,75.0,-1
1782768970.567,1420,328556,0,0.00000000,0.00000000,0.00,0,0,0.25,-0.025,-0.2940,1.0780,1.2250,1.6581,0.535889,0.075928,-0.027527,0.840454,7.756,77.5,-1
1782768970.816,1421,328778,0,0.00000000,0.00000000,0.00,0,0,0.35,0.016,0.4410,0.3430,1.9600,2.0381,0.535889,0.075989,-0.027466,0.840454,7.755,77.5,-1
1782768971.003,1422,329002,0,0.00000000,0.00000000,0.00,0,0,0.29,-0.027,0.2940,0.5390,1.9110,2.0072,0.535889,0.075989,-0.027466,0.840454,7.759,70.0,-1
1782768971.250,1423,329226,0,0.00000000,0.00000000,0.00,0,0,0.29,-0.041,0.4410,0.6370,1.1760,1.4083,0.535767,0.076111,-0.027466,0.840454,7.760,72.5,-1
1782768971.436,1424,329433,0,0.00000000,0.00000000,0.00,0,0,0.30,-0.035,-0.1470,1.2250,1.6170,2.0339,0.535767,0.076111,-0.027405,0.840454,7.754,82.5,-1
1782768971.688,1425,329658,0,0.00000000,0.00000000,0.00,0,0,0.28,-0.033,0.2940,0.2940,1.4210,1.4806,0.535889,0.076050,-0.027344,0.840393,7.753,77.5,-1
1782768971.936,1426,329886,0,0.00000000,0.00000000,0.00,0,0,0.22,-0.067,0.1470,0.0490,1.2250,1.2348,0.535889,0.076050,-0.027344,0.840393,7.759,70.0,-1
1782768972.123,1427,330108,0,0.00000000,0.00000000,0.00,0,0,0.38,0.056,0.3920,0.5390,1.5680,1.7038,0.535950,0.075928,-0.027344,0.840393,7.754,72.5,-1
1782768972.372,1428,330326,0,0.00000000,0.00000000,0.00,0,0,0.23,-0.049,0.0490,0.7350,-0.0980,0.7431,0.543152,0.075745,-0.028015,0.835754,7.758,71.2,-1
1782768972.559,1429,330540,0,0.00000000,0.00000000,0.00,0,0,0.30,-0.003,0.1960,0.9310,1.4210,1.7101,0.543091,0.075745,-0.027954,0.835754,7.755,73.8,-1
1782768972.808,1430,330762,0,0.00000000,0.00000000,0.00,0,0,0.39,0.037,0.3430,0.9310,2.0580,2.2847,0.543091,0.075745,-0.028015,0.835754,7.755,75.0,-1
1782768972.994,1431,330989,0,0.00000000,0.00000000,0.00,0,0,0.31,-0.020,0.2940,1.1270,1.7640,2.1138,0.543091,0.075684,-0.028015,0.835815,7.758,73.8,-1
1782768973.242,1432,331207,0,0.00000000,0.00000000,0.00,0,0,0.26,-0.062,0.1470,1.0780,1.4700,1.8288,0.543091,0.075623,-0.027954,0.835815,7.758,71.2,-1
1782768973.493,1433,331454,0,0.00000000,0.00000000,0.00,0,0,0.35,-0.050,-0.0490,0.5880,1.1760,1.3157,0.543091,0.075623,-0.028015,0.835754,7.759,67.5,-1
1782768973.682,1434,331681,0,0.00000000,0.00000000,0.00,0,0,0.43,0.013,0.9800,1.0780,2.9890,3.3251,0.543091,0.075562,-0.028076,0.835754,7.756,72.5,-1
1782768973.928,1435,331899,0,0.00000000,0.00000000,0.00,0,0,0.42,0.012,0.7350,0.9310,1.5680,1.9661,0.543091,0.075562,-0.028137,0.835815,7.754,77.5,-1
1782768974.176,1436,332121,0,0.00000000,0.00000000,0.00,0,0,0.33,-0.030,0.9800,0.1470,1.7150,1.9807,0.543091,0.075623,-0.028076,0.835815,7.756,72.5,-1
1782768974.364,1437,332343,0,0.00000000,0.00000000,0.00,0,0,0.36,0.012,-0.1960,0.4900,1.5680,1.6544,0.543030,0.075500,-0.028137,0.835815,7.756,75.0,-1
1782768974.613,1438,332562,0,0.00000000,0.00000000,0.00,0,0,0.27,-0.035,1.3720,0.1960,1.7640,2.2433,0.543030,0.075439,-0.028137,0.835815,7.756,71.2,-1
1782768974.799,1439,332782,0,0.00000000,0.00000000,0.00,0,0,0.31,-0.012,0.2940,0.6370,1.2250,1.4117,0.543030,0.075439,-0.028137,0.835815,7.755,71.2,-1
1782768975.048,1440,333001,0,0.00000000,0.00000000,0.00,0,0,0.33,0.016,0.5880,-1.3720,2.8420,3.2102,0.543030,0.075500,-0.028076,0.835815,7.754,76.2,-1
1782768975.236,1441,333226,0,0.00000000,0.00000000,0.00,0,0,0.24,-0.045,0.7840,0.5390,2.5970,2.7658,0.543030,0.075562,-0.028076,0.835815,7.760,71.2,-1
1782768975.484,1442,333439,0,0.00000000,0.00000000,0.00,0,0,0.19,-0.063,-0.0490,0.7840,1.0290,1.2946,0.543030,0.075562,-0.028015,0.835815,7.759,70.0,-1
1782768975.673,1443,333666,0,0.00000000,0.00000000,0.00,0,0,0.21,-0.033,0.2940,0.4410,2.1070,2.1726,0.543030,0.075623,-0.028015,0.835815,7.758,71.2,-1
1782768975.920,1444,333890,0,0.00000000,0.00000000,0.00,0,0,0.26,-0.012,0.6860,0.7350,2.8910,3.0608,0.543030,0.075623,-0.028076,0.835815,7.759,73.8,-1
1782768976.170,1445,334117,0,0.00000000,0.00000000,0.00,0,0,0.25,0.000,0.2450,0.9800,1.2740,1.6259,0.543030,0.075623,-0.028076,0.835815,7.759,68.8,-1
1782768976.358,1446,334339,0,0.00000000,0.00000000,0.00,0,0,0.38,0.060,0.6860,0.1960,2.8420,2.9302,0.543030,0.075684,-0.028076,0.835815,7.759,71.2,-1
1782768976.605,1447,334556,0,0.00000000,0.00000000,0.00,0,0,0.31,0.025,0.2450,1.2250,1.4700,1.9291,0.543030,0.075684,-0.028015,0.835815,7.758,73.8,-1
1782768976.791,1448,334775,0,0.00000000,0.00000000,0.00,0,0,0.22,-0.042,0.7840,1.0780,1.2250,1.8103,0.543030,0.075623,-0.028015,0.835815,7.756,73.8,-1
1782768977.041,1449,335000,0,0.00000000,0.00000000,0.00,0,0,0.25,-0.013,-0.0490,0.8330,2.0580,2.2207,0.543030,0.075684,-0.028015,0.835815,7.756,72.5,-1
1782768977.229,1450,335220,0,0.00000000,0.00000000,0.00,0,0,0.36,0.059,0.3920,0.5880,1.9110,2.0375,0.543030,0.075745,-0.028015,0.835815,7.758,76.2,-1
1782768977.479,1451,335460,0,0.00000000,0.00000000,0.00,0,0,0.31,0.017,-0.1960,0.5390,0.8330,1.0113,0.543030,0.075745,-0.028015,0.835815,7.756,75.0,-1
1782768977.730,1452,335680,0,0.00000000,0.00000000,0.00,0,0,0.35,0.044,0.2940,0.7840,1.7150,1.9085,0.543030,0.075745,-0.028015,0.835815,7.758,71.2,-1
1782768977.915,1453,335899,0,0.00000000,0.00000000,0.00,0,0,0.24,-0.046,-0.0980,0.8330,1.6170,1.8216,0.543030,0.075745,-0.028015,0.835815,7.754,77.5,-1
1782768978.164,1454,336120,0,0.00000000,0.00000000,0.00,0,0,0.40,0.055,0.2450,0.7350,1.3720,1.5756,0.543030,0.075623,-0.028076,0.835815,7.755,73.8,-1
1782768978.349,1455,336343,0,0.00000000,0.00000000,0.00,0,0,0.33,0.005,0.5880,0.3920,1.6660,1.8097,0.543030,0.075623,-0.028076,0.835815,7.756,73.8,-1
1782768978.601,1456,336555,0,0.00000000,0.00000000,0.00,0,0,0.26,-0.045,0.1960,1.5680,1.0290,1.8857,0.543030,0.075684,-0.028076,0.835815,7.756,75.0,-1
1782768978.789,1457,336782,0,0.00000000,0.00000000,0.00,0,0,0.34,-0.010,0.1470,1.0780,1.9110,2.1990,0.543030,0.075684,-0.028076,0.835815,7.755,72.5,-1
1782768979.037,1458,337003,0,0.00000000,0.00000000,0.00,0,0,0.38,0.010,0.3920,0.5880,0.9800,1.2082,0.543030,0.075684,-0.028137,0.835815,7.755,71.2,-1
1782768979.286,1459,337224,0,0.00000000,0.00000000,0.00,0,0,0.29,-0.052,0.0980,0.3430,1.2250,1.2759,0.543030,0.075745,-0.028137,0.835815,7.755,73.8,-1
1782768979.471,1460,337467,0,0.00000000,0.00000000,0.00,0,0,0.39,-0.004,0.7840,0.3430,0.9310,1.2645,0.543030,0.075684,-0.028076,0.835815,7.756,72.5,-1
1782768979.718,1461,337692,0,0.00000000,0.00000000,0.00,0,0,0.52,0.062,0.8330,0.7350,1.7150,2.0434,0.543030,0.075745,-0.028076,0.835815,7.754,82.5,-1
1782768979.967,1462,337919,0,0.00000000,0.00000000,0.00,0,0,0.46,0.015,0.4410,0.6860,1.8620,2.0328,0.543030,0.075684,-0.028015,0.835815,7.754,76.2,-1
1782768980.154,1463,338142,0,0.00000000,0.00000000,0.00,0,0,0.42,-0.013,0.5390,0.5390,1.8130,1.9667,0.542969,0.075806,-0.028015,0.835815,7.754,76.2,-1
1782768980.403,1464,338364,0,0.00000000,0.00000000,0.00,0,0,0.40,-0.010,0.2450,0.6370,1.1270,1.3175,0.542908,0.075806,-0.027954,0.835876,7.755,77.5,-1
1782768980.589,1465,338584,0,0.00000000,0.00000000,0.00,0,0,0.52,0.056,0.1960,0.3920,0.9800,1.0735,0.542908,0.075806,-0.028015,0.835876,7.759,75.0,-1
1782768980.837,1466,338804,0,0.00000000,0.00000000,0.00,0,0,0.50,0.027,0.3920,0.5880,1.3720,1.5433,0.542969,0.075745,-0.028015,0.835876,7.755,76.2,-1
1782768981.085,1467,339029,0,0.00000000,0.00000000,0.00,0,0,0.56,0.069,-0.0490,0.6860,1.2740,1.4478,0.542908,0.075806,-0.027954,0.835876,7.756,71.2,-1
1782768981.272,1468,339247,0,0.00000000,0.00000000,0.00,0,0,0.59,0.078,0.1960,0.8330,0.9310,1.2645,0.542908,0.075806,-0.027954,0.835876,7.759,71.2,-1
1782768981.520,1469,339465,0,0.00000000,0.00000000,0.00,0,0,0.43,-0.017,0.0980,0.7350,0.8330,1.1152,0.542908,0.075806,-0.027954,0.835876,7.756,73.8,-1
1782768981.705,1470,339692,0,0.00000000,0.00000000,0.00,0,0,0.45,-0.001,0.0490,0.6370,1.5680,1.6932,0.542908,0.075745,-0.027954,0.835876,7.755,77.5,-1
1782768981.955,1471,339918,0,0.00000000,0.00000000,0.00,0,0,0.36,-0.075,0.0000,0.6860,1.5680,1.7115,0.542908,0.075745,-0.027954,0.835876,7.751,76.2,-1
1782768982.204,1472,340141,0,0.00000000,0.00000000,0.00,0,0,0.36,-0.067,0.9800,1.1270,2.5970,2.9958,0.545227,0.075623,-0.028198,0.834412,7.758,76.2,-1
1782768982.392,1473,340359,0,0.00000000,0.00000000,0.00,0,0,0.30,-0.101,0.1470,0.9800,2.0090,2.2401,0.545227,0.075623,-0.028198,0.834412,7.755,80.0,-1
1782768982.578,1474,340570,0,0.00000000,0.00000000,0.00,0,0,0.39,-0.065,0.1960,0.5880,1.8620,1.9624,0.545227,0.075623,-0.028198,0.834351,7.756,75.0,-1
1782768982.827,1475,340793,0,0.00000000,0.00000000,0.00,0,0,0.43,-0.036,0.0980,0.3430,1.2740,1.3230,0.545227,0.075623,-0.028198,0.834351,7.759,76.2,-1
1782768983.013,1476,341011,0,0.00000000,0.00000000,0.00,0,0,0.42,-0.041,0.2450,1.1760,2.3030,2.5975,0.545227,0.075623,-0.028198,0.834351,7.759,72.5,-1
1782768983.263,1477,341231,0,0.00000000,0.00000000,0.00,0,0,0.44,-0.015,0.8820,0.6370,1.4700,1.8288,0.545227,0.075623,-0.028198,0.834351,7.758,75.0,-1
1782768983.449,1478,341444,0,0.00000000,0.00000000,0.00,0,0,0.41,-0.043,0.3920,0.4900,0.9310,1.1227,0.545227,0.075623,-0.028198,0.834412,7.758,72.5,-1
1782768983.700,1479,341663,0,0.00000000,0.00000000,0.00,0,0,0.38,-0.058,0.3920,0.1470,1.9110,1.9563,0.545227,0.075623,-0.028198,0.834412,7.756,72.5,-1
1782768983.948,1480,341886,0,0.00000000,0.00000000,0.00,0,0,0.30,-0.089,-0.0490,0.3430,0.1470,0.3764,0.545227,0.075562,-0.028259,0.834412,7.756,75.0,-1
1782768984.136,1481,342106,0,0.00000000,0.00000000,0.00,0,0,0.40,-0.023,0.3430,0.2940,1.3720,1.4445,0.545227,0.075623,-0.028259,0.834412,7.759,72.5,-1
1782768984.385,1482,342329,0,0.00000000,0.00000000,0.00,0,0,0.27,-0.106,0.0490,1.4700,1.6170,2.1859,0.545227,0.075562,-0.028320,0.834412,7.758,75.0,-1
1782768984.572,1483,342548,0,0.00000000,0.00000000,0.00,0,0,0.18,-0.155,0.5390,0.2940,2.0580,2.1476,0.545227,0.075562,-0.028381,0.834412,7.758,72.5,-1
1782768984.822,1484,342775,0,0.00000000,0.00000000,0.00,0,0,0.19,-0.131,0.2450,0.1960,1.8130,1.8399,0.545227,0.075562,-0.028320,0.834412,7.755,72.5,-1
1782768985.009,1485,342996,0,0.00000000,0.00000000,0.00,0,0,0.30,-0.072,-0.1470,0.8820,1.1760,1.4773,0.545227,0.075562,-0.028320,0.834412,7.755,73.8,-1
1782768985.259,1486,343217,0,0.00000000,0.00000000,0.00,0,0,0.43,0.032,0.3920,0.2450,1.2740,1.3553,0.545227,0.075623,-0.028320,0.834412,7.755,78.8,-1
1782768985.509,1487,343459,0,0.00000000,0.00000000,0.00,0,0,0.39,0.012,0.3430,0.4410,2.3520,2.4174,0.545227,0.075623,-0.028320,0.834412,7.755,75.0,-1
1782768985.696,1488,343680,0,0.00000000,0.00000000,0.00,0,0,0.28,-0.069,0.3430,0.5390,1.5190,1.6479,0.545227,0.075562,-0.028259,0.834412,7.756,72.5,-1
1782768985.944,1489,343895,0,0.00000000,0.00000000,0.00,0,0,0.29,-0.056,0.2940,0.1470,1.3720,1.4108,0.545227,0.075623,-0.028259,0.834412,7.754,72.5,-1
1782768986.129,1490,344119,0,0.00000000,0.00000000,0.00,0,0,0.45,0.033,0.3920,0.8330,1.6170,1.8607,0.545227,0.075623,-0.028259,0.834412,7.754,73.8,-1
1782768986.381,1491,344344,0,0.00000000,0.00000000,0.00,0,0,0.39,0.006,0.1960,0.6370,1.5190,1.6588,0.545227,0.075623,-0.028259,0.834412,7.755,73.8,-1
1782768986.568,1492,344562,0,0.00000000,0.00000000,0.00,0,0,0.39,-0.006,0.6370,0.4900,1.3230,1.5480,0.545227,0.075623,-0.028259,0.834412,7.756,78.8,-1
1782768986.818,1493,344784,0,0.00000000,0.00000000,0.00,0,0,0.26,-0.080,0.1470,0.4900,1.3720,1.4643,0.545227,0.075623,-0.028320,0.834412,7.756,73.8,-1
1782768987.067,1494,345009,0,0.00000000,0.00000000,0.00,0,0,0.26,-0.086,0.2940,0.8330,1.6170,1.8426,0.545227,0.075623,-0.028259,0.834412,7.751,77.5,-1
1782768987.252,1495,345234,0,0.00000000,0.00000000,0.00,0,0,0.40,0.006,0.3920,0.7350,1.9600,2.1297,0.545227,0.075562,-0.028320,0.834412,7.758,71.2,-1
1782768987.500,1496,345454,0,0.00000000,0.00000000,0.00,0,0,0.24,-0.098,0.1960,0.7350,1.3230,1.5261,0.545227,0.075562,-0.028320,0.834412,7.759,73.8,-1
1782768987.687,1497,345672,0,0.00000000,0.00000000,0.00,0,0,0.27,-0.092,0.6370,0.3920,1.4210,1.6058,0.545227,0.075623,-0.028259,0.834412,7.755,76.2,-1
1782768987.936,1498,345893,0,0.00000000,0.00000000,0.00,0,0,0.31,-0.070,1.6660,-0.3430,3.3320,3.7410,0.545227,0.075562,-0.028320,0.834412,7.759,78.8,-1
1782768988.121,1499,346113,0,0.00000000,0.00000000,0.00,0,0,0.35,-0.033,0.0980,0.7350,1.6170,1.7789,0.545227,0.075500,-0.028381,0.834412,7.759,78.8,-1
1782768988.369,1500,346337,0,0.00000000,0.00000000,0.00,0,0,0.31,-0.046,0.3430,0.6370,1.8620,1.9976,0.545227,0.075562,-0.028381,0.834412,7.755,77.5,-1
1782768988.556,1501,346554,0,0.00000000,0.00000000,0.00,0,0,0.30,-0.036,-0.1960,1.3230,1.1270,1.7490,0.545227,0.075562,-0.028320,0.834412,7.755,71.2,-1
1782768988.804,1502,346774,0,0.00000000,0.00000000,0.00,0,0,0.27,-0.045,0.2450,0.7350,2.0090,2.1532,0.545227,0.075623,-0.028320,0.834412,7.754,78.8,-1
1782768989.052,1503,346997,0,0.00000000,0.00000000,0.00,0,0,0.30,-0.027,0.2940,0.6860,1.1760,1.3928,0.545227,0.075562,-0.028259,0.834412,7.754,78.8,-1
1782768989.238,1504,347216,0,0.00000000,0.00000000,0.00,0,0,0.29,-0.028,0.4900,0.4410,0.8820,1.1011,0.545227,0.075500,-0.028198,0.834412,7.753,80.0,-1
1782768989.487,1505,347460,0,0.00000000,0.00000000,0.00,0,0,0.34,-0.011,0.9800,0.8820,2.0090,2.4030,0.545227,0.075562,-0.028198,0.834412,7.756,76.2,-1
1782768989.736,1506,347688,0,0.00000000,0.00000000,0.00,0,0,0.32,-0.025,0.0980,0.3430,1.5190,1.5603,0.545227,0.075562,-0.028198,0.834412,7.760,71.2,-1
1782768989.925,1507,347909,0,0.00000000,0.00000000,0.00,0,0,0.41,0.015,0.1960,0.8330,1.1270,1.4151,0.545227,0.075562,-0.028198,0.834412,7.753,78.8,-1
1782768990.175,1508,348130,0,0.00000000,0.00000000,0.00,0,0,0.44,0.004,0.0490,0.6860,1.7640,1.8933,0.545227,0.075623,-0.028198,0.834412,7.759,76.2,-1
1782768990.361,1509,348351,0,0.00000000,0.00000000,0.00,0,0,0.56,0.071,-0.0490,0.6860,1.7150,1.8478,0.545227,0.075623,-0.028198,0.834412,7.755,73.8,-1
1782768990.610,1510,348567,0,0.00000000,0.00000000,0.00,0,0,0.47,-0.006,0.3920,0.9310,0.8330,1.3093,0.545227,0.075623,-0.028198,0.834412,7.754,75.0,-1
1782768990.798,1511,348792,0,0.00000000,0.00000000,0.00,0,0,0.43,-0.019,0.0490,1.0780,1.3720,1.7455,0.545227,0.075623,-0.028198,0.834412,7.760,70.0,-1
1782768991.049,1512,349014,0,0.00000000,0.00000000,0.00,0,0,0.43,-0.012,0.2450,0.1960,1.8620,1.8882,0.545227,0.075623,-0.028198,0.834412,7.759,71.2,-1
1782768991.296,1513,349238,0,0.00000000,0.00000000,0.00,0,0,0.45,0.009,0.2940,0.5880,1.8620,1.9746,0.545227,0.075623,-0.028198,0.834412,7.753,77.5,-1
1782768991.479,1514,349455,0,0.00000000,0.00000000,0.00,0,0,0.48,0.002,0.3430,0.6370,1.7640,1.9066,0.545227,0.075623,-0.028198,0.834412,7.759,68.8,-1
1782768991.727,1515,349681,0,0.00000000,0.00000000,0.00,0,0,0.56,0.050,0.5390,0.3920,1.6170,1.7490,0.545227,0.075623,-0.028198,0.834412,7.753,76.2,-1
1782768991.916,1516,349901,0,0.00000000,0.00000000,0.00,0,0,0.62,0.066,0.2940,0.4410,2.6460,2.6986,0.545227,0.075623,-0.028198,0.834412,7.753,76.2,-1
1782768992.164,1517,350121,0,0.00000000,0.00000000,0.00,0,0,0.54,0.010,0.2940,0.4900,1.2250,1.3517,0.545227,0.075623,-0.028198,0.834412,7.755,77.5,-1
1782768992.349,1518,350345,0,0.00000000,0.00000000,0.00,0,0,0.57,0.016,0.5390,0.7350,1.9600,2.1616,0.545227,0.075623,-0.028198,0.834412,7.756,71.2,-1
1782768992.601,1519,350563,0,0.00000000,0.00000000,0.00,0,0,0.35,-0.135,0.0000,0.8330,1.4210,1.6472,0.545227,0.075684,-0.028198,0.834351,7.754,76.2,-1
1782768992.787,1520,350785,0,0.00000000,0.00000000,0.00,0,0,0.44,-0.089,-0.5390,1.7640,0.0980,1.8471,0.545227,0.075623,-0.028198,0.834351,7.756,71.2,-1
1782768993.037,1521,351004,0,0.00000000,0.00000000,0.00,0,0,0.42,-0.093,0.0490,0.0000,1.4210,1.4218,0.545227,0.075623,-0.028198,0.834412,7.756,76.2,-1
1782768993.284,1522,351223,0,0.00000000,0.00000000,0.00,0,0,0.56,0.014,0.2450,0.7840,1.2740,1.5158,0.545227,0.075623,-0.028198,0.834412,7.756,77.5,-1
1782768993.472,1523,351439,0,0.00000000,0.00000000,0.00,0,0,0.52,-0.018,0.1470,0.5880,1.7150,1.8189,0.545227,0.075623,-0.028198,0.834412,7.758,68.8,-1
1782768993.723,1524,351664,0,0.00000000,0.00000000,0.00,0,0,0.51,-0.049,-0.4900,1.1760,1.3230,1.8367,0.545227,0.075623,-0.028198,0.834351,7.753,75.0,-1
1782768993.909,1525,351887,0,0.00000000,0.00000000,0.00,0,0,0.43,-0.095,0.5880,0.4410,2.0580,2.1853,0.545227,0.075684,-0.028198,0.834351,7.756,73.8,-1
1782768994.156,1526,352110,0,0.00000000,0.00000000,0.00,0,0,0.49,-0.054,-0.1960,0.7840,1.7640,1.9403,0.545227,0.075684,-0.028198,0.834351,7.755,72.5,-1
1782768994.344,1527,352327,0,0.00000000,0.00000000,0.00,0,0,0.52,-0.033,0.2450,0.8330,1.9110,2.0990,0.545227,0.075684,-0.028198,0.834351,7.753,73.8,-1
1782768994.592,1528,352540,0,0.00000000,0.00000000,0.00,0,0,0.39,-0.110,-0.0490,0.3920,1.6660,1.7122,0.545227,0.075745,-0.028137,0.834351,7.759,67.5,-1
1782768994.778,1529,352757,0,0.00000000,0.00000000,0.00,0,0,0.47,-0.033,-0.1470,1.1270,1.0290,1.5332,0.545227,0.075684,-0.028137,0.834351,7.756,73.8,-1
1782768995.028,1530,352979,0,0.00000000,0.00000000,0.00,0,0,0.55,0.021,-0.3430,1.1760,1.3720,1.8393,0.545227,0.075684,-0.028198,0.834351,7.758,70.0,-1
1782768995.217,1531,353201,0,0.00000000,0.00000000,0.00,0,0,0.50,-0.019,0.6370,-0.6370,2.2050,2.3819,0.545288,0.075562,-0.028259,0.834351,7.758,71.2,-1
1782768995.467,1532,353448,0,0.00000000,0.00000000,0.00,0,0,0.39,-0.105,0.8820,0.9800,2.0090,2.4030,0.545288,0.075623,-0.028259,0.834351,7.755,75.0,-1
1782768995.716,1533,353671,0,0.00000000,0.00000000,0.00,0,0,0.48,-0.032,0.1960,0.1470,1.7150,1.7324,0.545288,0.075623,-0.028259,0.834351,7.753,73.8,-1
1782768995.901,1534,353891,0,0.00000000,0.00000000,0.00,0,0,0.52,0.009,0.7840,0.7350,2.3520,2.5859,0.545227,0.075623,-0.028320,0.834412,7.756,77.5,-1
1782768996.147,1535,354114,0,0.00000000,0.00000000,0.00,0,0,0.54,0.028,0.4900,0.1470,2.1560,2.2159,0.545227,0.075623,-0.028320,0.834412,7.754,72.5,-1
1782768996.399,1536,354340,0,0.00000000,0.00000000,0.00,0,0,0.58,0.045,0.1960,1.0290,1.8130,2.0939,0.545227,0.075623,-0.028320,0.834412,7.756,73.8,-1
1782768996.585,1537,354552,0,0.00000000,0.00000000,0.00,0,0,0.46,-0.000,0.1960,0.8820,1.1270,1.4445,0.545227,0.075623,-0.028259,0.834412,7.751,76.2,-1
1782768996.773,1538,354771,0,0.00000000,0.00000000,0.00,0,0,0.44,-0.020,0.3430,0.7840,1.4700,1.7009,0.545227,0.075623,-0.028259,0.834412,7.751,76.2,-1
1782768997.020,1539,354996,0,0.00000000,0.00000000,0.00,0,0,0.49,0.022,-1.0780,1.2740,1.2740,2.0996,0.545227,0.075684,-0.028259,0.834412,7.760,72.5,-1
1782768997.268,1540,355223,0,0.00000000,0.00000000,0.00,0,0,0.43,-0.034,0.2940,0.8330,1.5680,1.7997,0.545227,0.075684,-0.028259,0.834412,7.756,73.8,-1
1782768997.455,1541,355439,0,0.00000000,0.00000000,0.00,0,0,0.40,-0.042,0.1470,0.4410,1.7640,1.8242,0.545227,0.075684,-0.028259,0.834351,7.759,71.2,-1
1782768997.704,1542,355662,0,0.00000000,0.00000000,0.00,0,0,0.44,0.000,0.0980,-0.0980,1.3230,1.3302,0.545227,0.075684,-0.028259,0.834351,7.758,75.0,-1
1782768997.893,1543,355888,0,0.00000000,0.00000000,0.00,0,0,0.48,0.016,0.8330,0.5390,2.4500,2.6433,0.545227,0.075684,-0.028259,0.834412,7.759,68.8,-1
1782768998.142,1544,356113,0,0.00000000,0.00000000,0.00,0,0,0.57,0.074,0.1960,0.8330,1.5190,1.7435,0.545227,0.075684,-0.028320,0.834412,7.756,73.8,-1
1782768998.390,1545,356336,0,0.00000000,0.00000000,0.00,0,0,0.65,0.124,0.3920,0.7350,1.3230,1.5634,0.545227,0.075623,-0.028259,0.834412,7.758,72.5,-1
1782768998.578,1546,356552,0,0.00000000,0.00000000,0.00,0,0,0.58,0.087,0.2940,0.4410,0.7840,0.9463,0.545227,0.075623,-0.028259,0.834412,7.759,73.8,-1
1782768998.826,1547,356778,0,0.00000000,0.00000000,0.00,0,0,0.65,0.121,0.8330,0.4410,1.6170,1.8716,0.545227,0.075623,-0.028259,0.834412,7.759,77.5,-1
1782768999.011,1548,356994,0,0.00000000,0.00000000,0.00,0,0,0.62,0.076,0.3430,1.3720,0.8330,1.6413,0.545227,0.075623,-0.028259,0.834412,7.760,72.5,-1
1782768999.259,1549,357221,0,0.00000000,0.00000000,0.00,0,0,0.45,-0.063,0.4900,0.2450,1.4700,1.5688,0.545227,0.075623,-0.028259,0.834412,7.759,75.0,-1
1782768999.507,1550,357465,0,0.00000000,0.00000000,0.00,0,0,0.54,-0.006,0.6860,0.6860,1.9110,2.1432,0.545227,0.075623,-0.028320,0.834412,7.755,75.0,-1
1782768999.756,1551,357692,0,0.00000000,0.00000000,0.00,0,0,0.62,0.025,0.1470,0.3430,1.5190,1.5642,0.545227,0.075562,-0.028381,0.834412,7.756,76.2,-1
1782768999.945,1552,357912,0,0.00000000,0.00000000,0.00,0,0,0.63,0.047,0.0000,0.6860,1.0780,1.2778,0.545227,0.075562,-0.028381,0.834412,7.753,77.5,-1
1782769000.193,1553,358133,0,0.00000000,0.00000000,0.00,0,0,0.64,0.057,0.3920,0.1960,1.2740,1.3473,0.545227,0.075500,-0.028442,0.834412,7.756,78.8,-1
1782769000.379,1554,358350,0,0.00000000,0.00000000,0.00,0,0,0.53,-0.005,0.2450,0.5390,1.8130,1.9072,0.545227,0.075562,-0.028381,0.834412,7.756,75.0,-1
1782769000.567,1555,358560,0,0.00000000,0.00000000,0.00,0,0,0.57,0.013,0.0000,0.9800,2.2050,2.4130,0.545227,0.075562,-0.028381,0.834412,7.753,71.2,-1
1782769000.814,1556,358783,0,0.00000000,0.00000000,0.00,0,0,0.56,0.006,-0.5390,0.9800,0.5880,1.2636,0.545227,0.075684,-0.028320,0.834412,7.755,73.8,-1
1782769001.063,1557,359007,0,0.00000000,0.00000000,0.00,0,0,0.64,0.032,0.0000,0.5390,1.3230,1.4286,0.545227,0.075684,-0.028320,0.834412,7.755,76.2,-1
1782769001.249,1558,359234,0,0.00000000,0.00000000,0.00,0,0,0.52,-0.042,0.8820,0.3430,2.1070,2.3098,0.545227,0.075745,-0.028320,0.834351,7.758,72.5,-1
1782769001.497,1559,359449,0,0.00000000,0.00000000,0.00,0,0,0.50,-0.062,0.2940,0.6370,1.5190,1.6732,0.545227,0.075806,-0.028381,0.834351,7.756,76.2,-1
1782769001.684,1560,359675,0,0.00000000,0.00000000,0.00,0,0,0.60,0.009,0.1960,0.8330,1.5680,1.7863,0.545227,0.075867,-0.028381,0.834351,7.758,76.2,-1
1782769001.930,1561,359895,0,0.00000000,0.00000000,0.00,0,0,0.54,-0.027,0.1960,0.5880,1.2250,1.3729,0.545227,0.075806,-0.028320,0.834351,7.756,75.0,-1
1782769002.118,1562,360114,0,0.00000000,0.00000000,0.00,0,0,0.59,-0.002,0.3920,0.5390,0.8330,1.0668,0.545227,0.075806,-0.028320,0.834351,7.756,75.0,-1
1782769002.367,1563,360337,0,0.00000000,0.00000000,0.00,0,0,0.55,-0.032,0.3430,0.6860,1.3720,1.5718,0.545227,0.075745,-0.028259,0.834351,7.755,80.0,-1
1782769002.555,1564,360551,0,0.00000000,0.00000000,0.00,0,0,0.48,-0.054,-0.0980,0.4900,0.9310,1.0566,0.545227,0.075745,-0.028259,0.834351,7.755,75.0,-1
1782769002.804,1565,360777,0,0.00000000,0.00000000,0.00,0,0,0.54,0.005,0.0490,0.7350,0.6860,1.0066,0.545227,0.075745,-0.028259,0.834351,7.756,77.5,-1
1782769003.053,1566,360999,0,0.00000000,0.00000000,0.00,0,0,0.64,0.064,0.2940,0.6860,1.7150,1.8704,0.545227,0.075745,-0.028259,0.834351,7.759,67.5,-1
1782769003.237,1567,361217,0,0.00000000,0.00000000,0.00,0,0,0.63,0.066,0.1470,0.5390,1.7150,1.8037,0.545227,0.075684,-0.028259,0.834351,7.755,80.0,-1
1782769003.498,1568,361461,0,0.00000000,0.00000000,0.00,0,0,0.60,0.041,1.8620,1.6660,3.0870,3.9714,0.545227,0.075684,-0.028259,0.834351,7.758,71.2,-1
1782769003.685,1569,361678,0,0.00000000,0.00000000,0.00,0,0,0.60,0.040,0.4410,0.7350,1.9110,2.0944,0.545227,0.075684,-0.028198,0.834351,7.756,72.5,-1
1782769003.933,1570,361901,0,0.00000000,0.00000000,0.00,0,0,0.64,0.058,0.4900,0.3920,1.7150,1.8262,0.545227,0.075684,-0.028198,0.834351,7.758,73.8,-1
1782769004.182,1571,362122,0,0.00000000,0.00000000,0.00,0,0,0.53,0.003,0.1470,1.4700,1.3230,1.9831,0.545227,0.075684,-0.028198,0.834351,7.756,73.8,-1
1782769004.370,1572,362341,0,0.00000000,0.00000000,0.00,0,0,0.64,0.056,0.3430,0.5880,1.3720,1.5316,0.545227,0.075684,-0.028198,0.834412,7.755,76.2,-1
1782769004.557,1573,362553,0,0.00000000,0.00000000,0.00,0,0,0.54,-0.031,0.2450,0.6860,1.6660,1.8183,0.545227,0.075684,-0.028198,0.834412,7.754,78.8,-1
1782769004.807,1574,362782,0,0.00000000,0.00000000,0.00,0,0,0.63,0.031,0.3430,0.4410,1.1270,1.2579,0.545227,0.075684,-0.028259,0.834412,7.756,77.5,-1
1782769005.053,1575,363003,0,0.00000000,0.00000000,0.00,0,0,0.66,0.061,0.2450,0.2940,1.5190,1.5665,0.545227,0.075684,-0.028320,0.834351,7.754,73.8,-1
1782769005.237,1576,363224,0,0.00000000,0.00000000,0.00,0,0,0.70,0.064,0.0000,1.1270,1.4700,1.8523,0.545227,0.075806,-0.028320,0.834351,7.756,75.0,-1
1782769005.487,1577,363465,0,0.00000000,0.00000000,0.00,0,0,0.65,0.045,0.0490,0.7350,1.6170,1.7769,0.545227,0.075867,-0.028381,0.834351,7.755,72.5,-1
1782769005.736,1578,363687,0,0.00000000,0.00000000,0.00,0,0,0.59,0.015,0.8330,0.5390,1.0780,1.4651,0.545227,0.075867,-0.028381,0.834351,7.755,72.5,-1
1782769005.922,1579,363914,0,0.00000000,0.00000000,0.00,0,0,0.50,-0.039,0.3920,0.7350,1.4210,1.6472,0.545227,0.075928,-0.028381,0.834351,7.749,77.5,-1
1782769006.172,1580,364141,0,0.00000000,0.00000000,0.00,0,0,0.60,0.019,0.2940,0.4410,2.4500,2.5067,0.545227,0.075867,-0.028381,0.834351,7.755,76.2,-1
1782769006.420,1581,364368,0,0.00000000,0.00000000,0.00,0,0,0.60,0.025,0.4410,0.3430,1.1760,1.3020,0.545227,0.075867,-0.028320,0.834351,7.756,72.5,-1
1782769006.606,1582,364585,0,0.00000000,0.00000000,0.00,0,0,0.63,0.046,0.6370,0.6370,1.3720,1.6413,0.545227,0.075806,-0.028320,0.834351,7.753,76.2,-1
1782769006.854,1583,364808,0,0.00000000,0.00000000,0.00,0,0,0.61,0.027,-0.3920,0.8330,0.7350,1.1780,0.545227,0.075806,-0.028259,0.834351,7.756,72.5,-1
1782769007.040,1584,365009,0,0.00000000,0.00000000,0.00,0,0,0.59,0.007,-0.2940,0.7840,1.6170,1.8209,0.545227,0.075745,-0.028320,0.834351,7.758,73.8,-1
1782769007.289,1585,365226,0,0.00000000,0.00000000,0.00,0,0,0.54,-0.013,0.0000,0.8820,1.0780,1.3928,0.545227,0.075684,-0.028320,0.834412,7.754,73.8,-1
1782769007.477,1586,365442,0,0.00000000,0.00000000,0.00,0,0,0.66,0.042,0.1960,0.4410,1.5680,1.6406,0.545227,0.075684,-0.028320,0.834412,7.754,76.2,-1
1782769007.725,1587,365667,0,0.00000000,0.00000000,0.00,0,0,0.51,-0.042,1.1270,-0.1470,3.0870,3.2896,0.545227,0.075684,-0.028259,0.834412,7.754,77.5,-1
1782769007.910,1588,365889,0,0.00000000,0.00000000,0.00,0,0,0.51,-0.039,0.3430,0.9310,0.8820,1.3275,0.545227,0.075684,-0.028320,0.834351,7.754,73.8,-1
1782769008.156,1589,366108,0,0.00000000,0.00000000,0.00,0,0,0.48,-0.047,-0.2940,0.6860,1.1270,1.3517,0.545227,0.075745,-0.028320,0.834351,7.758,75.0,-1
1782769008.342,1590,366331,0,0.00000000,0.00000000,0.00,0,0,0.46,-0.057,0.8330,0.2450,1.7640,1.9661,0.545227,0.075684,-0.028320,0.834412,7.755,75.0,-1
1782769008.592,1591,366545,0,0.00000000,0.00000000,0.00,0,0,0.48,-0.020,0.1960,0.4410,1.8130,1.8761,0.545227,0.075623,-0.028381,0.834412,7.756,75.0,-1
1782769008.795,1592,366772,0,0.00000000,0.00000000,0.00,0,0,0.55,0.027,-0.0980,0.6370,1.0290,1.2142,0.545227,0.075623,-0.028320,0.834412,7.754,72.5,-1
1782769009.044,1593,366991,0,0.00000000,0.00000000,0.00,0,0,0.50,-0.006,0.2450,0.1470,1.8130,1.8354,0.545227,0.075623,-0.028320,0.834412,7.753,75.0,-1
1782769009.230,1594,367213,0,0.00000000,0.00000000,0.00,0,0,0.60,0.078,1.1760,-0.3430,2.5970,2.8714,0.545227,0.075684,-0.028381,0.834351,7.759,75.0,-1
1782769009.479,1595,367457,0,0.00000000,0.00000000,0.00,0,0,0.55,0.059,0.1960,0.7840,1.8620,2.0298,0.545227,0.075684,-0.028381,0.834351,7.756,75.0,-1
1782769009.728,1596,367686,0,0.00000000,0.00000000,0.00,0,0,0.56,0.038,0.0490,0.9800,1.4700,1.7674,0.545227,0.075684,-0.028320,0.834412,7.756,75.0,-1
1782769009.914,1597,367907,0,0.00000000,0.00000000,0.00,0,0,0.66,0.096,1.2250,0.1960,3.5770,3.7860,0.545227,0.075684,-0.028320,0.834412,7.749,81.2,-1
1782769010.163,1598,368132,0,0.00000000,0.00000000,0.00,0,0,0.61,0.040,0.1470,0.7840,1.3230,1.5449,0.545227,0.075684,-0.028259,0.834351,7.754,77.5,-1
1782769010.411,1599,368355,0,0.00000000,0.00000000,0.00,0,0,0.68,0.070,0.0490,0.8820,1.9600,2.1499,0.545227,0.075684,-0.028259,0.834351,7.758,71.2,-1
1782769010.598,1600,368570,0,0.00000000,0.00000000,0.00,0,0,0.60,0.031,0.0000,0.9310,0.6370,1.1281,0.545227,0.075684,-0.028259,0.834351,7.753,75.0,-1
1782769010.848,1601,368798,0,0.00000000,0.00000000,0.00,0,0,0.51,-0.037,0.5880,-0.1960,1.3230,1.4610,0.545227,0.075684,-0.028259,0.834351,7.756,72.5,-1
1782769011.036,1602,369016,0,0.00000000,0.00000000,0.00,0,0,0.62,0.004,0.3920,0.3920,1.4700,1.5711,0.545227,0.075684,-0.028259,0.834351,7.754,77.5,-1
1782769011.287,1603,369236,0,0.00000000,0.00000000,0.00,0,0,0.57,-0.041,-0.2450,0.3430,0.7350,0.8473,0.545227,0.075684,-0.028259,0.834412,7.756,80.0,-1
1782769011.473,1604,369451,0,0.00000000,0.00000000,0.00,0,0,0.63,0.008,-0.5390,0.6860,0.1960,0.8942,0.545227,0.075684,-0.028198,0.834412,7.755,76.2,-1
1782769011.659,1605,369651,0,0.00000000,0.00000000,0.00,0,0,0.57,-0.028,0.5390,1.1270,2.2540,2.5770,0.545227,0.075684,-0.028198,0.834412,7.758,72.5,-1
1782769011.906,1606,369874,0,0.00000000,0.00000000,0.00,0,0,0.64,0.003,0.3920,0.7840,1.8130,2.0138,0.545227,0.075684,-0.028198,0.834351,7.758,75.0,-1
1782769012.154,1607,370100,0,0.00000000,0.00000000,0.00,0,0,0.48,-0.096,0.1470,1.0290,1.3720,1.7213,0.545227,0.075684,-0.028198,0.834351,7.759,68.8,-1
1782769012.342,1608,370320,0,0.00000000,0.00000000,0.00,0,0,0.57,-0.026,0.2450,1.0290,1.8130,2.0990,0.545227,0.075745,-0.028259,0.834351,7.760,75.0,-1
1782769012.591,1609,370534,0,0.00000000,0.00000000,0.00,0,0,0.57,-0.011,0.4410,0.8820,1.1760,1.5347,0.545227,0.075745,-0.028320,0.834351,7.756,76.2,-1
1782769012.778,1610,370756,0,0.00000000,0.00000000,0.00,0,0,0.54,-0.034,0.6860,0.4410,1.7640,1.9434,0.545227,0.075684,-0.028381,0.834412,7.755,77.5,-1
1782769013.028,1611,370982,0,0.00000000,0.00000000,0.00,0,0,0.52,-0.053,0.6370,1.2740,1.7640,2.2673,0.545227,0.075684,-0.028381,0.834412,7.760,71.2,-1
1782769013.213,1612,371200,0,0.00000000,0.00000000,0.00,0,0,0.53,-0.059,0.0490,1.0290,2.1560,2.3895,0.545227,0.075684,-0.028320,0.834412,7.756,72.5,-1
1782769013.460,1613,371446,0,0.00000000,0.00000000,0.00,0,0,0.44,-0.111,0.2450,0.6860,1.8130,1.9539,0.545227,0.075623,-0.028320,0.834412,7.760,70.0,-1
1782769013.708,1614,371673,0,0.00000000,0.00000000,0.00,0,0,0.55,-0.039,0.2940,0.9800,1.6660,1.9551,0.545227,0.075623,-0.028320,0.834412,7.754,73.8,-1
1782769013.956,1615,371897,0,0.00000000,0.00000000,0.00,0,0,0.54,-0.023,0.8330,0.5390,2.5480,2.7344,0.545227,0.075623,-0.028320,0.834412,7.759,75.0,-1
1782769014.144,1616,372122,0,0.00000000,0.00000000,0.00,0,0,0.62,0.011,0.6860,0.6370,1.6660,1.9110,0.545227,0.075684,-0.028259,0.834412,7.759,72.5,-1
1782769014.391,1617,372344,0,0.00000000,0.00000000,0.00,0,0,0.52,-0.069,1.3720,0.0490,2.4990,2.8513,0.545227,0.075684,-0.028259,0.834412,7.760,71.2,-1
1782769014.577,1618,372563,0,0.00000000,0.00000000,0.00,0,0,0.47,-0.094,1.1270,0.1960,2.6950,2.9277,0.545227,0.075623,-0.028320,0.834412,7.760,71.2,-1
1782769014.825,1619,372786,0,0.00000000,0.00000000,0.00,0,0,0.52,-0.051,0.8820,0.7840,3.0380,3.2591,0.545227,0.075623,-0.028381,0.834412,7.758,71.2,-1
1782769015.012,1620,373007,0,0.00000000,0.00000000,0.00,0,0,0.61,0.002,0.0490,0.9310,0.9310,1.3175,0.545227,0.075623,-0.028381,0.834412,7.758,70.0,-1
1782769015.261,1621,373225,0,0.00000000,0.00000000,0.00,0,0,0.45,-0.092,-0.2940,1.5190,1.5190,2.1682,0.545227,0.075562,-0.028381,0.834412,7.758,73.8,-1
1782769015.446,1622,373441,0,0.00000000,0.00000000,0.00,0,0,0.45,-0.085,0.3920,0.6370,2.2540,2.3749,0.545227,0.075623,-0.028381,0.834412,7.759,72.5,-1
1782769015.696,1623,373668,0,0.00000000,0.00000000,0.00,0,0,0.46,-0.064,0.7840,0.5880,3.2340,3.3792,0.545227,0.075623,-0.028320,0.834412,7.759,71.2,-1
1782769015.946,1624,373887,0,0.00000000,0.00000000,0.00,0,0,0.57,0.002,0.4900,0.6860,1.7640,1.9551,0.545227,0.075623,-0.028320,0.834412,7.758,71.2,-1
1782769016.134,1625,374109,0,0.00000000,0.00000000,0.00,0,0,0.51,-0.029,0.0980,0.2940,1.4700,1.5023,0.545227,0.075562,-0.028381,0.834412,7.758,73.8,-1
1782769016.384,1626,374331,0,0.00000000,0.00000000,0.00,0,0,0.44,-0.074,0.0490,1.1270,0.6370,1.2955,0.545227,0.075562,-0.028381,0.834412,7.758,71.2,-1
1782769016.569,1627,374548,0,0.00000000,0.00000000,0.00,0,0,0.52,-0.016,0.3920,0.5880,1.7640,1.9003,0.545227,0.075562,-0.028381,0.834412,7.755,76.2,-1
1782769016.756,1628,374748,0,0.00000000,0.00000000,0.00,0,0,0.61,0.048,0.1470,0.6370,0.8820,1.0979,0.545227,0.075562,-0.028381,0.834412,7.758,75.0,-1
1782769017.007,1629,374971,0,0.00000000,0.00000000,0.00,0,0,0.58,0.028,0.7840,0.1960,1.6170,1.8077,0.545227,0.075623,-0.028381,0.834412,7.755,75.0,-1
1782769017.208,1630,375192,0,0.00000000,0.00000000,0.00,0,0,0.53,-0.021,0.2940,0.9310,1.7640,2.0162,0.545227,0.075623,-0.028320,0.834412,7.755,73.8,-1
1782769017.473,1631,375413,0,0.00000000,0.00000000,0.00,0,0,0.59,0.014,-0.0980,0.8820,2.1070,2.2863,0.545227,0.075623,-0.028320,0.834412,7.755,77.5,-1
1782769017.660,1632,375624,0,0.00000000,0.00000000,0.00,0,0,0.51,-0.021,0.3920,0.2450,1.8620,1.9185,0.545227,0.075623,-0.028320,0.834412,7.759,70.0,-1
1782769017.907,1633,375846,0,0.00000000,0.00000000,0.00,0,0,0.57,0.010,0.0980,1.0780,-0.0490,1.0836,0.545227,0.075623,-0.028320,0.834412,7.756,73.8,-1
1782769018.089,1634,376074,0,0.00000000,0.00000000,0.00,0,0,0.58,0.013,-0.4900,0.7840,0.8820,1.2778,0.545227,0.075684,-0.028320,0.834412,7.760,67.5,-1
1782769018.337,1635,376293,0,0.00000000,0.00000000,0.00,0,0,0.68,0.096,0.7840,0.5880,3.0870,3.2388,0.545227,0.075684,-0.028259,0.834412,7.758,72.5,-1
1782769018.525,1636,376506,0,0.00000000,0.00000000,0.00,0,0,0.63,0.059,0.1960,0.7840,1.9110,2.0748,0.545227,0.075623,-0.028320,0.834412,7.753,75.0,-1
1782769018.773,1637,376732,0,0.00000000,0.00000000,0.00,0,0,0.49,-0.054,0.2450,0.7840,1.3230,1.5572,0.545227,0.075684,-0.028320,0.834412,7.759,70.0,-1
1782769018.975,1638,376955,0,0.00000000,0.00000000,0.00,0,0,0.63,0.031,0.2450,0.6370,1.3720,1.5324,0.545227,0.075684,-0.028320,0.834412,7.756,70.0,-1
1782769019.223,1639,377177,0,0.00000000,0.00000000,0.00,0,0,0.66,0.050,0.1960,0.9800,0.8820,1.3329,0.545227,0.075684,-0.028259,0.834412,7.759,68.8,-1
1782769019.409,1640,377396,0,0.00000000,0.00000000,0.00,0,0,0.71,0.071,0.1960,0.4900,1.7150,1.7944,0.545227,0.075684,-0.028259,0.834412,7.759,72.5,-1
1782769019.656,1641,377608,0,0.00000000,0.00000000,0.00,0,0,0.70,0.084,-0.1470,1.2250,1.8130,2.1930,0.545227,0.075684,-0.028259,0.834412,7.756,73.8,-1
1782769019.844,1642,377828,0,0.00000000,0.00000000,0.00,0,0,0.69,0.064,0.6370,0.3430,2.3030,2.4140,0.545227,0.075684,-0.028259,0.834351,7.758,72.5,-1
1782769020.094,1643,378047,0,0.00000000,0.00000000,0.00,0,0,0.76,0.101,0.2940,0.6860,1.8130,1.9606,0.545227,0.075684,-0.028198,0.834351,7.754,76.2,-1
1782769020.279,1644,378267,0,0.00000000,0.00000000,0.00,0,0,0.62,0.003,0.4410,0.7350,1.2740,1.5355,0.545227,0.075684,-0.028198,0.834351,7.758,77.5,-1
1782769020.526,1645,378481,0,0.00000000,0.00000000,0.00,0,0,0.66,0.026,-0.5880,1.0290,3.0380,3.2610,0.545227,0.075684,-0.028198,0.834351,7.760,71.2,-1
1782769020.713,1646,378707,0,0.00000000,0.00000000,0.00,0,0,0.72,0.063,0.2450,0.6370,1.9110,2.0292,0.545227,0.075684,-0.028198,0.834412,7.756,73.8,-1
1782769020.962,1647,378931,0,0.00000000,0.00000000,0.00,0,0,0.65,0.014,0.5390,0.2450,1.3720,1.4943,0.545227,0.075684,-0.028198,0.834412,7.758,73.8,-1
1782769021.211,1648,379152,0,0.00000000,0.00000000,0.00,0,0,0.76,0.068,0.7350,1.0290,2.2050,2.5419,0.545227,0.075684,-0.028198,0.834412,7.755,73.8,-1
1782769021.398,1649,379372,0,0.00000000,0.00000000,0.00,0,0,0.68,0.016,0.0000,-0.1470,2.2540,2.2588,0.545227,0.075684,-0.028198,0.834351,7.758,73.8,-1
1782769021.647,1650,379591,0,0.00000000,0.00000000,0.00,0,0,0.77,0.044,0.4410,0.7840,1.3230,1.5998,0.545227,0.075684,-0.028198,0.834351,7.755,73.8,-1
1782769021.846,1651,379811,0,0.00000000,0.00000000,0.00,0,0,0.66,-0.023,0.6370,0.8330,1.8620,2.1370,0.545227,0.075684,-0.028198,0.834351,7.753,76.2,-1
1782769022.098,1652,380032,0,0.00000000,0.00000000,0.00,0,0,0.71,0.019,-0.0980,0.6860,0.9800,1.2002,0.545227,0.075684,-0.028198,0.834351,7.755,71.2,-1
1782769022.282,1653,380254,0,0.00000000,0.00000000,0.00,0,0,0.72,0.020,0.4900,0.1470,1.7640,1.8367,0.545227,0.075684,-0.028198,0.834351,7.758,68.8,-1
1782769022.534,1654,380470,0,0.00000000,0.00000000,0.00,0,0,0.62,-0.019,-0.0490,0.5390,1.2740,1.3842,0.545227,0.075684,-0.028198,0.834351,7.756,78.8,-1
1782769022.720,1655,380695,0,0.00000000,0.00000000,0.00,0,0,0.65,-0.007,0.4900,0.9310,1.3720,1.7289,0.545227,0.075684,-0.028198,0.834351,7.756,72.5,-1
1782769022.970,1656,380916,0,0.00000000,0.00000000,0.00,0,0,0.68,0.013,0.2940,0.6860,1.4210,1.6051,0.545227,0.075684,-0.028198,0.834351,7.758,70.0,-1
1782769023.156,1657,381142,0,0.00000000,0.00000000,0.00,0,0,0.58,-0.064,-0.1960,0.7840,1.0780,1.3473,0.545227,0.075684,-0.028198,0.834412,7.756,73.8,-1
1782769023.406,1658,381367,0,0.00000000,0.00000000,0.00,0,0,0.67,-0.005,0.6370,0.7840,2.2540,2.4700,0.545227,0.075684,-0.028198,0.834412,7.756,71.2,-1
1782769023.593,1659,381584,0,0.00000000,0.00000000,0.00,0,0,0.68,-0.007,0.5880,0.6370,1.6660,1.8780,0.545227,0.075684,-0.028198,0.834412,7.758,72.5,-1
1782769023.842,1660,381808,0,0.00000000,0.00000000,0.00,0,0,0.59,-0.062,-0.1470,0.6370,1.6660,1.7897,0.545227,0.075684,-0.028198,0.834351,7.758,70.0,-1
1782769024.046,1661,382028,0,0.00000000,0.00000000,0.00,0,0,0.73,0.025,0.1470,0.4900,2.2540,2.3113,0.545227,0.075684,-0.028198,0.834351,7.756,72.5,-1
1782769024.295,1662,382246,0,0.00000000,0.00000000,0.00,0,0,0.63,-0.033,0.3920,0.6860,1.8130,1.9777,0.545227,0.075684,-0.028198,0.834351,7.756,73.8,-1
1782769024.481,1663,382463,0,0.00000000,0.00000000,0.00,0,0,0.70,0.013,0.6860,0.0000,2.9890,3.0667,0.545227,0.075684,-0.028198,0.834351,7.758,71.2,-1
1782769024.745,1664,382689,0,0.00000000,0.00000000,0.00,0,0,0.63,-0.044,0.4410,0.2450,1.6660,1.7407,0.545227,0.075623,-0.028320,0.834412,7.756,67.5,-1
1782769024.934,1665,382909,0,0.00000000,0.00000000,0.00,0,0,0.70,0.001,0.2450,0.3430,1.1270,1.2032,0.545227,0.075684,-0.028381,0.834412,7.755,73.8,-1
1782769025.136,1666,383127,0,0.00000000,0.00000000,0.00,0,0,0.68,-0.006,0.1960,0.2450,1.5190,1.5511,0.545227,0.075745,-0.028381,0.834412,7.753,76.2,-1
1782769025.385,1667,383351,0,0.00000000,0.00000000,0.00,0,0,0.63,-0.029,0.1960,0.7350,1.5680,1.7428,0.545227,0.075684,-0.028320,0.834412,7.758,72.5,-1
1782769025.574,1668,383564,0,0.00000000,0.00000000,0.00,0,0,0.66,-0.014,0.4900,0.3920,2.0090,2.1047,0.545227,0.075684,-0.028320,0.834412,7.754,75.0,-1
1782769025.836,1669,383791,0,0.00000000,0.00000000,0.00,0,0,0.71,0.027,0.2940,0.3920,1.8130,1.8780,0.545227,0.075684,-0.028320,0.834412,7.758,73.8,-1
1782769026.025,1670,384011,0,0.00000000,0.00000000,0.00,0,0,0.70,-0.002,0.4900,0.5390,2.1070,2.2294,0.545227,0.075684,-0.028259,0.834412,7.758,77.5,-1
1782769026.275,1671,384233,0,0.00000000,0.00000000,0.00,0,0,0.57,-0.074,0.5390,0.6370,0.2940,0.8847,0.545227,0.075684,-0.028259,0.834412,7.755,71.2,-1
1782769026.460,1672,384444,0,0.00000000,0.00000000,0.00,0,0,0.78,0.038,0.3430,0.4410,1.5190,1.6185,0.545227,0.075684,-0.028259,0.834351,7.758,76.2,-1
1782769026.709,1673,384662,0,0.00000000,0.00000000,0.00,0,0,0.81,0.049,0.0490,0.6370,0.8330,1.0498,0.545227,0.075684,-0.028259,0.834351,7.753,75.0,-1
1782769026.895,1674,384883,0,0.00000000,0.00000000,0.00,0,0,0.65,-0.030,-0.7350,1.5190,-0.0980,1.6903,0.545227,0.075684,-0.028259,0.834412,7.753,76.2,-1
1782769027.144,1675,385104,0,0.00000000,0.00000000,0.00,0,0,0.60,-0.059,0.0000,0.0490,2.4500,2.4505,0.545227,0.075684,-0.028320,0.834412,7.754,75.0,-1
1782769027.345,1676,385329,0,0.00000000,0.00000000,0.00,0,0,0.73,0.017,1.5680,-0.1470,3.8710,4.1791,0.545288,0.075684,-0.028320,0.834351,7.754,75.0,-1
1782769027.594,1677,385546,0,0.00000000,0.00000000,0.00,0,0,0.76,0.034,0.1470,0.2450,1.2250,1.2579,0.545227,0.075623,-0.028320,0.834351,7.755,75.0,-1
1782769027.779,1678,385768,0,0.00000000,0.00000000,0.00,0,0,0.66,-0.025,0.0490,0.9310,0.8820,1.2834,0.545227,0.075623,-0.028259,0.834412,7.755,73.8,-1
1782769028.028,1679,385986,0,0.00000000,0.00000000,0.00,0,0,0.79,0.074,0.3430,0.4900,1.8130,1.9091,0.545227,0.075623,-0.028259,0.834412,7.751,75.0,-1
1782769028.218,1680,386205,0,0.00000000,0.00000000,0.00,0,0,0.75,0.035,0.2940,0.4410,1.4210,1.5166,0.545105,0.075806,-0.028320,0.834412,7.753,80.0,-1
1782769028.470,1681,386448,0,0.00000000,0.00000000,0.00,0,0,0.81,0.064,0.1470,0.9310,0.8820,1.2909,0.545166,0.075867,-0.028320,0.834412,7.756,75.0,-1
1782769028.717,1682,386666,0,0.00000000,0.00000000,0.00,0,0,0.76,0.022,0.0000,0.7840,0.4900,0.9245,0.545166,0.075867,-0.028320,0.834412,7.751,80.0,-1
1782769028.903,1683,386891,0,0.00000000,0.00000000,0.00,0,0,0.79,0.031,0.3430,0.2940,0.9800,1.0791,0.545227,0.075806,-0.028320,0.834351,7.758,76.2,-1
1782769029.153,1684,387107,0,0.00000000,0.00000000,0.00,0,0,0.92,0.112,0.2940,0.4410,1.3230,1.4252,0.545227,0.075745,-0.028381,0.834351,7.755,78.8,-1
1782769029.340,1685,387327,0,0.00000000,0.00000000,0.00,0,0,0.77,0.011,0.0980,0.5390,1.4210,1.5229,0.545227,0.075745,-0.028259,0.834351,7.755,81.2,-1
1782769029.591,1686,387540,0,0.00000000,0.00000000,0.00,0,0,0.72,-0.008,0.3430,0.2940,1.6660,1.7262,0.545349,0.075684,-0.028259,0.834351,7.758,72.5,-1
1782769029.778,1687,387758,0,0.00000000,0.00000000,0.00,0,0,0.73,-0.007,0.2940,0.6370,2.1560,2.2673,0.545349,0.075684,-0.028259,0.834351,7.755,76.2,-1
1782769030.027,1688,387982,0,0.00000000,0.00000000,0.00,0,0,0.71,-0.022,0.2450,0.7350,1.7640,1.9266,0.545288,0.075745,-0.028320,0.834351,7.756,73.8,-1
1782769030.215,1689,388199,0,0.00000000,0.00000000,0.00,0,0,0.79,0.020,0.3430,0.9800,1.3720,1.7206,0.545288,0.075745,-0.028381,0.834351,7.758,72.5,-1
1782769030.463,1690,388445,0,0.00000000,0.00000000,0.00,0,0,0.83,0.044,0.0980,0.3920,1.7640,1.8097,0.545288,0.075684,-0.028442,0.834351,7.758,72.5,-1
1782769030.712,1691,388672,0,0.00000000,0.00000000,0.00,0,0,0.73,0.000,0.3430,0.3920,1.7150,1.7924,0.545288,0.075684,-0.028381,0.834351,7.758,77.5,-1
1782769030.898,1692,388891,0,0.00000000,0.00000000,0.00,0,0,0.78,0.019,0.8820,0.3920,2.4500,2.6333,0.545288,0.075745,-0.028381,0.834351,7.756,81.2,-1
1782769031.148,1693,389112,0,0.00000000,0.00000000,0.00,0,0,0.89,0.086,0.4410,1.4210,1.9110,2.4219,0.545288,0.075806,-0.028381,0.834290,7.754,75.0,-1
1782769031.339,1694,389332,0,0.00000000,0.00000000,0.00,0,0,0.82,0.036,0.0000,1.0290,1.2250,1.5998,0.545288,0.075806,-0.028503,0.834290,7.753,81.2,-1
1782769031.589,1695,389545,0,0.00000000,0.00000000,0.00,0,0,0.71,-0.036,0.6370,0.8330,1.1760,1.5756,0.545288,0.075806,-0.028564,0.834290,7.756,78.8,-1
1782769031.773,1696,389765,0,0.00000000,0.00000000,0.00,0,0,0.68,-0.044,0.6370,0.1470,1.4210,1.5642,0.545288,0.075867,-0.028503,0.834290,7.758,73.8,-1
1782769032.024,1697,389993,0,0.00000000,0.00000000,0.00,0,0,0.81,0.022,-0.4900,1.5680,1.6660,2.3397,0.545288,0.075928,-0.028503,0.834290,7.754,78.8,-1
1782769032.272,1698,390217,0,0.00000000,0.00000000,0.00,0,0,0.77,-0.007,0.0490,0.3430,0.8330,0.9022,0.545288,0.075928,-0.028503,0.834290,7.754,77.5,-1
1782769032.524,1699,390462,0,0.00000000,0.00000000,0.00,0,0,0.77,-0.009,0.3920,0.7350,1.9110,2.0847,0.545288,0.075989,-0.028503,0.834290,7.758,76.2,-1
1782769032.710,1700,390688,0,0.00000000,0.00000000,0.00,0,0,0.67,-0.062,0.1960,0.7350,1.0290,1.2796,0.545288,0.075989,-0.028503,0.834290,7.759,75.0,-1
1782769032.958,1701,390910,0,0.00000000,0.00000000,0.00,0,0,0.72,-0.009,0.4900,0.9800,1.5190,1.8729,0.545288,0.075989,-0.028442,0.834290,7.755,78.8,-1
1782769033.145,1702,391136,0,0.00000000,0.00000000,0.00,0,0,0.82,0.046,0.0490,0.7350,2.0090,2.1398,0.545288,0.075989,-0.028442,0.834290,7.756,81.2,-1
1782769033.394,1703,391358,0,0.00000000,0.00000000,0.00,0,0,0.70,-0.032,0.3920,0.3430,2.2540,2.3134,0.545288,0.075928,-0.028381,0.834290,7.755,76.2,-1
1782769033.581,1704,391572,0,0.00000000,0.00000000,0.00,0,0,0.80,0.035,0.0490,1.0290,1.3230,1.6768,0.545288,0.075867,-0.028381,0.834290,7.758,75.0,-1
1782769033.831,1705,391801,0,0.00000000,0.00000000,0.00,0,0,0.68,-0.031,0.2450,0.7350,1.7640,1.9266,0.545288,0.075806,-0.028320,0.834290,7.756,76.2,-1
1782769034.078,1706,392023,0,0.00000000,0.00000000,0.00,0,0,0.68,-0.040,-0.4410,1.1270,-0.1470,1.2191,0.545288,0.075867,-0.028320,0.834290,7.755,76.2,-1
1782769034.263,1707,392248,0,0.00000000,0.00000000,0.00,0,0,0.67,-0.052,0.4410,0.2940,1.9110,1.9831,0.545288,0.075928,-0.028381,0.834290,7.755,76.2,-1
1782769034.513,1708,392465,0,0.00000000,0.00000000,0.00,0,0,0.75,0.012,0.5880,0.7350,1.1270,1.4684,0.545288,0.075928,-0.028381,0.834290,7.754,75.0,-1
1782769034.697,1709,392691,0,0.00000000,0.00000000,0.00,0,0,0.63,-0.067,0.5390,-0.1470,2.4990,2.5607,0.545288,0.075928,-0.028381,0.834290,7.759,68.8,-1
1782769034.947,1710,392913,0,0.00000000,0.00000000,0.00,0,0,0.59,-0.086,0.0490,0.2450,2.0580,2.0731,0.545288,0.075867,-0.028320,0.834290,7.756,72.5,-1
1782769035.196,1711,393136,0,0.00000000,0.00000000,0.00,0,0,0.69,-0.022,0.2940,0.7840,1.8130,1.9970,0.545288,0.075806,-0.028320,0.834290,7.758,72.5,-1
1782769035.382,1712,393359,0,0.00000000,0.00000000,0.00,0,0,0.77,0.038,0.6860,0.7350,1.2250,1.5848,0.545288,0.075806,-0.028381,0.834290,7.756,76.2,-1
1782769035.633,1713,393576,0,0.00000000,0.00000000,0.00,0,0,0.74,0.031,0.2940,0.3920,1.4210,1.5031,0.545288,0.075806,-0.028320,0.834290,7.758,73.8,-1
1782769035.822,1714,393792,0,0.00000000,0.00000000,0.00,0,0,0.81,0.055,0.3920,0.4900,1.0780,1.2473,0.545288,0.075745,-0.028320,0.834351,7.756,76.2,-1
1782769036.070,1715,394013,0,0.00000000,0.00000000,0.00,0,0,0.72,-0.025,-0.0490,0.6370,1.4210,1.5580,0.545288,0.075684,-0.028381,0.834351,7.758,72.5,-1
1782769036.258,1716,394236,0,0.00000000,0.00000000,0.00,0,0,0.78,0.031,0.1470,1.0780,1.8130,2.1144,0.545288,0.075684,-0.028381,0.834351,7.758,70.0,-1
1782769036.507,1717,394447,0,0.00000000,0.00000000,0.00,0,0,0.75,0.017,0.5880,0.7350,1.1270,1.4684,0.545288,0.075745,-0.028320,0.834351,7.758,73.8,-1
1782769036.695,1718,394664,0,0.00000000,0.00000000,0.00,0,0,0.66,-0.024,1.1760,0.0980,1.7640,2.1223,0.545288,0.075745,-0.028320,0.834351,7.753,77.5,-1
1782769036.944,1719,394889,0,0.00000000,0.00000000,0.00,0,0,0.62,-0.059,-0.6370,1.2740,0.7840,1.6259,0.545288,0.075745,-0.028259,0.834351,7.755,73.8,-1
1782769037.132,1720,395113,0,0.00000000,0.00000000,0.00,0,0,0.62,-0.038,0.1960,0.6370,2.4500,2.5390,0.545288,0.075745,-0.028259,0.834351,7.760,73.8,-1
1782769037.382,1721,395338,0,0.00000000,0.00000000,0.00,0,0,0.69,0.005,-0.2940,0.7840,0.2450,0.8724,0.545288,0.075684,-0.028320,0.834351,7.760,68.8,-1
1782769037.571,1722,395556,0,0.00000000,0.00000000,0.00,0,0,0.86,0.083,0.0490,0.7840,1.2250,1.4552,0.545288,0.075684,-0.028320,0.834351,7.758,75.0,-1
1782769037.821,1723,395780,0,0.00000000,0.00000000,0.00,0,0,0.69,-0.012,0.2940,-0.0490,1.2740,1.3084,0.545288,0.075684,-0.028259,0.834351,7.759,71.2,-1
1782769038.008,1724,395997,0,0.00000000,0.00000000,0.00,0,0,0.62,-0.063,0.9310,0.5390,1.8130,2.1081,0.545288,0.075684,-0.028259,0.834351,7.756,72.5,-1
1782769038.256,1725,396222,0,0.00000000,0.00000000,0.00,0,0,0.68,-0.013,0.8820,0.6370,1.8620,2.1566,0.545349,0.075745,-0.028259,0.834351,7.759,70.0,-1
1782769038.443,1726,396437,0,0.00000000,0.00000000,0.00,0,0,0.63,-0.029,0.0980,0.8820,1.6660,1.8876,0.545288,0.075745,-0.028259,0.834351,7.755,75.0,-1
1782769038.692,1727,396659,0,0.00000000,0.00000000,0.00,0,0,0.69,0.003,-0.3920,0.7350,1.1270,1.4014,0.545349,0.075745,-0.028259,0.834351,7.758,72.5,-1
1782769038.940,1728,396882,0,0.00000000,0.00000000,0.00,0,0,0.62,-0.046,0.9800,0.0980,2.4990,2.6861,0.545349,0.075745,-0.028259,0.834351,7.758,67.5,-1
1782769039.128,1729,397101,0,0.00000000,0.00000000,0.00,0,0,0.74,0.028,-0.4410,0.6860,1.2250,1.4716,0.545288,0.075684,-0.028320,0.834351,7.755,72.5,-1
1782769039.379,1730,397320,0,0.00000000,0.00000000,0.00,0,0,0.63,-0.048,0.2450,0.7350,1.6170,1.7930,0.545288,0.075623,-0.028381,0.834351,7.755,72.5,-1
1782769039.566,1731,397534,0,0.00000000,0.00000000,0.00,0,0,0.65,-0.047,0.4410,0.0980,2.2540,2.2988,0.545288,0.075623,-0.028442,0.834351,7.756,73.8,-1
1782769039.817,1732,397755,0,0.00000000,0.00000000,0.00,0,0,0.70,-0.012,0.2450,1.5680,1.5190,2.1968,0.545288,0.075623,-0.028442,0.834351,7.755,75.0,-1
1782769040.003,1733,397982,0,0.00000000,0.00000000,0.00,0,0,0.67,-0.014,0.8330,0.8330,2.2540,2.5433,0.545288,0.075623,-0.028442,0.834351,7.755,75.0,-1
1782769040.254,1734,398205,0,0.00000000,0.00000000,0.00,0,0,0.70,-0.003,0.7350,-0.0980,2.3030,2.4194,0.545288,0.075684,-0.028381,0.834351,7.758,72.5,-1
1782769040.505,1735,398447,0,0.00000000,0.00000000,0.00,0,0,0.72,0.009,0.1470,0.7840,1.4210,1.6296,0.545288,0.075684,-0.028381,0.834351,7.759,70.0,-1
1782769040.692,1736,398671,0,0.00000000,0.00000000,0.00,0,0,0.72,0.013,0.4900,0.6860,2.4010,2.5447,0.545288,0.075684,-0.028320,0.834351,7.759,75.0,-1
1782769040.942,1737,398897,0,0.00000000,0.00000000,0.00,0,0,0.75,0.035,0.2940,1.0780,2.6950,2.9175,0.545288,0.075684,-0.028320,0.834351,7.755,76.2,-1
1782769041.131,1738,399115,0,0.00000000,0.00000000,0.00,0,0,0.70,0.005,0.6370,0.0000,1.0290,1.2102,0.545288,0.075684,-0.028259,0.834351,7.751,78.8,-1
1782769041.380,1739,399335,0,0.00000000,0.00000000,0.00,0,0,0.85,0.092,0.1470,0.7350,1.1270,1.3535,0.545349,0.075684,-0.028259,0.834351,7.751,80.0,-1
1782769041.567,1740,399549,0,0.00000000,0.00000000,0.00,0,0,0.76,0.061,-0.2450,0.6860,2.4990,2.6030,0.545349,0.075684,-0.028259,0.834351,7.755,72.5,-1
1782769041.815,1741,399767,0,0.00000000,0.00000000,0.00,0,0,0.73,0.016,-0.0980,0.8330,1.9110,2.0870,0.545349,0.075684,-0.028259,0.834351,7.753,75.0,-1
1782769042.003,1742,399985,0,0.00000000,0.00000000,0.00,0,0,0.76,0.016,-0.2450,1.4210,1.5680,2.1302,0.545288,0.075684,-0.028320,0.834351,7.753,75.0,-1
1782769042.254,1743,400207,0,0.00000000,0.00000000,0.00,0,0,0.74,0.004,0.2940,0.7840,1.9110,2.0864,0.545288,0.075623,-0.028381,0.834351,7.754,76.2,-1
1782769042.501,1744,400452,0,0.00000000,0.00000000,0.00,0,0,0.70,-0.016,0.4900,0.1470,1.7640,1.8367,0.545288,0.075684,-0.028381,0.834351,7.758,76.2,-1
1782769042.687,1745,400678,0,0.00000000,0.00000000,0.00,0,0,0.74,0.015,-0.0980,0.8820,2.0090,2.1963,0.545288,0.075684,-0.028320,0.834351,7.753,81.2,-1
1782769042.939,1746,400902,0,0.00000000,0.00000000,0.00,0,0,0.72,-0.001,0.4900,0.0490,1.9110,1.9734,0.545288,0.075684,-0.028320,0.834351,7.758,73.8,-1
1782769043.125,1747,401119,0,0.00000000,0.00000000,0.00,0,0,0.69,-0.015,0.1960,1.1270,2.0580,2.3546,0.545288,0.075745,-0.028320,0.834351,7.751,75.0,-1
1782769043.376,1748,401341,0,0.00000000,0.00000000,0.00,0,0,0.77,0.037,0.2940,0.1960,1.7640,1.7990,0.545288,0.075745,-0.028320,0.834351,7.756,77.5,-1
1782769043.561,1749,401556,0,0.00000000,0.00000000,0.00,0,0,0.71,0.011,0.2940,0.4900,1.1760,1.3075,0.545288,0.075745,-0.028320,0.834351,7.756,73.8,-1
1782769043.810,1750,401783,0,0.00000000,0.00000000,0.00,0,0,0.70,-0.002,0.5880,0.7840,2.3520,2.5480,0.545288,0.075684,-0.028381,0.834351,7.754,75.0,-1
1782769044.058,1751,402005,0,0.00000000,0.00000000,0.00,0,0,0.90,0.108,0.5880,0.8820,2.1070,2.3586,0.545288,0.075684,-0.028442,0.834351,7.754,75.0,-1
1782769044.244,1752,402229,0,0.00000000,0.00000000,0.00,0,0,0.75,-0.003,0.0000,0.8330,1.8130,1.9952,0.545288,0.075623,-0.028442,0.834351,7.754,76.2,-1
1782769044.493,1753,402448,0,0.00000000,0.00000000,0.00,0,0,0.69,0.009,0.1470,0.1470,1.1270,1.1460,0.545288,0.075623,-0.028442,0.834351,7.755,75.0,-1
1782769044.681,1754,402674,0,0.00000000,0.00000000,0.00,0,0,0.73,0.006,0.3430,0.4900,1.3720,1.4967,0.545288,0.075623,-0.028381,0.834351,7.755,76.2,-1
1782769044.929,1755,402896,0,0.00000000,0.00000000,0.00,0,0,0.75,0.009,0.1470,0.6370,1.8620,1.9734,0.545288,0.075684,-0.028381,0.834351,7.756,70.0,-1
1782769045.180,1756,403114,0,0.00000000,0.00000000,0.00,0,0,0.78,0.031,0.2940,0.6860,1.5680,1.7366,0.545288,0.075745,-0.028381,0.834351,7.755,76.2,-1
1782769045.367,1757,403336,0,0.00000000,0.00000000,0.00,0,0,0.80,0.032,0.1960,0.9800,1.9110,2.1566,0.545288,0.075745,-0.028320,0.834351,7.758,76.2,-1
1782769045.614,1758,403553,0,0.00000000,0.00000000,0.00,0,0,0.78,0.016,0.3430,0.5880,0.6860,0.9664,0.545288,0.075745,-0.028320,0.834351,7.755,76.2,-1
1782769045.802,1759,403779,0,0.00000000,0.00000000,0.00,0,0,0.81,0.046,0.5390,0.4900,1.4700,1.6406,0.545288,0.075745,-0.028320,0.834351,7.760,68.8,-1
1782769046.050,1760,403998,0,0.00000000,0.00000000,0.00,0,0,0.84,0.075,0.1960,1.0290,1.2740,1.6493,0.545288,0.075745,-0.028259,0.834351,7.756,73.8,-1
1782769046.238,1761,404222,0,0.00000000,0.00000000,0.00,0,0,0.82,0.074,0.8330,0.4900,1.7150,1.9686,0.545288,0.075745,-0.028259,0.834351,7.758,71.2,-1
1782769046.487,1762,404439,0,0.00000000,0.00000000,0.00,0,0,0.65,-0.021,0.2450,0.6370,1.6660,1.8004,0.545288,0.075745,-0.028259,0.834351,7.756,76.2,-1
1782769046.673,1763,404661,0,0.00000000,0.00000000,0.00,0,0,0.67,0.002,0.3430,0.4900,0.5390,0.8052,0.545349,0.075745,-0.028259,0.834351,7.760,68.8,-1
1782769046.920,1764,404888,0,0.00000000,0.00000000,0.00,0,0,0.67,-0.010,-0.1470,0.6860,1.5190,1.6732,0.545349,0.075745,-0.028259,0.834351,7.754,77.5,-1
1782769047.170,1765,405112,0,0.00000000,0.00000000,0.00,0,0,0.77,0.050,0.3430,0.4410,1.4210,1.5269,0.545349,0.075684,-0.028259,0.834351,7.758,76.2,-1
1782769047.358,1766,405329,0,0.00000000,0.00000000,0.00,0,0,0.71,0.002,0.0490,1.3720,1.8620,2.3134,0.545349,0.075684,-0.028259,0.834351,7.756,81.2,-1
1782769047.606,1767,405549,0,0.00000000,0.00000000,0.00,0,0,0.70,-0.037,-0.1470,1.0290,1.3230,1.6825,0.545349,0.075684,-0.028259,0.834351,7.755,78.8,-1
1782769047.793,1768,405771,0,0.00000000,0.00000000,0.00,0,0,0.60,-0.096,0.4410,0.3430,1.7640,1.8504,0.545349,0.075745,-0.028259,0.834351,7.754,78.8,-1
1782769048.043,1769,405991,0,0.00000000,0.00000000,0.00,0,0,0.71,0.005,0.6860,0.4410,1.9110,2.0777,0.545288,0.075684,-0.028320,0.834351,7.751,81.2,-1
1782769048.230,1770,406215,0,0.00000000,0.00000000,0.00,0,0,0.64,-0.026,-0.3430,0.9310,1.4700,1.7735,0.545288,0.075623,-0.028381,0.834351,7.756,76.2,-1
1782769048.478,1771,406454,0,0.00000000,0.00000000,0.00,0,0,0.64,-0.036,1.7150,0.5880,2.4500,3.0479,0.545410,0.075623,-0.028320,0.834290,7.758,70.0,-1
1782769048.726,1772,406675,0,0.00000000,0.00000000,0.00,0,0,0.55,-0.103,0.1960,0.7840,2.4010,2.5334,0.545349,0.075745,-0.028198,0.834290,7.758,73.8,-1
1782769048.912,1773,406893,0,0.00000000,0.00000000,0.00,0,0,0.44,-0.171,0.1470,1.2250,1.1270,1.6710,0.545288,0.075806,-0.028198,0.834351,7.755,76.2,-1
1782769049.161,1774,407116,0,0.00000000,0.00000000,0.00,0,0,0.50,-0.100,-0.3430,1.8620,-0.3430,1.9241,0.545349,0.075745,-0.028259,0.834290,7.758,75.0,-1
1782769049.349,1775,407335,0,0.00000000,0.00000000,0.00,0,0,0.50,-0.097,0.4900,-0.1960,1.2740,1.3790,0.545288,0.075745,-0.028198,0.834351,7.756,76.2,-1
1782769049.596,1776,407548,0,0.00000000,0.00000000,0.00,0,0,0.53,-0.064,0.9310,0.0980,2.2540,2.4407,0.545349,0.075745,-0.028259,0.834290,7.760,70.0,-1
1782769049.782,1777,407770,0,0.00000000,0.00000000,0.00,0,0,0.54,-0.028,0.0980,0.6860,1.7150,1.8497,0.545349,0.075745,-0.028259,0.834290,7.760,73.8,-1
1782769050.030,1778,407991,0,0.00000000,0.00000000,0.00,0,0,0.58,0.017,0.1960,0.6370,2.0090,2.1167,0.545349,0.075745,-0.028198,0.834290,7.760,70.0,-1
1782769050.281,1779,408217,0,0.00000000,0.00000000,0.00,0,0,0.44,-0.066,0.6860,0.6370,1.5190,1.7843,0.545349,0.075745,-0.028198,0.834290,7.756,68.8,-1
1782769050.468,1780,408458,0,0.00000000,0.00000000,0.00,0,0,0.45,-0.053,0.5390,0.0980,1.0780,1.2092,0.545349,0.075745,-0.028259,0.834290,7.755,70.0,-1
1782769050.716,1781,408678,0,0.00000000,0.00000000,0.00,0,0,0.41,-0.069,0.2940,0.3920,1.4210,1.5031,0.545349,0.075745,-0.028259,0.834290,7.753,70.0,-1
1782769050.967,1782,408900,0,0.00000000,0.00000000,0.00,0,0,0.32,-0.127,0.4900,1.1760,1.6170,2.0586,0.545349,0.075745,-0.028259,0.834290,7.759,70.0,-1
1782769051.156,1783,409122,0,0.00000000,0.00000000,0.00,0,0,0.33,-0.093,0.2940,0.8330,1.3720,1.6318,0.545349,0.075745,-0.028259,0.834290,7.758,72.5,-1
1782769051.404,1784,409345,0,0.00000000,0.00000000,0.00,0,0,0.32,-0.083,1.1760,0.4900,2.3030,2.6319,0.545349,0.075745,-0.028259,0.834290,7.756,72.5,-1
1782769051.589,1785,409559,0,0.00000000,0.00000000,0.00,0,0,0.27,-0.099,0.4410,0.9800,1.7640,2.0656,0.545349,0.075745,-0.028259,0.834290,7.755,72.5,-1
1782769051.836,1786,409780,0,0.00000000,0.00000000,0.00,0,0,0.37,-0.015,0.8820,0.2450,1.6660,1.9009,0.545349,0.075684,-0.028259,0.834290,7.756,73.8,-1
1782769052.022,1787,410002,0,0.00000000,0.00000000,0.00,0,0,0.26,-0.075,0.4410,0.8330,1.4700,1.7462,0.545349,0.075684,-0.028320,0.834290,7.759,72.5,-1
1782769052.272,1788,410225,0,0.00000000,0.00000000,0.00,0,0,0.37,0.001,0.6860,1.2740,1.9110,2.3970,0.545349,0.075684,-0.028259,0.834290,7.758,72.5,-1
1782769052.460,1789,410444,0,0.00000000,0.00000000,0.00,0,0,0.36,-0.006,0.1960,0.6860,1.7640,1.9028,0.545349,0.075684,-0.028259,0.834290,7.759,71.2,-1
1782769052.709,1790,410671,0,0.00000000,0.00000000,0.00,0,0,0.31,-0.031,1.0290,0.4900,1.1760,1.6377,0.545349,0.075745,-0.028320,0.834290,7.758,76.2,-1
1782769052.958,1791,410896,0,0.00000000,0.00000000,0.00,0,0,0.21,-0.080,-0.0490,0.6860,1.9110,2.0310,0.545349,0.075745,-0.028381,0.834290,7.758,71.2,-1
1782769053.145,1792,411119,0,0.00000000,0.00000000,0.00,0,0,0.25,-0.046,0.2940,0.4410,1.9110,1.9831,0.544739,0.075745,-0.028198,0.834717,7.761,67.5,-1
1782769053.392,1793,411340,0,0.00000000,0.00000000,0.00,0,0,0.39,0.031,-0.1960,1.1270,1.3230,1.7490,0.544739,0.075745,-0.028198,0.834717,7.760,68.8,-1
1782769053.578,1794,411556,0,0.00000000,0.00000000,0.00,0,0,0.30,-0.025,0.4900,0.8330,1.4700,1.7592,0.544739,0.075745,-0.028198,0.834717,7.758,72.5,-1
1782769053.827,1795,411777,0,0.00000000,0.00000000,0.00,0,0,0.33,-0.001,0.3430,0.3920,1.5680,1.6523,0.544739,0.075745,-0.028198,0.834717,7.759,73.8,-1
1782769054.028,1796,411996,0,0.00000000,0.00000000,0.00,0,0,0.30,-0.032,-0.5390,1.5190,0.2450,1.6303,0.544739,0.075745,-0.028198,0.834717,7.758,75.0,-1
1782769054.273,1797,412217,0,0.00000000,0.00000000,0.00,0,0,0.27,-0.046,0.2940,0.7840,1.3230,1.5657,0.544739,0.075745,-0.028198,0.834717,7.758,66.2,-1
1782769054.522,1798,412462,0,0.00000000,0.00000000,0.00,0,0,0.32,-0.026,0.3430,0.6370,2.1070,2.2277,0.544739,0.075745,-0.028137,0.834717,7.760,72.5,-1
1782769054.710,1799,412689,0,0.00000000,0.00000000,0.00,0,0,0.30,-0.028,0.4410,1.1270,1.9600,2.3035,0.544739,0.075745,-0.028137,0.834717,7.758,72.5,-1
1782769054.959,1800,412910,0,0.00000000,0.00000000,0.00,0,0,0.36,0.010,1.0290,0.9310,2.2540,2.6469,0.544739,0.075745,-0.028137,0.834717,7.754,78.8,-1
1782769055.147,1801,413129,0,0.00000000,0.00000000,0.00,0,0,0.45,0.057,-0.3430,-0.3430,1.9110,1.9716,0.544739,0.075745,-0.028198,0.834717,7.756,73.8,-1
1782769055.395,1802,413351,0,0.00000000,0.00000000,0.00,0,0,0.34,-0.016,0.2940,0.9310,2.0580,2.2778,0.544739,0.075745,-0.028198,0.834717,7.756,78.8,-1
1782769055.582,1803,413569,0,0.00000000,0.00000000,0.00,0,0,0.40,0.023,0.1470,0.6370,1.3230,1.4757,0.544739,0.075745,-0.028198,0.834717,7.751,77.5,-1
1782769055.830,1804,413789,0,0.00000000,0.00000000,0.00,0,0,0.54,0.101,0.3430,0.2940,0.6860,0.8214,0.544739,0.075745,-0.028198,0.834717,7.754,80.0,-1
1782769056.078,1805,414012,0,0.00000000,0.00000000,0.00,0,0,0.51,0.075,-0.1960,0.9800,0.9310,1.3659,0.544739,0.075745,-0.028198,0.834717,7.755,73.8,-1
1782769056.266,1806,414230,0,0.00000000,0.00000000,0.00,0,0,0.52,0.075,0.4410,0.5390,2.0580,2.1726,0.544739,0.075684,-0.028259,0.834717,7.753,77.5,-1
1782769056.452,1807,414445,0,0.00000000,0.00000000,0.00,0,0,0.56,0.095,0.3920,0.4900,1.2250,1.3764,0.544739,0.075684,-0.028320,0.834717,7.755,72.5,-1
1782769056.701,1808,414667,0,0.00000000,0.00000000,0.00,0,0,0.55,0.047,0.3920,0.7350,1.8620,2.0398,0.544678,0.075623,-0.028381,0.834717,7.756,73.8,-1
1782769056.903,1809,414893,0,0.00000000,0.00000000,0.00,0,0,0.61,0.075,0.4900,0.4410,1.1760,1.3482,0.544678,0.075623,-0.028442,0.834717,7.753,75.0,-1
1782769057.152,1810,415118,0,0.00000000,0.00000000,0.00,0,0,0.60,0.065,0.6860,0.5880,2.3520,2.5196,0.544678,0.075623,-0.028442,0.834717,7.755,76.2,-1
1782769057.399,1811,415345,0,0.00000000,0.00000000,0.00,0,0,0.62,0.056,0.2940,0.4410,1.5680,1.6552,0.544678,0.075623,-0.028381,0.834717,7.755,73.8,-1
1782769057.587,1812,415562,0,0.00000000,0.00000000,0.00,0,0,0.64,0.052,0.2450,0.9800,1.5680,1.8652,0.544739,0.075684,-0.028320,0.834717,7.758,76.2,-1
1782769057.836,1813,415781,0,0.00000000,0.00000000,0.00,0,0,0.73,0.104,-0.5390,0.9310,1.0290,1.4887,0.544739,0.075684,-0.028320,0.834717,7.756,70.0,-1
1782769058.022,1814,416009,0,0.00000000,0.00000000,0.00,0,0,0.66,0.062,0.3430,0.9310,0.7840,1.2645,0.544678,0.075684,-0.028381,0.834717,7.756,72.5,-1
1782769058.268,1815,416230,0,0.00000000,0.00000000,0.00,0,0,0.55,-0.019,0.0490,0.7350,1.5680,1.7324,0.544739,0.075684,-0.028320,0.834717,7.756,77.5,-1
1782769058.456,1816,416449,0,0.00000000,0.00000000,0.00,0,0,0.61,0.015,0.2940,0.5880,1.0290,1.2211,0.544739,0.075684,-0.028320,0.834717,7.753,72.5,-1
1782769058.704,1817,416670,0,0.00000000,0.00000000,0.00,0,0,0.59,-0.002,1.2250,0.1960,1.9110,2.2784,0.544739,0.075684,-0.028259,0.834717,7.758,70.0,-1
1782769058.957,1818,416898,0,0.00000000,0.00000000,0.00,0,0,0.64,0.024,0.2940,1.2740,0.5880,1.4336,0.544739,0.075684,-0.028259,0.834717,7.754,76.2,-1
1782769059.143,1819,417121,0,0.00000000,0.00000000,0.00,0,0,0.57,-0.033,0.2450,0.6860,1.1270,1.3419,0.544739,0.075684,-0.028198,0.834717,7.758,71.2,-1
1782769059.394,1820,417340,0,0.00000000,0.00000000,0.00,0,0,0.68,0.039,0.5390,0.4900,2.2050,2.3222,0.544739,0.075684,-0.028198,0.834717,7.758,72.5,-1
1782769059.582,1821,417555,0,0.00000000,0.00000000,0.00,0,0,0.76,0.089,-0.0490,0.9310,1.6170,1.8665,0.544739,0.075684,-0.028198,0.834717,7.756,80.0,-1
1782769059.832,1822,417780,0,0.00000000,0.00000000,0.00,0,0,0.73,0.052,0.7840,0.4410,1.8130,2.0239,0.544739,0.075684,-0.028198,0.834717,7.759,68.8,-1
1782769060.019,1823,418000,0,0.00000000,0.00000000,0.00,0,0,0.67,0.003,0.1960,0.7350,0.8330,1.1281,0.544739,0.075684,-0.028198,0.834717,7.754,73.8,-1
1782769060.268,1824,418220,0,0.00000000,0.00000000,0.00,0,0,0.72,0.051,0.3920,0.6370,1.4700,1.6493,0.544739,0.075745,-0.028198,0.834717,7.753,72.5,-1
1782769060.522,1825,418463,0,0.00000000,0.00000000,0.00,0,0,0.63,0.000,-0.0490,0.6370,0.2450,0.6842,0.544739,0.075745,-0.028198,0.834717,7.754,75.0,-1
1782769060.710,1826,418681,0,0.00000000,0.00000000,0.00,0,0,0.75,0.059,0.5880,0.2450,2.5480,2.6264,0.544739,0.075684,-0.028198,0.834717,7.755,76.2,-1
1782769060.959,1827,418899,0,0.00000000,0.00000000,0.00,0,0,0.63,-0.022,0.2940,0.6370,1.6660,1.8077,0.544739,0.075684,-0.028198,0.834717,7.756,78.8,-1
1782769061.146,1828,419121,0,0.00000000,0.00000000,0.00,0,0,0.68,-0.009,0.1960,1.0780,1.2250,1.6435,0.544739,0.075745,-0.028198,0.834717,7.753,78.8,-1
1782769061.395,1829,419341,0,0.00000000,0.00000000,0.00,0,0,0.74,0.034,-0.1470,1.0290,1.5680,1.8812,0.544739,0.075745,-0.028198,0.834717,7.755,76.2,-1
1782769061.581,1830,419555,0,0.00000000,0.00000000,0.00,0,0,0.71,0.002,0.2450,0.7350,1.9600,2.1076,0.544739,0.075745,-0.028198,0.834717,7.756,78.8,-1
1782769061.830,1831,419772,0,0.00000000,0.00000000,0.00,0,0,0.59,-0.062,0.3920,0.7350,1.7640,1.9508,0.544739,0.075745,-0.028198,0.834717,7.756,76.2,-1
1782769062.017,1832,419995,0,0.00000000,0.00000000,0.00,0,0,0.66,-0.016,0.4900,0.3920,1.9600,2.0580,0.544739,0.075745,-0.028198,0.834717,7.756,76.2,-1
1782769062.263,1833,420213,0,0.00000000,0.00000000,0.00,0,0,0.71,0.007,0.0000,1.0290,1.8620,2.1274,0.544739,0.075745,-0.028198,0.834717,7.755,73.8,-1
1782769062.509,1834,420459,0,0.00000000,0.00000000,0.00,0,0,0.78,0.074,-0.1470,0.9310,0.9310,1.3248,0.544739,0.075745,-0.028198,0.834717,7.758,72.5,-1
1782769062.696,1835,420687,0,0.00000000,0.00000000,0.00,0,0,0.70,0.017,0.4410,0.5880,1.0780,1.3047,0.544739,0.075745,-0.028198,0.834717,7.758,77.5,-1
1782769062.947,1836,420905,0,0.00000000,0.00000000,0.00,0,0,0.54,-0.092,0.1470,0.4900,1.8620,1.9310,0.544739,0.075745,-0.028198,0.834717,7.753,81.2,-1
1782769063.133,1837,421126,0,0.00000000,0.00000000,0.00,0,0,0.65,-0.028,-0.0980,0.4410,1.4210,1.4911,0.544739,0.075745,-0.028198,0.834717,7.754,72.5,-1
1782769063.381,1838,421347,0,0.00000000,0.00000000,0.00,0,0,0.72,0.018,0.0000,0.7350,2.3520,2.4642,0.544739,0.075745,-0.028198,0.834717,7.755,78.8,-1
1782769063.568,1839,421559,0,0.00000000,0.00000000,0.00,0,0,0.68,-0.028,0.4410,0.5390,1.5680,1.7157,0.544739,0.075745,-0.028198,0.834717,7.760,73.8,-1
1782769063.818,1840,421759,0,0.00000000,0.00000000,0.00,0,0,0.60,-0.086,0.4900,0.2450,1.6660,1.7538,0.544739,0.075745,-0.028198,0.834717,7.758,76.2,-1
1782769064.005,1841,421978,0,0.00000000,0.00000000,0.00,0,0,0.61,-0.089,0.7350,0.0000,2.0090,2.1392,0.544739,0.075745,-0.028198,0.834717,7.758,72.5,-1
1782769064.256,1842,422198,0,0.00000000,0.00000000,0.00,0,0,0.59,-0.078,0.4900,0.4410,1.7150,1.8373,0.545532,0.075745,-0.028259,0.834167,7.756,70.0,-1
1782769064.503,1843,422445,0,0.00000000,0.00000000,0.00,0,0,0.59,-0.045,0.0980,0.7350,0.7350,1.0441,0.545532,0.075745,-0.028259,0.834167,7.759,73.8,-1
1782769064.688,1844,422670,0,0.00000000,0.00000000,0.00,0,0,0.67,0.015,-0.3430,0.6370,0.9800,1.2181,0.545532,0.075745,-0.028259,0.834167,7.754,80.0,-1
1782769064.937,1845,422891,0,0.00000000,0.00000000,0.00,0,0,0.56,-0.046,0.2450,0.9310,2.4010,2.5868,0.545532,0.075745,-0.028259,0.834167,7.753,78.8,-1
1782769065.123,1846,423110,0,0.00000000,0.00000000,0.00,0,0,0.53,-0.058,0.1470,0.8820,1.4700,1.7206,0.545532,0.075745,-0.028259,0.834167,7.751,77.5,-1
1782769065.372,1847,423331,0,0.00000000,0.00000000,0.00,0,0,0.62,0.009,-0.2450,0.7840,1.2250,1.4749,0.545532,0.075745,-0.028259,0.834167,7.751,81.2,-1
1782769065.619,1848,423555,0,0.00000000,0.00000000,0.00,0,0,0.53,-0.051,0.6370,1.0290,1.5190,1.9422,0.545532,0.075745,-0.028259,0.834167,7.760,70.0,-1
1782769065.805,1849,423776,0,0.00000000,0.00000000,0.00,0,0,0.58,-0.015,0.4900,0.0000,1.3720,1.4569,0.545532,0.075745,-0.028259,0.834167,7.755,73.8,-1
1782769066.055,1850,424004,0,0.00000000,0.00000000,0.00,0,0,0.43,-0.114,0.2450,0.4410,1.8620,1.9291,0.545532,0.075745,-0.028259,0.834167,7.756,73.8,-1
1782769066.240,1851,424224,0,0.00000000,0.00000000,0.00,0,0,0.39,-0.119,0.4410,0.7350,1.6170,1.8301,0.545532,0.075745,-0.028259,0.834167,7.755,76.2,-1
1782769066.491,1852,424438,0,0.00000000,0.00000000,0.00,0,0,0.55,-0.024,0.1470,0.4410,1.7640,1.8242,0.545532,0.075745,-0.028259,0.834167,7.759,71.2,-1
1782769066.678,1853,424667,0,0.00000000,0.00000000,0.00,0,0,0.46,-0.058,0.4900,0.9310,2.1070,2.3551,0.545532,0.075684,-0.028320,0.834167,7.756,72.5,-1
1782769066.926,1854,424890,0,0.00000000,0.00000000,0.00,0,0,0.46,-0.050,0.4900,0.0000,1.4700,1.5495,0.545532,0.075684,-0.028320,0.834167,7.758,72.5,-1
1782769067.176,1855,425113,0,0.00000000,0.00000000,0.00,0,0,0.61,0.046,0.1470,0.3920,1.8620,1.9085,0.545532,0.075684,-0.028320,0.834167,7.756,76.2,-1
1782769067.362,1856,425339,0,0.00000000,0.00000000,0.00,0,0,0.59,0.053,0.6370,0.0490,1.7150,1.8301,0.545532,0.075684,-0.028259,0.834167,7.759,71.2,-1
1782769067.611,1857,425556,0,0.00000000,0.00000000,0.00,0,0,0.36,-0.082,0.3920,0.5880,1.9110,2.0375,0.545532,0.075684,-0.028320,0.834167,7.754,81.2,-1
1782769067.797,1858,425758,0,0.00000000,0.00000000,0.00,0,0,0.34,-0.100,-0.3430,0.9310,-0.5880,1.1533,0.545532,0.075684,-0.028320,0.834167,7.755,71.2,-1
1782769068.048,1859,425983,0,0.00000000,0.00000000,0.00,0,0,0.44,-0.036,0.3920,0.5390,1.3230,1.4814,0.545532,0.075623,-0.028381,0.834167,7.754,76.2,-1
1782769068.236,1860,426210,0,0.00000000,0.00000000,0.00,0,0,0.56,0.032,0.0000,0.3920,1.5680,1.6163,0.545532,0.075623,-0.028381,0.834167,7.755,72.5,-1
1782769068.486,1861,426451,0,0.00000000,0.00000000,0.00,0,0,0.54,0.005,-0.0490,0.8330,1.1760,1.4420,0.545532,0.075623,-0.028381,0.834167,7.754,73.8,-1
1782769068.734,1862,426670,0,0.00000000,0.00000000,0.00,0,0,0.70,0.125,-0.3920,0.9310,0.4900,1.1227,0.545532,0.075684,-0.028381,0.834167,7.755,76.2,-1
1782769068.922,1863,426890,0,0.00000000,0.00000000,0.00,0,0,0.61,0.063,-0.2940,0.6370,0.5390,0.8847,0.545532,0.075684,-0.028320,0.834167,7.755,78.8,-1
1782769069.171,1864,427112,0,0.00000000,0.00000000,0.00,0,0,0.62,0.056,0.3920,0.6370,1.7150,1.8710,0.545532,0.075684,-0.028320,0.834167,7.758,76.2,-1
1782769069.358,1865,427331,0,0.00000000,0.00000000,0.00,0,0,0.64,0.063,0.3430,0.8330,1.1270,1.4428,0.545532,0.075684,-0.028320,0.834167,7.755,75.0,-1
1782769069.608,1866,427546,0,0.00000000,0.00000000,0.00,0,0,0.50,-0.044,0.3920,0.6860,1.3230,1.5410,0.545532,0.075684,-0.028320,0.834167,7.754,73.8,-1
1782769069.795,1867,427773,0,0.00000000,0.00000000,0.00,0,0,0.66,0.050,0.2450,0.8330,1.8620,2.0545,0.545532,0.075684,-0.028259,0.834167,7.758,71.2,-1
1782769070.060,1868,427992,0,0.00000000,0.00000000,0.00,0,0,0.83,0.172,0.5390,0.4900,1.7640,1.9085,0.545532,0.075745,-0.028259,0.834167,7.758,75.0,-1
1782769070.248,1869,428217,0,0.00000000,0.00000000,0.00,0,0,0.68,0.064,0.9310,0.8820,3.3810,3.6161,0.545532,0.075745,-0.028259,0.834167,7.758,68.8,-1
1782769070.493,1870,428436,0,0.00000000,0.00000000,0.00,0,0,0.66,0.033,-0.1960,1.2250,1.2740,1.7782,0.545532,0.075745,-0.028259,0.834167,7.758,73.8,-1
1782769070.679,1871,428661,0,0.00000000,0.00000000,0.00,0,0,0.64,0.011,0.9310,-0.2940,0.8330,1.2834,0.545532,0.075745,-0.028259,0.834167,7.756,77.5,-1
1782769070.924,1872,428887,0,0.00000000,0.00000000,0.00,0,0,0.62,-0.023,0.1470,1.2250,0.8330,1.4887,0.545532,0.075745,-0.028259,0.834167,7.756,71.2,-1
1782769071.177,1873,429108,0,0.00000000,0.00000000,0.00,0,0,0.69,0.003,0.6860,0.5880,0.9800,1.3329,0.545532,0.075684,-0.028320,0.834167,7.758,72.5,-1
1782769071.366,1874,429336,0,0.00000000,0.00000000,0.00,0,0,0.70,0.012,0.4900,0.1960,1.5680,1.6544,0.545532,0.075684,-0.028320,0.834167,7.755,78.8,-1
1782769071.617,1875,429549,0,0.00000000,0.00000000,0.00,0,0,0.76,0.047,0.1470,0.6370,1.5190,1.6537,0.545532,0.075745,-0.028320,0.834167,7.760,71.2,-1
1782769071.803,1876,429770,0,0.00000000,0.00000000,0.00,0,0,0.65,-0.016,-0.3430,0.6860,1.3720,1.5718,0.545532,0.075684,-0.028320,0.834167,7.754,77.5,-1
1782769072.052,1877,429993,0,0.00000000,0.00000000,0.00,0,0,0.63,-0.022,0.1470,0.5880,1.6660,1.7728,0.545532,0.075684,-0.028320,0.834167,7.754,80.0,-1
1782769072.239,1878,430221,0,0.00000000,0.00000000,0.00,0,0,0.65,-0.011,0.0980,0.6860,1.8130,1.9409,0.545532,0.075684,-0.028320,0.834167,7.755,73.8,-1
1782769072.490,1879,430439,0,0.00000000,0.00000000,0.00,0,0,0.60,-0.054,0.1470,0.5390,1.8130,1.8971,0.545532,0.075684,-0.028320,0.834167,7.756,73.8,-1
1782769072.680,1880,430658,0,0.00000000,0.00000000,0.00,0,0,0.59,-0.047,0.3430,0.3430,2.2050,2.2577,0.545532,0.075684,-0.028259,0.834167,7.754,75.0,-1
1782769072.930,1881,430880,0,0.00000000,0.00000000,0.00,0,0,0.56,-0.062,0.6370,-0.1470,2.0580,2.1593,0.545532,0.075684,-0.028259,0.834167,7.754,73.8,-1
1782769073.118,1882,431100,0,0.00000000,0.00000000,0.00,0,0,0.60,-0.047,0.0490,0.5880,1.7640,1.8601,0.545532,0.075623,-0.028198,0.834167,7.754,73.8,-1
1782769073.368,1883,431321,0,0.00000000,0.00000000,0.00,0,0,0.65,0.002,0.1960,0.6370,1.6660,1.7944,0.545532,0.075623,-0.028198,0.834167,7.755,77.5,-1
1782769073.556,1884,431538,0,0.00000000,0.00000000,0.00,0,0,0.64,-0.002,0.2450,0.2940,1.4210,1.4716,0.545532,0.075623,-0.028198,0.834167,7.755,73.8,-1
1782769073.808,1885,431762,0,0.00000000,0.00000000,0.00,0,0,0.62,-0.030,0.3430,0.0490,1.2250,1.2731,0.545532,0.075684,-0.028259,0.834167,7.758,71.2,-1
1782769073.994,1886,431986,0,0.00000000,0.00000000,0.00,0,0,0.64,-0.019,-0.2450,0.1470,1.3720,1.4014,0.545532,0.075623,-0.028320,0.834167,7.760,67.5,-1
1782769074.244,1887,432212,0,0.00000000,0.00000000,0.00,0,0,0.62,-0.022,1.4700,1.0780,1.5190,2.3728,0.545532,0.075623,-0.028320,0.834167,7.758,71.2,-1
1782769074.494,1888,432455,0,0.00000000,0.00000000,0.00,0,0,0.66,0.014,-0.2450,1.7150,-0.7350,1.8819,0.545532,0.075623,-0.028320,0.834167,7.755,77.5,-1
1782769074.746,1889,432683,0,0.00000000,0.00000000,0.00,0,0,0.59,-0.030,-0.8820,1.0780,0.2450,1.4142,0.545532,0.075684,-0.028259,0.834167,7.755,72.5,-1
1782769074.929,1890,432905,0,0.00000000,0.00000000,0.00,0,0,0.59,-0.039,0.4900,0.1960,1.2250,1.3338,0.545532,0.075684,-0.028259,0.834167,7.754,80.0,-1
1782769075.180,1891,433123,0,0.00000000,0.00000000,0.00,0,0,0.67,-0.002,0.3920,0.5390,1.1760,1.3517,0.545532,0.075684,-0.028259,0.834167,7.755,72.5,-1
1782769075.367,1892,433345,0,0.00000000,0.00000000,0.00,0,0,0.72,0.039,0.2940,0.0490,2.2050,2.2251,0.545532,0.075623,-0.028259,0.834167,7.756,73.8,-1
1782769075.616,1893,433554,0,0.00000000,0.00000000,0.00,0,0,0.76,0.025,-0.9800,1.7150,2.0580,2.8525,0.545532,0.075684,-0.028259,0.834167,7.754,75.0,-1
1782769075.802,1894,433776,0,0.00000000,0.00000000,0.00,0,0,0.74,0.025,0.8820,0.5390,2.9890,3.1627,0.545532,0.075623,-0.028259,0.834167,7.754,78.8,-1
1782769076.055,1895,433996,0,0.00000000,0.00000000,0.00,0,0,0.68,-0.006,0.6860,1.8620,0.4410,2.0328,0.545532,0.075562,-0.028198,0.834167,7.756,76.2,-1
1782769076.242,1896,434216,0,0.00000000,0.00000000,0.00,0,0,0.68,-0.021,1.2250,0.7350,1.9600,2.4254,0.545532,0.075562,-0.028198,0.834229,7.755,81.2,-1
1782769076.492,1897,434462,0,0.00000000,0.00000000,0.00,0,0,0.60,-0.077,0.5880,0.4900,2.0580,2.1957,0.545532,0.075500,-0.028137,0.834229,7.756,71.2,-1
1782769076.740,1898,434688,0,0.00000000,0.00000000,0.00,0,0,0.65,-0.041,0.1470,1.1270,1.1760,1.6355,0.545532,0.075562,-0.028198,0.834167,7.758,71.2,-1
1782769076.926,1899,434910,0,0.00000000,0.00000000,0.00,0,0,0.62,-0.055,0.2450,0.1470,1.6660,1.6903,0.545532,0.075623,-0.028198,0.834167,7.751,73.8,-1
1782769077.176,1900,435130,0,0.00000000,0.00000000,0.00,0,0,0.67,-0.029,1.2740,-0.3430,2.6950,3.0006,0.545532,0.075623,-0.028259,0.834167,7.756,72.5,-1
1782769077.363,1901,435352,0,0.00000000,0.00000000,0.00,0,0,0.76,0.010,0.0980,0.7840,1.0290,1.2973,0.545532,0.075562,-0.028259,0.834229,7.759,70.0,-1
1782769077.613,1902,435569,0,0.00000000,0.00000000,0.00,0,0,0.78,0.025,-0.1470,0.7350,1.6660,1.8269,0.545532,0.075562,-0.028259,0.834229,7.758,72.5,-1
1782769077.800,1903,435792,0,0.00000000,0.00000000,0.00,0,0,0.74,0.003,1.0780,0.5880,1.4210,1.8780,0.545532,0.075562,-0.028259,0.834167,7.761,70.0,-1
1782769078.050,1904,436012,0,0.00000000,0.00000000,0.00,0,0,0.70,-0.031,0.1470,0.6370,2.0090,2.1127,0.545532,0.075562,-0.028320,0.834229,7.761,68.8,-1
1782769078.299,1905,436232,0,0.00000000,0.00000000,0.00,0,0,0.85,0.066,-0.5880,0.8330,0.3920,1.0924,0.545532,0.075562,-0.028381,0.834229,7.764,67.5,-1
1782769078.488,1906,436446,0,0.00000000,0.00000000,0.00,0,0,0.90,0.104,0.3920,0.8330,2.6950,2.8479,0.545532,0.075562,-0.028442,0.834229,7.759,73.8,-1
1782769078.735,1907,436671,0,0.00000000,0.00000000,0.00,0,0,0.75,-0.006,0.0490,0.7350,1.0780,1.3056,0.545532,0.075562,-0.028442,0.834229,7.758,70.0,-1
1782769078.922,1908,436895,0,0.00000000,0.00000000,0.00,0,0,0.73,-0.027,1.4700,0.6370,2.6460,3.0932,0.545532,0.075562,-0.028381,0.834229,7.761,72.5,-1
1782769079.169,1909,437115,0,0.00000000,0.00000000,0.00,0,0,0.73,-0.032,0.7350,0.7840,1.7150,2.0239,0.545532,0.075562,-0.028442,0.834229,7.759,73.8,-1
1782769079.355,1910,437336,0,0.00000000,0.00000000,0.00,0,0,0.74,-0.009,0.1960,1.0780,1.4700,1.8334,0.545532,0.075623,-0.028381,0.834167,7.759,73.8,-1
1782769079.604,1911,437549,0,0.00000000,0.00000000,0.00,0,0,0.77,0.009,1.0290,0.4900,1.9110,2.2251,0.545532,0.075623,-0.028381,0.834167,7.758,71.2,-1
1782769079.793,1912,437773,0,0.00000000,0.00000000,0.00,0,0,0.82,0.027,0.3920,0.6860,1.5680,1.7558,0.545532,0.075623,-0.028320,0.834167,7.759,71.2,-1
1782769080.040,1913,437997,0,0.00000000,0.00000000,0.00,0,0,0.74,-0.024,0.0490,0.0490,1.5680,1.5695,0.545532,0.075684,-0.028320,0.834167,7.758,70.0,-1
1782769080.228,1914,438217,0,0.00000000,0.00000000,0.00,0,0,0.88,0.068,0.4410,0.3430,1.9110,1.9910,0.545532,0.075623,-0.028381,0.834167,7.758,72.5,-1
1782769080.479,1915,438459,0,0.00000000,0.00000000,0.00,0,0,0.75,-0.010,0.6860,0.1470,1.6170,1.7626,0.545532,0.075562,-0.028442,0.834229,7.760,71.2,-1
1782769080.728,1916,438688,0,0.00000000,0.00000000,0.00,0,0,0.92,0.089,0.0000,0.5880,1.8620,1.9526,0.545532,0.075562,-0.028503,0.834229,7.759,72.5,-1
1782769080.916,1917,438907,0,0.00000000,0.00000000,0.00,0,0,0.86,0.035,-0.1960,0.0000,1.3720,1.3859,0.545532,0.075623,-0.028442,0.834167,7.754,83.8,-1
1782769081.163,1918,439132,0,0.00000000,0.00000000,0.00,0,0,0.94,0.076,0.0980,0.9310,1.0290,1.3911,0.545532,0.075623,-0.028381,0.834167,7.761,71.2,-1
1782769081.411,1919,439356,0,0.00000000,0.00000000,0.00,0,0,0.84,-0.006,0.4900,0.9310,1.0780,1.5063,0.545532,0.075684,-0.028381,0.834167,7.754,78.8,-1
1782769081.597,1920,439568,0,0.00000000,0.00000000,0.00,0,0,0.86,-0.013,-0.3430,0.8330,1.1270,1.4428,0.545532,0.075684,-0.028381,0.834167,7.751,78.8,-1
1782769081.849,1921,439792,0,0.00000000,0.00000000,0.00,0,0,0.83,-0.028,0.2940,0.8330,1.3720,1.6318,0.545532,0.075623,-0.028442,0.834167,7.760,73.8,-1
1782769082.034,1922,440017,0,0.00000000,0.00000000,0.00,0,0,0.91,0.004,-0.0980,0.4410,2.1560,2.2028,0.545532,0.075623,-0.028503,0.834229,7.754,76.2,-1
1782769082.281,1923,440243,0,0.00000000,0.00000000,0.00,0,0,0.97,0.035,0.0490,0.9310,0.9800,1.3526,0.545532,0.075623,-0.028564,0.834167,7.758,73.8,-1
1782769082.529,1924,440462,0,0.00000000,0.00000000,0.00,0,0,0.94,0.019,0.5390,0.5880,1.7640,1.9360,0.545532,0.075745,-0.028503,0.834167,7.755,76.2,-1
1782769082.717,1925,440681,0,0.00000000,0.00000000,0.00,0,0,0.91,0.004,0.2940,0.0980,1.8130,1.8393,0.545532,0.075745,-0.028442,0.834167,7.755,76.2,-1
1782769082.966,1926,440904,0,0.00000000,0.00000000,0.00,0,0,1.00,0.076,0.1960,0.3920,1.7640,1.8176,0.545532,0.075745,-0.028381,0.834167,7.753,78.8,-1
1782769083.155,1927,441124,0,0.00000000,0.00000000,0.00,0,0,0.84,-0.030,0.2940,0.5390,1.3720,1.5031,0.545532,0.075745,-0.028381,0.834167,7.756,72.5,-1
1782769083.403,1928,441342,0,0.00000000,0.00000000,0.00,0,0,0.85,-0.033,0.5880,0.3920,1.6170,1.7647,0.545532,0.075684,-0.028381,0.834167,7.755,73.8,-1
1782769083.592,1929,441553,0,0.00000000,0.00000000,0.00,0,0,0.78,-0.065,0.0980,0.6860,1.6170,1.7592,0.545532,0.075684,-0.028381,0.834167,7.755,73.8,-1
1782769083.841,1930,441775,0,0.00000000,0.00000000,0.00,0,0,0.85,-0.031,0.8330,0.4410,2.6460,2.8089,0.545532,0.075684,-0.028320,0.834167,7.755,75.0,-1
1782769084.027,1931,441995,0,0.00000000,0.00000000,0.00,0,0,0.89,-0.014,-0.1960,0.5880,0.2450,0.6665,0.545532,0.075684,-0.028320,0.834167,7.754,77.5,-1
1782769084.276,1932,442215,0,0.00000000,0.00000000,0.00,0,0,0.84,-0.040,0.2940,0.7840,1.2740,1.5245,0.545532,0.075684,-0.028320,0.834167,7.754,78.8,-1
1782769084.525,1933,442461,0,0.00000000,0.00000000,0.00,0,0,0.88,-0.014,-0.0490,0.6860,1.7640,1.8933,0.545532,0.075684,-0.028381,0.834167,7.754,75.0,-1
1782769084.712,1934,442680,0,0.00000000,0.00000000,0.00,0,0,0.91,0.001,-0.4900,1.3230,1.2250,1.8684,0.545532,0.075684,-0.028320,0.834167,7.758,76.2,-1
1782769084.960,1935,442905,0,0.00000000,0.00000000,0.00,0,0,0.84,-0.039,0.2450,0.5880,1.5190,1.6472,0.545532,0.075684,-0.028320,0.834167,7.754,78.8,-1
1782769085.147,1936,443130,0,0.00000000,0.00000000,0.00,0,0,0.80,-0.059,0.4900,0.2940,1.5190,1.6229,0.545532,0.075684,-0.028320,0.834167,7.758,72.5,-1
1782769085.397,1937,443356,0,0.00000000,0.00000000,0.00,0,0,0.80,-0.044,0.2450,0.7840,1.8620,2.0351,0.545532,0.075684,-0.028320,0.834167,7.751,80.0,-1
1782769085.583,1938,443571,0,0.00000000,0.00000000,0.00,0,0,0.67,-0.091,1.3720,0.5880,2.0090,2.5028,0.545532,0.075684,-0.028259,0.834167,7.761,68.8,-1
1782769085.832,1939,443791,0,0.00000000,0.00000000,0.00,0,0,0.85,0.021,0.0000,0.6860,1.2250,1.4040,0.545532,0.075684,-0.028259,0.834167,7.754,73.8,-1
1782769086.022,1940,444009,0,0.00000000,0.00000000,0.00,0,0,0.92,0.069,-0.0980,0.1960,0.9310,0.9564,0.545532,0.075684,-0.028259,0.834167,7.754,75.0,-1
1782769086.269,1941,444232,0,0.00000000,0.00000000,0.00,0,0,0.77,-0.029,0.5880,0.5880,2.0580,2.2197,0.545532,0.075684,-0.028320,0.834167,7.758,67.5,-1
1782769086.456,1942,444444,0,0.00000000,0.00000000,0.00,0,0,0.75,-0.030,0.5390,0.5390,1.6170,1.7877,0.545532,0.075623,-0.028381,0.834167,7.756,76.2,-1
1782769086.707,1943,444672,0,0.00000000,0.00000000,0.00,0,0,0.70,-0.072,0.2450,0.3920,2.2540,2.3009,0.545532,0.075623,-0.028442,0.834167,7.759,76.2,-1
1782769086.958,1944,444895,0,0.00000000,0.00000000,0.00,0,0,0.74,-0.063,0.4410,0.3920,1.3720,1.4935,0.545532,0.075623,-0.028503,0.834229,7.756,77.5,-1
1782769087.144,1945,445123,0,0.00000000,0.00000000,0.00,0,0,0.89,0.034,0.0980,0.4410,0.7840,0.9048,0.545532,0.075562,-0.028381,0.834229,7.755,76.2,-1
1782769087.392,1946,445344,0,0.00000000,0.00000000,0.00,0,0,0.85,-0.008,1.1760,0.3920,3.5280,3.7394,0.545532,0.075500,-0.028320,0.834229,7.755,76.2,-1
1782769087.580,1947,445557,0,0.00000000,0.00000000,0.00,0,0,0.76,-0.027,0.2450,0.1960,0.5880,0.6665,0.545532,0.075500,-0.028259,0.834229,7.756,73.8,-1
1782769087.829,1948,445785,0,0.00000000,0.00000000,0.00,0,0,0.78,-0.010,0.0490,0.8820,1.4700,1.7150,0.545532,0.075500,-0.028259,0.834229,7.755,76.2,-1
1782769088.014,1949,446002,0,0.00000000,0.00000000,0.00,0,0,0.84,0.032,0.3430,0.4900,0.9800,1.1481,0.545532,0.075500,-0.028259,0.834229,7.755,80.0,-1
1782769088.264,1950,446227,0,0.00000000,0.00000000,0.00,0,0,0.91,0.072,0.5390,0.5390,1.7150,1.8768,0.545532,0.075500,-0.028198,0.834229,7.756,75.0,-1
1782769088.452,1951,446442,0,0.00000000,0.00000000,0.00,0,0,0.83,0.000,0.2940,0.6370,1.6660,1.8077,0.545532,0.075500,-0.028198,0.834229,7.755,78.8,-1
1782769088.702,1952,446668,0,0.00000000,0.00000000,0.00,0,0,0.69,-0.076,-0.8820,1.7150,-0.4900,1.9898,0.545532,0.075500,-0.028198,0.834229,7.759,70.0,-1
1782769088.952,1953,446890,0,0.00000000,0.00000000,0.00,0,0,0.80,0.005,-0.1470,0.0000,1.3720,1.3799,0.545532,0.075562,-0.028259,0.834229,7.754,76.2,-1
1782769089.138,1954,447110,0,0.00000000,0.00000000,0.00,0,0,0.86,0.040,0.6370,0.4410,1.7150,1.8819,0.545532,0.075562,-0.028259,0.834167,7.755,73.8,-1
1782769089.386,1955,447335,0,0.00000000,0.00000000,0.00,0,0,0.86,0.027,0.1960,0.4410,1.4210,1.5007,0.545532,0.075562,-0.028259,0.834167,7.754,78.8,-1
1782769089.574,1956,447554,0,0.00000000,0.00000000,0.00,0,0,0.92,0.079,0.0490,0.1960,2.1070,2.1167,0.545532,0.075623,-0.028259,0.834167,7.754,71.2,-1
1782769089.823,1957,447780,0,0.00000000,0.00000000,0.00,0,0,0.84,0.008,0.1470,0.7840,2.0580,2.2072,0.545532,0.075684,-0.028259,0.834167,7.754,72.5,-1
1782769090.008,1958,448000,0,0.00000000,0.00000000,0.00,0,0,0.80,-0.014,0.1470,0.8820,1.6170,1.8478,0.545532,0.075684,-0.028259,0.834167,7.753,73.8,-1
1782769090.256,1959,448219,0,0.00000000,0.00000000,0.00,0,0,0.94,0.090,0.0490,0.8820,2.3520,2.5124,0.545532,0.075684,-0.028259,0.834167,7.754,76.2,-1
1782769090.503,1960,448461,0,0.00000000,0.00000000,0.00,0,0,0.88,0.039,0.3430,0.6370,1.4210,1.5946,0.545532,0.075684,-0.028259,0.834167,7.756,75.0,-1
1782769090.753,1961,448685,0,0.00000000,0.00000000,0.00,0,0,0.85,0.025,0.2940,0.7350,1.7150,1.8889,0.545532,0.075745,-0.028259,0.834167,7.756,75.0,-1
1782769090.939,1962,448912,0,0.00000000,0.00000000,0.00,0,0,0.84,0.008,0.1960,0.8820,1.3720,1.6428,0.545532,0.075745,-0.028259,0.834167,7.754,76.2,-1
1782769091.189,1963,449130,0,0.00000000,0.00000000,0.00,0,0,0.82,-0.015,0.3430,0.7350,1.8620,2.0310,0.545532,0.075745,-0.028259,0.834167,7.749,77.5,-1
1782769091.377,1964,449354,0,0.00000000,0.00000000,0.00,0,0,0.94,0.069,0.3430,1.1270,-0.0490,1.1791,0.545532,0.075745,-0.028259,0.834167,7.754,75.0,-1
1782769091.627,1965,449568,0,0.00000000,0.00000000,0.00,0,0,0.87,0.021,0.3430,0.4410,1.5680,1.6646,0.545532,0.075745,-0.028259,0.834167,7.753,73.8,-1
1782769091.813,1966,449793,0,0.00000000,0.00000000,0.00,0,0,0.85,0.001,0.3430,0.1960,1.7150,1.7599,0.545532,0.075745,-0.028259,0.834167,7.751,76.2,-1
1782769092.062,1967,450018,0,0.00000000,0.00000000,0.00,0,0,0.97,0.070,0.3920,0.3920,1.0290,1.1688,0.545532,0.075745,-0.028259,0.834167,7.755,76.2,-1
1782769092.310,1968,450243,0,0.00000000,0.00000000,0.00,0,0,0.91,0.025,0.4410,0.5880,1.8130,1.9563,0.545471,0.075684,-0.028259,0.834229,7.759,72.5,-1
1782769092.496,1969,450459,0,0.00000000,0.00000000,0.00,0,0,0.92,0.041,0.2450,0.3920,1.5680,1.6347,0.545471,0.075684,-0.028259,0.834229,7.754,76.2,-1
1782769092.746,1970,450677,0,0.00000000,0.00000000,0.00,0,0,0.72,-0.086,0.1960,1.0290,1.2250,1.6118,0.545349,0.075745,-0.028198,0.834290,7.756,75.0,-1
1782769092.933,1971,450878,0,0.00000000,0.00000000,0.00,0,0,0.80,-0.045,1.9110,0.0490,3.8710,4.3173,0.545288,0.075745,-0.028259,0.834351,7.755,76.2,-1
1782769093.119,1972,451099,0,0.00000000,0.00000000,0.00,0,0,0.71,-0.089,0.2450,0.5390,2.2050,2.2831,0.545349,0.075684,-0.028259,0.834290,7.754,76.2,-1
1782769093.369,1973,451316,0,0.00000000,0.00000000,0.00,0,0,0.81,-0.026,0.5880,0.5880,1.6170,1.8183,0.545349,0.075684,-0.028259,0.834290,7.749,78.8,-1
1782769093.555,1974,451532,0,0.00000000,0.00000000,0.00,0,0,0.78,-0.059,0.4900,0.4410,2.0580,2.1610,0.545349,0.075684,-0.028259,0.834290,7.758,73.8,-1
1782769093.806,1975,451758,0,0.00000000,0.00000000,0.00,0,0,0.87,-0.004,0.4410,0.0980,1.6170,1.6789,0.545349,0.075684,-0.028259,0.834290,7.760,68.8,-1
1782769093.993,1976,451981,0,0.00000000,0.00000000,0.00,0,0,0.95,0.055,0.0980,0.1960,1.8620,1.8749,0.545349,0.075684,-0.028259,0.834290,7.758,75.0,-1
1782769094.245,1977,452207,0,0.00000000,0.00000000,0.00,0,0,0.72,-0.097,0.3920,0.7840,1.5680,1.7964,0.545349,0.075745,-0.028198,0.834290,7.756,76.2,-1
1782769094.494,1978,452455,0,0.00000000,0.00000000,0.00,0,0,0.88,-0.024,-0.1470,1.4210,1.5190,2.0852,0.545349,0.075745,-0.028198,0.834290,7.758,77.5,-1
1782769094.745,1979,452679,0,0.00000000,0.00000000,0.00,0,0,0.83,-0.049,-0.4900,1.6170,1.2740,2.1161,0.545349,0.075745,-0.028259,0.834290,7.754,78.8,-1
1782769094.932,1980,452898,0,0.00000000,0.00000000,0.00,0,0,0.86,-0.020,-0.0490,0.5880,1.1270,1.2721,0.545349,0.075745,-0.028259,0.834290,7.753,77.5,-1
1782769095.180,1981,453121,0,0.00000000,0.00000000,0.00,0,0,0.85,-0.025,0.3430,0.5390,1.6170,1.7386,0.545349,0.075745,-0.028259,0.834290,7.758,78.8,-1
1782769095.368,1982,453340,0,0.00000000,0.00000000,0.00,0,0,0.77,-0.075,0.3920,0.0980,2.4010,2.4348,0.545349,0.075745,-0.028259,0.834290,7.755,81.2,-1
1782769095.617,1983,453557,0,0.00000000,0.00000000,0.00,0,0,0.81,-0.050,0.1470,0.3920,1.2250,1.2946,0.545349,0.075745,-0.028259,0.834290,7.756,75.0,-1
1782769095.804,1984,453782,0,0.00000000,0.00000000,0.00,0,0,0.78,-0.050,0.1470,0.4410,1.2740,1.3562,0.545349,0.075745,-0.028259,0.834290,7.754,72.5,-1
1782769096.052,1985,454003,0,0.00000000,0.00000000,0.00,0,0,0.90,0.025,1.4210,0.3430,3.0870,3.4156,0.545349,0.075745,-0.028259,0.834290,7.759,71.2,-1
1782769096.239,1986,454224,0,0.00000000,0.00000000,0.00,0,0,0.94,0.064,0.2450,0.7840,1.9110,2.0800,0.545349,0.075745,-0.028259,0.834290,7.759,76.2,-1
1782769096.490,1987,454437,0,0.00000000,0.00000000,0.00,0,0,0.89,0.037,0.0980,0.2450,2.6460,2.6591,0.545349,0.075745,-0.028259,0.834290,7.760,72.5,-1
1782769096.674,1988,454657,0,0.00000000,0.00000000,0.00,0,0,0.83,-0.006,0.1470,0.9800,2.0090,2.2401,0.545349,0.075745,-0.028259,0.834290,7.759,70.0,-1
1782769096.924,1989,454881,0,0.00000000,0.00000000,0.00,0,0,0.90,0.040,0.8330,0.7840,3.2830,3.4766,0.545349,0.075684,-0.028320,0.834290,7.756,72.5,-1
1782769097.172,1990,455108,0,0.00000000,0.00000000,0.00,0,0,0.89,0.018,0.9310,0.9310,3.1360,3.4012,0.545349,0.075623,-0.028381,0.834290,7.759,75.0,-1
1782769097.361,1991,455326,0,0.00000000,0.00000000,0.00,0,0,0.85,-0.008,0.0000,0.2940,1.3720,1.4031,0.545349,0.075684,-0.028320,0.834290,7.756,72.5,-1
1782769097.549,1992,455540,0,0.00000000,0.00000000,0.00,0,0,0.86,0.005,1.5190,0.7350,2.2540,2.8157,0.545349,0.075623,-0.028381,0.834290,7.760,71.2,-1
1782769097.797,1993,455765,0,0.00000000,0.00000000,0.00,0,0,0.81,-0.021,0.3430,0.5880,1.4210,1.5756,0.545349,0.075623,-0.028381,0.834290,7.756,77.5,-1
1782769098.045,1994,455990,0,0.00000000,0.00000000,0.00,0,0,0.91,0.026,-0.0980,0.9800,0.8820,1.3221,0.545349,0.075562,-0.028442,0.834351,7.756,70.0,-1
1782769098.231,1995,456219,0,0.00000000,0.00000000,0.00,0,0,0.93,0.050,0.6370,0.4410,2.1560,2.2910,0.545349,0.075623,-0.028381,0.834290,7.760,71.2,-1
1782769098.479,1996,456461,0,0.00000000,0.00000000,0.00,0,0,0.92,0.031,0.1960,0.5880,1.6170,1.7317,0.545349,0.075623,-0.028381,0.834290,7.759,71.2,-1
1782769098.730,1997,456681,0,0.00000000,0.00000000,0.00,0,0,0.90,0.026,-0.1960,1.3720,1.1760,1.8176,0.545349,0.075623,-0.028381,0.834290,7.759,68.8,-1
1782769098.920,1998,456899,0,0.00000000,0.00000000,0.00,0,0,0.82,-0.056,1.2740,0.0980,2.2050,2.5485,0.545349,0.075623,-0.028442,0.834290,7.759,68.8,-1
1782769099.168,1999,457121,0,0.00000000,0.00000000,0.00,0,0,0.93,0.018,0.0980,0.9800,1.4210,1.7289,0.545349,0.075562,-0.028442,0.834351,7.760,70.0,-1
1782769099.370,2000,457340,0,0.00000000,0.00000000,0.00,0,0,0.88,-0.012,-0.1960,0.4900,0.3920,0.6574,0.545349,0.075623,-0.028442,0.834290,7.760,71.2,-1
1782769099.620,2001,457557,0,0.00000000,0.00000000,0.00,0,0,0.86,-0.011,0.0980,0.5390,1.7640,1.8471,0.545349,0.075623,-0.028442,0.834290,7.756,72.5,-1
1782769099.807,2002,457784,0,0.00000000,0.00000000,0.00,0,0,0.75,-0.085,-0.0490,0.6860,1.3720,1.5347,0.545349,0.075623,-0.028320,0.834290,7.761,71.2,-1
1782769100.056,2003,458008,0,0.00000000,0.00000000,0.00,0,0,0.85,-0.009,1.0780,0.7840,2.4500,2.7891,0.545349,0.075684,-0.028320,0.834290,7.759,73.8,-1
1782769100.305,2004,458234,0,0.00000000,0.00000000,0.00,0,0,0.81,-0.045,1.3720,0.4410,2.1560,2.5933,0.545349,0.075684,-0.028320,0.834290,7.758,77.5,-1
1782769100.493,2005,458445,0,0.00000000,0.00000000,0.00,0,0,0.84,-0.012,0.4900,0.2940,1.9600,2.0416,0.545349,0.075684,-0.028320,0.834290,7.760,70.0,-1
1782769100.680,2006,458666,0,0.00000000,0.00000000,0.00,0,0,0.77,-0.058,0.7350,0.4410,2.3520,2.5033,0.545349,0.075684,-0.028320,0.834290,7.759,71.2,-1
1782769100.930,2007,458882,0,0.00000000,0.00000000,0.00,0,0,0.72,-0.085,0.1470,0.8330,1.1760,1.4486,0.545349,0.075684,-0.028320,0.834290,7.759,70.0,-1
1782769101.117,2008,459105,0,0.00000000,0.00000000,0.00,0,0,0.81,-0.019,0.8820,0.9310,1.7150,2.1415,0.545349,0.075684,-0.028320,0.834290,7.758,73.8,-1
1782769101.367,2009,459325,0,0.00000000,0.00000000,0.00,0,0,0.79,-0.031,0.3430,0.5880,0.4900,0.8387,0.545349,0.075684,-0.028320,0.834290,7.758,75.0,-1
1782769101.552,2010,459537,0,0.00000000,0.00000000,0.00,0,0,0.85,-0.020,0.1470,0.7350,1.2250,1.4361,0.545349,0.075684,-0.028320,0.834290,7.756,76.2,-1
1782769101.803,2011,459754,0,0.00000000,0.00000000,0.00,0,0,0.78,-0.048,0.2450,0.7840,2.2050,2.3530,0.545349,0.075745,-0.028259,0.834290,7.753,75.0,-1
1782769101.990,2012,459979,0,0.00000000,0.00000000,0.00,0,0,0.85,0.006,-0.1470,0.9310,1.5190,1.7877,0.545349,0.075745,-0.028259,0.834290,7.756,72.5,-1
1782769102.240,2013,460206,0,0.00000000,0.00000000,0.00,0,0,0.76,-0.046,0.5880,0.7350,3.0870,3.2273,0.545349,0.075745,-0.028259,0.834290,7.758,73.8,-1
1782769102.489,2014,460453,0,0.00000000,0.00000000,0.00,0,0,0.72,-0.077,0.0980,0.3920,2.3030,2.3382,0.545349,0.075745,-0.028259,0.834290,7.759,72.5,-1
1782769102.738,2015,460679,0,0.00000000,0.00000000,0.00,0,0,0.84,0.007,0.1470,0.7350,1.8130,1.9618,0.545349,0.075745,-0.028259,0.834290,7.758,68.8,-1
1782769102.924,2016,460898,0,0.00000000,0.00000000,0.00,0,0,0.73,-0.044,0.1470,1.0290,1.2740,1.6442,0.545349,0.075745,-0.028259,0.834290,7.758,76.2,-1
1782769103.174,2017,461118,0,0.00000000,0.00000000,0.00,0,0,0.76,-0.011,0.0980,1.5680,1.5190,2.1853,0.545349,0.075745,-0.028259,0.834290,7.755,80.0,-1
1782769103.361,2018,461342,0,0.00000000,0.00000000,0.00,0,0,0.87,0.042,0.6860,1.5680,1.3230,2.1632,0.545349,0.075745,-0.028259,0.834290,7.759,70.0,-1
1782769103.610,2019,461559,0,0.00000000,0.00000000,0.00,0,0,0.89,0.044,-0.5880,0.8330,1.3720,1.7094,0.545349,0.075745,-0.028259,0.834290,7.755,73.8,-1
1782769103.796,2020,461781,0,0.00000000,0.00000000,0.00,0,0,0.81,-0.013,0.6370,0.7840,2.7440,2.9240,0.545349,0.075745,-0.028259,0.834290,7.758,75.0,-1
1782769104.048,2021,462001,0,0.00000000,0.00000000,0.00,0,0,0.75,-0.051,0.3920,0.5880,1.1270,1.3302,0.545349,0.075745,-0.028259,0.834290,7.756,68.8,-1
1782769104.237,2022,462226,0,0.00000000,0.00000000,0.00,0,0,0.75,-0.052,1.1760,0.3920,2.9890,3.2359,0.545349,0.075806,-0.028259,0.834290,7.756,71.2,-1
1782769104.487,2023,462447,0,0.00000000,0.00000000,0.00,0,0,0.85,-0.025,1.2740,0.7840,1.6660,2.2390,0.545349,0.075806,-0.028320,0.834290,7.758,71.2,-1
1782769104.733,2024,462673,0,0.00000000,0.00000000,0.00,0,0,0.77,-0.060,1.0290,0.7840,2.8910,3.1672,0.545349,0.075745,-0.028320,0.834290,7.756,72.5,-1
1782769104.921,2025,462895,0,0.00000000,0.00000000,0.00,0,0,0.77,-0.044,0.4900,0.0000,1.7640,1.8308,0.545349,0.075745,-0.028320,0.834290,7.758,72.5,-1
1782769105.170,2026,463114,0,0.00000000,0.00000000,0.00,0,0,0.77,-0.030,0.2940,0.2940,0.5880,0.7201,0.545349,0.075745,-0.028320,0.834290,7.758,72.5,-1
1782769105.356,2027,463333,0,0.00000000,0.00000000,0.00,0,0,0.82,-0.008,0.9310,-0.2940,2.4990,2.6829,0.545349,0.075684,-0.028320,0.834290,7.758,73.8,-1
1782769105.604,2028,463547,0,0.00000000,0.00000000,0.00,0,0,0.81,-0.006,0.1960,0.9800,1.7640,2.0274,0.545349,0.075684,-0.028320,0.834290,7.756,72.5,-1
1782769105.789,2029,463760,0,0.00000000,0.00000000,0.00,0,0,0.72,-0.069,0.3920,-0.1960,3.0380,3.0694,0.545349,0.075684,-0.028320,0.834290,7.756,73.8,-1
1782769106.038,2030,463988,0,0.00000000,0.00000000,0.00,0,0,0.97,0.077,0.5390,0.3430,1.2250,1.3816,0.545349,0.075684,-0.028320,0.834290,7.756,76.2,-1
1782769106.227,2031,464205,0,0.00000000,0.00000000,0.00,0,0,0.91,0.013,0.2940,0.6860,1.9600,2.0973,0.545349,0.075684,-0.028381,0.834290,7.751,81.2,-1
1782769106.478,2032,464452,0,0.00000000,0.00000000,0.00,0,0,0.87,-0.037,-0.5880,1.8620,1.4210,2.4150,0.545349,0.075684,-0.028320,0.834290,7.754,76.2,-1
1782769106.726,2033,464679,0,0.00000000,0.00000000,0.00,0,0,0.87,-0.006,0.0490,0.8820,1.6660,1.8857,0.545349,0.075684,-0.028320,0.834290,7.756,73.8,-1
1782769106.915,2034,464896,0,0.00000000,0.00000000,0.00,0,0,0.90,0.015,0.1960,0.1960,1.5680,1.5923,0.545349,0.075745,-0.028320,0.834290,7.754,78.8,-1
1782769107.162,2035,465114,0,0.00000000,0.00000000,0.00,0,0,0.95,0.040,0.0490,0.7350,1.1760,1.3877,0.545349,0.075745,-0.028259,0.834290,7.753,76.2,-1
1782769107.349,2036,465340,0,0.00000000,0.00000000,0.00,0,0,0.88,-0.002,0.2450,0.4410,1.4700,1.5542,0.545349,0.075745,-0.028259,0.834290,7.756,75.0,-1
1782769107.598,2037,465556,0,0.00000000,0.00000000,0.00,0,0,0.89,-0.004,0.0980,1.0290,1.5680,1.8780,0.545349,0.075745,-0.028259,0.834290,7.754,76.2,-1
1782769107.847,2038,465781,0,0.00000000,0.00000000,0.00,0,0,1.02,0.086,0.0980,0.6860,1.6170,1.7592,0.545349,0.075745,-0.028259,0.834290,7.756,71.2,-1
1782769108.034,2039,466001,0,0.00000000,0.00000000,0.00,0,0,0.91,-0.000,0.1960,0.5390,0.9800,1.1355,0.545349,0.075745,-0.028320,0.834290,7.756,70.0,-1
1782769108.285,2040,466223,0,0.00000000,0.00000000,0.00,0,0,0.96,0.012,0.1470,0.6370,1.5190,1.6537,0.545349,0.075745,-0.028259,0.834290,7.758,68.8,-1
1782769108.471,2041,466437,0,0.00000000,0.00000000,0.00,0,0,1.03,0.033,0.1960,0.6370,2.0090,2.1167,0.545349,0.075745,-0.028259,0.834290,7.751,76.2,-1
1782769108.719,2042,466663,0,0.00000000,0.00000000,0.00,0,0,1.10,0.077,0.1960,0.3920,1.8130,1.8652,0.545349,0.075745,-0.028259,0.834290,7.759,67.5,-1
1782769108.905,2043,466881,0,0.00000000,0.00000000,0.00,0,0,1.01,-0.002,0.1470,0.7350,1.8130,1.9618,0.545349,0.075745,-0.028259,0.834290,7.754,72.5,-1
1782769109.154,2044,467105,0,0.00000000,0.00000000,0.00,0,0,1.03,0.018,0.6370,0.1960,1.5680,1.7038,0.545349,0.075745,-0.028259,0.834290,7.755,73.8,-1
1782769109.340,2045,467327,0,0.00000000,0.00000000,0.00,0,0,1.00,0.016,0.1960,0.7350,1.7150,1.8761,0.545349,0.075745,-0.028259,0.834290,7.756,73.8,-1
1782769109.590,2046,467543,0,0.00000000,0.00000000,0.00,0,0,0.91,-0.066,0.3920,0.1960,2.4990,2.5371,0.545349,0.075745,-0.028259,0.834290,7.756,72.5,-1
1782769109.778,2047,467764,0,0.00000000,0.00000000,0.00,0,0,1.05,0.032,0.2940,0.6370,1.3720,1.5410,0.545349,0.075745,-0.028259,0.834290,7.759,76.2,-1
1782769110.028,2048,467986,0,0.00000000,0.00000000,0.00,0,0,1.00,-0.015,0.4410,0.1470,1.4210,1.4951,0.545349,0.075745,-0.028259,0.834290,7.758,73.8,-1
1782769110.216,2049,468205,0,0.00000000,0.00000000,0.00,0,0,0.98,-0.017,0.3920,0.7840,1.5190,1.7538,0.545349,0.075745,-0.028259,0.834290,7.758,76.2,-1
1782769110.465,2050,468450,0,0.00000000,0.00000000,0.00,0,0,1.05,-0.020,0.4410,0.2450,1.1760,1.2796,0.545349,0.075684,-0.028259,0.834290,7.754,71.2,-1
1782769110.717,2051,468675,0,0.00000000,0.00000000,0.00,0,0,1.06,-0.014,0.4410,0.5390,1.7150,1.8510,0.545349,0.075684,-0.028320,0.834290,7.753,82.5,-1
1782769110.904,2052,468895,0,0.00000000,0.00000000,0.00,0,0,1.05,-0.021,0.1960,0.8330,0.6860,1.0968,0.545349,0.075684,-0.028320,0.834290,7.754,83.8,-1
1782769111.153,2053,469119,0,0.00000000,0.00000000,0.00,0,0,1.04,-0.032,0.0490,0.5880,1.6660,1.7674,0.545349,0.075684,-0.028259,0.834290,7.758,77.5,-1
1782769111.405,2054,469338,0,0.00000000,0.00000000,0.00,0,0,0.90,-0.118,0.3430,0.4410,1.6660,1.7572,0.545349,0.075623,-0.028259,0.834290,7.756,78.8,-1
1782769111.593,2055,469551,0,0.00000000,0.00000000,0.00,0,0,0.96,-0.089,0.2450,0.1960,2.7930,2.8106,0.545349,0.075623,-0.028259,0.834290,7.756,71.2,-1
1782769111.779,2056,469766,0,0.00000000,0.00000000,0.00,0,0,0.93,-0.090,0.3920,0.2940,1.7640,1.8308,0.545349,0.075623,-0.028320,0.834290,7.756,77.5,-1
1782769112.028,2057,469989,0,0.00000000,0.00000000,0.00,0,0,0.99,-0.057,0.5390,0.6370,1.4210,1.6479,0.545349,0.075623,-0.028381,0.834290,7.756,77.5,-1
1782769112.275,2058,470212,0,0.00000000,0.00000000,0.00,0,0,1.00,-0.031,0.1470,0.8820,1.8620,2.0656,0.545349,0.075562,-0.028442,0.834351,7.759,73.8,-1
1782769112.465,2059,470455,0,0.00000000,0.00000000,0.00,0,0,0.96,-0.033,-0.3430,1.0290,1.5190,1.8665,0.545349,0.075562,-0.028503,0.834351,7.754,73.8,-1
1782769112.716,2060,470681,0,0.00000000,0.00000000,0.00,0,0,1.01,-0.001,0.9800,-0.4410,2.4990,2.7203,0.545349,0.075623,-0.028442,0.834290,7.758,70.0,-1
1782769112.964,2061,470907,0,0.00000000,0.00000000,0.00,0,0,0.96,-0.023,0.6860,0.6370,1.6170,1.8684,0.545349,0.075623,-0.028381,0.834290,7.753,82.5,-1
1782769113.152,2062,471130,0,0.00000000,0.00000000,0.00,0,0,0.89,-0.043,0.4900,0.5880,1.5680,1.7448,0.545349,0.075623,-0.028442,0.834351,7.753,76.2,-1
1782769113.402,2063,471354,0,0.00000000,0.00000000,0.00,0,0,0.80,-0.107,-0.2940,0.8330,1.4700,1.7150,0.545349,0.075623,-0.028442,0.834290,7.755,75.0,-1
1782769113.589,2064,471571,0,0.00000000,0.00000000,0.00,0,0,0.85,-0.074,0.1470,0.2940,1.2250,1.2683,0.545349,0.075623,-0.028381,0.834290,7.751,76.2,-1
1782769113.838,2065,471794,0,0.00000000,0.00000000,0.00,0,0,0.90,-0.042,-0.1470,0.4900,1.3720,1.4643,0.545349,0.075684,-0.028381,0.834290,7.755,76.2,-1
1782769114.027,2066,472014,0,0.00000000,0.00000000,0.00,0,0,0.93,-0.007,0.4900,0.5880,1.4700,1.6573,0.545349,0.075684,-0.028320,0.834290,7.753,76.2,-1
1782769114.274,2067,472236,0,0.00000000,0.00000000,0.00,0,0,0.93,-0.032,0.4410,0.3920,1.6660,1.7674,0.545349,0.075684,-0.028320,0.834290,7.761,70.0,-1
1782769114.461,2068,472450,0,0.00000000,0.00000000,0.00,0,0,0.86,-0.071,0.5880,0.4900,1.6660,1.8334,0.545349,0.075684,-0.028320,0.834290,7.753,76.2,-1
1782769114.710,2069,472676,0,0.00000000,0.00000000,0.00,0,0,0.85,-0.069,0.2450,0.1960,1.3230,1.3597,0.545349,0.075684,-0.028259,0.834290,7.755,75.0,-1
1782769114.963,2070,472896,0,0.00000000,0.00000000,0.00,0,0,0.85,-0.052,0.2940,0.5390,1.0290,1.1982,0.545349,0.075745,-0.028259,0.834290,7.756,76.2,-1
1782769115.151,2071,473119,0,0.00000000,0.00000000,0.00,0,0,0.87,-0.042,0.3920,0.0490,1.2250,1.2871,0.545349,0.075745,-0.028259,0.834290,7.758,73.8,-1
1782769115.402,2072,473346,0,0.00000000,0.00000000,0.00,0,0,0.97,0.017,0.6370,0.0980,1.6170,1.7407,0.545349,0.075745,-0.028259,0.834290,7.751,76.2,-1
1782769115.589,2073,473557,0,0.00000000,0.00000000,0.00,0,0,0.92,-0.013,0.1470,1.0290,1.7150,2.0054,0.545349,0.075745,-0.028259,0.834290,7.756,76.2,-1
1782769115.839,2074,473779,0,0.00000000,0.00000000,0.00,0,0,0.85,-0.054,0.4900,0.3430,1.8620,1.9557,0.545349,0.075684,-0.028259,0.834290,7.755,72.5,-1
1782769116.027,2075,474000,0,0.00000000,0.00000000,0.00,0,0,0.78,-0.085,0.6370,-0.1470,1.9110,2.0197,0.545349,0.075684,-0.028259,0.834290,7.760,67.5,-1
1782769116.275,2076,474218,0,0.00000000,0.00000000,0.00,0,0,0.84,-0.043,0.2940,0.3430,1.6660,1.7262,0.545349,0.075745,-0.028259,0.834290,7.754,76.2,-1
1782769116.526,2077,474462,0,0.00000000,0.00000000,0.00,0,0,0.88,-0.042,0.0490,0.9800,1.8620,2.1047,0.545349,0.075745,-0.028259,0.834290,7.759,68.8,-1
1782769116.713,2078,474678,0,0.00000000,0.00000000,0.00,0,0,0.89,-0.034,0.2940,0.8330,1.3230,1.5908,0.545349,0.075745,-0.028259,0.834290,7.756,75.0,-1
1782769116.960,2079,474902,0,0.00000000,0.00000000,0.00,0,0,0.95,0.013,0.0980,0.8820,1.6170,1.8445,0.545349,0.075684,-0.028259,0.834290,7.755,73.8,-1
1782769117.147,2080,475125,0,0.00000000,0.00000000,0.00,0,0,0.91,-0.002,0.2450,0.2450,1.6170,1.6537,0.545349,0.075623,-0.028198,0.834290,7.756,75.0,-1
1782769117.397,2081,475345,0,0.00000000,0.00000000,0.00,0,0,0.78,-0.078,0.4900,0.3430,0.4410,0.7431,0.545349,0.075684,-0.028198,0.834290,7.756,72.5,-1
1782769117.585,2082,475564,0,0.00000000,0.00000000,0.00,0,0,0.82,-0.046,-0.1470,0.9800,1.8130,2.0662,0.545349,0.075684,-0.028198,0.834290,7.758,73.8,-1
1782769117.836,2083,475784,0,0.00000000,0.00000000,0.00,0,0,0.85,-0.043,0.0980,0.5390,1.6660,1.7538,0.545349,0.075562,-0.028320,0.834290,7.759,72.5,-1
1782769118.021,2084,476005,0,0.00000000,0.00000000,0.00,0,0,0.93,0.033,0.1470,0.9310,1.5190,1.7877,0.545349,0.075623,-0.028259,0.834351,7.755,76.2,-1
1782769118.273,2085,476225,0,0.00000000,0.00000000,0.00,0,0,0.85,-0.032,0.2940,0.4900,1.6660,1.7613,0.545288,0.075684,-0.028198,0.834351,7.756,75.0,-1
1782769118.458,2086,476437,0,0.00000000,0.00000000,0.00,0,0,0.91,-0.040,0.3430,0.3920,1.4700,1.5596,0.545227,0.075623,-0.028198,0.834412,7.755,77.5,-1
1782769118.707,2087,476659,0,0.00000000,0.00000000,0.00,0,0,0.92,-0.017,0.9310,0.0490,1.3720,1.6588,0.545227,0.075623,-0.028198,0.834412,7.758,72.5,-1
1782769118.895,2088,476884,0,0.00000000,0.00000000,0.00,0,0,0.91,-0.019,0.0000,0.7350,1.7640,1.9110,0.545227,0.075684,-0.028259,0.834412,7.755,77.5,-1
1782769119.142,2089,477107,0,0.00000000,0.00000000,0.00,0,0,0.84,-0.077,0.3920,0.3430,0.8330,0.9824,0.545227,0.075745,-0.028259,0.834412,7.755,75.0,-1
1782769119.391,2090,477327,0,0.00000000,0.00000000,0.00,0,0,0.89,-0.040,0.6370,0.3920,1.7640,1.9160,0.545227,0.075745,-0.028259,0.834412,7.761,70.0,-1
1782769119.578,2091,477543,0,0.00000000,0.00000000,0.00,0,0,0.81,-0.074,0.8820,-0.3920,3.0870,3.2344,0.545227,0.075745,-0.028259,0.834412,7.756,75.0,-1
1782769119.829,2092,477766,0,0.00000000,0.00000000,0.00,0,0,0.81,-0.065,0.6370,0.5390,1.5680,1.7762,0.545227,0.075684,-0.028259,0.834412,7.756,71.2,-1
1782769120.017,2093,477990,0,0.00000000,0.00000000,0.00,0,0,0.75,-0.077,-0.1470,0.8330,2.1070,2.2705,0.545227,0.075623,-0.028320,0.834412,7.759,72.5,-1
1782769120.269,2094,478209,0,0.00000000,0.00000000,0.00,0,0,0.75,-0.072,0.1960,1.3230,1.9110,2.3325,0.545227,0.075562,-0.028381,0.834412,7.759,71.2,-1
1782769120.518,2095,478453,0,0.00000000,0.00000000,0.00,0,0,0.83,-0.037,0.1960,0.0980,1.8620,1.8749,0.545227,0.075562,-0.028381,0.834412,7.756,73.8,-1
1782769120.705,2096,478683,0,0.00000000,0.00000000,0.00,0,0,0.81,-0.049,-0.3920,1.2250,1.4700,1.9533,0.545227,0.075500,-0.028259,0.834412,7.754,75.0,-1
1782769120.952,2097,478900,0,0.00000000,0.00000000,0.00,0,0,0.70,-0.114,0.1960,1.5190,2.6460,3.0573,0.545227,0.075500,-0.028198,0.834412,7.754,75.0,-1
1782769121.140,2098,479124,0,0.00000000,0.00000000,0.00,0,0,0.71,-0.094,0.1470,0.5880,0.6370,0.8793,0.545227,0.075439,-0.028259,0.834412,7.758,71.2,-1
1782769121.388,2099,479350,0,0.00000000,0.00000000,0.00,0,0,0.70,-0.099,0.2450,0.6370,1.6660,1.8004,0.545227,0.075439,-0.028320,0.834412,7.756,71.2,-1
1782769121.575,2100,479560,0,0.00000000,0.00000000,0.00,0,0,0.67,-0.105,-0.3430,1.2250,1.9600,2.3366,0.545227,0.075439,-0.028381,0.834412,7.759,76.2,-1
1782769121.823,2101,479784,0,0.00000000,0.00000000,0.00,0,0,0.64,-0.114,0.4410,0.3920,1.2740,1.4040,0.526611,0.076294,-0.026550,0.846252,7.756,75.0,-1
1782769122.072,2102,480002,0,0.00000000,0.00000000,0.00,0,0,0.78,-0.024,0.2940,0.2450,1.5680,1.6140,0.526611,0.076294,-0.026550,0.846252,7.754,76.2,-1
1782769122.260,2103,480222,0,0.00000000,0.00000000,0.00,0,0,0.66,-0.092,0.2940,0.5390,2.0580,2.1476,0.526611,0.076294,-0.026550,0.846252,7.754,77.5,-1
1782769122.508,2104,480437,0,0.00000000,0.00000000,0.00,0,0,0.59,-0.118,0.5390,0.1960,-0.1960,0.6061,0.526611,0.076294,-0.026550,0.846252,7.758,67.5,-1
1782769122.694,2105,480659,0,0.00000000,0.00000000,0.00,0,0,0.68,-0.049,0.4410,1.5680,1.6660,2.3299,0.526611,0.076294,-0.026611,0.846252,7.759,71.2,-1
1782769122.944,2106,480885,0,0.00000000,0.00000000,0.00,0,0,0.64,-0.075,0.4900,0.8330,0.7840,1.2444,0.526611,0.076172,-0.026611,0.846252,7.758,76.2,-1
1782769123.131,2107,481106,0,0.00000000,0.00000000,0.00,0,0,0.71,-0.044,0.9800,0.4900,2.7930,3.0002,0.526611,0.076172,-0.026611,0.846252,7.755,71.2,-1
1782769123.395,2108,481327,0,0.00000000,0.00000000,0.00,0,0,0.67,-0.056,-0.3430,0.6860,1.7640,1.9235,0.526550,0.076233,-0.026611,0.846313,7.758,73.8,-1
1782769123.599,2109,481545,0,0.00000000,0.00000000,0.00,0,0,0.66,-0.032,0.9310,0.3430,2.3520,2.5527,0.526489,0.076294,-0.026489,0.846313,7.754,78.8,-1
1782769123.788,2110,481767,0,0.00000000,0.00000000,0.00,0,0,0.57,-0.072,0.2450,0.7840,0.6370,1.0394,0.526489,0.076294,-0.026428,0.846313,7.753,75.0,-1
1782769124.037,2111,481988,0,0.00000000,0.00000000,0.00,0,0,0.59,-0.054,1.9600,0.6860,2.1560,2.9934,0.526428,0.076294,-0.026428,0.846375,7.758,71.2,-1
1782769124.224,2112,482208,0,0.00000000,0.00000000,0.00,0,0,0.56,-0.063,0.0000,1.0780,1.1270,1.5596,0.526428,0.076294,-0.026428,0.846375,7.755,73.8,-1
1782769124.487,2113,482451,0,0.00000000,0.00000000,0.00,0,0,0.52,-0.074,0.1960,0.4410,0.4900,0.6877,0.526428,0.076294,-0.026428,0.846375,7.758,72.5,-1
1782769124.735,2114,482669,0,0.00000000,0.00000000,0.00,0,0,0.45,-0.107,0.3430,0.3920,2.3030,2.3612,0.526367,0.076233,-0.026489,0.846436,7.751,75.0,-1
1782769124.922,2115,482890,0,0.00000000,0.00000000,0.00,0,0,0.52,-0.065,1.5190,-0.0980,2.9400,3.3107,0.538940,0.075928,-0.027649,0.838440,7.755,73.8,-1
1782769125.126,2116,483113,0,0.00000000,0.00000000,0.00,0,0,0.54,-0.037,-0.1470,0.5390,1.1270,1.2579,0.538940,0.075928,-0.027710,0.838440,7.754,75.0,-1
1782769125.377,2117,483313,0,0.00000000,0.00000000,0.00,0,0,0.52,-0.045,0.9800,0.3430,2.5970,2.7969,0.538940,0.075928,-0.027710,0.838440,7.754,76.2,-1
1782769125.566,2118,483530,0,0.00000000,0.00000000,0.00,0,0,0.40,-0.110,1.0290,-0.0490,2.1070,2.3454,0.538940,0.075928,-0.027710,0.838440,7.755,73.8,-1
1782769125.815,2119,483757,0,0.00000000,0.00000000,0.00,0,0,0.48,-0.082,0.2940,0.2940,1.3230,1.3868,0.538940,0.075928,-0.027649,0.838440,7.755,78.8,-1
1782769126.004,2120,483981,0,0.00000000,0.00000000,0.00,0,0,0.54,-0.026,0.0980,1.0290,1.6660,1.9606,0.538879,0.075989,-0.027710,0.838501,7.755,72.5,-1
1782769126.250,2121,484204,0,0.00000000,0.00000000,0.00,0,0,0.45,-0.077,0.5390,0.2940,0.9800,1.1564,0.538940,0.075928,-0.027588,0.838501,7.759,75.0,-1
1782769126.498,2122,484448,0,0.00000000,0.00000000,0.00,0,0,0.53,-0.032,0.1960,0.6370,0.3920,0.7732,0.538879,0.075867,-0.027527,0.838501,7.759,72.5,-1
1782769126.685,2123,484672,0,0.00000000,0.00000000,0.00,0,0,0.48,-0.063,-0.0980,0.5880,1.5190,1.6318,0.538879,0.075928,-0.027527,0.838501,7.751,75.0,-1
1782769126.935,2124,484896,0,0.00000000,0.00000000,0.00,0,0,0.55,-0.000,0.1960,0.3920,1.0780,1.1637,0.538879,0.075928,-0.027710,0.838501,7.756,76.2,-1
1782769127.122,2125,485113,0,0.00000000,0.00000000,0.00,0,0,0.37,-0.103,0.7350,0.9800,2.1070,2.4372,0.538879,0.075989,-0.027710,0.838501,7.754,81.2,-1
1782769127.375,2126,485334,0,0.00000000,0.00000000,0.00,0,0,0.46,-0.040,0.6860,0.5390,2.0090,2.1903,0.538818,0.076111,-0.027710,0.838501,7.751,81.2,-1
1782769127.564,2127,485550,0,0.00000000,0.00000000,0.00,0,0,0.42,-0.060,0.4900,0.4900,1.9600,2.0789,0.538757,0.076050,-0.027710,0.838562,7.759,68.8,-1
1782769127.816,2128,485775,0,0.00000000,0.00000000,0.00,0,0,0.32,-0.112,0.0980,0.6860,1.1270,1.3230,0.538757,0.076050,-0.027710,0.838562,7.750,78.8,-1
1782769128.064,2129,485996,0,0.00000000,0.00000000,0.00,0,0,0.37,-0.083,0.3920,0.2450,2.4010,2.4451,0.538757,0.076050,-0.027710,0.838562,7.759,76.2,-1
1782769128.267,2130,486220,0,0.00000000,0.00000000,0.00,0,0,0.42,-0.052,0.2450,0.6370,1.4210,1.5764,0.538757,0.076050,-0.027710,0.838562,7.755,75.0,-1
1782769128.454,2131,486435,0,0.00000000,0.00000000,0.00,0,0,0.45,-0.052,0.3920,0.4900,1.2740,1.4202,0.538757,0.075989,-0.027649,0.838562,7.754,80.0,-1
1782769128.703,2132,486660,0,0.00000000,0.00000000,0.00,0,0,0.45,-0.050,0.0490,0.7350,0.6860,1.0066,0.538757,0.075989,-0.027649,0.838562,7.756,76.2,-1
1782769128.893,2133,486878,0,0.00000000,0.00000000,0.00,0,0,0.41,-0.056,1.2250,0.2940,2.6460,2.9306,0.538757,0.075989,-0.027649,0.838562,7.754,78.8,-1
1782769129.142,2134,487101,0,0.00000000,0.00000000,0.00,0,0,0.34,-0.109,0.2940,0.0490,1.4700,1.4999,0.538757,0.075989,-0.027649,0.838562,7.758,78.8,-1
1782769129.391,2135,487322,0,0.00000000,0.00000000,0.00,0,0,0.30,-0.110,0.5390,0.0980,1.2250,1.3419,0.538757,0.075928,-0.027710,0.838562,7.756,73.8,-1
1782769129.593,2136,487536,0,0.00000000,0.00000000,0.00,0,0,0.33,-0.086,0.3430,0.1960,1.4210,1.4749,0.538757,0.075928,-0.027771,0.838562,7.755,73.8,-1
1782769129.796,2137,487760,0,0.00000000,0.00000000,0.00,0,0,0.34,-0.080,1.0780,0.4410,1.4700,1.8755,0.538757,0.075928,-0.027710,0.838562,7.751,78.8,-1
1782769130.047,2138,487983,0,0.00000000,0.00000000,0.00,0,0,0.35,-0.083,0.4900,0.5390,1.6660,1.8183,0.538757,0.075867,-0.027710,0.838562,7.758,75.0,-1
1782769130.232,2139,488207,0,0.00000000,0.00000000,0.00,0,0,0.32,-0.123,0.2940,0.8330,2.1560,2.3299,0.538757,0.075867,-0.027710,0.838562,7.755,73.8,-1
1782769130.482,2140,488457,0,0.00000000,0.00000000,0.00,0,0,0.43,-0.058,0.0490,0.6370,0.8330,1.0498,0.538757,0.075928,-0.027710,0.838562,7.758,73.8,-1
1782769130.732,2141,488685,0,0.00000000,0.00000000,0.00,0,0,0.32,-0.123,-0.0980,1.1270,1.6660,2.0138,0.538757,0.075928,-0.027710,0.838562,7.758,77.5,-1
1782769130.918,2142,488902,0,0.00000000,0.00000000,0.00,0,0,0.36,-0.088,0.5390,1.3720,0.8820,1.7178,0.538757,0.075928,-0.027649,0.838562,7.754,86.2,-1
1782769131.165,2143,489123,0,0.00000000,0.00000000,0.00,0,0,0.41,-0.051,0.3430,0.5390,1.2740,1.4252,0.538757,0.075928,-0.027649,0.838562,7.754,80.0,-1
1782769131.415,2144,489343,0,0.00000000,0.00000000,0.00,0,0,0.46,0.005,0.4410,0.5390,1.2250,1.4091,0.538757,0.075928,-0.027649,0.838562,7.753,78.8,-1
1782769131.602,2145,489555,0,0.00000000,0.00000000,0.00,0,0,0.33,-0.066,0.3920,0.3430,1.2250,1.3311,0.538757,0.075867,-0.027588,0.838562,7.754,75.0,-1
1782769131.791,2146,489774,0,0.00000000,0.00000000,0.00,0,0,0.34,-0.036,0.1960,1.2740,1.3720,1.8825,0.538757,0.075867,-0.027588,0.838562,7.751,73.8,-1
1782769132.040,2147,489998,0,0.00000000,0.00000000,0.00,0,0,0.27,-0.075,0.2450,0.4900,0.8820,1.0383,0.538757,0.075867,-0.027649,0.838562,7.758,72.5,-1
1782769132.227,2148,490215,0,0.00000000,0.00000000,0.00,0,0,0.37,0.010,-0.1470,0.7840,1.1270,1.3807,0.538757,0.075928,-0.027649,0.838562,7.754,77.5,-1
1782769132.477,2149,490461,0,0.00000000,0.00000000,0.00,0,0,0.37,-0.008,-0.0490,0.8330,1.2740,1.5229,0.538757,0.075928,-0.027649,0.838562,7.756,73.8,-1
1782769132.730,2150,490687,0,0.00000000,0.00000000,0.00,0,0,0.40,0.010,0.4410,1.0780,1.8130,2.1549,0.538757,0.075928,-0.027649,0.838562,7.754,81.2,-1
1782769132.981,2151,490909,0,0.00000000,0.00000000,0.00,0,0,0.30,-0.046,0.6860,0.0980,1.7640,1.8952,0.538757,0.075867,-0.027649,0.838562,7.753,82.5,-1
1782769133.168,2152,491128,0,0.00000000,0.00000000,0.00,0,0,0.51,0.077,0.1470,0.7840,0.6860,1.0521,0.538757,0.075867,-0.027710,0.838562,7.754,77.5,-1
1782769133.414,2153,491347,0,0.00000000,0.00000000,0.00,0,0,0.34,-0.042,0.3430,0.4410,2.1560,2.2272,0.538757,0.075867,-0.027710,0.838562,7.753,77.5,-1
1782769133.601,2154,491562,0,0.00000000,0.00000000,0.00,0,0,0.41,0.020,0.1470,0.6860,0.7350,1.0161,0.538757,0.075867,-0.027649,0.838562,7.756,73.8,-1
1782769133.787,2155,491777,0,0.00000000,0.00000000,0.00,0,0,0.43,0.036,0.2450,0.2940,1.4700,1.5190,0.538757,0.075867,-0.027649,0.838562,7.755,75.0,-1
1782769134.036,2156,492003,0,0.00000000,0.00000000,0.00,0,0,0.46,0.052,0.0490,0.7350,1.2740,1.4716,0.538757,0.075928,-0.027649,0.838562,7.758,73.8,-1
1782769134.284,2157,492229,0,0.00000000,0.00000000,0.00,0,0,0.48,0.046,0.2940,1.2250,1.3720,1.8626,0.538757,0.075928,-0.027649,0.838562,7.755,78.8,-1
1782769134.472,2158,492445,0,0.00000000,0.00000000,0.00,0,0,0.52,0.082,-0.0490,0.9800,2.3030,2.5033,0.538757,0.075928,-0.027649,0.838562,7.755,73.8,-1
1782769134.722,2159,492675,0,0.00000000,0.00000000,0.00,0,0,0.38,0.000,0.3430,0.0490,2.2540,2.2805,0.538757,0.075928,-0.027710,0.838562,7.753,77.5,-1
1782769134.911,2160,492875,0,0.00000000,0.00000000,0.00,0,0,0.63,0.149,0.0000,0.6860,1.4210,1.5779,0.538757,0.075928,-0.027710,0.838562,7.751,75.0,-1
1782769135.159,2161,493102,0,0.00000000,0.00000000,0.00,0,0,0.58,0.096,0.0490,0.4410,1.4210,1.4887,0.534119,0.076111,-0.027222,0.841553,7.753,76.2,-1
1782769135.346,2162,493325,0,0.00000000,0.00000000,0.00,0,0,0.53,0.065,0.5390,0.5390,1.9110,2.0574,0.534119,0.076111,-0.027222,0.841553,7.755,73.8,-1
1782769135.593,2163,493539,0,0.00000000,0.00000000,0.00,0,0,0.53,0.055,0.4900,0.5880,1.5680,1.7448,0.534119,0.076111,-0.027222,0.841553,7.758,75.0,-1
1782769135.780,2164,493766,0,0.00000000,0.00000000,0.00,0,0,0.54,0.058,0.1470,0.7840,1.2740,1.5031,0.534119,0.076050,-0.027344,0.841553,7.755,72.5,-1
1782769136.032,2165,493986,0,0.00000000,0.00000000,0.00,0,0,0.63,0.094,0.5390,0.6370,2.1070,2.2662,0.534119,0.076050,-0.027344,0.841553,7.755,73.8,-1
1782769136.220,2166,494208,0,0.00000000,0.00000000,0.00,0,0,0.68,0.111,0.0980,0.7840,1.2250,1.4577,0.534119,0.076050,-0.027283,0.841553,7.758,73.8,-1
1782769136.472,2167,494451,0,0.00000000,0.00000000,0.00,0,0,0.72,0.123,0.4900,0.6860,2.3520,2.4985,0.534119,0.076050,-0.027283,0.841553,7.755,73.8,-1
1782769136.722,2168,494678,0,0.00000000,0.00000000,0.00,0,0,0.67,0.079,0.0000,0.6860,2.0090,2.1229,0.534119,0.076111,-0.027283,0.841553,7.755,76.2,-1
1782769136.911,2169,494896,0,0.00000000,0.00000000,0.00,0,0,0.67,0.080,0.6370,0.1960,1.8620,1.9777,0.534119,0.076111,-0.027283,0.841553,7.753,80.0,-1
1782769137.162,2170,495120,0,0.00000000,0.00000000,0.00,0,0,0.63,0.045,0.5390,0.5880,1.7640,1.9360,0.534119,0.076050,-0.027344,0.841553,7.758,71.2,-1
1782769137.350,2171,495339,0,0.00000000,0.00000000,0.00,0,0,0.71,0.081,0.0490,0.8330,1.2250,1.4822,0.534119,0.076050,-0.027283,0.841553,7.758,72.5,-1
1782769137.597,2172,495554,0,0.00000000,0.00000000,0.00,0,0,0.73,0.079,0.2940,0.5390,1.4700,1.5931,0.534119,0.076050,-0.027283,0.841553,7.758,73.8,-1
1782769137.847,2173,495780,0,0.00000000,0.00000000,0.00,0,0,0.55,-0.030,0.2450,0.7350,1.3230,1.5332,0.534119,0.076050,-0.027344,0.841553,7.755,71.2,-1
1782769138.036,2174,495999,0,0.00000000,0.00000000,0.00,0,0,0.85,0.165,0.8330,0.8330,2.6460,2.8964,0.534119,0.076111,-0.027283,0.841553,7.756,73.8,-1
1782769138.285,2175,496221,0,0.00000000,0.00000000,0.00,0,0,0.84,0.143,0.4410,0.6370,1.8130,1.9716,0.534119,0.076111,-0.027283,0.841553,7.756,76.2,-1
1782769138.488,2176,496463,0,0.00000000,0.00000000,0.00,0,0,0.82,0.097,0.0490,0.3430,1.4210,1.4626,0.534119,0.076111,-0.027283,0.841553,7.754,77.5,-1
1782769138.737,2177,496680,0,0.00000000,0.00000000,0.00,0,0,0.83,0.096,0.0490,1.1760,0.4900,1.2749,0.534119,0.076050,-0.027283,0.841553,7.758,77.5,-1
1782769138.924,2178,496904,0,0.00000000,0.00000000,0.00,0,0,0.74,0.030,0.2940,0.4900,1.4700,1.5772,0.534119,0.075989,-0.027405,0.841553,7.753,78.8,-1
1782769139.172,2179,497122,0,0.00000000,0.00000000,0.00,0,0,0.85,0.093,0.4900,0.3430,0.9800,1.1481,0.534119,0.075989,-0.027405,0.841553,7.756,75.0,-1
1782769139.361,2180,497342,0,0.00000000,0.00000000,0.00,0,0,0.75,0.003,-1.4210,1.7640,-0.0980,2.2673,0.534119,0.075989,-0.027405,0.841553,7.755,76.2,-1
1782769139.609,2181,497558,0,0.00000000,0.00000000,0.00,0,0,0.67,-0.077,0.1960,0.2940,0.8330,0.9048,0.534119,0.075989,-0.027405,0.841553,7.758,71.2,-1
1782769139.797,2182,497781,0,0.00000000,0.00000000,0.00,0,0,0.88,0.057,-0.1960,1.2740,1.4210,1.9185,0.534119,0.076050,-0.027405,0.841553,7.755,77.5,-1
1782769140.047,2183,498005,0,0.00000000,0.00000000,0.00,0,0,0.83,0.027,0.5880,0.3430,1.6660,1.7997,0.534119,0.076111,-0.027344,0.841553,7.758,73.8,-1
1782769140.299,2184,498226,0,0.00000000,0.00000000,0.00,0,0,0.93,0.079,-0.3430,1.3230,1.4210,1.9716,0.534119,0.076111,-0.027344,0.841553,7.756,71.2,-1
1782769140.484,2185,498437,0,0.00000000,0.00000000,0.00,0,0,0.85,0.050,0.0490,0.6860,1.0290,1.2377,0.534119,0.076111,-0.027283,0.841553,7.755,72.5,-1
1782769140.672,2186,498656,0,0.00000000,0.00000000,0.00,0,0,0.82,0.025,-0.0980,1.3720,1.3230,1.9085,0.534119,0.076111,-0.027283,0.841553,7.754,72.5,-1
1782769140.920,2187,498878,0,0.00000000,0.00000000,0.00,0,0,0.83,0.026,0.6370,0.6370,2.3030,2.4729,0.534119,0.076111,-0.027283,0.841553,7.758,71.2,-1
1782769141.171,2188,499100,0,0.00000000,0.00000000,0.00,0,0,0.83,0.015,0.2450,1.7150,0.7350,1.8819,0.534119,0.075989,-0.027222,0.841553,7.758,71.2,-1
1782769141.357,2189,499327,0,0.00000000,0.00000000,0.00,0,0,0.82,0.012,0.5880,0.7350,1.6170,1.8710,0.534119,0.076050,-0.027222,0.841553,7.754,76.2,-1
1782769141.609,2190,499546,0,0.00000000,0.00000000,0.00,0,0,0.89,0.058,-0.8820,1.0290,0.7350,1.5417,0.534119,0.076050,-0.027283,0.841553,7.754,77.5,-1
1782769141.796,2191,499770,0,0.00000000,0.00000000,0.00,0,0,0.89,0.051,-0.7350,0.7350,0.7350,1.2731,0.534119,0.076050,-0.027283,0.841553,7.758,72.5,-1
1782769142.047,2192,499988,0,0.00000000,0.00000000,0.00,0,0,0.83,0.010,0.1960,0.7840,1.3230,1.5503,0.534119,0.075989,-0.027283,0.841553,7.758,72.5,-1
1782769142.233,2193,500212,0,0.00000000,0.00000000,0.00,0,0,0.91,0.040,0.0000,0.7840,1.2740,1.4959,0.534119,0.075989,-0.027283,0.841553,7.755,72.5,-1
1782769142.481,2194,500456,0,0.00000000,0.00000000,0.00,0,0,0.91,0.037,0.4410,0.7840,1.4700,1.7234,0.534119,0.076050,-0.027283,0.841553,7.758,71.2,-1
1782769142.730,2195,500683,0,0.00000000,0.00000000,0.00,0,0,0.86,0.006,0.3430,0.4900,1.8130,1.9091,0.534119,0.076050,-0.027222,0.841553,7.761,71.2,-1
1782769142.979,2196,500909,0,0.00000000,0.00000000,0.00,0,0,0.93,0.050,0.0000,0.7350,2.0580,2.1853,0.534119,0.076050,-0.027222,0.841553,7.755,80.0,-1
1782769143.165,2197,501134,0,0.00000000,0.00000000,0.00,0,0,0.91,0.038,0.8820,0.3430,1.0780,1.4345,0.534119,0.076111,-0.027222,0.841553,7.756,71.2,-1
1782769143.418,2198,501355,0,0.00000000,0.00000000,0.00,0,0,1.04,0.112,0.3920,1.2740,0.6860,1.4991,0.534119,0.076111,-0.027222,0.841553,7.758,72.5,-1
1782769143.604,2199,501574,0,0.00000000,0.00000000,0.00,0,0,1.04,0.099,0.5390,0.9800,0.8820,1.4244,0.534119,0.076111,-0.027222,0.841553,7.759,75.0,-1
1782769143.854,2200,501793,0,0.00000000,0.00000000,0.00,0,0,1.19,0.180,0.1470,0.8330,2.3520,2.4995,0.534119,0.076111,-0.027283,0.841553,7.755,73.8,-1
1782769144.042,2201,502012,0,0.00000000,0.00000000,0.00,0,0,1.07,0.088,-0.1960,1.1270,1.2740,1.7122,0.534119,0.076050,-0.027222,0.841553,7.755,72.5,-1
1782769144.292,2202,502237,0,0.00000000,0.00000000,0.00,0,0,1.03,0.063,0.1470,0.3430,2.0580,2.0916,0.534119,0.075989,-0.027222,0.841553,7.758,73.8,-1
1782769144.481,2203,502451,0,0.00000000,0.00000000,0.00,0,0,0.91,-0.020,0.6370,0.8820,1.4700,1.8288,0.534119,0.075989,-0.027222,0.841553,7.756,72.5,-1
1782769144.747,2204,502676,0,0.00000000,0.00000000,0.00,0,0,0.88,-0.050,0.0490,0.4410,2.3030,2.3454,0.534119,0.075989,-0.027222,0.841553,7.753,73.8,-1
1782769144.951,2205,502894,0,0.00000000,0.00000000,0.00,0,0,0.92,-0.021,0.0000,1.5190,0.4900,1.5961,0.534119,0.076050,-0.027222,0.841553,7.754,75.0,-1
1782769145.138,2206,503117,0,0.00000000,0.00000000,0.00,0,0,0.89,-0.030,0.3920,0.7350,1.8130,1.9952,0.534119,0.075989,-0.027222,0.841553,7.758,73.8,-1
1782769145.387,2207,503339,0,0.00000000,0.00000000,0.00,0,0,0.96,0.006,0.6860,0.4410,2.3520,2.4894,0.534119,0.075989,-0.027283,0.841553,7.758,73.8,-1
1782769145.573,2208,503558,0,0.00000000,0.00000000,0.00,0,0,0.97,0.020,-0.0490,0.8330,0.1960,0.8571,0.534119,0.076050,-0.027283,0.841553,7.754,72.5,-1
1782769145.821,2209,503780,0,0.00000000,0.00000000,0.00,0,0,0.86,-0.052,0.7350,0.5390,1.4700,1.7296,0.534119,0.076050,-0.027283,0.841553,7.759,75.0,-1
1782769146.070,2210,504009,0,0.00000000,0.00000000,0.00,0,0,0.94,-0.001,0.1960,0.5390,1.4210,1.5324,0.534119,0.075989,-0.027222,0.841553,7.760,71.2,-1
1782769146.258,2211,504227,0,0.00000000,0.00000000,0.00,0,0,0.97,0.012,0.7350,1.0290,2.3520,2.6704,0.534119,0.075928,-0.027161,0.841553,7.758,73.8,-1
1782769146.508,2212,504442,0,0.00000000,0.00000000,0.00,0,0,0.97,0.018,0.2450,0.7350,1.9600,2.1076,0.534119,0.075928,-0.027161,0.841553,7.755,71.2,-1
1782769146.697,2213,504669,0,0.00000000,0.00000000,0.00,0,0,0.96,0.026,0.3920,0.3430,1.6170,1.6988,0.534119,0.075928,-0.027100,0.841553,7.758,71.2,-1
1782769146.944,2214,504889,0,0.00000000,0.00000000,0.00,0,0,0.86,-0.041,-0.2450,0.5880,1.3230,1.4684,0.534119,0.075928,-0.027161,0.841553,7.758,72.5,-1
1782769147.133,2215,505112,0,0.00000000,0.00000000,0.00,0,0,0.97,0.030,-0.4410,1.6660,1.3720,2.2028,0.534119,0.075928,-0.027222,0.841553,7.759,76.2,-1
1782769147.382,2216,505333,0,0.00000000,0.00000000,0.00,0,0,0.99,0.041,0.3430,0.2940,1.2250,1.3056,0.534119,0.075928,-0.027161,0.841553,7.759,71.2,-1
1782769147.567,2217,505546,0,0.00000000,0.00000000,0.00,0,0,0.97,0.009,1.1270,0.2450,3.2340,3.4335,0.534119,0.075867,-0.027161,0.841553,7.758,72.5,-1
1782769147.819,2218,505772,0,0.00000000,0.00000000,0.00,0,0,0.96,0.003,-0.3430,1.1270,0.0980,1.1821,0.534119,0.075806,-0.027222,0.841553,7.759,71.2,-1
1782769148.007,2219,505991,0,0.00000000,0.00000000,0.00,0,0,0.88,-0.038,0.0000,0.9800,1.0290,1.4210,0.534119,0.075745,-0.027222,0.841553,7.758,71.2,-1
1782769148.256,2220,506213,0,0.00000000,0.00000000,0.00,0,0,0.92,-0.018,0.0980,0.7840,1.3230,1.5410,0.534119,0.075745,-0.027222,0.841553,7.755,77.5,-1
1782769148.509,2221,506457,0,0.00000000,0.00000000,0.00,0,0,0.91,-0.026,0.9800,0.4410,2.7440,2.9469,0.534119,0.075745,-0.027161,0.841553,7.756,72.5,-1
1782769148.712,2222,506678,0,0.00000000,0.00000000,0.00,0,0,0.88,-0.055,0.4900,0.7840,2.3520,2.5272,0.534119,0.075745,-0.027100,0.841553,7.756,72.5,-1
1782769148.963,2223,506903,0,0.00000000,0.00000000,0.00,0,0,0.80,-0.116,0.6370,0.5390,1.8130,1.9958,0.534119,0.075745,-0.027100,0.841553,7.747,86.2,-1
1782769149.152,2224,507128,0,0.00000000,0.00000000,0.00,0,0,0.87,-0.064,0.3430,0.3920,0.8820,1.0243,0.534119,0.075806,-0.027100,0.841553,7.755,76.2,-1
1782769149.400,2225,507355,0,0.00000000,0.00000000,0.00,0,0,0.93,-0.022,0.1960,0.5880,1.4700,1.5953,0.534119,0.075867,-0.027161,0.841553,7.753,76.2,-1
1782769149.589,2226,507564,0,0.00000000,0.00000000,0.00,0,0,0.87,-0.055,0.3430,0.6370,1.4700,1.6384,0.534119,0.075867,-0.027161,0.841553,7.754,78.8,-1
1782769149.838,2227,507788,0,0.00000000,0.00000000,0.00,0,0,0.96,0.013,0.3920,0.2450,1.9110,1.9661,0.534119,0.075989,-0.027161,0.841553,7.756,78.8,-1
1782769150.026,2228,508007,0,0.00000000,0.00000000,0.00,0,0,0.93,0.001,0.5390,0.0980,1.6660,1.7538,0.534119,0.075989,-0.027222,0.841553,7.758,78.8,-1
1782769150.276,2229,508228,0,0.00000000,0.00000000,0.00,0,0,0.91,-0.019,0.0980,0.0980,0.8820,0.8928,0.534119,0.075989,-0.027222,0.841553,7.754,76.2,-1
1782769150.459,2230,508443,0,0.00000000,0.00000000,0.00,0,0,0.91,-0.029,0.1960,0.3920,1.7640,1.8176,0.534119,0.075989,-0.027283,0.841553,7.756,73.8,-1
1782769150.724,2231,508665,0,0.00000000,0.00000000,0.00,0,0,0.93,-0.027,-0.0490,0.6860,1.1760,1.3623,0.534119,0.075989,-0.027344,0.841553,7.755,73.8,-1
1782769150.912,2232,508893,0,0.00000000,0.00000000,0.00,0,0,0.96,-0.002,1.4700,0.7350,1.7640,2.4110,0.534119,0.075989,-0.027283,0.841553,7.758,76.2,-1
1782769151.165,2233,509121,0,0.00000000,0.00000000,0.00,0,0,0.98,0.020,0.5390,0.5880,2.0580,2.2072,0.534119,0.076050,-0.027283,0.841553,7.756,77.5,-1
1782769151.413,2234,509345,0,0.00000000,0.00000000,0.00,0,0,1.03,0.043,0.2940,0.5880,1.3720,1.5214,0.534119,0.076050,-0.027283,0.841553,7.756,76.2,-1
1782769151.603,2235,509563,0,0.00000000,0.00000000,0.00,0,0,0.96,-0.005,0.4900,0.3920,1.6660,1.7803,0.534119,0.076050,-0.027283,0.841553,7.758,73.8,-1
1782769151.850,2236,509790,0,0.00000000,0.00000000,0.00,0,0,1.01,0.024,0.0000,0.5390,0.9800,1.1184,0.534119,0.076050,-0.027222,0.841553,7.754,75.0,-1
1782769152.037,2237,510014,0,0.00000000,0.00000000,0.00,0,0,0.97,-0.001,0.0490,1.3230,1.6170,2.0898,0.534119,0.076050,-0.027222,0.841553,7.753,76.2,-1
1782769152.288,2238,510235,0,0.00000000,0.00000000,0.00,0,0,0.88,-0.065,0.2940,0.1960,1.7640,1.7990,0.534119,0.076050,-0.027222,0.841553,7.753,76.2,-1
1782769152.476,2239,510445,0,0.00000000,0.00000000,0.00,0,0,0.91,-0.053,0.2450,0.5390,1.7150,1.8143,0.534119,0.076050,-0.027222,0.841553,7.758,72.5,-1
1782769152.726,2240,510665,0,0.00000000,0.00000000,0.00,0,0,0.96,-0.029,0.3430,0.8820,1.6170,1.8736,0.534119,0.075989,-0.027283,0.841553,7.758,73.8,-1
1782769152.913,2241,510885,0,0.00000000,0.00000000,0.00,0,0,0.94,-0.064,0.0490,0.7350,1.3230,1.5143,0.534119,0.075989,-0.027344,0.841553,7.758,73.8,-1
1782769153.161,2242,511109,0,0.00000000,0.00000000,0.00,0,0,0.96,-0.050,0.2940,0.7350,1.4210,1.6266,0.534119,0.075928,-0.027405,0.841553,7.758,75.0,-1
1782769153.346,2243,511334,0,0.00000000,0.00000000,0.00,0,0,0.94,-0.051,-0.5390,0.5880,1.6660,1.8471,0.534119,0.075989,-0.027405,0.841553,7.756,78.8,-1
1782769153.595,2244,511548,0,0.00000000,0.00000000,0.00,0,0,0.99,0.003,0.3920,0.6860,1.7640,1.9329,0.534119,0.075989,-0.027344,0.841553,7.756,76.2,-1
1782769153.846,2245,511775,0,0.00000000,0.00000000,0.00,0,0,0.92,-0.026,0.3430,0.3430,1.6170,1.6882,0.534119,0.075928,-0.027283,0.841553,7.749,77.5,-1
1782769154.035,2246,511999,0,0.00000000,0.00000000,0.00,0,0,1.02,0.027,0.3430,0.7840,2.3030,2.4569,0.534119,0.075928,-0.027222,0.841553,7.754,75.0,-1
1782769154.285,2247,512222,0,0.00000000,0.00000000,0.00,0,0,1.00,0.013,0.3430,0.9800,1.7150,2.0048,0.534119,0.075928,-0.027161,0.841553,7.755,75.0,-1
1782769154.471,2248,512439,0,0.00000000,0.00000000,0.00,0,0,0.95,-0.043,0.0000,0.5880,1.2740,1.4031,0.534119,0.075989,-0.027161,0.841553,7.755,68.8,-1
1782769154.721,2249,512665,0,0.00000000,0.00000000,0.00,0,0,1.00,-0.020,0.2940,0.1960,1.1270,1.1811,0.534119,0.075928,-0.027161,0.841553,7.755,76.2,-1
1782769154.910,2250,512891,0,0.00000000,0.00000000,0.00,0,0,0.98,-0.019,0.3920,0.5880,1.6170,1.7647,0.534119,0.075928,-0.027100,0.841553,7.758,68.8,-1
1782769155.159,2251,513111,0,0.00000000,0.00000000,0.00,0,0,0.82,-0.121,0.5390,0.6860,1.5190,1.7517,0.534119,0.075867,-0.027100,0.841553,7.759,68.8,-1
1782769155.348,2252,513328,0,0.00000000,0.00000000,0.00,0,0,1.01,-0.009,-0.0490,0.8330,1.1270,1.4023,0.534119,0.075867,-0.027039,0.841553,7.755,80.0,-1
1782769155.594,2253,513542,0,0.00000000,0.00000000,0.00,0,0,0.93,-0.053,0.3430,1.0290,1.6170,1.9471,0.534180,0.075867,-0.027039,0.841553,7.760,71.2,-1
1782769155.782,2254,513760,0,0.00000000,0.00000000,0.00,0,0,0.91,-0.066,0.2940,0.8820,1.0290,1.3868,0.534180,0.075928,-0.026978,0.841553,7.751,77.5,-1
1782769156.032,2255,513984,0,0.00000000,0.00000000,0.00,0,0,0.85,-0.102,1.0780,0.5880,1.2740,1.7694,0.534180,0.075867,-0.027039,0.841553,7.756,78.8,-1
1782769156.218,2256,514203,0,0.00000000,0.00000000,0.00,0,0,0.92,-0.044,0.3920,0.6370,1.5680,1.7373,0.547791,0.075134,-0.028625,0.832764,7.756,70.0,-1
1782769156.469,2257,514444,0,0.00000000,0.00000000,0.00,0,0,0.95,-0.018,0.1470,0.1470,1.6170,1.6303,0.547791,0.075134,-0.028564,0.832764,7.754,72.5,-1
1782769156.719,2258,514663,0,0.00000000,0.00000000,0.00,0,0,0.99,0.023,0.7350,0.8330,1.7150,2.0434,0.547791,0.075256,-0.028503,0.832764,7.753,82.5,-1
1782769156.907,2259,514885,0,0.00000000,0.00000000,0.00,0,0,1.01,0.035,-0.2940,0.7350,1.4210,1.6266,0.547791,0.075317,-0.028503,0.832764,7.753,77.5,-1
1782769157.157,2260,515108,0,0.00000000,0.00000000,0.00,0,0,1.00,0.043,0.3430,1.0780,1.6170,1.9734,0.547791,0.075378,-0.028442,0.832764,7.755,78.8,-1
1782769157.406,2261,515334,0,0.00000000,0.00000000,0.00,0,0,0.91,-0.017,0.3430,0.4410,2.0580,2.1325,0.547791,0.075378,-0.028503,0.832764,7.753,77.5,-1
1782769157.593,2262,515549,0,0.00000000,0.00000000,0.00,0,0,0.93,-0.002,0.0000,0.5390,0.7840,0.9514,0.547791,0.075378,-0.028503,0.832764,7.758,72.5,-1
1782769157.841,2263,515773,0,0.00000000,0.00000000,0.00,0,0,0.85,-0.049,0.1470,0.3920,1.4210,1.4814,0.547791,0.075439,-0.028503,0.832703,7.756,77.5,-1
1782769158.028,2264,515995,0,0.00000000,0.00000000,0.00,0,0,0.93,0.010,0.2450,0.4410,1.2250,1.3248,0.547791,0.075439,-0.028442,0.832703,7.753,76.2,-1
1782769158.277,2265,516220,0,0.00000000,0.00000000,0.00,0,0,0.89,-0.006,0.1470,0.3430,2.2050,2.2364,0.547791,0.075500,-0.028442,0.832703,7.756,72.5,-1
1782769158.462,2266,516438,0,0.00000000,0.00000000,0.00,0,0,0.87,-0.021,0.3920,0.5880,1.6170,1.7647,0.547791,0.075439,-0.028442,0.832703,7.755,75.0,-1
1782769158.712,2267,516655,0,0.00000000,0.00000000,0.00,0,0,0.97,0.031,0.8330,0.0000,2.3520,2.4952,0.547791,0.075439,-0.028381,0.832703,7.753,73.8,-1
1782769158.899,2268,516879,0,0.00000000,0.00000000,0.00,0,0,0.98,0.047,0.3430,0.3920,1.6170,1.6988,0.547791,0.075439,-0.028442,0.832703,7.758,73.8,-1
1782769159.147,2269,517098,0,0.00000000,0.00000000,0.00,0,0,0.94,0.034,0.3920,0.1960,1.9110,1.9606,0.547791,0.075439,-0.028503,0.832703,7.754,76.2,-1
1782769159.333,2270,517316,0,0.00000000,0.00000000,0.00,0,0,0.90,-0.007,0.5390,0.6370,0.8330,1.1791,0.547729,0.075623,-0.028442,0.832764,7.754,76.2,-1
1782769159.581,2271,517532,0,0.00000000,0.00000000,0.00,0,0,0.94,0.005,1.3720,0.3920,2.8910,3.2240,0.547729,0.075623,-0.028442,0.832764,7.755,78.8,-1
1782769159.768,2272,517754,0,0.00000000,0.00000000,0.00,0,0,1.04,0.062,0.2450,1.3230,1.8130,2.2577,0.547729,0.075623,-0.028442,0.832764,7.755,77.5,-1
1782769160.016,2273,517982,0,0.00000000,0.00000000,0.00,0,0,1.13,0.105,0.1470,0.2940,1.4700,1.5063,0.547729,0.075623,-0.028442,0.832764,7.758,72.5,-1
1782769160.266,2274,518205,0,0.00000000,0.00000000,0.00,0,0,1.04,0.042,0.2450,0.4410,1.6170,1.6939,0.547729,0.075623,-0.028442,0.832764,7.758,72.5,-1
1782769160.516,2275,518449,0,0.00000000,0.00000000,0.00,0,0,0.99,-0.006,0.1470,0.4900,1.0290,1.1492,0.547729,0.075623,-0.028442,0.832764,7.758,76.2,-1
1782769160.704,2276,518674,0,0.00000000,0.00000000,0.00,0,0,1.03,0.028,0.5880,-0.2450,2.0090,2.1076,0.547729,0.075623,-0.028442,0.832764,7.753,76.2,-1
1782769160.952,2277,518895,0,0.00000000,0.00000000,0.00,0,0,1.15,0.097,-0.6370,1.4700,-0.2940,1.6288,0.547729,0.075562,-0.028442,0.832764,7.751,75.0,-1
1782769161.139,2278,519115,0,0.00000000,0.00000000,0.00,0,0,0.94,-0.037,0.5880,0.5880,1.9600,2.1291,0.547729,0.075623,-0.028442,0.832764,7.754,75.0,-1
1782769161.388,2279,519334,0,0.00000000,0.00000000,0.00,0,0,1.02,0.027,0.0980,0.7350,1.2250,1.4319,0.547729,0.075623,-0.028442,0.832764,7.755,77.5,-1
1782769161.576,2280,519553,0,0.00000000,0.00000000,0.00,0,0,1.01,-0.014,0.4410,0.3920,2.0580,2.1409,0.547729,0.075623,-0.028442,0.832764,7.751,78.8,-1
1782769161.826,2281,519773,0,0.00000000,0.00000000,0.00,0,0,0.89,-0.098,0.4900,0.6370,1.6660,1.8497,0.547729,0.075623,-0.028442,0.832764,7.749,85.0,-1
1782769162.012,2282,519998,0,0.00000000,0.00000000,0.00,0,0,1.00,-0.008,-0.0490,0.5880,1.5190,1.6296,0.547729,0.075623,-0.028442,0.832764,7.755,76.2,-1
1782769162.259,2283,520219,0,0.00000000,0.00000000,0.00,0,0,0.92,-0.077,0.5880,0.0980,1.4210,1.5410,0.547729,0.075684,-0.028442,0.832764,7.755,77.5,-1
1782769162.508,2284,520459,0,0.00000000,0.00000000,0.00,0,0,0.97,-0.039,0.1960,0.2450,1.3230,1.3597,0.547729,0.075623,-0.028442,0.832764,7.756,73.8,-1
1782769162.756,2285,520685,0,0.00000000,0.00000000,0.00,0,0,1.03,-0.007,-0.0980,1.0290,0.4410,1.1238,0.547729,0.075623,-0.028442,0.832764,7.756,75.0,-1
1782769162.942,2286,520904,0,0.00000000,0.00000000,0.00,0,0,0.89,-0.096,-0.1960,0.7840,1.3720,1.5923,0.547729,0.075623,-0.028442,0.832764,7.751,81.2,-1
1782769163.191,2287,521128,0,0.00000000,0.00000000,0.00,0,0,0.92,-0.070,0.1960,0.3920,1.5680,1.6281,0.547729,0.075623,-0.028442,0.832764,7.755,77.5,-1
1782769163.378,2288,521352,0,0.00000000,0.00000000,0.00,0,0,0.89,-0.080,0.3920,0.4410,1.5680,1.6753,0.547729,0.075623,-0.028442,0.832764,7.755,73.8,-1
1782769163.629,2289,521570,0,0.00000000,0.00000000,0.00,0,0,1.01,-0.018,0.6370,0.9310,0.8330,1.4023,0.547729,0.075623,-0.028442,0.832764,7.754,73.8,-1
1782769163.817,2290,521788,0,0.00000000,0.00000000,0.00,0,0,0.90,-0.081,-0.2940,0.8820,1.6170,1.8652,0.547729,0.075562,-0.028442,0.832764,7.754,80.0,-1
1782769164.067,2291,522008,0,0.00000000,0.00000000,0.00,0,0,0.90,-0.088,0.2940,0.6860,1.3720,1.5619,0.547729,0.075500,-0.028381,0.832764,7.755,80.0,-1
1782769164.255,2292,522232,0,0.00000000,0.00000000,0.00,0,0,0.92,-0.039,0.5880,0.4410,1.8130,1.9563,0.547729,0.075439,-0.028320,0.832764,7.758,76.2,-1
1782769164.504,2293,522449,0,0.00000000,0.00000000,0.00,0,0,0.94,-0.033,0.1960,0.5390,1.4210,1.5324,0.547729,0.075439,-0.028320,0.832764,7.755,80.0,-1
1782769164.691,2294,522673,0,0.00000000,0.00000000,0.00,0,0,0.90,-0.049,0.3920,0.1470,1.5190,1.5756,0.547729,0.075500,-0.028381,0.832764,7.760,68.8,-1
1782769164.940,2295,522894,0,0.00000000,0.00000000,0.00,0,0,0.91,-0.034,0.3920,-0.4410,3.3810,3.4321,0.547729,0.075500,-0.028442,0.832764,7.760,68.8,-1
1782769165.129,2296,523116,0,0.00000000,0.00000000,0.00,0,0,0.95,-0.000,0.5390,0.7350,1.6170,1.8562,0.547729,0.075562,-0.028503,0.832764,7.758,72.5,-1
1782769165.379,2297,523344,0,0.00000000,0.00000000,0.00,0,0,1.03,0.039,0.4410,0.1960,1.8620,1.9235,0.547729,0.075562,-0.028503,0.832764,7.758,75.0,-1
1782769165.628,2298,523563,0,0.00000000,0.00000000,0.00,0,0,0.95,0.013,0.3920,0.9310,1.0290,1.4420,0.547729,0.075623,-0.028503,0.832764,7.755,71.2,-1
1782769165.816,2299,523783,0,0.00000000,0.00000000,0.00,0,0,0.91,-0.032,-0.4410,1.1760,1.2250,1.7544,0.541321,0.075867,-0.027893,0.836914,7.754,77.5,-1
1782769166.065,2300,524008,0,0.00000000,0.00000000,0.00,0,0,0.77,-0.117,0.3920,0.4900,1.5680,1.6889,0.541321,0.075867,-0.027893,0.836914,7.756,77.5,-1
1782769166.251,2301,524229,0,0.00000000,0.00000000,0.00,0,0,0.90,-0.034,0.3430,0.7350,1.4210,1.6362,0.541321,0.075867,-0.027893,0.836914,7.756,73.8,-1
1782769166.502,2302,524448,0,0.00000000,0.00000000,0.00,0,0,0.88,-0.050,-0.2450,0.2940,1.7150,1.7572,0.541321,0.075867,-0.027893,0.836914,7.756,75.0,-1
1782769166.688,2303,524669,0,0.00000000,0.00000000,0.00,0,0,0.78,-0.097,0.2450,1.7150,1.3230,2.1798,0.541321,0.075867,-0.027893,0.836914,7.758,73.8,-1
1782769166.936,2304,524890,0,0.00000000,0.00000000,0.00,0,0,0.82,-0.050,0.1470,1.1270,1.5680,1.9366,0.541321,0.075806,-0.027832,0.836914,7.758,72.5,-1
1782769167.185,2305,525116,0,0.00000000,0.00000000,0.00,0,0,0.91,0.031,0.4900,0.0490,1.8620,1.9260,0.541321,0.075806,-0.027832,0.836914,7.756,72.5,-1
1782769167.375,2306,525336,0,0.00000000,0.00000000,0.00,0,0,0.90,0.020,0.2450,0.6860,1.5190,1.6846,0.541321,0.075806,-0.027832,0.836914,7.756,73.8,-1
1782769167.625,2307,525556,0,0.00000000,0.00000000,0.00,0,0,0.88,0.028,-0.1960,0.8820,0.5880,1.0780,0.541321,0.075745,-0.027832,0.836914,7.758,72.5,-1
1782769167.810,2308,525779,0,0.00000000,0.00000000,0.00,0,0,0.90,0.044,1.4700,0.1470,2.8420,3.2030,0.541321,0.075745,-0.027832,0.836914,7.755,70.0,-1
1782769168.059,2309,526001,0,0.00000000,0.00000000,0.00,0,0,0.88,0.025,0.5880,0.7840,1.4700,1.7667,0.541321,0.075806,-0.027832,0.836914,7.758,72.5,-1
1782769168.245,2310,526224,0,0.00000000,0.00000000,0.00,0,0,1.01,0.102,0.3920,0.3920,1.6660,1.7558,0.547974,0.075684,-0.028503,0.832581,7.759,67.5,-1
1782769168.496,2311,526442,0,0.00000000,0.00000000,0.00,0,0,0.92,0.018,0.4410,0.2940,1.2250,1.3347,0.547974,0.075684,-0.028381,0.832581,7.758,70.0,-1
1782769168.684,2312,526660,0,0.00000000,0.00000000,0.00,0,0,0.81,-0.055,0.1470,1.0290,1.6660,1.9637,0.547974,0.075745,-0.028320,0.832581,7.754,73.8,-1
1782769168.934,2313,526881,0,0.00000000,0.00000000,0.00,0,0,0.89,0.011,0.9310,0.1960,0.8820,1.2973,0.547974,0.075745,-0.028381,0.832581,7.758,70.0,-1
1782769169.121,2314,527103,0,0.00000000,0.00000000,0.00,0,0,0.91,0.018,0.3920,0.2940,0.7840,0.9245,0.547974,0.075684,-0.028381,0.832581,7.755,72.5,-1
1782769169.368,2315,527331,0,0.00000000,0.00000000,0.00,0,0,0.86,-0.007,0.5390,0.1960,0.0980,0.5818,0.547974,0.075562,-0.028320,0.832581,7.753,81.2,-1
1782769169.619,2316,527545,0,0.00000000,0.00000000,0.00,0,0,0.80,-0.062,-0.1470,1.0290,1.5190,1.8406,0.547974,0.075562,-0.028381,0.832581,7.759,72.5,-1
1782769169.805,2317,527763,0,0.00000000,0.00000000,0.00,0,0,0.81,-0.062,0.1960,0.8820,0.8330,1.2289,0.547974,0.075562,-0.028381,0.832581,7.755,76.2,-1
1782769170.056,2318,527985,0,0.00000000,0.00000000,0.00,0,0,0.70,-0.130,0.9800,0.4900,1.2740,1.6804,0.547974,0.075500,-0.028381,0.832581,7.755,72.5,-1
1782769170.243,2319,528205,0,0.00000000,0.00000000,0.00,0,0,0.89,0.002,0.1470,0.9800,1.3230,1.6530,0.547974,0.075500,-0.028381,0.832581,7.753,72.5,-1
1782769170.492,2320,528446,0,0.00000000,0.00000000,0.00,0,0,0.81,-0.064,0.1470,0.3430,1.5680,1.6118,0.547974,0.075562,-0.028381,0.832581,7.759,71.2,-1
1782769170.743,2321,528669,0,0.00000000,0.00000000,0.00,0,0,0.82,-0.058,-0.1960,0.7350,1.2740,1.4838,0.547974,0.075562,-0.028442,0.832581,7.759,70.0,-1
1782769170.931,2322,528897,0,0.00000000,0.00000000,0.00,0,0,0.82,-0.054,-0.2450,1.4210,2.7930,3.1433,0.547974,0.075562,-0.028442,0.832581,7.758,75.0,-1
1782769171.185,2323,529116,0,0.00000000,0.00000000,0.00,0,0,0.82,-0.036,0.2940,0.6860,1.6660,1.8255,0.547974,0.075562,-0.028381,0.832581,7.753,78.8,-1
1782769171.372,2324,529338,0,0.00000000,0.00000000,0.00,0,0,0.93,0.045,0.2940,0.9310,1.9110,2.1460,0.547974,0.075500,-0.028381,0.832581,7.753,75.0,-1
1782769171.621,2325,529557,0,0.00000000,0.00000000,0.00,0,0,0.91,0.020,0.5880,0.3430,1.0780,1.2749,0.547974,0.075562,-0.028442,0.832581,7.759,70.0,-1
1782769171.809,2326,529780,0,0.00000000,0.00000000,0.00,0,0,0.84,-0.041,0.0490,0.5390,2.1070,2.1754,0.547974,0.075439,-0.028442,0.832642,7.755,75.0,-1
1782769172.056,2327,530003,0,0.00000000,0.00000000,0.00,0,0,0.91,0.004,0.4900,0.2450,1.5190,1.6148,0.547974,0.075439,-0.028442,0.832642,7.759,73.8,-1
1782769172.242,2328,530229,0,0.00000000,0.00000000,0.00,0,0,0.86,-0.035,0.2940,0.2450,2.0090,2.0451,0.547974,0.075500,-0.028442,0.832581,7.756,78.8,-1
1782769172.492,2329,530440,0,0.00000000,0.00000000,0.00,0,0,0.88,-0.019,0.2450,0.6860,1.7640,1.9085,0.547974,0.075562,-0.028442,0.832581,7.754,76.2,-1
1782769172.679,2330,530659,0,0.00000000,0.00000000,0.00,0,0,0.84,-0.038,0.2940,0.3430,1.1760,1.2598,0.547974,0.075500,-0.028442,0.832581,7.753,75.0,-1
1782769172.930,2331,530885,0,0.00000000,0.00000000,0.00,0,0,0.95,0.029,0.0980,0.5390,1.7640,1.8471,0.547974,0.075562,-0.028442,0.832581,7.756,72.5,-1
1782769173.181,2332,531112,0,0.00000000,0.00000000,0.00,0,0,0.92,0.003,-0.2940,1.0290,0.2940,1.1098,0.547974,0.075562,-0.028442,0.832581,7.755,75.0,-1
1782769173.383,2333,531330,0,0.00000000,0.00000000,0.00,0,0,0.87,-0.032,-0.0490,0.7350,0.9800,1.2260,0.547974,0.075562,-0.028442,0.832581,7.754,77.5,-1
1782769173.571,2334,531544,0,0.00000000,0.00000000,0.00,0,0,0.95,0.013,-0.0980,0.6860,0.3430,0.7732,0.547974,0.075500,-0.028442,0.832642,7.758,73.8,-1
1782769173.821,2335,531765,0,0.00000000,0.00000000,0.00,0,0,0.96,0.016,0.2940,0.6860,0.1960,0.7717,0.547974,0.075500,-0.028442,0.832642,7.756,72.5,-1
1782769174.005,2336,531983,0,0.00000000,0.00000000,0.00,0,0,0.87,-0.058,0.0490,0.8820,1.1760,1.4708,0.547974,0.075500,-0.028442,0.832581,7.758,73.8,-1
1782769174.258,2337,532207,0,0.00000000,0.00000000,0.00,0,0,1.04,0.064,0.3430,0.6370,2.1560,2.2741,0.547974,0.075500,-0.028442,0.832581,7.756,75.0,-1
1782769174.506,2338,532458,0,0.00000000,0.00000000,0.00,0,0,0.88,-0.039,0.4410,0.4410,1.6660,1.7789,0.547974,0.075562,-0.028442,0.832581,7.759,72.5,-1
1782769174.756,2339,532681,0,0.00000000,0.00000000,0.00,0,0,0.96,0.004,0.3920,0.8330,0.9800,1.3446,0.547974,0.075623,-0.028442,0.832581,7.756,76.2,-1
1782769174.942,2340,532907,0,0.00000000,0.00000000,0.00,0,0,0.96,-0.018,0.0980,-0.2940,0.0980,0.3250,0.547974,0.075562,-0.028381,0.832581,7.751,81.2,-1
1782769175.191,2341,533127,0,0.00000000,0.00000000,0.00,0,0,0.99,0.006,-0.1470,0.2940,1.6660,1.6981,0.547974,0.075439,-0.028381,0.832581,7.756,73.8,-1
1782769175.378,2342,533346,0,0.00000000,0.00000000,0.00,0,0,1.15,0.107,-0.2940,1.0290,1.6170,1.9391,0.548035,0.075439,-0.028442,0.832581,7.756,73.8,-1
1782769175.628,2343,533566,0,0.00000000,0.00000000,0.00,0,0,0.94,-0.015,-0.0980,0.7840,2.0580,2.2045,0.547974,0.075500,-0.028381,0.832581,7.756,73.8,-1
1782769175.815,2344,533788,0,0.00000000,0.00000000,0.00,0,0,1.04,0.041,0.3920,-0.3430,1.7640,1.8393,0.547913,0.075500,-0.028381,0.832642,7.758,75.0,-1
1782769176.064,2345,534009,0,0.00000000,0.00000000,0.00,0,0,1.09,0.081,0.0980,0.9800,1.4700,1.7694,0.547913,0.075562,-0.028442,0.832642,7.758,77.5,-1
1782769176.252,2346,534229,0,0.00000000,0.00000000,0.00,0,0,1.04,0.025,0.0980,0.6860,0.9800,1.2002,0.547913,0.075562,-0.028381,0.832642,7.755,76.2,-1
1782769176.500,2347,534445,0,0.00000000,0.00000000,0.00,0,0,1.05,0.030,-0.2940,1.9600,0.6860,2.0973,0.547852,0.075562,-0.028320,0.832642,7.756,78.8,-1
1782769176.688,2348,534671,0,0.00000000,0.00000000,0.00,0,0,1.00,-0.022,0.2940,0.7840,1.2250,1.4838,0.547852,0.075500,-0.028320,0.832642,7.760,72.5,-1
1782769176.939,2349,534892,0,0.00000000,0.00000000,0.00,0,0,1.03,-0.009,0.6860,0.4900,1.6170,1.8236,0.547852,0.075500,-0.028320,0.832642,7.759,72.5,-1
1782769177.127,2350,535093,0,0.00000000,0.00000000,0.00,0,0,1.02,-0.015,1.8130,0.1960,3.2340,3.7127,0.547852,0.075562,-0.028381,0.832642,7.759,71.2,-1
1782769177.375,2351,535318,0,0.00000000,0.00000000,0.00,0,0,0.87,-0.098,0.6860,0.3430,2.0090,2.1504,0.547852,0.075562,-0.028442,0.832642,7.756,73.8,-1
1782769177.560,2352,535533,0,0.00000000,0.00000000,0.00,0,0,1.00,-0.029,0.4900,0.5390,2.0580,2.1831,0.547852,0.075562,-0.028503,0.832642,7.759,75.0,-1
1782769177.810,2353,535751,0,0.00000000,0.00000000,0.00,0,0,1.05,0.000,0.6860,0.6370,1.4700,1.7428,0.547852,0.075562,-0.028503,0.832642,7.754,75.0,-1
1782769177.996,2354,535974,0,0.00000000,0.00000000,0.00,0,0,1.01,-0.028,0.7350,0.6370,1.4210,1.7220,0.547852,0.075500,-0.028564,0.832642,7.756,76.2,-1
1782769178.248,2355,536196,0,0.00000000,0.00000000,0.00,0,0,0.91,-0.079,0.5390,0.3430,1.3230,1.4692,0.547852,0.075500,-0.028625,0.832642,7.755,71.2,-1
1782769178.498,2356,536449,0,0.00000000,0.00000000,0.00,0,0,0.91,-0.060,0.5880,0.3430,1.7640,1.8908,0.547852,0.075500,-0.028625,0.832642,7.756,72.5,-1
1782769178.748,2357,536674,0,0.00000000,0.00000000,0.00,0,0,1.00,-0.004,0.1470,0.8820,1.4210,1.6789,0.547852,0.075562,-0.028564,0.832642,7.758,72.5,-1
1782769178.933,2358,536899,0,0.00000000,0.00000000,0.00,0,0,0.97,-0.004,0.6860,0.1960,2.1560,2.2710,0.547852,0.075562,-0.028564,0.832642,7.758,73.8,-1
1782769179.183,2359,537125,0,0.00000000,0.00000000,0.00,0,0,0.96,-0.011,0.4410,0.5880,2.3030,2.4174,0.547852,0.075623,-0.028503,0.832642,7.759,72.5,-1
1782769179.370,2360,537348,0,0.00000000,0.00000000,0.00,0,0,0.96,0.001,0.0980,0.3920,2.2050,2.2417,0.547852,0.075623,-0.028503,0.832642,7.759,72.5,-1
1782769179.638,2361,537568,0,0.00000000,0.00000000,0.00,0,0,0.92,0.032,0.8820,0.4900,2.1560,2.3804,0.547852,0.075623,-0.028564,0.832642,7.758,73.8,-1
1782769179.824,2362,537786,0,0.00000000,0.00000000,0.00,0,0,0.89,-0.002,0.3430,0.4900,1.9110,2.0024,0.547852,0.075623,-0.028503,0.832642,7.756,72.5,-1
1782769180.074,2363,538008,0,0.00000000,0.00000000,0.00,0,0,0.82,-0.055,-0.3920,1.0290,0.9800,1.4741,0.547852,0.075623,-0.028503,0.832642,7.758,73.8,-1
1782769180.262,2364,538227,0,0.00000000,0.00000000,0.00,0,0,0.83,-0.041,0.7840,0.1470,2.2540,2.3910,0.547852,0.075623,-0.028503,0.832642,7.758,75.0,-1
1782769180.513,2365,538440,0,0.00000000,0.00000000,0.00,0,0,0.90,0.025,0.2450,0.3920,1.4700,1.5410,0.547852,0.075623,-0.028503,0.832642,7.756,71.2,-1
1782769180.702,2366,538657,0,0.00000000,0.00000000,0.00,0,0,0.91,-0.003,0.1470,0.5390,0.9800,1.1281,0.547852,0.075623,-0.028503,0.832642,7.754,76.2,-1
1782769180.954,2367,538880,0,0.00000000,0.00000000,0.00,0,0,0.97,0.024,0.6370,0.5390,1.8620,2.0404,0.547852,0.075623,-0.028503,0.832642,7.755,72.5,-1
1782769181.141,2368,539104,0,0.00000000,0.00000000,0.00,0,0,0.89,-0.025,1.0290,-0.2450,2.5480,2.7588,0.547852,0.075623,-0.028503,0.832642,7.759,70.0,-1
1782769181.389,2369,539330,0,0.00000000,0.00000000,0.00,0,0,0.81,-0.090,0.5390,0.6370,0.9800,1.2871,0.547852,0.075562,-0.028442,0.832642,7.756,71.2,-1
1782769181.576,2370,539545,0,0.00000000,0.00000000,0.00,0,0,0.85,-0.054,0.0980,0.3920,0.7350,0.8387,0.547852,0.075500,-0.028503,0.832642,7.759,71.2,-1
1782769181.826,2371,539774,0,0.00000000,0.00000000,0.00,0,0,0.85,-0.050,0.4410,0.7840,1.6170,1.8504,0.547852,0.075500,-0.028564,0.832642,7.758,71.2,-1
1782769182.013,2372,539991,0,0.00000000,0.00000000,0.00,0,0,0.86,-0.037,0.2450,0.8820,1.9600,2.1632,0.547852,0.075562,-0.028503,0.832642,7.756,73.8,-1
1782769182.265,2373,540211,0,0.00000000,0.00000000,0.00,0,0,0.83,-0.073,0.6370,0.6370,1.7150,1.9372,0.547852,0.075562,-0.028503,0.832642,7.756,73.8,-1
1782769182.514,2374,540456,0,0.00000000,0.00000000,0.00,0,0,0.92,0.003,0.2940,0.0490,1.7150,1.7407,0.547852,0.075500,-0.028442,0.832642,7.755,70.0,-1
1782769182.701,2375,540681,0,0.00000000,0.00000000,0.00,0,0,0.72,-0.115,0.2940,0.3920,0.7840,0.9245,0.547852,0.075562,-0.028442,0.832642,7.756,73.8,-1
1782769182.950,2376,540906,0,0.00000000,0.00000000,0.00,0,0,0.75,-0.093,0.0000,1.2250,0.8820,1.5095,0.547852,0.075562,-0.028442,0.832642,7.754,78.8,-1
1782769183.200,2377,541128,0,0.00000000,0.00000000,0.00,0,0,0.69,-0.130,0.3430,0.4410,2.4010,2.4651,0.547852,0.075562,-0.028503,0.832642,7.756,75.0,-1
1782769183.386,2378,541353,0,0.00000000,0.00000000,0.00,0,0,0.87,-0.005,0.0980,0.3430,0.1470,0.3858,0.547852,0.075562,-0.028503,0.832642,7.756,75.0,-1
1782769183.635,2379,541568,0,0.00000000,0.00000000,0.00,0,0,0.68,-0.110,0.6370,0.4900,1.5680,1.7620,0.547852,0.075623,-0.028503,0.832642,7.758,76.2,-1
1782769183.823,2380,541796,0,0.00000000,0.00000000,0.00,0,0,0.77,-0.044,-0.0980,0.8330,1.4700,1.6925,0.547852,0.075623,-0.028503,0.832642,7.759,71.2,-1
1782769184.074,2381,542017,0,0.00000000,0.00000000,0.00,0,0,0.73,-0.059,0.5880,0.2450,1.3230,1.4684,0.547852,0.075623,-0.028503,0.832642,7.758,70.0,-1
1782769184.259,2382,542240,0,0.00000000,0.00000000,0.00,0,0,0.76,-0.043,-0.0490,0.7840,1.2250,1.4552,0.547852,0.075623,-0.028503,0.832642,7.758,68.8,-1
1782769184.510,2383,542459,0,0.00000000,0.00000000,0.00,0,0,0.68,-0.085,0.6370,0.1470,1.7640,1.8812,0.547852,0.075623,-0.028503,0.832642,7.758,68.8,-1
1782769184.698,2384,542681,0,0.00000000,0.00000000,0.00,0,0,0.72,-0.059,-0.2450,0.5880,1.6170,1.7379,0.547852,0.075623,-0.028442,0.832642,7.760,68.8,-1
1782769184.946,2385,542900,0,0.00000000,0.00000000,0.00,0,0,0.63,-0.097,0.1470,0.6860,1.3720,1.5410,0.547852,0.075562,-0.028442,0.832642,7.753,75.0,-1
1782769185.132,2386,543119,0,0.00000000,0.00000000,0.00,0,0,0.69,-0.057,0.3920,0.2940,1.7640,1.8308,0.547852,0.075562,-0.028442,0.832642,7.755,75.0,-1
1782769185.380,2387,543338,0,0.00000000,0.00000000,0.00,0,0,0.63,-0.095,0.2940,0.6860,1.8130,1.9606,0.547852,0.075562,-0.028442,0.832642,7.754,76.2,-1
1782769185.568,2388,543553,0,0.00000000,0.00000000,0.00,0,0,0.73,-0.036,0.6370,1.0290,1.1270,1.6537,0.547852,0.075562,-0.028442,0.832642,7.754,77.5,-1
1782769185.820,2389,543753,0,0.00000000,0.00000000,0.00,0,0,0.65,-0.081,0.0000,0.3430,1.5680,1.6051,0.547852,0.075562,-0.028503,0.832642,7.754,77.5,-1
1782769186.006,2390,543978,0,0.00000000,0.00000000,0.00,0,0,0.61,-0.098,0.5880,0.8330,1.4700,1.7890,0.547852,0.075562,-0.028503,0.832642,7.753,77.5,-1
1782769186.255,2391,544203,0,0.00000000,0.00000000,0.00,0,0,0.60,-0.092,0.3430,0.1470,1.4210,1.4692,0.547852,0.075562,-0.028503,0.832642,7.754,70.0,-1
1782769186.503,2392,544443,0,0.00000000,0.00000000,0.00,0,0,0.72,0.005,0.2450,0.4410,1.1270,1.2348,0.547852,0.075623,-0.028503,0.832642,7.760,71.2,-1
1782769186.689,2393,544660,0,0.00000000,0.00000000,0.00,0,0,0.62,-0.061,0.3430,0.6860,1.6660,1.8341,0.547852,0.075562,-0.028503,0.832642,7.755,75.0,-1
1782769186.939,2394,544884,0,0.00000000,0.00000000,0.00,0,0,0.61,-0.058,0.1960,0.5880,1.2740,1.4168,0.547852,0.075623,-0.028503,0.832642,7.759,73.8,-1
1782769187.126,2395,545105,0,0.00000000,0.00000000,0.00,0,0,0.73,0.026,0.4900,0.5390,1.9110,2.0451,0.547852,0.075623,-0.028503,0.832642,7.755,72.5,-1
1782769187.373,2396,545328,0,0.00000000,0.00000000,0.00,0,0,0.76,0.027,-0.3430,1.3230,-0.0980,1.3702,0.547852,0.075623,-0.028503,0.832642,7.758,75.0,-1
1782769187.561,2397,545544,0,0.00000000,0.00000000,0.00,0,0,0.80,0.026,0.1960,1.2740,1.2740,1.8123,0.547852,0.075623,-0.028503,0.832642,7.758,72.5,-1
1782769187.812,2398,545765,0,0.00000000,0.00000000,0.00,0,0,0.69,-0.048,0.2940,0.3920,1.1270,1.2289,0.547852,0.075623,-0.028442,0.832642,7.758,75.0,-1
1782769187.998,2399,545984,0,0.00000000,0.00000000,0.00,0,0,0.71,-0.018,0.0980,0.3920,1.6660,1.7143,0.547852,0.075562,-0.028503,0.832642,7.758,73.8,-1
1782769188.253,2400,546206,0,0.00000000,0.00000000,0.00,0,0,0.67,-0.042,0.2940,0.5880,1.7150,1.8367,0.547852,0.075500,-0.028503,0.832642,7.756,71.2,-1
1782769188.502,2401,546448,0,0.00000000,0.00000000,0.00,0,0,0.63,-0.058,0.0490,0.9310,1.5190,1.7823,0.547852,0.075500,-0.028503,0.832642,7.758,75.0,-1
1782769188.688,2402,546670,0,0.00000000,0.00000000,0.00,0,0,0.75,0.016,0.2940,0.6860,1.4700,1.6486,0.547852,0.075500,-0.028442,0.832642,7.760,73.8,-1
1782769188.937,2403,546894,0,0.00000000,0.00000000,0.00,0,0,0.65,-0.044,0.3430,0.5390,1.4210,1.5580,0.547852,0.075500,-0.028442,0.832642,7.755,78.8,-1
1782769189.185,2404,547120,0,0.00000000,0.00000000,0.00,0,0,0.78,0.065,0.6860,0.8330,1.4210,1.7843,0.547852,0.075562,-0.028442,0.832642,7.756,75.0,-1
1782769189.376,2405,547343,0,0.00000000,0.00000000,0.00,0,0,0.73,0.016,0.0490,0.4900,1.4210,1.5039,0.547852,0.075562,-0.028442,0.832642,7.760,73.8,-1
1782769189.624,2406,547561,0,0.00000000,0.00000000,0.00,0,0,0.64,-0.042,0.5880,0.8820,1.8130,2.1002,0.547852,0.075623,-0.028442,0.832642,7.758,72.5,-1
1782769189.812,2407,547790,0,0.00000000,0.00000000,0.00,0,0,0.74,0.023,0.0980,0.7840,1.6660,1.8439,0.547852,0.075623,-0.028442,0.832642,7.755,75.0,-1
1782769190.063,2408,548009,0,0.00000000,0.00000000,0.00,0,0,0.72,0.031,0.4900,0.7840,0.5880,1.0957,0.547852,0.075623,-0.028442,0.832642,7.756,78.8,-1
1782769190.251,2409,548232,0,0.00000000,0.00000000,0.00,0,0,0.61,-0.056,-0.0490,0.3920,1.7150,1.7599,0.547852,0.075623,-0.028503,0.832642,7.759,75.0,-1
1782769190.497,2410,548444,0,0.00000000,0.00000000,0.00,0,0,0.75,0.022,0.3920,0.8330,1.7640,1.9898,0.547852,0.075623,-0.028503,0.832642,7.759,76.2,-1
1782769190.684,2411,548661,0,0.00000000,0.00000000,0.00,0,0,0.78,0.042,0.0980,0.8820,0.9800,1.3221,0.547852,0.075623,-0.028503,0.832642,7.755,72.5,-1
1782769190.934,2412,548883,0,0.00000000,0.00000000,0.00,0,0,0.63,-0.055,-0.0490,0.8820,1.3230,1.5908,0.547852,0.075684,-0.028503,0.832642,7.760,76.2,-1
1782769191.122,2413,549107,0,0.00000000,0.00000000,0.00,0,0,0.76,0.018,0.9310,0.7840,3.0870,3.3183,0.547852,0.075684,-0.028503,0.832642,7.758,77.5,-1
1782769191.372,2414,549332,0,0.00000000,0.00000000,0.00,0,0,0.82,0.051,0.4410,0.5390,1.3230,1.4951,0.547852,0.075684,-0.028503,0.832642,7.756,77.5,-1
1782769191.620,2415,549546,0,0.00000000,0.00000000,0.00,0,0,0.61,-0.059,-0.0980,1.1270,2.0580,2.3484,0.547852,0.075684,-0.028503,0.832642,7.756,75.0,-1
1782769191.807,2416,549765,0,0.00000000,0.00000000,0.00,0,0,0.66,-0.031,0.0000,0.8330,1.9600,2.1297,0.547852,0.075684,-0.028503,0.832642,7.754,76.2,-1
1782769192.056,2417,549983,0,0.00000000,0.00000000,0.00,0,0,0.81,0.076,0.0980,0.8330,1.2740,1.5253,0.547852,0.075684,-0.028503,0.832642,7.754,76.2,-1
1782769192.244,2418,550202,0,0.00000000,0.00000000,0.00,0,0,0.71,0.004,0.2940,0.5880,1.3720,1.5214,0.547852,0.075623,-0.028442,0.832642,7.756,72.5,-1
1782769192.492,2419,550450,0,0.00000000,0.00000000,0.00,0,0,0.67,-0.013,0.1470,0.7350,1.5680,1.7379,0.547852,0.075562,-0.028381,0.832642,7.755,76.2,-1
1782769192.742,2420,550675,0,0.00000000,0.00000000,0.00,0,0,0.72,0.007,0.5390,0.6370,1.3230,1.5642,0.547852,0.075562,-0.028442,0.832642,7.755,73.8,-1
1782769192.930,2421,550895,0,0.00000000,0.00000000,0.00,0,0,0.67,-0.019,0.5390,0.9310,1.6170,1.9422,0.547852,0.075562,-0.028442,0.832642,7.754,75.0,-1
1782769193.178,2422,551119,0,0.00000000,0.00000000,0.00,0,0,0.81,0.068,0.2450,0.6860,1.7640,1.9085,0.547852,0.075623,-0.028442,0.832642,7.759,73.8,-1
1782769193.365,2423,551339,0,0.00000000,0.00000000,0.00,0,0,0.83,0.074,0.1470,0.4900,1.5680,1.6493,0.547852,0.075623,-0.028442,0.832642,7.758,75.0,-1
1782769193.612,2424,551557,0,0.00000000,0.00000000,0.00,0,0,0.65,-0.053,0.0490,0.2940,1.4700,1.4999,0.547852,0.075623,-0.028442,0.832642,7.756,75.0,-1
1782769193.798,2425,551779,0,0.00000000,0.00000000,0.00,0,0,0.69,-0.020,0.3430,0.5390,1.9110,2.0150,0.547852,0.075623,-0.028503,0.832642,7.758,73.8,-1
1782769194.047,2426,551998,0,0.00000000,0.00000000,0.00,0,0,0.74,0.016,0.2940,0.6370,1.3230,1.4975,0.547852,0.075623,-0.028503,0.832642,7.754,75.0,-1
1782769194.295,2427,552222,0,0.00000000,0.00000000,0.00,0,0,0.77,0.021,0.2450,0.7350,1.4210,1.6185,0.547852,0.075684,-0.028503,0.832642,7.756,71.2,-1
1782769194.482,2428,552435,0,0.00000000,0.00000000,0.00,0,0,0.86,0.032,0.4900,0.2450,1.6170,1.7073,0.547852,0.075684,-0.028503,0.832642,7.755,75.0,-1
1782769194.669,2429,552650,0,0.00000000,0.00000000,0.00,0,0,0.86,0.039,0.5390,-0.3430,1.2740,1.4252,0.547852,0.075623,-0.028442,0.832642,7.754,78.8,-1
1782769194.919,2430,552873,0,0.00000000,0.00000000,0.00,0,0,0.83,0.014,0.2940,0.5390,2.1070,2.1946,0.547852,0.075623,-0.028442,0.832642,7.755,78.8,-1
1782769195.168,2431,553092,0,0.00000000,0.00000000,0.00,0,0,0.91,0.070,0.2450,0.2940,1.8130,1.8530,0.547852,0.075623,-0.028442,0.832642,7.754,78.8,-1
1782769195.356,2432,553311,0,0.00000000,0.00000000,0.00,0,0,0.80,-0.006,0.4410,1.2740,1.9110,2.3387,0.547852,0.075623,-0.028442,0.832642,7.754,80.0,-1
1782769195.542,2433,553525,0,0.00000000,0.00000000,0.00,0,0,0.85,0.026,0.5390,0.2450,0.6370,0.8697,0.547852,0.075623,-0.028503,0.832642,7.758,72.5,-1
1782769195.792,2434,553746,0,0.00000000,0.00000000,0.00,0,0,0.79,-0.022,0.1960,0.3920,1.2740,1.3473,0.547852,0.075623,-0.028442,0.832642,7.758,72.5,-1
1782769195.978,2435,553963,0,0.00000000,0.00000000,0.00,0,0,0.91,0.046,0.4900,0.3920,1.9600,2.0580,0.547852,0.075623,-0.028503,0.832642,7.754,72.5,-1
1782769196.226,2436,554185,0,0.00000000,0.00000000,0.00,0,0,0.91,0.055,0.2450,0.6370,1.0780,1.2759,0.547852,0.075562,-0.028503,0.832642,7.758,73.8,-1
1782769196.475,2437,554407,0,0.00000000,0.00000000,0.00,0,0,0.90,0.033,0.3430,0.7350,1.4700,1.6789,0.547852,0.075500,-0.028503,0.832642,7.755,80.0,-1
1782769196.663,2438,554620,0,0.00000000,0.00000000,0.00,0,0,0.90,0.052,0.0490,0.8820,1.3720,1.6318,0.547852,0.075562,-0.028503,0.832642,7.760,68.8,-1
1782769196.914,2439,554848,0,0.00000000,0.00000000,0.00,0,0,0.84,-0.003,-0.1470,0.9310,2.0090,2.2191,0.547852,0.075562,-0.028503,0.832642,7.758,72.5,-1
1782769197.101,2440,555070,0,0.00000000,0.00000000,0.00,0,0,0.94,0.040,0.3430,0.9800,1.5680,1.8806,0.547852,0.075562,-0.028503,0.832642,7.756,73.8,-1
1782769197.349,2441,555297,0,0.00000000,0.00000000,0.00,0,0,0.86,-0.022,0.5880,0.1470,1.0780,1.2367,0.547852,0.075623,-0.028503,0.832642,7.755,78.8,-1
1782769197.538,2442,555516,0,0.00000000,0.00000000,0.00,0,0,0.95,0.013,0.3430,0.4900,1.1760,1.3194,0.547852,0.075623,-0.028503,0.832642,7.751,80.0,-1
1782769197.786,2443,555739,0,0.00000000,0.00000000,0.00,0,0,0.96,0.020,-0.6860,1.9110,1.3230,2.4234,0.547852,0.075623,-0.028503,0.832642,7.754,76.2,-1
1782769197.974,2444,555956,0,0.00000000,0.00000000,0.00,0,0,0.96,0.009,0.0980,0.9310,1.7150,1.9539,0.547852,0.075623,-0.028503,0.832642,7.754,77.5,-1
1782769198.222,2445,556181,0,0.00000000,0.00000000,0.00,0,0,1.09,0.080,0.6860,0.5390,2.2050,2.3713,0.547852,0.075623,-0.028503,0.832642,7.759,71.2,-1
1782769198.472,2446,556399,0,0.00000000,0.00000000,0.00,0,0,1.07,0.071,-0.5390,0.8330,0.2450,1.0220,0.547852,0.075623,-0.028442,0.832642,7.753,80.0,-1
1782769198.658,2447,556613,0,0.00000000,0.00000000,0.00,0,0,0.96,0.004,0.1960,1.0290,1.7150,2.0096,0.547852,0.075623,-0.028442,0.832642,7.755,73.8,-1
1782769198.908,2448,556840,0,0.00000000,0.00000000,0.00,0,0,0.96,0.000,0.4410,0.6860,1.5680,1.7674,0.547852,0.075562,-0.028503,0.832642,7.751,75.0,-1
1782769199.096,2449,557059,0,0.00000000,0.00000000,0.00,0,0,1.10,0.071,0.4410,1.0290,1.6660,2.0072,0.547852,0.075500,-0.028564,0.832642,7.755,72.5,-1
1782769199.344,2450,557283,0,0.00000000,0.00000000,0.00,0,0,1.00,-0.016,0.4900,0.9800,1.8620,2.1604,0.547852,0.075562,-0.028564,0.832642,7.758,76.2,-1
1782769199.529,2451,557492,0,0.00000000,0.00000000,0.00,0,0,1.10,0.057,0.5880,1.1760,2.2050,2.5672,0.547852,0.075562,-0.028564,0.832642,7.758,72.5,-1
1782769199.777,2452,557710,0,0.00000000,0.00000000,0.00,0,0,0.97,-0.039,0.3430,1.0290,1.7150,2.0292,0.547852,0.075500,-0.028503,0.832642,7.758,70.0,-1
1782769199.963,2453,557936,0,0.00000000,0.00000000,0.00,0,0,1.10,0.034,0.5880,0.5880,1.5190,1.7317,0.547852,0.075500,-0.028442,0.832642,7.758,71.2,-1
1782769200.214,2454,558153,0,0.00000000,0.00000000,0.00,0,0,1.13,0.046,0.7840,0.0490,2.0090,2.1571,0.547852,0.075500,-0.028442,0.832642,7.755,70.0,-1
1782769200.401,2455,558374,0,0.00000000,0.00000000,0.00,0,0,1.18,0.064,0.2940,0.2450,2.2540,2.2863,0.547852,0.075500,-0.028442,0.832642,7.753,73.8,-1
1782769200.650,2456,558585,0,0.00000000,0.00000000,0.00,0,0,1.01,-0.040,0.6860,0.3920,2.0090,2.1588,0.547852,0.075562,-0.028442,0.832642,7.755,73.8,-1
1782769200.838,2457,558806,0,0.00000000,0.00000000,0.00,0,0,1.06,0.010,-0.2940,1.7640,1.1270,2.1138,0.547852,0.075562,-0.028442,0.832642,7.755,72.5,-1
1782769201.089,2458,559024,0,0.00000000,0.00000000,0.00,0,0,1.13,0.037,0.7350,0.0980,2.1070,2.2337,0.547852,0.075623,-0.028442,0.832642,7.753,75.0,-1
1782769201.275,2459,559248,0,0.00000000,0.00000000,0.00,0,0,1.17,0.039,0.6860,0.4410,1.8620,2.0328,0.547852,0.075623,-0.028442,0.832642,7.755,72.5,-1
1782769201.524,2460,559463,0,0.00000000,0.00000000,0.00,0,0,1.17,0.039,0.0000,1.0290,2.1070,2.3448,0.547852,0.075623,-0.028442,0.832642,7.758,75.0,-1
1782769201.711,2461,559689,0,0.00000000,0.00000000,0.00,0,0,1.08,-0.034,-0.1470,1.6660,0.0490,1.6732,0.547852,0.075623,-0.028442,0.832642,7.755,71.2,-1
1782769201.958,2462,559911,0,0.00000000,0.00000000,0.00,0,0,1.21,0.019,0.2940,0.3920,1.1760,1.2740,0.547852,0.075623,-0.028442,0.832642,7.758,72.5,-1
1782769202.207,2463,560135,0,0.00000000,0.00000000,0.00,0,0,1.18,0.006,0.2940,0.9800,2.2050,2.4308,0.547852,0.075623,-0.028442,0.832642,7.758,70.0,-1
1782769202.396,2464,560361,0,0.00000000,0.00000000,0.00,0,0,1.18,0.003,0.2450,0.0980,1.6170,1.6384,0.547852,0.075623,-0.028442,0.832642,7.759,71.2,-1
1782769202.644,2465,560577,0,0.00000000,0.00000000,0.00,0,0,1.13,-0.042,0.0490,0.8330,1.6660,1.8633,0.547852,0.075623,-0.028442,0.832642,7.756,72.5,-1
1782769202.832,2466,560802,0,0.00000000,0.00000000,0.00,0,0,1.20,0.006,0.4410,0.8820,0.9800,1.3903,0.547852,0.075623,-0.028442,0.832642,7.760,72.5,-1
1782769203.082,2467,561025,0,0.00000000,0.00000000,0.00,0,0,1.27,0.041,0.1470,-0.0490,1.2740,1.2834,0.547852,0.075623,-0.028442,0.832642,7.755,72.5,-1
1782769203.267,2468,561253,0,0.00000000,0.00000000,0.00,0,0,1.33,0.072,0.3920,0.5390,1.7150,1.8399,0.547852,0.075623,-0.028442,0.832642,7.753,75.0,-1
1782769203.516,2469,561464,0,0.00000000,0.00000000,0.00,0,0,1.25,-0.001,0.4900,0.6860,2.2050,2.3607,0.547852,0.075623,-0.028442,0.832642,7.759,70.0,-1
1782769203.705,2470,561690,0,0.00000000,0.00000000,0.00,0,0,1.21,-0.019,0.3430,0.8820,0.6860,1.1688,0.547852,0.075623,-0.028442,0.832642,7.754,77.5,-1
1782769203.955,2471,561909,0,0.00000000,0.00000000,0.00,0,0,1.05,-0.118,0.3430,0.3430,1.4210,1.5015,0.547852,0.075623,-0.028442,0.832642,7.750,82.5,-1
1782769204.203,2472,562135,0,0.00000000,0.00000000,0.00,0,0,1.17,-0.030,-0.6370,1.7640,0.7350,2.0144,0.547852,0.075745,-0.028503,0.832642,7.756,76.2,-1
1782769204.389,2473,562353,0,0.00000000,0.00000000,0.00,0,0,1.20,-0.015,0.0490,1.1270,1.5190,1.8921,0.547852,0.075745,-0.028503,0.832642,7.754,76.2,-1
1782769204.640,2474,562571,0,0.00000000,0.00000000,0.00,0,0,1.01,-0.135,1.1270,0.7840,2.4010,2.7658,0.542969,0.075867,-0.028015,0.835876,7.758,78.8,-1
1782769204.829,2475,562796,0,0.00000000,0.00000000,0.00,0,0,1.05,-0.090,0.7350,-0.0490,2.0090,2.1398,0.542969,0.075806,-0.028076,0.835876,7.758,73.8,-1
1782769205.081,2476,563020,0,0.00000000,0.00000000,0.00,0,0,1.20,0.013,1.3230,0.6370,2.4990,2.8985,0.542969,0.075806,-0.028076,0.835876,7.756,75.0,-1
1782769205.267,2477,563247,0,0.00000000,0.00000000,0.00,0,0,1.11,-0.052,0.5390,0.0490,-0.4410,0.6981,0.523987,0.076172,-0.026672,0.847900,7.759,73.8,-1
1782769205.516,2478,563467,0,0.00000000,0.00000000,0.00,0,0,1.17,-0.009,0.5390,0.1960,0.9800,1.1355,0.523987,0.076233,-0.026611,0.847900,7.759,73.8,-1
1782769205.763,2479,563690,0,0.00000000,0.00000000,0.00,0,0,1.10,-0.070,0.7350,0.3430,2.7440,2.8614,0.523987,0.076294,-0.026489,0.847900,7.761,71.2,-1
1782769205.952,2480,563916,0,0.00000000,0.00000000,0.00,0,0,1.20,-0.009,0.2940,0.7350,1.9110,2.0685,0.523987,0.076294,-0.026489,0.847900,7.753,77.5,-1
1782769206.204,2481,564139,0,0.00000000,0.00000000,0.00,0,0,1.14,-0.018,-0.3430,0.5880,0.9310,1.1533,0.523987,0.076355,-0.026428,0.847900,7.758,75.0,-1
1782769206.390,2482,564356,0,0.00000000,0.00000000,0.00,0,0,1.08,-0.055,0.2450,0.5880,1.1270,1.2946,0.523987,0.076294,-0.026367,0.847900,7.755,80.0,-1
1782769206.638,2483,564568,0,0.00000000,0.00000000,0.00,0,0,1.15,-0.003,0.1470,0.7840,2.0580,2.2072,0.523987,0.076294,-0.026306,0.847900,7.754,75.0,-1
1782769206.826,2484,564788,0,0.00000000,0.00000000,0.00,0,0,1.16,0.008,0.5390,0.1960,1.3720,1.4871,0.523987,0.076294,-0.026306,0.847900,7.755,76.2,-1
1782769207.074,2485,565009,0,0.00000000,0.00000000,0.00,0,0,1.09,-0.031,0.4900,0.3430,2.2050,2.2847,0.523987,0.076294,-0.026428,0.847900,7.755,73.8,-1
1782769207.260,2486,565230,0,0.00000000,0.00000000,0.00,0,0,1.12,0.001,0.4410,0.6860,1.4210,1.6384,0.523987,0.076294,-0.026428,0.847900,7.756,73.8,-1
1782769207.508,2487,565444,0,0.00000000,0.00000000,0.00,0,0,1.14,-0.019,-0.3430,1.3720,0.7840,1.6170,0.523987,0.076233,-0.026489,0.847900,7.756,75.0,-1
1782769207.697,2488,565674,0,0.00000000,0.00000000,0.00,0,0,1.17,-0.000,0.3430,0.5390,1.4210,1.5580,0.523987,0.076233,-0.026489,0.847900,7.755,72.5,-1
1782769207.949,2489,565895,0,0.00000000,0.00000000,0.00,0,0,1.15,-0.001,0.4900,0.4900,1.4210,1.5810,0.523987,0.076294,-0.026428,0.847900,7.760,71.2,-1
1782769208.136,2490,566120,0,0.00000000,0.00000000,0.00,0,0,1.14,-0.008,0.2450,0.3920,1.1760,1.2636,0.523987,0.076294,-0.026428,0.847900,7.756,72.5,-1
1782769208.386,2491,566344,0,0.00000000,0.00000000,0.00,0,0,1.05,-0.052,0.1470,1.1760,2.1560,2.4603,0.523987,0.076294,-0.026367,0.847900,7.755,76.2,-1
1782769208.574,2492,566557,0,0.00000000,0.00000000,0.00,0,0,1.10,-0.034,0.3430,0.5390,2.2050,2.2957,0.523987,0.076294,-0.026306,0.847900,7.758,70.0,-1
1782769208.826,2493,566781,0,0.00000000,0.00000000,0.00,0,0,1.06,-0.037,0.6860,0.3920,2.3520,2.4812,0.523987,0.076294,-0.026306,0.847900,7.755,77.5,-1
1782769209.075,2494,567007,0,0.00000000,0.00000000,0.00,0,0,1.04,-0.044,0.1960,0.7840,0.4900,0.9451,0.523987,0.076233,-0.026367,0.847900,7.754,77.5,-1
1782769209.264,2495,567224,0,0.00000000,0.00000000,0.00,0,0,1.08,-0.015,0.1960,1.5680,1.0780,1.9129,0.523987,0.076233,-0.026428,0.847900,7.755,75.0,-1
1782769209.454,2496,567440,0,0.00000000,0.00000000,0.00,0,0,1.11,0.001,0.1960,0.4410,1.6660,1.7345,0.523987,0.076294,-0.026367,0.847900,7.759,73.8,-1
1782769209.704,2497,567667,0,0.00000000,0.00000000,0.00,0,0,0.89,-0.126,0.1960,0.3430,2.3520,2.3849,0.523987,0.076294,-0.026367,0.847900,7.758,73.8,-1
1782769209.955,2498,567890,0,0.00000000,0.00000000,0.00,0,0,1.01,-0.033,0.0980,0.6370,0.9800,1.1729,0.523987,0.076355,-0.026367,0.847900,7.758,73.8,-1
1782769210.144,2499,568118,0,0.00000000,0.00000000,0.00,0,0,1.02,-0.023,0.3920,0.0490,0.9310,1.0113,0.523987,0.076294,-0.026306,0.847900,7.759,73.8,-1
1782769210.394,2500,568336,0,0.00000000,0.00000000,0.00,0,0,1.00,-0.015,0.4900,0.5390,1.7150,1.8633,0.523987,0.076355,-0.026306,0.847900,7.756,72.5,-1
1782769210.582,2501,568549,0,0.00000000,0.00000000,0.00,0,0,0.98,-0.017,0.3920,1.5190,1.6170,2.2529,0.523987,0.076294,-0.026367,0.847900,7.759,72.5,-1
1782769210.833,2502,568772,0,0.00000000,0.00000000,0.00,0,0,0.93,-0.044,0.0490,0.9800,1.8130,2.0615,0.523987,0.076355,-0.026367,0.847900,7.758,72.5,-1
1782769211.020,2503,568997,0,0.00000000,0.00000000,0.00,0,0,0.99,-0.005,0.7350,0.0490,1.8130,1.9569,0.523987,0.076355,-0.026367,0.847900,7.754,72.5,-1
1782769211.270,2504,569221,0,0.00000000,0.00000000,0.00,0,0,0.83,-0.097,0.0980,0.9800,2.1070,2.3258,0.523987,0.076355,-0.026367,0.847900,7.758,70.0,-1
1782769211.523,2505,569462,0,0.00000000,0.00000000,0.00,0,0,0.88,-0.057,0.3920,0.5880,1.1760,1.3720,0.523987,0.076416,-0.026367,0.847900,7.759,72.5,-1
1782769211.711,2506,569680,0,0.00000000,0.00000000,0.00,0,0,1.01,0.034,0.8330,0.7350,3.1850,3.3732,0.523987,0.076416,-0.026367,0.847900,7.756,71.2,-1
1782769211.962,2507,569901,0,0.00000000,0.00000000,0.00,0,0,0.95,-0.011,0.0980,1.2250,1.9110,2.2720,0.523987,0.076416,-0.026367,0.847900,7.754,77.5,-1
1782769212.150,2508,570123,0,0.00000000,0.00000000,0.00,0,0,0.94,-0.022,0.2940,0.4410,0.9310,1.0713,0.523987,0.076294,-0.026306,0.847900,7.759,70.0,-1
1782769212.400,2509,570342,0,0.00000000,0.00000000,0.00,0,0,1.04,0.031,0.0980,0.6860,1.5680,1.7143,0.523987,0.076294,-0.026245,0.847900,7.758,72.5,-1
1782769212.588,2510,570554,0,0.00000000,0.00000000,0.00,0,0,1.05,0.040,0.4410,0.6370,1.6660,1.8373,0.523987,0.076294,-0.026245,0.847900,7.756,72.5,-1
1782769212.841,2511,570772,0,0.00000000,0.00000000,0.00,0,0,1.03,0.026,0.1960,0.8820,2.1560,2.3377,0.523987,0.076294,-0.026245,0.847900,7.753,75.0,-1
1782769213.027,2512,570994,0,0.00000000,0.00000000,0.00,0,0,1.14,0.079,0.4900,0.4410,1.5680,1.7009,0.523987,0.076355,-0.026245,0.847900,7.753,73.8,-1
1782769213.276,2513,571213,0,0.00000000,0.00000000,0.00,0,0,1.15,0.074,0.5390,0.4900,1.3720,1.5534,0.523987,0.076355,-0.026306,0.847900,7.754,77.5,-1
1782769213.526,2514,571456,0,0.00000000,0.00000000,0.00,0,0,1.10,0.021,0.3920,0.7350,1.2250,1.4814,0.523987,0.076355,-0.026306,0.847900,7.756,72.5,-1
1782769213.714,2515,571677,0,0.00000000,0.00000000,0.00,0,0,1.11,0.028,0.3430,0.5390,1.7640,1.8761,0.523987,0.076294,-0.026245,0.847900,7.758,72.5,-1
1782769213.965,2516,571899,0,0.00000000,0.00000000,0.00,0,0,1.07,0.000,0.1960,2.0090,0.8330,2.1837,0.523987,0.076294,-0.026245,0.847900,7.755,72.5,-1
1782769214.154,2517,572119,0,0.00000000,0.00000000,0.00,0,0,1.13,0.040,0.6370,-0.0490,2.5480,2.6269,0.523987,0.076294,-0.026306,0.847900,7.758,72.5,-1
1782769214.403,2518,572341,0,0.00000000,0.00000000,0.00,0,0,1.06,0.009,-0.1470,1.0290,1.2250,1.6066,0.523987,0.076355,-0.026306,0.847900,7.756,72.5,-1
1782769214.589,2519,572558,0,0.00000000,0.00000000,0.00,0,0,1.04,-0.010,0.2940,0.5880,1.7150,1.8367,0.523987,0.076355,-0.026306,0.847900,7.756,73.8,-1
1782769214.839,2520,572776,0,0.00000000,0.00000000,0.00,0,0,0.99,-0.041,0.1960,0.5880,0.5390,0.8214,0.523987,0.076355,-0.026367,0.847900,7.753,75.0,-1
1782769215.024,2521,572998,0,0.00000000,0.00000000,0.00,0,0,1.00,-0.028,0.9800,-0.2940,2.2050,2.4308,0.523987,0.076294,-0.026306,0.847900,7.755,76.2,-1
1782769215.276,2522,573217,0,0.00000000,0.00000000,0.00,0,0,1.10,0.032,0.3430,0.6370,1.6170,1.7715,0.523987,0.076355,-0.026306,0.847900,7.758,82.5,-1
1782769215.461,2523,573435,0,0.00000000,0.00000000,0.00,0,0,1.17,0.057,0.3920,0.2450,1.0780,1.1729,0.523987,0.076355,-0.026367,0.847900,7.758,70.0,-1
1782769215.711,2524,573661,0,0.00000000,0.00000000,0.00,0,0,1.01,-0.049,0.2940,0.9310,1.4700,1.7647,0.523987,0.076294,-0.026428,0.847900,7.755,72.5,-1
1782769215.963,2525,573891,0,0.00000000,0.00000000,0.00,0,0,1.03,-0.028,0.6370,0.2940,2.1070,2.2207,0.523987,0.076294,-0.026428,0.847900,7.758,72.5,-1
1782769216.149,2526,574108,0,0.00000000,0.00000000,0.00,0,0,0.99,-0.040,0.0490,1.0780,1.6170,1.9440,0.523987,0.076355,-0.026428,0.847900,7.758,73.8,-1
1782769216.399,2527,574331,0,0.00000000,0.00000000,0.00,0,0,1.21,0.093,-0.0490,0.5880,1.4210,1.5386,0.523987,0.076355,-0.026367,0.847900,7.756,72.5,-1
1782769216.587,2528,574541,0,0.00000000,0.00000000,0.00,0,0,1.01,-0.023,0.2450,1.1270,1.6170,1.9862,0.523987,0.076355,-0.026367,0.847900,7.754,75.0,-1
1782769216.834,2529,574765,0,0.00000000,0.00000000,0.00,0,0,1.01,-0.028,0.2450,0.5880,1.7640,1.8755,0.523987,0.076355,-0.026367,0.847900,7.756,71.2,-1
1782769217.036,2530,574990,0,0.00000000,0.00000000,0.00,0,0,1.04,0.006,0.6370,1.3230,1.7640,2.2952,0.523987,0.076355,-0.026367,0.847900,7.755,73.8,-1
1782769217.285,2531,575215,0,0.00000000,0.00000000,0.00,0,0,1.16,0.071,0.2940,0.8330,1.8620,2.0609,0.523987,0.076416,-0.026306,0.847900,7.756,71.2,-1
1782769217.534,2532,575461,0,0.00000000,0.00000000,0.00,0,0,1.05,0.009,0.1960,0.7350,2.5480,2.6591,0.523987,0.076416,-0.026306,0.847900,7.756,75.0,-1
1782769217.721,2533,575684,0,0.00000000,0.00000000,0.00,0,0,1.10,0.022,-1.0290,0.8820,0.2940,1.3868,0.523987,0.076355,-0.026367,0.847900,7.758,76.2,-1
1782769217.972,2534,575903,0,0.00000000,0.00000000,0.00,0,0,1.17,0.060,-0.3920,1.3230,1.9600,2.3970,0.523987,0.076355,-0.026428,0.847900,7.750,82.5,-1
1782769218.160,2535,576126,0,0.00000000,0.00000000,0.00,0,0,1.18,0.039,0.0980,0.7350,1.2250,1.4319,0.523987,0.076355,-0.026367,0.847900,7.756,70.0,-1
1782769218.409,2536,576345,0,0.00000000,0.00000000,0.00,0,0,1.27,0.112,-0.0980,1.2740,0.9310,1.5810,0.523987,0.076355,-0.026367,0.847900,7.754,73.8,-1
1782769218.596,2537,576558,0,0.00000000,0.00000000,0.00,0,0,1.15,0.054,0.3920,0.1960,1.3720,1.4403,0.523987,0.076355,-0.026428,0.847900,7.755,71.2,-1
1782769218.845,2538,576778,0,0.00000000,0.00000000,0.00,0,0,1.25,0.105,0.0490,0.8330,1.9600,2.1302,0.523987,0.076294,-0.026489,0.847900,7.753,73.8,-1
1782769219.031,2539,576996,0,0.00000000,0.00000000,0.00,0,0,1.21,0.070,-0.0490,0.6370,1.7150,1.8301,0.523987,0.076416,-0.026489,0.847900,7.754,76.2,-1
1782769219.281,2540,577219,0,0.00000000,0.00000000,0.00,0,0,1.19,0.042,0.3920,0.2940,2.5970,2.6428,0.523987,0.076416,-0.026428,0.847900,7.756,73.8,-1
1782769219.466,2541,577433,0,0.00000000,0.00000000,0.00,0,0,1.22,0.069,0.6370,0.6860,1.2250,1.5417,0.523987,0.076416,-0.026428,0.847900,7.758,77.5,-1
1782769219.716,2542,577657,0,0.00000000,0.00000000,0.00,0,0,1.08,-0.041,0.1960,0.7840,0.9800,1.2702,0.523987,0.076416,-0.026367,0.847900,7.756,76.2,-1
1782769219.904,2543,577876,0,0.00000000,0.00000000,0.00,0,0,1.23,0.057,0.1470,0.5390,1.5680,1.6646,0.523987,0.076416,-0.026367,0.847900,7.755,76.2,-1
1782769220.155,2544,578100,0,0.00000000,0.00000000,0.00,0,0,1.20,0.033,-0.0490,0.8820,2.2050,2.3754,0.523987,0.076416,-0.026367,0.847900,7.756,73.8,-1
1782769220.341,2545,578319,0,0.00000000,0.00000000,0.00,0,0,1.18,0.014,0.5880,0.3920,1.3230,1.4999,0.523987,0.076538,-0.026306,0.847900,7.754,77.5,-1
1782769220.590,2546,578534,0,0.00000000,0.00000000,0.00,0,0,1.25,0.065,0.1960,0.0980,0.3920,0.4491,0.523987,0.076538,-0.026306,0.847900,7.751,73.8,-1
1782769220.776,2547,578761,0,0.00000000,0.00000000,0.00,0,0,1.23,0.045,0.1960,0.4410,1.1760,1.2712,0.523987,0.076355,-0.026367,0.847900,7.758,76.2,-1
1782769221.029,2548,578983,0,0.00000000,0.00000000,0.00,0,0,1.27,0.065,0.3430,0.5390,1.9600,2.0615,0.523987,0.076233,-0.026428,0.847900,7.755,73.8,-1
1782769221.279,2549,579211,0,0.00000000,0.00000000,0.00,0,0,1.25,0.058,0.6370,0.6860,2.2540,2.4407,0.523987,0.076294,-0.026367,0.847900,7.751,78.8,-1
1782769221.529,2550,579455,0,0.00000000,0.00000000,0.00,0,0,1.28,0.081,-0.4410,1.0780,0.6860,1.3517,0.523987,0.076294,-0.026367,0.847900,7.756,76.2,-1
1782769221.715,2551,579683,0,0.00000000,0.00000000,0.00,0,0,1.24,0.040,0.0490,0.7840,1.4210,1.6237,0.523987,0.076355,-0.026367,0.847900,7.755,75.0,-1
1782769221.966,2552,579905,0,0.00000000,0.00000000,0.00,0,0,1.19,0.010,0.0000,0.6370,1.7150,1.8295,0.523987,0.076355,-0.026367,0.847900,7.755,72.5,-1
1782769222.153,2553,580126,0,0.00000000,0.00000000,0.00,0,0,1.32,0.076,0.2450,1.2250,1.5680,2.0048,0.523987,0.076355,-0.026367,0.847900,7.759,75.0,-1
1782769222.406,2554,580345,0,0.00000000,0.00000000,0.00,0,0,1.31,0.062,0.2940,0.4900,1.7150,1.8077,0.523987,0.076416,-0.026367,0.847900,7.755,73.8,-1
1782769222.592,2555,580558,0,0.00000000,0.00000000,0.00,0,0,1.30,0.044,0.2450,0.8330,1.5680,1.7924,0.523987,0.076416,-0.026367,0.847900,7.758,78.8,-1
1782769222.792,2556,580775,0,0.00000000,0.00000000,0.00,0,0,1.28,0.037,0.0000,0.5390,1.7640,1.8445,0.523987,0.076416,-0.026306,0.847900,7.753,81.2,-1
1782769223.042,2557,580997,0,0.00000000,0.00000000,0.00,0,0,1.29,0.036,0.4410,0.9800,2.7440,2.9469,0.523987,0.076416,-0.026306,0.847900,7.756,75.0,-1
1782769223.290,2558,581218,0,0.00000000,0.00000000,0.00,0,0,1.34,0.048,1.6170,1.2250,3.5280,4.0697,0.523987,0.076416,-0.026306,0.847900,7.756,77.5,-1
1782769223.478,2559,581434,0,0.00000000,0.00000000,0.00,0,0,1.39,0.065,-0.2450,0.3920,2.0090,2.0615,0.523987,0.076416,-0.026306,0.847900,7.753,76.2,-1
1782769223.727,2560,581660,0,0.00000000,0.00000000,0.00,0,0,1.35,0.027,0.2450,0.8330,1.3720,1.6237,0.523987,0.076477,-0.026306,0.847900,7.756,76.2,-1
1782769223.913,2561,581878,0,0.00000000,0.00000000,0.00,0,0,1.38,0.045,0.3920,1.0780,1.5190,1.9034,0.523987,0.076477,-0.026306,0.847900,7.749,80.0,-1
1782769224.162,2562,582102,0,0.00000000,0.00000000,0.00,0,0,1.37,0.025,0.2940,0.5880,1.1760,1.3473,0.523987,0.076355,-0.026306,0.847900,7.758,76.2,-1
1782769224.351,2563,582323,0,0.00000000,0.00000000,0.00,0,0,1.33,0.016,0.1960,0.4900,1.5680,1.6544,0.523987,0.076294,-0.026245,0.847900,7.756,75.0,-1
1782769224.599,2564,582543,0,0.00000000,0.00000000,0.00,0,0,1.31,-0.016,-0.1960,1.2250,1.8620,2.2374,0.523987,0.076294,-0.026306,0.847900,7.756,75.0,-1
1782769224.785,2565,582767,0,0.00000000,0.00000000,0.00,0,0,1.37,0.038,0.4410,0.8330,1.4700,1.7462,0.523987,0.076294,-0.026367,0.847900,7.758,73.8,-1
1782769225.033,2566,582991,0,0.00000000,0.00000000,0.00,0,0,1.29,-0.025,0.0980,0.5880,1.4210,1.5410,0.523987,0.076233,-0.026306,0.847900,7.755,76.2,-1
1782769225.284,2567,583213,0,0.00000000,0.00000000,0.00,0,0,1.28,-0.033,0.0980,0.4900,1.3720,1.4602,0.523987,0.076233,-0.026245,0.847900,7.756,76.2,-1
1782769225.473,2568,583433,0,0.00000000,0.00000000,0.00,0,0,1.38,0.043,0.1960,0.3920,1.7150,1.7701,0.523987,0.076172,-0.026245,0.847900,7.756,72.5,-1
1782769225.720,2569,583653,0,0.00000000,0.00000000,0.00,0,0,1.37,0.036,0.2940,0.5880,1.3720,1.5214,0.523987,0.076233,-0.026245,0.847900,7.755,77.5,-1
1782769225.907,2570,583875,0,0.00000000,0.00000000,0.00,0,0,1.42,0.068,0.2450,0.3430,1.7640,1.8137,0.523987,0.076233,-0.026245,0.847900,7.753,73.8,-1
1782769226.157,2571,584096,0,0.00000000,0.00000000,0.00,0,0,1.24,-0.047,0.4900,0.2450,1.7640,1.8471,0.523987,0.076233,-0.026245,0.847900,7.758,72.5,-1
1782769226.342,2572,584312,0,0.00000000,0.00000000,0.00,0,0,1.36,0.019,0.2940,0.5390,1.6170,1.7296,0.523987,0.076294,-0.026245,0.847900,7.755,78.8,-1
1782769226.590,2573,584529,0,0.00000000,0.00000000,0.00,0,0,1.35,0.022,0.6860,0.8330,1.9110,2.1946,0.523987,0.076294,-0.026245,0.847900,7.755,73.8,-1
1782769226.777,2574,584753,0,0.00000000,0.00000000,0.00,0,0,1.29,-0.010,0.7350,0.5390,0.9800,1.3383,0.523987,0.076355,-0.026245,0.847900,7.754,77.5,-1
1782769227.027,2575,584975,0,0.00000000,0.00000000,0.00,0,0,1.34,0.018,0.3920,0.4410,1.8130,1.9066,0.523987,0.076355,-0.026306,0.847900,7.753,76.2,-1
1782769227.215,2576,585197,0,0.00000000,0.00000000,0.00,0,0,1.11,-0.135,-0.0490,0.3430,2.5970,2.6200,0.523987,0.076355,-0.026306,0.847900,7.756,73.8,-1
1782769227.463,2577,585439,0,0.00000000,0.00000000,0.00,0,0,1.30,-0.011,0.1960,0.4900,1.6170,1.7009,0.523987,0.076355,-0.026367,0.847900,7.755,72.5,-1
1782769227.714,2578,585661,0,0.00000000,0.00000000,0.00,0,0,1.25,-0.061,0.5880,0.5880,1.4210,1.6464,0.523987,0.076294,-0.026367,0.847900,7.756,72.5,-1
1782769227.965,2579,585890,0,0.00000000,0.00000000,0.00,0,0,1.37,0.021,1.3230,-1.1760,2.5480,3.1025,0.523987,0.076355,-0.026367,0.847900,7.754,75.0,-1
1782769228.153,2580,586112,0,0.00000000,0.00000000,0.00,0,0,1.43,0.060,0.7840,0.6370,1.5680,1.8652,0.523987,0.076294,-0.026428,0.847900,7.754,77.5,-1
1782769228.399,2581,586340,0,0.00000000,0.00000000,0.00,0,0,1.26,-0.058,0.6370,0.5390,3.0870,3.1978,0.523987,0.076294,-0.026428,0.847900,7.756,77.5,-1
1782769228.586,2582,586558,0,0.00000000,0.00000000,0.00,0,0,1.29,-0.062,0.3430,0.5390,1.6660,1.7843,0.523987,0.076294,-0.026367,0.847900,7.754,75.0,-1
1782769228.836,2583,586781,0,0.00000000,0.00000000,0.00,0,0,1.18,-0.118,0.4900,0.3430,1.7150,1.8163,0.523987,0.076294,-0.026306,0.847900,7.758,72.5,-1
1782769229.039,2584,587000,0,0.00000000,0.00000000,0.00,0,0,1.34,-0.021,0.5880,0.1960,1.4210,1.5503,0.523987,0.076233,-0.026245,0.847900,7.755,75.0,-1
1782769229.291,2585,587223,0,0.00000000,0.00000000,0.00,0,0,1.30,-0.029,0.1960,0.6860,2.0090,2.1319,0.523987,0.076172,-0.026245,0.847900,7.760,68.8,-1
1782769229.481,2586,587444,0,0.00000000,0.00000000,0.00,0,0,1.24,-0.078,0.3430,0.4900,1.4700,1.5870,0.523987,0.076172,-0.026245,0.847900,7.758,73.8,-1
1782769229.731,2587,587664,0,0.00000000,0.00000000,0.00,0,0,1.28,-0.044,0.5390,0.2450,1.3720,1.4943,0.523987,0.076172,-0.026245,0.847900,7.758,76.2,-1
1782769229.920,2588,587882,0,0.00000000,0.00000000,0.00,0,0,1.28,-0.061,0.1960,0.2940,2.1070,2.1364,0.523987,0.076111,-0.026306,0.847900,7.755,73.8,-1
1782769230.168,2589,588104,0,0.00000000,0.00000000,0.00,0,0,1.27,-0.066,0.5390,0.6860,1.6660,1.8806,0.523987,0.076172,-0.026306,0.847900,7.755,75.0,-1
1782769230.354,2590,588322,0,0.00000000,0.00000000,0.00,0,0,1.26,-0.073,0.1960,0.3430,1.7150,1.7599,0.523987,0.076233,-0.026306,0.847900,7.758,68.8,-1
1782769230.604,2591,588537,0,0.00000000,0.00000000,0.00,0,0,1.31,-0.015,0.1470,0.9800,1.4210,1.7324,0.523987,0.076294,-0.026245,0.847900,7.756,73.8,-1
1782769230.791,2592,588758,0,0.00000000,0.00000000,0.00,0,0,1.29,-0.021,0.1470,0.2940,0.7840,0.8501,0.524109,0.076172,-0.026123,0.847839,7.754,76.2,-1
1782769231.041,2593,588975,0,0.00000000,0.00000000,0.00,0,0,1.24,-0.046,0.0980,0.6860,1.1760,1.3650,0.524170,0.076172,-0.026062,0.847778,7.750,77.5,-1
1782769231.229,2594,589197,0,0.00000000,0.00000000,0.00,0,0,1.22,-0.065,-0.2450,0.9310,0.3430,1.0220,0.524048,0.076233,-0.026062,0.847839,7.754,75.0,-1
1782769231.477,2595,589438,0,0.00000000,0.00000000,0.00,0,0,1.39,0.033,-0.0980,0.6860,1.0780,1.2815,0.524170,0.076233,-0.026123,0.847778,7.755,75.0,-1
1782769231.726,2596,589660,0,0.00000000,0.00000000,0.00,0,0,1.30,-0.029,0.2450,0.5390,1.5190,1.6303,0.524170,0.076233,-0.026184,0.847778,7.755,73.8,-1
1782769231.912,2597,589878,0,0.00000000,0.00000000,0.00,0,0,1.34,0.014,0.2450,0.7350,0.8820,1.1740,0.524170,0.076233,-0.026184,0.847778,7.758,77.5,-1
1782769232.162,2598,590097,0,0.00000000,0.00000000,0.00,0,0,1.22,-0.061,-0.3430,0.9310,0.3430,1.0498,0.524170,0.076172,-0.026184,0.847778,7.753,77.5,-1
1782769232.349,2599,590317,0,0.00000000,0.00000000,0.00,0,0,1.36,0.037,-0.3430,1.4700,1.6170,2.2121,0.524170,0.076233,-0.026184,0.847778,7.753,81.2,-1
1782769232.597,2600,590532,0,0.00000000,0.00000000,0.00,0,0,1.29,0.002,-0.3430,0.8330,1.2250,1.5206,0.524170,0.076294,-0.026245,0.847778,7.756,75.0,-1
1782769232.783,2601,590758,0,0.00000000,0.00000000,0.00,0,0,1.18,-0.071,0.3430,0.9310,1.3230,1.6537,0.524109,0.076294,-0.026245,0.847839,7.751,80.0,-1
1782769233.034,2602,590981,0,0.00000000,0.00000000,0.00,0,0,1.27,-0.023,0.6370,0.1470,2.0580,2.1593,0.524048,0.076355,-0.026367,0.847839,7.754,75.0,-1
1782769233.221,2603,591202,0,0.00000000,0.00000000,0.00,0,0,1.21,-0.049,0.2940,0.2940,1.7150,1.7647,0.524048,0.076355,-0.026306,0.847839,7.754,73.8,-1
1782769233.472,2604,591443,0,0.00000000,0.00000000,0.00,0,0,1.22,-0.060,0.2450,0.4900,1.4700,1.5688,0.524048,0.076355,-0.026306,0.847839,7.754,75.0,-1
1782769233.723,2605,591663,0,0.00000000,0.00000000,0.00,0,0,1.24,-0.037,0.9310,-0.1960,1.7150,1.9612,0.524048,0.076355,-0.026306,0.847839,7.754,76.2,-1
1782769233.911,2606,591880,0,0.00000000,0.00000000,0.00,0,0,1.30,0.000,0.5390,0.3430,1.1270,1.2955,0.524048,0.076355,-0.026306,0.847839,7.750,76.2,-1
1782769234.163,2607,592103,0,0.00000000,0.00000000,0.00,0,0,1.30,-0.005,0.1470,0.6370,1.4210,1.5642,0.524048,0.076416,-0.026306,0.847839,7.754,73.8,-1
1782769234.348,2608,592324,0,0.00000000,0.00000000,0.00,0,0,1.19,-0.085,0.4410,0.1960,1.5680,1.6406,0.524048,0.076416,-0.026306,0.847839,7.753,75.0,-1
1782769234.594,2609,592537,0,0.00000000,0.00000000,0.00,0,0,1.22,-0.088,0.2940,0.4900,1.8620,1.9477,0.524048,0.076355,-0.026306,0.847839,7.756,71.2,-1
1782769234.782,2610,592763,0,0.00000000,0.00000000,0.00,0,0,1.18,-0.095,0.4410,0.9310,2.7930,2.9769,0.524048,0.076294,-0.026245,0.847839,7.749,80.0,-1
1782769235.030,2611,592988,0,0.00000000,0.00000000,0.00,0,0,1.16,-0.087,0.3430,-0.0490,1.9110,1.9422,0.524048,0.076233,-0.026184,0.847839,7.758,73.8,-1
1782769235.278,2612,593212,0,0.00000000,0.00000000,0.00,0,0,1.32,0.011,0.4410,0.7350,1.2740,1.5355,0.524048,0.076233,-0.026245,0.847839,7.755,78.8,-1
1782769235.529,2613,593460,0,0.00000000,0.00000000,0.00,0,0,1.24,-0.033,-0.2450,0.6860,1.7640,1.9085,0.524048,0.076294,-0.026245,0.847839,7.762,67.5,-1
1782769235.716,2614,593688,0,0.00000000,0.00000000,0.00,0,0,1.19,-0.062,0.4900,0.6860,1.3230,1.5688,0.524048,0.076294,-0.026245,0.847839,7.756,72.5,-1
1782769235.966,2615,593909,0,0.00000000,0.00000000,0.00,0,0,1.21,-0.041,0.3920,0.6860,1.6170,1.7997,0.531616,0.075867,-0.026794,0.843140,7.758,75.0,-1
1782769236.154,2616,594136,0,0.00000000,0.00000000,0.00,0,0,1.19,-0.030,0.0490,0.5880,2.0090,2.0939,0.531616,0.075928,-0.026855,0.843140,7.758,71.2,-1
1782769236.401,2617,594357,0,0.00000000,0.00000000,0.00,0,0,1.16,-0.045,0.0980,1.0780,0.7840,1.3365,0.531616,0.075989,-0.026917,0.843140,7.756,73.8,-1
1782769236.649,2618,594577,0,0.00000000,0.00000000,0.00,0,0,1.13,-0.083,0.4410,0.1470,1.3230,1.4023,0.531616,0.075989,-0.026855,0.843140,7.754,76.2,-1
1782769236.835,2619,594800,0,0.00000000,0.00000000,0.00,0,0,1.26,-0.000,0.1470,0.6860,1.6170,1.7626,0.531616,0.075989,-0.026917,0.843140,7.758,73.8,-1
1782769237.083,2620,595019,0,0.00000000,0.00000000,0.00,0,0,1.08,-0.122,0.2450,0.7350,1.6170,1.7930,0.531616,0.076050,-0.026978,0.843140,7.754,76.2,-1
1782769237.270,2621,595237,0,0.00000000,0.00000000,0.00,0,0,1.15,-0.067,0.0000,0.6860,1.4700,1.6222,0.531616,0.076050,-0.026978,0.843140,7.754,76.2,-1
1782769237.521,2622,595454,0,0.00000000,0.00000000,0.00,0,0,1.24,-0.003,0.1960,0.5390,1.1270,1.2645,0.531616,0.076050,-0.026978,0.843140,7.754,77.5,-1
1782769237.707,2623,595674,0,0.00000000,0.00000000,0.00,0,0,1.22,-0.019,0.2940,0.7350,1.6170,1.8004,0.531616,0.075989,-0.027039,0.843140,7.756,76.2,-1
1782769237.957,2624,595894,0,0.00000000,0.00000000,0.00,0,0,1.13,-0.069,-0.0490,0.3430,0.8330,0.9022,0.531616,0.075989,-0.026978,0.843140,7.754,75.0,-1
1782769238.143,2625,596119,0,0.00000000,0.00000000,0.00,0,0,1.07,-0.099,0.2940,0.4900,1.0780,1.2201,0.531616,0.075989,-0.026978,0.843140,7.755,75.0,-1
1782769238.391,2626,596342,0,0.00000000,0.00000000,0.00,0,0,1.16,-0.019,0.4900,0.4410,1.2250,1.3911,0.531616,0.075928,-0.026917,0.843140,7.756,75.0,-1
1782769238.578,2627,596555,0,0.00000000,0.00000000,0.00,0,0,1.12,-0.050,0.5880,0.6370,1.4700,1.7066,0.531616,0.075989,-0.026978,0.843140,7.758,76.2,-1
1782769238.828,2628,596777,0,0.00000000,0.00000000,0.00,0,0,1.19,-0.018,0.3920,0.0980,1.5680,1.6192,0.531616,0.076050,-0.026978,0.843140,7.758,75.0,-1
1782769239.075,2629,597000,0,0.00000000,0.00000000,0.00,0,0,1.25,0.009,-0.1470,0.5390,0.6370,0.8473,0.531616,0.075928,-0.027039,0.843140,7.756,76.2,-1
1782769239.262,2630,597227,0,0.00000000,0.00000000,0.00,0,0,1.18,-0.035,0.1960,0.5390,1.9110,1.9952,0.531616,0.075928,-0.026978,0.843140,7.758,75.0,-1
1782769239.514,2631,597448,0,0.00000000,0.00000000,0.00,0,0,1.09,-0.082,0.3430,0.4900,1.8130,1.9091,0.531616,0.075928,-0.026978,0.843140,7.759,75.0,-1
1782769239.703,2632,597676,0,0.00000000,0.00000000,0.00,0,0,1.11,-0.069,-0.0490,0.8820,1.4700,1.7150,0.531616,0.075928,-0.026917,0.843140,7.753,75.0,-1
1782769239.952,2633,597895,0,0.00000000,0.00000000,0.00,0,0,1.08,-0.092,1.0780,0.9310,2.4010,2.7917,0.531616,0.075867,-0.026855,0.843140,7.754,80.0,-1
1782769240.139,2634,598118,0,0.00000000,0.00000000,0.00,0,0,1.15,-0.045,0.2940,0.6370,1.5190,1.6732,0.531616,0.075928,-0.026855,0.843140,7.755,75.0,-1
1782769240.387,2635,598338,0,0.00000000,0.00000000,0.00,0,0,1.17,-0.025,0.7350,0.0000,1.6660,1.8209,0.531616,0.075928,-0.026855,0.843140,7.755,75.0,-1
1782769240.574,2636,598552,0,0.00000000,0.00000000,0.00,0,0,1.05,-0.105,0.1470,0.7840,1.2740,1.5031,0.531616,0.075989,-0.026917,0.843140,7.759,75.0,-1
1782769240.823,2637,598778,0,0.00000000,0.00000000,0.00,0,0,1.10,-0.066,0.2450,0.7350,1.4210,1.6185,0.531616,0.076050,-0.026917,0.843140,7.755,80.0,-1
1782769241.073,2638,598997,0,0.00000000,0.00000000,0.00,0,0,1.10,-0.049,0.4900,0.2450,1.8130,1.8940,0.531616,0.076111,-0.026978,0.843140,7.754,81.2,-1
1782769241.261,2639,599220,0,0.00000000,0.00000000,0.00,0,0,1.18,0.011,0.2450,0.1960,1.7640,1.7917,0.531616,0.076111,-0.026978,0.843140,7.758,73.8,-1
1782769241.512,2640,599434,0,0.00000000,0.00000000,0.00,0,0,1.10,-0.040,0.2940,0.6860,1.7640,1.9154,0.531616,0.076111,-0.026978,0.843140,7.756,72.5,-1
1782769241.699,2641,599662,0,0.00000000,0.00000000,0.00,0,0,1.10,-0.025,0.2940,-0.1470,1.7640,1.7944,0.531616,0.076172,-0.026978,0.843140,7.755,73.8,-1
1782769241.949,2642,599881,0,0.00000000,0.00000000,0.00,0,0,1.08,-0.042,0.6370,0.8330,2.1070,2.3535,0.531616,0.076172,-0.026978,0.843140,7.756,77.5,-1
1782769242.138,2643,600103,0,0.00000000,0.00000000,0.00,0,0,1.05,-0.039,-0.5390,1.2250,1.3720,1.9166,0.531616,0.076111,-0.026978,0.843140,7.753,76.2,-1
1782769242.388,2644,600325,0,0.00000000,0.00000000,0.00,0,0,1.13,0.016,0.0980,0.9800,1.1270,1.4967,0.531616,0.076111,-0.026978,0.843140,7.754,73.8,-1
1782769242.574,2645,600544,0,0.00000000,0.00000000,0.00,0,0,0.95,-0.073,0.0490,0.9800,0.3430,1.0394,0.531616,0.076172,-0.026978,0.843140,7.754,75.0,-1
1782769242.820,2646,600762,0,0.00000000,0.00000000,0.00,0,0,1.00,-0.044,0.4900,0.8330,2.3030,2.4976,0.531616,0.076172,-0.026978,0.843140,7.755,77.5,-1
1782769243.007,2647,600980,0,0.00000000,0.00000000,0.00,0,0,1.05,-0.004,-0.1470,0.7350,0.4900,0.8955,0.531616,0.076172,-0.026978,0.843140,7.754,77.5,-1
1782769243.256,2648,601205,0,0.00000000,0.00000000,0.00,0,0,0.89,-0.102,0.9310,0.6860,2.4010,2.6650,0.531616,0.076111,-0.027039,0.843140,7.759,68.8,-1
1782769243.523,2649,601449,0,0.00000000,0.00000000,0.00,0,0,1.01,0.011,0.3920,0.4410,1.8130,1.9066,0.531616,0.076111,-0.027039,0.843140,7.756,77.5,-1
1782769243.710,2650,601676,0,0.00000000,0.00000000,0.00,0,0,1.01,0.000,0.5390,1.2740,1.0780,1.7538,0.531616,0.076111,-0.027039,0.843140,7.761,70.0,-1
1782769243.960,2651,601901,0,0.00000000,0.00000000,0.00,0,0,1.00,0.022,-0.5880,0.7840,0.7350,1.2250,0.531616,0.076111,-0.027039,0.843140,7.754,77.5,-1
1782769244.146,2652,602126,0,0.00000000,0.00000000,0.00,0,0,1.01,-0.000,0.6370,0.4410,1.5680,1.7490,0.531616,0.076111,-0.027039,0.843140,7.758,75.0,-1
1782769244.398,2653,602349,0,0.00000000,0.00000000,0.00,0,0,1.00,-0.002,0.2940,1.5190,1.3230,2.0357,0.531616,0.076172,-0.027039,0.843140,7.756,75.0,-1
1782769244.585,2654,602568,0,0.00000000,0.00000000,0.00,0,0,0.92,-0.036,1.0290,1.5680,2.9400,3.4873,0.531616,0.076172,-0.027039,0.843140,7.758,75.0,-1
1782769244.834,2655,602790,0,0.00000000,0.00000000,0.00,0,0,0.94,-0.021,0.1960,0.8820,1.3230,1.6021,0.531616,0.076172,-0.026978,0.843140,7.756,71.2,-1
1782769245.083,2656,603016,0,0.00000000,0.00000000,0.00,0,0,0.98,0.018,-0.0980,1.1760,0.5880,1.3185,0.531616,0.076172,-0.026978,0.843140,7.758,73.8,-1
1782769245.268,2657,603236,0,0.00000000,0.00000000,0.00,0,0,1.06,0.075,0.0980,0.8820,0.8820,1.2512,0.531616,0.076172,-0.026978,0.843140,7.758,72.5,-1
1782769245.516,2658,603452,0,0.00000000,0.00000000,0.00,0,0,0.91,-0.007,0.2940,0.5880,1.1760,1.3473,0.531616,0.076172,-0.026978,0.843140,7.758,75.0,-1
1782769245.706,2659,603672,0,0.00000000,0.00000000,0.00,0,0,0.98,0.035,0.3430,0.5880,1.8620,1.9825,0.531616,0.076172,-0.026978,0.843140,7.758,73.8,-1
1782769245.954,2660,603889,0,0.00000000,0.00000000,0.00,0,0,1.07,0.078,0.4900,0.9310,1.0780,1.5063,0.531616,0.076172,-0.026978,0.843140,7.758,78.8,-1
1782769246.143,2661,604110,0,0.00000000,0.00000000,0.00,0,0,1.05,0.059,0.4410,0.4900,1.4700,1.6110,0.531616,0.076172,-0.026978,0.843140,7.754,73.8,-1
1782769246.392,2662,604331,0,0.00000000,0.00000000,0.00,0,0,1.02,0.019,0.1470,2.5480,2.0090,3.2481,0.531616,0.076172,-0.027039,0.843140,7.758,76.2,-1
1782769246.579,2663,604543,0,0.00000000,0.00000000,0.00,0,0,0.94,-0.065,0.4900,0.6370,0.9800,1.2674,0.531616,0.076111,-0.027100,0.843140,7.759,70.0,-1
1782769246.829,2664,604757,0,0.00000000,0.00000000,0.00,0,0,1.03,-0.012,0.8820,1.0780,1.7150,2.2094,0.531616,0.076172,-0.027039,0.843140,7.756,71.2,-1
1782769247.017,2665,604983,0,0.00000000,0.00000000,0.00,0,0,1.01,-0.025,-0.2450,0.1960,1.7640,1.7917,0.531616,0.076172,-0.027039,0.843140,7.755,71.2,-1
1782769247.266,2666,605204,0,0.00000000,0.00000000,0.00,0,0,1.00,-0.042,0.0490,0.6370,1.6170,1.7386,0.531616,0.076111,-0.027100,0.843140,7.756,73.8,-1
1782769247.513,2667,605445,0,0.00000000,0.00000000,0.00,0,0,1.03,-0.029,0.0000,1.0290,1.3720,1.7150,0.531616,0.076172,-0.027100,0.843140,7.755,73.8,-1
1782769247.702,2668,605663,0,0.00000000,0.00000000,0.00,0,0,1.01,-0.042,0.0000,0.9310,1.3720,1.6581,0.531616,0.076172,-0.027039,0.843140,7.753,76.2,-1
1782769247.953,2669,605884,0,0.00000000,0.00000000,0.00,0,0,1.02,-0.032,0.0490,0.8330,1.3720,1.6058,0.531616,0.076111,-0.027039,0.843140,7.756,73.8,-1
1782769248.140,2670,606108,0,0.00000000,0.00000000,0.00,0,0,0.98,-0.057,0.4410,0.3920,1.6170,1.7213,0.531616,0.076111,-0.027039,0.843140,7.759,75.0,-1
1782769248.387,2671,606338,0,0.00000000,0.00000000,0.00,0,0,0.86,-0.142,0.0000,0.1960,1.9110,1.9210,0.531616,0.076172,-0.027039,0.843140,7.755,76.2,-1
1782769248.573,2672,606556,0,0.00000000,0.00000000,0.00,0,0,0.95,-0.081,-0.0490,0.5390,0.4410,0.6981,0.531616,0.076172,-0.026978,0.843140,7.758,72.5,-1
1782769248.824,2673,606775,0,0.00000000,0.00000000,0.00,0,0,0.96,-0.068,-0.0980,0.6370,0.8820,1.0924,0.531616,0.076172,-0.026978,0.843140,7.756,81.2,-1
1782769249.074,2674,606995,0,0.00000000,0.00000000,0.00,0,0,0.99,-0.029,0.2940,0.2450,0.9310,1.0066,0.531616,0.076172,-0.026978,0.843140,7.758,80.0,-1
1782769249.262,2675,607216,0,0.00000000,0.00000000,0.00,0,0,1.06,0.013,0.2940,0.1960,1.4700,1.5119,0.531616,0.076172,-0.026978,0.843140,7.755,73.8,-1
1782769249.513,2676,607460,0,0.00000000,0.00000000,0.00,0,0,1.01,-0.016,0.0980,0.9800,0.9800,1.3894,0.531616,0.076172,-0.027039,0.843140,7.756,76.2,-1
1782769249.760,2677,607687,0,0.00000000,0.00000000,0.00,0,0,0.95,-0.047,0.0980,0.6370,0.7840,1.0149,0.531616,0.076172,-0.026978,0.843140,7.760,78.8,-1
1782769249.946,2678,607912,0,0.00000000,0.00000000,0.00,0,0,1.06,0.029,0.1960,0.3920,1.8620,1.9129,0.531616,0.076172,-0.026978,0.843140,7.761,75.0,-1
1782769250.196,2679,608140,0,0.00000000,0.00000000,0.00,0,0,1.03,0.002,0.3430,0.5390,1.8130,1.9223,0.531616,0.076172,-0.026978,0.843140,7.759,76.2,-1
1782769250.382,2680,608362,0,0.00000000,0.00000000,0.00,0,0,1.00,-0.002,1.1270,-0.1470,2.5970,2.8348,0.531616,0.076172,-0.026978,0.843140,7.758,75.0,-1
1782769250.631,2681,608583,0,0.00000000,0.00000000,0.00,0,0,0.95,-0.045,0.0980,0.7840,0.9800,1.2588,0.531616,0.076172,-0.026978,0.843140,7.755,75.0,-1
1782769250.879,2682,608803,0,0.00000000,0.00000000,0.00,0,0,1.10,0.059,0.5390,0.3430,2.1560,2.2487,0.531616,0.076172,-0.026978,0.843140,7.756,73.8,-1
1782769251.068,2683,609023,0,0.00000000,0.00000000,0.00,0,0,1.02,0.022,0.6370,-0.4410,1.6660,1.8373,0.531616,0.076172,-0.027039,0.843140,7.760,71.2,-1
1782769251.318,2684,609254,0,0.00000000,0.00000000,0.00,0,0,1.05,0.022,0.2940,0.3430,1.5190,1.5848,0.531616,0.076172,-0.027039,0.843140,7.758,72.5,-1
1782769251.507,2685,609464,0,0.00000000,0.00000000,0.00,0,0,0.98,-0.064,0.2450,0.5390,1.8130,1.9072,0.531616,0.076111,-0.027100,0.843140,7.755,76.2,-1
1782769251.755,2686,609682,0,0.00000000,0.00000000,0.00,0,0,1.02,-0.038,0.0000,0.5880,1.8620,1.9526,0.531616,0.076111,-0.027161,0.843140,7.754,75.0,-1
1782769251.944,2687,609904,0,0.00000000,0.00000000,0.00,0,0,1.08,0.010,0.4900,0.0490,1.8130,1.8787,0.531616,0.076111,-0.027100,0.843140,7.754,83.8,-1
1782769252.194,2688,610125,0,0.00000000,0.00000000,0.00,0,0,0.95,-0.096,-0.1470,0.8330,1.1760,1.4486,0.531616,0.076111,-0.027039,0.843140,7.758,73.8,-1
1782769252.380,2689,610348,0,0.00000000,0.00000000,0.00,0,0,0.99,-0.063,0.2450,0.0490,1.8130,1.8301,0.531616,0.076111,-0.027039,0.843140,7.755,78.8,-1
1782769252.629,2690,610564,0,0.00000000,0.00000000,0.00,0,0,1.02,-0.077,0.1960,0.8330,1.7640,1.9606,0.531616,0.076111,-0.027039,0.843140,7.756,73.8,-1
1782769252.815,2691,610787,0,0.00000000,0.00000000,0.00,0,0,0.99,-0.091,0.3920,0.6860,1.6170,1.7997,0.531616,0.076111,-0.027039,0.843140,7.758,75.0,-1
1782769253.064,2692,611004,0,0.00000000,0.00000000,0.00,0,0,0.92,-0.133,0.3430,0.4900,1.2250,1.3632,0.531616,0.076172,-0.027039,0.843140,7.754,77.5,-1
1782769253.250,2693,611226,0,0.00000000,0.00000000,0.00,0,0,0.96,-0.089,0.5390,0.6860,2.1560,2.3258,0.531616,0.076172,-0.027039,0.843140,7.754,78.8,-1
1782769253.501,2694,611440,0,0.00000000,0.00000000,0.00,0,0,1.00,-0.073,0.0000,0.5390,1.5190,1.6118,0.531616,0.076111,-0.027039,0.843140,7.760,68.8,-1
1782769253.688,2695,611667,0,0.00000000,0.00000000,0.00,0,0,1.08,-0.030,0.0000,0.8330,1.9110,2.0847,0.531616,0.076111,-0.027039,0.843140,7.756,75.0,-1
1782769253.938,2696,611890,0,0.00000000,0.00000000,0.00,0,0,1.07,-0.021,0.0490,0.4410,2.4010,2.4417,0.531616,0.076172,-0.027039,0.843140,7.760,70.0,-1
1782769254.126,2697,612091,0,0.00000000,0.00000000,0.00,0,0,1.05,-0.022,0.8820,0.2940,1.3720,1.6573,0.531616,0.076172,-0.027039,0.843140,7.759,71.2,-1
1782769254.374,2698,612317,0,0.00000000,0.00000000,0.00,0,0,1.13,0.022,0.5390,0.4900,2.0580,2.1831,0.531616,0.076172,-0.027039,0.843140,7.758,75.0,-1
1782769254.560,2699,612540,0,0.00000000,0.00000000,0.00,0,0,1.16,0.035,0.4900,0.8330,1.3720,1.6782,0.531616,0.076172,-0.027039,0.843140,7.759,75.0,-1
1782769254.808,2700,612759,0,0.00000000,0.00000000,0.00,0,0,0.96,-0.104,0.2940,1.0780,2.1560,2.4283,0.531616,0.076172,-0.027039,0.843140,7.759,72.5,-1
1782769255.059,2701,612980,0,0.00000000,0.00000000,0.00,0,0,1.09,-0.025,0.0490,1.0290,2.1560,2.3895,0.531616,0.076172,-0.027039,0.843140,7.756,68.8,-1
1782769255.245,2702,613198,0,0.00000000,0.00000000,0.00,0,0,1.07,-0.046,0.0980,0.9310,1.8130,2.0404,0.531616,0.076172,-0.026978,0.843140,7.758,72.5,-1
1782769255.495,2703,613446,0,0.00000000,0.00000000,0.00,0,0,1.06,-0.042,0.9310,0.2940,1.6660,1.9310,0.531616,0.076172,-0.026978,0.843140,7.761,70.0,-1
1782769255.743,2704,613673,0,0.00000000,0.00000000,0.00,0,0,1.08,-0.030,0.2450,0.5390,1.3230,1.4494,0.531616,0.076172,-0.026978,0.843140,7.759,76.2,-1
1782769255.928,2705,613893,0,0.00000000,0.00000000,0.00,0,0,1.08,-0.018,0.0000,0.8820,0.5880,1.0600,0.531616,0.076111,-0.026978,0.843140,7.758,72.5,-1
1782769256.179,2706,614112,0,0.00000000,0.00000000,0.00,0,0,1.12,0.006,-0.1470,1.3230,0.3920,1.3877,0.531616,0.076111,-0.026978,0.843140,7.754,78.8,-1
1782769256.366,2707,614335,0,0.00000000,0.00000000,0.00,0,0,1.04,-0.020,0.6370,1.4700,1.8130,2.4194,0.531616,0.076111,-0.026978,0.843140,7.758,72.5,-1
1782769256.613,2708,614550,0,0.00000000,0.00000000,0.00,0,0,1.06,-0.045,-0.1470,1.0780,1.2250,1.6384,0.531616,0.076172,-0.026978,0.843140,7.759,71.2,-1
1782769256.802,2709,614777,0,0.00000000,0.00000000,0.00,0,0,1.10,-0.008,0.7350,0.3430,2.8910,3.0026,0.531616,0.076172,-0.026978,0.843140,7.760,71.2,-1
1782769257.050,2710,614999,0,0.00000000,0.00000000,0.00,0,0,1.14,0.023,0.3920,0.7840,1.9600,2.1471,0.531616,0.076172,-0.026978,0.843140,7.760,68.8,-1
1782769257.298,2711,615228,0,0.00000000,0.00000000,0.00,0,0,1.12,-0.003,0.0980,0.6860,2.1070,2.2180,0.531616,0.076172,-0.026978,0.843140,7.758,71.2,-1
1782769257.486,2712,615440,0,0.00000000,0.00000000,0.00,0,0,1.16,0.019,0.8820,0.6860,1.5190,1.8857,0.531616,0.076172,-0.026978,0.843140,7.759,73.8,-1
1782769257.735,2713,615665,0,0.00000000,0.00000000,0.00,0,0,1.12,-0.028,0.5880,1.0780,1.4700,1.9154,0.531616,0.076172,-0.027039,0.843140,7.758,75.0,-1
1782769257.921,2714,615888,0,0.00000000,0.00000000,0.00,0,0,1.08,-0.040,1.2740,-0.3920,2.1560,2.5348,0.531616,0.076172,-0.027039,0.843140,7.756,73.8,-1
1782769258.170,2715,616109,0,0.00000000,0.00000000,0.00,0,0,1.09,-0.032,0.2940,0.5390,1.8620,1.9606,0.531616,0.076172,-0.027039,0.843140,7.760,70.0,-1
1782769258.359,2716,616332,0,0.00000000,0.00000000,0.00,0,0,0.87,-0.184,1.1270,0.3430,2.8420,3.0765,0.531616,0.076172,-0.027039,0.843140,7.760,72.5,-1
1782769258.610,2717,616552,0,0.00000000,0.00000000,0.00,0,0,0.85,-0.185,0.4900,0.7350,2.4010,2.5583,0.531616,0.076172,-0.027039,0.843140,7.759,72.5,-1
1782769258.796,2718,616776,0,0.00000000,0.00000000,0.00,0,0,0.83,-0.195,0.3430,0.4410,1.5680,1.6646,0.531616,0.076111,-0.026978,0.843140,7.759,72.5,-1
1782769259.046,2719,617001,0,0.00000000,0.00000000,0.00,0,0,1.03,-0.062,0.3430,0.7350,1.4700,1.6789,0.531616,0.075989,-0.027039,0.843140,7.758,71.2,-1
1782769259.294,2720,617220,0,0.00000000,0.00000000,0.00,0,0,1.08,-0.023,0.1470,0.4900,1.4700,1.5565,0.531616,0.075928,-0.027039,0.843140,7.758,73.8,-1
1782769259.482,2721,617432,0,0.00000000,0.00000000,0.00,0,0,1.05,-0.028,0.0980,0.8330,1.4700,1.6925,0.531616,0.075867,-0.027100,0.843140,7.758,72.5,-1
1782769259.669,2722,617650,0,0.00000000,0.00000000,0.00,0,0,1.06,-0.027,0.3430,-0.0980,1.8130,1.8478,0.531616,0.075928,-0.027100,0.843140,7.758,73.8,-1
1782769259.919,2723,617870,0,0.00000000,0.00000000,0.00,0,0,1.01,-0.044,0.1960,0.2940,1.7150,1.7510,0.531616,0.075989,-0.027039,0.843140,7.756,73.8,-1
1782769260.171,2724,618095,0,0.00000000,0.00000000,0.00,0,0,1.17,0.045,-0.3920,1.0290,-0.1470,1.1109,0.531616,0.076050,-0.027039,0.843140,7.760,70.0,-1
1782769260.357,2725,618317,0,0.00000000,0.00000000,0.00,0,0,1.10,0.004,0.3920,0.5880,1.8130,1.9459,0.531616,0.076050,-0.027039,0.843140,7.760,67.5,-1
1782769260.606,2726,618534,0,0.00000000,0.00000000,0.00,0,0,1.05,-0.017,0.5390,0.3430,1.2250,1.3816,0.531616,0.076111,-0.027039,0.843140,7.759,72.5,-1
1782769260.792,2727,618752,0,0.00000000,0.00000000,0.00,0,0,1.01,-0.043,0.2450,0.4900,2.1070,2.1771,0.531616,0.076111,-0.027039,0.843140,7.756,77.5,-1
1782769261.041,2728,618973,0,0.00000000,0.00000000,0.00,0,0,1.03,-0.030,0.2450,0.4900,1.3230,1.4319,0.531616,0.076172,-0.027039,0.843140,7.758,75.0,-1
1782769261.230,2729,619195,0,0.00000000,0.00000000,0.00,0,0,1.01,-0.023,0.3430,0.5880,2.2540,2.3546,0.531616,0.076172,-0.027039,0.843140,7.756,72.5,-1
1782769261.479,2730,619438,0,0.00000000,0.00000000,0.00,0,0,1.10,-0.013,0.4410,0.1960,1.8130,1.8761,0.531616,0.076172,-0.027039,0.843140,7.759,70.0,-1
1782769261.730,2731,619667,0,0.00000000,0.00000000,0.00,0,0,1.04,-0.053,0.7840,0.8330,1.7150,2.0615,0.531616,0.076172,-0.027039,0.843140,7.756,75.0,-1
1782769261.917,2732,619888,0,0.00000000,0.00000000,0.00,0,0,1.07,-0.012,0.8330,1.0780,2.3030,2.6758,0.531555,0.076172,-0.026917,0.843201,7.755,70.0,-1
1782769262.166,2733,620109,0,0.00000000,0.00000000,0.00,0,0,1.04,-0.056,0.1470,0.7840,1.4210,1.6296,0.531555,0.076172,-0.026794,0.843140,7.759,75.0,-1
1782769262.355,2734,620333,0,0.00000000,0.00000000,0.00,0,0,1.01,-0.054,0.6370,0.3920,2.3030,2.4214,0.531494,0.076294,-0.026733,0.843201,7.756,73.8,-1
1782769262.606,2735,620548,0,0.00000000,0.00000000,0.00,0,0,1.17,0.033,0.4410,0.5390,1.5190,1.6710,0.531555,0.076233,-0.026672,0.843201,7.750,77.5,-1
1782769262.791,2736,620768,0,0.00000000,0.00000000,0.00,0,0,1.14,0.019,-0.0980,0.9800,0.7350,1.2289,0.531494,0.076233,-0.026733,0.843201,7.750,78.8,-1
1782769263.040,2737,620991,0,0.00000000,0.00000000,0.00,0,0,1.19,0.049,0.6370,0.5390,2.2050,2.3576,0.531555,0.076172,-0.026794,0.843201,7.756,77.5,-1
1782769263.227,2738,621208,0,0.00000000,0.00000000,0.00,0,0,1.15,0.020,0.2940,0.5390,1.6660,1.7755,0.531494,0.076172,-0.026855,0.843201,7.753,80.0,-1
1782769263.476,2739,621451,0,0.00000000,0.00000000,0.00,0,0,1.29,0.107,0.1470,0.6370,1.6660,1.7897,0.531494,0.076233,-0.026917,0.843201,7.754,80.0,-1
1782769263.726,2740,621674,0,0.00000000,0.00000000,0.00,0,0,1.11,-0.008,0.0980,0.2940,0.8330,0.8888,0.531494,0.076172,-0.026855,0.843201,7.754,75.0,-1
1782769263.976,2741,621902,0,0.00000000,0.00000000,0.00,0,0,1.03,-0.060,0.4900,0.4410,1.3230,1.4781,0.531555,0.076172,-0.026855,0.843140,7.751,80.0,-1
1782769264.163,2742,622123,0,0.00000000,0.00000000,0.00,0,0,1.17,0.042,0.0980,0.4900,1.8620,1.9279,0.531555,0.076172,-0.026917,0.843140,7.755,75.0,-1
1782769264.413,2743,622342,0,0.00000000,0.00000000,0.00,0,0,1.04,-0.078,0.3920,0.5880,1.8620,1.9916,0.531555,0.076172,-0.026917,0.843140,7.755,75.0,-1
1782769264.600,2744,622553,0,0.00000000,0.00000000,0.00,0,0,1.04,-0.076,0.5390,0.6370,1.6660,1.8633,0.531555,0.076172,-0.026917,0.843140,7.755,81.2,-1
1782769264.850,2745,622774,0,0.00000000,0.00000000,0.00,0,0,1.09,-0.031,0.9800,0.1960,2.8420,3.0126,0.531555,0.076172,-0.026978,0.843140,7.756,75.0,-1
1782769265.036,2746,622993,0,0.00000000,0.00000000,0.00,0,0,1.16,0.012,-0.0980,0.5390,1.6660,1.7538,0.531555,0.076172,-0.026978,0.843140,7.755,73.8,-1
1782769265.287,2747,623216,0,0.00000000,0.00000000,0.00,0,0,1.07,-0.047,0.0980,1.0290,1.5680,1.8780,0.531555,0.076172,-0.026978,0.843140,7.756,76.2,-1
1782769265.488,2748,623457,0,0.00000000,0.00000000,0.00,0,0,1.21,0.015,0.0490,0.8330,1.5190,1.7331,0.531555,0.076172,-0.026978,0.843140,7.755,77.5,-1
1782769265.734,2749,623683,0,0.00000000,0.00000000,0.00,0,0,1.16,-0.024,0.3430,0.6370,0.6860,0.9970,0.531555,0.076172,-0.026978,0.843140,7.754,76.2,-1
1782769265.985,2750,623909,0,0.00000000,0.00000000,0.00,0,0,1.04,-0.112,0.5390,0.1470,1.8130,1.8971,0.531555,0.076172,-0.026978,0.843140,7.755,73.8,-1
1782769266.175,2751,624136,0,0.00000000,0.00000000,0.00,0,0,1.13,-0.063,-0.3920,0.5880,0.2940,0.7654,0.531555,0.076111,-0.026978,0.843201,7.751,77.5,-1
1782769266.423,2752,624358,0,0.00000000,0.00000000,0.00,0,0,1.08,-0.080,0.4410,0.8330,1.3720,1.6646,0.531555,0.076111,-0.027039,0.843201,7.755,72.5,-1
1782769266.612,2753,624576,0,0.00000000,0.00000000,0.00,0,0,1.14,-0.040,0.2940,0.5880,1.6660,1.7910,0.531555,0.076111,-0.027039,0.843201,7.753,81.2,-1
1782769266.864,2754,624800,0,0.00000000,0.00000000,0.00,0,0,1.14,-0.044,0.2450,0.1960,1.8620,1.8882,0.531555,0.076111,-0.027039,0.843201,7.759,75.0,-1
1782769267.070,2755,625018,0,0.00000000,0.00000000,0.00,0,0,1.04,-0.085,0.4410,-0.5880,1.7640,1.9110,0.531555,0.076172,-0.026978,0.843140,7.753,73.8,-1
1782769267.318,2756,625241,0,0.00000000,0.00000000,0.00,0,0,1.13,-0.008,0.0000,0.6370,1.4700,1.6021,0.531555,0.076172,-0.026978,0.843140,7.758,75.0,-1
1782769267.504,2757,625456,0,0.00000000,0.00000000,0.00,0,0,1.09,-0.014,0.2450,0.5390,2.0090,2.0944,0.531555,0.076172,-0.026978,0.843140,7.754,76.2,-1
1782769267.754,2758,625681,0,0.00000000,0.00000000,0.00,0,0,1.07,-0.012,0.1960,-0.0490,0.9310,0.9527,0.531555,0.076111,-0.026978,0.843140,7.754,73.8,-1
1782769267.939,2759,625904,0,0.00000000,0.00000000,0.00,0,0,0.95,-0.104,-0.1470,0.6370,0.8330,1.0589,0.531555,0.076111,-0.026917,0.843201,7.750,82.5,-1
1782769268.203,2760,626125,0,0.00000000,0.00000000,0.00,0,0,0.99,-0.063,-0.3920,0.5880,0.8820,1.1302,0.531555,0.076111,-0.026978,0.843201,7.754,76.2,-1
1782769268.390,2761,626350,0,0.00000000,0.00000000,0.00,0,0,1.03,-0.028,0.0980,0.3920,1.7150,1.7620,0.531555,0.076111,-0.026978,0.843201,7.753,75.0,-1
1782769268.577,2762,626560,0,0.00000000,0.00000000,0.00,0,0,0.92,-0.089,0.4410,0.8330,1.5190,1.7877,0.531555,0.076111,-0.026978,0.843201,7.755,78.8,-1
1782769268.824,2763,626785,0,0.00000000,0.00000000,0.00,0,0,1.06,0.012,0.0980,0.5880,1.3720,1.4959,0.531555,0.076172,-0.026978,0.843140,7.756,73.8,-1
1782769269.073,2764,627006,0,0.00000000,0.00000000,0.00,0,0,1.03,-0.013,0.4900,0.4900,2.0580,2.1715,0.531555,0.076172,-0.026978,0.843140,7.753,75.0,-1
1782769269.259,2765,627222,0,0.00000000,0.00000000,0.00,0,0,1.06,0.009,0.4410,0.5880,1.5680,1.7317,0.531555,0.076233,-0.026978,0.843140,7.750,77.5,-1
1782769269.509,2766,627441,0,0.00000000,0.00000000,0.00,0,0,1.02,-0.006,0.1960,0.3920,1.5190,1.5810,0.531555,0.076233,-0.026978,0.843140,7.759,78.8,-1
1782769269.696,2767,627667,0,0.00000000,0.00000000,0.00,0,0,1.02,-0.015,0.4900,0.6860,1.7640,1.9551,0.531555,0.076233,-0.026978,0.843140,7.755,72.5,-1
1782769269.945,2768,627889,0,0.00000000,0.00000000,0.00,0,0,0.99,-0.045,0.1470,0.6370,1.1270,1.3029,0.531555,0.076233,-0.026978,0.843140,7.756,76.2,-1
1782769270.194,2769,628117,0,0.00000000,0.00000000,0.00,0,0,0.92,-0.090,0.1960,0.4900,1.1270,1.2444,0.531555,0.076233,-0.026978,0.843140,7.755,73.8,-1
1782769270.382,2770,628341,0,0.00000000,0.00000000,0.00,0,0,0.99,-0.035,0.2940,0.4410,1.3720,1.4708,0.531555,0.076172,-0.026978,0.843140,7.759,71.2,-1
1782769270.632,2771,628558,0,0.00000000,0.00000000,0.00,0,0,0.97,-0.067,0.1470,0.6370,1.3720,1.5198,0.531555,0.076172,-0.026978,0.843140,7.755,68.8,-1
1782769270.820,2772,628779,0,0.00000000,0.00000000,0.00,0,0,1.07,0.007,0.1470,0.2940,1.4700,1.5063,0.531555,0.076172,-0.026978,0.843140,7.759,67.5,-1
1782769271.067,2773,628999,0,0.00000000,0.00000000,0.00,0,0,1.12,0.061,0.2940,0.3920,1.3720,1.4569,0.531555,0.076172,-0.026978,0.843140,7.759,72.5,-1
1782769271.254,2774,629217,0,0.00000000,0.00000000,0.00,0,0,1.09,0.042,0.5390,0.5390,2.1560,2.2868,0.531555,0.076172,-0.026978,0.843140,7.754,77.5,-1
1782769271.503,2775,629433,0,0.00000000,0.00000000,0.00,0,0,1.07,0.000,0.0980,0.5390,1.5680,1.6609,0.531555,0.076172,-0.026978,0.843140,7.753,78.8,-1
1782769271.690,2776,629661,0,0.00000000,0.00000000,0.00,0,0,0.98,-0.049,0.1470,0.8820,1.4210,1.6789,0.531555,0.076111,-0.027039,0.843201,7.760,76.2,-1
1782769271.937,2777,629882,0,0.00000000,0.00000000,0.00,0,0,0.99,-0.029,0.2940,1.0290,1.4210,1.7789,0.531555,0.076111,-0.027100,0.843201,7.759,73.8,-1
1782769272.124,2778,630102,0,0.00000000,0.00000000,0.00,0,0,1.03,0.004,0.2450,0.5390,1.9600,2.0475,0.531555,0.076050,-0.027161,0.843201,7.758,73.8,-1
1782769272.373,2779,630321,0,0.00000000,0.00000000,0.00,0,0,1.05,-0.006,0.2450,0.8330,1.3720,1.6237,0.531555,0.076050,-0.027161,0.843201,7.760,72.5,-1
1782769272.560,2780,630531,0,0.00000000,0.00000000,0.00,0,0,1.05,-0.008,-0.3920,0.9310,-0.0490,1.0113,0.531555,0.075989,-0.027222,0.843201,7.755,76.2,-1
1782769272.807,2781,630749,0,0.00000000,0.00000000,0.00,0,0,1.00,-0.042,0.9800,0.7840,1.7640,2.1649,0.511108,0.076782,-0.025146,0.855713,7.755,80.0,-1
1782769272.994,2782,630974,0,0.00000000,0.00000000,0.00,0,0,0.98,-0.047,0.2450,0.6860,1.9110,2.0451,0.501038,0.077087,-0.024231,0.861633,7.759,75.0,-1
1782769273.240,2783,631196,0,0.00000000,0.00000000,0.00,0,0,0.94,-0.074,-0.1960,0.4410,0.6860,0.8387,0.516907,0.076660,-0.025696,0.852234,7.756,76.2,-1
1782769273.490,2784,631446,0,0.00000000,0.00000000,0.00,0,0,0.96,-0.056,0.0000,0.5880,1.1270,1.2712,0.516907,0.076660,-0.025635,0.852234,7.755,73.8,-1
1782769273.740,2785,631668,0,0.00000000,0.00000000,0.00,0,0,0.91,-0.075,0.2940,0.7350,1.9110,2.0685,0.520203,0.076599,-0.026001,0.850220,7.755,72.5,-1
1782769273.927,2786,631894,0,0.00000000,0.00000000,0.00,0,0,0.92,-0.047,0.1960,0.7350,1.0290,1.2796,0.511353,0.076843,-0.025208,0.855530,7.753,77.5,-1
1782769274.176,2787,632118,0,0.00000000,0.00000000,0.00,0,0,0.91,-0.071,0.1470,1.5680,1.3230,2.0568,0.515259,0.076721,-0.025513,0.853210,7.758,72.5,-1
1782769274.363,2788,632344,0,0.00000000,0.00000000,0.00,0,0,0.96,-0.037,0.3920,0.3920,1.6660,1.7558,0.526428,0.076294,-0.026550,0.846375,7.756,77.5,-1
1782769274.613,2789,632554,0,0.00000000,0.00000000,0.00,0,0,0.97,-0.037,-0.1960,0.4410,0.8330,0.9627,0.526428,0.076294,-0.026550,0.846375,7.755,80.0,-1
1782769274.802,2790,632775,0,0.00000000,0.00000000,0.00,0,0,1.04,0.012,0.3430,0.9800,1.4700,1.7997,0.526428,0.076294,-0.026489,0.846375,7.755,80.0,-1
1782769275.050,2791,632996,0,0.00000000,0.00000000,0.00,0,0,0.81,-0.119,0.0000,1.2250,1.0290,1.5998,0.518433,0.076599,-0.025818,0.851318,7.754,78.8,-1
1782769275.238,2792,633216,0,0.00000000,0.00000000,0.00,0,0,0.97,-0.025,-0.1470,0.6860,0.4410,0.8287,0.526978,0.076294,-0.026550,0.846008,7.754,80.0,-1
1782769275.489,2793,633461,0,0.00000000,0.00000000,0.00,0,0,1.04,0.017,0.2450,0.2940,1.3720,1.4244,0.521484,0.076355,-0.026428,0.849426,7.755,73.8,-1
1782769275.736,2794,633688,0,0.00000000,0.00000000,0.00,0,0,1.02,0.011,0.0000,0.5880,1.4210,1.5379,0.543335,0.075623,-0.028442,0.835632,7.758,71.2,-1
1782769275.984,2795,633913,0,0.00000000,0.00000000,0.00,0,0,1.08,0.047,0.0490,0.7840,1.4210,1.6237,0.543396,0.075562,-0.028381,0.835571,7.758,76.2,-1
1782769276.170,2796,634139,0,0.00000000,0.00000000,0.00,0,0,1.08,0.051,-0.0490,0.9800,1.1760,1.5316,0.521667,0.076538,-0.026123,0.849304,7.760,76.2,-1
1782769276.420,2797,634362,0,0.00000000,0.00000000,0.00,0,0,0.97,-0.027,0.7350,0.4410,2.2540,2.4115,0.521667,0.076416,-0.026123,0.849304,7.755,76.2,-1
1782769276.607,2798,634577,0,0.00000000,0.00000000,0.00,0,0,0.87,-0.097,-0.0490,0.5880,0.7350,0.9425,0.518127,0.076233,-0.025574,0.851501,7.756,76.2,-1
1782769276.857,2799,634803,0,0.00000000,0.00000000,0.00,0,0,0.99,-0.020,0.9800,0.7350,1.9110,2.2699,0.517212,0.076599,-0.025696,0.852051,7.755,76.2,-1
1782769277.105,2800,635030,0,0.00000000,0.00000000,0.00,0,0,1.00,-0.000,0.0980,0.6860,0.9310,1.1606,0.526978,0.076355,-0.026611,0.846008,7.755,77.5,-1
1782769277.291,2801,635255,0,0.00000000,0.00000000,0.00,0,0,0.98,0.002,0.3920,0.3920,1.6660,1.7558,0.532410,0.076172,-0.027100,0.842651,7.758,72.5,-1
1782769277.538,2802,635472,0,0.00000000,0.00000000,0.00,0,0,0.99,0.020,0.0000,0.4900,1.1270,1.2289,0.541077,0.075928,-0.027893,0.837097,7.755,76.2,-1
1782769277.726,2803,635692,0,0.00000000,0.00000000,0.00,0,0,1.04,0.039,0.1960,0.3920,1.4210,1.4871,0.505005,0.077026,-0.024597,0.859314,7.754,78.8,-1
1782769277.974,2804,635912,0,0.00000000,0.00000000,0.00,0,0,1.10,0.073,0.0490,0.5880,0.8820,1.0612,0.505005,0.077026,-0.024597,0.859314,7.755,78.8,-1
1782769278.162,2805,636135,0,0.00000000,0.00000000,0.00,0,0,0.99,-0.012,0.0490,0.5390,1.2250,1.3392,0.526917,0.076355,-0.026611,0.846069,7.758,75.0,-1
1782769278.412,2806,636357,0,0.00000000,0.00000000,0.00,0,0,1.03,0.013,0.4410,0.5880,1.4700,1.6435,0.513611,0.076782,-0.025391,0.854187,7.760,70.0,-1
1782769278.596,2807,636573,0,0.00000000,0.00000000,0.00,0,0,1.14,0.078,0.2940,0.4410,2.4010,2.4588,0.513611,0.076782,-0.025391,0.854187,7.758,71.2,-1
1782769278.848,2808,636797,0,0.00000000,0.00000000,0.00,0,0,1.11,0.085,0.1470,1.1760,1.5190,1.9266,0.509094,0.076721,-0.025330,0.856873,7.758,73.8,-1
1782769279.097,2809,637020,0,0.00000000,0.00000000,0.00,0,0,1.06,0.064,0.1470,0.4900,1.5680,1.6493,0.507568,0.076965,-0.024841,0.857788,7.761,67.5,-1
1782769279.283,2810,637246,0,0.00000000,0.00000000,0.00,0,0,1.10,0.079,0.2450,1.2250,1.2250,1.7496,0.529236,0.076294,-0.026794,0.844604,7.754,76.2,-1
1782769279.531,2811,637459,0,0.00000000,0.00000000,0.00,0,0,1.04,0.026,0.7350,0.3920,1.1270,1.4014,0.523743,0.076416,-0.026306,0.848022,7.759,72.5,-1
1782769279.719,2812,637680,0,0.00000000,0.00000000,0.00,0,0,1.08,0.043,0.3920,0.7840,1.8130,2.0138,0.522522,0.076416,-0.026184,0.848816,7.760,70.0,-1
1782769279.969,2813,637902,0,0.00000000,0.00000000,0.00,0,0,1.00,-0.029,0.0490,0.8820,1.1270,1.4319,0.535645,0.076050,-0.027344,0.840576,7.755,76.2,-1
1782769280.156,2814,638127,0,0.00000000,0.00000000,0.00,0,0,0.90,-0.098,0.9310,0.6860,2.1560,2.4466,0.526550,0.076294,-0.026550,0.846313,7.751,77.5,-1
1782769280.405,2815,638349,0,0.00000000,0.00000000,0.00,0,0,1.03,-0.026,0.1470,1.2250,2.9890,3.2336,0.511414,0.076843,-0.025208,0.855530,7.755,75.0,-1
1782769280.592,2816,638562,0,0.00000000,0.00000000,0.00,0,0,0.95,-0.065,0.5880,0.7840,2.0090,2.2353,0.511414,0.076782,-0.025146,0.855530,7.758,71.2,-1
1782769280.841,2817,638784,0,0.00000000,0.00000000,0.00,0,0,1.03,-0.011,-0.1960,1.3720,0.2450,1.4074,0.517578,0.076477,-0.026123,0.851807,7.756,70.0,-1
1782769281.090,2818,639011,0,0.00000000,0.00000000,0.00,0,0,0.83,-0.128,-0.4410,0.9310,0.8330,1.3248,0.528870,0.076111,-0.027100,0.844849,7.758,75.0,-1
1782769281.276,2819,639235,0,0.00000000,0.00000000,0.00,0,0,0.90,-0.076,-0.1960,0.9800,0.9800,1.3997,0.528931,0.076294,-0.026794,0.844788,7.759,71.2,-1
1782769281.528,2820,639457,0,0.00000000,0.00000000,0.00,0,0,1.10,0.057,1.5190,0.7350,3.0380,3.4752,0.526489,0.076294,-0.026550,0.846313,7.758,73.8,-1
1782769281.711,2821,639683,0,0.00000000,0.00000000,0.00,0,0,0.96,-0.025,-0.4900,1.2740,0.8330,1.5991,0.532654,0.076111,-0.027100,0.842468,7.756,70.0,-1
1782769281.960,2822,639901,0,0.00000000,0.00000000,0.00,0,0,0.96,-0.051,0.0490,1.5680,0.8330,1.7762,0.538391,0.075928,-0.027588,0.838806,7.751,80.0,-1
1782769282.148,2823,640125,0,0.00000000,0.00000000,0.00,0,0,1.04,-0.014,0.4410,0.2940,1.5680,1.6552,0.521362,0.076477,-0.026062,0.849487,7.759,70.0,-1
1782769282.398,2824,640350,0,0.00000000,0.00000000,0.00,0,0,1.02,-0.024,0.6860,-0.7350,2.6950,2.8764,0.523804,0.076050,-0.026062,0.848083,7.758,71.2,-1
1782769282.586,2825,640564,0,0.00000000,0.00000000,0.00,0,0,1.06,-0.032,0.0980,1.8620,1.1760,2.2045,0.513977,0.076660,-0.025391,0.853943,7.758,73.8,-1
1782769282.834,2826,640784,0,0.00000000,0.00000000,0.00,0,0,1.01,-0.077,1.4210,1.0290,2.3030,2.8951,0.526855,0.076233,-0.026550,0.846130,7.756,75.0,-1
1782769283.081,2827,641003,0,0.00000000,0.00000000,0.00,0,0,0.94,-0.107,0.3920,0.5390,1.6660,1.7944,0.520569,0.076477,-0.026001,0.849976,7.755,73.8,-1
1782769283.269,2828,641225,0,0.00000000,0.00000000,0.00,0,0,0.91,-0.123,-0.0980,1.0290,1.7150,2.0024,0.521240,0.076477,-0.026062,0.849609,7.755,72.5,-1
1782769283.517,2829,641442,0,0.00000000,0.00000000,0.00,0,0,0.92,-0.118,0.6860,0.6370,1.9110,2.1280,0.521179,0.076477,-0.026062,0.849609,7.756,72.5,-1
1782769283.704,2830,641668,0,0.00000000,0.00000000,0.00,0,0,0.83,-0.169,0.3920,0.4410,1.7640,1.8601,0.516602,0.076660,-0.025635,0.852356,7.758,72.5,-1
1782769283.954,2831,641891,0,0.00000000,0.00000000,0.00,0,0,0.96,-0.098,-1.1270,-0.1470,-0.4410,1.2191,0.510071,0.076782,-0.025085,0.856323,7.758,71.2,-1
1782769284.140,2832,642091,0,0.00000000,0.00000000,0.00,0,0,0.93,-0.111,0.0000,1.1760,1.8130,2.1610,0.538330,0.075928,-0.027588,0.838867,7.755,70.0,-1
1782769284.389,2833,642318,0,0.00000000,0.00000000,0.00,0,0,0.90,-0.116,-0.0980,0.3920,1.5680,1.6192,0.521301,0.076477,-0.026062,0.849548,7.756,73.8,-1
1782769284.575,2834,642531,0,0.00000000,0.00000000,0.00,0,0,0.96,-0.081,0.3920,0.3920,2.1070,2.1787,0.526978,0.076294,-0.026550,0.846008,7.758,70.0,-1
1782769284.824,2835,642747,0,0.00000000,0.00000000,0.00,0,0,0.97,-0.052,0.3920,0.9310,2.0090,2.2487,0.521362,0.076294,-0.026428,0.849487,7.754,75.0,-1
1782769285.012,2836,642971,0,0.00000000,0.00000000,0.00,0,0,0.95,-0.054,-0.0490,0.8820,1.2740,1.5503,0.522766,0.075928,-0.026367,0.848694,7.758,72.5,-1
1782769285.261,2837,643192,0,0.00000000,0.00000000,0.00,0,0,0.92,-0.060,0.7840,0.2450,2.0580,2.2159,0.543640,0.075500,-0.027893,0.835449,7.756,70.0,-1
1782769285.449,2838,643428,0,0.00000000,0.00000000,0.00,0,0,0.90,-0.050,0.3430,0.4410,1.9110,1.9910,0.519836,0.076538,-0.025940,0.850403,7.753,73.8,-1
1782769285.694,2839,643651,0,0.00000000,0.00000000,0.00,0,0,0.98,0.018,0.8330,0.0000,1.9110,2.0847,0.512695,0.076538,-0.025635,0.854797,7.755,73.8,-1
1782769285.946,2840,643874,0,0.00000000,0.00000000,0.00,0,0,0.94,-0.015,0.1470,1.7150,1.4210,2.2321,0.519958,0.076294,-0.026306,0.850342,7.760,68.8,-1
1782769286.132,2841,644097,0,0.00000000,0.00000000,0.00,0,0,1.01,0.027,0.0980,1.1270,1.2250,1.6674,0.517517,0.076599,-0.025696,0.851868,7.758,71.2,-1
1782769286.381,2842,644321,0,0.00000000,0.00000000,0.00,0,0,0.94,-0.000,0.6860,0.6860,2.1070,2.3196,0.508911,0.076721,-0.025330,0.856995,7.756,78.8,-1
1782769286.568,2843,644533,0,0.00000000,0.00000000,0.00,0,0,0.91,-0.024,0.4410,0.9800,2.1070,2.3652,0.521118,0.076294,-0.026367,0.849670,7.756,70.0,-1
1782769286.816,2844,644753,0,0.00000000,0.00000000,0.00,0,0,1.04,0.054,1.0290,0.4410,1.7640,2.0893,0.510132,0.076782,-0.025146,0.856262,7.755,71.2,-1
1782769287.001,2845,644976,0,0.00000000,0.00000000,0.00,0,0,0.99,0.014,-0.3920,0.9310,0.9310,1.3737,0.527222,0.075928,-0.026367,0.845886,7.759,72.5,-1
1782769287.250,2846,645197,0,0.00000000,0.00000000,0.00,0,0,1.08,0.077,0.6860,1.4210,2.4010,2.8731,0.529297,0.075684,-0.026917,0.844604,7.759,70.0,-1
1782769287.498,2847,645436,0,0.00000000,0.00000000,0.00,0,0,1.03,0.019,0.0000,0.4900,1.4700,1.5495,0.520630,0.076233,-0.025818,0.849976,7.758,72.5,-1
1782769287.685,2848,645653,0,0.00000000,0.00000000,0.00,0,0,0.91,-0.040,0.7350,0.0490,1.9600,2.0939,0.521362,0.076294,-0.026428,0.849487,7.759,72.5,-1
1782769287.933,2849,645877,0,0.00000000,0.00000000,0.00,0,0,0.98,-0.019,0.3920,0.8330,1.1760,1.4935,0.521362,0.076294,-0.026428,0.849487,7.760,73.8,-1
1782769288.120,2850,646099,0,0.00000000,0.00000000,0.00,0,0,1.03,0.010,0.0980,0.5390,0.8820,1.0383,0.511292,0.076843,-0.025208,0.855591,7.756,70.0,-1
1782769288.372,2851,646317,0,0.00000000,0.00000000,0.00,0,0,0.96,-0.040,-0.0980,1.5680,0.8820,1.8017,0.523315,0.076416,-0.026245,0.848267,7.758,73.8,-1
1782769288.558,2852,646529,0,0.00000000,0.00000000,0.00,0,0,1.17,0.080,0.0980,0.9310,1.9600,2.1721,0.507385,0.076599,-0.024658,0.857971,7.758,75.0,-1
1782769288.809,2853,646749,0,0.00000000,0.00000000,0.00,0,0,1.10,0.044,0.1470,0.3920,1.5190,1.5756,0.503906,0.076965,-0.024475,0.859985,7.755,75.0,-1
1782769288.997,2854,646972,0,0.00000000,0.00000000,0.00,0,0,0.91,-0.071,0.2940,0.9310,0.9310,1.3491,0.514404,0.076416,-0.025269,0.853760,7.754,76.2,-1
1782769289.246,2855,647197,0,0.00000000,0.00000000,0.00,0,0,1.07,0.054,0.4900,0.5880,1.8130,1.9679,0.529663,0.076294,-0.026855,0.844360,7.759,75.0,-1
1782769289.496,2856,647444,0,0.00000000,0.00000000,0.00,0,0,1.17,0.083,0.1960,0.0980,1.9600,1.9722,0.529663,0.075928,-0.026611,0.844360,7.758,73.8,-1
1782769289.682,2857,647663,0,0.00000000,0.00000000,0.00,0,0,1.18,0.089,-0.1470,1.1270,0.3920,1.2022,0.520935,0.076538,-0.026062,0.849731,7.758,76.2,-1
1782769289.932,2858,647882,0,0.00000000,0.00000000,0.00,0,0,1.12,0.027,0.6860,0.9310,1.1270,1.6148,0.488708,0.077454,-0.023132,0.868713,7.754,78.8,-1
1782769290.180,2859,648101,0,0.00000000,0.00000000,0.00,0,0,0.99,-0.062,0.1470,0.5880,2.0090,2.0984,0.527039,0.076355,-0.026611,0.846008,7.754,77.5,-1
1782769290.369,2860,648324,0,0.00000000,0.00000000,0.00,0,0,1.11,0.020,-0.0490,1.0780,1.2250,1.6325,0.541077,0.075867,-0.027832,0.837097,7.756,72.5,-1
1782769290.557,2861,648535,0,0.00000000,0.00000000,0.00,0,0,1.01,-0.027,0.5880,0.6370,2.8420,2.9713,0.526978,0.076294,-0.026550,0.846008,7.756,70.0,-1
1782769290.805,2862,648763,0,0.00000000,0.00000000,0.00,0,0,1.04,-0.018,0.1960,0.4900,2.2050,2.2673,0.523926,0.076416,-0.026306,0.847961,7.754,75.0,-1
1782769291.052,2863,648982,0,0.00000000,0.00000000,0.00,0,0,1.01,-0.036,0.7840,0.1470,1.7150,1.8914,0.523926,0.076355,-0.026306,0.847961,7.755,77.5,-1
1782769291.238,2864,649206,0,0.00000000,0.00000000,0.00,0,0,1.12,0.033,0.2450,0.2940,1.4700,1.5190,0.526245,0.076111,-0.026855,0.846497,7.758,73.8,-1
1782769291.488,2865,649449,0,0.00000000,0.00000000,0.00,0,0,1.16,0.055,0.5880,0.1470,1.4210,1.5449,0.531982,0.076111,-0.027039,0.842896,7.758,75.0,-1
1782769291.737,2866,649674,0,0.00000000,0.00000000,0.00,0,0,0.99,-0.054,-0.1470,0.8330,1.7640,1.9563,0.525818,0.076111,-0.026794,0.846802,7.753,76.2,-1
1782769291.922,2867,649897,0,0.00000000,0.00000000,0.00,0,0,1.04,-0.040,-0.2450,1.3230,0.4900,1.4319,0.519226,0.076599,-0.025879,0.850830,7.754,76.2,-1
1782769292.170,2868,650119,0,0.00000000,0.00000000,0.00,0,0,1.05,-0.020,0.3920,0.8330,1.7150,1.9465,0.535583,0.076111,-0.027344,0.840576,7.754,76.2,-1
1782769292.358,2869,650319,0,0.00000000,0.00000000,0.00,0,0,0.98,-0.060,0.8820,0.3430,2.3030,2.4899,0.535217,0.076111,-0.027344,0.840820,7.755,75.0,-1
1782769292.606,2870,650529,0,0.00000000,0.00000000,0.00,0,0,1.06,-0.025,0.2940,0.1960,1.6170,1.6552,0.544250,0.075745,-0.028137,0.835022,7.756,72.5,-1
1782769292.792,2871,650747,0,0.00000000,0.00000000,0.00,0,0,1.14,0.042,0.0490,0.6370,1.2740,1.4252,0.549316,0.075562,-0.028625,0.831665,7.754,77.5,-1
1782769293.040,2872,650971,0,0.00000000,0.00000000,0.00,0,0,1.09,-0.001,0.4900,0.5390,1.7640,1.9085,0.518982,0.076538,-0.025879,0.850952,7.756,75.0,-1
1782769293.227,2873,651189,0,0.00000000,0.00000000,0.00,0,0,1.03,-0.046,0.0000,0.7350,1.2740,1.4708,0.519470,0.076599,-0.025940,0.850647,7.756,76.2,-1
1782769293.487,2874,651432,0,0.00000000,0.00000000,0.00,0,0,1.12,-0.010,0.4410,0.1960,1.2250,1.3166,0.519470,0.076660,-0.025940,0.850647,7.756,75.0,-1
1782769293.736,2875,651659,0,0.00000000,0.00000000,0.00,0,0,1.02,-0.063,0.2450,0.8820,2.1560,2.3423,0.495789,0.077209,-0.023804,0.864685,7.756,81.2,-1
1782769293.921,2876,651879,0,0.00000000,0.00000000,0.00,0,0,1.00,-0.040,0.2450,0.8330,0.3920,0.9527,0.511292,0.076599,-0.025513,0.855591,7.754,81.2,-1
1782769294.170,2877,652102,0,0.00000000,0.00000000,0.00,0,0,0.99,-0.064,0.7840,-0.5390,1.9110,2.1347,0.523682,0.075928,-0.026428,0.848083,7.756,77.5,-1
1782769294.357,2878,652321,0,0.00000000,0.00000000,0.00,0,0,1.06,0.004,0.3920,0.9800,0.8330,1.3446,0.526184,0.076050,-0.026306,0.846558,7.754,78.8,-1
1782769294.607,2879,652534,0,0.00000000,0.00000000,0.00,0,0,1.06,-0.004,-0.0980,0.7350,1.3230,1.5166,0.526184,0.076050,-0.026306,0.846558,7.760,67.5,-1
1782769294.794,2880,652761,0,0.00000000,0.00000000,0.00,0,0,1.05,-0.004,1.6170,0.4410,3.4790,3.8617,0.526184,0.076172,-0.026367,0.846558,7.754,81.2,-1
1782769295.044,2881,652983,0,0.00000000,0.00000000,0.00,0,0,1.14,0.050,1.2740,0.2450,3.3320,3.5757,0.515869,0.076477,-0.025940,0.852844,7.753,77.5,-1
1782769295.229,2882,653206,0,0.00000000,0.00000000,0.00,0,0,1.08,0.010,0.5880,1.0290,2.2540,2.5466,0.515869,0.076477,-0.025940,0.852844,7.756,72.5,-1
1782769295.480,2883,653452,0,0.00000000,0.00000000,0.00,0,0,1.08,0.001,0.6860,0.8330,2.6950,2.9030,0.515869,0.076477,-0.025940,0.852844,7.753,77.5,-1
1782769295.728,2884,653677,0,0.00000000,0.00000000,0.00,0,0,1.14,0.015,0.7350,0.4900,1.8620,2.0609,0.515869,0.076538,-0.025879,0.852844,7.755,72.5,-1
1782769295.976,2885,653904,0,0.00000000,0.00000000,0.00,0,0,1.23,0.058,-0.1960,0.3920,1.3230,1.3937,0.523865,0.076477,-0.026306,0.847961,7.750,85.0,-1
1782769296.163,2886,654126,0,0.00000000,0.00000000,0.00,0,0,1.12,-0.006,0.1960,0.7840,1.6660,1.8517,0.516724,0.076416,-0.026001,0.852356,7.754,76.2,-1
1782769296.412,2887,654347,0,0.00000000,0.00000000,0.00,0,0,1.17,0.024,0.4900,0.4900,1.4210,1.5810,0.507874,0.076660,-0.025208,0.857666,7.754,76.2,-1
1782769296.599,2888,654562,0,0.00000000,0.00000000,0.00,0,0,1.16,0.028,0.1960,0.5880,1.6170,1.7317,0.532104,0.075928,-0.027405,0.842834,7.755,73.8,-1
1782769296.846,2889,654789,0,0.00000000,0.00000000,0.00,0,0,1.08,-0.032,0.2940,0.6860,1.3230,1.5190,0.507019,0.076721,-0.025146,0.858154,7.756,75.0,-1
1782769297.034,2890,655011,0,0.00000000,0.00000000,0.00,0,0,1.16,0.024,0.4410,0.7350,1.2740,1.5355,0.512390,0.076782,-0.025269,0.854919,7.753,73.8,-1
1782769297.284,2891,655231,0,0.00000000,0.00000000,0.00,0,0,1.11,-0.010,-0.0490,0.6860,1.1270,1.3203,0.494934,0.077209,-0.023682,0.865173,7.754,76.2,-1
1782769297.471,2892,655446,0,0.00000000,0.00000000,0.00,0,0,1.20,0.062,0.5390,0.7840,1.4210,1.7101,0.516479,0.076599,-0.025635,0.852478,7.750,76.2,-1
1782769297.719,2893,655671,0,0.00000000,0.00000000,0.00,0,0,1.13,0.026,-0.0490,0.7840,1.4210,1.6237,0.527100,0.076355,-0.026611,0.845947,7.754,76.2,-1
1782769297.967,2894,655888,0,0.00000000,0.00000000,0.00,0,0,1.09,-0.020,0.2450,0.5390,2.0580,2.1415,0.527100,0.076355,-0.026611,0.845947,7.751,78.8,-1
1782769298.153,2895,656112,0,0.00000000,0.00000000,0.00,0,0,1.17,0.028,-0.3430,0.6860,-0.8330,1.1323,0.518066,0.076599,-0.025757,0.851501,7.755,76.2,-1
1782769298.338,2896,656313,0,0.00000000,0.00000000,0.00,0,0,1.25,0.056,0.4410,0.1960,1.5680,1.6406,0.518066,0.076599,-0.025757,0.851501,7.754,75.0,-1
1782769298.588,2897,656530,0,0.00000000,0.00000000,0.00,0,0,1.18,0.016,0.1960,0.5390,1.5190,1.6237,0.510925,0.076904,-0.025146,0.855835,7.751,77.5,-1
1782769298.775,2898,656754,0,0.00000000,0.00000000,0.00,0,0,1.06,-0.050,-0.6370,1.6170,0.0000,1.7379,0.526794,0.076355,-0.026550,0.846130,7.756,72.5,-1
1782769299.026,2899,656971,0,0.00000000,0.00000000,0.00,0,0,1.03,-0.075,0.5390,0.1960,3.0870,3.1398,0.514343,0.076172,-0.025574,0.853821,7.750,78.8,-1
1782769299.275,2900,657195,0,0.00000000,0.00000000,0.00,0,0,1.17,0.016,-0.0490,0.8820,1.1760,1.4708,0.517334,0.076660,-0.025696,0.851929,7.759,70.0,-1
1782769299.462,2901,657435,0,0.00000000,0.00000000,0.00,0,0,1.24,0.084,0.3920,0.6370,1.7640,1.9160,0.518066,0.076660,-0.025757,0.851501,7.756,72.5,-1
1782769299.711,2902,657655,0,0.00000000,0.00000000,0.00,0,0,1.05,-0.027,-0.1960,0.9310,0.1960,0.9714,0.518250,0.076599,-0.025818,0.851379,7.754,68.8,-1
1782769299.899,2903,657874,0,0.00000000,0.00000000,0.00,0,0,1.10,0.037,1.3720,0.4900,2.7440,3.1068,0.517090,0.076416,-0.026062,0.852112,7.756,70.0,-1
1782769300.147,2904,658097,0,0.00000000,0.00000000,0.00,0,0,1.03,-0.022,-0.0490,0.3430,0.7350,0.8126,0.517151,0.076355,-0.026001,0.852112,7.758,75.0,-1
1782769300.336,2905,658315,0,0.00000000,0.00000000,0.00,0,0,0.98,-0.076,-0.0980,0.8820,0.0490,0.8888,0.522949,0.076172,-0.026550,0.848511,7.758,75.0,-1
1782769300.586,2906,658526,0,0.00000000,0.00000000,0.00,0,0,1.00,-0.048,0.2940,1.1270,1.6170,1.9928,0.522949,0.076172,-0.026550,0.848511,7.755,75.0,-1
1782769300.773,2907,658745,0,0.00000000,0.00000000,0.00,0,0,1.12,0.044,0.0490,0.8820,1.4700,1.7150,0.535583,0.076050,-0.027344,0.840637,7.755,77.5,-1
1782769301.022,2908,658969,0,0.00000000,0.00000000,0.00,0,0,0.95,-0.048,0.2450,0.4900,1.4700,1.5688,0.520752,0.076416,-0.026001,0.849915,7.756,75.0,-1
1782769301.210,2909,659186,0,0.00000000,0.00000000,0.00,0,0,1.09,0.020,0.2940,0.9310,1.5680,1.8471,0.514404,0.076599,-0.025391,0.853760,7.758,72.5,-1
1782769301.459,2910,659406,0,0.00000000,0.00000000,0.00,0,0,1.07,0.018,0.1470,0.8820,0.7350,1.1575,0.519287,0.076477,-0.025879,0.850769,7.750,81.2,-1
1782769301.647,2911,659618,0,0.00000000,0.00000000,0.00,0,0,1.09,0.020,0.2940,0.5390,1.5680,1.6839,0.524963,0.076355,-0.026367,0.847290,7.754,81.2,-1
1782769301.896,2912,659840,0,0.00000000,0.00000000,0.00,0,0,1.08,0.014,-0.4900,1.3720,0.0980,1.4602,0.518311,0.076538,-0.025818,0.851379,7.756,75.0,-1
1782769302.083,2913,660059,0,0.00000000,0.00000000,0.00,0,0,1.04,-0.021,0.6370,0.3430,1.8130,1.9520,0.532532,0.076111,-0.027100,0.842529,7.751,76.2,-1
1782769302.332,2914,660278,0,0.00000000,0.00000000,0.00,0,0,1.08,-0.003,0.6860,0.5880,1.5190,1.7674,0.518250,0.076477,-0.025757,0.851440,7.753,78.8,-1
1782769302.519,2915,660495,0,0.00000000,0.00000000,0.00,0,0,1.18,0.067,0.3920,0.3430,2.0090,2.0754,0.520935,0.076416,-0.026001,0.849792,7.758,70.0,-1
1782769302.767,2916,660721,0,0.00000000,0.00000000,0.00,0,0,1.05,-0.022,0.0490,1.2740,1.6660,2.0979,0.517212,0.076599,-0.025696,0.852051,7.753,76.2,-1
1782769303.018,2917,660942,0,0.00000000,0.00000000,0.00,0,0,1.13,0.020,0.9310,0.2450,3.0380,3.1869,0.527405,0.076050,-0.026978,0.845764,7.750,78.8,-1
1782769303.206,2918,661162,0,0.00000000,0.00000000,0.00,0,0,1.22,0.066,0.4900,0.2450,1.4700,1.5688,0.499634,0.076904,-0.024475,0.862488,7.753,77.5,-1
1782769303.453,2919,661379,0,0.00000000,0.00000000,0.00,0,0,1.04,-0.046,0.2940,0.4410,1.1760,1.2899,0.519348,0.076050,-0.026062,0.850769,7.756,77.5,-1
1782769303.654,2920,661594,0,0.00000000,0.00000000,0.00,0,0,1.19,0.055,0.4410,0.2450,1.6660,1.7407,0.523438,0.076111,-0.026062,0.848267,7.759,70.0,-1
1782769303.841,2921,661816,0,0.00000000,0.00000000,0.00,0,0,1.18,0.043,0.1960,0.6370,1.1760,1.3517,0.538208,0.075684,-0.027405,0.838928,7.756,68.8,-1
1782769304.090,2922,662044,0,0.00000000,0.00000000,0.00,0,0,1.16,0.032,0.5390,0.7840,1.9600,2.1787,0.517151,0.076294,-0.025513,0.852112,7.753,73.8,-1
1782769304.339,2923,662267,0,0.00000000,0.00000000,0.00,0,0,1.21,0.058,0.7350,0.0980,2.4500,2.5598,0.513794,0.076721,-0.025391,0.854065,7.758,75.0,-1
1782769304.526,2924,662487,0,0.00000000,0.00000000,0.00,0,0,1.15,-0.000,0.0490,0.6860,0.1470,0.7033,0.496521,0.077148,-0.023804,0.864258,7.759,77.5,-1
1782769304.776,2925,662707,0,0.00000000,0.00000000,0.00,0,0,1.03,-0.068,0.5880,-0.3430,2.2540,2.3546,0.512512,0.076721,-0.025269,0.854858,7.758,73.8,-1
1782769304.963,2926,662928,0,0.00000000,0.00000000,0.00,0,0,1.19,0.026,0.5390,0.8330,1.8620,2.1098,0.515259,0.076660,-0.025513,0.853210,7.759,75.0,-1
1782769305.210,2927,663151,0,0.00000000,0.00000000,0.00,0,0,1.09,-0.031,0.7840,1.1760,1.8130,2.2988,0.532043,0.075806,-0.026794,0.842896,7.756,75.0,-1
1782769305.397,2928,663376,0,0.00000000,0.00000000,0.00,0,0,1.07,-0.035,-0.9310,1.8620,0.1960,2.0910,0.538147,0.076111,-0.028137,0.838928,7.756,72.5,-1
1782769305.647,2929,663591,0,0.00000000,0.00000000,0.00,0,0,0.99,-0.093,0.1470,0.4900,1.1760,1.2825,0.538208,0.075745,-0.027832,0.838928,7.756,76.2,-1
1782769305.834,2930,663814,0,0.00000000,0.00000000,0.00,0,0,1.16,0.045,0.5390,1.1270,1.6170,2.0434,0.521362,0.076172,-0.025879,0.849548,7.756,70.0,-1
1782769306.082,2931,664040,0,0.00000000,0.00000000,0.00,0,0,1.17,0.049,0.6370,0.5390,1.4210,1.6479,0.526611,0.076050,-0.026367,0.846252,7.759,71.2,-1
1782769306.332,2932,664258,0,0.00000000,0.00000000,0.00,0,0,1.08,-0.030,0.3920,0.2940,1.8130,1.8780,0.526306,0.076111,-0.026855,0.846497,7.754,77.5,-1
1782769306.518,2933,664472,0,0.00000000,0.00000000,0.00,0,0,1.02,-0.071,-0.1960,0.0980,1.3720,1.3894,0.528992,0.076172,-0.026733,0.844788,7.755,77.5,-1
1782769306.767,2934,664699,0,0.00000000,0.00000000,0.00,0,0,1.01,-0.088,0.0000,1.0780,1.2740,1.6689,0.528992,0.076172,-0.026733,0.844788,7.756,75.0,-1
1782769306.955,2935,664923,0,0.00000000,0.00000000,0.00,0,0,0.94,-0.128,0.3920,0.7350,1.2740,1.5222,0.529175,0.075928,-0.027100,0.844666,7.759,71.2,-1
1782769307.205,2936,665142,0,0.00000000,0.00000000,0.00,0,0,1.00,-0.068,0.0980,0.9800,1.6660,1.9353,0.522827,0.076111,-0.026001,0.848633,7.758,71.2,-1
1782769307.393,2937,665365,0,0.00000000,0.00000000,0.00,0,0,0.98,-0.059,0.7350,0.1960,0.9310,1.2022,0.517578,0.076294,-0.025513,0.851807,7.758,72.5,-1
1782769307.640,2938,665584,0,0.00000000,0.00000000,0.00,0,0,0.80,-0.165,0.1960,0.8330,1.1270,1.4151,0.540833,0.075562,-0.027649,0.837280,7.756,76.2,-1
1782769307.826,2939,665802,0,0.00000000,0.00000000,0.00,0,0,0.87,-0.085,0.4900,0.0490,2.0580,2.1161,0.543701,0.075562,-0.027893,0.835388,7.756,75.0,-1
1782769308.075,2940,666023,0,0.00000000,0.00000000,0.00,0,0,0.81,-0.097,0.0490,1.1760,1.3720,1.8077,0.529358,0.075745,-0.026917,0.844543,7.756,75.0,-1
1782769308.324,2941,666242,0,0.00000000,0.00000000,0.00,0,0,0.79,-0.118,0.4410,0.4410,1.7640,1.8710,0.532043,0.075623,-0.027161,0.842896,7.758,75.0,-1
1782769308.511,2942,666459,0,0.00000000,0.00000000,0.00,0,0,0.87,-0.063,0.5880,0.0000,1.7640,1.8594,0.532043,0.075684,-0.027161,0.842896,7.755,72.5,-1
1782769308.760,2943,666686,0,0.00000000,0.00000000,0.00,0,0,0.87,-0.074,0.3920,0.4410,1.8130,1.9066,0.537476,0.075684,-0.027344,0.839417,7.755,73.8,-1
1782769308.948,2944,666909,0,0.00000000,0.00000000,0.00,0,0,0.85,-0.068,0.1960,0.5880,1.1760,1.3293,0.514709,0.076416,-0.025269,0.853577,7.759,77.5,-1
1782769309.196,2945,667135,0,0.00000000,0.00000000,0.00,0,0,0.97,0.012,0.8820,1.0290,2.5480,2.8860,0.522522,0.076416,-0.026184,0.848816,7.751,77.5,-1
1782769309.383,2946,667357,0,0.00000000,0.00000000,0.00,0,0,0.85,-0.070,0.9800,-0.4900,2.7440,2.9547,0.532288,0.076050,-0.027039,0.842712,7.753,77.5,-1
1782769309.631,2947,667574,0,0.00000000,0.00000000,0.00,0,0,0.89,-0.036,0.2450,0.5880,1.7150,1.8295,0.532288,0.076050,-0.027039,0.842712,7.756,76.2,-1
1782769309.820,2948,667800,0,0.00000000,0.00000000,0.00,0,0,0.97,-0.006,1.2740,0.2940,2.9400,3.2176,0.535095,0.075806,-0.027649,0.840942,7.756,75.0,-1
1782769310.071,2949,668026,0,0.00000000,0.00000000,0.00,0,0,1.06,0.081,0.3920,0.6860,1.6170,1.7997,0.522400,0.076172,-0.026489,0.848877,7.755,78.8,-1
1782769310.319,2950,668251,0,0.00000000,0.00000000,0.00,0,0,0.85,-0.065,0.2940,0.2940,2.3520,2.3885,0.520264,0.076233,-0.026306,0.850159,7.761,70.0,-1
1782769310.505,2951,668467,0,0.00000000,0.00000000,0.00,0,0,0.86,-0.048,0.4900,0.4410,1.8130,1.9291,0.531799,0.075623,-0.027161,0.843079,7.754,80.0,-1
1782769310.756,2952,668691,0,0.00000000,0.00000000,0.00,0,0,0.88,-0.012,0.3920,0.3920,2.1070,2.1787,0.531677,0.075684,-0.027161,0.843079,7.756,72.5,-1
1782769310.942,2953,668912,0,0.00000000,0.00000000,0.00,0,0,0.90,-0.011,0.3430,0.3430,1.5680,1.6413,0.523987,0.076416,-0.026306,0.847900,7.755,73.8,-1
1782769311.191,2954,669140,0,0.00000000,0.00000000,0.00,0,0,0.94,0.022,-0.2940,1.1760,0.7840,1.4436,0.526917,0.076233,-0.026550,0.846069,7.751,78.8,-1
1782769311.439,2955,669358,0,0.00000000,0.00000000,0.00,0,0,0.93,-0.006,0.2940,0.2940,1.8620,1.9079,0.521240,0.076477,-0.026062,0.849609,7.754,77.5,-1
1782769311.624,2956,669571,0,0.00000000,0.00000000,0.00,0,0,1.02,0.069,0.2940,0.9800,1.0290,1.4511,0.508301,0.076843,-0.024902,0.857361,7.758,73.8,-1
1782769311.874,2957,669795,0,0.00000000,0.00000000,0.00,0,0,0.97,0.028,0.1470,0.5880,1.3720,1.4999,0.517334,0.076111,-0.025879,0.851990,7.758,75.0,-1
1782769312.062,2958,670019,0,0.00000000,0.00000000,0.00,0,0,0.96,0.025,0.4900,0.6860,2.0090,2.1787,0.513977,0.076416,-0.025208,0.854004,7.758,71.2,-1
1782769312.311,2959,670245,0,0.00000000,0.00000000,0.00,0,0,0.96,-0.010,0.4410,1.1760,1.9110,2.2868,0.532166,0.076050,-0.027039,0.842773,7.758,76.2,-1
1782769312.497,2960,670465,0,0.00000000,0.00000000,0.00,0,0,0.98,0.012,1.3230,1.2740,1.4700,2.3525,0.526062,0.076355,-0.026489,0.846619,7.755,72.5,-1
1782769312.747,2961,670685,0,0.00000000,0.00000000,0.00,0,0,0.97,0.006,0.3430,0.8820,1.9110,2.1325,0.532227,0.076050,-0.027039,0.842712,7.758,72.5,-1
1782769312.931,2962,670904,0,0.00000000,0.00000000,0.00,0,0,1.08,0.078,0.4900,0.4410,1.3720,1.5222,0.511719,0.076782,-0.025208,0.855347,7.750,81.2,-1
1782769313.182,2963,671123,0,0.00000000,0.00000000,0.00,0,0,1.08,0.067,-0.4410,1.9600,-0.2940,2.0304,0.526672,0.076294,-0.026550,0.846191,7.755,80.0,-1
1782769313.369,2964,671347,0,0.00000000,0.00000000,0.00,0,0,1.08,0.060,0.1960,0.7350,1.3720,1.5688,0.521057,0.076416,-0.026001,0.849731,7.755,75.0,-1
1782769313.619,2965,671560,0,0.00000000,0.00000000,0.00,0,0,1.01,0.040,0.3920,0.7350,1.5190,1.7324,0.516785,0.076416,-0.026001,0.852295,7.759,68.8,-1
1782769313.868,2966,671788,0,0.00000000,0.00000000,0.00,0,0,1.02,0.043,0.3920,0.6370,1.8620,2.0066,0.532654,0.075867,-0.026917,0.842529,7.756,72.5,-1
1782769314.054,2967,672011,0,0.00000000,0.00000000,0.00,0,0,1.01,0.040,0.7350,0.1470,1.8130,1.9618,0.520447,0.075989,-0.026123,0.850098,7.759,73.8,-1
1782769314.305,2968,672240,0,0.00000000,0.00000000,0.00,0,0,1.04,0.064,0.2450,1.5680,0.8330,1.7924,0.508362,0.076599,-0.025208,0.857361,7.759,67.5,-1
1782769314.494,2969,672462,0,0.00000000,0.00000000,0.00,0,0,1.01,0.044,0.2450,0.4900,2.0580,2.1297,0.502258,0.076782,-0.024658,0.860962,7.759,71.2,-1
1782769314.743,2970,672687,0,0.00000000,0.00000000,0.00,0,0,1.00,0.034,0.0980,0.7840,2.0580,2.2045,0.539795,0.075378,-0.027893,0.837952,7.756,78.8,-1
1782769314.930,2971,672909,0,0.00000000,0.00000000,0.00,0,0,1.06,0.061,0.2940,0.8330,2.0580,2.2396,0.526550,0.076050,-0.026367,0.846313,7.750,77.5,-1
1782769315.180,2972,673130,0,0.00000000,0.00000000,0.00,0,0,0.95,0.006,1.3720,0.7350,2.4990,2.9441,0.517822,0.076294,-0.025574,0.851685,7.759,71.2,-1
1782769315.428,2973,673349,0,0.00000000,0.00000000,0.00,0,0,0.95,0.001,0.2940,-0.0490,1.2740,1.3084,0.534607,0.075989,-0.027222,0.841248,7.755,77.5,-1
1782769315.614,2974,673558,0,0.00000000,0.00000000,0.00,0,0,0.91,-0.036,0.2940,0.3430,1.5680,1.6318,0.500732,0.077026,-0.024170,0.861816,7.759,72.5,-1
1782769315.860,2975,673781,0,0.00000000,0.00000000,0.00,0,0,1.02,0.034,0.3430,0.9800,1.1760,1.5688,0.523926,0.076355,-0.026245,0.847961,7.756,72.5,-1
1782769316.046,2976,674001,0,0.00000000,0.00000000,0.00,0,0,0.98,0.002,0.5880,0.5390,2.3520,2.4836,0.544006,0.075745,-0.028137,0.835205,7.758,70.0,-1
1782769316.296,2977,674223,0,0.00000000,0.00000000,0.00,0,0,1.04,0.051,0.0980,0.9310,1.6660,1.9110,0.516968,0.076599,-0.025696,0.852173,7.759,68.8,-1
1782769316.482,2978,674436,0,0.00000000,0.00000000,0.00,0,0,1.03,0.056,0.1470,0.3920,1.5680,1.6229,0.510620,0.076843,-0.025146,0.855957,7.756,72.5,-1
1782769316.728,2979,674662,0,0.00000000,0.00000000,0.00,0,0,1.13,0.089,0.6860,0.7840,0.4900,1.1512,0.507080,0.076660,-0.024597,0.858093,7.753,77.5,-1
1782769316.915,2980,674885,0,0.00000000,0.00000000,0.00,0,0,1.14,0.082,0.1960,0.8820,1.9600,2.1582,0.517456,0.076294,-0.025513,0.851929,7.754,73.8,-1
1782769317.164,2981,675114,0,0.00000000,0.00000000,0.00,0,0,1.10,0.059,0.0000,0.6860,1.5680,1.7115,0.518250,0.076965,-0.026001,0.851379,7.758,72.5,-1
1782769317.413,2982,675335,0,0.00000000,0.00000000,0.00,0,0,1.15,0.086,0.8330,-0.1960,3.0380,3.1562,0.516846,0.076660,-0.025696,0.852234,7.756,73.8,-1
1782769317.600,2983,675550,0,0.00000000,0.00000000,0.00,0,0,1.14,0.054,0.4410,0.3430,1.4210,1.5269,0.532410,0.075623,-0.027222,0.842651,7.754,78.8,-1
1782769317.850,2984,675777,0,0.00000000,0.00000000,0.00,0,0,1.12,0.040,0.1960,0.6860,1.4210,1.5900,0.510010,0.075867,-0.024963,0.856445,7.756,75.0,-1
1782769318.035,2985,675996,0,0.00000000,0.00000000,0.00,0,0,1.24,0.109,0.4900,0.7350,1.7150,1.9291,0.508118,0.076538,-0.024658,0.857544,7.754,78.8,-1
1782769318.282,2986,676219,0,0.00000000,0.00000000,0.00,0,0,1.27,0.118,0.1470,1.1760,2.2050,2.5033,0.524353,0.076111,-0.026123,0.847717,7.755,75.0,-1
1782769318.468,2987,676426,0,0.00000000,0.00000000,0.00,0,0,1.21,0.081,0.2450,0.3920,1.5190,1.5878,0.526062,0.076111,-0.026306,0.846619,7.753,76.2,-1
1782769318.653,2988,676627,0,0.00000000,0.00000000,0.00,0,0,1.09,-0.000,0.0980,0.7840,1.5680,1.7558,0.525635,0.076111,-0.026306,0.846863,7.751,76.2,-1
1782769318.901,2989,676850,0,0.00000000,0.00000000,0.00,0,0,1.15,0.034,0.2940,0.5390,1.5190,1.6384,0.525635,0.076233,-0.026306,0.846863,7.756,70.0,-1
1782769319.086,2990,677051,0,0.00000000,0.00000000,0.00,0,0,1.21,0.053,0.3430,0.2940,1.4700,1.5379,0.538269,0.075989,-0.027649,0.838867,7.756,72.5,-1
1782769319.332,2991,677270,0,0.00000000,0.00000000,0.00,0,0,1.28,0.068,0.0980,0.2940,1.8620,1.8876,0.521606,0.076172,-0.025879,0.849365,7.754,75.0,-1
1782769319.520,2992,677484,0,0.00000000,0.00000000,0.00,0,0,1.14,-0.019,0.0490,0.4900,1.8130,1.8787,0.524597,0.076050,-0.026123,0.847534,7.754,75.0,-1
1782769319.767,2993,677712,0,0.00000000,0.00000000,0.00,0,0,1.19,0.007,0.2450,0.8820,2.3520,2.5239,0.506958,0.076721,-0.025146,0.858154,7.758,75.0,-1
1782769319.953,2994,677931,0,0.00000000,0.00000000,0.00,0,0,1.12,-0.044,0.4410,1.0780,2.2050,2.4937,0.528870,0.076355,-0.026794,0.844849,7.758,68.8,-1
1782769320.199,2995,678154,0,0.00000000,0.00000000,0.00,0,0,1.18,0.006,-0.1470,0.7840,1.2740,1.5031,0.527649,0.076355,-0.026672,0.845581,7.760,70.0,-1
1782769320.449,2996,678374,0,0.00000000,0.00000000,0.00,0,0,1.14,-0.024,0.4410,0.2940,0.7840,0.9463,0.528931,0.075989,-0.026550,0.844849,7.761,68.8,-1
1782769320.635,2997,678592,0,0.00000000,0.00000000,0.00,0,0,1.07,-0.054,0.4900,0.5880,1.3720,1.5711,0.517639,0.076660,-0.025757,0.851746,7.753,77.5,-1
1782769320.884,2998,678813,0,0.00000000,0.00000000,0.00,0,0,0.99,-0.095,0.1470,1.0290,1.5190,1.8406,0.505249,0.077026,-0.024658,0.859192,7.758,76.2,-1
1782769321.071,2999,679031,0,0.00000000,0.00000000,0.00,0,0,1.08,-0.015,0.4900,0.5880,1.8620,2.0132,0.524048,0.076477,-0.026306,0.847839,7.754,76.2,-1
1782769321.320,3000,679255,0,0.00000000,0.00000000,0.00,0,0,1.13,0.019,0.4410,0.2940,1.4210,1.5166,0.505005,0.077026,-0.024597,0.859314,7.759,70.0,-1
1782769321.511,3001,679467,0,0.00000000,0.00000000,0.00,0,0,1.09,0.002,0.0000,0.3920,1.6660,1.7115,0.530151,0.076233,-0.026855,0.844055,7.755,75.0,-1
1782769321.761,3002,679685,0,0.00000000,0.00000000,0.00,0,0,1.11,0.013,0.0490,0.5390,0.9310,1.0769,0.535522,0.076111,-0.027344,0.840637,7.756,77.5,-1
1782769321.946,3003,679905,0,0.00000000,0.00000000,0.00,0,0,1.11,0.036,0.3920,0.3430,1.2740,1.3764,0.530090,0.076172,-0.026855,0.844116,7.747,81.2,-1
1782769322.197,3004,680127,0,0.00000000,0.00000000,0.00,0,0,1.03,-0.020,-0.2940,1.0290,1.8130,2.1053,0.530090,0.076172,-0.026855,0.844116,7.755,77.5,-1
1782769322.385,3005,680349,0,0.00000000,0.00000000,0.00,0,0,1.09,0.020,-0.5390,1.3720,0.5880,1.5870,0.521423,0.076477,-0.026062,0.849487,7.755,73.8,-1
1782769322.633,3006,680567,0,0.00000000,0.00000000,0.00,0,0,1.02,-0.021,0.4410,0.9310,1.7150,2.0006,0.514038,0.076538,-0.025757,0.853943,7.755,75.0,-1
1782769322.818,3007,680787,0,0.00000000,0.00000000,0.00,0,0,1.09,0.023,0.8330,0.7840,2.3030,2.5714,0.523071,0.076416,-0.026245,0.848450,7.751,78.8,-1
1782769323.068,3008,681008,0,0.00000000,0.00000000,0.00,0,0,1.06,-0.013,0.3920,0.6370,1.6170,1.7816,0.521118,0.076477,-0.026062,0.849670,7.751,76.2,-1
1782769323.255,3009,681231,0,0.00000000,0.00000000,0.00,0,0,0.95,-0.083,0.6860,0.6860,2.1560,2.3642,0.515625,0.076721,-0.025574,0.852966,7.754,73.8,-1
1782769323.507,3010,681447,0,0.00000000,0.00000000,0.00,0,0,0.97,-0.057,0.1960,0.9800,0.9800,1.3997,0.509277,0.076904,-0.025024,0.856812,7.754,73.8,-1
1782769323.695,3011,681670,0,0.00000000,0.00000000,0.00,0,0,1.00,-0.031,1.1760,0.7840,2.4010,2.7861,0.516663,0.076660,-0.025696,0.852356,7.755,76.2,-1
1782769323.945,3012,681892,0,0.00000000,0.00000000,0.00,0,0,0.92,-0.074,0.1470,0.7840,1.4700,1.6725,0.523987,0.076416,-0.026306,0.847900,7.756,70.0,-1
1782769324.194,3013,682114,0,0.00000000,0.00000000,0.00,0,0,0.94,-0.064,0.2450,0.8330,1.3720,1.6237,0.535034,0.075684,-0.027100,0.841003,7.759,70.0,-1
1782769324.381,3014,682341,0,0.00000000,0.00000000,0.00,0,0,0.97,-0.032,1.2740,1.0290,1.8620,2.4797,0.535034,0.075745,-0.027100,0.841003,7.756,73.8,-1
1782769324.630,3015,682556,0,0.00000000,0.00000000,0.00,0,0,0.97,-0.053,0.0000,0.8820,1.0780,1.3928,0.524841,0.076355,-0.026367,0.847351,7.758,71.2,-1
1782769324.816,3016,682783,0,0.00000000,0.00000000,0.00,0,0,0.96,-0.053,0.5880,0.7350,2.3520,2.5334,0.516968,0.076660,-0.025696,0.852173,7.759,70.0,-1
1782769325.068,3017,683001,0,0.00000000,0.00000000,0.00,0,0,0.91,-0.108,0.1960,0.2940,1.0290,1.0880,0.526428,0.076355,-0.026550,0.846375,7.758,73.8,-1
1782769325.254,3018,683225,0,0.00000000,0.00000000,0.00,0,0,0.93,-0.066,1.4700,0.2940,1.9110,2.4288,0.526978,0.076294,-0.026550,0.846008,7.759,71.2,-1
1782769325.503,3019,683440,0,0.00000000,0.00000000,0.00,0,0,0.91,-0.079,0.3430,1.0780,1.1760,1.6318,0.520935,0.076477,-0.026001,0.849792,7.758,75.0,-1
1782769325.689,3020,683665,0,0.00000000,0.00000000,0.00,0,0,0.82,-0.100,-0.0980,0.7840,0.7840,1.1131,0.510742,0.076782,-0.025085,0.855957,7.759,72.5,-1
1782769325.940,3021,683884,0,0.00000000,0.00000000,0.00,0,0,0.74,-0.127,0.6860,-0.2940,2.1070,2.2353,0.543945,0.075745,-0.028137,0.835205,7.756,73.8,-1
1782769326.190,3022,684107,0,0.00000000,0.00000000,0.00,0,0,0.89,-0.028,0.4410,0.7840,0.9800,1.3302,0.529602,0.076294,-0.026855,0.844360,7.756,71.2,-1
1782769326.377,3023,684326,0,0.00000000,0.00000000,0.00,0,0,0.84,-0.056,0.2450,0.4410,1.7640,1.8347,0.512085,0.076721,-0.025208,0.855164,7.756,75.0,-1
1782769326.625,3024,684546,0,0.00000000,0.00000000,0.00,0,0,1.01,0.038,0.6860,0.7840,2.1070,2.3505,0.513550,0.076416,-0.025208,0.854248,7.758,75.0,-1
1782769326.812,3025,684767,0,0.00000000,0.00000000,0.00,0,0,0.86,-0.063,1.4210,0.7350,3.1850,3.5642,0.537903,0.075684,-0.027344,0.839172,7.758,76.2,-1
1782769327.063,3026,684993,0,0.00000000,0.00000000,0.00,0,0,0.92,-0.020,-0.0490,0.9800,1.6660,1.9335,0.521423,0.076538,-0.026123,0.849487,7.760,67.5,-1
1782769327.250,3027,685216,0,0.00000000,0.00000000,0.00,0,0,0.86,-0.049,0.3920,0.1960,1.2250,1.3010,0.520996,0.076233,-0.025818,0.849792,7.755,76.2,-1
1782769327.499,3028,685433,0,0.00000000,0.00000000,0.00,0,0,0.94,0.001,-0.2940,0.5880,1.7150,1.8367,0.538452,0.075928,-0.027588,0.838745,7.760,68.8,-1
1782769327.702,3029,685660,0,0.00000000,0.00000000,0.00,0,0,0.83,-0.064,0.0490,1.7150,1.3230,2.1666,0.516296,0.076294,-0.025391,0.852661,7.755,75.0,-1
1782769327.953,3030,685879,0,0.00000000,0.00000000,0.00,0,0,0.82,-0.087,0.0980,0.8820,1.7150,1.9310,0.515381,0.076721,-0.025574,0.853149,7.754,75.0,-1
1782769328.140,3031,686100,0,0.00000000,0.00000000,0.00,0,0,0.85,-0.081,0.0980,0.3430,1.2740,1.3230,0.507446,0.076904,-0.024841,0.857849,7.758,73.8,-1
1782769328.389,3032,686321,0,0.00000000,0.00000000,0.00,0,0,0.90,-0.049,0.3430,0.0980,3.2340,3.2536,0.506653,0.076965,-0.024780,0.858337,7.755,72.5,-1
1782769328.576,3033,686538,0,0.00000000,0.00000000,0.00,0,0,1.00,-0.021,-0.1470,0.7350,0.9800,1.2338,0.508301,0.076721,-0.025269,0.857361,7.756,78.8,-1
1782769328.824,3034,686762,0,0.00000000,0.00000000,0.00,0,0,1.06,0.011,0.2940,0.8330,1.2250,1.5103,0.505615,0.076965,-0.024658,0.858948,7.756,72.5,-1
1782769329.013,3035,686981,0,0.00000000,0.00000000,0.00,0,0,0.87,-0.118,0.2450,0.8820,2.0580,2.2524,0.513611,0.076355,-0.025146,0.854248,7.753,76.2,-1
1782769329.262,3036,687204,0,0.00000000,0.00000000,0.00,0,0,1.00,-0.024,0.0000,1.2740,2.3030,2.6319,0.501526,0.076721,-0.024109,0.861389,7.755,72.5,-1
1782769329.511,3037,687444,0,0.00000000,0.00000000,0.00,0,0,1.10,0.040,0.6860,1.2740,1.2250,1.8959,0.529663,0.076233,-0.026794,0.844360,7.756,71.2,-1
1782769329.698,3038,687664,0,0.00000000,0.00000000,0.00,0,0,1.16,0.071,0.8330,0.0490,1.5680,1.7762,0.514709,0.076660,-0.025452,0.853577,7.758,70.0,-1
1782769329.948,3039,687886,0,0.00000000,0.00000000,0.00,0,0,1.12,0.038,-0.3920,-0.1470,1.6170,1.6703,0.513611,0.076782,-0.025391,0.854187,7.759,75.0,-1
1782769330.137,3040,688115,0,0.00000000,0.00000000,0.00,0,0,1.11,0.040,0.8330,-0.2940,3.2340,3.3525,0.511169,0.076843,-0.025146,0.855652,7.758,72.5,-1
1782769330.386,3041,688338,0,0.00000000,0.00000000,0.00,0,0,1.04,-0.016,0.1470,0.6370,1.3230,1.4757,0.518616,0.076599,-0.025818,0.851196,7.758,72.5,-1
1782769330.636,3042,688556,0,0.00000000,0.00000000,0.00,0,0,1.17,0.049,0.0490,0.6370,1.7640,1.8761,0.525635,0.076416,-0.026489,0.846863,7.755,72.5,-1
1782769330.822,3043,688775,0,0.00000000,0.00000000,0.00,0,0,1.19,0.077,0.0490,0.8330,1.3230,1.5642,0.533020,0.076172,-0.027161,0.842224,7.753,73.8,-1
1782769331.071,3044,688998,0,0.00000000,0.00000000,0.00,0,0,1.04,-0.023,0.2450,0.6860,2.9890,3.0765,0.512268,0.076782,-0.025269,0.855042,7.758,73.8,-1
1782769331.257,3045,689216,0,0.00000000,0.00000000,0.00,0,0,1.16,0.054,0.0490,0.4900,2.0090,2.0685,0.538269,0.075989,-0.027588,0.838928,7.753,75.0,-1
1782769331.457,3046,689431,0,0.00000000,0.00000000,0.00,0,0,1.01,0.005,0.1470,0.4900,1.9600,2.0257,0.532349,0.075989,-0.027405,0.842651,7.754,73.8,-1
1782769331.706,3047,689657,0,0.00000000,0.00000000,0.00,0,0,1.01,-0.007,0.1960,0.6370,2.0090,2.1167,0.522888,0.076477,-0.026245,0.848572,7.754,76.2,-1
1782769331.957,3048,689880,0,0.00000000,0.00000000,0.00,0,0,1.06,0.031,0.4900,0.2940,1.1760,1.3075,0.522888,0.076416,-0.026245,0.848572,7.758,73.8,-1
1782769332.143,3049,690098,0,0.00000000,0.00000000,0.00,0,0,0.85,-0.123,0.4900,0.3430,1.8620,1.9557,0.522888,0.076416,-0.026245,0.848572,7.754,76.2,-1
1782769332.396,3050,690321,0,0.00000000,0.00000000,0.00,0,0,0.84,-0.107,0.5880,0.8820,0.8820,1.3790,0.530090,0.076233,-0.026855,0.844116,7.755,72.5,-1
1782769332.582,3051,690531,0,0.00000000,0.00000000,0.00,0,0,0.85,-0.070,0.4410,0.8820,1.1270,1.4975,0.535217,0.075684,-0.027100,0.840881,7.754,75.0,-1
1782769332.833,3052,690750,0,0.00000000,0.00000000,0.00,0,0,0.87,-0.062,0.1470,0.8330,1.6660,1.8684,0.511902,0.076477,-0.025024,0.855286,7.753,78.8,-1
1782769333.020,3053,690971,0,0.00000000,0.00000000,0.00,0,0,0.72,-0.137,0.4900,0.5880,1.6660,1.8334,0.511902,0.076416,-0.025085,0.855286,7.754,81.2,-1
1782769333.270,3054,691191,0,0.00000000,0.00000000,0.00,0,0,0.72,-0.116,-0.1470,0.3920,1.5680,1.6229,0.520081,0.076050,-0.026123,0.850281,7.751,81.2,-1
1782769333.520,3055,691436,0,0.00000000,0.00000000,0.00,0,0,0.76,-0.060,0.3920,0.8820,0.6860,1.1841,0.506836,0.076782,-0.025146,0.858276,7.755,75.0,-1
1782769333.708,3056,691667,0,0.00000000,0.00000000,0.00,0,0,0.77,-0.051,0.2450,0.8820,1.5190,1.7735,0.508240,0.076660,-0.025208,0.857422,7.756,75.0,-1
1782769333.959,3057,691896,0,0.00000000,0.00000000,0.00,0,0,0.62,-0.130,-0.3430,1.2740,2.1560,2.5277,0.520386,0.076294,-0.026306,0.850098,7.755,77.5,-1
1782769334.145,3058,692124,0,0.00000000,0.00000000,0.00,0,0,0.55,-0.158,0.2450,0.7350,1.6170,1.7930,0.527222,0.075989,-0.026428,0.845947,7.756,75.0,-1
1782769334.392,3059,692344,0,0.00000000,0.00000000,0.00,0,0,0.48,-0.197,0.6370,0.0000,2.1070,2.2012,0.527161,0.075806,-0.026733,0.845947,7.758,76.2,-1
1782769334.639,3060,692557,0,0.00000000,0.00000000,0.00,0,0,0.72,-0.052,0.3430,0.1470,1.4210,1.4692,0.532471,0.075867,-0.026855,0.842590,7.756,75.0,-1
1782769334.823,3061,692786,0,0.00000000,0.00000000,0.00,0,0,0.79,-0.008,0.1470,0.4410,1.2740,1.3562,0.511169,0.076477,-0.024963,0.855713,7.758,76.2,-1
1782769335.073,3062,693005,0,0.00000000,0.00000000,0.00,0,0,0.76,-0.026,0.5390,0.6370,1.6660,1.8633,0.523071,0.076477,-0.026245,0.848450,7.756,76.2,-1
1782769335.260,3063,693228,0,0.00000000,0.00000000,0.00,0,0,0.74,-0.023,0.2940,0.2940,1.6170,1.6696,0.535645,0.076050,-0.027344,0.840576,7.756,72.5,-1
1782769335.508,3064,693442,0,0.00000000,0.00000000,0.00,0,0,0.77,-0.008,0.3430,0.6370,1.8130,1.9520,0.513184,0.076782,-0.025330,0.854431,7.758,75.0,-1
1782769335.691,3065,693661,0,0.00000000,0.00000000,0.00,0,0,0.70,-0.051,0.5390,0.0000,1.8130,1.8914,0.506653,0.076416,-0.024902,0.858398,7.755,76.2,-1
1782769335.955,3066,693886,0,0.00000000,0.00000000,0.00,0,0,0.80,0.000,0.2940,0.6860,1.6170,1.7809,0.533630,0.075623,-0.027344,0.841858,7.755,77.5,-1
1782769336.156,3067,694109,0,0.00000000,0.00000000,0.00,0,0,0.83,0.018,0.1960,0.5880,1.2740,1.4168,0.519775,0.076233,-0.025757,0.850464,7.756,72.5,-1
1782769336.406,3068,694327,0,0.00000000,0.00000000,0.00,0,0,0.82,0.008,0.3430,0.7350,1.4210,1.6362,0.511414,0.076477,-0.024963,0.855530,7.755,76.2,-1
1782769336.595,3069,694542,0,0.00000000,0.00000000,0.00,0,0,0.80,0.001,-0.6370,1.8130,1.3230,2.3330,0.516663,0.076355,-0.025452,0.852417,7.756,76.2,-1
1782769336.843,3070,694767,0,0.00000000,0.00000000,0.00,0,0,0.75,-0.016,0.0490,0.7840,1.6170,1.7977,0.529846,0.075928,-0.026611,0.844299,7.756,73.8,-1
1782769337.029,3071,694990,0,0.00000000,0.00000000,0.00,0,0,0.76,-0.006,0.2940,0.5880,1.1270,1.3047,0.527161,0.075989,-0.026428,0.845947,7.756,78.8,-1
1782769337.279,3072,695211,0,0.00000000,0.00000000,0.00,0,0,0.86,0.069,0.2450,0.4900,1.6660,1.7538,0.523743,0.076233,-0.026672,0.848022,7.755,77.5,-1
1782769337.527,3073,695454,0,0.00000000,0.00000000,0.00,0,0,0.93,0.117,0.2940,0.1470,1.6660,1.6981,0.523743,0.076233,-0.026672,0.848022,7.760,71.2,-1
1782769337.716,3074,695673,0,0.00000000,0.00000000,0.00,0,0,0.95,0.120,0.1470,0.5390,1.7150,1.8037,0.514221,0.076721,-0.025452,0.853821,7.759,73.8,-1
1782769337.965,3075,695894,0,0.00000000,0.00000000,0.00,0,0,0.89,0.065,0.2450,0.4410,1.4210,1.5079,0.514221,0.076721,-0.025452,0.853821,7.761,71.2,-1
1782769338.166,3076,696112,0,0.00000000,0.00000000,0.00,0,0,1.09,0.183,0.3430,0.3430,1.2740,1.3632,0.524048,0.076477,-0.026306,0.847839,7.754,75.0,-1
1782769338.354,3077,696332,0,0.00000000,0.00000000,0.00,0,0,1.00,0.125,0.3920,0.4410,1.6170,1.7213,0.498596,0.077209,-0.024048,0.863037,7.754,73.8,-1
1782769338.603,3078,696546,0,0.00000000,0.00000000,0.00,0,0,1.00,0.100,0.2940,0.6860,1.5190,1.6925,0.498596,0.077209,-0.024048,0.863037,7.755,76.2,-1
1782769338.790,3079,696769,0,0.00000000,0.00000000,0.00,0,0,1.01,0.100,0.1470,0.7840,1.4700,1.6725,0.498596,0.077209,-0.024048,0.863037,7.756,76.2,-1
1782769339.041,3080,696995,0,0.00000000,0.00000000,0.00,0,0,1.02,0.093,0.3920,0.0490,1.0780,1.1481,0.531677,0.075989,-0.027344,0.843079,7.756,73.8,-1
1782769339.290,3081,697215,0,0.00000000,0.00000000,0.00,0,0,1.04,0.091,0.3430,0.0000,0.5390,0.6389,0.534607,0.075928,-0.027649,0.841248,7.754,73.8,-1
1782769339.478,3082,697430,0,0.00000000,0.00000000,0.00,0,0,1.11,0.083,0.1960,0.7840,1.2250,1.4675,0.517395,0.076416,-0.026062,0.851929,7.755,77.5,-1
1782769339.726,3083,697659,0,0.00000000,0.00000000,0.00,0,0,1.05,0.036,0.7350,1.3720,1.1760,1.9508,0.529297,0.075928,-0.026611,0.844604,7.758,73.8,-1
1782769339.914,3084,697880,0,0.00000000,0.00000000,0.00,0,0,1.06,0.052,0.2450,0.6370,2.5970,2.6852,0.505371,0.076660,-0.024475,0.859131,7.758,72.5,-1
1782769340.163,3085,698109,0,0.00000000,0.00000000,0.00,0,0,0.98,0.004,0.2450,0.3430,1.2250,1.2955,0.505371,0.076660,-0.024475,0.859131,7.755,76.2,-1
1782769340.351,3086,698327,0,0.00000000,0.00000000,0.00,0,0,1.12,0.095,0.1960,0.5390,1.2740,1.3971,0.514343,0.076416,-0.025269,0.853821,7.751,75.0,-1
1782769340.598,3087,698543,0,0.00000000,0.00000000,0.00,0,0,1.00,0.036,0.6370,0.2940,0.8820,1.1270,0.517944,0.076294,-0.025574,0.851624,7.756,72.5,-1
1782769340.849,3088,698770,0,0.00000000,0.00000000,0.00,0,0,0.96,0.003,0.1470,1.1270,1.0780,1.5665,0.520447,0.076233,-0.025818,0.850098,7.755,76.2,-1
1782769341.034,3089,698990,0,0.00000000,0.00000000,0.00,0,0,1.04,0.066,0.7350,0.6860,1.4210,1.7407,0.532959,0.076172,-0.027161,0.842285,7.755,77.5,-1
1782769341.282,3090,699211,0,0.00000000,0.00000000,0.00,0,0,1.05,0.068,-0.1960,0.0980,1.7150,1.7289,0.500854,0.076782,-0.024048,0.861816,7.755,77.5,-1
1782769341.534,3091,699453,0,0.00000000,0.00000000,0.00,0,0,1.11,0.100,0.5880,0.0980,1.3720,1.4959,0.529297,0.075928,-0.026611,0.844604,7.760,75.0,-1
1782769341.722,3092,699671,0,0.00000000,0.00000000,0.00,0,0,1.04,0.072,0.6860,0.8820,2.1560,2.4283,0.511353,0.076294,-0.025330,0.855591,7.754,81.2,-1
1782769341.970,3093,699891,0,0.00000000,0.00000000,0.00,0,0,1.10,0.085,0.4900,0.6370,2.4010,2.5319,0.513428,0.076782,-0.025391,0.854309,7.753,81.2,-1
1782769342.158,3094,700111,0,0.00000000,0.00000000,0.00,0,0,1.12,0.089,0.3430,0.1470,2.2050,2.2364,0.509216,0.076538,-0.024780,0.856873,7.750,76.2,-1
1782769342.405,3095,700335,0,0.00000000,0.00000000,0.00,0,0,0.97,0.001,-0.5390,0.4900,0.3920,0.8272,0.526733,0.075806,-0.026733,0.846191,7.754,72.5,-1
1782769342.593,3096,700552,0,0.00000000,0.00000000,0.00,0,0,1.01,0.006,0.1960,0.5880,1.6170,1.7317,0.497498,0.076721,-0.024048,0.863708,7.751,77.5,-1
1782769342.843,3097,700776,0,0.00000000,0.00000000,0.00,0,0,1.17,0.118,0.1470,0.6860,1.3720,1.5410,0.525146,0.075867,-0.026550,0.847229,7.753,76.2,-1
1782769343.031,3098,701006,0,0.00000000,0.00000000,0.00,0,0,1.01,0.021,0.1470,0.8820,1.1270,1.4386,0.511719,0.076599,-0.025574,0.855347,7.755,75.0,-1
1782769343.281,3099,701226,0,0.00000000,0.00000000,0.00,0,0,1.12,0.061,0.0490,0.9800,1.2740,1.6081,0.511719,0.076538,-0.025024,0.855347,7.755,77.5,-1
1782769343.470,3100,701437,0,0.00000000,0.00000000,0.00,0,0,1.17,0.060,0.1960,0.4900,1.3230,1.4244,0.524414,0.076172,-0.026184,0.847656,7.756,76.2,-1
1782769343.717,3101,701667,0,0.00000000,0.00000000,0.00,0,0,1.06,-0.023,0.4900,0.1470,0.7840,0.9361,0.520203,0.076599,-0.026001,0.850220,7.760,70.0,-1
1782769343.965,3102,701886,0,0.00000000,0.00000000,0.00,0,0,1.17,0.058,0.4410,0.5390,2.3520,2.4529,0.535645,0.076111,-0.027405,0.840576,7.755,77.5,-1
1782769344.152,3103,702109,0,0.00000000,0.00000000,0.00,0,0,1.03,-0.037,0.4900,0.0490,0.8330,0.9677,0.529602,0.076294,-0.026855,0.844360,7.758,76.2,-1
1782769344.402,3104,702328,0,0.00000000,0.00000000,0.00,0,0,0.98,-0.073,0.1960,0.1960,1.3720,1.3997,0.504272,0.076721,-0.024353,0.859802,7.755,73.8,-1
1782769344.590,3105,702546,0,0.00000000,0.00000000,0.00,0,0,0.98,-0.053,0.3430,0.4900,0.8330,1.0255,0.504272,0.076721,-0.024353,0.859802,7.756,78.8,-1
1782769344.840,3106,702771,0,0.00000000,0.00000000,0.00,0,0,1.02,-0.023,1.1270,0.5880,3.0380,3.2932,0.507263,0.076416,-0.024963,0.858032,7.761,68.8,-1
1782769345.027,3107,702997,0,0.00000000,0.00000000,0.00,0,0,0.99,-0.037,0.0000,0.8330,1.3720,1.6051,0.519409,0.076050,-0.026062,0.850708,7.753,80.0,-1
1782769345.275,3108,703220,0,0.00000000,0.00000000,0.00,0,0,1.02,-0.049,0.4900,0.8330,1.4210,1.7185,0.516968,0.076111,-0.025818,0.852234,7.758,70.0,-1
1782769345.463,3109,703436,0,0.00000000,0.00000000,0.00,0,0,1.06,-0.013,0.0980,0.7840,2.2050,2.3423,0.508972,0.076538,-0.024780,0.856995,7.754,77.5,-1
1782769345.713,3110,703662,0,0.00000000,0.00000000,0.00,0,0,1.00,-0.061,0.2940,0.3430,2.5480,2.5877,0.514954,0.076721,-0.025513,0.853394,7.759,70.0,-1
1782769345.964,3111,703884,0,0.00000000,0.00000000,0.00,0,0,0.97,-0.073,0.7840,0.5880,1.8130,2.0609,0.518127,0.076660,-0.025818,0.851501,7.759,71.2,-1
1782769346.152,3112,704111,0,0.00000000,0.00000000,0.00,0,0,0.97,-0.079,0.5880,0.5880,1.6170,1.8183,0.519897,0.076050,-0.026123,0.850403,7.759,68.8,-1
1782769346.398,3113,704333,0,0.00000000,0.00000000,0.00,0,0,1.10,0.021,0.3430,1.4700,2.0580,2.5522,0.514282,0.076172,-0.025574,0.853882,7.759,70.0,-1
1782769346.585,3114,704552,0,0.00000000,0.00000000,0.00,0,0,1.06,-0.005,-0.2450,1.3720,-0.2450,1.4151,0.526733,0.076050,-0.026367,0.846191,7.759,71.2,-1
1782769346.833,3115,704771,0,0.00000000,0.00000000,0.00,0,0,1.00,-0.035,0.6860,0.0000,2.0580,2.1693,0.532410,0.076111,-0.027039,0.842651,7.758,75.0,-1
1782769347.020,3116,704995,0,0.00000000,0.00000000,0.00,0,0,0.99,-0.043,0.2450,0.0490,1.5190,1.5394,0.514893,0.076355,-0.025269,0.853455,7.758,68.8,-1
1782769347.270,3117,705216,0,0.00000000,0.00000000,0.00,0,0,0.97,-0.042,0.8820,0.4410,2.4500,2.6410,0.514893,0.076660,-0.025513,0.853455,7.758,68.8,-1
1782769347.456,3118,705433,0,0.00000000,0.00000000,0.00,0,0,0.98,-0.029,0.1470,0.8330,1.9600,2.1347,0.534668,0.075867,-0.027588,0.841187,7.756,72.5,-1
1782769347.706,3119,705657,0,0.00000000,0.00000000,0.00,0,0,0.99,-0.026,0.2450,0.4410,0.4410,0.6701,0.518005,0.076660,-0.025757,0.851562,7.759,70.0,-1
1782769347.957,3120,705879,0,0.00000000,0.00000000,0.00,0,0,1.12,0.065,-0.0980,0.4900,0.7350,0.8888,0.544006,0.075806,-0.028137,0.835144,7.758,70.0,-1
1782769348.144,3121,706108,0,0.00000000,0.00000000,0.00,0,0,1.13,0.054,0.3920,0.5880,2.5480,2.6442,0.529724,0.076355,-0.026855,0.844299,7.756,71.2,-1
1782769348.392,3122,706335,0,0.00000000,0.00000000,0.00,0,0,1.12,0.041,-0.2940,1.4700,1.3230,1.9994,0.507507,0.076965,-0.024841,0.857849,7.755,72.5,-1
1782769348.578,3123,706550,0,0.00000000,0.00000000,0.00,0,0,1.24,0.105,0.4900,0.6370,1.3230,1.5480,0.498901,0.077209,-0.024048,0.862854,7.758,75.0,-1
1782769348.826,3124,706771,0,0.00000000,0.00000000,0.00,0,0,1.17,0.055,1.1760,0.8330,2.0090,2.4724,0.525818,0.076172,-0.026855,0.846741,7.756,72.5,-1
1782769349.074,3125,706996,0,0.00000000,0.00000000,0.00,0,0,1.16,0.041,0.3920,0.1470,2.6460,2.6789,0.525391,0.076172,-0.026794,0.846985,7.758,72.5,-1
1782769349.260,3126,707221,0,0.00000000,0.00000000,0.00,0,0,1.15,0.040,0.3430,0.3430,1.4700,1.5480,0.522949,0.076294,-0.026550,0.848511,7.758,67.5,-1
1782769349.507,3127,707432,0,0.00000000,0.00000000,0.00,0,0,1.15,0.021,0.3430,0.5880,1.4210,1.5756,0.522949,0.076294,-0.026611,0.848511,7.755,71.2,-1
1782769349.694,3128,707661,0,0.00000000,0.00000000,0.00,0,0,1.16,0.022,0.0490,0.6370,1.0780,1.2531,0.532043,0.075867,-0.026855,0.842896,7.756,72.5,-1
1782769349.942,3129,707881,0,0.00000000,0.00000000,0.00,0,0,1.20,0.041,0.1470,0.6860,1.7150,1.8530,0.522766,0.076172,-0.026001,0.848633,7.755,72.5,-1
1782769350.131,3130,708102,0,0.00000000,0.00000000,0.00,0,0,1.12,0.001,0.4900,0.3920,2.3030,2.3870,0.513062,0.076416,-0.025146,0.854553,7.760,72.5,-1
1782769350.379,3131,708322,0,0.00000000,0.00000000,0.00,0,0,1.11,-0.001,0.6860,0.5390,2.0580,2.2353,0.513062,0.076233,-0.025452,0.854614,7.759,73.8,-1
1782769350.570,3132,708535,0,0.00000000,0.00000000,0.00,0,0,1.15,0.005,0.3430,0.7840,1.6170,1.8295,0.512939,0.076233,-0.025452,0.854675,7.758,75.0,-1
1782769350.818,3133,708755,0,0.00000000,0.00000000,0.00,0,0,1.23,0.050,0.6860,0.7840,2.8910,3.0730,0.520386,0.075989,-0.026123,0.850159,7.756,75.0,-1
1782769351.005,3134,708982,0,0.00000000,0.00000000,0.00,0,0,1.20,0.017,0.4900,0.3920,1.7150,1.8262,0.513672,0.076416,-0.025208,0.854187,7.760,75.0,-1
1782769351.253,3135,709206,0,0.00000000,0.00000000,0.00,0,0,1.24,0.034,-0.0980,1.3230,1.5680,2.0539,0.513794,0.076233,-0.025574,0.854126,7.758,77.5,-1
1782769351.503,3136,709457,0,0.00000000,0.00000000,0.00,0,0,1.26,0.024,0.0980,-0.0980,2.5970,2.6007,0.529175,0.075928,-0.026550,0.844666,7.756,73.8,-1
1782769351.752,3137,709685,0,0.00000000,0.00000000,0.00,0,0,1.19,-0.030,0.2940,0.1470,1.5190,1.5542,0.513733,0.076477,-0.025208,0.854187,7.758,76.2,-1
1782769351.938,3138,709904,0,0.00000000,0.00000000,0.00,0,0,1.28,0.036,0.1960,0.6370,0.9310,1.1450,0.523315,0.076172,-0.026062,0.848328,7.755,78.8,-1
1782769352.189,3139,710125,0,0.00000000,0.00000000,0.00,0,0,1.21,-0.008,0.0000,0.7840,1.5680,1.7531,0.518372,0.076599,-0.025818,0.851318,7.758,78.8,-1
1782769352.376,3140,710346,0,0.00000000,0.00000000,0.00,0,0,1.26,0.037,0.5880,0.6370,1.5190,1.7490,0.526062,0.076050,-0.026306,0.846619,7.756,77.5,-1
1782769352.642,3141,710566,0,0.00000000,0.00000000,0.00,0,0,1.16,-0.036,0.2450,0.2450,1.5680,1.6058,0.526001,0.075989,-0.026428,0.846680,7.755,77.5,-1
1782769352.830,3142,710788,0,0.00000000,0.00000000,0.00,0,0,1.17,-0.044,0.7840,0.3430,1.7150,1.9166,0.529114,0.075928,-0.026550,0.844727,7.762,68.8,-1
1782769353.078,3143,711008,0,0.00000000,0.00000000,0.00,0,0,1.12,-0.071,0.1960,0.2450,1.4210,1.4552,0.538391,0.075684,-0.027405,0.838806,7.756,75.0,-1
1782769353.265,3144,711229,0,0.00000000,0.00000000,0.00,0,0,1.26,0.054,0.2940,0.6370,1.3720,1.5410,0.516663,0.076355,-0.025452,0.852417,7.761,75.0,-1
1782769353.513,3145,711442,0,0.00000000,0.00000000,0.00,0,0,1.25,0.074,1.0290,0.8330,1.1760,1.7708,0.516663,0.076355,-0.025452,0.852417,7.755,77.5,-1
1782769353.700,3146,711667,0,0.00000000,0.00000000,0.00,0,0,1.25,0.023,0.2940,0.6370,1.5680,1.7178,0.504944,0.076660,-0.024414,0.859375,7.754,76.2,-1
1782769353.951,3147,711890,0,0.00000000,0.00000000,0.00,0,0,1.18,-0.017,0.4900,0.7350,1.1760,1.4708,0.526306,0.076111,-0.026367,0.846436,7.756,78.8,-1
1782769354.138,3148,712107,0,0.00000000,0.00000000,0.00,0,0,1.25,0.024,0.2450,0.3920,1.4210,1.4943,0.526855,0.076111,-0.026367,0.846130,7.754,76.2,-1
1782769354.387,3149,712332,0,0.00000000,0.00000000,0.00,0,0,1.23,0.027,0.0980,0.1960,1.4700,1.4862,0.520569,0.076294,-0.026367,0.849976,7.755,77.5,-1
1782769354.577,3150,712553,0,0.00000000,0.00000000,0.00,0,0,1.21,0.023,0.0000,0.3430,1.6660,1.7009,0.525940,0.075806,-0.026611,0.846680,7.760,67.5,-1
1782769354.827,3151,712770,0,0.00000000,0.00000000,0.00,0,0,1.31,0.077,0.0980,1.2740,1.6170,2.0609,0.524353,0.076050,-0.026123,0.847717,7.754,80.0,-1
1782769355.072,3152,712993,0,0.00000000,0.00000000,0.00,0,0,1.18,-0.017,0.3430,0.1960,1.4210,1.4749,0.526428,0.075684,-0.026611,0.846436,7.754,73.8,-1
1782769355.259,3153,713214,0,0.00000000,0.00000000,0.00,0,0,1.23,0.018,0.1960,0.8330,1.2250,1.4943,0.493042,0.076965,-0.023315,0.866272,7.758,73.8,-1
1782769355.507,3154,713433,0,0.00000000,0.00000000,0.00,0,0,1.24,0.030,0.0980,0.9800,1.5680,1.8517,0.493042,0.076904,-0.023376,0.866272,7.756,77.5,-1
1782769355.696,3155,713653,0,0.00000000,0.00000000,0.00,0,0,1.19,-0.004,0.1960,0.6860,1.0290,1.2521,0.493042,0.076904,-0.023376,0.866272,7.759,70.0,-1
1782769355.946,3156,713877,0,0.00000000,0.00000000,0.00,0,0,1.12,-0.033,-0.2450,0.9310,0.5880,1.1281,0.529846,0.075928,-0.026611,0.844299,7.758,72.5,-1
1782769356.133,3157,714093,0,0.00000000,0.00000000,0.00,0,0,1.23,0.016,0.3430,0.5390,1.5680,1.6932,0.520264,0.076050,-0.026123,0.850220,7.756,73.8,-1
1782769356.382,3158,714316,0,0.00000000,0.00000000,0.00,0,0,1.22,0.006,0.3430,0.2450,1.5680,1.6237,0.546631,0.075745,-0.028381,0.833496,7.758,71.2,-1
1782769356.569,3159,714533,0,0.00000000,0.00000000,0.00,0,0,1.30,0.066,0.4900,0.1960,1.5190,1.6081,0.523804,0.076050,-0.026123,0.848022,7.755,75.0,-1
1782769356.819,3160,714758,0,0.00000000,0.00000000,0.00,0,0,1.19,-0.017,0.1470,0.7350,1.9600,2.0984,0.507202,0.076599,-0.024597,0.858093,7.761,72.5,-1
1782769357.007,3161,714980,0,0.00000000,0.00000000,0.00,0,0,1.23,0.007,0.5390,0.8820,1.4700,1.7970,0.538025,0.075684,-0.027405,0.839050,7.756,68.8,-1
1782769357.254,3162,715197,0,0.00000000,0.00000000,0.00,0,0,1.22,0.018,-0.0490,0.8330,2.0090,2.1754,0.518066,0.076355,-0.025574,0.851562,7.759,75.0,-1
1782769357.504,3163,715441,0,0.00000000,0.00000000,0.00,0,0,1.27,0.043,0.2940,0.4900,2.0580,2.1359,0.509644,0.076599,-0.024841,0.856628,7.756,73.8,-1
1782769357.754,3164,715670,0,0.00000000,0.00000000,0.00,0,0,1.30,0.075,1.1270,-0.2450,2.4990,2.7523,0.513062,0.076416,-0.025146,0.854553,7.754,77.5,-1
1782769357.942,3165,715892,0,0.00000000,0.00000000,0.00,0,0,1.31,0.098,0.6370,0.4900,1.9600,2.1184,0.526367,0.076172,-0.026855,0.846375,7.755,78.8,-1
1782769358.192,3166,716119,0,0.00000000,0.00000000,0.00,0,0,1.20,0.014,0.2940,0.7840,1.6660,1.8646,0.520996,0.076233,-0.025818,0.849731,7.759,70.0,-1
1782769358.378,3167,716339,0,0.00000000,0.00000000,0.00,0,0,1.24,0.045,0.1960,0.7350,1.5190,1.6988,0.520996,0.076233,-0.025818,0.849731,7.760,72.5,-1
1782769358.626,3168,716555,0,0.00000000,0.00000000,0.00,0,0,1.24,0.034,0.1960,0.6370,1.5190,1.6588,0.526611,0.076050,-0.026367,0.846313,7.756,75.0,-1
1782769358.813,3169,716782,0,0.00000000,0.00000000,0.00,0,0,1.21,0.016,0.2940,0.4410,1.6660,1.7483,0.524170,0.076294,-0.025757,0.847778,7.759,73.8,-1
1782769359.062,3170,717000,0,0.00000000,0.00000000,0.00,0,0,1.27,0.044,0.3430,0.6370,1.4210,1.5946,0.510925,0.076416,-0.024902,0.855835,7.755,77.5,-1
1782769359.249,3171,717222,0,0.00000000,0.00000000,0.00,0,0,1.25,0.030,0.2940,0.5880,1.9110,2.0209,0.504211,0.076660,-0.024353,0.859802,7.756,73.8,-1
1782769359.499,3172,717435,0,0.00000000,0.00000000,0.00,0,0,1.27,0.038,0.0000,0.8330,0.9310,1.2493,0.518188,0.076294,-0.025574,0.851501,7.754,76.2,-1
1782769359.686,3173,717661,0,0.00000000,0.00000000,0.00,0,0,1.19,-0.022,-0.3430,0.8330,1.0780,1.4049,0.521423,0.076172,-0.025879,0.849487,7.756,77.5,-1
1782769359.935,3174,717886,0,0.00000000,0.00000000,0.00,0,0,1.28,0.037,0.2940,0.0490,1.0290,1.0713,0.518982,0.076050,-0.026001,0.851013,7.756,75.0,-1
1782769360.185,3175,718115,0,0.00000000,0.00000000,0.00,0,0,1.29,0.023,0.4410,0.9800,0.1470,1.0847,0.520386,0.076233,-0.025818,0.850159,7.755,75.0,-1
1782769360.372,3176,718335,0,0.00000000,0.00000000,0.00,0,0,1.24,0.008,0.0980,0.4410,1.2740,1.3517,0.523682,0.076477,-0.026306,0.848083,7.753,76.2,-1
1782769360.624,3177,718548,0,0.00000000,0.00000000,0.00,0,0,1.21,-0.033,0.0000,0.6370,1.2740,1.4244,0.532593,0.076172,-0.027100,0.842468,7.756,71.2,-1
1782769360.811,3178,718772,0,0.00000000,0.00000000,0.00,0,0,1.30,0.032,0.3920,0.4410,1.1270,1.2721,0.507996,0.076599,-0.024658,0.857605,7.755,75.0,-1
1782769361.060,3179,718998,0,0.00000000,0.00000000,0.00,0,0,1.20,-0.036,0.2450,1.0780,1.9600,2.2503,0.519775,0.076538,-0.025940,0.850464,7.756,75.0,-1
1782769361.309,3180,719225,0,0.00000000,0.00000000,0.00,0,0,1.25,-0.016,0.5880,0.6860,1.3230,1.6021,0.504578,0.076416,-0.024719,0.859619,7.753,78.8,-1
1782769361.498,3181,719441,0,0.00000000,0.00000000,0.00,0,0,1.20,-0.012,0.0490,1.7150,0.9800,1.9759,0.504578,0.076416,-0.024719,0.859619,7.753,75.0,-1
1782769361.746,3182,719666,0,0.00000000,0.00000000,0.00,0,0,1.23,0.004,0.0490,0.5880,1.6170,1.7213,0.507751,0.076355,-0.025024,0.857727,7.758,72.5,-1
1782769361.933,3183,719887,0,0.00000000,0.00000000,0.00,0,0,1.31,0.061,0.1960,1.0290,2.4500,2.6645,0.507751,0.076355,-0.025024,0.857727,7.758,72.5,-1
1782769362.184,3184,720110,0,0.00000000,0.00000000,0.00,0,0,1.26,0.010,0.3430,0.6370,1.4700,1.6384,0.507751,0.076416,-0.025024,0.857727,7.756,77.5,-1
1782769362.373,3185,720330,0,0.00000000,0.00000000,0.00,0,0,1.22,-0.027,0.2940,0.4900,1.6170,1.7150,0.507751,0.076477,-0.024963,0.857727,7.755,73.8,-1
1782769362.625,3186,720543,0,0.00000000,0.00000000,0.00,0,0,1.18,-0.037,0.5390,0.4410,1.1760,1.3667,0.507812,0.076477,-0.024902,0.857727,7.755,73.8,-1
1782769362.810,3187,720770,0,0.00000000,0.00000000,0.00,0,0,1.22,0.010,0.6370,0.6860,1.5680,1.8262,0.507812,0.076538,-0.024841,0.857727,7.754,78.8,-1
1782769363.058,3188,720991,0,0.00000000,0.00000000,0.00,0,0,1.28,0.027,0.1960,0.7350,1.4210,1.6118,0.507812,0.076538,-0.024780,0.857727,7.758,71.2,-1
1782769363.246,3189,721211,0,0.00000000,0.00000000,0.00,0,0,1.25,0.024,0.7350,1.1270,2.4500,2.7951,0.507812,0.076538,-0.024780,0.857727,7.759,76.2,-1
1782769363.498,3190,721454,0,0.00000000,0.00000000,0.00,0,0,1.27,0.049,-0.7350,1.2250,0.2940,1.4585,0.507812,0.076538,-0.024780,0.857727,7.758,67.5,-1
1782769363.743,3191,721675,0,0.00000000,0.00000000,0.00,0,0,1.27,0.022,0.6370,0.2450,1.7150,1.8458,0.507812,0.076599,-0.024780,0.857727,7.758,71.2,-1
1782769363.930,3192,721905,0,0.00000000,0.00000000,0.00,0,0,1.28,0.031,0.4900,-0.0980,1.9110,1.9753,0.507812,0.076660,-0.024841,0.857727,7.754,77.5,-1
1782769364.178,3193,722134,0,0.00000000,0.00000000,0.00,0,0,1.34,0.075,0.6370,0.4900,2.6950,2.8123,0.507812,0.076660,-0.024902,0.857727,7.755,70.0,-1
1782769364.429,3194,722353,0,0.00000000,0.00000000,0.00,0,0,1.28,0.031,0.2940,0.3430,2.4990,2.5395,0.507812,0.076660,-0.024841,0.857727,7.756,70.0,-1
1782769364.617,3195,722562,0,0.00000000,0.00000000,0.00,0,0,1.07,-0.109,0.0000,0.2940,1.5680,1.5953,0.507812,0.076599,-0.024780,0.857727,7.754,72.5,-1
1782769364.866,3196,722785,0,0.00000000,0.00000000,0.00,0,0,1.12,-0.074,1.1270,0.7350,1.4700,1.9928,0.507812,0.076599,-0.024780,0.857727,7.756,76.2,-1
1782769365.052,3197,723007,0,0.00000000,0.00000000,0.00,0,0,1.09,-0.081,0.9800,0.7350,2.5480,2.8272,0.507812,0.076660,-0.024780,0.857727,7.756,72.5,-1
1782769365.303,3198,723229,0,0.00000000,0.00000000,0.00,0,0,1.15,-0.031,-0.2450,0.7350,1.2250,1.4494,0.507812,0.076721,-0.024780,0.857727,7.758,73.8,-1
1782769365.490,3199,723451,0,0.00000000,0.00000000,0.00,0,0,1.19,-0.003,0.7840,0.4410,2.1560,2.3361,0.507812,0.076782,-0.024780,0.857666,7.759,75.0,-1
1782769365.741,3200,723677,0,0.00000000,0.00000000,0.00,0,0,1.14,-0.047,0.8330,0.6370,2.5970,2.8007,0.507812,0.076843,-0.024841,0.857666,7.761,70.0,-1
1782769365.928,3201,723903,0,0.00000000,0.00000000,0.00,0,0,1.22,-0.001,0.0490,0.7350,0.4900,0.8847,0.507812,0.076843,-0.024841,0.857666,7.755,78.8,-1
1782769366.181,3202,724127,0,0.00000000,0.00000000,0.00,0,0,1.24,0.026,-0.5390,-0.2450,0.7840,0.9824,0.507812,0.076843,-0.024719,0.857666,7.755,73.8,-1
1782769366.432,3203,724350,0,0.00000000,0.00000000,0.00,0,0,1.16,-0.044,0.0980,0.6860,1.0290,1.2406,0.507812,0.076782,-0.024658,0.857666,7.759,73.8,-1
1782769366.618,3204,724564,0,0.00000000,0.00000000,0.00,0,0,1.18,-0.015,0.3430,0.3920,2.1560,2.2180,0.507812,0.076782,-0.024658,0.857666,7.758,68.8,-1
1782769366.822,3205,724791,0,0.00000000,0.00000000,0.00,0,0,1.23,0.028,0.4900,0.8820,1.1760,1.5495,0.507812,0.076843,-0.024719,0.857666,7.758,75.0,-1
1782769367.071,3206,725007,0,0.00000000,0.00000000,0.00,0,0,1.21,-0.003,-0.1960,1.3720,1.4210,1.9850,0.507812,0.076782,-0.024719,0.857666,7.756,76.2,-1
1782769367.258,3207,725233,0,0.00000000,0.00000000,0.00,0,0,1.19,-0.023,0.4900,-0.0980,1.4210,1.5063,0.507812,0.076721,-0.024719,0.857666,7.759,71.2,-1
1782769367.510,3208,725452,0,0.00000000,0.00000000,0.00,0,0,1.14,-0.042,0.6860,0.2450,1.7640,1.9085,0.507812,0.076721,-0.024719,0.857727,7.756,75.0,-1
1782769367.757,3209,725673,0,0.00000000,0.00000000,0.00,0,0,1.06,-0.100,0.1960,0.8820,1.7150,1.9384,0.507812,0.076660,-0.024719,0.857727,7.758,77.5,-1
1782769367.945,3210,725894,0,0.00000000,0.00000000,0.00,0,0,1.14,-0.042,0.3920,0.8330,0.8820,1.2749,0.507812,0.076599,-0.024780,0.857727,7.758,73.8,-1
1782769368.194,3211,726113,0,0.00000000,0.00000000,0.00,0,0,1.20,0.007,0.3920,1.0290,1.5190,1.8761,0.507812,0.076599,-0.024719,0.857727,7.758,75.0,-1
1782769368.380,3212,726334,0,0.00000000,0.00000000,0.00,0,0,1.25,0.032,0.7840,0.9310,2.3030,2.6048,0.507812,0.076599,-0.024719,0.857727,7.759,72.5,-1
1782769368.629,3213,726548,0,0.00000000,0.00000000,0.00,0,0,1.27,0.011,-0.1470,1.3230,1.2740,1.8426,0.507812,0.076660,-0.024780,0.857727,7.759,70.0,-1
1782769368.819,3214,726776,0,0.00000000,0.00000000,0.00,0,0,1.19,-0.032,-0.1960,0.7840,0.9310,1.2328,0.507812,0.076660,-0.024780,0.857727,7.759,70.0,-1
1782769369.066,3215,726998,0,0.00000000,0.00000000,0.00,0,0,1.19,-0.023,0.7350,0.2940,0.9800,1.2598,0.507812,0.076660,-0.024719,0.857727,7.761,72.5,-1
1782769369.252,3216,727225,0,0.00000000,0.00000000,0.00,0,0,1.12,-0.066,0.5390,0.7840,0.5390,1.0935,0.507812,0.076599,-0.024780,0.857727,7.758,72.5,-1
1782769369.517,3217,727439,0,0.00000000,0.00000000,0.00,0,0,1.11,-0.060,0.3430,0.0490,1.9110,1.9422,0.507812,0.076538,-0.024841,0.857727,7.759,70.0,-1
1782769369.703,3218,727658,0,0.00000000,0.00000000,0.00,0,0,1.19,-0.015,1.0290,1.1760,1.4210,2.1121,0.507812,0.076538,-0.024841,0.857727,7.760,71.2,-1
1782769369.954,3219,727876,0,0.00000000,0.00000000,0.00,0,0,1.09,-0.075,0.5390,1.5680,2.6950,3.1642,0.507812,0.076599,-0.024841,0.857727,7.759,71.2,-1
1782769370.142,3220,728095,0,0.00000000,0.00000000,0.00,0,0,1.14,-0.018,-0.0980,1.0290,1.4700,1.7970,0.507812,0.076721,-0.024841,0.857727,7.758,73.8,-1
1782769370.393,3221,728319,0,0.00000000,0.00000000,0.00,0,0,1.09,-0.053,0.2940,0.8330,1.2250,1.5103,0.507812,0.076721,-0.024902,0.857727,7.758,70.0,-1
1782769370.581,3222,728536,0,0.00000000,0.00000000,0.00,0,0,1.09,-0.043,0.3920,1.2250,1.4700,1.9533,0.507751,0.076721,-0.024963,0.857727,7.759,73.8,-1
1782769370.830,3223,728759,0,0.00000000,0.00000000,0.00,0,0,1.11,-0.023,1.3720,0.1960,1.9600,2.4005,0.507751,0.076721,-0.025024,0.857727,7.760,71.2,-1
1782769371.017,3224,728981,0,0.00000000,0.00000000,0.00,0,0,1.16,0.001,0.6860,0.3430,1.4210,1.6148,0.507751,0.076660,-0.025024,0.857727,7.756,73.8,-1
1782769371.265,3225,729201,0,0.00000000,0.00000000,0.00,0,0,1.19,0.007,0.4410,0.2940,0.9310,1.0713,0.507751,0.076599,-0.025024,0.857727,7.759,73.8,-1
1782769371.516,3226,729443,0,0.00000000,0.00000000,0.00,0,0,1.19,0.028,0.5390,0.6860,1.4700,1.7094,0.507751,0.076538,-0.025024,0.857727,7.758,71.2,-1
1782769371.703,3227,729670,0,0.00000000,0.00000000,0.00,0,0,1.02,-0.079,0.0000,0.4900,2.8420,2.8839,0.507751,0.076477,-0.025024,0.857727,7.756,76.2,-1
1782769371.953,3228,729893,0,0.00000000,0.00000000,0.00,0,0,1.06,-0.046,0.5390,0.1960,2.4500,2.5162,0.507751,0.076477,-0.025024,0.857727,7.759,70.0,-1
1782769372.139,3229,730113,0,0.00000000,0.00000000,0.00,0,0,1.05,-0.037,-0.2450,1.1760,-0.0980,1.2052,0.507812,0.076477,-0.024963,0.857727,7.760,75.0,-1
1782769372.390,3230,730331,0,0.00000000,0.00000000,0.00,0,0,1.16,0.016,0.4410,0.6370,1.9600,2.1076,0.507812,0.076477,-0.024902,0.857727,7.755,75.0,-1
1782769372.580,3231,730544,0,0.00000000,0.00000000,0.00,0,0,1.04,-0.047,0.4900,0.5390,2.1560,2.2757,0.507812,0.076477,-0.024780,0.857727,7.755,77.5,-1
1782769372.835,3232,730765,0,0.00000000,0.00000000,0.00,0,0,1.10,-0.008,0.9310,0.0490,2.4990,2.6672,0.507812,0.076538,-0.024780,0.857727,7.754,80.0,-1
1782769373.024,3233,730985,0,0.00000000,0.00000000,0.00,0,0,1.14,0.009,1.2740,-0.3430,3.2340,3.4928,0.507812,0.076538,-0.024719,0.857727,7.755,78.8,-1
1782769373.275,3234,731205,0,0.00000000,0.00000000,0.00,0,0,1.15,0.014,0.3430,0.2940,1.6170,1.6789,0.507812,0.076538,-0.024719,0.857727,7.754,75.0,-1
1782769373.526,3235,731446,0,0.00000000,0.00000000,0.00,0,0,1.10,-0.013,0.0490,0.7350,1.7640,1.9116,0.507812,0.076538,-0.024719,0.857727,7.756,76.2,-1
1782769373.712,3236,731669,0,0.00000000,0.00000000,0.00,0,0,1.08,-0.015,0.0980,0.6370,2.5480,2.6282,0.507812,0.076599,-0.024719,0.857727,7.755,75.0,-1
1782769373.961,3237,731894,0,0.00000000,0.00000000,0.00,0,0,1.06,-0.026,0.2940,0.3920,1.2740,1.3650,0.507812,0.076538,-0.024719,0.857727,7.755,76.2,-1
1782769374.148,3238,732113,0,0.00000000,0.00000000,0.00,0,0,1.10,0.003,-0.0980,0.3920,1.6170,1.6667,0.507812,0.076538,-0.024719,0.857727,7.754,75.0,-1
1782769374.400,3239,732338,0,0.00000000,0.00000000,0.00,0,0,1.08,-0.002,0.6860,0.4410,1.6170,1.8110,0.507812,0.076599,-0.024719,0.857727,7.758,68.8,-1
1782769374.588,3240,732550,0,0.00000000,0.00000000,0.00,0,0,1.10,0.007,0.0000,1.0780,2.0090,2.2799,0.507812,0.076599,-0.024719,0.857727,7.754,77.5,-1
1782769374.836,3241,732771,0,0.00000000,0.00000000,0.00,0,0,1.05,-0.029,0.0490,1.0780,1.4700,1.8236,0.507812,0.076599,-0.024719,0.857727,7.755,75.0,-1
1782769375.023,3242,732999,0,0.00000000,0.00000000,0.00,0,0,1.15,0.042,0.5390,0.5880,1.4210,1.6296,0.507812,0.076599,-0.024719,0.857727,7.758,70.0,-1
1782769375.272,3243,733219,0,0.00000000,0.00000000,0.00,0,0,1.33,0.144,0.3920,0.3920,1.0780,1.2122,0.507812,0.076538,-0.024780,0.857727,7.758,70.0,-1
1782769375.520,3244,733435,0,0.00000000,0.00000000,0.00,0,0,1.17,0.070,0.4410,0.3430,1.5680,1.6646,0.507812,0.076538,-0.024780,0.857727,7.755,76.2,-1
1782769375.706,3245,733660,0,0.00000000,0.00000000,0.00,0,0,1.11,0.011,0.1470,0.8330,0.9800,1.2946,0.507812,0.076538,-0.024658,0.857727,7.756,72.5,-1
1782769375.956,3246,733882,0,0.00000000,0.00000000,0.00,0,0,1.10,-0.009,0.1470,0.5390,1.6660,1.7572,0.507812,0.076416,-0.024597,0.857727,7.755,76.2,-1
1782769376.144,3247,734100,0,0.00000000,0.00000000,0.00,0,0,1.09,-0.032,0.0000,0.9800,1.7150,1.9753,0.507812,0.076416,-0.024597,0.857727,7.755,72.5,-1
1782769376.393,3248,734320,0,0.00000000,0.00000000,0.00,0,0,1.09,-0.022,0.5390,0.1960,1.9110,1.9952,0.507812,0.076477,-0.024658,0.857727,7.753,75.0,-1
1782769376.582,3249,734535,0,0.00000000,0.00000000,0.00,0,0,1.14,-0.001,-0.1470,1.3230,0.0980,1.3347,0.507812,0.076477,-0.024658,0.857727,7.756,75.0,-1
1782769376.828,3250,734751,0,0.00000000,0.00000000,0.00,0,0,1.19,0.019,0.1470,0.9310,1.0290,1.3954,0.507751,0.076599,-0.024719,0.857727,7.751,82.5,-1
1782769377.014,3251,734972,0,0.00000000,0.00000000,0.00,0,0,1.17,-0.004,-0.1960,1.1270,1.5680,1.9409,0.507751,0.076660,-0.024719,0.857727,7.753,78.8,-1
1782769377.262,3252,735193,0,0.00000000,0.00000000,0.00,0,0,1.00,-0.112,0.5880,0.6860,1.2740,1.5619,0.507751,0.076660,-0.024719,0.857727,7.753,78.8,-1
1782769377.513,3253,735439,0,0.00000000,0.00000000,0.00,0,0,1.09,-0.022,0.9310,0.3920,3.1850,3.3414,0.507751,0.076599,-0.024719,0.857727,7.756,72.5,-1
1782769377.703,3254,735667,0,0.00000000,0.00000000,0.00,0,0,1.14,-0.013,-0.3920,0.7840,1.3230,1.5870,0.507751,0.076538,-0.024780,0.857727,7.758,73.8,-1
1782769377.949,3255,735884,0,0.00000000,0.00000000,0.00,0,0,1.19,0.024,0.2940,0.6370,1.1270,1.3275,0.507751,0.076538,-0.024841,0.857727,7.755,77.5,-1
1782769378.138,3256,736104,0,0.00000000,0.00000000,0.00,0,0,1.17,0.014,0.4410,0.0490,0.9800,1.0758,0.507751,0.076599,-0.024841,0.857727,7.754,76.2,-1
1782769378.385,3257,736329,0,0.00000000,0.00000000,0.00,0,0,0.99,-0.099,0.0000,0.8820,1.9600,2.1493,0.507812,0.076660,-0.024902,0.857666,7.756,77.5,-1
1782769378.571,3258,736546,0,0.00000000,0.00000000,0.00,0,0,1.09,-0.024,0.3430,0.9800,2.0090,2.2614,0.507812,0.076599,-0.024902,0.857666,7.755,77.5,-1
1782769378.821,3259,736767,0,0.00000000,0.00000000,0.00,0,0,1.12,-0.020,0.1470,0.4900,1.7150,1.7897,0.507874,0.076538,-0.024841,0.857666,7.755,73.8,-1
1782769379.072,3260,736986,0,0.00000000,0.00000000,0.00,0,0,1.18,0.035,-0.1960,0.6860,1.7150,1.8575,0.507874,0.076599,-0.024963,0.857666,7.754,78.8,-1
1782769379.257,3261,737209,0,0.00000000,0.00000000,0.00,0,0,1.29,0.100,0.2450,1.3720,1.8130,2.2868,0.507812,0.076599,-0.024963,0.857666,7.754,76.2,-1
1782769379.509,3262,737450,0,0.00000000,0.00000000,0.00,0,0,1.19,0.037,0.6860,0.7350,1.7150,1.9880,0.507812,0.076538,-0.025024,0.857666,7.759,71.2,-1
1782769379.757,3263,737672,0,0.00000000,0.00000000,0.00,0,0,1.26,0.064,0.5880,0.4410,2.0090,2.1392,0.507812,0.076538,-0.025024,0.857666,7.756,75.0,-1
1782769379.943,3264,737889,0,0.00000000,0.00000000,0.00,0,0,1.25,0.045,-0.0980,0.9310,1.2740,1.5810,0.507812,0.076538,-0.025024,0.857666,7.755,76.2,-1
1782769380.194,3265,738113,0,0.00000000,0.00000000,0.00,0,0,1.31,0.076,0.2940,0.5390,0.9310,1.1152,0.507812,0.076538,-0.024963,0.857666,7.759,73.8,-1
1782769380.397,3266,738339,0,0.00000000,0.00000000,0.00,0,0,1.18,-0.006,0.5880,0.6370,1.5680,1.7917,0.507812,0.076538,-0.024902,0.857666,7.756,75.0,-1
1782769380.584,3267,738553,0,0.00000000,0.00000000,0.00,0,0,1.28,0.056,0.3430,0.8820,1.4210,1.7073,0.507874,0.076538,-0.024841,0.857666,7.762,68.8,-1
1782769380.833,3268,738781,0,0.00000000,0.00000000,0.00,0,0,1.26,0.052,0.4410,-0.1960,1.4210,1.5007,0.507874,0.076538,-0.024780,0.857666,7.756,76.2,-1
1782769381.083,3269,739001,0,0.00000000,0.00000000,0.00,0,0,1.14,-0.025,-0.1470,0.7840,0.6860,1.0521,0.507874,0.076538,-0.024780,0.857666,7.753,78.8,-1
1782769381.269,3270,739227,0,0.00000000,0.00000000,0.00,0,0,1.19,0.014,-0.0490,0.6860,1.3230,1.4911,0.507874,0.076538,-0.024719,0.857666,7.756,76.2,-1
1782769381.517,3271,739444,0,0.00000000,0.00000000,0.00,0,0,1.12,-0.010,0.4900,0.3430,1.7640,1.8626,0.507874,0.076538,-0.024719,0.857666,7.754,76.2,-1
1782769381.704,3272,739665,0,0.00000000,0.00000000,0.00,0,0,1.11,-0.013,0.1960,-0.2940,1.6170,1.6552,0.507874,0.076599,-0.024719,0.857666,7.758,76.2,-1
1782769381.954,3273,739889,0,0.00000000,0.00000000,0.00,0,0,1.14,0.023,0.2940,0.8820,1.6170,1.8652,0.507874,0.076599,-0.024719,0.857666,7.756,78.8,-1
1782769382.201,3274,740116,0,0.00000000,0.00000000,0.00,0,0,1.15,0.027,0.1470,0.4900,1.7150,1.7897,0.507874,0.076538,-0.024658,0.857666,7.758,72.5,-1
1782769382.388,3275,740338,0,0.00000000,0.00000000,0.00,0,0,1.06,-0.041,0.3920,0.5390,1.4700,1.6140,0.507874,0.076538,-0.024658,0.857666,7.759,67.5,-1
1782769382.637,3276,740559,0,0.00000000,0.00000000,0.00,0,0,1.06,-0.046,0.0000,0.7350,1.3230,1.5135,0.507874,0.076660,-0.024719,0.857666,7.760,67.5,-1
1782769382.823,3277,740786,0,0.00000000,0.00000000,0.00,0,0,1.12,-0.004,0.2940,0.6370,1.3720,1.5410,0.507874,0.076721,-0.024780,0.857666,7.755,78.8,-1
1782769383.072,3278,741007,0,0.00000000,0.00000000,0.00,0,0,1.26,0.076,0.3920,0.0980,1.0290,1.1055,0.507812,0.076721,-0.024841,0.857666,7.755,76.2,-1
1782769383.260,3279,741227,0,0.00000000,0.00000000,0.00,0,0,1.33,0.118,0.7350,0.7840,1.5190,1.8607,0.507812,0.076721,-0.024841,0.857666,7.754,75.0,-1
1782769383.508,3280,741442,0,0.00000000,0.00000000,0.00,0,0,1.26,0.046,0.4410,0.4410,1.6170,1.7331,0.507812,0.076782,-0.024902,0.857666,7.756,71.2,-1
1782769383.694,3281,741668,0,0.00000000,0.00000000,0.00,0,0,1.18,-0.007,0.2450,0.3920,1.1760,1.2636,0.507812,0.076782,-0.024902,0.857666,7.751,82.5,-1
1782769383.943,3282,741890,0,0.00000000,0.00000000,0.00,0,0,1.15,-0.028,0.4900,0.4410,2.0090,2.1144,0.507812,0.076782,-0.024841,0.857666,7.754,77.5,-1
1782769384.194,3283,742112,0,0.00000000,0.00000000,0.00,0,0,1.28,0.060,0.0980,0.1960,1.1270,1.1481,0.507812,0.076721,-0.024780,0.857666,7.756,73.8,-1
1782769384.381,3284,742334,0,0.00000000,0.00000000,0.00,0,0,1.15,-0.013,0.2450,0.1960,1.6170,1.6472,0.507812,0.076660,-0.024841,0.857666,7.760,70.0,-1
1782769384.632,3285,742551,0,0.00000000,0.00000000,0.00,0,0,1.18,0.017,0.4410,0.2940,1.6170,1.7016,0.507812,0.076660,-0.024902,0.857666,7.756,80.0,-1
1782769384.819,3286,742770,0,0.00000000,0.00000000,0.00,0,0,1.17,0.016,0.1470,0.5390,2.2540,2.3222,0.507812,0.076721,-0.024963,0.857666,7.751,82.5,-1
1782769385.069,3287,742991,0,0.00000000,0.00000000,0.00,0,0,1.22,0.060,0.7840,-0.3430,2.7440,2.8743,0.507812,0.076782,-0.024963,0.857666,7.758,76.2,-1
1782769385.255,3288,743210,0,0.00000000,0.00000000,0.00,0,0,1.27,0.077,0.2450,0.1960,1.9600,1.9850,0.507812,0.076782,-0.024902,0.857666,7.754,83.8,-1
1782769385.505,3289,743455,0,0.00000000,0.00000000,0.00,0,0,1.17,-0.003,0.3430,0.4900,1.3720,1.4967,0.507812,0.076782,-0.024902,0.857666,7.759,70.0,-1
1782769385.755,3290,743683,0,0.00000000,0.00000000,0.00,0,0,1.27,0.057,0.2450,0.5390,1.6660,1.7681,0.507812,0.076782,-0.024963,0.857666,7.755,76.2,-1
1782769385.942,3291,743906,0,0.00000000,0.00000000,0.00,0,0,1.23,0.018,-0.0980,0.9800,1.0290,1.4244,0.507812,0.076721,-0.024963,0.857666,7.754,80.0,-1
1782769386.190,3292,744127,0,0.00000000,0.00000000,0.00,0,0,1.17,-0.032,0.1470,0.8330,1.7640,1.9563,0.507812,0.076721,-0.024902,0.857666,7.758,71.2,-1
1782769386.379,3293,744350,0,0.00000000,0.00000000,0.00,0,0,1.19,-0.025,0.3430,0.9800,0.6860,1.2444,0.507812,0.076660,-0.024841,0.857666,7.756,77.5,-1
1782769386.627,3294,744567,0,0.00000000,0.00000000,0.00,0,0,1.16,-0.033,0.0000,0.7350,1.2250,1.4286,0.507812,0.076721,-0.024841,0.857666,7.760,72.5,-1
1782769386.812,3295,744785,0,0.00000000,0.00000000,0.00,0,0,1.21,0.017,0.3920,0.0980,1.0780,1.1512,0.507812,0.076782,-0.024841,0.857666,7.755,77.5,-1
1782769387.064,3296,745007,0,0.00000000,0.00000000,0.00,0,0,1.24,0.043,0.2450,0.6370,1.1760,1.3597,0.507812,0.076782,-0.024841,0.857666,7.756,71.2,-1
1782769387.250,3297,745225,0,0.00000000,0.00000000,0.00,0,0,1.15,-0.031,0.3920,0.8820,1.7640,2.0108,0.507812,0.076843,-0.024841,0.857666,7.758,73.8,-1
1782769387.500,3298,745439,0,0.00000000,0.00000000,0.00,0,0,1.13,-0.030,-0.3430,0.9800,0.6860,1.2444,0.507812,0.076782,-0.024841,0.857666,7.755,77.5,-1
1782769387.690,3299,745665,0,0.00000000,0.00000000,0.00,0,0,1.25,0.042,0.4900,0.2940,1.5680,1.6689,0.507812,0.076782,-0.024902,0.857666,7.755,76.2,-1
1782769387.942,3300,745889,0,0.00000000,0.00000000,0.00,0,0,1.19,-0.002,0.1960,0.5880,1.6660,1.7776,0.507812,0.076782,-0.024963,0.857666,7.756,78.8,-1
1782769388.193,3301,746110,0,0.00000000,0.00000000,0.00,0,0,1.21,0.015,0.9800,0.7840,1.4210,1.8959,0.507812,0.076721,-0.024902,0.857666,7.759,73.8,-1
1782769388.379,3302,746332,0,0.00000000,0.00000000,0.00,0,0,1.22,0.013,0.2940,0.6860,2.4990,2.6081,0.507812,0.076721,-0.024841,0.857666,7.758,71.2,-1
1782769388.628,3303,746550,0,0.00000000,0.00000000,0.00,0,0,1.18,-0.014,0.3920,0.6370,1.6170,1.7816,0.507812,0.076721,-0.024902,0.857666,7.755,75.0,-1
1782769388.818,3304,746769,0,0.00000000,0.00000000,0.00,0,0,1.18,0.003,0.4410,0.5390,1.8130,1.9422,0.507812,0.076721,-0.024963,0.857666,7.759,72.5,-1
1782769389.066,3305,746992,0,0.00000000,0.00000000,0.00,0,0,1.24,0.015,0.6370,0.1470,2.3520,2.4412,0.507812,0.076721,-0.025024,0.857666,7.758,70.0,-1
1782769389.250,3306,747211,0,0.00000000,0.00000000,0.00,0,0,1.32,0.079,0.2940,0.4410,2.1070,2.1726,0.507812,0.076721,-0.025024,0.857666,7.758,72.5,-1
1782769389.502,3307,747457,0,0.00000000,0.00000000,0.00,0,0,1.17,-0.019,0.6370,0.0490,2.5480,2.6269,0.507812,0.076721,-0.024963,0.857666,7.759,70.0,-1
1782769389.750,3308,747680,0,0.00000000,0.00000000,0.00,0,0,1.12,-0.053,-0.2450,1.9110,1.1270,2.2321,0.507812,0.076782,-0.024963,0.857666,7.755,73.8,-1
1782769389.939,3309,747904,0,0.00000000,0.00000000,0.00,0,0,1.26,0.028,-0.1470,0.9800,1.4210,1.7324,0.507812,0.076782,-0.024963,0.857666,7.754,81.2,-1
1782769390.188,3310,748125,0,0.00000000,0.00000000,0.00,0,0,1.26,0.018,0.0980,0.6370,2.0090,2.1098,0.507812,0.076843,-0.024902,0.857666,7.755,72.5,-1
1782769390.375,3311,748343,0,0.00000000,0.00000000,0.00,0,0,1.26,0.030,0.3430,0.5390,1.5190,1.6479,0.507812,0.076843,-0.024902,0.857666,7.755,76.2,-1
1782769390.624,3312,748552,0,0.00000000,0.00000000,0.00,0,0,1.28,0.071,0.0980,0.7840,1.6170,1.7997,0.507812,0.076843,-0.024902,0.857666,7.758,71.2,-1
1782769390.812,3313,748777,0,0.00000000,0.00000000,0.00,0,0,1.24,0.035,0.1960,0.6370,0.5390,0.8571,0.507812,0.076782,-0.024841,0.857666,7.758,70.0,-1
1782769391.062,3314,748994,0,0.00000000,0.00000000,0.00,0,0,1.31,0.080,1.3230,0.3430,2.5970,2.9347,0.507812,0.076782,-0.024841,0.857666,7.755,73.8,-1
1782769391.249,3315,749218,0,0.00000000,0.00000000,0.00,0,0,1.26,0.025,0.3430,0.8820,0.9310,1.3275,0.507812,0.076843,-0.024841,0.857666,7.759,70.0,-1
1782769391.497,3316,749440,0,0.00000000,0.00000000,0.00,0,0,1.22,-0.010,1.0780,0.1960,2.6460,2.8639,0.507812,0.076843,-0.024841,0.857666,7.760,72.5,-1
1782769391.747,3317,749665,0,0.00000000,0.00000000,0.00,0,0,1.21,-0.027,0.6860,1.1270,1.8130,2.2423,0.507812,0.076843,-0.024841,0.857666,7.754,77.5,-1
1782769391.934,3318,749889,0,0.00000000,0.00000000,0.00,0,0,1.19,-0.031,-0.1470,0.9800,0.4410,1.0847,0.507812,0.076782,-0.024841,0.857666,7.759,70.0,-1
1782769392.185,3319,750113,0,0.00000000,0.00000000,0.00,0,0,1.20,-0.051,-0.0490,0.5880,3.0870,3.1429,0.507812,0.076782,-0.024841,0.857666,7.756,71.2,-1
1782769392.373,3320,750338,0,0.00000000,0.00000000,0.00,0,0,1.32,0.027,0.5880,0.6370,1.3720,1.6229,0.507812,0.076782,-0.024780,0.857666,7.756,75.0,-1
1782769392.624,3321,750552,0,0.00000000,0.00000000,0.00,0,0,1.39,0.072,0.1960,1.0780,1.3230,1.7178,0.507812,0.076782,-0.024780,0.857666,7.758,71.2,-1
1782769392.812,3322,750781,0,0.00000000,0.00000000,0.00,0,0,1.27,-0.012,0.1470,1.1270,1.5190,1.8971,0.507812,0.076843,-0.024841,0.857666,7.758,67.5,-1
1782769393.061,3323,750999,0,0.00000000,0.00000000,0.00,0,0,1.28,0.001,0.5880,0.4900,2.0090,2.1499,0.507812,0.076782,-0.024841,0.857666,7.754,75.0,-1
1782769393.248,3324,751218,0,0.00000000,0.00000000,0.00,0,0,1.31,0.008,0.0980,0.0980,1.5680,1.5741,0.507812,0.076660,-0.024902,0.857666,7.756,76.2,-1
1782769393.497,3325,751436,0,0.00000000,0.00000000,0.00,0,0,1.28,-0.024,0.4410,0.7350,1.3230,1.5764,0.507812,0.076660,-0.024902,0.857666,7.760,71.2,-1
1782769393.748,3326,751662,0,0.00000000,0.00000000,0.00,0,0,1.17,-0.081,0.6860,0.4410,1.5680,1.7674,0.507812,0.076721,-0.024963,0.857666,7.759,73.8,-1
1782769393.936,3327,751881,0,0.00000000,0.00000000,0.00,0,0,1.17,-0.070,0.2940,0.6860,1.4210,1.6051,0.507812,0.076599,-0.024963,0.857666,7.755,73.8,-1
1782769394.183,3328,752104,0,0.00000000,0.00000000,0.00,0,0,1.20,-0.040,0.8820,0.8330,0.7350,1.4185,0.507812,0.076599,-0.024902,0.857666,7.756,72.5,-1
1782769394.371,3329,752331,0,0.00000000,0.00000000,0.00,0,0,1.23,-0.013,0.6860,0.5880,1.0290,1.3694,0.507812,0.076599,-0.024841,0.857666,7.755,78.8,-1
1782769394.620,3330,752545,0,0.00000000,0.00000000,0.00,0,0,1.18,-0.027,0.1470,0.5390,1.5190,1.6185,0.507874,0.076599,-0.024841,0.857666,7.755,75.0,-1
1782769394.808,3331,752767,0,0.00000000,0.00000000,0.00,0,0,1.13,-0.066,0.4410,0.3430,1.8130,1.8971,0.507812,0.076538,-0.024841,0.857666,7.759,72.5,-1
1782769395.057,3332,752994,0,0.00000000,0.00000000,0.00,0,0,1.17,-0.067,0.4410,0.5390,2.4010,2.5000,0.507812,0.076477,-0.024902,0.857666,7.753,77.5,-1
1782769395.244,3333,753216,0,0.00000000,0.00000000,0.00,0,0,1.36,0.052,-0.0490,0.6860,0.9800,1.1972,0.507812,0.076477,-0.024963,0.857666,7.754,75.0,-1
1782769395.494,3334,753432,0,0.00000000,0.00000000,0.00,0,0,1.28,-0.007,-0.0980,0.4900,1.6660,1.7393,0.507812,0.076477,-0.024963,0.857666,7.760,71.2,-1
1782769395.681,3335,753655,0,0.00000000,0.00000000,0.00,0,0,1.11,-0.111,0.7840,0.7350,1.0780,1.5222,0.507812,0.076477,-0.024902,0.857666,7.756,78.8,-1
1782769395.930,3336,753879,0,0.00000000,0.00000000,0.00,0,0,1.26,-0.018,0.4410,0.4410,2.1560,2.2444,0.507812,0.076538,-0.024963,0.857666,7.758,73.8,-1
1782769396.185,3337,754104,0,0.00000000,0.00000000,0.00,0,0,1.32,0.015,0.3430,0.8820,0.9310,1.3275,0.507812,0.076599,-0.025024,0.857666,7.756,75.0,-1
1782769396.372,3338,754327,0,0.00000000,0.00000000,0.00,0,0,1.30,-0.005,0.8330,0.6370,0.8820,1.3702,0.507812,0.076660,-0.025024,0.857666,7.759,70.0,-1
1782769396.620,3339,754544,0,0.00000000,0.00000000,0.00,0,0,1.14,-0.093,0.2940,0.5880,1.3230,1.4773,0.507812,0.076721,-0.024963,0.857666,7.758,72.5,-1
1782769396.807,3340,754769,0,0.00000000,0.00000000,0.00,0,0,1.16,-0.059,0.1470,0.5390,2.0580,2.1325,0.507812,0.076782,-0.024963,0.857666,7.761,72.5,-1
1782769397.057,3341,754989,0,0.00000000,0.00000000,0.00,0,0,1.20,-0.017,-0.0980,0.8330,1.0780,1.3659,0.507812,0.076782,-0.024902,0.857666,7.760,70.0,-1
1782769397.244,3342,755207,0,0.00000000,0.00000000,0.00,0,0,1.17,-0.046,-0.1960,1.3720,2.1560,2.5630,0.507812,0.076843,-0.024963,0.857666,7.761,68.8,-1
1782769397.495,3343,755452,0,0.00000000,0.00000000,0.00,0,0,1.20,-0.034,1.6660,0.8330,2.9400,3.4804,0.507812,0.076782,-0.024902,0.857666,7.760,70.0,-1
1782769397.745,3344,755672,0,0.00000000,0.00000000,0.00,0,0,1.31,0.043,0.1470,0.8330,2.0090,2.1798,0.507812,0.076721,-0.024841,0.857666,7.759,71.2,-1
1782769397.931,3345,755890,0,0.00000000,0.00000000,0.00,0,0,1.24,-0.021,0.3920,0.4410,1.3230,1.4486,0.507812,0.076721,-0.024841,0.857666,7.759,72.5,-1
1782769398.181,3346,756113,0,0.00000000,0.00000000,0.00,0,0,1.30,0.029,0.2450,1.3230,2.4500,2.7951,0.507812,0.076782,-0.024841,0.857666,7.760,66.2,-1
1782769398.368,3347,756337,0,0.00000000,0.00000000,0.00,0,0,1.27,0.010,-0.0490,0.7840,2.2050,2.3407,0.507812,0.076843,-0.024841,0.857666,7.761,65.0,-1
1782769398.617,3348,756554,0,0.00000000,0.00000000,0.00,0,0,1.18,-0.060,0.3430,0.6860,2.4010,2.5205,0.507812,0.076782,-0.024841,0.857666,7.760,68.8,-1
1782769398.804,3349,756773,0,0.00000000,0.00000000,0.00,0,0,1.16,-0.063,0.5390,0.9310,1.1760,1.5938,0.507812,0.076721,-0.024902,0.857666,7.760,72.5,-1
1782769399.051,3350,756993,0,0.00000000,0.00000000,0.00,0,0,1.30,0.016,0.2940,0.4900,1.5680,1.6689,0.507812,0.076660,-0.024841,0.857666,7.756,76.2,-1
1782769399.302,3351,757216,0,0.00000000,0.00000000,0.00,0,0,1.29,0.014,0.2450,0.6860,1.1760,1.3833,0.507874,0.076660,-0.024780,0.857666,7.759,72.5,-1
1782769399.488,3352,757432,0,0.00000000,0.00000000,0.00,0,0,1.27,0.012,0.9310,-0.0490,2.2050,2.3940,0.507874,0.076660,-0.024780,0.857666,7.756,76.2,-1
1782769399.737,3353,757655,0,0.00000000,0.00000000,0.00,0,0,1.20,-0.036,0.3920,0.5880,2.2540,2.3622,0.507874,0.076599,-0.024719,0.857666,7.755,75.0,-1
1782769399.926,3354,757876,0,0.00000000,0.00000000,0.00,0,0,1.24,-0.006,0.0000,0.4900,1.2740,1.3650,0.507874,0.076599,-0.024780,0.857666,7.755,73.8,-1
1782769400.173,3355,758098,0,0.00000000,0.00000000,0.00,0,0,1.26,0.006,0.5390,1.0780,1.1270,1.6501,0.507812,0.076538,-0.024841,0.857666,7.758,75.0,-1
1782769400.362,3356,758317,0,0.00000000,0.00000000,0.00,0,0,1.21,-0.018,0.2940,0.7350,1.6170,1.8004,0.507812,0.076599,-0.024841,0.857666,7.754,77.5,-1
1782769400.613,3357,758536,0,0.00000000,0.00000000,0.00,0,0,1.14,-0.084,0.4410,0.5390,1.6170,1.7606,0.507812,0.076660,-0.024841,0.857666,7.755,76.2,-1
1782769400.798,3358,758756,0,0.00000000,0.00000000,0.00,0,0,1.27,-0.006,-0.1470,0.7350,1.4700,1.6501,0.507812,0.076721,-0.024841,0.857666,7.754,75.0,-1
1782769401.048,3359,758976,0,0.00000000,0.00000000,0.00,0,0,1.13,-0.082,0.2940,0.2940,1.4700,1.5277,0.507812,0.076721,-0.024841,0.857666,7.755,75.0,-1
1782769401.235,3360,759201,0,0.00000000,0.00000000,0.00,0,0,1.14,-0.044,0.0000,0.7350,1.9600,2.0933,0.507812,0.076721,-0.024780,0.857666,7.758,72.5,-1
1782769401.485,3361,759452,0,0.00000000,0.00000000,0.00,0,0,1.21,-0.009,0.3430,0.6860,1.1760,1.4040,0.507812,0.076721,-0.024780,0.857666,7.755,76.2,-1
1782769401.734,3362,759673,0,0.00000000,0.00000000,0.00,0,0,1.20,0.007,0.4410,0.2450,1.5680,1.6472,0.507812,0.076782,-0.024841,0.857666,7.755,76.2,-1
1782769401.983,3363,759898,0,0.00000000,0.00000000,0.00,0,0,1.17,-0.020,0.8820,0.3430,1.4700,1.7483,0.507812,0.076782,-0.024902,0.857666,7.753,78.8,-1
1782769402.171,3364,760120,0,0.00000000,0.00000000,0.00,0,0,1.20,-0.020,0.5880,0.9800,2.1560,2.4402,0.507812,0.076843,-0.024902,0.857666,7.756,72.5,-1
1782769402.420,3365,760342,0,0.00000000,0.00000000,0.00,0,0,1.24,0.006,0.1960,0.6860,1.9600,2.0858,0.507812,0.076843,-0.024902,0.857666,7.758,77.5,-1
1782769402.608,3366,760554,0,0.00000000,0.00000000,0.00,0,0,1.14,-0.061,0.5390,0.3430,2.2050,2.2957,0.507812,0.076843,-0.024902,0.857666,7.759,71.2,-1
1782769402.857,3367,760772,0,0.00000000,0.00000000,0.00,0,0,1.20,-0.020,-0.2450,0.4410,1.9600,2.0239,0.507812,0.076782,-0.024902,0.857666,7.751,77.5,-1
1782769403.043,3368,760995,0,0.00000000,0.00000000,0.00,0,0,1.25,-0.011,0.0490,0.5390,1.6660,1.7517,0.507812,0.076721,-0.024902,0.857666,7.755,71.2,-1
1782769403.292,3369,761218,0,0.00000000,0.00000000,0.00,0,0,1.29,0.027,-0.0490,0.3920,1.4700,1.5222,0.507812,0.076660,-0.024841,0.857666,7.756,76.2,-1
1782769403.480,3370,761439,0,0.00000000,0.00000000,0.00,0,0,1.25,0.015,0.5390,0.8330,0.8820,1.3275,0.507812,0.076721,-0.024841,0.857666,7.755,73.8,-1
1782769403.731,3371,761664,0,0.00000000,0.00000000,0.00,0,0,1.12,-0.069,0.0000,0.3430,2.4990,2.5224,0.507812,0.076721,-0.024841,0.857666,7.753,76.2,-1
1782769403.918,3372,761889,0,0.00000000,0.00000000,0.00,0,0,1.35,0.077,0.3430,0.7840,2.2050,2.3652,0.507812,0.076721,-0.024902,0.857666,7.756,75.0,-1
1782769404.167,3373,762115,0,0.00000000,0.00000000,0.00,0,0,1.12,-0.071,0.2450,0.2940,1.3230,1.3772,0.507812,0.076721,-0.024902,0.857666,7.755,77.5,-1
1782769404.415,3374,762338,0,0.00000000,0.00000000,0.00,0,0,1.21,0.009,-0.6370,1.6660,0.7840,1.9483,0.507812,0.076721,-0.024902,0.857666,7.753,76.2,-1
1782769404.604,3375,762552,0,0.00000000,0.00000000,0.00,0,0,1.15,-0.038,0.5880,0.0490,0.2450,0.6389,0.507812,0.076721,-0.024902,0.857666,7.760,67.5,-1
1782769404.852,3376,762778,0,0.00000000,0.00000000,0.00,0,0,1.16,-0.030,0.3430,0.4410,1.8130,1.8971,0.507812,0.076782,-0.024902,0.857666,7.756,75.0,-1
1782769405.038,3377,762998,0,0.00000000,0.00000000,0.00,0,0,1.30,0.057,0.4410,0.6370,2.4010,2.5229,0.507812,0.076843,-0.024902,0.857666,7.754,77.5,-1
1782769405.288,3378,763219,0,0.00000000,0.00000000,0.00,0,0,1.16,-0.030,0.5880,0.9800,0.3920,1.2082,0.507812,0.076843,-0.024902,0.857666,7.753,77.5,-1
1782769405.472,3379,763431,0,0.00000000,0.00000000,0.00,0,0,1.34,0.088,0.1470,0.5390,0.9800,1.1281,0.507812,0.076904,-0.024902,0.857666,7.755,77.5,-1
1782769405.721,3380,763652,0,0.00000000,0.00000000,0.00,0,0,1.36,0.101,0.5390,0.5880,2.0090,2.1616,0.507812,0.076904,-0.024902,0.857666,7.755,72.5,-1
1782769405.905,3381,763877,0,0.00000000,0.00000000,0.00,0,0,1.37,0.123,-0.0980,0.9310,1.5680,1.8262,0.507812,0.076782,-0.024841,0.857666,7.751,77.5,-1
1782769406.155,3382,764101,0,0.00000000,0.00000000,0.00,0,0,1.27,0.044,-0.8820,1.4210,-1.4210,2.1946,0.507812,0.076782,-0.024780,0.857666,7.755,77.5,-1
1782769406.404,3383,764322,0,0.00000000,0.00000000,0.00,0,0,1.24,0.020,0.1470,0.7350,1.5190,1.6939,0.507812,0.076782,-0.024780,0.857666,7.755,75.0,-1
1782769406.591,3384,764535,0,0.00000000,0.00000000,0.00,0,0,1.20,-0.002,0.2940,0.2940,1.5680,1.6222,0.507812,0.076782,-0.024902,0.857666,7.756,68.8,-1
1782769406.839,3385,764756,0,0.00000000,0.00000000,0.00,0,0,1.23,0.025,0.0490,0.4900,1.3230,1.4117,0.507812,0.076782,-0.024963,0.857666,7.756,76.2,-1
1782769407.025,3386,764982,0,0.00000000,0.00000000,0.00,0,0,1.33,0.067,0.2450,0.3920,1.3230,1.4014,0.507812,0.076782,-0.024902,0.857666,7.755,76.2,-1
1782769407.275,3387,765204,0,0.00000000,0.00000000,0.00,0,0,1.31,0.058,0.1960,0.4900,2.0090,2.0772,0.507812,0.076843,-0.024902,0.857666,7.753,73.8,-1
1782769407.524,3388,765443,0,0.00000000,0.00000000,0.00,0,0,1.23,0.008,0.0490,0.7840,1.4210,1.6237,0.507812,0.076843,-0.024902,0.857666,7.751,77.5,-1
1782769407.713,3389,765665,0,0.00000000,0.00000000,0.00,0,0,1.31,0.060,0.5880,1.2250,1.6170,2.1121,0.507812,0.076843,-0.024963,0.857666,7.751,76.2,-1
1782769407.962,3390,765883,0,0.00000000,0.00000000,0.00,0,0,1.22,0.009,0.2450,0.6860,2.3030,2.4155,0.507812,0.076782,-0.024963,0.857666,7.750,80.0,-1
1782769408.146,3391,766104,0,0.00000000,0.00000000,0.00,0,0,1.34,0.102,0.2940,0.5390,2.2050,2.2889,0.507812,0.076721,-0.024902,0.857666,7.750,80.0,-1
1782769408.402,3392,766325,0,0.00000000,0.00000000,0.00,0,0,1.25,0.031,0.0490,1.4210,1.8620,2.3428,0.507812,0.076721,-0.024902,0.857666,7.751,76.2,-1
1782769408.584,3393,766539,0,0.00000000,0.00000000,0.00,0,0,1.24,0.016,-0.0490,0.8820,0.8330,1.2142,0.507812,0.076782,-0.024841,0.857666,7.756,72.5,-1
1782769408.835,3394,766763,0,0.00000000,0.00000000,0.00,0,0,1.30,0.063,0.7350,0.4900,1.9110,2.1053,0.507812,0.076782,-0.024902,0.857666,7.755,77.5,-1
1782769409.020,3395,766985,0,0.00000000,0.00000000,0.00,0,0,1.36,0.092,1.1760,0.7350,2.4500,2.8153,0.507812,0.076782,-0.024902,0.857666,7.754,73.8,-1
1782769409.270,3396,767212,0,0.00000000,0.00000000,0.00,0,0,1.26,0.022,-0.1470,0.8820,0.9310,1.2909,0.507812,0.076843,-0.024902,0.857666,7.756,76.2,-1
1782769409.457,3397,767432,0,0.00000000,0.00000000,0.00,0,0,1.21,-0.027,0.2450,0.3920,1.8620,1.9185,0.507812,0.076782,-0.024902,0.857666,7.758,75.0,-1
1782769409.705,3398,767656,0,0.00000000,0.00000000,0.00,0,0,1.27,0.001,0.4410,0.4410,2.9400,3.0054,0.507812,0.076660,-0.024902,0.857666,7.759,68.8,-1
1782769409.955,3399,767878,0,0.00000000,0.00000000,0.00,0,0,1.22,-0.033,0.1470,0.7350,1.7640,1.9166,0.507812,0.076721,-0.024902,0.857666,7.758,72.5,-1
1782769410.144,3400,768099,0,0.00000000,0.00000000,0.00,0,0,1.25,-0.020,-0.1960,1.4210,1.1270,1.8242,0.507812,0.076782,-0.024902,0.857666,7.758,72.5,-1
1782769410.392,3401,768319,0,0.00000000,0.00000000,0.00,0,0,1.25,-0.011,0.8820,0.0980,1.6170,1.8445,0.507812,0.076782,-0.024902,0.857666,7.758,73.8,-1
1782769410.580,3402,768532,0,0.00000000,0.00000000,0.00,0,0,1.30,0.047,0.9800,0.2450,1.7150,1.9904,0.507812,0.076843,-0.024902,0.857666,7.759,70.0,-1
1782769410.833,3403,768745,0,0.00000000,0.00000000,0.00,0,0,1.33,0.072,0.1470,0.8820,2.3030,2.4705,0.507812,0.076843,-0.024841,0.857666,7.758,70.0,-1
1782769411.020,3404,768972,0,0.00000000,0.00000000,0.00,0,0,1.33,0.061,1.0780,0.2450,2.4500,2.6879,0.507812,0.076843,-0.024841,0.857666,7.759,75.0,-1
1782769411.270,3405,769194,0,0.00000000,0.00000000,0.00,0,0,1.24,-0.005,0.1470,0.5880,1.5190,1.6355,0.507812,0.076904,-0.024841,0.857666,7.758,72.5,-1
1782769411.519,3406,769434,0,0.00000000,0.00000000,0.00,0,0,1.31,0.062,0.3920,-0.1470,2.1560,2.1963,0.507751,0.076965,-0.024902,0.857727,7.758,73.8,-1
1782769411.706,3407,769652,0,0.00000000,0.00000000,0.00,0,0,1.28,0.064,-0.0980,1.2740,0.3430,1.3230,0.507751,0.076965,-0.024780,0.857666,7.754,75.0,-1
1782769411.954,3408,769871,0,0.00000000,0.00000000,0.00,0,0,1.28,0.054,0.2450,0.1960,0.9310,0.9824,0.507812,0.076904,-0.024841,0.857666,7.755,75.0,-1
1782769412.144,3409,770095,0,0.00000000,0.00000000,0.00,0,0,1.32,0.075,0.5880,0.6370,2.3030,2.4608,0.507751,0.076904,-0.024780,0.857727,7.755,73.8,-1
1782769412.393,3410,770314,0,0.00000000,0.00000000,0.00,0,0,1.33,0.063,0.5880,0.9800,2.5480,2.7926,0.507751,0.076904,-0.024902,0.857727,7.755,73.8,-1
1782769412.580,3411,770533,0,0.00000000,0.00000000,0.00,0,0,1.21,-0.007,-0.0490,0.4900,1.3720,1.4577,0.507751,0.076843,-0.024902,0.857727,7.751,75.0,-1
1782769412.830,3412,770758,0,0.00000000,0.00000000,0.00,0,0,1.24,-0.008,0.1960,0.9310,2.0580,2.2673,0.507751,0.076843,-0.024902,0.857727,7.758,76.2,-1
1782769413.019,3413,770974,0,0.00000000,0.00000000,0.00,0,0,1.23,0.002,0.2940,0.4900,1.7150,1.8077,0.507751,0.076843,-0.024902,0.857727,7.753,81.2,-1
1782769413.267,3414,771199,0,0.00000000,0.00000000,0.00,0,0,1.18,-0.026,0.2450,1.0290,0.2940,1.0979,0.507751,0.076843,-0.024902,0.857727,7.755,77.5,-1
1782769413.520,3415,771447,0,0.00000000,0.00000000,0.00,0,0,1.23,0.010,0.6860,0.8330,2.1070,2.3673,0.507751,0.076843,-0.024902,0.857727,7.759,73.8,-1
1782769413.706,3416,771667,0,0.00000000,0.00000000,0.00,0,0,1.28,0.035,0.2940,0.7350,1.5190,1.7129,0.507751,0.076843,-0.024841,0.857727,7.756,75.0,-1
1782769413.956,3417,771891,0,0.00000000,0.00000000,0.00,0,0,1.24,0.018,0.4900,0.1470,1.7640,1.8367,0.507751,0.076843,-0.024841,0.857727,7.761,70.0,-1
1782769414.142,3418,772109,0,0.00000000,0.00000000,0.00,0,0,1.29,0.037,0.4410,0.7840,1.5680,1.8077,0.507751,0.076843,-0.024841,0.857727,7.755,72.5,-1
1782769414.390,3419,772329,0,0.00000000,0.00000000,0.00,0,0,1.17,-0.034,0.0490,0.6370,2.0090,2.1081,0.507751,0.076782,-0.024902,0.857727,7.754,75.0,-1
1782769414.577,3420,772542,0,0.00000000,0.00000000,0.00,0,0,1.10,-0.065,0.2940,0.5880,1.7640,1.8825,0.507751,0.076721,-0.024963,0.857727,7.755,76.2,-1
1782769414.826,3421,772759,0,0.00000000,0.00000000,0.00,0,0,1.25,0.050,-0.0490,0.4900,1.2740,1.3659,0.507751,0.076782,-0.025024,0.857727,7.754,81.2,-1
1782769415.011,3422,772982,0,0.00000000,0.00000000,0.00,0,0,1.10,-0.061,-0.7350,2.0580,0.6860,2.2905,0.507812,0.076843,-0.024963,0.857666,7.755,76.2,-1
1782769415.259,3423,773201,0,0.00000000,0.00000000,0.00,0,0,1.05,-0.093,0.3920,0.7350,1.8620,2.0398,0.507690,0.076904,-0.024963,0.857727,7.753,76.2,-1
1782769415.508,3424,773442,0,0.00000000,0.00000000,0.00,0,0,1.14,-0.034,0.4410,0.4900,1.5680,1.7009,0.507751,0.076965,-0.025024,0.857727,7.758,76.2,-1
1782769415.696,3425,773661,0,0.00000000,0.00000000,0.00,0,0,1.13,-0.041,0.0980,0.8330,2.1070,2.2678,0.507812,0.076904,-0.024963,0.857666,7.754,80.0,-1
1782769415.946,3426,773885,0,0.00000000,0.00000000,0.00,0,0,1.13,-0.040,0.7350,-0.2450,1.1270,1.3676,0.507812,0.076843,-0.024963,0.857666,7.755,77.5,-1
1782769416.133,3427,774106,0,0.00000000,0.00000000,0.00,0,0,1.10,-0.073,0.1470,0.3920,1.5680,1.6229,0.507812,0.076843,-0.024902,0.857666,7.755,75.0,-1
1782769416.380,3428,774329,0,0.00000000,0.00000000,0.00,0,0,1.20,-0.009,-0.0490,0.3430,1.0290,1.0858,0.507812,0.076843,-0.024902,0.857666,7.755,75.0,-1
1782769416.629,3429,774548,0,0.00000000,0.00000000,0.00,0,0,1.04,-0.089,-0.1960,1.1760,1.1760,1.6746,0.507812,0.076782,-0.024841,0.857666,7.754,75.0,-1
1782769416.814,3430,774772,0,0.00000000,0.00000000,0.00,0,0,1.05,-0.074,0.3430,0.3920,1.1270,1.2415,0.507812,0.076721,-0.024780,0.857666,7.759,75.0,-1
1782769417.064,3431,774998,0,0.00000000,0.00000000,0.00,0,0,1.10,-0.039,0.3430,0.3430,1.4210,1.5015,0.507812,0.076721,-0.024841,0.857666,7.756,75.0,-1
1782769417.252,3432,775218,0,0.00000000,0.00000000,0.00,0,0,1.08,-0.034,0.3430,0.4410,1.4700,1.5726,0.507812,0.076599,-0.024902,0.857666,7.758,75.0,-1
1782769417.502,3433,775432,0,0.00000000,0.00000000,0.00,0,0,1.07,-0.051,0.0490,0.2940,1.6660,1.6925,0.507812,0.076599,-0.024902,0.857666,7.759,72.5,-1
1782769417.689,3434,775659,0,0.00000000,0.00000000,0.00,0,0,1.05,-0.050,0.1960,0.1470,2.0090,2.0239,0.507812,0.076599,-0.024841,0.857666,7.755,76.2,-1
1782769417.939,3435,775877,0,0.00000000,0.00000000,0.00,0,0,1.10,-0.019,0.2940,0.7840,1.3230,1.5657,0.507812,0.076660,-0.024841,0.857666,7.756,76.2,-1
1782769418.129,3436,776098,0,0.00000000,0.00000000,0.00,0,0,1.17,0.025,-0.0980,0.5390,1.7150,1.8004,0.507812,0.076721,-0.024902,0.857666,7.755,73.8,-1
1782769418.379,3437,776319,0,0.00000000,0.00000000,0.00,0,0,1.13,-0.013,0.1960,0.4410,1.8130,1.8761,0.507812,0.076782,-0.024841,0.857666,7.756,75.0,-1
1782769418.569,3438,776536,0,0.00000000,0.00000000,0.00,0,0,1.09,-0.035,0.4410,0.5390,1.6660,1.8057,0.507812,0.076721,-0.024902,0.857666,7.755,76.2,-1
1782769418.817,3439,776760,0,0.00000000,0.00000000,0.00,0,0,1.17,-0.004,0.4410,0.8330,2.0580,2.2636,0.507812,0.076721,-0.024963,0.857666,7.758,73.8,-1
1782769419.065,3440,776981,0,0.00000000,0.00000000,0.00,0,0,1.10,-0.039,0.5390,1.1760,1.8620,2.2673,0.507812,0.076660,-0.024902,0.857666,7.755,72.5,-1
1782769419.253,3441,777200,0,0.00000000,0.00000000,0.00,0,0,1.14,-0.022,0.4900,0.5390,1.7640,1.9085,0.507812,0.076599,-0.024902,0.857666,7.755,73.8,-1
1782769419.504,3442,777442,0,0.00000000,0.00000000,0.00,0,0,1.15,-0.025,0.3430,0.3920,1.4210,1.5135,0.507812,0.076599,-0.024963,0.857666,7.756,76.2,-1
1782769419.691,3443,777662,0,0.00000000,0.00000000,0.00,0,0,1.10,-0.066,-0.2450,1.4700,0.8330,1.7073,0.507812,0.076660,-0.024963,0.857666,7.756,72.5,-1
1782769419.940,3444,777881,0,0.00000000,0.00000000,0.00,0,0,1.24,0.026,0.2450,0.0490,2.2540,2.2678,0.507812,0.076721,-0.024963,0.857666,7.755,75.0,-1
1782769420.190,3445,778102,0,0.00000000,0.00000000,0.00,0,0,1.11,-0.063,0.1470,0.6860,1.6170,1.7626,0.507812,0.076782,-0.024963,0.857666,7.756,71.2,-1
1782769420.392,3446,778324,0,0.00000000,0.00000000,0.00,0,0,1.10,-0.052,0.3920,0.4410,1.7640,1.8601,0.507812,0.076782,-0.024963,0.857666,7.756,71.2,-1
1782769420.579,3447,778538,0,0.00000000,0.00000000,0.00,0,0,1.06,-0.075,0.8330,-0.0980,3.1850,3.2936,0.507812,0.076782,-0.024902,0.857666,7.758,71.2,-1
1782769420.829,3448,778761,0,0.00000000,0.00000000,0.00,0,0,1.21,0.025,-0.1960,0.7840,0.9800,1.2702,0.507812,0.076721,-0.024902,0.857666,7.756,72.5,-1
1782769421.013,3449,778986,0,0.00000000,0.00000000,0.00,0,0,1.20,0.029,-0.0490,1.0290,1.5680,1.8761,0.507812,0.076782,-0.024902,0.857666,7.755,71.2,-1
1782769421.265,3450,779204,0,0.00000000,0.00000000,0.00,0,0,1.17,0.001,0.4410,0.4900,1.0290,1.2221,0.507812,0.076782,-0.024963,0.857666,7.754,73.8,-1
1782769421.513,3451,779452,0,0.00000000,0.00000000,0.00,0,0,1.17,0.011,0.7350,1.0780,0.8820,1.5749,0.507812,0.076782,-0.025024,0.857666,7.758,71.2,-1
1782769421.702,3452,779674,0,0.00000000,0.00000000,0.00,0,0,1.05,-0.071,0.1470,1.4700,1.3230,1.9831,0.507812,0.076782,-0.025024,0.857666,7.756,80.0,-1
1782769421.950,3453,779899,0,0.00000000,0.00000000,0.00,0,0,1.09,-0.045,0.2450,1.0780,2.1560,2.4229,0.507812,0.076782,-0.025024,0.857666,7.753,80.0,-1
1782769422.198,3454,780125,0,0.00000000,0.00000000,0.00,0,0,1.28,0.083,0.1960,0.9310,1.7640,2.0042,0.507812,0.076782,-0.025085,0.857666,7.754,73.8,-1
1782769422.384,3455,780350,0,0.00000000,0.00000000,0.00,0,0,1.16,0.016,0.7350,-0.2940,1.1270,1.3772,0.507812,0.076843,-0.025024,0.857666,7.761,68.8,-1
1782769422.633,3456,780569,0,0.00000000,0.00000000,0.00,0,0,1.18,0.016,0.9310,-0.6860,2.3030,2.5770,0.507874,0.076782,-0.025085,0.857666,7.759,68.8,-1
1782769422.820,3457,780790,0,0.00000000,0.00000000,0.00,0,0,1.20,0.034,0.5880,0.2940,2.1070,2.2072,0.507874,0.076721,-0.025024,0.857605,7.759,71.2,-1
1782769423.072,3458,781009,0,0.00000000,0.00000000,0.00,0,0,1.18,0.012,0.4410,-0.2450,2.5480,2.5975,0.507935,0.076782,-0.024963,0.857605,7.759,70.0,-1
1782769423.259,3459,781232,0,0.00000000,0.00000000,0.00,0,0,1.20,0.009,0.0490,1.2740,1.5680,2.0209,0.507935,0.076843,-0.024963,0.857605,7.758,71.2,-1
1782769423.508,3460,781445,0,0.00000000,0.00000000,0.00,0,0,1.17,-0.026,0.4410,0.2450,1.7640,1.8347,0.507874,0.076904,-0.024963,0.857666,7.755,70.0,-1
1782769423.757,3461,781672,0,0.00000000,0.00000000,0.00,0,0,1.09,-0.072,0.0000,0.2450,1.0780,1.1055,0.507874,0.076904,-0.024902,0.857666,7.758,70.0,-1
1782769423.942,3462,781890,0,0.00000000,0.00000000,0.00,0,0,1.22,0.017,1.1270,0.3920,2.8420,3.0823,0.507874,0.076904,-0.024902,0.857666,7.758,72.5,-1
1782769424.193,3463,782111,0,0.00000000,0.00000000,0.00,0,0,1.25,0.038,0.2450,0.5880,1.7150,1.8295,0.507874,0.076904,-0.024902,0.857666,7.756,70.0,-1
1782769424.380,3464,782335,0,0.00000000,0.00000000,0.00,0,0,1.09,-0.062,0.5390,0.4900,3.4790,3.5544,0.507874,0.076904,-0.024902,0.857666,7.759,71.2,-1
1782769424.628,3465,782551,0,0.00000000,0.00000000,0.00,0,0,1.09,-0.056,-0.1960,0.5880,0.8820,1.0780,0.507874,0.076904,-0.024902,0.857666,7.756,72.5,-1
1782769424.814,3466,782775,0,0.00000000,0.00000000,0.00,0,0,1.15,-0.033,-0.0980,1.2740,0.8820,1.5526,0.507874,0.076904,-0.024902,0.857666,7.756,71.2,-1
1782769425.063,3467,782999,0,0.00000000,0.00000000,0.00,0,0,1.23,0.017,-0.0490,0.4410,1.0290,1.1206,0.507874,0.076843,-0.024841,0.857666,7.759,72.5,-1
1782769425.250,3468,783222,0,0.00000000,0.00000000,0.00,0,0,1.26,0.041,0.1960,0.0000,0.9310,0.9514,0.507874,0.076782,-0.024780,0.857666,7.755,72.5,-1
1782769425.500,3469,783439,0,0.00000000,0.00000000,0.00,0,0,1.12,-0.059,0.2450,0.4900,1.9600,2.0351,0.507874,0.076721,-0.024780,0.857666,7.760,71.2,-1
1782769425.748,3470,783667,0,0.00000000,0.00000000,0.00,0,0,1.27,0.032,0.4410,0.2450,1.1760,1.2796,0.507874,0.076721,-0.024780,0.857666,7.759,71.2,-1
1782769425.934,3471,783890,0,0.00000000,0.00000000,0.00,0,0,1.37,0.106,1.0290,0.7350,1.8620,2.2508,0.507874,0.076721,-0.024841,0.857666,7.758,70.0,-1
1782769426.182,3472,784111,0,0.00000000,0.00000000,0.00,0,0,1.42,0.131,0.6370,2.4010,2.0580,3.2258,0.507874,0.076599,-0.024841,0.857666,7.759,71.2,-1
1782769426.368,3473,784336,0,0.00000000,0.00000000,0.00,0,0,1.25,0.019,0.3920,-0.1470,3.5280,3.5528,0.507874,0.076660,-0.024841,0.857666,7.758,70.0,-1
1782769426.619,3474,784555,0,0.00000000,0.00000000,0.00,0,0,1.29,0.040,0.4410,0.0980,0.9310,1.0348,0.507874,0.076660,-0.024780,0.857666,7.756,77.5,-1
1782769426.808,3475,784780,0,0.00000000,0.00000000,0.00,0,0,1.25,0.008,0.3920,0.2940,2.0090,2.0679,0.507874,0.076721,-0.024841,0.857666,7.759,75.0,-1
1782769427.057,3476,785006,0,0.00000000,0.00000000,0.00,0,0,1.36,0.067,0.4900,0.4900,1.3230,1.4935,0.507874,0.076721,-0.024841,0.857666,7.753,77.5,-1
1782769427.305,3477,785231,0,0.00000000,0.00000000,0.00,0,0,1.27,-0.008,0.4410,0.6860,0.6860,1.0657,0.507874,0.076782,-0.024841,0.857666,7.759,70.0,-1
1782769427.492,3478,785446,0,0.00000000,0.00000000,0.00,0,0,1.35,0.014,0.2940,0.4900,1.5190,1.6229,0.507874,0.076843,-0.024841,0.857666,7.756,72.5,-1
1782769427.743,3479,785672,0,0.00000000,0.00000000,0.00,0,0,1.23,-0.060,0.6370,0.6860,2.3030,2.4860,0.507874,0.076721,-0.024902,0.857666,7.759,71.2,-1
1782769427.944,3480,785896,0,0.00000000,0.00000000,0.00,0,0,1.24,-0.057,0.3430,0.6860,2.1070,2.2423,0.507874,0.076660,-0.024902,0.857666,7.755,83.8,-1
1782769428.195,3481,786123,0,0.00000000,0.00000000,0.00,0,0,1.19,-0.082,0.5880,0.2940,1.1270,1.3047,0.507874,0.076660,-0.024841,0.857666,7.758,72.5,-1
1782769428.383,3482,786349,0,0.00000000,0.00000000,0.00,0,0,1.28,-0.013,0.1470,0.6860,1.0290,1.2454,0.507874,0.076660,-0.024841,0.857666,7.755,81.2,-1
1782769428.634,3483,786562,0,0.00000000,0.00000000,0.00,0,0,1.36,0.031,0.1960,0.8330,0.9800,1.3010,0.507874,0.076721,-0.024841,0.857666,7.755,75.0,-1
1782769428.822,3484,786781,0,0.00000000,0.00000000,0.00,0,0,1.23,-0.034,0.1960,0.9310,1.9110,2.1347,0.507874,0.076782,-0.024841,0.857666,7.756,76.2,-1
1782769429.072,3485,787005,0,0.00000000,0.00000000,0.00,0,0,1.24,-0.031,0.5880,0.3430,1.6170,1.7544,0.507874,0.076782,-0.024841,0.857666,7.755,67.5,-1
1782769429.256,3486,787221,0,0.00000000,0.00000000,0.00,0,0,1.18,-0.071,0.2940,0.3430,1.3230,1.3980,0.507874,0.076782,-0.024841,0.857666,7.756,77.5,-1
1782769429.507,3487,787437,0,0.00000000,0.00000000,0.00,0,0,1.23,-0.023,0.4410,0.4900,1.6660,1.7917,0.507874,0.076721,-0.024841,0.857666,7.754,73.8,-1
1782769429.695,3488,787653,0,0.00000000,0.00000000,0.00,0,0,1.22,-0.013,0.2940,0.7350,1.5190,1.7129,0.507874,0.076721,-0.024780,0.857666,7.754,77.5,-1
1782769429.945,3489,787876,0,0.00000000,0.00000000,0.00,0,0,1.31,0.048,0.3920,0.3920,0.9310,1.0836,0.507874,0.076721,-0.024780,0.857666,7.756,75.0,-1
1782769430.134,3490,788096,0,0.00000000,0.00000000,0.00,0,0,1.24,-0.007,0.5880,0.4900,1.7640,1.9229,0.507874,0.076721,-0.024719,0.857666,7.756,75.0,-1
1782769430.383,3491,788318,0,0.00000000,0.00000000,0.00,0,0,1.08,-0.082,1.0780,0.6370,1.9110,2.2847,0.507874,0.076660,-0.024719,0.857666,7.756,76.2,-1
1782769430.569,3492,788539,0,0.00000000,0.00000000,0.00,0,0,1.07,-0.083,0.1470,0.0490,1.6170,1.6244,0.507874,0.076660,-0.024719,0.857666,7.756,75.0,-1
1782769430.819,3493,788763,0,0.00000000,0.00000000,0.00,0,0,1.14,-0.017,-0.0490,0.1470,1.4700,1.4781,0.507874,0.076599,-0.024719,0.857666,7.755,77.5,-1
1782769431.069,3494,788989,0,0.00000000,0.00000000,0.00,0,0,1.10,-0.041,0.6860,0.3920,1.4210,1.6259,0.507874,0.076660,-0.024719,0.857666,7.755,75.0,-1
1782769431.254,3495,789210,0,0.00000000,0.00000000,0.00,0,0,1.13,-0.027,0.1960,0.6370,1.9110,2.0239,0.507874,0.076660,-0.024719,0.857666,7.755,73.8,-1
1782769431.506,3496,789451,0,0.00000000,0.00000000,0.00,0,0,1.10,-0.067,0.1960,1.2250,0.7350,1.4420,0.507874,0.076660,-0.024719,0.857666,7.761,70.0,-1
1782769431.755,3497,789669,0,0.00000000,0.00000000,0.00,0,0,1.16,-0.028,0.4410,0.5880,1.5680,1.7317,0.507874,0.076660,-0.024719,0.857666,7.753,75.0,-1
1782769431.943,3498,789890,0,0.00000000,0.00000000,0.00,0,0,1.06,-0.070,0.0000,0.1960,2.1560,2.1649,0.507874,0.076660,-0.024719,0.857666,7.756,70.0,-1
1782769432.191,3499,790111,0,0.00000000,0.00000000,0.00,0,0,1.09,-0.033,0.3430,0.9310,1.5680,1.8555,0.507874,0.076599,-0.024719,0.857666,7.759,70.0,-1
1782769432.380,3500,790336,0,0.00000000,0.00000000,0.00,0,0,0.99,-0.108,0.3430,0.3920,0.8330,0.9824,0.507874,0.076599,-0.024719,0.857666,7.759,73.8,-1
1782769432.631,3501,790553,0,0.00000000,0.00000000,0.00,0,0,0.94,-0.137,0.5390,0.6370,2.7930,2.9150,0.507874,0.076599,-0.024719,0.857666,7.760,70.0,-1
1782769432.818,3502,790769,0,0.00000000,0.00000000,0.00,0,0,1.07,-0.047,0.4900,0.6860,2.6460,2.7771,0.507874,0.076599,-0.024719,0.857666,7.758,71.2,-1
1782769433.066,3503,790994,0,0.00000000,0.00000000,0.00,0,0,0.95,-0.127,0.2940,0.6860,1.4700,1.6486,0.507874,0.076599,-0.024780,0.857666,7.756,73.8,-1
1782769433.253,3504,791213,0,0.00000000,0.00000000,0.00,0,0,1.22,0.050,0.1470,0.5880,1.4700,1.5900,0.507874,0.076538,-0.024780,0.857666,7.758,70.0,-1
1782769433.505,3505,791455,0,0.00000000,0.00000000,0.00,0,0,1.11,-0.048,0.7350,-0.0490,1.6660,1.8216,0.507874,0.076538,-0.024902,0.857666,7.756,72.5,-1
1782769433.754,3506,791678,0,0.00000000,0.00000000,0.00,0,0,1.09,-0.054,0.1960,0.8330,1.3230,1.5756,0.507874,0.076477,-0.024902,0.857666,7.758,73.8,-1
1782769433.944,3507,791904,0,0.00000000,0.00000000,0.00,0,0,1.05,-0.071,0.1960,0.5880,1.2740,1.4168,0.507874,0.076599,-0.024963,0.857666,7.749,83.8,-1
1782769434.196,3508,792127,0,0.00000000,0.00000000,0.00,0,0,1.14,-0.015,-0.8820,1.8620,0.9800,2.2815,0.507874,0.076660,-0.024902,0.857666,7.758,75.0,-1
1782769434.382,3509,792349,0,0.00000000,0.00000000,0.00,0,0,1.04,-0.073,0.3430,0.5880,1.6660,1.7997,0.507874,0.076721,-0.024902,0.857666,7.756,75.0,-1
1782769434.630,3510,792568,0,0.00000000,0.00000000,0.00,0,0,1.04,-0.064,-0.0980,0.5880,2.0580,2.1426,0.507874,0.076721,-0.024963,0.857666,7.758,75.0,-1
1782769434.819,3511,792784,0,0.00000000,0.00000000,0.00,0,0,1.17,0.028,0.0980,0.9800,2.0580,2.2815,0.507874,0.076599,-0.024963,0.857666,7.755,75.0,-1
1782769435.072,3512,793008,0,0.00000000,0.00000000,0.00,0,0,1.11,0.003,0.2450,0.3430,0.5390,0.6842,0.507874,0.076599,-0.024902,0.857666,7.753,76.2,-1
1782769435.260,3513,793227,0,0.00000000,0.00000000,0.00,0,0,1.04,-0.045,0.1470,0.7350,1.3720,1.5634,0.507874,0.076599,-0.024841,0.857666,7.753,76.2,-1
1782769435.509,3514,793441,0,0.00000000,0.00000000,0.00,0,0,1.09,-0.016,0.0490,0.2450,1.1270,1.1544,0.507874,0.076660,-0.024841,0.857666,7.756,73.8,-1
1782769435.696,3515,793658,0,0.00000000,0.00000000,0.00,0,0,0.98,-0.074,0.1960,0.4900,1.8130,1.8882,0.507874,0.076721,-0.024841,0.857666,7.754,78.8,-1
1782769435.945,3516,793877,0,0.00000000,0.00000000,0.00,0,0,1.09,0.002,0.3430,0.4410,1.3230,1.4361,0.507874,0.076660,-0.024780,0.857666,7.755,73.8,-1
1782769436.132,3517,794101,0,0.00000000,0.00000000,0.00,0,0,1.13,0.014,0.3920,0.0980,1.7150,1.7620,0.507874,0.076660,-0.024780,0.857666,7.755,72.5,-1
1782769436.381,3518,794319,0,0.00000000,0.00000000,0.00,0,0,1.13,0.012,0.0980,0.3920,1.3720,1.4303,0.507874,0.076660,-0.024719,0.857666,7.753,77.5,-1
1782769436.569,3519,794534,0,0.00000000,0.00000000,0.00,0,0,1.15,0.019,-0.7350,0.3920,1.2740,1.5222,0.507874,0.076660,-0.024719,0.857666,7.753,75.0,-1
1782769436.820,3520,794760,0,0.00000000,0.00000000,0.00,0,0,1.04,-0.045,-0.4410,0.9800,1.1270,1.5572,0.507874,0.076599,-0.024719,0.857666,7.756,76.2,-1
1782769437.007,3521,794981,0,0.00000000,0.00000000,0.00,0,0,1.03,-0.024,0.2450,0.8820,2.2050,2.3875,0.507874,0.076599,-0.024719,0.857666,7.753,75.0,-1
1782769437.257,3522,795204,0,0.00000000,0.00000000,0.00,0,0,1.05,-0.022,0.1470,0.6370,1.9600,2.0662,0.507874,0.076599,-0.024658,0.857666,7.755,76.2,-1
1782769437.507,3523,795445,0,0.00000000,0.00000000,0.00,0,0,1.11,0.003,0.1470,0.7840,2.2540,2.3910,0.507874,0.076599,-0.024658,0.857666,7.756,71.2,-1
1782769437.694,3524,795663,0,0.00000000,0.00000000,0.00,0,0,1.12,0.003,0.4410,0.3920,1.8130,1.9066,0.507874,0.076660,-0.024780,0.857666,7.755,75.0,-1
1782769437.950,3525,795883,0,0.00000000,0.00000000,0.00,0,0,1.10,-0.015,0.1960,0.6860,1.8620,1.9940,0.507874,0.076599,-0.024780,0.857666,7.754,76.2,-1
1782769438.136,3526,796104,0,0.00000000,0.00000000,0.00,0,0,1.04,-0.020,0.0980,0.2450,1.8620,1.8806,0.507874,0.076599,-0.024780,0.857666,7.755,77.5,-1
1782769438.385,3527,796324,0,0.00000000,0.00000000,0.00,0,0,1.04,-0.010,0.7840,0.2450,1.2740,1.5158,0.507874,0.076660,-0.024780,0.857666,7.753,76.2,-1
1782769438.570,3528,796538,0,0.00000000,0.00000000,0.00,0,0,1.00,-0.033,0.7840,1.1270,1.7640,2.2353,0.507874,0.076660,-0.024902,0.857666,7.754,77.5,-1
1782769438.818,3529,796763,0,0.00000000,0.00000000,0.00,0,0,1.02,-0.018,0.4410,0.8330,1.0780,1.4319,0.507874,0.076660,-0.024841,0.857666,7.754,76.2,-1
1782769439.070,3530,796988,0,0.00000000,0.00000000,0.00,0,0,1.07,0.032,0.1960,0.6860,1.5680,1.7227,0.507874,0.076599,-0.024780,0.857666,7.754,72.5,-1
1782769439.258,3531,797208,0,0.00000000,0.00000000,0.00,0,0,1.06,0.005,0.2940,0.6370,1.3230,1.4975,0.507874,0.076660,-0.024780,0.857666,7.753,75.0,-1
1782769439.506,3532,797450,0,0.00000000,0.00000000,0.00,0,0,1.02,-0.017,0.2450,0.2940,0.9310,1.0066,0.507874,0.076660,-0.024780,0.857666,7.759,73.8,-1
1782769439.755,3533,797677,0,0.00000000,0.00000000,0.00,0,0,1.08,-0.000,0.4410,0.3920,1.4210,1.5386,0.507874,0.076599,-0.024841,0.857666,7.751,80.0,-1
1782769439.942,3534,797898,0,0.00000000,0.00000000,0.00,0,0,1.03,-0.036,-0.6370,0.5880,0.6370,1.0758,0.507874,0.076538,-0.024902,0.857666,7.750,81.2,-1
1782769440.196,3535,798122,0,0.00000000,0.00000000,0.00,0,0,1.08,-0.001,-0.0490,0.8330,1.4210,1.6479,0.507874,0.076538,-0.024902,0.857666,7.756,77.5,-1
1782769440.384,3536,798351,0,0.00000000,0.00000000,0.00,0,0,1.18,0.051,0.2450,0.9800,1.6660,1.9483,0.507874,0.076538,-0.024841,0.857666,7.760,72.5,-1
1782769440.635,3537,798569,0,0.00000000,0.00000000,0.00,0,0,1.10,-0.012,0.0490,0.6860,1.1270,1.3203,0.507874,0.076477,-0.024841,0.857666,7.755,76.2,-1
1782769440.824,3538,798796,0,0.00000000,0.00000000,0.00,0,0,1.18,0.048,0.1470,0.9310,1.6660,1.9141,0.507874,0.076599,-0.024841,0.857666,7.758,73.8,-1
1782769441.075,3539,799022,0,0.00000000,0.00000000,0.00,0,0,1.12,-0.004,0.2940,0.6370,1.6660,1.8077,0.507874,0.076660,-0.024841,0.857666,7.758,76.2,-1
1782769441.325,3540,799246,0,0.00000000,0.00000000,0.00,0,0,1.09,-0.020,-0.3430,1.5680,0.5880,1.7094,0.507874,0.076721,-0.024841,0.857666,7.758,73.8,-1
1782769441.512,3541,799464,0,0.00000000,0.00000000,0.00,0,0,1.27,0.091,0.8330,0.4410,3.3320,3.4627,0.507874,0.076782,-0.024841,0.857666,7.755,73.8,-1
1782769441.762,3542,799681,0,0.00000000,0.00000000,0.00,0,0,1.19,0.021,0.2940,0.6370,1.7150,1.8530,0.507874,0.076782,-0.024841,0.857666,7.756,77.5,-1
1782769441.952,3543,799906,0,0.00000000,0.00000000,0.00,0,0,1.17,0.007,0.0490,0.4900,1.4700,1.5503,0.507874,0.076782,-0.024902,0.857666,7.758,76.2,-1
1782769442.202,3544,800132,0,0.00000000,0.00000000,0.00,0,0,1.20,0.013,0.3430,0.5390,1.9110,2.0150,0.507874,0.076782,-0.024902,0.857666,7.755,73.8,-1
1782769442.387,3545,800356,0,0.00000000,0.00000000,0.00,0,0,1.14,-0.005,1.9600,0.0490,3.6750,4.1653,0.507874,0.076782,-0.024841,0.857666,7.760,71.2,-1
1782769442.650,3546,800570,0,0.00000000,0.00000000,0.00,0,0,1.15,-0.003,0.3430,0.9800,1.2250,1.6058,0.507874,0.076782,-0.024841,0.857666,7.756,73.8,-1
1782769442.840,3547,800797,0,0.00000000,0.00000000,0.00,0,0,1.22,0.033,-0.0490,0.9800,0.2450,1.0113,0.507874,0.076660,-0.024841,0.857666,7.761,67.5,-1
1782769443.090,3548,801015,0,0.00000000,0.00000000,0.00,0,0,1.14,-0.005,0.5390,0.3430,2.0090,2.1081,0.507874,0.076599,-0.024841,0.857666,7.758,72.5,-1
1782769443.292,3549,801238,0,0.00000000,0.00000000,0.00,0,0,1.23,0.057,0.3430,0.0490,2.1070,2.1353,0.507874,0.076660,-0.024780,0.857666,7.760,70.0,-1
1782769443.479,3550,801450,0,0.00000000,0.00000000,0.00,0,0,1.13,0.007,0.3920,0.3430,1.0290,1.1533,0.507874,0.076660,-0.024780,0.857666,7.755,72.5,-1
1782769443.724,3551,801675,0,0.00000000,0.00000000,0.00,0,0,1.24,0.079,0.4410,0.0980,1.6170,1.6789,0.507874,0.076599,-0.024841,0.857666,7.758,75.0,-1
1782769443.975,3552,801898,0,0.00000000,0.00000000,0.00,0,0,1.18,0.026,-1.2740,2.2050,-0.2450,2.5583,0.507874,0.076599,-0.024780,0.857666,7.753,76.2,-1
1782769444.161,3553,802118,0,0.00000000,0.00000000,0.00,0,0,1.12,-0.036,0.3430,0.0490,1.9600,1.9904,0.507874,0.076660,-0.024780,0.857666,7.759,72.5,-1
1782769444.410,3554,802336,0,0.00000000,0.00000000,0.00,0,0,1.10,-0.052,0.6860,0.6860,1.7150,1.9704,0.507874,0.076721,-0.024841,0.857666,7.758,72.5,-1
1782769444.598,3555,802549,0,0.00000000,0.00000000,0.00,0,0,1.11,-0.041,0.4900,0.9800,2.6460,2.8639,0.507874,0.076721,-0.024902,0.857666,7.755,73.8,-1
1782769444.847,3556,802775,0,0.00000000,0.00000000,0.00,0,0,1.10,-0.036,0.3920,0.7840,1.9600,2.1471,0.507874,0.076782,-0.024902,0.857666,7.758,75.0,-1
1782769445.033,3557,803001,0,0.00000000,0.00000000,0.00,0,0,1.04,-0.085,0.1470,0.3430,1.6660,1.7073,0.507874,0.076660,-0.024902,0.857666,7.760,72.5,-1
1782769445.284,3558,803219,0,0.00000000,0.00000000,0.00,0,0,1.11,-0.021,0.6370,0.8330,1.8130,2.0944,0.507812,0.076660,-0.024902,0.857666,7.758,75.0,-1
1782769445.472,3559,803436,0,0.00000000,0.00000000,0.00,0,0,1.05,-0.040,0.5880,0.4410,1.6660,1.8209,0.507812,0.076721,-0.024841,0.857727,7.756,72.5,-1
1782769445.721,3560,803661,0,0.00000000,0.00000000,0.00,0,0,1.01,-0.087,0.2450,0.9310,1.2250,1.5580,0.507751,0.076721,-0.024780,0.857727,7.758,73.8,-1
1782769445.907,3561,803879,0,0.00000000,0.00000000,0.00,0,0,1.20,0.036,0.0000,1.3230,-0.0490,1.3239,0.507751,0.076599,-0.024902,0.857727,7.755,73.8,-1
1782769446.156,3562,804103,0,0.00000000,0.00000000,0.00,0,0,1.17,0.014,0.9800,0.2450,2.7440,2.9240,0.507690,0.076599,-0.024963,0.857727,7.759,68.8,-1
1782769446.403,3563,804326,0,0.00000000,0.00000000,0.00,0,0,1.03,-0.082,0.0980,0.8330,2.3520,2.4971,0.507812,0.076538,-0.025024,0.857666,7.761,67.5,-1
1782769446.590,3564,804541,0,0.00000000,0.00000000,0.00,0,0,1.19,0.029,-0.2450,0.7350,0.4900,0.9167,0.507812,0.076477,-0.025024,0.857727,7.758,73.8,-1
1782769446.837,3565,804766,0,0.00000000,0.00000000,0.00,0,0,1.28,0.079,-0.1960,1.0780,0.4900,1.2002,0.507812,0.076477,-0.024963,0.857727,7.760,68.8,-1
1782769447.023,3566,804983,0,0.00000000,0.00000000,0.00,0,0,1.27,0.074,0.8330,0.4410,2.3030,2.4884,0.507812,0.076538,-0.024902,0.857727,7.758,72.5,-1
1782769447.275,3567,805207,0,0.00000000,0.00000000,0.00,0,0,1.18,0.008,0.1960,0.3430,1.4700,1.5222,0.507812,0.076538,-0.024841,0.857666,7.761,71.2,-1
1782769447.521,3568,805447,0,0.00000000,0.00000000,0.00,0,0,1.17,0.014,0.4410,0.3430,2.2540,2.3222,0.507812,0.076538,-0.024841,0.857666,7.758,71.2,-1
1782769447.724,3569,805665,0,0.00000000,0.00000000,0.00,0,0,1.27,0.053,0.4900,0.5880,1.4210,1.6140,0.507812,0.076599,-0.024780,0.857666,7.758,71.2,-1
1782769447.974,3570,805886,0,0.00000000,0.00000000,0.00,0,0,1.15,-0.035,0.1470,0.2940,1.3230,1.3632,0.507812,0.076599,-0.024719,0.857666,7.758,71.2,-1
1782769448.177,3571,806107,0,0.00000000,0.00000000,0.00,0,0,1.15,-0.034,1.1270,0.2450,1.3720,1.7924,0.507874,0.076538,-0.024719,0.857666,7.758,72.5,-1
1782769448.363,3572,806328,0,0.00000000,0.00000000,0.00,0,0,1.23,0.015,0.5390,-0.1470,1.9600,2.0381,0.507812,0.076599,-0.024780,0.857727,7.756,73.8,-1
1782769448.610,3573,806543,0,0.00000000,0.00000000,0.00,0,0,1.12,-0.054,-0.2940,0.3430,1.8620,1.9160,0.507812,0.076599,-0.024780,0.857666,7.760,71.2,-1
1782769448.799,3574,806768,0,0.00000000,0.00000000,0.00,0,0,1.23,0.003,0.1960,0.1470,0.9800,1.0102,0.507874,0.076599,-0.024841,0.857666,7.753,73.8,-1
1782769449.062,3575,806989,0,0.00000000,0.00000000,0.00,0,0,1.22,0.011,0.1470,1.4700,1.4700,2.0841,0.507874,0.076660,-0.024780,0.857666,7.754,75.0,-1
1782769449.249,3576,807210,0,0.00000000,0.00000000,0.00,0,0,1.37,0.113,0.9800,0.4410,2.5970,2.8106,0.507812,0.076721,-0.024719,0.857666,7.759,73.8,-1
1782769449.501,3577,807455,0,0.00000000,0.00000000,0.00,0,0,1.29,0.050,0.8330,1.5190,2.3520,2.9212,0.507812,0.076721,-0.024658,0.857666,7.759,71.2,-1
1782769449.750,3578,807681,0,0.00000000,0.00000000,0.00,0,0,1.17,-0.016,0.8330,0.7840,1.4700,1.8626,0.507812,0.076660,-0.024658,0.857666,7.753,72.5,-1
1782769449.952,3579,807903,0,0.00000000,0.00000000,0.00,0,0,1.26,0.049,0.1960,0.6370,1.5190,1.6588,0.507812,0.076660,-0.024658,0.857666,7.753,76.2,-1
1782769450.200,3580,808125,0,0.00000000,0.00000000,0.00,0,0,1.21,0.040,0.4900,0.1470,2.1070,2.1682,0.507812,0.076660,-0.024658,0.857666,7.756,71.2,-1
1782769450.385,3581,808346,0,0.00000000,0.00000000,0.00,0,0,1.24,0.059,-0.7350,0.9800,0.7840,1.4544,0.507812,0.076538,-0.024780,0.857666,7.758,72.5,-1
1782769450.636,3582,808564,0,0.00000000,0.00000000,0.00,0,0,1.16,0.004,0.1470,0.1960,1.4210,1.4420,0.507812,0.076538,-0.024780,0.857666,7.755,71.2,-1
1782769450.824,3583,808787,0,0.00000000,0.00000000,0.00,0,0,1.26,0.052,0.5880,0.7840,1.1270,1.4935,0.507812,0.076538,-0.024719,0.857666,7.758,75.0,-1
1782769451.072,3584,809013,0,0.00000000,0.00000000,0.00,0,0,1.23,0.009,0.5390,0.4410,1.6170,1.7606,0.507812,0.076538,-0.024719,0.857666,7.756,77.5,-1
1782769451.321,3585,809233,0,0.00000000,0.00000000,0.00,0,0,1.15,-0.048,0.7350,0.5880,2.0090,2.2186,0.507812,0.076538,-0.024719,0.857666,7.756,77.5,-1
1782769451.509,3586,809450,0,0.00000000,0.00000000,0.00,0,0,1.16,-0.047,0.3430,0.6860,1.6170,1.7897,0.507812,0.076538,-0.024658,0.857666,7.755,75.0,-1
1782769451.760,3587,809677,0,0.00000000,0.00000000,0.00,0,0,1.15,-0.022,0.0490,0.7350,1.3230,1.5143,0.507812,0.076599,-0.024780,0.857666,7.758,73.8,-1
1782769451.947,3588,809895,0,0.00000000,0.00000000,0.00,0,0,1.25,0.047,0.2940,0.8820,1.3720,1.6573,0.507812,0.076660,-0.024780,0.857666,7.751,83.8,-1
1782769452.195,3589,810117,0,0.00000000,0.00000000,0.00,0,0,1.25,0.040,-0.1960,0.7840,1.5190,1.7206,0.507812,0.076599,-0.024780,0.857666,7.756,76.2,-1
1782769452.381,3590,810337,0,0.00000000,0.00000000,0.00,0,0,1.31,0.075,0.1960,0.8330,1.2250,1.4943,0.507812,0.076599,-0.024719,0.857666,7.755,75.0,-1
1782769452.630,3591,810551,0,0.00000000,0.00000000,0.00,0,0,1.29,0.046,0.3430,0.5880,1.4700,1.6200,0.507812,0.076599,-0.024719,0.857666,7.754,77.5,-1
1782769452.817,3592,810775,0,0.00000000,0.00000000,0.00,0,0,1.17,-0.025,0.0980,0.5390,0.9800,1.1227,0.507812,0.076599,-0.024719,0.857666,7.754,76.2,-1
1782769453.064,3593,811000,0,0.00000000,0.00000000,0.00,0,0,1.09,-0.086,0.3430,0.4410,1.6170,1.7108,0.507812,0.076599,-0.024719,0.857666,7.755,71.2,-1
1782769453.251,3594,811220,0,0.00000000,0.00000000,0.00,0,0,1.19,-0.013,0.5390,0.5390,1.2740,1.4846,0.507812,0.076538,-0.024719,0.857666,7.756,73.8,-1
1782769453.514,3595,811431,0,0.00000000,0.00000000,0.00,0,0,1.16,-0.040,0.2940,0.6370,1.9110,2.0357,0.507812,0.076477,-0.024780,0.857666,7.754,76.2,-1
1782769453.719,3596,811652,0,0.00000000,0.00000000,0.00,0,0,1.22,0.000,0.3430,0.8330,0.9800,1.3311,0.507812,0.076477,-0.024780,0.857666,7.756,73.8,-1
1782769453.906,3597,811853,0,0.00000000,0.00000000,0.00,0,0,1.16,-0.034,0.9310,1.1760,3.3320,3.6540,0.507812,0.076538,-0.024780,0.857666,7.755,75.0,-1
1782769454.154,3598,812075,0,0.00000000,0.00000000,0.00,0,0,1.18,-0.029,0.2450,0.0490,1.6660,1.6846,0.507812,0.076538,-0.024719,0.857666,7.754,75.0,-1
1782769454.341,3599,812296,0,0.00000000,0.00000000,0.00,0,0,1.20,-0.011,0.1960,0.4410,1.7150,1.7816,0.507812,0.076538,-0.024719,0.857666,7.755,75.0,-1
1782769454.544,3600,812515,0,0.00000000,0.00000000,0.00,0,0,1.24,0.019,0.3430,1.1270,1.1270,1.6303,0.507812,0.076477,-0.024658,0.857666,7.754,76.2,-1
1782769454.796,3601,812734,0,0.00000000,0.00000000,0.00,0,0,1.24,0.029,1.4210,0.2940,2.9400,3.2786,0.507812,0.076538,-0.024658,0.857666,7.759,75.0,-1
1782769455.046,3602,812957,0,0.00000000,0.00000000,0.00,0,0,1.20,0.017,0.0000,0.8820,1.3230,1.5900,0.507812,0.076599,-0.024719,0.857666,7.755,76.2,-1
1782769455.234,3603,813184,0,0.00000000,0.00000000,0.00,0,0,1.29,0.067,0.5390,0.4410,2.3520,2.4529,0.507812,0.076721,-0.024780,0.857666,7.754,76.2,-1
1782769455.484,3604,813404,0,0.00000000,0.00000000,0.00,0,0,1.21,-0.005,0.3430,0.4900,1.7640,1.8626,0.507812,0.076721,-0.024780,0.857666,7.751,78.8,-1
1782769455.686,3605,813623,0,0.00000000,0.00000000,0.00,0,0,1.21,0.002,0.3920,0.4410,1.9110,2.0000,0.507812,0.076599,-0.024780,0.857666,7.758,76.2,-1
1782769455.935,3606,813847,0,0.00000000,0.00000000,0.00,0,0,1.25,0.021,0.5880,-0.1960,2.2050,2.2905,0.507812,0.076538,-0.024841,0.857666,7.756,73.8,-1
1782769456.122,3607,814066,0,0.00000000,0.00000000,0.00,0,0,1.18,-0.015,0.2450,0.2450,1.6660,1.7016,0.507812,0.076538,-0.024841,0.857666,7.755,77.5,-1
1782769456.371,3608,814286,0,0.00000000,0.00000000,0.00,0,0,1.19,-0.014,0.4900,0.5880,1.6660,1.8334,0.507812,0.076538,-0.024780,0.857666,7.755,77.5,-1
1782769456.559,3609,814502,0,0.00000000,0.00000000,0.00,0,0,1.15,-0.043,0.2940,0.5880,1.6170,1.7455,0.507812,0.076538,-0.024780,0.857666,7.754,72.5,-1
1782769456.809,3610,814725,0,0.00000000,0.00000000,0.00,0,0,1.18,-0.019,0.3430,0.6860,1.7150,1.8787,0.507812,0.076477,-0.024780,0.857666,7.756,75.0,-1
1782769456.996,3611,814949,0,0.00000000,0.00000000,0.00,0,0,1.25,0.023,0.1960,0.8820,1.3230,1.6021,0.507812,0.076538,-0.024780,0.857666,7.756,73.8,-1
1782769457.243,3612,815169,0,0.00000000,0.00000000,0.00,0,0,1.21,0.001,0.5880,0.2940,1.1760,1.3473,0.507812,0.076538,-0.024719,0.857666,7.756,78.8,-1
1782769457.430,3613,815393,0,0.00000000,0.00000000,0.00,0,0,1.29,0.046,0.3430,0.3920,1.0290,1.1533,0.507812,0.076538,-0.024719,0.857666,7.759,67.5,-1
1782769457.680,3614,815611,0,0.00000000,0.00000000,0.00,0,0,1.24,0.032,0.3920,0.9310,1.7150,1.9904,0.507812,0.076538,-0.024719,0.857666,7.760,70.0,-1
1782769457.865,3615,815836,0,0.00000000,0.00000000,0.00,0,0,1.28,0.044,0.2940,0.4410,0.9310,1.0713,0.507812,0.076538,-0.024719,0.857666,7.756,77.5,-1
1782769458.114,3616,816063,0,0.00000000,0.00000000,0.00,0,0,1.14,-0.044,0.8330,0.6860,0.6860,1.2787,0.507812,0.076538,-0.024658,0.857666,7.760,77.5,-1
1782769458.364,3617,816287,0,0.00000000,0.00000000,0.00,0,0,1.23,0.006,-0.0490,0.7350,1.5190,1.6882,0.507812,0.076538,-0.024658,0.857666,7.756,77.5,-1
1782769458.550,3618,816505,0,0.00000000,0.00000000,0.00,0,0,1.25,0.017,0.4900,-0.1960,1.9600,2.0298,0.507812,0.076599,-0.024658,0.857666,7.756,75.0,-1
1782769458.800,3619,816731,0,0.00000000,0.00000000,0.00,0,0,1.34,0.068,0.1470,0.6370,1.2250,1.3885,0.507812,0.076538,-0.024719,0.857666,7.756,75.0,-1
1782769458.986,3620,816952,0,0.00000000,0.00000000,0.00,0,0,1.30,0.030,1.2250,0.6370,2.9890,3.2925,0.507812,0.076538,-0.024780,0.857666,7.756,73.8,-1
1782769459.236,3621,817175,0,0.00000000,0.00000000,0.00,0,0,1.33,0.041,0.1960,0.5880,1.4700,1.5953,0.507812,0.076538,-0.024719,0.857666,7.756,72.5,-1
1782769459.484,3622,817398,0,0.00000000,0.00000000,0.00,0,0,1.31,0.011,0.0980,0.4410,1.4700,1.5379,0.507812,0.076538,-0.024719,0.857666,7.759,75.0,-1
1782769459.672,3623,817616,0,0.00000000,0.00000000,0.00,0,0,1.33,0.020,0.1470,0.8820,1.3720,1.6377,0.507812,0.076538,-0.024719,0.857666,7.759,72.5,-1
1782769459.921,3624,817834,0,0.00000000,0.00000000,0.00,0,0,1.34,0.034,0.1960,0.1960,1.0290,1.0657,0.507812,0.076538,-0.024719,0.857666,7.756,75.0,-1
1782769460.108,3625,818055,0,0.00000000,0.00000000,0.00,0,0,1.23,-0.038,0.0980,1.0290,1.9110,2.1726,0.507812,0.076599,-0.024719,0.857666,7.755,75.0,-1
1782769460.358,3626,818277,0,0.00000000,0.00000000,0.00,0,0,1.13,-0.093,0.0490,0.6370,1.8130,1.9223,0.507812,0.076660,-0.024719,0.857666,7.756,75.0,-1
1782769460.545,3627,818495,0,0.00000000,0.00000000,0.00,0,0,1.21,-0.051,-0.0980,0.9800,1.5680,1.8517,0.507812,0.076721,-0.024780,0.857666,7.756,75.0,-1
1782769460.794,3628,818716,0,0.00000000,0.00000000,0.00,0,0,1.29,0.023,0.5880,0.0980,1.7640,1.8620,0.507812,0.076660,-0.024719,0.857666,7.756,73.8,-1
1782769460.981,3629,818938,0,0.00000000,0.00000000,0.00,0,0,1.24,-0.019,0.6860,0.3920,1.9600,2.1133,0.507812,0.076660,-0.024719,0.857666,7.758,76.2,-1
1782769461.230,3630,819155,0,0.00000000,0.00000000,0.00,0,0,1.29,0.023,0.2450,0.4900,1.7640,1.8471,0.507812,0.076660,-0.024719,0.857666,7.755,76.2,-1
1782769461.419,3631,819378,0,0.00000000,0.00000000,0.00,0,0,1.43,0.104,0.4410,0.9310,1.2740,1.6384,0.507812,0.076660,-0.024719,0.857666,7.756,67.5,-1
1782769461.670,3632,819596,0,0.00000000,0.00000000,0.00,0,0,1.28,-0.011,-0.1960,0.7350,0.8330,1.1281,0.507812,0.076599,-0.024719,0.857666,7.755,75.0,-1
1782769461.859,3633,819818,0,0.00000000,0.00000000,0.00,0,0,1.22,-0.027,0.6370,0.8820,1.0290,1.4975,0.507812,0.076599,-0.024658,0.857666,7.755,76.2,-1
1782769462.108,3634,820039,0,0.00000000,0.00000000,0.00,0,0,1.23,-0.024,0.4410,1.6170,0.8820,1.8940,0.507812,0.076599,-0.024658,0.857666,7.756,71.2,-1
1782769462.297,3635,820261,0,0.00000000,0.00000000,0.00,0,0,1.24,-0.031,0.0980,0.9800,1.3720,1.6889,0.507812,0.076599,-0.024780,0.857666,7.761,68.8,-1
1782769462.546,3636,820479,0,0.00000000,0.00000000,0.00,0,0,1.16,-0.085,0.0490,0.6860,1.5190,1.6674,0.507812,0.076660,-0.024780,0.857666,7.755,72.5,-1
1782769462.731,3637,820703,0,0.00000000,0.00000000,0.00,0,0,1.37,0.055,0.5390,0.5390,2.2540,2.3794,0.507812,0.076660,-0.024902,0.857666,7.760,75.0,-1
1782769462.981,3638,820926,0,0.00000000,0.00000000,0.00,0,0,1.12,-0.110,-0.0980,0.8330,1.6660,1.8652,0.507812,0.076660,-0.024841,0.857666,7.758,71.2,-1
1782769463.233,3639,821153,0,0.00000000,0.00000000,0.00,0,0,1.29,-0.007,0.4900,0.5880,1.5680,1.7448,0.507812,0.076599,-0.024841,0.857666,7.756,71.2,-1
1782769463.436,3640,821371,0,0.00000000,0.00000000,0.00,0,0,1.23,-0.047,-0.6860,1.9110,-0.6370,2.1280,0.507812,0.076538,-0.024902,0.857666,7.758,72.5,-1
1782769463.622,3641,821585,0,0.00000000,0.00000000,0.00,0,0,1.27,-0.018,0.2940,1.1760,0.7350,1.4176,0.507812,0.076477,-0.024841,0.857666,7.761,76.2,-1
1782769463.877,3642,821806,0,0.00000000,0.00000000,0.00,0,0,1.32,0.007,0.5390,0.0980,2.0580,2.1297,0.507812,0.076538,-0.024841,0.857666,7.761,68.8,-1
1782769464.063,3643,822028,0,0.00000000,0.00000000,0.00,0,0,1.13,-0.115,0.1960,0.7350,1.3230,1.5261,0.507812,0.076538,-0.024780,0.857666,7.760,70.0,-1
1782769464.315,3644,822254,0,0.00000000,0.00000000,0.00,0,0,1.16,-0.093,0.7840,0.9800,1.8130,2.2050,0.507812,0.076538,-0.024841,0.857666,7.755,71.2,-1
1782769464.500,3645,822466,0,0.00000000,0.00000000,0.00,0,0,1.22,-0.029,0.3430,1.0780,0.7350,1.3491,0.507812,0.076538,-0.024780,0.857666,7.760,66.2,-1
1782769464.748,3646,822690,0,0.00000000,0.00000000,0.00,0,0,1.29,-0.005,0.7350,1.5680,1.5680,2.3361,0.507812,0.076477,-0.024841,0.857666,7.760,67.5,-1
1782769464.997,3647,822908,0,0.00000000,0.00000000,0.00,0,0,1.38,0.074,0.1470,0.2940,1.1760,1.2211,0.507812,0.076477,-0.024902,0.857666,7.761,68.8,-1
1782769465.186,3648,823125,0,0.00000000,0.00000000,0.00,0,0,1.17,-0.091,-0.3920,0.7350,0.7840,1.1439,0.507874,0.076538,-0.024902,0.857666,7.760,71.2,-1
1782769465.435,3649,823349,0,0.00000000,0.00000000,0.00,0,0,1.09,-0.140,0.2450,0.2940,1.3720,1.4244,0.507751,0.076538,-0.024963,0.857727,7.761,70.0,-1
1782769465.622,3650,823569,0,0.00000000,0.00000000,0.00,0,0,1.16,-0.093,0.3920,0.8820,0.9800,1.3755,0.507629,0.076538,-0.025024,0.857788,7.760,72.5,-1
1782769465.870,3651,823787,0,0.00000000,0.00000000,0.00,0,0,1.08,-0.148,1.1760,-0.0980,2.1070,2.4150,0.507629,0.076477,-0.025085,0.857788,7.760,70.0,-1
1782769466.057,3652,824010,0,0.00000000,0.00000000,0.00,0,0,1.11,-0.110,0.5880,1.0780,1.8620,2.2304,0.507629,0.076538,-0.024902,0.857788,7.761,66.2,-1
1782769466.306,3653,824231,0,0.00000000,0.00000000,0.00,0,0,1.21,-0.043,0.1960,0.8820,1.5190,1.7674,0.507690,0.076416,-0.024902,0.857788,7.761,67.5,-1
1782769466.494,3654,824451,0,0.00000000,0.00000000,0.00,0,0,1.33,0.026,0.1960,0.5880,0.7840,0.9994,0.507690,0.076477,-0.024841,0.857788,7.759,70.0,-1
1782769466.745,3655,824672,0,0.00000000,0.00000000,0.00,0,0,1.29,0.008,0.0000,0.4900,1.2250,1.3194,0.507690,0.076477,-0.024780,0.857788,7.758,75.0,-1
1782769466.932,3656,824893,0,0.00000000,0.00000000,0.00,0,0,1.22,-0.025,0.8330,0.6370,1.8620,2.1370,0.507690,0.076538,-0.024719,0.857788,7.755,73.8,-1
1782769467.180,3657,825114,0,0.00000000,0.00000000,0.00,0,0,1.18,-0.063,0.2940,0.3920,1.4700,1.5495,0.507690,0.076538,-0.024719,0.857788,7.758,73.8,-1
1782769467.427,3658,825340,0,0.00000000,0.00000000,0.00,0,0,1.13,-0.083,0.0490,0.8330,0.7350,1.1120,0.507690,0.076538,-0.024719,0.857788,7.754,78.8,-1
1782769467.616,3659,825558,0,0.00000000,0.00000000,0.00,0,0,1.16,-0.066,0.1470,0.5390,1.6170,1.7108,0.507690,0.076538,-0.024719,0.857788,7.754,70.0,-1
1782769467.867,3660,825783,0,0.00000000,0.00000000,0.00,0,0,1.20,-0.041,0.0490,0.4900,1.6660,1.7373,0.507690,0.076477,-0.024780,0.857788,7.755,80.0,-1
1782769468.053,3661,826003,0,0.00000000,0.00000000,0.00,0,0,1.30,0.023,0.0980,0.4410,1.6170,1.6789,0.507690,0.076477,-0.024841,0.857788,7.753,77.5,-1
1782769468.302,3662,826224,0,0.00000000,0.00000000,0.00,0,0,1.10,-0.106,0.7840,0.7840,2.4010,2.6446,0.507629,0.076477,-0.024902,0.857788,7.753,75.0,-1
1782769468.487,3663,826438,0,0.00000000,0.00000000,0.00,0,0,1.22,-0.048,0.2450,0.3920,1.7150,1.7762,0.507690,0.076477,-0.024841,0.857788,7.756,67.5,-1
1782769468.735,3664,826664,0,0.00000000,0.00000000,0.00,0,0,1.16,-0.068,0.5390,0.4900,1.7150,1.8633,0.507690,0.076477,-0.024780,0.857788,7.756,78.8,-1
1782769468.924,3665,826887,0,0.00000000,0.00000000,0.00,0,0,1.26,0.001,-0.0490,0.5880,1.2740,1.4040,0.507690,0.076477,-0.024719,0.857788,7.754,75.0,-1
1782769469.174,3666,827108,0,0.00000000,0.00000000,0.00,0,0,1.26,0.008,0.6370,1.0780,1.7150,2.1235,0.507690,0.076477,-0.024719,0.857788,7.755,78.8,-1
1782769469.359,3667,827324,0,0.00000000,0.00000000,0.00,0,0,1.29,0.043,0.1470,0.7840,1.9110,2.0708,0.507690,0.076538,-0.024719,0.857788,7.753,80.0,-1
1782769469.607,3668,827538,0,0.00000000,0.00000000,0.00,0,0,1.12,-0.049,0.4900,0.2450,1.8130,1.8940,0.507690,0.076538,-0.024658,0.857788,7.758,70.0,-1
1782769469.811,3669,827758,0,0.00000000,0.00000000,0.00,0,0,1.21,-0.005,0.5880,0.3430,2.3030,2.4015,0.507690,0.076538,-0.024719,0.857788,7.756,71.2,-1
1782769470.063,3670,827981,0,0.00000000,0.00000000,0.00,0,0,1.18,-0.035,0.4900,0.4410,1.3230,1.4781,0.507690,0.076538,-0.024719,0.857788,7.756,73.8,-1
1782769470.249,3671,828202,0,0.00000000,0.00000000,0.00,0,0,1.27,0.020,0.5880,0.7350,1.4700,1.7455,0.507690,0.076538,-0.024719,0.857788,7.756,72.5,-1
1782769470.498,3672,828449,0,0.00000000,0.00000000,0.00,0,0,1.15,-0.044,0.5390,0.3920,1.3230,1.4814,0.507690,0.076538,-0.024658,0.857788,7.754,70.0,-1
1782769470.748,3673,828668,0,0.00000000,0.00000000,0.00,0,0,1.21,-0.012,0.2450,1.0290,1.6170,1.9322,0.507690,0.076538,-0.024658,0.857788,7.753,81.2,-1
1782769470.936,3674,828893,0,0.00000000,0.00000000,0.00,0,0,1.20,-0.021,0.0980,1.0290,1.3720,1.7178,0.507690,0.076538,-0.024658,0.857788,7.755,77.5,-1
1782769471.186,3675,829114,0,0.00000000,0.00000000,0.00,0,0,1.20,-0.012,-0.1960,1.3720,0.9800,1.6974,0.507690,0.076538,-0.024658,0.857788,7.754,76.2,-1
1782769471.373,3676,829328,0,0.00000000,0.00000000,0.00,0,0,1.18,-0.038,0.1960,0.5880,1.6170,1.7317,0.507690,0.076599,-0.024719,0.857788,7.754,80.0,-1
1782769471.622,3677,829543,0,0.00000000,0.00000000,0.00,0,0,1.16,-0.029,0.5880,0.1470,2.4010,2.4763,0.507690,0.076599,-0.024719,0.857788,7.754,72.5,-1
1782769471.811,3678,829765,0,0.00000000,0.00000000,0.00,0,0,1.31,0.074,0.8820,0.7840,1.5680,1.9624,0.507690,0.076599,-0.024719,0.857788,7.758,72.5,-1
1782769472.057,3679,829989,0,0.00000000,0.00000000,0.00,0,0,1.17,-0.029,0.5390,0.2450,1.1760,1.3166,0.507690,0.076599,-0.024719,0.857788,7.758,72.5,-1
1782769472.244,3680,830214,0,0.00000000,0.00000000,0.00,0,0,1.14,-0.046,0.7350,0.4900,1.4210,1.6732,0.507690,0.076599,-0.024719,0.857788,7.756,75.0,-1
1782769472.495,3681,830428,0,0.00000000,0.00000000,0.00,0,0,1.16,-0.021,0.1470,0.1960,1.5680,1.5870,0.507690,0.076660,-0.024780,0.857788,7.758,71.2,-1
1782769472.682,3682,830648,0,0.00000000,0.00000000,0.00,0,0,1.21,0.004,0.3430,0.6860,1.9110,2.0592,0.507690,0.076721,-0.024780,0.857788,7.761,73.8,-1
1782769472.932,3683,830873,0,0.00000000,0.00000000,0.00,0,0,1.08,-0.063,0.2450,0.8820,1.3230,1.6088,0.507690,0.076660,-0.024780,0.857788,7.756,81.2,-1
1782769473.183,3684,831094,0,0.00000000,0.00000000,0.00,0,0,1.20,0.033,0.4900,0.1960,1.1270,1.2444,0.507690,0.076660,-0.024719,0.857788,7.755,73.8,-1
1782769473.370,3685,831316,0,0.00000000,0.00000000,0.00,0,0,1.19,0.025,0.3430,0.9310,1.1270,1.5015,0.507690,0.076599,-0.024719,0.857788,7.759,76.2,-1
1782769473.621,3686,831533,0,0.00000000,0.00000000,0.00,0,0,1.21,0.041,0.6860,0.5880,1.4700,1.7255,0.507690,0.076599,-0.024719,0.857788,7.756,76.2,-1
1782769473.807,3687,831758,0,0.00000000,0.00000000,0.00,0,0,1.05,-0.059,-0.8820,1.8620,-1.6170,2.6191,0.507690,0.076599,-0.024658,0.857788,7.758,70.0,-1
1782769474.056,3688,831976,0,0.00000000,0.00000000,0.00,0,0,1.13,-0.012,0.2450,0.8820,1.4210,1.6903,0.507690,0.076599,-0.024658,0.857788,7.756,72.5,-1
1782769474.242,3689,832197,0,0.00000000,0.00000000,0.00,0,0,1.23,0.053,0.3430,0.5390,1.4700,1.6028,0.507690,0.076538,-0.024719,0.857788,7.756,73.8,-1
1782769474.491,3690,832440,0,0.00000000,0.00000000,0.00,0,0,1.21,0.009,0.5390,0.9800,1.5190,1.8863,0.507690,0.076477,-0.024780,0.857788,7.755,76.2,-1
1782769474.679,3691,832640,0,0.00000000,0.00000000,0.00,0,0,1.05,-0.075,0.3920,0.2450,0.8820,0.9958,0.507690,0.076477,-0.024841,0.857788,7.758,75.0,-1
1782769474.930,3692,832864,0,0.00000000,0.00000000,0.00,0,0,1.15,-0.012,0.1470,0.7840,0.9800,1.2636,0.507690,0.076477,-0.024841,0.857788,7.755,76.2,-1
1782769475.178,3693,833088,0,0.00000000,0.00000000,0.00,0,0,1.05,-0.073,0.1960,0.8330,2.2540,2.4110,0.507690,0.076477,-0.024780,0.857788,7.759,75.0,-1
1782769475.365,3694,833312,0,0.00000000,0.00000000,0.00,0,0,1.15,-0.008,-0.0490,0.7840,1.6660,1.8419,0.507690,0.076538,-0.024719,0.857788,7.758,76.2,-1
1782769475.614,3695,833530,0,0.00000000,0.00000000,0.00,0,0,1.19,0.012,0.2450,0.5880,1.5190,1.6472,0.507690,0.076538,-0.024719,0.857788,7.758,75.0,-1
1782769475.801,3696,833752,0,0.00000000,0.00000000,0.00,0,0,1.14,-0.017,0.7350,0.7840,2.5480,2.7654,0.507690,0.076599,-0.024719,0.857788,7.758,72.5,-1
1782769476.050,3697,833977,0,0.00000000,0.00000000,0.00,0,0,1.15,-0.011,0.4900,0.6370,1.6660,1.8497,0.507690,0.076660,-0.024780,0.857788,7.760,71.2,-1
1782769476.236,3698,834203,0,0.00000000,0.00000000,0.00,0,0,1.27,0.060,0.0980,1.3230,0.7350,1.5166,0.507690,0.076660,-0.024719,0.857788,7.755,76.2,-1
1782769476.486,3699,834445,0,0.00000000,0.00000000,0.00,0,0,1.23,0.026,0.1470,1.0780,1.5680,1.9085,0.507690,0.076538,-0.024780,0.857788,7.755,72.5,-1
1782769476.735,3700,834665,0,0.00000000,0.00000000,0.00,0,0,1.08,-0.057,-0.2940,0.9310,1.1270,1.4911,0.507690,0.076477,-0.024841,0.857788,7.755,73.8,-1
1782769476.919,3701,834884,0,0.00000000,0.00000000,0.00,0,0,1.24,0.039,0.2940,0.5880,0.8820,1.1000,0.507690,0.076416,-0.024841,0.857788,7.750,76.2,-1
1782769477.168,3702,835105,0,0.00000000,0.00000000,0.00,0,0,1.23,0.029,-0.2940,1.2740,2.0580,2.4382,0.507690,0.076416,-0.024841,0.857788,7.755,76.2,-1
1782769477.354,3703,835324,0,0.00000000,0.00000000,0.00,0,0,1.08,-0.052,0.2450,0.5880,1.7150,1.8295,0.507690,0.076477,-0.024780,0.857788,7.750,77.5,-1
1782769477.603,3704,835537,0,0.00000000,0.00000000,0.00,0,0,1.14,0.002,0.5390,0.5390,1.5680,1.7435,0.507690,0.076477,-0.024780,0.857788,7.760,70.0,-1
1782769477.805,3705,835756,0,0.00000000,0.00000000,0.00,0,0,1.19,0.019,0.7350,0.4900,1.7150,1.9291,0.507690,0.076538,-0.024780,0.857788,7.759,68.8,-1
1782769478.047,3706,835976,0,0.00000000,0.00000000,0.00,0,0,1.14,-0.009,1.4700,0.3430,2.3030,2.7536,0.507690,0.076599,-0.024719,0.857788,7.758,75.0,-1
1782769478.235,3707,836195,0,0.00000000,0.00000000,0.00,0,0,1.18,0.015,-0.0980,0.7840,0.8330,1.1481,0.507690,0.076477,-0.024719,0.857788,7.760,70.0,-1
1782769478.485,3708,836443,0,0.00000000,0.00000000,0.00,0,0,1.15,-0.008,0.1470,0.2940,1.1270,1.1740,0.507690,0.076538,-0.024658,0.857788,7.755,72.5,-1
1782769478.733,3709,836671,0,0.00000000,0.00000000,0.00,0,0,1.11,-0.034,0.0490,2.3520,0.5880,2.4249,0.507690,0.076538,-0.024597,0.857788,7.755,75.0,-1
1782769478.985,3710,836897,0,0.00000000,0.00000000,0.00,0,0,1.25,0.059,0.5390,1.0290,2.1070,2.4060,0.507690,0.076477,-0.024597,0.857788,7.755,77.5,-1
1782769479.171,3711,837119,0,0.00000000,0.00000000,0.00,0,0,1.18,-0.005,-0.1470,0.6370,1.0290,1.2191,0.507690,0.076477,-0.024658,0.857788,7.756,71.2,-1
1782769479.421,3712,837339,0,0.00000000,0.00000000,0.00,0,0,1.06,-0.078,0.1470,0.8820,1.5680,1.8050,0.507690,0.076477,-0.024719,0.857788,7.756,72.5,-1
1782769479.608,3713,837552,0,0.00000000,0.00000000,0.00,0,0,1.23,0.017,0.5390,0.7350,1.6660,1.8990,0.507690,0.076477,-0.024719,0.857788,7.758,72.5,-1
1782769479.859,3714,837774,0,0.00000000,0.00000000,0.00,0,0,1.08,-0.072,0.3920,0.3430,1.7150,1.7924,0.507690,0.076477,-0.024719,0.857788,7.759,72.5,-1
1782769480.045,3715,838001,0,0.00000000,0.00000000,0.00,0,0,1.16,-0.040,0.0490,0.5880,1.1760,1.3157,0.507690,0.076477,-0.024719,0.857788,7.759,70.0,-1
1782769480.295,3716,838224,0,0.00000000,0.00000000,0.00,0,0,1.08,-0.079,-0.0980,1.6660,2.0090,2.6118,0.507690,0.076477,-0.024719,0.857788,7.760,70.0,-1
1782769480.482,3717,838434,0,0.00000000,0.00000000,0.00,0,0,1.13,-0.037,0.2940,0.3920,1.4210,1.5031,0.507690,0.076538,-0.024719,0.857788,7.759,71.2,-1
1782769480.730,3718,838656,0,0.00000000,0.00000000,0.00,0,0,1.25,0.040,0.4410,0.7840,2.0580,2.2460,0.507690,0.076538,-0.024658,0.857788,7.759,71.2,-1
1782769480.918,3719,838881,0,0.00000000,0.00000000,0.00,0,0,1.24,0.027,0.6370,0.2940,1.0780,1.2862,0.507690,0.076538,-0.024658,0.857788,7.758,71.2,-1
1782769481.166,3720,839105,0,0.00000000,0.00000000,0.00,0,0,1.10,-0.058,0.2450,1.1760,0.1470,1.2102,0.507690,0.076538,-0.024658,0.857788,7.760,68.8,-1
1782769481.414,3721,839327,0,0.00000000,0.00000000,0.00,0,0,1.26,0.052,0.0000,0.9800,1.3230,1.6464,0.507690,0.076538,-0.024658,0.857788,7.760,72.5,-1
1782769481.600,3722,839546,0,0.00000000,0.00000000,0.00,0,0,1.15,-0.011,0.1960,0.5880,1.7150,1.8236,0.507690,0.076538,-0.024658,0.857788,7.760,67.5,-1
1782769481.851,3723,839766,0,0.00000000,0.00000000,0.00,0,0,1.12,-0.016,0.8820,1.0780,1.1270,1.7917,0.507690,0.076477,-0.024719,0.857788,7.759,67.5,-1
1782769482.036,3724,839984,0,0.00000000,0.00000000,0.00,0,0,1.15,0.007,0.3920,1.1760,2.1070,2.4446,0.507690,0.076477,-0.024719,0.857788,7.758,71.2,-1
1782769482.287,3725,840206,0,0.00000000,0.00000000,0.00,0,0,1.28,0.090,0.4900,0.9800,1.8130,2.1184,0.507690,0.076477,-0.024719,0.857788,7.759,68.8,-1
1782769482.535,3726,840449,0,0.00000000,0.00000000,0.00,0,0,1.16,0.019,0.3430,0.4410,1.9110,1.9910,0.507690,0.076538,-0.024658,0.857788,7.758,75.0,-1
1782769482.720,3727,840678,0,0.00000000,0.00000000,0.00,0,0,1.17,0.026,1.0780,0.7840,2.4990,2.8323,0.507690,0.076538,-0.024658,0.857788,7.754,73.8,-1
1782769482.967,3728,840899,0,0.00000000,0.00000000,0.00,0,0,1.16,0.000,0.0980,0.4410,1.8620,1.9160,0.507690,0.076599,-0.024597,0.857788,7.754,77.5,-1
1782769483.152,3729,841121,0,0.00000000,0.00000000,0.00,0,0,1.06,-0.061,0.4410,0.4900,1.4210,1.5665,0.507690,0.076660,-0.024658,0.857788,7.756,71.2,-1
1782769483.398,3730,841345,0,0.00000000,0.00000000,0.00,0,0,1.20,0.021,0.3430,0.4410,0.7350,0.9232,0.507690,0.076721,-0.024719,0.857788,7.759,75.0,-1
1782769483.588,3731,841558,0,0.00000000,0.00000000,0.00,0,0,1.17,0.005,0.1960,0.4900,1.0290,1.1564,0.507690,0.076721,-0.024719,0.857788,7.751,80.0,-1
1782769483.835,3732,841782,0,0.00000000,0.00000000,0.00,0,0,1.29,0.092,0.5880,0.6370,1.7150,1.9216,0.507690,0.076660,-0.024719,0.857788,7.754,73.8,-1
1782769484.087,3733,842008,0,0.00000000,0.00000000,0.00,0,0,1.23,0.050,0.4900,-0.1470,1.3230,1.4185,0.507690,0.076599,-0.024658,0.857788,7.754,78.8,-1
1782769484.273,3734,842233,0,0.00000000,0.00000000,0.00,0,0,1.17,0.012,0.9310,0.1470,1.8130,2.0434,0.507690,0.076599,-0.024658,0.857788,7.756,73.8,-1
1782769484.522,3735,842453,0,0.00000000,0.00000000,0.00,0,0,1.11,-0.032,0.2450,0.0490,0.9310,0.9639,0.507690,0.076599,-0.024719,0.857788,7.755,75.0,-1
1782769484.709,3736,842672,0,0.00000000,0.00000000,0.00,0,0,1.05,-0.066,0.4900,0.3920,1.8130,1.9185,0.507690,0.076599,-0.024658,0.857788,7.754,77.5,-1
1782769484.960,3737,842896,0,0.00000000,0.00000000,0.00,0,0,1.16,0.013,0.1960,0.6860,1.3720,1.5464,0.507690,0.076599,-0.024719,0.857788,7.753,78.8,-1
1782769485.210,3738,843120,0,0.00000000,0.00000000,0.00,0,0,1.09,-0.025,0.5390,0.6370,1.4700,1.6903,0.507690,0.076599,-0.024719,0.857788,7.755,77.5,-1
1782769485.400,3739,843345,0,0.00000000,0.00000000,0.00,0,0,1.25,0.066,-0.1470,1.2740,1.0290,1.6442,0.507690,0.076599,-0.024658,0.857788,7.759,73.8,-1
1782769485.645,3740,843558,0,0.00000000,0.00000000,0.00,0,0,1.26,0.052,-0.0490,0.4410,1.7640,1.8189,0.507690,0.076599,-0.024658,0.857788,7.758,72.5,-1
1782769485.829,3741,843785,0,0.00000000,0.00000000,0.00,0,0,1.31,0.083,-0.0980,0.4900,0.5390,0.7350,0.507690,0.076599,-0.024658,0.857788,7.759,73.8,-1
1782769486.077,3742,844005,0,0.00000000,0.00000000,0.00,0,0,1.28,0.056,0.7350,0.8330,2.1070,2.3819,0.507690,0.076599,-0.024658,0.857788,7.758,77.5,-1
1782769486.265,3743,844226,0,0.00000000,0.00000000,0.00,0,0,1.09,-0.066,0.7350,0.6370,1.8130,2.0574,0.507690,0.076599,-0.024658,0.857788,7.756,75.0,-1
1782769486.516,3744,844438,0,0.00000000,0.00000000,0.00,0,0,1.20,-0.019,0.1960,0.4410,1.6170,1.6875,0.507690,0.076599,-0.024658,0.857788,7.755,73.8,-1
1782769486.701,3745,844659,0,0.00000000,0.00000000,0.00,0,0,1.27,0.032,0.1470,0.3430,0.9800,1.0486,0.507690,0.076599,-0.024658,0.857788,7.756,73.8,-1
1782769486.948,3746,844879,0,0.00000000,0.00000000,0.00,0,0,1.24,-0.019,0.0490,-0.0980,1.2740,1.2787,0.507690,0.076599,-0.024658,0.857788,7.756,73.8,-1
1782769487.136,3747,845096,0,0.00000000,0.00000000,0.00,0,0,1.23,-0.026,0.1470,0.6370,1.7150,1.8354,0.507690,0.076599,-0.024658,0.857788,7.755,75.0,-1
1782769487.387,3748,845317,0,0.00000000,0.00000000,0.00,0,0,1.23,-0.026,0.0000,0.5880,0.9310,1.1011,0.507690,0.076599,-0.024658,0.857788,7.754,76.2,-1
1782769487.574,3749,845536,0,0.00000000,0.00000000,0.00,0,0,1.23,-0.032,0.0000,0.7350,1.2250,1.4286,0.507690,0.076599,-0.024658,0.857788,7.755,77.5,-1
1782769487.823,3750,845759,0,0.00000000,0.00000000,0.00,0,0,1.25,-0.007,0.1470,0.7350,2.5970,2.7030,0.507690,0.076599,-0.024658,0.857788,7.755,72.5,-1
1782769488.009,3751,845978,0,0.00000000,0.00000000,0.00,0,0,1.20,-0.038,-0.3920,0.6860,1.5190,1.7122,0.507690,0.076660,-0.024719,0.857788,7.756,73.8,-1
1782769488.257,3752,846201,0,0.00000000,0.00000000,0.00,0,0,1.17,-0.060,0.0000,0.4900,1.3720,1.4569,0.507690,0.076660,-0.024658,0.857788,7.755,73.8,-1
1782769488.506,3753,846444,0,0.00000000,0.00000000,0.00,0,0,1.28,0.031,0.1960,0.6370,1.5190,1.6588,0.507690,0.076599,-0.024658,0.857788,7.754,72.5,-1
1782769488.755,3754,846665,0,0.00000000,0.00000000,0.00,0,0,1.21,-0.022,0.2940,0.5390,1.0780,1.2406,0.507690,0.076599,-0.024658,0.857788,7.761,73.8,-1
1782769488.941,3755,846889,0,0.00000000,0.00000000,0.00,0,0,1.24,-0.001,0.8330,0.5390,1.8620,2.1098,0.507690,0.076599,-0.024658,0.857788,7.754,77.5,-1
1782769489.191,3756,847114,0,0.00000000,0.00000000,0.00,0,0,1.20,-0.016,-0.2450,1.8620,1.3230,2.2973,0.507690,0.076599,-0.024658,0.857788,7.756,77.5,-1
1782769489.377,3757,847337,0,0.00000000,0.00000000,0.00,0,0,1.29,0.043,0.0000,0.7350,1.1760,1.3868,0.507690,0.076599,-0.024658,0.857788,7.758,73.8,-1
1782769489.629,3758,847555,0,0.00000000,0.00000000,0.00,0,0,1.16,-0.044,0.1960,0.8820,1.6170,1.8523,0.507690,0.076599,-0.024658,0.857788,7.759,73.8,-1
1782769489.831,3759,847773,0,0.00000000,0.00000000,0.00,0,0,1.22,0.015,0.7840,0.6860,1.0290,1.4643,0.507751,0.076538,-0.024719,0.857727,7.753,80.0,-1
1782769490.078,3760,847996,0,0.00000000,0.00000000,0.00,0,0,1.26,0.052,0.5880,0.2940,2.3030,2.3950,0.507751,0.076477,-0.024597,0.857727,7.756,77.5,-1
1782769490.264,3761,848214,0,0.00000000,0.00000000,0.00,0,0,1.20,0.005,-0.2450,1.9110,0.6370,2.0292,0.507751,0.076538,-0.024597,0.857727,7.754,76.2,-1
1782769490.512,3762,848456,0,0.00000000,0.00000000,0.00,0,0,1.26,0.087,0.2940,0.6370,1.5190,1.6732,0.507874,0.076477,-0.024658,0.857666,7.755,77.5,-1
1782769490.760,3763,848677,0,0.00000000,0.00000000,0.00,0,0,1.13,-0.018,0.0980,0.8330,1.3230,1.5665,0.507874,0.076477,-0.024536,0.857666,7.756,77.5,-1
1782769490.949,3764,848898,0,0.00000000,0.00000000,0.00,0,0,1.21,0.032,1.2250,0.3430,1.6170,2.0574,0.507935,0.076477,-0.024658,0.857605,7.755,80.0,-1
1782769491.198,3765,849115,0,0.00000000,0.00000000,0.00,0,0,1.32,0.097,-0.0980,0.6860,1.4700,1.6251,0.507996,0.076477,-0.024719,0.857605,7.756,77.5,-1
1782769491.386,3766,849337,0,0.00000000,0.00000000,0.00,0,0,1.16,-0.014,0.2940,0.5390,1.0780,1.2406,0.507996,0.076477,-0.024719,0.857605,7.756,73.8,-1
1782769491.636,3767,849552,0,0.00000000,0.00000000,0.00,0,0,1.08,-0.089,0.3920,0.7840,0.9310,1.2787,0.508057,0.076477,-0.024780,0.857544,7.759,72.5,-1
1782769491.822,3768,849774,0,0.00000000,0.00000000,0.00,0,0,1.19,0.003,-0.0490,1.1760,1.4210,1.8452,0.507996,0.076416,-0.024841,0.857605,7.758,75.0,-1
1782769492.070,3769,849999,0,0.00000000,0.00000000,0.00,0,0,1.10,-0.037,0.3920,0.3430,1.6170,1.6988,0.507996,0.076355,-0.024902,0.857605,7.759,71.2,-1
1782769492.261,3770,850224,0,0.00000000,0.00000000,0.00,0,0,1.14,-0.025,-0.8820,1.4210,0.0980,1.6753,0.507996,0.076355,-0.024902,0.857605,7.756,72.5,-1
1782769492.510,3771,850440,0,0.00000000,0.00000000,0.00,0,0,1.16,0.009,-0.4900,1.8620,1.2740,2.3087,0.507996,0.076355,-0.024963,0.857605,7.759,72.5,-1
1782769492.695,3772,850662,0,0.00000000,0.00000000,0.00,0,0,1.26,0.068,-0.3430,1.9110,-0.3920,1.9807,0.507996,0.076416,-0.025024,0.857605,7.760,71.2,-1
1782769492.958,3773,850889,0,0.00000000,0.00000000,0.00,0,0,1.19,0.037,1.8130,0.2450,0.7350,1.9716,0.507996,0.076477,-0.025024,0.857605,7.756,75.0,-1
1782769493.144,3774,851113,0,0.00000000,0.00000000,0.00,0,0,1.17,0.006,0.3430,1.4210,0.7840,1.6588,0.507996,0.076477,-0.024963,0.857605,7.760,70.0,-1
1782769493.393,3775,851337,0,0.00000000,0.00000000,0.00,0,0,1.05,-0.060,-0.4410,1.1760,1.2250,1.7544,0.507996,0.076477,-0.024963,0.857605,7.760,68.8,-1
1782769493.642,3776,851556,0,0.00000000,0.00000000,0.00,0,0,1.18,0.005,0.5390,0.0980,2.4010,2.4627,0.507996,0.076416,-0.024963,0.857605,7.760,70.0,-1
1782769493.830,3777,851782,0,0.00000000,0.00000000,0.00,0,0,1.12,-0.042,0.5880,0.7350,1.4700,1.7455,0.507996,0.076477,-0.024902,0.857605,7.755,76.2,-1
1782769494.080,3778,852005,0,0.00000000,0.00000000,0.00,0,0,1.20,0.019,0.5390,0.1470,2.2050,2.2747,0.507996,0.076477,-0.024841,0.857605,7.758,73.8,-1
1782769494.266,3779,852222,0,0.00000000,0.00000000,0.00,0,0,1.13,-0.035,0.3920,1.4700,2.4500,2.8839,0.507996,0.076477,-0.024902,0.857605,7.754,75.0,-1
1782769494.514,3780,852440,0,0.00000000,0.00000000,0.00,0,0,1.12,-0.053,0.3430,1.1270,2.2540,2.5433,0.507996,0.076477,-0.024902,0.857605,7.761,66.2,-1
1782769494.698,3781,852664,0,0.00000000,0.00000000,0.00,0,0,1.16,-0.024,0.0980,1.1270,1.1760,1.6318,0.507996,0.076477,-0.024902,0.857605,7.753,76.2,-1
1782769494.947,3782,852887,0,0.00000000,0.00000000,0.00,0,0,1.31,0.070,0.0000,0.0490,1.3230,1.3239,0.507996,0.076477,-0.024841,0.857605,7.756,73.8,-1
1782769495.195,3783,853115,0,0.00000000,0.00000000,0.00,0,0,1.24,-0.002,0.0490,0.5390,1.0290,1.1627,0.508057,0.076477,-0.024780,0.857605,7.755,72.5,-1
1782769495.382,3784,853338,0,0.00000000,0.00000000,0.00,0,0,1.15,-0.050,0.0000,1.0290,2.1070,2.3448,0.508057,0.076538,-0.024780,0.857605,7.760,68.8,-1
1782769495.633,3785,853549,0,0.00000000,0.00000000,0.00,0,0,1.24,0.002,0.3920,0.7840,3.5280,3.6353,0.508057,0.076538,-0.024719,0.857544,7.756,75.0,-1
1782769495.817,3786,853769,0,0.00000000,0.00000000,0.00,0,0,1.17,-0.050,0.7840,0.7840,0.6370,1.2787,0.508057,0.076538,-0.024719,0.857544,7.758,73.8,-1
1782769496.066,3787,853990,0,0.00000000,0.00000000,0.00,0,0,1.33,0.057,0.4410,0.7840,1.3230,1.5998,0.508057,0.076538,-0.024719,0.857544,7.758,75.0,-1
1782769496.254,3788,854212,0,0.00000000,0.00000000,0.00,0,0,1.23,-0.026,0.8330,0.4410,2.1070,2.3082,0.508057,0.076538,-0.024719,0.857544,7.755,75.0,-1
1782769496.503,3789,854431,0,0.00000000,0.00000000,0.00,0,0,1.11,-0.079,0.2940,0.3920,1.9600,2.0203,0.508057,0.076538,-0.024719,0.857544,7.758,71.2,-1
1782769496.691,3790,854658,0,0.00000000,0.00000000,0.00,0,0,1.07,-0.099,0.8330,0.5880,1.9110,2.1660,0.508057,0.076538,-0.024719,0.857544,7.759,72.5,-1
1782769496.939,3791,854874,0,0.00000000,0.00000000,0.00,0,0,1.17,-0.011,0.1470,1.6170,0.9800,1.8965,0.508057,0.076538,-0.024780,0.857605,7.758,73.8,-1
1782769497.187,3792,855102,0,0.00000000,0.00000000,0.00,0,0,1.23,0.030,0.3920,0.3920,1.8620,1.9428,0.508057,0.076477,-0.024841,0.857605,7.759,70.0,-1
1782769497.374,3793,855320,0,0.00000000,0.00000000,0.00,0,0,1.12,-0.037,0.7840,-0.4900,1.5680,1.8203,0.507996,0.076477,-0.024841,0.857605,7.759,71.2,-1
1782769497.624,3794,855534,0,0.00000000,0.00000000,0.00,0,0,1.13,-0.027,0.1960,0.6860,1.4700,1.6340,0.508057,0.076477,-0.024780,0.857605,7.759,72.5,-1
1782769497.810,3795,855734,0,0.00000000,0.00000000,0.00,0,0,1.16,0.017,0.3920,0.3430,1.9600,2.0280,0.508057,0.076477,-0.024780,0.857605,7.758,73.8,-1
1782769497.998,3796,855962,0,0.00000000,0.00000000,0.00,0,0,1.22,0.043,0.5390,-0.0980,1.9110,1.9880,0.508057,0.076477,-0.024780,0.857605,7.758,72.5,-1
1782769498.247,3797,856182,0,0.00000000,0.00000000,0.00,0,0,1.20,0.028,0.3430,0.4410,2.1070,2.1798,0.508057,0.076538,-0.024780,0.857605,7.756,75.0,-1
1782769498.434,3798,856403,0,0.00000000,0.00000000,0.00,0,0,1.17,-0.004,0.1470,0.5390,1.2250,1.3464,0.507996,0.076599,-0.024780,0.857544,7.753,78.8,-1
1782769498.683,3799,856619,0,0.00000000,0.00000000,0.00,0,0,1.09,-0.062,0.6860,2.2540,1.5680,2.8301,0.508057,0.076599,-0.024780,0.857544,7.759,70.0,-1
1782769498.933,3800,856845,0,0.00000000,0.00000000,0.00,0,0,1.22,0.045,0.8820,0.8820,2.0580,2.4065,0.508057,0.076599,-0.024780,0.857544,7.759,72.5,-1
1782769499.119,3801,857066,0,0.00000000,0.00000000,0.00,0,0,1.20,0.030,0.2450,0.2940,1.6660,1.7094,0.508057,0.076660,-0.024780,0.857544,7.758,68.8,-1
1782769499.370,3802,857286,0,0.00000000,0.00000000,0.00,0,0,1.24,0.050,0.6860,0.4410,1.6170,1.8110,0.508057,0.076660,-0.024780,0.857544,7.755,70.0,-1
1782769499.558,3803,857502,0,0.00000000,0.00000000,0.00,0,0,1.08,-0.069,0.6370,-0.0490,1.4700,1.6028,0.508057,0.076660,-0.024780,0.857544,7.758,73.8,-1
1782769499.808,3804,857725,0,0.00000000,0.00000000,0.00,0,0,1.17,-0.021,-0.7350,0.4410,-0.5880,1.0394,0.508057,0.076599,-0.024719,0.857544,7.755,77.5,-1
1782769499.994,3805,857947,0,0.00000000,0.00000000,0.00,0,0,1.22,0.011,0.3430,0.4900,1.8130,1.9091,0.508057,0.076660,-0.024658,0.857544,7.755,77.5,-1
1782769500.245,3806,858167,0,0.00000000,0.00000000,0.00,0,0,1.14,-0.047,0.1960,0.7840,1.8130,1.9850,0.508057,0.076660,-0.024658,0.857544,7.753,76.2,-1
1782769500.429,3807,858389,0,0.00000000,0.00000000,0.00,0,0,1.31,0.057,-0.3430,1.3230,0.7350,1.5518,0.508057,0.076660,-0.024658,0.857544,7.754,73.8,-1
1782769500.679,3808,858610,0,0.00000000,0.00000000,0.00,0,0,1.15,-0.016,0.4900,0.4410,1.7150,1.8373,0.508057,0.076599,-0.024658,0.857544,7.758,75.0,-1
1782769500.867,3809,858832,0,0.00000000,0.00000000,0.00,0,0,1.14,-0.014,0.2940,0.5880,1.0780,1.2626,0.508057,0.076599,-0.024658,0.857544,7.758,73.8,-1
1782769501.116,3810,859057,0,0.00000000,0.00000000,0.00,0,0,1.13,-0.026,0.0490,0.5390,1.7150,1.7984,0.508057,0.076538,-0.024719,0.857544,7.756,80.0,-1
1782769501.365,3811,859281,0,0.00000000,0.00000000,0.00,0,0,1.15,-0.026,0.5390,-0.0980,2.2050,2.2720,0.508057,0.076538,-0.024780,0.857605,7.753,73.8,-1
1782769501.553,3812,859496,0,0.00000000,0.00000000,0.00,0,0,1.23,0.008,0.7840,0.4900,1.8130,2.0351,0.507996,0.076477,-0.024841,0.857605,7.755,72.5,-1
1782769501.803,3813,859723,0,0.00000000,0.00000000,0.00,0,0,1.15,-0.027,0.9310,0.1960,2.1070,2.3118,0.507996,0.076477,-0.024841,0.857605,7.754,80.0,-1
1782769501.990,3814,859946,0,0.00000000,0.00000000,0.00,0,0,1.13,-0.048,-0.2940,0.3920,2.0090,2.0679,0.508057,0.076477,-0.024841,0.857605,7.753,75.0,-1
1782769502.238,3815,860162,0,0.00000000,0.00000000,0.00,0,0,1.25,0.027,0.3920,0.1470,1.3230,1.3877,0.508057,0.076477,-0.024780,0.857605,7.751,77.5,-1
1782769502.427,3816,860383,0,0.00000000,0.00000000,0.00,0,0,1.18,-0.015,0.2940,0.5880,1.4210,1.5657,0.508057,0.076477,-0.024841,0.857605,7.755,76.2,-1
1782769502.674,3817,860602,0,0.00000000,0.00000000,0.00,0,0,1.02,-0.094,0.2940,0.4410,0.8330,0.9873,0.507996,0.076416,-0.024841,0.857605,7.753,81.2,-1
1782769502.861,3818,860825,0,0.00000000,0.00000000,0.00,0,0,1.17,0.006,-0.7840,1.3720,-1.3230,2.0609,0.507996,0.076416,-0.024841,0.857605,7.754,73.8,-1
1782769503.113,3819,861044,0,0.00000000,0.00000000,0.00,0,0,1.20,0.028,0.3920,0.9800,1.0780,1.5087,0.508057,0.076477,-0.024841,0.857605,7.753,76.2,-1
1782769503.299,3820,861263,0,0.00000000,0.00000000,0.00,0,0,1.15,-0.017,-0.0490,0.5880,1.3720,1.4935,0.508057,0.076477,-0.024780,0.857605,7.750,80.0,-1
1782769503.551,3821,861477,0,0.00000000,0.00000000,0.00,0,0,1.16,-0.005,0.1470,0.8820,1.5680,1.8050,0.508057,0.076477,-0.024841,0.857605,7.760,67.5,-1
1782769503.739,3822,861697,0,0.00000000,0.00000000,0.00,0,0,1.05,-0.066,1.0780,0.2940,1.4210,1.8077,0.508057,0.076477,-0.024780,0.857605,7.756,70.0,-1
1782769503.990,3823,861919,0,0.00000000,0.00000000,0.00,0,0,1.16,-0.002,0.0980,0.5390,2.2540,2.3196,0.508057,0.076477,-0.024780,0.857605,7.760,68.8,-1
1782769504.175,3824,862145,0,0.00000000,0.00000000,0.00,0,0,1.17,0.008,0.3430,0.3430,1.1270,1.2270,0.508057,0.076538,-0.024719,0.857605,7.754,78.8,-1
1782769504.425,3825,862370,0,0.00000000,0.00000000,0.00,0,0,1.19,0.022,0.3430,0.7840,0.5880,1.0383,0.508057,0.076538,-0.024719,0.857605,7.755,73.8,-1
1782769504.675,3826,862590,0,0.00000000,0.00000000,0.00,0,0,1.14,0.006,0.1470,0.4410,1.0780,1.1740,0.508057,0.076538,-0.024780,0.857544,7.758,76.2,-1
1782769504.864,3827,862813,0,0.00000000,0.00000000,0.00,0,0,1.08,-0.040,-0.2450,1.2250,0.6370,1.4023,0.508057,0.076538,-0.024780,0.857605,7.756,76.2,-1
1782769505.116,3828,863039,0,0.00000000,0.00000000,0.00,0,0,1.19,0.033,0.4410,0.3920,1.6170,1.7213,0.508057,0.076538,-0.024780,0.857605,7.760,75.0,-1
1782769505.304,3829,863261,0,0.00000000,0.00000000,0.00,0,0,1.08,-0.027,0.3430,0.4900,1.2250,1.3632,0.508057,0.076538,-0.024719,0.857544,7.759,70.0,-1
1782769505.550,3830,863472,0,0.00000000,0.00000000,0.00,0,0,1.09,-0.028,-0.0980,0.5880,2.0580,2.1426,0.508057,0.076538,-0.024719,0.857544,7.756,75.0,-1
1782769505.739,3831,863689,0,0.00000000,0.00000000,0.00,0,0,1.25,0.080,0.1960,0.6860,1.1760,1.3755,0.508057,0.076599,-0.024719,0.857544,7.754,80.0,-1
1782769505.990,3832,863911,0,0.00000000,0.00000000,0.00,0,0,1.13,-0.009,0.0980,0.6370,1.4700,1.6051,0.508057,0.076660,-0.024780,0.857544,7.759,68.8,-1
1782769506.177,3833,864131,0,0.00000000,0.00000000,0.00,0,0,1.22,0.051,0.2450,0.8820,1.1760,1.4903,0.508057,0.076599,-0.024719,0.857544,7.755,75.0,-1
1782769506.426,3834,864352,0,0.00000000,0.00000000,0.00,0,0,1.30,0.087,0.1960,0.5390,1.3230,1.4420,0.508057,0.076599,-0.024719,0.857544,7.755,78.8,-1
1782769506.613,3835,864567,0,0.00000000,0.00000000,0.00,0,0,1.26,0.050,-0.0490,0.4410,2.3520,2.3935,0.508057,0.076599,-0.024719,0.857544,7.758,75.0,-1
1782769506.863,3836,864793,0,0.00000000,0.00000000,0.00,0,0,1.09,-0.046,0.0490,0.5390,1.4700,1.5665,0.508057,0.076599,-0.024780,0.857544,7.754,75.0,-1
1782769507.051,3837,865012,0,0.00000000,0.00000000,0.00,0,0,1.14,-0.002,0.4900,0.7840,2.2540,2.4362,0.508057,0.076599,-0.024780,0.857544,7.755,75.0,-1
1782769507.302,3838,865235,0,0.00000000,0.00000000,0.00,0,0,1.21,0.029,0.2450,0.6860,0.9310,1.1821,0.508057,0.076599,-0.024780,0.857544,7.755,76.2,-1
1782769507.489,3839,865452,0,0.00000000,0.00000000,0.00,0,0,1.19,0.014,0.1470,0.9800,1.6660,1.9384,0.508057,0.076599,-0.024719,0.857544,7.753,77.5,-1
1782769507.738,3840,865674,0,0.00000000,0.00000000,0.00,0,0,1.17,-0.011,0.1470,0.5880,2.2540,2.3341,0.508057,0.076599,-0.024719,0.857544,7.753,80.0,-1
1782769507.989,3841,865898,0,0.00000000,0.00000000,0.00,0,0,1.24,0.036,-0.3920,0.9310,0.6860,1.2211,0.508057,0.076599,-0.024719,0.857544,7.750,78.8,-1
1782769508.175,3842,866114,0,0.00000000,0.00000000,0.00,0,0,1.24,0.037,0.0490,0.6370,0.9800,1.1699,0.508057,0.076599,-0.024719,0.857544,7.758,73.8,-1
1782769508.423,3843,866340,0,0.00000000,0.00000000,0.00,0,0,1.17,-0.013,0.3430,0.3430,2.5480,2.5938,0.508057,0.076538,-0.024719,0.857605,7.759,73.8,-1
1782769508.609,3844,866559,0,0.00000000,0.00000000,0.00,0,0,1.23,0.024,0.0000,0.6860,1.3230,1.4903,0.508057,0.076538,-0.024719,0.857544,7.759,73.8,-1
1782769508.858,3845,866779,0,0.00000000,0.00000000,0.00,0,0,1.20,-0.004,0.4900,0.3920,1.4700,1.5983,0.508057,0.076538,-0.024719,0.857544,7.755,72.5,-1
1782769509.047,3846,866998,0,0.00000000,0.00000000,0.00,0,0,1.16,-0.022,0.9800,-0.8820,1.7640,2.2023,0.508057,0.076538,-0.024719,0.857544,7.754,73.8,-1
1782769509.296,3847,867219,0,0.00000000,0.00000000,0.00,0,0,1.15,-0.020,0.3920,0.0490,1.8620,1.9034,0.508057,0.076538,-0.024719,0.857544,7.760,73.8,-1
1782769509.482,3848,867437,0,0.00000000,0.00000000,0.00,0,0,1.22,0.044,0.4410,0.3920,1.2250,1.3597,0.508057,0.076538,-0.024719,0.857544,7.753,73.8,-1
1782769509.729,3849,867637,0,0.00000000,0.00000000,0.00,0,0,1.22,0.042,0.3430,0.2450,1.7150,1.7660,0.508057,0.076599,-0.024719,0.857544,7.754,72.5,-1
1782769509.930,3850,867859,0,0.00000000,0.00000000,0.00,0,0,1.10,-0.045,1.5680,-0.0980,3.1360,3.5075,0.508057,0.076660,-0.024719,0.857544,7.759,76.2,-1
1782769510.114,3851,868082,0,0.00000000,0.00000000,0.00,0,0,1.18,0.013,0.8820,0.4410,2.4990,2.6865,0.508057,0.076599,-0.024719,0.857544,7.754,77.5,-1
1782769510.364,3852,868303,0,0.00000000,0.00000000,0.00,0,0,1.20,0.031,-0.1470,0.5880,1.0290,1.1942,0.508057,0.076599,-0.024719,0.857544,7.754,78.8,-1
1782769510.614,3853,868522,0,0.00000000,0.00000000,0.00,0,0,1.21,0.036,1.7640,-0.0490,3.1850,3.6412,0.508057,0.076599,-0.024719,0.857544,7.753,80.0,-1
1782769510.801,3854,868742,0,0.00000000,0.00000000,0.00,0,0,1.28,0.080,1.1270,0.3920,2.4990,2.7693,0.508057,0.076538,-0.024719,0.857544,7.754,76.2,-1
1782769511.048,3855,868964,0,0.00000000,0.00000000,0.00,0,0,1.31,0.091,0.4410,0.9310,1.9600,2.2142,0.508057,0.076599,-0.024719,0.857544,7.755,77.5,-1
1782769511.235,3856,869183,0,0.00000000,0.00000000,0.00,0,0,1.27,0.055,0.3920,0.7840,2.1070,2.2821,0.508057,0.076599,-0.024719,0.857544,7.751,77.5,-1
1782769511.485,3857,869403,0,0.00000000,0.00000000,0.00,0,0,1.13,-0.040,0.2450,0.8820,1.7640,1.9874,0.508057,0.076599,-0.024658,0.857544,7.747,85.0,-1
1782769511.673,3858,869616,0,0.00000000,0.00000000,0.00,0,0,1.09,-0.052,0.4900,0.6860,1.4700,1.6946,0.508057,0.076599,-0.024658,0.857544,7.755,75.0,-1
1782769511.923,3859,869839,0,0.00000000,0.00000000,0.00,0,0,1.12,-0.007,-0.0490,0.5880,0.7840,0.9812,0.508057,0.076599,-0.024658,0.857544,7.761,72.5,-1
1782769512.111,3860,870065,0,0.00000000,0.00000000,0.00,0,0,1.02,-0.069,1.1760,0.7350,3.1360,3.4289,0.508057,0.076599,-0.024658,0.857544,7.753,77.5,-1
1782769512.359,3861,870285,0,0.00000000,0.00000000,0.00,0,0,1.17,0.021,0.6370,0.5880,2.4990,2.6451,0.508057,0.076599,-0.024658,0.857544,7.754,77.5,-1
1782769512.546,3862,870498,0,0.00000000,0.00000000,0.00,0,0,1.18,0.025,0.2450,0.1960,1.5190,1.5511,0.508057,0.076599,-0.024658,0.857544,7.756,73.8,-1
1782769512.795,3863,870714,0,0.00000000,0.00000000,0.00,0,0,1.24,0.063,-0.0490,0.5880,1.9110,2.0000,0.508057,0.076599,-0.024658,0.857544,7.755,80.0,-1
1782769512.982,3864,870939,0,0.00000000,0.00000000,0.00,0,0,1.17,0.017,0.0980,0.4900,0.6370,0.8096,0.508057,0.076538,-0.024658,0.857544,7.756,72.5,-1
1782769513.227,3865,871159,0,0.00000000,0.00000000,0.00,0,0,1.14,0.018,0.6370,0.5880,1.4700,1.7066,0.508057,0.076538,-0.024658,0.857544,7.755,73.8,-1
1782769513.415,3866,871377,0,0.00000000,0.00000000,0.00,0,0,1.13,0.000,0.3920,0.3430,1.8620,1.9335,0.508057,0.076538,-0.024658,0.857544,7.758,72.5,-1
1782769513.664,3867,871596,0,0.00000000,0.00000000,0.00,0,0,1.15,-0.003,0.5880,0.5880,1.5190,1.7317,0.508057,0.076538,-0.024658,0.857544,7.755,78.8,-1
1782769513.912,3868,871822,0,0.00000000,0.00000000,0.00,0,0,1.11,-0.036,0.3430,0.9800,2.2050,2.4372,0.508057,0.076538,-0.024658,0.857544,7.755,68.8,-1
1782769514.099,3869,872039,0,0.00000000,0.00000000,0.00,0,0,1.08,-0.058,0.3430,0.4410,0.9800,1.1281,0.508057,0.076538,-0.024658,0.857544,7.758,76.2,-1
1782769514.349,3870,872261,0,0.00000000,0.00000000,0.00,0,0,1.18,0.007,0.0980,0.9310,0.9800,1.3553,0.508057,0.076538,-0.024658,0.857544,7.759,70.0,-1
1782769514.535,3871,872474,0,0.00000000,0.00000000,0.00,0,0,1.08,-0.048,0.1470,0.4410,1.0780,1.1740,0.508057,0.076538,-0.024719,0.857544,7.754,75.0,-1
1782769514.784,3872,872698,0,0.00000000,0.00000000,0.00,0,0,1.02,-0.078,0.0980,0.8330,1.2250,1.4846,0.508057,0.076538,-0.024719,0.857544,7.756,73.8,-1
1782769514.971,3873,872923,0,0.00000000,0.00000000,0.00,0,0,1.14,0.004,0.0980,0.7840,1.6170,1.7997,0.508057,0.076538,-0.024658,0.857544,7.756,75.0,-1
1782769515.222,3874,873144,0,0.00000000,0.00000000,0.00,0,0,1.12,0.001,0.6860,0.0980,0.9310,1.1606,0.508057,0.076538,-0.024719,0.857544,7.758,75.0,-1
1782769515.409,3875,873364,0,0.00000000,0.00000000,0.00,0,0,1.22,0.059,0.2450,0.4410,0.7840,0.9323,0.508057,0.076538,-0.024719,0.857544,7.755,75.0,-1
1782769515.661,3876,873582,0,0.00000000,0.00000000,0.00,0,0,1.17,0.001,0.0490,0.6860,1.5680,1.7122,0.508057,0.076538,-0.024719,0.857544,7.753,76.2,-1
1782769515.849,3877,873805,0,0.00000000,0.00000000,0.00,0,0,1.15,-0.015,0.3430,0.4410,1.6660,1.7572,0.508057,0.076538,-0.024719,0.857544,7.756,72.5,-1
1782769516.097,3878,874025,0,0.00000000,0.00000000,0.00,0,0,1.08,-0.045,-0.0490,0.8330,1.6170,1.8196,0.508057,0.076538,-0.024719,0.857544,7.754,77.5,-1
1782769516.283,3879,874245,0,0.00000000,0.00000000,0.00,0,0,1.15,0.008,0.1470,0.9310,1.6660,1.9141,0.508057,0.076477,-0.024780,0.857605,7.755,71.2,-1
1782769516.533,3880,874463,0,0.00000000,0.00000000,0.00,0,0,1.11,0.002,0.9310,0.4410,2.8420,3.0229,0.507996,0.076477,-0.024841,0.857605,7.754,71.2,-1
1782769516.779,3881,874688,0,0.00000000,0.00000000,0.00,0,0,1.17,0.045,0.7350,-0.6370,2.1070,2.3207,0.507996,0.076416,-0.024841,0.857605,7.759,70.0,-1
1782769516.965,3882,874908,0,0.00000000,0.00000000,0.00,0,0,1.14,-0.002,0.3430,0.2450,1.2250,1.2955,0.507996,0.076477,-0.024841,0.857605,7.755,72.5,-1
1782769517.214,3883,875130,0,0.00000000,0.00000000,0.00,0,0,1.26,0.072,0.1960,0.4410,1.8620,1.9235,0.507996,0.076599,-0.024841,0.857544,7.758,70.0,-1
1782769517.401,3884,875347,0,0.00000000,0.00000000,0.00,0,0,1.20,0.019,0.3430,0.5880,1.4210,1.5756,0.507996,0.076538,-0.024902,0.857605,7.755,73.8,-1
1782769517.602,3885,875567,0,0.00000000,0.00000000,0.00,0,0,1.22,0.035,0.8820,0.1470,1.7640,1.9777,0.507996,0.076538,-0.024841,0.857605,7.756,71.2,-1
1782769517.848,3886,875794,0,0.00000000,0.00000000,0.00,0,0,1.26,0.064,0.0980,0.7350,1.2740,1.4741,0.508057,0.076538,-0.024780,0.857544,7.759,71.2,-1
1782769518.098,3887,876021,0,0.00000000,0.00000000,0.00,0,0,1.16,-0.003,0.2450,0.3430,1.0780,1.1575,0.508057,0.076538,-0.024780,0.857544,7.758,72.5,-1
1782769518.284,3888,876243,0,0.00000000,0.00000000,0.00,0,0,1.22,0.025,0.3920,1.9600,1.9110,2.7654,0.508057,0.076538,-0.024719,0.857544,7.756,73.8,-1
1782769518.550,3889,876460,0,0.00000000,0.00000000,0.00,0,0,1.20,0.028,0.4410,0.3430,1.8620,1.9440,0.508057,0.076660,-0.024780,0.857544,7.754,75.0,-1
1782769518.735,3890,876678,0,0.00000000,0.00000000,0.00,0,0,1.20,0.012,0.2450,-0.0490,0.0490,0.2546,0.507996,0.076660,-0.024780,0.857544,7.754,73.8,-1
1782769518.938,3891,876905,0,0.00000000,0.00000000,0.00,0,0,1.12,-0.038,0.0980,0.6860,1.6660,1.8044,0.508057,0.076660,-0.024780,0.857544,7.755,72.5,-1
1782769519.203,3892,877130,0,0.00000000,0.00000000,0.00,0,0,1.09,-0.066,0.1470,0.7840,0.9800,1.2636,0.508057,0.076660,-0.024780,0.857544,7.758,70.0,-1
1782769519.389,3893,877352,0,0.00000000,0.00000000,0.00,0,0,1.16,-0.018,0.9800,-0.6860,1.7150,2.0910,0.508057,0.076660,-0.024719,0.857544,7.758,71.2,-1
1782769519.654,3894,877572,0,0.00000000,0.00000000,0.00,0,0,1.22,0.024,0.2450,0.6370,1.9110,2.0292,0.508057,0.076599,-0.024780,0.857544,7.756,73.8,-1
1782769519.841,3895,877792,0,0.00000000,0.00000000,0.00,0,0,1.19,-0.002,0.1960,1.0780,2.4500,2.6838,0.508057,0.076599,-0.024719,0.857544,7.758,71.2,-1
1782769520.103,3896,878013,0,0.00000000,0.00000000,0.00,0,0,1.19,-0.005,0.4410,-0.3920,1.8620,1.9533,0.508057,0.076599,-0.024719,0.857544,7.756,71.2,-1
1782769520.306,3897,878235,0,0.00000000,0.00000000,0.00,0,0,1.23,0.006,-0.0490,1.5680,0.5390,1.6588,0.508057,0.076721,-0.024780,0.857544,7.755,70.0,-1
1782769520.493,3898,878449,0,0.00000000,0.00000000,0.00,0,0,1.25,0.012,0.1960,0.9310,1.7640,2.0042,0.507996,0.076721,-0.024780,0.857544,7.759,71.2,-1
1782769520.759,3899,878675,0,0.00000000,0.00000000,0.00,0,0,1.06,-0.106,0.6370,0.4410,0.9310,1.2112,0.507996,0.076782,-0.024780,0.857544,7.758,73.8,-1
1782769520.959,3900,878896,0,0.00000000,0.00000000,0.00,0,0,1.11,-0.066,0.1470,0.5880,1.0290,1.1942,0.507996,0.076782,-0.024841,0.857544,7.753,76.2,-1
1782769521.210,3901,879120,0,0.00000000,0.00000000,0.00,0,0,1.27,0.041,0.2940,0.5390,1.2250,1.3702,0.507996,0.076782,-0.024780,0.857544,7.760,68.8,-1
1782769521.396,3902,879342,0,0.00000000,0.00000000,0.00,0,0,1.22,0.020,-0.2450,-0.1470,1.6170,1.6420,0.507996,0.076721,-0.024780,0.857544,7.759,71.2,-1
1782769521.645,3903,879558,0,0.00000000,0.00000000,0.00,0,0,1.18,-0.022,-0.3920,1.4210,0.5390,1.5695,0.507996,0.076782,-0.024780,0.857544,7.760,72.5,-1
1782769521.851,3904,879777,0,0.00000000,0.00000000,0.00,0,0,1.17,-0.030,0.0000,1.5190,1.5680,2.1831,0.507996,0.076721,-0.024780,0.857544,7.756,75.0,-1
1782769522.053,3905,880000,0,0.00000000,0.00000000,0.00,0,0,1.23,0.012,0.1960,0.4900,1.4210,1.5158,0.507996,0.076721,-0.024780,0.857544,7.758,70.0,-1
1782769522.303,3906,880218,0,0.00000000,0.00000000,0.00,0,0,1.15,-0.035,0.5390,0.6370,1.7150,1.9072,0.508057,0.076660,-0.024719,0.857544,7.759,75.0,-1
1782769522.491,3907,880433,0,0.00000000,0.00000000,0.00,0,0,1.20,-0.007,0.3430,0.3430,1.5680,1.6413,0.508057,0.076660,-0.024719,0.857544,7.759,70.0,-1
1782769522.754,3908,880662,0,0.00000000,0.00000000,0.00,0,0,1.14,-0.073,0.2450,0.5880,1.6660,1.7836,0.508057,0.076599,-0.024719,0.857544,7.759,71.2,-1
1782769522.942,3909,880879,0,0.00000000,0.00000000,0.00,0,0,1.09,-0.085,0.3430,0.5390,1.7640,1.8761,0.508057,0.076599,-0.024719,0.857544,7.758,73.8,-1
1782769523.142,3910,881098,0,0.00000000,0.00000000,0.00,0,0,1.09,-0.077,0.2450,0.6860,1.6170,1.7735,0.508057,0.076599,-0.024719,0.857544,7.759,73.8,-1
1782769523.392,3911,881322,0,0.00000000,0.00000000,0.00,0,0,1.12,-0.042,0.4900,-0.1960,2.6460,2.6981,0.508057,0.076599,-0.024719,0.857544,7.759,72.5,-1
1782769523.595,3912,881539,0,0.00000000,0.00000000,0.00,0,0,1.16,-0.019,-0.1470,0.5390,0.9800,1.1281,0.508057,0.076599,-0.024719,0.857544,7.759,73.8,-1
1782769523.845,3913,881763,0,0.00000000,0.00000000,0.00,0,0,1.13,-0.026,0.5390,0.6860,1.6170,1.8373,0.508057,0.076538,-0.024719,0.857544,7.759,70.0,-1
1782769524.030,3914,881984,0,0.00000000,0.00000000,0.00,0,0,1.05,-0.064,1.1760,0.5390,2.4500,2.7706,0.508057,0.076477,-0.024780,0.857605,7.761,71.2,-1
1782769524.281,3915,882205,0,0.00000000,0.00000000,0.00,0,0,1.07,-0.057,-0.6370,1.5190,0.9310,1.8921,0.507996,0.076477,-0.024841,0.857605,7.759,71.2,-1
1782769524.541,3916,882449,0,0.00000000,0.00000000,0.00,0,0,1.03,-0.070,-0.0490,1.2740,0.7350,1.4716,0.507996,0.076477,-0.024841,0.857605,7.760,71.2,-1
1782769524.728,3917,882675,0,0.00000000,0.00000000,0.00,0,0,1.08,-0.064,0.0490,0.3430,1.2740,1.3203,0.507996,0.076477,-0.024841,0.857605,7.756,73.8,-1
1782769524.977,3918,882893,0,0.00000000,0.00000000,0.00,0,0,1.14,-0.019,0.9800,0.5880,1.7640,2.1019,0.507996,0.076477,-0.024841,0.857605,7.755,75.0,-1
1782769525.163,3919,883117,0,0.00000000,0.00000000,0.00,0,0,1.04,-0.080,0.1470,1.0290,1.8130,2.0898,0.507996,0.076477,-0.024841,0.857605,7.758,73.8,-1
1782769525.428,3920,883343,0,0.00000000,0.00000000,0.00,0,0,1.08,-0.062,0.7350,0.5880,0.7840,1.2250,0.507996,0.076416,-0.024902,0.857605,7.756,72.5,-1
1782769525.613,3921,883556,0,0.00000000,0.00000000,0.00,0,0,1.08,-0.053,0.3430,0.7840,2.3030,2.4569,0.507996,0.076416,-0.024902,0.857605,7.758,75.0,-1
1782769525.862,3922,883781,0,0.00000000,0.00000000,0.00,0,0,1.08,-0.029,0.4900,0.1470,1.4700,1.5565,0.507996,0.076477,-0.024902,0.857605,7.756,76.2,-1
1782769526.049,3923,884004,0,0.00000000,0.00000000,0.00,0,0,1.13,0.019,0.0490,0.7840,1.6170,1.7977,0.507996,0.076477,-0.024841,0.857605,7.754,76.2,-1
1782769526.297,3924,884227,0,0.00000000,0.00000000,0.00,0,0,1.03,-0.049,0.0490,0.7840,1.1760,1.4142,0.507996,0.076538,-0.024841,0.857605,7.753,75.0,-1
1782769526.499,3925,884441,0,0.00000000,0.00000000,0.00,0,0,1.11,-0.004,-0.7350,1.0780,-1.2740,1.8236,0.508057,0.076538,-0.024780,0.857605,7.755,75.0,-1
1782769526.748,3926,884669,0,0.00000000,0.00000000,0.00,0,0,1.05,-0.044,0.0000,0.5390,1.7640,1.8445,0.508057,0.076599,-0.024719,0.857544,7.753,75.0,-1
1782769526.951,3927,884891,0,0.00000000,0.00000000,0.00,0,0,0.94,-0.109,0.1960,0.4900,1.6170,1.7009,0.508118,0.076538,-0.024719,0.857483,7.760,73.8,-1
1782769527.201,3928,885110,0,0.00000000,0.00000000,0.00,0,0,1.08,-0.004,0.1470,0.4410,1.6660,1.7296,0.508057,0.076538,-0.024780,0.857544,7.755,76.2,-1
1782769527.403,3929,885332,0,0.00000000,0.00000000,0.00,0,0,0.95,-0.075,0.2940,0.6370,1.6170,1.7626,0.508057,0.076660,-0.024841,0.857544,7.759,67.5,-1
1782769527.588,3930,885545,0,0.00000000,0.00000000,0.00,0,0,1.04,-0.005,0.2940,0.5880,1.5680,1.7002,0.508057,0.076660,-0.024841,0.857544,7.755,75.0,-1
1782769527.835,3931,885772,0,0.00000000,0.00000000,0.00,0,0,1.02,-0.019,0.5390,0.6370,1.9600,2.1302,0.508057,0.076599,-0.024841,0.857544,7.758,71.2,-1
1782769528.037,3932,885996,0,0.00000000,0.00000000,0.00,0,0,1.06,-0.004,0.0490,0.7840,1.5680,1.7538,0.508057,0.076599,-0.024780,0.857544,7.758,75.0,-1
1782769528.285,3933,886222,0,0.00000000,0.00000000,0.00,0,0,1.24,0.116,0.0490,0.9310,0.5390,1.0769,0.508057,0.076599,-0.024780,0.857544,7.751,78.8,-1
1782769528.486,3934,886436,0,0.00000000,0.00000000,0.00,0,0,1.17,0.027,-0.2450,0.5880,1.2250,1.3807,0.508057,0.076660,-0.024780,0.857544,7.759,73.8,-1
1782769528.737,3935,886655,0,0.00000000,0.00000000,0.00,0,0,1.05,-0.042,0.0490,0.9800,1.8620,2.1047,0.508057,0.076721,-0.024780,0.857544,7.756,73.8,-1
1782769528.925,3936,886883,0,0.00000000,0.00000000,0.00,0,0,1.14,0.023,0.7840,0.1470,2.0090,2.1616,0.508057,0.076660,-0.024780,0.857544,7.751,78.8,-1
1782769529.174,3937,887104,0,0.00000000,0.00000000,0.00,0,0,1.28,0.128,0.1960,0.9800,1.4700,1.7776,0.508057,0.076660,-0.024780,0.857544,7.754,72.5,-1
1782769529.361,3938,887325,0,0.00000000,0.00000000,0.00,0,0,1.14,0.026,0.1960,0.7350,1.6170,1.7870,0.508057,0.076721,-0.024780,0.857544,7.755,77.5,-1
1782769529.610,3939,887539,0,0.00000000,0.00000000,0.00,0,0,1.08,-0.006,-0.1470,0.7350,0.7840,1.0847,0.508057,0.076721,-0.024780,0.857544,7.758,76.2,-1
1782769529.860,3940,887768,0,0.00000000,0.00000000,0.00,0,0,0.99,-0.059,0.3920,0.5390,1.7150,1.8399,0.508057,0.076660,-0.024719,0.857544,7.754,77.5,-1
1782769530.063,3941,887987,0,0.00000000,0.00000000,0.00,0,0,1.18,0.065,-0.1470,0.5880,1.4210,1.5449,0.508057,0.076599,-0.024780,0.857544,7.753,75.0,-1
1782769530.250,3942,888207,0,0.00000000,0.00000000,0.00,0,0,1.29,0.125,0.4900,0.1470,1.6170,1.6960,0.508057,0.076599,-0.024719,0.857544,7.758,71.2,-1
1782769530.499,3943,888451,0,0.00000000,0.00000000,0.00,0,0,1.20,0.069,0.8820,0.2940,2.7930,2.9437,0.508057,0.076599,-0.024719,0.857544,7.759,68.8,-1
1782769530.762,3944,888671,0,0.00000000,0.00000000,0.00,0,0,1.27,0.106,0.4410,0.3920,1.6170,1.7213,0.508057,0.076599,-0.024719,0.857544,7.758,73.8,-1
1782769530.947,3945,888897,0,0.00000000,0.00000000,0.00,0,0,1.22,0.060,0.6370,0.1470,2.0090,2.1127,0.508057,0.076538,-0.024719,0.857544,7.750,85.0,-1
1782769531.193,3946,889120,0,0.00000000,0.00000000,0.00,0,0,1.23,0.051,0.1470,0.2450,2.1070,2.1263,0.508057,0.076538,-0.024719,0.857544,7.756,76.2,-1
1782769531.379,3947,889339,0,0.00000000,0.00000000,0.00,0,0,1.16,-0.005,-0.3430,0.8330,0.3430,0.9639,0.508057,0.076538,-0.024719,0.857544,7.754,76.2,-1
1782769531.629,3948,889552,0,0.00000000,0.00000000,0.00,0,0,1.15,-0.001,0.0490,1.2250,1.3720,1.8399,0.508057,0.076538,-0.024658,0.857544,7.755,73.8,-1
1782769531.831,3949,889770,0,0.00000000,0.00000000,0.00,0,0,1.19,0.003,0.6860,0.4410,2.0580,2.2137,0.508057,0.076538,-0.024780,0.857544,7.751,75.0,-1
1782769532.080,3950,889991,0,0.00000000,0.00000000,0.00,0,0,1.13,-0.028,0.5390,0.4900,2.4990,2.6030,0.508057,0.076477,-0.024841,0.857544,7.758,77.5,-1
1782769532.267,3951,890210,0,0.00000000,0.00000000,0.00,0,0,1.18,0.001,0.0980,0.5880,2.2050,2.2842,0.508057,0.076477,-0.024780,0.857544,7.751,78.8,-1
1782769532.517,3952,890454,0,0.00000000,0.00000000,0.00,0,0,1.13,-0.035,0.0980,0.8820,0.6860,1.1217,0.508057,0.076477,-0.024780,0.857544,7.755,73.8,-1
1782769532.769,3953,890683,0,0.00000000,0.00000000,0.00,0,0,1.07,-0.062,-0.0980,0.8330,1.5190,1.7352,0.508057,0.076477,-0.024780,0.857544,7.755,75.0,-1
1782769532.955,3954,890904,0,0.00000000,0.00000000,0.00,0,0,1.11,-0.011,0.0980,0.7350,1.5190,1.6903,0.508057,0.076416,-0.024841,0.857605,7.750,77.5,-1
1782769533.157,3955,891124,0,0.00000000,0.00000000,0.00,0,0,1.14,0.003,0.1960,0.5390,1.2740,1.3971,0.508057,0.076416,-0.024902,0.857605,7.755,75.0,-1
1782769533.406,3956,891349,0,0.00000000,0.00000000,0.00,0,0,1.23,0.059,-0.0490,0.4410,1.5680,1.6296,0.508057,0.076416,-0.024902,0.857605,7.756,73.8,-1
1782769533.655,3957,891566,0,0.00000000,0.00000000,0.00,0,0,1.14,0.013,0.2450,0.7350,1.2740,1.4911,0.508057,0.076416,-0.024902,0.857605,7.753,73.8,-1
1782769533.843,3958,891787,0,0.00000000,0.00000000,0.00,0,0,1.26,0.068,0.3920,0.5390,1.3230,1.4814,0.508057,0.076416,-0.024963,0.857605,7.754,75.0,-1
1782769534.048,3959,892008,0,0.00000000,0.00000000,0.00,0,0,1.24,0.063,0.4900,0.3430,1.6170,1.7241,0.508057,0.076416,-0.024902,0.857605,7.751,72.5,-1
1782769534.296,3960,892225,0,0.00000000,0.00000000,0.00,0,0,1.25,0.071,0.5880,0.2940,2.2050,2.3009,0.508057,0.076477,-0.024841,0.857605,7.754,76.2,-1
1782769534.483,3961,892438,0,0.00000000,0.00000000,0.00,0,0,1.27,0.078,0.1960,0.4900,0.9310,1.0702,0.508057,0.076538,-0.024841,0.857544,7.754,77.5,-1
1782769534.732,3962,892657,0,0.00000000,0.00000000,0.00,0,0,1.16,-0.010,0.4410,1.2250,2.1070,2.4768,0.508057,0.076599,-0.024841,0.857544,7.751,78.8,-1
1782769534.919,3963,892877,0,0.00000000,0.00000000,0.00,0,0,1.16,-0.003,-0.0980,0.5880,1.0780,1.2318,0.508057,0.076599,-0.024841,0.857544,7.751,80.0,-1
1782769535.168,3964,893097,0,0.00000000,0.00000000,0.00,0,0,1.17,0.009,0.5880,0.3430,1.5190,1.6646,0.508057,0.076599,-0.024841,0.857544,7.753,80.0,-1
1782769535.358,3965,893318,0,0.00000000,0.00000000,0.00,0,0,1.11,-0.046,0.8330,0.3430,1.7640,1.9807,0.508057,0.076538,-0.024902,0.857544,7.754,80.0,-1
1782769535.607,3966,893530,0,0.00000000,0.00000000,0.00,0,0,1.14,-0.048,0.2940,0.9310,0.8820,1.3157,0.508057,0.076538,-0.024963,0.857544,7.755,72.5,-1
1782769535.793,3967,893749,0,0.00000000,0.00000000,0.00,0,0,1.20,-0.003,1.0290,0.1470,2.1070,2.3494,0.507996,0.076538,-0.024963,0.857544,7.758,70.0,-1
1782769536.043,3968,893971,0,0.00000000,0.00000000,0.00,0,0,1.30,0.067,0.5390,0.6370,1.8620,2.0404,0.508057,0.076538,-0.024902,0.857544,7.758,72.5,-1
1782769536.229,3969,894190,0,0.00000000,0.00000000,0.00,0,0,1.33,0.064,-0.1960,0.7840,1.6170,1.8077,0.508057,0.076538,-0.024841,0.857544,7.755,73.8,-1
1782769536.479,3970,894434,0,0.00000000,0.00000000,0.00,0,0,1.26,0.014,0.1960,0.5390,1.6170,1.7157,0.508057,0.076538,-0.024780,0.857544,7.756,73.8,-1
1782769536.728,3971,894656,0,0.00000000,0.00000000,0.00,0,0,1.14,-0.053,0.2940,0.0980,1.5190,1.5503,0.508057,0.076599,-0.024780,0.857544,7.759,73.8,-1
1782769536.916,3972,894877,0,0.00000000,0.00000000,0.00,0,0,1.20,-0.010,1.0290,0.1470,2.3520,2.5714,0.508057,0.076538,-0.024780,0.857544,7.759,73.8,-1
1782769537.180,3973,895104,0,0.00000000,0.00000000,0.00,0,0,1.25,0.019,-0.7840,1.0780,-0.4410,1.4040,0.508057,0.076538,-0.024780,0.857544,7.760,68.8,-1
1782769537.381,3974,895322,0,0.00000000,0.00000000,0.00,0,0,1.27,0.040,0.2450,1.2740,0.4900,1.3868,0.508057,0.076538,-0.024719,0.857544,7.758,76.2,-1
1782769537.631,3975,895536,0,0.00000000,0.00000000,0.00,0,0,1.17,-0.032,0.2450,0.8330,1.5680,1.7924,0.508057,0.076538,-0.024719,0.857544,7.758,72.5,-1
1782769537.818,3976,895761,0,0.00000000,0.00000000,0.00,0,0,1.03,-0.122,0.4900,0.2940,1.3720,1.4862,0.508057,0.076538,-0.024780,0.857544,7.759,77.5,-1
1782769538.067,3977,895986,0,0.00000000,0.00000000,0.00,0,0,1.09,-0.071,1.5190,0.6860,1.7640,2.4269,0.508057,0.076599,-0.024841,0.857544,7.755,75.0,-1
1782769538.255,3978,896210,0,0.00000000,0.00000000,0.00,0,0,1.26,0.036,0.0000,0.3430,2.1070,2.1347,0.508057,0.076538,-0.024902,0.857544,7.758,76.2,-1
1782769538.505,3979,896430,0,0.00000000,0.00000000,0.00,0,0,1.16,-0.021,0.2940,0.4900,1.8620,1.9477,0.508057,0.076477,-0.024902,0.857605,7.755,76.2,-1
1782769538.692,3980,896657,0,0.00000000,0.00000000,0.00,0,0,1.12,-0.043,0.1470,0.4900,1.4700,1.5565,0.508057,0.076416,-0.024963,0.857605,7.756,75.0,-1
1782769538.944,3981,896875,0,0.00000000,0.00000000,0.00,0,0,1.29,0.060,0.0490,0.1470,1.5190,1.5269,0.508057,0.076538,-0.024902,0.857544,7.760,76.2,-1
1782769539.131,3982,897094,0,0.00000000,0.00000000,0.00,0,0,1.19,-0.011,0.2450,0.5390,2.3520,2.4254,0.508057,0.076538,-0.024841,0.857544,7.756,73.8,-1
1782769539.380,3983,897321,0,0.00000000,0.00000000,0.00,0,0,1.05,-0.109,-0.4900,2.0580,0.0000,2.1155,0.508057,0.076477,-0.024780,0.857544,7.759,70.0,-1
1782769539.628,3984,897540,0,0.00000000,0.00000000,0.00,0,0,1.10,-0.077,0.8330,0.0000,1.8620,2.0398,0.508057,0.076477,-0.024841,0.857544,7.760,72.5,-1
1782769539.816,3985,897762,0,0.00000000,0.00000000,0.00,0,0,1.22,0.018,0.2940,0.5880,2.0090,2.1138,0.508057,0.076538,-0.024902,0.857544,7.761,70.0,-1
1782769540.066,3986,897988,0,0.00000000,0.00000000,0.00,0,0,1.19,-0.007,0.9310,0.6860,1.6660,2.0280,0.507996,0.076538,-0.024963,0.857544,7.753,80.0,-1
1782769540.253,3987,898212,0,0.00000000,0.00000000,0.00,0,0,1.31,0.053,0.8330,0.5880,2.1070,2.3407,0.508057,0.076538,-0.024902,0.857544,7.756,73.8,-1
1782769540.503,3988,898427,0,0.00000000,0.00000000,0.00,0,0,1.31,0.040,0.2450,0.2450,2.1070,2.1353,0.508057,0.076538,-0.024841,0.857544,7.758,76.2,-1
1782769540.689,3989,898651,0,0.00000000,0.00000000,0.00,0,0,1.18,-0.026,0.0490,1.1270,1.6660,2.0120,0.508057,0.076538,-0.024841,0.857544,7.755,76.2,-1
1782769540.940,3990,898872,0,0.00000000,0.00000000,0.00,0,0,1.29,0.054,0.2940,0.3430,1.4210,1.4911,0.508057,0.076538,-0.024780,0.857544,7.758,71.2,-1
1782769541.187,3991,899095,0,0.00000000,0.00000000,0.00,0,0,1.35,0.084,0.0490,0.8330,1.6170,1.8196,0.508057,0.076477,-0.024719,0.857544,7.760,72.5,-1
1782769541.374,3992,899316,0,0.00000000,0.00000000,0.00,0,0,1.17,-0.039,0.5390,0.6370,1.2740,1.5229,0.508057,0.076477,-0.024719,0.857544,7.760,72.5,-1
1782769541.623,3993,899535,0,0.00000000,0.00000000,0.00,0,0,1.12,-0.059,0.4900,0.9800,1.4210,1.7944,0.508057,0.076538,-0.024719,0.857544,7.758,71.2,-1
1782769541.810,3994,899756,0,0.00000000,0.00000000,0.00,0,0,1.13,-0.030,0.4410,0.7350,1.5680,1.7870,0.508057,0.076538,-0.024719,0.857544,7.758,72.5,-1
1782769542.058,3995,899977,0,0.00000000,0.00000000,0.00,0,0,1.11,-0.049,0.4410,0.7350,2.3520,2.5033,0.508057,0.076599,-0.024719,0.857544,7.756,73.8,-1
1782769542.245,3996,900198,0,0.00000000,0.00000000,0.00,0,0,1.15,-0.019,-0.3920,0.6860,0.8820,1.1841,0.508057,0.076660,-0.024841,0.857544,7.758,71.2,-1
1782769542.496,3997,900437,0,0.00000000,0.00000000,0.00,0,0,1.16,-0.014,0.3920,0.6370,2.0580,2.1897,0.508057,0.076660,-0.024902,0.857544,7.758,75.0,-1
1782769542.743,3998,900655,0,0.00000000,0.00000000,0.00,0,0,1.33,0.096,0.4410,1.2250,1.7150,2.1532,0.507996,0.076599,-0.024963,0.857544,7.755,76.2,-1
1782769542.931,3999,900877,0,0.00000000,0.00000000,0.00,0,0,1.26,0.042,-0.7840,0.9310,0.9800,1.5626,0.507996,0.076599,-0.025024,0.857544,7.756,72.5,-1
1782769543.179,4000,901095,0,0.00000000,0.00000000,0.00,0,0,1.23,0.028,0.1960,-0.0980,1.9600,1.9722,0.507996,0.076599,-0.025024,0.857544,7.756,77.5,-1
1782769543.365,4001,901316,0,0.00000000,0.00000000,0.00,0,0,1.22,0.011,0.1960,0.9310,1.1760,1.5127,0.507996,0.076599,-0.025024,0.857544,7.754,73.8,-1
1782769543.613,4002,901534,0,0.00000000,0.00000000,0.00,0,0,1.18,-0.000,0.3430,0.1960,0.5880,0.7084,0.507996,0.076660,-0.024963,0.857544,7.759,72.5,-1
1782769543.815,4003,901754,0,0.00000000,0.00000000,0.00,0,0,1.16,-0.021,1.0290,0.0000,2.0090,2.2572,0.507996,0.076721,-0.024963,0.857544,7.760,71.2,-1
1782769544.064,4004,901981,0,0.00000000,0.00000000,0.00,0,0,1.28,0.053,1.2250,0.5880,3.0380,3.3280,0.507996,0.076782,-0.024902,0.857544,7.756,75.0,-1
1782769544.251,4005,902204,0,0.00000000,0.00000000,0.00,0,0,1.19,0.014,-0.1960,0.5880,1.8130,1.9160,0.508057,0.076721,-0.024902,0.857544,7.758,71.2,-1
1782769544.500,4006,902453,0,0.00000000,0.00000000,0.00,0,0,1.16,-0.009,0.0490,0.5390,2.1560,2.2229,0.508057,0.076721,-0.024841,0.857544,7.760,72.5,-1
1782769544.747,4007,902679,0,0.00000000,0.00000000,0.00,0,0,1.13,-0.021,0.2450,0.1470,2.2540,2.2720,0.508057,0.076721,-0.024841,0.857544,7.755,81.2,-1
1782769544.949,4008,902905,0,0.00000000,0.00000000,0.00,0,0,1.17,-0.015,0.2450,0.9800,1.3720,1.7038,0.508057,0.076782,-0.024841,0.857544,7.758,76.2,-1
1782769545.198,4009,903128,0,0.00000000,0.00000000,0.00,0,0,1.16,-0.043,0.3920,0.5880,1.3720,1.5433,0.507996,0.076782,-0.024841,0.857544,7.754,76.2,-1
1782769545.448,4010,903352,0,0.00000000,0.00000000,0.00,0,0,1.22,-0.010,0.3920,1.0290,1.9110,2.2055,0.507935,0.076904,-0.024902,0.857605,7.754,75.0,-1
1782769545.633,4011,903564,0,0.00000000,0.00000000,0.00,0,0,1.36,0.086,0.0490,0.5390,1.2740,1.3842,0.507812,0.077026,-0.025024,0.857666,7.756,70.0,-1
1782769545.821,4012,903787,0,0.00000000,0.00000000,0.00,0,0,1.21,-0.019,-0.4900,0.5880,0.6370,0.9958,0.507751,0.077026,-0.025085,0.857666,7.753,73.8,-1
1782769546.071,4013,904013,0,0.00000000,0.00000000,0.00,0,0,1.27,0.011,0.0490,1.0290,1.7150,2.0006,0.507812,0.076904,-0.025085,0.857666,7.758,76.2,-1
1782769546.322,4014,904236,0,0.00000000,0.00000000,0.00,0,0,1.33,0.058,0.0490,0.8330,1.5190,1.7331,0.507812,0.076843,-0.025146,0.857666,7.755,72.5,-1
1782769546.509,4015,904452,0,0.00000000,0.00000000,0.00,0,0,1.24,-0.019,1.3720,0.0490,2.3030,2.6812,0.507812,0.076843,-0.025085,0.857666,7.755,75.0,-1
1782769546.760,4016,904677,0,0.00000000,0.00000000,0.00,0,0,1.32,0.052,0.2940,0.4410,2.0580,2.1252,0.507874,0.076843,-0.025085,0.857605,7.753,73.8,-1
1782769546.947,4017,904899,0,0.00000000,0.00000000,0.00,0,0,1.17,-0.043,-0.0980,0.7840,2.0090,2.1588,0.507935,0.076843,-0.024963,0.857605,7.754,78.8,-1
1782769547.198,4018,905120,0,0.00000000,0.00000000,0.00,0,0,1.26,0.003,0.3920,0.3430,1.2250,1.3311,0.507935,0.076843,-0.025024,0.857605,7.755,73.8,-1
1782769547.384,4019,905345,0,0.00000000,0.00000000,0.00,0,0,1.33,0.041,0.3920,0.8820,1.0780,1.4470,0.507935,0.076721,-0.025024,0.857605,7.753,78.8,-1
1782769547.632,4020,905562,0,0.00000000,0.00000000,0.00,0,0,1.26,0.002,0.3430,0.2450,1.6660,1.7185,0.507935,0.076721,-0.025024,0.857605,7.755,75.0,-1
1782769547.880,4021,905790,0,0.00000000,0.00000000,0.00,0,0,1.18,-0.061,0.6370,0.6370,2.6950,2.8416,0.507935,0.076782,-0.024963,0.857605,7.754,73.8,-1
1782769548.068,4022,906011,0,0.00000000,0.00000000,0.00,0,0,1.39,0.068,0.6370,0.1470,2.6950,2.7732,0.507935,0.076782,-0.024902,0.857605,7.755,73.8,-1
1782769548.315,4023,906232,0,0.00000000,0.00000000,0.00,0,0,1.35,0.045,0.1470,0.9800,1.8620,2.1093,0.507935,0.076721,-0.024841,0.857605,7.753,72.5,-1
1782769548.502,4024,906451,0,0.00000000,0.00000000,0.00,0,0,1.29,0.012,0.0490,0.8330,1.6170,1.8196,0.507935,0.076660,-0.024902,0.857605,7.754,76.2,-1
1782769548.753,4025,906669,0,0.00000000,0.00000000,0.00,0,0,1.23,-0.046,0.2450,0.6370,1.4700,1.6207,0.507935,0.076660,-0.024902,0.857605,7.759,71.2,-1
1782769548.939,4026,906889,0,0.00000000,0.00000000,0.00,0,0,1.24,-0.036,0.2940,0.4900,1.5190,1.6229,0.507935,0.076660,-0.024963,0.857605,7.751,80.0,-1
1782769549.190,4027,907112,0,0.00000000,0.00000000,0.00,0,0,1.37,0.041,0.9310,0.2450,1.6660,1.9241,0.507935,0.076721,-0.024963,0.857605,7.755,72.5,-1
1782769549.375,4028,907332,0,0.00000000,0.00000000,0.00,0,0,1.35,0.029,-0.1470,0.9310,0.9800,1.3597,0.507935,0.076782,-0.024963,0.857605,7.755,72.5,-1
1782769549.625,4029,907550,0,0.00000000,0.00000000,0.00,0,0,1.16,-0.085,0.2940,0.6370,1.2250,1.4117,0.507935,0.076782,-0.024902,0.857605,7.755,80.0,-1
1782769549.814,4030,907771,0,0.00000000,0.00000000,0.00,0,0,1.27,-0.007,-0.0980,0.8820,0.5880,1.0646,0.507935,0.076843,-0.024963,0.857605,7.755,76.2,-1
1782769550.062,4031,907992,0,0.00000000,0.00000000,0.00,0,0,1.19,-0.044,-0.1960,1.1270,1.9110,2.2272,0.507935,0.076843,-0.024902,0.857605,7.749,78.8,-1
1782769550.249,4032,908211,0,0.00000000,0.00000000,0.00,0,0,1.26,0.000,0.5880,0.2940,1.4700,1.6103,0.507935,0.076843,-0.024902,0.857605,7.749,76.2,-1
1782769550.498,4033,908427,0,0.00000000,0.00000000,0.00,0,0,1.32,0.044,-0.0980,0.5390,1.6170,1.7073,0.507935,0.076843,-0.024902,0.857605,7.756,71.2,-1
1782769550.748,4034,908655,0,0.00000000,0.00000000,0.00,0,0,1.23,-0.011,0.9310,0.3920,1.1760,1.5503,0.507935,0.076843,-0.024902,0.857605,7.755,73.8,-1
1782769550.936,4035,908877,0,0.00000000,0.00000000,0.00,0,0,1.21,-0.015,-0.2450,0.5390,1.6170,1.7220,0.507935,0.076904,-0.024902,0.857605,7.756,73.8,-1
1782769551.182,4036,909094,0,0.00000000,0.00000000,0.00,0,0,1.20,-0.003,0.1470,0.6860,2.3520,2.4544,0.507935,0.076904,-0.024902,0.857605,7.751,75.0,-1
1782769551.370,4037,909318,0,0.00000000,0.00000000,0.00,0,0,1.34,0.081,0.0980,1.0780,1.0780,1.5277,0.507935,0.076843,-0.024902,0.857605,7.758,71.2,-1
1782769551.620,4038,909531,0,0.00000000,0.00000000,0.00,0,0,1.22,0.002,0.6860,1.3230,1.6660,2.2353,0.507935,0.076782,-0.024902,0.857605,7.758,72.5,-1
1782769551.805,4039,909759,0,0.00000000,0.00000000,0.00,0,0,1.36,0.106,0.1960,1.5680,1.9110,2.4797,0.507935,0.076721,-0.024841,0.857605,7.758,72.5,-1
1782769552.069,4040,909977,0,0.00000000,0.00000000,0.00,0,0,1.42,0.146,0.3430,0.6860,1.6660,1.8341,0.507935,0.076721,-0.024780,0.857605,7.753,76.2,-1
1782769552.256,4041,910198,0,0.00000000,0.00000000,0.00,0,0,1.30,0.054,0.3920,1.1270,2.2050,2.5072,0.507935,0.076660,-0.024780,0.857605,7.760,72.5,-1
1782769552.505,4042,910444,0,0.00000000,0.00000000,0.00,0,0,1.18,-0.030,0.9800,0.8330,2.7930,3.0749,0.507935,0.076660,-0.024780,0.857605,7.758,70.0,-1
1782769552.754,4043,910670,0,0.00000000,0.00000000,0.00,0,0,1.31,0.051,0.7350,0.8330,2.4500,2.6901,0.507935,0.076660,-0.024780,0.857605,7.756,71.2,-1
1782769552.942,4044,910891,0,0.00000000,0.00000000,0.00,0,0,1.19,-0.017,0.5880,0.4900,1.7150,1.8780,0.507935,0.076721,-0.024780,0.857605,7.759,72.5,-1
1782769553.192,4045,911108,0,0.00000000,0.00000000,0.00,0,0,1.32,0.064,0.8330,0.2940,1.9110,2.1053,0.507935,0.076721,-0.024780,0.857605,7.758,72.5,-1
1782769553.378,4046,911332,0,0.00000000,0.00000000,0.00,0,0,1.34,0.064,0.4900,0.3920,1.0780,1.2473,0.507935,0.076660,-0.024719,0.857605,7.756,70.0,-1
1782769553.642,4047,911548,0,0.00000000,0.00000000,0.00,0,0,1.26,0.019,0.4900,0.1960,2.2050,2.2673,0.507935,0.076660,-0.024719,0.857605,7.758,72.5,-1
1782769553.828,4048,911774,0,0.00000000,0.00000000,0.00,0,0,1.37,0.058,0.9800,0.7350,1.2250,1.7324,0.507935,0.076660,-0.024719,0.857605,7.760,71.2,-1
1782769554.078,4049,911996,0,0.00000000,0.00000000,0.00,0,0,1.33,0.043,0.2450,1.4700,1.2740,1.9606,0.507935,0.076721,-0.024780,0.857605,7.758,73.8,-1
1782769554.281,4050,912223,0,0.00000000,0.00000000,0.00,0,0,1.27,0.002,0.1470,0.0490,2.6950,2.6995,0.507935,0.076721,-0.024841,0.857605,7.756,71.2,-1
1782769554.483,4051,912435,0,0.00000000,0.00000000,0.00,0,0,1.22,-0.014,0.0000,0.8820,1.5190,1.7565,0.507935,0.076721,-0.024841,0.857605,7.760,73.8,-1
1782769554.731,4052,912653,0,0.00000000,0.00000000,0.00,0,0,1.18,-0.036,-0.0980,0.4900,1.5680,1.6457,0.507935,0.076721,-0.024963,0.857605,7.758,72.5,-1
1782769554.934,4053,912875,0,0.00000000,0.00000000,0.00,0,0,1.31,0.053,0.1470,0.3430,2.7440,2.7693,0.507935,0.076721,-0.025024,0.857605,7.760,71.2,-1
1782769555.183,4054,913097,0,0.00000000,0.00000000,0.00,0,0,1.31,0.058,0.3920,0.1470,1.7150,1.7654,0.507935,0.076721,-0.025085,0.857605,7.759,71.2,-1
1782769555.370,4055,913315,0,0.00000000,0.00000000,0.00,0,0,1.15,-0.071,0.3920,0.5880,1.1270,1.3302,0.507935,0.076721,-0.025085,0.857605,7.755,75.0,-1
1782769555.620,4056,913532,0,0.00000000,0.00000000,0.00,0,0,1.18,-0.073,0.5390,0.2450,1.6170,1.7220,0.507935,0.076721,-0.025146,0.857605,7.756,76.2,-1
1782769555.809,4057,913759,0,0.00000000,0.00000000,0.00,0,0,1.44,0.096,-0.0980,0.7840,0.6370,1.0149,0.507935,0.076660,-0.025146,0.857605,7.758,70.0,-1
1782769555.995,4058,913959,0,0.00000000,0.00000000,0.00,0,0,1.34,0.028,0.0000,0.7840,1.0780,1.3329,0.507935,0.076660,-0.025146,0.857605,7.758,73.8,-1
1782769556.245,4059,914176,0,0.00000000,0.00000000,0.00,0,0,1.32,0.009,0.3920,0.1470,1.2250,1.2946,0.507935,0.076660,-0.025085,0.857605,7.754,75.0,-1
1782769556.446,4060,914399,0,0.00000000,0.00000000,0.00,0,0,1.23,-0.055,0.3430,-0.2940,0.8330,0.9476,0.507935,0.076599,-0.024963,0.857605,7.755,76.2,-1
1782769556.694,4061,914611,0,0.00000000,0.00000000,0.00,0,0,1.26,-0.041,0.4900,0.6860,1.9110,2.0887,0.507935,0.076599,-0.024963,0.857605,7.756,72.5,-1
1782769556.881,4062,914837,0,0.00000000,0.00000000,0.00,0,0,1.38,0.042,0.4410,0.7840,1.0290,1.3667,0.507935,0.076599,-0.024902,0.857605,7.755,73.8,-1
1782769557.128,4063,915058,0,0.00000000,0.00000000,0.00,0,0,1.29,-0.022,0.2450,0.2450,1.5190,1.5580,0.507935,0.076660,-0.024902,0.857605,7.758,73.8,-1
1782769557.315,4064,915281,0,0.00000000,0.00000000,0.00,0,0,1.29,-0.013,0.8820,0.0980,2.2050,2.3769,0.507935,0.076721,-0.024963,0.857605,7.759,72.5,-1
1782769557.565,4065,915495,0,0.00000000,0.00000000,0.00,0,0,1.34,0.021,-0.4900,1.0780,0.8330,1.4478,0.507935,0.076843,-0.024963,0.857605,7.759,71.2,-1
1782769557.815,4066,915722,0,0.00000000,0.00000000,0.00,0,0,1.32,0.011,0.5880,0.4410,1.5190,1.6875,0.507874,0.076843,-0.024841,0.857666,7.758,72.5,-1
1782769558.002,4067,915940,0,0.00000000,0.00000000,0.00,0,0,1.26,-0.028,0.1470,0.8820,1.4700,1.7206,0.507874,0.076782,-0.024780,0.857666,7.758,70.0,-1
1782769558.251,4068,916162,0,0.00000000,0.00000000,0.00,0,0,1.33,-0.004,0.1470,0.4410,2.0090,2.0621,0.507935,0.076660,-0.024780,0.857605,7.756,72.5,-1
1782769558.437,4069,916382,0,0.00000000,0.00000000,0.00,0,0,1.21,-0.077,0.2450,0.2940,1.0780,1.1439,0.507935,0.076660,-0.024780,0.857605,7.756,75.0,-1
1782769558.687,4070,916597,0,0.00000000,0.00000000,0.00,0,0,1.13,-0.121,0.4900,0.5880,1.9110,2.0586,0.507935,0.076599,-0.024780,0.857666,7.756,73.8,-1
1782769558.874,4071,916822,0,0.00000000,0.00000000,0.00,0,0,1.25,-0.057,0.3920,0.4900,0.9800,1.1637,0.507935,0.076599,-0.024780,0.857666,7.755,73.8,-1
1782769559.122,4072,917042,0,0.00000000,0.00000000,0.00,0,0,1.24,-0.048,0.8820,0.7350,1.8620,2.1875,0.507935,0.076538,-0.024780,0.857666,7.756,76.2,-1
1782769559.325,4073,917265,0,0.00000000,0.00000000,0.00,0,0,1.24,-0.042,0.0980,0.8820,1.6660,1.8876,0.507935,0.076538,-0.024780,0.857666,7.759,71.2,-1
1782769559.513,4074,917476,0,0.00000000,0.00000000,0.00,0,0,1.21,-0.057,0.9800,0.4410,3.2830,3.4544,0.507935,0.076538,-0.024719,0.857666,7.758,73.8,-1
1782769559.760,4075,917694,0,0.00000000,0.00000000,0.00,0,0,1.24,-0.034,0.4410,0.5880,2.7440,2.8407,0.507935,0.076599,-0.024719,0.857666,7.754,80.0,-1
1782769560.009,4076,917917,0,0.00000000,0.00000000,0.00,0,0,1.23,-0.042,-0.2450,0.8820,2.1070,2.2973,0.507935,0.076660,-0.024780,0.857605,7.756,75.0,-1
1782769560.194,4077,918141,0,0.00000000,0.00000000,0.00,0,0,1.17,-0.073,0.3430,0.4900,1.0290,1.1902,0.507935,0.076660,-0.024719,0.857605,7.754,75.0,-1
1782769560.444,4078,918369,0,0.00000000,0.00000000,0.00,0,0,1.17,-0.072,0.3430,0.9800,1.5190,1.8399,0.507935,0.076660,-0.024719,0.857605,7.760,72.5,-1
1782769560.630,4079,918588,0,0.00000000,0.00000000,0.00,0,0,1.24,-0.012,0.0980,0.5880,1.3720,1.4959,0.507935,0.076721,-0.024780,0.857605,7.761,72.5,-1
1782769560.879,4080,918807,0,0.00000000,0.00000000,0.00,0,0,1.17,-0.043,0.0980,0.5390,1.7640,1.8471,0.507935,0.076660,-0.024719,0.857605,7.759,76.2,-1
1782769561.064,4081,919028,0,0.00000000,0.00000000,0.00,0,0,1.07,-0.086,0.3920,0.4900,1.7640,1.8723,0.507935,0.076660,-0.024719,0.857605,7.760,73.8,-1
1782769561.330,4082,919253,0,0.00000000,0.00000000,0.00,0,0,1.15,-0.044,0.1960,0.5880,1.0290,1.2012,0.507935,0.076660,-0.024719,0.857605,7.758,72.5,-1
1782769561.516,4083,919467,0,0.00000000,0.00000000,0.00,0,0,1.19,0.009,0.1960,1.0780,1.6660,1.9940,0.507935,0.076660,-0.024719,0.857605,7.756,75.0,-1
1782769561.763,4084,919691,0,0.00000000,0.00000000,0.00,0,0,1.24,0.022,0.2940,0.3920,2.4990,2.5466,0.507935,0.076721,-0.024719,0.857605,7.754,72.5,-1
1782769561.950,4085,919910,0,0.00000000,0.00000000,0.00,0,0,1.20,0.013,0.0980,0.5390,1.5680,1.6609,0.507935,0.076660,-0.024719,0.857605,7.755,73.8,-1
1782769562.202,4086,920133,0,0.00000000,0.00000000,0.00,0,0,1.19,-0.003,0.0980,0.4900,1.5190,1.5991,0.507935,0.076599,-0.024719,0.857666,7.756,72.5,-1
1782769562.389,4087,920355,0,0.00000000,0.00000000,0.00,0,0,1.14,-0.043,-0.3430,1.3720,1.2250,1.8710,0.507935,0.076599,-0.024719,0.857666,7.756,73.8,-1
1782769562.635,4088,920570,0,0.00000000,0.00000000,0.00,0,0,1.16,-0.014,0.3430,0.6860,2.1070,2.2423,0.507935,0.076599,-0.024719,0.857666,7.753,76.2,-1
1782769562.885,4089,920795,0,0.00000000,0.00000000,0.00,0,0,1.22,0.023,0.2450,0.9310,1.3720,1.6761,0.507935,0.076599,-0.024719,0.857666,7.759,73.8,-1
1782769563.087,4090,921013,0,0.00000000,0.00000000,0.00,0,0,1.15,-0.020,0.0490,0.5880,1.4210,1.5386,0.507935,0.076599,-0.024719,0.857666,7.754,72.5,-1
1782769563.274,4091,921233,0,0.00000000,0.00000000,0.00,0,0,1.10,-0.031,0.5390,0.5390,1.4210,1.6125,0.507935,0.076660,-0.024719,0.857605,7.756,76.2,-1
1782769563.523,4092,921448,0,0.00000000,0.00000000,0.00,0,0,1.25,0.056,0.3430,0.6370,1.2740,1.4651,0.507935,0.076660,-0.024719,0.857605,7.759,72.5,-1
1782769563.710,4093,921672,0,0.00000000,0.00000000,0.00,0,0,1.13,-0.028,0.6860,0.1470,2.4010,2.5014,0.507935,0.076599,-0.024719,0.857666,7.754,77.5,-1
1782769563.976,4094,921897,0,0.00000000,0.00000000,0.00,0,0,1.13,-0.019,0.0490,0.4410,2.0580,2.1053,0.507935,0.076599,-0.024658,0.857666,7.755,77.5,-1
1782769564.160,4095,922115,0,0.00000000,0.00000000,0.00,0,0,1.22,0.009,0.2940,0.8820,1.5680,1.8229,0.507935,0.076599,-0.024658,0.857666,7.755,75.0,-1
1782769564.411,4096,922337,0,0.00000000,0.00000000,0.00,0,0,1.27,0.041,0.2450,0.4900,2.0090,2.0824,0.507935,0.076599,-0.024658,0.857666,7.756,75.0,-1
1782769564.597,4097,922552,0,0.00000000,0.00000000,0.00,0,0,1.20,-0.035,-0.4900,1.2740,0.0490,1.3659,0.507935,0.076538,-0.024658,0.857666,7.754,77.5,-1
1782769564.847,4098,922776,0,0.00000000,0.00000000,0.00,0,0,1.20,-0.034,0.2450,0.8820,1.6170,1.8581,0.507935,0.076599,-0.024658,0.857666,7.753,75.0,-1
1782769565.049,4099,922998,0,0.00000000,0.00000000,0.00,0,0,1.27,-0.006,-0.3430,0.9310,1.1270,1.5015,0.507935,0.076599,-0.024658,0.857666,7.755,73.8,-1
1782769565.299,4100,923218,0,0.00000000,0.00000000,0.00,0,0,1.23,-0.018,0.0490,0.2940,1.4700,1.4999,0.507935,0.076599,-0.024658,0.857666,7.754,76.2,-1
1782769565.487,4101,923433,0,0.00000000,0.00000000,0.00,0,0,1.15,-0.051,0.1470,0.8820,1.7150,1.9341,0.507935,0.076660,-0.024780,0.857605,7.754,75.0,-1
1782769565.751,4102,923659,0,0.00000000,0.00000000,0.00,0,0,1.16,-0.044,0.2940,0.7350,2.2540,2.3890,0.507935,0.076721,-0.024780,0.857605,7.755,76.2,-1
1782769565.939,4103,923879,0,0.00000000,0.00000000,0.00,0,0,1.26,0.014,0.5390,0.7350,1.2740,1.5665,0.507935,0.076721,-0.024780,0.857605,7.755,76.2,-1
1782769566.188,4104,924102,0,0.00000000,0.00000000,0.00,0,0,1.10,-0.067,0.3430,0.5390,1.5680,1.6932,0.507935,0.076660,-0.024780,0.857605,7.754,73.8,-1
1782769566.374,4105,924321,0,0.00000000,0.00000000,0.00,0,0,1.24,0.001,0.4410,0.2450,1.5680,1.6472,0.507935,0.076721,-0.024780,0.857605,7.756,75.0,-1
1782769566.626,4106,924533,0,0.00000000,0.00000000,0.00,0,0,1.19,-0.039,0.4900,0.9800,1.4210,1.7944,0.507935,0.076721,-0.024841,0.857605,7.755,73.8,-1
1782769566.812,4107,924752,0,0.00000000,0.00000000,0.00,0,0,1.19,-0.012,0.5880,0.0490,1.9600,2.0469,0.507874,0.076660,-0.024841,0.857605,7.756,76.2,-1
1782769567.062,4108,924976,0,0.00000000,0.00000000,0.00,0,0,1.24,0.014,0.6370,0.1960,1.1760,1.3517,0.507935,0.076660,-0.024780,0.857666,7.753,77.5,-1
1782769567.248,4109,925203,0,0.00000000,0.00000000,0.00,0,0,1.25,0.022,0.3920,0.2940,1.6170,1.6896,0.507935,0.076599,-0.024780,0.857666,7.756,73.8,-1
1782769567.497,4110,925451,0,0.00000000,0.00000000,0.00,0,0,1.23,0.007,0.1470,0.7840,1.9600,2.1161,0.507935,0.076660,-0.024780,0.857605,7.754,81.2,-1
1782769567.746,4111,925674,0,0.00000000,0.00000000,0.00,0,0,1.22,0.001,0.4900,0.6370,1.1760,1.4244,0.507935,0.076660,-0.024719,0.857605,7.749,77.5,-1
1782769567.934,4112,925897,0,0.00000000,0.00000000,0.00,0,0,1.11,-0.082,-0.0980,1.0780,1.6170,1.9459,0.507935,0.076599,-0.024719,0.857605,7.753,82.5,-1
1782769568.185,4113,926114,0,0.00000000,0.00000000,0.00,0,0,1.15,-0.051,0.5390,1.1270,1.2740,1.7843,0.507935,0.076660,-0.024719,0.857605,7.754,81.2,-1
1782769568.372,4114,926335,0,0.00000000,0.00000000,0.00,0,0,1.09,-0.091,0.2450,0.0000,1.6660,1.6839,0.507935,0.076599,-0.024780,0.857666,7.753,76.2,-1
1782769568.622,4115,926546,0,0.00000000,0.00000000,0.00,0,0,1.13,-0.078,0.2450,0.6860,2.0090,2.1370,0.507935,0.076538,-0.024780,0.857666,7.755,76.2,-1
1782769568.808,4116,926766,0,0.00000000,0.00000000,0.00,0,0,1.18,-0.056,0.1960,0.6370,1.7150,1.8399,0.507935,0.076477,-0.024841,0.857666,7.756,71.2,-1
1782769569.058,4117,926988,0,0.00000000,0.00000000,0.00,0,0,1.15,-0.058,0.3920,0.1470,1.6170,1.6703,0.507874,0.076599,-0.024902,0.857666,7.760,76.2,-1
1782769569.244,4118,927206,0,0.00000000,0.00000000,0.00,0,0,1.19,-0.022,0.2450,0.8330,1.2740,1.5417,0.507874,0.076538,-0.024963,0.857666,7.756,72.5,-1
1782769569.494,4119,927454,0,0.00000000,0.00000000,0.00,0,0,1.20,0.002,0.0490,0.6860,1.6660,1.8024,0.507874,0.076538,-0.024963,0.857666,7.755,76.2,-1
1782769569.744,4120,927679,0,0.00000000,0.00000000,0.00,0,0,1.16,-0.040,0.0000,1.0780,1.4210,1.7836,0.507935,0.076538,-0.024902,0.857666,7.758,78.8,-1
1782769569.992,4121,927897,0,0.00000000,0.00000000,0.00,0,0,1.27,0.049,-0.1470,0.6860,0.7840,1.0521,0.507935,0.076538,-0.024841,0.857666,7.750,85.0,-1
1782769570.179,4122,928118,0,0.00000000,0.00000000,0.00,0,0,1.23,0.013,-0.4900,0.7840,1.4210,1.6953,0.507935,0.076538,-0.024841,0.857666,7.754,82.5,-1
1782769570.427,4123,928339,0,0.00000000,0.00000000,0.00,0,0,1.21,0.006,0.4410,0.6370,1.5680,1.7490,0.507935,0.076477,-0.024902,0.857666,7.754,81.2,-1
1782769570.612,4124,928550,0,0.00000000,0.00000000,0.00,0,0,1.15,-0.045,-0.6370,0.8330,1.0290,1.4692,0.507935,0.076477,-0.024841,0.857666,7.756,76.2,-1
1782769570.860,4125,928770,0,0.00000000,0.00000000,0.00,0,0,1.08,-0.086,0.1470,0.7350,1.1270,1.3535,0.507935,0.076538,-0.024841,0.857666,7.756,77.5,-1
1782769571.047,4126,928993,0,0.00000000,0.00000000,0.00,0,0,1.06,-0.079,0.0980,0.6860,2.1070,2.2180,0.507874,0.076599,-0.024902,0.857666,7.759,73.8,-1
1782769571.297,4127,929211,0,0.00000000,0.00000000,0.00,0,0,1.09,-0.061,0.3920,0.8820,1.3720,1.6775,0.507874,0.076599,-0.024963,0.857666,7.754,77.5,-1
1782769571.481,4128,929428,0,0.00000000,0.00000000,0.00,0,0,1.16,-0.021,0.3920,0.3430,1.9110,1.9807,0.507874,0.076599,-0.024963,0.857666,7.755,76.2,-1
1782769571.727,4129,929651,0,0.00000000,0.00000000,0.00,0,0,1.11,-0.040,0.0490,0.6860,1.6660,1.8024,0.507935,0.076599,-0.024841,0.857666,7.755,77.5,-1
1782769571.914,4130,929874,0,0.00000000,0.00000000,0.00,0,0,1.02,-0.089,0.0000,0.3920,1.3230,1.3799,0.507935,0.076599,-0.024841,0.857666,7.758,75.0,-1
1782769572.163,4131,930093,0,0.00000000,0.00000000,0.00,0,0,1.08,-0.051,0.0980,0.4900,1.7640,1.8334,0.507935,0.076538,-0.024902,0.857666,7.756,76.2,-1
1782769572.352,4132,930317,0,0.00000000,0.00000000,0.00,0,0,1.10,-0.038,1.6660,0.7840,1.2740,2.2390,0.507935,0.076538,-0.024841,0.857666,7.760,70.0,-1
1782769572.602,4133,930536,0,0.00000000,0.00000000,0.00,0,0,1.14,-0.022,0.0000,0.6860,1.6660,1.8017,0.507935,0.076538,-0.024780,0.857666,7.754,73.8,-1
1782769572.850,4134,930757,0,0.00000000,0.00000000,0.00,0,0,1.08,-0.064,0.0980,0.6860,1.2250,1.4074,0.507935,0.076477,-0.024841,0.857666,7.756,73.8,-1
1782769573.038,4135,930974,0,0.00000000,0.00000000,0.00,0,0,1.06,-0.056,0.0980,0.5390,1.8130,1.8940,0.507935,0.076599,-0.024841,0.857666,7.755,77.5,-1
1782769573.287,4136,931199,0,0.00000000,0.00000000,0.00,0,0,1.06,-0.043,0.5880,0.1470,2.3030,2.3814,0.507935,0.076538,-0.024841,0.857666,7.758,72.5,-1
1782769573.535,4137,931448,0,0.00000000,0.00000000,0.00,0,0,1.08,-0.032,0.3920,0.4900,1.1270,1.2899,0.507935,0.076538,-0.024780,0.857666,7.759,77.5,-1
1782769573.721,4138,931670,0,0.00000000,0.00000000,0.00,0,0,0.99,-0.082,0.5880,0.1470,1.7150,1.8189,0.507935,0.076538,-0.024780,0.857666,7.755,76.2,-1
1782769573.969,4139,931889,0,0.00000000,0.00000000,0.00,0,0,0.92,-0.100,0.9800,0.4410,3.1360,3.3150,0.507935,0.076477,-0.024841,0.857666,7.758,75.0,-1
1782769574.157,4140,932112,0,0.00000000,0.00000000,0.00,0,0,0.91,-0.101,0.4410,0.8820,1.6660,1.9360,0.507874,0.076538,-0.024902,0.857666,7.753,77.5,-1
1782769574.405,4141,932329,0,0.00000000,0.00000000,0.00,0,0,1.04,0.001,0.3920,0.5880,2.0090,2.1297,0.507874,0.076599,-0.024963,0.857666,7.755,70.0,-1
1782769574.594,4142,932538,0,0.00000000,0.00000000,0.00,0,0,0.93,-0.063,0.3920,0.3430,1.2250,1.3311,0.507874,0.076538,-0.024963,0.857666,7.758,71.2,-1
1782769574.842,4143,932761,0,0.00000000,0.00000000,0.00,0,0,0.99,-0.036,0.4900,0.8330,1.6660,1.9260,0.507935,0.076599,-0.024902,0.857666,7.758,73.8,-1
1782769575.028,4144,932982,0,0.00000000,0.00000000,0.00,0,0,1.06,-0.015,0.0490,0.3430,1.8130,1.8458,0.507874,0.076660,-0.024841,0.857666,7.755,73.8,-1
1782769575.278,4145,933202,0,0.00000000,0.00000000,0.00,0,0,1.03,-0.031,0.5390,0.6370,2.2540,2.4035,0.507874,0.076721,-0.024841,0.857605,7.756,73.8,-1
1782769575.529,4146,933444,0,0.00000000,0.00000000,0.00,0,0,1.12,0.028,0.3430,0.3920,1.7150,1.7924,0.507874,0.076721,-0.024902,0.857605,7.758,72.5,-1
1782769575.715,4147,933662,0,0.00000000,0.00000000,0.00,0,0,1.07,-0.010,0.3920,0.4410,1.0780,1.2289,0.507874,0.076782,-0.024963,0.857605,7.754,75.0,-1
1782769575.963,4148,933884,0,0.00000000,0.00000000,0.00,0,0,0.99,-0.047,0.5880,0.2940,1.6170,1.7455,0.507874,0.076782,-0.024902,0.857605,7.760,68.8,-1
1782769576.149,4149,934103,0,0.00000000,0.00000000,0.00,0,0,1.04,-0.020,0.3430,0.1470,1.0780,1.1408,0.507874,0.076721,-0.024841,0.857605,7.755,75.0,-1
1782769576.400,4150,934328,0,0.00000000,0.00000000,0.00,0,0,1.05,-0.025,0.3430,0.4410,1.3720,1.4814,0.507935,0.076660,-0.024841,0.857666,7.760,72.5,-1
1782769576.587,4151,934543,0,0.00000000,0.00000000,0.00,0,0,1.08,0.014,1.1270,0.8330,2.5480,2.9080,0.507935,0.076599,-0.024841,0.857666,7.754,71.2,-1
1782769576.834,4152,934768,0,0.00000000,0.00000000,0.00,0,0,1.15,0.060,1.4210,0.8330,2.8910,3.3273,0.507935,0.076599,-0.024841,0.857666,7.758,72.5,-1
1782769577.083,4153,934996,0,0.00000000,0.00000000,0.00,0,0,1.01,-0.029,0.1470,0.4900,1.7150,1.7897,0.507935,0.076538,-0.024780,0.857666,7.751,76.2,-1
1782769577.271,4154,935217,0,0.00000000,0.00000000,0.00,0,0,1.25,0.133,-0.6860,1.7640,0.0000,1.8927,0.507935,0.076660,-0.024780,0.857666,7.754,73.8,-1
1782769577.521,4155,935431,0,0.00000000,0.00000000,0.00,0,0,1.16,0.072,0.2940,0.5880,1.5680,1.7002,0.507935,0.076721,-0.024841,0.857605,7.756,71.2,-1
1782769577.710,4156,935659,0,0.00000000,0.00000000,0.00,0,0,1.19,0.068,0.3430,-0.2940,1.6660,1.7262,0.507874,0.076660,-0.024902,0.857605,7.756,75.0,-1
1782769577.958,4157,935884,0,0.00000000,0.00000000,0.00,0,0,1.20,0.055,0.2940,0.5390,1.8620,1.9606,0.507874,0.076660,-0.024902,0.857666,7.755,76.2,-1
1782769578.146,4158,936110,0,0.00000000,0.00000000,0.00,0,0,1.22,0.063,0.3920,1.1760,0.4410,1.3157,0.507935,0.076599,-0.024841,0.857666,7.756,72.5,-1
1782769578.395,4159,936327,0,0.00000000,0.00000000,0.00,0,0,1.14,0.004,0.4900,0.6370,1.0780,1.3446,0.507935,0.076660,-0.024841,0.857605,7.755,76.2,-1
1782769578.642,4160,936546,0,0.00000000,0.00000000,0.00,0,0,1.25,0.081,-0.0490,0.6860,1.3720,1.5347,0.507935,0.076721,-0.024841,0.857605,7.753,77.5,-1
1782769578.830,4161,936771,0,0.00000000,0.00000000,0.00,0,0,1.20,0.042,0.2450,0.8820,1.3230,1.6088,0.507935,0.076721,-0.024780,0.857605,7.756,73.8,-1
1782769579.078,4162,936990,0,0.00000000,0.00000000,0.00,0,0,1.24,0.046,0.2940,0.2940,0.7840,0.8874,0.507935,0.076721,-0.024841,0.857605,7.756,75.0,-1
1782769579.264,4163,937211,0,0.00000000,0.00000000,0.00,0,0,1.21,-0.002,0.2450,0.7350,1.8130,1.9716,0.507935,0.076721,-0.024780,0.857605,7.754,75.0,-1
1782769579.514,4164,937453,0,0.00000000,0.00000000,0.00,0,0,1.17,-0.059,-0.0490,0.3920,2.0580,2.0956,0.507935,0.076599,-0.024780,0.857666,7.758,68.8,-1
1782769579.764,4165,937678,0,0.00000000,0.00000000,0.00,0,0,1.14,-0.050,0.2450,0.2940,1.8620,1.9009,0.507935,0.076599,-0.024780,0.857666,7.751,76.2,-1
1782769579.950,4166,937905,0,0.00000000,0.00000000,0.00,0,0,1.19,-0.007,0.2940,0.6370,1.3230,1.4975,0.507935,0.076538,-0.024841,0.857666,7.754,75.0,-1
1782769580.200,4167,938131,0,0.00000000,0.00000000,0.00,0,0,1.16,-0.023,0.2450,0.8330,1.2250,1.5015,0.507874,0.076538,-0.024902,0.857666,7.756,76.2,-1
1782769580.450,4168,938355,0,0.00000000,0.00000000,0.00,0,0,1.13,-0.055,0.1960,0.7840,1.3230,1.5503,0.507935,0.076538,-0.024902,0.857666,7.755,75.0,-1
1782769580.637,4169,938573,0,0.00000000,0.00000000,0.00,0,0,1.14,-0.058,0.1470,0.8820,1.0780,1.4006,0.507935,0.076477,-0.024841,0.857666,7.755,72.5,-1
1782769580.885,4170,938795,0,0.00000000,0.00000000,0.00,0,0,1.14,-0.048,0.7350,0.7840,1.3230,1.7045,0.507935,0.076477,-0.024841,0.857666,7.755,72.5,-1
1782769581.070,4171,939018,0,0.00000000,0.00000000,0.00,0,0,1.20,0.001,-0.0980,1.5680,0.6860,1.7143,0.507935,0.076477,-0.024902,0.857666,7.754,75.0,-1
1782769581.319,4172,939244,0,0.00000000,0.00000000,0.00,0,0,1.10,-0.063,0.0000,0.3920,1.3720,1.4269,0.507874,0.076538,-0.024902,0.857666,7.750,78.8,-1
1782769581.507,4173,939461,0,0.00000000,0.00000000,0.00,0,0,1.10,-0.056,-0.0980,0.6370,1.2250,1.3842,0.507874,0.076599,-0.024902,0.857666,7.754,71.2,-1
1782769581.753,4174,939686,0,0.00000000,0.00000000,0.00,0,0,1.18,0.009,0.5880,0.4900,1.8130,1.9679,0.507935,0.076599,-0.024841,0.857666,7.753,75.0,-1
1782769581.941,4175,939905,0,0.00000000,0.00000000,0.00,0,0,1.11,-0.028,0.2940,0.2450,1.7640,1.8050,0.507935,0.076538,-0.024841,0.857666,7.750,78.8,-1
1782769582.189,4176,940129,0,0.00000000,0.00000000,0.00,0,0,1.06,-0.044,0.2450,0.2450,1.6660,1.7016,0.507874,0.076599,-0.024902,0.857666,7.756,73.8,-1
1782769582.438,4177,940347,0,0.00000000,0.00000000,0.00,0,0,1.15,-0.001,0.1470,0.8820,1.2250,1.5166,0.507935,0.076599,-0.024841,0.857666,7.754,80.0,-1
1782769582.625,4178,940567,0,0.00000000,0.00000000,0.00,0,0,1.23,0.034,0.4410,0.2450,1.4210,1.5079,0.507935,0.076599,-0.024780,0.857666,7.753,81.2,-1
1782769582.876,4179,940789,0,0.00000000,0.00000000,0.00,0,0,1.15,-0.013,0.4410,0.8820,1.6170,1.8940,0.507935,0.076599,-0.024780,0.857666,7.756,70.0,-1
1782769583.062,4180,941009,0,0.00000000,0.00000000,0.00,0,0,1.04,-0.087,-0.2940,0.7840,0.7840,1.1471,0.507935,0.076599,-0.024719,0.857666,7.756,72.5,-1
1782769583.311,4181,941231,0,0.00000000,0.00000000,0.00,0,0,1.05,-0.044,0.5880,0.4410,1.3230,1.5135,0.507935,0.076660,-0.024780,0.857605,7.758,75.0,-1
1782769583.496,4182,941448,0,0.00000000,0.00000000,0.00,0,0,1.13,-0.008,0.6370,0.1470,1.3720,1.5198,0.507935,0.076660,-0.024780,0.857605,7.755,71.2,-1
1782769583.744,4183,941672,0,0.00000000,0.00000000,0.00,0,0,1.00,-0.114,0.3430,0.7840,1.9600,2.1387,0.507935,0.076599,-0.024719,0.857666,7.754,72.5,-1
1782769583.992,4184,941896,0,0.00000000,0.00000000,0.00,0,0,1.05,-0.059,0.4410,1.0290,1.5680,1.9266,0.507935,0.076599,-0.024719,0.857666,7.754,77.5,-1
1782769584.178,4185,942122,0,0.00000000,0.00000000,0.00,0,0,1.14,-0.007,0.2450,0.9310,1.3230,1.6362,0.507935,0.076599,-0.024719,0.857666,7.756,70.0,-1
1782769584.426,4186,942344,0,0.00000000,0.00000000,0.00,0,0,1.11,-0.021,0.6370,1.0290,2.6950,2.9543,0.507935,0.076599,-0.024719,0.857666,7.760,68.8,-1
1782769584.615,4187,942561,0,0.00000000,0.00000000,0.00,0,0,1.04,-0.036,0.0000,1.5680,1.0780,1.9028,0.507935,0.076599,-0.024658,0.857666,7.755,73.8,-1
1782769584.867,4188,942785,0,0.00000000,0.00000000,0.00,0,0,0.97,-0.087,0.7840,0.1960,2.0090,2.1654,0.507935,0.076538,-0.024658,0.857666,7.759,71.2,-1
1782769585.053,4189,943003,0,0.00000000,0.00000000,0.00,0,0,1.01,-0.042,-0.1960,0.4900,0.9800,1.1131,0.507935,0.076599,-0.024658,0.857666,7.759,75.0,-1
1782769585.300,4190,943222,0,0.00000000,0.00000000,0.00,0,0,1.05,-0.029,0.3920,0.3430,2.1070,2.1704,0.507935,0.076660,-0.024719,0.857605,7.756,75.0,-1
1782769585.486,4191,943440,0,0.00000000,0.00000000,0.00,0,0,1.14,0.028,0.3430,0.9800,1.6170,1.9216,0.507935,0.076660,-0.024719,0.857605,7.761,70.0,-1
1782769585.736,4192,943667,0,0.00000000,0.00000000,0.00,0,0,1.16,0.040,0.2450,1.0780,1.2740,1.6868,0.507935,0.076599,-0.024719,0.857666,7.758,73.8,-1
1782769585.985,4193,943891,0,0.00000000,0.00000000,0.00,0,0,1.06,-0.030,0.2940,1.0290,1.2740,1.6638,0.507935,0.076599,-0.024719,0.857666,7.760,70.0,-1
1782769586.172,4194,944115,0,0.00000000,0.00000000,0.00,0,0,0.96,-0.080,1.3720,1.5190,2.4990,3.2303,0.507935,0.076599,-0.024719,0.857666,7.753,76.2,-1
1782769586.421,4195,944338,0,0.00000000,0.00000000,0.00,0,0,1.02,-0.037,-0.0980,0.6860,1.8620,1.9868,0.507935,0.076538,-0.024780,0.857666,7.756,72.5,-1
1782769586.609,4196,944553,0,0.00000000,0.00000000,0.00,0,0,0.97,-0.051,0.2940,1.0290,1.5190,1.8581,0.507935,0.076477,-0.024841,0.857666,7.759,71.2,-1
1782769586.859,4197,944779,0,0.00000000,0.00000000,0.00,0,0,1.03,-0.023,0.0980,0.4410,1.5680,1.6318,0.507935,0.076477,-0.024841,0.857666,7.758,70.0,-1
1782769587.047,4198,945001,0,0.00000000,0.00000000,0.00,0,0,1.04,-0.034,-0.0980,0.2450,1.6660,1.6868,0.507935,0.076477,-0.024780,0.857666,7.755,71.2,-1
1782769587.296,4199,945223,0,0.00000000,0.00000000,0.00,0,0,1.00,-0.058,0.3430,0.5880,1.8620,1.9825,0.507935,0.076538,-0.024780,0.857666,7.756,76.2,-1
1782769587.482,4200,945441,0,0.00000000,0.00000000,0.00,0,0,1.04,-0.036,0.3430,0.7840,1.9110,2.0939,0.507935,0.076477,-0.024841,0.857666,7.754,72.5,-1
1782769587.731,4201,945664,0,0.00000000,0.00000000,0.00,0,0,1.04,-0.026,0.2940,0.7350,1.6660,1.8445,0.507935,0.076477,-0.024841,0.857666,7.756,76.2,-1
1782769587.981,4202,945891,0,0.00000000,0.00000000,0.00,0,0,0.96,-0.073,0.4410,1.2250,1.8620,2.2720,0.507874,0.076477,-0.024902,0.857666,7.760,71.2,-1
1782769588.168,4203,946112,0,0.00000000,0.00000000,0.00,0,0,1.01,-0.043,0.1470,0.4900,1.8130,1.8838,0.507874,0.076538,-0.024902,0.857666,7.756,73.8,-1
1782769588.416,4204,946331,0,0.00000000,0.00000000,0.00,0,0,1.00,-0.047,0.5390,0.4900,1.9600,2.0910,0.507874,0.076538,-0.024963,0.857666,7.758,75.0,-1
1782769588.604,4205,946554,0,0.00000000,0.00000000,0.00,0,0,1.04,-0.028,0.0490,1.3720,0.5880,1.4935,0.507874,0.076538,-0.024963,0.857666,7.758,73.8,-1
1782769588.852,4206,946775,0,0.00000000,0.00000000,0.00,0,0,1.06,-0.005,0.0490,0.4900,0.9310,1.0532,0.507874,0.076538,-0.024902,0.857666,7.758,76.2,-1
1782769589.039,4207,946992,0,0.00000000,0.00000000,0.00,0,0,1.00,-0.042,0.2450,0.7350,1.6170,1.7930,0.507874,0.076477,-0.024902,0.857666,7.755,76.2,-1
1782769589.289,4208,947213,0,0.00000000,0.00000000,0.00,0,0,1.12,0.041,0.2940,0.5390,1.3720,1.5031,0.507935,0.076477,-0.024841,0.857666,7.754,75.0,-1
1782769589.477,4209,947428,0,0.00000000,0.00000000,0.00,0,0,1.12,0.019,0.1960,0.6860,1.7640,1.9028,0.507935,0.076538,-0.024841,0.857666,7.756,76.2,-1
1782769589.728,4210,947656,0,0.00000000,0.00000000,0.00,0,0,1.09,0.005,0.2940,0.5390,1.2740,1.4142,0.507935,0.076538,-0.024841,0.857666,7.755,73.8,-1
1782769589.913,4211,947874,0,0.00000000,0.00000000,0.00,0,0,1.13,0.039,0.1470,0.3430,1.2250,1.2806,0.507935,0.076538,-0.024780,0.857666,7.755,76.2,-1
1782769590.161,4212,948094,0,0.00000000,0.00000000,0.00,0,0,1.11,0.032,0.3920,0.6370,1.7150,1.8710,0.507935,0.076599,-0.024780,0.857666,7.755,75.0,-1
1782769590.411,4213,948317,0,0.00000000,0.00000000,0.00,0,0,1.06,-0.011,0.1470,0.9800,1.3230,1.6530,0.507935,0.076599,-0.024780,0.857666,7.759,73.8,-1
1782769590.599,4214,948531,0,0.00000000,0.00000000,0.00,0,0,1.12,0.023,0.7350,1.3230,2.0090,2.5153,0.507935,0.076599,-0.024780,0.857666,7.756,75.0,-1
1782769590.850,4215,948756,0,0.00000000,0.00000000,0.00,0,0,1.11,0.017,-0.2940,0.6370,1.2740,1.4544,0.507935,0.076599,-0.024719,0.857666,7.755,76.2,-1
1782769591.036,4216,948979,0,0.00000000,0.00000000,0.00,0,0,1.05,-0.024,0.3920,0.0490,1.9110,1.9514,0.507935,0.076599,-0.024719,0.857666,7.759,72.5,-1
1782769591.284,4217,949199,0,0.00000000,0.00000000,0.00,0,0,1.19,0.082,0.1470,0.2940,1.7640,1.7944,0.507935,0.076538,-0.024780,0.857666,7.758,71.2,-1
1782769591.533,4218,949441,0,0.00000000,0.00000000,0.00,0,0,1.18,0.088,0.2940,0.4900,1.5680,1.6689,0.507935,0.076538,-0.024780,0.857666,7.755,73.8,-1
1782769591.733,4219,949662,0,0.00000000,0.00000000,0.00,0,0,1.10,0.024,0.4410,0.7840,0.3920,0.9812,0.507935,0.076599,-0.024780,0.857666,7.755,73.8,-1
1782769591.933,4220,949888,0,0.00000000,0.00000000,0.00,0,0,1.14,0.048,0.1960,1.1760,1.5190,1.9310,0.507874,0.076660,-0.024902,0.857666,7.750,80.0,-1
1782769592.180,4221,950112,0,0.00000000,0.00000000,0.00,0,0,1.26,0.106,0.1960,0.7350,1.2250,1.4420,0.507874,0.076721,-0.024902,0.857605,7.758,75.0,-1
1782769592.383,4222,950330,0,0.00000000,0.00000000,0.00,0,0,1.29,0.123,0.3920,0.1960,1.8130,1.8652,0.507874,0.076660,-0.024963,0.857666,7.753,80.0,-1
1782769592.630,4223,950546,0,0.00000000,0.00000000,0.00,0,0,1.19,0.042,0.3430,0.1960,1.4700,1.5222,0.507874,0.076599,-0.024902,0.857666,7.756,77.5,-1
1782769592.815,4224,950773,0,0.00000000,0.00000000,0.00,0,0,1.28,0.089,0.0980,0.1960,1.5680,1.5832,0.507935,0.076599,-0.024841,0.857666,7.759,75.0,-1
1782769593.065,4225,950993,0,0.00000000,0.00000000,0.00,0,0,1.22,0.049,-0.0980,0.5880,2.1560,2.2369,0.507935,0.076599,-0.024780,0.857666,7.755,75.0,-1
1782769593.267,4226,951211,0,0.00000000,0.00000000,0.00,0,0,1.21,0.035,0.3430,0.2450,1.5680,1.6237,0.507935,0.076538,-0.024780,0.857666,7.758,75.0,-1
1782769593.472,4227,951428,0,0.00000000,0.00000000,0.00,0,0,1.23,0.028,-0.0490,0.3430,1.8130,1.8458,0.507935,0.076538,-0.024780,0.857666,7.759,75.0,-1
1782769593.720,4228,951656,0,0.00000000,0.00000000,0.00,0,0,1.33,0.077,-0.0980,1.1270,1.3230,1.7407,0.507935,0.076538,-0.024719,0.857666,7.756,76.2,-1
1782769593.970,4229,951883,0,0.00000000,0.00000000,0.00,0,0,1.34,0.100,0.0980,0.4900,1.5680,1.6457,0.507935,0.076599,-0.024719,0.857666,7.755,75.0,-1
1782769594.155,4230,952107,0,0.00000000,0.00000000,0.00,0,0,1.20,-0.012,0.8820,0.0490,1.3720,1.6318,0.507874,0.076660,-0.024780,0.857666,7.755,70.0,-1
1782769594.405,4231,952327,0,0.00000000,0.00000000,0.00,0,0,1.20,-0.022,0.0980,0.5880,0.5390,0.8037,0.507874,0.076660,-0.024841,0.857666,7.755,70.0,-1
1782769594.592,4232,952548,0,0.00000000,0.00000000,0.00,0,0,1.13,-0.080,0.5880,0.3920,1.9110,2.0375,0.507874,0.076660,-0.024841,0.857666,7.759,71.2,-1
1782769594.842,4233,952765,0,0.00000000,0.00000000,0.00,0,0,1.16,-0.034,0.3430,0.5880,1.8130,1.9366,0.507812,0.076599,-0.024780,0.857666,7.754,72.5,-1
1782769595.030,4234,952985,0,0.00000000,0.00000000,0.00,0,0,1.21,-0.008,0.1960,0.4410,1.0780,1.1811,0.507874,0.076721,-0.024780,0.857666,7.755,75.0,-1
1782769595.278,4235,953207,0,0.00000000,0.00000000,0.00,0,0,1.32,0.061,0.4410,0.5880,1.8620,2.0018,0.507874,0.076660,-0.024719,0.857666,7.755,72.5,-1
1782769595.527,4236,953450,0,0.00000000,0.00000000,0.00,0,0,1.30,0.049,0.1960,0.7840,1.2250,1.4675,0.507874,0.076599,-0.024780,0.857666,7.758,71.2,-1
1782769595.713,4237,953677,0,0.00000000,0.00000000,0.00,0,0,1.12,-0.090,0.6860,0.6860,1.0290,1.4142,0.507874,0.076599,-0.024841,0.857666,7.753,76.2,-1
1782769595.962,4238,953902,0,0.00000000,0.00000000,0.00,0,0,1.13,-0.063,0.2940,0.6370,1.0780,1.2862,0.507874,0.076538,-0.024902,0.857666,7.753,77.5,-1
1782769596.212,4239,954119,0,0.00000000,0.00000000,0.00,0,0,1.10,-0.080,0.5880,0.6860,1.4700,1.7255,0.507874,0.076477,-0.024902,0.857666,7.754,73.8,-1
1782769596.399,4240,954340,0,0.00000000,0.00000000,0.00,0,0,1.26,0.020,0.8820,0.3920,2.2050,2.4070,0.507812,0.076477,-0.024963,0.857666,7.754,76.2,-1
1782769596.650,4241,954553,0,0.00000000,0.00000000,0.00,0,0,1.22,0.004,1.0290,0.6860,1.8130,2.1946,0.507874,0.076416,-0.024902,0.857666,7.759,68.8,-1
1782769596.838,4242,954773,0,0.00000000,0.00000000,0.00,0,0,1.24,0.029,0.0980,0.2450,1.4210,1.4453,0.507874,0.076416,-0.024841,0.857666,7.756,72.5,-1
1782769597.088,4243,954993,0,0.00000000,0.00000000,0.00,0,0,1.22,0.014,0.2450,0.5390,1.5190,1.6303,0.507874,0.076477,-0.024902,0.857666,7.758,71.2,-1
1782769597.273,4244,955220,0,0.00000000,0.00000000,0.00,0,0,1.23,0.020,0.3430,0.7840,1.5680,1.7863,0.507812,0.076477,-0.024963,0.857666,7.756,77.5,-1
1782769597.524,4245,955437,0,0.00000000,0.00000000,0.00,0,0,1.14,-0.034,-0.0490,0.5880,0.8820,1.0612,0.507812,0.076477,-0.024963,0.857666,7.760,71.2,-1
1782769597.711,4246,955665,0,0.00000000,0.00000000,0.00,0,0,1.17,-0.020,0.4410,0.7840,1.3720,1.6406,0.507812,0.076538,-0.024963,0.857666,7.756,73.8,-1
1782769597.960,4247,955893,0,0.00000000,0.00000000,0.00,0,0,1.24,0.028,0.1960,0.7350,0.5390,0.9323,0.507874,0.076538,-0.024902,0.857666,7.754,80.0,-1
1782769598.209,4248,956116,0,0.00000000,0.00000000,0.00,0,0,1.22,0.012,1.4700,0.8330,3.1360,3.5622,0.507874,0.076538,-0.024841,0.857666,7.758,71.2,-1
1782769598.395,4249,956333,0,0.00000000,0.00000000,0.00,0,0,1.24,0.014,0.0980,0.4410,1.6660,1.7262,0.507874,0.076538,-0.024841,0.857666,7.755,73.8,-1
1782769598.583,4250,956544,0,0.00000000,0.00000000,0.00,0,0,1.22,0.020,0.2940,0.2450,1.4210,1.4716,0.507874,0.076538,-0.024841,0.857666,7.751,73.8,-1
1782769598.832,4251,956766,0,0.00000000,0.00000000,0.00,0,0,1.32,0.067,0.3920,1.0780,1.9600,2.2710,0.507874,0.076538,-0.024902,0.857666,7.755,76.2,-1
1782769599.081,4252,956985,0,0.00000000,0.00000000,0.00,0,0,1.29,0.049,1.2740,-0.0490,2.2540,2.5896,0.507812,0.076538,-0.024963,0.857666,7.753,76.2,-1
1782769599.268,4253,957207,0,0.00000000,0.00000000,0.00,0,0,1.17,-0.029,0.3920,0.5880,1.4700,1.6310,0.507812,0.076477,-0.024963,0.857666,7.750,71.2,-1
1782769599.518,4254,957451,0,0.00000000,0.00000000,0.00,0,0,1.21,-0.011,0.4410,0.5880,1.5190,1.6875,0.507812,0.076477,-0.024963,0.857666,7.758,70.0,-1
1782769599.768,4255,957678,0,0.00000000,0.00000000,0.00,0,0,1.22,-0.004,0.4900,0.2940,1.5680,1.6689,0.507812,0.076477,-0.024963,0.857666,7.759,73.8,-1
1782769599.955,4256,957898,0,0.00000000,0.00000000,0.00,0,0,1.23,-0.003,0.2450,0.9310,1.0780,1.4453,0.507812,0.076477,-0.025024,0.857666,7.755,78.8,-1
1782769600.205,4257,958119,0,0.00000000,0.00000000,0.00,0,0,1.34,0.079,0.4410,0.9310,1.8130,2.0852,0.507812,0.076477,-0.025024,0.857666,7.758,73.8,-1
1782769600.389,4258,958340,0,0.00000000,0.00000000,0.00,0,0,1.17,-0.043,0.3920,-0.0980,1.6660,1.7143,0.507812,0.076538,-0.025085,0.857666,7.756,72.5,-1
1782769600.653,4259,958559,0,0.00000000,0.00000000,0.00,0,0,1.14,-0.092,0.0490,1.3230,1.1270,1.7386,0.507812,0.076538,-0.025024,0.857666,7.756,73.8,-1
1782769600.840,4260,958782,0,0.00000000,0.00000000,0.00,0,0,1.17,-0.052,0.0980,1.2250,1.6660,2.0702,0.507812,0.076538,-0.024963,0.857666,7.756,70.0,-1
1782769601.092,4261,959004,0,0.00000000,0.00000000,0.00,0,0,1.20,-0.026,0.4900,0.1960,2.2540,2.3150,0.507812,0.076599,-0.024963,0.857666,7.760,71.2,-1
1782769601.278,4262,959228,0,0.00000000,0.00000000,0.00,0,0,1.30,0.051,0.4410,0.2450,1.7150,1.7877,0.507812,0.076599,-0.025024,0.857666,7.759,72.5,-1
1782769601.542,4263,959447,0,0.00000000,0.00000000,0.00,0,0,1.25,0.018,0.2940,1.1270,0.5390,1.2834,0.507812,0.076599,-0.025024,0.857666,7.759,67.5,-1
1782769601.730,4264,959675,0,0.00000000,0.00000000,0.00,0,0,1.26,0.025,0.4410,0.1470,1.9110,1.9667,0.507812,0.076660,-0.025024,0.857666,7.758,73.8,-1
1782769601.980,4265,959901,0,0.00000000,0.00000000,0.00,0,0,1.18,-0.014,0.0980,0.8820,1.3720,1.6340,0.507812,0.076721,-0.024963,0.857666,7.753,81.2,-1
1782769602.165,4266,960126,0,0.00000000,0.00000000,0.00,0,0,1.19,-0.025,-0.1470,1.0780,0.5880,1.2367,0.507812,0.076782,-0.024963,0.857666,7.759,70.0,-1
1782769602.414,4267,960346,0,0.00000000,0.00000000,0.00,0,0,1.14,-0.065,1.1270,0.1470,2.7440,2.9701,0.507812,0.076782,-0.024963,0.857666,7.758,68.8,-1
1782769602.599,4268,960562,0,0.00000000,0.00000000,0.00,0,0,1.17,-0.039,0.2940,0.6860,1.2250,1.4345,0.507812,0.076782,-0.024963,0.857666,7.755,73.8,-1
1782769602.849,4269,960786,0,0.00000000,0.00000000,0.00,0,0,1.18,-0.028,0.6370,0.0490,2.2050,2.2957,0.507812,0.076782,-0.024963,0.857666,7.755,71.2,-1
1782769603.098,4270,961010,0,0.00000000,0.00000000,0.00,0,0,1.27,0.027,0.3920,0.3920,1.3720,1.4798,0.507812,0.076721,-0.024963,0.857666,7.760,70.0,-1
1782769603.283,4271,961235,0,0.00000000,0.00000000,0.00,0,0,1.32,0.065,0.4900,0.3920,1.5190,1.6435,0.507812,0.076660,-0.024963,0.857666,7.751,78.8,-1
1782769603.530,4272,961451,0,0.00000000,0.00000000,0.00,0,0,1.20,0.005,0.4410,0.6370,1.5680,1.7490,0.507812,0.076599,-0.024963,0.857666,7.759,67.5,-1
1782769603.777,4273,961679,0,0.00000000,0.00000000,0.00,0,0,1.21,0.015,0.9310,1.0780,2.4990,2.8764,0.507812,0.076538,-0.024963,0.857666,7.753,75.0,-1
1782769603.966,4274,961899,0,0.00000000,0.00000000,0.00,0,0,1.24,0.040,0.2450,0.7350,1.8620,2.0168,0.507812,0.076538,-0.025024,0.857666,7.751,81.2,-1
1782769604.214,4275,962117,0,0.00000000,0.00000000,0.00,0,0,1.18,-0.021,0.3920,0.4410,1.3720,1.4935,0.507812,0.076538,-0.025024,0.857666,7.753,78.8,-1
1782769604.400,4276,962341,0,0.00000000,0.00000000,0.00,0,0,1.17,-0.020,0.2940,0.8820,2.3520,2.5291,0.507812,0.076599,-0.025024,0.857666,7.753,75.0,-1
1782769604.648,4277,962557,0,0.00000000,0.00000000,0.00,0,0,1.14,-0.022,0.1470,0.2940,1.7150,1.7462,0.507812,0.076599,-0.025024,0.857666,7.754,77.5,-1
1782769604.836,4278,962779,0,0.00000000,0.00000000,0.00,0,0,1.22,0.021,-0.2940,0.4900,1.9600,2.0416,0.507812,0.076660,-0.025146,0.857666,7.756,80.0,-1
1782769605.086,4279,962999,0,0.00000000,0.00000000,0.00,0,0,1.21,-0.006,0.4410,0.5880,1.5680,1.7317,0.507812,0.076660,-0.025146,0.857666,7.754,80.0,-1
1782769605.288,4280,963222,0,0.00000000,0.00000000,0.00,0,0,1.26,0.017,0.0980,1.9110,1.9110,2.7043,0.507812,0.076660,-0.025146,0.857666,7.754,75.0,-1
1782769605.476,4281,963433,0,0.00000000,0.00000000,0.00,0,0,1.28,0.016,0.0000,0.7840,1.2250,1.4544,0.507812,0.076660,-0.025146,0.857666,7.758,73.8,-1
1782769605.740,4282,963660,0,0.00000000,0.00000000,0.00,0,0,1.26,0.012,-0.1470,0.5880,1.1760,1.3230,0.507812,0.076721,-0.025085,0.857666,7.754,81.2,-1
1782769605.928,4283,963884,0,0.00000000,0.00000000,0.00,0,0,1.20,-0.021,-0.1470,0.3920,1.5680,1.6229,0.507812,0.076721,-0.025024,0.857666,7.756,73.8,-1
1782769606.180,4284,964103,0,0.00000000,0.00000000,0.00,0,0,1.19,-0.016,-0.0490,0.8820,1.6660,1.8857,0.507812,0.076721,-0.025024,0.857666,7.754,77.5,-1
1782769606.367,4285,964325,0,0.00000000,0.00000000,0.00,0,0,1.25,0.023,0.3430,0.4900,1.2250,1.3632,0.507812,0.076660,-0.025024,0.857666,7.755,75.0,-1
1782769606.614,4286,964537,0,0.00000000,0.00000000,0.00,0,0,1.24,0.056,0.7840,1.1760,1.9600,2.4165,0.507812,0.076721,-0.024963,0.857666,7.756,72.5,-1
1782769606.803,4287,964764,0,0.00000000,0.00000000,0.00,0,0,1.36,0.136,0.4410,0.3430,1.9600,2.0381,0.507812,0.076721,-0.024963,0.857666,7.755,77.5,-1
1782769607.052,4288,964985,0,0.00000000,0.00000000,0.00,0,0,1.23,0.040,0.3430,1.0780,0.9800,1.4967,0.507812,0.076721,-0.024963,0.857666,7.754,76.2,-1
1782769607.303,4289,965206,0,0.00000000,0.00000000,0.00,0,0,1.27,0.067,0.1470,0.3920,1.5680,1.6229,0.507812,0.076660,-0.025024,0.857666,7.753,77.5,-1
1782769607.490,4290,965452,0,0.00000000,0.00000000,0.00,0,0,1.26,0.060,0.5390,0.2450,1.9600,2.0475,0.507812,0.076599,-0.025024,0.857666,7.759,73.8,-1
1782769607.741,4291,965678,0,0.00000000,0.00000000,0.00,0,0,1.27,0.066,0.4410,1.3230,1.1760,1.8242,0.507812,0.076599,-0.024963,0.857666,7.756,73.8,-1
1782769607.989,4292,965900,0,0.00000000,0.00000000,0.00,0,0,1.26,0.060,0.4410,0.6370,1.2250,1.4494,0.507874,0.076599,-0.024902,0.857666,7.754,81.2,-1
1782769608.192,4293,966124,0,0.00000000,0.00000000,0.00,0,0,1.27,0.052,0.4410,0.7840,1.6170,1.8504,0.507874,0.076599,-0.024841,0.857666,7.755,76.2,-1
1782769608.440,4294,966350,0,0.00000000,0.00000000,0.00,0,0,1.28,0.045,0.8330,-0.2940,2.2050,2.3754,0.507874,0.076599,-0.024719,0.857666,7.756,73.8,-1
1782769608.628,4295,966567,0,0.00000000,0.00000000,0.00,0,0,1.30,0.051,0.5390,0.1960,1.5680,1.6696,0.507874,0.076599,-0.024719,0.857666,7.749,80.0,-1
1782769608.877,4296,966790,0,0.00000000,0.00000000,0.00,0,0,1.19,-0.035,0.0000,0.5390,1.4210,1.5198,0.507874,0.076599,-0.024719,0.857666,7.759,71.2,-1
1782769609.064,4297,967014,0,0.00000000,0.00000000,0.00,0,0,1.33,0.053,0.5880,0.6860,2.1070,2.2926,0.507874,0.076660,-0.024719,0.857666,7.754,77.5,-1
1782769609.314,4298,967241,0,0.00000000,0.00000000,0.00,0,0,1.31,0.011,0.0000,0.1960,0.8820,0.9035,0.507874,0.076599,-0.024780,0.857666,7.756,75.0,-1
1782769609.499,4299,967454,0,0.00000000,0.00000000,0.00,0,0,1.40,0.065,0.1960,1.3230,1.1270,1.7490,0.507874,0.076599,-0.024780,0.857666,7.755,73.8,-1
1782769609.749,4300,967681,0,0.00000000,0.00000000,0.00,0,0,1.31,0.005,-0.2940,1.4700,0.5880,1.6103,0.507874,0.076538,-0.024841,0.857666,7.755,77.5,-1
1782769609.997,4301,967904,0,0.00000000,0.00000000,0.00,0,0,1.39,0.049,0.3430,0.5390,1.4210,1.5580,0.507874,0.076538,-0.024780,0.857666,7.756,72.5,-1
1782769610.185,4302,968133,0,0.00000000,0.00000000,0.00,0,0,1.38,0.035,0.8820,0.6370,2.3520,2.5914,0.507874,0.076660,-0.024841,0.857666,7.753,76.2,-1
1782769610.433,4303,968352,0,0.00000000,0.00000000,0.00,0,0,1.34,0.003,0.3430,0.0000,2.3030,2.3284,0.507874,0.076660,-0.024780,0.857666,7.755,76.2,-1
1782769610.620,4304,968566,0,0.00000000,0.00000000,0.00,0,0,1.33,-0.034,0.0980,0.3920,1.2740,1.3365,0.507874,0.076660,-0.024780,0.857666,7.754,72.5,-1
1782769610.868,4305,968793,0,0.00000000,0.00000000,0.00,0,0,1.30,-0.032,0.0490,0.2450,1.5680,1.5878,0.507874,0.076721,-0.024780,0.857666,7.753,76.2,-1
1782769611.057,4306,969013,0,0.00000000,0.00000000,0.00,0,0,1.30,-0.027,0.4410,0.3430,2.0580,2.1325,0.507874,0.076660,-0.024841,0.857666,7.751,77.5,-1
1782769611.307,4307,969235,0,0.00000000,0.00000000,0.00,0,0,1.30,-0.045,0.1470,0.7840,1.9110,2.0708,0.507812,0.076599,-0.024902,0.857666,7.755,76.2,-1
1782769611.494,4308,969451,0,0.00000000,0.00000000,0.00,0,0,1.28,-0.051,0.0980,0.1470,1.6660,1.6753,0.507874,0.076599,-0.024841,0.857666,7.760,72.5,-1
1782769611.744,4309,969677,0,0.00000000,0.00000000,0.00,0,0,1.29,-0.045,-0.2940,1.3230,1.5680,2.0725,0.507874,0.076599,-0.024902,0.857666,7.755,73.8,-1
1782769611.932,4310,969895,0,0.00000000,0.00000000,0.00,0,0,1.29,-0.045,0.0980,0.9800,2.0580,2.2815,0.507874,0.076599,-0.024841,0.857666,7.746,83.8,-1
1782769612.179,4311,970116,0,0.00000000,0.00000000,0.00,0,0,1.36,-0.001,0.3920,0.5880,2.2540,2.3622,0.507874,0.076721,-0.024841,0.857666,7.751,80.0,-1
1782769612.430,4312,970338,0,0.00000000,0.00000000,0.00,0,0,1.37,0.003,0.0490,0.7350,1.4700,1.6442,0.507874,0.076660,-0.024841,0.857666,7.753,75.0,-1
1782769612.632,4313,970560,0,0.00000000,0.00000000,0.00,0,0,1.36,-0.002,0.0490,1.4210,0.3430,1.4626,0.507874,0.076599,-0.024902,0.857666,7.754,76.2,-1
1782769612.881,4314,970787,0,0.00000000,0.00000000,0.00,0,0,1.36,-0.010,0.2940,0.3430,1.4210,1.4911,0.507874,0.076599,-0.024841,0.857666,7.754,76.2,-1
1782769613.067,4315,971009,0,0.00000000,0.00000000,0.00,0,0,1.28,-0.041,0.2940,0.2450,0.8330,0.9167,0.507874,0.076660,-0.024841,0.857666,7.759,71.2,-1
1782769613.319,4316,971228,0,0.00000000,0.00000000,0.00,0,0,1.49,0.078,0.4410,1.0780,1.6660,2.0328,0.507874,0.076721,-0.024841,0.857666,7.754,77.5,-1
1782769613.506,4317,971443,0,0.00000000,0.00000000,0.00,0,0,1.35,-0.017,1.3230,0.4900,2.4990,2.8697,0.507874,0.076660,-0.024780,0.857666,7.754,76.2,-1
1782769613.756,4318,971667,0,0.00000000,0.00000000,0.00,0,0,1.34,-0.016,0.1960,0.2940,1.4210,1.4643,0.507874,0.076721,-0.024780,0.857666,7.751,76.2,-1
1782769613.943,4319,971891,0,0.00000000,0.00000000,0.00,0,0,1.29,-0.065,0.3920,0.1960,1.6660,1.7227,0.507874,0.076721,-0.024841,0.857666,7.758,73.8,-1
1782769614.194,4320,972112,0,0.00000000,0.00000000,0.00,0,0,1.35,-0.011,0.0000,0.9310,1.2740,1.5779,0.507812,0.076721,-0.024963,0.857666,7.755,77.5,-1
1782769614.384,4321,972334,0,0.00000000,0.00000000,0.00,0,0,1.35,-0.004,0.1960,0.4900,2.5480,2.6021,0.507812,0.076782,-0.024963,0.857666,7.756,75.0,-1
1782769614.633,4322,972554,0,0.00000000,0.00000000,0.00,0,0,1.26,-0.047,0.2940,0.7350,0.9800,1.2598,0.507812,0.076782,-0.024902,0.857666,7.755,73.8,-1
1782769614.820,4323,972772,0,0.00000000,0.00000000,0.00,0,0,1.36,0.001,0.0000,0.4900,0.7840,0.9245,0.507812,0.076782,-0.024963,0.857666,7.755,75.0,-1
1782769615.070,4324,972992,0,0.00000000,0.00000000,0.00,0,0,1.51,0.125,0.0980,0.6860,1.5190,1.6696,0.507812,0.076721,-0.025024,0.857666,7.754,76.2,-1
1782769615.258,4325,973215,0,0.00000000,0.00000000,0.00,0,0,1.38,0.038,-0.0490,0.8820,2.1070,2.2847,0.507812,0.076782,-0.025024,0.857666,7.756,73.8,-1
1782769615.507,4326,973425,0,0.00000000,0.00000000,0.00,0,0,1.27,-0.028,0.0980,0.1960,1.6170,1.6318,0.507812,0.076721,-0.024963,0.857666,7.759,71.2,-1
1782769615.693,4327,973645,0,0.00000000,0.00000000,0.00,0,0,1.23,-0.065,0.0980,0.3920,2.0580,2.0973,0.507812,0.076721,-0.024902,0.857666,7.753,76.2,-1
1782769615.944,4328,973866,0,0.00000000,0.00000000,0.00,0,0,1.26,-0.040,0.2450,0.6370,1.6660,1.8004,0.507874,0.076660,-0.024902,0.857666,7.754,80.0,-1
1782769616.132,4329,974088,0,0.00000000,0.00000000,0.00,0,0,1.33,0.021,0.3920,0.5880,1.9110,2.0375,0.507874,0.076660,-0.024841,0.857666,7.758,75.0,-1
1782769616.382,4330,974310,0,0.00000000,0.00000000,0.00,0,0,1.28,-0.027,-0.0490,0.9800,1.7150,1.9759,0.507874,0.076660,-0.024841,0.857666,7.759,71.2,-1
1782769616.570,4331,974529,0,0.00000000,0.00000000,0.00,0,0,1.24,-0.033,0.8330,0.0980,2.7440,2.8693,0.507874,0.076721,-0.024841,0.857666,7.755,76.2,-1
1782769616.820,4332,974751,0,0.00000000,0.00000000,0.00,0,0,1.25,-0.037,0.3430,0.4410,2.3520,2.4174,0.507874,0.076721,-0.024780,0.857666,7.760,73.8,-1
1782769617.068,4333,974972,0,0.00000000,0.00000000,0.00,0,0,1.26,-0.022,0.2940,0.8820,2.0090,2.2137,0.507812,0.076721,-0.024902,0.857666,7.756,73.8,-1
1782769617.256,4334,975200,0,0.00000000,0.00000000,0.00,0,0,1.27,-0.016,0.6860,0.3430,1.9110,2.0592,0.507812,0.076721,-0.024963,0.857666,7.756,76.2,-1
1782769617.504,4335,975441,0,0.00000000,0.00000000,0.00,0,0,1.11,-0.105,-0.0980,0.3920,1.1270,1.1972,0.507812,0.076721,-0.025024,0.857666,7.758,76.2,-1
1782769617.755,4336,975659,0,0.00000000,0.00000000,0.00,0,0,1.25,0.005,1.0290,0.0000,3.2340,3.3938,0.507812,0.076782,-0.025024,0.857666,7.755,77.5,-1
1782769617.944,4337,975882,0,0.00000000,0.00000000,0.00,0,0,1.25,-0.002,0.0980,0.3920,1.3230,1.3833,0.507812,0.076782,-0.024963,0.857666,7.758,75.0,-1
1782769618.148,4338,976105,0,0.00000000,0.00000000,0.00,0,0,1.29,0.012,0.6860,0.4410,1.1270,1.3911,0.507812,0.076782,-0.024902,0.857666,7.759,68.8,-1
1782769618.398,4339,976331,0,0.00000000,0.00000000,0.00,0,0,1.37,0.056,-0.1470,1.3230,1.0290,1.6825,0.507812,0.076782,-0.024902,0.857666,7.754,73.8,-1
1782769618.585,4340,976545,0,0.00000000,0.00000000,0.00,0,0,1.22,-0.034,0.4410,0.5880,1.6170,1.7762,0.507812,0.076782,-0.024841,0.857666,7.758,72.5,-1
1782769618.833,4341,976772,0,0.00000000,0.00000000,0.00,0,0,1.37,0.064,0.2940,0.1470,1.9600,1.9874,0.507874,0.076782,-0.024841,0.857666,7.753,77.5,-1
1782769619.083,4342,976997,0,0.00000000,0.00000000,0.00,0,0,1.28,-0.001,0.3430,0.0000,1.6170,1.6530,0.507874,0.076721,-0.024841,0.857666,7.759,75.0,-1
1782769619.272,4343,977225,0,0.00000000,0.00000000,0.00,0,0,1.27,-0.006,0.4900,0.2940,2.2540,2.3253,0.507812,0.076721,-0.024902,0.857666,7.758,73.8,-1
1782769619.522,4344,977435,0,0.00000000,0.00000000,0.00,0,0,1.26,0.007,0.3920,0.3920,1.5190,1.6170,0.507812,0.076782,-0.024902,0.857666,7.758,75.0,-1
1782769619.709,4345,977658,0,0.00000000,0.00000000,0.00,0,0,1.20,-0.032,0.1470,1.3230,1.4210,1.9471,0.507812,0.076843,-0.024902,0.857666,7.758,72.5,-1
1782769619.957,4346,977880,0,0.00000000,0.00000000,0.00,0,0,1.30,0.040,0.4900,0.7350,1.7640,1.9728,0.507812,0.076843,-0.024902,0.857666,7.759,76.2,-1
1782769620.206,4347,978107,0,0.00000000,0.00000000,0.00,0,0,1.37,0.071,1.4210,0.7350,2.9400,3.3471,0.507812,0.076843,-0.024902,0.857666,7.758,70.0,-1
1782769620.395,4348,978328,0,0.00000000,0.00000000,0.00,0,0,1.35,0.062,0.1470,0.7350,1.4700,1.6501,0.507812,0.076843,-0.024841,0.857666,7.759,71.2,-1
1782769620.645,4349,978548,0,0.00000000,0.00000000,0.00,0,0,1.28,0.013,0.3430,1.2740,0.7840,1.5347,0.507874,0.076782,-0.024841,0.857666,7.760,71.2,-1
1782769620.833,4350,978765,0,0.00000000,0.00000000,0.00,0,0,1.29,0.022,0.2450,-0.1470,0.4900,0.5672,0.507812,0.076721,-0.024902,0.857666,7.759,71.2,-1
1782769621.082,4351,978989,0,0.00000000,0.00000000,0.00,0,0,1.35,0.056,0.0490,0.5880,1.5190,1.6296,0.507812,0.076721,-0.024963,0.857666,7.760,71.2,-1
1782769621.266,4352,979209,0,0.00000000,0.00000000,0.00,0,0,1.39,0.066,0.2450,0.4410,2.2050,2.2620,0.507812,0.076721,-0.025024,0.857666,7.760,68.8,-1
1782769621.516,4353,979450,0,0.00000000,0.00000000,0.00,0,0,1.29,0.015,0.4900,0.6370,1.8620,2.0280,0.507812,0.076782,-0.024963,0.857666,7.758,71.2,-1
1782769621.762,4354,979667,0,0.00000000,0.00000000,0.00,0,0,1.31,0.004,0.1960,1.3230,0.2940,1.3694,0.507812,0.076721,-0.024902,0.857666,7.756,72.5,-1
1782769621.952,4355,979891,0,0.00000000,0.00000000,0.00,0,0,1.40,0.062,-0.2940,1.1760,1.0290,1.5900,0.507812,0.076721,-0.024902,0.857666,7.758,68.8,-1
1782769622.140,4356,980092,0,0.00000000,0.00000000,0.00,0,0,1.36,0.032,0.2450,1.0290,1.3230,1.6939,0.507812,0.076721,-0.024902,0.857666,7.758,71.2,-1
1782769622.387,4357,980314,0,0.00000000,0.00000000,0.00,0,0,1.43,0.075,-0.4410,0.8820,2.5480,2.7322,0.507812,0.076782,-0.024902,0.857666,7.760,70.0,-1
1782769622.575,4358,980531,0,0.00000000,0.00000000,0.00,0,0,1.37,0.029,-0.0980,0.8330,1.6660,1.8652,0.507812,0.076782,-0.024902,0.857666,7.758,70.0,-1
1782769622.827,4359,980753,0,0.00000000,0.00000000,0.00,0,0,1.24,-0.040,0.1960,0.5880,1.5190,1.6406,0.507812,0.076782,-0.024902,0.857666,7.759,70.0,-1
1782769623.014,4360,980972,0,0.00000000,0.00000000,0.00,0,0,1.38,0.033,-0.4900,1.1760,1.4700,1.9452,0.507812,0.076782,-0.024902,0.857666,7.756,71.2,-1
1782769623.262,4361,981192,0,0.00000000,0.00000000,0.00,0,0,1.37,0.039,-0.5390,1.1270,0.1960,1.2645,0.507812,0.076782,-0.024902,0.857666,7.756,72.5,-1
1782769623.511,4362,981433,0,0.00000000,0.00000000,0.00,0,0,1.36,0.025,0.0490,0.0980,1.0780,1.0836,0.507812,0.076843,-0.024902,0.857666,7.755,75.0,-1
1782769623.699,4363,981653,0,0.00000000,0.00000000,0.00,0,0,1.27,-0.014,-0.0980,0.5390,0.7350,0.9167,0.507812,0.076843,-0.024902,0.857666,7.758,72.5,-1
1782769623.966,4364,981874,0,0.00000000,0.00000000,0.00,0,0,1.42,0.088,-0.0490,1.1270,1.6660,2.0120,0.507812,0.076843,-0.024902,0.857666,7.758,73.8,-1
1782769624.154,4365,982096,0,0.00000000,0.00000000,0.00,0,0,1.34,0.028,0.3430,0.2450,2.6950,2.7278,0.507812,0.076843,-0.024963,0.857666,7.758,71.2,-1
1782769624.405,4366,982319,0,0.00000000,0.00000000,0.00,0,0,1.44,0.078,0.7350,0.8330,1.9600,2.2529,0.507812,0.076782,-0.024963,0.857666,7.760,71.2,-1
1782769624.593,4367,982536,0,0.00000000,0.00000000,0.00,0,0,1.36,0.037,0.2450,0.2450,1.8620,1.8940,0.507812,0.076782,-0.024963,0.857666,7.759,70.0,-1
1782769624.843,4368,982755,0,0.00000000,0.00000000,0.00,0,0,1.33,0.007,0.6860,0.1960,1.1760,1.3755,0.507812,0.076843,-0.024902,0.857666,7.758,71.2,-1
1782769625.029,4369,982980,0,0.00000000,0.00000000,0.00,0,0,1.51,0.115,0.1960,0.7840,1.3720,1.5923,0.507812,0.076843,-0.024963,0.857666,7.758,75.0,-1
1782769625.278,4370,983207,0,0.00000000,0.00000000,0.00,0,0,1.43,0.062,0.3430,0.7840,1.5680,1.7863,0.507812,0.076843,-0.025024,0.857666,7.754,68.8,-1
1782769625.524,4371,983448,0,0.00000000,0.00000000,0.00,0,0,1.37,0.013,0.6860,0.5390,1.4210,1.6674,0.507812,0.076782,-0.024963,0.857666,7.756,73.8,-1
1782769625.709,4372,983671,0,0.00000000,0.00000000,0.00,0,0,1.42,0.039,0.5880,0.8330,2.1560,2.3849,0.507812,0.076782,-0.024963,0.857666,7.759,71.2,-1
1782769625.959,4373,983892,0,0.00000000,0.00000000,0.00,0,0,1.24,-0.082,0.3920,0.3920,1.5680,1.6631,0.507812,0.076782,-0.025024,0.857666,7.755,72.5,-1
1782769626.210,4374,984120,0,0.00000000,0.00000000,0.00,0,0,1.42,0.048,0.1960,1.0780,1.4700,1.8334,0.507812,0.076782,-0.024963,0.857666,7.756,73.8,-1
1782769626.412,4375,984339,0,0.00000000,0.00000000,0.00,0,0,1.38,0.023,0.7350,0.3920,1.9110,2.0847,0.507812,0.076721,-0.024902,0.857666,7.756,73.8,-1
1782769626.600,4376,984556,0,0.00000000,0.00000000,0.00,0,0,1.32,-0.007,0.0980,0.3430,1.2250,1.2759,0.507812,0.076721,-0.024841,0.857666,7.758,73.8,-1
1782769626.849,4377,984783,0,0.00000000,0.00000000,0.00,0,0,1.36,0.011,0.6370,0.7840,1.7640,2.0328,0.507874,0.076721,-0.024841,0.857666,7.756,70.0,-1
1782769627.096,4378,985006,0,0.00000000,0.00000000,0.00,0,0,1.31,-0.024,0.1470,0.5880,1.3230,1.4552,0.507874,0.076721,-0.024841,0.857666,7.756,71.2,-1
1782769627.283,4379,985206,0,0.00000000,0.00000000,0.00,0,0,1.32,-0.012,0.2450,1.4210,2.4500,2.8428,0.507874,0.076782,-0.024841,0.857666,7.759,70.0,-1
1782769627.531,4380,985453,0,0.00000000,0.00000000,0.00,0,0,1.32,-0.016,0.0490,0.9310,1.6660,1.9091,0.507812,0.076721,-0.024902,0.857666,7.756,73.8,-1
1782769627.718,4381,985672,0,0.00000000,0.00000000,0.00,0,0,1.27,-0.025,0.6860,0.6860,2.0090,2.2310,0.507812,0.076782,-0.024902,0.857666,7.755,76.2,-1
1782769627.967,4382,985894,0,0.00000000,0.00000000,0.00,0,0,1.34,0.020,0.3920,0.7350,1.6660,1.8626,0.507812,0.076782,-0.024902,0.857666,7.750,82.5,-1
1782769628.153,4383,986112,0,0.00000000,0.00000000,0.00,0,0,1.40,0.054,1.0290,0.4900,1.6170,1.9783,0.507812,0.076843,-0.024902,0.857666,7.754,75.0,-1
1782769628.402,4384,986335,0,0.00000000,0.00000000,0.00,0,0,1.38,0.023,0.4900,0.8330,1.2740,1.5991,0.507812,0.076782,-0.024841,0.857666,7.755,73.8,-1
1782769628.651,4385,986553,0,0.00000000,0.00000000,0.00,0,0,1.38,0.021,0.3920,0.7840,1.2250,1.5063,0.507874,0.076721,-0.024780,0.857666,7.753,76.2,-1
1782769628.838,4386,986778,0,0.00000000,0.00000000,0.00,0,0,1.33,-0.017,0.5390,0.1960,1.7640,1.8549,0.507874,0.076660,-0.024780,0.857666,7.758,73.8,-1
1782769629.089,4387,987006,0,0.00000000,0.00000000,0.00,0,0,1.37,0.012,1.1270,0.6860,1.5680,2.0492,0.507874,0.076660,-0.024719,0.857666,7.754,72.5,-1
1782769629.275,4388,987225,0,0.00000000,0.00000000,0.00,0,0,1.41,0.038,1.0290,0.0490,1.6170,1.9173,0.507874,0.076599,-0.024719,0.857666,7.755,73.8,-1
1782769629.525,4389,987442,0,0.00000000,0.00000000,0.00,0,0,1.41,0.052,0.5390,0.8330,1.9600,2.1968,0.507874,0.076599,-0.024780,0.857666,7.755,72.5,-1
1782769629.710,4390,987669,0,0.00000000,0.00000000,0.00,0,0,1.36,0.022,0.4900,0.0490,2.2540,2.3072,0.507874,0.076660,-0.024902,0.857666,7.755,72.5,-1
1782769629.955,4391,987887,0,0.00000000,0.00000000,0.00,0,0,1.28,-0.031,0.2450,0.4900,0.8820,1.0383,0.507874,0.076660,-0.024841,0.857666,7.753,71.2,-1
1782769630.203,4392,988110,0,0.00000000,0.00000000,0.00,0,0,1.27,-0.061,0.2940,0.3430,1.0290,1.1238,0.507812,0.076660,-0.024902,0.857666,7.759,70.0,-1
1782769630.389,4393,988334,0,0.00000000,0.00000000,0.00,0,0,1.35,-0.017,0.3430,0.3920,0.9800,1.1098,0.507812,0.076660,-0.024902,0.857666,7.754,72.5,-1
1782769630.636,4394,988548,0,0.00000000,0.00000000,0.00,0,0,1.24,-0.081,0.2450,0.7350,2.2050,2.3372,0.507874,0.076660,-0.024841,0.857666,7.755,72.5,-1
1782769630.823,4395,988773,0,0.00000000,0.00000000,0.00,0,0,1.18,-0.110,0.9800,0.7350,1.5190,1.9514,0.507874,0.076660,-0.024780,0.857666,7.758,75.0,-1
1782769631.073,4396,989001,0,0.00000000,0.00000000,0.00,0,0,1.31,-0.034,0.3920,0.4410,1.3720,1.4935,0.507874,0.076599,-0.024780,0.857666,7.756,77.5,-1
1782769631.260,4397,989221,0,0.00000000,0.00000000,0.00,0,0,1.34,-0.004,0.2940,0.6860,1.8130,1.9606,0.507874,0.076599,-0.024719,0.857666,7.755,76.2,-1
1782769631.508,4398,989437,0,0.00000000,0.00000000,0.00,0,0,1.34,-0.007,-0.1960,0.8820,1.1760,1.4830,0.507874,0.076599,-0.024719,0.857666,7.755,73.8,-1
1782769631.758,4399,989662,0,0.00000000,0.00000000,0.00,0,0,1.42,0.061,0.4410,0.5390,1.6170,1.7606,0.507874,0.076599,-0.024719,0.857666,7.754,78.8,-1
1782769631.943,4400,989882,0,0.00000000,0.00000000,0.00,0,0,1.43,0.061,0.1470,1.0290,2.0580,2.3056,0.507874,0.076599,-0.024719,0.857666,7.753,75.0,-1
1782769632.192,4401,990102,0,0.00000000,0.00000000,0.00,0,0,1.42,0.050,0.0490,0.5390,1.6170,1.7052,0.507874,0.076599,-0.024719,0.857666,7.753,77.5,-1
1782769632.381,4402,990325,0,0.00000000,0.00000000,0.00,0,0,1.54,0.107,0.3920,0.0980,2.2540,2.2899,0.507874,0.076599,-0.024719,0.857666,7.756,73.8,-1
1782769632.630,4403,990537,0,0.00000000,0.00000000,0.00,0,0,1.32,-0.028,0.2940,0.4900,1.8620,1.9477,0.507874,0.076599,-0.024719,0.857666,7.758,72.5,-1
1782769632.817,4404,990763,0,0.00000000,0.00000000,0.00,0,0,1.33,-0.026,0.2940,0.5880,1.2740,1.4336,0.507874,0.076538,-0.024780,0.857666,7.755,80.0,-1
1782769633.066,4405,990986,0,0.00000000,0.00000000,0.00,0,0,1.24,-0.070,0.0490,0.7350,0.2450,0.7763,0.507874,0.076477,-0.024841,0.857666,7.756,75.0,-1
1782769633.257,4406,991206,0,0.00000000,0.00000000,0.00,0,0,1.28,-0.037,1.1760,0.3430,2.7440,3.0050,0.507874,0.076538,-0.024780,0.857666,7.755,76.2,-1
1782769633.505,4407,991447,0,0.00000000,0.00000000,0.00,0,0,1.25,-0.062,0.2450,0.3430,1.7150,1.7660,0.507874,0.076538,-0.024719,0.857666,7.754,75.0,-1
1782769633.753,4408,991666,0,0.00000000,0.00000000,0.00,0,0,1.34,0.000,0.6370,0.5880,2.4010,2.5527,0.507874,0.076538,-0.024780,0.857666,7.756,76.2,-1
1782769633.940,4409,991887,0,0.00000000,0.00000000,0.00,0,0,1.34,0.010,0.8820,0.4900,2.1070,2.3361,0.507874,0.076538,-0.024719,0.857666,7.753,76.2,-1
1782769634.186,4410,992107,0,0.00000000,0.00000000,0.00,0,0,1.21,-0.070,0.4900,0.2940,1.6660,1.7613,0.507874,0.076599,-0.024719,0.857666,7.749,77.5,-1
1782769634.374,4411,992330,0,0.00000000,0.00000000,0.00,0,0,1.26,-0.037,0.1470,0.4900,1.2250,1.3275,0.507874,0.076599,-0.024719,0.857666,7.755,70.0,-1
1782769634.623,4412,992546,0,0.00000000,0.00000000,0.00,0,0,1.33,0.008,-0.0980,0.6860,1.5190,1.6696,0.507874,0.076599,-0.024719,0.857666,7.756,78.8,-1
1782769634.811,4413,992771,0,0.00000000,0.00000000,0.00,0,0,1.38,0.042,0.4900,0.4900,2.4010,2.4990,0.507874,0.076538,-0.024658,0.857666,7.759,75.0,-1
1782769635.060,4414,992988,0,0.00000000,0.00000000,0.00,0,0,1.37,0.031,0.0490,0.7350,1.4210,1.6006,0.507874,0.076599,-0.024658,0.857666,7.751,75.0,-1
1782769635.307,4415,993212,0,0.00000000,0.00000000,0.00,0,0,1.41,0.048,-0.2940,0.6860,0.9310,1.1932,0.507874,0.076538,-0.024719,0.857666,7.756,77.5,-1
1782769635.494,4416,993425,0,0.00000000,0.00000000,0.00,0,0,1.30,-0.035,0.0000,1.2250,1.5680,1.9898,0.507874,0.076599,-0.024719,0.857666,7.756,75.0,-1
1782769635.741,4417,993645,0,0.00000000,0.00000000,0.00,0,0,1.36,0.006,0.2940,0.3920,1.8130,1.8780,0.507874,0.076538,-0.024780,0.857666,7.761,68.8,-1
1782769635.929,4418,993866,0,0.00000000,0.00000000,0.00,0,0,1.38,0.008,-0.1470,0.7840,1.6170,1.8030,0.507874,0.076538,-0.024780,0.857666,7.756,77.5,-1
1782769636.180,4419,994090,0,0.00000000,0.00000000,0.00,0,0,1.33,-0.030,0.3920,0.5880,1.4700,1.6310,0.507874,0.076538,-0.024719,0.857666,7.755,73.8,-1
1782769636.368,4420,994312,0,0.00000000,0.00000000,0.00,0,0,1.36,-0.026,-0.3430,0.8330,0.1470,0.9128,0.507874,0.076538,-0.024719,0.857666,7.758,78.8,-1
1782769636.617,4421,994527,0,0.00000000,0.00000000,0.00,0,0,1.25,-0.084,0.1960,0.4900,1.7150,1.7944,0.507874,0.076538,-0.024719,0.857666,7.758,72.5,-1
1782769636.803,4422,994752,0,0.00000000,0.00000000,0.00,0,0,1.37,-0.011,-0.3920,0.9310,0.0980,1.0149,0.507874,0.076477,-0.024780,0.857666,7.755,78.8,-1
1782769637.052,4423,994976,0,0.00000000,0.00000000,0.00,0,0,1.38,0.004,-0.6860,2.2050,0.2450,2.3222,0.507874,0.076538,-0.024780,0.857666,7.755,75.0,-1
1782769637.238,4424,995197,0,0.00000000,0.00000000,0.00,0,0,1.40,0.025,0.0980,0.7350,0.6370,0.9775,0.507874,0.076538,-0.024719,0.857666,7.755,75.0,-1
1782769637.488,4425,995438,0,0.00000000,0.00000000,0.00,0,0,1.38,-0.022,0.4900,0.6370,1.6170,1.8057,0.507874,0.076538,-0.024719,0.857666,7.755,76.2,-1
1782769637.735,4426,995664,0,0.00000000,0.00000000,0.00,0,0,1.38,-0.022,0.2450,0.5880,1.4210,1.5572,0.507874,0.076599,-0.024658,0.857666,7.756,77.5,-1
1782769637.983,4427,995888,0,0.00000000,0.00000000,0.00,0,0,1.45,0.021,0.2940,0.8820,1.3230,1.6170,0.507874,0.076599,-0.024658,0.857666,7.758,70.0,-1
1782769638.171,4428,996106,0,0.00000000,0.00000000,0.00,0,0,1.41,-0.001,-0.2450,0.9800,1.2740,1.6259,0.507874,0.076599,-0.024658,0.857666,7.756,78.8,-1
1782769638.420,4429,996328,0,0.00000000,0.00000000,0.00,0,0,1.36,-0.027,0.2940,0.5390,1.6660,1.7755,0.507874,0.076599,-0.024658,0.857666,7.756,68.8,-1
1782769638.603,4430,996548,0,0.00000000,0.00000000,0.00,0,0,1.22,-0.131,0.3430,0.5880,1.3720,1.5316,0.507874,0.076599,-0.024658,0.857666,7.756,76.2,-1
1782769638.868,4431,996768,0,0.00000000,0.00000000,0.00,0,0,1.37,-0.015,0.0980,0.6860,1.4700,1.6251,0.507874,0.076599,-0.024658,0.857666,7.754,76.2,-1
1782769639.057,4432,996992,0,0.00000000,0.00000000,0.00,0,0,1.27,-0.084,0.2940,0.8330,1.4210,1.6732,0.507874,0.076721,-0.024780,0.857666,7.759,72.5,-1
1782769639.305,4433,997220,0,0.00000000,0.00000000,0.00,0,0,1.32,-0.048,0.2450,0.6370,1.1270,1.3175,0.507874,0.076721,-0.024780,0.857666,7.754,80.0,-1
1782769639.492,4434,997434,0,0.00000000,0.00000000,0.00,0,0,1.41,0.012,0.0980,0.7840,1.4700,1.6689,0.507874,0.076721,-0.024719,0.857666,7.758,73.8,-1
1782769639.740,4435,997663,0,0.00000000,0.00000000,0.00,0,0,1.32,-0.038,1.1760,0.3430,2.0090,2.3530,0.507874,0.076721,-0.024780,0.857666,7.755,75.0,-1
1782769639.927,4436,997881,0,0.00000000,0.00000000,0.00,0,0,1.32,-0.042,0.1960,0.3430,1.7640,1.8077,0.507874,0.076782,-0.024780,0.857666,7.751,80.0,-1
1782769640.174,4437,998101,0,0.00000000,0.00000000,0.00,0,0,1.38,0.006,0.3430,0.4900,1.7640,1.8626,0.507874,0.076782,-0.024780,0.857666,7.754,82.5,-1
1782769640.423,4438,998322,0,0.00000000,0.00000000,0.00,0,0,1.31,-0.041,-0.0490,0.4410,0.5880,0.7366,0.507874,0.076782,-0.024780,0.857666,7.758,68.8,-1
1782769640.610,4439,998535,0,0.00000000,0.00000000,0.00,0,0,1.33,-0.034,0.1470,0.3920,1.5190,1.5756,0.507874,0.076721,-0.024841,0.857666,7.756,72.5,-1
1782769640.857,4440,998762,0,0.00000000,0.00000000,0.00,0,0,1.38,-0.001,0.3430,0.4900,2.2540,2.3320,0.507812,0.076782,-0.024902,0.857666,7.753,76.2,-1
1782769641.045,4441,998981,0,0.00000000,0.00000000,0.00,0,0,1.39,-0.011,0.3430,0.5880,1.7640,1.8908,0.507812,0.076782,-0.024841,0.857666,7.753,78.8,-1
1782769641.294,4442,999205,0,0.00000000,0.00000000,0.00,0,0,1.38,-0.001,0.8820,0.9310,3.0870,3.3428,0.507874,0.076721,-0.024841,0.857666,7.755,76.2,-1
1782769641.542,4443,999447,0,0.00000000,0.00000000,0.00,0,0,1.37,0.008,0.1470,0.4410,1.5190,1.5885,0.507874,0.076721,-0.024780,0.857666,7.755,75.0,-1
1782769641.728,4444,999666,0,0.00000000,0.00000000,0.00,0,0,1.37,-0.001,0.1470,0.5390,0.9800,1.1281,0.507874,0.076721,-0.024780,0.857666,7.753,76.2,-1
1782769641.978,4445,999886,0,0.00000000,0.00000000,0.00,0,0,1.32,-0.047,0.8820,0.7840,2.1560,2.4578,0.507874,0.076721,-0.024780,0.857666,7.755,77.5,-1
1782769642.165,4446,1000110,0,0.00000000,0.00000000,0.00,0,0,1.29,-0.064,0.0000,0.9310,1.4700,1.7400,0.507812,0.076721,-0.024902,0.857666,7.758,71.2,-1
1782769642.416,4447,1000335,0,0.00000000,0.00000000,0.00,0,0,1.42,0.020,0.2450,1.8130,0.6860,1.9539,0.507812,0.076782,-0.024902,0.857666,7.754,76.2,-1
1782769642.603,4448,1000550,0,0.00000000,0.00000000,0.00,0,0,1.24,-0.068,0.3920,0.4900,1.7640,1.8723,0.507812,0.076782,-0.024902,0.857666,7.758,71.2,-1
1782769642.851,4449,1000774,0,0.00000000,0.00000000,0.00,0,0,1.28,-0.036,0.0490,0.2450,1.0290,1.0589,0.507812,0.076782,-0.024841,0.857666,7.756,75.0,-1
1782769643.038,4450,1000999,0,0.00000000,0.00000000,0.00,0,0,1.28,-0.050,0.6370,0.7840,0.8820,1.3410,0.507874,0.076721,-0.024841,0.857666,7.758,78.8,-1
1782769643.287,4451,1001218,0,0.00000000,0.00000000,0.00,0,0,1.33,-0.018,0.4410,0.3920,1.8130,1.9066,0.507874,0.076660,-0.024841,0.857666,7.754,75.0,-1
1782769643.474,4452,1001432,0,0.00000000,0.00000000,0.00,0,0,1.24,-0.086,-0.1470,0.7350,0.8820,1.1575,0.507812,0.076660,-0.024902,0.857666,7.755,75.0,-1
1782769643.725,4453,1001657,0,0.00000000,0.00000000,0.00,0,0,1.24,-0.081,-0.1960,1.0780,1.0780,1.5371,0.507812,0.076660,-0.024902,0.857666,7.754,76.2,-1
1782769643.973,4454,1001883,0,0.00000000,0.00000000,0.00,0,0,1.23,-0.100,0.1960,0.8820,1.9600,2.1582,0.507812,0.076721,-0.024902,0.857666,7.758,73.8,-1
1782769644.161,4455,1002100,0,0.00000000,0.00000000,0.00,0,0,1.31,-0.044,0.4410,0.3430,1.3720,1.4814,0.507812,0.076782,-0.024902,0.857666,7.754,76.2,-1
1782769644.411,4456,1002323,0,0.00000000,0.00000000,0.00,0,0,1.13,-0.148,0.3920,0.6370,-0.2940,0.8037,0.507812,0.076782,-0.024902,0.857666,7.756,68.8,-1
1782769644.596,4457,1002536,0,0.00000000,0.00000000,0.00,0,0,1.28,-0.024,0.3430,0.8820,1.8130,2.0451,0.507812,0.076782,-0.024963,0.857666,7.759,73.8,-1
1782769644.844,4458,1002763,0,0.00000000,0.00000000,0.00,0,0,1.24,-0.049,0.1470,0.8330,2.5480,2.6847,0.507812,0.076721,-0.024963,0.857666,7.759,71.2,-1
1782769645.031,4459,1002982,0,0.00000000,0.00000000,0.00,0,0,1.36,0.048,0.2940,1.1760,1.7640,2.1404,0.507812,0.076660,-0.025024,0.857666,7.755,73.8,-1
1782769645.281,4460,1003205,0,0.00000000,0.00000000,0.00,0,0,1.35,0.045,0.4410,0.8820,1.8620,2.1070,0.507812,0.076538,-0.025024,0.857666,7.759,73.8,-1
1782769645.529,4461,1003447,0,0.00000000,0.00000000,0.00,0,0,1.31,0.019,0.0000,0.9310,1.6170,1.8659,0.507812,0.076538,-0.024963,0.857666,7.759,75.0,-1
1782769645.718,4462,1003668,0,0.00000000,0.00000000,0.00,0,0,1.35,0.040,0.0000,0.8820,2.0090,2.1941,0.507874,0.076538,-0.024902,0.857666,7.756,71.2,-1
1782769645.967,4463,1003894,0,0.00000000,0.00000000,0.00,0,0,1.28,-0.001,-0.2450,0.8330,1.5680,1.7924,0.507874,0.076538,-0.024841,0.857666,7.753,82.5,-1
1782769646.215,4464,1004117,0,0.00000000,0.00000000,0.00,0,0,1.28,-0.019,1.1270,-0.5390,2.9400,3.1944,0.507874,0.076538,-0.024780,0.857666,7.756,72.5,-1
1782769646.403,4465,1004346,0,0.00000000,0.00000000,0.00,0,0,1.26,-0.038,0.1960,0.8330,1.5680,1.7863,0.507874,0.076599,-0.024780,0.857666,7.758,68.8,-1
1782769646.652,4466,1004558,0,0.00000000,0.00000000,0.00,0,0,1.23,-0.054,0.2450,0.4410,1.4210,1.5079,0.507874,0.076599,-0.024780,0.857666,7.758,70.0,-1
1782769646.837,4467,1004775,0,0.00000000,0.00000000,0.00,0,0,1.26,-0.022,0.7350,0.6860,2.4500,2.6483,0.507874,0.076660,-0.024780,0.857666,7.755,73.8,-1
1782769647.098,4468,1004999,0,0.00000000,0.00000000,0.00,0,0,1.29,0.002,0.2450,0.6860,2.0090,2.1370,0.507874,0.076660,-0.024780,0.857666,7.759,71.2,-1
1782769647.288,4469,1005223,0,0.00000000,0.00000000,0.00,0,0,1.22,-0.058,0.0980,0.9310,1.1270,1.4651,0.507874,0.076660,-0.024719,0.857666,7.761,71.2,-1
1782769647.538,4470,1005442,0,0.00000000,0.00000000,0.00,0,0,1.24,-0.076,0.2940,0.8330,1.5190,1.7572,0.507874,0.076660,-0.024719,0.857666,7.760,72.5,-1
1782769647.726,4471,1005667,0,0.00000000,0.00000000,0.00,0,0,1.11,-0.156,0.6370,0.4900,2.4010,2.5319,0.507874,0.076538,-0.024780,0.857666,7.760,70.0,-1
1782769647.974,4472,1005892,0,0.00000000,0.00000000,0.00,0,0,1.28,-0.029,0.2450,0.8820,1.3720,1.6493,0.507874,0.076538,-0.024780,0.857666,7.762,68.8,-1
1782769648.160,4473,1006112,0,0.00000000,0.00000000,0.00,0,0,1.19,-0.086,0.0000,1.0290,0.9310,1.3877,0.507874,0.076538,-0.024719,0.857666,7.761,68.8,-1
1782769648.409,4474,1006334,0,0.00000000,0.00000000,0.00,0,0,1.22,-0.049,1.0780,0.9310,1.3230,1.9440,0.507874,0.076599,-0.024719,0.857666,7.761,66.2,-1
1782769648.598,4475,1006553,0,0.00000000,0.00000000,0.00,0,0,1.14,-0.080,-0.3430,1.9600,-0.4410,2.0381,0.507874,0.076599,-0.024719,0.857666,7.760,67.5,-1
1782769648.848,4476,1006781,0,0.00000000,0.00000000,0.00,0,0,1.36,0.083,0.3430,1.5680,1.7640,2.3849,0.507874,0.076599,-0.024719,0.857666,7.758,76.2,-1
1782769649.095,4477,1007002,0,0.00000000,0.00000000,0.00,0,0,1.41,0.105,-0.3430,0.9800,0.7350,1.2721,0.507874,0.076538,-0.024719,0.857666,7.755,70.0,-1
1782769649.281,4478,1007223,0,0.00000000,0.00000000,0.00,0,0,1.25,0.001,1.3720,-0.2940,2.4010,2.7809,0.507874,0.076538,-0.024719,0.857666,7.756,73.8,-1
1782769649.530,4479,1007435,0,0.00000000,0.00000000,0.00,0,0,1.30,0.017,-0.3920,0.0490,1.8130,1.8555,0.507874,0.076538,-0.024719,0.857666,7.761,67.5,-1
1782769649.717,4480,1007662,0,0.00000000,0.00000000,0.00,0,0,1.28,0.007,-0.0980,0.8330,2.3030,2.4510,0.507874,0.076660,-0.024719,0.857666,7.756,75.0,-1
1782769649.967,4481,1007885,0,0.00000000,0.00000000,0.00,0,0,1.26,-0.009,0.4900,0.2450,2.2540,2.3196,0.507874,0.076660,-0.024719,0.857666,7.760,76.2,-1
1782769650.155,4482,1008104,0,0.00000000,0.00000000,0.00,0,0,1.26,-0.009,0.4410,1.1270,1.7150,2.0990,0.507874,0.076599,-0.024719,0.857666,7.753,78.8,-1
1782769650.404,4483,1008329,0,0.00000000,0.00000000,0.00,0,0,1.13,-0.075,0.0000,0.7840,1.1760,1.4134,0.507874,0.076660,-0.024719,0.857666,7.758,75.0,-1
1782769650.592,4484,1008547,0,0.00000000,0.00000000,0.00,0,0,1.17,-0.070,0.5880,0.4410,1.7640,1.9110,0.507874,0.076599,-0.024719,0.857666,7.758,72.5,-1
1782769650.839,4485,1008765,0,0.00000000,0.00000000,0.00,0,0,1.15,-0.075,0.1960,0.7350,1.5680,1.7428,0.507874,0.076599,-0.024719,0.857666,7.755,82.5,-1
1782769651.087,4486,1008986,0,0.00000000,0.00000000,0.00,0,0,1.24,-0.018,1.1270,-0.1960,2.3030,2.5714,0.507874,0.076599,-0.024719,0.857666,7.754,71.2,-1
1782769651.273,4487,1009207,0,0.00000000,0.00000000,0.00,0,0,1.31,0.020,0.9310,0.9310,1.8130,2.2406,0.507874,0.076660,-0.024780,0.857666,7.754,71.2,-1
1782769651.524,4488,1009449,0,0.00000000,0.00000000,0.00,0,0,1.22,-0.038,0.1960,0.2450,1.7640,1.7917,0.507874,0.076660,-0.024780,0.857666,7.755,76.2,-1
1782769651.772,4489,1009672,0,0.00000000,0.00000000,0.00,0,0,1.23,-0.029,-0.3430,0.8330,0.0000,0.9009,0.507874,0.076660,-0.024780,0.857666,7.756,76.2,-1
1782769651.958,4490,1009898,0,0.00000000,0.00000000,0.00,0,0,1.17,-0.064,0.4410,0.3430,1.6660,1.7572,0.507874,0.076599,-0.024719,0.857666,7.756,80.0,-1
1782769652.207,4491,1010121,0,0.00000000,0.00000000,0.00,0,0,1.14,-0.061,0.1960,0.5880,2.3030,2.3849,0.507874,0.076599,-0.024719,0.857666,7.759,76.2,-1
1782769652.394,4492,1010339,0,0.00000000,0.00000000,0.00,0,0,1.22,-0.018,0.2940,0.7840,1.1760,1.4436,0.507874,0.076599,-0.024719,0.857666,7.758,77.5,-1
1782769652.646,4493,1010554,0,0.00000000,0.00000000,0.00,0,0,1.19,-0.050,0.7350,0.6370,2.0580,2.2763,0.507874,0.076538,-0.024780,0.857666,7.755,73.8,-1
1782769652.833,4494,1010782,0,0.00000000,0.00000000,0.00,0,0,1.19,-0.042,0.2450,0.7840,1.6170,1.8137,0.507874,0.076538,-0.024780,0.857666,7.756,72.5,-1
1782769653.080,4495,1011003,0,0.00000000,0.00000000,0.00,0,0,1.21,-0.037,0.1470,0.3920,1.9600,2.0042,0.507874,0.076538,-0.024719,0.857666,7.755,73.8,-1
1782769653.268,4496,1011224,0,0.00000000,0.00000000,0.00,0,0,1.25,0.007,-0.1470,0.3430,1.9600,1.9952,0.507874,0.076538,-0.024719,0.857666,7.759,71.2,-1
1782769653.517,4497,1011443,0,0.00000000,0.00000000,0.00,0,0,1.18,-0.036,0.4410,0.5390,1.9110,2.0339,0.507874,0.076538,-0.024719,0.857666,7.755,73.8,-1
1782769653.706,4498,1011661,0,0.00000000,0.00000000,0.00,0,0,1.18,-0.027,0.2450,0.5880,1.5680,1.6925,0.507874,0.076538,-0.024719,0.857666,7.755,77.5,-1
1782769653.955,4499,1011881,0,0.00000000,0.00000000,0.00,0,0,1.23,0.000,-0.8820,2.0580,1.2740,2.5761,0.507874,0.076538,-0.024658,0.857666,7.755,77.5,-1
1782769654.204,4500,1012105,0,0.00000000,0.00000000,0.00,0,0,1.18,-0.026,0.2450,1.1270,0.7350,1.3676,0.507874,0.076599,-0.024719,0.857666,7.755,76.2,-1
1782769654.390,4501,1012329,0,0.00000000,0.00000000,0.00,0,0,1.24,0.020,0.3430,0.7840,1.4700,1.7009,0.507874,0.076599,-0.024780,0.857666,7.758,73.8,-1
1782769654.639,4502,1012548,0,0.00000000,0.00000000,0.00,0,0,1.03,-0.116,0.4410,0.4900,1.4210,1.5665,0.507874,0.076538,-0.024841,0.857666,7.756,68.8,-1
1782769654.828,4503,1012770,0,0.00000000,0.00000000,0.00,0,0,1.21,0.004,0.7840,0.7350,2.0580,2.3217,0.507874,0.076538,-0.024780,0.857666,7.756,76.2,-1
1782769655.076,4504,1012996,0,0.00000000,0.00000000,0.00,0,0,1.26,0.038,-0.0980,0.2450,1.3720,1.3971,0.507874,0.076660,-0.024841,0.857666,7.753,75.0,-1
1782769655.263,4505,1013217,0,0.00000000,0.00000000,0.00,0,0,1.27,0.051,-0.4900,1.3720,0.0490,1.4577,0.507874,0.076721,-0.024841,0.857666,7.760,73.8,-1
1782769655.511,4506,1013428,0,0.00000000,0.00000000,0.00,0,0,1.12,-0.035,0.4900,-0.5390,2.6460,2.7444,0.507874,0.076660,-0.024780,0.857666,7.756,72.5,-1
1782769655.699,4507,1013648,0,0.00000000,0.00000000,0.00,0,0,1.18,-0.008,0.0980,-0.0980,1.4210,1.4277,0.507874,0.076721,-0.024780,0.857666,7.758,72.5,-1
1782769655.950,4508,1013867,0,0.00000000,0.00000000,0.00,0,0,1.20,-0.023,-0.0490,0.9800,0.6860,1.1972,0.507874,0.076660,-0.024780,0.857666,7.759,72.5,-1
1782769656.136,4509,1014087,0,0.00000000,0.00000000,0.00,0,0,1.14,-0.073,0.0980,1.3720,1.6660,2.1604,0.507874,0.076660,-0.024780,0.857666,7.760,72.5,-1
1782769656.386,4510,1014311,0,0.00000000,0.00000000,0.00,0,0,1.25,-0.008,0.3920,0.7350,1.4210,1.6472,0.507874,0.076599,-0.024719,0.857666,7.759,71.2,-1
1782769656.572,4511,1014524,0,0.00000000,0.00000000,0.00,0,0,1.09,-0.095,0.0980,1.0780,2.3030,2.5447,0.507874,0.076538,-0.024780,0.857666,7.756,73.8,-1
1782769656.822,4512,1014752,0,0.00000000,0.00000000,0.00,0,0,1.15,-0.041,0.1470,-0.3430,0.9310,1.0030,0.507874,0.076477,-0.024841,0.857666,7.755,72.5,-1
1782769657.073,4513,1014972,0,0.00000000,0.00000000,0.00,0,0,1.27,0.029,0.5390,0.3920,1.9110,2.0239,0.507812,0.076477,-0.024780,0.857727,7.759,72.5,-1
1782769657.262,4514,1015172,0,0.00000000,0.00000000,0.00,0,0,1.17,-0.029,0.7840,0.8820,1.7150,2.0818,0.507751,0.076477,-0.024841,0.857788,7.758,70.0,-1
1782769657.446,4515,1015395,0,0.00000000,0.00000000,0.00,0,0,1.21,-0.000,0.7840,0.7840,1.7150,2.0422,0.507751,0.076416,-0.024841,0.857727,7.756,76.2,-1
1782769657.697,4516,1015612,0,0.00000000,0.00000000,0.00,0,0,1.11,-0.094,0.1960,1.1760,0.9800,1.5433,0.507812,0.076416,-0.024780,0.857727,7.756,73.8,-1
1782769657.884,4517,1015832,0,0.00000000,0.00000000,0.00,0,0,1.30,0.034,0.1960,0.7840,2.0580,2.2110,0.507812,0.076416,-0.024780,0.857727,7.756,72.5,-1
1782769658.133,4518,1016052,0,0.00000000,0.00000000,0.00,0,0,1.15,-0.077,0.0490,1.1760,1.5190,1.9216,0.507812,0.076477,-0.024780,0.857727,7.758,72.5,-1
1782769658.320,4519,1016275,0,0.00000000,0.00000000,0.00,0,0,1.28,0.019,0.9310,0.4900,1.4210,1.7681,0.507812,0.076477,-0.024780,0.857727,7.760,72.5,-1
1782769658.568,4520,1016489,0,0.00000000,0.00000000,0.00,0,0,1.24,-0.002,-0.4900,1.0290,1.5680,1.9384,0.507751,0.076538,-0.024841,0.857727,7.758,75.0,-1
1782769658.770,4521,1016714,0,0.00000000,0.00000000,0.00,0,0,1.16,-0.052,0.2450,0.7840,1.0780,1.3553,0.507751,0.076538,-0.024902,0.857727,7.758,73.8,-1
1782769659.034,4522,1016936,0,0.00000000,0.00000000,0.00,0,0,1.20,-0.017,0.2450,0.8820,0.9310,1.3056,0.507751,0.076599,-0.024841,0.857727,7.760,71.2,-1
1782769659.222,4523,1017157,0,0.00000000,0.00000000,0.00,0,0,1.18,-0.045,1.1760,0.6860,1.6660,2.1515,0.507751,0.076538,-0.024841,0.857727,7.758,67.5,-1
1782769659.471,4524,1017374,0,0.00000000,0.00000000,0.00,0,0,1.23,-0.013,1.3230,0.9310,2.8420,3.2702,0.507751,0.076538,-0.024902,0.857727,7.759,70.0,-1
1782769659.659,4525,1017592,0,0.00000000,0.00000000,0.00,0,0,1.20,-0.048,-0.6860,1.0780,0.9800,1.6103,0.507751,0.076538,-0.024902,0.857727,7.754,73.8,-1
1782769659.909,4526,1017818,0,0.00000000,0.00000000,0.00,0,0,1.19,-0.049,-0.0490,0.7840,1.3230,1.5386,0.507751,0.076538,-0.024841,0.857727,7.756,73.8,-1
1782769660.096,4527,1018040,0,0.00000000,0.00000000,0.00,0,0,1.18,-0.050,0.4900,0.6370,1.2740,1.5063,0.507751,0.076599,-0.024841,0.857727,7.755,72.5,-1
1782769660.344,4528,1018258,0,0.00000000,0.00000000,0.00,0,0,1.20,-0.036,0.3430,0.6370,1.3720,1.5511,0.507751,0.076599,-0.024780,0.857727,7.755,76.2,-1
1782769660.528,4529,1018470,0,0.00000000,0.00000000,0.00,0,0,1.22,-0.020,-0.6860,1.4210,1.2250,1.9976,0.507812,0.076599,-0.024780,0.857727,7.753,75.0,-1
1782769660.778,4530,1018692,0,0.00000000,0.00000000,0.00,0,0,1.18,-0.039,-0.0490,0.9800,0.6370,1.1699,0.507812,0.076599,-0.024719,0.857727,7.756,70.0,-1
1782769660.966,4531,1018910,0,0.00000000,0.00000000,0.00,0,0,1.16,-0.055,0.2450,0.4410,1.0290,1.1460,0.507812,0.076599,-0.024719,0.857727,7.753,77.5,-1
1782769661.217,4532,1019131,0,0.00000000,0.00000000,0.00,0,0,1.21,-0.014,0.0980,0.9800,1.7150,1.9777,0.507812,0.076599,-0.024719,0.857727,7.755,77.5,-1
1782769661.418,4533,1019353,0,0.00000000,0.00000000,0.00,0,0,1.28,0.041,1.6170,-0.1960,3.1360,3.5338,0.507751,0.076660,-0.024780,0.857727,7.756,71.2,-1
1782769661.668,4534,1019569,0,0.00000000,0.00000000,0.00,0,0,1.15,-0.026,0.2450,0.4900,1.8130,1.8940,0.507751,0.076660,-0.024841,0.857727,7.753,76.2,-1
1782769661.854,4535,1019793,0,0.00000000,0.00000000,0.00,0,0,1.17,0.009,0.4410,0.1960,1.9110,1.9710,0.507751,0.076660,-0.024841,0.857727,7.755,70.0,-1
1782769662.102,4536,1020014,0,0.00000000,0.00000000,0.00,0,0,1.14,-0.021,1.6660,-0.2450,3.6260,3.9979,0.507751,0.076660,-0.024841,0.857727,7.756,76.2,-1
1782769662.290,4537,1020237,0,0.00000000,0.00000000,0.00,0,0,1.19,0.008,0.1960,0.3920,1.4700,1.5339,0.507751,0.076721,-0.024841,0.857727,7.755,75.0,-1
1782769662.539,4538,1020454,0,0.00000000,0.00000000,0.00,0,0,1.15,-0.019,0.2940,0.7350,1.7640,1.9335,0.507751,0.076782,-0.024841,0.857727,7.755,76.2,-1
1782769662.726,4539,1020673,0,0.00000000,0.00000000,0.00,0,0,1.20,0.025,0.0490,0.9310,1.2740,1.5787,0.507751,0.076843,-0.024841,0.857727,7.753,75.0,-1
1782769662.976,4540,1020895,0,0.00000000,0.00000000,0.00,0,0,1.16,-0.021,0.0980,0.3430,2.1560,2.1853,0.507751,0.076843,-0.024902,0.857727,7.751,81.2,-1
1782769663.164,4541,1021114,0,0.00000000,0.00000000,0.00,0,0,1.24,0.026,-0.1960,0.7840,1.6170,1.8077,0.507751,0.076843,-0.024841,0.857727,7.754,77.5,-1
1782769663.411,4542,1021339,0,0.00000000,0.00000000,0.00,0,0,1.17,-0.020,0.2940,0.5880,1.3720,1.5214,0.507751,0.076782,-0.024780,0.857727,7.758,77.5,-1
1782769663.659,4543,1021558,0,0.00000000,0.00000000,0.00,0,0,1.13,-0.031,0.9310,-0.4900,2.2540,2.4874,0.507751,0.076721,-0.024780,0.857727,7.756,75.0,-1
1782769663.846,4544,1021775,0,0.00000000,0.00000000,0.00,0,0,1.14,-0.040,0.0490,0.8820,1.1270,1.4319,0.507812,0.076721,-0.024719,0.857727,7.755,81.2,-1
1782769664.094,4545,1021999,0,0.00000000,0.00000000,0.00,0,0,1.17,-0.018,0.2940,0.6370,1.2250,1.4117,0.507812,0.076721,-0.024719,0.857727,7.755,76.2,-1
1782769664.282,4546,1022221,0,0.00000000,0.00000000,0.00,0,0,1.14,-0.037,-0.0490,0.5390,2.4990,2.5569,0.507812,0.076721,-0.024719,0.857727,7.755,76.2,-1
1782769664.533,4547,1022438,0,0.00000000,0.00000000,0.00,0,0,1.15,-0.005,0.4410,0.2450,1.0290,1.1460,0.507812,0.076721,-0.024780,0.857727,7.755,77.5,-1
1782769664.719,4548,1022660,0,0.00000000,0.00000000,0.00,0,0,1.14,-0.016,-0.3920,0.3920,1.6660,1.7558,0.507751,0.076721,-0.024841,0.857727,7.756,80.0,-1
1782769664.967,4549,1022879,0,0.00000000,0.00000000,0.00,0,0,1.17,0.005,-0.0490,1.0780,1.1270,1.5603,0.507751,0.076721,-0.024841,0.857727,7.755,76.2,-1
1782769665.153,4550,1023100,0,0.00000000,0.00000000,0.00,0,0,1.30,0.085,0.4900,0.6860,1.6170,1.8236,0.507751,0.076721,-0.024902,0.857727,7.755,78.8,-1
1782769665.402,4551,1023320,0,0.00000000,0.00000000,0.00,0,0,1.10,-0.048,-0.2940,1.6660,0.5390,1.7755,0.507751,0.076721,-0.024902,0.857727,7.753,80.0,-1
1782769665.588,4552,1023532,0,0.00000000,0.00000000,0.00,0,0,1.23,0.023,0.4410,0.4900,1.0290,1.2221,0.507751,0.076721,-0.024841,0.857727,7.758,68.8,-1
1782769665.837,4553,1023750,0,0.00000000,0.00000000,0.00,0,0,1.10,-0.077,0.0980,0.4900,1.3720,1.4602,0.507751,0.076782,-0.024780,0.857727,7.756,76.2,-1
1782769666.024,4554,1023970,0,0.00000000,0.00000000,0.00,0,0,1.17,-0.019,0.4900,0.4410,1.5190,1.6559,0.507751,0.076843,-0.024841,0.857727,7.755,77.5,-1
1782769666.273,4555,1024190,0,0.00000000,0.00000000,0.00,0,0,1.20,0.015,0.4410,0.3920,2.2540,2.3299,0.507690,0.076843,-0.024841,0.857727,7.754,77.5,-1
1782769666.523,4556,1024436,0,0.00000000,0.00000000,0.00,0,0,1.13,-0.019,0.2940,0.4410,1.1760,1.2899,0.507629,0.076904,-0.024780,0.857788,7.758,72.5,-1
1782769666.708,4557,1024661,0,0.00000000,0.00000000,0.00,0,0,1.25,0.063,0.3430,0.0980,1.2740,1.3230,0.507568,0.076843,-0.024780,0.857849,7.755,80.0,-1
1782769666.957,4558,1024882,0,0.00000000,0.00000000,0.00,0,0,1.29,0.082,-0.0490,0.5880,1.5190,1.6296,0.507568,0.076782,-0.024841,0.857849,7.754,78.8,-1
1782769667.205,4559,1025106,0,0.00000000,0.00000000,0.00,0,0,1.18,-0.015,0.2450,0.4410,2.1070,2.1666,0.507568,0.076660,-0.024841,0.857849,7.755,76.2,-1
1782769667.392,4560,1025325,0,0.00000000,0.00000000,0.00,0,0,1.22,-0.002,0.1960,0.5880,1.5680,1.6861,0.507568,0.076660,-0.024780,0.857849,7.755,76.2,-1
1782769667.580,4561,1025540,0,0.00000000,0.00000000,0.00,0,0,1.23,0.004,0.5390,0.4410,2.5480,2.6415,0.507568,0.076660,-0.024780,0.857849,7.756,73.8,-1
1782769667.829,4562,1025768,0,0.00000000,0.00000000,0.00,0,0,1.20,-0.006,0.1470,0.4410,1.5190,1.5885,0.507568,0.076599,-0.024719,0.857849,7.756,75.0,-1
1782769668.076,4563,1025997,0,0.00000000,0.00000000,0.00,0,0,1.16,-0.031,0.1470,0.6860,1.8130,1.9440,0.507568,0.076599,-0.024719,0.857849,7.755,73.8,-1
1782769668.264,4564,1026215,0,0.00000000,0.00000000,0.00,0,0,1.21,-0.001,-0.1960,0.2940,1.1760,1.2279,0.507568,0.076660,-0.024719,0.857849,7.755,76.2,-1
1782769668.513,4565,1026428,0,0.00000000,0.00000000,0.00,0,0,1.21,-0.009,-0.2450,0.2940,1.2250,1.2834,0.507568,0.076660,-0.024780,0.857849,7.755,76.2,-1
1782769668.700,4566,1026653,0,0.00000000,0.00000000,0.00,0,0,1.18,-0.002,0.3920,0.3430,2.3030,2.3612,0.507568,0.076599,-0.024780,0.857849,7.758,71.2,-1
1782769668.949,4567,1026880,0,0.00000000,0.00000000,0.00,0,0,1.21,0.023,0.0490,0.6860,1.6660,1.8024,0.507568,0.076660,-0.024780,0.857849,7.758,76.2,-1
1782769669.197,4568,1027099,0,0.00000000,0.00000000,0.00,0,0,1.26,0.057,0.0980,0.4410,1.7640,1.8209,0.507568,0.076660,-0.024841,0.857849,7.755,76.2,-1
1782769669.384,4569,1027318,0,0.00000000,0.00000000,0.00,0,0,1.11,-0.066,0.3920,0.5390,1.8130,1.9316,0.507568,0.076721,-0.024780,0.857849,7.755,76.2,-1
1782769669.572,4570,1027529,0,0.00000000,0.00000000,0.00,0,0,1.23,0.011,-0.1960,1.1270,1.1270,1.6058,0.507568,0.076721,-0.024780,0.857849,7.753,78.8,-1
1782769669.821,4571,1027750,0,0.00000000,0.00000000,0.00,0,0,1.15,-0.051,0.3920,0.3430,1.7150,1.7924,0.507568,0.076660,-0.024780,0.857849,7.755,78.8,-1
1782769670.071,4572,1027972,0,0.00000000,0.00000000,0.00,0,0,1.27,0.016,-0.0490,0.6370,1.6170,1.7386,0.507568,0.076599,-0.024841,0.857849,7.758,71.2,-1
1782769670.257,4573,1028191,0,0.00000000,0.00000000,0.00,0,0,1.29,0.038,-0.0980,0.8820,0.5390,1.0383,0.507568,0.076599,-0.024841,0.857849,7.751,76.2,-1
1782769670.520,4574,1028434,0,0.00000000,0.00000000,0.00,0,0,1.25,0.025,0.1470,0.4410,2.0090,2.0621,0.507568,0.076599,-0.024780,0.857849,7.755,73.8,-1
1782769670.705,4575,1028655,0,0.00000000,0.00000000,0.00,0,0,1.19,-0.029,0.1960,0.6370,2.1560,2.2567,0.507568,0.076599,-0.024780,0.857849,7.756,75.0,-1
1782769670.953,4576,1028880,0,0.00000000,0.00000000,0.00,0,0,1.26,0.019,0.3920,0.6370,1.7150,1.8710,0.507568,0.076538,-0.024719,0.857849,7.755,78.8,-1
1782769671.201,4577,1029105,0,0.00000000,0.00000000,0.00,0,0,1.30,0.046,0.1470,0.2940,1.5680,1.6021,0.507568,0.076599,-0.024719,0.857849,7.755,76.2,-1
1782769671.386,4578,1029325,0,0.00000000,0.00000000,0.00,0,0,1.28,0.021,0.4410,0.4900,0.9800,1.1811,0.507568,0.076599,-0.024719,0.857849,7.758,70.0,-1
1782769671.635,4579,1029544,0,0.00000000,0.00000000,0.00,0,0,1.28,-0.006,0.2940,0.3920,1.8620,1.9254,0.507568,0.076599,-0.024658,0.857849,7.756,77.5,-1
1782769671.821,4580,1029763,0,0.00000000,0.00000000,0.00,0,0,1.34,0.020,0.0980,0.7840,1.4210,1.6259,0.507568,0.076599,-0.024658,0.857849,7.754,77.5,-1
1782769672.083,4581,1029986,0,0.00000000,0.00000000,0.00,0,0,1.35,0.018,0.1960,0.6370,1.8620,1.9777,0.507568,0.076599,-0.024658,0.857849,7.754,72.5,-1
1782769672.270,4582,1030205,0,0.00000000,0.00000000,0.00,0,0,1.35,0.029,-0.4410,0.7840,1.4700,1.7234,0.507568,0.076599,-0.024658,0.857849,7.754,77.5,-1
1782769672.519,4583,1030451,0,0.00000000,0.00000000,0.00,0,0,1.29,-0.005,0.3920,0.4900,1.6170,1.7345,0.507568,0.076599,-0.024658,0.857849,7.755,72.5,-1
1782769672.768,4584,1030679,0,0.00000000,0.00000000,0.00,0,0,1.35,0.032,-1.1270,1.5680,1.6660,2.5504,0.507568,0.076538,-0.024658,0.857849,7.753,78.8,-1
1782769672.955,4585,1030904,0,0.00000000,0.00000000,0.00,0,0,1.39,0.053,0.4900,0.5880,2.0090,2.1499,0.507568,0.076660,-0.024658,0.857849,7.753,75.0,-1
1782769673.204,4586,1031130,0,0.00000000,0.00000000,0.00,0,0,1.39,0.051,0.1470,0.6370,1.2250,1.3885,0.507568,0.076599,-0.024719,0.857849,7.755,72.5,-1
1782769673.392,4587,1031347,0,0.00000000,0.00000000,0.00,0,0,1.36,0.011,0.1470,0.8330,1.4210,1.6537,0.507568,0.076538,-0.024780,0.857849,7.759,72.5,-1
1782769673.641,4588,1031557,0,0.00000000,0.00000000,0.00,0,0,1.28,-0.012,0.4410,0.1470,1.8620,1.9191,0.507568,0.076538,-0.024780,0.857849,7.753,81.2,-1
1782769673.828,4589,1031779,0,0.00000000,0.00000000,0.00,0,0,1.32,0.004,0.3430,0.7350,1.8620,2.0310,0.507568,0.076538,-0.024780,0.857849,7.751,77.5,-1
1782769674.077,4590,1032003,0,0.00000000,0.00000000,0.00,0,0,1.29,-0.025,0.1960,0.8820,1.6170,1.8523,0.507568,0.076538,-0.024719,0.857849,7.758,72.5,-1
1782769674.326,4591,1032231,0,0.00000000,0.00000000,0.00,0,0,1.25,-0.062,0.3430,0.4410,1.9600,2.0381,0.507568,0.076599,-0.024719,0.857849,7.759,72.5,-1
1782769674.513,4592,1032447,0,0.00000000,0.00000000,0.00,0,0,1.21,-0.092,0.7840,0.5880,1.9600,2.1913,0.507568,0.076599,-0.024719,0.857849,7.756,72.5,-1
1782769674.763,4593,1032668,0,0.00000000,0.00000000,0.00,0,0,1.32,-0.018,0.4410,0.1470,1.5190,1.5885,0.507568,0.076599,-0.024658,0.857849,7.758,72.5,-1
1782769674.950,4594,1032894,0,0.00000000,0.00000000,0.00,0,0,1.24,-0.057,0.0980,0.9310,1.7150,1.9539,0.507568,0.076599,-0.024658,0.857849,7.754,76.2,-1
1782769675.215,4595,1033114,0,0.00000000,0.00000000,0.00,0,0,1.48,0.092,-0.0490,0.0490,1.9600,1.9612,0.507568,0.076599,-0.024658,0.857849,7.758,71.2,-1
1782769675.402,4596,1033334,0,0.00000000,0.00000000,0.00,0,0,1.37,0.019,0.4410,-0.0980,2.3520,2.3950,0.507568,0.076599,-0.024658,0.857849,7.756,73.8,-1
1782769675.589,4597,1033547,0,0.00000000,0.00000000,0.00,0,0,1.35,-0.011,0.0490,0.8820,2.0580,2.2396,0.507568,0.076660,-0.024719,0.857849,7.756,72.5,-1
1782769675.836,4598,1033774,0,0.00000000,0.00000000,0.00,0,0,1.31,-0.012,0.5880,0.4900,2.4010,2.5200,0.507568,0.076660,-0.024719,0.857849,7.756,68.8,-1
1782769676.084,4599,1033996,0,0.00000000,0.00000000,0.00,0,0,1.33,0.003,0.5390,0.7350,2.2540,2.4313,0.507568,0.076599,-0.024780,0.857849,7.759,71.2,-1
1782769676.273,4600,1034214,0,0.00000000,0.00000000,0.00,0,0,1.30,-0.013,0.4900,0.9800,1.2740,1.6804,0.507568,0.076599,-0.024719,0.857849,7.756,73.8,-1
1782769676.520,4601,1034427,0,0.00000000,0.00000000,0.00,0,0,1.33,0.003,0.2450,0.1470,1.4210,1.4494,0.507568,0.076599,-0.024719,0.857849,7.756,72.5,-1
1782769676.708,4602,1034647,0,0.00000000,0.00000000,0.00,0,0,1.32,-0.010,0.7350,0.4410,1.6170,1.8301,0.507568,0.076599,-0.024780,0.857849,7.758,72.5,-1
1782769676.956,4603,1034868,0,0.00000000,0.00000000,0.00,0,0,1.28,-0.036,0.3430,0.5880,3.5280,3.5931,0.507568,0.076599,-0.024780,0.857849,7.756,73.8,-1
1782769677.144,4604,1035086,0,0.00000000,0.00000000,0.00,0,0,1.35,0.013,-0.7840,0.7350,1.9600,2.2353,0.507568,0.076599,-0.024719,0.857849,7.751,76.2,-1
1782769677.390,4605,1035310,0,0.00000000,0.00000000,0.00,0,0,1.31,-0.016,-0.1960,0.6370,1.0290,1.2260,0.507568,0.076538,-0.024719,0.857849,7.755,72.5,-1
1782769677.576,4606,1035527,0,0.00000000,0.00000000,0.00,0,0,1.26,-0.064,-0.0980,0.8330,0.6860,1.0836,0.507568,0.076599,-0.024719,0.857849,7.754,76.2,-1
1782769677.823,4607,1035751,0,0.00000000,0.00000000,0.00,0,0,1.34,-0.016,0.1960,0.1960,1.6170,1.6406,0.507568,0.076538,-0.024719,0.857849,7.755,71.2,-1
1782769678.070,4608,1035969,0,0.00000000,0.00000000,0.00,0,0,1.46,0.065,0.2940,0.1960,1.8620,1.8952,0.507568,0.076599,-0.024780,0.857849,7.755,72.5,-1
1782769678.259,4609,1036192,0,0.00000000,0.00000000,0.00,0,0,1.38,-0.003,0.6370,0.5390,2.1070,2.2662,0.507568,0.076660,-0.024780,0.857849,7.759,73.8,-1
1782769678.508,4610,1036433,0,0.00000000,0.00000000,0.00,0,0,1.37,-0.019,0.2450,-0.0980,1.4210,1.4453,0.507568,0.076721,-0.024780,0.857849,7.759,76.2,-1
1782769678.755,4611,1036661,0,0.00000000,0.00000000,0.00,0,0,1.45,0.036,1.1760,0.3430,3.2340,3.4582,0.507568,0.076782,-0.024841,0.857849,7.761,70.0,-1
1782769678.939,4612,1036884,0,0.00000000,0.00000000,0.00,0,0,1.42,0.012,0.2940,0.3430,1.9110,1.9637,0.507568,0.076782,-0.024841,0.857849,7.761,71.2,-1
1782769679.190,4613,1037102,0,0.00000000,0.00000000,0.00,0,0,1.45,0.034,-0.0980,1.5680,1.9600,2.5119,0.507568,0.076721,-0.024780,0.857849,7.761,68.8,-1
1782769679.377,4614,1037325,0,0.00000000,0.00000000,0.00,0,0,1.43,0.023,0.0490,0.3430,2.0580,2.0870,0.507568,0.076721,-0.024719,0.857849,7.758,72.5,-1
1782769679.624,4615,1037539,0,0.00000000,0.00000000,0.00,0,0,1.32,-0.021,0.4900,0.5390,2.1070,2.2294,0.507568,0.076660,-0.024719,0.857849,7.759,72.5,-1
1782769679.812,4616,1037762,0,0.00000000,0.00000000,0.00,0,0,1.38,0.017,0.3920,0.4900,2.0090,2.1047,0.507568,0.076599,-0.024780,0.857849,7.760,70.0,-1
1782769680.075,4617,1037984,0,0.00000000,0.00000000,0.00,0,0,1.41,0.031,1.1270,0.6370,2.4500,2.7710,0.507568,0.076660,-0.024780,0.857849,7.759,75.0,-1
1782769680.261,4618,1038207,0,0.00000000,0.00000000,0.00,0,0,1.42,0.019,0.5880,1.4700,1.8130,2.4070,0.507568,0.076660,-0.024841,0.857849,7.759,72.5,-1
1782769680.507,4619,1038426,0,0.00000000,0.00000000,0.00,0,0,1.43,0.019,0.6370,0.1960,1.4210,1.5695,0.507568,0.076599,-0.024902,0.857849,7.758,71.2,-1
1782769680.694,4620,1038644,0,0.00000000,0.00000000,0.00,0,0,1.39,-0.026,0.1470,0.1960,0.8330,0.8683,0.507568,0.076599,-0.024841,0.857849,7.759,75.0,-1
1782769680.944,4621,1038864,0,0.00000000,0.00000000,0.00,0,0,1.49,0.047,0.1960,0.6860,2.0580,2.1782,0.507568,0.076599,-0.024780,0.857849,7.759,75.0,-1
1782769681.147,4622,1039091,0,0.00000000,0.00000000,0.00,0,0,1.45,0.008,0.5390,0.3430,1.8130,1.9223,0.507568,0.076599,-0.024841,0.857849,7.759,68.8,-1
1782769681.397,4623,1039316,0,0.00000000,0.00000000,0.00,0,0,1.43,0.007,-0.0980,0.3920,0.9800,1.0600,0.507568,0.076599,-0.024780,0.857849,7.758,75.0,-1
1782769681.583,4624,1039531,0,0.00000000,0.00000000,0.00,0,0,1.46,0.008,-0.2940,0.4410,1.0290,1.1575,0.507568,0.076538,-0.024780,0.857849,7.761,70.0,-1
1782769681.831,4625,1039758,0,0.00000000,0.00000000,0.00,0,0,1.44,-0.006,-0.3920,0.3430,1.7640,1.8393,0.507568,0.076538,-0.024780,0.857849,7.759,76.2,-1
1782769682.019,4626,1039977,0,0.00000000,0.00000000,0.00,0,0,1.54,0.083,-0.4410,1.6660,1.2250,2.1144,0.507568,0.076599,-0.024780,0.857849,7.755,76.2,-1
1782769682.264,4627,1040201,0,0.00000000,0.00000000,0.00,0,0,1.33,-0.043,0.0490,0.4410,1.5680,1.6296,0.507568,0.076660,-0.024780,0.857849,7.755,71.2,-1
1782769682.512,4628,1040442,0,0.00000000,0.00000000,0.00,0,0,1.36,-0.051,0.4900,1.2740,2.0090,2.4288,0.507568,0.076721,-0.024780,0.857849,7.754,70.0,-1
1782769682.760,4629,1040670,0,0.00000000,0.00000000,0.00,0,0,1.33,-0.068,0.1470,0.0490,1.5190,1.5269,0.507568,0.076721,-0.024780,0.857849,7.754,75.0,-1
1782769682.945,4630,1040890,0,0.00000000,0.00000000,0.00,0,0,1.38,-0.043,-0.0980,0.7840,1.0780,1.3365,0.507568,0.076721,-0.024780,0.857849,7.755,73.8,-1
1782769683.195,4631,1041110,0,0.00000000,0.00000000,0.00,0,0,1.42,-0.010,0.1960,0.4410,1.8130,1.8761,0.507568,0.076660,-0.024719,0.857849,7.755,75.0,-1
1782769683.382,4632,1041330,0,0.00000000,0.00000000,0.00,0,0,1.46,0.002,0.4410,0.7840,1.5190,1.7654,0.507568,0.076660,-0.024719,0.857849,7.755,76.2,-1
1782769683.632,4633,1041547,0,0.00000000,0.00000000,0.00,0,0,1.48,0.018,0.2940,0.4410,1.7640,1.8419,0.507568,0.076660,-0.024719,0.857849,7.756,76.2,-1
1782769683.818,4634,1041774,0,0.00000000,0.00000000,0.00,0,0,1.51,0.046,0.0000,0.6860,1.5190,1.6667,0.507568,0.076599,-0.024719,0.857849,7.759,72.5,-1
1782769684.081,4635,1041996,0,0.00000000,0.00000000,0.00,0,0,1.33,-0.033,0.6370,0.3920,2.0090,2.1437,0.507568,0.076721,-0.024780,0.857849,7.758,73.8,-1
1782769684.267,4636,1042225,0,0.00000000,0.00000000,0.00,0,0,1.40,0.014,0.0000,-0.5390,0.2450,0.5921,0.507568,0.076721,-0.024780,0.857849,7.754,76.2,-1
1782769684.516,4637,1042437,0,0.00000000,0.00000000,0.00,0,0,1.33,-0.034,0.1470,0.9310,1.2250,1.5456,0.507568,0.076721,-0.024780,0.857849,7.756,72.5,-1
1782769684.764,4638,1042662,0,0.00000000,0.00000000,0.00,0,0,1.36,-0.003,0.0490,0.5880,0.7350,0.9425,0.507568,0.076782,-0.024780,0.857849,7.755,72.5,-1
1782769684.950,4639,1042884,0,0.00000000,0.00000000,0.00,0,0,1.39,0.025,-0.0490,0.1470,0.7350,0.7512,0.507568,0.076721,-0.024780,0.857849,7.753,81.2,-1
1782769685.196,4640,1043107,0,0.00000000,0.00000000,0.00,0,0,1.36,0.012,1.2250,0.1960,2.0580,2.4030,0.507568,0.076660,-0.024780,0.857849,7.755,77.5,-1
1782769685.382,4641,1043324,0,0.00000000,0.00000000,0.00,0,0,1.40,0.020,0.3920,0.4410,1.7150,1.8137,0.507568,0.076660,-0.024780,0.857849,7.751,78.8,-1
1782769685.644,4642,1043545,0,0.00000000,0.00000000,0.00,0,0,1.43,0.029,-0.1960,1.0290,-0.1960,1.0657,0.507568,0.076660,-0.024841,0.857849,7.751,80.0,-1
1782769685.831,4643,1043768,0,0.00000000,0.00000000,0.00,0,0,1.38,-0.000,-0.9800,1.4210,-0.5880,1.8236,0.507568,0.076660,-0.024963,0.857849,7.755,75.0,-1
1782769686.081,4644,1043986,0,0.00000000,0.00000000,0.00,0,0,1.46,0.033,0.2940,0.8330,1.4700,1.7150,0.507568,0.076721,-0.024902,0.857849,7.755,80.0,-1
1782769686.280,4645,1044210,0,0.00000000,0.00000000,0.00,0,0,1.39,-0.002,0.4900,0.2450,1.8620,1.9409,0.507568,0.076599,-0.024902,0.857849,7.754,78.8,-1
1782769686.468,4646,1044426,0,0.00000000,0.00000000,0.00,0,0,1.24,-0.067,0.3920,0.3430,1.4700,1.5596,0.507568,0.076599,-0.024841,0.857849,7.755,78.8,-1
1782769686.718,4647,1044652,0,0.00000000,0.00000000,0.00,0,0,1.33,0.003,0.2940,1.4210,0.4900,1.5316,0.507568,0.076599,-0.024841,0.857849,7.756,75.0,-1
1782769686.968,4648,1044872,0,0.00000000,0.00000000,0.00,0,0,1.47,0.086,0.7350,0.1470,2.1560,2.2826,0.507568,0.076538,-0.024902,0.857849,7.758,75.0,-1
1782769687.155,4649,1045090,0,0.00000000,0.00000000,0.00,0,0,1.50,0.106,0.1960,0.8330,2.3520,2.5028,0.507568,0.076538,-0.024841,0.857849,7.753,71.2,-1
1782769687.403,4650,1045312,0,0.00000000,0.00000000,0.00,0,0,1.45,0.046,0.5390,0.5880,1.0780,1.3410,0.507568,0.076538,-0.024780,0.857849,7.756,77.5,-1
1782769687.590,4651,1045521,0,0.00000000,0.00000000,0.00,0,0,1.55,0.101,-0.4410,0.8820,0.7350,1.2299,0.507568,0.076538,-0.024841,0.857849,7.756,71.2,-1
1782769687.840,4652,1045740,0,0.00000000,0.00000000,0.00,0,0,1.50,0.073,0.3430,0.6370,1.1760,1.3807,0.507568,0.076599,-0.024902,0.857849,7.758,78.8,-1
1782769688.028,4653,1045964,0,0.00000000,0.00000000,0.00,0,0,1.44,0.027,0.0000,0.3920,0.9800,1.0555,0.507568,0.076599,-0.024963,0.857849,7.756,75.0,-1
1782769688.277,4654,1046181,0,0.00000000,0.00000000,0.00,0,0,1.50,0.076,0.3430,0.2940,1.9110,1.9637,0.507568,0.076599,-0.024902,0.857849,7.758,73.8,-1
1782769688.524,4655,1046428,0,0.00000000,0.00000000,0.00,0,0,1.55,0.094,0.0980,0.6860,1.7640,1.8952,0.507568,0.076538,-0.024902,0.857849,7.759,73.8,-1
1782769688.712,4656,1046655,0,0.00000000,0.00000000,0.00,0,0,1.46,0.017,0.0980,0.5390,1.7640,1.8471,0.507568,0.076538,-0.024902,0.857849,7.755,76.2,-1
1782769688.964,4657,1046874,0,0.00000000,0.00000000,0.00,0,0,1.32,-0.070,0.2450,0.8820,1.9600,2.1632,0.507568,0.076538,-0.024841,0.857849,7.755,76.2,-1
1782769689.152,4658,1047096,0,0.00000000,0.00000000,0.00,0,0,1.38,-0.041,0.0490,1.0290,1.4210,1.7551,0.507568,0.076599,-0.024841,0.857849,7.755,76.2,-1
1782769689.400,4659,1047317,0,0.00000000,0.00000000,0.00,0,0,1.46,0.014,0.4900,0.6860,0.8820,1.2201,0.507568,0.076599,-0.024780,0.857849,7.755,76.2,-1
1782769689.588,4660,1047528,0,0.00000000,0.00000000,0.00,0,0,1.34,-0.072,0.4900,0.5880,1.0780,1.3221,0.507568,0.076599,-0.024719,0.857849,7.758,73.8,-1
1782769689.839,4661,1047758,0,0.00000000,0.00000000,0.00,0,0,1.44,-0.001,0.3920,1.8620,0.8330,2.0772,0.507568,0.076599,-0.024780,0.857849,7.755,73.8,-1
1782769690.025,4662,1047978,0,0.00000000,0.00000000,0.00,0,0,1.47,0.025,-1.5190,1.8620,-0.5390,2.4627,0.507568,0.076538,-0.024841,0.857849,7.755,77.5,-1
1782769690.272,4663,1048200,0,0.00000000,0.00000000,0.00,0,0,1.55,0.075,0.1470,0.3430,1.4700,1.5166,0.507568,0.076538,-0.024841,0.857849,7.756,77.5,-1
1782769690.521,4664,1048445,0,0.00000000,0.00000000,0.00,0,0,1.50,0.021,-0.2940,0.7840,0.8330,1.1811,0.507568,0.076538,-0.024780,0.857849,7.754,75.0,-1
1782769690.772,4665,1048670,0,0.00000000,0.00000000,0.00,0,0,1.46,-0.007,0.1960,1.1760,1.1760,1.6746,0.507568,0.076477,-0.024841,0.857849,7.754,68.8,-1
1782769690.958,4666,1048895,0,0.00000000,0.00000000,0.00,0,0,1.32,-0.094,0.5880,0.1470,1.9110,2.0048,0.507568,0.076477,-0.024841,0.857849,7.749,80.0,-1
1782769691.209,4667,1049119,0,0.00000000,0.00000000,0.00,0,0,1.47,-0.001,0.4900,0.0490,1.3720,1.4577,0.507568,0.076477,-0.024780,0.857849,7.751,81.2,-1
1782769691.413,4668,1049338,0,0.00000000,0.00000000,0.00,0,0,1.46,-0.025,0.0000,0.9800,1.4210,1.7262,0.507568,0.076538,-0.024780,0.857849,7.750,80.0,-1
1782769691.600,4669,1049555,0,0.00000000,0.00000000,0.00,0,0,1.39,-0.054,0.0980,0.7350,0.1470,0.7559,0.507568,0.076538,-0.024719,0.857849,7.755,71.2,-1
1782769691.852,4670,1049779,0,0.00000000,0.00000000,0.00,0,0,1.42,-0.016,0.1470,1.2250,1.2250,1.7386,0.507568,0.076538,-0.024719,0.857849,7.754,83.8,-1
1782769692.103,4671,1050004,0,0.00000000,0.00000000,0.00,0,0,1.47,0.029,0.5390,0.6860,1.7640,1.9679,0.507568,0.076538,-0.024719,0.857849,7.754,76.2,-1
1782769692.290,4672,1050225,0,0.00000000,0.00000000,0.00,0,0,1.43,0.004,0.3430,-0.3430,2.7440,2.7865,0.507568,0.076599,-0.024658,0.857849,7.753,77.5,-1
1782769692.538,4673,1050437,0,0.00000000,0.00000000,0.00,0,0,1.38,-0.046,0.3920,0.2450,2.1070,2.1571,0.507568,0.076599,-0.024658,0.857849,7.758,71.2,-1
1782769692.741,4674,1050664,0,0.00000000,0.00000000,0.00,0,0,1.38,-0.051,0.9800,1.5680,1.5190,2.3930,0.507568,0.076599,-0.024658,0.857849,7.754,77.5,-1
1782769692.943,4675,1050888,0,0.00000000,0.00000000,0.00,0,0,1.29,-0.081,0.8820,0.3430,2.4990,2.6722,0.507568,0.076599,-0.024658,0.857849,7.758,76.2,-1
1782769693.209,4676,1051114,0,0.00000000,0.00000000,0.00,0,0,1.39,-0.001,0.3430,0.4410,1.9600,2.0381,0.507568,0.076599,-0.024658,0.857849,7.754,76.2,-1
1782769693.397,4677,1051334,0,0.00000000,0.00000000,0.00,0,0,1.48,0.047,0.3920,0.9800,1.4210,1.7701,0.507568,0.076599,-0.024658,0.857849,7.755,75.0,-1
1782769693.646,4678,1051549,0,0.00000000,0.00000000,0.00,0,0,1.38,-0.018,0.3430,0.8330,1.3230,1.6006,0.507568,0.076599,-0.024658,0.857849,7.754,72.5,-1
1782769693.833,4679,1051777,0,0.00000000,0.00000000,0.00,0,0,1.42,0.004,0.6370,0.4410,1.8130,1.9716,0.507568,0.076599,-0.024658,0.857849,7.760,75.0,-1
1782769694.083,4680,1051995,0,0.00000000,0.00000000,0.00,0,0,1.43,-0.004,0.2450,0.3430,1.7150,1.7660,0.507568,0.076599,-0.024658,0.857849,7.754,76.2,-1
1782769694.271,4681,1052219,0,0.00000000,0.00000000,0.00,0,0,1.44,0.005,1.0780,0.5390,2.1560,2.4700,0.507568,0.076538,-0.024658,0.857849,7.760,71.2,-1
1782769694.521,4682,1052435,0,0.00000000,0.00000000,0.00,0,0,1.42,0.004,0.9310,-0.1470,1.9600,2.1748,0.507568,0.076477,-0.024719,0.857849,7.754,71.2,-1
1782769694.705,4683,1052659,0,0.00000000,0.00000000,0.00,0,0,1.52,0.055,0.2940,0.9800,1.4700,1.7910,0.507446,0.076599,-0.024719,0.857910,7.760,71.2,-1
1782769694.958,4684,1052888,0,0.00000000,0.00000000,0.00,0,0,1.50,0.038,0.2450,0.2450,2.1560,2.1837,0.507507,0.076599,-0.024658,0.857910,7.756,72.5,-1
1782769695.207,4685,1053110,0,0.00000000,0.00000000,0.00,0,0,1.47,0.027,-0.0980,0.6370,2.0090,2.1098,0.507446,0.076538,-0.024597,0.857910,7.761,71.2,-1
1782769695.396,4686,1053330,0,0.00000000,0.00000000,0.00,0,0,1.52,0.058,0.6860,0.9310,1.7150,2.0685,0.507446,0.076538,-0.024536,0.857910,7.760,70.0,-1
1782769695.644,4687,1053551,0,0.00000000,0.00000000,0.00,0,0,1.43,-0.009,0.7350,0.5880,1.2740,1.5840,0.507507,0.076477,-0.024597,0.857910,7.759,68.8,-1
1782769695.832,4688,1053772,0,0.00000000,0.00000000,0.00,0,0,1.40,-0.009,0.0490,1.1760,1.5680,1.9606,0.507446,0.076538,-0.024597,0.857910,7.760,71.2,-1
1782769696.081,4689,1053989,0,0.00000000,0.00000000,0.00,0,0,1.33,-0.029,0.9310,1.0290,2.4010,2.7732,0.507446,0.076599,-0.024597,0.857910,7.756,73.8,-1
1782769696.267,4690,1054213,0,0.00000000,0.00000000,0.00,0,0,1.36,-0.004,0.5880,0.4900,1.7640,1.9229,0.507507,0.076416,-0.024597,0.857910,7.760,73.8,-1
1782769696.469,4691,1054424,0,0.00000000,0.00000000,0.00,0,0,1.41,0.028,0.0980,0.4900,2.0580,2.1178,0.507507,0.076477,-0.024658,0.857910,7.761,73.8,-1
1782769696.720,4692,1054653,0,0.00000000,0.00000000,0.00,0,0,1.41,0.015,1.4700,0.1960,1.8620,2.3804,0.507507,0.076538,-0.024658,0.857910,7.760,71.2,-1
1782769696.968,4693,1054872,0,0.00000000,0.00000000,0.00,0,0,1.28,-0.069,0.4410,0.9800,1.7150,2.0239,0.507507,0.076538,-0.024658,0.857849,7.758,72.5,-1
1782769697.157,4694,1055095,0,0.00000000,0.00000000,0.00,0,0,1.28,-0.085,0.5390,1.2740,1.5680,2.0910,0.507568,0.076538,-0.024780,0.857849,7.759,68.8,-1
1782769697.406,4695,1055313,0,0.00000000,0.00000000,0.00,0,0,1.34,-0.024,0.4410,0.6860,2.0090,2.1682,0.507507,0.076477,-0.024841,0.857910,7.759,75.0,-1
1782769697.592,4696,1055527,0,0.00000000,0.00000000,0.00,0,0,1.27,-0.056,0.0000,1.1270,1.1760,1.6288,0.507629,0.076355,-0.024841,0.857849,7.760,67.5,-1
1782769697.842,4697,1055749,0,0.00000000,0.00000000,0.00,0,0,1.21,-0.090,0.2450,0.4410,1.7640,1.8347,0.507568,0.076477,-0.024780,0.857849,7.761,68.8,-1
1782769698.028,4698,1055975,0,0.00000000,0.00000000,0.00,0,0,1.41,0.029,0.1470,1.4700,0.7350,1.6501,0.507568,0.076477,-0.024780,0.857849,7.756,70.0,-1
1782769698.277,4699,1056197,0,0.00000000,0.00000000,0.00,0,0,1.31,-0.029,-0.3920,1.0290,1.2250,1.6472,0.507568,0.076477,-0.024780,0.857849,7.758,76.2,-1
1782769698.527,4700,1056444,0,0.00000000,0.00000000,0.00,0,0,1.30,-0.019,0.1960,0.4410,1.7640,1.8288,0.507629,0.076538,-0.024780,0.857849,7.756,77.5,-1
1782769698.712,4701,1056668,0,0.00000000,0.00000000,0.00,0,0,1.28,0.002,0.3430,0.5390,2.0090,2.1081,0.507629,0.076538,-0.024719,0.857849,7.759,68.8,-1
1782769698.961,4702,1056886,0,0.00000000,0.00000000,0.00,0,0,1.31,0.025,0.5390,0.5880,2.0090,2.1616,0.507629,0.076538,-0.024719,0.857849,7.759,76.2,-1
1782769699.211,4703,1057110,0,0.00000000,0.00000000,0.00,0,0,1.32,0.026,0.5880,0.2940,1.0290,1.2211,0.507629,0.076538,-0.024719,0.857849,7.758,72.5,-1
1782769699.398,4704,1057332,0,0.00000000,0.00000000,0.00,0,0,1.35,0.054,0.6860,0.4410,1.1760,1.4311,0.507629,0.076538,-0.024658,0.857849,7.758,72.5,-1
1782769699.645,4705,1057550,0,0.00000000,0.00000000,0.00,0,0,1.24,0.007,0.0980,0.5880,1.7640,1.8620,0.507629,0.076538,-0.024719,0.857849,7.758,72.5,-1
1782769699.833,4706,1057769,0,0.00000000,0.00000000,0.00,0,0,1.18,-0.033,0.5390,0.2450,1.9110,2.0006,0.507568,0.076538,-0.024780,0.857849,7.755,73.8,-1
1782769700.082,4707,1057989,0,0.00000000,0.00000000,0.00,0,0,1.24,0.021,0.3430,0.4900,1.5680,1.6782,0.507629,0.076538,-0.024719,0.857849,7.756,73.8,-1
1782769700.269,4708,1058208,0,0.00000000,0.00000000,0.00,0,0,1.19,-0.020,-0.0980,0.6860,1.5190,1.6696,0.507629,0.076538,-0.024719,0.857849,7.759,71.2,-1
1782769700.518,4709,1058425,0,0.00000000,0.00000000,0.00,0,0,1.20,-0.041,0.5390,0.7840,1.6170,1.8761,0.507629,0.076538,-0.024719,0.857849,7.758,81.2,-1
1782769700.719,4710,1058651,0,0.00000000,0.00000000,0.00,0,0,1.22,-0.046,1.3720,0.2940,2.6950,3.0384,0.507568,0.076599,-0.024780,0.857849,7.759,73.8,-1
1782769700.924,4711,1058872,0,0.00000000,0.00000000,0.00,0,0,1.24,-0.024,-0.1960,0.8820,1.4210,1.6839,0.507568,0.076599,-0.024841,0.857849,7.758,71.2,-1
1782769701.172,4712,1059094,0,0.00000000,0.00000000,0.00,0,0,1.28,0.006,0.4410,0.4410,1.4210,1.5518,0.507568,0.076599,-0.024780,0.857849,7.759,72.5,-1
1782769701.360,4713,1059312,0,0.00000000,0.00000000,0.00,0,0,1.23,-0.015,0.2450,0.8330,1.3720,1.6237,0.507568,0.076660,-0.024780,0.857849,7.756,73.8,-1
1782769701.609,4714,1059526,0,0.00000000,0.00000000,0.00,0,0,1.25,-0.000,1.3720,0.6860,2.0580,2.5668,0.507568,0.076660,-0.024780,0.857849,7.761,68.8,-1
1782769701.796,4715,1059744,0,0.00000000,0.00000000,0.00,0,0,1.18,-0.035,0.3920,0.3430,1.3720,1.4675,0.507568,0.076660,-0.024719,0.857849,7.754,75.0,-1
1782769702.045,4716,1059966,0,0.00000000,0.00000000,0.00,0,0,1.23,-0.026,0.0490,1.3230,1.3720,1.9066,0.507629,0.076599,-0.024719,0.857849,7.759,68.8,-1
1782769702.231,4717,1060185,0,0.00000000,0.00000000,0.00,0,0,1.24,-0.036,0.5390,1.1270,1.3720,1.8555,0.507629,0.076599,-0.024719,0.857849,7.758,78.8,-1
1782769702.483,4718,1060429,0,0.00000000,0.00000000,0.00,0,0,1.21,-0.054,0.3430,0.4410,1.1760,1.3020,0.507629,0.076599,-0.024658,0.857849,7.758,72.5,-1
1782769702.734,4719,1060659,0,0.00000000,0.00000000,0.00,0,0,1.22,-0.048,-0.0980,0.9310,0.7840,1.2211,0.507629,0.076599,-0.024658,0.857849,7.760,72.5,-1
1782769702.984,4720,1060885,0,0.00000000,0.00000000,0.00,0,0,1.25,-0.026,0.5390,0.5390,1.5190,1.6995,0.507629,0.076660,-0.024719,0.857788,7.756,73.8,-1
1782769703.171,4721,1061109,0,0.00000000,0.00000000,0.00,0,0,1.20,-0.041,0.9310,1.6660,1.8130,2.6324,0.507568,0.076660,-0.024719,0.857849,7.759,72.5,-1
1782769703.419,4722,1061327,0,0.00000000,0.00000000,0.00,0,0,1.33,0.049,-0.0490,0.5880,1.1760,1.3157,0.507568,0.076660,-0.024780,0.857849,7.758,75.0,-1
1782769703.607,4723,1061544,0,0.00000000,0.00000000,0.00,0,0,1.23,-0.017,-0.7350,0.8820,0.4900,1.2483,0.507568,0.076599,-0.024780,0.857849,7.761,70.0,-1
1782769703.858,4724,1061770,0,0.00000000,0.00000000,0.00,0,0,1.24,-0.003,0.3920,0.4900,2.5480,2.6241,0.507629,0.076599,-0.024719,0.857849,7.759,75.0,-1
1782769704.044,4725,1061991,0,0.00000000,0.00000000,0.00,0,0,1.17,-0.050,0.4900,0.4410,2.6950,2.7745,0.507629,0.076599,-0.024719,0.857849,7.758,73.8,-1
1782769704.292,4726,1062209,0,0.00000000,0.00000000,0.00,0,0,1.24,-0.011,0.0490,0.3430,2.2050,2.2321,0.507629,0.076599,-0.024719,0.857849,7.759,73.8,-1
1782769704.479,4727,1062417,0,0.00000000,0.00000000,0.00,0,0,1.21,-0.019,0.2450,0.4900,1.3720,1.4773,0.507629,0.076599,-0.024658,0.857849,7.760,71.2,-1
1782769704.667,4728,1062620,0,0.00000000,0.00000000,0.00,0,0,1.26,0.007,0.2940,0.7350,2.0090,2.1593,0.507629,0.076599,-0.024658,0.857849,7.758,70.0,-1
1782769704.918,4729,1062839,0,0.00000000,0.00000000,0.00,0,0,1.25,-0.002,-0.1960,1.2250,1.3230,1.8137,0.507629,0.076599,-0.024658,0.857849,7.758,71.2,-1
1782769705.166,4730,1063063,0,0.00000000,0.00000000,0.00,0,0,1.29,0.018,-0.4410,0.9310,1.6660,1.9588,0.507629,0.076599,-0.024658,0.857849,7.760,71.2,-1
1782769705.351,4731,1063282,0,0.00000000,0.00000000,0.00,0,0,1.24,-0.016,0.5880,0.3920,2.1070,2.2224,0.507629,0.076599,-0.024658,0.857849,7.756,70.0,-1
1782769705.539,4732,1063493,0,0.00000000,0.00000000,0.00,0,0,1.30,0.021,0.5880,0.4900,2.6460,2.7545,0.507629,0.076538,-0.024719,0.857849,7.759,70.0,-1
1782769705.803,4733,1063714,0,0.00000000,0.00000000,0.00,0,0,1.34,0.051,0.2450,0.6370,1.4700,1.6207,0.507629,0.076538,-0.024719,0.857849,7.758,77.5,-1
1782769705.989,4734,1063940,0,0.00000000,0.00000000,0.00,0,0,1.22,-0.035,0.6860,0.9800,2.0090,2.3382,0.507629,0.076538,-0.024719,0.857849,7.758,75.0,-1
1782769706.237,4735,1064166,0,0.00000000,0.00000000,0.00,0,0,1.39,0.078,0.4900,0.4410,1.9110,2.0215,0.507629,0.076538,-0.024658,0.857849,7.759,72.5,-1
1782769706.489,4736,1064387,0,0.00000000,0.00000000,0.00,0,0,1.24,-0.019,0.1470,0.7350,0.6370,0.9837,0.507629,0.076538,-0.024658,0.857849,7.758,72.5,-1
1782769706.673,4737,1064600,0,0.00000000,0.00000000,0.00,0,0,1.30,0.010,0.7840,0.3430,2.4500,2.5952,0.507629,0.076538,-0.024658,0.857849,7.754,72.5,-1
1782769706.922,4738,1064827,0,0.00000000,0.00000000,0.00,0,0,1.29,0.007,0.1960,0.7350,2.4500,2.5654,0.507629,0.076538,-0.024658,0.857849,7.755,77.5,-1
1782769707.106,4739,1065045,0,0.00000000,0.00000000,0.00,0,0,1.33,0.048,0.1960,0.4410,1.3720,1.4544,0.507629,0.076538,-0.024658,0.857849,7.755,78.8,-1
1782769707.356,4740,1065270,0,0.00000000,0.00000000,0.00,0,0,1.28,0.002,0.6370,1.0290,2.0580,2.3875,0.507629,0.076538,-0.024658,0.857849,7.755,73.8,-1
1782769707.543,4741,1065489,0,0.00000000,0.00000000,0.00,0,0,1.31,0.010,-0.0490,0.6370,1.1270,1.2955,0.507629,0.076538,-0.024658,0.857849,7.755,75.0,-1
1782769707.793,4742,1065707,0,0.00000000,0.00000000,0.00,0,0,1.23,-0.026,0.2940,0.7840,1.7150,1.9085,0.507629,0.076599,-0.024658,0.857849,7.755,76.2,-1
1782769707.980,4743,1065928,0,0.00000000,0.00000000,0.00,0,0,1.30,0.023,0.3920,0.3920,1.5680,1.6631,0.507629,0.076599,-0.024658,0.857849,7.755,76.2,-1
1782769708.243,4744,1066153,0,0.00000000,0.00000000,0.00,0,0,1.33,0.021,0.0980,0.6860,1.3230,1.4935,0.507629,0.076599,-0.024658,0.857849,7.756,72.5,-1
1782769708.429,4745,1066377,0,0.00000000,0.00000000,0.00,0,0,1.27,-0.039,0.5880,-0.3430,0.8330,1.0758,0.507629,0.076538,-0.024597,0.857849,7.759,76.2,-1
1782769708.676,4746,1066592,0,0.00000000,0.00000000,0.00,0,0,1.21,-0.096,0.1960,0.4900,1.4210,1.5158,0.507629,0.076538,-0.024597,0.857849,7.755,76.2,-1
1782769708.864,4747,1066815,0,0.00000000,0.00000000,0.00,0,0,1.31,-0.038,0.1960,0.6860,1.4700,1.6340,0.507629,0.076477,-0.024597,0.857849,7.756,71.2,-1
1782769709.114,4748,1067040,0,0.00000000,0.00000000,0.00,0,0,1.31,-0.022,0.6860,-0.1960,0.8330,1.0968,0.507629,0.076538,-0.024597,0.857849,7.754,75.0,-1
1782769709.363,4749,1067264,0,0.00000000,0.00000000,0.00,0,0,1.23,-0.067,-0.2940,1.2740,1.5190,2.0042,0.507629,0.076538,-0.024597,0.857849,7.754,80.0,-1
1782769709.549,4750,1067485,0,0.00000000,0.00000000,0.00,0,0,1.32,-0.020,-0.2450,0.7840,1.3230,1.5572,0.507629,0.076538,-0.024597,0.857849,7.754,81.2,-1
1782769709.799,4751,1067706,0,0.00000000,0.00000000,0.00,0,0,1.32,-0.000,0.4410,0.2450,1.7640,1.8347,0.507629,0.076538,-0.024658,0.857849,7.754,76.2,-1
1782769709.987,4752,1067933,0,0.00000000,0.00000000,0.00,0,0,1.37,0.041,0.3430,0.2940,0.7350,0.8627,0.507629,0.076538,-0.024658,0.857849,7.756,75.0,-1
1782769710.235,4753,1068153,0,0.00000000,0.00000000,0.00,0,0,1.29,-0.019,0.1960,0.4410,1.6170,1.6875,0.507629,0.076538,-0.024658,0.857849,7.755,77.5,-1
1782769710.421,4754,1068373,0,0.00000000,0.00000000,0.00,0,0,1.28,-0.032,0.1960,0.6860,1.4210,1.5900,0.507629,0.076660,-0.024719,0.857849,7.755,73.8,-1
1782769710.670,4755,1068594,0,0.00000000,0.00000000,0.00,0,0,1.36,0.010,0.6860,0.5390,2.4010,2.5546,0.507629,0.076660,-0.024658,0.857849,7.759,71.2,-1
1782769710.859,4756,1068813,0,0.00000000,0.00000000,0.00,0,0,1.27,-0.056,0.3920,0.3920,2.3030,2.3688,0.507629,0.076599,-0.024658,0.857849,7.754,77.5,-1
1782769711.108,4757,1069038,0,0.00000000,0.00000000,0.00,0,0,1.19,-0.095,0.1960,0.5390,1.9110,1.9952,0.507629,0.076599,-0.024658,0.857849,7.755,72.5,-1
1782769711.356,4758,1069256,0,0.00000000,0.00000000,0.00,0,0,1.20,-0.088,0.2450,1.0780,2.0580,2.3361,0.507629,0.076599,-0.024658,0.857849,7.755,77.5,-1
1782769711.544,4759,1069469,0,0.00000000,0.00000000,0.00,0,0,1.15,-0.097,0.0490,0.7840,0.9310,1.2181,0.507629,0.076538,-0.024597,0.857849,7.756,75.0,-1
1782769711.794,4760,1069695,0,0.00000000,0.00000000,0.00,0,0,1.22,-0.057,0.6370,0.4900,1.4210,1.6325,0.507629,0.076477,-0.024597,0.857849,7.755,76.2,-1
1782769711.982,4761,1069919,0,0.00000000,0.00000000,0.00,0,0,1.22,-0.044,-0.1470,0.9310,2.4500,2.6250,0.507629,0.076477,-0.024597,0.857849,7.756,76.2,-1
1782769712.230,4762,1070140,0,0.00000000,0.00000000,0.00,0,0,1.32,0.017,0.0980,0.6370,0.8330,1.0532,0.507629,0.076538,-0.024597,0.857849,7.754,70.0,-1
1782769712.432,4763,1070356,0,0.00000000,0.00000000,0.00,0,0,1.22,-0.034,0.0490,0.6860,1.3230,1.4911,0.507629,0.076538,-0.024597,0.857849,7.754,75.0,-1
1782769712.618,4764,1070574,0,0.00000000,0.00000000,0.00,0,0,1.23,-0.030,0.8330,0.0980,2.3520,2.4971,0.507629,0.076538,-0.024597,0.857849,7.755,75.0,-1
1782769712.869,4765,1070801,0,0.00000000,0.00000000,0.00,0,0,1.21,-0.034,0.5880,0.1960,1.9600,2.0557,0.507629,0.076538,-0.024597,0.857849,7.758,75.0,-1
1782769713.118,4766,1071021,0,0.00000000,0.00000000,0.00,0,0,1.25,-0.026,0.2940,0.1960,1.5190,1.5596,0.507629,0.076538,-0.024597,0.857849,7.755,71.2,-1
1782769713.305,4767,1071240,0,0.00000000,0.00000000,0.00,0,0,1.34,0.034,-0.0980,0.5390,1.1760,1.2973,0.507629,0.076538,-0.024597,0.857849,7.754,71.2,-1
1782769713.554,4768,1071458,0,0.00000000,0.00000000,0.00,0,0,1.30,-0.006,0.2940,0.5390,1.8620,1.9606,0.507629,0.076538,-0.024597,0.857849,7.753,77.5,-1
1782769713.743,4769,1071684,0,0.00000000,0.00000000,0.00,0,0,1.25,-0.037,0.0980,0.6860,1.8620,1.9868,0.507629,0.076538,-0.024597,0.857849,7.754,75.0,-1
1782769713.996,4770,1071902,0,0.00000000,0.00000000,0.00,0,0,1.20,-0.061,0.1470,0.2450,2.0090,2.0292,0.507629,0.076477,-0.024658,0.857849,7.758,75.0,-1
1782769714.182,4771,1072123,0,0.00000000,0.00000000,0.00,0,0,1.29,-0.003,0.2450,0.6370,1.5190,1.6653,0.507629,0.076477,-0.024780,0.857849,7.754,73.8,-1
1782769714.434,4772,1072343,0,0.00000000,0.00000000,0.00,0,0,1.33,0.032,0.4410,0.4410,1.0290,1.2032,0.512939,0.076294,-0.025330,0.854614,7.753,75.0,-1
1782769714.621,4773,1072558,0,0.00000000,0.00000000,0.00,0,0,1.39,0.082,0.0980,0.7840,1.0780,1.3365,0.512939,0.076355,-0.025269,0.854614,7.754,75.0,-1
1782769714.872,4774,1072786,0,0.00000000,0.00000000,0.00,0,0,1.12,-0.094,0.0980,0.3920,1.2740,1.3365,0.512939,0.076355,-0.025269,0.854614,7.758,72.5,-1
1782769715.060,4775,1073007,0,0.00000000,0.00000000,0.00,0,0,1.19,-0.048,0.6860,0.0000,0.6860,0.9702,0.512939,0.076355,-0.025269,0.854614,7.755,73.8,-1
1782769715.310,4776,1073225,0,0.00000000,0.00000000,0.00,0,0,1.32,0.053,0.3430,0.1960,1.8620,1.9034,0.512939,0.076355,-0.025269,0.854614,7.751,76.2,-1
1782769715.493,4777,1073441,0,0.00000000,0.00000000,0.00,0,0,1.33,0.047,0.4410,0.5390,1.6660,1.8057,0.512939,0.076416,-0.025330,0.854614,7.756,71.2,-1
1782769715.742,4778,1073668,0,0.00000000,0.00000000,0.00,0,0,1.32,0.017,-0.0490,0.7350,1.5680,1.7324,0.512939,0.076477,-0.025330,0.854614,7.756,72.5,-1
1782769715.992,4779,1073888,0,0.00000000,0.00000000,0.00,0,0,1.30,0.024,0.3920,0.4900,1.3720,1.5087,0.512939,0.076477,-0.025269,0.854614,7.756,72.5,-1
1782769716.181,4780,1074109,0,0.00000000,0.00000000,0.00,0,0,1.22,-0.037,0.3430,0.2450,2.6460,2.6794,0.512939,0.076477,-0.025208,0.854614,7.756,72.5,-1
1782769716.430,4781,1074328,0,0.00000000,0.00000000,0.00,0,0,1.24,-0.012,0.1470,0.5390,1.8130,1.8971,0.512939,0.076477,-0.025208,0.854614,7.756,75.0,-1
1782769716.617,4782,1074543,0,0.00000000,0.00000000,0.00,0,0,1.20,-0.038,0.3430,1.2250,1.5680,2.0191,0.512939,0.076477,-0.025208,0.854614,7.756,76.2,-1
1782769716.867,4783,1074769,0,0.00000000,0.00000000,0.00,0,0,1.34,0.067,0.8330,0.2940,2.1560,2.3299,0.512939,0.076477,-0.025146,0.854614,7.755,75.0,-1
1782769717.052,4784,1074988,0,0.00000000,0.00000000,0.00,0,0,1.27,0.033,0.1470,0.6860,2.3030,2.4075,0.512939,0.076477,-0.025208,0.854614,7.755,76.2,-1
1782769717.305,4785,1075212,0,0.00000000,0.00000000,0.00,0,0,1.30,0.038,0.3430,0.6860,1.7640,1.9235,0.512939,0.076477,-0.025146,0.854614,7.758,75.0,-1
1782769717.493,4786,1075432,0,0.00000000,0.00000000,0.00,0,0,1.28,0.002,0.5390,0.0490,1.4700,1.5665,0.512939,0.076477,-0.025208,0.854614,7.758,72.5,-1
1782769717.743,4787,1075653,0,0.00000000,0.00000000,0.00,0,0,1.29,0.017,0.9310,0.1960,1.1760,1.5127,0.512939,0.076416,-0.025269,0.854614,7.758,76.2,-1
1782769717.930,4788,1075881,0,0.00000000,0.00000000,0.00,0,0,1.30,0.041,0.1960,0.6370,1.3230,1.4814,0.512939,0.076416,-0.025208,0.854614,7.754,73.8,-1
1782769718.178,4789,1076104,0,0.00000000,0.00000000,0.00,0,0,1.30,0.012,0.3430,0.9800,1.2740,1.6435,0.512939,0.076416,-0.025208,0.854614,7.751,76.2,-1
1782769718.430,4790,1076326,0,0.00000000,0.00000000,0.00,0,0,1.28,-0.009,1.2250,-0.0490,1.5190,1.9520,0.512939,0.076416,-0.025269,0.854614,7.756,75.0,-1
1782769718.618,4791,1076542,0,0.00000000,0.00000000,0.00,0,0,1.23,-0.020,-0.3430,1.3720,0.3920,1.4675,0.512939,0.076355,-0.025269,0.854614,7.754,76.2,-1
1782769718.868,4792,1076764,0,0.00000000,0.00000000,0.00,0,0,1.22,-0.044,0.4410,0.6370,1.5680,1.7490,0.512939,0.076416,-0.025269,0.854614,7.754,77.5,-1
1782769719.055,4793,1076986,0,0.00000000,0.00000000,0.00,0,0,1.20,-0.061,0.3920,0.9310,2.2050,2.4254,0.512939,0.076477,-0.025269,0.854614,7.758,75.0,-1
1782769719.306,4794,1077203,0,0.00000000,0.00000000,0.00,0,0,1.39,0.046,0.7840,-0.2940,1.8620,2.0416,0.512939,0.076538,-0.025330,0.854614,7.756,81.2,-1
1782769719.492,4795,1077444,0,0.00000000,0.00000000,0.00,0,0,1.29,-0.022,-0.1960,0.8820,1.7640,1.9819,0.512939,0.076599,-0.025330,0.854614,7.754,77.5,-1
1782769719.740,4796,1077668,0,0.00000000,0.00000000,0.00,0,0,1.23,-0.069,0.3920,0.9310,1.3720,1.7038,0.512939,0.076538,-0.025269,0.854614,7.758,76.2,-1
1782769719.988,4797,1077884,0,0.00000000,0.00000000,0.00,0,0,1.31,-0.006,0.0490,0.5880,1.5190,1.6296,0.512939,0.076538,-0.025269,0.854614,7.753,81.2,-1
1782769720.175,4798,1078106,0,0.00000000,0.00000000,0.00,0,0,1.23,-0.085,-0.2940,1.1270,1.2250,1.6903,0.512939,0.076538,-0.025208,0.854614,7.755,73.8,-1
1782769720.422,4799,1078328,0,0.00000000,0.00000000,0.00,0,0,1.19,-0.103,0.4900,0.6370,1.5190,1.7185,0.512939,0.076477,-0.025269,0.854614,7.758,73.8,-1
1782769720.608,4800,1078548,0,0.00000000,0.00000000,0.00,0,0,1.33,-0.003,0.0980,0.8820,1.5680,1.8017,0.512939,0.076477,-0.025208,0.854614,7.758,75.0,-1
1782769720.857,4801,1078768,0,0.00000000,0.00000000,0.00,0,0,1.26,-0.061,0.4900,0.6370,1.2250,1.4651,0.512939,0.076477,-0.025208,0.854614,7.754,75.0,-1
1782769721.043,4802,1078990,0,0.00000000,0.00000000,0.00,0,0,1.33,-0.010,0.9800,-0.1470,0.7350,1.2338,0.512939,0.076477,-0.025208,0.854614,7.758,72.5,-1
1782769721.293,4803,1079212,0,0.00000000,0.00000000,0.00,0,0,1.24,-0.065,-0.1960,1.1270,1.6170,1.9807,0.512939,0.076416,-0.025146,0.854614,7.756,72.5,-1
1782769721.478,4804,1079433,0,0.00000000,0.00000000,0.00,0,0,1.29,-0.013,0.2940,0.6370,1.3720,1.5410,0.512939,0.076355,-0.025208,0.854614,7.755,76.2,-1
1782769721.725,4805,1079659,0,0.00000000,0.00000000,0.00,0,0,1.14,-0.080,0.1960,1.3720,0.9310,1.6696,0.512939,0.076416,-0.025208,0.854614,7.755,78.8,-1
1782769721.977,4806,1079880,0,0.00000000,0.00000000,0.00,0,0,1.21,-0.036,1.5680,0.0490,3.2340,3.5944,0.512939,0.076416,-0.025208,0.854614,7.755,73.8,-1
1782769722.164,4807,1080101,0,0.00000000,0.00000000,0.00,0,0,1.24,0.004,0.1470,0.6370,1.6660,1.7897,0.512939,0.076416,-0.025208,0.854614,7.756,75.0,-1
1782769722.413,4808,1080321,0,0.00000000,0.00000000,0.00,0,0,1.32,0.070,0.2450,0.1470,1.2740,1.3056,0.512939,0.076355,-0.025269,0.854614,7.754,75.0,-1
1782769722.600,4809,1080534,0,0.00000000,0.00000000,0.00,0,0,1.26,0.010,-0.0980,0.2940,1.1760,1.2161,0.512939,0.076294,-0.025269,0.854614,7.756,75.0,-1
1782769722.851,4810,1080754,0,0.00000000,0.00000000,0.00,0,0,1.27,0.014,0.4900,0.5390,2.1070,2.2294,0.512939,0.076355,-0.025269,0.854614,7.754,77.5,-1
1782769723.037,4811,1080972,0,0.00000000,0.00000000,0.00,0,0,1.29,0.014,0.0000,0.5880,1.5680,1.6746,0.512939,0.076355,-0.025269,0.854614,7.759,78.8,-1
1782769723.285,4812,1081196,0,0.00000000,0.00000000,0.00,0,0,1.22,-0.044,0.5880,0.9800,2.8910,3.1087,0.512939,0.076294,-0.025330,0.854614,7.755,76.2,-1
1782769723.534,4813,1081436,0,0.00000000,0.00000000,0.00,0,0,1.25,-0.050,0.1960,0.6370,1.1760,1.3517,0.512939,0.076294,-0.025330,0.854614,7.754,75.0,-1
1782769723.722,4814,1081654,0,0.00000000,0.00000000,0.00,0,0,1.25,-0.035,0.3920,0.7350,2.0090,2.1748,0.512939,0.076294,-0.025391,0.854614,7.755,80.0,-1
1782769723.970,4815,1081876,0,0.00000000,0.00000000,0.00,0,0,1.40,0.055,0.6860,0.0490,1.5190,1.6674,0.512939,0.076294,-0.025452,0.854614,7.754,75.0,-1
1782769724.157,4816,1082097,0,0.00000000,0.00000000,0.00,0,0,1.27,-0.017,1.1270,0.0000,2.8420,3.0573,0.512939,0.076294,-0.025452,0.854614,7.759,76.2,-1
1782769724.362,4817,1082316,0,0.00000000,0.00000000,0.00,0,0,1.27,-0.011,1.0780,0.0490,2.0580,2.3238,0.512939,0.076355,-0.025391,0.854614,7.754,75.0,-1
1782769724.612,4818,1082528,0,0.00000000,0.00000000,0.00,0,0,1.34,0.023,0.2940,0.7840,1.9600,2.1314,0.512939,0.076416,-0.025330,0.854614,7.756,70.0,-1
1782769724.798,4819,1082747,0,0.00000000,0.00000000,0.00,0,0,1.24,-0.052,0.4900,1.1270,1.0780,1.6347,0.512939,0.076416,-0.025269,0.854614,7.758,72.5,-1
1782769725.049,4820,1082968,0,0.00000000,0.00000000,0.00,0,0,1.28,-0.030,0.4900,0.0000,1.3720,1.4569,0.512939,0.076416,-0.025269,0.854614,7.758,73.8,-1
1782769725.252,4821,1083189,0,0.00000000,0.00000000,0.00,0,0,1.34,0.029,0.3920,0.5390,2.1560,2.2567,0.512939,0.076416,-0.025269,0.854614,7.756,71.2,-1
1782769725.503,4822,1083433,0,0.00000000,0.00000000,0.00,0,0,1.31,-0.000,-0.5390,1.3720,0.7840,1.6696,0.512939,0.076416,-0.025208,0.854614,7.758,70.0,-1
1782769725.755,4823,1083662,0,0.00000000,0.00000000,0.00,0,0,1.35,0.026,0.3430,1.6170,1.3230,2.1172,0.512939,0.076416,-0.025208,0.854614,7.758,72.5,-1
1782769725.941,4824,1083889,0,0.00000000,0.00000000,0.00,0,0,1.50,0.107,0.0490,0.4900,0.6860,0.8445,0.513000,0.076416,-0.025146,0.854614,7.755,76.2,-1
1782769726.205,4825,1084111,0,0.00000000,0.00000000,0.00,0,0,1.35,0.014,0.3920,0.4410,1.7640,1.8601,0.513000,0.076416,-0.025146,0.854614,7.755,71.2,-1
1782769726.391,4826,1084330,0,0.00000000,0.00000000,0.00,0,0,1.40,0.029,0.2450,0.8330,1.5190,1.7496,0.513000,0.076416,-0.025146,0.854614,7.756,73.8,-1
1782769726.641,4827,1084549,0,0.00000000,0.00000000,0.00,0,0,1.30,-0.036,0.0000,0.6370,1.5190,1.6472,0.512939,0.076355,-0.025146,0.854614,7.754,77.5,-1
1782769726.843,4828,1084772,0,0.00000000,0.00000000,0.00,0,0,1.37,0.003,0.0980,0.5390,1.7640,1.8471,0.512939,0.076355,-0.025269,0.854614,7.756,76.2,-1
1782769727.093,4829,1084993,0,0.00000000,0.00000000,0.00,0,0,1.25,-0.059,0.4900,0.4900,1.7640,1.8952,0.512939,0.076294,-0.025269,0.854614,7.755,76.2,-1
1782769727.280,4830,1085213,0,0.00000000,0.00000000,0.00,0,0,1.25,-0.070,0.2450,0.1470,1.7640,1.7870,0.512939,0.076294,-0.025269,0.854614,7.755,71.2,-1
1782769727.528,4831,1085427,0,0.00000000,0.00000000,0.00,0,0,1.32,-0.013,0.0980,0.4410,1.2250,1.3056,0.512939,0.076355,-0.025269,0.854614,7.756,75.0,-1
1782769727.715,4832,1085652,0,0.00000000,0.00000000,0.00,0,0,1.40,0.045,0.6860,0.9310,1.6170,1.9880,0.512939,0.076355,-0.025330,0.854614,7.753,77.5,-1
1782769727.968,4833,1085876,0,0.00000000,0.00000000,0.00,0,0,1.40,0.041,0.2450,0.4410,1.1760,1.2796,0.512939,0.076416,-0.025269,0.854614,7.755,75.0,-1
1782769728.167,4834,1086094,0,0.00000000,0.00000000,0.00,0,0,1.26,-0.058,0.3430,0.7840,2.3520,2.5028,0.512939,0.076477,-0.025269,0.854614,7.755,71.2,-1
1782769728.358,4835,1086315,0,0.00000000,0.00000000,0.00,0,0,1.31,-0.015,0.1960,0.6370,1.2250,1.3946,0.512939,0.076477,-0.025269,0.854614,7.755,73.8,-1
1782769728.610,4836,1086536,0,0.00000000,0.00000000,0.00,0,0,1.38,0.058,0.1960,0.7350,2.0090,2.1482,0.512939,0.076477,-0.025269,0.854614,7.754,75.0,-1
1782769728.860,4837,1086762,0,0.00000000,0.00000000,0.00,0,0,1.40,0.080,0.1960,1.0780,0.9310,1.4378,0.512939,0.076416,-0.025269,0.854614,7.756,75.0,-1
1782769729.045,4838,1086989,0,0.00000000,0.00000000,0.00,0,0,1.31,0.030,-0.0490,0.8330,2.2050,2.3576,0.512939,0.076416,-0.025269,0.854614,7.756,75.0,-1
1782769729.295,4839,1087207,0,0.00000000,0.00000000,0.00,0,0,1.30,0.009,0.6860,0.2450,1.9600,2.0910,0.512939,0.076477,-0.025269,0.854614,7.751,76.2,-1
1782769729.543,4840,1087453,0,0.00000000,0.00000000,0.00,0,0,1.27,-0.031,0.1470,0.8820,0.8820,1.2560,0.512939,0.076538,-0.025269,0.854614,7.755,77.5,-1
1782769729.730,4841,1087680,0,0.00000000,0.00000000,0.00,0,0,1.38,0.044,0.2450,0.8330,1.1760,1.4618,0.512939,0.076477,-0.025208,0.854614,7.758,71.2,-1
1782769729.982,4842,1087900,0,0.00000000,0.00000000,0.00,0,0,1.30,-0.020,0.2450,0.6370,1.1760,1.3597,0.512939,0.076477,-0.025208,0.854614,7.755,73.8,-1
1782769730.169,4843,1088119,0,0.00000000,0.00000000,0.00,0,0,1.25,-0.046,0.3920,0.2450,2.5480,2.5896,0.512939,0.076477,-0.025146,0.854614,7.758,72.5,-1
1782769730.419,4844,1088339,0,0.00000000,0.00000000,0.00,0,0,1.31,0.008,0.6860,0.4900,1.7640,1.9551,0.513000,0.076416,-0.025146,0.854614,7.756,71.2,-1
1782769730.606,4845,1088554,0,0.00000000,0.00000000,0.00,0,0,1.31,0.004,0.1470,0.4410,1.2250,1.3102,0.513123,0.076416,-0.025146,0.854553,7.756,72.5,-1
1782769730.854,4846,1088779,0,0.00000000,0.00000000,0.00,0,0,1.40,0.044,0.8330,0.1960,1.7640,1.9606,0.513245,0.076416,-0.025208,0.854431,7.756,70.0,-1
1782769731.105,4847,1089003,0,0.00000000,0.00000000,0.00,0,0,1.37,0.028,0.2450,0.7350,1.8130,1.9716,0.513245,0.076233,-0.025208,0.854492,7.755,73.8,-1
1782769731.291,4848,1089221,0,0.00000000,0.00000000,0.00,0,0,1.44,0.058,0.4410,0.4900,1.8130,1.9291,0.513184,0.076294,-0.025269,0.854553,7.756,75.0,-1
1782769731.540,4849,1089437,0,0.00000000,0.00000000,0.00,0,0,1.43,0.039,0.1470,0.6370,2.1070,2.2061,0.513184,0.076294,-0.025208,0.854492,7.756,75.0,-1
1782769731.744,4850,1089664,0,0.00000000,0.00000000,0.00,0,0,1.24,-0.086,0.3430,0.5390,1.7150,1.8301,0.513123,0.076538,-0.025330,0.854492,7.758,71.2,-1
1782769731.946,4851,1089885,0,0.00000000,0.00000000,0.00,0,0,1.30,-0.050,0.6370,0.3920,1.4700,1.6493,0.513123,0.076538,-0.025391,0.854492,7.758,71.2,-1
1782769732.196,4852,1090105,0,0.00000000,0.00000000,0.00,0,0,1.30,-0.032,0.5390,0.3430,1.9110,2.0150,0.513123,0.076477,-0.025452,0.854492,7.759,71.2,-1
1782769732.382,4853,1090325,0,0.00000000,0.00000000,0.00,0,0,1.31,-0.014,0.2940,0.4410,2.1070,2.1726,0.513123,0.076416,-0.025391,0.854492,7.758,70.0,-1
1782769732.584,4854,1090535,0,0.00000000,0.00000000,0.00,0,0,1.26,-0.072,0.6370,0.3430,1.7640,1.9066,0.513123,0.076416,-0.025330,0.854492,7.754,81.2,-1
1782769732.850,4855,1090755,0,0.00000000,0.00000000,0.00,0,0,1.34,-0.015,0.1470,0.8330,1.7640,1.9563,0.513123,0.076416,-0.025330,0.854492,7.754,80.0,-1
1782769733.036,4856,1090973,0,0.00000000,0.00000000,0.00,0,0,1.37,0.026,0.2940,0.4900,0.9800,1.1344,0.513123,0.076355,-0.025330,0.854492,7.759,75.0,-1
1782769733.288,4857,1091199,0,0.00000000,0.00000000,0.00,0,0,1.20,-0.063,0.0980,0.8820,1.6170,1.8445,0.513123,0.076416,-0.025330,0.854492,7.760,73.8,-1
1782769733.474,4858,1091400,0,0.00000000,0.00000000,0.00,0,0,1.33,0.015,0.4900,0.8330,1.8130,2.0545,0.513184,0.076416,-0.025269,0.854492,7.753,78.8,-1
1782769733.722,4859,1091619,0,0.00000000,0.00000000,0.00,0,0,1.23,-0.034,0.0490,0.8330,2.3520,2.4956,0.513184,0.076477,-0.025269,0.854492,7.760,71.2,-1
1782769733.907,4860,1091840,0,0.00000000,0.00000000,0.00,0,0,1.31,0.012,-0.0490,0.2940,1.8130,1.8373,0.513123,0.076477,-0.025330,0.854492,7.760,71.2,-1
1782769734.158,4861,1092060,0,0.00000000,0.00000000,0.00,0,0,1.22,-0.041,-0.0980,0.9800,1.6660,1.9353,0.513123,0.076477,-0.025269,0.854492,7.760,68.8,-1
1782769734.343,4862,1092278,0,0.00000000,0.00000000,0.00,0,0,1.31,0.025,0.1960,0.3430,0.7840,0.8779,0.513184,0.076477,-0.025269,0.854492,7.754,78.8,-1
1782769734.592,4863,1092493,0,0.00000000,0.00000000,0.00,0,0,1.32,0.007,0.0980,1.1760,2.0090,2.3299,0.513184,0.076477,-0.025269,0.854492,7.759,68.8,-1
1782769734.775,4864,1092720,0,0.00000000,0.00000000,0.00,0,0,1.38,0.036,-0.2940,0.4410,1.4210,1.5166,0.513184,0.076416,-0.025208,0.854492,7.758,71.2,-1
1782769735.021,4865,1092942,0,0.00000000,0.00000000,0.00,0,0,1.38,0.031,0.0000,0.4900,1.7150,1.7836,0.513184,0.076416,-0.025208,0.854492,7.760,72.5,-1
1782769735.207,4866,1093160,0,0.00000000,0.00000000,0.00,0,0,1.29,-0.023,-0.0980,0.7350,2.0580,2.1875,0.513184,0.076416,-0.025269,0.854492,7.756,73.8,-1
1782769735.457,4867,1093384,0,0.00000000,0.00000000,0.00,0,0,1.32,-0.005,0.1960,-0.0980,1.0780,1.1000,0.513123,0.076355,-0.025330,0.854492,7.759,75.0,-1
1782769735.645,4868,1093600,0,0.00000000,0.00000000,0.00,0,0,1.29,-0.006,-0.7840,1.0780,1.5680,2.0580,0.513184,0.076355,-0.025269,0.854492,7.756,76.2,-1
1782769735.895,4869,1093826,0,0.00000000,0.00000000,0.00,0,0,1.31,0.006,0.3430,0.6370,2.3030,2.4140,0.513123,0.076416,-0.025269,0.854492,7.758,71.2,-1
1782769736.143,4870,1094047,0,0.00000000,0.00000000,0.00,0,0,1.24,-0.031,1.4210,0.3920,2.0090,2.4918,0.513123,0.076477,-0.025391,0.854492,7.758,73.8,-1
1782769736.328,4871,1094273,0,0.00000000,0.00000000,0.00,0,0,1.33,0.010,-0.1470,1.0780,1.6170,1.9489,0.513123,0.076538,-0.025391,0.854492,7.756,71.2,-1
1782769736.579,4872,1094489,0,0.00000000,0.00000000,0.00,0,0,1.19,-0.075,1.3230,1.1270,2.4010,2.9640,0.513123,0.076599,-0.025391,0.854492,7.758,68.8,-1
1782769736.766,4873,1094713,0,0.00000000,0.00000000,0.00,0,0,1.30,0.000,0.5880,0.6370,1.6170,1.8347,0.513123,0.076599,-0.025330,0.854492,7.755,75.0,-1
1782769737.017,4874,1094938,0,0.00000000,0.00000000,0.00,0,0,1.26,-0.035,0.6860,0.8820,2.3520,2.6039,0.513123,0.076660,-0.025330,0.854492,7.759,72.5,-1
1782769737.203,4875,1095158,0,0.00000000,0.00000000,0.00,0,0,1.39,0.040,0.2450,0.7840,1.5190,1.7269,0.513123,0.076599,-0.025330,0.854492,7.759,71.2,-1
1782769737.451,4876,1095378,0,0.00000000,0.00000000,0.00,0,0,1.42,0.055,0.6860,0.2940,0.8330,1.1184,0.513123,0.076538,-0.025269,0.854492,7.756,72.5,-1
1782769737.699,4877,1095597,0,0.00000000,0.00000000,0.00,0,0,1.24,-0.069,0.5880,1.4210,0.8820,1.7728,0.513184,0.076538,-0.025269,0.854492,7.760,71.2,-1
1782769737.886,4878,1095819,0,0.00000000,0.00000000,0.00,0,0,1.28,-0.029,-0.3430,0.8330,0.9800,1.3311,0.513184,0.076477,-0.025269,0.854492,7.756,75.0,-1
1782769738.135,4879,1096038,0,0.00000000,0.00000000,0.00,0,0,1.32,0.010,0.1470,0.5390,1.9110,1.9910,0.513184,0.076477,-0.025208,0.854492,7.758,71.2,-1
1782769738.321,4880,1096259,0,0.00000000,0.00000000,0.00,0,0,1.30,-0.028,1.0780,0.7840,2.0090,2.4110,0.513184,0.076477,-0.025208,0.854492,7.760,73.8,-1
1782769738.572,4881,1096478,0,0.00000000,0.00000000,0.00,0,0,1.20,-0.080,0.0000,0.6860,1.4210,1.5779,0.513184,0.076477,-0.025208,0.854492,7.754,76.2,-1
1782769738.767,4882,1096698,0,0.00000000,0.00000000,0.00,0,0,1.37,0.037,0.0000,0.8330,1.3230,1.5634,0.513184,0.076416,-0.025269,0.854492,7.754,77.5,-1
1782769739.011,4883,1096918,0,0.00000000,0.00000000,0.00,0,0,1.33,0.029,0.4900,0.5880,1.0780,1.3221,0.513184,0.076416,-0.025208,0.854492,7.755,77.5,-1
1782769739.212,4884,1097140,0,0.00000000,0.00000000,0.00,0,0,1.25,-0.015,0.5390,0.6370,1.7640,1.9514,0.513184,0.076355,-0.025269,0.854492,7.756,76.2,-1
1782769739.411,4885,1097365,0,0.00000000,0.00000000,0.00,0,0,1.32,0.027,0.4410,0.4410,1.4700,1.5968,0.513123,0.076294,-0.025330,0.854553,7.758,72.5,-1
1782769739.660,4886,1097584,0,0.00000000,0.00000000,0.00,0,0,1.22,-0.028,0.1470,0.5390,1.7640,1.8504,0.513123,0.076294,-0.025330,0.854553,7.755,75.0,-1
1782769739.911,4887,1097810,0,0.00000000,0.00000000,0.00,0,0,1.21,-0.040,0.0000,0.9800,2.4010,2.5933,0.513123,0.076294,-0.025391,0.854553,7.755,78.8,-1
1782769740.097,4888,1098034,0,0.00000000,0.00000000,0.00,0,0,1.25,0.009,0.9310,0.8330,1.9600,2.3243,0.513123,0.076294,-0.025330,0.854553,7.756,75.0,-1
1782769740.348,4889,1098257,0,0.00000000,0.00000000,0.00,0,0,1.36,0.067,0.1470,0.7840,1.7150,1.8914,0.513184,0.076355,-0.025269,0.854492,7.758,73.8,-1
1782769740.535,4890,1098474,0,0.00000000,0.00000000,0.00,0,0,1.29,0.032,0.9310,0.3430,2.1560,2.3733,0.513123,0.076355,-0.025330,0.854492,7.755,75.0,-1
1782769740.784,4891,1098693,0,0.00000000,0.00000000,0.00,0,0,1.18,-0.043,0.8330,0.3920,2.5970,2.7554,0.513123,0.076355,-0.025330,0.854492,7.758,78.8,-1
1782769740.970,4892,1098917,0,0.00000000,0.00000000,0.00,0,0,1.21,-0.020,0.2940,0.6370,1.1270,1.3275,0.513123,0.076416,-0.025330,0.854492,7.758,71.2,-1
1782769741.221,4893,1099134,0,0.00000000,0.00000000,0.00,0,0,1.31,0.053,0.2450,0.5880,1.7150,1.8295,0.513184,0.076416,-0.025269,0.854492,7.750,80.0,-1
1782769741.407,4894,1099358,0,0.00000000,0.00000000,0.00,0,0,1.42,0.098,1.3230,-0.1960,2.5970,2.9212,0.513123,0.076477,-0.025269,0.854492,7.753,77.5,-1
1782769741.658,4895,1099577,0,0.00000000,0.00000000,0.00,0,0,1.29,0.036,1.3230,-0.6370,3.6260,3.9120,0.513123,0.076538,-0.025269,0.854492,7.753,77.5,-1
1782769741.845,4896,1099798,0,0.00000000,0.00000000,0.00,0,0,1.26,-0.003,0.3920,0.2450,1.7150,1.7762,0.513123,0.076599,-0.025269,0.854492,7.754,75.0,-1
1782769742.094,4897,1100019,0,0.00000000,0.00000000,0.00,0,0,1.18,-0.040,-0.0490,0.7350,1.4700,1.6442,0.513123,0.076538,-0.025391,0.854492,7.755,77.5,-1
1782769742.281,4898,1100219,0,0.00000000,0.00000000,0.00,0,0,1.22,-0.021,-0.6370,1.1270,0.5880,1.4218,0.513123,0.076477,-0.025330,0.854492,7.754,75.0,-1
1782769742.530,4899,1100434,0,0.00000000,0.00000000,0.00,0,0,1.22,-0.017,0.0490,0.5390,1.5680,1.6588,0.513184,0.076416,-0.025269,0.854492,7.756,73.8,-1
1782769742.731,4900,1100659,0,0.00000000,0.00000000,0.00,0,0,1.26,0.008,0.2940,0.9800,1.4700,1.7910,0.513184,0.076416,-0.025269,0.854492,7.755,72.5,-1
1782769742.982,4901,1100881,0,0.00000000,0.00000000,0.00,0,0,1.45,0.118,0.6370,0.1470,3.0870,3.1555,0.513184,0.076416,-0.025269,0.854492,7.759,68.8,-1
1782769743.169,4902,1101099,0,0.00000000,0.00000000,0.00,0,0,1.32,0.049,-0.1470,0.3430,1.6170,1.6595,0.513184,0.076416,-0.025269,0.854492,7.754,72.5,-1
1782769743.419,4903,1101321,0,0.00000000,0.00000000,0.00,0,0,1.28,0.038,-0.4410,1.2740,0.4900,1.4345,0.513184,0.076416,-0.025208,0.854492,7.759,71.2,-1
1782769743.609,4904,1101534,0,0.00000000,0.00000000,0.00,0,0,1.30,0.059,-0.0980,0.4900,1.0290,1.1439,0.513184,0.076416,-0.025208,0.854492,7.756,75.0,-1
1782769743.794,4905,1101734,0,0.00000000,0.00000000,0.00,0,0,1.29,0.035,0.1960,0.7840,1.2740,1.5087,0.513123,0.076477,-0.025269,0.854492,7.758,75.0,-1
1782769744.038,4906,1101958,0,0.00000000,0.00000000,0.00,0,0,1.33,0.054,0.6860,0.3430,1.4210,1.6148,0.513184,0.076477,-0.025269,0.854492,7.760,70.0,-1
1782769744.286,4907,1102181,0,0.00000000,0.00000000,0.00,0,0,1.30,0.025,0.4410,-0.0490,0.4900,0.6610,0.513184,0.076477,-0.025208,0.854492,7.754,75.0,-1
1782769744.474,4908,1102425,0,0.00000000,0.00000000,0.00,0,0,1.26,0.007,0.0980,0.4410,1.2740,1.3517,0.513184,0.076477,-0.025208,0.854492,7.758,68.8,-1
1782769744.725,4909,1102652,0,0.00000000,0.00000000,0.00,0,0,1.18,-0.056,0.3920,0.7840,2.0090,2.1919,0.513123,0.076416,-0.025269,0.854492,7.755,73.8,-1
1782769744.975,4910,1102876,0,0.00000000,0.00000000,0.00,0,0,1.28,0.024,0.2450,0.7840,1.5190,1.7269,0.513184,0.076416,-0.025269,0.854492,7.759,72.5,-1
1782769745.161,4911,1103099,0,0.00000000,0.00000000,0.00,0,0,1.33,0.066,0.3430,0.9800,2.8910,3.0718,0.513184,0.076416,-0.025208,0.854492,7.755,68.8,-1
1782769745.410,4912,1103325,0,0.00000000,0.00000000,0.00,0,0,1.29,0.032,0.5390,0.3920,1.3230,1.4814,0.513184,0.076355,-0.025269,0.854492,7.759,71.2,-1
1782769745.595,4913,1103546,0,0.00000000,0.00000000,0.00,0,0,1.26,-0.013,-0.5880,0.8820,0.6370,1.2367,0.513184,0.076355,-0.025269,0.854492,7.758,70.0,-1
1782769745.843,4914,1103766,0,0.00000000,0.00000000,0.00,0,0,1.30,0.012,-0.4900,-0.2940,1.5680,1.6689,0.513123,0.076355,-0.025330,0.854492,7.756,70.0,-1
1782769746.045,4915,1103984,0,0.00000000,0.00000000,0.00,0,0,1.24,-0.028,1.0290,0.0000,2.2050,2.4333,0.513184,0.076355,-0.025269,0.854492,7.756,73.8,-1
1782769746.294,4916,1104209,0,0.00000000,0.00000000,0.00,0,0,1.20,-0.070,0.1960,0.9310,1.5680,1.8341,0.513184,0.076355,-0.025208,0.854492,7.759,72.5,-1
1782769746.482,4917,1104424,0,0.00000000,0.00000000,0.00,0,0,1.25,-0.042,0.1470,0.2450,1.7150,1.7386,0.513184,0.076355,-0.025208,0.854492,7.760,71.2,-1
1782769746.746,4918,1104650,0,0.00000000,0.00000000,0.00,0,0,1.31,-0.016,0.2450,0.2450,1.7150,1.7496,0.513184,0.076416,-0.025208,0.854492,7.755,72.5,-1
1782769746.934,4919,1104868,0,0.00000000,0.00000000,0.00,0,0,1.14,-0.117,0.4410,0.8330,2.3030,2.4884,0.513184,0.076416,-0.025208,0.854492,7.755,75.0,-1
1782769747.183,4920,1105087,0,0.00000000,0.00000000,0.00,0,0,1.20,-0.088,0.0980,0.6860,1.5190,1.6696,0.513184,0.076416,-0.025146,0.854492,7.754,72.5,-1
1782769747.371,4921,1105310,0,0.00000000,0.00000000,0.00,0,0,1.22,-0.068,0.6370,0.1960,0.6860,0.9564,0.513184,0.076355,-0.025208,0.854492,7.755,72.5,-1
1782769747.620,4922,1105521,0,0.00000000,0.00000000,0.00,0,0,1.23,-0.044,0.4900,0.1470,1.6170,1.6960,0.513184,0.076355,-0.025269,0.854492,7.756,72.5,-1
1782769747.808,4923,1105740,0,0.00000000,0.00000000,0.00,0,0,1.28,-0.012,1.0780,-0.0490,2.1070,2.3673,0.513184,0.076355,-0.025208,0.854492,7.754,76.2,-1
1782769748.055,4924,1105959,0,0.00000000,0.00000000,0.00,0,0,1.27,-0.030,1.0780,0.7840,2.0090,2.4110,0.513184,0.076355,-0.025269,0.854492,7.751,77.5,-1
1782769748.256,4925,1106182,0,0.00000000,0.00000000,0.00,0,0,1.40,0.052,-0.0980,0.7350,0.1470,0.7559,0.513184,0.076355,-0.025269,0.854492,7.759,71.2,-1
1782769748.505,4926,1106425,0,0.00000000,0.00000000,0.00,0,0,1.38,0.012,0.1960,0.6370,1.7640,1.8857,0.513184,0.076355,-0.025208,0.854492,7.764,68.8,-1
1782769748.691,4927,1106640,0,0.00000000,0.00000000,0.00,0,0,1.36,-0.003,0.1960,0.8330,1.4210,1.6588,0.513184,0.076416,-0.025208,0.854492,7.759,73.8,-1
1782769748.942,4928,1106865,0,0.00000000,0.00000000,0.00,0,0,1.34,-0.007,0.3430,0.6860,2.4990,2.6140,0.513184,0.076355,-0.025208,0.854492,7.762,68.8,-1
1782769749.188,4929,1107087,0,0.00000000,0.00000000,0.00,0,0,1.38,-0.000,-0.1960,0.5880,0.5880,0.8543,0.513184,0.076294,-0.025269,0.854492,7.759,68.8,-1
1782769749.376,4930,1107312,0,0.00000000,0.00000000,0.00,0,0,1.34,-0.020,-0.0490,-0.0980,1.9600,1.9631,0.513123,0.076294,-0.025330,0.854553,7.756,76.2,-1
1782769749.629,4931,1107527,0,0.00000000,0.00000000,0.00,0,0,1.23,-0.076,1.0780,-0.1470,3.2340,3.4121,0.513123,0.076294,-0.025391,0.854553,7.758,70.0,-1
1782769749.814,4932,1107744,0,0.00000000,0.00000000,0.00,0,0,1.32,0.004,0.2450,0.6370,2.0580,2.1682,0.513123,0.076355,-0.025452,0.854553,7.758,71.2,-1
1782769750.062,4933,1107967,0,0.00000000,0.00000000,0.00,0,0,1.26,-0.044,0.2450,-0.0490,1.9110,1.9273,0.513123,0.076355,-0.025452,0.854553,7.759,72.5,-1
1782769750.247,4934,1108185,0,0.00000000,0.00000000,0.00,0,0,1.14,-0.104,0.3920,0.5390,1.7640,1.8857,0.513123,0.076416,-0.025452,0.854492,7.759,71.2,-1
1782769750.497,4935,1108429,0,0.00000000,0.00000000,0.00,0,0,1.22,-0.037,0.3920,0.3920,1.6660,1.7558,0.513123,0.076416,-0.025330,0.854492,7.760,72.5,-1
1782769750.744,4936,1108647,0,0.00000000,0.00000000,0.00,0,0,1.29,0.002,0.5880,0.4900,1.9110,2.0586,0.513123,0.076416,-0.025330,0.854492,7.759,70.0,-1
1782769750.930,4937,1108867,0,0.00000000,0.00000000,0.00,0,0,1.26,-0.016,0.2940,0.1470,1.9110,1.9391,0.513184,0.076416,-0.025269,0.854492,7.758,72.5,-1
1782769751.198,4938,1109090,0,0.00000000,0.00000000,0.00,0,0,1.33,0.005,0.9310,-0.7350,2.9890,3.2158,0.513184,0.076416,-0.025269,0.854492,7.760,70.0,-1
1782769751.383,4939,1109311,0,0.00000000,0.00000000,0.00,0,0,1.39,0.055,-0.2450,0.6860,1.7640,1.9085,0.513123,0.076416,-0.025330,0.854492,7.760,73.8,-1
1782769751.632,4940,1109528,0,0.00000000,0.00000000,0.00,0,0,1.28,-0.009,0.0980,0.6370,1.8620,1.9704,0.513123,0.076355,-0.025330,0.854492,7.756,76.2,-1
1782769751.819,4941,1109752,0,0.00000000,0.00000000,0.00,0,0,1.33,0.023,0.5390,0.1960,1.7640,1.8549,0.513123,0.076477,-0.025330,0.854492,7.755,75.0,-1
1782769752.066,4942,1109969,0,0.00000000,0.00000000,0.00,0,0,1.23,-0.035,0.0980,0.4900,1.6660,1.7393,0.513123,0.076477,-0.025269,0.854492,7.755,77.5,-1
1782769752.252,4943,1110192,0,0.00000000,0.00000000,0.00,0,0,1.47,0.116,-0.0980,0.6370,1.9600,2.0632,0.513123,0.076416,-0.025330,0.854492,7.756,73.8,-1
1782769752.502,4944,1110434,0,0.00000000,0.00000000,0.00,0,0,1.31,0.036,0.4410,0.6370,2.0090,2.1532,0.513123,0.076355,-0.025330,0.854492,7.756,72.5,-1
1782769752.754,4945,1110653,0,0.00000000,0.00000000,0.00,0,0,1.19,-0.046,1.1270,0.7350,1.8130,2.2577,0.513123,0.076355,-0.025391,0.854553,7.755,72.5,-1
1782769752.940,4946,1110875,0,0.00000000,0.00000000,0.00,0,0,1.33,0.023,0.1960,1.1270,1.2250,1.6761,0.513123,0.076294,-0.025391,0.854553,7.758,71.2,-1
1782769753.205,4947,1111102,0,0.00000000,0.00000000,0.00,0,0,1.33,0.005,0.3430,0.2450,1.1270,1.2032,0.513123,0.076355,-0.025391,0.854492,7.753,80.0,-1
1782769753.392,4948,1111324,0,0.00000000,0.00000000,0.00,0,0,1.34,-0.000,0.0980,0.4410,2.0580,2.1070,0.513123,0.076416,-0.025391,0.854492,7.751,78.8,-1
1782769753.640,4949,1111537,0,0.00000000,0.00000000,0.00,0,0,1.30,-0.035,0.5390,0.3920,1.3230,1.4814,0.513123,0.076416,-0.025330,0.854492,7.758,72.5,-1
1782769753.844,4950,1111764,0,0.00000000,0.00000000,0.00,0,0,1.23,-0.053,0.5880,0.1960,1.6170,1.7317,0.513123,0.076416,-0.025269,0.854492,7.749,80.0,-1
1782769754.092,4951,1111987,0,0.00000000,0.00000000,0.00,0,0,1.36,0.028,0.3920,0.4900,1.9110,2.0114,0.513184,0.076294,-0.025208,0.854492,7.758,76.2,-1
1782769754.280,4952,1112204,0,0.00000000,0.00000000,0.00,0,0,1.33,0.007,-0.0490,0.8820,1.2740,1.5503,0.513184,0.076355,-0.025208,0.854492,7.758,76.2,-1
1782769754.528,4953,1112450,0,0.00000000,0.00000000,0.00,0,0,1.39,0.056,-0.2940,0.8330,-0.2450,0.9167,0.513184,0.076355,-0.025146,0.854492,7.755,76.2,-1
1782769754.779,4954,1112676,0,0.00000000,0.00000000,0.00,0,0,1.41,0.069,0.3920,0.3430,2.1070,2.1704,0.513184,0.076416,-0.025146,0.854492,7.755,76.2,-1
1782769754.967,4955,1112899,0,0.00000000,0.00000000,0.00,0,0,1.35,0.031,-0.0490,0.6370,1.6170,1.7386,0.513184,0.076416,-0.025208,0.854492,7.756,76.2,-1
1782769755.216,4956,1113122,0,0.00000000,0.00000000,0.00,0,0,1.34,0.013,0.1960,0.4410,1.4700,1.5472,0.513184,0.076416,-0.025208,0.854492,7.755,77.5,-1
1782769755.402,4957,1113350,0,0.00000000,0.00000000,0.00,0,0,1.25,-0.041,-0.4900,1.5190,-0.6370,1.7185,0.513184,0.076477,-0.025208,0.854492,7.754,75.0,-1
1782769755.652,4958,1113568,0,0.00000000,0.00000000,0.00,0,0,1.29,-0.030,0.1470,0.5880,1.8620,1.9582,0.513184,0.076477,-0.025208,0.854492,7.756,76.2,-1
1782769755.841,4959,1113791,0,0.00000000,0.00000000,0.00,0,0,1.32,-0.011,0.2450,0.3430,1.4210,1.4822,0.513184,0.076477,-0.025208,0.854492,7.755,75.0,-1
1782769756.092,4960,1114012,0,0.00000000,0.00000000,0.00,0,0,1.41,0.067,0.4410,0.4900,1.9110,2.0215,0.513184,0.076477,-0.025269,0.854492,7.755,76.2,-1
1782769756.294,4961,1114239,0,0.00000000,0.00000000,0.00,0,0,1.30,0.004,-0.0490,0.7840,1.7640,1.9310,0.513123,0.076538,-0.025330,0.854492,7.755,76.2,-1
1782769756.541,4962,1114451,0,0.00000000,0.00000000,0.00,0,0,1.32,0.024,0.3920,0.4410,0.9800,1.1439,0.513123,0.076538,-0.025391,0.854492,7.755,77.5,-1
1782769756.729,4963,1114670,0,0.00000000,0.00000000,0.00,0,0,1.31,0.003,0.3430,0.4900,2.0090,2.0961,0.513123,0.076477,-0.025452,0.854492,7.750,77.5,-1
1782769756.978,4964,1114894,0,0.00000000,0.00000000,0.00,0,0,1.38,0.029,-0.6860,1.4700,-0.1960,1.6340,0.513123,0.076416,-0.025452,0.854492,7.754,78.8,-1
1782769757.228,4965,1115124,0,0.00000000,0.00000000,0.00,0,0,1.38,0.029,0.5880,-0.0980,1.5680,1.6775,0.513123,0.076416,-0.025391,0.854492,7.756,72.5,-1
1782769757.416,4966,1115345,0,0.00000000,0.00000000,0.00,0,0,1.32,-0.014,0.1470,0.5880,1.0780,1.2367,0.513123,0.076416,-0.025330,0.854492,7.760,68.8,-1
1782769757.666,4967,1115568,0,0.00000000,0.00000000,0.00,0,0,1.38,0.022,0.1470,0.6860,1.6170,1.7626,0.513123,0.076416,-0.025330,0.854492,7.759,73.8,-1
1782769757.852,4968,1115795,0,0.00000000,0.00000000,0.00,0,0,1.45,0.058,-0.0490,0.6860,2.7930,2.8764,0.513123,0.076416,-0.025330,0.854492,7.753,72.5,-1
1782769758.102,4969,1116017,0,0.00000000,0.00000000,0.00,0,0,1.35,0.004,0.2940,0.7350,1.6170,1.8004,0.513184,0.076416,-0.025269,0.854492,7.751,76.2,-1
1782769758.289,4970,1116243,0,0.00000000,0.00000000,0.00,0,0,1.37,0.018,0.1960,0.8820,0.8820,1.2626,0.513184,0.076416,-0.025269,0.854492,7.754,77.5,-1
1782769758.539,4971,1116458,0,0.00000000,0.00000000,0.00,0,0,1.33,-0.021,0.4900,0.5390,2.2540,2.3688,0.513184,0.076416,-0.025208,0.854492,7.756,73.8,-1
1782769758.788,4972,1116684,0,0.00000000,0.00000000,0.00,0,0,1.29,-0.039,0.5880,0.4900,1.8130,1.9679,0.513184,0.076416,-0.025208,0.854492,7.751,77.5,-1
1782769758.976,4973,1116909,0,0.00000000,0.00000000,0.00,0,0,1.40,0.035,0.4410,0.7350,1.5190,1.7442,0.513184,0.076477,-0.025208,0.854492,7.756,73.8,-1
1782769759.225,4974,1117126,0,0.00000000,0.00000000,0.00,0,0,1.39,0.015,0.2940,0.7840,1.5680,1.7776,0.513123,0.076538,-0.025269,0.854492,7.755,71.2,-1
1782769759.412,4975,1117348,0,0.00000000,0.00000000,0.00,0,0,1.34,-0.001,0.1960,0.5880,1.9600,2.0557,0.513123,0.076538,-0.025269,0.854492,7.756,75.0,-1
1782769759.662,4976,1117567,0,0.00000000,0.00000000,0.00,0,0,1.37,0.007,0.0490,0.5880,1.6660,1.7674,0.513184,0.076538,-0.025208,0.854492,7.756,77.5,-1
1782769759.853,4977,1117790,0,0.00000000,0.00000000,0.00,0,0,1.37,0.005,0.3430,0.0980,1.2250,1.2759,0.513123,0.076599,-0.025269,0.854492,7.758,73.8,-1
1782769760.104,4978,1118011,0,0.00000000,0.00000000,0.00,0,0,1.43,0.033,-0.0980,0.7350,1.5190,1.6903,0.513184,0.076538,-0.025208,0.854492,7.755,75.0,-1
1782769760.292,4979,1118230,0,0.00000000,0.00000000,0.00,0,0,1.26,-0.066,0.2940,0.2940,1.4210,1.4806,0.513123,0.076477,-0.025269,0.854492,7.754,75.0,-1
1782769760.541,4980,1118443,0,0.00000000,0.00000000,0.00,0,0,1.32,-0.017,0.4410,0.9310,1.7640,2.0428,0.513123,0.076477,-0.025330,0.854492,7.753,77.5,-1
1782769760.726,4981,1118670,0,0.00000000,0.00000000,0.00,0,0,1.37,0.016,0.2450,1.0780,1.4700,1.8393,0.513123,0.076477,-0.025269,0.854492,7.754,76.2,-1
1782769760.975,4982,1118892,0,0.00000000,0.00000000,0.00,0,0,1.29,-0.021,0.2450,0.6860,1.7640,1.9085,0.513184,0.076477,-0.025208,0.854492,7.750,81.2,-1
1782769761.163,4983,1119111,0,0.00000000,0.00000000,0.00,0,0,1.29,-0.053,-0.0490,0.6860,1.5190,1.6674,0.513184,0.076477,-0.025208,0.854492,7.755,76.2,-1
1782769761.414,4984,1119332,0,0.00000000,0.00000000,0.00,0,0,1.35,-0.014,0.1470,0.5880,0.9800,1.1523,0.513184,0.076477,-0.025208,0.854492,7.753,75.0,-1
1782769761.615,4985,1119543,0,0.00000000,0.00000000,0.00,0,0,1.31,-0.046,0.3920,0.9800,2.4500,2.6677,0.513184,0.076477,-0.025208,0.854492,7.751,76.2,-1
1782769761.865,4986,1119763,0,0.00000000,0.00000000,0.00,0,0,1.42,0.020,-0.3920,0.9310,0.6370,1.1942,0.513184,0.076477,-0.025208,0.854492,7.750,75.0,-1
1782769762.054,4987,1119986,0,0.00000000,0.00000000,0.00,0,0,1.40,0.008,0.2450,0.9310,1.8130,2.0527,0.513184,0.076477,-0.025208,0.854492,7.758,71.2,-1
1782769762.303,4988,1120212,0,0.00000000,0.00000000,0.00,0,0,1.32,-0.052,0.3920,0.4410,1.6170,1.7213,0.513184,0.076477,-0.025208,0.854492,7.754,76.2,-1
1782769762.492,4989,1120425,0,0.00000000,0.00000000,0.00,0,0,1.29,-0.085,0.0980,0.7840,1.4210,1.6259,0.513184,0.076538,-0.025208,0.854492,7.759,71.2,-1
1782769762.741,4990,1120649,0,0.00000000,0.00000000,0.00,0,0,1.31,-0.066,0.3920,0.8330,1.9600,2.1654,0.513184,0.076538,-0.025208,0.854492,7.756,75.0,-1
1782769762.929,4991,1120875,0,0.00000000,0.00000000,0.00,0,0,1.24,-0.108,0.0000,0.6860,1.5190,1.6667,0.513184,0.076538,-0.025208,0.854492,7.758,75.0,-1
1782769763.196,4992,1121097,0,0.00000000,0.00000000,0.00,0,0,1.34,-0.021,0.3430,0.4900,1.4700,1.5870,0.513184,0.076538,-0.025208,0.854492,7.758,73.8,-1
1782769763.384,4993,1121315,0,0.00000000,0.00000000,0.00,0,0,1.37,-0.001,0.2450,0.3920,1.3230,1.4014,0.513184,0.076538,-0.025208,0.854492,7.756,76.2,-1
1782769763.636,4994,1121529,0,0.00000000,0.00000000,0.00,0,0,1.35,0.012,0.0980,0.5390,1.8620,1.9409,0.513123,0.076599,-0.025269,0.854492,7.754,75.0,-1
1782769763.823,4995,1121747,0,0.00000000,0.00000000,0.00,0,0,1.24,-0.030,-0.2940,0.7840,1.1760,1.4436,0.513184,0.076538,-0.025208,0.854492,7.754,75.0,-1
1782769764.026,4996,1121969,0,0.00000000,0.00000000,0.00,0,0,1.29,0.017,1.0780,0.4410,2.0090,2.3222,0.513123,0.076599,-0.025269,0.854492,7.754,76.2,-1
1782769764.275,4997,1122188,0,0.00000000,0.00000000,0.00,0,0,1.29,0.014,-0.3920,0.9310,0.1960,1.0290,0.513123,0.076660,-0.025330,0.854492,7.753,76.2,-1
1782769764.526,4998,1122431,0,0.00000000,0.00000000,0.00,0,0,1.35,0.031,0.1470,0.5880,1.8130,1.9116,0.513123,0.076599,-0.025330,0.854492,7.755,76.2,-1
1782769764.714,4999,1122659,0,0.00000000,0.00000000,0.00,0,0,1.44,0.083,0.2940,0.6370,2.2050,2.3139,0.513123,0.076538,-0.025330,0.854492,7.755,77.5,-1
1782769764.963,5000,1122882,0,0.00000000,0.00000000,0.00,0,0,1.35,0.037,0.3430,0.5390,1.3720,1.5135,0.513123,0.076538,-0.025269,0.854492,7.758,72.5,-1
1782769765.212,5001,1123105,0,0.00000000,0.00000000,0.00,0,0,1.41,0.081,0.5390,0.4410,1.5190,1.6710,0.513123,0.076477,-0.025208,0.854553,7.762,67.5,-1
1782769765.415,5002,1123329,0,0.00000000,0.00000000,0.00,0,0,1.36,0.048,0.1470,0.8330,1.3720,1.6118,0.513123,0.076416,-0.025146,0.854553,7.753,78.8,-1
1782769765.601,5003,1123546,0,0.00000000,0.00000000,0.00,0,0,1.42,0.071,0.2450,0.6370,1.8620,1.9831,0.513062,0.076477,-0.025146,0.854614,7.761,70.0,-1
1782769765.864,5004,1123771,0,0.00000000,0.00000000,0.00,0,0,1.44,0.060,0.0490,0.9310,0.9310,1.3175,0.512939,0.076660,-0.025146,0.854614,7.754,80.0,-1
1782769766.052,5005,1123994,0,0.00000000,0.00000000,0.00,0,0,1.47,0.067,0.2940,0.4900,1.9110,1.9946,0.512939,0.076782,-0.025146,0.854614,7.758,73.8,-1
1782769766.304,5006,1124213,0,0.00000000,0.00000000,0.00,0,0,1.45,0.037,0.1960,0.4410,1.7150,1.7816,0.513000,0.076782,-0.025146,0.854614,7.755,78.8,-1
1782769766.491,5007,1124425,0,0.00000000,0.00000000,0.00,0,0,1.53,0.070,0.1470,0.3920,1.3720,1.4345,0.513000,0.076782,-0.025208,0.854614,7.758,72.5,-1
1782769766.693,5008,1124645,0,0.00000000,0.00000000,0.00,0,0,1.44,-0.007,0.0980,0.7350,1.7150,1.8684,0.513000,0.076782,-0.025208,0.854614,7.760,70.0,-1
1782769766.941,5009,1124864,0,0.00000000,0.00000000,0.00,0,0,1.43,-0.009,0.2940,0.7840,1.4700,1.6917,0.513000,0.076782,-0.025269,0.854614,7.755,75.0,-1
1782769767.192,5010,1125087,0,0.00000000,0.00000000,0.00,0,0,1.34,-0.068,0.8820,0.0980,1.5680,1.8017,0.512939,0.076721,-0.025330,0.854614,7.759,71.2,-1
1782769767.378,5011,1125307,0,0.00000000,0.00000000,0.00,0,0,1.41,-0.044,1.7150,0.3430,4.1160,4.4722,0.512939,0.076599,-0.025391,0.854614,7.759,71.2,-1
1782769767.568,5012,1125518,0,0.00000000,0.00000000,0.00,0,0,1.46,0.002,0.7350,0.5390,2.5480,2.7061,0.512939,0.076599,-0.025391,0.854614,7.758,72.5,-1
1782769767.832,5013,1125735,0,0.00000000,0.00000000,0.00,0,0,1.57,0.052,0.3920,1.0780,1.6170,1.9825,0.512939,0.076599,-0.025391,0.854614,7.758,77.5,-1
1782769768.020,5014,1125957,0,0.00000000,0.00000000,0.00,0,0,1.52,0.019,0.1960,-0.0980,2.2540,2.2646,0.512939,0.076599,-0.025391,0.854614,7.756,77.5,-1
1782769768.271,5015,1126181,0,0.00000000,0.00000000,0.00,0,0,1.41,-0.063,0.6860,0.4410,1.7640,1.9434,0.512939,0.076599,-0.025391,0.854614,7.758,72.5,-1
1782769768.523,5016,1126425,0,0.00000000,0.00000000,0.00,0,0,1.38,-0.072,0.2940,0.3430,1.1270,1.2142,0.513000,0.076538,-0.025330,0.854614,7.756,75.0,-1
1782769768.714,5017,1126652,0,0.00000000,0.00000000,0.00,0,0,1.24,-0.146,0.0490,0.8820,1.3230,1.5908,0.513000,0.076538,-0.025269,0.854614,7.759,72.5,-1
1782769768.944,5018,1126877,0,0.00000000,0.00000000,0.00,0,0,1.40,-0.027,0.9310,0.2940,1.6660,1.9310,0.513000,0.076538,-0.025208,0.854614,7.756,75.0,-1
1782769769.208,5019,1127102,0,0.00000000,0.00000000,0.00,0,0,1.50,0.043,0.2940,0.8820,2.0090,2.2137,0.513000,0.076477,-0.025208,0.854614,7.756,72.5,-1
1782769769.394,5020,1127302,0,0.00000000,0.00000000,0.00,0,0,1.40,-0.018,0.1960,0.9310,1.7150,1.9612,0.513000,0.076477,-0.025269,0.854614,7.753,71.2,-1
1782769769.581,5021,1127515,0,0.00000000,0.00000000,0.00,0,0,1.40,0.001,0.3920,-0.2940,1.8620,1.9254,0.513000,0.076477,-0.025269,0.854614,7.758,70.0,-1
1782769769.833,5022,1127735,0,0.00000000,0.00000000,0.00,0,0,1.31,-0.061,-0.8330,0.4900,2.7440,2.9092,0.513000,0.076477,-0.025269,0.854614,7.759,68.8,-1
1782769770.020,5023,1127955,0,0.00000000,0.00000000,0.00,0,0,1.47,0.041,0.1470,0.7350,2.1070,2.2364,0.512939,0.076477,-0.025391,0.854614,7.756,71.2,-1
1782769770.269,5024,1128181,0,0.00000000,0.00000000,0.00,0,0,1.48,0.024,0.0980,0.6860,1.7640,1.8952,0.513000,0.076477,-0.025391,0.854614,7.755,70.0,-1
1782769770.518,5025,1128427,0,0.00000000,0.00000000,0.00,0,0,1.50,0.053,0.3920,0.2450,1.3720,1.4478,0.513000,0.076477,-0.025330,0.854614,7.758,73.8,-1
1782769770.706,5026,1128656,0,0.00000000,0.00000000,0.00,0,0,1.40,-0.023,0.7350,1.9600,2.5970,3.3356,0.513000,0.076538,-0.025330,0.854614,7.761,66.2,-1
1782769770.955,5027,1128872,0,0.00000000,0.00000000,0.00,0,0,1.35,-0.042,1.0290,0.2450,2.1070,2.3576,0.513000,0.076599,-0.025330,0.854614,7.759,71.2,-1
1782769771.141,5028,1129096,0,0.00000000,0.00000000,0.00,0,0,1.50,0.033,0.5390,0.5390,1.5680,1.7435,0.513000,0.076660,-0.025330,0.854614,7.761,67.5,-1
1782769771.405,5029,1129319,0,0.00000000,0.00000000,0.00,0,0,1.43,-0.012,-0.2940,1.1270,0.6370,1.3275,0.513000,0.076660,-0.025330,0.854614,7.760,66.2,-1
1782769771.593,5030,1129536,0,0.00000000,0.00000000,0.00,0,0,1.46,0.005,0.2450,0.9800,1.1760,1.5503,0.513000,0.076660,-0.025269,0.854614,7.759,71.2,-1
1782769771.842,5031,1129760,0,0.00000000,0.00000000,0.00,0,0,1.39,-0.019,0.7840,1.1270,2.5480,2.8943,0.513000,0.076660,-0.025269,0.854614,7.761,66.2,-1
1782769772.092,5032,1129989,0,0.00000000,0.00000000,0.00,0,0,1.40,-0.027,0.5390,0.0000,2.5970,2.6523,0.513000,0.076660,-0.025269,0.854614,7.760,70.0,-1
1782769772.280,5033,1130212,0,0.00000000,0.00000000,0.00,0,0,1.35,-0.087,0.8330,0.8330,0.7350,1.3885,0.513000,0.076660,-0.025269,0.854614,7.760,71.2,-1
1782769772.531,5034,1130432,0,0.00000000,0.00000000,0.00,0,0,1.53,0.025,0.3920,0.6860,2.2540,2.3885,0.513000,0.076599,-0.025269,0.854614,7.760,72.5,-1
1782769772.715,5035,1130657,0,0.00000000,0.00000000,0.00,0,0,1.47,0.000,0.8330,0.6860,2.8910,3.0858,0.513000,0.076538,-0.025269,0.854614,7.760,72.5,-1
1782769772.964,5036,1130877,0,0.00000000,0.00000000,0.00,0,0,1.40,-0.044,0.2450,0.6370,1.5190,1.6653,0.513000,0.076599,-0.025330,0.854614,7.760,70.0,-1
1782769773.151,5037,1131097,0,0.00000000,0.00000000,0.00,0,0,1.38,-0.056,0.0490,1.0780,2.0580,2.3238,0.512939,0.076538,-0.025391,0.854614,7.759,70.0,-1
1782769773.401,5038,1131318,0,0.00000000,0.00000000,0.00,0,0,1.40,-0.033,0.0980,0.8820,0.8820,1.2512,0.512939,0.076477,-0.025391,0.854614,7.754,75.0,-1
1782769773.589,5039,1131532,0,0.00000000,0.00000000,0.00,0,0,1.43,0.010,0.4410,0.4410,2.1560,2.2444,0.513000,0.076477,-0.025330,0.854614,7.760,72.5,-1
1782769773.855,5040,1131761,0,0.00000000,0.00000000,0.00,0,0,1.56,0.104,0.1960,0.8330,1.9110,2.0939,0.513000,0.076477,-0.025269,0.854614,7.755,75.0,-1
1782769774.058,5041,1131983,0,0.00000000,0.00000000,0.00,0,0,1.53,0.102,0.3920,0.8330,2.7440,2.8943,0.513000,0.076477,-0.025269,0.854614,7.754,73.8,-1
1782769774.308,5042,1132204,0,0.00000000,0.00000000,0.00,0,0,1.44,0.046,0.6860,1.0290,1.6660,2.0748,0.512878,0.076477,-0.025330,0.854675,7.755,73.8,-1
1782769774.496,5043,1132442,0,0.00000000,0.00000000,0.00,0,0,1.40,0.021,0.3430,0.5880,1.3720,1.5316,0.512939,0.076477,-0.025269,0.854614,7.754,75.0,-1
1782769774.746,5044,1132663,0,0.00000000,0.00000000,0.00,0,0,1.49,0.070,-0.1470,0.5880,1.6170,1.7269,0.512939,0.076355,-0.025269,0.854614,7.754,72.5,-1
1782769774.933,5045,1132883,0,0.00000000,0.00000000,0.00,0,0,1.40,0.008,0.2450,0.2940,1.9600,1.9970,0.513000,0.076355,-0.025269,0.854614,7.754,76.2,-1
1782769775.182,5046,1133104,0,0.00000000,0.00000000,0.00,0,0,1.48,0.053,0.1960,0.5390,1.7150,1.8084,0.512878,0.076355,-0.025330,0.854675,7.754,76.2,-1
1782769775.432,5047,1133326,0,0.00000000,0.00000000,0.00,0,0,1.43,-0.002,0.5880,0.4900,1.8130,1.9679,0.512939,0.076294,-0.025330,0.854675,7.756,71.2,-1
1782769775.619,5048,1133543,0,0.00000000,0.00000000,0.00,0,0,1.41,-0.022,0.7350,0.3430,1.4700,1.6789,0.512939,0.076294,-0.025330,0.854675,7.753,76.2,-1
1782769775.867,5049,1133766,0,0.00000000,0.00000000,0.00,0,0,1.39,-0.037,0.2940,0.6860,1.4210,1.6051,0.512939,0.076294,-0.025330,0.854675,7.755,75.0,-1
1782769776.054,5050,1133988,0,0.00000000,0.00000000,0.00,0,0,1.39,-0.035,0.2940,0.6860,1.6660,1.8255,0.512939,0.076294,-0.025391,0.854675,7.758,66.2,-1
1782769776.306,5051,1134207,0,0.00000000,0.00000000,0.00,0,0,1.49,0.031,0.3920,0.8820,2.3030,2.4971,0.512939,0.076294,-0.025330,0.854675,7.755,76.2,-1
1782769776.554,5052,1134449,0,0.00000000,0.00000000,0.00,0,0,1.34,-0.043,0.3920,0.2940,1.9110,1.9728,0.512939,0.076294,-0.025330,0.854675,7.756,73.8,-1
1782769776.742,5053,1134670,0,0.00000000,0.00000000,0.00,0,0,1.43,0.025,0.0980,0.7840,1.4700,1.6689,0.512939,0.076355,-0.025269,0.854675,7.755,73.8,-1
1782769776.991,5054,1134898,0,0.00000000,0.00000000,0.00,0,0,1.41,-0.003,0.1470,0.7840,1.1760,1.4210,0.512939,0.076355,-0.025269,0.854675,7.749,83.8,-1
1782769777.178,5055,1135118,0,0.00000000,0.00000000,0.00,0,0,1.40,0.004,-0.3920,0.7840,1.0290,1.3517,0.512939,0.076355,-0.025330,0.854675,7.751,82.5,-1
1782769777.427,5056,1135340,0,0.00000000,0.00000000,0.00,0,0,1.41,-0.005,0.2940,0.0980,1.5680,1.5983,0.512939,0.076355,-0.025391,0.854675,7.755,75.0,-1
1782769777.613,5057,1135556,0,0.00000000,0.00000000,0.00,0,0,1.34,-0.051,0.2450,0.2940,1.1760,1.2367,0.512939,0.076294,-0.025391,0.854675,7.755,68.8,-1
1782769777.865,5058,1135782,0,0.00000000,0.00000000,0.00,0,0,1.44,0.001,-0.3430,0.5880,1.5190,1.6646,0.512939,0.076294,-0.025391,0.854675,7.754,75.0,-1
1782769778.055,5059,1136004,0,0.00000000,0.00000000,0.00,0,0,1.32,-0.073,0.2450,0.5880,1.6170,1.7379,0.512939,0.076294,-0.025391,0.854675,7.755,77.5,-1
1782769778.306,5060,1136231,0,0.00000000,0.00000000,0.00,0,0,1.37,-0.042,0.4410,0.4900,1.9110,2.0215,0.512939,0.076294,-0.025330,0.854675,7.754,75.0,-1
1782769778.497,5061,1136444,0,0.00000000,0.00000000,0.00,0,0,1.34,-0.049,-0.1960,1.1760,0.8820,1.4830,0.512939,0.076416,-0.025330,0.854675,7.751,75.0,-1
1782769778.746,5062,1136670,0,0.00000000,0.00000000,0.00,0,0,1.37,-0.046,0.1960,0.6370,1.9600,2.0702,0.512939,0.076477,-0.025330,0.854614,7.755,76.2,-1
1782769778.997,5063,1136892,0,0.00000000,0.00000000,0.00,0,0,1.42,-0.010,0.1470,0.6370,1.9110,2.0197,0.512939,0.076477,-0.025269,0.854614,7.751,82.5,-1
1782769779.184,5064,1137112,0,0.00000000,0.00000000,0.00,0,0,1.41,-0.007,0.2940,0.2940,1.7150,1.7647,0.512939,0.076477,-0.025269,0.854614,7.758,76.2,-1
1782769779.433,5065,1137334,0,0.00000000,0.00000000,0.00,0,0,1.49,0.042,0.3920,0.3430,1.4700,1.5596,0.512939,0.076599,-0.025269,0.854614,7.759,68.8,-1
1782769779.621,5066,1137547,0,0.00000000,0.00000000,0.00,0,0,1.52,0.044,1.0780,0.3920,1.9600,2.2710,0.512939,0.076599,-0.025391,0.854614,7.758,73.8,-1
1782769779.872,5067,1137775,0,0.00000000,0.00000000,0.00,0,0,1.51,0.043,0.0980,0.3920,1.2250,1.2899,0.512939,0.076538,-0.025452,0.854614,7.756,72.5,-1
1782769780.059,5068,1137993,0,0.00000000,0.00000000,0.00,0,0,1.47,0.007,0.7350,0.3430,2.2050,2.3494,0.512939,0.076599,-0.025391,0.854614,7.756,77.5,-1
1782769780.307,5069,1138217,0,0.00000000,0.00000000,0.00,0,0,1.39,-0.046,0.2450,0.2450,1.3230,1.3676,0.512939,0.076599,-0.025391,0.854614,7.756,73.8,-1
1782769780.497,5070,1138428,0,0.00000000,0.00000000,0.00,0,0,1.49,0.013,0.2450,0.7350,1.3230,1.5332,0.512939,0.076660,-0.025391,0.854614,7.756,76.2,-1
1782769780.747,5071,1138646,0,0.00000000,0.00000000,0.00,0,0,1.39,-0.064,1.0290,0.6370,1.8130,2.1798,0.512939,0.076660,-0.025330,0.854614,7.751,78.8,-1
1782769780.931,5072,1138867,0,0.00000000,0.00000000,0.00,0,0,1.50,0.019,0.5390,0.4900,2.1560,2.2757,0.512939,0.076538,-0.025391,0.854614,7.755,75.0,-1
1782769781.180,5073,1139086,0,0.00000000,0.00000000,0.00,0,0,1.46,-0.000,0.0980,0.7350,1.3230,1.5166,0.512939,0.076477,-0.025391,0.854614,7.754,81.2,-1
1782769781.366,5074,1139310,0,0.00000000,0.00000000,0.00,0,0,1.41,-0.027,0.1470,0.5880,1.5190,1.6355,0.512939,0.076477,-0.025452,0.854614,7.756,73.8,-1
1782769781.614,5075,1139522,0,0.00000000,0.00000000,0.00,0,0,1.56,0.060,0.1470,0.6860,1.0780,1.2862,0.512939,0.076538,-0.025391,0.854614,7.758,73.8,-1
1782769781.801,5076,1139747,0,0.00000000,0.00000000,0.00,0,0,1.51,0.044,0.6370,0.4900,1.7150,1.8940,0.512939,0.076538,-0.025330,0.854614,7.753,76.2,-1
1782769782.050,5077,1139971,0,0.00000000,0.00000000,0.00,0,0,1.48,0.022,1.2250,0.1470,2.3520,2.6560,0.512939,0.076538,-0.025330,0.854614,7.755,75.0,-1
1782769782.300,5078,1140191,0,0.00000000,0.00000000,0.00,0,0,1.41,-0.036,0.0980,0.5880,1.9600,2.0486,0.512939,0.076538,-0.025391,0.854614,7.754,75.0,-1
1782769782.487,5079,1140431,0,0.00000000,0.00000000,0.00,0,0,1.47,0.006,0.0000,0.9310,1.2740,1.5779,0.512939,0.076538,-0.025452,0.854614,7.754,76.2,-1
1782769782.738,5080,1140653,0,0.00000000,0.00000000,0.00,0,0,1.45,-0.008,0.7840,0.3920,2.4990,2.6483,0.512939,0.076599,-0.025452,0.854614,7.755,75.0,-1
1782769782.926,5081,1140873,0,0.00000000,0.00000000,0.00,0,0,1.38,-0.028,0.3430,1.0290,1.2250,1.6362,0.512939,0.076538,-0.025330,0.854614,7.759,76.2,-1
1782769783.174,5082,1141094,0,0.00000000,0.00000000,0.00,0,0,1.48,0.030,-0.1960,0.6860,1.5190,1.6782,0.512939,0.076477,-0.025391,0.854614,7.760,73.8,-1
1782769783.360,5083,1141312,0,0.00000000,0.00000000,0.00,0,0,1.47,0.022,0.4410,0.6860,1.8130,1.9880,0.512939,0.076477,-0.025330,0.854614,7.753,82.5,-1
1782769783.607,5084,1141528,0,0.00000000,0.00000000,0.00,0,0,1.46,-0.001,-0.2450,1.0780,1.5190,1.8787,0.512939,0.076416,-0.025391,0.854675,7.754,72.5,-1
1782769783.860,5085,1141753,0,0.00000000,0.00000000,0.00,0,0,1.46,-0.007,0.0000,0.8330,2.2050,2.3571,0.512939,0.076416,-0.025391,0.854675,7.754,78.8,-1
1782769784.045,5086,1141977,0,0.00000000,0.00000000,0.00,0,0,1.52,0.038,-0.5390,0.8820,1.3230,1.6789,0.512939,0.076355,-0.025391,0.854675,7.756,76.2,-1
1782769784.297,5087,1142203,0,0.00000000,0.00000000,0.00,0,0,1.45,-0.015,0.0980,0.4900,1.8620,1.9279,0.512939,0.076416,-0.025391,0.854675,7.754,76.2,-1
1782769784.546,5088,1142447,0,0.00000000,0.00000000,0.00,0,0,1.40,-0.039,0.4900,0.5390,2.2050,2.3222,0.512939,0.076477,-0.025391,0.854614,7.756,72.5,-1
1782769784.733,5089,1142670,0,0.00000000,0.00000000,0.00,0,0,1.50,0.019,0.1960,0.6370,1.1760,1.3517,0.512939,0.076538,-0.025391,0.854614,7.758,71.2,-1
1782769784.982,5090,1142895,0,0.00000000,0.00000000,0.00,0,0,1.39,-0.061,0.2450,0.8820,1.4700,1.7317,0.512939,0.076599,-0.025391,0.854614,7.750,81.2,-1
1782769785.173,5091,1143118,0,0.00000000,0.00000000,0.00,0,0,1.41,-0.043,0.4410,0.8330,1.0780,1.4319,0.512939,0.076599,-0.025330,0.854614,7.754,73.8,-1
1782769785.423,5092,1143337,0,0.00000000,0.00000000,0.00,0,0,1.52,0.043,-0.5880,1.4210,0.0000,1.5379,0.512939,0.076660,-0.025330,0.854614,7.751,80.0,-1
1782769785.611,5093,1143555,0,0.00000000,0.00000000,0.00,0,0,1.42,-0.039,0.2450,0.5390,1.9600,2.0475,0.512939,0.076660,-0.025330,0.854614,7.753,72.5,-1
1782769785.858,5094,1143780,0,0.00000000,0.00000000,0.00,0,0,1.39,-0.058,1.3230,-0.0490,2.8420,3.1352,0.512939,0.076721,-0.025330,0.854614,7.755,75.0,-1
1782769786.106,5095,1144003,0,0.00000000,0.00000000,0.00,0,0,1.37,-0.071,0.5880,0.1960,1.2740,1.4168,0.512939,0.076660,-0.025330,0.854614,7.755,75.0,-1
1782769786.292,5096,1144230,0,0.00000000,0.00000000,0.00,0,0,1.51,0.025,0.2940,0.5390,1.3720,1.5031,0.512939,0.076538,-0.025391,0.854614,7.756,73.8,-1
1782769786.542,5097,1144444,0,0.00000000,0.00000000,0.00,0,0,1.47,-0.015,0.1960,0.5390,1.3720,1.4871,0.512939,0.076477,-0.025391,0.854614,7.753,76.2,-1
1782769786.728,5098,1144670,0,0.00000000,0.00000000,0.00,0,0,1.48,-0.003,0.5880,0.2940,1.4210,1.5657,0.512939,0.076477,-0.025391,0.854614,7.754,73.8,-1
1782769786.975,5099,1144892,0,0.00000000,0.00000000,0.00,0,0,1.42,-0.057,0.3920,0.2450,0.7840,0.9101,0.512939,0.076416,-0.025391,0.854675,7.753,77.5,-1
1782769787.161,5100,1145111,0,0.00000000,0.00000000,0.00,0,0,1.37,-0.078,0.4410,0.5880,1.8130,1.9563,0.512939,0.076416,-0.025330,0.854675,7.755,73.8,-1
1782769787.412,5101,1145334,0,0.00000000,0.00000000,0.00,0,0,1.40,-0.072,0.3430,0.5880,1.7640,1.8908,0.512939,0.076416,-0.025269,0.854675,7.760,70.0,-1
1782769787.600,5102,1145550,0,0.00000000,0.00000000,0.00,0,0,1.38,-0.084,0.2940,-0.0490,1.4700,1.4999,0.512939,0.076416,-0.025269,0.854675,7.754,76.2,-1
1782769787.849,5103,1145775,0,0.00000000,0.00000000,0.00,0,0,1.41,-0.064,-0.7350,0.6860,-0.5880,1.1647,0.512939,0.076416,-0.025208,0.854614,7.756,68.8,-1
1782769788.100,5104,1145993,0,0.00000000,0.00000000,0.00,0,0,1.49,-0.015,-0.1470,1.1270,1.3720,1.7816,0.512939,0.076416,-0.025208,0.854614,7.755,72.5,-1
1782769788.287,5105,1146217,0,0.00000000,0.00000000,0.00,0,0,1.49,-0.010,0.0490,0.3430,2.2050,2.2321,0.512939,0.076416,-0.025146,0.854614,7.760,68.8,-1
1782769788.537,5106,1146432,0,0.00000000,0.00000000,0.00,0,0,1.48,0.004,0.7350,-0.6860,1.9600,2.2028,0.512939,0.076416,-0.025146,0.854614,7.756,76.2,-1
1782769788.724,5107,1146657,0,0.00000000,0.00000000,0.00,0,0,1.50,0.019,1.0780,-0.1960,2.4990,2.7286,0.512939,0.076355,-0.025208,0.854675,7.758,73.8,-1
1782769788.974,5108,1146875,0,0.00000000,0.00000000,0.00,0,0,1.38,-0.036,0.1960,1.0290,2.3030,2.5300,0.512939,0.076355,-0.025208,0.854675,7.756,72.5,-1
1782769789.160,5109,1147096,0,0.00000000,0.00000000,0.00,0,0,1.45,0.009,0.1470,0.3920,1.6170,1.6703,0.512939,0.076355,-0.025269,0.854675,7.755,73.8,-1
1782769789.414,5110,1147315,0,0.00000000,0.00000000,0.00,0,0,1.37,-0.034,-0.3920,0.6370,0.0980,0.7543,0.512939,0.076294,-0.025330,0.854675,7.758,73.8,-1
1782769789.602,5111,1147529,0,0.00000000,0.00000000,0.00,0,0,1.27,-0.093,-0.0980,0.5390,1.8620,1.9409,0.512939,0.076294,-0.025330,0.854675,7.756,73.8,-1
1782769789.851,5112,1147746,0,0.00000000,0.00000000,0.00,0,0,1.40,0.002,0.3920,0.7840,2.2540,2.4184,0.512939,0.076294,-0.025391,0.854675,7.759,77.5,-1
1782769790.036,5113,1147970,0,0.00000000,0.00000000,0.00,0,0,1.52,0.087,0.7350,1.6660,1.1270,2.1415,0.512939,0.076294,-0.025330,0.854675,7.756,73.8,-1
1782769790.284,5114,1148186,0,0.00000000,0.00000000,0.00,0,0,1.48,0.056,0.8820,0.3430,1.7640,2.0018,0.512939,0.076355,-0.025330,0.854675,7.758,76.2,-1
1782769790.533,5115,1148435,0,0.00000000,0.00000000,0.00,0,0,1.46,0.051,0.5880,0.3430,1.8130,1.9366,0.512939,0.076477,-0.025452,0.854614,7.756,73.8,-1
1782769790.720,5116,1148659,0,0.00000000,0.00000000,0.00,0,0,1.42,0.013,0.1470,0.6860,1.1760,1.3694,0.512939,0.076477,-0.025391,0.854614,7.756,72.5,-1
1782769790.973,5117,1148882,0,0.00000000,0.00000000,0.00,0,0,1.49,0.058,0.7840,-0.2940,1.2740,1.5245,0.513000,0.076416,-0.025391,0.854614,7.759,67.5,-1
1782769791.173,5118,1149106,0,0.00000000,0.00000000,0.00,0,0,1.49,0.042,0.1470,0.6860,2.1070,2.2207,0.513000,0.076416,-0.025330,0.854614,7.758,70.0,-1
1782769791.423,5119,1149333,0,0.00000000,0.00000000,0.00,0,0,1.43,0.014,0.3430,0.2940,1.4210,1.4911,0.513062,0.076355,-0.025269,0.854553,7.758,72.5,-1
1782769791.612,5120,1149549,0,0.00000000,0.00000000,0.00,0,0,1.29,-0.099,0.7840,-0.0980,2.5480,2.6677,0.513123,0.076294,-0.025269,0.854553,7.755,72.5,-1
1782769791.862,5121,1149774,0,0.00000000,0.00000000,0.00,0,0,1.37,-0.054,-0.5880,2.5480,-0.0490,2.6154,0.513184,0.076233,-0.025146,0.854553,7.756,72.5,-1
1782769792.048,5122,1149996,0,0.00000000,0.00000000,0.00,0,0,1.42,-0.029,0.3920,0.2940,1.6660,1.7366,0.513123,0.076233,-0.025208,0.854553,7.756,72.5,-1
1782769792.296,5123,1150224,0,0.00000000,0.00000000,0.00,0,0,1.47,0.002,0.3430,0.2940,0.9310,1.0348,0.513123,0.076294,-0.025146,0.854553,7.759,70.0,-1
1782769792.484,5124,1150435,0,0.00000000,0.00000000,0.00,0,0,1.41,-0.036,-0.3920,0.7350,0.9310,1.2493,0.513123,0.076294,-0.025208,0.854553,7.755,72.5,-1
1782769792.732,5125,1150658,0,0.00000000,0.00000000,0.00,0,0,1.50,0.004,-0.0490,1.0290,1.8620,2.1280,0.513123,0.076294,-0.025269,0.854553,7.756,71.2,-1
1782769792.984,5126,1150882,0,0.00000000,0.00000000,0.00,0,0,1.50,0.015,-0.1470,0.8330,0.7350,1.1206,0.513123,0.076294,-0.025269,0.854553,7.754,71.2,-1
1782769793.172,5127,1151106,0,0.00000000,0.00000000,0.00,0,0,1.56,0.043,0.4410,0.2450,1.0780,1.1902,0.513123,0.076355,-0.025208,0.854553,7.756,71.2,-1
1782769793.421,5128,1151327,0,0.00000000,0.00000000,0.00,0,0,1.46,-0.021,0.1960,0.7350,0.7840,1.0924,0.513123,0.076355,-0.025269,0.854553,7.758,70.0,-1
1782769793.608,5129,1151541,0,0.00000000,0.00000000,0.00,0,0,1.58,0.037,0.2450,0.4900,1.8130,1.8940,0.513123,0.076355,-0.025269,0.854553,7.759,70.0,-1
1782769793.858,5130,1151767,0,0.00000000,0.00000000,0.00,0,0,1.55,0.031,0.5880,0.6370,2.3030,2.4608,0.513123,0.076355,-0.025391,0.854553,7.756,70.0,-1
1782769794.060,5131,1151987,0,0.00000000,0.00000000,0.00,0,0,1.60,0.069,0.2450,0.1960,0.8330,0.8901,0.513123,0.076294,-0.025330,0.854553,7.756,72.5,-1
1782769794.308,5132,1152209,0,0.00000000,0.00000000,0.00,0,0,1.48,0.016,0.7350,-0.0490,2.2050,2.3248,0.513123,0.076294,-0.025330,0.854553,7.756,73.8,-1
1782769794.497,5133,1152425,0,0.00000000,0.00000000,0.00,0,0,1.48,-0.006,-0.0490,0.4410,1.7640,1.8189,0.513123,0.076294,-0.025330,0.854553,7.758,75.0,-1
1782769794.748,5134,1152651,0,0.00000000,0.00000000,0.00,0,0,1.39,-0.060,0.3430,0.5390,1.8620,1.9686,0.513123,0.076355,-0.025269,0.854553,7.758,70.0,-1
1782769794.936,5135,1152874,0,0.00000000,0.00000000,0.00,0,0,1.45,-0.034,0.9800,0.8820,1.9600,2.3622,0.513123,0.076416,-0.025269,0.854553,7.759,70.0,-1
1782769795.188,5136,1153098,0,0.00000000,0.00000000,0.00,0,0,1.44,-0.042,0.1470,1.1760,0.8820,1.4773,0.513123,0.076477,-0.025330,0.854553,7.754,76.2,-1
1782769795.375,5137,1153322,0,0.00000000,0.00000000,0.00,0,0,1.50,0.027,0.1470,0.9310,2.0090,2.2191,0.513123,0.076477,-0.025391,0.854553,7.756,70.0,-1
1782769795.624,5138,1153539,0,0.00000000,0.00000000,0.00,0,0,1.42,-0.027,0.0490,0.7840,2.0090,2.1571,0.513123,0.076355,-0.025452,0.854553,7.758,78.8,-1
1782769795.812,5139,1153764,0,0.00000000,0.00000000,0.00,0,0,1.46,0.008,0.2940,1.7150,1.6170,2.3754,0.513123,0.076416,-0.025452,0.854553,7.758,70.0,-1
1782769796.060,5140,1153986,0,0.00000000,0.00000000,0.00,0,0,1.38,-0.054,0.3430,0.5390,1.5190,1.6479,0.513123,0.076416,-0.025330,0.854553,7.759,72.5,-1
1782769796.308,5141,1154212,0,0.00000000,0.00000000,0.00,0,0,1.50,0.028,0.5390,0.5880,2.3030,2.4372,0.513123,0.076416,-0.025330,0.854553,7.758,73.8,-1
1782769796.496,5142,1154427,0,0.00000000,0.00000000,0.00,0,0,1.47,0.008,0.1960,0.6860,1.3230,1.5031,0.513123,0.076477,-0.025330,0.854553,7.755,72.5,-1
1782769796.748,5143,1154654,0,0.00000000,0.00000000,0.00,0,0,1.49,0.030,-0.0490,0.2940,1.2250,1.2607,0.513062,0.076416,-0.025391,0.854553,7.756,77.5,-1
1782769796.937,5144,1154877,0,0.00000000,0.00000000,0.00,0,0,1.45,-0.015,0.4900,0.8330,1.7150,1.9686,0.513062,0.076172,-0.025391,0.854553,7.758,76.2,-1
1782769797.189,5145,1155102,0,0.00000000,0.00000000,0.00,0,0,1.41,-0.037,0.2450,0.1470,1.6170,1.6420,0.513123,0.076172,-0.025269,0.854553,7.751,77.5,-1
1782769797.376,5146,1155326,0,0.00000000,0.00000000,0.00,0,0,1.37,-0.038,0.6860,0.3430,2.4500,2.5672,0.513184,0.076172,-0.025208,0.854553,7.754,75.0,-1
1782769797.627,5147,1155538,0,0.00000000,0.00000000,0.00,0,0,1.29,-0.081,0.2940,0.7840,2.2540,2.4045,0.513123,0.076233,-0.025208,0.854553,7.758,76.2,-1
1782769797.813,5148,1155757,0,0.00000000,0.00000000,0.00,0,0,1.45,0.046,-0.0490,1.0290,1.5190,1.8354,0.513184,0.076233,-0.025146,0.854492,7.754,76.2,-1
1782769798.060,5149,1155977,0,0.00000000,0.00000000,0.00,0,0,1.45,0.034,0.2450,0.2940,1.4210,1.4716,0.513184,0.076355,-0.025085,0.854492,7.756,77.5,-1
1782769798.310,5150,1156203,0,0.00000000,0.00000000,0.00,0,0,1.39,0.005,0.2940,0.6860,1.5680,1.7366,0.513184,0.076355,-0.025085,0.854492,7.756,72.5,-1
1782769798.559,5151,1156452,0,0.00000000,0.00000000,0.00,0,0,1.47,0.042,1.1760,0.1470,1.9110,2.2487,0.513184,0.076416,-0.025085,0.854492,7.756,77.5,-1
1782769798.747,5152,1156677,0,0.00000000,0.00000000,0.00,0,0,1.46,0.030,0.3430,0.2450,1.5680,1.6237,0.513184,0.076416,-0.025146,0.854492,7.755,77.5,-1
1782769798.997,5153,1156899,0,0.00000000,0.00000000,0.00,0,0,1.44,0.013,0.2940,0.7840,1.4700,1.6917,0.513184,0.076416,-0.025146,0.854492,7.759,78.8,-1
1782769799.199,5154,1157122,0,0.00000000,0.00000000,0.00,0,0,1.44,0.019,0.0980,0.8330,0.9310,1.2531,0.513184,0.076416,-0.025208,0.854492,7.756,73.8,-1
1782769799.448,5155,1157348,0,0.00000000,0.00000000,0.00,0,0,1.40,-0.009,0.2450,0.7350,1.5190,1.7052,0.513184,0.076416,-0.025269,0.854492,7.753,76.2,-1
1782769799.636,5156,1157563,0,0.00000000,0.00000000,0.00,0,0,1.41,-0.019,0.1470,0.4900,1.3230,1.4185,0.513184,0.076416,-0.025269,0.854492,7.755,68.8,-1
1782769799.886,5157,1157791,0,0.00000000,0.00000000,0.00,0,0,1.57,0.086,0.1470,0.8330,1.3230,1.5703,0.513184,0.076477,-0.025269,0.854492,7.756,76.2,-1
1782769800.073,5158,1158009,0,0.00000000,0.00000000,0.00,0,0,1.57,0.062,0.0000,0.6370,1.1760,1.3374,0.513184,0.076538,-0.025330,0.854492,7.754,77.5,-1
1782769800.323,5159,1158233,0,0.00000000,0.00000000,0.00,0,0,1.42,-0.038,0.3430,0.5880,1.5190,1.6646,0.513123,0.076599,-0.025330,0.854492,7.755,77.5,-1
1782769800.510,5160,1158446,0,0.00000000,0.00000000,0.00,0,0,1.32,-0.092,0.1470,0.2940,1.6170,1.6501,0.513184,0.076538,-0.025269,0.854492,7.760,67.5,-1
1782769800.758,5161,1158675,0,0.00000000,0.00000000,0.00,0,0,1.37,-0.058,0.5880,0.8330,2.9400,3.1118,0.513184,0.076599,-0.025330,0.854492,7.756,75.0,-1
1782769800.946,5162,1158893,0,0.00000000,0.00000000,0.00,0,0,1.31,-0.092,0.6860,0.6370,1.8130,2.0404,0.513184,0.076538,-0.025269,0.854492,7.750,86.2,-1
1782769801.195,5163,1159117,0,0.00000000,0.00000000,0.00,0,0,1.38,-0.051,0.1470,0.5880,1.3230,1.4552,0.513184,0.076538,-0.025269,0.854492,7.755,73.8,-1
1782769801.445,5164,1159343,0,0.00000000,0.00000000,0.00,0,0,1.43,-0.025,0.1470,0.7350,1.3720,1.5634,0.513184,0.076477,-0.025208,0.854492,7.754,75.0,-1
1782769801.648,5165,1159558,0,0.00000000,0.00000000,0.00,0,0,1.44,-0.002,0.6860,0.9800,2.8420,3.0835,0.513184,0.076416,-0.025269,0.854492,7.755,71.2,-1
1782769801.835,5166,1159775,0,0.00000000,0.00000000,0.00,0,0,1.33,-0.070,0.3430,0.2940,1.3720,1.4445,0.513184,0.076416,-0.025269,0.854492,7.753,76.2,-1
1782769802.083,5167,1159994,0,0.00000000,0.00000000,0.00,0,0,1.29,-0.090,0.1960,0.6370,1.4700,1.6140,0.513184,0.076416,-0.025208,0.854492,7.753,81.2,-1
1782769802.273,5168,1160217,0,0.00000000,0.00000000,0.00,0,0,1.45,0.016,0.3920,0.0000,1.7640,1.8070,0.513184,0.076416,-0.025208,0.854492,7.755,75.0,-1
1782769802.522,5169,1160432,0,0.00000000,0.00000000,0.00,0,0,1.38,-0.034,0.0000,1.3720,3.1850,3.4679,0.513184,0.076355,-0.025208,0.854492,7.756,72.5,-1
1782769802.708,5170,1160650,0,0.00000000,0.00000000,0.00,0,0,1.35,-0.055,0.0980,0.6860,1.9110,2.0328,0.513184,0.076294,-0.025269,0.854492,7.758,72.5,-1
1782769802.959,5171,1160879,0,0.00000000,0.00000000,0.00,0,0,1.46,0.001,0.0980,0.6860,0.9310,1.1606,0.513184,0.076294,-0.025330,0.854492,7.755,75.0,-1
1782769803.207,5172,1161099,0,0.00000000,0.00000000,0.00,0,0,1.47,0.017,-0.0490,1.2250,0.4410,1.3029,0.513184,0.076355,-0.025269,0.854492,7.755,76.2,-1
1782769803.394,5173,1161317,0,0.00000000,0.00000000,0.00,0,0,1.45,0.007,0.3430,0.8820,2.4500,2.6264,0.513184,0.076355,-0.025269,0.854492,7.756,78.8,-1
1782769803.581,5174,1161532,0,0.00000000,0.00000000,0.00,0,0,1.52,0.057,0.3920,0.1470,1.4210,1.4814,0.513184,0.076355,-0.025330,0.854492,7.756,72.5,-1
1782769803.830,5175,1161753,0,0.00000000,0.00000000,0.00,0,0,1.43,-0.001,0.6860,0.1960,1.4210,1.5900,0.513123,0.076294,-0.025391,0.854492,7.756,73.8,-1
1782769804.018,5176,1161969,0,0.00000000,0.00000000,0.00,0,0,1.39,-0.013,-0.0980,0.7840,1.3720,1.5832,0.513184,0.076355,-0.025330,0.854492,7.756,75.0,-1
1782769804.268,5177,1162192,0,0.00000000,0.00000000,0.00,0,0,1.26,-0.090,0.1470,0.4900,1.2740,1.3729,0.513184,0.076416,-0.025330,0.854492,7.754,73.8,-1
1782769804.516,5178,1162440,0,0.00000000,0.00000000,0.00,0,0,1.43,0.025,0.4410,0.0980,0.6860,0.8214,0.513184,0.076416,-0.025330,0.854492,7.751,76.2,-1
1782769804.767,5179,1162665,0,0.00000000,0.00000000,0.00,0,0,1.33,-0.031,-0.4900,2.3030,0.6370,2.4392,0.513184,0.076416,-0.025269,0.854492,7.755,75.0,-1
1782769804.952,5180,1162890,0,0.00000000,0.00000000,0.00,0,0,1.50,0.080,0.2940,0.7350,1.8620,2.0233,0.513184,0.076416,-0.025208,0.854492,7.751,82.5,-1
1782769805.202,5181,1163115,0,0.00000000,0.00000000,0.00,0,0,1.38,0.021,0.5880,0.7350,2.3520,2.5334,0.513184,0.076477,-0.025269,0.854492,7.760,68.8,-1
1782769805.390,5182,1163333,0,0.00000000,0.00000000,0.00,0,0,1.37,0.030,0.1960,0.1960,1.3720,1.3997,0.513184,0.076477,-0.025208,0.854492,7.755,76.2,-1
1782769805.640,5183,1163549,0,0.00000000,0.00000000,0.00,0,0,1.48,0.098,0.4900,0.9800,0.6860,1.2927,0.513184,0.076477,-0.025208,0.854492,7.756,75.0,-1
1782769805.827,5184,1163773,0,0.00000000,0.00000000,0.00,0,0,1.33,-0.001,0.4410,0.1470,1.5680,1.6355,0.513184,0.076477,-0.025208,0.854492,7.755,76.2,-1
1782769806.075,5185,1163997,0,0.00000000,0.00000000,0.00,0,0,1.37,0.008,0.3920,0.5390,1.3720,1.5253,0.513184,0.076477,-0.025208,0.854492,7.755,68.8,-1
1782769806.326,5186,1164216,0,0.00000000,0.00000000,0.00,0,0,1.42,0.034,0.1470,0.2940,1.3230,1.3632,0.513184,0.076416,-0.025269,0.854492,7.756,72.5,-1
1782769806.512,5187,1164429,0,0.00000000,0.00000000,0.00,0,0,1.43,0.031,0.5880,0.3920,2.0580,2.1760,0.513184,0.076416,-0.025269,0.854492,7.755,75.0,-1
1782769806.762,5188,1164653,0,0.00000000,0.00000000,0.00,0,0,1.36,-0.033,0.2940,0.4900,1.0780,1.2201,0.513184,0.076416,-0.025269,0.854492,7.756,75.0,-1
1782769806.948,5189,1164879,0,0.00000000,0.00000000,0.00,0,0,1.32,-0.057,0.4410,0.4410,1.4700,1.5968,0.513184,0.076477,-0.025146,0.854492,7.755,73.8,-1
1782769807.195,5190,1165099,0,0.00000000,0.00000000,0.00,0,0,1.38,-0.026,0.5880,0.9310,1.8620,2.1632,0.513123,0.076416,-0.025208,0.854492,7.755,73.8,-1
1782769807.380,5191,1165318,0,0.00000000,0.00000000,0.00,0,0,1.40,-0.020,0.4410,0.1470,1.5190,1.5885,0.513123,0.076477,-0.025269,0.854553,7.754,77.5,-1
1782769807.628,5192,1165532,0,0.00000000,0.00000000,0.00,0,0,1.42,0.010,0.6370,0.5880,2.4010,2.5527,0.513123,0.076416,-0.025330,0.854553,7.755,78.8,-1
1782769807.829,5193,1165753,0,0.00000000,0.00000000,0.00,0,0,1.48,0.030,-0.4900,0.5880,0.7840,1.0957,0.513123,0.076294,-0.025391,0.854553,7.756,75.0,-1
1782769808.032,5194,1165977,0,0.00000000,0.00000000,0.00,0,0,1.45,0.024,0.3430,0.3920,1.6170,1.6988,0.513123,0.076294,-0.025391,0.854553,7.758,73.8,-1
1782769808.298,5195,1166201,0,0.00000000,0.00000000,0.00,0,0,1.45,0.026,-0.3430,1.2740,2.4500,2.7827,0.513123,0.076416,-0.025391,0.854553,7.758,76.2,-1
1782769808.546,5196,1166447,0,0.00000000,0.00000000,0.00,0,0,1.46,0.031,0.2940,0.7350,1.8130,1.9783,0.513123,0.076477,-0.025452,0.854492,7.758,67.5,-1
1782769808.733,5197,1166666,0,0.00000000,0.00000000,0.00,0,0,1.61,0.130,0.6860,0.7840,1.6660,1.9649,0.513184,0.076416,-0.025513,0.854492,7.760,67.5,-1
1782769808.998,5198,1166894,0,0.00000000,0.00000000,0.00,0,0,1.54,0.076,0.6860,0.6370,2.3030,2.4860,0.513184,0.076355,-0.025574,0.854492,7.755,76.2,-1
1782769809.200,5199,1167115,0,0.00000000,0.00000000,0.00,0,0,1.44,0.010,0.0490,1.2250,0.8330,1.4822,0.513306,0.076294,-0.025635,0.854431,7.756,68.8,-1
1782769809.388,5200,1167331,0,0.00000000,0.00000000,0.00,0,0,1.44,0.014,0.5880,0.8330,1.2250,1.5938,0.513306,0.076355,-0.025574,0.854431,7.753,73.8,-1
1782769809.636,5201,1167546,0,0.00000000,0.00000000,0.00,0,0,1.44,-0.002,-0.7840,1.7640,0.5880,2.0179,0.513306,0.076355,-0.025452,0.854431,7.758,68.8,-1
1782769809.839,5202,1167767,0,0.00000000,0.00000000,0.00,0,0,1.42,-0.022,-0.1470,1.1270,0.7350,1.3535,0.513306,0.076355,-0.025391,0.854431,7.759,70.0,-1
1782769810.088,5203,1167993,0,0.00000000,0.00000000,0.00,0,0,1.37,-0.049,0.9310,1.0780,1.5680,2.1184,0.513306,0.076416,-0.025330,0.854431,7.759,75.0,-1
1782769810.292,5204,1168216,0,0.00000000,0.00000000,0.00,0,0,1.44,0.007,0.0490,-0.2940,1.3720,1.4040,0.513306,0.076416,-0.025330,0.854431,7.758,73.8,-1
1782769810.479,5205,1168427,0,0.00000000,0.00000000,0.00,0,0,1.45,0.026,0.2940,0.2940,1.2740,1.3401,0.513306,0.076477,-0.025391,0.854431,7.760,68.8,-1
1782769810.728,5206,1168648,0,0.00000000,0.00000000,0.00,0,0,1.45,0.020,-0.0490,0.6370,2.0580,2.1549,0.513306,0.076538,-0.025391,0.854431,7.762,68.8,-1
1782769810.975,5207,1168870,0,0.00000000,0.00000000,0.00,0,0,1.45,0.012,0.3430,1.1760,0.8330,1.4814,0.513306,0.076538,-0.025452,0.854431,7.764,68.8,-1
1782769811.162,5208,1169090,0,0.00000000,0.00000000,0.00,0,0,1.56,0.076,-0.2940,0.1960,2.1560,2.1848,0.513306,0.076538,-0.025513,0.854431,7.760,70.0,-1
1782769811.367,5209,1169318,0,0.00000000,0.00000000,0.00,0,0,1.53,0.053,0.7350,0.5880,2.1070,2.3077,0.513306,0.076538,-0.025452,0.854431,7.756,70.0,-1
1782769811.613,5210,1169532,0,0.00000000,0.00000000,0.00,0,0,1.47,0.008,0.7350,1.0290,2.0580,2.4155,0.513306,0.076599,-0.025452,0.854370,7.762,66.2,-1
1782769811.862,5211,1169759,0,0.00000000,0.00000000,0.00,0,0,1.46,-0.013,0.8820,0.1960,2.5970,2.7497,0.513306,0.076660,-0.025391,0.854370,7.756,68.8,-1
1782769812.050,5212,1169978,0,0.00000000,0.00000000,0.00,0,0,1.45,-0.007,0.0000,0.1960,0.5880,0.6198,0.513306,0.076660,-0.025452,0.854370,7.755,76.2,-1
1782769812.301,5213,1170198,0,0.00000000,0.00000000,0.00,0,0,1.48,-0.011,0.5880,0.0980,0.3920,0.7135,0.513306,0.076599,-0.025513,0.854370,7.754,75.0,-1
1782769812.552,5214,1170444,0,0.00000000,0.00000000,0.00,0,0,1.43,-0.037,1.0780,0.7840,1.7150,2.1721,0.513306,0.076599,-0.025513,0.854431,7.758,68.8,-1
1782769812.737,5215,1170665,0,0.00000000,0.00000000,0.00,0,0,1.49,-0.003,0.2450,0.9800,2.1070,2.3366,0.513306,0.076599,-0.025574,0.854431,7.761,68.8,-1
1782769812.999,5216,1170893,0,0.00000000,0.00000000,0.00,0,0,1.49,-0.015,0.0490,0.5880,1.8620,1.9533,0.513306,0.076538,-0.025452,0.854431,7.755,80.0,-1
1782769813.187,5217,1171111,0,0.00000000,0.00000000,0.00,0,0,1.38,-0.071,0.3920,0.5390,0.8820,1.1055,0.513306,0.076538,-0.025391,0.854431,7.760,71.2,-1
1782769813.437,5218,1171331,0,0.00000000,0.00000000,0.00,0,0,1.31,-0.113,0.0980,0.5880,1.3720,1.4959,0.513306,0.076477,-0.025391,0.854431,7.756,75.0,-1
1782769813.622,5219,1171554,0,0.00000000,0.00000000,0.00,0,0,1.35,-0.097,0.1470,0.6370,1.7150,1.8354,0.513306,0.076477,-0.025452,0.854431,7.759,75.0,-1
1782769813.870,5220,1171773,0,0.00000000,0.00000000,0.00,0,0,1.40,-0.059,0.4410,0.2450,1.5190,1.6006,0.513306,0.076416,-0.025513,0.854431,7.756,75.0,-1
1782769814.058,5221,1171996,0,0.00000000,0.00000000,0.00,0,0,1.50,-0.001,0.3430,0.4900,2.7440,2.8084,0.513306,0.076416,-0.025452,0.854431,7.759,73.8,-1
1782769814.308,5222,1172224,0,0.00000000,0.00000000,0.00,0,0,1.42,-0.043,0.3430,0.5390,1.7150,1.8301,0.513306,0.076416,-0.025391,0.854431,7.754,77.5,-1
1782769814.494,5223,1172439,0,0.00000000,0.00000000,0.00,0,0,1.41,-0.075,0.6370,0.1470,1.0780,1.2607,0.513306,0.076416,-0.025330,0.854431,7.756,75.0,-1
1782769814.742,5224,1172663,0,0.00000000,0.00000000,0.00,0,0,1.48,-0.029,0.1470,0.4900,0.9310,1.0623,0.513306,0.076416,-0.025391,0.854431,7.753,80.0,-1
1782769814.992,5225,1172887,0,0.00000000,0.00000000,0.00,0,0,1.45,-0.035,0.0000,0.2450,1.7150,1.7324,0.513306,0.076416,-0.025391,0.854431,7.756,76.2,-1
1782769815.177,5226,1173107,0,0.00000000,0.00000000,0.00,0,0,1.54,0.019,0.2940,0.5390,0.8820,1.0747,0.513306,0.076477,-0.025452,0.854431,7.758,73.8,-1
1782769815.424,5227,1173329,0,0.00000000,0.00000000,0.00,0,0,1.55,0.030,-0.7840,1.8620,-1.2250,2.3627,0.513306,0.076538,-0.025391,0.854431,7.758,73.8,-1
1782769815.626,5228,1173543,0,0.00000000,0.00000000,0.00,0,0,1.57,0.063,0.5880,0.6860,2.0090,2.2028,0.513306,0.076538,-0.025391,0.854431,7.758,76.2,-1
1782769815.876,5229,1173770,0,0.00000000,0.00000000,0.00,0,0,1.41,-0.057,0.3430,0.0000,1.4700,1.5095,0.513306,0.076416,-0.025391,0.854431,7.756,76.2,-1
1782769816.079,5230,1173993,0,0.00000000,0.00000000,0.00,0,0,1.39,-0.061,0.7350,0.1470,2.4500,2.5621,0.513367,0.076416,-0.025330,0.854431,7.754,76.2,-1
1782769816.282,5231,1174221,0,0.00000000,0.00000000,0.00,0,0,1.45,-0.031,0.5880,0.4410,1.3230,1.5135,0.513428,0.076416,-0.025269,0.854370,7.756,76.2,-1
1782769816.533,5232,1174436,0,0.00000000,0.00000000,0.00,0,0,1.44,-0.056,0.1470,0.3920,1.6170,1.6703,0.513428,0.076477,-0.025330,0.854370,7.758,73.8,-1
1782769816.719,5233,1174663,0,0.00000000,0.00000000,0.00,0,0,1.57,0.025,0.7840,0.4900,1.2740,1.5741,0.513367,0.076538,-0.025452,0.854370,7.755,73.8,-1
1782769816.965,5234,1174889,0,0.00000000,0.00000000,0.00,0,0,1.54,0.021,0.1960,0.5880,1.3230,1.4610,0.513428,0.076477,-0.025330,0.854370,7.747,77.5,-1
1782769817.215,5235,1175113,0,0.00000000,0.00000000,0.00,0,0,1.51,0.005,0.2940,-0.4900,0.0980,0.5798,0.513428,0.076538,-0.025330,0.854370,7.755,75.0,-1
1782769817.405,5236,1175334,0,0.00000000,0.00000000,0.00,0,0,1.62,0.065,0.1960,0.5880,0.6370,0.8888,0.513428,0.076599,-0.025330,0.854309,7.756,75.0,-1
1782769817.656,5237,1175551,0,0.00000000,0.00000000,0.00,0,0,1.52,-0.014,0.4410,0.8330,1.5190,1.7877,0.513428,0.076599,-0.025330,0.854309,7.753,75.0,-1
1782769817.842,5238,1175775,0,0.00000000,0.00000000,0.00,0,0,1.41,-0.069,0.0490,1.4700,2.4500,2.8576,0.513428,0.076599,-0.025330,0.854309,7.759,76.2,-1
1782769818.089,5239,1176001,0,0.00000000,0.00000000,0.00,0,0,1.47,-0.035,0.1470,0.4900,1.5680,1.6493,0.513428,0.076599,-0.025330,0.854309,7.756,76.2,-1
