ISO-10303-21;
HEADER;
FILE_DESCRIPTION (( 'STEP AP214' ),
    '1' );
FILE_NAME ('B3P-VH(LF)(SN).STEP',
    '2021-06-18T13:38:25',
    ( '' ),
    ( '' ),
    'SwSTEP 2.0',
    'SolidWorks 2018',
    '' );
FILE_SCHEMA (( 'AUTOMOTIVE_DESIGN' ));
ENDSEC;

DATA;
#1 = MECHANICAL_DESIGN_GEOMETRIC_PRESENTATION_REPRESENTATION (  '', ( #1316 ), #1764 ) ;
#2 = CARTESIAN_POINT ( 'NONE',  ( 3.390000000000000568, -1.029393753668604645E-14, -1.119999999999967466 ) ) ;
#3 = DIRECTION ( 'NONE',  ( 1.000000000000000000, -3.491483361109382461E-15, 1.219045606090366905E-29 ) ) ;
#4 = PRESENTATION_LAYER_ASSIGNMENT (  '', '', ( #2664 ) ) ;
#5 =( NAMED_UNIT ( * ) PLANE_ANGLE_UNIT ( ) SI_UNIT ( $, .RADIAN. ) );
#6 = DIRECTION ( 'NONE',  ( 1.000000000000000000, -3.491483361109382461E-15, 1.219045606090366765E-29 ) ) ;
#7 = VECTOR ( 'NONE', #247, 1000.000000000000000 ) ;
#8 = VECTOR ( 'NONE', #2637, 1000.000000000000000 ) ;
#9 = VERTEX_POINT ( 'NONE', #1085 ) ;
#10 = DIRECTION ( 'NONE',  ( 1.000000000000000000, -3.491483361109382461E-15, 1.219045606090366905E-29 ) ) ;
#11 = EDGE_CURVE ( 'NONE', #1586, #637, #390, .T. ) ;
#12 =( NAMED_UNIT ( * ) PLANE_ANGLE_UNIT ( ) SI_UNIT ( $, .RADIAN. ) );
#13 = ORIENTED_EDGE ( 'NONE', *, *, #1058, .T. ) ;
#14 = VERTEX_POINT ( 'NONE', #1313 ) ;
#15 = STYLED_ITEM ( 'NONE', ( #2278 ), #833 ) ;
#16 = LINE ( 'NONE', #1743, #1403 ) ;
#17 = VERTEX_POINT ( 'NONE', #2503 ) ;
#18 = ORIENTED_EDGE ( 'NONE', *, *, #2723, .T. ) ;
#19 = ORIENTED_EDGE ( 'NONE', *, *, #2645, .F. ) ;
#20 = EDGE_LOOP ( 'NONE', ( #720, #2793, #874, #90 ) ) ;
#21 = STYLED_ITEM ( 'NONE', ( #1795 ), #1939 ) ;
#22 = ADVANCED_FACE ( 'NONE', ( #622 ), #1636, .F. ) ;
#23 = LINE ( 'NONE', #2687, #1740 ) ;
#24 = CARTESIAN_POINT ( 'NONE',  ( -5.909999999999989484, 3.200000000000018385, -2.550000000000010481 ) ) ;
#25 = FILL_AREA_STYLE_COLOUR ( '', #2905 ) ;
#26 = CARTESIAN_POINT ( 'NONE',  ( 3.390000000000012559, 10.89999999999999503, 0.01999999999998530731 ) ) ;
#27 = UNCERTAINTY_MEASURE_WITH_UNIT (LENGTH_MEASURE( 1.000000000000000082E-05 ), #275, 'distance_accuracy_value', 'NONE');
#28 = DIRECTION ( 'NONE',  ( 0.0000000000000000000, -1.000000000000000000, 3.746589754635383017E-15 ) ) ;
#29 = EDGE_CURVE ( 'NONE', #2509, #1477, #1832, .T. ) ;
#30 =( LENGTH_UNIT ( ) NAMED_UNIT ( * ) SI_UNIT ( .MILLI., .METRE. ) );
#31 = PRESENTATION_STYLE_ASSIGNMENT (( #1080 ) ) ;
#32 =( GEOMETRIC_REPRESENTATION_CONTEXT ( 3 ) GLOBAL_UNCERTAINTY_ASSIGNED_CONTEXT ( ( #862 ) ) GLOBAL_UNIT_ASSIGNED_CONTEXT ( ( #2558, #1140, #1377 ) ) REPRESENTATION_CONTEXT ( 'NONE', 'WORKASPACE' ) );
#33 = APPLICATION_CONTEXT ( 'automotive_design' ) ;
#34 =( LENGTH_UNIT ( ) NAMED_UNIT ( * ) SI_UNIT ( .MILLI., .METRE. ) );
#35 = LINE ( 'NONE', #999, #2567 ) ;
#36 = ORIENTED_EDGE ( 'NONE', *, *, #2756, .F. ) ;
#37 =( GEOMETRIC_REPRESENTATION_CONTEXT ( 3 ) GLOBAL_UNCERTAINTY_ASSIGNED_CONTEXT ( ( #1285 ) ) GLOBAL_UNIT_ASSIGNED_CONTEXT ( ( #124, #1091, #830 ) ) REPRESENTATION_CONTEXT ( 'NONE', 'WORKASPACE' ) );
#38 = CARTESIAN_POINT ( 'NONE',  ( -4.660000000000001030, 1.316289227138251895E-14, -3.450000000000004174 ) ) ;
#39 = DIRECTION ( 'NONE',  ( -1.000000000000000000, 3.491483361109382461E-15, 0.0000000000000000000 ) ) ;
#40 = EDGE_CURVE ( 'NONE', #1428, #2344, #2601, .T. ) ;
#41 = AXIS2_PLACEMENT_3D ( 'NONE', #2257, #795, #2685 ) ;
#42 = CARTESIAN_POINT ( 'NONE',  ( 0.0000000000000000000, 0.0000000000000000000, 0.0000000000000000000 ) ) ;
#43 = ORIENTED_EDGE ( 'NONE', *, *, #1362, .F. ) ;
#44 =( NAMED_UNIT ( * ) PLANE_ANGLE_UNIT ( ) SI_UNIT ( $, .RADIAN. ) );
#45 = COLOUR_RGB ( '',0.9960784313725490335, 0.8705882352941176627, 0.7607843137254901578 ) ;
#46 = ORIENTED_EDGE ( 'NONE', *, *, #2683, .F. ) ;
#47 = COLOUR_RGB ( '',0.9960784313725490335, 0.8705882352941176627, 0.7607843137254901578 ) ;
#48 = VERTEX_POINT ( 'NONE', #2099 ) ;
#49 = CARTESIAN_POINT ( 'NONE',  ( -4.530000000000012683, 10.90000000000001990, 0.01999999999998530731 ) ) ;
#50 = CARTESIAN_POINT ( 'NONE',  ( -0.5699999999999612044, 3.469446951953614189E-15, -1.119999999999974349 ) ) ;
#51 = ORIENTED_EDGE ( 'NONE', *, *, #2378, .T. ) ;
#52 = CARTESIAN_POINT ( 'NONE',  ( -3.389999999999971259, 9.899999999999998579, -1.120000000000011431 ) ) ;
#53 = DIRECTION ( 'NONE',  ( 1.000000000000000000, -3.337086476537728329E-45, -8.906997283086555699E-31 ) ) ;
#54 = PRESENTATION_STYLE_ASSIGNMENT (( #2705 ) ) ;
#55 = PRESENTATION_STYLE_ASSIGNMENT (( #1765 ) ) ;
#56 = PRESENTATION_LAYER_ASSIGNMENT (  '', '', ( #1944 ) ) ;
#57 = PLANE ( 'NONE',  #180 ) ;
#58 = DIRECTION ( 'NONE',  ( 0.9848077530122093526, 0.1736481776669230315, -8.596704542821968662E-16 ) ) ;
#59 = ORIENTED_EDGE ( 'NONE', *, *, #1938, .F. ) ;
#60 = EDGE_CURVE ( 'NONE', #2267, #2543, #218, .T. ) ;
#61 = VECTOR ( 'NONE', #1309, 1000.000000000000000 ) ;
#62 = MECHANICAL_DESIGN_GEOMETRIC_PRESENTATION_REPRESENTATION (  '', ( #860 ), #1279 ) ;
#63 = PRESENTATION_STYLE_ASSIGNMENT (( #211 ) ) ;
#64 = CARTESIAN_POINT ( 'NONE',  ( 3.389999999999987690, -3.700000000000008171, 0.02000000000003995110 ) ) ;
#65 =( NAMED_UNIT ( * ) PLANE_ANGLE_UNIT ( ) SI_UNIT ( $, .RADIAN. ) );
#66 = VECTOR ( 'NONE', #626, 1000.000000000000000 ) ;
#67 =( LENGTH_UNIT ( ) NAMED_UNIT ( * ) SI_UNIT ( .MILLI., .METRE. ) );
#68 = CARTESIAN_POINT ( 'NONE',  ( -4.659999999999968168, 9.400000000000009237, -4.250000000000031086 ) ) ;
#69 = VECTOR ( 'NONE', #1157, 1000.000000000000000 ) ;
#70 = FILL_AREA_STYLE_COLOUR ( '', #868 ) ;
#71 = MECHANICAL_DESIGN_GEOMETRIC_PRESENTATION_REPRESENTATION (  '', ( #2975 ), #2766 ) ;
#72 = DIRECTION ( 'NONE',  ( 3.491483361109382461E-15, 1.000000000000000000, -3.871905176016576176E-15 ) ) ;
#73 = SURFACE_SIDE_STYLE ('',( #371 ) ) ;
#74 = FILL_AREA_STYLE_COLOUR ( '', #332 ) ;
#75 = UNCERTAINTY_MEASURE_WITH_UNIT (LENGTH_MEASURE( 1.000000000000000082E-05 ), #291, 'distance_accuracy_value', 'NONE');
#76 = VECTOR ( 'NONE', #486, 1000.000000000000000 ) ;
#77 = CARTESIAN_POINT ( 'NONE',  ( -4.529999999999981597, 3.200000000000021938, -1.119999999999986562 ) ) ;
#78 = SURFACE_SIDE_STYLE ('',( #2786 ) ) ;
#79 = STYLED_ITEM ( 'NONE', ( #2583 ), #2053 ) ;
#80 = UNCERTAINTY_MEASURE_WITH_UNIT (LENGTH_MEASURE( 1.000000000000000082E-05 ), #1534, 'distance_accuracy_value', 'NONE');
#81 = DIRECTION ( 'NONE',  ( 6.062897230110403524E-16, 0.1736481776669301091, 0.9848077530122081313 ) ) ;
#82 = DIRECTION ( 'NONE',  ( 8.906997283086555699E-31, 3.746589754635383017E-15, 1.000000000000000000 ) ) ;
#83 = ORIENTED_EDGE ( 'NONE', *, *, #2125, .T. ) ;
#84 = EDGE_CURVE ( 'NONE', #2344, #363, #2501, .T. ) ;
#85 = AXIS2_PLACEMENT_3D ( 'NONE', #1712, #755, #734 ) ;
#86 = DIRECTION ( 'NONE',  ( -3.372513950554115353E-15, -0.9659258262890696445, -0.2588190451025154104 ) ) ;
#87 = CARTESIAN_POINT ( 'NONE',  ( 0.3936730192915742221, 10.90000000000000213, -0.9436730192915501192 ) ) ;
#88 = EDGE_CURVE ( 'NONE', #1665, #2757, #663, .T. ) ;
#89 = CARTESIAN_POINT ( 'NONE',  ( 4.530000000000039329, 10.89999999999998614, 0.02000000000003995110 ) ) ;
#90 = ORIENTED_EDGE ( 'NONE', *, *, #1974, .F. ) ;
#91 = FILL_AREA_STYLE_COLOUR ( '', #235 ) ;
#92 = VERTEX_POINT ( 'NONE', #2769 ) ;
#93 = LINE ( 'NONE', #2263, #1357 ) ;
#94 = ORIENTED_EDGE ( 'NONE', *, *, #2811, .T. ) ;
#95 = STYLED_ITEM ( 'NONE', ( #1328 ), #714 ) ;
#96 = SURFACE_SIDE_STYLE ('',( #2351 ) ) ;
#97 = SURFACE_STYLE_USAGE ( .BOTH. , #1761 ) ;
#98 = ORIENTED_EDGE ( 'NONE', *, *, #1906, .F. ) ;
#99 = VERTEX_POINT ( 'NONE', #2549 ) ;
#100 = FILL_AREA_STYLE_COLOUR ( '', #2822 ) ;
#101 = PLANE ( 'NONE',  #2474 ) ;
#102 = VECTOR ( 'NONE', #2009, 1000.000000000000227 ) ;
#103 = EDGE_CURVE ( 'NONE', #637, #2082, #2957, .T. ) ;
#104 = ADVANCED_FACE ( 'NONE', ( #2889 ), #2791, .T. ) ;
#105 =( GEOMETRIC_REPRESENTATION_CONTEXT ( 3 ) GLOBAL_UNCERTAINTY_ASSIGNED_CONTEXT ( ( #2490 ) ) GLOBAL_UNIT_ASSIGNED_CONTEXT ( ( #1804, #2054, #2953 ) ) REPRESENTATION_CONTEXT ( 'NONE', 'WORKASPACE' ) );
#106 = FACE_OUTER_BOUND ( 'NONE', #2964, .T. ) ;
#107 = CARTESIAN_POINT ( 'NONE',  ( -4.530000000000012683, -3.699999999999979750, 0.02000000000003995110 ) ) ;
#108 = STYLED_ITEM ( 'NONE', ( #1646 ), #2504 ) ;
#109 = FILL_AREA_STYLE_COLOUR ( '', #2839 ) ;
#110 = CARTESIAN_POINT ( 'NONE',  ( 4.353673019291523616, -3.700000000000014833, -0.9436730192914946080 ) ) ;
#111 = DIRECTION ( 'NONE',  ( -8.906997283086555699E-31, -3.746589754635383017E-15, -1.000000000000000000 ) ) ;
#112 = SURFACE_STYLE_USAGE ( .BOTH. , #1035 ) ;
#113 = EDGE_CURVE ( 'NONE', #2834, #373, #2740, .T. ) ;
#114 = DIRECTION ( 'NONE',  ( 1.000000000000000000, -3.491483361109382461E-15, 1.219045606090366905E-29 ) ) ;
#115 = ADVANCED_FACE ( 'NONE', ( #695 ), #441, .T. ) ;
#116 = CARTESIAN_POINT ( 'NONE',  ( -4.353673019291497859, 10.90000000000001990, 0.01999999999998530731 ) ) ;
#117 = EDGE_CURVE ( 'NONE', #1780, #2082, #1257, .T. ) ;
#118 = EDGE_LOOP ( 'NONE', ( #83, #98, #204, #2074 ) ) ;
#119 = MECHANICAL_DESIGN_GEOMETRIC_PRESENTATION_REPRESENTATION (  '', ( #2418 ), #1801 ) ;
#120 = ORIENTED_EDGE ( 'NONE', *, *, #2843, .T. ) ;
#121 = DIRECTION ( 'NONE',  ( 1.902109074535985337E-16, 3.871905176016575387E-15, 1.000000000000000000 ) ) ;
#122 = CARTESIAN_POINT ( 'NONE',  ( 0.5700000000000258193, 3.200000000000005063, 0.02000000000001404474 ) ) ;
#123 = MECHANICAL_DESIGN_GEOMETRIC_PRESENTATION_REPRESENTATION (  '', ( #1302 ), #1576 ) ;
#124 =( LENGTH_UNIT ( ) NAMED_UNIT ( * ) SI_UNIT ( .MILLI., .METRE. ) );
#125 = ORIENTED_EDGE ( 'NONE', *, *, #2036, .T. ) ;
#126 = PRESENTATION_STYLE_ASSIGNMENT (( #2954 ) ) ;
#127 = DIRECTION ( 'NONE',  ( 0.0000000000000000000, -1.000000000000000000, 3.746589754635383017E-15 ) ) ;
#128 = EDGE_CURVE ( 'NONE', #9, #2012, #2598, .T. ) ;
#129 = ORIENTED_EDGE ( 'NONE', *, *, #2389, .F. ) ;
#130 = ORIENTED_EDGE ( 'NONE', *, *, #2950, .T. ) ;
#131 = LINE ( 'NONE', #2694, #1923 ) ;
#132 = CARTESIAN_POINT ( 'NONE',  ( -4.529999999999988702, 3.200000000000022826, 0.01999999999999967776 ) ) ;
#133 = CLOSED_SHELL ( 'NONE', ( #1916, #22, #2471, #2069, #2882, #1725, #286, #1686, #744, #1303, #2440, #1098, #1068, #833, #1972, #354, #1462, #1290, #1707, #714, #546, #2736, #2621, #312, #2251, #510, #2674, #1000, #2504, #2228, #474, #971, #498, #2026, #2951, #1781, #2863, #1494, #783, #2721, #152, #2848, #1570, #1939, #2038, #590, #2215, #958, #1668, #605, #1797, #104, #1952, #1264, #529, #115, #818, #1514, #2696, #2201, #2304, #2493, #1990, #2922, #1245, #1048, #1226, #2188, #2908, #2053, #2521 ) ) ;
#134 = CARTESIAN_POINT ( 'NONE',  ( -0.5699999999999880718, 10.90000000000000924, 0.01999999999998530731 ) ) ;
#135 = LINE ( 'NONE', #1670, #1174 ) ;
#136 = ORIENTED_EDGE ( 'NONE', *, *, #986, .T. ) ;
#137 = DIRECTION ( 'NONE',  ( 0.0000000000000000000, 3.871905176016576176E-15, 1.000000000000000000 ) ) ;
#138 = ORIENTED_EDGE ( 'NONE', *, *, #1628, .T. ) ;
#139 = VECTOR ( 'NONE', #1247, 1000.000000000000000 ) ;
#140 =( NAMED_UNIT ( * ) SI_UNIT ( $, .STERADIAN. ) SOLID_ANGLE_UNIT ( ) );
#141 = LINE ( 'NONE', #602, #1244 ) ;
#142 = PRESENTATION_STYLE_ASSIGNMENT (( #1486 ) ) ;
#143 = DIRECTION ( 'NONE',  ( 1.000000000000000000, -3.491483361109382461E-15, 1.219045606090366765E-29 ) ) ;
#144 = STYLED_ITEM ( 'NONE', ( #179 ), #1972 ) ;
#145 = PRESENTATION_STYLE_ASSIGNMENT (( #2577 ) ) ;
#146 = DIRECTION ( 'NONE',  ( 1.000000000000000000, -3.337086476537728329E-45, -8.906997283086555699E-31 ) ) ;
#147 = COLOUR_RGB ( '',0.9960784313725490335, 0.8705882352941176627, 0.7607843137254901578 ) ;
#148 = DIRECTION ( 'NONE',  ( 3.491483361109382461E-15, 1.000000000000000000, -3.871905176016576176E-15 ) ) ;
#149 = EDGE_CURVE ( 'NONE', #2726, #478, #2066, .T. ) ;
#150 = COLOUR_RGB ( '',0.9960784313725490335, 0.8705882352941176627, 0.7607843137254901578 ) ;
#151 = AXIS2_PLACEMENT_3D ( 'NONE', #2874, #2450, #28 ) ;
#152 = ADVANCED_FACE ( 'NONE', ( #1457 ), #2415, .F. ) ;
#153 = CARTESIAN_POINT ( 'NONE',  ( 3.390000000000038760, 10.89999999999999503, 0.01999999999998530731 ) ) ;
#154 = DIRECTION ( 'NONE',  ( 0.0000000000000000000, 1.000000000000000000, -2.702972690210833459E-15 ) ) ;
#155 = LINE ( 'NONE', #934, #661 ) ;
#156 = MECHANICAL_DESIGN_GEOMETRIC_PRESENTATION_REPRESENTATION (  '', ( #2747 ), #790 ) ;
#157 = DIRECTION ( 'NONE',  ( -1.219045606090367045E-29, 4.256277450098019044E-44, 1.000000000000000000 ) ) ;
#158 = DIRECTION ( 'NONE',  ( 3.491483361109382461E-15, 1.000000000000000000, 0.0000000000000000000 ) ) ;
#159 = STYLED_ITEM ( 'NONE', ( #2801 ), #1668 ) ;
#160 = ORIENTED_EDGE ( 'NONE', *, *, #1148, .T. ) ;
#161 = COLOUR_RGB ( '',1.000000000000000000, 1.000000000000000000, 1.000000000000000000 ) ;
#162 = PLANE ( 'NONE',  #779 ) ;
#163 = ORIENTED_EDGE ( 'NONE', *, *, #1382, .T. ) ;
#164 = PRESENTATION_STYLE_ASSIGNMENT (( #2488 ) ) ;
#165 = PRESENTATION_LAYER_ASSIGNMENT (  '', '', ( #1602 ) ) ;
#166 = VECTOR ( 'NONE', #2925, 1000.000000000000114 ) ;
#167 = FILL_AREA_STYLE ('',( #1826 ) ) ;
#168 = PLANE ( 'NONE',  #1759 ) ;
#169 = EDGE_LOOP ( 'NONE', ( #863, #753, #1578, #904 ) ) ;
#170 = VECTOR ( 'NONE', #2256, 1000.000000000000000 ) ;
#171 = ORIENTED_EDGE ( 'NONE', *, *, #466, .F. ) ;
#172 = EDGE_CURVE ( 'NONE', #17, #1928, #1569, .T. ) ;
#173 = UNCERTAINTY_MEASURE_WITH_UNIT (LENGTH_MEASURE( 1.000000000000000082E-05 ), #2006, 'distance_accuracy_value', 'NONE');
#174 = SURFACE_SIDE_STYLE ('',( #1837 ) ) ;
#175 = FILL_AREA_STYLE ('',( #1101 ) ) ;
#176 = VECTOR ( 'NONE', #1336, 1000.000000000000000 ) ;
#177 = LINE ( 'NONE', #2141, #2804 ) ;
#178 = FACE_OUTER_BOUND ( 'NONE', #1283, .T. ) ;
#179 = PRESENTATION_STYLE_ASSIGNMENT (( #2322 ) ) ;
#180 = AXIS2_PLACEMENT_3D ( 'NONE', #1469, #2632, #260 ) ;
#181 = DIRECTION ( 'NONE',  ( -1.000000000000000000, 3.491483361109382461E-15, -1.219045606090366905E-29 ) ) ;
#182 = SURFACE_SIDE_STYLE ('',( #2010 ) ) ;
#183 = EDGE_CURVE ( 'NONE', #2344, #411, #2455, .T. ) ;
#184 = PRODUCT_DEFINITION ( 'UNKNOWN', '', #1794, #2751 ) ;
#185 = COLOUR_RGB ( '',1.000000000000000000, 1.000000000000000000, 1.000000000000000000 ) ;
#186 = ORIENTED_EDGE ( 'NONE', *, *, #466, .T. ) ;
#187 = FILL_AREA_STYLE_COLOUR ( '', #2536 ) ;
#188 =( LENGTH_UNIT ( ) NAMED_UNIT ( * ) SI_UNIT ( .MILLI., .METRE. ) );
#189 = AXIS2_PLACEMENT_3D ( 'NONE', #421, #1385, #920 ) ;
#190 = DIRECTION ( 'NONE',  ( -0.1710878697460359310, -0.9702875252478135870, 0.1710878697460364029 ) ) ;
#191 = EDGE_LOOP ( 'NONE', ( #1653, #837, #2715, #2374 ) ) ;
#192 =( NAMED_UNIT ( * ) PLANE_ANGLE_UNIT ( ) SI_UNIT ( $, .RADIAN. ) );
#193 = ORIENTED_EDGE ( 'NONE', *, *, #1083, .F. ) ;
#194 = AXIS2_PLACEMENT_3D ( 'NONE', #2114, #881, #417 ) ;
#195 = LINE ( 'NONE', #2324, #2372 ) ;
#196 = CARTESIAN_POINT ( 'NONE',  ( 4.530000000000039329, 10.89999999999998614, 0.02000000000001393025 ) ) ;
#197 = ORIENTED_EDGE ( 'NONE', *, *, #84, .T. ) ;
#198 = ORIENTED_EDGE ( 'NONE', *, *, #2023, .F. ) ;
#199 = CARTESIAN_POINT ( 'NONE',  ( -3.389999999999988578, 3.200000000000017941, -1.119999999999993445 ) ) ;
#200 = VERTEX_POINT ( 'NONE', #945 ) ;
#201 =( GEOMETRIC_REPRESENTATION_CONTEXT ( 3 ) GLOBAL_UNCERTAINTY_ASSIGNED_CONTEXT ( ( #1605 ) ) GLOBAL_UNIT_ASSIGNED_CONTEXT ( ( #672, #2205, #476 ) ) REPRESENTATION_CONTEXT ( 'NONE', 'WORKASPACE' ) );
#202 = SURFACE_SIDE_STYLE ('',( #289 ) ) ;
#203 = ORIENTED_EDGE ( 'NONE', *, *, #1989, .T. ) ;
#204 = ORIENTED_EDGE ( 'NONE', *, *, #1200, .F. ) ;
#205 =( NAMED_UNIT ( * ) PLANE_ANGLE_UNIT ( ) SI_UNIT ( $, .RADIAN. ) );
#206 = VECTOR ( 'NONE', #1766, 1000.000000000000000 ) ;
#207 = DIRECTION ( 'NONE',  ( -3.491483361109383250E-15, -1.000000000000000000, 0.0000000000000000000 ) ) ;
#208 = LINE ( 'NONE', #1791, #1331 ) ;
#209 = STYLED_ITEM ( 'NONE', ( #1420 ), #546 ) ;
#210 = VECTOR ( 'NONE', #157, 1000.000000000000000 ) ;
#211 = SURFACE_STYLE_USAGE ( .BOTH. , #940 ) ;
#212 = STYLED_ITEM ( 'NONE', ( #236 ), #958 ) ;
#213 = FILL_AREA_STYLE ('',( #1451 ) ) ;
#214 = COLOUR_RGB ( '',0.9960784313725490335, 0.8705882352941176627, 0.7607843137254901578 ) ;
#215 = MECHANICAL_DESIGN_GEOMETRIC_PRESENTATION_REPRESENTATION (  '', ( #1602 ), #2816 ) ;
#216 = FILL_AREA_STYLE_COLOUR ( '', #1909 ) ;
#217 = PLANE ( 'NONE',  #257 ) ;
#218 = LINE ( 'NONE', #680, #1417 ) ;
#219 = PRODUCT_DEFINITION_CONTEXT ( 'detailed design', #33, 'design' ) ;
#220 = FACE_OUTER_BOUND ( 'NONE', #712, .T. ) ;
#221 = FILL_AREA_STYLE_COLOUR ( '', #2979 ) ;
#222 = CARTESIAN_POINT ( 'NONE',  ( 0.5700000000000290390, 9.899999999999982592, -1.120000000000011431 ) ) ;
#223 = AXIS2_PLACEMENT_3D ( 'NONE', #1885, #1839, #207 ) ;
#224 = VERTEX_POINT ( 'NONE', #2847 ) ;
#225 = PRESENTATION_STYLE_ASSIGNMENT (( #991 ) ) ;
#226 = PLANE ( 'NONE',  #2079 ) ;
#227 = ORIENTED_EDGE ( 'NONE', *, *, #1488, .T. ) ;
#228 = CARTESIAN_POINT ( 'NONE',  ( -5.909999999999992149, 3.200000000000017941, -2.549999999999985612 ) ) ;
#229 = VERTEX_POINT ( 'NONE', #2634 ) ;
#230 = ORIENTED_EDGE ( 'NONE', *, *, #117, .T. ) ;
#231 = CARTESIAN_POINT ( 'NONE',  ( -5.909999999999970832, 8.399999999999996803, -2.550000000000029576 ) ) ;
#232 = PRESENTATION_LAYER_ASSIGNMENT (  '', '', ( #2073 ) ) ;
#233 = CARTESIAN_POINT ( 'NONE',  ( -0.5699999999999612044, 10.90000000000000924, 0.01999999999998530731 ) ) ;
#234 = DIRECTION ( 'NONE',  ( -0.9848077530122082424, 0.1736481776669294708, -4.850281015466386808E-16 ) ) ;
#235 = COLOUR_RGB ( '',1.000000000000000000, 1.000000000000000000, 1.000000000000000000 ) ;
#236 = PRESENTATION_STYLE_ASSIGNMENT (( #1523 ) ) ;
#237 = VERTEX_POINT ( 'NONE', #2147 ) ;
#238 = DIRECTION ( 'NONE',  ( -1.000000000000000000, 3.491483361109382461E-15, -1.219045606090366905E-29 ) ) ;
#239 = EDGE_CURVE ( 'NONE', #2162, #224, #1539, .T. ) ;
#240 = VERTEX_POINT ( 'NONE', #977 ) ;
#241 = STYLED_ITEM ( 'NONE', ( #1573 ), #2721 ) ;
#242 = EDGE_CURVE ( 'NONE', #2819, #411, #467, .T. ) ;
#243 = FILL_AREA_STYLE_COLOUR ( '', #214 ) ;
#244 = CARTESIAN_POINT ( 'NONE',  ( -5.909999999999967280, 9.400000000000016342, -3.740896534380899308 ) ) ;
#245 = FILL_AREA_STYLE ('',( #2665 ) ) ;
#246 = MECHANICAL_DESIGN_GEOMETRIC_PRESENTATION_REPRESENTATION (  '', ( #95 ), #343 ) ;
#247 = DIRECTION ( 'NONE',  ( 0.0000000000000000000, -1.000000000000000000, 3.746589754635383017E-15 ) ) ;
#248 = UNCERTAINTY_MEASURE_WITH_UNIT (LENGTH_MEASURE( 1.000000000000000082E-05 ), #1446, 'distance_accuracy_value', 'NONE');
#249 = CARTESIAN_POINT ( 'NONE',  ( -4.530000000000009130, -2.699999999999962874, -1.119999999999962359 ) ) ;
#250 = FACE_OUTER_BOUND ( 'NONE', #2403, .T. ) ;
#251 = MECHANICAL_DESIGN_GEOMETRIC_PRESENTATION_REPRESENTATION (  '', ( #2913 ), #1054 ) ;
#252 = SURFACE_STYLE_USAGE ( .BOTH. , #963 ) ;
#253 = VECTOR ( 'NONE', #697, 1000.000000000000000 ) ;
#254 = CARTESIAN_POINT ( 'NONE',  ( 4.353673019291523616, -3.700000000000011280, 0.02000000000003976722 ) ) ;
#255 = CARTESIAN_POINT ( 'NONE',  ( -0.5699999999999612044, 10.90000000000000391, -1.120000000000014984 ) ) ;
#256 = EDGE_CURVE ( 'NONE', #645, #2274, #1664, .T. ) ;
#257 = AXIS2_PLACEMENT_3D ( 'NONE', #249, #1195, #2151 ) ;
#258 = DIRECTION ( 'NONE',  ( -1.000000000000000000, 3.337086476537728329E-45, 8.906997283086555699E-31 ) ) ;
#259 = ORIENTED_EDGE ( 'NONE', *, *, #883, .T. ) ;
#260 = DIRECTION ( 'NONE',  ( 1.902109074535985337E-16, 3.871905176016575387E-15, 1.000000000000000000 ) ) ;
#261 = SURFACE_STYLE_USAGE ( .BOTH. , #1459 ) ;
#262 = SURFACE_STYLE_USAGE ( .BOTH. , #1695 ) ;
#263 = PRESENTATION_LAYER_ASSIGNMENT (  '', '', ( #2869 ) ) ;
#264 = UNCERTAINTY_MEASURE_WITH_UNIT (LENGTH_MEASURE( 1.000000000000000082E-05 ), #1094, 'distance_accuracy_value', 'NONE');
#265 = SURFACE_STYLE_USAGE ( .BOTH. , #1454 ) ;
#266 = ORIENTED_EDGE ( 'NONE', *, *, #1623, .T. ) ;
#267 = VECTOR ( 'NONE', #146, 1000.000000000000000 ) ;
#268 = DIRECTION ( 'NONE',  ( -3.491483361109383250E-15, -1.000000000000000000, 0.0000000000000000000 ) ) ;
#269 = ORIENTED_EDGE ( 'NONE', *, *, #172, .F. ) ;
#270 = EDGE_CURVE ( 'NONE', #478, #2543, #2108, .T. ) ;
#271 = AXIS2_PLACEMENT_3D ( 'NONE', #64, #72, #1998 ) ;
#272 = LINE ( 'NONE', #1757, #1966 ) ;
#273 =( NAMED_UNIT ( * ) PLANE_ANGLE_UNIT ( ) SI_UNIT ( $, .RADIAN. ) );
#274 = ORIENTED_EDGE ( 'NONE', *, *, #2036, .F. ) ;
#275 =( LENGTH_UNIT ( ) NAMED_UNIT ( * ) SI_UNIT ( .MILLI., .METRE. ) );
#276 = ORIENTED_EDGE ( 'NONE', *, *, #2547, .T. ) ;
#277 = MECHANICAL_DESIGN_GEOMETRIC_PRESENTATION_REPRESENTATION (  '', ( #108 ), #594 ) ;
#278 = DIRECTION ( 'NONE',  ( 1.902109074535985337E-16, 3.871905176016575387E-15, 1.000000000000000000 ) ) ;
#279 = COLOUR_RGB ( '',1.000000000000000000, 1.000000000000000000, 1.000000000000000000 ) ;
#280 = SURFACE_STYLE_USAGE ( .BOTH. , #2871 ) ;
#281 = LINE ( 'NONE', #502, #2728 ) ;
#282 =( NAMED_UNIT ( * ) SI_UNIT ( $, .STERADIAN. ) SOLID_ANGLE_UNIT ( ) );
#283 = EDGE_CURVE ( 'NONE', #1363, #2942, #2810, .T. ) ;
#284 = VECTOR ( 'NONE', #587, 1000.000000000000000 ) ;
#285 = COLOUR_RGB ( '',1.000000000000000000, 1.000000000000000000, 1.000000000000000000 ) ;
#286 = ADVANCED_FACE ( 'NONE', ( #250 ), #1705, .F. ) ;
#287 = PRESENTATION_STYLE_ASSIGNMENT (( #2216 ) ) ;
#288 = FILL_AREA_STYLE_COLOUR ( '', #451 ) ;
#289 = SURFACE_STYLE_FILL_AREA ( #2362 ) ;
#290 = DIRECTION ( 'NONE',  ( 3.372513950554115747E-15, 0.9659258262890679791, -0.2588190451025216277 ) ) ;
#291 =( LENGTH_UNIT ( ) NAMED_UNIT ( * ) SI_UNIT ( .MILLI., .METRE. ) );
#292 = DIRECTION ( 'NONE',  ( -1.902109074535985337E-16, -3.871905176016575387E-15, -1.000000000000000000 ) ) ;
#293 = CARTESIAN_POINT ( 'NONE',  ( 0.5700000000000123856, 3.200000000000004174, -1.119999999999993445 ) ) ;
#294 = MECHANICAL_DESIGN_GEOMETRIC_PRESENTATION_REPRESENTATION (  '', ( #2118 ), #2177 ) ;
#295 = PLANE ( 'NONE',  #482 ) ;
#296 = MECHANICAL_DESIGN_GEOMETRIC_PRESENTATION_REPRESENTATION (  '', ( #241 ), #1364 ) ;
#297 = ORIENTED_EDGE ( 'NONE', *, *, #445, .F. ) ;
#298 = UNCERTAINTY_MEASURE_WITH_UNIT (LENGTH_MEASURE( 1.000000000000000082E-05 ), #3028, 'distance_accuracy_value', 'NONE');
#299 = VECTOR ( 'NONE', #458, 1000.000000000000000 ) ;
#300 = VERTEX_POINT ( 'NONE', #38 ) ;
#301 = DIRECTION ( 'NONE',  ( 3.491483361109382461E-15, 1.000000000000000000, 0.0000000000000000000 ) ) ;
#302 = CARTESIAN_POINT ( 'NONE',  ( 3.389999999999991687, -2.699999999999990408, -1.119999999999964135 ) ) ;
#303 = ORIENTED_EDGE ( 'NONE', *, *, #270, .T. ) ;
#304 = AXIS2_PLACEMENT_3D ( 'NONE', #739, #2202, #1464 ) ;
#305 = SURFACE_SIDE_STYLE ('',( #459 ) ) ;
#306 = DIRECTION ( 'NONE',  ( 1.902109074535985337E-16, 3.871905176016575387E-15, 1.000000000000000000 ) ) ;
#307 = VERTEX_POINT ( 'NONE', #550 ) ;
#308 = ORIENTED_EDGE ( 'NONE', *, *, #564, .F. ) ;
#309 = CARTESIAN_POINT ( 'NONE',  ( -0.5699999999999612044, 10.90000000000000568, -0.9436730192915501192 ) ) ;
#310 = SURFACE_STYLE_FILL_AREA ( #2230 ) ;
#311 = ORIENTED_EDGE ( 'NONE', *, *, #2756, .T. ) ;
#312 = ADVANCED_FACE ( 'NONE', ( #621 ), #2478, .F. ) ;
#313 =( NAMED_UNIT ( * ) SI_UNIT ( $, .STERADIAN. ) SOLID_ANGLE_UNIT ( ) );
#314 = SURFACE_STYLE_USAGE ( .BOTH. , #2677 ) ;
#315 = ORIENTED_EDGE ( 'NONE', *, *, #1368, .T. ) ;
#316 = SURFACE_STYLE_USAGE ( .BOTH. , #78 ) ;
#317 = PRESENTATION_STYLE_ASSIGNMENT (( #252 ) ) ;
#318 = EDGE_CURVE ( 'NONE', #2834, #2442, #2563, .T. ) ;
#319 = LINE ( 'NONE', #914, #1366 ) ;
#320 = PRESENTATION_LAYER_ASSIGNMENT (  '', '', ( #1060 ) ) ;
#321 = FILL_AREA_STYLE ('',( #2918 ) ) ;
#322 = SURFACE_SIDE_STYLE ('',( #688 ) ) ;
#323 = PLANE ( 'NONE',  #959 ) ;
#324 = LINE ( 'NONE', #1258, #1036 ) ;
#325 = EDGE_CURVE ( 'NONE', #1025, #676, #732, .T. ) ;
#326 = CARTESIAN_POINT ( 'NONE',  ( -4.529999999999961169, 10.90000000000001990, -0.1563269807084785856 ) ) ;
#327 = LINE ( 'NONE', #1115, #962 ) ;
#328 =( NAMED_UNIT ( * ) PLANE_ANGLE_UNIT ( ) SI_UNIT ( $, .RADIAN. ) );
#329 =( NAMED_UNIT ( * ) SI_UNIT ( $, .STERADIAN. ) SOLID_ANGLE_UNIT ( ) );
#330 = CARTESIAN_POINT ( 'NONE',  ( -3.566326980708476757, -3.699999999999983746, -0.1563269807084253227 ) ) ;
#331 = STYLED_ITEM ( 'NONE', ( #55 ), #1916 ) ;
#332 = COLOUR_RGB ( '',0.9960784313725490335, 0.8705882352941176627, 0.7607843137254901578 ) ;
#333 = CARTESIAN_POINT ( 'NONE',  ( 3.390000000000038760, 3.199999999999992628, -1.119999999999986340 ) ) ;
#334 = ORIENTED_EDGE ( 'NONE', *, *, #1163, .T. ) ;
#335 = EDGE_CURVE ( 'NONE', #2414, #1812, #327, .T. ) ;
#336 = VECTOR ( 'NONE', #1456, 1000.000000000000000 ) ;
#337 = ORIENTED_EDGE ( 'NONE', *, *, #1600, .F. ) ;
#338 = CARTESIAN_POINT ( 'NONE',  ( 4.353673019291574242, 10.89999999999998792, -0.9436730192915501192 ) ) ;
#339 = FILL_AREA_STYLE_COLOUR ( '', #1284 ) ;
#340 = EDGE_LOOP ( 'NONE', ( #1772, #2341, #2943, #599 ) ) ;
#341 = CARTESIAN_POINT ( 'NONE',  ( -4.530000000000012683, -3.699999999999980638, -0.1563269807084253227 ) ) ;
#342 = VERTEX_POINT ( 'NONE', #644 ) ;
#343 =( GEOMETRIC_REPRESENTATION_CONTEXT ( 3 ) GLOBAL_UNCERTAINTY_ASSIGNED_CONTEXT ( ( #1360 ) ) GLOBAL_UNIT_ASSIGNED_CONTEXT ( ( #30, #2626, #475 ) ) REPRESENTATION_CONTEXT ( 'NONE', 'WORKASPACE' ) );
#344 = SURFACE_SIDE_STYLE ('',( #1585 ) ) ;
#345 = LINE ( 'NONE', #562, #1063 ) ;
#346 = DIRECTION ( 'NONE',  ( 1.902109074535985337E-16, 3.871905176016575387E-15, 1.000000000000000000 ) ) ;
#347 = COLOUR_RGB ( '',0.9960784313725490335, 0.8705882352941176627, 0.7607843137254901578 ) ;
#348 = DIRECTION ( 'NONE',  ( 0.9848077530122092416, 0.1736481776669237809, -6.723492779144095397E-16 ) ) ;
#349 =( NAMED_UNIT ( * ) PLANE_ANGLE_UNIT ( ) SI_UNIT ( $, .RADIAN. ) );
#350 = FACE_OUTER_BOUND ( 'NONE', #2339, .T. ) ;
#351 = PRESENTATION_STYLE_ASSIGNMENT (( #1522 ) ) ;
#352 =( NAMED_UNIT ( * ) SI_UNIT ( $, .STERADIAN. ) SOLID_ANGLE_UNIT ( ) );
#353 = EDGE_CURVE ( 'NONE', #1928, #2347, #386, .T. ) ;
#354 = ADVANCED_FACE ( 'NONE', ( #1117 ), #168, .F. ) ;
#355 = FACE_OUTER_BOUND ( 'NONE', #1968, .T. ) ;
#356 = CARTESIAN_POINT ( 'NONE',  ( -4.530000000000002913, 2.016567746392519792E-14, 0.02000000000002609066 ) ) ;
#357 = SURFACE_SIDE_STYLE ('',( #525 ) ) ;
#358 = CARTESIAN_POINT ( 'NONE',  ( 5.910000000000011688, 3.199999999999977085, 4.250000000000000000 ) ) ;
#359 = PRESENTATION_STYLE_ASSIGNMENT (( #2814 ) ) ;
#360 =( GEOMETRIC_REPRESENTATION_CONTEXT ( 3 ) GLOBAL_UNCERTAINTY_ASSIGNED_CONTEXT ( ( #2398 ) ) GLOBAL_UNIT_ASSIGNED_CONTEXT ( ( #511, #699, #2883 ) ) REPRESENTATION_CONTEXT ( 'NONE', 'WORKASPACE' ) );
#361 = AXIS2_PLACEMENT_3D ( 'NONE', #710, #2381, #1645 ) ;
#362 =( LENGTH_UNIT ( ) NAMED_UNIT ( * ) SI_UNIT ( .MILLI., .METRE. ) );
#363 = VERTEX_POINT ( 'NONE', #2106 ) ;
#364 = DIRECTION ( 'NONE',  ( 0.0000000000000000000, -3.491483361109382461E-15, -1.000000000000000000 ) ) ;
#365 = PRESENTATION_STYLE_ASSIGNMENT (( #2371 ) ) ;
#366 = ORIENTED_EDGE ( 'NONE', *, *, #1798, .F. ) ;
#367 = ORIENTED_EDGE ( 'NONE', *, *, #2246, .T. ) ;
#368 =( LENGTH_UNIT ( ) NAMED_UNIT ( * ) SI_UNIT ( .MILLI., .METRE. ) );
#369 = ORIENTED_EDGE ( 'NONE', *, *, #1200, .T. ) ;
#370 = DIRECTION ( 'NONE',  ( 0.0000000000000000000, 1.000000000000000000, -3.746589754635383017E-15 ) ) ;
#371 = SURFACE_STYLE_FILL_AREA ( #1509 ) ;
#372 = SURFACE_SIDE_STYLE ('',( #1868 ) ) ;
#373 = VERTEX_POINT ( 'NONE', #1125 ) ;
#374 = VECTOR ( 'NONE', #2296, 1000.000000000000000 ) ;
#375 = DIRECTION ( 'NONE',  ( 1.902109074535985337E-16, 3.871905176016575387E-15, 1.000000000000000000 ) ) ;
#376 =( GEOMETRIC_REPRESENTATION_CONTEXT ( 3 ) GLOBAL_UNCERTAINTY_ASSIGNED_CONTEXT ( ( #1526 ) ) GLOBAL_UNIT_ASSIGNED_CONTEXT ( ( #2923, #1023, #313 ) ) REPRESENTATION_CONTEXT ( 'NONE', 'WORKASPACE' ) );
#377 = UNCERTAINTY_MEASURE_WITH_UNIT (LENGTH_MEASURE( 1.000000000000000082E-05 ), #2171, 'distance_accuracy_value', 'NONE');
#378 = CARTESIAN_POINT ( 'NONE',  ( -0.5699999999999992850, 3.570971846673085023E-15, -1.119999999999967466 ) ) ;
#379 = DIRECTION ( 'NONE',  ( 1.000000000000000000, -3.491483361109382461E-15, 1.219045606090366905E-29 ) ) ;
#380 = DIRECTION ( 'NONE',  ( 1.000000000000000000, -3.337086476537728329E-45, -8.906997283086555699E-31 ) ) ;
#381 = EDGE_CURVE ( 'NONE', #1571, #240, #2175, .T. ) ;
#382 = COLOUR_RGB ( '',0.9960784313725490335, 0.8705882352941176627, 0.7607843137254901578 ) ;
#383 = PRESENTATION_LAYER_ASSIGNMENT (  '', '', ( #2057 ) ) ;
#384 = FACE_BOUND ( 'NONE', #2546, .T. ) ;
#385 = UNCERTAINTY_MEASURE_WITH_UNIT (LENGTH_MEASURE( 1.000000000000000082E-05 ), #67, 'distance_accuracy_value', 'NONE');
#386 = LINE ( 'NONE', #2326, #1601 ) ;
#387 = FILL_AREA_STYLE ('',( #658 ) ) ;
#388 = EDGE_CURVE ( 'NONE', #1517, #1095, #655, .T. ) ;
#389 = CARTESIAN_POINT ( 'NONE',  ( 4.529999999999994031, -1.042164855661381566E-14, -1.119999999999974349 ) ) ;
#390 = LINE ( 'NONE', #2524, #1221 ) ;
#391 =( NAMED_UNIT ( * ) PLANE_ANGLE_UNIT ( ) SI_UNIT ( $, .RADIAN. ) );
#392 =( NAMED_UNIT ( * ) SI_UNIT ( $, .STERADIAN. ) SOLID_ANGLE_UNIT ( ) );
#393 = VECTOR ( 'NONE', #432, 1000.000000000000000 ) ;
#394 =( GEOMETRIC_REPRESENTATION_CONTEXT ( 3 ) GLOBAL_UNCERTAINTY_ASSIGNED_CONTEXT ( ( #2467 ) ) GLOBAL_UNIT_ASSIGNED_CONTEXT ( ( #2200, #735, #1758 ) ) REPRESENTATION_CONTEXT ( 'NONE', 'WORKASPACE' ) );
#395 = CARTESIAN_POINT ( 'NONE',  ( 4.325465289319278206, 11.05997398616456273, -0.9154652893192543051 ) ) ;
#396 = DIRECTION ( 'NONE',  ( 0.0000000000000000000, -1.000000000000000000, 3.746589754635383017E-15 ) ) ;
#397 = VECTOR ( 'NONE', #1153, 1000.000000000000000 ) ;
#398 = AXIS2_PLACEMENT_3D ( 'NONE', #1563, #1104, #2280 ) ;
#399 =( NAMED_UNIT ( * ) PLANE_ANGLE_UNIT ( ) SI_UNIT ( $, .RADIAN. ) );
#400 = ORIENTED_EDGE ( 'NONE', *, *, #2334, .F. ) ;
#401 = FILL_AREA_STYLE ('',( #187 ) ) ;
#402 = ORIENTED_EDGE ( 'NONE', *, *, #1674, .F. ) ;
#403 = SURFACE_SIDE_STYLE ('',( #1130 ) ) ;
#404 = EDGE_CURVE ( 'NONE', #2942, #1561, #462, .T. ) ;
#405 =( GEOMETRIC_REPRESENTATION_CONTEXT ( 3 ) GLOBAL_UNCERTAINTY_ASSIGNED_CONTEXT ( ( #3002 ) ) GLOBAL_UNIT_ASSIGNED_CONTEXT ( ( #2224, #542, #1012 ) ) REPRESENTATION_CONTEXT ( 'NONE', 'WORKASPACE' ) );
#406 = VECTOR ( 'NONE', #2781, 1000.000000000000000 ) ;
#407 = ORIENTED_EDGE ( 'NONE', *, *, #1562, .F. ) ;
#408 = ORIENTED_EDGE ( 'NONE', *, *, #2858, .T. ) ;
#409 = DIRECTION ( 'NONE',  ( 0.0000000000000000000, 1.000000000000000000, -3.746589754635383017E-15 ) ) ;
#410 = CARTESIAN_POINT ( 'NONE',  ( 5.910000000000009024, 3.199999999999988631, 4.249999999999989342 ) ) ;
#411 = VERTEX_POINT ( 'NONE', #2077 ) ;
#412 = VERTEX_POINT ( 'NONE', #2997 ) ;
#413 = PRESENTATION_LAYER_ASSIGNMENT (  '', '', ( #2064 ) ) ;
#414 = DIRECTION ( 'NONE',  ( 0.0000000000000000000, 3.871905176016576176E-15, 1.000000000000000000 ) ) ;
#415 = CARTESIAN_POINT ( 'NONE',  ( 3.566326980708503847, 10.89999999999999503, 0.01999999999998530384 ) ) ;
#416 = VECTOR ( 'NONE', #2244, 1000.000000000000000 ) ;
#417 = DIRECTION ( 'NONE',  ( -3.491483361109382461E-15, -1.000000000000000000, 0.0000000000000000000 ) ) ;
#418 =( LENGTH_UNIT ( ) NAMED_UNIT ( * ) SI_UNIT ( .MILLI., .METRE. ) );
#419 = VECTOR ( 'NONE', #2773, 1000.000000000000114 ) ;
#420 = MECHANICAL_DESIGN_GEOMETRIC_PRESENTATION_REPRESENTATION (  '', ( #647 ), #360 ) ;
#421 = CARTESIAN_POINT ( 'NONE',  ( -4.529999999999961169, 10.90000000000001990, 0.01999999999998530731 ) ) ;
#422 =( NAMED_UNIT ( * ) PLANE_ANGLE_UNIT ( ) SI_UNIT ( $, .RADIAN. ) );
#423 = UNCERTAINTY_MEASURE_WITH_UNIT (LENGTH_MEASURE( 1.000000000000000082E-05 ), #2144, 'distance_accuracy_value', 'NONE');
#424 = DIRECTION ( 'NONE',  ( -0.1710878697460352094, -0.9702875252478139201, 0.1710878697460354314 ) ) ;
#425 = DIRECTION ( 'NONE',  ( 0.0000000000000000000, -1.000000000000000000, 3.746589754635383017E-15 ) ) ;
#426 = CARTESIAN_POINT ( 'NONE',  ( 4.660000000000011688, 3.199999999999984190, -2.549999999999989608 ) ) ;
#427 = EDGE_CURVE ( 'NONE', #637, #373, #1182, .T. ) ;
#428 = PRODUCT_RELATED_PRODUCT_CATEGORY ( 'part', '', ( #460 ) ) ;
#429 = DIRECTION ( 'NONE',  ( -1.000000000000000000, 3.491483361109383250E-15, 1.902109074535850245E-16 ) ) ;
#430 = SURFACE_STYLE_USAGE ( .BOTH. , #1082 ) ;
#431 = LINE ( 'NONE', #477, #2295 ) ;
#432 = DIRECTION ( 'NONE',  ( 0.0000000000000000000, -1.000000000000000000, 3.491483361109382461E-15 ) ) ;
#433 = FACE_OUTER_BOUND ( 'NONE', #1851, .T. ) ;
#434 = DIRECTION ( 'NONE',  ( 1.000000000000000000, -3.491483361109382461E-15, 1.219045606090366765E-29 ) ) ;
#435 = ORIENTED_EDGE ( 'NONE', *, *, #2392, .F. ) ;
#436 = LINE ( 'NONE', #2214, #1806 ) ;
#437 = ORIENTED_EDGE ( 'NONE', *, *, #2526, .T. ) ;
#438 = FACE_OUTER_BOUND ( 'NONE', #2008, .T. ) ;
#439 = FILL_AREA_STYLE_COLOUR ( '', #1671 ) ;
#440 = AXIS2_PLACEMENT_3D ( 'NONE', #1540, #348, #2290 ) ;
#441 = PLANE ( 'NONE',  #2266 ) ;
#442 = EDGE_LOOP ( 'NONE', ( #2336, #2270, #1548, #315 ) ) ;
#443 = CARTESIAN_POINT ( 'NONE',  ( 5.910000000000000142, 0.0000000000000000000, 4.250000000000000000 ) ) ;
#444 = CARTESIAN_POINT ( 'NONE',  ( 4.530000000000035776, 9.899999999999971934, 0.01999999999999633668 ) ) ;
#445 = EDGE_CURVE ( 'NONE', #2195, #2267, #2919, .T. ) ;
#446 = ORIENTED_EDGE ( 'NONE', *, *, #2085, .T. ) ;
#447 = FACE_OUTER_BOUND ( 'NONE', #1404, .T. ) ;
#448 = LINE ( 'NONE', #2888, #2725 ) ;
#449 = VERTEX_POINT ( 'NONE', #426 ) ;
#450 = EDGE_LOOP ( 'NONE', ( #2906, #303, #571, #297 ) ) ;
#451 = COLOUR_RGB ( '',1.000000000000000000, 1.000000000000000000, 1.000000000000000000 ) ;
#452 = CARTESIAN_POINT ( 'NONE',  ( 3.390000000000038760, 10.89999999999999147, -0.9436730192915501192 ) ) ;
#453 = CARTESIAN_POINT ( 'NONE',  ( 0.5700000000000011724, 8.775142274603507095E-15, 0.02000000000002957745 ) ) ;
#454 = LINE ( 'NONE', #358, #954 ) ;
#455 = STYLED_ITEM ( 'NONE', ( #317 ), #590 ) ;
#456 = SURFACE_STYLE_FILL_AREA ( #167 ) ;
#457 = FILL_AREA_STYLE ('',( #2182 ) ) ;
#458 = DIRECTION ( 'NONE',  ( 1.902109074535985337E-16, 3.871905176016575387E-15, 1.000000000000000000 ) ) ;
#459 = SURFACE_STYLE_FILL_AREA ( #321 ) ;
#460 = PRODUCT ( 'B3P-VH(LF)(SN)', 'B3P-VH(LF)(SN)', '', ( #1986 ) ) ;
#461 = PRESENTATION_LAYER_ASSIGNMENT (  '', '', ( #159 ) ) ;
#462 = LINE ( 'NONE', #1361, #2980 ) ;
#463 = FACE_OUTER_BOUND ( 'NONE', #169, .T. ) ;
#464 = DIRECTION ( 'NONE',  ( -0.9848077530122082424, 0.1736481776669299704, -6.723492779144309376E-16 ) ) ;
#465 = SURFACE_SIDE_STYLE ('',( #617 ) ) ;
#466 = EDGE_CURVE ( 'NONE', #2157, #2129, #1903, .T. ) ;
#467 = LINE ( 'NONE', #2836, #1074 ) ;
#468 =( GEOMETRIC_REPRESENTATION_CONTEXT ( 3 ) GLOBAL_UNCERTAINTY_ASSIGNED_CONTEXT ( ( #2605 ) ) GLOBAL_UNIT_ASSIGNED_CONTEXT ( ( #585, #2294, #850 ) ) REPRESENTATION_CONTEXT ( 'NONE', 'WORKASPACE' ) );
#469 = PLANE ( 'NONE',  #2423 ) ;
#470 = UNCERTAINTY_MEASURE_WITH_UNIT (LENGTH_MEASURE( 1.000000000000000082E-05 ), #2095, 'distance_accuracy_value', 'NONE');
#471 = CARTESIAN_POINT ( 'NONE',  ( -4.530000000000012683, -3.699999999999983746, -0.9436730192914946080 ) ) ;
#472 = SURFACE_STYLE_USAGE ( .BOTH. , #2165 ) ;
#473 = EDGE_CURVE ( 'NONE', #1887, #567, #2701, .T. ) ;
#474 = ADVANCED_FACE ( 'NONE', ( #178 ), #915, .F. ) ;
#475 =( NAMED_UNIT ( * ) SI_UNIT ( $, .STERADIAN. ) SOLID_ANGLE_UNIT ( ) );
#476 =( NAMED_UNIT ( * ) SI_UNIT ( $, .STERADIAN. ) SOLID_ANGLE_UNIT ( ) );
#477 = CARTESIAN_POINT ( 'NONE',  ( 3.561165703222171963, 10.87072894082575480, -0.9488342967778817805 ) ) ;
#478 = VERTEX_POINT ( 'NONE', #1836 ) ;
#479 = DIRECTION ( 'NONE',  ( 2.468851561040442048E-15, 0.7071067811865495711, 0.7071067811865454633 ) ) ;
#480 = CARTESIAN_POINT ( 'NONE',  ( -4.529999999999964722, 9.899999999999998579, -1.120000000000004103 ) ) ;
#481 = LINE ( 'NONE', #685, #336 ) ;
#482 = AXIS2_PLACEMENT_3D ( 'NONE', #1749, #2468, #1282 ) ;
#483 = ORIENTED_EDGE ( 'NONE', *, *, #1736, .F. ) ;
#484 = LINE ( 'NONE', #1320, #2432 ) ;
#485 = ORIENTED_EDGE ( 'NONE', *, *, #2404, .T. ) ;
#486 = DIRECTION ( 'NONE',  ( -1.000000000000000000, 3.491483361109382461E-15, -1.219045606090366905E-29 ) ) ;
#487 = MECHANICAL_DESIGN_GEOMETRIC_PRESENTATION_REPRESENTATION (  '', ( #331 ), #376 ) ;
#488 = UNCERTAINTY_MEASURE_WITH_UNIT (LENGTH_MEASURE( 1.000000000000000082E-05 ), #1227, 'distance_accuracy_value', 'NONE');
#489 = DIRECTION ( 'NONE',  ( 0.0000000000000000000, -1.000000000000000000, 3.746589754635383017E-15 ) ) ;
#490 = ORIENTED_EDGE ( 'NONE', *, *, #2422, .T. ) ;
#491 = VERTEX_POINT ( 'NONE', #2124 ) ;
#492 =( LENGTH_UNIT ( ) NAMED_UNIT ( * ) SI_UNIT ( .MILLI., .METRE. ) );
#493 = EDGE_CURVE ( 'NONE', #2714, #3031, #1865, .T. ) ;
#494 = ORIENTED_EDGE ( 'NONE', *, *, #1083, .T. ) ;
#495 = CARTESIAN_POINT ( 'NONE',  ( 0.3936730192915229298, -3.699999999999997513, -0.1563269807084253227 ) ) ;
#496 = LINE ( 'NONE', #1782, #2945 ) ;
#497 = ORIENTED_EDGE ( 'NONE', *, *, #1876, .T. ) ;
#498 = ADVANCED_FACE ( 'NONE', ( #1218 ), #3012, .T. ) ;
#499 = SURFACE_STYLE_FILL_AREA ( #2969 ) ;
#500 = FACE_OUTER_BOUND ( 'NONE', #640, .T. ) ;
#501 = VECTOR ( 'NONE', #3019, 1000.000000000000000 ) ;
#502 = CARTESIAN_POINT ( 'NONE',  ( -5.909999999999989484, 3.200000000000018385, -2.549999999999986944 ) ) ;
#503 = AXIS2_PLACEMENT_3D ( 'NONE', #1565, #2734, #127 ) ;
#504 = CARTESIAN_POINT ( 'NONE',  ( -4.353673019291497859, 10.90000000000001634, -0.9436730192915514515 ) ) ;
#505 = DIRECTION ( 'NONE',  ( 3.491483361109382461E-15, 1.000000000000000000, 0.0000000000000000000 ) ) ;
#506 = SURFACE_SIDE_STYLE ('',( #1704 ) ) ;
#507 = MECHANICAL_DESIGN_GEOMETRIC_PRESENTATION_REPRESENTATION (  '', ( #2768 ), #37 ) ;
#508 = CARTESIAN_POINT ( 'NONE',  ( -4.529999999999988702, 9.900000000000002132, 0.01999999999998905431 ) ) ;
#509 = DIRECTION ( 'NONE',  ( 1.000000000000000000, -3.491483361109382461E-15, 1.219045606090367045E-29 ) ) ;
#510 = ADVANCED_FACE ( 'NONE', ( #775 ), #2375, .F. ) ;
#511 =( LENGTH_UNIT ( ) NAMED_UNIT ( * ) SI_UNIT ( .MILLI., .METRE. ) );
#512 = CARTESIAN_POINT ( 'NONE',  ( -3.566326980708424355, 10.90000000000001812, -0.1563269807084784746 ) ) ;
#513 = EDGE_CURVE ( 'NONE', #1975, #796, #2060, .T. ) ;
#514 = PRESENTATION_LAYER_ASSIGNMENT (  '', '', ( #2037 ) ) ;
#515 = VECTOR ( 'NONE', #2117, 1000.000000000000000 ) ;
#516 =( NAMED_UNIT ( * ) SI_UNIT ( $, .STERADIAN. ) SOLID_ANGLE_UNIT ( ) );
#517 = CARTESIAN_POINT ( 'NONE',  ( -3.561165703222145318, -3.670728940825747966, -0.1511657032220937447 ) ) ;
#518 = ORIENTED_EDGE ( 'NONE', *, *, #1582, .T. ) ;
#519 = DIRECTION ( 'NONE',  ( 3.491483361109383250E-15, 1.000000000000000000, -0.0000000000000000000 ) ) ;
#520 = COLOUR_RGB ( '',0.9960784313725490335, 0.8705882352941176627, 0.7607843137254901578 ) ;
#521 = MECHANICAL_DESIGN_GEOMETRIC_PRESENTATION_REPRESENTATION (  '', ( #724 ), #891 ) ;
#522 = CARTESIAN_POINT ( 'NONE',  ( 3.566326980708503847, 10.89999999999998970, -0.9436730192915501192 ) ) ;
#523 =( NAMED_UNIT ( * ) PLANE_ANGLE_UNIT ( ) SI_UNIT ( $, .RADIAN. ) );
#524 = ORIENTED_EDGE ( 'NONE', *, *, #1808, .F. ) ;
#525 = SURFACE_STYLE_FILL_AREA ( #620 ) ;
#526 = SURFACE_STYLE_USAGE ( .BOTH. , #2658 ) ;
#527 =( NAMED_UNIT ( * ) PLANE_ANGLE_UNIT ( ) SI_UNIT ( $, .RADIAN. ) );
#528 = ORIENTED_EDGE ( 'NONE', *, *, #2852, .T. ) ;
#529 = ADVANCED_FACE ( 'NONE', ( #2174 ), #3034, .T. ) ;
#530 = STYLED_ITEM ( 'NONE', ( #2210 ), #1264 ) ;
#531 = ORIENTED_EDGE ( 'NONE', *, *, #1848, .F. ) ;
#532 = VECTOR ( 'NONE', #840, 1000.000000000000227 ) ;
#533 = FACE_OUTER_BOUND ( 'NONE', #2780, .T. ) ;
#534 = MECHANICAL_DESIGN_GEOMETRIC_PRESENTATION_REPRESENTATION (  '', ( #629 ), #2158 ) ;
#535 =( NAMED_UNIT ( * ) PLANE_ANGLE_UNIT ( ) SI_UNIT ( $, .RADIAN. ) );
#536 = ORIENTED_EDGE ( 'NONE', *, *, #3040, .T. ) ;
#537 = VECTOR ( 'NONE', #2642, 1000.000000000000000 ) ;
#538 = CARTESIAN_POINT ( 'NONE',  ( 4.530000000000039329, 10.89999999999998614, -1.120000000000014984 ) ) ;
#539 = COLOUR_RGB ( '',0.9960784313725490335, 0.8705882352941176627, 0.7607843137254901578 ) ;
#540 = VECTOR ( 'NONE', #1689, 1000.000000000000000 ) ;
#541 =( LENGTH_UNIT ( ) NAMED_UNIT ( * ) SI_UNIT ( .MILLI., .METRE. ) );
#542 =( NAMED_UNIT ( * ) PLANE_ANGLE_UNIT ( ) SI_UNIT ( $, .RADIAN. ) );
#543 = MECHANICAL_DESIGN_GEOMETRIC_PRESENTATION_REPRESENTATION (  '', ( #2064 ), #2669 ) ;
#544 = VECTOR ( 'NONE', #666, 1000.000000000000000 ) ;
#545 = LINE ( 'NONE', #1824, #2596 ) ;
#546 = ADVANCED_FACE ( 'NONE', ( #220 ), #893, .F. ) ;
#547 = DIRECTION ( 'NONE',  ( 0.0000000000000000000, -1.000000000000000000, 3.631380415623640474E-15 ) ) ;
#548 = DIRECTION ( 'NONE',  ( 1.000000000000000000, -3.491483361109382461E-15, 1.219045606090367045E-29 ) ) ;
#549 = PLANE ( 'NONE',  #41 ) ;
#550 = CARTESIAN_POINT ( 'NONE',  ( -4.529999999999999361, 1.743588123003221492E-14, -1.119999999999967466 ) ) ;
#551 = DIRECTION ( 'NONE',  ( 6.062897230110411413E-16, 0.1736481776669234478, -0.9848077530122093526 ) ) ;
#552 =( NAMED_UNIT ( * ) PLANE_ANGLE_UNIT ( ) SI_UNIT ( $, .RADIAN. ) );
#553 = DIRECTION ( 'NONE',  ( -0.1710878697460344322, -0.9702875252478153634, -0.1710878697460284648 ) ) ;
#554 = PRESENTATION_LAYER_ASSIGNMENT (  '', '', ( #1302 ) ) ;
#555 = SURFACE_STYLE_FILL_AREA ( #2607 ) ;
#556 = DIRECTION ( 'NONE',  ( -1.000000000000000000, 3.491483361109382461E-15, -1.219045606090366905E-29 ) ) ;
#557 = FILL_AREA_STYLE ('',( #750 ) ) ;
#558 = SURFACE_SIDE_STYLE ('',( #310 ) ) ;
#559 = EDGE_CURVE ( 'NONE', #1783, #1051, #700, .T. ) ;
#560 = AXIS2_PLACEMENT_3D ( 'NONE', #1406, #2323, #414 ) ;
#561 = SURFACE_STYLE_FILL_AREA ( #627 ) ;
#562 = CARTESIAN_POINT ( 'NONE',  ( -4.529999999999999361, 1.734723475976807094E-14, -1.120000000000014984 ) ) ;
#563 = LINE ( 'NONE', #2828, #8 ) ;
#564 = EDGE_CURVE ( 'NONE', #99, #92, #2532, .T. ) ;
#565 = EDGE_LOOP ( 'NONE', ( #536, #835, #780, #2428 ) ) ;
#566 = SURFACE_STYLE_USAGE ( .BOTH. , #322 ) ;
#567 = VERTEX_POINT ( 'NONE', #2 ) ;
#568 =( NAMED_UNIT ( * ) PLANE_ANGLE_UNIT ( ) SI_UNIT ( $, .RADIAN. ) );
#569 = ORIENTED_EDGE ( 'NONE', *, *, #2125, .F. ) ;
#570 = LINE ( 'NONE', #1777, #871 ) ;
#571 = ORIENTED_EDGE ( 'NONE', *, *, #60, .F. ) ;
#572 = DIRECTION ( 'NONE',  ( 0.0000000000000000000, 3.871905176016576176E-15, 1.000000000000000000 ) ) ;
#573 = VERTEX_POINT ( 'NONE', #657 ) ;
#574 = CARTESIAN_POINT ( 'NONE',  ( -0.3936730192915465776, -3.699999999999994849, -0.1563269807084253227 ) ) ;
#575 = ORIENTED_EDGE ( 'NONE', *, *, #388, .F. ) ;
#576 = CARTESIAN_POINT ( 'NONE',  ( -4.358834296777829742, 10.87072894082578145, -0.9488342967778828907 ) ) ;
#577 = ORIENTED_EDGE ( 'NONE', *, *, #1105, .T. ) ;
#578 = LINE ( 'NONE', #1596, #1144 ) ;
#579 = PLANE ( 'NONE',  #398 ) ;
#580 =( GEOMETRIC_REPRESENTATION_CONTEXT ( 3 ) GLOBAL_UNCERTAINTY_ASSIGNED_CONTEXT ( ( #857 ) ) GLOBAL_UNIT_ASSIGNED_CONTEXT ( ( #188, #889, #392 ) ) REPRESENTATION_CONTEXT ( 'NONE', 'WORKASPACE' ) );
#581 = CARTESIAN_POINT ( 'NONE',  ( -5.909999999999976161, 7.200000000000012612, -4.250000000000023093 ) ) ;
#582 = FACE_OUTER_BOUND ( 'NONE', #1387, .T. ) ;
#583 = PLANE ( 'NONE',  #2603 ) ;
#584 = SURFACE_STYLE_FILL_AREA ( #2116 ) ;
#585 =( LENGTH_UNIT ( ) NAMED_UNIT ( * ) SI_UNIT ( .MILLI., .METRE. ) );
#586 = AXIS2_PLACEMENT_3D ( 'NONE', #1444, #2401, #2178 ) ;
#587 = DIRECTION ( 'NONE',  ( -3.491483361109383250E-15, -1.000000000000000000, 0.0000000000000000000 ) ) ;
#588 = COLOUR_RGB ( '',1.000000000000000000, 1.000000000000000000, 1.000000000000000000 ) ;
#589 = PRESENTATION_LAYER_ASSIGNMENT (  '', '', ( #1155 ) ) ;
#590 = ADVANCED_FACE ( 'NONE', ( #2444 ), #705, .F. ) ;
#591 = FILL_AREA_STYLE_COLOUR ( '', #1816 ) ;
#592 =( NAMED_UNIT ( * ) PLANE_ANGLE_UNIT ( ) SI_UNIT ( $, .RADIAN. ) );
#593 = COLOUR_RGB ( '',0.9960784313725490335, 0.8705882352941176627, 0.7607843137254901578 ) ;
#594 =( GEOMETRIC_REPRESENTATION_CONTEXT ( 3 ) GLOBAL_UNCERTAINTY_ASSIGNED_CONTEXT ( ( #1376 ) ) GLOBAL_UNIT_ASSIGNED_CONTEXT ( ( #961, #1448, #1915 ) ) REPRESENTATION_CONTEXT ( 'NONE', 'WORKASPACE' ) );
#595 = ORIENTED_EDGE ( 'NONE', *, *, #40, .F. ) ;
#596 = VECTOR ( 'NONE', #53, 1000.000000000000000 ) ;
#597 = ORIENTED_EDGE ( 'NONE', *, *, #3023, .F. ) ;
#598 = CARTESIAN_POINT ( 'NONE',  ( 4.496630992541363447, -2.889245045338803219, -1.086630992541335328 ) ) ;
#599 = ORIENTED_EDGE ( 'NONE', *, *, #1338, .F. ) ;
#600 = PLANE ( 'NONE',  #1768 ) ;
#601 = COLOUR_RGB ( '',0.9960784313725490335, 0.8705882352941176627, 0.7607843137254901578 ) ;
#602 = CARTESIAN_POINT ( 'NONE',  ( -0.5699999999999880718, 3.200000000000009948, -1.120000000000014984 ) ) ;
#603 = SURFACE_SIDE_STYLE ('',( #1037 ) ) ;
#604 = EDGE_LOOP ( 'NONE', ( #1102, #741, #1312, #1391 ) ) ;
#605 = ADVANCED_FACE ( 'NONE', ( #3043 ), #1212, .T. ) ;
#606 = SURFACE_STYLE_FILL_AREA ( #1235 ) ;
#607 = ORIENTED_EDGE ( 'NONE', *, *, #1382, .F. ) ;
#608 = FILL_AREA_STYLE_COLOUR ( '', #656 ) ;
#609 = ORIENTED_EDGE ( 'NONE', *, *, #2078, .F. ) ;
#610 = SURFACE_SIDE_STYLE ('',( #1902 ) ) ;
#611 = STYLED_ITEM ( 'NONE', ( #2084 ), #2188 ) ;
#612 = DIRECTION ( 'NONE',  ( 1.000000000000000000, -3.491483361109382461E-15, 1.219045606090366905E-29 ) ) ;
#613 = LINE ( 'NONE', #2499, #284 ) ;
#614 = CARTESIAN_POINT ( 'NONE',  ( 0.5699999999999917355, -2.699999999999980194, -1.119999999999962359 ) ) ;
#615 = EDGE_CURVE ( 'NONE', #2509, #2274, #1525, .T. ) ;
#616 = MECHANICAL_DESIGN_GEOMETRIC_PRESENTATION_REPRESENTATION (  '', ( #1553 ), #1253 ) ;
#617 = SURFACE_STYLE_FILL_AREA ( #2870 ) ;
#618 = CARTESIAN_POINT ( 'NONE',  ( 4.529999999999991367, -2.699999999999992184, -1.119999999999974349 ) ) ;
#619 = UNCERTAINTY_MEASURE_WITH_UNIT (LENGTH_MEASURE( 1.000000000000000082E-05 ), #2700, 'distance_accuracy_value', 'NONE');
#620 = FILL_AREA_STYLE ('',( #2075 ) ) ;
#621 = FACE_OUTER_BOUND ( 'NONE', #758, .T. ) ;
#622 = FACE_OUTER_BOUND ( 'NONE', #2644, .T. ) ;
#623 = UNCERTAINTY_MEASURE_WITH_UNIT (LENGTH_MEASURE( 1.000000000000000082E-05 ), #1246, 'distance_accuracy_value', 'NONE');
#624 = PRESENTATION_STYLE_ASSIGNMENT (( #526 ) ) ;
#625 = STYLED_ITEM ( 'NONE', ( #1099 ), #1707 ) ;
#626 = DIRECTION ( 'NONE',  ( -1.000000000000000000, 3.491483361109382461E-15, -1.219045606090366905E-29 ) ) ;
#627 = FILL_AREA_STYLE ('',( #878 ) ) ;
#628 = SURFACE_STYLE_USAGE ( .BOTH. , #403 ) ;
#629 = STYLED_ITEM ( 'NONE', ( #2306 ), #2493 ) ;
#630 = LINE ( 'NONE', #1207, #2820 ) ;
#631 = PLANE ( 'NONE',  #194 ) ;
#632 = ORIENTED_EDGE ( 'NONE', *, *, #1086, .T. ) ;
#633 = PRESENTATION_STYLE_ASSIGNMENT (( #628 ) ) ;
#634 = ORIENTED_EDGE ( 'NONE', *, *, #711, .T. ) ;
#635 = LINE ( 'NONE', #2516, #267 ) ;
#636 = CARTESIAN_POINT ( 'NONE',  ( -0.5700000000000124967, -3.699999999999997513, -0.9436730192914946080 ) ) ;
#637 = VERTEX_POINT ( 'NONE', #2254 ) ;
#638 = STYLED_ITEM ( 'NONE', ( #1261 ), #22 ) ;
#639 =( LENGTH_UNIT ( ) NAMED_UNIT ( * ) SI_UNIT ( .MILLI., .METRE. ) );
#640 = EDGE_LOOP ( 'NONE', ( #2618, #1440, #337, #2833 ) ) ;
#641 = LINE ( 'NONE', #1017, #2688 ) ;
#642 = ORIENTED_EDGE ( 'NONE', *, *, #615, .T. ) ;
#643 = FILL_AREA_STYLE ('',( #2985 ) ) ;
#644 = CARTESIAN_POINT ( 'NONE',  ( 4.660000000000025011, 0.2999999999999722888, -3.750000000000000888 ) ) ;
#645 = VERTEX_POINT ( 'NONE', #2424 ) ;
#646 = ORIENTED_EDGE ( 'NONE', *, *, #1304, .T. ) ;
#647 = STYLED_ITEM ( 'NONE', ( #2845 ), #1226 ) ;
#648 = LINE ( 'NONE', #1015, #102 ) ;
#649 = LINE ( 'NONE', #664, #767 ) ;
#650 = LINE ( 'NONE', #1864, #501 ) ;
#651 = AXIS2_PLACEMENT_3D ( 'NONE', #1501, #1953, #1223 ) ;
#652 = COLOUR_RGB ( '',1.000000000000000000, 1.000000000000000000, 1.000000000000000000 ) ;
#653 = DIRECTION ( 'NONE',  ( 0.0000000000000000000, -1.000000000000000000, 3.746589754635383017E-15 ) ) ;
#654 = EDGE_CURVE ( 'NONE', #760, #1025, #806, .T. ) ;
#655 = LINE ( 'NONE', #1136, #887 ) ;
#656 = COLOUR_RGB ( '',0.9960784313725490335, 0.8705882352941176627, 0.7607843137254901578 ) ;
#657 = CARTESIAN_POINT ( 'NONE',  ( 4.660000000000029452, 7.199999999999975309, -4.250000000000025757 ) ) ;
#658 = FILL_AREA_STYLE_COLOUR ( '', #1907 ) ;
#659 =( NAMED_UNIT ( * ) PLANE_ANGLE_UNIT ( ) SI_UNIT ( $, .RADIAN. ) );
#660 = PLANE ( 'NONE',  #2704 ) ;
#661 = VECTOR ( 'NONE', #1206, 1000.000000000000000 ) ;
#662 = AXIS2_PLACEMENT_3D ( 'NONE', #2929, #2887, #547 ) ;
#663 = LINE ( 'NONE', #2327, #515 ) ;
#664 = CARTESIAN_POINT ( 'NONE',  ( -3.423369007458636926, -2.889245045338777018, -1.086630992541335106 ) ) ;
#665 = PRESENTATION_STYLE_ASSIGNMENT (( #1421 ) ) ;
#666 = DIRECTION ( 'NONE',  ( -1.000000000000000000, 3.491483361109382461E-15, -1.219045606090366905E-29 ) ) ;
#667 = MECHANICAL_DESIGN_GEOMETRIC_PRESENTATION_REPRESENTATION (  '', ( #2853 ), #1500 ) ;
#668 = ORIENTED_EDGE ( 'NONE', *, *, #1423, .T. ) ;
#669 = COLOUR_RGB ( '',0.9960784313725490335, 0.8705882352941176627, 0.7607843137254901578 ) ;
#670 =( LENGTH_UNIT ( ) NAMED_UNIT ( * ) SI_UNIT ( .MILLI., .METRE. ) );
#671 = EDGE_LOOP ( 'NONE', ( #1965, #985, #2745, #2875 ) ) ;
#672 =( LENGTH_UNIT ( ) NAMED_UNIT ( * ) SI_UNIT ( .MILLI., .METRE. ) );
#673 =( GEOMETRIC_REPRESENTATION_CONTEXT ( 3 ) GLOBAL_UNCERTAINTY_ASSIGNED_CONTEXT ( ( #1560 ) ) GLOBAL_UNIT_ASSIGNED_CONTEXT ( ( #1355, #659, #2581 ) ) REPRESENTATION_CONTEXT ( 'NONE', 'WORKASPACE' ) );
#674 = LINE ( 'NONE', #1572, #2578 ) ;
#675 = FILL_AREA_STYLE_COLOUR ( '', #1252 ) ;
#676 = VERTEX_POINT ( 'NONE', #508 ) ;
#677 = VECTOR ( 'NONE', #1341, 1000.000000000000000 ) ;
#678 = ORIENTED_EDGE ( 'NONE', *, *, #2284, .T. ) ;
#679 =( NAMED_UNIT ( * ) SI_UNIT ( $, .STERADIAN. ) SOLID_ANGLE_UNIT ( ) );
#680 = CARTESIAN_POINT ( 'NONE',  ( 0.5700000000000394751, 10.90000000000000036, 0.02000000000001393025 ) ) ;
#681 = VERTEX_POINT ( 'NONE', #2218 ) ;
#682 = PRESENTATION_LAYER_ASSIGNMENT (  '', '', ( #2927 ) ) ;
#683 = FACE_BOUND ( 'NONE', #2076, .T. ) ;
#684 = SURFACE_SIDE_STYLE ('',( #555 ) ) ;
#685 = CARTESIAN_POINT ( 'NONE',  ( -0.3936730192915465776, -3.699999999999993960, 0.02000000000003995110 ) ) ;
#686 = ORIENTED_EDGE ( 'NONE', *, *, #1296, .F. ) ;
#687 = VECTOR ( 'NONE', #723, 1000.000000000000000 ) ;
#688 = SURFACE_STYLE_FILL_AREA ( #2252 ) ;
#689 = COLOUR_RGB ( '',1.000000000000000000, 1.000000000000000000, 1.000000000000000000 ) ;
#690 = FACE_OUTER_BOUND ( 'NONE', #1840, .T. ) ;
#691 = MECHANICAL_DESIGN_GEOMETRIC_PRESENTATION_REPRESENTATION (  '', ( #2876 ), #1883 ) ;
#692 = PRESENTATION_LAYER_ASSIGNMENT (  '', '', ( #1717 ) ) ;
#693 = FILL_AREA_STYLE_COLOUR ( '', #2815 ) ;
#694 = DIRECTION ( 'NONE',  ( 1.000000000000000000, -3.491483361109382461E-15, 1.219045606090366905E-29 ) ) ;
#695 = FACE_OUTER_BOUND ( 'NONE', #2483, .T. ) ;
#696 = SURFACE_STYLE_FILL_AREA ( #2359 ) ;
#697 = DIRECTION ( 'NONE',  ( -3.491483361109383250E-15, -1.000000000000000000, 0.0000000000000000000 ) ) ;
#698 =( GEOMETRIC_REPRESENTATION_CONTEXT ( 3 ) GLOBAL_UNCERTAINTY_ASSIGNED_CONTEXT ( ( #1987 ) ) GLOBAL_UNIT_ASSIGNED_CONTEXT ( ( #2109, #2338, #1401 ) ) REPRESENTATION_CONTEXT ( 'NONE', 'WORKASPACE' ) );
#699 =( NAMED_UNIT ( * ) PLANE_ANGLE_UNIT ( ) SI_UNIT ( $, .RADIAN. ) );
#700 = LINE ( 'NONE', #1183, #76 ) ;
#701 = CARTESIAN_POINT ( 'NONE',  ( -4.353673019291547597, -3.699999999999981082, -0.1563269807084253227 ) ) ;
#702 = PLANE ( 'NONE',  #2431 ) ;
#703 = VECTOR ( 'NONE', #2196, 1000.000000000000000 ) ;
#704 = ORIENTED_EDGE ( 'NONE', *, *, #2378, .F. ) ;
#705 = PLANE ( 'NONE',  #2345 ) ;
#706 = AXIS2_PLACEMENT_3D ( 'NONE', #309, #551, #782 ) ;
#707 =( NAMED_UNIT ( * ) PLANE_ANGLE_UNIT ( ) SI_UNIT ( $, .RADIAN. ) );
#708 = SURFACE_STYLE_FILL_AREA ( #1121 ) ;
#709 = DIRECTION ( 'NONE',  ( 1.000000000000000000, -3.491483361109382461E-15, 1.219045606090367045E-29 ) ) ;
#710 = CARTESIAN_POINT ( 'NONE',  ( 4.530000000000039329, 10.89999999999998614, -1.120000000000014984 ) ) ;
#711 = EDGE_CURVE ( 'NONE', #2347, #760, #1744, .T. ) ;
#712 = EDGE_LOOP ( 'NONE', ( #1893, #2935, #793, #1588 ) ) ;
#713 = STYLED_ITEM ( 'NONE', ( #1425 ), #2738 ) ;
#714 = ADVANCED_FACE ( 'NONE', ( #2163 ), #1948, .T. ) ;
#715 = FACE_OUTER_BOUND ( 'NONE', #1062, .T. ) ;
#716 = UNCERTAINTY_MEASURE_WITH_UNIT (LENGTH_MEASURE( 1.000000000000000082E-05 ), #855, 'distance_accuracy_value', 'NONE');
#717 = ORIENTED_EDGE ( 'NONE', *, *, #493, .F. ) ;
#718 = EDGE_LOOP ( 'NONE', ( #311, #2161, #2573, #528 ) ) ;
#719 = VERTEX_POINT ( 'NONE', #512 ) ;
#720 = ORIENTED_EDGE ( 'NONE', *, *, #1042, .T. ) ;
#721 = SURFACE_SIDE_STYLE ('',( #2666 ) ) ;
#722 = UNCERTAINTY_MEASURE_WITH_UNIT (LENGTH_MEASURE( 1.000000000000000082E-05 ), #2692, 'distance_accuracy_value', 'NONE');
#723 = DIRECTION ( 'NONE',  ( -1.000000000000000000, 3.337086476537728329E-45, 8.906997283086555699E-31 ) ) ;
#724 = STYLED_ITEM ( 'NONE', ( #2321 ), #510 ) ;
#725 = LINE ( 'NONE', #2623, #2593 ) ;
#726 = CARTESIAN_POINT ( 'NONE',  ( -0.5700000000000086109, -2.699999999999976641, -1.119999999999964135 ) ) ;
#727 = SURFACE_SIDE_STYLE ('',( #939 ) ) ;
#728 = LINE ( 'NONE', #1187, #1702 ) ;
#729 = PRESENTATION_STYLE_ASSIGNMENT (( #2584 ) ) ;
#730 = DIRECTION ( 'NONE',  ( 1.328236436951498929E-30, 3.871905176016576176E-15, 1.000000000000000000 ) ) ;
#731 = EDGE_CURVE ( 'NONE', #92, #2505, #281, .T. ) ;
#732 = LINE ( 'NONE', #1350, #1945 ) ;
#733 = APPLICATION_CONTEXT ( 'automotive_design' ) ;
#734 = DIRECTION ( 'NONE',  ( 1.902109074535985337E-16, 3.871905176016575387E-15, 1.000000000000000000 ) ) ;
#735 =( NAMED_UNIT ( * ) PLANE_ANGLE_UNIT ( ) SI_UNIT ( $, .RADIAN. ) );
#736 = CARTESIAN_POINT ( 'NONE',  ( 0.5700000000000359224, 9.899999999999984368, 0.01999999999999633668 ) ) ;
#737 = EDGE_CURVE ( 'NONE', #2714, #2834, #2835, .T. ) ;
#738 = FILL_AREA_STYLE_COLOUR ( '', #993 ) ;
#739 = CARTESIAN_POINT ( 'NONE',  ( -4.660000000000001030, 1.316289227138251895E-14, -2.549999999999958522 ) ) ;
#740 = APPLICATION_CONTEXT ( 'automotive_design' ) ;
#741 = ORIENTED_EDGE ( 'NONE', *, *, #29, .T. ) ;
#742 = PLANE ( 'NONE',  #151 ) ;
#743 = VECTOR ( 'NONE', #1231, 1000.000000000000000 ) ;
#744 = ADVANCED_FACE ( 'NONE', ( #1564 ), #2857, .F. ) ;
#745 = AXIS2_PLACEMENT_3D ( 'NONE', #2245, #82, #2711 ) ;
#746 = VERTEX_POINT ( 'NONE', #1959 ) ;
#747 = ORIENTED_EDGE ( 'NONE', *, *, #1423, .F. ) ;
#748 = CARTESIAN_POINT ( 'NONE',  ( -3.389999999999960600, 10.90000000000001634, 0.02000000000001393025 ) ) ;
#749 = FILL_AREA_STYLE ('',( #2211 ) ) ;
#750 = FILL_AREA_STYLE_COLOUR ( '', #539 ) ;
#751 =( NAMED_UNIT ( * ) SI_UNIT ( $, .STERADIAN. ) SOLID_ANGLE_UNIT ( ) );
#752 = ORIENTED_EDGE ( 'NONE', *, *, #737, .T. ) ;
#753 = ORIENTED_EDGE ( 'NONE', *, *, #778, .T. ) ;
#754 = DIRECTION ( 'NONE',  ( 0.0000000000000000000, 1.000000000000000000, -3.746589754635383017E-15 ) ) ;
#755 = DIRECTION ( 'NONE',  ( -0.9848077530122080203, 0.1736481776669307475, -4.850281015466437098E-16 ) ) ;
#756 = UNCERTAINTY_MEASURE_WITH_UNIT (LENGTH_MEASURE( 1.000000000000000082E-05 ), #2194, 'distance_accuracy_value', 'NONE');
#757 = EDGE_CURVE ( 'NONE', #2827, #1517, #448, .T. ) ;
#758 = EDGE_LOOP ( 'NONE', ( #1730, #2330, #13, #531 ) ) ;
#759 = PRODUCT_RELATED_PRODUCT_CATEGORY ( 'part', '', ( #1663 ) ) ;
#760 = VERTEX_POINT ( 'NONE', #1697 ) ;
#761 =( NAMED_UNIT ( * ) SI_UNIT ( $, .STERADIAN. ) SOLID_ANGLE_UNIT ( ) );
#762 = FILL_AREA_STYLE ('',( #2005 ) ) ;
#763 = LINE ( 'NONE', #1124, #1150 ) ;
#764 = EDGE_LOOP ( 'NONE', ( #269, #1620, #2476, #1838 ) ) ;
#765 =( NAMED_UNIT ( * ) SI_UNIT ( $, .STERADIAN. ) SOLID_ANGLE_UNIT ( ) );
#766 = PRESENTATION_STYLE_ASSIGNMENT (( #314 ) ) ;
#767 = VECTOR ( 'NONE', #190, 1000.000000000000227 ) ;
#768 =( NAMED_UNIT ( * ) PLANE_ANGLE_UNIT ( ) SI_UNIT ( $, .RADIAN. ) );
#769 = SURFACE_SIDE_STYLE ('',( #1933 ) ) ;
#770 = DIRECTION ( 'NONE',  ( 0.0000000000000000000, 0.0000000000000000000, 1.000000000000000000 ) ) ;
#771 = CARTESIAN_POINT ( 'NONE',  ( -5.909999999999970832, 8.399999999999995026, -2.550000000000029576 ) ) ;
#772 = FILL_AREA_STYLE_COLOUR ( '', #836 ) ;
#773 = SURFACE_STYLE_USAGE ( .BOTH. , #506 ) ;
#774 = DIRECTION ( 'NONE',  ( 1.000000000000000000, -3.491483361109382461E-15, 1.219045606090367045E-29 ) ) ;
#775 = FACE_OUTER_BOUND ( 'NONE', #2650, .T. ) ;
#776 = CARTESIAN_POINT ( 'NONE',  ( -4.659999999999995701, 1.316289227138249528E-14, -2.549999999999971401 ) ) ;
#777 = MECHANICAL_DESIGN_GEOMETRIC_PRESENTATION_REPRESENTATION (  '', ( #79 ), #2770 ) ;
#778 = EDGE_CURVE ( 'NONE', #1932, #2726, #1897, .T. ) ;
#779 = AXIS2_PLACEMENT_3D ( 'NONE', #1834, #898, #2561 ) ;
#780 = ORIENTED_EDGE ( 'NONE', *, *, #88, .T. ) ;
#781 =( NAMED_UNIT ( * ) SI_UNIT ( $, .STERADIAN. ) SOLID_ANGLE_UNIT ( ) );
#782 = DIRECTION ( 'NONE',  ( 1.000000000000000000, -3.491483361109382461E-15, 1.219045606090366905E-29 ) ) ;
#783 = ADVANCED_FACE ( 'NONE', ( #1294 ), #1203, .F. ) ;
#784 = EDGE_CURVE ( 'NONE', #573, #2239, #1854, .T. ) ;
#785 = DIRECTION ( 'NONE',  ( -0.1710878697460352094, -0.9702875252478139201, 0.1710878697460354314 ) ) ;
#786 = CARTESIAN_POINT ( 'NONE',  ( 3.390000000000035207, 9.899999999999968381, -1.120000000000004103 ) ) ;
#787 = ORIENTED_EDGE ( 'NONE', *, *, #149, .F. ) ;
#788 =( NAMED_UNIT ( * ) PLANE_ANGLE_UNIT ( ) SI_UNIT ( $, .RADIAN. ) );
#789 = LINE ( 'NONE', #1964, #2399 ) ;
#790 =( GEOMETRIC_REPRESENTATION_CONTEXT ( 3 ) GLOBAL_UNCERTAINTY_ASSIGNED_CONTEXT ( ( #2559 ) ) GLOBAL_UNIT_ASSIGNED_CONTEXT ( ( #1495, #568, #2033 ) ) REPRESENTATION_CONTEXT ( 'NONE', 'WORKASPACE' ) );
#791 =( NAMED_UNIT ( * ) SI_UNIT ( $, .STERADIAN. ) SOLID_ANGLE_UNIT ( ) );
#792 = CARTESIAN_POINT ( 'NONE',  ( -0.5699999999999612044, 1.214306433183764966E-14, 0.02000000000002614617 ) ) ;
#793 = ORIENTED_EDGE ( 'NONE', *, *, #1323, .T. ) ;
#794 = FACE_OUTER_BOUND ( 'NONE', #450, .T. ) ;
#795 = DIRECTION ( 'NONE',  ( 3.491483361109382461E-15, 1.000000000000000000, -3.871905176016576176E-15 ) ) ;
#796 = VERTEX_POINT ( 'NONE', #1038 ) ;
#797 = LINE ( 'NONE', #1274, #166 ) ;
#798 = PRESENTATION_LAYER_ASSIGNMENT (  '', '', ( #2752 ) ) ;
#799 =( LENGTH_UNIT ( ) NAMED_UNIT ( * ) SI_UNIT ( .MILLI., .METRE. ) );
#800 = ORIENTED_EDGE ( 'NONE', *, *, #559, .F. ) ;
#801 = FILL_AREA_STYLE_COLOUR ( '', #601 ) ;
#802 = ORIENTED_EDGE ( 'NONE', *, *, #1413, .F. ) ;
#803 = ORIENTED_EDGE ( 'NONE', *, *, #1110, .F. ) ;
#804 = CARTESIAN_POINT ( 'NONE',  ( -0.5700000000000086109, -2.699999999999976641, -1.119999999999962359 ) ) ;
#805 = VERTEX_POINT ( 'NONE', #2221 ) ;
#806 = LINE ( 'NONE', #748, #2588 ) ;
#807 =( NAMED_UNIT ( * ) PLANE_ANGLE_UNIT ( ) SI_UNIT ( $, .RADIAN. ) );
#808 = SURFACE_STYLE_USAGE ( .BOTH. , #2494 ) ;
#809 = VECTOR ( 'NONE', #834, 1000.000000000000000 ) ;
#810 = UNCERTAINTY_MEASURE_WITH_UNIT (LENGTH_MEASURE( 1.000000000000000082E-05 ), #988, 'distance_accuracy_value', 'NONE');
#811 = CARTESIAN_POINT ( 'NONE',  ( 3.390000000000038760, 9.899999999999970157, -1.120000000000011431 ) ) ;
#812 = FILL_AREA_STYLE ('',( #91 ) ) ;
#813 = VECTOR ( 'NONE', #1402, 1000.000000000000000 ) ;
#814 = EDGE_CURVE ( 'NONE', #1850, #1326, #135, .T. ) ;
#815 =( LENGTH_UNIT ( ) NAMED_UNIT ( * ) SI_UNIT ( .MILLI., .METRE. ) );
#816 = CARTESIAN_POINT ( 'NONE',  ( -4.660000000000001030, 1.333746643943784038E-14, -3.750000000000000000 ) ) ;
#817 = SURFACE_STYLE_FILL_AREA ( #2539 ) ;
#818 = ADVANCED_FACE ( 'NONE', ( #533 ), #295, .T. ) ;
#819 = SURFACE_SIDE_STYLE ('',( #1398 ) ) ;
#820 = SURFACE_STYLE_USAGE ( .BOTH. , #1819 ) ;
#821 = DIRECTION ( 'NONE',  ( -0.1710878697460283815, 0.9702875252478164736, 0.1710878697460284370 ) ) ;
#822 = EDGE_CURVE ( 'NONE', #2757, #2012, #2132, .T. ) ;
#823 = UNCERTAINTY_MEASURE_WITH_UNIT (LENGTH_MEASURE( 1.000000000000000082E-05 ), #2631, 'distance_accuracy_value', 'NONE');
#824 = ORIENTED_EDGE ( 'NONE', *, *, #1950, .T. ) ;
#825 =( NAMED_UNIT ( * ) SI_UNIT ( $, .STERADIAN. ) SOLID_ANGLE_UNIT ( ) );
#826 = EDGE_CURVE ( 'NONE', #1240, #1780, #496, .T. ) ;
#827 = CARTESIAN_POINT ( 'NONE',  ( -5.910000000000000142, 1.333746643943784038E-14, -3.750000000000000000 ) ) ;
#828 = CARTESIAN_POINT ( 'NONE',  ( -4.530000000000009130, -2.699999999999962874, -1.119999999999964135 ) ) ;
#829 = SURFACE_STYLE_FILL_AREA ( #3054 ) ;
#830 =( NAMED_UNIT ( * ) SI_UNIT ( $, .STERADIAN. ) SOLID_ANGLE_UNIT ( ) );
#831 = ORIENTED_EDGE ( 'NONE', *, *, #2526, .F. ) ;
#832 =( GEOMETRIC_REPRESENTATION_CONTEXT ( 3 ) GLOBAL_UNCERTAINTY_ASSIGNED_CONTEXT ( ( #2187 ) ) GLOBAL_UNIT_ASSIGNED_CONTEXT ( ( #2792, #2825, #3051 ) ) REPRESENTATION_CONTEXT ( 'NONE', 'WORKASPACE' ) );
#833 = ADVANCED_FACE ( 'NONE', ( #1784 ), #1732, .F. ) ;
#834 = DIRECTION ( 'NONE',  ( 0.0000000000000000000, -3.491483361109382461E-15, -1.000000000000000000 ) ) ;
#835 = ORIENTED_EDGE ( 'NONE', *, *, #1587, .T. ) ;
#836 = COLOUR_RGB ( '',0.9960784313725490335, 0.8705882352941176627, 0.7607843137254901578 ) ;
#837 = ORIENTED_EDGE ( 'NONE', *, *, #404, .T. ) ;
#838 = DIRECTION ( 'NONE',  ( -3.372513950554115747E-15, -0.9659258262890679791, 0.2588190451025216277 ) ) ;
#839 = AXIS2_PLACEMENT_3D ( 'NONE', #1308, #2035, #2729 ) ;
#840 = DIRECTION ( 'NONE',  ( -0.1710878697460346543, -0.9702875252478139201, 0.1710878697460363473 ) ) ;
#841 = EDGE_LOOP ( 'NONE', ( #2867, #266, #524, #916 ) ) ;
#842 = CARTESIAN_POINT ( 'NONE',  ( -4.529999999999961169, 10.90000000000001812, -0.9436730192915514515 ) ) ;
#843 = EDGE_LOOP ( 'NONE', ( #198, #2310, #2998, #2433 ) ) ;
#844 = CARTESIAN_POINT ( 'NONE',  ( 4.530000000000028670, 9.899999999999968381, -1.120000000000011431 ) ) ;
#845 = AXIS2_PLACEMENT_3D ( 'NONE', #2862, #479, #6 ) ;
#846 = SURFACE_STYLE_FILL_AREA ( #2868 ) ;
#847 = VECTOR ( 'NONE', #2016, 1000.000000000000000 ) ;
#848 = DIRECTION ( 'NONE',  ( -1.000000000000000000, 3.491483361109382461E-15, 0.0000000000000000000 ) ) ;
#849 = DIRECTION ( 'NONE',  ( 8.412164100692840449E-31, -3.250549545001492148E-15, -1.000000000000000000 ) ) ;
#850 =( NAMED_UNIT ( * ) SI_UNIT ( $, .STERADIAN. ) SOLID_ANGLE_UNIT ( ) );
#851 = STYLED_ITEM ( 'NONE', ( #2051 ), #783 ) ;
#852 = CARTESIAN_POINT ( 'NONE',  ( 3.566326980708453664, -3.700000000000012168, -0.9436730192914946080 ) ) ;
#853 = DIRECTION ( 'NONE',  ( -0.9848077530122083534, 0.1736481776669291655, -6.723492779144277822E-16 ) ) ;
#854 = PRESENTATION_LAYER_ASSIGNMENT (  '', '', ( #530 ) ) ;
#855 =( LENGTH_UNIT ( ) NAMED_UNIT ( * ) SI_UNIT ( .MILLI., .METRE. ) );
#856 = VERTEX_POINT ( 'NONE', #110 ) ;
#857 = UNCERTAINTY_MEASURE_WITH_UNIT (LENGTH_MEASURE( 1.000000000000000082E-05 ), #188, 'distance_accuracy_value', 'NONE');
#858 = DIRECTION ( 'NONE',  ( 1.000000000000000000, -3.491483361109382461E-15, 1.219045606090366905E-29 ) ) ;
#859 = LINE ( 'NONE', #26, #2743 ) ;
#860 = STYLED_ITEM ( 'NONE', ( #2046 ), #2215 ) ;
#861 = CARTESIAN_POINT ( 'NONE',  ( 4.660000000000000142, -1.937773265415692595E-14, -2.549999999999958522 ) ) ;
#862 = UNCERTAINTY_MEASURE_WITH_UNIT (LENGTH_MEASURE( 1.000000000000000082E-05 ), #2558, 'distance_accuracy_value', 'NONE');
#863 = ORIENTED_EDGE ( 'NONE', *, *, #2203, .T. ) ;
#864 = ORIENTED_EDGE ( 'NONE', *, *, #883, .F. ) ;
#865 =( GEOMETRIC_REPRESENTATION_CONTEXT ( 3 ) GLOBAL_UNCERTAINTY_ASSIGNED_CONTEXT ( ( #2990 ) ) GLOBAL_UNIT_ASSIGNED_CONTEXT ( ( #1606, #399, #3036 ) ) REPRESENTATION_CONTEXT ( 'NONE', 'WORKASPACE' ) );
#866 = ORIENTED_EDGE ( 'NONE', *, *, #2233, .F. ) ;
#867 = SURFACE_SIDE_STYLE ('',( #1234 ) ) ;
#868 = COLOUR_RGB ( '',0.9960784313725490335, 0.8705882352941176627, 0.7607843137254901578 ) ;
#869 = SURFACE_SIDE_STYLE ('',( #2021 ) ) ;
#870 = ORIENTED_EDGE ( 'NONE', *, *, #1793, .F. ) ;
#871 = VECTOR ( 'NONE', #1044, 1000.000000000000000 ) ;
#872 = ORIENTED_EDGE ( 'NONE', *, *, #1152, .F. ) ;
#873 = LINE ( 'NONE', #792, #170 ) ;
#874 = ORIENTED_EDGE ( 'NONE', *, *, #283, .F. ) ;
#875 = ORIENTED_EDGE ( 'NONE', *, *, #899, .T. ) ;
#876 = DIRECTION ( 'NONE',  ( 3.491483361109382461E-15, 1.000000000000000000, -3.363930164346381591E-15 ) ) ;
#877 = PRESENTATION_LAYER_ASSIGNMENT (  '', '', ( #331 ) ) ;
#878 = FILL_AREA_STYLE_COLOUR ( '', #593 ) ;
#879 = CARTESIAN_POINT ( 'NONE',  ( -0.5699999999999612044, 10.90000000000000568, -0.9436730192915501192 ) ) ;
#880 = COLOUR_RGB ( '',0.9960784313725490335, 0.8705882352941176627, 0.7607843137254901578 ) ;
#881 = DIRECTION ( 'NONE',  ( -1.000000000000000000, 3.491483361109382461E-15, -1.219045606090367045E-29 ) ) ;
#882 = SURFACE_STYLE_USAGE ( .BOTH. , #372 ) ;
#883 = EDGE_CURVE ( 'NONE', #1920, #1571, #2092, .T. ) ;
#884 = MECHANICAL_DESIGN_GEOMETRIC_PRESENTATION_REPRESENTATION (  '', ( #2356 ), #1197 ) ;
#885 = SURFACE_STYLE_FILL_AREA ( #2191 ) ;
#886 = EDGE_CURVE ( 'NONE', #1571, #2239, #93, .T. ) ;
#887 = VECTOR ( 'NONE', #2750, 1000.000000000000000 ) ;
#888 = COLOUR_RGB ( '',0.9960784313725490335, 0.8705882352941176627, 0.7607843137254901578 ) ;
#889 =( NAMED_UNIT ( * ) PLANE_ANGLE_UNIT ( ) SI_UNIT ( $, .RADIAN. ) );
#890 = PRESENTATION_STYLE_ASSIGNMENT (( #882 ) ) ;
#891 =( GEOMETRIC_REPRESENTATION_CONTEXT ( 3 ) GLOBAL_UNCERTAINTY_ASSIGNED_CONTEXT ( ( #2527 ) ) GLOBAL_UNIT_ASSIGNED_CONTEXT ( ( #1159, #2337, #3018 ) ) REPRESENTATION_CONTEXT ( 'NONE', 'WORKASPACE' ) );
#892 = CARTESIAN_POINT ( 'NONE',  ( -0.3936730192914962290, 10.90000000000000924, 0.01999999999998530384 ) ) ;
#893 = PLANE ( 'NONE',  #2446 ) ;
#894 = PRESENTATION_LAYER_ASSIGNMENT (  '', '', ( #1316 ) ) ;
#895 = DIRECTION ( 'NONE',  ( -1.000000000000000000, 3.337086476537728329E-45, 8.906997283086555699E-31 ) ) ;
#896 = SURFACE_STYLE_FILL_AREA ( #2552 ) ;
#897 = ORIENTED_EDGE ( 'NONE', *, *, #925, .F. ) ;
#898 = DIRECTION ( 'NONE',  ( 1.000000000000000000, -3.491483361109382461E-15, 1.219045606090367045E-29 ) ) ;
#899 = EDGE_CURVE ( 'NONE', #240, #573, #1521, .T. ) ;
#900 = PRESENTATION_LAYER_ASSIGNMENT (  '', '', ( #108 ) ) ;
#901 = COLOUR_RGB ( '',0.7921568627450980005, 0.8196078431372548767, 0.9333333333333333481 ) ;
#902 = DIRECTION ( 'NONE',  ( 1.219045606090367045E-29, -4.256277450098019044E-44, -1.000000000000000000 ) ) ;
#903 = COLOUR_RGB ( '',0.9960784313725490335, 0.8705882352941176627, 0.7607843137254901578 ) ;
#904 = ORIENTED_EDGE ( 'NONE', *, *, #1368, .F. ) ;
#905 = SURFACE_STYLE_FILL_AREA ( #2485 ) ;
#906 = CARTESIAN_POINT ( 'NONE',  ( 3.389999999999991687, -2.699999999999990408, -1.119999999999964135 ) ) ;
#907 = VECTOR ( 'NONE', #1867, 1000.000000000000000 ) ;
#908 = DIRECTION ( 'NONE',  ( -1.328236436951498929E-30, -3.871905176016576176E-15, -1.000000000000000000 ) ) ;
#909 = ORIENTED_EDGE ( 'NONE', *, *, #1278, .T. ) ;
#910 =( GEOMETRIC_REPRESENTATION_CONTEXT ( 3 ) GLOBAL_UNCERTAINTY_ASSIGNED_CONTEXT ( ( #1093 ) ) GLOBAL_UNIT_ASSIGNED_CONTEXT ( ( #2855, #933, #1431 ) ) REPRESENTATION_CONTEXT ( 'NONE', 'WORKASPACE' ) );
#911 = CARTESIAN_POINT ( 'NONE',  ( -4.353673019291497859, 10.90000000000001990, 0.01999999999998530384 ) ) ;
#912 = PLANE ( 'NONE',  #361 ) ;
#913 = ORIENTED_EDGE ( 'NONE', *, *, #381, .F. ) ;
#914 = CARTESIAN_POINT ( 'NONE',  ( 4.353673019291574242, 10.89999999999998792, -1.120000000000014984 ) ) ;
#915 = PLANE ( 'NONE',  #2093 ) ;
#916 = ORIENTED_EDGE ( 'NONE', *, *, #1086, .F. ) ;
#917 = STYLED_ITEM ( 'NONE', ( #2755 ), #971 ) ;
#918 = COLOUR_RGB ( '',1.000000000000000000, 1.000000000000000000, 1.000000000000000000 ) ;
#919 = SURFACE_STYLE_FILL_AREA ( #245 ) ;
#920 = DIRECTION ( 'NONE',  ( 0.0000000000000000000, 3.871905176016576176E-15, 1.000000000000000000 ) ) ;
#921 = LINE ( 'NONE', #1043, #2657 ) ;
#922 = PRESENTATION_LAYER_ASSIGNMENT (  '', '', ( #1889 ) ) ;
#923 = FILL_AREA_STYLE ('',( #1844 ) ) ;
#924 =( NAMED_UNIT ( * ) PLANE_ANGLE_UNIT ( ) SI_UNIT ( $, .RADIAN. ) );
#925 = EDGE_CURVE ( 'NONE', #2012, #1428, #641, .T. ) ;
#926 = LINE ( 'NONE', #89, #2846 ) ;
#927 = VECTOR ( 'NONE', #730, 1000.000000000000000 ) ;
#928 = FILL_AREA_STYLE ('',( #1634 ) ) ;
#929 = CARTESIAN_POINT ( 'NONE',  ( -4.353673019291547597, -3.699999999999980194, 0.02000000000003995110 ) ) ;
#930 = FACE_OUTER_BOUND ( 'NONE', #1097, .T. ) ;
#931 =( NAMED_UNIT ( * ) SI_UNIT ( $, .STERADIAN. ) SOLID_ANGLE_UNIT ( ) );
#932 = AXIS2_PLACEMENT_3D ( 'NONE', #2933, #2489, #1503 ) ;
#933 =( NAMED_UNIT ( * ) PLANE_ANGLE_UNIT ( ) SI_UNIT ( $, .RADIAN. ) );
#934 = CARTESIAN_POINT ( 'NONE',  ( -0.5700000000000086109, -2.699999999999976641, -1.119999999999964135 ) ) ;
#935 = ORIENTED_EDGE ( 'NONE', *, *, #1251, .F. ) ;
#936 = PLANE ( 'NONE',  #845 ) ;
#937 = EDGE_CURVE ( 'NONE', #373, #1128, #873, .T. ) ;
#938 = AXIS2_PLACEMENT_3D ( 'NONE', #443, #709, #1655 ) ;
#939 = SURFACE_STYLE_FILL_AREA ( #1673 ) ;
#940 = SURFACE_SIDE_STYLE ('',( #456 ) ) ;
#941 = ORIENTED_EDGE ( 'NONE', *, *, #2085, .F. ) ;
#942 = PRESENTATION_STYLE_ASSIGNMENT (( #2507 ) ) ;
#943 = EDGE_CURVE ( 'NONE', #1365, #2206, #2410, .T. ) ;
#944 = ORIENTED_EDGE ( 'NONE', *, *, #778, .F. ) ;
#945 = CARTESIAN_POINT ( 'NONE',  ( 4.660000000000029452, 8.399999999999957723, -2.549999999999986944 ) ) ;
#946 = SURFACE_STYLE_USAGE ( .BOTH. , #465 ) ;
#947 = FACE_OUTER_BOUND ( 'NONE', #1642, .T. ) ;
#948 = ORIENTED_EDGE ( 'NONE', *, *, #2852, .F. ) ;
#949 = MECHANICAL_DESIGN_GEOMETRIC_PRESENTATION_REPRESENTATION (  '', ( #1545 ), #394 ) ;
#950 = CARTESIAN_POINT ( 'NONE',  ( -5.909999999999989484, 3.200000000000041478, 4.249999999999989342 ) ) ;
#951 = SURFACE_STYLE_USAGE ( .BOTH. , #1422 ) ;
#952 = ORIENTED_EDGE ( 'NONE', *, *, #1413, .T. ) ;
#953 = UNCERTAINTY_MEASURE_WITH_UNIT (LENGTH_MEASURE( 1.000000000000000082E-05 ), #2921, 'distance_accuracy_value', 'NONE');
#954 = VECTOR ( 'NONE', #2030, 1000.000000000000000 ) ;
#955 = VECTOR ( 'NONE', #1250, 1000.000000000000114 ) ;
#956 = MECHANICAL_DESIGN_GEOMETRIC_PRESENTATION_REPRESENTATION (  '', ( #2752 ), #2548 ) ;
#957 = DIRECTION ( 'NONE',  ( 1.174510619674934197E-29, 3.363930164346381591E-15, 1.000000000000000000 ) ) ;
#958 = ADVANCED_FACE ( 'NONE', ( #1287 ), #2011, .T. ) ;
#959 = AXIS2_PLACEMENT_3D ( 'NONE', #302, #2261, #2668 ) ;
#960 =( NAMED_UNIT ( * ) PLANE_ANGLE_UNIT ( ) SI_UNIT ( $, .RADIAN. ) );
#961 =( LENGTH_UNIT ( ) NAMED_UNIT ( * ) SI_UNIT ( .MILLI., .METRE. ) );
#962 = VECTOR ( 'NONE', #1373, 1000.000000000000000 ) ;
#963 = SURFACE_SIDE_STYLE ('',( #2520 ) ) ;
#964 = VECTOR ( 'NONE', #1921, 1000.000000000000114 ) ;
#965 = FILL_AREA_STYLE ('',( #243 ) ) ;
#966 = PRESENTATION_LAYER_ASSIGNMENT (  '', '', ( #638 ) ) ;
#967 = CARTESIAN_POINT ( 'NONE',  ( -5.910000000000000142, 4.126933332831290006E-14, 4.250000000000000000 ) ) ;
#968 = SURFACE_STYLE_USAGE ( .BOTH. , #2396 ) ;
#969 = CARTESIAN_POINT ( 'NONE',  ( -5.910000000000000142, 1.438491144777063985E-14, -3.450000000000004174 ) ) ;
#970 = LINE ( 'NONE', #1381, #2991 ) ;
#971 = ADVANCED_FACE ( 'NONE', ( #2343 ), #2722, .F. ) ;
#972 = AXIS2_PLACEMENT_3D ( 'NONE', #254, #234, #1474 ) ;
#973 = CARTESIAN_POINT ( 'NONE',  ( 5.910000000000000142, -2.894268666066635286E-43, -2.549999999999958522 ) ) ;
#974 = ORIENTED_EDGE ( 'NONE', *, *, #1808, .T. ) ;
#975 = AXIS2_PLACEMENT_3D ( 'NONE', #2754, #876, #1111 ) ;
#976 = COLOUR_RGB ( '',0.9960784313725490335, 0.8705882352941176627, 0.7607843137254901578 ) ;
#977 = CARTESIAN_POINT ( 'NONE',  ( -4.659999999999977049, 7.200000000000001954, -4.250000000000023093 ) ) ;
#978 = PLANE ( 'NONE',  #1567 ) ;
#979 = CARTESIAN_POINT ( 'NONE',  ( 4.660000000000025011, 7.199999999999976197, -3.750000000000000000 ) ) ;
#980 = ORIENTED_EDGE ( 'NONE', *, *, #1587, .F. ) ;
#981 = APPLICATION_PROTOCOL_DEFINITION ( 'draft international standard', 'automotive_design', 1998, #33 ) ;
#982 =( LENGTH_UNIT ( ) NAMED_UNIT ( * ) SI_UNIT ( .MILLI., .METRE. ) );
#983 = EDGE_CURVE ( 'NONE', #449, #92, #1213, .T. ) ;
#984 = ORIENTED_EDGE ( 'NONE', *, *, #731, .F. ) ;
#985 = ORIENTED_EDGE ( 'NONE', *, *, #1148, .F. ) ;
#986 = EDGE_CURVE ( 'NONE', #1428, #491, #1631, .T. ) ;
#987 =( NAMED_UNIT ( * ) PLANE_ANGLE_UNIT ( ) SI_UNIT ( $, .RADIAN. ) );
#988 =( LENGTH_UNIT ( ) NAMED_UNIT ( * ) SI_UNIT ( .MILLI., .METRE. ) );
#989 = SURFACE_STYLE_FILL_AREA ( #2932 ) ;
#990 = DIRECTION ( 'NONE',  ( 0.0000000000000000000, -1.000000000000000000, 3.746589754635383017E-15 ) ) ;
#991 = SURFACE_STYLE_USAGE ( .BOTH. , #2234 ) ;
#992 = UNCERTAINTY_MEASURE_WITH_UNIT (LENGTH_MEASURE( 1.000000000000000082E-05 ), #670, 'distance_accuracy_value', 'NONE');
#993 = COLOUR_RGB ( '',0.9960784313725490335, 0.8705882352941176627, 0.7607843137254901578 ) ;
#994 = FACE_OUTER_BOUND ( 'NONE', #1356, .T. ) ;
#995 =( GEOMETRIC_REPRESENTATION_CONTEXT ( 3 ) GLOBAL_UNCERTAINTY_ASSIGNED_CONTEXT ( ( #1050 ) ) GLOBAL_UNIT_ASSIGNED_CONTEXT ( ( #3030, #2602, #1894 ) ) REPRESENTATION_CONTEXT ( 'NONE', 'WORKASPACE' ) );
#996 = LINE ( 'NONE', #2419, #1491 ) ;
#997 = DIRECTION ( 'NONE',  ( 0.9848077530122092416, 0.1736481776669238641, -6.723492779144098356E-16 ) ) ;
#998 = EDGE_CURVE ( 'NONE', #2902, #676, #2765, .T. ) ;
#999 = CARTESIAN_POINT ( 'NONE',  ( -4.659999999999971720, 8.399999999999991473, -2.550000000000029576 ) ) ;
#1000 = ADVANCED_FACE ( 'NONE', ( #994 ), #1973, .T. ) ;
#1001 = CARTESIAN_POINT ( 'NONE',  ( -3.561165703222092471, 10.87072894082578145, -0.1511657032221467023 ) ) ;
#1002 = ORIENTED_EDGE ( 'NONE', *, *, #172, .T. ) ;
#1003 = FACE_OUTER_BOUND ( 'NONE', #20, .T. ) ;
#1004 = PRESENTATION_LAYER_ASSIGNMENT (  '', '', ( #851 ) ) ;
#1005 = PLANE ( 'NONE',  #271 ) ;
#1006 = CARTESIAN_POINT ( 'NONE',  ( -4.529999999999961169, 10.90000000000001990, 0.01999999999998530731 ) ) ;
#1007 = FILL_AREA_STYLE ('',( #1963 ) ) ;
#1008 = SURFACE_STYLE_USAGE ( .BOTH. , #1465 ) ;
#1009 = LINE ( 'NONE', #444, #299 ) ;
#1010 = PRESENTATION_LAYER_ASSIGNMENT (  '', '', ( #15 ) ) ;
#1011 = ORIENTED_EDGE ( 'NONE', *, *, #2987, .T. ) ;
#1012 =( NAMED_UNIT ( * ) SI_UNIT ( $, .STERADIAN. ) SOLID_ANGLE_UNIT ( ) );
#1013 = ORIENTED_EDGE ( 'NONE', *, *, #986, .F. ) ;
#1014 = MECHANICAL_DESIGN_GEOMETRIC_PRESENTATION_REPRESENTATION (  '', ( #1060 ), #468 ) ;
#1015 = CARTESIAN_POINT ( 'NONE',  ( -4.530000000000009130, -2.699999999999962874, -1.119999999999964135 ) ) ;
#1016 = FACE_OUTER_BOUND ( 'NONE', #1960, .T. ) ;
#1017 = CARTESIAN_POINT ( 'NONE',  ( 4.530000000000013571, 3.199999999999981970, -2.550000000000010481 ) ) ;
#1018 = EDGE_LOOP ( 'NONE', ( #407, #1133, #802, #2003 ) ) ;
#1019 = CARTESIAN_POINT ( 'NONE',  ( 0.0000000000000000000, 0.0000000000000000000, 0.0000000000000000000 ) ) ;
#1020 = FILL_AREA_STYLE ('',( #2911 ) ) ;
#1021 = VECTOR ( 'NONE', #1215, 1000.000000000000000 ) ;
#1022 = ORIENTED_EDGE ( 'NONE', *, *, #1452, .F. ) ;
#1023 =( NAMED_UNIT ( * ) PLANE_ANGLE_UNIT ( ) SI_UNIT ( $, .RADIAN. ) );
#1024 =( NAMED_UNIT ( * ) SI_UNIT ( $, .STERADIAN. ) SOLID_ANGLE_UNIT ( ) );
#1025 = VERTEX_POINT ( 'NONE', #2448 ) ;
#1026 = COLOUR_RGB ( '',0.9960784313725490335, 0.8705882352941176627, 0.7607843137254901578 ) ;
#1027 = MECHANICAL_DESIGN_GEOMETRIC_PRESENTATION_REPRESENTATION (  '', ( #1346 ), #910 ) ;
#1028 = VECTOR ( 'NONE', #2732, 1000.000000000000000 ) ;
#1029 = PRESENTATION_STYLE_ASSIGNMENT (( #2441 ) ) ;
#1030 =( LENGTH_UNIT ( ) NAMED_UNIT ( * ) SI_UNIT ( .MILLI., .METRE. ) );
#1031 =( NAMED_UNIT ( * ) SI_UNIT ( $, .STERADIAN. ) SOLID_ANGLE_UNIT ( ) );
#1032 =( NAMED_UNIT ( * ) SI_UNIT ( $, .STERADIAN. ) SOLID_ANGLE_UNIT ( ) );
#1033 = CARTESIAN_POINT ( 'NONE',  ( -0.5699999999999880718, 9.899999999999984368, 0.01999999999998905431 ) ) ;
#1034 = PLANE ( 'NONE',  #839 ) ;
#1035 = SURFACE_SIDE_STYLE ('',( #1890 ) ) ;
#1036 = VECTOR ( 'NONE', #2638, 1000.000000000000000 ) ;
#1037 = SURFACE_STYLE_FILL_AREA ( #2880 ) ;
#1038 = CARTESIAN_POINT ( 'NONE',  ( 3.390000000000000568, -2.699999999999992184, -1.119999999999964135 ) ) ;
#1039 = EDGE_CURVE ( 'NONE', #645, #1477, #648, .T. ) ;
#1040 = PRESENTATION_LAYER_ASSIGNMENT (  '', '', ( #2356 ) ) ;
#1041 =( LENGTH_UNIT ( ) NAMED_UNIT ( * ) SI_UNIT ( .MILLI., .METRE. ) );
#1042 = EDGE_CURVE ( 'NONE', #2693, #1561, #1332, .T. ) ;
#1043 = CARTESIAN_POINT ( 'NONE',  ( 4.529999999999991367, -2.699999999999992184, -1.119999999999962359 ) ) ;
#1044 = DIRECTION ( 'NONE',  ( 1.328236436951498929E-30, 3.871905176016576176E-15, 1.000000000000000000 ) ) ;
#1045 = PRESENTATION_STYLE_ASSIGNMENT (( #1610 ) ) ;
#1046 = LINE ( 'NONE', #471, #1192 ) ;
#1047 = PRESENTATION_LAYER_ASSIGNMENT (  '', '', ( #2149 ) ) ;
#1048 = ADVANCED_FACE ( 'NONE', ( #3047 ), #1760, .F. ) ;
#1049 = FILL_AREA_STYLE_COLOUR ( '', #1480 ) ;
#1050 = UNCERTAINTY_MEASURE_WITH_UNIT (LENGTH_MEASURE( 1.000000000000000082E-05 ), #3030, 'distance_accuracy_value', 'NONE');
#1051 = VERTEX_POINT ( 'NONE', #522 ) ;
#1052 = DIRECTION ( 'NONE',  ( -1.000000000000000000, 3.491483361109382461E-15, -1.219045606090366905E-29 ) ) ;
#1053 = DIRECTION ( 'NONE',  ( -0.9848077530122081313, 0.1736481776669305810, -4.850281015466429209E-16 ) ) ;
#1054 =( GEOMETRIC_REPRESENTATION_CONTEXT ( 3 ) GLOBAL_UNCERTAINTY_ASSIGNED_CONTEXT ( ( #1609 ) ) GLOBAL_UNIT_ASSIGNED_CONTEXT ( ( #362, #2529, #352 ) ) REPRESENTATION_CONTEXT ( 'NONE', 'WORKASPACE' ) );
#1055 = SURFACE_STYLE_USAGE ( .BOTH. , #2958 ) ;
#1056 = ORIENTED_EDGE ( 'NONE', *, *, #737, .F. ) ;
#1057 = ORIENTED_EDGE ( 'NONE', *, *, #1876, .F. ) ;
#1058 = EDGE_CURVE ( 'NONE', #2274, #1718, #2250, .T. ) ;
#1059 = ORIENTED_EDGE ( 'NONE', *, *, #1039, .F. ) ;
#1060 = STYLED_ITEM ( 'NONE', ( #126 ), #2251 ) ;
#1061 = ORIENTED_EDGE ( 'NONE', *, *, #103, .F. ) ;
#1062 = EDGE_LOOP ( 'NONE', ( #2096, #1397, #1925, #1468 ) ) ;
#1063 = VECTOR ( 'NONE', #2303, 1000.000000000000000 ) ;
#1064 = SURFACE_STYLE_USAGE ( .BOTH. , #2258 ) ;
#1065 = FILL_AREA_STYLE_COLOUR ( '', #2633 ) ;
#1066 = LINE ( 'NONE', #2435, #809 ) ;
#1067 = LINE ( 'NONE', #2901, #847 ) ;
#1068 = ADVANCED_FACE ( 'NONE', ( #2169 ), #1005, .F. ) ;
#1069 =( NAMED_UNIT ( * ) PLANE_ANGLE_UNIT ( ) SI_UNIT ( $, .RADIAN. ) );
#1070 = DIRECTION ( 'NONE',  ( 2.753071887499476648E-30, -2.702972690210833459E-15, -1.000000000000000000 ) ) ;
#1071 = AXIS2_PLACEMENT_3D ( 'NONE', #233, #1679, #1937 ) ;
#1072 = PLANE ( 'NONE',  #1118 ) ;
#1073 = PRESENTATION_LAYER_ASSIGNMENT (  '', '', ( #2418 ) ) ;
#1074 = VECTOR ( 'NONE', #3, 1000.000000000000000 ) ;
#1075 = DIRECTION ( 'NONE',  ( 3.491483361109382461E-15, 1.000000000000000000, 0.0000000000000000000 ) ) ;
#1076 = FILL_AREA_STYLE ('',( #2730 ) ) ;
#1077 = PRESENTATION_STYLE_ASSIGNMENT (( #2597 ) ) ;
#1078 = AXIS2_PLACEMENT_3D ( 'NONE', #2609, #2388, #1656 ) ;
#1079 = DIRECTION ( 'NONE',  ( 3.491483361109383250E-15, 1.000000000000000000, -0.0000000000000000000 ) ) ;
#1080 = SURFACE_STYLE_USAGE ( .BOTH. , #603 ) ;
#1081 = VECTOR ( 'NONE', #1386, 1000.000000000000000 ) ;
#1082 = SURFACE_SIDE_STYLE ('',( #499 ) ) ;
#1083 = EDGE_CURVE ( 'NONE', #2239, #342, #1147, .T. ) ;
#1084 = PRESENTATION_LAYER_ASSIGNMENT (  '', '', ( #2500 ) ) ;
#1085 = CARTESIAN_POINT ( 'NONE',  ( 4.530000000000035776, 9.899999999999968381, -1.120000000000014984 ) ) ;
#1086 = EDGE_CURVE ( 'NONE', #2429, #1887, #1066, .T. ) ;
#1087 = ORIENTED_EDGE ( 'NONE', *, *, #814, .T. ) ;
#1088 = UNCERTAINTY_MEASURE_WITH_UNIT (LENGTH_MEASURE( 1.000000000000000082E-05 ), #2553, 'distance_accuracy_value', 'NONE');
#1089 = CARTESIAN_POINT ( 'NONE',  ( 3.390000000000038760, 10.89999999999998970, -1.120000000000014984 ) ) ;
#1090 = LINE ( 'NONE', #1662, #1269 ) ;
#1091 =( NAMED_UNIT ( * ) PLANE_ANGLE_UNIT ( ) SI_UNIT ( $, .RADIAN. ) );
#1092 = ORIENTED_EDGE ( 'NONE', *, *, #1323, .F. ) ;
#1093 = UNCERTAINTY_MEASURE_WITH_UNIT (LENGTH_MEASURE( 1.000000000000000082E-05 ), #2855, 'distance_accuracy_value', 'NONE');
#1094 =( LENGTH_UNIT ( ) NAMED_UNIT ( * ) SI_UNIT ( .MILLI., .METRE. ) );
#1095 = VERTEX_POINT ( 'NONE', #1821 ) ;
#1096 = DIRECTION ( 'NONE',  ( -0.1710878697460291864, 0.9702875252478162516, 0.1710878697460286313 ) ) ;
#1097 = EDGE_LOOP ( 'NONE', ( #2407, #1614, #1934, #2018 ) ) ;
#1098 = ADVANCED_FACE ( 'NONE', ( #1367 ), #1731, .F. ) ;
#1099 = PRESENTATION_STYLE_ASSIGNMENT (( #1055 ) ) ;
#1100 = PRESENTATION_LAYER_ASSIGNMENT (  '', '', ( #611 ) ) ;
#1101 = FILL_AREA_STYLE_COLOUR ( '', #47 ) ;
#1102 = ORIENTED_EDGE ( 'NONE', *, *, #1338, .T. ) ;
#1103 = FACE_BOUND ( 'NONE', #2235, .T. ) ;
#1104 = DIRECTION ( 'NONE',  ( 6.062897230110405496E-16, 0.1736481776669301647, 0.9848077530122081313 ) ) ;
#1105 = EDGE_CURVE ( 'NONE', #2892, #412, #1249, .T. ) ;
#1106 = ORIENTED_EDGE ( 'NONE', *, *, #1706, .F. ) ;
#1107 = MECHANICAL_DESIGN_GEOMETRIC_PRESENTATION_REPRESENTATION (  '', ( #1809 ), #3042 ) ;
#1108 = VECTOR ( 'NONE', #1971, 1000.000000000000114 ) ;
#1109 = LINE ( 'NONE', #1156, #210 ) ;
#1110 = EDGE_CURVE ( 'NONE', #2267, #2370, #1630, .T. ) ;
#1111 = DIRECTION ( 'NONE',  ( -1.000000000000000000, 3.491483361109382461E-15, 0.0000000000000000000 ) ) ;
#1112 = CARTESIAN_POINT ( 'NONE',  ( -3.566326980708424355, 10.90000000000001457, -0.9436730192915514515 ) ) ;
#1113 = MECHANICAL_DESIGN_GEOMETRIC_PRESENTATION_REPRESENTATION (  '', ( #2193 ), #2961 ) ;
#1114 = SURFACE_SIDE_STYLE ('',( #2881 ) ) ;
#1115 = CARTESIAN_POINT ( 'NONE',  ( -5.909999999999967280, 9.400000000000019895, -2.817949192431159489 ) ) ;
#1116 = VECTOR ( 'NONE', #1594, 1000.000000000000000 ) ;
#1117 = FACE_OUTER_BOUND ( 'NONE', #1018, .T. ) ;
#1118 = AXIS2_PLACEMENT_3D ( 'NONE', #107, #148, #137 ) ;
#1119 = FILL_AREA_STYLE_COLOUR ( '', #2703 ) ;
#1120 = FILL_AREA_STYLE_COLOUR ( '', #185 ) ;
#1121 = FILL_AREA_STYLE ('',( #2121 ) ) ;
#1122 = PRESENTATION_STYLE_ASSIGNMENT (( #2594 ) ) ;
#1123 = MECHANICAL_DESIGN_GEOMETRIC_PRESENTATION_REPRESENTATION (  '', ( #2517 ), #2456 ) ;
#1124 = CARTESIAN_POINT ( 'NONE',  ( -4.660000000000001030, 1.316289227138251895E-14, -3.750000000000000000 ) ) ;
#1125 = CARTESIAN_POINT ( 'NONE',  ( -0.5700000000000026157, 6.734448949560268221E-15, 0.02000000000002609066 ) ) ;
#1126 = ORIENTED_EDGE ( 'NONE', *, *, #654, .F. ) ;
#1127 = PRESENTATION_STYLE_ASSIGNMENT (( #1008 ) ) ;
#1128 = VERTEX_POINT ( 'NONE', #453 ) ;
#1129 = PLANE ( 'NONE',  #440 ) ;
#1130 = SURFACE_STYLE_FILL_AREA ( #2772 ) ;
#1131 = STYLED_ITEM ( 'NONE', ( #359 ), #104 ) ;
#1132 = CARTESIAN_POINT ( 'NONE',  ( 3.390000000000038760, 10.89999999999999503, 0.01999999999998530731 ) ) ;
#1133 = ORIENTED_EDGE ( 'NONE', *, *, #814, .F. ) ;
#1134 = FILL_AREA_STYLE ('',( #2094 ) ) ;
#1135 = UNCERTAINTY_MEASURE_WITH_UNIT (LENGTH_MEASURE( 1.000000000000000082E-05 ), #1151, 'distance_accuracy_value', 'NONE');
#1136 = CARTESIAN_POINT ( 'NONE',  ( -3.389999999999998792, 3.247079525831725069E-14, 4.250000000000000000 ) ) ;
#1137 = ORIENTED_EDGE ( 'NONE', *, *, #1562, .T. ) ;
#1138 = ORIENTED_EDGE ( 'NONE', *, *, #270, .F. ) ;
#1139 = ORIENTED_EDGE ( 'NONE', *, *, #2690, .F. ) ;
#1140 =( NAMED_UNIT ( * ) PLANE_ANGLE_UNIT ( ) SI_UNIT ( $, .RADIAN. ) );
#1141 = ORIENTED_EDGE ( 'NONE', *, *, #1042, .F. ) ;
#1142 = ORIENTED_EDGE ( 'NONE', *, *, #1750, .T. ) ;
#1143 = AXIS2_PLACEMENT_3D ( 'NONE', #1299, #1053, #346 ) ;
#1144 = VECTOR ( 'NONE', #1853, 999.9999999999998863 ) ;
#1145 = CARTESIAN_POINT ( 'NONE',  ( -4.529999999999961169, 10.90000000000001812, -0.9436730192915514515 ) ) ;
#1146 = CARTESIAN_POINT ( 'NONE',  ( -4.530000000000012683, -3.699999999999980638, -0.1563269807084253504 ) ) ;
#1147 = LINE ( 'NONE', #2229, #176 ) ;
#1148 = EDGE_CURVE ( 'NONE', #342, #1920, #177, .T. ) ;
#1149 = VECTOR ( 'NONE', #1811, 1000.000000000000000 ) ;
#1150 = VECTOR ( 'NONE', #1580, 1000.000000000000000 ) ;
#1151 =( LENGTH_UNIT ( ) NAMED_UNIT ( * ) SI_UNIT ( .MILLI., .METRE. ) );
#1152 = EDGE_CURVE ( 'NONE', #567, #796, #650, .T. ) ;
#1153 = DIRECTION ( 'NONE',  ( 1.328236436951498929E-30, 3.871905176016576176E-15, 1.000000000000000000 ) ) ;
#1154 = CARTESIAN_POINT ( 'NONE',  ( 4.530000000000035776, 9.899999999999968381, 0.02000000000001393025 ) ) ;
#1155 = STYLED_ITEM ( 'NONE', ( #2449 ), #1245 ) ;
#1156 = CARTESIAN_POINT ( 'NONE',  ( -5.909999999999989484, 3.200000000000017941, 4.250000000000000000 ) ) ;
#1157 = DIRECTION ( 'NONE',  ( -1.000000000000000000, 3.337086476537728329E-45, 8.906997283086555699E-31 ) ) ;
#1158 = COLOUR_RGB ( '',0.9960784313725490335, 0.8705882352941176627, 0.7607843137254901578 ) ;
#1159 =( LENGTH_UNIT ( ) NAMED_UNIT ( * ) SI_UNIT ( .MILLI., .METRE. ) );
#1160 = COLOUR_RGB ( '',0.9960784313725490335, 0.8705882352941176627, 0.7607843137254901578 ) ;
#1161 = AXIS2_PLACEMENT_3D ( 'NONE', #1502, #774, #301 ) ;
#1162 = CARTESIAN_POINT ( 'NONE',  ( -0.5699999999999812994, 3.200000000000008171, -1.119999999999986562 ) ) ;
#1163 = EDGE_CURVE ( 'NONE', #1194, #1319, #3049, .T. ) ;
#1164 = STYLED_ITEM ( 'NONE', ( #2960 ), #2863 ) ;
#1165 = ORIENTED_EDGE ( 'NONE', *, *, #1307, .F. ) ;
#1166 = LINE ( 'NONE', #517, #703 ) ;
#1167 = COLOUR_RGB ( '',0.9960784313725490335, 0.8705882352941176627, 0.7607843137254901578 ) ;
#1168 = ORIENTED_EDGE ( 'NONE', *, *, #2723, .F. ) ;
#1169 = MECHANICAL_DESIGN_GEOMETRIC_PRESENTATION_REPRESENTATION (  '', ( #2149 ), #2541 ) ;
#1170 = SURFACE_STYLE_FILL_AREA ( #1825 ) ;
#1171 =( LENGTH_UNIT ( ) NAMED_UNIT ( * ) SI_UNIT ( .MILLI., .METRE. ) );
#1172 = DIRECTION ( 'NONE',  ( -1.219045606090367045E-29, 4.256277450098019044E-44, 1.000000000000000000 ) ) ;
#1173 = ORIENTED_EDGE ( 'NONE', *, *, #937, .T. ) ;
#1174 = VECTOR ( 'NONE', #2697, 1000.000000000000000 ) ;
#1175 = PRESENTATION_LAYER_ASSIGNMENT (  '', '', ( #647 ) ) ;
#1176 = ORIENTED_EDGE ( 'NONE', *, *, #784, .T. ) ;
#1177 = DIRECTION ( 'NONE',  ( -8.906997283086555699E-31, -3.746589754635383017E-15, -1.000000000000000000 ) ) ;
#1178 = CARTESIAN_POINT ( 'NONE',  ( 4.358834296777906125, 10.87072894082575480, -0.1511657032221479513 ) ) ;
#1179 = LINE ( 'NONE', #2208, #1529 ) ;
#1180 =( NAMED_UNIT ( * ) PLANE_ANGLE_UNIT ( ) SI_UNIT ( $, .RADIAN. ) );
#1181 = COLOUR_RGB ( '',0.9960784313725490335, 0.8705882352941176627, 0.7607843137254901578 ) ;
#1182 = LINE ( 'NONE', #1828, #1374 ) ;
#1183 = CARTESIAN_POINT ( 'NONE',  ( 3.390000000000038760, 10.89999999999999147, -0.9436730192915501192 ) ) ;
#1184 = VECTOR ( 'NONE', #838, 1000.000000000000114 ) ;
#1185 = CARTESIAN_POINT ( 'NONE',  ( 3.566326980708503847, 10.89999999999999503, 0.01999999999998530731 ) ) ;
#1186 = UNCERTAINTY_MEASURE_WITH_UNIT (LENGTH_MEASURE( 1.000000000000000082E-05 ), #1041, 'distance_accuracy_value', 'NONE');
#1187 = CARTESIAN_POINT ( 'NONE',  ( 4.660000000000000142, -2.356751268748832895E-14, -4.250000000000032863 ) ) ;
#1188 = DIRECTION ( 'NONE',  ( 6.062897230110402538E-16, 0.1736481776669231980, -0.9848077530122093526 ) ) ;
#1189 = PRESENTATION_STYLE_ASSIGNMENT (( #968 ) ) ;
#1190 = AXIS2_PLACEMENT_3D ( 'NONE', #2914, #2691, #1530 ) ;
#1191 =( NAMED_UNIT ( * ) PLANE_ANGLE_UNIT ( ) SI_UNIT ( $, .RADIAN. ) );
#1192 = VECTOR ( 'NONE', #694, 1000.000000000000000 ) ;
#1193 =( NAMED_UNIT ( * ) SI_UNIT ( $, .STERADIAN. ) SOLID_ANGLE_UNIT ( ) );
#1194 = VERTEX_POINT ( 'NONE', #410 ) ;
#1195 = DIRECTION ( 'NONE',  ( 0.9848077530122093526, 0.1736481776669234756, -6.723492779144083565E-16 ) ) ;
#1196 = EDGE_CURVE ( 'NONE', #719, #2206, #2698, .T. ) ;
#1197 =( GEOMETRIC_REPRESENTATION_CONTEXT ( 3 ) GLOBAL_UNCERTAINTY_ASSIGNED_CONTEXT ( ( #2826 ) ) GLOBAL_UNIT_ASSIGNED_CONTEXT ( ( #639, #2112, #1390 ) ) REPRESENTATION_CONTEXT ( 'NONE', 'WORKASPACE' ) );
#1198 = COLOUR_RGB ( '',0.9960784313725490335, 0.8705882352941176627, 0.7607843137254901578 ) ;
#1199 = ORIENTED_EDGE ( 'NONE', *, *, #473, .T. ) ;
#1200 = EDGE_CURVE ( 'NONE', #2442, #14, #1861, .T. ) ;
#1201 = ORIENTED_EDGE ( 'NONE', *, *, #113, .F. ) ;
#1202 =( NAMED_UNIT ( * ) SI_UNIT ( $, .STERADIAN. ) SOLID_ANGLE_UNIT ( ) );
#1203 = PLANE ( 'NONE',  #1912 ) ;
#1204 = EDGE_LOOP ( 'NONE', ( #1692, #984, #2515, #2131 ) ) ;
#1205 = AXIS2_PLACEMENT_3D ( 'NONE', #326, #81, #556 ) ;
#1206 = DIRECTION ( 'NONE',  ( -1.000000000000000000, 3.491483361109382461E-15, -1.219045606090366905E-29 ) ) ;
#1207 = CARTESIAN_POINT ( 'NONE',  ( 4.660000000000025899, 7.499999999999969802, -4.250000000000023981 ) ) ;
#1208 = ORIENTED_EDGE ( 'NONE', *, *, #2508, .T. ) ;
#1209 = ORIENTED_EDGE ( 'NONE', *, *, #826, .T. ) ;
#1210 = FACE_BOUND ( 'NONE', #2409, .T. ) ;
#1211 = VECTOR ( 'NONE', #3006, 1000.000000000000000 ) ;
#1212 = PLANE ( 'NONE',  #1205 ) ;
#1213 = LINE ( 'NONE', #1802, #2417 ) ;
#1214 = DIRECTION ( 'NONE',  ( -9.036623895136634446E-16, -0.2588190451025154659, 0.9659258262890697555 ) ) ;
#1215 = DIRECTION ( 'NONE',  ( 0.0000000000000000000, -3.491483361109382461E-15, -1.000000000000000000 ) ) ;
#1216 = AXIS2_PLACEMENT_3D ( 'NONE', #1132, #2771, #1857 ) ;
#1217 = SURFACE_SIDE_STYLE ('',( #2606 ) ) ;
#1218 = FACE_OUTER_BOUND ( 'NONE', #718, .T. ) ;
#1219 = EDGE_CURVE ( 'NONE', #48, #449, #2916, .T. ) ;
#1220 = CARTESIAN_POINT ( 'NONE',  ( -0.5700000000000086109, -2.699999999999976641, -1.119999999999964135 ) ) ;
#1221 = VECTOR ( 'NONE', #1096, 1000.000000000000114 ) ;
#1222 = CARTESIAN_POINT ( 'NONE',  ( 0.5699999999999945111, 3.443260826745314239E-15, -1.119999999999974349 ) ) ;
#1223 = DIRECTION ( 'NONE',  ( 3.491483361109382461E-15, 1.000000000000000000, 0.0000000000000000000 ) ) ;
#1224 = EDGE_LOOP ( 'NONE', ( #2712, #1687, #2190, #1650 ) ) ;
#1225 = MECHANICAL_DESIGN_GEOMETRIC_PRESENTATION_REPRESENTATION (  '', ( #1889 ), #1405 ) ;
#1226 = ADVANCED_FACE ( 'NONE', ( #582 ), #1669, .F. ) ;
#1227 =( LENGTH_UNIT ( ) NAMED_UNIT ( * ) SI_UNIT ( .MILLI., .METRE. ) );
#1228 = CARTESIAN_POINT ( 'NONE',  ( -0.5699999999999646461, 9.899999999999982592, -1.120000000000004103 ) ) ;
#1229 = ORIENTED_EDGE ( 'NONE', *, *, #1541, .T. ) ;
#1230 = DIRECTION ( 'NONE',  ( 1.000000000000000000, 0.0000000000000000000, 0.0000000000000000000 ) ) ;
#1231 = DIRECTION ( 'NONE',  ( -1.000000000000000000, 3.491483361109382461E-15, -1.219045606090366625E-29 ) ) ;
#1232 = ORIENTED_EDGE ( 'NONE', *, *, #1974, .T. ) ;
#1233 =( GEOMETRIC_REPRESENTATION_CONTEXT ( 3 ) GLOBAL_UNCERTAINTY_ASSIGNED_CONTEXT ( ( #1317 ) ) GLOBAL_UNIT_ASSIGNED_CONTEXT ( ( #1171, #1180, #1436 ) ) REPRESENTATION_CONTEXT ( 'NONE', 'WORKASPACE' ) );
#1234 = SURFACE_STYLE_FILL_AREA ( #1076 ) ;
#1235 = FILL_AREA_STYLE ('',( #2041 ) ) ;
#1236 = CARTESIAN_POINT ( 'NONE',  ( 5.910000000000000142, 3.200000000000041478, 4.249999999999989342 ) ) ;
#1237 = ORIENTED_EDGE ( 'NONE', *, *, #2560, .T. ) ;
#1238 = EDGE_CURVE ( 'NONE', #2675, #573, #728, .T. ) ;
#1239 = LINE ( 'NONE', #1773, #2439 ) ;
#1240 = VERTEX_POINT ( 'NONE', #2604 ) ;
#1241 = ORIENTED_EDGE ( 'NONE', *, *, #183, .T. ) ;
#1242 = APPLICATION_PROTOCOL_DEFINITION ( 'draft international standard', 'automotive_design', 1998, #2898 ) ;
#1243 = DIRECTION ( 'NONE',  ( -1.000000000000000000, 3.491483361109383250E-15, 1.902109074535850245E-16 ) ) ;
#1244 = VECTOR ( 'NONE', #902, 1000.000000000000000 ) ;
#1245 = ADVANCED_FACE ( 'NONE', ( #106 ), #978, .F. ) ;
#1246 =( LENGTH_UNIT ( ) NAMED_UNIT ( * ) SI_UNIT ( .MILLI., .METRE. ) );
#1247 = DIRECTION ( 'NONE',  ( 0.0000000000000000000, 3.491483361109382461E-15, 1.000000000000000000 ) ) ;
#1248 = FILL_AREA_STYLE_COLOUR ( '', #2680 ) ;
#1249 = LINE ( 'NONE', #2592, #813 ) ;
#1250 = DIRECTION ( 'NONE',  ( 0.1710878697460347375, 0.9702875252478153634, 0.1710878697460286035 ) ) ;
#1251 = EDGE_CURVE ( 'NONE', #805, #1917, #1752, .T. ) ;
#1252 = COLOUR_RGB ( '',0.9960784313725490335, 0.8705882352941176627, 0.7607843137254901578 ) ;
#1253 =( GEOMETRIC_REPRESENTATION_CONTEXT ( 3 ) GLOBAL_UNCERTAINTY_ASSIGNED_CONTEXT ( ( #298 ) ) GLOBAL_UNIT_ASSIGNED_CONTEXT ( ( #3028, #2599, #1193 ) ) REPRESENTATION_CONTEXT ( 'NONE', 'WORKASPACE' ) );
#1254 = FILL_AREA_STYLE ('',( #1942 ) ) ;
#1255 = PLANE ( 'NONE',  #3035 ) ;
#1256 = CARTESIAN_POINT ( 'NONE',  ( 4.660000000000032117, 9.399999999999982592, -2.817949192431159489 ) ) ;
#1257 = LINE ( 'NONE', #2393, #964 ) ;
#1258 = CARTESIAN_POINT ( 'NONE',  ( -4.529999999999961169, 3.200000000000020606, 0.02000000000001415576 ) ) ;
#1259 = SURFACE_SIDE_STYLE ('',( #1859 ) ) ;
#1260 = DIRECTION ( 'NONE',  ( 0.0000000000000000000, -3.491483361109382461E-15, -1.000000000000000000 ) ) ;
#1261 = PRESENTATION_STYLE_ASSIGNMENT (( #2355 ) ) ;
#1262 = COLOUR_RGB ( '',0.7921568627450980005, 0.8196078431372548767, 0.9333333333333333481 ) ;
#1263 = STYLED_ITEM ( 'NONE', ( #1985 ), #498 ) ;
#1264 = ADVANCED_FACE ( 'NONE', ( #350 ), #579, .T. ) ;
#1265 = SURFACE_STYLE_USAGE ( .BOTH. , #2909 ) ;
#1266 = FILL_AREA_STYLE_COLOUR ( '', #2477 ) ;
#1267 = LINE ( 'NONE', #2369, #7 ) ;
#1268 =( NAMED_UNIT ( * ) PLANE_ANGLE_UNIT ( ) SI_UNIT ( $, .RADIAN. ) );
#1269 = VECTOR ( 'NONE', #1172, 1000.000000000000000 ) ;
#1270 =( GEOMETRIC_REPRESENTATION_CONTEXT ( 3 ) GLOBAL_UNCERTAINTY_ASSIGNED_CONTEXT ( ( #1843 ) ) GLOBAL_UNIT_ASSIGNED_CONTEXT ( ( #1621, #2802, #1372 ) ) REPRESENTATION_CONTEXT ( 'NONE', 'WORKASPACE' ) );
#1271 = ORIENTED_EDGE ( 'NONE', *, *, #1639, .T. ) ;
#1272 = FILL_AREA_STYLE ('',( #2004 ) ) ;
#1273 = DIRECTION ( 'NONE',  ( -0.0000000000000000000, 1.000000000000000000, -3.491483361109382461E-15 ) ) ;
#1274 = CARTESIAN_POINT ( 'NONE',  ( 0.5366309925413625947, -2.889245045338790341, -1.086630992541335106 ) ) ;
#1275 = LINE ( 'NONE', #969, #1577 ) ;
#1276 = UNCERTAINTY_MEASURE_WITH_UNIT (LENGTH_MEASURE( 1.000000000000000082E-05 ), #1293, 'distance_accuracy_value', 'NONE');
#1277 = ORIENTED_EDGE ( 'NONE', *, *, #1750, .F. ) ;
#1278 = EDGE_CURVE ( 'NONE', #1324, #856, #1528, .T. ) ;
#1279 =( GEOMETRIC_REPRESENTATION_CONTEXT ( 3 ) GLOBAL_UNCERTAINTY_ASSIGNED_CONTEXT ( ( #1520 ) ) GLOBAL_UNIT_ASSIGNED_CONTEXT ( ( #2976, #349, #2746 ) ) REPRESENTATION_CONTEXT ( 'NONE', 'WORKASPACE' ) );
#1280 = FILL_AREA_STYLE_COLOUR ( '', #880 ) ;
#1281 = FACE_OUTER_BOUND ( 'NONE', #340, .T. ) ;
#1282 = DIRECTION ( 'NONE',  ( 1.902109074535985337E-16, 3.871905176016575387E-15, 1.000000000000000000 ) ) ;
#1283 = EDGE_LOOP ( 'NONE', ( #2720, #1574, #1726, #1201 ) ) ;
#1284 = COLOUR_RGB ( '',1.000000000000000000, 1.000000000000000000, 1.000000000000000000 ) ;
#1285 = UNCERTAINTY_MEASURE_WITH_UNIT (LENGTH_MEASURE( 1.000000000000000082E-05 ), #124, 'distance_accuracy_value', 'NONE');
#1286 = ORIENTED_EDGE ( 'NONE', *, *, #1152, .T. ) ;
#1287 = FACE_OUTER_BOUND ( 'NONE', #2243, .T. ) ;
#1288 =( NAMED_UNIT ( * ) PLANE_ANGLE_UNIT ( ) SI_UNIT ( $, .RADIAN. ) );
#1289 = ORIENTED_EDGE ( 'NONE', *, *, #1628, .F. ) ;
#1290 = ADVANCED_FACE ( 'NONE', ( #1484 ), #1800, .T. ) ;
#1291 = DIRECTION ( 'NONE',  ( -0.1710878697460284370, 0.9702875252478152523, -0.1710878697460353759 ) ) ;
#1292 = ORIENTED_EDGE ( 'NONE', *, *, #654, .T. ) ;
#1293 =( LENGTH_UNIT ( ) NAMED_UNIT ( * ) SI_UNIT ( .MILLI., .METRE. ) );
#1294 = FACE_OUTER_BOUND ( 'NONE', #2749, .T. ) ;
#1295 = ORIENTED_EDGE ( 'NONE', *, *, #1251, .T. ) ;
#1296 = EDGE_CURVE ( 'NONE', #48, #1194, #454, .T. ) ;
#1297 = PRESENTATION_STYLE_ASSIGNMENT (( #430 ) ) ;
#1298 = COLOUR_RGB ( '',0.9960784313725490335, 0.8705882352941176627, 0.7607843137254901578 ) ;
#1299 = CARTESIAN_POINT ( 'NONE',  ( 0.3936730192915229853, -3.699999999999997069, 0.02000000000003976722 ) ) ;
#1300 =( NAMED_UNIT ( * ) SI_UNIT ( $, .STERADIAN. ) SOLID_ANGLE_UNIT ( ) );
#1301 = CARTESIAN_POINT ( 'NONE',  ( 3.389999999999987690, 10.89999999999999503, 0.01999999999998530731 ) ) ;
#1302 = STYLED_ITEM ( 'NONE', ( #1700 ), #1797 ) ;
#1303 = ADVANCED_FACE ( 'NONE', ( #2523 ), #1072, .F. ) ;
#1304 = EDGE_CURVE ( 'NONE', #491, #2757, #1747, .T. ) ;
#1305 = PRESENTATION_STYLE_ASSIGNMENT (( #472 ) ) ;
#1306 = PLANE ( 'NONE',  #1143 ) ;
#1307 = EDGE_CURVE ( 'NONE', #2082, #3031, #2912, .T. ) ;
#1308 = CARTESIAN_POINT ( 'NONE',  ( 0.5700000000000392530, 10.90000000000000036, -1.120000000000014984 ) ) ;
#1309 = DIRECTION ( 'NONE',  ( -1.000000000000000000, 3.491483361109382461E-15, -1.219045606090366905E-29 ) ) ;
#1310 = VECTOR ( 'NONE', #424, 1000.000000000000227 ) ;
#1311 = MECHANICAL_DESIGN_GEOMETRIC_PRESENTATION_REPRESENTATION (  '', ( #530 ), #1961 ) ;
#1312 = ORIENTED_EDGE ( 'NONE', *, *, #2538, .T. ) ;
#1313 = CARTESIAN_POINT ( 'NONE',  ( -0.3936730192915465776, -3.699999999999997957, -0.9436730192914946080 ) ) ;
#1314 = ORIENTED_EDGE ( 'NONE', *, *, #2389, .T. ) ;
#1315 = EDGE_CURVE ( 'NONE', #1365, #2347, #613, .T. ) ;
#1316 = STYLED_ITEM ( 'NONE', ( #1334 ), #1494 ) ;
#1317 = UNCERTAINTY_MEASURE_WITH_UNIT (LENGTH_MEASURE( 1.000000000000000082E-05 ), #1171, 'distance_accuracy_value', 'NONE');
#1318 = FILL_AREA_STYLE ('',( #591 ) ) ;
#1319 = VERTEX_POINT ( 'NONE', #2047 ) ;
#1320 = CARTESIAN_POINT ( 'NONE',  ( 0.3936730192915741666, 10.90000000000000213, -1.120000000000014984 ) ) ;
#1321 = FACE_OUTER_BOUND ( 'NONE', #1556, .T. ) ;
#1322 =( NAMED_UNIT ( * ) SI_UNIT ( $, .STERADIAN. ) SOLID_ANGLE_UNIT ( ) );
#1323 = EDGE_CURVE ( 'NONE', #2082, #1128, #208, .T. ) ;
#1324 = VERTEX_POINT ( 'NONE', #852 ) ;
#1325 = PRESENTATION_LAYER_ASSIGNMENT (  '', '', ( #2844 ) ) ;
#1326 = VERTEX_POINT ( 'NONE', #2309 ) ;
#1327 = EDGE_LOOP ( 'NONE', ( #518, #2672, #1427, #1295 ) ) ;
#1328 = PRESENTATION_STYLE_ASSIGNMENT (( #265 ) ) ;
#1329 = LINE ( 'NONE', #1236, #1626 ) ;
#1330 = DIRECTION ( 'NONE',  ( 1.000000000000000000, -3.491483361109382461E-15, 1.219045606090367045E-29 ) ) ;
#1331 = VECTOR ( 'NONE', #1079, 1000.000000000000000 ) ;
#1332 = LINE ( 'NONE', #2655, #955 ) ;
#1333 = MECHANICAL_DESIGN_GEOMETRIC_PRESENTATION_REPRESENTATION (  '', ( #851 ), #3052 ) ;
#1334 = PRESENTATION_STYLE_ASSIGNMENT (( #2542 ) ) ;
#1335 = SURFACE_STYLE_USAGE ( .BOTH. , #2748 ) ;
#1336 = DIRECTION ( 'NONE',  ( -0.0000000000000000000, -1.000000000000000000, 3.250549545001492148E-15 ) ) ;
#1337 = LINE ( 'NONE', #2063, #66 ) ;
#1338 = EDGE_CURVE ( 'NONE', #1685, #2509, #2138, .T. ) ;
#1339 = PRESENTATION_LAYER_ASSIGNMENT (  '', '', ( #212 ) ) ;
#1340 = SURFACE_SIDE_STYLE ('',( #817 ) ) ;
#1341 = DIRECTION ( 'NONE',  ( 0.0000000000000000000, 1.000000000000000000, -3.746589754635383017E-15 ) ) ;
#1342 = AXIS2_PLACEMENT_3D ( 'NONE', #828, #1591, #1347 ) ;
#1343 = VECTOR ( 'NONE', #1852, 1000.000000000000000 ) ;
#1344 =( GEOMETRIC_REPRESENTATION_CONTEXT ( 3 ) GLOBAL_UNCERTAINTY_ASSIGNED_CONTEXT ( ( #756 ) ) GLOBAL_UNIT_ASSIGNED_CONTEXT ( ( #2194, #1735, #516 ) ) REPRESENTATION_CONTEXT ( 'NONE', 'WORKASPACE' ) );
#1345 = FILL_AREA_STYLE_COLOUR ( '', #2971 ) ;
#1346 = STYLED_ITEM ( 'NONE', ( #1305 ), #115 ) ;
#1347 = DIRECTION ( 'NONE',  ( -1.000000000000000000, 3.491483361109382461E-15, -1.219045606090366905E-29 ) ) ;
#1348 = PLANE ( 'NONE',  #2098 ) ;
#1349 = ORIENTED_EDGE ( 'NONE', *, *, #2102, .T. ) ;
#1350 = CARTESIAN_POINT ( 'NONE',  ( -4.529999999999971827, 9.900000000000003908, 0.01999999999998905431 ) ) ;
#1351 = ORIENTED_EDGE ( 'NONE', *, *, #2481, .T. ) ;
#1352 = PRESENTATION_STYLE_ASSIGNMENT (( #1846 ) ) ;
#1353 = ORIENTED_EDGE ( 'NONE', *, *, #2404, .F. ) ;
#1354 = SURFACE_STYLE_USAGE ( .BOTH. , #2764 ) ;
#1355 =( LENGTH_UNIT ( ) NAMED_UNIT ( * ) SI_UNIT ( .MILLI., .METRE. ) );
#1356 = EDGE_LOOP ( 'NONE', ( #408, #2479, #2333, #1957 ) ) ;
#1357 = VECTOR ( 'NONE', #2269, 1000.000000000000000 ) ;
#1358 = ORIENTED_EDGE ( 'NONE', *, *, #1706, .T. ) ;
#1359 = CARTESIAN_POINT ( 'NONE',  ( -3.389999999999964153, 9.899999999999998579, -1.120000000000014984 ) ) ;
#1360 = UNCERTAINTY_MEASURE_WITH_UNIT (LENGTH_MEASURE( 1.000000000000000082E-05 ), #30, 'distance_accuracy_value', 'NONE');
#1361 = CARTESIAN_POINT ( 'NONE',  ( 3.389999999999991687, -2.699999999999985523, 0.02000000000003626308 ) ) ;
#1362 = EDGE_CURVE ( 'NONE', #1665, #9, #2660, .T. ) ;
#1363 = VERTEX_POINT ( 'NONE', #2518 ) ;
#1364 =( GEOMETRIC_REPRESENTATION_CONTEXT ( 3 ) GLOBAL_UNCERTAINTY_ASSIGNED_CONTEXT ( ( #953 ) ) GLOBAL_UNIT_ASSIGNED_CONTEXT ( ( #2921, #1268, #1032 ) ) REPRESENTATION_CONTEXT ( 'NONE', 'WORKASPACE' ) );
#1365 = VERTEX_POINT ( 'NONE', #1359 ) ;
#1366 = VECTOR ( 'NONE', #2572, 1000.000000000000000 ) ;
#1367 = FACE_OUTER_BOUND ( 'NONE', #191, .T. ) ;
#1368 = EDGE_CURVE ( 'NONE', #2370, #2465, #141, .T. ) ;
#1369 = DIRECTION ( 'NONE',  ( 3.491483361109382461E-15, 1.000000000000000000, -0.0000000000000000000 ) ) ;
#1370 = CARTESIAN_POINT ( 'NONE',  ( -4.529999999999961169, 10.90000000000001990, -1.120000000000014984 ) ) ;
#1371 = PRESENTATION_LAYER_ASSIGNMENT (  '', '', ( #95 ) ) ;
#1372 =( NAMED_UNIT ( * ) SI_UNIT ( $, .STERADIAN. ) SOLID_ANGLE_UNIT ( ) );
#1373 = DIRECTION ( 'NONE',  ( 1.000000000000000000, -3.491483361109382461E-15, 1.219045606090366625E-29 ) ) ;
#1374 = VECTOR ( 'NONE', #2978, 1000.000000000000000 ) ;
#1375 = FACE_OUTER_BOUND ( 'NONE', #2940, .T. ) ;
#1376 = UNCERTAINTY_MEASURE_WITH_UNIT (LENGTH_MEASURE( 1.000000000000000082E-05 ), #961, 'distance_accuracy_value', 'NONE');
#1377 =( NAMED_UNIT ( * ) SI_UNIT ( $, .STERADIAN. ) SOLID_ANGLE_UNIT ( ) );
#1378 = PRESENTATION_STYLE_ASSIGNMENT (( #808 ) ) ;
#1379 = STYLED_ITEM ( 'NONE', ( #766 ), #1686 ) ;
#1380 = UNCERTAINTY_MEASURE_WITH_UNIT (LENGTH_MEASURE( 1.000000000000000082E-05 ), #2837, 'distance_accuracy_value', 'NONE');
#1381 = CARTESIAN_POINT ( 'NONE',  ( 4.660000000000000142, -2.356751268748832895E-14, -2.549999999999986944 ) ) ;
#1382 = EDGE_CURVE ( 'NONE', #1716, #1928, #2838, .T. ) ;
#1383 = PRESENTATION_LAYER_ASSIGNMENT (  '', '', ( #1809 ) ) ;
#1384 = CARTESIAN_POINT ( 'NONE',  ( -4.659999999999977938, 7.200000000000008171, -4.250000000000023093 ) ) ;
#1385 = DIRECTION ( 'NONE',  ( 3.491483361109382461E-15, 1.000000000000000000, -3.871905176016576176E-15 ) ) ;
#1386 = DIRECTION ( 'NONE',  ( 1.000000000000000000, -3.491483361109382461E-15, 1.219045606090366905E-29 ) ) ;
#1387 = EDGE_LOOP ( 'NONE', ( #1141, #3027, #1106, #1849 ) ) ;
#1388 = DIRECTION ( 'NONE',  ( 0.0000000000000000000, 1.000000000000000000, -3.746589754635383017E-15 ) ) ;
#1389 = EDGE_CURVE ( 'NONE', #411, #1783, #319, .T. ) ;
#1390 =( NAMED_UNIT ( * ) SI_UNIT ( $, .STERADIAN. ) SOLID_ANGLE_UNIT ( ) );
#1391 = ORIENTED_EDGE ( 'NONE', *, *, #1736, .T. ) ;
#1392 = CARTESIAN_POINT ( 'NONE',  ( -4.659999999999968168, 9.400000000000014566, -2.817949192431159489 ) ) ;
#1393 = CARTESIAN_POINT ( 'NONE',  ( 0.3988342967779059389, 10.87072894082576902, -0.1511657032221479513 ) ) ;
#1394 = VECTOR ( 'NONE', #370, 1000.000000000000000 ) ;
#1395 = CARTESIAN_POINT ( 'NONE',  ( 4.660000000000011688, -1.937773265415692595E-14, -2.549999999999958522 ) ) ;
#1396 = DIRECTION ( 'NONE',  ( 3.491483361109382461E-15, 1.000000000000000000, 0.0000000000000000000 ) ) ;
#1397 = ORIENTED_EDGE ( 'NONE', *, *, #2360, .F. ) ;
#1398 = SURFACE_STYLE_FILL_AREA ( #2275 ) ;
#1399 = ORIENTED_EDGE ( 'NONE', *, *, #2886, .T. ) ;
#1400 = ORIENTED_EDGE ( 'NONE', *, *, #983, .T. ) ;
#1401 =( NAMED_UNIT ( * ) SI_UNIT ( $, .STERADIAN. ) SOLID_ANGLE_UNIT ( ) );
#1402 = DIRECTION ( 'NONE',  ( -1.000000000000000000, 3.491483361109382461E-15, -1.219045606090367045E-29 ) ) ;
#1403 = VECTOR ( 'NONE', #2443, 1000.000000000000000 ) ;
#1404 = EDGE_LOOP ( 'NONE', ( #864, #2086, #1022, #1644, #308, #1011, #2204, #18, #2272, #913 ) ) ;
#1405 =( GEOMETRIC_REPRESENTATION_CONTEXT ( 3 ) GLOBAL_UNCERTAINTY_ASSIGNED_CONTEXT ( ( #377 ) ) GLOBAL_UNIT_ASSIGNED_CONTEXT ( ( #2171, #2628, #1905 ) ) REPRESENTATION_CONTEXT ( 'NONE', 'WORKASPACE' ) );
#1406 = CARTESIAN_POINT ( 'NONE',  ( -0.5700000000000124967, -3.699999999999993516, 0.02000000000003995110 ) ) ;
#1407 = CARTESIAN_POINT ( 'NONE',  ( -0.5700000000000086109, -2.699999999999978417, -1.119999999999962359 ) ) ;
#1408 = ORIENTED_EDGE ( 'NONE', *, *, #1906, .T. ) ;
#1409 = COLOUR_RGB ( '',1.000000000000000000, 1.000000000000000000, 1.000000000000000000 ) ;
#1410 = LINE ( 'NONE', #786, #2136 ) ;
#1411 = PRESENTATION_STYLE_ASSIGNMENT (( #1335 ) ) ;
#1412 = FILL_AREA_STYLE ('',( #221 ) ) ;
#1413 = EDGE_CURVE ( 'NONE', #449, #1850, #2762, .T. ) ;
#1414 = CARTESIAN_POINT ( 'NONE',  ( 5.910000000000000142, 1.029992063861229055E-14, 4.249999999999994671 ) ) ;
#1415 = FILL_AREA_STYLE_COLOUR ( '', #976 ) ;
#1416 = UNCERTAINTY_MEASURE_WITH_UNIT (LENGTH_MEASURE( 1.000000000000000082E-05 ), #34, 'distance_accuracy_value', 'NONE');
#1417 = VECTOR ( 'NONE', #2365, 1000.000000000000000 ) ;
#1418 = PRESENTATION_LAYER_ASSIGNMENT (  '', '', ( #21 ) ) ;
#1419 = UNCERTAINTY_MEASURE_WITH_UNIT (LENGTH_MEASURE( 1.000000000000000082E-05 ), #2364, 'distance_accuracy_value', 'NONE');
#1420 = PRESENTATION_STYLE_ASSIGNMENT (( #2778 ) ) ;
#1421 = SURFACE_STYLE_USAGE ( .BOTH. , #2841 ) ;
#1422 = SURFACE_SIDE_STYLE ('',( #2469 ) ) ;
#1423 = EDGE_CURVE ( 'NONE', #9, #1783, #3046, .T. ) ;
#1424 = MECHANICAL_DESIGN_GEOMETRIC_PRESENTATION_REPRESENTATION (  '', ( #2057 ), #2391 ) ;
#1425 = PRESENTATION_STYLE_ASSIGNMENT (( #2796 ) ) ;
#1426 = DIRECTION ( 'NONE',  ( -1.000000000000000000, 3.491483361109382461E-15, -1.219045606090366905E-29 ) ) ;
#1427 = ORIENTED_EDGE ( 'NONE', *, *, #1674, .T. ) ;
#1428 = VERTEX_POINT ( 'NONE', #2556 ) ;
#1429 =( NAMED_UNIT ( * ) PLANE_ANGLE_UNIT ( ) SI_UNIT ( $, .RADIAN. ) );
#1430 = FACE_OUTER_BOUND ( 'NONE', #671, .T. ) ;
#1431 =( NAMED_UNIT ( * ) SI_UNIT ( $, .STERADIAN. ) SOLID_ANGLE_UNIT ( ) );
#1432 = FILL_AREA_STYLE_COLOUR ( '', #2172 ) ;
#1433 = ORIENTED_EDGE ( 'NONE', *, *, #1648, .F. ) ;
#1434 = PRESENTATION_LAYER_ASSIGNMENT (  '', '', ( #724 ) ) ;
#1435 = PRESENTATION_STYLE_ASSIGNMENT (( #2253 ) ) ;
#1436 =( NAMED_UNIT ( * ) SI_UNIT ( $, .STERADIAN. ) SOLID_ANGLE_UNIT ( ) );
#1437 = ORIENTED_EDGE ( 'NONE', *, *, #84, .F. ) ;
#1438 = ORIENTED_EDGE ( 'NONE', *, *, #1219, .T. ) ;
#1439 = DIRECTION ( 'NONE',  ( -0.1710878697460289366, 0.9702875252478163626, 0.1710878697460287701 ) ) ;
#1440 = ORIENTED_EDGE ( 'NONE', *, *, #1196, .F. ) ;
#1441 = AXIS2_PLACEMENT_3D ( 'NONE', #2767, #2533, #2759 ) ;
#1442 = EDGE_LOOP ( 'NONE', ( #1657, #597, #609, #948 ) ) ;
#1443 = DIRECTION ( 'NONE',  ( -9.036623895136614724E-16, -0.2588190451025216832, -0.9659258262890680902 ) ) ;
#1444 = CARTESIAN_POINT ( 'NONE',  ( -0.3936730192914961179, 10.90000000000000924, 0.01999999999998530731 ) ) ;
#1445 = DIRECTION ( 'NONE',  ( -1.902109074535985337E-16, -3.871905176016575387E-15, -1.000000000000000000 ) ) ;
#1446 =( LENGTH_UNIT ( ) NAMED_UNIT ( * ) SI_UNIT ( .MILLI., .METRE. ) );
#1447 = PLANE ( 'NONE',  #938 ) ;
#1448 =( NAMED_UNIT ( * ) PLANE_ANGLE_UNIT ( ) SI_UNIT ( $, .RADIAN. ) );
#1449 = FILL_AREA_STYLE ('',( #772 ) ) ;
#1450 = FACE_BOUND ( 'NONE', #2910, .T. ) ;
#1451 = FILL_AREA_STYLE_COLOUR ( '', #1158 ) ;
#1452 = EDGE_CURVE ( 'NONE', #2162, #300, #763, .T. ) ;
#1453 = FILL_AREA_STYLE_COLOUR ( '', #1181 ) ;
#1454 = SURFACE_SIDE_STYLE ('',( #2383 ) ) ;
#1455 = SURFACE_STYLE_FILL_AREA ( #749 ) ;
#1456 = DIRECTION ( 'NONE',  ( -1.328236436951498929E-30, -3.871905176016576176E-15, -1.000000000000000000 ) ) ;
#1457 = FACE_OUTER_BOUND ( 'NONE', #2226, .T. ) ;
#1458 = SURFACE_STYLE_FILL_AREA ( #457 ) ;
#1459 = SURFACE_SIDE_STYLE ('',( #846 ) ) ;
#1460 = MECHANICAL_DESIGN_GEOMETRIC_PRESENTATION_REPRESENTATION (  '', ( #21 ), #2568 ) ;
#1461 = DIRECTION ( 'NONE',  ( -1.328236436951498929E-30, -3.871905176016576176E-15, -1.000000000000000000 ) ) ;
#1462 = ADVANCED_FACE ( 'NONE', ( #2799 ), #631, .F. ) ;
#1463 = SURFACE_STYLE_USAGE ( .BOTH. , #2635 ) ;
#1464 = DIRECTION ( 'NONE',  ( 0.0000000000000000000, 1.000000000000000000, -8.658744778912637174E-15 ) ) ;
#1465 = SURFACE_SIDE_STYLE ('',( #2002 ) ) ;
#1466 = EDGE_CURVE ( 'NONE', #1559, #229, #649, .T. ) ;
#1467 = AXIS2_PLACEMENT_3D ( 'NONE', #1019, #770, #1496 ) ;
#1468 = ORIENTED_EDGE ( 'NONE', *, *, #2071, .F. ) ;
#1469 = CARTESIAN_POINT ( 'NONE',  ( 0.3936730192915743887, 10.90000000000000568, 0.01999999999998512343 ) ) ;
#1470 = DIRECTION ( 'NONE',  ( -2.468851561040445203E-15, -0.7071067811865454633, 0.7071067811865495711 ) ) ;
#1471 = EDGE_CURVE ( 'NONE', #224, #2505, #2977, .T. ) ;
#1472 = ORIENTED_EDGE ( 'NONE', *, *, #117, .F. ) ;
#1473 =( NAMED_UNIT ( * ) SI_UNIT ( $, .STERADIAN. ) SOLID_ANGLE_UNIT ( ) );
#1474 = DIRECTION ( 'NONE',  ( 1.902109074535985337E-16, 3.871905176016575387E-15, 1.000000000000000000 ) ) ;
#1475 = DIRECTION ( 'NONE',  ( 3.491483361109383250E-15, 1.000000000000000000, -0.0000000000000000000 ) ) ;
#1476 = ORIENTED_EDGE ( 'NONE', *, *, #513, .F. ) ;
#1477 = VERTEX_POINT ( 'NONE', #1613 ) ;
#1478 =( GEOMETRIC_REPRESENTATION_CONTEXT ( 3 ) GLOBAL_UNCERTAINTY_ASSIGNED_CONTEXT ( ( #264 ) ) GLOBAL_UNIT_ASSIGNED_CONTEXT ( ( #1094, #2283, #1792 ) ) REPRESENTATION_CONTEXT ( 'NONE', 'WORKASPACE' ) );
#1479 = CARTESIAN_POINT ( 'NONE',  ( 3.390000000000038760, 10.89999999999998970, -1.120000000000014984 ) ) ;
#1480 = COLOUR_RGB ( '',0.9960784313725490335, 0.8705882352941176627, 0.7607843137254901578 ) ;
#1481 = CARTESIAN_POINT ( 'NONE',  ( -4.660000000000001030, 1.002055724638391385E-14, -3.450000000000004174 ) ) ;
#1482 = VECTOR ( 'NONE', #1291, 1000.000000000000114 ) ;
#1483 =( GEOMETRIC_REPRESENTATION_CONTEXT ( 3 ) GLOBAL_UNCERTAINTY_ASSIGNED_CONTEXT ( ( #1753 ) ) GLOBAL_UNIT_ASSIGNED_CONTEXT ( ( #541, #2453, #1024 ) ) REPRESENTATION_CONTEXT ( 'NONE', 'WORKASPACE' ) );
#1484 = FACE_OUTER_BOUND ( 'NONE', #2017, .T. ) ;
#1485 = FACE_OUTER_BOUND ( 'NONE', #1327, .T. ) ;
#1486 = SURFACE_STYLE_USAGE ( .BOTH. , #96 ) ;
#1487 = DIRECTION ( 'NONE',  ( -1.328236436951498929E-30, -3.871905176016576176E-15, -1.000000000000000000 ) ) ;
#1488 = EDGE_CURVE ( 'NONE', #2505, #1319, #1109, .T. ) ;
#1489 = PRESENTATION_LAYER_ASSIGNMENT (  '', '', ( #241 ) ) ;
#1490 = APPLICATION_PROTOCOL_DEFINITION ( 'draft international standard', 'automotive_design', 1998, #740 ) ;
#1491 = VECTOR ( 'NONE', #785, 1000.000000000000227 ) ;
#1492 = SURFACE_SIDE_STYLE ('',( #606 ) ) ;
#1493 =( GEOMETRIC_REPRESENTATION_CONTEXT ( 3 ) GLOBAL_UNCERTAINTY_ASSIGNED_CONTEXT ( ( #27 ) ) GLOBAL_UNIT_ASSIGNED_CONTEXT ( ( #275, #1429, #1936 ) ) REPRESENTATION_CONTEXT ( 'NONE', 'WORKASPACE' ) );
#1494 = ADVANCED_FACE ( 'NONE', ( #1485 ), #1593, .T. ) ;
#1495 =( LENGTH_UNIT ( ) NAMED_UNIT ( * ) SI_UNIT ( .MILLI., .METRE. ) );
#1496 = DIRECTION ( 'NONE',  ( 1.000000000000000000, 0.0000000000000000000, 0.0000000000000000000 ) ) ;
#1497 = SURFACE_STYLE_USAGE ( .BOTH. , #1217 ) ;
#1498 =( NAMED_UNIT ( * ) PLANE_ANGLE_UNIT ( ) SI_UNIT ( $, .RADIAN. ) );
#1499 = PRESENTATION_STYLE_ASSIGNMENT (( #1891 ) ) ;
#1500 =( GEOMETRIC_REPRESENTATION_CONTEXT ( 3 ) GLOBAL_UNCERTAINTY_ASSIGNED_CONTEXT ( ( #722 ) ) GLOBAL_UNIT_ASSIGNED_CONTEXT ( ( #2692, #2430, #2472 ) ) REPRESENTATION_CONTEXT ( 'NONE', 'WORKASPACE' ) );
#1501 = CARTESIAN_POINT ( 'NONE',  ( -0.5699999999999612044, 10.90000000000000391, -1.120000000000014984 ) ) ;
#1502 = CARTESIAN_POINT ( 'NONE',  ( 3.390000000000038760, 10.89999999999998970, -1.120000000000014984 ) ) ;
#1503 = DIRECTION ( 'NONE',  ( 0.0000000000000000000, -1.000000000000000000, 3.491483361109382461E-15 ) ) ;
#1504 = FACE_OUTER_BOUND ( 'NONE', #2895, .T. ) ;
#1505 = ORIENTED_EDGE ( 'NONE', *, *, #826, .F. ) ;
#1506 = SURFACE_STYLE_FILL_AREA ( #2823 ) ;
#1507 = MECHANICAL_DESIGN_GEOMETRIC_PRESENTATION_REPRESENTATION (  '', ( #611 ), #405 ) ;
#1508 =( NAMED_UNIT ( * ) SI_UNIT ( $, .STERADIAN. ) SOLID_ANGLE_UNIT ( ) );
#1509 = FILL_AREA_STYLE ('',( #2937 ) ) ;
#1510 = EDGE_LOOP ( 'NONE', ( #186, #485, #367, #1314 ) ) ;
#1511 = FILL_AREA_STYLE_COLOUR ( '', #3025 ) ;
#1512 = ORIENTED_EDGE ( 'NONE', *, *, #2950, .F. ) ;
#1513 = MECHANICAL_DESIGN_GEOMETRIC_PRESENTATION_REPRESENTATION (  '', ( #2576 ), #1344 ) ;
#1514 = ADVANCED_FACE ( 'NONE', ( #690 ), #1348, .T. ) ;
#1515 = PRESENTATION_STYLE_ASSIGNMENT (( #316 ) ) ;
#1516 = CARTESIAN_POINT ( 'NONE',  ( -4.660000000000001030, 0.3000000000000048184, -3.750000000000000888 ) ) ;
#1517 = VERTEX_POINT ( 'NONE', #2105 ) ;
#1518 = FILL_AREA_STYLE ('',( #70 ) ) ;
#1519 = MECHANICAL_DESIGN_GEOMETRIC_PRESENTATION_REPRESENTATION (  '', ( #638 ), #698 ) ;
#1520 = UNCERTAINTY_MEASURE_WITH_UNIT (LENGTH_MEASURE( 1.000000000000000082E-05 ), #2976, 'distance_accuracy_value', 'NONE');
#1521 = LINE ( 'NONE', #581, #2941 ) ;
#1522 = SURFACE_STYLE_USAGE ( .BOTH. , #305 ) ;
#1523 = SURFACE_STYLE_USAGE ( .BOTH. , #558 ) ;
#1524 = EDGE_LOOP ( 'NONE', ( #1092, #3004, #717, #941 ) ) ;
#1525 = LINE ( 'NONE', #1996, #1108 ) ;
#1526 = UNCERTAINTY_MEASURE_WITH_UNIT (LENGTH_MEASURE( 1.000000000000000082E-05 ), #2923, 'distance_accuracy_value', 'NONE');
#1527 = CARTESIAN_POINT ( 'NONE',  ( -4.659999999999975273, 7.500000000000002665, -4.250000000000023981 ) ) ;
#1528 = LINE ( 'NONE', #2067, #2318 ) ;
#1529 = VECTOR ( 'NONE', #2189, 1000.000000000000000 ) ;
#1530 = DIRECTION ( 'NONE',  ( 0.0000000000000000000, -3.491483361109382461E-15, -1.000000000000000000 ) ) ;
#1531 = CARTESIAN_POINT ( 'NONE',  ( -0.3936730192914962290, 10.90000000000000746, -0.1563269807084797514 ) ) ;
#1532 = VECTOR ( 'NONE', #1886, 1000.000000000000000 ) ;
#1533 = MECHANICAL_DESIGN_GEOMETRIC_PRESENTATION_REPRESENTATION (  '', ( #2073 ), #2531 ) ;
#1534 =( LENGTH_UNIT ( ) NAMED_UNIT ( * ) SI_UNIT ( .MILLI., .METRE. ) );
#1535 = DIRECTION ( 'NONE',  ( 1.000000000000000000, -3.337086476537728329E-45, -8.906997283086555699E-31 ) ) ;
#1536 = EDGE_CURVE ( 'NONE', #1920, #300, #2840, .T. ) ;
#1537 = PRESENTATION_LAYER_ASSIGNMENT (  '', '', ( #713 ) ) ;
#1538 = DIRECTION ( 'NONE',  ( 3.491483361109382461E-15, 1.000000000000000000, -3.871905176016576176E-15 ) ) ;
#1539 = LINE ( 'NONE', #2155, #1709 ) ;
#1540 = CARTESIAN_POINT ( 'NONE',  ( 3.389999999999991687, -2.699999999999990408, -1.119999999999962359 ) ) ;
#1541 = EDGE_CURVE ( 'NONE', #478, #1820, #725, .T. ) ;
#1542 = PLANE ( 'NONE',  #2292 ) ;
#1543 =( NAMED_UNIT ( * ) SI_UNIT ( $, .STERADIAN. ) SOLID_ANGLE_UNIT ( ) );
#1544 = VECTOR ( 'NONE', #2615, 1000.000000000000000 ) ;
#1545 = STYLED_ITEM ( 'NONE', ( #2281 ), #605 ) ;
#1546 = CARTESIAN_POINT ( 'NONE',  ( -4.529999999999961169, 10.90000000000001990, 0.01999999999998530731 ) ) ;
#1547 = VECTOR ( 'NONE', #653, 1000.000000000000000 ) ;
#1548 = ORIENTED_EDGE ( 'NONE', *, *, #1110, .T. ) ;
#1549 = CARTESIAN_POINT ( 'NONE',  ( -3.566326980708476757, -3.699999999999983302, 0.02000000000003976722 ) ) ;
#1550 = ORIENTED_EDGE ( 'NONE', *, *, #1648, .T. ) ;
#1551 = EDGE_CURVE ( 'NONE', #240, #237, #1179, .T. ) ;
#1552 = VECTOR ( 'NONE', #1052, 1000.000000000000000 ) ;
#1553 = STYLED_ITEM ( 'NONE', ( #1189 ), #2908 ) ;
#1554 = PRESENTATION_STYLE_ASSIGNMENT (( #2570 ) ) ;
#1555 = SURFACE_STYLE_USAGE ( .BOTH. , #344 ) ;
#1556 = EDGE_LOOP ( 'NONE', ( #1358, #2315, #366, #1476 ) ) ;
#1557 = LINE ( 'NONE', #1549, #2716 ) ;
#1558 = ORIENTED_EDGE ( 'NONE', *, *, #1793, .T. ) ;
#1559 = VERTEX_POINT ( 'NONE', #2866 ) ;
#1560 = UNCERTAINTY_MEASURE_WITH_UNIT (LENGTH_MEASURE( 1.000000000000000082E-05 ), #1355, 'distance_accuracy_value', 'NONE');
#1561 = VERTEX_POINT ( 'NONE', #1954 ) ;
#1562 = EDGE_CURVE ( 'NONE', #1326, #48, #1981, .T. ) ;
#1563 = CARTESIAN_POINT ( 'NONE',  ( -0.5699999999999612044, 10.90000000000000924, -0.1563269807084798624 ) ) ;
#1564 = FACE_OUTER_BOUND ( 'NONE', #1224, .T. ) ;
#1565 = CARTESIAN_POINT ( 'NONE',  ( -4.529999999999961169, 10.90000000000001990, -1.120000000000014984 ) ) ;
#1566 = VECTOR ( 'NONE', #2220, 1000.000000000000114 ) ;
#1567 = AXIS2_PLACEMENT_3D ( 'NONE', #2856, #2167, #1680 ) ;
#1568 =( NAMED_UNIT ( * ) SI_UNIT ( $, .STERADIAN. ) SOLID_ANGLE_UNIT ( ) );
#1569 = LINE ( 'NONE', #1874, #2259 ) ;
#1570 = ADVANCED_FACE ( 'NONE', ( #1658 ), #2924, .F. ) ;
#1571 = VERTEX_POINT ( 'NONE', #2667 ) ;
#1572 = CARTESIAN_POINT ( 'NONE',  ( -4.530000000000009130, -2.699999999999955769, 0.02000000000003626308 ) ) ;
#1573 = PRESENTATION_STYLE_ASSIGNMENT (( #2013 ) ) ;
#1574 = ORIENTED_EDGE ( 'NONE', *, *, #2334, .T. ) ;
#1575 =( NAMED_UNIT ( * ) PLANE_ANGLE_UNIT ( ) SI_UNIT ( $, .RADIAN. ) );
#1576 =( GEOMETRIC_REPRESENTATION_CONTEXT ( 3 ) GLOBAL_UNCERTAINTY_ASSIGNED_CONTEXT ( ( #1186 ) ) GLOBAL_UNIT_ASSIGNED_CONTEXT ( ( #1041, #807, #2001 ) ) REPRESENTATION_CONTEXT ( 'NONE', 'WORKASPACE' ) );
#1577 = VECTOR ( 'NONE', #1892, 1000.000000000000000 ) ;
#1578 = ORIENTED_EDGE ( 'NONE', *, *, #2896, .T. ) ;
#1579 = DIRECTION ( 'NONE',  ( 6.062897230110397608E-16, 0.1736481776669230592, -0.9848077530122093526 ) ) ;
#1580 = DIRECTION ( 'NONE',  ( 1.219045606090367045E-29, -4.256277450098019044E-44, -1.000000000000000000 ) ) ;
#1581 =( NAMED_UNIT ( * ) PLANE_ANGLE_UNIT ( ) SI_UNIT ( $, .RADIAN. ) );
#1582 = EDGE_CURVE ( 'NONE', #1917, #2414, #1978, .T. ) ;
#1583 = ORIENTED_EDGE ( 'NONE', *, *, #242, .T. ) ;
#1584 = PRESENTATION_STYLE_ASSIGNMENT (( #1354 ) ) ;
#1585 = SURFACE_STYLE_FILL_AREA ( #2970 ) ;
#1586 = VERTEX_POINT ( 'NONE', #574 ) ;
#1587 = EDGE_CURVE ( 'NONE', #363, #1665, #1410, .T. ) ;
#1588 = ORIENTED_EDGE ( 'NONE', *, *, #937, .F. ) ;
#1589 = VECTOR ( 'NONE', #957, 1000.000000000000000 ) ;
#1590 = CARTESIAN_POINT ( 'NONE',  ( -4.660000000000001030, 8.973112238051115950E-15, -2.549999999999986944 ) ) ;
#1591 = DIRECTION ( 'NONE',  ( 6.062897230110440995E-16, 0.1736481776669311916, 0.9848077530122080203 ) ) ;
#1592 = PRESENTATION_LAYER_ASSIGNMENT (  '', '', ( #209 ) ) ;
#1593 = PLANE ( 'NONE',  #1441 ) ;
#1594 = DIRECTION ( 'NONE',  ( 1.174510619674934197E-29, 3.363930164346381591E-15, 1.000000000000000000 ) ) ;
#1595 = MECHANICAL_DESIGN_GEOMETRIC_PRESENTATION_REPRESENTATION (  '', ( #1969 ), #1270 ) ;
#1596 = CARTESIAN_POINT ( 'NONE',  ( -0.3988342967778279458, 10.87072894082576902, -0.9488342967778817805 ) ) ;
#1597 = SURFACE_STYLE_FILL_AREA ( #1967 ) ;
#1598 = PLANE ( 'NONE',  #1216 ) ;
#1599 = CARTESIAN_POINT ( 'NONE',  ( -4.530000000000009130, -2.699999999999962874, -1.119999999999964135 ) ) ;
#1600 = EDGE_CURVE ( 'NONE', #1025, #719, #1788, .T. ) ;
#1601 = VECTOR ( 'NONE', #380, 1000.000000000000000 ) ;
#1602 = STYLED_ITEM ( 'NONE', ( #942 ), #2228 ) ;
#1603 = SURFACE_STYLE_USAGE ( .BOTH. , #1114 ) ;
#1604 = ORIENTED_EDGE ( 'NONE', *, *, #2896, .F. ) ;
#1605 = UNCERTAINTY_MEASURE_WITH_UNIT (LENGTH_MEASURE( 1.000000000000000082E-05 ), #672, 'distance_accuracy_value', 'NONE');
#1606 =( LENGTH_UNIT ( ) NAMED_UNIT ( * ) SI_UNIT ( .MILLI., .METRE. ) );
#1607 = VECTOR ( 'NONE', #181, 1000.000000000000000 ) ;
#1608 = PRESENTATION_LAYER_ASSIGNMENT (  '', '', ( #2975 ) ) ;
#1609 = UNCERTAINTY_MEASURE_WITH_UNIT (LENGTH_MEASURE( 1.000000000000000082E-05 ), #362, 'distance_accuracy_value', 'NONE');
#1610 = SURFACE_STYLE_USAGE ( .BOTH. , #2808 ) ;
#1611 = CARTESIAN_POINT ( 'NONE',  ( -0.5699999999999992850, -2.699999999999978417, -1.119999999999964135 ) ) ;
#1612 = LINE ( 'NONE', #1527, #2744 ) ;
#1613 = CARTESIAN_POINT ( 'NONE',  ( -4.353673019291547597, -3.699999999999984190, -0.9436730192914946080 ) ) ;
#1614 = ORIENTED_EDGE ( 'NONE', *, *, #1362, .T. ) ;
#1615 = DIRECTION ( 'NONE',  ( 1.000000000000000000, -3.491483361109382461E-15, 1.219045606090366905E-29 ) ) ;
#1616 = LINE ( 'NONE', #2135, #2122 ) ;
#1617 = DIRECTION ( 'NONE',  ( 3.491483361109383250E-15, 1.000000000000000000, -0.0000000000000000000 ) ) ;
#1618 = CARTESIAN_POINT ( 'NONE',  ( -0.3988342967778279458, 10.87072894082577257, -0.1511657032221480901 ) ) ;
#1619 = ORIENTED_EDGE ( 'NONE', *, *, #2886, .F. ) ;
#1620 = ORIENTED_EDGE ( 'NONE', *, *, #3023, .T. ) ;
#1621 =( LENGTH_UNIT ( ) NAMED_UNIT ( * ) SI_UNIT ( .MILLI., .METRE. ) );
#1622 = CARTESIAN_POINT ( 'NONE',  ( -4.529999999999961169, 10.90000000000001990, -1.120000000000014984 ) ) ;
#1623 = EDGE_CURVE ( 'NONE', #1561, #1975, #921, .T. ) ;
#1624 = LINE ( 'NONE', #636, #2973 ) ;
#1625 = FILL_AREA_STYLE_COLOUR ( '', #1026 ) ;
#1626 = VECTOR ( 'NONE', #1273, 1000.000000000000000 ) ;
#1627 = SURFACE_SIDE_STYLE ('',( #2988 ) ) ;
#1628 = EDGE_CURVE ( 'NONE', #2892, #1194, #1329, .T. ) ;
#1629 = CARTESIAN_POINT ( 'NONE',  ( -5.909999999999989484, 3.200000000000000178, 4.249999999999989342 ) ) ;
#1630 = LINE ( 'NONE', #1637, #2285 ) ;
#1631 = LINE ( 'NONE', #2050, #1149 ) ;
#1632 = CARTESIAN_POINT ( 'NONE',  ( 3.566326980708453664, -3.700000000000008615, 0.02000000000003995110 ) ) ;
#1633 = PRESENTATION_LAYER_ASSIGNMENT (  '', '', ( #2876 ) ) ;
#1634 = FILL_AREA_STYLE_COLOUR ( '', #150 ) ;
#1635 = PRESENTATION_LAYER_ASSIGNMENT (  '', '', ( #2913 ) ) ;
#1636 = PLANE ( 'NONE',  #223 ) ;
#1637 = CARTESIAN_POINT ( 'NONE',  ( -0.5699999999999612044, 3.200000000000006839, 0.02000000000001415576 ) ) ;
#1638 = SURFACE_STYLE_USAGE ( .BOTH. , #2842 ) ;
#1639 = EDGE_CURVE ( 'NONE', #2543, #1932, #1067, .T. ) ;
#1640 = CARTESIAN_POINT ( 'NONE',  ( -0.5700000000000124967, -3.699999999999994404, -0.1563269807084253227 ) ) ;
#1641 = DIRECTION ( 'NONE',  ( 1.000000000000000000, -3.491483361109382461E-15, 1.219045606090366905E-29 ) ) ;
#1642 = EDGE_LOOP ( 'NONE', ( #130, #3008, #138, #334 ) ) ;
#1643 =( GEOMETRIC_REPRESENTATION_CONTEXT ( 3 ) GLOBAL_UNCERTAINTY_ASSIGNED_CONTEXT ( ( #2681 ) ) GLOBAL_UNIT_ASSIGNED_CONTEXT ( ( #418, #3022, #2357 ) ) REPRESENTATION_CONTEXT ( 'NONE', 'WORKASPACE' ) );
#1644 = ORIENTED_EDGE ( 'NONE', *, *, #2774, .F. ) ;
#1645 = DIRECTION ( 'NONE',  ( -3.491483361109383250E-15, -1.000000000000000000, 0.0000000000000000000 ) ) ;
#1646 = PRESENTATION_STYLE_ASSIGNMENT (( #1638 ) ) ;
#1647 = ORIENTED_EDGE ( 'NONE', *, *, #40, .T. ) ;
#1648 = EDGE_CURVE ( 'NONE', #1095, #1559, #2948, .T. ) ;
#1649 = AXIS2_PLACEMENT_3D ( 'NONE', #1807, #2289, #2491 ) ;
#1650 = ORIENTED_EDGE ( 'NONE', *, *, #2284, .F. ) ;
#1651 = CARTESIAN_POINT ( 'NONE',  ( -3.389999999999960600, 10.90000000000001634, -1.120000000000014984 ) ) ;
#1652 = COLOUR_RGB ( '',0.9960784313725490335, 0.8705882352941176627, 0.7607843137254901578 ) ;
#1653 = ORIENTED_EDGE ( 'NONE', *, *, #2102, .F. ) ;
#1654 = PRESENTATION_LAYER_ASSIGNMENT (  '', '', ( #2758 ) ) ;
#1655 = DIRECTION ( 'NONE',  ( 3.491483361109382461E-15, 1.000000000000000000, 0.0000000000000000000 ) ) ;
#1656 = DIRECTION ( 'NONE',  ( -3.491483361109383250E-15, -1.000000000000000000, 0.0000000000000000000 ) ) ;
#1657 = ORIENTED_EDGE ( 'NONE', *, *, #943, .F. ) ;
#1658 = FACE_OUTER_BOUND ( 'NONE', #565, .T. ) ;
#1659 = CARTESIAN_POINT ( 'NONE',  ( -4.530000000000009130, -2.699999999999964650, -1.119999999999962359 ) ) ;
#1660 = STYLED_ITEM ( 'NONE', ( #31 ), #312 ) ;
#1661 = CARTESIAN_POINT ( 'NONE',  ( -4.353673019291497859, 10.90000000000001990, -0.1563269807084784746 ) ) ;
#1662 = CARTESIAN_POINT ( 'NONE',  ( 3.390000000000000568, -1.040834085586084257E-14, -1.120000000000014984 ) ) ;
#1663 = PRODUCT ( 'B3P-VH(LF)(SN)', 'B3P-VH(LF)(SN)', '', ( #1684 ) ) ;
#1664 = LINE ( 'NONE', #1659, #927 ) ;
#1665 = VERTEX_POINT ( 'NONE', #811 ) ;
#1666 =( GEOMETRIC_REPRESENTATION_CONTEXT ( 3 ) GLOBAL_UNCERTAINTY_ASSIGNED_CONTEXT ( ( #2484 ) ) GLOBAL_UNIT_ASSIGNED_CONTEXT ( ( #368, #2525, #1831 ) ) REPRESENTATION_CONTEXT ( 'NONE', 'WORKASPACE' ) );
#1667 = CARTESIAN_POINT ( 'NONE',  ( 4.530000000000039329, 10.89999999999998614, -1.120000000000014984 ) ) ;
#1668 = ADVANCED_FACE ( 'NONE', ( #500 ), #1542, .T. ) ;
#1669 = PLANE ( 'NONE',  #972 ) ;
#1670 = CARTESIAN_POINT ( 'NONE',  ( 4.660000000000000142, -1.937773265415692595E-14, -2.549999999999958522 ) ) ;
#1671 = COLOUR_RGB ( '',0.9960784313725490335, 0.8705882352941176627, 0.7607843137254901578 ) ;
#1672 = CARTESIAN_POINT ( 'NONE',  ( 3.389999999999987690, -3.700000000000009059, -0.1563269807084253504 ) ) ;
#1673 = FILL_AREA_STYLE ('',( #2850 ) ) ;
#1674 = EDGE_CURVE ( 'NONE', #1812, #805, #1699, .T. ) ;
#1675 = SURFACE_SIDE_STYLE ('',( #3032 ) ) ;
#1676 = MECHANICAL_DESIGN_GEOMETRIC_PRESENTATION_REPRESENTATION (  '', ( #2956 ), #2437 ) ;
#1677 = LINE ( 'NONE', #771, #743 ) ;
#1678 = ORIENTED_EDGE ( 'NONE', *, *, #2045, .F. ) ;
#1679 = DIRECTION ( 'NONE',  ( -8.906997283086555699E-31, -3.746589754635383017E-15, -1.000000000000000000 ) ) ;
#1680 = DIRECTION ( 'NONE',  ( -1.000000000000000000, 3.491483361109382461E-15, -1.219045606090366905E-29 ) ) ;
#1681 = DIRECTION ( 'NONE',  ( 0.0000000000000000000, 1.000000000000000000, -3.746589754635383017E-15 ) ) ;
#1682 = ORIENTED_EDGE ( 'NONE', *, *, #256, .F. ) ;
#1683 = PRESENTATION_LAYER_ASSIGNMENT (  '', '', ( #1263 ) ) ;
#1684 = PRODUCT_CONTEXT ( 'NONE', #2898, 'mechanical' ) ;
#1685 = VERTEX_POINT ( 'NONE', #330 ) ;
#1686 = ADVANCED_FACE ( 'NONE', ( #2353 ), #1034, .F. ) ;
#1687 = ORIENTED_EDGE ( 'NONE', *, *, #2297, .T. ) ;
#1688 =( NAMED_UNIT ( * ) PLANE_ANGLE_UNIT ( ) SI_UNIT ( $, .RADIAN. ) );
#1689 = DIRECTION ( 'NONE',  ( 3.491483361109382461E-15, 1.000000000000000000, 0.0000000000000000000 ) ) ;
#1690 = ORIENTED_EDGE ( 'NONE', *, *, #325, .T. ) ;
#1691 = MECHANICAL_DESIGN_GEOMETRIC_PRESENTATION_REPRESENTATION (  '', ( #625 ), #105 ) ;
#1692 = ORIENTED_EDGE ( 'NONE', *, *, #1471, .T. ) ;
#1693 = DIRECTION ( 'NONE',  ( -1.000000000000000000, 3.491483361109382461E-15, -1.219045606090366625E-29 ) ) ;
#1694 = ORIENTED_EDGE ( 'NONE', *, *, #1956, .F. ) ;
#1695 = SURFACE_SIDE_STYLE ('',( #1455 ) ) ;
#1696 =( NAMED_UNIT ( * ) SI_UNIT ( $, .STERADIAN. ) SOLID_ANGLE_UNIT ( ) );
#1697 = CARTESIAN_POINT ( 'NONE',  ( -3.389999999999974811, 3.200000000000018829, 0.02000000000001404474 ) ) ;
#1698 = STYLED_ITEM ( 'NONE', ( #1499 ), #2922 ) ;
#1699 = LINE ( 'NONE', #2238, #2877 ) ;
#1700 = PRESENTATION_STYLE_ASSIGNMENT (( #1064 ) ) ;
#1701 = PLANE ( 'NONE',  #2143 ) ;
#1702 = VECTOR ( 'NONE', #2402, 1000.000000000000000 ) ;
#1703 =( NAMED_UNIT ( * ) SI_UNIT ( $, .STERADIAN. ) SOLID_ANGLE_UNIT ( ) );
#1704 = SURFACE_STYLE_FILL_AREA ( #2651 ) ;
#1705 = PLANE ( 'NONE',  #2007 ) ;
#1706 = EDGE_CURVE ( 'NONE', #1975, #856, #2376, .T. ) ;
#1707 = ADVANCED_FACE ( 'NONE', ( #447 ), #583, .F. ) ;
#1708 = SURFACE_SIDE_STYLE ('',( #1790 ) ) ;
#1709 = VECTOR ( 'NONE', #3050, 1000.000000000000000 ) ;
#1710 = SURFACE_STYLE_FILL_AREA ( #2040 ) ;
#1711 = DIRECTION ( 'NONE',  ( 1.000000000000000000, -3.491483361109382461E-15, 1.219045606090366905E-29 ) ) ;
#1712 = CARTESIAN_POINT ( 'NONE',  ( -3.566326980708476757, -3.699999999999983302, 0.02000000000003976722 ) ) ;
#1713 = DIRECTION ( 'NONE',  ( -1.328236436951498929E-30, -3.871905176016576176E-15, -1.000000000000000000 ) ) ;
#1714 =( GEOMETRIC_REPRESENTATION_CONTEXT ( 3 ) GLOBAL_UNCERTAINTY_ASSIGNED_CONTEXT ( ( #2316 ) ) GLOBAL_UNIT_ASSIGNED_CONTEXT ( ( #2502, #2300, #140 ) ) REPRESENTATION_CONTEXT ( 'NONE', 'WORKASPACE' ) );
#1715 = FILL_AREA_STYLE_COLOUR ( '', #2920 ) ;
#1716 = VERTEX_POINT ( 'NONE', #132 ) ;
#1717 = STYLED_ITEM ( 'NONE', ( #1554 ), #2304 ) ;
#1718 = VERTEX_POINT ( 'NONE', #356 ) ;
#1719 = SURFACE_STYLE_USAGE ( .BOTH. , #769 ) ;
#1720 = CARTESIAN_POINT ( 'NONE',  ( 0.5699999999999917355, -2.699999999999978417, -1.119999999999974349 ) ) ;
#1721 = ORIENTED_EDGE ( 'NONE', *, *, #711, .F. ) ;
#1722 =( NAMED_UNIT ( * ) SI_UNIT ( $, .STERADIAN. ) SOLID_ANGLE_UNIT ( ) );
#1723 = CARTESIAN_POINT ( 'NONE',  ( 3.390000000000038760, 10.89999999999999503, 0.01999999999998530731 ) ) ;
#1724 = SURFACE_STYLE_FILL_AREA ( #2673 ) ;
#1725 = ADVANCED_FACE ( 'NONE', ( #2434 ), #2293, .T. ) ;
#1726 = ORIENTED_EDGE ( 'NONE', *, *, #427, .T. ) ;
#1727 = DIRECTION ( 'NONE',  ( 1.902109074535985337E-16, 3.871905176016575387E-15, 1.000000000000000000 ) ) ;
#1728 = LINE ( 'NONE', #879, #907 ) ;
#1729 = MECHANICAL_DESIGN_GEOMETRIC_PRESENTATION_REPRESENTATION (  '', ( #1131 ), #865 ) ;
#1730 = ORIENTED_EDGE ( 'NONE', *, *, #2798, .T. ) ;
#1731 = PLANE ( 'NONE',  #2512 ) ;
#1732 = PLANE ( 'NONE',  #745 ) ;
#1733 = ORIENTED_EDGE ( 'NONE', *, *, #2629, .T. ) ;
#1734 = SURFACE_STYLE_FILL_AREA ( #1318 ) ;
#1735 =( NAMED_UNIT ( * ) PLANE_ANGLE_UNIT ( ) SI_UNIT ( $, .RADIAN. ) );
#1736 = EDGE_CURVE ( 'NONE', #229, #1685, #1557, .T. ) ;
#1737 = CARTESIAN_POINT ( 'NONE',  ( 4.353673019291523616, -3.700000000000011724, -0.1563269807084253227 ) ) ;
#1738 = DIRECTION ( 'NONE',  ( -3.491483361109383250E-15, -1.000000000000000000, 0.0000000000000000000 ) ) ;
#1739 = ORIENTED_EDGE ( 'NONE', *, *, #1956, .T. ) ;
#1740 = VECTOR ( 'NONE', #2460, 999.9999999999998863 ) ;
#1741 = DIRECTION ( 'NONE',  ( -1.328236436951498929E-30, -3.871905176016576176E-15, -1.000000000000000000 ) ) ;
#1742 = ORIENTED_EDGE ( 'NONE', *, *, #1389, .T. ) ;
#1743 = CARTESIAN_POINT ( 'NONE',  ( 4.659999999999999254, -2.252006767915552947E-14, -3.450000000000004174 ) ) ;
#1744 = LINE ( 'NONE', #2741, #1589 ) ;
#1745 = STYLED_ITEM ( 'NONE', ( #1983 ), #1990 ) ;
#1746 = ADVANCED_BREP_SHAPE_REPRESENTATION ( 'B3P-VH(LF)(SN)', ( #2738, #2061 ), #2612 ) ;
#1747 = LINE ( 'NONE', #2718, #2020 ) ;
#1748 = FILL_AREA_STYLE ('',( #1280 ) ) ;
#1749 = CARTESIAN_POINT ( 'NONE',  ( 4.353673019291574242, 10.89999999999999147, 0.01999999999998512343 ) ) ;
#1750 = EDGE_CURVE ( 'NONE', #676, #17, #2044, .T. ) ;
#1751 = MECHANICAL_DESIGN_GEOMETRIC_PRESENTATION_REPRESENTATION (  '', ( #1698 ), #2248 ) ;
#1752 = LINE ( 'NONE', #244, #2878 ) ;
#1753 = UNCERTAINTY_MEASURE_WITH_UNIT (LENGTH_MEASURE( 1.000000000000000082E-05 ), #541, 'distance_accuracy_value', 'NONE');
#1754 = FILL_AREA_STYLE ('',( #74 ) ) ;
#1755 = SURFACE_SIDE_STYLE ('',( #2727 ) ) ;
#1756 = FILL_AREA_STYLE_COLOUR ( '', #2282 ) ;
#1757 = CARTESIAN_POINT ( 'NONE',  ( -3.390000000000008118, -2.699999999999968203, -1.119999999999962359 ) ) ;
#1758 =( NAMED_UNIT ( * ) SI_UNIT ( $, .STERADIAN. ) SOLID_ANGLE_UNIT ( ) );
#1759 = AXIS2_PLACEMENT_3D ( 'NONE', #861, #2115, #2068 ) ;
#1760 = PLANE ( 'NONE',  #2173 ) ;
#1761 = SURFACE_SIDE_STYLE ('',( #2348 ) ) ;
#1762 = CARTESIAN_POINT ( 'NONE',  ( -0.5699999999999612044, 9.899999999999982592, -1.120000000000011431 ) ) ;
#1763 = COLOUR_RGB ( '',0.9960784313725490335, 0.8705882352941176627, 0.7607843137254901578 ) ;
#1764 =( GEOMETRIC_REPRESENTATION_CONTEXT ( 3 ) GLOBAL_UNCERTAINTY_ASSIGNED_CONTEXT ( ( #2831 ) ) GLOBAL_UNIT_ASSIGNED_CONTEXT ( ( #2332, #2783, #2123 ) ) REPRESENTATION_CONTEXT ( 'NONE', 'WORKASPACE' ) );
#1765 = SURFACE_STYLE_USAGE ( .BOTH. , #1755 ) ;
#1766 = DIRECTION ( 'NONE',  ( -3.491483361109383250E-15, -1.000000000000000000, 0.0000000000000000000 ) ) ;
#1767 = SURFACE_SIDE_STYLE ('',( #1895 ) ) ;
#1768 = AXIS2_PLACEMENT_3D ( 'NONE', #842, #1579, #858 ) ;
#1769 = FACE_OUTER_BOUND ( 'NONE', #1881, .T. ) ;
#1770 =( LENGTH_UNIT ( ) NAMED_UNIT ( * ) SI_UNIT ( .MILLI., .METRE. ) );
#1771 = ORIENTED_EDGE ( 'NONE', *, *, #128, .F. ) ;
#1772 = ORIENTED_EDGE ( 'NONE', *, *, #2690, .T. ) ;
#1773 = CARTESIAN_POINT ( 'NONE',  ( 5.910000000000000142, -6.162975822039154730E-30, 4.250000000000000000 ) ) ;
#1774 = VECTOR ( 'NONE', #3021, 1000.000000000000000 ) ;
#1775 = CARTESIAN_POINT ( 'NONE',  ( -3.566326980708423910, 10.90000000000001812, 0.01999999999998512343 ) ) ;
#1776 = ORIENTED_EDGE ( 'NONE', *, *, #2071, .T. ) ;
#1777 = CARTESIAN_POINT ( 'NONE',  ( 3.389999999999991687, -2.699999999999990408, -1.119999999999962359 ) ) ;
#1778 = AXIS2_PLACEMENT_3D ( 'NONE', #1622, #3007, #158 ) ;
#1779 = DIRECTION ( 'NONE',  ( 1.219045606090367045E-29, -4.256277450098019044E-44, -1.000000000000000000 ) ) ;
#1780 = VERTEX_POINT ( 'NONE', #495 ) ;
#1781 = ADVANCED_FACE ( 'NONE', ( #2785 ), #702, .T. ) ;
#1782 = CARTESIAN_POINT ( 'NONE',  ( 0.3936730192915229853, -3.699999999999997069, 0.02000000000003976722 ) ) ;
#1783 = VERTEX_POINT ( 'NONE', #338 ) ;
#1784 = FACE_OUTER_BOUND ( 'NONE', #2974, .T. ) ;
#1785 = EDGE_LOOP ( 'NONE', ( #2821, #2307, #1059, #704 ) ) ;
#1786 = MECHANICAL_DESIGN_GEOMETRIC_PRESENTATION_REPRESENTATION (  '', ( #1944 ), #2622 ) ;
#1787 = PLANE ( 'NONE',  #706 ) ;
#1788 = LINE ( 'NONE', #1001, #1482 ) ;
#1789 =( NAMED_UNIT ( * ) SI_UNIT ( $, .STERADIAN. ) SOLID_ANGLE_UNIT ( ) );
#1790 = SURFACE_STYLE_FILL_AREA ( #2179 ) ;
#1791 = CARTESIAN_POINT ( 'NONE',  ( 0.5700000000000394751, 10.90000000000000036, 0.02000000000003995110 ) ) ;
#1792 =( NAMED_UNIT ( * ) SI_UNIT ( $, .STERADIAN. ) SOLID_ANGLE_UNIT ( ) );
#1793 = EDGE_CURVE ( 'NONE', #1780, #1586, #2232, .T. ) ;
#1794 = PRODUCT_DEFINITION_FORMATION_WITH_SPECIFIED_SOURCE ( 'ANY', '', #460, .NOT_KNOWN. ) ;
#1795 = PRESENTATION_STYLE_ASSIGNMENT (( #773 ) ) ;
#1796 = VECTOR ( 'NONE', #2425, 1000.000000000000227 ) ;
#1797 = ADVANCED_FACE ( 'NONE', ( #438 ), #1787, .T. ) ;
#1798 = EDGE_CURVE ( 'NONE', #796, #1324, #23, .T. ) ;
#1799 = DIRECTION ( 'NONE',  ( 0.0000000000000000000, 1.000000000000000000, -3.746589754635383017E-15 ) ) ;
#1800 = PLANE ( 'NONE',  #1649 ) ;
#1801 =( GEOMETRIC_REPRESENTATION_CONTEXT ( 3 ) GLOBAL_UNCERTAINTY_ASSIGNED_CONTEXT ( ( #2610 ) ) GLOBAL_UNIT_ASSIGNED_CONTEXT ( ( #1770, #768, #791 ) ) REPRESENTATION_CONTEXT ( 'NONE', 'WORKASPACE' ) );
#1802 = CARTESIAN_POINT ( 'NONE',  ( -5.909999999999989484, 3.200000000000018385, -2.549999999999986944 ) ) ;
#1803 = ORIENTED_EDGE ( 'NONE', *, *, #1848, .T. ) ;
#1804 =( LENGTH_UNIT ( ) NAMED_UNIT ( * ) SI_UNIT ( .MILLI., .METRE. ) );
#1805 = CARTESIAN_POINT ( 'NONE',  ( -4.529999999999988702, 10.90000000000001990, 0.01999999999998530731 ) ) ;
#1806 = VECTOR ( 'NONE', #258, 1000.000000000000000 ) ;
#1807 = CARTESIAN_POINT ( 'NONE',  ( -5.909999999999976161, 7.200000000000012612, -4.250000000000023093 ) ) ;
#1808 = EDGE_CURVE ( 'NONE', #1887, #1975, #2350, .T. ) ;
#1809 = STYLED_ITEM ( 'NONE', ( #665 ), #2882 ) ;
#1810 = VECTOR ( 'NONE', #1835, 1000.000000000000000 ) ;
#1811 = DIRECTION ( 'NONE',  ( -1.000000000000000000, 3.337086476537728329E-45, 8.906997283086555699E-31 ) ) ;
#1812 = VERTEX_POINT ( 'NONE', #1256 ) ;
#1813 = PRESENTATION_STYLE_ASSIGNMENT (( #2185 ) ) ;
#1814 = ORIENTED_EDGE ( 'NONE', *, *, #2858, .F. ) ;
#1815 = FILL_AREA_STYLE ('',( #2981 ) ) ;
#1816 = COLOUR_RGB ( '',1.000000000000000000, 1.000000000000000000, 1.000000000000000000 ) ;
#1817 = CARTESIAN_POINT ( 'NONE',  ( -4.530000000000012683, -2.699999999999957545, 0.02000000000003626308 ) ) ;
#1818 = AXIS2_PLACEMENT_3D ( 'NONE', #1651, #429, #2589 ) ;
#1819 = SURFACE_SIDE_STYLE ('',( #2056 ) ) ;
#1820 = VERTEX_POINT ( 'NONE', #87 ) ;
#1821 = CARTESIAN_POINT ( 'NONE',  ( -3.390000000000005009, 1.730817021010444256E-14, -1.119999999999974349 ) ) ;
#1822 = PRESENTATION_LAYER_ASSIGNMENT (  '', '', ( #625 ) ) ;
#1823 = VECTOR ( 'NONE', #1911, 1000.000000000000000 ) ;
#1824 = CARTESIAN_POINT ( 'NONE',  ( -3.389999999999964153, 9.900000000000002132, 0.01999999999999633668 ) ) ;
#1825 = FILL_AREA_STYLE ('',( #1248 ) ) ;
#1826 = FILL_AREA_STYLE_COLOUR ( '', #2447 ) ;
#1827 = UNCERTAINTY_MEASURE_WITH_UNIT (LENGTH_MEASURE( 1.000000000000000082E-05 ), #2031, 'distance_accuracy_value', 'NONE');
#1828 = CARTESIAN_POINT ( 'NONE',  ( -0.5700000000000124967, 10.90000000000000924, 0.01999999999998530731 ) ) ;
#1829 = PRODUCT_DEFINITION_SHAPE ( 'NONE', 'NONE',  #184 ) ;
#1830 = VECTOR ( 'NONE', #2824, 1000.000000000000114 ) ;
#1831 =( NAMED_UNIT ( * ) SI_UNIT ( $, .STERADIAN. ) SOLID_ANGLE_UNIT ( ) );
#1832 = LINE ( 'NONE', #929, #2146 ) ;
#1833 = MECHANICAL_DESIGN_GEOMETRIC_PRESENTATION_REPRESENTATION (  '', ( #1660 ), #2166 ) ;
#1834 = CARTESIAN_POINT ( 'NONE',  ( -4.529999999999961169, 10.90000000000001990, -1.120000000000014984 ) ) ;
#1835 = DIRECTION ( 'NONE',  ( 1.328236436951498929E-30, 3.871905176016576176E-15, 1.000000000000000000 ) ) ;
#1836 = CARTESIAN_POINT ( 'NONE',  ( 0.5700000000000358114, 9.899999999999982592, -1.120000000000014984 ) ) ;
#1837 = SURFACE_STYLE_FILL_AREA ( #401 ) ;
#1838 = ORIENTED_EDGE ( 'NONE', *, *, #353, .F. ) ;
#1839 = DIRECTION ( 'NONE',  ( -1.000000000000000000, 3.491483361109383250E-15, 1.902109074535850245E-16 ) ) ;
#1840 = EDGE_LOOP ( 'NONE', ( #824, #1437, #1241, #1994 ) ) ;
#1841 = CARTESIAN_POINT ( 'NONE',  ( -5.909999999999975273, 7.500000000000007105, -4.250000000000023981 ) ) ;
#1842 = STYLED_ITEM ( 'NONE', ( #1378 ), #2026 ) ;
#1843 = UNCERTAINTY_MEASURE_WITH_UNIT (LENGTH_MEASURE( 1.000000000000000082E-05 ), #1621, 'distance_accuracy_value', 'NONE');
#1844 = FILL_AREA_STYLE_COLOUR ( '', #901 ) ;
#1845 = ORIENTED_EDGE ( 'NONE', *, *, #886, .F. ) ;
#1846 = SURFACE_STYLE_USAGE ( .BOTH. , #2994 ) ;
#1847 = CARTESIAN_POINT ( 'NONE',  ( -4.529999999999987814, 3.200000000000024158, -1.120000000000014984 ) ) ;
#1848 = EDGE_CURVE ( 'NONE', #307, #1718, #345, .T. ) ;
#1849 = ORIENTED_EDGE ( 'NONE', *, *, #1623, .F. ) ;
#1850 = VERTEX_POINT ( 'NONE', #2062 ) ;
#1851 = EDGE_LOOP ( 'NONE', ( #1558, #1351, #1408, #1209 ) ) ;
#1852 = DIRECTION ( 'NONE',  ( -1.000000000000000000, 3.491483361109382461E-15, -1.219045606090366905E-29 ) ) ;
#1853 = DIRECTION ( 'NONE',  ( -0.1710878697460352371, -0.9702875252478152523, -0.1710878697460287978 ) ) ;
#1854 = LINE ( 'NONE', #979, #2312 ) ;
#1855 = ORIENTED_EDGE ( 'NONE', *, *, #1938, .T. ) ;
#1856 = VECTOR ( 'NONE', #1738, 1000.000000000000000 ) ;
#1857 = DIRECTION ( 'NONE',  ( 0.0000000000000000000, 1.000000000000000000, -3.746589754635383017E-15 ) ) ;
#1858 = CARTESIAN_POINT ( 'NONE',  ( 4.530000000000001137, -5.089767108755624380E-15, 0.02000000000002957745 ) ) ;
#1859 = SURFACE_STYLE_FILL_AREA ( #762 ) ;
#1860 = SURFACE_STYLE_USAGE ( .BOTH. , #1492 ) ;
#1861 = LINE ( 'NONE', #1220, #2025 ) ;
#1862 = CARTESIAN_POINT ( 'NONE',  ( -0.5699999999999612044, 10.90000000000000924, 0.01999999999998530731 ) ) ;
#1863 = AXIS2_PLACEMENT_3D ( 'NONE', #827, #849, #2497 ) ;
#1864 = CARTESIAN_POINT ( 'NONE',  ( 3.390000000000000568, 10.89999999999998970, -1.120000000000014984 ) ) ;
#1865 = LINE ( 'NONE', #2130, #2735 ) ;
#1866 = SURFACE_STYLE_USAGE ( .BOTH. , #174 ) ;
#1867 = DIRECTION ( 'NONE',  ( -1.000000000000000000, 3.491483361109382461E-15, -1.219045606090366905E-29 ) ) ;
#1868 = SURFACE_STYLE_FILL_AREA ( #2760 ) ;
#1869 = PRESENTATION_LAYER_ASSIGNMENT (  '', '', ( #1698 ) ) ;
#1870 =( NAMED_UNIT ( * ) SI_UNIT ( $, .STERADIAN. ) SOLID_ANGLE_UNIT ( ) );
#1871 = DIRECTION ( 'NONE',  ( 1.328236436951498929E-30, 3.871905176016576176E-15, 1.000000000000000000 ) ) ;
#1872 = SURFACE_STYLE_USAGE ( .BOTH. , #2139 ) ;
#1873 = ORIENTED_EDGE ( 'NONE', *, *, #1950, .F. ) ;
#1874 = CARTESIAN_POINT ( 'NONE',  ( -4.529999999999961169, 10.90000000000001990, -1.120000000000014984 ) ) ;
#1875 = LINE ( 'NONE', #1145, #1607 ) ;
#1876 = EDGE_CURVE ( 'NONE', #2157, #2726, #578, .T. ) ;
#1877 = EDGE_LOOP ( 'NONE', ( #497, #944, #2719, #171 ) ) ;
#1878 = CARTESIAN_POINT ( 'NONE',  ( -4.529999999999999361, 10.90000000000001990, -1.120000000000014984 ) ) ;
#1879 =( NAMED_UNIT ( * ) SI_UNIT ( $, .STERADIAN. ) SOLID_ANGLE_UNIT ( ) );
#1880 = SURFACE_STYLE_FILL_AREA ( #1999 ) ;
#1881 = EDGE_LOOP ( 'NONE', ( #1771, #2608, #595, #897 ) ) ;
#1882 = UNCERTAINTY_MEASURE_WITH_UNIT (LENGTH_MEASURE( 1.000000000000000082E-05 ), #2150, 'distance_accuracy_value', 'NONE');
#1883 =( GEOMETRIC_REPRESENTATION_CONTEXT ( 3 ) GLOBAL_UNCERTAINTY_ASSIGNED_CONTEXT ( ( #80 ) ) GLOBAL_UNIT_ASSIGNED_CONTEXT ( ( #1534, #2893, #2213 ) ) REPRESENTATION_CONTEXT ( 'NONE', 'WORKASPACE' ) );
#1884 = ORIENTED_EDGE ( 'NONE', *, *, #2023, .T. ) ;
#1885 = CARTESIAN_POINT ( 'NONE',  ( -3.389999999999960600, 10.90000000000001634, -1.120000000000014984 ) ) ;
#1886 = DIRECTION ( 'NONE',  ( -1.000000000000000000, 9.785220544276456754E-60, 2.802596928649634142E-45 ) ) ;
#1887 = VERTEX_POINT ( 'NONE', #389 ) ;
#1888 = VECTOR ( 'NONE', #1713, 1000.000000000000000 ) ;
#1889 = STYLED_ITEM ( 'NONE', ( #365 ), #2521 ) ;
#1890 = SURFACE_STYLE_FILL_AREA ( #1993 ) ;
#1891 = SURFACE_STYLE_USAGE ( .BOTH. , #1913 ) ;
#1892 = DIRECTION ( 'NONE',  ( 1.000000000000000000, -3.491483361109382461E-15, 1.219045606090366765E-29 ) ) ;
#1893 = ORIENTED_EDGE ( 'NONE', *, *, #427, .F. ) ;
#1894 =( NAMED_UNIT ( * ) SI_UNIT ( $, .STERADIAN. ) SOLID_ANGLE_UNIT ( ) );
#1895 = SURFACE_STYLE_FILL_AREA ( #812 ) ;
#1896 = MECHANICAL_DESIGN_GEOMETRIC_PRESENTATION_REPRESENTATION (  '', ( #2500 ), #1233 ) ;
#1897 = LINE ( 'NONE', #1228, #2585 ) ;
#1898 = ORIENTED_EDGE ( 'NONE', *, *, #1389, .F. ) ;
#1899 = DIRECTION ( 'NONE',  ( -3.491483361109383250E-15, -1.000000000000000000, 0.0000000000000000000 ) ) ;
#1900 = PRESENTATION_LAYER_ASSIGNMENT (  '', '', ( #1346 ) ) ;
#1901 = FILL_AREA_STYLE_COLOUR ( '', #903 ) ;
#1902 = SURFACE_STYLE_FILL_AREA ( #1815 ) ;
#1903 = LINE ( 'NONE', #892, #2630 ) ;
#1904 =( GEOMETRIC_REPRESENTATION_CONTEXT ( 3 ) GLOBAL_UNCERTAINTY_ASSIGNED_CONTEXT ( ( #716 ) ) GLOBAL_UNIT_ASSIGNED_CONTEXT ( ( #855, #1575, #2486 ) ) REPRESENTATION_CONTEXT ( 'NONE', 'WORKASPACE' ) );
#1905 =( NAMED_UNIT ( * ) SI_UNIT ( $, .STERADIAN. ) SOLID_ANGLE_UNIT ( ) );
#1906 = EDGE_CURVE ( 'NONE', #14, #1240, #1624, .T. ) ;
#1907 = COLOUR_RGB ( '',0.9960784313725490335, 0.8705882352941176627, 0.7607843137254901578 ) ;
#1908 = EDGE_CURVE ( 'NONE', #2543, #2614, #2207, .T. ) ;
#1909 = COLOUR_RGB ( '',0.9960784313725490335, 0.8705882352941176627, 0.7607843137254901578 ) ;
#1910 = DIRECTION ( 'NONE',  ( 0.0000000000000000000, -1.000000000000000000, 3.746589754635383017E-15 ) ) ;
#1911 = DIRECTION ( 'NONE',  ( -1.000000000000000000, 3.491483361109382461E-15, 0.0000000000000000000 ) ) ;
#1912 = AXIS2_PLACEMENT_3D ( 'NONE', #255, #1941, #489 ) ;
#1913 = SURFACE_SIDE_STYLE ('',( #1458 ) ) ;
#1914 = EDGE_LOOP ( 'NONE', ( #2070, #2794, #642, #1682 ) ) ;
#1915 =( NAMED_UNIT ( * ) SI_UNIT ( $, .STERADIAN. ) SOLID_ANGLE_UNIT ( ) );
#1916 = ADVANCED_FACE ( 'NONE', ( #1103, #1210, #2795, #683 ), #2462, .T. ) ;
#1917 = VERTEX_POINT ( 'NONE', #2676 ) ;
#1918 = MECHANICAL_DESIGN_GEOMETRIC_PRESENTATION_REPRESENTATION (  '', ( #2140 ), #995 ) ;
#1919 = FACE_OUTER_BOUND ( 'NONE', #3001, .T. ) ;
#1920 = VERTEX_POINT ( 'NONE', #1516 ) ;
#1921 = DIRECTION ( 'NONE',  ( 0.1710878697460357922, 0.9702875252478151413, 0.1710878697460286313 ) ) ;
#1922 = DIRECTION ( 'NONE',  ( -1.000000000000000000, 3.491483361109382461E-15, -1.219045606090366765E-29 ) ) ;
#1923 = VECTOR ( 'NONE', #1260, 1000.000000000000000 ) ;
#1924 =( NAMED_UNIT ( * ) SI_UNIT ( $, .STERADIAN. ) SOLID_ANGLE_UNIT ( ) );
#1925 = ORIENTED_EDGE ( 'NONE', *, *, #283, .T. ) ;
#1926 = VECTOR ( 'NONE', #2022, 1000.000000000000000 ) ;
#1927 = EDGE_CURVE ( 'NONE', #1561, #2429, #926, .T. ) ;
#1928 = VERTEX_POINT ( 'NONE', #77 ) ;
#1929 = AXIS2_PLACEMENT_3D ( 'NONE', #2277, #1070, #154 ) ;
#1930 = DIRECTION ( 'NONE',  ( -1.000000000000000000, 3.491483361109382461E-15, -1.219045606090366905E-29 ) ) ;
#1931 =( LENGTH_UNIT ( ) NAMED_UNIT ( * ) SI_UNIT ( .MILLI., .METRE. ) );
#1932 = VERTEX_POINT ( 'NONE', #1033 ) ;
#1933 = SURFACE_STYLE_FILL_AREA ( #2656 ) ;
#1934 = ORIENTED_EDGE ( 'NONE', *, *, #128, .T. ) ;
#1935 = COLOUR_RGB ( '',0.9960784313725490335, 0.8705882352941176627, 0.7607843137254901578 ) ;
#1936 =( NAMED_UNIT ( * ) SI_UNIT ( $, .STERADIAN. ) SOLID_ANGLE_UNIT ( ) );
#1937 = DIRECTION ( 'NONE',  ( 0.0000000000000000000, 1.000000000000000000, -3.746589754635383017E-15 ) ) ;
#1938 = EDGE_CURVE ( 'NONE', #760, #1716, #324, .T. ) ;
#1939 = ADVANCED_FACE ( 'NONE', ( #463 ), #2237, .F. ) ;
#1940 = UNCERTAINTY_MEASURE_WITH_UNIT (LENGTH_MEASURE( 1.000000000000000082E-05 ), #1931, 'distance_accuracy_value', 'NONE');
#1941 = DIRECTION ( 'NONE',  ( 8.906997283086555699E-31, 3.746589754635383017E-15, 1.000000000000000000 ) ) ;
#1942 = FILL_AREA_STYLE_COLOUR ( '', #45 ) ;
#1943 = UNCERTAINTY_MEASURE_WITH_UNIT (LENGTH_MEASURE( 1.000000000000000082E-05 ), #2480, 'distance_accuracy_value', 'NONE');
#1944 = STYLED_ITEM ( 'NONE', ( #2763 ), #1048 ) ;
#1945 = VECTOR ( 'NONE', #2565, 1000.000000000000000 ) ;
#1946 = PRESENTATION_LAYER_ASSIGNMENT (  '', '', ( #1842 ) ) ;
#1947 =( LENGTH_UNIT ( ) NAMED_UNIT ( * ) SI_UNIT ( .MILLI., .METRE. ) );
#1948 = PLANE ( 'NONE',  #304 ) ;
#1949 = CARTESIAN_POINT ( 'NONE',  ( 0.3936730192915743332, 10.90000000000000568, -0.1563269807084797514 ) ) ;
#1950 = EDGE_CURVE ( 'NONE', #2819, #363, #996, .T. ) ;
#1951 = PRODUCT_DEFINITION ( 'UNKNOWN', '', #2724, #219 ) ;
#1952 = ADVANCED_FACE ( 'NONE', ( #355 ), #57, .T. ) ;
#1953 = DIRECTION ( 'NONE',  ( 1.000000000000000000, -3.491483361109382461E-15, 1.219045606090367045E-29 ) ) ;
#1954 = CARTESIAN_POINT ( 'NONE',  ( 4.529999999999991367, -2.699999999999990408, 0.02000000000003995110 ) ) ;
#1955 = LINE ( 'NONE', #1618, #1310 ) ;
#1956 = EDGE_CURVE ( 'NONE', #237, #2675, #2107, .T. ) ;
#1957 = ORIENTED_EDGE ( 'NONE', *, *, #983, .F. ) ;
#1958 = CARTESIAN_POINT ( 'NONE',  ( -5.910000000000000142, 4.126933332831290006E-14, 4.250000000000000000 ) ) ;
#1959 = CARTESIAN_POINT ( 'NONE',  ( 4.660000000000000142, -2.356751268748832895E-14, -3.450000000000004174 ) ) ;
#1960 = EDGE_LOOP ( 'NONE', ( #2049, #1739, #2231, #2473 ) ) ;
#1961 =( GEOMETRIC_REPRESENTATION_CONTEXT ( 3 ) GLOBAL_UNCERTAINTY_ASSIGNED_CONTEXT ( ( #2088 ) ) GLOBAL_UNIT_ASSIGNED_CONTEXT ( ( #1030, #422, #1322 ) ) REPRESENTATION_CONTEXT ( 'NONE', 'WORKASPACE' ) );
#1962 = LINE ( 'NONE', #1805, #1394 ) ;
#1963 = FILL_AREA_STYLE_COLOUR ( '', #1262 ) ;
#1964 = CARTESIAN_POINT ( 'NONE',  ( 4.353673019291523616, -3.700000000000011280, 0.02000000000003976722 ) ) ;
#1965 = ORIENTED_EDGE ( 'NONE', *, *, #1536, .F. ) ;
#1966 = VECTOR ( 'NONE', #2029, 1000.000000000000000 ) ;
#1967 = FILL_AREA_STYLE ('',( #1715 ) ) ;
#1968 = EDGE_LOOP ( 'NONE', ( #1229, #2540, #2160, #1138 ) ) ;
#1969 = STYLED_ITEM ( 'NONE', ( #2286 ), #1462 ) ;
#1970 = VECTOR ( 'NONE', #2915, 1000.000000000000000 ) ;
#1971 = DIRECTION ( 'NONE',  ( -0.1710878697460287978, 0.9702875252478163626, 0.1710878697460283537 ) ) ;
#1972 = ADVANCED_FACE ( 'NONE', ( #1450, #384, #1375, #2176 ), #2087, .T. ) ;
#1973 = PLANE ( 'NONE',  #662 ) ;
#1974 = EDGE_CURVE ( 'NONE', #2693, #1363, #1337, .T. ) ;
#1975 = VERTEX_POINT ( 'NONE', #618 ) ;
#1976 =( GEOMETRIC_REPRESENTATION_CONTEXT ( 3 ) GLOBAL_UNCERTAINTY_ASSIGNED_CONTEXT ( ( #1416 ) ) GLOBAL_UNIT_ASSIGNED_CONTEXT ( ( #34, #65, #1722 ) ) REPRESENTATION_CONTEXT ( 'NONE', 'WORKASPACE' ) );
#1977 = PRESENTATION_STYLE_ASSIGNMENT (( #280 ) ) ;
#1978 = LINE ( 'NONE', #68, #139 ) ;
#1979 =( NAMED_UNIT ( * ) PLANE_ANGLE_UNIT ( ) SI_UNIT ( $, .RADIAN. ) );
#1980 = DIRECTION ( 'NONE',  ( 3.372513950554115353E-15, 0.9659258262890696445, 0.2588190451025154104 ) ) ;
#1981 = LINE ( 'NONE', #973, #540 ) ;
#1982 = CARTESIAN_POINT ( 'NONE',  ( -0.3936730192914962290, 10.90000000000000391, -0.9436730192915501192 ) ) ;
#1983 = PRESENTATION_STYLE_ASSIGNMENT (( #2305 ) ) ;
#1984 = MECHANICAL_DESIGN_GEOMETRIC_PRESENTATION_REPRESENTATION (  '', ( #209 ), #32 ) ;
#1985 = PRESENTATION_STYLE_ASSIGNMENT (( #1872 ) ) ;
#1986 = PRODUCT_CONTEXT ( 'NONE', #733, 'mechanical' ) ;
#1987 = UNCERTAINTY_MEASURE_WITH_UNIT (LENGTH_MEASURE( 1.000000000000000082E-05 ), #2109, 'distance_accuracy_value', 'NONE');
#1988 = FILL_AREA_STYLE_COLOUR ( '', #520 ) ;
#1989 = EDGE_CURVE ( 'NONE', #1365, #1025, #545, .T. ) ;
#1990 = ADVANCED_FACE ( 'NONE', ( #2451 ), #1306, .F. ) ;
#1991 = MECHANICAL_DESIGN_GEOMETRIC_PRESENTATION_REPRESENTATION (  '', ( #159 ), #1483 ) ;
#1992 = CARTESIAN_POINT ( 'NONE',  ( -3.389999999999960600, 10.90000000000001634, -1.119999999999974349 ) ) ;
#1993 = FILL_AREA_STYLE ('',( #801 ) ) ;
#1994 = ORIENTED_EDGE ( 'NONE', *, *, #242, .F. ) ;
#1995 = LINE ( 'NONE', #950, #393 ) ;
#1996 = CARTESIAN_POINT ( 'NONE',  ( -4.358834296777878592, -3.670728940825745301, -0.1511657032220937447 ) ) ;
#1997 = AXIS2_PLACEMENT_3D ( 'NONE', #1089, #1330, #2965 ) ;
#1998 = DIRECTION ( 'NONE',  ( 0.0000000000000000000, 3.871905176016576176E-15, 1.000000000000000000 ) ) ;
#1999 = FILL_AREA_STYLE ('',( #1511 ) ) ;
#2000 = CARTESIAN_POINT ( 'NONE',  ( -5.909999999999975273, 7.500000000000007105, -4.250000000000023981 ) ) ;
#2001 =( NAMED_UNIT ( * ) SI_UNIT ( $, .STERADIAN. ) SOLID_ANGLE_UNIT ( ) );
#2002 = SURFACE_STYLE_FILL_AREA ( #1254 ) ;
#2003 = ORIENTED_EDGE ( 'NONE', *, *, #1219, .F. ) ;
#2004 = FILL_AREA_STYLE_COLOUR ( '', #279 ) ;
#2005 = FILL_AREA_STYLE_COLOUR ( '', #1298 ) ;
#2006 =( LENGTH_UNIT ( ) NAMED_UNIT ( * ) SI_UNIT ( .MILLI., .METRE. ) );
#2007 = AXIS2_PLACEMENT_3D ( 'NONE', #1958, #509, #505 ) ;
#2008 = EDGE_LOOP ( 'NONE', ( #2620, #787, #1057, #129 ) ) ;
#2009 = DIRECTION ( 'NONE',  ( 0.1710878697460287701, -0.9702875252478149193, 0.1710878697460364029 ) ) ;
#2010 = SURFACE_STYLE_FILL_AREA ( #175 ) ;
#2011 = PLANE ( 'NONE',  #2713 ) ;
#2012 = VERTEX_POINT ( 'NONE', #2706 ) ;
#2013 = SURFACE_STYLE_USAGE ( .BOTH. , #2249 ) ;
#2014 = CARTESIAN_POINT ( 'NONE',  ( 4.530000000000039329, 10.89999999999998614, -1.119999999999974349 ) ) ;
#2015 = ORIENTED_EDGE ( 'NONE', *, *, #559, .T. ) ;
#2016 = DIRECTION ( 'NONE',  ( -1.000000000000000000, 3.491483361109382461E-15, -1.219045606090366905E-29 ) ) ;
#2017 = EDGE_LOOP ( 'NONE', ( #1176, #1845, #2313, #875 ) ) ;
#2018 = ORIENTED_EDGE ( 'NONE', *, *, #822, .F. ) ;
#2019 = MECHANICAL_DESIGN_GEOMETRIC_PRESENTATION_REPRESENTATION (  '', ( #1745 ), #1904 ) ;
#2020 = VECTOR ( 'NONE', #1779, 1000.000000000000000 ) ;
#2021 = SURFACE_STYLE_FILL_AREA ( #643 ) ;
#2022 = DIRECTION ( 'NONE',  ( 0.0000000000000000000, 1.000000000000000000, -3.250549545001492148E-15 ) ) ;
#2023 = EDGE_CURVE ( 'NONE', #1812, #200, #3055, .T. ) ;
#2024 = MECHANICAL_DESIGN_GEOMETRIC_PRESENTATION_REPRESENTATION (  '', ( #713 ), #673 ) ;
#2025 = VECTOR ( 'NONE', #2616, 1000.000000000000000 ) ;
#2026 = ADVANCED_FACE ( 'NONE', ( #2032 ), #101, .F. ) ;
#2027 = DIRECTION ( 'NONE',  ( -0.0000000000000000000, -3.491483361109382461E-15, -1.000000000000000000 ) ) ;
#2028 = VECTOR ( 'NONE', #364, 1000.000000000000000 ) ;
#2029 = DIRECTION ( 'NONE',  ( -1.902109074535985337E-16, -3.871905176016575387E-15, -1.000000000000000000 ) ) ;
#2030 = DIRECTION ( 'NONE',  ( -1.219045606090367045E-29, 4.256277450098019044E-44, 1.000000000000000000 ) ) ;
#2031 =( LENGTH_UNIT ( ) NAMED_UNIT ( * ) SI_UNIT ( .MILLI., .METRE. ) );
#2032 = FACE_OUTER_BOUND ( 'NONE', #2514, .T. ) ;
#2033 =( NAMED_UNIT ( * ) SI_UNIT ( $, .STERADIAN. ) SOLID_ANGLE_UNIT ( ) );
#2034 = PRESENTATION_LAYER_ASSIGNMENT (  '', '', ( #2999 ) ) ;
#2035 = DIRECTION ( 'NONE',  ( -1.000000000000000000, 3.491483361109383250E-15, 1.902109074535850245E-16 ) ) ;
#2036 = EDGE_CURVE ( 'NONE', #412, #224, #2544, .T. ) ;
#2037 = STYLED_ITEM ( 'NONE', ( #2818 ), #2736 ) ;
#2038 = ADVANCED_FACE ( 'NONE', ( #2904 ), #1255, .F. ) ;
#2039 = ORIENTED_EDGE ( 'NONE', *, *, #2045, .T. ) ;
#2040 = FILL_AREA_STYLE ('',( #1065 ) ) ;
#2041 = FILL_AREA_STYLE_COLOUR ( '', #1652 ) ;
#2042 = EDGE_LOOP ( 'NONE', ( #747, #43, #1619, #800 ) ) ;
#2043 = SURFACE_STYLE_USAGE ( .BOTH. , #867 ) ;
#2044 = LINE ( 'NONE', #480, #1888 ) ;
#2045 = EDGE_CURVE ( 'NONE', #1326, #2892, #1239, .T. ) ;
#2046 = PRESENTATION_STYLE_ASSIGNMENT (( #2043 ) ) ;
#2047 = CARTESIAN_POINT ( 'NONE',  ( -5.909999999999989484, 3.200000000000025491, 4.249999999999989342 ) ) ;
#2048 = ORIENTED_EDGE ( 'NONE', *, *, #998, .F. ) ;
#2049 = ORIENTED_EDGE ( 'NONE', *, *, #1551, .T. ) ;
#2050 = CARTESIAN_POINT ( 'NONE',  ( 3.390000000000038760, 3.199999999999992628, 0.02000000000001415576 ) ) ;
#2051 = PRESENTATION_STYLE_ASSIGNMENT (( #1719 ) ) ;
#2052 = STYLED_ITEM ( 'NONE', ( #1297 ), #1098 ) ;
#2053 = ADVANCED_FACE ( 'NONE', ( #715 ), #1129, .F. ) ;
#2054 =( NAMED_UNIT ( * ) PLANE_ANGLE_UNIT ( ) SI_UNIT ( $, .RADIAN. ) );
#2055 = PLANE ( 'NONE',  #1997 ) ;
#2056 = SURFACE_STYLE_FILL_AREA ( #2967 ) ;
#2057 = STYLED_ITEM ( 'NONE', ( #2227 ), #2621 ) ;
#2058 = FILL_AREA_STYLE_COLOUR ( '', #1935 ) ;
#2059 = CARTESIAN_POINT ( 'NONE',  ( -4.358834296777829742, 10.87072894082578500, -0.1511657032221467856 ) ) ;
#2060 = LINE ( 'NONE', #906, #544 ) ;
#2061 = AXIS2_PLACEMENT_3D ( 'NONE', #42, #2421, #1230 ) ;
#2062 = CARTESIAN_POINT ( 'NONE',  ( 4.660000000000002807, -2.147262267082262587E-14, -2.549999999999958522 ) ) ;
#2063 = CARTESIAN_POINT ( 'NONE',  ( 3.389999999999987690, -3.700000000000009059, -0.1563269807084253227 ) ) ;
#2064 = STYLED_ITEM ( 'NONE', ( #1077 ), #152 ) ;
#2065 = SURFACE_STYLE_USAGE ( .BOTH. , #2459 ) ;
#2066 = LINE ( 'NONE', #222, #2186 ) ;
#2067 = CARTESIAN_POINT ( 'NONE',  ( 3.389999999999987690, -3.700000000000011724, -0.9436730192914946080 ) ) ;
#2068 = DIRECTION ( 'NONE',  ( 0.0000000000000000000, -1.000000000000000000, 8.658744778912637174E-15 ) ) ;
#2069 = ADVANCED_FACE ( 'NONE', ( #947 ), #2678, .T. ) ;
#2070 = ORIENTED_EDGE ( 'NONE', *, *, #1039, .T. ) ;
#2071 = EDGE_CURVE ( 'NONE', #796, #2942, #570, .T. ) ;
#2072 = SURFACE_STYLE_FILL_AREA ( #923 ) ;
#2073 = STYLED_ITEM ( 'NONE', ( #287 ), #1952 ) ;
#2074 = ORIENTED_EDGE ( 'NONE', *, *, #2938, .F. ) ;
#2075 = FILL_AREA_STYLE_COLOUR ( '', #2510 ) ;
#2076 = EDGE_LOOP ( 'NONE', ( #1173, #446, #752, #2241 ) ) ;
#2077 = CARTESIAN_POINT ( 'NONE',  ( 4.353673019291574242, 10.89999999999999147, -0.1563269807084797514 ) ) ;
#2078 = EDGE_CURVE ( 'NONE', #2648, #17, #2686, .T. ) ;
#2079 = AXIS2_PLACEMENT_3D ( 'NONE', #1672, #1188, #1930 ) ;
#2080 = FACE_OUTER_BOUND ( 'NONE', #841, .T. ) ;
#2081 = UNCERTAINTY_MEASURE_WITH_UNIT (LENGTH_MEASURE( 1.000000000000000082E-05 ), #982, 'distance_accuracy_value', 'NONE');
#2082 = VERTEX_POINT ( 'NONE', #2708 ) ;
#2083 = LINE ( 'NONE', #2944, #1970 ) ;
#2084 = PRESENTATION_STYLE_ASSIGNMENT (( #112 ) ) ;
#2085 = EDGE_CURVE ( 'NONE', #1128, #2714, #131, .T. ) ;
#2086 = ORIENTED_EDGE ( 'NONE', *, *, #1536, .T. ) ;
#2087 = PLANE ( 'NONE',  #975 ) ;
#2088 = UNCERTAINTY_MEASURE_WITH_UNIT (LENGTH_MEASURE( 1.000000000000000082E-05 ), #1030, 'distance_accuracy_value', 'NONE');
#2089 = VECTOR ( 'NONE', #553, 1000.000000000000227 ) ;
#2090 = CARTESIAN_POINT ( 'NONE',  ( 3.566326980708503847, 10.89999999999999325, -0.1563269807084797514 ) ) ;
#2091 = DIRECTION ( 'NONE',  ( 1.328236436951498929E-30, 3.871905176016576176E-15, 1.000000000000000000 ) ) ;
#2092 = LINE ( 'NONE', #816, #1926 ) ;
#2093 = AXIS2_PLACEMENT_3D ( 'NONE', #2574, #2803, #1396 ) ;
#2094 = FILL_AREA_STYLE_COLOUR ( '', #918 ) ;
#2095 =( LENGTH_UNIT ( ) NAMED_UNIT ( * ) SI_UNIT ( .MILLI., .METRE. ) );
#2096 = ORIENTED_EDGE ( 'NONE', *, *, #1798, .T. ) ;
#2097 = SURFACE_STYLE_FILL_AREA ( #557 ) ;
#2098 = AXIS2_PLACEMENT_3D ( 'NONE', #2830, #3044, #1426 ) ;
#2099 = CARTESIAN_POINT ( 'NONE',  ( 5.910000000000005471, 3.199999999999977085, -2.549999999999985612 ) ) ;
#2100 =( NAMED_UNIT ( * ) SI_UNIT ( $, .STERADIAN. ) SOLID_ANGLE_UNIT ( ) );
#2101 = DIRECTION ( 'NONE',  ( -1.219045606090367045E-29, 4.256277450098019044E-44, 1.000000000000000000 ) ) ;
#2102 = EDGE_CURVE ( 'NONE', #2942, #681, #2475, .T. ) ;
#2103 = DIRECTION ( 'NONE',  ( -0.1710878697460290476, 0.9702875252478151413, -0.1710878697460354037 ) ) ;
#2104 = PRESENTATION_LAYER_ASSIGNMENT (  '', '', ( #2517 ) ) ;
#2105 = CARTESIAN_POINT ( 'NONE',  ( -3.389999999999998792, 2.177268991997423266E-14, 0.02000000000002957745 ) ) ;
#2106 = CARTESIAN_POINT ( 'NONE',  ( 3.390000000000012559, 9.899999999999971934, 0.01999999999998905431 ) ) ;
#2107 = LINE ( 'NONE', #1841, #2806 ) ;
#2108 = LINE ( 'NONE', #736, #2849 ) ;
#2109 =( LENGTH_UNIT ( ) NAMED_UNIT ( * ) SI_UNIT ( .MILLI., .METRE. ) );
#2110 = SURFACE_STYLE_FILL_AREA ( #213 ) ;
#2111 = EDGE_CURVE ( 'NONE', #2902, #719, #2083, .T. ) ;
#2112 =( NAMED_UNIT ( * ) PLANE_ANGLE_UNIT ( ) SI_UNIT ( $, .RADIAN. ) );
#2113 = DIRECTION ( 'NONE',  ( 8.906997283086555699E-31, 3.746589754635383017E-15, 1.000000000000000000 ) ) ;
#2114 = CARTESIAN_POINT ( 'NONE',  ( 4.660000000000000142, -2.356751268748832895E-14, -3.750000000000000000 ) ) ;
#2115 = DIRECTION ( 'NONE',  ( 1.804140726276253826E-29, 8.658744778912637174E-15, 1.000000000000000000 ) ) ;
#2116 = FILL_AREA_STYLE ('',( #2789 ) ) ;
#2117 = DIRECTION ( 'NONE',  ( 0.0000000000000000000, -1.000000000000000000, 3.746589754635383017E-15 ) ) ;
#2118 = STYLED_ITEM ( 'NONE', ( #1584 ), #2038 ) ;
#2119 = SURFACE_SIDE_STYLE ('',( #2072 ) ) ;
#2120 = EDGE_LOOP ( 'NONE', ( #494, #160, #259, #3041 ) ) ;
#2121 = FILL_AREA_STYLE_COLOUR ( '', #1167 ) ;
#2122 = VECTOR ( 'NONE', #2101, 1000.000000000000000 ) ;
#2123 =( NAMED_UNIT ( * ) SI_UNIT ( $, .STERADIAN. ) SOLID_ANGLE_UNIT ( ) );
#2124 = CARTESIAN_POINT ( 'NONE',  ( 3.390000000000012559, 3.199999999999994849, 0.01999999999999967776 ) ) ;
#2125 = EDGE_CURVE ( 'NONE', #3031, #1240, #797, .T. ) ;
#2126 = ORIENTED_EDGE ( 'NONE', *, *, #1471, .F. ) ;
#2127 = FACE_OUTER_BOUND ( 'NONE', #1785, .T. ) ;
#2128 = ORIENTED_EDGE ( 'NONE', *, *, #1600, .T. ) ;
#2129 = VERTEX_POINT ( 'NONE', #1531 ) ;
#2130 = CARTESIAN_POINT ( 'NONE',  ( 0.5700000000000392530, 10.90000000000000036, -1.119999999999974349 ) ) ;
#2131 = ORIENTED_EDGE ( 'NONE', *, *, #239, .T. ) ;
#2132 = LINE ( 'NONE', #333, #3009 ) ;
#2133 = EDGE_LOOP ( 'NONE', ( #1139, #483, #2679, #2653 ) ) ;
#2134 = CARTESIAN_POINT ( 'NONE',  ( 3.390000000000018776, 3.199999999999993960, -1.119999999999986562 ) ) ;
#2135 = CARTESIAN_POINT ( 'NONE',  ( 4.660000000000000142, -2.356751268748832895E-14, -3.750000000000000000 ) ) ;
#2136 = VECTOR ( 'NONE', #1741, 1000.000000000000000 ) ;
#2137 = CARTESIAN_POINT ( 'NONE',  ( 3.390000000000038760, -1.040834085586084257E-14, -1.119999999999974349 ) ) ;
#2138 = LINE ( 'NONE', #341, #61 ) ;
#2139 = SURFACE_SIDE_STYLE ('',( #584 ) ) ;
#2140 = STYLED_ITEM ( 'NONE', ( #63 ), #1514 ) ;
#2141 = CARTESIAN_POINT ( 'NONE',  ( -5.909999999999999254, 0.3000000000000092037, -3.750000000000000888 ) ) ;
#2142 = EDGE_CURVE ( 'NONE', #2827, #1559, #272, .T. ) ;
#2143 = AXIS2_PLACEMENT_3D ( 'NONE', #538, #1243, #268 ) ;
#2144 =( LENGTH_UNIT ( ) NAMED_UNIT ( * ) SI_UNIT ( .MILLI., .METRE. ) );
#2145 = SURFACE_STYLE_USAGE ( .BOTH. , #3026 ) ;
#2146 = VECTOR ( 'NONE', #908, 1000.000000000000000 ) ;
#2147 = CARTESIAN_POINT ( 'NONE',  ( -4.659999999999975273, 7.500000000000003553, -4.250000000000023093 ) ) ;
#2148 = FACE_OUTER_BOUND ( 'NONE', #118, .T. ) ;
#2149 = STYLED_ITEM ( 'NONE', ( #145 ), #529 ) ;
#2150 =( LENGTH_UNIT ( ) NAMED_UNIT ( * ) SI_UNIT ( .MILLI., .METRE. ) );
#2151 = DIRECTION ( 'NONE',  ( 1.328236436951498929E-30, 3.871905176016576176E-15, 1.000000000000000000 ) ) ;
#2152 = EDGE_LOOP ( 'NONE', ( #435, #2349, #193, #2550, #2972, #1237, #402, #1884, #1814, #952 ) ) ;
#2153 = MECHANICAL_DESIGN_GEOMETRIC_PRESENTATION_REPRESENTATION (  '', ( #1379 ), #2790 ) ;
#2154 = EDGE_LOOP ( 'NONE', ( #1472, #1505, #569, #1165 ) ) ;
#2155 = CARTESIAN_POINT ( 'NONE',  ( -4.660000000000001030, 1.316289227138251895E-14, -2.549999999999958522 ) ) ;
#2156 = DIRECTION ( 'NONE',  ( -8.906997283086555699E-31, -3.746589754635383017E-15, -1.000000000000000000 ) ) ;
#2157 = VERTEX_POINT ( 'NONE', #1982 ) ;
#2158 =( GEOMETRIC_REPRESENTATION_CONTEXT ( 3 ) GLOBAL_UNCERTAINTY_ASSIGNED_CONTEXT ( ( #1940 ) ) GLOBAL_UNIT_ASSIGNED_CONTEXT ( ( #1931, #2397, #2183 ) ) REPRESENTATION_CONTEXT ( 'NONE', 'WORKASPACE' ) );
#2159 = PLANE ( 'NONE',  #1078 ) ;
#2160 = ORIENTED_EDGE ( 'NONE', *, *, #1908, .F. ) ;
#2161 = ORIENTED_EDGE ( 'NONE', *, *, #2111, .T. ) ;
#2162 = VERTEX_POINT ( 'NONE', #776 ) ;
#2163 = FACE_OUTER_BOUND ( 'NONE', #1204, .T. ) ;
#2164 = FILL_AREA_STYLE ('',( #2854 ) ) ;
#2165 = SURFACE_SIDE_STYLE ('',( #2110 ) ) ;
#2166 =( GEOMETRIC_REPRESENTATION_CONTEXT ( 3 ) GLOBAL_UNCERTAINTY_ASSIGNED_CONTEXT ( ( #1827 ) ) GLOBAL_UNIT_ASSIGNED_CONTEXT ( ( #2031, #2733, #1568 ) ) REPRESENTATION_CONTEXT ( 'NONE', 'WORKASPACE' ) );
#2167 = DIRECTION ( 'NONE',  ( 6.062897230110405496E-16, 0.1736481776669232813, -0.9848077530122093526 ) ) ;
#2168 = VECTOR ( 'NONE', #2325, 1000.000000000000000 ) ;
#2169 = FACE_OUTER_BOUND ( 'NONE', #2276, .T. ) ;
#2170 =( LENGTH_UNIT ( ) NAMED_UNIT ( * ) SI_UNIT ( .MILLI., .METRE. ) );
#2171 =( LENGTH_UNIT ( ) NAMED_UNIT ( * ) SI_UNIT ( .MILLI., .METRE. ) );
#2172 = COLOUR_RGB ( '',0.9960784313725490335, 0.8705882352941176627, 0.7607843137254901578 ) ;
#2173 = AXIS2_PLACEMENT_3D ( 'NONE', #804, #997, #2466 ) ;
#2174 = FACE_OUTER_BOUND ( 'NONE', #2042, .T. ) ;
#2175 = LINE ( 'NONE', #1384, #2028 ) ;
#2176 = FACE_BOUND ( 'NONE', #442, .T. ) ;
#2177 =( GEOMETRIC_REPRESENTATION_CONTEXT ( 3 ) GLOBAL_UNCERTAINTY_ASSIGNED_CONTEXT ( ( #2311 ) ) GLOBAL_UNIT_ASSIGNED_CONTEXT ( ( #815, #788, #765 ) ) REPRESENTATION_CONTEXT ( 'NONE', 'WORKASPACE' ) );
#2178 = DIRECTION ( 'NONE',  ( -1.328236436951498929E-30, -3.871905176016576176E-15, -1.000000000000000000 ) ) ;
#2179 = FILL_AREA_STYLE ('',( #1453 ) ) ;
#2180 = UNCERTAINTY_MEASURE_WITH_UNIT (LENGTH_MEASURE( 1.000000000000000082E-05 ), #2361, 'distance_accuracy_value', 'NONE');
#2181 = VECTOR ( 'NONE', #396, 1000.000000000000000 ) ;
#2182 = FILL_AREA_STYLE_COLOUR ( '', #1763 ) ;
#2183 =( NAMED_UNIT ( * ) SI_UNIT ( $, .STERADIAN. ) SOLID_ANGLE_UNIT ( ) );
#2184 = EDGE_CURVE ( 'NONE', #746, #342, #16, .T. ) ;
#2185 = SURFACE_STYLE_USAGE ( .BOTH. , #1675 ) ;
#2186 = VECTOR ( 'NONE', #10, 1000.000000000000000 ) ;
#2187 = UNCERTAINTY_MEASURE_WITH_UNIT (LENGTH_MEASURE( 1.000000000000000082E-05 ), #2792, 'distance_accuracy_value', 'NONE');
#2188 = ADVANCED_FACE ( 'NONE', ( #1321 ), #323, .F. ) ;
#2189 = DIRECTION ( 'NONE',  ( 3.491483361109382461E-15, 1.000000000000000000, 0.0000000000000000000 ) ) ;
#2190 = ORIENTED_EDGE ( 'NONE', *, *, #757, .T. ) ;
#2191 = FILL_AREA_STYLE ('',( #1432 ) ) ;
#2192 = FILL_AREA_STYLE ('',( #288 ) ) ;
#2193 = STYLED_ITEM ( 'NONE', ( #1977 ), #744 ) ;
#2194 =( LENGTH_UNIT ( ) NAMED_UNIT ( * ) SI_UNIT ( .MILLI., .METRE. ) );
#2195 = VERTEX_POINT ( 'NONE', #293 ) ;
#2196 = DIRECTION ( 'NONE',  ( 0.1710878697460360698, 0.9702875252478151413, 0.1710878697460283537 ) ) ;
#2197 = ORIENTED_EDGE ( 'NONE', *, *, #2422, .F. ) ;
#2198 =( GEOMETRIC_REPRESENTATION_CONTEXT ( 3 ) GLOBAL_UNCERTAINTY_ASSIGNED_CONTEXT ( ( #823 ) ) GLOBAL_UNIT_ASSIGNED_CONTEXT ( ( #2631, #1498, #825 ) ) REPRESENTATION_CONTEXT ( 'NONE', 'WORKASPACE' ) );
#2199 = ORIENTED_EDGE ( 'NONE', *, *, #388, .T. ) ;
#2200 =( LENGTH_UNIT ( ) NAMED_UNIT ( * ) SI_UNIT ( .MILLI., .METRE. ) );
#2201 = ADVANCED_FACE ( 'NONE', ( #2127 ), #2903, .F. ) ;
#2202 = DIRECTION ( 'NONE',  ( -1.804140726276253826E-29, -8.658744778912637174E-15, -1.000000000000000000 ) ) ;
#2203 = EDGE_CURVE ( 'NONE', #2370, #1932, #2649, .T. ) ;
#2204 = ORIENTED_EDGE ( 'NONE', *, *, #1582, .F. ) ;
#2205 =( NAMED_UNIT ( * ) PLANE_ANGLE_UNIT ( ) SI_UNIT ( $, .RADIAN. ) );
#2206 = VERTEX_POINT ( 'NONE', #1112 ) ;
#2207 = LINE ( 'NONE', #1393, #2279 ) ;
#2208 = CARTESIAN_POINT ( 'NONE',  ( -4.660000000000001030, 8.973112238051115950E-15, -4.250000000000023093 ) ) ;
#2209 = COLOUR_RGB ( '',0.9960784313725490335, 0.8705882352941176627, 0.7607843137254901578 ) ;
#2210 = PRESENTATION_STYLE_ASSIGNMENT (( #1463 ) ) ;
#2211 = FILL_AREA_STYLE_COLOUR ( '', #588 ) ;
#2212 = PRESENTATION_LAYER_ASSIGNMENT (  '', '', ( #1131 ) ) ;
#2213 =( NAMED_UNIT ( * ) SI_UNIT ( $, .STERADIAN. ) SOLID_ANGLE_UNIT ( ) );
#2214 = CARTESIAN_POINT ( 'NONE',  ( -4.529999999999961169, 1.734723475976807094E-14, -1.119999999999974349 ) ) ;
#2215 = ADVANCED_FACE ( 'NONE', ( #2236 ), #600, .T. ) ;
#2216 = SURFACE_STYLE_USAGE ( .BOTH. , #2452 ) ;
#2217 = UNCERTAINTY_MEASURE_WITH_UNIT (LENGTH_MEASURE( 1.000000000000000082E-05 ), #492, 'distance_accuracy_value', 'NONE');
#2218 = CARTESIAN_POINT ( 'NONE',  ( 3.389999999999997016, -7.130460433798863254E-15, 0.02000000000002609066 ) ) ;
#2219 = PRESENTATION_LAYER_ASSIGNMENT (  '', '', ( #860 ) ) ;
#2220 = DIRECTION ( 'NONE',  ( -0.1710878697460344600, -0.9702875252478141421, 0.1710878697460354314 ) ) ;
#2221 = CARTESIAN_POINT ( 'NONE',  ( 4.660000000000032117, 9.399999999999979039, -3.740896534380899308 ) ) ;
#2222 = PRESENTATION_LAYER_ASSIGNMENT (  '', '', ( #2576 ) ) ;
#2223 = LINE ( 'NONE', #52, #2851 ) ;
#2224 =( LENGTH_UNIT ( ) NAMED_UNIT ( * ) SI_UNIT ( .MILLI., .METRE. ) );
#2225 = FACE_OUTER_BOUND ( 'NONE', #1510, .T. ) ;
#2226 = EDGE_LOOP ( 'NONE', ( #2787, #1271, #2641, #803 ) ) ;
#2227 = PRESENTATION_STYLE_ASSIGNMENT (( #1497 ) ) ;
#2228 = ADVANCED_FACE ( 'NONE', ( #1016 ), #2498, .T. ) ;
#2229 = CARTESIAN_POINT ( 'NONE',  ( 4.660000000000025011, 1.333746643943784038E-14, -3.750000000000000000 ) ) ;
#2230 = FILL_AREA_STYLE ('',( #1266 ) ) ;
#2231 = ORIENTED_EDGE ( 'NONE', *, *, #1238, .T. ) ;
#2232 = LINE ( 'NONE', #1640, #1552 ) ;
#2233 = EDGE_CURVE ( 'NONE', #1716, #676, #1962, .T. ) ;
#2234 = SURFACE_SIDE_STYLE ('',( #1724 ) ) ;
#2235 = EDGE_LOOP ( 'NONE', ( #678, #2199, #2689, #1803 ) ) ;
#2236 = FACE_OUTER_BOUND ( 'NONE', #1442, .T. ) ;
#2237 = PLANE ( 'NONE',  #651 ) ;
#2238 = CARTESIAN_POINT ( 'NONE',  ( 4.660000000000032117, 9.399999999999977263, -4.250000000000031086 ) ) ;
#2239 = VERTEX_POINT ( 'NONE', #2317 ) ;
#2240 =( GEOMETRIC_REPRESENTATION_CONTEXT ( 3 ) GLOBAL_UNCERTAINTY_ASSIGNED_CONTEXT ( ( #619 ) ) GLOBAL_UNIT_ASSIGNED_CONTEXT ( ( #2700, #1288, #329 ) ) REPRESENTATION_CONTEXT ( 'NONE', 'WORKASPACE' ) );
#2241 = ORIENTED_EDGE ( 'NONE', *, *, #113, .T. ) ;
#2242 = COLOUR_RGB ( '',0.9960784313725490335, 0.8705882352941176627, 0.7607843137254901578 ) ;
#2243 = EDGE_LOOP ( 'NONE', ( #2412, #1277, #2048, #36 ) ) ;
#2244 = DIRECTION ( 'NONE',  ( 0.0000000000000000000, 1.000000000000000000, -3.746589754635383017E-15 ) ) ;
#2245 = CARTESIAN_POINT ( 'NONE',  ( 3.390000000000038760, 10.89999999999998970, -1.120000000000014984 ) ) ;
#2246 = EDGE_CURVE ( 'NONE', #2614, #1820, #484, .T. ) ;
#2247 = ORIENTED_EDGE ( 'NONE', *, *, #2360, .T. ) ;
#2248 =( GEOMETRIC_REPRESENTATION_CONTEXT ( 3 ) GLOBAL_UNCERTAINTY_ASSIGNED_CONTEXT ( ( #1882 ) ) GLOBAL_UNIT_ASSIGNED_CONTEXT ( ( #2150, #5, #2406 ) ) REPRESENTATION_CONTEXT ( 'NONE', 'WORKASPACE' ) );
#2249 = SURFACE_SIDE_STYLE ('',( #2299 ) ) ;
#2250 = LINE ( 'NONE', #49, #416 ) ;
#2251 = ADVANCED_FACE ( 'NONE', ( #1919 ), #2055, .F. ) ;
#2252 = FILL_AREA_STYLE ('',( #2663 ) ) ;
#2253 = SURFACE_STYLE_USAGE ( .BOTH. , #1767 ) ;
#2254 = CARTESIAN_POINT ( 'NONE',  ( -0.5700000000000124967, -2.699999999999973088, 0.02000000000003626308 ) ) ;
#2255 = PRESENTATION_LAYER_ASSIGNMENT (  '', '', ( #455 ) ) ;
#2256 = DIRECTION ( 'NONE',  ( 1.000000000000000000, -3.337086476537728329E-45, -8.906997283086555699E-31 ) ) ;
#2257 = CARTESIAN_POINT ( 'NONE',  ( -0.5699999999999612044, 10.90000000000000924, 0.01999999999998530731 ) ) ;
#2258 = SURFACE_SIDE_STYLE ('',( #905 ) ) ;
#2259 = VECTOR ( 'NONE', #1910, 1000.000000000000000 ) ;
#2260 = PRESENTATION_LAYER_ASSIGNMENT (  '', '', ( #1379 ) ) ;
#2261 = DIRECTION ( 'NONE',  ( 6.062897230110438037E-16, 0.1736481776669311083, 0.9848077530122080203 ) ) ;
#2262 = AXIS2_PLACEMENT_3D ( 'NONE', #1146, #2797, #3016 ) ;
#2263 = CARTESIAN_POINT ( 'NONE',  ( -5.910000000000000142, 7.200000000000009948, -3.750000000000023093 ) ) ;
#2264 = LINE ( 'NONE', #1878, #1547 ) ;
#2265 = DIRECTION ( 'NONE',  ( 1.000000000000000000, -3.491483361109382461E-15, 1.219045606090367045E-29 ) ) ;
#2266 = AXIS2_PLACEMENT_3D ( 'NONE', #1185, #464, #1461 ) ;
#2267 = VERTEX_POINT ( 'NONE', #122 ) ;
#2268 = VECTOR ( 'NONE', #2091, 1000.000000000000000 ) ;
#2269 = DIRECTION ( 'NONE',  ( 1.000000000000000000, 2.734415618998499450E-45, 8.412164100692840449E-31 ) ) ;
#2270 = ORIENTED_EDGE ( 'NONE', *, *, #445, .T. ) ;
#2271 = MECHANICAL_DESIGN_GEOMETRIC_PRESENTATION_REPRESENTATION (  '', ( #1155 ), #2566 ) ;
#2272 = ORIENTED_EDGE ( 'NONE', *, *, #1551, .F. ) ;
#2273 = DIRECTION ( 'NONE',  ( -0.0000000000000000000, 3.491483361109382461E-15, 1.000000000000000000 ) ) ;
#2274 = VERTEX_POINT ( 'NONE', #1817 ) ;
#2275 = FILL_AREA_STYLE ('',( #339 ) ) ;
#2276 = EDGE_LOOP ( 'NONE', ( #1232, #2247, #909, #1733 ) ) ;
#2277 = CARTESIAN_POINT ( 'NONE',  ( -5.909999999999976161, 7.200000000000012612, -4.250000000000023093 ) ) ;
#2278 = PRESENTATION_STYLE_ASSIGNMENT (( #97 ) ) ;
#2279 = VECTOR ( 'NONE', #2103, 1000.000000000000000 ) ;
#2280 = DIRECTION ( 'NONE',  ( -1.000000000000000000, 3.491483361109382461E-15, -1.219045606090366905E-29 ) ) ;
#2281 = PRESENTATION_STYLE_ASSIGNMENT (( #261 ) ) ;
#2282 = COLOUR_RGB ( '',0.9960784313725490335, 0.8705882352941176627, 0.7607843137254901578 ) ;
#2283 =( NAMED_UNIT ( * ) PLANE_ANGLE_UNIT ( ) SI_UNIT ( $, .RADIAN. ) );
#2284 = EDGE_CURVE ( 'NONE', #1718, #1517, #635, .T. ) ;
#2285 = VECTOR ( 'NONE', #895, 1000.000000000000000 ) ;
#2286 = PRESENTATION_STYLE_ASSIGNMENT (( #1603 ) ) ;
#2287 = CARTESIAN_POINT ( 'NONE',  ( 4.660000000000030340, 8.399999999999959499, -2.550000000000029576 ) ) ;
#2288 =( NAMED_UNIT ( * ) SI_UNIT ( $, .STERADIAN. ) SOLID_ANGLE_UNIT ( ) );
#2289 = DIRECTION ( 'NONE',  ( -3.491483361109382461E-15, -1.000000000000000000, 3.491483361109382461E-15 ) ) ;
#2290 = DIRECTION ( 'NONE',  ( 1.328236436951498929E-30, 3.871905176016576176E-15, 1.000000000000000000 ) ) ;
#2291 = ORIENTED_EDGE ( 'NONE', *, *, #1639, .F. ) ;
#2292 = AXIS2_PLACEMENT_3D ( 'NONE', #1775, #58, #1727 ) ;
#2293 = PLANE ( 'NONE',  #1863 ) ;
#2294 =( NAMED_UNIT ( * ) PLANE_ANGLE_UNIT ( ) SI_UNIT ( $, .RADIAN. ) );
#2295 = VECTOR ( 'NONE', #2619, 999.9999999999998863 ) ;
#2296 = DIRECTION ( 'NONE',  ( -1.902109074535985337E-16, -3.871905176016575387E-15, -1.000000000000000000 ) ) ;
#2297 = EDGE_CURVE ( 'NONE', #2274, #2827, #674, .T. ) ;
#2298 = PRESENTATION_LAYER_ASSIGNMENT (  '', '', ( #2956 ) ) ;
#2299 = SURFACE_STYLE_FILL_AREA ( #1754 ) ;
#2300 =( NAMED_UNIT ( * ) PLANE_ANGLE_UNIT ( ) SI_UNIT ( $, .RADIAN. ) );
#2301 = ORIENTED_EDGE ( 'NONE', *, *, #513, .T. ) ;
#2302 = ORIENTED_EDGE ( 'NONE', *, *, #2392, .T. ) ;
#2303 = DIRECTION ( 'NONE',  ( -1.219045606090367045E-29, 4.256277450098019044E-44, 1.000000000000000000 ) ) ;
#2304 = ADVANCED_FACE ( 'NONE', ( #1281 ), #2562, .F. ) ;
#2305 = SURFACE_STYLE_USAGE ( .BOTH. , #610 ) ;
#2306 = PRESENTATION_STYLE_ASSIGNMENT (( #951 ) ) ;
#2307 = ORIENTED_EDGE ( 'NONE', *, *, #2538, .F. ) ;
#2308 = AXIS2_PLACEMENT_3D ( 'NONE', #1006, #2426, #1681 ) ;
#2309 = CARTESIAN_POINT ( 'NONE',  ( 5.910000000000000142, -1.562438804096437872E-14, -2.549999999999958522 ) ) ;
#2310 = ORIENTED_EDGE ( 'NONE', *, *, #335, .F. ) ;
#2311 = UNCERTAINTY_MEASURE_WITH_UNIT (LENGTH_MEASURE( 1.000000000000000082E-05 ), #815, 'distance_accuracy_value', 'NONE');
#2312 = VECTOR ( 'NONE', #2636, 1000.000000000000000 ) ;
#2313 = ORIENTED_EDGE ( 'NONE', *, *, #381, .T. ) ;
#2314 = PRESENTATION_LAYER_ASSIGNMENT (  '', '', ( #2853 ) ) ;
#2315 = ORIENTED_EDGE ( 'NONE', *, *, #1278, .F. ) ;
#2316 = UNCERTAINTY_MEASURE_WITH_UNIT (LENGTH_MEASURE( 1.000000000000000082E-05 ), #2502, 'distance_accuracy_value', 'NONE');
#2317 = CARTESIAN_POINT ( 'NONE',  ( 4.660000000000025011, 7.199999999999985079, -3.750000000000022204 ) ) ;
#2318 = VECTOR ( 'NONE', #114, 1000.000000000000000 ) ;
#2319 = MECHANICAL_DESIGN_GEOMETRIC_PRESENTATION_REPRESENTATION (  '', ( #2664 ), #2555 ) ;
#2320 = CARTESIAN_POINT ( 'NONE',  ( -5.910000000000000142, 4.126933332831290006E-14, -2.549999999999982947 ) ) ;
#2321 = PRESENTATION_STYLE_ASSIGNMENT (( #2145 ) ) ;
#2322 = SURFACE_STYLE_USAGE ( .BOTH. , #1340 ) ;
#2323 = DIRECTION ( 'NONE',  ( 3.491483361109382461E-15, 1.000000000000000000, -3.871905176016576176E-15 ) ) ;
#2324 = CARTESIAN_POINT ( 'NONE',  ( 0.5700000000000392530, 10.90000000000000391, -0.1563269807084797514 ) ) ;
#2325 = DIRECTION ( 'NONE',  ( 0.0000000000000000000, -1.000000000000000000, 8.658744778912637174E-15 ) ) ;
#2326 = CARTESIAN_POINT ( 'NONE',  ( -4.529999999999961169, 3.200000000000020606, -1.119999999999986340 ) ) ;
#2327 = CARTESIAN_POINT ( 'NONE',  ( 3.390000000000038760, 10.89999999999998970, -1.120000000000014984 ) ) ;
#2328 = SURFACE_STYLE_FILL_AREA ( #2380 ) ;
#2329 = PRESENTATION_LAYER_ASSIGNMENT (  '', '', ( #1745 ) ) ;
#2330 = ORIENTED_EDGE ( 'NONE', *, *, #256, .T. ) ;
#2331 =( NAMED_UNIT ( * ) PLANE_ANGLE_UNIT ( ) SI_UNIT ( $, .RADIAN. ) );
#2332 =( LENGTH_UNIT ( ) NAMED_UNIT ( * ) SI_UNIT ( .MILLI., .METRE. ) );
#2333 = ORIENTED_EDGE ( 'NONE', *, *, #564, .T. ) ;
#2334 = EDGE_CURVE ( 'NONE', #2442, #637, #2405, .T. ) ;
#2335 = FACE_OUTER_BOUND ( 'NONE', #1914, .T. ) ;
#2336 = ORIENTED_EDGE ( 'NONE', *, *, #2645, .T. ) ;
#2337 =( NAMED_UNIT ( * ) PLANE_ANGLE_UNIT ( ) SI_UNIT ( $, .RADIAN. ) );
#2338 =( NAMED_UNIT ( * ) PLANE_ANGLE_UNIT ( ) SI_UNIT ( $, .RADIAN. ) );
#2339 = EDGE_LOOP ( 'NONE', ( #120, #2291, #2411, #1353 ) ) ;
#2340 = DIRECTION ( 'NONE',  ( -3.491483361109383250E-15, -1.000000000000000000, 0.0000000000000000000 ) ) ;
#2341 = ORIENTED_EDGE ( 'NONE', *, *, #2297, .F. ) ;
#2342 =( NAMED_UNIT ( * ) SI_UNIT ( $, .STERADIAN. ) SOLID_ANGLE_UNIT ( ) );
#2343 = FACE_OUTER_BOUND ( 'NONE', #764, .T. ) ;
#2344 = VERTEX_POINT ( 'NONE', #1154 ) ;
#2345 = AXIS2_PLACEMENT_3D ( 'NONE', #231, #1443, #1693 ) ;
#2346 = FILL_AREA_STYLE_COLOUR ( '', #2495 ) ;
#2347 = VERTEX_POINT ( 'NONE', #199 ) ;
#2348 = SURFACE_STYLE_FILL_AREA ( #2894 ) ;
#2349 = ORIENTED_EDGE ( 'NONE', *, *, #2184, .T. ) ;
#2350 = LINE ( 'NONE', #2014, #1856 ) ;
#2351 = SURFACE_STYLE_FILL_AREA ( #1748 ) ;
#2352 = DIRECTION ( 'NONE',  ( 6.062897230110411413E-16, 0.1736481776669234478, -0.9848077530122093526 ) ) ;
#2353 = FACE_OUTER_BOUND ( 'NONE', #1524, .T. ) ;
#2354 = MECHANICAL_DESIGN_GEOMETRIC_PRESENTATION_REPRESENTATION (  '', ( #2999 ), #2198 ) ;
#2355 = SURFACE_STYLE_USAGE ( .BOTH. , #1627 ) ;
#2356 = STYLED_ITEM ( 'NONE', ( #1045 ), #2848 ) ;
#2357 =( NAMED_UNIT ( * ) SI_UNIT ( $, .STERADIAN. ) SOLID_ANGLE_UNIT ( ) );
#2358 = SURFACE_SIDE_STYLE ('',( #2386 ) ) ;
#2359 = FILL_AREA_STYLE ('',( #3000 ) ) ;
#2360 = EDGE_CURVE ( 'NONE', #1363, #1324, #2963, .T. ) ;
#2361 =( LENGTH_UNIT ( ) NAMED_UNIT ( * ) SI_UNIT ( .MILLI., .METRE. ) );
#2362 = FILL_AREA_STYLE ('',( #675 ) ) ;
#2363 = MECHANICAL_DESIGN_GEOMETRIC_PRESENTATION_REPRESENTATION (  '', ( #2052 ), #832 ) ;
#2364 =( LENGTH_UNIT ( ) NAMED_UNIT ( * ) SI_UNIT ( .MILLI., .METRE. ) );
#2365 = DIRECTION ( 'NONE',  ( 3.491483361109383250E-15, 1.000000000000000000, -0.0000000000000000000 ) ) ;
#2366 = ORIENTED_EDGE ( 'NONE', *, *, #11, .T. ) ;
#2367 = DIRECTION ( 'NONE',  ( -1.000000000000000000, 3.491483361109382461E-15, -1.219045606090366765E-29 ) ) ;
#2368 = FACE_OUTER_BOUND ( 'NONE', #2133, .T. ) ;
#2369 = CARTESIAN_POINT ( 'NONE',  ( -0.5699999999999612044, 10.90000000000000391, -1.120000000000014984 ) ) ;
#2370 = VERTEX_POINT ( 'NONE', #2582 ) ;
#2371 = SURFACE_STYLE_USAGE ( .BOTH. , #727 ) ;
#2372 = VECTOR ( 'NONE', #379, 1000.000000000000000 ) ;
#2373 = ORIENTED_EDGE ( 'NONE', *, *, #3040, .F. ) ;
#2374 = ORIENTED_EDGE ( 'NONE', *, *, #2547, .F. ) ;
#2375 = PLANE ( 'NONE',  #1818 ) ;
#2376 = LINE ( 'NONE', #598, #532 ) ;
#2377 = CARTESIAN_POINT ( 'NONE',  ( -0.5699999999999991740, 3.469446951953614189E-15, -1.120000000000014984 ) ) ;
#2378 = EDGE_CURVE ( 'NONE', #1559, #645, #2936, .T. ) ;
#2379 = EDGE_LOOP ( 'NONE', ( #1647, #197, #2373, #1013 ) ) ;
#2380 = FILL_AREA_STYLE ('',( #216 ) ) ;
#2381 = DIRECTION ( 'NONE',  ( -1.000000000000000000, 3.491483361109383250E-15, 1.902109074535850245E-16 ) ) ;
#2382 = ORIENTED_EDGE ( 'NONE', *, *, #757, .F. ) ;
#2383 = SURFACE_STYLE_FILL_AREA ( #2192 ) ;
#2384 = UNCERTAINTY_MEASURE_WITH_UNIT (LENGTH_MEASURE( 1.000000000000000082E-05 ), #1947, 'distance_accuracy_value', 'NONE');
#2385 = MECHANICAL_DESIGN_GEOMETRIC_PRESENTATION_REPRESENTATION (  '', ( #144 ), #1666 ) ;
#2386 = SURFACE_STYLE_FILL_AREA ( #1412 ) ;
#2387 = CARTESIAN_POINT ( 'NONE',  ( 3.389999999999987690, -2.699999999999987299, 0.02000000000003626308 ) ) ;
#2388 = DIRECTION ( 'NONE',  ( -1.000000000000000000, 3.491483361109383250E-15, 1.902109074535850245E-16 ) ) ;
#2389 = EDGE_CURVE ( 'NONE', #1820, #2157, #1728, .T. ) ;
#2390 = SURFACE_STYLE_FILL_AREA ( #928 ) ;
#2391 =( GEOMETRIC_REPRESENTATION_CONTEXT ( 3 ) GLOBAL_UNCERTAINTY_ASSIGNED_CONTEXT ( ( #75 ) ) GLOBAL_UNIT_ASSIGNED_CONTEXT ( ( #291, #527, #282 ) ) REPRESENTATION_CONTEXT ( 'NONE', 'WORKASPACE' ) );
#2392 = EDGE_CURVE ( 'NONE', #746, #1850, #1616, .T. ) ;
#2393 = CARTESIAN_POINT ( 'NONE',  ( 0.3988342967778548132, -3.670728940825761732, -0.1511657032220936892 ) ) ;
#2394 = SURFACE_STYLE_USAGE ( .BOTH. , #1708 ) ;
#2395 = PRESENTATION_LAYER_ASSIGNMENT (  '', '', ( #1545 ) ) ;
#2396 = SURFACE_SIDE_STYLE ('',( #2328 ) ) ;
#2397 =( NAMED_UNIT ( * ) PLANE_ANGLE_UNIT ( ) SI_UNIT ( $, .RADIAN. ) );
#2398 = UNCERTAINTY_MEASURE_WITH_UNIT (LENGTH_MEASURE( 1.000000000000000082E-05 ), #511, 'distance_accuracy_value', 'NONE');
#2399 = VECTOR ( 'NONE', #2891, 1000.000000000000000 ) ;
#2400 = ORIENTED_EDGE ( 'NONE', *, *, #2938, .T. ) ;
#2401 = DIRECTION ( 'NONE',  ( -0.9848077530122082424, 0.1736481776669299704, -6.723492779144309376E-16 ) ) ;
#2402 = DIRECTION ( 'NONE',  ( -3.491483361109382461E-15, -1.000000000000000000, 0.0000000000000000000 ) ) ;
#2403 = EDGE_LOOP ( 'NONE', ( #274, #1512, #2872, #2126 ) ) ;
#2404 = EDGE_CURVE ( 'NONE', #2129, #2614, #195, .T. ) ;
#2405 = LINE ( 'NONE', #1407, #1810 ) ;
#2406 =( NAMED_UNIT ( * ) SI_UNIT ( $, .STERADIAN. ) SOLID_ANGLE_UNIT ( ) );
#2407 = ORIENTED_EDGE ( 'NONE', *, *, #88, .F. ) ;
#2408 = VECTOR ( 'NONE', #2454, 1000.000000000000000 ) ;
#2409 = EDGE_LOOP ( 'NONE', ( #276, #632, #1199, #437 ) ) ;
#2410 = LINE ( 'NONE', #2457, #2545 ) ;
#2411 = ORIENTED_EDGE ( 'NONE', *, *, #1908, .T. ) ;
#2412 = ORIENTED_EDGE ( 'NONE', *, *, #2078, .T. ) ;
#2413 = COLOUR_RGB ( '',0.9960784313725490335, 0.8705882352941176627, 0.7607843137254901578 ) ;
#2414 = VERTEX_POINT ( 'NONE', #1392 ) ;
#2415 = PLANE ( 'NONE',  #1071 ) ;
#2416 = VECTOR ( 'NONE', #1445, 1000.000000000000000 ) ;
#2417 = VECTOR ( 'NONE', #848, 1000.000000000000000 ) ;
#2418 = STYLED_ITEM ( 'NONE', ( #142 ), #1068 ) ;
#2419 = CARTESIAN_POINT ( 'NONE',  ( 3.561165703222171963, 10.87072894082575836, -0.1511657032221480901 ) ) ;
#2420 = CARTESIAN_POINT ( 'NONE',  ( -3.566326980708424355, 10.90000000000001457, -1.120000000000014984 ) ) ;
#2421 = DIRECTION ( 'NONE',  ( 0.0000000000000000000, 0.0000000000000000000, 1.000000000000000000 ) ) ;
#2422 = EDGE_CURVE ( 'NONE', #1051, #2819, #2613, .T. ) ;
#2423 = AXIS2_PLACEMENT_3D ( 'NONE', #726, #2627, #238 ) ;
#2424 = CARTESIAN_POINT ( 'NONE',  ( -4.529999999999999361, -2.699999999999964650, -1.119999999999964135 ) ) ;
#2425 = DIRECTION ( 'NONE',  ( -0.1710878697460291309, 0.9702875252478162516, 0.1710878697460285203 ) ) ;
#2426 = DIRECTION ( 'NONE',  ( -8.906997283086555699E-31, -3.746589754635383017E-15, -1.000000000000000000 ) ) ;
#2427 = DIRECTION ( 'NONE',  ( 8.906997283086555699E-31, 3.746589754635383017E-15, 1.000000000000000000 ) ) ;
#2428 = ORIENTED_EDGE ( 'NONE', *, *, #1304, .F. ) ;
#2429 = VERTEX_POINT ( 'NONE', #1858 ) ;
#2430 =( NAMED_UNIT ( * ) PLANE_ANGLE_UNIT ( ) SI_UNIT ( $, .RADIAN. ) );
#2431 = AXIS2_PLACEMENT_3D ( 'NONE', #1723, #1538, #572 ) ;
#2432 = VECTOR ( 'NONE', #2959, 1000.000000000000000 ) ;
#2433 = ORIENTED_EDGE ( 'NONE', *, *, #2575, .F. ) ;
#2434 = FACE_OUTER_BOUND ( 'NONE', #2120, .T. ) ;
#2435 = CARTESIAN_POINT ( 'NONE',  ( 4.530000000000001137, 4.818247038330943370E-15, 4.250000000000000000 ) ) ;
#2436 = ORIENTED_EDGE ( 'NONE', *, *, #2481, .F. ) ;
#2437 =( GEOMETRIC_REPRESENTATION_CONTEXT ( 3 ) GLOBAL_UNCERTAINTY_ASSIGNED_CONTEXT ( ( #2081 ) ) GLOBAL_UNIT_ASSIGNED_CONTEXT ( ( #982, #44, #781 ) ) REPRESENTATION_CONTEXT ( 'NONE', 'WORKASPACE' ) );
#2438 = CARTESIAN_POINT ( 'NONE',  ( 4.660000000000025899, 7.499999999999969802, -4.250000000000032863 ) ) ;
#2439 = VECTOR ( 'NONE', #2273, 1000.000000000000000 ) ;
#2440 = ADVANCED_FACE ( 'NONE', ( #2647 ), #660, .F. ) ;
#2441 = SURFACE_STYLE_USAGE ( .BOTH. , #1259 ) ;
#2442 = VERTEX_POINT ( 'NONE', #1611 ) ;
#2443 = DIRECTION ( 'NONE',  ( 2.468851561040445203E-15, 0.7071067811865454633, -0.7071067811865495711 ) ) ;
#2444 = FACE_OUTER_BOUND ( 'NONE', #843, .T. ) ;
#2445 = VECTOR ( 'NONE', #2995, 1000.000000000000000 ) ;
#2446 = AXIS2_PLACEMENT_3D ( 'NONE', #1862, #1177, #409 ) ;
#2447 = COLOUR_RGB ( '',0.9960784313725490335, 0.8705882352941176627, 0.7607843137254901578 ) ;
#2448 = CARTESIAN_POINT ( 'NONE',  ( -3.389999999999964153, 9.899999999999998579, 0.02000000000001393025 ) ) ;
#2449 = PRESENTATION_STYLE_ASSIGNMENT (( #946 ) ) ;
#2450 = DIRECTION ( 'NONE',  ( 8.906997283086555699E-31, 3.746589754635383017E-15, 1.000000000000000000 ) ) ;
#2451 = FACE_OUTER_BOUND ( 'NONE', #2154, .T. ) ;
#2452 = SURFACE_SIDE_STYLE ('',( #1597 ) ) ;
#2453 =( NAMED_UNIT ( * ) PLANE_ANGLE_UNIT ( ) SI_UNIT ( $, .RADIAN. ) );
#2454 = DIRECTION ( 'NONE',  ( 0.0000000000000000000, 1.000000000000000000, -3.746589754635383017E-15 ) ) ;
#2455 = LINE ( 'NONE', #1178, #1830 ) ;
#2456 =( GEOMETRIC_REPRESENTATION_CONTEXT ( 3 ) GLOBAL_UNCERTAINTY_ASSIGNED_CONTEXT ( ( #173 ) ) GLOBAL_UNIT_ASSIGNED_CONTEXT ( ( #2006, #592, #2288 ) ) REPRESENTATION_CONTEXT ( 'NONE', 'WORKASPACE' ) );
#2457 = CARTESIAN_POINT ( 'NONE',  ( -3.594534710680720391, 11.05997398616458760, -0.9154652893192555263 ) ) ;
#2458 = SHAPE_DEFINITION_REPRESENTATION ( #1829, #1746 ) ;
#2459 = SURFACE_SIDE_STYLE ('',( #1880 ) ) ;
#2460 = DIRECTION ( 'NONE',  ( 0.1710878697460291309, -0.9702875252478150303, 0.1710878697460363473 ) ) ;
#2461 = SURFACE_STYLE_FILL_AREA ( #1007 ) ;
#2462 = PLANE ( 'NONE',  #1190 ) ;
#2463 =( NAMED_UNIT ( * ) SI_UNIT ( $, .STERADIAN. ) SOLID_ANGLE_UNIT ( ) );
#2464 =( GEOMETRIC_REPRESENTATION_CONTEXT ( 3 ) GLOBAL_UNCERTAINTY_ASSIGNED_CONTEXT ( ( #470 ) ) GLOBAL_UNIT_ASSIGNED_CONTEXT ( ( #2095, #1581, #2530 ) ) REPRESENTATION_CONTEXT ( 'NONE', 'WORKASPACE' ) );
#2465 = VERTEX_POINT ( 'NONE', #1162 ) ;
#2466 = DIRECTION ( 'NONE',  ( 1.328236436951498929E-30, 3.871905176016576176E-15, 1.000000000000000000 ) ) ;
#2467 = UNCERTAINTY_MEASURE_WITH_UNIT (LENGTH_MEASURE( 1.000000000000000082E-05 ), #2200, 'distance_accuracy_value', 'NONE');
#2468 = DIRECTION ( 'NONE',  ( 0.9848077530122092416, 0.1736481776669237809, -8.596704542821997258E-16 ) ) ;
#2469 = SURFACE_STYLE_FILL_AREA ( #3039 ) ;
#2470 = MECHANICAL_DESIGN_GEOMETRIC_PRESENTATION_REPRESENTATION (  '', ( #212 ), #1714 ) ;
#2471 = ADVANCED_FACE ( 'NONE', ( #2080 ), #912, .F. ) ;
#2472 =( NAMED_UNIT ( * ) SI_UNIT ( $, .STERADIAN. ) SOLID_ANGLE_UNIT ( ) );
#2473 = ORIENTED_EDGE ( 'NONE', *, *, #899, .F. ) ;
#2474 = AXIS2_PLACEMENT_3D ( 'NONE', #1546, #111, #1799 ) ;
#2475 = LINE ( 'NONE', #1301, #2408 ) ;
#2476 = ORIENTED_EDGE ( 'NONE', *, *, #1315, .T. ) ;
#2477 = COLOUR_RGB ( '',0.9960784313725490335, 0.8705882352941176627, 0.7607843137254901578 ) ;
#2478 = PLANE ( 'NONE',  #1778 ) ;
#2479 = ORIENTED_EDGE ( 'NONE', *, *, #2575, .T. ) ;
#2480 =( LENGTH_UNIT ( ) NAMED_UNIT ( * ) SI_UNIT ( .MILLI., .METRE. ) );
#2481 = EDGE_CURVE ( 'NONE', #1586, #14, #481, .T. ) ;
#2482 = ORIENTED_EDGE ( 'NONE', *, *, #183, .F. ) ;
#2483 = EDGE_LOOP ( 'NONE', ( #1399, #980, #1873, #2197 ) ) ;
#2484 = UNCERTAINTY_MEASURE_WITH_UNIT (LENGTH_MEASURE( 1.000000000000000082E-05 ), #368, 'distance_accuracy_value', 'NONE');
#2485 = FILL_AREA_STYLE ('',( #100 ) ) ;
#2486 =( NAMED_UNIT ( * ) SI_UNIT ( $, .STERADIAN. ) SOLID_ANGLE_UNIT ( ) );
#2487 = VECTOR ( 'NONE', #1470, 1000.000000000000000 ) ;
#2488 = SURFACE_STYLE_USAGE ( .BOTH. , #819 ) ;
#2489 = DIRECTION ( 'NONE',  ( 2.802596928649634142E-45, 3.491483361109382461E-15, 1.000000000000000000 ) ) ;
#2490 = UNCERTAINTY_MEASURE_WITH_UNIT (LENGTH_MEASURE( 1.000000000000000082E-05 ), #1804, 'distance_accuracy_value', 'NONE');
#2491 = DIRECTION ( 'NONE',  ( 0.0000000000000000000, -3.491483361109382461E-15, -1.000000000000000000 ) ) ;
#2492 = MECHANICAL_DESIGN_GEOMETRIC_PRESENTATION_REPRESENTATION (  '', ( #1263 ), #2947 ) ;
#2493 = ADVANCED_FACE ( 'NONE', ( #2335 ), #217, .F. ) ;
#2494 = SURFACE_SIDE_STYLE ('',( #1710 ) ) ;
#2495 = COLOUR_RGB ( '',1.000000000000000000, 1.000000000000000000, 1.000000000000000000 ) ;
#2496 = PRESENTATION_LAYER_ASSIGNMENT (  '', '', ( #2768 ) ) ;
#2497 = DIRECTION ( 'NONE',  ( 0.0000000000000000000, 1.000000000000000000, -3.250549545001492148E-15 ) ) ;
#2498 = PLANE ( 'NONE',  #1929 ) ;
#2499 = CARTESIAN_POINT ( 'NONE',  ( -3.389999999999960600, 10.90000000000001634, -1.120000000000014984 ) ) ;
#2500 = STYLED_ITEM ( 'NONE', ( #1122 ), #2951 ) ;
#2501 = LINE ( 'NONE', #2591, #1343 ) ;
#2502 =( LENGTH_UNIT ( ) NAMED_UNIT ( * ) SI_UNIT ( .MILLI., .METRE. ) );
#2503 = CARTESIAN_POINT ( 'NONE',  ( -4.529999999999961169, 9.900000000000000355, -1.120000000000011431 ) ) ;
#2504 = ADVANCED_FACE ( 'NONE', ( #794 ), #2159, .F. ) ;
#2505 = VERTEX_POINT ( 'NONE', #228 ) ;
#2506 = CARTESIAN_POINT ( 'NONE',  ( -4.660000000000001030, 8.973112238051115950E-15, -3.750000000000000000 ) ) ;
#2507 = SURFACE_STYLE_USAGE ( .BOTH. , #2983 ) ;
#2508 = EDGE_CURVE ( 'NONE', #300, #746, #1275, .T. ) ;
#2509 = VERTEX_POINT ( 'NONE', #701 ) ;
#2510 = COLOUR_RGB ( '',0.9960784313725490335, 0.8705882352941176627, 0.7607843137254901578 ) ;
#2511 = EDGE_LOOP ( 'NONE', ( #490, #1583, #1742, #2015 ) ) ;
#2512 = AXIS2_PLACEMENT_3D ( 'NONE', #153, #2156, #1388 ) ;
#2513 = COLOUR_RGB ( '',0.9960784313725490335, 0.8705882352941176627, 0.7607843137254901578 ) ;
#2514 = EDGE_LOOP ( 'NONE', ( #1292, #1690, #866, #59 ) ) ;
#2515 = ORIENTED_EDGE ( 'NONE', *, *, #2774, .T. ) ;
#2516 = CARTESIAN_POINT ( 'NONE',  ( -4.529999999999961169, 2.428612866367529932E-14, 0.02000000000002614617 ) ) ;
#2517 = STYLED_ITEM ( 'NONE', ( #1515 ), #2201 ) ;
#2518 = CARTESIAN_POINT ( 'NONE',  ( 3.566326980708453664, -3.700000000000009059, -0.1563269807084253227 ) ) ;
#2519 = ORIENTED_EDGE ( 'NONE', *, *, #1315, .F. ) ;
#2520 = SURFACE_STYLE_FILL_AREA ( #2164 ) ;
#2521 = ADVANCED_FACE ( 'NONE', ( #1430 ), #936, .F. ) ;
#2522 = UNCERTAINTY_MEASURE_WITH_UNIT (LENGTH_MEASURE( 1.000000000000000082E-05 ), #2170, 'distance_accuracy_value', 'NONE');
#2523 = FACE_OUTER_BOUND ( 'NONE', #604, .T. ) ;
#2524 = CARTESIAN_POINT ( 'NONE',  ( -0.3988342967778782389, -3.670728940825759068, -0.1511657032220936892 ) ) ;
#2525 =( NAMED_UNIT ( * ) PLANE_ANGLE_UNIT ( ) SI_UNIT ( $, .RADIAN. ) );
#2526 = EDGE_CURVE ( 'NONE', #567, #681, #1090, .T. ) ;
#2527 = UNCERTAINTY_MEASURE_WITH_UNIT (LENGTH_MEASURE( 1.000000000000000082E-05 ), #1159, 'distance_accuracy_value', 'NONE');
#2528 =( NAMED_UNIT ( * ) PLANE_ANGLE_UNIT ( ) SI_UNIT ( $, .RADIAN. ) );
#2529 =( NAMED_UNIT ( * ) PLANE_ANGLE_UNIT ( ) SI_UNIT ( $, .RADIAN. ) );
#2530 =( NAMED_UNIT ( * ) SI_UNIT ( $, .STERADIAN. ) SOLID_ANGLE_UNIT ( ) );
#2531 =( GEOMETRIC_REPRESENTATION_CONTEXT ( 3 ) GLOBAL_UNCERTAINTY_ASSIGNED_CONTEXT ( ( #385 ) ) GLOBAL_UNIT_ASSIGNED_CONTEXT ( ( #67, #273, #761 ) ) REPRESENTATION_CONTEXT ( 'NONE', 'WORKASPACE' ) );
#2532 = LINE ( 'NONE', #2813, #537 ) ;
#2533 = DIRECTION ( 'NONE',  ( 3.491483361109382461E-15, 1.000000000000000000, -3.491483361109382461E-15 ) ) ;
#2534 = EDGE_CURVE ( 'NONE', #9, #2344, #1009, .T. ) ;
#2535 = MECHANICAL_DESIGN_GEOMETRIC_PRESENTATION_REPRESENTATION (  '', ( #2037 ), #201 ) ;
#2536 = COLOUR_RGB ( '',0.9960784313725490335, 0.8705882352941176627, 0.7607843137254901578 ) ;
#2537 = FACE_OUTER_BOUND ( 'NONE', #2996, .T. ) ;
#2538 = EDGE_CURVE ( 'NONE', #1477, #229, #1046, .T. ) ;
#2539 = FILL_AREA_STYLE ('',( #1119 ) ) ;
#2540 = ORIENTED_EDGE ( 'NONE', *, *, #2246, .F. ) ;
#2541 =( GEOMETRIC_REPRESENTATION_CONTEXT ( 3 ) GLOBAL_UNCERTAINTY_ASSIGNED_CONTEXT ( ( #1419 ) ) GLOBAL_UNIT_ASSIGNED_CONTEXT ( ( #2364, #205, #931 ) ) REPRESENTATION_CONTEXT ( 'NONE', 'WORKASPACE' ) );
#2542 = SURFACE_STYLE_USAGE ( .BOTH. , #869 ) ;
#2543 = VERTEX_POINT ( 'NONE', #2600 ) ;
#2544 = LINE ( 'NONE', #967, #1021 ) ;
#2545 = VECTOR ( 'NONE', #821, 1000.000000000000000 ) ;
#2546 = EDGE_LOOP ( 'NONE', ( #2946, #3038, #136, #646 ) ) ;
#2547 = EDGE_CURVE ( 'NONE', #681, #2429, #563, .T. ) ;
#2548 =( GEOMETRIC_REPRESENTATION_CONTEXT ( 3 ) GLOBAL_UNCERTAINTY_ASSIGNED_CONTEXT ( ( #2928 ) ) GLOBAL_UNIT_ASSIGNED_CONTEXT ( ( #2707, #1069, #1300 ) ) REPRESENTATION_CONTEXT ( 'NONE', 'WORKASPACE' ) );
#2549 = CARTESIAN_POINT ( 'NONE',  ( -4.659999999999971720, 8.399999999999991473, -2.550000000000040234 ) ) ;
#2550 = ORIENTED_EDGE ( 'NONE', *, *, #784, .F. ) ;
#2551 = ORIENTED_EDGE ( 'NONE', *, *, #1452, .T. ) ;
#2552 = FILL_AREA_STYLE ('',( #1120 ) ) ;
#2553 =( LENGTH_UNIT ( ) NAMED_UNIT ( * ) SI_UNIT ( .MILLI., .METRE. ) );
#2554 = SURFACE_STYLE_FILL_AREA ( #2955 ) ;
#2555 =( GEOMETRIC_REPRESENTATION_CONTEXT ( 3 ) GLOBAL_UNCERTAINTY_ASSIGNED_CONTEXT ( ( #2180 ) ) GLOBAL_UNIT_ASSIGNED_CONTEXT ( ( #2361, #924, #2342 ) ) REPRESENTATION_CONTEXT ( 'NONE', 'WORKASPACE' ) );
#2556 = CARTESIAN_POINT ( 'NONE',  ( 4.530000000000026006, 3.199999999999990852, 0.02000000000001404474 ) ) ;
#2557 = CARTESIAN_POINT ( 'NONE',  ( -0.5699999999999992850, 10.90000000000000391, -1.120000000000014984 ) ) ;
#2558 =( LENGTH_UNIT ( ) NAMED_UNIT ( * ) SI_UNIT ( .MILLI., .METRE. ) );
#2559 = UNCERTAINTY_MEASURE_WITH_UNIT (LENGTH_MEASURE( 1.000000000000000082E-05 ), #1495, 'distance_accuracy_value', 'NONE');
#2560 = EDGE_CURVE ( 'NONE', #2675, #805, #630, .T. ) ;
#2561 = DIRECTION ( 'NONE',  ( 3.491483361109382461E-15, 1.000000000000000000, 0.0000000000000000000 ) ) ;
#2562 = PLANE ( 'NONE',  #2262 ) ;
#2563 = LINE ( 'NONE', #2557, #2181 ) ;
#2564 = DIRECTION ( 'NONE',  ( 1.000000000000000000, -3.491483361109382461E-15, 1.219045606090366905E-29 ) ) ;
#2565 = DIRECTION ( 'NONE',  ( -1.000000000000000000, 3.491483361109382461E-15, -1.219045606090366905E-29 ) ) ;
#2566 =( GEOMETRIC_REPRESENTATION_CONTEXT ( 3 ) GLOBAL_UNCERTAINTY_ASSIGNED_CONTEXT ( ( #1380 ) ) GLOBAL_UNIT_ASSIGNED_CONTEXT ( ( #2837, #1191, #1696 ) ) REPRESENTATION_CONTEXT ( 'NONE', 'WORKASPACE' ) );
#2567 = VECTOR ( 'NONE', #290, 1000.000000000000114 ) ;
#2568 =( GEOMETRIC_REPRESENTATION_CONTEXT ( 3 ) GLOBAL_UNCERTAINTY_ASSIGNED_CONTEXT ( ( #623 ) ) GLOBAL_UNIT_ASSIGNED_CONTEXT ( ( #1246, #1688, #1703 ) ) REPRESENTATION_CONTEXT ( 'NONE', 'WORKASPACE' ) );
#2569 = DIRECTION ( 'NONE',  ( -3.491483361109382461E-15, -1.000000000000000000, -0.0000000000000000000 ) ) ;
#2570 = SURFACE_STYLE_USAGE ( .BOTH. , #182 ) ;
#2571 = LINE ( 'NONE', #911, #397 ) ;
#2572 = DIRECTION ( 'NONE',  ( -1.902109074535985337E-16, -3.871905176016575387E-15, -1.000000000000000000 ) ) ;
#2573 = ORIENTED_EDGE ( 'NONE', *, *, #1196, .T. ) ;
#2574 = CARTESIAN_POINT ( 'NONE',  ( -0.5699999999999612044, 10.90000000000000391, -1.120000000000014984 ) ) ;
#2575 = EDGE_CURVE ( 'NONE', #200, #99, #1677, .T. ) ;
#2576 = STYLED_ITEM ( 'NONE', ( #624 ), #1746 ) ;
#2577 = SURFACE_STYLE_USAGE ( .BOTH. , #2358 ) ;
#2578 = VECTOR ( 'NONE', #612, 1000.000000000000000 ) ;
#2579 = SURFACE_SIDE_STYLE ('',( #696 ) ) ;
#2580 = ORIENTED_EDGE ( 'NONE', *, *, #2233, .T. ) ;
#2581 =( NAMED_UNIT ( * ) SI_UNIT ( $, .STERADIAN. ) SOLID_ANGLE_UNIT ( ) );
#2582 = CARTESIAN_POINT ( 'NONE',  ( -0.5699999999999880718, 3.200000000000008615, 0.01999999999999967776 ) ) ;
#2583 = PRESENTATION_STYLE_ASSIGNMENT (( #1860 ) ) ;
#2584 = SURFACE_STYLE_USAGE ( .BOTH. , #202 ) ;
#2585 = VECTOR ( 'NONE', #1487, 1000.000000000000000 ) ;
#2586 = ORIENTED_EDGE ( 'NONE', *, *, #239, .F. ) ;
#2587 = ORIENTED_EDGE ( 'NONE', *, *, #353, .T. ) ;
#2588 = VECTOR ( 'NONE', #519, 1000.000000000000000 ) ;
#2589 = DIRECTION ( 'NONE',  ( -3.491483361109383250E-15, -1.000000000000000000, 0.0000000000000000000 ) ) ;
#2590 = PRESENTATION_LAYER_ASSIGNMENT (  '', '', ( #3020 ) ) ;
#2591 = CARTESIAN_POINT ( 'NONE',  ( 3.390000000000028990, 9.899999999999971934, 0.01999999999998905431 ) ) ;
#2592 = CARTESIAN_POINT ( 'NONE',  ( -5.910000000000000142, 4.126933332831290006E-14, 4.250000000000000000 ) ) ;
#2593 = VECTOR ( 'NONE', #1439, 1000.000000000000000 ) ;
#2594 = SURFACE_STYLE_USAGE ( .BOTH. , #684 ) ;
#2595 = PRESENTATION_LAYER_ASSIGNMENT (  '', '', ( #1164 ) ) ;
#2596 = VECTOR ( 'NONE', #375, 1000.000000000000000 ) ;
#2597 = SURFACE_STYLE_USAGE ( .BOTH. , #721 ) ;
#2598 = LINE ( 'NONE', #1667, #253 ) ;
#2599 =( NAMED_UNIT ( * ) PLANE_ANGLE_UNIT ( ) SI_UNIT ( $, .RADIAN. ) );
#2600 = CARTESIAN_POINT ( 'NONE',  ( 0.5700000000000359224, 9.899999999999982592, 0.02000000000001393025 ) ) ;
#2601 = LINE ( 'NONE', #196, #2926 ) ;
#2602 =( NAMED_UNIT ( * ) PLANE_ANGLE_UNIT ( ) SI_UNIT ( $, .RADIAN. ) );
#2603 = AXIS2_PLACEMENT_3D ( 'NONE', #2506, #2265, #1075 ) ;
#2604 = CARTESIAN_POINT ( 'NONE',  ( 0.3936730192915228188, -3.700000000000000622, -0.9436730192914946080 ) ) ;
#2605 = UNCERTAINTY_MEASURE_WITH_UNIT (LENGTH_MEASURE( 1.000000000000000082E-05 ), #585, 'distance_accuracy_value', 'NONE');
#2606 = SURFACE_STYLE_FILL_AREA ( #1020 ) ;
#2607 = FILL_AREA_STYLE ('',( #693 ) ) ;
#2608 = ORIENTED_EDGE ( 'NONE', *, *, #2534, .T. ) ;
#2609 = CARTESIAN_POINT ( 'NONE',  ( 0.5700000000000392530, 10.90000000000000036, -1.120000000000014984 ) ) ;
#2610 = UNCERTAINTY_MEASURE_WITH_UNIT (LENGTH_MEASURE( 1.000000000000000082E-05 ), #1770, 'distance_accuracy_value', 'NONE');
#2611 = ORIENTED_EDGE ( 'NONE', *, *, #493, .T. ) ;
#2612 =( GEOMETRIC_REPRESENTATION_CONTEXT ( 3 ) GLOBAL_UNCERTAINTY_ASSIGNED_CONTEXT ( ( #2217 ) ) GLOBAL_UNIT_ASSIGNED_CONTEXT ( ( #492, #1979, #2884 ) ) REPRESENTATION_CONTEXT ( 'NONE', 'WORKASPACE' ) );
#2613 = LINE ( 'NONE', #415, #2268 ) ;
#2614 = VERTEX_POINT ( 'NONE', #1949 ) ;
#2615 = DIRECTION ( 'NONE',  ( -1.219045606090367045E-29, 4.256277450098019044E-44, 1.000000000000000000 ) ) ;
#2616 = DIRECTION ( 'NONE',  ( 0.1710878697460291864, -0.9702875252478149193, 0.1710878697460364029 ) ) ;
#2617 = ORIENTED_EDGE ( 'NONE', *, *, #2798, .F. ) ;
#2618 = ORIENTED_EDGE ( 'NONE', *, *, #943, .T. ) ;
#2619 = DIRECTION ( 'NONE',  ( -0.1710878697460352371, -0.9702875252478152523, -0.1710878697460287978 ) ) ;
#2620 = ORIENTED_EDGE ( 'NONE', *, *, #1541, .F. ) ;
#2621 = ADVANCED_FACE ( 'NONE', ( #2537 ), #742, .F. ) ;
#2622 =( GEOMETRIC_REPRESENTATION_CONTEXT ( 3 ) GLOBAL_UNCERTAINTY_ASSIGNED_CONTEXT ( ( #488 ) ) GLOBAL_UNIT_ASSIGNED_CONTEXT ( ( #1227, #328, #1508 ) ) REPRESENTATION_CONTEXT ( 'NONE', 'WORKASPACE' ) );
#2623 = CARTESIAN_POINT ( 'NONE',  ( 0.3654652893192781860, 11.05997398616457694, -0.9154652893192543051 ) ) ;
#2624 = PRESENTATION_LAYER_ASSIGNMENT (  '', '', ( #2118 ) ) ;
#2625 =( LENGTH_UNIT ( ) NAMED_UNIT ( * ) SI_UNIT ( .MILLI., .METRE. ) );
#2626 =( NAMED_UNIT ( * ) PLANE_ANGLE_UNIT ( ) SI_UNIT ( $, .RADIAN. ) );
#2627 = DIRECTION ( 'NONE',  ( 6.062897230110440995E-16, 0.1736481776669311916, 0.9848077530122080203 ) ) ;
#2628 =( NAMED_UNIT ( * ) PLANE_ANGLE_UNIT ( ) SI_UNIT ( $, .RADIAN. ) );
#2629 = EDGE_CURVE ( 'NONE', #856, #2693, #789, .T. ) ;
#2630 = VECTOR ( 'NONE', #1871, 1000.000000000000000 ) ;
#2631 =( LENGTH_UNIT ( ) NAMED_UNIT ( * ) SI_UNIT ( .MILLI., .METRE. ) );
#2632 = DIRECTION ( 'NONE',  ( 0.9848077530122093526, 0.1736481776669236143, -8.596704542821991342E-16 ) ) ;
#2633 = COLOUR_RGB ( '',0.9960784313725490335, 0.8705882352941176627, 0.7607843137254901578 ) ;
#2634 = CARTESIAN_POINT ( 'NONE',  ( -3.566326980708476757, -3.699999999999986855, -0.9436730192914946080 ) ) ;
#2635 = SURFACE_SIDE_STYLE ('',( #885 ) ) ;
#2636 = DIRECTION ( 'NONE',  ( -1.219045606090367045E-29, 4.256277450098019044E-44, 1.000000000000000000 ) ) ;
#2637 = DIRECTION ( 'NONE',  ( 1.000000000000000000, -3.337086476537728329E-45, -8.906997283086555699E-31 ) ) ;
#2638 = DIRECTION ( 'NONE',  ( -1.000000000000000000, 3.337086476537728329E-45, 8.906997283086555699E-31 ) ) ;
#2639 = VECTOR ( 'NONE', #2340, 1000.000000000000000 ) ;
#2640 = PRESENTATION_LAYER_ASSIGNMENT (  '', '', ( #2140 ) ) ;
#2641 = ORIENTED_EDGE ( 'NONE', *, *, #2203, .F. ) ;
#2642 = DIRECTION ( 'NONE',  ( -3.491483361109382461E-15, -1.000000000000000000, -0.0000000000000000000 ) ) ;
#2643 = CARTESIAN_POINT ( 'NONE',  ( 3.561165703222121781, -3.670728940825773279, -0.1511657032220936892 ) ) ;
#2644 = EDGE_LOOP ( 'NONE', ( #2382, #2829, #1433, #575 ) ) ;
#2645 = EDGE_CURVE ( 'NONE', #2465, #2195, #2931, .T. ) ;
#2646 = MECHANICAL_DESIGN_GEOMETRIC_PRESENTATION_REPRESENTATION (  '', ( #2844 ), #1976 ) ;
#2647 = FACE_OUTER_BOUND ( 'NONE', #2753, .T. ) ;
#2648 = VERTEX_POINT ( 'NONE', #504 ) ;
#2649 = LINE ( 'NONE', #134, #677 ) ;
#2650 = EDGE_LOOP ( 'NONE', ( #2519, #203, #1126, #1721 ) ) ;
#2651 = FILL_AREA_STYLE ('',( #2662 ) ) ;
#2652 = ORIENTED_EDGE ( 'NONE', *, *, #149, .T. ) ;
#2653 = ORIENTED_EDGE ( 'NONE', *, *, #2142, .F. ) ;
#2654 = AXIS2_PLACEMENT_3D ( 'NONE', #452, #2352, #1641 ) ;
#2655 = CARTESIAN_POINT ( 'NONE',  ( 4.358834296777855499, -3.670728940825775943, -0.1511657032220937169 ) ) ;
#2656 = FILL_AREA_STYLE ('',( #25 ) ) ;
#2657 = VECTOR ( 'NONE', #292, 1000.000000000000000 ) ;
#2658 = SURFACE_SIDE_STYLE ('',( #2461 ) ) ;
#2659 = PLANE ( 'NONE',  #560 ) ;
#2660 = LINE ( 'NONE', #844, #1028 ) ;
#2661 =( GEOMETRIC_REPRESENTATION_CONTEXT ( 3 ) GLOBAL_UNCERTAINTY_ASSIGNED_CONTEXT ( ( #1943 ) ) GLOBAL_UNIT_ASSIGNED_CONTEXT ( ( #2480, #535, #1031 ) ) REPRESENTATION_CONTEXT ( 'NONE', 'WORKASPACE' ) );
#2662 = FILL_AREA_STYLE_COLOUR ( '', #888 ) ;
#2663 = FILL_AREA_STYLE_COLOUR ( '', #347 ) ;
#2664 = STYLED_ITEM ( 'NONE', ( #633 ), #2471 ) ;
#2665 = FILL_AREA_STYLE_COLOUR ( '', #2209 ) ;
#2666 = SURFACE_STYLE_FILL_AREA ( #965 ) ;
#2667 = CARTESIAN_POINT ( 'NONE',  ( -4.659999999999981490, 7.200000000000009948, -3.750000000000011102 ) ) ;
#2668 = DIRECTION ( 'NONE',  ( -1.000000000000000000, 3.491483361109382461E-15, -1.219045606090366905E-29 ) ) ;
#2669 =( GEOMETRIC_REPRESENTATION_CONTEXT ( 3 ) GLOBAL_UNCERTAINTY_ASSIGNED_CONTEXT ( ( #3045 ) ) GLOBAL_UNIT_ASSIGNED_CONTEXT ( ( #2625, #707, #1202 ) ) REPRESENTATION_CONTEXT ( 'NONE', 'WORKASPACE' ) );
#2670 = DIRECTION ( 'NONE',  ( 1.174510619674934197E-29, 3.363930164346381591E-15, 1.000000000000000000 ) ) ;
#2671 = LINE ( 'NONE', #1590, #2777 ) ;
#2672 = ORIENTED_EDGE ( 'NONE', *, *, #335, .T. ) ;
#2673 = FILL_AREA_STYLE ('',( #1988 ) ) ;
#2674 = ADVANCED_FACE ( 'NONE', ( #1769 ), #1701, .F. ) ;
#2675 = VERTEX_POINT ( 'NONE', #2438 ) ;
#2676 = CARTESIAN_POINT ( 'NONE',  ( -4.659999999999968168, 9.400000000000011013, -3.740896534380899308 ) ) ;
#2677 = SURFACE_SIDE_STYLE ('',( #989 ) ) ;
#2678 = PLANE ( 'NONE',  #932 ) ;
#2679 = ORIENTED_EDGE ( 'NONE', *, *, #1466, .F. ) ;
#2680 = COLOUR_RGB ( '',1.000000000000000000, 1.000000000000000000, 1.000000000000000000 ) ;
#2681 = UNCERTAINTY_MEASURE_WITH_UNIT (LENGTH_MEASURE( 1.000000000000000082E-05 ), #418, 'distance_accuracy_value', 'NONE');
#2682 = FILL_AREA_STYLE_COLOUR ( '', #2242 ) ;
#2683 = EDGE_CURVE ( 'NONE', #1095, #307, #436, .T. ) ;
#2684 = ORIENTED_EDGE ( 'NONE', *, *, #473, .F. ) ;
#2685 = DIRECTION ( 'NONE',  ( 0.0000000000000000000, 3.871905176016576176E-15, 1.000000000000000000 ) ) ;
#2686 = LINE ( 'NONE', #576, #2089 ) ;
#2687 = CARTESIAN_POINT ( 'NONE',  ( 3.389999999999991687, -2.699999999999990408, -1.119999999999964135 ) ) ;
#2688 = VECTOR ( 'NONE', #2670, 1000.000000000000000 ) ;
#2689 = ORIENTED_EDGE ( 'NONE', *, *, #2683, .T. ) ;
#2690 = EDGE_CURVE ( 'NONE', #1685, #2827, #1166, .T. ) ;
#2691 = DIRECTION ( 'NONE',  ( -3.491483361109382461E-15, -1.000000000000000000, 3.491483361109382461E-15 ) ) ;
#2692 =( LENGTH_UNIT ( ) NAMED_UNIT ( * ) SI_UNIT ( .MILLI., .METRE. ) );
#2693 = VERTEX_POINT ( 'NONE', #1737 ) ;
#2694 = CARTESIAN_POINT ( 'NONE',  ( 0.5700000000000010614, 1.864452114832409506E-14, 4.250000000000000000 ) ) ;
#2695 = MECHANICAL_DESIGN_GEOMETRIC_PRESENTATION_REPRESENTATION (  '', ( #455 ), #1493 ) ;
#2696 = ADVANCED_FACE ( 'NONE', ( #2368 ), #2885, .F. ) ;
#2697 = DIRECTION ( 'NONE',  ( 1.000000000000000000, -1.562159409406816673E-43, -1.804140726276253826E-29 ) ) ;
#2698 = LINE ( 'NONE', #2420, #2416 ) ;
#2699 = UNCERTAINTY_MEASURE_WITH_UNIT (LENGTH_MEASURE( 1.000000000000000082E-05 ), #2739, 'distance_accuracy_value', 'NONE');
#2700 =( LENGTH_UNIT ( ) NAMED_UNIT ( * ) SI_UNIT ( .MILLI., .METRE. ) );
#2701 = LINE ( 'NONE', #2137, #69 ) ;
#2702 =( NAMED_UNIT ( * ) PLANE_ANGLE_UNIT ( ) SI_UNIT ( $, .RADIAN. ) );
#2703 = COLOUR_RGB ( '',1.000000000000000000, 1.000000000000000000, 1.000000000000000000 ) ;
#2704 = AXIS2_PLACEMENT_3D ( 'NONE', #1370, #2113, #425 ) ;
#2705 = SURFACE_STYLE_USAGE ( .BOTH. , #73 ) ;
#2706 = CARTESIAN_POINT ( 'NONE',  ( 4.530000000000013571, 3.199999999999989964, -1.119999999999993445 ) ) ;
#2707 =( LENGTH_UNIT ( ) NAMED_UNIT ( * ) SI_UNIT ( .MILLI., .METRE. ) );
#2708 = CARTESIAN_POINT ( 'NONE',  ( 0.5699999999999919575, -2.699999999999978417, 0.02000000000003995110 ) ) ;
#2709 = PRESENTATION_LAYER_ASSIGNMENT (  '', '', ( #1660 ) ) ;
#2710 = FILL_AREA_STYLE_COLOUR ( '', #689 ) ;
#2711 = DIRECTION ( 'NONE',  ( 0.0000000000000000000, -1.000000000000000000, 3.746589754635383017E-15 ) ) ;
#2712 = ORIENTED_EDGE ( 'NONE', *, *, #1058, .F. ) ;
#2713 = AXIS2_PLACEMENT_3D ( 'NONE', #116, #853, #2949 ) ;
#2714 = VERTEX_POINT ( 'NONE', #1222 ) ;
#2715 = ORIENTED_EDGE ( 'NONE', *, *, #1927, .T. ) ;
#2716 = VECTOR ( 'NONE', #121, 1000.000000000000000 ) ;
#2717 = MECHANICAL_DESIGN_GEOMETRIC_PRESENTATION_REPRESENTATION (  '', ( #1842 ), #2240 ) ;
#2718 = CARTESIAN_POINT ( 'NONE',  ( 3.390000000000012115, 3.199999999999996181, -1.120000000000014984 ) ) ;
#2719 = ORIENTED_EDGE ( 'NONE', *, *, #2843, .F. ) ;
#2720 = ORIENTED_EDGE ( 'NONE', *, *, #318, .T. ) ;
#2721 = ADVANCED_FACE ( 'NONE', ( #2225 ), #549, .T. ) ;
#2722 = PLANE ( 'NONE',  #503 ) ;
#2723 = EDGE_CURVE ( 'NONE', #1917, #237, #1612, .T. ) ;
#2724 = PRODUCT_DEFINITION_FORMATION_WITH_SPECIFIED_SOURCE ( 'ANY', '', #1663, .NOT_KNOWN. ) ;
#2725 = VECTOR ( 'NONE', #1475, 1000.000000000000000 ) ;
#2726 = VERTEX_POINT ( 'NONE', #1762 ) ;
#2727 = SURFACE_STYLE_FILL_AREA ( #1272 ) ;
#2728 = VECTOR ( 'NONE', #39, 1000.000000000000000 ) ;
#2729 = DIRECTION ( 'NONE',  ( -3.491483361109383250E-15, -1.000000000000000000, 0.0000000000000000000 ) ) ;
#2730 = FILL_AREA_STYLE_COLOUR ( '', #2513 ) ;
#2731 = PRESENTATION_STYLE_ASSIGNMENT (( #820 ) ) ;
#2732 = DIRECTION ( 'NONE',  ( 1.000000000000000000, -3.491483361109382461E-15, 1.219045606090366905E-29 ) ) ;
#2733 =( NAMED_UNIT ( * ) PLANE_ANGLE_UNIT ( ) SI_UNIT ( $, .RADIAN. ) );
#2734 = DIRECTION ( 'NONE',  ( 8.906997283086555699E-31, 3.746589754635383017E-15, 1.000000000000000000 ) ) ;
#2735 = VECTOR ( 'NONE', #1899, 1000.000000000000000 ) ;
#2736 = ADVANCED_FACE ( 'NONE', ( #433 ), #2659, .F. ) ;
#2737 = MECHANICAL_DESIGN_GEOMETRIC_PRESENTATION_REPRESENTATION (  '', ( #3020 ), #2982 ) ;
#2738 = MANIFOLD_SOLID_BREP ( 'NONE', #133 ) ;
#2739 =( LENGTH_UNIT ( ) NAMED_UNIT ( * ) SI_UNIT ( .MILLI., .METRE. ) );
#2740 = LINE ( 'NONE', #2377, #1544 ) ;
#2741 = CARTESIAN_POINT ( 'NONE',  ( -3.389999999999988578, 3.200000000000009504, -2.550000000000010481 ) ) ;
#2742 = MECHANICAL_DESIGN_GEOMETRIC_PRESENTATION_REPRESENTATION (  '', ( #1164 ), #2897 ) ;
#2743 = VECTOR ( 'NONE', #754, 1000.000000000000000 ) ;
#2744 = VECTOR ( 'NONE', #86, 1000.000000000000114 ) ;
#2745 = ORIENTED_EDGE ( 'NONE', *, *, #2184, .F. ) ;
#2746 =( NAMED_UNIT ( * ) SI_UNIT ( $, .STERADIAN. ) SOLID_ANGLE_UNIT ( ) );
#2747 = STYLED_ITEM ( 'NONE', ( #54 ), #818 ) ;
#2748 = SURFACE_SIDE_STYLE ('',( #2554 ) ) ;
#2749 = EDGE_LOOP ( 'NONE', ( #1604, #2652, #94, #19 ) ) ;
#2750 = DIRECTION ( 'NONE',  ( 0.0000000000000000000, -3.491483361109382461E-15, -1.000000000000000000 ) ) ;
#2751 = PRODUCT_DEFINITION_CONTEXT ( 'detailed design', #740, 'design' ) ;
#2752 = STYLED_ITEM ( 'NONE', ( #164 ), #1725 ) ;
#2753 = EDGE_LOOP ( 'NONE', ( #1550, #51, #2617, #46 ) ) ;
#2754 = CARTESIAN_POINT ( 'NONE',  ( -5.909999999999989484, 3.200000000000018385, -2.550000000000010481 ) ) ;
#2755 = PRESENTATION_STYLE_ASSIGNMENT (( #1555 ) ) ;
#2756 = EDGE_CURVE ( 'NONE', #2648, #2902, #2571, .T. ) ;
#2757 = VERTEX_POINT ( 'NONE', #2134 ) ;
#2758 = STYLED_ITEM ( 'NONE', ( #1352 ), #2440 ) ;
#2759 = DIRECTION ( 'NONE',  ( 0.0000000000000000000, 3.491483361109382461E-15, 1.000000000000000000 ) ) ;
#2760 = FILL_AREA_STYLE ('',( #2346 ) ) ;
#2761 = ORIENTED_EDGE ( 'NONE', *, *, #2560, .F. ) ;
#2762 = LINE ( 'NONE', #1395, #2168 ) ;
#2763 = PRESENTATION_STYLE_ASSIGNMENT (( #1265 ) ) ;
#2764 = SURFACE_SIDE_STYLE ('',( #3037 ) ) ;
#2765 = LINE ( 'NONE', #2059, #1566 ) ;
#2766 =( GEOMETRIC_REPRESENTATION_CONTEXT ( 3 ) GLOBAL_UNCERTAINTY_ASSIGNED_CONTEXT ( ( #2384 ) ) GLOBAL_UNIT_ASSIGNED_CONTEXT ( ( #1947, #987, #1473 ) ) REPRESENTATION_CONTEXT ( 'NONE', 'WORKASPACE' ) );
#2767 = CARTESIAN_POINT ( 'NONE',  ( -5.909999999999967280, 9.400000000000014566, -4.250000000000031086 ) ) ;
#2768 = STYLED_ITEM ( 'NONE', ( #1411 ), #1290 ) ;
#2769 = CARTESIAN_POINT ( 'NONE',  ( -4.659999999999984155, 3.200000000000014388, -2.549999999999992273 ) ) ;
#2770 =( GEOMETRIC_REPRESENTATION_CONTEXT ( 3 ) GLOBAL_UNCERTAINTY_ASSIGNED_CONTEXT ( ( #423 ) ) GLOBAL_UNIT_ASSIGNED_CONTEXT ( ( #2144, #192, #1870 ) ) REPRESENTATION_CONTEXT ( 'NONE', 'WORKASPACE' ) );
#2771 = DIRECTION ( 'NONE',  ( -8.906997283086555699E-31, -3.746589754635383017E-15, -1.000000000000000000 ) ) ;
#2772 = FILL_AREA_STYLE ('',( #2809 ) ) ;
#2773 = DIRECTION ( 'NONE',  ( -0.1710878697460291031, 0.9702875252478162516, 0.1710878697460287423 ) ) ;
#2774 = EDGE_CURVE ( 'NONE', #92, #2162, #2671, .T. ) ;
#2775 = AXIS2_PLACEMENT_3D ( 'NONE', #1479, #2427, #990 ) ;
#2776 = FACE_OUTER_BOUND ( 'NONE', #2864, .T. ) ;
#2777 = VECTOR ( 'NONE', #2569, 1000.000000000000000 ) ;
#2778 = SURFACE_STYLE_USAGE ( .BOTH. , #3048 ) ;
#2779 = EDGE_LOOP ( 'NONE', ( #2900, #2939, #2128, #2861 ) ) ;
#2780 = EDGE_LOOP ( 'NONE', ( #668, #1898, #2482, #3033 ) ) ;
#2781 = DIRECTION ( 'NONE',  ( -1.000000000000000000, 3.491483361109382461E-15, -1.219045606090366905E-29 ) ) ;
#2782 = MECHANICAL_DESIGN_GEOMETRIC_PRESENTATION_REPRESENTATION (  '', ( #2927 ), #1643 ) ;
#2783 =( NAMED_UNIT ( * ) PLANE_ANGLE_UNIT ( ) SI_UNIT ( $, .RADIAN. ) );
#2784 = EDGE_LOOP ( 'NONE', ( #1168, #935, #2761, #1694 ) ) ;
#2785 = FACE_OUTER_BOUND ( 'NONE', #2511, .T. ) ;
#2786 = SURFACE_STYLE_FILL_AREA ( #1518 ) ;
#2787 = ORIENTED_EDGE ( 'NONE', *, *, #60, .T. ) ;
#2788 = ORIENTED_EDGE ( 'NONE', *, *, #1163, .F. ) ;
#2789 = FILL_AREA_STYLE_COLOUR ( '', #382 ) ;
#2790 =( GEOMETRIC_REPRESENTATION_CONTEXT ( 3 ) GLOBAL_UNCERTAINTY_ASSIGNED_CONTEXT ( ( #3011 ) ) GLOBAL_UNIT_ASSIGNED_CONTEXT ( ( #799, #552, #2463 ) ) REPRESENTATION_CONTEXT ( 'NONE', 'WORKASPACE' ) );
#2791 = PLANE ( 'NONE',  #586 ) ;
#2792 =( LENGTH_UNIT ( ) NAMED_UNIT ( * ) SI_UNIT ( .MILLI., .METRE. ) );
#2793 = ORIENTED_EDGE ( 'NONE', *, *, #404, .F. ) ;
#2794 = ORIENTED_EDGE ( 'NONE', *, *, #29, .F. ) ;
#2795 = FACE_OUTER_BOUND ( 'NONE', #2968, .T. ) ;
#2796 = SURFACE_STYLE_USAGE ( .BOTH. , #2119 ) ;
#2797 = DIRECTION ( 'NONE',  ( 6.062897230110394650E-16, 0.1736481776669229760, -0.9848077530122093526 ) ) ;
#2798 = EDGE_CURVE ( 'NONE', #307, #645, #2264, .T. ) ;
#2799 = FACE_OUTER_BOUND ( 'NONE', #2152, .T. ) ;
#2800 = PRESENTATION_LAYER_ASSIGNMENT (  '', '', ( #1553 ) ) ;
#2801 = PRESENTATION_STYLE_ASSIGNMENT (( #566 ) ) ;
#2802 =( NAMED_UNIT ( * ) PLANE_ANGLE_UNIT ( ) SI_UNIT ( $, .RADIAN. ) );
#2803 = DIRECTION ( 'NONE',  ( 1.000000000000000000, -3.491483361109382461E-15, 1.219045606090367045E-29 ) ) ;
#2804 = VECTOR ( 'NONE', #2367, 1000.000000000000000 ) ;
#2805 =( NAMED_UNIT ( * ) PLANE_ANGLE_UNIT ( ) SI_UNIT ( $, .RADIAN. ) );
#2806 = VECTOR ( 'NONE', #143, 1000.000000000000000 ) ;
#2807 = PRESENTATION_LAYER_ASSIGNMENT (  '', '', ( #2193 ) ) ;
#2808 = SURFACE_SIDE_STYLE ('',( #561 ) ) ;
#2809 = FILL_AREA_STYLE_COLOUR ( '', #1198 ) ;
#2810 = LINE ( 'NONE', #2643, #1796 ) ;
#2811 = EDGE_CURVE ( 'NONE', #478, #2195, #2860, .T. ) ;
#2812 = PRESENTATION_LAYER_ASSIGNMENT (  '', '', ( #917 ) ) ;
#2813 = CARTESIAN_POINT ( 'NONE',  ( -4.660000000000001030, 8.973112238051115950E-15, -2.550000000000040234 ) ) ;
#2814 = SURFACE_STYLE_USAGE ( .BOTH. , #2579 ) ;
#2815 = COLOUR_RGB ( '',0.9960784313725490335, 0.8705882352941176627, 0.7607843137254901578 ) ;
#2816 =( GEOMETRIC_REPRESENTATION_CONTEXT ( 3 ) GLOBAL_UNCERTAINTY_ASSIGNED_CONTEXT ( ( #2699 ) ) GLOBAL_UNIT_ASSIGNED_CONTEXT ( ( #2739, #2528, #1789 ) ) REPRESENTATION_CONTEXT ( 'NONE', 'WORKASPACE' ) );
#2817 = PLANE ( 'NONE',  #2775 ) ;
#2818 = PRESENTATION_STYLE_ASSIGNMENT (( #2065 ) ) ;
#2819 = VERTEX_POINT ( 'NONE', #2090 ) ;
#2820 = VECTOR ( 'NONE', #1980, 1000.000000000000114 ) ;
#2821 = ORIENTED_EDGE ( 'NONE', *, *, #1466, .T. ) ;
#2822 = COLOUR_RGB ( '',0.9960784313725490335, 0.8705882352941176627, 0.7607843137254901578 ) ;
#2823 = FILL_AREA_STYLE ('',( #439 ) ) ;
#2824 = DIRECTION ( 'NONE',  ( -0.1710878697460291864, 0.9702875252478150303, -0.1710878697460353759 ) ) ;
#2825 =( NAMED_UNIT ( * ) PLANE_ANGLE_UNIT ( ) SI_UNIT ( $, .RADIAN. ) );
#2826 = UNCERTAINTY_MEASURE_WITH_UNIT (LENGTH_MEASURE( 1.000000000000000082E-05 ), #639, 'distance_accuracy_value', 'NONE');
#2827 = VERTEX_POINT ( 'NONE', #2993 ) ;
#2828 = CARTESIAN_POINT ( 'NONE',  ( 3.390000000000038760, -1.734723475976807094E-15, 0.02000000000002614617 ) ) ;
#2829 = ORIENTED_EDGE ( 'NONE', *, *, #2142, .T. ) ;
#2830 = CARTESIAN_POINT ( 'NONE',  ( 3.390000000000038760, 10.89999999999999503, -0.1563269807084798624 ) ) ;
#2831 = UNCERTAINTY_MEASURE_WITH_UNIT (LENGTH_MEASURE( 1.000000000000000082E-05 ), #2332, 'distance_accuracy_value', 'NONE');
#2832 = ORIENTED_EDGE ( 'NONE', *, *, #1296, .T. ) ;
#2833 = ORIENTED_EDGE ( 'NONE', *, *, #1989, .F. ) ;
#2834 = VERTEX_POINT ( 'NONE', #378 ) ;
#2835 = LINE ( 'NONE', #50, #687 ) ;
#2836 = CARTESIAN_POINT ( 'NONE',  ( 4.530000000000039329, 10.89999999999998970, -0.1563269807084797514 ) ) ;
#2837 =( LENGTH_UNIT ( ) NAMED_UNIT ( * ) SI_UNIT ( .MILLI., .METRE. ) );
#2838 = LINE ( 'NONE', #1847, #2445 ) ;
#2839 = COLOUR_RGB ( '',0.9960784313725490335, 0.8705882352941176627, 0.7607843137254901578 ) ;
#2840 = LINE ( 'NONE', #1481, #2487 ) ;
#2841 = SURFACE_SIDE_STYLE ('',( #896 ) ) ;
#2842 = SURFACE_SIDE_STYLE ('',( #829 ) ) ;
#2843 = EDGE_CURVE ( 'NONE', #2129, #1932, #1955, .T. ) ;
#2844 = STYLED_ITEM ( 'NONE', ( #1127 ), #2674 ) ;
#2845 = PRESENTATION_STYLE_ASSIGNMENT (( #2394 ) ) ;
#2846 = VECTOR ( 'NONE', #2865, 1000.000000000000000 ) ;
#2847 = CARTESIAN_POINT ( 'NONE',  ( -5.910000000000000142, 2.128059108596177167E-14, -2.549999999999970512 ) ) ;
#2848 = ADVANCED_FACE ( 'NONE', ( #1504 ), #162, .F. ) ;
#2849 = VECTOR ( 'NONE', #278, 1000.000000000000000 ) ;
#2850 = FILL_AREA_STYLE_COLOUR ( '', #161 ) ;
#2851 = VECTOR ( 'NONE', #1711, 1000.000000000000000 ) ;
#2852 = EDGE_CURVE ( 'NONE', #2206, #2648, #1875, .T. ) ;
#2853 = STYLED_ITEM ( 'NONE', ( #1029 ), #1570 ) ;
#2854 = FILL_AREA_STYLE_COLOUR ( '', #1409 ) ;
#2855 =( LENGTH_UNIT ( ) NAMED_UNIT ( * ) SI_UNIT ( .MILLI., .METRE. ) );
#2856 = CARTESIAN_POINT ( 'NONE',  ( -0.5700000000000124967, -3.699999999999994404, -0.1563269807084253504 ) ) ;
#2857 = PLANE ( 'NONE',  #2308 ) ;
#2858 = EDGE_CURVE ( 'NONE', #449, #200, #970, .T. ) ;
#2859 = PRESENTATION_LAYER_ASSIGNMENT (  '', '', ( #629 ) ) ;
#2860 = LINE ( 'NONE', #3015, #2639 ) ;
#2861 = ORIENTED_EDGE ( 'NONE', *, *, #2111, .F. ) ;
#2862 = CARTESIAN_POINT ( 'NONE',  ( -5.910000000000000142, 1.438491144777063985E-14, -3.450000000000004174 ) ) ;
#2863 = ADVANCED_FACE ( 'NONE', ( #3024 ), #1598, .F. ) ;
#2864 = EDGE_LOOP ( 'NONE', ( #1289, #1678, #1137, #2832 ) ) ;
#2865 = DIRECTION ( 'NONE',  ( 3.491483361109383250E-15, 1.000000000000000000, -0.0000000000000000000 ) ) ;
#2866 = CARTESIAN_POINT ( 'NONE',  ( -3.390000000000008118, -2.699999999999964650, -1.119999999999974349 ) ) ;
#2867 = ORIENTED_EDGE ( 'NONE', *, *, #1927, .F. ) ;
#2868 = FILL_AREA_STYLE ('',( #1625 ) ) ;
#2869 = STYLED_ITEM ( 'NONE', ( #890 ), #354 ) ;
#2870 = FILL_AREA_STYLE ('',( #738 ) ) ;
#2871 = SURFACE_SIDE_STYLE ('',( #919 ) ) ;
#2872 = ORIENTED_EDGE ( 'NONE', *, *, #1488, .F. ) ;
#2873 = EDGE_LOOP ( 'NONE', ( #369, #2436, #2366, #400 ) ) ;
#2874 = CARTESIAN_POINT ( 'NONE',  ( -0.5699999999999612044, 10.90000000000000391, -1.120000000000014984 ) ) ;
#2875 = ORIENTED_EDGE ( 'NONE', *, *, #2508, .F. ) ;
#2876 = STYLED_ITEM ( 'NONE', ( #351 ), #1000 ) ;
#2877 = VECTOR ( 'NONE', #2027, 1000.000000000000000 ) ;
#2878 = VECTOR ( 'NONE', #1922, 1000.000000000000000 ) ;
#2879 = PRESENTATION_LAYER_ASSIGNMENT (  '', '', ( #79 ) ) ;
#2880 = FILL_AREA_STYLE ('',( #608 ) ) ;
#2881 = SURFACE_STYLE_FILL_AREA ( #1134 ) ;
#2882 = ADVANCED_FACE ( 'NONE', ( #2776 ), #1447, .T. ) ;
#2883 =( NAMED_UNIT ( * ) SI_UNIT ( $, .STERADIAN. ) SOLID_ANGLE_UNIT ( ) );
#2884 =( NAMED_UNIT ( * ) SI_UNIT ( $, .STERADIAN. ) SOLID_ANGLE_UNIT ( ) );
#2885 = PLANE ( 'NONE',  #85 ) ;
#2886 = EDGE_CURVE ( 'NONE', #1051, #1665, #431, .T. ) ;
#2887 = DIRECTION ( 'NONE',  ( 4.884482381047487726E-31, 3.631380415623640474E-15, 1.000000000000000000 ) ) ;
#2888 = CARTESIAN_POINT ( 'NONE',  ( -3.389999999999960600, 10.90000000000001634, 0.02000000000003995110 ) ) ;
#2889 = FACE_OUTER_BOUND ( 'NONE', #1877, .T. ) ;
#2890 = APPLICATION_PROTOCOL_DEFINITION ( 'draft international standard', 'automotive_design', 1998, #733 ) ;
#2891 = DIRECTION ( 'NONE',  ( 1.902109074535985337E-16, 3.871905176016575387E-15, 1.000000000000000000 ) ) ;
#2892 = VERTEX_POINT ( 'NONE', #1414 ) ;
#2893 =( NAMED_UNIT ( * ) PLANE_ANGLE_UNIT ( ) SI_UNIT ( $, .RADIAN. ) );
#2894 = FILL_AREA_STYLE ('',( #1049 ) ) ;
#2895 = EDGE_LOOP ( 'NONE', ( #2580, #1142, #1002, #607 ) ) ;
#2896 = EDGE_CURVE ( 'NONE', #2726, #2465, #1267, .T. ) ;
#2897 =( GEOMETRIC_REPRESENTATION_CONTEXT ( 3 ) GLOBAL_UNCERTAINTY_ASSIGNED_CONTEXT ( ( #992 ) ) GLOBAL_UNIT_ASSIGNED_CONTEXT ( ( #670, #391, #2100 ) ) REPRESENTATION_CONTEXT ( 'NONE', 'WORKASPACE' ) );
#2898 = APPLICATION_CONTEXT ( 'automotive_design' ) ;
#2899 = CARTESIAN_POINT ( 'NONE',  ( -0.5699999999999612044, 3.200000000000007727, -1.119999999999986340 ) ) ;
#2900 = ORIENTED_EDGE ( 'NONE', *, *, #998, .T. ) ;
#2901 = CARTESIAN_POINT ( 'NONE',  ( -0.5699999999999713074, 9.899999999999984368, 0.01999999999998905431 ) ) ;
#2902 = VERTEX_POINT ( 'NONE', #1661 ) ;
#2903 = PLANE ( 'NONE',  #1342 ) ;
#2904 = FACE_OUTER_BOUND ( 'NONE', #2784, .T. ) ;
#2905 = COLOUR_RGB ( '',0.9960784313725490335, 0.8705882352941176627, 0.7607843137254901578 ) ;
#2906 = ORIENTED_EDGE ( 'NONE', *, *, #2811, .F. ) ;
#2907 = PRESENTATION_LAYER_ASSIGNMENT (  '', '', ( #2747 ) ) ;
#2908 = ADVANCED_FACE ( 'NONE', ( #1003 ), #226, .F. ) ;
#2909 = SURFACE_SIDE_STYLE ('',( #2097 ) ) ;
#2910 = EDGE_LOOP ( 'NONE', ( #2587, #634, #1855, #163 ) ) ;
#2911 = FILL_AREA_STYLE_COLOUR ( '', #669 ) ;
#2912 = LINE ( 'NONE', #614, #374 ) ;
#2913 = STYLED_ITEM ( 'NONE', ( #2731 ), #1303 ) ;
#2914 = CARTESIAN_POINT ( 'NONE',  ( -5.910000000000000142, 4.126933332831290006E-14, 4.250000000000000000 ) ) ;
#2915 = DIRECTION ( 'NONE',  ( 1.000000000000000000, -3.491483361109382461E-15, 1.219045606090366905E-29 ) ) ;
#2916 = LINE ( 'NONE', #24, #1823 ) ;
#2917 = MECHANICAL_DESIGN_GEOMETRIC_PRESENTATION_REPRESENTATION (  '', ( #2758 ), #580 ) ;
#2918 = FILL_AREA_STYLE_COLOUR ( '', #652 ) ;
#2919 = LINE ( 'NONE', #2986, #1116 ) ;
#2920 = COLOUR_RGB ( '',0.9960784313725490335, 0.8705882352941176627, 0.7607843137254901578 ) ;
#2921 =( LENGTH_UNIT ( ) NAMED_UNIT ( * ) SI_UNIT ( .MILLI., .METRE. ) );
#2922 = ADVANCED_FACE ( 'NONE', ( #2148 ), #469, .F. ) ;
#2923 =( LENGTH_UNIT ( ) NAMED_UNIT ( * ) SI_UNIT ( .MILLI., .METRE. ) );
#2924 = PLANE ( 'NONE',  #1161 ) ;
#2925 = DIRECTION ( 'NONE',  ( -0.1710878697460357645, -0.9702875252478136980, 0.1710878697460364029 ) ) ;
#2926 = VECTOR ( 'NONE', #1617, 1000.000000000000000 ) ;
#2927 = STYLED_ITEM ( 'NONE', ( #729 ), #474 ) ;
#2928 = UNCERTAINTY_MEASURE_WITH_UNIT (LENGTH_MEASURE( 1.000000000000000082E-05 ), #2707, 'distance_accuracy_value', 'NONE');
#2929 = CARTESIAN_POINT ( 'NONE',  ( -5.909999999999967280, 9.400000000000019895, -2.550000000000033129 ) ) ;
#2930 = MECHANICAL_DESIGN_GEOMETRIC_PRESENTATION_REPRESENTATION (  '', ( #15 ), #2661 ) ;
#2931 = LINE ( 'NONE', #2899, #596 ) ;
#2932 = FILL_AREA_STYLE ('',( #1756 ) ) ;
#2933 = CARTESIAN_POINT ( 'NONE',  ( -5.909999999999989484, 3.200000000000041478, 4.249999999999989342 ) ) ;
#2934 = PRESENTATION_LAYER_ASSIGNMENT (  '', '', ( #144 ) ) ;
#2935 = ORIENTED_EDGE ( 'NONE', *, *, #103, .T. ) ;
#2936 = LINE ( 'NONE', #1599, #406 ) ;
#2937 = FILL_AREA_STYLE_COLOUR ( '', #2413 ) ;
#2938 = EDGE_CURVE ( 'NONE', #3031, #2442, #155, .T. ) ;
#2939 = ORIENTED_EDGE ( 'NONE', *, *, #325, .F. ) ;
#2940 = EDGE_LOOP ( 'NONE', ( #227, #2788, #686, #1438, #1400, #3029 ) ) ;
#2941 = VECTOR ( 'NONE', #548, 1000.000000000000000 ) ;
#2942 = VERTEX_POINT ( 'NONE', #2387 ) ;
#2943 = ORIENTED_EDGE ( 'NONE', *, *, #615, .F. ) ;
#2944 = CARTESIAN_POINT ( 'NONE',  ( -3.389999999999960600, 10.90000000000001634, -0.1563269807084784746 ) ) ;
#2945 = VECTOR ( 'NONE', #306, 1000.000000000000000 ) ;
#2946 = ORIENTED_EDGE ( 'NONE', *, *, #822, .T. ) ;
#2947 =( GEOMETRIC_REPRESENTATION_CONTEXT ( 3 ) GLOBAL_UNCERTAINTY_ASSIGNED_CONTEXT ( ( #1135 ) ) GLOBAL_UNIT_ASSIGNED_CONTEXT ( ( #1151, #2805, #679 ) ) REPRESENTATION_CONTEXT ( 'NONE', 'WORKASPACE' ) );
#2948 = LINE ( 'NONE', #1992, #206 ) ;
#2949 = DIRECTION ( 'NONE',  ( -1.328236436951498929E-30, -3.871905176016576176E-15, -1.000000000000000000 ) ) ;
#2950 = EDGE_CURVE ( 'NONE', #1319, #412, #1995, .T. ) ;
#2951 = ADVANCED_FACE ( 'NONE', ( #930 ), #2817, .F. ) ;
#2952 = PRESENTATION_LAYER_ASSIGNMENT (  '', '', ( #1969 ) ) ;
#2953 =( NAMED_UNIT ( * ) SI_UNIT ( $, .STERADIAN. ) SOLID_ANGLE_UNIT ( ) );
#2954 = SURFACE_STYLE_USAGE ( .BOTH. , #357 ) ;
#2955 = FILL_AREA_STYLE ('',( #2710 ) ) ;
#2956 = STYLED_ITEM ( 'NONE', ( #225 ), #2696 ) ;
#2957 = LINE ( 'NONE', #3013, #1081 ) ;
#2958 = SURFACE_SIDE_STYLE ('',( #1734 ) ) ;
#2959 = DIRECTION ( 'NONE',  ( -1.902109074535985337E-16, -3.871905176016575387E-15, -1.000000000000000000 ) ) ;
#2960 = PRESENTATION_STYLE_ASSIGNMENT (( #1866 ) ) ;
#2961 =( GEOMETRIC_REPRESENTATION_CONTEXT ( 3 ) GLOBAL_UNCERTAINTY_ASSIGNED_CONTEXT ( ( #810 ) ) GLOBAL_UNIT_ASSIGNED_CONTEXT ( ( #988, #523, #751 ) ) REPRESENTATION_CONTEXT ( 'NONE', 'WORKASPACE' ) );
#2962 = MECHANICAL_DESIGN_GEOMETRIC_PRESENTATION_REPRESENTATION (  '', ( #917 ), #1478 ) ;
#2963 = LINE ( 'NONE', #1632, #1774 ) ;
#2964 = EDGE_LOOP ( 'NONE', ( #230, #1061, #3010, #870 ) ) ;
#2965 = DIRECTION ( 'NONE',  ( 3.491483361109382461E-15, 1.000000000000000000, 0.0000000000000000000 ) ) ;
#2966 = MECHANICAL_DESIGN_GEOMETRIC_PRESENTATION_REPRESENTATION (  '', ( #1717 ), #3005 ) ;
#2967 = FILL_AREA_STYLE ('',( #2058 ) ) ;
#2968 = EDGE_LOOP ( 'NONE', ( #2551, #1208, #2302, #1087, #2039, #577, #125, #2586 ) ) ;
#2969 = FILL_AREA_STYLE ('',( #109 ) ) ;
#2970 = FILL_AREA_STYLE ('',( #2682 ) ) ;
#2971 = COLOUR_RGB ( '',1.000000000000000000, 1.000000000000000000, 1.000000000000000000 ) ;
#2972 = ORIENTED_EDGE ( 'NONE', *, *, #1238, .F. ) ;
#2973 = VECTOR ( 'NONE', #2564, 1000.000000000000000 ) ;
#2974 = EDGE_LOOP ( 'NONE', ( #974, #2301, #872, #2684 ) ) ;
#2975 = STYLED_ITEM ( 'NONE', ( #2984 ), #286 ) ;
#2976 =( LENGTH_UNIT ( ) NAMED_UNIT ( * ) SI_UNIT ( .MILLI., .METRE. ) );
#2977 = LINE ( 'NONE', #2320, #1211 ) ;
#2978 = DIRECTION ( 'NONE',  ( 0.0000000000000000000, 1.000000000000000000, -3.746589754635383017E-15 ) ) ;
#2979 = COLOUR_RGB ( '',0.9960784313725490335, 0.8705882352941176627, 0.7607843137254901578 ) ;
#2980 = VECTOR ( 'NONE', #1615, 1000.000000000000000 ) ;
#2981 = FILL_AREA_STYLE_COLOUR ( '', #147 ) ;
#2982 =( GEOMETRIC_REPRESENTATION_CONTEXT ( 3 ) GLOBAL_UNCERTAINTY_ASSIGNED_CONTEXT ( ( #1276 ) ) GLOBAL_UNIT_ASSIGNED_CONTEXT ( ( #1293, #2702, #1543 ) ) REPRESENTATION_CONTEXT ( 'NONE', 'WORKASPACE' ) );
#2983 = SURFACE_SIDE_STYLE ('',( #1170 ) ) ;
#2984 = PRESENTATION_STYLE_ASSIGNMENT (( #262 ) ) ;
#2985 = FILL_AREA_STYLE_COLOUR ( '', #285 ) ;
#2986 = CARTESIAN_POINT ( 'NONE',  ( 0.5700000000000123856, 3.199999999999995737, -2.550000000000010481 ) ) ;
#2987 = EDGE_CURVE ( 'NONE', #99, #2414, #35, .T. ) ;
#2988 = SURFACE_STYLE_FILL_AREA ( #387 ) ;
#2989 = PRODUCT_DEFINITION_SHAPE ( 'NONE', 'NONE',  #1951 ) ;
#2990 = UNCERTAINTY_MEASURE_WITH_UNIT (LENGTH_MEASURE( 1.000000000000000082E-05 ), #1606, 'distance_accuracy_value', 'NONE');
#2991 = VECTOR ( 'NONE', #1369, 1000.000000000000000 ) ;
#2992 = FILL_AREA_STYLE ('',( #1345 ) ) ;
#2993 = CARTESIAN_POINT ( 'NONE',  ( -3.390000000000008118, -2.699999999999964650, 0.02000000000003995110 ) ) ;
#2994 = SURFACE_SIDE_STYLE ('',( #708 ) ) ;
#2995 = DIRECTION ( 'NONE',  ( 1.219045606090367045E-29, -4.256277450098019044E-44, -1.000000000000000000 ) ) ;
#2996 = EDGE_LOOP ( 'NONE', ( #2611, #2400, #3003, #1056 ) ) ;
#2997 = CARTESIAN_POINT ( 'NONE',  ( -5.909999999999997478, 4.125192063484696717E-14, 4.249999999999994671 ) ) ;
#2998 = ORIENTED_EDGE ( 'NONE', *, *, #2987, .F. ) ;
#2999 = STYLED_ITEM ( 'NONE', ( #1813 ), #1781 ) ;
#3000 = FILL_AREA_STYLE_COLOUR ( '', #1160 ) ;
#3001 = EDGE_LOOP ( 'NONE', ( #1286, #1776, #1349, #831 ) ) ;
#3002 = UNCERTAINTY_MEASURE_WITH_UNIT (LENGTH_MEASURE( 1.000000000000000082E-05 ), #2224, 'distance_accuracy_value', 'NONE');
#3003 = ORIENTED_EDGE ( 'NONE', *, *, #318, .F. ) ;
#3004 = ORIENTED_EDGE ( 'NONE', *, *, #1307, .T. ) ;
#3005 =( GEOMETRIC_REPRESENTATION_CONTEXT ( 3 ) GLOBAL_UNCERTAINTY_ASSIGNED_CONTEXT ( ( #1088 ) ) GLOBAL_UNIT_ASSIGNED_CONTEXT ( ( #2553, #2331, #1879 ) ) REPRESENTATION_CONTEXT ( 'NONE', 'WORKASPACE' ) );
#3006 = DIRECTION ( 'NONE',  ( 3.491483361109382461E-15, 1.000000000000000000, 0.0000000000000000000 ) ) ;
#3007 = DIRECTION ( 'NONE',  ( 1.000000000000000000, -3.491483361109382461E-15, 1.219045606090367045E-29 ) ) ;
#3008 = ORIENTED_EDGE ( 'NONE', *, *, #1105, .F. ) ;
#3009 = VECTOR ( 'NONE', #1535, 1000.000000000000000 ) ;
#3010 = ORIENTED_EDGE ( 'NONE', *, *, #11, .F. ) ;
#3011 = UNCERTAINTY_MEASURE_WITH_UNIT (LENGTH_MEASURE( 1.000000000000000082E-05 ), #799, 'distance_accuracy_value', 'NONE');
#3012 = PLANE ( 'NONE',  #189 ) ;
#3013 = CARTESIAN_POINT ( 'NONE',  ( -0.5700000000000086109, -2.699999999999971312, 0.02000000000003626308 ) ) ;
#3014 = MECHANICAL_DESIGN_GEOMETRIC_PRESENTATION_REPRESENTATION (  '', ( #2869 ), #2464 ) ;
#3015 = CARTESIAN_POINT ( 'NONE',  ( 0.5700000000000392530, 10.90000000000000036, -1.120000000000014984 ) ) ;
#3016 = DIRECTION ( 'NONE',  ( -1.000000000000000000, 3.491483361109382461E-15, -1.219045606090366905E-29 ) ) ;
#3017 = PRESENTATION_LAYER_ASSIGNMENT (  '', '', ( #2052 ) ) ;
#3018 =( NAMED_UNIT ( * ) SI_UNIT ( $, .STERADIAN. ) SOLID_ANGLE_UNIT ( ) );
#3019 = DIRECTION ( 'NONE',  ( 0.0000000000000000000, -1.000000000000000000, 3.746589754635383017E-15 ) ) ;
#3020 = STYLED_ITEM ( 'NONE', ( #1435 ), #2069 ) ;
#3021 = DIRECTION ( 'NONE',  ( -1.328236436951498929E-30, -3.871905176016576176E-15, -1.000000000000000000 ) ) ;
#3022 =( NAMED_UNIT ( * ) PLANE_ANGLE_UNIT ( ) SI_UNIT ( $, .RADIAN. ) );
#3023 = EDGE_CURVE ( 'NONE', #17, #1365, #2223, .T. ) ;
#3024 = FACE_OUTER_BOUND ( 'NONE', #2379, .T. ) ;
#3025 = COLOUR_RGB ( '',0.9960784313725490335, 0.8705882352941176627, 0.7607843137254901578 ) ;
#3026 = SURFACE_SIDE_STYLE ('',( #2390 ) ) ;
#3027 = ORIENTED_EDGE ( 'NONE', *, *, #2629, .F. ) ;
#3028 =( LENGTH_UNIT ( ) NAMED_UNIT ( * ) SI_UNIT ( .MILLI., .METRE. ) );
#3029 = ORIENTED_EDGE ( 'NONE', *, *, #731, .T. ) ;
#3030 =( LENGTH_UNIT ( ) NAMED_UNIT ( * ) SI_UNIT ( .MILLI., .METRE. ) );
#3031 = VERTEX_POINT ( 'NONE', #1720 ) ;
#3032 = SURFACE_STYLE_FILL_AREA ( #1449 ) ;
#3033 = ORIENTED_EDGE ( 'NONE', *, *, #2534, .F. ) ;
#3034 = PLANE ( 'NONE',  #2654 ) ;
#3035 = AXIS2_PLACEMENT_3D ( 'NONE', #2000, #1214, #434 ) ;
#3036 =( NAMED_UNIT ( * ) SI_UNIT ( $, .STERADIAN. ) SOLID_ANGLE_UNIT ( ) );
#3037 = SURFACE_STYLE_FILL_AREA ( #2992 ) ;
#3038 = ORIENTED_EDGE ( 'NONE', *, *, #925, .T. ) ;
#3039 = FILL_AREA_STYLE ('',( #1415 ) ) ;
#3040 = EDGE_CURVE ( 'NONE', #491, #363, #859, .T. ) ;
#3041 = ORIENTED_EDGE ( 'NONE', *, *, #886, .T. ) ;
#3042 =( GEOMETRIC_REPRESENTATION_CONTEXT ( 3 ) GLOBAL_UNCERTAINTY_ASSIGNED_CONTEXT ( ( #2522 ) ) GLOBAL_UNIT_ASSIGNED_CONTEXT ( ( #2170, #960, #3053 ) ) REPRESENTATION_CONTEXT ( 'NONE', 'WORKASPACE' ) );
#3043 = FACE_OUTER_BOUND ( 'NONE', #2779, .T. ) ;
#3044 = DIRECTION ( 'NONE',  ( 6.062897230110405496E-16, 0.1736481776669301647, 0.9848077530122081313 ) ) ;
#3045 = UNCERTAINTY_MEASURE_WITH_UNIT (LENGTH_MEASURE( 1.000000000000000082E-05 ), #2625, 'distance_accuracy_value', 'NONE');
#3046 = LINE ( 'NONE', #395, #419 ) ;
#3047 = FACE_OUTER_BOUND ( 'NONE', #2873, .T. ) ;
#3048 = SURFACE_SIDE_STYLE ('',( #1506 ) ) ;
#3049 = LINE ( 'NONE', #1629, #1532 ) ;
#3050 = DIRECTION ( 'NONE',  ( -1.000000000000000000, 1.562159409406816673E-43, 1.804140726276253826E-29 ) ) ;
#3051 =( NAMED_UNIT ( * ) SI_UNIT ( $, .STERADIAN. ) SOLID_ANGLE_UNIT ( ) );
#3052 =( GEOMETRIC_REPRESENTATION_CONTEXT ( 3 ) GLOBAL_UNCERTAINTY_ASSIGNED_CONTEXT ( ( #248 ) ) GLOBAL_UNIT_ASSIGNED_CONTEXT ( ( #1446, #12, #1924 ) ) REPRESENTATION_CONTEXT ( 'NONE', 'WORKASPACE' ) );
#3053 =( NAMED_UNIT ( * ) SI_UNIT ( $, .STERADIAN. ) SOLID_ANGLE_UNIT ( ) );
#3054 = FILL_AREA_STYLE ('',( #1901 ) ) ;
#3055 = LINE ( 'NONE', #2287, #1184 ) ;
ENDSEC;
END-ISO-10303-21;
